Unity Editor version:    6000.5.8f1 (5cb7df797b7d)
Branch:                  6000.5/staging
Build type:              Release
Batch mode:              YES
macOS version:           Version 27.0 (Build 26A428)
Darwin version:          27.0.0
Architecture:            arm64
Running under Rosetta:   NO
Available memory:        65536 MB
Date:                    2026-10-04T12:07:55Z
[Licensing::Module] Trying to connect to existing licensing client channel...
[Licensing::IpcConnector] Successfully connected to: "LicenseClient-philipp" at "2026-10-04T12:07:55.192492Z"
Launching external process: /Applications/Unity/Hub/Editor/6000.5.8f1/Unity.app/Contents/Helpers/PackageManager/Server/UnityPackageManager

COMMAND LINE ARGUMENTS:
/Applications/Unity/Hub/Editor/6000.5.8f1/Unity.app/Contents/MacOS/Unity
-batchmode
-projectPath
/Users/philipp/Projects/3DTD/3DTD/3DTD
-executeMethod
PerfBenchmark.Run
-perfSuite
T-BulletDispenser-1x
-perfLegacyBullets
1
-logFile
tasks/perf/logs/legacyhits.log
Successfully changed project path to: /Users/philipp/Projects/3DTD/3DTD/3DTD
/Users/philipp/Projects/3DTD/3DTD/3DTD
[UnityMemory] Configuration Parameters - Can be set up in boot.config
    "memorysetup-temp-allocator-size-gi-baking-worker=262144"
    "memorysetup-temp-allocator-size-gi-baking-worker=262144"
    "memorysetup-temp-allocator-size-gi-baking-worker=262144"
    "memorysetup-temp-allocator-size-gi-baking-worker=262144"
    "memorysetup-temp-allocator-size-gi-baking-worker=262144"
    "memorysetup-temp-allocator-size-nav-mesh-worker=65536"
    "memorysetup-temp-allocator-size-audio-worker=65536"
    "memorysetup-temp-allocator-size-cloud-worker=32768"
    "memorysetup-allocator-temp-initial-block-size-main=262144"
    "memorysetup-allocator-temp-initial-block-size-worker=262144"
    "memorysetup-temp-allocator-size-preload-manager=33554432"
    "memorysetup-temp-allocator-size-gfx=262144"
    "memorysetup-temp-allocator-size-background-worker=32768"
    "memorysetup-temp-allocator-size-job-worker=262144"
    "memorysetup-bucket-allocator-granularity=16"
    "memorysetup-bucket-allocator-bucket-count=8"
    "memorysetup-bucket-allocator-block-size=33554432"
    "memorysetup-bucket-allocator-block-count=8"
    "memorysetup-main-allocator-block-size=16777216"
    "memorysetup-thread-allocator-block-size=16777216"
    "memorysetup-main-allocator-mimalloc-enabled=0"
    "memorysetup-gfx-main-allocator-block-size=16777216"
    "memorysetup-gfx-thread-allocator-block-size=16777216"
    "memorysetup-cache-allocator-block-size=4194304"
    "memorysetup-typetree-allocator-block-size=2097152"
    "memorysetup-profiler-bucket-allocator-granularity=16"
    "memorysetup-profiler-bucket-allocator-bucket-count=8"
    "memorysetup-profiler-bucket-allocator-block-size=33554432"
    "memorysetup-profiler-bucket-allocator-block-count=8"
    "memorysetup-profiler-allocator-block-size=16777216"
    "memorysetup-profiler-editor-allocator-block-size=1048576"
    "memorysetup-temp-allocator-size-main=16777216"
    "memorysetup-job-temp-allocator-block-size=2097152"
    "memorysetup-job-temp-allocator-block-size-background=1048576"
    "memorysetup-job-temp-allocator-reduction-small-platforms=262144"
Logging is directed to a specific file, skipping project log.Player connection [8171323264]  Target information:

Player connection [8171323264]  * "[IP] 192.168.178.132 [Port] 55504 [Flags] 2 [Guid] 3697065063 [EditorId] 3697065063 [Version] 1048832 [Id] OSXEditor(0,Philipps-Mac-LAN.fritz.box) [Debug] 1 [PackageName] OSXEditor [ProjectName] Editor" 

Player connection [8171323264]  * "[IP] 192.168.178.133 [Port] 55504 [Flags] 2 [Guid] 3697065063 [EditorId] 3697065063 [Version] 1048832 [Id] OSXEditor(0,Philipps-Mac-LAN.fritz.box) [Debug] 1 [PackageName] OSXEditor [ProjectName] Editor" 

Player connection [8171323264]  * "[IP] 192.168.139.3 [Port] 55504 [Flags] 2 [Guid] 3697065063 [EditorId] 3697065063 [Version] 1048832 [Id] OSXEditor(0,Philipps-Mac-LAN.fritz.box) [Debug] 1 [PackageName] OSXEditor [ProjectName] Editor" 

Player connection [8171323264]  * "[IP] 192.168.215.0 [Port] 55504 [Flags] 2 [Guid] 3697065063 [EditorId] 3697065063 [Version] 1048832 [Id] OSXEditor(0,Philipps-Mac-LAN.fritz.box) [Debug] 1 [PackageName] OSXEditor [ProjectName] Editor" 

Player connection [8171323264]  * "[IP] 192.168.97.0 [Port] 55504 [Flags] 2 [Guid] 3697065063 [EditorId] 3697065063 [Version] 1048832 [Id] OSXEditor(0,Philipps-Mac-LAN.fritz.box) [Debug] 1 [PackageName] OSXEditor [ProjectName] Editor" 

Player connection [8171323264] Host joined multi-casting on [225.0.0.222:54997]...
Player connection [8171323264] Host joined alternative multi-casting on [225.0.0.222:34997]...
Input System module state changed to: Initialized.
[Physics::Module] Initialized fallback backend.
[Physics::Module] Id: 0xdecafbad
[Package Manager] Connected to IPC stream "Upm-40998" after 0.1 seconds.
[Licensing::Module] Licensing is not yet initialized.
[Licensing::Client] Handshaking with LicensingClient:
  Version:                 1.18.3+d7ffd15
  Session Id:              dcc8f1e0157c4308bbdd4f5eb2ea4d58
  Correlation Id:          910c49780be0d37de9010221086ac5fe
  External correlation Id: 2769600921306655366
  Machine Id:              RvZ12cVBd6PoVZKbkiBOwYmsOqI=
[Licensing::Module] Successfully connected to LicensingClient on channel: "LicenseClient-philipp" (connect: 0.00s, validation: 0.00s, handshake: 0.28s)
[Licensing::IpcConnector] Successfully connected to: "LicenseClient-philipp-notifications" at "2026-10-04T12:07:55.472846Z"
[Licensing::Module] Error: Access token is unavailable; failed to update
[Licensing::Client] Successfully resolved entitlement details
[Licensing::Module] License group:
  Id: F4-E4SU-4NGG-F7VJ-4QU2-XXXX
  Product: Unity Personal
  Type: ULF
  Expiration: Unlimited
[Licensing::Module] License group:
  Id: 9071000562088-UnityPersXXXX
  Product: Unity Personal
  Type: Assigned
  Expiration: Unlimited
[Licensing::Client] Successfully updated license, isAsync: True, time: 0.00
[Licensing::Client] Successfully resolved entitlement details
[Licensing::Module] License group:
  Id: F4-E4SU-4NGG-F7VJ-4QU2-XXXX
  Product: Unity Personal
  Type: ULF
  Expiration: Unlimited
[Licensing::Module] License group:
  Id: 9071000562088-UnityPersXXXX
  Product: Unity Personal
  Type: Assigned
  Expiration: Unlimited
[Licensing::Module] Licensing Background thread has ended after 0.29s
[Licensing::Module] Licensing is initialized (took 0.06s).
[Licensing::Client] Successfully resolved entitlement details
[Licensing::Module] License group:
  Id: F4-E4SU-4NGG-F7VJ-4QU2-XXXX
  Product: Unity Personal
  Type: ULF
  Expiration: Unlimited
[Licensing::Module] License group:
  Id: 9071000562088-UnityPersXXXX
  Product: Unity Personal
  Type: Assigned
  Expiration: Unlimited
Library Redirect Path: Library/
[Physics::Module] Selected backend.
[Physics::Module] Name: PhysX
[Physics::Module] Id: 0xf2b8ea05
[Physics::Module] SDK Version: 4.1.2
[Physics::Module] Integration Version: 1.0.0
[Physics::Module] Threading Mode: Multi-Threaded
Initialize engine version: 6000.5.8f1 (5cb7df797b7d)
[Subsystems] Discovering subsystems at path /Applications/Unity/Hub/Editor/6000.5.8f1/Unity.app/Contents/Resources/UnitySubsystems
[Subsystems] Discovering subsystems at path /Users/philipp/Projects/3DTD/3DTD/3DTD/Assets
GfxDevice: creating device client; kGfxThreadingModeNonThreaded
 preferred device: Apple M4 Pro (high power)
Metal devices available: 1
0: Apple M4 Pro (high power)
Using device Apple M4 Pro (high power)
Initializing Metal device caps: Apple M4 Pro
Mac GPU Family: 2
Apple GPU Family: 9
MSL Version: 3.0
Has Float MSAA: 1
Has Float Filtering: 1
ReadWrite Texture Tier: 2
Initialize mono
Mono path[0] = '/Applications/Unity/Hub/Editor/6000.5.8f1/Unity.app/Contents/Resources/Scripting/Managed'
Mono path[1] = '/Applications/Unity/Hub/Editor/6000.5.8f1/Unity.app/Contents/Resources/Scripting/BCLExtensions/runtime/netstandard2.1'
Mono path[2] = '/Applications/Unity/Hub/Editor/6000.5.8f1/Unity.app/Contents/Resources/Scripting/MonoBleedingEdge/lib/mono/unityjit-macos'
Mono config path = '/Applications/Unity/Hub/Editor/6000.5.8f1/Unity.app/Contents/Resources/Scripting/MonoBleedingEdge/etc'
Using monoOptions --debugger-agent=transport=dt_socket,embedding=1,server=y,suspend=n,address=127.0.0.1:56998
CodeReloadManager initialized
ImportWorker Server TCP listen port: 0
AcceleratorClientConnectionCallback - disconnected - :0
Begin MonoManager ReloadAssembly
Registering precompiled unity dll's ...
Register platform support module: /Applications/Unity/Hub/Editor/6000.5.8f1/PlaybackEngines/WebGLSupport/UnityEditor.WebGL.Extensions.dll
Register platform support module: /Applications/Unity/Hub/Editor/6000.5.8f1/PlaybackEngines/MacStandaloneSupport/UnityEditor.OSXStandalone.Extensions.dll
Register platform support module: /Applications/Unity/Hub/Editor/6000.5.8f1/PlaybackEngines/WindowsStandaloneSupport/UnityEditor.WindowsStandalone.Extensions.dll
[Licensing::Client] Successfully resolved entitlement details
[Licensing::Module] License group:
  Id: F4-E4SU-4NGG-F7VJ-4QU2-XXXX
  Product: Unity Personal
  Type: ULF
  Expiration: Unlimited
[Licensing::Module] License group:
  Id: 9071000562088-UnityPersXXXX
  Product: Unity Personal
  Type: Assigned
  Expiration: Unlimited
Register platform support module: /Applications/Unity/Hub/Editor/6000.5.8f1/PlaybackEngines/AndroidPlayer/UnityEditor.Android.Extensions.dll
[Licensing::Client] Successfully resolved entitlement details
[Licensing::Module] License group:
  Id: F4-E4SU-4NGG-F7VJ-4QU2-XXXX
  Product: Unity Personal
  Type: ULF
  Expiration: Unlimited
[Licensing::Module] License group:
  Id: 9071000562088-UnityPersXXXX
  Product: Unity Personal
  Type: Assigned
  Expiration: Unlimited
Register platform support module: /Applications/Unity/Hub/Editor/6000.5.8f1/PlaybackEngines/iOSSupport/UnityEditor.iOS.Extensions.dll
Register platform support module: /Applications/Unity/Hub/Editor/6000.5.8f1/PlaybackEngines/LinuxStandaloneSupport/UnityEditor.LinuxStandalone.Extensions.dll
Registered in 0.003388 seconds.
Native extension for LinuxStandalone target not found
[usbmuxd] Start listen thread
[usbmuxd] Listen thread started
[usbmuxd] Send listen message
Native extension for iOS target not found
Native extension for Android target not found
Native extension for WindowsStandalone target not found
Native extension for OSXStandalone target not found
Native extension for WebGL target not found
Package Manager log level set to [2]
[Licensing::Client] Successfully resolved entitlement details
ScheduleIndexationOnStartup MainProcess:False IndexOnStartup:True
Mono: successfully reloaded assembly
- Finished resetting the current domain, in  1.665 seconds
Domain Reload Profiling: 1919ms
	BeginReloadAssembly (51ms)
		CreateAndSetChildDomain (7ms)
	RebuildNativeTypeToScriptingClass (9ms)
	initialDomainReloadingComplete (30ms)
	LoadAllAssembliesAndSetupDomain (160ms)
		LoadAssemblies (45ms)
		AnalyzeDomain (118ms)
			TypeCache.Refresh (117ms)
				TypeCache.ScanAssembly (108ms)
	FinalizeReload (1666ms)
		SetupLoadedEditorAssemblies (0ms)
			InitializePlatformSupportModulesInManaged (42ms)
			BeforeProcessingInitializeOnLoad (47ms)
			ProcessInitializeOnLoadAttributes (54ms)
			ProcessInitializeOnLoadMethodAttributes (1484ms)
[Licensing::Client] Successfully resolved entitlement details
[Licensing::Module] License group:
  Id: F4-E4SU-4NGG-F7VJ-4QU2-XXXX
  Product: Unity Personal
  Type: ULF
  Expiration: Unlimited
[Licensing::Module] License group:
  Id: 9071000562088-UnityPersXXXX
  Product: Unity Personal
  Type: Assigned
  Expiration: Unlimited
Application.AssetDatabase Initial Refresh Start
[Package Manager] Restoring resolved packages state from cache
[Licensing::Client] Successfully resolved entitlement details
[Package Manager] Registered 59 packages:
  Packages from [https://packages.unity.com]:
    com.unity.ai.navigation@2.0.14 (location: /Users/philipp/Projects/3DTD/3DTD/3DTD/Library/PackageCache/com.unity.ai.navigation@134dd6a3b97b)
    com.unity.burst@1.8.30 (location: /Users/philipp/Projects/3DTD/3DTD/3DTD/Library/PackageCache/com.unity.burst@2f3d916873ea)
    com.unity.collab-proxy@2.13.5 (location: /Users/philipp/Projects/3DTD/3DTD/3DTD/Library/PackageCache/com.unity.collab-proxy@120d77864ebc)
    com.unity.ide.rider@3.0.38 (location: /Users/philipp/Projects/3DTD/3DTD/3DTD/Library/PackageCache/com.unity.ide.rider@1f60b3138684)
    com.unity.ide.visualstudio@2.0.26 (location: /Users/philipp/Projects/3DTD/3DTD/3DTD/Library/PackageCache/com.unity.ide.visualstudio@a99d56dec63f)
    com.unity.nuget.newtonsoft-json@3.2.2 (location: /Users/philipp/Projects/3DTD/3DTD/3DTD/Library/PackageCache/com.unity.nuget.newtonsoft-json@4dfd81071c64)
    com.unity.timeline@1.8.12 (location: /Users/philipp/Projects/3DTD/3DTD/3DTD/Library/PackageCache/com.unity.timeline@8cd8509afae5)
    com.unity.searcher@4.9.5 (location: /Users/philipp/Projects/3DTD/3DTD/3DTD/Library/PackageCache/com.unity.searcher@a463122f2c00)
    com.unity.nuget.mono-cecil@1.11.6 (location: /Users/philipp/Projects/3DTD/3DTD/3DTD/Library/PackageCache/com.unity.nuget.mono-cecil@ecb9724e46ff)
    com.unity.test-framework.performance@3.5.0 (location: /Users/philipp/Projects/3DTD/3DTD/3DTD/Library/PackageCache/com.unity.test-framework.performance@8b56083ec0f0)
  Built-in packages:
    com.unity.2d.sprite@1.0.0 (location: /Users/philipp/Projects/3DTD/3DTD/3DTD/Library/PackageCache/com.unity.2d.sprite@053a968eab56)
    com.unity.multiplayer.center@1.0.1 (location: /Users/philipp/Projects/3DTD/3DTD/3DTD/Library/PackageCache/com.unity.multiplayer.center@b860850997d0)
    com.unity.render-pipelines.universal@17.5.0 (location: /Users/philipp/Projects/3DTD/3DTD/3DTD/Library/PackageCache/com.unity.render-pipelines.universal@73b4c4ff130e)
    com.unity.test-framework@1.7.0 (location: /Users/philipp/Projects/3DTD/3DTD/3DTD/Library/PackageCache/com.unity.test-framework@1405238725ab)
    com.unity.ugui@2.5.0 (location: /Users/philipp/Projects/3DTD/3DTD/3DTD/Library/PackageCache/com.unity.ugui@1c4864518158)
    com.unity.visualeffectgraph@17.5.0 (location: /Users/philipp/Projects/3DTD/3DTD/3DTD/Library/PackageCache/com.unity.visualeffectgraph@b1f03b147b92)
    com.unity.modules.accessibility@1.0.0 (location: /Users/philipp/Projects/3DTD/3DTD/3DTD/Library/PackageCache/com.unity.modules.accessibility)
    com.unity.modules.adaptiveperformance@1.0.0 (location: /Users/philipp/Projects/3DTD/3DTD/3DTD/Library/PackageCache/com.unity.modules.adaptiveperformance)
    com.unity.modules.ai@1.0.0 (location: /Users/philipp/Projects/3DTD/3DTD/3DTD/Library/PackageCache/com.unity.modules.ai)
    com.unity.modules.androidjni@1.0.0 (location: /Users/philipp/Projects/3DTD/3DTD/3DTD/Library/PackageCache/com.unity.modules.androidjni)
    com.unity.modules.animation@1.0.0 (location: /Users/philipp/Projects/3DTD/3DTD/3DTD/Library/PackageCache/com.unity.modules.animation)
    com.unity.modules.assetbundle@1.0.0 (location: /Users/philipp/Projects/3DTD/3DTD/3DTD/Library/PackageCache/com.unity.modules.assetbundle)
    com.unity.modules.audio@1.0.0 (location: /Users/philipp/Projects/3DTD/3DTD/3DTD/Library/PackageCache/com.unity.modules.audio)
    com.unity.modules.cloth@1.0.0 (location: /Users/philipp/Projects/3DTD/3DTD/3DTD/Library/PackageCache/com.unity.modules.cloth)
    com.unity.modules.director@1.0.0 (location: /Users/philipp/Projects/3DTD/3DTD/3DTD/Library/PackageCache/com.unity.modules.director)
    com.unity.modules.imageconversion@1.0.0 (location: /Users/philipp/Projects/3DTD/3DTD/3DTD/Library/PackageCache/com.unity.modules.imageconversion)
    com.unity.modules.imgui@1.0.0 (location: /Users/philipp/Projects/3DTD/3DTD/3DTD/Library/PackageCache/com.unity.modules.imgui)
    com.unity.modules.jsonserialize@1.0.0 (location: /Users/philipp/Projects/3DTD/3DTD/3DTD/Library/PackageCache/com.unity.modules.jsonserialize)
    com.unity.modules.particlesystem@1.0.0 (location: /Users/philipp/Projects/3DTD/3DTD/3DTD/Library/PackageCache/com.unity.modules.particlesystem)
    com.unity.modules.physics@1.0.0 (location: /Users/philipp/Projects/3DTD/3DTD/3DTD/Library/PackageCache/com.unity.modules.physics)
    com.unity.modules.physics2d@1.0.0 (location: /Users/philipp/Projects/3DTD/3DTD/3DTD/Library/PackageCache/com.unity.modules.physics2d)
    com.unity.modules.physicscore2d@1.0.0 (location: /Users/philipp/Projects/3DTD/3DTD/3DTD/Library/PackageCache/com.unity.modules.physicscore2d)
    com.unity.modules.screencapture@1.0.0 (location: /Users/philipp/Projects/3DTD/3DTD/3DTD/Library/PackageCache/com.unity.modules.screencapture)
    com.unity.modules.terrain@1.0.0 (location: /Users/philipp/Projects/3DTD/3DTD/3DTD/Library/PackageCache/com.unity.modules.terrain)
    com.unity.modules.terrainphysics@1.0.0 (location: /Users/philipp/Projects/3DTD/3DTD/3DTD/Library/PackageCache/com.unity.modules.terrainphysics)
    com.unity.modules.tilemap@1.0.0 (location: /Users/philipp/Projects/3DTD/3DTD/3DTD/Library/PackageCache/com.unity.modules.tilemap)
    com.unity.modules.ui@1.0.0 (location: /Users/philipp/Projects/3DTD/3DTD/3DTD/Library/PackageCache/com.unity.modules.ui)
    com.unity.modules.uielements@1.0.0 (location: /Users/philipp/Projects/3DTD/3DTD/3DTD/Library/PackageCache/com.unity.modules.uielements)
    com.unity.modules.umbra@1.0.0 (location: /Users/philipp/Projects/3DTD/3DTD/3DTD/Library/PackageCache/com.unity.modules.umbra)
    com.unity.modules.unityanalytics@1.0.0 (location: /Users/philipp/Projects/3DTD/3DTD/3DTD/Library/PackageCache/com.unity.modules.unityanalytics)
    com.unity.modules.unitywebrequest@1.0.0 (location: /Users/philipp/Projects/3DTD/3DTD/3DTD/Library/PackageCache/com.unity.modules.unitywebrequest)
    com.unity.modules.unitywebrequestassetbundle@1.0.0 (location: /Users/philipp/Projects/3DTD/3DTD/3DTD/Library/PackageCache/com.unity.modules.unitywebrequestassetbundle)
    com.unity.modules.unitywebrequestaudio@1.0.0 (location: /Users/philipp/Projects/3DTD/3DTD/3DTD/Library/PackageCache/com.unity.modules.unitywebrequestaudio)
    com.unity.modules.unitywebrequesttexture@1.0.0 (location: /Users/philipp/Projects/3DTD/3DTD/3DTD/Library/PackageCache/com.unity.modules.unitywebrequesttexture)
    com.unity.modules.unitywebrequestwww@1.0.0 (location: /Users/philipp/Projects/3DTD/3DTD/3DTD/Library/PackageCache/com.unity.modules.unitywebrequestwww)
    com.unity.modules.vectorgraphics@1.0.0 (location: /Users/philipp/Projects/3DTD/3DTD/3DTD/Library/PackageCache/com.unity.modules.vectorgraphics)
    com.unity.modules.vehicles@1.0.0 (location: /Users/philipp/Projects/3DTD/3DTD/3DTD/Library/PackageCache/com.unity.modules.vehicles)
    com.unity.modules.video@1.0.0 (location: /Users/philipp/Projects/3DTD/3DTD/3DTD/Library/PackageCache/com.unity.modules.video)
    com.unity.modules.wind@1.0.0 (location: /Users/philipp/Projects/3DTD/3DTD/3DTD/Library/PackageCache/com.unity.modules.wind)
    com.unity.modules.xr@1.0.0 (location: /Users/philipp/Projects/3DTD/3DTD/3DTD/Library/PackageCache/com.unity.modules.xr)
    com.unity.modules.subsystems@1.0.0 (location: /Users/philipp/Projects/3DTD/3DTD/3DTD/Library/PackageCache/com.unity.modules.subsystems)
    com.unity.modules.hierarchycore@1.0.0 (location: /Users/philipp/Projects/3DTD/3DTD/3DTD/Library/PackageCache/com.unity.modules.hierarchycore)
    com.unity.shadergraph@17.5.0 (location: /Users/philipp/Projects/3DTD/3DTD/3DTD/Library/PackageCache/com.unity.shadergraph@8d7376ec43ee)
    com.unity.render-pipelines.core@17.5.0 (location: /Users/philipp/Projects/3DTD/3DTD/3DTD/Library/PackageCache/com.unity.render-pipelines.core@a4c9a9793789)
    com.unity.ext.nunit@2.1.0 (location: /Users/philipp/Projects/3DTD/3DTD/3DTD/Library/PackageCache/com.unity.ext.nunit@44f7d31723bd)
    com.unity.render-pipelines.universal-config@17.5.0 (location: /Users/philipp/Projects/3DTD/3DTD/3DTD/Library/PackageCache/com.unity.render-pipelines.universal-config@fdda01c80fe3)
    com.unity.collections@6.5.0 (location: /Users/philipp/Projects/3DTD/3DTD/3DTD/Library/PackageCache/com.unity.collections@ec2c217e4cb2)
    com.unity.mathematics@1.4.0 (location: /Users/philipp/Projects/3DTD/3DTD/3DTD/Library/PackageCache/com.unity.mathematics@981956d94fb6)
  Git packages:
    com.unify.unified-universal-blur@https://github.com/lukakldiashvili/Unified-Universal-Blur.git#0.9.0 (location: /Users/philipp/Projects/3DTD/3DTD/3DTD/Library/PackageCache/com.unify.unified-universal-blur@6a18634d9a56)
[Subsystems] No new subsystems found in resolved package list.
[Package Manager] Done registering packages in 0.01 seconds
[ScriptCompilation] Requested script compilation because: AssetDatabase observed changes in script compilation related files
info: Microsoft.Hosting.Lifetime[14]
      Now listening on: http://unix:/tmp/ilpp.sock-abe43804ae87d25423edb61801c047fd
info: Microsoft.Hosting.Lifetime[0]
      Application started. Press Ctrl+C to shut down.
info: Microsoft.Hosting.Lifetime[0]
      Hosting environment: Production
info: Microsoft.Hosting.Lifetime[0]
      Content root path: /Users/philipp/Projects/3DTD/3DTD/3DTD
info: Microsoft.AspNetCore.Hosting.Diagnostics[1]
      Request starting HTTP/2 POST http://ilpp/UnityILPP.PostProcessing/Ping - application/grpc -
info: Microsoft.AspNetCore.Routing.EndpointMiddleware[0]
      Executing endpoint 'gRPC - /UnityILPP.PostProcessing/Ping'
info: Microsoft.AspNetCore.Routing.EndpointMiddleware[1]
      Executed endpoint 'gRPC - /UnityILPP.PostProcessing/Ping'
info: Microsoft.AspNetCore.Hosting.Diagnostics[2]
      Request finished HTTP/2 POST http://ilpp/UnityILPP.PostProcessing/Ping - 200 - application/grpc 15.8197ms
Starting: /Applications/Unity/Hub/Editor/6000.5.8f1/Unity.app/Contents/Resources/BuildPipeline/bee_backend --ipc --defer-dag-verification --dagfile="Library/Bee/200b0aE.dag" --continue-on-failure --profile="Library/Bee/backend1.traceevents" ScriptAssemblies
WorkingDir: /Users/philipp/Projects/3DTD/3DTD/3DTD
DisplayProgressbar: Compiling Scripts
info: Microsoft.AspNetCore.Hosting.Diagnostics[1]
      Request starting HTTP/2 POST http://ilpp/UnityILPP.PostProcessing/ConfigurePostProcessors - application/grpc -
info: Microsoft.AspNetCore.Routing.EndpointMiddleware[0]
      Executing endpoint 'gRPC - /UnityILPP.PostProcessing/ConfigurePostProcessors'
warn: Unity.ILPP.Runner.PostProcessingAssemblyLoadContext[0]
      Assembly unityeditor.ios.extensions.xcode has duplicate hint path. Ignoring "/Applications/Unity/Hub/Editor/6000.5.8f1/PlaybackEngines/iOSSupport/UnityEditor.iOS.Extensions.Xcode.dll" in favor of "/Applications/Unity/Hub/Editor/6000.5.8f1/PlaybackEngines/MacStandaloneSupport/UnityEditor.iOS.Extensions.Xcode.dll"
info: Unity.ILPP.Runner.PostProcessingAssemblyLoadContext[0]
      Resolved Unity.Burst.Cecil, Version=0.11.6.0, Culture=neutral, PublicKeyToken=50cebf1cceb9d05e with Library/PackageCache/com.unity.burst@2f3d916873ea/Unity.Burst.CodeGen/Unity.Burst.Cecil.dll
info: Unity.ILPP.Runner.PostProcessingAssemblyLoadContext[0]
      Resolved Mono.Cecil, Version=0.11.5.0, Culture=neutral, PublicKeyToken=50cebf1cceb9d05e with Library/PackageCache/com.unity.nuget.mono-cecil@ecb9724e46ff/Mono.Cecil.dll
info: Microsoft.AspNetCore.Routing.EndpointMiddleware[1]
      Executed endpoint 'gRPC - /UnityILPP.PostProcessing/ConfigurePostProcessors'
info: Microsoft.AspNetCore.Hosting.Diagnostics[2]
      Request finished HTTP/2 POST http://ilpp/UnityILPP.PostProcessing/ConfigurePostProcessors - 200 - application/grpc 14.8407ms
info: Microsoft.AspNetCore.Hosting.Diagnostics[1]
      Request starting HTTP/2 POST http://ilpp/UnityILPP.PostProcessing/PostProcessAssembly - application/grpc -
info: Microsoft.AspNetCore.Routing.EndpointMiddleware[0]
      Executing endpoint 'gRPC - /UnityILPP.PostProcessing/PostProcessAssembly'
info: Unity.ILPP.Runner.PostProcessingPipeline[0]
      Processing assembly Library/Bee/artifacts/200b0aE.dag/Assembly-CSharp.dll, with 134 defines and 343 references
info: Unity.ILPP.Runner.PostProcessingPipeline[0]
      processors: Unity.Jobs.CodeGen.JobsILPostProcessor, zzzUnity.Burst.CodeGen.BurstILPostProcessor
info: Unity.ILPP.Runner.PostProcessingPipeline[0]
      running Unity.Jobs.CodeGen.JobsILPostProcessor
info: Unity.ILPP.Runner.PostProcessingAssemblyLoadContext[0]
      Resolved Unity.Collections, Version=0.0.0.0, Culture=neutral, PublicKeyToken=null with Library/Bee/artifacts/200b0aE.dag/Unity.Collections.dll
info: Unity.ILPP.Runner.PostProcessingAssemblyLoadContext[0]
      Resolved UnityEditor.CoreModule, Version=0.0.0.0, Culture=neutral, PublicKeyToken=null with /Applications/Unity/Hub/Editor/6000.5.8f1/Unity.app/Contents/Resources/Scripting/Managed/UnityEngine/UnityEditor.CoreModule.dll
info: Unity.ILPP.Runner.PostProcessingAssemblyLoadContext[0]
      Resolved UnityEngine.CoreModule, Version=0.0.0.0, Culture=neutral, PublicKeyToken=null with /Applications/Unity/Hub/Editor/6000.5.8f1/Unity.app/Contents/Resources/Scripting/Managed/UnityEngine/UnityEngine.CoreModule.dll
info: Unity.ILPP.Runner.PostProcessingAssemblyLoadContext[0]
      Resolved Unity.Scripting, Version=0.0.0.0, Culture=neutral, PublicKeyToken=null with /Applications/Unity/Hub/Editor/6000.5.8f1/Unity.app/Contents/Resources/Scripting/Managed/UnityEngine/Unity.Scripting.dll
info: Unity.ILPP.Runner.PostProcessingAssemblyLoadContext[0]
      Resolved Mono.Cecil.Rocks, Version=0.11.5.0, Culture=neutral, PublicKeyToken=50cebf1cceb9d05e with Library/PackageCache/com.unity.nuget.mono-cecil@ecb9724e46ff/Mono.Cecil.Rocks.dll
info: Unity.ILPP.Runner.PostProcessingPipeline[0]
      running zzzUnity.Burst.CodeGen.BurstILPostProcessor
info: Microsoft.AspNetCore.Hosting.Diagnostics[1]
      Request starting HTTP/2 POST http://ilpp/UnityILPP.PostProcessing/PostProcessAssembly - application/grpc -
info: Microsoft.AspNetCore.Routing.EndpointMiddleware[0]
      Executing endpoint 'gRPC - /UnityILPP.PostProcessing/PostProcessAssembly'
info: Unity.ILPP.Runner.PostProcessingPipeline[0]
      Processing assembly Library/Bee/artifacts/200b0aE.dag/Assembly-CSharp-Editor.dll, with 135 defines and 365 references
info: Unity.ILPP.Runner.PostProcessingPipeline[0]
      processors: Unity.Jobs.CodeGen.JobsILPostProcessor, zzzUnity.Burst.CodeGen.BurstILPostProcessor
info: Unity.ILPP.Runner.PostProcessingPipeline[0]
      running Unity.Jobs.CodeGen.JobsILPostProcessor
info: Unity.ILPP.Runner.PostProcessingPipeline[0]
      running zzzUnity.Burst.CodeGen.BurstILPostProcessor
info: Unity.ILPP.Runner.PostProcessingAssemblyLoadContext[0]
      Resolved Unity.Burst.Cecil.Rocks, Version=0.11.6.0, Culture=neutral, PublicKeyToken=50cebf1cceb9d05e with Library/PackageCache/com.unity.burst@2f3d916873ea/Unity.Burst.CodeGen/Unity.Burst.Cecil.Rocks.dll
info: Microsoft.AspNetCore.Routing.EndpointMiddleware[1]
      Executed endpoint 'gRPC - /UnityILPP.PostProcessing/PostProcessAssembly'
info: Microsoft.AspNetCore.Routing.EndpointMiddleware[1]
      Executed endpoint 'gRPC - /UnityILPP.PostProcessing/PostProcessAssembly'
info: Microsoft.AspNetCore.Hosting.Diagnostics[2]
      Request finished HTTP/2 POST http://ilpp/UnityILPP.PostProcessing/PostProcessAssembly - 200 - application/grpc 82.4369ms
info: Microsoft.AspNetCore.Hosting.Diagnostics[2]
      Request finished HTTP/2 POST http://ilpp/UnityILPP.PostProcessing/PostProcessAssembly - 200 - application/grpc 428.8502ms
ExitCode: 0 Duration: 2s583ms
[625/805    0s] ILPP-Configuration Library/ilpp-configuration.nevergeneratedoutput
[797/805    1s] Csc Library/Bee/artifacts/200b0aE.dag/Assembly-CSharp.dll (+2 others)
Assets/Scripts/Tower/Targetter.cs(10,43): warning CS0109: The member 'Targetter.collider' does not hide an accessible member. The new keyword is not required.
Assets/Scripts/AnchorPoint.cs(33,26): warning CS0109: The member 'AnchorPoint.renderer' does not hide an accessible member. The new keyword is not required.
Assets/Modern UI Pack/Scripts/Window/WindowDragger.cs(24,42): warning CS0618: 'Object.FindObjectsOfType(Type)' is obsolete: 'Object.FindObjectsOfType has been deprecated. Use Object.FindObjectsByType instead which lets you decide whether you need the results sorted or not.  FindObjectsOfType sorts the results by InstanceID, but if you do not need this using FindObjectSortMode.None is considerably faster.'
Assets/Scripts/Entities/Tower.cs(24,32): warning CS0067: The event 'Tower.OnTowerDestroyed' is never used
Assets/Scripts/OrbitCamera.cs(33,8): warning CS0414: The field 'OrbitCamera.alignSmoothRange' is assigned but its value is never used
Assets/Scripts/ProjectileBomb.cs(16,36): warning CS0414: The field 'ProjectileBomb.clusterLifetime' is assigned but its value is never used
Assets/Scripts/ProjectileLaser.cs(7,18): warning CS0414: The field 'ProjectileLaser.shouldTargetAnother' is assigned but its value is never used
[798/805    0s] Csc Library/Bee/artifacts/200b0aE.dag/Assembly-CSharp-Editor.dll (+2 others)
Assets/Modern UI Pack/Editor/ContextMenu.cs(18,42): warning CS0618: 'Object.FindObjectsOfType(Type)' is obsolete: 'Object.FindObjectsOfType has been deprecated. Use Object.FindObjectsByType instead which lets you decide whether you need the results sorted or not.  FindObjectsOfType sorts the results by InstanceID, but if you do not need this using FindObjectSortMode.None is considerably faster.'
Assets/Modern UI Pack/Editor/ContextMenu.cs(36,38): warning CS0618: 'Object.FindObjectsOfType(Type)' is obsolete: 'Object.FindObjectsOfType has been deprecated. Use Object.FindObjectsByType instead which lets you decide whether you need the results sorted or not.  FindObjectsOfType sorts the results by InstanceID, but if you do not need this using FindObjectSortMode.None is considerably faster.'
Assets/Modern UI Pack/Editor/ContextMenu.cs(53,42): warning CS0618: 'Object.FindObjectsOfType(Type)' is obsolete: 'Object.FindObjectsOfType has been deprecated. Use Object.FindObjectsByType instead which lets you decide whether you need the results sorted or not.  FindObjectsOfType sorts the results by InstanceID, but if you do not need this using FindObjectSortMode.None is considerably faster.'
Assets/Modern UI Pack/Editor/ContextMenu.cs(71,38): warning CS0618: 'Object.FindObjectsOfType(Type)' is obsolete: 'Object.FindObjectsOfType has been deprecated. Use Object.FindObjectsByType instead which lets you decide whether you need the results sorted or not.  FindObjectsOfType sorts the results by InstanceID, but if you do not need this using FindObjectSortMode.None is considerably faster.'
[799/805    0s] ILPostProcess Library/Bee/artifacts/200b0aE.dag/post-processed/Assembly-CSharp-Editor.dll (+pdb)
Processing assembly Library/Bee/artifacts/200b0aE.dag/Assembly-CSharp-Editor.dll, with 135 defines and 365 references
processors: Unity.Jobs.CodeGen.JobsILPostProcessor, zzzUnity.Burst.CodeGen.BurstILPostProcessor
running Unity.Jobs.CodeGen.JobsILPostProcessor
running zzzUnity.Burst.CodeGen.BurstILPostProcessor
[800/805    0s] ILPostProcess Library/Bee/artifacts/200b0aE.dag/post-processed/Assembly-CSharp.dll (+pdb)
Processing assembly Library/Bee/artifacts/200b0aE.dag/Assembly-CSharp.dll, with 134 defines and 343 references
processors: Unity.Jobs.CodeGen.JobsILPostProcessor, zzzUnity.Burst.CodeGen.BurstILPostProcessor
running Unity.Jobs.CodeGen.JobsILPostProcessor
running zzzUnity.Burst.CodeGen.BurstILPostProcessor
[801/805    0s] CopyFiles Library/ScriptAssemblies/Assembly-CSharp-Editor.dll
[802/805    0s] CopyFiles Library/ScriptAssemblies/Assembly-CSharp.pdb
[803/805    0s] CopyFiles Library/ScriptAssemblies/Assembly-CSharp.dll
[804/805    0s] CopyFiles Library/ScriptAssemblies/Assembly-CSharp-Editor.pdb
*** Tundra build success (2.56 seconds), 9 items updated, 805 evaluated
Assets/Scripts/Tower/Targetter.cs(10,43): warning CS0109: The member 'Targetter.collider' does not hide an accessible member. The new keyword is not required.
Assets/Scripts/AnchorPoint.cs(33,26): warning CS0109: The member 'AnchorPoint.renderer' does not hide an accessible member. The new keyword is not required.
Assets/Modern UI Pack/Scripts/Window/WindowDragger.cs(24,42): warning CS0618: 'Object.FindObjectsOfType(Type)' is obsolete: 'Object.FindObjectsOfType has been deprecated. Use Object.FindObjectsByType instead which lets you decide whether you need the results sorted or not.  FindObjectsOfType sorts the results by InstanceID, but if you do not need this using FindObjectSortMode.None is considerably faster.'
Assets/Scripts/Entities/Tower.cs(24,32): warning CS0067: The event 'Tower.OnTowerDestroyed' is never used
Assets/Scripts/OrbitCamera.cs(33,8): warning CS0414: The field 'OrbitCamera.alignSmoothRange' is assigned but its value is never used
Assets/Scripts/ProjectileBomb.cs(16,36): warning CS0414: The field 'ProjectileBomb.clusterLifetime' is assigned but its value is never used
Assets/Scripts/ProjectileLaser.cs(7,18): warning CS0414: The field 'ProjectileLaser.shouldTargetAnother' is assigned but its value is never used
Assets/Modern UI Pack/Editor/ContextMenu.cs(18,42): warning CS0618: 'Object.FindObjectsOfType(Type)' is obsolete: 'Object.FindObjectsOfType has been deprecated. Use Object.FindObjectsByType instead which lets you decide whether you need the results sorted or not.  FindObjectsOfType sorts the results by InstanceID, but if you do not need this using FindObjectSortMode.None is considerably faster.'
Assets/Modern UI Pack/Editor/ContextMenu.cs(36,38): warning CS0618: 'Object.FindObjectsOfType(Type)' is obsolete: 'Object.FindObjectsOfType has been deprecated. Use Object.FindObjectsByType instead which lets you decide whether you need the results sorted or not.  FindObjectsOfType sorts the results by InstanceID, but if you do not need this using FindObjectSortMode.None is considerably faster.'
Assets/Modern UI Pack/Editor/ContextMenu.cs(53,42): warning CS0618: 'Object.FindObjectsOfType(Type)' is obsolete: 'Object.FindObjectsOfType has been deprecated. Use Object.FindObjectsByType instead which lets you decide whether you need the results sorted or not.  FindObjectsOfType sorts the results by InstanceID, but if you do not need this using FindObjectSortMode.None is considerably faster.'
Assets/Modern UI Pack/Editor/ContextMenu.cs(71,38): warning CS0618: 'Object.FindObjectsOfType(Type)' is obsolete: 'Object.FindObjectsOfType has been deprecated. Use Object.FindObjectsByType instead which lets you decide whether you need the results sorted or not.  FindObjectsOfType sorts the results by InstanceID, but if you do not need this using FindObjectSortMode.None is considerably faster.'
Assets/Modern UI Pack/Editor/ContextMenu.cs(36,38): warning CS0618: 'Object.FindObjectsOfType(Type)' is obsolete: 'Object.FindObjectsOfType has been deprecated. Use Object.FindObjectsByType instead which lets you decide whether you need the results sorted or not.  FindObjectsOfType sorts the results by InstanceID, but if you do not need this using FindObjectSortMode.None is considerably faster.'
Assets/Modern UI Pack/Editor/ContextMenu.cs(53,42): warning CS0618: 'Object.FindObjectsOfType(Type)' is obsolete: 'Object.FindObjectsOfType has been deprecated. Use Object.FindObjectsByType instead which lets you decide whether you need the results sorted or not.  FindObjectsOfType sorts the results by InstanceID, but if you do not need this using FindObjectSortMode.None is considerably faster.'
Assets/Modern UI Pack/Editor/ContextMenu.cs(71,38): warning CS0618: 'Object.FindObjectsOfType(Type)' is obsolete: 'Object.FindObjectsOfType has been deprecated. Use Object.FindObjectsByType instead which lets you decide whether you need the results sorted or not.  FindObjectsOfType sorts the results by InstanceID, but if you do not need this using FindObjectSortMode.None is considerably faster.'
Assets/Modern UI Pack/Scripts/Window/WindowDragger.cs(24,42): warning CS0618: 'Object.FindObjectsOfType(Type)' is obsolete: 'Object.FindObjectsOfType has been deprecated. Use Object.FindObjectsByType instead which lets you decide whether you need the results sorted or not.  FindObjectsOfType sorts the results by InstanceID, but if you do not need this using FindObjectSortMode.None is considerably faster.'
Assets/Scripts/Entities/Tower.cs(24,32): warning CS0067: The event 'Tower.OnTowerDestroyed' is never used
Assets/Scripts/OrbitCamera.cs(33,8): warning CS0414: The field 'OrbitCamera.alignSmoothRange' is assigned but its value is never used
Assets/Scripts/ProjectileBomb.cs(16,36): warning CS0414: The field 'ProjectileBomb.clusterLifetime' is assigned but its value is never used
Assets/Scripts/ProjectileLaser.cs(7,18): warning CS0414: The field 'ProjectileLaser.shouldTargetAnother' is assigned but its value is never used
AssetDatabase: script compilation time: 2.931587s
Total cache size 267357162
Total cache size after purge 267357162, took 00:00:00.1341152
Begin MonoManager ReloadAssembly
Symbol file LoadedFromMemory is not a mono symbol file
Native extension for LinuxStandalone target not found
Native extension for iOS target not found
Native extension for Android target not found
Native extension for WindowsStandalone target not found
Native extension for OSXStandalone target not found
Native extension for WebGL target not found
ScheduleIndexationOnStartup MainProcess:True IndexOnStartup:True
Mono: successfully reloaded assembly
- Finished resetting the current domain, in  1.863 seconds
Domain Reload Profiling: 2277ms
	BeginReloadAssembly (106ms)
		DisableScriptedObjects (11ms)
		CreateAndSetChildDomain (33ms)
	RebuildCommonClasses (5ms)
	RebuildNativeTypeToScriptingClass (8ms)
	initialDomainReloadingComplete (23ms)
	LoadAllAssembliesAndSetupDomain (271ms)
		LoadAssemblies (125ms)
		AnalyzeDomain (124ms)
			TypeCache.Refresh (96ms)
				TypeCache.ScanAssembly (86ms)
			BuildScriptInfoCaches (24ms)
			ResolveRequiredComponents (3ms)
	FinalizeReload (1864ms)
		SetupLoadedEditorAssemblies (0ms)
			InitializePlatformSupportModulesInManaged (11ms)
			BeforeProcessingInitializeOnLoad (44ms)
			ProcessInitializeOnLoadAttributes (1500ms)
			ProcessInitializeOnLoadMethodAttributes (99ms)
		AwakeInstancesAfterBackupRestoration (9ms)
Starting new worker id: 0 with log in /Users/philipp/Projects/3DTD/3DTD/3DTD/Logs/AssetImportWorkerHW0.log

Asset Pipeline Refresh (id=4c3f8ff57278c46fda41821b6f9473fd): Total: 6.592 seconds - Initiated by InitialRefreshV2(ForceSynchronousImport)
	(Values over 0.05ms)
	Summary:
		Imports: total=0 (actual=0, local cache=0, cache server=0)
		Asset DB Process Time: managed=0 ms, native=2789 ms
		Asset DB Callback time: managed=402 ms, native=14 ms
		Scripting: domain reloads=1, domain reload time=431 ms, compile time=2932 ms, other=22 ms
		Project Asset Count: scripts=1963, non-scripts=12974
		Asset File Changes: new=0, changed=3, moved=0, deleted=0
		Scan Filter Count: 1
	InvokePackagesCallback: 10.629ms
	ApplyChangesToAssetFolders: 0.185ms
	Scan: 550.357ms
	Collect global state as custom dependencies: 9.255ms
	OnSourceAssetsModified: 0.393ms
	CategorizeScriptCompilationAssets: 16.658ms
	ProcessAssetsWithTransientArtifactChanges: 45.608ms
	CategorizeAssets: 123.698ms
	CompileScripts: 2932.267ms
	ImportOutOfDateAssets: 1996.881ms (1879.448ms without children)
		UnloadImportedAssets: 1.087ms
		EnsureUptoDateAssetsAreRegisteredWithGuidPM: 1.203ms
		ImportSchedulerStart: 115.099ms
	PostProcessAllAssets: 403.223ms
		VCAutoAddAssetPostprocess 0.602ms
		XRBuildSystem.XRAssetImported 0.068ms
		MonoPostProcessAllAssets: 402.293ms
			AssetPostprocessor.OnPostprocessAllAssets 144.848ms
			BuilderAssetPostprocessor.OnPostprocessAllAssets 30.882ms
			StyleCatalogPostProcessor.OnPostprocessAllAssets 25.795ms
			EditModeScopePostprocessor.OnPostprocessAllAssets 17.279ms
			WindowAssetPostprocessingWatcher.OnPostprocessAllAssets 8.600ms
			UniversalRenderPipelineGlobalSettingsPostprocessor.OnPostprocessAllAssets 5.182ms
			SyncVS.PostprocessSyncProject 5.135ms
			UVCSAssetPostprocessor.OnPostprocessAllAssets 2.572ms
			SpriteSlicePostprocessor.OnPostprocessAllAssets 1.156ms
			SpeedTree9Postprocessor.OnPostprocessAllAssets 1.077ms
			ShaderGraphAssetPostProcessor.OnPostprocessAllAssets 0.857ms
			SampleDependencyImporterPostProcessor.OnPostprocessAllAssets 0.682ms
			VFXGraphPreprocessor.OnPostprocessAllAssets 0.673ms
			RetainedModeAssetPostprocessor.OnPostprocessAllAssets 0.653ms
			AssetChangedListener.OnPostprocessAllAssets 0.636ms
			ConfigAssetsTracker.OnPostprocessAllAssets 0.550ms
			ArtifactBrowserPostProcessor.OnPostprocessAllAssets 0.472ms
			MaterialPostprocessor.OnPostprocessAllAssets 0.431ms
			RenderPipelineGlobalSettingsPostprocessor.OnPostprocessAllAssets 0.296ms
			SpriteEditorTexturePostprocessor.OnPostprocessAllAssets 0.246ms
			AudioMixerPostprocessor.OnPostprocessAllAssets 0.208ms
			TMPro_TexturePostProcessor.OnPostprocessAllAssets 0.198ms
			ReferencedClipsPostProcessor.OnPostprocessAllAssets 0.178ms
			AssetDatabaseCallbacks.OnPostprocessAllAssets 0.173ms
			TextAssetPostProcessor.OnPostprocessAllAssets 0.150ms
			ShaderReflectionAssetPostProcessor.OnPostprocessAllAssets 0.143ms
			PostProcessor.OnPostprocessAllAssets 0.142ms
			AssetEvents.OnPostprocessAllAssets 0.138ms
			TerrainToolbarOverlayPostProcessor.OnPostprocessAllAssets 0.100ms
			SpeedTreePostProcessor.OnPostprocessAllAssets 0.089ms
			AssetReloadNotifier.OnPostprocessAllAssets 0.082ms
			ScenarioDriftAssetsTracker.OnPostprocessAllAssets 0.059ms
	PostAssetChangesProfiler: 3.426ms
	UnloadStreamsBegin: 0.955ms
	PersistCurrentRevisions: 0.346ms
	GenerateScriptTypeHashes: 3.404ms
	GenerateScriptTypeSerializationHashes: 5.004ms
	Untracked: 495.705ms

Application.AssetDatabase Initial Refresh End
Shader Hidden/ChartRasterizerHardware is not supported: GPU does not support conservative rasterization
Launching external process: /Applications/Unity/Hub/Editor/6000.5.8f1/Unity.app/Contents/Helpers/UnityShaderCompiler
Launched and connected shader compiler UnityShaderCompiler after 0.03 seconds
Shader Hidden/ChartRasterizerHardware is not supported: GPU does not support conservative rasterization
Scanning for USB devices : 0.250ms
Initializing Unity extensions:
[MODES] ModeService[none].Initialize
[MODES] ModeService[none].LoadModes
[MODES] Loading mode Default (0) for mode-current-id-3DTD
2026-10-04 14:08:04.992 Unity[40998:16636674] NSEventModifierFlagFunction specified to -setKeyEquivalentModifierMask: for item <NSMenuItem: 0x74c585eee0 SDF, ke='Command-F12'>, but is only supported for system-provided menu items; will not be used
Unloading 120 Unused Serialized files (Serialized files now loaded: 0)
Unloading 5679 unused Assets / (21.5 MB). Loaded Objects now: 6646.
Memory consumption went from 332.5 MB to 311.0 MB.
Total: 15.197333 ms (FindLiveObjects: 0.265167 ms CreateObjectMapping: 0.980042 ms MarkObjects: 5.223250 ms  DeleteObjects: 8.728417 ms)

Worker ready: AssetImportWorkerHW0 0
2026-10-04 14:08:05.062 Unity[40998:16636674] NSEventModifierFlagFunction specified to -setKeyEquivalentModifierMask: for item <NSMenuItem: 0x74c5859f40 SDF, ke='Command-F12'>, but is only supported for system-provided menu items; will not be used
[Project] Loading completed in 9.877 seconds
	Project init time: 				9.663 seconds
		Template init time: 		0.000 seconds
		Package Manager init time: 		0.171 seconds
		Asset Database init time: 		0.317 seconds
		Global illumination init time: 	0.001 seconds
		Assemblies load time: 			1.934 seconds
		Unity extensions init time: 	0.011 seconds
		Asset Database refresh time: 	6.592 seconds
	Scene opening time: 			0.121 seconds
##utp:{"type":"ProjectInfo","version":2,"phase":"Immediate","time":1791115685066,"processId":40998,"projectLoad":9.876857583,"projectInit":9.662954625,"templateInit":0.0,"packageManagerInit":0.171312083,"assetDatabaseInit":0.317034166,"globalIlluminationInit":0.000578875,"assembliesLoad":1.933590542,"unityExtensionsInit":0.01148075,"assetDatabaseRefresh":6.59208575,"sceneOpening":0.12127525}
##utp:{"type":"EditorInfo","version":2,"phase":"Immediate","time":1791115685066,"processId":40998,"editorVersion":"6000.5.8f1 (5cb7df797b7d)","branch":"6000.5/staging","buildType":"Release","platform":"OSX"}
Subscribe to USB device events
Scanning for USB devices : 0.220ms

Asset Pipeline Refresh (id=3f20232873da94713bebe6a3a93e2e60): Total: 0.452 seconds - Initiated by RefreshV2(ForceSynchronousImport)
	(Values over 0.05ms)
	Summary:
		Imports: total=0 (actual=0, local cache=0, cache server=0)
		Asset DB Process Time: managed=0 ms, native=451 ms
		Asset DB Callback time: managed=0 ms, native=0 ms
		Scripting: domain reloads=0, domain reload time=0 ms, compile time=0 ms, other=0 ms
		Project Asset Count: scripts=1963, non-scripts=12974
		Asset File Changes: new=0, changed=0, moved=0, deleted=0
		Scan Filter Count: 1
	InvokePackagesCallback: 0.396ms
	ApplyChangesToAssetFolders: 0.113ms
	Scan: 257.332ms
	Collect global state as custom dependencies: 0.310ms
	CategorizeAssets: 85.285ms
	ImportOutOfDateAssets: 100.868ms (10.425ms without children)
		UnloadImportedAssets: 0.077ms
		EnsureUptoDateAssetsAreRegisteredWithGuidPM: 1.078ms
		ImportSchedulerStart: 89.247ms
	GatherAllCurrentPrimaryImportResultRevisions: 0.403ms
	UnloadStreamsBegin: 0.053ms
	PersistCurrentRevisions: 0.294ms
	Untracked: 5.414ms

[Licensing::Client] Successfully resolved entitlement details
[Licensing::Client] Successfully resolved entitlement details
Opening scene 'Assets/Scenes/Beginner Level 01.unity'
LightingSettings: switching bake backend from 2 to 1.
Unloading 60 Unused Serialized files (Serialized files now loaded: 0)
Serialized reference type mismatch: field 'shootingPoints' expects 'ShootingPointReference' but the stored reference is a 'GameObject'. The reference is treated as null (and serialized as null in player builds). Re-assign the field in the Inspector to fix it.
UnityEngine.Debug:ExtractStackTraceNoAlloc (byte*,int,string)
UnityEngine.StackTraceUtility:ExtractStackTrace () (at /Users/bokken/build/output/unity/unity/Runtime/Export/Scripting/StackTrace.cs:35)
UnityEditor.SceneManagement.EditorSceneManager:OpenScene (string,UnityEditor.SceneManagement.OpenSceneMode)
PerfBenchmark:Tick () (at Assets/Editor/Perf/PerfBenchmark.cs:63)
UnityEditor.EditorApplication:Internal_CallUpdateFunctions () (at /Users/bokken/build/output/unity/unity/Editor/Mono/EditorApplication.cs:403)

[Assets/Editor/Perf/PerfBenchmark.cs line 63]

Serialized reference type mismatch: field 'shootingPoints' expects 'ShootingPointReference' but the stored reference is a 'GameObject'. The reference is treated as null (and serialized as null in player builds). Re-assign the field in the Inspector to fix it.
UnityEngine.Debug:ExtractStackTraceNoAlloc (byte*,int,string)
UnityEngine.StackTraceUtility:ExtractStackTrace () (at /Users/bokken/build/output/unity/unity/Runtime/Export/Scripting/StackTrace.cs:35)
UnityEditor.SceneManagement.EditorSceneManager:OpenScene (string,UnityEditor.SceneManagement.OpenSceneMode)
PerfBenchmark:Tick () (at Assets/Editor/Perf/PerfBenchmark.cs:63)
UnityEditor.EditorApplication:Internal_CallUpdateFunctions () (at /Users/bokken/build/output/unity/unity/Editor/Mono/EditorApplication.cs:403)

[Assets/Editor/Perf/PerfBenchmark.cs line 63]

Serialized reference type mismatch: field 'shootingPoints' expects 'ShootingPointReference' but the stored reference is a 'GameObject'. The reference is treated as null (and serialized as null in player builds). Re-assign the field in the Inspector to fix it.
UnityEngine.Debug:ExtractStackTraceNoAlloc (byte*,int,string)
UnityEngine.StackTraceUtility:ExtractStackTrace () (at /Users/bokken/build/output/unity/unity/Runtime/Export/Scripting/StackTrace.cs:35)
UnityEditor.SceneManagement.EditorSceneManager:OpenScene (string,UnityEditor.SceneManagement.OpenSceneMode)
PerfBenchmark:Tick () (at Assets/Editor/Perf/PerfBenchmark.cs:63)
UnityEditor.EditorApplication:Internal_CallUpdateFunctions () (at /Users/bokken/build/output/unity/unity/Editor/Mono/EditorApplication.cs:403)

[Assets/Editor/Perf/PerfBenchmark.cs line 63]

Serialized reference type mismatch: field 'shootingPoints' expects 'ShootingPointReference' but the stored reference is a 'GameObject'. The reference is treated as null (and serialized as null in player builds). Re-assign the field in the Inspector to fix it.
UnityEngine.Debug:ExtractStackTraceNoAlloc (byte*,int,string)
UnityEngine.StackTraceUtility:ExtractStackTrace () (at /Users/bokken/build/output/unity/unity/Runtime/Export/Scripting/StackTrace.cs:35)
UnityEditor.SceneManagement.EditorSceneManager:OpenScene (string,UnityEditor.SceneManagement.OpenSceneMode)
PerfBenchmark:Tick () (at Assets/Editor/Perf/PerfBenchmark.cs:63)
UnityEditor.EditorApplication:Internal_CallUpdateFunctions () (at /Users/bokken/build/output/unity/unity/Editor/Mono/EditorApplication.cs:403)

[Assets/Editor/Perf/PerfBenchmark.cs line 63]

Serialized reference type mismatch: field 'shootingPoints' expects 'ShootingPointReference' but the stored reference is a 'GameObject'. The reference is treated as null (and serialized as null in player builds). Re-assign the field in the Inspector to fix it.
UnityEngine.Debug:ExtractStackTraceNoAlloc (byte*,int,string)
UnityEngine.StackTraceUtility:ExtractStackTrace () (at /Users/bokken/build/output/unity/unity/Runtime/Export/Scripting/StackTrace.cs:35)
UnityEditor.SceneManagement.EditorSceneManager:OpenScene (string,UnityEditor.SceneManagement.OpenSceneMode)
PerfBenchmark:Tick () (at Assets/Editor/Perf/PerfBenchmark.cs:63)
UnityEditor.EditorApplication:Internal_CallUpdateFunctions () (at /Users/bokken/build/output/unity/unity/Editor/Mono/EditorApplication.cs:403)

[Assets/Editor/Perf/PerfBenchmark.cs line 63]

Serialized reference type mismatch: field 'shootingPoints' expects 'ShootingPointReference' but the stored reference is a 'GameObject'. The reference is treated as null (and serialized as null in player builds). Re-assign the field in the Inspector to fix it.
UnityEngine.Debug:ExtractStackTraceNoAlloc (byte*,int,string)
UnityEngine.StackTraceUtility:ExtractStackTrace () (at /Users/bokken/build/output/unity/unity/Runtime/Export/Scripting/StackTrace.cs:35)
UnityEditor.SceneManagement.EditorSceneManager:OpenScene (string,UnityEditor.SceneManagement.OpenSceneMode)
PerfBenchmark:Tick () (at Assets/Editor/Perf/PerfBenchmark.cs:63)
UnityEditor.EditorApplication:Internal_CallUpdateFunctions () (at /Users/bokken/build/output/unity/unity/Editor/Mono/EditorApplication.cs:403)

[Assets/Editor/Perf/PerfBenchmark.cs line 63]

Serialized reference type mismatch: field 'shootingPoints' expects 'ShootingPointReference' but the stored reference is a 'GameObject'. The reference is treated as null (and serialized as null in player builds). Re-assign the field in the Inspector to fix it.
UnityEngine.Debug:ExtractStackTraceNoAlloc (byte*,int,string)
UnityEngine.StackTraceUtility:ExtractStackTrace () (at /Users/bokken/build/output/unity/unity/Runtime/Export/Scripting/StackTrace.cs:35)
UnityEditor.SceneManagement.EditorSceneManager:OpenScene (string,UnityEditor.SceneManagement.OpenSceneMode)
PerfBenchmark:Tick () (at Assets/Editor/Perf/PerfBenchmark.cs:63)
UnityEditor.EditorApplication:Internal_CallUpdateFunctions () (at /Users/bokken/build/output/unity/unity/Editor/Mono/EditorApplication.cs:403)

[Assets/Editor/Perf/PerfBenchmark.cs line 63]

Loaded scene 'Assets/Scenes/Beginner Level 01.unity'
	Deserialize:            15.074 ms
	Integration:            307.309 ms
	Integration of assets:  0.171 ms
	Thread Wait Time:       0.033 ms
	Total Operation Time:   322.587 ms
Unloading 6 unused Assets / (79.2 KB). Loaded Objects now: 21653.
Memory consumption went from 348.7 MB to 348.6 MB.
Total: 10.811084 ms (FindLiveObjects: 1.011375 ms CreateObjectMapping: 1.336417 ms MarkObjects: 8.402375 ms  DeleteObjects: 0.060542 ms)

Start Indexing on Editor startup
[Indexing] Starting Initial Indexing for Assets
Thread 0x7052a07000 may have been prematurely finalized
Reloading assemblies for play mode.
Reloading assemblies after forced synchronous recompile.
Begin MonoManager ReloadAssembly
2026-10-04 14:08:06.608 Unity[40998:16636674] NSEventModifierFlagFunction specified to -setKeyEquivalentModifierMask: for item <NSMenuItem: 0x74c585a620 SDF, ke='Command-F12'>, but is only supported for system-provided menu items; will not be used
2026-10-04 14:08:06.612 Unity[40998:16636674] NSEventModifierFlagFunction specified to -setKeyEquivalentModifierMask: for item <NSMenuItem: 0x74c5869fe0 SDF, ke='Command-F12'>, but is only supported for system-provided menu items; will not be used
2026-10-04 14:08:06.616 Unity[40998:16636674] NSEventModifierFlagFunction specified to -setKeyEquivalentModifierMask: for item <NSMenuItem: 0x74c585e1c0 SDF, ke='Command-F12'>, but is only supported for system-provided menu items; will not be used
2026-10-04 14:08:06.619 Unity[40998:16636674] NSEventModifierFlagFunction specified to -setKeyEquivalentModifierMask: for item <NSMenuItem: 0x74c5833340 SDF, ke='Command-F12'>, but is only supported for system-provided menu items; will not be used
Symbol file LoadedFromMemory is not a mono symbol file
Serialized reference type mismatch: field 'shootingPoints' expects 'ShootingPointReference' but the stored reference is a 'GameObject'. The reference is treated as null (and serialized as null in player builds). Re-assign the field in the Inspector to fix it.
Serialized reference type mismatch: field 'shootingPoints' expects 'ShootingPointReference' but the stored reference is a 'GameObject'. The reference is treated as null (and serialized as null in player builds). Re-assign the field in the Inspector to fix it.
Serialized reference type mismatch: field 'shootingPoints' expects 'ShootingPointReference' but the stored reference is a 'GameObject'. The reference is treated as null (and serialized as null in player builds). Re-assign the field in the Inspector to fix it.
Serialized reference type mismatch: field 'shootingPoints' expects 'ShootingPointReference' but the stored reference is a 'GameObject'. The reference is treated as null (and serialized as null in player builds). Re-assign the field in the Inspector to fix it.
Serialized reference type mismatch: field 'shootingPoints' expects 'ShootingPointReference' but the stored reference is a 'GameObject'. The reference is treated as null (and serialized as null in player builds). Re-assign the field in the Inspector to fix it.
Serialized reference type mismatch: field 'shootingPoints' expects 'ShootingPointReference' but the stored reference is a 'GameObject'. The reference is treated as null (and serialized as null in player builds). Re-assign the field in the Inspector to fix it.
Serialized reference type mismatch: field 'shootingPoints' expects 'ShootingPointReference' but the stored reference is a 'GameObject'. The reference is treated as null (and serialized as null in player builds). Re-assign the field in the Inspector to fix it.
Native extension for LinuxStandalone target not found
Native extension for iOS target not found
Native extension for Android target not found
Native extension for WindowsStandalone target not found
Native extension for OSXStandalone target not found
Native extension for WebGL target not found
ScheduleIndexationOnStartup MainProcess:True IndexOnStartup:True
Mono: successfully reloaded assembly
- Finished resetting the current domain, in  0.571 seconds
Domain Reload Profiling: 1134ms
	BeginReloadAssembly (438ms)
		DisableScriptedObjects (89ms)
		CreateAndSetChildDomain (271ms)
	RebuildCommonClasses (5ms)
	RebuildNativeTypeToScriptingClass (9ms)
	initialDomainReloadingComplete (22ms)
	LoadAllAssembliesAndSetupDomain (90ms)
		LoadAssemblies (44ms)
		AnalyzeDomain (20ms)
			TypeCache.Refresh (5ms)
			ResolveRequiredComponents (12ms)
	FinalizeReload (571ms)
		SetupLoadedEditorAssemblies (0ms)
			InitializePlatformSupportModulesInManaged (10ms)
			BeforeProcessingInitializeOnLoad (42ms)
			ProcessInitializeOnLoadAttributes (190ms)
			ProcessInitializeOnLoadMethodAttributes (54ms)
		AwakeInstancesAfterBackupRestoration (66ms)
No restricted APIs configured; Validation skipped.
Checking 20 assemblies for restricted APIs found 0 usage(s) in 2 ms

Asset Pipeline Refresh (id=1a3d7c1abfd444fb0b249033357598d1): Total: 2.006 seconds - Initiated by StopAssetImportingV2(ForceSynchronousImport | ForceDomainReload)
	(Values over 0.05ms)
	Summary:
		Imports: total=0 (actual=0, local cache=0, cache server=0)
		Asset DB Process Time: managed=0 ms, native=911 ms
		Asset DB Callback time: managed=391 ms, native=124 ms
		Scripting: domain reloads=1, domain reload time=576 ms, compile time=1 ms, other=0 ms
		Project Asset Count: scripts=1963, non-scripts=12974
		Asset File Changes: new=0, changed=0, moved=0, deleted=0
		Scan Filter Count: 0
	InvokePackagesCallback: 0.898ms
	ApplyChangesToAssetFolders: 0.198ms
	Collect global state as custom dependencies: 1.265ms
	ProcessAssetsWithTransientArtifactChanges: 90.241ms
	CategorizeAssets: 118.268ms
	CompileScripts: 0.617ms
	ImportOutOfDateAssets: 676.690ms (584.606ms without children)
		CollectScriptTypesHashes: 1.188ms
		ReloadNativeAssets: 0.948ms
		UnloadImportedAssets: 0.113ms
		EnsureUptoDateAssetsAreRegisteredWithGuidPM: 1.239ms
		ImportSchedulerStart: 89.761ms
	PostProcessAllAssets: 509.013ms
		PostProcessCallbackCreateDeferredMaterials 24.956ms
		AssemblyValidation.PostprocessAllAssets 21.579ms
		ShaderAssetModifiedCallback 10.164ms
		ComputeShaderImportPostprocess 6.733ms
		RaytracingShaderImportPostprocess 6.458ms
		SpeedTreeImporter.PostprocessAllAssets 5.935ms
		LocalizationDatabase.AssetDatabasePostprocessCallback 2.439ms
		BlockShaderImporter.PostprocessAllAssets 2.294ms
		XRBuildSystem.XRAssetImported 0.058ms
		MonoPostProcessAllAssets: 391.242ms
			SyncVS.PostprocessSyncProject 127.201ms
			ShaderGraphAssetPostProcessor.OnPostprocessAllAssets 92.878ms
			AssetPostprocessor.OnPostprocessAllAssets 27.111ms
			PostProcessor.OnPostprocessAllAssets 23.507ms
			VFXGraphPreprocessor.OnPostprocessAllAssets 17.444ms
			MaterialPostprocessor.OnPostprocessAllAssets 17.103ms
			SpriteSlicePostprocessor.OnPostprocessAllAssets 12.279ms
			TextAssetPostProcessor.OnPostprocessAllAssets 12.204ms
			StyleCatalogPostProcessor.OnPostprocessAllAssets 10.156ms
			AssetChangedListener.OnPostprocessAllAssets 7.300ms
			UniversalRenderPipelineGlobalSettingsPostprocessor.OnPostprocessAllAssets 5.575ms
			BuilderAssetPostprocessor.OnPostprocessAllAssets 3.560ms
			RenderPipelineGlobalSettingsPostprocessor.OnPostprocessAllAssets 2.851ms
			SpeedTree9Postprocessor.OnPostprocessAllAssets 1.764ms
			RetainedModeAssetPostprocessor.OnPostprocessAllAssets 0.911ms
			WindowAssetPostprocessingWatcher.OnPostprocessAllAssets 0.803ms
			SpriteEditorTexturePostprocessor.OnPostprocessAllAssets 0.712ms
			UVCSAssetPostprocessor.OnPostprocessAllAssets 0.468ms
			ArtifactBrowserPostProcessor.OnPostprocessAllAssets 0.274ms
			ShaderReflectionAssetPostProcessor.OnPostprocessAllAssets 0.237ms
			ReferencedClipsPostProcessor.OnPostprocessAllAssets 0.218ms
			SpeedTreePostProcessor.OnPostprocessAllAssets 0.177ms
			AssetEvents.OnPostprocessAllAssets 0.173ms
			AudioMixerPostprocessor.OnPostprocessAllAssets 0.169ms
			EditModeScopePostprocessor.OnPostprocessAllAssets 0.165ms
			SampleDependencyImporterPostProcessor.OnPostprocessAllAssets 0.165ms
			TMPro_TexturePostProcessor.OnPostprocessAllAssets 0.138ms
			TerrainToolbarOverlayPostProcessor.OnPostprocessAllAssets 0.115ms
			SamplePostprocessor.OnPostprocessAllAssets 0.078ms
			AssetDatabaseCallbacks.OnPostprocessAllAssets 0.059ms
	PostAssetChangesProfiler: 7.508ms
	GatherAllCurrentPrimaryImportResultRevisions: 0.235ms
	UnloadStreamsBegin: 2.579ms
	PersistCurrentRevisions: 0.304ms
	GenerateScriptTypeHashes: 3.968ms
	GenerateScriptTypeSerializationHashes: 5.904ms
	Untracked: 595.301ms

LightingSettings: switching bake backend from 2 to 1.
Loaded scene 'Temp/__Backupscenes/0.backup'
	Deserialize:            48.860 ms
	Integration:            221.235 ms
	Integration of assets:  2.100 ms
	Thread Wait Time:       -0.005 ms
	Total Operation Time:   272.191 ms
PERF RUN T-BulletDispenser-1x (single, 1x, round 60)
UnityEngine.Debug:ExtractStackTraceNoAlloc (byte*,int,string)
UnityEngine.StackTraceUtility:ExtractStackTrace () (at /Users/bokken/build/output/unity/unity/Runtime/Export/Scripting/StackTrace.cs:35)
UnityEngine.DebugLogHandler:Internal_Log (UnityEngine.LogType,UnityEngine.LogOption,string,UnityEngine.Object)
UnityEngine.DebugLogHandler:LogFormat (UnityEngine.LogType,UnityEngine.Object,string,object[])
UnityEngine.Logger:Log (UnityEngine.LogType,object)
UnityEngine.Debug:Log (object)
PerfScenario/<RunOne>d__41:MoveNext () (at Assets/Scripts/Diagnostics/PerfScenario.cs:272)
UnityEngine.SetupCoroutine:InvokeMoveNext (System.Collections.IEnumerator,intptr) (at /Users/bokken/build/output/unity/unity/Runtime/Export/Scripting/Coroutines.cs:17)

(Filename: Assets/Scripts/Diagnostics/PerfScenario.cs Line: 272)

LightingSettings: switching bake backend from 2 to 1.
Unloading 65 Unused Serialized files (Serialized files now loaded: 0)
Created GICache directory at /Users/philipp/Library/Caches/com.unity3d.UnityEditor/GiCache. Took: 0.006s, timestamps: [9.882 - 9.888]
[MODES] ModeService[none].Initialize
[MODES] ModeService[none].LoadModes
[Licensing::Client] Successfully resolved entitlement details
[Licensing::Client] Successfully resolved entitlement details
UnloadTime: 8.058208 ms
Loaded scene 'Temp/__Backupscenes/0.backup'
	Deserialize:            36.970 ms
	Integration:            170.893 ms
	Integration of assets:  0.001 ms
	Thread Wait Time:       173.585 ms
	Total Operation Time:   381.449 ms
Unloading 8519 unused Assets / (4.8 MB). Loaded Objects now: 18320.
Memory consumption went from 356.3 MB to 351.4 MB.
Total: 14.125167 ms (FindLiveObjects: 0.649167 ms CreateObjectMapping: 2.254583 ms MarkObjects: 8.635042 ms  DeleteObjects: 2.586208 ms)

Couldn't create a Convex Mesh from source mesh, within the maximum polygons limit (256). The partial hull will be used. Consider simplifying your mesh. Source mesh name: default
UnityEngine.Debug:ExtractStackTraceNoAlloc (byte*,int,string)
UnityEngine.StackTraceUtility:ExtractStackTrace () (at /Users/bokken/build/output/unity/unity/Runtime/Export/Scripting/StackTrace.cs:35)
UnityEngine.Object:Internal_InstantiateSingle (UnityEngine.Object,UnityEngine.Vector3,UnityEngine.Quaternion)
UnityEngine.Object:Instantiate (UnityEngine.Object,UnityEngine.Vector3,UnityEngine.Quaternion) (at /Users/bokken/build/output/unity/unity/Runtime/Export/Scripting/UnityEngineObject.bindings.cs:534)
UnityEngine.Object:Instantiate<UnityEngine.GameObject> (UnityEngine.GameObject,UnityEngine.Vector3,UnityEngine.Quaternion) (at /Users/bokken/build/output/unity/unity/Runtime/Export/Scripting/UnityEngineObject.bindings.cs:681)
PerfScenario:BuildOnBlock (UnityEngine.GameObject,UnityEngine.GameObject,UnityEngine.Vector3) (at Assets/Scripts/Diagnostics/PerfScenario.cs:616)
PerfScenario/<RunOne>d__41:MoveNext () (at Assets/Scripts/Diagnostics/PerfScenario.cs:305)
UnityEngine.SetupCoroutine:InvokeMoveNext (System.Collections.IEnumerator,intptr) (at /Users/bokken/build/output/unity/unity/Runtime/Export/Scripting/Coroutines.cs:17)

[/Users/bokken/build/output/unity/unity/Runtime/Export/Scripting/StackTrace.cs line 35]

PERF layout T-BulletDispenser-1x: 154 block spots, 1 towers planned, 1 built
UnityEngine.Debug:ExtractStackTraceNoAlloc (byte*,int,string)
UnityEngine.StackTraceUtility:ExtractStackTrace () (at /Users/bokken/build/output/unity/unity/Runtime/Export/Scripting/StackTrace.cs:35)
UnityEngine.DebugLogHandler:Internal_Log (UnityEngine.LogType,UnityEngine.LogOption,string,UnityEngine.Object)
UnityEngine.DebugLogHandler:LogFormat (UnityEngine.LogType,UnityEngine.Object,string,object[])
UnityEngine.Logger:Log (UnityEngine.LogType,object)
UnityEngine.Debug:Log (object)
PerfScenario/<RunOne>d__41:MoveNext () (at Assets/Scripts/Diagnostics/PerfScenario.cs:313)
UnityEngine.SetupCoroutine:InvokeMoveNext (System.Collections.IEnumerator,intptr) (at /Users/bokken/build/output/unity/unity/Runtime/Export/Scripting/Coroutines.cs:17)

(Filename: Assets/Scripts/Diagnostics/PerfScenario.cs Line: 313)

[remote] error: Init socket failed
PERF LEGACYHIT distance 0.276 contact 0.016 otherCollider Default Enemy(Clone) enemyActive True
UnityEngine.Debug:ExtractStackTraceNoAlloc (byte*,int,string)
UnityEngine.StackTraceUtility:ExtractStackTrace () (at /Users/bokken/build/output/unity/unity/Runtime/Export/Scripting/StackTrace.cs:35)
UnityEngine.DebugLogHandler:Internal_Log (UnityEngine.LogType,UnityEngine.LogOption,string,UnityEngine.Object)
UnityEngine.DebugLogHandler:LogFormat (UnityEngine.LogType,UnityEngine.Object,string,object[])
UnityEngine.Logger:Log (UnityEngine.LogType,object)
UnityEngine.Debug:Log (object)
ProjectileRound:OnCollisionEnter (UnityEngine.Collision) (at Assets/Scripts/ProjectileRound.cs:37)
UnityEngine.Physics:SendOnCollisionEnter (UnityEngine.Component,UnityEngine.Collision)
UnityEngine.Physics:ReportContacts (Unity.Collections.NativeArray`1/ReadOnly<UnityEngine.ContactPairHeader>) (at /Users/bokken/build/output/unity/unity/Modules/Physics/ScriptBindings/PhysicsContact.bindings.cs:84)
UnityEngine.Physics:OnSceneContact (UnityEngine.PhysicsScene,intptr,int) (at /Users/bokken/build/output/unity/unity/Modules/Physics/ScriptBindings/PhysicsContact.bindings.cs:45)

(Filename: Assets/Scripts/ProjectileRound.cs Line: 37)

PERF LEGACYHIT distance 0.283 contact 0.018 otherCollider Default Enemy(Clone) enemyActive True
UnityEngine.Debug:ExtractStackTraceNoAlloc (byte*,int,string)
UnityEngine.StackTraceUtility:ExtractStackTrace () (at /Users/bokken/build/output/unity/unity/Runtime/Export/Scripting/StackTrace.cs:35)
UnityEngine.DebugLogHandler:Internal_Log (UnityEngine.LogType,UnityEngine.LogOption,string,UnityEngine.Object)
UnityEngine.DebugLogHandler:LogFormat (UnityEngine.LogType,UnityEngine.Object,string,object[])
UnityEngine.Logger:Log (UnityEngine.LogType,object)
UnityEngine.Debug:Log (object)
ProjectileRound:OnCollisionEnter (UnityEngine.Collision) (at Assets/Scripts/ProjectileRound.cs:37)
UnityEngine.Physics:SendOnCollisionEnter (UnityEngine.Component,UnityEngine.Collision)
UnityEngine.Physics:ReportContacts (Unity.Collections.NativeArray`1/ReadOnly<UnityEngine.ContactPairHeader>) (at /Users/bokken/build/output/unity/unity/Modules/Physics/ScriptBindings/PhysicsContact.bindings.cs:84)
UnityEngine.Physics:OnSceneContact (UnityEngine.PhysicsScene,intptr,int) (at /Users/bokken/build/output/unity/unity/Modules/Physics/ScriptBindings/PhysicsContact.bindings.cs:45)

(Filename: Assets/Scripts/ProjectileRound.cs Line: 37)

PERF LEGACYHIT distance 0.284 contact 0.017 otherCollider Default Enemy(Clone) enemyActive True
UnityEngine.Debug:ExtractStackTraceNoAlloc (byte*,int,string)
UnityEngine.StackTraceUtility:ExtractStackTrace () (at /Users/bokken/build/output/unity/unity/Runtime/Export/Scripting/StackTrace.cs:35)
UnityEngine.DebugLogHandler:Internal_Log (UnityEngine.LogType,UnityEngine.LogOption,string,UnityEngine.Object)
UnityEngine.DebugLogHandler:LogFormat (UnityEngine.LogType,UnityEngine.Object,string,object[])
UnityEngine.Logger:Log (UnityEngine.LogType,object)
UnityEngine.Debug:Log (object)
ProjectileRound:OnCollisionEnter (UnityEngine.Collision) (at Assets/Scripts/ProjectileRound.cs:37)
UnityEngine.Physics:SendOnCollisionEnter (UnityEngine.Component,UnityEngine.Collision)
UnityEngine.Physics:ReportContacts (Unity.Collections.NativeArray`1/ReadOnly<UnityEngine.ContactPairHeader>) (at /Users/bokken/build/output/unity/unity/Modules/Physics/ScriptBindings/PhysicsContact.bindings.cs:84)
UnityEngine.Physics:OnSceneContact (UnityEngine.PhysicsScene,intptr,int) (at /Users/bokken/build/output/unity/unity/Modules/Physics/ScriptBindings/PhysicsContact.bindings.cs:45)

(Filename: Assets/Scripts/ProjectileRound.cs Line: 37)

PERF LEGACYHIT distance 0.289 contact 0.019 otherCollider Default Enemy(Clone) enemyActive True
UnityEngine.Debug:ExtractStackTraceNoAlloc (byte*,int,string)
UnityEngine.StackTraceUtility:ExtractStackTrace () (at /Users/bokken/build/output/unity/unity/Runtime/Export/Scripting/StackTrace.cs:35)
UnityEngine.DebugLogHandler:Internal_Log (UnityEngine.LogType,UnityEngine.LogOption,string,UnityEngine.Object)
UnityEngine.DebugLogHandler:LogFormat (UnityEngine.LogType,UnityEngine.Object,string,object[])
UnityEngine.Logger:Log (UnityEngine.LogType,object)
UnityEngine.Debug:Log (object)
ProjectileRound:OnCollisionEnter (UnityEngine.Collision) (at Assets/Scripts/ProjectileRound.cs:37)
UnityEngine.Physics:SendOnCollisionEnter (UnityEngine.Component,UnityEngine.Collision)
UnityEngine.Physics:ReportContacts (Unity.Collections.NativeArray`1/ReadOnly<UnityEngine.ContactPairHeader>) (at /Users/bokken/build/output/unity/unity/Modules/Physics/ScriptBindings/PhysicsContact.bindings.cs:84)
UnityEngine.Physics:OnSceneContact (UnityEngine.PhysicsScene,intptr,int) (at /Users/bokken/build/output/unity/unity/Modules/Physics/ScriptBindings/PhysicsContact.bindings.cs:45)

(Filename: Assets/Scripts/ProjectileRound.cs Line: 37)

PERF LEGACYHIT distance 0.260 contact 0.012 otherCollider Default Enemy(Clone) enemyActive True
UnityEngine.Debug:ExtractStackTraceNoAlloc (byte*,int,string)
UnityEngine.StackTraceUtility:ExtractStackTrace () (at /Users/bokken/build/output/unity/unity/Runtime/Export/Scripting/StackTrace.cs:35)
UnityEngine.DebugLogHandler:Internal_Log (UnityEngine.LogType,UnityEngine.LogOption,string,UnityEngine.Object)
UnityEngine.DebugLogHandler:LogFormat (UnityEngine.LogType,UnityEngine.Object,string,object[])
UnityEngine.Logger:Log (UnityEngine.LogType,object)
UnityEngine.Debug:Log (object)
ProjectileRound:OnCollisionEnter (UnityEngine.Collision) (at Assets/Scripts/ProjectileRound.cs:37)
UnityEngine.Physics:SendOnCollisionEnter (UnityEngine.Component,UnityEngine.Collision)
UnityEngine.Physics:ReportContacts (Unity.Collections.NativeArray`1/ReadOnly<UnityEngine.ContactPairHeader>) (at /Users/bokken/build/output/unity/unity/Modules/Physics/ScriptBindings/PhysicsContact.bindings.cs:84)
UnityEngine.Physics:OnSceneContact (UnityEngine.PhysicsScene,intptr,int) (at /Users/bokken/build/output/unity/unity/Modules/Physics/ScriptBindings/PhysicsContact.bindings.cs:45)

(Filename: Assets/Scripts/ProjectileRound.cs Line: 37)

PERF LEGACYHIT distance 0.251 contact 0.004 otherCollider Default Enemy(Clone) enemyActive True
UnityEngine.Debug:ExtractStackTraceNoAlloc (byte*,int,string)
UnityEngine.StackTraceUtility:ExtractStackTrace () (at /Users/bokken/build/output/unity/unity/Runtime/Export/Scripting/StackTrace.cs:35)
UnityEngine.DebugLogHandler:Internal_Log (UnityEngine.LogType,UnityEngine.LogOption,string,UnityEngine.Object)
UnityEngine.DebugLogHandler:LogFormat (UnityEngine.LogType,UnityEngine.Object,string,object[])
UnityEngine.Logger:Log (UnityEngine.LogType,object)
UnityEngine.Debug:Log (object)
ProjectileRound:OnCollisionEnter (UnityEngine.Collision) (at Assets/Scripts/ProjectileRound.cs:37)
UnityEngine.Physics:SendOnCollisionEnter (UnityEngine.Component,UnityEngine.Collision)
UnityEngine.Physics:ReportContacts (Unity.Collections.NativeArray`1/ReadOnly<UnityEngine.ContactPairHeader>) (at /Users/bokken/build/output/unity/unity/Modules/Physics/ScriptBindings/PhysicsContact.bindings.cs:84)
UnityEngine.Physics:OnSceneContact (UnityEngine.PhysicsScene,intptr,int) (at /Users/bokken/build/output/unity/unity/Modules/Physics/ScriptBindings/PhysicsContact.bindings.cs:45)

(Filename: Assets/Scripts/ProjectileRound.cs Line: 37)

PERF LEGACYHIT distance 0.277 contact 0.016 otherCollider Default Enemy(Clone) enemyActive True
UnityEngine.Debug:ExtractStackTraceNoAlloc (byte*,int,string)
UnityEngine.StackTraceUtility:ExtractStackTrace () (at /Users/bokken/build/output/unity/unity/Runtime/Export/Scripting/StackTrace.cs:35)
UnityEngine.DebugLogHandler:Internal_Log (UnityEngine.LogType,UnityEngine.LogOption,string,UnityEngine.Object)
UnityEngine.DebugLogHandler:LogFormat (UnityEngine.LogType,UnityEngine.Object,string,object[])
UnityEngine.Logger:Log (UnityEngine.LogType,object)
UnityEngine.Debug:Log (object)
ProjectileRound:OnCollisionEnter (UnityEngine.Collision) (at Assets/Scripts/ProjectileRound.cs:37)
UnityEngine.Physics:SendOnCollisionEnter (UnityEngine.Component,UnityEngine.Collision)
UnityEngine.Physics:ReportContacts (Unity.Collections.NativeArray`1/ReadOnly<UnityEngine.ContactPairHeader>) (at /Users/bokken/build/output/unity/unity/Modules/Physics/ScriptBindings/PhysicsContact.bindings.cs:84)
UnityEngine.Physics:OnSceneContact (UnityEngine.PhysicsScene,intptr,int) (at /Users/bokken/build/output/unity/unity/Modules/Physics/ScriptBindings/PhysicsContact.bindings.cs:45)

(Filename: Assets/Scripts/ProjectileRound.cs Line: 37)

PERF LEGACYHIT distance 0.277 contact 0.014 otherCollider Default Enemy(Clone) enemyActive True
UnityEngine.Debug:ExtractStackTraceNoAlloc (byte*,int,string)
UnityEngine.StackTraceUtility:ExtractStackTrace () (at /Users/bokken/build/output/unity/unity/Runtime/Export/Scripting/StackTrace.cs:35)
UnityEngine.DebugLogHandler:Internal_Log (UnityEngine.LogType,UnityEngine.LogOption,string,UnityEngine.Object)
UnityEngine.DebugLogHandler:LogFormat (UnityEngine.LogType,UnityEngine.Object,string,object[])
UnityEngine.Logger:Log (UnityEngine.LogType,object)
UnityEngine.Debug:Log (object)
ProjectileRound:OnCollisionEnter (UnityEngine.Collision) (at Assets/Scripts/ProjectileRound.cs:37)
UnityEngine.Physics:SendOnCollisionEnter (UnityEngine.Component,UnityEngine.Collision)
UnityEngine.Physics:ReportContacts (Unity.Collections.NativeArray`1/ReadOnly<UnityEngine.ContactPairHeader>) (at /Users/bokken/build/output/unity/unity/Modules/Physics/ScriptBindings/PhysicsContact.bindings.cs:84)
UnityEngine.Physics:OnSceneContact (UnityEngine.PhysicsScene,intptr,int) (at /Users/bokken/build/output/unity/unity/Modules/Physics/ScriptBindings/PhysicsContact.bindings.cs:45)

(Filename: Assets/Scripts/ProjectileRound.cs Line: 37)

PERF LEGACYHIT distance 0.281 contact 0.015 otherCollider Default Enemy(Clone) enemyActive True
UnityEngine.Debug:ExtractStackTraceNoAlloc (byte*,int,string)
UnityEngine.StackTraceUtility:ExtractStackTrace () (at /Users/bokken/build/output/unity/unity/Runtime/Export/Scripting/StackTrace.cs:35)
UnityEngine.DebugLogHandler:Internal_Log (UnityEngine.LogType,UnityEngine.LogOption,string,UnityEngine.Object)
UnityEngine.DebugLogHandler:LogFormat (UnityEngine.LogType,UnityEngine.Object,string,object[])
UnityEngine.Logger:Log (UnityEngine.LogType,object)
UnityEngine.Debug:Log (object)
ProjectileRound:OnCollisionEnter (UnityEngine.Collision) (at Assets/Scripts/ProjectileRound.cs:37)
UnityEngine.Physics:SendOnCollisionEnter (UnityEngine.Component,UnityEngine.Collision)
UnityEngine.Physics:ReportContacts (Unity.Collections.NativeArray`1/ReadOnly<UnityEngine.ContactPairHeader>) (at /Users/bokken/build/output/unity/unity/Modules/Physics/ScriptBindings/PhysicsContact.bindings.cs:84)
UnityEngine.Physics:OnSceneContact (UnityEngine.PhysicsScene,intptr,int) (at /Users/bokken/build/output/unity/unity/Modules/Physics/ScriptBindings/PhysicsContact.bindings.cs:45)

(Filename: Assets/Scripts/ProjectileRound.cs Line: 37)

PERF LEGACYHIT distance 0.285 contact 0.015 otherCollider Default Enemy(Clone) enemyActive True
UnityEngine.Debug:ExtractStackTraceNoAlloc (byte*,int,string)
UnityEngine.StackTraceUtility:ExtractStackTrace () (at /Users/bokken/build/output/unity/unity/Runtime/Export/Scripting/StackTrace.cs:35)
UnityEngine.DebugLogHandler:Internal_Log (UnityEngine.LogType,UnityEngine.LogOption,string,UnityEngine.Object)
UnityEngine.DebugLogHandler:LogFormat (UnityEngine.LogType,UnityEngine.Object,string,object[])
UnityEngine.Logger:Log (UnityEngine.LogType,object)
UnityEngine.Debug:Log (object)
ProjectileRound:OnCollisionEnter (UnityEngine.Collision) (at Assets/Scripts/ProjectileRound.cs:37)
UnityEngine.Physics:SendOnCollisionEnter (UnityEngine.Component,UnityEngine.Collision)
UnityEngine.Physics:ReportContacts (Unity.Collections.NativeArray`1/ReadOnly<UnityEngine.ContactPairHeader>) (at /Users/bokken/build/output/unity/unity/Modules/Physics/ScriptBindings/PhysicsContact.bindings.cs:84)
UnityEngine.Physics:OnSceneContact (UnityEngine.PhysicsScene,intptr,int) (at /Users/bokken/build/output/unity/unity/Modules/Physics/ScriptBindings/PhysicsContact.bindings.cs:45)

(Filename: Assets/Scripts/ProjectileRound.cs Line: 37)

PERF LEGACYHIT distance 0.291 contact 0.020 otherCollider Default Enemy(Clone) enemyActive True
UnityEngine.Debug:ExtractStackTraceNoAlloc (byte*,int,string)
UnityEngine.StackTraceUtility:ExtractStackTrace () (at /Users/bokken/build/output/unity/unity/Runtime/Export/Scripting/StackTrace.cs:35)
UnityEngine.DebugLogHandler:Internal_Log (UnityEngine.LogType,UnityEngine.LogOption,string,UnityEngine.Object)
UnityEngine.DebugLogHandler:LogFormat (UnityEngine.LogType,UnityEngine.Object,string,object[])
UnityEngine.Logger:Log (UnityEngine.LogType,object)
UnityEngine.Debug:Log (object)
ProjectileRound:OnCollisionEnter (UnityEngine.Collision) (at Assets/Scripts/ProjectileRound.cs:37)
UnityEngine.Physics:SendOnCollisionEnter (UnityEngine.Component,UnityEngine.Collision)
UnityEngine.Physics:ReportContacts (Unity.Collections.NativeArray`1/ReadOnly<UnityEngine.ContactPairHeader>) (at /Users/bokken/build/output/unity/unity/Modules/Physics/ScriptBindings/PhysicsContact.bindings.cs:84)
UnityEngine.Physics:OnSceneContact (UnityEngine.PhysicsScene,intptr,int) (at /Users/bokken/build/output/unity/unity/Modules/Physics/ScriptBindings/PhysicsContact.bindings.cs:45)

(Filename: Assets/Scripts/ProjectileRound.cs Line: 37)

PERF LEGACYHIT distance 0.280 contact 0.017 otherCollider Default Enemy(Clone) enemyActive True
UnityEngine.Debug:ExtractStackTraceNoAlloc (byte*,int,string)
UnityEngine.StackTraceUtility:ExtractStackTrace () (at /Users/bokken/build/output/unity/unity/Runtime/Export/Scripting/StackTrace.cs:35)
UnityEngine.DebugLogHandler:Internal_Log (UnityEngine.LogType,UnityEngine.LogOption,string,UnityEngine.Object)
UnityEngine.DebugLogHandler:LogFormat (UnityEngine.LogType,UnityEngine.Object,string,object[])
UnityEngine.Logger:Log (UnityEngine.LogType,object)
UnityEngine.Debug:Log (object)
ProjectileRound:OnCollisionEnter (UnityEngine.Collision) (at Assets/Scripts/ProjectileRound.cs:37)
UnityEngine.Physics:SendOnCollisionEnter (UnityEngine.Component,UnityEngine.Collision)
UnityEngine.Physics:ReportContacts (Unity.Collections.NativeArray`1/ReadOnly<UnityEngine.ContactPairHeader>) (at /Users/bokken/build/output/unity/unity/Modules/Physics/ScriptBindings/PhysicsContact.bindings.cs:84)
UnityEngine.Physics:OnSceneContact (UnityEngine.PhysicsScene,intptr,int) (at /Users/bokken/build/output/unity/unity/Modules/Physics/ScriptBindings/PhysicsContact.bindings.cs:45)

(Filename: Assets/Scripts/ProjectileRound.cs Line: 37)

PERF LEGACYHIT distance 0.281 contact 0.014 otherCollider Default Enemy(Clone) enemyActive True
UnityEngine.Debug:ExtractStackTraceNoAlloc (byte*,int,string)
UnityEngine.StackTraceUtility:ExtractStackTrace () (at /Users/bokken/build/output/unity/unity/Runtime/Export/Scripting/StackTrace.cs:35)
UnityEngine.DebugLogHandler:Internal_Log (UnityEngine.LogType,UnityEngine.LogOption,string,UnityEngine.Object)
UnityEngine.DebugLogHandler:LogFormat (UnityEngine.LogType,UnityEngine.Object,string,object[])
UnityEngine.Logger:Log (UnityEngine.LogType,object)
UnityEngine.Debug:Log (object)
ProjectileRound:OnCollisionEnter (UnityEngine.Collision) (at Assets/Scripts/ProjectileRound.cs:37)
UnityEngine.Physics:SendOnCollisionEnter (UnityEngine.Component,UnityEngine.Collision)
UnityEngine.Physics:ReportContacts (Unity.Collections.NativeArray`1/ReadOnly<UnityEngine.ContactPairHeader>) (at /Users/bokken/build/output/unity/unity/Modules/Physics/ScriptBindings/PhysicsContact.bindings.cs:84)
UnityEngine.Physics:OnSceneContact (UnityEngine.PhysicsScene,intptr,int) (at /Users/bokken/build/output/unity/unity/Modules/Physics/ScriptBindings/PhysicsContact.bindings.cs:45)

(Filename: Assets/Scripts/ProjectileRound.cs Line: 37)

PERF LEGACYHIT distance 0.288 contact 0.016 otherCollider Default Enemy(Clone) enemyActive True
UnityEngine.Debug:ExtractStackTraceNoAlloc (byte*,int,string)
UnityEngine.StackTraceUtility:ExtractStackTrace () (at /Users/bokken/build/output/unity/unity/Runtime/Export/Scripting/StackTrace.cs:35)
UnityEngine.DebugLogHandler:Internal_Log (UnityEngine.LogType,UnityEngine.LogOption,string,UnityEngine.Object)
UnityEngine.DebugLogHandler:LogFormat (UnityEngine.LogType,UnityEngine.Object,string,object[])
UnityEngine.Logger:Log (UnityEngine.LogType,object)
UnityEngine.Debug:Log (object)
ProjectileRound:OnCollisionEnter (UnityEngine.Collision) (at Assets/Scripts/ProjectileRound.cs:37)
UnityEngine.Physics:SendOnCollisionEnter (UnityEngine.Component,UnityEngine.Collision)
UnityEngine.Physics:ReportContacts (Unity.Collections.NativeArray`1/ReadOnly<UnityEngine.ContactPairHeader>) (at /Users/bokken/build/output/unity/unity/Modules/Physics/ScriptBindings/PhysicsContact.bindings.cs:84)
UnityEngine.Physics:OnSceneContact (UnityEngine.PhysicsScene,intptr,int) (at /Users/bokken/build/output/unity/unity/Modules/Physics/ScriptBindings/PhysicsContact.bindings.cs:45)

(Filename: Assets/Scripts/ProjectileRound.cs Line: 37)

PERF LEGACYHIT distance 0.283 contact 0.012 otherCollider Default Enemy(Clone) enemyActive True
UnityEngine.Debug:ExtractStackTraceNoAlloc (byte*,int,string)
UnityEngine.StackTraceUtility:ExtractStackTrace () (at /Users/bokken/build/output/unity/unity/Runtime/Export/Scripting/StackTrace.cs:35)
UnityEngine.DebugLogHandler:Internal_Log (UnityEngine.LogType,UnityEngine.LogOption,string,UnityEngine.Object)
UnityEngine.DebugLogHandler:LogFormat (UnityEngine.LogType,UnityEngine.Object,string,object[])
UnityEngine.Logger:Log (UnityEngine.LogType,object)
UnityEngine.Debug:Log (object)
ProjectileRound:OnCollisionEnter (UnityEngine.Collision) (at Assets/Scripts/ProjectileRound.cs:37)
UnityEngine.Physics:SendOnCollisionEnter (UnityEngine.Component,UnityEngine.Collision)
UnityEngine.Physics:ReportContacts (Unity.Collections.NativeArray`1/ReadOnly<UnityEngine.ContactPairHeader>) (at /Users/bokken/build/output/unity/unity/Modules/Physics/ScriptBindings/PhysicsContact.bindings.cs:84)
UnityEngine.Physics:OnSceneContact (UnityEngine.PhysicsScene,intptr,int) (at /Users/bokken/build/output/unity/unity/Modules/Physics/ScriptBindings/PhysicsContact.bindings.cs:45)

(Filename: Assets/Scripts/ProjectileRound.cs Line: 37)

PERF LEGACYHIT distance 0.276 contact 0.008 otherCollider Default Enemy(Clone) enemyActive True
UnityEngine.Debug:ExtractStackTraceNoAlloc (byte*,int,string)
UnityEngine.StackTraceUtility:ExtractStackTrace () (at /Users/bokken/build/output/unity/unity/Runtime/Export/Scripting/StackTrace.cs:35)
UnityEngine.DebugLogHandler:Internal_Log (UnityEngine.LogType,UnityEngine.LogOption,string,UnityEngine.Object)
UnityEngine.DebugLogHandler:LogFormat (UnityEngine.LogType,UnityEngine.Object,string,object[])
UnityEngine.Logger:Log (UnityEngine.LogType,object)
UnityEngine.Debug:Log (object)
ProjectileRound:OnCollisionEnter (UnityEngine.Collision) (at Assets/Scripts/ProjectileRound.cs:37)
UnityEngine.Physics:SendOnCollisionEnter (UnityEngine.Component,UnityEngine.Collision)
UnityEngine.Physics:ReportContacts (Unity.Collections.NativeArray`1/ReadOnly<UnityEngine.ContactPairHeader>) (at /Users/bokken/build/output/unity/unity/Modules/Physics/ScriptBindings/PhysicsContact.bindings.cs:84)
UnityEngine.Physics:OnSceneContact (UnityEngine.PhysicsScene,intptr,int) (at /Users/bokken/build/output/unity/unity/Modules/Physics/ScriptBindings/PhysicsContact.bindings.cs:45)

(Filename: Assets/Scripts/ProjectileRound.cs Line: 37)

PERF LEGACYHIT distance 0.279 contact 0.010 otherCollider Default Enemy(Clone) enemyActive True
UnityEngine.Debug:ExtractStackTraceNoAlloc (byte*,int,string)
UnityEngine.StackTraceUtility:ExtractStackTrace () (at /Users/bokken/build/output/unity/unity/Runtime/Export/Scripting/StackTrace.cs:35)
UnityEngine.DebugLogHandler:Internal_Log (UnityEngine.LogType,UnityEngine.LogOption,string,UnityEngine.Object)
UnityEngine.DebugLogHandler:LogFormat (UnityEngine.LogType,UnityEngine.Object,string,object[])
UnityEngine.Logger:Log (UnityEngine.LogType,object)
UnityEngine.Debug:Log (object)
ProjectileRound:OnCollisionEnter (UnityEngine.Collision) (at Assets/Scripts/ProjectileRound.cs:37)
UnityEngine.Physics:SendOnCollisionEnter (UnityEngine.Component,UnityEngine.Collision)
UnityEngine.Physics:ReportContacts (Unity.Collections.NativeArray`1/ReadOnly<UnityEngine.ContactPairHeader>) (at /Users/bokken/build/output/unity/unity/Modules/Physics/ScriptBindings/PhysicsContact.bindings.cs:84)
UnityEngine.Physics:OnSceneContact (UnityEngine.PhysicsScene,intptr,int) (at /Users/bokken/build/output/unity/unity/Modules/Physics/ScriptBindings/PhysicsContact.bindings.cs:45)

(Filename: Assets/Scripts/ProjectileRound.cs Line: 37)

PERF LEGACYHIT distance 0.281 contact 0.016 otherCollider Default Enemy(Clone) enemyActive True
UnityEngine.Debug:ExtractStackTraceNoAlloc (byte*,int,string)
UnityEngine.StackTraceUtility:ExtractStackTrace () (at /Users/bokken/build/output/unity/unity/Runtime/Export/Scripting/StackTrace.cs:35)
UnityEngine.DebugLogHandler:Internal_Log (UnityEngine.LogType,UnityEngine.LogOption,string,UnityEngine.Object)
UnityEngine.DebugLogHandler:LogFormat (UnityEngine.LogType,UnityEngine.Object,string,object[])
UnityEngine.Logger:Log (UnityEngine.LogType,object)
UnityEngine.Debug:Log (object)
ProjectileRound:OnCollisionEnter (UnityEngine.Collision) (at Assets/Scripts/ProjectileRound.cs:37)
UnityEngine.Physics:SendOnCollisionEnter (UnityEngine.Component,UnityEngine.Collision)
UnityEngine.Physics:ReportContacts (Unity.Collections.NativeArray`1/ReadOnly<UnityEngine.ContactPairHeader>) (at /Users/bokken/build/output/unity/unity/Modules/Physics/ScriptBindings/PhysicsContact.bindings.cs:84)
UnityEngine.Physics:OnSceneContact (UnityEngine.PhysicsScene,intptr,int) (at /Users/bokken/build/output/unity/unity/Modules/Physics/ScriptBindings/PhysicsContact.bindings.cs:45)

(Filename: Assets/Scripts/ProjectileRound.cs Line: 37)

PERF LEGACYHIT distance 0.277 contact 0.015 otherCollider Default Enemy(Clone) enemyActive True
UnityEngine.Debug:ExtractStackTraceNoAlloc (byte*,int,string)
UnityEngine.StackTraceUtility:ExtractStackTrace () (at /Users/bokken/build/output/unity/unity/Runtime/Export/Scripting/StackTrace.cs:35)
UnityEngine.DebugLogHandler:Internal_Log (UnityEngine.LogType,UnityEngine.LogOption,string,UnityEngine.Object)
UnityEngine.DebugLogHandler:LogFormat (UnityEngine.LogType,UnityEngine.Object,string,object[])
UnityEngine.Logger:Log (UnityEngine.LogType,object)
UnityEngine.Debug:Log (object)
ProjectileRound:OnCollisionEnter (UnityEngine.Collision) (at Assets/Scripts/ProjectileRound.cs:37)
UnityEngine.Physics:SendOnCollisionEnter (UnityEngine.Component,UnityEngine.Collision)
UnityEngine.Physics:ReportContacts (Unity.Collections.NativeArray`1/ReadOnly<UnityEngine.ContactPairHeader>) (at /Users/bokken/build/output/unity/unity/Modules/Physics/ScriptBindings/PhysicsContact.bindings.cs:84)
UnityEngine.Physics:OnSceneContact (UnityEngine.PhysicsScene,intptr,int) (at /Users/bokken/build/output/unity/unity/Modules/Physics/ScriptBindings/PhysicsContact.bindings.cs:45)

(Filename: Assets/Scripts/ProjectileRound.cs Line: 37)

PERF LEGACYHIT distance 0.284 contact 0.018 otherCollider Default Enemy(Clone) enemyActive True
UnityEngine.Debug:ExtractStackTraceNoAlloc (byte*,int,string)
UnityEngine.StackTraceUtility:ExtractStackTrace () (at /Users/bokken/build/output/unity/unity/Runtime/Export/Scripting/StackTrace.cs:35)
UnityEngine.DebugLogHandler:Internal_Log (UnityEngine.LogType,UnityEngine.LogOption,string,UnityEngine.Object)
UnityEngine.DebugLogHandler:LogFormat (UnityEngine.LogType,UnityEngine.Object,string,object[])
UnityEngine.Logger:Log (UnityEngine.LogType,object)
UnityEngine.Debug:Log (object)
ProjectileRound:OnCollisionEnter (UnityEngine.Collision) (at Assets/Scripts/ProjectileRound.cs:37)
UnityEngine.Physics:SendOnCollisionEnter (UnityEngine.Component,UnityEngine.Collision)
UnityEngine.Physics:ReportContacts (Unity.Collections.NativeArray`1/ReadOnly<UnityEngine.ContactPairHeader>) (at /Users/bokken/build/output/unity/unity/Modules/Physics/ScriptBindings/PhysicsContact.bindings.cs:84)
UnityEngine.Physics:OnSceneContact (UnityEngine.PhysicsScene,intptr,int) (at /Users/bokken/build/output/unity/unity/Modules/Physics/ScriptBindings/PhysicsContact.bindings.cs:45)

(Filename: Assets/Scripts/ProjectileRound.cs Line: 37)

PERF LEGACYHIT distance 0.278 contact 0.018 otherCollider Default Enemy(Clone) enemyActive True
UnityEngine.Debug:ExtractStackTraceNoAlloc (byte*,int,string)
UnityEngine.StackTraceUtility:ExtractStackTrace () (at /Users/bokken/build/output/unity/unity/Runtime/Export/Scripting/StackTrace.cs:35)
UnityEngine.DebugLogHandler:Internal_Log (UnityEngine.LogType,UnityEngine.LogOption,string,UnityEngine.Object)
UnityEngine.DebugLogHandler:LogFormat (UnityEngine.LogType,UnityEngine.Object,string,object[])
UnityEngine.Logger:Log (UnityEngine.LogType,object)
UnityEngine.Debug:Log (object)
ProjectileRound:OnCollisionEnter (UnityEngine.Collision) (at Assets/Scripts/ProjectileRound.cs:37)
UnityEngine.Physics:SendOnCollisionEnter (UnityEngine.Component,UnityEngine.Collision)
UnityEngine.Physics:ReportContacts (Unity.Collections.NativeArray`1/ReadOnly<UnityEngine.ContactPairHeader>) (at /Users/bokken/build/output/unity/unity/Modules/Physics/ScriptBindings/PhysicsContact.bindings.cs:84)
UnityEngine.Physics:OnSceneContact (UnityEngine.PhysicsScene,intptr,int) (at /Users/bokken/build/output/unity/unity/Modules/Physics/ScriptBindings/PhysicsContact.bindings.cs:45)

(Filename: Assets/Scripts/ProjectileRound.cs Line: 37)

PERF LEGACYHIT distance 0.277 contact 0.016 otherCollider Default Enemy(Clone) enemyActive True
UnityEngine.Debug:ExtractStackTraceNoAlloc (byte*,int,string)
UnityEngine.StackTraceUtility:ExtractStackTrace () (at /Users/bokken/build/output/unity/unity/Runtime/Export/Scripting/StackTrace.cs:35)
UnityEngine.DebugLogHandler:Internal_Log (UnityEngine.LogType,UnityEngine.LogOption,string,UnityEngine.Object)
UnityEngine.DebugLogHandler:LogFormat (UnityEngine.LogType,UnityEngine.Object,string,object[])
UnityEngine.Logger:Log (UnityEngine.LogType,object)
UnityEngine.Debug:Log (object)
ProjectileRound:OnCollisionEnter (UnityEngine.Collision) (at Assets/Scripts/ProjectileRound.cs:37)
UnityEngine.Physics:SendOnCollisionEnter (UnityEngine.Component,UnityEngine.Collision)
UnityEngine.Physics:ReportContacts (Unity.Collections.NativeArray`1/ReadOnly<UnityEngine.ContactPairHeader>) (at /Users/bokken/build/output/unity/unity/Modules/Physics/ScriptBindings/PhysicsContact.bindings.cs:84)
UnityEngine.Physics:OnSceneContact (UnityEngine.PhysicsScene,intptr,int) (at /Users/bokken/build/output/unity/unity/Modules/Physics/ScriptBindings/PhysicsContact.bindings.cs:45)

(Filename: Assets/Scripts/ProjectileRound.cs Line: 37)

PERF LEGACYHIT distance 0.278 contact 0.014 otherCollider Default Enemy(Clone) enemyActive True
UnityEngine.Debug:ExtractStackTraceNoAlloc (byte*,int,string)
UnityEngine.StackTraceUtility:ExtractStackTrace () (at /Users/bokken/build/output/unity/unity/Runtime/Export/Scripting/StackTrace.cs:35)
UnityEngine.DebugLogHandler:Internal_Log (UnityEngine.LogType,UnityEngine.LogOption,string,UnityEngine.Object)
UnityEngine.DebugLogHandler:LogFormat (UnityEngine.LogType,UnityEngine.Object,string,object[])
UnityEngine.Logger:Log (UnityEngine.LogType,object)
UnityEngine.Debug:Log (object)
ProjectileRound:OnCollisionEnter (UnityEngine.Collision) (at Assets/Scripts/ProjectileRound.cs:37)
UnityEngine.Physics:SendOnCollisionEnter (UnityEngine.Component,UnityEngine.Collision)
UnityEngine.Physics:ReportContacts (Unity.Collections.NativeArray`1/ReadOnly<UnityEngine.ContactPairHeader>) (at /Users/bokken/build/output/unity/unity/Modules/Physics/ScriptBindings/PhysicsContact.bindings.cs:84)
UnityEngine.Physics:OnSceneContact (UnityEngine.PhysicsScene,intptr,int) (at /Users/bokken/build/output/unity/unity/Modules/Physics/ScriptBindings/PhysicsContact.bindings.cs:45)

(Filename: Assets/Scripts/ProjectileRound.cs Line: 37)

PERF LEGACYHIT distance 0.283 contact 0.018 otherCollider Default Enemy(Clone) enemyActive True
UnityEngine.Debug:ExtractStackTraceNoAlloc (byte*,int,string)
UnityEngine.StackTraceUtility:ExtractStackTrace () (at /Users/bokken/build/output/unity/unity/Runtime/Export/Scripting/StackTrace.cs:35)
UnityEngine.DebugLogHandler:Internal_Log (UnityEngine.LogType,UnityEngine.LogOption,string,UnityEngine.Object)
UnityEngine.DebugLogHandler:LogFormat (UnityEngine.LogType,UnityEngine.Object,string,object[])
UnityEngine.Logger:Log (UnityEngine.LogType,object)
UnityEngine.Debug:Log (object)
ProjectileRound:OnCollisionEnter (UnityEngine.Collision) (at Assets/Scripts/ProjectileRound.cs:37)
UnityEngine.Physics:SendOnCollisionEnter (UnityEngine.Component,UnityEngine.Collision)
UnityEngine.Physics:ReportContacts (Unity.Collections.NativeArray`1/ReadOnly<UnityEngine.ContactPairHeader>) (at /Users/bokken/build/output/unity/unity/Modules/Physics/ScriptBindings/PhysicsContact.bindings.cs:84)
UnityEngine.Physics:OnSceneContact (UnityEngine.PhysicsScene,intptr,int) (at /Users/bokken/build/output/unity/unity/Modules/Physics/ScriptBindings/PhysicsContact.bindings.cs:45)

(Filename: Assets/Scripts/ProjectileRound.cs Line: 37)

PERF LEGACYHIT distance 0.286 contact 0.018 otherCollider Default Enemy(Clone) enemyActive True
UnityEngine.Debug:ExtractStackTraceNoAlloc (byte*,int,string)
UnityEngine.StackTraceUtility:ExtractStackTrace () (at /Users/bokken/build/output/unity/unity/Runtime/Export/Scripting/StackTrace.cs:35)
UnityEngine.DebugLogHandler:Internal_Log (UnityEngine.LogType,UnityEngine.LogOption,string,UnityEngine.Object)
UnityEngine.DebugLogHandler:LogFormat (UnityEngine.LogType,UnityEngine.Object,string,object[])
UnityEngine.Logger:Log (UnityEngine.LogType,object)
UnityEngine.Debug:Log (object)
ProjectileRound:OnCollisionEnter (UnityEngine.Collision) (at Assets/Scripts/ProjectileRound.cs:37)
UnityEngine.Physics:SendOnCollisionEnter (UnityEngine.Component,UnityEngine.Collision)
UnityEngine.Physics:ReportContacts (Unity.Collections.NativeArray`1/ReadOnly<UnityEngine.ContactPairHeader>) (at /Users/bokken/build/output/unity/unity/Modules/Physics/ScriptBindings/PhysicsContact.bindings.cs:84)
UnityEngine.Physics:OnSceneContact (UnityEngine.PhysicsScene,intptr,int) (at /Users/bokken/build/output/unity/unity/Modules/Physics/ScriptBindings/PhysicsContact.bindings.cs:45)

(Filename: Assets/Scripts/ProjectileRound.cs Line: 37)

PERF LEGACYHIT distance 0.283 contact 0.019 otherCollider Default Enemy(Clone) enemyActive True
UnityEngine.Debug:ExtractStackTraceNoAlloc (byte*,int,string)
UnityEngine.StackTraceUtility:ExtractStackTrace () (at /Users/bokken/build/output/unity/unity/Runtime/Export/Scripting/StackTrace.cs:35)
UnityEngine.DebugLogHandler:Internal_Log (UnityEngine.LogType,UnityEngine.LogOption,string,UnityEngine.Object)
UnityEngine.DebugLogHandler:LogFormat (UnityEngine.LogType,UnityEngine.Object,string,object[])
UnityEngine.Logger:Log (UnityEngine.LogType,object)
UnityEngine.Debug:Log (object)
ProjectileRound:OnCollisionEnter (UnityEngine.Collision) (at Assets/Scripts/ProjectileRound.cs:37)
UnityEngine.Physics:SendOnCollisionEnter (UnityEngine.Component,UnityEngine.Collision)
UnityEngine.Physics:ReportContacts (Unity.Collections.NativeArray`1/ReadOnly<UnityEngine.ContactPairHeader>) (at /Users/bokken/build/output/unity/unity/Modules/Physics/ScriptBindings/PhysicsContact.bindings.cs:84)
UnityEngine.Physics:OnSceneContact (UnityEngine.PhysicsScene,intptr,int) (at /Users/bokken/build/output/unity/unity/Modules/Physics/ScriptBindings/PhysicsContact.bindings.cs:45)

(Filename: Assets/Scripts/ProjectileRound.cs Line: 37)

PERF LEGACYHIT distance 0.290 contact 0.019 otherCollider Default Enemy(Clone) enemyActive True
UnityEngine.Debug:ExtractStackTraceNoAlloc (byte*,int,string)
UnityEngine.StackTraceUtility:ExtractStackTrace () (at /Users/bokken/build/output/unity/unity/Runtime/Export/Scripting/StackTrace.cs:35)
UnityEngine.DebugLogHandler:Internal_Log (UnityEngine.LogType,UnityEngine.LogOption,string,UnityEngine.Object)
UnityEngine.DebugLogHandler:LogFormat (UnityEngine.LogType,UnityEngine.Object,string,object[])
UnityEngine.Logger:Log (UnityEngine.LogType,object)
UnityEngine.Debug:Log (object)
ProjectileRound:OnCollisionEnter (UnityEngine.Collision) (at Assets/Scripts/ProjectileRound.cs:37)
UnityEngine.Physics:SendOnCollisionEnter (UnityEngine.Component,UnityEngine.Collision)
UnityEngine.Physics:ReportContacts (Unity.Collections.NativeArray`1/ReadOnly<UnityEngine.ContactPairHeader>) (at /Users/bokken/build/output/unity/unity/Modules/Physics/ScriptBindings/PhysicsContact.bindings.cs:84)
UnityEngine.Physics:OnSceneContact (UnityEngine.PhysicsScene,intptr,int) (at /Users/bokken/build/output/unity/unity/Modules/Physics/ScriptBindings/PhysicsContact.bindings.cs:45)

(Filename: Assets/Scripts/ProjectileRound.cs Line: 37)

PERF LEGACYHIT distance 0.284 contact 0.017 otherCollider Default Enemy(Clone) enemyActive True
UnityEngine.Debug:ExtractStackTraceNoAlloc (byte*,int,string)
UnityEngine.StackTraceUtility:ExtractStackTrace () (at /Users/bokken/build/output/unity/unity/Runtime/Export/Scripting/StackTrace.cs:35)
UnityEngine.DebugLogHandler:Internal_Log (UnityEngine.LogType,UnityEngine.LogOption,string,UnityEngine.Object)
UnityEngine.DebugLogHandler:LogFormat (UnityEngine.LogType,UnityEngine.Object,string,object[])
UnityEngine.Logger:Log (UnityEngine.LogType,object)
UnityEngine.Debug:Log (object)
ProjectileRound:OnCollisionEnter (UnityEngine.Collision) (at Assets/Scripts/ProjectileRound.cs:37)
UnityEngine.Physics:SendOnCollisionEnter (UnityEngine.Component,UnityEngine.Collision)
UnityEngine.Physics:ReportContacts (Unity.Collections.NativeArray`1/ReadOnly<UnityEngine.ContactPairHeader>) (at /Users/bokken/build/output/unity/unity/Modules/Physics/ScriptBindings/PhysicsContact.bindings.cs:84)
UnityEngine.Physics:OnSceneContact (UnityEngine.PhysicsScene,intptr,int) (at /Users/bokken/build/output/unity/unity/Modules/Physics/ScriptBindings/PhysicsContact.bindings.cs:45)

(Filename: Assets/Scripts/ProjectileRound.cs Line: 37)

PERF LEGACYHIT distance 0.280 contact 0.015 otherCollider Default Enemy(Clone) enemyActive True
UnityEngine.Debug:ExtractStackTraceNoAlloc (byte*,int,string)
UnityEngine.StackTraceUtility:ExtractStackTrace () (at /Users/bokken/build/output/unity/unity/Runtime/Export/Scripting/StackTrace.cs:35)
UnityEngine.DebugLogHandler:Internal_Log (UnityEngine.LogType,UnityEngine.LogOption,string,UnityEngine.Object)
UnityEngine.DebugLogHandler:LogFormat (UnityEngine.LogType,UnityEngine.Object,string,object[])
UnityEngine.Logger:Log (UnityEngine.LogType,object)
UnityEngine.Debug:Log (object)
ProjectileRound:OnCollisionEnter (UnityEngine.Collision) (at Assets/Scripts/ProjectileRound.cs:37)
UnityEngine.Physics:SendOnCollisionEnter (UnityEngine.Component,UnityEngine.Collision)
UnityEngine.Physics:ReportContacts (Unity.Collections.NativeArray`1/ReadOnly<UnityEngine.ContactPairHeader>) (at /Users/bokken/build/output/unity/unity/Modules/Physics/ScriptBindings/PhysicsContact.bindings.cs:84)
UnityEngine.Physics:OnSceneContact (UnityEngine.PhysicsScene,intptr,int) (at /Users/bokken/build/output/unity/unity/Modules/Physics/ScriptBindings/PhysicsContact.bindings.cs:45)

(Filename: Assets/Scripts/ProjectileRound.cs Line: 37)

PERF LEGACYHIT distance 0.274 contact 0.014 otherCollider Default Enemy(Clone) enemyActive True
UnityEngine.Debug:ExtractStackTraceNoAlloc (byte*,int,string)
UnityEngine.StackTraceUtility:ExtractStackTrace () (at /Users/bokken/build/output/unity/unity/Runtime/Export/Scripting/StackTrace.cs:35)
UnityEngine.DebugLogHandler:Internal_Log (UnityEngine.LogType,UnityEngine.LogOption,string,UnityEngine.Object)
UnityEngine.DebugLogHandler:LogFormat (UnityEngine.LogType,UnityEngine.Object,string,object[])
UnityEngine.Logger:Log (UnityEngine.LogType,object)
UnityEngine.Debug:Log (object)
ProjectileRound:OnCollisionEnter (UnityEngine.Collision) (at Assets/Scripts/ProjectileRound.cs:37)
UnityEngine.Physics:SendOnCollisionEnter (UnityEngine.Component,UnityEngine.Collision)
UnityEngine.Physics:ReportContacts (Unity.Collections.NativeArray`1/ReadOnly<UnityEngine.ContactPairHeader>) (at /Users/bokken/build/output/unity/unity/Modules/Physics/ScriptBindings/PhysicsContact.bindings.cs:84)
UnityEngine.Physics:OnSceneContact (UnityEngine.PhysicsScene,intptr,int) (at /Users/bokken/build/output/unity/unity/Modules/Physics/ScriptBindings/PhysicsContact.bindings.cs:45)

(Filename: Assets/Scripts/ProjectileRound.cs Line: 37)

PERF LEGACYHIT distance 0.277 contact 0.013 otherCollider Default Enemy(Clone) enemyActive True
UnityEngine.Debug:ExtractStackTraceNoAlloc (byte*,int,string)
UnityEngine.StackTraceUtility:ExtractStackTrace () (at /Users/bokken/build/output/unity/unity/Runtime/Export/Scripting/StackTrace.cs:35)
UnityEngine.DebugLogHandler:Internal_Log (UnityEngine.LogType,UnityEngine.LogOption,string,UnityEngine.Object)
UnityEngine.DebugLogHandler:LogFormat (UnityEngine.LogType,UnityEngine.Object,string,object[])
UnityEngine.Logger:Log (UnityEngine.LogType,object)
UnityEngine.Debug:Log (object)
ProjectileRound:OnCollisionEnter (UnityEngine.Collision) (at Assets/Scripts/ProjectileRound.cs:37)
UnityEngine.Physics:SendOnCollisionEnter (UnityEngine.Component,UnityEngine.Collision)
UnityEngine.Physics:ReportContacts (Unity.Collections.NativeArray`1/ReadOnly<UnityEngine.ContactPairHeader>) (at /Users/bokken/build/output/unity/unity/Modules/Physics/ScriptBindings/PhysicsContact.bindings.cs:84)
UnityEngine.Physics:OnSceneContact (UnityEngine.PhysicsScene,intptr,int) (at /Users/bokken/build/output/unity/unity/Modules/Physics/ScriptBindings/PhysicsContact.bindings.cs:45)

(Filename: Assets/Scripts/ProjectileRound.cs Line: 37)

PERF LEGACYHIT distance 0.275 contact 0.012 otherCollider Default Enemy(Clone) enemyActive True
UnityEngine.Debug:ExtractStackTraceNoAlloc (byte*,int,string)
UnityEngine.StackTraceUtility:ExtractStackTrace () (at /Users/bokken/build/output/unity/unity/Runtime/Export/Scripting/StackTrace.cs:35)
UnityEngine.DebugLogHandler:Internal_Log (UnityEngine.LogType,UnityEngine.LogOption,string,UnityEngine.Object)
UnityEngine.DebugLogHandler:LogFormat (UnityEngine.LogType,UnityEngine.Object,string,object[])
UnityEngine.Logger:Log (UnityEngine.LogType,object)
UnityEngine.Debug:Log (object)
ProjectileRound:OnCollisionEnter (UnityEngine.Collision) (at Assets/Scripts/ProjectileRound.cs:37)
UnityEngine.Physics:SendOnCollisionEnter (UnityEngine.Component,UnityEngine.Collision)
UnityEngine.Physics:ReportContacts (Unity.Collections.NativeArray`1/ReadOnly<UnityEngine.ContactPairHeader>) (at /Users/bokken/build/output/unity/unity/Modules/Physics/ScriptBindings/PhysicsContact.bindings.cs:84)
UnityEngine.Physics:OnSceneContact (UnityEngine.PhysicsScene,intptr,int) (at /Users/bokken/build/output/unity/unity/Modules/Physics/ScriptBindings/PhysicsContact.bindings.cs:45)

(Filename: Assets/Scripts/ProjectileRound.cs Line: 37)

PERF LEGACYHIT distance 0.275 contact 0.016 otherCollider Default Enemy(Clone) enemyActive True
UnityEngine.Debug:ExtractStackTraceNoAlloc (byte*,int,string)
UnityEngine.StackTraceUtility:ExtractStackTrace () (at /Users/bokken/build/output/unity/unity/Runtime/Export/Scripting/StackTrace.cs:35)
UnityEngine.DebugLogHandler:Internal_Log (UnityEngine.LogType,UnityEngine.LogOption,string,UnityEngine.Object)
UnityEngine.DebugLogHandler:LogFormat (UnityEngine.LogType,UnityEngine.Object,string,object[])
UnityEngine.Logger:Log (UnityEngine.LogType,object)
UnityEngine.Debug:Log (object)
ProjectileRound:OnCollisionEnter (UnityEngine.Collision) (at Assets/Scripts/ProjectileRound.cs:37)
UnityEngine.Physics:SendOnCollisionEnter (UnityEngine.Component,UnityEngine.Collision)
UnityEngine.Physics:ReportContacts (Unity.Collections.NativeArray`1/ReadOnly<UnityEngine.ContactPairHeader>) (at /Users/bokken/build/output/unity/unity/Modules/Physics/ScriptBindings/PhysicsContact.bindings.cs:84)
UnityEngine.Physics:OnSceneContact (UnityEngine.PhysicsScene,intptr,int) (at /Users/bokken/build/output/unity/unity/Modules/Physics/ScriptBindings/PhysicsContact.bindings.cs:45)

(Filename: Assets/Scripts/ProjectileRound.cs Line: 37)

PERF LEGACYHIT distance 0.274 contact 0.012 otherCollider Default Enemy(Clone) enemyActive True
UnityEngine.Debug:ExtractStackTraceNoAlloc (byte*,int,string)
UnityEngine.StackTraceUtility:ExtractStackTrace () (at /Users/bokken/build/output/unity/unity/Runtime/Export/Scripting/StackTrace.cs:35)
UnityEngine.DebugLogHandler:Internal_Log (UnityEngine.LogType,UnityEngine.LogOption,string,UnityEngine.Object)
UnityEngine.DebugLogHandler:LogFormat (UnityEngine.LogType,UnityEngine.Object,string,object[])
UnityEngine.Logger:Log (UnityEngine.LogType,object)
UnityEngine.Debug:Log (object)
ProjectileRound:OnCollisionEnter (UnityEngine.Collision) (at Assets/Scripts/ProjectileRound.cs:37)
UnityEngine.Physics:SendOnCollisionEnter (UnityEngine.Component,UnityEngine.Collision)
UnityEngine.Physics:ReportContacts (Unity.Collections.NativeArray`1/ReadOnly<UnityEngine.ContactPairHeader>) (at /Users/bokken/build/output/unity/unity/Modules/Physics/ScriptBindings/PhysicsContact.bindings.cs:84)
UnityEngine.Physics:OnSceneContact (UnityEngine.PhysicsScene,intptr,int) (at /Users/bokken/build/output/unity/unity/Modules/Physics/ScriptBindings/PhysicsContact.bindings.cs:45)

(Filename: Assets/Scripts/ProjectileRound.cs Line: 37)

PERF LEGACYHIT distance 0.284 contact 0.018 otherCollider Default Enemy(Clone) enemyActive True
UnityEngine.Debug:ExtractStackTraceNoAlloc (byte*,int,string)
UnityEngine.StackTraceUtility:ExtractStackTrace () (at /Users/bokken/build/output/unity/unity/Runtime/Export/Scripting/StackTrace.cs:35)
UnityEngine.DebugLogHandler:Internal_Log (UnityEngine.LogType,UnityEngine.LogOption,string,UnityEngine.Object)
UnityEngine.DebugLogHandler:LogFormat (UnityEngine.LogType,UnityEngine.Object,string,object[])
UnityEngine.Logger:Log (UnityEngine.LogType,object)
UnityEngine.Debug:Log (object)
ProjectileRound:OnCollisionEnter (UnityEngine.Collision) (at Assets/Scripts/ProjectileRound.cs:37)
UnityEngine.Physics:SendOnCollisionEnter (UnityEngine.Component,UnityEngine.Collision)
UnityEngine.Physics:ReportContacts (Unity.Collections.NativeArray`1/ReadOnly<UnityEngine.ContactPairHeader>) (at /Users/bokken/build/output/unity/unity/Modules/Physics/ScriptBindings/PhysicsContact.bindings.cs:84)
UnityEngine.Physics:OnSceneContact (UnityEngine.PhysicsScene,intptr,int) (at /Users/bokken/build/output/unity/unity/Modules/Physics/ScriptBindings/PhysicsContact.bindings.cs:45)

(Filename: Assets/Scripts/ProjectileRound.cs Line: 37)

PERF LEGACYHIT distance 0.279 contact 0.017 otherCollider Default Enemy(Clone) enemyActive True
UnityEngine.Debug:ExtractStackTraceNoAlloc (byte*,int,string)
UnityEngine.StackTraceUtility:ExtractStackTrace () (at /Users/bokken/build/output/unity/unity/Runtime/Export/Scripting/StackTrace.cs:35)
UnityEngine.DebugLogHandler:Internal_Log (UnityEngine.LogType,UnityEngine.LogOption,string,UnityEngine.Object)
UnityEngine.DebugLogHandler:LogFormat (UnityEngine.LogType,UnityEngine.Object,string,object[])
UnityEngine.Logger:Log (UnityEngine.LogType,object)
UnityEngine.Debug:Log (object)
ProjectileRound:OnCollisionEnter (UnityEngine.Collision) (at Assets/Scripts/ProjectileRound.cs:37)
UnityEngine.Physics:SendOnCollisionEnter (UnityEngine.Component,UnityEngine.Collision)
UnityEngine.Physics:ReportContacts (Unity.Collections.NativeArray`1/ReadOnly<UnityEngine.ContactPairHeader>) (at /Users/bokken/build/output/unity/unity/Modules/Physics/ScriptBindings/PhysicsContact.bindings.cs:84)
UnityEngine.Physics:OnSceneContact (UnityEngine.PhysicsScene,intptr,int) (at /Users/bokken/build/output/unity/unity/Modules/Physics/ScriptBindings/PhysicsContact.bindings.cs:45)

(Filename: Assets/Scripts/ProjectileRound.cs Line: 37)

PERF LEGACYHIT distance 0.282 contact 0.014 otherCollider Default Enemy(Clone) enemyActive True
UnityEngine.Debug:ExtractStackTraceNoAlloc (byte*,int,string)
UnityEngine.StackTraceUtility:ExtractStackTrace () (at /Users/bokken/build/output/unity/unity/Runtime/Export/Scripting/StackTrace.cs:35)
UnityEngine.DebugLogHandler:Internal_Log (UnityEngine.LogType,UnityEngine.LogOption,string,UnityEngine.Object)
UnityEngine.DebugLogHandler:LogFormat (UnityEngine.LogType,UnityEngine.Object,string,object[])
UnityEngine.Logger:Log (UnityEngine.LogType,object)
UnityEngine.Debug:Log (object)
ProjectileRound:OnCollisionEnter (UnityEngine.Collision) (at Assets/Scripts/ProjectileRound.cs:37)
UnityEngine.Physics:SendOnCollisionEnter (UnityEngine.Component,UnityEngine.Collision)
UnityEngine.Physics:ReportContacts (Unity.Collections.NativeArray`1/ReadOnly<UnityEngine.ContactPairHeader>) (at /Users/bokken/build/output/unity/unity/Modules/Physics/ScriptBindings/PhysicsContact.bindings.cs:84)
UnityEngine.Physics:OnSceneContact (UnityEngine.PhysicsScene,intptr,int) (at /Users/bokken/build/output/unity/unity/Modules/Physics/ScriptBindings/PhysicsContact.bindings.cs:45)

(Filename: Assets/Scripts/ProjectileRound.cs Line: 37)

PERF LEGACYHIT distance 0.285 contact 0.015 otherCollider Default Enemy(Clone) enemyActive True
UnityEngine.Debug:ExtractStackTraceNoAlloc (byte*,int,string)
UnityEngine.StackTraceUtility:ExtractStackTrace () (at /Users/bokken/build/output/unity/unity/Runtime/Export/Scripting/StackTrace.cs:35)
UnityEngine.DebugLogHandler:Internal_Log (UnityEngine.LogType,UnityEngine.LogOption,string,UnityEngine.Object)
UnityEngine.DebugLogHandler:LogFormat (UnityEngine.LogType,UnityEngine.Object,string,object[])
UnityEngine.Logger:Log (UnityEngine.LogType,object)
UnityEngine.Debug:Log (object)
ProjectileRound:OnCollisionEnter (UnityEngine.Collision) (at Assets/Scripts/ProjectileRound.cs:37)
UnityEngine.Physics:SendOnCollisionEnter (UnityEngine.Component,UnityEngine.Collision)
UnityEngine.Physics:ReportContacts (Unity.Collections.NativeArray`1/ReadOnly<UnityEngine.ContactPairHeader>) (at /Users/bokken/build/output/unity/unity/Modules/Physics/ScriptBindings/PhysicsContact.bindings.cs:84)
UnityEngine.Physics:OnSceneContact (UnityEngine.PhysicsScene,intptr,int) (at /Users/bokken/build/output/unity/unity/Modules/Physics/ScriptBindings/PhysicsContact.bindings.cs:45)

(Filename: Assets/Scripts/ProjectileRound.cs Line: 37)

PERF LEGACYHIT distance 0.289 contact 0.017 otherCollider Default Enemy(Clone) enemyActive True
UnityEngine.Debug:ExtractStackTraceNoAlloc (byte*,int,string)
UnityEngine.StackTraceUtility:ExtractStackTrace () (at /Users/bokken/build/output/unity/unity/Runtime/Export/Scripting/StackTrace.cs:35)
UnityEngine.DebugLogHandler:Internal_Log (UnityEngine.LogType,UnityEngine.LogOption,string,UnityEngine.Object)
UnityEngine.DebugLogHandler:LogFormat (UnityEngine.LogType,UnityEngine.Object,string,object[])
UnityEngine.Logger:Log (UnityEngine.LogType,object)
UnityEngine.Debug:Log (object)
ProjectileRound:OnCollisionEnter (UnityEngine.Collision) (at Assets/Scripts/ProjectileRound.cs:37)
UnityEngine.Physics:SendOnCollisionEnter (UnityEngine.Component,UnityEngine.Collision)
UnityEngine.Physics:ReportContacts (Unity.Collections.NativeArray`1/ReadOnly<UnityEngine.ContactPairHeader>) (at /Users/bokken/build/output/unity/unity/Modules/Physics/ScriptBindings/PhysicsContact.bindings.cs:84)
UnityEngine.Physics:OnSceneContact (UnityEngine.PhysicsScene,intptr,int) (at /Users/bokken/build/output/unity/unity/Modules/Physics/ScriptBindings/PhysicsContact.bindings.cs:45)

(Filename: Assets/Scripts/ProjectileRound.cs Line: 37)

PERF LEGACYHIT distance 0.279 contact 0.015 otherCollider Default Enemy(Clone) enemyActive True
UnityEngine.Debug:ExtractStackTraceNoAlloc (byte*,int,string)
UnityEngine.StackTraceUtility:ExtractStackTrace () (at /Users/bokken/build/output/unity/unity/Runtime/Export/Scripting/StackTrace.cs:35)
UnityEngine.DebugLogHandler:Internal_Log (UnityEngine.LogType,UnityEngine.LogOption,string,UnityEngine.Object)
UnityEngine.DebugLogHandler:LogFormat (UnityEngine.LogType,UnityEngine.Object,string,object[])
UnityEngine.Logger:Log (UnityEngine.LogType,object)
UnityEngine.Debug:Log (object)
ProjectileRound:OnCollisionEnter (UnityEngine.Collision) (at Assets/Scripts/ProjectileRound.cs:37)
UnityEngine.Physics:SendOnCollisionEnter (UnityEngine.Component,UnityEngine.Collision)
UnityEngine.Physics:ReportContacts (Unity.Collections.NativeArray`1/ReadOnly<UnityEngine.ContactPairHeader>) (at /Users/bokken/build/output/unity/unity/Modules/Physics/ScriptBindings/PhysicsContact.bindings.cs:84)
UnityEngine.Physics:OnSceneContact (UnityEngine.PhysicsScene,intptr,int) (at /Users/bokken/build/output/unity/unity/Modules/Physics/ScriptBindings/PhysicsContact.bindings.cs:45)

(Filename: Assets/Scripts/ProjectileRound.cs Line: 37)

PERF LEGACYHIT distance 0.280 contact 0.013 otherCollider Default Enemy(Clone) enemyActive True
UnityEngine.Debug:ExtractStackTraceNoAlloc (byte*,int,string)
UnityEngine.StackTraceUtility:ExtractStackTrace () (at /Users/bokken/build/output/unity/unity/Runtime/Export/Scripting/StackTrace.cs:35)
UnityEngine.DebugLogHandler:Internal_Log (UnityEngine.LogType,UnityEngine.LogOption,string,UnityEngine.Object)
UnityEngine.DebugLogHandler:LogFormat (UnityEngine.LogType,UnityEngine.Object,string,object[])
UnityEngine.Logger:Log (UnityEngine.LogType,object)
UnityEngine.Debug:Log (object)
ProjectileRound:OnCollisionEnter (UnityEngine.Collision) (at Assets/Scripts/ProjectileRound.cs:37)
UnityEngine.Physics:SendOnCollisionEnter (UnityEngine.Component,UnityEngine.Collision)
UnityEngine.Physics:ReportContacts (Unity.Collections.NativeArray`1/ReadOnly<UnityEngine.ContactPairHeader>) (at /Users/bokken/build/output/unity/unity/Modules/Physics/ScriptBindings/PhysicsContact.bindings.cs:84)
UnityEngine.Physics:OnSceneContact (UnityEngine.PhysicsScene,intptr,int) (at /Users/bokken/build/output/unity/unity/Modules/Physics/ScriptBindings/PhysicsContact.bindings.cs:45)

(Filename: Assets/Scripts/ProjectileRound.cs Line: 37)

PERF LEGACYHIT distance 0.278 contact 0.014 otherCollider Default Enemy(Clone) enemyActive True
UnityEngine.Debug:ExtractStackTraceNoAlloc (byte*,int,string)
UnityEngine.StackTraceUtility:ExtractStackTrace () (at /Users/bokken/build/output/unity/unity/Runtime/Export/Scripting/StackTrace.cs:35)
UnityEngine.DebugLogHandler:Internal_Log (UnityEngine.LogType,UnityEngine.LogOption,string,UnityEngine.Object)
UnityEngine.DebugLogHandler:LogFormat (UnityEngine.LogType,UnityEngine.Object,string,object[])
UnityEngine.Logger:Log (UnityEngine.LogType,object)
UnityEngine.Debug:Log (object)
ProjectileRound:OnCollisionEnter (UnityEngine.Collision) (at Assets/Scripts/ProjectileRound.cs:37)
UnityEngine.Physics:SendOnCollisionEnter (UnityEngine.Component,UnityEngine.Collision)
UnityEngine.Physics:ReportContacts (Unity.Collections.NativeArray`1/ReadOnly<UnityEngine.ContactPairHeader>) (at /Users/bokken/build/output/unity/unity/Modules/Physics/ScriptBindings/PhysicsContact.bindings.cs:84)
UnityEngine.Physics:OnSceneContact (UnityEngine.PhysicsScene,intptr,int) (at /Users/bokken/build/output/unity/unity/Modules/Physics/ScriptBindings/PhysicsContact.bindings.cs:45)

(Filename: Assets/Scripts/ProjectileRound.cs Line: 37)

PERF LEGACYHIT distance 0.277 contact 0.014 otherCollider Default Enemy(Clone) enemyActive True
UnityEngine.Debug:ExtractStackTraceNoAlloc (byte*,int,string)
UnityEngine.StackTraceUtility:ExtractStackTrace () (at /Users/bokken/build/output/unity/unity/Runtime/Export/Scripting/StackTrace.cs:35)
UnityEngine.DebugLogHandler:Internal_Log (UnityEngine.LogType,UnityEngine.LogOption,string,UnityEngine.Object)
UnityEngine.DebugLogHandler:LogFormat (UnityEngine.LogType,UnityEngine.Object,string,object[])
UnityEngine.Logger:Log (UnityEngine.LogType,object)
UnityEngine.Debug:Log (object)
ProjectileRound:OnCollisionEnter (UnityEngine.Collision) (at Assets/Scripts/ProjectileRound.cs:37)
UnityEngine.Physics:SendOnCollisionEnter (UnityEngine.Component,UnityEngine.Collision)
UnityEngine.Physics:ReportContacts (Unity.Collections.NativeArray`1/ReadOnly<UnityEngine.ContactPairHeader>) (at /Users/bokken/build/output/unity/unity/Modules/Physics/ScriptBindings/PhysicsContact.bindings.cs:84)
UnityEngine.Physics:OnSceneContact (UnityEngine.PhysicsScene,intptr,int) (at /Users/bokken/build/output/unity/unity/Modules/Physics/ScriptBindings/PhysicsContact.bindings.cs:45)

(Filename: Assets/Scripts/ProjectileRound.cs Line: 37)

PERF LEGACYHIT distance 0.276 contact 0.015 otherCollider Default Enemy(Clone) enemyActive True
UnityEngine.Debug:ExtractStackTraceNoAlloc (byte*,int,string)
UnityEngine.StackTraceUtility:ExtractStackTrace () (at /Users/bokken/build/output/unity/unity/Runtime/Export/Scripting/StackTrace.cs:35)
UnityEngine.DebugLogHandler:Internal_Log (UnityEngine.LogType,UnityEngine.LogOption,string,UnityEngine.Object)
UnityEngine.DebugLogHandler:LogFormat (UnityEngine.LogType,UnityEngine.Object,string,object[])
UnityEngine.Logger:Log (UnityEngine.LogType,object)
UnityEngine.Debug:Log (object)
ProjectileRound:OnCollisionEnter (UnityEngine.Collision) (at Assets/Scripts/ProjectileRound.cs:37)
UnityEngine.Physics:SendOnCollisionEnter (UnityEngine.Component,UnityEngine.Collision)
UnityEngine.Physics:ReportContacts (Unity.Collections.NativeArray`1/ReadOnly<UnityEngine.ContactPairHeader>) (at /Users/bokken/build/output/unity/unity/Modules/Physics/ScriptBindings/PhysicsContact.bindings.cs:84)
UnityEngine.Physics:OnSceneContact (UnityEngine.PhysicsScene,intptr,int) (at /Users/bokken/build/output/unity/unity/Modules/Physics/ScriptBindings/PhysicsContact.bindings.cs:45)

(Filename: Assets/Scripts/ProjectileRound.cs Line: 37)

PERF LEGACYHIT distance 0.284 contact 0.018 otherCollider Default Enemy(Clone) enemyActive True
UnityEngine.Debug:ExtractStackTraceNoAlloc (byte*,int,string)
UnityEngine.StackTraceUtility:ExtractStackTrace () (at /Users/bokken/build/output/unity/unity/Runtime/Export/Scripting/StackTrace.cs:35)
UnityEngine.DebugLogHandler:Internal_Log (UnityEngine.LogType,UnityEngine.LogOption,string,UnityEngine.Object)
UnityEngine.DebugLogHandler:LogFormat (UnityEngine.LogType,UnityEngine.Object,string,object[])
UnityEngine.Logger:Log (UnityEngine.LogType,object)
UnityEngine.Debug:Log (object)
ProjectileRound:OnCollisionEnter (UnityEngine.Collision) (at Assets/Scripts/ProjectileRound.cs:37)
UnityEngine.Physics:SendOnCollisionEnter (UnityEngine.Component,UnityEngine.Collision)
UnityEngine.Physics:ReportContacts (Unity.Collections.NativeArray`1/ReadOnly<UnityEngine.ContactPairHeader>) (at /Users/bokken/build/output/unity/unity/Modules/Physics/ScriptBindings/PhysicsContact.bindings.cs:84)
UnityEngine.Physics:OnSceneContact (UnityEngine.PhysicsScene,intptr,int) (at /Users/bokken/build/output/unity/unity/Modules/Physics/ScriptBindings/PhysicsContact.bindings.cs:45)

(Filename: Assets/Scripts/ProjectileRound.cs Line: 37)

PERF LEGACYHIT distance 0.277 contact 0.017 otherCollider Default Enemy(Clone) enemyActive True
UnityEngine.Debug:ExtractStackTraceNoAlloc (byte*,int,string)
UnityEngine.StackTraceUtility:ExtractStackTrace () (at /Users/bokken/build/output/unity/unity/Runtime/Export/Scripting/StackTrace.cs:35)
UnityEngine.DebugLogHandler:Internal_Log (UnityEngine.LogType,UnityEngine.LogOption,string,UnityEngine.Object)
UnityEngine.DebugLogHandler:LogFormat (UnityEngine.LogType,UnityEngine.Object,string,object[])
UnityEngine.Logger:Log (UnityEngine.LogType,object)
UnityEngine.Debug:Log (object)
ProjectileRound:OnCollisionEnter (UnityEngine.Collision) (at Assets/Scripts/ProjectileRound.cs:37)
UnityEngine.Physics:SendOnCollisionEnter (UnityEngine.Component,UnityEngine.Collision)
UnityEngine.Physics:ReportContacts (Unity.Collections.NativeArray`1/ReadOnly<UnityEngine.ContactPairHeader>) (at /Users/bokken/build/output/unity/unity/Modules/Physics/ScriptBindings/PhysicsContact.bindings.cs:84)
UnityEngine.Physics:OnSceneContact (UnityEngine.PhysicsScene,intptr,int) (at /Users/bokken/build/output/unity/unity/Modules/Physics/ScriptBindings/PhysicsContact.bindings.cs:45)

(Filename: Assets/Scripts/ProjectileRound.cs Line: 37)

PERF LEGACYHIT distance 0.280 contact 0.015 otherCollider Default Enemy(Clone) enemyActive True
UnityEngine.Debug:ExtractStackTraceNoAlloc (byte*,int,string)
UnityEngine.StackTraceUtility:ExtractStackTrace () (at /Users/bokken/build/output/unity/unity/Runtime/Export/Scripting/StackTrace.cs:35)
UnityEngine.DebugLogHandler:Internal_Log (UnityEngine.LogType,UnityEngine.LogOption,string,UnityEngine.Object)
UnityEngine.DebugLogHandler:LogFormat (UnityEngine.LogType,UnityEngine.Object,string,object[])
UnityEngine.Logger:Log (UnityEngine.LogType,object)
UnityEngine.Debug:Log (object)
ProjectileRound:OnCollisionEnter (UnityEngine.Collision) (at Assets/Scripts/ProjectileRound.cs:37)
UnityEngine.Physics:SendOnCollisionEnter (UnityEngine.Component,UnityEngine.Collision)
UnityEngine.Physics:ReportContacts (Unity.Collections.NativeArray`1/ReadOnly<UnityEngine.ContactPairHeader>) (at /Users/bokken/build/output/unity/unity/Modules/Physics/ScriptBindings/PhysicsContact.bindings.cs:84)
UnityEngine.Physics:OnSceneContact (UnityEngine.PhysicsScene,intptr,int) (at /Users/bokken/build/output/unity/unity/Modules/Physics/ScriptBindings/PhysicsContact.bindings.cs:45)

(Filename: Assets/Scripts/ProjectileRound.cs Line: 37)

PERF LEGACYHIT distance 0.280 contact 0.015 otherCollider Default Enemy(Clone) enemyActive True
UnityEngine.Debug:ExtractStackTraceNoAlloc (byte*,int,string)
UnityEngine.StackTraceUtility:ExtractStackTrace () (at /Users/bokken/build/output/unity/unity/Runtime/Export/Scripting/StackTrace.cs:35)
UnityEngine.DebugLogHandler:Internal_Log (UnityEngine.LogType,UnityEngine.LogOption,string,UnityEngine.Object)
UnityEngine.DebugLogHandler:LogFormat (UnityEngine.LogType,UnityEngine.Object,string,object[])
UnityEngine.Logger:Log (UnityEngine.LogType,object)
UnityEngine.Debug:Log (object)
ProjectileRound:OnCollisionEnter (UnityEngine.Collision) (at Assets/Scripts/ProjectileRound.cs:37)
UnityEngine.Physics:SendOnCollisionEnter (UnityEngine.Component,UnityEngine.Collision)
UnityEngine.Physics:ReportContacts (Unity.Collections.NativeArray`1/ReadOnly<UnityEngine.ContactPairHeader>) (at /Users/bokken/build/output/unity/unity/Modules/Physics/ScriptBindings/PhysicsContact.bindings.cs:84)
UnityEngine.Physics:OnSceneContact (UnityEngine.PhysicsScene,intptr,int) (at /Users/bokken/build/output/unity/unity/Modules/Physics/ScriptBindings/PhysicsContact.bindings.cs:45)

(Filename: Assets/Scripts/ProjectileRound.cs Line: 37)

PERF LEGACYHIT distance 0.286 contact 0.016 otherCollider Default Enemy(Clone) enemyActive True
UnityEngine.Debug:ExtractStackTraceNoAlloc (byte*,int,string)
UnityEngine.StackTraceUtility:ExtractStackTrace () (at /Users/bokken/build/output/unity/unity/Runtime/Export/Scripting/StackTrace.cs:35)
UnityEngine.DebugLogHandler:Internal_Log (UnityEngine.LogType,UnityEngine.LogOption,string,UnityEngine.Object)
UnityEngine.DebugLogHandler:LogFormat (UnityEngine.LogType,UnityEngine.Object,string,object[])
UnityEngine.Logger:Log (UnityEngine.LogType,object)
UnityEngine.Debug:Log (object)
ProjectileRound:OnCollisionEnter (UnityEngine.Collision) (at Assets/Scripts/ProjectileRound.cs:37)
UnityEngine.Physics:SendOnCollisionEnter (UnityEngine.Component,UnityEngine.Collision)
UnityEngine.Physics:ReportContacts (Unity.Collections.NativeArray`1/ReadOnly<UnityEngine.ContactPairHeader>) (at /Users/bokken/build/output/unity/unity/Modules/Physics/ScriptBindings/PhysicsContact.bindings.cs:84)
UnityEngine.Physics:OnSceneContact (UnityEngine.PhysicsScene,intptr,int) (at /Users/bokken/build/output/unity/unity/Modules/Physics/ScriptBindings/PhysicsContact.bindings.cs:45)

(Filename: Assets/Scripts/ProjectileRound.cs Line: 37)

PERF LEGACYHIT distance 0.281 contact 0.014 otherCollider Default Enemy(Clone) enemyActive True
UnityEngine.Debug:ExtractStackTraceNoAlloc (byte*,int,string)
UnityEngine.StackTraceUtility:ExtractStackTrace () (at /Users/bokken/build/output/unity/unity/Runtime/Export/Scripting/StackTrace.cs:35)
UnityEngine.DebugLogHandler:Internal_Log (UnityEngine.LogType,UnityEngine.LogOption,string,UnityEngine.Object)
UnityEngine.DebugLogHandler:LogFormat (UnityEngine.LogType,UnityEngine.Object,string,object[])
UnityEngine.Logger:Log (UnityEngine.LogType,object)
UnityEngine.Debug:Log (object)
ProjectileRound:OnCollisionEnter (UnityEngine.Collision) (at Assets/Scripts/ProjectileRound.cs:37)
UnityEngine.Physics:SendOnCollisionEnter (UnityEngine.Component,UnityEngine.Collision)
UnityEngine.Physics:ReportContacts (Unity.Collections.NativeArray`1/ReadOnly<UnityEngine.ContactPairHeader>) (at /Users/bokken/build/output/unity/unity/Modules/Physics/ScriptBindings/PhysicsContact.bindings.cs:84)
UnityEngine.Physics:OnSceneContact (UnityEngine.PhysicsScene,intptr,int) (at /Users/bokken/build/output/unity/unity/Modules/Physics/ScriptBindings/PhysicsContact.bindings.cs:45)

(Filename: Assets/Scripts/ProjectileRound.cs Line: 37)

PERF LEGACYHIT distance 0.283 contact 0.014 otherCollider Default Enemy(Clone) enemyActive True
UnityEngine.Debug:ExtractStackTraceNoAlloc (byte*,int,string)
UnityEngine.StackTraceUtility:ExtractStackTrace () (at /Users/bokken/build/output/unity/unity/Runtime/Export/Scripting/StackTrace.cs:35)
UnityEngine.DebugLogHandler:Internal_Log (UnityEngine.LogType,UnityEngine.LogOption,string,UnityEngine.Object)
UnityEngine.DebugLogHandler:LogFormat (UnityEngine.LogType,UnityEngine.Object,string,object[])
UnityEngine.Logger:Log (UnityEngine.LogType,object)
UnityEngine.Debug:Log (object)
ProjectileRound:OnCollisionEnter (UnityEngine.Collision) (at Assets/Scripts/ProjectileRound.cs:37)
UnityEngine.Physics:SendOnCollisionEnter (UnityEngine.Component,UnityEngine.Collision)
UnityEngine.Physics:ReportContacts (Unity.Collections.NativeArray`1/ReadOnly<UnityEngine.ContactPairHeader>) (at /Users/bokken/build/output/unity/unity/Modules/Physics/ScriptBindings/PhysicsContact.bindings.cs:84)
UnityEngine.Physics:OnSceneContact (UnityEngine.PhysicsScene,intptr,int) (at /Users/bokken/build/output/unity/unity/Modules/Physics/ScriptBindings/PhysicsContact.bindings.cs:45)

(Filename: Assets/Scripts/ProjectileRound.cs Line: 37)

PERF LEGACYHIT distance 0.281 contact 0.020 otherCollider Default Enemy(Clone) enemyActive True
UnityEngine.Debug:ExtractStackTraceNoAlloc (byte*,int,string)
UnityEngine.StackTraceUtility:ExtractStackTrace () (at /Users/bokken/build/output/unity/unity/Runtime/Export/Scripting/StackTrace.cs:35)
UnityEngine.DebugLogHandler:Internal_Log (UnityEngine.LogType,UnityEngine.LogOption,string,UnityEngine.Object)
UnityEngine.DebugLogHandler:LogFormat (UnityEngine.LogType,UnityEngine.Object,string,object[])
UnityEngine.Logger:Log (UnityEngine.LogType,object)
UnityEngine.Debug:Log (object)
ProjectileRound:OnCollisionEnter (UnityEngine.Collision) (at Assets/Scripts/ProjectileRound.cs:37)
UnityEngine.Physics:SendOnCollisionEnter (UnityEngine.Component,UnityEngine.Collision)
UnityEngine.Physics:ReportContacts (Unity.Collections.NativeArray`1/ReadOnly<UnityEngine.ContactPairHeader>) (at /Users/bokken/build/output/unity/unity/Modules/Physics/ScriptBindings/PhysicsContact.bindings.cs:84)
UnityEngine.Physics:OnSceneContact (UnityEngine.PhysicsScene,intptr,int) (at /Users/bokken/build/output/unity/unity/Modules/Physics/ScriptBindings/PhysicsContact.bindings.cs:45)

(Filename: Assets/Scripts/ProjectileRound.cs Line: 37)

PERF LEGACYHIT distance 0.290 contact 0.018 otherCollider Default Enemy(Clone) enemyActive True
UnityEngine.Debug:ExtractStackTraceNoAlloc (byte*,int,string)
UnityEngine.StackTraceUtility:ExtractStackTrace () (at /Users/bokken/build/output/unity/unity/Runtime/Export/Scripting/StackTrace.cs:35)
UnityEngine.DebugLogHandler:Internal_Log (UnityEngine.LogType,UnityEngine.LogOption,string,UnityEngine.Object)
UnityEngine.DebugLogHandler:LogFormat (UnityEngine.LogType,UnityEngine.Object,string,object[])
UnityEngine.Logger:Log (UnityEngine.LogType,object)
UnityEngine.Debug:Log (object)
ProjectileRound:OnCollisionEnter (UnityEngine.Collision) (at Assets/Scripts/ProjectileRound.cs:37)
UnityEngine.Physics:SendOnCollisionEnter (UnityEngine.Component,UnityEngine.Collision)
UnityEngine.Physics:ReportContacts (Unity.Collections.NativeArray`1/ReadOnly<UnityEngine.ContactPairHeader>) (at /Users/bokken/build/output/unity/unity/Modules/Physics/ScriptBindings/PhysicsContact.bindings.cs:84)
UnityEngine.Physics:OnSceneContact (UnityEngine.PhysicsScene,intptr,int) (at /Users/bokken/build/output/unity/unity/Modules/Physics/ScriptBindings/PhysicsContact.bindings.cs:45)

(Filename: Assets/Scripts/ProjectileRound.cs Line: 37)

PERF LEGACYHIT distance 0.280 contact 0.017 otherCollider Default Enemy(Clone) enemyActive True
UnityEngine.Debug:ExtractStackTraceNoAlloc (byte*,int,string)
UnityEngine.StackTraceUtility:ExtractStackTrace () (at /Users/bokken/build/output/unity/unity/Runtime/Export/Scripting/StackTrace.cs:35)
UnityEngine.DebugLogHandler:Internal_Log (UnityEngine.LogType,UnityEngine.LogOption,string,UnityEngine.Object)
UnityEngine.DebugLogHandler:LogFormat (UnityEngine.LogType,UnityEngine.Object,string,object[])
UnityEngine.Logger:Log (UnityEngine.LogType,object)
UnityEngine.Debug:Log (object)
ProjectileRound:OnCollisionEnter (UnityEngine.Collision) (at Assets/Scripts/ProjectileRound.cs:37)
UnityEngine.Physics:SendOnCollisionEnter (UnityEngine.Component,UnityEngine.Collision)
UnityEngine.Physics:ReportContacts (Unity.Collections.NativeArray`1/ReadOnly<UnityEngine.ContactPairHeader>) (at /Users/bokken/build/output/unity/unity/Modules/Physics/ScriptBindings/PhysicsContact.bindings.cs:84)
UnityEngine.Physics:OnSceneContact (UnityEngine.PhysicsScene,intptr,int) (at /Users/bokken/build/output/unity/unity/Modules/Physics/ScriptBindings/PhysicsContact.bindings.cs:45)

(Filename: Assets/Scripts/ProjectileRound.cs Line: 37)

PERF LEGACYHIT distance 0.283 contact 0.019 otherCollider Default Enemy(Clone) enemyActive True
UnityEngine.Debug:ExtractStackTraceNoAlloc (byte*,int,string)
UnityEngine.StackTraceUtility:ExtractStackTrace () (at /Users/bokken/build/output/unity/unity/Runtime/Export/Scripting/StackTrace.cs:35)
UnityEngine.DebugLogHandler:Internal_Log (UnityEngine.LogType,UnityEngine.LogOption,string,UnityEngine.Object)
UnityEngine.DebugLogHandler:LogFormat (UnityEngine.LogType,UnityEngine.Object,string,object[])
UnityEngine.Logger:Log (UnityEngine.LogType,object)
UnityEngine.Debug:Log (object)
ProjectileRound:OnCollisionEnter (UnityEngine.Collision) (at Assets/Scripts/ProjectileRound.cs:37)
UnityEngine.Physics:SendOnCollisionEnter (UnityEngine.Component,UnityEngine.Collision)
UnityEngine.Physics:ReportContacts (Unity.Collections.NativeArray`1/ReadOnly<UnityEngine.ContactPairHeader>) (at /Users/bokken/build/output/unity/unity/Modules/Physics/ScriptBindings/PhysicsContact.bindings.cs:84)
UnityEngine.Physics:OnSceneContact (UnityEngine.PhysicsScene,intptr,int) (at /Users/bokken/build/output/unity/unity/Modules/Physics/ScriptBindings/PhysicsContact.bindings.cs:45)

(Filename: Assets/Scripts/ProjectileRound.cs Line: 37)

PERF LEGACYHIT distance 0.284 contact 0.019 otherCollider Default Enemy(Clone) enemyActive True
UnityEngine.Debug:ExtractStackTraceNoAlloc (byte*,int,string)
UnityEngine.StackTraceUtility:ExtractStackTrace () (at /Users/bokken/build/output/unity/unity/Runtime/Export/Scripting/StackTrace.cs:35)
UnityEngine.DebugLogHandler:Internal_Log (UnityEngine.LogType,UnityEngine.LogOption,string,UnityEngine.Object)
UnityEngine.DebugLogHandler:LogFormat (UnityEngine.LogType,UnityEngine.Object,string,object[])
UnityEngine.Logger:Log (UnityEngine.LogType,object)
UnityEngine.Debug:Log (object)
ProjectileRound:OnCollisionEnter (UnityEngine.Collision) (at Assets/Scripts/ProjectileRound.cs:37)
UnityEngine.Physics:SendOnCollisionEnter (UnityEngine.Component,UnityEngine.Collision)
UnityEngine.Physics:ReportContacts (Unity.Collections.NativeArray`1/ReadOnly<UnityEngine.ContactPairHeader>) (at /Users/bokken/build/output/unity/unity/Modules/Physics/ScriptBindings/PhysicsContact.bindings.cs:84)
UnityEngine.Physics:OnSceneContact (UnityEngine.PhysicsScene,intptr,int) (at /Users/bokken/build/output/unity/unity/Modules/Physics/ScriptBindings/PhysicsContact.bindings.cs:45)

(Filename: Assets/Scripts/ProjectileRound.cs Line: 37)

PERF LEGACYHIT distance 0.280 contact 0.013 otherCollider Default Enemy(Clone) enemyActive True
UnityEngine.Debug:ExtractStackTraceNoAlloc (byte*,int,string)
UnityEngine.StackTraceUtility:ExtractStackTrace () (at /Users/bokken/build/output/unity/unity/Runtime/Export/Scripting/StackTrace.cs:35)
UnityEngine.DebugLogHandler:Internal_Log (UnityEngine.LogType,UnityEngine.LogOption,string,UnityEngine.Object)
UnityEngine.DebugLogHandler:LogFormat (UnityEngine.LogType,UnityEngine.Object,string,object[])
UnityEngine.Logger:Log (UnityEngine.LogType,object)
UnityEngine.Debug:Log (object)
ProjectileRound:OnCollisionEnter (UnityEngine.Collision) (at Assets/Scripts/ProjectileRound.cs:37)
UnityEngine.Physics:SendOnCollisionEnter (UnityEngine.Component,UnityEngine.Collision)
UnityEngine.Physics:ReportContacts (Unity.Collections.NativeArray`1/ReadOnly<UnityEngine.ContactPairHeader>) (at /Users/bokken/build/output/unity/unity/Modules/Physics/ScriptBindings/PhysicsContact.bindings.cs:84)
UnityEngine.Physics:OnSceneContact (UnityEngine.PhysicsScene,intptr,int) (at /Users/bokken/build/output/unity/unity/Modules/Physics/ScriptBindings/PhysicsContact.bindings.cs:45)

(Filename: Assets/Scripts/ProjectileRound.cs Line: 37)

PERF LEGACYHIT distance 0.286 contact 0.016 otherCollider Default Enemy(Clone) enemyActive True
UnityEngine.Debug:ExtractStackTraceNoAlloc (byte*,int,string)
UnityEngine.StackTraceUtility:ExtractStackTrace () (at /Users/bokken/build/output/unity/unity/Runtime/Export/Scripting/StackTrace.cs:35)
UnityEngine.DebugLogHandler:Internal_Log (UnityEngine.LogType,UnityEngine.LogOption,string,UnityEngine.Object)
UnityEngine.DebugLogHandler:LogFormat (UnityEngine.LogType,UnityEngine.Object,string,object[])
UnityEngine.Logger:Log (UnityEngine.LogType,object)
UnityEngine.Debug:Log (object)
ProjectileRound:OnCollisionEnter (UnityEngine.Collision) (at Assets/Scripts/ProjectileRound.cs:37)
UnityEngine.Physics:SendOnCollisionEnter (UnityEngine.Component,UnityEngine.Collision)
UnityEngine.Physics:ReportContacts (Unity.Collections.NativeArray`1/ReadOnly<UnityEngine.ContactPairHeader>) (at /Users/bokken/build/output/unity/unity/Modules/Physics/ScriptBindings/PhysicsContact.bindings.cs:84)
UnityEngine.Physics:OnSceneContact (UnityEngine.PhysicsScene,intptr,int) (at /Users/bokken/build/output/unity/unity/Modules/Physics/ScriptBindings/PhysicsContact.bindings.cs:45)

(Filename: Assets/Scripts/ProjectileRound.cs Line: 37)

PERF LEGACYHIT distance 0.291 contact 0.019 otherCollider Default Enemy(Clone) enemyActive True
UnityEngine.Debug:ExtractStackTraceNoAlloc (byte*,int,string)
UnityEngine.StackTraceUtility:ExtractStackTrace () (at /Users/bokken/build/output/unity/unity/Runtime/Export/Scripting/StackTrace.cs:35)
UnityEngine.DebugLogHandler:Internal_Log (UnityEngine.LogType,UnityEngine.LogOption,string,UnityEngine.Object)
UnityEngine.DebugLogHandler:LogFormat (UnityEngine.LogType,UnityEngine.Object,string,object[])
UnityEngine.Logger:Log (UnityEngine.LogType,object)
UnityEngine.Debug:Log (object)
ProjectileRound:OnCollisionEnter (UnityEngine.Collision) (at Assets/Scripts/ProjectileRound.cs:37)
UnityEngine.Physics:SendOnCollisionEnter (UnityEngine.Component,UnityEngine.Collision)
UnityEngine.Physics:ReportContacts (Unity.Collections.NativeArray`1/ReadOnly<UnityEngine.ContactPairHeader>) (at /Users/bokken/build/output/unity/unity/Modules/Physics/ScriptBindings/PhysicsContact.bindings.cs:84)
UnityEngine.Physics:OnSceneContact (UnityEngine.PhysicsScene,intptr,int) (at /Users/bokken/build/output/unity/unity/Modules/Physics/ScriptBindings/PhysicsContact.bindings.cs:45)

(Filename: Assets/Scripts/ProjectileRound.cs Line: 37)

PERF LEGACYHIT distance 0.279 contact 0.014 otherCollider Default Enemy(Clone) enemyActive True
UnityEngine.Debug:ExtractStackTraceNoAlloc (byte*,int,string)
UnityEngine.StackTraceUtility:ExtractStackTrace () (at /Users/bokken/build/output/unity/unity/Runtime/Export/Scripting/StackTrace.cs:35)
UnityEngine.DebugLogHandler:Internal_Log (UnityEngine.LogType,UnityEngine.LogOption,string,UnityEngine.Object)
UnityEngine.DebugLogHandler:LogFormat (UnityEngine.LogType,UnityEngine.Object,string,object[])
UnityEngine.Logger:Log (UnityEngine.LogType,object)
UnityEngine.Debug:Log (object)
ProjectileRound:OnCollisionEnter (UnityEngine.Collision) (at Assets/Scripts/ProjectileRound.cs:37)
UnityEngine.Physics:SendOnCollisionEnter (UnityEngine.Component,UnityEngine.Collision)
UnityEngine.Physics:ReportContacts (Unity.Collections.NativeArray`1/ReadOnly<UnityEngine.ContactPairHeader>) (at /Users/bokken/build/output/unity/unity/Modules/Physics/ScriptBindings/PhysicsContact.bindings.cs:84)
UnityEngine.Physics:OnSceneContact (UnityEngine.PhysicsScene,intptr,int) (at /Users/bokken/build/output/unity/unity/Modules/Physics/ScriptBindings/PhysicsContact.bindings.cs:45)

(Filename: Assets/Scripts/ProjectileRound.cs Line: 37)

PERF LEGACYHIT distance 0.283 contact 0.014 otherCollider Default Enemy(Clone) enemyActive True
UnityEngine.Debug:ExtractStackTraceNoAlloc (byte*,int,string)
UnityEngine.StackTraceUtility:ExtractStackTrace () (at /Users/bokken/build/output/unity/unity/Runtime/Export/Scripting/StackTrace.cs:35)
UnityEngine.DebugLogHandler:Internal_Log (UnityEngine.LogType,UnityEngine.LogOption,string,UnityEngine.Object)
UnityEngine.DebugLogHandler:LogFormat (UnityEngine.LogType,UnityEngine.Object,string,object[])
UnityEngine.Logger:Log (UnityEngine.LogType,object)
UnityEngine.Debug:Log (object)
ProjectileRound:OnCollisionEnter (UnityEngine.Collision) (at Assets/Scripts/ProjectileRound.cs:37)
UnityEngine.Physics:SendOnCollisionEnter (UnityEngine.Component,UnityEngine.Collision)
UnityEngine.Physics:ReportContacts (Unity.Collections.NativeArray`1/ReadOnly<UnityEngine.ContactPairHeader>) (at /Users/bokken/build/output/unity/unity/Modules/Physics/ScriptBindings/PhysicsContact.bindings.cs:84)
UnityEngine.Physics:OnSceneContact (UnityEngine.PhysicsScene,intptr,int) (at /Users/bokken/build/output/unity/unity/Modules/Physics/ScriptBindings/PhysicsContact.bindings.cs:45)

(Filename: Assets/Scripts/ProjectileRound.cs Line: 37)

PERF LEGACYHIT distance 0.279 contact 0.015 otherCollider Default Enemy(Clone) enemyActive True
UnityEngine.Debug:ExtractStackTraceNoAlloc (byte*,int,string)
UnityEngine.StackTraceUtility:ExtractStackTrace () (at /Users/bokken/build/output/unity/unity/Runtime/Export/Scripting/StackTrace.cs:35)
UnityEngine.DebugLogHandler:Internal_Log (UnityEngine.LogType,UnityEngine.LogOption,string,UnityEngine.Object)
UnityEngine.DebugLogHandler:LogFormat (UnityEngine.LogType,UnityEngine.Object,string,object[])
UnityEngine.Logger:Log (UnityEngine.LogType,object)
UnityEngine.Debug:Log (object)
ProjectileRound:OnCollisionEnter (UnityEngine.Collision) (at Assets/Scripts/ProjectileRound.cs:37)
UnityEngine.Physics:SendOnCollisionEnter (UnityEngine.Component,UnityEngine.Collision)
UnityEngine.Physics:ReportContacts (Unity.Collections.NativeArray`1/ReadOnly<UnityEngine.ContactPairHeader>) (at /Users/bokken/build/output/unity/unity/Modules/Physics/ScriptBindings/PhysicsContact.bindings.cs:84)
UnityEngine.Physics:OnSceneContact (UnityEngine.PhysicsScene,intptr,int) (at /Users/bokken/build/output/unity/unity/Modules/Physics/ScriptBindings/PhysicsContact.bindings.cs:45)

(Filename: Assets/Scripts/ProjectileRound.cs Line: 37)

PERF LEGACYHIT distance 0.279 contact 0.018 otherCollider Default Enemy(Clone) enemyActive True
UnityEngine.Debug:ExtractStackTraceNoAlloc (byte*,int,string)
UnityEngine.StackTraceUtility:ExtractStackTrace () (at /Users/bokken/build/output/unity/unity/Runtime/Export/Scripting/StackTrace.cs:35)
UnityEngine.DebugLogHandler:Internal_Log (UnityEngine.LogType,UnityEngine.LogOption,string,UnityEngine.Object)
UnityEngine.DebugLogHandler:LogFormat (UnityEngine.LogType,UnityEngine.Object,string,object[])
UnityEngine.Logger:Log (UnityEngine.LogType,object)
UnityEngine.Debug:Log (object)
ProjectileRound:OnCollisionEnter (UnityEngine.Collision) (at Assets/Scripts/ProjectileRound.cs:37)
UnityEngine.Physics:SendOnCollisionEnter (UnityEngine.Component,UnityEngine.Collision)
UnityEngine.Physics:ReportContacts (Unity.Collections.NativeArray`1/ReadOnly<UnityEngine.ContactPairHeader>) (at /Users/bokken/build/output/unity/unity/Modules/Physics/ScriptBindings/PhysicsContact.bindings.cs:84)
UnityEngine.Physics:OnSceneContact (UnityEngine.PhysicsScene,intptr,int) (at /Users/bokken/build/output/unity/unity/Modules/Physics/ScriptBindings/PhysicsContact.bindings.cs:45)

(Filename: Assets/Scripts/ProjectileRound.cs Line: 37)

PERF LEGACYHIT distance 0.275 contact 0.012 otherCollider Default Enemy(Clone) enemyActive True
UnityEngine.Debug:ExtractStackTraceNoAlloc (byte*,int,string)
UnityEngine.StackTraceUtility:ExtractStackTrace () (at /Users/bokken/build/output/unity/unity/Runtime/Export/Scripting/StackTrace.cs:35)
UnityEngine.DebugLogHandler:Internal_Log (UnityEngine.LogType,UnityEngine.LogOption,string,UnityEngine.Object)
UnityEngine.DebugLogHandler:LogFormat (UnityEngine.LogType,UnityEngine.Object,string,object[])
UnityEngine.Logger:Log (UnityEngine.LogType,object)
UnityEngine.Debug:Log (object)
ProjectileRound:OnCollisionEnter (UnityEngine.Collision) (at Assets/Scripts/ProjectileRound.cs:37)
UnityEngine.Physics:SendOnCollisionEnter (UnityEngine.Component,UnityEngine.Collision)
UnityEngine.Physics:ReportContacts (Unity.Collections.NativeArray`1/ReadOnly<UnityEngine.ContactPairHeader>) (at /Users/bokken/build/output/unity/unity/Modules/Physics/ScriptBindings/PhysicsContact.bindings.cs:84)
UnityEngine.Physics:OnSceneContact (UnityEngine.PhysicsScene,intptr,int) (at /Users/bokken/build/output/unity/unity/Modules/Physics/ScriptBindings/PhysicsContact.bindings.cs:45)

(Filename: Assets/Scripts/ProjectileRound.cs Line: 37)

PERF LEGACYHIT distance 0.277 contact 0.013 otherCollider Default Enemy(Clone) enemyActive True
UnityEngine.Debug:ExtractStackTraceNoAlloc (byte*,int,string)
UnityEngine.StackTraceUtility:ExtractStackTrace () (at /Users/bokken/build/output/unity/unity/Runtime/Export/Scripting/StackTrace.cs:35)
UnityEngine.DebugLogHandler:Internal_Log (UnityEngine.LogType,UnityEngine.LogOption,string,UnityEngine.Object)
UnityEngine.DebugLogHandler:LogFormat (UnityEngine.LogType,UnityEngine.Object,string,object[])
UnityEngine.Logger:Log (UnityEngine.LogType,object)
UnityEngine.Debug:Log (object)
ProjectileRound:OnCollisionEnter (UnityEngine.Collision) (at Assets/Scripts/ProjectileRound.cs:37)
UnityEngine.Physics:SendOnCollisionEnter (UnityEngine.Component,UnityEngine.Collision)
UnityEngine.Physics:ReportContacts (Unity.Collections.NativeArray`1/ReadOnly<UnityEngine.ContactPairHeader>) (at /Users/bokken/build/output/unity/unity/Modules/Physics/ScriptBindings/PhysicsContact.bindings.cs:84)
UnityEngine.Physics:OnSceneContact (UnityEngine.PhysicsScene,intptr,int) (at /Users/bokken/build/output/unity/unity/Modules/Physics/ScriptBindings/PhysicsContact.bindings.cs:45)

(Filename: Assets/Scripts/ProjectileRound.cs Line: 37)

PERF LEGACYHIT distance 0.275 contact 0.015 otherCollider Default Enemy(Clone) enemyActive True
UnityEngine.Debug:ExtractStackTraceNoAlloc (byte*,int,string)
UnityEngine.StackTraceUtility:ExtractStackTrace () (at /Users/bokken/build/output/unity/unity/Runtime/Export/Scripting/StackTrace.cs:35)
UnityEngine.DebugLogHandler:Internal_Log (UnityEngine.LogType,UnityEngine.LogOption,string,UnityEngine.Object)
UnityEngine.DebugLogHandler:LogFormat (UnityEngine.LogType,UnityEngine.Object,string,object[])
UnityEngine.Logger:Log (UnityEngine.LogType,object)
UnityEngine.Debug:Log (object)
ProjectileRound:OnCollisionEnter (UnityEngine.Collision) (at Assets/Scripts/ProjectileRound.cs:37)
UnityEngine.Physics:SendOnCollisionEnter (UnityEngine.Component,UnityEngine.Collision)
UnityEngine.Physics:ReportContacts (Unity.Collections.NativeArray`1/ReadOnly<UnityEngine.ContactPairHeader>) (at /Users/bokken/build/output/unity/unity/Modules/Physics/ScriptBindings/PhysicsContact.bindings.cs:84)
UnityEngine.Physics:OnSceneContact (UnityEngine.PhysicsScene,intptr,int) (at /Users/bokken/build/output/unity/unity/Modules/Physics/ScriptBindings/PhysicsContact.bindings.cs:45)

(Filename: Assets/Scripts/ProjectileRound.cs Line: 37)

PERF LEGACYHIT distance 0.275 contact 0.013 otherCollider Default Enemy(Clone) enemyActive True
UnityEngine.Debug:ExtractStackTraceNoAlloc (byte*,int,string)
UnityEngine.StackTraceUtility:ExtractStackTrace () (at /Users/bokken/build/output/unity/unity/Runtime/Export/Scripting/StackTrace.cs:35)
UnityEngine.DebugLogHandler:Internal_Log (UnityEngine.LogType,UnityEngine.LogOption,string,UnityEngine.Object)
UnityEngine.DebugLogHandler:LogFormat (UnityEngine.LogType,UnityEngine.Object,string,object[])
UnityEngine.Logger:Log (UnityEngine.LogType,object)
UnityEngine.Debug:Log (object)
ProjectileRound:OnCollisionEnter (UnityEngine.Collision) (at Assets/Scripts/ProjectileRound.cs:37)
UnityEngine.Physics:SendOnCollisionEnter (UnityEngine.Component,UnityEngine.Collision)
UnityEngine.Physics:ReportContacts (Unity.Collections.NativeArray`1/ReadOnly<UnityEngine.ContactPairHeader>) (at /Users/bokken/build/output/unity/unity/Modules/Physics/ScriptBindings/PhysicsContact.bindings.cs:84)
UnityEngine.Physics:OnSceneContact (UnityEngine.PhysicsScene,intptr,int) (at /Users/bokken/build/output/unity/unity/Modules/Physics/ScriptBindings/PhysicsContact.bindings.cs:45)

(Filename: Assets/Scripts/ProjectileRound.cs Line: 37)

PERF LEGACYHIT distance 0.276 contact 0.017 otherCollider Default Enemy(Clone) enemyActive True
UnityEngine.Debug:ExtractStackTraceNoAlloc (byte*,int,string)
UnityEngine.StackTraceUtility:ExtractStackTrace () (at /Users/bokken/build/output/unity/unity/Runtime/Export/Scripting/StackTrace.cs:35)
UnityEngine.DebugLogHandler:Internal_Log (UnityEngine.LogType,UnityEngine.LogOption,string,UnityEngine.Object)
UnityEngine.DebugLogHandler:LogFormat (UnityEngine.LogType,UnityEngine.Object,string,object[])
UnityEngine.Logger:Log (UnityEngine.LogType,object)
UnityEngine.Debug:Log (object)
ProjectileRound:OnCollisionEnter (UnityEngine.Collision) (at Assets/Scripts/ProjectileRound.cs:37)
UnityEngine.Physics:SendOnCollisionEnter (UnityEngine.Component,UnityEngine.Collision)
UnityEngine.Physics:ReportContacts (Unity.Collections.NativeArray`1/ReadOnly<UnityEngine.ContactPairHeader>) (at /Users/bokken/build/output/unity/unity/Modules/Physics/ScriptBindings/PhysicsContact.bindings.cs:84)
UnityEngine.Physics:OnSceneContact (UnityEngine.PhysicsScene,intptr,int) (at /Users/bokken/build/output/unity/unity/Modules/Physics/ScriptBindings/PhysicsContact.bindings.cs:45)

(Filename: Assets/Scripts/ProjectileRound.cs Line: 37)

PERF LEGACYHIT distance 0.280 contact 0.015 otherCollider Default Enemy(Clone) enemyActive True
UnityEngine.Debug:ExtractStackTraceNoAlloc (byte*,int,string)
UnityEngine.StackTraceUtility:ExtractStackTrace () (at /Users/bokken/build/output/unity/unity/Runtime/Export/Scripting/StackTrace.cs:35)
UnityEngine.DebugLogHandler:Internal_Log (UnityEngine.LogType,UnityEngine.LogOption,string,UnityEngine.Object)
UnityEngine.DebugLogHandler:LogFormat (UnityEngine.LogType,UnityEngine.Object,string,object[])
UnityEngine.Logger:Log (UnityEngine.LogType,object)
UnityEngine.Debug:Log (object)
ProjectileRound:OnCollisionEnter (UnityEngine.Collision) (at Assets/Scripts/ProjectileRound.cs:37)
UnityEngine.Physics:SendOnCollisionEnter (UnityEngine.Component,UnityEngine.Collision)
UnityEngine.Physics:ReportContacts (Unity.Collections.NativeArray`1/ReadOnly<UnityEngine.ContactPairHeader>) (at /Users/bokken/build/output/unity/unity/Modules/Physics/ScriptBindings/PhysicsContact.bindings.cs:84)
UnityEngine.Physics:OnSceneContact (UnityEngine.PhysicsScene,intptr,int) (at /Users/bokken/build/output/unity/unity/Modules/Physics/ScriptBindings/PhysicsContact.bindings.cs:45)

(Filename: Assets/Scripts/ProjectileRound.cs Line: 37)

PERF LEGACYHIT distance 0.284 contact 0.018 otherCollider Default Enemy(Clone) enemyActive True
UnityEngine.Debug:ExtractStackTraceNoAlloc (byte*,int,string)
UnityEngine.StackTraceUtility:ExtractStackTrace () (at /Users/bokken/build/output/unity/unity/Runtime/Export/Scripting/StackTrace.cs:35)
UnityEngine.DebugLogHandler:Internal_Log (UnityEngine.LogType,UnityEngine.LogOption,string,UnityEngine.Object)
UnityEngine.DebugLogHandler:LogFormat (UnityEngine.LogType,UnityEngine.Object,string,object[])
UnityEngine.Logger:Log (UnityEngine.LogType,object)
UnityEngine.Debug:Log (object)
ProjectileRound:OnCollisionEnter (UnityEngine.Collision) (at Assets/Scripts/ProjectileRound.cs:37)
UnityEngine.Physics:SendOnCollisionEnter (UnityEngine.Component,UnityEngine.Collision)
UnityEngine.Physics:ReportContacts (Unity.Collections.NativeArray`1/ReadOnly<UnityEngine.ContactPairHeader>) (at /Users/bokken/build/output/unity/unity/Modules/Physics/ScriptBindings/PhysicsContact.bindings.cs:84)
UnityEngine.Physics:OnSceneContact (UnityEngine.PhysicsScene,intptr,int) (at /Users/bokken/build/output/unity/unity/Modules/Physics/ScriptBindings/PhysicsContact.bindings.cs:45)

(Filename: Assets/Scripts/ProjectileRound.cs Line: 37)

PERF LEGACYHIT distance 0.274 contact 0.008 otherCollider Default Enemy(Clone) enemyActive True
UnityEngine.Debug:ExtractStackTraceNoAlloc (byte*,int,string)
UnityEngine.StackTraceUtility:ExtractStackTrace () (at /Users/bokken/build/output/unity/unity/Runtime/Export/Scripting/StackTrace.cs:35)
UnityEngine.DebugLogHandler:Internal_Log (UnityEngine.LogType,UnityEngine.LogOption,string,UnityEngine.Object)
UnityEngine.DebugLogHandler:LogFormat (UnityEngine.LogType,UnityEngine.Object,string,object[])
UnityEngine.Logger:Log (UnityEngine.LogType,object)
UnityEngine.Debug:Log (object)
ProjectileRound:OnCollisionEnter (UnityEngine.Collision) (at Assets/Scripts/ProjectileRound.cs:37)
UnityEngine.Physics:SendOnCollisionEnter (UnityEngine.Component,UnityEngine.Collision)
UnityEngine.Physics:ReportContacts (Unity.Collections.NativeArray`1/ReadOnly<UnityEngine.ContactPairHeader>) (at /Users/bokken/build/output/unity/unity/Modules/Physics/ScriptBindings/PhysicsContact.bindings.cs:84)
UnityEngine.Physics:OnSceneContact (UnityEngine.PhysicsScene,intptr,int) (at /Users/bokken/build/output/unity/unity/Modules/Physics/ScriptBindings/PhysicsContact.bindings.cs:45)

(Filename: Assets/Scripts/ProjectileRound.cs Line: 37)

PERF LEGACYHIT distance 0.280 contact 0.010 otherCollider Default Enemy(Clone) enemyActive True
UnityEngine.Debug:ExtractStackTraceNoAlloc (byte*,int,string)
UnityEngine.StackTraceUtility:ExtractStackTrace () (at /Users/bokken/build/output/unity/unity/Runtime/Export/Scripting/StackTrace.cs:35)
UnityEngine.DebugLogHandler:Internal_Log (UnityEngine.LogType,UnityEngine.LogOption,string,UnityEngine.Object)
UnityEngine.DebugLogHandler:LogFormat (UnityEngine.LogType,UnityEngine.Object,string,object[])
UnityEngine.Logger:Log (UnityEngine.LogType,object)
UnityEngine.Debug:Log (object)
ProjectileRound:OnCollisionEnter (UnityEngine.Collision) (at Assets/Scripts/ProjectileRound.cs:37)
UnityEngine.Physics:SendOnCollisionEnter (UnityEngine.Component,UnityEngine.Collision)
UnityEngine.Physics:ReportContacts (Unity.Collections.NativeArray`1/ReadOnly<UnityEngine.ContactPairHeader>) (at /Users/bokken/build/output/unity/unity/Modules/Physics/ScriptBindings/PhysicsContact.bindings.cs:84)
UnityEngine.Physics:OnSceneContact (UnityEngine.PhysicsScene,intptr,int) (at /Users/bokken/build/output/unity/unity/Modules/Physics/ScriptBindings/PhysicsContact.bindings.cs:45)

(Filename: Assets/Scripts/ProjectileRound.cs Line: 37)

PERF LEGACYHIT distance 0.275 contact 0.015 otherCollider Default Enemy(Clone) enemyActive True
UnityEngine.Debug:ExtractStackTraceNoAlloc (byte*,int,string)
UnityEngine.StackTraceUtility:ExtractStackTrace () (at /Users/bokken/build/output/unity/unity/Runtime/Export/Scripting/StackTrace.cs:35)
UnityEngine.DebugLogHandler:Internal_Log (UnityEngine.LogType,UnityEngine.LogOption,string,UnityEngine.Object)
UnityEngine.DebugLogHandler:LogFormat (UnityEngine.LogType,UnityEngine.Object,string,object[])
UnityEngine.Logger:Log (UnityEngine.LogType,object)
UnityEngine.Debug:Log (object)
ProjectileRound:OnCollisionEnter (UnityEngine.Collision) (at Assets/Scripts/ProjectileRound.cs:37)
UnityEngine.Physics:SendOnCollisionEnter (UnityEngine.Component,UnityEngine.Collision)
UnityEngine.Physics:ReportContacts (Unity.Collections.NativeArray`1/ReadOnly<UnityEngine.ContactPairHeader>) (at /Users/bokken/build/output/unity/unity/Modules/Physics/ScriptBindings/PhysicsContact.bindings.cs:84)
UnityEngine.Physics:OnSceneContact (UnityEngine.PhysicsScene,intptr,int) (at /Users/bokken/build/output/unity/unity/Modules/Physics/ScriptBindings/PhysicsContact.bindings.cs:45)

(Filename: Assets/Scripts/ProjectileRound.cs Line: 37)

PERF LEGACYHIT distance 0.276 contact 0.009 otherCollider Default Enemy(Clone) enemyActive True
UnityEngine.Debug:ExtractStackTraceNoAlloc (byte*,int,string)
UnityEngine.StackTraceUtility:ExtractStackTrace () (at /Users/bokken/build/output/unity/unity/Runtime/Export/Scripting/StackTrace.cs:35)
UnityEngine.DebugLogHandler:Internal_Log (UnityEngine.LogType,UnityEngine.LogOption,string,UnityEngine.Object)
UnityEngine.DebugLogHandler:LogFormat (UnityEngine.LogType,UnityEngine.Object,string,object[])
UnityEngine.Logger:Log (UnityEngine.LogType,object)
UnityEngine.Debug:Log (object)
ProjectileRound:OnCollisionEnter (UnityEngine.Collision) (at Assets/Scripts/ProjectileRound.cs:37)
UnityEngine.Physics:SendOnCollisionEnter (UnityEngine.Component,UnityEngine.Collision)
UnityEngine.Physics:ReportContacts (Unity.Collections.NativeArray`1/ReadOnly<UnityEngine.ContactPairHeader>) (at /Users/bokken/build/output/unity/unity/Modules/Physics/ScriptBindings/PhysicsContact.bindings.cs:84)
UnityEngine.Physics:OnSceneContact (UnityEngine.PhysicsScene,intptr,int) (at /Users/bokken/build/output/unity/unity/Modules/Physics/ScriptBindings/PhysicsContact.bindings.cs:45)

(Filename: Assets/Scripts/ProjectileRound.cs Line: 37)

PERF LEGACYHIT distance 0.289 contact 0.017 otherCollider Default Enemy(Clone) enemyActive True
UnityEngine.Debug:ExtractStackTraceNoAlloc (byte*,int,string)
UnityEngine.StackTraceUtility:ExtractStackTrace () (at /Users/bokken/build/output/unity/unity/Runtime/Export/Scripting/StackTrace.cs:35)
UnityEngine.DebugLogHandler:Internal_Log (UnityEngine.LogType,UnityEngine.LogOption,string,UnityEngine.Object)
UnityEngine.DebugLogHandler:LogFormat (UnityEngine.LogType,UnityEngine.Object,string,object[])
UnityEngine.Logger:Log (UnityEngine.LogType,object)
UnityEngine.Debug:Log (object)
ProjectileRound:OnCollisionEnter (UnityEngine.Collision) (at Assets/Scripts/ProjectileRound.cs:37)
UnityEngine.Physics:SendOnCollisionEnter (UnityEngine.Component,UnityEngine.Collision)
UnityEngine.Physics:ReportContacts (Unity.Collections.NativeArray`1/ReadOnly<UnityEngine.ContactPairHeader>) (at /Users/bokken/build/output/unity/unity/Modules/Physics/ScriptBindings/PhysicsContact.bindings.cs:84)
UnityEngine.Physics:OnSceneContact (UnityEngine.PhysicsScene,intptr,int) (at /Users/bokken/build/output/unity/unity/Modules/Physics/ScriptBindings/PhysicsContact.bindings.cs:45)

(Filename: Assets/Scripts/ProjectileRound.cs Line: 37)

PERF LEGACYHIT distance 0.284 contact 0.013 otherCollider Default Enemy(Clone) enemyActive True
UnityEngine.Debug:ExtractStackTraceNoAlloc (byte*,int,string)
UnityEngine.StackTraceUtility:ExtractStackTrace () (at /Users/bokken/build/output/unity/unity/Runtime/Export/Scripting/StackTrace.cs:35)
UnityEngine.DebugLogHandler:Internal_Log (UnityEngine.LogType,UnityEngine.LogOption,string,UnityEngine.Object)
UnityEngine.DebugLogHandler:LogFormat (UnityEngine.LogType,UnityEngine.Object,string,object[])
UnityEngine.Logger:Log (UnityEngine.LogType,object)
UnityEngine.Debug:Log (object)
ProjectileRound:OnCollisionEnter (UnityEngine.Collision) (at Assets/Scripts/ProjectileRound.cs:37)
UnityEngine.Physics:SendOnCollisionEnter (UnityEngine.Component,UnityEngine.Collision)
UnityEngine.Physics:ReportContacts (Unity.Collections.NativeArray`1/ReadOnly<UnityEngine.ContactPairHeader>) (at /Users/bokken/build/output/unity/unity/Modules/Physics/ScriptBindings/PhysicsContact.bindings.cs:84)
UnityEngine.Physics:OnSceneContact (UnityEngine.PhysicsScene,intptr,int) (at /Users/bokken/build/output/unity/unity/Modules/Physics/ScriptBindings/PhysicsContact.bindings.cs:45)

(Filename: Assets/Scripts/ProjectileRound.cs Line: 37)

PERF LEGACYHIT distance 0.277 contact 0.019 otherCollider Default Enemy(Clone) enemyActive True
UnityEngine.Debug:ExtractStackTraceNoAlloc (byte*,int,string)
UnityEngine.StackTraceUtility:ExtractStackTrace () (at /Users/bokken/build/output/unity/unity/Runtime/Export/Scripting/StackTrace.cs:35)
UnityEngine.DebugLogHandler:Internal_Log (UnityEngine.LogType,UnityEngine.LogOption,string,UnityEngine.Object)
UnityEngine.DebugLogHandler:LogFormat (UnityEngine.LogType,UnityEngine.Object,string,object[])
UnityEngine.Logger:Log (UnityEngine.LogType,object)
UnityEngine.Debug:Log (object)
ProjectileRound:OnCollisionEnter (UnityEngine.Collision) (at Assets/Scripts/ProjectileRound.cs:37)
UnityEngine.Physics:SendOnCollisionEnter (UnityEngine.Component,UnityEngine.Collision)
UnityEngine.Physics:ReportContacts (Unity.Collections.NativeArray`1/ReadOnly<UnityEngine.ContactPairHeader>) (at /Users/bokken/build/output/unity/unity/Modules/Physics/ScriptBindings/PhysicsContact.bindings.cs:84)
UnityEngine.Physics:OnSceneContact (UnityEngine.PhysicsScene,intptr,int) (at /Users/bokken/build/output/unity/unity/Modules/Physics/ScriptBindings/PhysicsContact.bindings.cs:45)

(Filename: Assets/Scripts/ProjectileRound.cs Line: 37)

PERF LEGACYHIT distance 0.273 contact 0.009 otherCollider Default Enemy(Clone) enemyActive True
UnityEngine.Debug:ExtractStackTraceNoAlloc (byte*,int,string)
UnityEngine.StackTraceUtility:ExtractStackTrace () (at /Users/bokken/build/output/unity/unity/Runtime/Export/Scripting/StackTrace.cs:35)
UnityEngine.DebugLogHandler:Internal_Log (UnityEngine.LogType,UnityEngine.LogOption,string,UnityEngine.Object)
UnityEngine.DebugLogHandler:LogFormat (UnityEngine.LogType,UnityEngine.Object,string,object[])
UnityEngine.Logger:Log (UnityEngine.LogType,object)
UnityEngine.Debug:Log (object)
ProjectileRound:OnCollisionEnter (UnityEngine.Collision) (at Assets/Scripts/ProjectileRound.cs:37)
UnityEngine.Physics:SendOnCollisionEnter (UnityEngine.Component,UnityEngine.Collision)
UnityEngine.Physics:ReportContacts (Unity.Collections.NativeArray`1/ReadOnly<UnityEngine.ContactPairHeader>) (at /Users/bokken/build/output/unity/unity/Modules/Physics/ScriptBindings/PhysicsContact.bindings.cs:84)
UnityEngine.Physics:OnSceneContact (UnityEngine.PhysicsScene,intptr,int) (at /Users/bokken/build/output/unity/unity/Modules/Physics/ScriptBindings/PhysicsContact.bindings.cs:45)

(Filename: Assets/Scripts/ProjectileRound.cs Line: 37)

PERF LEGACYHIT distance 0.273 contact 0.011 otherCollider Default Enemy(Clone) enemyActive True
UnityEngine.Debug:ExtractStackTraceNoAlloc (byte*,int,string)
UnityEngine.StackTraceUtility:ExtractStackTrace () (at /Users/bokken/build/output/unity/unity/Runtime/Export/Scripting/StackTrace.cs:35)
UnityEngine.DebugLogHandler:Internal_Log (UnityEngine.LogType,UnityEngine.LogOption,string,UnityEngine.Object)
UnityEngine.DebugLogHandler:LogFormat (UnityEngine.LogType,UnityEngine.Object,string,object[])
UnityEngine.Logger:Log (UnityEngine.LogType,object)
UnityEngine.Debug:Log (object)
ProjectileRound:OnCollisionEnter (UnityEngine.Collision) (at Assets/Scripts/ProjectileRound.cs:37)
UnityEngine.Physics:SendOnCollisionEnter (UnityEngine.Component,UnityEngine.Collision)
UnityEngine.Physics:ReportContacts (Unity.Collections.NativeArray`1/ReadOnly<UnityEngine.ContactPairHeader>) (at /Users/bokken/build/output/unity/unity/Modules/Physics/ScriptBindings/PhysicsContact.bindings.cs:84)
UnityEngine.Physics:OnSceneContact (UnityEngine.PhysicsScene,intptr,int) (at /Users/bokken/build/output/unity/unity/Modules/Physics/ScriptBindings/PhysicsContact.bindings.cs:45)

(Filename: Assets/Scripts/ProjectileRound.cs Line: 37)

PERF LEGACYHIT distance 0.276 contact 0.017 otherCollider Default Enemy(Clone) enemyActive True
UnityEngine.Debug:ExtractStackTraceNoAlloc (byte*,int,string)
UnityEngine.StackTraceUtility:ExtractStackTrace () (at /Users/bokken/build/output/unity/unity/Runtime/Export/Scripting/StackTrace.cs:35)
UnityEngine.DebugLogHandler:Internal_Log (UnityEngine.LogType,UnityEngine.LogOption,string,UnityEngine.Object)
UnityEngine.DebugLogHandler:LogFormat (UnityEngine.LogType,UnityEngine.Object,string,object[])
UnityEngine.Logger:Log (UnityEngine.LogType,object)
UnityEngine.Debug:Log (object)
ProjectileRound:OnCollisionEnter (UnityEngine.Collision) (at Assets/Scripts/ProjectileRound.cs:37)
UnityEngine.Physics:SendOnCollisionEnter (UnityEngine.Component,UnityEngine.Collision)
UnityEngine.Physics:ReportContacts (Unity.Collections.NativeArray`1/ReadOnly<UnityEngine.ContactPairHeader>) (at /Users/bokken/build/output/unity/unity/Modules/Physics/ScriptBindings/PhysicsContact.bindings.cs:84)
UnityEngine.Physics:OnSceneContact (UnityEngine.PhysicsScene,intptr,int) (at /Users/bokken/build/output/unity/unity/Modules/Physics/ScriptBindings/PhysicsContact.bindings.cs:45)

(Filename: Assets/Scripts/ProjectileRound.cs Line: 37)

PERF LEGACYHIT distance 0.277 contact 0.013 otherCollider Default Enemy(Clone) enemyActive True
UnityEngine.Debug:ExtractStackTraceNoAlloc (byte*,int,string)
UnityEngine.StackTraceUtility:ExtractStackTrace () (at /Users/bokken/build/output/unity/unity/Runtime/Export/Scripting/StackTrace.cs:35)
UnityEngine.DebugLogHandler:Internal_Log (UnityEngine.LogType,UnityEngine.LogOption,string,UnityEngine.Object)
UnityEngine.DebugLogHandler:LogFormat (UnityEngine.LogType,UnityEngine.Object,string,object[])
UnityEngine.Logger:Log (UnityEngine.LogType,object)
UnityEngine.Debug:Log (object)
ProjectileRound:OnCollisionEnter (UnityEngine.Collision) (at Assets/Scripts/ProjectileRound.cs:37)
UnityEngine.Physics:SendOnCollisionEnter (UnityEngine.Component,UnityEngine.Collision)
UnityEngine.Physics:ReportContacts (Unity.Collections.NativeArray`1/ReadOnly<UnityEngine.ContactPairHeader>) (at /Users/bokken/build/output/unity/unity/Modules/Physics/ScriptBindings/PhysicsContact.bindings.cs:84)
UnityEngine.Physics:OnSceneContact (UnityEngine.PhysicsScene,intptr,int) (at /Users/bokken/build/output/unity/unity/Modules/Physics/ScriptBindings/PhysicsContact.bindings.cs:45)

(Filename: Assets/Scripts/ProjectileRound.cs Line: 37)

PERF LEGACYHIT distance 0.275 contact 0.014 otherCollider Default Enemy(Clone) enemyActive True
UnityEngine.Debug:ExtractStackTraceNoAlloc (byte*,int,string)
UnityEngine.StackTraceUtility:ExtractStackTrace () (at /Users/bokken/build/output/unity/unity/Runtime/Export/Scripting/StackTrace.cs:35)
UnityEngine.DebugLogHandler:Internal_Log (UnityEngine.LogType,UnityEngine.LogOption,string,UnityEngine.Object)
UnityEngine.DebugLogHandler:LogFormat (UnityEngine.LogType,UnityEngine.Object,string,object[])
UnityEngine.Logger:Log (UnityEngine.LogType,object)
UnityEngine.Debug:Log (object)
ProjectileRound:OnCollisionEnter (UnityEngine.Collision) (at Assets/Scripts/ProjectileRound.cs:37)
UnityEngine.Physics:SendOnCollisionEnter (UnityEngine.Component,UnityEngine.Collision)
UnityEngine.Physics:ReportContacts (Unity.Collections.NativeArray`1/ReadOnly<UnityEngine.ContactPairHeader>) (at /Users/bokken/build/output/unity/unity/Modules/Physics/ScriptBindings/PhysicsContact.bindings.cs:84)
UnityEngine.Physics:OnSceneContact (UnityEngine.PhysicsScene,intptr,int) (at /Users/bokken/build/output/unity/unity/Modules/Physics/ScriptBindings/PhysicsContact.bindings.cs:45)

(Filename: Assets/Scripts/ProjectileRound.cs Line: 37)

PERF LEGACYHIT distance 0.284 contact 0.018 otherCollider Default Enemy(Clone) enemyActive True
UnityEngine.Debug:ExtractStackTraceNoAlloc (byte*,int,string)
UnityEngine.StackTraceUtility:ExtractStackTrace () (at /Users/bokken/build/output/unity/unity/Runtime/Export/Scripting/StackTrace.cs:35)
UnityEngine.DebugLogHandler:Internal_Log (UnityEngine.LogType,UnityEngine.LogOption,string,UnityEngine.Object)
UnityEngine.DebugLogHandler:LogFormat (UnityEngine.LogType,UnityEngine.Object,string,object[])
UnityEngine.Logger:Log (UnityEngine.LogType,object)
UnityEngine.Debug:Log (object)
ProjectileRound:OnCollisionEnter (UnityEngine.Collision) (at Assets/Scripts/ProjectileRound.cs:37)
UnityEngine.Physics:SendOnCollisionEnter (UnityEngine.Component,UnityEngine.Collision)
UnityEngine.Physics:ReportContacts (Unity.Collections.NativeArray`1/ReadOnly<UnityEngine.ContactPairHeader>) (at /Users/bokken/build/output/unity/unity/Modules/Physics/ScriptBindings/PhysicsContact.bindings.cs:84)
UnityEngine.Physics:OnSceneContact (UnityEngine.PhysicsScene,intptr,int) (at /Users/bokken/build/output/unity/unity/Modules/Physics/ScriptBindings/PhysicsContact.bindings.cs:45)

(Filename: Assets/Scripts/ProjectileRound.cs Line: 37)

PERF LEGACYHIT distance 0.275 contact 0.012 otherCollider Default Enemy(Clone) enemyActive True
UnityEngine.Debug:ExtractStackTraceNoAlloc (byte*,int,string)
UnityEngine.StackTraceUtility:ExtractStackTrace () (at /Users/bokken/build/output/unity/unity/Runtime/Export/Scripting/StackTrace.cs:35)
UnityEngine.DebugLogHandler:Internal_Log (UnityEngine.LogType,UnityEngine.LogOption,string,UnityEngine.Object)
UnityEngine.DebugLogHandler:LogFormat (UnityEngine.LogType,UnityEngine.Object,string,object[])
UnityEngine.Logger:Log (UnityEngine.LogType,object)
UnityEngine.Debug:Log (object)
ProjectileRound:OnCollisionEnter (UnityEngine.Collision) (at Assets/Scripts/ProjectileRound.cs:37)
UnityEngine.Physics:SendOnCollisionEnter (UnityEngine.Component,UnityEngine.Collision)
UnityEngine.Physics:ReportContacts (Unity.Collections.NativeArray`1/ReadOnly<UnityEngine.ContactPairHeader>) (at /Users/bokken/build/output/unity/unity/Modules/Physics/ScriptBindings/PhysicsContact.bindings.cs:84)
UnityEngine.Physics:OnSceneContact (UnityEngine.PhysicsScene,intptr,int) (at /Users/bokken/build/output/unity/unity/Modules/Physics/ScriptBindings/PhysicsContact.bindings.cs:45)

(Filename: Assets/Scripts/ProjectileRound.cs Line: 37)

PERF LEGACYHIT distance 0.280 contact 0.015 otherCollider Default Enemy(Clone) enemyActive True
UnityEngine.Debug:ExtractStackTraceNoAlloc (byte*,int,string)
UnityEngine.StackTraceUtility:ExtractStackTrace () (at /Users/bokken/build/output/unity/unity/Runtime/Export/Scripting/StackTrace.cs:35)
UnityEngine.DebugLogHandler:Internal_Log (UnityEngine.LogType,UnityEngine.LogOption,string,UnityEngine.Object)
UnityEngine.DebugLogHandler:LogFormat (UnityEngine.LogType,UnityEngine.Object,string,object[])
UnityEngine.Logger:Log (UnityEngine.LogType,object)
UnityEngine.Debug:Log (object)
ProjectileRound:OnCollisionEnter (UnityEngine.Collision) (at Assets/Scripts/ProjectileRound.cs:37)
UnityEngine.Physics:SendOnCollisionEnter (UnityEngine.Component,UnityEngine.Collision)
UnityEngine.Physics:ReportContacts (Unity.Collections.NativeArray`1/ReadOnly<UnityEngine.ContactPairHeader>) (at /Users/bokken/build/output/unity/unity/Modules/Physics/ScriptBindings/PhysicsContact.bindings.cs:84)
UnityEngine.Physics:OnSceneContact (UnityEngine.PhysicsScene,intptr,int) (at /Users/bokken/build/output/unity/unity/Modules/Physics/ScriptBindings/PhysicsContact.bindings.cs:45)

(Filename: Assets/Scripts/ProjectileRound.cs Line: 37)

PERF LEGACYHIT distance 0.274 contact 0.013 otherCollider Default Enemy(Clone) enemyActive True
UnityEngine.Debug:ExtractStackTraceNoAlloc (byte*,int,string)
UnityEngine.StackTraceUtility:ExtractStackTrace () (at /Users/bokken/build/output/unity/unity/Runtime/Export/Scripting/StackTrace.cs:35)
UnityEngine.DebugLogHandler:Internal_Log (UnityEngine.LogType,UnityEngine.LogOption,string,UnityEngine.Object)
UnityEngine.DebugLogHandler:LogFormat (UnityEngine.LogType,UnityEngine.Object,string,object[])
UnityEngine.Logger:Log (UnityEngine.LogType,object)
UnityEngine.Debug:Log (object)
ProjectileRound:OnCollisionEnter (UnityEngine.Collision) (at Assets/Scripts/ProjectileRound.cs:37)
UnityEngine.Physics:SendOnCollisionEnter (UnityEngine.Component,UnityEngine.Collision)
UnityEngine.Physics:ReportContacts (Unity.Collections.NativeArray`1/ReadOnly<UnityEngine.ContactPairHeader>) (at /Users/bokken/build/output/unity/unity/Modules/Physics/ScriptBindings/PhysicsContact.bindings.cs:84)
UnityEngine.Physics:OnSceneContact (UnityEngine.PhysicsScene,intptr,int) (at /Users/bokken/build/output/unity/unity/Modules/Physics/ScriptBindings/PhysicsContact.bindings.cs:45)

(Filename: Assets/Scripts/ProjectileRound.cs Line: 37)

PERF LEGACYHIT distance 0.279 contact 0.020 otherCollider Default Enemy(Clone) enemyActive True
UnityEngine.Debug:ExtractStackTraceNoAlloc (byte*,int,string)
UnityEngine.StackTraceUtility:ExtractStackTrace () (at /Users/bokken/build/output/unity/unity/Runtime/Export/Scripting/StackTrace.cs:35)
UnityEngine.DebugLogHandler:Internal_Log (UnityEngine.LogType,UnityEngine.LogOption,string,UnityEngine.Object)
UnityEngine.DebugLogHandler:LogFormat (UnityEngine.LogType,UnityEngine.Object,string,object[])
UnityEngine.Logger:Log (UnityEngine.LogType,object)
UnityEngine.Debug:Log (object)
ProjectileRound:OnCollisionEnter (UnityEngine.Collision) (at Assets/Scripts/ProjectileRound.cs:37)
UnityEngine.Physics:SendOnCollisionEnter (UnityEngine.Component,UnityEngine.Collision)
UnityEngine.Physics:ReportContacts (Unity.Collections.NativeArray`1/ReadOnly<UnityEngine.ContactPairHeader>) (at /Users/bokken/build/output/unity/unity/Modules/Physics/ScriptBindings/PhysicsContact.bindings.cs:84)
UnityEngine.Physics:OnSceneContact (UnityEngine.PhysicsScene,intptr,int) (at /Users/bokken/build/output/unity/unity/Modules/Physics/ScriptBindings/PhysicsContact.bindings.cs:45)

(Filename: Assets/Scripts/ProjectileRound.cs Line: 37)

PERF LEGACYHIT distance 0.277 contact 0.016 otherCollider Default Enemy(Clone) enemyActive True
UnityEngine.Debug:ExtractStackTraceNoAlloc (byte*,int,string)
UnityEngine.StackTraceUtility:ExtractStackTrace () (at /Users/bokken/build/output/unity/unity/Runtime/Export/Scripting/StackTrace.cs:35)
UnityEngine.DebugLogHandler:Internal_Log (UnityEngine.LogType,UnityEngine.LogOption,string,UnityEngine.Object)
UnityEngine.DebugLogHandler:LogFormat (UnityEngine.LogType,UnityEngine.Object,string,object[])
UnityEngine.Logger:Log (UnityEngine.LogType,object)
UnityEngine.Debug:Log (object)
ProjectileRound:OnCollisionEnter (UnityEngine.Collision) (at Assets/Scripts/ProjectileRound.cs:37)
UnityEngine.Physics:SendOnCollisionEnter (UnityEngine.Component,UnityEngine.Collision)
UnityEngine.Physics:ReportContacts (Unity.Collections.NativeArray`1/ReadOnly<UnityEngine.ContactPairHeader>) (at /Users/bokken/build/output/unity/unity/Modules/Physics/ScriptBindings/PhysicsContact.bindings.cs:84)
UnityEngine.Physics:OnSceneContact (UnityEngine.PhysicsScene,intptr,int) (at /Users/bokken/build/output/unity/unity/Modules/Physics/ScriptBindings/PhysicsContact.bindings.cs:45)

(Filename: Assets/Scripts/ProjectileRound.cs Line: 37)

PERF LEGACYHIT distance 0.277 contact 0.012 otherCollider Default Enemy(Clone) enemyActive True
UnityEngine.Debug:ExtractStackTraceNoAlloc (byte*,int,string)
UnityEngine.StackTraceUtility:ExtractStackTrace () (at /Users/bokken/build/output/unity/unity/Runtime/Export/Scripting/StackTrace.cs:35)
UnityEngine.DebugLogHandler:Internal_Log (UnityEngine.LogType,UnityEngine.LogOption,string,UnityEngine.Object)
UnityEngine.DebugLogHandler:LogFormat (UnityEngine.LogType,UnityEngine.Object,string,object[])
UnityEngine.Logger:Log (UnityEngine.LogType,object)
UnityEngine.Debug:Log (object)
ProjectileRound:OnCollisionEnter (UnityEngine.Collision) (at Assets/Scripts/ProjectileRound.cs:37)
UnityEngine.Physics:SendOnCollisionEnter (UnityEngine.Component,UnityEngine.Collision)
UnityEngine.Physics:ReportContacts (Unity.Collections.NativeArray`1/ReadOnly<UnityEngine.ContactPairHeader>) (at /Users/bokken/build/output/unity/unity/Modules/Physics/ScriptBindings/PhysicsContact.bindings.cs:84)
UnityEngine.Physics:OnSceneContact (UnityEngine.PhysicsScene,intptr,int) (at /Users/bokken/build/output/unity/unity/Modules/Physics/ScriptBindings/PhysicsContact.bindings.cs:45)

(Filename: Assets/Scripts/ProjectileRound.cs Line: 37)

PERF LEGACYHIT distance 0.277 contact 0.013 otherCollider Default Enemy(Clone) enemyActive True
UnityEngine.Debug:ExtractStackTraceNoAlloc (byte*,int,string)
UnityEngine.StackTraceUtility:ExtractStackTrace () (at /Users/bokken/build/output/unity/unity/Runtime/Export/Scripting/StackTrace.cs:35)
UnityEngine.DebugLogHandler:Internal_Log (UnityEngine.LogType,UnityEngine.LogOption,string,UnityEngine.Object)
UnityEngine.DebugLogHandler:LogFormat (UnityEngine.LogType,UnityEngine.Object,string,object[])
UnityEngine.Logger:Log (UnityEngine.LogType,object)
UnityEngine.Debug:Log (object)
ProjectileRound:OnCollisionEnter (UnityEngine.Collision) (at Assets/Scripts/ProjectileRound.cs:37)
UnityEngine.Physics:SendOnCollisionEnter (UnityEngine.Component,UnityEngine.Collision)
UnityEngine.Physics:ReportContacts (Unity.Collections.NativeArray`1/ReadOnly<UnityEngine.ContactPairHeader>) (at /Users/bokken/build/output/unity/unity/Modules/Physics/ScriptBindings/PhysicsContact.bindings.cs:84)
UnityEngine.Physics:OnSceneContact (UnityEngine.PhysicsScene,intptr,int) (at /Users/bokken/build/output/unity/unity/Modules/Physics/ScriptBindings/PhysicsContact.bindings.cs:45)

(Filename: Assets/Scripts/ProjectileRound.cs Line: 37)

TrimDiskCacheJob: Current cache size 1mb
[BalanceTelemetry] Recording to /Users/philipp/Library/Application Support/Sakros/3DTD/telemetry/Beginner_Level_01_Medium_20261004-140855.csv
UnityEngine.Debug:ExtractStackTraceNoAlloc (byte*,int,string)
UnityEngine.StackTraceUtility:ExtractStackTrace () (at /Users/bokken/build/output/unity/unity/Runtime/Export/Scripting/StackTrace.cs:35)
UnityEngine.DebugLogHandler:Internal_Log (UnityEngine.LogType,UnityEngine.LogOption,string,UnityEngine.Object)
UnityEngine.DebugLogHandler:LogFormat (UnityEngine.LogType,UnityEngine.Object,string,object[])
UnityEngine.Logger:Log (UnityEngine.LogType,object)
UnityEngine.Debug:Log (object)
BalanceTelemetry:CreateFile () (at Assets/Scripts/BalanceTelemetry.cs:146)
BalanceTelemetry:HandleWaveEnded (int) (at Assets/Scripts/BalanceTelemetry.cs:103)
Spawner:Update () (at Assets/Scripts/Spawner.cs:116)

(Filename: Assets/Scripts/BalanceTelemetry.cs Line: 146)

PERF RESULT T-BulletDispenser-1x: towers 1, frames 14094, frame p50/p95/p99/max 3.2/4.1/4.5/14.1 ms, main p50/p99 3.2/4.5 ms, speed 1.00x, GC steady 100.0% frames (7376060 B, 550 B/frame), damage 95, kills 0, leaked 6494, pops 0, projectiles 504/504, death fx 0/0, fx 0/0, markers [PlayerLoop=3.05ms, Update.ScriptRunBehaviourUpdate=0.46ms, PreLateUpdate.ScriptRunBehaviourLateUpdate=2.08ms, FixedUpdate.PhysicsFixedUpdate=0.00ms, FixedUpdate.ScriptRunBehaviourFixedUpdate=0.00ms, PreUpdate.PhysicsUpdate=0.00ms, Physics.Simulate=0.11ms, Physics.SyncTransforms=0.16ms, Physics.SendTriggerEvents=0.00ms, Physics.SendContactEvents=0.00ms, ParticleSystem.EndUpdateAll=0.01ms, GC.Collect=0.00ms, Instantiate=0.01ms], by type [Bullet Dispenser=95]
UnityEngine.Debug:ExtractStackTraceNoAlloc (byte*,int,string)
UnityEngine.StackTraceUtility:ExtractStackTrace () (at /Users/bokken/build/output/unity/unity/Runtime/Export/Scripting/StackTrace.cs:35)
UnityEngine.DebugLogHandler:Internal_Log (UnityEngine.LogType,UnityEngine.LogOption,string,UnityEngine.Object)
UnityEngine.DebugLogHandler:LogFormat (UnityEngine.LogType,UnityEngine.Object,string,object[])
UnityEngine.Logger:Log (UnityEngine.LogType,object)
UnityEngine.Debug:Log (object)
PerfScenario:Summarize (PerfScenario/Run,PerfScenario/RunResult,System.Collections.Generic.List`1<Tower>,int) (at Assets/Scripts/Diagnostics/PerfScenario.cs:879)
PerfScenario/<RunOne>d__41:MoveNext () (at Assets/Scripts/Diagnostics/PerfScenario.cs:361)
UnityEngine.SetupCoroutine:InvokeMoveNext (System.Collections.IEnumerator,intptr) (at /Users/bokken/build/output/unity/unity/Runtime/Export/Scripting/Coroutines.cs:17)

(Filename: Assets/Scripts/Diagnostics/PerfScenario.cs Line: 879)

PERF PASS T-BulletDispenser-1x
UnityEngine.Debug:ExtractStackTraceNoAlloc (byte*,int,string)
UnityEngine.StackTraceUtility:ExtractStackTrace () (at /Users/bokken/build/output/unity/unity/Runtime/Export/Scripting/StackTrace.cs:35)
UnityEngine.DebugLogHandler:Internal_Log (UnityEngine.LogType,UnityEngine.LogOption,string,UnityEngine.Object)
UnityEngine.DebugLogHandler:LogFormat (UnityEngine.LogType,UnityEngine.Object,string,object[])
UnityEngine.Logger:Log (UnityEngine.LogType,object)
UnityEngine.Debug:Log (object)
PerfScenario:WriteResults () (at Assets/Scripts/Diagnostics/PerfScenario.cs:965)
PerfScenario/<Start>d__40:MoveNext () (at Assets/Scripts/Diagnostics/PerfScenario.cs:265)
UnityEngine.SetupCoroutine:InvokeMoveNext (System.Collections.IEnumerator,intptr) (at /Users/bokken/build/output/unity/unity/Runtime/Export/Scripting/Coroutines.cs:17)

(Filename: Assets/Scripts/Diagnostics/PerfScenario.cs Line: 965)

PERF finished, 0 failed checks, results in /Users/philipp/Projects/3DTD/tasks/perf/perf-T-BulletDispenser-1x-20261004-140855.json
UnityEngine.Debug:ExtractStackTraceNoAlloc (byte*,int,string)
UnityEngine.StackTraceUtility:ExtractStackTrace () (at /Users/bokken/build/output/unity/unity/Runtime/Export/Scripting/StackTrace.cs:35)
UnityEngine.DebugLogHandler:Internal_Log (UnityEngine.LogType,UnityEngine.LogOption,string,UnityEngine.Object)
UnityEngine.DebugLogHandler:LogFormat (UnityEngine.LogType,UnityEngine.Object,string,object[])
UnityEngine.Logger:Log (UnityEngine.LogType,object)
UnityEngine.Debug:Log (object)
PerfScenario:WriteResults () (at Assets/Scripts/Diagnostics/PerfScenario.cs:973)
PerfScenario/<Start>d__40:MoveNext () (at Assets/Scripts/Diagnostics/PerfScenario.cs:265)
UnityEngine.SetupCoroutine:InvokeMoveNext (System.Collections.IEnumerator,intptr) (at /Users/bokken/build/output/unity/unity/Runtime/Export/Scripting/Coroutines.cs:17)

(Filename: Assets/Scripts/Diagnostics/PerfScenario.cs Line: 973)

Thread 0x17ff4f000 may have been prematurely finalized
LightingSettings: switching bake backend from 2 to 1.
Unloading 17 Unused Serialized files (Serialized files now loaded: 0)
Loaded scene 'Temp/__Backupscenes/0.backup'
	Deserialize:            32.339 ms
	Integration:            175.919 ms
	Integration of assets:  0.006 ms
	Thread Wait Time:       0.002 ms
	Total Operation Time:   208.266 ms
Unloading 21 unused Assets / (2.1 MB). Loaded Objects now: 21767.
Memory consumption went from 0.60 GB to 0.60 GB.
Total: 14.003792 ms (FindLiveObjects: 0.621042 ms CreateObjectMapping: 1.385708 ms MarkObjects: 11.515292 ms  DeleteObjects: 0.481625 ms)

[UnityConnectServicesConfig] config is NOT valid, switching to default
PERF benchmark finished, 0 failed checks
UnityEngine.Debug:ExtractStackTraceNoAlloc (byte*,int,string)
UnityEngine.StackTraceUtility:ExtractStackTrace () (at /Users/bokken/build/output/unity/unity/Runtime/Export/Scripting/StackTrace.cs:35)
UnityEngine.DebugLogHandler:Internal_Log (UnityEngine.LogType,UnityEngine.LogOption,string,UnityEngine.Object)
UnityEngine.DebugLogHandler:LogFormat (UnityEngine.LogType,UnityEngine.Object,string,object[])
UnityEngine.Logger:Log (UnityEngine.LogType,object)
UnityEngine.Debug:Log (object)
PerfBenchmark:Finish () (at Assets/Editor/Perf/PerfBenchmark.cs:86)
PerfBenchmark:Tick () (at Assets/Editor/Perf/PerfBenchmark.cs:57)
UnityEditor.EditorApplication:Internal_CallUpdateFunctions () (at /Users/bokken/build/output/unity/unity/Editor/Mono/EditorApplication.cs:403)

(Filename: Assets/Editor/Perf/PerfBenchmark.cs Line: 86)

MonoPathRemapper: Attempts to remap: 50057; Successful remaps: 4
Serialized file version minimum: 23, current 23
Clearing [Manrope-Bold SDF] dynamic font asset data.
UnityEngine.Debug:ExtractStackTraceNoAlloc (byte*,int,string)
UnityEngine.StackTraceUtility:ExtractStackTrace () (at /Users/bokken/build/output/unity/unity/Runtime/Export/Scripting/StackTrace.cs:35)
UnityEngine.DebugLogHandler:Internal_Log (UnityEngine.LogType,UnityEngine.LogOption,string,UnityEngine.Object)
UnityEngine.DebugLogHandler:LogFormat (UnityEngine.LogType,UnityEngine.Object,string,object[])
UnityEngine.Logger:Log (UnityEngine.LogType,object)
UnityEngine.Debug:Log (object)
TMPro.EditorEventCallbacks/<>c:<InitializeFontAssetResourceChangeCallBacks>b__0_0 () (at ./Library/PackageCache/com.unity.ugui@1c4864518158/Editor/TMP/TMP_EditorResourceManager.cs:36)
UnityEditor.EditorApplication:Internal_EditorApplicationQuit () (at /Users/bokken/build/output/unity/unity/Editor/Mono/EditorApplication.cs:128)
PerfBenchmark:Finish () (at Assets/Editor/Perf/PerfBenchmark.cs:88)
PerfBenchmark:Tick () (at Assets/Editor/Perf/PerfBenchmark.cs:57)
UnityEditor.EditorApplication:Internal_CallUpdateFunctions () (at /Users/bokken/build/output/unity/unity/Editor/Mono/EditorApplication.cs:403)

(Filename: ./Library/PackageCache/com.unity.ugui@1c4864518158/Editor/TMP/TMP_EditorResourceManager.cs Line: 36)

Clearing [Manrope-ExtraBold SDF] dynamic font asset data.
UnityEngine.Debug:ExtractStackTraceNoAlloc (byte*,int,string)
UnityEngine.StackTraceUtility:ExtractStackTrace () (at /Users/bokken/build/output/unity/unity/Runtime/Export/Scripting/StackTrace.cs:35)
UnityEngine.DebugLogHandler:Internal_Log (UnityEngine.LogType,UnityEngine.LogOption,string,UnityEngine.Object)
UnityEngine.DebugLogHandler:LogFormat (UnityEngine.LogType,UnityEngine.Object,string,object[])
UnityEngine.Logger:Log (UnityEngine.LogType,object)
UnityEngine.Debug:Log (object)
TMPro.EditorEventCallbacks/<>c:<InitializeFontAssetResourceChangeCallBacks>b__0_0 () (at ./Library/PackageCache/com.unity.ugui@1c4864518158/Editor/TMP/TMP_EditorResourceManager.cs:36)
UnityEditor.EditorApplication:Internal_EditorApplicationQuit () (at /Users/bokken/build/output/unity/unity/Editor/Mono/EditorApplication.cs:128)
PerfBenchmark:Finish () (at Assets/Editor/Perf/PerfBenchmark.cs:88)
PerfBenchmark:Tick () (at Assets/Editor/Perf/PerfBenchmark.cs:57)
UnityEditor.EditorApplication:Internal_CallUpdateFunctions () (at /Users/bokken/build/output/unity/unity/Editor/Mono/EditorApplication.cs:403)

(Filename: ./Library/PackageCache/com.unity.ugui@1c4864518158/Editor/TMP/TMP_EditorResourceManager.cs Line: 36)

Clearing [Manrope-Medium SDF] dynamic font asset data.
UnityEngine.Debug:ExtractStackTraceNoAlloc (byte*,int,string)
UnityEngine.StackTraceUtility:ExtractStackTrace () (at /Users/bokken/build/output/unity/unity/Runtime/Export/Scripting/StackTrace.cs:35)
UnityEngine.DebugLogHandler:Internal_Log (UnityEngine.LogType,UnityEngine.LogOption,string,UnityEngine.Object)
UnityEngine.DebugLogHandler:LogFormat (UnityEngine.LogType,UnityEngine.Object,string,object[])
UnityEngine.Logger:Log (UnityEngine.LogType,object)
UnityEngine.Debug:Log (object)
TMPro.EditorEventCallbacks/<>c:<InitializeFontAssetResourceChangeCallBacks>b__0_0 () (at ./Library/PackageCache/com.unity.ugui@1c4864518158/Editor/TMP/TMP_EditorResourceManager.cs:36)
UnityEditor.EditorApplication:Internal_EditorApplicationQuit () (at /Users/bokken/build/output/unity/unity/Editor/Mono/EditorApplication.cs:128)
PerfBenchmark:Finish () (at Assets/Editor/Perf/PerfBenchmark.cs:88)
PerfBenchmark:Tick () (at Assets/Editor/Perf/PerfBenchmark.cs:57)
UnityEditor.EditorApplication:Internal_CallUpdateFunctions () (at /Users/bokken/build/output/unity/unity/Editor/Mono/EditorApplication.cs:403)

(Filename: ./Library/PackageCache/com.unity.ugui@1c4864518158/Editor/TMP/TMP_EditorResourceManager.cs Line: 36)

Clearing [Manrope-SemiBold SDF] dynamic font asset data.
UnityEngine.Debug:ExtractStackTraceNoAlloc (byte*,int,string)
UnityEngine.StackTraceUtility:ExtractStackTrace () (at /Users/bokken/build/output/unity/unity/Runtime/Export/Scripting/StackTrace.cs:35)
UnityEngine.DebugLogHandler:Internal_Log (UnityEngine.LogType,UnityEngine.LogOption,string,UnityEngine.Object)
UnityEngine.DebugLogHandler:LogFormat (UnityEngine.LogType,UnityEngine.Object,string,object[])
UnityEngine.Logger:Log (UnityEngine.LogType,object)
UnityEngine.Debug:Log (object)
TMPro.EditorEventCallbacks/<>c:<InitializeFontAssetResourceChangeCallBacks>b__0_0 () (at ./Library/PackageCache/com.unity.ugui@1c4864518158/Editor/TMP/TMP_EditorResourceManager.cs:36)
UnityEditor.EditorApplication:Internal_EditorApplicationQuit () (at /Users/bokken/build/output/unity/unity/Editor/Mono/EditorApplication.cs:128)
PerfBenchmark:Finish () (at Assets/Editor/Perf/PerfBenchmark.cs:88)
PerfBenchmark:Tick () (at Assets/Editor/Perf/PerfBenchmark.cs:57)
UnityEditor.EditorApplication:Internal_CallUpdateFunctions () (at /Users/bokken/build/output/unity/unity/Editor/Mono/EditorApplication.cs:403)

(Filename: ./Library/PackageCache/com.unity.ugui@1c4864518158/Editor/TMP/TMP_EditorResourceManager.cs Line: 36)

Clearing [Sora-Bold SDF] dynamic font asset data.
UnityEngine.Debug:ExtractStackTraceNoAlloc (byte*,int,string)
UnityEngine.StackTraceUtility:ExtractStackTrace () (at /Users/bokken/build/output/unity/unity/Runtime/Export/Scripting/StackTrace.cs:35)
UnityEngine.DebugLogHandler:Internal_Log (UnityEngine.LogType,UnityEngine.LogOption,string,UnityEngine.Object)
UnityEngine.DebugLogHandler:LogFormat (UnityEngine.LogType,UnityEngine.Object,string,object[])
UnityEngine.Logger:Log (UnityEngine.LogType,object)
UnityEngine.Debug:Log (object)
TMPro.EditorEventCallbacks/<>c:<InitializeFontAssetResourceChangeCallBacks>b__0_0 () (at ./Library/PackageCache/com.unity.ugui@1c4864518158/Editor/TMP/TMP_EditorResourceManager.cs:36)
UnityEditor.EditorApplication:Internal_EditorApplicationQuit () (at /Users/bokken/build/output/unity/unity/Editor/Mono/EditorApplication.cs:128)
PerfBenchmark:Finish () (at Assets/Editor/Perf/PerfBenchmark.cs:88)
PerfBenchmark:Tick () (at Assets/Editor/Perf/PerfBenchmark.cs:57)
UnityEditor.EditorApplication:Internal_CallUpdateFunctions () (at /Users/bokken/build/output/unity/unity/Editor/Mono/EditorApplication.cs:403)

(Filename: ./Library/PackageCache/com.unity.ugui@1c4864518158/Editor/TMP/TMP_EditorResourceManager.cs Line: 36)

Clearing [Sora-ExtraBold SDF] dynamic font asset data.
UnityEngine.Debug:ExtractStackTraceNoAlloc (byte*,int,string)
UnityEngine.StackTraceUtility:ExtractStackTrace () (at /Users/bokken/build/output/unity/unity/Runtime/Export/Scripting/StackTrace.cs:35)
UnityEngine.DebugLogHandler:Internal_Log (UnityEngine.LogType,UnityEngine.LogOption,string,UnityEngine.Object)
UnityEngine.DebugLogHandler:LogFormat (UnityEngine.LogType,UnityEngine.Object,string,object[])
UnityEngine.Logger:Log (UnityEngine.LogType,object)
UnityEngine.Debug:Log (object)
TMPro.EditorEventCallbacks/<>c:<InitializeFontAssetResourceChangeCallBacks>b__0_0 () (at ./Library/PackageCache/com.unity.ugui@1c4864518158/Editor/TMP/TMP_EditorResourceManager.cs:36)
UnityEditor.EditorApplication:Internal_EditorApplicationQuit () (at /Users/bokken/build/output/unity/unity/Editor/Mono/EditorApplication.cs:128)
PerfBenchmark:Finish () (at Assets/Editor/Perf/PerfBenchmark.cs:88)
PerfBenchmark:Tick () (at Assets/Editor/Perf/PerfBenchmark.cs:57)
UnityEditor.EditorApplication:Internal_CallUpdateFunctions () (at /Users/bokken/build/output/unity/unity/Editor/Mono/EditorApplication.cs:403)

(Filename: ./Library/PackageCache/com.unity.ugui@1c4864518158/Editor/TMP/TMP_EditorResourceManager.cs Line: 36)

Clearing [Sora-SemiBold SDF] dynamic font asset data.
UnityEngine.Debug:ExtractStackTraceNoAlloc (byte*,int,string)
UnityEngine.StackTraceUtility:ExtractStackTrace () (at /Users/bokken/build/output/unity/unity/Runtime/Export/Scripting/StackTrace.cs:35)
UnityEngine.DebugLogHandler:Internal_Log (UnityEngine.LogType,UnityEngine.LogOption,string,UnityEngine.Object)
UnityEngine.DebugLogHandler:LogFormat (UnityEngine.LogType,UnityEngine.Object,string,object[])
UnityEngine.Logger:Log (UnityEngine.LogType,object)
UnityEngine.Debug:Log (object)
TMPro.EditorEventCallbacks/<>c:<InitializeFontAssetResourceChangeCallBacks>b__0_0 () (at ./Library/PackageCache/com.unity.ugui@1c4864518158/Editor/TMP/TMP_EditorResourceManager.cs:36)
UnityEditor.EditorApplication:Internal_EditorApplicationQuit () (at /Users/bokken/build/output/unity/unity/Editor/Mono/EditorApplication.cs:128)
PerfBenchmark:Finish () (at Assets/Editor/Perf/PerfBenchmark.cs:88)
PerfBenchmark:Tick () (at Assets/Editor/Perf/PerfBenchmark.cs:57)
UnityEditor.EditorApplication:Internal_CallUpdateFunctions () (at /Users/bokken/build/output/unity/unity/Editor/Mono/EditorApplication.cs:403)

(Filename: ./Library/PackageCache/com.unity.ugui@1c4864518158/Editor/TMP/TMP_EditorResourceManager.cs Line: 36)

Killing ADB server in 0.047777 seconds.
Importing 'GUID: b5f29bad05304450b9ab7277dfd32ce8 - Path: Assets/Fonts/Manrope/Manrope-Medium SDF.asset' with importer (NativeFormatImporter)
Imported 'GUID: b5f29bad05304450b9ab7277dfd32ce8' -> (Import Result ID: 'cb61bb827e031fa6239d66c2fa0f8afc') in 0.004 seconds [static dependencies only]. Details - ImportResultOutputID=ec3ec3f93bcf507604567c953f0b5957 DependenciesID=0e93cbb86ed043d6c0888f94658301af StaticDependenciesID=8ea8a00619bf04645ebfb69cfeab46c1 
Importing 'GUID: 960a4a1fee038423aa04c0a49d711d9b - Path: Assets/Fonts/Sora/Sora-SemiBold SDF.asset' with importer (NativeFormatImporter)
Imported 'GUID: 960a4a1fee038423aa04c0a49d711d9b' -> (Import Result ID: 'f0ee152553e8dc9ac62a81a89426c631') in 0.001 seconds [static dependencies only]. Details - ImportResultOutputID=c5376367d9140c4416bf39f8fde47f00 DependenciesID=5c744164e1951a442ae180395d62e8b6 StaticDependenciesID=f13d0a39dfad3eb2dbaac050dfbcbc39 
Importing 'GUID: c72df4aa697254381b2ff24a4f97e6d3 - Path: Assets/Fonts/Manrope/Manrope-SemiBold SDF.asset' with importer (NativeFormatImporter)
Imported 'GUID: c72df4aa697254381b2ff24a4f97e6d3' -> (Import Result ID: '070301d1491a0a501e5cdab33f309727') in 0.000 seconds [static dependencies only]. Details - ImportResultOutputID=2e7c58826d8c337f1c251c33b9ba64de DependenciesID=3c4bb27d96b34c1e8f718436c8471291 StaticDependenciesID=3865d2f26254e37be2f57786f222801d 
Importing 'GUID: b81218380dce5435392e5af2bdd5146f - Path: Assets/Fonts/Sora/Sora-ExtraBold SDF.asset' with importer (NativeFormatImporter)
Imported 'GUID: b81218380dce5435392e5af2bdd5146f' -> (Import Result ID: '952eaa173b921a4527748364df4e20b5') in 0.001 seconds [static dependencies only]. Details - ImportResultOutputID=2af47ebb0121feff9988dee99997374f DependenciesID=10babd8e3a758188fd534925dec15bf3 StaticDependenciesID=5b137e6e3eced2c0039820e8c6cb931b 
Importing 'GUID: 9dbec836a26194eee9c3e94b0b2a02fe - Path: Assets/Fonts/Manrope/Manrope-ExtraBold SDF.asset' with importer (NativeFormatImporter)
Imported 'GUID: 9dbec836a26194eee9c3e94b0b2a02fe' -> (Import Result ID: 'e2b437b14b599a3a5c1993c327428e8d') in 0.000 seconds [static dependencies only]. Details - ImportResultOutputID=c965e93c81ab70ea8c040638d843abce DependenciesID=5803e16bd1725a33189edaa35a368a9a StaticDependenciesID=93dacaa17b23f991adbbf43d15d11526 
Importing 'GUID: 1f393a07920384164ace0f7c2173264d - Path: Assets/Fonts/Manrope/Manrope-Bold SDF.asset' with importer (NativeFormatImporter)
Imported 'GUID: 1f393a07920384164ace0f7c2173264d' -> (Import Result ID: 'ca9f0dcacc57f40995654255728eb9d7') in 0.000 seconds [static dependencies only]. Details - ImportResultOutputID=3743d3df6aade6316de34d1f0cd20126 DependenciesID=02b0bfd84aa6cd32b4032df49b5f3bdc StaticDependenciesID=d41a957394ebfb9fa858d1deb4161887 
Importing 'GUID: 7f6a6978d2a4943d9aaa8c7cba6e7253 - Path: Assets/Fonts/Sora/Sora-Bold SDF.asset' with importer (NativeFormatImporter)
Imported 'GUID: 7f6a6978d2a4943d9aaa8c7cba6e7253' -> (Import Result ID: '6532add561161054dda27c460bc06877') in 0.000 seconds [static dependencies only]. Details - ImportResultOutputID=8e8b4bce18643da22ccdc54c9e891c81 DependenciesID=53ba04d9b6026a3964a05a452e103e99 StaticDependenciesID=5a6cf94023de4b5e983bb54f40f87bc7 
"MSBuild-Server" wird heruntergefahren...
"VB/C#-Compilerserver" wird heruntergefahren...
Asset Pipeline Refresh (id=85bd41a578fb24b888383d1041399749): Total: 0.132 seconds - Initiated by StopAssetImportingV2(NoUpdateAssetOptions)
Thread 0x16e087000 may have been prematurely finalized
"VB/C#-Compilerserver" wurde erfolgreich heruntergefahren.
Input System module state changed to: ShutdownInProgress.
Input Polling Thread exited.
Input System module state changed to: Shutdown.
[Physics::Module] Cleanup current backend.
[Physics::Module] Id: 0xf2b8ea05
[Licensing::IpcConnector] LicenseClient-philipp-notifications channel disconnected successfully.
[Licensing::IpcConnector] LicenseClient-philipp channel disconnected successfully.
Thread 0x16e407000 may have been prematurely finalized
Thread 0x16e37b000 may have been prematurely finalized
Thread 0x16e5ab000 may have been prematurely finalized
Thread 0x16e74f000 may have been prematurely finalized
Thread 0x16e867000 may have been prematurely finalized
Thread 0x16e493000 may have been prematurely finalized
Thread 0x16e7db000 may have been prematurely finalized
Thread 0x16e51f000 may have been prematurely finalized
Thread 0x16e6c3000 may have been prematurely finalized
Thread 0x16e8f3000 may have been prematurely finalized
Thread 0x16e97f000 may have been prematurely finalized
Thread 0x16e637000 may have been prematurely finalized
Thread 0x16ea0b000 may have been prematurely finalized
Lingering sessions upon destruction of worker manager
AcceleratorClientConnectionCallback - disconnected - :0
Thread 0x17a63f000 may have been prematurely finalized
info: Microsoft.Hosting.Lifetime[0]
      Application is shutting down...
Cleanup mono
CodeReloadManager destroyed
info: Unity.ILPP.Runner.PostProcessingAssemblyLoadContext[0]
      ALC ILPP context 1 is unloading
"MSBuild-Server" wurde erfolgreich heruntergefahren.
debugger-agent: Unable to listen on 39
[usbmuxd] Stop listen thread
[usbmuxd] Error: 
[usbmuxd] Listen thread exiting
