Unity Editor version:    6000.5.8f1 (5cb7df797b7d)
Branch:                  6000.5/staging
Build type:              Release
Batch mode:              YES
macOS version:           Version 27.0 (Build 26A428)
Darwin version:          27.0.0
Architecture:            arm64
Running under Rosetta:   NO
Available memory:        65536 MB
Date:                    2026-10-04T12:15:20Z
[Licensing::Module] Trying to connect to existing licensing client channel...
[Licensing::IpcConnector] Successfully connected to: "LicenseClient-philipp" at "2026-10-04T12:15:20.852429Z"
Launching external process: /Applications/Unity/Hub/Editor/6000.5.8f1/Unity.app/Contents/Helpers/PackageManager/Server/UnityPackageManager

COMMAND LINE ARGUMENTS:
/Applications/Unity/Hub/Editor/6000.5.8f1/Unity.app/Contents/MacOS/Unity
-batchmode
-projectPath
/Users/philipp/Projects/3DTD/3DTD/3DTD
-executeMethod
PerfBenchmark.Run
-perfSuite
parity
-logFile
tasks/perf/logs/phase3-parity.log
Successfully changed project path to: /Users/philipp/Projects/3DTD/3DTD/3DTD
/Users/philipp/Projects/3DTD/3DTD/3DTD
[UnityMemory] Configuration Parameters - Can be set up in boot.config
    "memorysetup-temp-allocator-size-gi-baking-worker=262144"
    "memorysetup-temp-allocator-size-gi-baking-worker=262144"
    "memorysetup-temp-allocator-size-gi-baking-worker=262144"
    "memorysetup-temp-allocator-size-gi-baking-worker=262144"
    "memorysetup-temp-allocator-size-gi-baking-worker=262144"
    "memorysetup-temp-allocator-size-nav-mesh-worker=65536"
    "memorysetup-temp-allocator-size-audio-worker=65536"
    "memorysetup-temp-allocator-size-cloud-worker=32768"
    "memorysetup-allocator-temp-initial-block-size-main=262144"
    "memorysetup-allocator-temp-initial-block-size-worker=262144"
    "memorysetup-temp-allocator-size-preload-manager=33554432"
    "memorysetup-temp-allocator-size-gfx=262144"
    "memorysetup-temp-allocator-size-background-worker=32768"
    "memorysetup-temp-allocator-size-job-worker=262144"
    "memorysetup-bucket-allocator-granularity=16"
    "memorysetup-bucket-allocator-bucket-count=8"
    "memorysetup-bucket-allocator-block-size=33554432"
    "memorysetup-bucket-allocator-block-count=8"
    "memorysetup-main-allocator-block-size=16777216"
    "memorysetup-thread-allocator-block-size=16777216"
    "memorysetup-main-allocator-mimalloc-enabled=0"
    "memorysetup-gfx-main-allocator-block-size=16777216"
    "memorysetup-gfx-thread-allocator-block-size=16777216"
    "memorysetup-cache-allocator-block-size=4194304"
    "memorysetup-typetree-allocator-block-size=2097152"
    "memorysetup-profiler-bucket-allocator-granularity=16"
    "memorysetup-profiler-bucket-allocator-bucket-count=8"
    "memorysetup-profiler-bucket-allocator-block-size=33554432"
    "memorysetup-profiler-bucket-allocator-block-count=8"
    "memorysetup-profiler-allocator-block-size=16777216"
    "memorysetup-profiler-editor-allocator-block-size=1048576"
    "memorysetup-temp-allocator-size-main=16777216"
    "memorysetup-job-temp-allocator-block-size=2097152"
    "memorysetup-job-temp-allocator-block-size-background=1048576"
    "memorysetup-job-temp-allocator-reduction-small-platforms=262144"
Logging is directed to a specific file, skipping project log.Player connection [8171323264]  Target information:

Player connection [8171323264]  * "[IP] 192.168.178.132 [Port] 55504 [Flags] 2 [Guid] 493394974 [EditorId] 493394974 [Version] 1048832 [Id] OSXEditor(0,Philipps-Mac-LAN.fritz.box) [Debug] 1 [PackageName] OSXEditor [ProjectName] Editor" 

Player connection [8171323264]  * "[IP] 192.168.178.133 [Port] 55504 [Flags] 2 [Guid] 493394974 [EditorId] 493394974 [Version] 1048832 [Id] OSXEditor(0,Philipps-Mac-LAN.fritz.box) [Debug] 1 [PackageName] OSXEditor [ProjectName] Editor" 

Player connection [8171323264]  * "[IP] 192.168.139.3 [Port] 55504 [Flags] 2 [Guid] 493394974 [EditorId] 493394974 [Version] 1048832 [Id] OSXEditor(0,Philipps-Mac-LAN.fritz.box) [Debug] 1 [PackageName] OSXEditor [ProjectName] Editor" 

Player connection [8171323264]  * "[IP] 192.168.215.0 [Port] 55504 [Flags] 2 [Guid] 493394974 [EditorId] 493394974 [Version] 1048832 [Id] OSXEditor(0,Philipps-Mac-LAN.fritz.box) [Debug] 1 [PackageName] OSXEditor [ProjectName] Editor" 

Player connection [8171323264]  * "[IP] 192.168.97.0 [Port] 55504 [Flags] 2 [Guid] 493394974 [EditorId] 493394974 [Version] 1048832 [Id] OSXEditor(0,Philipps-Mac-LAN.fritz.box) [Debug] 1 [PackageName] OSXEditor [ProjectName] Editor" 

Player connection [8171323264] Host joined multi-casting on [225.0.0.222:54997]...
Player connection [8171323264] Host joined alternative multi-casting on [225.0.0.222:34997]...
Input System module state changed to: Initialized.
[Physics::Module] Initialized fallback backend.
[Physics::Module] Id: 0xdecafbad
[Package Manager] Connected to IPC stream "Upm-46370" after 0.1 seconds.
[Licensing::Module] Licensing is not yet initialized.
[Licensing::Client] Handshaking with LicensingClient:
  Version:                 1.18.3+d7ffd15
  Session Id:              0875909c767d4f4f906895f9bacc938c
  Correlation Id:          910c49780be0d37de9010221086ac5fe
  External correlation Id: 6791593072464389027
  Machine Id:              RvZ12cVBd6PoVZKbkiBOwYmsOqI=
[Licensing::Module] Successfully connected to LicensingClient on channel: "LicenseClient-philipp" (connect: 0.00s, validation: 0.00s, handshake: 0.26s)
[Licensing::IpcConnector] Successfully connected to: "LicenseClient-philipp-notifications" at "2026-10-04T12:15:21.118394Z"
[Licensing::Module] Error: Access token is unavailable; failed to update
[Licensing::Client] Successfully resolved entitlement details
[Licensing::Module] License group:
  Id: F4-E4SU-4NGG-F7VJ-4QU2-XXXX
  Product: Unity Personal
  Type: ULF
  Expiration: Unlimited
[Licensing::Module] License group:
  Id: 9071000562088-UnityPersXXXX
  Product: Unity Personal
  Type: Assigned
  Expiration: Unlimited
[Licensing::Client] Successfully updated license, isAsync: True, time: 0.00
[Licensing::Client] Successfully resolved entitlement details
[Licensing::Module] License group:
  Id: F4-E4SU-4NGG-F7VJ-4QU2-XXXX
  Product: Unity Personal
  Type: ULF
  Expiration: Unlimited
[Licensing::Module] License group:
  Id: 9071000562088-UnityPersXXXX
  Product: Unity Personal
  Type: Assigned
  Expiration: Unlimited
[Licensing::Module] Licensing Background thread has ended after 0.27s
[Licensing::Module] Licensing is initialized (took 0.06s).
[Licensing::Client] Successfully resolved entitlement details
[Licensing::Module] License group:
  Id: F4-E4SU-4NGG-F7VJ-4QU2-XXXX
  Product: Unity Personal
  Type: ULF
  Expiration: Unlimited
[Licensing::Module] License group:
  Id: 9071000562088-UnityPersXXXX
  Product: Unity Personal
  Type: Assigned
  Expiration: Unlimited
Library Redirect Path: Library/
[Physics::Module] Selected backend.
[Physics::Module] Name: PhysX
[Physics::Module] Id: 0xf2b8ea05
[Physics::Module] SDK Version: 4.1.2
[Physics::Module] Integration Version: 1.0.0
[Physics::Module] Threading Mode: Multi-Threaded
Initialize engine version: 6000.5.8f1 (5cb7df797b7d)
[Subsystems] Discovering subsystems at path /Applications/Unity/Hub/Editor/6000.5.8f1/Unity.app/Contents/Resources/UnitySubsystems
[Subsystems] Discovering subsystems at path /Users/philipp/Projects/3DTD/3DTD/3DTD/Assets
GfxDevice: creating device client; kGfxThreadingModeNonThreaded
 preferred device: Apple M4 Pro (high power)
Metal devices available: 1
0: Apple M4 Pro (high power)
Using device Apple M4 Pro (high power)
Initializing Metal device caps: Apple M4 Pro
Mac GPU Family: 2
Apple GPU Family: 9
MSL Version: 3.0
Has Float MSAA: 1
Has Float Filtering: 1
ReadWrite Texture Tier: 2
Initialize mono
Mono path[0] = '/Applications/Unity/Hub/Editor/6000.5.8f1/Unity.app/Contents/Resources/Scripting/Managed'
Mono path[1] = '/Applications/Unity/Hub/Editor/6000.5.8f1/Unity.app/Contents/Resources/Scripting/BCLExtensions/runtime/netstandard2.1'
Mono path[2] = '/Applications/Unity/Hub/Editor/6000.5.8f1/Unity.app/Contents/Resources/Scripting/MonoBleedingEdge/lib/mono/unityjit-macos'
Mono config path = '/Applications/Unity/Hub/Editor/6000.5.8f1/Unity.app/Contents/Resources/Scripting/MonoBleedingEdge/etc'
Using monoOptions --debugger-agent=transport=dt_socket,embedding=1,server=y,suspend=n,address=127.0.0.1:56370
CodeReloadManager initialized
ImportWorker Server TCP listen port: 0
AcceleratorClientConnectionCallback - disconnected - :0
Begin MonoManager ReloadAssembly
Registering precompiled unity dll's ...
Register platform support module: /Applications/Unity/Hub/Editor/6000.5.8f1/PlaybackEngines/WebGLSupport/UnityEditor.WebGL.Extensions.dll
Register platform support module: /Applications/Unity/Hub/Editor/6000.5.8f1/PlaybackEngines/MacStandaloneSupport/UnityEditor.OSXStandalone.Extensions.dll
Register platform support module: /Applications/Unity/Hub/Editor/6000.5.8f1/PlaybackEngines/WindowsStandaloneSupport/UnityEditor.WindowsStandalone.Extensions.dll
[Licensing::Client] Successfully resolved entitlement details
[Licensing::Module] License group:
  Id: F4-E4SU-4NGG-F7VJ-4QU2-XXXX
  Product: Unity Personal
  Type: ULF
  Expiration: Unlimited
[Licensing::Module] License group:
  Id: 9071000562088-UnityPersXXXX
  Product: Unity Personal
  Type: Assigned
  Expiration: Unlimited
Register platform support module: /Applications/Unity/Hub/Editor/6000.5.8f1/PlaybackEngines/AndroidPlayer/UnityEditor.Android.Extensions.dll
[Licensing::Client] Successfully resolved entitlement details
[Licensing::Module] License group:
  Id: F4-E4SU-4NGG-F7VJ-4QU2-XXXX
  Product: Unity Personal
  Type: ULF
  Expiration: Unlimited
[Licensing::Module] License group:
  Id: 9071000562088-UnityPersXXXX
  Product: Unity Personal
  Type: Assigned
  Expiration: Unlimited
Register platform support module: /Applications/Unity/Hub/Editor/6000.5.8f1/PlaybackEngines/iOSSupport/UnityEditor.iOS.Extensions.dll
Register platform support module: /Applications/Unity/Hub/Editor/6000.5.8f1/PlaybackEngines/LinuxStandaloneSupport/UnityEditor.LinuxStandalone.Extensions.dll
Registered in 0.003251 seconds.
Native extension for LinuxStandalone target not found
[usbmuxd] Start listen thread
[usbmuxd] Listen thread started
[usbmuxd] Send listen message
Native extension for iOS target not found
Native extension for Android target not found
Native extension for WindowsStandalone target not found
Native extension for OSXStandalone target not found
Native extension for WebGL target not found
Package Manager log level set to [2]
[Licensing::Client] Successfully resolved entitlement details
ScheduleIndexationOnStartup MainProcess:False IndexOnStartup:True
Mono: successfully reloaded assembly
- Finished resetting the current domain, in  1.610 seconds
Domain Reload Profiling: 1881ms
	BeginReloadAssembly (58ms)
		CreateAndSetChildDomain (13ms)
	RebuildCommonClasses (3ms)
	RebuildNativeTypeToScriptingClass (9ms)
	initialDomainReloadingComplete (32ms)
	LoadAllAssembliesAndSetupDomain (169ms)
		LoadAssemblies (46ms)
		AnalyzeDomain (125ms)
			TypeCache.Refresh (124ms)
				TypeCache.ScanAssembly (114ms)
	FinalizeReload (1611ms)
		SetupLoadedEditorAssemblies (0ms)
			InitializePlatformSupportModulesInManaged (41ms)
			BeforeProcessingInitializeOnLoad (47ms)
			ProcessInitializeOnLoadAttributes (53ms)
			ProcessInitializeOnLoadMethodAttributes (1432ms)
[Licensing::Client] Successfully resolved entitlement details
[Licensing::Module] License group:
  Id: F4-E4SU-4NGG-F7VJ-4QU2-XXXX
  Product: Unity Personal
  Type: ULF
  Expiration: Unlimited
[Licensing::Module] License group:
  Id: 9071000562088-UnityPersXXXX
  Product: Unity Personal
  Type: Assigned
  Expiration: Unlimited
Application.AssetDatabase Initial Refresh Start
[Package Manager] Restoring resolved packages state from cache
[Licensing::Client] Successfully resolved entitlement details
[Package Manager] Registered 59 packages:
  Packages from [https://packages.unity.com]:
    com.unity.ai.navigation@2.0.14 (location: /Users/philipp/Projects/3DTD/3DTD/3DTD/Library/PackageCache/com.unity.ai.navigation@134dd6a3b97b)
    com.unity.burst@1.8.30 (location: /Users/philipp/Projects/3DTD/3DTD/3DTD/Library/PackageCache/com.unity.burst@2f3d916873ea)
    com.unity.collab-proxy@2.13.5 (location: /Users/philipp/Projects/3DTD/3DTD/3DTD/Library/PackageCache/com.unity.collab-proxy@120d77864ebc)
    com.unity.ide.rider@3.0.38 (location: /Users/philipp/Projects/3DTD/3DTD/3DTD/Library/PackageCache/com.unity.ide.rider@1f60b3138684)
    com.unity.ide.visualstudio@2.0.26 (location: /Users/philipp/Projects/3DTD/3DTD/3DTD/Library/PackageCache/com.unity.ide.visualstudio@a99d56dec63f)
    com.unity.nuget.newtonsoft-json@3.2.2 (location: /Users/philipp/Projects/3DTD/3DTD/3DTD/Library/PackageCache/com.unity.nuget.newtonsoft-json@4dfd81071c64)
    com.unity.timeline@1.8.12 (location: /Users/philipp/Projects/3DTD/3DTD/3DTD/Library/PackageCache/com.unity.timeline@8cd8509afae5)
    com.unity.searcher@4.9.5 (location: /Users/philipp/Projects/3DTD/3DTD/3DTD/Library/PackageCache/com.unity.searcher@a463122f2c00)
    com.unity.nuget.mono-cecil@1.11.6 (location: /Users/philipp/Projects/3DTD/3DTD/3DTD/Library/PackageCache/com.unity.nuget.mono-cecil@ecb9724e46ff)
    com.unity.test-framework.performance@3.5.0 (location: /Users/philipp/Projects/3DTD/3DTD/3DTD/Library/PackageCache/com.unity.test-framework.performance@8b56083ec0f0)
  Built-in packages:
    com.unity.2d.sprite@1.0.0 (location: /Users/philipp/Projects/3DTD/3DTD/3DTD/Library/PackageCache/com.unity.2d.sprite@053a968eab56)
    com.unity.multiplayer.center@1.0.1 (location: /Users/philipp/Projects/3DTD/3DTD/3DTD/Library/PackageCache/com.unity.multiplayer.center@b860850997d0)
    com.unity.render-pipelines.universal@17.5.0 (location: /Users/philipp/Projects/3DTD/3DTD/3DTD/Library/PackageCache/com.unity.render-pipelines.universal@73b4c4ff130e)
    com.unity.test-framework@1.7.0 (location: /Users/philipp/Projects/3DTD/3DTD/3DTD/Library/PackageCache/com.unity.test-framework@1405238725ab)
    com.unity.ugui@2.5.0 (location: /Users/philipp/Projects/3DTD/3DTD/3DTD/Library/PackageCache/com.unity.ugui@1c4864518158)
    com.unity.visualeffectgraph@17.5.0 (location: /Users/philipp/Projects/3DTD/3DTD/3DTD/Library/PackageCache/com.unity.visualeffectgraph@b1f03b147b92)
    com.unity.modules.accessibility@1.0.0 (location: /Users/philipp/Projects/3DTD/3DTD/3DTD/Library/PackageCache/com.unity.modules.accessibility)
    com.unity.modules.adaptiveperformance@1.0.0 (location: /Users/philipp/Projects/3DTD/3DTD/3DTD/Library/PackageCache/com.unity.modules.adaptiveperformance)
    com.unity.modules.ai@1.0.0 (location: /Users/philipp/Projects/3DTD/3DTD/3DTD/Library/PackageCache/com.unity.modules.ai)
    com.unity.modules.androidjni@1.0.0 (location: /Users/philipp/Projects/3DTD/3DTD/3DTD/Library/PackageCache/com.unity.modules.androidjni)
    com.unity.modules.animation@1.0.0 (location: /Users/philipp/Projects/3DTD/3DTD/3DTD/Library/PackageCache/com.unity.modules.animation)
    com.unity.modules.assetbundle@1.0.0 (location: /Users/philipp/Projects/3DTD/3DTD/3DTD/Library/PackageCache/com.unity.modules.assetbundle)
    com.unity.modules.audio@1.0.0 (location: /Users/philipp/Projects/3DTD/3DTD/3DTD/Library/PackageCache/com.unity.modules.audio)
    com.unity.modules.cloth@1.0.0 (location: /Users/philipp/Projects/3DTD/3DTD/3DTD/Library/PackageCache/com.unity.modules.cloth)
    com.unity.modules.director@1.0.0 (location: /Users/philipp/Projects/3DTD/3DTD/3DTD/Library/PackageCache/com.unity.modules.director)
    com.unity.modules.imageconversion@1.0.0 (location: /Users/philipp/Projects/3DTD/3DTD/3DTD/Library/PackageCache/com.unity.modules.imageconversion)
    com.unity.modules.imgui@1.0.0 (location: /Users/philipp/Projects/3DTD/3DTD/3DTD/Library/PackageCache/com.unity.modules.imgui)
    com.unity.modules.jsonserialize@1.0.0 (location: /Users/philipp/Projects/3DTD/3DTD/3DTD/Library/PackageCache/com.unity.modules.jsonserialize)
    com.unity.modules.particlesystem@1.0.0 (location: /Users/philipp/Projects/3DTD/3DTD/3DTD/Library/PackageCache/com.unity.modules.particlesystem)
    com.unity.modules.physics@1.0.0 (location: /Users/philipp/Projects/3DTD/3DTD/3DTD/Library/PackageCache/com.unity.modules.physics)
    com.unity.modules.physics2d@1.0.0 (location: /Users/philipp/Projects/3DTD/3DTD/3DTD/Library/PackageCache/com.unity.modules.physics2d)
    com.unity.modules.physicscore2d@1.0.0 (location: /Users/philipp/Projects/3DTD/3DTD/3DTD/Library/PackageCache/com.unity.modules.physicscore2d)
    com.unity.modules.screencapture@1.0.0 (location: /Users/philipp/Projects/3DTD/3DTD/3DTD/Library/PackageCache/com.unity.modules.screencapture)
    com.unity.modules.terrain@1.0.0 (location: /Users/philipp/Projects/3DTD/3DTD/3DTD/Library/PackageCache/com.unity.modules.terrain)
    com.unity.modules.terrainphysics@1.0.0 (location: /Users/philipp/Projects/3DTD/3DTD/3DTD/Library/PackageCache/com.unity.modules.terrainphysics)
    com.unity.modules.tilemap@1.0.0 (location: /Users/philipp/Projects/3DTD/3DTD/3DTD/Library/PackageCache/com.unity.modules.tilemap)
    com.unity.modules.ui@1.0.0 (location: /Users/philipp/Projects/3DTD/3DTD/3DTD/Library/PackageCache/com.unity.modules.ui)
    com.unity.modules.uielements@1.0.0 (location: /Users/philipp/Projects/3DTD/3DTD/3DTD/Library/PackageCache/com.unity.modules.uielements)
    com.unity.modules.umbra@1.0.0 (location: /Users/philipp/Projects/3DTD/3DTD/3DTD/Library/PackageCache/com.unity.modules.umbra)
    com.unity.modules.unityanalytics@1.0.0 (location: /Users/philipp/Projects/3DTD/3DTD/3DTD/Library/PackageCache/com.unity.modules.unityanalytics)
    com.unity.modules.unitywebrequest@1.0.0 (location: /Users/philipp/Projects/3DTD/3DTD/3DTD/Library/PackageCache/com.unity.modules.unitywebrequest)
    com.unity.modules.unitywebrequestassetbundle@1.0.0 (location: /Users/philipp/Projects/3DTD/3DTD/3DTD/Library/PackageCache/com.unity.modules.unitywebrequestassetbundle)
    com.unity.modules.unitywebrequestaudio@1.0.0 (location: /Users/philipp/Projects/3DTD/3DTD/3DTD/Library/PackageCache/com.unity.modules.unitywebrequestaudio)
    com.unity.modules.unitywebrequesttexture@1.0.0 (location: /Users/philipp/Projects/3DTD/3DTD/3DTD/Library/PackageCache/com.unity.modules.unitywebrequesttexture)
    com.unity.modules.unitywebrequestwww@1.0.0 (location: /Users/philipp/Projects/3DTD/3DTD/3DTD/Library/PackageCache/com.unity.modules.unitywebrequestwww)
    com.unity.modules.vectorgraphics@1.0.0 (location: /Users/philipp/Projects/3DTD/3DTD/3DTD/Library/PackageCache/com.unity.modules.vectorgraphics)
    com.unity.modules.vehicles@1.0.0 (location: /Users/philipp/Projects/3DTD/3DTD/3DTD/Library/PackageCache/com.unity.modules.vehicles)
    com.unity.modules.video@1.0.0 (location: /Users/philipp/Projects/3DTD/3DTD/3DTD/Library/PackageCache/com.unity.modules.video)
    com.unity.modules.wind@1.0.0 (location: /Users/philipp/Projects/3DTD/3DTD/3DTD/Library/PackageCache/com.unity.modules.wind)
    com.unity.modules.xr@1.0.0 (location: /Users/philipp/Projects/3DTD/3DTD/3DTD/Library/PackageCache/com.unity.modules.xr)
    com.unity.modules.subsystems@1.0.0 (location: /Users/philipp/Projects/3DTD/3DTD/3DTD/Library/PackageCache/com.unity.modules.subsystems)
    com.unity.modules.hierarchycore@1.0.0 (location: /Users/philipp/Projects/3DTD/3DTD/3DTD/Library/PackageCache/com.unity.modules.hierarchycore)
    com.unity.shadergraph@17.5.0 (location: /Users/philipp/Projects/3DTD/3DTD/3DTD/Library/PackageCache/com.unity.shadergraph@8d7376ec43ee)
    com.unity.render-pipelines.core@17.5.0 (location: /Users/philipp/Projects/3DTD/3DTD/3DTD/Library/PackageCache/com.unity.render-pipelines.core@a4c9a9793789)
    com.unity.ext.nunit@2.1.0 (location: /Users/philipp/Projects/3DTD/3DTD/3DTD/Library/PackageCache/com.unity.ext.nunit@44f7d31723bd)
    com.unity.render-pipelines.universal-config@17.5.0 (location: /Users/philipp/Projects/3DTD/3DTD/3DTD/Library/PackageCache/com.unity.render-pipelines.universal-config@fdda01c80fe3)
    com.unity.collections@6.5.0 (location: /Users/philipp/Projects/3DTD/3DTD/3DTD/Library/PackageCache/com.unity.collections@ec2c217e4cb2)
    com.unity.mathematics@1.4.0 (location: /Users/philipp/Projects/3DTD/3DTD/3DTD/Library/PackageCache/com.unity.mathematics@981956d94fb6)
  Git packages:
    com.unify.unified-universal-blur@https://github.com/lukakldiashvili/Unified-Universal-Blur.git#0.9.0 (location: /Users/philipp/Projects/3DTD/3DTD/3DTD/Library/PackageCache/com.unify.unified-universal-blur@6a18634d9a56)
[Subsystems] No new subsystems found in resolved package list.
[Package Manager] Done registering packages in 0.01 seconds
[ScriptCompilation] Requested script compilation because: AssetDatabase observed changes in script compilation related files
info: Microsoft.Hosting.Lifetime[14]
      Now listening on: http://unix:/tmp/ilpp.sock-abe43804ae87d25423edb61801c047fd
info: Microsoft.Hosting.Lifetime[0]
      Application started. Press Ctrl+C to shut down.
info: Microsoft.Hosting.Lifetime[0]
      Hosting environment: Production
info: Microsoft.Hosting.Lifetime[0]
      Content root path: /Users/philipp/Projects/3DTD/3DTD/3DTD
info: Microsoft.AspNetCore.Hosting.Diagnostics[1]
      Request starting HTTP/2 POST http://ilpp/UnityILPP.PostProcessing/Ping - application/grpc -
info: Microsoft.AspNetCore.Routing.EndpointMiddleware[0]
      Executing endpoint 'gRPC - /UnityILPP.PostProcessing/Ping'
info: Microsoft.AspNetCore.Routing.EndpointMiddleware[1]
      Executed endpoint 'gRPC - /UnityILPP.PostProcessing/Ping'
info: Microsoft.AspNetCore.Hosting.Diagnostics[2]
      Request finished HTTP/2 POST http://ilpp/UnityILPP.PostProcessing/Ping - 200 - application/grpc 15.4547ms
Starting: /Applications/Unity/Hub/Editor/6000.5.8f1/Unity.app/Contents/Resources/BuildPipeline/bee_backend --ipc --defer-dag-verification --dagfile="Library/Bee/200b0aE.dag" --continue-on-failure --profile="Library/Bee/backend1.traceevents" ScriptAssemblies
WorkingDir: /Users/philipp/Projects/3DTD/3DTD/3DTD
DisplayProgressbar: Compiling Scripts
info: Microsoft.AspNetCore.Hosting.Diagnostics[1]
      Request starting HTTP/2 POST http://ilpp/UnityILPP.PostProcessing/ConfigurePostProcessors - application/grpc -
info: Microsoft.AspNetCore.Routing.EndpointMiddleware[0]
      Executing endpoint 'gRPC - /UnityILPP.PostProcessing/ConfigurePostProcessors'
warn: Unity.ILPP.Runner.PostProcessingAssemblyLoadContext[0]
      Assembly unityeditor.ios.extensions.xcode has duplicate hint path. Ignoring "/Applications/Unity/Hub/Editor/6000.5.8f1/PlaybackEngines/iOSSupport/UnityEditor.iOS.Extensions.Xcode.dll" in favor of "/Applications/Unity/Hub/Editor/6000.5.8f1/PlaybackEngines/MacStandaloneSupport/UnityEditor.iOS.Extensions.Xcode.dll"
info: Unity.ILPP.Runner.PostProcessingAssemblyLoadContext[0]
      Resolved Unity.Burst.Cecil, Version=0.11.6.0, Culture=neutral, PublicKeyToken=50cebf1cceb9d05e with Library/PackageCache/com.unity.burst@2f3d916873ea/Unity.Burst.CodeGen/Unity.Burst.Cecil.dll
info: Unity.ILPP.Runner.PostProcessingAssemblyLoadContext[0]
      Resolved Mono.Cecil, Version=0.11.5.0, Culture=neutral, PublicKeyToken=50cebf1cceb9d05e with Library/PackageCache/com.unity.nuget.mono-cecil@ecb9724e46ff/Mono.Cecil.dll
info: Microsoft.AspNetCore.Routing.EndpointMiddleware[1]
      Executed endpoint 'gRPC - /UnityILPP.PostProcessing/ConfigurePostProcessors'
info: Microsoft.AspNetCore.Hosting.Diagnostics[2]
      Request finished HTTP/2 POST http://ilpp/UnityILPP.PostProcessing/ConfigurePostProcessors - 200 - application/grpc 13.8112ms
info: Microsoft.AspNetCore.Hosting.Diagnostics[1]
      Request starting HTTP/2 POST http://ilpp/UnityILPP.PostProcessing/PostProcessAssembly - application/grpc -
info: Microsoft.AspNetCore.Routing.EndpointMiddleware[0]
      Executing endpoint 'gRPC - /UnityILPP.PostProcessing/PostProcessAssembly'
info: Unity.ILPP.Runner.PostProcessingPipeline[0]
      Processing assembly Library/Bee/artifacts/200b0aE.dag/Assembly-CSharp.dll, with 134 defines and 343 references
info: Unity.ILPP.Runner.PostProcessingPipeline[0]
      processors: Unity.Jobs.CodeGen.JobsILPostProcessor, zzzUnity.Burst.CodeGen.BurstILPostProcessor
info: Unity.ILPP.Runner.PostProcessingPipeline[0]
      running Unity.Jobs.CodeGen.JobsILPostProcessor
info: Unity.ILPP.Runner.PostProcessingAssemblyLoadContext[0]
      Resolved Unity.Collections, Version=0.0.0.0, Culture=neutral, PublicKeyToken=null with Library/Bee/artifacts/200b0aE.dag/Unity.Collections.dll
info: Unity.ILPP.Runner.PostProcessingAssemblyLoadContext[0]
      Resolved UnityEditor.CoreModule, Version=0.0.0.0, Culture=neutral, PublicKeyToken=null with /Applications/Unity/Hub/Editor/6000.5.8f1/Unity.app/Contents/Resources/Scripting/Managed/UnityEngine/UnityEditor.CoreModule.dll
info: Unity.ILPP.Runner.PostProcessingAssemblyLoadContext[0]
      Resolved UnityEngine.CoreModule, Version=0.0.0.0, Culture=neutral, PublicKeyToken=null with /Applications/Unity/Hub/Editor/6000.5.8f1/Unity.app/Contents/Resources/Scripting/Managed/UnityEngine/UnityEngine.CoreModule.dll
info: Unity.ILPP.Runner.PostProcessingAssemblyLoadContext[0]
      Resolved Unity.Scripting, Version=0.0.0.0, Culture=neutral, PublicKeyToken=null with /Applications/Unity/Hub/Editor/6000.5.8f1/Unity.app/Contents/Resources/Scripting/Managed/UnityEngine/Unity.Scripting.dll
info: Unity.ILPP.Runner.PostProcessingAssemblyLoadContext[0]
      Resolved Mono.Cecil.Rocks, Version=0.11.5.0, Culture=neutral, PublicKeyToken=50cebf1cceb9d05e with Library/PackageCache/com.unity.nuget.mono-cecil@ecb9724e46ff/Mono.Cecil.Rocks.dll
info: Unity.ILPP.Runner.PostProcessingPipeline[0]
      running zzzUnity.Burst.CodeGen.BurstILPostProcessor
info: Microsoft.AspNetCore.Hosting.Diagnostics[1]
      Request starting HTTP/2 POST http://ilpp/UnityILPP.PostProcessing/PostProcessAssembly - application/grpc -
info: Microsoft.AspNetCore.Routing.EndpointMiddleware[0]
      Executing endpoint 'gRPC - /UnityILPP.PostProcessing/PostProcessAssembly'
info: Unity.ILPP.Runner.PostProcessingPipeline[0]
      Processing assembly Library/Bee/artifacts/200b0aE.dag/Assembly-CSharp-Editor.dll, with 135 defines and 365 references
info: Unity.ILPP.Runner.PostProcessingPipeline[0]
      processors: Unity.Jobs.CodeGen.JobsILPostProcessor, zzzUnity.Burst.CodeGen.BurstILPostProcessor
info: Unity.ILPP.Runner.PostProcessingPipeline[0]
      running Unity.Jobs.CodeGen.JobsILPostProcessor
info: Unity.ILPP.Runner.PostProcessingPipeline[0]
      running zzzUnity.Burst.CodeGen.BurstILPostProcessor
info: Unity.ILPP.Runner.PostProcessingAssemblyLoadContext[0]
      Resolved Unity.Burst.Cecil.Rocks, Version=0.11.6.0, Culture=neutral, PublicKeyToken=50cebf1cceb9d05e with Library/PackageCache/com.unity.burst@2f3d916873ea/Unity.Burst.CodeGen/Unity.Burst.Cecil.Rocks.dll
info: Microsoft.AspNetCore.Routing.EndpointMiddleware[1]
      Executed endpoint 'gRPC - /UnityILPP.PostProcessing/PostProcessAssembly'
info: Microsoft.AspNetCore.Hosting.Diagnostics[2]
      Request finished HTTP/2 POST http://ilpp/UnityILPP.PostProcessing/PostProcessAssembly - 200 - application/grpc 81.9705ms
info: Microsoft.AspNetCore.Routing.EndpointMiddleware[1]
      Executed endpoint 'gRPC - /UnityILPP.PostProcessing/PostProcessAssembly'
info: Microsoft.AspNetCore.Hosting.Diagnostics[2]
      Request finished HTTP/2 POST http://ilpp/UnityILPP.PostProcessing/PostProcessAssembly - 200 - application/grpc 433.0702ms
ExitCode: 0 Duration: 2s588ms
[625/805    0s] ILPP-Configuration Library/ilpp-configuration.nevergeneratedoutput
[797/805    1s] Csc Library/Bee/artifacts/200b0aE.dag/Assembly-CSharp.dll (+2 others)
Assets/Scripts/Tower/Targetter.cs(10,43): warning CS0109: The member 'Targetter.collider' does not hide an accessible member. The new keyword is not required.
Assets/Scripts/AnchorPoint.cs(33,26): warning CS0109: The member 'AnchorPoint.renderer' does not hide an accessible member. The new keyword is not required.
Assets/Modern UI Pack/Scripts/Window/WindowDragger.cs(24,42): warning CS0618: 'Object.FindObjectsOfType(Type)' is obsolete: 'Object.FindObjectsOfType has been deprecated. Use Object.FindObjectsByType instead which lets you decide whether you need the results sorted or not.  FindObjectsOfType sorts the results by InstanceID, but if you do not need this using FindObjectSortMode.None is considerably faster.'
Assets/Scripts/Entities/Tower.cs(24,32): warning CS0067: The event 'Tower.OnTowerDestroyed' is never used
Assets/Scripts/ProjectileBomb.cs(16,36): warning CS0414: The field 'ProjectileBomb.clusterLifetime' is assigned but its value is never used
Assets/Scripts/ProjectileLaser.cs(7,18): warning CS0414: The field 'ProjectileLaser.shouldTargetAnother' is assigned but its value is never used
Assets/Scripts/OrbitCamera.cs(33,8): warning CS0414: The field 'OrbitCamera.alignSmoothRange' is assigned but its value is never used
[798/805    0s] Csc Library/Bee/artifacts/200b0aE.dag/Assembly-CSharp-Editor.dll (+2 others)
Assets/Modern UI Pack/Editor/ContextMenu.cs(18,42): warning CS0618: 'Object.FindObjectsOfType(Type)' is obsolete: 'Object.FindObjectsOfType has been deprecated. Use Object.FindObjectsByType instead which lets you decide whether you need the results sorted or not.  FindObjectsOfType sorts the results by InstanceID, but if you do not need this using FindObjectSortMode.None is considerably faster.'
Assets/Modern UI Pack/Editor/ContextMenu.cs(36,38): warning CS0618: 'Object.FindObjectsOfType(Type)' is obsolete: 'Object.FindObjectsOfType has been deprecated. Use Object.FindObjectsByType instead which lets you decide whether you need the results sorted or not.  FindObjectsOfType sorts the results by InstanceID, but if you do not need this using FindObjectSortMode.None is considerably faster.'
Assets/Modern UI Pack/Editor/ContextMenu.cs(53,42): warning CS0618: 'Object.FindObjectsOfType(Type)' is obsolete: 'Object.FindObjectsOfType has been deprecated. Use Object.FindObjectsByType instead which lets you decide whether you need the results sorted or not.  FindObjectsOfType sorts the results by InstanceID, but if you do not need this using FindObjectSortMode.None is considerably faster.'
Assets/Modern UI Pack/Editor/ContextMenu.cs(71,38): warning CS0618: 'Object.FindObjectsOfType(Type)' is obsolete: 'Object.FindObjectsOfType has been deprecated. Use Object.FindObjectsByType instead which lets you decide whether you need the results sorted or not.  FindObjectsOfType sorts the results by InstanceID, but if you do not need this using FindObjectSortMode.None is considerably faster.'
[799/805    0s] ILPostProcess Library/Bee/artifacts/200b0aE.dag/post-processed/Assembly-CSharp.dll (+pdb)
Processing assembly Library/Bee/artifacts/200b0aE.dag/Assembly-CSharp.dll, with 134 defines and 343 references
processors: Unity.Jobs.CodeGen.JobsILPostProcessor, zzzUnity.Burst.CodeGen.BurstILPostProcessor
running Unity.Jobs.CodeGen.JobsILPostProcessor
running zzzUnity.Burst.CodeGen.BurstILPostProcessor
[800/805    0s] ILPostProcess Library/Bee/artifacts/200b0aE.dag/post-processed/Assembly-CSharp-Editor.dll (+pdb)
Processing assembly Library/Bee/artifacts/200b0aE.dag/Assembly-CSharp-Editor.dll, with 135 defines and 365 references
processors: Unity.Jobs.CodeGen.JobsILPostProcessor, zzzUnity.Burst.CodeGen.BurstILPostProcessor
running Unity.Jobs.CodeGen.JobsILPostProcessor
running zzzUnity.Burst.CodeGen.BurstILPostProcessor
[801/805    0s] CopyFiles Library/ScriptAssemblies/Assembly-CSharp.pdb
[802/805    0s] CopyFiles Library/ScriptAssemblies/Assembly-CSharp-Editor.dll
[803/805    0s] CopyFiles Library/ScriptAssemblies/Assembly-CSharp.dll
[804/805    0s] CopyFiles Library/ScriptAssemblies/Assembly-CSharp-Editor.pdb
*** Tundra build success (2.57 seconds), 9 items updated, 805 evaluated
Assets/Scripts/Tower/Targetter.cs(10,43): warning CS0109: The member 'Targetter.collider' does not hide an accessible member. The new keyword is not required.
Assets/Scripts/AnchorPoint.cs(33,26): warning CS0109: The member 'AnchorPoint.renderer' does not hide an accessible member. The new keyword is not required.
Assets/Modern UI Pack/Scripts/Window/WindowDragger.cs(24,42): warning CS0618: 'Object.FindObjectsOfType(Type)' is obsolete: 'Object.FindObjectsOfType has been deprecated. Use Object.FindObjectsByType instead which lets you decide whether you need the results sorted or not.  FindObjectsOfType sorts the results by InstanceID, but if you do not need this using FindObjectSortMode.None is considerably faster.'
Assets/Scripts/Entities/Tower.cs(24,32): warning CS0067: The event 'Tower.OnTowerDestroyed' is never used
Assets/Scripts/ProjectileBomb.cs(16,36): warning CS0414: The field 'ProjectileBomb.clusterLifetime' is assigned but its value is never used
Assets/Scripts/ProjectileLaser.cs(7,18): warning CS0414: The field 'ProjectileLaser.shouldTargetAnother' is assigned but its value is never used
Assets/Scripts/OrbitCamera.cs(33,8): warning CS0414: The field 'OrbitCamera.alignSmoothRange' is assigned but its value is never used
Assets/Modern UI Pack/Editor/ContextMenu.cs(18,42): warning CS0618: 'Object.FindObjectsOfType(Type)' is obsolete: 'Object.FindObjectsOfType has been deprecated. Use Object.FindObjectsByType instead which lets you decide whether you need the results sorted or not.  FindObjectsOfType sorts the results by InstanceID, but if you do not need this using FindObjectSortMode.None is considerably faster.'
Assets/Modern UI Pack/Editor/ContextMenu.cs(36,38): warning CS0618: 'Object.FindObjectsOfType(Type)' is obsolete: 'Object.FindObjectsOfType has been deprecated. Use Object.FindObjectsByType instead which lets you decide whether you need the results sorted or not.  FindObjectsOfType sorts the results by InstanceID, but if you do not need this using FindObjectSortMode.None is considerably faster.'
Assets/Modern UI Pack/Editor/ContextMenu.cs(53,42): warning CS0618: 'Object.FindObjectsOfType(Type)' is obsolete: 'Object.FindObjectsOfType has been deprecated. Use Object.FindObjectsByType instead which lets you decide whether you need the results sorted or not.  FindObjectsOfType sorts the results by InstanceID, but if you do not need this using FindObjectSortMode.None is considerably faster.'
Assets/Modern UI Pack/Editor/ContextMenu.cs(71,38): warning CS0618: 'Object.FindObjectsOfType(Type)' is obsolete: 'Object.FindObjectsOfType has been deprecated. Use Object.FindObjectsByType instead which lets you decide whether you need the results sorted or not.  FindObjectsOfType sorts the results by InstanceID, but if you do not need this using FindObjectSortMode.None is considerably faster.'
Assets/Modern UI Pack/Scripts/Window/WindowDragger.cs(24,42): warning CS0618: 'Object.FindObjectsOfType(Type)' is obsolete: 'Object.FindObjectsOfType has been deprecated. Use Object.FindObjectsByType instead which lets you decide whether you need the results sorted or not.  FindObjectsOfType sorts the results by InstanceID, but if you do not need this using FindObjectSortMode.None is considerably faster.'
Assets/Scripts/Entities/Tower.cs(24,32): warning CS0067: The event 'Tower.OnTowerDestroyed' is never used
Assets/Scripts/ProjectileBomb.cs(16,36): warning CS0414: The field 'ProjectileBomb.clusterLifetime' is assigned but its value is never used
Assets/Scripts/ProjectileLaser.cs(7,18): warning CS0414: The field 'ProjectileLaser.shouldTargetAnother' is assigned but its value is never used
Assets/Scripts/OrbitCamera.cs(33,8): warning CS0414: The field 'OrbitCamera.alignSmoothRange' is assigned but its value is never used
Assets/Modern UI Pack/Editor/ContextMenu.cs(36,38): warning CS0618: 'Object.FindObjectsOfType(Type)' is obsolete: 'Object.FindObjectsOfType has been deprecated. Use Object.FindObjectsByType instead which lets you decide whether you need the results sorted or not.  FindObjectsOfType sorts the results by InstanceID, but if you do not need this using FindObjectSortMode.None is considerably faster.'
Assets/Modern UI Pack/Editor/ContextMenu.cs(53,42): warning CS0618: 'Object.FindObjectsOfType(Type)' is obsolete: 'Object.FindObjectsOfType has been deprecated. Use Object.FindObjectsByType instead which lets you decide whether you need the results sorted or not.  FindObjectsOfType sorts the results by InstanceID, but if you do not need this using FindObjectSortMode.None is considerably faster.'
Assets/Modern UI Pack/Editor/ContextMenu.cs(71,38): warning CS0618: 'Object.FindObjectsOfType(Type)' is obsolete: 'Object.FindObjectsOfType has been deprecated. Use Object.FindObjectsByType instead which lets you decide whether you need the results sorted or not.  FindObjectsOfType sorts the results by InstanceID, but if you do not need this using FindObjectSortMode.None is considerably faster.'
AssetDatabase: script compilation time: 2.940888s
Total cache size 267357162
Total cache size after purge 267357162, took 00:00:00.1482019
Begin MonoManager ReloadAssembly
Symbol file LoadedFromMemory is not a mono symbol file
Native extension for LinuxStandalone target not found
Native extension for iOS target not found
Native extension for Android target not found
Native extension for WindowsStandalone target not found
Native extension for OSXStandalone target not found
Native extension for WebGL target not found
ScheduleIndexationOnStartup MainProcess:True IndexOnStartup:True
Mono: successfully reloaded assembly
- Finished resetting the current domain, in  1.919 seconds
Domain Reload Profiling: 2337ms
	BeginReloadAssembly (108ms)
		DisableScriptedObjects (13ms)
		CreateAndSetChildDomain (30ms)
	RebuildCommonClasses (5ms)
	RebuildNativeTypeToScriptingClass (9ms)
	initialDomainReloadingComplete (23ms)
	LoadAllAssembliesAndSetupDomain (273ms)
		LoadAssemblies (127ms)
		AnalyzeDomain (124ms)
			TypeCache.Refresh (96ms)
				TypeCache.ScanAssembly (86ms)
			BuildScriptInfoCaches (24ms)
			ResolveRequiredComponents (3ms)
	FinalizeReload (1919ms)
		SetupLoadedEditorAssemblies (0ms)
			InitializePlatformSupportModulesInManaged (10ms)
			BeforeProcessingInitializeOnLoad (45ms)
			ProcessInitializeOnLoadAttributes (1552ms)
			ProcessInitializeOnLoadMethodAttributes (102ms)
		AwakeInstancesAfterBackupRestoration (9ms)
Starting new worker id: 0 with log in /Users/philipp/Projects/3DTD/3DTD/3DTD/Logs/AssetImportWorkerHW0.log

Asset Pipeline Refresh (id=276dc40365231424dbe17adb43b18f76): Total: 6.727 seconds - Initiated by InitialRefreshV2(ForceSynchronousImport)
	(Values over 0.05ms)
	Summary:
		Imports: total=0 (actual=0, local cache=0, cache server=0)
		Asset DB Process Time: managed=0 ms, native=2860 ms
		Asset DB Callback time: managed=448 ms, native=18 ms
		Scripting: domain reloads=1, domain reload time=434 ms, compile time=2942 ms, other=22 ms
		Project Asset Count: scripts=1963, non-scripts=12974
		Asset File Changes: new=0, changed=4, moved=0, deleted=0
		Scan Filter Count: 1
	InvokePackagesCallback: 10.904ms
	ApplyChangesToAssetFolders: 0.174ms
	Scan: 560.067ms
	Collect global state as custom dependencies: 9.572ms
	OnSourceAssetsModified: 0.490ms
	CategorizeScriptCompilationAssets: 17.399ms
	ProcessAssetsWithTransientArtifactChanges: 45.695ms
	CategorizeAssets: 124.044ms
	CompileScripts: 2941.692ms
	ImportOutOfDateAssets: 2057.201ms (1935.428ms without children)
		UnloadImportedAssets: 0.751ms
		EnsureUptoDateAssetsAreRegisteredWithGuidPM: 1.259ms
		ImportSchedulerStart: 119.716ms
	PostProcessAllAssets: 453.079ms
		VCAutoAddAssetPostprocess 4.306ms
		XRBuildSystem.XRAssetImported 0.065ms
		MonoPostProcessAllAssets: 448.378ms
			AssetPostprocessor.OnPostprocessAllAssets 146.776ms
			BuilderAssetPostprocessor.OnPostprocessAllAssets 88.361ms
			UniversalRenderPipelineGlobalSettingsPostprocessor.OnPostprocessAllAssets 17.920ms
			StyleCatalogPostProcessor.OnPostprocessAllAssets 13.987ms
			ConfigAssetsTracker.OnPostprocessAllAssets 10.540ms
			WindowAssetPostprocessingWatcher.OnPostprocessAllAssets 9.183ms
			SyncVS.PostprocessSyncProject 7.201ms
			AssetDatabaseCallbacks.OnPostprocessAllAssets 2.389ms
			SpriteSlicePostprocessor.OnPostprocessAllAssets 2.385ms
			SpeedTree9Postprocessor.OnPostprocessAllAssets 2.012ms
			ShaderGraphAssetPostProcessor.OnPostprocessAllAssets 1.794ms
			UVCSAssetPostprocessor.OnPostprocessAllAssets 1.178ms
			EditModeScopePostprocessor.OnPostprocessAllAssets 1.159ms
			AssetChangedListener.OnPostprocessAllAssets 0.837ms
			MaterialPostprocessor.OnPostprocessAllAssets 0.705ms
			VFXGraphPreprocessor.OnPostprocessAllAssets 0.692ms
			RetainedModeAssetPostprocessor.OnPostprocessAllAssets 0.648ms
			RenderPipelineGlobalSettingsPostprocessor.OnPostprocessAllAssets 0.388ms
			SampleDependencyImporterPostProcessor.OnPostprocessAllAssets 0.357ms
			ArtifactBrowserPostProcessor.OnPostprocessAllAssets 0.329ms
			SpriteEditorTexturePostprocessor.OnPostprocessAllAssets 0.318ms
			ShaderReflectionAssetPostProcessor.OnPostprocessAllAssets 0.239ms
			TextAssetPostProcessor.OnPostprocessAllAssets 0.227ms
			TMPro_TexturePostProcessor.OnPostprocessAllAssets 0.187ms
			AssetReloadNotifier.OnPostprocessAllAssets 0.171ms
			AudioMixerPostprocessor.OnPostprocessAllAssets 0.168ms
			PostProcessor.OnPostprocessAllAssets 0.149ms
			SpeedTreePostProcessor.OnPostprocessAllAssets 0.143ms
			AssetEvents.OnPostprocessAllAssets 0.135ms
			TerrainToolbarOverlayPostProcessor.OnPostprocessAllAssets 0.134ms
			ReferencedClipsPostProcessor.OnPostprocessAllAssets 0.126ms
			ScenarioDriftAssetsTracker.OnPostprocessAllAssets 0.116ms
			SamplePostprocessor.OnPostprocessAllAssets 0.078ms
	PostAssetChangesProfiler: 3.611ms
	UnloadStreamsBegin: 1.211ms
	PersistCurrentRevisions: 0.316ms
	GenerateScriptTypeHashes: 3.404ms
	GenerateScriptTypeSerializationHashes: 5.061ms
	Untracked: 500.211ms

Application.AssetDatabase Initial Refresh End
Shader Hidden/ChartRasterizerHardware is not supported: GPU does not support conservative rasterization
Launching external process: /Applications/Unity/Hub/Editor/6000.5.8f1/Unity.app/Contents/Helpers/UnityShaderCompiler
Launched and connected shader compiler UnityShaderCompiler after 0.03 seconds
Shader Hidden/ChartRasterizerHardware is not supported: GPU does not support conservative rasterization
Scanning for USB devices : 0.283ms
Initializing Unity extensions:
[MODES] ModeService[none].Initialize
[MODES] ModeService[none].LoadModes
[MODES] Loading mode Default (0) for mode-current-id-3DTD
2026-10-04 14:15:30.650 Unity[46370:16656202] NSEventModifierFlagFunction specified to -setKeyEquivalentModifierMask: for item <NSMenuItem: 0x75c18caee0 SDF, ke='Command-F12'>, but is only supported for system-provided menu items; will not be used
Unloading 120 Unused Serialized files (Serialized files now loaded: 0)
Unloading 5679 unused Assets / (21.5 MB). Loaded Objects now: 6646.
Memory consumption went from 320.3 MB to 298.8 MB.
Total: 14.000709 ms (FindLiveObjects: 0.403041 ms CreateObjectMapping: 1.040625 ms MarkObjects: 5.345875 ms  DeleteObjects: 7.210792 ms)

2026-10-04 14:15:30.717 Unity[46370:16656202] NSEventModifierFlagFunction specified to -setKeyEquivalentModifierMask: for item <NSMenuItem: 0x75c18bdf40 SDF, ke='Command-F12'>, but is only supported for system-provided menu items; will not be used
[Project] Loading completed in 9.871 seconds
	Project init time: 				9.660 seconds
		Template init time: 		0.000 seconds
		Package Manager init time: 		0.157 seconds
		Asset Database init time: 		0.314 seconds
		Global illumination init time: 	0.000 seconds
		Assemblies load time: 			1.895 seconds
		Unity extensions init time: 	0.011 seconds
		Asset Database refresh time: 	6.728 seconds
	Scene opening time: 			0.123 seconds
##utp:{"type":"ProjectInfo","version":2,"phase":"Immediate","time":1791116130721,"processId":46370,"projectLoad":9.871468417,"projectInit":9.659897625,"templateInit":0.0,"packageManagerInit":0.157127458,"assetDatabaseInit":0.313783083,"globalIlluminationInit":0.000489167,"assembliesLoad":1.895180667,"unityExtensionsInit":0.011455917,"assetDatabaseRefresh":6.727527666,"sceneOpening":0.123430834}
##utp:{"type":"EditorInfo","version":2,"phase":"Immediate","time":1791116130721,"processId":46370,"editorVersion":"6000.5.8f1 (5cb7df797b7d)","branch":"6000.5/staging","buildType":"Release","platform":"OSX"}
Subscribe to USB device events
Scanning for USB devices : 0.216ms
Worker ready: AssetImportWorkerHW0 0

Asset Pipeline Refresh (id=e3326d9fa04114e74ae371ad634fb886): Total: 0.487 seconds - Initiated by RefreshV2(ForceSynchronousImport)
	(Values over 0.05ms)
	Summary:
		Imports: total=0 (actual=0, local cache=0, cache server=0)
		Asset DB Process Time: managed=0 ms, native=486 ms
		Asset DB Callback time: managed=0 ms, native=0 ms
		Scripting: domain reloads=0, domain reload time=0 ms, compile time=0 ms, other=0 ms
		Project Asset Count: scripts=1963, non-scripts=12974
		Asset File Changes: new=0, changed=0, moved=0, deleted=0
		Scan Filter Count: 1
	InvokePackagesCallback: 0.383ms
	ApplyChangesToAssetFolders: 0.103ms
	Scan: 292.395ms
	Collect global state as custom dependencies: 0.258ms
	CategorizeAssets: 87.337ms
	ImportOutOfDateAssets: 98.275ms (10.665ms without children)
		UnloadImportedAssets: 0.084ms
		EnsureUptoDateAssetsAreRegisteredWithGuidPM: 1.068ms
		ImportSchedulerStart: 86.417ms
	GatherAllCurrentPrimaryImportResultRevisions: 0.474ms
	PersistCurrentRevisions: 0.315ms
	Untracked: 5.527ms

[Licensing::Client] Successfully resolved entitlement details
[Licensing::Client] Successfully resolved entitlement details
Opening scene 'Assets/Scenes/Beginner Level 01.unity'
LightingSettings: switching bake backend from 2 to 1.
Unloading 60 Unused Serialized files (Serialized files now loaded: 0)
Serialized reference type mismatch: field 'shootingPoints' expects 'ShootingPointReference' but the stored reference is a 'GameObject'. The reference is treated as null (and serialized as null in player builds). Re-assign the field in the Inspector to fix it.
UnityEngine.Debug:ExtractStackTraceNoAlloc (byte*,int,string)
UnityEngine.StackTraceUtility:ExtractStackTrace () (at /Users/bokken/build/output/unity/unity/Runtime/Export/Scripting/StackTrace.cs:35)
UnityEditor.SceneManagement.EditorSceneManager:OpenScene (string,UnityEditor.SceneManagement.OpenSceneMode)
PerfBenchmark:Tick () (at Assets/Editor/Perf/PerfBenchmark.cs:63)
UnityEditor.EditorApplication:Internal_CallUpdateFunctions () (at /Users/bokken/build/output/unity/unity/Editor/Mono/EditorApplication.cs:403)

[Assets/Editor/Perf/PerfBenchmark.cs line 63]

Serialized reference type mismatch: field 'shootingPoints' expects 'ShootingPointReference' but the stored reference is a 'GameObject'. The reference is treated as null (and serialized as null in player builds). Re-assign the field in the Inspector to fix it.
UnityEngine.Debug:ExtractStackTraceNoAlloc (byte*,int,string)
UnityEngine.StackTraceUtility:ExtractStackTrace () (at /Users/bokken/build/output/unity/unity/Runtime/Export/Scripting/StackTrace.cs:35)
UnityEditor.SceneManagement.EditorSceneManager:OpenScene (string,UnityEditor.SceneManagement.OpenSceneMode)
PerfBenchmark:Tick () (at Assets/Editor/Perf/PerfBenchmark.cs:63)
UnityEditor.EditorApplication:Internal_CallUpdateFunctions () (at /Users/bokken/build/output/unity/unity/Editor/Mono/EditorApplication.cs:403)

[Assets/Editor/Perf/PerfBenchmark.cs line 63]

Serialized reference type mismatch: field 'shootingPoints' expects 'ShootingPointReference' but the stored reference is a 'GameObject'. The reference is treated as null (and serialized as null in player builds). Re-assign the field in the Inspector to fix it.
UnityEngine.Debug:ExtractStackTraceNoAlloc (byte*,int,string)
UnityEngine.StackTraceUtility:ExtractStackTrace () (at /Users/bokken/build/output/unity/unity/Runtime/Export/Scripting/StackTrace.cs:35)
UnityEditor.SceneManagement.EditorSceneManager:OpenScene (string,UnityEditor.SceneManagement.OpenSceneMode)
PerfBenchmark:Tick () (at Assets/Editor/Perf/PerfBenchmark.cs:63)
UnityEditor.EditorApplication:Internal_CallUpdateFunctions () (at /Users/bokken/build/output/unity/unity/Editor/Mono/EditorApplication.cs:403)

[Assets/Editor/Perf/PerfBenchmark.cs line 63]

Serialized reference type mismatch: field 'shootingPoints' expects 'ShootingPointReference' but the stored reference is a 'GameObject'. The reference is treated as null (and serialized as null in player builds). Re-assign the field in the Inspector to fix it.
UnityEngine.Debug:ExtractStackTraceNoAlloc (byte*,int,string)
UnityEngine.StackTraceUtility:ExtractStackTrace () (at /Users/bokken/build/output/unity/unity/Runtime/Export/Scripting/StackTrace.cs:35)
UnityEditor.SceneManagement.EditorSceneManager:OpenScene (string,UnityEditor.SceneManagement.OpenSceneMode)
PerfBenchmark:Tick () (at Assets/Editor/Perf/PerfBenchmark.cs:63)
UnityEditor.EditorApplication:Internal_CallUpdateFunctions () (at /Users/bokken/build/output/unity/unity/Editor/Mono/EditorApplication.cs:403)

[Assets/Editor/Perf/PerfBenchmark.cs line 63]

Serialized reference type mismatch: field 'shootingPoints' expects 'ShootingPointReference' but the stored reference is a 'GameObject'. The reference is treated as null (and serialized as null in player builds). Re-assign the field in the Inspector to fix it.
UnityEngine.Debug:ExtractStackTraceNoAlloc (byte*,int,string)
UnityEngine.StackTraceUtility:ExtractStackTrace () (at /Users/bokken/build/output/unity/unity/Runtime/Export/Scripting/StackTrace.cs:35)
UnityEditor.SceneManagement.EditorSceneManager:OpenScene (string,UnityEditor.SceneManagement.OpenSceneMode)
PerfBenchmark:Tick () (at Assets/Editor/Perf/PerfBenchmark.cs:63)
UnityEditor.EditorApplication:Internal_CallUpdateFunctions () (at /Users/bokken/build/output/unity/unity/Editor/Mono/EditorApplication.cs:403)

[Assets/Editor/Perf/PerfBenchmark.cs line 63]

Serialized reference type mismatch: field 'shootingPoints' expects 'ShootingPointReference' but the stored reference is a 'GameObject'. The reference is treated as null (and serialized as null in player builds). Re-assign the field in the Inspector to fix it.
UnityEngine.Debug:ExtractStackTraceNoAlloc (byte*,int,string)
UnityEngine.StackTraceUtility:ExtractStackTrace () (at /Users/bokken/build/output/unity/unity/Runtime/Export/Scripting/StackTrace.cs:35)
UnityEditor.SceneManagement.EditorSceneManager:OpenScene (string,UnityEditor.SceneManagement.OpenSceneMode)
PerfBenchmark:Tick () (at Assets/Editor/Perf/PerfBenchmark.cs:63)
UnityEditor.EditorApplication:Internal_CallUpdateFunctions () (at /Users/bokken/build/output/unity/unity/Editor/Mono/EditorApplication.cs:403)

[Assets/Editor/Perf/PerfBenchmark.cs line 63]

Serialized reference type mismatch: field 'shootingPoints' expects 'ShootingPointReference' but the stored reference is a 'GameObject'. The reference is treated as null (and serialized as null in player builds). Re-assign the field in the Inspector to fix it.
UnityEngine.Debug:ExtractStackTraceNoAlloc (byte*,int,string)
UnityEngine.StackTraceUtility:ExtractStackTrace () (at /Users/bokken/build/output/unity/unity/Runtime/Export/Scripting/StackTrace.cs:35)
UnityEditor.SceneManagement.EditorSceneManager:OpenScene (string,UnityEditor.SceneManagement.OpenSceneMode)
PerfBenchmark:Tick () (at Assets/Editor/Perf/PerfBenchmark.cs:63)
UnityEditor.EditorApplication:Internal_CallUpdateFunctions () (at /Users/bokken/build/output/unity/unity/Editor/Mono/EditorApplication.cs:403)

[Assets/Editor/Perf/PerfBenchmark.cs line 63]

Loaded scene 'Assets/Scenes/Beginner Level 01.unity'
	Deserialize:            14.693 ms
	Integration:            412.400 ms
	Integration of assets:  0.155 ms
	Thread Wait Time:       0.007 ms
	Total Operation Time:   427.255 ms
Unloading 6 unused Assets / (120.3 KB). Loaded Objects now: 21653.
Memory consumption went from 345.6 MB to 345.5 MB.
Total: 12.722375 ms (FindLiveObjects: 0.672542 ms CreateObjectMapping: 1.380583 ms MarkObjects: 10.548917 ms  DeleteObjects: 0.120125 ms)

Start Indexing on Editor startup
[Indexing] Starting Initial Indexing for Assets
Thread 0x704f007000 may have been prematurely finalized
Reloading assemblies for play mode.
Reloading assemblies after forced synchronous recompile.
Begin MonoManager ReloadAssembly
2026-10-04 14:15:32.415 Unity[46370:16656202] NSEventModifierFlagFunction specified to -setKeyEquivalentModifierMask: for item <NSMenuItem: 0x75c18be620 SDF, ke='Command-F12'>, but is only supported for system-provided menu items; will not be used
2026-10-04 14:15:32.419 Unity[46370:16656202] NSEventModifierFlagFunction specified to -setKeyEquivalentModifierMask: for item <NSMenuItem: 0x75c18d1fe0 SDF, ke='Command-F12'>, but is only supported for system-provided menu items; will not be used
2026-10-04 14:15:32.422 Unity[46370:16656202] NSEventModifierFlagFunction specified to -setKeyEquivalentModifierMask: for item <NSMenuItem: 0x75c18ca1c0 SDF, ke='Command-F12'>, but is only supported for system-provided menu items; will not be used
2026-10-04 14:15:32.426 Unity[46370:16656202] NSEventModifierFlagFunction specified to -setKeyEquivalentModifierMask: for item <NSMenuItem: 0x75c1897340 SDF, ke='Command-F12'>, but is only supported for system-provided menu items; will not be used
Symbol file LoadedFromMemory is not a mono symbol file
Serialized reference type mismatch: field 'shootingPoints' expects 'ShootingPointReference' but the stored reference is a 'GameObject'. The reference is treated as null (and serialized as null in player builds). Re-assign the field in the Inspector to fix it.
Serialized reference type mismatch: field 'shootingPoints' expects 'ShootingPointReference' but the stored reference is a 'GameObject'. The reference is treated as null (and serialized as null in player builds). Re-assign the field in the Inspector to fix it.
Serialized reference type mismatch: field 'shootingPoints' expects 'ShootingPointReference' but the stored reference is a 'GameObject'. The reference is treated as null (and serialized as null in player builds). Re-assign the field in the Inspector to fix it.
Serialized reference type mismatch: field 'shootingPoints' expects 'ShootingPointReference' but the stored reference is a 'GameObject'. The reference is treated as null (and serialized as null in player builds). Re-assign the field in the Inspector to fix it.
Serialized reference type mismatch: field 'shootingPoints' expects 'ShootingPointReference' but the stored reference is a 'GameObject'. The reference is treated as null (and serialized as null in player builds). Re-assign the field in the Inspector to fix it.
Serialized reference type mismatch: field 'shootingPoints' expects 'ShootingPointReference' but the stored reference is a 'GameObject'. The reference is treated as null (and serialized as null in player builds). Re-assign the field in the Inspector to fix it.
Serialized reference type mismatch: field 'shootingPoints' expects 'ShootingPointReference' but the stored reference is a 'GameObject'. The reference is treated as null (and serialized as null in player builds). Re-assign the field in the Inspector to fix it.
Native extension for LinuxStandalone target not found
Native extension for iOS target not found
Native extension for Android target not found
Native extension for WindowsStandalone target not found
Native extension for OSXStandalone target not found
Native extension for WebGL target not found
ScheduleIndexationOnStartup MainProcess:True IndexOnStartup:True
Mono: successfully reloaded assembly
- Finished resetting the current domain, in  0.596 seconds
Domain Reload Profiling: 1187ms
	BeginReloadAssembly (459ms)
		DisableScriptedObjects (90ms)
		CreateAndSetChildDomain (286ms)
	RebuildCommonClasses (5ms)
	RebuildNativeTypeToScriptingClass (9ms)
	initialDomainReloadingComplete (24ms)
	LoadAllAssembliesAndSetupDomain (94ms)
		LoadAssemblies (53ms)
		AnalyzeDomain (20ms)
			TypeCache.Refresh (5ms)
			ResolveRequiredComponents (12ms)
	FinalizeReload (596ms)
		SetupLoadedEditorAssemblies (0ms)
			InitializePlatformSupportModulesInManaged (9ms)
			BeforeProcessingInitializeOnLoad (46ms)
			ProcessInitializeOnLoadAttributes (201ms)
			ProcessInitializeOnLoadMethodAttributes (57ms)
		AwakeInstancesAfterBackupRestoration (66ms)
No restricted APIs configured; Validation skipped.
Checking 20 assemblies for restricted APIs found 0 usage(s) in 2 ms

Asset Pipeline Refresh (id=c23790e5a56f944c39cc627c9a3b5c91): Total: 2.073 seconds - Initiated by StopAssetImportingV2(ForceSynchronousImport | ForceDomainReload)
	(Values over 0.05ms)
	Summary:
		Imports: total=0 (actual=0, local cache=0, cache server=0)
		Asset DB Process Time: managed=0 ms, native=942 ms
		Asset DB Callback time: managed=394 ms, native=128 ms
		Scripting: domain reloads=1, domain reload time=606 ms, compile time=1 ms, other=0 ms
		Project Asset Count: scripts=1963, non-scripts=12974
		Asset File Changes: new=0, changed=0, moved=0, deleted=0
		Scan Filter Count: 0
	InvokePackagesCallback: 0.864ms
	ApplyChangesToAssetFolders: 0.241ms
	Collect global state as custom dependencies: 1.362ms
	ProcessAssetsWithTransientArtifactChanges: 94.932ms
	CategorizeAssets: 119.873ms
	CompileScripts: 0.679ms
	ImportOutOfDateAssets: 697.084ms (609.359ms without children)
		CollectScriptTypesHashes: 1.314ms
		ReloadNativeAssets: 1.237ms
		UnloadImportedAssets: 0.133ms
		EnsureUptoDateAssetsAreRegisteredWithGuidPM: 1.466ms
		ImportSchedulerStart: 84.860ms
	PostProcessAllAssets: 514.867ms
		PostProcessCallbackCreateDeferredMaterials 24.828ms
		AssemblyValidation.PostprocessAllAssets 22.979ms
		ShaderAssetModifiedCallback 10.729ms
		SpeedTreeImporter.PostprocessAllAssets 6.893ms
		RaytracingShaderImportPostprocess 6.863ms
		ComputeShaderImportPostprocess 6.779ms
		BlockShaderImporter.PostprocessAllAssets 2.558ms
		LocalizationDatabase.AssetDatabasePostprocessCallback 2.428ms
		XRBuildSystem.XRAssetImported 0.090ms
		MonoPostProcessAllAssets: 393.993ms
			SyncVS.PostprocessSyncProject 134.397ms
			ShaderGraphAssetPostProcessor.OnPostprocessAllAssets 87.419ms
			AssetPostprocessor.OnPostprocessAllAssets 28.398ms
			PostProcessor.OnPostprocessAllAssets 22.351ms
			VFXGraphPreprocessor.OnPostprocessAllAssets 16.757ms
			MaterialPostprocessor.OnPostprocessAllAssets 16.385ms
			TextAssetPostProcessor.OnPostprocessAllAssets 14.395ms
			SpriteSlicePostprocessor.OnPostprocessAllAssets 12.706ms
			StyleCatalogPostProcessor.OnPostprocessAllAssets 11.099ms
			AssetChangedListener.OnPostprocessAllAssets 7.052ms
			UniversalRenderPipelineGlobalSettingsPostprocessor.OnPostprocessAllAssets 6.230ms
			BuilderAssetPostprocessor.OnPostprocessAllAssets 3.642ms
			SpeedTree9Postprocessor.OnPostprocessAllAssets 2.171ms
			RenderPipelineGlobalSettingsPostprocessor.OnPostprocessAllAssets 2.129ms
			RetainedModeAssetPostprocessor.OnPostprocessAllAssets 0.889ms
			WindowAssetPostprocessingWatcher.OnPostprocessAllAssets 0.868ms
			SpriteEditorTexturePostprocessor.OnPostprocessAllAssets 0.721ms
			UVCSAssetPostprocessor.OnPostprocessAllAssets 0.539ms
			ArtifactBrowserPostProcessor.OnPostprocessAllAssets 0.302ms
			ShaderReflectionAssetPostProcessor.OnPostprocessAllAssets 0.229ms
			SpeedTreePostProcessor.OnPostprocessAllAssets 0.177ms
			SampleDependencyImporterPostProcessor.OnPostprocessAllAssets 0.169ms
			AudioMixerPostprocessor.OnPostprocessAllAssets 0.156ms
			EditModeScopePostprocessor.OnPostprocessAllAssets 0.141ms
			ReferencedClipsPostProcessor.OnPostprocessAllAssets 0.136ms
			AssetEvents.OnPostprocessAllAssets 0.134ms
			TMPro_TexturePostProcessor.OnPostprocessAllAssets 0.132ms
			SamplePostprocessor.OnPostprocessAllAssets 0.126ms
			TerrainToolbarOverlayPostProcessor.OnPostprocessAllAssets 0.112ms
			AssetDatabaseCallbacks.OnPostprocessAllAssets 0.066ms
			ConfigAssetsTracker.OnPostprocessAllAssets 0.058ms
			AssetReloadNotifier.OnPostprocessAllAssets 0.053ms
			ScenarioDriftAssetsTracker.OnPostprocessAllAssets 0.050ms
	PostAssetChangesProfiler: 7.926ms
	GatherAllCurrentPrimaryImportResultRevisions: 0.556ms
	UnloadStreamsBegin: 4.000ms
	PersistCurrentRevisions: 0.302ms
	GenerateScriptTypeHashes: 4.210ms
	GenerateScriptTypeSerializationHashes: 6.401ms
	Untracked: 627.195ms

LightingSettings: switching bake backend from 2 to 1.
Loaded scene 'Temp/__Backupscenes/0.backup'
	Deserialize:            49.631 ms
	Integration:            219.574 ms
	Integration of assets:  1.949 ms
	Thread Wait Time:       0.004 ms
	Total Operation Time:   271.158 ms
PERF RUN T-Default-1x (single, 1x, round 60)
UnityEngine.Debug:ExtractStackTraceNoAlloc (byte*,int,string)
UnityEngine.StackTraceUtility:ExtractStackTrace () (at /Users/bokken/build/output/unity/unity/Runtime/Export/Scripting/StackTrace.cs:35)
UnityEngine.DebugLogHandler:Internal_Log (UnityEngine.LogType,UnityEngine.LogOption,string,UnityEngine.Object)
UnityEngine.DebugLogHandler:LogFormat (UnityEngine.LogType,UnityEngine.Object,string,object[])
UnityEngine.Logger:Log (UnityEngine.LogType,object)
UnityEngine.Debug:Log (object)
PerfScenario/<RunOne>d__41:MoveNext () (at Assets/Scripts/Diagnostics/PerfScenario.cs:273)
UnityEngine.SetupCoroutine:InvokeMoveNext (System.Collections.IEnumerator,intptr) (at /Users/bokken/build/output/unity/unity/Runtime/Export/Scripting/Coroutines.cs:17)

(Filename: Assets/Scripts/Diagnostics/PerfScenario.cs Line: 273)

LightingSettings: switching bake backend from 2 to 1.
Unloading 65 Unused Serialized files (Serialized files now loaded: 0)
Created GICache directory at /Users/philipp/Library/Caches/com.unity3d.UnityEditor/GiCache. Took: 0.004s, timestamps: [9.875 - 9.879]
[MODES] ModeService[none].Initialize
[MODES] ModeService[none].LoadModes
[Licensing::Client] Successfully resolved entitlement details
[Licensing::Client] Successfully resolved entitlement details
UnloadTime: 7.264666 ms
Loaded scene 'Temp/__Backupscenes/0.backup'
	Deserialize:            36.708 ms
	Integration:            168.723 ms
	Integration of assets:  0.001 ms
	Thread Wait Time:       169.807 ms
	Total Operation Time:   375.240 ms
Unloading 8519 unused Assets / (4.4 MB). Loaded Objects now: 18320.
Memory consumption went from 353.1 MB to 348.7 MB.
Total: 14.507208 ms (FindLiveObjects: 0.828291 ms CreateObjectMapping: 1.983542 ms MarkObjects: 8.394167 ms  DeleteObjects: 3.300916 ms)

Couldn't create a Convex Mesh from source mesh, within the maximum polygons limit (256). The partial hull will be used. Consider simplifying your mesh. Source mesh name: default
UnityEngine.Debug:ExtractStackTraceNoAlloc (byte*,int,string)
UnityEngine.StackTraceUtility:ExtractStackTrace () (at /Users/bokken/build/output/unity/unity/Runtime/Export/Scripting/StackTrace.cs:35)
UnityEngine.Object:Internal_InstantiateSingle (UnityEngine.Object,UnityEngine.Vector3,UnityEngine.Quaternion)
UnityEngine.Object:Instantiate (UnityEngine.Object,UnityEngine.Vector3,UnityEngine.Quaternion) (at /Users/bokken/build/output/unity/unity/Runtime/Export/Scripting/UnityEngineObject.bindings.cs:534)
UnityEngine.Object:Instantiate<UnityEngine.GameObject> (UnityEngine.GameObject,UnityEngine.Vector3,UnityEngine.Quaternion) (at /Users/bokken/build/output/unity/unity/Runtime/Export/Scripting/UnityEngineObject.bindings.cs:681)
PerfScenario:BuildOnBlock (UnityEngine.GameObject,UnityEngine.GameObject,UnityEngine.Vector3) (at Assets/Scripts/Diagnostics/PerfScenario.cs:612)
PerfScenario/<RunOne>d__41:MoveNext () (at Assets/Scripts/Diagnostics/PerfScenario.cs:306)
UnityEngine.SetupCoroutine:InvokeMoveNext (System.Collections.IEnumerator,intptr) (at /Users/bokken/build/output/unity/unity/Runtime/Export/Scripting/Coroutines.cs:17)

[/Users/bokken/build/output/unity/unity/Runtime/Export/Scripting/StackTrace.cs line 35]

PERF layout T-Default-1x: 154 block spots, 1 towers planned, 1 built
UnityEngine.Debug:ExtractStackTraceNoAlloc (byte*,int,string)
UnityEngine.StackTraceUtility:ExtractStackTrace () (at /Users/bokken/build/output/unity/unity/Runtime/Export/Scripting/StackTrace.cs:35)
UnityEngine.DebugLogHandler:Internal_Log (UnityEngine.LogType,UnityEngine.LogOption,string,UnityEngine.Object)
UnityEngine.DebugLogHandler:LogFormat (UnityEngine.LogType,UnityEngine.Object,string,object[])
UnityEngine.Logger:Log (UnityEngine.LogType,object)
UnityEngine.Debug:Log (object)
PerfScenario/<RunOne>d__41:MoveNext () (at Assets/Scripts/Diagnostics/PerfScenario.cs:314)
UnityEngine.SetupCoroutine:InvokeMoveNext (System.Collections.IEnumerator,intptr) (at /Users/bokken/build/output/unity/unity/Runtime/Export/Scripting/Coroutines.cs:17)

(Filename: Assets/Scripts/Diagnostics/PerfScenario.cs Line: 314)

[remote] error: Init socket failed
TrimDiskCacheJob: Current cache size 1mb
[BalanceTelemetry] Recording to /Users/philipp/Library/Application Support/Sakros/3DTD/telemetry/Beginner_Level_01_Medium_20261004-141625.csv
UnityEngine.Debug:ExtractStackTraceNoAlloc (byte*,int,string)
UnityEngine.StackTraceUtility:ExtractStackTrace () (at /Users/bokken/build/output/unity/unity/Runtime/Export/Scripting/StackTrace.cs:35)
UnityEngine.DebugLogHandler:Internal_Log (UnityEngine.LogType,UnityEngine.LogOption,string,UnityEngine.Object)
UnityEngine.DebugLogHandler:LogFormat (UnityEngine.LogType,UnityEngine.Object,string,object[])
UnityEngine.Logger:Log (UnityEngine.LogType,object)
UnityEngine.Debug:Log (object)
BalanceTelemetry:CreateFile () (at Assets/Scripts/BalanceTelemetry.cs:146)
BalanceTelemetry:HandleWaveEnded (int) (at Assets/Scripts/BalanceTelemetry.cs:103)
Spawner:Update () (at Assets/Scripts/Spawner.cs:116)

(Filename: Assets/Scripts/BalanceTelemetry.cs Line: 146)

PERF RESULT T-Default-1x: towers 1, frames 15183, frame p50/p95/p99/max 3.3/4.3/4.6/99.0 ms, main p50/p99 3.3/4.6 ms, speed 1.00x, GC steady 100.0% frames (7979757 B, 546 B/frame), damage 480, kills 0, leaked 6470, pops 24, projectiles 172/172, death fx 27/27, fx 629/629, markers [PlayerLoop=3.07ms, Update.ScriptRunBehaviourUpdate=0.44ms, PreLateUpdate.ScriptRunBehaviourLateUpdate=2.12ms, FixedUpdate.PhysicsFixedUpdate=0.00ms, FixedUpdate.ScriptRunBehaviourFixedUpdate=0.00ms, PreUpdate.PhysicsUpdate=0.00ms, Physics.Simulate=0.11ms, Physics.SyncTransforms=0.16ms, Physics.SendTriggerEvents=0.00ms, Physics.SendContactEvents=0.00ms, ParticleSystem.EndUpdateAll=0.01ms, GC.Collect=0.00ms, Instantiate=0.01ms], by type [Laser Tower=480]
UnityEngine.Debug:ExtractStackTraceNoAlloc (byte*,int,string)
UnityEngine.StackTraceUtility:ExtractStackTrace () (at /Users/bokken/build/output/unity/unity/Runtime/Export/Scripting/StackTrace.cs:35)
UnityEngine.DebugLogHandler:Internal_Log (UnityEngine.LogType,UnityEngine.LogOption,string,UnityEngine.Object)
UnityEngine.DebugLogHandler:LogFormat (UnityEngine.LogType,UnityEngine.Object,string,object[])
UnityEngine.Logger:Log (UnityEngine.LogType,object)
UnityEngine.Debug:Log (object)
PerfScenario:Summarize (PerfScenario/Run,PerfScenario/RunResult,System.Collections.Generic.List`1<Tower>,int) (at Assets/Scripts/Diagnostics/PerfScenario.cs:888)
PerfScenario/<RunOne>d__41:MoveNext () (at Assets/Scripts/Diagnostics/PerfScenario.cs:357)
UnityEngine.SetupCoroutine:InvokeMoveNext (System.Collections.IEnumerator,intptr) (at /Users/bokken/build/output/unity/unity/Runtime/Export/Scripting/Coroutines.cs:17)

(Filename: Assets/Scripts/Diagnostics/PerfScenario.cs Line: 888)

PERF RUN T-Default-3x (single, 3x, round 60)
UnityEngine.Debug:ExtractStackTraceNoAlloc (byte*,int,string)
UnityEngine.StackTraceUtility:ExtractStackTrace () (at /Users/bokken/build/output/unity/unity/Runtime/Export/Scripting/StackTrace.cs:35)
UnityEngine.DebugLogHandler:Internal_Log (UnityEngine.LogType,UnityEngine.LogOption,string,UnityEngine.Object)
UnityEngine.DebugLogHandler:LogFormat (UnityEngine.LogType,UnityEngine.Object,string,object[])
UnityEngine.Logger:Log (UnityEngine.LogType,object)
UnityEngine.Debug:Log (object)
PerfScenario/<RunOne>d__41:MoveNext () (at Assets/Scripts/Diagnostics/PerfScenario.cs:273)
UnityEngine.SetupCoroutine:InvokeMoveNext (System.Collections.IEnumerator,intptr) (at /Users/bokken/build/output/unity/unity/Runtime/Export/Scripting/Coroutines.cs:17)

(Filename: Assets/Scripts/Diagnostics/PerfScenario.cs Line: 273)

LightingSettings: switching bake backend from 2 to 1.
Unloading 45 Unused Serialized files (Serialized files now loaded: 0)
UnloadTime: 45.353834 ms
ScreenManagerOSXStandalone::ScreenByDisplayID failed
ScreenManagerOSXStandalone::ScreenByDisplayID failed
ScreenManagerOSXStandalone::ScreenByDisplayID failed
Loaded scene 'Temp/__Backupscenes/0.backup'
	Deserialize:            105.651 ms
	Integration:            464.545 ms
	Integration of assets:  12.231 ms
	Thread Wait Time:       0.674 ms
	Total Operation Time:   583.100 ms
Unloading 8251 unused Assets / (10.8 MB). Loaded Objects now: 18290.
Memory consumption went from 0.60 GB to 0.59 GB.
Total: 16.285542 ms (FindLiveObjects: 0.648958 ms CreateObjectMapping: 1.972000 ms MarkObjects: 9.153166 ms  DeleteObjects: 4.510958 ms)

PERF layout T-Default-3x: 154 block spots, 1 towers planned, 1 built
UnityEngine.Debug:ExtractStackTraceNoAlloc (byte*,int,string)
UnityEngine.StackTraceUtility:ExtractStackTrace () (at /Users/bokken/build/output/unity/unity/Runtime/Export/Scripting/StackTrace.cs:35)
UnityEngine.DebugLogHandler:Internal_Log (UnityEngine.LogType,UnityEngine.LogOption,string,UnityEngine.Object)
UnityEngine.DebugLogHandler:LogFormat (UnityEngine.LogType,UnityEngine.Object,string,object[])
UnityEngine.Logger:Log (UnityEngine.LogType,object)
UnityEngine.Debug:Log (object)
PerfScenario/<RunOne>d__41:MoveNext () (at Assets/Scripts/Diagnostics/PerfScenario.cs:314)
UnityEngine.SetupCoroutine:InvokeMoveNext (System.Collections.IEnumerator,intptr) (at /Users/bokken/build/output/unity/unity/Runtime/Export/Scripting/Coroutines.cs:17)

(Filename: Assets/Scripts/Diagnostics/PerfScenario.cs Line: 314)

PERF RESULT T-Default-3x: towers 1, frames 4914, frame p50/p95/p99/max 3.3/4.6/5.7/68.8 ms, main p50/p99 3.3/5.6 ms, speed 3.00x, GC steady 100.0% frames (2307549 B, 540 B/frame), damage 480, kills 0, leaked 6470, pops 24, projectiles 172/172, death fx 0/27, fx 629/629, markers [PlayerLoop=3.13ms, Update.ScriptRunBehaviourUpdate=0.47ms, PreLateUpdate.ScriptRunBehaviourLateUpdate=2.14ms, FixedUpdate.PhysicsFixedUpdate=0.00ms, FixedUpdate.ScriptRunBehaviourFixedUpdate=0.00ms, PreUpdate.PhysicsUpdate=0.00ms, Physics.Simulate=0.12ms, Physics.SyncTransforms=0.16ms, Physics.SendTriggerEvents=0.00ms, Physics.SendContactEvents=0.00ms, ParticleSystem.EndUpdateAll=0.01ms, GC.Collect=0.00ms, Instantiate=0.03ms], by type [Laser Tower=480]
UnityEngine.Debug:ExtractStackTraceNoAlloc (byte*,int,string)
UnityEngine.StackTraceUtility:ExtractStackTrace () (at /Users/bokken/build/output/unity/unity/Runtime/Export/Scripting/StackTrace.cs:35)
UnityEngine.DebugLogHandler:Internal_Log (UnityEngine.LogType,UnityEngine.LogOption,string,UnityEngine.Object)
UnityEngine.DebugLogHandler:LogFormat (UnityEngine.LogType,UnityEngine.Object,string,object[])
UnityEngine.Logger:Log (UnityEngine.LogType,object)
UnityEngine.Debug:Log (object)
PerfScenario:Summarize (PerfScenario/Run,PerfScenario/RunResult,System.Collections.Generic.List`1<Tower>,int) (at Assets/Scripts/Diagnostics/PerfScenario.cs:888)
PerfScenario/<RunOne>d__41:MoveNext () (at Assets/Scripts/Diagnostics/PerfScenario.cs:357)
UnityEngine.SetupCoroutine:InvokeMoveNext (System.Collections.IEnumerator,intptr) (at /Users/bokken/build/output/unity/unity/Runtime/Export/Scripting/Coroutines.cs:17)

(Filename: Assets/Scripts/Diagnostics/PerfScenario.cs Line: 888)

PERF RUN T-Default-5x (single, 5x, round 60)
UnityEngine.Debug:ExtractStackTraceNoAlloc (byte*,int,string)
UnityEngine.StackTraceUtility:ExtractStackTrace () (at /Users/bokken/build/output/unity/unity/Runtime/Export/Scripting/StackTrace.cs:35)
UnityEngine.DebugLogHandler:Internal_Log (UnityEngine.LogType,UnityEngine.LogOption,string,UnityEngine.Object)
UnityEngine.DebugLogHandler:LogFormat (UnityEngine.LogType,UnityEngine.Object,string,object[])
UnityEngine.Logger:Log (UnityEngine.LogType,object)
UnityEngine.Debug:Log (object)
PerfScenario/<RunOne>d__41:MoveNext () (at Assets/Scripts/Diagnostics/PerfScenario.cs:273)
UnityEngine.SetupCoroutine:InvokeMoveNext (System.Collections.IEnumerator,intptr) (at /Users/bokken/build/output/unity/unity/Runtime/Export/Scripting/Coroutines.cs:17)

(Filename: Assets/Scripts/Diagnostics/PerfScenario.cs Line: 273)

LightingSettings: switching bake backend from 2 to 1.
Unloading 21 Unused Serialized files (Serialized files now loaded: 0)
UnloadTime: 41.676458 ms
Loaded scene 'Temp/__Backupscenes/0.backup'
	Deserialize:            90.043 ms
	Integration:            222.764 ms
	Integration of assets:  11.011 ms
	Thread Wait Time:       0.633 ms
	Total Operation Time:   324.451 ms
Unloading 8237 unused Assets / (10.0 MB). Loaded Objects now: 18506.
Memory consumption went from 0.60 GB to 0.59 GB.
Total: 17.298167 ms (FindLiveObjects: 1.053959 ms CreateObjectMapping: 2.478750 ms MarkObjects: 9.186416 ms  DeleteObjects: 4.578875 ms)

PERF layout T-Default-5x: 154 block spots, 1 towers planned, 1 built
UnityEngine.Debug:ExtractStackTraceNoAlloc (byte*,int,string)
UnityEngine.StackTraceUtility:ExtractStackTrace () (at /Users/bokken/build/output/unity/unity/Runtime/Export/Scripting/StackTrace.cs:35)
UnityEngine.DebugLogHandler:Internal_Log (UnityEngine.LogType,UnityEngine.LogOption,string,UnityEngine.Object)
UnityEngine.DebugLogHandler:LogFormat (UnityEngine.LogType,UnityEngine.Object,string,object[])
UnityEngine.Logger:Log (UnityEngine.LogType,object)
UnityEngine.Debug:Log (object)
PerfScenario/<RunOne>d__41:MoveNext () (at Assets/Scripts/Diagnostics/PerfScenario.cs:314)
UnityEngine.SetupCoroutine:InvokeMoveNext (System.Collections.IEnumerator,intptr) (at /Users/bokken/build/output/unity/unity/Runtime/Export/Scripting/Coroutines.cs:17)

(Filename: Assets/Scripts/Diagnostics/PerfScenario.cs Line: 314)

Scanning for USB devices : 0.246ms
PERF RESULT T-Default-5x: towers 1, frames 3068, frame p50/p95/p99/max 3.2/4.4/4.9/8.4 ms, main p50/p99 3.2/4.9 ms, speed 5.00x, GC steady 100.0% frames (1345607 B, 568 B/frame), damage 481, kills 0, leaked 6470, pops 24, projectiles 172/172, death fx 0/28, fx 630/630, markers [PlayerLoop=3.03ms, Update.ScriptRunBehaviourUpdate=0.46ms, PreLateUpdate.ScriptRunBehaviourLateUpdate=2.06ms, FixedUpdate.PhysicsFixedUpdate=0.00ms, FixedUpdate.ScriptRunBehaviourFixedUpdate=0.00ms, PreUpdate.PhysicsUpdate=0.00ms, Physics.Simulate=0.12ms, Physics.SyncTransforms=0.16ms, Physics.SendTriggerEvents=0.00ms, Physics.SendContactEvents=0.00ms, ParticleSystem.EndUpdateAll=0.01ms, GC.Collect=0.00ms, Instantiate=0.05ms], by type [Laser Tower=481]
UnityEngine.Debug:ExtractStackTraceNoAlloc (byte*,int,string)
UnityEngine.StackTraceUtility:ExtractStackTrace () (at /Users/bokken/build/output/unity/unity/Runtime/Export/Scripting/StackTrace.cs:35)
UnityEngine.DebugLogHandler:Internal_Log (UnityEngine.LogType,UnityEngine.LogOption,string,UnityEngine.Object)
UnityEngine.DebugLogHandler:LogFormat (UnityEngine.LogType,UnityEngine.Object,string,object[])
UnityEngine.Logger:Log (UnityEngine.LogType,object)
UnityEngine.Debug:Log (object)
PerfScenario:Summarize (PerfScenario/Run,PerfScenario/RunResult,System.Collections.Generic.List`1<Tower>,int) (at Assets/Scripts/Diagnostics/PerfScenario.cs:888)
PerfScenario/<RunOne>d__41:MoveNext () (at Assets/Scripts/Diagnostics/PerfScenario.cs:357)
UnityEngine.SetupCoroutine:InvokeMoveNext (System.Collections.IEnumerator,intptr) (at /Users/bokken/build/output/unity/unity/Runtime/Export/Scripting/Coroutines.cs:17)

(Filename: Assets/Scripts/Diagnostics/PerfScenario.cs Line: 888)

PERF RUN T-Core-1x (single, 1x, round 60)
UnityEngine.Debug:ExtractStackTraceNoAlloc (byte*,int,string)
UnityEngine.StackTraceUtility:ExtractStackTrace () (at /Users/bokken/build/output/unity/unity/Runtime/Export/Scripting/StackTrace.cs:35)
UnityEngine.DebugLogHandler:Internal_Log (UnityEngine.LogType,UnityEngine.LogOption,string,UnityEngine.Object)
UnityEngine.DebugLogHandler:LogFormat (UnityEngine.LogType,UnityEngine.Object,string,object[])
UnityEngine.Logger:Log (UnityEngine.LogType,object)
UnityEngine.Debug:Log (object)
PerfScenario/<RunOne>d__41:MoveNext () (at Assets/Scripts/Diagnostics/PerfScenario.cs:273)
UnityEngine.SetupCoroutine:InvokeMoveNext (System.Collections.IEnumerator,intptr) (at /Users/bokken/build/output/unity/unity/Runtime/Export/Scripting/Coroutines.cs:17)

(Filename: Assets/Scripts/Diagnostics/PerfScenario.cs Line: 273)

LightingSettings: switching bake backend from 2 to 1.
Unloading 21 Unused Serialized files (Serialized files now loaded: 0)
UnloadTime: 39.255791 ms
Loaded scene 'Temp/__Backupscenes/0.backup'
	Deserialize:            90.105 ms
	Integration:            209.531 ms
	Integration of assets:  10.441 ms
	Thread Wait Time:       0.077 ms
	Total Operation Time:   310.155 ms
Unloading 8237 unused Assets / (10.1 MB). Loaded Objects now: 18506.
Memory consumption went from 0.60 GB to 0.59 GB.
Total: 15.951292 ms (FindLiveObjects: 0.657958 ms CreateObjectMapping: 1.807625 ms MarkObjects: 8.737917 ms  DeleteObjects: 4.747583 ms)

PERF layout T-Core-1x: 154 block spots, 1 towers planned, 1 built
UnityEngine.Debug:ExtractStackTraceNoAlloc (byte*,int,string)
UnityEngine.StackTraceUtility:ExtractStackTrace () (at /Users/bokken/build/output/unity/unity/Runtime/Export/Scripting/StackTrace.cs:35)
UnityEngine.DebugLogHandler:Internal_Log (UnityEngine.LogType,UnityEngine.LogOption,string,UnityEngine.Object)
UnityEngine.DebugLogHandler:LogFormat (UnityEngine.LogType,UnityEngine.Object,string,object[])
UnityEngine.Logger:Log (UnityEngine.LogType,object)
UnityEngine.Debug:Log (object)
PerfScenario/<RunOne>d__41:MoveNext () (at Assets/Scripts/Diagnostics/PerfScenario.cs:314)
UnityEngine.SetupCoroutine:InvokeMoveNext (System.Collections.IEnumerator,intptr) (at /Users/bokken/build/output/unity/unity/Runtime/Export/Scripting/Coroutines.cs:17)

(Filename: Assets/Scripts/Diagnostics/PerfScenario.cs Line: 314)

PERF RESULT T-Core-1x: towers 1, frames 18343, frame p50/p95/p99/max 2.4/3.5/3.9/11.1 ms, main p50/p99 2.4/3.9 ms, speed 1.00x, GC steady 100.0% frames (9957213 B, 569 B/frame), damage 7, kills 0, leaked 6494, pops 0, projectiles 7/7, death fx 0/0, fx 14/14, markers [PlayerLoop=2.33ms, Update.ScriptRunBehaviourUpdate=0.32ms, PreLateUpdate.ScriptRunBehaviourLateUpdate=1.63ms, FixedUpdate.PhysicsFixedUpdate=0.00ms, FixedUpdate.ScriptRunBehaviourFixedUpdate=0.00ms, PreUpdate.PhysicsUpdate=0.00ms, Physics.Simulate=0.09ms, Physics.SyncTransforms=0.15ms, Physics.SendTriggerEvents=0.00ms, Physics.SendContactEvents=0.00ms, ParticleSystem.EndUpdateAll=0.00ms, GC.Collect=0.00ms, Instantiate=0.01ms], by type [Core Tower=7]
UnityEngine.Debug:ExtractStackTraceNoAlloc (byte*,int,string)
UnityEngine.StackTraceUtility:ExtractStackTrace () (at /Users/bokken/build/output/unity/unity/Runtime/Export/Scripting/StackTrace.cs:35)
UnityEngine.DebugLogHandler:Internal_Log (UnityEngine.LogType,UnityEngine.LogOption,string,UnityEngine.Object)
UnityEngine.DebugLogHandler:LogFormat (UnityEngine.LogType,UnityEngine.Object,string,object[])
UnityEngine.Logger:Log (UnityEngine.LogType,object)
UnityEngine.Debug:Log (object)
PerfScenario:Summarize (PerfScenario/Run,PerfScenario/RunResult,System.Collections.Generic.List`1<Tower>,int) (at Assets/Scripts/Diagnostics/PerfScenario.cs:888)
PerfScenario/<RunOne>d__41:MoveNext () (at Assets/Scripts/Diagnostics/PerfScenario.cs:357)
UnityEngine.SetupCoroutine:InvokeMoveNext (System.Collections.IEnumerator,intptr) (at /Users/bokken/build/output/unity/unity/Runtime/Export/Scripting/Coroutines.cs:17)

(Filename: Assets/Scripts/Diagnostics/PerfScenario.cs Line: 888)

PERF RUN T-Core-3x (single, 3x, round 60)
UnityEngine.Debug:ExtractStackTraceNoAlloc (byte*,int,string)
UnityEngine.StackTraceUtility:ExtractStackTrace () (at /Users/bokken/build/output/unity/unity/Runtime/Export/Scripting/StackTrace.cs:35)
UnityEngine.DebugLogHandler:Internal_Log (UnityEngine.LogType,UnityEngine.LogOption,string,UnityEngine.Object)
UnityEngine.DebugLogHandler:LogFormat (UnityEngine.LogType,UnityEngine.Object,string,object[])
UnityEngine.Logger:Log (UnityEngine.LogType,object)
UnityEngine.Debug:Log (object)
PerfScenario/<RunOne>d__41:MoveNext () (at Assets/Scripts/Diagnostics/PerfScenario.cs:273)
UnityEngine.SetupCoroutine:InvokeMoveNext (System.Collections.IEnumerator,intptr) (at /Users/bokken/build/output/unity/unity/Runtime/Export/Scripting/Coroutines.cs:17)

(Filename: Assets/Scripts/Diagnostics/PerfScenario.cs Line: 273)

LightingSettings: switching bake backend from 2 to 1.
Unloading 21 Unused Serialized files (Serialized files now loaded: 0)
UnloadTime: 31.369083 ms
Loaded scene 'Temp/__Backupscenes/0.backup'
	Deserialize:            76.003 ms
	Integration:            180.338 ms
	Integration of assets:  9.165 ms
	Thread Wait Time:       0.526 ms
	Total Operation Time:   266.033 ms
Unloading 8237 unused Assets / (10.2 MB). Loaded Objects now: 18506.
Memory consumption went from 0.60 GB to 0.59 GB.
Total: 13.622500 ms (FindLiveObjects: 0.576959 ms CreateObjectMapping: 1.746958 ms MarkObjects: 7.423291 ms  DeleteObjects: 3.875125 ms)

PERF layout T-Core-3x: 154 block spots, 1 towers planned, 1 built
UnityEngine.Debug:ExtractStackTraceNoAlloc (byte*,int,string)
UnityEngine.StackTraceUtility:ExtractStackTrace () (at /Users/bokken/build/output/unity/unity/Runtime/Export/Scripting/StackTrace.cs:35)
UnityEngine.DebugLogHandler:Internal_Log (UnityEngine.LogType,UnityEngine.LogOption,string,UnityEngine.Object)
UnityEngine.DebugLogHandler:LogFormat (UnityEngine.LogType,UnityEngine.Object,string,object[])
UnityEngine.Logger:Log (UnityEngine.LogType,object)
UnityEngine.Debug:Log (object)
PerfScenario/<RunOne>d__41:MoveNext () (at Assets/Scripts/Diagnostics/PerfScenario.cs:314)
UnityEngine.SetupCoroutine:InvokeMoveNext (System.Collections.IEnumerator,intptr) (at /Users/bokken/build/output/unity/unity/Runtime/Export/Scripting/Coroutines.cs:17)

(Filename: Assets/Scripts/Diagnostics/PerfScenario.cs Line: 314)

PERF RESULT T-Core-3x: towers 1, frames 5628, frame p50/p95/p99/max 2.6/3.6/4.0/8.4 ms, main p50/p99 2.6/4.0 ms, speed 3.00x, GC steady 100.0% frames (2332857 B, 473 B/frame), damage 7, kills 0, leaked 6494, pops 0, projectiles 7/7, death fx 0/0, fx 14/14, markers [PlayerLoop=2.53ms, Update.ScriptRunBehaviourUpdate=0.37ms, PreLateUpdate.ScriptRunBehaviourLateUpdate=1.74ms, FixedUpdate.PhysicsFixedUpdate=0.00ms, FixedUpdate.ScriptRunBehaviourFixedUpdate=0.00ms, PreUpdate.PhysicsUpdate=0.00ms, Physics.Simulate=0.10ms, Physics.SyncTransforms=0.16ms, Physics.SendTriggerEvents=0.00ms, Physics.SendContactEvents=0.00ms, ParticleSystem.EndUpdateAll=0.00ms, GC.Collect=0.00ms, Instantiate=0.02ms], by type [Core Tower=7]
UnityEngine.Debug:ExtractStackTraceNoAlloc (byte*,int,string)
UnityEngine.StackTraceUtility:ExtractStackTrace () (at /Users/bokken/build/output/unity/unity/Runtime/Export/Scripting/StackTrace.cs:35)
UnityEngine.DebugLogHandler:Internal_Log (UnityEngine.LogType,UnityEngine.LogOption,string,UnityEngine.Object)
UnityEngine.DebugLogHandler:LogFormat (UnityEngine.LogType,UnityEngine.Object,string,object[])
UnityEngine.Logger:Log (UnityEngine.LogType,object)
UnityEngine.Debug:Log (object)
PerfScenario:Summarize (PerfScenario/Run,PerfScenario/RunResult,System.Collections.Generic.List`1<Tower>,int) (at Assets/Scripts/Diagnostics/PerfScenario.cs:888)
PerfScenario/<RunOne>d__41:MoveNext () (at Assets/Scripts/Diagnostics/PerfScenario.cs:357)
UnityEngine.SetupCoroutine:InvokeMoveNext (System.Collections.IEnumerator,intptr) (at /Users/bokken/build/output/unity/unity/Runtime/Export/Scripting/Coroutines.cs:17)

(Filename: Assets/Scripts/Diagnostics/PerfScenario.cs Line: 888)

PERF RUN T-Core-5x (single, 5x, round 60)
UnityEngine.Debug:ExtractStackTraceNoAlloc (byte*,int,string)
UnityEngine.StackTraceUtility:ExtractStackTrace () (at /Users/bokken/build/output/unity/unity/Runtime/Export/Scripting/StackTrace.cs:35)
UnityEngine.DebugLogHandler:Internal_Log (UnityEngine.LogType,UnityEngine.LogOption,string,UnityEngine.Object)
UnityEngine.DebugLogHandler:LogFormat (UnityEngine.LogType,UnityEngine.Object,string,object[])
UnityEngine.Logger:Log (UnityEngine.LogType,object)
UnityEngine.Debug:Log (object)
PerfScenario/<RunOne>d__41:MoveNext () (at Assets/Scripts/Diagnostics/PerfScenario.cs:273)
UnityEngine.SetupCoroutine:InvokeMoveNext (System.Collections.IEnumerator,intptr) (at /Users/bokken/build/output/unity/unity/Runtime/Export/Scripting/Coroutines.cs:17)

(Filename: Assets/Scripts/Diagnostics/PerfScenario.cs Line: 273)

LightingSettings: switching bake backend from 2 to 1.
Unloading 21 Unused Serialized files (Serialized files now loaded: 0)
UnloadTime: 39.383083 ms
Loaded scene 'Temp/__Backupscenes/0.backup'
	Deserialize:            86.356 ms
	Integration:            188.234 ms
	Integration of assets:  10.268 ms
	Thread Wait Time:       0.770 ms
	Total Operation Time:   285.628 ms
Unloading 8237 unused Assets / (10.3 MB). Loaded Objects now: 18506.
Memory consumption went from 0.60 GB to 0.59 GB.
Total: 14.429042 ms (FindLiveObjects: 0.600208 ms CreateObjectMapping: 1.765042 ms MarkObjects: 7.870583 ms  DeleteObjects: 4.193042 ms)

PERF layout T-Core-5x: 154 block spots, 1 towers planned, 1 built
UnityEngine.Debug:ExtractStackTraceNoAlloc (byte*,int,string)
UnityEngine.StackTraceUtility:ExtractStackTrace () (at /Users/bokken/build/output/unity/unity/Runtime/Export/Scripting/StackTrace.cs:35)
UnityEngine.DebugLogHandler:Internal_Log (UnityEngine.LogType,UnityEngine.LogOption,string,UnityEngine.Object)
UnityEngine.DebugLogHandler:LogFormat (UnityEngine.LogType,UnityEngine.Object,string,object[])
UnityEngine.Logger:Log (UnityEngine.LogType,object)
UnityEngine.Debug:Log (object)
PerfScenario/<RunOne>d__41:MoveNext () (at Assets/Scripts/Diagnostics/PerfScenario.cs:314)
UnityEngine.SetupCoroutine:InvokeMoveNext (System.Collections.IEnumerator,intptr) (at /Users/bokken/build/output/unity/unity/Runtime/Export/Scripting/Coroutines.cs:17)

(Filename: Assets/Scripts/Diagnostics/PerfScenario.cs Line: 314)

PERF RESULT T-Core-5x: towers 1, frames 3298, frame p50/p95/p99/max 2.6/3.7/5.0/6.5 ms, main p50/p99 2.6/5.0 ms, speed 5.00x, GC steady 100.0% frames (1266829 B, 480 B/frame), damage 7, kills 0, leaked 6494, pops 0, projectiles 7/7, death fx 0/0, fx 14/14, markers [PlayerLoop=2.58ms, Update.ScriptRunBehaviourUpdate=0.39ms, PreLateUpdate.ScriptRunBehaviourLateUpdate=1.76ms, FixedUpdate.PhysicsFixedUpdate=0.00ms, FixedUpdate.ScriptRunBehaviourFixedUpdate=0.00ms, PreUpdate.PhysicsUpdate=0.00ms, Physics.Simulate=0.10ms, Physics.SyncTransforms=0.16ms, Physics.SendTriggerEvents=0.00ms, Physics.SendContactEvents=0.00ms, ParticleSystem.EndUpdateAll=0.00ms, GC.Collect=0.00ms, Instantiate=0.04ms], by type [Core Tower=7]
UnityEngine.Debug:ExtractStackTraceNoAlloc (byte*,int,string)
UnityEngine.StackTraceUtility:ExtractStackTrace () (at /Users/bokken/build/output/unity/unity/Runtime/Export/Scripting/StackTrace.cs:35)
UnityEngine.DebugLogHandler:Internal_Log (UnityEngine.LogType,UnityEngine.LogOption,string,UnityEngine.Object)
UnityEngine.DebugLogHandler:LogFormat (UnityEngine.LogType,UnityEngine.Object,string,object[])
UnityEngine.Logger:Log (UnityEngine.LogType,object)
UnityEngine.Debug:Log (object)
PerfScenario:Summarize (PerfScenario/Run,PerfScenario/RunResult,System.Collections.Generic.List`1<Tower>,int) (at Assets/Scripts/Diagnostics/PerfScenario.cs:888)
PerfScenario/<RunOne>d__41:MoveNext () (at Assets/Scripts/Diagnostics/PerfScenario.cs:357)
UnityEngine.SetupCoroutine:InvokeMoveNext (System.Collections.IEnumerator,intptr) (at /Users/bokken/build/output/unity/unity/Runtime/Export/Scripting/Coroutines.cs:17)

(Filename: Assets/Scripts/Diagnostics/PerfScenario.cs Line: 888)

PERF RUN T-Bomb-1x (single, 1x, round 60)
UnityEngine.Debug:ExtractStackTraceNoAlloc (byte*,int,string)
UnityEngine.StackTraceUtility:ExtractStackTrace () (at /Users/bokken/build/output/unity/unity/Runtime/Export/Scripting/StackTrace.cs:35)
UnityEngine.DebugLogHandler:Internal_Log (UnityEngine.LogType,UnityEngine.LogOption,string,UnityEngine.Object)
UnityEngine.DebugLogHandler:LogFormat (UnityEngine.LogType,UnityEngine.Object,string,object[])
UnityEngine.Logger:Log (UnityEngine.LogType,object)
UnityEngine.Debug:Log (object)
PerfScenario/<RunOne>d__41:MoveNext () (at Assets/Scripts/Diagnostics/PerfScenario.cs:273)
UnityEngine.SetupCoroutine:InvokeMoveNext (System.Collections.IEnumerator,intptr) (at /Users/bokken/build/output/unity/unity/Runtime/Export/Scripting/Coroutines.cs:17)

(Filename: Assets/Scripts/Diagnostics/PerfScenario.cs Line: 273)

LightingSettings: switching bake backend from 2 to 1.
Unloading 21 Unused Serialized files (Serialized files now loaded: 0)
UnloadTime: 35.602666 ms
Loaded scene 'Temp/__Backupscenes/0.backup'
	Deserialize:            84.549 ms
	Integration:            188.932 ms
	Integration of assets:  10.400 ms
	Thread Wait Time:       0.610 ms
	Total Operation Time:   284.491 ms
Unloading 8237 unused Assets / (10.1 MB). Loaded Objects now: 18506.
Memory consumption went from 0.60 GB to 0.59 GB.
Total: 15.432042 ms (FindLiveObjects: 0.582667 ms CreateObjectMapping: 1.821375 ms MarkObjects: 8.813125 ms  DeleteObjects: 4.214667 ms)

PERF layout T-Bomb-1x: 154 block spots, 1 towers planned, 1 built
UnityEngine.Debug:ExtractStackTraceNoAlloc (byte*,int,string)
UnityEngine.StackTraceUtility:ExtractStackTrace () (at /Users/bokken/build/output/unity/unity/Runtime/Export/Scripting/StackTrace.cs:35)
UnityEngine.DebugLogHandler:Internal_Log (UnityEngine.LogType,UnityEngine.LogOption,string,UnityEngine.Object)
UnityEngine.DebugLogHandler:LogFormat (UnityEngine.LogType,UnityEngine.Object,string,object[])
UnityEngine.Logger:Log (UnityEngine.LogType,object)
UnityEngine.Debug:Log (object)
PerfScenario/<RunOne>d__41:MoveNext () (at Assets/Scripts/Diagnostics/PerfScenario.cs:314)
UnityEngine.SetupCoroutine:InvokeMoveNext (System.Collections.IEnumerator,intptr) (at /Users/bokken/build/output/unity/unity/Runtime/Export/Scripting/Coroutines.cs:17)

(Filename: Assets/Scripts/Diagnostics/PerfScenario.cs Line: 314)

PERF RESULT T-Bomb-1x: towers 1, frames 12386, frame p50/p95/p99/max 2.8/3.9/4.5/13.3 ms, main p50/p99 2.8/4.5 ms, speed 1.00x, GC steady 100.0% frames (6420117 B, 552 B/frame), damage 8161, kills 0, leaked 5777, pops 717, projectiles 21/21, death fx 536/895, fx 42/42, markers [PlayerLoop=2.71ms, Update.ScriptRunBehaviourUpdate=0.38ms, PreLateUpdate.ScriptRunBehaviourLateUpdate=1.88ms, FixedUpdate.PhysicsFixedUpdate=0.00ms, FixedUpdate.ScriptRunBehaviourFixedUpdate=0.00ms, PreUpdate.PhysicsUpdate=0.00ms, Physics.Simulate=0.11ms, Physics.SyncTransforms=0.16ms, Physics.SendTriggerEvents=0.00ms, Physics.SendContactEvents=0.00ms, ParticleSystem.EndUpdateAll=0.00ms, GC.Collect=0.00ms, Instantiate=0.01ms], by type [Rocket System=8161]
UnityEngine.Debug:ExtractStackTraceNoAlloc (byte*,int,string)
UnityEngine.StackTraceUtility:ExtractStackTrace () (at /Users/bokken/build/output/unity/unity/Runtime/Export/Scripting/StackTrace.cs:35)
UnityEngine.DebugLogHandler:Internal_Log (UnityEngine.LogType,UnityEngine.LogOption,string,UnityEngine.Object)
UnityEngine.DebugLogHandler:LogFormat (UnityEngine.LogType,UnityEngine.Object,string,object[])
UnityEngine.Logger:Log (UnityEngine.LogType,object)
UnityEngine.Debug:Log (object)
PerfScenario:Summarize (PerfScenario/Run,PerfScenario/RunResult,System.Collections.Generic.List`1<Tower>,int) (at Assets/Scripts/Diagnostics/PerfScenario.cs:888)
PerfScenario/<RunOne>d__41:MoveNext () (at Assets/Scripts/Diagnostics/PerfScenario.cs:357)
UnityEngine.SetupCoroutine:InvokeMoveNext (System.Collections.IEnumerator,intptr) (at /Users/bokken/build/output/unity/unity/Runtime/Export/Scripting/Coroutines.cs:17)

(Filename: Assets/Scripts/Diagnostics/PerfScenario.cs Line: 888)

PERF RUN T-Bomb-3x (single, 3x, round 60)
UnityEngine.Debug:ExtractStackTraceNoAlloc (byte*,int,string)
UnityEngine.StackTraceUtility:ExtractStackTrace () (at /Users/bokken/build/output/unity/unity/Runtime/Export/Scripting/StackTrace.cs:35)
UnityEngine.DebugLogHandler:Internal_Log (UnityEngine.LogType,UnityEngine.LogOption,string,UnityEngine.Object)
UnityEngine.DebugLogHandler:LogFormat (UnityEngine.LogType,UnityEngine.Object,string,object[])
UnityEngine.Logger:Log (UnityEngine.LogType,object)
UnityEngine.Debug:Log (object)
PerfScenario/<RunOne>d__41:MoveNext () (at Assets/Scripts/Diagnostics/PerfScenario.cs:273)
UnityEngine.SetupCoroutine:InvokeMoveNext (System.Collections.IEnumerator,intptr) (at /Users/bokken/build/output/unity/unity/Runtime/Export/Scripting/Coroutines.cs:17)

(Filename: Assets/Scripts/Diagnostics/PerfScenario.cs Line: 273)

LightingSettings: switching bake backend from 2 to 1.
Unloading 29 Unused Serialized files (Serialized files now loaded: 0)
UnloadTime: 45.766209 ms
Loaded scene 'Temp/__Backupscenes/0.backup'
	Deserialize:            100.596 ms
	Integration:            216.945 ms
	Integration of assets:  10.766 ms
	Thread Wait Time:       0.881 ms
	Total Operation Time:   329.189 ms
Unloading 8248 unused Assets / (10.2 MB). Loaded Objects now: 18511.
Memory consumption went from 0.60 GB to 0.59 GB.
Total: 16.632167 ms (FindLiveObjects: 0.752292 ms CreateObjectMapping: 1.789333 ms MarkObjects: 9.554042 ms  DeleteObjects: 4.536209 ms)

PERF layout T-Bomb-3x: 154 block spots, 1 towers planned, 1 built
UnityEngine.Debug:ExtractStackTraceNoAlloc (byte*,int,string)
UnityEngine.StackTraceUtility:ExtractStackTrace () (at /Users/bokken/build/output/unity/unity/Runtime/Export/Scripting/StackTrace.cs:35)
UnityEngine.DebugLogHandler:Internal_Log (UnityEngine.LogType,UnityEngine.LogOption,string,UnityEngine.Object)
UnityEngine.DebugLogHandler:LogFormat (UnityEngine.LogType,UnityEngine.Object,string,object[])
UnityEngine.Logger:Log (UnityEngine.LogType,object)
UnityEngine.Debug:Log (object)
PerfScenario/<RunOne>d__41:MoveNext () (at Assets/Scripts/Diagnostics/PerfScenario.cs:314)
UnityEngine.SetupCoroutine:InvokeMoveNext (System.Collections.IEnumerator,intptr) (at /Users/bokken/build/output/unity/unity/Runtime/Export/Scripting/Coroutines.cs:17)

(Filename: Assets/Scripts/Diagnostics/PerfScenario.cs Line: 314)

PERF RESULT T-Bomb-3x: towers 1, frames 4022, frame p50/p95/p99/max 2.9/4.0/4.8/8.4 ms, main p50/p99 2.9/4.8 ms, speed 3.00x, GC steady 100.0% frames (1642761 B, 500 B/frame), damage 8165, kills 0, leaked 5776, pops 718, projectiles 21/21, death fx 0/896, fx 42/42, markers [PlayerLoop=2.78ms, Update.ScriptRunBehaviourUpdate=0.42ms, PreLateUpdate.ScriptRunBehaviourLateUpdate=1.89ms, FixedUpdate.PhysicsFixedUpdate=0.00ms, FixedUpdate.ScriptRunBehaviourFixedUpdate=0.00ms, PreUpdate.PhysicsUpdate=0.00ms, Physics.Simulate=0.11ms, Physics.SyncTransforms=0.16ms, Physics.SendTriggerEvents=0.00ms, Physics.SendContactEvents=0.00ms, ParticleSystem.EndUpdateAll=0.00ms, GC.Collect=0.00ms, Instantiate=0.03ms], by type [Rocket System=8165]
UnityEngine.Debug:ExtractStackTraceNoAlloc (byte*,int,string)
UnityEngine.StackTraceUtility:ExtractStackTrace () (at /Users/bokken/build/output/unity/unity/Runtime/Export/Scripting/StackTrace.cs:35)
UnityEngine.DebugLogHandler:Internal_Log (UnityEngine.LogType,UnityEngine.LogOption,string,UnityEngine.Object)
UnityEngine.DebugLogHandler:LogFormat (UnityEngine.LogType,UnityEngine.Object,string,object[])
UnityEngine.Logger:Log (UnityEngine.LogType,object)
UnityEngine.Debug:Log (object)
PerfScenario:Summarize (PerfScenario/Run,PerfScenario/RunResult,System.Collections.Generic.List`1<Tower>,int) (at Assets/Scripts/Diagnostics/PerfScenario.cs:888)
PerfScenario/<RunOne>d__41:MoveNext () (at Assets/Scripts/Diagnostics/PerfScenario.cs:357)
UnityEngine.SetupCoroutine:InvokeMoveNext (System.Collections.IEnumerator,intptr) (at /Users/bokken/build/output/unity/unity/Runtime/Export/Scripting/Coroutines.cs:17)

(Filename: Assets/Scripts/Diagnostics/PerfScenario.cs Line: 888)

PERF RUN T-Bomb-5x (single, 5x, round 60)
UnityEngine.Debug:ExtractStackTraceNoAlloc (byte*,int,string)
UnityEngine.StackTraceUtility:ExtractStackTrace () (at /Users/bokken/build/output/unity/unity/Runtime/Export/Scripting/StackTrace.cs:35)
UnityEngine.DebugLogHandler:Internal_Log (UnityEngine.LogType,UnityEngine.LogOption,string,UnityEngine.Object)
UnityEngine.DebugLogHandler:LogFormat (UnityEngine.LogType,UnityEngine.Object,string,object[])
UnityEngine.Logger:Log (UnityEngine.LogType,object)
UnityEngine.Debug:Log (object)
PerfScenario/<RunOne>d__41:MoveNext () (at Assets/Scripts/Diagnostics/PerfScenario.cs:273)
UnityEngine.SetupCoroutine:InvokeMoveNext (System.Collections.IEnumerator,intptr) (at /Users/bokken/build/output/unity/unity/Runtime/Export/Scripting/Coroutines.cs:17)

(Filename: Assets/Scripts/Diagnostics/PerfScenario.cs Line: 273)

LightingSettings: switching bake backend from 2 to 1.
Unloading 21 Unused Serialized files (Serialized files now loaded: 0)
UnloadTime: 33.972875 ms
Loaded scene 'Temp/__Backupscenes/0.backup'
	Deserialize:            75.831 ms
	Integration:            182.065 ms
	Integration of assets:  9.235 ms
	Thread Wait Time:       0.586 ms
	Total Operation Time:   267.718 ms
Unloading 8237 unused Assets / (10.3 MB). Loaded Objects now: 18511.
Memory consumption went from 0.60 GB to 0.59 GB.
Total: 14.056750 ms (FindLiveObjects: 0.606709 ms CreateObjectMapping: 1.745209 ms MarkObjects: 7.773083 ms  DeleteObjects: 3.931542 ms)

PERF layout T-Bomb-5x: 154 block spots, 1 towers planned, 1 built
UnityEngine.Debug:ExtractStackTraceNoAlloc (byte*,int,string)
UnityEngine.StackTraceUtility:ExtractStackTrace () (at /Users/bokken/build/output/unity/unity/Runtime/Export/Scripting/StackTrace.cs:35)
UnityEngine.DebugLogHandler:Internal_Log (UnityEngine.LogType,UnityEngine.LogOption,string,UnityEngine.Object)
UnityEngine.DebugLogHandler:LogFormat (UnityEngine.LogType,UnityEngine.Object,string,object[])
UnityEngine.Logger:Log (UnityEngine.LogType,object)
UnityEngine.Debug:Log (object)
PerfScenario/<RunOne>d__41:MoveNext () (at Assets/Scripts/Diagnostics/PerfScenario.cs:314)
UnityEngine.SetupCoroutine:InvokeMoveNext (System.Collections.IEnumerator,intptr) (at /Users/bokken/build/output/unity/unity/Runtime/Export/Scripting/Coroutines.cs:17)

(Filename: Assets/Scripts/Diagnostics/PerfScenario.cs Line: 314)

PERF RESULT T-Bomb-5x: towers 1, frames 2859, frame p50/p95/p99/max 2.5/3.2/3.7/6.7 ms, main p50/p99 2.5/3.7 ms, speed 5.00x, GC steady 100.0% frames (1046255 B, 511 B/frame), damage 8165, kills 0, leaked 5776, pops 718, projectiles 21/21, death fx 0/896, fx 42/42, markers [PlayerLoop=2.34ms, Update.ScriptRunBehaviourUpdate=0.34ms, PreLateUpdate.ScriptRunBehaviourLateUpdate=1.61ms, FixedUpdate.PhysicsFixedUpdate=0.00ms, FixedUpdate.ScriptRunBehaviourFixedUpdate=0.00ms, PreUpdate.PhysicsUpdate=0.00ms, Physics.Simulate=0.10ms, Physics.SyncTransforms=0.14ms, Physics.SendTriggerEvents=0.00ms, Physics.SendContactEvents=0.00ms, ParticleSystem.EndUpdateAll=0.00ms, GC.Collect=0.00ms, Instantiate=0.04ms], by type [Rocket System=8165]
UnityEngine.Debug:ExtractStackTraceNoAlloc (byte*,int,string)
UnityEngine.StackTraceUtility:ExtractStackTrace () (at /Users/bokken/build/output/unity/unity/Runtime/Export/Scripting/StackTrace.cs:35)
UnityEngine.DebugLogHandler:Internal_Log (UnityEngine.LogType,UnityEngine.LogOption,string,UnityEngine.Object)
UnityEngine.DebugLogHandler:LogFormat (UnityEngine.LogType,UnityEngine.Object,string,object[])
UnityEngine.Logger:Log (UnityEngine.LogType,object)
UnityEngine.Debug:Log (object)
PerfScenario:Summarize (PerfScenario/Run,PerfScenario/RunResult,System.Collections.Generic.List`1<Tower>,int) (at Assets/Scripts/Diagnostics/PerfScenario.cs:888)
PerfScenario/<RunOne>d__41:MoveNext () (at Assets/Scripts/Diagnostics/PerfScenario.cs:357)
UnityEngine.SetupCoroutine:InvokeMoveNext (System.Collections.IEnumerator,intptr) (at /Users/bokken/build/output/unity/unity/Runtime/Export/Scripting/Coroutines.cs:17)

(Filename: Assets/Scripts/Diagnostics/PerfScenario.cs Line: 888)

PERF RUN T-Sniper-1x (single, 1x, round 60)
UnityEngine.Debug:ExtractStackTraceNoAlloc (byte*,int,string)
UnityEngine.StackTraceUtility:ExtractStackTrace () (at /Users/bokken/build/output/unity/unity/Runtime/Export/Scripting/StackTrace.cs:35)
UnityEngine.DebugLogHandler:Internal_Log (UnityEngine.LogType,UnityEngine.LogOption,string,UnityEngine.Object)
UnityEngine.DebugLogHandler:LogFormat (UnityEngine.LogType,UnityEngine.Object,string,object[])
UnityEngine.Logger:Log (UnityEngine.LogType,object)
UnityEngine.Debug:Log (object)
PerfScenario/<RunOne>d__41:MoveNext () (at Assets/Scripts/Diagnostics/PerfScenario.cs:273)
UnityEngine.SetupCoroutine:InvokeMoveNext (System.Collections.IEnumerator,intptr) (at /Users/bokken/build/output/unity/unity/Runtime/Export/Scripting/Coroutines.cs:17)

(Filename: Assets/Scripts/Diagnostics/PerfScenario.cs Line: 273)

LightingSettings: switching bake backend from 2 to 1.
Unloading 21 Unused Serialized files (Serialized files now loaded: 0)
UnloadTime: 35.216542 ms
Loaded scene 'Temp/__Backupscenes/0.backup'
	Deserialize:            79.771 ms
	Integration:            188.935 ms
	Integration of assets:  10.365 ms
	Thread Wait Time:       0.561 ms
	Total Operation Time:   279.632 ms
Unloading 8237 unused Assets / (10.3 MB). Loaded Objects now: 18511.
Memory consumption went from 0.61 GB to 0.60 GB.
Total: 14.020292 ms (FindLiveObjects: 0.581625 ms CreateObjectMapping: 1.719583 ms MarkObjects: 7.817500 ms  DeleteObjects: 3.901291 ms)

PERF layout T-Sniper-1x: 154 block spots, 1 towers planned, 1 built
UnityEngine.Debug:ExtractStackTraceNoAlloc (byte*,int,string)
UnityEngine.StackTraceUtility:ExtractStackTrace () (at /Users/bokken/build/output/unity/unity/Runtime/Export/Scripting/StackTrace.cs:35)
UnityEngine.DebugLogHandler:Internal_Log (UnityEngine.LogType,UnityEngine.LogOption,string,UnityEngine.Object)
UnityEngine.DebugLogHandler:LogFormat (UnityEngine.LogType,UnityEngine.Object,string,object[])
UnityEngine.Logger:Log (UnityEngine.LogType,object)
UnityEngine.Debug:Log (object)
PerfScenario/<RunOne>d__41:MoveNext () (at Assets/Scripts/Diagnostics/PerfScenario.cs:314)
UnityEngine.SetupCoroutine:InvokeMoveNext (System.Collections.IEnumerator,intptr) (at /Users/bokken/build/output/unity/unity/Runtime/Export/Scripting/Coroutines.cs:17)

(Filename: Assets/Scripts/Diagnostics/PerfScenario.cs Line: 314)

PERF RESULT T-Sniper-1x: towers 1, frames 19269, frame p50/p95/p99/max 2.4/3.0/3.5/12.1 ms, main p50/p99 2.4/3.5 ms, speed 1.00x, GC steady 100.0% frames (9489228 B, 521 B/frame), damage 1134, kills 0, leaked 6425, pops 69, projectiles 0/0, death fx 73/73, fx 0/0, markers [PlayerLoop=2.26ms, Update.ScriptRunBehaviourUpdate=0.30ms, PreLateUpdate.ScriptRunBehaviourLateUpdate=1.60ms, FixedUpdate.PhysicsFixedUpdate=0.00ms, FixedUpdate.ScriptRunBehaviourFixedUpdate=0.00ms, PreUpdate.PhysicsUpdate=0.00ms, Physics.Simulate=0.10ms, Physics.SyncTransforms=0.14ms, Physics.SendTriggerEvents=0.00ms, Physics.SendContactEvents=0.00ms, ParticleSystem.EndUpdateAll=0.00ms, GC.Collect=0.00ms, Instantiate=0.01ms], by type [Sniper Tower=1134]
UnityEngine.Debug:ExtractStackTraceNoAlloc (byte*,int,string)
UnityEngine.StackTraceUtility:ExtractStackTrace () (at /Users/bokken/build/output/unity/unity/Runtime/Export/Scripting/StackTrace.cs:35)
UnityEngine.DebugLogHandler:Internal_Log (UnityEngine.LogType,UnityEngine.LogOption,string,UnityEngine.Object)
UnityEngine.DebugLogHandler:LogFormat (UnityEngine.LogType,UnityEngine.Object,string,object[])
UnityEngine.Logger:Log (UnityEngine.LogType,object)
UnityEngine.Debug:Log (object)
PerfScenario:Summarize (PerfScenario/Run,PerfScenario/RunResult,System.Collections.Generic.List`1<Tower>,int) (at Assets/Scripts/Diagnostics/PerfScenario.cs:888)
PerfScenario/<RunOne>d__41:MoveNext () (at Assets/Scripts/Diagnostics/PerfScenario.cs:357)
UnityEngine.SetupCoroutine:InvokeMoveNext (System.Collections.IEnumerator,intptr) (at /Users/bokken/build/output/unity/unity/Runtime/Export/Scripting/Coroutines.cs:17)

(Filename: Assets/Scripts/Diagnostics/PerfScenario.cs Line: 888)

PERF RUN T-Sniper-3x (single, 3x, round 60)
UnityEngine.Debug:ExtractStackTraceNoAlloc (byte*,int,string)
UnityEngine.StackTraceUtility:ExtractStackTrace () (at /Users/bokken/build/output/unity/unity/Runtime/Export/Scripting/StackTrace.cs:35)
UnityEngine.DebugLogHandler:Internal_Log (UnityEngine.LogType,UnityEngine.LogOption,string,UnityEngine.Object)
UnityEngine.DebugLogHandler:LogFormat (UnityEngine.LogType,UnityEngine.Object,string,object[])
UnityEngine.Logger:Log (UnityEngine.LogType,object)
UnityEngine.Debug:Log (object)
PerfScenario/<RunOne>d__41:MoveNext () (at Assets/Scripts/Diagnostics/PerfScenario.cs:273)
UnityEngine.SetupCoroutine:InvokeMoveNext (System.Collections.IEnumerator,intptr) (at /Users/bokken/build/output/unity/unity/Runtime/Export/Scripting/Coroutines.cs:17)

(Filename: Assets/Scripts/Diagnostics/PerfScenario.cs Line: 273)

LightingSettings: switching bake backend from 2 to 1.
Unloading 23 Unused Serialized files (Serialized files now loaded: 0)
UnloadTime: 33.347167 ms
Loaded scene 'Temp/__Backupscenes/0.backup'
	Deserialize:            77.277 ms
	Integration:            183.330 ms
	Integration of assets:  8.979 ms
	Thread Wait Time:       0.560 ms
	Total Operation Time:   270.146 ms
Unloading 8243 unused Assets / (10.3 MB). Loaded Objects now: 18511.
Memory consumption went from 0.61 GB to 0.60 GB.
Total: 14.465042 ms (FindLiveObjects: 0.601750 ms CreateObjectMapping: 1.762333 ms MarkObjects: 8.204083 ms  DeleteObjects: 3.896792 ms)

PERF layout T-Sniper-3x: 154 block spots, 1 towers planned, 1 built
UnityEngine.Debug:ExtractStackTraceNoAlloc (byte*,int,string)
UnityEngine.StackTraceUtility:ExtractStackTrace () (at /Users/bokken/build/output/unity/unity/Runtime/Export/Scripting/StackTrace.cs:35)
UnityEngine.DebugLogHandler:Internal_Log (UnityEngine.LogType,UnityEngine.LogOption,string,UnityEngine.Object)
UnityEngine.DebugLogHandler:LogFormat (UnityEngine.LogType,UnityEngine.Object,string,object[])
UnityEngine.Logger:Log (UnityEngine.LogType,object)
UnityEngine.Debug:Log (object)
PerfScenario/<RunOne>d__41:MoveNext () (at Assets/Scripts/Diagnostics/PerfScenario.cs:314)
UnityEngine.SetupCoroutine:InvokeMoveNext (System.Collections.IEnumerator,intptr) (at /Users/bokken/build/output/unity/unity/Runtime/Export/Scripting/Coroutines.cs:17)

(Filename: Assets/Scripts/Diagnostics/PerfScenario.cs Line: 314)

PERF RESULT T-Sniper-3x: towers 1, frames 6370, frame p50/p95/p99/max 2.4/3.0/3.5/6.3 ms, main p50/p99 2.4/3.5 ms, speed 3.00x, GC steady 100.0% frames (2618558 B, 475 B/frame), damage 1134, kills 0, leaked 6425, pops 69, projectiles 0/0, death fx 0/73, fx 0/0, markers [PlayerLoop=2.29ms, Update.ScriptRunBehaviourUpdate=0.31ms, PreLateUpdate.ScriptRunBehaviourLateUpdate=1.60ms, FixedUpdate.PhysicsFixedUpdate=0.00ms, FixedUpdate.ScriptRunBehaviourFixedUpdate=0.00ms, PreUpdate.PhysicsUpdate=0.00ms, Physics.Simulate=0.10ms, Physics.SyncTransforms=0.14ms, Physics.SendTriggerEvents=0.00ms, Physics.SendContactEvents=0.00ms, ParticleSystem.EndUpdateAll=0.00ms, GC.Collect=0.00ms, Instantiate=0.02ms], by type [Sniper Tower=1134]
UnityEngine.Debug:ExtractStackTraceNoAlloc (byte*,int,string)
UnityEngine.StackTraceUtility:ExtractStackTrace () (at /Users/bokken/build/output/unity/unity/Runtime/Export/Scripting/StackTrace.cs:35)
UnityEngine.DebugLogHandler:Internal_Log (UnityEngine.LogType,UnityEngine.LogOption,string,UnityEngine.Object)
UnityEngine.DebugLogHandler:LogFormat (UnityEngine.LogType,UnityEngine.Object,string,object[])
UnityEngine.Logger:Log (UnityEngine.LogType,object)
UnityEngine.Debug:Log (object)
PerfScenario:Summarize (PerfScenario/Run,PerfScenario/RunResult,System.Collections.Generic.List`1<Tower>,int) (at Assets/Scripts/Diagnostics/PerfScenario.cs:888)
PerfScenario/<RunOne>d__41:MoveNext () (at Assets/Scripts/Diagnostics/PerfScenario.cs:357)
UnityEngine.SetupCoroutine:InvokeMoveNext (System.Collections.IEnumerator,intptr) (at /Users/bokken/build/output/unity/unity/Runtime/Export/Scripting/Coroutines.cs:17)

(Filename: Assets/Scripts/Diagnostics/PerfScenario.cs Line: 888)

PERF RUN T-Sniper-5x (single, 5x, round 60)
UnityEngine.Debug:ExtractStackTraceNoAlloc (byte*,int,string)
UnityEngine.StackTraceUtility:ExtractStackTrace () (at /Users/bokken/build/output/unity/unity/Runtime/Export/Scripting/StackTrace.cs:35)
UnityEngine.DebugLogHandler:Internal_Log (UnityEngine.LogType,UnityEngine.LogOption,string,UnityEngine.Object)
UnityEngine.DebugLogHandler:LogFormat (UnityEngine.LogType,UnityEngine.Object,string,object[])
UnityEngine.Logger:Log (UnityEngine.LogType,object)
UnityEngine.Debug:Log (object)
PerfScenario/<RunOne>d__41:MoveNext () (at Assets/Scripts/Diagnostics/PerfScenario.cs:273)
UnityEngine.SetupCoroutine:InvokeMoveNext (System.Collections.IEnumerator,intptr) (at /Users/bokken/build/output/unity/unity/Runtime/Export/Scripting/Coroutines.cs:17)

(Filename: Assets/Scripts/Diagnostics/PerfScenario.cs Line: 273)

LightingSettings: switching bake backend from 2 to 1.
Unloading 21 Unused Serialized files (Serialized files now loaded: 0)
UnloadTime: 35.560459 ms
Loaded scene 'Temp/__Backupscenes/0.backup'
	Deserialize:            80.790 ms
	Integration:            190.457 ms
	Integration of assets:  10.826 ms
	Thread Wait Time:       0.617 ms
	Total Operation Time:   282.691 ms
Unloading 8237 unused Assets / (10.2 MB). Loaded Objects now: 18511.
Memory consumption went from 0.61 GB to 0.60 GB.
Total: 14.870958 ms (FindLiveObjects: 0.603791 ms CreateObjectMapping: 1.800042 ms MarkObjects: 8.372666 ms  DeleteObjects: 4.094209 ms)

PERF layout T-Sniper-5x: 154 block spots, 1 towers planned, 1 built
UnityEngine.Debug:ExtractStackTraceNoAlloc (byte*,int,string)
UnityEngine.StackTraceUtility:ExtractStackTrace () (at /Users/bokken/build/output/unity/unity/Runtime/Export/Scripting/StackTrace.cs:35)
UnityEngine.DebugLogHandler:Internal_Log (UnityEngine.LogType,UnityEngine.LogOption,string,UnityEngine.Object)
UnityEngine.DebugLogHandler:LogFormat (UnityEngine.LogType,UnityEngine.Object,string,object[])
UnityEngine.Logger:Log (UnityEngine.LogType,object)
UnityEngine.Debug:Log (object)
PerfScenario/<RunOne>d__41:MoveNext () (at Assets/Scripts/Diagnostics/PerfScenario.cs:314)
UnityEngine.SetupCoroutine:InvokeMoveNext (System.Collections.IEnumerator,intptr) (at /Users/bokken/build/output/unity/unity/Runtime/Export/Scripting/Coroutines.cs:17)

(Filename: Assets/Scripts/Diagnostics/PerfScenario.cs Line: 314)

PERF RESULT T-Sniper-5x: towers 1, frames 3786, frame p50/p95/p99/max 2.4/3.0/3.9/5.9 ms, main p50/p99 2.4/3.9 ms, speed 5.00x, GC steady 100.0% frames (1437126 B, 483 B/frame), damage 1134, kills 0, leaked 6425, pops 69, projectiles 0/0, death fx 0/73, fx 0/0, markers [PlayerLoop=2.30ms, Update.ScriptRunBehaviourUpdate=0.32ms, PreLateUpdate.ScriptRunBehaviourLateUpdate=1.59ms, FixedUpdate.PhysicsFixedUpdate=0.00ms, FixedUpdate.ScriptRunBehaviourFixedUpdate=0.00ms, PreUpdate.PhysicsUpdate=0.00ms, Physics.Simulate=0.10ms, Physics.SyncTransforms=0.14ms, Physics.SendTriggerEvents=0.00ms, Physics.SendContactEvents=0.00ms, ParticleSystem.EndUpdateAll=0.00ms, GC.Collect=0.00ms, Instantiate=0.03ms], by type [Sniper Tower=1134]
UnityEngine.Debug:ExtractStackTraceNoAlloc (byte*,int,string)
UnityEngine.StackTraceUtility:ExtractStackTrace () (at /Users/bokken/build/output/unity/unity/Runtime/Export/Scripting/StackTrace.cs:35)
UnityEngine.DebugLogHandler:Internal_Log (UnityEngine.LogType,UnityEngine.LogOption,string,UnityEngine.Object)
UnityEngine.DebugLogHandler:LogFormat (UnityEngine.LogType,UnityEngine.Object,string,object[])
UnityEngine.Logger:Log (UnityEngine.LogType,object)
UnityEngine.Debug:Log (object)
PerfScenario:Summarize (PerfScenario/Run,PerfScenario/RunResult,System.Collections.Generic.List`1<Tower>,int) (at Assets/Scripts/Diagnostics/PerfScenario.cs:888)
PerfScenario/<RunOne>d__41:MoveNext () (at Assets/Scripts/Diagnostics/PerfScenario.cs:357)
UnityEngine.SetupCoroutine:InvokeMoveNext (System.Collections.IEnumerator,intptr) (at /Users/bokken/build/output/unity/unity/Runtime/Export/Scripting/Coroutines.cs:17)

(Filename: Assets/Scripts/Diagnostics/PerfScenario.cs Line: 888)

PERF RUN T-Beam-1x (single, 1x, round 60)
UnityEngine.Debug:ExtractStackTraceNoAlloc (byte*,int,string)
UnityEngine.StackTraceUtility:ExtractStackTrace () (at /Users/bokken/build/output/unity/unity/Runtime/Export/Scripting/StackTrace.cs:35)
UnityEngine.DebugLogHandler:Internal_Log (UnityEngine.LogType,UnityEngine.LogOption,string,UnityEngine.Object)
UnityEngine.DebugLogHandler:LogFormat (UnityEngine.LogType,UnityEngine.Object,string,object[])
UnityEngine.Logger:Log (UnityEngine.LogType,object)
UnityEngine.Debug:Log (object)
PerfScenario/<RunOne>d__41:MoveNext () (at Assets/Scripts/Diagnostics/PerfScenario.cs:273)
UnityEngine.SetupCoroutine:InvokeMoveNext (System.Collections.IEnumerator,intptr) (at /Users/bokken/build/output/unity/unity/Runtime/Export/Scripting/Coroutines.cs:17)

(Filename: Assets/Scripts/Diagnostics/PerfScenario.cs Line: 273)

LightingSettings: switching bake backend from 2 to 1.
Unloading 21 Unused Serialized files (Serialized files now loaded: 0)
UnloadTime: 33.131166 ms
Loaded scene 'Temp/__Backupscenes/0.backup'
	Deserialize:            77.903 ms
	Integration:            183.911 ms
	Integration of assets:  8.933 ms
	Thread Wait Time:       0.558 ms
	Total Operation Time:   271.305 ms
Unloading 8237 unused Assets / (10.2 MB). Loaded Objects now: 18511.
Memory consumption went from 0.61 GB to 0.60 GB.
Total: 13.880958 ms (FindLiveObjects: 0.602708 ms CreateObjectMapping: 1.744792 ms MarkObjects: 7.654166 ms  DeleteObjects: 3.879084 ms)

PERF layout T-Beam-1x: 154 block spots, 1 towers planned, 1 built
UnityEngine.Debug:ExtractStackTraceNoAlloc (byte*,int,string)
UnityEngine.StackTraceUtility:ExtractStackTrace () (at /Users/bokken/build/output/unity/unity/Runtime/Export/Scripting/StackTrace.cs:35)
UnityEngine.DebugLogHandler:Internal_Log (UnityEngine.LogType,UnityEngine.LogOption,string,UnityEngine.Object)
UnityEngine.DebugLogHandler:LogFormat (UnityEngine.LogType,UnityEngine.Object,string,object[])
UnityEngine.Logger:Log (UnityEngine.LogType,object)
UnityEngine.Debug:Log (object)
PerfScenario/<RunOne>d__41:MoveNext () (at Assets/Scripts/Diagnostics/PerfScenario.cs:314)
UnityEngine.SetupCoroutine:InvokeMoveNext (System.Collections.IEnumerator,intptr) (at /Users/bokken/build/output/unity/unity/Runtime/Export/Scripting/Coroutines.cs:17)

(Filename: Assets/Scripts/Diagnostics/PerfScenario.cs Line: 314)

PERF RESULT T-Beam-1x: towers 1, frames 18035, frame p50/p95/p99/max 2.5/3.1/3.4/8.0 ms, main p50/p99 2.5/3.4 ms, speed 1.00x, GC steady 100.0% frames (8735350 B, 508 B/frame), damage 0, kills 0, leaked 6494, pops 0, projectiles 0/0, death fx 0/0, fx 0/0, markers [PlayerLoop=2.38ms, Update.ScriptRunBehaviourUpdate=0.31ms, PreLateUpdate.ScriptRunBehaviourLateUpdate=1.68ms, FixedUpdate.PhysicsFixedUpdate=0.00ms, FixedUpdate.ScriptRunBehaviourFixedUpdate=0.00ms, PreUpdate.PhysicsUpdate=0.00ms, Physics.Simulate=0.09ms, Physics.SyncTransforms=0.15ms, Physics.SendTriggerEvents=0.00ms, Physics.SendContactEvents=0.00ms, ParticleSystem.EndUpdateAll=0.00ms, GC.Collect=0.00ms, Instantiate=0.01ms], by type [Beam Tower=0]
UnityEngine.Debug:ExtractStackTraceNoAlloc (byte*,int,string)
UnityEngine.StackTraceUtility:ExtractStackTrace () (at /Users/bokken/build/output/unity/unity/Runtime/Export/Scripting/StackTrace.cs:35)
UnityEngine.DebugLogHandler:Internal_Log (UnityEngine.LogType,UnityEngine.LogOption,string,UnityEngine.Object)
UnityEngine.DebugLogHandler:LogFormat (UnityEngine.LogType,UnityEngine.Object,string,object[])
UnityEngine.Logger:Log (UnityEngine.LogType,object)
UnityEngine.Debug:Log (object)
PerfScenario:Summarize (PerfScenario/Run,PerfScenario/RunResult,System.Collections.Generic.List`1<Tower>,int) (at Assets/Scripts/Diagnostics/PerfScenario.cs:888)
PerfScenario/<RunOne>d__41:MoveNext () (at Assets/Scripts/Diagnostics/PerfScenario.cs:357)
UnityEngine.SetupCoroutine:InvokeMoveNext (System.Collections.IEnumerator,intptr) (at /Users/bokken/build/output/unity/unity/Runtime/Export/Scripting/Coroutines.cs:17)

(Filename: Assets/Scripts/Diagnostics/PerfScenario.cs Line: 888)

PERF RUN T-Beam-3x (single, 3x, round 60)
UnityEngine.Debug:ExtractStackTraceNoAlloc (byte*,int,string)
UnityEngine.StackTraceUtility:ExtractStackTrace () (at /Users/bokken/build/output/unity/unity/Runtime/Export/Scripting/StackTrace.cs:35)
UnityEngine.DebugLogHandler:Internal_Log (UnityEngine.LogType,UnityEngine.LogOption,string,UnityEngine.Object)
UnityEngine.DebugLogHandler:LogFormat (UnityEngine.LogType,UnityEngine.Object,string,object[])
UnityEngine.Logger:Log (UnityEngine.LogType,object)
UnityEngine.Debug:Log (object)
PerfScenario/<RunOne>d__41:MoveNext () (at Assets/Scripts/Diagnostics/PerfScenario.cs:273)
UnityEngine.SetupCoroutine:InvokeMoveNext (System.Collections.IEnumerator,intptr) (at /Users/bokken/build/output/unity/unity/Runtime/Export/Scripting/Coroutines.cs:17)

(Filename: Assets/Scripts/Diagnostics/PerfScenario.cs Line: 273)

LightingSettings: switching bake backend from 2 to 1.
Unloading 22 Unused Serialized files (Serialized files now loaded: 0)
UnloadTime: 35.989500 ms
Loaded scene 'Temp/__Backupscenes/0.backup'
	Deserialize:            81.796 ms
	Integration:            196.701 ms
	Integration of assets:  10.048 ms
	Thread Wait Time:       0.681 ms
	Total Operation Time:   289.226 ms
Unloading 8237 unused Assets / (10.3 MB). Loaded Objects now: 18512.
Memory consumption went from 0.61 GB to 0.60 GB.
Total: 17.514250 ms (FindLiveObjects: 0.718167 ms CreateObjectMapping: 2.501333 ms MarkObjects: 10.039417 ms  DeleteObjects: 4.255083 ms)

PERF layout T-Beam-3x: 154 block spots, 1 towers planned, 1 built
UnityEngine.Debug:ExtractStackTraceNoAlloc (byte*,int,string)
UnityEngine.StackTraceUtility:ExtractStackTrace () (at /Users/bokken/build/output/unity/unity/Runtime/Export/Scripting/StackTrace.cs:35)
UnityEngine.DebugLogHandler:Internal_Log (UnityEngine.LogType,UnityEngine.LogOption,string,UnityEngine.Object)
UnityEngine.DebugLogHandler:LogFormat (UnityEngine.LogType,UnityEngine.Object,string,object[])
UnityEngine.Logger:Log (UnityEngine.LogType,object)
UnityEngine.Debug:Log (object)
PerfScenario/<RunOne>d__41:MoveNext () (at Assets/Scripts/Diagnostics/PerfScenario.cs:314)
UnityEngine.SetupCoroutine:InvokeMoveNext (System.Collections.IEnumerator,intptr) (at /Users/bokken/build/output/unity/unity/Runtime/Export/Scripting/Coroutines.cs:17)

(Filename: Assets/Scripts/Diagnostics/PerfScenario.cs Line: 314)

PERF RESULT T-Beam-3x: towers 1, frames 5245, frame p50/p95/p99/max 2.9/3.6/3.9/6.6 ms, main p50/p99 2.9/3.9 ms, speed 3.00x, GC steady 100.0% frames (2136402 B, 468 B/frame), damage 0, kills 0, leaked 6494, pops 0, projectiles 0/0, death fx 0/0, fx 0/0, markers [PlayerLoop=2.72ms, Update.ScriptRunBehaviourUpdate=0.38ms, PreLateUpdate.ScriptRunBehaviourLateUpdate=1.87ms, FixedUpdate.PhysicsFixedUpdate=0.00ms, FixedUpdate.ScriptRunBehaviourFixedUpdate=0.00ms, PreUpdate.PhysicsUpdate=0.00ms, Physics.Simulate=0.10ms, Physics.SyncTransforms=0.16ms, Physics.SendTriggerEvents=0.00ms, Physics.SendContactEvents=0.00ms, ParticleSystem.EndUpdateAll=0.00ms, GC.Collect=0.00ms, Instantiate=0.02ms], by type [Beam Tower=0]
UnityEngine.Debug:ExtractStackTraceNoAlloc (byte*,int,string)
UnityEngine.StackTraceUtility:ExtractStackTrace () (at /Users/bokken/build/output/unity/unity/Runtime/Export/Scripting/StackTrace.cs:35)
UnityEngine.DebugLogHandler:Internal_Log (UnityEngine.LogType,UnityEngine.LogOption,string,UnityEngine.Object)
UnityEngine.DebugLogHandler:LogFormat (UnityEngine.LogType,UnityEngine.Object,string,object[])
UnityEngine.Logger:Log (UnityEngine.LogType,object)
UnityEngine.Debug:Log (object)
PerfScenario:Summarize (PerfScenario/Run,PerfScenario/RunResult,System.Collections.Generic.List`1<Tower>,int) (at Assets/Scripts/Diagnostics/PerfScenario.cs:888)
PerfScenario/<RunOne>d__41:MoveNext () (at Assets/Scripts/Diagnostics/PerfScenario.cs:357)
UnityEngine.SetupCoroutine:InvokeMoveNext (System.Collections.IEnumerator,intptr) (at /Users/bokken/build/output/unity/unity/Runtime/Export/Scripting/Coroutines.cs:17)

(Filename: Assets/Scripts/Diagnostics/PerfScenario.cs Line: 888)

PERF RUN T-Beam-5x (single, 5x, round 60)
UnityEngine.Debug:ExtractStackTraceNoAlloc (byte*,int,string)
UnityEngine.StackTraceUtility:ExtractStackTrace () (at /Users/bokken/build/output/unity/unity/Runtime/Export/Scripting/StackTrace.cs:35)
UnityEngine.DebugLogHandler:Internal_Log (UnityEngine.LogType,UnityEngine.LogOption,string,UnityEngine.Object)
UnityEngine.DebugLogHandler:LogFormat (UnityEngine.LogType,UnityEngine.Object,string,object[])
UnityEngine.Logger:Log (UnityEngine.LogType,object)
UnityEngine.Debug:Log (object)
PerfScenario/<RunOne>d__41:MoveNext () (at Assets/Scripts/Diagnostics/PerfScenario.cs:273)
UnityEngine.SetupCoroutine:InvokeMoveNext (System.Collections.IEnumerator,intptr) (at /Users/bokken/build/output/unity/unity/Runtime/Export/Scripting/Coroutines.cs:17)

(Filename: Assets/Scripts/Diagnostics/PerfScenario.cs Line: 273)

LightingSettings: switching bake backend from 2 to 1.
Unloading 21 Unused Serialized files (Serialized files now loaded: 0)
UnloadTime: 38.342000 ms
Loaded scene 'Temp/__Backupscenes/0.backup'
	Deserialize:            77.819 ms
	Integration:            187.952 ms
	Integration of assets:  9.224 ms
	Thread Wait Time:       0.608 ms
	Total Operation Time:   275.604 ms
Unloading 8237 unused Assets / (10.3 MB). Loaded Objects now: 18512.
Memory consumption went from 0.61 GB to 0.60 GB.
Total: 15.320833 ms (FindLiveObjects: 0.560125 ms CreateObjectMapping: 1.728250 ms MarkObjects: 9.074792 ms  DeleteObjects: 3.957583 ms)

PERF layout T-Beam-5x: 154 block spots, 1 towers planned, 1 built
UnityEngine.Debug:ExtractStackTraceNoAlloc (byte*,int,string)
UnityEngine.StackTraceUtility:ExtractStackTrace () (at /Users/bokken/build/output/unity/unity/Runtime/Export/Scripting/StackTrace.cs:35)
UnityEngine.DebugLogHandler:Internal_Log (UnityEngine.LogType,UnityEngine.LogOption,string,UnityEngine.Object)
UnityEngine.DebugLogHandler:LogFormat (UnityEngine.LogType,UnityEngine.Object,string,object[])
UnityEngine.Logger:Log (UnityEngine.LogType,object)
UnityEngine.Debug:Log (object)
PerfScenario/<RunOne>d__41:MoveNext () (at Assets/Scripts/Diagnostics/PerfScenario.cs:314)
UnityEngine.SetupCoroutine:InvokeMoveNext (System.Collections.IEnumerator,intptr) (at /Users/bokken/build/output/unity/unity/Runtime/Export/Scripting/Coroutines.cs:17)

(Filename: Assets/Scripts/Diagnostics/PerfScenario.cs Line: 314)

PERF RESULT T-Beam-5x: towers 1, frames 3030, frame p50/p95/p99/max 3.0/3.8/4.1/10.4 ms, main p50/p99 3.0/4.1 ms, speed 5.00x, GC steady 100.0% frames (1110742 B, 471 B/frame), damage 0, kills 0, leaked 6494, pops 0, projectiles 0/0, death fx 0/0, fx 0/0, markers [PlayerLoop=2.82ms, Update.ScriptRunBehaviourUpdate=0.40ms, PreLateUpdate.ScriptRunBehaviourLateUpdate=1.91ms, FixedUpdate.PhysicsFixedUpdate=0.00ms, FixedUpdate.ScriptRunBehaviourFixedUpdate=0.01ms, PreUpdate.PhysicsUpdate=0.00ms, Physics.Simulate=0.11ms, Physics.SyncTransforms=0.17ms, Physics.SendTriggerEvents=0.00ms, Physics.SendContactEvents=0.00ms, ParticleSystem.EndUpdateAll=0.00ms, GC.Collect=0.00ms, Instantiate=0.04ms], by type [Beam Tower=0]
UnityEngine.Debug:ExtractStackTraceNoAlloc (byte*,int,string)
UnityEngine.StackTraceUtility:ExtractStackTrace () (at /Users/bokken/build/output/unity/unity/Runtime/Export/Scripting/StackTrace.cs:35)
UnityEngine.DebugLogHandler:Internal_Log (UnityEngine.LogType,UnityEngine.LogOption,string,UnityEngine.Object)
UnityEngine.DebugLogHandler:LogFormat (UnityEngine.LogType,UnityEngine.Object,string,object[])
UnityEngine.Logger:Log (UnityEngine.LogType,object)
UnityEngine.Debug:Log (object)
PerfScenario:Summarize (PerfScenario/Run,PerfScenario/RunResult,System.Collections.Generic.List`1<Tower>,int) (at Assets/Scripts/Diagnostics/PerfScenario.cs:888)
PerfScenario/<RunOne>d__41:MoveNext () (at Assets/Scripts/Diagnostics/PerfScenario.cs:357)
UnityEngine.SetupCoroutine:InvokeMoveNext (System.Collections.IEnumerator,intptr) (at /Users/bokken/build/output/unity/unity/Runtime/Export/Scripting/Coroutines.cs:17)

(Filename: Assets/Scripts/Diagnostics/PerfScenario.cs Line: 888)

PERF RUN T-BulletDispenser-1x (single, 1x, round 60)
UnityEngine.Debug:ExtractStackTraceNoAlloc (byte*,int,string)
UnityEngine.StackTraceUtility:ExtractStackTrace () (at /Users/bokken/build/output/unity/unity/Runtime/Export/Scripting/StackTrace.cs:35)
UnityEngine.DebugLogHandler:Internal_Log (UnityEngine.LogType,UnityEngine.LogOption,string,UnityEngine.Object)
UnityEngine.DebugLogHandler:LogFormat (UnityEngine.LogType,UnityEngine.Object,string,object[])
UnityEngine.Logger:Log (UnityEngine.LogType,object)
UnityEngine.Debug:Log (object)
PerfScenario/<RunOne>d__41:MoveNext () (at Assets/Scripts/Diagnostics/PerfScenario.cs:273)
UnityEngine.SetupCoroutine:InvokeMoveNext (System.Collections.IEnumerator,intptr) (at /Users/bokken/build/output/unity/unity/Runtime/Export/Scripting/Coroutines.cs:17)

(Filename: Assets/Scripts/Diagnostics/PerfScenario.cs Line: 273)

LightingSettings: switching bake backend from 2 to 1.
Unloading 21 Unused Serialized files (Serialized files now loaded: 0)
UnloadTime: 39.022875 ms
Loaded scene 'Temp/__Backupscenes/0.backup'
	Deserialize:            83.291 ms
	Integration:            198.176 ms
	Integration of assets:  11.361 ms
	Thread Wait Time:       0.792 ms
	Total Operation Time:   293.620 ms
Unloading 8237 unused Assets / (9.8 MB). Loaded Objects now: 18512.
Memory consumption went from 0.61 GB to 0.60 GB.
Total: 14.577750 ms (FindLiveObjects: 0.545166 ms CreateObjectMapping: 1.674292 ms MarkObjects: 8.138708 ms  DeleteObjects: 4.219292 ms)

PERF layout T-BulletDispenser-1x: 154 block spots, 1 towers planned, 1 built
UnityEngine.Debug:ExtractStackTraceNoAlloc (byte*,int,string)
UnityEngine.StackTraceUtility:ExtractStackTrace () (at /Users/bokken/build/output/unity/unity/Runtime/Export/Scripting/StackTrace.cs:35)
UnityEngine.DebugLogHandler:Internal_Log (UnityEngine.LogType,UnityEngine.LogOption,string,UnityEngine.Object)
UnityEngine.DebugLogHandler:LogFormat (UnityEngine.LogType,UnityEngine.Object,string,object[])
UnityEngine.Logger:Log (UnityEngine.LogType,object)
UnityEngine.Debug:Log (object)
PerfScenario/<RunOne>d__41:MoveNext () (at Assets/Scripts/Diagnostics/PerfScenario.cs:314)
UnityEngine.SetupCoroutine:InvokeMoveNext (System.Collections.IEnumerator,intptr) (at /Users/bokken/build/output/unity/unity/Runtime/Export/Scripting/Coroutines.cs:17)

(Filename: Assets/Scripts/Diagnostics/PerfScenario.cs Line: 314)

PERF RESULT T-BulletDispenser-1x: towers 1, frames 16572, frame p50/p95/p99/max 2.6/4.0/4.6/10.3 ms, main p50/p99 2.6/4.6 ms, speed 1.00x, GC steady 100.0% frames (8268738 B, 526 B/frame), damage 139, kills 0, leaked 6494, pops 0, projectiles 540/540, death fx 0/0, fx 672/672, markers [PlayerLoop=2.59ms, Update.ScriptRunBehaviourUpdate=0.34ms, PreLateUpdate.ScriptRunBehaviourLateUpdate=1.83ms, FixedUpdate.PhysicsFixedUpdate=0.00ms, FixedUpdate.ScriptRunBehaviourFixedUpdate=0.00ms, PreUpdate.PhysicsUpdate=0.00ms, Physics.Simulate=0.09ms, Physics.SyncTransforms=0.16ms, Physics.SendTriggerEvents=0.00ms, Physics.SendContactEvents=0.00ms, ParticleSystem.EndUpdateAll=0.01ms, GC.Collect=0.00ms, Instantiate=0.01ms], by type [Bullet Dispenser=139]
UnityEngine.Debug:ExtractStackTraceNoAlloc (byte*,int,string)
UnityEngine.StackTraceUtility:ExtractStackTrace () (at /Users/bokken/build/output/unity/unity/Runtime/Export/Scripting/StackTrace.cs:35)
UnityEngine.DebugLogHandler:Internal_Log (UnityEngine.LogType,UnityEngine.LogOption,string,UnityEngine.Object)
UnityEngine.DebugLogHandler:LogFormat (UnityEngine.LogType,UnityEngine.Object,string,object[])
UnityEngine.Logger:Log (UnityEngine.LogType,object)
UnityEngine.Debug:Log (object)
PerfScenario:Summarize (PerfScenario/Run,PerfScenario/RunResult,System.Collections.Generic.List`1<Tower>,int) (at Assets/Scripts/Diagnostics/PerfScenario.cs:888)
PerfScenario/<RunOne>d__41:MoveNext () (at Assets/Scripts/Diagnostics/PerfScenario.cs:357)
UnityEngine.SetupCoroutine:InvokeMoveNext (System.Collections.IEnumerator,intptr) (at /Users/bokken/build/output/unity/unity/Runtime/Export/Scripting/Coroutines.cs:17)

(Filename: Assets/Scripts/Diagnostics/PerfScenario.cs Line: 888)

PERF RUN T-BulletDispenser-3x (single, 3x, round 60)
UnityEngine.Debug:ExtractStackTraceNoAlloc (byte*,int,string)
UnityEngine.StackTraceUtility:ExtractStackTrace () (at /Users/bokken/build/output/unity/unity/Runtime/Export/Scripting/StackTrace.cs:35)
UnityEngine.DebugLogHandler:Internal_Log (UnityEngine.LogType,UnityEngine.LogOption,string,UnityEngine.Object)
UnityEngine.DebugLogHandler:LogFormat (UnityEngine.LogType,UnityEngine.Object,string,object[])
UnityEngine.Logger:Log (UnityEngine.LogType,object)
UnityEngine.Debug:Log (object)
PerfScenario/<RunOne>d__41:MoveNext () (at Assets/Scripts/Diagnostics/PerfScenario.cs:273)
UnityEngine.SetupCoroutine:InvokeMoveNext (System.Collections.IEnumerator,intptr) (at /Users/bokken/build/output/unity/unity/Runtime/Export/Scripting/Coroutines.cs:17)

(Filename: Assets/Scripts/Diagnostics/PerfScenario.cs Line: 273)

LightingSettings: switching bake backend from 2 to 1.
Unloading 21 Unused Serialized files (Serialized files now loaded: 0)
UnloadTime: 40.163292 ms
Loaded scene 'Temp/__Backupscenes/0.backup'
	Deserialize:            76.906 ms
	Integration:            190.830 ms
	Integration of assets:  9.067 ms
	Thread Wait Time:       0.490 ms
	Total Operation Time:   277.293 ms
Unloading 8237 unused Assets / (10.5 MB). Loaded Objects now: 18512.
Memory consumption went from 0.61 GB to 0.60 GB.
Total: 14.393416 ms (FindLiveObjects: 0.580084 ms CreateObjectMapping: 1.744250 ms MarkObjects: 8.207750 ms  DeleteObjects: 3.861167 ms)

PERF layout T-BulletDispenser-3x: 154 block spots, 1 towers planned, 1 built
UnityEngine.Debug:ExtractStackTraceNoAlloc (byte*,int,string)
UnityEngine.StackTraceUtility:ExtractStackTrace () (at /Users/bokken/build/output/unity/unity/Runtime/Export/Scripting/StackTrace.cs:35)
UnityEngine.DebugLogHandler:Internal_Log (UnityEngine.LogType,UnityEngine.LogOption,string,UnityEngine.Object)
UnityEngine.DebugLogHandler:LogFormat (UnityEngine.LogType,UnityEngine.Object,string,object[])
UnityEngine.Logger:Log (UnityEngine.LogType,object)
UnityEngine.Debug:Log (object)
PerfScenario/<RunOne>d__41:MoveNext () (at Assets/Scripts/Diagnostics/PerfScenario.cs:314)
UnityEngine.SetupCoroutine:InvokeMoveNext (System.Collections.IEnumerator,intptr) (at /Users/bokken/build/output/unity/unity/Runtime/Export/Scripting/Coroutines.cs:17)

(Filename: Assets/Scripts/Diagnostics/PerfScenario.cs Line: 314)

PERF RESULT T-BulletDispenser-3x: towers 1, frames 5777, frame p50/p95/p99/max 2.4/3.8/4.2/9.1 ms, main p50/p99 2.4/4.2 ms, speed 3.00x, GC steady 100.0% frames (2556220 B, 511 B/frame), damage 140, kills 0, leaked 6494, pops 0, projectiles 540/540, death fx 0/0, fx 673/673, markers [PlayerLoop=2.48ms, Update.ScriptRunBehaviourUpdate=0.34ms, PreLateUpdate.ScriptRunBehaviourLateUpdate=1.74ms, FixedUpdate.PhysicsFixedUpdate=0.00ms, FixedUpdate.ScriptRunBehaviourFixedUpdate=0.00ms, PreUpdate.PhysicsUpdate=0.00ms, Physics.Simulate=0.09ms, Physics.SyncTransforms=0.15ms, Physics.SendTriggerEvents=0.00ms, Physics.SendContactEvents=0.00ms, ParticleSystem.EndUpdateAll=0.01ms, GC.Collect=0.00ms, Instantiate=0.02ms], by type [Bullet Dispenser=140]
UnityEngine.Debug:ExtractStackTraceNoAlloc (byte*,int,string)
UnityEngine.StackTraceUtility:ExtractStackTrace () (at /Users/bokken/build/output/unity/unity/Runtime/Export/Scripting/StackTrace.cs:35)
UnityEngine.DebugLogHandler:Internal_Log (UnityEngine.LogType,UnityEngine.LogOption,string,UnityEngine.Object)
UnityEngine.DebugLogHandler:LogFormat (UnityEngine.LogType,UnityEngine.Object,string,object[])
UnityEngine.Logger:Log (UnityEngine.LogType,object)
UnityEngine.Debug:Log (object)
PerfScenario:Summarize (PerfScenario/Run,PerfScenario/RunResult,System.Collections.Generic.List`1<Tower>,int) (at Assets/Scripts/Diagnostics/PerfScenario.cs:888)
PerfScenario/<RunOne>d__41:MoveNext () (at Assets/Scripts/Diagnostics/PerfScenario.cs:357)
UnityEngine.SetupCoroutine:InvokeMoveNext (System.Collections.IEnumerator,intptr) (at /Users/bokken/build/output/unity/unity/Runtime/Export/Scripting/Coroutines.cs:17)

(Filename: Assets/Scripts/Diagnostics/PerfScenario.cs Line: 888)

PERF RUN T-BulletDispenser-5x (single, 5x, round 60)
UnityEngine.Debug:ExtractStackTraceNoAlloc (byte*,int,string)
UnityEngine.StackTraceUtility:ExtractStackTrace () (at /Users/bokken/build/output/unity/unity/Runtime/Export/Scripting/StackTrace.cs:35)
UnityEngine.DebugLogHandler:Internal_Log (UnityEngine.LogType,UnityEngine.LogOption,string,UnityEngine.Object)
UnityEngine.DebugLogHandler:LogFormat (UnityEngine.LogType,UnityEngine.Object,string,object[])
UnityEngine.Logger:Log (UnityEngine.LogType,object)
UnityEngine.Debug:Log (object)
PerfScenario/<RunOne>d__41:MoveNext () (at Assets/Scripts/Diagnostics/PerfScenario.cs:273)
UnityEngine.SetupCoroutine:InvokeMoveNext (System.Collections.IEnumerator,intptr) (at /Users/bokken/build/output/unity/unity/Runtime/Export/Scripting/Coroutines.cs:17)

(Filename: Assets/Scripts/Diagnostics/PerfScenario.cs Line: 273)

LightingSettings: switching bake backend from 2 to 1.
Unloading 21 Unused Serialized files (Serialized files now loaded: 0)
UnloadTime: 34.804084 ms
Loaded scene 'Temp/__Backupscenes/0.backup'
	Deserialize:            75.724 ms
	Integration:            187.626 ms
	Integration of assets:  9.203 ms
	Thread Wait Time:       0.555 ms
	Total Operation Time:   273.107 ms
Unloading 8237 unused Assets / (10.4 MB). Loaded Objects now: 18512.
Memory consumption went from 0.61 GB to 0.60 GB.
Total: 14.460334 ms (FindLiveObjects: 0.596375 ms CreateObjectMapping: 1.755833 ms MarkObjects: 8.215959 ms  DeleteObjects: 3.892042 ms)

PERF layout T-BulletDispenser-5x: 154 block spots, 1 towers planned, 1 built
UnityEngine.Debug:ExtractStackTraceNoAlloc (byte*,int,string)
UnityEngine.StackTraceUtility:ExtractStackTrace () (at /Users/bokken/build/output/unity/unity/Runtime/Export/Scripting/StackTrace.cs:35)
UnityEngine.DebugLogHandler:Internal_Log (UnityEngine.LogType,UnityEngine.LogOption,string,UnityEngine.Object)
UnityEngine.DebugLogHandler:LogFormat (UnityEngine.LogType,UnityEngine.Object,string,object[])
UnityEngine.Logger:Log (UnityEngine.LogType,object)
UnityEngine.Debug:Log (object)
PerfScenario/<RunOne>d__41:MoveNext () (at Assets/Scripts/Diagnostics/PerfScenario.cs:314)
UnityEngine.SetupCoroutine:InvokeMoveNext (System.Collections.IEnumerator,intptr) (at /Users/bokken/build/output/unity/unity/Runtime/Export/Scripting/Coroutines.cs:17)

(Filename: Assets/Scripts/Diagnostics/PerfScenario.cs Line: 314)

PERF RESULT T-BulletDispenser-5x: towers 1, frames 3089, frame p50/p95/p99/max 2.9/4.0/4.5/9.3 ms, main p50/p99 2.9/4.5 ms, speed 5.00x, GC steady 100.0% frames (1332048 B, 563 B/frame), damage 139, kills 0, leaked 6494, pops 0, projectiles 540/540, death fx 0/0, fx 672/672, markers [PlayerLoop=2.77ms, Update.ScriptRunBehaviourUpdate=0.40ms, PreLateUpdate.ScriptRunBehaviourLateUpdate=1.90ms, FixedUpdate.PhysicsFixedUpdate=0.00ms, FixedUpdate.ScriptRunBehaviourFixedUpdate=0.00ms, PreUpdate.PhysicsUpdate=0.00ms, Physics.Simulate=0.11ms, Physics.SyncTransforms=0.16ms, Physics.SendTriggerEvents=0.00ms, Physics.SendContactEvents=0.00ms, ParticleSystem.EndUpdateAll=0.01ms, GC.Collect=0.00ms, Instantiate=0.04ms], by type [Bullet Dispenser=139]
UnityEngine.Debug:ExtractStackTraceNoAlloc (byte*,int,string)
UnityEngine.StackTraceUtility:ExtractStackTrace () (at /Users/bokken/build/output/unity/unity/Runtime/Export/Scripting/StackTrace.cs:35)
UnityEngine.DebugLogHandler:Internal_Log (UnityEngine.LogType,UnityEngine.LogOption,string,UnityEngine.Object)
UnityEngine.DebugLogHandler:LogFormat (UnityEngine.LogType,UnityEngine.Object,string,object[])
UnityEngine.Logger:Log (UnityEngine.LogType,object)
UnityEngine.Debug:Log (object)
PerfScenario:Summarize (PerfScenario/Run,PerfScenario/RunResult,System.Collections.Generic.List`1<Tower>,int) (at Assets/Scripts/Diagnostics/PerfScenario.cs:888)
PerfScenario/<RunOne>d__41:MoveNext () (at Assets/Scripts/Diagnostics/PerfScenario.cs:357)
UnityEngine.SetupCoroutine:InvokeMoveNext (System.Collections.IEnumerator,intptr) (at /Users/bokken/build/output/unity/unity/Runtime/Export/Scripting/Coroutines.cs:17)

(Filename: Assets/Scripts/Diagnostics/PerfScenario.cs Line: 888)

PERF RUN T-Hangar-1x (single, 1x, round 60)
UnityEngine.Debug:ExtractStackTraceNoAlloc (byte*,int,string)
UnityEngine.StackTraceUtility:ExtractStackTrace () (at /Users/bokken/build/output/unity/unity/Runtime/Export/Scripting/StackTrace.cs:35)
UnityEngine.DebugLogHandler:Internal_Log (UnityEngine.LogType,UnityEngine.LogOption,string,UnityEngine.Object)
UnityEngine.DebugLogHandler:LogFormat (UnityEngine.LogType,UnityEngine.Object,string,object[])
UnityEngine.Logger:Log (UnityEngine.LogType,object)
UnityEngine.Debug:Log (object)
PerfScenario/<RunOne>d__41:MoveNext () (at Assets/Scripts/Diagnostics/PerfScenario.cs:273)
UnityEngine.SetupCoroutine:InvokeMoveNext (System.Collections.IEnumerator,intptr) (at /Users/bokken/build/output/unity/unity/Runtime/Export/Scripting/Coroutines.cs:17)

(Filename: Assets/Scripts/Diagnostics/PerfScenario.cs Line: 273)

LightingSettings: switching bake backend from 2 to 1.
Unloading 21 Unused Serialized files (Serialized files now loaded: 0)
UnloadTime: 35.729583 ms
Loaded scene 'Temp/__Backupscenes/0.backup'
	Deserialize:            78.362 ms
	Integration:            188.319 ms
	Integration of assets:  9.128 ms
	Thread Wait Time:       0.645 ms
	Total Operation Time:   276.454 ms
Unloading 8237 unused Assets / (10.1 MB). Loaded Objects now: 18512.
Memory consumption went from 0.61 GB to 0.60 GB.
Total: 14.360000 ms (FindLiveObjects: 0.589500 ms CreateObjectMapping: 1.729875 ms MarkObjects: 7.962167 ms  DeleteObjects: 4.078209 ms)

PERF layout T-Hangar-1x: 154 block spots, 1 towers planned, 1 built
UnityEngine.Debug:ExtractStackTraceNoAlloc (byte*,int,string)
UnityEngine.StackTraceUtility:ExtractStackTrace () (at /Users/bokken/build/output/unity/unity/Runtime/Export/Scripting/StackTrace.cs:35)
UnityEngine.DebugLogHandler:Internal_Log (UnityEngine.LogType,UnityEngine.LogOption,string,UnityEngine.Object)
UnityEngine.DebugLogHandler:LogFormat (UnityEngine.LogType,UnityEngine.Object,string,object[])
UnityEngine.Logger:Log (UnityEngine.LogType,object)
UnityEngine.Debug:Log (object)
PerfScenario/<RunOne>d__41:MoveNext () (at Assets/Scripts/Diagnostics/PerfScenario.cs:314)
UnityEngine.SetupCoroutine:InvokeMoveNext (System.Collections.IEnumerator,intptr) (at /Users/bokken/build/output/unity/unity/Runtime/Export/Scripting/Coroutines.cs:17)

(Filename: Assets/Scripts/Diagnostics/PerfScenario.cs Line: 314)

PERF RESULT T-Hangar-1x: towers 1, frames 20414, frame p50/p95/p99/max 2.6/4.0/4.5/13.8 ms, main p50/p99 2.6/4.5 ms, speed 1.00x, GC steady 100.0% frames (13124220 B, 673 B/frame), damage 567, kills 0, leaked 6464, pops 30, projectiles 170/170, death fx 35/35, fx 440/440, markers [PlayerLoop=2.51ms, Update.ScriptRunBehaviourUpdate=0.34ms, PreLateUpdate.ScriptRunBehaviourLateUpdate=1.80ms, FixedUpdate.PhysicsFixedUpdate=0.00ms, FixedUpdate.ScriptRunBehaviourFixedUpdate=0.00ms, PreUpdate.PhysicsUpdate=0.00ms, Physics.Simulate=0.09ms, Physics.SyncTransforms=0.13ms, Physics.SendTriggerEvents=0.00ms, Physics.SendContactEvents=0.00ms, ParticleSystem.EndUpdateAll=0.00ms, GC.Collect=0.00ms, Instantiate=0.01ms], by type [Hangar=567]
UnityEngine.Debug:ExtractStackTraceNoAlloc (byte*,int,string)
UnityEngine.StackTraceUtility:ExtractStackTrace () (at /Users/bokken/build/output/unity/unity/Runtime/Export/Scripting/StackTrace.cs:35)
UnityEngine.DebugLogHandler:Internal_Log (UnityEngine.LogType,UnityEngine.LogOption,string,UnityEngine.Object)
UnityEngine.DebugLogHandler:LogFormat (UnityEngine.LogType,UnityEngine.Object,string,object[])
UnityEngine.Logger:Log (UnityEngine.LogType,object)
UnityEngine.Debug:Log (object)
PerfScenario:Summarize (PerfScenario/Run,PerfScenario/RunResult,System.Collections.Generic.List`1<Tower>,int) (at Assets/Scripts/Diagnostics/PerfScenario.cs:888)
PerfScenario/<RunOne>d__41:MoveNext () (at Assets/Scripts/Diagnostics/PerfScenario.cs:357)
UnityEngine.SetupCoroutine:InvokeMoveNext (System.Collections.IEnumerator,intptr) (at /Users/bokken/build/output/unity/unity/Runtime/Export/Scripting/Coroutines.cs:17)

(Filename: Assets/Scripts/Diagnostics/PerfScenario.cs Line: 888)

PERF RUN T-Hangar-3x (single, 3x, round 60)
UnityEngine.Debug:ExtractStackTraceNoAlloc (byte*,int,string)
UnityEngine.StackTraceUtility:ExtractStackTrace () (at /Users/bokken/build/output/unity/unity/Runtime/Export/Scripting/StackTrace.cs:35)
UnityEngine.DebugLogHandler:Internal_Log (UnityEngine.LogType,UnityEngine.LogOption,string,UnityEngine.Object)
UnityEngine.DebugLogHandler:LogFormat (UnityEngine.LogType,UnityEngine.Object,string,object[])
UnityEngine.Logger:Log (UnityEngine.LogType,object)
UnityEngine.Debug:Log (object)
PerfScenario/<RunOne>d__41:MoveNext () (at Assets/Scripts/Diagnostics/PerfScenario.cs:273)
UnityEngine.SetupCoroutine:InvokeMoveNext (System.Collections.IEnumerator,intptr) (at /Users/bokken/build/output/unity/unity/Runtime/Export/Scripting/Coroutines.cs:17)

(Filename: Assets/Scripts/Diagnostics/PerfScenario.cs Line: 273)

LightingSettings: switching bake backend from 2 to 1.
Unloading 28 Unused Serialized files (Serialized files now loaded: 0)
UnloadTime: 40.792125 ms
Loaded scene 'Temp/__Backupscenes/0.backup'
	Deserialize:            94.974 ms
	Integration:            195.442 ms
	Integration of assets:  9.776 ms
	Thread Wait Time:       0.787 ms
	Total Operation Time:   300.979 ms
Unloading 8238 unused Assets / (6.3 MB). Loaded Objects now: 18518.
Memory consumption went from 0.62 GB to 0.61 GB.
Total: 14.218000 ms (FindLiveObjects: 0.612625 ms CreateObjectMapping: 1.725834 ms MarkObjects: 7.956250 ms  DeleteObjects: 3.923291 ms)

PERF layout T-Hangar-3x: 154 block spots, 1 towers planned, 1 built
UnityEngine.Debug:ExtractStackTraceNoAlloc (byte*,int,string)
UnityEngine.StackTraceUtility:ExtractStackTrace () (at /Users/bokken/build/output/unity/unity/Runtime/Export/Scripting/StackTrace.cs:35)
UnityEngine.DebugLogHandler:Internal_Log (UnityEngine.LogType,UnityEngine.LogOption,string,UnityEngine.Object)
UnityEngine.DebugLogHandler:LogFormat (UnityEngine.LogType,UnityEngine.Object,string,object[])
UnityEngine.Logger:Log (UnityEngine.LogType,object)
UnityEngine.Debug:Log (object)
PerfScenario/<RunOne>d__41:MoveNext () (at Assets/Scripts/Diagnostics/PerfScenario.cs:314)
UnityEngine.SetupCoroutine:InvokeMoveNext (System.Collections.IEnumerator,intptr) (at /Users/bokken/build/output/unity/unity/Runtime/Export/Scripting/Coroutines.cs:17)

(Filename: Assets/Scripts/Diagnostics/PerfScenario.cs Line: 314)

PERF RESULT T-Hangar-3x: towers 1, frames 7333, frame p50/p95/p99/max 2.4/3.6/4.1/5.9 ms, main p50/p99 2.4/4.1 ms, speed 3.00x, GC steady 100.0% frames (4323268 B, 676 B/frame), damage 687, kills 0, leaked 6458, pops 36, projectiles 200/200, death fx 0/40, fx 527/527, markers [PlayerLoop=2.33ms, Update.ScriptRunBehaviourUpdate=0.32ms, PreLateUpdate.ScriptRunBehaviourLateUpdate=1.68ms, FixedUpdate.PhysicsFixedUpdate=0.00ms, FixedUpdate.ScriptRunBehaviourFixedUpdate=0.00ms, PreUpdate.PhysicsUpdate=0.00ms, Physics.Simulate=0.09ms, Physics.SyncTransforms=0.12ms, Physics.SendTriggerEvents=0.00ms, Physics.SendContactEvents=0.00ms, ParticleSystem.EndUpdateAll=0.00ms, GC.Collect=0.00ms, Instantiate=0.02ms], by type [Hangar=687]
UnityEngine.Debug:ExtractStackTraceNoAlloc (byte*,int,string)
UnityEngine.StackTraceUtility:ExtractStackTrace () (at /Users/bokken/build/output/unity/unity/Runtime/Export/Scripting/StackTrace.cs:35)
UnityEngine.DebugLogHandler:Internal_Log (UnityEngine.LogType,UnityEngine.LogOption,string,UnityEngine.Object)
UnityEngine.DebugLogHandler:LogFormat (UnityEngine.LogType,UnityEngine.Object,string,object[])
UnityEngine.Logger:Log (UnityEngine.LogType,object)
UnityEngine.Debug:Log (object)
PerfScenario:Summarize (PerfScenario/Run,PerfScenario/RunResult,System.Collections.Generic.List`1<Tower>,int) (at Assets/Scripts/Diagnostics/PerfScenario.cs:888)
PerfScenario/<RunOne>d__41:MoveNext () (at Assets/Scripts/Diagnostics/PerfScenario.cs:357)
UnityEngine.SetupCoroutine:InvokeMoveNext (System.Collections.IEnumerator,intptr) (at /Users/bokken/build/output/unity/unity/Runtime/Export/Scripting/Coroutines.cs:17)

(Filename: Assets/Scripts/Diagnostics/PerfScenario.cs Line: 888)

PERF RUN T-Hangar-5x (single, 5x, round 60)
UnityEngine.Debug:ExtractStackTraceNoAlloc (byte*,int,string)
UnityEngine.StackTraceUtility:ExtractStackTrace () (at /Users/bokken/build/output/unity/unity/Runtime/Export/Scripting/StackTrace.cs:35)
UnityEngine.DebugLogHandler:Internal_Log (UnityEngine.LogType,UnityEngine.LogOption,string,UnityEngine.Object)
UnityEngine.DebugLogHandler:LogFormat (UnityEngine.LogType,UnityEngine.Object,string,object[])
UnityEngine.Logger:Log (UnityEngine.LogType,object)
UnityEngine.Debug:Log (object)
PerfScenario/<RunOne>d__41:MoveNext () (at Assets/Scripts/Diagnostics/PerfScenario.cs:273)
UnityEngine.SetupCoroutine:InvokeMoveNext (System.Collections.IEnumerator,intptr) (at /Users/bokken/build/output/unity/unity/Runtime/Export/Scripting/Coroutines.cs:17)

(Filename: Assets/Scripts/Diagnostics/PerfScenario.cs Line: 273)

LightingSettings: switching bake backend from 2 to 1.
Unloading 21 Unused Serialized files (Serialized files now loaded: 0)
UnloadTime: 33.722250 ms
Loaded scene 'Temp/__Backupscenes/0.backup'
	Deserialize:            74.664 ms
	Integration:            182.586 ms
	Integration of assets:  8.998 ms
	Thread Wait Time:       0.570 ms
	Total Operation Time:   266.818 ms
Unloading 8237 unused Assets / (10.3 MB). Loaded Objects now: 18518.
Memory consumption went from 0.62 GB to 0.61 GB.
Total: 14.534208 ms (FindLiveObjects: 0.634166 ms CreateObjectMapping: 1.678750 ms MarkObjects: 8.260292 ms  DeleteObjects: 3.960750 ms)

PERF layout T-Hangar-5x: 154 block spots, 1 towers planned, 1 built
UnityEngine.Debug:ExtractStackTraceNoAlloc (byte*,int,string)
UnityEngine.StackTraceUtility:ExtractStackTrace () (at /Users/bokken/build/output/unity/unity/Runtime/Export/Scripting/StackTrace.cs:35)
UnityEngine.DebugLogHandler:Internal_Log (UnityEngine.LogType,UnityEngine.LogOption,string,UnityEngine.Object)
UnityEngine.DebugLogHandler:LogFormat (UnityEngine.LogType,UnityEngine.Object,string,object[])
UnityEngine.Logger:Log (UnityEngine.LogType,object)
UnityEngine.Debug:Log (object)
PerfScenario/<RunOne>d__41:MoveNext () (at Assets/Scripts/Diagnostics/PerfScenario.cs:314)
UnityEngine.SetupCoroutine:InvokeMoveNext (System.Collections.IEnumerator,intptr) (at /Users/bokken/build/output/unity/unity/Runtime/Export/Scripting/Coroutines.cs:17)

(Filename: Assets/Scripts/Diagnostics/PerfScenario.cs Line: 314)

PERF RESULT T-Hangar-5x: towers 1, frames 3738, frame p50/p95/p99/max 2.6/3.5/4.1/7.0 ms, main p50/p99 2.6/4.1 ms, speed 5.00x, GC steady 100.0% frames (2013134 B, 693 B/frame), damage 563, kills 0, leaked 6464, pops 30, projectiles 152/152, death fx 0/34, fx 420/420, markers [PlayerLoop=2.47ms, Update.ScriptRunBehaviourUpdate=0.38ms, PreLateUpdate.ScriptRunBehaviourLateUpdate=1.71ms, FixedUpdate.PhysicsFixedUpdate=0.00ms, FixedUpdate.ScriptRunBehaviourFixedUpdate=0.00ms, PreUpdate.PhysicsUpdate=0.00ms, Physics.Simulate=0.09ms, Physics.SyncTransforms=0.13ms, Physics.SendTriggerEvents=0.00ms, Physics.SendContactEvents=0.00ms, ParticleSystem.EndUpdateAll=0.00ms, GC.Collect=0.00ms, Instantiate=0.03ms], by type [Hangar=563]
UnityEngine.Debug:ExtractStackTraceNoAlloc (byte*,int,string)
UnityEngine.StackTraceUtility:ExtractStackTrace () (at /Users/bokken/build/output/unity/unity/Runtime/Export/Scripting/StackTrace.cs:35)
UnityEngine.DebugLogHandler:Internal_Log (UnityEngine.LogType,UnityEngine.LogOption,string,UnityEngine.Object)
UnityEngine.DebugLogHandler:LogFormat (UnityEngine.LogType,UnityEngine.Object,string,object[])
UnityEngine.Logger:Log (UnityEngine.LogType,object)
UnityEngine.Debug:Log (object)
PerfScenario:Summarize (PerfScenario/Run,PerfScenario/RunResult,System.Collections.Generic.List`1<Tower>,int) (at Assets/Scripts/Diagnostics/PerfScenario.cs:888)
PerfScenario/<RunOne>d__41:MoveNext () (at Assets/Scripts/Diagnostics/PerfScenario.cs:357)
UnityEngine.SetupCoroutine:InvokeMoveNext (System.Collections.IEnumerator,intptr) (at /Users/bokken/build/output/unity/unity/Runtime/Export/Scripting/Coroutines.cs:17)

(Filename: Assets/Scripts/Diagnostics/PerfScenario.cs Line: 888)

PERF RUN T-MineFactory-1x (single, 1x, round 60)
UnityEngine.Debug:ExtractStackTraceNoAlloc (byte*,int,string)
UnityEngine.StackTraceUtility:ExtractStackTrace () (at /Users/bokken/build/output/unity/unity/Runtime/Export/Scripting/StackTrace.cs:35)
UnityEngine.DebugLogHandler:Internal_Log (UnityEngine.LogType,UnityEngine.LogOption,string,UnityEngine.Object)
UnityEngine.DebugLogHandler:LogFormat (UnityEngine.LogType,UnityEngine.Object,string,object[])
UnityEngine.Logger:Log (UnityEngine.LogType,object)
UnityEngine.Debug:Log (object)
PerfScenario/<RunOne>d__41:MoveNext () (at Assets/Scripts/Diagnostics/PerfScenario.cs:273)
UnityEngine.SetupCoroutine:InvokeMoveNext (System.Collections.IEnumerator,intptr) (at /Users/bokken/build/output/unity/unity/Runtime/Export/Scripting/Coroutines.cs:17)

(Filename: Assets/Scripts/Diagnostics/PerfScenario.cs Line: 273)

LightingSettings: switching bake backend from 2 to 1.
Unloading 21 Unused Serialized files (Serialized files now loaded: 0)
UnloadTime: 40.618042 ms
Loaded scene 'Temp/__Backupscenes/0.backup'
	Deserialize:            80.954 ms
	Integration:            193.987 ms
	Integration of assets:  8.943 ms
	Thread Wait Time:       0.072 ms
	Total Operation Time:   283.955 ms
Unloading 8237 unused Assets / (10.1 MB). Loaded Objects now: 18518.
Memory consumption went from 0.62 GB to 0.61 GB.
Total: 15.408084 ms (FindLiveObjects: 0.675209 ms CreateObjectMapping: 1.846583 ms MarkObjects: 8.537250 ms  DeleteObjects: 4.348959 ms)

PERF layout T-MineFactory-1x: 154 block spots, 1 towers planned, 1 built
UnityEngine.Debug:ExtractStackTraceNoAlloc (byte*,int,string)
UnityEngine.StackTraceUtility:ExtractStackTrace () (at /Users/bokken/build/output/unity/unity/Runtime/Export/Scripting/StackTrace.cs:35)
UnityEngine.DebugLogHandler:Internal_Log (UnityEngine.LogType,UnityEngine.LogOption,string,UnityEngine.Object)
UnityEngine.DebugLogHandler:LogFormat (UnityEngine.LogType,UnityEngine.Object,string,object[])
UnityEngine.Logger:Log (UnityEngine.LogType,object)
UnityEngine.Debug:Log (object)
PerfScenario/<RunOne>d__41:MoveNext () (at Assets/Scripts/Diagnostics/PerfScenario.cs:314)
UnityEngine.SetupCoroutine:InvokeMoveNext (System.Collections.IEnumerator,intptr) (at /Users/bokken/build/output/unity/unity/Runtime/Export/Scripting/Coroutines.cs:17)

(Filename: Assets/Scripts/Diagnostics/PerfScenario.cs Line: 314)

PERF RESULT T-MineFactory-1x: towers 1, frames 17280, frame p50/p95/p99/max 2.5/3.4/3.8/14.0 ms, main p50/p99 2.5/3.8 ms, speed 1.00x, GC steady 100.0% frames (8617717 B, 528 B/frame), damage 14934, kills 0, leaked 4993, pops 1501, projectiles 0/0, death fx 389/1679, fx 73/73, markers [PlayerLoop=2.38ms, Update.ScriptRunBehaviourUpdate=0.31ms, PreLateUpdate.ScriptRunBehaviourLateUpdate=1.71ms, FixedUpdate.PhysicsFixedUpdate=0.00ms, FixedUpdate.ScriptRunBehaviourFixedUpdate=0.00ms, PreUpdate.PhysicsUpdate=0.00ms, Physics.Simulate=0.09ms, Physics.SyncTransforms=0.13ms, Physics.SendTriggerEvents=0.00ms, Physics.SendContactEvents=0.00ms, ParticleSystem.EndUpdateAll=0.00ms, GC.Collect=0.00ms, Instantiate=0.01ms], by type [Mine Factory=14934]
UnityEngine.Debug:ExtractStackTraceNoAlloc (byte*,int,string)
UnityEngine.StackTraceUtility:ExtractStackTrace () (at /Users/bokken/build/output/unity/unity/Runtime/Export/Scripting/StackTrace.cs:35)
UnityEngine.DebugLogHandler:Internal_Log (UnityEngine.LogType,UnityEngine.LogOption,string,UnityEngine.Object)
UnityEngine.DebugLogHandler:LogFormat (UnityEngine.LogType,UnityEngine.Object,string,object[])
UnityEngine.Logger:Log (UnityEngine.LogType,object)
UnityEngine.Debug:Log (object)
PerfScenario:Summarize (PerfScenario/Run,PerfScenario/RunResult,System.Collections.Generic.List`1<Tower>,int) (at Assets/Scripts/Diagnostics/PerfScenario.cs:888)
PerfScenario/<RunOne>d__41:MoveNext () (at Assets/Scripts/Diagnostics/PerfScenario.cs:357)
UnityEngine.SetupCoroutine:InvokeMoveNext (System.Collections.IEnumerator,intptr) (at /Users/bokken/build/output/unity/unity/Runtime/Export/Scripting/Coroutines.cs:17)

(Filename: Assets/Scripts/Diagnostics/PerfScenario.cs Line: 888)

PERF RUN T-MineFactory-3x (single, 3x, round 60)
UnityEngine.Debug:ExtractStackTraceNoAlloc (byte*,int,string)
UnityEngine.StackTraceUtility:ExtractStackTrace () (at /Users/bokken/build/output/unity/unity/Runtime/Export/Scripting/StackTrace.cs:35)
UnityEngine.DebugLogHandler:Internal_Log (UnityEngine.LogType,UnityEngine.LogOption,string,UnityEngine.Object)
UnityEngine.DebugLogHandler:LogFormat (UnityEngine.LogType,UnityEngine.Object,string,object[])
UnityEngine.Logger:Log (UnityEngine.LogType,object)
UnityEngine.Debug:Log (object)
PerfScenario/<RunOne>d__41:MoveNext () (at Assets/Scripts/Diagnostics/PerfScenario.cs:273)
UnityEngine.SetupCoroutine:InvokeMoveNext (System.Collections.IEnumerator,intptr) (at /Users/bokken/build/output/unity/unity/Runtime/Export/Scripting/Coroutines.cs:17)

(Filename: Assets/Scripts/Diagnostics/PerfScenario.cs Line: 273)

LightingSettings: switching bake backend from 2 to 1.
Unloading 24 Unused Serialized files (Serialized files now loaded: 0)
UnloadTime: 41.584958 ms
Loaded scene 'Temp/__Backupscenes/0.backup'
	Deserialize:            86.862 ms
	Integration:            198.529 ms
	Integration of assets:  9.887 ms
	Thread Wait Time:       0.705 ms
	Total Operation Time:   295.983 ms
Unloading 8238 unused Assets / (10.3 MB). Loaded Objects now: 18520.
Memory consumption went from 0.62 GB to 0.61 GB.
Total: 14.228958 ms (FindLiveObjects: 0.598708 ms CreateObjectMapping: 1.703792 ms MarkObjects: 8.008458 ms  DeleteObjects: 3.917958 ms)

PERF layout T-MineFactory-3x: 154 block spots, 1 towers planned, 1 built
UnityEngine.Debug:ExtractStackTraceNoAlloc (byte*,int,string)
UnityEngine.StackTraceUtility:ExtractStackTrace () (at /Users/bokken/build/output/unity/unity/Runtime/Export/Scripting/StackTrace.cs:35)
UnityEngine.DebugLogHandler:Internal_Log (UnityEngine.LogType,UnityEngine.LogOption,string,UnityEngine.Object)
UnityEngine.DebugLogHandler:LogFormat (UnityEngine.LogType,UnityEngine.Object,string,object[])
UnityEngine.Logger:Log (UnityEngine.LogType,object)
UnityEngine.Debug:Log (object)
PerfScenario/<RunOne>d__41:MoveNext () (at Assets/Scripts/Diagnostics/PerfScenario.cs:314)
UnityEngine.SetupCoroutine:InvokeMoveNext (System.Collections.IEnumerator,intptr) (at /Users/bokken/build/output/unity/unity/Runtime/Export/Scripting/Coroutines.cs:17)

(Filename: Assets/Scripts/Diagnostics/PerfScenario.cs Line: 314)

PERF RESULT T-MineFactory-3x: towers 1, frames 5114, frame p50/p95/p99/max 2.8/3.6/4.0/6.1 ms, main p50/p99 2.8/4.0 ms, speed 3.00x, GC steady 100.0% frames (2170893 B, 503 B/frame), damage 14979, kills 0, leaked 4984, pops 1510, projectiles 0/0, death fx 0/1688, fx 73/73, markers [PlayerLoop=2.67ms, Update.ScriptRunBehaviourUpdate=0.38ms, PreLateUpdate.ScriptRunBehaviourLateUpdate=1.87ms, FixedUpdate.PhysicsFixedUpdate=0.00ms, FixedUpdate.ScriptRunBehaviourFixedUpdate=0.00ms, PreUpdate.PhysicsUpdate=0.00ms, Physics.Simulate=0.10ms, Physics.SyncTransforms=0.15ms, Physics.SendTriggerEvents=0.00ms, Physics.SendContactEvents=0.00ms, ParticleSystem.EndUpdateAll=0.00ms, GC.Collect=0.00ms, Instantiate=0.02ms], by type [Mine Factory=14979]
UnityEngine.Debug:ExtractStackTraceNoAlloc (byte*,int,string)
UnityEngine.StackTraceUtility:ExtractStackTrace () (at /Users/bokken/build/output/unity/unity/Runtime/Export/Scripting/StackTrace.cs:35)
UnityEngine.DebugLogHandler:Internal_Log (UnityEngine.LogType,UnityEngine.LogOption,string,UnityEngine.Object)
UnityEngine.DebugLogHandler:LogFormat (UnityEngine.LogType,UnityEngine.Object,string,object[])
UnityEngine.Logger:Log (UnityEngine.LogType,object)
UnityEngine.Debug:Log (object)
PerfScenario:Summarize (PerfScenario/Run,PerfScenario/RunResult,System.Collections.Generic.List`1<Tower>,int) (at Assets/Scripts/Diagnostics/PerfScenario.cs:888)
PerfScenario/<RunOne>d__41:MoveNext () (at Assets/Scripts/Diagnostics/PerfScenario.cs:357)
UnityEngine.SetupCoroutine:InvokeMoveNext (System.Collections.IEnumerator,intptr) (at /Users/bokken/build/output/unity/unity/Runtime/Export/Scripting/Coroutines.cs:17)

(Filename: Assets/Scripts/Diagnostics/PerfScenario.cs Line: 888)

PERF RUN T-MineFactory-5x (single, 5x, round 60)
UnityEngine.Debug:ExtractStackTraceNoAlloc (byte*,int,string)
UnityEngine.StackTraceUtility:ExtractStackTrace () (at /Users/bokken/build/output/unity/unity/Runtime/Export/Scripting/StackTrace.cs:35)
UnityEngine.DebugLogHandler:Internal_Log (UnityEngine.LogType,UnityEngine.LogOption,string,UnityEngine.Object)
UnityEngine.DebugLogHandler:LogFormat (UnityEngine.LogType,UnityEngine.Object,string,object[])
UnityEngine.Logger:Log (UnityEngine.LogType,object)
UnityEngine.Debug:Log (object)
PerfScenario/<RunOne>d__41:MoveNext () (at Assets/Scripts/Diagnostics/PerfScenario.cs:273)
UnityEngine.SetupCoroutine:InvokeMoveNext (System.Collections.IEnumerator,intptr) (at /Users/bokken/build/output/unity/unity/Runtime/Export/Scripting/Coroutines.cs:17)

(Filename: Assets/Scripts/Diagnostics/PerfScenario.cs Line: 273)

LightingSettings: switching bake backend from 2 to 1.
Unloading 21 Unused Serialized files (Serialized files now loaded: 0)
UnloadTime: 33.997584 ms
Loaded scene 'Temp/__Backupscenes/0.backup'
	Deserialize:            84.237 ms
	Integration:            182.611 ms
	Integration of assets:  8.962 ms
	Thread Wait Time:       0.677 ms
	Total Operation Time:   276.488 ms
Unloading 8237 unused Assets / (10.3 MB). Loaded Objects now: 18520.
Memory consumption went from 0.62 GB to 0.61 GB.
Total: 14.259958 ms (FindLiveObjects: 0.596709 ms CreateObjectMapping: 1.724833 ms MarkObjects: 7.943375 ms  DeleteObjects: 3.994833 ms)

PERF layout T-MineFactory-5x: 154 block spots, 1 towers planned, 1 built
UnityEngine.Debug:ExtractStackTraceNoAlloc (byte*,int,string)
UnityEngine.StackTraceUtility:ExtractStackTrace () (at /Users/bokken/build/output/unity/unity/Runtime/Export/Scripting/StackTrace.cs:35)
UnityEngine.DebugLogHandler:Internal_Log (UnityEngine.LogType,UnityEngine.LogOption,string,UnityEngine.Object)
UnityEngine.DebugLogHandler:LogFormat (UnityEngine.LogType,UnityEngine.Object,string,object[])
UnityEngine.Logger:Log (UnityEngine.LogType,object)
UnityEngine.Debug:Log (object)
PerfScenario/<RunOne>d__41:MoveNext () (at Assets/Scripts/Diagnostics/PerfScenario.cs:314)
UnityEngine.SetupCoroutine:InvokeMoveNext (System.Collections.IEnumerator,intptr) (at /Users/bokken/build/output/unity/unity/Runtime/Export/Scripting/Coroutines.cs:17)

(Filename: Assets/Scripts/Diagnostics/PerfScenario.cs Line: 314)

PERF RESULT T-MineFactory-5x: towers 1, frames 3068, frame p50/p95/p99/max 2.8/3.6/4.0/4.6 ms, main p50/p99 2.8/4.0 ms, speed 5.00x, GC steady 100.0% frames (1223767 B, 518 B/frame), damage 15030, kills 0, leaked 4975, pops 1519, projectiles 0/0, death fx 0/1697, fx 73/73, markers [PlayerLoop=2.67ms, Update.ScriptRunBehaviourUpdate=0.40ms, PreLateUpdate.ScriptRunBehaviourLateUpdate=1.84ms, FixedUpdate.PhysicsFixedUpdate=0.00ms, FixedUpdate.ScriptRunBehaviourFixedUpdate=0.00ms, PreUpdate.PhysicsUpdate=0.00ms, Physics.Simulate=0.10ms, Physics.SyncTransforms=0.15ms, Physics.SendTriggerEvents=0.00ms, Physics.SendContactEvents=0.00ms, ParticleSystem.EndUpdateAll=0.00ms, GC.Collect=0.00ms, Instantiate=0.04ms], by type [Mine Factory=15030]
UnityEngine.Debug:ExtractStackTraceNoAlloc (byte*,int,string)
UnityEngine.StackTraceUtility:ExtractStackTrace () (at /Users/bokken/build/output/unity/unity/Runtime/Export/Scripting/StackTrace.cs:35)
UnityEngine.DebugLogHandler:Internal_Log (UnityEngine.LogType,UnityEngine.LogOption,string,UnityEngine.Object)
UnityEngine.DebugLogHandler:LogFormat (UnityEngine.LogType,UnityEngine.Object,string,object[])
UnityEngine.Logger:Log (UnityEngine.LogType,object)
UnityEngine.Debug:Log (object)
PerfScenario:Summarize (PerfScenario/Run,PerfScenario/RunResult,System.Collections.Generic.List`1<Tower>,int) (at Assets/Scripts/Diagnostics/PerfScenario.cs:888)
PerfScenario/<RunOne>d__41:MoveNext () (at Assets/Scripts/Diagnostics/PerfScenario.cs:357)
UnityEngine.SetupCoroutine:InvokeMoveNext (System.Collections.IEnumerator,intptr) (at /Users/bokken/build/output/unity/unity/Runtime/Export/Scripting/Coroutines.cs:17)

(Filename: Assets/Scripts/Diagnostics/PerfScenario.cs Line: 888)

PERF PARITY T-Default-3x damage: 480 vs 480 at 1x (+0.0%)
UnityEngine.Debug:ExtractStackTraceNoAlloc (byte*,int,string)
UnityEngine.StackTraceUtility:ExtractStackTrace () (at /Users/bokken/build/output/unity/unity/Runtime/Export/Scripting/StackTrace.cs:35)
UnityEngine.DebugLogHandler:Internal_Log (UnityEngine.LogType,UnityEngine.LogOption,string,UnityEngine.Object)
UnityEngine.DebugLogHandler:LogFormat (UnityEngine.LogType,UnityEngine.Object,string,object[])
UnityEngine.Logger:Log (UnityEngine.LogType,object)
UnityEngine.Debug:Log (object)
PerfScenario:CompareParity (PerfScenario/RunResult,string,single,single,single,bool) (at Assets/Scripts/Diagnostics/PerfScenario.cs:959)
PerfScenario:EvaluateParity () (at Assets/Scripts/Diagnostics/PerfScenario.cs:934)
PerfScenario/<Start>d__40:MoveNext () (at Assets/Scripts/Diagnostics/PerfScenario.cs:265)
UnityEngine.SetupCoroutine:InvokeMoveNext (System.Collections.IEnumerator,intptr) (at /Users/bokken/build/output/unity/unity/Runtime/Export/Scripting/Coroutines.cs:17)

(Filename: Assets/Scripts/Diagnostics/PerfScenario.cs Line: 959)

PERF PARITY T-Default-3x Laser Tower damage: 480 vs 480 at 1x (+0.0%)
UnityEngine.Debug:ExtractStackTraceNoAlloc (byte*,int,string)
UnityEngine.StackTraceUtility:ExtractStackTrace () (at /Users/bokken/build/output/unity/unity/Runtime/Export/Scripting/StackTrace.cs:35)
UnityEngine.DebugLogHandler:Internal_Log (UnityEngine.LogType,UnityEngine.LogOption,string,UnityEngine.Object)
UnityEngine.DebugLogHandler:LogFormat (UnityEngine.LogType,UnityEngine.Object,string,object[])
UnityEngine.Logger:Log (UnityEngine.LogType,object)
UnityEngine.Debug:Log (object)
PerfScenario:CompareParity (PerfScenario/RunResult,string,single,single,single,bool) (at Assets/Scripts/Diagnostics/PerfScenario.cs:959)
PerfScenario:EvaluateParity () (at Assets/Scripts/Diagnostics/PerfScenario.cs:946)
PerfScenario/<Start>d__40:MoveNext () (at Assets/Scripts/Diagnostics/PerfScenario.cs:265)
UnityEngine.SetupCoroutine:InvokeMoveNext (System.Collections.IEnumerator,intptr) (at /Users/bokken/build/output/unity/unity/Runtime/Export/Scripting/Coroutines.cs:17)

(Filename: Assets/Scripts/Diagnostics/PerfScenario.cs Line: 959)

PERF PARITY T-Default-5x damage: 481 vs 480 at 1x (+0.2%)
UnityEngine.Debug:ExtractStackTraceNoAlloc (byte*,int,string)
UnityEngine.StackTraceUtility:ExtractStackTrace () (at /Users/bokken/build/output/unity/unity/Runtime/Export/Scripting/StackTrace.cs:35)
UnityEngine.DebugLogHandler:Internal_Log (UnityEngine.LogType,UnityEngine.LogOption,string,UnityEngine.Object)
UnityEngine.DebugLogHandler:LogFormat (UnityEngine.LogType,UnityEngine.Object,string,object[])
UnityEngine.Logger:Log (UnityEngine.LogType,object)
UnityEngine.Debug:Log (object)
PerfScenario:CompareParity (PerfScenario/RunResult,string,single,single,single,bool) (at Assets/Scripts/Diagnostics/PerfScenario.cs:959)
PerfScenario:EvaluateParity () (at Assets/Scripts/Diagnostics/PerfScenario.cs:934)
PerfScenario/<Start>d__40:MoveNext () (at Assets/Scripts/Diagnostics/PerfScenario.cs:265)
UnityEngine.SetupCoroutine:InvokeMoveNext (System.Collections.IEnumerator,intptr) (at /Users/bokken/build/output/unity/unity/Runtime/Export/Scripting/Coroutines.cs:17)

(Filename: Assets/Scripts/Diagnostics/PerfScenario.cs Line: 959)

PERF PARITY T-Default-5x Laser Tower damage: 481 vs 480 at 1x (+0.2%)
UnityEngine.Debug:ExtractStackTraceNoAlloc (byte*,int,string)
UnityEngine.StackTraceUtility:ExtractStackTrace () (at /Users/bokken/build/output/unity/unity/Runtime/Export/Scripting/StackTrace.cs:35)
UnityEngine.DebugLogHandler:Internal_Log (UnityEngine.LogType,UnityEngine.LogOption,string,UnityEngine.Object)
UnityEngine.DebugLogHandler:LogFormat (UnityEngine.LogType,UnityEngine.Object,string,object[])
UnityEngine.Logger:Log (UnityEngine.LogType,object)
UnityEngine.Debug:Log (object)
PerfScenario:CompareParity (PerfScenario/RunResult,string,single,single,single,bool) (at Assets/Scripts/Diagnostics/PerfScenario.cs:959)
PerfScenario:EvaluateParity () (at Assets/Scripts/Diagnostics/PerfScenario.cs:946)
PerfScenario/<Start>d__40:MoveNext () (at Assets/Scripts/Diagnostics/PerfScenario.cs:265)
UnityEngine.SetupCoroutine:InvokeMoveNext (System.Collections.IEnumerator,intptr) (at /Users/bokken/build/output/unity/unity/Runtime/Export/Scripting/Coroutines.cs:17)

(Filename: Assets/Scripts/Diagnostics/PerfScenario.cs Line: 959)

PERF PARITY T-Core-3x damage: 7 vs 7 at 1x (+0.0%)
UnityEngine.Debug:ExtractStackTraceNoAlloc (byte*,int,string)
UnityEngine.StackTraceUtility:ExtractStackTrace () (at /Users/bokken/build/output/unity/unity/Runtime/Export/Scripting/StackTrace.cs:35)
UnityEngine.DebugLogHandler:Internal_Log (UnityEngine.LogType,UnityEngine.LogOption,string,UnityEngine.Object)
UnityEngine.DebugLogHandler:LogFormat (UnityEngine.LogType,UnityEngine.Object,string,object[])
UnityEngine.Logger:Log (UnityEngine.LogType,object)
UnityEngine.Debug:Log (object)
PerfScenario:CompareParity (PerfScenario/RunResult,string,single,single,single,bool) (at Assets/Scripts/Diagnostics/PerfScenario.cs:959)
PerfScenario:EvaluateParity () (at Assets/Scripts/Diagnostics/PerfScenario.cs:934)
PerfScenario/<Start>d__40:MoveNext () (at Assets/Scripts/Diagnostics/PerfScenario.cs:265)
UnityEngine.SetupCoroutine:InvokeMoveNext (System.Collections.IEnumerator,intptr) (at /Users/bokken/build/output/unity/unity/Runtime/Export/Scripting/Coroutines.cs:17)

(Filename: Assets/Scripts/Diagnostics/PerfScenario.cs Line: 959)

PERF PARITY T-Core-3x Core Tower damage: 7 vs 7 at 1x (+0.0%)
UnityEngine.Debug:ExtractStackTraceNoAlloc (byte*,int,string)
UnityEngine.StackTraceUtility:ExtractStackTrace () (at /Users/bokken/build/output/unity/unity/Runtime/Export/Scripting/StackTrace.cs:35)
UnityEngine.DebugLogHandler:Internal_Log (UnityEngine.LogType,UnityEngine.LogOption,string,UnityEngine.Object)
UnityEngine.DebugLogHandler:LogFormat (UnityEngine.LogType,UnityEngine.Object,string,object[])
UnityEngine.Logger:Log (UnityEngine.LogType,object)
UnityEngine.Debug:Log (object)
PerfScenario:CompareParity (PerfScenario/RunResult,string,single,single,single,bool) (at Assets/Scripts/Diagnostics/PerfScenario.cs:959)
PerfScenario:EvaluateParity () (at Assets/Scripts/Diagnostics/PerfScenario.cs:946)
PerfScenario/<Start>d__40:MoveNext () (at Assets/Scripts/Diagnostics/PerfScenario.cs:265)
UnityEngine.SetupCoroutine:InvokeMoveNext (System.Collections.IEnumerator,intptr) (at /Users/bokken/build/output/unity/unity/Runtime/Export/Scripting/Coroutines.cs:17)

(Filename: Assets/Scripts/Diagnostics/PerfScenario.cs Line: 959)

PERF PARITY T-Core-5x damage: 7 vs 7 at 1x (+0.0%)
UnityEngine.Debug:ExtractStackTraceNoAlloc (byte*,int,string)
UnityEngine.StackTraceUtility:ExtractStackTrace () (at /Users/bokken/build/output/unity/unity/Runtime/Export/Scripting/StackTrace.cs:35)
UnityEngine.DebugLogHandler:Internal_Log (UnityEngine.LogType,UnityEngine.LogOption,string,UnityEngine.Object)
UnityEngine.DebugLogHandler:LogFormat (UnityEngine.LogType,UnityEngine.Object,string,object[])
UnityEngine.Logger:Log (UnityEngine.LogType,object)
UnityEngine.Debug:Log (object)
PerfScenario:CompareParity (PerfScenario/RunResult,string,single,single,single,bool) (at Assets/Scripts/Diagnostics/PerfScenario.cs:959)
PerfScenario:EvaluateParity () (at Assets/Scripts/Diagnostics/PerfScenario.cs:934)
PerfScenario/<Start>d__40:MoveNext () (at Assets/Scripts/Diagnostics/PerfScenario.cs:265)
UnityEngine.SetupCoroutine:InvokeMoveNext (System.Collections.IEnumerator,intptr) (at /Users/bokken/build/output/unity/unity/Runtime/Export/Scripting/Coroutines.cs:17)

(Filename: Assets/Scripts/Diagnostics/PerfScenario.cs Line: 959)

PERF PARITY T-Core-5x Core Tower damage: 7 vs 7 at 1x (+0.0%)
UnityEngine.Debug:ExtractStackTraceNoAlloc (byte*,int,string)
UnityEngine.StackTraceUtility:ExtractStackTrace () (at /Users/bokken/build/output/unity/unity/Runtime/Export/Scripting/StackTrace.cs:35)
UnityEngine.DebugLogHandler:Internal_Log (UnityEngine.LogType,UnityEngine.LogOption,string,UnityEngine.Object)
UnityEngine.DebugLogHandler:LogFormat (UnityEngine.LogType,UnityEngine.Object,string,object[])
UnityEngine.Logger:Log (UnityEngine.LogType,object)
UnityEngine.Debug:Log (object)
PerfScenario:CompareParity (PerfScenario/RunResult,string,single,single,single,bool) (at Assets/Scripts/Diagnostics/PerfScenario.cs:959)
PerfScenario:EvaluateParity () (at Assets/Scripts/Diagnostics/PerfScenario.cs:946)
PerfScenario/<Start>d__40:MoveNext () (at Assets/Scripts/Diagnostics/PerfScenario.cs:265)
UnityEngine.SetupCoroutine:InvokeMoveNext (System.Collections.IEnumerator,intptr) (at /Users/bokken/build/output/unity/unity/Runtime/Export/Scripting/Coroutines.cs:17)

(Filename: Assets/Scripts/Diagnostics/PerfScenario.cs Line: 959)

PERF PARITY T-Bomb-3x damage: 8165 vs 8161 at 1x (+0.1%)
UnityEngine.Debug:ExtractStackTraceNoAlloc (byte*,int,string)
UnityEngine.StackTraceUtility:ExtractStackTrace () (at /Users/bokken/build/output/unity/unity/Runtime/Export/Scripting/StackTrace.cs:35)
UnityEngine.DebugLogHandler:Internal_Log (UnityEngine.LogType,UnityEngine.LogOption,string,UnityEngine.Object)
UnityEngine.DebugLogHandler:LogFormat (UnityEngine.LogType,UnityEngine.Object,string,object[])
UnityEngine.Logger:Log (UnityEngine.LogType,object)
UnityEngine.Debug:Log (object)
PerfScenario:CompareParity (PerfScenario/RunResult,string,single,single,single,bool) (at Assets/Scripts/Diagnostics/PerfScenario.cs:959)
PerfScenario:EvaluateParity () (at Assets/Scripts/Diagnostics/PerfScenario.cs:934)
PerfScenario/<Start>d__40:MoveNext () (at Assets/Scripts/Diagnostics/PerfScenario.cs:265)
UnityEngine.SetupCoroutine:InvokeMoveNext (System.Collections.IEnumerator,intptr) (at /Users/bokken/build/output/unity/unity/Runtime/Export/Scripting/Coroutines.cs:17)

(Filename: Assets/Scripts/Diagnostics/PerfScenario.cs Line: 959)

PERF PARITY T-Bomb-3x Rocket System damage: 8165 vs 8161 at 1x (+0.0%)
UnityEngine.Debug:ExtractStackTraceNoAlloc (byte*,int,string)
UnityEngine.StackTraceUtility:ExtractStackTrace () (at /Users/bokken/build/output/unity/unity/Runtime/Export/Scripting/StackTrace.cs:35)
UnityEngine.DebugLogHandler:Internal_Log (UnityEngine.LogType,UnityEngine.LogOption,string,UnityEngine.Object)
UnityEngine.DebugLogHandler:LogFormat (UnityEngine.LogType,UnityEngine.Object,string,object[])
UnityEngine.Logger:Log (UnityEngine.LogType,object)
UnityEngine.Debug:Log (object)
PerfScenario:CompareParity (PerfScenario/RunResult,string,single,single,single,bool) (at Assets/Scripts/Diagnostics/PerfScenario.cs:959)
PerfScenario:EvaluateParity () (at Assets/Scripts/Diagnostics/PerfScenario.cs:946)
PerfScenario/<Start>d__40:MoveNext () (at Assets/Scripts/Diagnostics/PerfScenario.cs:265)
UnityEngine.SetupCoroutine:InvokeMoveNext (System.Collections.IEnumerator,intptr) (at /Users/bokken/build/output/unity/unity/Runtime/Export/Scripting/Coroutines.cs:17)

(Filename: Assets/Scripts/Diagnostics/PerfScenario.cs Line: 959)

PERF PARITY T-Bomb-5x damage: 8165 vs 8161 at 1x (+0.1%)
UnityEngine.Debug:ExtractStackTraceNoAlloc (byte*,int,string)
UnityEngine.StackTraceUtility:ExtractStackTrace () (at /Users/bokken/build/output/unity/unity/Runtime/Export/Scripting/StackTrace.cs:35)
UnityEngine.DebugLogHandler:Internal_Log (UnityEngine.LogType,UnityEngine.LogOption,string,UnityEngine.Object)
UnityEngine.DebugLogHandler:LogFormat (UnityEngine.LogType,UnityEngine.Object,string,object[])
UnityEngine.Logger:Log (UnityEngine.LogType,object)
UnityEngine.Debug:Log (object)
PerfScenario:CompareParity (PerfScenario/RunResult,string,single,single,single,bool) (at Assets/Scripts/Diagnostics/PerfScenario.cs:959)
PerfScenario:EvaluateParity () (at Assets/Scripts/Diagnostics/PerfScenario.cs:934)
PerfScenario/<Start>d__40:MoveNext () (at Assets/Scripts/Diagnostics/PerfScenario.cs:265)
UnityEngine.SetupCoroutine:InvokeMoveNext (System.Collections.IEnumerator,intptr) (at /Users/bokken/build/output/unity/unity/Runtime/Export/Scripting/Coroutines.cs:17)

(Filename: Assets/Scripts/Diagnostics/PerfScenario.cs Line: 959)

PERF PARITY T-Bomb-5x Rocket System damage: 8165 vs 8161 at 1x (+0.0%)
UnityEngine.Debug:ExtractStackTraceNoAlloc (byte*,int,string)
UnityEngine.StackTraceUtility:ExtractStackTrace () (at /Users/bokken/build/output/unity/unity/Runtime/Export/Scripting/StackTrace.cs:35)
UnityEngine.DebugLogHandler:Internal_Log (UnityEngine.LogType,UnityEngine.LogOption,string,UnityEngine.Object)
UnityEngine.DebugLogHandler:LogFormat (UnityEngine.LogType,UnityEngine.Object,string,object[])
UnityEngine.Logger:Log (UnityEngine.LogType,object)
UnityEngine.Debug:Log (object)
PerfScenario:CompareParity (PerfScenario/RunResult,string,single,single,single,bool) (at Assets/Scripts/Diagnostics/PerfScenario.cs:959)
PerfScenario:EvaluateParity () (at Assets/Scripts/Diagnostics/PerfScenario.cs:946)
PerfScenario/<Start>d__40:MoveNext () (at Assets/Scripts/Diagnostics/PerfScenario.cs:265)
UnityEngine.SetupCoroutine:InvokeMoveNext (System.Collections.IEnumerator,intptr) (at /Users/bokken/build/output/unity/unity/Runtime/Export/Scripting/Coroutines.cs:17)

(Filename: Assets/Scripts/Diagnostics/PerfScenario.cs Line: 959)

PERF PARITY T-Sniper-3x damage: 1134 vs 1134 at 1x (+0.0%)
UnityEngine.Debug:ExtractStackTraceNoAlloc (byte*,int,string)
UnityEngine.StackTraceUtility:ExtractStackTrace () (at /Users/bokken/build/output/unity/unity/Runtime/Export/Scripting/StackTrace.cs:35)
UnityEngine.DebugLogHandler:Internal_Log (UnityEngine.LogType,UnityEngine.LogOption,string,UnityEngine.Object)
UnityEngine.DebugLogHandler:LogFormat (UnityEngine.LogType,UnityEngine.Object,string,object[])
UnityEngine.Logger:Log (UnityEngine.LogType,object)
UnityEngine.Debug:Log (object)
PerfScenario:CompareParity (PerfScenario/RunResult,string,single,single,single,bool) (at Assets/Scripts/Diagnostics/PerfScenario.cs:959)
PerfScenario:EvaluateParity () (at Assets/Scripts/Diagnostics/PerfScenario.cs:934)
PerfScenario/<Start>d__40:MoveNext () (at Assets/Scripts/Diagnostics/PerfScenario.cs:265)
UnityEngine.SetupCoroutine:InvokeMoveNext (System.Collections.IEnumerator,intptr) (at /Users/bokken/build/output/unity/unity/Runtime/Export/Scripting/Coroutines.cs:17)

(Filename: Assets/Scripts/Diagnostics/PerfScenario.cs Line: 959)

PERF PARITY T-Sniper-3x Sniper Tower damage: 1134 vs 1134 at 1x (+0.0%)
UnityEngine.Debug:ExtractStackTraceNoAlloc (byte*,int,string)
UnityEngine.StackTraceUtility:ExtractStackTrace () (at /Users/bokken/build/output/unity/unity/Runtime/Export/Scripting/StackTrace.cs:35)
UnityEngine.DebugLogHandler:Internal_Log (UnityEngine.LogType,UnityEngine.LogOption,string,UnityEngine.Object)
UnityEngine.DebugLogHandler:LogFormat (UnityEngine.LogType,UnityEngine.Object,string,object[])
UnityEngine.Logger:Log (UnityEngine.LogType,object)
UnityEngine.Debug:Log (object)
PerfScenario:CompareParity (PerfScenario/RunResult,string,single,single,single,bool) (at Assets/Scripts/Diagnostics/PerfScenario.cs:959)
PerfScenario:EvaluateParity () (at Assets/Scripts/Diagnostics/PerfScenario.cs:946)
PerfScenario/<Start>d__40:MoveNext () (at Assets/Scripts/Diagnostics/PerfScenario.cs:265)
UnityEngine.SetupCoroutine:InvokeMoveNext (System.Collections.IEnumerator,intptr) (at /Users/bokken/build/output/unity/unity/Runtime/Export/Scripting/Coroutines.cs:17)

(Filename: Assets/Scripts/Diagnostics/PerfScenario.cs Line: 959)

PERF PARITY T-Sniper-5x damage: 1134 vs 1134 at 1x (+0.0%)
UnityEngine.Debug:ExtractStackTraceNoAlloc (byte*,int,string)
UnityEngine.StackTraceUtility:ExtractStackTrace () (at /Users/bokken/build/output/unity/unity/Runtime/Export/Scripting/StackTrace.cs:35)
UnityEngine.DebugLogHandler:Internal_Log (UnityEngine.LogType,UnityEngine.LogOption,string,UnityEngine.Object)
UnityEngine.DebugLogHandler:LogFormat (UnityEngine.LogType,UnityEngine.Object,string,object[])
UnityEngine.Logger:Log (UnityEngine.LogType,object)
UnityEngine.Debug:Log (object)
PerfScenario:CompareParity (PerfScenario/RunResult,string,single,single,single,bool) (at Assets/Scripts/Diagnostics/PerfScenario.cs:959)
PerfScenario:EvaluateParity () (at Assets/Scripts/Diagnostics/PerfScenario.cs:934)
PerfScenario/<Start>d__40:MoveNext () (at Assets/Scripts/Diagnostics/PerfScenario.cs:265)
UnityEngine.SetupCoroutine:InvokeMoveNext (System.Collections.IEnumerator,intptr) (at /Users/bokken/build/output/unity/unity/Runtime/Export/Scripting/Coroutines.cs:17)

(Filename: Assets/Scripts/Diagnostics/PerfScenario.cs Line: 959)

PERF PARITY T-Sniper-5x Sniper Tower damage: 1134 vs 1134 at 1x (+0.0%)
UnityEngine.Debug:ExtractStackTraceNoAlloc (byte*,int,string)
UnityEngine.StackTraceUtility:ExtractStackTrace () (at /Users/bokken/build/output/unity/unity/Runtime/Export/Scripting/StackTrace.cs:35)
UnityEngine.DebugLogHandler:Internal_Log (UnityEngine.LogType,UnityEngine.LogOption,string,UnityEngine.Object)
UnityEngine.DebugLogHandler:LogFormat (UnityEngine.LogType,UnityEngine.Object,string,object[])
UnityEngine.Logger:Log (UnityEngine.LogType,object)
UnityEngine.Debug:Log (object)
PerfScenario:CompareParity (PerfScenario/RunResult,string,single,single,single,bool) (at Assets/Scripts/Diagnostics/PerfScenario.cs:959)
PerfScenario:EvaluateParity () (at Assets/Scripts/Diagnostics/PerfScenario.cs:946)
PerfScenario/<Start>d__40:MoveNext () (at Assets/Scripts/Diagnostics/PerfScenario.cs:265)
UnityEngine.SetupCoroutine:InvokeMoveNext (System.Collections.IEnumerator,intptr) (at /Users/bokken/build/output/unity/unity/Runtime/Export/Scripting/Coroutines.cs:17)

(Filename: Assets/Scripts/Diagnostics/PerfScenario.cs Line: 959)

PERF PARITY T-Beam-3x damage: 0 vs 0 at 1x (+0.0%)
UnityEngine.Debug:ExtractStackTraceNoAlloc (byte*,int,string)
UnityEngine.StackTraceUtility:ExtractStackTrace () (at /Users/bokken/build/output/unity/unity/Runtime/Export/Scripting/StackTrace.cs:35)
UnityEngine.DebugLogHandler:Internal_Log (UnityEngine.LogType,UnityEngine.LogOption,string,UnityEngine.Object)
UnityEngine.DebugLogHandler:LogFormat (UnityEngine.LogType,UnityEngine.Object,string,object[])
UnityEngine.Logger:Log (UnityEngine.LogType,object)
UnityEngine.Debug:Log (object)
PerfScenario:CompareParity (PerfScenario/RunResult,string,single,single,single,bool) (at Assets/Scripts/Diagnostics/PerfScenario.cs:959)
PerfScenario:EvaluateParity () (at Assets/Scripts/Diagnostics/PerfScenario.cs:934)
PerfScenario/<Start>d__40:MoveNext () (at Assets/Scripts/Diagnostics/PerfScenario.cs:265)
UnityEngine.SetupCoroutine:InvokeMoveNext (System.Collections.IEnumerator,intptr) (at /Users/bokken/build/output/unity/unity/Runtime/Export/Scripting/Coroutines.cs:17)

(Filename: Assets/Scripts/Diagnostics/PerfScenario.cs Line: 959)

PERF PARITY T-Beam-5x damage: 0 vs 0 at 1x (+0.0%)
UnityEngine.Debug:ExtractStackTraceNoAlloc (byte*,int,string)
UnityEngine.StackTraceUtility:ExtractStackTrace () (at /Users/bokken/build/output/unity/unity/Runtime/Export/Scripting/StackTrace.cs:35)
UnityEngine.DebugLogHandler:Internal_Log (UnityEngine.LogType,UnityEngine.LogOption,string,UnityEngine.Object)
UnityEngine.DebugLogHandler:LogFormat (UnityEngine.LogType,UnityEngine.Object,string,object[])
UnityEngine.Logger:Log (UnityEngine.LogType,object)
UnityEngine.Debug:Log (object)
PerfScenario:CompareParity (PerfScenario/RunResult,string,single,single,single,bool) (at Assets/Scripts/Diagnostics/PerfScenario.cs:959)
PerfScenario:EvaluateParity () (at Assets/Scripts/Diagnostics/PerfScenario.cs:934)
PerfScenario/<Start>d__40:MoveNext () (at Assets/Scripts/Diagnostics/PerfScenario.cs:265)
UnityEngine.SetupCoroutine:InvokeMoveNext (System.Collections.IEnumerator,intptr) (at /Users/bokken/build/output/unity/unity/Runtime/Export/Scripting/Coroutines.cs:17)

(Filename: Assets/Scripts/Diagnostics/PerfScenario.cs Line: 959)

PERF PARITY T-BulletDispenser-3x damage: 140 vs 139 at 1x (+0.8%)
UnityEngine.Debug:ExtractStackTraceNoAlloc (byte*,int,string)
UnityEngine.StackTraceUtility:ExtractStackTrace () (at /Users/bokken/build/output/unity/unity/Runtime/Export/Scripting/StackTrace.cs:35)
UnityEngine.DebugLogHandler:Internal_Log (UnityEngine.LogType,UnityEngine.LogOption,string,UnityEngine.Object)
UnityEngine.DebugLogHandler:LogFormat (UnityEngine.LogType,UnityEngine.Object,string,object[])
UnityEngine.Logger:Log (UnityEngine.LogType,object)
UnityEngine.Debug:Log (object)
PerfScenario:CompareParity (PerfScenario/RunResult,string,single,single,single,bool) (at Assets/Scripts/Diagnostics/PerfScenario.cs:959)
PerfScenario:EvaluateParity () (at Assets/Scripts/Diagnostics/PerfScenario.cs:934)
PerfScenario/<Start>d__40:MoveNext () (at Assets/Scripts/Diagnostics/PerfScenario.cs:265)
UnityEngine.SetupCoroutine:InvokeMoveNext (System.Collections.IEnumerator,intptr) (at /Users/bokken/build/output/unity/unity/Runtime/Export/Scripting/Coroutines.cs:17)

(Filename: Assets/Scripts/Diagnostics/PerfScenario.cs Line: 959)

PERF PARITY T-BulletDispenser-3x Bullet Dispenser damage: 140 vs 139 at 1x (+0.7%)
UnityEngine.Debug:ExtractStackTraceNoAlloc (byte*,int,string)
UnityEngine.StackTraceUtility:ExtractStackTrace () (at /Users/bokken/build/output/unity/unity/Runtime/Export/Scripting/StackTrace.cs:35)
UnityEngine.DebugLogHandler:Internal_Log (UnityEngine.LogType,UnityEngine.LogOption,string,UnityEngine.Object)
UnityEngine.DebugLogHandler:LogFormat (UnityEngine.LogType,UnityEngine.Object,string,object[])
UnityEngine.Logger:Log (UnityEngine.LogType,object)
UnityEngine.Debug:Log (object)
PerfScenario:CompareParity (PerfScenario/RunResult,string,single,single,single,bool) (at Assets/Scripts/Diagnostics/PerfScenario.cs:959)
PerfScenario:EvaluateParity () (at Assets/Scripts/Diagnostics/PerfScenario.cs:946)
PerfScenario/<Start>d__40:MoveNext () (at Assets/Scripts/Diagnostics/PerfScenario.cs:265)
UnityEngine.SetupCoroutine:InvokeMoveNext (System.Collections.IEnumerator,intptr) (at /Users/bokken/build/output/unity/unity/Runtime/Export/Scripting/Coroutines.cs:17)

(Filename: Assets/Scripts/Diagnostics/PerfScenario.cs Line: 959)

PERF PARITY T-BulletDispenser-5x damage: 139 vs 139 at 1x (+0.0%)
UnityEngine.Debug:ExtractStackTraceNoAlloc (byte*,int,string)
UnityEngine.StackTraceUtility:ExtractStackTrace () (at /Users/bokken/build/output/unity/unity/Runtime/Export/Scripting/StackTrace.cs:35)
UnityEngine.DebugLogHandler:Internal_Log (UnityEngine.LogType,UnityEngine.LogOption,string,UnityEngine.Object)
UnityEngine.DebugLogHandler:LogFormat (UnityEngine.LogType,UnityEngine.Object,string,object[])
UnityEngine.Logger:Log (UnityEngine.LogType,object)
UnityEngine.Debug:Log (object)
PerfScenario:CompareParity (PerfScenario/RunResult,string,single,single,single,bool) (at Assets/Scripts/Diagnostics/PerfScenario.cs:959)
PerfScenario:EvaluateParity () (at Assets/Scripts/Diagnostics/PerfScenario.cs:934)
PerfScenario/<Start>d__40:MoveNext () (at Assets/Scripts/Diagnostics/PerfScenario.cs:265)
UnityEngine.SetupCoroutine:InvokeMoveNext (System.Collections.IEnumerator,intptr) (at /Users/bokken/build/output/unity/unity/Runtime/Export/Scripting/Coroutines.cs:17)

(Filename: Assets/Scripts/Diagnostics/PerfScenario.cs Line: 959)

PERF PARITY T-BulletDispenser-5x Bullet Dispenser damage: 139 vs 139 at 1x (+0.0%)
UnityEngine.Debug:ExtractStackTraceNoAlloc (byte*,int,string)
UnityEngine.StackTraceUtility:ExtractStackTrace () (at /Users/bokken/build/output/unity/unity/Runtime/Export/Scripting/StackTrace.cs:35)
UnityEngine.DebugLogHandler:Internal_Log (UnityEngine.LogType,UnityEngine.LogOption,string,UnityEngine.Object)
UnityEngine.DebugLogHandler:LogFormat (UnityEngine.LogType,UnityEngine.Object,string,object[])
UnityEngine.Logger:Log (UnityEngine.LogType,object)
UnityEngine.Debug:Log (object)
PerfScenario:CompareParity (PerfScenario/RunResult,string,single,single,single,bool) (at Assets/Scripts/Diagnostics/PerfScenario.cs:959)
PerfScenario:EvaluateParity () (at Assets/Scripts/Diagnostics/PerfScenario.cs:946)
PerfScenario/<Start>d__40:MoveNext () (at Assets/Scripts/Diagnostics/PerfScenario.cs:265)
UnityEngine.SetupCoroutine:InvokeMoveNext (System.Collections.IEnumerator,intptr) (at /Users/bokken/build/output/unity/unity/Runtime/Export/Scripting/Coroutines.cs:17)

(Filename: Assets/Scripts/Diagnostics/PerfScenario.cs Line: 959)

PERF PARITY T-Hangar-3x damage: 687 vs 567 at 1x (+21.1%)
UnityEngine.Debug:ExtractStackTraceNoAlloc (byte*,int,string)
UnityEngine.StackTraceUtility:ExtractStackTrace () (at /Users/bokken/build/output/unity/unity/Runtime/Export/Scripting/StackTrace.cs:35)
UnityEngine.DebugLogHandler:Internal_Log (UnityEngine.LogType,UnityEngine.LogOption,string,UnityEngine.Object)
UnityEngine.DebugLogHandler:LogFormat (UnityEngine.LogType,UnityEngine.Object,string,object[])
UnityEngine.Logger:Log (UnityEngine.LogType,object)
UnityEngine.Debug:Log (object)
PerfScenario:CompareParity (PerfScenario/RunResult,string,single,single,single,bool) (at Assets/Scripts/Diagnostics/PerfScenario.cs:959)
PerfScenario:EvaluateParity () (at Assets/Scripts/Diagnostics/PerfScenario.cs:934)
PerfScenario/<Start>d__40:MoveNext () (at Assets/Scripts/Diagnostics/PerfScenario.cs:265)
UnityEngine.SetupCoroutine:InvokeMoveNext (System.Collections.IEnumerator,intptr) (at /Users/bokken/build/output/unity/unity/Runtime/Export/Scripting/Coroutines.cs:17)

(Filename: Assets/Scripts/Diagnostics/PerfScenario.cs Line: 959)

PERF PARITY T-Hangar-3x Hangar damage: 687 vs 567 at 1x (+21.2%)
UnityEngine.Debug:ExtractStackTraceNoAlloc (byte*,int,string)
UnityEngine.StackTraceUtility:ExtractStackTrace () (at /Users/bokken/build/output/unity/unity/Runtime/Export/Scripting/StackTrace.cs:35)
UnityEngine.DebugLogHandler:Internal_Log (UnityEngine.LogType,UnityEngine.LogOption,string,UnityEngine.Object)
UnityEngine.DebugLogHandler:LogFormat (UnityEngine.LogType,UnityEngine.Object,string,object[])
UnityEngine.Logger:Log (UnityEngine.LogType,object)
UnityEngine.Debug:Log (object)
PerfScenario:CompareParity (PerfScenario/RunResult,string,single,single,single,bool) (at Assets/Scripts/Diagnostics/PerfScenario.cs:959)
PerfScenario:EvaluateParity () (at Assets/Scripts/Diagnostics/PerfScenario.cs:946)
PerfScenario/<Start>d__40:MoveNext () (at Assets/Scripts/Diagnostics/PerfScenario.cs:265)
UnityEngine.SetupCoroutine:InvokeMoveNext (System.Collections.IEnumerator,intptr) (at /Users/bokken/build/output/unity/unity/Runtime/Export/Scripting/Coroutines.cs:17)

(Filename: Assets/Scripts/Diagnostics/PerfScenario.cs Line: 959)

PERF PARITY T-Hangar-5x damage: 563 vs 567 at 1x (-0.7%)
UnityEngine.Debug:ExtractStackTraceNoAlloc (byte*,int,string)
UnityEngine.StackTraceUtility:ExtractStackTrace () (at /Users/bokken/build/output/unity/unity/Runtime/Export/Scripting/StackTrace.cs:35)
UnityEngine.DebugLogHandler:Internal_Log (UnityEngine.LogType,UnityEngine.LogOption,string,UnityEngine.Object)
UnityEngine.DebugLogHandler:LogFormat (UnityEngine.LogType,UnityEngine.Object,string,object[])
UnityEngine.Logger:Log (UnityEngine.LogType,object)
UnityEngine.Debug:Log (object)
PerfScenario:CompareParity (PerfScenario/RunResult,string,single,single,single,bool) (at Assets/Scripts/Diagnostics/PerfScenario.cs:959)
PerfScenario:EvaluateParity () (at Assets/Scripts/Diagnostics/PerfScenario.cs:934)
PerfScenario/<Start>d__40:MoveNext () (at Assets/Scripts/Diagnostics/PerfScenario.cs:265)
UnityEngine.SetupCoroutine:InvokeMoveNext (System.Collections.IEnumerator,intptr) (at /Users/bokken/build/output/unity/unity/Runtime/Export/Scripting/Coroutines.cs:17)

(Filename: Assets/Scripts/Diagnostics/PerfScenario.cs Line: 959)

PERF PARITY T-Hangar-5x Hangar damage: 563 vs 567 at 1x (-0.7%)
UnityEngine.Debug:ExtractStackTraceNoAlloc (byte*,int,string)
UnityEngine.StackTraceUtility:ExtractStackTrace () (at /Users/bokken/build/output/unity/unity/Runtime/Export/Scripting/StackTrace.cs:35)
UnityEngine.DebugLogHandler:Internal_Log (UnityEngine.LogType,UnityEngine.LogOption,string,UnityEngine.Object)
UnityEngine.DebugLogHandler:LogFormat (UnityEngine.LogType,UnityEngine.Object,string,object[])
UnityEngine.Logger:Log (UnityEngine.LogType,object)
UnityEngine.Debug:Log (object)
PerfScenario:CompareParity (PerfScenario/RunResult,string,single,single,single,bool) (at Assets/Scripts/Diagnostics/PerfScenario.cs:959)
PerfScenario:EvaluateParity () (at Assets/Scripts/Diagnostics/PerfScenario.cs:946)
PerfScenario/<Start>d__40:MoveNext () (at Assets/Scripts/Diagnostics/PerfScenario.cs:265)
UnityEngine.SetupCoroutine:InvokeMoveNext (System.Collections.IEnumerator,intptr) (at /Users/bokken/build/output/unity/unity/Runtime/Export/Scripting/Coroutines.cs:17)

(Filename: Assets/Scripts/Diagnostics/PerfScenario.cs Line: 959)

PERF PARITY T-MineFactory-3x damage: 14979 vs 14934 at 1x (+0.3%)
UnityEngine.Debug:ExtractStackTraceNoAlloc (byte*,int,string)
UnityEngine.StackTraceUtility:ExtractStackTrace () (at /Users/bokken/build/output/unity/unity/Runtime/Export/Scripting/StackTrace.cs:35)
UnityEngine.DebugLogHandler:Internal_Log (UnityEngine.LogType,UnityEngine.LogOption,string,UnityEngine.Object)
UnityEngine.DebugLogHandler:LogFormat (UnityEngine.LogType,UnityEngine.Object,string,object[])
UnityEngine.Logger:Log (UnityEngine.LogType,object)
UnityEngine.Debug:Log (object)
PerfScenario:CompareParity (PerfScenario/RunResult,string,single,single,single,bool) (at Assets/Scripts/Diagnostics/PerfScenario.cs:959)
PerfScenario:EvaluateParity () (at Assets/Scripts/Diagnostics/PerfScenario.cs:934)
PerfScenario/<Start>d__40:MoveNext () (at Assets/Scripts/Diagnostics/PerfScenario.cs:265)
UnityEngine.SetupCoroutine:InvokeMoveNext (System.Collections.IEnumerator,intptr) (at /Users/bokken/build/output/unity/unity/Runtime/Export/Scripting/Coroutines.cs:17)

(Filename: Assets/Scripts/Diagnostics/PerfScenario.cs Line: 959)

PERF PARITY T-MineFactory-3x Mine Factory damage: 14979 vs 14934 at 1x (+0.3%)
UnityEngine.Debug:ExtractStackTraceNoAlloc (byte*,int,string)
UnityEngine.StackTraceUtility:ExtractStackTrace () (at /Users/bokken/build/output/unity/unity/Runtime/Export/Scripting/StackTrace.cs:35)
UnityEngine.DebugLogHandler:Internal_Log (UnityEngine.LogType,UnityEngine.LogOption,string,UnityEngine.Object)
UnityEngine.DebugLogHandler:LogFormat (UnityEngine.LogType,UnityEngine.Object,string,object[])
UnityEngine.Logger:Log (UnityEngine.LogType,object)
UnityEngine.Debug:Log (object)
PerfScenario:CompareParity (PerfScenario/RunResult,string,single,single,single,bool) (at Assets/Scripts/Diagnostics/PerfScenario.cs:959)
PerfScenario:EvaluateParity () (at Assets/Scripts/Diagnostics/PerfScenario.cs:946)
PerfScenario/<Start>d__40:MoveNext () (at Assets/Scripts/Diagnostics/PerfScenario.cs:265)
UnityEngine.SetupCoroutine:InvokeMoveNext (System.Collections.IEnumerator,intptr) (at /Users/bokken/build/output/unity/unity/Runtime/Export/Scripting/Coroutines.cs:17)

(Filename: Assets/Scripts/Diagnostics/PerfScenario.cs Line: 959)

PERF PARITY T-MineFactory-5x damage: 15030 vs 14934 at 1x (+0.6%)
UnityEngine.Debug:ExtractStackTraceNoAlloc (byte*,int,string)
UnityEngine.StackTraceUtility:ExtractStackTrace () (at /Users/bokken/build/output/unity/unity/Runtime/Export/Scripting/StackTrace.cs:35)
UnityEngine.DebugLogHandler:Internal_Log (UnityEngine.LogType,UnityEngine.LogOption,string,UnityEngine.Object)
UnityEngine.DebugLogHandler:LogFormat (UnityEngine.LogType,UnityEngine.Object,string,object[])
UnityEngine.Logger:Log (UnityEngine.LogType,object)
UnityEngine.Debug:Log (object)
PerfScenario:CompareParity (PerfScenario/RunResult,string,single,single,single,bool) (at Assets/Scripts/Diagnostics/PerfScenario.cs:959)
PerfScenario:EvaluateParity () (at Assets/Scripts/Diagnostics/PerfScenario.cs:934)
PerfScenario/<Start>d__40:MoveNext () (at Assets/Scripts/Diagnostics/PerfScenario.cs:265)
UnityEngine.SetupCoroutine:InvokeMoveNext (System.Collections.IEnumerator,intptr) (at /Users/bokken/build/output/unity/unity/Runtime/Export/Scripting/Coroutines.cs:17)

(Filename: Assets/Scripts/Diagnostics/PerfScenario.cs Line: 959)

PERF PARITY T-MineFactory-5x Mine Factory damage: 15030 vs 14934 at 1x (+0.6%)
UnityEngine.Debug:ExtractStackTraceNoAlloc (byte*,int,string)
UnityEngine.StackTraceUtility:ExtractStackTrace () (at /Users/bokken/build/output/unity/unity/Runtime/Export/Scripting/StackTrace.cs:35)
UnityEngine.DebugLogHandler:Internal_Log (UnityEngine.LogType,UnityEngine.LogOption,string,UnityEngine.Object)
UnityEngine.DebugLogHandler:LogFormat (UnityEngine.LogType,UnityEngine.Object,string,object[])
UnityEngine.Logger:Log (UnityEngine.LogType,object)
UnityEngine.Debug:Log (object)
PerfScenario:CompareParity (PerfScenario/RunResult,string,single,single,single,bool) (at Assets/Scripts/Diagnostics/PerfScenario.cs:959)
PerfScenario:EvaluateParity () (at Assets/Scripts/Diagnostics/PerfScenario.cs:946)
PerfScenario/<Start>d__40:MoveNext () (at Assets/Scripts/Diagnostics/PerfScenario.cs:265)
UnityEngine.SetupCoroutine:InvokeMoveNext (System.Collections.IEnumerator,intptr) (at /Users/bokken/build/output/unity/unity/Runtime/Export/Scripting/Coroutines.cs:17)

(Filename: Assets/Scripts/Diagnostics/PerfScenario.cs Line: 959)

PERF PASS T-Default-1x
UnityEngine.Debug:ExtractStackTraceNoAlloc (byte*,int,string)
UnityEngine.StackTraceUtility:ExtractStackTrace () (at /Users/bokken/build/output/unity/unity/Runtime/Export/Scripting/StackTrace.cs:35)
UnityEngine.DebugLogHandler:Internal_Log (UnityEngine.LogType,UnityEngine.LogOption,string,UnityEngine.Object)
UnityEngine.DebugLogHandler:LogFormat (UnityEngine.LogType,UnityEngine.Object,string,object[])
UnityEngine.Logger:Log (UnityEngine.LogType,object)
UnityEngine.Debug:Log (object)
PerfScenario:WriteResults () (at Assets/Scripts/Diagnostics/PerfScenario.cs:974)
PerfScenario/<Start>d__40:MoveNext () (at Assets/Scripts/Diagnostics/PerfScenario.cs:266)
UnityEngine.SetupCoroutine:InvokeMoveNext (System.Collections.IEnumerator,intptr) (at /Users/bokken/build/output/unity/unity/Runtime/Export/Scripting/Coroutines.cs:17)

(Filename: Assets/Scripts/Diagnostics/PerfScenario.cs Line: 974)

PERF FAIL T-Default-3x: death animations skipped: 27 of 27
UnityEngine.Debug:ExtractStackTraceNoAlloc (byte*,int,string)
UnityEngine.StackTraceUtility:ExtractStackTrace () (at /Users/bokken/build/output/unity/unity/Runtime/Export/Scripting/StackTrace.cs:35)
UnityEngine.DebugLogHandler:Internal_Log (UnityEngine.LogType,UnityEngine.LogOption,string,UnityEngine.Object)
UnityEngine.DebugLogHandler:LogFormat (UnityEngine.LogType,UnityEngine.Object,string,object[])
UnityEngine.Logger:Log (UnityEngine.LogType,object)
UnityEngine.Debug:Log (object)
PerfScenario:WriteResults () (at Assets/Scripts/Diagnostics/PerfScenario.cs:971)
PerfScenario/<Start>d__40:MoveNext () (at Assets/Scripts/Diagnostics/PerfScenario.cs:266)
UnityEngine.SetupCoroutine:InvokeMoveNext (System.Collections.IEnumerator,intptr) (at /Users/bokken/build/output/unity/unity/Runtime/Export/Scripting/Coroutines.cs:17)

(Filename: Assets/Scripts/Diagnostics/PerfScenario.cs Line: 971)

PERF FAIL T-Default-5x: death animations skipped: 28 of 28
UnityEngine.Debug:ExtractStackTraceNoAlloc (byte*,int,string)
UnityEngine.StackTraceUtility:ExtractStackTrace () (at /Users/bokken/build/output/unity/unity/Runtime/Export/Scripting/StackTrace.cs:35)
UnityEngine.DebugLogHandler:Internal_Log (UnityEngine.LogType,UnityEngine.LogOption,string,UnityEngine.Object)
UnityEngine.DebugLogHandler:LogFormat (UnityEngine.LogType,UnityEngine.Object,string,object[])
UnityEngine.Logger:Log (UnityEngine.LogType,object)
UnityEngine.Debug:Log (object)
PerfScenario:WriteResults () (at Assets/Scripts/Diagnostics/PerfScenario.cs:971)
PerfScenario/<Start>d__40:MoveNext () (at Assets/Scripts/Diagnostics/PerfScenario.cs:266)
UnityEngine.SetupCoroutine:InvokeMoveNext (System.Collections.IEnumerator,intptr) (at /Users/bokken/build/output/unity/unity/Runtime/Export/Scripting/Coroutines.cs:17)

(Filename: Assets/Scripts/Diagnostics/PerfScenario.cs Line: 971)

PERF PASS T-Core-1x
UnityEngine.Debug:ExtractStackTraceNoAlloc (byte*,int,string)
UnityEngine.StackTraceUtility:ExtractStackTrace () (at /Users/bokken/build/output/unity/unity/Runtime/Export/Scripting/StackTrace.cs:35)
UnityEngine.DebugLogHandler:Internal_Log (UnityEngine.LogType,UnityEngine.LogOption,string,UnityEngine.Object)
UnityEngine.DebugLogHandler:LogFormat (UnityEngine.LogType,UnityEngine.Object,string,object[])
UnityEngine.Logger:Log (UnityEngine.LogType,object)
UnityEngine.Debug:Log (object)
PerfScenario:WriteResults () (at Assets/Scripts/Diagnostics/PerfScenario.cs:974)
PerfScenario/<Start>d__40:MoveNext () (at Assets/Scripts/Diagnostics/PerfScenario.cs:266)
UnityEngine.SetupCoroutine:InvokeMoveNext (System.Collections.IEnumerator,intptr) (at /Users/bokken/build/output/unity/unity/Runtime/Export/Scripting/Coroutines.cs:17)

(Filename: Assets/Scripts/Diagnostics/PerfScenario.cs Line: 974)

PERF PASS T-Core-3x
UnityEngine.Debug:ExtractStackTraceNoAlloc (byte*,int,string)
UnityEngine.StackTraceUtility:ExtractStackTrace () (at /Users/bokken/build/output/unity/unity/Runtime/Export/Scripting/StackTrace.cs:35)
UnityEngine.DebugLogHandler:Internal_Log (UnityEngine.LogType,UnityEngine.LogOption,string,UnityEngine.Object)
UnityEngine.DebugLogHandler:LogFormat (UnityEngine.LogType,UnityEngine.Object,string,object[])
UnityEngine.Logger:Log (UnityEngine.LogType,object)
UnityEngine.Debug:Log (object)
PerfScenario:WriteResults () (at Assets/Scripts/Diagnostics/PerfScenario.cs:974)
PerfScenario/<Start>d__40:MoveNext () (at Assets/Scripts/Diagnostics/PerfScenario.cs:266)
UnityEngine.SetupCoroutine:InvokeMoveNext (System.Collections.IEnumerator,intptr) (at /Users/bokken/build/output/unity/unity/Runtime/Export/Scripting/Coroutines.cs:17)

(Filename: Assets/Scripts/Diagnostics/PerfScenario.cs Line: 974)

PERF PASS T-Core-5x
UnityEngine.Debug:ExtractStackTraceNoAlloc (byte*,int,string)
UnityEngine.StackTraceUtility:ExtractStackTrace () (at /Users/bokken/build/output/unity/unity/Runtime/Export/Scripting/StackTrace.cs:35)
UnityEngine.DebugLogHandler:Internal_Log (UnityEngine.LogType,UnityEngine.LogOption,string,UnityEngine.Object)
UnityEngine.DebugLogHandler:LogFormat (UnityEngine.LogType,UnityEngine.Object,string,object[])
UnityEngine.Logger:Log (UnityEngine.LogType,object)
UnityEngine.Debug:Log (object)
PerfScenario:WriteResults () (at Assets/Scripts/Diagnostics/PerfScenario.cs:974)
PerfScenario/<Start>d__40:MoveNext () (at Assets/Scripts/Diagnostics/PerfScenario.cs:266)
UnityEngine.SetupCoroutine:InvokeMoveNext (System.Collections.IEnumerator,intptr) (at /Users/bokken/build/output/unity/unity/Runtime/Export/Scripting/Coroutines.cs:17)

(Filename: Assets/Scripts/Diagnostics/PerfScenario.cs Line: 974)

PERF FAIL T-Bomb-1x: death animations skipped: 359 of 895
UnityEngine.Debug:ExtractStackTraceNoAlloc (byte*,int,string)
UnityEngine.StackTraceUtility:ExtractStackTrace () (at /Users/bokken/build/output/unity/unity/Runtime/Export/Scripting/StackTrace.cs:35)
UnityEngine.DebugLogHandler:Internal_Log (UnityEngine.LogType,UnityEngine.LogOption,string,UnityEngine.Object)
UnityEngine.DebugLogHandler:LogFormat (UnityEngine.LogType,UnityEngine.Object,string,object[])
UnityEngine.Logger:Log (UnityEngine.LogType,object)
UnityEngine.Debug:Log (object)
PerfScenario:WriteResults () (at Assets/Scripts/Diagnostics/PerfScenario.cs:971)
PerfScenario/<Start>d__40:MoveNext () (at Assets/Scripts/Diagnostics/PerfScenario.cs:266)
UnityEngine.SetupCoroutine:InvokeMoveNext (System.Collections.IEnumerator,intptr) (at /Users/bokken/build/output/unity/unity/Runtime/Export/Scripting/Coroutines.cs:17)

(Filename: Assets/Scripts/Diagnostics/PerfScenario.cs Line: 971)

PERF FAIL T-Bomb-3x: death animations skipped: 896 of 896
UnityEngine.Debug:ExtractStackTraceNoAlloc (byte*,int,string)
UnityEngine.StackTraceUtility:ExtractStackTrace () (at /Users/bokken/build/output/unity/unity/Runtime/Export/Scripting/StackTrace.cs:35)
UnityEngine.DebugLogHandler:Internal_Log (UnityEngine.LogType,UnityEngine.LogOption,string,UnityEngine.Object)
UnityEngine.DebugLogHandler:LogFormat (UnityEngine.LogType,UnityEngine.Object,string,object[])
UnityEngine.Logger:Log (UnityEngine.LogType,object)
UnityEngine.Debug:Log (object)
PerfScenario:WriteResults () (at Assets/Scripts/Diagnostics/PerfScenario.cs:971)
PerfScenario/<Start>d__40:MoveNext () (at Assets/Scripts/Diagnostics/PerfScenario.cs:266)
UnityEngine.SetupCoroutine:InvokeMoveNext (System.Collections.IEnumerator,intptr) (at /Users/bokken/build/output/unity/unity/Runtime/Export/Scripting/Coroutines.cs:17)

(Filename: Assets/Scripts/Diagnostics/PerfScenario.cs Line: 971)

PERF FAIL T-Bomb-5x: death animations skipped: 896 of 896
UnityEngine.Debug:ExtractStackTraceNoAlloc (byte*,int,string)
UnityEngine.StackTraceUtility:ExtractStackTrace () (at /Users/bokken/build/output/unity/unity/Runtime/Export/Scripting/StackTrace.cs:35)
UnityEngine.DebugLogHandler:Internal_Log (UnityEngine.LogType,UnityEngine.LogOption,string,UnityEngine.Object)
UnityEngine.DebugLogHandler:LogFormat (UnityEngine.LogType,UnityEngine.Object,string,object[])
UnityEngine.Logger:Log (UnityEngine.LogType,object)
UnityEngine.Debug:Log (object)
PerfScenario:WriteResults () (at Assets/Scripts/Diagnostics/PerfScenario.cs:971)
PerfScenario/<Start>d__40:MoveNext () (at Assets/Scripts/Diagnostics/PerfScenario.cs:266)
UnityEngine.SetupCoroutine:InvokeMoveNext (System.Collections.IEnumerator,intptr) (at /Users/bokken/build/output/unity/unity/Runtime/Export/Scripting/Coroutines.cs:17)

(Filename: Assets/Scripts/Diagnostics/PerfScenario.cs Line: 971)

PERF PASS T-Sniper-1x
UnityEngine.Debug:ExtractStackTraceNoAlloc (byte*,int,string)
UnityEngine.StackTraceUtility:ExtractStackTrace () (at /Users/bokken/build/output/unity/unity/Runtime/Export/Scripting/StackTrace.cs:35)
UnityEngine.DebugLogHandler:Internal_Log (UnityEngine.LogType,UnityEngine.LogOption,string,UnityEngine.Object)
UnityEngine.DebugLogHandler:LogFormat (UnityEngine.LogType,UnityEngine.Object,string,object[])
UnityEngine.Logger:Log (UnityEngine.LogType,object)
UnityEngine.Debug:Log (object)
PerfScenario:WriteResults () (at Assets/Scripts/Diagnostics/PerfScenario.cs:974)
PerfScenario/<Start>d__40:MoveNext () (at Assets/Scripts/Diagnostics/PerfScenario.cs:266)
UnityEngine.SetupCoroutine:InvokeMoveNext (System.Collections.IEnumerator,intptr) (at /Users/bokken/build/output/unity/unity/Runtime/Export/Scripting/Coroutines.cs:17)

(Filename: Assets/Scripts/Diagnostics/PerfScenario.cs Line: 974)

PERF FAIL T-Sniper-3x: death animations skipped: 73 of 73
UnityEngine.Debug:ExtractStackTraceNoAlloc (byte*,int,string)
UnityEngine.StackTraceUtility:ExtractStackTrace () (at /Users/bokken/build/output/unity/unity/Runtime/Export/Scripting/StackTrace.cs:35)
UnityEngine.DebugLogHandler:Internal_Log (UnityEngine.LogType,UnityEngine.LogOption,string,UnityEngine.Object)
UnityEngine.DebugLogHandler:LogFormat (UnityEngine.LogType,UnityEngine.Object,string,object[])
UnityEngine.Logger:Log (UnityEngine.LogType,object)
UnityEngine.Debug:Log (object)
PerfScenario:WriteResults () (at Assets/Scripts/Diagnostics/PerfScenario.cs:971)
PerfScenario/<Start>d__40:MoveNext () (at Assets/Scripts/Diagnostics/PerfScenario.cs:266)
UnityEngine.SetupCoroutine:InvokeMoveNext (System.Collections.IEnumerator,intptr) (at /Users/bokken/build/output/unity/unity/Runtime/Export/Scripting/Coroutines.cs:17)

(Filename: Assets/Scripts/Diagnostics/PerfScenario.cs Line: 971)

PERF FAIL T-Sniper-5x: death animations skipped: 73 of 73
UnityEngine.Debug:ExtractStackTraceNoAlloc (byte*,int,string)
UnityEngine.StackTraceUtility:ExtractStackTrace () (at /Users/bokken/build/output/unity/unity/Runtime/Export/Scripting/StackTrace.cs:35)
UnityEngine.DebugLogHandler:Internal_Log (UnityEngine.LogType,UnityEngine.LogOption,string,UnityEngine.Object)
UnityEngine.DebugLogHandler:LogFormat (UnityEngine.LogType,UnityEngine.Object,string,object[])
UnityEngine.Logger:Log (UnityEngine.LogType,object)
UnityEngine.Debug:Log (object)
PerfScenario:WriteResults () (at Assets/Scripts/Diagnostics/PerfScenario.cs:971)
PerfScenario/<Start>d__40:MoveNext () (at Assets/Scripts/Diagnostics/PerfScenario.cs:266)
UnityEngine.SetupCoroutine:InvokeMoveNext (System.Collections.IEnumerator,intptr) (at /Users/bokken/build/output/unity/unity/Runtime/Export/Scripting/Coroutines.cs:17)

(Filename: Assets/Scripts/Diagnostics/PerfScenario.cs Line: 971)

PERF PASS T-Beam-1x
UnityEngine.Debug:ExtractStackTraceNoAlloc (byte*,int,string)
UnityEngine.StackTraceUtility:ExtractStackTrace () (at /Users/bokken/build/output/unity/unity/Runtime/Export/Scripting/StackTrace.cs:35)
UnityEngine.DebugLogHandler:Internal_Log (UnityEngine.LogType,UnityEngine.LogOption,string,UnityEngine.Object)
UnityEngine.DebugLogHandler:LogFormat (UnityEngine.LogType,UnityEngine.Object,string,object[])
UnityEngine.Logger:Log (UnityEngine.LogType,object)
UnityEngine.Debug:Log (object)
PerfScenario:WriteResults () (at Assets/Scripts/Diagnostics/PerfScenario.cs:974)
PerfScenario/<Start>d__40:MoveNext () (at Assets/Scripts/Diagnostics/PerfScenario.cs:266)
UnityEngine.SetupCoroutine:InvokeMoveNext (System.Collections.IEnumerator,intptr) (at /Users/bokken/build/output/unity/unity/Runtime/Export/Scripting/Coroutines.cs:17)

(Filename: Assets/Scripts/Diagnostics/PerfScenario.cs Line: 974)

PERF PASS T-Beam-3x
UnityEngine.Debug:ExtractStackTraceNoAlloc (byte*,int,string)
UnityEngine.StackTraceUtility:ExtractStackTrace () (at /Users/bokken/build/output/unity/unity/Runtime/Export/Scripting/StackTrace.cs:35)
UnityEngine.DebugLogHandler:Internal_Log (UnityEngine.LogType,UnityEngine.LogOption,string,UnityEngine.Object)
UnityEngine.DebugLogHandler:LogFormat (UnityEngine.LogType,UnityEngine.Object,string,object[])
UnityEngine.Logger:Log (UnityEngine.LogType,object)
UnityEngine.Debug:Log (object)
PerfScenario:WriteResults () (at Assets/Scripts/Diagnostics/PerfScenario.cs:974)
PerfScenario/<Start>d__40:MoveNext () (at Assets/Scripts/Diagnostics/PerfScenario.cs:266)
UnityEngine.SetupCoroutine:InvokeMoveNext (System.Collections.IEnumerator,intptr) (at /Users/bokken/build/output/unity/unity/Runtime/Export/Scripting/Coroutines.cs:17)

(Filename: Assets/Scripts/Diagnostics/PerfScenario.cs Line: 974)

PERF PASS T-Beam-5x
UnityEngine.Debug:ExtractStackTraceNoAlloc (byte*,int,string)
UnityEngine.StackTraceUtility:ExtractStackTrace () (at /Users/bokken/build/output/unity/unity/Runtime/Export/Scripting/StackTrace.cs:35)
UnityEngine.DebugLogHandler:Internal_Log (UnityEngine.LogType,UnityEngine.LogOption,string,UnityEngine.Object)
UnityEngine.DebugLogHandler:LogFormat (UnityEngine.LogType,UnityEngine.Object,string,object[])
UnityEngine.Logger:Log (UnityEngine.LogType,object)
UnityEngine.Debug:Log (object)
PerfScenario:WriteResults () (at Assets/Scripts/Diagnostics/PerfScenario.cs:974)
PerfScenario/<Start>d__40:MoveNext () (at Assets/Scripts/Diagnostics/PerfScenario.cs:266)
UnityEngine.SetupCoroutine:InvokeMoveNext (System.Collections.IEnumerator,intptr) (at /Users/bokken/build/output/unity/unity/Runtime/Export/Scripting/Coroutines.cs:17)

(Filename: Assets/Scripts/Diagnostics/PerfScenario.cs Line: 974)

PERF PASS T-BulletDispenser-1x
UnityEngine.Debug:ExtractStackTraceNoAlloc (byte*,int,string)
UnityEngine.StackTraceUtility:ExtractStackTrace () (at /Users/bokken/build/output/unity/unity/Runtime/Export/Scripting/StackTrace.cs:35)
UnityEngine.DebugLogHandler:Internal_Log (UnityEngine.LogType,UnityEngine.LogOption,string,UnityEngine.Object)
UnityEngine.DebugLogHandler:LogFormat (UnityEngine.LogType,UnityEngine.Object,string,object[])
UnityEngine.Logger:Log (UnityEngine.LogType,object)
UnityEngine.Debug:Log (object)
PerfScenario:WriteResults () (at Assets/Scripts/Diagnostics/PerfScenario.cs:974)
PerfScenario/<Start>d__40:MoveNext () (at Assets/Scripts/Diagnostics/PerfScenario.cs:266)
UnityEngine.SetupCoroutine:InvokeMoveNext (System.Collections.IEnumerator,intptr) (at /Users/bokken/build/output/unity/unity/Runtime/Export/Scripting/Coroutines.cs:17)

(Filename: Assets/Scripts/Diagnostics/PerfScenario.cs Line: 974)

PERF PASS T-BulletDispenser-3x
UnityEngine.Debug:ExtractStackTraceNoAlloc (byte*,int,string)
UnityEngine.StackTraceUtility:ExtractStackTrace () (at /Users/bokken/build/output/unity/unity/Runtime/Export/Scripting/StackTrace.cs:35)
UnityEngine.DebugLogHandler:Internal_Log (UnityEngine.LogType,UnityEngine.LogOption,string,UnityEngine.Object)
UnityEngine.DebugLogHandler:LogFormat (UnityEngine.LogType,UnityEngine.Object,string,object[])
UnityEngine.Logger:Log (UnityEngine.LogType,object)
UnityEngine.Debug:Log (object)
PerfScenario:WriteResults () (at Assets/Scripts/Diagnostics/PerfScenario.cs:974)
PerfScenario/<Start>d__40:MoveNext () (at Assets/Scripts/Diagnostics/PerfScenario.cs:266)
UnityEngine.SetupCoroutine:InvokeMoveNext (System.Collections.IEnumerator,intptr) (at /Users/bokken/build/output/unity/unity/Runtime/Export/Scripting/Coroutines.cs:17)

(Filename: Assets/Scripts/Diagnostics/PerfScenario.cs Line: 974)

PERF PASS T-BulletDispenser-5x
UnityEngine.Debug:ExtractStackTraceNoAlloc (byte*,int,string)
UnityEngine.StackTraceUtility:ExtractStackTrace () (at /Users/bokken/build/output/unity/unity/Runtime/Export/Scripting/StackTrace.cs:35)
UnityEngine.DebugLogHandler:Internal_Log (UnityEngine.LogType,UnityEngine.LogOption,string,UnityEngine.Object)
UnityEngine.DebugLogHandler:LogFormat (UnityEngine.LogType,UnityEngine.Object,string,object[])
UnityEngine.Logger:Log (UnityEngine.LogType,object)
UnityEngine.Debug:Log (object)
PerfScenario:WriteResults () (at Assets/Scripts/Diagnostics/PerfScenario.cs:974)
PerfScenario/<Start>d__40:MoveNext () (at Assets/Scripts/Diagnostics/PerfScenario.cs:266)
UnityEngine.SetupCoroutine:InvokeMoveNext (System.Collections.IEnumerator,intptr) (at /Users/bokken/build/output/unity/unity/Runtime/Export/Scripting/Coroutines.cs:17)

(Filename: Assets/Scripts/Diagnostics/PerfScenario.cs Line: 974)

PERF PASS T-Hangar-1x
UnityEngine.Debug:ExtractStackTraceNoAlloc (byte*,int,string)
UnityEngine.StackTraceUtility:ExtractStackTrace () (at /Users/bokken/build/output/unity/unity/Runtime/Export/Scripting/StackTrace.cs:35)
UnityEngine.DebugLogHandler:Internal_Log (UnityEngine.LogType,UnityEngine.LogOption,string,UnityEngine.Object)
UnityEngine.DebugLogHandler:LogFormat (UnityEngine.LogType,UnityEngine.Object,string,object[])
UnityEngine.Logger:Log (UnityEngine.LogType,object)
UnityEngine.Debug:Log (object)
PerfScenario:WriteResults () (at Assets/Scripts/Diagnostics/PerfScenario.cs:974)
PerfScenario/<Start>d__40:MoveNext () (at Assets/Scripts/Diagnostics/PerfScenario.cs:266)
UnityEngine.SetupCoroutine:InvokeMoveNext (System.Collections.IEnumerator,intptr) (at /Users/bokken/build/output/unity/unity/Runtime/Export/Scripting/Coroutines.cs:17)

(Filename: Assets/Scripts/Diagnostics/PerfScenario.cs Line: 974)

PERF FAIL T-Hangar-3x: death animations skipped: 40 of 40
UnityEngine.Debug:ExtractStackTraceNoAlloc (byte*,int,string)
UnityEngine.StackTraceUtility:ExtractStackTrace () (at /Users/bokken/build/output/unity/unity/Runtime/Export/Scripting/StackTrace.cs:35)
UnityEngine.DebugLogHandler:Internal_Log (UnityEngine.LogType,UnityEngine.LogOption,string,UnityEngine.Object)
UnityEngine.DebugLogHandler:LogFormat (UnityEngine.LogType,UnityEngine.Object,string,object[])
UnityEngine.Logger:Log (UnityEngine.LogType,object)
UnityEngine.Debug:Log (object)
PerfScenario:WriteResults () (at Assets/Scripts/Diagnostics/PerfScenario.cs:971)
PerfScenario/<Start>d__40:MoveNext () (at Assets/Scripts/Diagnostics/PerfScenario.cs:266)
UnityEngine.SetupCoroutine:InvokeMoveNext (System.Collections.IEnumerator,intptr) (at /Users/bokken/build/output/unity/unity/Runtime/Export/Scripting/Coroutines.cs:17)

(Filename: Assets/Scripts/Diagnostics/PerfScenario.cs Line: 971)

PERF FAIL T-Hangar-3x damage: 687 vs 567 at 1x (+21.1%) exceeds 3%
UnityEngine.Debug:ExtractStackTraceNoAlloc (byte*,int,string)
UnityEngine.StackTraceUtility:ExtractStackTrace () (at /Users/bokken/build/output/unity/unity/Runtime/Export/Scripting/StackTrace.cs:35)
UnityEngine.DebugLogHandler:Internal_Log (UnityEngine.LogType,UnityEngine.LogOption,string,UnityEngine.Object)
UnityEngine.DebugLogHandler:LogFormat (UnityEngine.LogType,UnityEngine.Object,string,object[])
UnityEngine.Logger:Log (UnityEngine.LogType,object)
UnityEngine.Debug:Log (object)
PerfScenario:WriteResults () (at Assets/Scripts/Diagnostics/PerfScenario.cs:971)
PerfScenario/<Start>d__40:MoveNext () (at Assets/Scripts/Diagnostics/PerfScenario.cs:266)
UnityEngine.SetupCoroutine:InvokeMoveNext (System.Collections.IEnumerator,intptr) (at /Users/bokken/build/output/unity/unity/Runtime/Export/Scripting/Coroutines.cs:17)

(Filename: Assets/Scripts/Diagnostics/PerfScenario.cs Line: 971)

PERF FAIL T-Hangar-3x Hangar damage: 687 vs 567 at 1x (+21.2%) exceeds 5%
UnityEngine.Debug:ExtractStackTraceNoAlloc (byte*,int,string)
UnityEngine.StackTraceUtility:ExtractStackTrace () (at /Users/bokken/build/output/unity/unity/Runtime/Export/Scripting/StackTrace.cs:35)
UnityEngine.DebugLogHandler:Internal_Log (UnityEngine.LogType,UnityEngine.LogOption,string,UnityEngine.Object)
UnityEngine.DebugLogHandler:LogFormat (UnityEngine.LogType,UnityEngine.Object,string,object[])
UnityEngine.Logger:Log (UnityEngine.LogType,object)
UnityEngine.Debug:Log (object)
PerfScenario:WriteResults () (at Assets/Scripts/Diagnostics/PerfScenario.cs:971)
PerfScenario/<Start>d__40:MoveNext () (at Assets/Scripts/Diagnostics/PerfScenario.cs:266)
UnityEngine.SetupCoroutine:InvokeMoveNext (System.Collections.IEnumerator,intptr) (at /Users/bokken/build/output/unity/unity/Runtime/Export/Scripting/Coroutines.cs:17)

(Filename: Assets/Scripts/Diagnostics/PerfScenario.cs Line: 971)

PERF FAIL T-Hangar-5x: death animations skipped: 34 of 34
UnityEngine.Debug:ExtractStackTraceNoAlloc (byte*,int,string)
UnityEngine.StackTraceUtility:ExtractStackTrace () (at /Users/bokken/build/output/unity/unity/Runtime/Export/Scripting/StackTrace.cs:35)
UnityEngine.DebugLogHandler:Internal_Log (UnityEngine.LogType,UnityEngine.LogOption,string,UnityEngine.Object)
UnityEngine.DebugLogHandler:LogFormat (UnityEngine.LogType,UnityEngine.Object,string,object[])
UnityEngine.Logger:Log (UnityEngine.LogType,object)
UnityEngine.Debug:Log (object)
PerfScenario:WriteResults () (at Assets/Scripts/Diagnostics/PerfScenario.cs:971)
PerfScenario/<Start>d__40:MoveNext () (at Assets/Scripts/Diagnostics/PerfScenario.cs:266)
UnityEngine.SetupCoroutine:InvokeMoveNext (System.Collections.IEnumerator,intptr) (at /Users/bokken/build/output/unity/unity/Runtime/Export/Scripting/Coroutines.cs:17)

(Filename: Assets/Scripts/Diagnostics/PerfScenario.cs Line: 971)

PERF FAIL T-MineFactory-1x: death animations skipped: 1290 of 1679
UnityEngine.Debug:ExtractStackTraceNoAlloc (byte*,int,string)
UnityEngine.StackTraceUtility:ExtractStackTrace () (at /Users/bokken/build/output/unity/unity/Runtime/Export/Scripting/StackTrace.cs:35)
UnityEngine.DebugLogHandler:Internal_Log (UnityEngine.LogType,UnityEngine.LogOption,string,UnityEngine.Object)
UnityEngine.DebugLogHandler:LogFormat (UnityEngine.LogType,UnityEngine.Object,string,object[])
UnityEngine.Logger:Log (UnityEngine.LogType,object)
UnityEngine.Debug:Log (object)
PerfScenario:WriteResults () (at Assets/Scripts/Diagnostics/PerfScenario.cs:971)
PerfScenario/<Start>d__40:MoveNext () (at Assets/Scripts/Diagnostics/PerfScenario.cs:266)
UnityEngine.SetupCoroutine:InvokeMoveNext (System.Collections.IEnumerator,intptr) (at /Users/bokken/build/output/unity/unity/Runtime/Export/Scripting/Coroutines.cs:17)

(Filename: Assets/Scripts/Diagnostics/PerfScenario.cs Line: 971)

PERF FAIL T-MineFactory-3x: death animations skipped: 1688 of 1688
UnityEngine.Debug:ExtractStackTraceNoAlloc (byte*,int,string)
UnityEngine.StackTraceUtility:ExtractStackTrace () (at /Users/bokken/build/output/unity/unity/Runtime/Export/Scripting/StackTrace.cs:35)
UnityEngine.DebugLogHandler:Internal_Log (UnityEngine.LogType,UnityEngine.LogOption,string,UnityEngine.Object)
UnityEngine.DebugLogHandler:LogFormat (UnityEngine.LogType,UnityEngine.Object,string,object[])
UnityEngine.Logger:Log (UnityEngine.LogType,object)
UnityEngine.Debug:Log (object)
PerfScenario:WriteResults () (at Assets/Scripts/Diagnostics/PerfScenario.cs:971)
PerfScenario/<Start>d__40:MoveNext () (at Assets/Scripts/Diagnostics/PerfScenario.cs:266)
UnityEngine.SetupCoroutine:InvokeMoveNext (System.Collections.IEnumerator,intptr) (at /Users/bokken/build/output/unity/unity/Runtime/Export/Scripting/Coroutines.cs:17)

(Filename: Assets/Scripts/Diagnostics/PerfScenario.cs Line: 971)

PERF FAIL T-MineFactory-5x: death animations skipped: 1697 of 1697
UnityEngine.Debug:ExtractStackTraceNoAlloc (byte*,int,string)
UnityEngine.StackTraceUtility:ExtractStackTrace () (at /Users/bokken/build/output/unity/unity/Runtime/Export/Scripting/StackTrace.cs:35)
UnityEngine.DebugLogHandler:Internal_Log (UnityEngine.LogType,UnityEngine.LogOption,string,UnityEngine.Object)
UnityEngine.DebugLogHandler:LogFormat (UnityEngine.LogType,UnityEngine.Object,string,object[])
UnityEngine.Logger:Log (UnityEngine.LogType,object)
UnityEngine.Debug:Log (object)
PerfScenario:WriteResults () (at Assets/Scripts/Diagnostics/PerfScenario.cs:971)
PerfScenario/<Start>d__40:MoveNext () (at Assets/Scripts/Diagnostics/PerfScenario.cs:266)
UnityEngine.SetupCoroutine:InvokeMoveNext (System.Collections.IEnumerator,intptr) (at /Users/bokken/build/output/unity/unity/Runtime/Export/Scripting/Coroutines.cs:17)

(Filename: Assets/Scripts/Diagnostics/PerfScenario.cs Line: 971)

PERF finished, 14 failed checks, results in /Users/philipp/Projects/3DTD/tasks/perf/perf-parity-20261004-142512.json
UnityEngine.Debug:ExtractStackTraceNoAlloc (byte*,int,string)
UnityEngine.StackTraceUtility:ExtractStackTrace () (at /Users/bokken/build/output/unity/unity/Runtime/Export/Scripting/StackTrace.cs:35)
UnityEngine.DebugLogHandler:Internal_Log (UnityEngine.LogType,UnityEngine.LogOption,string,UnityEngine.Object)
UnityEngine.DebugLogHandler:LogFormat (UnityEngine.LogType,UnityEngine.Object,string,object[])
UnityEngine.Logger:Log (UnityEngine.LogType,object)
UnityEngine.Debug:Log (object)
PerfScenario:WriteResults () (at Assets/Scripts/Diagnostics/PerfScenario.cs:982)
PerfScenario/<Start>d__40:MoveNext () (at Assets/Scripts/Diagnostics/PerfScenario.cs:266)
UnityEngine.SetupCoroutine:InvokeMoveNext (System.Collections.IEnumerator,intptr) (at /Users/bokken/build/output/unity/unity/Runtime/Export/Scripting/Coroutines.cs:17)

(Filename: Assets/Scripts/Diagnostics/PerfScenario.cs Line: 982)

Thread 0x704d6d7000 may have been prematurely finalized
LightingSettings: switching bake backend from 2 to 1.
Unloading 1 Unused Serialized files (Serialized files now loaded: 0)
Loaded scene 'Temp/__Backupscenes/0.backup'
	Deserialize:            32.794 ms
	Integration:            185.476 ms
	Integration of assets:  0.010 ms
	Thread Wait Time:       0.001 ms
	Total Operation Time:   218.280 ms
Unloading 7 unused Assets / (2.1 MB). Loaded Objects now: 21832.
Memory consumption went from 0.61 GB to 0.61 GB.
Total: 17.116750 ms (FindLiveObjects: 0.681083 ms CreateObjectMapping: 1.625250 ms MarkObjects: 14.165459 ms  DeleteObjects: 0.644750 ms)

[Licensing::Client] Successfully resolved entitlement details
[Licensing::Module] License group:
  Id: F4-E4SU-4NGG-F7VJ-4QU2-XXXX
  Product: Unity Personal
  Type: ULF
  Expiration: Unlimited
[Licensing::Module] License group:
  Id: 9071000562088-UnityPersXXXX
  Product: Unity Personal
  Type: Assigned
  Expiration: Unlimited
[UnityConnectServicesConfig] config is NOT valid, switching to default
PERF benchmark finished, 14 failed checks
UnityEngine.Debug:ExtractStackTraceNoAlloc (byte*,int,string)
UnityEngine.StackTraceUtility:ExtractStackTrace () (at /Users/bokken/build/output/unity/unity/Runtime/Export/Scripting/StackTrace.cs:35)
UnityEngine.DebugLogHandler:Internal_Log (UnityEngine.LogType,UnityEngine.LogOption,string,UnityEngine.Object)
UnityEngine.DebugLogHandler:LogFormat (UnityEngine.LogType,UnityEngine.Object,string,object[])
UnityEngine.Logger:Log (UnityEngine.LogType,object)
UnityEngine.Debug:Log (object)
PerfBenchmark:Finish () (at Assets/Editor/Perf/PerfBenchmark.cs:86)
PerfBenchmark:Tick () (at Assets/Editor/Perf/PerfBenchmark.cs:57)
UnityEditor.EditorApplication:Internal_CallUpdateFunctions () (at /Users/bokken/build/output/unity/unity/Editor/Mono/EditorApplication.cs:403)

(Filename: Assets/Editor/Perf/PerfBenchmark.cs Line: 86)

MonoPathRemapper: Attempts to remap: 50437; Successful remaps: 4
Thread 0x704ddcf000 may have been prematurely finalized
Serialized file version minimum: 23, current 23
Clearing [Manrope-Bold SDF] dynamic font asset data.
UnityEngine.Debug:ExtractStackTraceNoAlloc (byte*,int,string)
UnityEngine.StackTraceUtility:ExtractStackTrace () (at /Users/bokken/build/output/unity/unity/Runtime/Export/Scripting/StackTrace.cs:35)
UnityEngine.DebugLogHandler:Internal_Log (UnityEngine.LogType,UnityEngine.LogOption,string,UnityEngine.Object)
UnityEngine.DebugLogHandler:LogFormat (UnityEngine.LogType,UnityEngine.Object,string,object[])
UnityEngine.Logger:Log (UnityEngine.LogType,object)
UnityEngine.Debug:Log (object)
TMPro.EditorEventCallbacks/<>c:<InitializeFontAssetResourceChangeCallBacks>b__0_0 () (at ./Library/PackageCache/com.unity.ugui@1c4864518158/Editor/TMP/TMP_EditorResourceManager.cs:36)
UnityEditor.EditorApplication:Internal_EditorApplicationQuit () (at /Users/bokken/build/output/unity/unity/Editor/Mono/EditorApplication.cs:128)
PerfBenchmark:Finish () (at Assets/Editor/Perf/PerfBenchmark.cs:88)
PerfBenchmark:Tick () (at Assets/Editor/Perf/PerfBenchmark.cs:57)
UnityEditor.EditorApplication:Internal_CallUpdateFunctions () (at /Users/bokken/build/output/unity/unity/Editor/Mono/EditorApplication.cs:403)

(Filename: ./Library/PackageCache/com.unity.ugui@1c4864518158/Editor/TMP/TMP_EditorResourceManager.cs Line: 36)

Clearing [Manrope-ExtraBold SDF] dynamic font asset data.
UnityEngine.Debug:ExtractStackTraceNoAlloc (byte*,int,string)
UnityEngine.StackTraceUtility:ExtractStackTrace () (at /Users/bokken/build/output/unity/unity/Runtime/Export/Scripting/StackTrace.cs:35)
UnityEngine.DebugLogHandler:Internal_Log (UnityEngine.LogType,UnityEngine.LogOption,string,UnityEngine.Object)
UnityEngine.DebugLogHandler:LogFormat (UnityEngine.LogType,UnityEngine.Object,string,object[])
UnityEngine.Logger:Log (UnityEngine.LogType,object)
UnityEngine.Debug:Log (object)
TMPro.EditorEventCallbacks/<>c:<InitializeFontAssetResourceChangeCallBacks>b__0_0 () (at ./Library/PackageCache/com.unity.ugui@1c4864518158/Editor/TMP/TMP_EditorResourceManager.cs:36)
UnityEditor.EditorApplication:Internal_EditorApplicationQuit () (at /Users/bokken/build/output/unity/unity/Editor/Mono/EditorApplication.cs:128)
PerfBenchmark:Finish () (at Assets/Editor/Perf/PerfBenchmark.cs:88)
PerfBenchmark:Tick () (at Assets/Editor/Perf/PerfBenchmark.cs:57)
UnityEditor.EditorApplication:Internal_CallUpdateFunctions () (at /Users/bokken/build/output/unity/unity/Editor/Mono/EditorApplication.cs:403)

(Filename: ./Library/PackageCache/com.unity.ugui@1c4864518158/Editor/TMP/TMP_EditorResourceManager.cs Line: 36)

Clearing [Manrope-Medium SDF] dynamic font asset data.
UnityEngine.Debug:ExtractStackTraceNoAlloc (byte*,int,string)
UnityEngine.StackTraceUtility:ExtractStackTrace () (at /Users/bokken/build/output/unity/unity/Runtime/Export/Scripting/StackTrace.cs:35)
UnityEngine.DebugLogHandler:Internal_Log (UnityEngine.LogType,UnityEngine.LogOption,string,UnityEngine.Object)
UnityEngine.DebugLogHandler:LogFormat (UnityEngine.LogType,UnityEngine.Object,string,object[])
UnityEngine.Logger:Log (UnityEngine.LogType,object)
UnityEngine.Debug:Log (object)
TMPro.EditorEventCallbacks/<>c:<InitializeFontAssetResourceChangeCallBacks>b__0_0 () (at ./Library/PackageCache/com.unity.ugui@1c4864518158/Editor/TMP/TMP_EditorResourceManager.cs:36)
UnityEditor.EditorApplication:Internal_EditorApplicationQuit () (at /Users/bokken/build/output/unity/unity/Editor/Mono/EditorApplication.cs:128)
PerfBenchmark:Finish () (at Assets/Editor/Perf/PerfBenchmark.cs:88)
PerfBenchmark:Tick () (at Assets/Editor/Perf/PerfBenchmark.cs:57)
UnityEditor.EditorApplication:Internal_CallUpdateFunctions () (at /Users/bokken/build/output/unity/unity/Editor/Mono/EditorApplication.cs:403)

(Filename: ./Library/PackageCache/com.unity.ugui@1c4864518158/Editor/TMP/TMP_EditorResourceManager.cs Line: 36)

Clearing [Manrope-SemiBold SDF] dynamic font asset data.
UnityEngine.Debug:ExtractStackTraceNoAlloc (byte*,int,string)
UnityEngine.StackTraceUtility:ExtractStackTrace () (at /Users/bokken/build/output/unity/unity/Runtime/Export/Scripting/StackTrace.cs:35)
UnityEngine.DebugLogHandler:Internal_Log (UnityEngine.LogType,UnityEngine.LogOption,string,UnityEngine.Object)
UnityEngine.DebugLogHandler:LogFormat (UnityEngine.LogType,UnityEngine.Object,string,object[])
UnityEngine.Logger:Log (UnityEngine.LogType,object)
UnityEngine.Debug:Log (object)
TMPro.EditorEventCallbacks/<>c:<InitializeFontAssetResourceChangeCallBacks>b__0_0 () (at ./Library/PackageCache/com.unity.ugui@1c4864518158/Editor/TMP/TMP_EditorResourceManager.cs:36)
UnityEditor.EditorApplication:Internal_EditorApplicationQuit () (at /Users/bokken/build/output/unity/unity/Editor/Mono/EditorApplication.cs:128)
PerfBenchmark:Finish () (at Assets/Editor/Perf/PerfBenchmark.cs:88)
PerfBenchmark:Tick () (at Assets/Editor/Perf/PerfBenchmark.cs:57)
UnityEditor.EditorApplication:Internal_CallUpdateFunctions () (at /Users/bokken/build/output/unity/unity/Editor/Mono/EditorApplication.cs:403)

(Filename: ./Library/PackageCache/com.unity.ugui@1c4864518158/Editor/TMP/TMP_EditorResourceManager.cs Line: 36)

Clearing [Sora-Bold SDF] dynamic font asset data.
UnityEngine.Debug:ExtractStackTraceNoAlloc (byte*,int,string)
UnityEngine.StackTraceUtility:ExtractStackTrace () (at /Users/bokken/build/output/unity/unity/Runtime/Export/Scripting/StackTrace.cs:35)
UnityEngine.DebugLogHandler:Internal_Log (UnityEngine.LogType,UnityEngine.LogOption,string,UnityEngine.Object)
UnityEngine.DebugLogHandler:LogFormat (UnityEngine.LogType,UnityEngine.Object,string,object[])
UnityEngine.Logger:Log (UnityEngine.LogType,object)
UnityEngine.Debug:Log (object)
TMPro.EditorEventCallbacks/<>c:<InitializeFontAssetResourceChangeCallBacks>b__0_0 () (at ./Library/PackageCache/com.unity.ugui@1c4864518158/Editor/TMP/TMP_EditorResourceManager.cs:36)
UnityEditor.EditorApplication:Internal_EditorApplicationQuit () (at /Users/bokken/build/output/unity/unity/Editor/Mono/EditorApplication.cs:128)
PerfBenchmark:Finish () (at Assets/Editor/Perf/PerfBenchmark.cs:88)
PerfBenchmark:Tick () (at Assets/Editor/Perf/PerfBenchmark.cs:57)
UnityEditor.EditorApplication:Internal_CallUpdateFunctions () (at /Users/bokken/build/output/unity/unity/Editor/Mono/EditorApplication.cs:403)

(Filename: ./Library/PackageCache/com.unity.ugui@1c4864518158/Editor/TMP/TMP_EditorResourceManager.cs Line: 36)

Clearing [Sora-ExtraBold SDF] dynamic font asset data.
UnityEngine.Debug:ExtractStackTraceNoAlloc (byte*,int,string)
UnityEngine.StackTraceUtility:ExtractStackTrace () (at /Users/bokken/build/output/unity/unity/Runtime/Export/Scripting/StackTrace.cs:35)
UnityEngine.DebugLogHandler:Internal_Log (UnityEngine.LogType,UnityEngine.LogOption,string,UnityEngine.Object)
UnityEngine.DebugLogHandler:LogFormat (UnityEngine.LogType,UnityEngine.Object,string,object[])
UnityEngine.Logger:Log (UnityEngine.LogType,object)
UnityEngine.Debug:Log (object)
TMPro.EditorEventCallbacks/<>c:<InitializeFontAssetResourceChangeCallBacks>b__0_0 () (at ./Library/PackageCache/com.unity.ugui@1c4864518158/Editor/TMP/TMP_EditorResourceManager.cs:36)
UnityEditor.EditorApplication:Internal_EditorApplicationQuit () (at /Users/bokken/build/output/unity/unity/Editor/Mono/EditorApplication.cs:128)
PerfBenchmark:Finish () (at Assets/Editor/Perf/PerfBenchmark.cs:88)
PerfBenchmark:Tick () (at Assets/Editor/Perf/PerfBenchmark.cs:57)
UnityEditor.EditorApplication:Internal_CallUpdateFunctions () (at /Users/bokken/build/output/unity/unity/Editor/Mono/EditorApplication.cs:403)

(Filename: ./Library/PackageCache/com.unity.ugui@1c4864518158/Editor/TMP/TMP_EditorResourceManager.cs Line: 36)

Clearing [Sora-SemiBold SDF] dynamic font asset data.
UnityEngine.Debug:ExtractStackTraceNoAlloc (byte*,int,string)
UnityEngine.StackTraceUtility:ExtractStackTrace () (at /Users/bokken/build/output/unity/unity/Runtime/Export/Scripting/StackTrace.cs:35)
UnityEngine.DebugLogHandler:Internal_Log (UnityEngine.LogType,UnityEngine.LogOption,string,UnityEngine.Object)
UnityEngine.DebugLogHandler:LogFormat (UnityEngine.LogType,UnityEngine.Object,string,object[])
UnityEngine.Logger:Log (UnityEngine.LogType,object)
UnityEngine.Debug:Log (object)
TMPro.EditorEventCallbacks/<>c:<InitializeFontAssetResourceChangeCallBacks>b__0_0 () (at ./Library/PackageCache/com.unity.ugui@1c4864518158/Editor/TMP/TMP_EditorResourceManager.cs:36)
UnityEditor.EditorApplication:Internal_EditorApplicationQuit () (at /Users/bokken/build/output/unity/unity/Editor/Mono/EditorApplication.cs:128)
PerfBenchmark:Finish () (at Assets/Editor/Perf/PerfBenchmark.cs:88)
PerfBenchmark:Tick () (at Assets/Editor/Perf/PerfBenchmark.cs:57)
UnityEditor.EditorApplication:Internal_CallUpdateFunctions () (at /Users/bokken/build/output/unity/unity/Editor/Mono/EditorApplication.cs:403)

(Filename: ./Library/PackageCache/com.unity.ugui@1c4864518158/Editor/TMP/TMP_EditorResourceManager.cs Line: 36)

Killing ADB server in 0.053267 seconds.
Importing 'GUID: b5f29bad05304450b9ab7277dfd32ce8 - Path: Assets/Fonts/Manrope/Manrope-Medium SDF.asset' with importer (NativeFormatImporter)
Imported 'GUID: b5f29bad05304450b9ab7277dfd32ce8' -> (Import Result ID: 'cb61bb827e031fa6239d66c2fa0f8afc') in 0.006 seconds [static dependencies only]. Details - ImportResultOutputID=ec3ec3f93bcf507604567c953f0b5957 DependenciesID=0e93cbb86ed043d6c0888f94658301af StaticDependenciesID=8ea8a00619bf04645ebfb69cfeab46c1 
Importing 'GUID: 960a4a1fee038423aa04c0a49d711d9b - Path: Assets/Fonts/Sora/Sora-SemiBold SDF.asset' with importer (NativeFormatImporter)
Imported 'GUID: 960a4a1fee038423aa04c0a49d711d9b' -> (Import Result ID: 'f0ee152553e8dc9ac62a81a89426c631') in 0.001 seconds [static dependencies only]. Details - ImportResultOutputID=c5376367d9140c4416bf39f8fde47f00 DependenciesID=5c744164e1951a442ae180395d62e8b6 StaticDependenciesID=f13d0a39dfad3eb2dbaac050dfbcbc39 
Importing 'GUID: c72df4aa697254381b2ff24a4f97e6d3 - Path: Assets/Fonts/Manrope/Manrope-SemiBold SDF.asset' with importer (NativeFormatImporter)
Imported 'GUID: c72df4aa697254381b2ff24a4f97e6d3' -> (Import Result ID: '070301d1491a0a501e5cdab33f309727') in 0.001 seconds [static dependencies only]. Details - ImportResultOutputID=2e7c58826d8c337f1c251c33b9ba64de DependenciesID=3c4bb27d96b34c1e8f718436c8471291 StaticDependenciesID=3865d2f26254e37be2f57786f222801d 
Importing 'GUID: b81218380dce5435392e5af2bdd5146f - Path: Assets/Fonts/Sora/Sora-ExtraBold SDF.asset' with importer (NativeFormatImporter)
Imported 'GUID: b81218380dce5435392e5af2bdd5146f' -> (Import Result ID: '952eaa173b921a4527748364df4e20b5') in 0.001 seconds [static dependencies only]. Details - ImportResultOutputID=2af47ebb0121feff9988dee99997374f DependenciesID=10babd8e3a758188fd534925dec15bf3 StaticDependenciesID=5b137e6e3eced2c0039820e8c6cb931b 
Importing 'GUID: 9dbec836a26194eee9c3e94b0b2a02fe - Path: Assets/Fonts/Manrope/Manrope-ExtraBold SDF.asset' with importer (NativeFormatImporter)
Imported 'GUID: 9dbec836a26194eee9c3e94b0b2a02fe' -> (Import Result ID: 'e2b437b14b599a3a5c1993c327428e8d') in 0.001 seconds [static dependencies only]. Details - ImportResultOutputID=c965e93c81ab70ea8c040638d843abce DependenciesID=5803e16bd1725a33189edaa35a368a9a StaticDependenciesID=93dacaa17b23f991adbbf43d15d11526 
Importing 'GUID: 1f393a07920384164ace0f7c2173264d - Path: Assets/Fonts/Manrope/Manrope-Bold SDF.asset' with importer (NativeFormatImporter)
Imported 'GUID: 1f393a07920384164ace0f7c2173264d' -> (Import Result ID: 'ca9f0dcacc57f40995654255728eb9d7') in 0.000 seconds [static dependencies only]. Details - ImportResultOutputID=3743d3df6aade6316de34d1f0cd20126 DependenciesID=02b0bfd84aa6cd32b4032df49b5f3bdc StaticDependenciesID=d41a957394ebfb9fa858d1deb4161887 
Importing 'GUID: 7f6a6978d2a4943d9aaa8c7cba6e7253 - Path: Assets/Fonts/Sora/Sora-Bold SDF.asset' with importer (NativeFormatImporter)
Imported 'GUID: 7f6a6978d2a4943d9aaa8c7cba6e7253' -> (Import Result ID: '6532add561161054dda27c460bc06877') in 0.000 seconds [static dependencies only]. Details - ImportResultOutputID=8e8b4bce18643da22ccdc54c9e891c81 DependenciesID=53ba04d9b6026a3964a05a452e103e99 StaticDependenciesID=5a6cf94023de4b5e983bb54f40f87bc7 
"MSBuild-Server" wird heruntergefahren...
"VB/C#-Compilerserver" wird heruntergefahren...
Asset Pipeline Refresh (id=f15b933b43c7344e1b321476ac370352): Total: 0.140 seconds - Initiated by StopAssetImportingV2(NoUpdateAssetOptions)
Thread 0x7007dcb000 may have been prematurely finalized
"VB/C#-Compilerserver" wurde erfolgreich heruntergefahren.
Input System module state changed to: ShutdownInProgress.
Input Polling Thread exited.
Input System module state changed to: Shutdown.
[Physics::Module] Cleanup current backend.
[Physics::Module] Id: 0xf2b8ea05
[Licensing::IpcConnector] LicenseClient-philipp-notifications channel disconnected successfully.
[Licensing::IpcConnector] LicenseClient-philipp channel disconnected successfully.
Thread 0x16f063000 may have been prematurely finalized
Thread 0x16f0ef000 may have been prematurely finalized
Thread 0x16f17b000 may have been prematurely finalized
Thread 0x16f207000 may have been prematurely finalized
Thread 0x16f3ab000 may have been prematurely finalized
Thread 0x16f31f000 may have been prematurely finalized
Thread 0x16f293000 may have been prematurely finalized
Lingering sessions upon destruction of worker manager
AcceleratorClientConnectionCallback - disconnected - :0
Thread 0x179a3f000 may have been prematurely finalized
info: Microsoft.Hosting.Lifetime[0]
      Application is shutting down...
Cleanup mono
CodeReloadManager destroyed
info: Unity.ILPP.Runner.PostProcessingAssemblyLoadContext[0]
      ALC ILPP context 1 is unloading
"MSBuild-Server" wurde erfolgreich heruntergefahren.
debugger-agent: Unable to listen on 40
[usbmuxd] Stop listen thread
[usbmuxd] Error: 
[usbmuxd] Listen thread exiting
