Unity Editor version:    6000.5.8f1 (5cb7df797b7d)
Branch:                  6000.5/staging
Build type:              Release
Batch mode:              YES
macOS version:           Version 27.0 (Build 26A428)
Darwin version:          27.0.0
Architecture:            arm64
Running under Rosetta:   NO
Available memory:        65536 MB
Date:                    2026-10-04T12:53:07Z
[Licensing::Module] Trying to connect to existing licensing client channel...
[Licensing::IpcConnector] Successfully connected to: "LicenseClient-philipp" at "2026-10-04T12:53:07.493478Z"
Launching external process: /Applications/Unity/Hub/Editor/6000.5.8f1/Unity.app/Contents/Helpers/PackageManager/Server/UnityPackageManager

COMMAND LINE ARGUMENTS:
/Applications/Unity/Hub/Editor/6000.5.8f1/Unity.app/Contents/MacOS/Unity
-batchmode
-projectPath
/Users/philipp/Projects/3DTD/3DTD/3DTD
-executeMethod
PerfBenchmark.Run
-perfSuite
core
-logFile
tasks/perf/logs/phase4-core.log
Successfully changed project path to: /Users/philipp/Projects/3DTD/3DTD/3DTD
/Users/philipp/Projects/3DTD/3DTD/3DTD
[UnityMemory] Configuration Parameters - Can be set up in boot.config
    "memorysetup-temp-allocator-size-gi-baking-worker=262144"
    "memorysetup-temp-allocator-size-gi-baking-worker=262144"
    "memorysetup-temp-allocator-size-gi-baking-worker=262144"
    "memorysetup-temp-allocator-size-gi-baking-worker=262144"
    "memorysetup-temp-allocator-size-gi-baking-worker=262144"
    "memorysetup-temp-allocator-size-nav-mesh-worker=65536"
    "memorysetup-temp-allocator-size-audio-worker=65536"
    "memorysetup-temp-allocator-size-cloud-worker=32768"
    "memorysetup-allocator-temp-initial-block-size-main=262144"
    "memorysetup-allocator-temp-initial-block-size-worker=262144"
    "memorysetup-temp-allocator-size-preload-manager=33554432"
    "memorysetup-temp-allocator-size-gfx=262144"
    "memorysetup-temp-allocator-size-background-worker=32768"
    "memorysetup-temp-allocator-size-job-worker=262144"
    "memorysetup-bucket-allocator-granularity=16"
    "memorysetup-bucket-allocator-bucket-count=8"
    "memorysetup-bucket-allocator-block-size=33554432"
    "memorysetup-bucket-allocator-block-count=8"
    "memorysetup-main-allocator-block-size=16777216"
    "memorysetup-thread-allocator-block-size=16777216"
    "memorysetup-main-allocator-mimalloc-enabled=0"
    "memorysetup-gfx-main-allocator-block-size=16777216"
    "memorysetup-gfx-thread-allocator-block-size=16777216"
    "memorysetup-cache-allocator-block-size=4194304"
    "memorysetup-typetree-allocator-block-size=2097152"
    "memorysetup-profiler-bucket-allocator-granularity=16"
    "memorysetup-profiler-bucket-allocator-bucket-count=8"
    "memorysetup-profiler-bucket-allocator-block-size=33554432"
    "memorysetup-profiler-bucket-allocator-block-count=8"
    "memorysetup-profiler-allocator-block-size=16777216"
    "memorysetup-profiler-editor-allocator-block-size=1048576"
    "memorysetup-temp-allocator-size-main=16777216"
    "memorysetup-job-temp-allocator-block-size=2097152"
    "memorysetup-job-temp-allocator-block-size-background=1048576"
    "memorysetup-job-temp-allocator-reduction-small-platforms=262144"
Logging is directed to a specific file, skipping project log.Player connection [8171323264]  Target information:

Player connection [8171323264]  * "[IP] 192.168.178.132 [Port] 55504 [Flags] 2 [Guid] 3134804008 [EditorId] 3134804008 [Version] 1048832 [Id] OSXEditor(0,Philipps-Mac-LAN.fritz.box) [Debug] 1 [PackageName] OSXEditor [ProjectName] Editor" 

Player connection [8171323264]  * "[IP] 192.168.178.133 [Port] 55504 [Flags] 2 [Guid] 3134804008 [EditorId] 3134804008 [Version] 1048832 [Id] OSXEditor(0,Philipps-Mac-LAN.fritz.box) [Debug] 1 [PackageName] OSXEditor [ProjectName] Editor" 

Player connection [8171323264]  * "[IP] 192.168.139.3 [Port] 55504 [Flags] 2 [Guid] 3134804008 [EditorId] 3134804008 [Version] 1048832 [Id] OSXEditor(0,Philipps-Mac-LAN.fritz.box) [Debug] 1 [PackageName] OSXEditor [ProjectName] Editor" 

Player connection [8171323264]  * "[IP] 192.168.215.0 [Port] 55504 [Flags] 2 [Guid] 3134804008 [EditorId] 3134804008 [Version] 1048832 [Id] OSXEditor(0,Philipps-Mac-LAN.fritz.box) [Debug] 1 [PackageName] OSXEditor [ProjectName] Editor" 

Player connection [8171323264]  * "[IP] 192.168.97.0 [Port] 55504 [Flags] 2 [Guid] 3134804008 [EditorId] 3134804008 [Version] 1048832 [Id] OSXEditor(0,Philipps-Mac-LAN.fritz.box) [Debug] 1 [PackageName] OSXEditor [ProjectName] Editor" 

Player connection [8171323264] Host joined multi-casting on [225.0.0.222:54997]...
Player connection [8171323264] Host joined alternative multi-casting on [225.0.0.222:34997]...
Input System module state changed to: Initialized.
[Physics::Module] Initialized fallback backend.
[Physics::Module] Id: 0xdecafbad
[Package Manager] Connected to IPC stream "Upm-77280" after 0.1 seconds.
[Licensing::Module] Licensing is not yet initialized.
[Licensing::Client] Handshaking with LicensingClient:
  Version:                 1.18.3+d7ffd15
  Session Id:              13a7893e779a42bb8439eb928d881271
  Correlation Id:          910c49780be0d37de9010221086ac5fe
  External correlation Id: 906004327068220779
  Machine Id:              RvZ12cVBd6PoVZKbkiBOwYmsOqI=
[Licensing::Module] Successfully connected to LicensingClient on channel: "LicenseClient-philipp" (connect: 0.00s, validation: 0.00s, handshake: 0.28s)
[Licensing::IpcConnector] Successfully connected to: "LicenseClient-philipp-notifications" at "2026-10-04T12:53:07.775511Z"
[Licensing::Module] Error: Access token is unavailable; failed to update
[Licensing::Client] Successfully resolved entitlement details
[Licensing::Module] License group:
  Id: F4-E4SU-4NGG-F7VJ-4QU2-XXXX
  Product: Unity Personal
  Type: ULF
  Expiration: Unlimited
[Licensing::Module] License group:
  Id: 9071000562088-UnityPersXXXX
  Product: Unity Personal
  Type: Assigned
  Expiration: Unlimited
[Licensing::Client] Successfully updated license, isAsync: True, time: 0.01
[Licensing::Client] Successfully resolved entitlement details
[Licensing::Module] License group:
  Id: F4-E4SU-4NGG-F7VJ-4QU2-XXXX
  Product: Unity Personal
  Type: ULF
  Expiration: Unlimited
[Licensing::Module] License group:
  Id: 9071000562088-UnityPersXXXX
  Product: Unity Personal
  Type: Assigned
  Expiration: Unlimited
[Licensing::Module] Licensing Background thread has ended after 0.33s
[Licensing::Module] Licensing is initialized (took 0.10s).
[Licensing::Client] Successfully resolved entitlement details
[Licensing::Module] License group:
  Id: F4-E4SU-4NGG-F7VJ-4QU2-XXXX
  Product: Unity Personal
  Type: ULF
  Expiration: Unlimited
[Licensing::Module] License group:
  Id: 9071000562088-UnityPersXXXX
  Product: Unity Personal
  Type: Assigned
  Expiration: Unlimited
Library Redirect Path: Library/
[Physics::Module] Selected backend.
[Physics::Module] Name: PhysX
[Physics::Module] Id: 0xf2b8ea05
[Physics::Module] SDK Version: 4.1.2
[Physics::Module] Integration Version: 1.0.0
[Physics::Module] Threading Mode: Multi-Threaded
Initialize engine version: 6000.5.8f1 (5cb7df797b7d)
[Subsystems] Discovering subsystems at path /Applications/Unity/Hub/Editor/6000.5.8f1/Unity.app/Contents/Resources/UnitySubsystems
[Subsystems] Discovering subsystems at path /Users/philipp/Projects/3DTD/3DTD/3DTD/Assets
GfxDevice: creating device client; kGfxThreadingModeNonThreaded
 preferred device: Apple M4 Pro (high power)
Metal devices available: 1
0: Apple M4 Pro (high power)
Using device Apple M4 Pro (high power)
Initializing Metal device caps: Apple M4 Pro
Mac GPU Family: 2
Apple GPU Family: 9
MSL Version: 3.0
Has Float MSAA: 1
Has Float Filtering: 1
ReadWrite Texture Tier: 2
Initialize mono
Mono path[0] = '/Applications/Unity/Hub/Editor/6000.5.8f1/Unity.app/Contents/Resources/Scripting/Managed'
Mono path[1] = '/Applications/Unity/Hub/Editor/6000.5.8f1/Unity.app/Contents/Resources/Scripting/BCLExtensions/runtime/netstandard2.1'
Mono path[2] = '/Applications/Unity/Hub/Editor/6000.5.8f1/Unity.app/Contents/Resources/Scripting/MonoBleedingEdge/lib/mono/unityjit-macos'
Mono config path = '/Applications/Unity/Hub/Editor/6000.5.8f1/Unity.app/Contents/Resources/Scripting/MonoBleedingEdge/etc'
Using monoOptions --debugger-agent=transport=dt_socket,embedding=1,server=y,suspend=n,address=127.0.0.1:56280
CodeReloadManager initialized
ImportWorker Server TCP listen port: 0
AcceleratorClientConnectionCallback - disconnected - :0
Begin MonoManager ReloadAssembly
Registering precompiled unity dll's ...
Register platform support module: /Applications/Unity/Hub/Editor/6000.5.8f1/PlaybackEngines/WebGLSupport/UnityEditor.WebGL.Extensions.dll
Register platform support module: /Applications/Unity/Hub/Editor/6000.5.8f1/PlaybackEngines/MacStandaloneSupport/UnityEditor.OSXStandalone.Extensions.dll
Register platform support module: /Applications/Unity/Hub/Editor/6000.5.8f1/PlaybackEngines/WindowsStandaloneSupport/UnityEditor.WindowsStandalone.Extensions.dll
[Licensing::Client] Successfully resolved entitlement details
[Licensing::Module] License group:
  Id: F4-E4SU-4NGG-F7VJ-4QU2-XXXX
  Product: Unity Personal
  Type: ULF
  Expiration: Unlimited
[Licensing::Module] License group:
  Id: 9071000562088-UnityPersXXXX
  Product: Unity Personal
  Type: Assigned
  Expiration: Unlimited
Register platform support module: /Applications/Unity/Hub/Editor/6000.5.8f1/PlaybackEngines/AndroidPlayer/UnityEditor.Android.Extensions.dll
[Licensing::Client] Successfully resolved entitlement details
[Licensing::Module] License group:
  Id: F4-E4SU-4NGG-F7VJ-4QU2-XXXX
  Product: Unity Personal
  Type: ULF
  Expiration: Unlimited
[Licensing::Module] License group:
  Id: 9071000562088-UnityPersXXXX
  Product: Unity Personal
  Type: Assigned
  Expiration: Unlimited
Register platform support module: /Applications/Unity/Hub/Editor/6000.5.8f1/PlaybackEngines/iOSSupport/UnityEditor.iOS.Extensions.dll
Register platform support module: /Applications/Unity/Hub/Editor/6000.5.8f1/PlaybackEngines/LinuxStandaloneSupport/UnityEditor.LinuxStandalone.Extensions.dll
Registered in 0.012358 seconds.
Native extension for LinuxStandalone target not found
[usbmuxd] Start listen thread
[usbmuxd] Listen thread started
[usbmuxd] Send listen message
Native extension for iOS target not found
Native extension for Android target not found
Native extension for WindowsStandalone target not found
Native extension for OSXStandalone target not found
Native extension for WebGL target not found
Package Manager log level set to [2]
[Licensing::Client] Successfully resolved entitlement details
ScheduleIndexationOnStartup MainProcess:False IndexOnStartup:True
Mono: successfully reloaded assembly
- Finished resetting the current domain, in  1.613 seconds
Domain Reload Profiling: 1885ms
	BeginReloadAssembly (47ms)
	RebuildCommonClasses (3ms)
	RebuildNativeTypeToScriptingClass (9ms)
	initialDomainReloadingComplete (41ms)
	LoadAllAssembliesAndSetupDomain (172ms)
		LoadAssemblies (46ms)
		AnalyzeDomain (127ms)
			TypeCache.Refresh (126ms)
				TypeCache.ScanAssembly (117ms)
	FinalizeReload (1614ms)
		SetupLoadedEditorAssemblies (0ms)
			InitializePlatformSupportModulesInManaged (41ms)
			BeforeProcessingInitializeOnLoad (45ms)
			ProcessInitializeOnLoadAttributes (53ms)
			ProcessInitializeOnLoadMethodAttributes (1437ms)
[Licensing::Client] Successfully resolved entitlement details
[Licensing::Module] License group:
  Id: F4-E4SU-4NGG-F7VJ-4QU2-XXXX
  Product: Unity Personal
  Type: ULF
  Expiration: Unlimited
[Licensing::Module] License group:
  Id: 9071000562088-UnityPersXXXX
  Product: Unity Personal
  Type: Assigned
  Expiration: Unlimited
Application.AssetDatabase Initial Refresh Start
[Package Manager] Restoring resolved packages state from cache
[Licensing::Client] Successfully resolved entitlement details
[Package Manager] Registered 59 packages:
  Packages from [https://packages.unity.com]:
    com.unity.ai.navigation@2.0.14 (location: /Users/philipp/Projects/3DTD/3DTD/3DTD/Library/PackageCache/com.unity.ai.navigation@134dd6a3b97b)
    com.unity.burst@1.8.30 (location: /Users/philipp/Projects/3DTD/3DTD/3DTD/Library/PackageCache/com.unity.burst@2f3d916873ea)
    com.unity.collab-proxy@2.13.5 (location: /Users/philipp/Projects/3DTD/3DTD/3DTD/Library/PackageCache/com.unity.collab-proxy@120d77864ebc)
    com.unity.ide.rider@3.0.38 (location: /Users/philipp/Projects/3DTD/3DTD/3DTD/Library/PackageCache/com.unity.ide.rider@1f60b3138684)
    com.unity.ide.visualstudio@2.0.26 (location: /Users/philipp/Projects/3DTD/3DTD/3DTD/Library/PackageCache/com.unity.ide.visualstudio@a99d56dec63f)
    com.unity.nuget.newtonsoft-json@3.2.2 (location: /Users/philipp/Projects/3DTD/3DTD/3DTD/Library/PackageCache/com.unity.nuget.newtonsoft-json@4dfd81071c64)
    com.unity.timeline@1.8.12 (location: /Users/philipp/Projects/3DTD/3DTD/3DTD/Library/PackageCache/com.unity.timeline@8cd8509afae5)
    com.unity.searcher@4.9.5 (location: /Users/philipp/Projects/3DTD/3DTD/3DTD/Library/PackageCache/com.unity.searcher@a463122f2c00)
    com.unity.nuget.mono-cecil@1.11.6 (location: /Users/philipp/Projects/3DTD/3DTD/3DTD/Library/PackageCache/com.unity.nuget.mono-cecil@ecb9724e46ff)
    com.unity.test-framework.performance@3.5.0 (location: /Users/philipp/Projects/3DTD/3DTD/3DTD/Library/PackageCache/com.unity.test-framework.performance@8b56083ec0f0)
  Built-in packages:
    com.unity.2d.sprite@1.0.0 (location: /Users/philipp/Projects/3DTD/3DTD/3DTD/Library/PackageCache/com.unity.2d.sprite@053a968eab56)
    com.unity.multiplayer.center@1.0.1 (location: /Users/philipp/Projects/3DTD/3DTD/3DTD/Library/PackageCache/com.unity.multiplayer.center@b860850997d0)
    com.unity.render-pipelines.universal@17.5.0 (location: /Users/philipp/Projects/3DTD/3DTD/3DTD/Library/PackageCache/com.unity.render-pipelines.universal@73b4c4ff130e)
    com.unity.test-framework@1.7.0 (location: /Users/philipp/Projects/3DTD/3DTD/3DTD/Library/PackageCache/com.unity.test-framework@1405238725ab)
    com.unity.ugui@2.5.0 (location: /Users/philipp/Projects/3DTD/3DTD/3DTD/Library/PackageCache/com.unity.ugui@1c4864518158)
    com.unity.visualeffectgraph@17.5.0 (location: /Users/philipp/Projects/3DTD/3DTD/3DTD/Library/PackageCache/com.unity.visualeffectgraph@b1f03b147b92)
    com.unity.modules.accessibility@1.0.0 (location: /Users/philipp/Projects/3DTD/3DTD/3DTD/Library/PackageCache/com.unity.modules.accessibility)
    com.unity.modules.adaptiveperformance@1.0.0 (location: /Users/philipp/Projects/3DTD/3DTD/3DTD/Library/PackageCache/com.unity.modules.adaptiveperformance)
    com.unity.modules.ai@1.0.0 (location: /Users/philipp/Projects/3DTD/3DTD/3DTD/Library/PackageCache/com.unity.modules.ai)
    com.unity.modules.androidjni@1.0.0 (location: /Users/philipp/Projects/3DTD/3DTD/3DTD/Library/PackageCache/com.unity.modules.androidjni)
    com.unity.modules.animation@1.0.0 (location: /Users/philipp/Projects/3DTD/3DTD/3DTD/Library/PackageCache/com.unity.modules.animation)
    com.unity.modules.assetbundle@1.0.0 (location: /Users/philipp/Projects/3DTD/3DTD/3DTD/Library/PackageCache/com.unity.modules.assetbundle)
    com.unity.modules.audio@1.0.0 (location: /Users/philipp/Projects/3DTD/3DTD/3DTD/Library/PackageCache/com.unity.modules.audio)
    com.unity.modules.cloth@1.0.0 (location: /Users/philipp/Projects/3DTD/3DTD/3DTD/Library/PackageCache/com.unity.modules.cloth)
    com.unity.modules.director@1.0.0 (location: /Users/philipp/Projects/3DTD/3DTD/3DTD/Library/PackageCache/com.unity.modules.director)
    com.unity.modules.imageconversion@1.0.0 (location: /Users/philipp/Projects/3DTD/3DTD/3DTD/Library/PackageCache/com.unity.modules.imageconversion)
    com.unity.modules.imgui@1.0.0 (location: /Users/philipp/Projects/3DTD/3DTD/3DTD/Library/PackageCache/com.unity.modules.imgui)
    com.unity.modules.jsonserialize@1.0.0 (location: /Users/philipp/Projects/3DTD/3DTD/3DTD/Library/PackageCache/com.unity.modules.jsonserialize)
    com.unity.modules.particlesystem@1.0.0 (location: /Users/philipp/Projects/3DTD/3DTD/3DTD/Library/PackageCache/com.unity.modules.particlesystem)
    com.unity.modules.physics@1.0.0 (location: /Users/philipp/Projects/3DTD/3DTD/3DTD/Library/PackageCache/com.unity.modules.physics)
    com.unity.modules.physics2d@1.0.0 (location: /Users/philipp/Projects/3DTD/3DTD/3DTD/Library/PackageCache/com.unity.modules.physics2d)
    com.unity.modules.physicscore2d@1.0.0 (location: /Users/philipp/Projects/3DTD/3DTD/3DTD/Library/PackageCache/com.unity.modules.physicscore2d)
    com.unity.modules.screencapture@1.0.0 (location: /Users/philipp/Projects/3DTD/3DTD/3DTD/Library/PackageCache/com.unity.modules.screencapture)
    com.unity.modules.terrain@1.0.0 (location: /Users/philipp/Projects/3DTD/3DTD/3DTD/Library/PackageCache/com.unity.modules.terrain)
    com.unity.modules.terrainphysics@1.0.0 (location: /Users/philipp/Projects/3DTD/3DTD/3DTD/Library/PackageCache/com.unity.modules.terrainphysics)
    com.unity.modules.tilemap@1.0.0 (location: /Users/philipp/Projects/3DTD/3DTD/3DTD/Library/PackageCache/com.unity.modules.tilemap)
    com.unity.modules.ui@1.0.0 (location: /Users/philipp/Projects/3DTD/3DTD/3DTD/Library/PackageCache/com.unity.modules.ui)
    com.unity.modules.uielements@1.0.0 (location: /Users/philipp/Projects/3DTD/3DTD/3DTD/Library/PackageCache/com.unity.modules.uielements)
    com.unity.modules.umbra@1.0.0 (location: /Users/philipp/Projects/3DTD/3DTD/3DTD/Library/PackageCache/com.unity.modules.umbra)
    com.unity.modules.unityanalytics@1.0.0 (location: /Users/philipp/Projects/3DTD/3DTD/3DTD/Library/PackageCache/com.unity.modules.unityanalytics)
    com.unity.modules.unitywebrequest@1.0.0 (location: /Users/philipp/Projects/3DTD/3DTD/3DTD/Library/PackageCache/com.unity.modules.unitywebrequest)
    com.unity.modules.unitywebrequestassetbundle@1.0.0 (location: /Users/philipp/Projects/3DTD/3DTD/3DTD/Library/PackageCache/com.unity.modules.unitywebrequestassetbundle)
    com.unity.modules.unitywebrequestaudio@1.0.0 (location: /Users/philipp/Projects/3DTD/3DTD/3DTD/Library/PackageCache/com.unity.modules.unitywebrequestaudio)
    com.unity.modules.unitywebrequesttexture@1.0.0 (location: /Users/philipp/Projects/3DTD/3DTD/3DTD/Library/PackageCache/com.unity.modules.unitywebrequesttexture)
    com.unity.modules.unitywebrequestwww@1.0.0 (location: /Users/philipp/Projects/3DTD/3DTD/3DTD/Library/PackageCache/com.unity.modules.unitywebrequestwww)
    com.unity.modules.vectorgraphics@1.0.0 (location: /Users/philipp/Projects/3DTD/3DTD/3DTD/Library/PackageCache/com.unity.modules.vectorgraphics)
    com.unity.modules.vehicles@1.0.0 (location: /Users/philipp/Projects/3DTD/3DTD/3DTD/Library/PackageCache/com.unity.modules.vehicles)
    com.unity.modules.video@1.0.0 (location: /Users/philipp/Projects/3DTD/3DTD/3DTD/Library/PackageCache/com.unity.modules.video)
    com.unity.modules.wind@1.0.0 (location: /Users/philipp/Projects/3DTD/3DTD/3DTD/Library/PackageCache/com.unity.modules.wind)
    com.unity.modules.xr@1.0.0 (location: /Users/philipp/Projects/3DTD/3DTD/3DTD/Library/PackageCache/com.unity.modules.xr)
    com.unity.modules.subsystems@1.0.0 (location: /Users/philipp/Projects/3DTD/3DTD/3DTD/Library/PackageCache/com.unity.modules.subsystems)
    com.unity.modules.hierarchycore@1.0.0 (location: /Users/philipp/Projects/3DTD/3DTD/3DTD/Library/PackageCache/com.unity.modules.hierarchycore)
    com.unity.shadergraph@17.5.0 (location: /Users/philipp/Projects/3DTD/3DTD/3DTD/Library/PackageCache/com.unity.shadergraph@8d7376ec43ee)
    com.unity.render-pipelines.core@17.5.0 (location: /Users/philipp/Projects/3DTD/3DTD/3DTD/Library/PackageCache/com.unity.render-pipelines.core@a4c9a9793789)
    com.unity.ext.nunit@2.1.0 (location: /Users/philipp/Projects/3DTD/3DTD/3DTD/Library/PackageCache/com.unity.ext.nunit@44f7d31723bd)
    com.unity.render-pipelines.universal-config@17.5.0 (location: /Users/philipp/Projects/3DTD/3DTD/3DTD/Library/PackageCache/com.unity.render-pipelines.universal-config@fdda01c80fe3)
    com.unity.collections@6.5.0 (location: /Users/philipp/Projects/3DTD/3DTD/3DTD/Library/PackageCache/com.unity.collections@ec2c217e4cb2)
    com.unity.mathematics@1.4.0 (location: /Users/philipp/Projects/3DTD/3DTD/3DTD/Library/PackageCache/com.unity.mathematics@981956d94fb6)
  Git packages:
    com.unify.unified-universal-blur@https://github.com/lukakldiashvili/Unified-Universal-Blur.git#0.9.0 (location: /Users/philipp/Projects/3DTD/3DTD/3DTD/Library/PackageCache/com.unify.unified-universal-blur@6a18634d9a56)
[Subsystems] No new subsystems found in resolved package list.
[Package Manager] Done registering packages in 0.01 seconds
[ScriptCompilation] Requested script compilation because: AssetDatabase observed changes in script compilation related files
info: Microsoft.Hosting.Lifetime[14]
      Now listening on: http://unix:/tmp/ilpp.sock-abe43804ae87d25423edb61801c047fd
info: Microsoft.Hosting.Lifetime[0]
      Application started. Press Ctrl+C to shut down.
info: Microsoft.Hosting.Lifetime[0]
      Hosting environment: Production
info: Microsoft.Hosting.Lifetime[0]
      Content root path: /Users/philipp/Projects/3DTD/3DTD/3DTD
info: Microsoft.AspNetCore.Hosting.Diagnostics[1]
      Request starting HTTP/2 POST http://ilpp/UnityILPP.PostProcessing/Ping - application/grpc -
info: Microsoft.AspNetCore.Routing.EndpointMiddleware[0]
      Executing endpoint 'gRPC - /UnityILPP.PostProcessing/Ping'
info: Microsoft.AspNetCore.Routing.EndpointMiddleware[1]
      Executed endpoint 'gRPC - /UnityILPP.PostProcessing/Ping'
info: Microsoft.AspNetCore.Hosting.Diagnostics[2]
      Request finished HTTP/2 POST http://ilpp/UnityILPP.PostProcessing/Ping - 200 - application/grpc 16.3360ms
Starting: /Applications/Unity/Hub/Editor/6000.5.8f1/Unity.app/Contents/Resources/BuildPipeline/bee_backend --ipc --defer-dag-verification --dagfile="Library/Bee/200b0aE.dag" --continue-on-failure --profile="Library/Bee/backend1.traceevents" ScriptAssemblies
WorkingDir: /Users/philipp/Projects/3DTD/3DTD/3DTD
DisplayProgressbar: Compiling Scripts
info: Microsoft.AspNetCore.Hosting.Diagnostics[1]
      Request starting HTTP/2 POST http://ilpp/UnityILPP.PostProcessing/ConfigurePostProcessors - application/grpc -
info: Microsoft.AspNetCore.Routing.EndpointMiddleware[0]
      Executing endpoint 'gRPC - /UnityILPP.PostProcessing/ConfigurePostProcessors'
warn: Unity.ILPP.Runner.PostProcessingAssemblyLoadContext[0]
      Assembly unityeditor.ios.extensions.xcode has duplicate hint path. Ignoring "/Applications/Unity/Hub/Editor/6000.5.8f1/PlaybackEngines/iOSSupport/UnityEditor.iOS.Extensions.Xcode.dll" in favor of "/Applications/Unity/Hub/Editor/6000.5.8f1/PlaybackEngines/MacStandaloneSupport/UnityEditor.iOS.Extensions.Xcode.dll"
info: Unity.ILPP.Runner.PostProcessingAssemblyLoadContext[0]
      Resolved Unity.Burst.Cecil, Version=0.11.6.0, Culture=neutral, PublicKeyToken=50cebf1cceb9d05e with Library/PackageCache/com.unity.burst@2f3d916873ea/Unity.Burst.CodeGen/Unity.Burst.Cecil.dll
info: Unity.ILPP.Runner.PostProcessingAssemblyLoadContext[0]
      Resolved Mono.Cecil, Version=0.11.5.0, Culture=neutral, PublicKeyToken=50cebf1cceb9d05e with Library/PackageCache/com.unity.nuget.mono-cecil@ecb9724e46ff/Mono.Cecil.dll
info: Microsoft.AspNetCore.Routing.EndpointMiddleware[1]
      Executed endpoint 'gRPC - /UnityILPP.PostProcessing/ConfigurePostProcessors'
info: Microsoft.AspNetCore.Hosting.Diagnostics[2]
      Request finished HTTP/2 POST http://ilpp/UnityILPP.PostProcessing/ConfigurePostProcessors - 200 - application/grpc 15.3897ms
info: Microsoft.AspNetCore.Hosting.Diagnostics[1]
      Request starting HTTP/2 POST http://ilpp/UnityILPP.PostProcessing/PostProcessAssembly - application/grpc -
info: Microsoft.AspNetCore.Routing.EndpointMiddleware[0]
      Executing endpoint 'gRPC - /UnityILPP.PostProcessing/PostProcessAssembly'
info: Unity.ILPP.Runner.PostProcessingPipeline[0]
      Processing assembly Library/Bee/artifacts/200b0aE.dag/Assembly-CSharp.dll, with 134 defines and 343 references
info: Unity.ILPP.Runner.PostProcessingPipeline[0]
      processors: Unity.Jobs.CodeGen.JobsILPostProcessor, zzzUnity.Burst.CodeGen.BurstILPostProcessor
info: Unity.ILPP.Runner.PostProcessingPipeline[0]
      running Unity.Jobs.CodeGen.JobsILPostProcessor
info: Unity.ILPP.Runner.PostProcessingAssemblyLoadContext[0]
      Resolved Unity.Collections, Version=0.0.0.0, Culture=neutral, PublicKeyToken=null with Library/Bee/artifacts/200b0aE.dag/Unity.Collections.dll
info: Unity.ILPP.Runner.PostProcessingAssemblyLoadContext[0]
      Resolved UnityEditor.CoreModule, Version=0.0.0.0, Culture=neutral, PublicKeyToken=null with /Applications/Unity/Hub/Editor/6000.5.8f1/Unity.app/Contents/Resources/Scripting/Managed/UnityEngine/UnityEditor.CoreModule.dll
info: Unity.ILPP.Runner.PostProcessingAssemblyLoadContext[0]
      Resolved UnityEngine.CoreModule, Version=0.0.0.0, Culture=neutral, PublicKeyToken=null with /Applications/Unity/Hub/Editor/6000.5.8f1/Unity.app/Contents/Resources/Scripting/Managed/UnityEngine/UnityEngine.CoreModule.dll
info: Unity.ILPP.Runner.PostProcessingAssemblyLoadContext[0]
      Resolved Unity.Scripting, Version=0.0.0.0, Culture=neutral, PublicKeyToken=null with /Applications/Unity/Hub/Editor/6000.5.8f1/Unity.app/Contents/Resources/Scripting/Managed/UnityEngine/Unity.Scripting.dll
info: Unity.ILPP.Runner.PostProcessingAssemblyLoadContext[0]
      Resolved Mono.Cecil.Rocks, Version=0.11.5.0, Culture=neutral, PublicKeyToken=50cebf1cceb9d05e with Library/PackageCache/com.unity.nuget.mono-cecil@ecb9724e46ff/Mono.Cecil.Rocks.dll
info: Unity.ILPP.Runner.PostProcessingPipeline[0]
      running zzzUnity.Burst.CodeGen.BurstILPostProcessor
info: Microsoft.AspNetCore.Hosting.Diagnostics[1]
      Request starting HTTP/2 POST http://ilpp/UnityILPP.PostProcessing/PostProcessAssembly - application/grpc -
info: Microsoft.AspNetCore.Routing.EndpointMiddleware[0]
      Executing endpoint 'gRPC - /UnityILPP.PostProcessing/PostProcessAssembly'
info: Unity.ILPP.Runner.PostProcessingPipeline[0]
      Processing assembly Library/Bee/artifacts/200b0aE.dag/Assembly-CSharp-Editor.dll, with 135 defines and 365 references
info: Unity.ILPP.Runner.PostProcessingPipeline[0]
      processors: Unity.Jobs.CodeGen.JobsILPostProcessor, zzzUnity.Burst.CodeGen.BurstILPostProcessor
info: Unity.ILPP.Runner.PostProcessingPipeline[0]
      running Unity.Jobs.CodeGen.JobsILPostProcessor
info: Unity.ILPP.Runner.PostProcessingPipeline[0]
      running zzzUnity.Burst.CodeGen.BurstILPostProcessor
info: Unity.ILPP.Runner.PostProcessingAssemblyLoadContext[0]
      Resolved Unity.Burst.Cecil.Rocks, Version=0.11.6.0, Culture=neutral, PublicKeyToken=50cebf1cceb9d05e with Library/PackageCache/com.unity.burst@2f3d916873ea/Unity.Burst.CodeGen/Unity.Burst.Cecil.Rocks.dll
info: Microsoft.AspNetCore.Routing.EndpointMiddleware[1]
      Executed endpoint 'gRPC - /UnityILPP.PostProcessing/PostProcessAssembly'
info: Microsoft.AspNetCore.Hosting.Diagnostics[2]
      Request finished HTTP/2 POST http://ilpp/UnityILPP.PostProcessing/PostProcessAssembly - 200 - application/grpc 84.0975ms
info: Microsoft.AspNetCore.Routing.EndpointMiddleware[1]
      Executed endpoint 'gRPC - /UnityILPP.PostProcessing/PostProcessAssembly'
info: Microsoft.AspNetCore.Hosting.Diagnostics[2]
      Request finished HTTP/2 POST http://ilpp/UnityILPP.PostProcessing/PostProcessAssembly - 200 - application/grpc 436.4375ms
ExitCode: 0 Duration: 2s625ms
[625/805    0s] ILPP-Configuration Library/ilpp-configuration.nevergeneratedoutput
[797/805    1s] Csc Library/Bee/artifacts/200b0aE.dag/Assembly-CSharp.dll (+2 others)
Assets/Scripts/Tower/Targetter.cs(10,43): warning CS0109: The member 'Targetter.collider' does not hide an accessible member. The new keyword is not required.
Assets/Scripts/AnchorPoint.cs(33,26): warning CS0109: The member 'AnchorPoint.renderer' does not hide an accessible member. The new keyword is not required.
Assets/Modern UI Pack/Scripts/Window/WindowDragger.cs(24,42): warning CS0618: 'Object.FindObjectsOfType(Type)' is obsolete: 'Object.FindObjectsOfType has been deprecated. Use Object.FindObjectsByType instead which lets you decide whether you need the results sorted or not.  FindObjectsOfType sorts the results by InstanceID, but if you do not need this using FindObjectSortMode.None is considerably faster.'
Assets/Scripts/Entities/Tower.cs(24,32): warning CS0067: The event 'Tower.OnTowerDestroyed' is never used
Assets/Scripts/OrbitCamera.cs(33,8): warning CS0414: The field 'OrbitCamera.alignSmoothRange' is assigned but its value is never used
Assets/Scripts/ProjectileLaser.cs(7,18): warning CS0414: The field 'ProjectileLaser.shouldTargetAnother' is assigned but its value is never used
Assets/Scripts/ProjectileBomb.cs(16,36): warning CS0414: The field 'ProjectileBomb.clusterLifetime' is assigned but its value is never used
[798/805    0s] Csc Library/Bee/artifacts/200b0aE.dag/Assembly-CSharp-Editor.dll (+2 others)
Assets/Modern UI Pack/Editor/ContextMenu.cs(18,42): warning CS0618: 'Object.FindObjectsOfType(Type)' is obsolete: 'Object.FindObjectsOfType has been deprecated. Use Object.FindObjectsByType instead which lets you decide whether you need the results sorted or not.  FindObjectsOfType sorts the results by InstanceID, but if you do not need this using FindObjectSortMode.None is considerably faster.'
Assets/Modern UI Pack/Editor/ContextMenu.cs(36,38): warning CS0618: 'Object.FindObjectsOfType(Type)' is obsolete: 'Object.FindObjectsOfType has been deprecated. Use Object.FindObjectsByType instead which lets you decide whether you need the results sorted or not.  FindObjectsOfType sorts the results by InstanceID, but if you do not need this using FindObjectSortMode.None is considerably faster.'
Assets/Modern UI Pack/Editor/ContextMenu.cs(53,42): warning CS0618: 'Object.FindObjectsOfType(Type)' is obsolete: 'Object.FindObjectsOfType has been deprecated. Use Object.FindObjectsByType instead which lets you decide whether you need the results sorted or not.  FindObjectsOfType sorts the results by InstanceID, but if you do not need this using FindObjectSortMode.None is considerably faster.'
Assets/Modern UI Pack/Editor/ContextMenu.cs(71,38): warning CS0618: 'Object.FindObjectsOfType(Type)' is obsolete: 'Object.FindObjectsOfType has been deprecated. Use Object.FindObjectsByType instead which lets you decide whether you need the results sorted or not.  FindObjectsOfType sorts the results by InstanceID, but if you do not need this using FindObjectSortMode.None is considerably faster.'
[799/805    0s] ILPostProcess Library/Bee/artifacts/200b0aE.dag/post-processed/Assembly-CSharp-Editor.dll (+pdb)
Processing assembly Library/Bee/artifacts/200b0aE.dag/Assembly-CSharp-Editor.dll, with 135 defines and 365 references
processors: Unity.Jobs.CodeGen.JobsILPostProcessor, zzzUnity.Burst.CodeGen.BurstILPostProcessor
running Unity.Jobs.CodeGen.JobsILPostProcessor
running zzzUnity.Burst.CodeGen.BurstILPostProcessor
[800/805    0s] ILPostProcess Library/Bee/artifacts/200b0aE.dag/post-processed/Assembly-CSharp.dll (+pdb)
Processing assembly Library/Bee/artifacts/200b0aE.dag/Assembly-CSharp.dll, with 134 defines and 343 references
processors: Unity.Jobs.CodeGen.JobsILPostProcessor, zzzUnity.Burst.CodeGen.BurstILPostProcessor
running Unity.Jobs.CodeGen.JobsILPostProcessor
running zzzUnity.Burst.CodeGen.BurstILPostProcessor
[801/805    0s] CopyFiles Library/ScriptAssemblies/Assembly-CSharp-Editor.dll
[802/805    0s] CopyFiles Library/ScriptAssemblies/Assembly-CSharp-Editor.pdb
[803/805    0s] CopyFiles Library/ScriptAssemblies/Assembly-CSharp.pdb
[804/805    0s] CopyFiles Library/ScriptAssemblies/Assembly-CSharp.dll
*** Tundra build success (2.61 seconds), 9 items updated, 805 evaluated
Assets/Scripts/Tower/Targetter.cs(10,43): warning CS0109: The member 'Targetter.collider' does not hide an accessible member. The new keyword is not required.
Assets/Scripts/AnchorPoint.cs(33,26): warning CS0109: The member 'AnchorPoint.renderer' does not hide an accessible member. The new keyword is not required.
Assets/Modern UI Pack/Scripts/Window/WindowDragger.cs(24,42): warning CS0618: 'Object.FindObjectsOfType(Type)' is obsolete: 'Object.FindObjectsOfType has been deprecated. Use Object.FindObjectsByType instead which lets you decide whether you need the results sorted or not.  FindObjectsOfType sorts the results by InstanceID, but if you do not need this using FindObjectSortMode.None is considerably faster.'
Assets/Scripts/Entities/Tower.cs(24,32): warning CS0067: The event 'Tower.OnTowerDestroyed' is never used
Assets/Scripts/OrbitCamera.cs(33,8): warning CS0414: The field 'OrbitCamera.alignSmoothRange' is assigned but its value is never used
Assets/Scripts/ProjectileLaser.cs(7,18): warning CS0414: The field 'ProjectileLaser.shouldTargetAnother' is assigned but its value is never used
Assets/Scripts/ProjectileBomb.cs(16,36): warning CS0414: The field 'ProjectileBomb.clusterLifetime' is assigned but its value is never used
Assets/Modern UI Pack/Editor/ContextMenu.cs(18,42): warning CS0618: 'Object.FindObjectsOfType(Type)' is obsolete: 'Object.FindObjectsOfType has been deprecated. Use Object.FindObjectsByType instead which lets you decide whether you need the results sorted or not.  FindObjectsOfType sorts the results by InstanceID, but if you do not need this using FindObjectSortMode.None is considerably faster.'
Assets/Modern UI Pack/Editor/ContextMenu.cs(36,38): warning CS0618: 'Object.FindObjectsOfType(Type)' is obsolete: 'Object.FindObjectsOfType has been deprecated. Use Object.FindObjectsByType instead which lets you decide whether you need the results sorted or not.  FindObjectsOfType sorts the results by InstanceID, but if you do not need this using FindObjectSortMode.None is considerably faster.'
Assets/Modern UI Pack/Editor/ContextMenu.cs(53,42): warning CS0618: 'Object.FindObjectsOfType(Type)' is obsolete: 'Object.FindObjectsOfType has been deprecated. Use Object.FindObjectsByType instead which lets you decide whether you need the results sorted or not.  FindObjectsOfType sorts the results by InstanceID, but if you do not need this using FindObjectSortMode.None is considerably faster.'
Assets/Modern UI Pack/Editor/ContextMenu.cs(71,38): warning CS0618: 'Object.FindObjectsOfType(Type)' is obsolete: 'Object.FindObjectsOfType has been deprecated. Use Object.FindObjectsByType instead which lets you decide whether you need the results sorted or not.  FindObjectsOfType sorts the results by InstanceID, but if you do not need this using FindObjectSortMode.None is considerably faster.'
Assets/Modern UI Pack/Editor/ContextMenu.cs(36,38): warning CS0618: 'Object.FindObjectsOfType(Type)' is obsolete: 'Object.FindObjectsOfType has been deprecated. Use Object.FindObjectsByType instead which lets you decide whether you need the results sorted or not.  FindObjectsOfType sorts the results by InstanceID, but if you do not need this using FindObjectSortMode.None is considerably faster.'
Assets/Modern UI Pack/Editor/ContextMenu.cs(53,42): warning CS0618: 'Object.FindObjectsOfType(Type)' is obsolete: 'Object.FindObjectsOfType has been deprecated. Use Object.FindObjectsByType instead which lets you decide whether you need the results sorted or not.  FindObjectsOfType sorts the results by InstanceID, but if you do not need this using FindObjectSortMode.None is considerably faster.'
Assets/Modern UI Pack/Editor/ContextMenu.cs(71,38): warning CS0618: 'Object.FindObjectsOfType(Type)' is obsolete: 'Object.FindObjectsOfType has been deprecated. Use Object.FindObjectsByType instead which lets you decide whether you need the results sorted or not.  FindObjectsOfType sorts the results by InstanceID, but if you do not need this using FindObjectSortMode.None is considerably faster.'
Assets/Modern UI Pack/Scripts/Window/WindowDragger.cs(24,42): warning CS0618: 'Object.FindObjectsOfType(Type)' is obsolete: 'Object.FindObjectsOfType has been deprecated. Use Object.FindObjectsByType instead which lets you decide whether you need the results sorted or not.  FindObjectsOfType sorts the results by InstanceID, but if you do not need this using FindObjectSortMode.None is considerably faster.'
Assets/Scripts/Entities/Tower.cs(24,32): warning CS0067: The event 'Tower.OnTowerDestroyed' is never used
Assets/Scripts/OrbitCamera.cs(33,8): warning CS0414: The field 'OrbitCamera.alignSmoothRange' is assigned but its value is never used
Assets/Scripts/ProjectileLaser.cs(7,18): warning CS0414: The field 'ProjectileLaser.shouldTargetAnother' is assigned but its value is never used
Assets/Scripts/ProjectileBomb.cs(16,36): warning CS0414: The field 'ProjectileBomb.clusterLifetime' is assigned but its value is never used
AssetDatabase: script compilation time: 2.976157s
Total cache size 267357162
Begin MonoManager ReloadAssembly
Total cache size after purge 267357162, took 00:00:00.1494726
Symbol file LoadedFromMemory is not a mono symbol file
Native extension for LinuxStandalone target not found
Native extension for iOS target not found
Native extension for Android target not found
Native extension for WindowsStandalone target not found
Native extension for OSXStandalone target not found
Native extension for WebGL target not found
ScheduleIndexationOnStartup MainProcess:True IndexOnStartup:True
Mono: successfully reloaded assembly
- Finished resetting the current domain, in  1.994 seconds
Domain Reload Profiling: 2409ms
	BeginReloadAssembly (97ms)
		DisableScriptedObjects (12ms)
		CreateAndSetChildDomain (19ms)
	RebuildCommonClasses (5ms)
	RebuildNativeTypeToScriptingClass (9ms)
	initialDomainReloadingComplete (23ms)
	LoadAllAssembliesAndSetupDomain (280ms)
		LoadAssemblies (131ms)
		AnalyzeDomain (128ms)
			TypeCache.Refresh (99ms)
				TypeCache.ScanAssembly (89ms)
			BuildScriptInfoCaches (24ms)
			ResolveRequiredComponents (4ms)
	FinalizeReload (1995ms)
		SetupLoadedEditorAssemblies (0ms)
			InitializePlatformSupportModulesInManaged (10ms)
			BeforeProcessingInitializeOnLoad (47ms)
			ProcessInitializeOnLoadAttributes (1618ms)
			ProcessInitializeOnLoadMethodAttributes (105ms)
		AwakeInstancesAfterBackupRestoration (11ms)
Starting new worker id: 0 with log in /Users/philipp/Projects/3DTD/3DTD/3DTD/Logs/AssetImportWorkerHW0.log

Asset Pipeline Refresh (id=7313965d9cc8e4320903bbe59dce23df): Total: 6.807 seconds - Initiated by InitialRefreshV2(ForceSynchronousImport)
	(Values over 0.05ms)
	Summary:
		Imports: total=0 (actual=0, local cache=0, cache server=0)
		Asset DB Process Time: managed=0 ms, native=2949 ms
		Asset DB Callback time: managed=404 ms, native=21 ms
		Scripting: domain reloads=1, domain reload time=432 ms, compile time=2977 ms, other=23 ms
		Project Asset Count: scripts=1963, non-scripts=12974
		Asset File Changes: new=0, changed=1, moved=0, deleted=0
		Scan Filter Count: 1
	InvokePackagesCallback: 13.194ms
	ApplyChangesToAssetFolders: 0.183ms
	Scan: 568.041ms
	Collect global state as custom dependencies: 10.246ms
	OnSourceAssetsModified: 0.343ms
	CategorizeScriptCompilationAssets: 17.100ms
	ProcessAssetsWithTransientArtifactChanges: 45.524ms
	CategorizeAssets: 126.094ms
	CompileScripts: 2976.814ms
	ImportOutOfDateAssets: 2135.553ms (2010.806ms without children)
		UnloadImportedAssets: 0.874ms
		EnsureUptoDateAssetsAreRegisteredWithGuidPM: 1.245ms
		ImportSchedulerStart: 122.585ms
	PostProcessAllAssets: 408.882ms
		VCAutoAddAssetPostprocess 4.754ms
		XRBuildSystem.XRAssetImported 0.079ms
		MonoPostProcessAllAssets: 403.736ms
			AssetPostprocessor.OnPostprocessAllAssets 213.533ms
			StyleCatalogPostProcessor.OnPostprocessAllAssets 61.383ms
			UniversalRenderPipelineGlobalSettingsPostprocessor.OnPostprocessAllAssets 6.021ms
			SyncVS.PostprocessSyncProject 4.697ms
			BuilderAssetPostprocessor.OnPostprocessAllAssets 4.266ms
			SpriteSlicePostprocessor.OnPostprocessAllAssets 1.312ms
			SpeedTree9Postprocessor.OnPostprocessAllAssets 1.067ms
			WindowAssetPostprocessingWatcher.OnPostprocessAllAssets 0.942ms
			ShaderGraphAssetPostProcessor.OnPostprocessAllAssets 0.813ms
			AssetChangedListener.OnPostprocessAllAssets 0.719ms
			EditModeScopePostprocessor.OnPostprocessAllAssets 0.590ms
			VFXGraphPreprocessor.OnPostprocessAllAssets 0.583ms
			RetainedModeAssetPostprocessor.OnPostprocessAllAssets 0.578ms
			UVCSAssetPostprocessor.OnPostprocessAllAssets 0.541ms
			AssetEvents.OnPostprocessAllAssets 0.507ms
			MaterialPostprocessor.OnPostprocessAllAssets 0.423ms
			RenderPipelineGlobalSettingsPostprocessor.OnPostprocessAllAssets 0.318ms
			ArtifactBrowserPostProcessor.OnPostprocessAllAssets 0.301ms
			SpriteEditorTexturePostprocessor.OnPostprocessAllAssets 0.279ms
			ReferencedClipsPostProcessor.OnPostprocessAllAssets 0.211ms
			ShaderReflectionAssetPostProcessor.OnPostprocessAllAssets 0.192ms
			SampleDependencyImporterPostProcessor.OnPostprocessAllAssets 0.178ms
			TextAssetPostProcessor.OnPostprocessAllAssets 0.170ms
			AudioMixerPostprocessor.OnPostprocessAllAssets 0.160ms
			PostProcessor.OnPostprocessAllAssets 0.156ms
			TMPro_TexturePostProcessor.OnPostprocessAllAssets 0.126ms
			TerrainToolbarOverlayPostProcessor.OnPostprocessAllAssets 0.114ms
			SpeedTreePostProcessor.OnPostprocessAllAssets 0.078ms
			AssetDatabaseCallbacks.OnPostprocessAllAssets 0.065ms
			AssetReloadNotifier.OnPostprocessAllAssets 0.063ms
			ConfigAssetsTracker.OnPostprocessAllAssets 0.052ms
			SamplePostprocessor.OnPostprocessAllAssets 0.051ms
	PostAssetChangesProfiler: 3.496ms
	UnloadStreamsBegin: 1.024ms
	PersistCurrentRevisions: 0.311ms
	GenerateScriptTypeHashes: 3.202ms
	GenerateScriptTypeSerializationHashes: 4.761ms
	Untracked: 498.742ms

Application.AssetDatabase Initial Refresh End
Shader Hidden/ChartRasterizerHardware is not supported: GPU does not support conservative rasterization
Launching external process: /Applications/Unity/Hub/Editor/6000.5.8f1/Unity.app/Contents/Helpers/UnityShaderCompiler
Launched and connected shader compiler UnityShaderCompiler after 0.03 seconds
Shader Hidden/ChartRasterizerHardware is not supported: GPU does not support conservative rasterization
Scanning for USB devices : 0.290ms
Initializing Unity extensions:
[MODES] ModeService[none].Initialize
[MODES] ModeService[none].LoadModes
[MODES] Loading mode Default (0) for mode-current-id-3DTD
2026-10-04 14:53:17.550 Unity[77280:16775996] NSEventModifierFlagFunction specified to -setKeyEquivalentModifierMask: for item <NSMenuItem: 0x7bd013aee0 SDF, ke='Command-F12'>, but is only supported for system-provided menu items; will not be used
Worker ready: AssetImportWorkerHW0 0
Unloading 120 Unused Serialized files (Serialized files now loaded: 0)
Unloading 5681 unused Assets / (21.6 MB). Loaded Objects now: 6648.
Memory consumption went from 320.3 MB to 298.7 MB.
Total: 14.479792 ms (FindLiveObjects: 0.286208 ms CreateObjectMapping: 0.936375 ms MarkObjects: 4.618250 ms  DeleteObjects: 8.638625 ms)

2026-10-04 14:53:17.632 Unity[77280:16775996] NSEventModifierFlagFunction specified to -setKeyEquivalentModifierMask: for item <NSMenuItem: 0x7bd0135f40 SDF, ke='Command-F12'>, but is only supported for system-provided menu items; will not be used
[Project] Loading completed in 10.146 seconds
	Project init time: 				9.902 seconds
		Template init time: 		0.000 seconds
		Package Manager init time: 		0.222 seconds
		Asset Database init time: 		0.330 seconds
		Global illumination init time: 	0.000 seconds
		Assemblies load time: 			1.898 seconds
		Unity extensions init time: 	0.020 seconds
		Asset Database refresh time: 	6.807 seconds
	Scene opening time: 			0.152 seconds
##utp:{"type":"ProjectInfo","version":2,"phase":"Immediate","time":1791118397635,"processId":77280,"projectLoad":10.145598,"projectInit":9.901997042,"templateInit":0.0,"packageManagerInit":0.2215445,"assetDatabaseInit":0.329771125,"globalIlluminationInit":0.000478167,"assembliesLoad":1.898404875,"unityExtensionsInit":0.019668625,"assetDatabaseRefresh":6.8073475,"sceneOpening":0.151604709}
##utp:{"type":"EditorInfo","version":2,"phase":"Immediate","time":1791118397635,"processId":77280,"editorVersion":"6000.5.8f1 (5cb7df797b7d)","branch":"6000.5/staging","buildType":"Release","platform":"OSX"}
Subscribe to USB device events
Scanning for USB devices : 0.212ms

Asset Pipeline Refresh (id=3522a31cb18864ee397d1f0de830e990): Total: 0.518 seconds - Initiated by RefreshV2(ForceSynchronousImport)
	(Values over 0.05ms)
	Summary:
		Imports: total=0 (actual=0, local cache=0, cache server=0)
		Asset DB Process Time: managed=0 ms, native=517 ms
		Asset DB Callback time: managed=0 ms, native=0 ms
		Scripting: domain reloads=0, domain reload time=0 ms, compile time=0 ms, other=0 ms
		Project Asset Count: scripts=1963, non-scripts=12974
		Asset File Changes: new=0, changed=0, moved=0, deleted=0
		Scan Filter Count: 1
	InvokePackagesCallback: 0.420ms
	ApplyChangesToAssetFolders: 0.098ms
	Scan: 325.258ms
	Collect global state as custom dependencies: 0.317ms
	CategorizeAssets: 86.766ms
	ImportOutOfDateAssets: 97.611ms (10.033ms without children)
		UnloadImportedAssets: 0.081ms
		EnsureUptoDateAssetsAreRegisteredWithGuidPM: 1.033ms
		ImportSchedulerStart: 86.422ms
	GatherAllCurrentPrimaryImportResultRevisions: 0.461ms
	PersistCurrentRevisions: 0.323ms
	Untracked: 5.490ms

[Licensing::Client] Successfully resolved entitlement details
[Licensing::Client] Successfully resolved entitlement details
Opening scene 'Assets/Scenes/Beginner Level 01.unity'
LightingSettings: switching bake backend from 2 to 1.
Unloading 60 Unused Serialized files (Serialized files now loaded: 0)
Serialized reference type mismatch: field 'shootingPoints' expects 'ShootingPointReference' but the stored reference is a 'GameObject'. The reference is treated as null (and serialized as null in player builds). Re-assign the field in the Inspector to fix it.
UnityEngine.Debug:ExtractStackTraceNoAlloc (byte*,int,string)
UnityEngine.StackTraceUtility:ExtractStackTrace () (at /Users/bokken/build/output/unity/unity/Runtime/Export/Scripting/StackTrace.cs:35)
UnityEditor.SceneManagement.EditorSceneManager:OpenScene (string,UnityEditor.SceneManagement.OpenSceneMode)
PerfBenchmark:Tick () (at Assets/Editor/Perf/PerfBenchmark.cs:63)
UnityEditor.EditorApplication:Internal_CallUpdateFunctions () (at /Users/bokken/build/output/unity/unity/Editor/Mono/EditorApplication.cs:403)

[Assets/Editor/Perf/PerfBenchmark.cs line 63]

Serialized reference type mismatch: field 'shootingPoints' expects 'ShootingPointReference' but the stored reference is a 'GameObject'. The reference is treated as null (and serialized as null in player builds). Re-assign the field in the Inspector to fix it.
UnityEngine.Debug:ExtractStackTraceNoAlloc (byte*,int,string)
UnityEngine.StackTraceUtility:ExtractStackTrace () (at /Users/bokken/build/output/unity/unity/Runtime/Export/Scripting/StackTrace.cs:35)
UnityEditor.SceneManagement.EditorSceneManager:OpenScene (string,UnityEditor.SceneManagement.OpenSceneMode)
PerfBenchmark:Tick () (at Assets/Editor/Perf/PerfBenchmark.cs:63)
UnityEditor.EditorApplication:Internal_CallUpdateFunctions () (at /Users/bokken/build/output/unity/unity/Editor/Mono/EditorApplication.cs:403)

[Assets/Editor/Perf/PerfBenchmark.cs line 63]

Serialized reference type mismatch: field 'shootingPoints' expects 'ShootingPointReference' but the stored reference is a 'GameObject'. The reference is treated as null (and serialized as null in player builds). Re-assign the field in the Inspector to fix it.
UnityEngine.Debug:ExtractStackTraceNoAlloc (byte*,int,string)
UnityEngine.StackTraceUtility:ExtractStackTrace () (at /Users/bokken/build/output/unity/unity/Runtime/Export/Scripting/StackTrace.cs:35)
UnityEditor.SceneManagement.EditorSceneManager:OpenScene (string,UnityEditor.SceneManagement.OpenSceneMode)
PerfBenchmark:Tick () (at Assets/Editor/Perf/PerfBenchmark.cs:63)
UnityEditor.EditorApplication:Internal_CallUpdateFunctions () (at /Users/bokken/build/output/unity/unity/Editor/Mono/EditorApplication.cs:403)

[Assets/Editor/Perf/PerfBenchmark.cs line 63]

Serialized reference type mismatch: field 'shootingPoints' expects 'ShootingPointReference' but the stored reference is a 'GameObject'. The reference is treated as null (and serialized as null in player builds). Re-assign the field in the Inspector to fix it.
UnityEngine.Debug:ExtractStackTraceNoAlloc (byte*,int,string)
UnityEngine.StackTraceUtility:ExtractStackTrace () (at /Users/bokken/build/output/unity/unity/Runtime/Export/Scripting/StackTrace.cs:35)
UnityEditor.SceneManagement.EditorSceneManager:OpenScene (string,UnityEditor.SceneManagement.OpenSceneMode)
PerfBenchmark:Tick () (at Assets/Editor/Perf/PerfBenchmark.cs:63)
UnityEditor.EditorApplication:Internal_CallUpdateFunctions () (at /Users/bokken/build/output/unity/unity/Editor/Mono/EditorApplication.cs:403)

[Assets/Editor/Perf/PerfBenchmark.cs line 63]

Serialized reference type mismatch: field 'shootingPoints' expects 'ShootingPointReference' but the stored reference is a 'GameObject'. The reference is treated as null (and serialized as null in player builds). Re-assign the field in the Inspector to fix it.
UnityEngine.Debug:ExtractStackTraceNoAlloc (byte*,int,string)
UnityEngine.StackTraceUtility:ExtractStackTrace () (at /Users/bokken/build/output/unity/unity/Runtime/Export/Scripting/StackTrace.cs:35)
UnityEditor.SceneManagement.EditorSceneManager:OpenScene (string,UnityEditor.SceneManagement.OpenSceneMode)
PerfBenchmark:Tick () (at Assets/Editor/Perf/PerfBenchmark.cs:63)
UnityEditor.EditorApplication:Internal_CallUpdateFunctions () (at /Users/bokken/build/output/unity/unity/Editor/Mono/EditorApplication.cs:403)

[Assets/Editor/Perf/PerfBenchmark.cs line 63]

Serialized reference type mismatch: field 'shootingPoints' expects 'ShootingPointReference' but the stored reference is a 'GameObject'. The reference is treated as null (and serialized as null in player builds). Re-assign the field in the Inspector to fix it.
UnityEngine.Debug:ExtractStackTraceNoAlloc (byte*,int,string)
UnityEngine.StackTraceUtility:ExtractStackTrace () (at /Users/bokken/build/output/unity/unity/Runtime/Export/Scripting/StackTrace.cs:35)
UnityEditor.SceneManagement.EditorSceneManager:OpenScene (string,UnityEditor.SceneManagement.OpenSceneMode)
PerfBenchmark:Tick () (at Assets/Editor/Perf/PerfBenchmark.cs:63)
UnityEditor.EditorApplication:Internal_CallUpdateFunctions () (at /Users/bokken/build/output/unity/unity/Editor/Mono/EditorApplication.cs:403)

[Assets/Editor/Perf/PerfBenchmark.cs line 63]

Serialized reference type mismatch: field 'shootingPoints' expects 'ShootingPointReference' but the stored reference is a 'GameObject'. The reference is treated as null (and serialized as null in player builds). Re-assign the field in the Inspector to fix it.
UnityEngine.Debug:ExtractStackTraceNoAlloc (byte*,int,string)
UnityEngine.StackTraceUtility:ExtractStackTrace () (at /Users/bokken/build/output/unity/unity/Runtime/Export/Scripting/StackTrace.cs:35)
UnityEditor.SceneManagement.EditorSceneManager:OpenScene (string,UnityEditor.SceneManagement.OpenSceneMode)
PerfBenchmark:Tick () (at Assets/Editor/Perf/PerfBenchmark.cs:63)
UnityEditor.EditorApplication:Internal_CallUpdateFunctions () (at /Users/bokken/build/output/unity/unity/Editor/Mono/EditorApplication.cs:403)

[Assets/Editor/Perf/PerfBenchmark.cs line 63]

Loaded scene 'Assets/Scenes/Beginner Level 01.unity'
	Deserialize:            14.379 ms
	Integration:            312.408 ms
	Integration of assets:  0.164 ms
	Thread Wait Time:       0.004 ms
	Total Operation Time:   326.955 ms
Unloading 6 unused Assets / (65.1 KB). Loaded Objects now: 21655.
Memory consumption went from 336.5 MB to 336.4 MB.
Total: 10.578084 ms (FindLiveObjects: 0.614250 ms CreateObjectMapping: 1.277542 ms MarkObjects: 8.629041 ms  DeleteObjects: 0.057084 ms)

Start Indexing on Editor startup
[Indexing] Starting Initial Indexing for Assets
Thread 0x704f0c7000 may have been prematurely finalized
Reloading assemblies for play mode.
Reloading assemblies after forced synchronous recompile.
Begin MonoManager ReloadAssembly
2026-10-04 14:53:19.246 Unity[77280:16775996] NSEventModifierFlagFunction specified to -setKeyEquivalentModifierMask: for item <NSMenuItem: 0x7bd0136620 SDF, ke='Command-F12'>, but is only supported for system-provided menu items; will not be used
2026-10-04 14:53:19.250 Unity[77280:16775996] NSEventModifierFlagFunction specified to -setKeyEquivalentModifierMask: for item <NSMenuItem: 0x7bd0141fe0 SDF, ke='Command-F12'>, but is only supported for system-provided menu items; will not be used
2026-10-04 14:53:19.254 Unity[77280:16775996] NSEventModifierFlagFunction specified to -setKeyEquivalentModifierMask: for item <NSMenuItem: 0x7bd013a1c0 SDF, ke='Command-F12'>, but is only supported for system-provided menu items; will not be used
2026-10-04 14:53:19.257 Unity[77280:16775996] NSEventModifierFlagFunction specified to -setKeyEquivalentModifierMask: for item <NSMenuItem: 0x7bd010b340 SDF, ke='Command-F12'>, but is only supported for system-provided menu items; will not be used
Symbol file LoadedFromMemory is not a mono symbol file
Serialized reference type mismatch: field 'shootingPoints' expects 'ShootingPointReference' but the stored reference is a 'GameObject'. The reference is treated as null (and serialized as null in player builds). Re-assign the field in the Inspector to fix it.
Serialized reference type mismatch: field 'shootingPoints' expects 'ShootingPointReference' but the stored reference is a 'GameObject'. The reference is treated as null (and serialized as null in player builds). Re-assign the field in the Inspector to fix it.
Serialized reference type mismatch: field 'shootingPoints' expects 'ShootingPointReference' but the stored reference is a 'GameObject'. The reference is treated as null (and serialized as null in player builds). Re-assign the field in the Inspector to fix it.
Serialized reference type mismatch: field 'shootingPoints' expects 'ShootingPointReference' but the stored reference is a 'GameObject'. The reference is treated as null (and serialized as null in player builds). Re-assign the field in the Inspector to fix it.
Serialized reference type mismatch: field 'shootingPoints' expects 'ShootingPointReference' but the stored reference is a 'GameObject'. The reference is treated as null (and serialized as null in player builds). Re-assign the field in the Inspector to fix it.
Serialized reference type mismatch: field 'shootingPoints' expects 'ShootingPointReference' but the stored reference is a 'GameObject'. The reference is treated as null (and serialized as null in player builds). Re-assign the field in the Inspector to fix it.
Serialized reference type mismatch: field 'shootingPoints' expects 'ShootingPointReference' but the stored reference is a 'GameObject'. The reference is treated as null (and serialized as null in player builds). Re-assign the field in the Inspector to fix it.
Native extension for LinuxStandalone target not found
Native extension for iOS target not found
Native extension for Android target not found
Native extension for WindowsStandalone target not found
Native extension for OSXStandalone target not found
Native extension for WebGL target not found
ScheduleIndexationOnStartup MainProcess:True IndexOnStartup:True
Mono: successfully reloaded assembly
- Finished resetting the current domain, in  0.583 seconds
Domain Reload Profiling: 1143ms
	BeginReloadAssembly (432ms)
		DisableScriptedObjects (88ms)
		CreateAndSetChildDomain (264ms)
	RebuildCommonClasses (5ms)
	RebuildNativeTypeToScriptingClass (9ms)
	initialDomainReloadingComplete (22ms)
	LoadAllAssembliesAndSetupDomain (92ms)
		LoadAssemblies (46ms)
		AnalyzeDomain (20ms)
			TypeCache.Refresh (5ms)
			ResolveRequiredComponents (12ms)
	FinalizeReload (584ms)
		SetupLoadedEditorAssemblies (0ms)
			InitializePlatformSupportModulesInManaged (11ms)
			BeforeProcessingInitializeOnLoad (43ms)
			ProcessInitializeOnLoadAttributes (195ms)
			ProcessInitializeOnLoadMethodAttributes (55ms)
		AwakeInstancesAfterBackupRestoration (69ms)
No restricted APIs configured; Validation skipped.
Checking 20 assemblies for restricted APIs found 0 usage(s) in 2 ms

Asset Pipeline Refresh (id=a0daa457c9a5444a8bf57e27447cbf39): Total: 2.014 seconds - Initiated by StopAssetImportingV2(ForceSynchronousImport | ForceDomainReload)
	(Values over 0.05ms)
	Summary:
		Imports: total=0 (actual=0, local cache=0, cache server=0)
		Asset DB Process Time: managed=0 ms, native=927 ms
		Asset DB Callback time: managed=388 ms, native=124 ms
		Scripting: domain reloads=1, domain reload time=572 ms, compile time=1 ms, other=0 ms
		Project Asset Count: scripts=1963, non-scripts=12974
		Asset File Changes: new=0, changed=0, moved=0, deleted=0
		Scan Filter Count: 0
	InvokePackagesCallback: 0.756ms
	ApplyChangesToAssetFolders: 0.210ms
	Collect global state as custom dependencies: 1.246ms
	ProcessAssetsWithTransientArtifactChanges: 91.293ms
	CategorizeAssets: 119.873ms
	CompileScripts: 0.673ms
	ImportOutOfDateAssets: 689.416ms (596.586ms without children)
		CollectScriptTypesHashes: 1.292ms
		ReloadNativeAssets: 1.073ms
		UnloadImportedAssets: 0.120ms
		EnsureUptoDateAssetsAreRegisteredWithGuidPM: 1.271ms
		ImportSchedulerStart: 90.344ms
	PostProcessAllAssets: 504.723ms
		PostProcessCallbackCreateDeferredMaterials 23.919ms
		AssemblyValidation.PostprocessAllAssets 22.344ms
		ShaderAssetModifiedCallback 9.833ms
		RaytracingShaderImportPostprocess 7.127ms
		SpeedTreeImporter.PostprocessAllAssets 6.536ms
		ComputeShaderImportPostprocess 5.841ms
		LocalizationDatabase.AssetDatabasePostprocessCallback 2.418ms
		BlockShaderImporter.PostprocessAllAssets 2.391ms
		XRBuildSystem.XRAssetImported 0.076ms
		MonoPostProcessAllAssets: 388.135ms
			SyncVS.PostprocessSyncProject 129.785ms
			ShaderGraphAssetPostProcessor.OnPostprocessAllAssets 88.129ms
			AssetPostprocessor.OnPostprocessAllAssets 27.969ms
			PostProcessor.OnPostprocessAllAssets 21.859ms
			VFXGraphPreprocessor.OnPostprocessAllAssets 16.674ms
			MaterialPostprocessor.OnPostprocessAllAssets 15.971ms
			TextAssetPostProcessor.OnPostprocessAllAssets 14.247ms
			SpriteSlicePostprocessor.OnPostprocessAllAssets 12.116ms
			StyleCatalogPostProcessor.OnPostprocessAllAssets 10.684ms
			AssetChangedListener.OnPostprocessAllAssets 7.912ms
			UniversalRenderPipelineGlobalSettingsPostprocessor.OnPostprocessAllAssets 5.586ms
			BuilderAssetPostprocessor.OnPostprocessAllAssets 3.867ms
			RenderPipelineGlobalSettingsPostprocessor.OnPostprocessAllAssets 2.090ms
			SpeedTree9Postprocessor.OnPostprocessAllAssets 1.818ms
			RetainedModeAssetPostprocessor.OnPostprocessAllAssets 1.019ms
			WindowAssetPostprocessingWatcher.OnPostprocessAllAssets 0.843ms
			SpriteEditorTexturePostprocessor.OnPostprocessAllAssets 0.800ms
			UVCSAssetPostprocessor.OnPostprocessAllAssets 0.528ms
			ArtifactBrowserPostProcessor.OnPostprocessAllAssets 0.314ms
			ShaderReflectionAssetPostProcessor.OnPostprocessAllAssets 0.284ms
			SpeedTreePostProcessor.OnPostprocessAllAssets 0.200ms
			SamplePostprocessor.OnPostprocessAllAssets 0.175ms
			SampleDependencyImporterPostProcessor.OnPostprocessAllAssets 0.169ms
			AudioMixerPostprocessor.OnPostprocessAllAssets 0.154ms
			AssetEvents.OnPostprocessAllAssets 0.142ms
			ReferencedClipsPostProcessor.OnPostprocessAllAssets 0.135ms
			EditModeScopePostprocessor.OnPostprocessAllAssets 0.134ms
			TMPro_TexturePostProcessor.OnPostprocessAllAssets 0.127ms
			TerrainToolbarOverlayPostProcessor.OnPostprocessAllAssets 0.113ms
			AssetDatabaseCallbacks.OnPostprocessAllAssets 0.065ms
	PostAssetChangesProfiler: 8.017ms
	GatherAllCurrentPrimaryImportResultRevisions: 0.245ms
	UnloadStreamsBegin: 2.940ms
	PersistCurrentRevisions: 0.296ms
	GenerateScriptTypeHashes: 4.140ms
	GenerateScriptTypeSerializationHashes: 6.164ms
	Untracked: 591.219ms

LightingSettings: switching bake backend from 2 to 1.
Loaded scene 'Temp/__Backupscenes/0.backup'
	Deserialize:            46.917 ms
	Integration:            219.119 ms
	Integration of assets:  2.055 ms
	Thread Wait Time:       0.003 ms
	Total Operation Time:   268.093 ms
PERF RUN S1-1x (mixed, 1x, round 100)
UnityEngine.Debug:ExtractStackTraceNoAlloc (byte*,int,string)
UnityEngine.StackTraceUtility:ExtractStackTrace () (at /Users/bokken/build/output/unity/unity/Runtime/Export/Scripting/StackTrace.cs:35)
UnityEngine.DebugLogHandler:Internal_Log (UnityEngine.LogType,UnityEngine.LogOption,string,UnityEngine.Object)
UnityEngine.DebugLogHandler:LogFormat (UnityEngine.LogType,UnityEngine.Object,string,object[])
UnityEngine.Logger:Log (UnityEngine.LogType,object)
UnityEngine.Debug:Log (object)
PerfScenario/<RunOne>d__41:MoveNext () (at Assets/Scripts/Diagnostics/PerfScenario.cs:276)
UnityEngine.SetupCoroutine:InvokeMoveNext (System.Collections.IEnumerator,intptr) (at /Users/bokken/build/output/unity/unity/Runtime/Export/Scripting/Coroutines.cs:17)

(Filename: Assets/Scripts/Diagnostics/PerfScenario.cs Line: 276)

LightingSettings: switching bake backend from 2 to 1.
Unloading 65 Unused Serialized files (Serialized files now loaded: 0)
Created GICache directory at /Users/philipp/Library/Caches/com.unity3d.UnityEditor/GiCache. Took: 0.007s, timestamps: [10.148 - 10.156]
[MODES] ModeService[none].Initialize
[MODES] ModeService[none].LoadModes
[Licensing::Client] Successfully resolved entitlement details
[Licensing::Client] Successfully resolved entitlement details
UnloadTime: 7.844208 ms
Loaded scene 'Temp/__Backupscenes/0.backup'
	Deserialize:            36.507 ms
	Integration:            171.772 ms
	Integration of assets:  0.001 ms
	Thread Wait Time:       173.139 ms
	Total Operation Time:   381.419 ms
Unloading 8521 unused Assets / (4.9 MB). Loaded Objects now: 18302.
Memory consumption went from 344.0 MB to 339.1 MB.
Total: 13.508542 ms (FindLiveObjects: 0.571541 ms CreateObjectMapping: 1.906833 ms MarkObjects: 8.422500 ms  DeleteObjects: 2.607375 ms)

Couldn't create a Convex Mesh from source mesh, within the maximum polygons limit (256). The partial hull will be used. Consider simplifying your mesh. Source mesh name: default
UnityEngine.Debug:ExtractStackTraceNoAlloc (byte*,int,string)
UnityEngine.StackTraceUtility:ExtractStackTrace () (at /Users/bokken/build/output/unity/unity/Runtime/Export/Scripting/StackTrace.cs:35)
UnityEngine.Object:Internal_InstantiateSingle (UnityEngine.Object,UnityEngine.Vector3,UnityEngine.Quaternion)
UnityEngine.Object:Instantiate (UnityEngine.Object,UnityEngine.Vector3,UnityEngine.Quaternion) (at /Users/bokken/build/output/unity/unity/Runtime/Export/Scripting/UnityEngineObject.bindings.cs:534)
UnityEngine.Object:Instantiate<UnityEngine.GameObject> (UnityEngine.GameObject,UnityEngine.Vector3,UnityEngine.Quaternion) (at /Users/bokken/build/output/unity/unity/Runtime/Export/Scripting/UnityEngineObject.bindings.cs:681)
PerfScenario:BuildOnBlock (UnityEngine.GameObject,UnityEngine.GameObject,UnityEngine.Vector3) (at Assets/Scripts/Diagnostics/PerfScenario.cs:629)
PerfScenario/<RunOne>d__41:MoveNext () (at Assets/Scripts/Diagnostics/PerfScenario.cs:310)
UnityEngine.SetupCoroutine:InvokeMoveNext (System.Collections.IEnumerator,intptr) (at /Users/bokken/build/output/unity/unity/Runtime/Export/Scripting/Coroutines.cs:17)

[/Users/bokken/build/output/unity/unity/Runtime/Export/Scripting/StackTrace.cs line 35]

PERF layout S1-1x: 154 block spots, 43 towers planned, 43 built
UnityEngine.Debug:ExtractStackTraceNoAlloc (byte*,int,string)
UnityEngine.StackTraceUtility:ExtractStackTrace () (at /Users/bokken/build/output/unity/unity/Runtime/Export/Scripting/StackTrace.cs:35)
UnityEngine.DebugLogHandler:Internal_Log (UnityEngine.LogType,UnityEngine.LogOption,string,UnityEngine.Object)
UnityEngine.DebugLogHandler:LogFormat (UnityEngine.LogType,UnityEngine.Object,string,object[])
UnityEngine.Logger:Log (UnityEngine.LogType,object)
UnityEngine.Debug:Log (object)
PerfScenario/<RunOne>d__41:MoveNext () (at Assets/Scripts/Diagnostics/PerfScenario.cs:318)
UnityEngine.SetupCoroutine:InvokeMoveNext (System.Collections.IEnumerator,intptr) (at /Users/bokken/build/output/unity/unity/Runtime/Export/Scripting/Coroutines.cs:17)

(Filename: Assets/Scripts/Diagnostics/PerfScenario.cs Line: 318)

EffectPlayer: LaserMuzzleBlue plays batched one-shot
UnityEngine.Debug:ExtractStackTraceNoAlloc (byte*,int,string)
UnityEngine.StackTraceUtility:ExtractStackTrace () (at /Users/bokken/build/output/unity/unity/Runtime/Export/Scripting/StackTrace.cs:35)
UnityEngine.DebugLogHandler:Internal_Log (UnityEngine.LogType,UnityEngine.LogOption,string,UnityEngine.Object)
UnityEngine.DebugLogHandler:LogFormat (UnityEngine.LogType,UnityEngine.Object,string,object[])
UnityEngine.Logger:Log (UnityEngine.LogType,object)
UnityEngine.Debug:Log (object)
EffectPlayer:LogBackend (UnityEngine.GameObject,string) (at Assets/Scripts/Effects/EffectPlayer.cs:93)
EffectPool:PlayOneShot (UnityEngine.Vector3,UnityEngine.Quaternion,single,single,single) (at Assets/Scripts/Effects/EffectPool.cs:65)
EffectPlayer:Play (UnityEngine.GameObject,UnityEngine.Vector3,UnityEngine.Quaternion,single,single,single) (at Assets/Scripts/Effects/EffectPlayer.cs:77)
ProjectileSystem:Spawn (ProjectileArchetype,ProjectileSystem/Shot&,int,single) (at Assets/Scripts/Combat/ProjectileSystem.cs:221)
ProjectileSystem:Fire (UnityEngine.GameObject,ProjectileSystem/Shot&) (at Assets/Scripts/Combat/ProjectileSystem.cs:166)
LaserTowerActionStrategy:FireVolley (single) (at Assets/Scripts/Tower/ActionStrategies/LaserTowerActionStrategy.cs:83)
LaserTowerActionStrategy:ExecuteAction () (at Assets/Scripts/Tower/ActionStrategies/LaserTowerActionStrategy.cs:38)
Tower:Update () (at Assets/Scripts/Entities/Tower.cs:89)

(Filename: Assets/Scripts/Effects/EffectPlayer.cs Line: 93)

EffectPlayer: LaserBlue plays batched flight
UnityEngine.Debug:ExtractStackTraceNoAlloc (byte*,int,string)
UnityEngine.StackTraceUtility:ExtractStackTrace () (at /Users/bokken/build/output/unity/unity/Runtime/Export/Scripting/StackTrace.cs:35)
UnityEngine.DebugLogHandler:Internal_Log (UnityEngine.LogType,UnityEngine.LogOption,string,UnityEngine.Object)
UnityEngine.DebugLogHandler:LogFormat (UnityEngine.LogType,UnityEngine.Object,string,object[])
UnityEngine.Logger:Log (UnityEngine.LogType,object)
UnityEngine.Debug:Log (object)
EffectPlayer:LogBackend (UnityEngine.GameObject,string) (at Assets/Scripts/Effects/EffectPlayer.cs:93)
EffectPool:Attach (UnityEngine.Vector3,UnityEngine.Quaternion,single) (at Assets/Scripts/Effects/EffectPool.cs:90)
EffectPlayer:Attach (UnityEngine.GameObject,UnityEngine.Vector3,UnityEngine.Quaternion,single) (at Assets/Scripts/Effects/EffectPlayer.cs:87)
ProjectileSystem:Spawn (ProjectileArchetype,ProjectileSystem/Shot&,int,single) (at Assets/Scripts/Combat/ProjectileSystem.cs:222)
ProjectileSystem:Fire (UnityEngine.GameObject,ProjectileSystem/Shot&) (at Assets/Scripts/Combat/ProjectileSystem.cs:166)
LaserTowerActionStrategy:FireVolley (single) (at Assets/Scripts/Tower/ActionStrategies/LaserTowerActionStrategy.cs:83)
LaserTowerActionStrategy:ExecuteAction () (at Assets/Scripts/Tower/ActionStrategies/LaserTowerActionStrategy.cs:38)
Tower:Update () (at Assets/Scripts/Entities/Tower.cs:89)

(Filename: Assets/Scripts/Effects/EffectPlayer.cs Line: 93)

EffectPlayer: RocketMuzzleGreen plays pooled one-shot
UnityEngine.Debug:ExtractStackTraceNoAlloc (byte*,int,string)
UnityEngine.StackTraceUtility:ExtractStackTrace () (at /Users/bokken/build/output/unity/unity/Runtime/Export/Scripting/StackTrace.cs:35)
UnityEngine.DebugLogHandler:Internal_Log (UnityEngine.LogType,UnityEngine.LogOption,string,UnityEngine.Object)
UnityEngine.DebugLogHandler:LogFormat (UnityEngine.LogType,UnityEngine.Object,string,object[])
UnityEngine.Logger:Log (UnityEngine.LogType,object)
UnityEngine.Debug:Log (object)
EffectPlayer:LogBackend (UnityEngine.GameObject,string) (at Assets/Scripts/Effects/EffectPlayer.cs:93)
EffectPool:PlayOneShot (UnityEngine.Vector3,UnityEngine.Quaternion,single,single,single) (at Assets/Scripts/Effects/EffectPool.cs:65)
EffectPlayer:Play (UnityEngine.GameObject,UnityEngine.Vector3,UnityEngine.Quaternion,single,single,single) (at Assets/Scripts/Effects/EffectPlayer.cs:77)
ProjectileSystem:Spawn (ProjectileArchetype,ProjectileSystem/Shot&,int,single) (at Assets/Scripts/Combat/ProjectileSystem.cs:221)
ProjectileSystem:Fire (UnityEngine.GameObject,ProjectileSystem/Shot&) (at Assets/Scripts/Combat/ProjectileSystem.cs:166)
BombTowerActionStrategy:FireVolley (single) (at Assets/Scripts/Tower/ActionStrategies/BombTowerActionStrategy.cs:70)
BombTowerActionStrategy:ExecuteAction () (at Assets/Scripts/Tower/ActionStrategies/BombTowerActionStrategy.cs:41)
Tower:Update () (at Assets/Scripts/Entities/Tower.cs:89)

(Filename: Assets/Scripts/Effects/EffectPlayer.cs Line: 93)

EffectPlayer: RocketMissileGreen plays batched flight
UnityEngine.Debug:ExtractStackTraceNoAlloc (byte*,int,string)
UnityEngine.StackTraceUtility:ExtractStackTrace () (at /Users/bokken/build/output/unity/unity/Runtime/Export/Scripting/StackTrace.cs:35)
UnityEngine.DebugLogHandler:Internal_Log (UnityEngine.LogType,UnityEngine.LogOption,string,UnityEngine.Object)
UnityEngine.DebugLogHandler:LogFormat (UnityEngine.LogType,UnityEngine.Object,string,object[])
UnityEngine.Logger:Log (UnityEngine.LogType,object)
UnityEngine.Debug:Log (object)
EffectPlayer:LogBackend (UnityEngine.GameObject,string) (at Assets/Scripts/Effects/EffectPlayer.cs:93)
EffectPool:Attach (UnityEngine.Vector3,UnityEngine.Quaternion,single) (at Assets/Scripts/Effects/EffectPool.cs:90)
EffectPlayer:Attach (UnityEngine.GameObject,UnityEngine.Vector3,UnityEngine.Quaternion,single) (at Assets/Scripts/Effects/EffectPlayer.cs:87)
ProjectileSystem:Spawn (ProjectileArchetype,ProjectileSystem/Shot&,int,single) (at Assets/Scripts/Combat/ProjectileSystem.cs:222)
ProjectileSystem:Fire (UnityEngine.GameObject,ProjectileSystem/Shot&) (at Assets/Scripts/Combat/ProjectileSystem.cs:166)
BombTowerActionStrategy:FireVolley (single) (at Assets/Scripts/Tower/ActionStrategies/BombTowerActionStrategy.cs:70)
BombTowerActionStrategy:ExecuteAction () (at Assets/Scripts/Tower/ActionStrategies/BombTowerActionStrategy.cs:41)
Tower:Update () (at Assets/Scripts/Entities/Tower.cs:89)

(Filename: Assets/Scripts/Effects/EffectPlayer.cs Line: 93)

EffectPlayer: GrenadeMuzzleRed plays pooled one-shot
UnityEngine.Debug:ExtractStackTraceNoAlloc (byte*,int,string)
UnityEngine.StackTraceUtility:ExtractStackTrace () (at /Users/bokken/build/output/unity/unity/Runtime/Export/Scripting/StackTrace.cs:35)
UnityEngine.DebugLogHandler:Internal_Log (UnityEngine.LogType,UnityEngine.LogOption,string,UnityEngine.Object)
UnityEngine.DebugLogHandler:LogFormat (UnityEngine.LogType,UnityEngine.Object,string,object[])
UnityEngine.Logger:Log (UnityEngine.LogType,object)
UnityEngine.Debug:Log (object)
EffectPlayer:LogBackend (UnityEngine.GameObject,string) (at Assets/Scripts/Effects/EffectPlayer.cs:93)
EffectPool:PlayOneShot (UnityEngine.Vector3,UnityEngine.Quaternion,single,single,single) (at Assets/Scripts/Effects/EffectPool.cs:65)
EffectPlayer:Play (UnityEngine.GameObject,UnityEngine.Vector3,UnityEngine.Quaternion,single,single,single) (at Assets/Scripts/Effects/EffectPlayer.cs:77)
MineFactoryActionStrategy:SpawnEffect (UnityEngine.GameObject,UnityEngine.Vector3,single,single) (at Assets/Scripts/Tower/ActionStrategies/MineFactoryActionStrategy.cs:583)
MineFactoryActionStrategy:LaunchMine () (at Assets/Scripts/Tower/ActionStrategies/MineFactoryActionStrategy.cs:217)
MineFactoryActionStrategy:Produce (single) (at Assets/Scripts/Tower/ActionStrategies/MineFactoryActionStrategy.cs:190)
MineFactoryActionStrategy:ExecuteAction () (at Assets/Scripts/Tower/ActionStrategies/MineFactoryActionStrategy.cs:162)
Tower:Update () (at Assets/Scripts/Entities/Tower.cs:89)

(Filename: Assets/Scripts/Effects/EffectPlayer.cs Line: 93)

EffectPlayer: LaserExplosionBlue plays batched one-shot
UnityEngine.Debug:ExtractStackTraceNoAlloc (byte*,int,string)
UnityEngine.StackTraceUtility:ExtractStackTrace () (at /Users/bokken/build/output/unity/unity/Runtime/Export/Scripting/StackTrace.cs:35)
UnityEngine.DebugLogHandler:Internal_Log (UnityEngine.LogType,UnityEngine.LogOption,string,UnityEngine.Object)
UnityEngine.DebugLogHandler:LogFormat (UnityEngine.LogType,UnityEngine.Object,string,object[])
UnityEngine.Logger:Log (UnityEngine.LogType,object)
UnityEngine.Debug:Log (object)
EffectPlayer:LogBackend (UnityEngine.GameObject,string) (at Assets/Scripts/Effects/EffectPlayer.cs:93)
EffectPool:PlayOneShot (UnityEngine.Vector3,UnityEngine.Quaternion,single,single,single) (at Assets/Scripts/Effects/EffectPool.cs:65)
EffectPlayer:Play (UnityEngine.GameObject,UnityEngine.Vector3,UnityEngine.Quaternion,single,single,single) (at Assets/Scripts/Effects/EffectPlayer.cs:77)
ProjectileSystem:Apply (int) (at Assets/Scripts/Combat/ProjectileSystem.cs:324)
ProjectileSystem:Update () (at Assets/Scripts/Combat/ProjectileSystem.cs:274)

(Filename: Assets/Scripts/Effects/EffectPlayer.cs Line: 93)

EffectPlayer: RocketExplosionGreen plays pooled one-shot
UnityEngine.Debug:ExtractStackTraceNoAlloc (byte*,int,string)
UnityEngine.StackTraceUtility:ExtractStackTrace () (at /Users/bokken/build/output/unity/unity/Runtime/Export/Scripting/StackTrace.cs:35)
UnityEngine.DebugLogHandler:Internal_Log (UnityEngine.LogType,UnityEngine.LogOption,string,UnityEngine.Object)
UnityEngine.DebugLogHandler:LogFormat (UnityEngine.LogType,UnityEngine.Object,string,object[])
UnityEngine.Logger:Log (UnityEngine.LogType,object)
UnityEngine.Debug:Log (object)
EffectPlayer:LogBackend (UnityEngine.GameObject,string) (at Assets/Scripts/Effects/EffectPlayer.cs:93)
EffectPool:PlayOneShot (UnityEngine.Vector3,UnityEngine.Quaternion,single,single,single) (at Assets/Scripts/Effects/EffectPool.cs:65)
EffectPlayer:Play (UnityEngine.GameObject,UnityEngine.Vector3,UnityEngine.Quaternion,single,single,single) (at Assets/Scripts/Effects/EffectPlayer.cs:77)
ProjectileSystem:Explode (ProjectileSystem/State&,ProjectileArchetype,Tower,Unity.Mathematics.float3,single) (at Assets/Scripts/Combat/ProjectileSystem.cs:409)
ProjectileSystem:Apply (int) (at Assets/Scripts/Combat/ProjectileSystem.cs:331)
ProjectileSystem:Update () (at Assets/Scripts/Combat/ProjectileSystem.cs:274)

(Filename: Assets/Scripts/Effects/EffectPlayer.cs Line: 93)

[remote] error: Init socket failed
EffectPlayer: GrenadeExplosionGreen plays pooled one-shot
UnityEngine.Debug:ExtractStackTraceNoAlloc (byte*,int,string)
UnityEngine.StackTraceUtility:ExtractStackTrace () (at /Users/bokken/build/output/unity/unity/Runtime/Export/Scripting/StackTrace.cs:35)
UnityEngine.DebugLogHandler:Internal_Log (UnityEngine.LogType,UnityEngine.LogOption,string,UnityEngine.Object)
UnityEngine.DebugLogHandler:LogFormat (UnityEngine.LogType,UnityEngine.Object,string,object[])
UnityEngine.Logger:Log (UnityEngine.LogType,object)
UnityEngine.Debug:Log (object)
EffectPlayer:LogBackend (UnityEngine.GameObject,string) (at Assets/Scripts/Effects/EffectPlayer.cs:93)
EffectPool:PlayOneShot (UnityEngine.Vector3,UnityEngine.Quaternion,single,single,single) (at Assets/Scripts/Effects/EffectPool.cs:65)
EffectPlayer:Play (UnityEngine.GameObject,UnityEngine.Vector3,UnityEngine.Quaternion,single,single,single) (at Assets/Scripts/Effects/EffectPlayer.cs:77)
ProjectileSystem:Apply (int) (at Assets/Scripts/Combat/ProjectileSystem.cs:337)
ProjectileSystem:Update () (at Assets/Scripts/Combat/ProjectileSystem.cs:274)

(Filename: Assets/Scripts/Effects/EffectPlayer.cs Line: 93)

EffectPlayer: RocketExplosionRed plays pooled one-shot
UnityEngine.Debug:ExtractStackTraceNoAlloc (byte*,int,string)
UnityEngine.StackTraceUtility:ExtractStackTrace () (at /Users/bokken/build/output/unity/unity/Runtime/Export/Scripting/StackTrace.cs:35)
UnityEngine.DebugLogHandler:Internal_Log (UnityEngine.LogType,UnityEngine.LogOption,string,UnityEngine.Object)
UnityEngine.DebugLogHandler:LogFormat (UnityEngine.LogType,UnityEngine.Object,string,object[])
UnityEngine.Logger:Log (UnityEngine.LogType,object)
UnityEngine.Debug:Log (object)
EffectPlayer:LogBackend (UnityEngine.GameObject,string) (at Assets/Scripts/Effects/EffectPlayer.cs:93)
EffectPool:PlayOneShot (UnityEngine.Vector3,UnityEngine.Quaternion,single,single,single) (at Assets/Scripts/Effects/EffectPool.cs:65)
EffectPlayer:Play (UnityEngine.GameObject,UnityEngine.Vector3,UnityEngine.Quaternion,single,single,single) (at Assets/Scripts/Effects/EffectPlayer.cs:77)
MineFactoryActionStrategy:SpawnEffect (UnityEngine.GameObject,UnityEngine.Vector3,single,single) (at Assets/Scripts/Tower/ActionStrategies/MineFactoryActionStrategy.cs:583)
MineFactoryActionStrategy:Blast (UnityEngine.Vector3,single,single,UnityEngine.GameObject,single) (at Assets/Scripts/Tower/ActionStrategies/MineFactoryActionStrategy.cs:564)
MineFactoryActionStrategy:Detonate (Mine) (at Assets/Scripts/Tower/ActionStrategies/MineFactoryActionStrategy.cs:522)
MineFactoryActionStrategy:CheckContacts (single) (at Assets/Scripts/Tower/ActionStrategies/MineFactoryActionStrategy.cs:500)
MineFactoryActionStrategy:ExecuteAction () (at Assets/Scripts/Tower/ActionStrategies/MineFactoryActionStrategy.cs:160)
Tower:Update () (at Assets/Scripts/Entities/Tower.cs:89)

(Filename: Assets/Scripts/Effects/EffectPlayer.cs Line: 93)

EffectPlayer: MiniExploLava plays batched one-shot
UnityEngine.Debug:ExtractStackTraceNoAlloc (byte*,int,string)
UnityEngine.StackTraceUtility:ExtractStackTrace () (at /Users/bokken/build/output/unity/unity/Runtime/Export/Scripting/StackTrace.cs:35)
UnityEngine.DebugLogHandler:Internal_Log (UnityEngine.LogType,UnityEngine.LogOption,string,UnityEngine.Object)
UnityEngine.DebugLogHandler:LogFormat (UnityEngine.LogType,UnityEngine.Object,string,object[])
UnityEngine.Logger:Log (UnityEngine.LogType,object)
UnityEngine.Debug:Log (object)
EffectPlayer:LogBackend (UnityEngine.GameObject,string) (at Assets/Scripts/Effects/EffectPlayer.cs:93)
EffectPool:PlayOneShot (UnityEngine.Vector3,UnityEngine.Quaternion,single,single,single) (at Assets/Scripts/Effects/EffectPool.cs:65)
EffectPlayer:Play (UnityEngine.GameObject,UnityEngine.Vector3,UnityEngine.Quaternion,single,single,single) (at Assets/Scripts/Effects/EffectPlayer.cs:77)
MineFactoryActionStrategy:SpawnEffect (UnityEngine.GameObject,UnityEngine.Vector3,single,single) (at Assets/Scripts/Tower/ActionStrategies/MineFactoryActionStrategy.cs:583)
MineFactoryActionStrategy:Blast (UnityEngine.Vector3,single,single,UnityEngine.GameObject,single) (at Assets/Scripts/Tower/ActionStrategies/MineFactoryActionStrategy.cs:564)
MineFactoryActionStrategy:UpdatePendingBlasts (single) (at Assets/Scripts/Tower/ActionStrategies/MineFactoryActionStrategy.cs:558)
MineFactoryActionStrategy:ExecuteAction () (at Assets/Scripts/Tower/ActionStrategies/MineFactoryActionStrategy.cs:161)
Tower:Update () (at Assets/Scripts/Entities/Tower.cs:89)

(Filename: Assets/Scripts/Effects/EffectPlayer.cs Line: 93)

EffectPlayer: BuffYellow plays pooled one-shot
UnityEngine.Debug:ExtractStackTraceNoAlloc (byte*,int,string)
UnityEngine.StackTraceUtility:ExtractStackTrace () (at /Users/bokken/build/output/unity/unity/Runtime/Export/Scripting/StackTrace.cs:35)
UnityEngine.DebugLogHandler:Internal_Log (UnityEngine.LogType,UnityEngine.LogOption,string,UnityEngine.Object)
UnityEngine.DebugLogHandler:LogFormat (UnityEngine.LogType,UnityEngine.Object,string,object[])
UnityEngine.Logger:Log (UnityEngine.LogType,object)
UnityEngine.Debug:Log (object)
EffectPlayer:LogBackend (UnityEngine.GameObject,string) (at Assets/Scripts/Effects/EffectPlayer.cs:93)
EffectPool:PlayOneShot (UnityEngine.Vector3,UnityEngine.Quaternion,single,single,single) (at Assets/Scripts/Effects/EffectPool.cs:65)
EffectPlayer:Play (UnityEngine.GameObject,UnityEngine.Vector3,UnityEngine.Quaternion,single,single,single) (at Assets/Scripts/Effects/EffectPlayer.cs:77)
MineFactoryActionStrategy:SpawnEffect (UnityEngine.GameObject,UnityEngine.Vector3,single,single) (at Assets/Scripts/Tower/ActionStrategies/MineFactoryActionStrategy.cs:583)
MineFactoryActionStrategy:ScrapMine () (at Assets/Scripts/Tower/ActionStrategies/MineFactoryActionStrategy.cs:229)
MineFactoryActionStrategy:Produce (single) (at Assets/Scripts/Tower/ActionStrategies/MineFactoryActionStrategy.cs:192)
MineFactoryActionStrategy:ExecuteAction () (at Assets/Scripts/Tower/ActionStrategies/MineFactoryActionStrategy.cs:162)
Tower:Update () (at Assets/Scripts/Entities/Tower.cs:89)

(Filename: Assets/Scripts/Effects/EffectPlayer.cs Line: 93)

EffectPlayer: GrenadeExplosionRed plays pooled one-shot
UnityEngine.Debug:ExtractStackTraceNoAlloc (byte*,int,string)
UnityEngine.StackTraceUtility:ExtractStackTrace () (at /Users/bokken/build/output/unity/unity/Runtime/Export/Scripting/StackTrace.cs:35)
UnityEngine.DebugLogHandler:Internal_Log (UnityEngine.LogType,UnityEngine.LogOption,string,UnityEngine.Object)
UnityEngine.DebugLogHandler:LogFormat (UnityEngine.LogType,UnityEngine.Object,string,object[])
UnityEngine.Logger:Log (UnityEngine.LogType,object)
UnityEngine.Debug:Log (object)
EffectPlayer:LogBackend (UnityEngine.GameObject,string) (at Assets/Scripts/Effects/EffectPlayer.cs:93)
EffectPool:PlayOneShot (UnityEngine.Vector3,UnityEngine.Quaternion,single,single,single) (at Assets/Scripts/Effects/EffectPool.cs:65)
EffectPlayer:Play (UnityEngine.GameObject,UnityEngine.Vector3,UnityEngine.Quaternion,single,single,single) (at Assets/Scripts/Effects/EffectPlayer.cs:77)
MineFactoryActionStrategy:SpawnEffect (UnityEngine.GameObject,UnityEngine.Vector3,single,single) (at Assets/Scripts/Tower/ActionStrategies/MineFactoryActionStrategy.cs:583)
MineFactoryActionStrategy:Blast (UnityEngine.Vector3,single,single,UnityEngine.GameObject,single) (at Assets/Scripts/Tower/ActionStrategies/MineFactoryActionStrategy.cs:564)
MineFactoryActionStrategy:Detonate (Mine) (at Assets/Scripts/Tower/ActionStrategies/MineFactoryActionStrategy.cs:522)
MineFactoryActionStrategy:CheckContacts (single) (at Assets/Scripts/Tower/ActionStrategies/MineFactoryActionStrategy.cs:500)
MineFactoryActionStrategy:ExecuteAction () (at Assets/Scripts/Tower/ActionStrategies/MineFactoryActionStrategy.cs:160)
Tower:Update () (at Assets/Scripts/Entities/Tower.cs:89)

(Filename: Assets/Scripts/Effects/EffectPlayer.cs Line: 93)

EffectPlayer: MiniExploFire plays pooled one-shot
UnityEngine.Debug:ExtractStackTraceNoAlloc (byte*,int,string)
UnityEngine.StackTraceUtility:ExtractStackTrace () (at /Users/bokken/build/output/unity/unity/Runtime/Export/Scripting/StackTrace.cs:35)
UnityEngine.DebugLogHandler:Internal_Log (UnityEngine.LogType,UnityEngine.LogOption,string,UnityEngine.Object)
UnityEngine.DebugLogHandler:LogFormat (UnityEngine.LogType,UnityEngine.Object,string,object[])
UnityEngine.Logger:Log (UnityEngine.LogType,object)
UnityEngine.Debug:Log (object)
EffectPlayer:LogBackend (UnityEngine.GameObject,string) (at Assets/Scripts/Effects/EffectPlayer.cs:93)
EffectPool:PlayOneShot (UnityEngine.Vector3,UnityEngine.Quaternion,single,single,single) (at Assets/Scripts/Effects/EffectPool.cs:65)
EffectPlayer:Play (UnityEngine.GameObject,UnityEngine.Vector3,UnityEngine.Quaternion,single,single,single) (at Assets/Scripts/Effects/EffectPlayer.cs:77)
BulletDispenserTowerActionStrategy:FireAura () (at Assets/Scripts/Tower/ActionStrategies/BulletDispenserTowerActionStrategy.cs:77)
BulletDispenserTowerActionStrategy:FireVolley (single) (at Assets/Scripts/Tower/ActionStrategies/BulletDispenserTowerActionStrategy.cs:55)
BulletDispenserTowerActionStrategy:ExecuteAction () (at Assets/Scripts/Tower/ActionStrategies/BulletDispenserTowerActionStrategy.cs:49)
Tower:Update () (at Assets/Scripts/Entities/Tower.cs:89)

(Filename: Assets/Scripts/Effects/EffectPlayer.cs Line: 93)

[BalanceTelemetry] Recording to /Users/philipp/Library/Application Support/Sakros/3DTD/telemetry/Beginner_Level_01_Medium_20261004-145343.csv
UnityEngine.Debug:ExtractStackTraceNoAlloc (byte*,int,string)
UnityEngine.StackTraceUtility:ExtractStackTrace () (at /Users/bokken/build/output/unity/unity/Runtime/Export/Scripting/StackTrace.cs:35)
UnityEngine.DebugLogHandler:Internal_Log (UnityEngine.LogType,UnityEngine.LogOption,string,UnityEngine.Object)
UnityEngine.DebugLogHandler:LogFormat (UnityEngine.LogType,UnityEngine.Object,string,object[])
UnityEngine.Logger:Log (UnityEngine.LogType,object)
UnityEngine.Debug:Log (object)
BalanceTelemetry:CreateFile () (at Assets/Scripts/BalanceTelemetry.cs:146)
BalanceTelemetry:HandleWaveEnded (int) (at Assets/Scripts/BalanceTelemetry.cs:103)
Spawner:Update () (at Assets/Scripts/Spawner.cs:116)

(Filename: Assets/Scripts/BalanceTelemetry.cs Line: 146)

TrimDiskCacheJob: Current cache size 1mb
PERF RESULT S1-1x: towers 43, frames 6044, frame p50/p95/p99/max 10.0/13.9/16.7/41.7 ms, main p50/p99 10.0/16.7 ms, speed 1.00x, GC steady 100.0% frames (54303639 B, 9380 B/frame), damage 370481, kills 2068, leaked 0, pops 59417, projectiles 5506/5506, death fx 6777/64431, fx 15377/15377, markers [PlayerLoop=9.95ms, Update.ScriptRunBehaviourUpdate=1.91ms, PreLateUpdate.ScriptRunBehaviourLateUpdate=6.28ms, FixedUpdate.PhysicsFixedUpdate=0.00ms, FixedUpdate.ScriptRunBehaviourFixedUpdate=0.02ms, PreUpdate.PhysicsUpdate=0.00ms, Physics.Simulate=0.27ms, Physics.SyncTransforms=0.25ms, Physics.SendTriggerEvents=0.03ms, Physics.SendContactEvents=0.00ms, ParticleSystem.EndUpdateAll=0.18ms, GC.Collect=0.00ms, Instantiate=0.10ms], by type [Laser Tower=5102, Bullet Dispenser=4439, Rocket System=202860, Beam Tower=1000, Sniper Tower=7408, Core Tower=26, Hangar=97897, Mine Factory=51748]
UnityEngine.Debug:ExtractStackTraceNoAlloc (byte*,int,string)
UnityEngine.StackTraceUtility:ExtractStackTrace () (at /Users/bokken/build/output/unity/unity/Runtime/Export/Scripting/StackTrace.cs:35)
UnityEngine.DebugLogHandler:Internal_Log (UnityEngine.LogType,UnityEngine.LogOption,string,UnityEngine.Object)
UnityEngine.DebugLogHandler:LogFormat (UnityEngine.LogType,UnityEngine.Object,string,object[])
UnityEngine.Logger:Log (UnityEngine.LogType,object)
UnityEngine.Debug:Log (object)
PerfScenario:Summarize (PerfScenario/Run,PerfScenario/RunResult,System.Collections.Generic.List`1<Tower>,int) (at Assets/Scripts/Diagnostics/PerfScenario.cs:960)
PerfScenario/<RunOne>d__41:MoveNext () (at Assets/Scripts/Diagnostics/PerfScenario.cs:372)
UnityEngine.SetupCoroutine:InvokeMoveNext (System.Collections.IEnumerator,intptr) (at /Users/bokken/build/output/unity/unity/Runtime/Export/Scripting/Coroutines.cs:17)

(Filename: Assets/Scripts/Diagnostics/PerfScenario.cs Line: 960)

PERF RUN S1-5x (mixed, 5x, round 100)
UnityEngine.Debug:ExtractStackTraceNoAlloc (byte*,int,string)
UnityEngine.StackTraceUtility:ExtractStackTrace () (at /Users/bokken/build/output/unity/unity/Runtime/Export/Scripting/StackTrace.cs:35)
UnityEngine.DebugLogHandler:Internal_Log (UnityEngine.LogType,UnityEngine.LogOption,string,UnityEngine.Object)
UnityEngine.DebugLogHandler:LogFormat (UnityEngine.LogType,UnityEngine.Object,string,object[])
UnityEngine.Logger:Log (UnityEngine.LogType,object)
UnityEngine.Debug:Log (object)
PerfScenario/<RunOne>d__41:MoveNext () (at Assets/Scripts/Diagnostics/PerfScenario.cs:276)
UnityEngine.SetupCoroutine:InvokeMoveNext (System.Collections.IEnumerator,intptr) (at /Users/bokken/build/output/unity/unity/Runtime/Export/Scripting/Coroutines.cs:17)

(Filename: Assets/Scripts/Diagnostics/PerfScenario.cs Line: 276)

LightingSettings: switching bake backend from 2 to 1.
Unloading 61 Unused Serialized files (Serialized files now loaded: 0)
UnloadTime: 143.561333 ms
Loaded scene 'Temp/__Backupscenes/0.backup'
	Deserialize:            101.734 ms
	Integration:            336.906 ms
	Integration of assets:  12.519 ms
	Thread Wait Time:       0.736 ms
	Total Operation Time:   451.896 ms
Unloading 8256 unused Assets / (7.8 MB). Loaded Objects now: 18504.
Memory consumption went from 0.64 GB to 0.63 GB.
Total: 16.187417 ms (FindLiveObjects: 0.650417 ms CreateObjectMapping: 2.026250 ms MarkObjects: 8.955208 ms  DeleteObjects: 4.555375 ms)

PERF layout S1-5x: 154 block spots, 43 towers planned, 43 built
UnityEngine.Debug:ExtractStackTraceNoAlloc (byte*,int,string)
UnityEngine.StackTraceUtility:ExtractStackTrace () (at /Users/bokken/build/output/unity/unity/Runtime/Export/Scripting/StackTrace.cs:35)
UnityEngine.DebugLogHandler:Internal_Log (UnityEngine.LogType,UnityEngine.LogOption,string,UnityEngine.Object)
UnityEngine.DebugLogHandler:LogFormat (UnityEngine.LogType,UnityEngine.Object,string,object[])
UnityEngine.Logger:Log (UnityEngine.LogType,object)
UnityEngine.Debug:Log (object)
PerfScenario/<RunOne>d__41:MoveNext () (at Assets/Scripts/Diagnostics/PerfScenario.cs:318)
UnityEngine.SetupCoroutine:InvokeMoveNext (System.Collections.IEnumerator,intptr) (at /Users/bokken/build/output/unity/unity/Runtime/Export/Scripting/Coroutines.cs:17)

(Filename: Assets/Scripts/Diagnostics/PerfScenario.cs Line: 318)

EffectPlayer: LaserMuzzleBlue plays batched one-shot
UnityEngine.Debug:ExtractStackTraceNoAlloc (byte*,int,string)
UnityEngine.StackTraceUtility:ExtractStackTrace () (at /Users/bokken/build/output/unity/unity/Runtime/Export/Scripting/StackTrace.cs:35)
UnityEngine.DebugLogHandler:Internal_Log (UnityEngine.LogType,UnityEngine.LogOption,string,UnityEngine.Object)
UnityEngine.DebugLogHandler:LogFormat (UnityEngine.LogType,UnityEngine.Object,string,object[])
UnityEngine.Logger:Log (UnityEngine.LogType,object)
UnityEngine.Debug:Log (object)
EffectPlayer:LogBackend (UnityEngine.GameObject,string) (at Assets/Scripts/Effects/EffectPlayer.cs:93)
EffectPool:PlayOneShot (UnityEngine.Vector3,UnityEngine.Quaternion,single,single,single) (at Assets/Scripts/Effects/EffectPool.cs:65)
EffectPlayer:Play (UnityEngine.GameObject,UnityEngine.Vector3,UnityEngine.Quaternion,single,single,single) (at Assets/Scripts/Effects/EffectPlayer.cs:77)
ProjectileSystem:Spawn (ProjectileArchetype,ProjectileSystem/Shot&,int,single) (at Assets/Scripts/Combat/ProjectileSystem.cs:221)
ProjectileSystem:Fire (UnityEngine.GameObject,ProjectileSystem/Shot&) (at Assets/Scripts/Combat/ProjectileSystem.cs:166)
LaserTowerActionStrategy:FireVolley (single) (at Assets/Scripts/Tower/ActionStrategies/LaserTowerActionStrategy.cs:83)
LaserTowerActionStrategy:ExecuteAction () (at Assets/Scripts/Tower/ActionStrategies/LaserTowerActionStrategy.cs:38)
Tower:Update () (at Assets/Scripts/Entities/Tower.cs:89)

(Filename: Assets/Scripts/Effects/EffectPlayer.cs Line: 93)

EffectPlayer: LaserBlue plays batched flight
UnityEngine.Debug:ExtractStackTraceNoAlloc (byte*,int,string)
UnityEngine.StackTraceUtility:ExtractStackTrace () (at /Users/bokken/build/output/unity/unity/Runtime/Export/Scripting/StackTrace.cs:35)
UnityEngine.DebugLogHandler:Internal_Log (UnityEngine.LogType,UnityEngine.LogOption,string,UnityEngine.Object)
UnityEngine.DebugLogHandler:LogFormat (UnityEngine.LogType,UnityEngine.Object,string,object[])
UnityEngine.Logger:Log (UnityEngine.LogType,object)
UnityEngine.Debug:Log (object)
EffectPlayer:LogBackend (UnityEngine.GameObject,string) (at Assets/Scripts/Effects/EffectPlayer.cs:93)
EffectPool:Attach (UnityEngine.Vector3,UnityEngine.Quaternion,single) (at Assets/Scripts/Effects/EffectPool.cs:90)
EffectPlayer:Attach (UnityEngine.GameObject,UnityEngine.Vector3,UnityEngine.Quaternion,single) (at Assets/Scripts/Effects/EffectPlayer.cs:87)
ProjectileSystem:Spawn (ProjectileArchetype,ProjectileSystem/Shot&,int,single) (at Assets/Scripts/Combat/ProjectileSystem.cs:222)
ProjectileSystem:Fire (UnityEngine.GameObject,ProjectileSystem/Shot&) (at Assets/Scripts/Combat/ProjectileSystem.cs:166)
LaserTowerActionStrategy:FireVolley (single) (at Assets/Scripts/Tower/ActionStrategies/LaserTowerActionStrategy.cs:83)
LaserTowerActionStrategy:ExecuteAction () (at Assets/Scripts/Tower/ActionStrategies/LaserTowerActionStrategy.cs:38)
Tower:Update () (at Assets/Scripts/Entities/Tower.cs:89)

(Filename: Assets/Scripts/Effects/EffectPlayer.cs Line: 93)

EffectPlayer: RocketMuzzleGreen plays pooled one-shot
UnityEngine.Debug:ExtractStackTraceNoAlloc (byte*,int,string)
UnityEngine.StackTraceUtility:ExtractStackTrace () (at /Users/bokken/build/output/unity/unity/Runtime/Export/Scripting/StackTrace.cs:35)
UnityEngine.DebugLogHandler:Internal_Log (UnityEngine.LogType,UnityEngine.LogOption,string,UnityEngine.Object)
UnityEngine.DebugLogHandler:LogFormat (UnityEngine.LogType,UnityEngine.Object,string,object[])
UnityEngine.Logger:Log (UnityEngine.LogType,object)
UnityEngine.Debug:Log (object)
EffectPlayer:LogBackend (UnityEngine.GameObject,string) (at Assets/Scripts/Effects/EffectPlayer.cs:93)
EffectPool:PlayOneShot (UnityEngine.Vector3,UnityEngine.Quaternion,single,single,single) (at Assets/Scripts/Effects/EffectPool.cs:65)
EffectPlayer:Play (UnityEngine.GameObject,UnityEngine.Vector3,UnityEngine.Quaternion,single,single,single) (at Assets/Scripts/Effects/EffectPlayer.cs:77)
ProjectileSystem:Spawn (ProjectileArchetype,ProjectileSystem/Shot&,int,single) (at Assets/Scripts/Combat/ProjectileSystem.cs:221)
ProjectileSystem:Fire (UnityEngine.GameObject,ProjectileSystem/Shot&) (at Assets/Scripts/Combat/ProjectileSystem.cs:166)
BombTowerActionStrategy:FireVolley (single) (at Assets/Scripts/Tower/ActionStrategies/BombTowerActionStrategy.cs:70)
BombTowerActionStrategy:ExecuteAction () (at Assets/Scripts/Tower/ActionStrategies/BombTowerActionStrategy.cs:41)
Tower:Update () (at Assets/Scripts/Entities/Tower.cs:89)

(Filename: Assets/Scripts/Effects/EffectPlayer.cs Line: 93)

EffectPlayer: RocketMissileGreen plays batched flight
UnityEngine.Debug:ExtractStackTraceNoAlloc (byte*,int,string)
UnityEngine.StackTraceUtility:ExtractStackTrace () (at /Users/bokken/build/output/unity/unity/Runtime/Export/Scripting/StackTrace.cs:35)
UnityEngine.DebugLogHandler:Internal_Log (UnityEngine.LogType,UnityEngine.LogOption,string,UnityEngine.Object)
UnityEngine.DebugLogHandler:LogFormat (UnityEngine.LogType,UnityEngine.Object,string,object[])
UnityEngine.Logger:Log (UnityEngine.LogType,object)
UnityEngine.Debug:Log (object)
EffectPlayer:LogBackend (UnityEngine.GameObject,string) (at Assets/Scripts/Effects/EffectPlayer.cs:93)
EffectPool:Attach (UnityEngine.Vector3,UnityEngine.Quaternion,single) (at Assets/Scripts/Effects/EffectPool.cs:90)
EffectPlayer:Attach (UnityEngine.GameObject,UnityEngine.Vector3,UnityEngine.Quaternion,single) (at Assets/Scripts/Effects/EffectPlayer.cs:87)
ProjectileSystem:Spawn (ProjectileArchetype,ProjectileSystem/Shot&,int,single) (at Assets/Scripts/Combat/ProjectileSystem.cs:222)
ProjectileSystem:Fire (UnityEngine.GameObject,ProjectileSystem/Shot&) (at Assets/Scripts/Combat/ProjectileSystem.cs:166)
BombTowerActionStrategy:FireVolley (single) (at Assets/Scripts/Tower/ActionStrategies/BombTowerActionStrategy.cs:70)
BombTowerActionStrategy:ExecuteAction () (at Assets/Scripts/Tower/ActionStrategies/BombTowerActionStrategy.cs:41)
Tower:Update () (at Assets/Scripts/Entities/Tower.cs:89)

(Filename: Assets/Scripts/Effects/EffectPlayer.cs Line: 93)

EffectPlayer: GrenadeMuzzleRed plays pooled one-shot
UnityEngine.Debug:ExtractStackTraceNoAlloc (byte*,int,string)
UnityEngine.StackTraceUtility:ExtractStackTrace () (at /Users/bokken/build/output/unity/unity/Runtime/Export/Scripting/StackTrace.cs:35)
UnityEngine.DebugLogHandler:Internal_Log (UnityEngine.LogType,UnityEngine.LogOption,string,UnityEngine.Object)
UnityEngine.DebugLogHandler:LogFormat (UnityEngine.LogType,UnityEngine.Object,string,object[])
UnityEngine.Logger:Log (UnityEngine.LogType,object)
UnityEngine.Debug:Log (object)
EffectPlayer:LogBackend (UnityEngine.GameObject,string) (at Assets/Scripts/Effects/EffectPlayer.cs:93)
EffectPool:PlayOneShot (UnityEngine.Vector3,UnityEngine.Quaternion,single,single,single) (at Assets/Scripts/Effects/EffectPool.cs:65)
EffectPlayer:Play (UnityEngine.GameObject,UnityEngine.Vector3,UnityEngine.Quaternion,single,single,single) (at Assets/Scripts/Effects/EffectPlayer.cs:77)
MineFactoryActionStrategy:SpawnEffect (UnityEngine.GameObject,UnityEngine.Vector3,single,single) (at Assets/Scripts/Tower/ActionStrategies/MineFactoryActionStrategy.cs:583)
MineFactoryActionStrategy:LaunchMine () (at Assets/Scripts/Tower/ActionStrategies/MineFactoryActionStrategy.cs:217)
MineFactoryActionStrategy:Produce (single) (at Assets/Scripts/Tower/ActionStrategies/MineFactoryActionStrategy.cs:190)
MineFactoryActionStrategy:ExecuteAction () (at Assets/Scripts/Tower/ActionStrategies/MineFactoryActionStrategy.cs:162)
Tower:Update () (at Assets/Scripts/Entities/Tower.cs:89)

(Filename: Assets/Scripts/Effects/EffectPlayer.cs Line: 93)

EffectPlayer: LaserExplosionBlue plays batched one-shot
UnityEngine.Debug:ExtractStackTraceNoAlloc (byte*,int,string)
UnityEngine.StackTraceUtility:ExtractStackTrace () (at /Users/bokken/build/output/unity/unity/Runtime/Export/Scripting/StackTrace.cs:35)
UnityEngine.DebugLogHandler:Internal_Log (UnityEngine.LogType,UnityEngine.LogOption,string,UnityEngine.Object)
UnityEngine.DebugLogHandler:LogFormat (UnityEngine.LogType,UnityEngine.Object,string,object[])
UnityEngine.Logger:Log (UnityEngine.LogType,object)
UnityEngine.Debug:Log (object)
EffectPlayer:LogBackend (UnityEngine.GameObject,string) (at Assets/Scripts/Effects/EffectPlayer.cs:93)
EffectPool:PlayOneShot (UnityEngine.Vector3,UnityEngine.Quaternion,single,single,single) (at Assets/Scripts/Effects/EffectPool.cs:65)
EffectPlayer:Play (UnityEngine.GameObject,UnityEngine.Vector3,UnityEngine.Quaternion,single,single,single) (at Assets/Scripts/Effects/EffectPlayer.cs:77)
ProjectileSystem:Apply (int) (at Assets/Scripts/Combat/ProjectileSystem.cs:324)
ProjectileSystem:Update () (at Assets/Scripts/Combat/ProjectileSystem.cs:274)

(Filename: Assets/Scripts/Effects/EffectPlayer.cs Line: 93)

EffectPlayer: RocketExplosionGreen plays pooled one-shot
UnityEngine.Debug:ExtractStackTraceNoAlloc (byte*,int,string)
UnityEngine.StackTraceUtility:ExtractStackTrace () (at /Users/bokken/build/output/unity/unity/Runtime/Export/Scripting/StackTrace.cs:35)
UnityEngine.DebugLogHandler:Internal_Log (UnityEngine.LogType,UnityEngine.LogOption,string,UnityEngine.Object)
UnityEngine.DebugLogHandler:LogFormat (UnityEngine.LogType,UnityEngine.Object,string,object[])
UnityEngine.Logger:Log (UnityEngine.LogType,object)
UnityEngine.Debug:Log (object)
EffectPlayer:LogBackend (UnityEngine.GameObject,string) (at Assets/Scripts/Effects/EffectPlayer.cs:93)
EffectPool:PlayOneShot (UnityEngine.Vector3,UnityEngine.Quaternion,single,single,single) (at Assets/Scripts/Effects/EffectPool.cs:65)
EffectPlayer:Play (UnityEngine.GameObject,UnityEngine.Vector3,UnityEngine.Quaternion,single,single,single) (at Assets/Scripts/Effects/EffectPlayer.cs:77)
ProjectileSystem:Explode (ProjectileSystem/State&,ProjectileArchetype,Tower,Unity.Mathematics.float3,single) (at Assets/Scripts/Combat/ProjectileSystem.cs:409)
ProjectileSystem:Apply (int) (at Assets/Scripts/Combat/ProjectileSystem.cs:331)
ProjectileSystem:Update () (at Assets/Scripts/Combat/ProjectileSystem.cs:274)

(Filename: Assets/Scripts/Effects/EffectPlayer.cs Line: 93)

EffectPlayer: GrenadeExplosionGreen plays pooled one-shot
UnityEngine.Debug:ExtractStackTraceNoAlloc (byte*,int,string)
UnityEngine.StackTraceUtility:ExtractStackTrace () (at /Users/bokken/build/output/unity/unity/Runtime/Export/Scripting/StackTrace.cs:35)
UnityEngine.DebugLogHandler:Internal_Log (UnityEngine.LogType,UnityEngine.LogOption,string,UnityEngine.Object)
UnityEngine.DebugLogHandler:LogFormat (UnityEngine.LogType,UnityEngine.Object,string,object[])
UnityEngine.Logger:Log (UnityEngine.LogType,object)
UnityEngine.Debug:Log (object)
EffectPlayer:LogBackend (UnityEngine.GameObject,string) (at Assets/Scripts/Effects/EffectPlayer.cs:93)
EffectPool:PlayOneShot (UnityEngine.Vector3,UnityEngine.Quaternion,single,single,single) (at Assets/Scripts/Effects/EffectPool.cs:65)
EffectPlayer:Play (UnityEngine.GameObject,UnityEngine.Vector3,UnityEngine.Quaternion,single,single,single) (at Assets/Scripts/Effects/EffectPlayer.cs:77)
ProjectileSystem:Apply (int) (at Assets/Scripts/Combat/ProjectileSystem.cs:337)
ProjectileSystem:Update () (at Assets/Scripts/Combat/ProjectileSystem.cs:274)

(Filename: Assets/Scripts/Effects/EffectPlayer.cs Line: 93)

EffectPlayer: RocketExplosionRed plays pooled one-shot
UnityEngine.Debug:ExtractStackTraceNoAlloc (byte*,int,string)
UnityEngine.StackTraceUtility:ExtractStackTrace () (at /Users/bokken/build/output/unity/unity/Runtime/Export/Scripting/StackTrace.cs:35)
UnityEngine.DebugLogHandler:Internal_Log (UnityEngine.LogType,UnityEngine.LogOption,string,UnityEngine.Object)
UnityEngine.DebugLogHandler:LogFormat (UnityEngine.LogType,UnityEngine.Object,string,object[])
UnityEngine.Logger:Log (UnityEngine.LogType,object)
UnityEngine.Debug:Log (object)
EffectPlayer:LogBackend (UnityEngine.GameObject,string) (at Assets/Scripts/Effects/EffectPlayer.cs:93)
EffectPool:PlayOneShot (UnityEngine.Vector3,UnityEngine.Quaternion,single,single,single) (at Assets/Scripts/Effects/EffectPool.cs:65)
EffectPlayer:Play (UnityEngine.GameObject,UnityEngine.Vector3,UnityEngine.Quaternion,single,single,single) (at Assets/Scripts/Effects/EffectPlayer.cs:77)
MineFactoryActionStrategy:SpawnEffect (UnityEngine.GameObject,UnityEngine.Vector3,single,single) (at Assets/Scripts/Tower/ActionStrategies/MineFactoryActionStrategy.cs:583)
MineFactoryActionStrategy:Blast (UnityEngine.Vector3,single,single,UnityEngine.GameObject,single) (at Assets/Scripts/Tower/ActionStrategies/MineFactoryActionStrategy.cs:564)
MineFactoryActionStrategy:Detonate (Mine) (at Assets/Scripts/Tower/ActionStrategies/MineFactoryActionStrategy.cs:522)
MineFactoryActionStrategy:CheckContacts (single) (at Assets/Scripts/Tower/ActionStrategies/MineFactoryActionStrategy.cs:500)
MineFactoryActionStrategy:ExecuteAction () (at Assets/Scripts/Tower/ActionStrategies/MineFactoryActionStrategy.cs:160)
Tower:Update () (at Assets/Scripts/Entities/Tower.cs:89)

(Filename: Assets/Scripts/Effects/EffectPlayer.cs Line: 93)

EffectPlayer: MiniExploLava plays batched one-shot
UnityEngine.Debug:ExtractStackTraceNoAlloc (byte*,int,string)
UnityEngine.StackTraceUtility:ExtractStackTrace () (at /Users/bokken/build/output/unity/unity/Runtime/Export/Scripting/StackTrace.cs:35)
UnityEngine.DebugLogHandler:Internal_Log (UnityEngine.LogType,UnityEngine.LogOption,string,UnityEngine.Object)
UnityEngine.DebugLogHandler:LogFormat (UnityEngine.LogType,UnityEngine.Object,string,object[])
UnityEngine.Logger:Log (UnityEngine.LogType,object)
UnityEngine.Debug:Log (object)
EffectPlayer:LogBackend (UnityEngine.GameObject,string) (at Assets/Scripts/Effects/EffectPlayer.cs:93)
EffectPool:PlayOneShot (UnityEngine.Vector3,UnityEngine.Quaternion,single,single,single) (at Assets/Scripts/Effects/EffectPool.cs:65)
EffectPlayer:Play (UnityEngine.GameObject,UnityEngine.Vector3,UnityEngine.Quaternion,single,single,single) (at Assets/Scripts/Effects/EffectPlayer.cs:77)
MineFactoryActionStrategy:SpawnEffect (UnityEngine.GameObject,UnityEngine.Vector3,single,single) (at Assets/Scripts/Tower/ActionStrategies/MineFactoryActionStrategy.cs:583)
MineFactoryActionStrategy:Blast (UnityEngine.Vector3,single,single,UnityEngine.GameObject,single) (at Assets/Scripts/Tower/ActionStrategies/MineFactoryActionStrategy.cs:564)
MineFactoryActionStrategy:UpdatePendingBlasts (single) (at Assets/Scripts/Tower/ActionStrategies/MineFactoryActionStrategy.cs:558)
MineFactoryActionStrategy:ExecuteAction () (at Assets/Scripts/Tower/ActionStrategies/MineFactoryActionStrategy.cs:161)
Tower:Update () (at Assets/Scripts/Entities/Tower.cs:89)

(Filename: Assets/Scripts/Effects/EffectPlayer.cs Line: 93)

EffectPlayer: BuffYellow plays pooled one-shot
UnityEngine.Debug:ExtractStackTraceNoAlloc (byte*,int,string)
UnityEngine.StackTraceUtility:ExtractStackTrace () (at /Users/bokken/build/output/unity/unity/Runtime/Export/Scripting/StackTrace.cs:35)
UnityEngine.DebugLogHandler:Internal_Log (UnityEngine.LogType,UnityEngine.LogOption,string,UnityEngine.Object)
UnityEngine.DebugLogHandler:LogFormat (UnityEngine.LogType,UnityEngine.Object,string,object[])
UnityEngine.Logger:Log (UnityEngine.LogType,object)
UnityEngine.Debug:Log (object)
EffectPlayer:LogBackend (UnityEngine.GameObject,string) (at Assets/Scripts/Effects/EffectPlayer.cs:93)
EffectPool:PlayOneShot (UnityEngine.Vector3,UnityEngine.Quaternion,single,single,single) (at Assets/Scripts/Effects/EffectPool.cs:65)
EffectPlayer:Play (UnityEngine.GameObject,UnityEngine.Vector3,UnityEngine.Quaternion,single,single,single) (at Assets/Scripts/Effects/EffectPlayer.cs:77)
MineFactoryActionStrategy:SpawnEffect (UnityEngine.GameObject,UnityEngine.Vector3,single,single) (at Assets/Scripts/Tower/ActionStrategies/MineFactoryActionStrategy.cs:583)
MineFactoryActionStrategy:ScrapMine () (at Assets/Scripts/Tower/ActionStrategies/MineFactoryActionStrategy.cs:229)
MineFactoryActionStrategy:Produce (single) (at Assets/Scripts/Tower/ActionStrategies/MineFactoryActionStrategy.cs:192)
MineFactoryActionStrategy:ExecuteAction () (at Assets/Scripts/Tower/ActionStrategies/MineFactoryActionStrategy.cs:162)
Tower:Update () (at Assets/Scripts/Entities/Tower.cs:89)

(Filename: Assets/Scripts/Effects/EffectPlayer.cs Line: 93)

EffectPlayer: GrenadeExplosionRed plays pooled one-shot
UnityEngine.Debug:ExtractStackTraceNoAlloc (byte*,int,string)
UnityEngine.StackTraceUtility:ExtractStackTrace () (at /Users/bokken/build/output/unity/unity/Runtime/Export/Scripting/StackTrace.cs:35)
UnityEngine.DebugLogHandler:Internal_Log (UnityEngine.LogType,UnityEngine.LogOption,string,UnityEngine.Object)
UnityEngine.DebugLogHandler:LogFormat (UnityEngine.LogType,UnityEngine.Object,string,object[])
UnityEngine.Logger:Log (UnityEngine.LogType,object)
UnityEngine.Debug:Log (object)
EffectPlayer:LogBackend (UnityEngine.GameObject,string) (at Assets/Scripts/Effects/EffectPlayer.cs:93)
EffectPool:PlayOneShot (UnityEngine.Vector3,UnityEngine.Quaternion,single,single,single) (at Assets/Scripts/Effects/EffectPool.cs:65)
EffectPlayer:Play (UnityEngine.GameObject,UnityEngine.Vector3,UnityEngine.Quaternion,single,single,single) (at Assets/Scripts/Effects/EffectPlayer.cs:77)
MineFactoryActionStrategy:SpawnEffect (UnityEngine.GameObject,UnityEngine.Vector3,single,single) (at Assets/Scripts/Tower/ActionStrategies/MineFactoryActionStrategy.cs:583)
MineFactoryActionStrategy:Blast (UnityEngine.Vector3,single,single,UnityEngine.GameObject,single) (at Assets/Scripts/Tower/ActionStrategies/MineFactoryActionStrategy.cs:564)
MineFactoryActionStrategy:Detonate (Mine) (at Assets/Scripts/Tower/ActionStrategies/MineFactoryActionStrategy.cs:522)
MineFactoryActionStrategy:CheckContacts (single) (at Assets/Scripts/Tower/ActionStrategies/MineFactoryActionStrategy.cs:500)
MineFactoryActionStrategy:ExecuteAction () (at Assets/Scripts/Tower/ActionStrategies/MineFactoryActionStrategy.cs:160)
Tower:Update () (at Assets/Scripts/Entities/Tower.cs:89)

(Filename: Assets/Scripts/Effects/EffectPlayer.cs Line: 93)

EffectPlayer: MiniExploFire plays pooled one-shot
UnityEngine.Debug:ExtractStackTraceNoAlloc (byte*,int,string)
UnityEngine.StackTraceUtility:ExtractStackTrace () (at /Users/bokken/build/output/unity/unity/Runtime/Export/Scripting/StackTrace.cs:35)
UnityEngine.DebugLogHandler:Internal_Log (UnityEngine.LogType,UnityEngine.LogOption,string,UnityEngine.Object)
UnityEngine.DebugLogHandler:LogFormat (UnityEngine.LogType,UnityEngine.Object,string,object[])
UnityEngine.Logger:Log (UnityEngine.LogType,object)
UnityEngine.Debug:Log (object)
EffectPlayer:LogBackend (UnityEngine.GameObject,string) (at Assets/Scripts/Effects/EffectPlayer.cs:93)
EffectPool:PlayOneShot (UnityEngine.Vector3,UnityEngine.Quaternion,single,single,single) (at Assets/Scripts/Effects/EffectPool.cs:65)
EffectPlayer:Play (UnityEngine.GameObject,UnityEngine.Vector3,UnityEngine.Quaternion,single,single,single) (at Assets/Scripts/Effects/EffectPlayer.cs:77)
BulletDispenserTowerActionStrategy:FireAura () (at Assets/Scripts/Tower/ActionStrategies/BulletDispenserTowerActionStrategy.cs:77)
BulletDispenserTowerActionStrategy:FireVolley (single) (at Assets/Scripts/Tower/ActionStrategies/BulletDispenserTowerActionStrategy.cs:55)
BulletDispenserTowerActionStrategy:ExecuteAction () (at Assets/Scripts/Tower/ActionStrategies/BulletDispenserTowerActionStrategy.cs:49)
Tower:Update () (at Assets/Scripts/Entities/Tower.cs:89)

(Filename: Assets/Scripts/Effects/EffectPlayer.cs Line: 93)

PERF RESULT S1-5x: towers 43, frames 1094, frame p50/p95/p99/max 10.8/18.5/24.5/44.5 ms, main p50/p99 10.8/24.5 ms, speed 5.00x, GC steady 100.0% frames (24537693 B, 26905 B/frame), damage 370479, kills 2068, leaked 0, pops 59417, projectiles 5430/5430, death fx 0/64431, fx 16834/16834, markers [PlayerLoop=11.33ms, Update.ScriptRunBehaviourUpdate=2.44ms, PreLateUpdate.ScriptRunBehaviourLateUpdate=6.03ms, FixedUpdate.PhysicsFixedUpdate=0.00ms, FixedUpdate.ScriptRunBehaviourFixedUpdate=0.05ms, PreUpdate.PhysicsUpdate=0.00ms, Physics.Simulate=0.36ms, Physics.SyncTransforms=0.24ms, Physics.SendTriggerEvents=0.07ms, Physics.SendContactEvents=0.00ms, ParticleSystem.EndUpdateAll=0.22ms, GC.Collect=0.00ms, Instantiate=0.55ms], by type [Laser Tower=4809, Bullet Dispenser=6111, Rocket System=202231, Beam Tower=972, Sniper Tower=7844, Core Tower=22, Hangar=92625, Mine Factory=55865]
UnityEngine.Debug:ExtractStackTraceNoAlloc (byte*,int,string)
UnityEngine.StackTraceUtility:ExtractStackTrace () (at /Users/bokken/build/output/unity/unity/Runtime/Export/Scripting/StackTrace.cs:35)
UnityEngine.DebugLogHandler:Internal_Log (UnityEngine.LogType,UnityEngine.LogOption,string,UnityEngine.Object)
UnityEngine.DebugLogHandler:LogFormat (UnityEngine.LogType,UnityEngine.Object,string,object[])
UnityEngine.Logger:Log (UnityEngine.LogType,object)
UnityEngine.Debug:Log (object)
PerfScenario:Summarize (PerfScenario/Run,PerfScenario/RunResult,System.Collections.Generic.List`1<Tower>,int) (at Assets/Scripts/Diagnostics/PerfScenario.cs:960)
PerfScenario/<RunOne>d__41:MoveNext () (at Assets/Scripts/Diagnostics/PerfScenario.cs:372)
UnityEngine.SetupCoroutine:InvokeMoveNext (System.Collections.IEnumerator,intptr) (at /Users/bokken/build/output/unity/unity/Runtime/Export/Scripting/Coroutines.cs:17)

(Filename: Assets/Scripts/Diagnostics/PerfScenario.cs Line: 960)

PERF RUN S2 (dispensers, 1x, round 100)
UnityEngine.Debug:ExtractStackTraceNoAlloc (byte*,int,string)
UnityEngine.StackTraceUtility:ExtractStackTrace () (at /Users/bokken/build/output/unity/unity/Runtime/Export/Scripting/StackTrace.cs:35)
UnityEngine.DebugLogHandler:Internal_Log (UnityEngine.LogType,UnityEngine.LogOption,string,UnityEngine.Object)
UnityEngine.DebugLogHandler:LogFormat (UnityEngine.LogType,UnityEngine.Object,string,object[])
UnityEngine.Logger:Log (UnityEngine.LogType,object)
UnityEngine.Debug:Log (object)
PerfScenario/<RunOne>d__41:MoveNext () (at Assets/Scripts/Diagnostics/PerfScenario.cs:276)
UnityEngine.SetupCoroutine:InvokeMoveNext (System.Collections.IEnumerator,intptr) (at /Users/bokken/build/output/unity/unity/Runtime/Export/Scripting/Coroutines.cs:17)

(Filename: Assets/Scripts/Diagnostics/PerfScenario.cs Line: 276)

LightingSettings: switching bake backend from 2 to 1.
Unloading 21 Unused Serialized files (Serialized files now loaded: 0)
UnloadTime: 195.294833 ms
Loaded scene 'Temp/__Backupscenes/0.backup'
	Deserialize:            98.034 ms
	Integration:            367.682 ms
	Integration of assets:  12.271 ms
	Thread Wait Time:       0.583 ms
	Total Operation Time:   478.571 ms
Unloading 8237 unused Assets / (11.6 MB). Loaded Objects now: 18504.
Memory consumption went from 0.64 GB to 0.63 GB.
Total: 16.530750 ms (FindLiveObjects: 0.646250 ms CreateObjectMapping: 1.869834 ms MarkObjects: 9.443750 ms  DeleteObjects: 4.570834 ms)

PERF layout S2: 154 block spots, 150 towers planned, 150 built
UnityEngine.Debug:ExtractStackTraceNoAlloc (byte*,int,string)
UnityEngine.StackTraceUtility:ExtractStackTrace () (at /Users/bokken/build/output/unity/unity/Runtime/Export/Scripting/StackTrace.cs:35)
UnityEngine.DebugLogHandler:Internal_Log (UnityEngine.LogType,UnityEngine.LogOption,string,UnityEngine.Object)
UnityEngine.DebugLogHandler:LogFormat (UnityEngine.LogType,UnityEngine.Object,string,object[])
UnityEngine.Logger:Log (UnityEngine.LogType,object)
UnityEngine.Debug:Log (object)
PerfScenario/<RunOne>d__41:MoveNext () (at Assets/Scripts/Diagnostics/PerfScenario.cs:318)
UnityEngine.SetupCoroutine:InvokeMoveNext (System.Collections.IEnumerator,intptr) (at /Users/bokken/build/output/unity/unity/Runtime/Export/Scripting/Coroutines.cs:17)

(Filename: Assets/Scripts/Diagnostics/PerfScenario.cs Line: 318)

EffectPlayer: LaserMuzzleBlue plays batched one-shot
UnityEngine.Debug:ExtractStackTraceNoAlloc (byte*,int,string)
UnityEngine.StackTraceUtility:ExtractStackTrace () (at /Users/bokken/build/output/unity/unity/Runtime/Export/Scripting/StackTrace.cs:35)
UnityEngine.DebugLogHandler:Internal_Log (UnityEngine.LogType,UnityEngine.LogOption,string,UnityEngine.Object)
UnityEngine.DebugLogHandler:LogFormat (UnityEngine.LogType,UnityEngine.Object,string,object[])
UnityEngine.Logger:Log (UnityEngine.LogType,object)
UnityEngine.Debug:Log (object)
EffectPlayer:LogBackend (UnityEngine.GameObject,string) (at Assets/Scripts/Effects/EffectPlayer.cs:93)
EffectPool:PlayOneShot (UnityEngine.Vector3,UnityEngine.Quaternion,single,single,single) (at Assets/Scripts/Effects/EffectPool.cs:65)
EffectPlayer:Play (UnityEngine.GameObject,UnityEngine.Vector3,UnityEngine.Quaternion,single,single,single) (at Assets/Scripts/Effects/EffectPlayer.cs:77)
ProjectileSystem:Spawn (ProjectileArchetype,ProjectileSystem/Shot&,int,single) (at Assets/Scripts/Combat/ProjectileSystem.cs:221)
ProjectileSystem:Fire (UnityEngine.GameObject,ProjectileSystem/Shot&) (at Assets/Scripts/Combat/ProjectileSystem.cs:166)
BulletDispenserTowerActionStrategy:FireBullets (single) (at Assets/Scripts/Tower/ActionStrategies/BulletDispenserTowerActionStrategy.cs:137)
BulletDispenserTowerActionStrategy:FireVolley (single) (at Assets/Scripts/Tower/ActionStrategies/BulletDispenserTowerActionStrategy.cs:59)
BulletDispenserTowerActionStrategy:ExecuteAction () (at Assets/Scripts/Tower/ActionStrategies/BulletDispenserTowerActionStrategy.cs:49)
Tower:Update () (at Assets/Scripts/Entities/Tower.cs:89)

(Filename: Assets/Scripts/Effects/EffectPlayer.cs Line: 93)

EffectPlayer: LaserBlue plays batched flight
UnityEngine.Debug:ExtractStackTraceNoAlloc (byte*,int,string)
UnityEngine.StackTraceUtility:ExtractStackTrace () (at /Users/bokken/build/output/unity/unity/Runtime/Export/Scripting/StackTrace.cs:35)
UnityEngine.DebugLogHandler:Internal_Log (UnityEngine.LogType,UnityEngine.LogOption,string,UnityEngine.Object)
UnityEngine.DebugLogHandler:LogFormat (UnityEngine.LogType,UnityEngine.Object,string,object[])
UnityEngine.Logger:Log (UnityEngine.LogType,object)
UnityEngine.Debug:Log (object)
EffectPlayer:LogBackend (UnityEngine.GameObject,string) (at Assets/Scripts/Effects/EffectPlayer.cs:93)
EffectPool:Attach (UnityEngine.Vector3,UnityEngine.Quaternion,single) (at Assets/Scripts/Effects/EffectPool.cs:90)
EffectPlayer:Attach (UnityEngine.GameObject,UnityEngine.Vector3,UnityEngine.Quaternion,single) (at Assets/Scripts/Effects/EffectPlayer.cs:87)
ProjectileSystem:Spawn (ProjectileArchetype,ProjectileSystem/Shot&,int,single) (at Assets/Scripts/Combat/ProjectileSystem.cs:222)
ProjectileSystem:Fire (UnityEngine.GameObject,ProjectileSystem/Shot&) (at Assets/Scripts/Combat/ProjectileSystem.cs:166)
BulletDispenserTowerActionStrategy:FireBullets (single) (at Assets/Scripts/Tower/ActionStrategies/BulletDispenserTowerActionStrategy.cs:137)
BulletDispenserTowerActionStrategy:FireVolley (single) (at Assets/Scripts/Tower/ActionStrategies/BulletDispenserTowerActionStrategy.cs:59)
BulletDispenserTowerActionStrategy:ExecuteAction () (at Assets/Scripts/Tower/ActionStrategies/BulletDispenserTowerActionStrategy.cs:49)
Tower:Update () (at Assets/Scripts/Entities/Tower.cs:89)

(Filename: Assets/Scripts/Effects/EffectPlayer.cs Line: 93)

EffectPlayer: LaserExplosionBlue plays batched one-shot
UnityEngine.Debug:ExtractStackTraceNoAlloc (byte*,int,string)
UnityEngine.StackTraceUtility:ExtractStackTrace () (at /Users/bokken/build/output/unity/unity/Runtime/Export/Scripting/StackTrace.cs:35)
UnityEngine.DebugLogHandler:Internal_Log (UnityEngine.LogType,UnityEngine.LogOption,string,UnityEngine.Object)
UnityEngine.DebugLogHandler:LogFormat (UnityEngine.LogType,UnityEngine.Object,string,object[])
UnityEngine.Logger:Log (UnityEngine.LogType,object)
UnityEngine.Debug:Log (object)
EffectPlayer:LogBackend (UnityEngine.GameObject,string) (at Assets/Scripts/Effects/EffectPlayer.cs:93)
EffectPool:PlayOneShot (UnityEngine.Vector3,UnityEngine.Quaternion,single,single,single) (at Assets/Scripts/Effects/EffectPool.cs:65)
EffectPlayer:Play (UnityEngine.GameObject,UnityEngine.Vector3,UnityEngine.Quaternion,single,single,single) (at Assets/Scripts/Effects/EffectPlayer.cs:77)
ProjectileSystem:Apply (int) (at Assets/Scripts/Combat/ProjectileSystem.cs:314)
ProjectileSystem:Update () (at Assets/Scripts/Combat/ProjectileSystem.cs:274)

(Filename: Assets/Scripts/Effects/EffectPlayer.cs Line: 93)

PERF RESULT S2: towers 150, frames 5806, frame p50/p95/p99/max 19.9/25.9/31.0/77.2 ms, main p50/p99 19.9/31.0 ms, speed 1.00x, GC steady 100.0% frames (69692068 B, 12331 B/frame), damage 207313, kills 1646, leaked 18626, pops 40791, projectiles 383994/383994, death fx 10983/44192, fx 581903/581903, markers [PlayerLoop=18.94ms, Update.ScriptRunBehaviourUpdate=4.41ms, PreLateUpdate.ScriptRunBehaviourLateUpdate=12.02ms, FixedUpdate.PhysicsFixedUpdate=0.00ms, FixedUpdate.ScriptRunBehaviourFixedUpdate=0.00ms, PreUpdate.PhysicsUpdate=0.00ms, Physics.Simulate=0.71ms, Physics.SyncTransforms=0.59ms, Physics.SendTriggerEvents=0.22ms, Physics.SendContactEvents=0.00ms, ParticleSystem.EndUpdateAll=0.01ms, GC.Collect=0.00ms, Instantiate=0.08ms], by type [Bullet Dispenser=207313]
UnityEngine.Debug:ExtractStackTraceNoAlloc (byte*,int,string)
UnityEngine.StackTraceUtility:ExtractStackTrace () (at /Users/bokken/build/output/unity/unity/Runtime/Export/Scripting/StackTrace.cs:35)
UnityEngine.DebugLogHandler:Internal_Log (UnityEngine.LogType,UnityEngine.LogOption,string,UnityEngine.Object)
UnityEngine.DebugLogHandler:LogFormat (UnityEngine.LogType,UnityEngine.Object,string,object[])
UnityEngine.Logger:Log (UnityEngine.LogType,object)
UnityEngine.Debug:Log (object)
PerfScenario:Summarize (PerfScenario/Run,PerfScenario/RunResult,System.Collections.Generic.List`1<Tower>,int) (at Assets/Scripts/Diagnostics/PerfScenario.cs:960)
PerfScenario/<RunOne>d__41:MoveNext () (at Assets/Scripts/Diagnostics/PerfScenario.cs:372)
UnityEngine.SetupCoroutine:InvokeMoveNext (System.Collections.IEnumerator,intptr) (at /Users/bokken/build/output/unity/unity/Runtime/Export/Scripting/Coroutines.cs:17)

(Filename: Assets/Scripts/Diagnostics/PerfScenario.cs Line: 960)

PERF RUN S3 (dispensers, 5x, round 100)
UnityEngine.Debug:ExtractStackTraceNoAlloc (byte*,int,string)
UnityEngine.StackTraceUtility:ExtractStackTrace () (at /Users/bokken/build/output/unity/unity/Runtime/Export/Scripting/StackTrace.cs:35)
UnityEngine.DebugLogHandler:Internal_Log (UnityEngine.LogType,UnityEngine.LogOption,string,UnityEngine.Object)
UnityEngine.DebugLogHandler:LogFormat (UnityEngine.LogType,UnityEngine.Object,string,object[])
UnityEngine.Logger:Log (UnityEngine.LogType,object)
UnityEngine.Debug:Log (object)
PerfScenario/<RunOne>d__41:MoveNext () (at Assets/Scripts/Diagnostics/PerfScenario.cs:276)
UnityEngine.SetupCoroutine:InvokeMoveNext (System.Collections.IEnumerator,intptr) (at /Users/bokken/build/output/unity/unity/Runtime/Export/Scripting/Coroutines.cs:17)

(Filename: Assets/Scripts/Diagnostics/PerfScenario.cs Line: 276)

LightingSettings: switching bake backend from 2 to 1.
Unloading 21 Unused Serialized files (Serialized files now loaded: 0)
UnloadTime: 177.611500 ms
Loaded scene 'Temp/__Backupscenes/0.backup'
	Deserialize:            102.041 ms
	Integration:            372.989 ms
	Integration of assets:  12.328 ms
	Thread Wait Time:       0.836 ms
	Total Operation Time:   488.194 ms
Unloading 8237 unused Assets / (11.6 MB). Loaded Objects now: 18504.
Memory consumption went from 0.65 GB to 0.64 GB.
Total: 20.219542 ms (FindLiveObjects: 0.943250 ms CreateObjectMapping: 2.505292 ms MarkObjects: 11.779667 ms  DeleteObjects: 4.991167 ms)

PERF layout S3: 154 block spots, 150 towers planned, 150 built
UnityEngine.Debug:ExtractStackTraceNoAlloc (byte*,int,string)
UnityEngine.StackTraceUtility:ExtractStackTrace () (at /Users/bokken/build/output/unity/unity/Runtime/Export/Scripting/StackTrace.cs:35)
UnityEngine.DebugLogHandler:Internal_Log (UnityEngine.LogType,UnityEngine.LogOption,string,UnityEngine.Object)
UnityEngine.DebugLogHandler:LogFormat (UnityEngine.LogType,UnityEngine.Object,string,object[])
UnityEngine.Logger:Log (UnityEngine.LogType,object)
UnityEngine.Debug:Log (object)
PerfScenario/<RunOne>d__41:MoveNext () (at Assets/Scripts/Diagnostics/PerfScenario.cs:318)
UnityEngine.SetupCoroutine:InvokeMoveNext (System.Collections.IEnumerator,intptr) (at /Users/bokken/build/output/unity/unity/Runtime/Export/Scripting/Coroutines.cs:17)

(Filename: Assets/Scripts/Diagnostics/PerfScenario.cs Line: 318)

EffectPlayer: LaserMuzzleBlue plays batched one-shot
UnityEngine.Debug:ExtractStackTraceNoAlloc (byte*,int,string)
UnityEngine.StackTraceUtility:ExtractStackTrace () (at /Users/bokken/build/output/unity/unity/Runtime/Export/Scripting/StackTrace.cs:35)
UnityEngine.DebugLogHandler:Internal_Log (UnityEngine.LogType,UnityEngine.LogOption,string,UnityEngine.Object)
UnityEngine.DebugLogHandler:LogFormat (UnityEngine.LogType,UnityEngine.Object,string,object[])
UnityEngine.Logger:Log (UnityEngine.LogType,object)
UnityEngine.Debug:Log (object)
EffectPlayer:LogBackend (UnityEngine.GameObject,string) (at Assets/Scripts/Effects/EffectPlayer.cs:93)
EffectPool:PlayOneShot (UnityEngine.Vector3,UnityEngine.Quaternion,single,single,single) (at Assets/Scripts/Effects/EffectPool.cs:65)
EffectPlayer:Play (UnityEngine.GameObject,UnityEngine.Vector3,UnityEngine.Quaternion,single,single,single) (at Assets/Scripts/Effects/EffectPlayer.cs:77)
ProjectileSystem:Spawn (ProjectileArchetype,ProjectileSystem/Shot&,int,single) (at Assets/Scripts/Combat/ProjectileSystem.cs:221)
ProjectileSystem:Fire (UnityEngine.GameObject,ProjectileSystem/Shot&) (at Assets/Scripts/Combat/ProjectileSystem.cs:166)
BulletDispenserTowerActionStrategy:FireBullets (single) (at Assets/Scripts/Tower/ActionStrategies/BulletDispenserTowerActionStrategy.cs:137)
BulletDispenserTowerActionStrategy:FireVolley (single) (at Assets/Scripts/Tower/ActionStrategies/BulletDispenserTowerActionStrategy.cs:59)
BulletDispenserTowerActionStrategy:ExecuteAction () (at Assets/Scripts/Tower/ActionStrategies/BulletDispenserTowerActionStrategy.cs:49)
Tower:Update () (at Assets/Scripts/Entities/Tower.cs:89)

(Filename: Assets/Scripts/Effects/EffectPlayer.cs Line: 93)

EffectPlayer: LaserBlue plays batched flight
UnityEngine.Debug:ExtractStackTraceNoAlloc (byte*,int,string)
UnityEngine.StackTraceUtility:ExtractStackTrace () (at /Users/bokken/build/output/unity/unity/Runtime/Export/Scripting/StackTrace.cs:35)
UnityEngine.DebugLogHandler:Internal_Log (UnityEngine.LogType,UnityEngine.LogOption,string,UnityEngine.Object)
UnityEngine.DebugLogHandler:LogFormat (UnityEngine.LogType,UnityEngine.Object,string,object[])
UnityEngine.Logger:Log (UnityEngine.LogType,object)
UnityEngine.Debug:Log (object)
EffectPlayer:LogBackend (UnityEngine.GameObject,string) (at Assets/Scripts/Effects/EffectPlayer.cs:93)
EffectPool:Attach (UnityEngine.Vector3,UnityEngine.Quaternion,single) (at Assets/Scripts/Effects/EffectPool.cs:90)
EffectPlayer:Attach (UnityEngine.GameObject,UnityEngine.Vector3,UnityEngine.Quaternion,single) (at Assets/Scripts/Effects/EffectPlayer.cs:87)
ProjectileSystem:Spawn (ProjectileArchetype,ProjectileSystem/Shot&,int,single) (at Assets/Scripts/Combat/ProjectileSystem.cs:222)
ProjectileSystem:Fire (UnityEngine.GameObject,ProjectileSystem/Shot&) (at Assets/Scripts/Combat/ProjectileSystem.cs:166)
BulletDispenserTowerActionStrategy:FireBullets (single) (at Assets/Scripts/Tower/ActionStrategies/BulletDispenserTowerActionStrategy.cs:137)
BulletDispenserTowerActionStrategy:FireVolley (single) (at Assets/Scripts/Tower/ActionStrategies/BulletDispenserTowerActionStrategy.cs:59)
BulletDispenserTowerActionStrategy:ExecuteAction () (at Assets/Scripts/Tower/ActionStrategies/BulletDispenserTowerActionStrategy.cs:49)
Tower:Update () (at Assets/Scripts/Entities/Tower.cs:89)

(Filename: Assets/Scripts/Effects/EffectPlayer.cs Line: 93)

EffectPlayer: LaserExplosionBlue plays batched one-shot
UnityEngine.Debug:ExtractStackTraceNoAlloc (byte*,int,string)
UnityEngine.StackTraceUtility:ExtractStackTrace () (at /Users/bokken/build/output/unity/unity/Runtime/Export/Scripting/StackTrace.cs:35)
UnityEngine.DebugLogHandler:Internal_Log (UnityEngine.LogType,UnityEngine.LogOption,string,UnityEngine.Object)
UnityEngine.DebugLogHandler:LogFormat (UnityEngine.LogType,UnityEngine.Object,string,object[])
UnityEngine.Logger:Log (UnityEngine.LogType,object)
UnityEngine.Debug:Log (object)
EffectPlayer:LogBackend (UnityEngine.GameObject,string) (at Assets/Scripts/Effects/EffectPlayer.cs:93)
EffectPool:PlayOneShot (UnityEngine.Vector3,UnityEngine.Quaternion,single,single,single) (at Assets/Scripts/Effects/EffectPool.cs:65)
EffectPlayer:Play (UnityEngine.GameObject,UnityEngine.Vector3,UnityEngine.Quaternion,single,single,single) (at Assets/Scripts/Effects/EffectPlayer.cs:77)
ProjectileSystem:Apply (int) (at Assets/Scripts/Combat/ProjectileSystem.cs:314)
ProjectileSystem:Update () (at Assets/Scripts/Combat/ProjectileSystem.cs:274)

(Filename: Assets/Scripts/Effects/EffectPlayer.cs Line: 93)

PERF RESULT S3: towers 150, frames 1033, frame p50/p95/p99/max 21.2/61.3/113.0/121.2 ms, main p50/p99 21.2/113.0 ms, speed 4.95x, GC steady 100.0% frames (32949428 B, 35776 B/frame), damage 226093, kills 1689, leaked 16569, pops 42848, projectiles 451746/451746, death fx 0/46423, fx 667552/667552, markers [PlayerLoop=26.75ms, Update.ScriptRunBehaviourUpdate=10.46ms, PreLateUpdate.ScriptRunBehaviourLateUpdate=13.04ms, FixedUpdate.PhysicsFixedUpdate=0.00ms, FixedUpdate.ScriptRunBehaviourFixedUpdate=0.00ms, PreUpdate.PhysicsUpdate=0.00ms, Physics.Simulate=0.98ms, Physics.SyncTransforms=0.40ms, Physics.SendTriggerEvents=0.54ms, Physics.SendContactEvents=0.00ms, ParticleSystem.EndUpdateAll=0.10ms, GC.Collect=0.00ms, Instantiate=0.42ms], by type [Bullet Dispenser=226093]
UnityEngine.Debug:ExtractStackTraceNoAlloc (byte*,int,string)
UnityEngine.StackTraceUtility:ExtractStackTrace () (at /Users/bokken/build/output/unity/unity/Runtime/Export/Scripting/StackTrace.cs:35)
UnityEngine.DebugLogHandler:Internal_Log (UnityEngine.LogType,UnityEngine.LogOption,string,UnityEngine.Object)
UnityEngine.DebugLogHandler:LogFormat (UnityEngine.LogType,UnityEngine.Object,string,object[])
UnityEngine.Logger:Log (UnityEngine.LogType,object)
UnityEngine.Debug:Log (object)
PerfScenario:Summarize (PerfScenario/Run,PerfScenario/RunResult,System.Collections.Generic.List`1<Tower>,int) (at Assets/Scripts/Diagnostics/PerfScenario.cs:960)
PerfScenario/<RunOne>d__41:MoveNext () (at Assets/Scripts/Diagnostics/PerfScenario.cs:372)
UnityEngine.SetupCoroutine:InvokeMoveNext (System.Collections.IEnumerator,intptr) (at /Users/bokken/build/output/unity/unity/Runtime/Export/Scripting/Coroutines.cs:17)

(Filename: Assets/Scripts/Diagnostics/PerfScenario.cs Line: 960)

PERF FAIL S1-1x: frame p99 16.7 ms > 16.7
UnityEngine.Debug:ExtractStackTraceNoAlloc (byte*,int,string)
UnityEngine.StackTraceUtility:ExtractStackTrace () (at /Users/bokken/build/output/unity/unity/Runtime/Export/Scripting/StackTrace.cs:35)
UnityEngine.DebugLogHandler:Internal_Log (UnityEngine.LogType,UnityEngine.LogOption,string,UnityEngine.Object)
UnityEngine.DebugLogHandler:LogFormat (UnityEngine.LogType,UnityEngine.Object,string,object[])
UnityEngine.Logger:Log (UnityEngine.LogType,object)
UnityEngine.Debug:Log (object)
PerfScenario:WriteResults () (at Assets/Scripts/Diagnostics/PerfScenario.cs:1043)
PerfScenario/<Start>d__40:MoveNext () (at Assets/Scripts/Diagnostics/PerfScenario.cs:269)
UnityEngine.SetupCoroutine:InvokeMoveNext (System.Collections.IEnumerator,intptr) (at /Users/bokken/build/output/unity/unity/Runtime/Export/Scripting/Coroutines.cs:17)

(Filename: Assets/Scripts/Diagnostics/PerfScenario.cs Line: 1043)

PERF FAIL S1-1x: frame max 41.7 ms > 33.3
UnityEngine.Debug:ExtractStackTraceNoAlloc (byte*,int,string)
UnityEngine.StackTraceUtility:ExtractStackTrace () (at /Users/bokken/build/output/unity/unity/Runtime/Export/Scripting/StackTrace.cs:35)
UnityEngine.DebugLogHandler:Internal_Log (UnityEngine.LogType,UnityEngine.LogOption,string,UnityEngine.Object)
UnityEngine.DebugLogHandler:LogFormat (UnityEngine.LogType,UnityEngine.Object,string,object[])
UnityEngine.Logger:Log (UnityEngine.LogType,object)
UnityEngine.Debug:Log (object)
PerfScenario:WriteResults () (at Assets/Scripts/Diagnostics/PerfScenario.cs:1043)
PerfScenario/<Start>d__40:MoveNext () (at Assets/Scripts/Diagnostics/PerfScenario.cs:269)
UnityEngine.SetupCoroutine:InvokeMoveNext (System.Collections.IEnumerator,intptr) (at /Users/bokken/build/output/unity/unity/Runtime/Export/Scripting/Coroutines.cs:17)

(Filename: Assets/Scripts/Diagnostics/PerfScenario.cs Line: 1043)

PERF FAIL S1-1x: GC 9380 B per steady frame > 1024
UnityEngine.Debug:ExtractStackTraceNoAlloc (byte*,int,string)
UnityEngine.StackTraceUtility:ExtractStackTrace () (at /Users/bokken/build/output/unity/unity/Runtime/Export/Scripting/StackTrace.cs:35)
UnityEngine.DebugLogHandler:Internal_Log (UnityEngine.LogType,UnityEngine.LogOption,string,UnityEngine.Object)
UnityEngine.DebugLogHandler:LogFormat (UnityEngine.LogType,UnityEngine.Object,string,object[])
UnityEngine.Logger:Log (UnityEngine.LogType,object)
UnityEngine.Debug:Log (object)
PerfScenario:WriteResults () (at Assets/Scripts/Diagnostics/PerfScenario.cs:1043)
PerfScenario/<Start>d__40:MoveNext () (at Assets/Scripts/Diagnostics/PerfScenario.cs:269)
UnityEngine.SetupCoroutine:InvokeMoveNext (System.Collections.IEnumerator,intptr) (at /Users/bokken/build/output/unity/unity/Runtime/Export/Scripting/Coroutines.cs:17)

(Filename: Assets/Scripts/Diagnostics/PerfScenario.cs Line: 1043)

PERF FAIL S1-1x: death animations skipped: 57654 of 64431
UnityEngine.Debug:ExtractStackTraceNoAlloc (byte*,int,string)
UnityEngine.StackTraceUtility:ExtractStackTrace () (at /Users/bokken/build/output/unity/unity/Runtime/Export/Scripting/StackTrace.cs:35)
UnityEngine.DebugLogHandler:Internal_Log (UnityEngine.LogType,UnityEngine.LogOption,string,UnityEngine.Object)
UnityEngine.DebugLogHandler:LogFormat (UnityEngine.LogType,UnityEngine.Object,string,object[])
UnityEngine.Logger:Log (UnityEngine.LogType,object)
UnityEngine.Debug:Log (object)
PerfScenario:WriteResults () (at Assets/Scripts/Diagnostics/PerfScenario.cs:1043)
PerfScenario/<Start>d__40:MoveNext () (at Assets/Scripts/Diagnostics/PerfScenario.cs:269)
UnityEngine.SetupCoroutine:InvokeMoveNext (System.Collections.IEnumerator,intptr) (at /Users/bokken/build/output/unity/unity/Runtime/Export/Scripting/Coroutines.cs:17)

(Filename: Assets/Scripts/Diagnostics/PerfScenario.cs Line: 1043)

PERF FAIL S1-5x: frame p99 24.5 ms > 16.7
UnityEngine.Debug:ExtractStackTraceNoAlloc (byte*,int,string)
UnityEngine.StackTraceUtility:ExtractStackTrace () (at /Users/bokken/build/output/unity/unity/Runtime/Export/Scripting/StackTrace.cs:35)
UnityEngine.DebugLogHandler:Internal_Log (UnityEngine.LogType,UnityEngine.LogOption,string,UnityEngine.Object)
UnityEngine.DebugLogHandler:LogFormat (UnityEngine.LogType,UnityEngine.Object,string,object[])
UnityEngine.Logger:Log (UnityEngine.LogType,object)
UnityEngine.Debug:Log (object)
PerfScenario:WriteResults () (at Assets/Scripts/Diagnostics/PerfScenario.cs:1043)
PerfScenario/<Start>d__40:MoveNext () (at Assets/Scripts/Diagnostics/PerfScenario.cs:269)
UnityEngine.SetupCoroutine:InvokeMoveNext (System.Collections.IEnumerator,intptr) (at /Users/bokken/build/output/unity/unity/Runtime/Export/Scripting/Coroutines.cs:17)

(Filename: Assets/Scripts/Diagnostics/PerfScenario.cs Line: 1043)

PERF FAIL S1-5x: frame max 44.5 ms > 33.3
UnityEngine.Debug:ExtractStackTraceNoAlloc (byte*,int,string)
UnityEngine.StackTraceUtility:ExtractStackTrace () (at /Users/bokken/build/output/unity/unity/Runtime/Export/Scripting/StackTrace.cs:35)
UnityEngine.DebugLogHandler:Internal_Log (UnityEngine.LogType,UnityEngine.LogOption,string,UnityEngine.Object)
UnityEngine.DebugLogHandler:LogFormat (UnityEngine.LogType,UnityEngine.Object,string,object[])
UnityEngine.Logger:Log (UnityEngine.LogType,object)
UnityEngine.Debug:Log (object)
PerfScenario:WriteResults () (at Assets/Scripts/Diagnostics/PerfScenario.cs:1043)
PerfScenario/<Start>d__40:MoveNext () (at Assets/Scripts/Diagnostics/PerfScenario.cs:269)
UnityEngine.SetupCoroutine:InvokeMoveNext (System.Collections.IEnumerator,intptr) (at /Users/bokken/build/output/unity/unity/Runtime/Export/Scripting/Coroutines.cs:17)

(Filename: Assets/Scripts/Diagnostics/PerfScenario.cs Line: 1043)

PERF FAIL S1-5x: GC 26905 B per steady frame > 1024
UnityEngine.Debug:ExtractStackTraceNoAlloc (byte*,int,string)
UnityEngine.StackTraceUtility:ExtractStackTrace () (at /Users/bokken/build/output/unity/unity/Runtime/Export/Scripting/StackTrace.cs:35)
UnityEngine.DebugLogHandler:Internal_Log (UnityEngine.LogType,UnityEngine.LogOption,string,UnityEngine.Object)
UnityEngine.DebugLogHandler:LogFormat (UnityEngine.LogType,UnityEngine.Object,string,object[])
UnityEngine.Logger:Log (UnityEngine.LogType,object)
UnityEngine.Debug:Log (object)
PerfScenario:WriteResults () (at Assets/Scripts/Diagnostics/PerfScenario.cs:1043)
PerfScenario/<Start>d__40:MoveNext () (at Assets/Scripts/Diagnostics/PerfScenario.cs:269)
UnityEngine.SetupCoroutine:InvokeMoveNext (System.Collections.IEnumerator,intptr) (at /Users/bokken/build/output/unity/unity/Runtime/Export/Scripting/Coroutines.cs:17)

(Filename: Assets/Scripts/Diagnostics/PerfScenario.cs Line: 1043)

PERF FAIL S1-5x: death animations skipped: 64431 of 64431
UnityEngine.Debug:ExtractStackTraceNoAlloc (byte*,int,string)
UnityEngine.StackTraceUtility:ExtractStackTrace () (at /Users/bokken/build/output/unity/unity/Runtime/Export/Scripting/StackTrace.cs:35)
UnityEngine.DebugLogHandler:Internal_Log (UnityEngine.LogType,UnityEngine.LogOption,string,UnityEngine.Object)
UnityEngine.DebugLogHandler:LogFormat (UnityEngine.LogType,UnityEngine.Object,string,object[])
UnityEngine.Logger:Log (UnityEngine.LogType,object)
UnityEngine.Debug:Log (object)
PerfScenario:WriteResults () (at Assets/Scripts/Diagnostics/PerfScenario.cs:1043)
PerfScenario/<Start>d__40:MoveNext () (at Assets/Scripts/Diagnostics/PerfScenario.cs:269)
UnityEngine.SetupCoroutine:InvokeMoveNext (System.Collections.IEnumerator,intptr) (at /Users/bokken/build/output/unity/unity/Runtime/Export/Scripting/Coroutines.cs:17)

(Filename: Assets/Scripts/Diagnostics/PerfScenario.cs Line: 1043)

PERF FAIL S2: frame p99 31.0 ms > 16.7
UnityEngine.Debug:ExtractStackTraceNoAlloc (byte*,int,string)
UnityEngine.StackTraceUtility:ExtractStackTrace () (at /Users/bokken/build/output/unity/unity/Runtime/Export/Scripting/StackTrace.cs:35)
UnityEngine.DebugLogHandler:Internal_Log (UnityEngine.LogType,UnityEngine.LogOption,string,UnityEngine.Object)
UnityEngine.DebugLogHandler:LogFormat (UnityEngine.LogType,UnityEngine.Object,string,object[])
UnityEngine.Logger:Log (UnityEngine.LogType,object)
UnityEngine.Debug:Log (object)
PerfScenario:WriteResults () (at Assets/Scripts/Diagnostics/PerfScenario.cs:1043)
PerfScenario/<Start>d__40:MoveNext () (at Assets/Scripts/Diagnostics/PerfScenario.cs:269)
UnityEngine.SetupCoroutine:InvokeMoveNext (System.Collections.IEnumerator,intptr) (at /Users/bokken/build/output/unity/unity/Runtime/Export/Scripting/Coroutines.cs:17)

(Filename: Assets/Scripts/Diagnostics/PerfScenario.cs Line: 1043)

PERF FAIL S2: frame max 77.2 ms > 33.3
UnityEngine.Debug:ExtractStackTraceNoAlloc (byte*,int,string)
UnityEngine.StackTraceUtility:ExtractStackTrace () (at /Users/bokken/build/output/unity/unity/Runtime/Export/Scripting/StackTrace.cs:35)
UnityEngine.DebugLogHandler:Internal_Log (UnityEngine.LogType,UnityEngine.LogOption,string,UnityEngine.Object)
UnityEngine.DebugLogHandler:LogFormat (UnityEngine.LogType,UnityEngine.Object,string,object[])
UnityEngine.Logger:Log (UnityEngine.LogType,object)
UnityEngine.Debug:Log (object)
PerfScenario:WriteResults () (at Assets/Scripts/Diagnostics/PerfScenario.cs:1043)
PerfScenario/<Start>d__40:MoveNext () (at Assets/Scripts/Diagnostics/PerfScenario.cs:269)
UnityEngine.SetupCoroutine:InvokeMoveNext (System.Collections.IEnumerator,intptr) (at /Users/bokken/build/output/unity/unity/Runtime/Export/Scripting/Coroutines.cs:17)

(Filename: Assets/Scripts/Diagnostics/PerfScenario.cs Line: 1043)

PERF FAIL S2: GC 12331 B per steady frame > 1024
UnityEngine.Debug:ExtractStackTraceNoAlloc (byte*,int,string)
UnityEngine.StackTraceUtility:ExtractStackTrace () (at /Users/bokken/build/output/unity/unity/Runtime/Export/Scripting/StackTrace.cs:35)
UnityEngine.DebugLogHandler:Internal_Log (UnityEngine.LogType,UnityEngine.LogOption,string,UnityEngine.Object)
UnityEngine.DebugLogHandler:LogFormat (UnityEngine.LogType,UnityEngine.Object,string,object[])
UnityEngine.Logger:Log (UnityEngine.LogType,object)
UnityEngine.Debug:Log (object)
PerfScenario:WriteResults () (at Assets/Scripts/Diagnostics/PerfScenario.cs:1043)
PerfScenario/<Start>d__40:MoveNext () (at Assets/Scripts/Diagnostics/PerfScenario.cs:269)
UnityEngine.SetupCoroutine:InvokeMoveNext (System.Collections.IEnumerator,intptr) (at /Users/bokken/build/output/unity/unity/Runtime/Export/Scripting/Coroutines.cs:17)

(Filename: Assets/Scripts/Diagnostics/PerfScenario.cs Line: 1043)

PERF FAIL S2: death animations skipped: 33209 of 44192
UnityEngine.Debug:ExtractStackTraceNoAlloc (byte*,int,string)
UnityEngine.StackTraceUtility:ExtractStackTrace () (at /Users/bokken/build/output/unity/unity/Runtime/Export/Scripting/StackTrace.cs:35)
UnityEngine.DebugLogHandler:Internal_Log (UnityEngine.LogType,UnityEngine.LogOption,string,UnityEngine.Object)
UnityEngine.DebugLogHandler:LogFormat (UnityEngine.LogType,UnityEngine.Object,string,object[])
UnityEngine.Logger:Log (UnityEngine.LogType,object)
UnityEngine.Debug:Log (object)
PerfScenario:WriteResults () (at Assets/Scripts/Diagnostics/PerfScenario.cs:1043)
PerfScenario/<Start>d__40:MoveNext () (at Assets/Scripts/Diagnostics/PerfScenario.cs:269)
UnityEngine.SetupCoroutine:InvokeMoveNext (System.Collections.IEnumerator,intptr) (at /Users/bokken/build/output/unity/unity/Runtime/Export/Scripting/Coroutines.cs:17)

(Filename: Assets/Scripts/Diagnostics/PerfScenario.cs Line: 1043)

PERF FAIL S3: frame p99 113.0 ms > 16.7
UnityEngine.Debug:ExtractStackTraceNoAlloc (byte*,int,string)
UnityEngine.StackTraceUtility:ExtractStackTrace () (at /Users/bokken/build/output/unity/unity/Runtime/Export/Scripting/StackTrace.cs:35)
UnityEngine.DebugLogHandler:Internal_Log (UnityEngine.LogType,UnityEngine.LogOption,string,UnityEngine.Object)
UnityEngine.DebugLogHandler:LogFormat (UnityEngine.LogType,UnityEngine.Object,string,object[])
UnityEngine.Logger:Log (UnityEngine.LogType,object)
UnityEngine.Debug:Log (object)
PerfScenario:WriteResults () (at Assets/Scripts/Diagnostics/PerfScenario.cs:1043)
PerfScenario/<Start>d__40:MoveNext () (at Assets/Scripts/Diagnostics/PerfScenario.cs:269)
UnityEngine.SetupCoroutine:InvokeMoveNext (System.Collections.IEnumerator,intptr) (at /Users/bokken/build/output/unity/unity/Runtime/Export/Scripting/Coroutines.cs:17)

(Filename: Assets/Scripts/Diagnostics/PerfScenario.cs Line: 1043)

PERF FAIL S3: frame max 121.2 ms > 33.3
UnityEngine.Debug:ExtractStackTraceNoAlloc (byte*,int,string)
UnityEngine.StackTraceUtility:ExtractStackTrace () (at /Users/bokken/build/output/unity/unity/Runtime/Export/Scripting/StackTrace.cs:35)
UnityEngine.DebugLogHandler:Internal_Log (UnityEngine.LogType,UnityEngine.LogOption,string,UnityEngine.Object)
UnityEngine.DebugLogHandler:LogFormat (UnityEngine.LogType,UnityEngine.Object,string,object[])
UnityEngine.Logger:Log (UnityEngine.LogType,object)
UnityEngine.Debug:Log (object)
PerfScenario:WriteResults () (at Assets/Scripts/Diagnostics/PerfScenario.cs:1043)
PerfScenario/<Start>d__40:MoveNext () (at Assets/Scripts/Diagnostics/PerfScenario.cs:269)
UnityEngine.SetupCoroutine:InvokeMoveNext (System.Collections.IEnumerator,intptr) (at /Users/bokken/build/output/unity/unity/Runtime/Export/Scripting/Coroutines.cs:17)

(Filename: Assets/Scripts/Diagnostics/PerfScenario.cs Line: 1043)

PERF FAIL S3: GC 35776 B per steady frame > 1024
UnityEngine.Debug:ExtractStackTraceNoAlloc (byte*,int,string)
UnityEngine.StackTraceUtility:ExtractStackTrace () (at /Users/bokken/build/output/unity/unity/Runtime/Export/Scripting/StackTrace.cs:35)
UnityEngine.DebugLogHandler:Internal_Log (UnityEngine.LogType,UnityEngine.LogOption,string,UnityEngine.Object)
UnityEngine.DebugLogHandler:LogFormat (UnityEngine.LogType,UnityEngine.Object,string,object[])
UnityEngine.Logger:Log (UnityEngine.LogType,object)
UnityEngine.Debug:Log (object)
PerfScenario:WriteResults () (at Assets/Scripts/Diagnostics/PerfScenario.cs:1043)
PerfScenario/<Start>d__40:MoveNext () (at Assets/Scripts/Diagnostics/PerfScenario.cs:269)
UnityEngine.SetupCoroutine:InvokeMoveNext (System.Collections.IEnumerator,intptr) (at /Users/bokken/build/output/unity/unity/Runtime/Export/Scripting/Coroutines.cs:17)

(Filename: Assets/Scripts/Diagnostics/PerfScenario.cs Line: 1043)

PERF FAIL S3: death animations skipped: 46423 of 46423
UnityEngine.Debug:ExtractStackTraceNoAlloc (byte*,int,string)
UnityEngine.StackTraceUtility:ExtractStackTrace () (at /Users/bokken/build/output/unity/unity/Runtime/Export/Scripting/StackTrace.cs:35)
UnityEngine.DebugLogHandler:Internal_Log (UnityEngine.LogType,UnityEngine.LogOption,string,UnityEngine.Object)
UnityEngine.DebugLogHandler:LogFormat (UnityEngine.LogType,UnityEngine.Object,string,object[])
UnityEngine.Logger:Log (UnityEngine.LogType,object)
UnityEngine.Debug:Log (object)
PerfScenario:WriteResults () (at Assets/Scripts/Diagnostics/PerfScenario.cs:1043)
PerfScenario/<Start>d__40:MoveNext () (at Assets/Scripts/Diagnostics/PerfScenario.cs:269)
UnityEngine.SetupCoroutine:InvokeMoveNext (System.Collections.IEnumerator,intptr) (at /Users/bokken/build/output/unity/unity/Runtime/Export/Scripting/Coroutines.cs:17)

(Filename: Assets/Scripts/Diagnostics/PerfScenario.cs Line: 1043)

PERF finished, 16 failed checks, results in /Users/philipp/Projects/3DTD/tasks/perf/perf-core-20261004-145700.json
UnityEngine.Debug:ExtractStackTraceNoAlloc (byte*,int,string)
UnityEngine.StackTraceUtility:ExtractStackTrace () (at /Users/bokken/build/output/unity/unity/Runtime/Export/Scripting/StackTrace.cs:35)
UnityEngine.DebugLogHandler:Internal_Log (UnityEngine.LogType,UnityEngine.LogOption,string,UnityEngine.Object)
UnityEngine.DebugLogHandler:LogFormat (UnityEngine.LogType,UnityEngine.Object,string,object[])
UnityEngine.Logger:Log (UnityEngine.LogType,object)
UnityEngine.Debug:Log (object)
PerfScenario:WriteResults () (at Assets/Scripts/Diagnostics/PerfScenario.cs:1054)
PerfScenario/<Start>d__40:MoveNext () (at Assets/Scripts/Diagnostics/PerfScenario.cs:269)
UnityEngine.SetupCoroutine:InvokeMoveNext (System.Collections.IEnumerator,intptr) (at /Users/bokken/build/output/unity/unity/Runtime/Export/Scripting/Coroutines.cs:17)

(Filename: Assets/Scripts/Diagnostics/PerfScenario.cs Line: 1054)

Thread 0x17bdc7000 may have been prematurely finalized
LightingSettings: switching bake backend from 2 to 1.
Unloading 1 Unused Serialized files (Serialized files now loaded: 0)
Loaded scene 'Temp/__Backupscenes/0.backup'
	Deserialize:            38.318 ms
	Integration:            195.098 ms
	Integration of assets:  0.010 ms
	Thread Wait Time:       -0.003 ms
	Total Operation Time:   233.423 ms
Unloading 7 unused Assets / (2.2 MB). Loaded Objects now: 21835.
Memory consumption went from 0.66 GB to 0.65 GB.
Total: 13.519166 ms (FindLiveObjects: 0.584667 ms CreateObjectMapping: 1.209417 ms MarkObjects: 11.177041 ms  DeleteObjects: 0.547708 ms)

[Licensing::Client] Successfully resolved entitlement details
[Licensing::Module] License group:
  Id: F4-E4SU-4NGG-F7VJ-4QU2-XXXX
  Product: Unity Personal
  Type: ULF
  Expiration: Unlimited
[Licensing::Module] License group:
  Id: 9071000562088-UnityPersXXXX
  Product: Unity Personal
  Type: Assigned
  Expiration: Unlimited
[UnityConnectServicesConfig] config is NOT valid, switching to default
PERF benchmark finished, 16 failed checks
UnityEngine.Debug:ExtractStackTraceNoAlloc (byte*,int,string)
UnityEngine.StackTraceUtility:ExtractStackTrace () (at /Users/bokken/build/output/unity/unity/Runtime/Export/Scripting/StackTrace.cs:35)
UnityEngine.DebugLogHandler:Internal_Log (UnityEngine.LogType,UnityEngine.LogOption,string,UnityEngine.Object)
UnityEngine.DebugLogHandler:LogFormat (UnityEngine.LogType,UnityEngine.Object,string,object[])
UnityEngine.Logger:Log (UnityEngine.LogType,object)
UnityEngine.Debug:Log (object)
PerfBenchmark:Finish () (at Assets/Editor/Perf/PerfBenchmark.cs:86)
PerfBenchmark:Tick () (at Assets/Editor/Perf/PerfBenchmark.cs:57)
UnityEditor.EditorApplication:Internal_CallUpdateFunctions () (at /Users/bokken/build/output/unity/unity/Editor/Mono/EditorApplication.cs:403)

(Filename: Assets/Editor/Perf/PerfBenchmark.cs Line: 86)

MonoPathRemapper: Attempts to remap: 50105; Successful remaps: 4
Thread 0x704ce8f000 may have been prematurely finalized
Serialized file version minimum: 23, current 23
Request timed out while processing request "https://public-cdn.cloud.unity3d.com/config/production", HTTP error code 0
.[UnityConnect] Request timed out.
Clearing [Manrope-Bold SDF] dynamic font asset data.
UnityEngine.Debug:ExtractStackTraceNoAlloc (byte*,int,string)
UnityEngine.StackTraceUtility:ExtractStackTrace () (at /Users/bokken/build/output/unity/unity/Runtime/Export/Scripting/StackTrace.cs:35)
UnityEngine.DebugLogHandler:Internal_Log (UnityEngine.LogType,UnityEngine.LogOption,string,UnityEngine.Object)
UnityEngine.DebugLogHandler:LogFormat (UnityEngine.LogType,UnityEngine.Object,string,object[])
UnityEngine.Logger:Log (UnityEngine.LogType,object)
UnityEngine.Debug:Log (object)
TMPro.EditorEventCallbacks/<>c:<InitializeFontAssetResourceChangeCallBacks>b__0_0 () (at ./Library/PackageCache/com.unity.ugui@1c4864518158/Editor/TMP/TMP_EditorResourceManager.cs:36)
UnityEditor.EditorApplication:Internal_EditorApplicationQuit () (at /Users/bokken/build/output/unity/unity/Editor/Mono/EditorApplication.cs:128)
PerfBenchmark:Finish () (at Assets/Editor/Perf/PerfBenchmark.cs:88)
PerfBenchmark:Tick () (at Assets/Editor/Perf/PerfBenchmark.cs:57)
UnityEditor.EditorApplication:Internal_CallUpdateFunctions () (at /Users/bokken/build/output/unity/unity/Editor/Mono/EditorApplication.cs:403)

(Filename: ./Library/PackageCache/com.unity.ugui@1c4864518158/Editor/TMP/TMP_EditorResourceManager.cs Line: 36)

Clearing [Manrope-ExtraBold SDF] dynamic font asset data.
UnityEngine.Debug:ExtractStackTraceNoAlloc (byte*,int,string)
UnityEngine.StackTraceUtility:ExtractStackTrace () (at /Users/bokken/build/output/unity/unity/Runtime/Export/Scripting/StackTrace.cs:35)
UnityEngine.DebugLogHandler:Internal_Log (UnityEngine.LogType,UnityEngine.LogOption,string,UnityEngine.Object)
UnityEngine.DebugLogHandler:LogFormat (UnityEngine.LogType,UnityEngine.Object,string,object[])
UnityEngine.Logger:Log (UnityEngine.LogType,object)
UnityEngine.Debug:Log (object)
TMPro.EditorEventCallbacks/<>c:<InitializeFontAssetResourceChangeCallBacks>b__0_0 () (at ./Library/PackageCache/com.unity.ugui@1c4864518158/Editor/TMP/TMP_EditorResourceManager.cs:36)
UnityEditor.EditorApplication:Internal_EditorApplicationQuit () (at /Users/bokken/build/output/unity/unity/Editor/Mono/EditorApplication.cs:128)
PerfBenchmark:Finish () (at Assets/Editor/Perf/PerfBenchmark.cs:88)
PerfBenchmark:Tick () (at Assets/Editor/Perf/PerfBenchmark.cs:57)
UnityEditor.EditorApplication:Internal_CallUpdateFunctions () (at /Users/bokken/build/output/unity/unity/Editor/Mono/EditorApplication.cs:403)

(Filename: ./Library/PackageCache/com.unity.ugui@1c4864518158/Editor/TMP/TMP_EditorResourceManager.cs Line: 36)

Clearing [Manrope-Medium SDF] dynamic font asset data.
UnityEngine.Debug:ExtractStackTraceNoAlloc (byte*,int,string)
UnityEngine.StackTraceUtility:ExtractStackTrace () (at /Users/bokken/build/output/unity/unity/Runtime/Export/Scripting/StackTrace.cs:35)
UnityEngine.DebugLogHandler:Internal_Log (UnityEngine.LogType,UnityEngine.LogOption,string,UnityEngine.Object)
UnityEngine.DebugLogHandler:LogFormat (UnityEngine.LogType,UnityEngine.Object,string,object[])
UnityEngine.Logger:Log (UnityEngine.LogType,object)
UnityEngine.Debug:Log (object)
TMPro.EditorEventCallbacks/<>c:<InitializeFontAssetResourceChangeCallBacks>b__0_0 () (at ./Library/PackageCache/com.unity.ugui@1c4864518158/Editor/TMP/TMP_EditorResourceManager.cs:36)
UnityEditor.EditorApplication:Internal_EditorApplicationQuit () (at /Users/bokken/build/output/unity/unity/Editor/Mono/EditorApplication.cs:128)
PerfBenchmark:Finish () (at Assets/Editor/Perf/PerfBenchmark.cs:88)
PerfBenchmark:Tick () (at Assets/Editor/Perf/PerfBenchmark.cs:57)
UnityEditor.EditorApplication:Internal_CallUpdateFunctions () (at /Users/bokken/build/output/unity/unity/Editor/Mono/EditorApplication.cs:403)

(Filename: ./Library/PackageCache/com.unity.ugui@1c4864518158/Editor/TMP/TMP_EditorResourceManager.cs Line: 36)

Clearing [Manrope-SemiBold SDF] dynamic font asset data.
UnityEngine.Debug:ExtractStackTraceNoAlloc (byte*,int,string)
UnityEngine.StackTraceUtility:ExtractStackTrace () (at /Users/bokken/build/output/unity/unity/Runtime/Export/Scripting/StackTrace.cs:35)
UnityEngine.DebugLogHandler:Internal_Log (UnityEngine.LogType,UnityEngine.LogOption,string,UnityEngine.Object)
UnityEngine.DebugLogHandler:LogFormat (UnityEngine.LogType,UnityEngine.Object,string,object[])
UnityEngine.Logger:Log (UnityEngine.LogType,object)
UnityEngine.Debug:Log (object)
TMPro.EditorEventCallbacks/<>c:<InitializeFontAssetResourceChangeCallBacks>b__0_0 () (at ./Library/PackageCache/com.unity.ugui@1c4864518158/Editor/TMP/TMP_EditorResourceManager.cs:36)
UnityEditor.EditorApplication:Internal_EditorApplicationQuit () (at /Users/bokken/build/output/unity/unity/Editor/Mono/EditorApplication.cs:128)
PerfBenchmark:Finish () (at Assets/Editor/Perf/PerfBenchmark.cs:88)
PerfBenchmark:Tick () (at Assets/Editor/Perf/PerfBenchmark.cs:57)
UnityEditor.EditorApplication:Internal_CallUpdateFunctions () (at /Users/bokken/build/output/unity/unity/Editor/Mono/EditorApplication.cs:403)

(Filename: ./Library/PackageCache/com.unity.ugui@1c4864518158/Editor/TMP/TMP_EditorResourceManager.cs Line: 36)

Clearing [Sora-Bold SDF] dynamic font asset data.
UnityEngine.Debug:ExtractStackTraceNoAlloc (byte*,int,string)
UnityEngine.StackTraceUtility:ExtractStackTrace () (at /Users/bokken/build/output/unity/unity/Runtime/Export/Scripting/StackTrace.cs:35)
UnityEngine.DebugLogHandler:Internal_Log (UnityEngine.LogType,UnityEngine.LogOption,string,UnityEngine.Object)
UnityEngine.DebugLogHandler:LogFormat (UnityEngine.LogType,UnityEngine.Object,string,object[])
UnityEngine.Logger:Log (UnityEngine.LogType,object)
UnityEngine.Debug:Log (object)
TMPro.EditorEventCallbacks/<>c:<InitializeFontAssetResourceChangeCallBacks>b__0_0 () (at ./Library/PackageCache/com.unity.ugui@1c4864518158/Editor/TMP/TMP_EditorResourceManager.cs:36)
UnityEditor.EditorApplication:Internal_EditorApplicationQuit () (at /Users/bokken/build/output/unity/unity/Editor/Mono/EditorApplication.cs:128)
PerfBenchmark:Finish () (at Assets/Editor/Perf/PerfBenchmark.cs:88)
PerfBenchmark:Tick () (at Assets/Editor/Perf/PerfBenchmark.cs:57)
UnityEditor.EditorApplication:Internal_CallUpdateFunctions () (at /Users/bokken/build/output/unity/unity/Editor/Mono/EditorApplication.cs:403)

(Filename: ./Library/PackageCache/com.unity.ugui@1c4864518158/Editor/TMP/TMP_EditorResourceManager.cs Line: 36)

Clearing [Sora-ExtraBold SDF] dynamic font asset data.
UnityEngine.Debug:ExtractStackTraceNoAlloc (byte*,int,string)
UnityEngine.StackTraceUtility:ExtractStackTrace () (at /Users/bokken/build/output/unity/unity/Runtime/Export/Scripting/StackTrace.cs:35)
UnityEngine.DebugLogHandler:Internal_Log (UnityEngine.LogType,UnityEngine.LogOption,string,UnityEngine.Object)
UnityEngine.DebugLogHandler:LogFormat (UnityEngine.LogType,UnityEngine.Object,string,object[])
UnityEngine.Logger:Log (UnityEngine.LogType,object)
UnityEngine.Debug:Log (object)
TMPro.EditorEventCallbacks/<>c:<InitializeFontAssetResourceChangeCallBacks>b__0_0 () (at ./Library/PackageCache/com.unity.ugui@1c4864518158/Editor/TMP/TMP_EditorResourceManager.cs:36)
UnityEditor.EditorApplication:Internal_EditorApplicationQuit () (at /Users/bokken/build/output/unity/unity/Editor/Mono/EditorApplication.cs:128)
PerfBenchmark:Finish () (at Assets/Editor/Perf/PerfBenchmark.cs:88)
PerfBenchmark:Tick () (at Assets/Editor/Perf/PerfBenchmark.cs:57)
UnityEditor.EditorApplication:Internal_CallUpdateFunctions () (at /Users/bokken/build/output/unity/unity/Editor/Mono/EditorApplication.cs:403)

(Filename: ./Library/PackageCache/com.unity.ugui@1c4864518158/Editor/TMP/TMP_EditorResourceManager.cs Line: 36)

Clearing [Sora-SemiBold SDF] dynamic font asset data.
UnityEngine.Debug:ExtractStackTraceNoAlloc (byte*,int,string)
UnityEngine.StackTraceUtility:ExtractStackTrace () (at /Users/bokken/build/output/unity/unity/Runtime/Export/Scripting/StackTrace.cs:35)
UnityEngine.DebugLogHandler:Internal_Log (UnityEngine.LogType,UnityEngine.LogOption,string,UnityEngine.Object)
UnityEngine.DebugLogHandler:LogFormat (UnityEngine.LogType,UnityEngine.Object,string,object[])
UnityEngine.Logger:Log (UnityEngine.LogType,object)
UnityEngine.Debug:Log (object)
TMPro.EditorEventCallbacks/<>c:<InitializeFontAssetResourceChangeCallBacks>b__0_0 () (at ./Library/PackageCache/com.unity.ugui@1c4864518158/Editor/TMP/TMP_EditorResourceManager.cs:36)
UnityEditor.EditorApplication:Internal_EditorApplicationQuit () (at /Users/bokken/build/output/unity/unity/Editor/Mono/EditorApplication.cs:128)
PerfBenchmark:Finish () (at Assets/Editor/Perf/PerfBenchmark.cs:88)
PerfBenchmark:Tick () (at Assets/Editor/Perf/PerfBenchmark.cs:57)
UnityEditor.EditorApplication:Internal_CallUpdateFunctions () (at /Users/bokken/build/output/unity/unity/Editor/Mono/EditorApplication.cs:403)

(Filename: ./Library/PackageCache/com.unity.ugui@1c4864518158/Editor/TMP/TMP_EditorResourceManager.cs Line: 36)

Killing ADB server in 0.049673 seconds.
Importing 'GUID: b5f29bad05304450b9ab7277dfd32ce8 - Path: Assets/Fonts/Manrope/Manrope-Medium SDF.asset' with importer (NativeFormatImporter)
Imported 'GUID: b5f29bad05304450b9ab7277dfd32ce8' -> (Import Result ID: 'cb61bb827e031fa6239d66c2fa0f8afc') in 0.006 seconds [static dependencies only]. Details - ImportResultOutputID=ec3ec3f93bcf507604567c953f0b5957 DependenciesID=0e93cbb86ed043d6c0888f94658301af StaticDependenciesID=8ea8a00619bf04645ebfb69cfeab46c1 
Importing 'GUID: 960a4a1fee038423aa04c0a49d711d9b - Path: Assets/Fonts/Sora/Sora-SemiBold SDF.asset' with importer (NativeFormatImporter)
Imported 'GUID: 960a4a1fee038423aa04c0a49d711d9b' -> (Import Result ID: 'f0ee152553e8dc9ac62a81a89426c631') in 0.001 seconds [static dependencies only]. Details - ImportResultOutputID=c5376367d9140c4416bf39f8fde47f00 DependenciesID=5c744164e1951a442ae180395d62e8b6 StaticDependenciesID=f13d0a39dfad3eb2dbaac050dfbcbc39 
Importing 'GUID: c72df4aa697254381b2ff24a4f97e6d3 - Path: Assets/Fonts/Manrope/Manrope-SemiBold SDF.asset' with importer (NativeFormatImporter)
Imported 'GUID: c72df4aa697254381b2ff24a4f97e6d3' -> (Import Result ID: '070301d1491a0a501e5cdab33f309727') in 0.001 seconds [static dependencies only]. Details - ImportResultOutputID=2e7c58826d8c337f1c251c33b9ba64de DependenciesID=3c4bb27d96b34c1e8f718436c8471291 StaticDependenciesID=3865d2f26254e37be2f57786f222801d 
Importing 'GUID: b81218380dce5435392e5af2bdd5146f - Path: Assets/Fonts/Sora/Sora-ExtraBold SDF.asset' with importer (NativeFormatImporter)
Imported 'GUID: b81218380dce5435392e5af2bdd5146f' -> (Import Result ID: '952eaa173b921a4527748364df4e20b5') in 0.001 seconds [static dependencies only]. Details - ImportResultOutputID=2af47ebb0121feff9988dee99997374f DependenciesID=10babd8e3a758188fd534925dec15bf3 StaticDependenciesID=5b137e6e3eced2c0039820e8c6cb931b 
Importing 'GUID: 9dbec836a26194eee9c3e94b0b2a02fe - Path: Assets/Fonts/Manrope/Manrope-ExtraBold SDF.asset' with importer (NativeFormatImporter)
Imported 'GUID: 9dbec836a26194eee9c3e94b0b2a02fe' -> (Import Result ID: 'e2b437b14b599a3a5c1993c327428e8d') in 0.000 seconds [static dependencies only]. Details - ImportResultOutputID=c965e93c81ab70ea8c040638d843abce DependenciesID=5803e16bd1725a33189edaa35a368a9a StaticDependenciesID=93dacaa17b23f991adbbf43d15d11526 
Importing 'GUID: 1f393a07920384164ace0f7c2173264d - Path: Assets/Fonts/Manrope/Manrope-Bold SDF.asset' with importer (NativeFormatImporter)
Imported 'GUID: 1f393a07920384164ace0f7c2173264d' -> (Import Result ID: 'ca9f0dcacc57f40995654255728eb9d7') in 0.000 seconds [static dependencies only]. Details - ImportResultOutputID=3743d3df6aade6316de34d1f0cd20126 DependenciesID=02b0bfd84aa6cd32b4032df49b5f3bdc StaticDependenciesID=d41a957394ebfb9fa858d1deb4161887 
Importing 'GUID: 7f6a6978d2a4943d9aaa8c7cba6e7253 - Path: Assets/Fonts/Sora/Sora-Bold SDF.asset' with importer (NativeFormatImporter)
Imported 'GUID: 7f6a6978d2a4943d9aaa8c7cba6e7253' -> (Import Result ID: '6532add561161054dda27c460bc06877') in 0.001 seconds [static dependencies only]. Details - ImportResultOutputID=8e8b4bce18643da22ccdc54c9e891c81 DependenciesID=53ba04d9b6026a3964a05a452e103e99 StaticDependenciesID=5a6cf94023de4b5e983bb54f40f87bc7 
"MSBuild-Server" wird heruntergefahren...
"VB/C#-Compilerserver" wird heruntergefahren...
Asset Pipeline Refresh (id=9ebfefd168e0a407ea1602358d37b488): Total: 0.136 seconds - Initiated by StopAssetImportingV2(NoUpdateAssetOptions)
Thread 0x17bdc7000 may have been prematurely finalized
"VB/C#-Compilerserver" wurde erfolgreich heruntergefahren.
Input System module state changed to: ShutdownInProgress.
Input Polling Thread exited.
Input System module state changed to: Shutdown.
[Physics::Module] Cleanup current backend.
[Physics::Module] Id: 0xf2b8ea05
[Licensing::IpcConnector] LicenseClient-philipp-notifications channel disconnected successfully.
[Licensing::IpcConnector] LicenseClient-philipp channel disconnected successfully.
Thread 0x16ef53000 may have been prematurely finalized
Thread 0x16efdf000 may have been prematurely finalized
Thread 0x16f06b000 may have been prematurely finalized
Thread 0x16f183000 may have been prematurely finalized
Thread 0x16f20f000 may have been prematurely finalized
Thread 0x16f29b000 may have been prematurely finalized
Thread 0x16f0f7000 may have been prematurely finalized
Lingering sessions upon destruction of worker manager
AcceleratorClientConnectionCallback - disconnected - :0
Thread 0x175c87000 may have been prematurely finalized
info: Microsoft.Hosting.Lifetime[0]
      Application is shutting down...
Cleanup mono
CodeReloadManager destroyed
info: Unity.ILPP.Runner.PostProcessingAssemblyLoadContext[0]
      ALC ILPP context 1 is unloading
"MSBuild-Server" wurde erfolgreich heruntergefahren.
debugger-agent: Unable to listen on 44
[usbmuxd] Stop listen thread
[usbmuxd] Error: 
[usbmuxd] Listen thread exiting
