Unity Editor version:    6000.5.8f1 (5cb7df797b7d)
Branch:                  6000.5/staging
Build type:              Release
Batch mode:              YES
macOS version:           Version 27.0 (Build 26A428)
Darwin version:          27.0.0
Architecture:            arm64
Running under Rosetta:   NO
Available memory:        65536 MB
Date:                    2026-10-04T13:00:44Z
[Licensing::Module] Trying to connect to existing licensing client channel...
[Licensing::IpcConnector] Successfully connected to: "LicenseClient-philipp" at "2026-10-04T13:00:44.63113Z"
Launching external process: /Applications/Unity/Hub/Editor/6000.5.8f1/Unity.app/Contents/Helpers/PackageManager/Server/UnityPackageManager

COMMAND LINE ARGUMENTS:
/Applications/Unity/Hub/Editor/6000.5.8f1/Unity.app/Contents/MacOS/Unity
-batchmode
-projectPath
/Users/philipp/Projects/3DTD/3DTD/3DTD
-executeMethod
PerfBenchmark.Run
-perfSuite
core
-logFile
tasks/perf/logs/phase5-core.log
Successfully changed project path to: /Users/philipp/Projects/3DTD/3DTD/3DTD
/Users/philipp/Projects/3DTD/3DTD/3DTD
[UnityMemory] Configuration Parameters - Can be set up in boot.config
    "memorysetup-temp-allocator-size-gi-baking-worker=262144"
    "memorysetup-temp-allocator-size-gi-baking-worker=262144"
    "memorysetup-temp-allocator-size-gi-baking-worker=262144"
    "memorysetup-temp-allocator-size-gi-baking-worker=262144"
    "memorysetup-temp-allocator-size-gi-baking-worker=262144"
    "memorysetup-temp-allocator-size-nav-mesh-worker=65536"
    "memorysetup-temp-allocator-size-audio-worker=65536"
    "memorysetup-temp-allocator-size-cloud-worker=32768"
    "memorysetup-allocator-temp-initial-block-size-main=262144"
    "memorysetup-allocator-temp-initial-block-size-worker=262144"
    "memorysetup-temp-allocator-size-preload-manager=33554432"
    "memorysetup-temp-allocator-size-gfx=262144"
    "memorysetup-temp-allocator-size-background-worker=32768"
    "memorysetup-temp-allocator-size-job-worker=262144"
    "memorysetup-bucket-allocator-granularity=16"
    "memorysetup-bucket-allocator-bucket-count=8"
    "memorysetup-bucket-allocator-block-size=33554432"
    "memorysetup-bucket-allocator-block-count=8"
    "memorysetup-main-allocator-block-size=16777216"
    "memorysetup-thread-allocator-block-size=16777216"
    "memorysetup-main-allocator-mimalloc-enabled=0"
    "memorysetup-gfx-main-allocator-block-size=16777216"
    "memorysetup-gfx-thread-allocator-block-size=16777216"
    "memorysetup-cache-allocator-block-size=4194304"
    "memorysetup-typetree-allocator-block-size=2097152"
    "memorysetup-profiler-bucket-allocator-granularity=16"
    "memorysetup-profiler-bucket-allocator-bucket-count=8"
    "memorysetup-profiler-bucket-allocator-block-size=33554432"
    "memorysetup-profiler-bucket-allocator-block-count=8"
    "memorysetup-profiler-allocator-block-size=16777216"
    "memorysetup-profiler-editor-allocator-block-size=1048576"
    "memorysetup-temp-allocator-size-main=16777216"
    "memorysetup-job-temp-allocator-block-size=2097152"
    "memorysetup-job-temp-allocator-block-size-background=1048576"
    "memorysetup-job-temp-allocator-reduction-small-platforms=262144"
Logging is directed to a specific file, skipping project log.Player connection [8171323264]  Target information:

Player connection [8171323264]  * "[IP] 192.168.178.132 [Port] 55504 [Flags] 2 [Guid] 2807209929 [EditorId] 2807209929 [Version] 1048832 [Id] OSXEditor(0,Philipps-Mac-LAN.fritz.box) [Debug] 1 [PackageName] OSXEditor [ProjectName] Editor" 

Player connection [8171323264]  * "[IP] 192.168.178.133 [Port] 55504 [Flags] 2 [Guid] 2807209929 [EditorId] 2807209929 [Version] 1048832 [Id] OSXEditor(0,Philipps-Mac-LAN.fritz.box) [Debug] 1 [PackageName] OSXEditor [ProjectName] Editor" 

Player connection [8171323264]  * "[IP] 192.168.139.3 [Port] 55504 [Flags] 2 [Guid] 2807209929 [EditorId] 2807209929 [Version] 1048832 [Id] OSXEditor(0,Philipps-Mac-LAN.fritz.box) [Debug] 1 [PackageName] OSXEditor [ProjectName] Editor" 

Player connection [8171323264]  * "[IP] 192.168.215.0 [Port] 55504 [Flags] 2 [Guid] 2807209929 [EditorId] 2807209929 [Version] 1048832 [Id] OSXEditor(0,Philipps-Mac-LAN.fritz.box) [Debug] 1 [PackageName] OSXEditor [ProjectName] Editor" 

Player connection [8171323264]  * "[IP] 192.168.97.0 [Port] 55504 [Flags] 2 [Guid] 2807209929 [EditorId] 2807209929 [Version] 1048832 [Id] OSXEditor(0,Philipps-Mac-LAN.fritz.box) [Debug] 1 [PackageName] OSXEditor [ProjectName] Editor" 

Player connection [8171323264] Host joined multi-casting on [225.0.0.222:54997]...
Player connection [8171323264] Host joined alternative multi-casting on [225.0.0.222:34997]...
Input System module state changed to: Initialized.
[Physics::Module] Initialized fallback backend.
[Physics::Module] Id: 0xdecafbad
[Package Manager] Connected to IPC stream "Upm-83186" after 0.1 seconds.
[Licensing::Module] Licensing is not yet initialized.
[Licensing::Client] Handshaking with LicensingClient:
  Version:                 1.18.3+d7ffd15
  Session Id:              195fadfa727248abadfba5b9aadafd82
  Correlation Id:          910c49780be0d37de9010221086ac5fe
  External correlation Id: 3224609645676874583
  Machine Id:              RvZ12cVBd6PoVZKbkiBOwYmsOqI=
[Licensing::Module] Successfully connected to LicensingClient on channel: "LicenseClient-philipp" (connect: 0.00s, validation: 0.00s, handshake: 0.27s)
[Licensing::IpcConnector] Successfully connected to: "LicenseClient-philipp-notifications" at "2026-10-04T13:00:44.898708Z"
[Licensing::Module] Error: Access token is unavailable; failed to update
[Licensing::Client] Successfully resolved entitlement details
[Licensing::Module] License group:
  Id: F4-E4SU-4NGG-F7VJ-4QU2-XXXX
  Product: Unity Personal
  Type: ULF
  Expiration: Unlimited
[Licensing::Module] License group:
  Id: 9071000562088-UnityPersXXXX
  Product: Unity Personal
  Type: Assigned
  Expiration: Unlimited
[Licensing::Client] Successfully updated license, isAsync: True, time: 0.00
[Licensing::Client] Successfully resolved entitlement details
[Licensing::Module] License group:
  Id: F4-E4SU-4NGG-F7VJ-4QU2-XXXX
  Product: Unity Personal
  Type: ULF
  Expiration: Unlimited
[Licensing::Module] License group:
  Id: 9071000562088-UnityPersXXXX
  Product: Unity Personal
  Type: Assigned
  Expiration: Unlimited
[Licensing::Module] Licensing Background thread has ended after 0.27s
[Licensing::Module] Licensing is initialized (took 0.03s).
[Licensing::Client] Successfully resolved entitlement details
[Licensing::Module] License group:
  Id: F4-E4SU-4NGG-F7VJ-4QU2-XXXX
  Product: Unity Personal
  Type: ULF
  Expiration: Unlimited
[Licensing::Module] License group:
  Id: 9071000562088-UnityPersXXXX
  Product: Unity Personal
  Type: Assigned
  Expiration: Unlimited
Library Redirect Path: Library/
[Physics::Module] Selected backend.
[Physics::Module] Name: PhysX
[Physics::Module] Id: 0xf2b8ea05
[Physics::Module] SDK Version: 4.1.2
[Physics::Module] Integration Version: 1.0.0
[Physics::Module] Threading Mode: Multi-Threaded
Initialize engine version: 6000.5.8f1 (5cb7df797b7d)
[Subsystems] Discovering subsystems at path /Applications/Unity/Hub/Editor/6000.5.8f1/Unity.app/Contents/Resources/UnitySubsystems
[Subsystems] Discovering subsystems at path /Users/philipp/Projects/3DTD/3DTD/3DTD/Assets
GfxDevice: creating device client; kGfxThreadingModeNonThreaded
 preferred device: Apple M4 Pro (high power)
Metal devices available: 1
0: Apple M4 Pro (high power)
Using device Apple M4 Pro (high power)
Initializing Metal device caps: Apple M4 Pro
Mac GPU Family: 2
Apple GPU Family: 9
MSL Version: 3.0
Has Float MSAA: 1
Has Float Filtering: 1
ReadWrite Texture Tier: 2
Initialize mono
Mono path[0] = '/Applications/Unity/Hub/Editor/6000.5.8f1/Unity.app/Contents/Resources/Scripting/Managed'
Mono path[1] = '/Applications/Unity/Hub/Editor/6000.5.8f1/Unity.app/Contents/Resources/Scripting/BCLExtensions/runtime/netstandard2.1'
Mono path[2] = '/Applications/Unity/Hub/Editor/6000.5.8f1/Unity.app/Contents/Resources/Scripting/MonoBleedingEdge/lib/mono/unityjit-macos'
Mono config path = '/Applications/Unity/Hub/Editor/6000.5.8f1/Unity.app/Contents/Resources/Scripting/MonoBleedingEdge/etc'
Using monoOptions --debugger-agent=transport=dt_socket,embedding=1,server=y,suspend=n,address=127.0.0.1:56186
CodeReloadManager initialized
ImportWorker Server TCP listen port: 0
AcceleratorClientConnectionCallback - disconnected - :0
Begin MonoManager ReloadAssembly
Registering precompiled unity dll's ...
Register platform support module: /Applications/Unity/Hub/Editor/6000.5.8f1/PlaybackEngines/WebGLSupport/UnityEditor.WebGL.Extensions.dll
Register platform support module: /Applications/Unity/Hub/Editor/6000.5.8f1/PlaybackEngines/MacStandaloneSupport/UnityEditor.OSXStandalone.Extensions.dll
Register platform support module: /Applications/Unity/Hub/Editor/6000.5.8f1/PlaybackEngines/WindowsStandaloneSupport/UnityEditor.WindowsStandalone.Extensions.dll
[Licensing::Client] Successfully resolved entitlement details
[Licensing::Module] License group:
  Id: F4-E4SU-4NGG-F7VJ-4QU2-XXXX
  Product: Unity Personal
  Type: ULF
  Expiration: Unlimited
[Licensing::Module] License group:
  Id: 9071000562088-UnityPersXXXX
  Product: Unity Personal
  Type: Assigned
  Expiration: Unlimited
Register platform support module: /Applications/Unity/Hub/Editor/6000.5.8f1/PlaybackEngines/AndroidPlayer/UnityEditor.Android.Extensions.dll
[Licensing::Client] Successfully resolved entitlement details
[Licensing::Module] License group:
  Id: F4-E4SU-4NGG-F7VJ-4QU2-XXXX
  Product: Unity Personal
  Type: ULF
  Expiration: Unlimited
[Licensing::Module] License group:
  Id: 9071000562088-UnityPersXXXX
  Product: Unity Personal
  Type: Assigned
  Expiration: Unlimited
Register platform support module: /Applications/Unity/Hub/Editor/6000.5.8f1/PlaybackEngines/iOSSupport/UnityEditor.iOS.Extensions.dll
Register platform support module: /Applications/Unity/Hub/Editor/6000.5.8f1/PlaybackEngines/LinuxStandaloneSupport/UnityEditor.LinuxStandalone.Extensions.dll
Registered in 0.004429 seconds.
Native extension for LinuxStandalone target not found
[usbmuxd] Start listen thread
[usbmuxd] Listen thread started
[usbmuxd] Send listen message
Native extension for iOS target not found
Native extension for Android target not found
Native extension for WindowsStandalone target not found
Native extension for OSXStandalone target not found
Native extension for WebGL target not found
Package Manager log level set to [2]
[Licensing::Client] Successfully resolved entitlement details
ScheduleIndexationOnStartup MainProcess:False IndexOnStartup:True
Mono: successfully reloaded assembly
- Finished resetting the current domain, in  1.670 seconds
Domain Reload Profiling: 1941ms
	BeginReloadAssembly (62ms)
		CreateAndSetChildDomain (16ms)
	RebuildCommonClasses (3ms)
	RebuildNativeTypeToScriptingClass (9ms)
	initialDomainReloadingComplete (30ms)
	LoadAllAssembliesAndSetupDomain (166ms)
		LoadAssemblies (46ms)
		AnalyzeDomain (124ms)
			TypeCache.Refresh (123ms)
				TypeCache.ScanAssembly (112ms)
	FinalizeReload (1671ms)
		SetupLoadedEditorAssemblies (0ms)
			InitializePlatformSupportModulesInManaged (41ms)
			BeforeProcessingInitializeOnLoad (45ms)
			ProcessInitializeOnLoadAttributes (50ms)
			ProcessInitializeOnLoadMethodAttributes (1496ms)
[Licensing::Client] Successfully resolved entitlement details
[Licensing::Module] License group:
  Id: F4-E4SU-4NGG-F7VJ-4QU2-XXXX
  Product: Unity Personal
  Type: ULF
  Expiration: Unlimited
[Licensing::Module] License group:
  Id: 9071000562088-UnityPersXXXX
  Product: Unity Personal
  Type: Assigned
  Expiration: Unlimited
Application.AssetDatabase Initial Refresh Start
[Package Manager] Restoring resolved packages state from cache
[Licensing::Client] Successfully resolved entitlement details
[Package Manager] Registered 59 packages:
  Packages from [https://packages.unity.com]:
    com.unity.ai.navigation@2.0.14 (location: /Users/philipp/Projects/3DTD/3DTD/3DTD/Library/PackageCache/com.unity.ai.navigation@134dd6a3b97b)
    com.unity.burst@1.8.30 (location: /Users/philipp/Projects/3DTD/3DTD/3DTD/Library/PackageCache/com.unity.burst@2f3d916873ea)
    com.unity.collab-proxy@2.13.5 (location: /Users/philipp/Projects/3DTD/3DTD/3DTD/Library/PackageCache/com.unity.collab-proxy@120d77864ebc)
    com.unity.ide.rider@3.0.38 (location: /Users/philipp/Projects/3DTD/3DTD/3DTD/Library/PackageCache/com.unity.ide.rider@1f60b3138684)
    com.unity.ide.visualstudio@2.0.26 (location: /Users/philipp/Projects/3DTD/3DTD/3DTD/Library/PackageCache/com.unity.ide.visualstudio@a99d56dec63f)
    com.unity.nuget.newtonsoft-json@3.2.2 (location: /Users/philipp/Projects/3DTD/3DTD/3DTD/Library/PackageCache/com.unity.nuget.newtonsoft-json@4dfd81071c64)
    com.unity.timeline@1.8.12 (location: /Users/philipp/Projects/3DTD/3DTD/3DTD/Library/PackageCache/com.unity.timeline@8cd8509afae5)
    com.unity.searcher@4.9.5 (location: /Users/philipp/Projects/3DTD/3DTD/3DTD/Library/PackageCache/com.unity.searcher@a463122f2c00)
    com.unity.nuget.mono-cecil@1.11.6 (location: /Users/philipp/Projects/3DTD/3DTD/3DTD/Library/PackageCache/com.unity.nuget.mono-cecil@ecb9724e46ff)
    com.unity.test-framework.performance@3.5.0 (location: /Users/philipp/Projects/3DTD/3DTD/3DTD/Library/PackageCache/com.unity.test-framework.performance@8b56083ec0f0)
  Built-in packages:
    com.unity.2d.sprite@1.0.0 (location: /Users/philipp/Projects/3DTD/3DTD/3DTD/Library/PackageCache/com.unity.2d.sprite@053a968eab56)
    com.unity.multiplayer.center@1.0.1 (location: /Users/philipp/Projects/3DTD/3DTD/3DTD/Library/PackageCache/com.unity.multiplayer.center@b860850997d0)
    com.unity.render-pipelines.universal@17.5.0 (location: /Users/philipp/Projects/3DTD/3DTD/3DTD/Library/PackageCache/com.unity.render-pipelines.universal@73b4c4ff130e)
    com.unity.test-framework@1.7.0 (location: /Users/philipp/Projects/3DTD/3DTD/3DTD/Library/PackageCache/com.unity.test-framework@1405238725ab)
    com.unity.ugui@2.5.0 (location: /Users/philipp/Projects/3DTD/3DTD/3DTD/Library/PackageCache/com.unity.ugui@1c4864518158)
    com.unity.visualeffectgraph@17.5.0 (location: /Users/philipp/Projects/3DTD/3DTD/3DTD/Library/PackageCache/com.unity.visualeffectgraph@b1f03b147b92)
    com.unity.modules.accessibility@1.0.0 (location: /Users/philipp/Projects/3DTD/3DTD/3DTD/Library/PackageCache/com.unity.modules.accessibility)
    com.unity.modules.adaptiveperformance@1.0.0 (location: /Users/philipp/Projects/3DTD/3DTD/3DTD/Library/PackageCache/com.unity.modules.adaptiveperformance)
    com.unity.modules.ai@1.0.0 (location: /Users/philipp/Projects/3DTD/3DTD/3DTD/Library/PackageCache/com.unity.modules.ai)
    com.unity.modules.androidjni@1.0.0 (location: /Users/philipp/Projects/3DTD/3DTD/3DTD/Library/PackageCache/com.unity.modules.androidjni)
    com.unity.modules.animation@1.0.0 (location: /Users/philipp/Projects/3DTD/3DTD/3DTD/Library/PackageCache/com.unity.modules.animation)
    com.unity.modules.assetbundle@1.0.0 (location: /Users/philipp/Projects/3DTD/3DTD/3DTD/Library/PackageCache/com.unity.modules.assetbundle)
    com.unity.modules.audio@1.0.0 (location: /Users/philipp/Projects/3DTD/3DTD/3DTD/Library/PackageCache/com.unity.modules.audio)
    com.unity.modules.cloth@1.0.0 (location: /Users/philipp/Projects/3DTD/3DTD/3DTD/Library/PackageCache/com.unity.modules.cloth)
    com.unity.modules.director@1.0.0 (location: /Users/philipp/Projects/3DTD/3DTD/3DTD/Library/PackageCache/com.unity.modules.director)
    com.unity.modules.imageconversion@1.0.0 (location: /Users/philipp/Projects/3DTD/3DTD/3DTD/Library/PackageCache/com.unity.modules.imageconversion)
    com.unity.modules.imgui@1.0.0 (location: /Users/philipp/Projects/3DTD/3DTD/3DTD/Library/PackageCache/com.unity.modules.imgui)
    com.unity.modules.jsonserialize@1.0.0 (location: /Users/philipp/Projects/3DTD/3DTD/3DTD/Library/PackageCache/com.unity.modules.jsonserialize)
    com.unity.modules.particlesystem@1.0.0 (location: /Users/philipp/Projects/3DTD/3DTD/3DTD/Library/PackageCache/com.unity.modules.particlesystem)
    com.unity.modules.physics@1.0.0 (location: /Users/philipp/Projects/3DTD/3DTD/3DTD/Library/PackageCache/com.unity.modules.physics)
    com.unity.modules.physics2d@1.0.0 (location: /Users/philipp/Projects/3DTD/3DTD/3DTD/Library/PackageCache/com.unity.modules.physics2d)
    com.unity.modules.physicscore2d@1.0.0 (location: /Users/philipp/Projects/3DTD/3DTD/3DTD/Library/PackageCache/com.unity.modules.physicscore2d)
    com.unity.modules.screencapture@1.0.0 (location: /Users/philipp/Projects/3DTD/3DTD/3DTD/Library/PackageCache/com.unity.modules.screencapture)
    com.unity.modules.terrain@1.0.0 (location: /Users/philipp/Projects/3DTD/3DTD/3DTD/Library/PackageCache/com.unity.modules.terrain)
    com.unity.modules.terrainphysics@1.0.0 (location: /Users/philipp/Projects/3DTD/3DTD/3DTD/Library/PackageCache/com.unity.modules.terrainphysics)
    com.unity.modules.tilemap@1.0.0 (location: /Users/philipp/Projects/3DTD/3DTD/3DTD/Library/PackageCache/com.unity.modules.tilemap)
    com.unity.modules.ui@1.0.0 (location: /Users/philipp/Projects/3DTD/3DTD/3DTD/Library/PackageCache/com.unity.modules.ui)
    com.unity.modules.uielements@1.0.0 (location: /Users/philipp/Projects/3DTD/3DTD/3DTD/Library/PackageCache/com.unity.modules.uielements)
    com.unity.modules.umbra@1.0.0 (location: /Users/philipp/Projects/3DTD/3DTD/3DTD/Library/PackageCache/com.unity.modules.umbra)
    com.unity.modules.unityanalytics@1.0.0 (location: /Users/philipp/Projects/3DTD/3DTD/3DTD/Library/PackageCache/com.unity.modules.unityanalytics)
    com.unity.modules.unitywebrequest@1.0.0 (location: /Users/philipp/Projects/3DTD/3DTD/3DTD/Library/PackageCache/com.unity.modules.unitywebrequest)
    com.unity.modules.unitywebrequestassetbundle@1.0.0 (location: /Users/philipp/Projects/3DTD/3DTD/3DTD/Library/PackageCache/com.unity.modules.unitywebrequestassetbundle)
    com.unity.modules.unitywebrequestaudio@1.0.0 (location: /Users/philipp/Projects/3DTD/3DTD/3DTD/Library/PackageCache/com.unity.modules.unitywebrequestaudio)
    com.unity.modules.unitywebrequesttexture@1.0.0 (location: /Users/philipp/Projects/3DTD/3DTD/3DTD/Library/PackageCache/com.unity.modules.unitywebrequesttexture)
    com.unity.modules.unitywebrequestwww@1.0.0 (location: /Users/philipp/Projects/3DTD/3DTD/3DTD/Library/PackageCache/com.unity.modules.unitywebrequestwww)
    com.unity.modules.vectorgraphics@1.0.0 (location: /Users/philipp/Projects/3DTD/3DTD/3DTD/Library/PackageCache/com.unity.modules.vectorgraphics)
    com.unity.modules.vehicles@1.0.0 (location: /Users/philipp/Projects/3DTD/3DTD/3DTD/Library/PackageCache/com.unity.modules.vehicles)
    com.unity.modules.video@1.0.0 (location: /Users/philipp/Projects/3DTD/3DTD/3DTD/Library/PackageCache/com.unity.modules.video)
    com.unity.modules.wind@1.0.0 (location: /Users/philipp/Projects/3DTD/3DTD/3DTD/Library/PackageCache/com.unity.modules.wind)
    com.unity.modules.xr@1.0.0 (location: /Users/philipp/Projects/3DTD/3DTD/3DTD/Library/PackageCache/com.unity.modules.xr)
    com.unity.modules.subsystems@1.0.0 (location: /Users/philipp/Projects/3DTD/3DTD/3DTD/Library/PackageCache/com.unity.modules.subsystems)
    com.unity.modules.hierarchycore@1.0.0 (location: /Users/philipp/Projects/3DTD/3DTD/3DTD/Library/PackageCache/com.unity.modules.hierarchycore)
    com.unity.shadergraph@17.5.0 (location: /Users/philipp/Projects/3DTD/3DTD/3DTD/Library/PackageCache/com.unity.shadergraph@8d7376ec43ee)
    com.unity.render-pipelines.core@17.5.0 (location: /Users/philipp/Projects/3DTD/3DTD/3DTD/Library/PackageCache/com.unity.render-pipelines.core@a4c9a9793789)
    com.unity.ext.nunit@2.1.0 (location: /Users/philipp/Projects/3DTD/3DTD/3DTD/Library/PackageCache/com.unity.ext.nunit@44f7d31723bd)
    com.unity.render-pipelines.universal-config@17.5.0 (location: /Users/philipp/Projects/3DTD/3DTD/3DTD/Library/PackageCache/com.unity.render-pipelines.universal-config@fdda01c80fe3)
    com.unity.collections@6.5.0 (location: /Users/philipp/Projects/3DTD/3DTD/3DTD/Library/PackageCache/com.unity.collections@ec2c217e4cb2)
    com.unity.mathematics@1.4.0 (location: /Users/philipp/Projects/3DTD/3DTD/3DTD/Library/PackageCache/com.unity.mathematics@981956d94fb6)
  Git packages:
    com.unify.unified-universal-blur@https://github.com/lukakldiashvili/Unified-Universal-Blur.git#0.9.0 (location: /Users/philipp/Projects/3DTD/3DTD/3DTD/Library/PackageCache/com.unify.unified-universal-blur@6a18634d9a56)
[Subsystems] No new subsystems found in resolved package list.
[Package Manager] Done registering packages in 0.01 seconds
info: Microsoft.Hosting.Lifetime[14]
      Now listening on: http://unix:/tmp/ilpp.sock-abe43804ae87d25423edb61801c047fd
info: Microsoft.Hosting.Lifetime[0]
      Application started. Press Ctrl+C to shut down.
info: Microsoft.Hosting.Lifetime[0]
      Hosting environment: Production
info: Microsoft.Hosting.Lifetime[0]
      Content root path: /Users/philipp/Projects/3DTD/3DTD/3DTD
info: Microsoft.AspNetCore.Hosting.Diagnostics[1]
      Request starting HTTP/2 POST http://ilpp/UnityILPP.PostProcessing/Ping - application/grpc -
info: Microsoft.AspNetCore.Routing.EndpointMiddleware[0]
      Executing endpoint 'gRPC - /UnityILPP.PostProcessing/Ping'
info: Microsoft.AspNetCore.Routing.EndpointMiddleware[1]
      Executed endpoint 'gRPC - /UnityILPP.PostProcessing/Ping'
info: Microsoft.AspNetCore.Hosting.Diagnostics[2]
      Request finished HTTP/2 POST http://ilpp/UnityILPP.PostProcessing/Ping - 200 - application/grpc 15.6357ms
Starting: /Applications/Unity/Hub/Editor/6000.5.8f1/Unity.app/Contents/Resources/BuildPipeline/bee_backend --ipc --defer-dag-verification --dagfile="Library/Bee/200b0aE.dag" --continue-on-failure --profile="Library/Bee/backend1.traceevents" ScriptAssemblies
WorkingDir: /Users/philipp/Projects/3DTD/3DTD/3DTD
DisplayProgressbar: Compiling Scripts
info: Microsoft.AspNetCore.Hosting.Diagnostics[1]
      Request starting HTTP/2 POST http://ilpp/UnityILPP.PostProcessing/ConfigurePostProcessors - application/grpc -
info: Microsoft.AspNetCore.Routing.EndpointMiddleware[0]
      Executing endpoint 'gRPC - /UnityILPP.PostProcessing/ConfigurePostProcessors'
warn: Unity.ILPP.Runner.PostProcessingAssemblyLoadContext[0]
      Assembly unityeditor.ios.extensions.xcode has duplicate hint path. Ignoring "/Applications/Unity/Hub/Editor/6000.5.8f1/PlaybackEngines/iOSSupport/UnityEditor.iOS.Extensions.Xcode.dll" in favor of "/Applications/Unity/Hub/Editor/6000.5.8f1/PlaybackEngines/MacStandaloneSupport/UnityEditor.iOS.Extensions.Xcode.dll"
info: Unity.ILPP.Runner.PostProcessingAssemblyLoadContext[0]
      Resolved Unity.Burst.Cecil, Version=0.11.6.0, Culture=neutral, PublicKeyToken=50cebf1cceb9d05e with Library/PackageCache/com.unity.burst@2f3d916873ea/Unity.Burst.CodeGen/Unity.Burst.Cecil.dll
info: Unity.ILPP.Runner.PostProcessingAssemblyLoadContext[0]
      Resolved Mono.Cecil, Version=0.11.5.0, Culture=neutral, PublicKeyToken=50cebf1cceb9d05e with Library/PackageCache/com.unity.nuget.mono-cecil@ecb9724e46ff/Mono.Cecil.dll
info: Microsoft.AspNetCore.Routing.EndpointMiddleware[1]
      Executed endpoint 'gRPC - /UnityILPP.PostProcessing/ConfigurePostProcessors'
info: Microsoft.AspNetCore.Hosting.Diagnostics[2]
      Request finished HTTP/2 POST http://ilpp/UnityILPP.PostProcessing/ConfigurePostProcessors - 200 - application/grpc 14.5666ms
ExitCode: 0 Duration: 0s244ms
[627/805    0s] ILPP-Configuration Library/ilpp-configuration.nevergeneratedoutput
*** Tundra build success (0.23 seconds), 1 items updated, 805 evaluated
AssetDatabase: script compilation time: 0.589673s
Begin MonoManager ReloadAssembly
Total cache size 267357162
Total cache size after purge 267357162, took 00:00:00.1624871
Symbol file LoadedFromMemory is not a mono symbol file
Native extension for LinuxStandalone target not found
Native extension for iOS target not found
Native extension for Android target not found
Native extension for WindowsStandalone target not found
Native extension for OSXStandalone target not found
Native extension for WebGL target not found
ScheduleIndexationOnStartup MainProcess:True IndexOnStartup:True
Mono: successfully reloaded assembly
- Finished resetting the current domain, in  1.869 seconds
Domain Reload Profiling: 2273ms
	BeginReloadAssembly (96ms)
		DisableScriptedObjects (12ms)
		CreateAndSetChildDomain (17ms)
	RebuildCommonClasses (5ms)
	RebuildNativeTypeToScriptingClass (9ms)
	initialDomainReloadingComplete (23ms)
	LoadAllAssembliesAndSetupDomain (272ms)
		LoadAssemblies (127ms)
		AnalyzeDomain (123ms)
			TypeCache.Refresh (94ms)
				TypeCache.ScanAssembly (85ms)
			BuildScriptInfoCaches (24ms)
			ResolveRequiredComponents (3ms)
	FinalizeReload (1870ms)
		SetupLoadedEditorAssemblies (0ms)
			InitializePlatformSupportModulesInManaged (10ms)
			BeforeProcessingInitializeOnLoad (45ms)
			ProcessInitializeOnLoadAttributes (1501ms)
			ProcessInitializeOnLoadMethodAttributes (106ms)
		AwakeInstancesAfterBackupRestoration (9ms)
Starting new worker id: 0 with log in /Users/philipp/Projects/3DTD/3DTD/3DTD/Logs/AssetImportWorkerHW0.log

Asset Pipeline Refresh (id=5a7e5334fb4d74feb9eaf45a016d5857): Total: 3.850 seconds - Initiated by InitialRefreshV2(ForceSynchronousImport)
	(Values over 0.05ms)
	Summary:
		Imports: total=0 (actual=0, local cache=0, cache server=0)
		Asset DB Process Time: managed=0 ms, native=2780 ms
		Asset DB Callback time: managed=22 ms, native=11 ms
		Scripting: domain reloads=1, domain reload time=421 ms, compile time=590 ms, other=23 ms
		Project Asset Count: scripts=1963, non-scripts=12974
		Asset File Changes: new=0, changed=0, moved=0, deleted=0
		Scan Filter Count: 1
	InvokePackagesCallback: 12.263ms
	ApplyChangesToAssetFolders: 0.186ms
	Scan: 551.534ms
	Collect global state as custom dependencies: 9.546ms
	CategorizeScriptCompilationAssets: 17.080ms
	ProcessAssetsWithTransientArtifactChanges: 43.859ms
	CategorizeAssets: 112.820ms
	CompileScripts: 590.380ms
	ImportOutOfDateAssets: 1998.335ms (1884.824ms without children)
		UnloadImportedAssets: 0.882ms
		EnsureUptoDateAssetsAreRegisteredWithGuidPM: 1.289ms
		ImportSchedulerStart: 111.296ms
	PostProcessAllAssets: 22.702ms
		MonoPostProcessAllAssets: 22.676ms
			UniversalRenderPipelineGlobalSettingsPostprocessor.OnPostprocessAllAssets 8.278ms
			SyncVS.PostprocessSyncProject 5.099ms
			WindowAssetPostprocessingWatcher.OnPostprocessAllAssets 1.151ms
			SpeedTree9Postprocessor.OnPostprocessAllAssets 0.959ms
			EditModeScopePostprocessor.OnPostprocessAllAssets 0.484ms
			RenderPipelineGlobalSettingsPostprocessor.OnPostprocessAllAssets 0.347ms
			ShaderReflectionAssetPostProcessor.OnPostprocessAllAssets 0.190ms
			ReferencedClipsPostProcessor.OnPostprocessAllAssets 0.151ms
			TerrainToolbarOverlayPostProcessor.OnPostprocessAllAssets 0.097ms
			AssetDatabaseCallbacks.OnPostprocessAllAssets 0.087ms
	UnloadStreamsBegin: 1.381ms
	PersistCurrentRevisions: 0.301ms
	GenerateScriptTypeHashes: 2.826ms
	GenerateScriptTypeSerializationHashes: 4.164ms
	Untracked: 487.446ms

Application.AssetDatabase Initial Refresh End
Shader Hidden/ChartRasterizerHardware is not supported: GPU does not support conservative rasterization
Launching external process: /Applications/Unity/Hub/Editor/6000.5.8f1/Unity.app/Contents/Helpers/UnityShaderCompiler
Launched and connected shader compiler UnityShaderCompiler after 0.03 seconds
Shader Hidden/ChartRasterizerHardware is not supported: GPU does not support conservative rasterization
Scanning for USB devices : 0.259ms
Initializing Unity extensions:
[MODES] ModeService[none].Initialize
[MODES] ModeService[none].LoadModes
[MODES] Loading mode Default (0) for mode-current-id-3DTD
2026-10-04 15:00:51.581 Unity[83186:16800974] NSEventModifierFlagFunction specified to -setKeyEquivalentModifierMask: for item <NSMenuItem: 0x7699783160 SDF, ke='Command-F12'>, but is only supported for system-provided menu items; will not be used
Unloading 120 Unused Serialized files (Serialized files now loaded: 0)
Unloading 5682 unused Assets / (21.8 MB). Loaded Objects now: 6649.
Memory consumption went from 312.3 MB to 290.5 MB.
Total: 12.722583 ms (FindLiveObjects: 0.237917 ms CreateObjectMapping: 1.081541 ms MarkObjects: 5.176167 ms  DeleteObjects: 6.226875 ms)

[Project] Loading completed in 7.032 seconds
	Project init time: 				6.781 seconds
		Template init time: 		0.000 seconds
		Package Manager init time: 		0.144 seconds
		Asset Database init time: 		0.306 seconds
		Global illumination init time: 	0.001 seconds
		Assemblies load time: 			1.955 seconds
		Unity extensions init time: 	0.021 seconds
		Asset Database refresh time: 	3.850 seconds
	Scene opening time: 			0.147 seconds
##utp:{"type":"ProjectInfo","version":2,"phase":"Immediate","time":1791118851660,"processId":83186,"projectLoad":7.031759959,"projectInit":6.781172917,"templateInit":0.0,"packageManagerInit":0.143892167,"assetDatabaseInit":0.305545916,"globalIlluminationInit":0.000602208,"assembliesLoad":1.954822083,"unityExtensionsInit":0.020520542,"assetDatabaseRefresh":3.849695542,"sceneOpening":0.1472485}
##utp:{"type":"EditorInfo","version":2,"phase":"Immediate","time":1791118851660,"processId":83186,"editorVersion":"6000.5.8f1 (5cb7df797b7d)","branch":"6000.5/staging","buildType":"Release","platform":"OSX"}
Subscribe to USB device events
Scanning for USB devices : 0.235ms

Asset Pipeline Refresh (id=57fa7066ad190419bac85a1af053302f): Total: 0.437 seconds - Initiated by RefreshV2(ForceSynchronousImport)
	(Values over 0.05ms)
	Summary:
		Imports: total=0 (actual=0, local cache=0, cache server=0)
		Asset DB Process Time: managed=0 ms, native=437 ms
		Asset DB Callback time: managed=0 ms, native=0 ms
		Scripting: domain reloads=0, domain reload time=0 ms, compile time=0 ms, other=0 ms
		Project Asset Count: scripts=1963, non-scripts=12974
		Asset File Changes: new=0, changed=0, moved=0, deleted=0
		Scan Filter Count: 1
	InvokePackagesCallback: 0.434ms
	ApplyChangesToAssetFolders: 0.130ms
	Scan: 252.168ms
	Collect global state as custom dependencies: 0.246ms
	CategorizeAssets: 85.740ms
	ImportOutOfDateAssets: 92.303ms (9.975ms without children)
		UnloadImportedAssets: 0.079ms
		EnsureUptoDateAssetsAreRegisteredWithGuidPM: 0.987ms
		ImportSchedulerStart: 81.214ms
	GatherAllCurrentPrimaryImportResultRevisions: 0.423ms
	PersistCurrentRevisions: 0.321ms
	Untracked: 4.379ms

Worker ready: AssetImportWorkerHW0 0
[Licensing::Client] Successfully resolved entitlement details
[Licensing::Client] Successfully resolved entitlement details
Opening scene 'Assets/Scenes/Beginner Level 01.unity'
LightingSettings: switching bake backend from 2 to 1.
Unloading 60 Unused Serialized files (Serialized files now loaded: 0)
Serialized reference type mismatch: field 'shootingPoints' expects 'ShootingPointReference' but the stored reference is a 'GameObject'. The reference is treated as null (and serialized as null in player builds). Re-assign the field in the Inspector to fix it.
UnityEngine.Debug:ExtractStackTraceNoAlloc (byte*,int,string)
UnityEngine.StackTraceUtility:ExtractStackTrace () (at /Users/bokken/build/output/unity/unity/Runtime/Export/Scripting/StackTrace.cs:35)
UnityEditor.SceneManagement.EditorSceneManager:OpenScene (string,UnityEditor.SceneManagement.OpenSceneMode)
PerfBenchmark:Tick () (at Assets/Editor/Perf/PerfBenchmark.cs:63)
UnityEditor.EditorApplication:Internal_CallUpdateFunctions () (at /Users/bokken/build/output/unity/unity/Editor/Mono/EditorApplication.cs:403)

[Assets/Editor/Perf/PerfBenchmark.cs line 63]

Serialized reference type mismatch: field 'shootingPoints' expects 'ShootingPointReference' but the stored reference is a 'GameObject'. The reference is treated as null (and serialized as null in player builds). Re-assign the field in the Inspector to fix it.
UnityEngine.Debug:ExtractStackTraceNoAlloc (byte*,int,string)
UnityEngine.StackTraceUtility:ExtractStackTrace () (at /Users/bokken/build/output/unity/unity/Runtime/Export/Scripting/StackTrace.cs:35)
UnityEditor.SceneManagement.EditorSceneManager:OpenScene (string,UnityEditor.SceneManagement.OpenSceneMode)
PerfBenchmark:Tick () (at Assets/Editor/Perf/PerfBenchmark.cs:63)
UnityEditor.EditorApplication:Internal_CallUpdateFunctions () (at /Users/bokken/build/output/unity/unity/Editor/Mono/EditorApplication.cs:403)

[Assets/Editor/Perf/PerfBenchmark.cs line 63]

Serialized reference type mismatch: field 'shootingPoints' expects 'ShootingPointReference' but the stored reference is a 'GameObject'. The reference is treated as null (and serialized as null in player builds). Re-assign the field in the Inspector to fix it.
UnityEngine.Debug:ExtractStackTraceNoAlloc (byte*,int,string)
UnityEngine.StackTraceUtility:ExtractStackTrace () (at /Users/bokken/build/output/unity/unity/Runtime/Export/Scripting/StackTrace.cs:35)
UnityEditor.SceneManagement.EditorSceneManager:OpenScene (string,UnityEditor.SceneManagement.OpenSceneMode)
PerfBenchmark:Tick () (at Assets/Editor/Perf/PerfBenchmark.cs:63)
UnityEditor.EditorApplication:Internal_CallUpdateFunctions () (at /Users/bokken/build/output/unity/unity/Editor/Mono/EditorApplication.cs:403)

[Assets/Editor/Perf/PerfBenchmark.cs line 63]

Serialized reference type mismatch: field 'shootingPoints' expects 'ShootingPointReference' but the stored reference is a 'GameObject'. The reference is treated as null (and serialized as null in player builds). Re-assign the field in the Inspector to fix it.
UnityEngine.Debug:ExtractStackTraceNoAlloc (byte*,int,string)
UnityEngine.StackTraceUtility:ExtractStackTrace () (at /Users/bokken/build/output/unity/unity/Runtime/Export/Scripting/StackTrace.cs:35)
UnityEditor.SceneManagement.EditorSceneManager:OpenScene (string,UnityEditor.SceneManagement.OpenSceneMode)
PerfBenchmark:Tick () (at Assets/Editor/Perf/PerfBenchmark.cs:63)
UnityEditor.EditorApplication:Internal_CallUpdateFunctions () (at /Users/bokken/build/output/unity/unity/Editor/Mono/EditorApplication.cs:403)

[Assets/Editor/Perf/PerfBenchmark.cs line 63]

Serialized reference type mismatch: field 'shootingPoints' expects 'ShootingPointReference' but the stored reference is a 'GameObject'. The reference is treated as null (and serialized as null in player builds). Re-assign the field in the Inspector to fix it.
UnityEngine.Debug:ExtractStackTraceNoAlloc (byte*,int,string)
UnityEngine.StackTraceUtility:ExtractStackTrace () (at /Users/bokken/build/output/unity/unity/Runtime/Export/Scripting/StackTrace.cs:35)
UnityEditor.SceneManagement.EditorSceneManager:OpenScene (string,UnityEditor.SceneManagement.OpenSceneMode)
PerfBenchmark:Tick () (at Assets/Editor/Perf/PerfBenchmark.cs:63)
UnityEditor.EditorApplication:Internal_CallUpdateFunctions () (at /Users/bokken/build/output/unity/unity/Editor/Mono/EditorApplication.cs:403)

[Assets/Editor/Perf/PerfBenchmark.cs line 63]

Serialized reference type mismatch: field 'shootingPoints' expects 'ShootingPointReference' but the stored reference is a 'GameObject'. The reference is treated as null (and serialized as null in player builds). Re-assign the field in the Inspector to fix it.
UnityEngine.Debug:ExtractStackTraceNoAlloc (byte*,int,string)
UnityEngine.StackTraceUtility:ExtractStackTrace () (at /Users/bokken/build/output/unity/unity/Runtime/Export/Scripting/StackTrace.cs:35)
UnityEditor.SceneManagement.EditorSceneManager:OpenScene (string,UnityEditor.SceneManagement.OpenSceneMode)
PerfBenchmark:Tick () (at Assets/Editor/Perf/PerfBenchmark.cs:63)
UnityEditor.EditorApplication:Internal_CallUpdateFunctions () (at /Users/bokken/build/output/unity/unity/Editor/Mono/EditorApplication.cs:403)

[Assets/Editor/Perf/PerfBenchmark.cs line 63]

Serialized reference type mismatch: field 'shootingPoints' expects 'ShootingPointReference' but the stored reference is a 'GameObject'. The reference is treated as null (and serialized as null in player builds). Re-assign the field in the Inspector to fix it.
UnityEngine.Debug:ExtractStackTraceNoAlloc (byte*,int,string)
UnityEngine.StackTraceUtility:ExtractStackTrace () (at /Users/bokken/build/output/unity/unity/Runtime/Export/Scripting/StackTrace.cs:35)
UnityEditor.SceneManagement.EditorSceneManager:OpenScene (string,UnityEditor.SceneManagement.OpenSceneMode)
PerfBenchmark:Tick () (at Assets/Editor/Perf/PerfBenchmark.cs:63)
UnityEditor.EditorApplication:Internal_CallUpdateFunctions () (at /Users/bokken/build/output/unity/unity/Editor/Mono/EditorApplication.cs:403)

[Assets/Editor/Perf/PerfBenchmark.cs line 63]

Loaded scene 'Assets/Scenes/Beginner Level 01.unity'
	Deserialize:            16.084 ms
	Integration:            489.516 ms
	Integration of assets:  0.244 ms
	Thread Wait Time:       0.003 ms
	Total Operation Time:   505.846 ms
Unloading 6 unused Assets / (8.3 KB). Loaded Objects now: 21656.
Memory consumption went from 334.0 MB to 334.0 MB.
Total: 9.671875 ms (FindLiveObjects: 0.609583 ms CreateObjectMapping: 1.332334 ms MarkObjects: 7.660125 ms  DeleteObjects: 0.069542 ms)

Start Indexing on Editor startup
[Indexing] Starting Initial Indexing for Assets
Thread 0x70490c7000 may have been prematurely finalized
Reloading assemblies for play mode.
Reloading assemblies after forced synchronous recompile.
Begin MonoManager ReloadAssembly
2026-10-04 15:00:53.333 Unity[83186:16800974] NSEventModifierFlagFunction specified to -setKeyEquivalentModifierMask: for item <NSMenuItem: 0x7699781040 SDF, ke='Command-F12'>, but is only supported for system-provided menu items; will not be used
2026-10-04 15:00:53.337 Unity[83186:16800974] NSEventModifierFlagFunction specified to -setKeyEquivalentModifierMask: for item <NSMenuItem: 0x7699783ac0 SDF, ke='Command-F12'>, but is only supported for system-provided menu items; will not be used
2026-10-04 15:00:53.340 Unity[83186:16800974] NSEventModifierFlagFunction specified to -setKeyEquivalentModifierMask: for item <NSMenuItem: 0x769977e620 SDF, ke='Command-F12'>, but is only supported for system-provided menu items; will not be used
2026-10-04 15:00:53.344 Unity[83186:16800974] NSEventModifierFlagFunction specified to -setKeyEquivalentModifierMask: for item <NSMenuItem: 0x7699757340 SDF, ke='Command-F12'>, but is only supported for system-provided menu items; will not be used
Symbol file LoadedFromMemory is not a mono symbol file
Serialized reference type mismatch: field 'shootingPoints' expects 'ShootingPointReference' but the stored reference is a 'GameObject'. The reference is treated as null (and serialized as null in player builds). Re-assign the field in the Inspector to fix it.
Serialized reference type mismatch: field 'shootingPoints' expects 'ShootingPointReference' but the stored reference is a 'GameObject'. The reference is treated as null (and serialized as null in player builds). Re-assign the field in the Inspector to fix it.
Serialized reference type mismatch: field 'shootingPoints' expects 'ShootingPointReference' but the stored reference is a 'GameObject'. The reference is treated as null (and serialized as null in player builds). Re-assign the field in the Inspector to fix it.
Serialized reference type mismatch: field 'shootingPoints' expects 'ShootingPointReference' but the stored reference is a 'GameObject'. The reference is treated as null (and serialized as null in player builds). Re-assign the field in the Inspector to fix it.
Serialized reference type mismatch: field 'shootingPoints' expects 'ShootingPointReference' but the stored reference is a 'GameObject'. The reference is treated as null (and serialized as null in player builds). Re-assign the field in the Inspector to fix it.
Serialized reference type mismatch: field 'shootingPoints' expects 'ShootingPointReference' but the stored reference is a 'GameObject'. The reference is treated as null (and serialized as null in player builds). Re-assign the field in the Inspector to fix it.
Serialized reference type mismatch: field 'shootingPoints' expects 'ShootingPointReference' but the stored reference is a 'GameObject'. The reference is treated as null (and serialized as null in player builds). Re-assign the field in the Inspector to fix it.
Native extension for LinuxStandalone target not found
Native extension for iOS target not found
Native extension for Android target not found
Native extension for WindowsStandalone target not found
Native extension for OSXStandalone target not found
Native extension for WebGL target not found
ScheduleIndexationOnStartup MainProcess:True IndexOnStartup:True
Mono: successfully reloaded assembly
- Finished resetting the current domain, in  0.517 seconds
Domain Reload Profiling: 1056ms
	BeginReloadAssembly (419ms)
		DisableScriptedObjects (82ms)
		CreateAndSetChildDomain (265ms)
	RebuildCommonClasses (5ms)
	RebuildNativeTypeToScriptingClass (8ms)
	initialDomainReloadingComplete (20ms)
	LoadAllAssembliesAndSetupDomain (86ms)
		LoadAssemblies (44ms)
		AnalyzeDomain (19ms)
			TypeCache.Refresh (5ms)
			ResolveRequiredComponents (12ms)
	FinalizeReload (517ms)
		SetupLoadedEditorAssemblies (0ms)
			InitializePlatformSupportModulesInManaged (9ms)
			BeforeProcessingInitializeOnLoad (39ms)
			ProcessInitializeOnLoadAttributes (174ms)
			ProcessInitializeOnLoadMethodAttributes (50ms)
		AwakeInstancesAfterBackupRestoration (58ms)
No restricted APIs configured; Validation skipped.
Checking 20 assemblies for restricted APIs found 0 usage(s) in 2 ms

Asset Pipeline Refresh (id=7f1a3156ba0b94ce7acd2963d5544a14): Total: 1.901 seconds - Initiated by StopAssetImportingV2(ForceSynchronousImport | ForceDomainReload)
	(Values over 0.05ms)
	Summary:
		Imports: total=0 (actual=0, local cache=0, cache server=0)
		Asset DB Process Time: managed=0 ms, native=805 ms
		Asset DB Callback time: managed=441 ms, native=102 ms
		Scripting: domain reloads=1, domain reload time=551 ms, compile time=1 ms, other=0 ms
		Project Asset Count: scripts=1963, non-scripts=12974
		Asset File Changes: new=0, changed=0, moved=0, deleted=0
		Scan Filter Count: 0
	InvokePackagesCallback: 0.703ms
	ApplyChangesToAssetFolders: 0.180ms
	Collect global state as custom dependencies: 1.143ms
	ProcessAssetsWithTransientArtifactChanges: 75.958ms
	CategorizeAssets: 100.837ms
	CompileScripts: 0.554ms
	ImportOutOfDateAssets: 605.252ms (528.558ms without children)
		CollectScriptTypesHashes: 1.169ms
		ReloadNativeAssets: 0.896ms
		UnloadImportedAssets: 0.094ms
		EnsureUptoDateAssetsAreRegisteredWithGuidPM: 1.106ms
		ImportSchedulerStart: 74.577ms
	PostProcessAllAssets: 536.023ms
		PostProcessCallbackCreateDeferredMaterials 19.050ms
		AssemblyValidation.PostprocessAllAssets 14.837ms
		ShaderAssetModifiedCallback 9.117ms
		RaytracingShaderImportPostprocess 5.707ms
		ComputeShaderImportPostprocess 5.048ms
		SpeedTreeImporter.PostprocessAllAssets 4.710ms
		BlockShaderImporter.PostprocessAllAssets 2.660ms
		LocalizationDatabase.AssetDatabasePostprocessCallback 2.174ms
		XRBuildSystem.XRAssetImported 0.055ms
		MonoPostProcessAllAssets: 440.838ms
			SyncVS.PostprocessSyncProject 123.459ms
			AssetPostprocessor.OnPostprocessAllAssets 98.319ms
			ShaderGraphAssetPostProcessor.OnPostprocessAllAssets 85.679ms
			PostProcessor.OnPostprocessAllAssets 21.559ms
			VFXGraphPreprocessor.OnPostprocessAllAssets 16.296ms
			MaterialPostprocessor.OnPostprocessAllAssets 15.514ms
			TextAssetPostProcessor.OnPostprocessAllAssets 10.890ms
			SpriteSlicePostprocessor.OnPostprocessAllAssets 10.633ms
			StyleCatalogPostProcessor.OnPostprocessAllAssets 9.955ms
			AssetChangedListener.OnPostprocessAllAssets 7.099ms
			UniversalRenderPipelineGlobalSettingsPostprocessor.OnPostprocessAllAssets 5.472ms
			BuilderAssetPostprocessor.OnPostprocessAllAssets 3.680ms
			RenderPipelineGlobalSettingsPostprocessor.OnPostprocessAllAssets 2.148ms
			SpeedTree9Postprocessor.OnPostprocessAllAssets 1.708ms
			RetainedModeAssetPostprocessor.OnPostprocessAllAssets 0.955ms
			WindowAssetPostprocessingWatcher.OnPostprocessAllAssets 0.882ms
			SpriteEditorTexturePostprocessor.OnPostprocessAllAssets 0.745ms
			UVCSAssetPostprocessor.OnPostprocessAllAssets 0.486ms
			ArtifactBrowserPostProcessor.OnPostprocessAllAssets 0.259ms
			ShaderReflectionAssetPostProcessor.OnPostprocessAllAssets 0.177ms
			SpeedTreePostProcessor.OnPostprocessAllAssets 0.162ms
			SampleDependencyImporterPostProcessor.OnPostprocessAllAssets 0.157ms
			EditModeScopePostprocessor.OnPostprocessAllAssets 0.148ms
			AudioMixerPostprocessor.OnPostprocessAllAssets 0.139ms
			TMPro_TexturePostProcessor.OnPostprocessAllAssets 0.130ms
			ReferencedClipsPostProcessor.OnPostprocessAllAssets 0.115ms
			AssetEvents.OnPostprocessAllAssets 0.115ms
			SamplePostprocessor.OnPostprocessAllAssets 0.104ms
			TerrainToolbarOverlayPostProcessor.OnPostprocessAllAssets 0.094ms
			AssetDatabaseCallbacks.OnPostprocessAllAssets 0.065ms
			ConfigAssetsTracker.OnPostprocessAllAssets 0.051ms
	PostAssetChangesProfiler: 7.130ms
	GatherAllCurrentPrimaryImportResultRevisions: 0.244ms
	UnloadStreamsBegin: 2.308ms
	PersistCurrentRevisions: 0.299ms
	GenerateScriptTypeHashes: 3.507ms
	GenerateScriptTypeSerializationHashes: 5.381ms
	Untracked: 567.885ms

LightingSettings: switching bake backend from 2 to 1.
Loaded scene 'Temp/__Backupscenes/0.backup'
	Deserialize:            42.044 ms
	Integration:            203.593 ms
	Integration of assets:  1.995 ms
	Thread Wait Time:       -0.000 ms
	Total Operation Time:   247.632 ms
PERF RUN S1-1x (mixed, 1x, round 100)
UnityEngine.Debug:ExtractStackTraceNoAlloc (byte*,int,string)
UnityEngine.StackTraceUtility:ExtractStackTrace () (at /Users/bokken/build/output/unity/unity/Runtime/Export/Scripting/StackTrace.cs:35)
UnityEngine.DebugLogHandler:Internal_Log (UnityEngine.LogType,UnityEngine.LogOption,string,UnityEngine.Object)
UnityEngine.DebugLogHandler:LogFormat (UnityEngine.LogType,UnityEngine.Object,string,object[])
UnityEngine.Logger:Log (UnityEngine.LogType,object)
UnityEngine.Debug:Log (object)
PerfScenario/<RunOne>d__41:MoveNext () (at Assets/Scripts/Diagnostics/PerfScenario.cs:276)
UnityEngine.SetupCoroutine:InvokeMoveNext (System.Collections.IEnumerator,intptr) (at /Users/bokken/build/output/unity/unity/Runtime/Export/Scripting/Coroutines.cs:17)

(Filename: Assets/Scripts/Diagnostics/PerfScenario.cs Line: 276)

LightingSettings: switching bake backend from 2 to 1.
Unloading 65 Unused Serialized files (Serialized files now loaded: 0)
Created GICache directory at /Users/philipp/Library/Caches/com.unity3d.UnityEditor/GiCache. Took: 0.002s, timestamps: [7.036 - 7.038]
[MODES] ModeService[none].Initialize
[MODES] ModeService[none].LoadModes
[Licensing::Client] Successfully resolved entitlement details
[Licensing::Client] Successfully resolved entitlement details
UnloadTime: 7.911792 ms
Loaded scene 'Temp/__Backupscenes/0.backup'
	Deserialize:            36.244 ms
	Integration:            166.981 ms
	Integration of assets:  0.001 ms
	Thread Wait Time:       146.129 ms
	Total Operation Time:   349.355 ms
Unloading 8522 unused Assets / (4.8 MB). Loaded Objects now: 18083.
Memory consumption went from 350.7 MB to 345.9 MB.
Total: 13.856833 ms (FindLiveObjects: 0.640125 ms CreateObjectMapping: 2.066125 ms MarkObjects: 8.196583 ms  DeleteObjects: 2.953667 ms)

Couldn't create a Convex Mesh from source mesh, within the maximum polygons limit (256). The partial hull will be used. Consider simplifying your mesh. Source mesh name: default
UnityEngine.Debug:ExtractStackTraceNoAlloc (byte*,int,string)
UnityEngine.StackTraceUtility:ExtractStackTrace () (at /Users/bokken/build/output/unity/unity/Runtime/Export/Scripting/StackTrace.cs:35)
UnityEngine.Object:Internal_InstantiateSingle (UnityEngine.Object,UnityEngine.Vector3,UnityEngine.Quaternion)
UnityEngine.Object:Instantiate (UnityEngine.Object,UnityEngine.Vector3,UnityEngine.Quaternion) (at /Users/bokken/build/output/unity/unity/Runtime/Export/Scripting/UnityEngineObject.bindings.cs:534)
UnityEngine.Object:Instantiate<UnityEngine.GameObject> (UnityEngine.GameObject,UnityEngine.Vector3,UnityEngine.Quaternion) (at /Users/bokken/build/output/unity/unity/Runtime/Export/Scripting/UnityEngineObject.bindings.cs:681)
PerfScenario:BuildOnBlock (UnityEngine.GameObject,UnityEngine.GameObject,UnityEngine.Vector3) (at Assets/Scripts/Diagnostics/PerfScenario.cs:629)
PerfScenario/<RunOne>d__41:MoveNext () (at Assets/Scripts/Diagnostics/PerfScenario.cs:310)
UnityEngine.SetupCoroutine:InvokeMoveNext (System.Collections.IEnumerator,intptr) (at /Users/bokken/build/output/unity/unity/Runtime/Export/Scripting/Coroutines.cs:17)

[/Users/bokken/build/output/unity/unity/Runtime/Export/Scripting/StackTrace.cs line 35]

PERF layout S1-1x: 154 block spots, 43 towers planned, 43 built
UnityEngine.Debug:ExtractStackTraceNoAlloc (byte*,int,string)
UnityEngine.StackTraceUtility:ExtractStackTrace () (at /Users/bokken/build/output/unity/unity/Runtime/Export/Scripting/StackTrace.cs:35)
UnityEngine.DebugLogHandler:Internal_Log (UnityEngine.LogType,UnityEngine.LogOption,string,UnityEngine.Object)
UnityEngine.DebugLogHandler:LogFormat (UnityEngine.LogType,UnityEngine.Object,string,object[])
UnityEngine.Logger:Log (UnityEngine.LogType,object)
UnityEngine.Debug:Log (object)
PerfScenario/<RunOne>d__41:MoveNext () (at Assets/Scripts/Diagnostics/PerfScenario.cs:318)
UnityEngine.SetupCoroutine:InvokeMoveNext (System.Collections.IEnumerator,intptr) (at /Users/bokken/build/output/unity/unity/Runtime/Export/Scripting/Coroutines.cs:17)

(Filename: Assets/Scripts/Diagnostics/PerfScenario.cs Line: 318)

EffectPlayer: LaserMuzzleBlue plays batched one-shot
UnityEngine.Debug:ExtractStackTraceNoAlloc (byte*,int,string)
UnityEngine.StackTraceUtility:ExtractStackTrace () (at /Users/bokken/build/output/unity/unity/Runtime/Export/Scripting/StackTrace.cs:35)
UnityEngine.DebugLogHandler:Internal_Log (UnityEngine.LogType,UnityEngine.LogOption,string,UnityEngine.Object)
UnityEngine.DebugLogHandler:LogFormat (UnityEngine.LogType,UnityEngine.Object,string,object[])
UnityEngine.Logger:Log (UnityEngine.LogType,object)
UnityEngine.Debug:Log (object)
EffectPlayer:LogBackend (UnityEngine.GameObject,string) (at Assets/Scripts/Effects/EffectPlayer.cs:93)
EffectPool:PlayOneShot (UnityEngine.Vector3,UnityEngine.Quaternion,single,single,single) (at Assets/Scripts/Effects/EffectPool.cs:65)
EffectPlayer:Play (UnityEngine.GameObject,UnityEngine.Vector3,UnityEngine.Quaternion,single,single,single) (at Assets/Scripts/Effects/EffectPlayer.cs:77)
ProjectileSystem:Spawn (ProjectileArchetype,ProjectileSystem/Shot&,int,single) (at Assets/Scripts/Combat/ProjectileSystem.cs:221)
ProjectileSystem:Fire (UnityEngine.GameObject,ProjectileSystem/Shot&) (at Assets/Scripts/Combat/ProjectileSystem.cs:166)
LaserTowerActionStrategy:FireVolley (single) (at Assets/Scripts/Tower/ActionStrategies/LaserTowerActionStrategy.cs:83)
LaserTowerActionStrategy:ExecuteAction () (at Assets/Scripts/Tower/ActionStrategies/LaserTowerActionStrategy.cs:38)
Tower:Update () (at Assets/Scripts/Entities/Tower.cs:89)

(Filename: Assets/Scripts/Effects/EffectPlayer.cs Line: 93)

EffectPlayer: LaserBlue plays batched flight
UnityEngine.Debug:ExtractStackTraceNoAlloc (byte*,int,string)
UnityEngine.StackTraceUtility:ExtractStackTrace () (at /Users/bokken/build/output/unity/unity/Runtime/Export/Scripting/StackTrace.cs:35)
UnityEngine.DebugLogHandler:Internal_Log (UnityEngine.LogType,UnityEngine.LogOption,string,UnityEngine.Object)
UnityEngine.DebugLogHandler:LogFormat (UnityEngine.LogType,UnityEngine.Object,string,object[])
UnityEngine.Logger:Log (UnityEngine.LogType,object)
UnityEngine.Debug:Log (object)
EffectPlayer:LogBackend (UnityEngine.GameObject,string) (at Assets/Scripts/Effects/EffectPlayer.cs:93)
EffectPool:Attach (UnityEngine.Vector3,UnityEngine.Quaternion,single) (at Assets/Scripts/Effects/EffectPool.cs:90)
EffectPlayer:Attach (UnityEngine.GameObject,UnityEngine.Vector3,UnityEngine.Quaternion,single) (at Assets/Scripts/Effects/EffectPlayer.cs:87)
ProjectileSystem:Spawn (ProjectileArchetype,ProjectileSystem/Shot&,int,single) (at Assets/Scripts/Combat/ProjectileSystem.cs:222)
ProjectileSystem:Fire (UnityEngine.GameObject,ProjectileSystem/Shot&) (at Assets/Scripts/Combat/ProjectileSystem.cs:166)
LaserTowerActionStrategy:FireVolley (single) (at Assets/Scripts/Tower/ActionStrategies/LaserTowerActionStrategy.cs:83)
LaserTowerActionStrategy:ExecuteAction () (at Assets/Scripts/Tower/ActionStrategies/LaserTowerActionStrategy.cs:38)
Tower:Update () (at Assets/Scripts/Entities/Tower.cs:89)

(Filename: Assets/Scripts/Effects/EffectPlayer.cs Line: 93)

EffectPlayer: RocketMuzzleGreen plays pooled one-shot
UnityEngine.Debug:ExtractStackTraceNoAlloc (byte*,int,string)
UnityEngine.StackTraceUtility:ExtractStackTrace () (at /Users/bokken/build/output/unity/unity/Runtime/Export/Scripting/StackTrace.cs:35)
UnityEngine.DebugLogHandler:Internal_Log (UnityEngine.LogType,UnityEngine.LogOption,string,UnityEngine.Object)
UnityEngine.DebugLogHandler:LogFormat (UnityEngine.LogType,UnityEngine.Object,string,object[])
UnityEngine.Logger:Log (UnityEngine.LogType,object)
UnityEngine.Debug:Log (object)
EffectPlayer:LogBackend (UnityEngine.GameObject,string) (at Assets/Scripts/Effects/EffectPlayer.cs:93)
EffectPool:PlayOneShot (UnityEngine.Vector3,UnityEngine.Quaternion,single,single,single) (at Assets/Scripts/Effects/EffectPool.cs:65)
EffectPlayer:Play (UnityEngine.GameObject,UnityEngine.Vector3,UnityEngine.Quaternion,single,single,single) (at Assets/Scripts/Effects/EffectPlayer.cs:77)
ProjectileSystem:Spawn (ProjectileArchetype,ProjectileSystem/Shot&,int,single) (at Assets/Scripts/Combat/ProjectileSystem.cs:221)
ProjectileSystem:Fire (UnityEngine.GameObject,ProjectileSystem/Shot&) (at Assets/Scripts/Combat/ProjectileSystem.cs:166)
BombTowerActionStrategy:FireVolley (single) (at Assets/Scripts/Tower/ActionStrategies/BombTowerActionStrategy.cs:70)
BombTowerActionStrategy:ExecuteAction () (at Assets/Scripts/Tower/ActionStrategies/BombTowerActionStrategy.cs:41)
Tower:Update () (at Assets/Scripts/Entities/Tower.cs:89)

(Filename: Assets/Scripts/Effects/EffectPlayer.cs Line: 93)

EffectPlayer: RocketMissileGreen plays batched flight
UnityEngine.Debug:ExtractStackTraceNoAlloc (byte*,int,string)
UnityEngine.StackTraceUtility:ExtractStackTrace () (at /Users/bokken/build/output/unity/unity/Runtime/Export/Scripting/StackTrace.cs:35)
UnityEngine.DebugLogHandler:Internal_Log (UnityEngine.LogType,UnityEngine.LogOption,string,UnityEngine.Object)
UnityEngine.DebugLogHandler:LogFormat (UnityEngine.LogType,UnityEngine.Object,string,object[])
UnityEngine.Logger:Log (UnityEngine.LogType,object)
UnityEngine.Debug:Log (object)
EffectPlayer:LogBackend (UnityEngine.GameObject,string) (at Assets/Scripts/Effects/EffectPlayer.cs:93)
EffectPool:Attach (UnityEngine.Vector3,UnityEngine.Quaternion,single) (at Assets/Scripts/Effects/EffectPool.cs:90)
EffectPlayer:Attach (UnityEngine.GameObject,UnityEngine.Vector3,UnityEngine.Quaternion,single) (at Assets/Scripts/Effects/EffectPlayer.cs:87)
ProjectileSystem:Spawn (ProjectileArchetype,ProjectileSystem/Shot&,int,single) (at Assets/Scripts/Combat/ProjectileSystem.cs:222)
ProjectileSystem:Fire (UnityEngine.GameObject,ProjectileSystem/Shot&) (at Assets/Scripts/Combat/ProjectileSystem.cs:166)
BombTowerActionStrategy:FireVolley (single) (at Assets/Scripts/Tower/ActionStrategies/BombTowerActionStrategy.cs:70)
BombTowerActionStrategy:ExecuteAction () (at Assets/Scripts/Tower/ActionStrategies/BombTowerActionStrategy.cs:41)
Tower:Update () (at Assets/Scripts/Entities/Tower.cs:89)

(Filename: Assets/Scripts/Effects/EffectPlayer.cs Line: 93)

EffectPlayer: GrenadeMuzzleRed plays pooled one-shot
UnityEngine.Debug:ExtractStackTraceNoAlloc (byte*,int,string)
UnityEngine.StackTraceUtility:ExtractStackTrace () (at /Users/bokken/build/output/unity/unity/Runtime/Export/Scripting/StackTrace.cs:35)
UnityEngine.DebugLogHandler:Internal_Log (UnityEngine.LogType,UnityEngine.LogOption,string,UnityEngine.Object)
UnityEngine.DebugLogHandler:LogFormat (UnityEngine.LogType,UnityEngine.Object,string,object[])
UnityEngine.Logger:Log (UnityEngine.LogType,object)
UnityEngine.Debug:Log (object)
EffectPlayer:LogBackend (UnityEngine.GameObject,string) (at Assets/Scripts/Effects/EffectPlayer.cs:93)
EffectPool:PlayOneShot (UnityEngine.Vector3,UnityEngine.Quaternion,single,single,single) (at Assets/Scripts/Effects/EffectPool.cs:65)
EffectPlayer:Play (UnityEngine.GameObject,UnityEngine.Vector3,UnityEngine.Quaternion,single,single,single) (at Assets/Scripts/Effects/EffectPlayer.cs:77)
MineFactoryActionStrategy:SpawnEffect (UnityEngine.GameObject,UnityEngine.Vector3,single,single) (at Assets/Scripts/Tower/ActionStrategies/MineFactoryActionStrategy.cs:583)
MineFactoryActionStrategy:LaunchMine () (at Assets/Scripts/Tower/ActionStrategies/MineFactoryActionStrategy.cs:217)
MineFactoryActionStrategy:Produce (single) (at Assets/Scripts/Tower/ActionStrategies/MineFactoryActionStrategy.cs:190)
MineFactoryActionStrategy:ExecuteAction () (at Assets/Scripts/Tower/ActionStrategies/MineFactoryActionStrategy.cs:162)
Tower:Update () (at Assets/Scripts/Entities/Tower.cs:89)

(Filename: Assets/Scripts/Effects/EffectPlayer.cs Line: 93)

EffectPlayer: LaserExplosionBlue plays batched one-shot
UnityEngine.Debug:ExtractStackTraceNoAlloc (byte*,int,string)
UnityEngine.StackTraceUtility:ExtractStackTrace () (at /Users/bokken/build/output/unity/unity/Runtime/Export/Scripting/StackTrace.cs:35)
UnityEngine.DebugLogHandler:Internal_Log (UnityEngine.LogType,UnityEngine.LogOption,string,UnityEngine.Object)
UnityEngine.DebugLogHandler:LogFormat (UnityEngine.LogType,UnityEngine.Object,string,object[])
UnityEngine.Logger:Log (UnityEngine.LogType,object)
UnityEngine.Debug:Log (object)
EffectPlayer:LogBackend (UnityEngine.GameObject,string) (at Assets/Scripts/Effects/EffectPlayer.cs:93)
EffectPool:PlayOneShot (UnityEngine.Vector3,UnityEngine.Quaternion,single,single,single) (at Assets/Scripts/Effects/EffectPool.cs:65)
EffectPlayer:Play (UnityEngine.GameObject,UnityEngine.Vector3,UnityEngine.Quaternion,single,single,single) (at Assets/Scripts/Effects/EffectPlayer.cs:77)
ProjectileSystem:Apply (int) (at Assets/Scripts/Combat/ProjectileSystem.cs:324)
ProjectileSystem:Update () (at Assets/Scripts/Combat/ProjectileSystem.cs:274)

(Filename: Assets/Scripts/Effects/EffectPlayer.cs Line: 93)

EffectPlayer: RocketExplosionGreen plays pooled one-shot
UnityEngine.Debug:ExtractStackTraceNoAlloc (byte*,int,string)
UnityEngine.StackTraceUtility:ExtractStackTrace () (at /Users/bokken/build/output/unity/unity/Runtime/Export/Scripting/StackTrace.cs:35)
UnityEngine.DebugLogHandler:Internal_Log (UnityEngine.LogType,UnityEngine.LogOption,string,UnityEngine.Object)
UnityEngine.DebugLogHandler:LogFormat (UnityEngine.LogType,UnityEngine.Object,string,object[])
UnityEngine.Logger:Log (UnityEngine.LogType,object)
UnityEngine.Debug:Log (object)
EffectPlayer:LogBackend (UnityEngine.GameObject,string) (at Assets/Scripts/Effects/EffectPlayer.cs:93)
EffectPool:PlayOneShot (UnityEngine.Vector3,UnityEngine.Quaternion,single,single,single) (at Assets/Scripts/Effects/EffectPool.cs:65)
EffectPlayer:Play (UnityEngine.GameObject,UnityEngine.Vector3,UnityEngine.Quaternion,single,single,single) (at Assets/Scripts/Effects/EffectPlayer.cs:77)
ProjectileSystem:Explode (ProjectileSystem/State&,ProjectileArchetype,Tower,Unity.Mathematics.float3,single) (at Assets/Scripts/Combat/ProjectileSystem.cs:409)
ProjectileSystem:Apply (int) (at Assets/Scripts/Combat/ProjectileSystem.cs:331)
ProjectileSystem:Update () (at Assets/Scripts/Combat/ProjectileSystem.cs:274)

(Filename: Assets/Scripts/Effects/EffectPlayer.cs Line: 93)

[remote] error: Init socket failed
EffectPlayer: GrenadeExplosionGreen plays pooled one-shot
UnityEngine.Debug:ExtractStackTraceNoAlloc (byte*,int,string)
UnityEngine.StackTraceUtility:ExtractStackTrace () (at /Users/bokken/build/output/unity/unity/Runtime/Export/Scripting/StackTrace.cs:35)
UnityEngine.DebugLogHandler:Internal_Log (UnityEngine.LogType,UnityEngine.LogOption,string,UnityEngine.Object)
UnityEngine.DebugLogHandler:LogFormat (UnityEngine.LogType,UnityEngine.Object,string,object[])
UnityEngine.Logger:Log (UnityEngine.LogType,object)
UnityEngine.Debug:Log (object)
EffectPlayer:LogBackend (UnityEngine.GameObject,string) (at Assets/Scripts/Effects/EffectPlayer.cs:93)
EffectPool:PlayOneShot (UnityEngine.Vector3,UnityEngine.Quaternion,single,single,single) (at Assets/Scripts/Effects/EffectPool.cs:65)
EffectPlayer:Play (UnityEngine.GameObject,UnityEngine.Vector3,UnityEngine.Quaternion,single,single,single) (at Assets/Scripts/Effects/EffectPlayer.cs:77)
ProjectileSystem:Apply (int) (at Assets/Scripts/Combat/ProjectileSystem.cs:337)
ProjectileSystem:Update () (at Assets/Scripts/Combat/ProjectileSystem.cs:274)

(Filename: Assets/Scripts/Effects/EffectPlayer.cs Line: 93)

EffectPlayer: RocketExplosionRed plays pooled one-shot
UnityEngine.Debug:ExtractStackTraceNoAlloc (byte*,int,string)
UnityEngine.StackTraceUtility:ExtractStackTrace () (at /Users/bokken/build/output/unity/unity/Runtime/Export/Scripting/StackTrace.cs:35)
UnityEngine.DebugLogHandler:Internal_Log (UnityEngine.LogType,UnityEngine.LogOption,string,UnityEngine.Object)
UnityEngine.DebugLogHandler:LogFormat (UnityEngine.LogType,UnityEngine.Object,string,object[])
UnityEngine.Logger:Log (UnityEngine.LogType,object)
UnityEngine.Debug:Log (object)
EffectPlayer:LogBackend (UnityEngine.GameObject,string) (at Assets/Scripts/Effects/EffectPlayer.cs:93)
EffectPool:PlayOneShot (UnityEngine.Vector3,UnityEngine.Quaternion,single,single,single) (at Assets/Scripts/Effects/EffectPool.cs:65)
EffectPlayer:Play (UnityEngine.GameObject,UnityEngine.Vector3,UnityEngine.Quaternion,single,single,single) (at Assets/Scripts/Effects/EffectPlayer.cs:77)
MineFactoryActionStrategy:SpawnEffect (UnityEngine.GameObject,UnityEngine.Vector3,single,single) (at Assets/Scripts/Tower/ActionStrategies/MineFactoryActionStrategy.cs:583)
MineFactoryActionStrategy:Blast (UnityEngine.Vector3,single,single,UnityEngine.GameObject,single) (at Assets/Scripts/Tower/ActionStrategies/MineFactoryActionStrategy.cs:564)
MineFactoryActionStrategy:Detonate (Mine) (at Assets/Scripts/Tower/ActionStrategies/MineFactoryActionStrategy.cs:522)
MineFactoryActionStrategy:CheckContacts (single) (at Assets/Scripts/Tower/ActionStrategies/MineFactoryActionStrategy.cs:500)
MineFactoryActionStrategy:ExecuteAction () (at Assets/Scripts/Tower/ActionStrategies/MineFactoryActionStrategy.cs:160)
Tower:Update () (at Assets/Scripts/Entities/Tower.cs:89)

(Filename: Assets/Scripts/Effects/EffectPlayer.cs Line: 93)

EffectPlayer: MiniExploLava plays batched one-shot
UnityEngine.Debug:ExtractStackTraceNoAlloc (byte*,int,string)
UnityEngine.StackTraceUtility:ExtractStackTrace () (at /Users/bokken/build/output/unity/unity/Runtime/Export/Scripting/StackTrace.cs:35)
UnityEngine.DebugLogHandler:Internal_Log (UnityEngine.LogType,UnityEngine.LogOption,string,UnityEngine.Object)
UnityEngine.DebugLogHandler:LogFormat (UnityEngine.LogType,UnityEngine.Object,string,object[])
UnityEngine.Logger:Log (UnityEngine.LogType,object)
UnityEngine.Debug:Log (object)
EffectPlayer:LogBackend (UnityEngine.GameObject,string) (at Assets/Scripts/Effects/EffectPlayer.cs:93)
EffectPool:PlayOneShot (UnityEngine.Vector3,UnityEngine.Quaternion,single,single,single) (at Assets/Scripts/Effects/EffectPool.cs:65)
EffectPlayer:Play (UnityEngine.GameObject,UnityEngine.Vector3,UnityEngine.Quaternion,single,single,single) (at Assets/Scripts/Effects/EffectPlayer.cs:77)
MineFactoryActionStrategy:SpawnEffect (UnityEngine.GameObject,UnityEngine.Vector3,single,single) (at Assets/Scripts/Tower/ActionStrategies/MineFactoryActionStrategy.cs:583)
MineFactoryActionStrategy:Blast (UnityEngine.Vector3,single,single,UnityEngine.GameObject,single) (at Assets/Scripts/Tower/ActionStrategies/MineFactoryActionStrategy.cs:564)
MineFactoryActionStrategy:UpdatePendingBlasts (single) (at Assets/Scripts/Tower/ActionStrategies/MineFactoryActionStrategy.cs:558)
MineFactoryActionStrategy:ExecuteAction () (at Assets/Scripts/Tower/ActionStrategies/MineFactoryActionStrategy.cs:161)
Tower:Update () (at Assets/Scripts/Entities/Tower.cs:89)

(Filename: Assets/Scripts/Effects/EffectPlayer.cs Line: 93)

EffectPlayer: BuffYellow plays pooled one-shot
UnityEngine.Debug:ExtractStackTraceNoAlloc (byte*,int,string)
UnityEngine.StackTraceUtility:ExtractStackTrace () (at /Users/bokken/build/output/unity/unity/Runtime/Export/Scripting/StackTrace.cs:35)
UnityEngine.DebugLogHandler:Internal_Log (UnityEngine.LogType,UnityEngine.LogOption,string,UnityEngine.Object)
UnityEngine.DebugLogHandler:LogFormat (UnityEngine.LogType,UnityEngine.Object,string,object[])
UnityEngine.Logger:Log (UnityEngine.LogType,object)
UnityEngine.Debug:Log (object)
EffectPlayer:LogBackend (UnityEngine.GameObject,string) (at Assets/Scripts/Effects/EffectPlayer.cs:93)
EffectPool:PlayOneShot (UnityEngine.Vector3,UnityEngine.Quaternion,single,single,single) (at Assets/Scripts/Effects/EffectPool.cs:65)
EffectPlayer:Play (UnityEngine.GameObject,UnityEngine.Vector3,UnityEngine.Quaternion,single,single,single) (at Assets/Scripts/Effects/EffectPlayer.cs:77)
MineFactoryActionStrategy:SpawnEffect (UnityEngine.GameObject,UnityEngine.Vector3,single,single) (at Assets/Scripts/Tower/ActionStrategies/MineFactoryActionStrategy.cs:583)
MineFactoryActionStrategy:ScrapMine () (at Assets/Scripts/Tower/ActionStrategies/MineFactoryActionStrategy.cs:229)
MineFactoryActionStrategy:Produce (single) (at Assets/Scripts/Tower/ActionStrategies/MineFactoryActionStrategy.cs:192)
MineFactoryActionStrategy:ExecuteAction () (at Assets/Scripts/Tower/ActionStrategies/MineFactoryActionStrategy.cs:162)
Tower:Update () (at Assets/Scripts/Entities/Tower.cs:89)

(Filename: Assets/Scripts/Effects/EffectPlayer.cs Line: 93)

EffectPlayer: GrenadeExplosionRed plays pooled one-shot
UnityEngine.Debug:ExtractStackTraceNoAlloc (byte*,int,string)
UnityEngine.StackTraceUtility:ExtractStackTrace () (at /Users/bokken/build/output/unity/unity/Runtime/Export/Scripting/StackTrace.cs:35)
UnityEngine.DebugLogHandler:Internal_Log (UnityEngine.LogType,UnityEngine.LogOption,string,UnityEngine.Object)
UnityEngine.DebugLogHandler:LogFormat (UnityEngine.LogType,UnityEngine.Object,string,object[])
UnityEngine.Logger:Log (UnityEngine.LogType,object)
UnityEngine.Debug:Log (object)
EffectPlayer:LogBackend (UnityEngine.GameObject,string) (at Assets/Scripts/Effects/EffectPlayer.cs:93)
EffectPool:PlayOneShot (UnityEngine.Vector3,UnityEngine.Quaternion,single,single,single) (at Assets/Scripts/Effects/EffectPool.cs:65)
EffectPlayer:Play (UnityEngine.GameObject,UnityEngine.Vector3,UnityEngine.Quaternion,single,single,single) (at Assets/Scripts/Effects/EffectPlayer.cs:77)
MineFactoryActionStrategy:SpawnEffect (UnityEngine.GameObject,UnityEngine.Vector3,single,single) (at Assets/Scripts/Tower/ActionStrategies/MineFactoryActionStrategy.cs:583)
MineFactoryActionStrategy:Blast (UnityEngine.Vector3,single,single,UnityEngine.GameObject,single) (at Assets/Scripts/Tower/ActionStrategies/MineFactoryActionStrategy.cs:564)
MineFactoryActionStrategy:Detonate (Mine) (at Assets/Scripts/Tower/ActionStrategies/MineFactoryActionStrategy.cs:522)
MineFactoryActionStrategy:CheckContacts (single) (at Assets/Scripts/Tower/ActionStrategies/MineFactoryActionStrategy.cs:500)
MineFactoryActionStrategy:ExecuteAction () (at Assets/Scripts/Tower/ActionStrategies/MineFactoryActionStrategy.cs:160)
Tower:Update () (at Assets/Scripts/Entities/Tower.cs:89)

(Filename: Assets/Scripts/Effects/EffectPlayer.cs Line: 93)

EffectPlayer: MiniExploFire plays pooled one-shot
UnityEngine.Debug:ExtractStackTraceNoAlloc (byte*,int,string)
UnityEngine.StackTraceUtility:ExtractStackTrace () (at /Users/bokken/build/output/unity/unity/Runtime/Export/Scripting/StackTrace.cs:35)
UnityEngine.DebugLogHandler:Internal_Log (UnityEngine.LogType,UnityEngine.LogOption,string,UnityEngine.Object)
UnityEngine.DebugLogHandler:LogFormat (UnityEngine.LogType,UnityEngine.Object,string,object[])
UnityEngine.Logger:Log (UnityEngine.LogType,object)
UnityEngine.Debug:Log (object)
EffectPlayer:LogBackend (UnityEngine.GameObject,string) (at Assets/Scripts/Effects/EffectPlayer.cs:93)
EffectPool:PlayOneShot (UnityEngine.Vector3,UnityEngine.Quaternion,single,single,single) (at Assets/Scripts/Effects/EffectPool.cs:65)
EffectPlayer:Play (UnityEngine.GameObject,UnityEngine.Vector3,UnityEngine.Quaternion,single,single,single) (at Assets/Scripts/Effects/EffectPlayer.cs:77)
BulletDispenserTowerActionStrategy:FireAura () (at Assets/Scripts/Tower/ActionStrategies/BulletDispenserTowerActionStrategy.cs:77)
BulletDispenserTowerActionStrategy:FireVolley (single) (at Assets/Scripts/Tower/ActionStrategies/BulletDispenserTowerActionStrategy.cs:55)
BulletDispenserTowerActionStrategy:ExecuteAction () (at Assets/Scripts/Tower/ActionStrategies/BulletDispenserTowerActionStrategy.cs:49)
Tower:Update () (at Assets/Scripts/Entities/Tower.cs:89)

(Filename: Assets/Scripts/Effects/EffectPlayer.cs Line: 93)

[BalanceTelemetry] Recording to /Users/philipp/Library/Application Support/Sakros/3DTD/telemetry/Beginner_Level_01_Medium_20261004-150120.csv
UnityEngine.Debug:ExtractStackTraceNoAlloc (byte*,int,string)
UnityEngine.StackTraceUtility:ExtractStackTrace () (at /Users/bokken/build/output/unity/unity/Runtime/Export/Scripting/StackTrace.cs:35)
UnityEngine.DebugLogHandler:Internal_Log (UnityEngine.LogType,UnityEngine.LogOption,string,UnityEngine.Object)
UnityEngine.DebugLogHandler:LogFormat (UnityEngine.LogType,UnityEngine.Object,string,object[])
UnityEngine.Logger:Log (UnityEngine.LogType,object)
UnityEngine.Debug:Log (object)
BalanceTelemetry:CreateFile () (at Assets/Scripts/BalanceTelemetry.cs:146)
BalanceTelemetry:HandleWaveEnded (int) (at Assets/Scripts/BalanceTelemetry.cs:103)
Spawner:Update () (at Assets/Scripts/Spawner.cs:116)

(Filename: Assets/Scripts/BalanceTelemetry.cs Line: 146)

TrimDiskCacheJob: Current cache size 1mb
PERF RESULT S1-1x: towers 43, frames 5671, frame p50/p95/p99/max 10.7/15.0/18.0/764.2 ms, main p50/p99 10.7/18.0 ms, speed 0.99x, GC steady 100.0% frames (12464624 B, 2293 B/frame), damage 370482, kills 2068, leaked 0, pops 59417, projectiles 5425/5425, death fx 64431/64431, fx 16288/16288, markers [PlayerLoop=10.72ms, Update.ScriptRunBehaviourUpdate=1.90ms, PreLateUpdate.ScriptRunBehaviourLateUpdate=7.16ms, FixedUpdate.PhysicsFixedUpdate=0.00ms, FixedUpdate.ScriptRunBehaviourFixedUpdate=0.02ms, PreUpdate.PhysicsUpdate=0.00ms, Physics.Simulate=0.26ms, Physics.SyncTransforms=0.23ms, Physics.SendTriggerEvents=0.02ms, Physics.SendContactEvents=0.00ms, ParticleSystem.EndUpdateAll=0.18ms, GC.Collect=0.00ms, Instantiate=0.08ms], by type [Laser Tower=4635, Bullet Dispenser=5763, Rocket System=201648, Beam Tower=933, Sniper Tower=7207, Core Tower=23, Hangar=104124, Mine Factory=46149]
UnityEngine.Debug:ExtractStackTraceNoAlloc (byte*,int,string)
UnityEngine.StackTraceUtility:ExtractStackTrace () (at /Users/bokken/build/output/unity/unity/Runtime/Export/Scripting/StackTrace.cs:35)
UnityEngine.DebugLogHandler:Internal_Log (UnityEngine.LogType,UnityEngine.LogOption,string,UnityEngine.Object)
UnityEngine.DebugLogHandler:LogFormat (UnityEngine.LogType,UnityEngine.Object,string,object[])
UnityEngine.Logger:Log (UnityEngine.LogType,object)
UnityEngine.Debug:Log (object)
PerfScenario:Summarize (PerfScenario/Run,PerfScenario/RunResult,System.Collections.Generic.List`1<Tower>,int) (at Assets/Scripts/Diagnostics/PerfScenario.cs:979)
PerfScenario/<RunOne>d__41:MoveNext () (at Assets/Scripts/Diagnostics/PerfScenario.cs:372)
UnityEngine.SetupCoroutine:InvokeMoveNext (System.Collections.IEnumerator,intptr) (at /Users/bokken/build/output/unity/unity/Runtime/Export/Scripting/Coroutines.cs:17)

(Filename: Assets/Scripts/Diagnostics/PerfScenario.cs Line: 979)

PERF RUN S1-5x (mixed, 5x, round 100)
UnityEngine.Debug:ExtractStackTraceNoAlloc (byte*,int,string)
UnityEngine.StackTraceUtility:ExtractStackTrace () (at /Users/bokken/build/output/unity/unity/Runtime/Export/Scripting/StackTrace.cs:35)
UnityEngine.DebugLogHandler:Internal_Log (UnityEngine.LogType,UnityEngine.LogOption,string,UnityEngine.Object)
UnityEngine.DebugLogHandler:LogFormat (UnityEngine.LogType,UnityEngine.Object,string,object[])
UnityEngine.Logger:Log (UnityEngine.LogType,object)
UnityEngine.Debug:Log (object)
PerfScenario/<RunOne>d__41:MoveNext () (at Assets/Scripts/Diagnostics/PerfScenario.cs:276)
UnityEngine.SetupCoroutine:InvokeMoveNext (System.Collections.IEnumerator,intptr) (at /Users/bokken/build/output/unity/unity/Runtime/Export/Scripting/Coroutines.cs:17)

(Filename: Assets/Scripts/Diagnostics/PerfScenario.cs Line: 276)

LightingSettings: switching bake backend from 2 to 1.
Unloading 61 Unused Serialized files (Serialized files now loaded: 0)
UnloadTime: 171.856750 ms
Loaded scene 'Temp/__Backupscenes/0.backup'
	Deserialize:            96.154 ms
	Integration:            338.209 ms
	Integration of assets:  12.451 ms
	Thread Wait Time:       0.753 ms
	Total Operation Time:   447.567 ms
Unloading 8256 unused Assets / (7.7 MB). Loaded Objects now: 18285.
Memory consumption went from 0.63 GB to 0.63 GB.
Total: 14.757625 ms (FindLiveObjects: 0.537084 ms CreateObjectMapping: 1.826666 ms MarkObjects: 8.540375 ms  DeleteObjects: 3.853208 ms)

PERF layout S1-5x: 154 block spots, 43 towers planned, 43 built
UnityEngine.Debug:ExtractStackTraceNoAlloc (byte*,int,string)
UnityEngine.StackTraceUtility:ExtractStackTrace () (at /Users/bokken/build/output/unity/unity/Runtime/Export/Scripting/StackTrace.cs:35)
UnityEngine.DebugLogHandler:Internal_Log (UnityEngine.LogType,UnityEngine.LogOption,string,UnityEngine.Object)
UnityEngine.DebugLogHandler:LogFormat (UnityEngine.LogType,UnityEngine.Object,string,object[])
UnityEngine.Logger:Log (UnityEngine.LogType,object)
UnityEngine.Debug:Log (object)
PerfScenario/<RunOne>d__41:MoveNext () (at Assets/Scripts/Diagnostics/PerfScenario.cs:318)
UnityEngine.SetupCoroutine:InvokeMoveNext (System.Collections.IEnumerator,intptr) (at /Users/bokken/build/output/unity/unity/Runtime/Export/Scripting/Coroutines.cs:17)

(Filename: Assets/Scripts/Diagnostics/PerfScenario.cs Line: 318)

EffectPlayer: LaserMuzzleBlue plays batched one-shot
UnityEngine.Debug:ExtractStackTraceNoAlloc (byte*,int,string)
UnityEngine.StackTraceUtility:ExtractStackTrace () (at /Users/bokken/build/output/unity/unity/Runtime/Export/Scripting/StackTrace.cs:35)
UnityEngine.DebugLogHandler:Internal_Log (UnityEngine.LogType,UnityEngine.LogOption,string,UnityEngine.Object)
UnityEngine.DebugLogHandler:LogFormat (UnityEngine.LogType,UnityEngine.Object,string,object[])
UnityEngine.Logger:Log (UnityEngine.LogType,object)
UnityEngine.Debug:Log (object)
EffectPlayer:LogBackend (UnityEngine.GameObject,string) (at Assets/Scripts/Effects/EffectPlayer.cs:93)
EffectPool:PlayOneShot (UnityEngine.Vector3,UnityEngine.Quaternion,single,single,single) (at Assets/Scripts/Effects/EffectPool.cs:65)
EffectPlayer:Play (UnityEngine.GameObject,UnityEngine.Vector3,UnityEngine.Quaternion,single,single,single) (at Assets/Scripts/Effects/EffectPlayer.cs:77)
ProjectileSystem:Spawn (ProjectileArchetype,ProjectileSystem/Shot&,int,single) (at Assets/Scripts/Combat/ProjectileSystem.cs:221)
ProjectileSystem:Fire (UnityEngine.GameObject,ProjectileSystem/Shot&) (at Assets/Scripts/Combat/ProjectileSystem.cs:166)
LaserTowerActionStrategy:FireVolley (single) (at Assets/Scripts/Tower/ActionStrategies/LaserTowerActionStrategy.cs:83)
LaserTowerActionStrategy:ExecuteAction () (at Assets/Scripts/Tower/ActionStrategies/LaserTowerActionStrategy.cs:38)
Tower:Update () (at Assets/Scripts/Entities/Tower.cs:89)

(Filename: Assets/Scripts/Effects/EffectPlayer.cs Line: 93)

EffectPlayer: LaserBlue plays batched flight
UnityEngine.Debug:ExtractStackTraceNoAlloc (byte*,int,string)
UnityEngine.StackTraceUtility:ExtractStackTrace () (at /Users/bokken/build/output/unity/unity/Runtime/Export/Scripting/StackTrace.cs:35)
UnityEngine.DebugLogHandler:Internal_Log (UnityEngine.LogType,UnityEngine.LogOption,string,UnityEngine.Object)
UnityEngine.DebugLogHandler:LogFormat (UnityEngine.LogType,UnityEngine.Object,string,object[])
UnityEngine.Logger:Log (UnityEngine.LogType,object)
UnityEngine.Debug:Log (object)
EffectPlayer:LogBackend (UnityEngine.GameObject,string) (at Assets/Scripts/Effects/EffectPlayer.cs:93)
EffectPool:Attach (UnityEngine.Vector3,UnityEngine.Quaternion,single) (at Assets/Scripts/Effects/EffectPool.cs:90)
EffectPlayer:Attach (UnityEngine.GameObject,UnityEngine.Vector3,UnityEngine.Quaternion,single) (at Assets/Scripts/Effects/EffectPlayer.cs:87)
ProjectileSystem:Spawn (ProjectileArchetype,ProjectileSystem/Shot&,int,single) (at Assets/Scripts/Combat/ProjectileSystem.cs:222)
ProjectileSystem:Fire (UnityEngine.GameObject,ProjectileSystem/Shot&) (at Assets/Scripts/Combat/ProjectileSystem.cs:166)
LaserTowerActionStrategy:FireVolley (single) (at Assets/Scripts/Tower/ActionStrategies/LaserTowerActionStrategy.cs:83)
LaserTowerActionStrategy:ExecuteAction () (at Assets/Scripts/Tower/ActionStrategies/LaserTowerActionStrategy.cs:38)
Tower:Update () (at Assets/Scripts/Entities/Tower.cs:89)

(Filename: Assets/Scripts/Effects/EffectPlayer.cs Line: 93)

EffectPlayer: RocketMuzzleGreen plays pooled one-shot
UnityEngine.Debug:ExtractStackTraceNoAlloc (byte*,int,string)
UnityEngine.StackTraceUtility:ExtractStackTrace () (at /Users/bokken/build/output/unity/unity/Runtime/Export/Scripting/StackTrace.cs:35)
UnityEngine.DebugLogHandler:Internal_Log (UnityEngine.LogType,UnityEngine.LogOption,string,UnityEngine.Object)
UnityEngine.DebugLogHandler:LogFormat (UnityEngine.LogType,UnityEngine.Object,string,object[])
UnityEngine.Logger:Log (UnityEngine.LogType,object)
UnityEngine.Debug:Log (object)
EffectPlayer:LogBackend (UnityEngine.GameObject,string) (at Assets/Scripts/Effects/EffectPlayer.cs:93)
EffectPool:PlayOneShot (UnityEngine.Vector3,UnityEngine.Quaternion,single,single,single) (at Assets/Scripts/Effects/EffectPool.cs:65)
EffectPlayer:Play (UnityEngine.GameObject,UnityEngine.Vector3,UnityEngine.Quaternion,single,single,single) (at Assets/Scripts/Effects/EffectPlayer.cs:77)
ProjectileSystem:Spawn (ProjectileArchetype,ProjectileSystem/Shot&,int,single) (at Assets/Scripts/Combat/ProjectileSystem.cs:221)
ProjectileSystem:Fire (UnityEngine.GameObject,ProjectileSystem/Shot&) (at Assets/Scripts/Combat/ProjectileSystem.cs:166)
BombTowerActionStrategy:FireVolley (single) (at Assets/Scripts/Tower/ActionStrategies/BombTowerActionStrategy.cs:70)
BombTowerActionStrategy:ExecuteAction () (at Assets/Scripts/Tower/ActionStrategies/BombTowerActionStrategy.cs:41)
Tower:Update () (at Assets/Scripts/Entities/Tower.cs:89)

(Filename: Assets/Scripts/Effects/EffectPlayer.cs Line: 93)

EffectPlayer: RocketMissileGreen plays batched flight
UnityEngine.Debug:ExtractStackTraceNoAlloc (byte*,int,string)
UnityEngine.StackTraceUtility:ExtractStackTrace () (at /Users/bokken/build/output/unity/unity/Runtime/Export/Scripting/StackTrace.cs:35)
UnityEngine.DebugLogHandler:Internal_Log (UnityEngine.LogType,UnityEngine.LogOption,string,UnityEngine.Object)
UnityEngine.DebugLogHandler:LogFormat (UnityEngine.LogType,UnityEngine.Object,string,object[])
UnityEngine.Logger:Log (UnityEngine.LogType,object)
UnityEngine.Debug:Log (object)
EffectPlayer:LogBackend (UnityEngine.GameObject,string) (at Assets/Scripts/Effects/EffectPlayer.cs:93)
EffectPool:Attach (UnityEngine.Vector3,UnityEngine.Quaternion,single) (at Assets/Scripts/Effects/EffectPool.cs:90)
EffectPlayer:Attach (UnityEngine.GameObject,UnityEngine.Vector3,UnityEngine.Quaternion,single) (at Assets/Scripts/Effects/EffectPlayer.cs:87)
ProjectileSystem:Spawn (ProjectileArchetype,ProjectileSystem/Shot&,int,single) (at Assets/Scripts/Combat/ProjectileSystem.cs:222)
ProjectileSystem:Fire (UnityEngine.GameObject,ProjectileSystem/Shot&) (at Assets/Scripts/Combat/ProjectileSystem.cs:166)
BombTowerActionStrategy:FireVolley (single) (at Assets/Scripts/Tower/ActionStrategies/BombTowerActionStrategy.cs:70)
BombTowerActionStrategy:ExecuteAction () (at Assets/Scripts/Tower/ActionStrategies/BombTowerActionStrategy.cs:41)
Tower:Update () (at Assets/Scripts/Entities/Tower.cs:89)

(Filename: Assets/Scripts/Effects/EffectPlayer.cs Line: 93)

EffectPlayer: GrenadeMuzzleRed plays pooled one-shot
UnityEngine.Debug:ExtractStackTraceNoAlloc (byte*,int,string)
UnityEngine.StackTraceUtility:ExtractStackTrace () (at /Users/bokken/build/output/unity/unity/Runtime/Export/Scripting/StackTrace.cs:35)
UnityEngine.DebugLogHandler:Internal_Log (UnityEngine.LogType,UnityEngine.LogOption,string,UnityEngine.Object)
UnityEngine.DebugLogHandler:LogFormat (UnityEngine.LogType,UnityEngine.Object,string,object[])
UnityEngine.Logger:Log (UnityEngine.LogType,object)
UnityEngine.Debug:Log (object)
EffectPlayer:LogBackend (UnityEngine.GameObject,string) (at Assets/Scripts/Effects/EffectPlayer.cs:93)
EffectPool:PlayOneShot (UnityEngine.Vector3,UnityEngine.Quaternion,single,single,single) (at Assets/Scripts/Effects/EffectPool.cs:65)
EffectPlayer:Play (UnityEngine.GameObject,UnityEngine.Vector3,UnityEngine.Quaternion,single,single,single) (at Assets/Scripts/Effects/EffectPlayer.cs:77)
MineFactoryActionStrategy:SpawnEffect (UnityEngine.GameObject,UnityEngine.Vector3,single,single) (at Assets/Scripts/Tower/ActionStrategies/MineFactoryActionStrategy.cs:583)
MineFactoryActionStrategy:LaunchMine () (at Assets/Scripts/Tower/ActionStrategies/MineFactoryActionStrategy.cs:217)
MineFactoryActionStrategy:Produce (single) (at Assets/Scripts/Tower/ActionStrategies/MineFactoryActionStrategy.cs:190)
MineFactoryActionStrategy:ExecuteAction () (at Assets/Scripts/Tower/ActionStrategies/MineFactoryActionStrategy.cs:162)
Tower:Update () (at Assets/Scripts/Entities/Tower.cs:89)

(Filename: Assets/Scripts/Effects/EffectPlayer.cs Line: 93)

EffectPlayer: LaserExplosionBlue plays batched one-shot
UnityEngine.Debug:ExtractStackTraceNoAlloc (byte*,int,string)
UnityEngine.StackTraceUtility:ExtractStackTrace () (at /Users/bokken/build/output/unity/unity/Runtime/Export/Scripting/StackTrace.cs:35)
UnityEngine.DebugLogHandler:Internal_Log (UnityEngine.LogType,UnityEngine.LogOption,string,UnityEngine.Object)
UnityEngine.DebugLogHandler:LogFormat (UnityEngine.LogType,UnityEngine.Object,string,object[])
UnityEngine.Logger:Log (UnityEngine.LogType,object)
UnityEngine.Debug:Log (object)
EffectPlayer:LogBackend (UnityEngine.GameObject,string) (at Assets/Scripts/Effects/EffectPlayer.cs:93)
EffectPool:PlayOneShot (UnityEngine.Vector3,UnityEngine.Quaternion,single,single,single) (at Assets/Scripts/Effects/EffectPool.cs:65)
EffectPlayer:Play (UnityEngine.GameObject,UnityEngine.Vector3,UnityEngine.Quaternion,single,single,single) (at Assets/Scripts/Effects/EffectPlayer.cs:77)
ProjectileSystem:Apply (int) (at Assets/Scripts/Combat/ProjectileSystem.cs:324)
ProjectileSystem:Update () (at Assets/Scripts/Combat/ProjectileSystem.cs:274)

(Filename: Assets/Scripts/Effects/EffectPlayer.cs Line: 93)

EffectPlayer: RocketExplosionGreen plays pooled one-shot
UnityEngine.Debug:ExtractStackTraceNoAlloc (byte*,int,string)
UnityEngine.StackTraceUtility:ExtractStackTrace () (at /Users/bokken/build/output/unity/unity/Runtime/Export/Scripting/StackTrace.cs:35)
UnityEngine.DebugLogHandler:Internal_Log (UnityEngine.LogType,UnityEngine.LogOption,string,UnityEngine.Object)
UnityEngine.DebugLogHandler:LogFormat (UnityEngine.LogType,UnityEngine.Object,string,object[])
UnityEngine.Logger:Log (UnityEngine.LogType,object)
UnityEngine.Debug:Log (object)
EffectPlayer:LogBackend (UnityEngine.GameObject,string) (at Assets/Scripts/Effects/EffectPlayer.cs:93)
EffectPool:PlayOneShot (UnityEngine.Vector3,UnityEngine.Quaternion,single,single,single) (at Assets/Scripts/Effects/EffectPool.cs:65)
EffectPlayer:Play (UnityEngine.GameObject,UnityEngine.Vector3,UnityEngine.Quaternion,single,single,single) (at Assets/Scripts/Effects/EffectPlayer.cs:77)
ProjectileSystem:Explode (ProjectileSystem/State&,ProjectileArchetype,Tower,Unity.Mathematics.float3,single) (at Assets/Scripts/Combat/ProjectileSystem.cs:409)
ProjectileSystem:Apply (int) (at Assets/Scripts/Combat/ProjectileSystem.cs:331)
ProjectileSystem:Update () (at Assets/Scripts/Combat/ProjectileSystem.cs:274)

(Filename: Assets/Scripts/Effects/EffectPlayer.cs Line: 93)

EffectPlayer: GrenadeExplosionGreen plays pooled one-shot
UnityEngine.Debug:ExtractStackTraceNoAlloc (byte*,int,string)
UnityEngine.StackTraceUtility:ExtractStackTrace () (at /Users/bokken/build/output/unity/unity/Runtime/Export/Scripting/StackTrace.cs:35)
UnityEngine.DebugLogHandler:Internal_Log (UnityEngine.LogType,UnityEngine.LogOption,string,UnityEngine.Object)
UnityEngine.DebugLogHandler:LogFormat (UnityEngine.LogType,UnityEngine.Object,string,object[])
UnityEngine.Logger:Log (UnityEngine.LogType,object)
UnityEngine.Debug:Log (object)
EffectPlayer:LogBackend (UnityEngine.GameObject,string) (at Assets/Scripts/Effects/EffectPlayer.cs:93)
EffectPool:PlayOneShot (UnityEngine.Vector3,UnityEngine.Quaternion,single,single,single) (at Assets/Scripts/Effects/EffectPool.cs:65)
EffectPlayer:Play (UnityEngine.GameObject,UnityEngine.Vector3,UnityEngine.Quaternion,single,single,single) (at Assets/Scripts/Effects/EffectPlayer.cs:77)
ProjectileSystem:Apply (int) (at Assets/Scripts/Combat/ProjectileSystem.cs:337)
ProjectileSystem:Update () (at Assets/Scripts/Combat/ProjectileSystem.cs:274)

(Filename: Assets/Scripts/Effects/EffectPlayer.cs Line: 93)

EffectPlayer: RocketExplosionRed plays pooled one-shot
UnityEngine.Debug:ExtractStackTraceNoAlloc (byte*,int,string)
UnityEngine.StackTraceUtility:ExtractStackTrace () (at /Users/bokken/build/output/unity/unity/Runtime/Export/Scripting/StackTrace.cs:35)
UnityEngine.DebugLogHandler:Internal_Log (UnityEngine.LogType,UnityEngine.LogOption,string,UnityEngine.Object)
UnityEngine.DebugLogHandler:LogFormat (UnityEngine.LogType,UnityEngine.Object,string,object[])
UnityEngine.Logger:Log (UnityEngine.LogType,object)
UnityEngine.Debug:Log (object)
EffectPlayer:LogBackend (UnityEngine.GameObject,string) (at Assets/Scripts/Effects/EffectPlayer.cs:93)
EffectPool:PlayOneShot (UnityEngine.Vector3,UnityEngine.Quaternion,single,single,single) (at Assets/Scripts/Effects/EffectPool.cs:65)
EffectPlayer:Play (UnityEngine.GameObject,UnityEngine.Vector3,UnityEngine.Quaternion,single,single,single) (at Assets/Scripts/Effects/EffectPlayer.cs:77)
MineFactoryActionStrategy:SpawnEffect (UnityEngine.GameObject,UnityEngine.Vector3,single,single) (at Assets/Scripts/Tower/ActionStrategies/MineFactoryActionStrategy.cs:583)
MineFactoryActionStrategy:Blast (UnityEngine.Vector3,single,single,UnityEngine.GameObject,single) (at Assets/Scripts/Tower/ActionStrategies/MineFactoryActionStrategy.cs:564)
MineFactoryActionStrategy:Detonate (Mine) (at Assets/Scripts/Tower/ActionStrategies/MineFactoryActionStrategy.cs:522)
MineFactoryActionStrategy:CheckContacts (single) (at Assets/Scripts/Tower/ActionStrategies/MineFactoryActionStrategy.cs:500)
MineFactoryActionStrategy:ExecuteAction () (at Assets/Scripts/Tower/ActionStrategies/MineFactoryActionStrategy.cs:160)
Tower:Update () (at Assets/Scripts/Entities/Tower.cs:89)

(Filename: Assets/Scripts/Effects/EffectPlayer.cs Line: 93)

EffectPlayer: MiniExploLava plays batched one-shot
UnityEngine.Debug:ExtractStackTraceNoAlloc (byte*,int,string)
UnityEngine.StackTraceUtility:ExtractStackTrace () (at /Users/bokken/build/output/unity/unity/Runtime/Export/Scripting/StackTrace.cs:35)
UnityEngine.DebugLogHandler:Internal_Log (UnityEngine.LogType,UnityEngine.LogOption,string,UnityEngine.Object)
UnityEngine.DebugLogHandler:LogFormat (UnityEngine.LogType,UnityEngine.Object,string,object[])
UnityEngine.Logger:Log (UnityEngine.LogType,object)
UnityEngine.Debug:Log (object)
EffectPlayer:LogBackend (UnityEngine.GameObject,string) (at Assets/Scripts/Effects/EffectPlayer.cs:93)
EffectPool:PlayOneShot (UnityEngine.Vector3,UnityEngine.Quaternion,single,single,single) (at Assets/Scripts/Effects/EffectPool.cs:65)
EffectPlayer:Play (UnityEngine.GameObject,UnityEngine.Vector3,UnityEngine.Quaternion,single,single,single) (at Assets/Scripts/Effects/EffectPlayer.cs:77)
MineFactoryActionStrategy:SpawnEffect (UnityEngine.GameObject,UnityEngine.Vector3,single,single) (at Assets/Scripts/Tower/ActionStrategies/MineFactoryActionStrategy.cs:583)
MineFactoryActionStrategy:Blast (UnityEngine.Vector3,single,single,UnityEngine.GameObject,single) (at Assets/Scripts/Tower/ActionStrategies/MineFactoryActionStrategy.cs:564)
MineFactoryActionStrategy:UpdatePendingBlasts (single) (at Assets/Scripts/Tower/ActionStrategies/MineFactoryActionStrategy.cs:558)
MineFactoryActionStrategy:ExecuteAction () (at Assets/Scripts/Tower/ActionStrategies/MineFactoryActionStrategy.cs:161)
Tower:Update () (at Assets/Scripts/Entities/Tower.cs:89)

(Filename: Assets/Scripts/Effects/EffectPlayer.cs Line: 93)

EffectPlayer: BuffYellow plays pooled one-shot
UnityEngine.Debug:ExtractStackTraceNoAlloc (byte*,int,string)
UnityEngine.StackTraceUtility:ExtractStackTrace () (at /Users/bokken/build/output/unity/unity/Runtime/Export/Scripting/StackTrace.cs:35)
UnityEngine.DebugLogHandler:Internal_Log (UnityEngine.LogType,UnityEngine.LogOption,string,UnityEngine.Object)
UnityEngine.DebugLogHandler:LogFormat (UnityEngine.LogType,UnityEngine.Object,string,object[])
UnityEngine.Logger:Log (UnityEngine.LogType,object)
UnityEngine.Debug:Log (object)
EffectPlayer:LogBackend (UnityEngine.GameObject,string) (at Assets/Scripts/Effects/EffectPlayer.cs:93)
EffectPool:PlayOneShot (UnityEngine.Vector3,UnityEngine.Quaternion,single,single,single) (at Assets/Scripts/Effects/EffectPool.cs:65)
EffectPlayer:Play (UnityEngine.GameObject,UnityEngine.Vector3,UnityEngine.Quaternion,single,single,single) (at Assets/Scripts/Effects/EffectPlayer.cs:77)
MineFactoryActionStrategy:SpawnEffect (UnityEngine.GameObject,UnityEngine.Vector3,single,single) (at Assets/Scripts/Tower/ActionStrategies/MineFactoryActionStrategy.cs:583)
MineFactoryActionStrategy:ScrapMine () (at Assets/Scripts/Tower/ActionStrategies/MineFactoryActionStrategy.cs:229)
MineFactoryActionStrategy:Produce (single) (at Assets/Scripts/Tower/ActionStrategies/MineFactoryActionStrategy.cs:192)
MineFactoryActionStrategy:ExecuteAction () (at Assets/Scripts/Tower/ActionStrategies/MineFactoryActionStrategy.cs:162)
Tower:Update () (at Assets/Scripts/Entities/Tower.cs:89)

(Filename: Assets/Scripts/Effects/EffectPlayer.cs Line: 93)

EffectPlayer: GrenadeExplosionRed plays pooled one-shot
UnityEngine.Debug:ExtractStackTraceNoAlloc (byte*,int,string)
UnityEngine.StackTraceUtility:ExtractStackTrace () (at /Users/bokken/build/output/unity/unity/Runtime/Export/Scripting/StackTrace.cs:35)
UnityEngine.DebugLogHandler:Internal_Log (UnityEngine.LogType,UnityEngine.LogOption,string,UnityEngine.Object)
UnityEngine.DebugLogHandler:LogFormat (UnityEngine.LogType,UnityEngine.Object,string,object[])
UnityEngine.Logger:Log (UnityEngine.LogType,object)
UnityEngine.Debug:Log (object)
EffectPlayer:LogBackend (UnityEngine.GameObject,string) (at Assets/Scripts/Effects/EffectPlayer.cs:93)
EffectPool:PlayOneShot (UnityEngine.Vector3,UnityEngine.Quaternion,single,single,single) (at Assets/Scripts/Effects/EffectPool.cs:65)
EffectPlayer:Play (UnityEngine.GameObject,UnityEngine.Vector3,UnityEngine.Quaternion,single,single,single) (at Assets/Scripts/Effects/EffectPlayer.cs:77)
MineFactoryActionStrategy:SpawnEffect (UnityEngine.GameObject,UnityEngine.Vector3,single,single) (at Assets/Scripts/Tower/ActionStrategies/MineFactoryActionStrategy.cs:583)
MineFactoryActionStrategy:Blast (UnityEngine.Vector3,single,single,UnityEngine.GameObject,single) (at Assets/Scripts/Tower/ActionStrategies/MineFactoryActionStrategy.cs:564)
MineFactoryActionStrategy:Detonate (Mine) (at Assets/Scripts/Tower/ActionStrategies/MineFactoryActionStrategy.cs:522)
MineFactoryActionStrategy:CheckContacts (single) (at Assets/Scripts/Tower/ActionStrategies/MineFactoryActionStrategy.cs:500)
MineFactoryActionStrategy:ExecuteAction () (at Assets/Scripts/Tower/ActionStrategies/MineFactoryActionStrategy.cs:160)
Tower:Update () (at Assets/Scripts/Entities/Tower.cs:89)

(Filename: Assets/Scripts/Effects/EffectPlayer.cs Line: 93)

EffectPlayer: MiniExploFire plays pooled one-shot
UnityEngine.Debug:ExtractStackTraceNoAlloc (byte*,int,string)
UnityEngine.StackTraceUtility:ExtractStackTrace () (at /Users/bokken/build/output/unity/unity/Runtime/Export/Scripting/StackTrace.cs:35)
UnityEngine.DebugLogHandler:Internal_Log (UnityEngine.LogType,UnityEngine.LogOption,string,UnityEngine.Object)
UnityEngine.DebugLogHandler:LogFormat (UnityEngine.LogType,UnityEngine.Object,string,object[])
UnityEngine.Logger:Log (UnityEngine.LogType,object)
UnityEngine.Debug:Log (object)
EffectPlayer:LogBackend (UnityEngine.GameObject,string) (at Assets/Scripts/Effects/EffectPlayer.cs:93)
EffectPool:PlayOneShot (UnityEngine.Vector3,UnityEngine.Quaternion,single,single,single) (at Assets/Scripts/Effects/EffectPool.cs:65)
EffectPlayer:Play (UnityEngine.GameObject,UnityEngine.Vector3,UnityEngine.Quaternion,single,single,single) (at Assets/Scripts/Effects/EffectPlayer.cs:77)
BulletDispenserTowerActionStrategy:FireAura () (at Assets/Scripts/Tower/ActionStrategies/BulletDispenserTowerActionStrategy.cs:77)
BulletDispenserTowerActionStrategy:FireVolley (single) (at Assets/Scripts/Tower/ActionStrategies/BulletDispenserTowerActionStrategy.cs:55)
BulletDispenserTowerActionStrategy:ExecuteAction () (at Assets/Scripts/Tower/ActionStrategies/BulletDispenserTowerActionStrategy.cs:49)
Tower:Update () (at Assets/Scripts/Entities/Tower.cs:89)

(Filename: Assets/Scripts/Effects/EffectPlayer.cs Line: 93)

PERF RESULT S1-5x: towers 43, frames 954, frame p50/p95/p99/max 12.6/19.3/24.4/32.2 ms, main p50/p99 12.6/24.4 ms, speed 5.00x, GC steady 100.0% frames (5217814 B, 6655 B/frame), damage 370470, kills 2068, leaked 0, pops 59417, projectiles 5488/5488, death fx 64431/64431, fx 16753/16753, markers [PlayerLoop=12.74ms, Update.ScriptRunBehaviourUpdate=2.67ms, PreLateUpdate.ScriptRunBehaviourLateUpdate=7.10ms, FixedUpdate.PhysicsFixedUpdate=0.00ms, FixedUpdate.ScriptRunBehaviourFixedUpdate=0.05ms, PreUpdate.PhysicsUpdate=0.00ms, Physics.Simulate=0.36ms, Physics.SyncTransforms=0.24ms, Physics.SendTriggerEvents=0.08ms, Physics.SendContactEvents=0.00ms, ParticleSystem.EndUpdateAll=0.23ms, GC.Collect=0.00ms, Instantiate=0.47ms], by type [Laser Tower=5051, Bullet Dispenser=6081, Rocket System=211307, Beam Tower=961, Sniper Tower=7858, Core Tower=25, Hangar=86726, Mine Factory=52460]
UnityEngine.Debug:ExtractStackTraceNoAlloc (byte*,int,string)
UnityEngine.StackTraceUtility:ExtractStackTrace () (at /Users/bokken/build/output/unity/unity/Runtime/Export/Scripting/StackTrace.cs:35)
UnityEngine.DebugLogHandler:Internal_Log (UnityEngine.LogType,UnityEngine.LogOption,string,UnityEngine.Object)
UnityEngine.DebugLogHandler:LogFormat (UnityEngine.LogType,UnityEngine.Object,string,object[])
UnityEngine.Logger:Log (UnityEngine.LogType,object)
UnityEngine.Debug:Log (object)
PerfScenario:Summarize (PerfScenario/Run,PerfScenario/RunResult,System.Collections.Generic.List`1<Tower>,int) (at Assets/Scripts/Diagnostics/PerfScenario.cs:979)
PerfScenario/<RunOne>d__41:MoveNext () (at Assets/Scripts/Diagnostics/PerfScenario.cs:372)
UnityEngine.SetupCoroutine:InvokeMoveNext (System.Collections.IEnumerator,intptr) (at /Users/bokken/build/output/unity/unity/Runtime/Export/Scripting/Coroutines.cs:17)

(Filename: Assets/Scripts/Diagnostics/PerfScenario.cs Line: 979)

PERF RUN S2 (dispensers, 1x, round 100)
UnityEngine.Debug:ExtractStackTraceNoAlloc (byte*,int,string)
UnityEngine.StackTraceUtility:ExtractStackTrace () (at /Users/bokken/build/output/unity/unity/Runtime/Export/Scripting/StackTrace.cs:35)
UnityEngine.DebugLogHandler:Internal_Log (UnityEngine.LogType,UnityEngine.LogOption,string,UnityEngine.Object)
UnityEngine.DebugLogHandler:LogFormat (UnityEngine.LogType,UnityEngine.Object,string,object[])
UnityEngine.Logger:Log (UnityEngine.LogType,object)
UnityEngine.Debug:Log (object)
PerfScenario/<RunOne>d__41:MoveNext () (at Assets/Scripts/Diagnostics/PerfScenario.cs:276)
UnityEngine.SetupCoroutine:InvokeMoveNext (System.Collections.IEnumerator,intptr) (at /Users/bokken/build/output/unity/unity/Runtime/Export/Scripting/Coroutines.cs:17)

(Filename: Assets/Scripts/Diagnostics/PerfScenario.cs Line: 276)

LightingSettings: switching bake backend from 2 to 1.
Unloading 21 Unused Serialized files (Serialized files now loaded: 0)
UnloadTime: 165.956709 ms
Loaded scene 'Temp/__Backupscenes/0.backup'
	Deserialize:            86.045 ms
	Integration:            337.835 ms
	Integration of assets:  11.067 ms
	Thread Wait Time:       0.638 ms
	Total Operation Time:   435.585 ms
Unloading 8237 unused Assets / (7.6 MB). Loaded Objects now: 18285.
Memory consumption went from 0.64 GB to 0.63 GB.
Total: 15.757500 ms (FindLiveObjects: 0.573708 ms CreateObjectMapping: 1.865708 ms MarkObjects: 9.444958 ms  DeleteObjects: 3.872667 ms)

PERF layout S2: 154 block spots, 150 towers planned, 150 built
UnityEngine.Debug:ExtractStackTraceNoAlloc (byte*,int,string)
UnityEngine.StackTraceUtility:ExtractStackTrace () (at /Users/bokken/build/output/unity/unity/Runtime/Export/Scripting/StackTrace.cs:35)
UnityEngine.DebugLogHandler:Internal_Log (UnityEngine.LogType,UnityEngine.LogOption,string,UnityEngine.Object)
UnityEngine.DebugLogHandler:LogFormat (UnityEngine.LogType,UnityEngine.Object,string,object[])
UnityEngine.Logger:Log (UnityEngine.LogType,object)
UnityEngine.Debug:Log (object)
PerfScenario/<RunOne>d__41:MoveNext () (at Assets/Scripts/Diagnostics/PerfScenario.cs:318)
UnityEngine.SetupCoroutine:InvokeMoveNext (System.Collections.IEnumerator,intptr) (at /Users/bokken/build/output/unity/unity/Runtime/Export/Scripting/Coroutines.cs:17)

(Filename: Assets/Scripts/Diagnostics/PerfScenario.cs Line: 318)

EffectPlayer: LaserMuzzleBlue plays batched one-shot
UnityEngine.Debug:ExtractStackTraceNoAlloc (byte*,int,string)
UnityEngine.StackTraceUtility:ExtractStackTrace () (at /Users/bokken/build/output/unity/unity/Runtime/Export/Scripting/StackTrace.cs:35)
UnityEngine.DebugLogHandler:Internal_Log (UnityEngine.LogType,UnityEngine.LogOption,string,UnityEngine.Object)
UnityEngine.DebugLogHandler:LogFormat (UnityEngine.LogType,UnityEngine.Object,string,object[])
UnityEngine.Logger:Log (UnityEngine.LogType,object)
UnityEngine.Debug:Log (object)
EffectPlayer:LogBackend (UnityEngine.GameObject,string) (at Assets/Scripts/Effects/EffectPlayer.cs:93)
EffectPool:PlayOneShot (UnityEngine.Vector3,UnityEngine.Quaternion,single,single,single) (at Assets/Scripts/Effects/EffectPool.cs:65)
EffectPlayer:Play (UnityEngine.GameObject,UnityEngine.Vector3,UnityEngine.Quaternion,single,single,single) (at Assets/Scripts/Effects/EffectPlayer.cs:77)
ProjectileSystem:Spawn (ProjectileArchetype,ProjectileSystem/Shot&,int,single) (at Assets/Scripts/Combat/ProjectileSystem.cs:221)
ProjectileSystem:Fire (UnityEngine.GameObject,ProjectileSystem/Shot&) (at Assets/Scripts/Combat/ProjectileSystem.cs:166)
BulletDispenserTowerActionStrategy:FireBullets (single) (at Assets/Scripts/Tower/ActionStrategies/BulletDispenserTowerActionStrategy.cs:137)
BulletDispenserTowerActionStrategy:FireVolley (single) (at Assets/Scripts/Tower/ActionStrategies/BulletDispenserTowerActionStrategy.cs:59)
BulletDispenserTowerActionStrategy:ExecuteAction () (at Assets/Scripts/Tower/ActionStrategies/BulletDispenserTowerActionStrategy.cs:49)
Tower:Update () (at Assets/Scripts/Entities/Tower.cs:89)

(Filename: Assets/Scripts/Effects/EffectPlayer.cs Line: 93)

EffectPlayer: LaserBlue plays batched flight
UnityEngine.Debug:ExtractStackTraceNoAlloc (byte*,int,string)
UnityEngine.StackTraceUtility:ExtractStackTrace () (at /Users/bokken/build/output/unity/unity/Runtime/Export/Scripting/StackTrace.cs:35)
UnityEngine.DebugLogHandler:Internal_Log (UnityEngine.LogType,UnityEngine.LogOption,string,UnityEngine.Object)
UnityEngine.DebugLogHandler:LogFormat (UnityEngine.LogType,UnityEngine.Object,string,object[])
UnityEngine.Logger:Log (UnityEngine.LogType,object)
UnityEngine.Debug:Log (object)
EffectPlayer:LogBackend (UnityEngine.GameObject,string) (at Assets/Scripts/Effects/EffectPlayer.cs:93)
EffectPool:Attach (UnityEngine.Vector3,UnityEngine.Quaternion,single) (at Assets/Scripts/Effects/EffectPool.cs:90)
EffectPlayer:Attach (UnityEngine.GameObject,UnityEngine.Vector3,UnityEngine.Quaternion,single) (at Assets/Scripts/Effects/EffectPlayer.cs:87)
ProjectileSystem:Spawn (ProjectileArchetype,ProjectileSystem/Shot&,int,single) (at Assets/Scripts/Combat/ProjectileSystem.cs:222)
ProjectileSystem:Fire (UnityEngine.GameObject,ProjectileSystem/Shot&) (at Assets/Scripts/Combat/ProjectileSystem.cs:166)
BulletDispenserTowerActionStrategy:FireBullets (single) (at Assets/Scripts/Tower/ActionStrategies/BulletDispenserTowerActionStrategy.cs:137)
BulletDispenserTowerActionStrategy:FireVolley (single) (at Assets/Scripts/Tower/ActionStrategies/BulletDispenserTowerActionStrategy.cs:59)
BulletDispenserTowerActionStrategy:ExecuteAction () (at Assets/Scripts/Tower/ActionStrategies/BulletDispenserTowerActionStrategy.cs:49)
Tower:Update () (at Assets/Scripts/Entities/Tower.cs:89)

(Filename: Assets/Scripts/Effects/EffectPlayer.cs Line: 93)

EffectPlayer: LaserExplosionBlue plays batched one-shot
UnityEngine.Debug:ExtractStackTraceNoAlloc (byte*,int,string)
UnityEngine.StackTraceUtility:ExtractStackTrace () (at /Users/bokken/build/output/unity/unity/Runtime/Export/Scripting/StackTrace.cs:35)
UnityEngine.DebugLogHandler:Internal_Log (UnityEngine.LogType,UnityEngine.LogOption,string,UnityEngine.Object)
UnityEngine.DebugLogHandler:LogFormat (UnityEngine.LogType,UnityEngine.Object,string,object[])
UnityEngine.Logger:Log (UnityEngine.LogType,object)
UnityEngine.Debug:Log (object)
EffectPlayer:LogBackend (UnityEngine.GameObject,string) (at Assets/Scripts/Effects/EffectPlayer.cs:93)
EffectPool:PlayOneShot (UnityEngine.Vector3,UnityEngine.Quaternion,single,single,single) (at Assets/Scripts/Effects/EffectPool.cs:65)
EffectPlayer:Play (UnityEngine.GameObject,UnityEngine.Vector3,UnityEngine.Quaternion,single,single,single) (at Assets/Scripts/Effects/EffectPlayer.cs:77)
ProjectileSystem:Apply (int) (at Assets/Scripts/Combat/ProjectileSystem.cs:314)
ProjectileSystem:Update () (at Assets/Scripts/Combat/ProjectileSystem.cs:274)

(Filename: Assets/Scripts/Effects/EffectPlayer.cs Line: 93)

PERF RESULT S2: towers 150, frames 6537, frame p50/p95/p99/max 18.6/26.3/31.2/63.3 ms, main p50/p99 18.6/31.2 ms, speed 1.00x, GC steady 100.0% frames (18800746 B, 2954 B/frame), damage 207437, kills 1642, leaked 18664, pops 40753, projectiles 391320/391320, death fx 44151/44151, fx 589346/589346, markers [PlayerLoop=17.82ms, Update.ScriptRunBehaviourUpdate=4.10ms, PreLateUpdate.ScriptRunBehaviourLateUpdate=11.65ms, FixedUpdate.PhysicsFixedUpdate=0.00ms, FixedUpdate.ScriptRunBehaviourFixedUpdate=0.00ms, PreUpdate.PhysicsUpdate=0.00ms, Physics.Simulate=0.64ms, Physics.SyncTransforms=0.48ms, Physics.SendTriggerEvents=0.17ms, Physics.SendContactEvents=0.00ms, ParticleSystem.EndUpdateAll=0.01ms, GC.Collect=0.00ms, Instantiate=0.04ms], by type [Bullet Dispenser=207437]
UnityEngine.Debug:ExtractStackTraceNoAlloc (byte*,int,string)
UnityEngine.StackTraceUtility:ExtractStackTrace () (at /Users/bokken/build/output/unity/unity/Runtime/Export/Scripting/StackTrace.cs:35)
UnityEngine.DebugLogHandler:Internal_Log (UnityEngine.LogType,UnityEngine.LogOption,string,UnityEngine.Object)
UnityEngine.DebugLogHandler:LogFormat (UnityEngine.LogType,UnityEngine.Object,string,object[])
UnityEngine.Logger:Log (UnityEngine.LogType,object)
UnityEngine.Debug:Log (object)
PerfScenario:Summarize (PerfScenario/Run,PerfScenario/RunResult,System.Collections.Generic.List`1<Tower>,int) (at Assets/Scripts/Diagnostics/PerfScenario.cs:979)
PerfScenario/<RunOne>d__41:MoveNext () (at Assets/Scripts/Diagnostics/PerfScenario.cs:372)
UnityEngine.SetupCoroutine:InvokeMoveNext (System.Collections.IEnumerator,intptr) (at /Users/bokken/build/output/unity/unity/Runtime/Export/Scripting/Coroutines.cs:17)

(Filename: Assets/Scripts/Diagnostics/PerfScenario.cs Line: 979)

PERF RUN S3 (dispensers, 5x, round 100)
UnityEngine.Debug:ExtractStackTraceNoAlloc (byte*,int,string)
UnityEngine.StackTraceUtility:ExtractStackTrace () (at /Users/bokken/build/output/unity/unity/Runtime/Export/Scripting/StackTrace.cs:35)
UnityEngine.DebugLogHandler:Internal_Log (UnityEngine.LogType,UnityEngine.LogOption,string,UnityEngine.Object)
UnityEngine.DebugLogHandler:LogFormat (UnityEngine.LogType,UnityEngine.Object,string,object[])
UnityEngine.Logger:Log (UnityEngine.LogType,object)
UnityEngine.Debug:Log (object)
PerfScenario/<RunOne>d__41:MoveNext () (at Assets/Scripts/Diagnostics/PerfScenario.cs:276)
UnityEngine.SetupCoroutine:InvokeMoveNext (System.Collections.IEnumerator,intptr) (at /Users/bokken/build/output/unity/unity/Runtime/Export/Scripting/Coroutines.cs:17)

(Filename: Assets/Scripts/Diagnostics/PerfScenario.cs Line: 276)

LightingSettings: switching bake backend from 2 to 1.
Unloading 21 Unused Serialized files (Serialized files now loaded: 0)
UnloadTime: 135.070750 ms
Loaded scene 'Temp/__Backupscenes/0.backup'
	Deserialize:            87.528 ms
	Integration:            316.963 ms
	Integration of assets:  10.101 ms
	Thread Wait Time:       0.716 ms
	Total Operation Time:   415.308 ms
Unloading 8237 unused Assets / (7.5 MB). Loaded Objects now: 18285.
Memory consumption went from 0.65 GB to 0.64 GB.
Total: 15.868792 ms (FindLiveObjects: 0.769250 ms CreateObjectMapping: 2.066917 ms MarkObjects: 9.199250 ms  DeleteObjects: 3.833125 ms)

PERF layout S3: 154 block spots, 150 towers planned, 150 built
UnityEngine.Debug:ExtractStackTraceNoAlloc (byte*,int,string)
UnityEngine.StackTraceUtility:ExtractStackTrace () (at /Users/bokken/build/output/unity/unity/Runtime/Export/Scripting/StackTrace.cs:35)
UnityEngine.DebugLogHandler:Internal_Log (UnityEngine.LogType,UnityEngine.LogOption,string,UnityEngine.Object)
UnityEngine.DebugLogHandler:LogFormat (UnityEngine.LogType,UnityEngine.Object,string,object[])
UnityEngine.Logger:Log (UnityEngine.LogType,object)
UnityEngine.Debug:Log (object)
PerfScenario/<RunOne>d__41:MoveNext () (at Assets/Scripts/Diagnostics/PerfScenario.cs:318)
UnityEngine.SetupCoroutine:InvokeMoveNext (System.Collections.IEnumerator,intptr) (at /Users/bokken/build/output/unity/unity/Runtime/Export/Scripting/Coroutines.cs:17)

(Filename: Assets/Scripts/Diagnostics/PerfScenario.cs Line: 318)

EffectPlayer: LaserMuzzleBlue plays batched one-shot
UnityEngine.Debug:ExtractStackTraceNoAlloc (byte*,int,string)
UnityEngine.StackTraceUtility:ExtractStackTrace () (at /Users/bokken/build/output/unity/unity/Runtime/Export/Scripting/StackTrace.cs:35)
UnityEngine.DebugLogHandler:Internal_Log (UnityEngine.LogType,UnityEngine.LogOption,string,UnityEngine.Object)
UnityEngine.DebugLogHandler:LogFormat (UnityEngine.LogType,UnityEngine.Object,string,object[])
UnityEngine.Logger:Log (UnityEngine.LogType,object)
UnityEngine.Debug:Log (object)
EffectPlayer:LogBackend (UnityEngine.GameObject,string) (at Assets/Scripts/Effects/EffectPlayer.cs:93)
EffectPool:PlayOneShot (UnityEngine.Vector3,UnityEngine.Quaternion,single,single,single) (at Assets/Scripts/Effects/EffectPool.cs:65)
EffectPlayer:Play (UnityEngine.GameObject,UnityEngine.Vector3,UnityEngine.Quaternion,single,single,single) (at Assets/Scripts/Effects/EffectPlayer.cs:77)
ProjectileSystem:Spawn (ProjectileArchetype,ProjectileSystem/Shot&,int,single) (at Assets/Scripts/Combat/ProjectileSystem.cs:221)
ProjectileSystem:Fire (UnityEngine.GameObject,ProjectileSystem/Shot&) (at Assets/Scripts/Combat/ProjectileSystem.cs:166)
BulletDispenserTowerActionStrategy:FireBullets (single) (at Assets/Scripts/Tower/ActionStrategies/BulletDispenserTowerActionStrategy.cs:137)
BulletDispenserTowerActionStrategy:FireVolley (single) (at Assets/Scripts/Tower/ActionStrategies/BulletDispenserTowerActionStrategy.cs:59)
BulletDispenserTowerActionStrategy:ExecuteAction () (at Assets/Scripts/Tower/ActionStrategies/BulletDispenserTowerActionStrategy.cs:49)
Tower:Update () (at Assets/Scripts/Entities/Tower.cs:89)

(Filename: Assets/Scripts/Effects/EffectPlayer.cs Line: 93)

EffectPlayer: LaserBlue plays batched flight
UnityEngine.Debug:ExtractStackTraceNoAlloc (byte*,int,string)
UnityEngine.StackTraceUtility:ExtractStackTrace () (at /Users/bokken/build/output/unity/unity/Runtime/Export/Scripting/StackTrace.cs:35)
UnityEngine.DebugLogHandler:Internal_Log (UnityEngine.LogType,UnityEngine.LogOption,string,UnityEngine.Object)
UnityEngine.DebugLogHandler:LogFormat (UnityEngine.LogType,UnityEngine.Object,string,object[])
UnityEngine.Logger:Log (UnityEngine.LogType,object)
UnityEngine.Debug:Log (object)
EffectPlayer:LogBackend (UnityEngine.GameObject,string) (at Assets/Scripts/Effects/EffectPlayer.cs:93)
EffectPool:Attach (UnityEngine.Vector3,UnityEngine.Quaternion,single) (at Assets/Scripts/Effects/EffectPool.cs:90)
EffectPlayer:Attach (UnityEngine.GameObject,UnityEngine.Vector3,UnityEngine.Quaternion,single) (at Assets/Scripts/Effects/EffectPlayer.cs:87)
ProjectileSystem:Spawn (ProjectileArchetype,ProjectileSystem/Shot&,int,single) (at Assets/Scripts/Combat/ProjectileSystem.cs:222)
ProjectileSystem:Fire (UnityEngine.GameObject,ProjectileSystem/Shot&) (at Assets/Scripts/Combat/ProjectileSystem.cs:166)
BulletDispenserTowerActionStrategy:FireBullets (single) (at Assets/Scripts/Tower/ActionStrategies/BulletDispenserTowerActionStrategy.cs:137)
BulletDispenserTowerActionStrategy:FireVolley (single) (at Assets/Scripts/Tower/ActionStrategies/BulletDispenserTowerActionStrategy.cs:59)
BulletDispenserTowerActionStrategy:ExecuteAction () (at Assets/Scripts/Tower/ActionStrategies/BulletDispenserTowerActionStrategy.cs:49)
Tower:Update () (at Assets/Scripts/Entities/Tower.cs:89)

(Filename: Assets/Scripts/Effects/EffectPlayer.cs Line: 93)

EffectPlayer: LaserExplosionBlue plays batched one-shot
UnityEngine.Debug:ExtractStackTraceNoAlloc (byte*,int,string)
UnityEngine.StackTraceUtility:ExtractStackTrace () (at /Users/bokken/build/output/unity/unity/Runtime/Export/Scripting/StackTrace.cs:35)
UnityEngine.DebugLogHandler:Internal_Log (UnityEngine.LogType,UnityEngine.LogOption,string,UnityEngine.Object)
UnityEngine.DebugLogHandler:LogFormat (UnityEngine.LogType,UnityEngine.Object,string,object[])
UnityEngine.Logger:Log (UnityEngine.LogType,object)
UnityEngine.Debug:Log (object)
EffectPlayer:LogBackend (UnityEngine.GameObject,string) (at Assets/Scripts/Effects/EffectPlayer.cs:93)
EffectPool:PlayOneShot (UnityEngine.Vector3,UnityEngine.Quaternion,single,single,single) (at Assets/Scripts/Effects/EffectPool.cs:65)
EffectPlayer:Play (UnityEngine.GameObject,UnityEngine.Vector3,UnityEngine.Quaternion,single,single,single) (at Assets/Scripts/Effects/EffectPlayer.cs:77)
ProjectileSystem:Apply (int) (at Assets/Scripts/Combat/ProjectileSystem.cs:314)
ProjectileSystem:Update () (at Assets/Scripts/Combat/ProjectileSystem.cs:274)

(Filename: Assets/Scripts/Effects/EffectPlayer.cs Line: 93)

PERF RESULT S3: towers 150, frames 972, frame p50/p95/p99/max 21.5/64.7/112.5/122.7 ms, main p50/p99 21.5/112.5 ms, speed 4.95x, GC steady 100.0% frames (12916002 B, 14984 B/frame), damage 220452, kills 1676, leaked 17209, pops 42208, projectiles 430542/430542, death fx 45722/45722, fx 640972/640972, markers [PlayerLoop=26.48ms, Update.ScriptRunBehaviourUpdate=10.53ms, PreLateUpdate.ScriptRunBehaviourLateUpdate=12.91ms, FixedUpdate.PhysicsFixedUpdate=0.00ms, FixedUpdate.ScriptRunBehaviourFixedUpdate=0.00ms, PreUpdate.PhysicsUpdate=0.00ms, Physics.Simulate=0.97ms, Physics.SyncTransforms=0.41ms, Physics.SendTriggerEvents=0.53ms, Physics.SendContactEvents=0.00ms, ParticleSystem.EndUpdateAll=0.08ms, GC.Collect=0.00ms, Instantiate=0.29ms], by type [Bullet Dispenser=220452]
UnityEngine.Debug:ExtractStackTraceNoAlloc (byte*,int,string)
UnityEngine.StackTraceUtility:ExtractStackTrace () (at /Users/bokken/build/output/unity/unity/Runtime/Export/Scripting/StackTrace.cs:35)
UnityEngine.DebugLogHandler:Internal_Log (UnityEngine.LogType,UnityEngine.LogOption,string,UnityEngine.Object)
UnityEngine.DebugLogHandler:LogFormat (UnityEngine.LogType,UnityEngine.Object,string,object[])
UnityEngine.Logger:Log (UnityEngine.LogType,object)
UnityEngine.Debug:Log (object)
PerfScenario:Summarize (PerfScenario/Run,PerfScenario/RunResult,System.Collections.Generic.List`1<Tower>,int) (at Assets/Scripts/Diagnostics/PerfScenario.cs:979)
PerfScenario/<RunOne>d__41:MoveNext () (at Assets/Scripts/Diagnostics/PerfScenario.cs:372)
UnityEngine.SetupCoroutine:InvokeMoveNext (System.Collections.IEnumerator,intptr) (at /Users/bokken/build/output/unity/unity/Runtime/Export/Scripting/Coroutines.cs:17)

(Filename: Assets/Scripts/Diagnostics/PerfScenario.cs Line: 979)

PERF FAIL S1-1x: frame p99 18.0 ms > 16.7
UnityEngine.Debug:ExtractStackTraceNoAlloc (byte*,int,string)
UnityEngine.StackTraceUtility:ExtractStackTrace () (at /Users/bokken/build/output/unity/unity/Runtime/Export/Scripting/StackTrace.cs:35)
UnityEngine.DebugLogHandler:Internal_Log (UnityEngine.LogType,UnityEngine.LogOption,string,UnityEngine.Object)
UnityEngine.DebugLogHandler:LogFormat (UnityEngine.LogType,UnityEngine.Object,string,object[])
UnityEngine.Logger:Log (UnityEngine.LogType,object)
UnityEngine.Debug:Log (object)
PerfScenario:WriteResults () (at Assets/Scripts/Diagnostics/PerfScenario.cs:1062)
PerfScenario/<Start>d__40:MoveNext () (at Assets/Scripts/Diagnostics/PerfScenario.cs:269)
UnityEngine.SetupCoroutine:InvokeMoveNext (System.Collections.IEnumerator,intptr) (at /Users/bokken/build/output/unity/unity/Runtime/Export/Scripting/Coroutines.cs:17)

(Filename: Assets/Scripts/Diagnostics/PerfScenario.cs Line: 1062)

PERF FAIL S1-1x: frame max 764.2 ms > 33.3
UnityEngine.Debug:ExtractStackTraceNoAlloc (byte*,int,string)
UnityEngine.StackTraceUtility:ExtractStackTrace () (at /Users/bokken/build/output/unity/unity/Runtime/Export/Scripting/StackTrace.cs:35)
UnityEngine.DebugLogHandler:Internal_Log (UnityEngine.LogType,UnityEngine.LogOption,string,UnityEngine.Object)
UnityEngine.DebugLogHandler:LogFormat (UnityEngine.LogType,UnityEngine.Object,string,object[])
UnityEngine.Logger:Log (UnityEngine.LogType,object)
UnityEngine.Debug:Log (object)
PerfScenario:WriteResults () (at Assets/Scripts/Diagnostics/PerfScenario.cs:1062)
PerfScenario/<Start>d__40:MoveNext () (at Assets/Scripts/Diagnostics/PerfScenario.cs:269)
UnityEngine.SetupCoroutine:InvokeMoveNext (System.Collections.IEnumerator,intptr) (at /Users/bokken/build/output/unity/unity/Runtime/Export/Scripting/Coroutines.cs:17)

(Filename: Assets/Scripts/Diagnostics/PerfScenario.cs Line: 1062)

PERF FAIL S1-1x: GC 2293 B per steady frame > 1024
UnityEngine.Debug:ExtractStackTraceNoAlloc (byte*,int,string)
UnityEngine.StackTraceUtility:ExtractStackTrace () (at /Users/bokken/build/output/unity/unity/Runtime/Export/Scripting/StackTrace.cs:35)
UnityEngine.DebugLogHandler:Internal_Log (UnityEngine.LogType,UnityEngine.LogOption,string,UnityEngine.Object)
UnityEngine.DebugLogHandler:LogFormat (UnityEngine.LogType,UnityEngine.Object,string,object[])
UnityEngine.Logger:Log (UnityEngine.LogType,object)
UnityEngine.Debug:Log (object)
PerfScenario:WriteResults () (at Assets/Scripts/Diagnostics/PerfScenario.cs:1062)
PerfScenario/<Start>d__40:MoveNext () (at Assets/Scripts/Diagnostics/PerfScenario.cs:269)
UnityEngine.SetupCoroutine:InvokeMoveNext (System.Collections.IEnumerator,intptr) (at /Users/bokken/build/output/unity/unity/Runtime/Export/Scripting/Coroutines.cs:17)

(Filename: Assets/Scripts/Diagnostics/PerfScenario.cs Line: 1062)

PERF FAIL S1-5x: frame p99 24.4 ms > 16.7
UnityEngine.Debug:ExtractStackTraceNoAlloc (byte*,int,string)
UnityEngine.StackTraceUtility:ExtractStackTrace () (at /Users/bokken/build/output/unity/unity/Runtime/Export/Scripting/StackTrace.cs:35)
UnityEngine.DebugLogHandler:Internal_Log (UnityEngine.LogType,UnityEngine.LogOption,string,UnityEngine.Object)
UnityEngine.DebugLogHandler:LogFormat (UnityEngine.LogType,UnityEngine.Object,string,object[])
UnityEngine.Logger:Log (UnityEngine.LogType,object)
UnityEngine.Debug:Log (object)
PerfScenario:WriteResults () (at Assets/Scripts/Diagnostics/PerfScenario.cs:1062)
PerfScenario/<Start>d__40:MoveNext () (at Assets/Scripts/Diagnostics/PerfScenario.cs:269)
UnityEngine.SetupCoroutine:InvokeMoveNext (System.Collections.IEnumerator,intptr) (at /Users/bokken/build/output/unity/unity/Runtime/Export/Scripting/Coroutines.cs:17)

(Filename: Assets/Scripts/Diagnostics/PerfScenario.cs Line: 1062)

PERF FAIL S1-5x: GC 6655 B per steady frame > 1024
UnityEngine.Debug:ExtractStackTraceNoAlloc (byte*,int,string)
UnityEngine.StackTraceUtility:ExtractStackTrace () (at /Users/bokken/build/output/unity/unity/Runtime/Export/Scripting/StackTrace.cs:35)
UnityEngine.DebugLogHandler:Internal_Log (UnityEngine.LogType,UnityEngine.LogOption,string,UnityEngine.Object)
UnityEngine.DebugLogHandler:LogFormat (UnityEngine.LogType,UnityEngine.Object,string,object[])
UnityEngine.Logger:Log (UnityEngine.LogType,object)
UnityEngine.Debug:Log (object)
PerfScenario:WriteResults () (at Assets/Scripts/Diagnostics/PerfScenario.cs:1062)
PerfScenario/<Start>d__40:MoveNext () (at Assets/Scripts/Diagnostics/PerfScenario.cs:269)
UnityEngine.SetupCoroutine:InvokeMoveNext (System.Collections.IEnumerator,intptr) (at /Users/bokken/build/output/unity/unity/Runtime/Export/Scripting/Coroutines.cs:17)

(Filename: Assets/Scripts/Diagnostics/PerfScenario.cs Line: 1062)

PERF FAIL S2: frame p99 31.2 ms > 16.7
UnityEngine.Debug:ExtractStackTraceNoAlloc (byte*,int,string)
UnityEngine.StackTraceUtility:ExtractStackTrace () (at /Users/bokken/build/output/unity/unity/Runtime/Export/Scripting/StackTrace.cs:35)
UnityEngine.DebugLogHandler:Internal_Log (UnityEngine.LogType,UnityEngine.LogOption,string,UnityEngine.Object)
UnityEngine.DebugLogHandler:LogFormat (UnityEngine.LogType,UnityEngine.Object,string,object[])
UnityEngine.Logger:Log (UnityEngine.LogType,object)
UnityEngine.Debug:Log (object)
PerfScenario:WriteResults () (at Assets/Scripts/Diagnostics/PerfScenario.cs:1062)
PerfScenario/<Start>d__40:MoveNext () (at Assets/Scripts/Diagnostics/PerfScenario.cs:269)
UnityEngine.SetupCoroutine:InvokeMoveNext (System.Collections.IEnumerator,intptr) (at /Users/bokken/build/output/unity/unity/Runtime/Export/Scripting/Coroutines.cs:17)

(Filename: Assets/Scripts/Diagnostics/PerfScenario.cs Line: 1062)

PERF FAIL S2: frame max 63.3 ms > 33.3
UnityEngine.Debug:ExtractStackTraceNoAlloc (byte*,int,string)
UnityEngine.StackTraceUtility:ExtractStackTrace () (at /Users/bokken/build/output/unity/unity/Runtime/Export/Scripting/StackTrace.cs:35)
UnityEngine.DebugLogHandler:Internal_Log (UnityEngine.LogType,UnityEngine.LogOption,string,UnityEngine.Object)
UnityEngine.DebugLogHandler:LogFormat (UnityEngine.LogType,UnityEngine.Object,string,object[])
UnityEngine.Logger:Log (UnityEngine.LogType,object)
UnityEngine.Debug:Log (object)
PerfScenario:WriteResults () (at Assets/Scripts/Diagnostics/PerfScenario.cs:1062)
PerfScenario/<Start>d__40:MoveNext () (at Assets/Scripts/Diagnostics/PerfScenario.cs:269)
UnityEngine.SetupCoroutine:InvokeMoveNext (System.Collections.IEnumerator,intptr) (at /Users/bokken/build/output/unity/unity/Runtime/Export/Scripting/Coroutines.cs:17)

(Filename: Assets/Scripts/Diagnostics/PerfScenario.cs Line: 1062)

PERF FAIL S2: GC 2954 B per steady frame > 1024
UnityEngine.Debug:ExtractStackTraceNoAlloc (byte*,int,string)
UnityEngine.StackTraceUtility:ExtractStackTrace () (at /Users/bokken/build/output/unity/unity/Runtime/Export/Scripting/StackTrace.cs:35)
UnityEngine.DebugLogHandler:Internal_Log (UnityEngine.LogType,UnityEngine.LogOption,string,UnityEngine.Object)
UnityEngine.DebugLogHandler:LogFormat (UnityEngine.LogType,UnityEngine.Object,string,object[])
UnityEngine.Logger:Log (UnityEngine.LogType,object)
UnityEngine.Debug:Log (object)
PerfScenario:WriteResults () (at Assets/Scripts/Diagnostics/PerfScenario.cs:1062)
PerfScenario/<Start>d__40:MoveNext () (at Assets/Scripts/Diagnostics/PerfScenario.cs:269)
UnityEngine.SetupCoroutine:InvokeMoveNext (System.Collections.IEnumerator,intptr) (at /Users/bokken/build/output/unity/unity/Runtime/Export/Scripting/Coroutines.cs:17)

(Filename: Assets/Scripts/Diagnostics/PerfScenario.cs Line: 1062)

PERF FAIL S3: frame p99 112.5 ms > 16.7
UnityEngine.Debug:ExtractStackTraceNoAlloc (byte*,int,string)
UnityEngine.StackTraceUtility:ExtractStackTrace () (at /Users/bokken/build/output/unity/unity/Runtime/Export/Scripting/StackTrace.cs:35)
UnityEngine.DebugLogHandler:Internal_Log (UnityEngine.LogType,UnityEngine.LogOption,string,UnityEngine.Object)
UnityEngine.DebugLogHandler:LogFormat (UnityEngine.LogType,UnityEngine.Object,string,object[])
UnityEngine.Logger:Log (UnityEngine.LogType,object)
UnityEngine.Debug:Log (object)
PerfScenario:WriteResults () (at Assets/Scripts/Diagnostics/PerfScenario.cs:1062)
PerfScenario/<Start>d__40:MoveNext () (at Assets/Scripts/Diagnostics/PerfScenario.cs:269)
UnityEngine.SetupCoroutine:InvokeMoveNext (System.Collections.IEnumerator,intptr) (at /Users/bokken/build/output/unity/unity/Runtime/Export/Scripting/Coroutines.cs:17)

(Filename: Assets/Scripts/Diagnostics/PerfScenario.cs Line: 1062)

PERF FAIL S3: frame max 122.7 ms > 33.3
UnityEngine.Debug:ExtractStackTraceNoAlloc (byte*,int,string)
UnityEngine.StackTraceUtility:ExtractStackTrace () (at /Users/bokken/build/output/unity/unity/Runtime/Export/Scripting/StackTrace.cs:35)
UnityEngine.DebugLogHandler:Internal_Log (UnityEngine.LogType,UnityEngine.LogOption,string,UnityEngine.Object)
UnityEngine.DebugLogHandler:LogFormat (UnityEngine.LogType,UnityEngine.Object,string,object[])
UnityEngine.Logger:Log (UnityEngine.LogType,object)
UnityEngine.Debug:Log (object)
PerfScenario:WriteResults () (at Assets/Scripts/Diagnostics/PerfScenario.cs:1062)
PerfScenario/<Start>d__40:MoveNext () (at Assets/Scripts/Diagnostics/PerfScenario.cs:269)
UnityEngine.SetupCoroutine:InvokeMoveNext (System.Collections.IEnumerator,intptr) (at /Users/bokken/build/output/unity/unity/Runtime/Export/Scripting/Coroutines.cs:17)

(Filename: Assets/Scripts/Diagnostics/PerfScenario.cs Line: 1062)

PERF FAIL S3: GC 14984 B per steady frame > 1024
UnityEngine.Debug:ExtractStackTraceNoAlloc (byte*,int,string)
UnityEngine.StackTraceUtility:ExtractStackTrace () (at /Users/bokken/build/output/unity/unity/Runtime/Export/Scripting/StackTrace.cs:35)
UnityEngine.DebugLogHandler:Internal_Log (UnityEngine.LogType,UnityEngine.LogOption,string,UnityEngine.Object)
UnityEngine.DebugLogHandler:LogFormat (UnityEngine.LogType,UnityEngine.Object,string,object[])
UnityEngine.Logger:Log (UnityEngine.LogType,object)
UnityEngine.Debug:Log (object)
PerfScenario:WriteResults () (at Assets/Scripts/Diagnostics/PerfScenario.cs:1062)
PerfScenario/<Start>d__40:MoveNext () (at Assets/Scripts/Diagnostics/PerfScenario.cs:269)
UnityEngine.SetupCoroutine:InvokeMoveNext (System.Collections.IEnumerator,intptr) (at /Users/bokken/build/output/unity/unity/Runtime/Export/Scripting/Coroutines.cs:17)

(Filename: Assets/Scripts/Diagnostics/PerfScenario.cs Line: 1062)

PERF finished, 11 failed checks, results in /Users/philipp/Projects/3DTD/tasks/perf/perf-core-20261004-150438.json
UnityEngine.Debug:ExtractStackTraceNoAlloc (byte*,int,string)
UnityEngine.StackTraceUtility:ExtractStackTrace () (at /Users/bokken/build/output/unity/unity/Runtime/Export/Scripting/StackTrace.cs:35)
UnityEngine.DebugLogHandler:Internal_Log (UnityEngine.LogType,UnityEngine.LogOption,string,UnityEngine.Object)
UnityEngine.DebugLogHandler:LogFormat (UnityEngine.LogType,UnityEngine.Object,string,object[])
UnityEngine.Logger:Log (UnityEngine.LogType,object)
UnityEngine.Debug:Log (object)
PerfScenario:WriteResults () (at Assets/Scripts/Diagnostics/PerfScenario.cs:1073)
PerfScenario/<Start>d__40:MoveNext () (at Assets/Scripts/Diagnostics/PerfScenario.cs:269)
UnityEngine.SetupCoroutine:InvokeMoveNext (System.Collections.IEnumerator,intptr) (at /Users/bokken/build/output/unity/unity/Runtime/Export/Scripting/Coroutines.cs:17)

(Filename: Assets/Scripts/Diagnostics/PerfScenario.cs Line: 1073)

Thread 0x17ff87000 may have been prematurely finalized
LightingSettings: switching bake backend from 2 to 1.
Unloading 1 Unused Serialized files (Serialized files now loaded: 0)
Loaded scene 'Temp/__Backupscenes/0.backup'
	Deserialize:            28.948 ms
	Integration:            181.359 ms
	Integration of assets:  0.012 ms
	Thread Wait Time:       0.011 ms
	Total Operation Time:   210.330 ms
Unloading 7 unused Assets / (168.0 KB). Loaded Objects now: 21836.
Memory consumption went from 0.65 GB to 0.65 GB.
Total: 12.980041 ms (FindLiveObjects: 0.547500 ms CreateObjectMapping: 1.235667 ms MarkObjects: 11.020167 ms  DeleteObjects: 0.175959 ms)

[Licensing::Client] Successfully resolved entitlement details
[Licensing::Module] License group:
  Id: F4-E4SU-4NGG-F7VJ-4QU2-XXXX
  Product: Unity Personal
  Type: ULF
  Expiration: Unlimited
[Licensing::Module] License group:
  Id: 9071000562088-UnityPersXXXX
  Product: Unity Personal
  Type: Assigned
  Expiration: Unlimited
[UnityConnectServicesConfig] config is NOT valid, switching to default
PERF benchmark finished, 11 failed checks
UnityEngine.Debug:ExtractStackTraceNoAlloc (byte*,int,string)
UnityEngine.StackTraceUtility:ExtractStackTrace () (at /Users/bokken/build/output/unity/unity/Runtime/Export/Scripting/StackTrace.cs:35)
UnityEngine.DebugLogHandler:Internal_Log (UnityEngine.LogType,UnityEngine.LogOption,string,UnityEngine.Object)
UnityEngine.DebugLogHandler:LogFormat (UnityEngine.LogType,UnityEngine.Object,string,object[])
UnityEngine.Logger:Log (UnityEngine.LogType,object)
UnityEngine.Debug:Log (object)
PerfBenchmark:Finish () (at Assets/Editor/Perf/PerfBenchmark.cs:86)
PerfBenchmark:Tick () (at Assets/Editor/Perf/PerfBenchmark.cs:57)
UnityEditor.EditorApplication:Internal_CallUpdateFunctions () (at /Users/bokken/build/output/unity/unity/Editor/Mono/EditorApplication.cs:403)

(Filename: Assets/Editor/Perf/PerfBenchmark.cs Line: 86)

MonoPathRemapper: Attempts to remap: 50032; Successful remaps: 4
Thread 0x7041623000 may have been prematurely finalized
Serialized file version minimum: 23, current 23
Clearing [Manrope-Bold SDF] dynamic font asset data.
UnityEngine.Debug:ExtractStackTraceNoAlloc (byte*,int,string)
UnityEngine.StackTraceUtility:ExtractStackTrace () (at /Users/bokken/build/output/unity/unity/Runtime/Export/Scripting/StackTrace.cs:35)
UnityEngine.DebugLogHandler:Internal_Log (UnityEngine.LogType,UnityEngine.LogOption,string,UnityEngine.Object)
UnityEngine.DebugLogHandler:LogFormat (UnityEngine.LogType,UnityEngine.Object,string,object[])
UnityEngine.Logger:Log (UnityEngine.LogType,object)
UnityEngine.Debug:Log (object)
TMPro.EditorEventCallbacks/<>c:<InitializeFontAssetResourceChangeCallBacks>b__0_0 () (at ./Library/PackageCache/com.unity.ugui@1c4864518158/Editor/TMP/TMP_EditorResourceManager.cs:36)
UnityEditor.EditorApplication:Internal_EditorApplicationQuit () (at /Users/bokken/build/output/unity/unity/Editor/Mono/EditorApplication.cs:128)
PerfBenchmark:Finish () (at Assets/Editor/Perf/PerfBenchmark.cs:88)
PerfBenchmark:Tick () (at Assets/Editor/Perf/PerfBenchmark.cs:57)
UnityEditor.EditorApplication:Internal_CallUpdateFunctions () (at /Users/bokken/build/output/unity/unity/Editor/Mono/EditorApplication.cs:403)

(Filename: ./Library/PackageCache/com.unity.ugui@1c4864518158/Editor/TMP/TMP_EditorResourceManager.cs Line: 36)

Clearing [Manrope-ExtraBold SDF] dynamic font asset data.
UnityEngine.Debug:ExtractStackTraceNoAlloc (byte*,int,string)
UnityEngine.StackTraceUtility:ExtractStackTrace () (at /Users/bokken/build/output/unity/unity/Runtime/Export/Scripting/StackTrace.cs:35)
UnityEngine.DebugLogHandler:Internal_Log (UnityEngine.LogType,UnityEngine.LogOption,string,UnityEngine.Object)
UnityEngine.DebugLogHandler:LogFormat (UnityEngine.LogType,UnityEngine.Object,string,object[])
UnityEngine.Logger:Log (UnityEngine.LogType,object)
UnityEngine.Debug:Log (object)
TMPro.EditorEventCallbacks/<>c:<InitializeFontAssetResourceChangeCallBacks>b__0_0 () (at ./Library/PackageCache/com.unity.ugui@1c4864518158/Editor/TMP/TMP_EditorResourceManager.cs:36)
UnityEditor.EditorApplication:Internal_EditorApplicationQuit () (at /Users/bokken/build/output/unity/unity/Editor/Mono/EditorApplication.cs:128)
PerfBenchmark:Finish () (at Assets/Editor/Perf/PerfBenchmark.cs:88)
PerfBenchmark:Tick () (at Assets/Editor/Perf/PerfBenchmark.cs:57)
UnityEditor.EditorApplication:Internal_CallUpdateFunctions () (at /Users/bokken/build/output/unity/unity/Editor/Mono/EditorApplication.cs:403)

(Filename: ./Library/PackageCache/com.unity.ugui@1c4864518158/Editor/TMP/TMP_EditorResourceManager.cs Line: 36)

Clearing [Manrope-Medium SDF] dynamic font asset data.
UnityEngine.Debug:ExtractStackTraceNoAlloc (byte*,int,string)
UnityEngine.StackTraceUtility:ExtractStackTrace () (at /Users/bokken/build/output/unity/unity/Runtime/Export/Scripting/StackTrace.cs:35)
UnityEngine.DebugLogHandler:Internal_Log (UnityEngine.LogType,UnityEngine.LogOption,string,UnityEngine.Object)
UnityEngine.DebugLogHandler:LogFormat (UnityEngine.LogType,UnityEngine.Object,string,object[])
UnityEngine.Logger:Log (UnityEngine.LogType,object)
UnityEngine.Debug:Log (object)
TMPro.EditorEventCallbacks/<>c:<InitializeFontAssetResourceChangeCallBacks>b__0_0 () (at ./Library/PackageCache/com.unity.ugui@1c4864518158/Editor/TMP/TMP_EditorResourceManager.cs:36)
UnityEditor.EditorApplication:Internal_EditorApplicationQuit () (at /Users/bokken/build/output/unity/unity/Editor/Mono/EditorApplication.cs:128)
PerfBenchmark:Finish () (at Assets/Editor/Perf/PerfBenchmark.cs:88)
PerfBenchmark:Tick () (at Assets/Editor/Perf/PerfBenchmark.cs:57)
UnityEditor.EditorApplication:Internal_CallUpdateFunctions () (at /Users/bokken/build/output/unity/unity/Editor/Mono/EditorApplication.cs:403)

(Filename: ./Library/PackageCache/com.unity.ugui@1c4864518158/Editor/TMP/TMP_EditorResourceManager.cs Line: 36)

Clearing [Manrope-SemiBold SDF] dynamic font asset data.
UnityEngine.Debug:ExtractStackTraceNoAlloc (byte*,int,string)
UnityEngine.StackTraceUtility:ExtractStackTrace () (at /Users/bokken/build/output/unity/unity/Runtime/Export/Scripting/StackTrace.cs:35)
UnityEngine.DebugLogHandler:Internal_Log (UnityEngine.LogType,UnityEngine.LogOption,string,UnityEngine.Object)
UnityEngine.DebugLogHandler:LogFormat (UnityEngine.LogType,UnityEngine.Object,string,object[])
UnityEngine.Logger:Log (UnityEngine.LogType,object)
UnityEngine.Debug:Log (object)
TMPro.EditorEventCallbacks/<>c:<InitializeFontAssetResourceChangeCallBacks>b__0_0 () (at ./Library/PackageCache/com.unity.ugui@1c4864518158/Editor/TMP/TMP_EditorResourceManager.cs:36)
UnityEditor.EditorApplication:Internal_EditorApplicationQuit () (at /Users/bokken/build/output/unity/unity/Editor/Mono/EditorApplication.cs:128)
PerfBenchmark:Finish () (at Assets/Editor/Perf/PerfBenchmark.cs:88)
PerfBenchmark:Tick () (at Assets/Editor/Perf/PerfBenchmark.cs:57)
UnityEditor.EditorApplication:Internal_CallUpdateFunctions () (at /Users/bokken/build/output/unity/unity/Editor/Mono/EditorApplication.cs:403)

(Filename: ./Library/PackageCache/com.unity.ugui@1c4864518158/Editor/TMP/TMP_EditorResourceManager.cs Line: 36)

Clearing [Sora-Bold SDF] dynamic font asset data.
UnityEngine.Debug:ExtractStackTraceNoAlloc (byte*,int,string)
UnityEngine.StackTraceUtility:ExtractStackTrace () (at /Users/bokken/build/output/unity/unity/Runtime/Export/Scripting/StackTrace.cs:35)
UnityEngine.DebugLogHandler:Internal_Log (UnityEngine.LogType,UnityEngine.LogOption,string,UnityEngine.Object)
UnityEngine.DebugLogHandler:LogFormat (UnityEngine.LogType,UnityEngine.Object,string,object[])
UnityEngine.Logger:Log (UnityEngine.LogType,object)
UnityEngine.Debug:Log (object)
TMPro.EditorEventCallbacks/<>c:<InitializeFontAssetResourceChangeCallBacks>b__0_0 () (at ./Library/PackageCache/com.unity.ugui@1c4864518158/Editor/TMP/TMP_EditorResourceManager.cs:36)
UnityEditor.EditorApplication:Internal_EditorApplicationQuit () (at /Users/bokken/build/output/unity/unity/Editor/Mono/EditorApplication.cs:128)
PerfBenchmark:Finish () (at Assets/Editor/Perf/PerfBenchmark.cs:88)
PerfBenchmark:Tick () (at Assets/Editor/Perf/PerfBenchmark.cs:57)
UnityEditor.EditorApplication:Internal_CallUpdateFunctions () (at /Users/bokken/build/output/unity/unity/Editor/Mono/EditorApplication.cs:403)

(Filename: ./Library/PackageCache/com.unity.ugui@1c4864518158/Editor/TMP/TMP_EditorResourceManager.cs Line: 36)

Clearing [Sora-ExtraBold SDF] dynamic font asset data.
UnityEngine.Debug:ExtractStackTraceNoAlloc (byte*,int,string)
UnityEngine.StackTraceUtility:ExtractStackTrace () (at /Users/bokken/build/output/unity/unity/Runtime/Export/Scripting/StackTrace.cs:35)
UnityEngine.DebugLogHandler:Internal_Log (UnityEngine.LogType,UnityEngine.LogOption,string,UnityEngine.Object)
UnityEngine.DebugLogHandler:LogFormat (UnityEngine.LogType,UnityEngine.Object,string,object[])
UnityEngine.Logger:Log (UnityEngine.LogType,object)
UnityEngine.Debug:Log (object)
TMPro.EditorEventCallbacks/<>c:<InitializeFontAssetResourceChangeCallBacks>b__0_0 () (at ./Library/PackageCache/com.unity.ugui@1c4864518158/Editor/TMP/TMP_EditorResourceManager.cs:36)
UnityEditor.EditorApplication:Internal_EditorApplicationQuit () (at /Users/bokken/build/output/unity/unity/Editor/Mono/EditorApplication.cs:128)
PerfBenchmark:Finish () (at Assets/Editor/Perf/PerfBenchmark.cs:88)
PerfBenchmark:Tick () (at Assets/Editor/Perf/PerfBenchmark.cs:57)
UnityEditor.EditorApplication:Internal_CallUpdateFunctions () (at /Users/bokken/build/output/unity/unity/Editor/Mono/EditorApplication.cs:403)

(Filename: ./Library/PackageCache/com.unity.ugui@1c4864518158/Editor/TMP/TMP_EditorResourceManager.cs Line: 36)

Clearing [Sora-SemiBold SDF] dynamic font asset data.
UnityEngine.Debug:ExtractStackTraceNoAlloc (byte*,int,string)
UnityEngine.StackTraceUtility:ExtractStackTrace () (at /Users/bokken/build/output/unity/unity/Runtime/Export/Scripting/StackTrace.cs:35)
UnityEngine.DebugLogHandler:Internal_Log (UnityEngine.LogType,UnityEngine.LogOption,string,UnityEngine.Object)
UnityEngine.DebugLogHandler:LogFormat (UnityEngine.LogType,UnityEngine.Object,string,object[])
UnityEngine.Logger:Log (UnityEngine.LogType,object)
UnityEngine.Debug:Log (object)
TMPro.EditorEventCallbacks/<>c:<InitializeFontAssetResourceChangeCallBacks>b__0_0 () (at ./Library/PackageCache/com.unity.ugui@1c4864518158/Editor/TMP/TMP_EditorResourceManager.cs:36)
UnityEditor.EditorApplication:Internal_EditorApplicationQuit () (at /Users/bokken/build/output/unity/unity/Editor/Mono/EditorApplication.cs:128)
PerfBenchmark:Finish () (at Assets/Editor/Perf/PerfBenchmark.cs:88)
PerfBenchmark:Tick () (at Assets/Editor/Perf/PerfBenchmark.cs:57)
UnityEditor.EditorApplication:Internal_CallUpdateFunctions () (at /Users/bokken/build/output/unity/unity/Editor/Mono/EditorApplication.cs:403)

(Filename: ./Library/PackageCache/com.unity.ugui@1c4864518158/Editor/TMP/TMP_EditorResourceManager.cs Line: 36)

Killing ADB server in 0.046197 seconds.
Importing 'GUID: b5f29bad05304450b9ab7277dfd32ce8 - Path: Assets/Fonts/Manrope/Manrope-Medium SDF.asset' with importer (NativeFormatImporter)
Imported 'GUID: b5f29bad05304450b9ab7277dfd32ce8' -> (Import Result ID: 'cb61bb827e031fa6239d66c2fa0f8afc') in 0.006 seconds [static dependencies only]. Details - ImportResultOutputID=ec3ec3f93bcf507604567c953f0b5957 DependenciesID=0e93cbb86ed043d6c0888f94658301af StaticDependenciesID=8ea8a00619bf04645ebfb69cfeab46c1 
Importing 'GUID: 960a4a1fee038423aa04c0a49d711d9b - Path: Assets/Fonts/Sora/Sora-SemiBold SDF.asset' with importer (NativeFormatImporter)
Imported 'GUID: 960a4a1fee038423aa04c0a49d711d9b' -> (Import Result ID: 'f0ee152553e8dc9ac62a81a89426c631') in 0.001 seconds [static dependencies only]. Details - ImportResultOutputID=c5376367d9140c4416bf39f8fde47f00 DependenciesID=5c744164e1951a442ae180395d62e8b6 StaticDependenciesID=f13d0a39dfad3eb2dbaac050dfbcbc39 
Importing 'GUID: c72df4aa697254381b2ff24a4f97e6d3 - Path: Assets/Fonts/Manrope/Manrope-SemiBold SDF.asset' with importer (NativeFormatImporter)
Imported 'GUID: c72df4aa697254381b2ff24a4f97e6d3' -> (Import Result ID: '070301d1491a0a501e5cdab33f309727') in 0.001 seconds [static dependencies only]. Details - ImportResultOutputID=2e7c58826d8c337f1c251c33b9ba64de DependenciesID=3c4bb27d96b34c1e8f718436c8471291 StaticDependenciesID=3865d2f26254e37be2f57786f222801d 
Importing 'GUID: b81218380dce5435392e5af2bdd5146f - Path: Assets/Fonts/Sora/Sora-ExtraBold SDF.asset' with importer (NativeFormatImporter)
Imported 'GUID: b81218380dce5435392e5af2bdd5146f' -> (Import Result ID: '952eaa173b921a4527748364df4e20b5') in 0.000 seconds [static dependencies only]. Details - ImportResultOutputID=2af47ebb0121feff9988dee99997374f DependenciesID=10babd8e3a758188fd534925dec15bf3 StaticDependenciesID=5b137e6e3eced2c0039820e8c6cb931b 
Importing 'GUID: 9dbec836a26194eee9c3e94b0b2a02fe - Path: Assets/Fonts/Manrope/Manrope-ExtraBold SDF.asset' with importer (NativeFormatImporter)
Imported 'GUID: 9dbec836a26194eee9c3e94b0b2a02fe' -> (Import Result ID: 'e2b437b14b599a3a5c1993c327428e8d') in 0.000 seconds [static dependencies only]. Details - ImportResultOutputID=c965e93c81ab70ea8c040638d843abce DependenciesID=5803e16bd1725a33189edaa35a368a9a StaticDependenciesID=93dacaa17b23f991adbbf43d15d11526 
Importing 'GUID: 1f393a07920384164ace0f7c2173264d - Path: Assets/Fonts/Manrope/Manrope-Bold SDF.asset' with importer (NativeFormatImporter)
Imported 'GUID: 1f393a07920384164ace0f7c2173264d' -> (Import Result ID: 'ca9f0dcacc57f40995654255728eb9d7') in 0.001 seconds [static dependencies only]. Details - ImportResultOutputID=3743d3df6aade6316de34d1f0cd20126 DependenciesID=02b0bfd84aa6cd32b4032df49b5f3bdc StaticDependenciesID=d41a957394ebfb9fa858d1deb4161887 
Importing 'GUID: 7f6a6978d2a4943d9aaa8c7cba6e7253 - Path: Assets/Fonts/Sora/Sora-Bold SDF.asset' with importer (NativeFormatImporter)
Imported 'GUID: 7f6a6978d2a4943d9aaa8c7cba6e7253' -> (Import Result ID: '6532add561161054dda27c460bc06877') in 0.001 seconds [static dependencies only]. Details - ImportResultOutputID=8e8b4bce18643da22ccdc54c9e891c81 DependenciesID=53ba04d9b6026a3964a05a452e103e99 StaticDependenciesID=5a6cf94023de4b5e983bb54f40f87bc7 
Asset Pipeline Refresh (id=a8eaf8f3d388441839eba98b8b2fa95b): Total: 0.136 seconds - Initiated by StopAssetImportingV2(NoUpdateAssetOptions)
Thread 0x7062aeb000 may have been prematurely finalized
"MSBuild-Server" wird heruntergefahren...
"VB/C#-Compilerserver" wird heruntergefahren...
"VB/C#-Compilerserver" wurde erfolgreich heruntergefahren.
Input System module state changed to: ShutdownInProgress.
Input Polling Thread exited.
Input System module state changed to: Shutdown.
[Physics::Module] Cleanup current backend.
[Physics::Module] Id: 0xf2b8ea05
[Licensing::IpcConnector] LicenseClient-philipp-notifications channel disconnected successfully.
[Licensing::IpcConnector] LicenseClient-philipp channel disconnected successfully.
Thread 0x16e91b000 may have been prematurely finalized
Thread 0x16eabf000 may have been prematurely finalized
Thread 0x16eb4b000 may have been prematurely finalized
Thread 0x16e9a7000 may have been prematurely finalized
Thread 0x16ecef000 may have been prematurely finalized
Thread 0x16ea33000 may have been prematurely finalized
Thread 0x16ec63000 may have been prematurely finalized
Thread 0x16ebd7000 may have been prematurely finalized
Lingering sessions upon destruction of worker manager
AcceleratorClientConnectionCallback - disconnected - :0
Thread 0x17a23f000 may have been prematurely finalized
info: Microsoft.Hosting.Lifetime[0]
      Application is shutting down...
Cleanup mono
CodeReloadManager destroyed
info: Unity.ILPP.Runner.PostProcessingAssemblyLoadContext[0]
      ALC ILPP context 1 is unloading
"MSBuild-Server" wurde erfolgreich heruntergefahren.
debugger-agent: Unable to listen on 44
[usbmuxd] Stop listen thread
[usbmuxd] Error: 
[usbmuxd] Listen thread exiting
