Unity Editor version:    6000.5.8f1 (5cb7df797b7d)
Branch:                  6000.5/staging
Build type:              Release
Batch mode:              YES
macOS version:           Version 27.0 (Build 26A428)
Darwin version:          27.0.0
Architecture:            arm64
Running under Rosetta:   NO
Available memory:        65536 MB
Date:                    2026-10-04T12:42:02Z
[Licensing::Module] Trying to connect to existing licensing client channel...
[Licensing::IpcConnector] Successfully connected to: "LicenseClient-philipp" at "2026-10-04T12:42:02.394429Z"
Launching external process: /Applications/Unity/Hub/Editor/6000.5.8f1/Unity.app/Contents/Helpers/PackageManager/Server/UnityPackageManager

COMMAND LINE ARGUMENTS:
/Applications/Unity/Hub/Editor/6000.5.8f1/Unity.app/Contents/MacOS/Unity
-batchmode
-projectPath
/Users/philipp/Projects/3DTD/3DTD/3DTD
-executeMethod
PerfBenchmark.Run
-perfSuite
T-BulletDispenser-1x,T-Bomb-1x,S2
-logFile
tasks/perf/logs/phase4-a.log
Successfully changed project path to: /Users/philipp/Projects/3DTD/3DTD/3DTD
/Users/philipp/Projects/3DTD/3DTD/3DTD
[UnityMemory] Configuration Parameters - Can be set up in boot.config
    "memorysetup-temp-allocator-size-gi-baking-worker=262144"
    "memorysetup-temp-allocator-size-gi-baking-worker=262144"
    "memorysetup-temp-allocator-size-gi-baking-worker=262144"
    "memorysetup-temp-allocator-size-gi-baking-worker=262144"
    "memorysetup-temp-allocator-size-gi-baking-worker=262144"
    "memorysetup-temp-allocator-size-nav-mesh-worker=65536"
    "memorysetup-temp-allocator-size-audio-worker=65536"
    "memorysetup-temp-allocator-size-cloud-worker=32768"
    "memorysetup-allocator-temp-initial-block-size-main=262144"
    "memorysetup-allocator-temp-initial-block-size-worker=262144"
    "memorysetup-temp-allocator-size-preload-manager=33554432"
    "memorysetup-temp-allocator-size-gfx=262144"
    "memorysetup-temp-allocator-size-background-worker=32768"
    "memorysetup-temp-allocator-size-job-worker=262144"
    "memorysetup-bucket-allocator-granularity=16"
    "memorysetup-bucket-allocator-bucket-count=8"
    "memorysetup-bucket-allocator-block-size=33554432"
    "memorysetup-bucket-allocator-block-count=8"
    "memorysetup-main-allocator-block-size=16777216"
    "memorysetup-thread-allocator-block-size=16777216"
    "memorysetup-main-allocator-mimalloc-enabled=0"
    "memorysetup-gfx-main-allocator-block-size=16777216"
    "memorysetup-gfx-thread-allocator-block-size=16777216"
    "memorysetup-cache-allocator-block-size=4194304"
    "memorysetup-typetree-allocator-block-size=2097152"
    "memorysetup-profiler-bucket-allocator-granularity=16"
    "memorysetup-profiler-bucket-allocator-bucket-count=8"
    "memorysetup-profiler-bucket-allocator-block-size=33554432"
    "memorysetup-profiler-bucket-allocator-block-count=8"
    "memorysetup-profiler-allocator-block-size=16777216"
    "memorysetup-profiler-editor-allocator-block-size=1048576"
    "memorysetup-temp-allocator-size-main=16777216"
    "memorysetup-job-temp-allocator-block-size=2097152"
    "memorysetup-job-temp-allocator-block-size-background=1048576"
    "memorysetup-job-temp-allocator-reduction-small-platforms=262144"
Logging is directed to a specific file, skipping project log.Player connection [8171323264]  Target information:

Player connection [8171323264]  * "[IP] 192.168.178.132 [Port] 55504 [Flags] 2 [Guid] 1024663876 [EditorId] 1024663876 [Version] 1048832 [Id] OSXEditor(0,Philipps-Mac-LAN.fritz.box) [Debug] 1 [PackageName] OSXEditor [ProjectName] Editor" 

Player connection [8171323264]  * "[IP] 192.168.178.133 [Port] 55504 [Flags] 2 [Guid] 1024663876 [EditorId] 1024663876 [Version] 1048832 [Id] OSXEditor(0,Philipps-Mac-LAN.fritz.box) [Debug] 1 [PackageName] OSXEditor [ProjectName] Editor" 

Player connection [8171323264]  * "[IP] 192.168.139.3 [Port] 55504 [Flags] 2 [Guid] 1024663876 [EditorId] 1024663876 [Version] 1048832 [Id] OSXEditor(0,Philipps-Mac-LAN.fritz.box) [Debug] 1 [PackageName] OSXEditor [ProjectName] Editor" 

Player connection [8171323264]  * "[IP] 192.168.215.0 [Port] 55504 [Flags] 2 [Guid] 1024663876 [EditorId] 1024663876 [Version] 1048832 [Id] OSXEditor(0,Philipps-Mac-LAN.fritz.box) [Debug] 1 [PackageName] OSXEditor [ProjectName] Editor" 

Player connection [8171323264]  * "[IP] 192.168.97.0 [Port] 55504 [Flags] 2 [Guid] 1024663876 [EditorId] 1024663876 [Version] 1048832 [Id] OSXEditor(0,Philipps-Mac-LAN.fritz.box) [Debug] 1 [PackageName] OSXEditor [ProjectName] Editor" 

Player connection [8171323264] Host joined multi-casting on [225.0.0.222:54997]...
Player connection [8171323264] Host joined alternative multi-casting on [225.0.0.222:34997]...
Input System module state changed to: Initialized.
[Physics::Module] Initialized fallback backend.
[Physics::Module] Id: 0xdecafbad
[Package Manager] Connected to IPC stream "Upm-68045" after 0.1 seconds.
[Licensing::Module] Licensing is not yet initialized.
[Licensing::Client] Handshaking with LicensingClient:
  Version:                 1.18.3+d7ffd15
  Session Id:              7f87fd871eb4452ebcbcb244b920ee96
  Correlation Id:          910c49780be0d37de9010221086ac5fe
  External correlation Id: 2872196912437972308
  Machine Id:              RvZ12cVBd6PoVZKbkiBOwYmsOqI=
[Licensing::Module] Successfully connected to LicensingClient on channel: "LicenseClient-philipp" (connect: 0.00s, validation: 0.00s, handshake: 0.27s)
[Licensing::IpcConnector] Successfully connected to: "LicenseClient-philipp-notifications" at "2026-10-04T12:42:02.661518Z"
[Licensing::Module] Error: Access token is unavailable; failed to update
[Licensing::Client] Successfully resolved entitlement details
[Licensing::Module] License group:
  Id: F4-E4SU-4NGG-F7VJ-4QU2-XXXX
  Product: Unity Personal
  Type: ULF
  Expiration: Unlimited
[Licensing::Module] License group:
  Id: 9071000562088-UnityPersXXXX
  Product: Unity Personal
  Type: Assigned
  Expiration: Unlimited
[Licensing::Client] Successfully updated license, isAsync: True, time: 0.00
[Licensing::Client] Successfully resolved entitlement details
[Licensing::Module] License group:
  Id: F4-E4SU-4NGG-F7VJ-4QU2-XXXX
  Product: Unity Personal
  Type: ULF
  Expiration: Unlimited
[Licensing::Module] License group:
  Id: 9071000562088-UnityPersXXXX
  Product: Unity Personal
  Type: Assigned
  Expiration: Unlimited
[Licensing::Module] Licensing Background thread has ended after 0.27s
[Licensing::Module] Licensing is initialized (took 0.03s).
[Licensing::Client] Successfully resolved entitlement details
[Licensing::Module] License group:
  Id: F4-E4SU-4NGG-F7VJ-4QU2-XXXX
  Product: Unity Personal
  Type: ULF
  Expiration: Unlimited
[Licensing::Module] License group:
  Id: 9071000562088-UnityPersXXXX
  Product: Unity Personal
  Type: Assigned
  Expiration: Unlimited
Library Redirect Path: Library/
[Physics::Module] Selected backend.
[Physics::Module] Name: PhysX
[Physics::Module] Id: 0xf2b8ea05
[Physics::Module] SDK Version: 4.1.2
[Physics::Module] Integration Version: 1.0.0
[Physics::Module] Threading Mode: Multi-Threaded
Initialize engine version: 6000.5.8f1 (5cb7df797b7d)
[Subsystems] Discovering subsystems at path /Applications/Unity/Hub/Editor/6000.5.8f1/Unity.app/Contents/Resources/UnitySubsystems
[Subsystems] Discovering subsystems at path /Users/philipp/Projects/3DTD/3DTD/3DTD/Assets
GfxDevice: creating device client; kGfxThreadingModeNonThreaded
 preferred device: Apple M4 Pro (high power)
Metal devices available: 1
0: Apple M4 Pro (high power)
Using device Apple M4 Pro (high power)
Initializing Metal device caps: Apple M4 Pro
Mac GPU Family: 2
Apple GPU Family: 9
MSL Version: 3.0
Has Float MSAA: 1
Has Float Filtering: 1
ReadWrite Texture Tier: 2
Initialize mono
Mono path[0] = '/Applications/Unity/Hub/Editor/6000.5.8f1/Unity.app/Contents/Resources/Scripting/Managed'
Mono path[1] = '/Applications/Unity/Hub/Editor/6000.5.8f1/Unity.app/Contents/Resources/Scripting/BCLExtensions/runtime/netstandard2.1'
Mono path[2] = '/Applications/Unity/Hub/Editor/6000.5.8f1/Unity.app/Contents/Resources/Scripting/MonoBleedingEdge/lib/mono/unityjit-macos'
Mono config path = '/Applications/Unity/Hub/Editor/6000.5.8f1/Unity.app/Contents/Resources/Scripting/MonoBleedingEdge/etc'
Using monoOptions --debugger-agent=transport=dt_socket,embedding=1,server=y,suspend=n,address=127.0.0.1:56045
CodeReloadManager initialized
ImportWorker Server TCP listen port: 0
AcceleratorClientConnectionCallback - disconnected - :0
Begin MonoManager ReloadAssembly
Registering precompiled unity dll's ...
Register platform support module: /Applications/Unity/Hub/Editor/6000.5.8f1/PlaybackEngines/WebGLSupport/UnityEditor.WebGL.Extensions.dll
Register platform support module: /Applications/Unity/Hub/Editor/6000.5.8f1/PlaybackEngines/MacStandaloneSupport/UnityEditor.OSXStandalone.Extensions.dll
Register platform support module: /Applications/Unity/Hub/Editor/6000.5.8f1/PlaybackEngines/WindowsStandaloneSupport/UnityEditor.WindowsStandalone.Extensions.dll
[Licensing::Client] Successfully resolved entitlement details
[Licensing::Module] License group:
  Id: F4-E4SU-4NGG-F7VJ-4QU2-XXXX
  Product: Unity Personal
  Type: ULF
  Expiration: Unlimited
[Licensing::Module] License group:
  Id: 9071000562088-UnityPersXXXX
  Product: Unity Personal
  Type: Assigned
  Expiration: Unlimited
Register platform support module: /Applications/Unity/Hub/Editor/6000.5.8f1/PlaybackEngines/AndroidPlayer/UnityEditor.Android.Extensions.dll
[Licensing::Client] Successfully resolved entitlement details
[Licensing::Module] License group:
  Id: F4-E4SU-4NGG-F7VJ-4QU2-XXXX
  Product: Unity Personal
  Type: ULF
  Expiration: Unlimited
[Licensing::Module] License group:
  Id: 9071000562088-UnityPersXXXX
  Product: Unity Personal
  Type: Assigned
  Expiration: Unlimited
Register platform support module: /Applications/Unity/Hub/Editor/6000.5.8f1/PlaybackEngines/iOSSupport/UnityEditor.iOS.Extensions.dll
Register platform support module: /Applications/Unity/Hub/Editor/6000.5.8f1/PlaybackEngines/LinuxStandaloneSupport/UnityEditor.LinuxStandalone.Extensions.dll
Registered in 0.001701 seconds.
Native extension for LinuxStandalone target not found
[usbmuxd] Start listen thread
[usbmuxd] Listen thread started
[usbmuxd] Send listen message
Native extension for iOS target not found
Native extension for Android target not found
Native extension for WindowsStandalone target not found
Native extension for OSXStandalone target not found
Native extension for WebGL target not found
Package Manager log level set to [2]
[Licensing::Client] Successfully resolved entitlement details
ScheduleIndexationOnStartup MainProcess:False IndexOnStartup:True
Mono: successfully reloaded assembly
- Finished resetting the current domain, in  1.621 seconds
Domain Reload Profiling: 1877ms
	BeginReloadAssembly (61ms)
		CreateAndSetChildDomain (16ms)
	RebuildNativeTypeToScriptingClass (8ms)
	initialDomainReloadingComplete (27ms)
	LoadAllAssembliesAndSetupDomain (157ms)
		LoadAssemblies (41ms)
		AnalyzeDomain (115ms)
			TypeCache.Refresh (115ms)
				TypeCache.ScanAssembly (106ms)
	FinalizeReload (1622ms)
		SetupLoadedEditorAssemblies (0ms)
			InitializePlatformSupportModulesInManaged (39ms)
			BeforeProcessingInitializeOnLoad (45ms)
			ProcessInitializeOnLoadAttributes (51ms)
			ProcessInitializeOnLoadMethodAttributes (1450ms)
[Licensing::Client] Successfully resolved entitlement details
[Licensing::Module] License group:
  Id: F4-E4SU-4NGG-F7VJ-4QU2-XXXX
  Product: Unity Personal
  Type: ULF
  Expiration: Unlimited
[Licensing::Module] License group:
  Id: 9071000562088-UnityPersXXXX
  Product: Unity Personal
  Type: Assigned
  Expiration: Unlimited
Application.AssetDatabase Initial Refresh Start
[Package Manager] Restoring resolved packages state from cache
[Licensing::Client] Successfully resolved entitlement details
[Package Manager] Registered 59 packages:
  Packages from [https://packages.unity.com]:
    com.unity.ai.navigation@2.0.14 (location: /Users/philipp/Projects/3DTD/3DTD/3DTD/Library/PackageCache/com.unity.ai.navigation@134dd6a3b97b)
    com.unity.burst@1.8.30 (location: /Users/philipp/Projects/3DTD/3DTD/3DTD/Library/PackageCache/com.unity.burst@2f3d916873ea)
    com.unity.collab-proxy@2.13.5 (location: /Users/philipp/Projects/3DTD/3DTD/3DTD/Library/PackageCache/com.unity.collab-proxy@120d77864ebc)
    com.unity.ide.rider@3.0.38 (location: /Users/philipp/Projects/3DTD/3DTD/3DTD/Library/PackageCache/com.unity.ide.rider@1f60b3138684)
    com.unity.ide.visualstudio@2.0.26 (location: /Users/philipp/Projects/3DTD/3DTD/3DTD/Library/PackageCache/com.unity.ide.visualstudio@a99d56dec63f)
    com.unity.nuget.newtonsoft-json@3.2.2 (location: /Users/philipp/Projects/3DTD/3DTD/3DTD/Library/PackageCache/com.unity.nuget.newtonsoft-json@4dfd81071c64)
    com.unity.timeline@1.8.12 (location: /Users/philipp/Projects/3DTD/3DTD/3DTD/Library/PackageCache/com.unity.timeline@8cd8509afae5)
    com.unity.searcher@4.9.5 (location: /Users/philipp/Projects/3DTD/3DTD/3DTD/Library/PackageCache/com.unity.searcher@a463122f2c00)
    com.unity.nuget.mono-cecil@1.11.6 (location: /Users/philipp/Projects/3DTD/3DTD/3DTD/Library/PackageCache/com.unity.nuget.mono-cecil@ecb9724e46ff)
    com.unity.test-framework.performance@3.5.0 (location: /Users/philipp/Projects/3DTD/3DTD/3DTD/Library/PackageCache/com.unity.test-framework.performance@8b56083ec0f0)
  Built-in packages:
    com.unity.2d.sprite@1.0.0 (location: /Users/philipp/Projects/3DTD/3DTD/3DTD/Library/PackageCache/com.unity.2d.sprite@053a968eab56)
    com.unity.multiplayer.center@1.0.1 (location: /Users/philipp/Projects/3DTD/3DTD/3DTD/Library/PackageCache/com.unity.multiplayer.center@b860850997d0)
    com.unity.render-pipelines.universal@17.5.0 (location: /Users/philipp/Projects/3DTD/3DTD/3DTD/Library/PackageCache/com.unity.render-pipelines.universal@73b4c4ff130e)
    com.unity.test-framework@1.7.0 (location: /Users/philipp/Projects/3DTD/3DTD/3DTD/Library/PackageCache/com.unity.test-framework@1405238725ab)
    com.unity.ugui@2.5.0 (location: /Users/philipp/Projects/3DTD/3DTD/3DTD/Library/PackageCache/com.unity.ugui@1c4864518158)
    com.unity.visualeffectgraph@17.5.0 (location: /Users/philipp/Projects/3DTD/3DTD/3DTD/Library/PackageCache/com.unity.visualeffectgraph@b1f03b147b92)
    com.unity.modules.accessibility@1.0.0 (location: /Users/philipp/Projects/3DTD/3DTD/3DTD/Library/PackageCache/com.unity.modules.accessibility)
    com.unity.modules.adaptiveperformance@1.0.0 (location: /Users/philipp/Projects/3DTD/3DTD/3DTD/Library/PackageCache/com.unity.modules.adaptiveperformance)
    com.unity.modules.ai@1.0.0 (location: /Users/philipp/Projects/3DTD/3DTD/3DTD/Library/PackageCache/com.unity.modules.ai)
    com.unity.modules.androidjni@1.0.0 (location: /Users/philipp/Projects/3DTD/3DTD/3DTD/Library/PackageCache/com.unity.modules.androidjni)
    com.unity.modules.animation@1.0.0 (location: /Users/philipp/Projects/3DTD/3DTD/3DTD/Library/PackageCache/com.unity.modules.animation)
    com.unity.modules.assetbundle@1.0.0 (location: /Users/philipp/Projects/3DTD/3DTD/3DTD/Library/PackageCache/com.unity.modules.assetbundle)
    com.unity.modules.audio@1.0.0 (location: /Users/philipp/Projects/3DTD/3DTD/3DTD/Library/PackageCache/com.unity.modules.audio)
    com.unity.modules.cloth@1.0.0 (location: /Users/philipp/Projects/3DTD/3DTD/3DTD/Library/PackageCache/com.unity.modules.cloth)
    com.unity.modules.director@1.0.0 (location: /Users/philipp/Projects/3DTD/3DTD/3DTD/Library/PackageCache/com.unity.modules.director)
    com.unity.modules.imageconversion@1.0.0 (location: /Users/philipp/Projects/3DTD/3DTD/3DTD/Library/PackageCache/com.unity.modules.imageconversion)
    com.unity.modules.imgui@1.0.0 (location: /Users/philipp/Projects/3DTD/3DTD/3DTD/Library/PackageCache/com.unity.modules.imgui)
    com.unity.modules.jsonserialize@1.0.0 (location: /Users/philipp/Projects/3DTD/3DTD/3DTD/Library/PackageCache/com.unity.modules.jsonserialize)
    com.unity.modules.particlesystem@1.0.0 (location: /Users/philipp/Projects/3DTD/3DTD/3DTD/Library/PackageCache/com.unity.modules.particlesystem)
    com.unity.modules.physics@1.0.0 (location: /Users/philipp/Projects/3DTD/3DTD/3DTD/Library/PackageCache/com.unity.modules.physics)
    com.unity.modules.physics2d@1.0.0 (location: /Users/philipp/Projects/3DTD/3DTD/3DTD/Library/PackageCache/com.unity.modules.physics2d)
    com.unity.modules.physicscore2d@1.0.0 (location: /Users/philipp/Projects/3DTD/3DTD/3DTD/Library/PackageCache/com.unity.modules.physicscore2d)
    com.unity.modules.screencapture@1.0.0 (location: /Users/philipp/Projects/3DTD/3DTD/3DTD/Library/PackageCache/com.unity.modules.screencapture)
    com.unity.modules.terrain@1.0.0 (location: /Users/philipp/Projects/3DTD/3DTD/3DTD/Library/PackageCache/com.unity.modules.terrain)
    com.unity.modules.terrainphysics@1.0.0 (location: /Users/philipp/Projects/3DTD/3DTD/3DTD/Library/PackageCache/com.unity.modules.terrainphysics)
    com.unity.modules.tilemap@1.0.0 (location: /Users/philipp/Projects/3DTD/3DTD/3DTD/Library/PackageCache/com.unity.modules.tilemap)
    com.unity.modules.ui@1.0.0 (location: /Users/philipp/Projects/3DTD/3DTD/3DTD/Library/PackageCache/com.unity.modules.ui)
    com.unity.modules.uielements@1.0.0 (location: /Users/philipp/Projects/3DTD/3DTD/3DTD/Library/PackageCache/com.unity.modules.uielements)
    com.unity.modules.umbra@1.0.0 (location: /Users/philipp/Projects/3DTD/3DTD/3DTD/Library/PackageCache/com.unity.modules.umbra)
    com.unity.modules.unityanalytics@1.0.0 (location: /Users/philipp/Projects/3DTD/3DTD/3DTD/Library/PackageCache/com.unity.modules.unityanalytics)
    com.unity.modules.unitywebrequest@1.0.0 (location: /Users/philipp/Projects/3DTD/3DTD/3DTD/Library/PackageCache/com.unity.modules.unitywebrequest)
    com.unity.modules.unitywebrequestassetbundle@1.0.0 (location: /Users/philipp/Projects/3DTD/3DTD/3DTD/Library/PackageCache/com.unity.modules.unitywebrequestassetbundle)
    com.unity.modules.unitywebrequestaudio@1.0.0 (location: /Users/philipp/Projects/3DTD/3DTD/3DTD/Library/PackageCache/com.unity.modules.unitywebrequestaudio)
    com.unity.modules.unitywebrequesttexture@1.0.0 (location: /Users/philipp/Projects/3DTD/3DTD/3DTD/Library/PackageCache/com.unity.modules.unitywebrequesttexture)
    com.unity.modules.unitywebrequestwww@1.0.0 (location: /Users/philipp/Projects/3DTD/3DTD/3DTD/Library/PackageCache/com.unity.modules.unitywebrequestwww)
    com.unity.modules.vectorgraphics@1.0.0 (location: /Users/philipp/Projects/3DTD/3DTD/3DTD/Library/PackageCache/com.unity.modules.vectorgraphics)
    com.unity.modules.vehicles@1.0.0 (location: /Users/philipp/Projects/3DTD/3DTD/3DTD/Library/PackageCache/com.unity.modules.vehicles)
    com.unity.modules.video@1.0.0 (location: /Users/philipp/Projects/3DTD/3DTD/3DTD/Library/PackageCache/com.unity.modules.video)
    com.unity.modules.wind@1.0.0 (location: /Users/philipp/Projects/3DTD/3DTD/3DTD/Library/PackageCache/com.unity.modules.wind)
    com.unity.modules.xr@1.0.0 (location: /Users/philipp/Projects/3DTD/3DTD/3DTD/Library/PackageCache/com.unity.modules.xr)
    com.unity.modules.subsystems@1.0.0 (location: /Users/philipp/Projects/3DTD/3DTD/3DTD/Library/PackageCache/com.unity.modules.subsystems)
    com.unity.modules.hierarchycore@1.0.0 (location: /Users/philipp/Projects/3DTD/3DTD/3DTD/Library/PackageCache/com.unity.modules.hierarchycore)
    com.unity.shadergraph@17.5.0 (location: /Users/philipp/Projects/3DTD/3DTD/3DTD/Library/PackageCache/com.unity.shadergraph@8d7376ec43ee)
    com.unity.render-pipelines.core@17.5.0 (location: /Users/philipp/Projects/3DTD/3DTD/3DTD/Library/PackageCache/com.unity.render-pipelines.core@a4c9a9793789)
    com.unity.ext.nunit@2.1.0 (location: /Users/philipp/Projects/3DTD/3DTD/3DTD/Library/PackageCache/com.unity.ext.nunit@44f7d31723bd)
    com.unity.render-pipelines.universal-config@17.5.0 (location: /Users/philipp/Projects/3DTD/3DTD/3DTD/Library/PackageCache/com.unity.render-pipelines.universal-config@fdda01c80fe3)
    com.unity.collections@6.5.0 (location: /Users/philipp/Projects/3DTD/3DTD/3DTD/Library/PackageCache/com.unity.collections@ec2c217e4cb2)
    com.unity.mathematics@1.4.0 (location: /Users/philipp/Projects/3DTD/3DTD/3DTD/Library/PackageCache/com.unity.mathematics@981956d94fb6)
  Git packages:
    com.unify.unified-universal-blur@https://github.com/lukakldiashvili/Unified-Universal-Blur.git#0.9.0 (location: /Users/philipp/Projects/3DTD/3DTD/3DTD/Library/PackageCache/com.unify.unified-universal-blur@6a18634d9a56)
[Subsystems] No new subsystems found in resolved package list.
[Package Manager] Done registering packages in 0.01 seconds
info: Microsoft.Hosting.Lifetime[14]
      Now listening on: http://unix:/tmp/ilpp.sock-abe43804ae87d25423edb61801c047fd
info: Microsoft.Hosting.Lifetime[0]
      Application started. Press Ctrl+C to shut down.
info: Microsoft.Hosting.Lifetime[0]
      Hosting environment: Production
info: Microsoft.Hosting.Lifetime[0]
      Content root path: /Users/philipp/Projects/3DTD/3DTD/3DTD
info: Microsoft.AspNetCore.Hosting.Diagnostics[1]
      Request starting HTTP/2 POST http://ilpp/UnityILPP.PostProcessing/Ping - application/grpc -
info: Microsoft.AspNetCore.Routing.EndpointMiddleware[0]
      Executing endpoint 'gRPC - /UnityILPP.PostProcessing/Ping'
info: Microsoft.AspNetCore.Routing.EndpointMiddleware[1]
      Executed endpoint 'gRPC - /UnityILPP.PostProcessing/Ping'
info: Microsoft.AspNetCore.Hosting.Diagnostics[2]
      Request finished HTTP/2 POST http://ilpp/UnityILPP.PostProcessing/Ping - 200 - application/grpc 15.7972ms
Starting: /Applications/Unity/Hub/Editor/6000.5.8f1/Unity.app/Contents/Resources/BuildPipeline/bee_backend --ipc --defer-dag-verification --dagfile="Library/Bee/200b0aE.dag" --continue-on-failure --profile="Library/Bee/backend1.traceevents" ScriptAssemblies
WorkingDir: /Users/philipp/Projects/3DTD/3DTD/3DTD
DisplayProgressbar: Compiling Scripts
info: Microsoft.AspNetCore.Hosting.Diagnostics[1]
      Request starting HTTP/2 POST http://ilpp/UnityILPP.PostProcessing/ConfigurePostProcessors - application/grpc -
info: Microsoft.AspNetCore.Routing.EndpointMiddleware[0]
      Executing endpoint 'gRPC - /UnityILPP.PostProcessing/ConfigurePostProcessors'
warn: Unity.ILPP.Runner.PostProcessingAssemblyLoadContext[0]
      Assembly unityeditor.ios.extensions.xcode has duplicate hint path. Ignoring "/Applications/Unity/Hub/Editor/6000.5.8f1/PlaybackEngines/iOSSupport/UnityEditor.iOS.Extensions.Xcode.dll" in favor of "/Applications/Unity/Hub/Editor/6000.5.8f1/PlaybackEngines/MacStandaloneSupport/UnityEditor.iOS.Extensions.Xcode.dll"
info: Unity.ILPP.Runner.PostProcessingAssemblyLoadContext[0]
      Resolved Unity.Burst.Cecil, Version=0.11.6.0, Culture=neutral, PublicKeyToken=50cebf1cceb9d05e with Library/PackageCache/com.unity.burst@2f3d916873ea/Unity.Burst.CodeGen/Unity.Burst.Cecil.dll
info: Unity.ILPP.Runner.PostProcessingAssemblyLoadContext[0]
      Resolved Mono.Cecil, Version=0.11.5.0, Culture=neutral, PublicKeyToken=50cebf1cceb9d05e with Library/PackageCache/com.unity.nuget.mono-cecil@ecb9724e46ff/Mono.Cecil.dll
info: Microsoft.AspNetCore.Routing.EndpointMiddleware[1]
      Executed endpoint 'gRPC - /UnityILPP.PostProcessing/ConfigurePostProcessors'
info: Microsoft.AspNetCore.Hosting.Diagnostics[2]
      Request finished HTTP/2 POST http://ilpp/UnityILPP.PostProcessing/ConfigurePostProcessors - 200 - application/grpc 13.9693ms
ExitCode: 0 Duration: 0s234ms
[627/805    0s] ILPP-Configuration Library/ilpp-configuration.nevergeneratedoutput
*** Tundra build success (0.22 seconds), 1 items updated, 805 evaluated
AssetDatabase: script compilation time: 0.580773s
Total cache size 267357162
Total cache size after purge 267357162, took 00:00:00.1443397
Begin MonoManager ReloadAssembly
Symbol file LoadedFromMemory is not a mono symbol file
Native extension for LinuxStandalone target not found
Native extension for iOS target not found
Native extension for Android target not found
Native extension for WindowsStandalone target not found
Native extension for OSXStandalone target not found
Native extension for WebGL target not found
ScheduleIndexationOnStartup MainProcess:True IndexOnStartup:True
Mono: successfully reloaded assembly
- Finished resetting the current domain, in  1.768 seconds
Domain Reload Profiling: 2149ms
	BeginReloadAssembly (101ms)
		DisableScriptedObjects (11ms)
		CreateAndSetChildDomain (28ms)
	RebuildCommonClasses (4ms)
	RebuildNativeTypeToScriptingClass (8ms)
	initialDomainReloadingComplete (21ms)
	LoadAllAssembliesAndSetupDomain (246ms)
		LoadAssemblies (117ms)
		AnalyzeDomain (112ms)
			TypeCache.Refresh (86ms)
				TypeCache.ScanAssembly (77ms)
			BuildScriptInfoCaches (22ms)
			ResolveRequiredComponents (3ms)
	FinalizeReload (1769ms)
		SetupLoadedEditorAssemblies (0ms)
			InitializePlatformSupportModulesInManaged (8ms)
			BeforeProcessingInitializeOnLoad (41ms)
			ProcessInitializeOnLoadAttributes (1425ms)
			ProcessInitializeOnLoadMethodAttributes (106ms)
		AwakeInstancesAfterBackupRestoration (10ms)
Importing 'GUID: 1142bbad8b9e8c44c83a9775ff120d37 - Path: Packages/com.unity.render-pipelines.core/Tests/Editor/UnifiedRayTracing/TraceRays.urtshader' with importer (ScriptedImporter : Unity.Rendering.LightTransport.Editor:UnityEditor.Rendering.UnifiedRayTracing:UnifiedRTShaderImporter)
Launching external process: /Applications/Unity/Hub/Editor/6000.5.8f1/Unity.app/Contents/Helpers/UnityShaderCompiler
Launched and connected shader compiler UnityShaderCompiler after 0.03 seconds
Imported 'GUID: 1142bbad8b9e8c44c83a9775ff120d37' -> (Import Result ID: 'd974182a854bd7ec564893663a1f0c15') in 0.039 seconds [static and dynamic dependencies]. Details - ImportResultOutputID=fc1946655c50077f9e9b69308387967b DependenciesID=763f4d8aea85fef44a5934a30eca4011 StaticDependenciesID=b590610e5fcd8a708a4f2de850e8beb3 
Importing 'GUID: d19f4f8a13b6edb48b986a47ec96402e - Path: Packages/com.unity.render-pipelines.core/Runtime/PathTracing/Shaders/LightmapShadowMaskIntegration.urtshader' with importer (ScriptedImporter : Unity.Rendering.LightTransport.Editor:UnityEditor.Rendering.UnifiedRayTracing:UnifiedRTShaderImporter)
Imported 'GUID: d19f4f8a13b6edb48b986a47ec96402e' -> (Import Result ID: '9ccdfad5f4f12f7849623105e818bf25') in 0.007 seconds [static and dynamic dependencies]. Details - ImportResultOutputID=ff2d02a4e47975453598396cbf51d0bd DependenciesID=692b6a3b638af6bad70953c02bd9208c StaticDependenciesID=49e323bdcc1546638b13bdfb4cfc68f8 
Importing 'GUID: 737a1597422c12547a8714d76a9406ec - Path: Packages/com.unity.render-pipelines.core/Runtime/PathTracing/Shaders/LightmapGBufferDebug.urtshader' with importer (ScriptedImporter : Unity.Rendering.LightTransport.Editor:UnityEditor.Rendering.UnifiedRayTracing:UnifiedRTShaderImporter)
Imported 'GUID: 737a1597422c12547a8714d76a9406ec' -> (Import Result ID: 'dc1f1f6e7ddeac7550e5f75a0e0def2c') in 0.003 seconds [static and dynamic dependencies]. Details - ImportResultOutputID=4d72c2d5b82345ba806c7359b5f61a0a DependenciesID=9ddaf8454a644c4764c7b813f83328fd StaticDependenciesID=3f20227e84078b6c645405c46cb8ba27 
Importing 'GUID: f32463968f29423cad25aee15a14b9f1 - Path: Packages/com.unity.render-pipelines.core/Runtime/Lighting/SurfaceCache/PunctualLightSampling.urtshader' with importer (ScriptedImporter : Unity.Rendering.LightTransport.Editor:UnityEditor.Rendering.UnifiedRayTracing:UnifiedRTShaderImporter)
Imported 'GUID: f32463968f29423cad25aee15a14b9f1' -> (Import Result ID: '9c0a2075f169161d646cf578eaf71c36') in 0.004 seconds [static and dynamic dependencies]. Details - ImportResultOutputID=fd872977d09240d13206b8f392fda2d5 DependenciesID=1b8d612a714a545ff4b8eab79212b935 StaticDependenciesID=4f869afac6e91401aa4f6406345ebaa4 
Importing 'GUID: 1451d029813b192429211be28181beab - Path: Packages/com.unity.render-pipelines.core/Runtime/PathTracing/Shaders/LightmapNormalIntegration.urtshader' with importer (ScriptedImporter : Unity.Rendering.LightTransport.Editor:UnityEditor.Rendering.UnifiedRayTracing:UnifiedRTShaderImporter)
Imported 'GUID: 1451d029813b192429211be28181beab' -> (Import Result ID: 'e906f249c3cadc6c10392fd539456f66') in 0.003 seconds [static and dynamic dependencies]. Details - ImportResultOutputID=45c6e5f7d5f2dccf3e1dd0fcdea25fa3 DependenciesID=2fb5a55e5fa4831dff0b68fea21aa999 StaticDependenciesID=626f7de18fff1a2955b8662085b4dbf4 
Importing 'GUID: 94a070d33e408384bafc1dea4a565df9 - Path: Packages/com.unity.render-pipelines.core/Editor/Lighting/ProbeVolume/RenderingLayerMask/TraceRenderingLayerMask.urtshader' with importer (ScriptedImporter : Unity.Rendering.LightTransport.Editor:UnityEditor.Rendering.UnifiedRayTracing:UnifiedRTShaderImporter)
Imported 'GUID: 94a070d33e408384bafc1dea4a565df9' -> (Import Result ID: '235356a48c0705e7b24982275710c12b') in 0.003 seconds [static and dynamic dependencies]. Details - ImportResultOutputID=78ab2d5f2f27d060579d808bb62f7b61 DependenciesID=c024466ffbec7eea68052c88bf0b4ebb StaticDependenciesID=1fb66491edd8b32229e5d2cbc061e2c6 
Importing 'GUID: 94a39d12848d8d64ca962a72b74e7c50 - Path: Packages/com.unity.render-pipelines.core/Runtime/Lighting/SurfaceCache/Estimation.urtshader' with importer (ScriptedImporter : Unity.Rendering.LightTransport.Editor:UnityEditor.Rendering.UnifiedRayTracing:UnifiedRTShaderImporter)
Imported 'GUID: 94a39d12848d8d64ca962a72b74e7c50' -> (Import Result ID: '89399814a7eb92c2b64fdc0f7042504e') in 0.002 seconds [static and dynamic dependencies]. Details - ImportResultOutputID=6a38fbb3052c7dbb92fd506acd3a3629 DependenciesID=9f82bfe627bef5b424cc6f240e5c40b4 StaticDependenciesID=8d6e14e20b029a55e979a2936b1a7ca7 
Importing 'GUID: 6513c3b892e933c4f8d00c19d5c47532 - Path: Packages/com.unity.render-pipelines.core/Tests/Editor/UnifiedRayTracing/TraceTransparentRays.urtshader' with importer (ScriptedImporter : Unity.Rendering.LightTransport.Editor:UnityEditor.Rendering.UnifiedRayTracing:UnifiedRTShaderImporter)
Imported 'GUID: 6513c3b892e933c4f8d00c19d5c47532' -> (Import Result ID: '4e217a1ec27406487f5f86cfe42719d6') in 0.002 seconds [static and dynamic dependencies]. Details - ImportResultOutputID=cdffa83baddfdc8023b6cdb44926dc59 DependenciesID=47d290f1a691b3075da1d2eb637eaca9 StaticDependenciesID=1d53447eb896b42061753339acb6425c 
Importing 'GUID: 7624adbeb148b5c48ab5ab660cc2602a - Path: Packages/com.unity.render-pipelines.core/Runtime/PathTracing/Shaders/LightmapIndirectIntegration.urtshader' with importer (ScriptedImporter : Unity.Rendering.LightTransport.Editor:UnityEditor.Rendering.UnifiedRayTracing:UnifiedRTShaderImporter)
Imported 'GUID: 7624adbeb148b5c48ab5ab660cc2602a' -> (Import Result ID: '36c36ee092852a0187eb7e666772e70b') in 0.003 seconds [static and dynamic dependencies]. Details - ImportResultOutputID=43c47a076132571ba8e7a1b6d622c1ea DependenciesID=1329073acafcd291e9cb583882063280 StaticDependenciesID=dfa7396d5ca1cf2ef064ee30a15c28cb 
Importing 'GUID: e9f4de6d1e07fb94f9a60d35b618f724 - Path: Packages/com.unity.render-pipelines.core/Runtime/PathTracing/Shaders/LightmapGBufferIntegration.urtshader' with importer (ScriptedImporter : Unity.Rendering.LightTransport.Editor:UnityEditor.Rendering.UnifiedRayTracing:UnifiedRTShaderImporter)
Imported 'GUID: e9f4de6d1e07fb94f9a60d35b618f724' -> (Import Result ID: '2c5a99b66e0c0d66c7ebe8762247d531') in 0.002 seconds [static and dynamic dependencies]. Details - ImportResultOutputID=070eaec947367ddc40b9f2196bdd0758 DependenciesID=1b33af91fb184cbf0e1851ddb7ea0855 StaticDependenciesID=c1c19c6613f9208e5bdf4763e0c6f025 
Importing 'GUID: 5a2a534753fbdb44e96c3c78b5a6999d - Path: Packages/com.unity.render-pipelines.core/Editor/Lighting/ProbeVolume/DynamicGI/DynamicGISkyOcclusion.urtshader' with importer (ScriptedImporter : Unity.Rendering.LightTransport.Editor:UnityEditor.Rendering.UnifiedRayTracing:UnifiedRTShaderImporter)
Imported 'GUID: 5a2a534753fbdb44e96c3c78b5a6999d' -> (Import Result ID: '07fe202943086987dd41f7a136e7c6f8') in 0.002 seconds [static and dynamic dependencies]. Details - ImportResultOutputID=8ac16c01a185cf22d6ee6833110f483e DependenciesID=c0817fe5c8e603af5793c9684bf158c8 StaticDependenciesID=9a3cb12acb0dec6d8b8b546f6957ac54 
Importing 'GUID: 5bbebdef5916845478fcef13fa10d89f - Path: Packages/com.unity.render-pipelines.core/Runtime/PathTracing/Shaders/LightmapDirectIntegration.urtshader' with importer (ScriptedImporter : Unity.Rendering.LightTransport.Editor:UnityEditor.Rendering.UnifiedRayTracing:UnifiedRTShaderImporter)
Imported 'GUID: 5bbebdef5916845478fcef13fa10d89f' -> (Import Result ID: 'fb4b1924f599f0d536e4521be929ef2b') in 0.003 seconds [static and dynamic dependencies]. Details - ImportResultOutputID=a192526b3e2a5698e57c2b2a7cffb1ff DependenciesID=51774b8e0a40fac721425f46acd1f2d5 StaticDependenciesID=ab8dfb6112dd9c39408de08a801f1c40 
Importing 'GUID: fbc59f55df2416344b008dc23753cae2 - Path: Packages/com.unity.render-pipelines.core/Tests/Editor/UnifiedRayTracing/TraceRaysAndFetchAttributes.urtshader' with importer (ScriptedImporter : Unity.Rendering.LightTransport.Editor:UnityEditor.Rendering.UnifiedRayTracing:UnifiedRTShaderImporter)
Imported 'GUID: fbc59f55df2416344b008dc23753cae2' -> (Import Result ID: 'd02865e946271a402d3aa89313af9673') in 0.002 seconds [static and dynamic dependencies]. Details - ImportResultOutputID=4484410c04332179c074a6b340741201 DependenciesID=a794b0702e910c54cd4682bc32b6ae4e StaticDependenciesID=bb4038394feca1bf80603c9ecafaf941 
Importing 'GUID: 1c410815c01ce1d4d82c645c0cd45747 - Path: Packages/com.unity.render-pipelines.core/Runtime/PathTracing/Shaders/LightmapAOIntegration.urtshader' with importer (ScriptedImporter : Unity.Rendering.LightTransport.Editor:UnityEditor.Rendering.UnifiedRayTracing:UnifiedRTShaderImporter)
Imported 'GUID: 1c410815c01ce1d4d82c645c0cd45747' -> (Import Result ID: '857d6da21a85b9add0c0f64845b8dc25') in 0.003 seconds [static and dynamic dependencies]. Details - ImportResultOutputID=534ed70b9d748fa8c8fa1c2f9a98e700 DependenciesID=72c991647bd80c6900d4b173c59d9c44 StaticDependenciesID=2a6f0b41367922b80676f60713a1f940 
Importing 'GUID: 2c32233d92a2d0745930664c087c5c9a - Path: Packages/com.unity.render-pipelines.core/Runtime/PathTracing/Shaders/ProbeIntegrationValidity.urtshader' with importer (ScriptedImporter : Unity.Rendering.LightTransport.Editor:UnityEditor.Rendering.UnifiedRayTracing:UnifiedRTShaderImporter)
Imported 'GUID: 2c32233d92a2d0745930664c087c5c9a' -> (Import Result ID: '53a8fcb94d1a8b55ad88470de00fbb1a') in 0.002 seconds [static and dynamic dependencies]. Details - ImportResultOutputID=bbd8efa74559d9bcf465fbe1bbd02323 DependenciesID=4810dcbc84a9540c6e6dcd0c2d91664e StaticDependenciesID=716f4e45d1a45953f3ce73d3fbf3ee8f 
Importing 'GUID: ace95ac84e213794891b4bd7c9b3c158 - Path: Packages/com.unity.render-pipelines.core/Runtime/PathTracing/Shaders/LightmapValidityIntegration.urtshader' with importer (ScriptedImporter : Unity.Rendering.LightTransport.Editor:UnityEditor.Rendering.UnifiedRayTracing:UnifiedRTShaderImporter)
Imported 'GUID: ace95ac84e213794891b4bd7c9b3c158' -> (Import Result ID: '6ae68151c2258a2db54f0eaa6e0d850c') in 0.003 seconds [static and dynamic dependencies]. Details - ImportResultOutputID=b0878c5250a17d7e5541816f19053cc4 DependenciesID=6e7f016cca4c73a6c2111634521aadb8 StaticDependenciesID=aa8b51d51372d9acaf9acfb058c3fae3 
Importing 'GUID: 5ecdabd800f05984696f22ba95284516 - Path: Packages/com.unity.render-pipelines.core/Runtime/PathTracing/Shaders/ProbeIntegrationIndirect.urtshader' with importer (ScriptedImporter : Unity.Rendering.LightTransport.Editor:UnityEditor.Rendering.UnifiedRayTracing:UnifiedRTShaderImporter)
Imported 'GUID: 5ecdabd800f05984696f22ba95284516' -> (Import Result ID: '33802045e92536d1e1eb281b8faea4b0') in 0.004 seconds [static and dynamic dependencies]. Details - ImportResultOutputID=6031056b88f2ea79393bbc251449ef2f DependenciesID=3213e956c427853efeb2b08a578da956 StaticDependenciesID=2385462edeeea1f1fc9193c7edbfff8e 
Importing 'GUID: 6e0b547bab30a804c8123974120d583f - Path: Packages/com.unity.render-pipelines.core/Tests/Runtime/PathTracing/PathIteratorTest.urtshader' with importer (ScriptedImporter : Unity.Rendering.LightTransport.Editor:UnityEditor.Rendering.UnifiedRayTracing:UnifiedRTShaderImporter)
Imported 'GUID: 6e0b547bab30a804c8123974120d583f' -> (Import Result ID: 'c6766975d143abb99d43f61f8472e2df') in 0.003 seconds [static and dynamic dependencies]. Details - ImportResultOutputID=0719ac8bcf895dbb84b04e2069ad856b DependenciesID=aa866bac0a138e0f1a03026ddb486b02 StaticDependenciesID=d71187151fc008df7658be7f7d10f903 
Importing 'GUID: de3013e16d99f2746ab1735ec06a660b - Path: Packages/com.unity.render-pipelines.core/Runtime/PathTracing/Shaders/ProbeIntegrationOcclusion.urtshader' with importer (ScriptedImporter : Unity.Rendering.LightTransport.Editor:UnityEditor.Rendering.UnifiedRayTracing:UnifiedRTShaderImporter)
Imported 'GUID: de3013e16d99f2746ab1735ec06a660b' -> (Import Result ID: '643bbfd896c171503902ffe1e4c40bc2') in 0.004 seconds [static and dynamic dependencies]. Details - ImportResultOutputID=41c8b17480a2737c0b3ffdb0ccc01b7b DependenciesID=71f9799452c91b523a2bb458fdadfae0 StaticDependenciesID=208d47b8903d77848e11a18b72e01619 
Importing 'GUID: 1f9bfe60b4ad75943a5281839c1a4e5c - Path: Packages/com.unity.render-pipelines.core/Runtime/PathTracing/Shaders/ProbeIntegrationDirect.urtshader' with importer (ScriptedImporter : Unity.Rendering.LightTransport.Editor:UnityEditor.Rendering.UnifiedRayTracing:UnifiedRTShaderImporter)
Imported 'GUID: 1f9bfe60b4ad75943a5281839c1a4e5c' -> (Import Result ID: '65d89e4f7d37e859f963f0d7893db814') in 0.003 seconds [static and dynamic dependencies]. Details - ImportResultOutputID=6d2bfc2f176a1aa4c0929266339e763a DependenciesID=4c4f19844ec4b23e64fefd0700eeeff2 StaticDependenciesID=11eb62a12594dcb52ff4b378a213954b 
Importing 'GUID: ff2cbab5da58bf04d82c5f34037ed123 - Path: Packages/com.unity.render-pipelines.core/Editor/Lighting/ProbeVolume/VirtualOffset/TraceVirtualOffset.urtshader' with importer (ScriptedImporter : Unity.Rendering.LightTransport.Editor:UnityEditor.Rendering.UnifiedRayTracing:UnifiedRTShaderImporter)
Imported 'GUID: ff2cbab5da58bf04d82c5f34037ed123' -> (Import Result ID: '43cb7cd19366a6f99818b0db05035a81') in 0.002 seconds [static and dynamic dependencies]. Details - ImportResultOutputID=566d3112f5f2bb7acd194c92442a8f59 DependenciesID=9b0f37a3e8df4b56f5e8bb68ec06856e StaticDependenciesID=01d1bb4a8db62c88e4fe35fdba25fa75 
Starting new worker id: 0 with log in /Users/philipp/Projects/3DTD/3DTD/3DTD/Logs/AssetImportWorkerHW0.log

Asset Pipeline Refresh (id=623fa0cd5723a4f99ae6ea5424351ed8): Total: 4.156 seconds - Initiated by InitialRefreshV2(ForceSynchronousImport)
	(Values over 0.05ms)
	Summary:
		Imports: total=21 (actual=21, local cache=0, cache server=0)
		Asset DB Process Time: managed=1 ms, native=2797 ms
		Asset DB Callback time: managed=285 ms, native=68 ms
		Scripting: domain reloads=1, domain reload time=398 ms, compile time=581 ms, other=22 ms
		Project Asset Count: scripts=1963, non-scripts=12974
		Asset File Changes: new=0, changed=0, moved=0, deleted=0
		Scan Filter Count: 1
	InvokePackagesCallback: 12.954ms
	ApplyChangesToAssetFolders: 0.180ms
	Scan: 568.396ms
	Collect global state as custom dependencies: 8.724ms
	CategorizeScriptCompilationAssets: 17.644ms
	ProcessAssetsWithTransientArtifactChanges: 39.254ms
	CategorizeAssets: 113.510ms
	CompileScripts: 581.487ms
	ImportOutOfDateAssets: 2006.396ms (1784.988ms without children)
		ImportManagerImport: 106.097ms (1.388ms without children)
			UpdateCategorizedAssets: 1.061ms
		UnloadImportedAssets: 0.958ms
		ReloadImportedAssets: 0.425ms
		EnsureUptoDateAssetsAreRegisteredWithGuidPM: 1.285ms
		ImportSchedulerStart: 113.016ms
	PostProcessAllAssets: 341.053ms
		ComputeShaderImportPostprocess 22.432ms
		RaytracingShaderImportPostprocess 16.113ms
		VCAutoAddAssetPostprocess 15.876ms
		XRBuildSystem.XRAssetImported 0.064ms
		PostProcessCallbackCreateDeferredMaterials 0.057ms
		MonoPostProcessAllAssets: 285.618ms
			AssetPostprocessor.OnPostprocessAllAssets 142.379ms
			UVCSAssetPostprocessor.OnPostprocessAllAssets 20.381ms
			StyleCatalogPostProcessor.OnPostprocessAllAssets 17.852ms
			UniversalRenderPipelineGlobalSettingsPostprocessor.OnPostprocessAllAssets 6.324ms
			BuilderAssetPostprocessor.OnPostprocessAllAssets 6.130ms
			SyncVS.PostprocessSyncProject 5.430ms
			SpriteSlicePostprocessor.OnPostprocessAllAssets 1.372ms
			ShaderGraphAssetPostProcessor.OnPostprocessAllAssets 1.210ms
			WindowAssetPostprocessingWatcher.OnPostprocessAllAssets 1.210ms
			SpeedTree9Postprocessor.OnPostprocessAllAssets 1.052ms
			AssetChangedListener.OnPostprocessAllAssets 0.808ms
			EditModeScopePostprocessor.OnPostprocessAllAssets 0.751ms
			RetainedModeAssetPostprocessor.OnPostprocessAllAssets 0.733ms
			VFXGraphPreprocessor.OnPostprocessAllAssets 0.680ms
			MaterialPostprocessor.OnPostprocessAllAssets 0.478ms
			ArtifactBrowserPostProcessor.OnPostprocessAllAssets 0.446ms
			RenderPipelineGlobalSettingsPostprocessor.OnPostprocessAllAssets 0.339ms
			AssetDatabaseCallbacks.OnPostprocessAllAssets 0.329ms
			SpriteEditorTexturePostprocessor.OnPostprocessAllAssets 0.320ms
			TextAssetPostProcessor.OnPostprocessAllAssets 0.248ms
			PostProcessor.OnPostprocessAllAssets 0.211ms
			SampleDependencyImporterPostProcessor.OnPostprocessAllAssets 0.190ms
			AudioMixerPostprocessor.OnPostprocessAllAssets 0.175ms
			ShaderReflectionAssetPostProcessor.OnPostprocessAllAssets 0.171ms
			ReferencedClipsPostProcessor.OnPostprocessAllAssets 0.171ms
			AssetReloadNotifier.OnPostprocessAllAssets 0.152ms
			AssetEvents.OnPostprocessAllAssets 0.141ms
			TMPro_TexturePostProcessor.OnPostprocessAllAssets 0.139ms
			TerrainToolbarOverlayPostProcessor.OnPostprocessAllAssets 0.109ms
			ConfigAssetsTracker.OnPostprocessAllAssets 0.104ms
			SamplePostprocessor.OnPostprocessAllAssets 0.097ms
			ScenarioDriftAssetsTracker.OnPostprocessAllAssets 0.083ms
			SpeedTreePostProcessor.OnPostprocessAllAssets 0.080ms
	PostAssetChangesProfiler: 1.051ms
	UnloadStreamsBegin: 1.030ms
	PersistCurrentRevisions: 0.572ms
	GenerateScriptTypeHashes: 3.125ms
	GenerateScriptTypeSerializationHashes: 4.667ms
	Untracked: 462.487ms

Application.AssetDatabase Initial Refresh End
Shader Hidden/ChartRasterizerHardware is not supported: GPU does not support conservative rasterization
Shader Hidden/ChartRasterizerHardware is not supported: GPU does not support conservative rasterization
Scanning for USB devices : 0.262ms
Initializing Unity extensions:
[MODES] ModeService[none].Initialize
[MODES] ModeService[none].LoadModes
[MODES] Loading mode Default (0) for mode-current-id-3DTD
2026-10-04 14:42:09.670 Unity[68045:16737821] NSEventModifierFlagFunction specified to -setKeyEquivalentModifierMask: for item <NSMenuItem: 0x7ba4dfaee0 SDF, ke='Command-F12'>, but is only supported for system-provided menu items; will not be used
Unloading 138 Unused Serialized files (Serialized files now loaded: 0)
Unloading 5717 unused Assets / (23.0 MB). Loaded Objects now: 6650.
Memory consumption went from 325.0 MB to 301.9 MB.
Total: 14.924500 ms (FindLiveObjects: 0.236916 ms CreateObjectMapping: 1.055000 ms MarkObjects: 5.115375 ms  DeleteObjects: 8.517042 ms)

2026-10-04 14:42:09.742 Unity[68045:16737821] NSEventModifierFlagFunction specified to -setKeyEquivalentModifierMask: for item <NSMenuItem: 0x7ba4df1fe0 SDF, ke='Command-F12'>, but is only supported for system-provided menu items; will not be used
[Project] Loading completed in 7.356 seconds
	Project init time: 				7.087 seconds
		Template init time: 		0.000 seconds
		Package Manager init time: 		0.146 seconds
		Asset Database init time: 		0.291 seconds
		Global illumination init time: 	0.001 seconds
		Assemblies load time: 			1.891 seconds
		Unity extensions init time: 	0.024 seconds
		Asset Database refresh time: 	4.156 seconds
	Scene opening time: 			0.168 seconds
##utp:{"type":"ProjectInfo","version":2,"phase":"Immediate","time":1791117729748,"processId":68045,"projectLoad":7.356375833,"projectInit":7.087167541,"templateInit":0.0,"packageManagerInit":0.145649833,"assetDatabaseInit":0.290930917,"globalIlluminationInit":0.000506958,"assembliesLoad":1.8907554580000002,"unityExtensionsInit":0.023624292,"assetDatabaseRefresh":4.15649325,"sceneOpening":0.168043959}
##utp:{"type":"EditorInfo","version":2,"phase":"Immediate","time":1791117729748,"processId":68045,"editorVersion":"6000.5.8f1 (5cb7df797b7d)","branch":"6000.5/staging","buildType":"Release","platform":"OSX"}
Subscribe to USB device events
Scanning for USB devices : 0.219ms
Worker ready: AssetImportWorkerHW0 0

Asset Pipeline Refresh (id=d177c9fdd6bcd44a38f870d1e93acc0d): Total: 0.446 seconds - Initiated by RefreshV2(ForceSynchronousImport)
	(Values over 0.05ms)
	Summary:
		Imports: total=0 (actual=0, local cache=0, cache server=0)
		Asset DB Process Time: managed=0 ms, native=445 ms
		Asset DB Callback time: managed=0 ms, native=0 ms
		Scripting: domain reloads=0, domain reload time=0 ms, compile time=0 ms, other=0 ms
		Project Asset Count: scripts=1963, non-scripts=12974
		Asset File Changes: new=0, changed=0, moved=0, deleted=0
		Scan Filter Count: 1
	InvokePackagesCallback: 0.400ms
	ApplyChangesToAssetFolders: 0.099ms
	Scan: 258.414ms
	Collect global state as custom dependencies: 0.205ms
	ProcessAssetsWithTransientArtifactChanges: 0.056ms
	CategorizeAssets: 80.224ms
	ImportOutOfDateAssets: 99.368ms (11.160ms without children)
		UnloadImportedAssets: 0.124ms
		EnsureUptoDateAssetsAreRegisteredWithGuidPM: 1.061ms
		ImportSchedulerStart: 86.981ms
	GatherAllCurrentPrimaryImportResultRevisions: 0.417ms
	PersistCurrentRevisions: 0.331ms
	Untracked: 5.296ms

[Licensing::Client] Successfully resolved entitlement details
[Licensing::Client] Successfully resolved entitlement details
Opening scene 'Assets/Scenes/Beginner Level 01.unity'
LightingSettings: switching bake backend from 2 to 1.
Unloading 60 Unused Serialized files (Serialized files now loaded: 0)
Serialized reference type mismatch: field 'shootingPoints' expects 'ShootingPointReference' but the stored reference is a 'GameObject'. The reference is treated as null (and serialized as null in player builds). Re-assign the field in the Inspector to fix it.
UnityEngine.Debug:ExtractStackTraceNoAlloc (byte*,int,string)
UnityEngine.StackTraceUtility:ExtractStackTrace () (at /Users/bokken/build/output/unity/unity/Runtime/Export/Scripting/StackTrace.cs:35)
UnityEditor.SceneManagement.EditorSceneManager:OpenScene (string,UnityEditor.SceneManagement.OpenSceneMode)
PerfBenchmark:Tick () (at Assets/Editor/Perf/PerfBenchmark.cs:63)
UnityEditor.EditorApplication:Internal_CallUpdateFunctions () (at /Users/bokken/build/output/unity/unity/Editor/Mono/EditorApplication.cs:403)

[Assets/Editor/Perf/PerfBenchmark.cs line 63]

Serialized reference type mismatch: field 'shootingPoints' expects 'ShootingPointReference' but the stored reference is a 'GameObject'. The reference is treated as null (and serialized as null in player builds). Re-assign the field in the Inspector to fix it.
UnityEngine.Debug:ExtractStackTraceNoAlloc (byte*,int,string)
UnityEngine.StackTraceUtility:ExtractStackTrace () (at /Users/bokken/build/output/unity/unity/Runtime/Export/Scripting/StackTrace.cs:35)
UnityEditor.SceneManagement.EditorSceneManager:OpenScene (string,UnityEditor.SceneManagement.OpenSceneMode)
PerfBenchmark:Tick () (at Assets/Editor/Perf/PerfBenchmark.cs:63)
UnityEditor.EditorApplication:Internal_CallUpdateFunctions () (at /Users/bokken/build/output/unity/unity/Editor/Mono/EditorApplication.cs:403)

[Assets/Editor/Perf/PerfBenchmark.cs line 63]

Serialized reference type mismatch: field 'shootingPoints' expects 'ShootingPointReference' but the stored reference is a 'GameObject'. The reference is treated as null (and serialized as null in player builds). Re-assign the field in the Inspector to fix it.
UnityEngine.Debug:ExtractStackTraceNoAlloc (byte*,int,string)
UnityEngine.StackTraceUtility:ExtractStackTrace () (at /Users/bokken/build/output/unity/unity/Runtime/Export/Scripting/StackTrace.cs:35)
UnityEditor.SceneManagement.EditorSceneManager:OpenScene (string,UnityEditor.SceneManagement.OpenSceneMode)
PerfBenchmark:Tick () (at Assets/Editor/Perf/PerfBenchmark.cs:63)
UnityEditor.EditorApplication:Internal_CallUpdateFunctions () (at /Users/bokken/build/output/unity/unity/Editor/Mono/EditorApplication.cs:403)

[Assets/Editor/Perf/PerfBenchmark.cs line 63]

Serialized reference type mismatch: field 'shootingPoints' expects 'ShootingPointReference' but the stored reference is a 'GameObject'. The reference is treated as null (and serialized as null in player builds). Re-assign the field in the Inspector to fix it.
UnityEngine.Debug:ExtractStackTraceNoAlloc (byte*,int,string)
UnityEngine.StackTraceUtility:ExtractStackTrace () (at /Users/bokken/build/output/unity/unity/Runtime/Export/Scripting/StackTrace.cs:35)
UnityEditor.SceneManagement.EditorSceneManager:OpenScene (string,UnityEditor.SceneManagement.OpenSceneMode)
PerfBenchmark:Tick () (at Assets/Editor/Perf/PerfBenchmark.cs:63)
UnityEditor.EditorApplication:Internal_CallUpdateFunctions () (at /Users/bokken/build/output/unity/unity/Editor/Mono/EditorApplication.cs:403)

[Assets/Editor/Perf/PerfBenchmark.cs line 63]

Serialized reference type mismatch: field 'shootingPoints' expects 'ShootingPointReference' but the stored reference is a 'GameObject'. The reference is treated as null (and serialized as null in player builds). Re-assign the field in the Inspector to fix it.
UnityEngine.Debug:ExtractStackTraceNoAlloc (byte*,int,string)
UnityEngine.StackTraceUtility:ExtractStackTrace () (at /Users/bokken/build/output/unity/unity/Runtime/Export/Scripting/StackTrace.cs:35)
UnityEditor.SceneManagement.EditorSceneManager:OpenScene (string,UnityEditor.SceneManagement.OpenSceneMode)
PerfBenchmark:Tick () (at Assets/Editor/Perf/PerfBenchmark.cs:63)
UnityEditor.EditorApplication:Internal_CallUpdateFunctions () (at /Users/bokken/build/output/unity/unity/Editor/Mono/EditorApplication.cs:403)

[Assets/Editor/Perf/PerfBenchmark.cs line 63]

Serialized reference type mismatch: field 'shootingPoints' expects 'ShootingPointReference' but the stored reference is a 'GameObject'. The reference is treated as null (and serialized as null in player builds). Re-assign the field in the Inspector to fix it.
UnityEngine.Debug:ExtractStackTraceNoAlloc (byte*,int,string)
UnityEngine.StackTraceUtility:ExtractStackTrace () (at /Users/bokken/build/output/unity/unity/Runtime/Export/Scripting/StackTrace.cs:35)
UnityEditor.SceneManagement.EditorSceneManager:OpenScene (string,UnityEditor.SceneManagement.OpenSceneMode)
PerfBenchmark:Tick () (at Assets/Editor/Perf/PerfBenchmark.cs:63)
UnityEditor.EditorApplication:Internal_CallUpdateFunctions () (at /Users/bokken/build/output/unity/unity/Editor/Mono/EditorApplication.cs:403)

[Assets/Editor/Perf/PerfBenchmark.cs line 63]

Serialized reference type mismatch: field 'shootingPoints' expects 'ShootingPointReference' but the stored reference is a 'GameObject'. The reference is treated as null (and serialized as null in player builds). Re-assign the field in the Inspector to fix it.
UnityEngine.Debug:ExtractStackTraceNoAlloc (byte*,int,string)
UnityEngine.StackTraceUtility:ExtractStackTrace () (at /Users/bokken/build/output/unity/unity/Runtime/Export/Scripting/StackTrace.cs:35)
UnityEditor.SceneManagement.EditorSceneManager:OpenScene (string,UnityEditor.SceneManagement.OpenSceneMode)
PerfBenchmark:Tick () (at Assets/Editor/Perf/PerfBenchmark.cs:63)
UnityEditor.EditorApplication:Internal_CallUpdateFunctions () (at /Users/bokken/build/output/unity/unity/Editor/Mono/EditorApplication.cs:403)

[Assets/Editor/Perf/PerfBenchmark.cs line 63]

Loaded scene 'Assets/Scenes/Beginner Level 01.unity'
	Deserialize:            15.584 ms
	Integration:            306.096 ms
	Integration of assets:  0.133 ms
	Thread Wait Time:       0.093 ms
	Total Operation Time:   321.906 ms
Unloading 6 unused Assets / (128.8 KB). Loaded Objects now: 21655.
Memory consumption went from 337.1 MB to 336.9 MB.
Total: 9.634375 ms (FindLiveObjects: 0.723625 ms CreateObjectMapping: 1.168208 ms MarkObjects: 7.674708 ms  DeleteObjects: 0.067459 ms)

Start Indexing on Editor startup
[Indexing] Starting Initial Indexing for Assets
Thread 0x16dcfb000 may have been prematurely finalized
Reloading assemblies for play mode.
Reloading assemblies after forced synchronous recompile.
Begin MonoManager ReloadAssembly
2026-10-04 14:42:11.269 Unity[68045:16737821] NSEventModifierFlagFunction specified to -setKeyEquivalentModifierMask: for item <NSMenuItem: 0x7ba4df2b20 SDF, ke='Command-F12'>, but is only supported for system-provided menu items; will not be used
2026-10-04 14:42:11.272 Unity[68045:16737821] NSEventModifierFlagFunction specified to -setKeyEquivalentModifierMask: for item <NSMenuItem: 0x7ba4df8000 SDF, ke='Command-F12'>, but is only supported for system-provided menu items; will not be used
2026-10-04 14:42:11.276 Unity[68045:16737821] NSEventModifierFlagFunction specified to -setKeyEquivalentModifierMask: for item <NSMenuItem: 0x7ba4ddeda0 SDF, ke='Command-F12'>, but is only supported for system-provided menu items; will not be used
2026-10-04 14:42:11.280 Unity[68045:16737821] NSEventModifierFlagFunction specified to -setKeyEquivalentModifierMask: for item <NSMenuItem: 0x7ba4b44c80 SDF, ke='Command-F12'>, but is only supported for system-provided menu items; will not be used
Symbol file LoadedFromMemory is not a mono symbol file
Serialized reference type mismatch: field 'shootingPoints' expects 'ShootingPointReference' but the stored reference is a 'GameObject'. The reference is treated as null (and serialized as null in player builds). Re-assign the field in the Inspector to fix it.
Serialized reference type mismatch: field 'shootingPoints' expects 'ShootingPointReference' but the stored reference is a 'GameObject'. The reference is treated as null (and serialized as null in player builds). Re-assign the field in the Inspector to fix it.
Serialized reference type mismatch: field 'shootingPoints' expects 'ShootingPointReference' but the stored reference is a 'GameObject'. The reference is treated as null (and serialized as null in player builds). Re-assign the field in the Inspector to fix it.
Serialized reference type mismatch: field 'shootingPoints' expects 'ShootingPointReference' but the stored reference is a 'GameObject'. The reference is treated as null (and serialized as null in player builds). Re-assign the field in the Inspector to fix it.
Serialized reference type mismatch: field 'shootingPoints' expects 'ShootingPointReference' but the stored reference is a 'GameObject'. The reference is treated as null (and serialized as null in player builds). Re-assign the field in the Inspector to fix it.
Serialized reference type mismatch: field 'shootingPoints' expects 'ShootingPointReference' but the stored reference is a 'GameObject'. The reference is treated as null (and serialized as null in player builds). Re-assign the field in the Inspector to fix it.
Serialized reference type mismatch: field 'shootingPoints' expects 'ShootingPointReference' but the stored reference is a 'GameObject'. The reference is treated as null (and serialized as null in player builds). Re-assign the field in the Inspector to fix it.
Native extension for LinuxStandalone target not found
Native extension for iOS target not found
Native extension for Android target not found
Native extension for WindowsStandalone target not found
Native extension for OSXStandalone target not found
Native extension for WebGL target not found
ScheduleIndexationOnStartup MainProcess:True IndexOnStartup:True
Mono: successfully reloaded assembly
- Finished resetting the current domain, in  0.581 seconds
Domain Reload Profiling: 1113ms
	BeginReloadAssembly (408ms)
		DisableScriptedObjects (85ms)
		CreateAndSetChildDomain (245ms)
	RebuildCommonClasses (5ms)
	RebuildNativeTypeToScriptingClass (8ms)
	initialDomainReloadingComplete (21ms)
	LoadAllAssembliesAndSetupDomain (91ms)
		LoadAssemblies (46ms)
		AnalyzeDomain (21ms)
			TypeCache.Refresh (6ms)
			ResolveRequiredComponents (12ms)
	FinalizeReload (581ms)
		SetupLoadedEditorAssemblies (0ms)
			InitializePlatformSupportModulesInManaged (10ms)
			BeforeProcessingInitializeOnLoad (43ms)
			ProcessInitializeOnLoadAttributes (191ms)
			ProcessInitializeOnLoadMethodAttributes (56ms)
		AwakeInstancesAfterBackupRestoration (72ms)
No restricted APIs configured; Validation skipped.
Checking 20 assemblies for restricted APIs found 0 usage(s) in 2 ms

Asset Pipeline Refresh (id=53ad5ac7c6f8e410f8c216b6bda0a531): Total: 1.973 seconds - Initiated by StopAssetImportingV2(ForceSynchronousImport | ForceDomainReload)
	(Values over 0.05ms)
	Summary:
		Imports: total=0 (actual=0, local cache=0, cache server=0)
		Asset DB Process Time: managed=0 ms, native=915 ms
		Asset DB Callback time: managed=385 ms, native=124 ms
		Scripting: domain reloads=1, domain reload time=546 ms, compile time=1 ms, other=0 ms
		Project Asset Count: scripts=1963, non-scripts=12974
		Asset File Changes: new=0, changed=0, moved=0, deleted=0
		Scan Filter Count: 0
	InvokePackagesCallback: 0.702ms
	ApplyChangesToAssetFolders: 0.173ms
	Collect global state as custom dependencies: 1.246ms
	ProcessAssetsWithTransientArtifactChanges: 91.793ms
	CategorizeAssets: 115.964ms
	CompileScripts: 0.667ms
	ImportOutOfDateAssets: 681.343ms (592.417ms without children)
		CollectScriptTypesHashes: 1.141ms
		ReloadNativeAssets: 1.046ms
		UnloadImportedAssets: 0.159ms
		EnsureUptoDateAssetsAreRegisteredWithGuidPM: 1.203ms
		ImportSchedulerStart: 86.496ms
	PostProcessAllAssets: 501.985ms
		PostProcessCallbackCreateDeferredMaterials 23.615ms
		AssemblyValidation.PostprocessAllAssets 21.699ms
		ShaderAssetModifiedCallback 10.067ms
		SpeedTreeImporter.PostprocessAllAssets 6.720ms
		ComputeShaderImportPostprocess 6.672ms
		RaytracingShaderImportPostprocess 6.387ms
		LocalizationDatabase.AssetDatabasePostprocessCallback 2.933ms
		BlockShaderImporter.PostprocessAllAssets 2.557ms
		XRBuildSystem.XRAssetImported 0.083ms
		MonoPostProcessAllAssets: 385.559ms
			SyncVS.PostprocessSyncProject 130.710ms
			ShaderGraphAssetPostProcessor.OnPostprocessAllAssets 88.530ms
			AssetPostprocessor.OnPostprocessAllAssets 28.334ms
			PostProcessor.OnPostprocessAllAssets 21.901ms
			VFXGraphPreprocessor.OnPostprocessAllAssets 17.162ms
			MaterialPostprocessor.OnPostprocessAllAssets 15.983ms
			TextAssetPostProcessor.OnPostprocessAllAssets 12.554ms
			SpriteSlicePostprocessor.OnPostprocessAllAssets 11.930ms
			StyleCatalogPostProcessor.OnPostprocessAllAssets 10.002ms
			AssetChangedListener.OnPostprocessAllAssets 6.693ms
			UniversalRenderPipelineGlobalSettingsPostprocessor.OnPostprocessAllAssets 5.539ms
			BuilderAssetPostprocessor.OnPostprocessAllAssets 3.584ms
			RenderPipelineGlobalSettingsPostprocessor.OnPostprocessAllAssets 2.306ms
			SpeedTree9Postprocessor.OnPostprocessAllAssets 1.908ms
			RetainedModeAssetPostprocessor.OnPostprocessAllAssets 0.896ms
			SpriteEditorTexturePostprocessor.OnPostprocessAllAssets 0.812ms
			WindowAssetPostprocessingWatcher.OnPostprocessAllAssets 0.767ms
			UVCSAssetPostprocessor.OnPostprocessAllAssets 0.456ms
			ArtifactBrowserPostProcessor.OnPostprocessAllAssets 0.350ms
			ShaderReflectionAssetPostProcessor.OnPostprocessAllAssets 0.257ms
			SpeedTreePostProcessor.OnPostprocessAllAssets 0.199ms
			SamplePostprocessor.OnPostprocessAllAssets 0.173ms
			SampleDependencyImporterPostProcessor.OnPostprocessAllAssets 0.156ms
			AudioMixerPostprocessor.OnPostprocessAllAssets 0.142ms
			ReferencedClipsPostProcessor.OnPostprocessAllAssets 0.140ms
			AssetEvents.OnPostprocessAllAssets 0.137ms
			EditModeScopePostprocessor.OnPostprocessAllAssets 0.118ms
			TMPro_TexturePostProcessor.OnPostprocessAllAssets 0.116ms
			TerrainToolbarOverlayPostProcessor.OnPostprocessAllAssets 0.103ms
			AssetDatabaseCallbacks.OnPostprocessAllAssets 0.055ms
	PostAssetChangesProfiler: 7.858ms
	GatherAllCurrentPrimaryImportResultRevisions: 0.487ms
	UnloadStreamsBegin: 2.615ms
	PersistCurrentRevisions: 0.306ms
	GenerateScriptTypeHashes: 4.168ms
	GenerateScriptTypeSerializationHashes: 6.160ms
	Untracked: 564.704ms

LightingSettings: switching bake backend from 2 to 1.
Loaded scene 'Temp/__Backupscenes/0.backup'
	Deserialize:            63.222 ms
	Integration:            215.940 ms
	Integration of assets:  2.238 ms
	Thread Wait Time:       -0.014 ms
	Total Operation Time:   281.387 ms
PERF RUN T-BulletDispenser-1x (single, 1x, round 60)
UnityEngine.Debug:ExtractStackTraceNoAlloc (byte*,int,string)
UnityEngine.StackTraceUtility:ExtractStackTrace () (at /Users/bokken/build/output/unity/unity/Runtime/Export/Scripting/StackTrace.cs:35)
UnityEngine.DebugLogHandler:Internal_Log (UnityEngine.LogType,UnityEngine.LogOption,string,UnityEngine.Object)
UnityEngine.DebugLogHandler:LogFormat (UnityEngine.LogType,UnityEngine.Object,string,object[])
UnityEngine.Logger:Log (UnityEngine.LogType,object)
UnityEngine.Debug:Log (object)
PerfScenario/<RunOne>d__41:MoveNext () (at Assets/Scripts/Diagnostics/PerfScenario.cs:273)
UnityEngine.SetupCoroutine:InvokeMoveNext (System.Collections.IEnumerator,intptr) (at /Users/bokken/build/output/unity/unity/Runtime/Export/Scripting/Coroutines.cs:17)

(Filename: Assets/Scripts/Diagnostics/PerfScenario.cs Line: 273)

LightingSettings: switching bake backend from 2 to 1.
Unloading 65 Unused Serialized files (Serialized files now loaded: 0)
Created GICache directory at /Users/philipp/Library/Caches/com.unity3d.UnityEditor/GiCache. Took: 0.008s, timestamps: [7.360 - 7.367]
[MODES] ModeService[none].Initialize
[MODES] ModeService[none].LoadModes
[Licensing::Client] Successfully resolved entitlement details
[Licensing::Client] Successfully resolved entitlement details
UnloadTime: 6.448916 ms
Loaded scene 'Temp/__Backupscenes/0.backup'
	Deserialize:            37.082 ms
	Integration:            152.040 ms
	Integration of assets:  0.001 ms
	Thread Wait Time:       165.135 ms
	Total Operation Time:   354.259 ms
Unloading 8521 unused Assets / (3.6 MB). Loaded Objects now: 18082.
Memory consumption went from 344.3 MB to 340.7 MB.
Total: 11.361291 ms (FindLiveObjects: 0.584458 ms CreateObjectMapping: 1.762917 ms MarkObjects: 6.821041 ms  DeleteObjects: 2.192708 ms)

Couldn't create a Convex Mesh from source mesh, within the maximum polygons limit (256). The partial hull will be used. Consider simplifying your mesh. Source mesh name: default
UnityEngine.Debug:ExtractStackTraceNoAlloc (byte*,int,string)
UnityEngine.StackTraceUtility:ExtractStackTrace () (at /Users/bokken/build/output/unity/unity/Runtime/Export/Scripting/StackTrace.cs:35)
UnityEngine.Object:Internal_InstantiateSingle (UnityEngine.Object,UnityEngine.Vector3,UnityEngine.Quaternion)
UnityEngine.Object:Instantiate (UnityEngine.Object,UnityEngine.Vector3,UnityEngine.Quaternion) (at /Users/bokken/build/output/unity/unity/Runtime/Export/Scripting/UnityEngineObject.bindings.cs:534)
UnityEngine.Object:Instantiate<UnityEngine.GameObject> (UnityEngine.GameObject,UnityEngine.Vector3,UnityEngine.Quaternion) (at /Users/bokken/build/output/unity/unity/Runtime/Export/Scripting/UnityEngineObject.bindings.cs:681)
PerfScenario:BuildOnBlock (UnityEngine.GameObject,UnityEngine.GameObject,UnityEngine.Vector3) (at Assets/Scripts/Diagnostics/PerfScenario.cs:614)
PerfScenario/<RunOne>d__41:MoveNext () (at Assets/Scripts/Diagnostics/PerfScenario.cs:306)
UnityEngine.SetupCoroutine:InvokeMoveNext (System.Collections.IEnumerator,intptr) (at /Users/bokken/build/output/unity/unity/Runtime/Export/Scripting/Coroutines.cs:17)

[/Users/bokken/build/output/unity/unity/Runtime/Export/Scripting/StackTrace.cs line 35]

PERF layout T-BulletDispenser-1x: 154 block spots, 1 towers planned, 1 built
UnityEngine.Debug:ExtractStackTraceNoAlloc (byte*,int,string)
UnityEngine.StackTraceUtility:ExtractStackTrace () (at /Users/bokken/build/output/unity/unity/Runtime/Export/Scripting/StackTrace.cs:35)
UnityEngine.DebugLogHandler:Internal_Log (UnityEngine.LogType,UnityEngine.LogOption,string,UnityEngine.Object)
UnityEngine.DebugLogHandler:LogFormat (UnityEngine.LogType,UnityEngine.Object,string,object[])
UnityEngine.Logger:Log (UnityEngine.LogType,object)
UnityEngine.Debug:Log (object)
PerfScenario/<RunOne>d__41:MoveNext () (at Assets/Scripts/Diagnostics/PerfScenario.cs:314)
UnityEngine.SetupCoroutine:InvokeMoveNext (System.Collections.IEnumerator,intptr) (at /Users/bokken/build/output/unity/unity/Runtime/Export/Scripting/Coroutines.cs:17)

(Filename: Assets/Scripts/Diagnostics/PerfScenario.cs Line: 314)

[remote] error: Init socket failed
EffectPlayer: LaserMuzzleBlue plays batched one-shot
UnityEngine.Debug:ExtractStackTraceNoAlloc (byte*,int,string)
UnityEngine.StackTraceUtility:ExtractStackTrace () (at /Users/bokken/build/output/unity/unity/Runtime/Export/Scripting/StackTrace.cs:35)
UnityEngine.DebugLogHandler:Internal_Log (UnityEngine.LogType,UnityEngine.LogOption,string,UnityEngine.Object)
UnityEngine.DebugLogHandler:LogFormat (UnityEngine.LogType,UnityEngine.Object,string,object[])
UnityEngine.Logger:Log (UnityEngine.LogType,object)
UnityEngine.Debug:Log (object)
EffectPlayer:LogBackend (UnityEngine.GameObject,string) (at Assets/Scripts/Effects/EffectPlayer.cs:93)
EffectPool:PlayOneShot (UnityEngine.Vector3,UnityEngine.Quaternion,single,single,single) (at Assets/Scripts/Effects/EffectPool.cs:65)
EffectPlayer:Play (UnityEngine.GameObject,UnityEngine.Vector3,UnityEngine.Quaternion,single,single,single) (at Assets/Scripts/Effects/EffectPlayer.cs:77)
ProjectileSystem:Spawn (ProjectileArchetype,ProjectileSystem/Shot&,int,single) (at Assets/Scripts/Combat/ProjectileSystem.cs:221)
ProjectileSystem:Fire (UnityEngine.GameObject,ProjectileSystem/Shot&) (at Assets/Scripts/Combat/ProjectileSystem.cs:166)
BulletDispenserTowerActionStrategy:FireBullets (single) (at Assets/Scripts/Tower/ActionStrategies/BulletDispenserTowerActionStrategy.cs:137)
BulletDispenserTowerActionStrategy:FireVolley (single) (at Assets/Scripts/Tower/ActionStrategies/BulletDispenserTowerActionStrategy.cs:59)
BulletDispenserTowerActionStrategy:ExecuteAction () (at Assets/Scripts/Tower/ActionStrategies/BulletDispenserTowerActionStrategy.cs:49)
Tower:Update () (at Assets/Scripts/Entities/Tower.cs:89)

(Filename: Assets/Scripts/Effects/EffectPlayer.cs Line: 93)

EffectPlayer: LaserBlue plays batched flight
UnityEngine.Debug:ExtractStackTraceNoAlloc (byte*,int,string)
UnityEngine.StackTraceUtility:ExtractStackTrace () (at /Users/bokken/build/output/unity/unity/Runtime/Export/Scripting/StackTrace.cs:35)
UnityEngine.DebugLogHandler:Internal_Log (UnityEngine.LogType,UnityEngine.LogOption,string,UnityEngine.Object)
UnityEngine.DebugLogHandler:LogFormat (UnityEngine.LogType,UnityEngine.Object,string,object[])
UnityEngine.Logger:Log (UnityEngine.LogType,object)
UnityEngine.Debug:Log (object)
EffectPlayer:LogBackend (UnityEngine.GameObject,string) (at Assets/Scripts/Effects/EffectPlayer.cs:93)
EffectPool:Attach (UnityEngine.Vector3,UnityEngine.Quaternion,single) (at Assets/Scripts/Effects/EffectPool.cs:90)
EffectPlayer:Attach (UnityEngine.GameObject,UnityEngine.Vector3,UnityEngine.Quaternion,single) (at Assets/Scripts/Effects/EffectPlayer.cs:87)
ProjectileSystem:Spawn (ProjectileArchetype,ProjectileSystem/Shot&,int,single) (at Assets/Scripts/Combat/ProjectileSystem.cs:222)
ProjectileSystem:Fire (UnityEngine.GameObject,ProjectileSystem/Shot&) (at Assets/Scripts/Combat/ProjectileSystem.cs:166)
BulletDispenserTowerActionStrategy:FireBullets (single) (at Assets/Scripts/Tower/ActionStrategies/BulletDispenserTowerActionStrategy.cs:137)
BulletDispenserTowerActionStrategy:FireVolley (single) (at Assets/Scripts/Tower/ActionStrategies/BulletDispenserTowerActionStrategy.cs:59)
BulletDispenserTowerActionStrategy:ExecuteAction () (at Assets/Scripts/Tower/ActionStrategies/BulletDispenserTowerActionStrategy.cs:49)
Tower:Update () (at Assets/Scripts/Entities/Tower.cs:89)

(Filename: Assets/Scripts/Effects/EffectPlayer.cs Line: 93)

EffectPlayer: LaserExplosionBlue plays batched one-shot
UnityEngine.Debug:ExtractStackTraceNoAlloc (byte*,int,string)
UnityEngine.StackTraceUtility:ExtractStackTrace () (at /Users/bokken/build/output/unity/unity/Runtime/Export/Scripting/StackTrace.cs:35)
UnityEngine.DebugLogHandler:Internal_Log (UnityEngine.LogType,UnityEngine.LogOption,string,UnityEngine.Object)
UnityEngine.DebugLogHandler:LogFormat (UnityEngine.LogType,UnityEngine.Object,string,object[])
UnityEngine.Logger:Log (UnityEngine.LogType,object)
UnityEngine.Debug:Log (object)
EffectPlayer:LogBackend (UnityEngine.GameObject,string) (at Assets/Scripts/Effects/EffectPlayer.cs:93)
EffectPool:PlayOneShot (UnityEngine.Vector3,UnityEngine.Quaternion,single,single,single) (at Assets/Scripts/Effects/EffectPool.cs:65)
EffectPlayer:Play (UnityEngine.GameObject,UnityEngine.Vector3,UnityEngine.Quaternion,single,single,single) (at Assets/Scripts/Effects/EffectPlayer.cs:77)
ProjectileSystem:Apply (int) (at Assets/Scripts/Combat/ProjectileSystem.cs:314)
ProjectileSystem:Update () (at Assets/Scripts/Combat/ProjectileSystem.cs:274)

(Filename: Assets/Scripts/Effects/EffectPlayer.cs Line: 93)

TrimDiskCacheJob: Current cache size 1mb
[BalanceTelemetry] Recording to /Users/philipp/Library/Application Support/Sakros/3DTD/telemetry/Beginner_Level_01_Medium_20261004-144300.csv
UnityEngine.Debug:ExtractStackTraceNoAlloc (byte*,int,string)
UnityEngine.StackTraceUtility:ExtractStackTrace () (at /Users/bokken/build/output/unity/unity/Runtime/Export/Scripting/StackTrace.cs:35)
UnityEngine.DebugLogHandler:Internal_Log (UnityEngine.LogType,UnityEngine.LogOption,string,UnityEngine.Object)
UnityEngine.DebugLogHandler:LogFormat (UnityEngine.LogType,UnityEngine.Object,string,object[])
UnityEngine.Logger:Log (UnityEngine.LogType,object)
UnityEngine.Debug:Log (object)
BalanceTelemetry:CreateFile () (at Assets/Scripts/BalanceTelemetry.cs:146)
BalanceTelemetry:HandleWaveEnded (int) (at Assets/Scripts/BalanceTelemetry.cs:103)
Spawner:Update () (at Assets/Scripts/Spawner.cs:116)

(Filename: Assets/Scripts/BalanceTelemetry.cs Line: 146)

PERF RESULT T-BulletDispenser-1x: towers 1, frames 14978, frame p50/p95/p99/max 3.1/3.8/4.5/52.7 ms, main p50/p99 3.1/4.4 ms, speed 1.00x, GC steady 100.0% frames (7787177 B, 545 B/frame), damage 139, kills 0, leaked 6494, pops 0, projectiles 540/540, death fx 0/0, fx 672/672, markers [PlayerLoop=2.88ms, Update.ScriptRunBehaviourUpdate=0.43ms, PreLateUpdate.ScriptRunBehaviourLateUpdate=1.98ms, FixedUpdate.PhysicsFixedUpdate=0.00ms, FixedUpdate.ScriptRunBehaviourFixedUpdate=0.00ms, PreUpdate.PhysicsUpdate=0.00ms, Physics.Simulate=0.11ms, Physics.SyncTransforms=0.16ms, Physics.SendTriggerEvents=0.00ms, Physics.SendContactEvents=0.00ms, ParticleSystem.EndUpdateAll=0.00ms, GC.Collect=0.00ms, Instantiate=0.01ms], by type [Bullet Dispenser=139]
UnityEngine.Debug:ExtractStackTraceNoAlloc (byte*,int,string)
UnityEngine.StackTraceUtility:ExtractStackTrace () (at /Users/bokken/build/output/unity/unity/Runtime/Export/Scripting/StackTrace.cs:35)
UnityEngine.DebugLogHandler:Internal_Log (UnityEngine.LogType,UnityEngine.LogOption,string,UnityEngine.Object)
UnityEngine.DebugLogHandler:LogFormat (UnityEngine.LogType,UnityEngine.Object,string,object[])
UnityEngine.Logger:Log (UnityEngine.LogType,object)
UnityEngine.Debug:Log (object)
PerfScenario:Summarize (PerfScenario/Run,PerfScenario/RunResult,System.Collections.Generic.List`1<Tower>,int) (at Assets/Scripts/Diagnostics/PerfScenario.cs:893)
PerfScenario/<RunOne>d__41:MoveNext () (at Assets/Scripts/Diagnostics/PerfScenario.cs:357)
UnityEngine.SetupCoroutine:InvokeMoveNext (System.Collections.IEnumerator,intptr) (at /Users/bokken/build/output/unity/unity/Runtime/Export/Scripting/Coroutines.cs:17)

(Filename: Assets/Scripts/Diagnostics/PerfScenario.cs Line: 893)

PERF RUN T-Bomb-1x (single, 1x, round 60)
UnityEngine.Debug:ExtractStackTraceNoAlloc (byte*,int,string)
UnityEngine.StackTraceUtility:ExtractStackTrace () (at /Users/bokken/build/output/unity/unity/Runtime/Export/Scripting/StackTrace.cs:35)
UnityEngine.DebugLogHandler:Internal_Log (UnityEngine.LogType,UnityEngine.LogOption,string,UnityEngine.Object)
UnityEngine.DebugLogHandler:LogFormat (UnityEngine.LogType,UnityEngine.Object,string,object[])
UnityEngine.Logger:Log (UnityEngine.LogType,object)
UnityEngine.Debug:Log (object)
PerfScenario/<RunOne>d__41:MoveNext () (at Assets/Scripts/Diagnostics/PerfScenario.cs:273)
UnityEngine.SetupCoroutine:InvokeMoveNext (System.Collections.IEnumerator,intptr) (at /Users/bokken/build/output/unity/unity/Runtime/Export/Scripting/Coroutines.cs:17)

(Filename: Assets/Scripts/Diagnostics/PerfScenario.cs Line: 273)

LightingSettings: switching bake backend from 2 to 1.
Unloading 44 Unused Serialized files (Serialized files now loaded: 0)
UnloadTime: 41.456167 ms
Loaded scene 'Temp/__Backupscenes/0.backup'
	Deserialize:            108.016 ms
	Integration:            226.740 ms
	Integration of assets:  12.580 ms
	Thread Wait Time:       0.966 ms
	Total Operation Time:   348.302 ms
Unloading 8251 unused Assets / (10.1 MB). Loaded Objects now: 18268.
Memory consumption went from 0.61 GB to 0.60 GB.
Total: 16.326834 ms (FindLiveObjects: 0.646875 ms CreateObjectMapping: 1.794458 ms MarkObjects: 9.205583 ms  DeleteObjects: 4.679750 ms)

PERF layout T-Bomb-1x: 154 block spots, 1 towers planned, 1 built
UnityEngine.Debug:ExtractStackTraceNoAlloc (byte*,int,string)
UnityEngine.StackTraceUtility:ExtractStackTrace () (at /Users/bokken/build/output/unity/unity/Runtime/Export/Scripting/StackTrace.cs:35)
UnityEngine.DebugLogHandler:Internal_Log (UnityEngine.LogType,UnityEngine.LogOption,string,UnityEngine.Object)
UnityEngine.DebugLogHandler:LogFormat (UnityEngine.LogType,UnityEngine.Object,string,object[])
UnityEngine.Logger:Log (UnityEngine.LogType,object)
UnityEngine.Debug:Log (object)
PerfScenario/<RunOne>d__41:MoveNext () (at Assets/Scripts/Diagnostics/PerfScenario.cs:314)
UnityEngine.SetupCoroutine:InvokeMoveNext (System.Collections.IEnumerator,intptr) (at /Users/bokken/build/output/unity/unity/Runtime/Export/Scripting/Coroutines.cs:17)

(Filename: Assets/Scripts/Diagnostics/PerfScenario.cs Line: 314)

EffectPlayer: RocketMuzzleGreen plays pooled one-shot
UnityEngine.Debug:ExtractStackTraceNoAlloc (byte*,int,string)
UnityEngine.StackTraceUtility:ExtractStackTrace () (at /Users/bokken/build/output/unity/unity/Runtime/Export/Scripting/StackTrace.cs:35)
UnityEngine.DebugLogHandler:Internal_Log (UnityEngine.LogType,UnityEngine.LogOption,string,UnityEngine.Object)
UnityEngine.DebugLogHandler:LogFormat (UnityEngine.LogType,UnityEngine.Object,string,object[])
UnityEngine.Logger:Log (UnityEngine.LogType,object)
UnityEngine.Debug:Log (object)
EffectPlayer:LogBackend (UnityEngine.GameObject,string) (at Assets/Scripts/Effects/EffectPlayer.cs:93)
EffectPool:PlayOneShot (UnityEngine.Vector3,UnityEngine.Quaternion,single,single,single) (at Assets/Scripts/Effects/EffectPool.cs:65)
EffectPlayer:Play (UnityEngine.GameObject,UnityEngine.Vector3,UnityEngine.Quaternion,single,single,single) (at Assets/Scripts/Effects/EffectPlayer.cs:77)
ProjectileSystem:Spawn (ProjectileArchetype,ProjectileSystem/Shot&,int,single) (at Assets/Scripts/Combat/ProjectileSystem.cs:221)
ProjectileSystem:Fire (UnityEngine.GameObject,ProjectileSystem/Shot&) (at Assets/Scripts/Combat/ProjectileSystem.cs:166)
BombTowerActionStrategy:FireVolley (single) (at Assets/Scripts/Tower/ActionStrategies/BombTowerActionStrategy.cs:70)
BombTowerActionStrategy:ExecuteAction () (at Assets/Scripts/Tower/ActionStrategies/BombTowerActionStrategy.cs:41)
Tower:Update () (at Assets/Scripts/Entities/Tower.cs:89)

(Filename: Assets/Scripts/Effects/EffectPlayer.cs Line: 93)

EffectPlayer: RocketMissileGreen plays batched flight
UnityEngine.Debug:ExtractStackTraceNoAlloc (byte*,int,string)
UnityEngine.StackTraceUtility:ExtractStackTrace () (at /Users/bokken/build/output/unity/unity/Runtime/Export/Scripting/StackTrace.cs:35)
UnityEngine.DebugLogHandler:Internal_Log (UnityEngine.LogType,UnityEngine.LogOption,string,UnityEngine.Object)
UnityEngine.DebugLogHandler:LogFormat (UnityEngine.LogType,UnityEngine.Object,string,object[])
UnityEngine.Logger:Log (UnityEngine.LogType,object)
UnityEngine.Debug:Log (object)
EffectPlayer:LogBackend (UnityEngine.GameObject,string) (at Assets/Scripts/Effects/EffectPlayer.cs:93)
EffectPool:Attach (UnityEngine.Vector3,UnityEngine.Quaternion,single) (at Assets/Scripts/Effects/EffectPool.cs:90)
EffectPlayer:Attach (UnityEngine.GameObject,UnityEngine.Vector3,UnityEngine.Quaternion,single) (at Assets/Scripts/Effects/EffectPlayer.cs:87)
ProjectileSystem:Spawn (ProjectileArchetype,ProjectileSystem/Shot&,int,single) (at Assets/Scripts/Combat/ProjectileSystem.cs:222)
ProjectileSystem:Fire (UnityEngine.GameObject,ProjectileSystem/Shot&) (at Assets/Scripts/Combat/ProjectileSystem.cs:166)
BombTowerActionStrategy:FireVolley (single) (at Assets/Scripts/Tower/ActionStrategies/BombTowerActionStrategy.cs:70)
BombTowerActionStrategy:ExecuteAction () (at Assets/Scripts/Tower/ActionStrategies/BombTowerActionStrategy.cs:41)
Tower:Update () (at Assets/Scripts/Entities/Tower.cs:89)

(Filename: Assets/Scripts/Effects/EffectPlayer.cs Line: 93)

EffectPlayer: RocketExplosionGreen plays pooled one-shot
UnityEngine.Debug:ExtractStackTraceNoAlloc (byte*,int,string)
UnityEngine.StackTraceUtility:ExtractStackTrace () (at /Users/bokken/build/output/unity/unity/Runtime/Export/Scripting/StackTrace.cs:35)
UnityEngine.DebugLogHandler:Internal_Log (UnityEngine.LogType,UnityEngine.LogOption,string,UnityEngine.Object)
UnityEngine.DebugLogHandler:LogFormat (UnityEngine.LogType,UnityEngine.Object,string,object[])
UnityEngine.Logger:Log (UnityEngine.LogType,object)
UnityEngine.Debug:Log (object)
EffectPlayer:LogBackend (UnityEngine.GameObject,string) (at Assets/Scripts/Effects/EffectPlayer.cs:93)
EffectPool:PlayOneShot (UnityEngine.Vector3,UnityEngine.Quaternion,single,single,single) (at Assets/Scripts/Effects/EffectPool.cs:65)
EffectPlayer:Play (UnityEngine.GameObject,UnityEngine.Vector3,UnityEngine.Quaternion,single,single,single) (at Assets/Scripts/Effects/EffectPlayer.cs:77)
ProjectileSystem:Explode (ProjectileSystem/State&,ProjectileArchetype,Tower,Unity.Mathematics.float3,single) (at Assets/Scripts/Combat/ProjectileSystem.cs:409)
ProjectileSystem:Apply (int) (at Assets/Scripts/Combat/ProjectileSystem.cs:331)
ProjectileSystem:Update () (at Assets/Scripts/Combat/ProjectileSystem.cs:274)

(Filename: Assets/Scripts/Effects/EffectPlayer.cs Line: 93)

PERF RESULT T-Bomb-1x: towers 1, frames 11576, frame p50/p95/p99/max 3.2/4.0/4.3/15.8 ms, main p50/p99 3.2/4.3 ms, speed 1.00x, GC steady 100.0% frames (6102884 B, 569 B/frame), damage 8161, kills 0, leaked 5777, pops 717, projectiles 21/21, death fx 538/895, fx 42/42, markers [PlayerLoop=2.90ms, Update.ScriptRunBehaviourUpdate=0.43ms, PreLateUpdate.ScriptRunBehaviourLateUpdate=1.98ms, FixedUpdate.PhysicsFixedUpdate=0.00ms, FixedUpdate.ScriptRunBehaviourFixedUpdate=0.00ms, PreUpdate.PhysicsUpdate=0.00ms, Physics.Simulate=0.11ms, Physics.SyncTransforms=0.16ms, Physics.SendTriggerEvents=0.00ms, Physics.SendContactEvents=0.00ms, ParticleSystem.EndUpdateAll=0.01ms, GC.Collect=0.00ms, Instantiate=0.01ms], by type [Rocket System=8161]
UnityEngine.Debug:ExtractStackTraceNoAlloc (byte*,int,string)
UnityEngine.StackTraceUtility:ExtractStackTrace () (at /Users/bokken/build/output/unity/unity/Runtime/Export/Scripting/StackTrace.cs:35)
UnityEngine.DebugLogHandler:Internal_Log (UnityEngine.LogType,UnityEngine.LogOption,string,UnityEngine.Object)
UnityEngine.DebugLogHandler:LogFormat (UnityEngine.LogType,UnityEngine.Object,string,object[])
UnityEngine.Logger:Log (UnityEngine.LogType,object)
UnityEngine.Debug:Log (object)
PerfScenario:Summarize (PerfScenario/Run,PerfScenario/RunResult,System.Collections.Generic.List`1<Tower>,int) (at Assets/Scripts/Diagnostics/PerfScenario.cs:893)
PerfScenario/<RunOne>d__41:MoveNext () (at Assets/Scripts/Diagnostics/PerfScenario.cs:357)
UnityEngine.SetupCoroutine:InvokeMoveNext (System.Collections.IEnumerator,intptr) (at /Users/bokken/build/output/unity/unity/Runtime/Export/Scripting/Coroutines.cs:17)

(Filename: Assets/Scripts/Diagnostics/PerfScenario.cs Line: 893)

PERF RUN S2 (dispensers, 1x, round 100)
UnityEngine.Debug:ExtractStackTraceNoAlloc (byte*,int,string)
UnityEngine.StackTraceUtility:ExtractStackTrace () (at /Users/bokken/build/output/unity/unity/Runtime/Export/Scripting/StackTrace.cs:35)
UnityEngine.DebugLogHandler:Internal_Log (UnityEngine.LogType,UnityEngine.LogOption,string,UnityEngine.Object)
UnityEngine.DebugLogHandler:LogFormat (UnityEngine.LogType,UnityEngine.Object,string,object[])
UnityEngine.Logger:Log (UnityEngine.LogType,object)
UnityEngine.Debug:Log (object)
PerfScenario/<RunOne>d__41:MoveNext () (at Assets/Scripts/Diagnostics/PerfScenario.cs:273)
UnityEngine.SetupCoroutine:InvokeMoveNext (System.Collections.IEnumerator,intptr) (at /Users/bokken/build/output/unity/unity/Runtime/Export/Scripting/Coroutines.cs:17)

(Filename: Assets/Scripts/Diagnostics/PerfScenario.cs Line: 273)

LightingSettings: switching bake backend from 2 to 1.
Unloading 30 Unused Serialized files (Serialized files now loaded: 0)
UnloadTime: 34.502084 ms
Loaded scene 'Temp/__Backupscenes/0.backup'
	Deserialize:            87.828 ms
	Integration:            191.786 ms
	Integration of assets:  9.450 ms
	Thread Wait Time:       0.638 ms
	Total Operation Time:   289.702 ms
Unloading 8248 unused Assets / (10.3 MB). Loaded Objects now: 18274.
Memory consumption went from 0.61 GB to 0.60 GB.
Total: 14.811625 ms (FindLiveObjects: 0.608792 ms CreateObjectMapping: 1.902291 ms MarkObjects: 8.285375 ms  DeleteObjects: 4.015042 ms)

PERF layout S2: 154 block spots, 150 towers planned, 150 built
UnityEngine.Debug:ExtractStackTraceNoAlloc (byte*,int,string)
UnityEngine.StackTraceUtility:ExtractStackTrace () (at /Users/bokken/build/output/unity/unity/Runtime/Export/Scripting/StackTrace.cs:35)
UnityEngine.DebugLogHandler:Internal_Log (UnityEngine.LogType,UnityEngine.LogOption,string,UnityEngine.Object)
UnityEngine.DebugLogHandler:LogFormat (UnityEngine.LogType,UnityEngine.Object,string,object[])
UnityEngine.Logger:Log (UnityEngine.LogType,object)
UnityEngine.Debug:Log (object)
PerfScenario/<RunOne>d__41:MoveNext () (at Assets/Scripts/Diagnostics/PerfScenario.cs:314)
UnityEngine.SetupCoroutine:InvokeMoveNext (System.Collections.IEnumerator,intptr) (at /Users/bokken/build/output/unity/unity/Runtime/Export/Scripting/Coroutines.cs:17)

(Filename: Assets/Scripts/Diagnostics/PerfScenario.cs Line: 314)

EffectPlayer: LaserMuzzleBlue plays batched one-shot
UnityEngine.Debug:ExtractStackTraceNoAlloc (byte*,int,string)
UnityEngine.StackTraceUtility:ExtractStackTrace () (at /Users/bokken/build/output/unity/unity/Runtime/Export/Scripting/StackTrace.cs:35)
UnityEngine.DebugLogHandler:Internal_Log (UnityEngine.LogType,UnityEngine.LogOption,string,UnityEngine.Object)
UnityEngine.DebugLogHandler:LogFormat (UnityEngine.LogType,UnityEngine.Object,string,object[])
UnityEngine.Logger:Log (UnityEngine.LogType,object)
UnityEngine.Debug:Log (object)
EffectPlayer:LogBackend (UnityEngine.GameObject,string) (at Assets/Scripts/Effects/EffectPlayer.cs:93)
EffectPool:PlayOneShot (UnityEngine.Vector3,UnityEngine.Quaternion,single,single,single) (at Assets/Scripts/Effects/EffectPool.cs:65)
EffectPlayer:Play (UnityEngine.GameObject,UnityEngine.Vector3,UnityEngine.Quaternion,single,single,single) (at Assets/Scripts/Effects/EffectPlayer.cs:77)
ProjectileSystem:Spawn (ProjectileArchetype,ProjectileSystem/Shot&,int,single) (at Assets/Scripts/Combat/ProjectileSystem.cs:221)
ProjectileSystem:Fire (UnityEngine.GameObject,ProjectileSystem/Shot&) (at Assets/Scripts/Combat/ProjectileSystem.cs:166)
BulletDispenserTowerActionStrategy:FireBullets (single) (at Assets/Scripts/Tower/ActionStrategies/BulletDispenserTowerActionStrategy.cs:137)
BulletDispenserTowerActionStrategy:FireVolley (single) (at Assets/Scripts/Tower/ActionStrategies/BulletDispenserTowerActionStrategy.cs:59)
BulletDispenserTowerActionStrategy:ExecuteAction () (at Assets/Scripts/Tower/ActionStrategies/BulletDispenserTowerActionStrategy.cs:49)
Tower:Update () (at Assets/Scripts/Entities/Tower.cs:89)

(Filename: Assets/Scripts/Effects/EffectPlayer.cs Line: 93)

EffectPlayer: LaserBlue plays batched flight
UnityEngine.Debug:ExtractStackTraceNoAlloc (byte*,int,string)
UnityEngine.StackTraceUtility:ExtractStackTrace () (at /Users/bokken/build/output/unity/unity/Runtime/Export/Scripting/StackTrace.cs:35)
UnityEngine.DebugLogHandler:Internal_Log (UnityEngine.LogType,UnityEngine.LogOption,string,UnityEngine.Object)
UnityEngine.DebugLogHandler:LogFormat (UnityEngine.LogType,UnityEngine.Object,string,object[])
UnityEngine.Logger:Log (UnityEngine.LogType,object)
UnityEngine.Debug:Log (object)
EffectPlayer:LogBackend (UnityEngine.GameObject,string) (at Assets/Scripts/Effects/EffectPlayer.cs:93)
EffectPool:Attach (UnityEngine.Vector3,UnityEngine.Quaternion,single) (at Assets/Scripts/Effects/EffectPool.cs:90)
EffectPlayer:Attach (UnityEngine.GameObject,UnityEngine.Vector3,UnityEngine.Quaternion,single) (at Assets/Scripts/Effects/EffectPlayer.cs:87)
ProjectileSystem:Spawn (ProjectileArchetype,ProjectileSystem/Shot&,int,single) (at Assets/Scripts/Combat/ProjectileSystem.cs:222)
ProjectileSystem:Fire (UnityEngine.GameObject,ProjectileSystem/Shot&) (at Assets/Scripts/Combat/ProjectileSystem.cs:166)
BulletDispenserTowerActionStrategy:FireBullets (single) (at Assets/Scripts/Tower/ActionStrategies/BulletDispenserTowerActionStrategy.cs:137)
BulletDispenserTowerActionStrategy:FireVolley (single) (at Assets/Scripts/Tower/ActionStrategies/BulletDispenserTowerActionStrategy.cs:59)
BulletDispenserTowerActionStrategy:ExecuteAction () (at Assets/Scripts/Tower/ActionStrategies/BulletDispenserTowerActionStrategy.cs:49)
Tower:Update () (at Assets/Scripts/Entities/Tower.cs:89)

(Filename: Assets/Scripts/Effects/EffectPlayer.cs Line: 93)

EffectPlayer: LaserExplosionBlue plays batched one-shot
UnityEngine.Debug:ExtractStackTraceNoAlloc (byte*,int,string)
UnityEngine.StackTraceUtility:ExtractStackTrace () (at /Users/bokken/build/output/unity/unity/Runtime/Export/Scripting/StackTrace.cs:35)
UnityEngine.DebugLogHandler:Internal_Log (UnityEngine.LogType,UnityEngine.LogOption,string,UnityEngine.Object)
UnityEngine.DebugLogHandler:LogFormat (UnityEngine.LogType,UnityEngine.Object,string,object[])
UnityEngine.Logger:Log (UnityEngine.LogType,object)
UnityEngine.Debug:Log (object)
EffectPlayer:LogBackend (UnityEngine.GameObject,string) (at Assets/Scripts/Effects/EffectPlayer.cs:93)
EffectPool:PlayOneShot (UnityEngine.Vector3,UnityEngine.Quaternion,single,single,single) (at Assets/Scripts/Effects/EffectPool.cs:65)
EffectPlayer:Play (UnityEngine.GameObject,UnityEngine.Vector3,UnityEngine.Quaternion,single,single,single) (at Assets/Scripts/Effects/EffectPlayer.cs:77)
ProjectileSystem:Apply (int) (at Assets/Scripts/Combat/ProjectileSystem.cs:314)
ProjectileSystem:Update () (at Assets/Scripts/Combat/ProjectileSystem.cs:274)

(Filename: Assets/Scripts/Effects/EffectPlayer.cs Line: 93)

PERF RESULT S2: towers 150, frames 6692, frame p50/p95/p99/max 17.8/25.7/29.4/82.5 ms, main p50/p99 17.8/29.4 ms, speed 1.00x, GC steady 100.0% frames (68563394 B, 10501 B/frame), damage 207840, kills 1646, leaked 18598, pops 40819, projectiles 390672/390672, death fx 11136/44219, fx 589083/589083, markers [PlayerLoop=17.51ms, Update.ScriptRunBehaviourUpdate=4.16ms, PreLateUpdate.ScriptRunBehaviourLateUpdate=11.19ms, FixedUpdate.PhysicsFixedUpdate=0.00ms, FixedUpdate.ScriptRunBehaviourFixedUpdate=0.00ms, PreUpdate.PhysicsUpdate=0.00ms, Physics.Simulate=0.64ms, Physics.SyncTransforms=0.48ms, Physics.SendTriggerEvents=0.18ms, Physics.SendContactEvents=0.00ms, ParticleSystem.EndUpdateAll=0.01ms, GC.Collect=0.00ms, Instantiate=0.07ms], by type [Bullet Dispenser=207840]
UnityEngine.Debug:ExtractStackTraceNoAlloc (byte*,int,string)
UnityEngine.StackTraceUtility:ExtractStackTrace () (at /Users/bokken/build/output/unity/unity/Runtime/Export/Scripting/StackTrace.cs:35)
UnityEngine.DebugLogHandler:Internal_Log (UnityEngine.LogType,UnityEngine.LogOption,string,UnityEngine.Object)
UnityEngine.DebugLogHandler:LogFormat (UnityEngine.LogType,UnityEngine.Object,string,object[])
UnityEngine.Logger:Log (UnityEngine.LogType,object)
UnityEngine.Debug:Log (object)
PerfScenario:Summarize (PerfScenario/Run,PerfScenario/RunResult,System.Collections.Generic.List`1<Tower>,int) (at Assets/Scripts/Diagnostics/PerfScenario.cs:893)
PerfScenario/<RunOne>d__41:MoveNext () (at Assets/Scripts/Diagnostics/PerfScenario.cs:357)
UnityEngine.SetupCoroutine:InvokeMoveNext (System.Collections.IEnumerator,intptr) (at /Users/bokken/build/output/unity/unity/Runtime/Export/Scripting/Coroutines.cs:17)

(Filename: Assets/Scripts/Diagnostics/PerfScenario.cs Line: 893)

PERF PASS T-BulletDispenser-1x
UnityEngine.Debug:ExtractStackTraceNoAlloc (byte*,int,string)
UnityEngine.StackTraceUtility:ExtractStackTrace () (at /Users/bokken/build/output/unity/unity/Runtime/Export/Scripting/StackTrace.cs:35)
UnityEngine.DebugLogHandler:Internal_Log (UnityEngine.LogType,UnityEngine.LogOption,string,UnityEngine.Object)
UnityEngine.DebugLogHandler:LogFormat (UnityEngine.LogType,UnityEngine.Object,string,object[])
UnityEngine.Logger:Log (UnityEngine.LogType,object)
UnityEngine.Debug:Log (object)
PerfScenario:WriteResults () (at Assets/Scripts/Diagnostics/PerfScenario.cs:979)
PerfScenario/<Start>d__40:MoveNext () (at Assets/Scripts/Diagnostics/PerfScenario.cs:266)
UnityEngine.SetupCoroutine:InvokeMoveNext (System.Collections.IEnumerator,intptr) (at /Users/bokken/build/output/unity/unity/Runtime/Export/Scripting/Coroutines.cs:17)

(Filename: Assets/Scripts/Diagnostics/PerfScenario.cs Line: 979)

PERF FAIL T-Bomb-1x: death animations skipped: 357 of 895
UnityEngine.Debug:ExtractStackTraceNoAlloc (byte*,int,string)
UnityEngine.StackTraceUtility:ExtractStackTrace () (at /Users/bokken/build/output/unity/unity/Runtime/Export/Scripting/StackTrace.cs:35)
UnityEngine.DebugLogHandler:Internal_Log (UnityEngine.LogType,UnityEngine.LogOption,string,UnityEngine.Object)
UnityEngine.DebugLogHandler:LogFormat (UnityEngine.LogType,UnityEngine.Object,string,object[])
UnityEngine.Logger:Log (UnityEngine.LogType,object)
UnityEngine.Debug:Log (object)
PerfScenario:WriteResults () (at Assets/Scripts/Diagnostics/PerfScenario.cs:976)
PerfScenario/<Start>d__40:MoveNext () (at Assets/Scripts/Diagnostics/PerfScenario.cs:266)
UnityEngine.SetupCoroutine:InvokeMoveNext (System.Collections.IEnumerator,intptr) (at /Users/bokken/build/output/unity/unity/Runtime/Export/Scripting/Coroutines.cs:17)

(Filename: Assets/Scripts/Diagnostics/PerfScenario.cs Line: 976)

PERF FAIL S2: frame p99 29.4 ms > 16.7
UnityEngine.Debug:ExtractStackTraceNoAlloc (byte*,int,string)
UnityEngine.StackTraceUtility:ExtractStackTrace () (at /Users/bokken/build/output/unity/unity/Runtime/Export/Scripting/StackTrace.cs:35)
UnityEngine.DebugLogHandler:Internal_Log (UnityEngine.LogType,UnityEngine.LogOption,string,UnityEngine.Object)
UnityEngine.DebugLogHandler:LogFormat (UnityEngine.LogType,UnityEngine.Object,string,object[])
UnityEngine.Logger:Log (UnityEngine.LogType,object)
UnityEngine.Debug:Log (object)
PerfScenario:WriteResults () (at Assets/Scripts/Diagnostics/PerfScenario.cs:976)
PerfScenario/<Start>d__40:MoveNext () (at Assets/Scripts/Diagnostics/PerfScenario.cs:266)
UnityEngine.SetupCoroutine:InvokeMoveNext (System.Collections.IEnumerator,intptr) (at /Users/bokken/build/output/unity/unity/Runtime/Export/Scripting/Coroutines.cs:17)

(Filename: Assets/Scripts/Diagnostics/PerfScenario.cs Line: 976)

PERF FAIL S2: frame max 82.5 ms > 33.3
UnityEngine.Debug:ExtractStackTraceNoAlloc (byte*,int,string)
UnityEngine.StackTraceUtility:ExtractStackTrace () (at /Users/bokken/build/output/unity/unity/Runtime/Export/Scripting/StackTrace.cs:35)
UnityEngine.DebugLogHandler:Internal_Log (UnityEngine.LogType,UnityEngine.LogOption,string,UnityEngine.Object)
UnityEngine.DebugLogHandler:LogFormat (UnityEngine.LogType,UnityEngine.Object,string,object[])
UnityEngine.Logger:Log (UnityEngine.LogType,object)
UnityEngine.Debug:Log (object)
PerfScenario:WriteResults () (at Assets/Scripts/Diagnostics/PerfScenario.cs:976)
PerfScenario/<Start>d__40:MoveNext () (at Assets/Scripts/Diagnostics/PerfScenario.cs:266)
UnityEngine.SetupCoroutine:InvokeMoveNext (System.Collections.IEnumerator,intptr) (at /Users/bokken/build/output/unity/unity/Runtime/Export/Scripting/Coroutines.cs:17)

(Filename: Assets/Scripts/Diagnostics/PerfScenario.cs Line: 976)

PERF FAIL S2: GC 10501 B per steady frame > 1024
UnityEngine.Debug:ExtractStackTraceNoAlloc (byte*,int,string)
UnityEngine.StackTraceUtility:ExtractStackTrace () (at /Users/bokken/build/output/unity/unity/Runtime/Export/Scripting/StackTrace.cs:35)
UnityEngine.DebugLogHandler:Internal_Log (UnityEngine.LogType,UnityEngine.LogOption,string,UnityEngine.Object)
UnityEngine.DebugLogHandler:LogFormat (UnityEngine.LogType,UnityEngine.Object,string,object[])
UnityEngine.Logger:Log (UnityEngine.LogType,object)
UnityEngine.Debug:Log (object)
PerfScenario:WriteResults () (at Assets/Scripts/Diagnostics/PerfScenario.cs:976)
PerfScenario/<Start>d__40:MoveNext () (at Assets/Scripts/Diagnostics/PerfScenario.cs:266)
UnityEngine.SetupCoroutine:InvokeMoveNext (System.Collections.IEnumerator,intptr) (at /Users/bokken/build/output/unity/unity/Runtime/Export/Scripting/Coroutines.cs:17)

(Filename: Assets/Scripts/Diagnostics/PerfScenario.cs Line: 976)

PERF FAIL S2: death animations skipped: 33083 of 44219
UnityEngine.Debug:ExtractStackTraceNoAlloc (byte*,int,string)
UnityEngine.StackTraceUtility:ExtractStackTrace () (at /Users/bokken/build/output/unity/unity/Runtime/Export/Scripting/StackTrace.cs:35)
UnityEngine.DebugLogHandler:Internal_Log (UnityEngine.LogType,UnityEngine.LogOption,string,UnityEngine.Object)
UnityEngine.DebugLogHandler:LogFormat (UnityEngine.LogType,UnityEngine.Object,string,object[])
UnityEngine.Logger:Log (UnityEngine.LogType,object)
UnityEngine.Debug:Log (object)
PerfScenario:WriteResults () (at Assets/Scripts/Diagnostics/PerfScenario.cs:976)
PerfScenario/<Start>d__40:MoveNext () (at Assets/Scripts/Diagnostics/PerfScenario.cs:266)
UnityEngine.SetupCoroutine:InvokeMoveNext (System.Collections.IEnumerator,intptr) (at /Users/bokken/build/output/unity/unity/Runtime/Export/Scripting/Coroutines.cs:17)

(Filename: Assets/Scripts/Diagnostics/PerfScenario.cs Line: 976)

PERF finished, 5 failed checks, results in /Users/philipp/Projects/3DTD/tasks/perf/perf-T-BulletDispenser-1x_T-Bomb-1x_S2-20261004-144537.json
UnityEngine.Debug:ExtractStackTraceNoAlloc (byte*,int,string)
UnityEngine.StackTraceUtility:ExtractStackTrace () (at /Users/bokken/build/output/unity/unity/Runtime/Export/Scripting/StackTrace.cs:35)
UnityEngine.DebugLogHandler:Internal_Log (UnityEngine.LogType,UnityEngine.LogOption,string,UnityEngine.Object)
UnityEngine.DebugLogHandler:LogFormat (UnityEngine.LogType,UnityEngine.Object,string,object[])
UnityEngine.Logger:Log (UnityEngine.LogType,object)
UnityEngine.Debug:Log (object)
PerfScenario:WriteResults () (at Assets/Scripts/Diagnostics/PerfScenario.cs:987)
PerfScenario/<Start>d__40:MoveNext () (at Assets/Scripts/Diagnostics/PerfScenario.cs:266)
UnityEngine.SetupCoroutine:InvokeMoveNext (System.Collections.IEnumerator,intptr) (at /Users/bokken/build/output/unity/unity/Runtime/Export/Scripting/Coroutines.cs:17)

(Filename: Assets/Scripts/Diagnostics/PerfScenario.cs Line: 987)

Thread 0x173e87000 may have been prematurely finalized
LightingSettings: switching bake backend from 2 to 1.
Unloading 3 Unused Serialized files (Serialized files now loaded: 0)
Loaded scene 'Temp/__Backupscenes/0.backup'
	Deserialize:            31.057 ms
	Integration:            191.038 ms
	Integration of assets:  0.008 ms
	Thread Wait Time:       -0.000 ms
	Total Operation Time:   222.103 ms
Unloading 13 unused Assets / (2.8 MB). Loaded Objects now: 21825.
Memory consumption went from 0.64 GB to 0.64 GB.
Total: 14.129042 ms (FindLiveObjects: 0.687708 ms CreateObjectMapping: 1.306583 ms MarkObjects: 11.315083 ms  DeleteObjects: 0.819417 ms)

[Licensing::Client] Successfully resolved entitlement details
[Licensing::Module] License group:
  Id: F4-E4SU-4NGG-F7VJ-4QU2-XXXX
  Product: Unity Personal
  Type: ULF
  Expiration: Unlimited
[Licensing::Module] License group:
  Id: 9071000562088-UnityPersXXXX
  Product: Unity Personal
  Type: Assigned
  Expiration: Unlimited
[UnityConnectServicesConfig] config is NOT valid, switching to default
PERF benchmark finished, 5 failed checks
UnityEngine.Debug:ExtractStackTraceNoAlloc (byte*,int,string)
UnityEngine.StackTraceUtility:ExtractStackTrace () (at /Users/bokken/build/output/unity/unity/Runtime/Export/Scripting/StackTrace.cs:35)
UnityEngine.DebugLogHandler:Internal_Log (UnityEngine.LogType,UnityEngine.LogOption,string,UnityEngine.Object)
UnityEngine.DebugLogHandler:LogFormat (UnityEngine.LogType,UnityEngine.Object,string,object[])
UnityEngine.Logger:Log (UnityEngine.LogType,object)
UnityEngine.Debug:Log (object)
PerfBenchmark:Finish () (at Assets/Editor/Perf/PerfBenchmark.cs:86)
PerfBenchmark:Tick () (at Assets/Editor/Perf/PerfBenchmark.cs:57)
UnityEditor.EditorApplication:Internal_CallUpdateFunctions () (at /Users/bokken/build/output/unity/unity/Editor/Mono/EditorApplication.cs:403)

(Filename: Assets/Editor/Perf/PerfBenchmark.cs Line: 86)

MonoPathRemapper: Attempts to remap: 50108; Successful remaps: 4
Thread 0x704d2df000 may have been prematurely finalized
Serialized file version minimum: 23, current 23
Clearing [Manrope-Bold SDF] dynamic font asset data.
UnityEngine.Debug:ExtractStackTraceNoAlloc (byte*,int,string)
UnityEngine.StackTraceUtility:ExtractStackTrace () (at /Users/bokken/build/output/unity/unity/Runtime/Export/Scripting/StackTrace.cs:35)
UnityEngine.DebugLogHandler:Internal_Log (UnityEngine.LogType,UnityEngine.LogOption,string,UnityEngine.Object)
UnityEngine.DebugLogHandler:LogFormat (UnityEngine.LogType,UnityEngine.Object,string,object[])
UnityEngine.Logger:Log (UnityEngine.LogType,object)
UnityEngine.Debug:Log (object)
TMPro.EditorEventCallbacks/<>c:<InitializeFontAssetResourceChangeCallBacks>b__0_0 () (at ./Library/PackageCache/com.unity.ugui@1c4864518158/Editor/TMP/TMP_EditorResourceManager.cs:36)
UnityEditor.EditorApplication:Internal_EditorApplicationQuit () (at /Users/bokken/build/output/unity/unity/Editor/Mono/EditorApplication.cs:128)
PerfBenchmark:Finish () (at Assets/Editor/Perf/PerfBenchmark.cs:88)
PerfBenchmark:Tick () (at Assets/Editor/Perf/PerfBenchmark.cs:57)
UnityEditor.EditorApplication:Internal_CallUpdateFunctions () (at /Users/bokken/build/output/unity/unity/Editor/Mono/EditorApplication.cs:403)

(Filename: ./Library/PackageCache/com.unity.ugui@1c4864518158/Editor/TMP/TMP_EditorResourceManager.cs Line: 36)

Clearing [Manrope-ExtraBold SDF] dynamic font asset data.
UnityEngine.Debug:ExtractStackTraceNoAlloc (byte*,int,string)
UnityEngine.StackTraceUtility:ExtractStackTrace () (at /Users/bokken/build/output/unity/unity/Runtime/Export/Scripting/StackTrace.cs:35)
UnityEngine.DebugLogHandler:Internal_Log (UnityEngine.LogType,UnityEngine.LogOption,string,UnityEngine.Object)
UnityEngine.DebugLogHandler:LogFormat (UnityEngine.LogType,UnityEngine.Object,string,object[])
UnityEngine.Logger:Log (UnityEngine.LogType,object)
UnityEngine.Debug:Log (object)
TMPro.EditorEventCallbacks/<>c:<InitializeFontAssetResourceChangeCallBacks>b__0_0 () (at ./Library/PackageCache/com.unity.ugui@1c4864518158/Editor/TMP/TMP_EditorResourceManager.cs:36)
UnityEditor.EditorApplication:Internal_EditorApplicationQuit () (at /Users/bokken/build/output/unity/unity/Editor/Mono/EditorApplication.cs:128)
PerfBenchmark:Finish () (at Assets/Editor/Perf/PerfBenchmark.cs:88)
PerfBenchmark:Tick () (at Assets/Editor/Perf/PerfBenchmark.cs:57)
UnityEditor.EditorApplication:Internal_CallUpdateFunctions () (at /Users/bokken/build/output/unity/unity/Editor/Mono/EditorApplication.cs:403)

(Filename: ./Library/PackageCache/com.unity.ugui@1c4864518158/Editor/TMP/TMP_EditorResourceManager.cs Line: 36)

Clearing [Manrope-Medium SDF] dynamic font asset data.
UnityEngine.Debug:ExtractStackTraceNoAlloc (byte*,int,string)
UnityEngine.StackTraceUtility:ExtractStackTrace () (at /Users/bokken/build/output/unity/unity/Runtime/Export/Scripting/StackTrace.cs:35)
UnityEngine.DebugLogHandler:Internal_Log (UnityEngine.LogType,UnityEngine.LogOption,string,UnityEngine.Object)
UnityEngine.DebugLogHandler:LogFormat (UnityEngine.LogType,UnityEngine.Object,string,object[])
UnityEngine.Logger:Log (UnityEngine.LogType,object)
UnityEngine.Debug:Log (object)
TMPro.EditorEventCallbacks/<>c:<InitializeFontAssetResourceChangeCallBacks>b__0_0 () (at ./Library/PackageCache/com.unity.ugui@1c4864518158/Editor/TMP/TMP_EditorResourceManager.cs:36)
UnityEditor.EditorApplication:Internal_EditorApplicationQuit () (at /Users/bokken/build/output/unity/unity/Editor/Mono/EditorApplication.cs:128)
PerfBenchmark:Finish () (at Assets/Editor/Perf/PerfBenchmark.cs:88)
PerfBenchmark:Tick () (at Assets/Editor/Perf/PerfBenchmark.cs:57)
UnityEditor.EditorApplication:Internal_CallUpdateFunctions () (at /Users/bokken/build/output/unity/unity/Editor/Mono/EditorApplication.cs:403)

(Filename: ./Library/PackageCache/com.unity.ugui@1c4864518158/Editor/TMP/TMP_EditorResourceManager.cs Line: 36)

Clearing [Manrope-SemiBold SDF] dynamic font asset data.
UnityEngine.Debug:ExtractStackTraceNoAlloc (byte*,int,string)
UnityEngine.StackTraceUtility:ExtractStackTrace () (at /Users/bokken/build/output/unity/unity/Runtime/Export/Scripting/StackTrace.cs:35)
UnityEngine.DebugLogHandler:Internal_Log (UnityEngine.LogType,UnityEngine.LogOption,string,UnityEngine.Object)
UnityEngine.DebugLogHandler:LogFormat (UnityEngine.LogType,UnityEngine.Object,string,object[])
UnityEngine.Logger:Log (UnityEngine.LogType,object)
UnityEngine.Debug:Log (object)
TMPro.EditorEventCallbacks/<>c:<InitializeFontAssetResourceChangeCallBacks>b__0_0 () (at ./Library/PackageCache/com.unity.ugui@1c4864518158/Editor/TMP/TMP_EditorResourceManager.cs:36)
UnityEditor.EditorApplication:Internal_EditorApplicationQuit () (at /Users/bokken/build/output/unity/unity/Editor/Mono/EditorApplication.cs:128)
PerfBenchmark:Finish () (at Assets/Editor/Perf/PerfBenchmark.cs:88)
PerfBenchmark:Tick () (at Assets/Editor/Perf/PerfBenchmark.cs:57)
UnityEditor.EditorApplication:Internal_CallUpdateFunctions () (at /Users/bokken/build/output/unity/unity/Editor/Mono/EditorApplication.cs:403)

(Filename: ./Library/PackageCache/com.unity.ugui@1c4864518158/Editor/TMP/TMP_EditorResourceManager.cs Line: 36)

Clearing [Sora-Bold SDF] dynamic font asset data.
UnityEngine.Debug:ExtractStackTraceNoAlloc (byte*,int,string)
UnityEngine.StackTraceUtility:ExtractStackTrace () (at /Users/bokken/build/output/unity/unity/Runtime/Export/Scripting/StackTrace.cs:35)
UnityEngine.DebugLogHandler:Internal_Log (UnityEngine.LogType,UnityEngine.LogOption,string,UnityEngine.Object)
UnityEngine.DebugLogHandler:LogFormat (UnityEngine.LogType,UnityEngine.Object,string,object[])
UnityEngine.Logger:Log (UnityEngine.LogType,object)
UnityEngine.Debug:Log (object)
TMPro.EditorEventCallbacks/<>c:<InitializeFontAssetResourceChangeCallBacks>b__0_0 () (at ./Library/PackageCache/com.unity.ugui@1c4864518158/Editor/TMP/TMP_EditorResourceManager.cs:36)
UnityEditor.EditorApplication:Internal_EditorApplicationQuit () (at /Users/bokken/build/output/unity/unity/Editor/Mono/EditorApplication.cs:128)
PerfBenchmark:Finish () (at Assets/Editor/Perf/PerfBenchmark.cs:88)
PerfBenchmark:Tick () (at Assets/Editor/Perf/PerfBenchmark.cs:57)
UnityEditor.EditorApplication:Internal_CallUpdateFunctions () (at /Users/bokken/build/output/unity/unity/Editor/Mono/EditorApplication.cs:403)

(Filename: ./Library/PackageCache/com.unity.ugui@1c4864518158/Editor/TMP/TMP_EditorResourceManager.cs Line: 36)

Clearing [Sora-ExtraBold SDF] dynamic font asset data.
UnityEngine.Debug:ExtractStackTraceNoAlloc (byte*,int,string)
UnityEngine.StackTraceUtility:ExtractStackTrace () (at /Users/bokken/build/output/unity/unity/Runtime/Export/Scripting/StackTrace.cs:35)
UnityEngine.DebugLogHandler:Internal_Log (UnityEngine.LogType,UnityEngine.LogOption,string,UnityEngine.Object)
UnityEngine.DebugLogHandler:LogFormat (UnityEngine.LogType,UnityEngine.Object,string,object[])
UnityEngine.Logger:Log (UnityEngine.LogType,object)
UnityEngine.Debug:Log (object)
TMPro.EditorEventCallbacks/<>c:<InitializeFontAssetResourceChangeCallBacks>b__0_0 () (at ./Library/PackageCache/com.unity.ugui@1c4864518158/Editor/TMP/TMP_EditorResourceManager.cs:36)
UnityEditor.EditorApplication:Internal_EditorApplicationQuit () (at /Users/bokken/build/output/unity/unity/Editor/Mono/EditorApplication.cs:128)
PerfBenchmark:Finish () (at Assets/Editor/Perf/PerfBenchmark.cs:88)
PerfBenchmark:Tick () (at Assets/Editor/Perf/PerfBenchmark.cs:57)
UnityEditor.EditorApplication:Internal_CallUpdateFunctions () (at /Users/bokken/build/output/unity/unity/Editor/Mono/EditorApplication.cs:403)

(Filename: ./Library/PackageCache/com.unity.ugui@1c4864518158/Editor/TMP/TMP_EditorResourceManager.cs Line: 36)

Clearing [Sora-SemiBold SDF] dynamic font asset data.
UnityEngine.Debug:ExtractStackTraceNoAlloc (byte*,int,string)
UnityEngine.StackTraceUtility:ExtractStackTrace () (at /Users/bokken/build/output/unity/unity/Runtime/Export/Scripting/StackTrace.cs:35)
UnityEngine.DebugLogHandler:Internal_Log (UnityEngine.LogType,UnityEngine.LogOption,string,UnityEngine.Object)
UnityEngine.DebugLogHandler:LogFormat (UnityEngine.LogType,UnityEngine.Object,string,object[])
UnityEngine.Logger:Log (UnityEngine.LogType,object)
UnityEngine.Debug:Log (object)
TMPro.EditorEventCallbacks/<>c:<InitializeFontAssetResourceChangeCallBacks>b__0_0 () (at ./Library/PackageCache/com.unity.ugui@1c4864518158/Editor/TMP/TMP_EditorResourceManager.cs:36)
UnityEditor.EditorApplication:Internal_EditorApplicationQuit () (at /Users/bokken/build/output/unity/unity/Editor/Mono/EditorApplication.cs:128)
PerfBenchmark:Finish () (at Assets/Editor/Perf/PerfBenchmark.cs:88)
PerfBenchmark:Tick () (at Assets/Editor/Perf/PerfBenchmark.cs:57)
UnityEditor.EditorApplication:Internal_CallUpdateFunctions () (at /Users/bokken/build/output/unity/unity/Editor/Mono/EditorApplication.cs:403)

(Filename: ./Library/PackageCache/com.unity.ugui@1c4864518158/Editor/TMP/TMP_EditorResourceManager.cs Line: 36)

Killing ADB server in 0.051463 seconds.
Importing 'GUID: b5f29bad05304450b9ab7277dfd32ce8 - Path: Assets/Fonts/Manrope/Manrope-Medium SDF.asset' with importer (NativeFormatImporter)
Imported 'GUID: b5f29bad05304450b9ab7277dfd32ce8' -> (Import Result ID: 'cb61bb827e031fa6239d66c2fa0f8afc') in 0.007 seconds [static dependencies only]. Details - ImportResultOutputID=ec3ec3f93bcf507604567c953f0b5957 DependenciesID=0e93cbb86ed043d6c0888f94658301af StaticDependenciesID=8ea8a00619bf04645ebfb69cfeab46c1 
Importing 'GUID: 960a4a1fee038423aa04c0a49d711d9b - Path: Assets/Fonts/Sora/Sora-SemiBold SDF.asset' with importer (NativeFormatImporter)
Imported 'GUID: 960a4a1fee038423aa04c0a49d711d9b' -> (Import Result ID: 'f0ee152553e8dc9ac62a81a89426c631') in 0.001 seconds [static dependencies only]. Details - ImportResultOutputID=c5376367d9140c4416bf39f8fde47f00 DependenciesID=5c744164e1951a442ae180395d62e8b6 StaticDependenciesID=f13d0a39dfad3eb2dbaac050dfbcbc39 
Importing 'GUID: c72df4aa697254381b2ff24a4f97e6d3 - Path: Assets/Fonts/Manrope/Manrope-SemiBold SDF.asset' with importer (NativeFormatImporter)
Imported 'GUID: c72df4aa697254381b2ff24a4f97e6d3' -> (Import Result ID: '070301d1491a0a501e5cdab33f309727') in 0.001 seconds [static dependencies only]. Details - ImportResultOutputID=2e7c58826d8c337f1c251c33b9ba64de DependenciesID=3c4bb27d96b34c1e8f718436c8471291 StaticDependenciesID=3865d2f26254e37be2f57786f222801d 
Importing 'GUID: b81218380dce5435392e5af2bdd5146f - Path: Assets/Fonts/Sora/Sora-ExtraBold SDF.asset' with importer (NativeFormatImporter)
Imported 'GUID: b81218380dce5435392e5af2bdd5146f' -> (Import Result ID: '952eaa173b921a4527748364df4e20b5') in 0.001 seconds [static dependencies only]. Details - ImportResultOutputID=2af47ebb0121feff9988dee99997374f DependenciesID=10babd8e3a758188fd534925dec15bf3 StaticDependenciesID=5b137e6e3eced2c0039820e8c6cb931b 
Importing 'GUID: 9dbec836a26194eee9c3e94b0b2a02fe - Path: Assets/Fonts/Manrope/Manrope-ExtraBold SDF.asset' with importer (NativeFormatImporter)
Imported 'GUID: 9dbec836a26194eee9c3e94b0b2a02fe' -> (Import Result ID: 'e2b437b14b599a3a5c1993c327428e8d') in 0.000 seconds [static dependencies only]. Details - ImportResultOutputID=c965e93c81ab70ea8c040638d843abce DependenciesID=5803e16bd1725a33189edaa35a368a9a StaticDependenciesID=93dacaa17b23f991adbbf43d15d11526 
Importing 'GUID: 1f393a07920384164ace0f7c2173264d - Path: Assets/Fonts/Manrope/Manrope-Bold SDF.asset' with importer (NativeFormatImporter)
Imported 'GUID: 1f393a07920384164ace0f7c2173264d' -> (Import Result ID: 'ca9f0dcacc57f40995654255728eb9d7') in 0.000 seconds [static dependencies only]. Details - ImportResultOutputID=3743d3df6aade6316de34d1f0cd20126 DependenciesID=02b0bfd84aa6cd32b4032df49b5f3bdc StaticDependenciesID=d41a957394ebfb9fa858d1deb4161887 
Importing 'GUID: 7f6a6978d2a4943d9aaa8c7cba6e7253 - Path: Assets/Fonts/Sora/Sora-Bold SDF.asset' with importer (NativeFormatImporter)
Imported 'GUID: 7f6a6978d2a4943d9aaa8c7cba6e7253' -> (Import Result ID: '6532add561161054dda27c460bc06877') in 0.000 seconds [static dependencies only]. Details - ImportResultOutputID=8e8b4bce18643da22ccdc54c9e891c81 DependenciesID=53ba04d9b6026a3964a05a452e103e99 StaticDependenciesID=5a6cf94023de4b5e983bb54f40f87bc7 
Asset Pipeline Refresh (id=3cfbfbfb758eb47a98746f27d1d7cbf1): Total: 0.146 seconds - Initiated by StopAssetImportingV2(NoUpdateAssetOptions)
Thread 0x7007d47000 may have been prematurely finalized
"MSBuild-Server" wird heruntergefahren...
"VB/C#-Compilerserver" wird heruntergefahren...
"VB/C#-Compilerserver" wurde erfolgreich heruntergefahren.
Input System module state changed to: ShutdownInProgress.
Input Polling Thread exited.
Input System module state changed to: Shutdown.
[Physics::Module] Cleanup current backend.
[Physics::Module] Id: 0xf2b8ea05
[Licensing::IpcConnector] LicenseClient-philipp-notifications channel disconnected successfully.
[Licensing::IpcConnector] LicenseClient-philipp channel disconnected successfully.
Thread 0x16e5bb000 may have been prematurely finalized
Thread 0x16e6d3000 may have been prematurely finalized
Thread 0x16e7eb000 may have been prematurely finalized
Thread 0x16e877000 may have been prematurely finalized
Thread 0x16e75f000 may have been prematurely finalized
Thread 0x16e647000 may have been prematurely finalized
Thread 0x16e903000 may have been prematurely finalized
Thread 0x16e98f000 may have been prematurely finalized
Lingering sessions upon destruction of worker manager
AcceleratorClientConnectionCallback - disconnected - :0
Thread 0x179d7f000 may have been prematurely finalized
info: Microsoft.Hosting.Lifetime[0]
      Application is shutting down...
Cleanup mono
CodeReloadManager destroyed
info: Unity.ILPP.Runner.PostProcessingAssemblyLoadContext[0]
      ALC ILPP context 1 is unloading
"MSBuild-Server" wurde erfolgreich heruntergefahren.
debugger-agent: Unable to listen on 36
[usbmuxd] Stop listen thread
[usbmuxd] Error: 
[usbmuxd] Listen thread exiting
