Mono path[0] = '/Users/philipp/Projects/3DTD/3DTD/3DTD/Builds/PerfPlayer/3DTD.app/Contents/Resources/Data/Managed'
Mono config path = '/Users/philipp/Projects/3DTD/3DTD/3DTD/Builds/PerfPlayer/3DTD.app/Contents/MonoBleedingEdge/etc'
CodeReloadManager initialized
Found 5 interfaces on host : 0) 192.168.178.132 1) 192.168.178.133 2) 192.168.139.3 3) 192.168.215.0 4) 192.168.97.0
Player connection [8171323264]  Target information:

Player connection [8171323264]  * "[IP] 192.168.178.132 [Port] 55000 [Flags] 2 [Guid] 2160153853 [EditorId] 3723790721 [Version] 1048832 [Id] OSXPlayer(1,Philipps-Mac-LAN.fritz.box) [Debug] 0 [PackageName] OSXPlayer [ProjectName] 3DTD" 

Player connection [8171323264]  * "[IP] 192.168.178.133 [Port] 55000 [Flags] 2 [Guid] 2160153853 [EditorId] 3723790721 [Version] 1048832 [Id] OSXPlayer(1,Philipps-Mac-LAN.fritz.box) [Debug] 0 [PackageName] OSXPlayer [ProjectName] 3DTD" 

Player connection [8171323264]  * "[IP] 192.168.139.3 [Port] 55000 [Flags] 2 [Guid] 2160153853 [EditorId] 3723790721 [Version] 1048832 [Id] OSXPlayer(1,Philipps-Mac-LAN.fritz.box) [Debug] 0 [PackageName] OSXPlayer [ProjectName] 3DTD" 

Player connection [8171323264]  * "[IP] 192.168.215.0 [Port] 55000 [Flags] 2 [Guid] 2160153853 [EditorId] 3723790721 [Version] 1048832 [Id] OSXPlayer(1,Philipps-Mac-LAN.fritz.box) [Debug] 0 [PackageName] OSXPlayer [ProjectName] 3DTD" 

Player connection [8171323264]  * "[IP] 192.168.97.0 [Port] 55000 [Flags] 2 [Guid] 2160153853 [EditorId] 3723790721 [Version] 1048832 [Id] OSXPlayer(1,Philipps-Mac-LAN.fritz.box) [Debug] 0 [PackageName] OSXPlayer [ProjectName] 3DTD" 

Player connection [8171323264] Started UDP target info broadcast (1) on [225.0.0.222:54997].

Input System module state changed to: Initialized.
[Physics::Module] Initialized fallback backend.
[Physics::Module] Id: 0xdecafbad
 preferred device: Apple M4 Pro (high power)
Metal devices available: 1
0: Apple M4 Pro (high power)
Using device Apple M4 Pro (high power)
Initialize engine version: 6000.5.8f1 (5cb7df797b7d)
[Subsystems] Discovering subsystems at path /Users/philipp/Projects/3DTD/3DTD/3DTD/Builds/PerfPlayer/3DTD.app/Contents/Resources/Data/UnitySubsystems
GfxDevice: creating device client; kGfxThreadingModeThreaded
Initializing Metal device caps: Apple M4 Pro
Mac GPU Family: 2
Apple GPU Family: 9
MSL Version: 3.0
Has Float MSAA: 1
Has Float Filtering: 1
ReadWrite Texture Tier: 2
Begin MonoManager ReloadAssembly
Symbol file LoadedFromMemory is not a mono symbol file
- Finished resetting the current domain, in  0.016 seconds
[Physics::Module] Selected backend.
[Physics::Module] Name: PhysX
[Physics::Module] Id: 0xf2b8ea05
[Physics::Module] SDK Version: 4.1.2
[Physics::Module] Integration Version: 1.0.0
[Physics::Module] Threading Mode: Multi-Threaded
Metal RecreateSurface[0x10f2d6dc0]: surface size 1920x1080
Couldn't create a Convex Mesh from source mesh, within the maximum polygons limit (256). The partial hull will be used. Consider simplifying your mesh. Source mesh name: default
Couldn't create a Convex Mesh from source mesh, within the maximum polygons limit (256). The partial hull will be used. Consider simplifying your mesh. Source mesh name: SM_Primitive_Sphere_05
UnloadTime: 0.441458 ms
PERF RUN T-Default-1x (single, 1x, round 60)
UnityEngine.Debug:ExtractStackTraceNoAlloc (byte*,int,string)
UnityEngine.StackTraceUtility:ExtractStackTrace () (at /Users/bokken/build/output/unity/unity/Runtime/Export/Scripting/StackTrace.cs:35)
UnityEngine.DebugLogHandler:Internal_Log (UnityEngine.LogType,UnityEngine.LogOption,string,UnityEngine.Object)
UnityEngine.DebugLogHandler:LogFormat (UnityEngine.LogType,UnityEngine.Object,string,object[]) (at /Users/bokken/build/output/unity/unity/Runtime/Export/Logging/DebugLogHandler.cs:9)
UnityEngine.Logger:Log (UnityEngine.LogType,object) (at /Users/bokken/build/output/unity/unity/Runtime/Export/Logging/Logger.cs:60)
UnityEngine.Debug:Log (object) (at /Users/bokken/build/output/unity/unity/Runtime/Export/Debug/Debug.bindings.cs:123)
PerfScenario/<RunOne>d__48:MoveNext () (at /Users/philipp/Projects/3DTD/3DTD/3DTD/Assets/Scripts/Diagnostics/PerfScenario.cs:326)
UnityEngine.SetupCoroutine:InvokeMoveNext (System.Collections.IEnumerator,intptr) (at /Users/bokken/build/output/unity/unity/Runtime/Export/Scripting/Coroutines.cs:17)

(Filename: /Users/bokken/build/output/unity/unity/Runtime/Export/Debug/Debug.bindings.cs Line: 123)

Unloading 6 Unused Serialized files (Serialized files now loaded: 0)
UnloadTime: 8.979875 ms
Unloading 3156 unused Assets / (0.7 MB). Loaded Objects now: 12951.
Memory consumption went from 126.3 MB to 125.6 MB.
Total: 3.267792 ms (FindLiveObjects: 0.244875 ms CreateObjectMapping: 0.493083 ms MarkObjects: 1.703500 ms  DeleteObjects: 0.826292 ms)

PERF layout T-Default-1x: 154 block spots, 1 towers planned, 1 built
UnityEngine.Debug:ExtractStackTraceNoAlloc (byte*,int,string)
UnityEngine.StackTraceUtility:ExtractStackTrace () (at /Users/bokken/build/output/unity/unity/Runtime/Export/Scripting/StackTrace.cs:35)
UnityEngine.DebugLogHandler:Internal_Log (UnityEngine.LogType,UnityEngine.LogOption,string,UnityEngine.Object)
UnityEngine.DebugLogHandler:LogFormat (UnityEngine.LogType,UnityEngine.Object,string,object[]) (at /Users/bokken/build/output/unity/unity/Runtime/Export/Logging/DebugLogHandler.cs:9)
UnityEngine.Logger:Log (UnityEngine.LogType,object) (at /Users/bokken/build/output/unity/unity/Runtime/Export/Logging/Logger.cs:60)
UnityEngine.Debug:Log (object) (at /Users/bokken/build/output/unity/unity/Runtime/Export/Debug/Debug.bindings.cs:123)
PerfScenario/<RunOne>d__48:MoveNext () (at /Users/philipp/Projects/3DTD/3DTD/3DTD/Assets/Scripts/Diagnostics/PerfScenario.cs:371)
UnityEngine.SetupCoroutine:InvokeMoveNext (System.Collections.IEnumerator,intptr) (at /Users/bokken/build/output/unity/unity/Runtime/Export/Scripting/Coroutines.cs:17)

(Filename: /Users/bokken/build/output/unity/unity/Runtime/Export/Debug/Debug.bindings.cs Line: 123)

PERF SPIKE 50.1 ms at frame 124, 33 enemies, GC 0 B: PlayerLoop=50.1 GPU Frame Time=1.3 Gfx.WaitForPresentOnGfxThread=3.4
UnityEngine.Debug:ExtractStackTraceNoAlloc (byte*,int,string)
UnityEngine.StackTraceUtility:ExtractStackTrace () (at /Users/bokken/build/output/unity/unity/Runtime/Export/Scripting/StackTrace.cs:35)
UnityEngine.DebugLogHandler:Internal_Log (UnityEngine.LogType,UnityEngine.LogOption,string,UnityEngine.Object)
UnityEngine.DebugLogHandler:LogFormat (UnityEngine.LogType,UnityEngine.Object,string,object[]) (at /Users/bokken/build/output/unity/unity/Runtime/Export/Logging/DebugLogHandler.cs:9)
UnityEngine.Logger:Log (UnityEngine.LogType,object) (at /Users/bokken/build/output/unity/unity/Runtime/Export/Logging/Logger.cs:60)
UnityEngine.Debug:Log (object) (at /Users/bokken/build/output/unity/unity/Runtime/Export/Debug/Debug.bindings.cs:123)
PerfScenario:Update () (at /Users/philipp/Projects/3DTD/3DTD/3DTD/Assets/Scripts/Diagnostics/PerfScenario.cs:889)

(Filename: /Users/bokken/build/output/unity/unity/Runtime/Export/Debug/Debug.bindings.cs Line: 123)

EffectPlayer: LaserMuzzleBlue plays batched one-shot
UnityEngine.Debug:ExtractStackTraceNoAlloc (byte*,int,string)
UnityEngine.StackTraceUtility:ExtractStackTrace () (at /Users/bokken/build/output/unity/unity/Runtime/Export/Scripting/StackTrace.cs:35)
UnityEngine.DebugLogHandler:Internal_Log (UnityEngine.LogType,UnityEngine.LogOption,string,UnityEngine.Object)
UnityEngine.DebugLogHandler:LogFormat (UnityEngine.LogType,UnityEngine.Object,string,object[]) (at /Users/bokken/build/output/unity/unity/Runtime/Export/Logging/DebugLogHandler.cs:9)
UnityEngine.Logger:Log (UnityEngine.LogType,object) (at /Users/bokken/build/output/unity/unity/Runtime/Export/Logging/Logger.cs:60)
UnityEngine.Debug:Log (object) (at /Users/bokken/build/output/unity/unity/Runtime/Export/Debug/Debug.bindings.cs:123)
EffectPlayer:LogBackend (UnityEngine.GameObject,string) (at /Users/philipp/Projects/3DTD/3DTD/3DTD/Assets/Scripts/Effects/EffectPlayer.cs:98)
EffectPool:PlayOneShot (UnityEngine.Vector3,UnityEngine.Quaternion,single,single,single) (at /Users/philipp/Projects/3DTD/3DTD/3DTD/Assets/Scripts/Effects/EffectPool.cs:72)
EffectPlayer:Play (UnityEngine.GameObject,UnityEngine.Vector3,UnityEngine.Quaternion,single,single,single) (at /Users/philipp/Projects/3DTD/3DTD/3DTD/Assets/Scripts/Effects/EffectPlayer.cs:81)
ProjectileSystem:Spawn (ProjectileArchetype,ProjectileSystem/Shot&,int,single) (at /Users/philipp/Projects/3DTD/3DTD/3DTD/Assets/Scripts/Combat/ProjectileSystem.cs:250)
ProjectileSystem:Fire (UnityEngine.GameObject,ProjectileSystem/Shot&) (at /Users/philipp/Projects/3DTD/3DTD/3DTD/Assets/Scripts/Combat/ProjectileSystem.cs:195)
LaserTowerActionStrategy:FireVolley (single) (at /Users/philipp/Projects/3DTD/3DTD/3DTD/Assets/Scripts/Tower/ActionStrategies/LaserTowerActionStrategy.cs:83)
LaserTowerActionStrategy:ExecuteAction () (at /Users/philipp/Projects/3DTD/3DTD/3DTD/Assets/Scripts/Tower/ActionStrategies/LaserTowerActionStrategy.cs:38)
Tower:Update () (at /Users/philipp/Projects/3DTD/3DTD/3DTD/Assets/Scripts/Entities/Tower.cs:89)

(Filename: /Users/bokken/build/output/unity/unity/Runtime/Export/Debug/Debug.bindings.cs Line: 123)

EffectPlayer: LaserBlue plays batched flight
UnityEngine.Debug:ExtractStackTraceNoAlloc (byte*,int,string)
UnityEngine.StackTraceUtility:ExtractStackTrace () (at /Users/bokken/build/output/unity/unity/Runtime/Export/Scripting/StackTrace.cs:35)
UnityEngine.DebugLogHandler:Internal_Log (UnityEngine.LogType,UnityEngine.LogOption,string,UnityEngine.Object)
UnityEngine.DebugLogHandler:LogFormat (UnityEngine.LogType,UnityEngine.Object,string,object[]) (at /Users/bokken/build/output/unity/unity/Runtime/Export/Logging/DebugLogHandler.cs:9)
UnityEngine.Logger:Log (UnityEngine.LogType,object) (at /Users/bokken/build/output/unity/unity/Runtime/Export/Logging/Logger.cs:60)
UnityEngine.Debug:Log (object) (at /Users/bokken/build/output/unity/unity/Runtime/Export/Debug/Debug.bindings.cs:123)
EffectPlayer:LogBackend (UnityEngine.GameObject,string) (at /Users/philipp/Projects/3DTD/3DTD/3DTD/Assets/Scripts/Effects/EffectPlayer.cs:98)
EffectPool:Attach (UnityEngine.Vector3,UnityEngine.Quaternion,single,UnityEngine.Vector3) (at /Users/philipp/Projects/3DTD/3DTD/3DTD/Assets/Scripts/Effects/EffectPool.cs:100)
EffectPlayer:Attach (UnityEngine.GameObject,UnityEngine.Vector3,UnityEngine.Quaternion,single,UnityEngine.Vector3) (at /Users/philipp/Projects/3DTD/3DTD/3DTD/Assets/Scripts/Effects/EffectPlayer.cs:92)
ProjectileSystem:Spawn (ProjectileArchetype,ProjectileSystem/Shot&,int,single) (at /Users/philipp/Projects/3DTD/3DTD/3DTD/Assets/Scripts/Combat/ProjectileSystem.cs:251)
ProjectileSystem:Fire (UnityEngine.GameObject,ProjectileSystem/Shot&) (at /Users/philipp/Projects/3DTD/3DTD/3DTD/Assets/Scripts/Combat/ProjectileSystem.cs:195)
LaserTowerActionStrategy:FireVolley (single) (at /Users/philipp/Projects/3DTD/3DTD/3DTD/Assets/Scripts/Tower/ActionStrategies/LaserTowerActionStrategy.cs:83)
LaserTowerActionStrategy:ExecuteAction () (at /Users/philipp/Projects/3DTD/3DTD/3DTD/Assets/Scripts/Tower/ActionStrategies/LaserTowerActionStrategy.cs:38)
Tower:Update () (at /Users/philipp/Projects/3DTD/3DTD/3DTD/Assets/Scripts/Entities/Tower.cs:89)

(Filename: /Users/bokken/build/output/unity/unity/Runtime/Export/Debug/Debug.bindings.cs Line: 123)

EffectPlayer: LaserExplosionBlue plays batched one-shot
UnityEngine.Debug:ExtractStackTraceNoAlloc (byte*,int,string)
UnityEngine.StackTraceUtility:ExtractStackTrace () (at /Users/bokken/build/output/unity/unity/Runtime/Export/Scripting/StackTrace.cs:35)
UnityEngine.DebugLogHandler:Internal_Log (UnityEngine.LogType,UnityEngine.LogOption,string,UnityEngine.Object)
UnityEngine.DebugLogHandler:LogFormat (UnityEngine.LogType,UnityEngine.Object,string,object[]) (at /Users/bokken/build/output/unity/unity/Runtime/Export/Logging/DebugLogHandler.cs:9)
UnityEngine.Logger:Log (UnityEngine.LogType,object) (at /Users/bokken/build/output/unity/unity/Runtime/Export/Logging/Logger.cs:60)
UnityEngine.Debug:Log (object) (at /Users/bokken/build/output/unity/unity/Runtime/Export/Debug/Debug.bindings.cs:123)
EffectPlayer:LogBackend (UnityEngine.GameObject,string) (at /Users/philipp/Projects/3DTD/3DTD/3DTD/Assets/Scripts/Effects/EffectPlayer.cs:98)
EffectPool:PlayOneShot (UnityEngine.Vector3,UnityEngine.Quaternion,single,single,single) (at /Users/philipp/Projects/3DTD/3DTD/3DTD/Assets/Scripts/Effects/EffectPool.cs:72)
EffectPlayer:Play (UnityEngine.GameObject,UnityEngine.Vector3,UnityEngine.Quaternion,single,single,single) (at /Users/philipp/Projects/3DTD/3DTD/3DTD/Assets/Scripts/Effects/EffectPlayer.cs:81)
ProjectileSystem:Apply () (at /Users/philipp/Projects/3DTD/3DTD/3DTD/Assets/Scripts/Combat/ProjectileSystem.cs:354)
ProjectileSystem:Update () (at /Users/philipp/Projects/3DTD/3DTD/3DTD/Assets/Scripts/Combat/ProjectileSystem.cs:310)

(Filename: /Users/bokken/build/output/unity/unity/Runtime/Export/Debug/Debug.bindings.cs Line: 123)

PERF RESULT T-Default-1x: towers 1, frames 30337, frame p50/p95/p99/max 1.4/1.9/10.6/50.1 ms, main p50/p99 1.4/10.6 ms, speed 1.00x, GC steady 0.5% frames (7387332 B, 254 B/frame), damage 435, kills 0, leaked 6473, pops 21, projectiles 160/160, death fx 24/24, fx 595/595, markers [PlayerLoop=1.63/10.6ms, Update.ScriptRunBehaviourUpdate=0.22/0.4ms, PreLateUpdate.ScriptRunBehaviourLateUpdate=0.02/0.0ms, FixedUpdate.PhysicsFixedUpdate=0.00/0.0ms, FixedUpdate.ScriptRunBehaviourFixedUpdate=0.00/0.0ms, PreUpdate.PhysicsUpdate=0.00/0.0ms, Physics.Simulate=0.10/0.2ms, Physics.SyncTransforms=0.14/0.2ms, Physics.SendTriggerEvents=0.00/0.0ms, Physics.SendContactEvents=0.00/0.0ms, ParticleSystem.EndUpdateAll=0.00/0.0ms, GC.Collect=0.00/0.0ms, GarbageCollector.CollectIncremental=0.00/0.0ms, 3DTD.Projectiles.Step=0.00/0.0ms, 3DTD.Projectiles.Apply=0.00/0.0ms, 3DTD.Effects.Update=0.02/0.1ms, 3DTD.Effects.TrailEmit=0.00/0.0ms, 3DTD.Effects.Flights=0.02/0.0ms, 3DTD.Effects.Batched=0.00/0.0ms, 3DTD.Effects.Emit=0.00/0.0ms, 3DTD.Effects.Particles=0.00/0.0ms, 3DTD.Effects.Retire=0.00/0.0ms, ParticleSystem.WaitForPreviousRenderingToFinish=0.00/0.0ms, ParticleSystem.UpdateJob=0.01/0.0ms, ParticleSystem.GeometryJob=0.02/0.1ms, ParticleSystem.TrailGeometryJob=0.01/0.1ms, ParticleSystem.Sort=0.00/0.0ms, ParticleSystem.Draw=0.00/0.0ms, Gfx.WaitForRenderThread=0.00/0.0ms, WaitForRenderJobs=0.00/0.0ms, CPU Render Thread Frame Time=0.81/0.9ms, GPU Frame Time=1.06/4.6ms, 3DTD.DeathEffects=0.00/0.0ms, 3DTD.Enemy.TakeDamage=0.00/0.0ms, 3DTD.Enemy.PopLayer=0.00/0.0ms, 3DTD.Enemy.ShowShape=0.00/0.0ms, 3DTD.Effects.Create=0.00/0.0ms, 3DTD.Projectiles.Fire=0.00/0.0ms, 3DTD.Effects.Play=0.00/0.0ms, 3DTD.Effects.Attach=0.00/0.0ms, BehaviourUpdate=0.22/0.4ms, Gfx.WaitForPresentOnGfxThread=0.18/8.9ms, Render.OpaqueGeometry=0.00/0.0ms, Render.TransparentGeometry=0.00/0.0ms, Instantiate=0.00/0.0ms], by type [Laser Tower=435]
UnityEngine.Debug:ExtractStackTraceNoAlloc (byte*,int,string)
UnityEngine.StackTraceUtility:ExtractStackTrace () (at /Users/bokken/build/output/unity/unity/Runtime/Export/Scripting/StackTrace.cs:35)
UnityEngine.DebugLogHandler:Internal_Log (UnityEngine.LogType,UnityEngine.LogOption,string,UnityEngine.Object)
UnityEngine.DebugLogHandler:LogFormat (UnityEngine.LogType,UnityEngine.Object,string,object[]) (at /Users/bokken/build/output/unity/unity/Runtime/Export/Logging/DebugLogHandler.cs:9)
UnityEngine.Logger:Log (UnityEngine.LogType,object) (at /Users/bokken/build/output/unity/unity/Runtime/Export/Logging/Logger.cs:60)
UnityEngine.Debug:Log (object) (at /Users/bokken/build/output/unity/unity/Runtime/Export/Debug/Debug.bindings.cs:123)
PerfScenario:Summarize (PerfScenario/Run,PerfScenario/RunResult,System.Collections.Generic.List`1<Tower>,int) (at /Users/philipp/Projects/3DTD/3DTD/3DTD/Assets/Scripts/Diagnostics/PerfScenario.cs:1122)
PerfScenario/<RunOne>d__48:MoveNext () (at /Users/philipp/Projects/3DTD/3DTD/3DTD/Assets/Scripts/Diagnostics/PerfScenario.cs:438)
UnityEngine.SetupCoroutine:InvokeMoveNext (System.Collections.IEnumerator,intptr) (at /Users/bokken/build/output/unity/unity/Runtime/Export/Scripting/Coroutines.cs:17)

(Filename: /Users/bokken/build/output/unity/unity/Runtime/Export/Debug/Debug.bindings.cs Line: 123)

PERF EMIT (system: calls, particles, total ms, us/particle, max ms at count/alive)
  LaserBlue/SparkTrail: 3138, 4265, 16.2 ms, 3.79 us, max 0.03 ms at 1/30, first in frame 2955x 15.9 ms
  LaserBlue/Glow: 1879, 3006, 6.3 ms, 2.10 us, max 0.02 ms at 1/16, first in frame 893x 5.0 ms
  LaserMuzzleBlue/LaserMuzzleBlue (batched): 160, 1126, 1.1 ms, 0.98 us, max 0.12 ms at 8/0, first in frame 160x 1.1 ms
  LaserBlue/LaserBlue (flights): 385, 385, 1.1 ms, 2.73 us, max 0.02 ms at 1/13, first in frame 225x 0.9 ms
  LaserExplosionBlue/LaserExplosionBlue (batched): 319, 435, 0.9 ms, 2.05 us, max 0.01 ms at 1/10, first in frame 84x 0.5 ms
  LaserExplosionBlue/Glow: 319, 435, 0.3 ms, 0.78 us, max 0.00 ms at 1/7, first in frame 0x 0.0 ms
  LaserExplosionBlue/SphereGlow: 319, 435, 0.2 ms, 0.49 us, max 0.00 ms at 3/6, first in frame 0x 0.0 ms
  LaserMuzzleBlue/Glow: 160, 160, 0.2 ms, 1.16 us, max 0.01 ms at 1/2, first in frame 0x 0.0 ms
UnityEngine.Debug:ExtractStackTraceNoAlloc (byte*,int,string)
UnityEngine.StackTraceUtility:ExtractStackTrace () (at /Users/bokken/build/output/unity/unity/Runtime/Export/Scripting/StackTrace.cs:35)
UnityEngine.DebugLogHandler:Internal_Log (UnityEngine.LogType,UnityEngine.LogOption,string,UnityEngine.Object)
UnityEngine.DebugLogHandler:LogFormat (UnityEngine.LogType,UnityEngine.Object,string,object[]) (at /Users/bokken/build/output/unity/unity/Runtime/Export/Logging/DebugLogHandler.cs:9)
UnityEngine.Logger:Log (UnityEngine.LogType,object) (at /Users/bokken/build/output/unity/unity/Runtime/Export/Logging/Logger.cs:60)
UnityEngine.Debug:Log (object) (at /Users/bokken/build/output/unity/unity/Runtime/Export/Debug/Debug.bindings.cs:123)
PerfScenario:Summarize (PerfScenario/Run,PerfScenario/RunResult,System.Collections.Generic.List`1<Tower>,int) (at /Users/philipp/Projects/3DTD/3DTD/3DTD/Assets/Scripts/Diagnostics/PerfScenario.cs:1132)
PerfScenario/<RunOne>d__48:MoveNext () (at /Users/philipp/Projects/3DTD/3DTD/3DTD/Assets/Scripts/Diagnostics/PerfScenario.cs:438)
UnityEngine.SetupCoroutine:InvokeMoveNext (System.Collections.IEnumerator,intptr) (at /Users/bokken/build/output/unity/unity/Runtime/Export/Scripting/Coroutines.cs:17)

(Filename: /Users/bokken/build/output/unity/unity/Runtime/Export/Debug/Debug.bindings.cs Line: 123)

PERF RUN T-Default-3x (single, 3x, round 60)
UnityEngine.Debug:ExtractStackTraceNoAlloc (byte*,int,string)
UnityEngine.StackTraceUtility:ExtractStackTrace () (at /Users/bokken/build/output/unity/unity/Runtime/Export/Scripting/StackTrace.cs:35)
UnityEngine.DebugLogHandler:Internal_Log (UnityEngine.LogType,UnityEngine.LogOption,string,UnityEngine.Object)
UnityEngine.DebugLogHandler:LogFormat (UnityEngine.LogType,UnityEngine.Object,string,object[]) (at /Users/bokken/build/output/unity/unity/Runtime/Export/Logging/DebugLogHandler.cs:9)
UnityEngine.Logger:Log (UnityEngine.LogType,object) (at /Users/bokken/build/output/unity/unity/Runtime/Export/Logging/Logger.cs:60)
UnityEngine.Debug:Log (object) (at /Users/bokken/build/output/unity/unity/Runtime/Export/Debug/Debug.bindings.cs:123)
PerfScenario/<RunOne>d__48:MoveNext () (at /Users/philipp/Projects/3DTD/3DTD/3DTD/Assets/Scripts/Diagnostics/PerfScenario.cs:326)
UnityEngine.SetupCoroutine:InvokeMoveNext (System.Collections.IEnumerator,intptr) (at /Users/bokken/build/output/unity/unity/Runtime/Export/Scripting/Coroutines.cs:17)

(Filename: /Users/bokken/build/output/unity/unity/Runtime/Export/Debug/Debug.bindings.cs Line: 123)

Unloading 4 Unused Serialized files (Serialized files now loaded: 0)
UnloadTime: 21.378375 ms
Unloading 8 unused Assets / (168 B). Loaded Objects now: 12949.
Memory consumption went from 134.4 MB to 134.4 MB.
Total: 1.811958 ms (FindLiveObjects: 0.191375 ms CreateObjectMapping: 0.225167 ms MarkObjects: 1.378625 ms  DeleteObjects: 0.016667 ms)

PERF layout T-Default-3x: 154 block spots, 1 towers planned, 1 built
UnityEngine.Debug:ExtractStackTraceNoAlloc (byte*,int,string)
UnityEngine.StackTraceUtility:ExtractStackTrace () (at /Users/bokken/build/output/unity/unity/Runtime/Export/Scripting/StackTrace.cs:35)
UnityEngine.DebugLogHandler:Internal_Log (UnityEngine.LogType,UnityEngine.LogOption,string,UnityEngine.Object)
UnityEngine.DebugLogHandler:LogFormat (UnityEngine.LogType,UnityEngine.Object,string,object[]) (at /Users/bokken/build/output/unity/unity/Runtime/Export/Logging/DebugLogHandler.cs:9)
UnityEngine.Logger:Log (UnityEngine.LogType,object) (at /Users/bokken/build/output/unity/unity/Runtime/Export/Logging/Logger.cs:60)
UnityEngine.Debug:Log (object) (at /Users/bokken/build/output/unity/unity/Runtime/Export/Debug/Debug.bindings.cs:123)
PerfScenario/<RunOne>d__48:MoveNext () (at /Users/philipp/Projects/3DTD/3DTD/3DTD/Assets/Scripts/Diagnostics/PerfScenario.cs:371)
UnityEngine.SetupCoroutine:InvokeMoveNext (System.Collections.IEnumerator,intptr) (at /Users/bokken/build/output/unity/unity/Runtime/Export/Scripting/Coroutines.cs:17)

(Filename: /Users/bokken/build/output/unity/unity/Runtime/Export/Debug/Debug.bindings.cs Line: 123)

EffectPlayer: LaserMuzzleBlue plays batched one-shot
UnityEngine.Debug:ExtractStackTraceNoAlloc (byte*,int,string)
UnityEngine.StackTraceUtility:ExtractStackTrace () (at /Users/bokken/build/output/unity/unity/Runtime/Export/Scripting/StackTrace.cs:35)
UnityEngine.DebugLogHandler:Internal_Log (UnityEngine.LogType,UnityEngine.LogOption,string,UnityEngine.Object)
UnityEngine.DebugLogHandler:LogFormat (UnityEngine.LogType,UnityEngine.Object,string,object[]) (at /Users/bokken/build/output/unity/unity/Runtime/Export/Logging/DebugLogHandler.cs:9)
UnityEngine.Logger:Log (UnityEngine.LogType,object) (at /Users/bokken/build/output/unity/unity/Runtime/Export/Logging/Logger.cs:60)
UnityEngine.Debug:Log (object) (at /Users/bokken/build/output/unity/unity/Runtime/Export/Debug/Debug.bindings.cs:123)
EffectPlayer:LogBackend (UnityEngine.GameObject,string) (at /Users/philipp/Projects/3DTD/3DTD/3DTD/Assets/Scripts/Effects/EffectPlayer.cs:98)
EffectPool:PlayOneShot (UnityEngine.Vector3,UnityEngine.Quaternion,single,single,single) (at /Users/philipp/Projects/3DTD/3DTD/3DTD/Assets/Scripts/Effects/EffectPool.cs:72)
EffectPlayer:Play (UnityEngine.GameObject,UnityEngine.Vector3,UnityEngine.Quaternion,single,single,single) (at /Users/philipp/Projects/3DTD/3DTD/3DTD/Assets/Scripts/Effects/EffectPlayer.cs:81)
ProjectileSystem:Spawn (ProjectileArchetype,ProjectileSystem/Shot&,int,single) (at /Users/philipp/Projects/3DTD/3DTD/3DTD/Assets/Scripts/Combat/ProjectileSystem.cs:250)
ProjectileSystem:Fire (UnityEngine.GameObject,ProjectileSystem/Shot&) (at /Users/philipp/Projects/3DTD/3DTD/3DTD/Assets/Scripts/Combat/ProjectileSystem.cs:195)
LaserTowerActionStrategy:FireVolley (single) (at /Users/philipp/Projects/3DTD/3DTD/3DTD/Assets/Scripts/Tower/ActionStrategies/LaserTowerActionStrategy.cs:83)
LaserTowerActionStrategy:ExecuteAction () (at /Users/philipp/Projects/3DTD/3DTD/3DTD/Assets/Scripts/Tower/ActionStrategies/LaserTowerActionStrategy.cs:38)
Tower:Update () (at /Users/philipp/Projects/3DTD/3DTD/3DTD/Assets/Scripts/Entities/Tower.cs:89)

(Filename: /Users/bokken/build/output/unity/unity/Runtime/Export/Debug/Debug.bindings.cs Line: 123)

EffectPlayer: LaserBlue plays batched flight
UnityEngine.Debug:ExtractStackTraceNoAlloc (byte*,int,string)
UnityEngine.StackTraceUtility:ExtractStackTrace () (at /Users/bokken/build/output/unity/unity/Runtime/Export/Scripting/StackTrace.cs:35)
UnityEngine.DebugLogHandler:Internal_Log (UnityEngine.LogType,UnityEngine.LogOption,string,UnityEngine.Object)
UnityEngine.DebugLogHandler:LogFormat (UnityEngine.LogType,UnityEngine.Object,string,object[]) (at /Users/bokken/build/output/unity/unity/Runtime/Export/Logging/DebugLogHandler.cs:9)
UnityEngine.Logger:Log (UnityEngine.LogType,object) (at /Users/bokken/build/output/unity/unity/Runtime/Export/Logging/Logger.cs:60)
UnityEngine.Debug:Log (object) (at /Users/bokken/build/output/unity/unity/Runtime/Export/Debug/Debug.bindings.cs:123)
EffectPlayer:LogBackend (UnityEngine.GameObject,string) (at /Users/philipp/Projects/3DTD/3DTD/3DTD/Assets/Scripts/Effects/EffectPlayer.cs:98)
EffectPool:Attach (UnityEngine.Vector3,UnityEngine.Quaternion,single,UnityEngine.Vector3) (at /Users/philipp/Projects/3DTD/3DTD/3DTD/Assets/Scripts/Effects/EffectPool.cs:100)
EffectPlayer:Attach (UnityEngine.GameObject,UnityEngine.Vector3,UnityEngine.Quaternion,single,UnityEngine.Vector3) (at /Users/philipp/Projects/3DTD/3DTD/3DTD/Assets/Scripts/Effects/EffectPlayer.cs:92)
ProjectileSystem:Spawn (ProjectileArchetype,ProjectileSystem/Shot&,int,single) (at /Users/philipp/Projects/3DTD/3DTD/3DTD/Assets/Scripts/Combat/ProjectileSystem.cs:251)
ProjectileSystem:Fire (UnityEngine.GameObject,ProjectileSystem/Shot&) (at /Users/philipp/Projects/3DTD/3DTD/3DTD/Assets/Scripts/Combat/ProjectileSystem.cs:195)
LaserTowerActionStrategy:FireVolley (single) (at /Users/philipp/Projects/3DTD/3DTD/3DTD/Assets/Scripts/Tower/ActionStrategies/LaserTowerActionStrategy.cs:83)
LaserTowerActionStrategy:ExecuteAction () (at /Users/philipp/Projects/3DTD/3DTD/3DTD/Assets/Scripts/Tower/ActionStrategies/LaserTowerActionStrategy.cs:38)
Tower:Update () (at /Users/philipp/Projects/3DTD/3DTD/3DTD/Assets/Scripts/Entities/Tower.cs:89)

(Filename: /Users/bokken/build/output/unity/unity/Runtime/Export/Debug/Debug.bindings.cs Line: 123)

EffectPlayer: LaserExplosionBlue plays batched one-shot
UnityEngine.Debug:ExtractStackTraceNoAlloc (byte*,int,string)
UnityEngine.StackTraceUtility:ExtractStackTrace () (at /Users/bokken/build/output/unity/unity/Runtime/Export/Scripting/StackTrace.cs:35)
UnityEngine.DebugLogHandler:Internal_Log (UnityEngine.LogType,UnityEngine.LogOption,string,UnityEngine.Object)
UnityEngine.DebugLogHandler:LogFormat (UnityEngine.LogType,UnityEngine.Object,string,object[]) (at /Users/bokken/build/output/unity/unity/Runtime/Export/Logging/DebugLogHandler.cs:9)
UnityEngine.Logger:Log (UnityEngine.LogType,object) (at /Users/bokken/build/output/unity/unity/Runtime/Export/Logging/Logger.cs:60)
UnityEngine.Debug:Log (object) (at /Users/bokken/build/output/unity/unity/Runtime/Export/Debug/Debug.bindings.cs:123)
EffectPlayer:LogBackend (UnityEngine.GameObject,string) (at /Users/philipp/Projects/3DTD/3DTD/3DTD/Assets/Scripts/Effects/EffectPlayer.cs:98)
EffectPool:PlayOneShot (UnityEngine.Vector3,UnityEngine.Quaternion,single,single,single) (at /Users/philipp/Projects/3DTD/3DTD/3DTD/Assets/Scripts/Effects/EffectPool.cs:72)
EffectPlayer:Play (UnityEngine.GameObject,UnityEngine.Vector3,UnityEngine.Quaternion,single,single,single) (at /Users/philipp/Projects/3DTD/3DTD/3DTD/Assets/Scripts/Effects/EffectPlayer.cs:81)
ProjectileSystem:Apply () (at /Users/philipp/Projects/3DTD/3DTD/3DTD/Assets/Scripts/Combat/ProjectileSystem.cs:354)
ProjectileSystem:Update () (at /Users/philipp/Projects/3DTD/3DTD/3DTD/Assets/Scripts/Combat/ProjectileSystem.cs:310)

(Filename: /Users/bokken/build/output/unity/unity/Runtime/Export/Debug/Debug.bindings.cs Line: 123)

PERF RESULT T-Default-3x: towers 1, frames 10511, frame p50/p95/p99/max 1.4/1.8/10.2/17.5 ms, main p50/p99 1.4/10.2 ms, speed 3.00x, GC steady 0.3% frames (151808 B, 17 B/frame), damage 435, kills 0, leaked 6473, pops 21, projectiles 160/160, death fx 24/24, fx 595/595, markers [PlayerLoop=1.56/10.2ms, Update.ScriptRunBehaviourUpdate=0.22/0.4ms, PreLateUpdate.ScriptRunBehaviourLateUpdate=0.02/0.0ms, FixedUpdate.PhysicsFixedUpdate=0.00/0.0ms, FixedUpdate.ScriptRunBehaviourFixedUpdate=0.00/0.0ms, PreUpdate.PhysicsUpdate=0.00/0.0ms, Physics.Simulate=0.10/0.2ms, Physics.SyncTransforms=0.14/0.2ms, Physics.SendTriggerEvents=0.00/0.1ms, Physics.SendContactEvents=0.00/0.0ms, ParticleSystem.EndUpdateAll=0.00/0.0ms, GC.Collect=0.00/0.0ms, GarbageCollector.CollectIncremental=0.00/0.0ms, 3DTD.Projectiles.Step=0.00/0.0ms, 3DTD.Projectiles.Apply=0.00/0.0ms, 3DTD.Effects.Update=0.02/0.1ms, 3DTD.Effects.TrailEmit=0.00/0.0ms, 3DTD.Effects.Flights=0.02/0.0ms, 3DTD.Effects.Batched=0.00/0.0ms, 3DTD.Effects.Emit=0.00/0.0ms, 3DTD.Effects.Particles=0.00/0.0ms, 3DTD.Effects.Retire=0.00/0.0ms, ParticleSystem.WaitForPreviousRenderingToFinish=0.00/0.0ms, ParticleSystem.UpdateJob=0.01/0.0ms, ParticleSystem.GeometryJob=0.02/0.1ms, ParticleSystem.TrailGeometryJob=0.01/0.1ms, ParticleSystem.Sort=0.00/0.0ms, ParticleSystem.Draw=0.00/0.0ms, Gfx.WaitForRenderThread=0.00/0.0ms, WaitForRenderJobs=0.00/0.0ms, CPU Render Thread Frame Time=0.81/0.9ms, GPU Frame Time=1.03/2.1ms, 3DTD.DeathEffects=0.00/0.0ms, 3DTD.Enemy.TakeDamage=0.00/0.0ms, 3DTD.Enemy.PopLayer=0.00/0.0ms, 3DTD.Enemy.ShowShape=0.00/0.0ms, 3DTD.Effects.Create=0.00/0.0ms, 3DTD.Projectiles.Fire=0.00/0.0ms, 3DTD.Effects.Play=0.00/0.0ms, 3DTD.Effects.Attach=0.00/0.0ms, BehaviourUpdate=0.21/0.4ms, Gfx.WaitForPresentOnGfxThread=0.16/8.5ms, Render.OpaqueGeometry=0.00/0.0ms, Render.TransparentGeometry=0.00/0.0ms, Instantiate=0.00/0.0ms], by type [Laser Tower=435]
UnityEngine.Debug:ExtractStackTraceNoAlloc (byte*,int,string)
UnityEngine.StackTraceUtility:ExtractStackTrace () (at /Users/bokken/build/output/unity/unity/Runtime/Export/Scripting/StackTrace.cs:35)
UnityEngine.DebugLogHandler:Internal_Log (UnityEngine.LogType,UnityEngine.LogOption,string,UnityEngine.Object)
UnityEngine.DebugLogHandler:LogFormat (UnityEngine.LogType,UnityEngine.Object,string,object[]) (at /Users/bokken/build/output/unity/unity/Runtime/Export/Logging/DebugLogHandler.cs:9)
UnityEngine.Logger:Log (UnityEngine.LogType,object) (at /Users/bokken/build/output/unity/unity/Runtime/Export/Logging/Logger.cs:60)
UnityEngine.Debug:Log (object) (at /Users/bokken/build/output/unity/unity/Runtime/Export/Debug/Debug.bindings.cs:123)
PerfScenario:Summarize (PerfScenario/Run,PerfScenario/RunResult,System.Collections.Generic.List`1<Tower>,int) (at /Users/philipp/Projects/3DTD/3DTD/3DTD/Assets/Scripts/Diagnostics/PerfScenario.cs:1122)
PerfScenario/<RunOne>d__48:MoveNext () (at /Users/philipp/Projects/3DTD/3DTD/3DTD/Assets/Scripts/Diagnostics/PerfScenario.cs:438)
UnityEngine.SetupCoroutine:InvokeMoveNext (System.Collections.IEnumerator,intptr) (at /Users/bokken/build/output/unity/unity/Runtime/Export/Scripting/Coroutines.cs:17)

(Filename: /Users/bokken/build/output/unity/unity/Runtime/Export/Debug/Debug.bindings.cs Line: 123)

PERF EMIT (system: calls, particles, total ms, us/particle, max ms at count/alive)
  LaserBlue/SparkTrail: 1916, 4227, 8.7 ms, 2.06 us, max 0.02 ms at 2/46, first in frame 1589x 8.3 ms
  LaserBlue/Glow: 1444, 3014, 2.3 ms, 0.75 us, max 0.01 ms at 1/8, first in frame 146x 0.8 ms
  LaserBlue/LaserBlue (flights): 372, 386, 1.0 ms, 2.64 us, max 0.01 ms at 1/15, first in frame 212x 0.9 ms
  LaserMuzzleBlue/LaserMuzzleBlue (batched): 160, 1115, 0.9 ms, 0.81 us, max 0.01 ms at 6/12, first in frame 160x 0.9 ms
  LaserExplosionBlue/LaserExplosionBlue (batched): 249, 435, 0.4 ms, 0.93 us, max 0.01 ms at 1/9, first in frame 13x 0.1 ms
  LaserExplosionBlue/Glow: 249, 435, 0.2 ms, 0.54 us, max 0.00 ms at 1/4, first in frame 0x 0.0 ms
  LaserMuzzleBlue/Glow: 160, 160, 0.2 ms, 1.05 us, max 0.00 ms at 1/1, first in frame 0x 0.0 ms
  LaserExplosionBlue/SphereGlow: 249, 435, 0.2 ms, 0.37 us, max 0.00 ms at 3/6, first in frame 0x 0.0 ms
UnityEngine.Debug:ExtractStackTraceNoAlloc (byte*,int,string)
UnityEngine.StackTraceUtility:ExtractStackTrace () (at /Users/bokken/build/output/unity/unity/Runtime/Export/Scripting/StackTrace.cs:35)
UnityEngine.DebugLogHandler:Internal_Log (UnityEngine.LogType,UnityEngine.LogOption,string,UnityEngine.Object)
UnityEngine.DebugLogHandler:LogFormat (UnityEngine.LogType,UnityEngine.Object,string,object[]) (at /Users/bokken/build/output/unity/unity/Runtime/Export/Logging/DebugLogHandler.cs:9)
UnityEngine.Logger:Log (UnityEngine.LogType,object) (at /Users/bokken/build/output/unity/unity/Runtime/Export/Logging/Logger.cs:60)
UnityEngine.Debug:Log (object) (at /Users/bokken/build/output/unity/unity/Runtime/Export/Debug/Debug.bindings.cs:123)
PerfScenario:Summarize (PerfScenario/Run,PerfScenario/RunResult,System.Collections.Generic.List`1<Tower>,int) (at /Users/philipp/Projects/3DTD/3DTD/3DTD/Assets/Scripts/Diagnostics/PerfScenario.cs:1132)
PerfScenario/<RunOne>d__48:MoveNext () (at /Users/philipp/Projects/3DTD/3DTD/3DTD/Assets/Scripts/Diagnostics/PerfScenario.cs:438)
UnityEngine.SetupCoroutine:InvokeMoveNext (System.Collections.IEnumerator,intptr) (at /Users/bokken/build/output/unity/unity/Runtime/Export/Scripting/Coroutines.cs:17)

(Filename: /Users/bokken/build/output/unity/unity/Runtime/Export/Debug/Debug.bindings.cs Line: 123)

PERF RUN T-Default-5x (single, 5x, round 60)
UnityEngine.Debug:ExtractStackTraceNoAlloc (byte*,int,string)
UnityEngine.StackTraceUtility:ExtractStackTrace () (at /Users/bokken/build/output/unity/unity/Runtime/Export/Scripting/StackTrace.cs:35)
UnityEngine.DebugLogHandler:Internal_Log (UnityEngine.LogType,UnityEngine.LogOption,string,UnityEngine.Object)
UnityEngine.DebugLogHandler:LogFormat (UnityEngine.LogType,UnityEngine.Object,string,object[]) (at /Users/bokken/build/output/unity/unity/Runtime/Export/Logging/DebugLogHandler.cs:9)
UnityEngine.Logger:Log (UnityEngine.LogType,object) (at /Users/bokken/build/output/unity/unity/Runtime/Export/Logging/Logger.cs:60)
UnityEngine.Debug:Log (object) (at /Users/bokken/build/output/unity/unity/Runtime/Export/Debug/Debug.bindings.cs:123)
PerfScenario/<RunOne>d__48:MoveNext () (at /Users/philipp/Projects/3DTD/3DTD/3DTD/Assets/Scripts/Diagnostics/PerfScenario.cs:326)
UnityEngine.SetupCoroutine:InvokeMoveNext (System.Collections.IEnumerator,intptr) (at /Users/bokken/build/output/unity/unity/Runtime/Export/Scripting/Coroutines.cs:17)

(Filename: /Users/bokken/build/output/unity/unity/Runtime/Export/Debug/Debug.bindings.cs Line: 123)

Unloading 3 Unused Serialized files (Serialized files now loaded: 0)
UnloadTime: 20.107833 ms
Unloading 7 unused Assets / (168 B). Loaded Objects now: 12949.
Memory consumption went from 134.4 MB to 134.4 MB.
Total: 2.265708 ms (FindLiveObjects: 0.201000 ms CreateObjectMapping: 0.229958 ms MarkObjects: 1.815917 ms  DeleteObjects: 0.018750 ms)

PERF layout T-Default-5x: 154 block spots, 1 towers planned, 1 built
UnityEngine.Debug:ExtractStackTraceNoAlloc (byte*,int,string)
UnityEngine.StackTraceUtility:ExtractStackTrace () (at /Users/bokken/build/output/unity/unity/Runtime/Export/Scripting/StackTrace.cs:35)
UnityEngine.DebugLogHandler:Internal_Log (UnityEngine.LogType,UnityEngine.LogOption,string,UnityEngine.Object)
UnityEngine.DebugLogHandler:LogFormat (UnityEngine.LogType,UnityEngine.Object,string,object[]) (at /Users/bokken/build/output/unity/unity/Runtime/Export/Logging/DebugLogHandler.cs:9)
UnityEngine.Logger:Log (UnityEngine.LogType,object) (at /Users/bokken/build/output/unity/unity/Runtime/Export/Logging/Logger.cs:60)
UnityEngine.Debug:Log (object) (at /Users/bokken/build/output/unity/unity/Runtime/Export/Debug/Debug.bindings.cs:123)
PerfScenario/<RunOne>d__48:MoveNext () (at /Users/philipp/Projects/3DTD/3DTD/3DTD/Assets/Scripts/Diagnostics/PerfScenario.cs:371)
UnityEngine.SetupCoroutine:InvokeMoveNext (System.Collections.IEnumerator,intptr) (at /Users/bokken/build/output/unity/unity/Runtime/Export/Scripting/Coroutines.cs:17)

(Filename: /Users/bokken/build/output/unity/unity/Runtime/Export/Debug/Debug.bindings.cs Line: 123)

EffectPlayer: LaserMuzzleBlue plays batched one-shot
UnityEngine.Debug:ExtractStackTraceNoAlloc (byte*,int,string)
UnityEngine.StackTraceUtility:ExtractStackTrace () (at /Users/bokken/build/output/unity/unity/Runtime/Export/Scripting/StackTrace.cs:35)
UnityEngine.DebugLogHandler:Internal_Log (UnityEngine.LogType,UnityEngine.LogOption,string,UnityEngine.Object)
UnityEngine.DebugLogHandler:LogFormat (UnityEngine.LogType,UnityEngine.Object,string,object[]) (at /Users/bokken/build/output/unity/unity/Runtime/Export/Logging/DebugLogHandler.cs:9)
UnityEngine.Logger:Log (UnityEngine.LogType,object) (at /Users/bokken/build/output/unity/unity/Runtime/Export/Logging/Logger.cs:60)
UnityEngine.Debug:Log (object) (at /Users/bokken/build/output/unity/unity/Runtime/Export/Debug/Debug.bindings.cs:123)
EffectPlayer:LogBackend (UnityEngine.GameObject,string) (at /Users/philipp/Projects/3DTD/3DTD/3DTD/Assets/Scripts/Effects/EffectPlayer.cs:98)
EffectPool:PlayOneShot (UnityEngine.Vector3,UnityEngine.Quaternion,single,single,single) (at /Users/philipp/Projects/3DTD/3DTD/3DTD/Assets/Scripts/Effects/EffectPool.cs:72)
EffectPlayer:Play (UnityEngine.GameObject,UnityEngine.Vector3,UnityEngine.Quaternion,single,single,single) (at /Users/philipp/Projects/3DTD/3DTD/3DTD/Assets/Scripts/Effects/EffectPlayer.cs:81)
ProjectileSystem:Spawn (ProjectileArchetype,ProjectileSystem/Shot&,int,single) (at /Users/philipp/Projects/3DTD/3DTD/3DTD/Assets/Scripts/Combat/ProjectileSystem.cs:250)
ProjectileSystem:Fire (UnityEngine.GameObject,ProjectileSystem/Shot&) (at /Users/philipp/Projects/3DTD/3DTD/3DTD/Assets/Scripts/Combat/ProjectileSystem.cs:195)
LaserTowerActionStrategy:FireVolley (single) (at /Users/philipp/Projects/3DTD/3DTD/3DTD/Assets/Scripts/Tower/ActionStrategies/LaserTowerActionStrategy.cs:83)
LaserTowerActionStrategy:ExecuteAction () (at /Users/philipp/Projects/3DTD/3DTD/3DTD/Assets/Scripts/Tower/ActionStrategies/LaserTowerActionStrategy.cs:38)
Tower:Update () (at /Users/philipp/Projects/3DTD/3DTD/3DTD/Assets/Scripts/Entities/Tower.cs:89)

(Filename: /Users/bokken/build/output/unity/unity/Runtime/Export/Debug/Debug.bindings.cs Line: 123)

EffectPlayer: LaserBlue plays batched flight
UnityEngine.Debug:ExtractStackTraceNoAlloc (byte*,int,string)
UnityEngine.StackTraceUtility:ExtractStackTrace () (at /Users/bokken/build/output/unity/unity/Runtime/Export/Scripting/StackTrace.cs:35)
UnityEngine.DebugLogHandler:Internal_Log (UnityEngine.LogType,UnityEngine.LogOption,string,UnityEngine.Object)
UnityEngine.DebugLogHandler:LogFormat (UnityEngine.LogType,UnityEngine.Object,string,object[]) (at /Users/bokken/build/output/unity/unity/Runtime/Export/Logging/DebugLogHandler.cs:9)
UnityEngine.Logger:Log (UnityEngine.LogType,object) (at /Users/bokken/build/output/unity/unity/Runtime/Export/Logging/Logger.cs:60)
UnityEngine.Debug:Log (object) (at /Users/bokken/build/output/unity/unity/Runtime/Export/Debug/Debug.bindings.cs:123)
EffectPlayer:LogBackend (UnityEngine.GameObject,string) (at /Users/philipp/Projects/3DTD/3DTD/3DTD/Assets/Scripts/Effects/EffectPlayer.cs:98)
EffectPool:Attach (UnityEngine.Vector3,UnityEngine.Quaternion,single,UnityEngine.Vector3) (at /Users/philipp/Projects/3DTD/3DTD/3DTD/Assets/Scripts/Effects/EffectPool.cs:100)
EffectPlayer:Attach (UnityEngine.GameObject,UnityEngine.Vector3,UnityEngine.Quaternion,single,UnityEngine.Vector3) (at /Users/philipp/Projects/3DTD/3DTD/3DTD/Assets/Scripts/Effects/EffectPlayer.cs:92)
ProjectileSystem:Spawn (ProjectileArchetype,ProjectileSystem/Shot&,int,single) (at /Users/philipp/Projects/3DTD/3DTD/3DTD/Assets/Scripts/Combat/ProjectileSystem.cs:251)
ProjectileSystem:Fire (UnityEngine.GameObject,ProjectileSystem/Shot&) (at /Users/philipp/Projects/3DTD/3DTD/3DTD/Assets/Scripts/Combat/ProjectileSystem.cs:195)
LaserTowerActionStrategy:FireVolley (single) (at /Users/philipp/Projects/3DTD/3DTD/3DTD/Assets/Scripts/Tower/ActionStrategies/LaserTowerActionStrategy.cs:83)
LaserTowerActionStrategy:ExecuteAction () (at /Users/philipp/Projects/3DTD/3DTD/3DTD/Assets/Scripts/Tower/ActionStrategies/LaserTowerActionStrategy.cs:38)
Tower:Update () (at /Users/philipp/Projects/3DTD/3DTD/3DTD/Assets/Scripts/Entities/Tower.cs:89)

(Filename: /Users/bokken/build/output/unity/unity/Runtime/Export/Debug/Debug.bindings.cs Line: 123)

EffectPlayer: LaserExplosionBlue plays batched one-shot
UnityEngine.Debug:ExtractStackTraceNoAlloc (byte*,int,string)
UnityEngine.StackTraceUtility:ExtractStackTrace () (at /Users/bokken/build/output/unity/unity/Runtime/Export/Scripting/StackTrace.cs:35)
UnityEngine.DebugLogHandler:Internal_Log (UnityEngine.LogType,UnityEngine.LogOption,string,UnityEngine.Object)
UnityEngine.DebugLogHandler:LogFormat (UnityEngine.LogType,UnityEngine.Object,string,object[]) (at /Users/bokken/build/output/unity/unity/Runtime/Export/Logging/DebugLogHandler.cs:9)
UnityEngine.Logger:Log (UnityEngine.LogType,object) (at /Users/bokken/build/output/unity/unity/Runtime/Export/Logging/Logger.cs:60)
UnityEngine.Debug:Log (object) (at /Users/bokken/build/output/unity/unity/Runtime/Export/Debug/Debug.bindings.cs:123)
EffectPlayer:LogBackend (UnityEngine.GameObject,string) (at /Users/philipp/Projects/3DTD/3DTD/3DTD/Assets/Scripts/Effects/EffectPlayer.cs:98)
EffectPool:PlayOneShot (UnityEngine.Vector3,UnityEngine.Quaternion,single,single,single) (at /Users/philipp/Projects/3DTD/3DTD/3DTD/Assets/Scripts/Effects/EffectPool.cs:72)
EffectPlayer:Play (UnityEngine.GameObject,UnityEngine.Vector3,UnityEngine.Quaternion,single,single,single) (at /Users/philipp/Projects/3DTD/3DTD/3DTD/Assets/Scripts/Effects/EffectPlayer.cs:81)
ProjectileSystem:Apply () (at /Users/philipp/Projects/3DTD/3DTD/3DTD/Assets/Scripts/Combat/ProjectileSystem.cs:354)
ProjectileSystem:Update () (at /Users/philipp/Projects/3DTD/3DTD/3DTD/Assets/Scripts/Combat/ProjectileSystem.cs:310)

(Filename: /Users/bokken/build/output/unity/unity/Runtime/Export/Debug/Debug.bindings.cs Line: 123)

PERF RESULT T-Default-5x: towers 1, frames 6302, frame p50/p95/p99/max 1.4/1.8/10.1/17.5 ms, main p50/p99 1.4/10.1 ms, speed 5.00x, GC steady 0.4% frames (144000 B, 29 B/frame), damage 435, kills 0, leaked 6472, pops 22, projectiles 160/160, death fx 25/25, fx 595/595, markers [PlayerLoop=1.57/10.1ms, Update.ScriptRunBehaviourUpdate=0.22/0.4ms, PreLateUpdate.ScriptRunBehaviourLateUpdate=0.02/0.0ms, FixedUpdate.PhysicsFixedUpdate=0.00/0.0ms, FixedUpdate.ScriptRunBehaviourFixedUpdate=0.00/0.0ms, PreUpdate.PhysicsUpdate=0.00/0.0ms, Physics.Simulate=0.10/0.2ms, Physics.SyncTransforms=0.14/0.2ms, Physics.SendTriggerEvents=0.00/0.1ms, Physics.SendContactEvents=0.00/0.0ms, ParticleSystem.EndUpdateAll=0.00/0.0ms, GC.Collect=0.00/0.0ms, GarbageCollector.CollectIncremental=0.00/0.0ms, 3DTD.Projectiles.Step=0.00/0.0ms, 3DTD.Projectiles.Apply=0.00/0.0ms, 3DTD.Effects.Update=0.02/0.1ms, 3DTD.Effects.TrailEmit=0.00/0.0ms, 3DTD.Effects.Flights=0.02/0.0ms, 3DTD.Effects.Batched=0.00/0.0ms, 3DTD.Effects.Emit=0.00/0.0ms, 3DTD.Effects.Particles=0.00/0.0ms, 3DTD.Effects.Retire=0.00/0.0ms, ParticleSystem.WaitForPreviousRenderingToFinish=0.00/0.0ms, ParticleSystem.UpdateJob=0.01/0.0ms, ParticleSystem.GeometryJob=0.02/0.1ms, ParticleSystem.TrailGeometryJob=0.01/0.0ms, ParticleSystem.Sort=0.00/0.0ms, ParticleSystem.Draw=0.00/0.0ms, Gfx.WaitForRenderThread=0.00/0.0ms, WaitForRenderJobs=0.00/0.0ms, CPU Render Thread Frame Time=0.80/0.9ms, GPU Frame Time=1.03/2.1ms, 3DTD.DeathEffects=0.00/0.0ms, 3DTD.Enemy.TakeDamage=0.00/0.0ms, 3DTD.Enemy.PopLayer=0.00/0.0ms, 3DTD.Enemy.ShowShape=0.00/0.0ms, 3DTD.Effects.Create=0.00/0.0ms, 3DTD.Projectiles.Fire=0.00/0.0ms, 3DTD.Effects.Play=0.00/0.0ms, 3DTD.Effects.Attach=0.00/0.0ms, BehaviourUpdate=0.22/0.4ms, Gfx.WaitForPresentOnGfxThread=0.16/8.4ms, Render.OpaqueGeometry=0.00/0.0ms, Render.TransparentGeometry=0.00/0.0ms, Instantiate=0.00/0.0ms], by type [Laser Tower=435]
UnityEngine.Debug:ExtractStackTraceNoAlloc (byte*,int,string)
UnityEngine.StackTraceUtility:ExtractStackTrace () (at /Users/bokken/build/output/unity/unity/Runtime/Export/Scripting/StackTrace.cs:35)
UnityEngine.DebugLogHandler:Internal_Log (UnityEngine.LogType,UnityEngine.LogOption,string,UnityEngine.Object)
UnityEngine.DebugLogHandler:LogFormat (UnityEngine.LogType,UnityEngine.Object,string,object[]) (at /Users/bokken/build/output/unity/unity/Runtime/Export/Logging/DebugLogHandler.cs:9)
UnityEngine.Logger:Log (UnityEngine.LogType,object) (at /Users/bokken/build/output/unity/unity/Runtime/Export/Logging/Logger.cs:60)
UnityEngine.Debug:Log (object) (at /Users/bokken/build/output/unity/unity/Runtime/Export/Debug/Debug.bindings.cs:123)
PerfScenario:Summarize (PerfScenario/Run,PerfScenario/RunResult,System.Collections.Generic.List`1<Tower>,int) (at /Users/philipp/Projects/3DTD/3DTD/3DTD/Assets/Scripts/Diagnostics/PerfScenario.cs:1122)
PerfScenario/<RunOne>d__48:MoveNext () (at /Users/philipp/Projects/3DTD/3DTD/3DTD/Assets/Scripts/Diagnostics/PerfScenario.cs:438)
UnityEngine.SetupCoroutine:InvokeMoveNext (System.Collections.IEnumerator,intptr) (at /Users/bokken/build/output/unity/unity/Runtime/Export/Scripting/Coroutines.cs:17)

(Filename: /Users/bokken/build/output/unity/unity/Runtime/Export/Debug/Debug.bindings.cs Line: 123)

PERF EMIT (system: calls, particles, total ms, us/particle, max ms at count/alive)
  LaserBlue/SparkTrail: 1358, 4209, 5.7 ms, 1.34 us, max 0.02 ms at 3/37, first in frame 1033x 5.3 ms
  LaserBlue/Glow: 1116, 3024, 1.4 ms, 0.47 us, max 0.01 ms at 1/16, first in frame 47x 0.2 ms
  LaserBlue/LaserBlue (flights): 356, 383, 1.0 ms, 2.48 us, max 0.01 ms at 1/1, first in frame 196x 0.8 ms
  LaserMuzzleBlue/LaserMuzzleBlue (batched): 160, 1116, 0.9 ms, 0.82 us, max 0.02 ms at 7/15, first in frame 160x 0.9 ms
  LaserExplosionBlue/LaserExplosionBlue (batched): 214, 435, 0.3 ms, 0.70 us, max 0.01 ms at 1/8, first in frame 7x 0.0 ms
  LaserExplosionBlue/Glow: 214, 435, 0.2 ms, 0.41 us, max 0.00 ms at 3/9, first in frame 0x 0.0 ms
  LaserMuzzleBlue/Glow: 160, 160, 0.2 ms, 1.05 us, max 0.00 ms at 1/1, first in frame 0x 0.0 ms
  LaserExplosionBlue/SphereGlow: 214, 435, 0.1 ms, 0.34 us, max 0.00 ms at 3/6, first in frame 0x 0.0 ms
UnityEngine.Debug:ExtractStackTraceNoAlloc (byte*,int,string)
UnityEngine.StackTraceUtility:ExtractStackTrace () (at /Users/bokken/build/output/unity/unity/Runtime/Export/Scripting/StackTrace.cs:35)
UnityEngine.DebugLogHandler:Internal_Log (UnityEngine.LogType,UnityEngine.LogOption,string,UnityEngine.Object)
UnityEngine.DebugLogHandler:LogFormat (UnityEngine.LogType,UnityEngine.Object,string,object[]) (at /Users/bokken/build/output/unity/unity/Runtime/Export/Logging/DebugLogHandler.cs:9)
UnityEngine.Logger:Log (UnityEngine.LogType,object) (at /Users/bokken/build/output/unity/unity/Runtime/Export/Logging/Logger.cs:60)
UnityEngine.Debug:Log (object) (at /Users/bokken/build/output/unity/unity/Runtime/Export/Debug/Debug.bindings.cs:123)
PerfScenario:Summarize (PerfScenario/Run,PerfScenario/RunResult,System.Collections.Generic.List`1<Tower>,int) (at /Users/philipp/Projects/3DTD/3DTD/3DTD/Assets/Scripts/Diagnostics/PerfScenario.cs:1132)
PerfScenario/<RunOne>d__48:MoveNext () (at /Users/philipp/Projects/3DTD/3DTD/3DTD/Assets/Scripts/Diagnostics/PerfScenario.cs:438)
UnityEngine.SetupCoroutine:InvokeMoveNext (System.Collections.IEnumerator,intptr) (at /Users/bokken/build/output/unity/unity/Runtime/Export/Scripting/Coroutines.cs:17)

(Filename: /Users/bokken/build/output/unity/unity/Runtime/Export/Debug/Debug.bindings.cs Line: 123)

PERF RUN T-Core-1x (single, 1x, round 60)
UnityEngine.Debug:ExtractStackTraceNoAlloc (byte*,int,string)
UnityEngine.StackTraceUtility:ExtractStackTrace () (at /Users/bokken/build/output/unity/unity/Runtime/Export/Scripting/StackTrace.cs:35)
UnityEngine.DebugLogHandler:Internal_Log (UnityEngine.LogType,UnityEngine.LogOption,string,UnityEngine.Object)
UnityEngine.DebugLogHandler:LogFormat (UnityEngine.LogType,UnityEngine.Object,string,object[]) (at /Users/bokken/build/output/unity/unity/Runtime/Export/Logging/DebugLogHandler.cs:9)
UnityEngine.Logger:Log (UnityEngine.LogType,object) (at /Users/bokken/build/output/unity/unity/Runtime/Export/Logging/Logger.cs:60)
UnityEngine.Debug:Log (object) (at /Users/bokken/build/output/unity/unity/Runtime/Export/Debug/Debug.bindings.cs:123)
PerfScenario/<RunOne>d__48:MoveNext () (at /Users/philipp/Projects/3DTD/3DTD/3DTD/Assets/Scripts/Diagnostics/PerfScenario.cs:326)
UnityEngine.SetupCoroutine:InvokeMoveNext (System.Collections.IEnumerator,intptr) (at /Users/bokken/build/output/unity/unity/Runtime/Export/Scripting/Coroutines.cs:17)

(Filename: /Users/bokken/build/output/unity/unity/Runtime/Export/Debug/Debug.bindings.cs Line: 123)

Unloading 3 Unused Serialized files (Serialized files now loaded: 0)
UnloadTime: 21.221417 ms
Unloading 7 unused Assets / (168 B). Loaded Objects now: 12949.
Memory consumption went from 134.4 MB to 134.4 MB.
Total: 1.899667 ms (FindLiveObjects: 0.188083 ms CreateObjectMapping: 0.224625 ms MarkObjects: 1.471167 ms  DeleteObjects: 0.015542 ms)

PERF layout T-Core-1x: 154 block spots, 1 towers planned, 1 built
UnityEngine.Debug:ExtractStackTraceNoAlloc (byte*,int,string)
UnityEngine.StackTraceUtility:ExtractStackTrace () (at /Users/bokken/build/output/unity/unity/Runtime/Export/Scripting/StackTrace.cs:35)
UnityEngine.DebugLogHandler:Internal_Log (UnityEngine.LogType,UnityEngine.LogOption,string,UnityEngine.Object)
UnityEngine.DebugLogHandler:LogFormat (UnityEngine.LogType,UnityEngine.Object,string,object[]) (at /Users/bokken/build/output/unity/unity/Runtime/Export/Logging/DebugLogHandler.cs:9)
UnityEngine.Logger:Log (UnityEngine.LogType,object) (at /Users/bokken/build/output/unity/unity/Runtime/Export/Logging/Logger.cs:60)
UnityEngine.Debug:Log (object) (at /Users/bokken/build/output/unity/unity/Runtime/Export/Debug/Debug.bindings.cs:123)
PerfScenario/<RunOne>d__48:MoveNext () (at /Users/philipp/Projects/3DTD/3DTD/3DTD/Assets/Scripts/Diagnostics/PerfScenario.cs:371)
UnityEngine.SetupCoroutine:InvokeMoveNext (System.Collections.IEnumerator,intptr) (at /Users/bokken/build/output/unity/unity/Runtime/Export/Scripting/Coroutines.cs:17)

(Filename: /Users/bokken/build/output/unity/unity/Runtime/Export/Debug/Debug.bindings.cs Line: 123)

EffectPlayer: LaserMuzzleBlue plays batched one-shot
UnityEngine.Debug:ExtractStackTraceNoAlloc (byte*,int,string)
UnityEngine.StackTraceUtility:ExtractStackTrace () (at /Users/bokken/build/output/unity/unity/Runtime/Export/Scripting/StackTrace.cs:35)
UnityEngine.DebugLogHandler:Internal_Log (UnityEngine.LogType,UnityEngine.LogOption,string,UnityEngine.Object)
UnityEngine.DebugLogHandler:LogFormat (UnityEngine.LogType,UnityEngine.Object,string,object[]) (at /Users/bokken/build/output/unity/unity/Runtime/Export/Logging/DebugLogHandler.cs:9)
UnityEngine.Logger:Log (UnityEngine.LogType,object) (at /Users/bokken/build/output/unity/unity/Runtime/Export/Logging/Logger.cs:60)
UnityEngine.Debug:Log (object) (at /Users/bokken/build/output/unity/unity/Runtime/Export/Debug/Debug.bindings.cs:123)
EffectPlayer:LogBackend (UnityEngine.GameObject,string) (at /Users/philipp/Projects/3DTD/3DTD/3DTD/Assets/Scripts/Effects/EffectPlayer.cs:98)
EffectPool:PlayOneShot (UnityEngine.Vector3,UnityEngine.Quaternion,single,single,single) (at /Users/philipp/Projects/3DTD/3DTD/3DTD/Assets/Scripts/Effects/EffectPool.cs:72)
EffectPlayer:Play (UnityEngine.GameObject,UnityEngine.Vector3,UnityEngine.Quaternion,single,single,single) (at /Users/philipp/Projects/3DTD/3DTD/3DTD/Assets/Scripts/Effects/EffectPlayer.cs:81)
ProjectileSystem:Spawn (ProjectileArchetype,ProjectileSystem/Shot&,int,single) (at /Users/philipp/Projects/3DTD/3DTD/3DTD/Assets/Scripts/Combat/ProjectileSystem.cs:250)
ProjectileSystem:Fire (UnityEngine.GameObject,ProjectileSystem/Shot&) (at /Users/philipp/Projects/3DTD/3DTD/3DTD/Assets/Scripts/Combat/ProjectileSystem.cs:195)
LaserTowerActionStrategy:FireVolley (single) (at /Users/philipp/Projects/3DTD/3DTD/3DTD/Assets/Scripts/Tower/ActionStrategies/LaserTowerActionStrategy.cs:83)
LaserTowerActionStrategy:ExecuteAction () (at /Users/philipp/Projects/3DTD/3DTD/3DTD/Assets/Scripts/Tower/ActionStrategies/LaserTowerActionStrategy.cs:38)
Tower:Update () (at /Users/philipp/Projects/3DTD/3DTD/3DTD/Assets/Scripts/Entities/Tower.cs:89)

(Filename: /Users/bokken/build/output/unity/unity/Runtime/Export/Debug/Debug.bindings.cs Line: 123)

EffectPlayer: LaserBlue plays batched flight
UnityEngine.Debug:ExtractStackTraceNoAlloc (byte*,int,string)
UnityEngine.StackTraceUtility:ExtractStackTrace () (at /Users/bokken/build/output/unity/unity/Runtime/Export/Scripting/StackTrace.cs:35)
UnityEngine.DebugLogHandler:Internal_Log (UnityEngine.LogType,UnityEngine.LogOption,string,UnityEngine.Object)
UnityEngine.DebugLogHandler:LogFormat (UnityEngine.LogType,UnityEngine.Object,string,object[]) (at /Users/bokken/build/output/unity/unity/Runtime/Export/Logging/DebugLogHandler.cs:9)
UnityEngine.Logger:Log (UnityEngine.LogType,object) (at /Users/bokken/build/output/unity/unity/Runtime/Export/Logging/Logger.cs:60)
UnityEngine.Debug:Log (object) (at /Users/bokken/build/output/unity/unity/Runtime/Export/Debug/Debug.bindings.cs:123)
EffectPlayer:LogBackend (UnityEngine.GameObject,string) (at /Users/philipp/Projects/3DTD/3DTD/3DTD/Assets/Scripts/Effects/EffectPlayer.cs:98)
EffectPool:Attach (UnityEngine.Vector3,UnityEngine.Quaternion,single,UnityEngine.Vector3) (at /Users/philipp/Projects/3DTD/3DTD/3DTD/Assets/Scripts/Effects/EffectPool.cs:100)
EffectPlayer:Attach (UnityEngine.GameObject,UnityEngine.Vector3,UnityEngine.Quaternion,single,UnityEngine.Vector3) (at /Users/philipp/Projects/3DTD/3DTD/3DTD/Assets/Scripts/Effects/EffectPlayer.cs:92)
ProjectileSystem:Spawn (ProjectileArchetype,ProjectileSystem/Shot&,int,single) (at /Users/philipp/Projects/3DTD/3DTD/3DTD/Assets/Scripts/Combat/ProjectileSystem.cs:251)
ProjectileSystem:Fire (UnityEngine.GameObject,ProjectileSystem/Shot&) (at /Users/philipp/Projects/3DTD/3DTD/3DTD/Assets/Scripts/Combat/ProjectileSystem.cs:195)
LaserTowerActionStrategy:FireVolley (single) (at /Users/philipp/Projects/3DTD/3DTD/3DTD/Assets/Scripts/Tower/ActionStrategies/LaserTowerActionStrategy.cs:83)
LaserTowerActionStrategy:ExecuteAction () (at /Users/philipp/Projects/3DTD/3DTD/3DTD/Assets/Scripts/Tower/ActionStrategies/LaserTowerActionStrategy.cs:38)
Tower:Update () (at /Users/philipp/Projects/3DTD/3DTD/3DTD/Assets/Scripts/Entities/Tower.cs:89)

(Filename: /Users/bokken/build/output/unity/unity/Runtime/Export/Debug/Debug.bindings.cs Line: 123)

EffectPlayer: LaserExplosionBlue plays batched one-shot
UnityEngine.Debug:ExtractStackTraceNoAlloc (byte*,int,string)
UnityEngine.StackTraceUtility:ExtractStackTrace () (at /Users/bokken/build/output/unity/unity/Runtime/Export/Scripting/StackTrace.cs:35)
UnityEngine.DebugLogHandler:Internal_Log (UnityEngine.LogType,UnityEngine.LogOption,string,UnityEngine.Object)
UnityEngine.DebugLogHandler:LogFormat (UnityEngine.LogType,UnityEngine.Object,string,object[]) (at /Users/bokken/build/output/unity/unity/Runtime/Export/Logging/DebugLogHandler.cs:9)
UnityEngine.Logger:Log (UnityEngine.LogType,object) (at /Users/bokken/build/output/unity/unity/Runtime/Export/Logging/Logger.cs:60)
UnityEngine.Debug:Log (object) (at /Users/bokken/build/output/unity/unity/Runtime/Export/Debug/Debug.bindings.cs:123)
EffectPlayer:LogBackend (UnityEngine.GameObject,string) (at /Users/philipp/Projects/3DTD/3DTD/3DTD/Assets/Scripts/Effects/EffectPlayer.cs:98)
EffectPool:PlayOneShot (UnityEngine.Vector3,UnityEngine.Quaternion,single,single,single) (at /Users/philipp/Projects/3DTD/3DTD/3DTD/Assets/Scripts/Effects/EffectPool.cs:72)
EffectPlayer:Play (UnityEngine.GameObject,UnityEngine.Vector3,UnityEngine.Quaternion,single,single,single) (at /Users/philipp/Projects/3DTD/3DTD/3DTD/Assets/Scripts/Effects/EffectPlayer.cs:81)
ProjectileSystem:Apply () (at /Users/philipp/Projects/3DTD/3DTD/3DTD/Assets/Scripts/Combat/ProjectileSystem.cs:354)
ProjectileSystem:Update () (at /Users/philipp/Projects/3DTD/3DTD/3DTD/Assets/Scripts/Combat/ProjectileSystem.cs:310)

(Filename: /Users/bokken/build/output/unity/unity/Runtime/Export/Debug/Debug.bindings.cs Line: 123)

PERF RESULT T-Core-1x: towers 1, frames 29578, frame p50/p95/p99/max 1.4/1.7/10.5/17.8 ms, main p50/p99 1.4/10.5 ms, speed 1.00x, GC steady 0.5% frames (115646 B, 4 B/frame), damage 7, kills 0, leaked 6494, pops 0, projectiles 7/7, death fx 0/0, fx 14/14, markers [PlayerLoop=1.56/10.5ms, Update.ScriptRunBehaviourUpdate=0.22/0.3ms, PreLateUpdate.ScriptRunBehaviourLateUpdate=0.02/0.0ms, FixedUpdate.PhysicsFixedUpdate=0.00/0.0ms, FixedUpdate.ScriptRunBehaviourFixedUpdate=0.00/0.0ms, PreUpdate.PhysicsUpdate=0.00/0.0ms, Physics.Simulate=0.09/0.1ms, Physics.SyncTransforms=0.15/0.2ms, Physics.SendTriggerEvents=0.00/0.0ms, Physics.SendContactEvents=0.00/0.0ms, ParticleSystem.EndUpdateAll=0.00/0.0ms, GC.Collect=0.00/0.0ms, GarbageCollector.CollectIncremental=0.00/0.0ms, 3DTD.Projectiles.Step=0.00/0.0ms, 3DTD.Projectiles.Apply=0.00/0.0ms, 3DTD.Effects.Update=0.01/0.0ms, 3DTD.Effects.TrailEmit=0.00/0.0ms, 3DTD.Effects.Flights=0.01/0.0ms, 3DTD.Effects.Batched=0.00/0.0ms, 3DTD.Effects.Emit=0.00/0.0ms, 3DTD.Effects.Particles=0.00/0.0ms, 3DTD.Effects.Retire=0.00/0.0ms, ParticleSystem.WaitForPreviousRenderingToFinish=0.00/0.0ms, ParticleSystem.UpdateJob=0.01/0.0ms, ParticleSystem.GeometryJob=0.01/0.0ms, ParticleSystem.TrailGeometryJob=0.00/0.0ms, ParticleSystem.Sort=0.00/0.0ms, ParticleSystem.Draw=0.00/0.0ms, Gfx.WaitForRenderThread=0.00/0.0ms, WaitForRenderJobs=0.00/0.0ms, CPU Render Thread Frame Time=0.80/0.9ms, GPU Frame Time=1.03/1.7ms, 3DTD.DeathEffects=0.00/0.0ms, 3DTD.Enemy.TakeDamage=0.00/0.0ms, 3DTD.Enemy.PopLayer=0.00/0.0ms, 3DTD.Enemy.ShowShape=0.00/0.0ms, 3DTD.Effects.Create=0.00/0.0ms, 3DTD.Projectiles.Fire=0.00/0.0ms, 3DTD.Effects.Play=0.00/0.0ms, 3DTD.Effects.Attach=0.00/0.0ms, BehaviourUpdate=0.22/0.3ms, Gfx.WaitForPresentOnGfxThread=0.15/8.8ms, Render.OpaqueGeometry=0.00/0.0ms, Render.TransparentGeometry=0.00/0.0ms, Instantiate=0.00/0.0ms], by type [Core Tower=7]
UnityEngine.Debug:ExtractStackTraceNoAlloc (byte*,int,string)
UnityEngine.StackTraceUtility:ExtractStackTrace () (at /Users/bokken/build/output/unity/unity/Runtime/Export/Scripting/StackTrace.cs:35)
UnityEngine.DebugLogHandler:Internal_Log (UnityEngine.LogType,UnityEngine.LogOption,string,UnityEngine.Object)
UnityEngine.DebugLogHandler:LogFormat (UnityEngine.LogType,UnityEngine.Object,string,object[]) (at /Users/bokken/build/output/unity/unity/Runtime/Export/Logging/DebugLogHandler.cs:9)
UnityEngine.Logger:Log (UnityEngine.LogType,object) (at /Users/bokken/build/output/unity/unity/Runtime/Export/Logging/Logger.cs:60)
UnityEngine.Debug:Log (object) (at /Users/bokken/build/output/unity/unity/Runtime/Export/Debug/Debug.bindings.cs:123)
PerfScenario:Summarize (PerfScenario/Run,PerfScenario/RunResult,System.Collections.Generic.List`1<Tower>,int) (at /Users/philipp/Projects/3DTD/3DTD/3DTD/Assets/Scripts/Diagnostics/PerfScenario.cs:1122)
PerfScenario/<RunOne>d__48:MoveNext () (at /Users/philipp/Projects/3DTD/3DTD/3DTD/Assets/Scripts/Diagnostics/PerfScenario.cs:438)
UnityEngine.SetupCoroutine:InvokeMoveNext (System.Collections.IEnumerator,intptr) (at /Users/bokken/build/output/unity/unity/Runtime/Export/Scripting/Coroutines.cs:17)

(Filename: /Users/bokken/build/output/unity/unity/Runtime/Export/Debug/Debug.bindings.cs Line: 123)

PERF EMIT (system: calls, particles, total ms, us/particle, max ms at count/alive)
  LaserBlue/SparkTrail: 84, 84, 0.6 ms, 7.34 us, max 0.02 ms at 1/7, first in frame 84x 0.6 ms
  LaserBlue/Glow: 54, 96, 0.3 ms, 3.25 us, max 0.01 ms at 1/10, first in frame 41x 0.3 ms
  LaserMuzzleBlue/LaserMuzzleBlue (batched): 7, 51, 0.1 ms, 1.01 us, max 0.01 ms at 7/0, first in frame 7x 0.1 ms
  LaserExplosionBlue/LaserExplosionBlue (batched): 7, 7, 0.0 ms, 6.54 us, max 0.01 ms at 1/0, first in frame 5x 0.0 ms
  LaserBlue/LaserBlue (flights): 11, 11, 0.0 ms, 2.18 us, max 0.01 ms at 1/1, first in frame 4x 0.0 ms
  LaserExplosionBlue/Glow: 7, 7, 0.0 ms, 1.49 us, max 0.00 ms at 1/0, first in frame 0x 0.0 ms
  LaserMuzzleBlue/Glow: 7, 7, 0.0 ms, 1.19 us, max 0.00 ms at 1/0, first in frame 0x 0.0 ms
  LaserExplosionBlue/SphereGlow: 7, 7, 0.0 ms, 0.73 us, max 0.00 ms at 1/0, first in frame 0x 0.0 ms
UnityEngine.Debug:ExtractStackTraceNoAlloc (byte*,int,string)
UnityEngine.StackTraceUtility:ExtractStackTrace () (at /Users/bokken/build/output/unity/unity/Runtime/Export/Scripting/StackTrace.cs:35)
UnityEngine.DebugLogHandler:Internal_Log (UnityEngine.LogType,UnityEngine.LogOption,string,UnityEngine.Object)
UnityEngine.DebugLogHandler:LogFormat (UnityEngine.LogType,UnityEngine.Object,string,object[]) (at /Users/bokken/build/output/unity/unity/Runtime/Export/Logging/DebugLogHandler.cs:9)
UnityEngine.Logger:Log (UnityEngine.LogType,object) (at /Users/bokken/build/output/unity/unity/Runtime/Export/Logging/Logger.cs:60)
UnityEngine.Debug:Log (object) (at /Users/bokken/build/output/unity/unity/Runtime/Export/Debug/Debug.bindings.cs:123)
PerfScenario:Summarize (PerfScenario/Run,PerfScenario/RunResult,System.Collections.Generic.List`1<Tower>,int) (at /Users/philipp/Projects/3DTD/3DTD/3DTD/Assets/Scripts/Diagnostics/PerfScenario.cs:1132)
PerfScenario/<RunOne>d__48:MoveNext () (at /Users/philipp/Projects/3DTD/3DTD/3DTD/Assets/Scripts/Diagnostics/PerfScenario.cs:438)
UnityEngine.SetupCoroutine:InvokeMoveNext (System.Collections.IEnumerator,intptr) (at /Users/bokken/build/output/unity/unity/Runtime/Export/Scripting/Coroutines.cs:17)

(Filename: /Users/bokken/build/output/unity/unity/Runtime/Export/Debug/Debug.bindings.cs Line: 123)

PERF RUN T-Core-3x (single, 3x, round 60)
UnityEngine.Debug:ExtractStackTraceNoAlloc (byte*,int,string)
UnityEngine.StackTraceUtility:ExtractStackTrace () (at /Users/bokken/build/output/unity/unity/Runtime/Export/Scripting/StackTrace.cs:35)
UnityEngine.DebugLogHandler:Internal_Log (UnityEngine.LogType,UnityEngine.LogOption,string,UnityEngine.Object)
UnityEngine.DebugLogHandler:LogFormat (UnityEngine.LogType,UnityEngine.Object,string,object[]) (at /Users/bokken/build/output/unity/unity/Runtime/Export/Logging/DebugLogHandler.cs:9)
UnityEngine.Logger:Log (UnityEngine.LogType,object) (at /Users/bokken/build/output/unity/unity/Runtime/Export/Logging/Logger.cs:60)
UnityEngine.Debug:Log (object) (at /Users/bokken/build/output/unity/unity/Runtime/Export/Debug/Debug.bindings.cs:123)
PerfScenario/<RunOne>d__48:MoveNext () (at /Users/philipp/Projects/3DTD/3DTD/3DTD/Assets/Scripts/Diagnostics/PerfScenario.cs:326)
UnityEngine.SetupCoroutine:InvokeMoveNext (System.Collections.IEnumerator,intptr) (at /Users/bokken/build/output/unity/unity/Runtime/Export/Scripting/Coroutines.cs:17)

(Filename: /Users/bokken/build/output/unity/unity/Runtime/Export/Debug/Debug.bindings.cs Line: 123)

Unloading 3 Unused Serialized files (Serialized files now loaded: 0)
UnloadTime: 21.351791 ms
Unloading 7 unused Assets / (168 B). Loaded Objects now: 12949.
Memory consumption went from 134.4 MB to 134.4 MB.
Total: 2.325167 ms (FindLiveObjects: 0.231209 ms CreateObjectMapping: 0.241125 ms MarkObjects: 1.827709 ms  DeleteObjects: 0.025000 ms)

PERF layout T-Core-3x: 154 block spots, 1 towers planned, 1 built
UnityEngine.Debug:ExtractStackTraceNoAlloc (byte*,int,string)
UnityEngine.StackTraceUtility:ExtractStackTrace () (at /Users/bokken/build/output/unity/unity/Runtime/Export/Scripting/StackTrace.cs:35)
UnityEngine.DebugLogHandler:Internal_Log (UnityEngine.LogType,UnityEngine.LogOption,string,UnityEngine.Object)
UnityEngine.DebugLogHandler:LogFormat (UnityEngine.LogType,UnityEngine.Object,string,object[]) (at /Users/bokken/build/output/unity/unity/Runtime/Export/Logging/DebugLogHandler.cs:9)
UnityEngine.Logger:Log (UnityEngine.LogType,object) (at /Users/bokken/build/output/unity/unity/Runtime/Export/Logging/Logger.cs:60)
UnityEngine.Debug:Log (object) (at /Users/bokken/build/output/unity/unity/Runtime/Export/Debug/Debug.bindings.cs:123)
PerfScenario/<RunOne>d__48:MoveNext () (at /Users/philipp/Projects/3DTD/3DTD/3DTD/Assets/Scripts/Diagnostics/PerfScenario.cs:371)
UnityEngine.SetupCoroutine:InvokeMoveNext (System.Collections.IEnumerator,intptr) (at /Users/bokken/build/output/unity/unity/Runtime/Export/Scripting/Coroutines.cs:17)

(Filename: /Users/bokken/build/output/unity/unity/Runtime/Export/Debug/Debug.bindings.cs Line: 123)

EffectPlayer: LaserMuzzleBlue plays batched one-shot
UnityEngine.Debug:ExtractStackTraceNoAlloc (byte*,int,string)
UnityEngine.StackTraceUtility:ExtractStackTrace () (at /Users/bokken/build/output/unity/unity/Runtime/Export/Scripting/StackTrace.cs:35)
UnityEngine.DebugLogHandler:Internal_Log (UnityEngine.LogType,UnityEngine.LogOption,string,UnityEngine.Object)
UnityEngine.DebugLogHandler:LogFormat (UnityEngine.LogType,UnityEngine.Object,string,object[]) (at /Users/bokken/build/output/unity/unity/Runtime/Export/Logging/DebugLogHandler.cs:9)
UnityEngine.Logger:Log (UnityEngine.LogType,object) (at /Users/bokken/build/output/unity/unity/Runtime/Export/Logging/Logger.cs:60)
UnityEngine.Debug:Log (object) (at /Users/bokken/build/output/unity/unity/Runtime/Export/Debug/Debug.bindings.cs:123)
EffectPlayer:LogBackend (UnityEngine.GameObject,string) (at /Users/philipp/Projects/3DTD/3DTD/3DTD/Assets/Scripts/Effects/EffectPlayer.cs:98)
EffectPool:PlayOneShot (UnityEngine.Vector3,UnityEngine.Quaternion,single,single,single) (at /Users/philipp/Projects/3DTD/3DTD/3DTD/Assets/Scripts/Effects/EffectPool.cs:72)
EffectPlayer:Play (UnityEngine.GameObject,UnityEngine.Vector3,UnityEngine.Quaternion,single,single,single) (at /Users/philipp/Projects/3DTD/3DTD/3DTD/Assets/Scripts/Effects/EffectPlayer.cs:81)
ProjectileSystem:Spawn (ProjectileArchetype,ProjectileSystem/Shot&,int,single) (at /Users/philipp/Projects/3DTD/3DTD/3DTD/Assets/Scripts/Combat/ProjectileSystem.cs:250)
ProjectileSystem:Fire (UnityEngine.GameObject,ProjectileSystem/Shot&) (at /Users/philipp/Projects/3DTD/3DTD/3DTD/Assets/Scripts/Combat/ProjectileSystem.cs:195)
LaserTowerActionStrategy:FireVolley (single) (at /Users/philipp/Projects/3DTD/3DTD/3DTD/Assets/Scripts/Tower/ActionStrategies/LaserTowerActionStrategy.cs:83)
LaserTowerActionStrategy:ExecuteAction () (at /Users/philipp/Projects/3DTD/3DTD/3DTD/Assets/Scripts/Tower/ActionStrategies/LaserTowerActionStrategy.cs:38)
Tower:Update () (at /Users/philipp/Projects/3DTD/3DTD/3DTD/Assets/Scripts/Entities/Tower.cs:89)

(Filename: /Users/bokken/build/output/unity/unity/Runtime/Export/Debug/Debug.bindings.cs Line: 123)

EffectPlayer: LaserBlue plays batched flight
UnityEngine.Debug:ExtractStackTraceNoAlloc (byte*,int,string)
UnityEngine.StackTraceUtility:ExtractStackTrace () (at /Users/bokken/build/output/unity/unity/Runtime/Export/Scripting/StackTrace.cs:35)
UnityEngine.DebugLogHandler:Internal_Log (UnityEngine.LogType,UnityEngine.LogOption,string,UnityEngine.Object)
UnityEngine.DebugLogHandler:LogFormat (UnityEngine.LogType,UnityEngine.Object,string,object[]) (at /Users/bokken/build/output/unity/unity/Runtime/Export/Logging/DebugLogHandler.cs:9)
UnityEngine.Logger:Log (UnityEngine.LogType,object) (at /Users/bokken/build/output/unity/unity/Runtime/Export/Logging/Logger.cs:60)
UnityEngine.Debug:Log (object) (at /Users/bokken/build/output/unity/unity/Runtime/Export/Debug/Debug.bindings.cs:123)
EffectPlayer:LogBackend (UnityEngine.GameObject,string) (at /Users/philipp/Projects/3DTD/3DTD/3DTD/Assets/Scripts/Effects/EffectPlayer.cs:98)
EffectPool:Attach (UnityEngine.Vector3,UnityEngine.Quaternion,single,UnityEngine.Vector3) (at /Users/philipp/Projects/3DTD/3DTD/3DTD/Assets/Scripts/Effects/EffectPool.cs:100)
EffectPlayer:Attach (UnityEngine.GameObject,UnityEngine.Vector3,UnityEngine.Quaternion,single,UnityEngine.Vector3) (at /Users/philipp/Projects/3DTD/3DTD/3DTD/Assets/Scripts/Effects/EffectPlayer.cs:92)
ProjectileSystem:Spawn (ProjectileArchetype,ProjectileSystem/Shot&,int,single) (at /Users/philipp/Projects/3DTD/3DTD/3DTD/Assets/Scripts/Combat/ProjectileSystem.cs:251)
ProjectileSystem:Fire (UnityEngine.GameObject,ProjectileSystem/Shot&) (at /Users/philipp/Projects/3DTD/3DTD/3DTD/Assets/Scripts/Combat/ProjectileSystem.cs:195)
LaserTowerActionStrategy:FireVolley (single) (at /Users/philipp/Projects/3DTD/3DTD/3DTD/Assets/Scripts/Tower/ActionStrategies/LaserTowerActionStrategy.cs:83)
LaserTowerActionStrategy:ExecuteAction () (at /Users/philipp/Projects/3DTD/3DTD/3DTD/Assets/Scripts/Tower/ActionStrategies/LaserTowerActionStrategy.cs:38)
Tower:Update () (at /Users/philipp/Projects/3DTD/3DTD/3DTD/Assets/Scripts/Entities/Tower.cs:89)

(Filename: /Users/bokken/build/output/unity/unity/Runtime/Export/Debug/Debug.bindings.cs Line: 123)

EffectPlayer: LaserExplosionBlue plays batched one-shot
UnityEngine.Debug:ExtractStackTraceNoAlloc (byte*,int,string)
UnityEngine.StackTraceUtility:ExtractStackTrace () (at /Users/bokken/build/output/unity/unity/Runtime/Export/Scripting/StackTrace.cs:35)
UnityEngine.DebugLogHandler:Internal_Log (UnityEngine.LogType,UnityEngine.LogOption,string,UnityEngine.Object)
UnityEngine.DebugLogHandler:LogFormat (UnityEngine.LogType,UnityEngine.Object,string,object[]) (at /Users/bokken/build/output/unity/unity/Runtime/Export/Logging/DebugLogHandler.cs:9)
UnityEngine.Logger:Log (UnityEngine.LogType,object) (at /Users/bokken/build/output/unity/unity/Runtime/Export/Logging/Logger.cs:60)
UnityEngine.Debug:Log (object) (at /Users/bokken/build/output/unity/unity/Runtime/Export/Debug/Debug.bindings.cs:123)
EffectPlayer:LogBackend (UnityEngine.GameObject,string) (at /Users/philipp/Projects/3DTD/3DTD/3DTD/Assets/Scripts/Effects/EffectPlayer.cs:98)
EffectPool:PlayOneShot (UnityEngine.Vector3,UnityEngine.Quaternion,single,single,single) (at /Users/philipp/Projects/3DTD/3DTD/3DTD/Assets/Scripts/Effects/EffectPool.cs:72)
EffectPlayer:Play (UnityEngine.GameObject,UnityEngine.Vector3,UnityEngine.Quaternion,single,single,single) (at /Users/philipp/Projects/3DTD/3DTD/3DTD/Assets/Scripts/Effects/EffectPlayer.cs:81)
ProjectileSystem:Apply () (at /Users/philipp/Projects/3DTD/3DTD/3DTD/Assets/Scripts/Combat/ProjectileSystem.cs:354)
ProjectileSystem:Update () (at /Users/philipp/Projects/3DTD/3DTD/3DTD/Assets/Scripts/Combat/ProjectileSystem.cs:310)

(Filename: /Users/bokken/build/output/unity/unity/Runtime/Export/Debug/Debug.bindings.cs Line: 123)

PERF RESULT T-Core-3x: towers 1, frames 9805, frame p50/p95/p99/max 1.4/1.7/10.4/17.4 ms, main p50/p99 1.4/10.4 ms, speed 3.00x, GC steady 0.2% frames (98802 B, 12 B/frame), damage 7, kills 0, leaked 6494, pops 0, projectiles 7/7, death fx 0/0, fx 14/14, markers [PlayerLoop=1.56/10.4ms, Update.ScriptRunBehaviourUpdate=0.22/0.3ms, PreLateUpdate.ScriptRunBehaviourLateUpdate=0.02/0.0ms, FixedUpdate.PhysicsFixedUpdate=0.00/0.0ms, FixedUpdate.ScriptRunBehaviourFixedUpdate=0.00/0.0ms, PreUpdate.PhysicsUpdate=0.00/0.0ms, Physics.Simulate=0.10/0.1ms, Physics.SyncTransforms=0.15/0.2ms, Physics.SendTriggerEvents=0.00/0.1ms, Physics.SendContactEvents=0.00/0.0ms, ParticleSystem.EndUpdateAll=0.00/0.0ms, GC.Collect=0.00/0.0ms, GarbageCollector.CollectIncremental=0.00/0.0ms, 3DTD.Projectiles.Step=0.00/0.0ms, 3DTD.Projectiles.Apply=0.00/0.0ms, 3DTD.Effects.Update=0.01/0.0ms, 3DTD.Effects.TrailEmit=0.00/0.0ms, 3DTD.Effects.Flights=0.01/0.0ms, 3DTD.Effects.Batched=0.00/0.0ms, 3DTD.Effects.Emit=0.00/0.0ms, 3DTD.Effects.Particles=0.00/0.0ms, 3DTD.Effects.Retire=0.00/0.0ms, ParticleSystem.WaitForPreviousRenderingToFinish=0.00/0.0ms, ParticleSystem.UpdateJob=0.01/0.0ms, ParticleSystem.GeometryJob=0.01/0.0ms, ParticleSystem.TrailGeometryJob=0.00/0.0ms, ParticleSystem.Sort=0.00/0.0ms, ParticleSystem.Draw=0.00/0.0ms, Gfx.WaitForRenderThread=0.00/0.0ms, WaitForRenderJobs=0.00/0.0ms, CPU Render Thread Frame Time=0.81/0.9ms, GPU Frame Time=1.03/1.4ms, 3DTD.DeathEffects=0.00/0.0ms, 3DTD.Enemy.TakeDamage=0.00/0.0ms, 3DTD.Enemy.PopLayer=0.00/0.0ms, 3DTD.Enemy.ShowShape=0.00/0.0ms, 3DTD.Effects.Create=0.00/0.0ms, 3DTD.Projectiles.Fire=0.00/0.0ms, 3DTD.Effects.Play=0.00/0.0ms, 3DTD.Effects.Attach=0.00/0.0ms, BehaviourUpdate=0.22/0.3ms, Gfx.WaitForPresentOnGfxThread=0.14/8.7ms, Render.OpaqueGeometry=0.00/0.0ms, Render.TransparentGeometry=0.00/0.0ms, Instantiate=0.00/0.0ms], by type [Core Tower=7]
UnityEngine.Debug:ExtractStackTraceNoAlloc (byte*,int,string)
UnityEngine.StackTraceUtility:ExtractStackTrace () (at /Users/bokken/build/output/unity/unity/Runtime/Export/Scripting/StackTrace.cs:35)
UnityEngine.DebugLogHandler:Internal_Log (UnityEngine.LogType,UnityEngine.LogOption,string,UnityEngine.Object)
UnityEngine.DebugLogHandler:LogFormat (UnityEngine.LogType,UnityEngine.Object,string,object[]) (at /Users/bokken/build/output/unity/unity/Runtime/Export/Logging/DebugLogHandler.cs:9)
UnityEngine.Logger:Log (UnityEngine.LogType,object) (at /Users/bokken/build/output/unity/unity/Runtime/Export/Logging/Logger.cs:60)
UnityEngine.Debug:Log (object) (at /Users/bokken/build/output/unity/unity/Runtime/Export/Debug/Debug.bindings.cs:123)
PerfScenario:Summarize (PerfScenario/Run,PerfScenario/RunResult,System.Collections.Generic.List`1<Tower>,int) (at /Users/philipp/Projects/3DTD/3DTD/3DTD/Assets/Scripts/Diagnostics/PerfScenario.cs:1122)
PerfScenario/<RunOne>d__48:MoveNext () (at /Users/philipp/Projects/3DTD/3DTD/3DTD/Assets/Scripts/Diagnostics/PerfScenario.cs:438)
UnityEngine.SetupCoroutine:InvokeMoveNext (System.Collections.IEnumerator,intptr) (at /Users/bokken/build/output/unity/unity/Runtime/Export/Scripting/Coroutines.cs:17)

(Filename: /Users/bokken/build/output/unity/unity/Runtime/Export/Debug/Debug.bindings.cs Line: 123)

PERF EMIT (system: calls, particles, total ms, us/particle, max ms at count/alive)
  LaserBlue/SparkTrail: 81, 84, 0.5 ms, 6.15 us, max 0.01 ms at 1/6, first in frame 80x 0.5 ms
  LaserBlue/Glow: 54, 96, 0.3 ms, 2.78 us, max 0.01 ms at 1/4, first in frame 34x 0.2 ms
  LaserMuzzleBlue/LaserMuzzleBlue (batched): 7, 50, 0.1 ms, 1.20 us, max 0.01 ms at 7/0, first in frame 7x 0.1 ms
  LaserExplosionBlue/LaserExplosionBlue (batched): 7, 7, 0.0 ms, 4.66 us, max 0.01 ms at 1/0, first in frame 4x 0.0 ms
  LaserBlue/LaserBlue (flights): 11, 11, 0.0 ms, 2.45 us, max 0.01 ms at 1/1, first in frame 4x 0.0 ms
  LaserMuzzleBlue/Glow: 7, 7, 0.0 ms, 1.16 us, max 0.00 ms at 1/0, first in frame 0x 0.0 ms
  LaserExplosionBlue/Glow: 7, 7, 0.0 ms, 1.13 us, max 0.00 ms at 1/0, first in frame 0x 0.0 ms
  LaserExplosionBlue/SphereGlow: 7, 7, 0.0 ms, 0.64 us, max 0.00 ms at 1/0, first in frame 0x 0.0 ms
UnityEngine.Debug:ExtractStackTraceNoAlloc (byte*,int,string)
UnityEngine.StackTraceUtility:ExtractStackTrace () (at /Users/bokken/build/output/unity/unity/Runtime/Export/Scripting/StackTrace.cs:35)
UnityEngine.DebugLogHandler:Internal_Log (UnityEngine.LogType,UnityEngine.LogOption,string,UnityEngine.Object)
UnityEngine.DebugLogHandler:LogFormat (UnityEngine.LogType,UnityEngine.Object,string,object[]) (at /Users/bokken/build/output/unity/unity/Runtime/Export/Logging/DebugLogHandler.cs:9)
UnityEngine.Logger:Log (UnityEngine.LogType,object) (at /Users/bokken/build/output/unity/unity/Runtime/Export/Logging/Logger.cs:60)
UnityEngine.Debug:Log (object) (at /Users/bokken/build/output/unity/unity/Runtime/Export/Debug/Debug.bindings.cs:123)
PerfScenario:Summarize (PerfScenario/Run,PerfScenario/RunResult,System.Collections.Generic.List`1<Tower>,int) (at /Users/philipp/Projects/3DTD/3DTD/3DTD/Assets/Scripts/Diagnostics/PerfScenario.cs:1132)
PerfScenario/<RunOne>d__48:MoveNext () (at /Users/philipp/Projects/3DTD/3DTD/3DTD/Assets/Scripts/Diagnostics/PerfScenario.cs:438)
UnityEngine.SetupCoroutine:InvokeMoveNext (System.Collections.IEnumerator,intptr) (at /Users/bokken/build/output/unity/unity/Runtime/Export/Scripting/Coroutines.cs:17)

(Filename: /Users/bokken/build/output/unity/unity/Runtime/Export/Debug/Debug.bindings.cs Line: 123)

PERF RUN T-Core-5x (single, 5x, round 60)
UnityEngine.Debug:ExtractStackTraceNoAlloc (byte*,int,string)
UnityEngine.StackTraceUtility:ExtractStackTrace () (at /Users/bokken/build/output/unity/unity/Runtime/Export/Scripting/StackTrace.cs:35)
UnityEngine.DebugLogHandler:Internal_Log (UnityEngine.LogType,UnityEngine.LogOption,string,UnityEngine.Object)
UnityEngine.DebugLogHandler:LogFormat (UnityEngine.LogType,UnityEngine.Object,string,object[]) (at /Users/bokken/build/output/unity/unity/Runtime/Export/Logging/DebugLogHandler.cs:9)
UnityEngine.Logger:Log (UnityEngine.LogType,object) (at /Users/bokken/build/output/unity/unity/Runtime/Export/Logging/Logger.cs:60)
UnityEngine.Debug:Log (object) (at /Users/bokken/build/output/unity/unity/Runtime/Export/Debug/Debug.bindings.cs:123)
PerfScenario/<RunOne>d__48:MoveNext () (at /Users/philipp/Projects/3DTD/3DTD/3DTD/Assets/Scripts/Diagnostics/PerfScenario.cs:326)
UnityEngine.SetupCoroutine:InvokeMoveNext (System.Collections.IEnumerator,intptr) (at /Users/bokken/build/output/unity/unity/Runtime/Export/Scripting/Coroutines.cs:17)

(Filename: /Users/bokken/build/output/unity/unity/Runtime/Export/Debug/Debug.bindings.cs Line: 123)

Unloading 3 Unused Serialized files (Serialized files now loaded: 0)
UnloadTime: 21.480375 ms
Unloading 7 unused Assets / (152 B). Loaded Objects now: 12949.
Memory consumption went from 134.4 MB to 134.4 MB.
Total: 2.002667 ms (FindLiveObjects: 0.209083 ms CreateObjectMapping: 0.244084 ms MarkObjects: 1.531708 ms  DeleteObjects: 0.017708 ms)

PERF layout T-Core-5x: 154 block spots, 1 towers planned, 1 built
UnityEngine.Debug:ExtractStackTraceNoAlloc (byte*,int,string)
UnityEngine.StackTraceUtility:ExtractStackTrace () (at /Users/bokken/build/output/unity/unity/Runtime/Export/Scripting/StackTrace.cs:35)
UnityEngine.DebugLogHandler:Internal_Log (UnityEngine.LogType,UnityEngine.LogOption,string,UnityEngine.Object)
UnityEngine.DebugLogHandler:LogFormat (UnityEngine.LogType,UnityEngine.Object,string,object[]) (at /Users/bokken/build/output/unity/unity/Runtime/Export/Logging/DebugLogHandler.cs:9)
UnityEngine.Logger:Log (UnityEngine.LogType,object) (at /Users/bokken/build/output/unity/unity/Runtime/Export/Logging/Logger.cs:60)
UnityEngine.Debug:Log (object) (at /Users/bokken/build/output/unity/unity/Runtime/Export/Debug/Debug.bindings.cs:123)
PerfScenario/<RunOne>d__48:MoveNext () (at /Users/philipp/Projects/3DTD/3DTD/3DTD/Assets/Scripts/Diagnostics/PerfScenario.cs:371)
UnityEngine.SetupCoroutine:InvokeMoveNext (System.Collections.IEnumerator,intptr) (at /Users/bokken/build/output/unity/unity/Runtime/Export/Scripting/Coroutines.cs:17)

(Filename: /Users/bokken/build/output/unity/unity/Runtime/Export/Debug/Debug.bindings.cs Line: 123)

EffectPlayer: LaserMuzzleBlue plays batched one-shot
UnityEngine.Debug:ExtractStackTraceNoAlloc (byte*,int,string)
UnityEngine.StackTraceUtility:ExtractStackTrace () (at /Users/bokken/build/output/unity/unity/Runtime/Export/Scripting/StackTrace.cs:35)
UnityEngine.DebugLogHandler:Internal_Log (UnityEngine.LogType,UnityEngine.LogOption,string,UnityEngine.Object)
UnityEngine.DebugLogHandler:LogFormat (UnityEngine.LogType,UnityEngine.Object,string,object[]) (at /Users/bokken/build/output/unity/unity/Runtime/Export/Logging/DebugLogHandler.cs:9)
UnityEngine.Logger:Log (UnityEngine.LogType,object) (at /Users/bokken/build/output/unity/unity/Runtime/Export/Logging/Logger.cs:60)
UnityEngine.Debug:Log (object) (at /Users/bokken/build/output/unity/unity/Runtime/Export/Debug/Debug.bindings.cs:123)
EffectPlayer:LogBackend (UnityEngine.GameObject,string) (at /Users/philipp/Projects/3DTD/3DTD/3DTD/Assets/Scripts/Effects/EffectPlayer.cs:98)
EffectPool:PlayOneShot (UnityEngine.Vector3,UnityEngine.Quaternion,single,single,single) (at /Users/philipp/Projects/3DTD/3DTD/3DTD/Assets/Scripts/Effects/EffectPool.cs:72)
EffectPlayer:Play (UnityEngine.GameObject,UnityEngine.Vector3,UnityEngine.Quaternion,single,single,single) (at /Users/philipp/Projects/3DTD/3DTD/3DTD/Assets/Scripts/Effects/EffectPlayer.cs:81)
ProjectileSystem:Spawn (ProjectileArchetype,ProjectileSystem/Shot&,int,single) (at /Users/philipp/Projects/3DTD/3DTD/3DTD/Assets/Scripts/Combat/ProjectileSystem.cs:250)
ProjectileSystem:Fire (UnityEngine.GameObject,ProjectileSystem/Shot&) (at /Users/philipp/Projects/3DTD/3DTD/3DTD/Assets/Scripts/Combat/ProjectileSystem.cs:195)
LaserTowerActionStrategy:FireVolley (single) (at /Users/philipp/Projects/3DTD/3DTD/3DTD/Assets/Scripts/Tower/ActionStrategies/LaserTowerActionStrategy.cs:83)
LaserTowerActionStrategy:ExecuteAction () (at /Users/philipp/Projects/3DTD/3DTD/3DTD/Assets/Scripts/Tower/ActionStrategies/LaserTowerActionStrategy.cs:38)
Tower:Update () (at /Users/philipp/Projects/3DTD/3DTD/3DTD/Assets/Scripts/Entities/Tower.cs:89)

(Filename: /Users/bokken/build/output/unity/unity/Runtime/Export/Debug/Debug.bindings.cs Line: 123)

EffectPlayer: LaserBlue plays batched flight
UnityEngine.Debug:ExtractStackTraceNoAlloc (byte*,int,string)
UnityEngine.StackTraceUtility:ExtractStackTrace () (at /Users/bokken/build/output/unity/unity/Runtime/Export/Scripting/StackTrace.cs:35)
UnityEngine.DebugLogHandler:Internal_Log (UnityEngine.LogType,UnityEngine.LogOption,string,UnityEngine.Object)
UnityEngine.DebugLogHandler:LogFormat (UnityEngine.LogType,UnityEngine.Object,string,object[]) (at /Users/bokken/build/output/unity/unity/Runtime/Export/Logging/DebugLogHandler.cs:9)
UnityEngine.Logger:Log (UnityEngine.LogType,object) (at /Users/bokken/build/output/unity/unity/Runtime/Export/Logging/Logger.cs:60)
UnityEngine.Debug:Log (object) (at /Users/bokken/build/output/unity/unity/Runtime/Export/Debug/Debug.bindings.cs:123)
EffectPlayer:LogBackend (UnityEngine.GameObject,string) (at /Users/philipp/Projects/3DTD/3DTD/3DTD/Assets/Scripts/Effects/EffectPlayer.cs:98)
EffectPool:Attach (UnityEngine.Vector3,UnityEngine.Quaternion,single,UnityEngine.Vector3) (at /Users/philipp/Projects/3DTD/3DTD/3DTD/Assets/Scripts/Effects/EffectPool.cs:100)
EffectPlayer:Attach (UnityEngine.GameObject,UnityEngine.Vector3,UnityEngine.Quaternion,single,UnityEngine.Vector3) (at /Users/philipp/Projects/3DTD/3DTD/3DTD/Assets/Scripts/Effects/EffectPlayer.cs:92)
ProjectileSystem:Spawn (ProjectileArchetype,ProjectileSystem/Shot&,int,single) (at /Users/philipp/Projects/3DTD/3DTD/3DTD/Assets/Scripts/Combat/ProjectileSystem.cs:251)
ProjectileSystem:Fire (UnityEngine.GameObject,ProjectileSystem/Shot&) (at /Users/philipp/Projects/3DTD/3DTD/3DTD/Assets/Scripts/Combat/ProjectileSystem.cs:195)
LaserTowerActionStrategy:FireVolley (single) (at /Users/philipp/Projects/3DTD/3DTD/3DTD/Assets/Scripts/Tower/ActionStrategies/LaserTowerActionStrategy.cs:83)
LaserTowerActionStrategy:ExecuteAction () (at /Users/philipp/Projects/3DTD/3DTD/3DTD/Assets/Scripts/Tower/ActionStrategies/LaserTowerActionStrategy.cs:38)
Tower:Update () (at /Users/philipp/Projects/3DTD/3DTD/3DTD/Assets/Scripts/Entities/Tower.cs:89)

(Filename: /Users/bokken/build/output/unity/unity/Runtime/Export/Debug/Debug.bindings.cs Line: 123)

EffectPlayer: LaserExplosionBlue plays batched one-shot
UnityEngine.Debug:ExtractStackTraceNoAlloc (byte*,int,string)
UnityEngine.StackTraceUtility:ExtractStackTrace () (at /Users/bokken/build/output/unity/unity/Runtime/Export/Scripting/StackTrace.cs:35)
UnityEngine.DebugLogHandler:Internal_Log (UnityEngine.LogType,UnityEngine.LogOption,string,UnityEngine.Object)
UnityEngine.DebugLogHandler:LogFormat (UnityEngine.LogType,UnityEngine.Object,string,object[]) (at /Users/bokken/build/output/unity/unity/Runtime/Export/Logging/DebugLogHandler.cs:9)
UnityEngine.Logger:Log (UnityEngine.LogType,object) (at /Users/bokken/build/output/unity/unity/Runtime/Export/Logging/Logger.cs:60)
UnityEngine.Debug:Log (object) (at /Users/bokken/build/output/unity/unity/Runtime/Export/Debug/Debug.bindings.cs:123)
EffectPlayer:LogBackend (UnityEngine.GameObject,string) (at /Users/philipp/Projects/3DTD/3DTD/3DTD/Assets/Scripts/Effects/EffectPlayer.cs:98)
EffectPool:PlayOneShot (UnityEngine.Vector3,UnityEngine.Quaternion,single,single,single) (at /Users/philipp/Projects/3DTD/3DTD/3DTD/Assets/Scripts/Effects/EffectPool.cs:72)
EffectPlayer:Play (UnityEngine.GameObject,UnityEngine.Vector3,UnityEngine.Quaternion,single,single,single) (at /Users/philipp/Projects/3DTD/3DTD/3DTD/Assets/Scripts/Effects/EffectPlayer.cs:81)
ProjectileSystem:Apply () (at /Users/philipp/Projects/3DTD/3DTD/3DTD/Assets/Scripts/Combat/ProjectileSystem.cs:354)
ProjectileSystem:Update () (at /Users/philipp/Projects/3DTD/3DTD/3DTD/Assets/Scripts/Combat/ProjectileSystem.cs:310)

(Filename: /Users/bokken/build/output/unity/unity/Runtime/Export/Debug/Debug.bindings.cs Line: 123)

PERF RESULT T-Core-5x: towers 1, frames 5778, frame p50/p95/p99/max 1.4/1.7/10.9/18.8 ms, main p50/p99 1.4/10.9 ms, speed 5.00x, GC steady 0.3% frames (98802 B, 22 B/frame), damage 7, kills 0, leaked 6494, pops 0, projectiles 7/7, death fx 0/0, fx 14/14, markers [PlayerLoop=1.59/10.9ms, Update.ScriptRunBehaviourUpdate=0.22/0.3ms, PreLateUpdate.ScriptRunBehaviourLateUpdate=0.02/0.0ms, FixedUpdate.PhysicsFixedUpdate=0.00/0.0ms, FixedUpdate.ScriptRunBehaviourFixedUpdate=0.00/0.0ms, PreUpdate.PhysicsUpdate=0.00/0.0ms, Physics.Simulate=0.10/0.1ms, Physics.SyncTransforms=0.15/0.2ms, Physics.SendTriggerEvents=0.00/0.0ms, Physics.SendContactEvents=0.00/0.0ms, ParticleSystem.EndUpdateAll=0.00/0.0ms, GC.Collect=0.00/0.0ms, GarbageCollector.CollectIncremental=0.00/0.0ms, 3DTD.Projectiles.Step=0.00/0.0ms, 3DTD.Projectiles.Apply=0.00/0.0ms, 3DTD.Effects.Update=0.01/0.0ms, 3DTD.Effects.TrailEmit=0.00/0.0ms, 3DTD.Effects.Flights=0.01/0.0ms, 3DTD.Effects.Batched=0.00/0.0ms, 3DTD.Effects.Emit=0.00/0.0ms, 3DTD.Effects.Particles=0.00/0.0ms, 3DTD.Effects.Retire=0.00/0.0ms, ParticleSystem.WaitForPreviousRenderingToFinish=0.00/0.0ms, ParticleSystem.UpdateJob=0.01/0.0ms, ParticleSystem.GeometryJob=0.01/0.0ms, ParticleSystem.TrailGeometryJob=0.00/0.0ms, ParticleSystem.Sort=0.00/0.0ms, ParticleSystem.Draw=0.00/0.0ms, Gfx.WaitForRenderThread=0.00/0.0ms, WaitForRenderJobs=0.00/0.0ms, CPU Render Thread Frame Time=0.81/0.9ms, GPU Frame Time=1.04/2.3ms, 3DTD.DeathEffects=0.00/0.0ms, 3DTD.Enemy.TakeDamage=0.00/0.0ms, 3DTD.Enemy.PopLayer=0.00/0.0ms, 3DTD.Enemy.ShowShape=0.00/0.0ms, 3DTD.Effects.Create=0.00/0.0ms, 3DTD.Projectiles.Fire=0.00/0.0ms, 3DTD.Effects.Play=0.00/0.0ms, 3DTD.Effects.Attach=0.00/0.0ms, BehaviourUpdate=0.22/0.3ms, Gfx.WaitForPresentOnGfxThread=0.16/9.3ms, Render.OpaqueGeometry=0.00/0.0ms, Render.TransparentGeometry=0.00/0.0ms, Instantiate=0.00/0.0ms], by type [Core Tower=7]
UnityEngine.Debug:ExtractStackTraceNoAlloc (byte*,int,string)
UnityEngine.StackTraceUtility:ExtractStackTrace () (at /Users/bokken/build/output/unity/unity/Runtime/Export/Scripting/StackTrace.cs:35)
UnityEngine.DebugLogHandler:Internal_Log (UnityEngine.LogType,UnityEngine.LogOption,string,UnityEngine.Object)
UnityEngine.DebugLogHandler:LogFormat (UnityEngine.LogType,UnityEngine.Object,string,object[]) (at /Users/bokken/build/output/unity/unity/Runtime/Export/Logging/DebugLogHandler.cs:9)
UnityEngine.Logger:Log (UnityEngine.LogType,object) (at /Users/bokken/build/output/unity/unity/Runtime/Export/Logging/Logger.cs:60)
UnityEngine.Debug:Log (object) (at /Users/bokken/build/output/unity/unity/Runtime/Export/Debug/Debug.bindings.cs:123)
PerfScenario:Summarize (PerfScenario/Run,PerfScenario/RunResult,System.Collections.Generic.List`1<Tower>,int) (at /Users/philipp/Projects/3DTD/3DTD/3DTD/Assets/Scripts/Diagnostics/PerfScenario.cs:1122)
PerfScenario/<RunOne>d__48:MoveNext () (at /Users/philipp/Projects/3DTD/3DTD/3DTD/Assets/Scripts/Diagnostics/PerfScenario.cs:438)
UnityEngine.SetupCoroutine:InvokeMoveNext (System.Collections.IEnumerator,intptr) (at /Users/bokken/build/output/unity/unity/Runtime/Export/Scripting/Coroutines.cs:17)

(Filename: /Users/bokken/build/output/unity/unity/Runtime/Export/Debug/Debug.bindings.cs Line: 123)

PERF EMIT (system: calls, particles, total ms, us/particle, max ms at count/alive)
  LaserBlue/SparkTrail: 80, 81, 0.5 ms, 5.66 us, max 0.01 ms at 1/2, first in frame 79x 0.5 ms
  LaserBlue/Glow: 53, 96, 0.2 ms, 2.26 us, max 0.01 ms at 1/9, first in frame 31x 0.2 ms
  LaserMuzzleBlue/LaserMuzzleBlue (batched): 7, 50, 0.0 ms, 0.96 us, max 0.01 ms at 7/0, first in frame 7x 0.0 ms
  LaserExplosionBlue/LaserExplosionBlue (batched): 7, 7, 0.0 ms, 3.57 us, max 0.01 ms at 1/0, first in frame 2x 0.0 ms
  LaserBlue/LaserBlue (flights): 11, 11, 0.0 ms, 2.05 us, max 0.00 ms at 1/1, first in frame 4x 0.0 ms
  LaserExplosionBlue/Glow: 7, 7, 0.0 ms, 1.23 us, max 0.00 ms at 1/0, first in frame 0x 0.0 ms
  LaserMuzzleBlue/Glow: 7, 7, 0.0 ms, 1.10 us, max 0.00 ms at 1/0, first in frame 0x 0.0 ms
  LaserExplosionBlue/SphereGlow: 7, 7, 0.0 ms, 0.79 us, max 0.00 ms at 1/0, first in frame 0x 0.0 ms
UnityEngine.Debug:ExtractStackTraceNoAlloc (byte*,int,string)
UnityEngine.StackTraceUtility:ExtractStackTrace () (at /Users/bokken/build/output/unity/unity/Runtime/Export/Scripting/StackTrace.cs:35)
UnityEngine.DebugLogHandler:Internal_Log (UnityEngine.LogType,UnityEngine.LogOption,string,UnityEngine.Object)
UnityEngine.DebugLogHandler:LogFormat (UnityEngine.LogType,UnityEngine.Object,string,object[]) (at /Users/bokken/build/output/unity/unity/Runtime/Export/Logging/DebugLogHandler.cs:9)
UnityEngine.Logger:Log (UnityEngine.LogType,object) (at /Users/bokken/build/output/unity/unity/Runtime/Export/Logging/Logger.cs:60)
UnityEngine.Debug:Log (object) (at /Users/bokken/build/output/unity/unity/Runtime/Export/Debug/Debug.bindings.cs:123)
PerfScenario:Summarize (PerfScenario/Run,PerfScenario/RunResult,System.Collections.Generic.List`1<Tower>,int) (at /Users/philipp/Projects/3DTD/3DTD/3DTD/Assets/Scripts/Diagnostics/PerfScenario.cs:1132)
PerfScenario/<RunOne>d__48:MoveNext () (at /Users/philipp/Projects/3DTD/3DTD/3DTD/Assets/Scripts/Diagnostics/PerfScenario.cs:438)
UnityEngine.SetupCoroutine:InvokeMoveNext (System.Collections.IEnumerator,intptr) (at /Users/bokken/build/output/unity/unity/Runtime/Export/Scripting/Coroutines.cs:17)

(Filename: /Users/bokken/build/output/unity/unity/Runtime/Export/Debug/Debug.bindings.cs Line: 123)

PERF RUN T-Bomb-1x (single, 1x, round 60)
UnityEngine.Debug:ExtractStackTraceNoAlloc (byte*,int,string)
UnityEngine.StackTraceUtility:ExtractStackTrace () (at /Users/bokken/build/output/unity/unity/Runtime/Export/Scripting/StackTrace.cs:35)
UnityEngine.DebugLogHandler:Internal_Log (UnityEngine.LogType,UnityEngine.LogOption,string,UnityEngine.Object)
UnityEngine.DebugLogHandler:LogFormat (UnityEngine.LogType,UnityEngine.Object,string,object[]) (at /Users/bokken/build/output/unity/unity/Runtime/Export/Logging/DebugLogHandler.cs:9)
UnityEngine.Logger:Log (UnityEngine.LogType,object) (at /Users/bokken/build/output/unity/unity/Runtime/Export/Logging/Logger.cs:60)
UnityEngine.Debug:Log (object) (at /Users/bokken/build/output/unity/unity/Runtime/Export/Debug/Debug.bindings.cs:123)
PerfScenario/<RunOne>d__48:MoveNext () (at /Users/philipp/Projects/3DTD/3DTD/3DTD/Assets/Scripts/Diagnostics/PerfScenario.cs:326)
UnityEngine.SetupCoroutine:InvokeMoveNext (System.Collections.IEnumerator,intptr) (at /Users/bokken/build/output/unity/unity/Runtime/Export/Scripting/Coroutines.cs:17)

(Filename: /Users/bokken/build/output/unity/unity/Runtime/Export/Debug/Debug.bindings.cs Line: 123)

Unloading 3 Unused Serialized files (Serialized files now loaded: 0)
UnloadTime: 22.676333 ms
Unloading 7 unused Assets / (152 B). Loaded Objects now: 12949.
Memory consumption went from 134.4 MB to 134.4 MB.
Total: 1.595292 ms (FindLiveObjects: 0.194333 ms CreateObjectMapping: 0.233959 ms MarkObjects: 1.150667 ms  DeleteObjects: 0.016292 ms)

PERF layout T-Bomb-1x: 154 block spots, 1 towers planned, 1 built
UnityEngine.Debug:ExtractStackTraceNoAlloc (byte*,int,string)
UnityEngine.StackTraceUtility:ExtractStackTrace () (at /Users/bokken/build/output/unity/unity/Runtime/Export/Scripting/StackTrace.cs:35)
UnityEngine.DebugLogHandler:Internal_Log (UnityEngine.LogType,UnityEngine.LogOption,string,UnityEngine.Object)
UnityEngine.DebugLogHandler:LogFormat (UnityEngine.LogType,UnityEngine.Object,string,object[]) (at /Users/bokken/build/output/unity/unity/Runtime/Export/Logging/DebugLogHandler.cs:9)
UnityEngine.Logger:Log (UnityEngine.LogType,object) (at /Users/bokken/build/output/unity/unity/Runtime/Export/Logging/Logger.cs:60)
UnityEngine.Debug:Log (object) (at /Users/bokken/build/output/unity/unity/Runtime/Export/Debug/Debug.bindings.cs:123)
PerfScenario/<RunOne>d__48:MoveNext () (at /Users/philipp/Projects/3DTD/3DTD/3DTD/Assets/Scripts/Diagnostics/PerfScenario.cs:371)
UnityEngine.SetupCoroutine:InvokeMoveNext (System.Collections.IEnumerator,intptr) (at /Users/bokken/build/output/unity/unity/Runtime/Export/Scripting/Coroutines.cs:17)

(Filename: /Users/bokken/build/output/unity/unity/Runtime/Export/Debug/Debug.bindings.cs Line: 123)

EffectPlayer: RocketMuzzleGreen plays pooled one-shot
UnityEngine.Debug:ExtractStackTraceNoAlloc (byte*,int,string)
UnityEngine.StackTraceUtility:ExtractStackTrace () (at /Users/bokken/build/output/unity/unity/Runtime/Export/Scripting/StackTrace.cs:35)
UnityEngine.DebugLogHandler:Internal_Log (UnityEngine.LogType,UnityEngine.LogOption,string,UnityEngine.Object)
UnityEngine.DebugLogHandler:LogFormat (UnityEngine.LogType,UnityEngine.Object,string,object[]) (at /Users/bokken/build/output/unity/unity/Runtime/Export/Logging/DebugLogHandler.cs:9)
UnityEngine.Logger:Log (UnityEngine.LogType,object) (at /Users/bokken/build/output/unity/unity/Runtime/Export/Logging/Logger.cs:60)
UnityEngine.Debug:Log (object) (at /Users/bokken/build/output/unity/unity/Runtime/Export/Debug/Debug.bindings.cs:123)
EffectPlayer:LogBackend (UnityEngine.GameObject,string) (at /Users/philipp/Projects/3DTD/3DTD/3DTD/Assets/Scripts/Effects/EffectPlayer.cs:98)
EffectPool:PlayOneShot (UnityEngine.Vector3,UnityEngine.Quaternion,single,single,single) (at /Users/philipp/Projects/3DTD/3DTD/3DTD/Assets/Scripts/Effects/EffectPool.cs:72)
EffectPlayer:Play (UnityEngine.GameObject,UnityEngine.Vector3,UnityEngine.Quaternion,single,single,single) (at /Users/philipp/Projects/3DTD/3DTD/3DTD/Assets/Scripts/Effects/EffectPlayer.cs:81)
ProjectileSystem:Spawn (ProjectileArchetype,ProjectileSystem/Shot&,int,single) (at /Users/philipp/Projects/3DTD/3DTD/3DTD/Assets/Scripts/Combat/ProjectileSystem.cs:250)
ProjectileSystem:Fire (UnityEngine.GameObject,ProjectileSystem/Shot&) (at /Users/philipp/Projects/3DTD/3DTD/3DTD/Assets/Scripts/Combat/ProjectileSystem.cs:195)
BombTowerActionStrategy:FireVolley (single) (at /Users/philipp/Projects/3DTD/3DTD/3DTD/Assets/Scripts/Tower/ActionStrategies/BombTowerActionStrategy.cs:70)
BombTowerActionStrategy:ExecuteAction () (at /Users/philipp/Projects/3DTD/3DTD/3DTD/Assets/Scripts/Tower/ActionStrategies/BombTowerActionStrategy.cs:41)
Tower:Update () (at /Users/philipp/Projects/3DTD/3DTD/3DTD/Assets/Scripts/Entities/Tower.cs:89)

(Filename: /Users/bokken/build/output/unity/unity/Runtime/Export/Debug/Debug.bindings.cs Line: 123)

EffectPlayer: RocketMissileGreen plays batched flight
UnityEngine.Debug:ExtractStackTraceNoAlloc (byte*,int,string)
UnityEngine.StackTraceUtility:ExtractStackTrace () (at /Users/bokken/build/output/unity/unity/Runtime/Export/Scripting/StackTrace.cs:35)
UnityEngine.DebugLogHandler:Internal_Log (UnityEngine.LogType,UnityEngine.LogOption,string,UnityEngine.Object)
UnityEngine.DebugLogHandler:LogFormat (UnityEngine.LogType,UnityEngine.Object,string,object[]) (at /Users/bokken/build/output/unity/unity/Runtime/Export/Logging/DebugLogHandler.cs:9)
UnityEngine.Logger:Log (UnityEngine.LogType,object) (at /Users/bokken/build/output/unity/unity/Runtime/Export/Logging/Logger.cs:60)
UnityEngine.Debug:Log (object) (at /Users/bokken/build/output/unity/unity/Runtime/Export/Debug/Debug.bindings.cs:123)
EffectPlayer:LogBackend (UnityEngine.GameObject,string) (at /Users/philipp/Projects/3DTD/3DTD/3DTD/Assets/Scripts/Effects/EffectPlayer.cs:98)
EffectPool:Attach (UnityEngine.Vector3,UnityEngine.Quaternion,single,UnityEngine.Vector3) (at /Users/philipp/Projects/3DTD/3DTD/3DTD/Assets/Scripts/Effects/EffectPool.cs:100)
EffectPlayer:Attach (UnityEngine.GameObject,UnityEngine.Vector3,UnityEngine.Quaternion,single,UnityEngine.Vector3) (at /Users/philipp/Projects/3DTD/3DTD/3DTD/Assets/Scripts/Effects/EffectPlayer.cs:92)
ProjectileSystem:Spawn (ProjectileArchetype,ProjectileSystem/Shot&,int,single) (at /Users/philipp/Projects/3DTD/3DTD/3DTD/Assets/Scripts/Combat/ProjectileSystem.cs:251)
ProjectileSystem:Fire (UnityEngine.GameObject,ProjectileSystem/Shot&) (at /Users/philipp/Projects/3DTD/3DTD/3DTD/Assets/Scripts/Combat/ProjectileSystem.cs:195)
BombTowerActionStrategy:FireVolley (single) (at /Users/philipp/Projects/3DTD/3DTD/3DTD/Assets/Scripts/Tower/ActionStrategies/BombTowerActionStrategy.cs:70)
BombTowerActionStrategy:ExecuteAction () (at /Users/philipp/Projects/3DTD/3DTD/3DTD/Assets/Scripts/Tower/ActionStrategies/BombTowerActionStrategy.cs:41)
Tower:Update () (at /Users/philipp/Projects/3DTD/3DTD/3DTD/Assets/Scripts/Entities/Tower.cs:89)

(Filename: /Users/bokken/build/output/unity/unity/Runtime/Export/Debug/Debug.bindings.cs Line: 123)

EffectPlayer: RocketExplosionGreen plays pooled one-shot
UnityEngine.Debug:ExtractStackTraceNoAlloc (byte*,int,string)
UnityEngine.StackTraceUtility:ExtractStackTrace () (at /Users/bokken/build/output/unity/unity/Runtime/Export/Scripting/StackTrace.cs:35)
UnityEngine.DebugLogHandler:Internal_Log (UnityEngine.LogType,UnityEngine.LogOption,string,UnityEngine.Object)
UnityEngine.DebugLogHandler:LogFormat (UnityEngine.LogType,UnityEngine.Object,string,object[]) (at /Users/bokken/build/output/unity/unity/Runtime/Export/Logging/DebugLogHandler.cs:9)
UnityEngine.Logger:Log (UnityEngine.LogType,object) (at /Users/bokken/build/output/unity/unity/Runtime/Export/Logging/Logger.cs:60)
UnityEngine.Debug:Log (object) (at /Users/bokken/build/output/unity/unity/Runtime/Export/Debug/Debug.bindings.cs:123)
EffectPlayer:LogBackend (UnityEngine.GameObject,string) (at /Users/philipp/Projects/3DTD/3DTD/3DTD/Assets/Scripts/Effects/EffectPlayer.cs:98)
EffectPool:PlayOneShot (UnityEngine.Vector3,UnityEngine.Quaternion,single,single,single) (at /Users/philipp/Projects/3DTD/3DTD/3DTD/Assets/Scripts/Effects/EffectPool.cs:72)
EffectPlayer:Play (UnityEngine.GameObject,UnityEngine.Vector3,UnityEngine.Quaternion,single,single,single) (at /Users/philipp/Projects/3DTD/3DTD/3DTD/Assets/Scripts/Effects/EffectPlayer.cs:81)
ProjectileSystem:Explode (ProjectileSystem/State&,ProjectileArchetype,Tower,Unity.Mathematics.float3,single) (at /Users/philipp/Projects/3DTD/3DTD/3DTD/Assets/Scripts/Combat/ProjectileSystem.cs:439)
ProjectileSystem:Apply () (at /Users/philipp/Projects/3DTD/3DTD/3DTD/Assets/Scripts/Combat/ProjectileSystem.cs:361)
ProjectileSystem:Update () (at /Users/philipp/Projects/3DTD/3DTD/3DTD/Assets/Scripts/Combat/ProjectileSystem.cs:310)

(Filename: /Users/bokken/build/output/unity/unity/Runtime/Export/Debug/Debug.bindings.cs Line: 123)

PERF RESULT T-Bomb-1x: towers 1, frames 23348, frame p50/p95/p99/max 1.4/1.8/10.2/18.2 ms, main p50/p99 1.4/10.2 ms, speed 1.00x, GC steady 0.7% frames (131874 B, 6 B/frame), damage 7600, kills 0, leaked 5820, pops 674, projectiles 20/20, death fx 852/852, fx 40/40, markers [PlayerLoop=1.55/10.2ms, Update.ScriptRunBehaviourUpdate=0.21/0.3ms, PreLateUpdate.ScriptRunBehaviourLateUpdate=0.02/0.0ms, FixedUpdate.PhysicsFixedUpdate=0.00/0.0ms, FixedUpdate.ScriptRunBehaviourFixedUpdate=0.00/0.0ms, PreUpdate.PhysicsUpdate=0.00/0.0ms, Physics.Simulate=0.10/0.1ms, Physics.SyncTransforms=0.15/0.2ms, Physics.SendTriggerEvents=0.00/0.0ms, Physics.SendContactEvents=0.00/0.0ms, ParticleSystem.EndUpdateAll=0.00/0.0ms, GC.Collect=0.00/0.0ms, GarbageCollector.CollectIncremental=0.00/0.0ms, 3DTD.Projectiles.Step=0.00/0.0ms, 3DTD.Projectiles.Apply=0.00/0.0ms, 3DTD.Effects.Update=0.00/0.0ms, 3DTD.Effects.TrailEmit=0.00/0.0ms, 3DTD.Effects.Flights=0.00/0.0ms, 3DTD.Effects.Batched=0.00/0.0ms, 3DTD.Effects.Emit=0.00/0.0ms, 3DTD.Effects.Particles=0.00/0.0ms, 3DTD.Effects.Retire=0.00/0.0ms, ParticleSystem.WaitForPreviousRenderingToFinish=0.00/0.0ms, ParticleSystem.UpdateJob=0.02/0.1ms, ParticleSystem.GeometryJob=0.02/0.1ms, ParticleSystem.TrailGeometryJob=0.00/0.0ms, ParticleSystem.Sort=0.00/0.0ms, ParticleSystem.Draw=0.00/0.0ms, Gfx.WaitForRenderThread=0.00/0.0ms, WaitForRenderJobs=0.00/0.0ms, CPU Render Thread Frame Time=0.79/0.9ms, GPU Frame Time=1.03/1.5ms, 3DTD.DeathEffects=0.00/0.0ms, 3DTD.Enemy.TakeDamage=0.00/0.0ms, 3DTD.Enemy.PopLayer=0.00/0.0ms, 3DTD.Enemy.ShowShape=0.00/0.0ms, 3DTD.Effects.Create=0.00/0.0ms, 3DTD.Projectiles.Fire=0.00/0.0ms, 3DTD.Effects.Play=0.00/0.0ms, 3DTD.Effects.Attach=0.00/0.0ms, BehaviourUpdate=0.21/0.3ms, Gfx.WaitForPresentOnGfxThread=0.15/8.6ms, Render.OpaqueGeometry=0.00/0.0ms, Render.TransparentGeometry=0.00/0.0ms, Instantiate=0.00/0.0ms], by type [Rocket System=7600]
UnityEngine.Debug:ExtractStackTraceNoAlloc (byte*,int,string)
UnityEngine.StackTraceUtility:ExtractStackTrace () (at /Users/bokken/build/output/unity/unity/Runtime/Export/Scripting/StackTrace.cs:35)
UnityEngine.DebugLogHandler:Internal_Log (UnityEngine.LogType,UnityEngine.LogOption,string,UnityEngine.Object)
UnityEngine.DebugLogHandler:LogFormat (UnityEngine.LogType,UnityEngine.Object,string,object[]) (at /Users/bokken/build/output/unity/unity/Runtime/Export/Logging/DebugLogHandler.cs:9)
UnityEngine.Logger:Log (UnityEngine.LogType,object) (at /Users/bokken/build/output/unity/unity/Runtime/Export/Logging/Logger.cs:60)
UnityEngine.Debug:Log (object) (at /Users/bokken/build/output/unity/unity/Runtime/Export/Debug/Debug.bindings.cs:123)
PerfScenario:Summarize (PerfScenario/Run,PerfScenario/RunResult,System.Collections.Generic.List`1<Tower>,int) (at /Users/philipp/Projects/3DTD/3DTD/3DTD/Assets/Scripts/Diagnostics/PerfScenario.cs:1122)
PerfScenario/<RunOne>d__48:MoveNext () (at /Users/philipp/Projects/3DTD/3DTD/3DTD/Assets/Scripts/Diagnostics/PerfScenario.cs:438)
UnityEngine.SetupCoroutine:InvokeMoveNext (System.Collections.IEnumerator,intptr) (at /Users/bokken/build/output/unity/unity/Runtime/Export/Scripting/Coroutines.cs:17)

(Filename: /Users/bokken/build/output/unity/unity/Runtime/Export/Debug/Debug.bindings.cs Line: 123)

PERF EMIT (system: calls, particles, total ms, us/particle, max ms at count/alive)
  RocketMissileGreen/SparkTrail: 415, 416, 3.1 ms, 7.33 us, max 0.03 ms at 1/21, first in frame 327x 2.8 ms
  RocketMissileGreen/SmokeTrail: 343, 343, 2.5 ms, 7.15 us, max 0.02 ms at 1/16, first in frame 330x 2.4 ms
  RocketMissileGreen/RocketMissileGreen (flights): 87, 87, 0.5 ms, 5.75 us, max 0.01 ms at 1/0, first in frame 87x 0.5 ms
UnityEngine.Debug:ExtractStackTraceNoAlloc (byte*,int,string)
UnityEngine.StackTraceUtility:ExtractStackTrace () (at /Users/bokken/build/output/unity/unity/Runtime/Export/Scripting/StackTrace.cs:35)
UnityEngine.DebugLogHandler:Internal_Log (UnityEngine.LogType,UnityEngine.LogOption,string,UnityEngine.Object)
UnityEngine.DebugLogHandler:LogFormat (UnityEngine.LogType,UnityEngine.Object,string,object[]) (at /Users/bokken/build/output/unity/unity/Runtime/Export/Logging/DebugLogHandler.cs:9)
UnityEngine.Logger:Log (UnityEngine.LogType,object) (at /Users/bokken/build/output/unity/unity/Runtime/Export/Logging/Logger.cs:60)
UnityEngine.Debug:Log (object) (at /Users/bokken/build/output/unity/unity/Runtime/Export/Debug/Debug.bindings.cs:123)
PerfScenario:Summarize (PerfScenario/Run,PerfScenario/RunResult,System.Collections.Generic.List`1<Tower>,int) (at /Users/philipp/Projects/3DTD/3DTD/3DTD/Assets/Scripts/Diagnostics/PerfScenario.cs:1132)
PerfScenario/<RunOne>d__48:MoveNext () (at /Users/philipp/Projects/3DTD/3DTD/3DTD/Assets/Scripts/Diagnostics/PerfScenario.cs:438)
UnityEngine.SetupCoroutine:InvokeMoveNext (System.Collections.IEnumerator,intptr) (at /Users/bokken/build/output/unity/unity/Runtime/Export/Scripting/Coroutines.cs:17)

(Filename: /Users/bokken/build/output/unity/unity/Runtime/Export/Debug/Debug.bindings.cs Line: 123)

PERF RUN T-Bomb-3x (single, 3x, round 60)
UnityEngine.Debug:ExtractStackTraceNoAlloc (byte*,int,string)
UnityEngine.StackTraceUtility:ExtractStackTrace () (at /Users/bokken/build/output/unity/unity/Runtime/Export/Scripting/StackTrace.cs:35)
UnityEngine.DebugLogHandler:Internal_Log (UnityEngine.LogType,UnityEngine.LogOption,string,UnityEngine.Object)
UnityEngine.DebugLogHandler:LogFormat (UnityEngine.LogType,UnityEngine.Object,string,object[]) (at /Users/bokken/build/output/unity/unity/Runtime/Export/Logging/DebugLogHandler.cs:9)
UnityEngine.Logger:Log (UnityEngine.LogType,object) (at /Users/bokken/build/output/unity/unity/Runtime/Export/Logging/Logger.cs:60)
UnityEngine.Debug:Log (object) (at /Users/bokken/build/output/unity/unity/Runtime/Export/Debug/Debug.bindings.cs:123)
PerfScenario/<RunOne>d__48:MoveNext () (at /Users/philipp/Projects/3DTD/3DTD/3DTD/Assets/Scripts/Diagnostics/PerfScenario.cs:326)
UnityEngine.SetupCoroutine:InvokeMoveNext (System.Collections.IEnumerator,intptr) (at /Users/bokken/build/output/unity/unity/Runtime/Export/Scripting/Coroutines.cs:17)

(Filename: /Users/bokken/build/output/unity/unity/Runtime/Export/Debug/Debug.bindings.cs Line: 123)

Unloading 3 Unused Serialized files (Serialized files now loaded: 0)
UnloadTime: 22.026500 ms
Unloading 6 unused Assets / (0 B). Loaded Objects now: 12949.
Memory consumption went from 134.5 MB to 134.5 MB.
Total: 1.777875 ms (FindLiveObjects: 0.190000 ms CreateObjectMapping: 0.245667 ms MarkObjects: 1.326333 ms  DeleteObjects: 0.015708 ms)

PERF layout T-Bomb-3x: 154 block spots, 1 towers planned, 1 built
UnityEngine.Debug:ExtractStackTraceNoAlloc (byte*,int,string)
UnityEngine.StackTraceUtility:ExtractStackTrace () (at /Users/bokken/build/output/unity/unity/Runtime/Export/Scripting/StackTrace.cs:35)
UnityEngine.DebugLogHandler:Internal_Log (UnityEngine.LogType,UnityEngine.LogOption,string,UnityEngine.Object)
UnityEngine.DebugLogHandler:LogFormat (UnityEngine.LogType,UnityEngine.Object,string,object[]) (at /Users/bokken/build/output/unity/unity/Runtime/Export/Logging/DebugLogHandler.cs:9)
UnityEngine.Logger:Log (UnityEngine.LogType,object) (at /Users/bokken/build/output/unity/unity/Runtime/Export/Logging/Logger.cs:60)
UnityEngine.Debug:Log (object) (at /Users/bokken/build/output/unity/unity/Runtime/Export/Debug/Debug.bindings.cs:123)
PerfScenario/<RunOne>d__48:MoveNext () (at /Users/philipp/Projects/3DTD/3DTD/3DTD/Assets/Scripts/Diagnostics/PerfScenario.cs:371)
UnityEngine.SetupCoroutine:InvokeMoveNext (System.Collections.IEnumerator,intptr) (at /Users/bokken/build/output/unity/unity/Runtime/Export/Scripting/Coroutines.cs:17)

(Filename: /Users/bokken/build/output/unity/unity/Runtime/Export/Debug/Debug.bindings.cs Line: 123)

EffectPlayer: RocketMuzzleGreen plays pooled one-shot
UnityEngine.Debug:ExtractStackTraceNoAlloc (byte*,int,string)
UnityEngine.StackTraceUtility:ExtractStackTrace () (at /Users/bokken/build/output/unity/unity/Runtime/Export/Scripting/StackTrace.cs:35)
UnityEngine.DebugLogHandler:Internal_Log (UnityEngine.LogType,UnityEngine.LogOption,string,UnityEngine.Object)
UnityEngine.DebugLogHandler:LogFormat (UnityEngine.LogType,UnityEngine.Object,string,object[]) (at /Users/bokken/build/output/unity/unity/Runtime/Export/Logging/DebugLogHandler.cs:9)
UnityEngine.Logger:Log (UnityEngine.LogType,object) (at /Users/bokken/build/output/unity/unity/Runtime/Export/Logging/Logger.cs:60)
UnityEngine.Debug:Log (object) (at /Users/bokken/build/output/unity/unity/Runtime/Export/Debug/Debug.bindings.cs:123)
EffectPlayer:LogBackend (UnityEngine.GameObject,string) (at /Users/philipp/Projects/3DTD/3DTD/3DTD/Assets/Scripts/Effects/EffectPlayer.cs:98)
EffectPool:PlayOneShot (UnityEngine.Vector3,UnityEngine.Quaternion,single,single,single) (at /Users/philipp/Projects/3DTD/3DTD/3DTD/Assets/Scripts/Effects/EffectPool.cs:72)
EffectPlayer:Play (UnityEngine.GameObject,UnityEngine.Vector3,UnityEngine.Quaternion,single,single,single) (at /Users/philipp/Projects/3DTD/3DTD/3DTD/Assets/Scripts/Effects/EffectPlayer.cs:81)
ProjectileSystem:Spawn (ProjectileArchetype,ProjectileSystem/Shot&,int,single) (at /Users/philipp/Projects/3DTD/3DTD/3DTD/Assets/Scripts/Combat/ProjectileSystem.cs:250)
ProjectileSystem:Fire (UnityEngine.GameObject,ProjectileSystem/Shot&) (at /Users/philipp/Projects/3DTD/3DTD/3DTD/Assets/Scripts/Combat/ProjectileSystem.cs:195)
BombTowerActionStrategy:FireVolley (single) (at /Users/philipp/Projects/3DTD/3DTD/3DTD/Assets/Scripts/Tower/ActionStrategies/BombTowerActionStrategy.cs:70)
BombTowerActionStrategy:ExecuteAction () (at /Users/philipp/Projects/3DTD/3DTD/3DTD/Assets/Scripts/Tower/ActionStrategies/BombTowerActionStrategy.cs:41)
Tower:Update () (at /Users/philipp/Projects/3DTD/3DTD/3DTD/Assets/Scripts/Entities/Tower.cs:89)

(Filename: /Users/bokken/build/output/unity/unity/Runtime/Export/Debug/Debug.bindings.cs Line: 123)

EffectPlayer: RocketMissileGreen plays batched flight
UnityEngine.Debug:ExtractStackTraceNoAlloc (byte*,int,string)
UnityEngine.StackTraceUtility:ExtractStackTrace () (at /Users/bokken/build/output/unity/unity/Runtime/Export/Scripting/StackTrace.cs:35)
UnityEngine.DebugLogHandler:Internal_Log (UnityEngine.LogType,UnityEngine.LogOption,string,UnityEngine.Object)
UnityEngine.DebugLogHandler:LogFormat (UnityEngine.LogType,UnityEngine.Object,string,object[]) (at /Users/bokken/build/output/unity/unity/Runtime/Export/Logging/DebugLogHandler.cs:9)
UnityEngine.Logger:Log (UnityEngine.LogType,object) (at /Users/bokken/build/output/unity/unity/Runtime/Export/Logging/Logger.cs:60)
UnityEngine.Debug:Log (object) (at /Users/bokken/build/output/unity/unity/Runtime/Export/Debug/Debug.bindings.cs:123)
EffectPlayer:LogBackend (UnityEngine.GameObject,string) (at /Users/philipp/Projects/3DTD/3DTD/3DTD/Assets/Scripts/Effects/EffectPlayer.cs:98)
EffectPool:Attach (UnityEngine.Vector3,UnityEngine.Quaternion,single,UnityEngine.Vector3) (at /Users/philipp/Projects/3DTD/3DTD/3DTD/Assets/Scripts/Effects/EffectPool.cs:100)
EffectPlayer:Attach (UnityEngine.GameObject,UnityEngine.Vector3,UnityEngine.Quaternion,single,UnityEngine.Vector3) (at /Users/philipp/Projects/3DTD/3DTD/3DTD/Assets/Scripts/Effects/EffectPlayer.cs:92)
ProjectileSystem:Spawn (ProjectileArchetype,ProjectileSystem/Shot&,int,single) (at /Users/philipp/Projects/3DTD/3DTD/3DTD/Assets/Scripts/Combat/ProjectileSystem.cs:251)
ProjectileSystem:Fire (UnityEngine.GameObject,ProjectileSystem/Shot&) (at /Users/philipp/Projects/3DTD/3DTD/3DTD/Assets/Scripts/Combat/ProjectileSystem.cs:195)
BombTowerActionStrategy:FireVolley (single) (at /Users/philipp/Projects/3DTD/3DTD/3DTD/Assets/Scripts/Tower/ActionStrategies/BombTowerActionStrategy.cs:70)
BombTowerActionStrategy:ExecuteAction () (at /Users/philipp/Projects/3DTD/3DTD/3DTD/Assets/Scripts/Tower/ActionStrategies/BombTowerActionStrategy.cs:41)
Tower:Update () (at /Users/philipp/Projects/3DTD/3DTD/3DTD/Assets/Scripts/Entities/Tower.cs:89)

(Filename: /Users/bokken/build/output/unity/unity/Runtime/Export/Debug/Debug.bindings.cs Line: 123)

EffectPlayer: RocketExplosionGreen plays pooled one-shot
UnityEngine.Debug:ExtractStackTraceNoAlloc (byte*,int,string)
UnityEngine.StackTraceUtility:ExtractStackTrace () (at /Users/bokken/build/output/unity/unity/Runtime/Export/Scripting/StackTrace.cs:35)
UnityEngine.DebugLogHandler:Internal_Log (UnityEngine.LogType,UnityEngine.LogOption,string,UnityEngine.Object)
UnityEngine.DebugLogHandler:LogFormat (UnityEngine.LogType,UnityEngine.Object,string,object[]) (at /Users/bokken/build/output/unity/unity/Runtime/Export/Logging/DebugLogHandler.cs:9)
UnityEngine.Logger:Log (UnityEngine.LogType,object) (at /Users/bokken/build/output/unity/unity/Runtime/Export/Logging/Logger.cs:60)
UnityEngine.Debug:Log (object) (at /Users/bokken/build/output/unity/unity/Runtime/Export/Debug/Debug.bindings.cs:123)
EffectPlayer:LogBackend (UnityEngine.GameObject,string) (at /Users/philipp/Projects/3DTD/3DTD/3DTD/Assets/Scripts/Effects/EffectPlayer.cs:98)
EffectPool:PlayOneShot (UnityEngine.Vector3,UnityEngine.Quaternion,single,single,single) (at /Users/philipp/Projects/3DTD/3DTD/3DTD/Assets/Scripts/Effects/EffectPool.cs:72)
EffectPlayer:Play (UnityEngine.GameObject,UnityEngine.Vector3,UnityEngine.Quaternion,single,single,single) (at /Users/philipp/Projects/3DTD/3DTD/3DTD/Assets/Scripts/Effects/EffectPlayer.cs:81)
ProjectileSystem:Explode (ProjectileSystem/State&,ProjectileArchetype,Tower,Unity.Mathematics.float3,single) (at /Users/philipp/Projects/3DTD/3DTD/3DTD/Assets/Scripts/Combat/ProjectileSystem.cs:439)
ProjectileSystem:Apply () (at /Users/philipp/Projects/3DTD/3DTD/3DTD/Assets/Scripts/Combat/ProjectileSystem.cs:361)
ProjectileSystem:Update () (at /Users/philipp/Projects/3DTD/3DTD/3DTD/Assets/Scripts/Combat/ProjectileSystem.cs:310)

(Filename: /Users/bokken/build/output/unity/unity/Runtime/Export/Debug/Debug.bindings.cs Line: 123)

PERF RESULT T-Bomb-3x: towers 1, frames 7575, frame p50/p95/p99/max 1.4/1.8/11.0/16.4 ms, main p50/p99 1.4/11.0 ms, speed 3.00x, GC steady 0.5% frames (108526 B, 18 B/frame), damage 7620, kills 0, leaked 5815, pops 679, projectiles 20/20, death fx 857/857, fx 40/40, markers [PlayerLoop=1.60/11.0ms, Update.ScriptRunBehaviourUpdate=0.21/0.4ms, PreLateUpdate.ScriptRunBehaviourLateUpdate=0.02/0.0ms, FixedUpdate.PhysicsFixedUpdate=0.00/0.0ms, FixedUpdate.ScriptRunBehaviourFixedUpdate=0.00/0.0ms, PreUpdate.PhysicsUpdate=0.00/0.0ms, Physics.Simulate=0.10/0.2ms, Physics.SyncTransforms=0.15/0.2ms, Physics.SendTriggerEvents=0.00/0.0ms, Physics.SendContactEvents=0.00/0.0ms, ParticleSystem.EndUpdateAll=0.00/0.0ms, GC.Collect=0.00/0.0ms, GarbageCollector.CollectIncremental=0.00/0.0ms, 3DTD.Projectiles.Step=0.00/0.0ms, 3DTD.Projectiles.Apply=0.00/0.0ms, 3DTD.Effects.Update=0.00/0.0ms, 3DTD.Effects.TrailEmit=0.00/0.0ms, 3DTD.Effects.Flights=0.00/0.0ms, 3DTD.Effects.Batched=0.00/0.0ms, 3DTD.Effects.Emit=0.00/0.0ms, 3DTD.Effects.Particles=0.00/0.0ms, 3DTD.Effects.Retire=0.00/0.0ms, ParticleSystem.WaitForPreviousRenderingToFinish=0.00/0.0ms, ParticleSystem.UpdateJob=0.02/0.1ms, ParticleSystem.GeometryJob=0.02/0.1ms, ParticleSystem.TrailGeometryJob=0.00/0.0ms, ParticleSystem.Sort=0.00/0.0ms, ParticleSystem.Draw=0.00/0.0ms, Gfx.WaitForRenderThread=0.00/0.0ms, WaitForRenderJobs=0.00/0.0ms, CPU Render Thread Frame Time=0.79/0.9ms, GPU Frame Time=1.03/2.4ms, 3DTD.DeathEffects=0.00/0.0ms, 3DTD.Enemy.TakeDamage=0.00/0.0ms, 3DTD.Enemy.PopLayer=0.00/0.0ms, 3DTD.Enemy.ShowShape=0.00/0.0ms, 3DTD.Effects.Create=0.00/0.0ms, 3DTD.Projectiles.Fire=0.00/0.0ms, 3DTD.Effects.Play=0.00/0.0ms, 3DTD.Effects.Attach=0.00/0.0ms, BehaviourUpdate=0.21/0.4ms, Gfx.WaitForPresentOnGfxThread=0.17/9.5ms, Render.OpaqueGeometry=0.00/0.0ms, Render.TransparentGeometry=0.00/0.0ms, Instantiate=0.00/0.0ms], by type [Rocket System=7620]
UnityEngine.Debug:ExtractStackTraceNoAlloc (byte*,int,string)
UnityEngine.StackTraceUtility:ExtractStackTrace () (at /Users/bokken/build/output/unity/unity/Runtime/Export/Scripting/StackTrace.cs:35)
UnityEngine.DebugLogHandler:Internal_Log (UnityEngine.LogType,UnityEngine.LogOption,string,UnityEngine.Object)
UnityEngine.DebugLogHandler:LogFormat (UnityEngine.LogType,UnityEngine.Object,string,object[]) (at /Users/bokken/build/output/unity/unity/Runtime/Export/Logging/DebugLogHandler.cs:9)
UnityEngine.Logger:Log (UnityEngine.LogType,object) (at /Users/bokken/build/output/unity/unity/Runtime/Export/Logging/Logger.cs:60)
UnityEngine.Debug:Log (object) (at /Users/bokken/build/output/unity/unity/Runtime/Export/Debug/Debug.bindings.cs:123)
PerfScenario:Summarize (PerfScenario/Run,PerfScenario/RunResult,System.Collections.Generic.List`1<Tower>,int) (at /Users/philipp/Projects/3DTD/3DTD/3DTD/Assets/Scripts/Diagnostics/PerfScenario.cs:1122)
PerfScenario/<RunOne>d__48:MoveNext () (at /Users/philipp/Projects/3DTD/3DTD/3DTD/Assets/Scripts/Diagnostics/PerfScenario.cs:438)
UnityEngine.SetupCoroutine:InvokeMoveNext (System.Collections.IEnumerator,intptr) (at /Users/bokken/build/output/unity/unity/Runtime/Export/Scripting/Coroutines.cs:17)

(Filename: /Users/bokken/build/output/unity/unity/Runtime/Export/Debug/Debug.bindings.cs Line: 123)

PERF EMIT (system: calls, particles, total ms, us/particle, max ms at count/alive)
  RocketMissileGreen/SparkTrail: 386, 406, 2.3 ms, 5.69 us, max 0.02 ms at 1/31, first in frame 266x 2.0 ms
  RocketMissileGreen/SmokeTrail: 326, 336, 2.0 ms, 5.98 us, max 0.01 ms at 1/19, first in frame 315x 2.0 ms
  RocketMissileGreen/RocketMissileGreen (flights): 87, 87, 0.4 ms, 5.07 us, max 0.02 ms at 1/1, first in frame 87x 0.4 ms
UnityEngine.Debug:ExtractStackTraceNoAlloc (byte*,int,string)
UnityEngine.StackTraceUtility:ExtractStackTrace () (at /Users/bokken/build/output/unity/unity/Runtime/Export/Scripting/StackTrace.cs:35)
UnityEngine.DebugLogHandler:Internal_Log (UnityEngine.LogType,UnityEngine.LogOption,string,UnityEngine.Object)
UnityEngine.DebugLogHandler:LogFormat (UnityEngine.LogType,UnityEngine.Object,string,object[]) (at /Users/bokken/build/output/unity/unity/Runtime/Export/Logging/DebugLogHandler.cs:9)
UnityEngine.Logger:Log (UnityEngine.LogType,object) (at /Users/bokken/build/output/unity/unity/Runtime/Export/Logging/Logger.cs:60)
UnityEngine.Debug:Log (object) (at /Users/bokken/build/output/unity/unity/Runtime/Export/Debug/Debug.bindings.cs:123)
PerfScenario:Summarize (PerfScenario/Run,PerfScenario/RunResult,System.Collections.Generic.List`1<Tower>,int) (at /Users/philipp/Projects/3DTD/3DTD/3DTD/Assets/Scripts/Diagnostics/PerfScenario.cs:1132)
PerfScenario/<RunOne>d__48:MoveNext () (at /Users/philipp/Projects/3DTD/3DTD/3DTD/Assets/Scripts/Diagnostics/PerfScenario.cs:438)
UnityEngine.SetupCoroutine:InvokeMoveNext (System.Collections.IEnumerator,intptr) (at /Users/bokken/build/output/unity/unity/Runtime/Export/Scripting/Coroutines.cs:17)

(Filename: /Users/bokken/build/output/unity/unity/Runtime/Export/Debug/Debug.bindings.cs Line: 123)

PERF RUN T-Bomb-5x (single, 5x, round 60)
UnityEngine.Debug:ExtractStackTraceNoAlloc (byte*,int,string)
UnityEngine.StackTraceUtility:ExtractStackTrace () (at /Users/bokken/build/output/unity/unity/Runtime/Export/Scripting/StackTrace.cs:35)
UnityEngine.DebugLogHandler:Internal_Log (UnityEngine.LogType,UnityEngine.LogOption,string,UnityEngine.Object)
UnityEngine.DebugLogHandler:LogFormat (UnityEngine.LogType,UnityEngine.Object,string,object[]) (at /Users/bokken/build/output/unity/unity/Runtime/Export/Logging/DebugLogHandler.cs:9)
UnityEngine.Logger:Log (UnityEngine.LogType,object) (at /Users/bokken/build/output/unity/unity/Runtime/Export/Logging/Logger.cs:60)
UnityEngine.Debug:Log (object) (at /Users/bokken/build/output/unity/unity/Runtime/Export/Debug/Debug.bindings.cs:123)
PerfScenario/<RunOne>d__48:MoveNext () (at /Users/philipp/Projects/3DTD/3DTD/3DTD/Assets/Scripts/Diagnostics/PerfScenario.cs:326)
UnityEngine.SetupCoroutine:InvokeMoveNext (System.Collections.IEnumerator,intptr) (at /Users/bokken/build/output/unity/unity/Runtime/Export/Scripting/Coroutines.cs:17)

(Filename: /Users/bokken/build/output/unity/unity/Runtime/Export/Debug/Debug.bindings.cs Line: 123)

Unloading 3 Unused Serialized files (Serialized files now loaded: 0)
UnloadTime: 21.997209 ms
Unloading 6 unused Assets / (0 B). Loaded Objects now: 12949.
Memory consumption went from 134.5 MB to 134.5 MB.
Total: 1.884625 ms (FindLiveObjects: 0.195042 ms CreateObjectMapping: 0.238250 ms MarkObjects: 1.438084 ms  DeleteObjects: 0.013208 ms)

PERF layout T-Bomb-5x: 154 block spots, 1 towers planned, 1 built
UnityEngine.Debug:ExtractStackTraceNoAlloc (byte*,int,string)
UnityEngine.StackTraceUtility:ExtractStackTrace () (at /Users/bokken/build/output/unity/unity/Runtime/Export/Scripting/StackTrace.cs:35)
UnityEngine.DebugLogHandler:Internal_Log (UnityEngine.LogType,UnityEngine.LogOption,string,UnityEngine.Object)
UnityEngine.DebugLogHandler:LogFormat (UnityEngine.LogType,UnityEngine.Object,string,object[]) (at /Users/bokken/build/output/unity/unity/Runtime/Export/Logging/DebugLogHandler.cs:9)
UnityEngine.Logger:Log (UnityEngine.LogType,object) (at /Users/bokken/build/output/unity/unity/Runtime/Export/Logging/Logger.cs:60)
UnityEngine.Debug:Log (object) (at /Users/bokken/build/output/unity/unity/Runtime/Export/Debug/Debug.bindings.cs:123)
PerfScenario/<RunOne>d__48:MoveNext () (at /Users/philipp/Projects/3DTD/3DTD/3DTD/Assets/Scripts/Diagnostics/PerfScenario.cs:371)
UnityEngine.SetupCoroutine:InvokeMoveNext (System.Collections.IEnumerator,intptr) (at /Users/bokken/build/output/unity/unity/Runtime/Export/Scripting/Coroutines.cs:17)

(Filename: /Users/bokken/build/output/unity/unity/Runtime/Export/Debug/Debug.bindings.cs Line: 123)

EffectPlayer: RocketMuzzleGreen plays pooled one-shot
UnityEngine.Debug:ExtractStackTraceNoAlloc (byte*,int,string)
UnityEngine.StackTraceUtility:ExtractStackTrace () (at /Users/bokken/build/output/unity/unity/Runtime/Export/Scripting/StackTrace.cs:35)
UnityEngine.DebugLogHandler:Internal_Log (UnityEngine.LogType,UnityEngine.LogOption,string,UnityEngine.Object)
UnityEngine.DebugLogHandler:LogFormat (UnityEngine.LogType,UnityEngine.Object,string,object[]) (at /Users/bokken/build/output/unity/unity/Runtime/Export/Logging/DebugLogHandler.cs:9)
UnityEngine.Logger:Log (UnityEngine.LogType,object) (at /Users/bokken/build/output/unity/unity/Runtime/Export/Logging/Logger.cs:60)
UnityEngine.Debug:Log (object) (at /Users/bokken/build/output/unity/unity/Runtime/Export/Debug/Debug.bindings.cs:123)
EffectPlayer:LogBackend (UnityEngine.GameObject,string) (at /Users/philipp/Projects/3DTD/3DTD/3DTD/Assets/Scripts/Effects/EffectPlayer.cs:98)
EffectPool:PlayOneShot (UnityEngine.Vector3,UnityEngine.Quaternion,single,single,single) (at /Users/philipp/Projects/3DTD/3DTD/3DTD/Assets/Scripts/Effects/EffectPool.cs:72)
EffectPlayer:Play (UnityEngine.GameObject,UnityEngine.Vector3,UnityEngine.Quaternion,single,single,single) (at /Users/philipp/Projects/3DTD/3DTD/3DTD/Assets/Scripts/Effects/EffectPlayer.cs:81)
ProjectileSystem:Spawn (ProjectileArchetype,ProjectileSystem/Shot&,int,single) (at /Users/philipp/Projects/3DTD/3DTD/3DTD/Assets/Scripts/Combat/ProjectileSystem.cs:250)
ProjectileSystem:Fire (UnityEngine.GameObject,ProjectileSystem/Shot&) (at /Users/philipp/Projects/3DTD/3DTD/3DTD/Assets/Scripts/Combat/ProjectileSystem.cs:195)
BombTowerActionStrategy:FireVolley (single) (at /Users/philipp/Projects/3DTD/3DTD/3DTD/Assets/Scripts/Tower/ActionStrategies/BombTowerActionStrategy.cs:70)
BombTowerActionStrategy:ExecuteAction () (at /Users/philipp/Projects/3DTD/3DTD/3DTD/Assets/Scripts/Tower/ActionStrategies/BombTowerActionStrategy.cs:41)
Tower:Update () (at /Users/philipp/Projects/3DTD/3DTD/3DTD/Assets/Scripts/Entities/Tower.cs:89)

(Filename: /Users/bokken/build/output/unity/unity/Runtime/Export/Debug/Debug.bindings.cs Line: 123)

EffectPlayer: RocketMissileGreen plays batched flight
UnityEngine.Debug:ExtractStackTraceNoAlloc (byte*,int,string)
UnityEngine.StackTraceUtility:ExtractStackTrace () (at /Users/bokken/build/output/unity/unity/Runtime/Export/Scripting/StackTrace.cs:35)
UnityEngine.DebugLogHandler:Internal_Log (UnityEngine.LogType,UnityEngine.LogOption,string,UnityEngine.Object)
UnityEngine.DebugLogHandler:LogFormat (UnityEngine.LogType,UnityEngine.Object,string,object[]) (at /Users/bokken/build/output/unity/unity/Runtime/Export/Logging/DebugLogHandler.cs:9)
UnityEngine.Logger:Log (UnityEngine.LogType,object) (at /Users/bokken/build/output/unity/unity/Runtime/Export/Logging/Logger.cs:60)
UnityEngine.Debug:Log (object) (at /Users/bokken/build/output/unity/unity/Runtime/Export/Debug/Debug.bindings.cs:123)
EffectPlayer:LogBackend (UnityEngine.GameObject,string) (at /Users/philipp/Projects/3DTD/3DTD/3DTD/Assets/Scripts/Effects/EffectPlayer.cs:98)
EffectPool:Attach (UnityEngine.Vector3,UnityEngine.Quaternion,single,UnityEngine.Vector3) (at /Users/philipp/Projects/3DTD/3DTD/3DTD/Assets/Scripts/Effects/EffectPool.cs:100)
EffectPlayer:Attach (UnityEngine.GameObject,UnityEngine.Vector3,UnityEngine.Quaternion,single,UnityEngine.Vector3) (at /Users/philipp/Projects/3DTD/3DTD/3DTD/Assets/Scripts/Effects/EffectPlayer.cs:92)
ProjectileSystem:Spawn (ProjectileArchetype,ProjectileSystem/Shot&,int,single) (at /Users/philipp/Projects/3DTD/3DTD/3DTD/Assets/Scripts/Combat/ProjectileSystem.cs:251)
ProjectileSystem:Fire (UnityEngine.GameObject,ProjectileSystem/Shot&) (at /Users/philipp/Projects/3DTD/3DTD/3DTD/Assets/Scripts/Combat/ProjectileSystem.cs:195)
BombTowerActionStrategy:FireVolley (single) (at /Users/philipp/Projects/3DTD/3DTD/3DTD/Assets/Scripts/Tower/ActionStrategies/BombTowerActionStrategy.cs:70)
BombTowerActionStrategy:ExecuteAction () (at /Users/philipp/Projects/3DTD/3DTD/3DTD/Assets/Scripts/Tower/ActionStrategies/BombTowerActionStrategy.cs:41)
Tower:Update () (at /Users/philipp/Projects/3DTD/3DTD/3DTD/Assets/Scripts/Entities/Tower.cs:89)

(Filename: /Users/bokken/build/output/unity/unity/Runtime/Export/Debug/Debug.bindings.cs Line: 123)

EffectPlayer: RocketExplosionGreen plays pooled one-shot
UnityEngine.Debug:ExtractStackTraceNoAlloc (byte*,int,string)
UnityEngine.StackTraceUtility:ExtractStackTrace () (at /Users/bokken/build/output/unity/unity/Runtime/Export/Scripting/StackTrace.cs:35)
UnityEngine.DebugLogHandler:Internal_Log (UnityEngine.LogType,UnityEngine.LogOption,string,UnityEngine.Object)
UnityEngine.DebugLogHandler:LogFormat (UnityEngine.LogType,UnityEngine.Object,string,object[]) (at /Users/bokken/build/output/unity/unity/Runtime/Export/Logging/DebugLogHandler.cs:9)
UnityEngine.Logger:Log (UnityEngine.LogType,object) (at /Users/bokken/build/output/unity/unity/Runtime/Export/Logging/Logger.cs:60)
UnityEngine.Debug:Log (object) (at /Users/bokken/build/output/unity/unity/Runtime/Export/Debug/Debug.bindings.cs:123)
EffectPlayer:LogBackend (UnityEngine.GameObject,string) (at /Users/philipp/Projects/3DTD/3DTD/3DTD/Assets/Scripts/Effects/EffectPlayer.cs:98)
EffectPool:PlayOneShot (UnityEngine.Vector3,UnityEngine.Quaternion,single,single,single) (at /Users/philipp/Projects/3DTD/3DTD/3DTD/Assets/Scripts/Effects/EffectPool.cs:72)
EffectPlayer:Play (UnityEngine.GameObject,UnityEngine.Vector3,UnityEngine.Quaternion,single,single,single) (at /Users/philipp/Projects/3DTD/3DTD/3DTD/Assets/Scripts/Effects/EffectPlayer.cs:81)
ProjectileSystem:Explode (ProjectileSystem/State&,ProjectileArchetype,Tower,Unity.Mathematics.float3,single) (at /Users/philipp/Projects/3DTD/3DTD/3DTD/Assets/Scripts/Combat/ProjectileSystem.cs:439)
ProjectileSystem:Apply () (at /Users/philipp/Projects/3DTD/3DTD/3DTD/Assets/Scripts/Combat/ProjectileSystem.cs:361)
ProjectileSystem:Update () (at /Users/philipp/Projects/3DTD/3DTD/3DTD/Assets/Scripts/Combat/ProjectileSystem.cs:310)

(Filename: /Users/bokken/build/output/unity/unity/Runtime/Export/Debug/Debug.bindings.cs Line: 123)

PERF RESULT T-Bomb-5x: towers 1, frames 4674, frame p50/p95/p99/max 1.4/1.8/9.3/17.8 ms, main p50/p99 1.4/9.3 ms, speed 5.00x, GC steady 0.9% frames (108526 B, 34 B/frame), damage 7624, kills 0, leaked 5814, pops 680, projectiles 20/20, death fx 858/858, fx 40/40, markers [PlayerLoop=1.55/9.3ms, Update.ScriptRunBehaviourUpdate=0.21/0.4ms, PreLateUpdate.ScriptRunBehaviourLateUpdate=0.02/0.0ms, FixedUpdate.PhysicsFixedUpdate=0.00/0.0ms, FixedUpdate.ScriptRunBehaviourFixedUpdate=0.00/0.0ms, PreUpdate.PhysicsUpdate=0.00/0.0ms, Physics.Simulate=0.10/0.2ms, Physics.SyncTransforms=0.15/0.2ms, Physics.SendTriggerEvents=0.00/0.0ms, Physics.SendContactEvents=0.00/0.0ms, ParticleSystem.EndUpdateAll=0.00/0.0ms, GC.Collect=0.00/0.0ms, GarbageCollector.CollectIncremental=0.00/0.0ms, 3DTD.Projectiles.Step=0.00/0.0ms, 3DTD.Projectiles.Apply=0.00/0.0ms, 3DTD.Effects.Update=0.00/0.0ms, 3DTD.Effects.TrailEmit=0.00/0.0ms, 3DTD.Effects.Flights=0.00/0.0ms, 3DTD.Effects.Batched=0.00/0.0ms, 3DTD.Effects.Emit=0.00/0.0ms, 3DTD.Effects.Particles=0.00/0.0ms, 3DTD.Effects.Retire=0.00/0.0ms, ParticleSystem.WaitForPreviousRenderingToFinish=0.00/0.0ms, ParticleSystem.UpdateJob=0.02/0.1ms, ParticleSystem.GeometryJob=0.02/0.1ms, ParticleSystem.TrailGeometryJob=0.00/0.0ms, ParticleSystem.Sort=0.00/0.0ms, ParticleSystem.Draw=0.00/0.0ms, Gfx.WaitForRenderThread=0.00/0.0ms, WaitForRenderJobs=0.00/0.0ms, CPU Render Thread Frame Time=0.78/0.9ms, GPU Frame Time=1.00/1.9ms, 3DTD.DeathEffects=0.00/0.0ms, 3DTD.Enemy.TakeDamage=0.00/0.0ms, 3DTD.Enemy.PopLayer=0.00/0.0ms, 3DTD.Enemy.ShowShape=0.00/0.0ms, 3DTD.Effects.Create=0.00/0.0ms, 3DTD.Projectiles.Fire=0.00/0.0ms, 3DTD.Effects.Play=0.00/0.0ms, 3DTD.Effects.Attach=0.00/0.0ms, BehaviourUpdate=0.21/0.4ms, Gfx.WaitForPresentOnGfxThread=0.14/7.7ms, Render.OpaqueGeometry=0.00/0.0ms, Render.TransparentGeometry=0.00/0.0ms, Instantiate=0.00/0.0ms], by type [Rocket System=7624]
UnityEngine.Debug:ExtractStackTraceNoAlloc (byte*,int,string)
UnityEngine.StackTraceUtility:ExtractStackTrace () (at /Users/bokken/build/output/unity/unity/Runtime/Export/Scripting/StackTrace.cs:35)
UnityEngine.DebugLogHandler:Internal_Log (UnityEngine.LogType,UnityEngine.LogOption,string,UnityEngine.Object)
UnityEngine.DebugLogHandler:LogFormat (UnityEngine.LogType,UnityEngine.Object,string,object[]) (at /Users/bokken/build/output/unity/unity/Runtime/Export/Logging/DebugLogHandler.cs:9)
UnityEngine.Logger:Log (UnityEngine.LogType,object) (at /Users/bokken/build/output/unity/unity/Runtime/Export/Logging/Logger.cs:60)
UnityEngine.Debug:Log (object) (at /Users/bokken/build/output/unity/unity/Runtime/Export/Debug/Debug.bindings.cs:123)
PerfScenario:Summarize (PerfScenario/Run,PerfScenario/RunResult,System.Collections.Generic.List`1<Tower>,int) (at /Users/philipp/Projects/3DTD/3DTD/3DTD/Assets/Scripts/Diagnostics/PerfScenario.cs:1122)
PerfScenario/<RunOne>d__48:MoveNext () (at /Users/philipp/Projects/3DTD/3DTD/3DTD/Assets/Scripts/Diagnostics/PerfScenario.cs:438)
UnityEngine.SetupCoroutine:InvokeMoveNext (System.Collections.IEnumerator,intptr) (at /Users/bokken/build/output/unity/unity/Runtime/Export/Scripting/Coroutines.cs:17)

(Filename: /Users/bokken/build/output/unity/unity/Runtime/Export/Debug/Debug.bindings.cs Line: 123)

PERF EMIT (system: calls, particles, total ms, us/particle, max ms at count/alive)
  RocketMissileGreen/SparkTrail: 373, 395, 1.9 ms, 4.83 us, max 0.02 ms at 1/14, first in frame 195x 1.4 ms
  RocketMissileGreen/SmokeTrail: 310, 330, 1.8 ms, 5.41 us, max 0.01 ms at 1/16, first in frame 279x 1.7 ms
  RocketMissileGreen/RocketMissileGreen (flights): 87, 88, 0.4 ms, 4.91 us, max 0.01 ms at 1/1, first in frame 87x 0.4 ms
UnityEngine.Debug:ExtractStackTraceNoAlloc (byte*,int,string)
UnityEngine.StackTraceUtility:ExtractStackTrace () (at /Users/bokken/build/output/unity/unity/Runtime/Export/Scripting/StackTrace.cs:35)
UnityEngine.DebugLogHandler:Internal_Log (UnityEngine.LogType,UnityEngine.LogOption,string,UnityEngine.Object)
UnityEngine.DebugLogHandler:LogFormat (UnityEngine.LogType,UnityEngine.Object,string,object[]) (at /Users/bokken/build/output/unity/unity/Runtime/Export/Logging/DebugLogHandler.cs:9)
UnityEngine.Logger:Log (UnityEngine.LogType,object) (at /Users/bokken/build/output/unity/unity/Runtime/Export/Logging/Logger.cs:60)
UnityEngine.Debug:Log (object) (at /Users/bokken/build/output/unity/unity/Runtime/Export/Debug/Debug.bindings.cs:123)
PerfScenario:Summarize (PerfScenario/Run,PerfScenario/RunResult,System.Collections.Generic.List`1<Tower>,int) (at /Users/philipp/Projects/3DTD/3DTD/3DTD/Assets/Scripts/Diagnostics/PerfScenario.cs:1132)
PerfScenario/<RunOne>d__48:MoveNext () (at /Users/philipp/Projects/3DTD/3DTD/3DTD/Assets/Scripts/Diagnostics/PerfScenario.cs:438)
UnityEngine.SetupCoroutine:InvokeMoveNext (System.Collections.IEnumerator,intptr) (at /Users/bokken/build/output/unity/unity/Runtime/Export/Scripting/Coroutines.cs:17)

(Filename: /Users/bokken/build/output/unity/unity/Runtime/Export/Debug/Debug.bindings.cs Line: 123)

PERF RUN T-Sniper-1x (single, 1x, round 60)
UnityEngine.Debug:ExtractStackTraceNoAlloc (byte*,int,string)
UnityEngine.StackTraceUtility:ExtractStackTrace () (at /Users/bokken/build/output/unity/unity/Runtime/Export/Scripting/StackTrace.cs:35)
UnityEngine.DebugLogHandler:Internal_Log (UnityEngine.LogType,UnityEngine.LogOption,string,UnityEngine.Object)
UnityEngine.DebugLogHandler:LogFormat (UnityEngine.LogType,UnityEngine.Object,string,object[]) (at /Users/bokken/build/output/unity/unity/Runtime/Export/Logging/DebugLogHandler.cs:9)
UnityEngine.Logger:Log (UnityEngine.LogType,object) (at /Users/bokken/build/output/unity/unity/Runtime/Export/Logging/Logger.cs:60)
UnityEngine.Debug:Log (object) (at /Users/bokken/build/output/unity/unity/Runtime/Export/Debug/Debug.bindings.cs:123)
PerfScenario/<RunOne>d__48:MoveNext () (at /Users/philipp/Projects/3DTD/3DTD/3DTD/Assets/Scripts/Diagnostics/PerfScenario.cs:326)
UnityEngine.SetupCoroutine:InvokeMoveNext (System.Collections.IEnumerator,intptr) (at /Users/bokken/build/output/unity/unity/Runtime/Export/Scripting/Coroutines.cs:17)

(Filename: /Users/bokken/build/output/unity/unity/Runtime/Export/Debug/Debug.bindings.cs Line: 123)

Unloading 3 Unused Serialized files (Serialized files now loaded: 0)
UnloadTime: 20.469041 ms
Unloading 6 unused Assets / (0 B). Loaded Objects now: 12949.
Memory consumption went from 134.5 MB to 134.5 MB.
Total: 2.279625 ms (FindLiveObjects: 0.198083 ms CreateObjectMapping: 0.226875 ms MarkObjects: 1.842292 ms  DeleteObjects: 0.012208 ms)

PERF layout T-Sniper-1x: 154 block spots, 1 towers planned, 1 built
UnityEngine.Debug:ExtractStackTraceNoAlloc (byte*,int,string)
UnityEngine.StackTraceUtility:ExtractStackTrace () (at /Users/bokken/build/output/unity/unity/Runtime/Export/Scripting/StackTrace.cs:35)
UnityEngine.DebugLogHandler:Internal_Log (UnityEngine.LogType,UnityEngine.LogOption,string,UnityEngine.Object)
UnityEngine.DebugLogHandler:LogFormat (UnityEngine.LogType,UnityEngine.Object,string,object[]) (at /Users/bokken/build/output/unity/unity/Runtime/Export/Logging/DebugLogHandler.cs:9)
UnityEngine.Logger:Log (UnityEngine.LogType,object) (at /Users/bokken/build/output/unity/unity/Runtime/Export/Logging/Logger.cs:60)
UnityEngine.Debug:Log (object) (at /Users/bokken/build/output/unity/unity/Runtime/Export/Debug/Debug.bindings.cs:123)
PerfScenario/<RunOne>d__48:MoveNext () (at /Users/philipp/Projects/3DTD/3DTD/3DTD/Assets/Scripts/Diagnostics/PerfScenario.cs:371)
UnityEngine.SetupCoroutine:InvokeMoveNext (System.Collections.IEnumerator,intptr) (at /Users/bokken/build/output/unity/unity/Runtime/Export/Scripting/Coroutines.cs:17)

(Filename: /Users/bokken/build/output/unity/unity/Runtime/Export/Debug/Debug.bindings.cs Line: 123)

PERF RESULT T-Sniper-1x: towers 1, frames 29935, frame p50/p95/p99/max 1.4/1.7/10.6/18.4 ms, main p50/p99 1.4/10.6 ms, speed 1.00x, GC steady 0.5% frames (257458 B, 9 B/frame), damage 1080, kills 0, leaked 6427, pops 67, projectiles 0/0, death fx 71/71, fx 0/0, markers [PlayerLoop=1.54/10.6ms, Update.ScriptRunBehaviourUpdate=0.21/0.3ms, PreLateUpdate.ScriptRunBehaviourLateUpdate=0.02/0.0ms, FixedUpdate.PhysicsFixedUpdate=0.00/0.0ms, FixedUpdate.ScriptRunBehaviourFixedUpdate=0.00/0.0ms, PreUpdate.PhysicsUpdate=0.00/0.0ms, Physics.Simulate=0.10/0.2ms, Physics.SyncTransforms=0.15/0.2ms, Physics.SendTriggerEvents=0.00/0.0ms, Physics.SendContactEvents=0.00/0.0ms, ParticleSystem.EndUpdateAll=0.00/0.0ms, GC.Collect=0.00/0.0ms, GarbageCollector.CollectIncremental=0.00/0.0ms, 3DTD.Projectiles.Step=0.00/0.0ms, 3DTD.Projectiles.Apply=0.00/0.0ms, 3DTD.Effects.Update=0.00/0.0ms, 3DTD.Effects.TrailEmit=0.00/0.0ms, 3DTD.Effects.Flights=0.00/0.0ms, 3DTD.Effects.Batched=0.00/0.0ms, 3DTD.Effects.Emit=0.00/0.0ms, 3DTD.Effects.Particles=0.00/0.0ms, 3DTD.Effects.Retire=0.00/0.0ms, ParticleSystem.WaitForPreviousRenderingToFinish=0.00/0.0ms, ParticleSystem.UpdateJob=0.01/0.0ms, ParticleSystem.GeometryJob=0.01/0.0ms, ParticleSystem.TrailGeometryJob=0.00/0.0ms, ParticleSystem.Sort=0.00/0.0ms, ParticleSystem.Draw=0.00/0.0ms, Gfx.WaitForRenderThread=0.00/0.0ms, WaitForRenderJobs=0.00/0.0ms, CPU Render Thread Frame Time=0.78/0.9ms, GPU Frame Time=1.02/1.8ms, 3DTD.DeathEffects=0.00/0.0ms, 3DTD.Enemy.TakeDamage=0.00/0.0ms, 3DTD.Enemy.PopLayer=0.00/0.0ms, 3DTD.Enemy.ShowShape=0.00/0.0ms, 3DTD.Effects.Create=0.00/0.0ms, 3DTD.Projectiles.Fire=0.00/0.0ms, 3DTD.Effects.Play=0.00/0.0ms, 3DTD.Effects.Attach=0.00/0.0ms, BehaviourUpdate=0.21/0.3ms, Gfx.WaitForPresentOnGfxThread=0.15/9.0ms, Render.OpaqueGeometry=0.00/0.0ms, Render.TransparentGeometry=0.00/0.0ms, Instantiate=0.00/0.0ms], by type [Sniper Tower=1080]
UnityEngine.Debug:ExtractStackTraceNoAlloc (byte*,int,string)
UnityEngine.StackTraceUtility:ExtractStackTrace () (at /Users/bokken/build/output/unity/unity/Runtime/Export/Scripting/StackTrace.cs:35)
UnityEngine.DebugLogHandler:Internal_Log (UnityEngine.LogType,UnityEngine.LogOption,string,UnityEngine.Object)
UnityEngine.DebugLogHandler:LogFormat (UnityEngine.LogType,UnityEngine.Object,string,object[]) (at /Users/bokken/build/output/unity/unity/Runtime/Export/Logging/DebugLogHandler.cs:9)
UnityEngine.Logger:Log (UnityEngine.LogType,object) (at /Users/bokken/build/output/unity/unity/Runtime/Export/Logging/Logger.cs:60)
UnityEngine.Debug:Log (object) (at /Users/bokken/build/output/unity/unity/Runtime/Export/Debug/Debug.bindings.cs:123)
PerfScenario:Summarize (PerfScenario/Run,PerfScenario/RunResult,System.Collections.Generic.List`1<Tower>,int) (at /Users/philipp/Projects/3DTD/3DTD/3DTD/Assets/Scripts/Diagnostics/PerfScenario.cs:1122)
PerfScenario/<RunOne>d__48:MoveNext () (at /Users/philipp/Projects/3DTD/3DTD/3DTD/Assets/Scripts/Diagnostics/PerfScenario.cs:438)
UnityEngine.SetupCoroutine:InvokeMoveNext (System.Collections.IEnumerator,intptr) (at /Users/bokken/build/output/unity/unity/Runtime/Export/Scripting/Coroutines.cs:17)

(Filename: /Users/bokken/build/output/unity/unity/Runtime/Export/Debug/Debug.bindings.cs Line: 123)

PERF EMIT (system: calls, particles, total ms, us/particle, max ms at count/alive)
UnityEngine.Debug:ExtractStackTraceNoAlloc (byte*,int,string)
UnityEngine.StackTraceUtility:ExtractStackTrace () (at /Users/bokken/build/output/unity/unity/Runtime/Export/Scripting/StackTrace.cs:35)
UnityEngine.DebugLogHandler:Internal_Log (UnityEngine.LogType,UnityEngine.LogOption,string,UnityEngine.Object)
UnityEngine.DebugLogHandler:LogFormat (UnityEngine.LogType,UnityEngine.Object,string,object[]) (at /Users/bokken/build/output/unity/unity/Runtime/Export/Logging/DebugLogHandler.cs:9)
UnityEngine.Logger:Log (UnityEngine.LogType,object) (at /Users/bokken/build/output/unity/unity/Runtime/Export/Logging/Logger.cs:60)
UnityEngine.Debug:Log (object) (at /Users/bokken/build/output/unity/unity/Runtime/Export/Debug/Debug.bindings.cs:123)
PerfScenario:Summarize (PerfScenario/Run,PerfScenario/RunResult,System.Collections.Generic.List`1<Tower>,int) (at /Users/philipp/Projects/3DTD/3DTD/3DTD/Assets/Scripts/Diagnostics/PerfScenario.cs:1132)
PerfScenario/<RunOne>d__48:MoveNext () (at /Users/philipp/Projects/3DTD/3DTD/3DTD/Assets/Scripts/Diagnostics/PerfScenario.cs:438)
UnityEngine.SetupCoroutine:InvokeMoveNext (System.Collections.IEnumerator,intptr) (at /Users/bokken/build/output/unity/unity/Runtime/Export/Scripting/Coroutines.cs:17)

(Filename: /Users/bokken/build/output/unity/unity/Runtime/Export/Debug/Debug.bindings.cs Line: 123)

PERF RUN T-Sniper-3x (single, 3x, round 60)
UnityEngine.Debug:ExtractStackTraceNoAlloc (byte*,int,string)
UnityEngine.StackTraceUtility:ExtractStackTrace () (at /Users/bokken/build/output/unity/unity/Runtime/Export/Scripting/StackTrace.cs:35)
UnityEngine.DebugLogHandler:Internal_Log (UnityEngine.LogType,UnityEngine.LogOption,string,UnityEngine.Object)
UnityEngine.DebugLogHandler:LogFormat (UnityEngine.LogType,UnityEngine.Object,string,object[]) (at /Users/bokken/build/output/unity/unity/Runtime/Export/Logging/DebugLogHandler.cs:9)
UnityEngine.Logger:Log (UnityEngine.LogType,object) (at /Users/bokken/build/output/unity/unity/Runtime/Export/Logging/Logger.cs:60)
UnityEngine.Debug:Log (object) (at /Users/bokken/build/output/unity/unity/Runtime/Export/Debug/Debug.bindings.cs:123)
PerfScenario/<RunOne>d__48:MoveNext () (at /Users/philipp/Projects/3DTD/3DTD/3DTD/Assets/Scripts/Diagnostics/PerfScenario.cs:326)
UnityEngine.SetupCoroutine:InvokeMoveNext (System.Collections.IEnumerator,intptr) (at /Users/bokken/build/output/unity/unity/Runtime/Export/Scripting/Coroutines.cs:17)

(Filename: /Users/bokken/build/output/unity/unity/Runtime/Export/Debug/Debug.bindings.cs Line: 123)

Unloading 3 Unused Serialized files (Serialized files now loaded: 0)
UnloadTime: 20.652208 ms
Unloading 6 unused Assets / (0 B). Loaded Objects now: 12949.
Memory consumption went from 134.5 MB to 134.5 MB.
Total: 1.804500 ms (FindLiveObjects: 0.193583 ms CreateObjectMapping: 0.224208 ms MarkObjects: 1.373083 ms  DeleteObjects: 0.013458 ms)

PERF layout T-Sniper-3x: 154 block spots, 1 towers planned, 1 built
UnityEngine.Debug:ExtractStackTraceNoAlloc (byte*,int,string)
UnityEngine.StackTraceUtility:ExtractStackTrace () (at /Users/bokken/build/output/unity/unity/Runtime/Export/Scripting/StackTrace.cs:35)
UnityEngine.DebugLogHandler:Internal_Log (UnityEngine.LogType,UnityEngine.LogOption,string,UnityEngine.Object)
UnityEngine.DebugLogHandler:LogFormat (UnityEngine.LogType,UnityEngine.Object,string,object[]) (at /Users/bokken/build/output/unity/unity/Runtime/Export/Logging/DebugLogHandler.cs:9)
UnityEngine.Logger:Log (UnityEngine.LogType,object) (at /Users/bokken/build/output/unity/unity/Runtime/Export/Logging/Logger.cs:60)
UnityEngine.Debug:Log (object) (at /Users/bokken/build/output/unity/unity/Runtime/Export/Debug/Debug.bindings.cs:123)
PerfScenario/<RunOne>d__48:MoveNext () (at /Users/philipp/Projects/3DTD/3DTD/3DTD/Assets/Scripts/Diagnostics/PerfScenario.cs:371)
UnityEngine.SetupCoroutine:InvokeMoveNext (System.Collections.IEnumerator,intptr) (at /Users/bokken/build/output/unity/unity/Runtime/Export/Scripting/Coroutines.cs:17)

(Filename: /Users/bokken/build/output/unity/unity/Runtime/Export/Debug/Debug.bindings.cs Line: 123)

PERF RESULT T-Sniper-3x: towers 1, frames 10861, frame p50/p95/p99/max 1.4/1.7/10.0/18.4 ms, main p50/p99 1.4/10.0 ms, speed 3.00x, GC steady 0.2% frames (213898 B, 23 B/frame), damage 1080, kills 0, leaked 6416, pops 78, projectiles 0/0, death fx 83/83, fx 0/0, markers [PlayerLoop=1.49/10.0ms, Update.ScriptRunBehaviourUpdate=0.19/0.3ms, PreLateUpdate.ScriptRunBehaviourLateUpdate=0.02/0.0ms, FixedUpdate.PhysicsFixedUpdate=0.00/0.0ms, FixedUpdate.ScriptRunBehaviourFixedUpdate=0.00/0.0ms, PreUpdate.PhysicsUpdate=0.00/0.0ms, Physics.Simulate=0.10/0.2ms, Physics.SyncTransforms=0.14/0.2ms, Physics.SendTriggerEvents=0.00/0.1ms, Physics.SendContactEvents=0.00/0.0ms, ParticleSystem.EndUpdateAll=0.00/0.0ms, GC.Collect=0.00/0.0ms, GarbageCollector.CollectIncremental=0.00/0.0ms, 3DTD.Projectiles.Step=0.00/0.0ms, 3DTD.Projectiles.Apply=0.00/0.0ms, 3DTD.Effects.Update=0.00/0.0ms, 3DTD.Effects.TrailEmit=0.00/0.0ms, 3DTD.Effects.Flights=0.00/0.0ms, 3DTD.Effects.Batched=0.00/0.0ms, 3DTD.Effects.Emit=0.00/0.0ms, 3DTD.Effects.Particles=0.00/0.0ms, 3DTD.Effects.Retire=0.00/0.0ms, ParticleSystem.WaitForPreviousRenderingToFinish=0.00/0.0ms, ParticleSystem.UpdateJob=0.01/0.0ms, ParticleSystem.GeometryJob=0.01/0.0ms, ParticleSystem.TrailGeometryJob=0.00/0.0ms, ParticleSystem.Sort=0.00/0.0ms, ParticleSystem.Draw=0.00/0.0ms, Gfx.WaitForRenderThread=0.00/0.0ms, WaitForRenderJobs=0.00/0.0ms, CPU Render Thread Frame Time=0.77/0.9ms, GPU Frame Time=0.99/1.7ms, 3DTD.DeathEffects=0.00/0.0ms, 3DTD.Enemy.TakeDamage=0.00/0.0ms, 3DTD.Enemy.PopLayer=0.00/0.0ms, 3DTD.Enemy.ShowShape=0.00/0.0ms, 3DTD.Effects.Create=0.00/0.0ms, 3DTD.Projectiles.Fire=0.00/0.0ms, 3DTD.Effects.Play=0.00/0.0ms, 3DTD.Effects.Attach=0.00/0.0ms, BehaviourUpdate=0.19/0.3ms, Gfx.WaitForPresentOnGfxThread=0.15/8.4ms, Render.OpaqueGeometry=0.00/0.0ms, Render.TransparentGeometry=0.00/0.0ms, Instantiate=0.00/0.0ms], by type [Sniper Tower=1080]
UnityEngine.Debug:ExtractStackTraceNoAlloc (byte*,int,string)
UnityEngine.StackTraceUtility:ExtractStackTrace () (at /Users/bokken/build/output/unity/unity/Runtime/Export/Scripting/StackTrace.cs:35)
UnityEngine.DebugLogHandler:Internal_Log (UnityEngine.LogType,UnityEngine.LogOption,string,UnityEngine.Object)
UnityEngine.DebugLogHandler:LogFormat (UnityEngine.LogType,UnityEngine.Object,string,object[]) (at /Users/bokken/build/output/unity/unity/Runtime/Export/Logging/DebugLogHandler.cs:9)
UnityEngine.Logger:Log (UnityEngine.LogType,object) (at /Users/bokken/build/output/unity/unity/Runtime/Export/Logging/Logger.cs:60)
UnityEngine.Debug:Log (object) (at /Users/bokken/build/output/unity/unity/Runtime/Export/Debug/Debug.bindings.cs:123)
PerfScenario:Summarize (PerfScenario/Run,PerfScenario/RunResult,System.Collections.Generic.List`1<Tower>,int) (at /Users/philipp/Projects/3DTD/3DTD/3DTD/Assets/Scripts/Diagnostics/PerfScenario.cs:1122)
PerfScenario/<RunOne>d__48:MoveNext () (at /Users/philipp/Projects/3DTD/3DTD/3DTD/Assets/Scripts/Diagnostics/PerfScenario.cs:438)
UnityEngine.SetupCoroutine:InvokeMoveNext (System.Collections.IEnumerator,intptr) (at /Users/bokken/build/output/unity/unity/Runtime/Export/Scripting/Coroutines.cs:17)

(Filename: /Users/bokken/build/output/unity/unity/Runtime/Export/Debug/Debug.bindings.cs Line: 123)

PERF EMIT (system: calls, particles, total ms, us/particle, max ms at count/alive)
UnityEngine.Debug:ExtractStackTraceNoAlloc (byte*,int,string)
UnityEngine.StackTraceUtility:ExtractStackTrace () (at /Users/bokken/build/output/unity/unity/Runtime/Export/Scripting/StackTrace.cs:35)
UnityEngine.DebugLogHandler:Internal_Log (UnityEngine.LogType,UnityEngine.LogOption,string,UnityEngine.Object)
UnityEngine.DebugLogHandler:LogFormat (UnityEngine.LogType,UnityEngine.Object,string,object[]) (at /Users/bokken/build/output/unity/unity/Runtime/Export/Logging/DebugLogHandler.cs:9)
UnityEngine.Logger:Log (UnityEngine.LogType,object) (at /Users/bokken/build/output/unity/unity/Runtime/Export/Logging/Logger.cs:60)
UnityEngine.Debug:Log (object) (at /Users/bokken/build/output/unity/unity/Runtime/Export/Debug/Debug.bindings.cs:123)
PerfScenario:Summarize (PerfScenario/Run,PerfScenario/RunResult,System.Collections.Generic.List`1<Tower>,int) (at /Users/philipp/Projects/3DTD/3DTD/3DTD/Assets/Scripts/Diagnostics/PerfScenario.cs:1132)
PerfScenario/<RunOne>d__48:MoveNext () (at /Users/philipp/Projects/3DTD/3DTD/3DTD/Assets/Scripts/Diagnostics/PerfScenario.cs:438)
UnityEngine.SetupCoroutine:InvokeMoveNext (System.Collections.IEnumerator,intptr) (at /Users/bokken/build/output/unity/unity/Runtime/Export/Scripting/Coroutines.cs:17)

(Filename: /Users/bokken/build/output/unity/unity/Runtime/Export/Debug/Debug.bindings.cs Line: 123)

PERF RUN T-Sniper-5x (single, 5x, round 60)
UnityEngine.Debug:ExtractStackTraceNoAlloc (byte*,int,string)
UnityEngine.StackTraceUtility:ExtractStackTrace () (at /Users/bokken/build/output/unity/unity/Runtime/Export/Scripting/StackTrace.cs:35)
UnityEngine.DebugLogHandler:Internal_Log (UnityEngine.LogType,UnityEngine.LogOption,string,UnityEngine.Object)
UnityEngine.DebugLogHandler:LogFormat (UnityEngine.LogType,UnityEngine.Object,string,object[]) (at /Users/bokken/build/output/unity/unity/Runtime/Export/Logging/DebugLogHandler.cs:9)
UnityEngine.Logger:Log (UnityEngine.LogType,object) (at /Users/bokken/build/output/unity/unity/Runtime/Export/Logging/Logger.cs:60)
UnityEngine.Debug:Log (object) (at /Users/bokken/build/output/unity/unity/Runtime/Export/Debug/Debug.bindings.cs:123)
PerfScenario/<RunOne>d__48:MoveNext () (at /Users/philipp/Projects/3DTD/3DTD/3DTD/Assets/Scripts/Diagnostics/PerfScenario.cs:326)
UnityEngine.SetupCoroutine:InvokeMoveNext (System.Collections.IEnumerator,intptr) (at /Users/bokken/build/output/unity/unity/Runtime/Export/Scripting/Coroutines.cs:17)

(Filename: /Users/bokken/build/output/unity/unity/Runtime/Export/Debug/Debug.bindings.cs Line: 123)

Unloading 3 Unused Serialized files (Serialized files now loaded: 0)
UnloadTime: 20.508209 ms
Unloading 6 unused Assets / (0 B). Loaded Objects now: 12949.
Memory consumption went from 134.5 MB to 134.5 MB.
Total: 2.236417 ms (FindLiveObjects: 0.189083 ms CreateObjectMapping: 0.223833 ms MarkObjects: 1.809709 ms  DeleteObjects: 0.013625 ms)

PERF layout T-Sniper-5x: 154 block spots, 1 towers planned, 1 built
UnityEngine.Debug:ExtractStackTraceNoAlloc (byte*,int,string)
UnityEngine.StackTraceUtility:ExtractStackTrace () (at /Users/bokken/build/output/unity/unity/Runtime/Export/Scripting/StackTrace.cs:35)
UnityEngine.DebugLogHandler:Internal_Log (UnityEngine.LogType,UnityEngine.LogOption,string,UnityEngine.Object)
UnityEngine.DebugLogHandler:LogFormat (UnityEngine.LogType,UnityEngine.Object,string,object[]) (at /Users/bokken/build/output/unity/unity/Runtime/Export/Logging/DebugLogHandler.cs:9)
UnityEngine.Logger:Log (UnityEngine.LogType,object) (at /Users/bokken/build/output/unity/unity/Runtime/Export/Logging/Logger.cs:60)
UnityEngine.Debug:Log (object) (at /Users/bokken/build/output/unity/unity/Runtime/Export/Debug/Debug.bindings.cs:123)
PerfScenario/<RunOne>d__48:MoveNext () (at /Users/philipp/Projects/3DTD/3DTD/3DTD/Assets/Scripts/Diagnostics/PerfScenario.cs:371)
UnityEngine.SetupCoroutine:InvokeMoveNext (System.Collections.IEnumerator,intptr) (at /Users/bokken/build/output/unity/unity/Runtime/Export/Scripting/Coroutines.cs:17)

(Filename: /Users/bokken/build/output/unity/unity/Runtime/Export/Debug/Debug.bindings.cs Line: 123)

PERF RESULT T-Sniper-5x: towers 1, frames 5948, frame p50/p95/p99/max 1.4/1.7/9.8/17.1 ms, main p50/p99 1.4/9.8 ms, speed 5.00x, GC steady 0.3% frames (240138 B, 53 B/frame), damage 1080, kills 0, leaked 6427, pops 67, projectiles 0/0, death fx 71/71, fx 0/0, markers [PlayerLoop=1.55/9.8ms, Update.ScriptRunBehaviourUpdate=0.21/0.3ms, PreLateUpdate.ScriptRunBehaviourLateUpdate=0.02/0.0ms, FixedUpdate.PhysicsFixedUpdate=0.00/0.0ms, FixedUpdate.ScriptRunBehaviourFixedUpdate=0.00/0.0ms, PreUpdate.PhysicsUpdate=0.00/0.0ms, Physics.Simulate=0.11/0.2ms, Physics.SyncTransforms=0.15/0.2ms, Physics.SendTriggerEvents=0.00/0.1ms, Physics.SendContactEvents=0.00/0.0ms, ParticleSystem.EndUpdateAll=0.00/0.0ms, GC.Collect=0.00/0.0ms, GarbageCollector.CollectIncremental=0.00/0.0ms, 3DTD.Projectiles.Step=0.00/0.0ms, 3DTD.Projectiles.Apply=0.00/0.0ms, 3DTD.Effects.Update=0.00/0.0ms, 3DTD.Effects.TrailEmit=0.00/0.0ms, 3DTD.Effects.Flights=0.00/0.0ms, 3DTD.Effects.Batched=0.00/0.0ms, 3DTD.Effects.Emit=0.00/0.0ms, 3DTD.Effects.Particles=0.00/0.0ms, 3DTD.Effects.Retire=0.00/0.0ms, ParticleSystem.WaitForPreviousRenderingToFinish=0.00/0.0ms, ParticleSystem.UpdateJob=0.01/0.0ms, ParticleSystem.GeometryJob=0.01/0.0ms, ParticleSystem.TrailGeometryJob=0.00/0.0ms, ParticleSystem.Sort=0.00/0.0ms, ParticleSystem.Draw=0.00/0.0ms, Gfx.WaitForRenderThread=0.00/0.0ms, WaitForRenderJobs=0.00/0.0ms, CPU Render Thread Frame Time=0.78/0.9ms, GPU Frame Time=1.00/2.3ms, 3DTD.DeathEffects=0.00/0.0ms, 3DTD.Enemy.TakeDamage=0.00/0.0ms, 3DTD.Enemy.PopLayer=0.00/0.0ms, 3DTD.Enemy.ShowShape=0.00/0.0ms, 3DTD.Effects.Create=0.00/0.0ms, 3DTD.Projectiles.Fire=0.00/0.0ms, 3DTD.Effects.Play=0.00/0.0ms, 3DTD.Effects.Attach=0.00/0.0ms, BehaviourUpdate=0.21/0.3ms, Gfx.WaitForPresentOnGfxThread=0.14/8.1ms, Render.OpaqueGeometry=0.00/0.0ms, Render.TransparentGeometry=0.00/0.0ms, Instantiate=0.00/0.0ms], by type [Sniper Tower=1080]
UnityEngine.Debug:ExtractStackTraceNoAlloc (byte*,int,string)
UnityEngine.StackTraceUtility:ExtractStackTrace () (at /Users/bokken/build/output/unity/unity/Runtime/Export/Scripting/StackTrace.cs:35)
UnityEngine.DebugLogHandler:Internal_Log (UnityEngine.LogType,UnityEngine.LogOption,string,UnityEngine.Object)
UnityEngine.DebugLogHandler:LogFormat (UnityEngine.LogType,UnityEngine.Object,string,object[]) (at /Users/bokken/build/output/unity/unity/Runtime/Export/Logging/DebugLogHandler.cs:9)
UnityEngine.Logger:Log (UnityEngine.LogType,object) (at /Users/bokken/build/output/unity/unity/Runtime/Export/Logging/Logger.cs:60)
UnityEngine.Debug:Log (object) (at /Users/bokken/build/output/unity/unity/Runtime/Export/Debug/Debug.bindings.cs:123)
PerfScenario:Summarize (PerfScenario/Run,PerfScenario/RunResult,System.Collections.Generic.List`1<Tower>,int) (at /Users/philipp/Projects/3DTD/3DTD/3DTD/Assets/Scripts/Diagnostics/PerfScenario.cs:1122)
PerfScenario/<RunOne>d__48:MoveNext () (at /Users/philipp/Projects/3DTD/3DTD/3DTD/Assets/Scripts/Diagnostics/PerfScenario.cs:438)
UnityEngine.SetupCoroutine:InvokeMoveNext (System.Collections.IEnumerator,intptr) (at /Users/bokken/build/output/unity/unity/Runtime/Export/Scripting/Coroutines.cs:17)

(Filename: /Users/bokken/build/output/unity/unity/Runtime/Export/Debug/Debug.bindings.cs Line: 123)

PERF EMIT (system: calls, particles, total ms, us/particle, max ms at count/alive)
UnityEngine.Debug:ExtractStackTraceNoAlloc (byte*,int,string)
UnityEngine.StackTraceUtility:ExtractStackTrace () (at /Users/bokken/build/output/unity/unity/Runtime/Export/Scripting/StackTrace.cs:35)
UnityEngine.DebugLogHandler:Internal_Log (UnityEngine.LogType,UnityEngine.LogOption,string,UnityEngine.Object)
UnityEngine.DebugLogHandler:LogFormat (UnityEngine.LogType,UnityEngine.Object,string,object[]) (at /Users/bokken/build/output/unity/unity/Runtime/Export/Logging/DebugLogHandler.cs:9)
UnityEngine.Logger:Log (UnityEngine.LogType,object) (at /Users/bokken/build/output/unity/unity/Runtime/Export/Logging/Logger.cs:60)
UnityEngine.Debug:Log (object) (at /Users/bokken/build/output/unity/unity/Runtime/Export/Debug/Debug.bindings.cs:123)
PerfScenario:Summarize (PerfScenario/Run,PerfScenario/RunResult,System.Collections.Generic.List`1<Tower>,int) (at /Users/philipp/Projects/3DTD/3DTD/3DTD/Assets/Scripts/Diagnostics/PerfScenario.cs:1132)
PerfScenario/<RunOne>d__48:MoveNext () (at /Users/philipp/Projects/3DTD/3DTD/3DTD/Assets/Scripts/Diagnostics/PerfScenario.cs:438)
UnityEngine.SetupCoroutine:InvokeMoveNext (System.Collections.IEnumerator,intptr) (at /Users/bokken/build/output/unity/unity/Runtime/Export/Scripting/Coroutines.cs:17)

(Filename: /Users/bokken/build/output/unity/unity/Runtime/Export/Debug/Debug.bindings.cs Line: 123)

PERF RUN T-Beam-1x (single, 1x, round 60)
UnityEngine.Debug:ExtractStackTraceNoAlloc (byte*,int,string)
UnityEngine.StackTraceUtility:ExtractStackTrace () (at /Users/bokken/build/output/unity/unity/Runtime/Export/Scripting/StackTrace.cs:35)
UnityEngine.DebugLogHandler:Internal_Log (UnityEngine.LogType,UnityEngine.LogOption,string,UnityEngine.Object)
UnityEngine.DebugLogHandler:LogFormat (UnityEngine.LogType,UnityEngine.Object,string,object[]) (at /Users/bokken/build/output/unity/unity/Runtime/Export/Logging/DebugLogHandler.cs:9)
UnityEngine.Logger:Log (UnityEngine.LogType,object) (at /Users/bokken/build/output/unity/unity/Runtime/Export/Logging/Logger.cs:60)
UnityEngine.Debug:Log (object) (at /Users/bokken/build/output/unity/unity/Runtime/Export/Debug/Debug.bindings.cs:123)
PerfScenario/<RunOne>d__48:MoveNext () (at /Users/philipp/Projects/3DTD/3DTD/3DTD/Assets/Scripts/Diagnostics/PerfScenario.cs:326)
UnityEngine.SetupCoroutine:InvokeMoveNext (System.Collections.IEnumerator,intptr) (at /Users/bokken/build/output/unity/unity/Runtime/Export/Scripting/Coroutines.cs:17)

(Filename: /Users/bokken/build/output/unity/unity/Runtime/Export/Debug/Debug.bindings.cs Line: 123)

Unloading 3 Unused Serialized files (Serialized files now loaded: 0)
UnloadTime: 23.615791 ms
Unloading 6 unused Assets / (0 B). Loaded Objects now: 12949.
Memory consumption went from 134.5 MB to 134.5 MB.
Total: 1.595292 ms (FindLiveObjects: 0.200500 ms CreateObjectMapping: 0.230083 ms MarkObjects: 1.152292 ms  DeleteObjects: 0.012333 ms)

PERF layout T-Beam-1x: 154 block spots, 1 towers planned, 1 built
UnityEngine.Debug:ExtractStackTraceNoAlloc (byte*,int,string)
UnityEngine.StackTraceUtility:ExtractStackTrace () (at /Users/bokken/build/output/unity/unity/Runtime/Export/Scripting/StackTrace.cs:35)
UnityEngine.DebugLogHandler:Internal_Log (UnityEngine.LogType,UnityEngine.LogOption,string,UnityEngine.Object)
UnityEngine.DebugLogHandler:LogFormat (UnityEngine.LogType,UnityEngine.Object,string,object[]) (at /Users/bokken/build/output/unity/unity/Runtime/Export/Logging/DebugLogHandler.cs:9)
UnityEngine.Logger:Log (UnityEngine.LogType,object) (at /Users/bokken/build/output/unity/unity/Runtime/Export/Logging/Logger.cs:60)
UnityEngine.Debug:Log (object) (at /Users/bokken/build/output/unity/unity/Runtime/Export/Debug/Debug.bindings.cs:123)
PerfScenario/<RunOne>d__48:MoveNext () (at /Users/philipp/Projects/3DTD/3DTD/3DTD/Assets/Scripts/Diagnostics/PerfScenario.cs:371)
UnityEngine.SetupCoroutine:InvokeMoveNext (System.Collections.IEnumerator,intptr) (at /Users/bokken/build/output/unity/unity/Runtime/Export/Scripting/Coroutines.cs:17)

(Filename: /Users/bokken/build/output/unity/unity/Runtime/Export/Debug/Debug.bindings.cs Line: 123)

PERF RESULT T-Beam-1x: towers 1, frames 28997, frame p50/p95/p99/max 1.4/1.7/10.1/18.5 ms, main p50/p99 1.4/10.1 ms, speed 1.00x, GC steady 0.5% frames (20114 B, 1 B/frame), damage 0, kills 0, leaked 6494, pops 0, projectiles 0/0, death fx 0/0, fx 0/0, markers [PlayerLoop=1.59/10.1ms, Update.ScriptRunBehaviourUpdate=0.21/0.3ms, PreLateUpdate.ScriptRunBehaviourLateUpdate=0.02/0.0ms, FixedUpdate.PhysicsFixedUpdate=0.00/0.0ms, FixedUpdate.ScriptRunBehaviourFixedUpdate=0.00/0.0ms, PreUpdate.PhysicsUpdate=0.00/0.0ms, Physics.Simulate=0.09/0.1ms, Physics.SyncTransforms=0.15/0.2ms, Physics.SendTriggerEvents=0.00/0.0ms, Physics.SendContactEvents=0.00/0.0ms, ParticleSystem.EndUpdateAll=0.00/0.0ms, GC.Collect=0.00/0.0ms, GarbageCollector.CollectIncremental=0.00/0.0ms, 3DTD.Projectiles.Step=0.00/0.0ms, 3DTD.Projectiles.Apply=0.00/0.0ms, 3DTD.Effects.Update=0.00/0.0ms, 3DTD.Effects.TrailEmit=0.00/0.0ms, 3DTD.Effects.Flights=0.00/0.0ms, 3DTD.Effects.Batched=0.00/0.0ms, 3DTD.Effects.Emit=0.00/0.0ms, 3DTD.Effects.Particles=0.00/0.0ms, 3DTD.Effects.Retire=0.00/0.0ms, ParticleSystem.WaitForPreviousRenderingToFinish=0.00/0.0ms, ParticleSystem.UpdateJob=0.03/0.1ms, ParticleSystem.GeometryJob=0.04/0.1ms, ParticleSystem.TrailGeometryJob=0.01/0.0ms, ParticleSystem.Sort=0.00/0.0ms, ParticleSystem.Draw=0.00/0.0ms, Gfx.WaitForRenderThread=0.00/0.0ms, WaitForRenderJobs=0.00/0.0ms, CPU Render Thread Frame Time=0.79/0.9ms, GPU Frame Time=1.06/1.9ms, 3DTD.DeathEffects=0.00/0.0ms, 3DTD.Enemy.TakeDamage=0.00/0.0ms, 3DTD.Enemy.PopLayer=0.00/0.0ms, 3DTD.Enemy.ShowShape=0.00/0.0ms, 3DTD.Effects.Create=0.00/0.0ms, 3DTD.Projectiles.Fire=0.00/0.0ms, 3DTD.Effects.Play=0.00/0.0ms, 3DTD.Effects.Attach=0.00/0.0ms, BehaviourUpdate=0.21/0.3ms, Gfx.WaitForPresentOnGfxThread=0.14/8.4ms, Render.OpaqueGeometry=0.00/0.0ms, Render.TransparentGeometry=0.00/0.0ms, Instantiate=0.00/0.0ms], by type [Beam Tower=0]
UnityEngine.Debug:ExtractStackTraceNoAlloc (byte*,int,string)
UnityEngine.StackTraceUtility:ExtractStackTrace () (at /Users/bokken/build/output/unity/unity/Runtime/Export/Scripting/StackTrace.cs:35)
UnityEngine.DebugLogHandler:Internal_Log (UnityEngine.LogType,UnityEngine.LogOption,string,UnityEngine.Object)
UnityEngine.DebugLogHandler:LogFormat (UnityEngine.LogType,UnityEngine.Object,string,object[]) (at /Users/bokken/build/output/unity/unity/Runtime/Export/Logging/DebugLogHandler.cs:9)
UnityEngine.Logger:Log (UnityEngine.LogType,object) (at /Users/bokken/build/output/unity/unity/Runtime/Export/Logging/Logger.cs:60)
UnityEngine.Debug:Log (object) (at /Users/bokken/build/output/unity/unity/Runtime/Export/Debug/Debug.bindings.cs:123)
PerfScenario:Summarize (PerfScenario/Run,PerfScenario/RunResult,System.Collections.Generic.List`1<Tower>,int) (at /Users/philipp/Projects/3DTD/3DTD/3DTD/Assets/Scripts/Diagnostics/PerfScenario.cs:1122)
PerfScenario/<RunOne>d__48:MoveNext () (at /Users/philipp/Projects/3DTD/3DTD/3DTD/Assets/Scripts/Diagnostics/PerfScenario.cs:438)
UnityEngine.SetupCoroutine:InvokeMoveNext (System.Collections.IEnumerator,intptr) (at /Users/bokken/build/output/unity/unity/Runtime/Export/Scripting/Coroutines.cs:17)

(Filename: /Users/bokken/build/output/unity/unity/Runtime/Export/Debug/Debug.bindings.cs Line: 123)

PERF EMIT (system: calls, particles, total ms, us/particle, max ms at count/alive)
UnityEngine.Debug:ExtractStackTraceNoAlloc (byte*,int,string)
UnityEngine.StackTraceUtility:ExtractStackTrace () (at /Users/bokken/build/output/unity/unity/Runtime/Export/Scripting/StackTrace.cs:35)
UnityEngine.DebugLogHandler:Internal_Log (UnityEngine.LogType,UnityEngine.LogOption,string,UnityEngine.Object)
UnityEngine.DebugLogHandler:LogFormat (UnityEngine.LogType,UnityEngine.Object,string,object[]) (at /Users/bokken/build/output/unity/unity/Runtime/Export/Logging/DebugLogHandler.cs:9)
UnityEngine.Logger:Log (UnityEngine.LogType,object) (at /Users/bokken/build/output/unity/unity/Runtime/Export/Logging/Logger.cs:60)
UnityEngine.Debug:Log (object) (at /Users/bokken/build/output/unity/unity/Runtime/Export/Debug/Debug.bindings.cs:123)
PerfScenario:Summarize (PerfScenario/Run,PerfScenario/RunResult,System.Collections.Generic.List`1<Tower>,int) (at /Users/philipp/Projects/3DTD/3DTD/3DTD/Assets/Scripts/Diagnostics/PerfScenario.cs:1132)
PerfScenario/<RunOne>d__48:MoveNext () (at /Users/philipp/Projects/3DTD/3DTD/3DTD/Assets/Scripts/Diagnostics/PerfScenario.cs:438)
UnityEngine.SetupCoroutine:InvokeMoveNext (System.Collections.IEnumerator,intptr) (at /Users/bokken/build/output/unity/unity/Runtime/Export/Scripting/Coroutines.cs:17)

(Filename: /Users/bokken/build/output/unity/unity/Runtime/Export/Debug/Debug.bindings.cs Line: 123)

PERF RUN T-Beam-3x (single, 3x, round 60)
UnityEngine.Debug:ExtractStackTraceNoAlloc (byte*,int,string)
UnityEngine.StackTraceUtility:ExtractStackTrace () (at /Users/bokken/build/output/unity/unity/Runtime/Export/Scripting/StackTrace.cs:35)
UnityEngine.DebugLogHandler:Internal_Log (UnityEngine.LogType,UnityEngine.LogOption,string,UnityEngine.Object)
UnityEngine.DebugLogHandler:LogFormat (UnityEngine.LogType,UnityEngine.Object,string,object[]) (at /Users/bokken/build/output/unity/unity/Runtime/Export/Logging/DebugLogHandler.cs:9)
UnityEngine.Logger:Log (UnityEngine.LogType,object) (at /Users/bokken/build/output/unity/unity/Runtime/Export/Logging/Logger.cs:60)
UnityEngine.Debug:Log (object) (at /Users/bokken/build/output/unity/unity/Runtime/Export/Debug/Debug.bindings.cs:123)
PerfScenario/<RunOne>d__48:MoveNext () (at /Users/philipp/Projects/3DTD/3DTD/3DTD/Assets/Scripts/Diagnostics/PerfScenario.cs:326)
UnityEngine.SetupCoroutine:InvokeMoveNext (System.Collections.IEnumerator,intptr) (at /Users/bokken/build/output/unity/unity/Runtime/Export/Scripting/Coroutines.cs:17)

(Filename: /Users/bokken/build/output/unity/unity/Runtime/Export/Debug/Debug.bindings.cs Line: 123)

Unloading 3 Unused Serialized files (Serialized files now loaded: 0)
UnloadTime: 21.054209 ms
Unloading 6 unused Assets / (0 B). Loaded Objects now: 12949.
Memory consumption went from 134.6 MB to 134.6 MB.
Total: 2.014917 ms (FindLiveObjects: 0.196958 ms CreateObjectMapping: 0.223209 ms MarkObjects: 1.580958 ms  DeleteObjects: 0.013667 ms)

PERF layout T-Beam-3x: 154 block spots, 1 towers planned, 1 built
UnityEngine.Debug:ExtractStackTraceNoAlloc (byte*,int,string)
UnityEngine.StackTraceUtility:ExtractStackTrace () (at /Users/bokken/build/output/unity/unity/Runtime/Export/Scripting/StackTrace.cs:35)
UnityEngine.DebugLogHandler:Internal_Log (UnityEngine.LogType,UnityEngine.LogOption,string,UnityEngine.Object)
UnityEngine.DebugLogHandler:LogFormat (UnityEngine.LogType,UnityEngine.Object,string,object[]) (at /Users/bokken/build/output/unity/unity/Runtime/Export/Logging/DebugLogHandler.cs:9)
UnityEngine.Logger:Log (UnityEngine.LogType,object) (at /Users/bokken/build/output/unity/unity/Runtime/Export/Logging/Logger.cs:60)
UnityEngine.Debug:Log (object) (at /Users/bokken/build/output/unity/unity/Runtime/Export/Debug/Debug.bindings.cs:123)
PerfScenario/<RunOne>d__48:MoveNext () (at /Users/philipp/Projects/3DTD/3DTD/3DTD/Assets/Scripts/Diagnostics/PerfScenario.cs:371)
UnityEngine.SetupCoroutine:InvokeMoveNext (System.Collections.IEnumerator,intptr) (at /Users/bokken/build/output/unity/unity/Runtime/Export/Scripting/Coroutines.cs:17)

(Filename: /Users/bokken/build/output/unity/unity/Runtime/Export/Debug/Debug.bindings.cs Line: 123)

PERF RESULT T-Beam-3x: towers 1, frames 9512, frame p50/p95/p99/max 1.5/1.8/10.6/18.7 ms, main p50/p99 1.5/10.6 ms, speed 3.00x, GC steady 0.1% frames (3082 B, 0 B/frame), damage 0, kills 0, leaked 6494, pops 0, projectiles 0/0, death fx 0/0, fx 0/0, markers [PlayerLoop=1.61/10.6ms, Update.ScriptRunBehaviourUpdate=0.21/0.3ms, PreLateUpdate.ScriptRunBehaviourLateUpdate=0.02/0.0ms, FixedUpdate.PhysicsFixedUpdate=0.00/0.0ms, FixedUpdate.ScriptRunBehaviourFixedUpdate=0.00/0.0ms, PreUpdate.PhysicsUpdate=0.00/0.0ms, Physics.Simulate=0.09/0.1ms, Physics.SyncTransforms=0.15/0.2ms, Physics.SendTriggerEvents=0.00/0.1ms, Physics.SendContactEvents=0.00/0.0ms, ParticleSystem.EndUpdateAll=0.00/0.0ms, GC.Collect=0.00/0.0ms, GarbageCollector.CollectIncremental=0.00/0.0ms, 3DTD.Projectiles.Step=0.00/0.0ms, 3DTD.Projectiles.Apply=0.00/0.0ms, 3DTD.Effects.Update=0.00/0.0ms, 3DTD.Effects.TrailEmit=0.00/0.0ms, 3DTD.Effects.Flights=0.00/0.0ms, 3DTD.Effects.Batched=0.00/0.0ms, 3DTD.Effects.Emit=0.00/0.0ms, 3DTD.Effects.Particles=0.00/0.0ms, 3DTD.Effects.Retire=0.00/0.0ms, ParticleSystem.WaitForPreviousRenderingToFinish=0.00/0.0ms, ParticleSystem.UpdateJob=0.03/0.1ms, ParticleSystem.GeometryJob=0.04/0.1ms, ParticleSystem.TrailGeometryJob=0.01/0.0ms, ParticleSystem.Sort=0.00/0.0ms, ParticleSystem.Draw=0.00/0.0ms, Gfx.WaitForRenderThread=0.00/0.0ms, WaitForRenderJobs=0.00/0.0ms, CPU Render Thread Frame Time=0.79/0.9ms, GPU Frame Time=1.05/1.9ms, 3DTD.DeathEffects=0.00/0.0ms, 3DTD.Enemy.TakeDamage=0.00/0.0ms, 3DTD.Enemy.PopLayer=0.00/0.0ms, 3DTD.Enemy.ShowShape=0.00/0.0ms, 3DTD.Effects.Create=0.00/0.0ms, 3DTD.Projectiles.Fire=0.00/0.0ms, 3DTD.Effects.Play=0.00/0.0ms, 3DTD.Effects.Attach=0.00/0.0ms, BehaviourUpdate=0.21/0.3ms, Gfx.WaitForPresentOnGfxThread=0.15/8.9ms, Render.OpaqueGeometry=0.00/0.0ms, Render.TransparentGeometry=0.00/0.0ms, Instantiate=0.00/0.0ms], by type [Beam Tower=0]
UnityEngine.Debug:ExtractStackTraceNoAlloc (byte*,int,string)
UnityEngine.StackTraceUtility:ExtractStackTrace () (at /Users/bokken/build/output/unity/unity/Runtime/Export/Scripting/StackTrace.cs:35)
UnityEngine.DebugLogHandler:Internal_Log (UnityEngine.LogType,UnityEngine.LogOption,string,UnityEngine.Object)
UnityEngine.DebugLogHandler:LogFormat (UnityEngine.LogType,UnityEngine.Object,string,object[]) (at /Users/bokken/build/output/unity/unity/Runtime/Export/Logging/DebugLogHandler.cs:9)
UnityEngine.Logger:Log (UnityEngine.LogType,object) (at /Users/bokken/build/output/unity/unity/Runtime/Export/Logging/Logger.cs:60)
UnityEngine.Debug:Log (object) (at /Users/bokken/build/output/unity/unity/Runtime/Export/Debug/Debug.bindings.cs:123)
PerfScenario:Summarize (PerfScenario/Run,PerfScenario/RunResult,System.Collections.Generic.List`1<Tower>,int) (at /Users/philipp/Projects/3DTD/3DTD/3DTD/Assets/Scripts/Diagnostics/PerfScenario.cs:1122)
PerfScenario/<RunOne>d__48:MoveNext () (at /Users/philipp/Projects/3DTD/3DTD/3DTD/Assets/Scripts/Diagnostics/PerfScenario.cs:438)
UnityEngine.SetupCoroutine:InvokeMoveNext (System.Collections.IEnumerator,intptr) (at /Users/bokken/build/output/unity/unity/Runtime/Export/Scripting/Coroutines.cs:17)

(Filename: /Users/bokken/build/output/unity/unity/Runtime/Export/Debug/Debug.bindings.cs Line: 123)

PERF EMIT (system: calls, particles, total ms, us/particle, max ms at count/alive)
UnityEngine.Debug:ExtractStackTraceNoAlloc (byte*,int,string)
UnityEngine.StackTraceUtility:ExtractStackTrace () (at /Users/bokken/build/output/unity/unity/Runtime/Export/Scripting/StackTrace.cs:35)
UnityEngine.DebugLogHandler:Internal_Log (UnityEngine.LogType,UnityEngine.LogOption,string,UnityEngine.Object)
UnityEngine.DebugLogHandler:LogFormat (UnityEngine.LogType,UnityEngine.Object,string,object[]) (at /Users/bokken/build/output/unity/unity/Runtime/Export/Logging/DebugLogHandler.cs:9)
UnityEngine.Logger:Log (UnityEngine.LogType,object) (at /Users/bokken/build/output/unity/unity/Runtime/Export/Logging/Logger.cs:60)
UnityEngine.Debug:Log (object) (at /Users/bokken/build/output/unity/unity/Runtime/Export/Debug/Debug.bindings.cs:123)
PerfScenario:Summarize (PerfScenario/Run,PerfScenario/RunResult,System.Collections.Generic.List`1<Tower>,int) (at /Users/philipp/Projects/3DTD/3DTD/3DTD/Assets/Scripts/Diagnostics/PerfScenario.cs:1132)
PerfScenario/<RunOne>d__48:MoveNext () (at /Users/philipp/Projects/3DTD/3DTD/3DTD/Assets/Scripts/Diagnostics/PerfScenario.cs:438)
UnityEngine.SetupCoroutine:InvokeMoveNext (System.Collections.IEnumerator,intptr) (at /Users/bokken/build/output/unity/unity/Runtime/Export/Scripting/Coroutines.cs:17)

(Filename: /Users/bokken/build/output/unity/unity/Runtime/Export/Debug/Debug.bindings.cs Line: 123)

PERF RUN T-Beam-5x (single, 5x, round 60)
UnityEngine.Debug:ExtractStackTraceNoAlloc (byte*,int,string)
UnityEngine.StackTraceUtility:ExtractStackTrace () (at /Users/bokken/build/output/unity/unity/Runtime/Export/Scripting/StackTrace.cs:35)
UnityEngine.DebugLogHandler:Internal_Log (UnityEngine.LogType,UnityEngine.LogOption,string,UnityEngine.Object)
UnityEngine.DebugLogHandler:LogFormat (UnityEngine.LogType,UnityEngine.Object,string,object[]) (at /Users/bokken/build/output/unity/unity/Runtime/Export/Logging/DebugLogHandler.cs:9)
UnityEngine.Logger:Log (UnityEngine.LogType,object) (at /Users/bokken/build/output/unity/unity/Runtime/Export/Logging/Logger.cs:60)
UnityEngine.Debug:Log (object) (at /Users/bokken/build/output/unity/unity/Runtime/Export/Debug/Debug.bindings.cs:123)
PerfScenario/<RunOne>d__48:MoveNext () (at /Users/philipp/Projects/3DTD/3DTD/3DTD/Assets/Scripts/Diagnostics/PerfScenario.cs:326)
UnityEngine.SetupCoroutine:InvokeMoveNext (System.Collections.IEnumerator,intptr) (at /Users/bokken/build/output/unity/unity/Runtime/Export/Scripting/Coroutines.cs:17)

(Filename: /Users/bokken/build/output/unity/unity/Runtime/Export/Debug/Debug.bindings.cs Line: 123)

Unloading 3 Unused Serialized files (Serialized files now loaded: 0)
UnloadTime: 21.894166 ms
Unloading 6 unused Assets / (0 B). Loaded Objects now: 12949.
Memory consumption went from 134.6 MB to 134.6 MB.
Total: 1.919833 ms (FindLiveObjects: 0.182250 ms CreateObjectMapping: 0.224708 ms MarkObjects: 1.500167 ms  DeleteObjects: 0.012666 ms)

PERF layout T-Beam-5x: 154 block spots, 1 towers planned, 1 built
UnityEngine.Debug:ExtractStackTraceNoAlloc (byte*,int,string)
UnityEngine.StackTraceUtility:ExtractStackTrace () (at /Users/bokken/build/output/unity/unity/Runtime/Export/Scripting/StackTrace.cs:35)
UnityEngine.DebugLogHandler:Internal_Log (UnityEngine.LogType,UnityEngine.LogOption,string,UnityEngine.Object)
UnityEngine.DebugLogHandler:LogFormat (UnityEngine.LogType,UnityEngine.Object,string,object[]) (at /Users/bokken/build/output/unity/unity/Runtime/Export/Logging/DebugLogHandler.cs:9)
UnityEngine.Logger:Log (UnityEngine.LogType,object) (at /Users/bokken/build/output/unity/unity/Runtime/Export/Logging/Logger.cs:60)
UnityEngine.Debug:Log (object) (at /Users/bokken/build/output/unity/unity/Runtime/Export/Debug/Debug.bindings.cs:123)
PerfScenario/<RunOne>d__48:MoveNext () (at /Users/philipp/Projects/3DTD/3DTD/3DTD/Assets/Scripts/Diagnostics/PerfScenario.cs:371)
UnityEngine.SetupCoroutine:InvokeMoveNext (System.Collections.IEnumerator,intptr) (at /Users/bokken/build/output/unity/unity/Runtime/Export/Scripting/Coroutines.cs:17)

(Filename: /Users/bokken/build/output/unity/unity/Runtime/Export/Debug/Debug.bindings.cs Line: 123)

PERF RESULT T-Beam-5x: towers 1, frames 5692, frame p50/p95/p99/max 1.5/1.8/10.4/21.3 ms, main p50/p99 1.5/10.4 ms, speed 5.00x, GC steady 0.1% frames (3082 B, 1 B/frame), damage 0, kills 0, leaked 6494, pops 0, projectiles 0/0, death fx 0/0, fx 0/0, markers [PlayerLoop=1.62/10.4ms, Update.ScriptRunBehaviourUpdate=0.21/0.3ms, PreLateUpdate.ScriptRunBehaviourLateUpdate=0.02/0.0ms, FixedUpdate.PhysicsFixedUpdate=0.00/0.0ms, FixedUpdate.ScriptRunBehaviourFixedUpdate=0.00/0.0ms, PreUpdate.PhysicsUpdate=0.00/0.0ms, Physics.Simulate=0.09/0.1ms, Physics.SyncTransforms=0.15/0.2ms, Physics.SendTriggerEvents=0.00/0.1ms, Physics.SendContactEvents=0.00/0.0ms, ParticleSystem.EndUpdateAll=0.00/0.0ms, GC.Collect=0.00/0.0ms, GarbageCollector.CollectIncremental=0.00/0.0ms, 3DTD.Projectiles.Step=0.00/0.0ms, 3DTD.Projectiles.Apply=0.00/0.0ms, 3DTD.Effects.Update=0.00/0.0ms, 3DTD.Effects.TrailEmit=0.00/0.0ms, 3DTD.Effects.Flights=0.00/0.0ms, 3DTD.Effects.Batched=0.00/0.0ms, 3DTD.Effects.Emit=0.00/0.0ms, 3DTD.Effects.Particles=0.00/0.0ms, 3DTD.Effects.Retire=0.00/0.0ms, ParticleSystem.WaitForPreviousRenderingToFinish=0.00/0.0ms, ParticleSystem.UpdateJob=0.04/0.1ms, ParticleSystem.GeometryJob=0.04/0.1ms, ParticleSystem.TrailGeometryJob=0.01/0.0ms, ParticleSystem.Sort=0.00/0.0ms, ParticleSystem.Draw=0.00/0.0ms, Gfx.WaitForRenderThread=0.00/0.0ms, WaitForRenderJobs=0.00/0.0ms, CPU Render Thread Frame Time=0.79/0.9ms, GPU Frame Time=1.06/2.2ms, 3DTD.DeathEffects=0.00/0.0ms, 3DTD.Enemy.TakeDamage=0.00/0.0ms, 3DTD.Enemy.PopLayer=0.00/0.0ms, 3DTD.Enemy.ShowShape=0.00/0.0ms, 3DTD.Effects.Create=0.00/0.0ms, 3DTD.Projectiles.Fire=0.00/0.0ms, 3DTD.Effects.Play=0.00/0.0ms, 3DTD.Effects.Attach=0.00/0.0ms, BehaviourUpdate=0.21/0.3ms, Gfx.WaitForPresentOnGfxThread=0.15/8.6ms, Render.OpaqueGeometry=0.00/0.0ms, Render.TransparentGeometry=0.00/0.0ms, Instantiate=0.00/0.0ms], by type [Beam Tower=0]
UnityEngine.Debug:ExtractStackTraceNoAlloc (byte*,int,string)
UnityEngine.StackTraceUtility:ExtractStackTrace () (at /Users/bokken/build/output/unity/unity/Runtime/Export/Scripting/StackTrace.cs:35)
UnityEngine.DebugLogHandler:Internal_Log (UnityEngine.LogType,UnityEngine.LogOption,string,UnityEngine.Object)
UnityEngine.DebugLogHandler:LogFormat (UnityEngine.LogType,UnityEngine.Object,string,object[]) (at /Users/bokken/build/output/unity/unity/Runtime/Export/Logging/DebugLogHandler.cs:9)
UnityEngine.Logger:Log (UnityEngine.LogType,object) (at /Users/bokken/build/output/unity/unity/Runtime/Export/Logging/Logger.cs:60)
UnityEngine.Debug:Log (object) (at /Users/bokken/build/output/unity/unity/Runtime/Export/Debug/Debug.bindings.cs:123)
PerfScenario:Summarize (PerfScenario/Run,PerfScenario/RunResult,System.Collections.Generic.List`1<Tower>,int) (at /Users/philipp/Projects/3DTD/3DTD/3DTD/Assets/Scripts/Diagnostics/PerfScenario.cs:1122)
PerfScenario/<RunOne>d__48:MoveNext () (at /Users/philipp/Projects/3DTD/3DTD/3DTD/Assets/Scripts/Diagnostics/PerfScenario.cs:438)
UnityEngine.SetupCoroutine:InvokeMoveNext (System.Collections.IEnumerator,intptr) (at /Users/bokken/build/output/unity/unity/Runtime/Export/Scripting/Coroutines.cs:17)

(Filename: /Users/bokken/build/output/unity/unity/Runtime/Export/Debug/Debug.bindings.cs Line: 123)

PERF EMIT (system: calls, particles, total ms, us/particle, max ms at count/alive)
UnityEngine.Debug:ExtractStackTraceNoAlloc (byte*,int,string)
UnityEngine.StackTraceUtility:ExtractStackTrace () (at /Users/bokken/build/output/unity/unity/Runtime/Export/Scripting/StackTrace.cs:35)
UnityEngine.DebugLogHandler:Internal_Log (UnityEngine.LogType,UnityEngine.LogOption,string,UnityEngine.Object)
UnityEngine.DebugLogHandler:LogFormat (UnityEngine.LogType,UnityEngine.Object,string,object[]) (at /Users/bokken/build/output/unity/unity/Runtime/Export/Logging/DebugLogHandler.cs:9)
UnityEngine.Logger:Log (UnityEngine.LogType,object) (at /Users/bokken/build/output/unity/unity/Runtime/Export/Logging/Logger.cs:60)
UnityEngine.Debug:Log (object) (at /Users/bokken/build/output/unity/unity/Runtime/Export/Debug/Debug.bindings.cs:123)
PerfScenario:Summarize (PerfScenario/Run,PerfScenario/RunResult,System.Collections.Generic.List`1<Tower>,int) (at /Users/philipp/Projects/3DTD/3DTD/3DTD/Assets/Scripts/Diagnostics/PerfScenario.cs:1132)
PerfScenario/<RunOne>d__48:MoveNext () (at /Users/philipp/Projects/3DTD/3DTD/3DTD/Assets/Scripts/Diagnostics/PerfScenario.cs:438)
UnityEngine.SetupCoroutine:InvokeMoveNext (System.Collections.IEnumerator,intptr) (at /Users/bokken/build/output/unity/unity/Runtime/Export/Scripting/Coroutines.cs:17)

(Filename: /Users/bokken/build/output/unity/unity/Runtime/Export/Debug/Debug.bindings.cs Line: 123)

PERF RUN T-BulletDispenser-1x (single, 1x, round 60)
UnityEngine.Debug:ExtractStackTraceNoAlloc (byte*,int,string)
UnityEngine.StackTraceUtility:ExtractStackTrace () (at /Users/bokken/build/output/unity/unity/Runtime/Export/Scripting/StackTrace.cs:35)
UnityEngine.DebugLogHandler:Internal_Log (UnityEngine.LogType,UnityEngine.LogOption,string,UnityEngine.Object)
UnityEngine.DebugLogHandler:LogFormat (UnityEngine.LogType,UnityEngine.Object,string,object[]) (at /Users/bokken/build/output/unity/unity/Runtime/Export/Logging/DebugLogHandler.cs:9)
UnityEngine.Logger:Log (UnityEngine.LogType,object) (at /Users/bokken/build/output/unity/unity/Runtime/Export/Logging/Logger.cs:60)
UnityEngine.Debug:Log (object) (at /Users/bokken/build/output/unity/unity/Runtime/Export/Debug/Debug.bindings.cs:123)
PerfScenario/<RunOne>d__48:MoveNext () (at /Users/philipp/Projects/3DTD/3DTD/3DTD/Assets/Scripts/Diagnostics/PerfScenario.cs:326)
UnityEngine.SetupCoroutine:InvokeMoveNext (System.Collections.IEnumerator,intptr) (at /Users/bokken/build/output/unity/unity/Runtime/Export/Scripting/Coroutines.cs:17)

(Filename: /Users/bokken/build/output/unity/unity/Runtime/Export/Debug/Debug.bindings.cs Line: 123)

Unloading 3 Unused Serialized files (Serialized files now loaded: 0)
UnloadTime: 21.098583 ms
Unloading 6 unused Assets / (0 B). Loaded Objects now: 12949.
Memory consumption went from 134.6 MB to 134.6 MB.
Total: 2.293917 ms (FindLiveObjects: 0.213292 ms CreateObjectMapping: 0.225209 ms MarkObjects: 1.839250 ms  DeleteObjects: 0.016042 ms)

PERF layout T-BulletDispenser-1x: 154 block spots, 1 towers planned, 1 built
UnityEngine.Debug:ExtractStackTraceNoAlloc (byte*,int,string)
UnityEngine.StackTraceUtility:ExtractStackTrace () (at /Users/bokken/build/output/unity/unity/Runtime/Export/Scripting/StackTrace.cs:35)
UnityEngine.DebugLogHandler:Internal_Log (UnityEngine.LogType,UnityEngine.LogOption,string,UnityEngine.Object)
UnityEngine.DebugLogHandler:LogFormat (UnityEngine.LogType,UnityEngine.Object,string,object[]) (at /Users/bokken/build/output/unity/unity/Runtime/Export/Logging/DebugLogHandler.cs:9)
UnityEngine.Logger:Log (UnityEngine.LogType,object) (at /Users/bokken/build/output/unity/unity/Runtime/Export/Logging/Logger.cs:60)
UnityEngine.Debug:Log (object) (at /Users/bokken/build/output/unity/unity/Runtime/Export/Debug/Debug.bindings.cs:123)
PerfScenario/<RunOne>d__48:MoveNext () (at /Users/philipp/Projects/3DTD/3DTD/3DTD/Assets/Scripts/Diagnostics/PerfScenario.cs:371)
UnityEngine.SetupCoroutine:InvokeMoveNext (System.Collections.IEnumerator,intptr) (at /Users/bokken/build/output/unity/unity/Runtime/Export/Scripting/Coroutines.cs:17)

(Filename: /Users/bokken/build/output/unity/unity/Runtime/Export/Debug/Debug.bindings.cs Line: 123)

EffectPlayer: LaserMuzzleBlue plays batched one-shot
UnityEngine.Debug:ExtractStackTraceNoAlloc (byte*,int,string)
UnityEngine.StackTraceUtility:ExtractStackTrace () (at /Users/bokken/build/output/unity/unity/Runtime/Export/Scripting/StackTrace.cs:35)
UnityEngine.DebugLogHandler:Internal_Log (UnityEngine.LogType,UnityEngine.LogOption,string,UnityEngine.Object)
UnityEngine.DebugLogHandler:LogFormat (UnityEngine.LogType,UnityEngine.Object,string,object[]) (at /Users/bokken/build/output/unity/unity/Runtime/Export/Logging/DebugLogHandler.cs:9)
UnityEngine.Logger:Log (UnityEngine.LogType,object) (at /Users/bokken/build/output/unity/unity/Runtime/Export/Logging/Logger.cs:60)
UnityEngine.Debug:Log (object) (at /Users/bokken/build/output/unity/unity/Runtime/Export/Debug/Debug.bindings.cs:123)
EffectPlayer:LogBackend (UnityEngine.GameObject,string) (at /Users/philipp/Projects/3DTD/3DTD/3DTD/Assets/Scripts/Effects/EffectPlayer.cs:98)
EffectPool:PlayOneShot (UnityEngine.Vector3,UnityEngine.Quaternion,single,single,single) (at /Users/philipp/Projects/3DTD/3DTD/3DTD/Assets/Scripts/Effects/EffectPool.cs:72)
EffectPlayer:Play (UnityEngine.GameObject,UnityEngine.Vector3,UnityEngine.Quaternion,single,single,single) (at /Users/philipp/Projects/3DTD/3DTD/3DTD/Assets/Scripts/Effects/EffectPlayer.cs:81)
ProjectileSystem:Spawn (ProjectileArchetype,ProjectileSystem/Shot&,int,single) (at /Users/philipp/Projects/3DTD/3DTD/3DTD/Assets/Scripts/Combat/ProjectileSystem.cs:250)
ProjectileSystem:Fire (UnityEngine.GameObject,ProjectileSystem/Shot&) (at /Users/philipp/Projects/3DTD/3DTD/3DTD/Assets/Scripts/Combat/ProjectileSystem.cs:195)
BulletDispenserTowerActionStrategy:FireBullets (single) (at /Users/philipp/Projects/3DTD/3DTD/3DTD/Assets/Scripts/Tower/ActionStrategies/BulletDispenserTowerActionStrategy.cs:137)
BulletDispenserTowerActionStrategy:FireVolley (single) (at /Users/philipp/Projects/3DTD/3DTD/3DTD/Assets/Scripts/Tower/ActionStrategies/BulletDispenserTowerActionStrategy.cs:59)
BulletDispenserTowerActionStrategy:ExecuteAction () (at /Users/philipp/Projects/3DTD/3DTD/3DTD/Assets/Scripts/Tower/ActionStrategies/BulletDispenserTowerActionStrategy.cs:49)
Tower:Update () (at /Users/philipp/Projects/3DTD/3DTD/3DTD/Assets/Scripts/Entities/Tower.cs:89)

(Filename: /Users/bokken/build/output/unity/unity/Runtime/Export/Debug/Debug.bindings.cs Line: 123)

EffectPlayer: LaserBlue plays batched flight
UnityEngine.Debug:ExtractStackTraceNoAlloc (byte*,int,string)
UnityEngine.StackTraceUtility:ExtractStackTrace () (at /Users/bokken/build/output/unity/unity/Runtime/Export/Scripting/StackTrace.cs:35)
UnityEngine.DebugLogHandler:Internal_Log (UnityEngine.LogType,UnityEngine.LogOption,string,UnityEngine.Object)
UnityEngine.DebugLogHandler:LogFormat (UnityEngine.LogType,UnityEngine.Object,string,object[]) (at /Users/bokken/build/output/unity/unity/Runtime/Export/Logging/DebugLogHandler.cs:9)
UnityEngine.Logger:Log (UnityEngine.LogType,object) (at /Users/bokken/build/output/unity/unity/Runtime/Export/Logging/Logger.cs:60)
UnityEngine.Debug:Log (object) (at /Users/bokken/build/output/unity/unity/Runtime/Export/Debug/Debug.bindings.cs:123)
EffectPlayer:LogBackend (UnityEngine.GameObject,string) (at /Users/philipp/Projects/3DTD/3DTD/3DTD/Assets/Scripts/Effects/EffectPlayer.cs:98)
EffectPool:Attach (UnityEngine.Vector3,UnityEngine.Quaternion,single,UnityEngine.Vector3) (at /Users/philipp/Projects/3DTD/3DTD/3DTD/Assets/Scripts/Effects/EffectPool.cs:100)
EffectPlayer:Attach (UnityEngine.GameObject,UnityEngine.Vector3,UnityEngine.Quaternion,single,UnityEngine.Vector3) (at /Users/philipp/Projects/3DTD/3DTD/3DTD/Assets/Scripts/Effects/EffectPlayer.cs:92)
ProjectileSystem:Spawn (ProjectileArchetype,ProjectileSystem/Shot&,int,single) (at /Users/philipp/Projects/3DTD/3DTD/3DTD/Assets/Scripts/Combat/ProjectileSystem.cs:251)
ProjectileSystem:Fire (UnityEngine.GameObject,ProjectileSystem/Shot&) (at /Users/philipp/Projects/3DTD/3DTD/3DTD/Assets/Scripts/Combat/ProjectileSystem.cs:195)
BulletDispenserTowerActionStrategy:FireBullets (single) (at /Users/philipp/Projects/3DTD/3DTD/3DTD/Assets/Scripts/Tower/ActionStrategies/BulletDispenserTowerActionStrategy.cs:137)
BulletDispenserTowerActionStrategy:FireVolley (single) (at /Users/philipp/Projects/3DTD/3DTD/3DTD/Assets/Scripts/Tower/ActionStrategies/BulletDispenserTowerActionStrategy.cs:59)
BulletDispenserTowerActionStrategy:ExecuteAction () (at /Users/philipp/Projects/3DTD/3DTD/3DTD/Assets/Scripts/Tower/ActionStrategies/BulletDispenserTowerActionStrategy.cs:49)
Tower:Update () (at /Users/philipp/Projects/3DTD/3DTD/3DTD/Assets/Scripts/Entities/Tower.cs:89)

(Filename: /Users/bokken/build/output/unity/unity/Runtime/Export/Debug/Debug.bindings.cs Line: 123)

EffectPlayer: LaserExplosionBlue plays batched one-shot
UnityEngine.Debug:ExtractStackTraceNoAlloc (byte*,int,string)
UnityEngine.StackTraceUtility:ExtractStackTrace () (at /Users/bokken/build/output/unity/unity/Runtime/Export/Scripting/StackTrace.cs:35)
UnityEngine.DebugLogHandler:Internal_Log (UnityEngine.LogType,UnityEngine.LogOption,string,UnityEngine.Object)
UnityEngine.DebugLogHandler:LogFormat (UnityEngine.LogType,UnityEngine.Object,string,object[]) (at /Users/bokken/build/output/unity/unity/Runtime/Export/Logging/DebugLogHandler.cs:9)
UnityEngine.Logger:Log (UnityEngine.LogType,object) (at /Users/bokken/build/output/unity/unity/Runtime/Export/Logging/Logger.cs:60)
UnityEngine.Debug:Log (object) (at /Users/bokken/build/output/unity/unity/Runtime/Export/Debug/Debug.bindings.cs:123)
EffectPlayer:LogBackend (UnityEngine.GameObject,string) (at /Users/philipp/Projects/3DTD/3DTD/3DTD/Assets/Scripts/Effects/EffectPlayer.cs:98)
EffectPool:PlayOneShot (UnityEngine.Vector3,UnityEngine.Quaternion,single,single,single) (at /Users/philipp/Projects/3DTD/3DTD/3DTD/Assets/Scripts/Effects/EffectPool.cs:72)
EffectPlayer:Play (UnityEngine.GameObject,UnityEngine.Vector3,UnityEngine.Quaternion,single,single,single) (at /Users/philipp/Projects/3DTD/3DTD/3DTD/Assets/Scripts/Effects/EffectPlayer.cs:81)
ProjectileSystem:Apply () (at /Users/philipp/Projects/3DTD/3DTD/3DTD/Assets/Scripts/Combat/ProjectileSystem.cs:344)
ProjectileSystem:Update () (at /Users/philipp/Projects/3DTD/3DTD/3DTD/Assets/Scripts/Combat/ProjectileSystem.cs:310)

(Filename: /Users/bokken/build/output/unity/unity/Runtime/Export/Debug/Debug.bindings.cs Line: 123)

PERF RESULT T-BulletDispenser-1x: towers 1, frames 28418, frame p50/p95/p99/max 1.5/1.8/11.1/18.7 ms, main p50/p99 1.5/11.1 ms, speed 1.00x, GC steady 0.5% frames (130854 B, 5 B/frame), damage 123, kills 0, leaked 6494, pops 0, projectiles 486/486, death fx 0/0, fx 609/609, markers [PlayerLoop=1.62/11.1ms, Update.ScriptRunBehaviourUpdate=0.24/0.4ms, PreLateUpdate.ScriptRunBehaviourLateUpdate=0.02/0.0ms, FixedUpdate.PhysicsFixedUpdate=0.00/0.0ms, FixedUpdate.ScriptRunBehaviourFixedUpdate=0.00/0.0ms, PreUpdate.PhysicsUpdate=0.00/0.0ms, Physics.Simulate=0.09/0.1ms, Physics.SyncTransforms=0.16/0.2ms, Physics.SendTriggerEvents=0.00/0.0ms, Physics.SendContactEvents=0.00/0.0ms, ParticleSystem.EndUpdateAll=0.00/0.0ms, GC.Collect=0.00/0.0ms, GarbageCollector.CollectIncremental=0.00/0.0ms, 3DTD.Projectiles.Step=0.00/0.0ms, 3DTD.Projectiles.Apply=0.00/0.0ms, 3DTD.Effects.Update=0.02/0.1ms, 3DTD.Effects.TrailEmit=0.00/0.0ms, 3DTD.Effects.Flights=0.02/0.0ms, 3DTD.Effects.Batched=0.00/0.0ms, 3DTD.Effects.Emit=0.00/0.0ms, 3DTD.Effects.Particles=0.00/0.0ms, 3DTD.Effects.Retire=0.00/0.0ms, ParticleSystem.WaitForPreviousRenderingToFinish=0.00/0.0ms, ParticleSystem.UpdateJob=0.01/0.0ms, ParticleSystem.GeometryJob=0.04/0.3ms, ParticleSystem.TrailGeometryJob=0.00/0.1ms, ParticleSystem.Sort=0.00/0.0ms, ParticleSystem.Draw=0.00/0.0ms, Gfx.WaitForRenderThread=0.00/0.0ms, WaitForRenderJobs=0.00/0.0ms, CPU Render Thread Frame Time=0.84/1.0ms, GPU Frame Time=1.07/1.6ms, 3DTD.DeathEffects=0.00/0.0ms, 3DTD.Enemy.TakeDamage=0.00/0.0ms, 3DTD.Enemy.PopLayer=0.00/0.0ms, 3DTD.Enemy.ShowShape=0.00/0.0ms, 3DTD.Effects.Create=0.00/0.0ms, 3DTD.Projectiles.Fire=0.00/0.0ms, 3DTD.Effects.Play=0.00/0.0ms, 3DTD.Effects.Attach=0.00/0.0ms, BehaviourUpdate=0.24/0.4ms, Gfx.WaitForPresentOnGfxThread=0.16/9.4ms, Render.OpaqueGeometry=0.00/0.0ms, Render.TransparentGeometry=0.00/0.0ms, Instantiate=0.00/0.0ms], by type [Bullet Dispenser=123]
UnityEngine.Debug:ExtractStackTraceNoAlloc (byte*,int,string)
UnityEngine.StackTraceUtility:ExtractStackTrace () (at /Users/bokken/build/output/unity/unity/Runtime/Export/Scripting/StackTrace.cs:35)
UnityEngine.DebugLogHandler:Internal_Log (UnityEngine.LogType,UnityEngine.LogOption,string,UnityEngine.Object)
UnityEngine.DebugLogHandler:LogFormat (UnityEngine.LogType,UnityEngine.Object,string,object[]) (at /Users/bokken/build/output/unity/unity/Runtime/Export/Logging/DebugLogHandler.cs:9)
UnityEngine.Logger:Log (UnityEngine.LogType,object) (at /Users/bokken/build/output/unity/unity/Runtime/Export/Logging/Logger.cs:60)
UnityEngine.Debug:Log (object) (at /Users/bokken/build/output/unity/unity/Runtime/Export/Debug/Debug.bindings.cs:123)
PerfScenario:Summarize (PerfScenario/Run,PerfScenario/RunResult,System.Collections.Generic.List`1<Tower>,int) (at /Users/philipp/Projects/3DTD/3DTD/3DTD/Assets/Scripts/Diagnostics/PerfScenario.cs:1122)
PerfScenario/<RunOne>d__48:MoveNext () (at /Users/philipp/Projects/3DTD/3DTD/3DTD/Assets/Scripts/Diagnostics/PerfScenario.cs:438)
UnityEngine.SetupCoroutine:InvokeMoveNext (System.Collections.IEnumerator,intptr) (at /Users/bokken/build/output/unity/unity/Runtime/Export/Scripting/Coroutines.cs:17)

(Filename: /Users/bokken/build/output/unity/unity/Runtime/Export/Debug/Debug.bindings.cs Line: 123)

PERF EMIT (system: calls, particles, total ms, us/particle, max ms at count/alive)
  LaserBlue/SparkTrail: 1622, 27708, 10.6 ms, 0.38 us, max 0.03 ms at 35/373, first in frame 1604x 10.6 ms
  LaserBlue/Glow: 684, 14432, 3.5 ms, 0.24 us, max 0.02 ms at 17/182, first in frame 424x 2.9 ms
  LaserBlue/LaserBlue (flights): 130, 2134, 0.6 ms, 0.30 us, max 0.02 ms at 14/105, first in frame 103x 0.6 ms
  LaserExplosionBlue/LaserExplosionBlue (batched): 77, 123, 0.3 ms, 2.60 us, max 0.01 ms at 2/0, first in frame 41x 0.3 ms
  LaserMuzzleBlue/LaserMuzzleBlue (batched): 27, 3391, 0.3 ms, 0.08 us, max 0.03 ms at 124/0, first in frame 27x 0.3 ms
  LaserExplosionBlue/Glow: 77, 123, 0.1 ms, 0.81 us, max 0.00 ms at 1/2, first in frame 0x 0.0 ms
  LaserExplosionBlue/SphereGlow: 77, 123, 0.1 ms, 0.50 us, max 0.00 ms at 1/0, first in frame 0x 0.0 ms
  LaserMuzzleBlue/Glow: 27, 486, 0.0 ms, 0.10 us, max 0.00 ms at 18/0, first in frame 0x 0.0 ms
UnityEngine.Debug:ExtractStackTraceNoAlloc (byte*,int,string)
UnityEngine.StackTraceUtility:ExtractStackTrace () (at /Users/bokken/build/output/unity/unity/Runtime/Export/Scripting/StackTrace.cs:35)
UnityEngine.DebugLogHandler:Internal_Log (UnityEngine.LogType,UnityEngine.LogOption,string,UnityEngine.Object)
UnityEngine.DebugLogHandler:LogFormat (UnityEngine.LogType,UnityEngine.Object,string,object[]) (at /Users/bokken/build/output/unity/unity/Runtime/Export/Logging/DebugLogHandler.cs:9)
UnityEngine.Logger:Log (UnityEngine.LogType,object) (at /Users/bokken/build/output/unity/unity/Runtime/Export/Logging/Logger.cs:60)
UnityEngine.Debug:Log (object) (at /Users/bokken/build/output/unity/unity/Runtime/Export/Debug/Debug.bindings.cs:123)
PerfScenario:Summarize (PerfScenario/Run,PerfScenario/RunResult,System.Collections.Generic.List`1<Tower>,int) (at /Users/philipp/Projects/3DTD/3DTD/3DTD/Assets/Scripts/Diagnostics/PerfScenario.cs:1132)
PerfScenario/<RunOne>d__48:MoveNext () (at /Users/philipp/Projects/3DTD/3DTD/3DTD/Assets/Scripts/Diagnostics/PerfScenario.cs:438)
UnityEngine.SetupCoroutine:InvokeMoveNext (System.Collections.IEnumerator,intptr) (at /Users/bokken/build/output/unity/unity/Runtime/Export/Scripting/Coroutines.cs:17)

(Filename: /Users/bokken/build/output/unity/unity/Runtime/Export/Debug/Debug.bindings.cs Line: 123)

PERF RUN T-BulletDispenser-3x (single, 3x, round 60)
UnityEngine.Debug:ExtractStackTraceNoAlloc (byte*,int,string)
UnityEngine.StackTraceUtility:ExtractStackTrace () (at /Users/bokken/build/output/unity/unity/Runtime/Export/Scripting/StackTrace.cs:35)
UnityEngine.DebugLogHandler:Internal_Log (UnityEngine.LogType,UnityEngine.LogOption,string,UnityEngine.Object)
UnityEngine.DebugLogHandler:LogFormat (UnityEngine.LogType,UnityEngine.Object,string,object[]) (at /Users/bokken/build/output/unity/unity/Runtime/Export/Logging/DebugLogHandler.cs:9)
UnityEngine.Logger:Log (UnityEngine.LogType,object) (at /Users/bokken/build/output/unity/unity/Runtime/Export/Logging/Logger.cs:60)
UnityEngine.Debug:Log (object) (at /Users/bokken/build/output/unity/unity/Runtime/Export/Debug/Debug.bindings.cs:123)
PerfScenario/<RunOne>d__48:MoveNext () (at /Users/philipp/Projects/3DTD/3DTD/3DTD/Assets/Scripts/Diagnostics/PerfScenario.cs:326)
UnityEngine.SetupCoroutine:InvokeMoveNext (System.Collections.IEnumerator,intptr) (at /Users/bokken/build/output/unity/unity/Runtime/Export/Scripting/Coroutines.cs:17)

(Filename: /Users/bokken/build/output/unity/unity/Runtime/Export/Debug/Debug.bindings.cs Line: 123)

Unloading 3 Unused Serialized files (Serialized files now loaded: 0)
UnloadTime: 22.204833 ms
Unloading 7 unused Assets / (168 B). Loaded Objects now: 12949.
Memory consumption went from 134.7 MB to 134.7 MB.
Total: 1.954042 ms (FindLiveObjects: 0.182625 ms CreateObjectMapping: 0.216083 ms MarkObjects: 1.538042 ms  DeleteObjects: 0.017292 ms)

PERF layout T-BulletDispenser-3x: 154 block spots, 1 towers planned, 1 built
UnityEngine.Debug:ExtractStackTraceNoAlloc (byte*,int,string)
UnityEngine.StackTraceUtility:ExtractStackTrace () (at /Users/bokken/build/output/unity/unity/Runtime/Export/Scripting/StackTrace.cs:35)
UnityEngine.DebugLogHandler:Internal_Log (UnityEngine.LogType,UnityEngine.LogOption,string,UnityEngine.Object)
UnityEngine.DebugLogHandler:LogFormat (UnityEngine.LogType,UnityEngine.Object,string,object[]) (at /Users/bokken/build/output/unity/unity/Runtime/Export/Logging/DebugLogHandler.cs:9)
UnityEngine.Logger:Log (UnityEngine.LogType,object) (at /Users/bokken/build/output/unity/unity/Runtime/Export/Logging/Logger.cs:60)
UnityEngine.Debug:Log (object) (at /Users/bokken/build/output/unity/unity/Runtime/Export/Debug/Debug.bindings.cs:123)
PerfScenario/<RunOne>d__48:MoveNext () (at /Users/philipp/Projects/3DTD/3DTD/3DTD/Assets/Scripts/Diagnostics/PerfScenario.cs:371)
UnityEngine.SetupCoroutine:InvokeMoveNext (System.Collections.IEnumerator,intptr) (at /Users/bokken/build/output/unity/unity/Runtime/Export/Scripting/Coroutines.cs:17)

(Filename: /Users/bokken/build/output/unity/unity/Runtime/Export/Debug/Debug.bindings.cs Line: 123)

EffectPlayer: LaserMuzzleBlue plays batched one-shot
UnityEngine.Debug:ExtractStackTraceNoAlloc (byte*,int,string)
UnityEngine.StackTraceUtility:ExtractStackTrace () (at /Users/bokken/build/output/unity/unity/Runtime/Export/Scripting/StackTrace.cs:35)
UnityEngine.DebugLogHandler:Internal_Log (UnityEngine.LogType,UnityEngine.LogOption,string,UnityEngine.Object)
UnityEngine.DebugLogHandler:LogFormat (UnityEngine.LogType,UnityEngine.Object,string,object[]) (at /Users/bokken/build/output/unity/unity/Runtime/Export/Logging/DebugLogHandler.cs:9)
UnityEngine.Logger:Log (UnityEngine.LogType,object) (at /Users/bokken/build/output/unity/unity/Runtime/Export/Logging/Logger.cs:60)
UnityEngine.Debug:Log (object) (at /Users/bokken/build/output/unity/unity/Runtime/Export/Debug/Debug.bindings.cs:123)
EffectPlayer:LogBackend (UnityEngine.GameObject,string) (at /Users/philipp/Projects/3DTD/3DTD/3DTD/Assets/Scripts/Effects/EffectPlayer.cs:98)
EffectPool:PlayOneShot (UnityEngine.Vector3,UnityEngine.Quaternion,single,single,single) (at /Users/philipp/Projects/3DTD/3DTD/3DTD/Assets/Scripts/Effects/EffectPool.cs:72)
EffectPlayer:Play (UnityEngine.GameObject,UnityEngine.Vector3,UnityEngine.Quaternion,single,single,single) (at /Users/philipp/Projects/3DTD/3DTD/3DTD/Assets/Scripts/Effects/EffectPlayer.cs:81)
ProjectileSystem:Spawn (ProjectileArchetype,ProjectileSystem/Shot&,int,single) (at /Users/philipp/Projects/3DTD/3DTD/3DTD/Assets/Scripts/Combat/ProjectileSystem.cs:250)
ProjectileSystem:Fire (UnityEngine.GameObject,ProjectileSystem/Shot&) (at /Users/philipp/Projects/3DTD/3DTD/3DTD/Assets/Scripts/Combat/ProjectileSystem.cs:195)
BulletDispenserTowerActionStrategy:FireBullets (single) (at /Users/philipp/Projects/3DTD/3DTD/3DTD/Assets/Scripts/Tower/ActionStrategies/BulletDispenserTowerActionStrategy.cs:137)
BulletDispenserTowerActionStrategy:FireVolley (single) (at /Users/philipp/Projects/3DTD/3DTD/3DTD/Assets/Scripts/Tower/ActionStrategies/BulletDispenserTowerActionStrategy.cs:59)
BulletDispenserTowerActionStrategy:ExecuteAction () (at /Users/philipp/Projects/3DTD/3DTD/3DTD/Assets/Scripts/Tower/ActionStrategies/BulletDispenserTowerActionStrategy.cs:49)
Tower:Update () (at /Users/philipp/Projects/3DTD/3DTD/3DTD/Assets/Scripts/Entities/Tower.cs:89)

(Filename: /Users/bokken/build/output/unity/unity/Runtime/Export/Debug/Debug.bindings.cs Line: 123)

EffectPlayer: LaserBlue plays batched flight
UnityEngine.Debug:ExtractStackTraceNoAlloc (byte*,int,string)
UnityEngine.StackTraceUtility:ExtractStackTrace () (at /Users/bokken/build/output/unity/unity/Runtime/Export/Scripting/StackTrace.cs:35)
UnityEngine.DebugLogHandler:Internal_Log (UnityEngine.LogType,UnityEngine.LogOption,string,UnityEngine.Object)
UnityEngine.DebugLogHandler:LogFormat (UnityEngine.LogType,UnityEngine.Object,string,object[]) (at /Users/bokken/build/output/unity/unity/Runtime/Export/Logging/DebugLogHandler.cs:9)
UnityEngine.Logger:Log (UnityEngine.LogType,object) (at /Users/bokken/build/output/unity/unity/Runtime/Export/Logging/Logger.cs:60)
UnityEngine.Debug:Log (object) (at /Users/bokken/build/output/unity/unity/Runtime/Export/Debug/Debug.bindings.cs:123)
EffectPlayer:LogBackend (UnityEngine.GameObject,string) (at /Users/philipp/Projects/3DTD/3DTD/3DTD/Assets/Scripts/Effects/EffectPlayer.cs:98)
EffectPool:Attach (UnityEngine.Vector3,UnityEngine.Quaternion,single,UnityEngine.Vector3) (at /Users/philipp/Projects/3DTD/3DTD/3DTD/Assets/Scripts/Effects/EffectPool.cs:100)
EffectPlayer:Attach (UnityEngine.GameObject,UnityEngine.Vector3,UnityEngine.Quaternion,single,UnityEngine.Vector3) (at /Users/philipp/Projects/3DTD/3DTD/3DTD/Assets/Scripts/Effects/EffectPlayer.cs:92)
ProjectileSystem:Spawn (ProjectileArchetype,ProjectileSystem/Shot&,int,single) (at /Users/philipp/Projects/3DTD/3DTD/3DTD/Assets/Scripts/Combat/ProjectileSystem.cs:251)
ProjectileSystem:Fire (UnityEngine.GameObject,ProjectileSystem/Shot&) (at /Users/philipp/Projects/3DTD/3DTD/3DTD/Assets/Scripts/Combat/ProjectileSystem.cs:195)
BulletDispenserTowerActionStrategy:FireBullets (single) (at /Users/philipp/Projects/3DTD/3DTD/3DTD/Assets/Scripts/Tower/ActionStrategies/BulletDispenserTowerActionStrategy.cs:137)
BulletDispenserTowerActionStrategy:FireVolley (single) (at /Users/philipp/Projects/3DTD/3DTD/3DTD/Assets/Scripts/Tower/ActionStrategies/BulletDispenserTowerActionStrategy.cs:59)
BulletDispenserTowerActionStrategy:ExecuteAction () (at /Users/philipp/Projects/3DTD/3DTD/3DTD/Assets/Scripts/Tower/ActionStrategies/BulletDispenserTowerActionStrategy.cs:49)
Tower:Update () (at /Users/philipp/Projects/3DTD/3DTD/3DTD/Assets/Scripts/Entities/Tower.cs:89)

(Filename: /Users/bokken/build/output/unity/unity/Runtime/Export/Debug/Debug.bindings.cs Line: 123)

EffectPlayer: LaserExplosionBlue plays batched one-shot
UnityEngine.Debug:ExtractStackTraceNoAlloc (byte*,int,string)
UnityEngine.StackTraceUtility:ExtractStackTrace () (at /Users/bokken/build/output/unity/unity/Runtime/Export/Scripting/StackTrace.cs:35)
UnityEngine.DebugLogHandler:Internal_Log (UnityEngine.LogType,UnityEngine.LogOption,string,UnityEngine.Object)
UnityEngine.DebugLogHandler:LogFormat (UnityEngine.LogType,UnityEngine.Object,string,object[]) (at /Users/bokken/build/output/unity/unity/Runtime/Export/Logging/DebugLogHandler.cs:9)
UnityEngine.Logger:Log (UnityEngine.LogType,object) (at /Users/bokken/build/output/unity/unity/Runtime/Export/Logging/Logger.cs:60)
UnityEngine.Debug:Log (object) (at /Users/bokken/build/output/unity/unity/Runtime/Export/Debug/Debug.bindings.cs:123)
EffectPlayer:LogBackend (UnityEngine.GameObject,string) (at /Users/philipp/Projects/3DTD/3DTD/3DTD/Assets/Scripts/Effects/EffectPlayer.cs:98)
EffectPool:PlayOneShot (UnityEngine.Vector3,UnityEngine.Quaternion,single,single,single) (at /Users/philipp/Projects/3DTD/3DTD/3DTD/Assets/Scripts/Effects/EffectPool.cs:72)
EffectPlayer:Play (UnityEngine.GameObject,UnityEngine.Vector3,UnityEngine.Quaternion,single,single,single) (at /Users/philipp/Projects/3DTD/3DTD/3DTD/Assets/Scripts/Effects/EffectPlayer.cs:81)
ProjectileSystem:Apply () (at /Users/philipp/Projects/3DTD/3DTD/3DTD/Assets/Scripts/Combat/ProjectileSystem.cs:344)
ProjectileSystem:Update () (at /Users/philipp/Projects/3DTD/3DTD/3DTD/Assets/Scripts/Combat/ProjectileSystem.cs:310)

(Filename: /Users/bokken/build/output/unity/unity/Runtime/Export/Debug/Debug.bindings.cs Line: 123)

PERF RESULT T-BulletDispenser-3x: towers 1, frames 9602, frame p50/p95/p99/max 1.4/1.8/9.9/17.0 ms, main p50/p99 1.4/9.9 ms, speed 3.00x, GC steady 0.2% frames (111644 B, 14 B/frame), damage 123, kills 0, leaked 6494, pops 0, projectiles 486/486, death fx 0/0, fx 609/609, markers [PlayerLoop=1.60/9.9ms, Update.ScriptRunBehaviourUpdate=0.23/0.4ms, PreLateUpdate.ScriptRunBehaviourLateUpdate=0.02/0.0ms, FixedUpdate.PhysicsFixedUpdate=0.00/0.0ms, FixedUpdate.ScriptRunBehaviourFixedUpdate=0.00/0.0ms, PreUpdate.PhysicsUpdate=0.00/0.0ms, Physics.Simulate=0.10/0.1ms, Physics.SyncTransforms=0.15/0.2ms, Physics.SendTriggerEvents=0.00/0.1ms, Physics.SendContactEvents=0.00/0.0ms, ParticleSystem.EndUpdateAll=0.00/0.0ms, GC.Collect=0.00/0.0ms, GarbageCollector.CollectIncremental=0.00/0.0ms, 3DTD.Projectiles.Step=0.00/0.0ms, 3DTD.Projectiles.Apply=0.00/0.0ms, 3DTD.Effects.Update=0.02/0.1ms, 3DTD.Effects.TrailEmit=0.00/0.0ms, 3DTD.Effects.Flights=0.02/0.1ms, 3DTD.Effects.Batched=0.00/0.0ms, 3DTD.Effects.Emit=0.00/0.0ms, 3DTD.Effects.Particles=0.00/0.0ms, 3DTD.Effects.Retire=0.00/0.0ms, ParticleSystem.WaitForPreviousRenderingToFinish=0.00/0.0ms, ParticleSystem.UpdateJob=0.01/0.0ms, ParticleSystem.GeometryJob=0.04/0.3ms, ParticleSystem.TrailGeometryJob=0.00/0.1ms, ParticleSystem.Sort=0.00/0.0ms, ParticleSystem.Draw=0.00/0.0ms, Gfx.WaitForRenderThread=0.00/0.0ms, WaitForRenderJobs=0.00/0.0ms, CPU Render Thread Frame Time=0.83/1.0ms, GPU Frame Time=1.05/2.3ms, 3DTD.DeathEffects=0.00/0.0ms, 3DTD.Enemy.TakeDamage=0.00/0.0ms, 3DTD.Enemy.PopLayer=0.00/0.0ms, 3DTD.Enemy.ShowShape=0.00/0.0ms, 3DTD.Effects.Create=0.00/0.0ms, 3DTD.Projectiles.Fire=0.00/0.0ms, 3DTD.Effects.Play=0.00/0.0ms, 3DTD.Effects.Attach=0.00/0.0ms, BehaviourUpdate=0.23/0.4ms, Gfx.WaitForPresentOnGfxThread=0.14/8.1ms, Render.OpaqueGeometry=0.00/0.0ms, Render.TransparentGeometry=0.00/0.0ms, Instantiate=0.00/0.0ms], by type [Bullet Dispenser=123]
UnityEngine.Debug:ExtractStackTraceNoAlloc (byte*,int,string)
UnityEngine.StackTraceUtility:ExtractStackTrace () (at /Users/bokken/build/output/unity/unity/Runtime/Export/Scripting/StackTrace.cs:35)
UnityEngine.DebugLogHandler:Internal_Log (UnityEngine.LogType,UnityEngine.LogOption,string,UnityEngine.Object)
UnityEngine.DebugLogHandler:LogFormat (UnityEngine.LogType,UnityEngine.Object,string,object[]) (at /Users/bokken/build/output/unity/unity/Runtime/Export/Logging/DebugLogHandler.cs:9)
UnityEngine.Logger:Log (UnityEngine.LogType,object) (at /Users/bokken/build/output/unity/unity/Runtime/Export/Logging/Logger.cs:60)
UnityEngine.Debug:Log (object) (at /Users/bokken/build/output/unity/unity/Runtime/Export/Debug/Debug.bindings.cs:123)
PerfScenario:Summarize (PerfScenario/Run,PerfScenario/RunResult,System.Collections.Generic.List`1<Tower>,int) (at /Users/philipp/Projects/3DTD/3DTD/3DTD/Assets/Scripts/Diagnostics/PerfScenario.cs:1122)
PerfScenario/<RunOne>d__48:MoveNext () (at /Users/philipp/Projects/3DTD/3DTD/3DTD/Assets/Scripts/Diagnostics/PerfScenario.cs:438)
UnityEngine.SetupCoroutine:InvokeMoveNext (System.Collections.IEnumerator,intptr) (at /Users/bokken/build/output/unity/unity/Runtime/Export/Scripting/Coroutines.cs:17)

(Filename: /Users/bokken/build/output/unity/unity/Runtime/Export/Debug/Debug.bindings.cs Line: 123)

PERF EMIT (system: calls, particles, total ms, us/particle, max ms at count/alive)
  LaserBlue/SparkTrail: 1105, 27407, 6.3 ms, 0.23 us, max 0.02 ms at 18/448, first in frame 1034x 6.1 ms
  LaserBlue/Glow: 623, 14484, 2.0 ms, 0.14 us, max 0.02 ms at 196/317, first in frame 161x 1.0 ms
  LaserBlue/LaserBlue (flights): 126, 2061, 0.6 ms, 0.27 us, max 0.02 ms at 17/173, first in frame 99x 0.5 ms
  LaserMuzzleBlue/LaserMuzzleBlue (batched): 27, 3417, 0.3 ms, 0.08 us, max 0.02 ms at 128/0, first in frame 27x 0.3 ms
  LaserExplosionBlue/LaserExplosionBlue (batched): 61, 123, 0.1 ms, 0.97 us, max 0.01 ms at 2/0, first in frame 6x 0.0 ms
  LaserExplosionBlue/Glow: 61, 123, 0.1 ms, 0.59 us, max 0.00 ms at 1/1, first in frame 0x 0.0 ms
  LaserExplosionBlue/SphereGlow: 61, 123, 0.0 ms, 0.38 us, max 0.00 ms at 2/2, first in frame 0x 0.0 ms
  LaserMuzzleBlue/Glow: 27, 486, 0.0 ms, 0.09 us, max 0.00 ms at 18/0, first in frame 0x 0.0 ms
UnityEngine.Debug:ExtractStackTraceNoAlloc (byte*,int,string)
UnityEngine.StackTraceUtility:ExtractStackTrace () (at /Users/bokken/build/output/unity/unity/Runtime/Export/Scripting/StackTrace.cs:35)
UnityEngine.DebugLogHandler:Internal_Log (UnityEngine.LogType,UnityEngine.LogOption,string,UnityEngine.Object)
UnityEngine.DebugLogHandler:LogFormat (UnityEngine.LogType,UnityEngine.Object,string,object[]) (at /Users/bokken/build/output/unity/unity/Runtime/Export/Logging/DebugLogHandler.cs:9)
UnityEngine.Logger:Log (UnityEngine.LogType,object) (at /Users/bokken/build/output/unity/unity/Runtime/Export/Logging/Logger.cs:60)
UnityEngine.Debug:Log (object) (at /Users/bokken/build/output/unity/unity/Runtime/Export/Debug/Debug.bindings.cs:123)
PerfScenario:Summarize (PerfScenario/Run,PerfScenario/RunResult,System.Collections.Generic.List`1<Tower>,int) (at /Users/philipp/Projects/3DTD/3DTD/3DTD/Assets/Scripts/Diagnostics/PerfScenario.cs:1132)
PerfScenario/<RunOne>d__48:MoveNext () (at /Users/philipp/Projects/3DTD/3DTD/3DTD/Assets/Scripts/Diagnostics/PerfScenario.cs:438)
UnityEngine.SetupCoroutine:InvokeMoveNext (System.Collections.IEnumerator,intptr) (at /Users/bokken/build/output/unity/unity/Runtime/Export/Scripting/Coroutines.cs:17)

(Filename: /Users/bokken/build/output/unity/unity/Runtime/Export/Debug/Debug.bindings.cs Line: 123)

PERF RUN T-BulletDispenser-5x (single, 5x, round 60)
UnityEngine.Debug:ExtractStackTraceNoAlloc (byte*,int,string)
UnityEngine.StackTraceUtility:ExtractStackTrace () (at /Users/bokken/build/output/unity/unity/Runtime/Export/Scripting/StackTrace.cs:35)
UnityEngine.DebugLogHandler:Internal_Log (UnityEngine.LogType,UnityEngine.LogOption,string,UnityEngine.Object)
UnityEngine.DebugLogHandler:LogFormat (UnityEngine.LogType,UnityEngine.Object,string,object[]) (at /Users/bokken/build/output/unity/unity/Runtime/Export/Logging/DebugLogHandler.cs:9)
UnityEngine.Logger:Log (UnityEngine.LogType,object) (at /Users/bokken/build/output/unity/unity/Runtime/Export/Logging/Logger.cs:60)
UnityEngine.Debug:Log (object) (at /Users/bokken/build/output/unity/unity/Runtime/Export/Debug/Debug.bindings.cs:123)
PerfScenario/<RunOne>d__48:MoveNext () (at /Users/philipp/Projects/3DTD/3DTD/3DTD/Assets/Scripts/Diagnostics/PerfScenario.cs:326)
UnityEngine.SetupCoroutine:InvokeMoveNext (System.Collections.IEnumerator,intptr) (at /Users/bokken/build/output/unity/unity/Runtime/Export/Scripting/Coroutines.cs:17)

(Filename: /Users/bokken/build/output/unity/unity/Runtime/Export/Debug/Debug.bindings.cs Line: 123)

Unloading 3 Unused Serialized files (Serialized files now loaded: 0)
UnloadTime: 20.237833 ms
Unloading 7 unused Assets / (168 B). Loaded Objects now: 12949.
Memory consumption went from 134.7 MB to 134.7 MB.
Total: 1.933417 ms (FindLiveObjects: 0.195458 ms CreateObjectMapping: 0.227792 ms MarkObjects: 1.493375 ms  DeleteObjects: 0.016709 ms)

PERF layout T-BulletDispenser-5x: 154 block spots, 1 towers planned, 1 built
UnityEngine.Debug:ExtractStackTraceNoAlloc (byte*,int,string)
UnityEngine.StackTraceUtility:ExtractStackTrace () (at /Users/bokken/build/output/unity/unity/Runtime/Export/Scripting/StackTrace.cs:35)
UnityEngine.DebugLogHandler:Internal_Log (UnityEngine.LogType,UnityEngine.LogOption,string,UnityEngine.Object)
UnityEngine.DebugLogHandler:LogFormat (UnityEngine.LogType,UnityEngine.Object,string,object[]) (at /Users/bokken/build/output/unity/unity/Runtime/Export/Logging/DebugLogHandler.cs:9)
UnityEngine.Logger:Log (UnityEngine.LogType,object) (at /Users/bokken/build/output/unity/unity/Runtime/Export/Logging/Logger.cs:60)
UnityEngine.Debug:Log (object) (at /Users/bokken/build/output/unity/unity/Runtime/Export/Debug/Debug.bindings.cs:123)
PerfScenario/<RunOne>d__48:MoveNext () (at /Users/philipp/Projects/3DTD/3DTD/3DTD/Assets/Scripts/Diagnostics/PerfScenario.cs:371)
UnityEngine.SetupCoroutine:InvokeMoveNext (System.Collections.IEnumerator,intptr) (at /Users/bokken/build/output/unity/unity/Runtime/Export/Scripting/Coroutines.cs:17)

(Filename: /Users/bokken/build/output/unity/unity/Runtime/Export/Debug/Debug.bindings.cs Line: 123)

EffectPlayer: LaserMuzzleBlue plays batched one-shot
UnityEngine.Debug:ExtractStackTraceNoAlloc (byte*,int,string)
UnityEngine.StackTraceUtility:ExtractStackTrace () (at /Users/bokken/build/output/unity/unity/Runtime/Export/Scripting/StackTrace.cs:35)
UnityEngine.DebugLogHandler:Internal_Log (UnityEngine.LogType,UnityEngine.LogOption,string,UnityEngine.Object)
UnityEngine.DebugLogHandler:LogFormat (UnityEngine.LogType,UnityEngine.Object,string,object[]) (at /Users/bokken/build/output/unity/unity/Runtime/Export/Logging/DebugLogHandler.cs:9)
UnityEngine.Logger:Log (UnityEngine.LogType,object) (at /Users/bokken/build/output/unity/unity/Runtime/Export/Logging/Logger.cs:60)
UnityEngine.Debug:Log (object) (at /Users/bokken/build/output/unity/unity/Runtime/Export/Debug/Debug.bindings.cs:123)
EffectPlayer:LogBackend (UnityEngine.GameObject,string) (at /Users/philipp/Projects/3DTD/3DTD/3DTD/Assets/Scripts/Effects/EffectPlayer.cs:98)
EffectPool:PlayOneShot (UnityEngine.Vector3,UnityEngine.Quaternion,single,single,single) (at /Users/philipp/Projects/3DTD/3DTD/3DTD/Assets/Scripts/Effects/EffectPool.cs:72)
EffectPlayer:Play (UnityEngine.GameObject,UnityEngine.Vector3,UnityEngine.Quaternion,single,single,single) (at /Users/philipp/Projects/3DTD/3DTD/3DTD/Assets/Scripts/Effects/EffectPlayer.cs:81)
ProjectileSystem:Spawn (ProjectileArchetype,ProjectileSystem/Shot&,int,single) (at /Users/philipp/Projects/3DTD/3DTD/3DTD/Assets/Scripts/Combat/ProjectileSystem.cs:250)
ProjectileSystem:Fire (UnityEngine.GameObject,ProjectileSystem/Shot&) (at /Users/philipp/Projects/3DTD/3DTD/3DTD/Assets/Scripts/Combat/ProjectileSystem.cs:195)
BulletDispenserTowerActionStrategy:FireBullets (single) (at /Users/philipp/Projects/3DTD/3DTD/3DTD/Assets/Scripts/Tower/ActionStrategies/BulletDispenserTowerActionStrategy.cs:137)
BulletDispenserTowerActionStrategy:FireVolley (single) (at /Users/philipp/Projects/3DTD/3DTD/3DTD/Assets/Scripts/Tower/ActionStrategies/BulletDispenserTowerActionStrategy.cs:59)
BulletDispenserTowerActionStrategy:ExecuteAction () (at /Users/philipp/Projects/3DTD/3DTD/3DTD/Assets/Scripts/Tower/ActionStrategies/BulletDispenserTowerActionStrategy.cs:49)
Tower:Update () (at /Users/philipp/Projects/3DTD/3DTD/3DTD/Assets/Scripts/Entities/Tower.cs:89)

(Filename: /Users/bokken/build/output/unity/unity/Runtime/Export/Debug/Debug.bindings.cs Line: 123)

EffectPlayer: LaserBlue plays batched flight
UnityEngine.Debug:ExtractStackTraceNoAlloc (byte*,int,string)
UnityEngine.StackTraceUtility:ExtractStackTrace () (at /Users/bokken/build/output/unity/unity/Runtime/Export/Scripting/StackTrace.cs:35)
UnityEngine.DebugLogHandler:Internal_Log (UnityEngine.LogType,UnityEngine.LogOption,string,UnityEngine.Object)
UnityEngine.DebugLogHandler:LogFormat (UnityEngine.LogType,UnityEngine.Object,string,object[]) (at /Users/bokken/build/output/unity/unity/Runtime/Export/Logging/DebugLogHandler.cs:9)
UnityEngine.Logger:Log (UnityEngine.LogType,object) (at /Users/bokken/build/output/unity/unity/Runtime/Export/Logging/Logger.cs:60)
UnityEngine.Debug:Log (object) (at /Users/bokken/build/output/unity/unity/Runtime/Export/Debug/Debug.bindings.cs:123)
EffectPlayer:LogBackend (UnityEngine.GameObject,string) (at /Users/philipp/Projects/3DTD/3DTD/3DTD/Assets/Scripts/Effects/EffectPlayer.cs:98)
EffectPool:Attach (UnityEngine.Vector3,UnityEngine.Quaternion,single,UnityEngine.Vector3) (at /Users/philipp/Projects/3DTD/3DTD/3DTD/Assets/Scripts/Effects/EffectPool.cs:100)
EffectPlayer:Attach (UnityEngine.GameObject,UnityEngine.Vector3,UnityEngine.Quaternion,single,UnityEngine.Vector3) (at /Users/philipp/Projects/3DTD/3DTD/3DTD/Assets/Scripts/Effects/EffectPlayer.cs:92)
ProjectileSystem:Spawn (ProjectileArchetype,ProjectileSystem/Shot&,int,single) (at /Users/philipp/Projects/3DTD/3DTD/3DTD/Assets/Scripts/Combat/ProjectileSystem.cs:251)
ProjectileSystem:Fire (UnityEngine.GameObject,ProjectileSystem/Shot&) (at /Users/philipp/Projects/3DTD/3DTD/3DTD/Assets/Scripts/Combat/ProjectileSystem.cs:195)
BulletDispenserTowerActionStrategy:FireBullets (single) (at /Users/philipp/Projects/3DTD/3DTD/3DTD/Assets/Scripts/Tower/ActionStrategies/BulletDispenserTowerActionStrategy.cs:137)
BulletDispenserTowerActionStrategy:FireVolley (single) (at /Users/philipp/Projects/3DTD/3DTD/3DTD/Assets/Scripts/Tower/ActionStrategies/BulletDispenserTowerActionStrategy.cs:59)
BulletDispenserTowerActionStrategy:ExecuteAction () (at /Users/philipp/Projects/3DTD/3DTD/3DTD/Assets/Scripts/Tower/ActionStrategies/BulletDispenserTowerActionStrategy.cs:49)
Tower:Update () (at /Users/philipp/Projects/3DTD/3DTD/3DTD/Assets/Scripts/Entities/Tower.cs:89)

(Filename: /Users/bokken/build/output/unity/unity/Runtime/Export/Debug/Debug.bindings.cs Line: 123)

EffectPlayer: LaserExplosionBlue plays batched one-shot
UnityEngine.Debug:ExtractStackTraceNoAlloc (byte*,int,string)
UnityEngine.StackTraceUtility:ExtractStackTrace () (at /Users/bokken/build/output/unity/unity/Runtime/Export/Scripting/StackTrace.cs:35)
UnityEngine.DebugLogHandler:Internal_Log (UnityEngine.LogType,UnityEngine.LogOption,string,UnityEngine.Object)
UnityEngine.DebugLogHandler:LogFormat (UnityEngine.LogType,UnityEngine.Object,string,object[]) (at /Users/bokken/build/output/unity/unity/Runtime/Export/Logging/DebugLogHandler.cs:9)
UnityEngine.Logger:Log (UnityEngine.LogType,object) (at /Users/bokken/build/output/unity/unity/Runtime/Export/Logging/Logger.cs:60)
UnityEngine.Debug:Log (object) (at /Users/bokken/build/output/unity/unity/Runtime/Export/Debug/Debug.bindings.cs:123)
EffectPlayer:LogBackend (UnityEngine.GameObject,string) (at /Users/philipp/Projects/3DTD/3DTD/3DTD/Assets/Scripts/Effects/EffectPlayer.cs:98)
EffectPool:PlayOneShot (UnityEngine.Vector3,UnityEngine.Quaternion,single,single,single) (at /Users/philipp/Projects/3DTD/3DTD/3DTD/Assets/Scripts/Effects/EffectPool.cs:72)
EffectPlayer:Play (UnityEngine.GameObject,UnityEngine.Vector3,UnityEngine.Quaternion,single,single,single) (at /Users/philipp/Projects/3DTD/3DTD/3DTD/Assets/Scripts/Effects/EffectPlayer.cs:81)
ProjectileSystem:Apply () (at /Users/philipp/Projects/3DTD/3DTD/3DTD/Assets/Scripts/Combat/ProjectileSystem.cs:344)
ProjectileSystem:Update () (at /Users/philipp/Projects/3DTD/3DTD/3DTD/Assets/Scripts/Combat/ProjectileSystem.cs:310)

(Filename: /Users/bokken/build/output/unity/unity/Runtime/Export/Debug/Debug.bindings.cs Line: 123)

PERF RESULT T-BulletDispenser-5x: towers 1, frames 5597, frame p50/p95/p99/max 1.5/1.9/11.4/19.5 ms, main p50/p99 1.5/11.4 ms, speed 5.00x, GC steady 0.4% frames (111644 B, 26 B/frame), damage 123, kills 0, leaked 6494, pops 0, projectiles 486/486, death fx 0/0, fx 609/609, markers [PlayerLoop=1.64/11.4ms, Update.ScriptRunBehaviourUpdate=0.24/0.4ms, PreLateUpdate.ScriptRunBehaviourLateUpdate=0.02/0.0ms, FixedUpdate.PhysicsFixedUpdate=0.00/0.0ms, FixedUpdate.ScriptRunBehaviourFixedUpdate=0.00/0.0ms, PreUpdate.PhysicsUpdate=0.00/0.0ms, Physics.Simulate=0.10/0.2ms, Physics.SyncTransforms=0.16/0.2ms, Physics.SendTriggerEvents=0.00/0.1ms, Physics.SendContactEvents=0.00/0.0ms, ParticleSystem.EndUpdateAll=0.00/0.0ms, GC.Collect=0.00/0.0ms, GarbageCollector.CollectIncremental=0.00/0.0ms, 3DTD.Projectiles.Step=0.00/0.0ms, 3DTD.Projectiles.Apply=0.00/0.0ms, 3DTD.Effects.Update=0.02/0.1ms, 3DTD.Effects.TrailEmit=0.00/0.0ms, 3DTD.Effects.Flights=0.02/0.1ms, 3DTD.Effects.Batched=0.00/0.0ms, 3DTD.Effects.Emit=0.00/0.0ms, 3DTD.Effects.Particles=0.00/0.0ms, 3DTD.Effects.Retire=0.00/0.0ms, ParticleSystem.WaitForPreviousRenderingToFinish=0.00/0.0ms, ParticleSystem.UpdateJob=0.01/0.0ms, ParticleSystem.GeometryJob=0.04/0.3ms, ParticleSystem.TrailGeometryJob=0.00/0.1ms, ParticleSystem.Sort=0.00/0.0ms, ParticleSystem.Draw=0.00/0.0ms, Gfx.WaitForRenderThread=0.00/0.0ms, WaitForRenderJobs=0.00/0.0ms, CPU Render Thread Frame Time=0.84/1.0ms, GPU Frame Time=1.08/1.9ms, 3DTD.DeathEffects=0.00/0.0ms, 3DTD.Enemy.TakeDamage=0.00/0.0ms, 3DTD.Enemy.PopLayer=0.00/0.0ms, 3DTD.Enemy.ShowShape=0.00/0.0ms, 3DTD.Effects.Create=0.00/0.0ms, 3DTD.Projectiles.Fire=0.00/0.0ms, 3DTD.Effects.Play=0.00/0.0ms, 3DTD.Effects.Attach=0.00/0.0ms, BehaviourUpdate=0.24/0.4ms, Gfx.WaitForPresentOnGfxThread=0.17/9.9ms, Render.OpaqueGeometry=0.00/0.0ms, Render.TransparentGeometry=0.00/0.0ms, Instantiate=0.00/0.0ms], by type [Bullet Dispenser=123]
UnityEngine.Debug:ExtractStackTraceNoAlloc (byte*,int,string)
UnityEngine.StackTraceUtility:ExtractStackTrace () (at /Users/bokken/build/output/unity/unity/Runtime/Export/Scripting/StackTrace.cs:35)
UnityEngine.DebugLogHandler:Internal_Log (UnityEngine.LogType,UnityEngine.LogOption,string,UnityEngine.Object)
UnityEngine.DebugLogHandler:LogFormat (UnityEngine.LogType,UnityEngine.Object,string,object[]) (at /Users/bokken/build/output/unity/unity/Runtime/Export/Logging/DebugLogHandler.cs:9)
UnityEngine.Logger:Log (UnityEngine.LogType,object) (at /Users/bokken/build/output/unity/unity/Runtime/Export/Logging/Logger.cs:60)
UnityEngine.Debug:Log (object) (at /Users/bokken/build/output/unity/unity/Runtime/Export/Debug/Debug.bindings.cs:123)
PerfScenario:Summarize (PerfScenario/Run,PerfScenario/RunResult,System.Collections.Generic.List`1<Tower>,int) (at /Users/philipp/Projects/3DTD/3DTD/3DTD/Assets/Scripts/Diagnostics/PerfScenario.cs:1122)
PerfScenario/<RunOne>d__48:MoveNext () (at /Users/philipp/Projects/3DTD/3DTD/3DTD/Assets/Scripts/Diagnostics/PerfScenario.cs:438)
UnityEngine.SetupCoroutine:InvokeMoveNext (System.Collections.IEnumerator,intptr) (at /Users/bokken/build/output/unity/unity/Runtime/Export/Scripting/Coroutines.cs:17)

(Filename: /Users/bokken/build/output/unity/unity/Runtime/Export/Debug/Debug.bindings.cs Line: 123)

PERF EMIT (system: calls, particles, total ms, us/particle, max ms at count/alive)
  LaserBlue/SparkTrail: 810, 27052, 4.6 ms, 0.17 us, max 0.02 ms at 122/432, first in frame 698x 4.3 ms
  LaserBlue/Glow: 505, 14433, 1.3 ms, 0.09 us, max 0.01 ms at 252/276, first in frame 50x 0.3 ms
  LaserBlue/LaserBlue (flights): 125, 2081, 0.6 ms, 0.27 us, max 0.01 ms at 17/173, first in frame 98x 0.5 ms
  LaserMuzzleBlue/LaserMuzzleBlue (batched): 27, 3415, 0.3 ms, 0.08 us, max 0.02 ms at 123/0, first in frame 27x 0.3 ms
  LaserExplosionBlue/LaserExplosionBlue (batched): 54, 123, 0.1 ms, 0.79 us, max 0.01 ms at 2/0, first in frame 3x 0.0 ms
  LaserExplosionBlue/Glow: 54, 123, 0.1 ms, 0.49 us, max 0.00 ms at 1/3, first in frame 0x 0.0 ms
  LaserMuzzleBlue/Glow: 27, 486, 0.0 ms, 0.10 us, max 0.00 ms at 18/0, first in frame 0x 0.0 ms
  LaserExplosionBlue/SphereGlow: 54, 123, 0.0 ms, 0.31 us, max 0.00 ms at 3/0, first in frame 0x 0.0 ms
UnityEngine.Debug:ExtractStackTraceNoAlloc (byte*,int,string)
UnityEngine.StackTraceUtility:ExtractStackTrace () (at /Users/bokken/build/output/unity/unity/Runtime/Export/Scripting/StackTrace.cs:35)
UnityEngine.DebugLogHandler:Internal_Log (UnityEngine.LogType,UnityEngine.LogOption,string,UnityEngine.Object)
UnityEngine.DebugLogHandler:LogFormat (UnityEngine.LogType,UnityEngine.Object,string,object[]) (at /Users/bokken/build/output/unity/unity/Runtime/Export/Logging/DebugLogHandler.cs:9)
UnityEngine.Logger:Log (UnityEngine.LogType,object) (at /Users/bokken/build/output/unity/unity/Runtime/Export/Logging/Logger.cs:60)
UnityEngine.Debug:Log (object) (at /Users/bokken/build/output/unity/unity/Runtime/Export/Debug/Debug.bindings.cs:123)
PerfScenario:Summarize (PerfScenario/Run,PerfScenario/RunResult,System.Collections.Generic.List`1<Tower>,int) (at /Users/philipp/Projects/3DTD/3DTD/3DTD/Assets/Scripts/Diagnostics/PerfScenario.cs:1132)
PerfScenario/<RunOne>d__48:MoveNext () (at /Users/philipp/Projects/3DTD/3DTD/3DTD/Assets/Scripts/Diagnostics/PerfScenario.cs:438)
UnityEngine.SetupCoroutine:InvokeMoveNext (System.Collections.IEnumerator,intptr) (at /Users/bokken/build/output/unity/unity/Runtime/Export/Scripting/Coroutines.cs:17)

(Filename: /Users/bokken/build/output/unity/unity/Runtime/Export/Debug/Debug.bindings.cs Line: 123)

PERF RUN T-Hangar-1x (single, 1x, round 60)
UnityEngine.Debug:ExtractStackTraceNoAlloc (byte*,int,string)
UnityEngine.StackTraceUtility:ExtractStackTrace () (at /Users/bokken/build/output/unity/unity/Runtime/Export/Scripting/StackTrace.cs:35)
UnityEngine.DebugLogHandler:Internal_Log (UnityEngine.LogType,UnityEngine.LogOption,string,UnityEngine.Object)
UnityEngine.DebugLogHandler:LogFormat (UnityEngine.LogType,UnityEngine.Object,string,object[]) (at /Users/bokken/build/output/unity/unity/Runtime/Export/Logging/DebugLogHandler.cs:9)
UnityEngine.Logger:Log (UnityEngine.LogType,object) (at /Users/bokken/build/output/unity/unity/Runtime/Export/Logging/Logger.cs:60)
UnityEngine.Debug:Log (object) (at /Users/bokken/build/output/unity/unity/Runtime/Export/Debug/Debug.bindings.cs:123)
PerfScenario/<RunOne>d__48:MoveNext () (at /Users/philipp/Projects/3DTD/3DTD/3DTD/Assets/Scripts/Diagnostics/PerfScenario.cs:326)
UnityEngine.SetupCoroutine:InvokeMoveNext (System.Collections.IEnumerator,intptr) (at /Users/bokken/build/output/unity/unity/Runtime/Export/Scripting/Coroutines.cs:17)

(Filename: /Users/bokken/build/output/unity/unity/Runtime/Export/Debug/Debug.bindings.cs Line: 123)

Unloading 3 Unused Serialized files (Serialized files now loaded: 0)
UnloadTime: 21.250750 ms
Unloading 7 unused Assets / (168 B). Loaded Objects now: 12949.
Memory consumption went from 134.7 MB to 134.7 MB.
Total: 1.685042 ms (FindLiveObjects: 0.190417 ms CreateObjectMapping: 0.218083 ms MarkObjects: 1.259125 ms  DeleteObjects: 0.017291 ms)

PERF layout T-Hangar-1x: 154 block spots, 1 towers planned, 1 built
UnityEngine.Debug:ExtractStackTraceNoAlloc (byte*,int,string)
UnityEngine.StackTraceUtility:ExtractStackTrace () (at /Users/bokken/build/output/unity/unity/Runtime/Export/Scripting/StackTrace.cs:35)
UnityEngine.DebugLogHandler:Internal_Log (UnityEngine.LogType,UnityEngine.LogOption,string,UnityEngine.Object)
UnityEngine.DebugLogHandler:LogFormat (UnityEngine.LogType,UnityEngine.Object,string,object[]) (at /Users/bokken/build/output/unity/unity/Runtime/Export/Logging/DebugLogHandler.cs:9)
UnityEngine.Logger:Log (UnityEngine.LogType,object) (at /Users/bokken/build/output/unity/unity/Runtime/Export/Logging/Logger.cs:60)
UnityEngine.Debug:Log (object) (at /Users/bokken/build/output/unity/unity/Runtime/Export/Debug/Debug.bindings.cs:123)
PerfScenario/<RunOne>d__48:MoveNext () (at /Users/philipp/Projects/3DTD/3DTD/3DTD/Assets/Scripts/Diagnostics/PerfScenario.cs:371)
UnityEngine.SetupCoroutine:InvokeMoveNext (System.Collections.IEnumerator,intptr) (at /Users/bokken/build/output/unity/unity/Runtime/Export/Scripting/Coroutines.cs:17)

(Filename: /Users/bokken/build/output/unity/unity/Runtime/Export/Debug/Debug.bindings.cs Line: 123)

EffectPlayer: LaserMuzzleBlue plays batched one-shot
UnityEngine.Debug:ExtractStackTraceNoAlloc (byte*,int,string)
UnityEngine.StackTraceUtility:ExtractStackTrace () (at /Users/bokken/build/output/unity/unity/Runtime/Export/Scripting/StackTrace.cs:35)
UnityEngine.DebugLogHandler:Internal_Log (UnityEngine.LogType,UnityEngine.LogOption,string,UnityEngine.Object)
UnityEngine.DebugLogHandler:LogFormat (UnityEngine.LogType,UnityEngine.Object,string,object[]) (at /Users/bokken/build/output/unity/unity/Runtime/Export/Logging/DebugLogHandler.cs:9)
UnityEngine.Logger:Log (UnityEngine.LogType,object) (at /Users/bokken/build/output/unity/unity/Runtime/Export/Logging/Logger.cs:60)
UnityEngine.Debug:Log (object) (at /Users/bokken/build/output/unity/unity/Runtime/Export/Debug/Debug.bindings.cs:123)
EffectPlayer:LogBackend (UnityEngine.GameObject,string) (at /Users/philipp/Projects/3DTD/3DTD/3DTD/Assets/Scripts/Effects/EffectPlayer.cs:98)
EffectPool:PlayOneShot (UnityEngine.Vector3,UnityEngine.Quaternion,single,single,single) (at /Users/philipp/Projects/3DTD/3DTD/3DTD/Assets/Scripts/Effects/EffectPool.cs:72)
EffectPlayer:Play (UnityEngine.GameObject,UnityEngine.Vector3,UnityEngine.Quaternion,single,single,single) (at /Users/philipp/Projects/3DTD/3DTD/3DTD/Assets/Scripts/Effects/EffectPlayer.cs:81)
ProjectileSystem:Spawn (ProjectileArchetype,ProjectileSystem/Shot&,int,single) (at /Users/philipp/Projects/3DTD/3DTD/3DTD/Assets/Scripts/Combat/ProjectileSystem.cs:250)
ProjectileSystem:Fire (UnityEngine.GameObject,ProjectileSystem/Shot&) (at /Users/philipp/Projects/3DTD/3DTD/3DTD/Assets/Scripts/Combat/ProjectileSystem.cs:195)
HangarTowerActionStrategy:FireCannon (UnityEngine.Transform,Enemy,single) (at /Users/philipp/Projects/3DTD/3DTD/3DTD/Assets/Scripts/Tower/ActionStrategies/HangarTowerActionStrategy.cs:181)
Starfighter:TryFireCannons () (at /Users/philipp/Projects/3DTD/3DTD/3DTD/Assets/Scripts/Entities/Starfighter.cs:650)
Starfighter:UpdateStrafing (single) (at /Users/philipp/Projects/3DTD/3DTD/3DTD/Assets/Scripts/Entities/Starfighter.cs:301)
Starfighter:Simulate (single) (at /Users/philipp/Projects/3DTD/3DTD/3DTD/Assets/Scripts/Entities/Starfighter.cs:172)
Starfighter:Update () (at /Users/philipp/Projects/3DTD/3DTD/3DTD/Assets/Scripts/Entities/Starfighter.cs:139)

(Filename: /Users/bokken/build/output/unity/unity/Runtime/Export/Debug/Debug.bindings.cs Line: 123)

EffectPlayer: LaserBlue plays batched flight
UnityEngine.Debug:ExtractStackTraceNoAlloc (byte*,int,string)
UnityEngine.StackTraceUtility:ExtractStackTrace () (at /Users/bokken/build/output/unity/unity/Runtime/Export/Scripting/StackTrace.cs:35)
UnityEngine.DebugLogHandler:Internal_Log (UnityEngine.LogType,UnityEngine.LogOption,string,UnityEngine.Object)
UnityEngine.DebugLogHandler:LogFormat (UnityEngine.LogType,UnityEngine.Object,string,object[]) (at /Users/bokken/build/output/unity/unity/Runtime/Export/Logging/DebugLogHandler.cs:9)
UnityEngine.Logger:Log (UnityEngine.LogType,object) (at /Users/bokken/build/output/unity/unity/Runtime/Export/Logging/Logger.cs:60)
UnityEngine.Debug:Log (object) (at /Users/bokken/build/output/unity/unity/Runtime/Export/Debug/Debug.bindings.cs:123)
EffectPlayer:LogBackend (UnityEngine.GameObject,string) (at /Users/philipp/Projects/3DTD/3DTD/3DTD/Assets/Scripts/Effects/EffectPlayer.cs:98)
EffectPool:Attach (UnityEngine.Vector3,UnityEngine.Quaternion,single,UnityEngine.Vector3) (at /Users/philipp/Projects/3DTD/3DTD/3DTD/Assets/Scripts/Effects/EffectPool.cs:100)
EffectPlayer:Attach (UnityEngine.GameObject,UnityEngine.Vector3,UnityEngine.Quaternion,single,UnityEngine.Vector3) (at /Users/philipp/Projects/3DTD/3DTD/3DTD/Assets/Scripts/Effects/EffectPlayer.cs:92)
ProjectileSystem:Spawn (ProjectileArchetype,ProjectileSystem/Shot&,int,single) (at /Users/philipp/Projects/3DTD/3DTD/3DTD/Assets/Scripts/Combat/ProjectileSystem.cs:251)
ProjectileSystem:Fire (UnityEngine.GameObject,ProjectileSystem/Shot&) (at /Users/philipp/Projects/3DTD/3DTD/3DTD/Assets/Scripts/Combat/ProjectileSystem.cs:195)
HangarTowerActionStrategy:FireCannon (UnityEngine.Transform,Enemy,single) (at /Users/philipp/Projects/3DTD/3DTD/3DTD/Assets/Scripts/Tower/ActionStrategies/HangarTowerActionStrategy.cs:181)
Starfighter:TryFireCannons () (at /Users/philipp/Projects/3DTD/3DTD/3DTD/Assets/Scripts/Entities/Starfighter.cs:650)
Starfighter:UpdateStrafing (single) (at /Users/philipp/Projects/3DTD/3DTD/3DTD/Assets/Scripts/Entities/Starfighter.cs:301)
Starfighter:Simulate (single) (at /Users/philipp/Projects/3DTD/3DTD/3DTD/Assets/Scripts/Entities/Starfighter.cs:172)
Starfighter:Update () (at /Users/philipp/Projects/3DTD/3DTD/3DTD/Assets/Scripts/Entities/Starfighter.cs:139)

(Filename: /Users/bokken/build/output/unity/unity/Runtime/Export/Debug/Debug.bindings.cs Line: 123)

EffectPlayer: LaserExplosionBlue plays batched one-shot
UnityEngine.Debug:ExtractStackTraceNoAlloc (byte*,int,string)
UnityEngine.StackTraceUtility:ExtractStackTrace () (at /Users/bokken/build/output/unity/unity/Runtime/Export/Scripting/StackTrace.cs:35)
UnityEngine.DebugLogHandler:Internal_Log (UnityEngine.LogType,UnityEngine.LogOption,string,UnityEngine.Object)
UnityEngine.DebugLogHandler:LogFormat (UnityEngine.LogType,UnityEngine.Object,string,object[]) (at /Users/bokken/build/output/unity/unity/Runtime/Export/Logging/DebugLogHandler.cs:9)
UnityEngine.Logger:Log (UnityEngine.LogType,object) (at /Users/bokken/build/output/unity/unity/Runtime/Export/Logging/Logger.cs:60)
UnityEngine.Debug:Log (object) (at /Users/bokken/build/output/unity/unity/Runtime/Export/Debug/Debug.bindings.cs:123)
EffectPlayer:LogBackend (UnityEngine.GameObject,string) (at /Users/philipp/Projects/3DTD/3DTD/3DTD/Assets/Scripts/Effects/EffectPlayer.cs:98)
EffectPool:PlayOneShot (UnityEngine.Vector3,UnityEngine.Quaternion,single,single,single) (at /Users/philipp/Projects/3DTD/3DTD/3DTD/Assets/Scripts/Effects/EffectPool.cs:72)
EffectPlayer:Play (UnityEngine.GameObject,UnityEngine.Vector3,UnityEngine.Quaternion,single,single,single) (at /Users/philipp/Projects/3DTD/3DTD/3DTD/Assets/Scripts/Effects/EffectPlayer.cs:81)
ProjectileSystem:Apply () (at /Users/philipp/Projects/3DTD/3DTD/3DTD/Assets/Scripts/Combat/ProjectileSystem.cs:354)
ProjectileSystem:Update () (at /Users/philipp/Projects/3DTD/3DTD/3DTD/Assets/Scripts/Combat/ProjectileSystem.cs:310)

(Filename: /Users/bokken/build/output/unity/unity/Runtime/Export/Debug/Debug.bindings.cs Line: 123)

PERF RESULT T-Hangar-1x: towers 1, frames 35693, frame p50/p95/p99/max 1.4/1.8/10.6/18.9 ms, main p50/p99 1.4/10.6 ms, speed 1.00x, GC steady 0.5% frames (14596278 B, 429 B/frame), damage 556, kills 0, leaked 6477, pops 17, projectiles 156/156, death fx 20/20, fx 434/434, markers [PlayerLoop=1.55/10.6ms, Update.ScriptRunBehaviourUpdate=0.21/0.4ms, PreLateUpdate.ScriptRunBehaviourLateUpdate=0.02/0.0ms, FixedUpdate.PhysicsFixedUpdate=0.00/0.0ms, FixedUpdate.ScriptRunBehaviourFixedUpdate=0.00/0.0ms, PreUpdate.PhysicsUpdate=0.00/0.0ms, Physics.Simulate=0.09/0.1ms, Physics.SyncTransforms=0.12/0.2ms, Physics.SendTriggerEvents=0.00/0.0ms, Physics.SendContactEvents=0.00/0.0ms, ParticleSystem.EndUpdateAll=0.00/0.0ms, GC.Collect=0.00/0.0ms, GarbageCollector.CollectIncremental=0.00/0.0ms, 3DTD.Projectiles.Step=0.00/0.0ms, 3DTD.Projectiles.Apply=0.00/0.0ms, 3DTD.Effects.Update=0.02/0.0ms, 3DTD.Effects.TrailEmit=0.00/0.0ms, 3DTD.Effects.Flights=0.02/0.0ms, 3DTD.Effects.Batched=0.00/0.0ms, 3DTD.Effects.Emit=0.00/0.0ms, 3DTD.Effects.Particles=0.00/0.0ms, 3DTD.Effects.Retire=0.00/0.0ms, ParticleSystem.WaitForPreviousRenderingToFinish=0.00/0.0ms, ParticleSystem.UpdateJob=0.01/0.0ms, ParticleSystem.GeometryJob=0.02/0.1ms, ParticleSystem.TrailGeometryJob=0.00/0.0ms, ParticleSystem.Sort=0.00/0.0ms, ParticleSystem.Draw=0.00/0.0ms, Gfx.WaitForRenderThread=0.00/0.0ms, WaitForRenderJobs=0.00/0.0ms, CPU Render Thread Frame Time=0.82/1.0ms, GPU Frame Time=1.04/1.5ms, 3DTD.DeathEffects=0.00/0.0ms, 3DTD.Enemy.TakeDamage=0.00/0.0ms, 3DTD.Enemy.PopLayer=0.00/0.0ms, 3DTD.Enemy.ShowShape=0.00/0.0ms, 3DTD.Effects.Create=0.00/0.0ms, 3DTD.Projectiles.Fire=0.00/0.0ms, 3DTD.Effects.Play=0.00/0.0ms, 3DTD.Effects.Attach=0.00/0.0ms, BehaviourUpdate=0.21/0.4ms, Gfx.WaitForPresentOnGfxThread=0.18/8.9ms, Render.OpaqueGeometry=0.00/0.0ms, Render.TransparentGeometry=0.00/0.0ms, Instantiate=0.00/0.0ms], by type [Hangar=556]
UnityEngine.Debug:ExtractStackTraceNoAlloc (byte*,int,string)
UnityEngine.StackTraceUtility:ExtractStackTrace () (at /Users/bokken/build/output/unity/unity/Runtime/Export/Scripting/StackTrace.cs:35)
UnityEngine.DebugLogHandler:Internal_Log (UnityEngine.LogType,UnityEngine.LogOption,string,UnityEngine.Object)
UnityEngine.DebugLogHandler:LogFormat (UnityEngine.LogType,UnityEngine.Object,string,object[]) (at /Users/bokken/build/output/unity/unity/Runtime/Export/Logging/DebugLogHandler.cs:9)
UnityEngine.Logger:Log (UnityEngine.LogType,object) (at /Users/bokken/build/output/unity/unity/Runtime/Export/Logging/Logger.cs:60)
UnityEngine.Debug:Log (object) (at /Users/bokken/build/output/unity/unity/Runtime/Export/Debug/Debug.bindings.cs:123)
PerfScenario:Summarize (PerfScenario/Run,PerfScenario/RunResult,System.Collections.Generic.List`1<Tower>,int) (at /Users/philipp/Projects/3DTD/3DTD/3DTD/Assets/Scripts/Diagnostics/PerfScenario.cs:1122)
PerfScenario/<RunOne>d__48:MoveNext () (at /Users/philipp/Projects/3DTD/3DTD/3DTD/Assets/Scripts/Diagnostics/PerfScenario.cs:438)
UnityEngine.SetupCoroutine:InvokeMoveNext (System.Collections.IEnumerator,intptr) (at /Users/bokken/build/output/unity/unity/Runtime/Export/Scripting/Coroutines.cs:17)

(Filename: /Users/bokken/build/output/unity/unity/Runtime/Export/Debug/Debug.bindings.cs Line: 123)

PERF EMIT (system: calls, particles, total ms, us/particle, max ms at count/alive)
  LaserBlue/SparkTrail: 1978, 6753, 12.0 ms, 1.78 us, max 0.02 ms at 4/72, first in frame 1947x 11.9 ms
  LaserBlue/Glow: 454, 2292, 1.7 ms, 0.73 us, max 0.02 ms at 2/16, first in frame 193x 1.2 ms
  LaserExplosionBlue/LaserExplosionBlue (batched): 162, 278, 0.6 ms, 2.23 us, max 0.02 ms at 1/2, first in frame 70x 0.5 ms
  LaserMuzzleBlue/LaserMuzzleBlue (batched): 55, 1089, 0.4 ms, 0.35 us, max 0.02 ms at 30/26, first in frame 55x 0.4 ms
  LaserExplosionBlue/Glow: 162, 278, 0.2 ms, 0.76 us, max 0.00 ms at 2/8, first in frame 0x 0.0 ms
  LaserBlue/LaserBlue (flights): 89, 267, 0.2 ms, 0.75 us, max 0.01 ms at 4/30, first in frame 34x 0.2 ms
  LaserExplosionBlue/SphereGlow: 162, 278, 0.1 ms, 0.43 us, max 0.00 ms at 1/16, first in frame 0x 0.0 ms
  LaserMuzzleBlue/Glow: 55, 156, 0.1 ms, 0.41 us, max 0.00 ms at 2/2, first in frame 0x 0.0 ms
UnityEngine.Debug:ExtractStackTraceNoAlloc (byte*,int,string)
UnityEngine.StackTraceUtility:ExtractStackTrace () (at /Users/bokken/build/output/unity/unity/Runtime/Export/Scripting/StackTrace.cs:35)
UnityEngine.DebugLogHandler:Internal_Log (UnityEngine.LogType,UnityEngine.LogOption,string,UnityEngine.Object)
UnityEngine.DebugLogHandler:LogFormat (UnityEngine.LogType,UnityEngine.Object,string,object[]) (at /Users/bokken/build/output/unity/unity/Runtime/Export/Logging/DebugLogHandler.cs:9)
UnityEngine.Logger:Log (UnityEngine.LogType,object) (at /Users/bokken/build/output/unity/unity/Runtime/Export/Logging/Logger.cs:60)
UnityEngine.Debug:Log (object) (at /Users/bokken/build/output/unity/unity/Runtime/Export/Debug/Debug.bindings.cs:123)
PerfScenario:Summarize (PerfScenario/Run,PerfScenario/RunResult,System.Collections.Generic.List`1<Tower>,int) (at /Users/philipp/Projects/3DTD/3DTD/3DTD/Assets/Scripts/Diagnostics/PerfScenario.cs:1132)
PerfScenario/<RunOne>d__48:MoveNext () (at /Users/philipp/Projects/3DTD/3DTD/3DTD/Assets/Scripts/Diagnostics/PerfScenario.cs:438)
UnityEngine.SetupCoroutine:InvokeMoveNext (System.Collections.IEnumerator,intptr) (at /Users/bokken/build/output/unity/unity/Runtime/Export/Scripting/Coroutines.cs:17)

(Filename: /Users/bokken/build/output/unity/unity/Runtime/Export/Debug/Debug.bindings.cs Line: 123)

PERF RUN T-Hangar-3x (single, 3x, round 60)
UnityEngine.Debug:ExtractStackTraceNoAlloc (byte*,int,string)
UnityEngine.StackTraceUtility:ExtractStackTrace () (at /Users/bokken/build/output/unity/unity/Runtime/Export/Scripting/StackTrace.cs:35)
UnityEngine.DebugLogHandler:Internal_Log (UnityEngine.LogType,UnityEngine.LogOption,string,UnityEngine.Object)
UnityEngine.DebugLogHandler:LogFormat (UnityEngine.LogType,UnityEngine.Object,string,object[]) (at /Users/bokken/build/output/unity/unity/Runtime/Export/Logging/DebugLogHandler.cs:9)
UnityEngine.Logger:Log (UnityEngine.LogType,object) (at /Users/bokken/build/output/unity/unity/Runtime/Export/Logging/Logger.cs:60)
UnityEngine.Debug:Log (object) (at /Users/bokken/build/output/unity/unity/Runtime/Export/Debug/Debug.bindings.cs:123)
PerfScenario/<RunOne>d__48:MoveNext () (at /Users/philipp/Projects/3DTD/3DTD/3DTD/Assets/Scripts/Diagnostics/PerfScenario.cs:326)
UnityEngine.SetupCoroutine:InvokeMoveNext (System.Collections.IEnumerator,intptr) (at /Users/bokken/build/output/unity/unity/Runtime/Export/Scripting/Coroutines.cs:17)

(Filename: /Users/bokken/build/output/unity/unity/Runtime/Export/Debug/Debug.bindings.cs Line: 123)

Unloading 3 Unused Serialized files (Serialized files now loaded: 0)
UnloadTime: 20.874041 ms
Unloading 7 unused Assets / (168 B). Loaded Objects now: 12949.
Memory consumption went from 134.7 MB to 134.7 MB.
Total: 2.347542 ms (FindLiveObjects: 0.212833 ms CreateObjectMapping: 0.229000 ms MarkObjects: 1.884375 ms  DeleteObjects: 0.020958 ms)

PERF layout T-Hangar-3x: 154 block spots, 1 towers planned, 1 built
UnityEngine.Debug:ExtractStackTraceNoAlloc (byte*,int,string)
UnityEngine.StackTraceUtility:ExtractStackTrace () (at /Users/bokken/build/output/unity/unity/Runtime/Export/Scripting/StackTrace.cs:35)
UnityEngine.DebugLogHandler:Internal_Log (UnityEngine.LogType,UnityEngine.LogOption,string,UnityEngine.Object)
UnityEngine.DebugLogHandler:LogFormat (UnityEngine.LogType,UnityEngine.Object,string,object[]) (at /Users/bokken/build/output/unity/unity/Runtime/Export/Logging/DebugLogHandler.cs:9)
UnityEngine.Logger:Log (UnityEngine.LogType,object) (at /Users/bokken/build/output/unity/unity/Runtime/Export/Logging/Logger.cs:60)
UnityEngine.Debug:Log (object) (at /Users/bokken/build/output/unity/unity/Runtime/Export/Debug/Debug.bindings.cs:123)
PerfScenario/<RunOne>d__48:MoveNext () (at /Users/philipp/Projects/3DTD/3DTD/3DTD/Assets/Scripts/Diagnostics/PerfScenario.cs:371)
UnityEngine.SetupCoroutine:InvokeMoveNext (System.Collections.IEnumerator,intptr) (at /Users/bokken/build/output/unity/unity/Runtime/Export/Scripting/Coroutines.cs:17)

(Filename: /Users/bokken/build/output/unity/unity/Runtime/Export/Debug/Debug.bindings.cs Line: 123)

EffectPlayer: LaserMuzzleBlue plays batched one-shot
UnityEngine.Debug:ExtractStackTraceNoAlloc (byte*,int,string)
UnityEngine.StackTraceUtility:ExtractStackTrace () (at /Users/bokken/build/output/unity/unity/Runtime/Export/Scripting/StackTrace.cs:35)
UnityEngine.DebugLogHandler:Internal_Log (UnityEngine.LogType,UnityEngine.LogOption,string,UnityEngine.Object)
UnityEngine.DebugLogHandler:LogFormat (UnityEngine.LogType,UnityEngine.Object,string,object[]) (at /Users/bokken/build/output/unity/unity/Runtime/Export/Logging/DebugLogHandler.cs:9)
UnityEngine.Logger:Log (UnityEngine.LogType,object) (at /Users/bokken/build/output/unity/unity/Runtime/Export/Logging/Logger.cs:60)
UnityEngine.Debug:Log (object) (at /Users/bokken/build/output/unity/unity/Runtime/Export/Debug/Debug.bindings.cs:123)
EffectPlayer:LogBackend (UnityEngine.GameObject,string) (at /Users/philipp/Projects/3DTD/3DTD/3DTD/Assets/Scripts/Effects/EffectPlayer.cs:98)
EffectPool:PlayOneShot (UnityEngine.Vector3,UnityEngine.Quaternion,single,single,single) (at /Users/philipp/Projects/3DTD/3DTD/3DTD/Assets/Scripts/Effects/EffectPool.cs:72)
EffectPlayer:Play (UnityEngine.GameObject,UnityEngine.Vector3,UnityEngine.Quaternion,single,single,single) (at /Users/philipp/Projects/3DTD/3DTD/3DTD/Assets/Scripts/Effects/EffectPlayer.cs:81)
ProjectileSystem:Spawn (ProjectileArchetype,ProjectileSystem/Shot&,int,single) (at /Users/philipp/Projects/3DTD/3DTD/3DTD/Assets/Scripts/Combat/ProjectileSystem.cs:250)
ProjectileSystem:Fire (UnityEngine.GameObject,ProjectileSystem/Shot&) (at /Users/philipp/Projects/3DTD/3DTD/3DTD/Assets/Scripts/Combat/ProjectileSystem.cs:195)
HangarTowerActionStrategy:FireCannon (UnityEngine.Transform,Enemy,single) (at /Users/philipp/Projects/3DTD/3DTD/3DTD/Assets/Scripts/Tower/ActionStrategies/HangarTowerActionStrategy.cs:181)
Starfighter:TryFireCannons () (at /Users/philipp/Projects/3DTD/3DTD/3DTD/Assets/Scripts/Entities/Starfighter.cs:650)
Starfighter:UpdateStrafing (single) (at /Users/philipp/Projects/3DTD/3DTD/3DTD/Assets/Scripts/Entities/Starfighter.cs:301)
Starfighter:Simulate (single) (at /Users/philipp/Projects/3DTD/3DTD/3DTD/Assets/Scripts/Entities/Starfighter.cs:172)
Starfighter:Update () (at /Users/philipp/Projects/3DTD/3DTD/3DTD/Assets/Scripts/Entities/Starfighter.cs:139)

(Filename: /Users/bokken/build/output/unity/unity/Runtime/Export/Debug/Debug.bindings.cs Line: 123)

EffectPlayer: LaserBlue plays batched flight
UnityEngine.Debug:ExtractStackTraceNoAlloc (byte*,int,string)
UnityEngine.StackTraceUtility:ExtractStackTrace () (at /Users/bokken/build/output/unity/unity/Runtime/Export/Scripting/StackTrace.cs:35)
UnityEngine.DebugLogHandler:Internal_Log (UnityEngine.LogType,UnityEngine.LogOption,string,UnityEngine.Object)
UnityEngine.DebugLogHandler:LogFormat (UnityEngine.LogType,UnityEngine.Object,string,object[]) (at /Users/bokken/build/output/unity/unity/Runtime/Export/Logging/DebugLogHandler.cs:9)
UnityEngine.Logger:Log (UnityEngine.LogType,object) (at /Users/bokken/build/output/unity/unity/Runtime/Export/Logging/Logger.cs:60)
UnityEngine.Debug:Log (object) (at /Users/bokken/build/output/unity/unity/Runtime/Export/Debug/Debug.bindings.cs:123)
EffectPlayer:LogBackend (UnityEngine.GameObject,string) (at /Users/philipp/Projects/3DTD/3DTD/3DTD/Assets/Scripts/Effects/EffectPlayer.cs:98)
EffectPool:Attach (UnityEngine.Vector3,UnityEngine.Quaternion,single,UnityEngine.Vector3) (at /Users/philipp/Projects/3DTD/3DTD/3DTD/Assets/Scripts/Effects/EffectPool.cs:100)
EffectPlayer:Attach (UnityEngine.GameObject,UnityEngine.Vector3,UnityEngine.Quaternion,single,UnityEngine.Vector3) (at /Users/philipp/Projects/3DTD/3DTD/3DTD/Assets/Scripts/Effects/EffectPlayer.cs:92)
ProjectileSystem:Spawn (ProjectileArchetype,ProjectileSystem/Shot&,int,single) (at /Users/philipp/Projects/3DTD/3DTD/3DTD/Assets/Scripts/Combat/ProjectileSystem.cs:251)
ProjectileSystem:Fire (UnityEngine.GameObject,ProjectileSystem/Shot&) (at /Users/philipp/Projects/3DTD/3DTD/3DTD/Assets/Scripts/Combat/ProjectileSystem.cs:195)
HangarTowerActionStrategy:FireCannon (UnityEngine.Transform,Enemy,single) (at /Users/philipp/Projects/3DTD/3DTD/3DTD/Assets/Scripts/Tower/ActionStrategies/HangarTowerActionStrategy.cs:181)
Starfighter:TryFireCannons () (at /Users/philipp/Projects/3DTD/3DTD/3DTD/Assets/Scripts/Entities/Starfighter.cs:650)
Starfighter:UpdateStrafing (single) (at /Users/philipp/Projects/3DTD/3DTD/3DTD/Assets/Scripts/Entities/Starfighter.cs:301)
Starfighter:Simulate (single) (at /Users/philipp/Projects/3DTD/3DTD/3DTD/Assets/Scripts/Entities/Starfighter.cs:172)
Starfighter:Update () (at /Users/philipp/Projects/3DTD/3DTD/3DTD/Assets/Scripts/Entities/Starfighter.cs:139)

(Filename: /Users/bokken/build/output/unity/unity/Runtime/Export/Debug/Debug.bindings.cs Line: 123)

EffectPlayer: LaserExplosionBlue plays batched one-shot
UnityEngine.Debug:ExtractStackTraceNoAlloc (byte*,int,string)
UnityEngine.StackTraceUtility:ExtractStackTrace () (at /Users/bokken/build/output/unity/unity/Runtime/Export/Scripting/StackTrace.cs:35)
UnityEngine.DebugLogHandler:Internal_Log (UnityEngine.LogType,UnityEngine.LogOption,string,UnityEngine.Object)
UnityEngine.DebugLogHandler:LogFormat (UnityEngine.LogType,UnityEngine.Object,string,object[]) (at /Users/bokken/build/output/unity/unity/Runtime/Export/Logging/DebugLogHandler.cs:9)
UnityEngine.Logger:Log (UnityEngine.LogType,object) (at /Users/bokken/build/output/unity/unity/Runtime/Export/Logging/Logger.cs:60)
UnityEngine.Debug:Log (object) (at /Users/bokken/build/output/unity/unity/Runtime/Export/Debug/Debug.bindings.cs:123)
EffectPlayer:LogBackend (UnityEngine.GameObject,string) (at /Users/philipp/Projects/3DTD/3DTD/3DTD/Assets/Scripts/Effects/EffectPlayer.cs:98)
EffectPool:PlayOneShot (UnityEngine.Vector3,UnityEngine.Quaternion,single,single,single) (at /Users/philipp/Projects/3DTD/3DTD/3DTD/Assets/Scripts/Effects/EffectPool.cs:72)
EffectPlayer:Play (UnityEngine.GameObject,UnityEngine.Vector3,UnityEngine.Quaternion,single,single,single) (at /Users/philipp/Projects/3DTD/3DTD/3DTD/Assets/Scripts/Effects/EffectPlayer.cs:81)
ProjectileSystem:Apply () (at /Users/philipp/Projects/3DTD/3DTD/3DTD/Assets/Scripts/Combat/ProjectileSystem.cs:354)
ProjectileSystem:Update () (at /Users/philipp/Projects/3DTD/3DTD/3DTD/Assets/Scripts/Combat/ProjectileSystem.cs:310)

(Filename: /Users/bokken/build/output/unity/unity/Runtime/Export/Debug/Debug.bindings.cs Line: 123)

PERF RESULT T-Hangar-3x: towers 1, frames 11685, frame p50/p95/p99/max 1.4/1.8/10.3/17.8 ms, main p50/p99 1.4/10.3 ms, speed 3.00x, GC steady 0.4% frames (160126 B, 16 B/frame), damage 486, kills 0, leaked 6480, pops 14, projectiles 136/136, death fx 17/17, fx 379/379, markers [PlayerLoop=1.57/10.3ms, Update.ScriptRunBehaviourUpdate=0.22/0.4ms, PreLateUpdate.ScriptRunBehaviourLateUpdate=0.02/0.0ms, FixedUpdate.PhysicsFixedUpdate=0.00/0.0ms, FixedUpdate.ScriptRunBehaviourFixedUpdate=0.00/0.0ms, PreUpdate.PhysicsUpdate=0.00/0.0ms, Physics.Simulate=0.09/0.1ms, Physics.SyncTransforms=0.12/0.2ms, Physics.SendTriggerEvents=0.00/0.1ms, Physics.SendContactEvents=0.00/0.0ms, ParticleSystem.EndUpdateAll=0.00/0.0ms, GC.Collect=0.00/0.0ms, GarbageCollector.CollectIncremental=0.00/0.0ms, 3DTD.Projectiles.Step=0.00/0.0ms, 3DTD.Projectiles.Apply=0.00/0.0ms, 3DTD.Effects.Update=0.02/0.1ms, 3DTD.Effects.TrailEmit=0.00/0.0ms, 3DTD.Effects.Flights=0.02/0.0ms, 3DTD.Effects.Batched=0.00/0.0ms, 3DTD.Effects.Emit=0.00/0.0ms, 3DTD.Effects.Particles=0.00/0.0ms, 3DTD.Effects.Retire=0.00/0.0ms, ParticleSystem.WaitForPreviousRenderingToFinish=0.00/0.0ms, ParticleSystem.UpdateJob=0.01/0.0ms, ParticleSystem.GeometryJob=0.01/0.1ms, ParticleSystem.TrailGeometryJob=0.00/0.0ms, ParticleSystem.Sort=0.00/0.0ms, ParticleSystem.Draw=0.00/0.0ms, Gfx.WaitForRenderThread=0.00/0.0ms, WaitForRenderJobs=0.00/0.0ms, CPU Render Thread Frame Time=0.82/0.9ms, GPU Frame Time=1.04/1.6ms, 3DTD.DeathEffects=0.00/0.0ms, 3DTD.Enemy.TakeDamage=0.00/0.0ms, 3DTD.Enemy.PopLayer=0.00/0.0ms, 3DTD.Enemy.ShowShape=0.00/0.0ms, 3DTD.Effects.Create=0.00/0.0ms, 3DTD.Projectiles.Fire=0.00/0.0ms, 3DTD.Effects.Play=0.00/0.0ms, 3DTD.Effects.Attach=0.00/0.0ms, BehaviourUpdate=0.22/0.4ms, Gfx.WaitForPresentOnGfxThread=0.17/8.7ms, Render.OpaqueGeometry=0.00/0.0ms, Render.TransparentGeometry=0.00/0.0ms, Instantiate=0.00/0.0ms], by type [Hangar=486]
UnityEngine.Debug:ExtractStackTraceNoAlloc (byte*,int,string)
UnityEngine.StackTraceUtility:ExtractStackTrace () (at /Users/bokken/build/output/unity/unity/Runtime/Export/Scripting/StackTrace.cs:35)
UnityEngine.DebugLogHandler:Internal_Log (UnityEngine.LogType,UnityEngine.LogOption,string,UnityEngine.Object)
UnityEngine.DebugLogHandler:LogFormat (UnityEngine.LogType,UnityEngine.Object,string,object[]) (at /Users/bokken/build/output/unity/unity/Runtime/Export/Logging/DebugLogHandler.cs:9)
UnityEngine.Logger:Log (UnityEngine.LogType,object) (at /Users/bokken/build/output/unity/unity/Runtime/Export/Logging/Logger.cs:60)
UnityEngine.Debug:Log (object) (at /Users/bokken/build/output/unity/unity/Runtime/Export/Debug/Debug.bindings.cs:123)
PerfScenario:Summarize (PerfScenario/Run,PerfScenario/RunResult,System.Collections.Generic.List`1<Tower>,int) (at /Users/philipp/Projects/3DTD/3DTD/3DTD/Assets/Scripts/Diagnostics/PerfScenario.cs:1122)
PerfScenario/<RunOne>d__48:MoveNext () (at /Users/philipp/Projects/3DTD/3DTD/3DTD/Assets/Scripts/Diagnostics/PerfScenario.cs:438)
UnityEngine.SetupCoroutine:InvokeMoveNext (System.Collections.IEnumerator,intptr) (at /Users/bokken/build/output/unity/unity/Runtime/Export/Scripting/Coroutines.cs:17)

(Filename: /Users/bokken/build/output/unity/unity/Runtime/Export/Debug/Debug.bindings.cs Line: 123)

PERF EMIT (system: calls, particles, total ms, us/particle, max ms at count/alive)
  LaserBlue/SparkTrail: 1144, 5926, 5.8 ms, 0.97 us, max 0.02 ms at 10/310, first in frame 1082x 5.7 ms
  LaserBlue/Glow: 346, 2040, 0.6 ms, 0.29 us, max 0.01 ms at 2/21, first in frame 24x 0.1 ms
  LaserMuzzleBlue/LaserMuzzleBlue (batched): 47, 952, 0.3 ms, 0.33 us, max 0.02 ms at 27/42, first in frame 47x 0.3 ms
  LaserBlue/LaserBlue (flights): 77, 237, 0.2 ms, 0.73 us, max 0.01 ms at 2/32, first in frame 30x 0.1 ms
  LaserExplosionBlue/LaserExplosionBlue (batched): 103, 243, 0.2 ms, 0.67 us, max 0.01 ms at 2/0, first in frame 4x 0.0 ms
  LaserExplosionBlue/Glow: 103, 243, 0.1 ms, 0.50 us, max 0.00 ms at 1/1, first in frame 0x 0.0 ms
  LaserExplosionBlue/SphereGlow: 103, 243, 0.1 ms, 0.27 us, max 0.00 ms at 4/0, first in frame 0x 0.0 ms
  LaserMuzzleBlue/Glow: 47, 136, 0.1 ms, 0.39 us, max 0.00 ms at 4/6, first in frame 0x 0.0 ms
UnityEngine.Debug:ExtractStackTraceNoAlloc (byte*,int,string)
UnityEngine.StackTraceUtility:ExtractStackTrace () (at /Users/bokken/build/output/unity/unity/Runtime/Export/Scripting/StackTrace.cs:35)
UnityEngine.DebugLogHandler:Internal_Log (UnityEngine.LogType,UnityEngine.LogOption,string,UnityEngine.Object)
UnityEngine.DebugLogHandler:LogFormat (UnityEngine.LogType,UnityEngine.Object,string,object[]) (at /Users/bokken/build/output/unity/unity/Runtime/Export/Logging/DebugLogHandler.cs:9)
UnityEngine.Logger:Log (UnityEngine.LogType,object) (at /Users/bokken/build/output/unity/unity/Runtime/Export/Logging/Logger.cs:60)
UnityEngine.Debug:Log (object) (at /Users/bokken/build/output/unity/unity/Runtime/Export/Debug/Debug.bindings.cs:123)
PerfScenario:Summarize (PerfScenario/Run,PerfScenario/RunResult,System.Collections.Generic.List`1<Tower>,int) (at /Users/philipp/Projects/3DTD/3DTD/3DTD/Assets/Scripts/Diagnostics/PerfScenario.cs:1132)
PerfScenario/<RunOne>d__48:MoveNext () (at /Users/philipp/Projects/3DTD/3DTD/3DTD/Assets/Scripts/Diagnostics/PerfScenario.cs:438)
UnityEngine.SetupCoroutine:InvokeMoveNext (System.Collections.IEnumerator,intptr) (at /Users/bokken/build/output/unity/unity/Runtime/Export/Scripting/Coroutines.cs:17)

(Filename: /Users/bokken/build/output/unity/unity/Runtime/Export/Debug/Debug.bindings.cs Line: 123)

PERF RUN T-Hangar-5x (single, 5x, round 60)
UnityEngine.Debug:ExtractStackTraceNoAlloc (byte*,int,string)
UnityEngine.StackTraceUtility:ExtractStackTrace () (at /Users/bokken/build/output/unity/unity/Runtime/Export/Scripting/StackTrace.cs:35)
UnityEngine.DebugLogHandler:Internal_Log (UnityEngine.LogType,UnityEngine.LogOption,string,UnityEngine.Object)
UnityEngine.DebugLogHandler:LogFormat (UnityEngine.LogType,UnityEngine.Object,string,object[]) (at /Users/bokken/build/output/unity/unity/Runtime/Export/Logging/DebugLogHandler.cs:9)
UnityEngine.Logger:Log (UnityEngine.LogType,object) (at /Users/bokken/build/output/unity/unity/Runtime/Export/Logging/Logger.cs:60)
UnityEngine.Debug:Log (object) (at /Users/bokken/build/output/unity/unity/Runtime/Export/Debug/Debug.bindings.cs:123)
PerfScenario/<RunOne>d__48:MoveNext () (at /Users/philipp/Projects/3DTD/3DTD/3DTD/Assets/Scripts/Diagnostics/PerfScenario.cs:326)
UnityEngine.SetupCoroutine:InvokeMoveNext (System.Collections.IEnumerator,intptr) (at /Users/bokken/build/output/unity/unity/Runtime/Export/Scripting/Coroutines.cs:17)

(Filename: /Users/bokken/build/output/unity/unity/Runtime/Export/Debug/Debug.bindings.cs Line: 123)

Unloading 3 Unused Serialized files (Serialized files now loaded: 0)
UnloadTime: 22.817959 ms
Unloading 7 unused Assets / (168 B). Loaded Objects now: 12949.
Memory consumption went from 134.7 MB to 134.7 MB.
Total: 1.838667 ms (FindLiveObjects: 0.223625 ms CreateObjectMapping: 0.252500 ms MarkObjects: 1.344125 ms  DeleteObjects: 0.018250 ms)

PERF layout T-Hangar-5x: 154 block spots, 1 towers planned, 1 built
UnityEngine.Debug:ExtractStackTraceNoAlloc (byte*,int,string)
UnityEngine.StackTraceUtility:ExtractStackTrace () (at /Users/bokken/build/output/unity/unity/Runtime/Export/Scripting/StackTrace.cs:35)
UnityEngine.DebugLogHandler:Internal_Log (UnityEngine.LogType,UnityEngine.LogOption,string,UnityEngine.Object)
UnityEngine.DebugLogHandler:LogFormat (UnityEngine.LogType,UnityEngine.Object,string,object[]) (at /Users/bokken/build/output/unity/unity/Runtime/Export/Logging/DebugLogHandler.cs:9)
UnityEngine.Logger:Log (UnityEngine.LogType,object) (at /Users/bokken/build/output/unity/unity/Runtime/Export/Logging/Logger.cs:60)
UnityEngine.Debug:Log (object) (at /Users/bokken/build/output/unity/unity/Runtime/Export/Debug/Debug.bindings.cs:123)
PerfScenario/<RunOne>d__48:MoveNext () (at /Users/philipp/Projects/3DTD/3DTD/3DTD/Assets/Scripts/Diagnostics/PerfScenario.cs:371)
UnityEngine.SetupCoroutine:InvokeMoveNext (System.Collections.IEnumerator,intptr) (at /Users/bokken/build/output/unity/unity/Runtime/Export/Scripting/Coroutines.cs:17)

(Filename: /Users/bokken/build/output/unity/unity/Runtime/Export/Debug/Debug.bindings.cs Line: 123)

EffectPlayer: LaserMuzzleBlue plays batched one-shot
UnityEngine.Debug:ExtractStackTraceNoAlloc (byte*,int,string)
UnityEngine.StackTraceUtility:ExtractStackTrace () (at /Users/bokken/build/output/unity/unity/Runtime/Export/Scripting/StackTrace.cs:35)
UnityEngine.DebugLogHandler:Internal_Log (UnityEngine.LogType,UnityEngine.LogOption,string,UnityEngine.Object)
UnityEngine.DebugLogHandler:LogFormat (UnityEngine.LogType,UnityEngine.Object,string,object[]) (at /Users/bokken/build/output/unity/unity/Runtime/Export/Logging/DebugLogHandler.cs:9)
UnityEngine.Logger:Log (UnityEngine.LogType,object) (at /Users/bokken/build/output/unity/unity/Runtime/Export/Logging/Logger.cs:60)
UnityEngine.Debug:Log (object) (at /Users/bokken/build/output/unity/unity/Runtime/Export/Debug/Debug.bindings.cs:123)
EffectPlayer:LogBackend (UnityEngine.GameObject,string) (at /Users/philipp/Projects/3DTD/3DTD/3DTD/Assets/Scripts/Effects/EffectPlayer.cs:98)
EffectPool:PlayOneShot (UnityEngine.Vector3,UnityEngine.Quaternion,single,single,single) (at /Users/philipp/Projects/3DTD/3DTD/3DTD/Assets/Scripts/Effects/EffectPool.cs:72)
EffectPlayer:Play (UnityEngine.GameObject,UnityEngine.Vector3,UnityEngine.Quaternion,single,single,single) (at /Users/philipp/Projects/3DTD/3DTD/3DTD/Assets/Scripts/Effects/EffectPlayer.cs:81)
ProjectileSystem:Spawn (ProjectileArchetype,ProjectileSystem/Shot&,int,single) (at /Users/philipp/Projects/3DTD/3DTD/3DTD/Assets/Scripts/Combat/ProjectileSystem.cs:250)
ProjectileSystem:Fire (UnityEngine.GameObject,ProjectileSystem/Shot&) (at /Users/philipp/Projects/3DTD/3DTD/3DTD/Assets/Scripts/Combat/ProjectileSystem.cs:195)
HangarTowerActionStrategy:FireCannon (UnityEngine.Transform,Enemy,single) (at /Users/philipp/Projects/3DTD/3DTD/3DTD/Assets/Scripts/Tower/ActionStrategies/HangarTowerActionStrategy.cs:181)
Starfighter:TryFireCannons () (at /Users/philipp/Projects/3DTD/3DTD/3DTD/Assets/Scripts/Entities/Starfighter.cs:650)
Starfighter:UpdateStrafing (single) (at /Users/philipp/Projects/3DTD/3DTD/3DTD/Assets/Scripts/Entities/Starfighter.cs:301)
Starfighter:Simulate (single) (at /Users/philipp/Projects/3DTD/3DTD/3DTD/Assets/Scripts/Entities/Starfighter.cs:172)
Starfighter:Update () (at /Users/philipp/Projects/3DTD/3DTD/3DTD/Assets/Scripts/Entities/Starfighter.cs:139)

(Filename: /Users/bokken/build/output/unity/unity/Runtime/Export/Debug/Debug.bindings.cs Line: 123)

EffectPlayer: LaserBlue plays batched flight
UnityEngine.Debug:ExtractStackTraceNoAlloc (byte*,int,string)
UnityEngine.StackTraceUtility:ExtractStackTrace () (at /Users/bokken/build/output/unity/unity/Runtime/Export/Scripting/StackTrace.cs:35)
UnityEngine.DebugLogHandler:Internal_Log (UnityEngine.LogType,UnityEngine.LogOption,string,UnityEngine.Object)
UnityEngine.DebugLogHandler:LogFormat (UnityEngine.LogType,UnityEngine.Object,string,object[]) (at /Users/bokken/build/output/unity/unity/Runtime/Export/Logging/DebugLogHandler.cs:9)
UnityEngine.Logger:Log (UnityEngine.LogType,object) (at /Users/bokken/build/output/unity/unity/Runtime/Export/Logging/Logger.cs:60)
UnityEngine.Debug:Log (object) (at /Users/bokken/build/output/unity/unity/Runtime/Export/Debug/Debug.bindings.cs:123)
EffectPlayer:LogBackend (UnityEngine.GameObject,string) (at /Users/philipp/Projects/3DTD/3DTD/3DTD/Assets/Scripts/Effects/EffectPlayer.cs:98)
EffectPool:Attach (UnityEngine.Vector3,UnityEngine.Quaternion,single,UnityEngine.Vector3) (at /Users/philipp/Projects/3DTD/3DTD/3DTD/Assets/Scripts/Effects/EffectPool.cs:100)
EffectPlayer:Attach (UnityEngine.GameObject,UnityEngine.Vector3,UnityEngine.Quaternion,single,UnityEngine.Vector3) (at /Users/philipp/Projects/3DTD/3DTD/3DTD/Assets/Scripts/Effects/EffectPlayer.cs:92)
ProjectileSystem:Spawn (ProjectileArchetype,ProjectileSystem/Shot&,int,single) (at /Users/philipp/Projects/3DTD/3DTD/3DTD/Assets/Scripts/Combat/ProjectileSystem.cs:251)
ProjectileSystem:Fire (UnityEngine.GameObject,ProjectileSystem/Shot&) (at /Users/philipp/Projects/3DTD/3DTD/3DTD/Assets/Scripts/Combat/ProjectileSystem.cs:195)
HangarTowerActionStrategy:FireCannon (UnityEngine.Transform,Enemy,single) (at /Users/philipp/Projects/3DTD/3DTD/3DTD/Assets/Scripts/Tower/ActionStrategies/HangarTowerActionStrategy.cs:181)
Starfighter:TryFireCannons () (at /Users/philipp/Projects/3DTD/3DTD/3DTD/Assets/Scripts/Entities/Starfighter.cs:650)
Starfighter:UpdateStrafing (single) (at /Users/philipp/Projects/3DTD/3DTD/3DTD/Assets/Scripts/Entities/Starfighter.cs:301)
Starfighter:Simulate (single) (at /Users/philipp/Projects/3DTD/3DTD/3DTD/Assets/Scripts/Entities/Starfighter.cs:172)
Starfighter:Update () (at /Users/philipp/Projects/3DTD/3DTD/3DTD/Assets/Scripts/Entities/Starfighter.cs:139)

(Filename: /Users/bokken/build/output/unity/unity/Runtime/Export/Debug/Debug.bindings.cs Line: 123)

EffectPlayer: LaserExplosionBlue plays batched one-shot
UnityEngine.Debug:ExtractStackTraceNoAlloc (byte*,int,string)
UnityEngine.StackTraceUtility:ExtractStackTrace () (at /Users/bokken/build/output/unity/unity/Runtime/Export/Scripting/StackTrace.cs:35)
UnityEngine.DebugLogHandler:Internal_Log (UnityEngine.LogType,UnityEngine.LogOption,string,UnityEngine.Object)
UnityEngine.DebugLogHandler:LogFormat (UnityEngine.LogType,UnityEngine.Object,string,object[]) (at /Users/bokken/build/output/unity/unity/Runtime/Export/Logging/DebugLogHandler.cs:9)
UnityEngine.Logger:Log (UnityEngine.LogType,object) (at /Users/bokken/build/output/unity/unity/Runtime/Export/Logging/Logger.cs:60)
UnityEngine.Debug:Log (object) (at /Users/bokken/build/output/unity/unity/Runtime/Export/Debug/Debug.bindings.cs:123)
EffectPlayer:LogBackend (UnityEngine.GameObject,string) (at /Users/philipp/Projects/3DTD/3DTD/3DTD/Assets/Scripts/Effects/EffectPlayer.cs:98)
EffectPool:PlayOneShot (UnityEngine.Vector3,UnityEngine.Quaternion,single,single,single) (at /Users/philipp/Projects/3DTD/3DTD/3DTD/Assets/Scripts/Effects/EffectPool.cs:72)
EffectPlayer:Play (UnityEngine.GameObject,UnityEngine.Vector3,UnityEngine.Quaternion,single,single,single) (at /Users/philipp/Projects/3DTD/3DTD/3DTD/Assets/Scripts/Effects/EffectPlayer.cs:81)
ProjectileSystem:Apply () (at /Users/philipp/Projects/3DTD/3DTD/3DTD/Assets/Scripts/Combat/ProjectileSystem.cs:354)
ProjectileSystem:Update () (at /Users/philipp/Projects/3DTD/3DTD/3DTD/Assets/Scripts/Combat/ProjectileSystem.cs:310)

(Filename: /Users/bokken/build/output/unity/unity/Runtime/Export/Debug/Debug.bindings.cs Line: 123)

PERF RESULT T-Hangar-5x: towers 1, frames 6822, frame p50/p95/p99/max 1.5/1.9/10.9/16.5 ms, main p50/p99 1.5/10.9 ms, speed 5.00x, GC steady 0.8% frames (175878 B, 33 B/frame), damage 544, kills 0, leaked 6471, pops 23, projectiles 148/148, death fx 27/27, fx 420/420, markers [PlayerLoop=1.61/10.9ms, Update.ScriptRunBehaviourUpdate=0.23/0.5ms, PreLateUpdate.ScriptRunBehaviourLateUpdate=0.02/0.0ms, FixedUpdate.PhysicsFixedUpdate=0.00/0.0ms, FixedUpdate.ScriptRunBehaviourFixedUpdate=0.00/0.0ms, PreUpdate.PhysicsUpdate=0.00/0.0ms, Physics.Simulate=0.10/0.1ms, Physics.SyncTransforms=0.13/0.2ms, Physics.SendTriggerEvents=0.00/0.1ms, Physics.SendContactEvents=0.00/0.0ms, ParticleSystem.EndUpdateAll=0.00/0.0ms, GC.Collect=0.00/0.0ms, GarbageCollector.CollectIncremental=0.00/0.0ms, 3DTD.Projectiles.Step=0.00/0.0ms, 3DTD.Projectiles.Apply=0.00/0.0ms, 3DTD.Effects.Update=0.02/0.1ms, 3DTD.Effects.TrailEmit=0.00/0.0ms, 3DTD.Effects.Flights=0.02/0.0ms, 3DTD.Effects.Batched=0.00/0.0ms, 3DTD.Effects.Emit=0.00/0.0ms, 3DTD.Effects.Particles=0.00/0.0ms, 3DTD.Effects.Retire=0.00/0.0ms, ParticleSystem.WaitForPreviousRenderingToFinish=0.00/0.0ms, ParticleSystem.UpdateJob=0.01/0.0ms, ParticleSystem.GeometryJob=0.01/0.1ms, ParticleSystem.TrailGeometryJob=0.00/0.0ms, ParticleSystem.Sort=0.00/0.0ms, ParticleSystem.Draw=0.00/0.0ms, Gfx.WaitForRenderThread=0.00/0.0ms, WaitForRenderJobs=0.00/0.0ms, CPU Render Thread Frame Time=0.82/0.9ms, GPU Frame Time=1.07/2.0ms, 3DTD.DeathEffects=0.00/0.0ms, 3DTD.Enemy.TakeDamage=0.00/0.0ms, 3DTD.Enemy.PopLayer=0.00/0.0ms, 3DTD.Enemy.ShowShape=0.00/0.0ms, 3DTD.Effects.Create=0.00/0.0ms, 3DTD.Projectiles.Fire=0.00/0.0ms, 3DTD.Effects.Play=0.00/0.0ms, 3DTD.Effects.Attach=0.00/0.0ms, BehaviourUpdate=0.23/0.5ms, Gfx.WaitForPresentOnGfxThread=0.19/9.1ms, Render.OpaqueGeometry=0.00/0.0ms, Render.TransparentGeometry=0.00/0.0ms, Instantiate=0.00/0.0ms], by type [Hangar=544]
UnityEngine.Debug:ExtractStackTraceNoAlloc (byte*,int,string)
UnityEngine.StackTraceUtility:ExtractStackTrace () (at /Users/bokken/build/output/unity/unity/Runtime/Export/Scripting/StackTrace.cs:35)
UnityEngine.DebugLogHandler:Internal_Log (UnityEngine.LogType,UnityEngine.LogOption,string,UnityEngine.Object)
UnityEngine.DebugLogHandler:LogFormat (UnityEngine.LogType,UnityEngine.Object,string,object[]) (at /Users/bokken/build/output/unity/unity/Runtime/Export/Logging/DebugLogHandler.cs:9)
UnityEngine.Logger:Log (UnityEngine.LogType,object) (at /Users/bokken/build/output/unity/unity/Runtime/Export/Logging/Logger.cs:60)
UnityEngine.Debug:Log (object) (at /Users/bokken/build/output/unity/unity/Runtime/Export/Debug/Debug.bindings.cs:123)
PerfScenario:Summarize (PerfScenario/Run,PerfScenario/RunResult,System.Collections.Generic.List`1<Tower>,int) (at /Users/philipp/Projects/3DTD/3DTD/3DTD/Assets/Scripts/Diagnostics/PerfScenario.cs:1122)
PerfScenario/<RunOne>d__48:MoveNext () (at /Users/philipp/Projects/3DTD/3DTD/3DTD/Assets/Scripts/Diagnostics/PerfScenario.cs:438)
UnityEngine.SetupCoroutine:InvokeMoveNext (System.Collections.IEnumerator,intptr) (at /Users/bokken/build/output/unity/unity/Runtime/Export/Scripting/Coroutines.cs:17)

(Filename: /Users/bokken/build/output/unity/unity/Runtime/Export/Debug/Debug.bindings.cs Line: 123)

PERF EMIT (system: calls, particles, total ms, us/particle, max ms at count/alive)
  LaserBlue/SparkTrail: 862, 5737, 4.4 ms, 0.76 us, max 0.02 ms at 2/56, first in frame 798x 4.3 ms
  LaserBlue/Glow: 338, 2155, 0.5 ms, 0.23 us, max 0.01 ms at 4/94, first in frame 0x 0.0 ms
  LaserMuzzleBlue/LaserMuzzleBlue (batched): 51, 1028, 0.3 ms, 0.33 us, max 0.01 ms at 27/42, first in frame 51x 0.3 ms
  LaserBlue/LaserBlue (flights): 79, 244, 0.2 ms, 0.69 us, max 0.02 ms at 4/30, first in frame 28x 0.1 ms
  LaserExplosionBlue/LaserExplosionBlue (batched): 93, 272, 0.1 ms, 0.47 us, max 0.00 ms at 6/4, first in frame 0x 0.0 ms
  LaserExplosionBlue/Glow: 93, 272, 0.1 ms, 0.34 us, max 0.00 ms at 2/2, first in frame 0x 0.0 ms
  LaserExplosionBlue/SphereGlow: 93, 272, 0.1 ms, 0.22 us, max 0.00 ms at 4/8, first in frame 0x 0.0 ms
  LaserMuzzleBlue/Glow: 51, 148, 0.1 ms, 0.39 us, max 0.00 ms at 4/0, first in frame 0x 0.0 ms
UnityEngine.Debug:ExtractStackTraceNoAlloc (byte*,int,string)
UnityEngine.StackTraceUtility:ExtractStackTrace () (at /Users/bokken/build/output/unity/unity/Runtime/Export/Scripting/StackTrace.cs:35)
UnityEngine.DebugLogHandler:Internal_Log (UnityEngine.LogType,UnityEngine.LogOption,string,UnityEngine.Object)
UnityEngine.DebugLogHandler:LogFormat (UnityEngine.LogType,UnityEngine.Object,string,object[]) (at /Users/bokken/build/output/unity/unity/Runtime/Export/Logging/DebugLogHandler.cs:9)
UnityEngine.Logger:Log (UnityEngine.LogType,object) (at /Users/bokken/build/output/unity/unity/Runtime/Export/Logging/Logger.cs:60)
UnityEngine.Debug:Log (object) (at /Users/bokken/build/output/unity/unity/Runtime/Export/Debug/Debug.bindings.cs:123)
PerfScenario:Summarize (PerfScenario/Run,PerfScenario/RunResult,System.Collections.Generic.List`1<Tower>,int) (at /Users/philipp/Projects/3DTD/3DTD/3DTD/Assets/Scripts/Diagnostics/PerfScenario.cs:1132)
PerfScenario/<RunOne>d__48:MoveNext () (at /Users/philipp/Projects/3DTD/3DTD/3DTD/Assets/Scripts/Diagnostics/PerfScenario.cs:438)
UnityEngine.SetupCoroutine:InvokeMoveNext (System.Collections.IEnumerator,intptr) (at /Users/bokken/build/output/unity/unity/Runtime/Export/Scripting/Coroutines.cs:17)

(Filename: /Users/bokken/build/output/unity/unity/Runtime/Export/Debug/Debug.bindings.cs Line: 123)

PERF RUN T-MineFactory-1x (single, 1x, round 60)
UnityEngine.Debug:ExtractStackTraceNoAlloc (byte*,int,string)
UnityEngine.StackTraceUtility:ExtractStackTrace () (at /Users/bokken/build/output/unity/unity/Runtime/Export/Scripting/StackTrace.cs:35)
UnityEngine.DebugLogHandler:Internal_Log (UnityEngine.LogType,UnityEngine.LogOption,string,UnityEngine.Object)
UnityEngine.DebugLogHandler:LogFormat (UnityEngine.LogType,UnityEngine.Object,string,object[]) (at /Users/bokken/build/output/unity/unity/Runtime/Export/Logging/DebugLogHandler.cs:9)
UnityEngine.Logger:Log (UnityEngine.LogType,object) (at /Users/bokken/build/output/unity/unity/Runtime/Export/Logging/Logger.cs:60)
UnityEngine.Debug:Log (object) (at /Users/bokken/build/output/unity/unity/Runtime/Export/Debug/Debug.bindings.cs:123)
PerfScenario/<RunOne>d__48:MoveNext () (at /Users/philipp/Projects/3DTD/3DTD/3DTD/Assets/Scripts/Diagnostics/PerfScenario.cs:326)
UnityEngine.SetupCoroutine:InvokeMoveNext (System.Collections.IEnumerator,intptr) (at /Users/bokken/build/output/unity/unity/Runtime/Export/Scripting/Coroutines.cs:17)

(Filename: /Users/bokken/build/output/unity/unity/Runtime/Export/Debug/Debug.bindings.cs Line: 123)

Unloading 3 Unused Serialized files (Serialized files now loaded: 0)
UnloadTime: 22.600125 ms
Unloading 7 unused Assets / (168 B). Loaded Objects now: 12949.
Memory consumption went from 134.6 MB to 134.6 MB.
Total: 1.725500 ms (FindLiveObjects: 0.193625 ms CreateObjectMapping: 0.232667 ms MarkObjects: 1.282875 ms  DeleteObjects: 0.016208 ms)

PERF layout T-MineFactory-1x: 154 block spots, 1 towers planned, 1 built
UnityEngine.Debug:ExtractStackTraceNoAlloc (byte*,int,string)
UnityEngine.StackTraceUtility:ExtractStackTrace () (at /Users/bokken/build/output/unity/unity/Runtime/Export/Scripting/StackTrace.cs:35)
UnityEngine.DebugLogHandler:Internal_Log (UnityEngine.LogType,UnityEngine.LogOption,string,UnityEngine.Object)
UnityEngine.DebugLogHandler:LogFormat (UnityEngine.LogType,UnityEngine.Object,string,object[]) (at /Users/bokken/build/output/unity/unity/Runtime/Export/Logging/DebugLogHandler.cs:9)
UnityEngine.Logger:Log (UnityEngine.LogType,object) (at /Users/bokken/build/output/unity/unity/Runtime/Export/Logging/Logger.cs:60)
UnityEngine.Debug:Log (object) (at /Users/bokken/build/output/unity/unity/Runtime/Export/Debug/Debug.bindings.cs:123)
PerfScenario/<RunOne>d__48:MoveNext () (at /Users/philipp/Projects/3DTD/3DTD/3DTD/Assets/Scripts/Diagnostics/PerfScenario.cs:371)
UnityEngine.SetupCoroutine:InvokeMoveNext (System.Collections.IEnumerator,intptr) (at /Users/bokken/build/output/unity/unity/Runtime/Export/Scripting/Coroutines.cs:17)

(Filename: /Users/bokken/build/output/unity/unity/Runtime/Export/Debug/Debug.bindings.cs Line: 123)

EffectPlayer: GrenadeMuzzleRed plays pooled one-shot
UnityEngine.Debug:ExtractStackTraceNoAlloc (byte*,int,string)
UnityEngine.StackTraceUtility:ExtractStackTrace () (at /Users/bokken/build/output/unity/unity/Runtime/Export/Scripting/StackTrace.cs:35)
UnityEngine.DebugLogHandler:Internal_Log (UnityEngine.LogType,UnityEngine.LogOption,string,UnityEngine.Object)
UnityEngine.DebugLogHandler:LogFormat (UnityEngine.LogType,UnityEngine.Object,string,object[]) (at /Users/bokken/build/output/unity/unity/Runtime/Export/Logging/DebugLogHandler.cs:9)
UnityEngine.Logger:Log (UnityEngine.LogType,object) (at /Users/bokken/build/output/unity/unity/Runtime/Export/Logging/Logger.cs:60)
UnityEngine.Debug:Log (object) (at /Users/bokken/build/output/unity/unity/Runtime/Export/Debug/Debug.bindings.cs:123)
EffectPlayer:LogBackend (UnityEngine.GameObject,string) (at /Users/philipp/Projects/3DTD/3DTD/3DTD/Assets/Scripts/Effects/EffectPlayer.cs:98)
EffectPool:PlayOneShot (UnityEngine.Vector3,UnityEngine.Quaternion,single,single,single) (at /Users/philipp/Projects/3DTD/3DTD/3DTD/Assets/Scripts/Effects/EffectPool.cs:72)
EffectPlayer:Play (UnityEngine.GameObject,UnityEngine.Vector3,UnityEngine.Quaternion,single,single,single) (at /Users/philipp/Projects/3DTD/3DTD/3DTD/Assets/Scripts/Effects/EffectPlayer.cs:81)
MineFactoryActionStrategy:SpawnEffect (UnityEngine.GameObject,UnityEngine.Vector3,single,single) (at /Users/philipp/Projects/3DTD/3DTD/3DTD/Assets/Scripts/Tower/ActionStrategies/MineFactoryActionStrategy.cs:583)
MineFactoryActionStrategy:LaunchMine () (at /Users/philipp/Projects/3DTD/3DTD/3DTD/Assets/Scripts/Tower/ActionStrategies/MineFactoryActionStrategy.cs:217)
MineFactoryActionStrategy:Produce (single) (at /Users/philipp/Projects/3DTD/3DTD/3DTD/Assets/Scripts/Tower/ActionStrategies/MineFactoryActionStrategy.cs:190)
MineFactoryActionStrategy:ExecuteAction () (at /Users/philipp/Projects/3DTD/3DTD/3DTD/Assets/Scripts/Tower/ActionStrategies/MineFactoryActionStrategy.cs:162)
Tower:Update () (at /Users/philipp/Projects/3DTD/3DTD/3DTD/Assets/Scripts/Entities/Tower.cs:89)

(Filename: /Users/bokken/build/output/unity/unity/Runtime/Export/Debug/Debug.bindings.cs Line: 123)

EffectPlayer: GrenadeExplosionRed plays pooled one-shot
UnityEngine.Debug:ExtractStackTraceNoAlloc (byte*,int,string)
UnityEngine.StackTraceUtility:ExtractStackTrace () (at /Users/bokken/build/output/unity/unity/Runtime/Export/Scripting/StackTrace.cs:35)
UnityEngine.DebugLogHandler:Internal_Log (UnityEngine.LogType,UnityEngine.LogOption,string,UnityEngine.Object)
UnityEngine.DebugLogHandler:LogFormat (UnityEngine.LogType,UnityEngine.Object,string,object[]) (at /Users/bokken/build/output/unity/unity/Runtime/Export/Logging/DebugLogHandler.cs:9)
UnityEngine.Logger:Log (UnityEngine.LogType,object) (at /Users/bokken/build/output/unity/unity/Runtime/Export/Logging/Logger.cs:60)
UnityEngine.Debug:Log (object) (at /Users/bokken/build/output/unity/unity/Runtime/Export/Debug/Debug.bindings.cs:123)
EffectPlayer:LogBackend (UnityEngine.GameObject,string) (at /Users/philipp/Projects/3DTD/3DTD/3DTD/Assets/Scripts/Effects/EffectPlayer.cs:98)
EffectPool:PlayOneShot (UnityEngine.Vector3,UnityEngine.Quaternion,single,single,single) (at /Users/philipp/Projects/3DTD/3DTD/3DTD/Assets/Scripts/Effects/EffectPool.cs:72)
EffectPlayer:Play (UnityEngine.GameObject,UnityEngine.Vector3,UnityEngine.Quaternion,single,single,single) (at /Users/philipp/Projects/3DTD/3DTD/3DTD/Assets/Scripts/Effects/EffectPlayer.cs:81)
MineFactoryActionStrategy:SpawnEffect (UnityEngine.GameObject,UnityEngine.Vector3,single,single) (at /Users/philipp/Projects/3DTD/3DTD/3DTD/Assets/Scripts/Tower/ActionStrategies/MineFactoryActionStrategy.cs:583)
MineFactoryActionStrategy:Blast (UnityEngine.Vector3,single,single,UnityEngine.GameObject,single) (at /Users/philipp/Projects/3DTD/3DTD/3DTD/Assets/Scripts/Tower/ActionStrategies/MineFactoryActionStrategy.cs:564)
MineFactoryActionStrategy:Detonate (Mine) (at /Users/philipp/Projects/3DTD/3DTD/3DTD/Assets/Scripts/Tower/ActionStrategies/MineFactoryActionStrategy.cs:522)
MineFactoryActionStrategy:CheckContacts (single) (at /Users/philipp/Projects/3DTD/3DTD/3DTD/Assets/Scripts/Tower/ActionStrategies/MineFactoryActionStrategy.cs:500)
MineFactoryActionStrategy:ExecuteAction () (at /Users/philipp/Projects/3DTD/3DTD/3DTD/Assets/Scripts/Tower/ActionStrategies/MineFactoryActionStrategy.cs:160)
Tower:Update () (at /Users/philipp/Projects/3DTD/3DTD/3DTD/Assets/Scripts/Entities/Tower.cs:89)

(Filename: /Users/bokken/build/output/unity/unity/Runtime/Export/Debug/Debug.bindings.cs Line: 123)

EffectPlayer: MiniExploLava plays batched one-shot
UnityEngine.Debug:ExtractStackTraceNoAlloc (byte*,int,string)
UnityEngine.StackTraceUtility:ExtractStackTrace () (at /Users/bokken/build/output/unity/unity/Runtime/Export/Scripting/StackTrace.cs:35)
UnityEngine.DebugLogHandler:Internal_Log (UnityEngine.LogType,UnityEngine.LogOption,string,UnityEngine.Object)
UnityEngine.DebugLogHandler:LogFormat (UnityEngine.LogType,UnityEngine.Object,string,object[]) (at /Users/bokken/build/output/unity/unity/Runtime/Export/Logging/DebugLogHandler.cs:9)
UnityEngine.Logger:Log (UnityEngine.LogType,object) (at /Users/bokken/build/output/unity/unity/Runtime/Export/Logging/Logger.cs:60)
UnityEngine.Debug:Log (object) (at /Users/bokken/build/output/unity/unity/Runtime/Export/Debug/Debug.bindings.cs:123)
EffectPlayer:LogBackend (UnityEngine.GameObject,string) (at /Users/philipp/Projects/3DTD/3DTD/3DTD/Assets/Scripts/Effects/EffectPlayer.cs:98)
EffectPool:PlayOneShot (UnityEngine.Vector3,UnityEngine.Quaternion,single,single,single) (at /Users/philipp/Projects/3DTD/3DTD/3DTD/Assets/Scripts/Effects/EffectPool.cs:72)
EffectPlayer:Play (UnityEngine.GameObject,UnityEngine.Vector3,UnityEngine.Quaternion,single,single,single) (at /Users/philipp/Projects/3DTD/3DTD/3DTD/Assets/Scripts/Effects/EffectPlayer.cs:81)
MineFactoryActionStrategy:SpawnEffect (UnityEngine.GameObject,UnityEngine.Vector3,single,single) (at /Users/philipp/Projects/3DTD/3DTD/3DTD/Assets/Scripts/Tower/ActionStrategies/MineFactoryActionStrategy.cs:583)
MineFactoryActionStrategy:Blast (UnityEngine.Vector3,single,single,UnityEngine.GameObject,single) (at /Users/philipp/Projects/3DTD/3DTD/3DTD/Assets/Scripts/Tower/ActionStrategies/MineFactoryActionStrategy.cs:564)
MineFactoryActionStrategy:UpdatePendingBlasts (single) (at /Users/philipp/Projects/3DTD/3DTD/3DTD/Assets/Scripts/Tower/ActionStrategies/MineFactoryActionStrategy.cs:558)
MineFactoryActionStrategy:ExecuteAction () (at /Users/philipp/Projects/3DTD/3DTD/3DTD/Assets/Scripts/Tower/ActionStrategies/MineFactoryActionStrategy.cs:161)
Tower:Update () (at /Users/philipp/Projects/3DTD/3DTD/3DTD/Assets/Scripts/Entities/Tower.cs:89)

(Filename: /Users/bokken/build/output/unity/unity/Runtime/Export/Debug/Debug.bindings.cs Line: 123)

PERF RESULT T-MineFactory-1x: towers 1, frames 39182, frame p50/p95/p99/max 1.3/1.8/10.4/19.0 ms, main p50/p99 1.3/10.4 ms, speed 1.00x, GC steady 0.5% frames (286784 B, 8 B/frame), damage 15901, kills 0, leaked 4625, pops 1869, projectiles 0/0, death fx 2049/2049, fx 73/73, markers [PlayerLoop=1.50/10.4ms, Update.ScriptRunBehaviourUpdate=0.19/0.4ms, PreLateUpdate.ScriptRunBehaviourLateUpdate=0.02/0.0ms, FixedUpdate.PhysicsFixedUpdate=0.00/0.0ms, FixedUpdate.ScriptRunBehaviourFixedUpdate=0.00/0.0ms, PreUpdate.PhysicsUpdate=0.00/0.0ms, Physics.Simulate=0.09/0.1ms, Physics.SyncTransforms=0.12/0.2ms, Physics.SendTriggerEvents=0.00/0.0ms, Physics.SendContactEvents=0.00/0.0ms, ParticleSystem.EndUpdateAll=0.00/0.0ms, GC.Collect=0.00/0.0ms, GarbageCollector.CollectIncremental=0.00/0.0ms, 3DTD.Projectiles.Step=0.00/0.0ms, 3DTD.Projectiles.Apply=0.00/0.0ms, 3DTD.Effects.Update=0.00/0.0ms, 3DTD.Effects.TrailEmit=0.00/0.0ms, 3DTD.Effects.Flights=0.00/0.0ms, 3DTD.Effects.Batched=0.00/0.0ms, 3DTD.Effects.Emit=0.00/0.0ms, 3DTD.Effects.Particles=0.00/0.0ms, 3DTD.Effects.Retire=0.00/0.0ms, ParticleSystem.WaitForPreviousRenderingToFinish=0.00/0.0ms, ParticleSystem.UpdateJob=0.02/0.1ms, ParticleSystem.GeometryJob=0.02/0.1ms, ParticleSystem.TrailGeometryJob=0.00/0.1ms, ParticleSystem.Sort=0.00/0.0ms, ParticleSystem.Draw=0.00/0.0ms, Gfx.WaitForRenderThread=0.00/0.0ms, WaitForRenderJobs=0.00/0.0ms, CPU Render Thread Frame Time=0.80/0.9ms, GPU Frame Time=1.00/2.2ms, 3DTD.DeathEffects=0.00/0.1ms, 3DTD.Enemy.TakeDamage=0.00/0.0ms, 3DTD.Enemy.PopLayer=0.00/0.0ms, 3DTD.Enemy.ShowShape=0.00/0.0ms, 3DTD.Effects.Create=0.00/0.0ms, 3DTD.Projectiles.Fire=0.00/0.0ms, 3DTD.Effects.Play=0.00/0.0ms, 3DTD.Effects.Attach=0.00/0.0ms, BehaviourUpdate=0.19/0.4ms, Gfx.WaitForPresentOnGfxThread=0.17/8.8ms, Render.OpaqueGeometry=0.00/0.0ms, Render.TransparentGeometry=0.00/0.0ms, Instantiate=0.00/0.0ms], by type [Mine Factory=15901]
UnityEngine.Debug:ExtractStackTraceNoAlloc (byte*,int,string)
UnityEngine.StackTraceUtility:ExtractStackTrace () (at /Users/bokken/build/output/unity/unity/Runtime/Export/Scripting/StackTrace.cs:35)
UnityEngine.DebugLogHandler:Internal_Log (UnityEngine.LogType,UnityEngine.LogOption,string,UnityEngine.Object)
UnityEngine.DebugLogHandler:LogFormat (UnityEngine.LogType,UnityEngine.Object,string,object[]) (at /Users/bokken/build/output/unity/unity/Runtime/Export/Logging/DebugLogHandler.cs:9)
UnityEngine.Logger:Log (UnityEngine.LogType,object) (at /Users/bokken/build/output/unity/unity/Runtime/Export/Logging/Logger.cs:60)
UnityEngine.Debug:Log (object) (at /Users/bokken/build/output/unity/unity/Runtime/Export/Debug/Debug.bindings.cs:123)
PerfScenario:Summarize (PerfScenario/Run,PerfScenario/RunResult,System.Collections.Generic.List`1<Tower>,int) (at /Users/philipp/Projects/3DTD/3DTD/3DTD/Assets/Scripts/Diagnostics/PerfScenario.cs:1122)
PerfScenario/<RunOne>d__48:MoveNext () (at /Users/philipp/Projects/3DTD/3DTD/3DTD/Assets/Scripts/Diagnostics/PerfScenario.cs:438)
UnityEngine.SetupCoroutine:InvokeMoveNext (System.Collections.IEnumerator,intptr) (at /Users/bokken/build/output/unity/unity/Runtime/Export/Scripting/Coroutines.cs:17)

(Filename: /Users/bokken/build/output/unity/unity/Runtime/Export/Debug/Debug.bindings.cs Line: 123)

PERF EMIT (system: calls, particles, total ms, us/particle, max ms at count/alive)
  MiniExploLava/Sparks: 45, 540, 0.1 ms, 0.15 us, max 0.01 ms at 12/24, first in frame 0x 0.0 ms
  MiniExploLava/Glow: 45, 45, 0.1 ms, 1.43 us, max 0.00 ms at 1/2, first in frame 45x 0.1 ms
UnityEngine.Debug:ExtractStackTraceNoAlloc (byte*,int,string)
UnityEngine.StackTraceUtility:ExtractStackTrace () (at /Users/bokken/build/output/unity/unity/Runtime/Export/Scripting/StackTrace.cs:35)
UnityEngine.DebugLogHandler:Internal_Log (UnityEngine.LogType,UnityEngine.LogOption,string,UnityEngine.Object)
UnityEngine.DebugLogHandler:LogFormat (UnityEngine.LogType,UnityEngine.Object,string,object[]) (at /Users/bokken/build/output/unity/unity/Runtime/Export/Logging/DebugLogHandler.cs:9)
UnityEngine.Logger:Log (UnityEngine.LogType,object) (at /Users/bokken/build/output/unity/unity/Runtime/Export/Logging/Logger.cs:60)
UnityEngine.Debug:Log (object) (at /Users/bokken/build/output/unity/unity/Runtime/Export/Debug/Debug.bindings.cs:123)
PerfScenario:Summarize (PerfScenario/Run,PerfScenario/RunResult,System.Collections.Generic.List`1<Tower>,int) (at /Users/philipp/Projects/3DTD/3DTD/3DTD/Assets/Scripts/Diagnostics/PerfScenario.cs:1132)
PerfScenario/<RunOne>d__48:MoveNext () (at /Users/philipp/Projects/3DTD/3DTD/3DTD/Assets/Scripts/Diagnostics/PerfScenario.cs:438)
UnityEngine.SetupCoroutine:InvokeMoveNext (System.Collections.IEnumerator,intptr) (at /Users/bokken/build/output/unity/unity/Runtime/Export/Scripting/Coroutines.cs:17)

(Filename: /Users/bokken/build/output/unity/unity/Runtime/Export/Debug/Debug.bindings.cs Line: 123)

PERF RUN T-MineFactory-3x (single, 3x, round 60)
UnityEngine.Debug:ExtractStackTraceNoAlloc (byte*,int,string)
UnityEngine.StackTraceUtility:ExtractStackTrace () (at /Users/bokken/build/output/unity/unity/Runtime/Export/Scripting/StackTrace.cs:35)
UnityEngine.DebugLogHandler:Internal_Log (UnityEngine.LogType,UnityEngine.LogOption,string,UnityEngine.Object)
UnityEngine.DebugLogHandler:LogFormat (UnityEngine.LogType,UnityEngine.Object,string,object[]) (at /Users/bokken/build/output/unity/unity/Runtime/Export/Logging/DebugLogHandler.cs:9)
UnityEngine.Logger:Log (UnityEngine.LogType,object) (at /Users/bokken/build/output/unity/unity/Runtime/Export/Logging/Logger.cs:60)
UnityEngine.Debug:Log (object) (at /Users/bokken/build/output/unity/unity/Runtime/Export/Debug/Debug.bindings.cs:123)
PerfScenario/<RunOne>d__48:MoveNext () (at /Users/philipp/Projects/3DTD/3DTD/3DTD/Assets/Scripts/Diagnostics/PerfScenario.cs:326)
UnityEngine.SetupCoroutine:InvokeMoveNext (System.Collections.IEnumerator,intptr) (at /Users/bokken/build/output/unity/unity/Runtime/Export/Scripting/Coroutines.cs:17)

(Filename: /Users/bokken/build/output/unity/unity/Runtime/Export/Debug/Debug.bindings.cs Line: 123)

Unloading 3 Unused Serialized files (Serialized files now loaded: 0)
UnloadTime: 23.471583 ms
Unloading 6 unused Assets / (0 B). Loaded Objects now: 12949.
Memory consumption went from 135.3 MB to 135.3 MB.
Total: 2.224541 ms (FindLiveObjects: 0.202875 ms CreateObjectMapping: 0.228708 ms MarkObjects: 1.777833 ms  DeleteObjects: 0.015083 ms)

PERF layout T-MineFactory-3x: 154 block spots, 1 towers planned, 1 built
UnityEngine.Debug:ExtractStackTraceNoAlloc (byte*,int,string)
UnityEngine.StackTraceUtility:ExtractStackTrace () (at /Users/bokken/build/output/unity/unity/Runtime/Export/Scripting/StackTrace.cs:35)
UnityEngine.DebugLogHandler:Internal_Log (UnityEngine.LogType,UnityEngine.LogOption,string,UnityEngine.Object)
UnityEngine.DebugLogHandler:LogFormat (UnityEngine.LogType,UnityEngine.Object,string,object[]) (at /Users/bokken/build/output/unity/unity/Runtime/Export/Logging/DebugLogHandler.cs:9)
UnityEngine.Logger:Log (UnityEngine.LogType,object) (at /Users/bokken/build/output/unity/unity/Runtime/Export/Logging/Logger.cs:60)
UnityEngine.Debug:Log (object) (at /Users/bokken/build/output/unity/unity/Runtime/Export/Debug/Debug.bindings.cs:123)
PerfScenario/<RunOne>d__48:MoveNext () (at /Users/philipp/Projects/3DTD/3DTD/3DTD/Assets/Scripts/Diagnostics/PerfScenario.cs:371)
UnityEngine.SetupCoroutine:InvokeMoveNext (System.Collections.IEnumerator,intptr) (at /Users/bokken/build/output/unity/unity/Runtime/Export/Scripting/Coroutines.cs:17)

(Filename: /Users/bokken/build/output/unity/unity/Runtime/Export/Debug/Debug.bindings.cs Line: 123)

EffectPlayer: GrenadeMuzzleRed plays pooled one-shot
UnityEngine.Debug:ExtractStackTraceNoAlloc (byte*,int,string)
UnityEngine.StackTraceUtility:ExtractStackTrace () (at /Users/bokken/build/output/unity/unity/Runtime/Export/Scripting/StackTrace.cs:35)
UnityEngine.DebugLogHandler:Internal_Log (UnityEngine.LogType,UnityEngine.LogOption,string,UnityEngine.Object)
UnityEngine.DebugLogHandler:LogFormat (UnityEngine.LogType,UnityEngine.Object,string,object[]) (at /Users/bokken/build/output/unity/unity/Runtime/Export/Logging/DebugLogHandler.cs:9)
UnityEngine.Logger:Log (UnityEngine.LogType,object) (at /Users/bokken/build/output/unity/unity/Runtime/Export/Logging/Logger.cs:60)
UnityEngine.Debug:Log (object) (at /Users/bokken/build/output/unity/unity/Runtime/Export/Debug/Debug.bindings.cs:123)
EffectPlayer:LogBackend (UnityEngine.GameObject,string) (at /Users/philipp/Projects/3DTD/3DTD/3DTD/Assets/Scripts/Effects/EffectPlayer.cs:98)
EffectPool:PlayOneShot (UnityEngine.Vector3,UnityEngine.Quaternion,single,single,single) (at /Users/philipp/Projects/3DTD/3DTD/3DTD/Assets/Scripts/Effects/EffectPool.cs:72)
EffectPlayer:Play (UnityEngine.GameObject,UnityEngine.Vector3,UnityEngine.Quaternion,single,single,single) (at /Users/philipp/Projects/3DTD/3DTD/3DTD/Assets/Scripts/Effects/EffectPlayer.cs:81)
MineFactoryActionStrategy:SpawnEffect (UnityEngine.GameObject,UnityEngine.Vector3,single,single) (at /Users/philipp/Projects/3DTD/3DTD/3DTD/Assets/Scripts/Tower/ActionStrategies/MineFactoryActionStrategy.cs:583)
MineFactoryActionStrategy:LaunchMine () (at /Users/philipp/Projects/3DTD/3DTD/3DTD/Assets/Scripts/Tower/ActionStrategies/MineFactoryActionStrategy.cs:217)
MineFactoryActionStrategy:Produce (single) (at /Users/philipp/Projects/3DTD/3DTD/3DTD/Assets/Scripts/Tower/ActionStrategies/MineFactoryActionStrategy.cs:190)
MineFactoryActionStrategy:ExecuteAction () (at /Users/philipp/Projects/3DTD/3DTD/3DTD/Assets/Scripts/Tower/ActionStrategies/MineFactoryActionStrategy.cs:162)
Tower:Update () (at /Users/philipp/Projects/3DTD/3DTD/3DTD/Assets/Scripts/Entities/Tower.cs:89)

(Filename: /Users/bokken/build/output/unity/unity/Runtime/Export/Debug/Debug.bindings.cs Line: 123)

EffectPlayer: GrenadeExplosionRed plays pooled one-shot
UnityEngine.Debug:ExtractStackTraceNoAlloc (byte*,int,string)
UnityEngine.StackTraceUtility:ExtractStackTrace () (at /Users/bokken/build/output/unity/unity/Runtime/Export/Scripting/StackTrace.cs:35)
UnityEngine.DebugLogHandler:Internal_Log (UnityEngine.LogType,UnityEngine.LogOption,string,UnityEngine.Object)
UnityEngine.DebugLogHandler:LogFormat (UnityEngine.LogType,UnityEngine.Object,string,object[]) (at /Users/bokken/build/output/unity/unity/Runtime/Export/Logging/DebugLogHandler.cs:9)
UnityEngine.Logger:Log (UnityEngine.LogType,object) (at /Users/bokken/build/output/unity/unity/Runtime/Export/Logging/Logger.cs:60)
UnityEngine.Debug:Log (object) (at /Users/bokken/build/output/unity/unity/Runtime/Export/Debug/Debug.bindings.cs:123)
EffectPlayer:LogBackend (UnityEngine.GameObject,string) (at /Users/philipp/Projects/3DTD/3DTD/3DTD/Assets/Scripts/Effects/EffectPlayer.cs:98)
EffectPool:PlayOneShot (UnityEngine.Vector3,UnityEngine.Quaternion,single,single,single) (at /Users/philipp/Projects/3DTD/3DTD/3DTD/Assets/Scripts/Effects/EffectPool.cs:72)
EffectPlayer:Play (UnityEngine.GameObject,UnityEngine.Vector3,UnityEngine.Quaternion,single,single,single) (at /Users/philipp/Projects/3DTD/3DTD/3DTD/Assets/Scripts/Effects/EffectPlayer.cs:81)
MineFactoryActionStrategy:SpawnEffect (UnityEngine.GameObject,UnityEngine.Vector3,single,single) (at /Users/philipp/Projects/3DTD/3DTD/3DTD/Assets/Scripts/Tower/ActionStrategies/MineFactoryActionStrategy.cs:583)
MineFactoryActionStrategy:Blast (UnityEngine.Vector3,single,single,UnityEngine.GameObject,single) (at /Users/philipp/Projects/3DTD/3DTD/3DTD/Assets/Scripts/Tower/ActionStrategies/MineFactoryActionStrategy.cs:564)
MineFactoryActionStrategy:Detonate (Mine) (at /Users/philipp/Projects/3DTD/3DTD/3DTD/Assets/Scripts/Tower/ActionStrategies/MineFactoryActionStrategy.cs:522)
MineFactoryActionStrategy:CheckContacts (single) (at /Users/philipp/Projects/3DTD/3DTD/3DTD/Assets/Scripts/Tower/ActionStrategies/MineFactoryActionStrategy.cs:500)
MineFactoryActionStrategy:ExecuteAction () (at /Users/philipp/Projects/3DTD/3DTD/3DTD/Assets/Scripts/Tower/ActionStrategies/MineFactoryActionStrategy.cs:160)
Tower:Update () (at /Users/philipp/Projects/3DTD/3DTD/3DTD/Assets/Scripts/Entities/Tower.cs:89)

(Filename: /Users/bokken/build/output/unity/unity/Runtime/Export/Debug/Debug.bindings.cs Line: 123)

EffectPlayer: MiniExploLava plays batched one-shot
UnityEngine.Debug:ExtractStackTraceNoAlloc (byte*,int,string)
UnityEngine.StackTraceUtility:ExtractStackTrace () (at /Users/bokken/build/output/unity/unity/Runtime/Export/Scripting/StackTrace.cs:35)
UnityEngine.DebugLogHandler:Internal_Log (UnityEngine.LogType,UnityEngine.LogOption,string,UnityEngine.Object)
UnityEngine.DebugLogHandler:LogFormat (UnityEngine.LogType,UnityEngine.Object,string,object[]) (at /Users/bokken/build/output/unity/unity/Runtime/Export/Logging/DebugLogHandler.cs:9)
UnityEngine.Logger:Log (UnityEngine.LogType,object) (at /Users/bokken/build/output/unity/unity/Runtime/Export/Logging/Logger.cs:60)
UnityEngine.Debug:Log (object) (at /Users/bokken/build/output/unity/unity/Runtime/Export/Debug/Debug.bindings.cs:123)
EffectPlayer:LogBackend (UnityEngine.GameObject,string) (at /Users/philipp/Projects/3DTD/3DTD/3DTD/Assets/Scripts/Effects/EffectPlayer.cs:98)
EffectPool:PlayOneShot (UnityEngine.Vector3,UnityEngine.Quaternion,single,single,single) (at /Users/philipp/Projects/3DTD/3DTD/3DTD/Assets/Scripts/Effects/EffectPool.cs:72)
EffectPlayer:Play (UnityEngine.GameObject,UnityEngine.Vector3,UnityEngine.Quaternion,single,single,single) (at /Users/philipp/Projects/3DTD/3DTD/3DTD/Assets/Scripts/Effects/EffectPlayer.cs:81)
MineFactoryActionStrategy:SpawnEffect (UnityEngine.GameObject,UnityEngine.Vector3,single,single) (at /Users/philipp/Projects/3DTD/3DTD/3DTD/Assets/Scripts/Tower/ActionStrategies/MineFactoryActionStrategy.cs:583)
MineFactoryActionStrategy:Blast (UnityEngine.Vector3,single,single,UnityEngine.GameObject,single) (at /Users/philipp/Projects/3DTD/3DTD/3DTD/Assets/Scripts/Tower/ActionStrategies/MineFactoryActionStrategy.cs:564)
MineFactoryActionStrategy:UpdatePendingBlasts (single) (at /Users/philipp/Projects/3DTD/3DTD/3DTD/Assets/Scripts/Tower/ActionStrategies/MineFactoryActionStrategy.cs:558)
MineFactoryActionStrategy:ExecuteAction () (at /Users/philipp/Projects/3DTD/3DTD/3DTD/Assets/Scripts/Tower/ActionStrategies/MineFactoryActionStrategy.cs:161)
Tower:Update () (at /Users/philipp/Projects/3DTD/3DTD/3DTD/Assets/Scripts/Entities/Tower.cs:89)

(Filename: /Users/bokken/build/output/unity/unity/Runtime/Export/Debug/Debug.bindings.cs Line: 123)

PERF RESULT T-MineFactory-3x: towers 1, frames 12216, frame p50/p95/p99/max 1.4/1.9/12.5/22.2 ms, main p50/p99 1.4/12.5 ms, speed 3.00x, GC steady 0.5% frames (271216 B, 25 B/frame), damage 15856, kills 0, leaked 4639, pops 1855, projectiles 0/0, death fx 2034/2034, fx 73/73, markers [PlayerLoop=1.60/12.5ms, Update.ScriptRunBehaviourUpdate=0.19/0.4ms, PreLateUpdate.ScriptRunBehaviourLateUpdate=0.02/0.0ms, FixedUpdate.PhysicsFixedUpdate=0.00/0.0ms, FixedUpdate.ScriptRunBehaviourFixedUpdate=0.00/0.0ms, PreUpdate.PhysicsUpdate=0.00/0.0ms, Physics.Simulate=0.09/0.1ms, Physics.SyncTransforms=0.12/0.2ms, Physics.SendTriggerEvents=0.00/0.0ms, Physics.SendContactEvents=0.00/0.0ms, ParticleSystem.EndUpdateAll=0.00/0.0ms, GC.Collect=0.00/0.0ms, GarbageCollector.CollectIncremental=0.00/0.0ms, 3DTD.Projectiles.Step=0.00/0.0ms, 3DTD.Projectiles.Apply=0.00/0.0ms, 3DTD.Effects.Update=0.00/0.0ms, 3DTD.Effects.TrailEmit=0.00/0.0ms, 3DTD.Effects.Flights=0.00/0.0ms, 3DTD.Effects.Batched=0.00/0.0ms, 3DTD.Effects.Emit=0.00/0.0ms, 3DTD.Effects.Particles=0.00/0.0ms, 3DTD.Effects.Retire=0.00/0.0ms, ParticleSystem.WaitForPreviousRenderingToFinish=0.00/0.0ms, ParticleSystem.UpdateJob=0.02/0.1ms, ParticleSystem.GeometryJob=0.02/0.1ms, ParticleSystem.TrailGeometryJob=0.00/0.1ms, ParticleSystem.Sort=0.00/0.0ms, ParticleSystem.Draw=0.00/0.0ms, Gfx.WaitForRenderThread=0.00/0.0ms, WaitForRenderJobs=0.00/0.0ms, CPU Render Thread Frame Time=0.79/0.9ms, GPU Frame Time=0.99/4.5ms, 3DTD.DeathEffects=0.00/0.1ms, 3DTD.Enemy.TakeDamage=0.00/0.0ms, 3DTD.Enemy.PopLayer=0.00/0.0ms, 3DTD.Enemy.ShowShape=0.00/0.0ms, 3DTD.Effects.Create=0.00/0.0ms, 3DTD.Projectiles.Fire=0.00/0.0ms, 3DTD.Effects.Play=0.00/0.0ms, 3DTD.Effects.Attach=0.00/0.0ms, BehaviourUpdate=0.19/0.4ms, Gfx.WaitForPresentOnGfxThread=0.24/10.8ms, Render.OpaqueGeometry=0.00/0.0ms, Render.TransparentGeometry=0.00/0.0ms, Instantiate=0.00/0.0ms], by type [Mine Factory=15856]
UnityEngine.Debug:ExtractStackTraceNoAlloc (byte*,int,string)
UnityEngine.StackTraceUtility:ExtractStackTrace () (at /Users/bokken/build/output/unity/unity/Runtime/Export/Scripting/StackTrace.cs:35)
UnityEngine.DebugLogHandler:Internal_Log (UnityEngine.LogType,UnityEngine.LogOption,string,UnityEngine.Object)
UnityEngine.DebugLogHandler:LogFormat (UnityEngine.LogType,UnityEngine.Object,string,object[]) (at /Users/bokken/build/output/unity/unity/Runtime/Export/Logging/DebugLogHandler.cs:9)
UnityEngine.Logger:Log (UnityEngine.LogType,object) (at /Users/bokken/build/output/unity/unity/Runtime/Export/Logging/Logger.cs:60)
UnityEngine.Debug:Log (object) (at /Users/bokken/build/output/unity/unity/Runtime/Export/Debug/Debug.bindings.cs:123)
PerfScenario:Summarize (PerfScenario/Run,PerfScenario/RunResult,System.Collections.Generic.List`1<Tower>,int) (at /Users/philipp/Projects/3DTD/3DTD/3DTD/Assets/Scripts/Diagnostics/PerfScenario.cs:1122)
PerfScenario/<RunOne>d__48:MoveNext () (at /Users/philipp/Projects/3DTD/3DTD/3DTD/Assets/Scripts/Diagnostics/PerfScenario.cs:438)
UnityEngine.SetupCoroutine:InvokeMoveNext (System.Collections.IEnumerator,intptr) (at /Users/bokken/build/output/unity/unity/Runtime/Export/Scripting/Coroutines.cs:17)

(Filename: /Users/bokken/build/output/unity/unity/Runtime/Export/Debug/Debug.bindings.cs Line: 123)

PERF EMIT (system: calls, particles, total ms, us/particle, max ms at count/alive)
  MiniExploLava/Sparks: 45, 540, 0.1 ms, 0.14 us, max 0.01 ms at 12/24, first in frame 0x 0.0 ms
  MiniExploLava/Glow: 45, 45, 0.1 ms, 1.27 us, max 0.00 ms at 1/2, first in frame 45x 0.1 ms
UnityEngine.Debug:ExtractStackTraceNoAlloc (byte*,int,string)
UnityEngine.StackTraceUtility:ExtractStackTrace () (at /Users/bokken/build/output/unity/unity/Runtime/Export/Scripting/StackTrace.cs:35)
UnityEngine.DebugLogHandler:Internal_Log (UnityEngine.LogType,UnityEngine.LogOption,string,UnityEngine.Object)
UnityEngine.DebugLogHandler:LogFormat (UnityEngine.LogType,UnityEngine.Object,string,object[]) (at /Users/bokken/build/output/unity/unity/Runtime/Export/Logging/DebugLogHandler.cs:9)
UnityEngine.Logger:Log (UnityEngine.LogType,object) (at /Users/bokken/build/output/unity/unity/Runtime/Export/Logging/Logger.cs:60)
UnityEngine.Debug:Log (object) (at /Users/bokken/build/output/unity/unity/Runtime/Export/Debug/Debug.bindings.cs:123)
PerfScenario:Summarize (PerfScenario/Run,PerfScenario/RunResult,System.Collections.Generic.List`1<Tower>,int) (at /Users/philipp/Projects/3DTD/3DTD/3DTD/Assets/Scripts/Diagnostics/PerfScenario.cs:1132)
PerfScenario/<RunOne>d__48:MoveNext () (at /Users/philipp/Projects/3DTD/3DTD/3DTD/Assets/Scripts/Diagnostics/PerfScenario.cs:438)
UnityEngine.SetupCoroutine:InvokeMoveNext (System.Collections.IEnumerator,intptr) (at /Users/bokken/build/output/unity/unity/Runtime/Export/Scripting/Coroutines.cs:17)

(Filename: /Users/bokken/build/output/unity/unity/Runtime/Export/Debug/Debug.bindings.cs Line: 123)

PERF RUN T-MineFactory-5x (single, 5x, round 60)
UnityEngine.Debug:ExtractStackTraceNoAlloc (byte*,int,string)
UnityEngine.StackTraceUtility:ExtractStackTrace () (at /Users/bokken/build/output/unity/unity/Runtime/Export/Scripting/StackTrace.cs:35)
UnityEngine.DebugLogHandler:Internal_Log (UnityEngine.LogType,UnityEngine.LogOption,string,UnityEngine.Object)
UnityEngine.DebugLogHandler:LogFormat (UnityEngine.LogType,UnityEngine.Object,string,object[]) (at /Users/bokken/build/output/unity/unity/Runtime/Export/Logging/DebugLogHandler.cs:9)
UnityEngine.Logger:Log (UnityEngine.LogType,object) (at /Users/bokken/build/output/unity/unity/Runtime/Export/Logging/Logger.cs:60)
UnityEngine.Debug:Log (object) (at /Users/bokken/build/output/unity/unity/Runtime/Export/Debug/Debug.bindings.cs:123)
PerfScenario/<RunOne>d__48:MoveNext () (at /Users/philipp/Projects/3DTD/3DTD/3DTD/Assets/Scripts/Diagnostics/PerfScenario.cs:326)
UnityEngine.SetupCoroutine:InvokeMoveNext (System.Collections.IEnumerator,intptr) (at /Users/bokken/build/output/unity/unity/Runtime/Export/Scripting/Coroutines.cs:17)

(Filename: /Users/bokken/build/output/unity/unity/Runtime/Export/Debug/Debug.bindings.cs Line: 123)

Unloading 3 Unused Serialized files (Serialized files now loaded: 0)
UnloadTime: 20.509709 ms
Unloading 6 unused Assets / (0 B). Loaded Objects now: 12949.
Memory consumption went from 135.3 MB to 135.3 MB.
Total: 1.602209 ms (FindLiveObjects: 0.201292 ms CreateObjectMapping: 0.223625 ms MarkObjects: 1.162333 ms  DeleteObjects: 0.014833 ms)

PERF layout T-MineFactory-5x: 154 block spots, 1 towers planned, 1 built
UnityEngine.Debug:ExtractStackTraceNoAlloc (byte*,int,string)
UnityEngine.StackTraceUtility:ExtractStackTrace () (at /Users/bokken/build/output/unity/unity/Runtime/Export/Scripting/StackTrace.cs:35)
UnityEngine.DebugLogHandler:Internal_Log (UnityEngine.LogType,UnityEngine.LogOption,string,UnityEngine.Object)
UnityEngine.DebugLogHandler:LogFormat (UnityEngine.LogType,UnityEngine.Object,string,object[]) (at /Users/bokken/build/output/unity/unity/Runtime/Export/Logging/DebugLogHandler.cs:9)
UnityEngine.Logger:Log (UnityEngine.LogType,object) (at /Users/bokken/build/output/unity/unity/Runtime/Export/Logging/Logger.cs:60)
UnityEngine.Debug:Log (object) (at /Users/bokken/build/output/unity/unity/Runtime/Export/Debug/Debug.bindings.cs:123)
PerfScenario/<RunOne>d__48:MoveNext () (at /Users/philipp/Projects/3DTD/3DTD/3DTD/Assets/Scripts/Diagnostics/PerfScenario.cs:371)
UnityEngine.SetupCoroutine:InvokeMoveNext (System.Collections.IEnumerator,intptr) (at /Users/bokken/build/output/unity/unity/Runtime/Export/Scripting/Coroutines.cs:17)

(Filename: /Users/bokken/build/output/unity/unity/Runtime/Export/Debug/Debug.bindings.cs Line: 123)

EffectPlayer: GrenadeMuzzleRed plays pooled one-shot
UnityEngine.Debug:ExtractStackTraceNoAlloc (byte*,int,string)
UnityEngine.StackTraceUtility:ExtractStackTrace () (at /Users/bokken/build/output/unity/unity/Runtime/Export/Scripting/StackTrace.cs:35)
UnityEngine.DebugLogHandler:Internal_Log (UnityEngine.LogType,UnityEngine.LogOption,string,UnityEngine.Object)
UnityEngine.DebugLogHandler:LogFormat (UnityEngine.LogType,UnityEngine.Object,string,object[]) (at /Users/bokken/build/output/unity/unity/Runtime/Export/Logging/DebugLogHandler.cs:9)
UnityEngine.Logger:Log (UnityEngine.LogType,object) (at /Users/bokken/build/output/unity/unity/Runtime/Export/Logging/Logger.cs:60)
UnityEngine.Debug:Log (object) (at /Users/bokken/build/output/unity/unity/Runtime/Export/Debug/Debug.bindings.cs:123)
EffectPlayer:LogBackend (UnityEngine.GameObject,string) (at /Users/philipp/Projects/3DTD/3DTD/3DTD/Assets/Scripts/Effects/EffectPlayer.cs:98)
EffectPool:PlayOneShot (UnityEngine.Vector3,UnityEngine.Quaternion,single,single,single) (at /Users/philipp/Projects/3DTD/3DTD/3DTD/Assets/Scripts/Effects/EffectPool.cs:72)
EffectPlayer:Play (UnityEngine.GameObject,UnityEngine.Vector3,UnityEngine.Quaternion,single,single,single) (at /Users/philipp/Projects/3DTD/3DTD/3DTD/Assets/Scripts/Effects/EffectPlayer.cs:81)
MineFactoryActionStrategy:SpawnEffect (UnityEngine.GameObject,UnityEngine.Vector3,single,single) (at /Users/philipp/Projects/3DTD/3DTD/3DTD/Assets/Scripts/Tower/ActionStrategies/MineFactoryActionStrategy.cs:583)
MineFactoryActionStrategy:LaunchMine () (at /Users/philipp/Projects/3DTD/3DTD/3DTD/Assets/Scripts/Tower/ActionStrategies/MineFactoryActionStrategy.cs:217)
MineFactoryActionStrategy:Produce (single) (at /Users/philipp/Projects/3DTD/3DTD/3DTD/Assets/Scripts/Tower/ActionStrategies/MineFactoryActionStrategy.cs:190)
MineFactoryActionStrategy:ExecuteAction () (at /Users/philipp/Projects/3DTD/3DTD/3DTD/Assets/Scripts/Tower/ActionStrategies/MineFactoryActionStrategy.cs:162)
Tower:Update () (at /Users/philipp/Projects/3DTD/3DTD/3DTD/Assets/Scripts/Entities/Tower.cs:89)

(Filename: /Users/bokken/build/output/unity/unity/Runtime/Export/Debug/Debug.bindings.cs Line: 123)

EffectPlayer: GrenadeExplosionRed plays pooled one-shot
UnityEngine.Debug:ExtractStackTraceNoAlloc (byte*,int,string)
UnityEngine.StackTraceUtility:ExtractStackTrace () (at /Users/bokken/build/output/unity/unity/Runtime/Export/Scripting/StackTrace.cs:35)
UnityEngine.DebugLogHandler:Internal_Log (UnityEngine.LogType,UnityEngine.LogOption,string,UnityEngine.Object)
UnityEngine.DebugLogHandler:LogFormat (UnityEngine.LogType,UnityEngine.Object,string,object[]) (at /Users/bokken/build/output/unity/unity/Runtime/Export/Logging/DebugLogHandler.cs:9)
UnityEngine.Logger:Log (UnityEngine.LogType,object) (at /Users/bokken/build/output/unity/unity/Runtime/Export/Logging/Logger.cs:60)
UnityEngine.Debug:Log (object) (at /Users/bokken/build/output/unity/unity/Runtime/Export/Debug/Debug.bindings.cs:123)
EffectPlayer:LogBackend (UnityEngine.GameObject,string) (at /Users/philipp/Projects/3DTD/3DTD/3DTD/Assets/Scripts/Effects/EffectPlayer.cs:98)
EffectPool:PlayOneShot (UnityEngine.Vector3,UnityEngine.Quaternion,single,single,single) (at /Users/philipp/Projects/3DTD/3DTD/3DTD/Assets/Scripts/Effects/EffectPool.cs:72)
EffectPlayer:Play (UnityEngine.GameObject,UnityEngine.Vector3,UnityEngine.Quaternion,single,single,single) (at /Users/philipp/Projects/3DTD/3DTD/3DTD/Assets/Scripts/Effects/EffectPlayer.cs:81)
MineFactoryActionStrategy:SpawnEffect (UnityEngine.GameObject,UnityEngine.Vector3,single,single) (at /Users/philipp/Projects/3DTD/3DTD/3DTD/Assets/Scripts/Tower/ActionStrategies/MineFactoryActionStrategy.cs:583)
MineFactoryActionStrategy:Blast (UnityEngine.Vector3,single,single,UnityEngine.GameObject,single) (at /Users/philipp/Projects/3DTD/3DTD/3DTD/Assets/Scripts/Tower/ActionStrategies/MineFactoryActionStrategy.cs:564)
MineFactoryActionStrategy:Detonate (Mine) (at /Users/philipp/Projects/3DTD/3DTD/3DTD/Assets/Scripts/Tower/ActionStrategies/MineFactoryActionStrategy.cs:522)
MineFactoryActionStrategy:CheckContacts (single) (at /Users/philipp/Projects/3DTD/3DTD/3DTD/Assets/Scripts/Tower/ActionStrategies/MineFactoryActionStrategy.cs:500)
MineFactoryActionStrategy:ExecuteAction () (at /Users/philipp/Projects/3DTD/3DTD/3DTD/Assets/Scripts/Tower/ActionStrategies/MineFactoryActionStrategy.cs:160)
Tower:Update () (at /Users/philipp/Projects/3DTD/3DTD/3DTD/Assets/Scripts/Entities/Tower.cs:89)

(Filename: /Users/bokken/build/output/unity/unity/Runtime/Export/Debug/Debug.bindings.cs Line: 123)

EffectPlayer: MiniExploLava plays batched one-shot
UnityEngine.Debug:ExtractStackTraceNoAlloc (byte*,int,string)
UnityEngine.StackTraceUtility:ExtractStackTrace () (at /Users/bokken/build/output/unity/unity/Runtime/Export/Scripting/StackTrace.cs:35)
UnityEngine.DebugLogHandler:Internal_Log (UnityEngine.LogType,UnityEngine.LogOption,string,UnityEngine.Object)
UnityEngine.DebugLogHandler:LogFormat (UnityEngine.LogType,UnityEngine.Object,string,object[]) (at /Users/bokken/build/output/unity/unity/Runtime/Export/Logging/DebugLogHandler.cs:9)
UnityEngine.Logger:Log (UnityEngine.LogType,object) (at /Users/bokken/build/output/unity/unity/Runtime/Export/Logging/Logger.cs:60)
UnityEngine.Debug:Log (object) (at /Users/bokken/build/output/unity/unity/Runtime/Export/Debug/Debug.bindings.cs:123)
EffectPlayer:LogBackend (UnityEngine.GameObject,string) (at /Users/philipp/Projects/3DTD/3DTD/3DTD/Assets/Scripts/Effects/EffectPlayer.cs:98)
EffectPool:PlayOneShot (UnityEngine.Vector3,UnityEngine.Quaternion,single,single,single) (at /Users/philipp/Projects/3DTD/3DTD/3DTD/Assets/Scripts/Effects/EffectPool.cs:72)
EffectPlayer:Play (UnityEngine.GameObject,UnityEngine.Vector3,UnityEngine.Quaternion,single,single,single) (at /Users/philipp/Projects/3DTD/3DTD/3DTD/Assets/Scripts/Effects/EffectPlayer.cs:81)
MineFactoryActionStrategy:SpawnEffect (UnityEngine.GameObject,UnityEngine.Vector3,single,single) (at /Users/philipp/Projects/3DTD/3DTD/3DTD/Assets/Scripts/Tower/ActionStrategies/MineFactoryActionStrategy.cs:583)
MineFactoryActionStrategy:Blast (UnityEngine.Vector3,single,single,UnityEngine.GameObject,single) (at /Users/philipp/Projects/3DTD/3DTD/3DTD/Assets/Scripts/Tower/ActionStrategies/MineFactoryActionStrategy.cs:564)
MineFactoryActionStrategy:UpdatePendingBlasts (single) (at /Users/philipp/Projects/3DTD/3DTD/3DTD/Assets/Scripts/Tower/ActionStrategies/MineFactoryActionStrategy.cs:558)
MineFactoryActionStrategy:ExecuteAction () (at /Users/philipp/Projects/3DTD/3DTD/3DTD/Assets/Scripts/Tower/ActionStrategies/MineFactoryActionStrategy.cs:161)
Tower:Update () (at /Users/philipp/Projects/3DTD/3DTD/3DTD/Assets/Scripts/Entities/Tower.cs:89)

(Filename: /Users/bokken/build/output/unity/unity/Runtime/Export/Debug/Debug.bindings.cs Line: 123)

PERF RESULT T-MineFactory-5x: towers 1, frames 7252, frame p50/p95/p99/max 1.4/1.9/12.9/16.4 ms, main p50/p99 1.4/12.9 ms, speed 5.00x, GC steady 0.8% frames (270936 B, 46 B/frame), damage 15823, kills 0, leaked 4636, pops 1858, projectiles 0/0, death fx 2038/2038, fx 73/73, markers [PlayerLoop=1.62/12.9ms, Update.ScriptRunBehaviourUpdate=0.19/0.4ms, PreLateUpdate.ScriptRunBehaviourLateUpdate=0.02/0.0ms, FixedUpdate.PhysicsFixedUpdate=0.00/0.0ms, FixedUpdate.ScriptRunBehaviourFixedUpdate=0.00/0.0ms, PreUpdate.PhysicsUpdate=0.00/0.0ms, Physics.Simulate=0.09/0.1ms, Physics.SyncTransforms=0.13/0.2ms, Physics.SendTriggerEvents=0.00/0.0ms, Physics.SendContactEvents=0.00/0.0ms, ParticleSystem.EndUpdateAll=0.00/0.0ms, GC.Collect=0.00/0.0ms, GarbageCollector.CollectIncremental=0.00/0.0ms, 3DTD.Projectiles.Step=0.00/0.0ms, 3DTD.Projectiles.Apply=0.00/0.0ms, 3DTD.Effects.Update=0.00/0.0ms, 3DTD.Effects.TrailEmit=0.00/0.0ms, 3DTD.Effects.Flights=0.00/0.0ms, 3DTD.Effects.Batched=0.00/0.0ms, 3DTD.Effects.Emit=0.00/0.0ms, 3DTD.Effects.Particles=0.00/0.0ms, 3DTD.Effects.Retire=0.00/0.0ms, ParticleSystem.WaitForPreviousRenderingToFinish=0.00/0.0ms, ParticleSystem.UpdateJob=0.02/0.1ms, ParticleSystem.GeometryJob=0.02/0.1ms, ParticleSystem.TrailGeometryJob=0.00/0.0ms, ParticleSystem.Sort=0.00/0.0ms, ParticleSystem.Draw=0.00/0.0ms, Gfx.WaitForRenderThread=0.00/0.0ms, WaitForRenderJobs=0.00/0.0ms, CPU Render Thread Frame Time=0.79/0.9ms, GPU Frame Time=0.98/4.3ms, 3DTD.DeathEffects=0.00/0.1ms, 3DTD.Enemy.TakeDamage=0.00/0.0ms, 3DTD.Enemy.PopLayer=0.00/0.0ms, 3DTD.Enemy.ShowShape=0.00/0.0ms, 3DTD.Effects.Create=0.00/0.0ms, 3DTD.Projectiles.Fire=0.00/0.0ms, 3DTD.Effects.Play=0.00/0.0ms, 3DTD.Effects.Attach=0.00/0.0ms, BehaviourUpdate=0.19/0.4ms, Gfx.WaitForPresentOnGfxThread=0.25/11.4ms, Render.OpaqueGeometry=0.00/0.0ms, Render.TransparentGeometry=0.00/0.0ms, Instantiate=0.00/0.0ms], by type [Mine Factory=15823]
UnityEngine.Debug:ExtractStackTraceNoAlloc (byte*,int,string)
UnityEngine.StackTraceUtility:ExtractStackTrace () (at /Users/bokken/build/output/unity/unity/Runtime/Export/Scripting/StackTrace.cs:35)
UnityEngine.DebugLogHandler:Internal_Log (UnityEngine.LogType,UnityEngine.LogOption,string,UnityEngine.Object)
UnityEngine.DebugLogHandler:LogFormat (UnityEngine.LogType,UnityEngine.Object,string,object[]) (at /Users/bokken/build/output/unity/unity/Runtime/Export/Logging/DebugLogHandler.cs:9)
UnityEngine.Logger:Log (UnityEngine.LogType,object) (at /Users/bokken/build/output/unity/unity/Runtime/Export/Logging/Logger.cs:60)
UnityEngine.Debug:Log (object) (at /Users/bokken/build/output/unity/unity/Runtime/Export/Debug/Debug.bindings.cs:123)
PerfScenario:Summarize (PerfScenario/Run,PerfScenario/RunResult,System.Collections.Generic.List`1<Tower>,int) (at /Users/philipp/Projects/3DTD/3DTD/3DTD/Assets/Scripts/Diagnostics/PerfScenario.cs:1122)
PerfScenario/<RunOne>d__48:MoveNext () (at /Users/philipp/Projects/3DTD/3DTD/3DTD/Assets/Scripts/Diagnostics/PerfScenario.cs:438)
UnityEngine.SetupCoroutine:InvokeMoveNext (System.Collections.IEnumerator,intptr) (at /Users/bokken/build/output/unity/unity/Runtime/Export/Scripting/Coroutines.cs:17)

(Filename: /Users/bokken/build/output/unity/unity/Runtime/Export/Debug/Debug.bindings.cs Line: 123)

PERF EMIT (system: calls, particles, total ms, us/particle, max ms at count/alive)
  MiniExploLava/Sparks: 45, 540, 0.1 ms, 0.14 us, max 0.01 ms at 12/24, first in frame 0x 0.0 ms
  MiniExploLava/Glow: 45, 45, 0.1 ms, 1.22 us, max 0.00 ms at 1/2, first in frame 45x 0.1 ms
UnityEngine.Debug:ExtractStackTraceNoAlloc (byte*,int,string)
UnityEngine.StackTraceUtility:ExtractStackTrace () (at /Users/bokken/build/output/unity/unity/Runtime/Export/Scripting/StackTrace.cs:35)
UnityEngine.DebugLogHandler:Internal_Log (UnityEngine.LogType,UnityEngine.LogOption,string,UnityEngine.Object)
UnityEngine.DebugLogHandler:LogFormat (UnityEngine.LogType,UnityEngine.Object,string,object[]) (at /Users/bokken/build/output/unity/unity/Runtime/Export/Logging/DebugLogHandler.cs:9)
UnityEngine.Logger:Log (UnityEngine.LogType,object) (at /Users/bokken/build/output/unity/unity/Runtime/Export/Logging/Logger.cs:60)
UnityEngine.Debug:Log (object) (at /Users/bokken/build/output/unity/unity/Runtime/Export/Debug/Debug.bindings.cs:123)
PerfScenario:Summarize (PerfScenario/Run,PerfScenario/RunResult,System.Collections.Generic.List`1<Tower>,int) (at /Users/philipp/Projects/3DTD/3DTD/3DTD/Assets/Scripts/Diagnostics/PerfScenario.cs:1132)
PerfScenario/<RunOne>d__48:MoveNext () (at /Users/philipp/Projects/3DTD/3DTD/3DTD/Assets/Scripts/Diagnostics/PerfScenario.cs:438)
UnityEngine.SetupCoroutine:InvokeMoveNext (System.Collections.IEnumerator,intptr) (at /Users/bokken/build/output/unity/unity/Runtime/Export/Scripting/Coroutines.cs:17)

(Filename: /Users/bokken/build/output/unity/unity/Runtime/Export/Debug/Debug.bindings.cs Line: 123)

PERF PARITY T-Default-3x damage: 435 vs 435 at 1x (+0.0%)
UnityEngine.Debug:ExtractStackTraceNoAlloc (byte*,int,string)
UnityEngine.StackTraceUtility:ExtractStackTrace () (at /Users/bokken/build/output/unity/unity/Runtime/Export/Scripting/StackTrace.cs:35)
UnityEngine.DebugLogHandler:Internal_Log (UnityEngine.LogType,UnityEngine.LogOption,string,UnityEngine.Object)
UnityEngine.DebugLogHandler:LogFormat (UnityEngine.LogType,UnityEngine.Object,string,object[]) (at /Users/bokken/build/output/unity/unity/Runtime/Export/Logging/DebugLogHandler.cs:9)
UnityEngine.Logger:Log (UnityEngine.LogType,object) (at /Users/bokken/build/output/unity/unity/Runtime/Export/Logging/Logger.cs:60)
UnityEngine.Debug:Log (object) (at /Users/bokken/build/output/unity/unity/Runtime/Export/Debug/Debug.bindings.cs:123)
PerfScenario:CompareParity (PerfScenario/RunResult,string,single,single,single,bool) (at /Users/philipp/Projects/3DTD/3DTD/3DTD/Assets/Scripts/Diagnostics/PerfScenario.cs:1205)
PerfScenario:EvaluateParity () (at /Users/philipp/Projects/3DTD/3DTD/3DTD/Assets/Scripts/Diagnostics/PerfScenario.cs:1180)
PerfScenario/<Start>d__47:MoveNext () (at /Users/philipp/Projects/3DTD/3DTD/3DTD/Assets/Scripts/Diagnostics/PerfScenario.cs:318)
UnityEngine.SetupCoroutine:InvokeMoveNext (System.Collections.IEnumerator,intptr) (at /Users/bokken/build/output/unity/unity/Runtime/Export/Scripting/Coroutines.cs:17)

(Filename: /Users/bokken/build/output/unity/unity/Runtime/Export/Debug/Debug.bindings.cs Line: 123)

PERF PARITY T-Default-3x Laser Tower damage: 435 vs 435 at 1x (+0.0%)
UnityEngine.Debug:ExtractStackTraceNoAlloc (byte*,int,string)
UnityEngine.StackTraceUtility:ExtractStackTrace () (at /Users/bokken/build/output/unity/unity/Runtime/Export/Scripting/StackTrace.cs:35)
UnityEngine.DebugLogHandler:Internal_Log (UnityEngine.LogType,UnityEngine.LogOption,string,UnityEngine.Object)
UnityEngine.DebugLogHandler:LogFormat (UnityEngine.LogType,UnityEngine.Object,string,object[]) (at /Users/bokken/build/output/unity/unity/Runtime/Export/Logging/DebugLogHandler.cs:9)
UnityEngine.Logger:Log (UnityEngine.LogType,object) (at /Users/bokken/build/output/unity/unity/Runtime/Export/Logging/Logger.cs:60)
UnityEngine.Debug:Log (object) (at /Users/bokken/build/output/unity/unity/Runtime/Export/Debug/Debug.bindings.cs:123)
PerfScenario:CompareParity (PerfScenario/RunResult,string,single,single,single,bool) (at /Users/philipp/Projects/3DTD/3DTD/3DTD/Assets/Scripts/Diagnostics/PerfScenario.cs:1205)
PerfScenario:EvaluateParity () (at /Users/philipp/Projects/3DTD/3DTD/3DTD/Assets/Scripts/Diagnostics/PerfScenario.cs:1192)
PerfScenario/<Start>d__47:MoveNext () (at /Users/philipp/Projects/3DTD/3DTD/3DTD/Assets/Scripts/Diagnostics/PerfScenario.cs:318)
UnityEngine.SetupCoroutine:InvokeMoveNext (System.Collections.IEnumerator,intptr) (at /Users/bokken/build/output/unity/unity/Runtime/Export/Scripting/Coroutines.cs:17)

(Filename: /Users/bokken/build/output/unity/unity/Runtime/Export/Debug/Debug.bindings.cs Line: 123)

PERF PARITY T-Default-5x damage: 435 vs 435 at 1x (+0.0%)
UnityEngine.Debug:ExtractStackTraceNoAlloc (byte*,int,string)
UnityEngine.StackTraceUtility:ExtractStackTrace () (at /Users/bokken/build/output/unity/unity/Runtime/Export/Scripting/StackTrace.cs:35)
UnityEngine.DebugLogHandler:Internal_Log (UnityEngine.LogType,UnityEngine.LogOption,string,UnityEngine.Object)
UnityEngine.DebugLogHandler:LogFormat (UnityEngine.LogType,UnityEngine.Object,string,object[]) (at /Users/bokken/build/output/unity/unity/Runtime/Export/Logging/DebugLogHandler.cs:9)
UnityEngine.Logger:Log (UnityEngine.LogType,object) (at /Users/bokken/build/output/unity/unity/Runtime/Export/Logging/Logger.cs:60)
UnityEngine.Debug:Log (object) (at /Users/bokken/build/output/unity/unity/Runtime/Export/Debug/Debug.bindings.cs:123)
PerfScenario:CompareParity (PerfScenario/RunResult,string,single,single,single,bool) (at /Users/philipp/Projects/3DTD/3DTD/3DTD/Assets/Scripts/Diagnostics/PerfScenario.cs:1205)
PerfScenario:EvaluateParity () (at /Users/philipp/Projects/3DTD/3DTD/3DTD/Assets/Scripts/Diagnostics/PerfScenario.cs:1180)
PerfScenario/<Start>d__47:MoveNext () (at /Users/philipp/Projects/3DTD/3DTD/3DTD/Assets/Scripts/Diagnostics/PerfScenario.cs:318)
UnityEngine.SetupCoroutine:InvokeMoveNext (System.Collections.IEnumerator,intptr) (at /Users/bokken/build/output/unity/unity/Runtime/Export/Scripting/Coroutines.cs:17)

(Filename: /Users/bokken/build/output/unity/unity/Runtime/Export/Debug/Debug.bindings.cs Line: 123)

PERF PARITY T-Default-5x Laser Tower damage: 435 vs 435 at 1x (+0.0%)
UnityEngine.Debug:ExtractStackTraceNoAlloc (byte*,int,string)
UnityEngine.StackTraceUtility:ExtractStackTrace () (at /Users/bokken/build/output/unity/unity/Runtime/Export/Scripting/StackTrace.cs:35)
UnityEngine.DebugLogHandler:Internal_Log (UnityEngine.LogType,UnityEngine.LogOption,string,UnityEngine.Object)
UnityEngine.DebugLogHandler:LogFormat (UnityEngine.LogType,UnityEngine.Object,string,object[]) (at /Users/bokken/build/output/unity/unity/Runtime/Export/Logging/DebugLogHandler.cs:9)
UnityEngine.Logger:Log (UnityEngine.LogType,object) (at /Users/bokken/build/output/unity/unity/Runtime/Export/Logging/Logger.cs:60)
UnityEngine.Debug:Log (object) (at /Users/bokken/build/output/unity/unity/Runtime/Export/Debug/Debug.bindings.cs:123)
PerfScenario:CompareParity (PerfScenario/RunResult,string,single,single,single,bool) (at /Users/philipp/Projects/3DTD/3DTD/3DTD/Assets/Scripts/Diagnostics/PerfScenario.cs:1205)
PerfScenario:EvaluateParity () (at /Users/philipp/Projects/3DTD/3DTD/3DTD/Assets/Scripts/Diagnostics/PerfScenario.cs:1192)
PerfScenario/<Start>d__47:MoveNext () (at /Users/philipp/Projects/3DTD/3DTD/3DTD/Assets/Scripts/Diagnostics/PerfScenario.cs:318)
UnityEngine.SetupCoroutine:InvokeMoveNext (System.Collections.IEnumerator,intptr) (at /Users/bokken/build/output/unity/unity/Runtime/Export/Scripting/Coroutines.cs:17)

(Filename: /Users/bokken/build/output/unity/unity/Runtime/Export/Debug/Debug.bindings.cs Line: 123)

PERF PARITY T-Core-3x damage: 7 vs 7 at 1x (+0.0%)
UnityEngine.Debug:ExtractStackTraceNoAlloc (byte*,int,string)
UnityEngine.StackTraceUtility:ExtractStackTrace () (at /Users/bokken/build/output/unity/unity/Runtime/Export/Scripting/StackTrace.cs:35)
UnityEngine.DebugLogHandler:Internal_Log (UnityEngine.LogType,UnityEngine.LogOption,string,UnityEngine.Object)
UnityEngine.DebugLogHandler:LogFormat (UnityEngine.LogType,UnityEngine.Object,string,object[]) (at /Users/bokken/build/output/unity/unity/Runtime/Export/Logging/DebugLogHandler.cs:9)
UnityEngine.Logger:Log (UnityEngine.LogType,object) (at /Users/bokken/build/output/unity/unity/Runtime/Export/Logging/Logger.cs:60)
UnityEngine.Debug:Log (object) (at /Users/bokken/build/output/unity/unity/Runtime/Export/Debug/Debug.bindings.cs:123)
PerfScenario:CompareParity (PerfScenario/RunResult,string,single,single,single,bool) (at /Users/philipp/Projects/3DTD/3DTD/3DTD/Assets/Scripts/Diagnostics/PerfScenario.cs:1205)
PerfScenario:EvaluateParity () (at /Users/philipp/Projects/3DTD/3DTD/3DTD/Assets/Scripts/Diagnostics/PerfScenario.cs:1180)
PerfScenario/<Start>d__47:MoveNext () (at /Users/philipp/Projects/3DTD/3DTD/3DTD/Assets/Scripts/Diagnostics/PerfScenario.cs:318)
UnityEngine.SetupCoroutine:InvokeMoveNext (System.Collections.IEnumerator,intptr) (at /Users/bokken/build/output/unity/unity/Runtime/Export/Scripting/Coroutines.cs:17)

(Filename: /Users/bokken/build/output/unity/unity/Runtime/Export/Debug/Debug.bindings.cs Line: 123)

PERF PARITY T-Core-3x Core Tower damage: 7 vs 7 at 1x (+0.0%)
UnityEngine.Debug:ExtractStackTraceNoAlloc (byte*,int,string)
UnityEngine.StackTraceUtility:ExtractStackTrace () (at /Users/bokken/build/output/unity/unity/Runtime/Export/Scripting/StackTrace.cs:35)
UnityEngine.DebugLogHandler:Internal_Log (UnityEngine.LogType,UnityEngine.LogOption,string,UnityEngine.Object)
UnityEngine.DebugLogHandler:LogFormat (UnityEngine.LogType,UnityEngine.Object,string,object[]) (at /Users/bokken/build/output/unity/unity/Runtime/Export/Logging/DebugLogHandler.cs:9)
UnityEngine.Logger:Log (UnityEngine.LogType,object) (at /Users/bokken/build/output/unity/unity/Runtime/Export/Logging/Logger.cs:60)
UnityEngine.Debug:Log (object) (at /Users/bokken/build/output/unity/unity/Runtime/Export/Debug/Debug.bindings.cs:123)
PerfScenario:CompareParity (PerfScenario/RunResult,string,single,single,single,bool) (at /Users/philipp/Projects/3DTD/3DTD/3DTD/Assets/Scripts/Diagnostics/PerfScenario.cs:1205)
PerfScenario:EvaluateParity () (at /Users/philipp/Projects/3DTD/3DTD/3DTD/Assets/Scripts/Diagnostics/PerfScenario.cs:1192)
PerfScenario/<Start>d__47:MoveNext () (at /Users/philipp/Projects/3DTD/3DTD/3DTD/Assets/Scripts/Diagnostics/PerfScenario.cs:318)
UnityEngine.SetupCoroutine:InvokeMoveNext (System.Collections.IEnumerator,intptr) (at /Users/bokken/build/output/unity/unity/Runtime/Export/Scripting/Coroutines.cs:17)

(Filename: /Users/bokken/build/output/unity/unity/Runtime/Export/Debug/Debug.bindings.cs Line: 123)

PERF PARITY T-Core-5x damage: 7 vs 7 at 1x (+0.0%)
UnityEngine.Debug:ExtractStackTraceNoAlloc (byte*,int,string)
UnityEngine.StackTraceUtility:ExtractStackTrace () (at /Users/bokken/build/output/unity/unity/Runtime/Export/Scripting/StackTrace.cs:35)
UnityEngine.DebugLogHandler:Internal_Log (UnityEngine.LogType,UnityEngine.LogOption,string,UnityEngine.Object)
UnityEngine.DebugLogHandler:LogFormat (UnityEngine.LogType,UnityEngine.Object,string,object[]) (at /Users/bokken/build/output/unity/unity/Runtime/Export/Logging/DebugLogHandler.cs:9)
UnityEngine.Logger:Log (UnityEngine.LogType,object) (at /Users/bokken/build/output/unity/unity/Runtime/Export/Logging/Logger.cs:60)
UnityEngine.Debug:Log (object) (at /Users/bokken/build/output/unity/unity/Runtime/Export/Debug/Debug.bindings.cs:123)
PerfScenario:CompareParity (PerfScenario/RunResult,string,single,single,single,bool) (at /Users/philipp/Projects/3DTD/3DTD/3DTD/Assets/Scripts/Diagnostics/PerfScenario.cs:1205)
PerfScenario:EvaluateParity () (at /Users/philipp/Projects/3DTD/3DTD/3DTD/Assets/Scripts/Diagnostics/PerfScenario.cs:1180)
PerfScenario/<Start>d__47:MoveNext () (at /Users/philipp/Projects/3DTD/3DTD/3DTD/Assets/Scripts/Diagnostics/PerfScenario.cs:318)
UnityEngine.SetupCoroutine:InvokeMoveNext (System.Collections.IEnumerator,intptr) (at /Users/bokken/build/output/unity/unity/Runtime/Export/Scripting/Coroutines.cs:17)

(Filename: /Users/bokken/build/output/unity/unity/Runtime/Export/Debug/Debug.bindings.cs Line: 123)

PERF PARITY T-Core-5x Core Tower damage: 7 vs 7 at 1x (+0.0%)
UnityEngine.Debug:ExtractStackTraceNoAlloc (byte*,int,string)
UnityEngine.StackTraceUtility:ExtractStackTrace () (at /Users/bokken/build/output/unity/unity/Runtime/Export/Scripting/StackTrace.cs:35)
UnityEngine.DebugLogHandler:Internal_Log (UnityEngine.LogType,UnityEngine.LogOption,string,UnityEngine.Object)
UnityEngine.DebugLogHandler:LogFormat (UnityEngine.LogType,UnityEngine.Object,string,object[]) (at /Users/bokken/build/output/unity/unity/Runtime/Export/Logging/DebugLogHandler.cs:9)
UnityEngine.Logger:Log (UnityEngine.LogType,object) (at /Users/bokken/build/output/unity/unity/Runtime/Export/Logging/Logger.cs:60)
UnityEngine.Debug:Log (object) (at /Users/bokken/build/output/unity/unity/Runtime/Export/Debug/Debug.bindings.cs:123)
PerfScenario:CompareParity (PerfScenario/RunResult,string,single,single,single,bool) (at /Users/philipp/Projects/3DTD/3DTD/3DTD/Assets/Scripts/Diagnostics/PerfScenario.cs:1205)
PerfScenario:EvaluateParity () (at /Users/philipp/Projects/3DTD/3DTD/3DTD/Assets/Scripts/Diagnostics/PerfScenario.cs:1192)
PerfScenario/<Start>d__47:MoveNext () (at /Users/philipp/Projects/3DTD/3DTD/3DTD/Assets/Scripts/Diagnostics/PerfScenario.cs:318)
UnityEngine.SetupCoroutine:InvokeMoveNext (System.Collections.IEnumerator,intptr) (at /Users/bokken/build/output/unity/unity/Runtime/Export/Scripting/Coroutines.cs:17)

(Filename: /Users/bokken/build/output/unity/unity/Runtime/Export/Debug/Debug.bindings.cs Line: 123)

PERF PARITY T-Bomb-3x damage: 7620 vs 7600 at 1x (+0.3%)
UnityEngine.Debug:ExtractStackTraceNoAlloc (byte*,int,string)
UnityEngine.StackTraceUtility:ExtractStackTrace () (at /Users/bokken/build/output/unity/unity/Runtime/Export/Scripting/StackTrace.cs:35)
UnityEngine.DebugLogHandler:Internal_Log (UnityEngine.LogType,UnityEngine.LogOption,string,UnityEngine.Object)
UnityEngine.DebugLogHandler:LogFormat (UnityEngine.LogType,UnityEngine.Object,string,object[]) (at /Users/bokken/build/output/unity/unity/Runtime/Export/Logging/DebugLogHandler.cs:9)
UnityEngine.Logger:Log (UnityEngine.LogType,object) (at /Users/bokken/build/output/unity/unity/Runtime/Export/Logging/Logger.cs:60)
UnityEngine.Debug:Log (object) (at /Users/bokken/build/output/unity/unity/Runtime/Export/Debug/Debug.bindings.cs:123)
PerfScenario:CompareParity (PerfScenario/RunResult,string,single,single,single,bool) (at /Users/philipp/Projects/3DTD/3DTD/3DTD/Assets/Scripts/Diagnostics/PerfScenario.cs:1205)
PerfScenario:EvaluateParity () (at /Users/philipp/Projects/3DTD/3DTD/3DTD/Assets/Scripts/Diagnostics/PerfScenario.cs:1180)
PerfScenario/<Start>d__47:MoveNext () (at /Users/philipp/Projects/3DTD/3DTD/3DTD/Assets/Scripts/Diagnostics/PerfScenario.cs:318)
UnityEngine.SetupCoroutine:InvokeMoveNext (System.Collections.IEnumerator,intptr) (at /Users/bokken/build/output/unity/unity/Runtime/Export/Scripting/Coroutines.cs:17)

(Filename: /Users/bokken/build/output/unity/unity/Runtime/Export/Debug/Debug.bindings.cs Line: 123)

PERF PARITY T-Bomb-3x Rocket System damage: 7620 vs 7600 at 1x (+0.3%)
UnityEngine.Debug:ExtractStackTraceNoAlloc (byte*,int,string)
UnityEngine.StackTraceUtility:ExtractStackTrace () (at /Users/bokken/build/output/unity/unity/Runtime/Export/Scripting/StackTrace.cs:35)
UnityEngine.DebugLogHandler:Internal_Log (UnityEngine.LogType,UnityEngine.LogOption,string,UnityEngine.Object)
UnityEngine.DebugLogHandler:LogFormat (UnityEngine.LogType,UnityEngine.Object,string,object[]) (at /Users/bokken/build/output/unity/unity/Runtime/Export/Logging/DebugLogHandler.cs:9)
UnityEngine.Logger:Log (UnityEngine.LogType,object) (at /Users/bokken/build/output/unity/unity/Runtime/Export/Logging/Logger.cs:60)
UnityEngine.Debug:Log (object) (at /Users/bokken/build/output/unity/unity/Runtime/Export/Debug/Debug.bindings.cs:123)
PerfScenario:CompareParity (PerfScenario/RunResult,string,single,single,single,bool) (at /Users/philipp/Projects/3DTD/3DTD/3DTD/Assets/Scripts/Diagnostics/PerfScenario.cs:1205)
PerfScenario:EvaluateParity () (at /Users/philipp/Projects/3DTD/3DTD/3DTD/Assets/Scripts/Diagnostics/PerfScenario.cs:1192)
PerfScenario/<Start>d__47:MoveNext () (at /Users/philipp/Projects/3DTD/3DTD/3DTD/Assets/Scripts/Diagnostics/PerfScenario.cs:318)
UnityEngine.SetupCoroutine:InvokeMoveNext (System.Collections.IEnumerator,intptr) (at /Users/bokken/build/output/unity/unity/Runtime/Export/Scripting/Coroutines.cs:17)

(Filename: /Users/bokken/build/output/unity/unity/Runtime/Export/Debug/Debug.bindings.cs Line: 123)

PERF PARITY T-Bomb-5x damage: 7624 vs 7600 at 1x (+0.3%)
UnityEngine.Debug:ExtractStackTraceNoAlloc (byte*,int,string)
UnityEngine.StackTraceUtility:ExtractStackTrace () (at /Users/bokken/build/output/unity/unity/Runtime/Export/Scripting/StackTrace.cs:35)
UnityEngine.DebugLogHandler:Internal_Log (UnityEngine.LogType,UnityEngine.LogOption,string,UnityEngine.Object)
UnityEngine.DebugLogHandler:LogFormat (UnityEngine.LogType,UnityEngine.Object,string,object[]) (at /Users/bokken/build/output/unity/unity/Runtime/Export/Logging/DebugLogHandler.cs:9)
UnityEngine.Logger:Log (UnityEngine.LogType,object) (at /Users/bokken/build/output/unity/unity/Runtime/Export/Logging/Logger.cs:60)
UnityEngine.Debug:Log (object) (at /Users/bokken/build/output/unity/unity/Runtime/Export/Debug/Debug.bindings.cs:123)
PerfScenario:CompareParity (PerfScenario/RunResult,string,single,single,single,bool) (at /Users/philipp/Projects/3DTD/3DTD/3DTD/Assets/Scripts/Diagnostics/PerfScenario.cs:1205)
PerfScenario:EvaluateParity () (at /Users/philipp/Projects/3DTD/3DTD/3DTD/Assets/Scripts/Diagnostics/PerfScenario.cs:1180)
PerfScenario/<Start>d__47:MoveNext () (at /Users/philipp/Projects/3DTD/3DTD/3DTD/Assets/Scripts/Diagnostics/PerfScenario.cs:318)
UnityEngine.SetupCoroutine:InvokeMoveNext (System.Collections.IEnumerator,intptr) (at /Users/bokken/build/output/unity/unity/Runtime/Export/Scripting/Coroutines.cs:17)

(Filename: /Users/bokken/build/output/unity/unity/Runtime/Export/Debug/Debug.bindings.cs Line: 123)

PERF PARITY T-Bomb-5x Rocket System damage: 7624 vs 7600 at 1x (+0.3%)
UnityEngine.Debug:ExtractStackTraceNoAlloc (byte*,int,string)
UnityEngine.StackTraceUtility:ExtractStackTrace () (at /Users/bokken/build/output/unity/unity/Runtime/Export/Scripting/StackTrace.cs:35)
UnityEngine.DebugLogHandler:Internal_Log (UnityEngine.LogType,UnityEngine.LogOption,string,UnityEngine.Object)
UnityEngine.DebugLogHandler:LogFormat (UnityEngine.LogType,UnityEngine.Object,string,object[]) (at /Users/bokken/build/output/unity/unity/Runtime/Export/Logging/DebugLogHandler.cs:9)
UnityEngine.Logger:Log (UnityEngine.LogType,object) (at /Users/bokken/build/output/unity/unity/Runtime/Export/Logging/Logger.cs:60)
UnityEngine.Debug:Log (object) (at /Users/bokken/build/output/unity/unity/Runtime/Export/Debug/Debug.bindings.cs:123)
PerfScenario:CompareParity (PerfScenario/RunResult,string,single,single,single,bool) (at /Users/philipp/Projects/3DTD/3DTD/3DTD/Assets/Scripts/Diagnostics/PerfScenario.cs:1205)
PerfScenario:EvaluateParity () (at /Users/philipp/Projects/3DTD/3DTD/3DTD/Assets/Scripts/Diagnostics/PerfScenario.cs:1192)
PerfScenario/<Start>d__47:MoveNext () (at /Users/philipp/Projects/3DTD/3DTD/3DTD/Assets/Scripts/Diagnostics/PerfScenario.cs:318)
UnityEngine.SetupCoroutine:InvokeMoveNext (System.Collections.IEnumerator,intptr) (at /Users/bokken/build/output/unity/unity/Runtime/Export/Scripting/Coroutines.cs:17)

(Filename: /Users/bokken/build/output/unity/unity/Runtime/Export/Debug/Debug.bindings.cs Line: 123)

PERF PARITY T-Sniper-3x damage: 1080 vs 1080 at 1x (+0.0%)
UnityEngine.Debug:ExtractStackTraceNoAlloc (byte*,int,string)
UnityEngine.StackTraceUtility:ExtractStackTrace () (at /Users/bokken/build/output/unity/unity/Runtime/Export/Scripting/StackTrace.cs:35)
UnityEngine.DebugLogHandler:Internal_Log (UnityEngine.LogType,UnityEngine.LogOption,string,UnityEngine.Object)
UnityEngine.DebugLogHandler:LogFormat (UnityEngine.LogType,UnityEngine.Object,string,object[]) (at /Users/bokken/build/output/unity/unity/Runtime/Export/Logging/DebugLogHandler.cs:9)
UnityEngine.Logger:Log (UnityEngine.LogType,object) (at /Users/bokken/build/output/unity/unity/Runtime/Export/Logging/Logger.cs:60)
UnityEngine.Debug:Log (object) (at /Users/bokken/build/output/unity/unity/Runtime/Export/Debug/Debug.bindings.cs:123)
PerfScenario:CompareParity (PerfScenario/RunResult,string,single,single,single,bool) (at /Users/philipp/Projects/3DTD/3DTD/3DTD/Assets/Scripts/Diagnostics/PerfScenario.cs:1205)
PerfScenario:EvaluateParity () (at /Users/philipp/Projects/3DTD/3DTD/3DTD/Assets/Scripts/Diagnostics/PerfScenario.cs:1180)
PerfScenario/<Start>d__47:MoveNext () (at /Users/philipp/Projects/3DTD/3DTD/3DTD/Assets/Scripts/Diagnostics/PerfScenario.cs:318)
UnityEngine.SetupCoroutine:InvokeMoveNext (System.Collections.IEnumerator,intptr) (at /Users/bokken/build/output/unity/unity/Runtime/Export/Scripting/Coroutines.cs:17)

(Filename: /Users/bokken/build/output/unity/unity/Runtime/Export/Debug/Debug.bindings.cs Line: 123)

PERF PARITY T-Sniper-3x Sniper Tower damage: 1080 vs 1080 at 1x (+0.0%)
UnityEngine.Debug:ExtractStackTraceNoAlloc (byte*,int,string)
UnityEngine.StackTraceUtility:ExtractStackTrace () (at /Users/bokken/build/output/unity/unity/Runtime/Export/Scripting/StackTrace.cs:35)
UnityEngine.DebugLogHandler:Internal_Log (UnityEngine.LogType,UnityEngine.LogOption,string,UnityEngine.Object)
UnityEngine.DebugLogHandler:LogFormat (UnityEngine.LogType,UnityEngine.Object,string,object[]) (at /Users/bokken/build/output/unity/unity/Runtime/Export/Logging/DebugLogHandler.cs:9)
UnityEngine.Logger:Log (UnityEngine.LogType,object) (at /Users/bokken/build/output/unity/unity/Runtime/Export/Logging/Logger.cs:60)
UnityEngine.Debug:Log (object) (at /Users/bokken/build/output/unity/unity/Runtime/Export/Debug/Debug.bindings.cs:123)
PerfScenario:CompareParity (PerfScenario/RunResult,string,single,single,single,bool) (at /Users/philipp/Projects/3DTD/3DTD/3DTD/Assets/Scripts/Diagnostics/PerfScenario.cs:1205)
PerfScenario:EvaluateParity () (at /Users/philipp/Projects/3DTD/3DTD/3DTD/Assets/Scripts/Diagnostics/PerfScenario.cs:1192)
PerfScenario/<Start>d__47:MoveNext () (at /Users/philipp/Projects/3DTD/3DTD/3DTD/Assets/Scripts/Diagnostics/PerfScenario.cs:318)
UnityEngine.SetupCoroutine:InvokeMoveNext (System.Collections.IEnumerator,intptr) (at /Users/bokken/build/output/unity/unity/Runtime/Export/Scripting/Coroutines.cs:17)

(Filename: /Users/bokken/build/output/unity/unity/Runtime/Export/Debug/Debug.bindings.cs Line: 123)

PERF PARITY T-Sniper-5x damage: 1080 vs 1080 at 1x (+0.0%)
UnityEngine.Debug:ExtractStackTraceNoAlloc (byte*,int,string)
UnityEngine.StackTraceUtility:ExtractStackTrace () (at /Users/bokken/build/output/unity/unity/Runtime/Export/Scripting/StackTrace.cs:35)
UnityEngine.DebugLogHandler:Internal_Log (UnityEngine.LogType,UnityEngine.LogOption,string,UnityEngine.Object)
UnityEngine.DebugLogHandler:LogFormat (UnityEngine.LogType,UnityEngine.Object,string,object[]) (at /Users/bokken/build/output/unity/unity/Runtime/Export/Logging/DebugLogHandler.cs:9)
UnityEngine.Logger:Log (UnityEngine.LogType,object) (at /Users/bokken/build/output/unity/unity/Runtime/Export/Logging/Logger.cs:60)
UnityEngine.Debug:Log (object) (at /Users/bokken/build/output/unity/unity/Runtime/Export/Debug/Debug.bindings.cs:123)
PerfScenario:CompareParity (PerfScenario/RunResult,string,single,single,single,bool) (at /Users/philipp/Projects/3DTD/3DTD/3DTD/Assets/Scripts/Diagnostics/PerfScenario.cs:1205)
PerfScenario:EvaluateParity () (at /Users/philipp/Projects/3DTD/3DTD/3DTD/Assets/Scripts/Diagnostics/PerfScenario.cs:1180)
PerfScenario/<Start>d__47:MoveNext () (at /Users/philipp/Projects/3DTD/3DTD/3DTD/Assets/Scripts/Diagnostics/PerfScenario.cs:318)
UnityEngine.SetupCoroutine:InvokeMoveNext (System.Collections.IEnumerator,intptr) (at /Users/bokken/build/output/unity/unity/Runtime/Export/Scripting/Coroutines.cs:17)

(Filename: /Users/bokken/build/output/unity/unity/Runtime/Export/Debug/Debug.bindings.cs Line: 123)

PERF PARITY T-Sniper-5x Sniper Tower damage: 1080 vs 1080 at 1x (+0.0%)
UnityEngine.Debug:ExtractStackTraceNoAlloc (byte*,int,string)
UnityEngine.StackTraceUtility:ExtractStackTrace () (at /Users/bokken/build/output/unity/unity/Runtime/Export/Scripting/StackTrace.cs:35)
UnityEngine.DebugLogHandler:Internal_Log (UnityEngine.LogType,UnityEngine.LogOption,string,UnityEngine.Object)
UnityEngine.DebugLogHandler:LogFormat (UnityEngine.LogType,UnityEngine.Object,string,object[]) (at /Users/bokken/build/output/unity/unity/Runtime/Export/Logging/DebugLogHandler.cs:9)
UnityEngine.Logger:Log (UnityEngine.LogType,object) (at /Users/bokken/build/output/unity/unity/Runtime/Export/Logging/Logger.cs:60)
UnityEngine.Debug:Log (object) (at /Users/bokken/build/output/unity/unity/Runtime/Export/Debug/Debug.bindings.cs:123)
PerfScenario:CompareParity (PerfScenario/RunResult,string,single,single,single,bool) (at /Users/philipp/Projects/3DTD/3DTD/3DTD/Assets/Scripts/Diagnostics/PerfScenario.cs:1205)
PerfScenario:EvaluateParity () (at /Users/philipp/Projects/3DTD/3DTD/3DTD/Assets/Scripts/Diagnostics/PerfScenario.cs:1192)
PerfScenario/<Start>d__47:MoveNext () (at /Users/philipp/Projects/3DTD/3DTD/3DTD/Assets/Scripts/Diagnostics/PerfScenario.cs:318)
UnityEngine.SetupCoroutine:InvokeMoveNext (System.Collections.IEnumerator,intptr) (at /Users/bokken/build/output/unity/unity/Runtime/Export/Scripting/Coroutines.cs:17)

(Filename: /Users/bokken/build/output/unity/unity/Runtime/Export/Debug/Debug.bindings.cs Line: 123)

PERF PARITY T-Beam-3x damage: 0 vs 0 at 1x (+0.0%)
UnityEngine.Debug:ExtractStackTraceNoAlloc (byte*,int,string)
UnityEngine.StackTraceUtility:ExtractStackTrace () (at /Users/bokken/build/output/unity/unity/Runtime/Export/Scripting/StackTrace.cs:35)
UnityEngine.DebugLogHandler:Internal_Log (UnityEngine.LogType,UnityEngine.LogOption,string,UnityEngine.Object)
UnityEngine.DebugLogHandler:LogFormat (UnityEngine.LogType,UnityEngine.Object,string,object[]) (at /Users/bokken/build/output/unity/unity/Runtime/Export/Logging/DebugLogHandler.cs:9)
UnityEngine.Logger:Log (UnityEngine.LogType,object) (at /Users/bokken/build/output/unity/unity/Runtime/Export/Logging/Logger.cs:60)
UnityEngine.Debug:Log (object) (at /Users/bokken/build/output/unity/unity/Runtime/Export/Debug/Debug.bindings.cs:123)
PerfScenario:CompareParity (PerfScenario/RunResult,string,single,single,single,bool) (at /Users/philipp/Projects/3DTD/3DTD/3DTD/Assets/Scripts/Diagnostics/PerfScenario.cs:1205)
PerfScenario:EvaluateParity () (at /Users/philipp/Projects/3DTD/3DTD/3DTD/Assets/Scripts/Diagnostics/PerfScenario.cs:1180)
PerfScenario/<Start>d__47:MoveNext () (at /Users/philipp/Projects/3DTD/3DTD/3DTD/Assets/Scripts/Diagnostics/PerfScenario.cs:318)
UnityEngine.SetupCoroutine:InvokeMoveNext (System.Collections.IEnumerator,intptr) (at /Users/bokken/build/output/unity/unity/Runtime/Export/Scripting/Coroutines.cs:17)

(Filename: /Users/bokken/build/output/unity/unity/Runtime/Export/Debug/Debug.bindings.cs Line: 123)

PERF PARITY T-Beam-5x damage: 0 vs 0 at 1x (+0.0%)
UnityEngine.Debug:ExtractStackTraceNoAlloc (byte*,int,string)
UnityEngine.StackTraceUtility:ExtractStackTrace () (at /Users/bokken/build/output/unity/unity/Runtime/Export/Scripting/StackTrace.cs:35)
UnityEngine.DebugLogHandler:Internal_Log (UnityEngine.LogType,UnityEngine.LogOption,string,UnityEngine.Object)
UnityEngine.DebugLogHandler:LogFormat (UnityEngine.LogType,UnityEngine.Object,string,object[]) (at /Users/bokken/build/output/unity/unity/Runtime/Export/Logging/DebugLogHandler.cs:9)
UnityEngine.Logger:Log (UnityEngine.LogType,object) (at /Users/bokken/build/output/unity/unity/Runtime/Export/Logging/Logger.cs:60)
UnityEngine.Debug:Log (object) (at /Users/bokken/build/output/unity/unity/Runtime/Export/Debug/Debug.bindings.cs:123)
PerfScenario:CompareParity (PerfScenario/RunResult,string,single,single,single,bool) (at /Users/philipp/Projects/3DTD/3DTD/3DTD/Assets/Scripts/Diagnostics/PerfScenario.cs:1205)
PerfScenario:EvaluateParity () (at /Users/philipp/Projects/3DTD/3DTD/3DTD/Assets/Scripts/Diagnostics/PerfScenario.cs:1180)
PerfScenario/<Start>d__47:MoveNext () (at /Users/philipp/Projects/3DTD/3DTD/3DTD/Assets/Scripts/Diagnostics/PerfScenario.cs:318)
UnityEngine.SetupCoroutine:InvokeMoveNext (System.Collections.IEnumerator,intptr) (at /Users/bokken/build/output/unity/unity/Runtime/Export/Scripting/Coroutines.cs:17)

(Filename: /Users/bokken/build/output/unity/unity/Runtime/Export/Debug/Debug.bindings.cs Line: 123)

PERF PARITY T-BulletDispenser-3x damage: 123 vs 123 at 1x (+0.0%)
UnityEngine.Debug:ExtractStackTraceNoAlloc (byte*,int,string)
UnityEngine.StackTraceUtility:ExtractStackTrace () (at /Users/bokken/build/output/unity/unity/Runtime/Export/Scripting/StackTrace.cs:35)
UnityEngine.DebugLogHandler:Internal_Log (UnityEngine.LogType,UnityEngine.LogOption,string,UnityEngine.Object)
UnityEngine.DebugLogHandler:LogFormat (UnityEngine.LogType,UnityEngine.Object,string,object[]) (at /Users/bokken/build/output/unity/unity/Runtime/Export/Logging/DebugLogHandler.cs:9)
UnityEngine.Logger:Log (UnityEngine.LogType,object) (at /Users/bokken/build/output/unity/unity/Runtime/Export/Logging/Logger.cs:60)
UnityEngine.Debug:Log (object) (at /Users/bokken/build/output/unity/unity/Runtime/Export/Debug/Debug.bindings.cs:123)
PerfScenario:CompareParity (PerfScenario/RunResult,string,single,single,single,bool) (at /Users/philipp/Projects/3DTD/3DTD/3DTD/Assets/Scripts/Diagnostics/PerfScenario.cs:1205)
PerfScenario:EvaluateParity () (at /Users/philipp/Projects/3DTD/3DTD/3DTD/Assets/Scripts/Diagnostics/PerfScenario.cs:1180)
PerfScenario/<Start>d__47:MoveNext () (at /Users/philipp/Projects/3DTD/3DTD/3DTD/Assets/Scripts/Diagnostics/PerfScenario.cs:318)
UnityEngine.SetupCoroutine:InvokeMoveNext (System.Collections.IEnumerator,intptr) (at /Users/bokken/build/output/unity/unity/Runtime/Export/Scripting/Coroutines.cs:17)

(Filename: /Users/bokken/build/output/unity/unity/Runtime/Export/Debug/Debug.bindings.cs Line: 123)

PERF PARITY T-BulletDispenser-3x Bullet Dispenser damage: 123 vs 123 at 1x (+0.0%)
UnityEngine.Debug:ExtractStackTraceNoAlloc (byte*,int,string)
UnityEngine.StackTraceUtility:ExtractStackTrace () (at /Users/bokken/build/output/unity/unity/Runtime/Export/Scripting/StackTrace.cs:35)
UnityEngine.DebugLogHandler:Internal_Log (UnityEngine.LogType,UnityEngine.LogOption,string,UnityEngine.Object)
UnityEngine.DebugLogHandler:LogFormat (UnityEngine.LogType,UnityEngine.Object,string,object[]) (at /Users/bokken/build/output/unity/unity/Runtime/Export/Logging/DebugLogHandler.cs:9)
UnityEngine.Logger:Log (UnityEngine.LogType,object) (at /Users/bokken/build/output/unity/unity/Runtime/Export/Logging/Logger.cs:60)
UnityEngine.Debug:Log (object) (at /Users/bokken/build/output/unity/unity/Runtime/Export/Debug/Debug.bindings.cs:123)
PerfScenario:CompareParity (PerfScenario/RunResult,string,single,single,single,bool) (at /Users/philipp/Projects/3DTD/3DTD/3DTD/Assets/Scripts/Diagnostics/PerfScenario.cs:1205)
PerfScenario:EvaluateParity () (at /Users/philipp/Projects/3DTD/3DTD/3DTD/Assets/Scripts/Diagnostics/PerfScenario.cs:1192)
PerfScenario/<Start>d__47:MoveNext () (at /Users/philipp/Projects/3DTD/3DTD/3DTD/Assets/Scripts/Diagnostics/PerfScenario.cs:318)
UnityEngine.SetupCoroutine:InvokeMoveNext (System.Collections.IEnumerator,intptr) (at /Users/bokken/build/output/unity/unity/Runtime/Export/Scripting/Coroutines.cs:17)

(Filename: /Users/bokken/build/output/unity/unity/Runtime/Export/Debug/Debug.bindings.cs Line: 123)

PERF PARITY T-BulletDispenser-5x damage: 123 vs 123 at 1x (+0.0%)
UnityEngine.Debug:ExtractStackTraceNoAlloc (byte*,int,string)
UnityEngine.StackTraceUtility:ExtractStackTrace () (at /Users/bokken/build/output/unity/unity/Runtime/Export/Scripting/StackTrace.cs:35)
UnityEngine.DebugLogHandler:Internal_Log (UnityEngine.LogType,UnityEngine.LogOption,string,UnityEngine.Object)
UnityEngine.DebugLogHandler:LogFormat (UnityEngine.LogType,UnityEngine.Object,string,object[]) (at /Users/bokken/build/output/unity/unity/Runtime/Export/Logging/DebugLogHandler.cs:9)
UnityEngine.Logger:Log (UnityEngine.LogType,object) (at /Users/bokken/build/output/unity/unity/Runtime/Export/Logging/Logger.cs:60)
UnityEngine.Debug:Log (object) (at /Users/bokken/build/output/unity/unity/Runtime/Export/Debug/Debug.bindings.cs:123)
PerfScenario:CompareParity (PerfScenario/RunResult,string,single,single,single,bool) (at /Users/philipp/Projects/3DTD/3DTD/3DTD/Assets/Scripts/Diagnostics/PerfScenario.cs:1205)
PerfScenario:EvaluateParity () (at /Users/philipp/Projects/3DTD/3DTD/3DTD/Assets/Scripts/Diagnostics/PerfScenario.cs:1180)
PerfScenario/<Start>d__47:MoveNext () (at /Users/philipp/Projects/3DTD/3DTD/3DTD/Assets/Scripts/Diagnostics/PerfScenario.cs:318)
UnityEngine.SetupCoroutine:InvokeMoveNext (System.Collections.IEnumerator,intptr) (at /Users/bokken/build/output/unity/unity/Runtime/Export/Scripting/Coroutines.cs:17)

(Filename: /Users/bokken/build/output/unity/unity/Runtime/Export/Debug/Debug.bindings.cs Line: 123)

PERF PARITY T-BulletDispenser-5x Bullet Dispenser damage: 123 vs 123 at 1x (+0.0%)
UnityEngine.Debug:ExtractStackTraceNoAlloc (byte*,int,string)
UnityEngine.StackTraceUtility:ExtractStackTrace () (at /Users/bokken/build/output/unity/unity/Runtime/Export/Scripting/StackTrace.cs:35)
UnityEngine.DebugLogHandler:Internal_Log (UnityEngine.LogType,UnityEngine.LogOption,string,UnityEngine.Object)
UnityEngine.DebugLogHandler:LogFormat (UnityEngine.LogType,UnityEngine.Object,string,object[]) (at /Users/bokken/build/output/unity/unity/Runtime/Export/Logging/DebugLogHandler.cs:9)
UnityEngine.Logger:Log (UnityEngine.LogType,object) (at /Users/bokken/build/output/unity/unity/Runtime/Export/Logging/Logger.cs:60)
UnityEngine.Debug:Log (object) (at /Users/bokken/build/output/unity/unity/Runtime/Export/Debug/Debug.bindings.cs:123)
PerfScenario:CompareParity (PerfScenario/RunResult,string,single,single,single,bool) (at /Users/philipp/Projects/3DTD/3DTD/3DTD/Assets/Scripts/Diagnostics/PerfScenario.cs:1205)
PerfScenario:EvaluateParity () (at /Users/philipp/Projects/3DTD/3DTD/3DTD/Assets/Scripts/Diagnostics/PerfScenario.cs:1192)
PerfScenario/<Start>d__47:MoveNext () (at /Users/philipp/Projects/3DTD/3DTD/3DTD/Assets/Scripts/Diagnostics/PerfScenario.cs:318)
UnityEngine.SetupCoroutine:InvokeMoveNext (System.Collections.IEnumerator,intptr) (at /Users/bokken/build/output/unity/unity/Runtime/Export/Scripting/Coroutines.cs:17)

(Filename: /Users/bokken/build/output/unity/unity/Runtime/Export/Debug/Debug.bindings.cs Line: 123)

PERF PARITY T-Hangar-3x damage: 486 vs 556 at 1x (-12.6%)
UnityEngine.Debug:ExtractStackTraceNoAlloc (byte*,int,string)
UnityEngine.StackTraceUtility:ExtractStackTrace () (at /Users/bokken/build/output/unity/unity/Runtime/Export/Scripting/StackTrace.cs:35)
UnityEngine.DebugLogHandler:Internal_Log (UnityEngine.LogType,UnityEngine.LogOption,string,UnityEngine.Object)
UnityEngine.DebugLogHandler:LogFormat (UnityEngine.LogType,UnityEngine.Object,string,object[]) (at /Users/bokken/build/output/unity/unity/Runtime/Export/Logging/DebugLogHandler.cs:9)
UnityEngine.Logger:Log (UnityEngine.LogType,object) (at /Users/bokken/build/output/unity/unity/Runtime/Export/Logging/Logger.cs:60)
UnityEngine.Debug:Log (object) (at /Users/bokken/build/output/unity/unity/Runtime/Export/Debug/Debug.bindings.cs:123)
PerfScenario:CompareParity (PerfScenario/RunResult,string,single,single,single,bool) (at /Users/philipp/Projects/3DTD/3DTD/3DTD/Assets/Scripts/Diagnostics/PerfScenario.cs:1205)
PerfScenario:EvaluateParity () (at /Users/philipp/Projects/3DTD/3DTD/3DTD/Assets/Scripts/Diagnostics/PerfScenario.cs:1180)
PerfScenario/<Start>d__47:MoveNext () (at /Users/philipp/Projects/3DTD/3DTD/3DTD/Assets/Scripts/Diagnostics/PerfScenario.cs:318)
UnityEngine.SetupCoroutine:InvokeMoveNext (System.Collections.IEnumerator,intptr) (at /Users/bokken/build/output/unity/unity/Runtime/Export/Scripting/Coroutines.cs:17)

(Filename: /Users/bokken/build/output/unity/unity/Runtime/Export/Debug/Debug.bindings.cs Line: 123)

PERF PARITY T-Hangar-3x Hangar damage: 486 vs 556 at 1x (-12.6%)
UnityEngine.Debug:ExtractStackTraceNoAlloc (byte*,int,string)
UnityEngine.StackTraceUtility:ExtractStackTrace () (at /Users/bokken/build/output/unity/unity/Runtime/Export/Scripting/StackTrace.cs:35)
UnityEngine.DebugLogHandler:Internal_Log (UnityEngine.LogType,UnityEngine.LogOption,string,UnityEngine.Object)
UnityEngine.DebugLogHandler:LogFormat (UnityEngine.LogType,UnityEngine.Object,string,object[]) (at /Users/bokken/build/output/unity/unity/Runtime/Export/Logging/DebugLogHandler.cs:9)
UnityEngine.Logger:Log (UnityEngine.LogType,object) (at /Users/bokken/build/output/unity/unity/Runtime/Export/Logging/Logger.cs:60)
UnityEngine.Debug:Log (object) (at /Users/bokken/build/output/unity/unity/Runtime/Export/Debug/Debug.bindings.cs:123)
PerfScenario:CompareParity (PerfScenario/RunResult,string,single,single,single,bool) (at /Users/philipp/Projects/3DTD/3DTD/3DTD/Assets/Scripts/Diagnostics/PerfScenario.cs:1205)
PerfScenario:EvaluateParity () (at /Users/philipp/Projects/3DTD/3DTD/3DTD/Assets/Scripts/Diagnostics/PerfScenario.cs:1192)
PerfScenario/<Start>d__47:MoveNext () (at /Users/philipp/Projects/3DTD/3DTD/3DTD/Assets/Scripts/Diagnostics/PerfScenario.cs:318)
UnityEngine.SetupCoroutine:InvokeMoveNext (System.Collections.IEnumerator,intptr) (at /Users/bokken/build/output/unity/unity/Runtime/Export/Scripting/Coroutines.cs:17)

(Filename: /Users/bokken/build/output/unity/unity/Runtime/Export/Debug/Debug.bindings.cs Line: 123)

PERF PARITY T-Hangar-5x damage: 544 vs 556 at 1x (-2.2%)
UnityEngine.Debug:ExtractStackTraceNoAlloc (byte*,int,string)
UnityEngine.StackTraceUtility:ExtractStackTrace () (at /Users/bokken/build/output/unity/unity/Runtime/Export/Scripting/StackTrace.cs:35)
UnityEngine.DebugLogHandler:Internal_Log (UnityEngine.LogType,UnityEngine.LogOption,string,UnityEngine.Object)
UnityEngine.DebugLogHandler:LogFormat (UnityEngine.LogType,UnityEngine.Object,string,object[]) (at /Users/bokken/build/output/unity/unity/Runtime/Export/Logging/DebugLogHandler.cs:9)
UnityEngine.Logger:Log (UnityEngine.LogType,object) (at /Users/bokken/build/output/unity/unity/Runtime/Export/Logging/Logger.cs:60)
UnityEngine.Debug:Log (object) (at /Users/bokken/build/output/unity/unity/Runtime/Export/Debug/Debug.bindings.cs:123)
PerfScenario:CompareParity (PerfScenario/RunResult,string,single,single,single,bool) (at /Users/philipp/Projects/3DTD/3DTD/3DTD/Assets/Scripts/Diagnostics/PerfScenario.cs:1205)
PerfScenario:EvaluateParity () (at /Users/philipp/Projects/3DTD/3DTD/3DTD/Assets/Scripts/Diagnostics/PerfScenario.cs:1180)
PerfScenario/<Start>d__47:MoveNext () (at /Users/philipp/Projects/3DTD/3DTD/3DTD/Assets/Scripts/Diagnostics/PerfScenario.cs:318)
UnityEngine.SetupCoroutine:InvokeMoveNext (System.Collections.IEnumerator,intptr) (at /Users/bokken/build/output/unity/unity/Runtime/Export/Scripting/Coroutines.cs:17)

(Filename: /Users/bokken/build/output/unity/unity/Runtime/Export/Debug/Debug.bindings.cs Line: 123)

PERF PARITY T-Hangar-5x Hangar damage: 544 vs 556 at 1x (-2.2%)
UnityEngine.Debug:ExtractStackTraceNoAlloc (byte*,int,string)
UnityEngine.StackTraceUtility:ExtractStackTrace () (at /Users/bokken/build/output/unity/unity/Runtime/Export/Scripting/StackTrace.cs:35)
UnityEngine.DebugLogHandler:Internal_Log (UnityEngine.LogType,UnityEngine.LogOption,string,UnityEngine.Object)
UnityEngine.DebugLogHandler:LogFormat (UnityEngine.LogType,UnityEngine.Object,string,object[]) (at /Users/bokken/build/output/unity/unity/Runtime/Export/Logging/DebugLogHandler.cs:9)
UnityEngine.Logger:Log (UnityEngine.LogType,object) (at /Users/bokken/build/output/unity/unity/Runtime/Export/Logging/Logger.cs:60)
UnityEngine.Debug:Log (object) (at /Users/bokken/build/output/unity/unity/Runtime/Export/Debug/Debug.bindings.cs:123)
PerfScenario:CompareParity (PerfScenario/RunResult,string,single,single,single,bool) (at /Users/philipp/Projects/3DTD/3DTD/3DTD/Assets/Scripts/Diagnostics/PerfScenario.cs:1205)
PerfScenario:EvaluateParity () (at /Users/philipp/Projects/3DTD/3DTD/3DTD/Assets/Scripts/Diagnostics/PerfScenario.cs:1192)
PerfScenario/<Start>d__47:MoveNext () (at /Users/philipp/Projects/3DTD/3DTD/3DTD/Assets/Scripts/Diagnostics/PerfScenario.cs:318)
UnityEngine.SetupCoroutine:InvokeMoveNext (System.Collections.IEnumerator,intptr) (at /Users/bokken/build/output/unity/unity/Runtime/Export/Scripting/Coroutines.cs:17)

(Filename: /Users/bokken/build/output/unity/unity/Runtime/Export/Debug/Debug.bindings.cs Line: 123)

PERF PARITY T-MineFactory-3x damage: 15856 vs 15901 at 1x (-0.3%)
UnityEngine.Debug:ExtractStackTraceNoAlloc (byte*,int,string)
UnityEngine.StackTraceUtility:ExtractStackTrace () (at /Users/bokken/build/output/unity/unity/Runtime/Export/Scripting/StackTrace.cs:35)
UnityEngine.DebugLogHandler:Internal_Log (UnityEngine.LogType,UnityEngine.LogOption,string,UnityEngine.Object)
UnityEngine.DebugLogHandler:LogFormat (UnityEngine.LogType,UnityEngine.Object,string,object[]) (at /Users/bokken/build/output/unity/unity/Runtime/Export/Logging/DebugLogHandler.cs:9)
UnityEngine.Logger:Log (UnityEngine.LogType,object) (at /Users/bokken/build/output/unity/unity/Runtime/Export/Logging/Logger.cs:60)
UnityEngine.Debug:Log (object) (at /Users/bokken/build/output/unity/unity/Runtime/Export/Debug/Debug.bindings.cs:123)
PerfScenario:CompareParity (PerfScenario/RunResult,string,single,single,single,bool) (at /Users/philipp/Projects/3DTD/3DTD/3DTD/Assets/Scripts/Diagnostics/PerfScenario.cs:1205)
PerfScenario:EvaluateParity () (at /Users/philipp/Projects/3DTD/3DTD/3DTD/Assets/Scripts/Diagnostics/PerfScenario.cs:1180)
PerfScenario/<Start>d__47:MoveNext () (at /Users/philipp/Projects/3DTD/3DTD/3DTD/Assets/Scripts/Diagnostics/PerfScenario.cs:318)
UnityEngine.SetupCoroutine:InvokeMoveNext (System.Collections.IEnumerator,intptr) (at /Users/bokken/build/output/unity/unity/Runtime/Export/Scripting/Coroutines.cs:17)

(Filename: /Users/bokken/build/output/unity/unity/Runtime/Export/Debug/Debug.bindings.cs Line: 123)

PERF PARITY T-MineFactory-3x Mine Factory damage: 15856 vs 15901 at 1x (-0.3%)
UnityEngine.Debug:ExtractStackTraceNoAlloc (byte*,int,string)
UnityEngine.StackTraceUtility:ExtractStackTrace () (at /Users/bokken/build/output/unity/unity/Runtime/Export/Scripting/StackTrace.cs:35)
UnityEngine.DebugLogHandler:Internal_Log (UnityEngine.LogType,UnityEngine.LogOption,string,UnityEngine.Object)
UnityEngine.DebugLogHandler:LogFormat (UnityEngine.LogType,UnityEngine.Object,string,object[]) (at /Users/bokken/build/output/unity/unity/Runtime/Export/Logging/DebugLogHandler.cs:9)
UnityEngine.Logger:Log (UnityEngine.LogType,object) (at /Users/bokken/build/output/unity/unity/Runtime/Export/Logging/Logger.cs:60)
UnityEngine.Debug:Log (object) (at /Users/bokken/build/output/unity/unity/Runtime/Export/Debug/Debug.bindings.cs:123)
PerfScenario:CompareParity (PerfScenario/RunResult,string,single,single,single,bool) (at /Users/philipp/Projects/3DTD/3DTD/3DTD/Assets/Scripts/Diagnostics/PerfScenario.cs:1205)
PerfScenario:EvaluateParity () (at /Users/philipp/Projects/3DTD/3DTD/3DTD/Assets/Scripts/Diagnostics/PerfScenario.cs:1192)
PerfScenario/<Start>d__47:MoveNext () (at /Users/philipp/Projects/3DTD/3DTD/3DTD/Assets/Scripts/Diagnostics/PerfScenario.cs:318)
UnityEngine.SetupCoroutine:InvokeMoveNext (System.Collections.IEnumerator,intptr) (at /Users/bokken/build/output/unity/unity/Runtime/Export/Scripting/Coroutines.cs:17)

(Filename: /Users/bokken/build/output/unity/unity/Runtime/Export/Debug/Debug.bindings.cs Line: 123)

PERF PARITY T-MineFactory-5x damage: 15823 vs 15901 at 1x (-0.5%)
UnityEngine.Debug:ExtractStackTraceNoAlloc (byte*,int,string)
UnityEngine.StackTraceUtility:ExtractStackTrace () (at /Users/bokken/build/output/unity/unity/Runtime/Export/Scripting/StackTrace.cs:35)
UnityEngine.DebugLogHandler:Internal_Log (UnityEngine.LogType,UnityEngine.LogOption,string,UnityEngine.Object)
UnityEngine.DebugLogHandler:LogFormat (UnityEngine.LogType,UnityEngine.Object,string,object[]) (at /Users/bokken/build/output/unity/unity/Runtime/Export/Logging/DebugLogHandler.cs:9)
UnityEngine.Logger:Log (UnityEngine.LogType,object) (at /Users/bokken/build/output/unity/unity/Runtime/Export/Logging/Logger.cs:60)
UnityEngine.Debug:Log (object) (at /Users/bokken/build/output/unity/unity/Runtime/Export/Debug/Debug.bindings.cs:123)
PerfScenario:CompareParity (PerfScenario/RunResult,string,single,single,single,bool) (at /Users/philipp/Projects/3DTD/3DTD/3DTD/Assets/Scripts/Diagnostics/PerfScenario.cs:1205)
PerfScenario:EvaluateParity () (at /Users/philipp/Projects/3DTD/3DTD/3DTD/Assets/Scripts/Diagnostics/PerfScenario.cs:1180)
PerfScenario/<Start>d__47:MoveNext () (at /Users/philipp/Projects/3DTD/3DTD/3DTD/Assets/Scripts/Diagnostics/PerfScenario.cs:318)
UnityEngine.SetupCoroutine:InvokeMoveNext (System.Collections.IEnumerator,intptr) (at /Users/bokken/build/output/unity/unity/Runtime/Export/Scripting/Coroutines.cs:17)

(Filename: /Users/bokken/build/output/unity/unity/Runtime/Export/Debug/Debug.bindings.cs Line: 123)

PERF PARITY T-MineFactory-5x Mine Factory damage: 15823 vs 15901 at 1x (-0.5%)
UnityEngine.Debug:ExtractStackTraceNoAlloc (byte*,int,string)
UnityEngine.StackTraceUtility:ExtractStackTrace () (at /Users/bokken/build/output/unity/unity/Runtime/Export/Scripting/StackTrace.cs:35)
UnityEngine.DebugLogHandler:Internal_Log (UnityEngine.LogType,UnityEngine.LogOption,string,UnityEngine.Object)
UnityEngine.DebugLogHandler:LogFormat (UnityEngine.LogType,UnityEngine.Object,string,object[]) (at /Users/bokken/build/output/unity/unity/Runtime/Export/Logging/DebugLogHandler.cs:9)
UnityEngine.Logger:Log (UnityEngine.LogType,object) (at /Users/bokken/build/output/unity/unity/Runtime/Export/Logging/Logger.cs:60)
UnityEngine.Debug:Log (object) (at /Users/bokken/build/output/unity/unity/Runtime/Export/Debug/Debug.bindings.cs:123)
PerfScenario:CompareParity (PerfScenario/RunResult,string,single,single,single,bool) (at /Users/philipp/Projects/3DTD/3DTD/3DTD/Assets/Scripts/Diagnostics/PerfScenario.cs:1205)
PerfScenario:EvaluateParity () (at /Users/philipp/Projects/3DTD/3DTD/3DTD/Assets/Scripts/Diagnostics/PerfScenario.cs:1192)
PerfScenario/<Start>d__47:MoveNext () (at /Users/philipp/Projects/3DTD/3DTD/3DTD/Assets/Scripts/Diagnostics/PerfScenario.cs:318)
UnityEngine.SetupCoroutine:InvokeMoveNext (System.Collections.IEnumerator,intptr) (at /Users/bokken/build/output/unity/unity/Runtime/Export/Scripting/Coroutines.cs:17)

(Filename: /Users/bokken/build/output/unity/unity/Runtime/Export/Debug/Debug.bindings.cs Line: 123)

PERF PASS T-Default-1x
UnityEngine.Debug:ExtractStackTraceNoAlloc (byte*,int,string)
UnityEngine.StackTraceUtility:ExtractStackTrace () (at /Users/bokken/build/output/unity/unity/Runtime/Export/Scripting/StackTrace.cs:35)
UnityEngine.DebugLogHandler:Internal_Log (UnityEngine.LogType,UnityEngine.LogOption,string,UnityEngine.Object)
UnityEngine.DebugLogHandler:LogFormat (UnityEngine.LogType,UnityEngine.Object,string,object[]) (at /Users/bokken/build/output/unity/unity/Runtime/Export/Logging/DebugLogHandler.cs:9)
UnityEngine.Logger:Log (UnityEngine.LogType,object) (at /Users/bokken/build/output/unity/unity/Runtime/Export/Logging/Logger.cs:60)
UnityEngine.Debug:Log (object) (at /Users/bokken/build/output/unity/unity/Runtime/Export/Debug/Debug.bindings.cs:123)
PerfScenario:WriteResults () (at /Users/philipp/Projects/3DTD/3DTD/3DTD/Assets/Scripts/Diagnostics/PerfScenario.cs:1220)
PerfScenario/<Start>d__47:MoveNext () (at /Users/philipp/Projects/3DTD/3DTD/3DTD/Assets/Scripts/Diagnostics/PerfScenario.cs:319)
UnityEngine.SetupCoroutine:InvokeMoveNext (System.Collections.IEnumerator,intptr) (at /Users/bokken/build/output/unity/unity/Runtime/Export/Scripting/Coroutines.cs:17)

(Filename: /Users/bokken/build/output/unity/unity/Runtime/Export/Debug/Debug.bindings.cs Line: 123)

PERF PASS T-Default-3x
UnityEngine.Debug:ExtractStackTraceNoAlloc (byte*,int,string)
UnityEngine.StackTraceUtility:ExtractStackTrace () (at /Users/bokken/build/output/unity/unity/Runtime/Export/Scripting/StackTrace.cs:35)
UnityEngine.DebugLogHandler:Internal_Log (UnityEngine.LogType,UnityEngine.LogOption,string,UnityEngine.Object)
UnityEngine.DebugLogHandler:LogFormat (UnityEngine.LogType,UnityEngine.Object,string,object[]) (at /Users/bokken/build/output/unity/unity/Runtime/Export/Logging/DebugLogHandler.cs:9)
UnityEngine.Logger:Log (UnityEngine.LogType,object) (at /Users/bokken/build/output/unity/unity/Runtime/Export/Logging/Logger.cs:60)
UnityEngine.Debug:Log (object) (at /Users/bokken/build/output/unity/unity/Runtime/Export/Debug/Debug.bindings.cs:123)
PerfScenario:WriteResults () (at /Users/philipp/Projects/3DTD/3DTD/3DTD/Assets/Scripts/Diagnostics/PerfScenario.cs:1220)
PerfScenario/<Start>d__47:MoveNext () (at /Users/philipp/Projects/3DTD/3DTD/3DTD/Assets/Scripts/Diagnostics/PerfScenario.cs:319)
UnityEngine.SetupCoroutine:InvokeMoveNext (System.Collections.IEnumerator,intptr) (at /Users/bokken/build/output/unity/unity/Runtime/Export/Scripting/Coroutines.cs:17)

(Filename: /Users/bokken/build/output/unity/unity/Runtime/Export/Debug/Debug.bindings.cs Line: 123)

PERF PASS T-Default-5x
UnityEngine.Debug:ExtractStackTraceNoAlloc (byte*,int,string)
UnityEngine.StackTraceUtility:ExtractStackTrace () (at /Users/bokken/build/output/unity/unity/Runtime/Export/Scripting/StackTrace.cs:35)
UnityEngine.DebugLogHandler:Internal_Log (UnityEngine.LogType,UnityEngine.LogOption,string,UnityEngine.Object)
UnityEngine.DebugLogHandler:LogFormat (UnityEngine.LogType,UnityEngine.Object,string,object[]) (at /Users/bokken/build/output/unity/unity/Runtime/Export/Logging/DebugLogHandler.cs:9)
UnityEngine.Logger:Log (UnityEngine.LogType,object) (at /Users/bokken/build/output/unity/unity/Runtime/Export/Logging/Logger.cs:60)
UnityEngine.Debug:Log (object) (at /Users/bokken/build/output/unity/unity/Runtime/Export/Debug/Debug.bindings.cs:123)
PerfScenario:WriteResults () (at /Users/philipp/Projects/3DTD/3DTD/3DTD/Assets/Scripts/Diagnostics/PerfScenario.cs:1220)
PerfScenario/<Start>d__47:MoveNext () (at /Users/philipp/Projects/3DTD/3DTD/3DTD/Assets/Scripts/Diagnostics/PerfScenario.cs:319)
UnityEngine.SetupCoroutine:InvokeMoveNext (System.Collections.IEnumerator,intptr) (at /Users/bokken/build/output/unity/unity/Runtime/Export/Scripting/Coroutines.cs:17)

(Filename: /Users/bokken/build/output/unity/unity/Runtime/Export/Debug/Debug.bindings.cs Line: 123)

PERF PASS T-Core-1x
UnityEngine.Debug:ExtractStackTraceNoAlloc (byte*,int,string)
UnityEngine.StackTraceUtility:ExtractStackTrace () (at /Users/bokken/build/output/unity/unity/Runtime/Export/Scripting/StackTrace.cs:35)
UnityEngine.DebugLogHandler:Internal_Log (UnityEngine.LogType,UnityEngine.LogOption,string,UnityEngine.Object)
UnityEngine.DebugLogHandler:LogFormat (UnityEngine.LogType,UnityEngine.Object,string,object[]) (at /Users/bokken/build/output/unity/unity/Runtime/Export/Logging/DebugLogHandler.cs:9)
UnityEngine.Logger:Log (UnityEngine.LogType,object) (at /Users/bokken/build/output/unity/unity/Runtime/Export/Logging/Logger.cs:60)
UnityEngine.Debug:Log (object) (at /Users/bokken/build/output/unity/unity/Runtime/Export/Debug/Debug.bindings.cs:123)
PerfScenario:WriteResults () (at /Users/philipp/Projects/3DTD/3DTD/3DTD/Assets/Scripts/Diagnostics/PerfScenario.cs:1220)
PerfScenario/<Start>d__47:MoveNext () (at /Users/philipp/Projects/3DTD/3DTD/3DTD/Assets/Scripts/Diagnostics/PerfScenario.cs:319)
UnityEngine.SetupCoroutine:InvokeMoveNext (System.Collections.IEnumerator,intptr) (at /Users/bokken/build/output/unity/unity/Runtime/Export/Scripting/Coroutines.cs:17)

(Filename: /Users/bokken/build/output/unity/unity/Runtime/Export/Debug/Debug.bindings.cs Line: 123)

PERF PASS T-Core-3x
UnityEngine.Debug:ExtractStackTraceNoAlloc (byte*,int,string)
UnityEngine.StackTraceUtility:ExtractStackTrace () (at /Users/bokken/build/output/unity/unity/Runtime/Export/Scripting/StackTrace.cs:35)
UnityEngine.DebugLogHandler:Internal_Log (UnityEngine.LogType,UnityEngine.LogOption,string,UnityEngine.Object)
UnityEngine.DebugLogHandler:LogFormat (UnityEngine.LogType,UnityEngine.Object,string,object[]) (at /Users/bokken/build/output/unity/unity/Runtime/Export/Logging/DebugLogHandler.cs:9)
UnityEngine.Logger:Log (UnityEngine.LogType,object) (at /Users/bokken/build/output/unity/unity/Runtime/Export/Logging/Logger.cs:60)
UnityEngine.Debug:Log (object) (at /Users/bokken/build/output/unity/unity/Runtime/Export/Debug/Debug.bindings.cs:123)
PerfScenario:WriteResults () (at /Users/philipp/Projects/3DTD/3DTD/3DTD/Assets/Scripts/Diagnostics/PerfScenario.cs:1220)
PerfScenario/<Start>d__47:MoveNext () (at /Users/philipp/Projects/3DTD/3DTD/3DTD/Assets/Scripts/Diagnostics/PerfScenario.cs:319)
UnityEngine.SetupCoroutine:InvokeMoveNext (System.Collections.IEnumerator,intptr) (at /Users/bokken/build/output/unity/unity/Runtime/Export/Scripting/Coroutines.cs:17)

(Filename: /Users/bokken/build/output/unity/unity/Runtime/Export/Debug/Debug.bindings.cs Line: 123)

PERF PASS T-Core-5x
UnityEngine.Debug:ExtractStackTraceNoAlloc (byte*,int,string)
UnityEngine.StackTraceUtility:ExtractStackTrace () (at /Users/bokken/build/output/unity/unity/Runtime/Export/Scripting/StackTrace.cs:35)
UnityEngine.DebugLogHandler:Internal_Log (UnityEngine.LogType,UnityEngine.LogOption,string,UnityEngine.Object)
UnityEngine.DebugLogHandler:LogFormat (UnityEngine.LogType,UnityEngine.Object,string,object[]) (at /Users/bokken/build/output/unity/unity/Runtime/Export/Logging/DebugLogHandler.cs:9)
UnityEngine.Logger:Log (UnityEngine.LogType,object) (at /Users/bokken/build/output/unity/unity/Runtime/Export/Logging/Logger.cs:60)
UnityEngine.Debug:Log (object) (at /Users/bokken/build/output/unity/unity/Runtime/Export/Debug/Debug.bindings.cs:123)
PerfScenario:WriteResults () (at /Users/philipp/Projects/3DTD/3DTD/3DTD/Assets/Scripts/Diagnostics/PerfScenario.cs:1220)
PerfScenario/<Start>d__47:MoveNext () (at /Users/philipp/Projects/3DTD/3DTD/3DTD/Assets/Scripts/Diagnostics/PerfScenario.cs:319)
UnityEngine.SetupCoroutine:InvokeMoveNext (System.Collections.IEnumerator,intptr) (at /Users/bokken/build/output/unity/unity/Runtime/Export/Scripting/Coroutines.cs:17)

(Filename: /Users/bokken/build/output/unity/unity/Runtime/Export/Debug/Debug.bindings.cs Line: 123)

PERF PASS T-Bomb-1x
UnityEngine.Debug:ExtractStackTraceNoAlloc (byte*,int,string)
UnityEngine.StackTraceUtility:ExtractStackTrace () (at /Users/bokken/build/output/unity/unity/Runtime/Export/Scripting/StackTrace.cs:35)
UnityEngine.DebugLogHandler:Internal_Log (UnityEngine.LogType,UnityEngine.LogOption,string,UnityEngine.Object)
UnityEngine.DebugLogHandler:LogFormat (UnityEngine.LogType,UnityEngine.Object,string,object[]) (at /Users/bokken/build/output/unity/unity/Runtime/Export/Logging/DebugLogHandler.cs:9)
UnityEngine.Logger:Log (UnityEngine.LogType,object) (at /Users/bokken/build/output/unity/unity/Runtime/Export/Logging/Logger.cs:60)
UnityEngine.Debug:Log (object) (at /Users/bokken/build/output/unity/unity/Runtime/Export/Debug/Debug.bindings.cs:123)
PerfScenario:WriteResults () (at /Users/philipp/Projects/3DTD/3DTD/3DTD/Assets/Scripts/Diagnostics/PerfScenario.cs:1220)
PerfScenario/<Start>d__47:MoveNext () (at /Users/philipp/Projects/3DTD/3DTD/3DTD/Assets/Scripts/Diagnostics/PerfScenario.cs:319)
UnityEngine.SetupCoroutine:InvokeMoveNext (System.Collections.IEnumerator,intptr) (at /Users/bokken/build/output/unity/unity/Runtime/Export/Scripting/Coroutines.cs:17)

(Filename: /Users/bokken/build/output/unity/unity/Runtime/Export/Debug/Debug.bindings.cs Line: 123)

PERF PASS T-Bomb-3x
UnityEngine.Debug:ExtractStackTraceNoAlloc (byte*,int,string)
UnityEngine.StackTraceUtility:ExtractStackTrace () (at /Users/bokken/build/output/unity/unity/Runtime/Export/Scripting/StackTrace.cs:35)
UnityEngine.DebugLogHandler:Internal_Log (UnityEngine.LogType,UnityEngine.LogOption,string,UnityEngine.Object)
UnityEngine.DebugLogHandler:LogFormat (UnityEngine.LogType,UnityEngine.Object,string,object[]) (at /Users/bokken/build/output/unity/unity/Runtime/Export/Logging/DebugLogHandler.cs:9)
UnityEngine.Logger:Log (UnityEngine.LogType,object) (at /Users/bokken/build/output/unity/unity/Runtime/Export/Logging/Logger.cs:60)
UnityEngine.Debug:Log (object) (at /Users/bokken/build/output/unity/unity/Runtime/Export/Debug/Debug.bindings.cs:123)
PerfScenario:WriteResults () (at /Users/philipp/Projects/3DTD/3DTD/3DTD/Assets/Scripts/Diagnostics/PerfScenario.cs:1220)
PerfScenario/<Start>d__47:MoveNext () (at /Users/philipp/Projects/3DTD/3DTD/3DTD/Assets/Scripts/Diagnostics/PerfScenario.cs:319)
UnityEngine.SetupCoroutine:InvokeMoveNext (System.Collections.IEnumerator,intptr) (at /Users/bokken/build/output/unity/unity/Runtime/Export/Scripting/Coroutines.cs:17)

(Filename: /Users/bokken/build/output/unity/unity/Runtime/Export/Debug/Debug.bindings.cs Line: 123)

PERF PASS T-Bomb-5x
UnityEngine.Debug:ExtractStackTraceNoAlloc (byte*,int,string)
UnityEngine.StackTraceUtility:ExtractStackTrace () (at /Users/bokken/build/output/unity/unity/Runtime/Export/Scripting/StackTrace.cs:35)
UnityEngine.DebugLogHandler:Internal_Log (UnityEngine.LogType,UnityEngine.LogOption,string,UnityEngine.Object)
UnityEngine.DebugLogHandler:LogFormat (UnityEngine.LogType,UnityEngine.Object,string,object[]) (at /Users/bokken/build/output/unity/unity/Runtime/Export/Logging/DebugLogHandler.cs:9)
UnityEngine.Logger:Log (UnityEngine.LogType,object) (at /Users/bokken/build/output/unity/unity/Runtime/Export/Logging/Logger.cs:60)
UnityEngine.Debug:Log (object) (at /Users/bokken/build/output/unity/unity/Runtime/Export/Debug/Debug.bindings.cs:123)
PerfScenario:WriteResults () (at /Users/philipp/Projects/3DTD/3DTD/3DTD/Assets/Scripts/Diagnostics/PerfScenario.cs:1220)
PerfScenario/<Start>d__47:MoveNext () (at /Users/philipp/Projects/3DTD/3DTD/3DTD/Assets/Scripts/Diagnostics/PerfScenario.cs:319)
UnityEngine.SetupCoroutine:InvokeMoveNext (System.Collections.IEnumerator,intptr) (at /Users/bokken/build/output/unity/unity/Runtime/Export/Scripting/Coroutines.cs:17)

(Filename: /Users/bokken/build/output/unity/unity/Runtime/Export/Debug/Debug.bindings.cs Line: 123)

PERF PASS T-Sniper-1x
UnityEngine.Debug:ExtractStackTraceNoAlloc (byte*,int,string)
UnityEngine.StackTraceUtility:ExtractStackTrace () (at /Users/bokken/build/output/unity/unity/Runtime/Export/Scripting/StackTrace.cs:35)
UnityEngine.DebugLogHandler:Internal_Log (UnityEngine.LogType,UnityEngine.LogOption,string,UnityEngine.Object)
UnityEngine.DebugLogHandler:LogFormat (UnityEngine.LogType,UnityEngine.Object,string,object[]) (at /Users/bokken/build/output/unity/unity/Runtime/Export/Logging/DebugLogHandler.cs:9)
UnityEngine.Logger:Log (UnityEngine.LogType,object) (at /Users/bokken/build/output/unity/unity/Runtime/Export/Logging/Logger.cs:60)
UnityEngine.Debug:Log (object) (at /Users/bokken/build/output/unity/unity/Runtime/Export/Debug/Debug.bindings.cs:123)
PerfScenario:WriteResults () (at /Users/philipp/Projects/3DTD/3DTD/3DTD/Assets/Scripts/Diagnostics/PerfScenario.cs:1220)
PerfScenario/<Start>d__47:MoveNext () (at /Users/philipp/Projects/3DTD/3DTD/3DTD/Assets/Scripts/Diagnostics/PerfScenario.cs:319)
UnityEngine.SetupCoroutine:InvokeMoveNext (System.Collections.IEnumerator,intptr) (at /Users/bokken/build/output/unity/unity/Runtime/Export/Scripting/Coroutines.cs:17)

(Filename: /Users/bokken/build/output/unity/unity/Runtime/Export/Debug/Debug.bindings.cs Line: 123)

PERF PASS T-Sniper-3x
UnityEngine.Debug:ExtractStackTraceNoAlloc (byte*,int,string)
UnityEngine.StackTraceUtility:ExtractStackTrace () (at /Users/bokken/build/output/unity/unity/Runtime/Export/Scripting/StackTrace.cs:35)
UnityEngine.DebugLogHandler:Internal_Log (UnityEngine.LogType,UnityEngine.LogOption,string,UnityEngine.Object)
UnityEngine.DebugLogHandler:LogFormat (UnityEngine.LogType,UnityEngine.Object,string,object[]) (at /Users/bokken/build/output/unity/unity/Runtime/Export/Logging/DebugLogHandler.cs:9)
UnityEngine.Logger:Log (UnityEngine.LogType,object) (at /Users/bokken/build/output/unity/unity/Runtime/Export/Logging/Logger.cs:60)
UnityEngine.Debug:Log (object) (at /Users/bokken/build/output/unity/unity/Runtime/Export/Debug/Debug.bindings.cs:123)
PerfScenario:WriteResults () (at /Users/philipp/Projects/3DTD/3DTD/3DTD/Assets/Scripts/Diagnostics/PerfScenario.cs:1220)
PerfScenario/<Start>d__47:MoveNext () (at /Users/philipp/Projects/3DTD/3DTD/3DTD/Assets/Scripts/Diagnostics/PerfScenario.cs:319)
UnityEngine.SetupCoroutine:InvokeMoveNext (System.Collections.IEnumerator,intptr) (at /Users/bokken/build/output/unity/unity/Runtime/Export/Scripting/Coroutines.cs:17)

(Filename: /Users/bokken/build/output/unity/unity/Runtime/Export/Debug/Debug.bindings.cs Line: 123)

PERF PASS T-Sniper-5x
UnityEngine.Debug:ExtractStackTraceNoAlloc (byte*,int,string)
UnityEngine.StackTraceUtility:ExtractStackTrace () (at /Users/bokken/build/output/unity/unity/Runtime/Export/Scripting/StackTrace.cs:35)
UnityEngine.DebugLogHandler:Internal_Log (UnityEngine.LogType,UnityEngine.LogOption,string,UnityEngine.Object)
UnityEngine.DebugLogHandler:LogFormat (UnityEngine.LogType,UnityEngine.Object,string,object[]) (at /Users/bokken/build/output/unity/unity/Runtime/Export/Logging/DebugLogHandler.cs:9)
UnityEngine.Logger:Log (UnityEngine.LogType,object) (at /Users/bokken/build/output/unity/unity/Runtime/Export/Logging/Logger.cs:60)
UnityEngine.Debug:Log (object) (at /Users/bokken/build/output/unity/unity/Runtime/Export/Debug/Debug.bindings.cs:123)
PerfScenario:WriteResults () (at /Users/philipp/Projects/3DTD/3DTD/3DTD/Assets/Scripts/Diagnostics/PerfScenario.cs:1220)
PerfScenario/<Start>d__47:MoveNext () (at /Users/philipp/Projects/3DTD/3DTD/3DTD/Assets/Scripts/Diagnostics/PerfScenario.cs:319)
UnityEngine.SetupCoroutine:InvokeMoveNext (System.Collections.IEnumerator,intptr) (at /Users/bokken/build/output/unity/unity/Runtime/Export/Scripting/Coroutines.cs:17)

(Filename: /Users/bokken/build/output/unity/unity/Runtime/Export/Debug/Debug.bindings.cs Line: 123)

PERF PASS T-Beam-1x
UnityEngine.Debug:ExtractStackTraceNoAlloc (byte*,int,string)
UnityEngine.StackTraceUtility:ExtractStackTrace () (at /Users/bokken/build/output/unity/unity/Runtime/Export/Scripting/StackTrace.cs:35)
UnityEngine.DebugLogHandler:Internal_Log (UnityEngine.LogType,UnityEngine.LogOption,string,UnityEngine.Object)
UnityEngine.DebugLogHandler:LogFormat (UnityEngine.LogType,UnityEngine.Object,string,object[]) (at /Users/bokken/build/output/unity/unity/Runtime/Export/Logging/DebugLogHandler.cs:9)
UnityEngine.Logger:Log (UnityEngine.LogType,object) (at /Users/bokken/build/output/unity/unity/Runtime/Export/Logging/Logger.cs:60)
UnityEngine.Debug:Log (object) (at /Users/bokken/build/output/unity/unity/Runtime/Export/Debug/Debug.bindings.cs:123)
PerfScenario:WriteResults () (at /Users/philipp/Projects/3DTD/3DTD/3DTD/Assets/Scripts/Diagnostics/PerfScenario.cs:1220)
PerfScenario/<Start>d__47:MoveNext () (at /Users/philipp/Projects/3DTD/3DTD/3DTD/Assets/Scripts/Diagnostics/PerfScenario.cs:319)
UnityEngine.SetupCoroutine:InvokeMoveNext (System.Collections.IEnumerator,intptr) (at /Users/bokken/build/output/unity/unity/Runtime/Export/Scripting/Coroutines.cs:17)

(Filename: /Users/bokken/build/output/unity/unity/Runtime/Export/Debug/Debug.bindings.cs Line: 123)

PERF PASS T-Beam-3x
UnityEngine.Debug:ExtractStackTraceNoAlloc (byte*,int,string)
UnityEngine.StackTraceUtility:ExtractStackTrace () (at /Users/bokken/build/output/unity/unity/Runtime/Export/Scripting/StackTrace.cs:35)
UnityEngine.DebugLogHandler:Internal_Log (UnityEngine.LogType,UnityEngine.LogOption,string,UnityEngine.Object)
UnityEngine.DebugLogHandler:LogFormat (UnityEngine.LogType,UnityEngine.Object,string,object[]) (at /Users/bokken/build/output/unity/unity/Runtime/Export/Logging/DebugLogHandler.cs:9)
UnityEngine.Logger:Log (UnityEngine.LogType,object) (at /Users/bokken/build/output/unity/unity/Runtime/Export/Logging/Logger.cs:60)
UnityEngine.Debug:Log (object) (at /Users/bokken/build/output/unity/unity/Runtime/Export/Debug/Debug.bindings.cs:123)
PerfScenario:WriteResults () (at /Users/philipp/Projects/3DTD/3DTD/3DTD/Assets/Scripts/Diagnostics/PerfScenario.cs:1220)
PerfScenario/<Start>d__47:MoveNext () (at /Users/philipp/Projects/3DTD/3DTD/3DTD/Assets/Scripts/Diagnostics/PerfScenario.cs:319)
UnityEngine.SetupCoroutine:InvokeMoveNext (System.Collections.IEnumerator,intptr) (at /Users/bokken/build/output/unity/unity/Runtime/Export/Scripting/Coroutines.cs:17)

(Filename: /Users/bokken/build/output/unity/unity/Runtime/Export/Debug/Debug.bindings.cs Line: 123)

PERF PASS T-Beam-5x
UnityEngine.Debug:ExtractStackTraceNoAlloc (byte*,int,string)
UnityEngine.StackTraceUtility:ExtractStackTrace () (at /Users/bokken/build/output/unity/unity/Runtime/Export/Scripting/StackTrace.cs:35)
UnityEngine.DebugLogHandler:Internal_Log (UnityEngine.LogType,UnityEngine.LogOption,string,UnityEngine.Object)
UnityEngine.DebugLogHandler:LogFormat (UnityEngine.LogType,UnityEngine.Object,string,object[]) (at /Users/bokken/build/output/unity/unity/Runtime/Export/Logging/DebugLogHandler.cs:9)
UnityEngine.Logger:Log (UnityEngine.LogType,object) (at /Users/bokken/build/output/unity/unity/Runtime/Export/Logging/Logger.cs:60)
UnityEngine.Debug:Log (object) (at /Users/bokken/build/output/unity/unity/Runtime/Export/Debug/Debug.bindings.cs:123)
PerfScenario:WriteResults () (at /Users/philipp/Projects/3DTD/3DTD/3DTD/Assets/Scripts/Diagnostics/PerfScenario.cs:1220)
PerfScenario/<Start>d__47:MoveNext () (at /Users/philipp/Projects/3DTD/3DTD/3DTD/Assets/Scripts/Diagnostics/PerfScenario.cs:319)
UnityEngine.SetupCoroutine:InvokeMoveNext (System.Collections.IEnumerator,intptr) (at /Users/bokken/build/output/unity/unity/Runtime/Export/Scripting/Coroutines.cs:17)

(Filename: /Users/bokken/build/output/unity/unity/Runtime/Export/Debug/Debug.bindings.cs Line: 123)

PERF PASS T-BulletDispenser-1x
UnityEngine.Debug:ExtractStackTraceNoAlloc (byte*,int,string)
UnityEngine.StackTraceUtility:ExtractStackTrace () (at /Users/bokken/build/output/unity/unity/Runtime/Export/Scripting/StackTrace.cs:35)
UnityEngine.DebugLogHandler:Internal_Log (UnityEngine.LogType,UnityEngine.LogOption,string,UnityEngine.Object)
UnityEngine.DebugLogHandler:LogFormat (UnityEngine.LogType,UnityEngine.Object,string,object[]) (at /Users/bokken/build/output/unity/unity/Runtime/Export/Logging/DebugLogHandler.cs:9)
UnityEngine.Logger:Log (UnityEngine.LogType,object) (at /Users/bokken/build/output/unity/unity/Runtime/Export/Logging/Logger.cs:60)
UnityEngine.Debug:Log (object) (at /Users/bokken/build/output/unity/unity/Runtime/Export/Debug/Debug.bindings.cs:123)
PerfScenario:WriteResults () (at /Users/philipp/Projects/3DTD/3DTD/3DTD/Assets/Scripts/Diagnostics/PerfScenario.cs:1220)
PerfScenario/<Start>d__47:MoveNext () (at /Users/philipp/Projects/3DTD/3DTD/3DTD/Assets/Scripts/Diagnostics/PerfScenario.cs:319)
UnityEngine.SetupCoroutine:InvokeMoveNext (System.Collections.IEnumerator,intptr) (at /Users/bokken/build/output/unity/unity/Runtime/Export/Scripting/Coroutines.cs:17)

(Filename: /Users/bokken/build/output/unity/unity/Runtime/Export/Debug/Debug.bindings.cs Line: 123)

PERF PASS T-BulletDispenser-3x
UnityEngine.Debug:ExtractStackTraceNoAlloc (byte*,int,string)
UnityEngine.StackTraceUtility:ExtractStackTrace () (at /Users/bokken/build/output/unity/unity/Runtime/Export/Scripting/StackTrace.cs:35)
UnityEngine.DebugLogHandler:Internal_Log (UnityEngine.LogType,UnityEngine.LogOption,string,UnityEngine.Object)
UnityEngine.DebugLogHandler:LogFormat (UnityEngine.LogType,UnityEngine.Object,string,object[]) (at /Users/bokken/build/output/unity/unity/Runtime/Export/Logging/DebugLogHandler.cs:9)
UnityEngine.Logger:Log (UnityEngine.LogType,object) (at /Users/bokken/build/output/unity/unity/Runtime/Export/Logging/Logger.cs:60)
UnityEngine.Debug:Log (object) (at /Users/bokken/build/output/unity/unity/Runtime/Export/Debug/Debug.bindings.cs:123)
PerfScenario:WriteResults () (at /Users/philipp/Projects/3DTD/3DTD/3DTD/Assets/Scripts/Diagnostics/PerfScenario.cs:1220)
PerfScenario/<Start>d__47:MoveNext () (at /Users/philipp/Projects/3DTD/3DTD/3DTD/Assets/Scripts/Diagnostics/PerfScenario.cs:319)
UnityEngine.SetupCoroutine:InvokeMoveNext (System.Collections.IEnumerator,intptr) (at /Users/bokken/build/output/unity/unity/Runtime/Export/Scripting/Coroutines.cs:17)

(Filename: /Users/bokken/build/output/unity/unity/Runtime/Export/Debug/Debug.bindings.cs Line: 123)

PERF PASS T-BulletDispenser-5x
UnityEngine.Debug:ExtractStackTraceNoAlloc (byte*,int,string)
UnityEngine.StackTraceUtility:ExtractStackTrace () (at /Users/bokken/build/output/unity/unity/Runtime/Export/Scripting/StackTrace.cs:35)
UnityEngine.DebugLogHandler:Internal_Log (UnityEngine.LogType,UnityEngine.LogOption,string,UnityEngine.Object)
UnityEngine.DebugLogHandler:LogFormat (UnityEngine.LogType,UnityEngine.Object,string,object[]) (at /Users/bokken/build/output/unity/unity/Runtime/Export/Logging/DebugLogHandler.cs:9)
UnityEngine.Logger:Log (UnityEngine.LogType,object) (at /Users/bokken/build/output/unity/unity/Runtime/Export/Logging/Logger.cs:60)
UnityEngine.Debug:Log (object) (at /Users/bokken/build/output/unity/unity/Runtime/Export/Debug/Debug.bindings.cs:123)
PerfScenario:WriteResults () (at /Users/philipp/Projects/3DTD/3DTD/3DTD/Assets/Scripts/Diagnostics/PerfScenario.cs:1220)
PerfScenario/<Start>d__47:MoveNext () (at /Users/philipp/Projects/3DTD/3DTD/3DTD/Assets/Scripts/Diagnostics/PerfScenario.cs:319)
UnityEngine.SetupCoroutine:InvokeMoveNext (System.Collections.IEnumerator,intptr) (at /Users/bokken/build/output/unity/unity/Runtime/Export/Scripting/Coroutines.cs:17)

(Filename: /Users/bokken/build/output/unity/unity/Runtime/Export/Debug/Debug.bindings.cs Line: 123)

PERF PASS T-Hangar-1x
UnityEngine.Debug:ExtractStackTraceNoAlloc (byte*,int,string)
UnityEngine.StackTraceUtility:ExtractStackTrace () (at /Users/bokken/build/output/unity/unity/Runtime/Export/Scripting/StackTrace.cs:35)
UnityEngine.DebugLogHandler:Internal_Log (UnityEngine.LogType,UnityEngine.LogOption,string,UnityEngine.Object)
UnityEngine.DebugLogHandler:LogFormat (UnityEngine.LogType,UnityEngine.Object,string,object[]) (at /Users/bokken/build/output/unity/unity/Runtime/Export/Logging/DebugLogHandler.cs:9)
UnityEngine.Logger:Log (UnityEngine.LogType,object) (at /Users/bokken/build/output/unity/unity/Runtime/Export/Logging/Logger.cs:60)
UnityEngine.Debug:Log (object) (at /Users/bokken/build/output/unity/unity/Runtime/Export/Debug/Debug.bindings.cs:123)
PerfScenario:WriteResults () (at /Users/philipp/Projects/3DTD/3DTD/3DTD/Assets/Scripts/Diagnostics/PerfScenario.cs:1220)
PerfScenario/<Start>d__47:MoveNext () (at /Users/philipp/Projects/3DTD/3DTD/3DTD/Assets/Scripts/Diagnostics/PerfScenario.cs:319)
UnityEngine.SetupCoroutine:InvokeMoveNext (System.Collections.IEnumerator,intptr) (at /Users/bokken/build/output/unity/unity/Runtime/Export/Scripting/Coroutines.cs:17)

(Filename: /Users/bokken/build/output/unity/unity/Runtime/Export/Debug/Debug.bindings.cs Line: 123)

PERF PASS T-Hangar-3x
UnityEngine.Debug:ExtractStackTraceNoAlloc (byte*,int,string)
UnityEngine.StackTraceUtility:ExtractStackTrace () (at /Users/bokken/build/output/unity/unity/Runtime/Export/Scripting/StackTrace.cs:35)
UnityEngine.DebugLogHandler:Internal_Log (UnityEngine.LogType,UnityEngine.LogOption,string,UnityEngine.Object)
UnityEngine.DebugLogHandler:LogFormat (UnityEngine.LogType,UnityEngine.Object,string,object[]) (at /Users/bokken/build/output/unity/unity/Runtime/Export/Logging/DebugLogHandler.cs:9)
UnityEngine.Logger:Log (UnityEngine.LogType,object) (at /Users/bokken/build/output/unity/unity/Runtime/Export/Logging/Logger.cs:60)
UnityEngine.Debug:Log (object) (at /Users/bokken/build/output/unity/unity/Runtime/Export/Debug/Debug.bindings.cs:123)
PerfScenario:WriteResults () (at /Users/philipp/Projects/3DTD/3DTD/3DTD/Assets/Scripts/Diagnostics/PerfScenario.cs:1220)
PerfScenario/<Start>d__47:MoveNext () (at /Users/philipp/Projects/3DTD/3DTD/3DTD/Assets/Scripts/Diagnostics/PerfScenario.cs:319)
UnityEngine.SetupCoroutine:InvokeMoveNext (System.Collections.IEnumerator,intptr) (at /Users/bokken/build/output/unity/unity/Runtime/Export/Scripting/Coroutines.cs:17)

(Filename: /Users/bokken/build/output/unity/unity/Runtime/Export/Debug/Debug.bindings.cs Line: 123)

PERF PASS T-Hangar-5x
UnityEngine.Debug:ExtractStackTraceNoAlloc (byte*,int,string)
UnityEngine.StackTraceUtility:ExtractStackTrace () (at /Users/bokken/build/output/unity/unity/Runtime/Export/Scripting/StackTrace.cs:35)
UnityEngine.DebugLogHandler:Internal_Log (UnityEngine.LogType,UnityEngine.LogOption,string,UnityEngine.Object)
UnityEngine.DebugLogHandler:LogFormat (UnityEngine.LogType,UnityEngine.Object,string,object[]) (at /Users/bokken/build/output/unity/unity/Runtime/Export/Logging/DebugLogHandler.cs:9)
UnityEngine.Logger:Log (UnityEngine.LogType,object) (at /Users/bokken/build/output/unity/unity/Runtime/Export/Logging/Logger.cs:60)
UnityEngine.Debug:Log (object) (at /Users/bokken/build/output/unity/unity/Runtime/Export/Debug/Debug.bindings.cs:123)
PerfScenario:WriteResults () (at /Users/philipp/Projects/3DTD/3DTD/3DTD/Assets/Scripts/Diagnostics/PerfScenario.cs:1220)
PerfScenario/<Start>d__47:MoveNext () (at /Users/philipp/Projects/3DTD/3DTD/3DTD/Assets/Scripts/Diagnostics/PerfScenario.cs:319)
UnityEngine.SetupCoroutine:InvokeMoveNext (System.Collections.IEnumerator,intptr) (at /Users/bokken/build/output/unity/unity/Runtime/Export/Scripting/Coroutines.cs:17)

(Filename: /Users/bokken/build/output/unity/unity/Runtime/Export/Debug/Debug.bindings.cs Line: 123)

PERF PASS T-MineFactory-1x
UnityEngine.Debug:ExtractStackTraceNoAlloc (byte*,int,string)
UnityEngine.StackTraceUtility:ExtractStackTrace () (at /Users/bokken/build/output/unity/unity/Runtime/Export/Scripting/StackTrace.cs:35)
UnityEngine.DebugLogHandler:Internal_Log (UnityEngine.LogType,UnityEngine.LogOption,string,UnityEngine.Object)
UnityEngine.DebugLogHandler:LogFormat (UnityEngine.LogType,UnityEngine.Object,string,object[]) (at /Users/bokken/build/output/unity/unity/Runtime/Export/Logging/DebugLogHandler.cs:9)
UnityEngine.Logger:Log (UnityEngine.LogType,object) (at /Users/bokken/build/output/unity/unity/Runtime/Export/Logging/Logger.cs:60)
UnityEngine.Debug:Log (object) (at /Users/bokken/build/output/unity/unity/Runtime/Export/Debug/Debug.bindings.cs:123)
PerfScenario:WriteResults () (at /Users/philipp/Projects/3DTD/3DTD/3DTD/Assets/Scripts/Diagnostics/PerfScenario.cs:1220)
PerfScenario/<Start>d__47:MoveNext () (at /Users/philipp/Projects/3DTD/3DTD/3DTD/Assets/Scripts/Diagnostics/PerfScenario.cs:319)
UnityEngine.SetupCoroutine:InvokeMoveNext (System.Collections.IEnumerator,intptr) (at /Users/bokken/build/output/unity/unity/Runtime/Export/Scripting/Coroutines.cs:17)

(Filename: /Users/bokken/build/output/unity/unity/Runtime/Export/Debug/Debug.bindings.cs Line: 123)

PERF PASS T-MineFactory-3x
UnityEngine.Debug:ExtractStackTraceNoAlloc (byte*,int,string)
UnityEngine.StackTraceUtility:ExtractStackTrace () (at /Users/bokken/build/output/unity/unity/Runtime/Export/Scripting/StackTrace.cs:35)
UnityEngine.DebugLogHandler:Internal_Log (UnityEngine.LogType,UnityEngine.LogOption,string,UnityEngine.Object)
UnityEngine.DebugLogHandler:LogFormat (UnityEngine.LogType,UnityEngine.Object,string,object[]) (at /Users/bokken/build/output/unity/unity/Runtime/Export/Logging/DebugLogHandler.cs:9)
UnityEngine.Logger:Log (UnityEngine.LogType,object) (at /Users/bokken/build/output/unity/unity/Runtime/Export/Logging/Logger.cs:60)
UnityEngine.Debug:Log (object) (at /Users/bokken/build/output/unity/unity/Runtime/Export/Debug/Debug.bindings.cs:123)
PerfScenario:WriteResults () (at /Users/philipp/Projects/3DTD/3DTD/3DTD/Assets/Scripts/Diagnostics/PerfScenario.cs:1220)
PerfScenario/<Start>d__47:MoveNext () (at /Users/philipp/Projects/3DTD/3DTD/3DTD/Assets/Scripts/Diagnostics/PerfScenario.cs:319)
UnityEngine.SetupCoroutine:InvokeMoveNext (System.Collections.IEnumerator,intptr) (at /Users/bokken/build/output/unity/unity/Runtime/Export/Scripting/Coroutines.cs:17)

(Filename: /Users/bokken/build/output/unity/unity/Runtime/Export/Debug/Debug.bindings.cs Line: 123)

PERF PASS T-MineFactory-5x
UnityEngine.Debug:ExtractStackTraceNoAlloc (byte*,int,string)
UnityEngine.StackTraceUtility:ExtractStackTrace () (at /Users/bokken/build/output/unity/unity/Runtime/Export/Scripting/StackTrace.cs:35)
UnityEngine.DebugLogHandler:Internal_Log (UnityEngine.LogType,UnityEngine.LogOption,string,UnityEngine.Object)
UnityEngine.DebugLogHandler:LogFormat (UnityEngine.LogType,UnityEngine.Object,string,object[]) (at /Users/bokken/build/output/unity/unity/Runtime/Export/Logging/DebugLogHandler.cs:9)
UnityEngine.Logger:Log (UnityEngine.LogType,object) (at /Users/bokken/build/output/unity/unity/Runtime/Export/Logging/Logger.cs:60)
UnityEngine.Debug:Log (object) (at /Users/bokken/build/output/unity/unity/Runtime/Export/Debug/Debug.bindings.cs:123)
PerfScenario:WriteResults () (at /Users/philipp/Projects/3DTD/3DTD/3DTD/Assets/Scripts/Diagnostics/PerfScenario.cs:1220)
PerfScenario/<Start>d__47:MoveNext () (at /Users/philipp/Projects/3DTD/3DTD/3DTD/Assets/Scripts/Diagnostics/PerfScenario.cs:319)
UnityEngine.SetupCoroutine:InvokeMoveNext (System.Collections.IEnumerator,intptr) (at /Users/bokken/build/output/unity/unity/Runtime/Export/Scripting/Coroutines.cs:17)

(Filename: /Users/bokken/build/output/unity/unity/Runtime/Export/Debug/Debug.bindings.cs Line: 123)

PERF finished, 0 failed checks, results in /Users/philipp/Projects/3DTD/tasks/perf/player/perf-parity-20261004-172740.json
UnityEngine.Debug:ExtractStackTraceNoAlloc (byte*,int,string)
UnityEngine.StackTraceUtility:ExtractStackTrace () (at /Users/bokken/build/output/unity/unity/Runtime/Export/Scripting/StackTrace.cs:35)
UnityEngine.DebugLogHandler:Internal_Log (UnityEngine.LogType,UnityEngine.LogOption,string,UnityEngine.Object)
UnityEngine.DebugLogHandler:LogFormat (UnityEngine.LogType,UnityEngine.Object,string,object[]) (at /Users/bokken/build/output/unity/unity/Runtime/Export/Logging/DebugLogHandler.cs:9)
UnityEngine.Logger:Log (UnityEngine.LogType,object) (at /Users/bokken/build/output/unity/unity/Runtime/Export/Logging/Logger.cs:60)
UnityEngine.Debug:Log (object) (at /Users/bokken/build/output/unity/unity/Runtime/Export/Debug/Debug.bindings.cs:123)
PerfScenario:WriteResults () (at /Users/philipp/Projects/3DTD/3DTD/3DTD/Assets/Scripts/Diagnostics/PerfScenario.cs:1228)
PerfScenario/<Start>d__47:MoveNext () (at /Users/philipp/Projects/3DTD/3DTD/3DTD/Assets/Scripts/Diagnostics/PerfScenario.cs:319)
UnityEngine.SetupCoroutine:InvokeMoveNext (System.Collections.IEnumerator,intptr) (at /Users/bokken/build/output/unity/unity/Runtime/Export/Scripting/Coroutines.cs:17)

(Filename: /Users/bokken/build/output/unity/unity/Runtime/Export/Debug/Debug.bindings.cs Line: 123)

Thread 0x16f2db000 may have been prematurely finalized
[Physics::Module] Cleanup current backend.
[Physics::Module] Id: 0xf2b8ea05
Input System module state changed to: ShutdownInProgress.
Input Polling Thread exited.
Input System module state changed to: Shutdown.
Thread 0x16df6b000 may have been prematurely finalized
Thread 0x16dff7000 may have been prematurely finalized
Thread 0x16e19b000 may have been prematurely finalized
Thread 0x16e083000 may have been prematurely finalized
Thread 0x16e10f000 may have been prematurely finalized
CodeReloadManager destroyed
PlayerConnection::Cleanup##utp:{"type":"MemoryLeaks","version":2,"phase":"Immediate","time":1791127660984,"processId":82883,"allocatedMemory":4717278,"memoryLabels":[{"Default":69333},{"Permanent":1472},{"NewDelete":1799508},{"Thread":6584},{"Manager":539607},{"VertexData":8},{"Geometry":408},{"Texture":16},{"Shader":78414},{"Material":24},{"GfxDevice":38920},{"GfxThread":480},{"FreeType":8},{"FontEngine":736},{"Physics":2176},{"Physics2D":16},{"Serialization":16904},{"Input":43216},{"JobScheduler":448},{"TextLib":280},{"Mono":56},{"ScriptingNativeRuntime":128},{"BaseObject":1638592},{"Resource":520},{"Renderer":3600},{"Transform":6485},{"File":850},{"WebCam":32},{"Culling":32},{"Terrain":11298},{"Wind":24},{"String":3069},{"Utility":315392},{"PoolAlloc":1584},{"AI":40},{"TypeTree":5512},{"CodeReload":440},{"RuntimeInitializeOnLoadManager":64},{"Sprites":78},{"SpriteAtlas":120},{"GI":7200},{"Director":8248},{"CloudService":144},{"WebRequest":520},{"VR":46866},{"SceneManager":408},{"Video":2080},{"LazyScriptCache":32},{"Camera":9},{"Secure":241},{"SerializationCache":1576},{"APIUpdating":10320},{"Subsystems":336},{"VirtualTexturing":57496},{"Baselib":16},{"Analytics":80},{"Hierarchy":1568},{"UIElements":72},{"CoreStats":13768},{"Identifiers":6768},{"Gui":40},{"CoreBusinessMetrics":128},{"AssetReference":32}]}
