Mono path[0] = '/Users/philipp/Projects/3DTD/3DTD/3DTD/Builds/PerfPlayer/3DTD.app/Contents/Resources/Data/Managed'
Mono config path = '/Users/philipp/Projects/3DTD/3DTD/3DTD/Builds/PerfPlayer/3DTD.app/Contents/MonoBleedingEdge/etc'
CodeReloadManager initialized
Found 5 interfaces on host : 0) 192.168.178.132 1) 192.168.178.133 2) 192.168.139.3 3) 192.168.215.0 4) 192.168.97.0
Player connection [8171323264]  Target information:

Player connection [8171323264]  * "[IP] 192.168.178.132 [Port] 55000 [Flags] 2 [Guid] 1223916460 [EditorId] 2507287758 [Version] 1048832 [Id] OSXPlayer(1,Philipps-Mac-LAN.fritz.box) [Debug] 0 [PackageName] OSXPlayer [ProjectName] 3DTD" 

Player connection [8171323264]  * "[IP] 192.168.178.133 [Port] 55000 [Flags] 2 [Guid] 1223916460 [EditorId] 2507287758 [Version] 1048832 [Id] OSXPlayer(1,Philipps-Mac-LAN.fritz.box) [Debug] 0 [PackageName] OSXPlayer [ProjectName] 3DTD" 

Player connection [8171323264]  * "[IP] 192.168.139.3 [Port] 55000 [Flags] 2 [Guid] 1223916460 [EditorId] 2507287758 [Version] 1048832 [Id] OSXPlayer(1,Philipps-Mac-LAN.fritz.box) [Debug] 0 [PackageName] OSXPlayer [ProjectName] 3DTD" 

Player connection [8171323264]  * "[IP] 192.168.215.0 [Port] 55000 [Flags] 2 [Guid] 1223916460 [EditorId] 2507287758 [Version] 1048832 [Id] OSXPlayer(1,Philipps-Mac-LAN.fritz.box) [Debug] 0 [PackageName] OSXPlayer [ProjectName] 3DTD" 

Player connection [8171323264]  * "[IP] 192.168.97.0 [Port] 55000 [Flags] 2 [Guid] 1223916460 [EditorId] 2507287758 [Version] 1048832 [Id] OSXPlayer(1,Philipps-Mac-LAN.fritz.box) [Debug] 0 [PackageName] OSXPlayer [ProjectName] 3DTD" 

Player connection [8171323264] Started UDP target info broadcast (1) on [225.0.0.222:54997].

Input System module state changed to: Initialized.
[Physics::Module] Initialized fallback backend.
[Physics::Module] Id: 0xdecafbad
 preferred device: Apple M4 Pro (high power)
Metal devices available: 1
0: Apple M4 Pro (high power)
Using device Apple M4 Pro (high power)
Initialize engine version: 6000.5.8f1 (5cb7df797b7d)
[Subsystems] Discovering subsystems at path /Users/philipp/Projects/3DTD/3DTD/3DTD/Builds/PerfPlayer/3DTD.app/Contents/Resources/Data/UnitySubsystems
GfxDevice: creating device client; kGfxThreadingModeThreaded
Initializing Metal device caps: Apple M4 Pro
Mac GPU Family: 2
Apple GPU Family: 9
MSL Version: 3.0
Has Float MSAA: 1
Has Float Filtering: 1
ReadWrite Texture Tier: 2
Begin MonoManager ReloadAssembly
Symbol file LoadedFromMemory is not a mono symbol file
- Finished resetting the current domain, in  0.014 seconds
[Physics::Module] Selected backend.
[Physics::Module] Name: PhysX
[Physics::Module] Id: 0xf2b8ea05
[Physics::Module] SDK Version: 4.1.2
[Physics::Module] Integration Version: 1.0.0
[Physics::Module] Threading Mode: Multi-Threaded
Metal RecreateSurface[0x10e896ed0]: surface size 1920x1080
Couldn't create a Convex Mesh from source mesh, within the maximum polygons limit (256). The partial hull will be used. Consider simplifying your mesh. Source mesh name: default
Couldn't create a Convex Mesh from source mesh, within the maximum polygons limit (256). The partial hull will be used. Consider simplifying your mesh. Source mesh name: SM_Primitive_Sphere_05
UnloadTime: 0.453958 ms
PERF MARKER Internal / Semaphore.WaitForSignal
UnityEngine.Debug:ExtractStackTraceNoAlloc (byte*,int,string)
UnityEngine.StackTraceUtility:ExtractStackTrace () (at /Users/bokken/build/output/unity/unity/Runtime/Export/Scripting/StackTrace.cs:35)
UnityEngine.DebugLogHandler:Internal_Log (UnityEngine.LogType,UnityEngine.LogOption,string,UnityEngine.Object)
UnityEngine.DebugLogHandler:LogFormat (UnityEngine.LogType,UnityEngine.Object,string,object[]) (at /Users/bokken/build/output/unity/unity/Runtime/Export/Logging/DebugLogHandler.cs:9)
UnityEngine.Logger:Log (UnityEngine.LogType,object) (at /Users/bokken/build/output/unity/unity/Runtime/Export/Logging/Logger.cs:60)
UnityEngine.Debug:Log (object) (at /Users/bokken/build/output/unity/unity/Runtime/Export/Debug/Debug.bindings.cs:123)
PerfScenario:StartRecorders () (at /Users/philipp/Projects/3DTD/3DTD/3DTD/Assets/Scripts/Diagnostics/PerfScenario.cs:747)
PerfScenario/<Start>d__43:MoveNext () (at /Users/philipp/Projects/3DTD/3DTD/3DTD/Assets/Scripts/Diagnostics/PerfScenario.cs:292)
UnityEngine.SetupCoroutine:InvokeMoveNext (System.Collections.IEnumerator,intptr) (at /Users/bokken/build/output/unity/unity/Runtime/Export/Scripting/Coroutines.cs:17)

(Filename: /Users/bokken/build/output/unity/unity/Runtime/Export/Debug/Debug.bindings.cs Line: 123)

PERF MARKER Jobs / WaitForCompleted
UnityEngine.Debug:ExtractStackTraceNoAlloc (byte*,int,string)
UnityEngine.StackTraceUtility:ExtractStackTrace () (at /Users/bokken/build/output/unity/unity/Runtime/Export/Scripting/StackTrace.cs:35)
UnityEngine.DebugLogHandler:Internal_Log (UnityEngine.LogType,UnityEngine.LogOption,string,UnityEngine.Object)
UnityEngine.DebugLogHandler:LogFormat (UnityEngine.LogType,UnityEngine.Object,string,object[]) (at /Users/bokken/build/output/unity/unity/Runtime/Export/Logging/DebugLogHandler.cs:9)
UnityEngine.Logger:Log (UnityEngine.LogType,object) (at /Users/bokken/build/output/unity/unity/Runtime/Export/Logging/Logger.cs:60)
UnityEngine.Debug:Log (object) (at /Users/bokken/build/output/unity/unity/Runtime/Export/Debug/Debug.bindings.cs:123)
PerfScenario:StartRecorders () (at /Users/philipp/Projects/3DTD/3DTD/3DTD/Assets/Scripts/Diagnostics/PerfScenario.cs:747)
PerfScenario/<Start>d__43:MoveNext () (at /Users/philipp/Projects/3DTD/3DTD/3DTD/Assets/Scripts/Diagnostics/PerfScenario.cs:292)
UnityEngine.SetupCoroutine:InvokeMoveNext (System.Collections.IEnumerator,intptr) (at /Users/bokken/build/output/unity/unity/Runtime/Export/Scripting/Coroutines.cs:17)

(Filename: /Users/bokken/build/output/unity/unity/Runtime/Export/Debug/Debug.bindings.cs Line: 123)

PERF MARKER Jobs / WaitForJobGroupID
UnityEngine.Debug:ExtractStackTraceNoAlloc (byte*,int,string)
UnityEngine.StackTraceUtility:ExtractStackTrace () (at /Users/bokken/build/output/unity/unity/Runtime/Export/Scripting/StackTrace.cs:35)
UnityEngine.DebugLogHandler:Internal_Log (UnityEngine.LogType,UnityEngine.LogOption,string,UnityEngine.Object)
UnityEngine.DebugLogHandler:LogFormat (UnityEngine.LogType,UnityEngine.Object,string,object[]) (at /Users/bokken/build/output/unity/unity/Runtime/Export/Logging/DebugLogHandler.cs:9)
UnityEngine.Logger:Log (UnityEngine.LogType,object) (at /Users/bokken/build/output/unity/unity/Runtime/Export/Logging/Logger.cs:60)
UnityEngine.Debug:Log (object) (at /Users/bokken/build/output/unity/unity/Runtime/Export/Debug/Debug.bindings.cs:123)
PerfScenario:StartRecorders () (at /Users/philipp/Projects/3DTD/3DTD/3DTD/Assets/Scripts/Diagnostics/PerfScenario.cs:747)
PerfScenario/<Start>d__43:MoveNext () (at /Users/philipp/Projects/3DTD/3DTD/3DTD/Assets/Scripts/Diagnostics/PerfScenario.cs:292)
UnityEngine.SetupCoroutine:InvokeMoveNext (System.Collections.IEnumerator,intptr) (at /Users/bokken/build/output/unity/unity/Runtime/Export/Scripting/Coroutines.cs:17)

(Filename: /Users/bokken/build/output/unity/unity/Runtime/Export/Debug/Debug.bindings.cs Line: 123)

PERF MARKER Render / GPUProfiler.EndQueries
UnityEngine.Debug:ExtractStackTraceNoAlloc (byte*,int,string)
UnityEngine.StackTraceUtility:ExtractStackTrace () (at /Users/bokken/build/output/unity/unity/Runtime/Export/Scripting/StackTrace.cs:35)
UnityEngine.DebugLogHandler:Internal_Log (UnityEngine.LogType,UnityEngine.LogOption,string,UnityEngine.Object)
UnityEngine.DebugLogHandler:LogFormat (UnityEngine.LogType,UnityEngine.Object,string,object[]) (at /Users/bokken/build/output/unity/unity/Runtime/Export/Logging/DebugLogHandler.cs:9)
UnityEngine.Logger:Log (UnityEngine.LogType,object) (at /Users/bokken/build/output/unity/unity/Runtime/Export/Logging/Logger.cs:60)
UnityEngine.Debug:Log (object) (at /Users/bokken/build/output/unity/unity/Runtime/Export/Debug/Debug.bindings.cs:123)
PerfScenario:StartRecorders () (at /Users/philipp/Projects/3DTD/3DTD/3DTD/Assets/Scripts/Diagnostics/PerfScenario.cs:747)
PerfScenario/<Start>d__43:MoveNext () (at /Users/philipp/Projects/3DTD/3DTD/3DTD/Assets/Scripts/Diagnostics/PerfScenario.cs:292)
UnityEngine.SetupCoroutine:InvokeMoveNext (System.Collections.IEnumerator,intptr) (at /Users/bokken/build/output/unity/unity/Runtime/Export/Scripting/Coroutines.cs:17)

(Filename: /Users/bokken/build/output/unity/unity/Runtime/Export/Debug/Debug.bindings.cs Line: 123)

PERF MARKER Render / GPUProfiler.BeginQueries
UnityEngine.Debug:ExtractStackTraceNoAlloc (byte*,int,string)
UnityEngine.StackTraceUtility:ExtractStackTrace () (at /Users/bokken/build/output/unity/unity/Runtime/Export/Scripting/StackTrace.cs:35)
UnityEngine.DebugLogHandler:Internal_Log (UnityEngine.LogType,UnityEngine.LogOption,string,UnityEngine.Object)
UnityEngine.DebugLogHandler:LogFormat (UnityEngine.LogType,UnityEngine.Object,string,object[]) (at /Users/bokken/build/output/unity/unity/Runtime/Export/Logging/DebugLogHandler.cs:9)
UnityEngine.Logger:Log (UnityEngine.LogType,object) (at /Users/bokken/build/output/unity/unity/Runtime/Export/Logging/Logger.cs:60)
UnityEngine.Debug:Log (object) (at /Users/bokken/build/output/unity/unity/Runtime/Export/Debug/Debug.bindings.cs:123)
PerfScenario:StartRecorders () (at /Users/philipp/Projects/3DTD/3DTD/3DTD/Assets/Scripts/Diagnostics/PerfScenario.cs:747)
PerfScenario/<Start>d__43:MoveNext () (at /Users/philipp/Projects/3DTD/3DTD/3DTD/Assets/Scripts/Diagnostics/PerfScenario.cs:292)
UnityEngine.SetupCoroutine:InvokeMoveNext (System.Collections.IEnumerator,intptr) (at /Users/bokken/build/output/unity/unity/Runtime/Export/Scripting/Coroutines.cs:17)

(Filename: /Users/bokken/build/output/unity/unity/Runtime/Export/Debug/Debug.bindings.cs Line: 123)

PERF MARKER Render / Gfx.PresentFrame
UnityEngine.Debug:ExtractStackTraceNoAlloc (byte*,int,string)
UnityEngine.StackTraceUtility:ExtractStackTrace () (at /Users/bokken/build/output/unity/unity/Runtime/Export/Scripting/StackTrace.cs:35)
UnityEngine.DebugLogHandler:Internal_Log (UnityEngine.LogType,UnityEngine.LogOption,string,UnityEngine.Object)
UnityEngine.DebugLogHandler:LogFormat (UnityEngine.LogType,UnityEngine.Object,string,object[]) (at /Users/bokken/build/output/unity/unity/Runtime/Export/Logging/DebugLogHandler.cs:9)
UnityEngine.Logger:Log (UnityEngine.LogType,object) (at /Users/bokken/build/output/unity/unity/Runtime/Export/Logging/Logger.cs:60)
UnityEngine.Debug:Log (object) (at /Users/bokken/build/output/unity/unity/Runtime/Export/Debug/Debug.bindings.cs:123)
PerfScenario:StartRecorders () (at /Users/philipp/Projects/3DTD/3DTD/3DTD/Assets/Scripts/Diagnostics/PerfScenario.cs:747)
PerfScenario/<Start>d__43:MoveNext () (at /Users/philipp/Projects/3DTD/3DTD/3DTD/Assets/Scripts/Diagnostics/PerfScenario.cs:292)
UnityEngine.SetupCoroutine:InvokeMoveNext (System.Collections.IEnumerator,intptr) (at /Users/bokken/build/output/unity/unity/Runtime/Export/Scripting/Coroutines.cs:17)

(Filename: /Users/bokken/build/output/unity/unity/Runtime/Export/Debug/Debug.bindings.cs Line: 123)

PERF MARKER Render / Gfx.SetRenderTarget
UnityEngine.Debug:ExtractStackTraceNoAlloc (byte*,int,string)
UnityEngine.StackTraceUtility:ExtractStackTrace () (at /Users/bokken/build/output/unity/unity/Runtime/Export/Scripting/StackTrace.cs:35)
UnityEngine.DebugLogHandler:Internal_Log (UnityEngine.LogType,UnityEngine.LogOption,string,UnityEngine.Object)
UnityEngine.DebugLogHandler:LogFormat (UnityEngine.LogType,UnityEngine.Object,string,object[]) (at /Users/bokken/build/output/unity/unity/Runtime/Export/Logging/DebugLogHandler.cs:9)
UnityEngine.Logger:Log (UnityEngine.LogType,object) (at /Users/bokken/build/output/unity/unity/Runtime/Export/Logging/Logger.cs:60)
UnityEngine.Debug:Log (object) (at /Users/bokken/build/output/unity/unity/Runtime/Export/Debug/Debug.bindings.cs:123)
PerfScenario:StartRecorders () (at /Users/philipp/Projects/3DTD/3DTD/3DTD/Assets/Scripts/Diagnostics/PerfScenario.cs:747)
PerfScenario/<Start>d__43:MoveNext () (at /Users/philipp/Projects/3DTD/3DTD/3DTD/Assets/Scripts/Diagnostics/PerfScenario.cs:292)
UnityEngine.SetupCoroutine:InvokeMoveNext (System.Collections.IEnumerator,intptr) (at /Users/bokken/build/output/unity/unity/Runtime/Export/Scripting/Coroutines.cs:17)

(Filename: /Users/bokken/build/output/unity/unity/Runtime/Export/Debug/Debug.bindings.cs Line: 123)

PERF MARKER Render / Gfx.DrawDynamic
UnityEngine.Debug:ExtractStackTraceNoAlloc (byte*,int,string)
UnityEngine.StackTraceUtility:ExtractStackTrace () (at /Users/bokken/build/output/unity/unity/Runtime/Export/Scripting/StackTrace.cs:35)
UnityEngine.DebugLogHandler:Internal_Log (UnityEngine.LogType,UnityEngine.LogOption,string,UnityEngine.Object)
UnityEngine.DebugLogHandler:LogFormat (UnityEngine.LogType,UnityEngine.Object,string,object[]) (at /Users/bokken/build/output/unity/unity/Runtime/Export/Logging/DebugLogHandler.cs:9)
UnityEngine.Logger:Log (UnityEngine.LogType,object) (at /Users/bokken/build/output/unity/unity/Runtime/Export/Logging/Logger.cs:60)
UnityEngine.Debug:Log (object) (at /Users/bokken/build/output/unity/unity/Runtime/Export/Debug/Debug.bindings.cs:123)
PerfScenario:StartRecorders () (at /Users/philipp/Projects/3DTD/3DTD/3DTD/Assets/Scripts/Diagnostics/PerfScenario.cs:747)
PerfScenario/<Start>d__43:MoveNext () (at /Users/philipp/Projects/3DTD/3DTD/3DTD/Assets/Scripts/Diagnostics/PerfScenario.cs:292)
UnityEngine.SetupCoroutine:InvokeMoveNext (System.Collections.IEnumerator,intptr) (at /Users/bokken/build/output/unity/unity/Runtime/Export/Scripting/Coroutines.cs:17)

(Filename: /Users/bokken/build/output/unity/unity/Runtime/Export/Debug/Debug.bindings.cs Line: 123)

PERF MARKER Render / Gfx.UpdateAsyncReadbackData
UnityEngine.Debug:ExtractStackTraceNoAlloc (byte*,int,string)
UnityEngine.StackTraceUtility:ExtractStackTrace () (at /Users/bokken/build/output/unity/unity/Runtime/Export/Scripting/StackTrace.cs:35)
UnityEngine.DebugLogHandler:Internal_Log (UnityEngine.LogType,UnityEngine.LogOption,string,UnityEngine.Object)
UnityEngine.DebugLogHandler:LogFormat (UnityEngine.LogType,UnityEngine.Object,string,object[]) (at /Users/bokken/build/output/unity/unity/Runtime/Export/Logging/DebugLogHandler.cs:9)
UnityEngine.Logger:Log (UnityEngine.LogType,object) (at /Users/bokken/build/output/unity/unity/Runtime/Export/Logging/Logger.cs:60)
UnityEngine.Debug:Log (object) (at /Users/bokken/build/output/unity/unity/Runtime/Export/Debug/Debug.bindings.cs:123)
PerfScenario:StartRecorders () (at /Users/philipp/Projects/3DTD/3DTD/3DTD/Assets/Scripts/Diagnostics/PerfScenario.cs:747)
PerfScenario/<Start>d__43:MoveNext () (at /Users/philipp/Projects/3DTD/3DTD/3DTD/Assets/Scripts/Diagnostics/PerfScenario.cs:292)
UnityEngine.SetupCoroutine:InvokeMoveNext (System.Collections.IEnumerator,intptr) (at /Users/bokken/build/output/unity/unity/Runtime/Export/Scripting/Coroutines.cs:17)

(Filename: /Users/bokken/build/output/unity/unity/Runtime/Export/Debug/Debug.bindings.cs Line: 123)

PERF MARKER Render / Gfx.RequestAsyncReadbackData
UnityEngine.Debug:ExtractStackTraceNoAlloc (byte*,int,string)
UnityEngine.StackTraceUtility:ExtractStackTrace () (at /Users/bokken/build/output/unity/unity/Runtime/Export/Scripting/StackTrace.cs:35)
UnityEngine.DebugLogHandler:Internal_Log (UnityEngine.LogType,UnityEngine.LogOption,string,UnityEngine.Object)
UnityEngine.DebugLogHandler:LogFormat (UnityEngine.LogType,UnityEngine.Object,string,object[]) (at /Users/bokken/build/output/unity/unity/Runtime/Export/Logging/DebugLogHandler.cs:9)
UnityEngine.Logger:Log (UnityEngine.LogType,object) (at /Users/bokken/build/output/unity/unity/Runtime/Export/Logging/Logger.cs:60)
UnityEngine.Debug:Log (object) (at /Users/bokken/build/output/unity/unity/Runtime/Export/Debug/Debug.bindings.cs:123)
PerfScenario:StartRecorders () (at /Users/philipp/Projects/3DTD/3DTD/3DTD/Assets/Scripts/Diagnostics/PerfScenario.cs:747)
PerfScenario/<Start>d__43:MoveNext () (at /Users/philipp/Projects/3DTD/3DTD/3DTD/Assets/Scripts/Diagnostics/PerfScenario.cs:292)
UnityEngine.SetupCoroutine:InvokeMoveNext (System.Collections.IEnumerator,intptr) (at /Users/bokken/build/output/unity/unity/Runtime/Export/Scripting/Coroutines.cs:17)

(Filename: /Users/bokken/build/output/unity/unity/Runtime/Export/Debug/Debug.bindings.cs Line: 123)

PERF MARKER Render / Gfx.InitializeBuffer
UnityEngine.Debug:ExtractStackTraceNoAlloc (byte*,int,string)
UnityEngine.StackTraceUtility:ExtractStackTrace () (at /Users/bokken/build/output/unity/unity/Runtime/Export/Scripting/StackTrace.cs:35)
UnityEngine.DebugLogHandler:Internal_Log (UnityEngine.LogType,UnityEngine.LogOption,string,UnityEngine.Object)
UnityEngine.DebugLogHandler:LogFormat (UnityEngine.LogType,UnityEngine.Object,string,object[]) (at /Users/bokken/build/output/unity/unity/Runtime/Export/Logging/DebugLogHandler.cs:9)
UnityEngine.Logger:Log (UnityEngine.LogType,object) (at /Users/bokken/build/output/unity/unity/Runtime/Export/Logging/Logger.cs:60)
UnityEngine.Debug:Log (object) (at /Users/bokken/build/output/unity/unity/Runtime/Export/Debug/Debug.bindings.cs:123)
PerfScenario:StartRecorders () (at /Users/philipp/Projects/3DTD/3DTD/3DTD/Assets/Scripts/Diagnostics/PerfScenario.cs:747)
PerfScenario/<Start>d__43:MoveNext () (at /Users/philipp/Projects/3DTD/3DTD/3DTD/Assets/Scripts/Diagnostics/PerfScenario.cs:292)
UnityEngine.SetupCoroutine:InvokeMoveNext (System.Collections.IEnumerator,intptr) (at /Users/bokken/build/output/unity/unity/Runtime/Export/Scripting/Coroutines.cs:17)

(Filename: /Users/bokken/build/output/unity/unity/Runtime/Export/Debug/Debug.bindings.cs Line: 123)

PERF MARKER Render / Gfx.UploadTexture
UnityEngine.Debug:ExtractStackTraceNoAlloc (byte*,int,string)
UnityEngine.StackTraceUtility:ExtractStackTrace () (at /Users/bokken/build/output/unity/unity/Runtime/Export/Scripting/StackTrace.cs:35)
UnityEngine.DebugLogHandler:Internal_Log (UnityEngine.LogType,UnityEngine.LogOption,string,UnityEngine.Object)
UnityEngine.DebugLogHandler:LogFormat (UnityEngine.LogType,UnityEngine.Object,string,object[]) (at /Users/bokken/build/output/unity/unity/Runtime/Export/Logging/DebugLogHandler.cs:9)
UnityEngine.Logger:Log (UnityEngine.LogType,object) (at /Users/bokken/build/output/unity/unity/Runtime/Export/Logging/Logger.cs:60)
UnityEngine.Debug:Log (object) (at /Users/bokken/build/output/unity/unity/Runtime/Export/Debug/Debug.bindings.cs:123)
PerfScenario:StartRecorders () (at /Users/philipp/Projects/3DTD/3DTD/3DTD/Assets/Scripts/Diagnostics/PerfScenario.cs:747)
PerfScenario/<Start>d__43:MoveNext () (at /Users/philipp/Projects/3DTD/3DTD/3DTD/Assets/Scripts/Diagnostics/PerfScenario.cs:292)
UnityEngine.SetupCoroutine:InvokeMoveNext (System.Collections.IEnumerator,intptr) (at /Users/bokken/build/output/unity/unity/Runtime/Export/Scripting/Coroutines.cs:17)

(Filename: /Users/bokken/build/output/unity/unity/Runtime/Export/Debug/Debug.bindings.cs Line: 123)

PERF MARKER Render / GfxDeviceUGK.EndAsyncJobFrame
UnityEngine.Debug:ExtractStackTraceNoAlloc (byte*,int,string)
UnityEngine.StackTraceUtility:ExtractStackTrace () (at /Users/bokken/build/output/unity/unity/Runtime/Export/Scripting/StackTrace.cs:35)
UnityEngine.DebugLogHandler:Internal_Log (UnityEngine.LogType,UnityEngine.LogOption,string,UnityEngine.Object)
UnityEngine.DebugLogHandler:LogFormat (UnityEngine.LogType,UnityEngine.Object,string,object[]) (at /Users/bokken/build/output/unity/unity/Runtime/Export/Logging/DebugLogHandler.cs:9)
UnityEngine.Logger:Log (UnityEngine.LogType,object) (at /Users/bokken/build/output/unity/unity/Runtime/Export/Logging/Logger.cs:60)
UnityEngine.Debug:Log (object) (at /Users/bokken/build/output/unity/unity/Runtime/Export/Debug/Debug.bindings.cs:123)
PerfScenario:StartRecorders () (at /Users/philipp/Projects/3DTD/3DTD/3DTD/Assets/Scripts/Diagnostics/PerfScenario.cs:747)
PerfScenario/<Start>d__43:MoveNext () (at /Users/philipp/Projects/3DTD/3DTD/3DTD/Assets/Scripts/Diagnostics/PerfScenario.cs:292)
UnityEngine.SetupCoroutine:InvokeMoveNext (System.Collections.IEnumerator,intptr) (at /Users/bokken/build/output/unity/unity/Runtime/Export/Scripting/Coroutines.cs:17)

(Filename: /Users/bokken/build/output/unity/unity/Runtime/Export/Debug/Debug.bindings.cs Line: 123)

PERF MARKER Internal / Gfx.WaitForGfxCommandWriteSpace
UnityEngine.Debug:ExtractStackTraceNoAlloc (byte*,int,string)
UnityEngine.StackTraceUtility:ExtractStackTrace () (at /Users/bokken/build/output/unity/unity/Runtime/Export/Scripting/StackTrace.cs:35)
UnityEngine.DebugLogHandler:Internal_Log (UnityEngine.LogType,UnityEngine.LogOption,string,UnityEngine.Object)
UnityEngine.DebugLogHandler:LogFormat (UnityEngine.LogType,UnityEngine.Object,string,object[]) (at /Users/bokken/build/output/unity/unity/Runtime/Export/Logging/DebugLogHandler.cs:9)
UnityEngine.Logger:Log (UnityEngine.LogType,object) (at /Users/bokken/build/output/unity/unity/Runtime/Export/Logging/Logger.cs:60)
UnityEngine.Debug:Log (object) (at /Users/bokken/build/output/unity/unity/Runtime/Export/Debug/Debug.bindings.cs:123)
PerfScenario:StartRecorders () (at /Users/philipp/Projects/3DTD/3DTD/3DTD/Assets/Scripts/Diagnostics/PerfScenario.cs:747)
PerfScenario/<Start>d__43:MoveNext () (at /Users/philipp/Projects/3DTD/3DTD/3DTD/Assets/Scripts/Diagnostics/PerfScenario.cs:292)
UnityEngine.SetupCoroutine:InvokeMoveNext (System.Collections.IEnumerator,intptr) (at /Users/bokken/build/output/unity/unity/Runtime/Export/Scripting/Coroutines.cs:17)

(Filename: /Users/bokken/build/output/unity/unity/Runtime/Export/Debug/Debug.bindings.cs Line: 123)

PERF MARKER Internal / Gfx.WaitForGfxCommandsFromMainThread
UnityEngine.Debug:ExtractStackTraceNoAlloc (byte*,int,string)
UnityEngine.StackTraceUtility:ExtractStackTrace () (at /Users/bokken/build/output/unity/unity/Runtime/Export/Scripting/StackTrace.cs:35)
UnityEngine.DebugLogHandler:Internal_Log (UnityEngine.LogType,UnityEngine.LogOption,string,UnityEngine.Object)
UnityEngine.DebugLogHandler:LogFormat (UnityEngine.LogType,UnityEngine.Object,string,object[]) (at /Users/bokken/build/output/unity/unity/Runtime/Export/Logging/DebugLogHandler.cs:9)
UnityEngine.Logger:Log (UnityEngine.LogType,object) (at /Users/bokken/build/output/unity/unity/Runtime/Export/Logging/Logger.cs:60)
UnityEngine.Debug:Log (object) (at /Users/bokken/build/output/unity/unity/Runtime/Export/Debug/Debug.bindings.cs:123)
PerfScenario:StartRecorders () (at /Users/philipp/Projects/3DTD/3DTD/3DTD/Assets/Scripts/Diagnostics/PerfScenario.cs:747)
PerfScenario/<Start>d__43:MoveNext () (at /Users/philipp/Projects/3DTD/3DTD/3DTD/Assets/Scripts/Diagnostics/PerfScenario.cs:292)
UnityEngine.SetupCoroutine:InvokeMoveNext (System.Collections.IEnumerator,intptr) (at /Users/bokken/build/output/unity/unity/Runtime/Export/Scripting/Coroutines.cs:17)

(Filename: /Users/bokken/build/output/unity/unity/Runtime/Export/Debug/Debug.bindings.cs Line: 123)

PERF MARKER Render / Gfx.EndAsyncJobFrame
UnityEngine.Debug:ExtractStackTraceNoAlloc (byte*,int,string)
UnityEngine.StackTraceUtility:ExtractStackTrace () (at /Users/bokken/build/output/unity/unity/Runtime/Export/Scripting/StackTrace.cs:35)
UnityEngine.DebugLogHandler:Internal_Log (UnityEngine.LogType,UnityEngine.LogOption,string,UnityEngine.Object)
UnityEngine.DebugLogHandler:LogFormat (UnityEngine.LogType,UnityEngine.Object,string,object[]) (at /Users/bokken/build/output/unity/unity/Runtime/Export/Logging/DebugLogHandler.cs:9)
UnityEngine.Logger:Log (UnityEngine.LogType,object) (at /Users/bokken/build/output/unity/unity/Runtime/Export/Logging/Logger.cs:60)
UnityEngine.Debug:Log (object) (at /Users/bokken/build/output/unity/unity/Runtime/Export/Debug/Debug.bindings.cs:123)
PerfScenario:StartRecorders () (at /Users/philipp/Projects/3DTD/3DTD/3DTD/Assets/Scripts/Diagnostics/PerfScenario.cs:747)
PerfScenario/<Start>d__43:MoveNext () (at /Users/philipp/Projects/3DTD/3DTD/3DTD/Assets/Scripts/Diagnostics/PerfScenario.cs:292)
UnityEngine.SetupCoroutine:InvokeMoveNext (System.Collections.IEnumerator,intptr) (at /Users/bokken/build/output/unity/unity/Runtime/Export/Scripting/Coroutines.cs:17)

(Filename: /Users/bokken/build/output/unity/unity/Runtime/Export/Debug/Debug.bindings.cs Line: 123)

PERF MARKER Render / Gfx.GetComputeBufferData_Request
UnityEngine.Debug:ExtractStackTraceNoAlloc (byte*,int,string)
UnityEngine.StackTraceUtility:ExtractStackTrace () (at /Users/bokken/build/output/unity/unity/Runtime/Export/Scripting/StackTrace.cs:35)
UnityEngine.DebugLogHandler:Internal_Log (UnityEngine.LogType,UnityEngine.LogOption,string,UnityEngine.Object)
UnityEngine.DebugLogHandler:LogFormat (UnityEngine.LogType,UnityEngine.Object,string,object[]) (at /Users/bokken/build/output/unity/unity/Runtime/Export/Logging/DebugLogHandler.cs:9)
UnityEngine.Logger:Log (UnityEngine.LogType,object) (at /Users/bokken/build/output/unity/unity/Runtime/Export/Logging/Logger.cs:60)
UnityEngine.Debug:Log (object) (at /Users/bokken/build/output/unity/unity/Runtime/Export/Debug/Debug.bindings.cs:123)
PerfScenario:StartRecorders () (at /Users/philipp/Projects/3DTD/3DTD/3DTD/Assets/Scripts/Diagnostics/PerfScenario.cs:747)
PerfScenario/<Start>d__43:MoveNext () (at /Users/philipp/Projects/3DTD/3DTD/3DTD/Assets/Scripts/Diagnostics/PerfScenario.cs:292)
UnityEngine.SetupCoroutine:InvokeMoveNext (System.Collections.IEnumerator,intptr) (at /Users/bokken/build/output/unity/unity/Runtime/Export/Scripting/Coroutines.cs:17)

(Filename: /Users/bokken/build/output/unity/unity/Runtime/Export/Debug/Debug.bindings.cs Line: 123)

PERF MARKER Render / Gfx.ReadbackImage
UnityEngine.Debug:ExtractStackTraceNoAlloc (byte*,int,string)
UnityEngine.StackTraceUtility:ExtractStackTrace () (at /Users/bokken/build/output/unity/unity/Runtime/Export/Scripting/StackTrace.cs:35)
UnityEngine.DebugLogHandler:Internal_Log (UnityEngine.LogType,UnityEngine.LogOption,string,UnityEngine.Object)
UnityEngine.DebugLogHandler:LogFormat (UnityEngine.LogType,UnityEngine.Object,string,object[]) (at /Users/bokken/build/output/unity/unity/Runtime/Export/Logging/DebugLogHandler.cs:9)
UnityEngine.Logger:Log (UnityEngine.LogType,object) (at /Users/bokken/build/output/unity/unity/Runtime/Export/Logging/Logger.cs:60)
UnityEngine.Debug:Log (object) (at /Users/bokken/build/output/unity/unity/Runtime/Export/Debug/Debug.bindings.cs:123)
PerfScenario:StartRecorders () (at /Users/philipp/Projects/3DTD/3DTD/3DTD/Assets/Scripts/Diagnostics/PerfScenario.cs:747)
PerfScenario/<Start>d__43:MoveNext () (at /Users/philipp/Projects/3DTD/3DTD/3DTD/Assets/Scripts/Diagnostics/PerfScenario.cs:292)
UnityEngine.SetupCoroutine:InvokeMoveNext (System.Collections.IEnumerator,intptr) (at /Users/bokken/build/output/unity/unity/Runtime/Export/Scripting/Coroutines.cs:17)

(Filename: /Users/bokken/build/output/unity/unity/Runtime/Export/Debug/Debug.bindings.cs Line: 123)

PERF MARKER Render / Gfx.CaptureScreenshot
UnityEngine.Debug:ExtractStackTraceNoAlloc (byte*,int,string)
UnityEngine.StackTraceUtility:ExtractStackTrace () (at /Users/bokken/build/output/unity/unity/Runtime/Export/Scripting/StackTrace.cs:35)
UnityEngine.DebugLogHandler:Internal_Log (UnityEngine.LogType,UnityEngine.LogOption,string,UnityEngine.Object)
UnityEngine.DebugLogHandler:LogFormat (UnityEngine.LogType,UnityEngine.Object,string,object[]) (at /Users/bokken/build/output/unity/unity/Runtime/Export/Logging/DebugLogHandler.cs:9)
UnityEngine.Logger:Log (UnityEngine.LogType,object) (at /Users/bokken/build/output/unity/unity/Runtime/Export/Logging/Logger.cs:60)
UnityEngine.Debug:Log (object) (at /Users/bokken/build/output/unity/unity/Runtime/Export/Debug/Debug.bindings.cs:123)
PerfScenario:StartRecorders () (at /Users/philipp/Projects/3DTD/3DTD/3DTD/Assets/Scripts/Diagnostics/PerfScenario.cs:747)
PerfScenario/<Start>d__43:MoveNext () (at /Users/philipp/Projects/3DTD/3DTD/3DTD/Assets/Scripts/Diagnostics/PerfScenario.cs:292)
UnityEngine.SetupCoroutine:InvokeMoveNext (System.Collections.IEnumerator,intptr) (at /Users/bokken/build/output/unity/unity/Runtime/Export/Scripting/Coroutines.cs:17)

(Filename: /Users/bokken/build/output/unity/unity/Runtime/Export/Debug/Debug.bindings.cs Line: 123)

PERF MARKER Render / Gfx.FinishRendering
UnityEngine.Debug:ExtractStackTraceNoAlloc (byte*,int,string)
UnityEngine.StackTraceUtility:ExtractStackTrace () (at /Users/bokken/build/output/unity/unity/Runtime/Export/Scripting/StackTrace.cs:35)
UnityEngine.DebugLogHandler:Internal_Log (UnityEngine.LogType,UnityEngine.LogOption,string,UnityEngine.Object)
UnityEngine.DebugLogHandler:LogFormat (UnityEngine.LogType,UnityEngine.Object,string,object[]) (at /Users/bokken/build/output/unity/unity/Runtime/Export/Logging/DebugLogHandler.cs:9)
UnityEngine.Logger:Log (UnityEngine.LogType,object) (at /Users/bokken/build/output/unity/unity/Runtime/Export/Logging/Logger.cs:60)
UnityEngine.Debug:Log (object) (at /Users/bokken/build/output/unity/unity/Runtime/Export/Debug/Debug.bindings.cs:123)
PerfScenario:StartRecorders () (at /Users/philipp/Projects/3DTD/3DTD/3DTD/Assets/Scripts/Diagnostics/PerfScenario.cs:747)
PerfScenario/<Start>d__43:MoveNext () (at /Users/philipp/Projects/3DTD/3DTD/3DTD/Assets/Scripts/Diagnostics/PerfScenario.cs:292)
UnityEngine.SetupCoroutine:InvokeMoveNext (System.Collections.IEnumerator,intptr) (at /Users/bokken/build/output/unity/unity/Runtime/Export/Scripting/Coroutines.cs:17)

(Filename: /Users/bokken/build/output/unity/unity/Runtime/Export/Debug/Debug.bindings.cs Line: 123)

PERF MARKER Render / Gfx.WaitForRenderThread
UnityEngine.Debug:ExtractStackTraceNoAlloc (byte*,int,string)
UnityEngine.StackTraceUtility:ExtractStackTrace () (at /Users/bokken/build/output/unity/unity/Runtime/Export/Scripting/StackTrace.cs:35)
UnityEngine.DebugLogHandler:Internal_Log (UnityEngine.LogType,UnityEngine.LogOption,string,UnityEngine.Object)
UnityEngine.DebugLogHandler:LogFormat (UnityEngine.LogType,UnityEngine.Object,string,object[]) (at /Users/bokken/build/output/unity/unity/Runtime/Export/Logging/DebugLogHandler.cs:9)
UnityEngine.Logger:Log (UnityEngine.LogType,object) (at /Users/bokken/build/output/unity/unity/Runtime/Export/Logging/Logger.cs:60)
UnityEngine.Debug:Log (object) (at /Users/bokken/build/output/unity/unity/Runtime/Export/Debug/Debug.bindings.cs:123)
PerfScenario:StartRecorders () (at /Users/philipp/Projects/3DTD/3DTD/3DTD/Assets/Scripts/Diagnostics/PerfScenario.cs:747)
PerfScenario/<Start>d__43:MoveNext () (at /Users/philipp/Projects/3DTD/3DTD/3DTD/Assets/Scripts/Diagnostics/PerfScenario.cs:292)
UnityEngine.SetupCoroutine:InvokeMoveNext (System.Collections.IEnumerator,intptr) (at /Users/bokken/build/output/unity/unity/Runtime/Export/Scripting/Coroutines.cs:17)

(Filename: /Users/bokken/build/output/unity/unity/Runtime/Export/Debug/Debug.bindings.cs Line: 123)

PERF MARKER Render / Gfx.WaitForPresentOnGfxThread
UnityEngine.Debug:ExtractStackTraceNoAlloc (byte*,int,string)
UnityEngine.StackTraceUtility:ExtractStackTrace () (at /Users/bokken/build/output/unity/unity/Runtime/Export/Scripting/StackTrace.cs:35)
UnityEngine.DebugLogHandler:Internal_Log (UnityEngine.LogType,UnityEngine.LogOption,string,UnityEngine.Object)
UnityEngine.DebugLogHandler:LogFormat (UnityEngine.LogType,UnityEngine.Object,string,object[]) (at /Users/bokken/build/output/unity/unity/Runtime/Export/Logging/DebugLogHandler.cs:9)
UnityEngine.Logger:Log (UnityEngine.LogType,object) (at /Users/bokken/build/output/unity/unity/Runtime/Export/Logging/Logger.cs:60)
UnityEngine.Debug:Log (object) (at /Users/bokken/build/output/unity/unity/Runtime/Export/Debug/Debug.bindings.cs:123)
PerfScenario:StartRecorders () (at /Users/philipp/Projects/3DTD/3DTD/3DTD/Assets/Scripts/Diagnostics/PerfScenario.cs:747)
PerfScenario/<Start>d__43:MoveNext () (at /Users/philipp/Projects/3DTD/3DTD/3DTD/Assets/Scripts/Diagnostics/PerfScenario.cs:292)
UnityEngine.SetupCoroutine:InvokeMoveNext (System.Collections.IEnumerator,intptr) (at /Users/bokken/build/output/unity/unity/Runtime/Export/Scripting/Coroutines.cs:17)

(Filename: /Users/bokken/build/output/unity/unity/Runtime/Export/Debug/Debug.bindings.cs Line: 123)

PERF MARKER Lighting / EnlightenRuntimeManager.SyncRuntimeData
UnityEngine.Debug:ExtractStackTraceNoAlloc (byte*,int,string)
UnityEngine.StackTraceUtility:ExtractStackTrace () (at /Users/bokken/build/output/unity/unity/Runtime/Export/Scripting/StackTrace.cs:35)
UnityEngine.DebugLogHandler:Internal_Log (UnityEngine.LogType,UnityEngine.LogOption,string,UnityEngine.Object)
UnityEngine.DebugLogHandler:LogFormat (UnityEngine.LogType,UnityEngine.Object,string,object[]) (at /Users/bokken/build/output/unity/unity/Runtime/Export/Logging/DebugLogHandler.cs:9)
UnityEngine.Logger:Log (UnityEngine.LogType,object) (at /Users/bokken/build/output/unity/unity/Runtime/Export/Logging/Logger.cs:60)
UnityEngine.Debug:Log (object) (at /Users/bokken/build/output/unity/unity/Runtime/Export/Debug/Debug.bindings.cs:123)
PerfScenario:StartRecorders () (at /Users/philipp/Projects/3DTD/3DTD/3DTD/Assets/Scripts/Diagnostics/PerfScenario.cs:747)
PerfScenario/<Start>d__43:MoveNext () (at /Users/philipp/Projects/3DTD/3DTD/3DTD/Assets/Scripts/Diagnostics/PerfScenario.cs:292)
UnityEngine.SetupCoroutine:InvokeMoveNext (System.Collections.IEnumerator,intptr) (at /Users/bokken/build/output/unity/unity/Runtime/Export/Scripting/Coroutines.cs:17)

(Filename: /Users/bokken/build/output/unity/unity/Runtime/Export/Debug/Debug.bindings.cs Line: 123)

PERF MARKER Lighting / EnlightenRuntimeManager.UpdateGpuTexture
UnityEngine.Debug:ExtractStackTraceNoAlloc (byte*,int,string)
UnityEngine.StackTraceUtility:ExtractStackTrace () (at /Users/bokken/build/output/unity/unity/Runtime/Export/Scripting/StackTrace.cs:35)
UnityEngine.DebugLogHandler:Internal_Log (UnityEngine.LogType,UnityEngine.LogOption,string,UnityEngine.Object)
UnityEngine.DebugLogHandler:LogFormat (UnityEngine.LogType,UnityEngine.Object,string,object[]) (at /Users/bokken/build/output/unity/unity/Runtime/Export/Logging/DebugLogHandler.cs:9)
UnityEngine.Logger:Log (UnityEngine.LogType,object) (at /Users/bokken/build/output/unity/unity/Runtime/Export/Logging/Logger.cs:60)
UnityEngine.Debug:Log (object) (at /Users/bokken/build/output/unity/unity/Runtime/Export/Debug/Debug.bindings.cs:123)
PerfScenario:StartRecorders () (at /Users/philipp/Projects/3DTD/3DTD/3DTD/Assets/Scripts/Diagnostics/PerfScenario.cs:747)
PerfScenario/<Start>d__43:MoveNext () (at /Users/philipp/Projects/3DTD/3DTD/3DTD/Assets/Scripts/Diagnostics/PerfScenario.cs:292)
UnityEngine.SetupCoroutine:InvokeMoveNext (System.Collections.IEnumerator,intptr) (at /Users/bokken/build/output/unity/unity/Runtime/Export/Scripting/Coroutines.cs:17)

(Filename: /Users/bokken/build/output/unity/unity/Runtime/Export/Debug/Debug.bindings.cs Line: 123)

PERF MARKER Lighting / EnlightenRuntimeManager.UpdateMaterialsScheduledAsync
UnityEngine.Debug:ExtractStackTraceNoAlloc (byte*,int,string)
UnityEngine.StackTraceUtility:ExtractStackTrace () (at /Users/bokken/build/output/unity/unity/Runtime/Export/Scripting/StackTrace.cs:35)
UnityEngine.DebugLogHandler:Internal_Log (UnityEngine.LogType,UnityEngine.LogOption,string,UnityEngine.Object)
UnityEngine.DebugLogHandler:LogFormat (UnityEngine.LogType,UnityEngine.Object,string,object[]) (at /Users/bokken/build/output/unity/unity/Runtime/Export/Logging/DebugLogHandler.cs:9)
UnityEngine.Logger:Log (UnityEngine.LogType,object) (at /Users/bokken/build/output/unity/unity/Runtime/Export/Logging/Logger.cs:60)
UnityEngine.Debug:Log (object) (at /Users/bokken/build/output/unity/unity/Runtime/Export/Debug/Debug.bindings.cs:123)
PerfScenario:StartRecorders () (at /Users/philipp/Projects/3DTD/3DTD/3DTD/Assets/Scripts/Diagnostics/PerfScenario.cs:747)
PerfScenario/<Start>d__43:MoveNext () (at /Users/philipp/Projects/3DTD/3DTD/3DTD/Assets/Scripts/Diagnostics/PerfScenario.cs:292)
UnityEngine.SetupCoroutine:InvokeMoveNext (System.Collections.IEnumerator,intptr) (at /Users/bokken/build/output/unity/unity/Runtime/Export/Scripting/Coroutines.cs:17)

(Filename: /Users/bokken/build/output/unity/unity/Runtime/Export/Debug/Debug.bindings.cs Line: 123)

PERF MARKER Render / FrameTime.GPU
UnityEngine.Debug:ExtractStackTraceNoAlloc (byte*,int,string)
UnityEngine.StackTraceUtility:ExtractStackTrace () (at /Users/bokken/build/output/unity/unity/Runtime/Export/Scripting/StackTrace.cs:35)
UnityEngine.DebugLogHandler:Internal_Log (UnityEngine.LogType,UnityEngine.LogOption,string,UnityEngine.Object)
UnityEngine.DebugLogHandler:LogFormat (UnityEngine.LogType,UnityEngine.Object,string,object[]) (at /Users/bokken/build/output/unity/unity/Runtime/Export/Logging/DebugLogHandler.cs:9)
UnityEngine.Logger:Log (UnityEngine.LogType,object) (at /Users/bokken/build/output/unity/unity/Runtime/Export/Logging/Logger.cs:60)
UnityEngine.Debug:Log (object) (at /Users/bokken/build/output/unity/unity/Runtime/Export/Debug/Debug.bindings.cs:123)
PerfScenario:StartRecorders () (at /Users/philipp/Projects/3DTD/3DTD/3DTD/Assets/Scripts/Diagnostics/PerfScenario.cs:747)
PerfScenario/<Start>d__43:MoveNext () (at /Users/philipp/Projects/3DTD/3DTD/3DTD/Assets/Scripts/Diagnostics/PerfScenario.cs:292)
UnityEngine.SetupCoroutine:InvokeMoveNext (System.Collections.IEnumerator,intptr) (at /Users/bokken/build/output/unity/unity/Runtime/Export/Scripting/Coroutines.cs:17)

(Filename: /Users/bokken/build/output/unity/unity/Runtime/Export/Debug/Debug.bindings.cs Line: 123)

PERF MARKER Render / Gfx.UpdateBufferRanges
UnityEngine.Debug:ExtractStackTraceNoAlloc (byte*,int,string)
UnityEngine.StackTraceUtility:ExtractStackTrace () (at /Users/bokken/build/output/unity/unity/Runtime/Export/Scripting/StackTrace.cs:35)
UnityEngine.DebugLogHandler:Internal_Log (UnityEngine.LogType,UnityEngine.LogOption,string,UnityEngine.Object)
UnityEngine.DebugLogHandler:LogFormat (UnityEngine.LogType,UnityEngine.Object,string,object[]) (at /Users/bokken/build/output/unity/unity/Runtime/Export/Logging/DebugLogHandler.cs:9)
UnityEngine.Logger:Log (UnityEngine.LogType,object) (at /Users/bokken/build/output/unity/unity/Runtime/Export/Logging/Logger.cs:60)
UnityEngine.Debug:Log (object) (at /Users/bokken/build/output/unity/unity/Runtime/Export/Debug/Debug.bindings.cs:123)
PerfScenario:StartRecorders () (at /Users/philipp/Projects/3DTD/3DTD/3DTD/Assets/Scripts/Diagnostics/PerfScenario.cs:747)
PerfScenario/<Start>d__43:MoveNext () (at /Users/philipp/Projects/3DTD/3DTD/3DTD/Assets/Scripts/Diagnostics/PerfScenario.cs:292)
UnityEngine.SetupCoroutine:InvokeMoveNext (System.Collections.IEnumerator,intptr) (at /Users/bokken/build/output/unity/unity/Runtime/Export/Scripting/Coroutines.cs:17)

(Filename: /Users/bokken/build/output/unity/unity/Runtime/Export/Debug/Debug.bindings.cs Line: 123)

PERF MARKER Render / Gfx.EndTextureWrite
UnityEngine.Debug:ExtractStackTraceNoAlloc (byte*,int,string)
UnityEngine.StackTraceUtility:ExtractStackTrace () (at /Users/bokken/build/output/unity/unity/Runtime/Export/Scripting/StackTrace.cs:35)
UnityEngine.DebugLogHandler:Internal_Log (UnityEngine.LogType,UnityEngine.LogOption,string,UnityEngine.Object)
UnityEngine.DebugLogHandler:LogFormat (UnityEngine.LogType,UnityEngine.Object,string,object[]) (at /Users/bokken/build/output/unity/unity/Runtime/Export/Logging/DebugLogHandler.cs:9)
UnityEngine.Logger:Log (UnityEngine.LogType,object) (at /Users/bokken/build/output/unity/unity/Runtime/Export/Logging/Logger.cs:60)
UnityEngine.Debug:Log (object) (at /Users/bokken/build/output/unity/unity/Runtime/Export/Debug/Debug.bindings.cs:123)
PerfScenario:StartRecorders () (at /Users/philipp/Projects/3DTD/3DTD/3DTD/Assets/Scripts/Diagnostics/PerfScenario.cs:747)
PerfScenario/<Start>d__43:MoveNext () (at /Users/philipp/Projects/3DTD/3DTD/3DTD/Assets/Scripts/Diagnostics/PerfScenario.cs:292)
UnityEngine.SetupCoroutine:InvokeMoveNext (System.Collections.IEnumerator,intptr) (at /Users/bokken/build/output/unity/unity/Runtime/Export/Scripting/Coroutines.cs:17)

(Filename: /Users/bokken/build/output/unity/unity/Runtime/Export/Debug/Debug.bindings.cs Line: 123)

PERF MARKER Render / Gfx.BeginTextureWrite
UnityEngine.Debug:ExtractStackTraceNoAlloc (byte*,int,string)
UnityEngine.StackTraceUtility:ExtractStackTrace () (at /Users/bokken/build/output/unity/unity/Runtime/Export/Scripting/StackTrace.cs:35)
UnityEngine.DebugLogHandler:Internal_Log (UnityEngine.LogType,UnityEngine.LogOption,string,UnityEngine.Object)
UnityEngine.DebugLogHandler:LogFormat (UnityEngine.LogType,UnityEngine.Object,string,object[]) (at /Users/bokken/build/output/unity/unity/Runtime/Export/Logging/DebugLogHandler.cs:9)
UnityEngine.Logger:Log (UnityEngine.LogType,object) (at /Users/bokken/build/output/unity/unity/Runtime/Export/Logging/Logger.cs:60)
UnityEngine.Debug:Log (object) (at /Users/bokken/build/output/unity/unity/Runtime/Export/Debug/Debug.bindings.cs:123)
PerfScenario:StartRecorders () (at /Users/philipp/Projects/3DTD/3DTD/3DTD/Assets/Scripts/Diagnostics/PerfScenario.cs:747)
PerfScenario/<Start>d__43:MoveNext () (at /Users/philipp/Projects/3DTD/3DTD/3DTD/Assets/Scripts/Diagnostics/PerfScenario.cs:292)
UnityEngine.SetupCoroutine:InvokeMoveNext (System.Collections.IEnumerator,intptr) (at /Users/bokken/build/output/unity/unity/Runtime/Export/Scripting/Coroutines.cs:17)

(Filename: /Users/bokken/build/output/unity/unity/Runtime/Export/Debug/Debug.bindings.cs Line: 123)

PERF MARKER Render / Gfx.CopyTextureData
UnityEngine.Debug:ExtractStackTraceNoAlloc (byte*,int,string)
UnityEngine.StackTraceUtility:ExtractStackTrace () (at /Users/bokken/build/output/unity/unity/Runtime/Export/Scripting/StackTrace.cs:35)
UnityEngine.DebugLogHandler:Internal_Log (UnityEngine.LogType,UnityEngine.LogOption,string,UnityEngine.Object)
UnityEngine.DebugLogHandler:LogFormat (UnityEngine.LogType,UnityEngine.Object,string,object[]) (at /Users/bokken/build/output/unity/unity/Runtime/Export/Logging/DebugLogHandler.cs:9)
UnityEngine.Logger:Log (UnityEngine.LogType,object) (at /Users/bokken/build/output/unity/unity/Runtime/Export/Logging/Logger.cs:60)
UnityEngine.Debug:Log (object) (at /Users/bokken/build/output/unity/unity/Runtime/Export/Debug/Debug.bindings.cs:123)
PerfScenario:StartRecorders () (at /Users/philipp/Projects/3DTD/3DTD/3DTD/Assets/Scripts/Diagnostics/PerfScenario.cs:747)
PerfScenario/<Start>d__43:MoveNext () (at /Users/philipp/Projects/3DTD/3DTD/3DTD/Assets/Scripts/Diagnostics/PerfScenario.cs:292)
UnityEngine.SetupCoroutine:InvokeMoveNext (System.Collections.IEnumerator,intptr) (at /Users/bokken/build/output/unity/unity/Runtime/Export/Scripting/Coroutines.cs:17)

(Filename: /Users/bokken/build/output/unity/unity/Runtime/Export/Debug/Debug.bindings.cs Line: 123)

PERF MARKER Render / Gfx.UnmapTexture
UnityEngine.Debug:ExtractStackTraceNoAlloc (byte*,int,string)
UnityEngine.StackTraceUtility:ExtractStackTrace () (at /Users/bokken/build/output/unity/unity/Runtime/Export/Scripting/StackTrace.cs:35)
UnityEngine.DebugLogHandler:Internal_Log (UnityEngine.LogType,UnityEngine.LogOption,string,UnityEngine.Object)
UnityEngine.DebugLogHandler:LogFormat (UnityEngine.LogType,UnityEngine.Object,string,object[]) (at /Users/bokken/build/output/unity/unity/Runtime/Export/Logging/DebugLogHandler.cs:9)
UnityEngine.Logger:Log (UnityEngine.LogType,object) (at /Users/bokken/build/output/unity/unity/Runtime/Export/Logging/Logger.cs:60)
UnityEngine.Debug:Log (object) (at /Users/bokken/build/output/unity/unity/Runtime/Export/Debug/Debug.bindings.cs:123)
PerfScenario:StartRecorders () (at /Users/philipp/Projects/3DTD/3DTD/3DTD/Assets/Scripts/Diagnostics/PerfScenario.cs:747)
PerfScenario/<Start>d__43:MoveNext () (at /Users/philipp/Projects/3DTD/3DTD/3DTD/Assets/Scripts/Diagnostics/PerfScenario.cs:292)
UnityEngine.SetupCoroutine:InvokeMoveNext (System.Collections.IEnumerator,intptr) (at /Users/bokken/build/output/unity/unity/Runtime/Export/Scripting/Coroutines.cs:17)

(Filename: /Users/bokken/build/output/unity/unity/Runtime/Export/Debug/Debug.bindings.cs Line: 123)

PERF MARKER Render / Gfx.MapTexture
UnityEngine.Debug:ExtractStackTraceNoAlloc (byte*,int,string)
UnityEngine.StackTraceUtility:ExtractStackTrace () (at /Users/bokken/build/output/unity/unity/Runtime/Export/Scripting/StackTrace.cs:35)
UnityEngine.DebugLogHandler:Internal_Log (UnityEngine.LogType,UnityEngine.LogOption,string,UnityEngine.Object)
UnityEngine.DebugLogHandler:LogFormat (UnityEngine.LogType,UnityEngine.Object,string,object[]) (at /Users/bokken/build/output/unity/unity/Runtime/Export/Logging/DebugLogHandler.cs:9)
UnityEngine.Logger:Log (UnityEngine.LogType,object) (at /Users/bokken/build/output/unity/unity/Runtime/Export/Logging/Logger.cs:60)
UnityEngine.Debug:Log (object) (at /Users/bokken/build/output/unity/unity/Runtime/Export/Debug/Debug.bindings.cs:123)
PerfScenario:StartRecorders () (at /Users/philipp/Projects/3DTD/3DTD/3DTD/Assets/Scripts/Diagnostics/PerfScenario.cs:747)
PerfScenario/<Start>d__43:MoveNext () (at /Users/philipp/Projects/3DTD/3DTD/3DTD/Assets/Scripts/Diagnostics/PerfScenario.cs:292)
UnityEngine.SetupCoroutine:InvokeMoveNext (System.Collections.IEnumerator,intptr) (at /Users/bokken/build/output/unity/unity/Runtime/Export/Scripting/Coroutines.cs:17)

(Filename: /Users/bokken/build/output/unity/unity/Runtime/Export/Debug/Debug.bindings.cs Line: 123)

PERF MARKER Render / Gfx.Reserve
UnityEngine.Debug:ExtractStackTraceNoAlloc (byte*,int,string)
UnityEngine.StackTraceUtility:ExtractStackTrace () (at /Users/bokken/build/output/unity/unity/Runtime/Export/Scripting/StackTrace.cs:35)
UnityEngine.DebugLogHandler:Internal_Log (UnityEngine.LogType,UnityEngine.LogOption,string,UnityEngine.Object)
UnityEngine.DebugLogHandler:LogFormat (UnityEngine.LogType,UnityEngine.Object,string,object[]) (at /Users/bokken/build/output/unity/unity/Runtime/Export/Logging/DebugLogHandler.cs:9)
UnityEngine.Logger:Log (UnityEngine.LogType,object) (at /Users/bokken/build/output/unity/unity/Runtime/Export/Logging/Logger.cs:60)
UnityEngine.Debug:Log (object) (at /Users/bokken/build/output/unity/unity/Runtime/Export/Debug/Debug.bindings.cs:123)
PerfScenario:StartRecorders () (at /Users/philipp/Projects/3DTD/3DTD/3DTD/Assets/Scripts/Diagnostics/PerfScenario.cs:747)
PerfScenario/<Start>d__43:MoveNext () (at /Users/philipp/Projects/3DTD/3DTD/3DTD/Assets/Scripts/Diagnostics/PerfScenario.cs:292)
UnityEngine.SetupCoroutine:InvokeMoveNext (System.Collections.IEnumerator,intptr) (at /Users/bokken/build/output/unity/unity/Runtime/Export/Scripting/Coroutines.cs:17)

(Filename: /Users/bokken/build/output/unity/unity/Runtime/Export/Debug/Debug.bindings.cs Line: 123)

PERF MARKER Render / Gfx.IntegrateTexture
UnityEngine.Debug:ExtractStackTraceNoAlloc (byte*,int,string)
UnityEngine.StackTraceUtility:ExtractStackTrace () (at /Users/bokken/build/output/unity/unity/Runtime/Export/Scripting/StackTrace.cs:35)
UnityEngine.DebugLogHandler:Internal_Log (UnityEngine.LogType,UnityEngine.LogOption,string,UnityEngine.Object)
UnityEngine.DebugLogHandler:LogFormat (UnityEngine.LogType,UnityEngine.Object,string,object[]) (at /Users/bokken/build/output/unity/unity/Runtime/Export/Logging/DebugLogHandler.cs:9)
UnityEngine.Logger:Log (UnityEngine.LogType,object) (at /Users/bokken/build/output/unity/unity/Runtime/Export/Logging/Logger.cs:60)
UnityEngine.Debug:Log (object) (at /Users/bokken/build/output/unity/unity/Runtime/Export/Debug/Debug.bindings.cs:123)
PerfScenario:StartRecorders () (at /Users/philipp/Projects/3DTD/3DTD/3DTD/Assets/Scripts/Diagnostics/PerfScenario.cs:747)
PerfScenario/<Start>d__43:MoveNext () (at /Users/philipp/Projects/3DTD/3DTD/3DTD/Assets/Scripts/Diagnostics/PerfScenario.cs:292)
UnityEngine.SetupCoroutine:InvokeMoveNext (System.Collections.IEnumerator,intptr) (at /Users/bokken/build/output/unity/unity/Runtime/Export/Scripting/Coroutines.cs:17)

(Filename: /Users/bokken/build/output/unity/unity/Runtime/Export/Debug/Debug.bindings.cs Line: 123)

PERF MARKER Render / Gfx.UploadTextureData
UnityEngine.Debug:ExtractStackTraceNoAlloc (byte*,int,string)
UnityEngine.StackTraceUtility:ExtractStackTrace () (at /Users/bokken/build/output/unity/unity/Runtime/Export/Scripting/StackTrace.cs:35)
UnityEngine.DebugLogHandler:Internal_Log (UnityEngine.LogType,UnityEngine.LogOption,string,UnityEngine.Object)
UnityEngine.DebugLogHandler:LogFormat (UnityEngine.LogType,UnityEngine.Object,string,object[]) (at /Users/bokken/build/output/unity/unity/Runtime/Export/Logging/DebugLogHandler.cs:9)
UnityEngine.Logger:Log (UnityEngine.LogType,object) (at /Users/bokken/build/output/unity/unity/Runtime/Export/Logging/Logger.cs:60)
UnityEngine.Debug:Log (object) (at /Users/bokken/build/output/unity/unity/Runtime/Export/Debug/Debug.bindings.cs:123)
PerfScenario:StartRecorders () (at /Users/philipp/Projects/3DTD/3DTD/3DTD/Assets/Scripts/Diagnostics/PerfScenario.cs:747)
PerfScenario/<Start>d__43:MoveNext () (at /Users/philipp/Projects/3DTD/3DTD/3DTD/Assets/Scripts/Diagnostics/PerfScenario.cs:292)
UnityEngine.SetupCoroutine:InvokeMoveNext (System.Collections.IEnumerator,intptr) (at /Users/bokken/build/output/unity/unity/Runtime/Export/Scripting/Coroutines.cs:17)

(Filename: /Users/bokken/build/output/unity/unity/Runtime/Export/Debug/Debug.bindings.cs Line: 123)

PERF MARKER Render / Gfx.CreateTextureThreaded
UnityEngine.Debug:ExtractStackTraceNoAlloc (byte*,int,string)
UnityEngine.StackTraceUtility:ExtractStackTrace () (at /Users/bokken/build/output/unity/unity/Runtime/Export/Scripting/StackTrace.cs:35)
UnityEngine.DebugLogHandler:Internal_Log (UnityEngine.LogType,UnityEngine.LogOption,string,UnityEngine.Object)
UnityEngine.DebugLogHandler:LogFormat (UnityEngine.LogType,UnityEngine.Object,string,object[]) (at /Users/bokken/build/output/unity/unity/Runtime/Export/Logging/DebugLogHandler.cs:9)
UnityEngine.Logger:Log (UnityEngine.LogType,object) (at /Users/bokken/build/output/unity/unity/Runtime/Export/Logging/Logger.cs:60)
UnityEngine.Debug:Log (object) (at /Users/bokken/build/output/unity/unity/Runtime/Export/Debug/Debug.bindings.cs:123)
PerfScenario:StartRecorders () (at /Users/philipp/Projects/3DTD/3DTD/3DTD/Assets/Scripts/Diagnostics/PerfScenario.cs:747)
PerfScenario/<Start>d__43:MoveNext () (at /Users/philipp/Projects/3DTD/3DTD/3DTD/Assets/Scripts/Diagnostics/PerfScenario.cs:292)
UnityEngine.SetupCoroutine:InvokeMoveNext (System.Collections.IEnumerator,intptr) (at /Users/bokken/build/output/unity/unity/Runtime/Export/Scripting/Coroutines.cs:17)

(Filename: /Users/bokken/build/output/unity/unity/Runtime/Export/Debug/Debug.bindings.cs Line: 123)

PERF MARKER Render / Gfx.CreateTexture
UnityEngine.Debug:ExtractStackTraceNoAlloc (byte*,int,string)
UnityEngine.StackTraceUtility:ExtractStackTrace () (at /Users/bokken/build/output/unity/unity/Runtime/Export/Scripting/StackTrace.cs:35)
UnityEngine.DebugLogHandler:Internal_Log (UnityEngine.LogType,UnityEngine.LogOption,string,UnityEngine.Object)
UnityEngine.DebugLogHandler:LogFormat (UnityEngine.LogType,UnityEngine.Object,string,object[]) (at /Users/bokken/build/output/unity/unity/Runtime/Export/Logging/DebugLogHandler.cs:9)
UnityEngine.Logger:Log (UnityEngine.LogType,object) (at /Users/bokken/build/output/unity/unity/Runtime/Export/Logging/Logger.cs:60)
UnityEngine.Debug:Log (object) (at /Users/bokken/build/output/unity/unity/Runtime/Export/Debug/Debug.bindings.cs:123)
PerfScenario:StartRecorders () (at /Users/philipp/Projects/3DTD/3DTD/3DTD/Assets/Scripts/Diagnostics/PerfScenario.cs:747)
PerfScenario/<Start>d__43:MoveNext () (at /Users/philipp/Projects/3DTD/3DTD/3DTD/Assets/Scripts/Diagnostics/PerfScenario.cs:292)
UnityEngine.SetupCoroutine:InvokeMoveNext (System.Collections.IEnumerator,intptr) (at /Users/bokken/build/output/unity/unity/Runtime/Export/Scripting/Coroutines.cs:17)

(Filename: /Users/bokken/build/output/unity/unity/Runtime/Export/Debug/Debug.bindings.cs Line: 123)

PERF MARKER Loading / Texture.WaitForAsyncUpload
UnityEngine.Debug:ExtractStackTraceNoAlloc (byte*,int,string)
UnityEngine.StackTraceUtility:ExtractStackTrace () (at /Users/bokken/build/output/unity/unity/Runtime/Export/Scripting/StackTrace.cs:35)
UnityEngine.DebugLogHandler:Internal_Log (UnityEngine.LogType,UnityEngine.LogOption,string,UnityEngine.Object)
UnityEngine.DebugLogHandler:LogFormat (UnityEngine.LogType,UnityEngine.Object,string,object[]) (at /Users/bokken/build/output/unity/unity/Runtime/Export/Logging/DebugLogHandler.cs:9)
UnityEngine.Logger:Log (UnityEngine.LogType,object) (at /Users/bokken/build/output/unity/unity/Runtime/Export/Logging/Logger.cs:60)
UnityEngine.Debug:Log (object) (at /Users/bokken/build/output/unity/unity/Runtime/Export/Debug/Debug.bindings.cs:123)
PerfScenario:StartRecorders () (at /Users/philipp/Projects/3DTD/3DTD/3DTD/Assets/Scripts/Diagnostics/PerfScenario.cs:747)
PerfScenario/<Start>d__43:MoveNext () (at /Users/philipp/Projects/3DTD/3DTD/3DTD/Assets/Scripts/Diagnostics/PerfScenario.cs:292)
UnityEngine.SetupCoroutine:InvokeMoveNext (System.Collections.IEnumerator,intptr) (at /Users/bokken/build/output/unity/unity/Runtime/Export/Scripting/Coroutines.cs:17)

(Filename: /Users/bokken/build/output/unity/unity/Runtime/Export/Debug/Debug.bindings.cs Line: 123)

PERF MARKER Render / WaitForRenderJobs
UnityEngine.Debug:ExtractStackTraceNoAlloc (byte*,int,string)
UnityEngine.StackTraceUtility:ExtractStackTrace () (at /Users/bokken/build/output/unity/unity/Runtime/Export/Scripting/StackTrace.cs:35)
UnityEngine.DebugLogHandler:Internal_Log (UnityEngine.LogType,UnityEngine.LogOption,string,UnityEngine.Object)
UnityEngine.DebugLogHandler:LogFormat (UnityEngine.LogType,UnityEngine.Object,string,object[]) (at /Users/bokken/build/output/unity/unity/Runtime/Export/Logging/DebugLogHandler.cs:9)
UnityEngine.Logger:Log (UnityEngine.LogType,object) (at /Users/bokken/build/output/unity/unity/Runtime/Export/Logging/Logger.cs:60)
UnityEngine.Debug:Log (object) (at /Users/bokken/build/output/unity/unity/Runtime/Export/Debug/Debug.bindings.cs:123)
PerfScenario:StartRecorders () (at /Users/philipp/Projects/3DTD/3DTD/3DTD/Assets/Scripts/Diagnostics/PerfScenario.cs:747)
PerfScenario/<Start>d__43:MoveNext () (at /Users/philipp/Projects/3DTD/3DTD/3DTD/Assets/Scripts/Diagnostics/PerfScenario.cs:292)
UnityEngine.SetupCoroutine:InvokeMoveNext (System.Collections.IEnumerator,intptr) (at /Users/bokken/build/output/unity/unity/Runtime/Export/Scripting/Coroutines.cs:17)

(Filename: /Users/bokken/build/output/unity/unity/Runtime/Export/Debug/Debug.bindings.cs Line: 123)

PERF MARKER Render / GpuRecorder.FrameTick
UnityEngine.Debug:ExtractStackTraceNoAlloc (byte*,int,string)
UnityEngine.StackTraceUtility:ExtractStackTrace () (at /Users/bokken/build/output/unity/unity/Runtime/Export/Scripting/StackTrace.cs:35)
UnityEngine.DebugLogHandler:Internal_Log (UnityEngine.LogType,UnityEngine.LogOption,string,UnityEngine.Object)
UnityEngine.DebugLogHandler:LogFormat (UnityEngine.LogType,UnityEngine.Object,string,object[]) (at /Users/bokken/build/output/unity/unity/Runtime/Export/Logging/DebugLogHandler.cs:9)
UnityEngine.Logger:Log (UnityEngine.LogType,object) (at /Users/bokken/build/output/unity/unity/Runtime/Export/Logging/Logger.cs:60)
UnityEngine.Debug:Log (object) (at /Users/bokken/build/output/unity/unity/Runtime/Export/Debug/Debug.bindings.cs:123)
PerfScenario:StartRecorders () (at /Users/philipp/Projects/3DTD/3DTD/3DTD/Assets/Scripts/Diagnostics/PerfScenario.cs:747)
PerfScenario/<Start>d__43:MoveNext () (at /Users/philipp/Projects/3DTD/3DTD/3DTD/Assets/Scripts/Diagnostics/PerfScenario.cs:292)
UnityEngine.SetupCoroutine:InvokeMoveNext (System.Collections.IEnumerator,intptr) (at /Users/bokken/build/output/unity/unity/Runtime/Export/Scripting/Coroutines.cs:17)

(Filename: /Users/bokken/build/output/unity/unity/Runtime/Export/Debug/Debug.bindings.cs Line: 123)

PERF MARKER Render / CreateGpuProgram
UnityEngine.Debug:ExtractStackTraceNoAlloc (byte*,int,string)
UnityEngine.StackTraceUtility:ExtractStackTrace () (at /Users/bokken/build/output/unity/unity/Runtime/Export/Scripting/StackTrace.cs:35)
UnityEngine.DebugLogHandler:Internal_Log (UnityEngine.LogType,UnityEngine.LogOption,string,UnityEngine.Object)
UnityEngine.DebugLogHandler:LogFormat (UnityEngine.LogType,UnityEngine.Object,string,object[]) (at /Users/bokken/build/output/unity/unity/Runtime/Export/Logging/DebugLogHandler.cs:9)
UnityEngine.Logger:Log (UnityEngine.LogType,object) (at /Users/bokken/build/output/unity/unity/Runtime/Export/Logging/Logger.cs:60)
UnityEngine.Debug:Log (object) (at /Users/bokken/build/output/unity/unity/Runtime/Export/Debug/Debug.bindings.cs:123)
PerfScenario:StartRecorders () (at /Users/philipp/Projects/3DTD/3DTD/3DTD/Assets/Scripts/Diagnostics/PerfScenario.cs:747)
PerfScenario/<Start>d__43:MoveNext () (at /Users/philipp/Projects/3DTD/3DTD/3DTD/Assets/Scripts/Diagnostics/PerfScenario.cs:292)
UnityEngine.SetupCoroutine:InvokeMoveNext (System.Collections.IEnumerator,intptr) (at /Users/bokken/build/output/unity/unity/Runtime/Export/Scripting/Coroutines.cs:17)

(Filename: /Users/bokken/build/output/unity/unity/Runtime/Export/Debug/Debug.bindings.cs Line: 123)

PERF MARKER Render / Shader.DynamicLoadGPUProgram
UnityEngine.Debug:ExtractStackTraceNoAlloc (byte*,int,string)
UnityEngine.StackTraceUtility:ExtractStackTrace () (at /Users/bokken/build/output/unity/unity/Runtime/Export/Scripting/StackTrace.cs:35)
UnityEngine.DebugLogHandler:Internal_Log (UnityEngine.LogType,UnityEngine.LogOption,string,UnityEngine.Object)
UnityEngine.DebugLogHandler:LogFormat (UnityEngine.LogType,UnityEngine.Object,string,object[]) (at /Users/bokken/build/output/unity/unity/Runtime/Export/Logging/DebugLogHandler.cs:9)
UnityEngine.Logger:Log (UnityEngine.LogType,object) (at /Users/bokken/build/output/unity/unity/Runtime/Export/Logging/Logger.cs:60)
UnityEngine.Debug:Log (object) (at /Users/bokken/build/output/unity/unity/Runtime/Export/Debug/Debug.bindings.cs:123)
PerfScenario:StartRecorders () (at /Users/philipp/Projects/3DTD/3DTD/3DTD/Assets/Scripts/Diagnostics/PerfScenario.cs:747)
PerfScenario/<Start>d__43:MoveNext () (at /Users/philipp/Projects/3DTD/3DTD/3DTD/Assets/Scripts/Diagnostics/PerfScenario.cs:292)
UnityEngine.SetupCoroutine:InvokeMoveNext (System.Collections.IEnumerator,intptr) (at /Users/bokken/build/output/unity/unity/Runtime/Export/Scripting/Coroutines.cs:17)

(Filename: /Users/bokken/build/output/unity/unity/Runtime/Export/Debug/Debug.bindings.cs Line: 123)

PERF MARKER Render / Shader.CompileGPUProgram
UnityEngine.Debug:ExtractStackTraceNoAlloc (byte*,int,string)
UnityEngine.StackTraceUtility:ExtractStackTrace () (at /Users/bokken/build/output/unity/unity/Runtime/Export/Scripting/StackTrace.cs:35)
UnityEngine.DebugLogHandler:Internal_Log (UnityEngine.LogType,UnityEngine.LogOption,string,UnityEngine.Object)
UnityEngine.DebugLogHandler:LogFormat (UnityEngine.LogType,UnityEngine.Object,string,object[]) (at /Users/bokken/build/output/unity/unity/Runtime/Export/Logging/DebugLogHandler.cs:9)
UnityEngine.Logger:Log (UnityEngine.LogType,object) (at /Users/bokken/build/output/unity/unity/Runtime/Export/Logging/Logger.cs:60)
UnityEngine.Debug:Log (object) (at /Users/bokken/build/output/unity/unity/Runtime/Export/Debug/Debug.bindings.cs:123)
PerfScenario:StartRecorders () (at /Users/philipp/Projects/3DTD/3DTD/3DTD/Assets/Scripts/Diagnostics/PerfScenario.cs:747)
PerfScenario/<Start>d__43:MoveNext () (at /Users/philipp/Projects/3DTD/3DTD/3DTD/Assets/Scripts/Diagnostics/PerfScenario.cs:292)
UnityEngine.SetupCoroutine:InvokeMoveNext (System.Collections.IEnumerator,intptr) (at /Users/bokken/build/output/unity/unity/Runtime/Export/Scripting/Coroutines.cs:17)

(Filename: /Users/bokken/build/output/unity/unity/Runtime/Export/Debug/Debug.bindings.cs Line: 123)

PERF MARKER Render / Shader.CreateGPUProgram
UnityEngine.Debug:ExtractStackTraceNoAlloc (byte*,int,string)
UnityEngine.StackTraceUtility:ExtractStackTrace () (at /Users/bokken/build/output/unity/unity/Runtime/Export/Scripting/StackTrace.cs:35)
UnityEngine.DebugLogHandler:Internal_Log (UnityEngine.LogType,UnityEngine.LogOption,string,UnityEngine.Object)
UnityEngine.DebugLogHandler:LogFormat (UnityEngine.LogType,UnityEngine.Object,string,object[]) (at /Users/bokken/build/output/unity/unity/Runtime/Export/Logging/DebugLogHandler.cs:9)
UnityEngine.Logger:Log (UnityEngine.LogType,object) (at /Users/bokken/build/output/unity/unity/Runtime/Export/Logging/Logger.cs:60)
UnityEngine.Debug:Log (object) (at /Users/bokken/build/output/unity/unity/Runtime/Export/Debug/Debug.bindings.cs:123)
PerfScenario:StartRecorders () (at /Users/philipp/Projects/3DTD/3DTD/3DTD/Assets/Scripts/Diagnostics/PerfScenario.cs:747)
PerfScenario/<Start>d__43:MoveNext () (at /Users/philipp/Projects/3DTD/3DTD/3DTD/Assets/Scripts/Diagnostics/PerfScenario.cs:292)
UnityEngine.SetupCoroutine:InvokeMoveNext (System.Collections.IEnumerator,intptr) (at /Users/bokken/build/output/unity/unity/Runtime/Export/Scripting/Coroutines.cs:17)

(Filename: /Users/bokken/build/output/unity/unity/Runtime/Export/Debug/Debug.bindings.cs Line: 123)

PERF MARKER Render / Shader.DynamicLoadGPUProgram
UnityEngine.Debug:ExtractStackTraceNoAlloc (byte*,int,string)
UnityEngine.StackTraceUtility:ExtractStackTrace () (at /Users/bokken/build/output/unity/unity/Runtime/Export/Scripting/StackTrace.cs:35)
UnityEngine.DebugLogHandler:Internal_Log (UnityEngine.LogType,UnityEngine.LogOption,string,UnityEngine.Object)
UnityEngine.DebugLogHandler:LogFormat (UnityEngine.LogType,UnityEngine.Object,string,object[]) (at /Users/bokken/build/output/unity/unity/Runtime/Export/Logging/DebugLogHandler.cs:9)
UnityEngine.Logger:Log (UnityEngine.LogType,object) (at /Users/bokken/build/output/unity/unity/Runtime/Export/Logging/Logger.cs:60)
UnityEngine.Debug:Log (object) (at /Users/bokken/build/output/unity/unity/Runtime/Export/Debug/Debug.bindings.cs:123)
PerfScenario:StartRecorders () (at /Users/philipp/Projects/3DTD/3DTD/3DTD/Assets/Scripts/Diagnostics/PerfScenario.cs:747)
PerfScenario/<Start>d__43:MoveNext () (at /Users/philipp/Projects/3DTD/3DTD/3DTD/Assets/Scripts/Diagnostics/PerfScenario.cs:292)
UnityEngine.SetupCoroutine:InvokeMoveNext (System.Collections.IEnumerator,intptr) (at /Users/bokken/build/output/unity/unity/Runtime/Export/Scripting/Coroutines.cs:17)

(Filename: /Users/bokken/build/output/unity/unity/Runtime/Export/Debug/Debug.bindings.cs Line: 123)

PERF MARKER Render / Shader.CreateGPUPrograms
UnityEngine.Debug:ExtractStackTraceNoAlloc (byte*,int,string)
UnityEngine.StackTraceUtility:ExtractStackTrace () (at /Users/bokken/build/output/unity/unity/Runtime/Export/Scripting/StackTrace.cs:35)
UnityEngine.DebugLogHandler:Internal_Log (UnityEngine.LogType,UnityEngine.LogOption,string,UnityEngine.Object)
UnityEngine.DebugLogHandler:LogFormat (UnityEngine.LogType,UnityEngine.Object,string,object[]) (at /Users/bokken/build/output/unity/unity/Runtime/Export/Logging/DebugLogHandler.cs:9)
UnityEngine.Logger:Log (UnityEngine.LogType,object) (at /Users/bokken/build/output/unity/unity/Runtime/Export/Logging/Logger.cs:60)
UnityEngine.Debug:Log (object) (at /Users/bokken/build/output/unity/unity/Runtime/Export/Debug/Debug.bindings.cs:123)
PerfScenario:StartRecorders () (at /Users/philipp/Projects/3DTD/3DTD/3DTD/Assets/Scripts/Diagnostics/PerfScenario.cs:747)
PerfScenario/<Start>d__43:MoveNext () (at /Users/philipp/Projects/3DTD/3DTD/3DTD/Assets/Scripts/Diagnostics/PerfScenario.cs:292)
UnityEngine.SetupCoroutine:InvokeMoveNext (System.Collections.IEnumerator,intptr) (at /Users/bokken/build/output/unity/unity/Runtime/Export/Scripting/Coroutines.cs:17)

(Filename: /Users/bokken/build/output/unity/unity/Runtime/Export/Debug/Debug.bindings.cs Line: 123)

PERF MARKER Loading / SceneManager.LoadSceneAsyncInto
UnityEngine.Debug:ExtractStackTraceNoAlloc (byte*,int,string)
UnityEngine.StackTraceUtility:ExtractStackTrace () (at /Users/bokken/build/output/unity/unity/Runtime/Export/Scripting/StackTrace.cs:35)
UnityEngine.DebugLogHandler:Internal_Log (UnityEngine.LogType,UnityEngine.LogOption,string,UnityEngine.Object)
UnityEngine.DebugLogHandler:LogFormat (UnityEngine.LogType,UnityEngine.Object,string,object[]) (at /Users/bokken/build/output/unity/unity/Runtime/Export/Logging/DebugLogHandler.cs:9)
UnityEngine.Logger:Log (UnityEngine.LogType,object) (at /Users/bokken/build/output/unity/unity/Runtime/Export/Logging/Logger.cs:60)
UnityEngine.Debug:Log (object) (at /Users/bokken/build/output/unity/unity/Runtime/Export/Debug/Debug.bindings.cs:123)
PerfScenario:StartRecorders () (at /Users/philipp/Projects/3DTD/3DTD/3DTD/Assets/Scripts/Diagnostics/PerfScenario.cs:747)
PerfScenario/<Start>d__43:MoveNext () (at /Users/philipp/Projects/3DTD/3DTD/3DTD/Assets/Scripts/Diagnostics/PerfScenario.cs:292)
UnityEngine.SetupCoroutine:InvokeMoveNext (System.Collections.IEnumerator,intptr) (at /Users/bokken/build/output/unity/unity/Runtime/Export/Scripting/Coroutines.cs:17)

(Filename: /Users/bokken/build/output/unity/unity/Runtime/Export/Debug/Debug.bindings.cs Line: 123)

PERF MARKER Overhead / CollectGPUSamples
UnityEngine.Debug:ExtractStackTraceNoAlloc (byte*,int,string)
UnityEngine.StackTraceUtility:ExtractStackTrace () (at /Users/bokken/build/output/unity/unity/Runtime/Export/Scripting/StackTrace.cs:35)
UnityEngine.DebugLogHandler:Internal_Log (UnityEngine.LogType,UnityEngine.LogOption,string,UnityEngine.Object)
UnityEngine.DebugLogHandler:LogFormat (UnityEngine.LogType,UnityEngine.Object,string,object[]) (at /Users/bokken/build/output/unity/unity/Runtime/Export/Logging/DebugLogHandler.cs:9)
UnityEngine.Logger:Log (UnityEngine.LogType,object) (at /Users/bokken/build/output/unity/unity/Runtime/Export/Logging/Logger.cs:60)
UnityEngine.Debug:Log (object) (at /Users/bokken/build/output/unity/unity/Runtime/Export/Debug/Debug.bindings.cs:123)
PerfScenario:StartRecorders () (at /Users/philipp/Projects/3DTD/3DTD/3DTD/Assets/Scripts/Diagnostics/PerfScenario.cs:747)
PerfScenario/<Start>d__43:MoveNext () (at /Users/philipp/Projects/3DTD/3DTD/3DTD/Assets/Scripts/Diagnostics/PerfScenario.cs:292)
UnityEngine.SetupCoroutine:InvokeMoveNext (System.Collections.IEnumerator,intptr) (at /Users/bokken/build/output/unity/unity/Runtime/Export/Scripting/Coroutines.cs:17)

(Filename: /Users/bokken/build/output/unity/unity/Runtime/Export/Debug/Debug.bindings.cs Line: 123)

PERF MARKER Loading / Application.WaitForAsyncOperationToComplete
UnityEngine.Debug:ExtractStackTraceNoAlloc (byte*,int,string)
UnityEngine.StackTraceUtility:ExtractStackTrace () (at /Users/bokken/build/output/unity/unity/Runtime/Export/Scripting/StackTrace.cs:35)
UnityEngine.DebugLogHandler:Internal_Log (UnityEngine.LogType,UnityEngine.LogOption,string,UnityEngine.Object)
UnityEngine.DebugLogHandler:LogFormat (UnityEngine.LogType,UnityEngine.Object,string,object[]) (at /Users/bokken/build/output/unity/unity/Runtime/Export/Logging/DebugLogHandler.cs:9)
UnityEngine.Logger:Log (UnityEngine.LogType,object) (at /Users/bokken/build/output/unity/unity/Runtime/Export/Logging/Logger.cs:60)
UnityEngine.Debug:Log (object) (at /Users/bokken/build/output/unity/unity/Runtime/Export/Debug/Debug.bindings.cs:123)
PerfScenario:StartRecorders () (at /Users/philipp/Projects/3DTD/3DTD/3DTD/Assets/Scripts/Diagnostics/PerfScenario.cs:747)
PerfScenario/<Start>d__43:MoveNext () (at /Users/philipp/Projects/3DTD/3DTD/3DTD/Assets/Scripts/Diagnostics/PerfScenario.cs:292)
UnityEngine.SetupCoroutine:InvokeMoveNext (System.Collections.IEnumerator,intptr) (at /Users/bokken/build/output/unity/unity/Runtime/Export/Scripting/Coroutines.cs:17)

(Filename: /Users/bokken/build/output/unity/unity/Runtime/Export/Debug/Debug.bindings.cs Line: 123)

PERF MARKER Loading / Application.LoadLevelAsync Integrate
UnityEngine.Debug:ExtractStackTraceNoAlloc (byte*,int,string)
UnityEngine.StackTraceUtility:ExtractStackTrace () (at /Users/bokken/build/output/unity/unity/Runtime/Export/Scripting/StackTrace.cs:35)
UnityEngine.DebugLogHandler:Internal_Log (UnityEngine.LogType,UnityEngine.LogOption,string,UnityEngine.Object)
UnityEngine.DebugLogHandler:LogFormat (UnityEngine.LogType,UnityEngine.Object,string,object[]) (at /Users/bokken/build/output/unity/unity/Runtime/Export/Logging/DebugLogHandler.cs:9)
UnityEngine.Logger:Log (UnityEngine.LogType,object) (at /Users/bokken/build/output/unity/unity/Runtime/Export/Logging/Logger.cs:60)
UnityEngine.Debug:Log (object) (at /Users/bokken/build/output/unity/unity/Runtime/Export/Debug/Debug.bindings.cs:123)
PerfScenario:StartRecorders () (at /Users/philipp/Projects/3DTD/3DTD/3DTD/Assets/Scripts/Diagnostics/PerfScenario.cs:747)
PerfScenario/<Start>d__43:MoveNext () (at /Users/philipp/Projects/3DTD/3DTD/3DTD/Assets/Scripts/Diagnostics/PerfScenario.cs:292)
UnityEngine.SetupCoroutine:InvokeMoveNext (System.Collections.IEnumerator,intptr) (at /Users/bokken/build/output/unity/unity/Runtime/Export/Scripting/Coroutines.cs:17)

(Filename: /Users/bokken/build/output/unity/unity/Runtime/Export/Debug/Debug.bindings.cs Line: 123)

PERF MARKER Render / Graphics.PresentAndSync
UnityEngine.Debug:ExtractStackTraceNoAlloc (byte*,int,string)
UnityEngine.StackTraceUtility:ExtractStackTrace () (at /Users/bokken/build/output/unity/unity/Runtime/Export/Scripting/StackTrace.cs:35)
UnityEngine.DebugLogHandler:Internal_Log (UnityEngine.LogType,UnityEngine.LogOption,string,UnityEngine.Object)
UnityEngine.DebugLogHandler:LogFormat (UnityEngine.LogType,UnityEngine.Object,string,object[]) (at /Users/bokken/build/output/unity/unity/Runtime/Export/Logging/DebugLogHandler.cs:9)
UnityEngine.Logger:Log (UnityEngine.LogType,object) (at /Users/bokken/build/output/unity/unity/Runtime/Export/Logging/Logger.cs:60)
UnityEngine.Debug:Log (object) (at /Users/bokken/build/output/unity/unity/Runtime/Export/Debug/Debug.bindings.cs:123)
PerfScenario:StartRecorders () (at /Users/philipp/Projects/3DTD/3DTD/3DTD/Assets/Scripts/Diagnostics/PerfScenario.cs:747)
PerfScenario/<Start>d__43:MoveNext () (at /Users/philipp/Projects/3DTD/3DTD/3DTD/Assets/Scripts/Diagnostics/PerfScenario.cs:292)
UnityEngine.SetupCoroutine:InvokeMoveNext (System.Collections.IEnumerator,intptr) (at /Users/bokken/build/output/unity/unity/Runtime/Export/Scripting/Coroutines.cs:17)

(Filename: /Users/bokken/build/output/unity/unity/Runtime/Export/Debug/Debug.bindings.cs Line: 123)

PERF MARKER Render / WaitForLastPresentation
UnityEngine.Debug:ExtractStackTraceNoAlloc (byte*,int,string)
UnityEngine.StackTraceUtility:ExtractStackTrace () (at /Users/bokken/build/output/unity/unity/Runtime/Export/Scripting/StackTrace.cs:35)
UnityEngine.DebugLogHandler:Internal_Log (UnityEngine.LogType,UnityEngine.LogOption,string,UnityEngine.Object)
UnityEngine.DebugLogHandler:LogFormat (UnityEngine.LogType,UnityEngine.Object,string,object[]) (at /Users/bokken/build/output/unity/unity/Runtime/Export/Logging/DebugLogHandler.cs:9)
UnityEngine.Logger:Log (UnityEngine.LogType,object) (at /Users/bokken/build/output/unity/unity/Runtime/Export/Logging/Logger.cs:60)
UnityEngine.Debug:Log (object) (at /Users/bokken/build/output/unity/unity/Runtime/Export/Debug/Debug.bindings.cs:123)
PerfScenario:StartRecorders () (at /Users/philipp/Projects/3DTD/3DTD/3DTD/Assets/Scripts/Diagnostics/PerfScenario.cs:747)
PerfScenario/<Start>d__43:MoveNext () (at /Users/philipp/Projects/3DTD/3DTD/3DTD/Assets/Scripts/Diagnostics/PerfScenario.cs:292)
UnityEngine.SetupCoroutine:InvokeMoveNext (System.Collections.IEnumerator,intptr) (at /Users/bokken/build/output/unity/unity/Runtime/Export/Scripting/Coroutines.cs:17)

(Filename: /Users/bokken/build/output/unity/unity/Runtime/Export/Debug/Debug.bindings.cs Line: 123)

PERF MARKER VSync / WaitForTargetFPS
UnityEngine.Debug:ExtractStackTraceNoAlloc (byte*,int,string)
UnityEngine.StackTraceUtility:ExtractStackTrace () (at /Users/bokken/build/output/unity/unity/Runtime/Export/Scripting/StackTrace.cs:35)
UnityEngine.DebugLogHandler:Internal_Log (UnityEngine.LogType,UnityEngine.LogOption,string,UnityEngine.Object)
UnityEngine.DebugLogHandler:LogFormat (UnityEngine.LogType,UnityEngine.Object,string,object[]) (at /Users/bokken/build/output/unity/unity/Runtime/Export/Logging/DebugLogHandler.cs:9)
UnityEngine.Logger:Log (UnityEngine.LogType,object) (at /Users/bokken/build/output/unity/unity/Runtime/Export/Logging/Logger.cs:60)
UnityEngine.Debug:Log (object) (at /Users/bokken/build/output/unity/unity/Runtime/Export/Debug/Debug.bindings.cs:123)
PerfScenario:StartRecorders () (at /Users/philipp/Projects/3DTD/3DTD/3DTD/Assets/Scripts/Diagnostics/PerfScenario.cs:747)
PerfScenario/<Start>d__43:MoveNext () (at /Users/philipp/Projects/3DTD/3DTD/3DTD/Assets/Scripts/Diagnostics/PerfScenario.cs:292)
UnityEngine.SetupCoroutine:InvokeMoveNext (System.Collections.IEnumerator,intptr) (at /Users/bokken/build/output/unity/unity/Runtime/Export/Scripting/Coroutines.cs:17)

(Filename: /Users/bokken/build/output/unity/unity/Runtime/Export/Debug/Debug.bindings.cs Line: 123)

PERF MARKER Render / MeshSkinning.GPUBatchedSkinInPlace
UnityEngine.Debug:ExtractStackTraceNoAlloc (byte*,int,string)
UnityEngine.StackTraceUtility:ExtractStackTrace () (at /Users/bokken/build/output/unity/unity/Runtime/Export/Scripting/StackTrace.cs:35)
UnityEngine.DebugLogHandler:Internal_Log (UnityEngine.LogType,UnityEngine.LogOption,string,UnityEngine.Object)
UnityEngine.DebugLogHandler:LogFormat (UnityEngine.LogType,UnityEngine.Object,string,object[]) (at /Users/bokken/build/output/unity/unity/Runtime/Export/Logging/DebugLogHandler.cs:9)
UnityEngine.Logger:Log (UnityEngine.LogType,object) (at /Users/bokken/build/output/unity/unity/Runtime/Export/Logging/Logger.cs:60)
UnityEngine.Debug:Log (object) (at /Users/bokken/build/output/unity/unity/Runtime/Export/Debug/Debug.bindings.cs:123)
PerfScenario:StartRecorders () (at /Users/philipp/Projects/3DTD/3DTD/3DTD/Assets/Scripts/Diagnostics/PerfScenario.cs:747)
PerfScenario/<Start>d__43:MoveNext () (at /Users/philipp/Projects/3DTD/3DTD/3DTD/Assets/Scripts/Diagnostics/PerfScenario.cs:292)
UnityEngine.SetupCoroutine:InvokeMoveNext (System.Collections.IEnumerator,intptr) (at /Users/bokken/build/output/unity/unity/Runtime/Export/Scripting/Coroutines.cs:17)

(Filename: /Users/bokken/build/output/unity/unity/Runtime/Export/Debug/Debug.bindings.cs Line: 123)

PERF MARKER Render / MeshSkinning.GPUBatchedSkin
UnityEngine.Debug:ExtractStackTraceNoAlloc (byte*,int,string)
UnityEngine.StackTraceUtility:ExtractStackTrace () (at /Users/bokken/build/output/unity/unity/Runtime/Export/Scripting/StackTrace.cs:35)
UnityEngine.DebugLogHandler:Internal_Log (UnityEngine.LogType,UnityEngine.LogOption,string,UnityEngine.Object)
UnityEngine.DebugLogHandler:LogFormat (UnityEngine.LogType,UnityEngine.Object,string,object[]) (at /Users/bokken/build/output/unity/unity/Runtime/Export/Logging/DebugLogHandler.cs:9)
UnityEngine.Logger:Log (UnityEngine.LogType,object) (at /Users/bokken/build/output/unity/unity/Runtime/Export/Logging/Logger.cs:60)
UnityEngine.Debug:Log (object) (at /Users/bokken/build/output/unity/unity/Runtime/Export/Debug/Debug.bindings.cs:123)
PerfScenario:StartRecorders () (at /Users/philipp/Projects/3DTD/3DTD/3DTD/Assets/Scripts/Diagnostics/PerfScenario.cs:747)
PerfScenario/<Start>d__43:MoveNext () (at /Users/philipp/Projects/3DTD/3DTD/3DTD/Assets/Scripts/Diagnostics/PerfScenario.cs:292)
UnityEngine.SetupCoroutine:InvokeMoveNext (System.Collections.IEnumerator,intptr) (at /Users/bokken/build/output/unity/unity/Runtime/Export/Scripting/Coroutines.cs:17)

(Filename: /Users/bokken/build/output/unity/unity/Runtime/Export/Debug/Debug.bindings.cs Line: 123)

PERF MARKER Render / MeshSkinning.GPUBatchedBlendShape
UnityEngine.Debug:ExtractStackTraceNoAlloc (byte*,int,string)
UnityEngine.StackTraceUtility:ExtractStackTrace () (at /Users/bokken/build/output/unity/unity/Runtime/Export/Scripting/StackTrace.cs:35)
UnityEngine.DebugLogHandler:Internal_Log (UnityEngine.LogType,UnityEngine.LogOption,string,UnityEngine.Object)
UnityEngine.DebugLogHandler:LogFormat (UnityEngine.LogType,UnityEngine.Object,string,object[]) (at /Users/bokken/build/output/unity/unity/Runtime/Export/Logging/DebugLogHandler.cs:9)
UnityEngine.Logger:Log (UnityEngine.LogType,object) (at /Users/bokken/build/output/unity/unity/Runtime/Export/Logging/Logger.cs:60)
UnityEngine.Debug:Log (object) (at /Users/bokken/build/output/unity/unity/Runtime/Export/Debug/Debug.bindings.cs:123)
PerfScenario:StartRecorders () (at /Users/philipp/Projects/3DTD/3DTD/3DTD/Assets/Scripts/Diagnostics/PerfScenario.cs:747)
PerfScenario/<Start>d__43:MoveNext () (at /Users/philipp/Projects/3DTD/3DTD/3DTD/Assets/Scripts/Diagnostics/PerfScenario.cs:292)
UnityEngine.SetupCoroutine:InvokeMoveNext (System.Collections.IEnumerator,intptr) (at /Users/bokken/build/output/unity/unity/Runtime/Export/Scripting/Coroutines.cs:17)

(Filename: /Users/bokken/build/output/unity/unity/Runtime/Export/Debug/Debug.bindings.cs Line: 123)

PERF MARKER Render / MeshSkinning.GPUBatchedCopy
UnityEngine.Debug:ExtractStackTraceNoAlloc (byte*,int,string)
UnityEngine.StackTraceUtility:ExtractStackTrace () (at /Users/bokken/build/output/unity/unity/Runtime/Export/Scripting/StackTrace.cs:35)
UnityEngine.DebugLogHandler:Internal_Log (UnityEngine.LogType,UnityEngine.LogOption,string,UnityEngine.Object)
UnityEngine.DebugLogHandler:LogFormat (UnityEngine.LogType,UnityEngine.Object,string,object[]) (at /Users/bokken/build/output/unity/unity/Runtime/Export/Logging/DebugLogHandler.cs:9)
UnityEngine.Logger:Log (UnityEngine.LogType,object) (at /Users/bokken/build/output/unity/unity/Runtime/Export/Logging/Logger.cs:60)
UnityEngine.Debug:Log (object) (at /Users/bokken/build/output/unity/unity/Runtime/Export/Debug/Debug.bindings.cs:123)
PerfScenario:StartRecorders () (at /Users/philipp/Projects/3DTD/3DTD/3DTD/Assets/Scripts/Diagnostics/PerfScenario.cs:747)
PerfScenario/<Start>d__43:MoveNext () (at /Users/philipp/Projects/3DTD/3DTD/3DTD/Assets/Scripts/Diagnostics/PerfScenario.cs:292)
UnityEngine.SetupCoroutine:InvokeMoveNext (System.Collections.IEnumerator,intptr) (at /Users/bokken/build/output/unity/unity/Runtime/Export/Scripting/Coroutines.cs:17)

(Filename: /Users/bokken/build/output/unity/unity/Runtime/Export/Debug/Debug.bindings.cs Line: 123)

PERF MARKER Render / MeshSkinning.SkinOnGPUNonBatched
UnityEngine.Debug:ExtractStackTraceNoAlloc (byte*,int,string)
UnityEngine.StackTraceUtility:ExtractStackTrace () (at /Users/bokken/build/output/unity/unity/Runtime/Export/Scripting/StackTrace.cs:35)
UnityEngine.DebugLogHandler:Internal_Log (UnityEngine.LogType,UnityEngine.LogOption,string,UnityEngine.Object)
UnityEngine.DebugLogHandler:LogFormat (UnityEngine.LogType,UnityEngine.Object,string,object[]) (at /Users/bokken/build/output/unity/unity/Runtime/Export/Logging/DebugLogHandler.cs:9)
UnityEngine.Logger:Log (UnityEngine.LogType,object) (at /Users/bokken/build/output/unity/unity/Runtime/Export/Logging/Logger.cs:60)
UnityEngine.Debug:Log (object) (at /Users/bokken/build/output/unity/unity/Runtime/Export/Debug/Debug.bindings.cs:123)
PerfScenario:StartRecorders () (at /Users/philipp/Projects/3DTD/3DTD/3DTD/Assets/Scripts/Diagnostics/PerfScenario.cs:747)
PerfScenario/<Start>d__43:MoveNext () (at /Users/philipp/Projects/3DTD/3DTD/3DTD/Assets/Scripts/Diagnostics/PerfScenario.cs:292)
UnityEngine.SetupCoroutine:InvokeMoveNext (System.Collections.IEnumerator,intptr) (at /Users/bokken/build/output/unity/unity/Runtime/Export/Scripting/Coroutines.cs:17)

(Filename: /Users/bokken/build/output/unity/unity/Runtime/Export/Debug/Debug.bindings.cs Line: 123)

PERF MARKER Render / MeshSkinning.SkinOnGPU
UnityEngine.Debug:ExtractStackTraceNoAlloc (byte*,int,string)
UnityEngine.StackTraceUtility:ExtractStackTrace () (at /Users/bokken/build/output/unity/unity/Runtime/Export/Scripting/StackTrace.cs:35)
UnityEngine.DebugLogHandler:Internal_Log (UnityEngine.LogType,UnityEngine.LogOption,string,UnityEngine.Object)
UnityEngine.DebugLogHandler:LogFormat (UnityEngine.LogType,UnityEngine.Object,string,object[]) (at /Users/bokken/build/output/unity/unity/Runtime/Export/Logging/DebugLogHandler.cs:9)
UnityEngine.Logger:Log (UnityEngine.LogType,object) (at /Users/bokken/build/output/unity/unity/Runtime/Export/Logging/Logger.cs:60)
UnityEngine.Debug:Log (object) (at /Users/bokken/build/output/unity/unity/Runtime/Export/Debug/Debug.bindings.cs:123)
PerfScenario:StartRecorders () (at /Users/philipp/Projects/3DTD/3DTD/3DTD/Assets/Scripts/Diagnostics/PerfScenario.cs:747)
PerfScenario/<Start>d__43:MoveNext () (at /Users/philipp/Projects/3DTD/3DTD/3DTD/Assets/Scripts/Diagnostics/PerfScenario.cs:292)
UnityEngine.SetupCoroutine:InvokeMoveNext (System.Collections.IEnumerator,intptr) (at /Users/bokken/build/output/unity/unity/Runtime/Export/Scripting/Coroutines.cs:17)

(Filename: /Users/bokken/build/output/unity/unity/Runtime/Export/Debug/Debug.bindings.cs Line: 123)

PERF MARKER Render / MeshSkinning.WaitForSkinThreads
UnityEngine.Debug:ExtractStackTraceNoAlloc (byte*,int,string)
UnityEngine.StackTraceUtility:ExtractStackTrace () (at /Users/bokken/build/output/unity/unity/Runtime/Export/Scripting/StackTrace.cs:35)
UnityEngine.DebugLogHandler:Internal_Log (UnityEngine.LogType,UnityEngine.LogOption,string,UnityEngine.Object)
UnityEngine.DebugLogHandler:LogFormat (UnityEngine.LogType,UnityEngine.Object,string,object[]) (at /Users/bokken/build/output/unity/unity/Runtime/Export/Logging/DebugLogHandler.cs:9)
UnityEngine.Logger:Log (UnityEngine.LogType,object) (at /Users/bokken/build/output/unity/unity/Runtime/Export/Logging/Logger.cs:60)
UnityEngine.Debug:Log (object) (at /Users/bokken/build/output/unity/unity/Runtime/Export/Debug/Debug.bindings.cs:123)
PerfScenario:StartRecorders () (at /Users/philipp/Projects/3DTD/3DTD/3DTD/Assets/Scripts/Diagnostics/PerfScenario.cs:747)
PerfScenario/<Start>d__43:MoveNext () (at /Users/philipp/Projects/3DTD/3DTD/3DTD/Assets/Scripts/Diagnostics/PerfScenario.cs:292)
UnityEngine.SetupCoroutine:InvokeMoveNext (System.Collections.IEnumerator,intptr) (at /Users/bokken/build/output/unity/unity/Runtime/Export/Scripting/Coroutines.cs:17)

(Filename: /Users/bokken/build/output/unity/unity/Runtime/Export/Debug/Debug.bindings.cs Line: 123)

PERF MARKER Loading / Async.AsyncVertexDataReadCompleteCallback
UnityEngine.Debug:ExtractStackTraceNoAlloc (byte*,int,string)
UnityEngine.StackTraceUtility:ExtractStackTrace () (at /Users/bokken/build/output/unity/unity/Runtime/Export/Scripting/StackTrace.cs:35)
UnityEngine.DebugLogHandler:Internal_Log (UnityEngine.LogType,UnityEngine.LogOption,string,UnityEngine.Object)
UnityEngine.DebugLogHandler:LogFormat (UnityEngine.LogType,UnityEngine.Object,string,object[]) (at /Users/bokken/build/output/unity/unity/Runtime/Export/Logging/DebugLogHandler.cs:9)
UnityEngine.Logger:Log (UnityEngine.LogType,object) (at /Users/bokken/build/output/unity/unity/Runtime/Export/Logging/Logger.cs:60)
UnityEngine.Debug:Log (object) (at /Users/bokken/build/output/unity/unity/Runtime/Export/Debug/Debug.bindings.cs:123)
PerfScenario:StartRecorders () (at /Users/philipp/Projects/3DTD/3DTD/3DTD/Assets/Scripts/Diagnostics/PerfScenario.cs:747)
PerfScenario/<Start>d__43:MoveNext () (at /Users/philipp/Projects/3DTD/3DTD/3DTD/Assets/Scripts/Diagnostics/PerfScenario.cs:292)
UnityEngine.SetupCoroutine:InvokeMoveNext (System.Collections.IEnumerator,intptr) (at /Users/bokken/build/output/unity/unity/Runtime/Export/Scripting/Coroutines.cs:17)

(Filename: /Users/bokken/build/output/unity/unity/Runtime/Export/Debug/Debug.bindings.cs Line: 123)

PERF MARKER Loading / Async.ProcessRawVertexJob
UnityEngine.Debug:ExtractStackTraceNoAlloc (byte*,int,string)
UnityEngine.StackTraceUtility:ExtractStackTrace () (at /Users/bokken/build/output/unity/unity/Runtime/Export/Scripting/StackTrace.cs:35)
UnityEngine.DebugLogHandler:Internal_Log (UnityEngine.LogType,UnityEngine.LogOption,string,UnityEngine.Object)
UnityEngine.DebugLogHandler:LogFormat (UnityEngine.LogType,UnityEngine.Object,string,object[]) (at /Users/bokken/build/output/unity/unity/Runtime/Export/Logging/DebugLogHandler.cs:9)
UnityEngine.Logger:Log (UnityEngine.LogType,object) (at /Users/bokken/build/output/unity/unity/Runtime/Export/Logging/Logger.cs:60)
UnityEngine.Debug:Log (object) (at /Users/bokken/build/output/unity/unity/Runtime/Export/Debug/Debug.bindings.cs:123)
PerfScenario:StartRecorders () (at /Users/philipp/Projects/3DTD/3DTD/3DTD/Assets/Scripts/Diagnostics/PerfScenario.cs:747)
PerfScenario/<Start>d__43:MoveNext () (at /Users/philipp/Projects/3DTD/3DTD/3DTD/Assets/Scripts/Diagnostics/PerfScenario.cs:292)
UnityEngine.SetupCoroutine:InvokeMoveNext (System.Collections.IEnumerator,intptr) (at /Users/bokken/build/output/unity/unity/Runtime/Export/Scripting/Coroutines.cs:17)

(Filename: /Users/bokken/build/output/unity/unity/Runtime/Export/Debug/Debug.bindings.cs Line: 123)

PERF MARKER Loading / Async.UploadMesh
UnityEngine.Debug:ExtractStackTraceNoAlloc (byte*,int,string)
UnityEngine.StackTraceUtility:ExtractStackTrace () (at /Users/bokken/build/output/unity/unity/Runtime/Export/Scripting/StackTrace.cs:35)
UnityEngine.DebugLogHandler:Internal_Log (UnityEngine.LogType,UnityEngine.LogOption,string,UnityEngine.Object)
UnityEngine.DebugLogHandler:LogFormat (UnityEngine.LogType,UnityEngine.Object,string,object[]) (at /Users/bokken/build/output/unity/unity/Runtime/Export/Logging/DebugLogHandler.cs:9)
UnityEngine.Logger:Log (UnityEngine.LogType,object) (at /Users/bokken/build/output/unity/unity/Runtime/Export/Logging/Logger.cs:60)
UnityEngine.Debug:Log (object) (at /Users/bokken/build/output/unity/unity/Runtime/Export/Debug/Debug.bindings.cs:123)
PerfScenario:StartRecorders () (at /Users/philipp/Projects/3DTD/3DTD/3DTD/Assets/Scripts/Diagnostics/PerfScenario.cs:747)
PerfScenario/<Start>d__43:MoveNext () (at /Users/philipp/Projects/3DTD/3DTD/3DTD/Assets/Scripts/Diagnostics/PerfScenario.cs:292)
UnityEngine.SetupCoroutine:InvokeMoveNext (System.Collections.IEnumerator,intptr) (at /Users/bokken/build/output/unity/unity/Runtime/Export/Scripting/Coroutines.cs:17)

(Filename: /Users/bokken/build/output/unity/unity/Runtime/Export/Debug/Debug.bindings.cs Line: 123)

PERF MARKER Loading / AsyncUploadManager.AsyncBufferDelete [Review Async Upload Buffer Size in Quality Settings]
UnityEngine.Debug:ExtractStackTraceNoAlloc (byte*,int,string)
UnityEngine.StackTraceUtility:ExtractStackTrace () (at /Users/bokken/build/output/unity/unity/Runtime/Export/Scripting/StackTrace.cs:35)
UnityEngine.DebugLogHandler:Internal_Log (UnityEngine.LogType,UnityEngine.LogOption,string,UnityEngine.Object)
UnityEngine.DebugLogHandler:LogFormat (UnityEngine.LogType,UnityEngine.Object,string,object[]) (at /Users/bokken/build/output/unity/unity/Runtime/Export/Logging/DebugLogHandler.cs:9)
UnityEngine.Logger:Log (UnityEngine.LogType,object) (at /Users/bokken/build/output/unity/unity/Runtime/Export/Logging/Logger.cs:60)
UnityEngine.Debug:Log (object) (at /Users/bokken/build/output/unity/unity/Runtime/Export/Debug/Debug.bindings.cs:123)
PerfScenario:StartRecorders () (at /Users/philipp/Projects/3DTD/3DTD/3DTD/Assets/Scripts/Diagnostics/PerfScenario.cs:747)
PerfScenario/<Start>d__43:MoveNext () (at /Users/philipp/Projects/3DTD/3DTD/3DTD/Assets/Scripts/Diagnostics/PerfScenario.cs:292)
UnityEngine.SetupCoroutine:InvokeMoveNext (System.Collections.IEnumerator,intptr) (at /Users/bokken/build/output/unity/unity/Runtime/Export/Scripting/Coroutines.cs:17)

(Filename: /Users/bokken/build/output/unity/unity/Runtime/Export/Debug/Debug.bindings.cs Line: 123)

PERF MARKER Loading / AsyncUploadManager.AsyncBufferResized [Review Async Upload Buffer Size in Quality Settings]
UnityEngine.Debug:ExtractStackTraceNoAlloc (byte*,int,string)
UnityEngine.StackTraceUtility:ExtractStackTrace () (at /Users/bokken/build/output/unity/unity/Runtime/Export/Scripting/StackTrace.cs:35)
UnityEngine.DebugLogHandler:Internal_Log (UnityEngine.LogType,UnityEngine.LogOption,string,UnityEngine.Object)
UnityEngine.DebugLogHandler:LogFormat (UnityEngine.LogType,UnityEngine.Object,string,object[]) (at /Users/bokken/build/output/unity/unity/Runtime/Export/Logging/DebugLogHandler.cs:9)
UnityEngine.Logger:Log (UnityEngine.LogType,object) (at /Users/bokken/build/output/unity/unity/Runtime/Export/Logging/Logger.cs:60)
UnityEngine.Debug:Log (object) (at /Users/bokken/build/output/unity/unity/Runtime/Export/Debug/Debug.bindings.cs:123)
PerfScenario:StartRecorders () (at /Users/philipp/Projects/3DTD/3DTD/3DTD/Assets/Scripts/Diagnostics/PerfScenario.cs:747)
PerfScenario/<Start>d__43:MoveNext () (at /Users/philipp/Projects/3DTD/3DTD/3DTD/Assets/Scripts/Diagnostics/PerfScenario.cs:292)
UnityEngine.SetupCoroutine:InvokeMoveNext (System.Collections.IEnumerator,intptr) (at /Users/bokken/build/output/unity/unity/Runtime/Export/Scripting/Coroutines.cs:17)

(Filename: /Users/bokken/build/output/unity/unity/Runtime/Export/Debug/Debug.bindings.cs Line: 123)

PERF MARKER Loading / AsyncUploadManager.CloseFile
UnityEngine.Debug:ExtractStackTraceNoAlloc (byte*,int,string)
UnityEngine.StackTraceUtility:ExtractStackTrace () (at /Users/bokken/build/output/unity/unity/Runtime/Export/Scripting/StackTrace.cs:35)
UnityEngine.DebugLogHandler:Internal_Log (UnityEngine.LogType,UnityEngine.LogOption,string,UnityEngine.Object)
UnityEngine.DebugLogHandler:LogFormat (UnityEngine.LogType,UnityEngine.Object,string,object[]) (at /Users/bokken/build/output/unity/unity/Runtime/Export/Logging/DebugLogHandler.cs:9)
UnityEngine.Logger:Log (UnityEngine.LogType,object) (at /Users/bokken/build/output/unity/unity/Runtime/Export/Logging/Logger.cs:60)
UnityEngine.Debug:Log (object) (at /Users/bokken/build/output/unity/unity/Runtime/Export/Debug/Debug.bindings.cs:123)
PerfScenario:StartRecorders () (at /Users/philipp/Projects/3DTD/3DTD/3DTD/Assets/Scripts/Diagnostics/PerfScenario.cs:747)
PerfScenario/<Start>d__43:MoveNext () (at /Users/philipp/Projects/3DTD/3DTD/3DTD/Assets/Scripts/Diagnostics/PerfScenario.cs:292)
UnityEngine.SetupCoroutine:InvokeMoveNext (System.Collections.IEnumerator,intptr) (at /Users/bokken/build/output/unity/unity/Runtime/Export/Scripting/Coroutines.cs:17)

(Filename: /Users/bokken/build/output/unity/unity/Runtime/Export/Debug/Debug.bindings.cs Line: 123)

PERF MARKER Loading / AsyncUploadManager.AsyncReadCompletion
UnityEngine.Debug:ExtractStackTraceNoAlloc (byte*,int,string)
UnityEngine.StackTraceUtility:ExtractStackTrace () (at /Users/bokken/build/output/unity/unity/Runtime/Export/Scripting/StackTrace.cs:35)
UnityEngine.DebugLogHandler:Internal_Log (UnityEngine.LogType,UnityEngine.LogOption,string,UnityEngine.Object)
UnityEngine.DebugLogHandler:LogFormat (UnityEngine.LogType,UnityEngine.Object,string,object[]) (at /Users/bokken/build/output/unity/unity/Runtime/Export/Logging/DebugLogHandler.cs:9)
UnityEngine.Logger:Log (UnityEngine.LogType,object) (at /Users/bokken/build/output/unity/unity/Runtime/Export/Logging/Logger.cs:60)
UnityEngine.Debug:Log (object) (at /Users/bokken/build/output/unity/unity/Runtime/Export/Debug/Debug.bindings.cs:123)
PerfScenario:StartRecorders () (at /Users/philipp/Projects/3DTD/3DTD/3DTD/Assets/Scripts/Diagnostics/PerfScenario.cs:747)
PerfScenario/<Start>d__43:MoveNext () (at /Users/philipp/Projects/3DTD/3DTD/3DTD/Assets/Scripts/Diagnostics/PerfScenario.cs:292)
UnityEngine.SetupCoroutine:InvokeMoveNext (System.Collections.IEnumerator,intptr) (at /Users/bokken/build/output/unity/unity/Runtime/Export/Scripting/Coroutines.cs:17)

(Filename: /Users/bokken/build/output/unity/unity/Runtime/Export/Debug/Debug.bindings.cs Line: 123)

PERF MARKER Loading / AsyncUploadManager.ScheduleAsyncRead
UnityEngine.Debug:ExtractStackTraceNoAlloc (byte*,int,string)
UnityEngine.StackTraceUtility:ExtractStackTrace () (at /Users/bokken/build/output/unity/unity/Runtime/Export/Scripting/StackTrace.cs:35)
UnityEngine.DebugLogHandler:Internal_Log (UnityEngine.LogType,UnityEngine.LogOption,string,UnityEngine.Object)
UnityEngine.DebugLogHandler:LogFormat (UnityEngine.LogType,UnityEngine.Object,string,object[]) (at /Users/bokken/build/output/unity/unity/Runtime/Export/Logging/DebugLogHandler.cs:9)
UnityEngine.Logger:Log (UnityEngine.LogType,object) (at /Users/bokken/build/output/unity/unity/Runtime/Export/Logging/Logger.cs:60)
UnityEngine.Debug:Log (object) (at /Users/bokken/build/output/unity/unity/Runtime/Export/Debug/Debug.bindings.cs:123)
PerfScenario:StartRecorders () (at /Users/philipp/Projects/3DTD/3DTD/3DTD/Assets/Scripts/Diagnostics/PerfScenario.cs:747)
PerfScenario/<Start>d__43:MoveNext () (at /Users/philipp/Projects/3DTD/3DTD/3DTD/Assets/Scripts/Diagnostics/PerfScenario.cs:292)
UnityEngine.SetupCoroutine:InvokeMoveNext (System.Collections.IEnumerator,intptr) (at /Users/bokken/build/output/unity/unity/Runtime/Export/Scripting/Coroutines.cs:17)

(Filename: /Users/bokken/build/output/unity/unity/Runtime/Export/Debug/Debug.bindings.cs Line: 123)

PERF MARKER Loading / AsyncUploadManager.ScheduleAsyncCommand
UnityEngine.Debug:ExtractStackTraceNoAlloc (byte*,int,string)
UnityEngine.StackTraceUtility:ExtractStackTrace () (at /Users/bokken/build/output/unity/unity/Runtime/Export/Scripting/StackTrace.cs:35)
UnityEngine.DebugLogHandler:Internal_Log (UnityEngine.LogType,UnityEngine.LogOption,string,UnityEngine.Object)
UnityEngine.DebugLogHandler:LogFormat (UnityEngine.LogType,UnityEngine.Object,string,object[]) (at /Users/bokken/build/output/unity/unity/Runtime/Export/Logging/DebugLogHandler.cs:9)
UnityEngine.Logger:Log (UnityEngine.LogType,object) (at /Users/bokken/build/output/unity/unity/Runtime/Export/Logging/Logger.cs:60)
UnityEngine.Debug:Log (object) (at /Users/bokken/build/output/unity/unity/Runtime/Export/Debug/Debug.bindings.cs:123)
PerfScenario:StartRecorders () (at /Users/philipp/Projects/3DTD/3DTD/3DTD/Assets/Scripts/Diagnostics/PerfScenario.cs:747)
PerfScenario/<Start>d__43:MoveNext () (at /Users/philipp/Projects/3DTD/3DTD/3DTD/Assets/Scripts/Diagnostics/PerfScenario.cs:292)
UnityEngine.SetupCoroutine:InvokeMoveNext (System.Collections.IEnumerator,intptr) (at /Users/bokken/build/output/unity/unity/Runtime/Export/Scripting/Coroutines.cs:17)

(Filename: /Users/bokken/build/output/unity/unity/Runtime/Export/Debug/Debug.bindings.cs Line: 123)

PERF MARKER Loading / AsyncUploadManager.ScheduleAsyncCommands
UnityEngine.Debug:ExtractStackTraceNoAlloc (byte*,int,string)
UnityEngine.StackTraceUtility:ExtractStackTrace () (at /Users/bokken/build/output/unity/unity/Runtime/Export/Scripting/StackTrace.cs:35)
UnityEngine.DebugLogHandler:Internal_Log (UnityEngine.LogType,UnityEngine.LogOption,string,UnityEngine.Object)
UnityEngine.DebugLogHandler:LogFormat (UnityEngine.LogType,UnityEngine.Object,string,object[]) (at /Users/bokken/build/output/unity/unity/Runtime/Export/Logging/DebugLogHandler.cs:9)
UnityEngine.Logger:Log (UnityEngine.LogType,object) (at /Users/bokken/build/output/unity/unity/Runtime/Export/Logging/Logger.cs:60)
UnityEngine.Debug:Log (object) (at /Users/bokken/build/output/unity/unity/Runtime/Export/Debug/Debug.bindings.cs:123)
PerfScenario:StartRecorders () (at /Users/philipp/Projects/3DTD/3DTD/3DTD/Assets/Scripts/Diagnostics/PerfScenario.cs:747)
PerfScenario/<Start>d__43:MoveNext () (at /Users/philipp/Projects/3DTD/3DTD/3DTD/Assets/Scripts/Diagnostics/PerfScenario.cs:292)
UnityEngine.SetupCoroutine:InvokeMoveNext (System.Collections.IEnumerator,intptr) (at /Users/bokken/build/output/unity/unity/Runtime/Export/Scripting/Coroutines.cs:17)

(Filename: /Users/bokken/build/output/unity/unity/Runtime/Export/Debug/Debug.bindings.cs Line: 123)

PERF MARKER Loading / AsyncUploadManager.AsyncResourceUploadBlocking
UnityEngine.Debug:ExtractStackTraceNoAlloc (byte*,int,string)
UnityEngine.StackTraceUtility:ExtractStackTrace () (at /Users/bokken/build/output/unity/unity/Runtime/Export/Scripting/StackTrace.cs:35)
UnityEngine.DebugLogHandler:Internal_Log (UnityEngine.LogType,UnityEngine.LogOption,string,UnityEngine.Object)
UnityEngine.DebugLogHandler:LogFormat (UnityEngine.LogType,UnityEngine.Object,string,object[]) (at /Users/bokken/build/output/unity/unity/Runtime/Export/Logging/DebugLogHandler.cs:9)
UnityEngine.Logger:Log (UnityEngine.LogType,object) (at /Users/bokken/build/output/unity/unity/Runtime/Export/Logging/Logger.cs:60)
UnityEngine.Debug:Log (object) (at /Users/bokken/build/output/unity/unity/Runtime/Export/Debug/Debug.bindings.cs:123)
PerfScenario:StartRecorders () (at /Users/philipp/Projects/3DTD/3DTD/3DTD/Assets/Scripts/Diagnostics/PerfScenario.cs:747)
PerfScenario/<Start>d__43:MoveNext () (at /Users/philipp/Projects/3DTD/3DTD/3DTD/Assets/Scripts/Diagnostics/PerfScenario.cs:292)
UnityEngine.SetupCoroutine:InvokeMoveNext (System.Collections.IEnumerator,intptr) (at /Users/bokken/build/output/unity/unity/Runtime/Export/Scripting/Coroutines.cs:17)

(Filename: /Users/bokken/build/output/unity/unity/Runtime/Export/Debug/Debug.bindings.cs Line: 123)

PERF MARKER Loading / AsyncUploadManager.AsyncResourceUploadGfxCallback
UnityEngine.Debug:ExtractStackTraceNoAlloc (byte*,int,string)
UnityEngine.StackTraceUtility:ExtractStackTrace () (at /Users/bokken/build/output/unity/unity/Runtime/Export/Scripting/StackTrace.cs:35)
UnityEngine.DebugLogHandler:Internal_Log (UnityEngine.LogType,UnityEngine.LogOption,string,UnityEngine.Object)
UnityEngine.DebugLogHandler:LogFormat (UnityEngine.LogType,UnityEngine.Object,string,object[]) (at /Users/bokken/build/output/unity/unity/Runtime/Export/Logging/DebugLogHandler.cs:9)
UnityEngine.Logger:Log (UnityEngine.LogType,object) (at /Users/bokken/build/output/unity/unity/Runtime/Export/Logging/Logger.cs:60)
UnityEngine.Debug:Log (object) (at /Users/bokken/build/output/unity/unity/Runtime/Export/Debug/Debug.bindings.cs:123)
PerfScenario:StartRecorders () (at /Users/philipp/Projects/3DTD/3DTD/3DTD/Assets/Scripts/Diagnostics/PerfScenario.cs:747)
PerfScenario/<Start>d__43:MoveNext () (at /Users/philipp/Projects/3DTD/3DTD/3DTD/Assets/Scripts/Diagnostics/PerfScenario.cs:292)
UnityEngine.SetupCoroutine:InvokeMoveNext (System.Collections.IEnumerator,intptr) (at /Users/bokken/build/output/unity/unity/Runtime/Export/Scripting/Coroutines.cs:17)

(Filename: /Users/bokken/build/output/unity/unity/Runtime/Export/Debug/Debug.bindings.cs Line: 123)

PERF MARKER Loading / AsyncUploadManager.AsyncResourceUpload
UnityEngine.Debug:ExtractStackTraceNoAlloc (byte*,int,string)
UnityEngine.StackTraceUtility:ExtractStackTrace () (at /Users/bokken/build/output/unity/unity/Runtime/Export/Scripting/StackTrace.cs:35)
UnityEngine.DebugLogHandler:Internal_Log (UnityEngine.LogType,UnityEngine.LogOption,string,UnityEngine.Object)
UnityEngine.DebugLogHandler:LogFormat (UnityEngine.LogType,UnityEngine.Object,string,object[]) (at /Users/bokken/build/output/unity/unity/Runtime/Export/Logging/DebugLogHandler.cs:9)
UnityEngine.Logger:Log (UnityEngine.LogType,object) (at /Users/bokken/build/output/unity/unity/Runtime/Export/Logging/Logger.cs:60)
UnityEngine.Debug:Log (object) (at /Users/bokken/build/output/unity/unity/Runtime/Export/Debug/Debug.bindings.cs:123)
PerfScenario:StartRecorders () (at /Users/philipp/Projects/3DTD/3DTD/3DTD/Assets/Scripts/Diagnostics/PerfScenario.cs:747)
PerfScenario/<Start>d__43:MoveNext () (at /Users/philipp/Projects/3DTD/3DTD/3DTD/Assets/Scripts/Diagnostics/PerfScenario.cs:292)
UnityEngine.SetupCoroutine:InvokeMoveNext (System.Collections.IEnumerator,intptr) (at /Users/bokken/build/output/unity/unity/Runtime/Export/Scripting/Coroutines.cs:17)

(Filename: /Users/bokken/build/output/unity/unity/Runtime/Export/Debug/Debug.bindings.cs Line: 123)

PERF MARKER Loading / AsyncUploadManager.AsyncResourceUploadAll
UnityEngine.Debug:ExtractStackTraceNoAlloc (byte*,int,string)
UnityEngine.StackTraceUtility:ExtractStackTrace () (at /Users/bokken/build/output/unity/unity/Runtime/Export/Scripting/StackTrace.cs:35)
UnityEngine.DebugLogHandler:Internal_Log (UnityEngine.LogType,UnityEngine.LogOption,string,UnityEngine.Object)
UnityEngine.DebugLogHandler:LogFormat (UnityEngine.LogType,UnityEngine.Object,string,object[]) (at /Users/bokken/build/output/unity/unity/Runtime/Export/Logging/DebugLogHandler.cs:9)
UnityEngine.Logger:Log (UnityEngine.LogType,object) (at /Users/bokken/build/output/unity/unity/Runtime/Export/Logging/Logger.cs:60)
UnityEngine.Debug:Log (object) (at /Users/bokken/build/output/unity/unity/Runtime/Export/Debug/Debug.bindings.cs:123)
PerfScenario:StartRecorders () (at /Users/philipp/Projects/3DTD/3DTD/3DTD/Assets/Scripts/Diagnostics/PerfScenario.cs:747)
PerfScenario/<Start>d__43:MoveNext () (at /Users/philipp/Projects/3DTD/3DTD/3DTD/Assets/Scripts/Diagnostics/PerfScenario.cs:292)
UnityEngine.SetupCoroutine:InvokeMoveNext (System.Collections.IEnumerator,intptr) (at /Users/bokken/build/output/unity/unity/Runtime/Export/Scripting/Coroutines.cs:17)

(Filename: /Users/bokken/build/output/unity/unity/Runtime/Export/Debug/Debug.bindings.cs Line: 123)

PERF MARKER Render / SyncUpdateRendererBoundingVolumes
UnityEngine.Debug:ExtractStackTraceNoAlloc (byte*,int,string)
UnityEngine.StackTraceUtility:ExtractStackTrace () (at /Users/bokken/build/output/unity/unity/Runtime/Export/Scripting/StackTrace.cs:35)
UnityEngine.DebugLogHandler:Internal_Log (UnityEngine.LogType,UnityEngine.LogOption,string,UnityEngine.Object)
UnityEngine.DebugLogHandler:LogFormat (UnityEngine.LogType,UnityEngine.Object,string,object[]) (at /Users/bokken/build/output/unity/unity/Runtime/Export/Logging/DebugLogHandler.cs:9)
UnityEngine.Logger:Log (UnityEngine.LogType,object) (at /Users/bokken/build/output/unity/unity/Runtime/Export/Logging/Logger.cs:60)
UnityEngine.Debug:Log (object) (at /Users/bokken/build/output/unity/unity/Runtime/Export/Debug/Debug.bindings.cs:123)
PerfScenario:StartRecorders () (at /Users/philipp/Projects/3DTD/3DTD/3DTD/Assets/Scripts/Diagnostics/PerfScenario.cs:747)
PerfScenario/<Start>d__43:MoveNext () (at /Users/philipp/Projects/3DTD/3DTD/3DTD/Assets/Scripts/Diagnostics/PerfScenario.cs:292)
UnityEngine.SetupCoroutine:InvokeMoveNext (System.Collections.IEnumerator,intptr) (at /Users/bokken/build/output/unity/unity/Runtime/Export/Scripting/Coroutines.cs:17)

(Filename: /Users/bokken/build/output/unity/unity/Runtime/Export/Debug/Debug.bindings.cs Line: 123)

PERF MARKER Loading / Async.TextureProcessingFinalizeCallback
UnityEngine.Debug:ExtractStackTraceNoAlloc (byte*,int,string)
UnityEngine.StackTraceUtility:ExtractStackTrace () (at /Users/bokken/build/output/unity/unity/Runtime/Export/Scripting/StackTrace.cs:35)
UnityEngine.DebugLogHandler:Internal_Log (UnityEngine.LogType,UnityEngine.LogOption,string,UnityEngine.Object)
UnityEngine.DebugLogHandler:LogFormat (UnityEngine.LogType,UnityEngine.Object,string,object[]) (at /Users/bokken/build/output/unity/unity/Runtime/Export/Logging/DebugLogHandler.cs:9)
UnityEngine.Logger:Log (UnityEngine.LogType,object) (at /Users/bokken/build/output/unity/unity/Runtime/Export/Logging/Logger.cs:60)
UnityEngine.Debug:Log (object) (at /Users/bokken/build/output/unity/unity/Runtime/Export/Debug/Debug.bindings.cs:123)
PerfScenario:StartRecorders () (at /Users/philipp/Projects/3DTD/3DTD/3DTD/Assets/Scripts/Diagnostics/PerfScenario.cs:747)
PerfScenario/<Start>d__43:MoveNext () (at /Users/philipp/Projects/3DTD/3DTD/3DTD/Assets/Scripts/Diagnostics/PerfScenario.cs:292)
UnityEngine.SetupCoroutine:InvokeMoveNext (System.Collections.IEnumerator,intptr) (at /Users/bokken/build/output/unity/unity/Runtime/Export/Scripting/Coroutines.cs:17)

(Filename: /Users/bokken/build/output/unity/unity/Runtime/Export/Debug/Debug.bindings.cs Line: 123)

PERF MARKER Loading / Async.DoCopyTextureDataJob
UnityEngine.Debug:ExtractStackTraceNoAlloc (byte*,int,string)
UnityEngine.StackTraceUtility:ExtractStackTrace () (at /Users/bokken/build/output/unity/unity/Runtime/Export/Scripting/StackTrace.cs:35)
UnityEngine.DebugLogHandler:Internal_Log (UnityEngine.LogType,UnityEngine.LogOption,string,UnityEngine.Object)
UnityEngine.DebugLogHandler:LogFormat (UnityEngine.LogType,UnityEngine.Object,string,object[]) (at /Users/bokken/build/output/unity/unity/Runtime/Export/Logging/DebugLogHandler.cs:9)
UnityEngine.Logger:Log (UnityEngine.LogType,object) (at /Users/bokken/build/output/unity/unity/Runtime/Export/Logging/Logger.cs:60)
UnityEngine.Debug:Log (object) (at /Users/bokken/build/output/unity/unity/Runtime/Export/Debug/Debug.bindings.cs:123)
PerfScenario:StartRecorders () (at /Users/philipp/Projects/3DTD/3DTD/3DTD/Assets/Scripts/Diagnostics/PerfScenario.cs:747)
PerfScenario/<Start>d__43:MoveNext () (at /Users/philipp/Projects/3DTD/3DTD/3DTD/Assets/Scripts/Diagnostics/PerfScenario.cs:292)
UnityEngine.SetupCoroutine:InvokeMoveNext (System.Collections.IEnumerator,intptr) (at /Users/bokken/build/output/unity/unity/Runtime/Export/Scripting/Coroutines.cs:17)

(Filename: /Users/bokken/build/output/unity/unity/Runtime/Export/Debug/Debug.bindings.cs Line: 123)

PERF MARKER Loading / Async.TextureProcessingUploadCallback
UnityEngine.Debug:ExtractStackTraceNoAlloc (byte*,int,string)
UnityEngine.StackTraceUtility:ExtractStackTrace () (at /Users/bokken/build/output/unity/unity/Runtime/Export/Scripting/StackTrace.cs:35)
UnityEngine.DebugLogHandler:Internal_Log (UnityEngine.LogType,UnityEngine.LogOption,string,UnityEngine.Object)
UnityEngine.DebugLogHandler:LogFormat (UnityEngine.LogType,UnityEngine.Object,string,object[]) (at /Users/bokken/build/output/unity/unity/Runtime/Export/Logging/DebugLogHandler.cs:9)
UnityEngine.Logger:Log (UnityEngine.LogType,object) (at /Users/bokken/build/output/unity/unity/Runtime/Export/Logging/Logger.cs:60)
UnityEngine.Debug:Log (object) (at /Users/bokken/build/output/unity/unity/Runtime/Export/Debug/Debug.bindings.cs:123)
PerfScenario:StartRecorders () (at /Users/philipp/Projects/3DTD/3DTD/3DTD/Assets/Scripts/Diagnostics/PerfScenario.cs:747)
PerfScenario/<Start>d__43:MoveNext () (at /Users/philipp/Projects/3DTD/3DTD/3DTD/Assets/Scripts/Diagnostics/PerfScenario.cs:292)
UnityEngine.SetupCoroutine:InvokeMoveNext (System.Collections.IEnumerator,intptr) (at /Users/bokken/build/output/unity/unity/Runtime/Export/Scripting/Coroutines.cs:17)

(Filename: /Users/bokken/build/output/unity/unity/Runtime/Export/Debug/Debug.bindings.cs Line: 123)

PERF MARKER Loading / Async.TextureProcessingCompleteCallback
UnityEngine.Debug:ExtractStackTraceNoAlloc (byte*,int,string)
UnityEngine.StackTraceUtility:ExtractStackTrace () (at /Users/bokken/build/output/unity/unity/Runtime/Export/Scripting/StackTrace.cs:35)
UnityEngine.DebugLogHandler:Internal_Log (UnityEngine.LogType,UnityEngine.LogOption,string,UnityEngine.Object)
UnityEngine.DebugLogHandler:LogFormat (UnityEngine.LogType,UnityEngine.Object,string,object[]) (at /Users/bokken/build/output/unity/unity/Runtime/Export/Logging/DebugLogHandler.cs:9)
UnityEngine.Logger:Log (UnityEngine.LogType,object) (at /Users/bokken/build/output/unity/unity/Runtime/Export/Logging/Logger.cs:60)
UnityEngine.Debug:Log (object) (at /Users/bokken/build/output/unity/unity/Runtime/Export/Debug/Debug.bindings.cs:123)
PerfScenario:StartRecorders () (at /Users/philipp/Projects/3DTD/3DTD/3DTD/Assets/Scripts/Diagnostics/PerfScenario.cs:747)
PerfScenario/<Start>d__43:MoveNext () (at /Users/philipp/Projects/3DTD/3DTD/3DTD/Assets/Scripts/Diagnostics/PerfScenario.cs:292)
UnityEngine.SetupCoroutine:InvokeMoveNext (System.Collections.IEnumerator,intptr) (at /Users/bokken/build/output/unity/unity/Runtime/Export/Scripting/Coroutines.cs:17)

(Filename: /Users/bokken/build/output/unity/unity/Runtime/Export/Debug/Debug.bindings.cs Line: 123)

PERF MARKER Loading / Async.TextureReadCompleteCallback
UnityEngine.Debug:ExtractStackTraceNoAlloc (byte*,int,string)
UnityEngine.StackTraceUtility:ExtractStackTrace () (at /Users/bokken/build/output/unity/unity/Runtime/Export/Scripting/StackTrace.cs:35)
UnityEngine.DebugLogHandler:Internal_Log (UnityEngine.LogType,UnityEngine.LogOption,string,UnityEngine.Object)
UnityEngine.DebugLogHandler:LogFormat (UnityEngine.LogType,UnityEngine.Object,string,object[]) (at /Users/bokken/build/output/unity/unity/Runtime/Export/Logging/DebugLogHandler.cs:9)
UnityEngine.Logger:Log (UnityEngine.LogType,object) (at /Users/bokken/build/output/unity/unity/Runtime/Export/Logging/Logger.cs:60)
UnityEngine.Debug:Log (object) (at /Users/bokken/build/output/unity/unity/Runtime/Export/Debug/Debug.bindings.cs:123)
PerfScenario:StartRecorders () (at /Users/philipp/Projects/3DTD/3DTD/3DTD/Assets/Scripts/Diagnostics/PerfScenario.cs:747)
PerfScenario/<Start>d__43:MoveNext () (at /Users/philipp/Projects/3DTD/3DTD/3DTD/Assets/Scripts/Diagnostics/PerfScenario.cs:292)
UnityEngine.SetupCoroutine:InvokeMoveNext (System.Collections.IEnumerator,intptr) (at /Users/bokken/build/output/unity/unity/Runtime/Export/Scripting/Coroutines.cs:17)

(Filename: /Users/bokken/build/output/unity/unity/Runtime/Export/Debug/Debug.bindings.cs Line: 123)

PERF MARKER Loading / Async.PrecreateTextureJob
UnityEngine.Debug:ExtractStackTraceNoAlloc (byte*,int,string)
UnityEngine.StackTraceUtility:ExtractStackTrace () (at /Users/bokken/build/output/unity/unity/Runtime/Export/Scripting/StackTrace.cs:35)
UnityEngine.DebugLogHandler:Internal_Log (UnityEngine.LogType,UnityEngine.LogOption,string,UnityEngine.Object)
UnityEngine.DebugLogHandler:LogFormat (UnityEngine.LogType,UnityEngine.Object,string,object[]) (at /Users/bokken/build/output/unity/unity/Runtime/Export/Logging/DebugLogHandler.cs:9)
UnityEngine.Logger:Log (UnityEngine.LogType,object) (at /Users/bokken/build/output/unity/unity/Runtime/Export/Logging/Logger.cs:60)
UnityEngine.Debug:Log (object) (at /Users/bokken/build/output/unity/unity/Runtime/Export/Debug/Debug.bindings.cs:123)
PerfScenario:StartRecorders () (at /Users/philipp/Projects/3DTD/3DTD/3DTD/Assets/Scripts/Diagnostics/PerfScenario.cs:747)
PerfScenario/<Start>d__43:MoveNext () (at /Users/philipp/Projects/3DTD/3DTD/3DTD/Assets/Scripts/Diagnostics/PerfScenario.cs:292)
UnityEngine.SetupCoroutine:InvokeMoveNext (System.Collections.IEnumerator,intptr) (at /Users/bokken/build/output/unity/unity/Runtime/Export/Scripting/Coroutines.cs:17)

(Filename: /Users/bokken/build/output/unity/unity/Runtime/Export/Debug/Debug.bindings.cs Line: 123)

PERF MARKER Loading / Async.DoCubemapMipmapJob
UnityEngine.Debug:ExtractStackTraceNoAlloc (byte*,int,string)
UnityEngine.StackTraceUtility:ExtractStackTrace () (at /Users/bokken/build/output/unity/unity/Runtime/Export/Scripting/StackTrace.cs:35)
UnityEngine.DebugLogHandler:Internal_Log (UnityEngine.LogType,UnityEngine.LogOption,string,UnityEngine.Object)
UnityEngine.DebugLogHandler:LogFormat (UnityEngine.LogType,UnityEngine.Object,string,object[]) (at /Users/bokken/build/output/unity/unity/Runtime/Export/Logging/DebugLogHandler.cs:9)
UnityEngine.Logger:Log (UnityEngine.LogType,object) (at /Users/bokken/build/output/unity/unity/Runtime/Export/Logging/Logger.cs:60)
UnityEngine.Debug:Log (object) (at /Users/bokken/build/output/unity/unity/Runtime/Export/Debug/Debug.bindings.cs:123)
PerfScenario:StartRecorders () (at /Users/philipp/Projects/3DTD/3DTD/3DTD/Assets/Scripts/Diagnostics/PerfScenario.cs:747)
PerfScenario/<Start>d__43:MoveNext () (at /Users/philipp/Projects/3DTD/3DTD/3DTD/Assets/Scripts/Diagnostics/PerfScenario.cs:292)
UnityEngine.SetupCoroutine:InvokeMoveNext (System.Collections.IEnumerator,intptr) (at /Users/bokken/build/output/unity/unity/Runtime/Export/Scripting/Coroutines.cs:17)

(Filename: /Users/bokken/build/output/unity/unity/Runtime/Export/Debug/Debug.bindings.cs Line: 123)

PERF MARKER Loading / Async.ScalingAndPaddingTexture
UnityEngine.Debug:ExtractStackTraceNoAlloc (byte*,int,string)
UnityEngine.StackTraceUtility:ExtractStackTrace () (at /Users/bokken/build/output/unity/unity/Runtime/Export/Scripting/StackTrace.cs:35)
UnityEngine.DebugLogHandler:Internal_Log (UnityEngine.LogType,UnityEngine.LogOption,string,UnityEngine.Object)
UnityEngine.DebugLogHandler:LogFormat (UnityEngine.LogType,UnityEngine.Object,string,object[]) (at /Users/bokken/build/output/unity/unity/Runtime/Export/Logging/DebugLogHandler.cs:9)
UnityEngine.Logger:Log (UnityEngine.LogType,object) (at /Users/bokken/build/output/unity/unity/Runtime/Export/Logging/Logger.cs:60)
UnityEngine.Debug:Log (object) (at /Users/bokken/build/output/unity/unity/Runtime/Export/Debug/Debug.bindings.cs:123)
PerfScenario:StartRecorders () (at /Users/philipp/Projects/3DTD/3DTD/3DTD/Assets/Scripts/Diagnostics/PerfScenario.cs:747)
PerfScenario/<Start>d__43:MoveNext () (at /Users/philipp/Projects/3DTD/3DTD/3DTD/Assets/Scripts/Diagnostics/PerfScenario.cs:292)
UnityEngine.SetupCoroutine:InvokeMoveNext (System.Collections.IEnumerator,intptr) (at /Users/bokken/build/output/unity/unity/Runtime/Export/Scripting/Coroutines.cs:17)

(Filename: /Users/bokken/build/output/unity/unity/Runtime/Export/Debug/Debug.bindings.cs Line: 123)

PERF MARKER Loading / Async.CubemapMipSkipping
UnityEngine.Debug:ExtractStackTraceNoAlloc (byte*,int,string)
UnityEngine.StackTraceUtility:ExtractStackTrace () (at /Users/bokken/build/output/unity/unity/Runtime/Export/Scripting/StackTrace.cs:35)
UnityEngine.DebugLogHandler:Internal_Log (UnityEngine.LogType,UnityEngine.LogOption,string,UnityEngine.Object)
UnityEngine.DebugLogHandler:LogFormat (UnityEngine.LogType,UnityEngine.Object,string,object[]) (at /Users/bokken/build/output/unity/unity/Runtime/Export/Logging/DebugLogHandler.cs:9)
UnityEngine.Logger:Log (UnityEngine.LogType,object) (at /Users/bokken/build/output/unity/unity/Runtime/Export/Logging/Logger.cs:60)
UnityEngine.Debug:Log (object) (at /Users/bokken/build/output/unity/unity/Runtime/Export/Debug/Debug.bindings.cs:123)
PerfScenario:StartRecorders () (at /Users/philipp/Projects/3DTD/3DTD/3DTD/Assets/Scripts/Diagnostics/PerfScenario.cs:747)
PerfScenario/<Start>d__43:MoveNext () (at /Users/philipp/Projects/3DTD/3DTD/3DTD/Assets/Scripts/Diagnostics/PerfScenario.cs:292)
UnityEngine.SetupCoroutine:InvokeMoveNext (System.Collections.IEnumerator,intptr) (at /Users/bokken/build/output/unity/unity/Runtime/Export/Scripting/Coroutines.cs:17)

(Filename: /Users/bokken/build/output/unity/unity/Runtime/Export/Debug/Debug.bindings.cs Line: 123)

PERF MARKER Loading / Async.DecrunchTexture
UnityEngine.Debug:ExtractStackTraceNoAlloc (byte*,int,string)
UnityEngine.StackTraceUtility:ExtractStackTrace () (at /Users/bokken/build/output/unity/unity/Runtime/Export/Scripting/StackTrace.cs:35)
UnityEngine.DebugLogHandler:Internal_Log (UnityEngine.LogType,UnityEngine.LogOption,string,UnityEngine.Object)
UnityEngine.DebugLogHandler:LogFormat (UnityEngine.LogType,UnityEngine.Object,string,object[]) (at /Users/bokken/build/output/unity/unity/Runtime/Export/Logging/DebugLogHandler.cs:9)
UnityEngine.Logger:Log (UnityEngine.LogType,object) (at /Users/bokken/build/output/unity/unity/Runtime/Export/Logging/Logger.cs:60)
UnityEngine.Debug:Log (object) (at /Users/bokken/build/output/unity/unity/Runtime/Export/Debug/Debug.bindings.cs:123)
PerfScenario:StartRecorders () (at /Users/philipp/Projects/3DTD/3DTD/3DTD/Assets/Scripts/Diagnostics/PerfScenario.cs:747)
PerfScenario/<Start>d__43:MoveNext () (at /Users/philipp/Projects/3DTD/3DTD/3DTD/Assets/Scripts/Diagnostics/PerfScenario.cs:292)
UnityEngine.SetupCoroutine:InvokeMoveNext (System.Collections.IEnumerator,intptr) (at /Users/bokken/build/output/unity/unity/Runtime/Export/Scripting/Coroutines.cs:17)

(Filename: /Users/bokken/build/output/unity/unity/Runtime/Export/Debug/Debug.bindings.cs Line: 123)

PERF MARKER Loading / Async.DirectTextureUploadComplete
UnityEngine.Debug:ExtractStackTraceNoAlloc (byte*,int,string)
UnityEngine.StackTraceUtility:ExtractStackTrace () (at /Users/bokken/build/output/unity/unity/Runtime/Export/Scripting/StackTrace.cs:35)
UnityEngine.DebugLogHandler:Internal_Log (UnityEngine.LogType,UnityEngine.LogOption,string,UnityEngine.Object)
UnityEngine.DebugLogHandler:LogFormat (UnityEngine.LogType,UnityEngine.Object,string,object[]) (at /Users/bokken/build/output/unity/unity/Runtime/Export/Logging/DebugLogHandler.cs:9)
UnityEngine.Logger:Log (UnityEngine.LogType,object) (at /Users/bokken/build/output/unity/unity/Runtime/Export/Logging/Logger.cs:60)
UnityEngine.Debug:Log (object) (at /Users/bokken/build/output/unity/unity/Runtime/Export/Debug/Debug.bindings.cs:123)
PerfScenario:StartRecorders () (at /Users/philipp/Projects/3DTD/3DTD/3DTD/Assets/Scripts/Diagnostics/PerfScenario.cs:747)
PerfScenario/<Start>d__43:MoveNext () (at /Users/philipp/Projects/3DTD/3DTD/3DTD/Assets/Scripts/Diagnostics/PerfScenario.cs:292)
UnityEngine.SetupCoroutine:InvokeMoveNext (System.Collections.IEnumerator,intptr) (at /Users/bokken/build/output/unity/unity/Runtime/Export/Scripting/Coroutines.cs:17)

(Filename: /Users/bokken/build/output/unity/unity/Runtime/Export/Debug/Debug.bindings.cs Line: 123)

PERF MARKER Loading / Async.DirectTextureEndWrite
UnityEngine.Debug:ExtractStackTraceNoAlloc (byte*,int,string)
UnityEngine.StackTraceUtility:ExtractStackTrace () (at /Users/bokken/build/output/unity/unity/Runtime/Export/Scripting/StackTrace.cs:35)
UnityEngine.DebugLogHandler:Internal_Log (UnityEngine.LogType,UnityEngine.LogOption,string,UnityEngine.Object)
UnityEngine.DebugLogHandler:LogFormat (UnityEngine.LogType,UnityEngine.Object,string,object[]) (at /Users/bokken/build/output/unity/unity/Runtime/Export/Logging/DebugLogHandler.cs:9)
UnityEngine.Logger:Log (UnityEngine.LogType,object) (at /Users/bokken/build/output/unity/unity/Runtime/Export/Logging/Logger.cs:60)
UnityEngine.Debug:Log (object) (at /Users/bokken/build/output/unity/unity/Runtime/Export/Debug/Debug.bindings.cs:123)
PerfScenario:StartRecorders () (at /Users/philipp/Projects/3DTD/3DTD/3DTD/Assets/Scripts/Diagnostics/PerfScenario.cs:747)
PerfScenario/<Start>d__43:MoveNext () (at /Users/philipp/Projects/3DTD/3DTD/3DTD/Assets/Scripts/Diagnostics/PerfScenario.cs:292)
UnityEngine.SetupCoroutine:InvokeMoveNext (System.Collections.IEnumerator,intptr) (at /Users/bokken/build/output/unity/unity/Runtime/Export/Scripting/Coroutines.cs:17)

(Filename: /Users/bokken/build/output/unity/unity/Runtime/Export/Debug/Debug.bindings.cs Line: 123)

PERF MARKER Loading / Async.DirectTextureReadComplete
UnityEngine.Debug:ExtractStackTraceNoAlloc (byte*,int,string)
UnityEngine.StackTraceUtility:ExtractStackTrace () (at /Users/bokken/build/output/unity/unity/Runtime/Export/Scripting/StackTrace.cs:35)
UnityEngine.DebugLogHandler:Internal_Log (UnityEngine.LogType,UnityEngine.LogOption,string,UnityEngine.Object)
UnityEngine.DebugLogHandler:LogFormat (UnityEngine.LogType,UnityEngine.Object,string,object[]) (at /Users/bokken/build/output/unity/unity/Runtime/Export/Logging/DebugLogHandler.cs:9)
UnityEngine.Logger:Log (UnityEngine.LogType,object) (at /Users/bokken/build/output/unity/unity/Runtime/Export/Logging/Logger.cs:60)
UnityEngine.Debug:Log (object) (at /Users/bokken/build/output/unity/unity/Runtime/Export/Debug/Debug.bindings.cs:123)
PerfScenario:StartRecorders () (at /Users/philipp/Projects/3DTD/3DTD/3DTD/Assets/Scripts/Diagnostics/PerfScenario.cs:747)
PerfScenario/<Start>d__43:MoveNext () (at /Users/philipp/Projects/3DTD/3DTD/3DTD/Assets/Scripts/Diagnostics/PerfScenario.cs:292)
UnityEngine.SetupCoroutine:InvokeMoveNext (System.Collections.IEnumerator,intptr) (at /Users/bokken/build/output/unity/unity/Runtime/Export/Scripting/Coroutines.cs:17)

(Filename: /Users/bokken/build/output/unity/unity/Runtime/Export/Debug/Debug.bindings.cs Line: 123)

PERF MARKER Loading / Async.DirectTextureLoadStart
UnityEngine.Debug:ExtractStackTraceNoAlloc (byte*,int,string)
UnityEngine.StackTraceUtility:ExtractStackTrace () (at /Users/bokken/build/output/unity/unity/Runtime/Export/Scripting/StackTrace.cs:35)
UnityEngine.DebugLogHandler:Internal_Log (UnityEngine.LogType,UnityEngine.LogOption,string,UnityEngine.Object)
UnityEngine.DebugLogHandler:LogFormat (UnityEngine.LogType,UnityEngine.Object,string,object[]) (at /Users/bokken/build/output/unity/unity/Runtime/Export/Logging/DebugLogHandler.cs:9)
UnityEngine.Logger:Log (UnityEngine.LogType,object) (at /Users/bokken/build/output/unity/unity/Runtime/Export/Logging/Logger.cs:60)
UnityEngine.Debug:Log (object) (at /Users/bokken/build/output/unity/unity/Runtime/Export/Debug/Debug.bindings.cs:123)
PerfScenario:StartRecorders () (at /Users/philipp/Projects/3DTD/3DTD/3DTD/Assets/Scripts/Diagnostics/PerfScenario.cs:747)
PerfScenario/<Start>d__43:MoveNext () (at /Users/philipp/Projects/3DTD/3DTD/3DTD/Assets/Scripts/Diagnostics/PerfScenario.cs:292)
UnityEngine.SetupCoroutine:InvokeMoveNext (System.Collections.IEnumerator,intptr) (at /Users/bokken/build/output/unity/unity/Runtime/Export/Scripting/Coroutines.cs:17)

(Filename: /Users/bokken/build/output/unity/unity/Runtime/Export/Debug/Debug.bindings.cs Line: 123)

PERF MARKER Loading / Async.DirectTextureRequestGPU
UnityEngine.Debug:ExtractStackTraceNoAlloc (byte*,int,string)
UnityEngine.StackTraceUtility:ExtractStackTrace () (at /Users/bokken/build/output/unity/unity/Runtime/Export/Scripting/StackTrace.cs:35)
UnityEngine.DebugLogHandler:Internal_Log (UnityEngine.LogType,UnityEngine.LogOption,string,UnityEngine.Object)
UnityEngine.DebugLogHandler:LogFormat (UnityEngine.LogType,UnityEngine.Object,string,object[]) (at /Users/bokken/build/output/unity/unity/Runtime/Export/Logging/DebugLogHandler.cs:9)
UnityEngine.Logger:Log (UnityEngine.LogType,object) (at /Users/bokken/build/output/unity/unity/Runtime/Export/Logging/Logger.cs:60)
UnityEngine.Debug:Log (object) (at /Users/bokken/build/output/unity/unity/Runtime/Export/Debug/Debug.bindings.cs:123)
PerfScenario:StartRecorders () (at /Users/philipp/Projects/3DTD/3DTD/3DTD/Assets/Scripts/Diagnostics/PerfScenario.cs:747)
PerfScenario/<Start>d__43:MoveNext () (at /Users/philipp/Projects/3DTD/3DTD/3DTD/Assets/Scripts/Diagnostics/PerfScenario.cs:292)
UnityEngine.SetupCoroutine:InvokeMoveNext (System.Collections.IEnumerator,intptr) (at /Users/bokken/build/output/unity/unity/Runtime/Export/Scripting/Coroutines.cs:17)

(Filename: /Users/bokken/build/output/unity/unity/Runtime/Export/Debug/Debug.bindings.cs Line: 123)

PERF MARKER Loading / Async.DirectTextureCreate
UnityEngine.Debug:ExtractStackTraceNoAlloc (byte*,int,string)
UnityEngine.StackTraceUtility:ExtractStackTrace () (at /Users/bokken/build/output/unity/unity/Runtime/Export/Scripting/StackTrace.cs:35)
UnityEngine.DebugLogHandler:Internal_Log (UnityEngine.LogType,UnityEngine.LogOption,string,UnityEngine.Object)
UnityEngine.DebugLogHandler:LogFormat (UnityEngine.LogType,UnityEngine.Object,string,object[]) (at /Users/bokken/build/output/unity/unity/Runtime/Export/Logging/DebugLogHandler.cs:9)
UnityEngine.Logger:Log (UnityEngine.LogType,object) (at /Users/bokken/build/output/unity/unity/Runtime/Export/Logging/Logger.cs:60)
UnityEngine.Debug:Log (object) (at /Users/bokken/build/output/unity/unity/Runtime/Export/Debug/Debug.bindings.cs:123)
PerfScenario:StartRecorders () (at /Users/philipp/Projects/3DTD/3DTD/3DTD/Assets/Scripts/Diagnostics/PerfScenario.cs:747)
PerfScenario/<Start>d__43:MoveNext () (at /Users/philipp/Projects/3DTD/3DTD/3DTD/Assets/Scripts/Diagnostics/PerfScenario.cs:292)
UnityEngine.SetupCoroutine:InvokeMoveNext (System.Collections.IEnumerator,intptr) (at /Users/bokken/build/output/unity/unity/Runtime/Export/Scripting/Coroutines.cs:17)

(Filename: /Users/bokken/build/output/unity/unity/Runtime/Export/Debug/Debug.bindings.cs Line: 123)

PERF MARKER Loading / Async.DirectTextureLoadBegin
UnityEngine.Debug:ExtractStackTraceNoAlloc (byte*,int,string)
UnityEngine.StackTraceUtility:ExtractStackTrace () (at /Users/bokken/build/output/unity/unity/Runtime/Export/Scripting/StackTrace.cs:35)
UnityEngine.DebugLogHandler:Internal_Log (UnityEngine.LogType,UnityEngine.LogOption,string,UnityEngine.Object)
UnityEngine.DebugLogHandler:LogFormat (UnityEngine.LogType,UnityEngine.Object,string,object[]) (at /Users/bokken/build/output/unity/unity/Runtime/Export/Logging/DebugLogHandler.cs:9)
UnityEngine.Logger:Log (UnityEngine.LogType,object) (at /Users/bokken/build/output/unity/unity/Runtime/Export/Logging/Logger.cs:60)
UnityEngine.Debug:Log (object) (at /Users/bokken/build/output/unity/unity/Runtime/Export/Debug/Debug.bindings.cs:123)
PerfScenario:StartRecorders () (at /Users/philipp/Projects/3DTD/3DTD/3DTD/Assets/Scripts/Diagnostics/PerfScenario.cs:747)
PerfScenario/<Start>d__43:MoveNext () (at /Users/philipp/Projects/3DTD/3DTD/3DTD/Assets/Scripts/Diagnostics/PerfScenario.cs:292)
UnityEngine.SetupCoroutine:InvokeMoveNext (System.Collections.IEnumerator,intptr) (at /Users/bokken/build/output/unity/unity/Runtime/Export/Scripting/Coroutines.cs:17)

(Filename: /Users/bokken/build/output/unity/unity/Runtime/Export/Debug/Debug.bindings.cs Line: 123)

PERF MARKER Loading / Async.UploadTexture
UnityEngine.Debug:ExtractStackTraceNoAlloc (byte*,int,string)
UnityEngine.StackTraceUtility:ExtractStackTrace () (at /Users/bokken/build/output/unity/unity/Runtime/Export/Scripting/StackTrace.cs:35)
UnityEngine.DebugLogHandler:Internal_Log (UnityEngine.LogType,UnityEngine.LogOption,string,UnityEngine.Object)
UnityEngine.DebugLogHandler:LogFormat (UnityEngine.LogType,UnityEngine.Object,string,object[]) (at /Users/bokken/build/output/unity/unity/Runtime/Export/Logging/DebugLogHandler.cs:9)
UnityEngine.Logger:Log (UnityEngine.LogType,object) (at /Users/bokken/build/output/unity/unity/Runtime/Export/Logging/Logger.cs:60)
UnityEngine.Debug:Log (object) (at /Users/bokken/build/output/unity/unity/Runtime/Export/Debug/Debug.bindings.cs:123)
PerfScenario:StartRecorders () (at /Users/philipp/Projects/3DTD/3DTD/3DTD/Assets/Scripts/Diagnostics/PerfScenario.cs:747)
PerfScenario/<Start>d__43:MoveNext () (at /Users/philipp/Projects/3DTD/3DTD/3DTD/Assets/Scripts/Diagnostics/PerfScenario.cs:292)
UnityEngine.SetupCoroutine:InvokeMoveNext (System.Collections.IEnumerator,intptr) (at /Users/bokken/build/output/unity/unity/Runtime/Export/Scripting/Coroutines.cs:17)

(Filename: /Users/bokken/build/output/unity/unity/Runtime/Export/Debug/Debug.bindings.cs Line: 123)

PERF MARKER Loading / Async.UploadTextureBegin
UnityEngine.Debug:ExtractStackTraceNoAlloc (byte*,int,string)
UnityEngine.StackTraceUtility:ExtractStackTrace () (at /Users/bokken/build/output/unity/unity/Runtime/Export/Scripting/StackTrace.cs:35)
UnityEngine.DebugLogHandler:Internal_Log (UnityEngine.LogType,UnityEngine.LogOption,string,UnityEngine.Object)
UnityEngine.DebugLogHandler:LogFormat (UnityEngine.LogType,UnityEngine.Object,string,object[]) (at /Users/bokken/build/output/unity/unity/Runtime/Export/Logging/DebugLogHandler.cs:9)
UnityEngine.Logger:Log (UnityEngine.LogType,object) (at /Users/bokken/build/output/unity/unity/Runtime/Export/Logging/Logger.cs:60)
UnityEngine.Debug:Log (object) (at /Users/bokken/build/output/unity/unity/Runtime/Export/Debug/Debug.bindings.cs:123)
PerfScenario:StartRecorders () (at /Users/philipp/Projects/3DTD/3DTD/3DTD/Assets/Scripts/Diagnostics/PerfScenario.cs:747)
PerfScenario/<Start>d__43:MoveNext () (at /Users/philipp/Projects/3DTD/3DTD/3DTD/Assets/Scripts/Diagnostics/PerfScenario.cs:292)
UnityEngine.SetupCoroutine:InvokeMoveNext (System.Collections.IEnumerator,intptr) (at /Users/bokken/build/output/unity/unity/Runtime/Export/Scripting/Coroutines.cs:17)

(Filename: /Users/bokken/build/output/unity/unity/Runtime/Export/Debug/Debug.bindings.cs Line: 123)

PERF MARKER Loading / InstantiateAsync
UnityEngine.Debug:ExtractStackTraceNoAlloc (byte*,int,string)
UnityEngine.StackTraceUtility:ExtractStackTrace () (at /Users/bokken/build/output/unity/unity/Runtime/Export/Scripting/StackTrace.cs:35)
UnityEngine.DebugLogHandler:Internal_Log (UnityEngine.LogType,UnityEngine.LogOption,string,UnityEngine.Object)
UnityEngine.DebugLogHandler:LogFormat (UnityEngine.LogType,UnityEngine.Object,string,object[]) (at /Users/bokken/build/output/unity/unity/Runtime/Export/Logging/DebugLogHandler.cs:9)
UnityEngine.Logger:Log (UnityEngine.LogType,object) (at /Users/bokken/build/output/unity/unity/Runtime/Export/Logging/Logger.cs:60)
UnityEngine.Debug:Log (object) (at /Users/bokken/build/output/unity/unity/Runtime/Export/Debug/Debug.bindings.cs:123)
PerfScenario:StartRecorders () (at /Users/philipp/Projects/3DTD/3DTD/3DTD/Assets/Scripts/Diagnostics/PerfScenario.cs:747)
PerfScenario/<Start>d__43:MoveNext () (at /Users/philipp/Projects/3DTD/3DTD/3DTD/Assets/Scripts/Diagnostics/PerfScenario.cs:292)
UnityEngine.SetupCoroutine:InvokeMoveNext (System.Collections.IEnumerator,intptr) (at /Users/bokken/build/output/unity/unity/Runtime/Export/Scripting/Coroutines.cs:17)

(Filename: /Users/bokken/build/output/unity/unity/Runtime/Export/Debug/Debug.bindings.cs Line: 123)

PERF MARKER Loading / AsyncInstantiateOperation.WaitForCompletion
UnityEngine.Debug:ExtractStackTraceNoAlloc (byte*,int,string)
UnityEngine.StackTraceUtility:ExtractStackTrace () (at /Users/bokken/build/output/unity/unity/Runtime/Export/Scripting/StackTrace.cs:35)
UnityEngine.DebugLogHandler:Internal_Log (UnityEngine.LogType,UnityEngine.LogOption,string,UnityEngine.Object)
UnityEngine.DebugLogHandler:LogFormat (UnityEngine.LogType,UnityEngine.Object,string,object[]) (at /Users/bokken/build/output/unity/unity/Runtime/Export/Logging/DebugLogHandler.cs:9)
UnityEngine.Logger:Log (UnityEngine.LogType,object) (at /Users/bokken/build/output/unity/unity/Runtime/Export/Logging/Logger.cs:60)
UnityEngine.Debug:Log (object) (at /Users/bokken/build/output/unity/unity/Runtime/Export/Debug/Debug.bindings.cs:123)
PerfScenario:StartRecorders () (at /Users/philipp/Projects/3DTD/3DTD/3DTD/Assets/Scripts/Diagnostics/PerfScenario.cs:747)
PerfScenario/<Start>d__43:MoveNext () (at /Users/philipp/Projects/3DTD/3DTD/3DTD/Assets/Scripts/Diagnostics/PerfScenario.cs:292)
UnityEngine.SetupCoroutine:InvokeMoveNext (System.Collections.IEnumerator,intptr) (at /Users/bokken/build/output/unity/unity/Runtime/Export/Scripting/Coroutines.cs:17)

(Filename: /Users/bokken/build/output/unity/unity/Runtime/Export/Debug/Debug.bindings.cs Line: 123)

PERF MARKER Loading / AsyncInstantiateOperation.IntegrateInMainThread
UnityEngine.Debug:ExtractStackTraceNoAlloc (byte*,int,string)
UnityEngine.StackTraceUtility:ExtractStackTrace () (at /Users/bokken/build/output/unity/unity/Runtime/Export/Scripting/StackTrace.cs:35)
UnityEngine.DebugLogHandler:Internal_Log (UnityEngine.LogType,UnityEngine.LogOption,string,UnityEngine.Object)
UnityEngine.DebugLogHandler:LogFormat (UnityEngine.LogType,UnityEngine.Object,string,object[]) (at /Users/bokken/build/output/unity/unity/Runtime/Export/Logging/DebugLogHandler.cs:9)
UnityEngine.Logger:Log (UnityEngine.LogType,object) (at /Users/bokken/build/output/unity/unity/Runtime/Export/Logging/Logger.cs:60)
UnityEngine.Debug:Log (object) (at /Users/bokken/build/output/unity/unity/Runtime/Export/Debug/Debug.bindings.cs:123)
PerfScenario:StartRecorders () (at /Users/philipp/Projects/3DTD/3DTD/3DTD/Assets/Scripts/Diagnostics/PerfScenario.cs:747)
PerfScenario/<Start>d__43:MoveNext () (at /Users/philipp/Projects/3DTD/3DTD/3DTD/Assets/Scripts/Diagnostics/PerfScenario.cs:292)
UnityEngine.SetupCoroutine:InvokeMoveNext (System.Collections.IEnumerator,intptr) (at /Users/bokken/build/output/unity/unity/Runtime/Export/Scripting/Coroutines.cs:17)

(Filename: /Users/bokken/build/output/unity/unity/Runtime/Export/Debug/Debug.bindings.cs Line: 123)

PERF MARKER Loading / AsyncInstantiateOperation.CancelAndCleanupInMainThread
UnityEngine.Debug:ExtractStackTraceNoAlloc (byte*,int,string)
UnityEngine.StackTraceUtility:ExtractStackTrace () (at /Users/bokken/build/output/unity/unity/Runtime/Export/Scripting/StackTrace.cs:35)
UnityEngine.DebugLogHandler:Internal_Log (UnityEngine.LogType,UnityEngine.LogOption,string,UnityEngine.Object)
UnityEngine.DebugLogHandler:LogFormat (UnityEngine.LogType,UnityEngine.Object,string,object[]) (at /Users/bokken/build/output/unity/unity/Runtime/Export/Logging/DebugLogHandler.cs:9)
UnityEngine.Logger:Log (UnityEngine.LogType,object) (at /Users/bokken/build/output/unity/unity/Runtime/Export/Logging/Logger.cs:60)
UnityEngine.Debug:Log (object) (at /Users/bokken/build/output/unity/unity/Runtime/Export/Debug/Debug.bindings.cs:123)
PerfScenario:StartRecorders () (at /Users/philipp/Projects/3DTD/3DTD/3DTD/Assets/Scripts/Diagnostics/PerfScenario.cs:747)
PerfScenario/<Start>d__43:MoveNext () (at /Users/philipp/Projects/3DTD/3DTD/3DTD/Assets/Scripts/Diagnostics/PerfScenario.cs:292)
UnityEngine.SetupCoroutine:InvokeMoveNext (System.Collections.IEnumerator,intptr) (at /Users/bokken/build/output/unity/unity/Runtime/Export/Scripting/Coroutines.cs:17)

(Filename: /Users/bokken/build/output/unity/unity/Runtime/Export/Debug/Debug.bindings.cs Line: 123)

PERF MARKER Loading / AsyncInstantiateOperation.Create
UnityEngine.Debug:ExtractStackTraceNoAlloc (byte*,int,string)
UnityEngine.StackTraceUtility:ExtractStackTrace () (at /Users/bokken/build/output/unity/unity/Runtime/Export/Scripting/StackTrace.cs:35)
UnityEngine.DebugLogHandler:Internal_Log (UnityEngine.LogType,UnityEngine.LogOption,string,UnityEngine.Object)
UnityEngine.DebugLogHandler:LogFormat (UnityEngine.LogType,UnityEngine.Object,string,object[]) (at /Users/bokken/build/output/unity/unity/Runtime/Export/Logging/DebugLogHandler.cs:9)
UnityEngine.Logger:Log (UnityEngine.LogType,object) (at /Users/bokken/build/output/unity/unity/Runtime/Export/Logging/Logger.cs:60)
UnityEngine.Debug:Log (object) (at /Users/bokken/build/output/unity/unity/Runtime/Export/Debug/Debug.bindings.cs:123)
PerfScenario:StartRecorders () (at /Users/philipp/Projects/3DTD/3DTD/3DTD/Assets/Scripts/Diagnostics/PerfScenario.cs:747)
PerfScenario/<Start>d__43:MoveNext () (at /Users/philipp/Projects/3DTD/3DTD/3DTD/Assets/Scripts/Diagnostics/PerfScenario.cs:292)
UnityEngine.SetupCoroutine:InvokeMoveNext (System.Collections.IEnumerator,intptr) (at /Users/bokken/build/output/unity/unity/Runtime/Export/Scripting/Coroutines.cs:17)

(Filename: /Users/bokken/build/output/unity/unity/Runtime/Export/Debug/Debug.bindings.cs Line: 123)

PERF MARKER Loading / AsyncReadManager.GetFileInfo
UnityEngine.Debug:ExtractStackTraceNoAlloc (byte*,int,string)
UnityEngine.StackTraceUtility:ExtractStackTrace () (at /Users/bokken/build/output/unity/unity/Runtime/Export/Scripting/StackTrace.cs:35)
UnityEngine.DebugLogHandler:Internal_Log (UnityEngine.LogType,UnityEngine.LogOption,string,UnityEngine.Object)
UnityEngine.DebugLogHandler:LogFormat (UnityEngine.LogType,UnityEngine.Object,string,object[]) (at /Users/bokken/build/output/unity/unity/Runtime/Export/Logging/DebugLogHandler.cs:9)
UnityEngine.Logger:Log (UnityEngine.LogType,object) (at /Users/bokken/build/output/unity/unity/Runtime/Export/Logging/Logger.cs:60)
UnityEngine.Debug:Log (object) (at /Users/bokken/build/output/unity/unity/Runtime/Export/Debug/Debug.bindings.cs:123)
PerfScenario:StartRecorders () (at /Users/philipp/Projects/3DTD/3DTD/3DTD/Assets/Scripts/Diagnostics/PerfScenario.cs:747)
PerfScenario/<Start>d__43:MoveNext () (at /Users/philipp/Projects/3DTD/3DTD/3DTD/Assets/Scripts/Diagnostics/PerfScenario.cs:292)
UnityEngine.SetupCoroutine:InvokeMoveNext (System.Collections.IEnumerator,intptr) (at /Users/bokken/build/output/unity/unity/Runtime/Export/Scripting/Coroutines.cs:17)

(Filename: /Users/bokken/build/output/unity/unity/Runtime/Export/Debug/Debug.bindings.cs Line: 123)

PERF MARKER Loading / AsyncReadManager.CloseHandleAsync
UnityEngine.Debug:ExtractStackTraceNoAlloc (byte*,int,string)
UnityEngine.StackTraceUtility:ExtractStackTrace () (at /Users/bokken/build/output/unity/unity/Runtime/Export/Scripting/StackTrace.cs:35)
UnityEngine.DebugLogHandler:Internal_Log (UnityEngine.LogType,UnityEngine.LogOption,string,UnityEngine.Object)
UnityEngine.DebugLogHandler:LogFormat (UnityEngine.LogType,UnityEngine.Object,string,object[]) (at /Users/bokken/build/output/unity/unity/Runtime/Export/Logging/DebugLogHandler.cs:9)
UnityEngine.Logger:Log (UnityEngine.LogType,object) (at /Users/bokken/build/output/unity/unity/Runtime/Export/Logging/Logger.cs:60)
UnityEngine.Debug:Log (object) (at /Users/bokken/build/output/unity/unity/Runtime/Export/Debug/Debug.bindings.cs:123)
PerfScenario:StartRecorders () (at /Users/philipp/Projects/3DTD/3DTD/3DTD/Assets/Scripts/Diagnostics/PerfScenario.cs:747)
PerfScenario/<Start>d__43:MoveNext () (at /Users/philipp/Projects/3DTD/3DTD/3DTD/Assets/Scripts/Diagnostics/PerfScenario.cs:292)
UnityEngine.SetupCoroutine:InvokeMoveNext (System.Collections.IEnumerator,intptr) (at /Users/bokken/build/output/unity/unity/Runtime/Export/Scripting/Coroutines.cs:17)

(Filename: /Users/bokken/build/output/unity/unity/Runtime/Export/Debug/Debug.bindings.cs Line: 123)

PERF MARKER Loading / AsyncReadManager.CloseFileAsync
UnityEngine.Debug:ExtractStackTraceNoAlloc (byte*,int,string)
UnityEngine.StackTraceUtility:ExtractStackTrace () (at /Users/bokken/build/output/unity/unity/Runtime/Export/Scripting/StackTrace.cs:35)
UnityEngine.DebugLogHandler:Internal_Log (UnityEngine.LogType,UnityEngine.LogOption,string,UnityEngine.Object)
UnityEngine.DebugLogHandler:LogFormat (UnityEngine.LogType,UnityEngine.Object,string,object[]) (at /Users/bokken/build/output/unity/unity/Runtime/Export/Logging/DebugLogHandler.cs:9)
UnityEngine.Logger:Log (UnityEngine.LogType,object) (at /Users/bokken/build/output/unity/unity/Runtime/Export/Logging/Logger.cs:60)
UnityEngine.Debug:Log (object) (at /Users/bokken/build/output/unity/unity/Runtime/Export/Debug/Debug.bindings.cs:123)
PerfScenario:StartRecorders () (at /Users/philipp/Projects/3DTD/3DTD/3DTD/Assets/Scripts/Diagnostics/PerfScenario.cs:747)
PerfScenario/<Start>d__43:MoveNext () (at /Users/philipp/Projects/3DTD/3DTD/3DTD/Assets/Scripts/Diagnostics/PerfScenario.cs:292)
UnityEngine.SetupCoroutine:InvokeMoveNext (System.Collections.IEnumerator,intptr) (at /Users/bokken/build/output/unity/unity/Runtime/Export/Scripting/Coroutines.cs:17)

(Filename: /Users/bokken/build/output/unity/unity/Runtime/Export/Debug/Debug.bindings.cs Line: 123)

PERF MARKER Loading / AsyncReadManager.OpenAsync
UnityEngine.Debug:ExtractStackTraceNoAlloc (byte*,int,string)
UnityEngine.StackTraceUtility:ExtractStackTrace () (at /Users/bokken/build/output/unity/unity/Runtime/Export/Scripting/StackTrace.cs:35)
UnityEngine.DebugLogHandler:Internal_Log (UnityEngine.LogType,UnityEngine.LogOption,string,UnityEngine.Object)
UnityEngine.DebugLogHandler:LogFormat (UnityEngine.LogType,UnityEngine.Object,string,object[]) (at /Users/bokken/build/output/unity/unity/Runtime/Export/Logging/DebugLogHandler.cs:9)
UnityEngine.Logger:Log (UnityEngine.LogType,object) (at /Users/bokken/build/output/unity/unity/Runtime/Export/Logging/Logger.cs:60)
UnityEngine.Debug:Log (object) (at /Users/bokken/build/output/unity/unity/Runtime/Export/Debug/Debug.bindings.cs:123)
PerfScenario:StartRecorders () (at /Users/philipp/Projects/3DTD/3DTD/3DTD/Assets/Scripts/Diagnostics/PerfScenario.cs:747)
PerfScenario/<Start>d__43:MoveNext () (at /Users/philipp/Projects/3DTD/3DTD/3DTD/Assets/Scripts/Diagnostics/PerfScenario.cs:292)
UnityEngine.SetupCoroutine:InvokeMoveNext (System.Collections.IEnumerator,intptr) (at /Users/bokken/build/output/unity/unity/Runtime/Export/Scripting/Coroutines.cs:17)

(Filename: /Users/bokken/build/output/unity/unity/Runtime/Export/Debug/Debug.bindings.cs Line: 123)

PERF MARKER Loading / AsyncReadManager.ReadFile
UnityEngine.Debug:ExtractStackTraceNoAlloc (byte*,int,string)
UnityEngine.StackTraceUtility:ExtractStackTrace () (at /Users/bokken/build/output/unity/unity/Runtime/Export/Scripting/StackTrace.cs:35)
UnityEngine.DebugLogHandler:Internal_Log (UnityEngine.LogType,UnityEngine.LogOption,string,UnityEngine.Object)
UnityEngine.DebugLogHandler:LogFormat (UnityEngine.LogType,UnityEngine.Object,string,object[]) (at /Users/bokken/build/output/unity/unity/Runtime/Export/Logging/DebugLogHandler.cs:9)
UnityEngine.Logger:Log (UnityEngine.LogType,object) (at /Users/bokken/build/output/unity/unity/Runtime/Export/Logging/Logger.cs:60)
UnityEngine.Debug:Log (object) (at /Users/bokken/build/output/unity/unity/Runtime/Export/Debug/Debug.bindings.cs:123)
PerfScenario:StartRecorders () (at /Users/philipp/Projects/3DTD/3DTD/3DTD/Assets/Scripts/Diagnostics/PerfScenario.cs:747)
PerfScenario/<Start>d__43:MoveNext () (at /Users/philipp/Projects/3DTD/3DTD/3DTD/Assets/Scripts/Diagnostics/PerfScenario.cs:292)
UnityEngine.SetupCoroutine:InvokeMoveNext (System.Collections.IEnumerator,intptr) (at /Users/bokken/build/output/unity/unity/Runtime/Export/Scripting/Coroutines.cs:17)

(Filename: /Users/bokken/build/output/unity/unity/Runtime/Export/Debug/Debug.bindings.cs Line: 123)

PERF MARKER Loading / AsyncReadManager.BeginRequest
UnityEngine.Debug:ExtractStackTraceNoAlloc (byte*,int,string)
UnityEngine.StackTraceUtility:ExtractStackTrace () (at /Users/bokken/build/output/unity/unity/Runtime/Export/Scripting/StackTrace.cs:35)
UnityEngine.DebugLogHandler:Internal_Log (UnityEngine.LogType,UnityEngine.LogOption,string,UnityEngine.Object)
UnityEngine.DebugLogHandler:LogFormat (UnityEngine.LogType,UnityEngine.Object,string,object[]) (at /Users/bokken/build/output/unity/unity/Runtime/Export/Logging/DebugLogHandler.cs:9)
UnityEngine.Logger:Log (UnityEngine.LogType,object) (at /Users/bokken/build/output/unity/unity/Runtime/Export/Logging/Logger.cs:60)
UnityEngine.Debug:Log (object) (at /Users/bokken/build/output/unity/unity/Runtime/Export/Debug/Debug.bindings.cs:123)
PerfScenario:StartRecorders () (at /Users/philipp/Projects/3DTD/3DTD/3DTD/Assets/Scripts/Diagnostics/PerfScenario.cs:747)
PerfScenario/<Start>d__43:MoveNext () (at /Users/philipp/Projects/3DTD/3DTD/3DTD/Assets/Scripts/Diagnostics/PerfScenario.cs:292)
UnityEngine.SetupCoroutine:InvokeMoveNext (System.Collections.IEnumerator,intptr) (at /Users/bokken/build/output/unity/unity/Runtime/Export/Scripting/Coroutines.cs:17)

(Filename: /Users/bokken/build/output/unity/unity/Runtime/Export/Debug/Debug.bindings.cs Line: 123)

PERF MARKER Loading / AsyncReadManager.SyncRequest
UnityEngine.Debug:ExtractStackTraceNoAlloc (byte*,int,string)
UnityEngine.StackTraceUtility:ExtractStackTrace () (at /Users/bokken/build/output/unity/unity/Runtime/Export/Scripting/StackTrace.cs:35)
UnityEngine.DebugLogHandler:Internal_Log (UnityEngine.LogType,UnityEngine.LogOption,string,UnityEngine.Object)
UnityEngine.DebugLogHandler:LogFormat (UnityEngine.LogType,UnityEngine.Object,string,object[]) (at /Users/bokken/build/output/unity/unity/Runtime/Export/Logging/DebugLogHandler.cs:9)
UnityEngine.Logger:Log (UnityEngine.LogType,object) (at /Users/bokken/build/output/unity/unity/Runtime/Export/Logging/Logger.cs:60)
UnityEngine.Debug:Log (object) (at /Users/bokken/build/output/unity/unity/Runtime/Export/Debug/Debug.bindings.cs:123)
PerfScenario:StartRecorders () (at /Users/philipp/Projects/3DTD/3DTD/3DTD/Assets/Scripts/Diagnostics/PerfScenario.cs:747)
PerfScenario/<Start>d__43:MoveNext () (at /Users/philipp/Projects/3DTD/3DTD/3DTD/Assets/Scripts/Diagnostics/PerfScenario.cs:292)
UnityEngine.SetupCoroutine:InvokeMoveNext (System.Collections.IEnumerator,intptr) (at /Users/bokken/build/output/unity/unity/Runtime/Export/Scripting/Coroutines.cs:17)

(Filename: /Users/bokken/build/output/unity/unity/Runtime/Export/Debug/Debug.bindings.cs Line: 123)

PERF MARKER Loading / AsyncReadManager.ClearMetrics
UnityEngine.Debug:ExtractStackTraceNoAlloc (byte*,int,string)
UnityEngine.StackTraceUtility:ExtractStackTrace () (at /Users/bokken/build/output/unity/unity/Runtime/Export/Scripting/StackTrace.cs:35)
UnityEngine.DebugLogHandler:Internal_Log (UnityEngine.LogType,UnityEngine.LogOption,string,UnityEngine.Object)
UnityEngine.DebugLogHandler:LogFormat (UnityEngine.LogType,UnityEngine.Object,string,object[]) (at /Users/bokken/build/output/unity/unity/Runtime/Export/Logging/DebugLogHandler.cs:9)
UnityEngine.Logger:Log (UnityEngine.LogType,object) (at /Users/bokken/build/output/unity/unity/Runtime/Export/Logging/Logger.cs:60)
UnityEngine.Debug:Log (object) (at /Users/bokken/build/output/unity/unity/Runtime/Export/Debug/Debug.bindings.cs:123)
PerfScenario:StartRecorders () (at /Users/philipp/Projects/3DTD/3DTD/3DTD/Assets/Scripts/Diagnostics/PerfScenario.cs:747)
PerfScenario/<Start>d__43:MoveNext () (at /Users/philipp/Projects/3DTD/3DTD/3DTD/Assets/Scripts/Diagnostics/PerfScenario.cs:292)
UnityEngine.SetupCoroutine:InvokeMoveNext (System.Collections.IEnumerator,intptr) (at /Users/bokken/build/output/unity/unity/Runtime/Export/Scripting/Coroutines.cs:17)

(Filename: /Users/bokken/build/output/unity/unity/Runtime/Export/Debug/Debug.bindings.cs Line: 123)

PERF MARKER Loading / AsyncReadManager.UpdateMetrics
UnityEngine.Debug:ExtractStackTraceNoAlloc (byte*,int,string)
UnityEngine.StackTraceUtility:ExtractStackTrace () (at /Users/bokken/build/output/unity/unity/Runtime/Export/Scripting/StackTrace.cs:35)
UnityEngine.DebugLogHandler:Internal_Log (UnityEngine.LogType,UnityEngine.LogOption,string,UnityEngine.Object)
UnityEngine.DebugLogHandler:LogFormat (UnityEngine.LogType,UnityEngine.Object,string,object[]) (at /Users/bokken/build/output/unity/unity/Runtime/Export/Logging/DebugLogHandler.cs:9)
UnityEngine.Logger:Log (UnityEngine.LogType,object) (at /Users/bokken/build/output/unity/unity/Runtime/Export/Logging/Logger.cs:60)
UnityEngine.Debug:Log (object) (at /Users/bokken/build/output/unity/unity/Runtime/Export/Debug/Debug.bindings.cs:123)
PerfScenario:StartRecorders () (at /Users/philipp/Projects/3DTD/3DTD/3DTD/Assets/Scripts/Diagnostics/PerfScenario.cs:747)
PerfScenario/<Start>d__43:MoveNext () (at /Users/philipp/Projects/3DTD/3DTD/3DTD/Assets/Scripts/Diagnostics/PerfScenario.cs:292)
UnityEngine.SetupCoroutine:InvokeMoveNext (System.Collections.IEnumerator,intptr) (at /Users/bokken/build/output/unity/unity/Runtime/Export/Scripting/Coroutines.cs:17)

(Filename: /Users/bokken/build/output/unity/unity/Runtime/Export/Debug/Debug.bindings.cs Line: 123)

PERF MARKER Loading / AsyncReadManager.GetMetricsSummary
UnityEngine.Debug:ExtractStackTraceNoAlloc (byte*,int,string)
UnityEngine.StackTraceUtility:ExtractStackTrace () (at /Users/bokken/build/output/unity/unity/Runtime/Export/Scripting/StackTrace.cs:35)
UnityEngine.DebugLogHandler:Internal_Log (UnityEngine.LogType,UnityEngine.LogOption,string,UnityEngine.Object)
UnityEngine.DebugLogHandler:LogFormat (UnityEngine.LogType,UnityEngine.Object,string,object[]) (at /Users/bokken/build/output/unity/unity/Runtime/Export/Logging/DebugLogHandler.cs:9)
UnityEngine.Logger:Log (UnityEngine.LogType,object) (at /Users/bokken/build/output/unity/unity/Runtime/Export/Logging/Logger.cs:60)
UnityEngine.Debug:Log (object) (at /Users/bokken/build/output/unity/unity/Runtime/Export/Debug/Debug.bindings.cs:123)
PerfScenario:StartRecorders () (at /Users/philipp/Projects/3DTD/3DTD/3DTD/Assets/Scripts/Diagnostics/PerfScenario.cs:747)
PerfScenario/<Start>d__43:MoveNext () (at /Users/philipp/Projects/3DTD/3DTD/3DTD/Assets/Scripts/Diagnostics/PerfScenario.cs:292)
UnityEngine.SetupCoroutine:InvokeMoveNext (System.Collections.IEnumerator,intptr) (at /Users/bokken/build/output/unity/unity/Runtime/Export/Scripting/Coroutines.cs:17)

(Filename: /Users/bokken/build/output/unity/unity/Runtime/Export/Debug/Debug.bindings.cs Line: 123)

PERF MARKER Render / GPUDrivenProcessor.ExtractMaterialsAndMeshesData
UnityEngine.Debug:ExtractStackTraceNoAlloc (byte*,int,string)
UnityEngine.StackTraceUtility:ExtractStackTrace () (at /Users/bokken/build/output/unity/unity/Runtime/Export/Scripting/StackTrace.cs:35)
UnityEngine.DebugLogHandler:Internal_Log (UnityEngine.LogType,UnityEngine.LogOption,string,UnityEngine.Object)
UnityEngine.DebugLogHandler:LogFormat (UnityEngine.LogType,UnityEngine.Object,string,object[]) (at /Users/bokken/build/output/unity/unity/Runtime/Export/Logging/DebugLogHandler.cs:9)
UnityEngine.Logger:Log (UnityEngine.LogType,object) (at /Users/bokken/build/output/unity/unity/Runtime/Export/Logging/Logger.cs:60)
UnityEngine.Debug:Log (object) (at /Users/bokken/build/output/unity/unity/Runtime/Export/Debug/Debug.bindings.cs:123)
PerfScenario:StartRecorders () (at /Users/philipp/Projects/3DTD/3DTD/3DTD/Assets/Scripts/Diagnostics/PerfScenario.cs:747)
PerfScenario/<Start>d__43:MoveNext () (at /Users/philipp/Projects/3DTD/3DTD/3DTD/Assets/Scripts/Diagnostics/PerfScenario.cs:292)
UnityEngine.SetupCoroutine:InvokeMoveNext (System.Collections.IEnumerator,intptr) (at /Users/bokken/build/output/unity/unity/Runtime/Export/Scripting/Coroutines.cs:17)

(Filename: /Users/bokken/build/output/unity/unity/Runtime/Export/Debug/Debug.bindings.cs Line: 123)

PERF MARKER Render / GPUDrivenProcessor.CollectSpeedTreeWindData
UnityEngine.Debug:ExtractStackTraceNoAlloc (byte*,int,string)
UnityEngine.StackTraceUtility:ExtractStackTrace () (at /Users/bokken/build/output/unity/unity/Runtime/Export/Scripting/StackTrace.cs:35)
UnityEngine.DebugLogHandler:Internal_Log (UnityEngine.LogType,UnityEngine.LogOption,string,UnityEngine.Object)
UnityEngine.DebugLogHandler:LogFormat (UnityEngine.LogType,UnityEngine.Object,string,object[]) (at /Users/bokken/build/output/unity/unity/Runtime/Export/Logging/DebugLogHandler.cs:9)
UnityEngine.Logger:Log (UnityEngine.LogType,object) (at /Users/bokken/build/output/unity/unity/Runtime/Export/Logging/Logger.cs:60)
UnityEngine.Debug:Log (object) (at /Users/bokken/build/output/unity/unity/Runtime/Export/Debug/Debug.bindings.cs:123)
PerfScenario:StartRecorders () (at /Users/philipp/Projects/3DTD/3DTD/3DTD/Assets/Scripts/Diagnostics/PerfScenario.cs:747)
PerfScenario/<Start>d__43:MoveNext () (at /Users/philipp/Projects/3DTD/3DTD/3DTD/Assets/Scripts/Diagnostics/PerfScenario.cs:292)
UnityEngine.SetupCoroutine:InvokeMoveNext (System.Collections.IEnumerator,intptr) (at /Users/bokken/build/output/unity/unity/Runtime/Export/Scripting/Coroutines.cs:17)

(Filename: /Users/bokken/build/output/unity/unity/Runtime/Export/Debug/Debug.bindings.cs Line: 123)

PERF MARKER Render / GPUDrivenProcessor.CollectMaterialDataJob
UnityEngine.Debug:ExtractStackTraceNoAlloc (byte*,int,string)
UnityEngine.StackTraceUtility:ExtractStackTrace () (at /Users/bokken/build/output/unity/unity/Runtime/Export/Scripting/StackTrace.cs:35)
UnityEngine.DebugLogHandler:Internal_Log (UnityEngine.LogType,UnityEngine.LogOption,string,UnityEngine.Object)
UnityEngine.DebugLogHandler:LogFormat (UnityEngine.LogType,UnityEngine.Object,string,object[]) (at /Users/bokken/build/output/unity/unity/Runtime/Export/Logging/DebugLogHandler.cs:9)
UnityEngine.Logger:Log (UnityEngine.LogType,object) (at /Users/bokken/build/output/unity/unity/Runtime/Export/Logging/Logger.cs:60)
UnityEngine.Debug:Log (object) (at /Users/bokken/build/output/unity/unity/Runtime/Export/Debug/Debug.bindings.cs:123)
PerfScenario:StartRecorders () (at /Users/philipp/Projects/3DTD/3DTD/3DTD/Assets/Scripts/Diagnostics/PerfScenario.cs:747)
PerfScenario/<Start>d__43:MoveNext () (at /Users/philipp/Projects/3DTD/3DTD/3DTD/Assets/Scripts/Diagnostics/PerfScenario.cs:292)
UnityEngine.SetupCoroutine:InvokeMoveNext (System.Collections.IEnumerator,intptr) (at /Users/bokken/build/output/unity/unity/Runtime/Export/Scripting/Coroutines.cs:17)

(Filename: /Users/bokken/build/output/unity/unity/Runtime/Export/Debug/Debug.bindings.cs Line: 123)

PERF MARKER Render / GPUDrivenProcessor.CollectMeshDataJob
UnityEngine.Debug:ExtractStackTraceNoAlloc (byte*,int,string)
UnityEngine.StackTraceUtility:ExtractStackTrace () (at /Users/bokken/build/output/unity/unity/Runtime/Export/Scripting/StackTrace.cs:35)
UnityEngine.DebugLogHandler:Internal_Log (UnityEngine.LogType,UnityEngine.LogOption,string,UnityEngine.Object)
UnityEngine.DebugLogHandler:LogFormat (UnityEngine.LogType,UnityEngine.Object,string,object[]) (at /Users/bokken/build/output/unity/unity/Runtime/Export/Logging/DebugLogHandler.cs:9)
UnityEngine.Logger:Log (UnityEngine.LogType,object) (at /Users/bokken/build/output/unity/unity/Runtime/Export/Logging/Logger.cs:60)
UnityEngine.Debug:Log (object) (at /Users/bokken/build/output/unity/unity/Runtime/Export/Debug/Debug.bindings.cs:123)
PerfScenario:StartRecorders () (at /Users/philipp/Projects/3DTD/3DTD/3DTD/Assets/Scripts/Diagnostics/PerfScenario.cs:747)
PerfScenario/<Start>d__43:MoveNext () (at /Users/philipp/Projects/3DTD/3DTD/3DTD/Assets/Scripts/Diagnostics/PerfScenario.cs:292)
UnityEngine.SetupCoroutine:InvokeMoveNext (System.Collections.IEnumerator,intptr) (at /Users/bokken/build/output/unity/unity/Runtime/Export/Scripting/Coroutines.cs:17)

(Filename: /Users/bokken/build/output/unity/unity/Runtime/Export/Debug/Debug.bindings.cs Line: 123)

PERF MARKER Render / GPUDrivenProcessor.CollectRendererDataJob
UnityEngine.Debug:ExtractStackTraceNoAlloc (byte*,int,string)
UnityEngine.StackTraceUtility:ExtractStackTrace () (at /Users/bokken/build/output/unity/unity/Runtime/Export/Scripting/StackTrace.cs:35)
UnityEngine.DebugLogHandler:Internal_Log (UnityEngine.LogType,UnityEngine.LogOption,string,UnityEngine.Object)
UnityEngine.DebugLogHandler:LogFormat (UnityEngine.LogType,UnityEngine.Object,string,object[]) (at /Users/bokken/build/output/unity/unity/Runtime/Export/Logging/DebugLogHandler.cs:9)
UnityEngine.Logger:Log (UnityEngine.LogType,object) (at /Users/bokken/build/output/unity/unity/Runtime/Export/Logging/Logger.cs:60)
UnityEngine.Debug:Log (object) (at /Users/bokken/build/output/unity/unity/Runtime/Export/Debug/Debug.bindings.cs:123)
PerfScenario:StartRecorders () (at /Users/philipp/Projects/3DTD/3DTD/3DTD/Assets/Scripts/Diagnostics/PerfScenario.cs:747)
PerfScenario/<Start>d__43:MoveNext () (at /Users/philipp/Projects/3DTD/3DTD/3DTD/Assets/Scripts/Diagnostics/PerfScenario.cs:292)
UnityEngine.SetupCoroutine:InvokeMoveNext (System.Collections.IEnumerator,intptr) (at /Users/bokken/build/output/unity/unity/Runtime/Export/Scripting/Coroutines.cs:17)

(Filename: /Users/bokken/build/output/unity/unity/Runtime/Export/Debug/Debug.bindings.cs Line: 123)

PERF MARKER Render / GPUDrivenProcessor.FilterRenderersByMaterial
UnityEngine.Debug:ExtractStackTraceNoAlloc (byte*,int,string)
UnityEngine.StackTraceUtility:ExtractStackTrace () (at /Users/bokken/build/output/unity/unity/Runtime/Export/Scripting/StackTrace.cs:35)
UnityEngine.DebugLogHandler:Internal_Log (UnityEngine.LogType,UnityEngine.LogOption,string,UnityEngine.Object)
UnityEngine.DebugLogHandler:LogFormat (UnityEngine.LogType,UnityEngine.Object,string,object[]) (at /Users/bokken/build/output/unity/unity/Runtime/Export/Logging/DebugLogHandler.cs:9)
UnityEngine.Logger:Log (UnityEngine.LogType,object) (at /Users/bokken/build/output/unity/unity/Runtime/Export/Logging/Logger.cs:60)
UnityEngine.Debug:Log (object) (at /Users/bokken/build/output/unity/unity/Runtime/Export/Debug/Debug.bindings.cs:123)
PerfScenario:StartRecorders () (at /Users/philipp/Projects/3DTD/3DTD/3DTD/Assets/Scripts/Diagnostics/PerfScenario.cs:747)
PerfScenario/<Start>d__43:MoveNext () (at /Users/philipp/Projects/3DTD/3DTD/3DTD/Assets/Scripts/Diagnostics/PerfScenario.cs:292)
UnityEngine.SetupCoroutine:InvokeMoveNext (System.Collections.IEnumerator,intptr) (at /Users/bokken/build/output/unity/unity/Runtime/Export/Scripting/Coroutines.cs:17)

(Filename: /Users/bokken/build/output/unity/unity/Runtime/Export/Debug/Debug.bindings.cs Line: 123)

PERF MARKER Render / GPUDrivenProcessor.FilterValidMaterials
UnityEngine.Debug:ExtractStackTraceNoAlloc (byte*,int,string)
UnityEngine.StackTraceUtility:ExtractStackTrace () (at /Users/bokken/build/output/unity/unity/Runtime/Export/Scripting/StackTrace.cs:35)
UnityEngine.DebugLogHandler:Internal_Log (UnityEngine.LogType,UnityEngine.LogOption,string,UnityEngine.Object)
UnityEngine.DebugLogHandler:LogFormat (UnityEngine.LogType,UnityEngine.Object,string,object[]) (at /Users/bokken/build/output/unity/unity/Runtime/Export/Logging/DebugLogHandler.cs:9)
UnityEngine.Logger:Log (UnityEngine.LogType,object) (at /Users/bokken/build/output/unity/unity/Runtime/Export/Logging/Logger.cs:60)
UnityEngine.Debug:Log (object) (at /Users/bokken/build/output/unity/unity/Runtime/Export/Debug/Debug.bindings.cs:123)
PerfScenario:StartRecorders () (at /Users/philipp/Projects/3DTD/3DTD/3DTD/Assets/Scripts/Diagnostics/PerfScenario.cs:747)
PerfScenario/<Start>d__43:MoveNext () (at /Users/philipp/Projects/3DTD/3DTD/3DTD/Assets/Scripts/Diagnostics/PerfScenario.cs:292)
UnityEngine.SetupCoroutine:InvokeMoveNext (System.Collections.IEnumerator,intptr) (at /Users/bokken/build/output/unity/unity/Runtime/Export/Scripting/Coroutines.cs:17)

(Filename: /Users/bokken/build/output/unity/unity/Runtime/Export/Debug/Debug.bindings.cs Line: 123)

PERF MARKER Render / GPUDrivenProcessor.FilterRenderersAndCollectMaterials
UnityEngine.Debug:ExtractStackTraceNoAlloc (byte*,int,string)
UnityEngine.StackTraceUtility:ExtractStackTrace () (at /Users/bokken/build/output/unity/unity/Runtime/Export/Scripting/StackTrace.cs:35)
UnityEngine.DebugLogHandler:Internal_Log (UnityEngine.LogType,UnityEngine.LogOption,string,UnityEngine.Object)
UnityEngine.DebugLogHandler:LogFormat (UnityEngine.LogType,UnityEngine.Object,string,object[]) (at /Users/bokken/build/output/unity/unity/Runtime/Export/Logging/DebugLogHandler.cs:9)
UnityEngine.Logger:Log (UnityEngine.LogType,object) (at /Users/bokken/build/output/unity/unity/Runtime/Export/Logging/Logger.cs:60)
UnityEngine.Debug:Log (object) (at /Users/bokken/build/output/unity/unity/Runtime/Export/Debug/Debug.bindings.cs:123)
PerfScenario:StartRecorders () (at /Users/philipp/Projects/3DTD/3DTD/3DTD/Assets/Scripts/Diagnostics/PerfScenario.cs:747)
PerfScenario/<Start>d__43:MoveNext () (at /Users/philipp/Projects/3DTD/3DTD/3DTD/Assets/Scripts/Diagnostics/PerfScenario.cs:292)
UnityEngine.SetupCoroutine:InvokeMoveNext (System.Collections.IEnumerator,intptr) (at /Users/bokken/build/output/unity/unity/Runtime/Export/Scripting/Coroutines.cs:17)

(Filename: /Users/bokken/build/output/unity/unity/Runtime/Export/Debug/Debug.bindings.cs Line: 123)

PERF MARKER Render / GPUDrivenProcessor.CollectLODGroupDataJob
UnityEngine.Debug:ExtractStackTraceNoAlloc (byte*,int,string)
UnityEngine.StackTraceUtility:ExtractStackTrace () (at /Users/bokken/build/output/unity/unity/Runtime/Export/Scripting/StackTrace.cs:35)
UnityEngine.DebugLogHandler:Internal_Log (UnityEngine.LogType,UnityEngine.LogOption,string,UnityEngine.Object)
UnityEngine.DebugLogHandler:LogFormat (UnityEngine.LogType,UnityEngine.Object,string,object[]) (at /Users/bokken/build/output/unity/unity/Runtime/Export/Logging/DebugLogHandler.cs:9)
UnityEngine.Logger:Log (UnityEngine.LogType,object) (at /Users/bokken/build/output/unity/unity/Runtime/Export/Logging/Logger.cs:60)
UnityEngine.Debug:Log (object) (at /Users/bokken/build/output/unity/unity/Runtime/Export/Debug/Debug.bindings.cs:123)
PerfScenario:StartRecorders () (at /Users/philipp/Projects/3DTD/3DTD/3DTD/Assets/Scripts/Diagnostics/PerfScenario.cs:747)
PerfScenario/<Start>d__43:MoveNext () (at /Users/philipp/Projects/3DTD/3DTD/3DTD/Assets/Scripts/Diagnostics/PerfScenario.cs:292)
UnityEngine.SetupCoroutine:InvokeMoveNext (System.Collections.IEnumerator,intptr) (at /Users/bokken/build/output/unity/unity/Runtime/Export/Scripting/Coroutines.cs:17)

(Filename: /Users/bokken/build/output/unity/unity/Runtime/Export/Debug/Debug.bindings.cs Line: 123)

PERF MARKER Render / GPUDrivenProcessor.CollectLODGroupData
UnityEngine.Debug:ExtractStackTraceNoAlloc (byte*,int,string)
UnityEngine.StackTraceUtility:ExtractStackTrace () (at /Users/bokken/build/output/unity/unity/Runtime/Export/Scripting/StackTrace.cs:35)
UnityEngine.DebugLogHandler:Internal_Log (UnityEngine.LogType,UnityEngine.LogOption,string,UnityEngine.Object)
UnityEngine.DebugLogHandler:LogFormat (UnityEngine.LogType,UnityEngine.Object,string,object[]) (at /Users/bokken/build/output/unity/unity/Runtime/Export/Logging/DebugLogHandler.cs:9)
UnityEngine.Logger:Log (UnityEngine.LogType,object) (at /Users/bokken/build/output/unity/unity/Runtime/Export/Logging/Logger.cs:60)
UnityEngine.Debug:Log (object) (at /Users/bokken/build/output/unity/unity/Runtime/Export/Debug/Debug.bindings.cs:123)
PerfScenario:StartRecorders () (at /Users/philipp/Projects/3DTD/3DTD/3DTD/Assets/Scripts/Diagnostics/PerfScenario.cs:747)
PerfScenario/<Start>d__43:MoveNext () (at /Users/philipp/Projects/3DTD/3DTD/3DTD/Assets/Scripts/Diagnostics/PerfScenario.cs:292)
UnityEngine.SetupCoroutine:InvokeMoveNext (System.Collections.IEnumerator,intptr) (at /Users/bokken/build/output/unity/unity/Runtime/Export/Scripting/Coroutines.cs:17)

(Filename: /Users/bokken/build/output/unity/unity/Runtime/Export/Debug/Debug.bindings.cs Line: 123)

PERF MARKER Render / GPUDrivenProcessor.CollectRendererData
UnityEngine.Debug:ExtractStackTraceNoAlloc (byte*,int,string)
UnityEngine.StackTraceUtility:ExtractStackTrace () (at /Users/bokken/build/output/unity/unity/Runtime/Export/Scripting/StackTrace.cs:35)
UnityEngine.DebugLogHandler:Internal_Log (UnityEngine.LogType,UnityEngine.LogOption,string,UnityEngine.Object)
UnityEngine.DebugLogHandler:LogFormat (UnityEngine.LogType,UnityEngine.Object,string,object[]) (at /Users/bokken/build/output/unity/unity/Runtime/Export/Logging/DebugLogHandler.cs:9)
UnityEngine.Logger:Log (UnityEngine.LogType,object) (at /Users/bokken/build/output/unity/unity/Runtime/Export/Logging/Logger.cs:60)
UnityEngine.Debug:Log (object) (at /Users/bokken/build/output/unity/unity/Runtime/Export/Debug/Debug.bindings.cs:123)
PerfScenario:StartRecorders () (at /Users/philipp/Projects/3DTD/3DTD/3DTD/Assets/Scripts/Diagnostics/PerfScenario.cs:747)
PerfScenario/<Start>d__43:MoveNext () (at /Users/philipp/Projects/3DTD/3DTD/3DTD/Assets/Scripts/Diagnostics/PerfScenario.cs:292)
UnityEngine.SetupCoroutine:InvokeMoveNext (System.Collections.IEnumerator,intptr) (at /Users/bokken/build/output/unity/unity/Runtime/Export/Scripting/Coroutines.cs:17)

(Filename: /Users/bokken/build/output/unity/unity/Runtime/Export/Debug/Debug.bindings.cs Line: 123)

PERF MARKER Render / GPUDrivenProcessor.FilterOutInvalidLODGroups
UnityEngine.Debug:ExtractStackTraceNoAlloc (byte*,int,string)
UnityEngine.StackTraceUtility:ExtractStackTrace () (at /Users/bokken/build/output/unity/unity/Runtime/Export/Scripting/StackTrace.cs:35)
UnityEngine.DebugLogHandler:Internal_Log (UnityEngine.LogType,UnityEngine.LogOption,string,UnityEngine.Object)
UnityEngine.DebugLogHandler:LogFormat (UnityEngine.LogType,UnityEngine.Object,string,object[]) (at /Users/bokken/build/output/unity/unity/Runtime/Export/Logging/DebugLogHandler.cs:9)
UnityEngine.Logger:Log (UnityEngine.LogType,object) (at /Users/bokken/build/output/unity/unity/Runtime/Export/Logging/Logger.cs:60)
UnityEngine.Debug:Log (object) (at /Users/bokken/build/output/unity/unity/Runtime/Export/Debug/Debug.bindings.cs:123)
PerfScenario:StartRecorders () (at /Users/philipp/Projects/3DTD/3DTD/3DTD/Assets/Scripts/Diagnostics/PerfScenario.cs:747)
PerfScenario/<Start>d__43:MoveNext () (at /Users/philipp/Projects/3DTD/3DTD/3DTD/Assets/Scripts/Diagnostics/PerfScenario.cs:292)
UnityEngine.SetupCoroutine:InvokeMoveNext (System.Collections.IEnumerator,intptr) (at /Users/bokken/build/output/unity/unity/Runtime/Export/Scripting/Coroutines.cs:17)

(Filename: /Users/bokken/build/output/unity/unity/Runtime/Export/Debug/Debug.bindings.cs Line: 123)

PERF MARKER Render / GPUDrivenProcessor.DispatchSpeedTreeWindData
UnityEngine.Debug:ExtractStackTraceNoAlloc (byte*,int,string)
UnityEngine.StackTraceUtility:ExtractStackTrace () (at /Users/bokken/build/output/unity/unity/Runtime/Export/Scripting/StackTrace.cs:35)
UnityEngine.DebugLogHandler:Internal_Log (UnityEngine.LogType,UnityEngine.LogOption,string,UnityEngine.Object)
UnityEngine.DebugLogHandler:LogFormat (UnityEngine.LogType,UnityEngine.Object,string,object[]) (at /Users/bokken/build/output/unity/unity/Runtime/Export/Logging/DebugLogHandler.cs:9)
UnityEngine.Logger:Log (UnityEngine.LogType,object) (at /Users/bokken/build/output/unity/unity/Runtime/Export/Logging/Logger.cs:60)
UnityEngine.Debug:Log (object) (at /Users/bokken/build/output/unity/unity/Runtime/Export/Debug/Debug.bindings.cs:123)
PerfScenario:StartRecorders () (at /Users/philipp/Projects/3DTD/3DTD/3DTD/Assets/Scripts/Diagnostics/PerfScenario.cs:747)
PerfScenario/<Start>d__43:MoveNext () (at /Users/philipp/Projects/3DTD/3DTD/3DTD/Assets/Scripts/Diagnostics/PerfScenario.cs:292)
UnityEngine.SetupCoroutine:InvokeMoveNext (System.Collections.IEnumerator,intptr) (at /Users/bokken/build/output/unity/unity/Runtime/Export/Scripting/Coroutines.cs:17)

(Filename: /Users/bokken/build/output/unity/unity/Runtime/Export/Debug/Debug.bindings.cs Line: 123)

PERF MARKER Render / GPUDrivenProcessor.DispatchLODGroupData
UnityEngine.Debug:ExtractStackTraceNoAlloc (byte*,int,string)
UnityEngine.StackTraceUtility:ExtractStackTrace () (at /Users/bokken/build/output/unity/unity/Runtime/Export/Scripting/StackTrace.cs:35)
UnityEngine.DebugLogHandler:Internal_Log (UnityEngine.LogType,UnityEngine.LogOption,string,UnityEngine.Object)
UnityEngine.DebugLogHandler:LogFormat (UnityEngine.LogType,UnityEngine.Object,string,object[]) (at /Users/bokken/build/output/unity/unity/Runtime/Export/Logging/DebugLogHandler.cs:9)
UnityEngine.Logger:Log (UnityEngine.LogType,object) (at /Users/bokken/build/output/unity/unity/Runtime/Export/Logging/Logger.cs:60)
UnityEngine.Debug:Log (object) (at /Users/bokken/build/output/unity/unity/Runtime/Export/Debug/Debug.bindings.cs:123)
PerfScenario:StartRecorders () (at /Users/philipp/Projects/3DTD/3DTD/3DTD/Assets/Scripts/Diagnostics/PerfScenario.cs:747)
PerfScenario/<Start>d__43:MoveNext () (at /Users/philipp/Projects/3DTD/3DTD/3DTD/Assets/Scripts/Diagnostics/PerfScenario.cs:292)
UnityEngine.SetupCoroutine:InvokeMoveNext (System.Collections.IEnumerator,intptr) (at /Users/bokken/build/output/unity/unity/Runtime/Export/Scripting/Coroutines.cs:17)

(Filename: /Users/bokken/build/output/unity/unity/Runtime/Export/Debug/Debug.bindings.cs Line: 123)

PERF MARKER Render / GPUDrivenProcessor.EnableGPUDrivenRenderingAndDispatchRendererData
UnityEngine.Debug:ExtractStackTraceNoAlloc (byte*,int,string)
UnityEngine.StackTraceUtility:ExtractStackTrace () (at /Users/bokken/build/output/unity/unity/Runtime/Export/Scripting/StackTrace.cs:35)
UnityEngine.DebugLogHandler:Internal_Log (UnityEngine.LogType,UnityEngine.LogOption,string,UnityEngine.Object)
UnityEngine.DebugLogHandler:LogFormat (UnityEngine.LogType,UnityEngine.Object,string,object[]) (at /Users/bokken/build/output/unity/unity/Runtime/Export/Logging/DebugLogHandler.cs:9)
UnityEngine.Logger:Log (UnityEngine.LogType,object) (at /Users/bokken/build/output/unity/unity/Runtime/Export/Logging/Logger.cs:60)
UnityEngine.Debug:Log (object) (at /Users/bokken/build/output/unity/unity/Runtime/Export/Debug/Debug.bindings.cs:123)
PerfScenario:StartRecorders () (at /Users/philipp/Projects/3DTD/3DTD/3DTD/Assets/Scripts/Diagnostics/PerfScenario.cs:747)
PerfScenario/<Start>d__43:MoveNext () (at /Users/philipp/Projects/3DTD/3DTD/3DTD/Assets/Scripts/Diagnostics/PerfScenario.cs:292)
UnityEngine.SetupCoroutine:InvokeMoveNext (System.Collections.IEnumerator,intptr) (at /Users/bokken/build/output/unity/unity/Runtime/Export/Scripting/Coroutines.cs:17)

(Filename: /Users/bokken/build/output/unity/unity/Runtime/Export/Debug/Debug.bindings.cs Line: 123)

PERF MARKER Render / GpuProgramMetal.GetCachedPipeline
UnityEngine.Debug:ExtractStackTraceNoAlloc (byte*,int,string)
UnityEngine.StackTraceUtility:ExtractStackTrace () (at /Users/bokken/build/output/unity/unity/Runtime/Export/Scripting/StackTrace.cs:35)
UnityEngine.DebugLogHandler:Internal_Log (UnityEngine.LogType,UnityEngine.LogOption,string,UnityEngine.Object)
UnityEngine.DebugLogHandler:LogFormat (UnityEngine.LogType,UnityEngine.Object,string,object[]) (at /Users/bokken/build/output/unity/unity/Runtime/Export/Logging/DebugLogHandler.cs:9)
UnityEngine.Logger:Log (UnityEngine.LogType,object) (at /Users/bokken/build/output/unity/unity/Runtime/Export/Logging/Logger.cs:60)
UnityEngine.Debug:Log (object) (at /Users/bokken/build/output/unity/unity/Runtime/Export/Debug/Debug.bindings.cs:123)
PerfScenario:StartRecorders () (at /Users/philipp/Projects/3DTD/3DTD/3DTD/Assets/Scripts/Diagnostics/PerfScenario.cs:747)
PerfScenario/<Start>d__43:MoveNext () (at /Users/philipp/Projects/3DTD/3DTD/3DTD/Assets/Scripts/Diagnostics/PerfScenario.cs:292)
UnityEngine.SetupCoroutine:InvokeMoveNext (System.Collections.IEnumerator,intptr) (at /Users/bokken/build/output/unity/unity/Runtime/Export/Scripting/Coroutines.cs:17)

(Filename: /Users/bokken/build/output/unity/unity/Runtime/Export/Debug/Debug.bindings.cs Line: 123)

PERF MARKER Render / GpuProgramMetal.CreateCachedPipelineAsync
UnityEngine.Debug:ExtractStackTraceNoAlloc (byte*,int,string)
UnityEngine.StackTraceUtility:ExtractStackTrace () (at /Users/bokken/build/output/unity/unity/Runtime/Export/Scripting/StackTrace.cs:35)
UnityEngine.DebugLogHandler:Internal_Log (UnityEngine.LogType,UnityEngine.LogOption,string,UnityEngine.Object)
UnityEngine.DebugLogHandler:LogFormat (UnityEngine.LogType,UnityEngine.Object,string,object[]) (at /Users/bokken/build/output/unity/unity/Runtime/Export/Logging/DebugLogHandler.cs:9)
UnityEngine.Logger:Log (UnityEngine.LogType,object) (at /Users/bokken/build/output/unity/unity/Runtime/Export/Logging/Logger.cs:60)
UnityEngine.Debug:Log (object) (at /Users/bokken/build/output/unity/unity/Runtime/Export/Debug/Debug.bindings.cs:123)
PerfScenario:StartRecorders () (at /Users/philipp/Projects/3DTD/3DTD/3DTD/Assets/Scripts/Diagnostics/PerfScenario.cs:747)
PerfScenario/<Start>d__43:MoveNext () (at /Users/philipp/Projects/3DTD/3DTD/3DTD/Assets/Scripts/Diagnostics/PerfScenario.cs:292)
UnityEngine.SetupCoroutine:InvokeMoveNext (System.Collections.IEnumerator,intptr) (at /Users/bokken/build/output/unity/unity/Runtime/Export/Scripting/Coroutines.cs:17)

(Filename: /Users/bokken/build/output/unity/unity/Runtime/Export/Debug/Debug.bindings.cs Line: 123)

PERF MARKER Render / GfxDeviceMetal.WaitForLastPresent
UnityEngine.Debug:ExtractStackTraceNoAlloc (byte*,int,string)
UnityEngine.StackTraceUtility:ExtractStackTrace () (at /Users/bokken/build/output/unity/unity/Runtime/Export/Scripting/StackTrace.cs:35)
UnityEngine.DebugLogHandler:Internal_Log (UnityEngine.LogType,UnityEngine.LogOption,string,UnityEngine.Object)
UnityEngine.DebugLogHandler:LogFormat (UnityEngine.LogType,UnityEngine.Object,string,object[]) (at /Users/bokken/build/output/unity/unity/Runtime/Export/Logging/DebugLogHandler.cs:9)
UnityEngine.Logger:Log (UnityEngine.LogType,object) (at /Users/bokken/build/output/unity/unity/Runtime/Export/Logging/Logger.cs:60)
UnityEngine.Debug:Log (object) (at /Users/bokken/build/output/unity/unity/Runtime/Export/Debug/Debug.bindings.cs:123)
PerfScenario:StartRecorders () (at /Users/philipp/Projects/3DTD/3DTD/3DTD/Assets/Scripts/Diagnostics/PerfScenario.cs:747)
PerfScenario/<Start>d__43:MoveNext () (at /Users/philipp/Projects/3DTD/3DTD/3DTD/Assets/Scripts/Diagnostics/PerfScenario.cs:292)
UnityEngine.SetupCoroutine:InvokeMoveNext (System.Collections.IEnumerator,intptr) (at /Users/bokken/build/output/unity/unity/Runtime/Export/Scripting/Coroutines.cs:17)

(Filename: /Users/bokken/build/output/unity/unity/Runtime/Export/Debug/Debug.bindings.cs Line: 123)

PERF MARKER Render / WaitForSplitJobs
UnityEngine.Debug:ExtractStackTraceNoAlloc (byte*,int,string)
UnityEngine.StackTraceUtility:ExtractStackTrace () (at /Users/bokken/build/output/unity/unity/Runtime/Export/Scripting/StackTrace.cs:35)
UnityEngine.DebugLogHandler:Internal_Log (UnityEngine.LogType,UnityEngine.LogOption,string,UnityEngine.Object)
UnityEngine.DebugLogHandler:LogFormat (UnityEngine.LogType,UnityEngine.Object,string,object[]) (at /Users/bokken/build/output/unity/unity/Runtime/Export/Logging/DebugLogHandler.cs:9)
UnityEngine.Logger:Log (UnityEngine.LogType,object) (at /Users/bokken/build/output/unity/unity/Runtime/Export/Logging/Logger.cs:60)
UnityEngine.Debug:Log (object) (at /Users/bokken/build/output/unity/unity/Runtime/Export/Debug/Debug.bindings.cs:123)
PerfScenario:StartRecorders () (at /Users/philipp/Projects/3DTD/3DTD/3DTD/Assets/Scripts/Diagnostics/PerfScenario.cs:747)
PerfScenario/<Start>d__43:MoveNext () (at /Users/philipp/Projects/3DTD/3DTD/3DTD/Assets/Scripts/Diagnostics/PerfScenario.cs:292)
UnityEngine.SetupCoroutine:InvokeMoveNext (System.Collections.IEnumerator,intptr) (at /Users/bokken/build/output/unity/unity/Runtime/Export/Scripting/Coroutines.cs:17)

(Filename: /Users/bokken/build/output/unity/unity/Runtime/Export/Debug/Debug.bindings.cs Line: 123)

PERF MARKER Render / CreateGraphicsPipelineAsync
UnityEngine.Debug:ExtractStackTraceNoAlloc (byte*,int,string)
UnityEngine.StackTraceUtility:ExtractStackTrace () (at /Users/bokken/build/output/unity/unity/Runtime/Export/Scripting/StackTrace.cs:35)
UnityEngine.DebugLogHandler:Internal_Log (UnityEngine.LogType,UnityEngine.LogOption,string,UnityEngine.Object)
UnityEngine.DebugLogHandler:LogFormat (UnityEngine.LogType,UnityEngine.Object,string,object[]) (at /Users/bokken/build/output/unity/unity/Runtime/Export/Logging/DebugLogHandler.cs:9)
UnityEngine.Logger:Log (UnityEngine.LogType,object) (at /Users/bokken/build/output/unity/unity/Runtime/Export/Logging/Logger.cs:60)
UnityEngine.Debug:Log (object) (at /Users/bokken/build/output/unity/unity/Runtime/Export/Debug/Debug.bindings.cs:123)
PerfScenario:StartRecorders () (at /Users/philipp/Projects/3DTD/3DTD/3DTD/Assets/Scripts/Diagnostics/PerfScenario.cs:747)
PerfScenario/<Start>d__43:MoveNext () (at /Users/philipp/Projects/3DTD/3DTD/3DTD/Assets/Scripts/Diagnostics/PerfScenario.cs:292)
UnityEngine.SetupCoroutine:InvokeMoveNext (System.Collections.IEnumerator,intptr) (at /Users/bokken/build/output/unity/unity/Runtime/Export/Scripting/Coroutines.cs:17)

(Filename: /Users/bokken/build/output/unity/unity/Runtime/Export/Debug/Debug.bindings.cs Line: 123)

PERF MARKER Physics / Physics.SyncRigidbodyTransformBatchJob
UnityEngine.Debug:ExtractStackTraceNoAlloc (byte*,int,string)
UnityEngine.StackTraceUtility:ExtractStackTrace () (at /Users/bokken/build/output/unity/unity/Runtime/Export/Scripting/StackTrace.cs:35)
UnityEngine.DebugLogHandler:Internal_Log (UnityEngine.LogType,UnityEngine.LogOption,string,UnityEngine.Object)
UnityEngine.DebugLogHandler:LogFormat (UnityEngine.LogType,UnityEngine.Object,string,object[]) (at /Users/bokken/build/output/unity/unity/Runtime/Export/Logging/DebugLogHandler.cs:9)
UnityEngine.Logger:Log (UnityEngine.LogType,object) (at /Users/bokken/build/output/unity/unity/Runtime/Export/Logging/Logger.cs:60)
UnityEngine.Debug:Log (object) (at /Users/bokken/build/output/unity/unity/Runtime/Export/Debug/Debug.bindings.cs:123)
PerfScenario:StartRecorders () (at /Users/philipp/Projects/3DTD/3DTD/3DTD/Assets/Scripts/Diagnostics/PerfScenario.cs:747)
PerfScenario/<Start>d__43:MoveNext () (at /Users/philipp/Projects/3DTD/3DTD/3DTD/Assets/Scripts/Diagnostics/PerfScenario.cs:292)
UnityEngine.SetupCoroutine:InvokeMoveNext (System.Collections.IEnumerator,intptr) (at /Users/bokken/build/output/unity/unity/Runtime/Export/Scripting/Coroutines.cs:17)

(Filename: /Users/bokken/build/output/unity/unity/Runtime/Export/Debug/Debug.bindings.cs Line: 123)

PERF MARKER Physics / Physics.SyncColliderTransformBatchJob
UnityEngine.Debug:ExtractStackTraceNoAlloc (byte*,int,string)
UnityEngine.StackTraceUtility:ExtractStackTrace () (at /Users/bokken/build/output/unity/unity/Runtime/Export/Scripting/StackTrace.cs:35)
UnityEngine.DebugLogHandler:Internal_Log (UnityEngine.LogType,UnityEngine.LogOption,string,UnityEngine.Object)
UnityEngine.DebugLogHandler:LogFormat (UnityEngine.LogType,UnityEngine.Object,string,object[]) (at /Users/bokken/build/output/unity/unity/Runtime/Export/Logging/DebugLogHandler.cs:9)
UnityEngine.Logger:Log (UnityEngine.LogType,object) (at /Users/bokken/build/output/unity/unity/Runtime/Export/Logging/Logger.cs:60)
UnityEngine.Debug:Log (object) (at /Users/bokken/build/output/unity/unity/Runtime/Export/Debug/Debug.bindings.cs:123)
PerfScenario:StartRecorders () (at /Users/philipp/Projects/3DTD/3DTD/3DTD/Assets/Scripts/Diagnostics/PerfScenario.cs:747)
PerfScenario/<Start>d__43:MoveNext () (at /Users/philipp/Projects/3DTD/3DTD/3DTD/Assets/Scripts/Diagnostics/PerfScenario.cs:292)
UnityEngine.SetupCoroutine:InvokeMoveNext (System.Collections.IEnumerator,intptr) (at /Users/bokken/build/output/unity/unity/Runtime/Export/Scripting/Coroutines.cs:17)

(Filename: /Users/bokken/build/output/unity/unity/Runtime/Export/Debug/Debug.bindings.cs Line: 123)

PERF MARKER Physics / Physics.SyncBatchQueries
UnityEngine.Debug:ExtractStackTraceNoAlloc (byte*,int,string)
UnityEngine.StackTraceUtility:ExtractStackTrace () (at /Users/bokken/build/output/unity/unity/Runtime/Export/Scripting/StackTrace.cs:35)
UnityEngine.DebugLogHandler:Internal_Log (UnityEngine.LogType,UnityEngine.LogOption,string,UnityEngine.Object)
UnityEngine.DebugLogHandler:LogFormat (UnityEngine.LogType,UnityEngine.Object,string,object[]) (at /Users/bokken/build/output/unity/unity/Runtime/Export/Logging/DebugLogHandler.cs:9)
UnityEngine.Logger:Log (UnityEngine.LogType,object) (at /Users/bokken/build/output/unity/unity/Runtime/Export/Logging/Logger.cs:60)
UnityEngine.Debug:Log (object) (at /Users/bokken/build/output/unity/unity/Runtime/Export/Debug/Debug.bindings.cs:123)
PerfScenario:StartRecorders () (at /Users/philipp/Projects/3DTD/3DTD/3DTD/Assets/Scripts/Diagnostics/PerfScenario.cs:747)
PerfScenario/<Start>d__43:MoveNext () (at /Users/philipp/Projects/3DTD/3DTD/3DTD/Assets/Scripts/Diagnostics/PerfScenario.cs:292)
UnityEngine.SetupCoroutine:InvokeMoveNext (System.Collections.IEnumerator,intptr) (at /Users/bokken/build/output/unity/unity/Runtime/Export/Scripting/Coroutines.cs:17)

(Filename: /Users/bokken/build/output/unity/unity/Runtime/Export/Debug/Debug.bindings.cs Line: 123)

PERF MARKER Physics / Physics.SyncTransforms
UnityEngine.Debug:ExtractStackTraceNoAlloc (byte*,int,string)
UnityEngine.StackTraceUtility:ExtractStackTrace () (at /Users/bokken/build/output/unity/unity/Runtime/Export/Scripting/StackTrace.cs:35)
UnityEngine.DebugLogHandler:Internal_Log (UnityEngine.LogType,UnityEngine.LogOption,string,UnityEngine.Object)
UnityEngine.DebugLogHandler:LogFormat (UnityEngine.LogType,UnityEngine.Object,string,object[]) (at /Users/bokken/build/output/unity/unity/Runtime/Export/Logging/DebugLogHandler.cs:9)
UnityEngine.Logger:Log (UnityEngine.LogType,object) (at /Users/bokken/build/output/unity/unity/Runtime/Export/Logging/Logger.cs:60)
UnityEngine.Debug:Log (object) (at /Users/bokken/build/output/unity/unity/Runtime/Export/Debug/Debug.bindings.cs:123)
PerfScenario:StartRecorders () (at /Users/philipp/Projects/3DTD/3DTD/3DTD/Assets/Scripts/Diagnostics/PerfScenario.cs:747)
PerfScenario/<Start>d__43:MoveNext () (at /Users/philipp/Projects/3DTD/3DTD/3DTD/Assets/Scripts/Diagnostics/PerfScenario.cs:292)
UnityEngine.SetupCoroutine:InvokeMoveNext (System.Collections.IEnumerator,intptr) (at /Users/bokken/build/output/unity/unity/Runtime/Export/Scripting/Coroutines.cs:17)

(Filename: /Users/bokken/build/output/unity/unity/Runtime/Export/Debug/Debug.bindings.cs Line: 123)

PERF MARKER Virtual Texturing / GraphineGfxDevice.UploadGPURectangles
UnityEngine.Debug:ExtractStackTraceNoAlloc (byte*,int,string)
UnityEngine.StackTraceUtility:ExtractStackTrace () (at /Users/bokken/build/output/unity/unity/Runtime/Export/Scripting/StackTrace.cs:35)
UnityEngine.DebugLogHandler:Internal_Log (UnityEngine.LogType,UnityEngine.LogOption,string,UnityEngine.Object)
UnityEngine.DebugLogHandler:LogFormat (UnityEngine.LogType,UnityEngine.Object,string,object[]) (at /Users/bokken/build/output/unity/unity/Runtime/Export/Logging/DebugLogHandler.cs:9)
UnityEngine.Logger:Log (UnityEngine.LogType,object) (at /Users/bokken/build/output/unity/unity/Runtime/Export/Logging/Logger.cs:60)
UnityEngine.Debug:Log (object) (at /Users/bokken/build/output/unity/unity/Runtime/Export/Debug/Debug.bindings.cs:123)
PerfScenario:StartRecorders () (at /Users/philipp/Projects/3DTD/3DTD/3DTD/Assets/Scripts/Diagnostics/PerfScenario.cs:747)
PerfScenario/<Start>d__43:MoveNext () (at /Users/philipp/Projects/3DTD/3DTD/3DTD/Assets/Scripts/Diagnostics/PerfScenario.cs:292)
UnityEngine.SetupCoroutine:InvokeMoveNext (System.Collections.IEnumerator,intptr) (at /Users/bokken/build/output/unity/unity/Runtime/Export/Scripting/Coroutines.cs:17)

(Filename: /Users/bokken/build/output/unity/unity/Runtime/Export/Debug/Debug.bindings.cs Line: 123)

PERF MARKER Virtual Texturing / TranslationTableGenerator.UpsampleGPUSubmission.ConstantBufferUpdate
UnityEngine.Debug:ExtractStackTraceNoAlloc (byte*,int,string)
UnityEngine.StackTraceUtility:ExtractStackTrace () (at /Users/bokken/build/output/unity/unity/Runtime/Export/Scripting/StackTrace.cs:35)
UnityEngine.DebugLogHandler:Internal_Log (UnityEngine.LogType,UnityEngine.LogOption,string,UnityEngine.Object)
UnityEngine.DebugLogHandler:LogFormat (UnityEngine.LogType,UnityEngine.Object,string,object[]) (at /Users/bokken/build/output/unity/unity/Runtime/Export/Logging/DebugLogHandler.cs:9)
UnityEngine.Logger:Log (UnityEngine.LogType,object) (at /Users/bokken/build/output/unity/unity/Runtime/Export/Logging/Logger.cs:60)
UnityEngine.Debug:Log (object) (at /Users/bokken/build/output/unity/unity/Runtime/Export/Debug/Debug.bindings.cs:123)
PerfScenario:StartRecorders () (at /Users/philipp/Projects/3DTD/3DTD/3DTD/Assets/Scripts/Diagnostics/PerfScenario.cs:747)
PerfScenario/<Start>d__43:MoveNext () (at /Users/philipp/Projects/3DTD/3DTD/3DTD/Assets/Scripts/Diagnostics/PerfScenario.cs:292)
UnityEngine.SetupCoroutine:InvokeMoveNext (System.Collections.IEnumerator,intptr) (at /Users/bokken/build/output/unity/unity/Runtime/Export/Scripting/Coroutines.cs:17)

(Filename: /Users/bokken/build/output/unity/unity/Runtime/Export/Debug/Debug.bindings.cs Line: 123)

PERF MARKER Virtual Texturing / TranslationTableGenerator.UpsampleGPUSubmissionDispatch
UnityEngine.Debug:ExtractStackTraceNoAlloc (byte*,int,string)
UnityEngine.StackTraceUtility:ExtractStackTrace () (at /Users/bokken/build/output/unity/unity/Runtime/Export/Scripting/StackTrace.cs:35)
UnityEngine.DebugLogHandler:Internal_Log (UnityEngine.LogType,UnityEngine.LogOption,string,UnityEngine.Object)
UnityEngine.DebugLogHandler:LogFormat (UnityEngine.LogType,UnityEngine.Object,string,object[]) (at /Users/bokken/build/output/unity/unity/Runtime/Export/Logging/DebugLogHandler.cs:9)
UnityEngine.Logger:Log (UnityEngine.LogType,object) (at /Users/bokken/build/output/unity/unity/Runtime/Export/Logging/Logger.cs:60)
UnityEngine.Debug:Log (object) (at /Users/bokken/build/output/unity/unity/Runtime/Export/Debug/Debug.bindings.cs:123)
PerfScenario:StartRecorders () (at /Users/philipp/Projects/3DTD/3DTD/3DTD/Assets/Scripts/Diagnostics/PerfScenario.cs:747)
PerfScenario/<Start>d__43:MoveNext () (at /Users/philipp/Projects/3DTD/3DTD/3DTD/Assets/Scripts/Diagnostics/PerfScenario.cs:292)
UnityEngine.SetupCoroutine:InvokeMoveNext (System.Collections.IEnumerator,intptr) (at /Users/bokken/build/output/unity/unity/Runtime/Export/Scripting/Coroutines.cs:17)

(Filename: /Users/bokken/build/output/unity/unity/Runtime/Export/Debug/Debug.bindings.cs Line: 123)

PERF MARKER Virtual Texturing / TranslationTableGenerator.UpsampleGPUSubmission
UnityEngine.Debug:ExtractStackTraceNoAlloc (byte*,int,string)
UnityEngine.StackTraceUtility:ExtractStackTrace () (at /Users/bokken/build/output/unity/unity/Runtime/Export/Scripting/StackTrace.cs:35)
UnityEngine.DebugLogHandler:Internal_Log (UnityEngine.LogType,UnityEngine.LogOption,string,UnityEngine.Object)
UnityEngine.DebugLogHandler:LogFormat (UnityEngine.LogType,UnityEngine.Object,string,object[]) (at /Users/bokken/build/output/unity/unity/Runtime/Export/Logging/DebugLogHandler.cs:9)
UnityEngine.Logger:Log (UnityEngine.LogType,object) (at /Users/bokken/build/output/unity/unity/Runtime/Export/Logging/Logger.cs:60)
UnityEngine.Debug:Log (object) (at /Users/bokken/build/output/unity/unity/Runtime/Export/Debug/Debug.bindings.cs:123)
PerfScenario:StartRecorders () (at /Users/philipp/Projects/3DTD/3DTD/3DTD/Assets/Scripts/Diagnostics/PerfScenario.cs:747)
PerfScenario/<Start>d__43:MoveNext () (at /Users/philipp/Projects/3DTD/3DTD/3DTD/Assets/Scripts/Diagnostics/PerfScenario.cs:292)
UnityEngine.SetupCoroutine:InvokeMoveNext (System.Collections.IEnumerator,intptr) (at /Users/bokken/build/output/unity/unity/Runtime/Export/Scripting/Coroutines.cs:17)

(Filename: /Users/bokken/build/output/unity/unity/Runtime/Export/Debug/Debug.bindings.cs Line: 123)

PERF MARKER Render / CanvasRenderer.SyncClipRect
UnityEngine.Debug:ExtractStackTraceNoAlloc (byte*,int,string)
UnityEngine.StackTraceUtility:ExtractStackTrace () (at /Users/bokken/build/output/unity/unity/Runtime/Export/Scripting/StackTrace.cs:35)
UnityEngine.DebugLogHandler:Internal_Log (UnityEngine.LogType,UnityEngine.LogOption,string,UnityEngine.Object)
UnityEngine.DebugLogHandler:LogFormat (UnityEngine.LogType,UnityEngine.Object,string,object[]) (at /Users/bokken/build/output/unity/unity/Runtime/Export/Logging/DebugLogHandler.cs:9)
UnityEngine.Logger:Log (UnityEngine.LogType,object) (at /Users/bokken/build/output/unity/unity/Runtime/Export/Logging/Logger.cs:60)
UnityEngine.Debug:Log (object) (at /Users/bokken/build/output/unity/unity/Runtime/Export/Debug/Debug.bindings.cs:123)
PerfScenario:StartRecorders () (at /Users/philipp/Projects/3DTD/3DTD/3DTD/Assets/Scripts/Diagnostics/PerfScenario.cs:747)
PerfScenario/<Start>d__43:MoveNext () (at /Users/philipp/Projects/3DTD/3DTD/3DTD/Assets/Scripts/Diagnostics/PerfScenario.cs:292)
UnityEngine.SetupCoroutine:InvokeMoveNext (System.Collections.IEnumerator,intptr) (at /Users/bokken/build/output/unity/unity/Runtime/Export/Scripting/Coroutines.cs:17)

(Filename: /Users/bokken/build/output/unity/unity/Runtime/Export/Debug/Debug.bindings.cs Line: 123)

PERF MARKER Render / CanvasRenderer.SyncWorldRect
UnityEngine.Debug:ExtractStackTraceNoAlloc (byte*,int,string)
UnityEngine.StackTraceUtility:ExtractStackTrace () (at /Users/bokken/build/output/unity/unity/Runtime/Export/Scripting/StackTrace.cs:35)
UnityEngine.DebugLogHandler:Internal_Log (UnityEngine.LogType,UnityEngine.LogOption,string,UnityEngine.Object)
UnityEngine.DebugLogHandler:LogFormat (UnityEngine.LogType,UnityEngine.Object,string,object[]) (at /Users/bokken/build/output/unity/unity/Runtime/Export/Logging/DebugLogHandler.cs:9)
UnityEngine.Logger:Log (UnityEngine.LogType,object) (at /Users/bokken/build/output/unity/unity/Runtime/Export/Logging/Logger.cs:60)
UnityEngine.Debug:Log (object) (at /Users/bokken/build/output/unity/unity/Runtime/Export/Debug/Debug.bindings.cs:123)
PerfScenario:StartRecorders () (at /Users/philipp/Projects/3DTD/3DTD/3DTD/Assets/Scripts/Diagnostics/PerfScenario.cs:747)
PerfScenario/<Start>d__43:MoveNext () (at /Users/philipp/Projects/3DTD/3DTD/3DTD/Assets/Scripts/Diagnostics/PerfScenario.cs:292)
UnityEngine.SetupCoroutine:InvokeMoveNext (System.Collections.IEnumerator,intptr) (at /Users/bokken/build/output/unity/unity/Runtime/Export/Scripting/Coroutines.cs:17)

(Filename: /Users/bokken/build/output/unity/unity/Runtime/Export/Debug/Debug.bindings.cs Line: 123)

PERF MARKER Render / CanvasRenderer.SyncTransform
UnityEngine.Debug:ExtractStackTraceNoAlloc (byte*,int,string)
UnityEngine.StackTraceUtility:ExtractStackTrace () (at /Users/bokken/build/output/unity/unity/Runtime/Export/Scripting/StackTrace.cs:35)
UnityEngine.DebugLogHandler:Internal_Log (UnityEngine.LogType,UnityEngine.LogOption,string,UnityEngine.Object)
UnityEngine.DebugLogHandler:LogFormat (UnityEngine.LogType,UnityEngine.Object,string,object[]) (at /Users/bokken/build/output/unity/unity/Runtime/Export/Logging/DebugLogHandler.cs:9)
UnityEngine.Logger:Log (UnityEngine.LogType,object) (at /Users/bokken/build/output/unity/unity/Runtime/Export/Logging/Logger.cs:60)
UnityEngine.Debug:Log (object) (at /Users/bokken/build/output/unity/unity/Runtime/Export/Debug/Debug.bindings.cs:123)
PerfScenario:StartRecorders () (at /Users/philipp/Projects/3DTD/3DTD/3DTD/Assets/Scripts/Diagnostics/PerfScenario.cs:747)
PerfScenario/<Start>d__43:MoveNext () (at /Users/philipp/Projects/3DTD/3DTD/3DTD/Assets/Scripts/Diagnostics/PerfScenario.cs:292)
UnityEngine.SetupCoroutine:InvokeMoveNext (System.Collections.IEnumerator,intptr) (at /Users/bokken/build/output/unity/unity/Runtime/Export/Scripting/Coroutines.cs:17)

(Filename: /Users/bokken/build/output/unity/unity/Runtime/Export/Debug/Debug.bindings.cs Line: 123)

PERF MARKER Audio / SoundHandle.Instance.AsyncReadCallbackStatic
UnityEngine.Debug:ExtractStackTraceNoAlloc (byte*,int,string)
UnityEngine.StackTraceUtility:ExtractStackTrace () (at /Users/bokken/build/output/unity/unity/Runtime/Export/Scripting/StackTrace.cs:35)
UnityEngine.DebugLogHandler:Internal_Log (UnityEngine.LogType,UnityEngine.LogOption,string,UnityEngine.Object)
UnityEngine.DebugLogHandler:LogFormat (UnityEngine.LogType,UnityEngine.Object,string,object[]) (at /Users/bokken/build/output/unity/unity/Runtime/Export/Logging/DebugLogHandler.cs:9)
UnityEngine.Logger:Log (UnityEngine.LogType,object) (at /Users/bokken/build/output/unity/unity/Runtime/Export/Logging/Logger.cs:60)
UnityEngine.Debug:Log (object) (at /Users/bokken/build/output/unity/unity/Runtime/Export/Debug/Debug.bindings.cs:123)
PerfScenario:StartRecorders () (at /Users/philipp/Projects/3DTD/3DTD/3DTD/Assets/Scripts/Diagnostics/PerfScenario.cs:747)
PerfScenario/<Start>d__43:MoveNext () (at /Users/philipp/Projects/3DTD/3DTD/3DTD/Assets/Scripts/Diagnostics/PerfScenario.cs:292)
UnityEngine.SetupCoroutine:InvokeMoveNext (System.Collections.IEnumerator,intptr) (at /Users/bokken/build/output/unity/unity/Runtime/Export/Scripting/Coroutines.cs:17)

(Filename: /Users/bokken/build/output/unity/unity/Runtime/Export/Debug/Debug.bindings.cs Line: 123)

PERF MARKER VFX / VFX.ParticleSystem.BuildPrefixSum
UnityEngine.Debug:ExtractStackTraceNoAlloc (byte*,int,string)
UnityEngine.StackTraceUtility:ExtractStackTrace () (at /Users/bokken/build/output/unity/unity/Runtime/Export/Scripting/StackTrace.cs:35)
UnityEngine.DebugLogHandler:Internal_Log (UnityEngine.LogType,UnityEngine.LogOption,string,UnityEngine.Object)
UnityEngine.DebugLogHandler:LogFormat (UnityEngine.LogType,UnityEngine.Object,string,object[]) (at /Users/bokken/build/output/unity/unity/Runtime/Export/Logging/DebugLogHandler.cs:9)
UnityEngine.Logger:Log (UnityEngine.LogType,object) (at /Users/bokken/build/output/unity/unity/Runtime/Export/Logging/Logger.cs:60)
UnityEngine.Debug:Log (object) (at /Users/bokken/build/output/unity/unity/Runtime/Export/Debug/Debug.bindings.cs:123)
PerfScenario:StartRecorders () (at /Users/philipp/Projects/3DTD/3DTD/3DTD/Assets/Scripts/Diagnostics/PerfScenario.cs:747)
PerfScenario/<Start>d__43:MoveNext () (at /Users/philipp/Projects/3DTD/3DTD/3DTD/Assets/Scripts/Diagnostics/PerfScenario.cs:292)
UnityEngine.SetupCoroutine:InvokeMoveNext (System.Collections.IEnumerator,intptr) (at /Users/bokken/build/output/unity/unity/Runtime/Export/Scripting/Coroutines.cs:17)

(Filename: /Users/bokken/build/output/unity/unity/Runtime/Export/Debug/Debug.bindings.cs Line: 123)

PERF MARKER VFX / VFX.ParticleSystem.BatchUpdateStrip
UnityEngine.Debug:ExtractStackTraceNoAlloc (byte*,int,string)
UnityEngine.StackTraceUtility:ExtractStackTrace () (at /Users/bokken/build/output/unity/unity/Runtime/Export/Scripting/StackTrace.cs:35)
UnityEngine.DebugLogHandler:Internal_Log (UnityEngine.LogType,UnityEngine.LogOption,string,UnityEngine.Object)
UnityEngine.DebugLogHandler:LogFormat (UnityEngine.LogType,UnityEngine.Object,string,object[]) (at /Users/bokken/build/output/unity/unity/Runtime/Export/Logging/DebugLogHandler.cs:9)
UnityEngine.Logger:Log (UnityEngine.LogType,object) (at /Users/bokken/build/output/unity/unity/Runtime/Export/Logging/Logger.cs:60)
UnityEngine.Debug:Log (object) (at /Users/bokken/build/output/unity/unity/Runtime/Export/Debug/Debug.bindings.cs:123)
PerfScenario:StartRecorders () (at /Users/philipp/Projects/3DTD/3DTD/3DTD/Assets/Scripts/Diagnostics/PerfScenario.cs:747)
PerfScenario/<Start>d__43:MoveNext () (at /Users/philipp/Projects/3DTD/3DTD/3DTD/Assets/Scripts/Diagnostics/PerfScenario.cs:292)
UnityEngine.SetupCoroutine:InvokeMoveNext (System.Collections.IEnumerator,intptr) (at /Users/bokken/build/output/unity/unity/Runtime/Export/Scripting/Coroutines.cs:17)

(Filename: /Users/bokken/build/output/unity/unity/Runtime/Export/Debug/Debug.bindings.cs Line: 123)

PERF MARKER VFX / VFX.ParticleSystem.BatchReadbackCount
UnityEngine.Debug:ExtractStackTraceNoAlloc (byte*,int,string)
UnityEngine.StackTraceUtility:ExtractStackTrace () (at /Users/bokken/build/output/unity/unity/Runtime/Export/Scripting/StackTrace.cs:35)
UnityEngine.DebugLogHandler:Internal_Log (UnityEngine.LogType,UnityEngine.LogOption,string,UnityEngine.Object)
UnityEngine.DebugLogHandler:LogFormat (UnityEngine.LogType,UnityEngine.Object,string,object[]) (at /Users/bokken/build/output/unity/unity/Runtime/Export/Logging/DebugLogHandler.cs:9)
UnityEngine.Logger:Log (UnityEngine.LogType,object) (at /Users/bokken/build/output/unity/unity/Runtime/Export/Logging/Logger.cs:60)
UnityEngine.Debug:Log (object) (at /Users/bokken/build/output/unity/unity/Runtime/Export/Debug/Debug.bindings.cs:123)
PerfScenario:StartRecorders () (at /Users/philipp/Projects/3DTD/3DTD/3DTD/Assets/Scripts/Diagnostics/PerfScenario.cs:747)
PerfScenario/<Start>d__43:MoveNext () (at /Users/philipp/Projects/3DTD/3DTD/3DTD/Assets/Scripts/Diagnostics/PerfScenario.cs:292)
UnityEngine.SetupCoroutine:InvokeMoveNext (System.Collections.IEnumerator,intptr) (at /Users/bokken/build/output/unity/unity/Runtime/Export/Scripting/Coroutines.cs:17)

(Filename: /Users/bokken/build/output/unity/unity/Runtime/Export/Debug/Debug.bindings.cs Line: 123)

PERF MARKER VFX / VFX.ParticleSystem.BatchReadbackBounds
UnityEngine.Debug:ExtractStackTraceNoAlloc (byte*,int,string)
UnityEngine.StackTraceUtility:ExtractStackTrace () (at /Users/bokken/build/output/unity/unity/Runtime/Export/Scripting/StackTrace.cs:35)
UnityEngine.DebugLogHandler:Internal_Log (UnityEngine.LogType,UnityEngine.LogOption,string,UnityEngine.Object)
UnityEngine.DebugLogHandler:LogFormat (UnityEngine.LogType,UnityEngine.Object,string,object[]) (at /Users/bokken/build/output/unity/unity/Runtime/Export/Logging/DebugLogHandler.cs:9)
UnityEngine.Logger:Log (UnityEngine.LogType,object) (at /Users/bokken/build/output/unity/unity/Runtime/Export/Logging/Logger.cs:60)
UnityEngine.Debug:Log (object) (at /Users/bokken/build/output/unity/unity/Runtime/Export/Debug/Debug.bindings.cs:123)
PerfScenario:StartRecorders () (at /Users/philipp/Projects/3DTD/3DTD/3DTD/Assets/Scripts/Diagnostics/PerfScenario.cs:747)
PerfScenario/<Start>d__43:MoveNext () (at /Users/philipp/Projects/3DTD/3DTD/3DTD/Assets/Scripts/Diagnostics/PerfScenario.cs:292)
UnityEngine.SetupCoroutine:InvokeMoveNext (System.Collections.IEnumerator,intptr) (at /Users/bokken/build/output/unity/unity/Runtime/Export/Scripting/Coroutines.cs:17)

(Filename: /Users/bokken/build/output/unity/unity/Runtime/Export/Debug/Debug.bindings.cs Line: 123)

PERF MARKER VFX / VFX.ParticleSystem.BatchUpdate
UnityEngine.Debug:ExtractStackTraceNoAlloc (byte*,int,string)
UnityEngine.StackTraceUtility:ExtractStackTrace () (at /Users/bokken/build/output/unity/unity/Runtime/Export/Scripting/StackTrace.cs:35)
UnityEngine.DebugLogHandler:Internal_Log (UnityEngine.LogType,UnityEngine.LogOption,string,UnityEngine.Object)
UnityEngine.DebugLogHandler:LogFormat (UnityEngine.LogType,UnityEngine.Object,string,object[]) (at /Users/bokken/build/output/unity/unity/Runtime/Export/Logging/DebugLogHandler.cs:9)
UnityEngine.Logger:Log (UnityEngine.LogType,object) (at /Users/bokken/build/output/unity/unity/Runtime/Export/Logging/Logger.cs:60)
UnityEngine.Debug:Log (object) (at /Users/bokken/build/output/unity/unity/Runtime/Export/Debug/Debug.bindings.cs:123)
PerfScenario:StartRecorders () (at /Users/philipp/Projects/3DTD/3DTD/3DTD/Assets/Scripts/Diagnostics/PerfScenario.cs:747)
PerfScenario/<Start>d__43:MoveNext () (at /Users/philipp/Projects/3DTD/3DTD/3DTD/Assets/Scripts/Diagnostics/PerfScenario.cs:292)
UnityEngine.SetupCoroutine:InvokeMoveNext (System.Collections.IEnumerator,intptr) (at /Users/bokken/build/output/unity/unity/Runtime/Export/Scripting/Coroutines.cs:17)

(Filename: /Users/bokken/build/output/unity/unity/Runtime/Export/Debug/Debug.bindings.cs Line: 123)

PERF MARKER VFX / VFX.ParticleSystem.BatchInit
UnityEngine.Debug:ExtractStackTraceNoAlloc (byte*,int,string)
UnityEngine.StackTraceUtility:ExtractStackTrace () (at /Users/bokken/build/output/unity/unity/Runtime/Export/Scripting/StackTrace.cs:35)
UnityEngine.DebugLogHandler:Internal_Log (UnityEngine.LogType,UnityEngine.LogOption,string,UnityEngine.Object)
UnityEngine.DebugLogHandler:LogFormat (UnityEngine.LogType,UnityEngine.Object,string,object[]) (at /Users/bokken/build/output/unity/unity/Runtime/Export/Logging/DebugLogHandler.cs:9)
UnityEngine.Logger:Log (UnityEngine.LogType,object) (at /Users/bokken/build/output/unity/unity/Runtime/Export/Logging/Logger.cs:60)
UnityEngine.Debug:Log (object) (at /Users/bokken/build/output/unity/unity/Runtime/Export/Debug/Debug.bindings.cs:123)
PerfScenario:StartRecorders () (at /Users/philipp/Projects/3DTD/3DTD/3DTD/Assets/Scripts/Diagnostics/PerfScenario.cs:747)
PerfScenario/<Start>d__43:MoveNext () (at /Users/philipp/Projects/3DTD/3DTD/3DTD/Assets/Scripts/Diagnostics/PerfScenario.cs:292)
UnityEngine.SetupCoroutine:InvokeMoveNext (System.Collections.IEnumerator,intptr) (at /Users/bokken/build/output/unity/unity/Runtime/Export/Scripting/Coroutines.cs:17)

(Filename: /Users/bokken/build/output/unity/unity/Runtime/Export/Debug/Debug.bindings.cs Line: 123)

PERF MARKER VFX / VFX.ParticleSystem.BatchCopyDeadListCount
UnityEngine.Debug:ExtractStackTraceNoAlloc (byte*,int,string)
UnityEngine.StackTraceUtility:ExtractStackTrace () (at /Users/bokken/build/output/unity/unity/Runtime/Export/Scripting/StackTrace.cs:35)
UnityEngine.DebugLogHandler:Internal_Log (UnityEngine.LogType,UnityEngine.LogOption,string,UnityEngine.Object)
UnityEngine.DebugLogHandler:LogFormat (UnityEngine.LogType,UnityEngine.Object,string,object[]) (at /Users/bokken/build/output/unity/unity/Runtime/Export/Logging/DebugLogHandler.cs:9)
UnityEngine.Logger:Log (UnityEngine.LogType,object) (at /Users/bokken/build/output/unity/unity/Runtime/Export/Logging/Logger.cs:60)
UnityEngine.Debug:Log (object) (at /Users/bokken/build/output/unity/unity/Runtime/Export/Debug/Debug.bindings.cs:123)
PerfScenario:StartRecorders () (at /Users/philipp/Projects/3DTD/3DTD/3DTD/Assets/Scripts/Diagnostics/PerfScenario.cs:747)
PerfScenario/<Start>d__43:MoveNext () (at /Users/philipp/Projects/3DTD/3DTD/3DTD/Assets/Scripts/Diagnostics/PerfScenario.cs:292)
UnityEngine.SetupCoroutine:InvokeMoveNext (System.Collections.IEnumerator,intptr) (at /Users/bokken/build/output/unity/unity/Runtime/Export/Scripting/Coroutines.cs:17)

(Filename: /Users/bokken/build/output/unity/unity/Runtime/Export/Debug/Debug.bindings.cs Line: 123)

PERF MARKER VFX / VFX.ParticleSystem.BatchUploadVisibleIndirectionBuffer
UnityEngine.Debug:ExtractStackTraceNoAlloc (byte*,int,string)
UnityEngine.StackTraceUtility:ExtractStackTrace () (at /Users/bokken/build/output/unity/unity/Runtime/Export/Scripting/StackTrace.cs:35)
UnityEngine.DebugLogHandler:Internal_Log (UnityEngine.LogType,UnityEngine.LogOption,string,UnityEngine.Object)
UnityEngine.DebugLogHandler:LogFormat (UnityEngine.LogType,UnityEngine.Object,string,object[]) (at /Users/bokken/build/output/unity/unity/Runtime/Export/Logging/DebugLogHandler.cs:9)
UnityEngine.Logger:Log (UnityEngine.LogType,object) (at /Users/bokken/build/output/unity/unity/Runtime/Export/Logging/Logger.cs:60)
UnityEngine.Debug:Log (object) (at /Users/bokken/build/output/unity/unity/Runtime/Export/Debug/Debug.bindings.cs:123)
PerfScenario:StartRecorders () (at /Users/philipp/Projects/3DTD/3DTD/3DTD/Assets/Scripts/Diagnostics/PerfScenario.cs:747)
PerfScenario/<Start>d__43:MoveNext () (at /Users/philipp/Projects/3DTD/3DTD/3DTD/Assets/Scripts/Diagnostics/PerfScenario.cs:292)
UnityEngine.SetupCoroutine:InvokeMoveNext (System.Collections.IEnumerator,intptr) (at /Users/bokken/build/output/unity/unity/Runtime/Export/Scripting/Coroutines.cs:17)

(Filename: /Users/bokken/build/output/unity/unity/Runtime/Export/Debug/Debug.bindings.cs Line: 123)

PERF MARKER VFX / VFX.ParticleSystem.BatchUploadStepData
UnityEngine.Debug:ExtractStackTraceNoAlloc (byte*,int,string)
UnityEngine.StackTraceUtility:ExtractStackTrace () (at /Users/bokken/build/output/unity/unity/Runtime/Export/Scripting/StackTrace.cs:35)
UnityEngine.DebugLogHandler:Internal_Log (UnityEngine.LogType,UnityEngine.LogOption,string,UnityEngine.Object)
UnityEngine.DebugLogHandler:LogFormat (UnityEngine.LogType,UnityEngine.Object,string,object[]) (at /Users/bokken/build/output/unity/unity/Runtime/Export/Logging/DebugLogHandler.cs:9)
UnityEngine.Logger:Log (UnityEngine.LogType,object) (at /Users/bokken/build/output/unity/unity/Runtime/Export/Logging/Logger.cs:60)
UnityEngine.Debug:Log (object) (at /Users/bokken/build/output/unity/unity/Runtime/Export/Debug/Debug.bindings.cs:123)
PerfScenario:StartRecorders () (at /Users/philipp/Projects/3DTD/3DTD/3DTD/Assets/Scripts/Diagnostics/PerfScenario.cs:747)
PerfScenario/<Start>d__43:MoveNext () (at /Users/philipp/Projects/3DTD/3DTD/3DTD/Assets/Scripts/Diagnostics/PerfScenario.cs:292)
UnityEngine.SetupCoroutine:InvokeMoveNext (System.Collections.IEnumerator,intptr) (at /Users/bokken/build/output/unity/unity/Runtime/Export/Scripting/Coroutines.cs:17)

(Filename: /Users/bokken/build/output/unity/unity/Runtime/Export/Debug/Debug.bindings.cs Line: 123)

PERF MARKER VFX / VFX.ParticleSystem.RenderMeshIndirect
UnityEngine.Debug:ExtractStackTraceNoAlloc (byte*,int,string)
UnityEngine.StackTraceUtility:ExtractStackTrace () (at /Users/bokken/build/output/unity/unity/Runtime/Export/Scripting/StackTrace.cs:35)
UnityEngine.DebugLogHandler:Internal_Log (UnityEngine.LogType,UnityEngine.LogOption,string,UnityEngine.Object)
UnityEngine.DebugLogHandler:LogFormat (UnityEngine.LogType,UnityEngine.Object,string,object[]) (at /Users/bokken/build/output/unity/unity/Runtime/Export/Logging/DebugLogHandler.cs:9)
UnityEngine.Logger:Log (UnityEngine.LogType,object) (at /Users/bokken/build/output/unity/unity/Runtime/Export/Logging/Logger.cs:60)
UnityEngine.Debug:Log (object) (at /Users/bokken/build/output/unity/unity/Runtime/Export/Debug/Debug.bindings.cs:123)
PerfScenario:StartRecorders () (at /Users/philipp/Projects/3DTD/3DTD/3DTD/Assets/Scripts/Diagnostics/PerfScenario.cs:747)
PerfScenario/<Start>d__43:MoveNext () (at /Users/philipp/Projects/3DTD/3DTD/3DTD/Assets/Scripts/Diagnostics/PerfScenario.cs:292)
UnityEngine.SetupCoroutine:InvokeMoveNext (System.Collections.IEnumerator,intptr) (at /Users/bokken/build/output/unity/unity/Runtime/Export/Scripting/Coroutines.cs:17)

(Filename: /Users/bokken/build/output/unity/unity/Runtime/Export/Debug/Debug.bindings.cs Line: 123)

PERF MARKER VFX / VFX.ParticleSystem.RenderMesh
UnityEngine.Debug:ExtractStackTraceNoAlloc (byte*,int,string)
UnityEngine.StackTraceUtility:ExtractStackTrace () (at /Users/bokken/build/output/unity/unity/Runtime/Export/Scripting/StackTrace.cs:35)
UnityEngine.DebugLogHandler:Internal_Log (UnityEngine.LogType,UnityEngine.LogOption,string,UnityEngine.Object)
UnityEngine.DebugLogHandler:LogFormat (UnityEngine.LogType,UnityEngine.Object,string,object[]) (at /Users/bokken/build/output/unity/unity/Runtime/Export/Logging/DebugLogHandler.cs:9)
UnityEngine.Logger:Log (UnityEngine.LogType,object) (at /Users/bokken/build/output/unity/unity/Runtime/Export/Logging/Logger.cs:60)
UnityEngine.Debug:Log (object) (at /Users/bokken/build/output/unity/unity/Runtime/Export/Debug/Debug.bindings.cs:123)
PerfScenario:StartRecorders () (at /Users/philipp/Projects/3DTD/3DTD/3DTD/Assets/Scripts/Diagnostics/PerfScenario.cs:747)
PerfScenario/<Start>d__43:MoveNext () (at /Users/philipp/Projects/3DTD/3DTD/3DTD/Assets/Scripts/Diagnostics/PerfScenario.cs:292)
UnityEngine.SetupCoroutine:InvokeMoveNext (System.Collections.IEnumerator,intptr) (at /Users/bokken/build/output/unity/unity/Runtime/Export/Scripting/Coroutines.cs:17)

(Filename: /Users/bokken/build/output/unity/unity/Runtime/Export/Debug/Debug.bindings.cs Line: 123)

PERF MARKER VFX / VFX.ParticleSystem.RenderHexahedronIndirect
UnityEngine.Debug:ExtractStackTraceNoAlloc (byte*,int,string)
UnityEngine.StackTraceUtility:ExtractStackTrace () (at /Users/bokken/build/output/unity/unity/Runtime/Export/Scripting/StackTrace.cs:35)
UnityEngine.DebugLogHandler:Internal_Log (UnityEngine.LogType,UnityEngine.LogOption,string,UnityEngine.Object)
UnityEngine.DebugLogHandler:LogFormat (UnityEngine.LogType,UnityEngine.Object,string,object[]) (at /Users/bokken/build/output/unity/unity/Runtime/Export/Logging/DebugLogHandler.cs:9)
UnityEngine.Logger:Log (UnityEngine.LogType,object) (at /Users/bokken/build/output/unity/unity/Runtime/Export/Logging/Logger.cs:60)
UnityEngine.Debug:Log (object) (at /Users/bokken/build/output/unity/unity/Runtime/Export/Debug/Debug.bindings.cs:123)
PerfScenario:StartRecorders () (at /Users/philipp/Projects/3DTD/3DTD/3DTD/Assets/Scripts/Diagnostics/PerfScenario.cs:747)
PerfScenario/<Start>d__43:MoveNext () (at /Users/philipp/Projects/3DTD/3DTD/3DTD/Assets/Scripts/Diagnostics/PerfScenario.cs:292)
UnityEngine.SetupCoroutine:InvokeMoveNext (System.Collections.IEnumerator,intptr) (at /Users/bokken/build/output/unity/unity/Runtime/Export/Scripting/Coroutines.cs:17)

(Filename: /Users/bokken/build/output/unity/unity/Runtime/Export/Debug/Debug.bindings.cs Line: 123)

PERF MARKER VFX / VFX.ParticleSystem.RenderHexahedron
UnityEngine.Debug:ExtractStackTraceNoAlloc (byte*,int,string)
UnityEngine.StackTraceUtility:ExtractStackTrace () (at /Users/bokken/build/output/unity/unity/Runtime/Export/Scripting/StackTrace.cs:35)
UnityEngine.DebugLogHandler:Internal_Log (UnityEngine.LogType,UnityEngine.LogOption,string,UnityEngine.Object)
UnityEngine.DebugLogHandler:LogFormat (UnityEngine.LogType,UnityEngine.Object,string,object[]) (at /Users/bokken/build/output/unity/unity/Runtime/Export/Logging/DebugLogHandler.cs:9)
UnityEngine.Logger:Log (UnityEngine.LogType,object) (at /Users/bokken/build/output/unity/unity/Runtime/Export/Logging/Logger.cs:60)
UnityEngine.Debug:Log (object) (at /Users/bokken/build/output/unity/unity/Runtime/Export/Debug/Debug.bindings.cs:123)
PerfScenario:StartRecorders () (at /Users/philipp/Projects/3DTD/3DTD/3DTD/Assets/Scripts/Diagnostics/PerfScenario.cs:747)
PerfScenario/<Start>d__43:MoveNext () (at /Users/philipp/Projects/3DTD/3DTD/3DTD/Assets/Scripts/Diagnostics/PerfScenario.cs:292)
UnityEngine.SetupCoroutine:InvokeMoveNext (System.Collections.IEnumerator,intptr) (at /Users/bokken/build/output/unity/unity/Runtime/Export/Scripting/Coroutines.cs:17)

(Filename: /Users/bokken/build/output/unity/unity/Runtime/Export/Debug/Debug.bindings.cs Line: 123)

PERF MARKER VFX / VFX.ParticleSystem.RenderOctagonIndirect
UnityEngine.Debug:ExtractStackTraceNoAlloc (byte*,int,string)
UnityEngine.StackTraceUtility:ExtractStackTrace () (at /Users/bokken/build/output/unity/unity/Runtime/Export/Scripting/StackTrace.cs:35)
UnityEngine.DebugLogHandler:Internal_Log (UnityEngine.LogType,UnityEngine.LogOption,string,UnityEngine.Object)
UnityEngine.DebugLogHandler:LogFormat (UnityEngine.LogType,UnityEngine.Object,string,object[]) (at /Users/bokken/build/output/unity/unity/Runtime/Export/Logging/DebugLogHandler.cs:9)
UnityEngine.Logger:Log (UnityEngine.LogType,object) (at /Users/bokken/build/output/unity/unity/Runtime/Export/Logging/Logger.cs:60)
UnityEngine.Debug:Log (object) (at /Users/bokken/build/output/unity/unity/Runtime/Export/Debug/Debug.bindings.cs:123)
PerfScenario:StartRecorders () (at /Users/philipp/Projects/3DTD/3DTD/3DTD/Assets/Scripts/Diagnostics/PerfScenario.cs:747)
PerfScenario/<Start>d__43:MoveNext () (at /Users/philipp/Projects/3DTD/3DTD/3DTD/Assets/Scripts/Diagnostics/PerfScenario.cs:292)
UnityEngine.SetupCoroutine:InvokeMoveNext (System.Collections.IEnumerator,intptr) (at /Users/bokken/build/output/unity/unity/Runtime/Export/Scripting/Coroutines.cs:17)

(Filename: /Users/bokken/build/output/unity/unity/Runtime/Export/Debug/Debug.bindings.cs Line: 123)

PERF MARKER VFX / VFX.ParticleSystem.RenderOctagon
UnityEngine.Debug:ExtractStackTraceNoAlloc (byte*,int,string)
UnityEngine.StackTraceUtility:ExtractStackTrace () (at /Users/bokken/build/output/unity/unity/Runtime/Export/Scripting/StackTrace.cs:35)
UnityEngine.DebugLogHandler:Internal_Log (UnityEngine.LogType,UnityEngine.LogOption,string,UnityEngine.Object)
UnityEngine.DebugLogHandler:LogFormat (UnityEngine.LogType,UnityEngine.Object,string,object[]) (at /Users/bokken/build/output/unity/unity/Runtime/Export/Logging/DebugLogHandler.cs:9)
UnityEngine.Logger:Log (UnityEngine.LogType,object) (at /Users/bokken/build/output/unity/unity/Runtime/Export/Logging/Logger.cs:60)
UnityEngine.Debug:Log (object) (at /Users/bokken/build/output/unity/unity/Runtime/Export/Debug/Debug.bindings.cs:123)
PerfScenario:StartRecorders () (at /Users/philipp/Projects/3DTD/3DTD/3DTD/Assets/Scripts/Diagnostics/PerfScenario.cs:747)
PerfScenario/<Start>d__43:MoveNext () (at /Users/philipp/Projects/3DTD/3DTD/3DTD/Assets/Scripts/Diagnostics/PerfScenario.cs:292)
UnityEngine.SetupCoroutine:InvokeMoveNext (System.Collections.IEnumerator,intptr) (at /Users/bokken/build/output/unity/unity/Runtime/Export/Scripting/Coroutines.cs:17)

(Filename: /Users/bokken/build/output/unity/unity/Runtime/Export/Debug/Debug.bindings.cs Line: 123)

PERF MARKER VFX / VFX.ParticleSystem.RenderQuadIndirect
UnityEngine.Debug:ExtractStackTraceNoAlloc (byte*,int,string)
UnityEngine.StackTraceUtility:ExtractStackTrace () (at /Users/bokken/build/output/unity/unity/Runtime/Export/Scripting/StackTrace.cs:35)
UnityEngine.DebugLogHandler:Internal_Log (UnityEngine.LogType,UnityEngine.LogOption,string,UnityEngine.Object)
UnityEngine.DebugLogHandler:LogFormat (UnityEngine.LogType,UnityEngine.Object,string,object[]) (at /Users/bokken/build/output/unity/unity/Runtime/Export/Logging/DebugLogHandler.cs:9)
UnityEngine.Logger:Log (UnityEngine.LogType,object) (at /Users/bokken/build/output/unity/unity/Runtime/Export/Logging/Logger.cs:60)
UnityEngine.Debug:Log (object) (at /Users/bokken/build/output/unity/unity/Runtime/Export/Debug/Debug.bindings.cs:123)
PerfScenario:StartRecorders () (at /Users/philipp/Projects/3DTD/3DTD/3DTD/Assets/Scripts/Diagnostics/PerfScenario.cs:747)
PerfScenario/<Start>d__43:MoveNext () (at /Users/philipp/Projects/3DTD/3DTD/3DTD/Assets/Scripts/Diagnostics/PerfScenario.cs:292)
UnityEngine.SetupCoroutine:InvokeMoveNext (System.Collections.IEnumerator,intptr) (at /Users/bokken/build/output/unity/unity/Runtime/Export/Scripting/Coroutines.cs:17)

(Filename: /Users/bokken/build/output/unity/unity/Runtime/Export/Debug/Debug.bindings.cs Line: 123)

PERF MARKER VFX / VFX.ParticleSystem.RenderQuad
UnityEngine.Debug:ExtractStackTraceNoAlloc (byte*,int,string)
UnityEngine.StackTraceUtility:ExtractStackTrace () (at /Users/bokken/build/output/unity/unity/Runtime/Export/Scripting/StackTrace.cs:35)
UnityEngine.DebugLogHandler:Internal_Log (UnityEngine.LogType,UnityEngine.LogOption,string,UnityEngine.Object)
UnityEngine.DebugLogHandler:LogFormat (UnityEngine.LogType,UnityEngine.Object,string,object[]) (at /Users/bokken/build/output/unity/unity/Runtime/Export/Logging/DebugLogHandler.cs:9)
UnityEngine.Logger:Log (UnityEngine.LogType,object) (at /Users/bokken/build/output/unity/unity/Runtime/Export/Logging/Logger.cs:60)
UnityEngine.Debug:Log (object) (at /Users/bokken/build/output/unity/unity/Runtime/Export/Debug/Debug.bindings.cs:123)
PerfScenario:StartRecorders () (at /Users/philipp/Projects/3DTD/3DTD/3DTD/Assets/Scripts/Diagnostics/PerfScenario.cs:747)
PerfScenario/<Start>d__43:MoveNext () (at /Users/philipp/Projects/3DTD/3DTD/3DTD/Assets/Scripts/Diagnostics/PerfScenario.cs:292)
UnityEngine.SetupCoroutine:InvokeMoveNext (System.Collections.IEnumerator,intptr) (at /Users/bokken/build/output/unity/unity/Runtime/Export/Scripting/Coroutines.cs:17)

(Filename: /Users/bokken/build/output/unity/unity/Runtime/Export/Debug/Debug.bindings.cs Line: 123)

PERF MARKER VFX / VFX.ParticleSystem.RenderTriangleIndirect
UnityEngine.Debug:ExtractStackTraceNoAlloc (byte*,int,string)
UnityEngine.StackTraceUtility:ExtractStackTrace () (at /Users/bokken/build/output/unity/unity/Runtime/Export/Scripting/StackTrace.cs:35)
UnityEngine.DebugLogHandler:Internal_Log (UnityEngine.LogType,UnityEngine.LogOption,string,UnityEngine.Object)
UnityEngine.DebugLogHandler:LogFormat (UnityEngine.LogType,UnityEngine.Object,string,object[]) (at /Users/bokken/build/output/unity/unity/Runtime/Export/Logging/DebugLogHandler.cs:9)
UnityEngine.Logger:Log (UnityEngine.LogType,object) (at /Users/bokken/build/output/unity/unity/Runtime/Export/Logging/Logger.cs:60)
UnityEngine.Debug:Log (object) (at /Users/bokken/build/output/unity/unity/Runtime/Export/Debug/Debug.bindings.cs:123)
PerfScenario:StartRecorders () (at /Users/philipp/Projects/3DTD/3DTD/3DTD/Assets/Scripts/Diagnostics/PerfScenario.cs:747)
PerfScenario/<Start>d__43:MoveNext () (at /Users/philipp/Projects/3DTD/3DTD/3DTD/Assets/Scripts/Diagnostics/PerfScenario.cs:292)
UnityEngine.SetupCoroutine:InvokeMoveNext (System.Collections.IEnumerator,intptr) (at /Users/bokken/build/output/unity/unity/Runtime/Export/Scripting/Coroutines.cs:17)

(Filename: /Users/bokken/build/output/unity/unity/Runtime/Export/Debug/Debug.bindings.cs Line: 123)

PERF MARKER VFX / VFX.ParticleSystem.RenderTriangle
UnityEngine.Debug:ExtractStackTraceNoAlloc (byte*,int,string)
UnityEngine.StackTraceUtility:ExtractStackTrace () (at /Users/bokken/build/output/unity/unity/Runtime/Export/Scripting/StackTrace.cs:35)
UnityEngine.DebugLogHandler:Internal_Log (UnityEngine.LogType,UnityEngine.LogOption,string,UnityEngine.Object)
UnityEngine.DebugLogHandler:LogFormat (UnityEngine.LogType,UnityEngine.Object,string,object[]) (at /Users/bokken/build/output/unity/unity/Runtime/Export/Logging/DebugLogHandler.cs:9)
UnityEngine.Logger:Log (UnityEngine.LogType,object) (at /Users/bokken/build/output/unity/unity/Runtime/Export/Logging/Logger.cs:60)
UnityEngine.Debug:Log (object) (at /Users/bokken/build/output/unity/unity/Runtime/Export/Debug/Debug.bindings.cs:123)
PerfScenario:StartRecorders () (at /Users/philipp/Projects/3DTD/3DTD/3DTD/Assets/Scripts/Diagnostics/PerfScenario.cs:747)
PerfScenario/<Start>d__43:MoveNext () (at /Users/philipp/Projects/3DTD/3DTD/3DTD/Assets/Scripts/Diagnostics/PerfScenario.cs:292)
UnityEngine.SetupCoroutine:InvokeMoveNext (System.Collections.IEnumerator,intptr) (at /Users/bokken/build/output/unity/unity/Runtime/Export/Scripting/Coroutines.cs:17)

(Filename: /Users/bokken/build/output/unity/unity/Runtime/Export/Debug/Debug.bindings.cs Line: 123)

PERF MARKER VFX / VFX.ParticleSystem.RenderLineIndirect
UnityEngine.Debug:ExtractStackTraceNoAlloc (byte*,int,string)
UnityEngine.StackTraceUtility:ExtractStackTrace () (at /Users/bokken/build/output/unity/unity/Runtime/Export/Scripting/StackTrace.cs:35)
UnityEngine.DebugLogHandler:Internal_Log (UnityEngine.LogType,UnityEngine.LogOption,string,UnityEngine.Object)
UnityEngine.DebugLogHandler:LogFormat (UnityEngine.LogType,UnityEngine.Object,string,object[]) (at /Users/bokken/build/output/unity/unity/Runtime/Export/Logging/DebugLogHandler.cs:9)
UnityEngine.Logger:Log (UnityEngine.LogType,object) (at /Users/bokken/build/output/unity/unity/Runtime/Export/Logging/Logger.cs:60)
UnityEngine.Debug:Log (object) (at /Users/bokken/build/output/unity/unity/Runtime/Export/Debug/Debug.bindings.cs:123)
PerfScenario:StartRecorders () (at /Users/philipp/Projects/3DTD/3DTD/3DTD/Assets/Scripts/Diagnostics/PerfScenario.cs:747)
PerfScenario/<Start>d__43:MoveNext () (at /Users/philipp/Projects/3DTD/3DTD/3DTD/Assets/Scripts/Diagnostics/PerfScenario.cs:292)
UnityEngine.SetupCoroutine:InvokeMoveNext (System.Collections.IEnumerator,intptr) (at /Users/bokken/build/output/unity/unity/Runtime/Export/Scripting/Coroutines.cs:17)

(Filename: /Users/bokken/build/output/unity/unity/Runtime/Export/Debug/Debug.bindings.cs Line: 123)

PERF MARKER VFX / VFX.ParticleSystem.RenderLine
UnityEngine.Debug:ExtractStackTraceNoAlloc (byte*,int,string)
UnityEngine.StackTraceUtility:ExtractStackTrace () (at /Users/bokken/build/output/unity/unity/Runtime/Export/Scripting/StackTrace.cs:35)
UnityEngine.DebugLogHandler:Internal_Log (UnityEngine.LogType,UnityEngine.LogOption,string,UnityEngine.Object)
UnityEngine.DebugLogHandler:LogFormat (UnityEngine.LogType,UnityEngine.Object,string,object[]) (at /Users/bokken/build/output/unity/unity/Runtime/Export/Logging/DebugLogHandler.cs:9)
UnityEngine.Logger:Log (UnityEngine.LogType,object) (at /Users/bokken/build/output/unity/unity/Runtime/Export/Logging/Logger.cs:60)
UnityEngine.Debug:Log (object) (at /Users/bokken/build/output/unity/unity/Runtime/Export/Debug/Debug.bindings.cs:123)
PerfScenario:StartRecorders () (at /Users/philipp/Projects/3DTD/3DTD/3DTD/Assets/Scripts/Diagnostics/PerfScenario.cs:747)
PerfScenario/<Start>d__43:MoveNext () (at /Users/philipp/Projects/3DTD/3DTD/3DTD/Assets/Scripts/Diagnostics/PerfScenario.cs:292)
UnityEngine.SetupCoroutine:InvokeMoveNext (System.Collections.IEnumerator,intptr) (at /Users/bokken/build/output/unity/unity/Runtime/Export/Scripting/Coroutines.cs:17)

(Filename: /Users/bokken/build/output/unity/unity/Runtime/Export/Debug/Debug.bindings.cs Line: 123)

PERF MARKER VFX / VFX.ParticleSystem.RenderPointIndirect
UnityEngine.Debug:ExtractStackTraceNoAlloc (byte*,int,string)
UnityEngine.StackTraceUtility:ExtractStackTrace () (at /Users/bokken/build/output/unity/unity/Runtime/Export/Scripting/StackTrace.cs:35)
UnityEngine.DebugLogHandler:Internal_Log (UnityEngine.LogType,UnityEngine.LogOption,string,UnityEngine.Object)
UnityEngine.DebugLogHandler:LogFormat (UnityEngine.LogType,UnityEngine.Object,string,object[]) (at /Users/bokken/build/output/unity/unity/Runtime/Export/Logging/DebugLogHandler.cs:9)
UnityEngine.Logger:Log (UnityEngine.LogType,object) (at /Users/bokken/build/output/unity/unity/Runtime/Export/Logging/Logger.cs:60)
UnityEngine.Debug:Log (object) (at /Users/bokken/build/output/unity/unity/Runtime/Export/Debug/Debug.bindings.cs:123)
PerfScenario:StartRecorders () (at /Users/philipp/Projects/3DTD/3DTD/3DTD/Assets/Scripts/Diagnostics/PerfScenario.cs:747)
PerfScenario/<Start>d__43:MoveNext () (at /Users/philipp/Projects/3DTD/3DTD/3DTD/Assets/Scripts/Diagnostics/PerfScenario.cs:292)
UnityEngine.SetupCoroutine:InvokeMoveNext (System.Collections.IEnumerator,intptr) (at /Users/bokken/build/output/unity/unity/Runtime/Export/Scripting/Coroutines.cs:17)

(Filename: /Users/bokken/build/output/unity/unity/Runtime/Export/Debug/Debug.bindings.cs Line: 123)

PERF MARKER VFX / VFX.ParticleSystem.RenderPoint
UnityEngine.Debug:ExtractStackTraceNoAlloc (byte*,int,string)
UnityEngine.StackTraceUtility:ExtractStackTrace () (at /Users/bokken/build/output/unity/unity/Runtime/Export/Scripting/StackTrace.cs:35)
UnityEngine.DebugLogHandler:Internal_Log (UnityEngine.LogType,UnityEngine.LogOption,string,UnityEngine.Object)
UnityEngine.DebugLogHandler:LogFormat (UnityEngine.LogType,UnityEngine.Object,string,object[]) (at /Users/bokken/build/output/unity/unity/Runtime/Export/Logging/DebugLogHandler.cs:9)
UnityEngine.Logger:Log (UnityEngine.LogType,object) (at /Users/bokken/build/output/unity/unity/Runtime/Export/Logging/Logger.cs:60)
UnityEngine.Debug:Log (object) (at /Users/bokken/build/output/unity/unity/Runtime/Export/Debug/Debug.bindings.cs:123)
PerfScenario:StartRecorders () (at /Users/philipp/Projects/3DTD/3DTD/3DTD/Assets/Scripts/Diagnostics/PerfScenario.cs:747)
PerfScenario/<Start>d__43:MoveNext () (at /Users/philipp/Projects/3DTD/3DTD/3DTD/Assets/Scripts/Diagnostics/PerfScenario.cs:292)
UnityEngine.SetupCoroutine:InvokeMoveNext (System.Collections.IEnumerator,intptr) (at /Users/bokken/build/output/unity/unity/Runtime/Export/Scripting/Coroutines.cs:17)

(Filename: /Users/bokken/build/output/unity/unity/Runtime/Export/Debug/Debug.bindings.cs Line: 123)

PERF MARKER Loading / AssetBundleLoadFromAsyncOperation.IsCrc32Valid
UnityEngine.Debug:ExtractStackTraceNoAlloc (byte*,int,string)
UnityEngine.StackTraceUtility:ExtractStackTrace () (at /Users/bokken/build/output/unity/unity/Runtime/Export/Scripting/StackTrace.cs:35)
UnityEngine.DebugLogHandler:Internal_Log (UnityEngine.LogType,UnityEngine.LogOption,string,UnityEngine.Object)
UnityEngine.DebugLogHandler:LogFormat (UnityEngine.LogType,UnityEngine.Object,string,object[]) (at /Users/bokken/build/output/unity/unity/Runtime/Export/Logging/DebugLogHandler.cs:9)
UnityEngine.Logger:Log (UnityEngine.LogType,object) (at /Users/bokken/build/output/unity/unity/Runtime/Export/Logging/Logger.cs:60)
UnityEngine.Debug:Log (object) (at /Users/bokken/build/output/unity/unity/Runtime/Export/Debug/Debug.bindings.cs:123)
PerfScenario:StartRecorders () (at /Users/philipp/Projects/3DTD/3DTD/3DTD/Assets/Scripts/Diagnostics/PerfScenario.cs:747)
PerfScenario/<Start>d__43:MoveNext () (at /Users/philipp/Projects/3DTD/3DTD/3DTD/Assets/Scripts/Diagnostics/PerfScenario.cs:292)
UnityEngine.SetupCoroutine:InvokeMoveNext (System.Collections.IEnumerator,intptr) (at /Users/bokken/build/output/unity/unity/Runtime/Export/Scripting/Coroutines.cs:17)

(Filename: /Users/bokken/build/output/unity/unity/Runtime/Export/Debug/Debug.bindings.cs Line: 123)

PERF MARKER Loading / AssetBundle.LoadAssetAsync [Collecting dependencies]
UnityEngine.Debug:ExtractStackTraceNoAlloc (byte*,int,string)
UnityEngine.StackTraceUtility:ExtractStackTrace () (at /Users/bokken/build/output/unity/unity/Runtime/Export/Scripting/StackTrace.cs:35)
UnityEngine.DebugLogHandler:Internal_Log (UnityEngine.LogType,UnityEngine.LogOption,string,UnityEngine.Object)
UnityEngine.DebugLogHandler:LogFormat (UnityEngine.LogType,UnityEngine.Object,string,object[]) (at /Users/bokken/build/output/unity/unity/Runtime/Export/Logging/DebugLogHandler.cs:9)
UnityEngine.Logger:Log (UnityEngine.LogType,object) (at /Users/bokken/build/output/unity/unity/Runtime/Export/Logging/Logger.cs:60)
UnityEngine.Debug:Log (object) (at /Users/bokken/build/output/unity/unity/Runtime/Export/Debug/Debug.bindings.cs:123)
PerfScenario:StartRecorders () (at /Users/philipp/Projects/3DTD/3DTD/3DTD/Assets/Scripts/Diagnostics/PerfScenario.cs:747)
PerfScenario/<Start>d__43:MoveNext () (at /Users/philipp/Projects/3DTD/3DTD/3DTD/Assets/Scripts/Diagnostics/PerfScenario.cs:292)
UnityEngine.SetupCoroutine:InvokeMoveNext (System.Collections.IEnumerator,intptr) (at /Users/bokken/build/output/unity/unity/Runtime/Export/Scripting/Coroutines.cs:17)

(Filename: /Users/bokken/build/output/unity/unity/Runtime/Export/Debug/Debug.bindings.cs Line: 123)

PERF MARKER Loading / AssetBundle.LoadAssetAsync
UnityEngine.Debug:ExtractStackTraceNoAlloc (byte*,int,string)
UnityEngine.StackTraceUtility:ExtractStackTrace () (at /Users/bokken/build/output/unity/unity/Runtime/Export/Scripting/StackTrace.cs:35)
UnityEngine.DebugLogHandler:Internal_Log (UnityEngine.LogType,UnityEngine.LogOption,string,UnityEngine.Object)
UnityEngine.DebugLogHandler:LogFormat (UnityEngine.LogType,UnityEngine.Object,string,object[]) (at /Users/bokken/build/output/unity/unity/Runtime/Export/Logging/DebugLogHandler.cs:9)
UnityEngine.Logger:Log (UnityEngine.LogType,object) (at /Users/bokken/build/output/unity/unity/Runtime/Export/Logging/Logger.cs:60)
UnityEngine.Debug:Log (object) (at /Users/bokken/build/output/unity/unity/Runtime/Export/Debug/Debug.bindings.cs:123)
PerfScenario:StartRecorders () (at /Users/philipp/Projects/3DTD/3DTD/3DTD/Assets/Scripts/Diagnostics/PerfScenario.cs:747)
PerfScenario/<Start>d__43:MoveNext () (at /Users/philipp/Projects/3DTD/3DTD/3DTD/Assets/Scripts/Diagnostics/PerfScenario.cs:292)
UnityEngine.SetupCoroutine:InvokeMoveNext (System.Collections.IEnumerator,intptr) (at /Users/bokken/build/output/unity/unity/Runtime/Export/Scripting/Coroutines.cs:17)

(Filename: /Users/bokken/build/output/unity/unity/Runtime/Export/Debug/Debug.bindings.cs Line: 123)

PERF MARKER Loading / AssetBundle.UnloadAsync.Integrate.CleanupStorage
UnityEngine.Debug:ExtractStackTraceNoAlloc (byte*,int,string)
UnityEngine.StackTraceUtility:ExtractStackTrace () (at /Users/bokken/build/output/unity/unity/Runtime/Export/Scripting/StackTrace.cs:35)
UnityEngine.DebugLogHandler:Internal_Log (UnityEngine.LogType,UnityEngine.LogOption,string,UnityEngine.Object)
UnityEngine.DebugLogHandler:LogFormat (UnityEngine.LogType,UnityEngine.Object,string,object[]) (at /Users/bokken/build/output/unity/unity/Runtime/Export/Logging/DebugLogHandler.cs:9)
UnityEngine.Logger:Log (UnityEngine.LogType,object) (at /Users/bokken/build/output/unity/unity/Runtime/Export/Logging/Logger.cs:60)
UnityEngine.Debug:Log (object) (at /Users/bokken/build/output/unity/unity/Runtime/Export/Debug/Debug.bindings.cs:123)
PerfScenario:StartRecorders () (at /Users/philipp/Projects/3DTD/3DTD/3DTD/Assets/Scripts/Diagnostics/PerfScenario.cs:747)
PerfScenario/<Start>d__43:MoveNext () (at /Users/philipp/Projects/3DTD/3DTD/3DTD/Assets/Scripts/Diagnostics/PerfScenario.cs:292)
UnityEngine.SetupCoroutine:InvokeMoveNext (System.Collections.IEnumerator,intptr) (at /Users/bokken/build/output/unity/unity/Runtime/Export/Scripting/Coroutines.cs:17)

(Filename: /Users/bokken/build/output/unity/unity/Runtime/Export/Debug/Debug.bindings.cs Line: 123)

PERF MARKER Loading / AssetBundle.UnloadAsync.Integrate.CloseFiles
UnityEngine.Debug:ExtractStackTraceNoAlloc (byte*,int,string)
UnityEngine.StackTraceUtility:ExtractStackTrace () (at /Users/bokken/build/output/unity/unity/Runtime/Export/Scripting/StackTrace.cs:35)
UnityEngine.DebugLogHandler:Internal_Log (UnityEngine.LogType,UnityEngine.LogOption,string,UnityEngine.Object)
UnityEngine.DebugLogHandler:LogFormat (UnityEngine.LogType,UnityEngine.Object,string,object[]) (at /Users/bokken/build/output/unity/unity/Runtime/Export/Logging/DebugLogHandler.cs:9)
UnityEngine.Logger:Log (UnityEngine.LogType,object) (at /Users/bokken/build/output/unity/unity/Runtime/Export/Logging/Logger.cs:60)
UnityEngine.Debug:Log (object) (at /Users/bokken/build/output/unity/unity/Runtime/Export/Debug/Debug.bindings.cs:123)
PerfScenario:StartRecorders () (at /Users/philipp/Projects/3DTD/3DTD/3DTD/Assets/Scripts/Diagnostics/PerfScenario.cs:747)
PerfScenario/<Start>d__43:MoveNext () (at /Users/philipp/Projects/3DTD/3DTD/3DTD/Assets/Scripts/Diagnostics/PerfScenario.cs:292)
UnityEngine.SetupCoroutine:InvokeMoveNext (System.Collections.IEnumerator,intptr) (at /Users/bokken/build/output/unity/unity/Runtime/Export/Scripting/Coroutines.cs:17)

(Filename: /Users/bokken/build/output/unity/unity/Runtime/Export/Debug/Debug.bindings.cs Line: 123)

PERF MARKER Loading / AssetBundle.UnloadAsync.Integrate.DestroyObjects
UnityEngine.Debug:ExtractStackTraceNoAlloc (byte*,int,string)
UnityEngine.StackTraceUtility:ExtractStackTrace () (at /Users/bokken/build/output/unity/unity/Runtime/Export/Scripting/StackTrace.cs:35)
UnityEngine.DebugLogHandler:Internal_Log (UnityEngine.LogType,UnityEngine.LogOption,string,UnityEngine.Object)
UnityEngine.DebugLogHandler:LogFormat (UnityEngine.LogType,UnityEngine.Object,string,object[]) (at /Users/bokken/build/output/unity/unity/Runtime/Export/Logging/DebugLogHandler.cs:9)
UnityEngine.Logger:Log (UnityEngine.LogType,object) (at /Users/bokken/build/output/unity/unity/Runtime/Export/Logging/Logger.cs:60)
UnityEngine.Debug:Log (object) (at /Users/bokken/build/output/unity/unity/Runtime/Export/Debug/Debug.bindings.cs:123)
PerfScenario:StartRecorders () (at /Users/philipp/Projects/3DTD/3DTD/3DTD/Assets/Scripts/Diagnostics/PerfScenario.cs:747)
PerfScenario/<Start>d__43:MoveNext () (at /Users/philipp/Projects/3DTD/3DTD/3DTD/Assets/Scripts/Diagnostics/PerfScenario.cs:292)
UnityEngine.SetupCoroutine:InvokeMoveNext (System.Collections.IEnumerator,intptr) (at /Users/bokken/build/output/unity/unity/Runtime/Export/Scripting/Coroutines.cs:17)

(Filename: /Users/bokken/build/output/unity/unity/Runtime/Export/Debug/Debug.bindings.cs Line: 123)

PERF MARKER Loading / AssetBundle.UnloadAsync.Integrate
UnityEngine.Debug:ExtractStackTraceNoAlloc (byte*,int,string)
UnityEngine.StackTraceUtility:ExtractStackTrace () (at /Users/bokken/build/output/unity/unity/Runtime/Export/Scripting/StackTrace.cs:35)
UnityEngine.DebugLogHandler:Internal_Log (UnityEngine.LogType,UnityEngine.LogOption,string,UnityEngine.Object)
UnityEngine.DebugLogHandler:LogFormat (UnityEngine.LogType,UnityEngine.Object,string,object[]) (at /Users/bokken/build/output/unity/unity/Runtime/Export/Logging/DebugLogHandler.cs:9)
UnityEngine.Logger:Log (UnityEngine.LogType,object) (at /Users/bokken/build/output/unity/unity/Runtime/Export/Logging/Logger.cs:60)
UnityEngine.Debug:Log (object) (at /Users/bokken/build/output/unity/unity/Runtime/Export/Debug/Debug.bindings.cs:123)
PerfScenario:StartRecorders () (at /Users/philipp/Projects/3DTD/3DTD/3DTD/Assets/Scripts/Diagnostics/PerfScenario.cs:747)
PerfScenario/<Start>d__43:MoveNext () (at /Users/philipp/Projects/3DTD/3DTD/3DTD/Assets/Scripts/Diagnostics/PerfScenario.cs:292)
UnityEngine.SetupCoroutine:InvokeMoveNext (System.Collections.IEnumerator,intptr) (at /Users/bokken/build/output/unity/unity/Runtime/Export/Scripting/Coroutines.cs:17)

(Filename: /Users/bokken/build/output/unity/unity/Runtime/Export/Debug/Debug.bindings.cs Line: 123)

PERF MARKER Loading / AssetBundle.UnloadAsync.UnmapStreams
UnityEngine.Debug:ExtractStackTraceNoAlloc (byte*,int,string)
UnityEngine.StackTraceUtility:ExtractStackTrace () (at /Users/bokken/build/output/unity/unity/Runtime/Export/Scripting/StackTrace.cs:35)
UnityEngine.DebugLogHandler:Internal_Log (UnityEngine.LogType,UnityEngine.LogOption,string,UnityEngine.Object)
UnityEngine.DebugLogHandler:LogFormat (UnityEngine.LogType,UnityEngine.Object,string,object[]) (at /Users/bokken/build/output/unity/unity/Runtime/Export/Logging/DebugLogHandler.cs:9)
UnityEngine.Logger:Log (UnityEngine.LogType,object) (at /Users/bokken/build/output/unity/unity/Runtime/Export/Logging/Logger.cs:60)
UnityEngine.Debug:Log (object) (at /Users/bokken/build/output/unity/unity/Runtime/Export/Debug/Debug.bindings.cs:123)
PerfScenario:StartRecorders () (at /Users/philipp/Projects/3DTD/3DTD/3DTD/Assets/Scripts/Diagnostics/PerfScenario.cs:747)
PerfScenario/<Start>d__43:MoveNext () (at /Users/philipp/Projects/3DTD/3DTD/3DTD/Assets/Scripts/Diagnostics/PerfScenario.cs:292)
UnityEngine.SetupCoroutine:InvokeMoveNext (System.Collections.IEnumerator,intptr) (at /Users/bokken/build/output/unity/unity/Runtime/Export/Scripting/Coroutines.cs:17)

(Filename: /Users/bokken/build/output/unity/unity/Runtime/Export/Debug/Debug.bindings.cs Line: 123)

PERF MARKER Loading / AssetBundle.UnloadAsync.SortInstanceIds
UnityEngine.Debug:ExtractStackTraceNoAlloc (byte*,int,string)
UnityEngine.StackTraceUtility:ExtractStackTrace () (at /Users/bokken/build/output/unity/unity/Runtime/Export/Scripting/StackTrace.cs:35)
UnityEngine.DebugLogHandler:Internal_Log (UnityEngine.LogType,UnityEngine.LogOption,string,UnityEngine.Object)
UnityEngine.DebugLogHandler:LogFormat (UnityEngine.LogType,UnityEngine.Object,string,object[]) (at /Users/bokken/build/output/unity/unity/Runtime/Export/Logging/DebugLogHandler.cs:9)
UnityEngine.Logger:Log (UnityEngine.LogType,object) (at /Users/bokken/build/output/unity/unity/Runtime/Export/Logging/Logger.cs:60)
UnityEngine.Debug:Log (object) (at /Users/bokken/build/output/unity/unity/Runtime/Export/Debug/Debug.bindings.cs:123)
PerfScenario:StartRecorders () (at /Users/philipp/Projects/3DTD/3DTD/3DTD/Assets/Scripts/Diagnostics/PerfScenario.cs:747)
PerfScenario/<Start>d__43:MoveNext () (at /Users/philipp/Projects/3DTD/3DTD/3DTD/Assets/Scripts/Diagnostics/PerfScenario.cs:292)
UnityEngine.SetupCoroutine:InvokeMoveNext (System.Collections.IEnumerator,intptr) (at /Users/bokken/build/output/unity/unity/Runtime/Export/Scripting/Coroutines.cs:17)

(Filename: /Users/bokken/build/output/unity/unity/Runtime/Export/Debug/Debug.bindings.cs Line: 123)

PERF MARKER Loading / AssetBundle.UnloadAsync.CollectInstanceIDs
UnityEngine.Debug:ExtractStackTraceNoAlloc (byte*,int,string)
UnityEngine.StackTraceUtility:ExtractStackTrace () (at /Users/bokken/build/output/unity/unity/Runtime/Export/Scripting/StackTrace.cs:35)
UnityEngine.DebugLogHandler:Internal_Log (UnityEngine.LogType,UnityEngine.LogOption,string,UnityEngine.Object)
UnityEngine.DebugLogHandler:LogFormat (UnityEngine.LogType,UnityEngine.Object,string,object[]) (at /Users/bokken/build/output/unity/unity/Runtime/Export/Logging/DebugLogHandler.cs:9)
UnityEngine.Logger:Log (UnityEngine.LogType,object) (at /Users/bokken/build/output/unity/unity/Runtime/Export/Logging/Logger.cs:60)
UnityEngine.Debug:Log (object) (at /Users/bokken/build/output/unity/unity/Runtime/Export/Debug/Debug.bindings.cs:123)
PerfScenario:StartRecorders () (at /Users/philipp/Projects/3DTD/3DTD/3DTD/Assets/Scripts/Diagnostics/PerfScenario.cs:747)
PerfScenario/<Start>d__43:MoveNext () (at /Users/philipp/Projects/3DTD/3DTD/3DTD/Assets/Scripts/Diagnostics/PerfScenario.cs:292)
UnityEngine.SetupCoroutine:InvokeMoveNext (System.Collections.IEnumerator,intptr) (at /Users/bokken/build/output/unity/unity/Runtime/Export/Scripting/Coroutines.cs:17)

(Filename: /Users/bokken/build/output/unity/unity/Runtime/Export/Debug/Debug.bindings.cs Line: 123)

PERF MARKER Loading / AssetBundle.UnloadAsync.Perform
UnityEngine.Debug:ExtractStackTraceNoAlloc (byte*,int,string)
UnityEngine.StackTraceUtility:ExtractStackTrace () (at /Users/bokken/build/output/unity/unity/Runtime/Export/Scripting/StackTrace.cs:35)
UnityEngine.DebugLogHandler:Internal_Log (UnityEngine.LogType,UnityEngine.LogOption,string,UnityEngine.Object)
UnityEngine.DebugLogHandler:LogFormat (UnityEngine.LogType,UnityEngine.Object,string,object[]) (at /Users/bokken/build/output/unity/unity/Runtime/Export/Logging/DebugLogHandler.cs:9)
UnityEngine.Logger:Log (UnityEngine.LogType,object) (at /Users/bokken/build/output/unity/unity/Runtime/Export/Logging/Logger.cs:60)
UnityEngine.Debug:Log (object) (at /Users/bokken/build/output/unity/unity/Runtime/Export/Debug/Debug.bindings.cs:123)
PerfScenario:StartRecorders () (at /Users/philipp/Projects/3DTD/3DTD/3DTD/Assets/Scripts/Diagnostics/PerfScenario.cs:747)
PerfScenario/<Start>d__43:MoveNext () (at /Users/philipp/Projects/3DTD/3DTD/3DTD/Assets/Scripts/Diagnostics/PerfScenario.cs:292)
UnityEngine.SetupCoroutine:InvokeMoveNext (System.Collections.IEnumerator,intptr) (at /Users/bokken/build/output/unity/unity/Runtime/Export/Scripting/Coroutines.cs:17)

(Filename: /Users/bokken/build/output/unity/unity/Runtime/Export/Debug/Debug.bindings.cs Line: 123)

PERF MARKER Physics2D / PhysicsCore2D.PhysicsWorld.WriteTransformTweensSync
UnityEngine.Debug:ExtractStackTraceNoAlloc (byte*,int,string)
UnityEngine.StackTraceUtility:ExtractStackTrace () (at /Users/bokken/build/output/unity/unity/Runtime/Export/Scripting/StackTrace.cs:35)
UnityEngine.DebugLogHandler:Internal_Log (UnityEngine.LogType,UnityEngine.LogOption,string,UnityEngine.Object)
UnityEngine.DebugLogHandler:LogFormat (UnityEngine.LogType,UnityEngine.Object,string,object[]) (at /Users/bokken/build/output/unity/unity/Runtime/Export/Logging/DebugLogHandler.cs:9)
UnityEngine.Logger:Log (UnityEngine.LogType,object) (at /Users/bokken/build/output/unity/unity/Runtime/Export/Logging/Logger.cs:60)
UnityEngine.Debug:Log (object) (at /Users/bokken/build/output/unity/unity/Runtime/Export/Debug/Debug.bindings.cs:123)
PerfScenario:StartRecorders () (at /Users/philipp/Projects/3DTD/3DTD/3DTD/Assets/Scripts/Diagnostics/PerfScenario.cs:747)
PerfScenario/<Start>d__43:MoveNext () (at /Users/philipp/Projects/3DTD/3DTD/3DTD/Assets/Scripts/Diagnostics/PerfScenario.cs:292)
UnityEngine.SetupCoroutine:InvokeMoveNext (System.Collections.IEnumerator,intptr) (at /Users/bokken/build/output/unity/unity/Runtime/Export/Scripting/Coroutines.cs:17)

(Filename: /Users/bokken/build/output/unity/unity/Runtime/Export/Debug/Debug.bindings.cs Line: 123)

PERF MARKER Physics2D / PhysicsCore2D.PhysicsWorld.SyncInterpolation
UnityEngine.Debug:ExtractStackTraceNoAlloc (byte*,int,string)
UnityEngine.StackTraceUtility:ExtractStackTrace () (at /Users/bokken/build/output/unity/unity/Runtime/Export/Scripting/StackTrace.cs:35)
UnityEngine.DebugLogHandler:Internal_Log (UnityEngine.LogType,UnityEngine.LogOption,string,UnityEngine.Object)
UnityEngine.DebugLogHandler:LogFormat (UnityEngine.LogType,UnityEngine.Object,string,object[]) (at /Users/bokken/build/output/unity/unity/Runtime/Export/Logging/DebugLogHandler.cs:9)
UnityEngine.Logger:Log (UnityEngine.LogType,object) (at /Users/bokken/build/output/unity/unity/Runtime/Export/Logging/Logger.cs:60)
UnityEngine.Debug:Log (object) (at /Users/bokken/build/output/unity/unity/Runtime/Export/Debug/Debug.bindings.cs:123)
PerfScenario:StartRecorders () (at /Users/philipp/Projects/3DTD/3DTD/3DTD/Assets/Scripts/Diagnostics/PerfScenario.cs:747)
PerfScenario/<Start>d__43:MoveNext () (at /Users/philipp/Projects/3DTD/3DTD/3DTD/Assets/Scripts/Diagnostics/PerfScenario.cs:292)
UnityEngine.SetupCoroutine:InvokeMoveNext (System.Collections.IEnumerator,intptr) (at /Users/bokken/build/output/unity/unity/Runtime/Export/Scripting/Coroutines.cs:17)

(Filename: /Users/bokken/build/output/unity/unity/Runtime/Export/Debug/Debug.bindings.cs Line: 123)

PERF MARKER Physics2D / Physics2D.SynchronizeFixturesMove
UnityEngine.Debug:ExtractStackTraceNoAlloc (byte*,int,string)
UnityEngine.StackTraceUtility:ExtractStackTrace () (at /Users/bokken/build/output/unity/unity/Runtime/Export/Scripting/StackTrace.cs:35)
UnityEngine.DebugLogHandler:Internal_Log (UnityEngine.LogType,UnityEngine.LogOption,string,UnityEngine.Object)
UnityEngine.DebugLogHandler:LogFormat (UnityEngine.LogType,UnityEngine.Object,string,object[]) (at /Users/bokken/build/output/unity/unity/Runtime/Export/Logging/DebugLogHandler.cs:9)
UnityEngine.Logger:Log (UnityEngine.LogType,object) (at /Users/bokken/build/output/unity/unity/Runtime/Export/Logging/Logger.cs:60)
UnityEngine.Debug:Log (object) (at /Users/bokken/build/output/unity/unity/Runtime/Export/Debug/Debug.bindings.cs:123)
PerfScenario:StartRecorders () (at /Users/philipp/Projects/3DTD/3DTD/3DTD/Assets/Scripts/Diagnostics/PerfScenario.cs:747)
PerfScenario/<Start>d__43:MoveNext () (at /Users/philipp/Projects/3DTD/3DTD/3DTD/Assets/Scripts/Diagnostics/PerfScenario.cs:292)
UnityEngine.SetupCoroutine:InvokeMoveNext (System.Collections.IEnumerator,intptr) (at /Users/bokken/build/output/unity/unity/Runtime/Export/Scripting/Coroutines.cs:17)

(Filename: /Users/bokken/build/output/unity/unity/Runtime/Export/Debug/Debug.bindings.cs Line: 123)

PERF MARKER Physics2D / Physics2D.SynchronizeFixturesCombineSortJob
UnityEngine.Debug:ExtractStackTraceNoAlloc (byte*,int,string)
UnityEngine.StackTraceUtility:ExtractStackTrace () (at /Users/bokken/build/output/unity/unity/Runtime/Export/Scripting/StackTrace.cs:35)
UnityEngine.DebugLogHandler:Internal_Log (UnityEngine.LogType,UnityEngine.LogOption,string,UnityEngine.Object)
UnityEngine.DebugLogHandler:LogFormat (UnityEngine.LogType,UnityEngine.Object,string,object[]) (at /Users/bokken/build/output/unity/unity/Runtime/Export/Logging/DebugLogHandler.cs:9)
UnityEngine.Logger:Log (UnityEngine.LogType,object) (at /Users/bokken/build/output/unity/unity/Runtime/Export/Logging/Logger.cs:60)
UnityEngine.Debug:Log (object) (at /Users/bokken/build/output/unity/unity/Runtime/Export/Debug/Debug.bindings.cs:123)
PerfScenario:StartRecorders () (at /Users/philipp/Projects/3DTD/3DTD/3DTD/Assets/Scripts/Diagnostics/PerfScenario.cs:747)
PerfScenario/<Start>d__43:MoveNext () (at /Users/philipp/Projects/3DTD/3DTD/3DTD/Assets/Scripts/Diagnostics/PerfScenario.cs:292)
UnityEngine.SetupCoroutine:InvokeMoveNext (System.Collections.IEnumerator,intptr) (at /Users/bokken/build/output/unity/unity/Runtime/Export/Scripting/Coroutines.cs:17)

(Filename: /Users/bokken/build/output/unity/unity/Runtime/Export/Debug/Debug.bindings.cs Line: 123)

PERF MARKER Physics2D / Physics2D.SynchronizeFixturesJob
UnityEngine.Debug:ExtractStackTraceNoAlloc (byte*,int,string)
UnityEngine.StackTraceUtility:ExtractStackTrace () (at /Users/bokken/build/output/unity/unity/Runtime/Export/Scripting/StackTrace.cs:35)
UnityEngine.DebugLogHandler:Internal_Log (UnityEngine.LogType,UnityEngine.LogOption,string,UnityEngine.Object)
UnityEngine.DebugLogHandler:LogFormat (UnityEngine.LogType,UnityEngine.Object,string,object[]) (at /Users/bokken/build/output/unity/unity/Runtime/Export/Logging/DebugLogHandler.cs:9)
UnityEngine.Logger:Log (UnityEngine.LogType,object) (at /Users/bokken/build/output/unity/unity/Runtime/Export/Logging/Logger.cs:60)
UnityEngine.Debug:Log (object) (at /Users/bokken/build/output/unity/unity/Runtime/Export/Debug/Debug.bindings.cs:123)
PerfScenario:StartRecorders () (at /Users/philipp/Projects/3DTD/3DTD/3DTD/Assets/Scripts/Diagnostics/PerfScenario.cs:747)
PerfScenario/<Start>d__43:MoveNext () (at /Users/philipp/Projects/3DTD/3DTD/3DTD/Assets/Scripts/Diagnostics/PerfScenario.cs:292)
UnityEngine.SetupCoroutine:InvokeMoveNext (System.Collections.IEnumerator,intptr) (at /Users/bokken/build/output/unity/unity/Runtime/Export/Scripting/Coroutines.cs:17)

(Filename: /Users/bokken/build/output/unity/unity/Runtime/Export/Debug/Debug.bindings.cs Line: 123)

PERF MARKER Physics2D / Physics2D.SynchronizeFixturesTask
UnityEngine.Debug:ExtractStackTraceNoAlloc (byte*,int,string)
UnityEngine.StackTraceUtility:ExtractStackTrace () (at /Users/bokken/build/output/unity/unity/Runtime/Export/Scripting/StackTrace.cs:35)
UnityEngine.DebugLogHandler:Internal_Log (UnityEngine.LogType,UnityEngine.LogOption,string,UnityEngine.Object)
UnityEngine.DebugLogHandler:LogFormat (UnityEngine.LogType,UnityEngine.Object,string,object[]) (at /Users/bokken/build/output/unity/unity/Runtime/Export/Logging/DebugLogHandler.cs:9)
UnityEngine.Logger:Log (UnityEngine.LogType,object) (at /Users/bokken/build/output/unity/unity/Runtime/Export/Logging/Logger.cs:60)
UnityEngine.Debug:Log (object) (at /Users/bokken/build/output/unity/unity/Runtime/Export/Debug/Debug.bindings.cs:123)
PerfScenario:StartRecorders () (at /Users/philipp/Projects/3DTD/3DTD/3DTD/Assets/Scripts/Diagnostics/PerfScenario.cs:747)
PerfScenario/<Start>d__43:MoveNext () (at /Users/philipp/Projects/3DTD/3DTD/3DTD/Assets/Scripts/Diagnostics/PerfScenario.cs:292)
UnityEngine.SetupCoroutine:InvokeMoveNext (System.Collections.IEnumerator,intptr) (at /Users/bokken/build/output/unity/unity/Runtime/Export/Scripting/Coroutines.cs:17)

(Filename: /Users/bokken/build/output/unity/unity/Runtime/Export/Debug/Debug.bindings.cs Line: 123)

PERF MARKER Physics2D / Physics2D.SynchronizeContinuousFixturesMove
UnityEngine.Debug:ExtractStackTraceNoAlloc (byte*,int,string)
UnityEngine.StackTraceUtility:ExtractStackTrace () (at /Users/bokken/build/output/unity/unity/Runtime/Export/Scripting/StackTrace.cs:35)
UnityEngine.DebugLogHandler:Internal_Log (UnityEngine.LogType,UnityEngine.LogOption,string,UnityEngine.Object)
UnityEngine.DebugLogHandler:LogFormat (UnityEngine.LogType,UnityEngine.Object,string,object[]) (at /Users/bokken/build/output/unity/unity/Runtime/Export/Logging/DebugLogHandler.cs:9)
UnityEngine.Logger:Log (UnityEngine.LogType,object) (at /Users/bokken/build/output/unity/unity/Runtime/Export/Logging/Logger.cs:60)
UnityEngine.Debug:Log (object) (at /Users/bokken/build/output/unity/unity/Runtime/Export/Debug/Debug.bindings.cs:123)
PerfScenario:StartRecorders () (at /Users/philipp/Projects/3DTD/3DTD/3DTD/Assets/Scripts/Diagnostics/PerfScenario.cs:747)
PerfScenario/<Start>d__43:MoveNext () (at /Users/philipp/Projects/3DTD/3DTD/3DTD/Assets/Scripts/Diagnostics/PerfScenario.cs:292)
UnityEngine.SetupCoroutine:InvokeMoveNext (System.Collections.IEnumerator,intptr) (at /Users/bokken/build/output/unity/unity/Runtime/Export/Scripting/Coroutines.cs:17)

(Filename: /Users/bokken/build/output/unity/unity/Runtime/Export/Debug/Debug.bindings.cs Line: 123)

PERF MARKER Physics2D / Physics2D.SynchronizeContinuousFixturesCombineSortJob
UnityEngine.Debug:ExtractStackTraceNoAlloc (byte*,int,string)
UnityEngine.StackTraceUtility:ExtractStackTrace () (at /Users/bokken/build/output/unity/unity/Runtime/Export/Scripting/StackTrace.cs:35)
UnityEngine.DebugLogHandler:Internal_Log (UnityEngine.LogType,UnityEngine.LogOption,string,UnityEngine.Object)
UnityEngine.DebugLogHandler:LogFormat (UnityEngine.LogType,UnityEngine.Object,string,object[]) (at /Users/bokken/build/output/unity/unity/Runtime/Export/Logging/DebugLogHandler.cs:9)
UnityEngine.Logger:Log (UnityEngine.LogType,object) (at /Users/bokken/build/output/unity/unity/Runtime/Export/Logging/Logger.cs:60)
UnityEngine.Debug:Log (object) (at /Users/bokken/build/output/unity/unity/Runtime/Export/Debug/Debug.bindings.cs:123)
PerfScenario:StartRecorders () (at /Users/philipp/Projects/3DTD/3DTD/3DTD/Assets/Scripts/Diagnostics/PerfScenario.cs:747)
PerfScenario/<Start>d__43:MoveNext () (at /Users/philipp/Projects/3DTD/3DTD/3DTD/Assets/Scripts/Diagnostics/PerfScenario.cs:292)
UnityEngine.SetupCoroutine:InvokeMoveNext (System.Collections.IEnumerator,intptr) (at /Users/bokken/build/output/unity/unity/Runtime/Export/Scripting/Coroutines.cs:17)

(Filename: /Users/bokken/build/output/unity/unity/Runtime/Export/Debug/Debug.bindings.cs Line: 123)

PERF MARKER Physics2D / Physics2D.SynchronizeContinuousFixturesJob
UnityEngine.Debug:ExtractStackTraceNoAlloc (byte*,int,string)
UnityEngine.StackTraceUtility:ExtractStackTrace () (at /Users/bokken/build/output/unity/unity/Runtime/Export/Scripting/StackTrace.cs:35)
UnityEngine.DebugLogHandler:Internal_Log (UnityEngine.LogType,UnityEngine.LogOption,string,UnityEngine.Object)
UnityEngine.DebugLogHandler:LogFormat (UnityEngine.LogType,UnityEngine.Object,string,object[]) (at /Users/bokken/build/output/unity/unity/Runtime/Export/Logging/DebugLogHandler.cs:9)
UnityEngine.Logger:Log (UnityEngine.LogType,object) (at /Users/bokken/build/output/unity/unity/Runtime/Export/Logging/Logger.cs:60)
UnityEngine.Debug:Log (object) (at /Users/bokken/build/output/unity/unity/Runtime/Export/Debug/Debug.bindings.cs:123)
PerfScenario:StartRecorders () (at /Users/philipp/Projects/3DTD/3DTD/3DTD/Assets/Scripts/Diagnostics/PerfScenario.cs:747)
PerfScenario/<Start>d__43:MoveNext () (at /Users/philipp/Projects/3DTD/3DTD/3DTD/Assets/Scripts/Diagnostics/PerfScenario.cs:292)
UnityEngine.SetupCoroutine:InvokeMoveNext (System.Collections.IEnumerator,intptr) (at /Users/bokken/build/output/unity/unity/Runtime/Export/Scripting/Coroutines.cs:17)

(Filename: /Users/bokken/build/output/unity/unity/Runtime/Export/Debug/Debug.bindings.cs Line: 123)

PERF MARKER Physics2D / Physics2D.SynchronizeContinuousFixturesTask
UnityEngine.Debug:ExtractStackTraceNoAlloc (byte*,int,string)
UnityEngine.StackTraceUtility:ExtractStackTrace () (at /Users/bokken/build/output/unity/unity/Runtime/Export/Scripting/StackTrace.cs:35)
UnityEngine.DebugLogHandler:Internal_Log (UnityEngine.LogType,UnityEngine.LogOption,string,UnityEngine.Object)
UnityEngine.DebugLogHandler:LogFormat (UnityEngine.LogType,UnityEngine.Object,string,object[]) (at /Users/bokken/build/output/unity/unity/Runtime/Export/Logging/DebugLogHandler.cs:9)
UnityEngine.Logger:Log (UnityEngine.LogType,object) (at /Users/bokken/build/output/unity/unity/Runtime/Export/Logging/Logger.cs:60)
UnityEngine.Debug:Log (object) (at /Users/bokken/build/output/unity/unity/Runtime/Export/Debug/Debug.bindings.cs:123)
PerfScenario:StartRecorders () (at /Users/philipp/Projects/3DTD/3DTD/3DTD/Assets/Scripts/Diagnostics/PerfScenario.cs:747)
PerfScenario/<Start>d__43:MoveNext () (at /Users/philipp/Projects/3DTD/3DTD/3DTD/Assets/Scripts/Diagnostics/PerfScenario.cs:292)
UnityEngine.SetupCoroutine:InvokeMoveNext (System.Collections.IEnumerator,intptr) (at /Users/bokken/build/output/unity/unity/Runtime/Export/Scripting/Coroutines.cs:17)

(Filename: /Users/bokken/build/output/unity/unity/Runtime/Export/Debug/Debug.bindings.cs Line: 123)

PERF MARKER Physics2D / Physics2D.SynchronizeFixtures
UnityEngine.Debug:ExtractStackTraceNoAlloc (byte*,int,string)
UnityEngine.StackTraceUtility:ExtractStackTrace () (at /Users/bokken/build/output/unity/unity/Runtime/Export/Scripting/StackTrace.cs:35)
UnityEngine.DebugLogHandler:Internal_Log (UnityEngine.LogType,UnityEngine.LogOption,string,UnityEngine.Object)
UnityEngine.DebugLogHandler:LogFormat (UnityEngine.LogType,UnityEngine.Object,string,object[]) (at /Users/bokken/build/output/unity/unity/Runtime/Export/Logging/DebugLogHandler.cs:9)
UnityEngine.Logger:Log (UnityEngine.LogType,object) (at /Users/bokken/build/output/unity/unity/Runtime/Export/Logging/Logger.cs:60)
UnityEngine.Debug:Log (object) (at /Users/bokken/build/output/unity/unity/Runtime/Export/Debug/Debug.bindings.cs:123)
PerfScenario:StartRecorders () (at /Users/philipp/Projects/3DTD/3DTD/3DTD/Assets/Scripts/Diagnostics/PerfScenario.cs:747)
PerfScenario/<Start>d__43:MoveNext () (at /Users/philipp/Projects/3DTD/3DTD/3DTD/Assets/Scripts/Diagnostics/PerfScenario.cs:292)
UnityEngine.SetupCoroutine:InvokeMoveNext (System.Collections.IEnumerator,intptr) (at /Users/bokken/build/output/unity/unity/Runtime/Export/Scripting/Coroutines.cs:17)

(Filename: /Users/bokken/build/output/unity/unity/Runtime/Export/Debug/Debug.bindings.cs Line: 123)

PERF MARKER Physics2D / Physics2D.SolveContinuousSynchronizeFixtures
UnityEngine.Debug:ExtractStackTraceNoAlloc (byte*,int,string)
UnityEngine.StackTraceUtility:ExtractStackTrace () (at /Users/bokken/build/output/unity/unity/Runtime/Export/Scripting/StackTrace.cs:35)
UnityEngine.DebugLogHandler:Internal_Log (UnityEngine.LogType,UnityEngine.LogOption,string,UnityEngine.Object)
UnityEngine.DebugLogHandler:LogFormat (UnityEngine.LogType,UnityEngine.Object,string,object[]) (at /Users/bokken/build/output/unity/unity/Runtime/Export/Logging/DebugLogHandler.cs:9)
UnityEngine.Logger:Log (UnityEngine.LogType,object) (at /Users/bokken/build/output/unity/unity/Runtime/Export/Logging/Logger.cs:60)
UnityEngine.Debug:Log (object) (at /Users/bokken/build/output/unity/unity/Runtime/Export/Debug/Debug.bindings.cs:123)
PerfScenario:StartRecorders () (at /Users/philipp/Projects/3DTD/3DTD/3DTD/Assets/Scripts/Diagnostics/PerfScenario.cs:747)
PerfScenario/<Start>d__43:MoveNext () (at /Users/philipp/Projects/3DTD/3DTD/3DTD/Assets/Scripts/Diagnostics/PerfScenario.cs:292)
UnityEngine.SetupCoroutine:InvokeMoveNext (System.Collections.IEnumerator,intptr) (at /Users/bokken/build/output/unity/unity/Runtime/Export/Scripting/Coroutines.cs:17)

(Filename: /Users/bokken/build/output/unity/unity/Runtime/Export/Debug/Debug.bindings.cs Line: 123)

PERF MARKER Physics2D / Physics2D.ApplyParticleForces
UnityEngine.Debug:ExtractStackTraceNoAlloc (byte*,int,string)
UnityEngine.StackTraceUtility:ExtractStackTrace () (at /Users/bokken/build/output/unity/unity/Runtime/Export/Scripting/StackTrace.cs:35)
UnityEngine.DebugLogHandler:Internal_Log (UnityEngine.LogType,UnityEngine.LogOption,string,UnityEngine.Object)
UnityEngine.DebugLogHandler:LogFormat (UnityEngine.LogType,UnityEngine.Object,string,object[]) (at /Users/bokken/build/output/unity/unity/Runtime/Export/Logging/DebugLogHandler.cs:9)
UnityEngine.Logger:Log (UnityEngine.LogType,object) (at /Users/bokken/build/output/unity/unity/Runtime/Export/Logging/Logger.cs:60)
UnityEngine.Debug:Log (object) (at /Users/bokken/build/output/unity/unity/Runtime/Export/Debug/Debug.bindings.cs:123)
PerfScenario:StartRecorders () (at /Users/philipp/Projects/3DTD/3DTD/3DTD/Assets/Scripts/Diagnostics/PerfScenario.cs:747)
PerfScenario/<Start>d__43:MoveNext () (at /Users/philipp/Projects/3DTD/3DTD/3DTD/Assets/Scripts/Diagnostics/PerfScenario.cs:292)
UnityEngine.SetupCoroutine:InvokeMoveNext (System.Collections.IEnumerator,intptr) (at /Users/bokken/build/output/unity/unity/Runtime/Export/Scripting/Coroutines.cs:17)

(Filename: /Users/bokken/build/output/unity/unity/Runtime/Export/Debug/Debug.bindings.cs Line: 123)

PERF MARKER Physics2D / Physics2D.SyncColliderTransformChanges
UnityEngine.Debug:ExtractStackTraceNoAlloc (byte*,int,string)
UnityEngine.StackTraceUtility:ExtractStackTrace () (at /Users/bokken/build/output/unity/unity/Runtime/Export/Scripting/StackTrace.cs:35)
UnityEngine.DebugLogHandler:Internal_Log (UnityEngine.LogType,UnityEngine.LogOption,string,UnityEngine.Object)
UnityEngine.DebugLogHandler:LogFormat (UnityEngine.LogType,UnityEngine.Object,string,object[]) (at /Users/bokken/build/output/unity/unity/Runtime/Export/Logging/DebugLogHandler.cs:9)
UnityEngine.Logger:Log (UnityEngine.LogType,object) (at /Users/bokken/build/output/unity/unity/Runtime/Export/Logging/Logger.cs:60)
UnityEngine.Debug:Log (object) (at /Users/bokken/build/output/unity/unity/Runtime/Export/Debug/Debug.bindings.cs:123)
PerfScenario:StartRecorders () (at /Users/philipp/Projects/3DTD/3DTD/3DTD/Assets/Scripts/Diagnostics/PerfScenario.cs:747)
PerfScenario/<Start>d__43:MoveNext () (at /Users/philipp/Projects/3DTD/3DTD/3DTD/Assets/Scripts/Diagnostics/PerfScenario.cs:292)
UnityEngine.SetupCoroutine:InvokeMoveNext (System.Collections.IEnumerator,intptr) (at /Users/bokken/build/output/unity/unity/Runtime/Export/Scripting/Coroutines.cs:17)

(Filename: /Users/bokken/build/output/unity/unity/Runtime/Export/Debug/Debug.bindings.cs Line: 123)

PERF MARKER Physics2D / Physics2D.SyncRigidbodyTransformChanges
UnityEngine.Debug:ExtractStackTraceNoAlloc (byte*,int,string)
UnityEngine.StackTraceUtility:ExtractStackTrace () (at /Users/bokken/build/output/unity/unity/Runtime/Export/Scripting/StackTrace.cs:35)
UnityEngine.DebugLogHandler:Internal_Log (UnityEngine.LogType,UnityEngine.LogOption,string,UnityEngine.Object)
UnityEngine.DebugLogHandler:LogFormat (UnityEngine.LogType,UnityEngine.Object,string,object[]) (at /Users/bokken/build/output/unity/unity/Runtime/Export/Logging/DebugLogHandler.cs:9)
UnityEngine.Logger:Log (UnityEngine.LogType,object) (at /Users/bokken/build/output/unity/unity/Runtime/Export/Logging/Logger.cs:60)
UnityEngine.Debug:Log (object) (at /Users/bokken/build/output/unity/unity/Runtime/Export/Debug/Debug.bindings.cs:123)
PerfScenario:StartRecorders () (at /Users/philipp/Projects/3DTD/3DTD/3DTD/Assets/Scripts/Diagnostics/PerfScenario.cs:747)
PerfScenario/<Start>d__43:MoveNext () (at /Users/philipp/Projects/3DTD/3DTD/3DTD/Assets/Scripts/Diagnostics/PerfScenario.cs:292)
UnityEngine.SetupCoroutine:InvokeMoveNext (System.Collections.IEnumerator,intptr) (at /Users/bokken/build/output/unity/unity/Runtime/Export/Scripting/Coroutines.cs:17)

(Filename: /Users/bokken/build/output/unity/unity/Runtime/Export/Debug/Debug.bindings.cs Line: 123)

PERF MARKER Physics2D / Physics2D.SyncTransformChanges
UnityEngine.Debug:ExtractStackTraceNoAlloc (byte*,int,string)
UnityEngine.StackTraceUtility:ExtractStackTrace () (at /Users/bokken/build/output/unity/unity/Runtime/Export/Scripting/StackTrace.cs:35)
UnityEngine.DebugLogHandler:Internal_Log (UnityEngine.LogType,UnityEngine.LogOption,string,UnityEngine.Object)
UnityEngine.DebugLogHandler:LogFormat (UnityEngine.LogType,UnityEngine.Object,string,object[]) (at /Users/bokken/build/output/unity/unity/Runtime/Export/Logging/DebugLogHandler.cs:9)
UnityEngine.Logger:Log (UnityEngine.LogType,object) (at /Users/bokken/build/output/unity/unity/Runtime/Export/Logging/Logger.cs:60)
UnityEngine.Debug:Log (object) (at /Users/bokken/build/output/unity/unity/Runtime/Export/Debug/Debug.bindings.cs:123)
PerfScenario:StartRecorders () (at /Users/philipp/Projects/3DTD/3DTD/3DTD/Assets/Scripts/Diagnostics/PerfScenario.cs:747)
PerfScenario/<Start>d__43:MoveNext () (at /Users/philipp/Projects/3DTD/3DTD/3DTD/Assets/Scripts/Diagnostics/PerfScenario.cs:292)
UnityEngine.SetupCoroutine:InvokeMoveNext (System.Collections.IEnumerator,intptr) (at /Users/bokken/build/output/unity/unity/Runtime/Export/Scripting/Coroutines.cs:17)

(Filename: /Users/bokken/build/output/unity/unity/Runtime/Export/Debug/Debug.bindings.cs Line: 123)

PERF MARKER Physics2D / Physics2D.FindParticleOverlaps
UnityEngine.Debug:ExtractStackTraceNoAlloc (byte*,int,string)
UnityEngine.StackTraceUtility:ExtractStackTrace () (at /Users/bokken/build/output/unity/unity/Runtime/Export/Scripting/StackTrace.cs:35)
UnityEngine.DebugLogHandler:Internal_Log (UnityEngine.LogType,UnityEngine.LogOption,string,UnityEngine.Object)
UnityEngine.DebugLogHandler:LogFormat (UnityEngine.LogType,UnityEngine.Object,string,object[]) (at /Users/bokken/build/output/unity/unity/Runtime/Export/Logging/DebugLogHandler.cs:9)
UnityEngine.Logger:Log (UnityEngine.LogType,object) (at /Users/bokken/build/output/unity/unity/Runtime/Export/Logging/Logger.cs:60)
UnityEngine.Debug:Log (object) (at /Users/bokken/build/output/unity/unity/Runtime/Export/Debug/Debug.bindings.cs:123)
PerfScenario:StartRecorders () (at /Users/philipp/Projects/3DTD/3DTD/3DTD/Assets/Scripts/Diagnostics/PerfScenario.cs:747)
PerfScenario/<Start>d__43:MoveNext () (at /Users/philipp/Projects/3DTD/3DTD/3DTD/Assets/Scripts/Diagnostics/PerfScenario.cs:292)
UnityEngine.SetupCoroutine:InvokeMoveNext (System.Collections.IEnumerator,intptr) (at /Users/bokken/build/output/unity/unity/Runtime/Export/Scripting/Coroutines.cs:17)

(Filename: /Users/bokken/build/output/unity/unity/Runtime/Export/Debug/Debug.bindings.cs Line: 123)

PERF MARKER Physics2D / Physics2D.FindParticleIntersections
UnityEngine.Debug:ExtractStackTraceNoAlloc (byte*,int,string)
UnityEngine.StackTraceUtility:ExtractStackTrace () (at /Users/bokken/build/output/unity/unity/Runtime/Export/Scripting/StackTrace.cs:35)
UnityEngine.DebugLogHandler:Internal_Log (UnityEngine.LogType,UnityEngine.LogOption,string,UnityEngine.Object)
UnityEngine.DebugLogHandler:LogFormat (UnityEngine.LogType,UnityEngine.Object,string,object[]) (at /Users/bokken/build/output/unity/unity/Runtime/Export/Logging/DebugLogHandler.cs:9)
UnityEngine.Logger:Log (UnityEngine.LogType,object) (at /Users/bokken/build/output/unity/unity/Runtime/Export/Logging/Logger.cs:60)
UnityEngine.Debug:Log (object) (at /Users/bokken/build/output/unity/unity/Runtime/Export/Debug/Debug.bindings.cs:123)
PerfScenario:StartRecorders () (at /Users/philipp/Projects/3DTD/3DTD/3DTD/Assets/Scripts/Diagnostics/PerfScenario.cs:747)
PerfScenario/<Start>d__43:MoveNext () (at /Users/philipp/Projects/3DTD/3DTD/3DTD/Assets/Scripts/Diagnostics/PerfScenario.cs:292)
UnityEngine.SetupCoroutine:InvokeMoveNext (System.Collections.IEnumerator,intptr) (at /Users/bokken/build/output/unity/unity/Runtime/Export/Scripting/Coroutines.cs:17)

(Filename: /Users/bokken/build/output/unity/unity/Runtime/Export/Debug/Debug.bindings.cs Line: 123)

PERF MARKER PlayerLoop / Tilemap.GetSyncTiles()
UnityEngine.Debug:ExtractStackTraceNoAlloc (byte*,int,string)
UnityEngine.StackTraceUtility:ExtractStackTrace () (at /Users/bokken/build/output/unity/unity/Runtime/Export/Scripting/StackTrace.cs:35)
UnityEngine.DebugLogHandler:Internal_Log (UnityEngine.LogType,UnityEngine.LogOption,string,UnityEngine.Object)
UnityEngine.DebugLogHandler:LogFormat (UnityEngine.LogType,UnityEngine.Object,string,object[]) (at /Users/bokken/build/output/unity/unity/Runtime/Export/Logging/DebugLogHandler.cs:9)
UnityEngine.Logger:Log (UnityEngine.LogType,object) (at /Users/bokken/build/output/unity/unity/Runtime/Export/Logging/Logger.cs:60)
UnityEngine.Debug:Log (object) (at /Users/bokken/build/output/unity/unity/Runtime/Export/Debug/Debug.bindings.cs:123)
PerfScenario:StartRecorders () (at /Users/philipp/Projects/3DTD/3DTD/3DTD/Assets/Scripts/Diagnostics/PerfScenario.cs:747)
PerfScenario/<Start>d__43:MoveNext () (at /Users/philipp/Projects/3DTD/3DTD/3DTD/Assets/Scripts/Diagnostics/PerfScenario.cs:292)
UnityEngine.SetupCoroutine:InvokeMoveNext (System.Collections.IEnumerator,intptr) (at /Users/bokken/build/output/unity/unity/Runtime/Export/Scripting/Coroutines.cs:17)

(Filename: /Users/bokken/build/output/unity/unity/Runtime/Export/Debug/Debug.bindings.cs Line: 123)

PERF MARKER PlayerLoop / Tilemap.SendAndClearSyncTile()
UnityEngine.Debug:ExtractStackTraceNoAlloc (byte*,int,string)
UnityEngine.StackTraceUtility:ExtractStackTrace () (at /Users/bokken/build/output/unity/unity/Runtime/Export/Scripting/StackTrace.cs:35)
UnityEngine.DebugLogHandler:Internal_Log (UnityEngine.LogType,UnityEngine.LogOption,string,UnityEngine.Object)
UnityEngine.DebugLogHandler:LogFormat (UnityEngine.LogType,UnityEngine.Object,string,object[]) (at /Users/bokken/build/output/unity/unity/Runtime/Export/Logging/DebugLogHandler.cs:9)
UnityEngine.Logger:Log (UnityEngine.LogType,object) (at /Users/bokken/build/output/unity/unity/Runtime/Export/Logging/Logger.cs:60)
UnityEngine.Debug:Log (object) (at /Users/bokken/build/output/unity/unity/Runtime/Export/Debug/Debug.bindings.cs:123)
PerfScenario:StartRecorders () (at /Users/philipp/Projects/3DTD/3DTD/3DTD/Assets/Scripts/Diagnostics/PerfScenario.cs:747)
PerfScenario/<Start>d__43:MoveNext () (at /Users/philipp/Projects/3DTD/3DTD/3DTD/Assets/Scripts/Diagnostics/PerfScenario.cs:292)
UnityEngine.SetupCoroutine:InvokeMoveNext (System.Collections.IEnumerator,intptr) (at /Users/bokken/build/output/unity/unity/Runtime/Export/Scripting/Coroutines.cs:17)

(Filename: /Users/bokken/build/output/unity/unity/Runtime/Export/Debug/Debug.bindings.cs Line: 123)

PERF MARKER Particles / ParticleSystem.TrailGeometryJob
UnityEngine.Debug:ExtractStackTraceNoAlloc (byte*,int,string)
UnityEngine.StackTraceUtility:ExtractStackTrace () (at /Users/bokken/build/output/unity/unity/Runtime/Export/Scripting/StackTrace.cs:35)
UnityEngine.DebugLogHandler:Internal_Log (UnityEngine.LogType,UnityEngine.LogOption,string,UnityEngine.Object)
UnityEngine.DebugLogHandler:LogFormat (UnityEngine.LogType,UnityEngine.Object,string,object[]) (at /Users/bokken/build/output/unity/unity/Runtime/Export/Logging/DebugLogHandler.cs:9)
UnityEngine.Logger:Log (UnityEngine.LogType,object) (at /Users/bokken/build/output/unity/unity/Runtime/Export/Logging/Logger.cs:60)
UnityEngine.Debug:Log (object) (at /Users/bokken/build/output/unity/unity/Runtime/Export/Debug/Debug.bindings.cs:123)
PerfScenario:StartRecorders () (at /Users/philipp/Projects/3DTD/3DTD/3DTD/Assets/Scripts/Diagnostics/PerfScenario.cs:747)
PerfScenario/<Start>d__43:MoveNext () (at /Users/philipp/Projects/3DTD/3DTD/3DTD/Assets/Scripts/Diagnostics/PerfScenario.cs:292)
UnityEngine.SetupCoroutine:InvokeMoveNext (System.Collections.IEnumerator,intptr) (at /Users/bokken/build/output/unity/unity/Runtime/Export/Scripting/Coroutines.cs:17)

(Filename: /Users/bokken/build/output/unity/unity/Runtime/Export/Debug/Debug.bindings.cs Line: 123)

PERF MARKER Particles / ParticleSystem.InstancedMeshJob
UnityEngine.Debug:ExtractStackTraceNoAlloc (byte*,int,string)
UnityEngine.StackTraceUtility:ExtractStackTrace () (at /Users/bokken/build/output/unity/unity/Runtime/Export/Scripting/StackTrace.cs:35)
UnityEngine.DebugLogHandler:Internal_Log (UnityEngine.LogType,UnityEngine.LogOption,string,UnityEngine.Object)
UnityEngine.DebugLogHandler:LogFormat (UnityEngine.LogType,UnityEngine.Object,string,object[]) (at /Users/bokken/build/output/unity/unity/Runtime/Export/Logging/DebugLogHandler.cs:9)
UnityEngine.Logger:Log (UnityEngine.LogType,object) (at /Users/bokken/build/output/unity/unity/Runtime/Export/Logging/Logger.cs:60)
UnityEngine.Debug:Log (object) (at /Users/bokken/build/output/unity/unity/Runtime/Export/Debug/Debug.bindings.cs:123)
PerfScenario:StartRecorders () (at /Users/philipp/Projects/3DTD/3DTD/3DTD/Assets/Scripts/Diagnostics/PerfScenario.cs:747)
PerfScenario/<Start>d__43:MoveNext () (at /Users/philipp/Projects/3DTD/3DTD/3DTD/Assets/Scripts/Diagnostics/PerfScenario.cs:292)
UnityEngine.SetupCoroutine:InvokeMoveNext (System.Collections.IEnumerator,intptr) (at /Users/bokken/build/output/unity/unity/Runtime/Export/Scripting/Coroutines.cs:17)

(Filename: /Users/bokken/build/output/unity/unity/Runtime/Export/Debug/Debug.bindings.cs Line: 123)

PERF MARKER Particles / ParticleSystem.GeometryJob
UnityEngine.Debug:ExtractStackTraceNoAlloc (byte*,int,string)
UnityEngine.StackTraceUtility:ExtractStackTrace () (at /Users/bokken/build/output/unity/unity/Runtime/Export/Scripting/StackTrace.cs:35)
UnityEngine.DebugLogHandler:Internal_Log (UnityEngine.LogType,UnityEngine.LogOption,string,UnityEngine.Object)
UnityEngine.DebugLogHandler:LogFormat (UnityEngine.LogType,UnityEngine.Object,string,object[]) (at /Users/bokken/build/output/unity/unity/Runtime/Export/Logging/DebugLogHandler.cs:9)
UnityEngine.Logger:Log (UnityEngine.LogType,object) (at /Users/bokken/build/output/unity/unity/Runtime/Export/Logging/Logger.cs:60)
UnityEngine.Debug:Log (object) (at /Users/bokken/build/output/unity/unity/Runtime/Export/Debug/Debug.bindings.cs:123)
PerfScenario:StartRecorders () (at /Users/philipp/Projects/3DTD/3DTD/3DTD/Assets/Scripts/Diagnostics/PerfScenario.cs:747)
PerfScenario/<Start>d__43:MoveNext () (at /Users/philipp/Projects/3DTD/3DTD/3DTD/Assets/Scripts/Diagnostics/PerfScenario.cs:292)
UnityEngine.SetupCoroutine:InvokeMoveNext (System.Collections.IEnumerator,intptr) (at /Users/bokken/build/output/unity/unity/Runtime/Export/Scripting/Coroutines.cs:17)

(Filename: /Users/bokken/build/output/unity/unity/Runtime/Export/Debug/Debug.bindings.cs Line: 123)

PERF MARKER Particles / ParticleSystem.ScheduleGeometryJobs
UnityEngine.Debug:ExtractStackTraceNoAlloc (byte*,int,string)
UnityEngine.StackTraceUtility:ExtractStackTrace () (at /Users/bokken/build/output/unity/unity/Runtime/Export/Scripting/StackTrace.cs:35)
UnityEngine.DebugLogHandler:Internal_Log (UnityEngine.LogType,UnityEngine.LogOption,string,UnityEngine.Object)
UnityEngine.DebugLogHandler:LogFormat (UnityEngine.LogType,UnityEngine.Object,string,object[]) (at /Users/bokken/build/output/unity/unity/Runtime/Export/Logging/DebugLogHandler.cs:9)
UnityEngine.Logger:Log (UnityEngine.LogType,object) (at /Users/bokken/build/output/unity/unity/Runtime/Export/Logging/Logger.cs:60)
UnityEngine.Debug:Log (object) (at /Users/bokken/build/output/unity/unity/Runtime/Export/Debug/Debug.bindings.cs:123)
PerfScenario:StartRecorders () (at /Users/philipp/Projects/3DTD/3DTD/3DTD/Assets/Scripts/Diagnostics/PerfScenario.cs:747)
PerfScenario/<Start>d__43:MoveNext () (at /Users/philipp/Projects/3DTD/3DTD/3DTD/Assets/Scripts/Diagnostics/PerfScenario.cs:292)
UnityEngine.SetupCoroutine:InvokeMoveNext (System.Collections.IEnumerator,intptr) (at /Users/bokken/build/output/unity/unity/Runtime/Export/Scripting/Coroutines.cs:17)

(Filename: /Users/bokken/build/output/unity/unity/Runtime/Export/Debug/Debug.bindings.cs Line: 123)

PERF MARKER Particles / ParticleSystem.WaitForPreMapping
UnityEngine.Debug:ExtractStackTraceNoAlloc (byte*,int,string)
UnityEngine.StackTraceUtility:ExtractStackTrace () (at /Users/bokken/build/output/unity/unity/Runtime/Export/Scripting/StackTrace.cs:35)
UnityEngine.DebugLogHandler:Internal_Log (UnityEngine.LogType,UnityEngine.LogOption,string,UnityEngine.Object)
UnityEngine.DebugLogHandler:LogFormat (UnityEngine.LogType,UnityEngine.Object,string,object[]) (at /Users/bokken/build/output/unity/unity/Runtime/Export/Logging/DebugLogHandler.cs:9)
UnityEngine.Logger:Log (UnityEngine.LogType,object) (at /Users/bokken/build/output/unity/unity/Runtime/Export/Logging/Logger.cs:60)
UnityEngine.Debug:Log (object) (at /Users/bokken/build/output/unity/unity/Runtime/Export/Debug/Debug.bindings.cs:123)
PerfScenario:StartRecorders () (at /Users/philipp/Projects/3DTD/3DTD/3DTD/Assets/Scripts/Diagnostics/PerfScenario.cs:747)
PerfScenario/<Start>d__43:MoveNext () (at /Users/philipp/Projects/3DTD/3DTD/3DTD/Assets/Scripts/Diagnostics/PerfScenario.cs:292)
UnityEngine.SetupCoroutine:InvokeMoveNext (System.Collections.IEnumerator,intptr) (at /Users/bokken/build/output/unity/unity/Runtime/Export/Scripting/Coroutines.cs:17)

(Filename: /Users/bokken/build/output/unity/unity/Runtime/Export/Debug/Debug.bindings.cs Line: 123)

PERF MARKER Particles / ParticleSystem.VelocityOverLifetimeModule
UnityEngine.Debug:ExtractStackTraceNoAlloc (byte*,int,string)
UnityEngine.StackTraceUtility:ExtractStackTrace () (at /Users/bokken/build/output/unity/unity/Runtime/Export/Scripting/StackTrace.cs:35)
UnityEngine.DebugLogHandler:Internal_Log (UnityEngine.LogType,UnityEngine.LogOption,string,UnityEngine.Object)
UnityEngine.DebugLogHandler:LogFormat (UnityEngine.LogType,UnityEngine.Object,string,object[]) (at /Users/bokken/build/output/unity/unity/Runtime/Export/Logging/DebugLogHandler.cs:9)
UnityEngine.Logger:Log (UnityEngine.LogType,object) (at /Users/bokken/build/output/unity/unity/Runtime/Export/Logging/Logger.cs:60)
UnityEngine.Debug:Log (object) (at /Users/bokken/build/output/unity/unity/Runtime/Export/Debug/Debug.bindings.cs:123)
PerfScenario:StartRecorders () (at /Users/philipp/Projects/3DTD/3DTD/3DTD/Assets/Scripts/Diagnostics/PerfScenario.cs:747)
PerfScenario/<Start>d__43:MoveNext () (at /Users/philipp/Projects/3DTD/3DTD/3DTD/Assets/Scripts/Diagnostics/PerfScenario.cs:292)
UnityEngine.SetupCoroutine:InvokeMoveNext (System.Collections.IEnumerator,intptr) (at /Users/bokken/build/output/unity/unity/Runtime/Export/Scripting/Coroutines.cs:17)

(Filename: /Users/bokken/build/output/unity/unity/Runtime/Export/Debug/Debug.bindings.cs Line: 123)

PERF MARKER Particles / ParticleSystem.TextureSheetModule
UnityEngine.Debug:ExtractStackTraceNoAlloc (byte*,int,string)
UnityEngine.StackTraceUtility:ExtractStackTrace () (at /Users/bokken/build/output/unity/unity/Runtime/Export/Scripting/StackTrace.cs:35)
UnityEngine.DebugLogHandler:Internal_Log (UnityEngine.LogType,UnityEngine.LogOption,string,UnityEngine.Object)
UnityEngine.DebugLogHandler:LogFormat (UnityEngine.LogType,UnityEngine.Object,string,object[]) (at /Users/bokken/build/output/unity/unity/Runtime/Export/Logging/DebugLogHandler.cs:9)
UnityEngine.Logger:Log (UnityEngine.LogType,object) (at /Users/bokken/build/output/unity/unity/Runtime/Export/Logging/Logger.cs:60)
UnityEngine.Debug:Log (object) (at /Users/bokken/build/output/unity/unity/Runtime/Export/Debug/Debug.bindings.cs:123)
PerfScenario:StartRecorders () (at /Users/philipp/Projects/3DTD/3DTD/3DTD/Assets/Scripts/Diagnostics/PerfScenario.cs:747)
PerfScenario/<Start>d__43:MoveNext () (at /Users/philipp/Projects/3DTD/3DTD/3DTD/Assets/Scripts/Diagnostics/PerfScenario.cs:292)
UnityEngine.SetupCoroutine:InvokeMoveNext (System.Collections.IEnumerator,intptr) (at /Users/bokken/build/output/unity/unity/Runtime/Export/Scripting/Coroutines.cs:17)

(Filename: /Users/bokken/build/output/unity/unity/Runtime/Export/Debug/Debug.bindings.cs Line: 123)

PERF MARKER Particles / ParticleSystem.ShapeModule
UnityEngine.Debug:ExtractStackTraceNoAlloc (byte*,int,string)
UnityEngine.StackTraceUtility:ExtractStackTrace () (at /Users/bokken/build/output/unity/unity/Runtime/Export/Scripting/StackTrace.cs:35)
UnityEngine.DebugLogHandler:Internal_Log (UnityEngine.LogType,UnityEngine.LogOption,string,UnityEngine.Object)
UnityEngine.DebugLogHandler:LogFormat (UnityEngine.LogType,UnityEngine.Object,string,object[]) (at /Users/bokken/build/output/unity/unity/Runtime/Export/Logging/DebugLogHandler.cs:9)
UnityEngine.Logger:Log (UnityEngine.LogType,object) (at /Users/bokken/build/output/unity/unity/Runtime/Export/Logging/Logger.cs:60)
UnityEngine.Debug:Log (object) (at /Users/bokken/build/output/unity/unity/Runtime/Export/Debug/Debug.bindings.cs:123)
PerfScenario:StartRecorders () (at /Users/philipp/Projects/3DTD/3DTD/3DTD/Assets/Scripts/Diagnostics/PerfScenario.cs:747)
PerfScenario/<Start>d__43:MoveNext () (at /Users/philipp/Projects/3DTD/3DTD/3DTD/Assets/Scripts/Diagnostics/PerfScenario.cs:292)
UnityEngine.SetupCoroutine:InvokeMoveNext (System.Collections.IEnumerator,intptr) (at /Users/bokken/build/output/unity/unity/Runtime/Export/Scripting/Coroutines.cs:17)

(Filename: /Users/bokken/build/output/unity/unity/Runtime/Export/Debug/Debug.bindings.cs Line: 123)

PERF MARKER Particles / ParticleSystem.NoisePreviewJob
UnityEngine.Debug:ExtractStackTraceNoAlloc (byte*,int,string)
UnityEngine.StackTraceUtility:ExtractStackTrace () (at /Users/bokken/build/output/unity/unity/Runtime/Export/Scripting/StackTrace.cs:35)
UnityEngine.DebugLogHandler:Internal_Log (UnityEngine.LogType,UnityEngine.LogOption,string,UnityEngine.Object)
UnityEngine.DebugLogHandler:LogFormat (UnityEngine.LogType,UnityEngine.Object,string,object[]) (at /Users/bokken/build/output/unity/unity/Runtime/Export/Logging/DebugLogHandler.cs:9)
UnityEngine.Logger:Log (UnityEngine.LogType,object) (at /Users/bokken/build/output/unity/unity/Runtime/Export/Logging/Logger.cs:60)
UnityEngine.Debug:Log (object) (at /Users/bokken/build/output/unity/unity/Runtime/Export/Debug/Debug.bindings.cs:123)
PerfScenario:StartRecorders () (at /Users/philipp/Projects/3DTD/3DTD/3DTD/Assets/Scripts/Diagnostics/PerfScenario.cs:747)
PerfScenario/<Start>d__43:MoveNext () (at /Users/philipp/Projects/3DTD/3DTD/3DTD/Assets/Scripts/Diagnostics/PerfScenario.cs:292)
UnityEngine.SetupCoroutine:InvokeMoveNext (System.Collections.IEnumerator,intptr) (at /Users/bokken/build/output/unity/unity/Runtime/Export/Scripting/Coroutines.cs:17)

(Filename: /Users/bokken/build/output/unity/unity/Runtime/Export/Debug/Debug.bindings.cs Line: 123)

PERF MARKER Particles / ParticleSystem.NoiseJob
UnityEngine.Debug:ExtractStackTraceNoAlloc (byte*,int,string)
UnityEngine.StackTraceUtility:ExtractStackTrace () (at /Users/bokken/build/output/unity/unity/Runtime/Export/Scripting/StackTrace.cs:35)
UnityEngine.DebugLogHandler:Internal_Log (UnityEngine.LogType,UnityEngine.LogOption,string,UnityEngine.Object)
UnityEngine.DebugLogHandler:LogFormat (UnityEngine.LogType,UnityEngine.Object,string,object[]) (at /Users/bokken/build/output/unity/unity/Runtime/Export/Logging/DebugLogHandler.cs:9)
UnityEngine.Logger:Log (UnityEngine.LogType,object) (at /Users/bokken/build/output/unity/unity/Runtime/Export/Logging/Logger.cs:60)
UnityEngine.Debug:Log (object) (at /Users/bokken/build/output/unity/unity/Runtime/Export/Debug/Debug.bindings.cs:123)
PerfScenario:StartRecorders () (at /Users/philipp/Projects/3DTD/3DTD/3DTD/Assets/Scripts/Diagnostics/PerfScenario.cs:747)
PerfScenario/<Start>d__43:MoveNext () (at /Users/philipp/Projects/3DTD/3DTD/3DTD/Assets/Scripts/Diagnostics/PerfScenario.cs:292)
UnityEngine.SetupCoroutine:InvokeMoveNext (System.Collections.IEnumerator,intptr) (at /Users/bokken/build/output/unity/unity/Runtime/Export/Scripting/Coroutines.cs:17)

(Filename: /Users/bokken/build/output/unity/unity/Runtime/Export/Debug/Debug.bindings.cs Line: 123)

PERF MARKER Particles / ParticleSystem.NoiseModule
UnityEngine.Debug:ExtractStackTraceNoAlloc (byte*,int,string)
UnityEngine.StackTraceUtility:ExtractStackTrace () (at /Users/bokken/build/output/unity/unity/Runtime/Export/Scripting/StackTrace.cs:35)
UnityEngine.DebugLogHandler:Internal_Log (UnityEngine.LogType,UnityEngine.LogOption,string,UnityEngine.Object)
UnityEngine.DebugLogHandler:LogFormat (UnityEngine.LogType,UnityEngine.Object,string,object[]) (at /Users/bokken/build/output/unity/unity/Runtime/Export/Logging/DebugLogHandler.cs:9)
UnityEngine.Logger:Log (UnityEngine.LogType,object) (at /Users/bokken/build/output/unity/unity/Runtime/Export/Logging/Logger.cs:60)
UnityEngine.Debug:Log (object) (at /Users/bokken/build/output/unity/unity/Runtime/Export/Debug/Debug.bindings.cs:123)
PerfScenario:StartRecorders () (at /Users/philipp/Projects/3DTD/3DTD/3DTD/Assets/Scripts/Diagnostics/PerfScenario.cs:747)
PerfScenario/<Start>d__43:MoveNext () (at /Users/philipp/Projects/3DTD/3DTD/3DTD/Assets/Scripts/Diagnostics/PerfScenario.cs:292)
UnityEngine.SetupCoroutine:InvokeMoveNext (System.Collections.IEnumerator,intptr) (at /Users/bokken/build/output/unity/unity/Runtime/Export/Scripting/Coroutines.cs:17)

(Filename: /Users/bokken/build/output/unity/unity/Runtime/Export/Debug/Debug.bindings.cs Line: 123)

PERF MARKER Particles / ParticleSystem.ExternalForcesModule
UnityEngine.Debug:ExtractStackTraceNoAlloc (byte*,int,string)
UnityEngine.StackTraceUtility:ExtractStackTrace () (at /Users/bokken/build/output/unity/unity/Runtime/Export/Scripting/StackTrace.cs:35)
UnityEngine.DebugLogHandler:Internal_Log (UnityEngine.LogType,UnityEngine.LogOption,string,UnityEngine.Object)
UnityEngine.DebugLogHandler:LogFormat (UnityEngine.LogType,UnityEngine.Object,string,object[]) (at /Users/bokken/build/output/unity/unity/Runtime/Export/Logging/DebugLogHandler.cs:9)
UnityEngine.Logger:Log (UnityEngine.LogType,object) (at /Users/bokken/build/output/unity/unity/Runtime/Export/Logging/Logger.cs:60)
UnityEngine.Debug:Log (object) (at /Users/bokken/build/output/unity/unity/Runtime/Export/Debug/Debug.bindings.cs:123)
PerfScenario:StartRecorders () (at /Users/philipp/Projects/3DTD/3DTD/3DTD/Assets/Scripts/Diagnostics/PerfScenario.cs:747)
PerfScenario/<Start>d__43:MoveNext () (at /Users/philipp/Projects/3DTD/3DTD/3DTD/Assets/Scripts/Diagnostics/PerfScenario.cs:292)
UnityEngine.SetupCoroutine:InvokeMoveNext (System.Collections.IEnumerator,intptr) (at /Users/bokken/build/output/unity/unity/Runtime/Export/Scripting/Coroutines.cs:17)

(Filename: /Users/bokken/build/output/unity/unity/Runtime/Export/Debug/Debug.bindings.cs Line: 123)

PERF MARKER Particles / ParticleSystem.WaitForPreviousRenderingToFinish
UnityEngine.Debug:ExtractStackTraceNoAlloc (byte*,int,string)
UnityEngine.StackTraceUtility:ExtractStackTrace () (at /Users/bokken/build/output/unity/unity/Runtime/Export/Scripting/StackTrace.cs:35)
UnityEngine.DebugLogHandler:Internal_Log (UnityEngine.LogType,UnityEngine.LogOption,string,UnityEngine.Object)
UnityEngine.DebugLogHandler:LogFormat (UnityEngine.LogType,UnityEngine.Object,string,object[]) (at /Users/bokken/build/output/unity/unity/Runtime/Export/Logging/DebugLogHandler.cs:9)
UnityEngine.Logger:Log (UnityEngine.LogType,object) (at /Users/bokken/build/output/unity/unity/Runtime/Export/Logging/Logger.cs:60)
UnityEngine.Debug:Log (object) (at /Users/bokken/build/output/unity/unity/Runtime/Export/Debug/Debug.bindings.cs:123)
PerfScenario:StartRecorders () (at /Users/philipp/Projects/3DTD/3DTD/3DTD/Assets/Scripts/Diagnostics/PerfScenario.cs:747)
PerfScenario/<Start>d__43:MoveNext () (at /Users/philipp/Projects/3DTD/3DTD/3DTD/Assets/Scripts/Diagnostics/PerfScenario.cs:292)
UnityEngine.SetupCoroutine:InvokeMoveNext (System.Collections.IEnumerator,intptr) (at /Users/bokken/build/output/unity/unity/Runtime/Export/Scripting/Coroutines.cs:17)

(Filename: /Users/bokken/build/output/unity/unity/Runtime/Export/Debug/Debug.bindings.cs Line: 123)

PERF MARKER Particles / ParticleSystem.UpdateJob
UnityEngine.Debug:ExtractStackTraceNoAlloc (byte*,int,string)
UnityEngine.StackTraceUtility:ExtractStackTrace () (at /Users/bokken/build/output/unity/unity/Runtime/Export/Scripting/StackTrace.cs:35)
UnityEngine.DebugLogHandler:Internal_Log (UnityEngine.LogType,UnityEngine.LogOption,string,UnityEngine.Object)
UnityEngine.DebugLogHandler:LogFormat (UnityEngine.LogType,UnityEngine.Object,string,object[]) (at /Users/bokken/build/output/unity/unity/Runtime/Export/Logging/DebugLogHandler.cs:9)
UnityEngine.Logger:Log (UnityEngine.LogType,object) (at /Users/bokken/build/output/unity/unity/Runtime/Export/Logging/Logger.cs:60)
UnityEngine.Debug:Log (object) (at /Users/bokken/build/output/unity/unity/Runtime/Export/Debug/Debug.bindings.cs:123)
PerfScenario:StartRecorders () (at /Users/philipp/Projects/3DTD/3DTD/3DTD/Assets/Scripts/Diagnostics/PerfScenario.cs:747)
PerfScenario/<Start>d__43:MoveNext () (at /Users/philipp/Projects/3DTD/3DTD/3DTD/Assets/Scripts/Diagnostics/PerfScenario.cs:292)
UnityEngine.SetupCoroutine:InvokeMoveNext (System.Collections.IEnumerator,intptr) (at /Users/bokken/build/output/unity/unity/Runtime/Export/Scripting/Coroutines.cs:17)

(Filename: /Users/bokken/build/output/unity/unity/Runtime/Export/Debug/Debug.bindings.cs Line: 123)

PERF MARKER Particles / ParticleSystem.EndUpdateAll
UnityEngine.Debug:ExtractStackTraceNoAlloc (byte*,int,string)
UnityEngine.StackTraceUtility:ExtractStackTrace () (at /Users/bokken/build/output/unity/unity/Runtime/Export/Scripting/StackTrace.cs:35)
UnityEngine.DebugLogHandler:Internal_Log (UnityEngine.LogType,UnityEngine.LogOption,string,UnityEngine.Object)
UnityEngine.DebugLogHandler:LogFormat (UnityEngine.LogType,UnityEngine.Object,string,object[]) (at /Users/bokken/build/output/unity/unity/Runtime/Export/Logging/DebugLogHandler.cs:9)
UnityEngine.Logger:Log (UnityEngine.LogType,object) (at /Users/bokken/build/output/unity/unity/Runtime/Export/Logging/Logger.cs:60)
UnityEngine.Debug:Log (object) (at /Users/bokken/build/output/unity/unity/Runtime/Export/Debug/Debug.bindings.cs:123)
PerfScenario:StartRecorders () (at /Users/philipp/Projects/3DTD/3DTD/3DTD/Assets/Scripts/Diagnostics/PerfScenario.cs:747)
PerfScenario/<Start>d__43:MoveNext () (at /Users/philipp/Projects/3DTD/3DTD/3DTD/Assets/Scripts/Diagnostics/PerfScenario.cs:292)
UnityEngine.SetupCoroutine:InvokeMoveNext (System.Collections.IEnumerator,intptr) (at /Users/bokken/build/output/unity/unity/Runtime/Export/Scripting/Coroutines.cs:17)

(Filename: /Users/bokken/build/output/unity/unity/Runtime/Export/Debug/Debug.bindings.cs Line: 123)

PERF MARKER Particles / ParticleSystem.Update2
UnityEngine.Debug:ExtractStackTraceNoAlloc (byte*,int,string)
UnityEngine.StackTraceUtility:ExtractStackTrace () (at /Users/bokken/build/output/unity/unity/Runtime/Export/Scripting/StackTrace.cs:35)
UnityEngine.DebugLogHandler:Internal_Log (UnityEngine.LogType,UnityEngine.LogOption,string,UnityEngine.Object)
UnityEngine.DebugLogHandler:LogFormat (UnityEngine.LogType,UnityEngine.Object,string,object[]) (at /Users/bokken/build/output/unity/unity/Runtime/Export/Logging/DebugLogHandler.cs:9)
UnityEngine.Logger:Log (UnityEngine.LogType,object) (at /Users/bokken/build/output/unity/unity/Runtime/Export/Logging/Logger.cs:60)
UnityEngine.Debug:Log (object) (at /Users/bokken/build/output/unity/unity/Runtime/Export/Debug/Debug.bindings.cs:123)
PerfScenario:StartRecorders () (at /Users/philipp/Projects/3DTD/3DTD/3DTD/Assets/Scripts/Diagnostics/PerfScenario.cs:747)
PerfScenario/<Start>d__43:MoveNext () (at /Users/philipp/Projects/3DTD/3DTD/3DTD/Assets/Scripts/Diagnostics/PerfScenario.cs:292)
UnityEngine.SetupCoroutine:InvokeMoveNext (System.Collections.IEnumerator,intptr) (at /Users/bokken/build/output/unity/unity/Runtime/Export/Scripting/Coroutines.cs:17)

(Filename: /Users/bokken/build/output/unity/unity/Runtime/Export/Debug/Debug.bindings.cs Line: 123)

PERF MARKER Particles / ParticleSystem.Simulate
UnityEngine.Debug:ExtractStackTraceNoAlloc (byte*,int,string)
UnityEngine.StackTraceUtility:ExtractStackTrace () (at /Users/bokken/build/output/unity/unity/Runtime/Export/Scripting/StackTrace.cs:35)
UnityEngine.DebugLogHandler:Internal_Log (UnityEngine.LogType,UnityEngine.LogOption,string,UnityEngine.Object)
UnityEngine.DebugLogHandler:LogFormat (UnityEngine.LogType,UnityEngine.Object,string,object[]) (at /Users/bokken/build/output/unity/unity/Runtime/Export/Logging/DebugLogHandler.cs:9)
UnityEngine.Logger:Log (UnityEngine.LogType,object) (at /Users/bokken/build/output/unity/unity/Runtime/Export/Logging/Logger.cs:60)
UnityEngine.Debug:Log (object) (at /Users/bokken/build/output/unity/unity/Runtime/Export/Debug/Debug.bindings.cs:123)
PerfScenario:StartRecorders () (at /Users/philipp/Projects/3DTD/3DTD/3DTD/Assets/Scripts/Diagnostics/PerfScenario.cs:747)
PerfScenario/<Start>d__43:MoveNext () (at /Users/philipp/Projects/3DTD/3DTD/3DTD/Assets/Scripts/Diagnostics/PerfScenario.cs:292)
UnityEngine.SetupCoroutine:InvokeMoveNext (System.Collections.IEnumerator,intptr) (at /Users/bokken/build/output/unity/unity/Runtime/Export/Scripting/Coroutines.cs:17)

(Filename: /Users/bokken/build/output/unity/unity/Runtime/Export/Debug/Debug.bindings.cs Line: 123)

PERF MARKER Particles / ParticleSystem.Update
UnityEngine.Debug:ExtractStackTraceNoAlloc (byte*,int,string)
UnityEngine.StackTraceUtility:ExtractStackTrace () (at /Users/bokken/build/output/unity/unity/Runtime/Export/Scripting/StackTrace.cs:35)
UnityEngine.DebugLogHandler:Internal_Log (UnityEngine.LogType,UnityEngine.LogOption,string,UnityEngine.Object)
UnityEngine.DebugLogHandler:LogFormat (UnityEngine.LogType,UnityEngine.Object,string,object[]) (at /Users/bokken/build/output/unity/unity/Runtime/Export/Logging/DebugLogHandler.cs:9)
UnityEngine.Logger:Log (UnityEngine.LogType,object) (at /Users/bokken/build/output/unity/unity/Runtime/Export/Logging/Logger.cs:60)
UnityEngine.Debug:Log (object) (at /Users/bokken/build/output/unity/unity/Runtime/Export/Debug/Debug.bindings.cs:123)
PerfScenario:StartRecorders () (at /Users/philipp/Projects/3DTD/3DTD/3DTD/Assets/Scripts/Diagnostics/PerfScenario.cs:747)
PerfScenario/<Start>d__43:MoveNext () (at /Users/philipp/Projects/3DTD/3DTD/3DTD/Assets/Scripts/Diagnostics/PerfScenario.cs:292)
UnityEngine.SetupCoroutine:InvokeMoveNext (System.Collections.IEnumerator,intptr) (at /Users/bokken/build/output/unity/unity/Runtime/Export/Scripting/Coroutines.cs:17)

(Filename: /Users/bokken/build/output/unity/unity/Runtime/Export/Debug/Debug.bindings.cs Line: 123)

PERF MARKER Render / ParticleSystem.Draw
UnityEngine.Debug:ExtractStackTraceNoAlloc (byte*,int,string)
UnityEngine.StackTraceUtility:ExtractStackTrace () (at /Users/bokken/build/output/unity/unity/Runtime/Export/Scripting/StackTrace.cs:35)
UnityEngine.DebugLogHandler:Internal_Log (UnityEngine.LogType,UnityEngine.LogOption,string,UnityEngine.Object)
UnityEngine.DebugLogHandler:LogFormat (UnityEngine.LogType,UnityEngine.Object,string,object[]) (at /Users/bokken/build/output/unity/unity/Runtime/Export/Logging/DebugLogHandler.cs:9)
UnityEngine.Logger:Log (UnityEngine.LogType,object) (at /Users/bokken/build/output/unity/unity/Runtime/Export/Logging/Logger.cs:60)
UnityEngine.Debug:Log (object) (at /Users/bokken/build/output/unity/unity/Runtime/Export/Debug/Debug.bindings.cs:123)
PerfScenario:StartRecorders () (at /Users/philipp/Projects/3DTD/3DTD/3DTD/Assets/Scripts/Diagnostics/PerfScenario.cs:747)
PerfScenario/<Start>d__43:MoveNext () (at /Users/philipp/Projects/3DTD/3DTD/3DTD/Assets/Scripts/Diagnostics/PerfScenario.cs:292)
UnityEngine.SetupCoroutine:InvokeMoveNext (System.Collections.IEnumerator,intptr) (at /Users/bokken/build/output/unity/unity/Runtime/Export/Scripting/Coroutines.cs:17)

(Filename: /Users/bokken/build/output/unity/unity/Runtime/Export/Debug/Debug.bindings.cs Line: 123)

PERF MARKER Render / ParticleSystem.DrawSystem
UnityEngine.Debug:ExtractStackTraceNoAlloc (byte*,int,string)
UnityEngine.StackTraceUtility:ExtractStackTrace () (at /Users/bokken/build/output/unity/unity/Runtime/Export/Scripting/StackTrace.cs:35)
UnityEngine.DebugLogHandler:Internal_Log (UnityEngine.LogType,UnityEngine.LogOption,string,UnityEngine.Object)
UnityEngine.DebugLogHandler:LogFormat (UnityEngine.LogType,UnityEngine.Object,string,object[]) (at /Users/bokken/build/output/unity/unity/Runtime/Export/Logging/DebugLogHandler.cs:9)
UnityEngine.Logger:Log (UnityEngine.LogType,object) (at /Users/bokken/build/output/unity/unity/Runtime/Export/Logging/Logger.cs:60)
UnityEngine.Debug:Log (object) (at /Users/bokken/build/output/unity/unity/Runtime/Export/Debug/Debug.bindings.cs:123)
PerfScenario:StartRecorders () (at /Users/philipp/Projects/3DTD/3DTD/3DTD/Assets/Scripts/Diagnostics/PerfScenario.cs:747)
PerfScenario/<Start>d__43:MoveNext () (at /Users/philipp/Projects/3DTD/3DTD/3DTD/Assets/Scripts/Diagnostics/PerfScenario.cs:292)
UnityEngine.SetupCoroutine:InvokeMoveNext (System.Collections.IEnumerator,intptr) (at /Users/bokken/build/output/unity/unity/Runtime/Export/Scripting/Coroutines.cs:17)

(Filename: /Users/bokken/build/output/unity/unity/Runtime/Export/Debug/Debug.bindings.cs Line: 123)

PERF MARKER Particles / ParticleSystem.Sort
UnityEngine.Debug:ExtractStackTraceNoAlloc (byte*,int,string)
UnityEngine.StackTraceUtility:ExtractStackTrace () (at /Users/bokken/build/output/unity/unity/Runtime/Export/Scripting/StackTrace.cs:35)
UnityEngine.DebugLogHandler:Internal_Log (UnityEngine.LogType,UnityEngine.LogOption,string,UnityEngine.Object)
UnityEngine.DebugLogHandler:LogFormat (UnityEngine.LogType,UnityEngine.Object,string,object[]) (at /Users/bokken/build/output/unity/unity/Runtime/Export/Logging/DebugLogHandler.cs:9)
UnityEngine.Logger:Log (UnityEngine.LogType,object) (at /Users/bokken/build/output/unity/unity/Runtime/Export/Logging/Logger.cs:60)
UnityEngine.Debug:Log (object) (at /Users/bokken/build/output/unity/unity/Runtime/Export/Debug/Debug.bindings.cs:123)
PerfScenario:StartRecorders () (at /Users/philipp/Projects/3DTD/3DTD/3DTD/Assets/Scripts/Diagnostics/PerfScenario.cs:747)
PerfScenario/<Start>d__43:MoveNext () (at /Users/philipp/Projects/3DTD/3DTD/3DTD/Assets/Scripts/Diagnostics/PerfScenario.cs:292)
UnityEngine.SetupCoroutine:InvokeMoveNext (System.Collections.IEnumerator,intptr) (at /Users/bokken/build/output/unity/unity/Runtime/Export/Scripting/Coroutines.cs:17)

(Filename: /Users/bokken/build/output/unity/unity/Runtime/Export/Debug/Debug.bindings.cs Line: 123)

PERF MARKER Particles / ParticleSystem.LightsModule
UnityEngine.Debug:ExtractStackTraceNoAlloc (byte*,int,string)
UnityEngine.StackTraceUtility:ExtractStackTrace () (at /Users/bokken/build/output/unity/unity/Runtime/Export/Scripting/StackTrace.cs:35)
UnityEngine.DebugLogHandler:Internal_Log (UnityEngine.LogType,UnityEngine.LogOption,string,UnityEngine.Object)
UnityEngine.DebugLogHandler:LogFormat (UnityEngine.LogType,UnityEngine.Object,string,object[]) (at /Users/bokken/build/output/unity/unity/Runtime/Export/Logging/DebugLogHandler.cs:9)
UnityEngine.Logger:Log (UnityEngine.LogType,object) (at /Users/bokken/build/output/unity/unity/Runtime/Export/Logging/Logger.cs:60)
UnityEngine.Debug:Log (object) (at /Users/bokken/build/output/unity/unity/Runtime/Export/Debug/Debug.bindings.cs:123)
PerfScenario:StartRecorders () (at /Users/philipp/Projects/3DTD/3DTD/3DTD/Assets/Scripts/Diagnostics/PerfScenario.cs:747)
PerfScenario/<Start>d__43:MoveNext () (at /Users/philipp/Projects/3DTD/3DTD/3DTD/Assets/Scripts/Diagnostics/PerfScenario.cs:292)
UnityEngine.SetupCoroutine:InvokeMoveNext (System.Collections.IEnumerator,intptr) (at /Users/bokken/build/output/unity/unity/Runtime/Export/Scripting/Coroutines.cs:17)

(Filename: /Users/bokken/build/output/unity/unity/Runtime/Export/Debug/Debug.bindings.cs Line: 123)

PERF MARKER Particles / ParticleSystem.ColorByVelocityModule
UnityEngine.Debug:ExtractStackTraceNoAlloc (byte*,int,string)
UnityEngine.StackTraceUtility:ExtractStackTrace () (at /Users/bokken/build/output/unity/unity/Runtime/Export/Scripting/StackTrace.cs:35)
UnityEngine.DebugLogHandler:Internal_Log (UnityEngine.LogType,UnityEngine.LogOption,string,UnityEngine.Object)
UnityEngine.DebugLogHandler:LogFormat (UnityEngine.LogType,UnityEngine.Object,string,object[]) (at /Users/bokken/build/output/unity/unity/Runtime/Export/Logging/DebugLogHandler.cs:9)
UnityEngine.Logger:Log (UnityEngine.LogType,object) (at /Users/bokken/build/output/unity/unity/Runtime/Export/Logging/Logger.cs:60)
UnityEngine.Debug:Log (object) (at /Users/bokken/build/output/unity/unity/Runtime/Export/Debug/Debug.bindings.cs:123)
PerfScenario:StartRecorders () (at /Users/philipp/Projects/3DTD/3DTD/3DTD/Assets/Scripts/Diagnostics/PerfScenario.cs:747)
PerfScenario/<Start>d__43:MoveNext () (at /Users/philipp/Projects/3DTD/3DTD/3DTD/Assets/Scripts/Diagnostics/PerfScenario.cs:292)
UnityEngine.SetupCoroutine:InvokeMoveNext (System.Collections.IEnumerator,intptr) (at /Users/bokken/build/output/unity/unity/Runtime/Export/Scripting/Coroutines.cs:17)

(Filename: /Users/bokken/build/output/unity/unity/Runtime/Export/Debug/Debug.bindings.cs Line: 123)

PERF MARKER Particles / ParticleSystem.TriggerModule
UnityEngine.Debug:ExtractStackTraceNoAlloc (byte*,int,string)
UnityEngine.StackTraceUtility:ExtractStackTrace () (at /Users/bokken/build/output/unity/unity/Runtime/Export/Scripting/StackTrace.cs:35)
UnityEngine.DebugLogHandler:Internal_Log (UnityEngine.LogType,UnityEngine.LogOption,string,UnityEngine.Object)
UnityEngine.DebugLogHandler:LogFormat (UnityEngine.LogType,UnityEngine.Object,string,object[]) (at /Users/bokken/build/output/unity/unity/Runtime/Export/Logging/DebugLogHandler.cs:9)
UnityEngine.Logger:Log (UnityEngine.LogType,object) (at /Users/bokken/build/output/unity/unity/Runtime/Export/Logging/Logger.cs:60)
UnityEngine.Debug:Log (object) (at /Users/bokken/build/output/unity/unity/Runtime/Export/Debug/Debug.bindings.cs:123)
PerfScenario:StartRecorders () (at /Users/philipp/Projects/3DTD/3DTD/3DTD/Assets/Scripts/Diagnostics/PerfScenario.cs:747)
PerfScenario/<Start>d__43:MoveNext () (at /Users/philipp/Projects/3DTD/3DTD/3DTD/Assets/Scripts/Diagnostics/PerfScenario.cs:292)
UnityEngine.SetupCoroutine:InvokeMoveNext (System.Collections.IEnumerator,intptr) (at /Users/bokken/build/output/unity/unity/Runtime/Export/Scripting/Coroutines.cs:17)

(Filename: /Users/bokken/build/output/unity/unity/Runtime/Export/Debug/Debug.bindings.cs Line: 123)

PERF MARKER Particles / ParticleSystem.TrailModule
UnityEngine.Debug:ExtractStackTraceNoAlloc (byte*,int,string)
UnityEngine.StackTraceUtility:ExtractStackTrace () (at /Users/bokken/build/output/unity/unity/Runtime/Export/Scripting/StackTrace.cs:35)
UnityEngine.DebugLogHandler:Internal_Log (UnityEngine.LogType,UnityEngine.LogOption,string,UnityEngine.Object)
UnityEngine.DebugLogHandler:LogFormat (UnityEngine.LogType,UnityEngine.Object,string,object[]) (at /Users/bokken/build/output/unity/unity/Runtime/Export/Logging/DebugLogHandler.cs:9)
UnityEngine.Logger:Log (UnityEngine.LogType,object) (at /Users/bokken/build/output/unity/unity/Runtime/Export/Logging/Logger.cs:60)
UnityEngine.Debug:Log (object) (at /Users/bokken/build/output/unity/unity/Runtime/Export/Debug/Debug.bindings.cs:123)
PerfScenario:StartRecorders () (at /Users/philipp/Projects/3DTD/3DTD/3DTD/Assets/Scripts/Diagnostics/PerfScenario.cs:747)
PerfScenario/<Start>d__43:MoveNext () (at /Users/philipp/Projects/3DTD/3DTD/3DTD/Assets/Scripts/Diagnostics/PerfScenario.cs:292)
UnityEngine.SetupCoroutine:InvokeMoveNext (System.Collections.IEnumerator,intptr) (at /Users/bokken/build/output/unity/unity/Runtime/Export/Scripting/Coroutines.cs:17)

(Filename: /Users/bokken/build/output/unity/unity/Runtime/Export/Debug/Debug.bindings.cs Line: 123)

PERF MARKER Particles / ParticleSystem.InheritVelocityModule
UnityEngine.Debug:ExtractStackTraceNoAlloc (byte*,int,string)
UnityEngine.StackTraceUtility:ExtractStackTrace () (at /Users/bokken/build/output/unity/unity/Runtime/Export/Scripting/StackTrace.cs:35)
UnityEngine.DebugLogHandler:Internal_Log (UnityEngine.LogType,UnityEngine.LogOption,string,UnityEngine.Object)
UnityEngine.DebugLogHandler:LogFormat (UnityEngine.LogType,UnityEngine.Object,string,object[]) (at /Users/bokken/build/output/unity/unity/Runtime/Export/Logging/DebugLogHandler.cs:9)
UnityEngine.Logger:Log (UnityEngine.LogType,object) (at /Users/bokken/build/output/unity/unity/Runtime/Export/Logging/Logger.cs:60)
UnityEngine.Debug:Log (object) (at /Users/bokken/build/output/unity/unity/Runtime/Export/Debug/Debug.bindings.cs:123)
PerfScenario:StartRecorders () (at /Users/philipp/Projects/3DTD/3DTD/3DTD/Assets/Scripts/Diagnostics/PerfScenario.cs:747)
PerfScenario/<Start>d__43:MoveNext () (at /Users/philipp/Projects/3DTD/3DTD/3DTD/Assets/Scripts/Diagnostics/PerfScenario.cs:292)
UnityEngine.SetupCoroutine:InvokeMoveNext (System.Collections.IEnumerator,intptr) (at /Users/bokken/build/output/unity/unity/Runtime/Export/Scripting/Coroutines.cs:17)

(Filename: /Users/bokken/build/output/unity/unity/Runtime/Export/Debug/Debug.bindings.cs Line: 123)

PERF MARKER Particles / ParticleSystem.SizeOverLifetimeModule
UnityEngine.Debug:ExtractStackTraceNoAlloc (byte*,int,string)
UnityEngine.StackTraceUtility:ExtractStackTrace () (at /Users/bokken/build/output/unity/unity/Runtime/Export/Scripting/StackTrace.cs:35)
UnityEngine.DebugLogHandler:Internal_Log (UnityEngine.LogType,UnityEngine.LogOption,string,UnityEngine.Object)
UnityEngine.DebugLogHandler:LogFormat (UnityEngine.LogType,UnityEngine.Object,string,object[]) (at /Users/bokken/build/output/unity/unity/Runtime/Export/Logging/DebugLogHandler.cs:9)
UnityEngine.Logger:Log (UnityEngine.LogType,object) (at /Users/bokken/build/output/unity/unity/Runtime/Export/Logging/Logger.cs:60)
UnityEngine.Debug:Log (object) (at /Users/bokken/build/output/unity/unity/Runtime/Export/Debug/Debug.bindings.cs:123)
PerfScenario:StartRecorders () (at /Users/philipp/Projects/3DTD/3DTD/3DTD/Assets/Scripts/Diagnostics/PerfScenario.cs:747)
PerfScenario/<Start>d__43:MoveNext () (at /Users/philipp/Projects/3DTD/3DTD/3DTD/Assets/Scripts/Diagnostics/PerfScenario.cs:292)
UnityEngine.SetupCoroutine:InvokeMoveNext (System.Collections.IEnumerator,intptr) (at /Users/bokken/build/output/unity/unity/Runtime/Export/Scripting/Coroutines.cs:17)

(Filename: /Users/bokken/build/output/unity/unity/Runtime/Export/Debug/Debug.bindings.cs Line: 123)

PERF MARKER Particles / ParticleSystem.LifetimeByEmitterSpeedModule
UnityEngine.Debug:ExtractStackTraceNoAlloc (byte*,int,string)
UnityEngine.StackTraceUtility:ExtractStackTrace () (at /Users/bokken/build/output/unity/unity/Runtime/Export/Scripting/StackTrace.cs:35)
UnityEngine.DebugLogHandler:Internal_Log (UnityEngine.LogType,UnityEngine.LogOption,string,UnityEngine.Object)
UnityEngine.DebugLogHandler:LogFormat (UnityEngine.LogType,UnityEngine.Object,string,object[]) (at /Users/bokken/build/output/unity/unity/Runtime/Export/Logging/DebugLogHandler.cs:9)
UnityEngine.Logger:Log (UnityEngine.LogType,object) (at /Users/bokken/build/output/unity/unity/Runtime/Export/Logging/Logger.cs:60)
UnityEngine.Debug:Log (object) (at /Users/bokken/build/output/unity/unity/Runtime/Export/Debug/Debug.bindings.cs:123)
PerfScenario:StartRecorders () (at /Users/philipp/Projects/3DTD/3DTD/3DTD/Assets/Scripts/Diagnostics/PerfScenario.cs:747)
PerfScenario/<Start>d__43:MoveNext () (at /Users/philipp/Projects/3DTD/3DTD/3DTD/Assets/Scripts/Diagnostics/PerfScenario.cs:292)
UnityEngine.SetupCoroutine:InvokeMoveNext (System.Collections.IEnumerator,intptr) (at /Users/bokken/build/output/unity/unity/Runtime/Export/Scripting/Coroutines.cs:17)

(Filename: /Users/bokken/build/output/unity/unity/Runtime/Export/Debug/Debug.bindings.cs Line: 123)

PERF MARKER Particles / ParticleSystem.CustomDataModule
UnityEngine.Debug:ExtractStackTraceNoAlloc (byte*,int,string)
UnityEngine.StackTraceUtility:ExtractStackTrace () (at /Users/bokken/build/output/unity/unity/Runtime/Export/Scripting/StackTrace.cs:35)
UnityEngine.DebugLogHandler:Internal_Log (UnityEngine.LogType,UnityEngine.LogOption,string,UnityEngine.Object)
UnityEngine.DebugLogHandler:LogFormat (UnityEngine.LogType,UnityEngine.Object,string,object[]) (at /Users/bokken/build/output/unity/unity/Runtime/Export/Logging/DebugLogHandler.cs:9)
UnityEngine.Logger:Log (UnityEngine.LogType,object) (at /Users/bokken/build/output/unity/unity/Runtime/Export/Logging/Logger.cs:60)
UnityEngine.Debug:Log (object) (at /Users/bokken/build/output/unity/unity/Runtime/Export/Debug/Debug.bindings.cs:123)
PerfScenario:StartRecorders () (at /Users/philipp/Projects/3DTD/3DTD/3DTD/Assets/Scripts/Diagnostics/PerfScenario.cs:747)
PerfScenario/<Start>d__43:MoveNext () (at /Users/philipp/Projects/3DTD/3DTD/3DTD/Assets/Scripts/Diagnostics/PerfScenario.cs:292)
UnityEngine.SetupCoroutine:InvokeMoveNext (System.Collections.IEnumerator,intptr) (at /Users/bokken/build/output/unity/unity/Runtime/Export/Scripting/Coroutines.cs:17)

(Filename: /Users/bokken/build/output/unity/unity/Runtime/Export/Debug/Debug.bindings.cs Line: 123)

PERF MARKER Particles / ParticleSystem.RotationOverLifetimeModule
UnityEngine.Debug:ExtractStackTraceNoAlloc (byte*,int,string)
UnityEngine.StackTraceUtility:ExtractStackTrace () (at /Users/bokken/build/output/unity/unity/Runtime/Export/Scripting/StackTrace.cs:35)
UnityEngine.DebugLogHandler:Internal_Log (UnityEngine.LogType,UnityEngine.LogOption,string,UnityEngine.Object)
UnityEngine.DebugLogHandler:LogFormat (UnityEngine.LogType,UnityEngine.Object,string,object[]) (at /Users/bokken/build/output/unity/unity/Runtime/Export/Logging/DebugLogHandler.cs:9)
UnityEngine.Logger:Log (UnityEngine.LogType,object) (at /Users/bokken/build/output/unity/unity/Runtime/Export/Logging/Logger.cs:60)
UnityEngine.Debug:Log (object) (at /Users/bokken/build/output/unity/unity/Runtime/Export/Debug/Debug.bindings.cs:123)
PerfScenario:StartRecorders () (at /Users/philipp/Projects/3DTD/3DTD/3DTD/Assets/Scripts/Diagnostics/PerfScenario.cs:747)
PerfScenario/<Start>d__43:MoveNext () (at /Users/philipp/Projects/3DTD/3DTD/3DTD/Assets/Scripts/Diagnostics/PerfScenario.cs:292)
UnityEngine.SetupCoroutine:InvokeMoveNext (System.Collections.IEnumerator,intptr) (at /Users/bokken/build/output/unity/unity/Runtime/Export/Scripting/Coroutines.cs:17)

(Filename: /Users/bokken/build/output/unity/unity/Runtime/Export/Debug/Debug.bindings.cs Line: 123)

PERF MARKER Particles / ParticleSystem.CollisionModule
UnityEngine.Debug:ExtractStackTraceNoAlloc (byte*,int,string)
UnityEngine.StackTraceUtility:ExtractStackTrace () (at /Users/bokken/build/output/unity/unity/Runtime/Export/Scripting/StackTrace.cs:35)
UnityEngine.DebugLogHandler:Internal_Log (UnityEngine.LogType,UnityEngine.LogOption,string,UnityEngine.Object)
UnityEngine.DebugLogHandler:LogFormat (UnityEngine.LogType,UnityEngine.Object,string,object[]) (at /Users/bokken/build/output/unity/unity/Runtime/Export/Logging/DebugLogHandler.cs:9)
UnityEngine.Logger:Log (UnityEngine.LogType,object) (at /Users/bokken/build/output/unity/unity/Runtime/Export/Logging/Logger.cs:60)
UnityEngine.Debug:Log (object) (at /Users/bokken/build/output/unity/unity/Runtime/Export/Debug/Debug.bindings.cs:123)
PerfScenario:StartRecorders () (at /Users/philipp/Projects/3DTD/3DTD/3DTD/Assets/Scripts/Diagnostics/PerfScenario.cs:747)
PerfScenario/<Start>d__43:MoveNext () (at /Users/philipp/Projects/3DTD/3DTD/3DTD/Assets/Scripts/Diagnostics/PerfScenario.cs:292)
UnityEngine.SetupCoroutine:InvokeMoveNext (System.Collections.IEnumerator,intptr) (at /Users/bokken/build/output/unity/unity/Runtime/Export/Scripting/Coroutines.cs:17)

(Filename: /Users/bokken/build/output/unity/unity/Runtime/Export/Debug/Debug.bindings.cs Line: 123)

PERF MARKER Particles / ParticleSystem.ClampVelocityModule
UnityEngine.Debug:ExtractStackTraceNoAlloc (byte*,int,string)
UnityEngine.StackTraceUtility:ExtractStackTrace () (at /Users/bokken/build/output/unity/unity/Runtime/Export/Scripting/StackTrace.cs:35)
UnityEngine.DebugLogHandler:Internal_Log (UnityEngine.LogType,UnityEngine.LogOption,string,UnityEngine.Object)
UnityEngine.DebugLogHandler:LogFormat (UnityEngine.LogType,UnityEngine.Object,string,object[]) (at /Users/bokken/build/output/unity/unity/Runtime/Export/Logging/DebugLogHandler.cs:9)
UnityEngine.Logger:Log (UnityEngine.LogType,object) (at /Users/bokken/build/output/unity/unity/Runtime/Export/Logging/Logger.cs:60)
UnityEngine.Debug:Log (object) (at /Users/bokken/build/output/unity/unity/Runtime/Export/Debug/Debug.bindings.cs:123)
PerfScenario:StartRecorders () (at /Users/philipp/Projects/3DTD/3DTD/3DTD/Assets/Scripts/Diagnostics/PerfScenario.cs:747)
PerfScenario/<Start>d__43:MoveNext () (at /Users/philipp/Projects/3DTD/3DTD/3DTD/Assets/Scripts/Diagnostics/PerfScenario.cs:292)
UnityEngine.SetupCoroutine:InvokeMoveNext (System.Collections.IEnumerator,intptr) (at /Users/bokken/build/output/unity/unity/Runtime/Export/Scripting/Coroutines.cs:17)

(Filename: /Users/bokken/build/output/unity/unity/Runtime/Export/Debug/Debug.bindings.cs Line: 123)

PERF MARKER Particles / ParticleSystem.SizeOverVelocityModule
UnityEngine.Debug:ExtractStackTraceNoAlloc (byte*,int,string)
UnityEngine.StackTraceUtility:ExtractStackTrace () (at /Users/bokken/build/output/unity/unity/Runtime/Export/Scripting/StackTrace.cs:35)
UnityEngine.DebugLogHandler:Internal_Log (UnityEngine.LogType,UnityEngine.LogOption,string,UnityEngine.Object)
UnityEngine.DebugLogHandler:LogFormat (UnityEngine.LogType,UnityEngine.Object,string,object[]) (at /Users/bokken/build/output/unity/unity/Runtime/Export/Logging/DebugLogHandler.cs:9)
UnityEngine.Logger:Log (UnityEngine.LogType,object) (at /Users/bokken/build/output/unity/unity/Runtime/Export/Logging/Logger.cs:60)
UnityEngine.Debug:Log (object) (at /Users/bokken/build/output/unity/unity/Runtime/Export/Debug/Debug.bindings.cs:123)
PerfScenario:StartRecorders () (at /Users/philipp/Projects/3DTD/3DTD/3DTD/Assets/Scripts/Diagnostics/PerfScenario.cs:747)
PerfScenario/<Start>d__43:MoveNext () (at /Users/philipp/Projects/3DTD/3DTD/3DTD/Assets/Scripts/Diagnostics/PerfScenario.cs:292)
UnityEngine.SetupCoroutine:InvokeMoveNext (System.Collections.IEnumerator,intptr) (at /Users/bokken/build/output/unity/unity/Runtime/Export/Scripting/Coroutines.cs:17)

(Filename: /Users/bokken/build/output/unity/unity/Runtime/Export/Debug/Debug.bindings.cs Line: 123)

PERF MARKER Particles / ParticleSystem.ForceModule
UnityEngine.Debug:ExtractStackTraceNoAlloc (byte*,int,string)
UnityEngine.StackTraceUtility:ExtractStackTrace () (at /Users/bokken/build/output/unity/unity/Runtime/Export/Scripting/StackTrace.cs:35)
UnityEngine.DebugLogHandler:Internal_Log (UnityEngine.LogType,UnityEngine.LogOption,string,UnityEngine.Object)
UnityEngine.DebugLogHandler:LogFormat (UnityEngine.LogType,UnityEngine.Object,string,object[]) (at /Users/bokken/build/output/unity/unity/Runtime/Export/Logging/DebugLogHandler.cs:9)
UnityEngine.Logger:Log (UnityEngine.LogType,object) (at /Users/bokken/build/output/unity/unity/Runtime/Export/Logging/Logger.cs:60)
UnityEngine.Debug:Log (object) (at /Users/bokken/build/output/unity/unity/Runtime/Export/Debug/Debug.bindings.cs:123)
PerfScenario:StartRecorders () (at /Users/philipp/Projects/3DTD/3DTD/3DTD/Assets/Scripts/Diagnostics/PerfScenario.cs:747)
PerfScenario/<Start>d__43:MoveNext () (at /Users/philipp/Projects/3DTD/3DTD/3DTD/Assets/Scripts/Diagnostics/PerfScenario.cs:292)
UnityEngine.SetupCoroutine:InvokeMoveNext (System.Collections.IEnumerator,intptr) (at /Users/bokken/build/output/unity/unity/Runtime/Export/Scripting/Coroutines.cs:17)

(Filename: /Users/bokken/build/output/unity/unity/Runtime/Export/Debug/Debug.bindings.cs Line: 123)

PERF MARKER Particles / ParticleSystem.ColorOverLifetimeModule
UnityEngine.Debug:ExtractStackTraceNoAlloc (byte*,int,string)
UnityEngine.StackTraceUtility:ExtractStackTrace () (at /Users/bokken/build/output/unity/unity/Runtime/Export/Scripting/StackTrace.cs:35)
UnityEngine.DebugLogHandler:Internal_Log (UnityEngine.LogType,UnityEngine.LogOption,string,UnityEngine.Object)
UnityEngine.DebugLogHandler:LogFormat (UnityEngine.LogType,UnityEngine.Object,string,object[]) (at /Users/bokken/build/output/unity/unity/Runtime/Export/Logging/DebugLogHandler.cs:9)
UnityEngine.Logger:Log (UnityEngine.LogType,object) (at /Users/bokken/build/output/unity/unity/Runtime/Export/Logging/Logger.cs:60)
UnityEngine.Debug:Log (object) (at /Users/bokken/build/output/unity/unity/Runtime/Export/Debug/Debug.bindings.cs:123)
PerfScenario:StartRecorders () (at /Users/philipp/Projects/3DTD/3DTD/3DTD/Assets/Scripts/Diagnostics/PerfScenario.cs:747)
PerfScenario/<Start>d__43:MoveNext () (at /Users/philipp/Projects/3DTD/3DTD/3DTD/Assets/Scripts/Diagnostics/PerfScenario.cs:292)
UnityEngine.SetupCoroutine:InvokeMoveNext (System.Collections.IEnumerator,intptr) (at /Users/bokken/build/output/unity/unity/Runtime/Export/Scripting/Coroutines.cs:17)

(Filename: /Users/bokken/build/output/unity/unity/Runtime/Export/Debug/Debug.bindings.cs Line: 123)

PERF MARKER Particles / ParticleSystem.RotationByVelocityModule
UnityEngine.Debug:ExtractStackTraceNoAlloc (byte*,int,string)
UnityEngine.StackTraceUtility:ExtractStackTrace () (at /Users/bokken/build/output/unity/unity/Runtime/Export/Scripting/StackTrace.cs:35)
UnityEngine.DebugLogHandler:Internal_Log (UnityEngine.LogType,UnityEngine.LogOption,string,UnityEngine.Object)
UnityEngine.DebugLogHandler:LogFormat (UnityEngine.LogType,UnityEngine.Object,string,object[]) (at /Users/bokken/build/output/unity/unity/Runtime/Export/Logging/DebugLogHandler.cs:9)
UnityEngine.Logger:Log (UnityEngine.LogType,object) (at /Users/bokken/build/output/unity/unity/Runtime/Export/Logging/Logger.cs:60)
UnityEngine.Debug:Log (object) (at /Users/bokken/build/output/unity/unity/Runtime/Export/Debug/Debug.bindings.cs:123)
PerfScenario:StartRecorders () (at /Users/philipp/Projects/3DTD/3DTD/3DTD/Assets/Scripts/Diagnostics/PerfScenario.cs:747)
PerfScenario/<Start>d__43:MoveNext () (at /Users/philipp/Projects/3DTD/3DTD/3DTD/Assets/Scripts/Diagnostics/PerfScenario.cs:292)
UnityEngine.SetupCoroutine:InvokeMoveNext (System.Collections.IEnumerator,intptr) (at /Users/bokken/build/output/unity/unity/Runtime/Export/Scripting/Coroutines.cs:17)

(Filename: /Users/bokken/build/output/unity/unity/Runtime/Export/Debug/Debug.bindings.cs Line: 123)

PERF MARKER Loading / ContentLoad.WaitForCompletion
UnityEngine.Debug:ExtractStackTraceNoAlloc (byte*,int,string)
UnityEngine.StackTraceUtility:ExtractStackTrace () (at /Users/bokken/build/output/unity/unity/Runtime/Export/Scripting/StackTrace.cs:35)
UnityEngine.DebugLogHandler:Internal_Log (UnityEngine.LogType,UnityEngine.LogOption,string,UnityEngine.Object)
UnityEngine.DebugLogHandler:LogFormat (UnityEngine.LogType,UnityEngine.Object,string,object[]) (at /Users/bokken/build/output/unity/unity/Runtime/Export/Logging/DebugLogHandler.cs:9)
UnityEngine.Logger:Log (UnityEngine.LogType,object) (at /Users/bokken/build/output/unity/unity/Runtime/Export/Logging/Logger.cs:60)
UnityEngine.Debug:Log (object) (at /Users/bokken/build/output/unity/unity/Runtime/Export/Debug/Debug.bindings.cs:123)
PerfScenario:StartRecorders () (at /Users/philipp/Projects/3DTD/3DTD/3DTD/Assets/Scripts/Diagnostics/PerfScenario.cs:747)
PerfScenario/<Start>d__43:MoveNext () (at /Users/philipp/Projects/3DTD/3DTD/3DTD/Assets/Scripts/Diagnostics/PerfScenario.cs:292)
UnityEngine.SetupCoroutine:InvokeMoveNext (System.Collections.IEnumerator,intptr) (at /Users/bokken/build/output/unity/unity/Runtime/Export/Scripting/Coroutines.cs:17)

(Filename: /Users/bokken/build/output/unity/unity/Runtime/Export/Debug/Debug.bindings.cs Line: 123)

PERF MARKER Ai / SynchronizeAgentTransformsToSimulation
UnityEngine.Debug:ExtractStackTraceNoAlloc (byte*,int,string)
UnityEngine.StackTraceUtility:ExtractStackTrace () (at /Users/bokken/build/output/unity/unity/Runtime/Export/Scripting/StackTrace.cs:35)
UnityEngine.DebugLogHandler:Internal_Log (UnityEngine.LogType,UnityEngine.LogOption,string,UnityEngine.Object)
UnityEngine.DebugLogHandler:LogFormat (UnityEngine.LogType,UnityEngine.Object,string,object[]) (at /Users/bokken/build/output/unity/unity/Runtime/Export/Logging/DebugLogHandler.cs:9)
UnityEngine.Logger:Log (UnityEngine.LogType,object) (at /Users/bokken/build/output/unity/unity/Runtime/Export/Logging/Logger.cs:60)
UnityEngine.Debug:Log (object) (at /Users/bokken/build/output/unity/unity/Runtime/Export/Debug/Debug.bindings.cs:123)
PerfScenario:StartRecorders () (at /Users/philipp/Projects/3DTD/3DTD/3DTD/Assets/Scripts/Diagnostics/PerfScenario.cs:747)
PerfScenario/<Start>d__43:MoveNext () (at /Users/philipp/Projects/3DTD/3DTD/3DTD/Assets/Scripts/Diagnostics/PerfScenario.cs:292)
UnityEngine.SetupCoroutine:InvokeMoveNext (System.Collections.IEnumerator,intptr) (at /Users/bokken/build/output/unity/unity/Runtime/Export/Scripting/Coroutines.cs:17)

(Filename: /Users/bokken/build/output/unity/unity/Runtime/Export/Debug/Debug.bindings.cs Line: 123)

PERF MARKER Ai / SynchronizeSimulationToAgentTransforms
UnityEngine.Debug:ExtractStackTraceNoAlloc (byte*,int,string)
UnityEngine.StackTraceUtility:ExtractStackTrace () (at /Users/bokken/build/output/unity/unity/Runtime/Export/Scripting/StackTrace.cs:35)
UnityEngine.DebugLogHandler:Internal_Log (UnityEngine.LogType,UnityEngine.LogOption,string,UnityEngine.Object)
UnityEngine.DebugLogHandler:LogFormat (UnityEngine.LogType,UnityEngine.Object,string,object[]) (at /Users/bokken/build/output/unity/unity/Runtime/Export/Logging/DebugLogHandler.cs:9)
UnityEngine.Logger:Log (UnityEngine.LogType,object) (at /Users/bokken/build/output/unity/unity/Runtime/Export/Logging/Logger.cs:60)
UnityEngine.Debug:Log (object) (at /Users/bokken/build/output/unity/unity/Runtime/Export/Debug/Debug.bindings.cs:123)
PerfScenario:StartRecorders () (at /Users/philipp/Projects/3DTD/3DTD/3DTD/Assets/Scripts/Diagnostics/PerfScenario.cs:747)
PerfScenario/<Start>d__43:MoveNext () (at /Users/philipp/Projects/3DTD/3DTD/3DTD/Assets/Scripts/Diagnostics/PerfScenario.cs:292)
UnityEngine.SetupCoroutine:InvokeMoveNext (System.Collections.IEnumerator,intptr) (at /Users/bokken/build/output/unity/unity/Runtime/Export/Scripting/Coroutines.cs:17)

(Filename: /Users/bokken/build/output/unity/unity/Runtime/Export/Debug/Debug.bindings.cs Line: 123)

PERF MARKER Ai / NavMeshManager.SyncTileIndices
UnityEngine.Debug:ExtractStackTraceNoAlloc (byte*,int,string)
UnityEngine.StackTraceUtility:ExtractStackTrace () (at /Users/bokken/build/output/unity/unity/Runtime/Export/Scripting/StackTrace.cs:35)
UnityEngine.DebugLogHandler:Internal_Log (UnityEngine.LogType,UnityEngine.LogOption,string,UnityEngine.Object)
UnityEngine.DebugLogHandler:LogFormat (UnityEngine.LogType,UnityEngine.Object,string,object[]) (at /Users/bokken/build/output/unity/unity/Runtime/Export/Logging/DebugLogHandler.cs:9)
UnityEngine.Logger:Log (UnityEngine.LogType,object) (at /Users/bokken/build/output/unity/unity/Runtime/Export/Logging/Logger.cs:60)
UnityEngine.Debug:Log (object) (at /Users/bokken/build/output/unity/unity/Runtime/Export/Debug/Debug.bindings.cs:123)
PerfScenario:StartRecorders () (at /Users/philipp/Projects/3DTD/3DTD/3DTD/Assets/Scripts/Diagnostics/PerfScenario.cs:747)
PerfScenario/<Start>d__43:MoveNext () (at /Users/philipp/Projects/3DTD/3DTD/3DTD/Assets/Scripts/Diagnostics/PerfScenario.cs:292)
UnityEngine.SetupCoroutine:InvokeMoveNext (System.Collections.IEnumerator,intptr) (at /Users/bokken/build/output/unity/unity/Runtime/Export/Scripting/Coroutines.cs:17)

(Filename: /Users/bokken/build/output/unity/unity/Runtime/Export/Debug/Debug.bindings.cs Line: 123)

PERF MARKER Virtual Texturing / Total GPU Cache Size
UnityEngine.Debug:ExtractStackTraceNoAlloc (byte*,int,string)
UnityEngine.StackTraceUtility:ExtractStackTrace () (at /Users/bokken/build/output/unity/unity/Runtime/Export/Scripting/StackTrace.cs:35)
UnityEngine.DebugLogHandler:Internal_Log (UnityEngine.LogType,UnityEngine.LogOption,string,UnityEngine.Object)
UnityEngine.DebugLogHandler:LogFormat (UnityEngine.LogType,UnityEngine.Object,string,object[]) (at /Users/bokken/build/output/unity/unity/Runtime/Export/Logging/DebugLogHandler.cs:9)
UnityEngine.Logger:Log (UnityEngine.LogType,object) (at /Users/bokken/build/output/unity/unity/Runtime/Export/Logging/Logger.cs:60)
UnityEngine.Debug:Log (object) (at /Users/bokken/build/output/unity/unity/Runtime/Export/Debug/Debug.bindings.cs:123)
PerfScenario:StartRecorders () (at /Users/philipp/Projects/3DTD/3DTD/3DTD/Assets/Scripts/Diagnostics/PerfScenario.cs:747)
PerfScenario/<Start>d__43:MoveNext () (at /Users/philipp/Projects/3DTD/3DTD/3DTD/Assets/Scripts/Diagnostics/PerfScenario.cs:292)
UnityEngine.SetupCoroutine:InvokeMoveNext (System.Collections.IEnumerator,intptr) (at /Users/bokken/build/output/unity/unity/Runtime/Export/Scripting/Coroutines.cs:17)

(Filename: /Users/bokken/build/output/unity/unity/Runtime/Export/Debug/Debug.bindings.cs Line: 123)

PERF MARKER Physics2D / Particle Queries
UnityEngine.Debug:ExtractStackTraceNoAlloc (byte*,int,string)
UnityEngine.StackTraceUtility:ExtractStackTrace () (at /Users/bokken/build/output/unity/unity/Runtime/Export/Scripting/StackTrace.cs:35)
UnityEngine.DebugLogHandler:Internal_Log (UnityEngine.LogType,UnityEngine.LogOption,string,UnityEngine.Object)
UnityEngine.DebugLogHandler:LogFormat (UnityEngine.LogType,UnityEngine.Object,string,object[]) (at /Users/bokken/build/output/unity/unity/Runtime/Export/Logging/DebugLogHandler.cs:9)
UnityEngine.Logger:Log (UnityEngine.LogType,object) (at /Users/bokken/build/output/unity/unity/Runtime/Export/Logging/Logger.cs:60)
UnityEngine.Debug:Log (object) (at /Users/bokken/build/output/unity/unity/Runtime/Export/Debug/Debug.bindings.cs:123)
PerfScenario:StartRecorders () (at /Users/philipp/Projects/3DTD/3DTD/3DTD/Assets/Scripts/Diagnostics/PerfScenario.cs:747)
PerfScenario/<Start>d__43:MoveNext () (at /Users/philipp/Projects/3DTD/3DTD/3DTD/Assets/Scripts/Diagnostics/PerfScenario.cs:292)
UnityEngine.SetupCoroutine:InvokeMoveNext (System.Collections.IEnumerator,intptr) (at /Users/bokken/build/output/unity/unity/Runtime/Export/Scripting/Coroutines.cs:17)

(Filename: /Users/bokken/build/output/unity/unity/Runtime/Export/Debug/Debug.bindings.cs Line: 123)

PERF MARKER Physics2D / Total Transform Sync Calls
UnityEngine.Debug:ExtractStackTraceNoAlloc (byte*,int,string)
UnityEngine.StackTraceUtility:ExtractStackTrace () (at /Users/bokken/build/output/unity/unity/Runtime/Export/Scripting/StackTrace.cs:35)
UnityEngine.DebugLogHandler:Internal_Log (UnityEngine.LogType,UnityEngine.LogOption,string,UnityEngine.Object)
UnityEngine.DebugLogHandler:LogFormat (UnityEngine.LogType,UnityEngine.Object,string,object[]) (at /Users/bokken/build/output/unity/unity/Runtime/Export/Logging/DebugLogHandler.cs:9)
UnityEngine.Logger:Log (UnityEngine.LogType,object) (at /Users/bokken/build/output/unity/unity/Runtime/Export/Logging/Logger.cs:60)
UnityEngine.Debug:Log (object) (at /Users/bokken/build/output/unity/unity/Runtime/Export/Debug/Debug.bindings.cs:123)
PerfScenario:StartRecorders () (at /Users/philipp/Projects/3DTD/3DTD/3DTD/Assets/Scripts/Diagnostics/PerfScenario.cs:747)
PerfScenario/<Start>d__43:MoveNext () (at /Users/philipp/Projects/3DTD/3DTD/3DTD/Assets/Scripts/Diagnostics/PerfScenario.cs:292)
UnityEngine.SetupCoroutine:InvokeMoveNext (System.Collections.IEnumerator,intptr) (at /Users/bokken/build/output/unity/unity/Runtime/Export/Scripting/Coroutines.cs:17)

(Filename: /Users/bokken/build/output/unity/unity/Runtime/Export/Debug/Debug.bindings.cs Line: 123)

PERF MARKER Physics2D / Transform Sync Bodies
UnityEngine.Debug:ExtractStackTraceNoAlloc (byte*,int,string)
UnityEngine.StackTraceUtility:ExtractStackTrace () (at /Users/bokken/build/output/unity/unity/Runtime/Export/Scripting/StackTrace.cs:35)
UnityEngine.DebugLogHandler:Internal_Log (UnityEngine.LogType,UnityEngine.LogOption,string,UnityEngine.Object)
UnityEngine.DebugLogHandler:LogFormat (UnityEngine.LogType,UnityEngine.Object,string,object[]) (at /Users/bokken/build/output/unity/unity/Runtime/Export/Logging/DebugLogHandler.cs:9)
UnityEngine.Logger:Log (UnityEngine.LogType,object) (at /Users/bokken/build/output/unity/unity/Runtime/Export/Logging/Logger.cs:60)
UnityEngine.Debug:Log (object) (at /Users/bokken/build/output/unity/unity/Runtime/Export/Debug/Debug.bindings.cs:123)
PerfScenario:StartRecorders () (at /Users/philipp/Projects/3DTD/3DTD/3DTD/Assets/Scripts/Diagnostics/PerfScenario.cs:747)
PerfScenario/<Start>d__43:MoveNext () (at /Users/philipp/Projects/3DTD/3DTD/3DTD/Assets/Scripts/Diagnostics/PerfScenario.cs:292)
UnityEngine.SetupCoroutine:InvokeMoveNext (System.Collections.IEnumerator,intptr) (at /Users/bokken/build/output/unity/unity/Runtime/Export/Scripting/Coroutines.cs:17)

(Filename: /Users/bokken/build/output/unity/unity/Runtime/Export/Debug/Debug.bindings.cs Line: 123)

PERF MARKER Physics2D / Transform Sync Colliders
UnityEngine.Debug:ExtractStackTraceNoAlloc (byte*,int,string)
UnityEngine.StackTraceUtility:ExtractStackTrace () (at /Users/bokken/build/output/unity/unity/Runtime/Export/Scripting/StackTrace.cs:35)
UnityEngine.DebugLogHandler:Internal_Log (UnityEngine.LogType,UnityEngine.LogOption,string,UnityEngine.Object)
UnityEngine.DebugLogHandler:LogFormat (UnityEngine.LogType,UnityEngine.Object,string,object[]) (at /Users/bokken/build/output/unity/unity/Runtime/Export/Logging/DebugLogHandler.cs:9)
UnityEngine.Logger:Log (UnityEngine.LogType,object) (at /Users/bokken/build/output/unity/unity/Runtime/Export/Logging/Logger.cs:60)
UnityEngine.Debug:Log (object) (at /Users/bokken/build/output/unity/unity/Runtime/Export/Debug/Debug.bindings.cs:123)
PerfScenario:StartRecorders () (at /Users/philipp/Projects/3DTD/3DTD/3DTD/Assets/Scripts/Diagnostics/PerfScenario.cs:747)
PerfScenario/<Start>d__43:MoveNext () (at /Users/philipp/Projects/3DTD/3DTD/3DTD/Assets/Scripts/Diagnostics/PerfScenario.cs:292)
UnityEngine.SetupCoroutine:InvokeMoveNext (System.Collections.IEnumerator,intptr) (at /Users/bokken/build/output/unity/unity/Runtime/Export/Scripting/Coroutines.cs:17)

(Filename: /Users/bokken/build/output/unity/unity/Runtime/Export/Debug/Debug.bindings.cs Line: 123)

PERF MARKER Physics2D / Transform Parent Sync Bodies
UnityEngine.Debug:ExtractStackTraceNoAlloc (byte*,int,string)
UnityEngine.StackTraceUtility:ExtractStackTrace () (at /Users/bokken/build/output/unity/unity/Runtime/Export/Scripting/StackTrace.cs:35)
UnityEngine.DebugLogHandler:Internal_Log (UnityEngine.LogType,UnityEngine.LogOption,string,UnityEngine.Object)
UnityEngine.DebugLogHandler:LogFormat (UnityEngine.LogType,UnityEngine.Object,string,object[]) (at /Users/bokken/build/output/unity/unity/Runtime/Export/Logging/DebugLogHandler.cs:9)
UnityEngine.Logger:Log (UnityEngine.LogType,object) (at /Users/bokken/build/output/unity/unity/Runtime/Export/Logging/Logger.cs:60)
UnityEngine.Debug:Log (object) (at /Users/bokken/build/output/unity/unity/Runtime/Export/Debug/Debug.bindings.cs:123)
PerfScenario:StartRecorders () (at /Users/philipp/Projects/3DTD/3DTD/3DTD/Assets/Scripts/Diagnostics/PerfScenario.cs:747)
PerfScenario/<Start>d__43:MoveNext () (at /Users/philipp/Projects/3DTD/3DTD/3DTD/Assets/Scripts/Diagnostics/PerfScenario.cs:292)
UnityEngine.SetupCoroutine:InvokeMoveNext (System.Collections.IEnumerator,intptr) (at /Users/bokken/build/output/unity/unity/Runtime/Export/Scripting/Coroutines.cs:17)

(Filename: /Users/bokken/build/output/unity/unity/Runtime/Export/Debug/Debug.bindings.cs Line: 123)

PERF MARKER Physics2D / Transform Parent Sync Colliders
UnityEngine.Debug:ExtractStackTraceNoAlloc (byte*,int,string)
UnityEngine.StackTraceUtility:ExtractStackTrace () (at /Users/bokken/build/output/unity/unity/Runtime/Export/Scripting/StackTrace.cs:35)
UnityEngine.DebugLogHandler:Internal_Log (UnityEngine.LogType,UnityEngine.LogOption,string,UnityEngine.Object)
UnityEngine.DebugLogHandler:LogFormat (UnityEngine.LogType,UnityEngine.Object,string,object[]) (at /Users/bokken/build/output/unity/unity/Runtime/Export/Logging/DebugLogHandler.cs:9)
UnityEngine.Logger:Log (UnityEngine.LogType,object) (at /Users/bokken/build/output/unity/unity/Runtime/Export/Logging/Logger.cs:60)
UnityEngine.Debug:Log (object) (at /Users/bokken/build/output/unity/unity/Runtime/Export/Debug/Debug.bindings.cs:123)
PerfScenario:StartRecorders () (at /Users/philipp/Projects/3DTD/3DTD/3DTD/Assets/Scripts/Diagnostics/PerfScenario.cs:747)
PerfScenario/<Start>d__43:MoveNext () (at /Users/philipp/Projects/3DTD/3DTD/3DTD/Assets/Scripts/Diagnostics/PerfScenario.cs:292)
UnityEngine.SetupCoroutine:InvokeMoveNext (System.Collections.IEnumerator,intptr) (at /Users/bokken/build/output/unity/unity/Runtime/Export/Scripting/Coroutines.cs:17)

(Filename: /Users/bokken/build/output/unity/unity/Runtime/Export/Debug/Debug.bindings.cs Line: 123)

PERF MARKER Physics / Colliders Synced
UnityEngine.Debug:ExtractStackTraceNoAlloc (byte*,int,string)
UnityEngine.StackTraceUtility:ExtractStackTrace () (at /Users/bokken/build/output/unity/unity/Runtime/Export/Scripting/StackTrace.cs:35)
UnityEngine.DebugLogHandler:Internal_Log (UnityEngine.LogType,UnityEngine.LogOption,string,UnityEngine.Object)
UnityEngine.DebugLogHandler:LogFormat (UnityEngine.LogType,UnityEngine.Object,string,object[]) (at /Users/bokken/build/output/unity/unity/Runtime/Export/Logging/DebugLogHandler.cs:9)
UnityEngine.Logger:Log (UnityEngine.LogType,object) (at /Users/bokken/build/output/unity/unity/Runtime/Export/Logging/Logger.cs:60)
UnityEngine.Debug:Log (object) (at /Users/bokken/build/output/unity/unity/Runtime/Export/Debug/Debug.bindings.cs:123)
PerfScenario:StartRecorders () (at /Users/philipp/Projects/3DTD/3DTD/3DTD/Assets/Scripts/Diagnostics/PerfScenario.cs:747)
PerfScenario/<Start>d__43:MoveNext () (at /Users/philipp/Projects/3DTD/3DTD/3DTD/Assets/Scripts/Diagnostics/PerfScenario.cs:292)
UnityEngine.SetupCoroutine:InvokeMoveNext (System.Collections.IEnumerator,intptr) (at /Users/bokken/build/output/unity/unity/Runtime/Export/Scripting/Coroutines.cs:17)

(Filename: /Users/bokken/build/output/unity/unity/Runtime/Export/Debug/Debug.bindings.cs Line: 123)

PERF MARKER Physics / Rigidbodies Synced
UnityEngine.Debug:ExtractStackTraceNoAlloc (byte*,int,string)
UnityEngine.StackTraceUtility:ExtractStackTrace () (at /Users/bokken/build/output/unity/unity/Runtime/Export/Scripting/StackTrace.cs:35)
UnityEngine.DebugLogHandler:Internal_Log (UnityEngine.LogType,UnityEngine.LogOption,string,UnityEngine.Object)
UnityEngine.DebugLogHandler:LogFormat (UnityEngine.LogType,UnityEngine.Object,string,object[]) (at /Users/bokken/build/output/unity/unity/Runtime/Export/Logging/DebugLogHandler.cs:9)
UnityEngine.Logger:Log (UnityEngine.LogType,object) (at /Users/bokken/build/output/unity/unity/Runtime/Export/Logging/Logger.cs:60)
UnityEngine.Debug:Log (object) (at /Users/bokken/build/output/unity/unity/Runtime/Export/Debug/Debug.bindings.cs:123)
PerfScenario:StartRecorders () (at /Users/philipp/Projects/3DTD/3DTD/3DTD/Assets/Scripts/Diagnostics/PerfScenario.cs:747)
PerfScenario/<Start>d__43:MoveNext () (at /Users/philipp/Projects/3DTD/3DTD/3DTD/Assets/Scripts/Diagnostics/PerfScenario.cs:292)
UnityEngine.SetupCoroutine:InvokeMoveNext (System.Collections.IEnumerator,intptr) (at /Users/bokken/build/output/unity/unity/Runtime/Export/Scripting/Coroutines.cs:17)

(Filename: /Users/bokken/build/output/unity/unity/Runtime/Export/Debug/Debug.bindings.cs Line: 123)

PERF MARKER Render / CPU Total Frame Time
UnityEngine.Debug:ExtractStackTraceNoAlloc (byte*,int,string)
UnityEngine.StackTraceUtility:ExtractStackTrace () (at /Users/bokken/build/output/unity/unity/Runtime/Export/Scripting/StackTrace.cs:35)
UnityEngine.DebugLogHandler:Internal_Log (UnityEngine.LogType,UnityEngine.LogOption,string,UnityEngine.Object)
UnityEngine.DebugLogHandler:LogFormat (UnityEngine.LogType,UnityEngine.Object,string,object[]) (at /Users/bokken/build/output/unity/unity/Runtime/Export/Logging/DebugLogHandler.cs:9)
UnityEngine.Logger:Log (UnityEngine.LogType,object) (at /Users/bokken/build/output/unity/unity/Runtime/Export/Logging/Logger.cs:60)
UnityEngine.Debug:Log (object) (at /Users/bokken/build/output/unity/unity/Runtime/Export/Debug/Debug.bindings.cs:123)
PerfScenario:StartRecorders () (at /Users/philipp/Projects/3DTD/3DTD/3DTD/Assets/Scripts/Diagnostics/PerfScenario.cs:747)
PerfScenario/<Start>d__43:MoveNext () (at /Users/philipp/Projects/3DTD/3DTD/3DTD/Assets/Scripts/Diagnostics/PerfScenario.cs:292)
UnityEngine.SetupCoroutine:InvokeMoveNext (System.Collections.IEnumerator,intptr) (at /Users/bokken/build/output/unity/unity/Runtime/Export/Scripting/Coroutines.cs:17)

(Filename: /Users/bokken/build/output/unity/unity/Runtime/Export/Debug/Debug.bindings.cs Line: 123)

PERF MARKER Render / CPU Main Thread Frame Time
UnityEngine.Debug:ExtractStackTraceNoAlloc (byte*,int,string)
UnityEngine.StackTraceUtility:ExtractStackTrace () (at /Users/bokken/build/output/unity/unity/Runtime/Export/Scripting/StackTrace.cs:35)
UnityEngine.DebugLogHandler:Internal_Log (UnityEngine.LogType,UnityEngine.LogOption,string,UnityEngine.Object)
UnityEngine.DebugLogHandler:LogFormat (UnityEngine.LogType,UnityEngine.Object,string,object[]) (at /Users/bokken/build/output/unity/unity/Runtime/Export/Logging/DebugLogHandler.cs:9)
UnityEngine.Logger:Log (UnityEngine.LogType,object) (at /Users/bokken/build/output/unity/unity/Runtime/Export/Logging/Logger.cs:60)
UnityEngine.Debug:Log (object) (at /Users/bokken/build/output/unity/unity/Runtime/Export/Debug/Debug.bindings.cs:123)
PerfScenario:StartRecorders () (at /Users/philipp/Projects/3DTD/3DTD/3DTD/Assets/Scripts/Diagnostics/PerfScenario.cs:747)
PerfScenario/<Start>d__43:MoveNext () (at /Users/philipp/Projects/3DTD/3DTD/3DTD/Assets/Scripts/Diagnostics/PerfScenario.cs:292)
UnityEngine.SetupCoroutine:InvokeMoveNext (System.Collections.IEnumerator,intptr) (at /Users/bokken/build/output/unity/unity/Runtime/Export/Scripting/Coroutines.cs:17)

(Filename: /Users/bokken/build/output/unity/unity/Runtime/Export/Debug/Debug.bindings.cs Line: 123)

PERF MARKER Render / CPU Render Thread Frame Time
UnityEngine.Debug:ExtractStackTraceNoAlloc (byte*,int,string)
UnityEngine.StackTraceUtility:ExtractStackTrace () (at /Users/bokken/build/output/unity/unity/Runtime/Export/Scripting/StackTrace.cs:35)
UnityEngine.DebugLogHandler:Internal_Log (UnityEngine.LogType,UnityEngine.LogOption,string,UnityEngine.Object)
UnityEngine.DebugLogHandler:LogFormat (UnityEngine.LogType,UnityEngine.Object,string,object[]) (at /Users/bokken/build/output/unity/unity/Runtime/Export/Logging/DebugLogHandler.cs:9)
UnityEngine.Logger:Log (UnityEngine.LogType,object) (at /Users/bokken/build/output/unity/unity/Runtime/Export/Logging/Logger.cs:60)
UnityEngine.Debug:Log (object) (at /Users/bokken/build/output/unity/unity/Runtime/Export/Debug/Debug.bindings.cs:123)
PerfScenario:StartRecorders () (at /Users/philipp/Projects/3DTD/3DTD/3DTD/Assets/Scripts/Diagnostics/PerfScenario.cs:747)
PerfScenario/<Start>d__43:MoveNext () (at /Users/philipp/Projects/3DTD/3DTD/3DTD/Assets/Scripts/Diagnostics/PerfScenario.cs:292)
UnityEngine.SetupCoroutine:InvokeMoveNext (System.Collections.IEnumerator,intptr) (at /Users/bokken/build/output/unity/unity/Runtime/Export/Scripting/Coroutines.cs:17)

(Filename: /Users/bokken/build/output/unity/unity/Runtime/Export/Debug/Debug.bindings.cs Line: 123)

PERF MARKER Render / GPU Frame Time
UnityEngine.Debug:ExtractStackTraceNoAlloc (byte*,int,string)
UnityEngine.StackTraceUtility:ExtractStackTrace () (at /Users/bokken/build/output/unity/unity/Runtime/Export/Scripting/StackTrace.cs:35)
UnityEngine.DebugLogHandler:Internal_Log (UnityEngine.LogType,UnityEngine.LogOption,string,UnityEngine.Object)
UnityEngine.DebugLogHandler:LogFormat (UnityEngine.LogType,UnityEngine.Object,string,object[]) (at /Users/bokken/build/output/unity/unity/Runtime/Export/Logging/DebugLogHandler.cs:9)
UnityEngine.Logger:Log (UnityEngine.LogType,object) (at /Users/bokken/build/output/unity/unity/Runtime/Export/Logging/Logger.cs:60)
UnityEngine.Debug:Log (object) (at /Users/bokken/build/output/unity/unity/Runtime/Export/Debug/Debug.bindings.cs:123)
PerfScenario:StartRecorders () (at /Users/philipp/Projects/3DTD/3DTD/3DTD/Assets/Scripts/Diagnostics/PerfScenario.cs:747)
PerfScenario/<Start>d__43:MoveNext () (at /Users/philipp/Projects/3DTD/3DTD/3DTD/Assets/Scripts/Diagnostics/PerfScenario.cs:292)
UnityEngine.SetupCoroutine:InvokeMoveNext (System.Collections.IEnumerator,intptr) (at /Users/bokken/build/output/unity/unity/Runtime/Export/Scripting/Coroutines.cs:17)

(Filename: /Users/bokken/build/output/unity/unity/Runtime/Export/Debug/Debug.bindings.cs Line: 123)

PERF MARKER PlayerLoop / ParticleSystem.OnGfxInitialized
UnityEngine.Debug:ExtractStackTraceNoAlloc (byte*,int,string)
UnityEngine.StackTraceUtility:ExtractStackTrace () (at /Users/bokken/build/output/unity/unity/Runtime/Export/Scripting/StackTrace.cs:35)
UnityEngine.DebugLogHandler:Internal_Log (UnityEngine.LogType,UnityEngine.LogOption,string,UnityEngine.Object)
UnityEngine.DebugLogHandler:LogFormat (UnityEngine.LogType,UnityEngine.Object,string,object[]) (at /Users/bokken/build/output/unity/unity/Runtime/Export/Logging/DebugLogHandler.cs:9)
UnityEngine.Logger:Log (UnityEngine.LogType,object) (at /Users/bokken/build/output/unity/unity/Runtime/Export/Logging/Logger.cs:60)
UnityEngine.Debug:Log (object) (at /Users/bokken/build/output/unity/unity/Runtime/Export/Debug/Debug.bindings.cs:123)
PerfScenario:StartRecorders () (at /Users/philipp/Projects/3DTD/3DTD/3DTD/Assets/Scripts/Diagnostics/PerfScenario.cs:747)
PerfScenario/<Start>d__43:MoveNext () (at /Users/philipp/Projects/3DTD/3DTD/3DTD/Assets/Scripts/Diagnostics/PerfScenario.cs:292)
UnityEngine.SetupCoroutine:InvokeMoveNext (System.Collections.IEnumerator,intptr) (at /Users/bokken/build/output/unity/unity/Runtime/Export/Scripting/Coroutines.cs:17)

(Filename: /Users/bokken/build/output/unity/unity/Runtime/Export/Debug/Debug.bindings.cs Line: 123)

PERF MARKER Managed Jobs / WriteGPUComponentDataJob
UnityEngine.Debug:ExtractStackTraceNoAlloc (byte*,int,string)
UnityEngine.StackTraceUtility:ExtractStackTrace () (at /Users/bokken/build/output/unity/unity/Runtime/Export/Scripting/StackTrace.cs:35)
UnityEngine.DebugLogHandler:Internal_Log (UnityEngine.LogType,UnityEngine.LogOption,string,UnityEngine.Object)
UnityEngine.DebugLogHandler:LogFormat (UnityEngine.LogType,UnityEngine.Object,string,object[]) (at /Users/bokken/build/output/unity/unity/Runtime/Export/Logging/DebugLogHandler.cs:9)
UnityEngine.Logger:Log (UnityEngine.LogType,object) (at /Users/bokken/build/output/unity/unity/Runtime/Export/Logging/Logger.cs:60)
UnityEngine.Debug:Log (object) (at /Users/bokken/build/output/unity/unity/Runtime/Export/Debug/Debug.bindings.cs:123)
PerfScenario:StartRecorders () (at /Users/philipp/Projects/3DTD/3DTD/3DTD/Assets/Scripts/Diagnostics/PerfScenario.cs:747)
PerfScenario/<Start>d__43:MoveNext () (at /Users/philipp/Projects/3DTD/3DTD/3DTD/Assets/Scripts/Diagnostics/PerfScenario.cs:292)
UnityEngine.SetupCoroutine:InvokeMoveNext (System.Collections.IEnumerator,intptr) (at /Users/bokken/build/output/unity/unity/Runtime/Export/Scripting/Coroutines.cs:17)

(Filename: /Users/bokken/build/output/unity/unity/Runtime/Export/Debug/Debug.bindings.cs Line: 123)

PERF MARKER Burst Jobs / WriteGPUComponentDataJob (Burst)
UnityEngine.Debug:ExtractStackTraceNoAlloc (byte*,int,string)
UnityEngine.StackTraceUtility:ExtractStackTrace () (at /Users/bokken/build/output/unity/unity/Runtime/Export/Scripting/StackTrace.cs:35)
UnityEngine.DebugLogHandler:Internal_Log (UnityEngine.LogType,UnityEngine.LogOption,string,UnityEngine.Object)
UnityEngine.DebugLogHandler:LogFormat (UnityEngine.LogType,UnityEngine.Object,string,object[]) (at /Users/bokken/build/output/unity/unity/Runtime/Export/Logging/DebugLogHandler.cs:9)
UnityEngine.Logger:Log (UnityEngine.LogType,object) (at /Users/bokken/build/output/unity/unity/Runtime/Export/Logging/Logger.cs:60)
UnityEngine.Debug:Log (object) (at /Users/bokken/build/output/unity/unity/Runtime/Export/Debug/Debug.bindings.cs:123)
PerfScenario:StartRecorders () (at /Users/philipp/Projects/3DTD/3DTD/3DTD/Assets/Scripts/Diagnostics/PerfScenario.cs:747)
PerfScenario/<Start>d__43:MoveNext () (at /Users/philipp/Projects/3DTD/3DTD/3DTD/Assets/Scripts/Diagnostics/PerfScenario.cs:292)
UnityEngine.SetupCoroutine:InvokeMoveNext (System.Collections.IEnumerator,intptr) (at /Users/bokken/build/output/unity/unity/Runtime/Export/Scripting/Coroutines.cs:17)

(Filename: /Users/bokken/build/output/unity/unity/Runtime/Export/Debug/Debug.bindings.cs Line: 123)

PERF MARKER Managed Jobs / WriteGPUComponentDataJob (Cleanup)
UnityEngine.Debug:ExtractStackTraceNoAlloc (byte*,int,string)
UnityEngine.StackTraceUtility:ExtractStackTrace () (at /Users/bokken/build/output/unity/unity/Runtime/Export/Scripting/StackTrace.cs:35)
UnityEngine.DebugLogHandler:Internal_Log (UnityEngine.LogType,UnityEngine.LogOption,string,UnityEngine.Object)
UnityEngine.DebugLogHandler:LogFormat (UnityEngine.LogType,UnityEngine.Object,string,object[]) (at /Users/bokken/build/output/unity/unity/Runtime/Export/Logging/DebugLogHandler.cs:9)
UnityEngine.Logger:Log (UnityEngine.LogType,object) (at /Users/bokken/build/output/unity/unity/Runtime/Export/Logging/Logger.cs:60)
UnityEngine.Debug:Log (object) (at /Users/bokken/build/output/unity/unity/Runtime/Export/Debug/Debug.bindings.cs:123)
PerfScenario:StartRecorders () (at /Users/philipp/Projects/3DTD/3DTD/3DTD/Assets/Scripts/Diagnostics/PerfScenario.cs:747)
PerfScenario/<Start>d__43:MoveNext () (at /Users/philipp/Projects/3DTD/3DTD/3DTD/Assets/Scripts/Diagnostics/PerfScenario.cs:292)
UnityEngine.SetupCoroutine:InvokeMoveNext (System.Collections.IEnumerator,intptr) (at /Users/bokken/build/output/unity/unity/Runtime/Export/Scripting/Coroutines.cs:17)

(Filename: /Users/bokken/build/output/unity/unity/Runtime/Export/Debug/Debug.bindings.cs Line: 123)

PERF MARKER Managed Jobs / InstancesToGPUIndicesJob
UnityEngine.Debug:ExtractStackTraceNoAlloc (byte*,int,string)
UnityEngine.StackTraceUtility:ExtractStackTrace () (at /Users/bokken/build/output/unity/unity/Runtime/Export/Scripting/StackTrace.cs:35)
UnityEngine.DebugLogHandler:Internal_Log (UnityEngine.LogType,UnityEngine.LogOption,string,UnityEngine.Object)
UnityEngine.DebugLogHandler:LogFormat (UnityEngine.LogType,UnityEngine.Object,string,object[]) (at /Users/bokken/build/output/unity/unity/Runtime/Export/Logging/DebugLogHandler.cs:9)
UnityEngine.Logger:Log (UnityEngine.LogType,object) (at /Users/bokken/build/output/unity/unity/Runtime/Export/Logging/Logger.cs:60)
UnityEngine.Debug:Log (object) (at /Users/bokken/build/output/unity/unity/Runtime/Export/Debug/Debug.bindings.cs:123)
PerfScenario:StartRecorders () (at /Users/philipp/Projects/3DTD/3DTD/3DTD/Assets/Scripts/Diagnostics/PerfScenario.cs:747)
PerfScenario/<Start>d__43:MoveNext () (at /Users/philipp/Projects/3DTD/3DTD/3DTD/Assets/Scripts/Diagnostics/PerfScenario.cs:292)
UnityEngine.SetupCoroutine:InvokeMoveNext (System.Collections.IEnumerator,intptr) (at /Users/bokken/build/output/unity/unity/Runtime/Export/Scripting/Coroutines.cs:17)

(Filename: /Users/bokken/build/output/unity/unity/Runtime/Export/Debug/Debug.bindings.cs Line: 123)

PERF MARKER Burst Jobs / InstancesToGPUIndicesJob (Burst)
UnityEngine.Debug:ExtractStackTraceNoAlloc (byte*,int,string)
UnityEngine.StackTraceUtility:ExtractStackTrace () (at /Users/bokken/build/output/unity/unity/Runtime/Export/Scripting/StackTrace.cs:35)
UnityEngine.DebugLogHandler:Internal_Log (UnityEngine.LogType,UnityEngine.LogOption,string,UnityEngine.Object)
UnityEngine.DebugLogHandler:LogFormat (UnityEngine.LogType,UnityEngine.Object,string,object[]) (at /Users/bokken/build/output/unity/unity/Runtime/Export/Logging/DebugLogHandler.cs:9)
UnityEngine.Logger:Log (UnityEngine.LogType,object) (at /Users/bokken/build/output/unity/unity/Runtime/Export/Logging/Logger.cs:60)
UnityEngine.Debug:Log (object) (at /Users/bokken/build/output/unity/unity/Runtime/Export/Debug/Debug.bindings.cs:123)
PerfScenario:StartRecorders () (at /Users/philipp/Projects/3DTD/3DTD/3DTD/Assets/Scripts/Diagnostics/PerfScenario.cs:747)
PerfScenario/<Start>d__43:MoveNext () (at /Users/philipp/Projects/3DTD/3DTD/3DTD/Assets/Scripts/Diagnostics/PerfScenario.cs:292)
UnityEngine.SetupCoroutine:InvokeMoveNext (System.Collections.IEnumerator,intptr) (at /Users/bokken/build/output/unity/unity/Runtime/Export/Scripting/Coroutines.cs:17)

(Filename: /Users/bokken/build/output/unity/unity/Runtime/Export/Debug/Debug.bindings.cs Line: 123)

PERF MARKER Managed Jobs / InstancesToGPUIndicesJob (Cleanup)
UnityEngine.Debug:ExtractStackTraceNoAlloc (byte*,int,string)
UnityEngine.StackTraceUtility:ExtractStackTrace () (at /Users/bokken/build/output/unity/unity/Runtime/Export/Scripting/StackTrace.cs:35)
UnityEngine.DebugLogHandler:Internal_Log (UnityEngine.LogType,UnityEngine.LogOption,string,UnityEngine.Object)
UnityEngine.DebugLogHandler:LogFormat (UnityEngine.LogType,UnityEngine.Object,string,object[]) (at /Users/bokken/build/output/unity/unity/Runtime/Export/Logging/DebugLogHandler.cs:9)
UnityEngine.Logger:Log (UnityEngine.LogType,object) (at /Users/bokken/build/output/unity/unity/Runtime/Export/Logging/Logger.cs:60)
UnityEngine.Debug:Log (object) (at /Users/bokken/build/output/unity/unity/Runtime/Export/Debug/Debug.bindings.cs:123)
PerfScenario:StartRecorders () (at /Users/philipp/Projects/3DTD/3DTD/3DTD/Assets/Scripts/Diagnostics/PerfScenario.cs:747)
PerfScenario/<Start>d__43:MoveNext () (at /Users/philipp/Projects/3DTD/3DTD/3DTD/Assets/Scripts/Diagnostics/PerfScenario.cs:292)
UnityEngine.SetupCoroutine:InvokeMoveNext (System.Collections.IEnumerator,intptr) (at /Users/bokken/build/output/unity/unity/Runtime/Export/Scripting/Coroutines.cs:17)

(Filename: /Users/bokken/build/output/unity/unity/Runtime/Export/Debug/Debug.bindings.cs Line: 123)

PERF MARKER PlayerLoop / ParticleSystem.CleanupAfterLoad
UnityEngine.Debug:ExtractStackTraceNoAlloc (byte*,int,string)
UnityEngine.StackTraceUtility:ExtractStackTrace () (at /Users/bokken/build/output/unity/unity/Runtime/Export/Scripting/StackTrace.cs:35)
UnityEngine.DebugLogHandler:Internal_Log (UnityEngine.LogType,UnityEngine.LogOption,string,UnityEngine.Object)
UnityEngine.DebugLogHandler:LogFormat (UnityEngine.LogType,UnityEngine.Object,string,object[]) (at /Users/bokken/build/output/unity/unity/Runtime/Export/Logging/DebugLogHandler.cs:9)
UnityEngine.Logger:Log (UnityEngine.LogType,object) (at /Users/bokken/build/output/unity/unity/Runtime/Export/Logging/Logger.cs:60)
UnityEngine.Debug:Log (object) (at /Users/bokken/build/output/unity/unity/Runtime/Export/Debug/Debug.bindings.cs:123)
PerfScenario:StartRecorders () (at /Users/philipp/Projects/3DTD/3DTD/3DTD/Assets/Scripts/Diagnostics/PerfScenario.cs:747)
PerfScenario/<Start>d__43:MoveNext () (at /Users/philipp/Projects/3DTD/3DTD/3DTD/Assets/Scripts/Diagnostics/PerfScenario.cs:292)
UnityEngine.SetupCoroutine:InvokeMoveNext (System.Collections.IEnumerator,intptr) (at /Users/bokken/build/output/unity/unity/Runtime/Export/Scripting/Coroutines.cs:17)

(Filename: /Users/bokken/build/output/unity/unity/Runtime/Export/Debug/Debug.bindings.cs Line: 123)

PERF MARKER VSync / TimeUpdate.WaitForLastPresentationAndUpdateTime
UnityEngine.Debug:ExtractStackTraceNoAlloc (byte*,int,string)
UnityEngine.StackTraceUtility:ExtractStackTrace () (at /Users/bokken/build/output/unity/unity/Runtime/Export/Scripting/StackTrace.cs:35)
UnityEngine.DebugLogHandler:Internal_Log (UnityEngine.LogType,UnityEngine.LogOption,string,UnityEngine.Object)
UnityEngine.DebugLogHandler:LogFormat (UnityEngine.LogType,UnityEngine.Object,string,object[]) (at /Users/bokken/build/output/unity/unity/Runtime/Export/Logging/DebugLogHandler.cs:9)
UnityEngine.Logger:Log (UnityEngine.LogType,object) (at /Users/bokken/build/output/unity/unity/Runtime/Export/Logging/Logger.cs:60)
UnityEngine.Debug:Log (object) (at /Users/bokken/build/output/unity/unity/Runtime/Export/Debug/Debug.bindings.cs:123)
PerfScenario:StartRecorders () (at /Users/philipp/Projects/3DTD/3DTD/3DTD/Assets/Scripts/Diagnostics/PerfScenario.cs:747)
PerfScenario/<Start>d__43:MoveNext () (at /Users/philipp/Projects/3DTD/3DTD/3DTD/Assets/Scripts/Diagnostics/PerfScenario.cs:292)
UnityEngine.SetupCoroutine:InvokeMoveNext (System.Collections.IEnumerator,intptr) (at /Users/bokken/build/output/unity/unity/Runtime/Export/Scripting/Coroutines.cs:17)

(Filename: /Users/bokken/build/output/unity/unity/Runtime/Export/Debug/Debug.bindings.cs Line: 123)

PERF MARKER PlayerLoop / Initialization.AsyncUploadTimeSlicedUpdate
UnityEngine.Debug:ExtractStackTraceNoAlloc (byte*,int,string)
UnityEngine.StackTraceUtility:ExtractStackTrace () (at /Users/bokken/build/output/unity/unity/Runtime/Export/Scripting/StackTrace.cs:35)
UnityEngine.DebugLogHandler:Internal_Log (UnityEngine.LogType,UnityEngine.LogOption,string,UnityEngine.Object)
UnityEngine.DebugLogHandler:LogFormat (UnityEngine.LogType,UnityEngine.Object,string,object[]) (at /Users/bokken/build/output/unity/unity/Runtime/Export/Logging/DebugLogHandler.cs:9)
UnityEngine.Logger:Log (UnityEngine.LogType,object) (at /Users/bokken/build/output/unity/unity/Runtime/Export/Logging/Logger.cs:60)
UnityEngine.Debug:Log (object) (at /Users/bokken/build/output/unity/unity/Runtime/Export/Debug/Debug.bindings.cs:123)
PerfScenario:StartRecorders () (at /Users/philipp/Projects/3DTD/3DTD/3DTD/Assets/Scripts/Diagnostics/PerfScenario.cs:747)
PerfScenario/<Start>d__43:MoveNext () (at /Users/philipp/Projects/3DTD/3DTD/3DTD/Assets/Scripts/Diagnostics/PerfScenario.cs:292)
UnityEngine.SetupCoroutine:InvokeMoveNext (System.Collections.IEnumerator,intptr) (at /Users/bokken/build/output/unity/unity/Runtime/Export/Scripting/Coroutines.cs:17)

(Filename: /Users/bokken/build/output/unity/unity/Runtime/Export/Debug/Debug.bindings.cs Line: 123)

PERF MARKER PlayerLoop / EarlyUpdate.GpuTimestamp
UnityEngine.Debug:ExtractStackTraceNoAlloc (byte*,int,string)
UnityEngine.StackTraceUtility:ExtractStackTrace () (at /Users/bokken/build/output/unity/unity/Runtime/Export/Scripting/StackTrace.cs:35)
UnityEngine.DebugLogHandler:Internal_Log (UnityEngine.LogType,UnityEngine.LogOption,string,UnityEngine.Object)
UnityEngine.DebugLogHandler:LogFormat (UnityEngine.LogType,UnityEngine.Object,string,object[]) (at /Users/bokken/build/output/unity/unity/Runtime/Export/Logging/DebugLogHandler.cs:9)
UnityEngine.Logger:Log (UnityEngine.LogType,object) (at /Users/bokken/build/output/unity/unity/Runtime/Export/Logging/Logger.cs:60)
UnityEngine.Debug:Log (object) (at /Users/bokken/build/output/unity/unity/Runtime/Export/Debug/Debug.bindings.cs:123)
PerfScenario:StartRecorders () (at /Users/philipp/Projects/3DTD/3DTD/3DTD/Assets/Scripts/Diagnostics/PerfScenario.cs:747)
PerfScenario/<Start>d__43:MoveNext () (at /Users/philipp/Projects/3DTD/3DTD/3DTD/Assets/Scripts/Diagnostics/PerfScenario.cs:292)
UnityEngine.SetupCoroutine:InvokeMoveNext (System.Collections.IEnumerator,intptr) (at /Users/bokken/build/output/unity/unity/Runtime/Export/Scripting/Coroutines.cs:17)

(Filename: /Users/bokken/build/output/unity/unity/Runtime/Export/Debug/Debug.bindings.cs Line: 123)

PERF MARKER PlayerLoop / EarlyUpdate.UpdateAsyncInstantiate
UnityEngine.Debug:ExtractStackTraceNoAlloc (byte*,int,string)
UnityEngine.StackTraceUtility:ExtractStackTrace () (at /Users/bokken/build/output/unity/unity/Runtime/Export/Scripting/StackTrace.cs:35)
UnityEngine.DebugLogHandler:Internal_Log (UnityEngine.LogType,UnityEngine.LogOption,string,UnityEngine.Object)
UnityEngine.DebugLogHandler:LogFormat (UnityEngine.LogType,UnityEngine.Object,string,object[]) (at /Users/bokken/build/output/unity/unity/Runtime/Export/Logging/DebugLogHandler.cs:9)
UnityEngine.Logger:Log (UnityEngine.LogType,object) (at /Users/bokken/build/output/unity/unity/Runtime/Export/Logging/Logger.cs:60)
UnityEngine.Debug:Log (object) (at /Users/bokken/build/output/unity/unity/Runtime/Export/Debug/Debug.bindings.cs:123)
PerfScenario:StartRecorders () (at /Users/philipp/Projects/3DTD/3DTD/3DTD/Assets/Scripts/Diagnostics/PerfScenario.cs:747)
PerfScenario/<Start>d__43:MoveNext () (at /Users/philipp/Projects/3DTD/3DTD/3DTD/Assets/Scripts/Diagnostics/PerfScenario.cs:292)
UnityEngine.SetupCoroutine:InvokeMoveNext (System.Collections.IEnumerator,intptr) (at /Users/bokken/build/output/unity/unity/Runtime/Export/Scripting/Coroutines.cs:17)

(Filename: /Users/bokken/build/output/unity/unity/Runtime/Export/Debug/Debug.bindings.cs Line: 123)

PERF MARKER PlayerLoop / EarlyUpdate.UpdateAsyncReadbackManager
UnityEngine.Debug:ExtractStackTraceNoAlloc (byte*,int,string)
UnityEngine.StackTraceUtility:ExtractStackTrace () (at /Users/bokken/build/output/unity/unity/Runtime/Export/Scripting/StackTrace.cs:35)
UnityEngine.DebugLogHandler:Internal_Log (UnityEngine.LogType,UnityEngine.LogOption,string,UnityEngine.Object)
UnityEngine.DebugLogHandler:LogFormat (UnityEngine.LogType,UnityEngine.Object,string,object[]) (at /Users/bokken/build/output/unity/unity/Runtime/Export/Logging/DebugLogHandler.cs:9)
UnityEngine.Logger:Log (UnityEngine.LogType,object) (at /Users/bokken/build/output/unity/unity/Runtime/Export/Logging/Logger.cs:60)
UnityEngine.Debug:Log (object) (at /Users/bokken/build/output/unity/unity/Runtime/Export/Debug/Debug.bindings.cs:123)
PerfScenario:StartRecorders () (at /Users/philipp/Projects/3DTD/3DTD/3DTD/Assets/Scripts/Diagnostics/PerfScenario.cs:747)
PerfScenario/<Start>d__43:MoveNext () (at /Users/philipp/Projects/3DTD/3DTD/3DTD/Assets/Scripts/Diagnostics/PerfScenario.cs:292)
UnityEngine.SetupCoroutine:InvokeMoveNext (System.Collections.IEnumerator,intptr) (at /Users/bokken/build/output/unity/unity/Runtime/Export/Scripting/Coroutines.cs:17)

(Filename: /Users/bokken/build/output/unity/unity/Runtime/Export/Debug/Debug.bindings.cs Line: 123)

PERF RUN S3 (dispensers, 5x, round 100)
UnityEngine.Debug:ExtractStackTraceNoAlloc (byte*,int,string)
UnityEngine.StackTraceUtility:ExtractStackTrace () (at /Users/bokken/build/output/unity/unity/Runtime/Export/Scripting/StackTrace.cs:35)
UnityEngine.DebugLogHandler:Internal_Log (UnityEngine.LogType,UnityEngine.LogOption,string,UnityEngine.Object)
UnityEngine.DebugLogHandler:LogFormat (UnityEngine.LogType,UnityEngine.Object,string,object[]) (at /Users/bokken/build/output/unity/unity/Runtime/Export/Logging/DebugLogHandler.cs:9)
UnityEngine.Logger:Log (UnityEngine.LogType,object) (at /Users/bokken/build/output/unity/unity/Runtime/Export/Logging/Logger.cs:60)
UnityEngine.Debug:Log (object) (at /Users/bokken/build/output/unity/unity/Runtime/Export/Debug/Debug.bindings.cs:123)
PerfScenario/<RunOne>d__44:MoveNext () (at /Users/philipp/Projects/3DTD/3DTD/3DTD/Assets/Scripts/Diagnostics/PerfScenario.cs:305)
UnityEngine.SetupCoroutine:InvokeMoveNext (System.Collections.IEnumerator,intptr) (at /Users/bokken/build/output/unity/unity/Runtime/Export/Scripting/Coroutines.cs:17)

(Filename: /Users/bokken/build/output/unity/unity/Runtime/Export/Debug/Debug.bindings.cs Line: 123)

Unloading 6 Unused Serialized files (Serialized files now loaded: 0)
UnloadTime: 9.265791 ms
Unloading 3156 unused Assets / (0.7 MB). Loaded Objects now: 12951.
Memory consumption went from 125.5 MB to 124.8 MB.
Total: 2.879708 ms (FindLiveObjects: 0.248583 ms CreateObjectMapping: 0.498167 ms MarkObjects: 1.408083 ms  DeleteObjects: 0.724708 ms)

PERF layout S3: 154 block spots, 150 towers planned, 150 built
UnityEngine.Debug:ExtractStackTraceNoAlloc (byte*,int,string)
UnityEngine.StackTraceUtility:ExtractStackTrace () (at /Users/bokken/build/output/unity/unity/Runtime/Export/Scripting/StackTrace.cs:35)
UnityEngine.DebugLogHandler:Internal_Log (UnityEngine.LogType,UnityEngine.LogOption,string,UnityEngine.Object)
UnityEngine.DebugLogHandler:LogFormat (UnityEngine.LogType,UnityEngine.Object,string,object[]) (at /Users/bokken/build/output/unity/unity/Runtime/Export/Logging/DebugLogHandler.cs:9)
UnityEngine.Logger:Log (UnityEngine.LogType,object) (at /Users/bokken/build/output/unity/unity/Runtime/Export/Logging/Logger.cs:60)
UnityEngine.Debug:Log (object) (at /Users/bokken/build/output/unity/unity/Runtime/Export/Debug/Debug.bindings.cs:123)
PerfScenario/<RunOne>d__44:MoveNext () (at /Users/philipp/Projects/3DTD/3DTD/3DTD/Assets/Scripts/Diagnostics/PerfScenario.cs:347)
UnityEngine.SetupCoroutine:InvokeMoveNext (System.Collections.IEnumerator,intptr) (at /Users/bokken/build/output/unity/unity/Runtime/Export/Scripting/Coroutines.cs:17)

(Filename: /Users/bokken/build/output/unity/unity/Runtime/Export/Debug/Debug.bindings.cs Line: 123)

EffectPlayer: LaserMuzzleBlue plays batched one-shot
UnityEngine.Debug:ExtractStackTraceNoAlloc (byte*,int,string)
UnityEngine.StackTraceUtility:ExtractStackTrace () (at /Users/bokken/build/output/unity/unity/Runtime/Export/Scripting/StackTrace.cs:35)
UnityEngine.DebugLogHandler:Internal_Log (UnityEngine.LogType,UnityEngine.LogOption,string,UnityEngine.Object)
UnityEngine.DebugLogHandler:LogFormat (UnityEngine.LogType,UnityEngine.Object,string,object[]) (at /Users/bokken/build/output/unity/unity/Runtime/Export/Logging/DebugLogHandler.cs:9)
UnityEngine.Logger:Log (UnityEngine.LogType,object) (at /Users/bokken/build/output/unity/unity/Runtime/Export/Logging/Logger.cs:60)
UnityEngine.Debug:Log (object) (at /Users/bokken/build/output/unity/unity/Runtime/Export/Debug/Debug.bindings.cs:123)
EffectPlayer:LogBackend (UnityEngine.GameObject,string) (at /Users/philipp/Projects/3DTD/3DTD/3DTD/Assets/Scripts/Effects/EffectPlayer.cs:98)
EffectPool:PlayOneShot (UnityEngine.Vector3,UnityEngine.Quaternion,single,single,single) (at /Users/philipp/Projects/3DTD/3DTD/3DTD/Assets/Scripts/Effects/EffectPool.cs:66)
EffectPlayer:Play (UnityEngine.GameObject,UnityEngine.Vector3,UnityEngine.Quaternion,single,single,single) (at /Users/philipp/Projects/3DTD/3DTD/3DTD/Assets/Scripts/Effects/EffectPlayer.cs:81)
ProjectileSystem:Spawn (ProjectileArchetype,ProjectileSystem/Shot&,int,single) (at /Users/philipp/Projects/3DTD/3DTD/3DTD/Assets/Scripts/Combat/ProjectileSystem.cs:227)
ProjectileSystem:Fire (UnityEngine.GameObject,ProjectileSystem/Shot&) (at /Users/philipp/Projects/3DTD/3DTD/3DTD/Assets/Scripts/Combat/ProjectileSystem.cs:172)
BulletDispenserTowerActionStrategy:FireBullets (single) (at /Users/philipp/Projects/3DTD/3DTD/3DTD/Assets/Scripts/Tower/ActionStrategies/BulletDispenserTowerActionStrategy.cs:137)
BulletDispenserTowerActionStrategy:FireVolley (single) (at /Users/philipp/Projects/3DTD/3DTD/3DTD/Assets/Scripts/Tower/ActionStrategies/BulletDispenserTowerActionStrategy.cs:59)
BulletDispenserTowerActionStrategy:ExecuteAction () (at /Users/philipp/Projects/3DTD/3DTD/3DTD/Assets/Scripts/Tower/ActionStrategies/BulletDispenserTowerActionStrategy.cs:49)
Tower:Update () (at /Users/philipp/Projects/3DTD/3DTD/3DTD/Assets/Scripts/Entities/Tower.cs:89)

(Filename: /Users/bokken/build/output/unity/unity/Runtime/Export/Debug/Debug.bindings.cs Line: 123)

EffectPlayer: LaserBlue plays batched flight
UnityEngine.Debug:ExtractStackTraceNoAlloc (byte*,int,string)
UnityEngine.StackTraceUtility:ExtractStackTrace () (at /Users/bokken/build/output/unity/unity/Runtime/Export/Scripting/StackTrace.cs:35)
UnityEngine.DebugLogHandler:Internal_Log (UnityEngine.LogType,UnityEngine.LogOption,string,UnityEngine.Object)
UnityEngine.DebugLogHandler:LogFormat (UnityEngine.LogType,UnityEngine.Object,string,object[]) (at /Users/bokken/build/output/unity/unity/Runtime/Export/Logging/DebugLogHandler.cs:9)
UnityEngine.Logger:Log (UnityEngine.LogType,object) (at /Users/bokken/build/output/unity/unity/Runtime/Export/Logging/Logger.cs:60)
UnityEngine.Debug:Log (object) (at /Users/bokken/build/output/unity/unity/Runtime/Export/Debug/Debug.bindings.cs:123)
EffectPlayer:LogBackend (UnityEngine.GameObject,string) (at /Users/philipp/Projects/3DTD/3DTD/3DTD/Assets/Scripts/Effects/EffectPlayer.cs:98)
EffectPool:Attach (UnityEngine.Vector3,UnityEngine.Quaternion,single,UnityEngine.Vector3) (at /Users/philipp/Projects/3DTD/3DTD/3DTD/Assets/Scripts/Effects/EffectPool.cs:92)
EffectPlayer:Attach (UnityEngine.GameObject,UnityEngine.Vector3,UnityEngine.Quaternion,single,UnityEngine.Vector3) (at /Users/philipp/Projects/3DTD/3DTD/3DTD/Assets/Scripts/Effects/EffectPlayer.cs:92)
ProjectileSystem:Spawn (ProjectileArchetype,ProjectileSystem/Shot&,int,single) (at /Users/philipp/Projects/3DTD/3DTD/3DTD/Assets/Scripts/Combat/ProjectileSystem.cs:228)
ProjectileSystem:Fire (UnityEngine.GameObject,ProjectileSystem/Shot&) (at /Users/philipp/Projects/3DTD/3DTD/3DTD/Assets/Scripts/Combat/ProjectileSystem.cs:172)
BulletDispenserTowerActionStrategy:FireBullets (single) (at /Users/philipp/Projects/3DTD/3DTD/3DTD/Assets/Scripts/Tower/ActionStrategies/BulletDispenserTowerActionStrategy.cs:137)
BulletDispenserTowerActionStrategy:FireVolley (single) (at /Users/philipp/Projects/3DTD/3DTD/3DTD/Assets/Scripts/Tower/ActionStrategies/BulletDispenserTowerActionStrategy.cs:59)
BulletDispenserTowerActionStrategy:ExecuteAction () (at /Users/philipp/Projects/3DTD/3DTD/3DTD/Assets/Scripts/Tower/ActionStrategies/BulletDispenserTowerActionStrategy.cs:49)
Tower:Update () (at /Users/philipp/Projects/3DTD/3DTD/3DTD/Assets/Scripts/Entities/Tower.cs:89)

(Filename: /Users/bokken/build/output/unity/unity/Runtime/Export/Debug/Debug.bindings.cs Line: 123)

EffectPlayer: LaserExplosionBlue plays batched one-shot
UnityEngine.Debug:ExtractStackTraceNoAlloc (byte*,int,string)
UnityEngine.StackTraceUtility:ExtractStackTrace () (at /Users/bokken/build/output/unity/unity/Runtime/Export/Scripting/StackTrace.cs:35)
UnityEngine.DebugLogHandler:Internal_Log (UnityEngine.LogType,UnityEngine.LogOption,string,UnityEngine.Object)
UnityEngine.DebugLogHandler:LogFormat (UnityEngine.LogType,UnityEngine.Object,string,object[]) (at /Users/bokken/build/output/unity/unity/Runtime/Export/Logging/DebugLogHandler.cs:9)
UnityEngine.Logger:Log (UnityEngine.LogType,object) (at /Users/bokken/build/output/unity/unity/Runtime/Export/Logging/Logger.cs:60)
UnityEngine.Debug:Log (object) (at /Users/bokken/build/output/unity/unity/Runtime/Export/Debug/Debug.bindings.cs:123)
EffectPlayer:LogBackend (UnityEngine.GameObject,string) (at /Users/philipp/Projects/3DTD/3DTD/3DTD/Assets/Scripts/Effects/EffectPlayer.cs:98)
EffectPool:PlayOneShot (UnityEngine.Vector3,UnityEngine.Quaternion,single,single,single) (at /Users/philipp/Projects/3DTD/3DTD/3DTD/Assets/Scripts/Effects/EffectPool.cs:66)
EffectPlayer:Play (UnityEngine.GameObject,UnityEngine.Vector3,UnityEngine.Quaternion,single,single,single) (at /Users/philipp/Projects/3DTD/3DTD/3DTD/Assets/Scripts/Effects/EffectPlayer.cs:81)
ProjectileSystem:Apply (int) (at /Users/philipp/Projects/3DTD/3DTD/3DTD/Assets/Scripts/Combat/ProjectileSystem.cs:323)
ProjectileSystem:Update () (at /Users/philipp/Projects/3DTD/3DTD/3DTD/Assets/Scripts/Combat/ProjectileSystem.cs:283)

(Filename: /Users/bokken/build/output/unity/unity/Runtime/Export/Debug/Debug.bindings.cs Line: 123)

PERF SPIKE 49.0 ms at frame 2, 6 enemies, GC 102116 B: PlayerLoop=49.0 Update.ScriptRunBehaviourUpdate=40.7 3DTD.Projectiles.Step=27.6 3DTD.Projectiles.Apply=2.0 3DTD.Effects.Create=5.8 3DTD.Projectiles.Fire=9.5 3DTD.Effects.Play=5.4 3DTD.Effects.Attach=3.0 BehaviourUpdate=40.7 Instantiate=1.5
UnityEngine.Debug:ExtractStackTraceNoAlloc (byte*,int,string)
UnityEngine.StackTraceUtility:ExtractStackTrace () (at /Users/bokken/build/output/unity/unity/Runtime/Export/Scripting/StackTrace.cs:35)
UnityEngine.DebugLogHandler:Internal_Log (UnityEngine.LogType,UnityEngine.LogOption,string,UnityEngine.Object)
UnityEngine.DebugLogHandler:LogFormat (UnityEngine.LogType,UnityEngine.Object,string,object[]) (at /Users/bokken/build/output/unity/unity/Runtime/Export/Logging/DebugLogHandler.cs:9)
UnityEngine.Logger:Log (UnityEngine.LogType,object) (at /Users/bokken/build/output/unity/unity/Runtime/Export/Logging/Logger.cs:60)
UnityEngine.Debug:Log (object) (at /Users/bokken/build/output/unity/unity/Runtime/Export/Debug/Debug.bindings.cs:123)
PerfScenario:Update () (at /Users/philipp/Projects/3DTD/3DTD/3DTD/Assets/Scripts/Diagnostics/PerfScenario.cs:815)

(Filename: /Users/bokken/build/output/unity/unity/Runtime/Export/Debug/Debug.bindings.cs Line: 123)

PERF SPIKE 54.3 ms at frame 40, 169 enemies, GC 19458 B: PlayerLoop=54.3 Update.ScriptRunBehaviourUpdate=2.0 BehaviourUpdate=2.0
UnityEngine.Debug:ExtractStackTraceNoAlloc (byte*,int,string)
UnityEngine.StackTraceUtility:ExtractStackTrace () (at /Users/bokken/build/output/unity/unity/Runtime/Export/Scripting/StackTrace.cs:35)
UnityEngine.DebugLogHandler:Internal_Log (UnityEngine.LogType,UnityEngine.LogOption,string,UnityEngine.Object)
UnityEngine.DebugLogHandler:LogFormat (UnityEngine.LogType,UnityEngine.Object,string,object[]) (at /Users/bokken/build/output/unity/unity/Runtime/Export/Logging/DebugLogHandler.cs:9)
UnityEngine.Logger:Log (UnityEngine.LogType,object) (at /Users/bokken/build/output/unity/unity/Runtime/Export/Logging/Logger.cs:60)
UnityEngine.Debug:Log (object) (at /Users/bokken/build/output/unity/unity/Runtime/Export/Debug/Debug.bindings.cs:123)
PerfScenario:Update () (at /Users/philipp/Projects/3DTD/3DTD/3DTD/Assets/Scripts/Diagnostics/PerfScenario.cs:815)

(Filename: /Users/bokken/build/output/unity/unity/Runtime/Export/Debug/Debug.bindings.cs Line: 123)

