run,frame,time,realMs,mainMs,gameDt,gcBytes,enemies
P-1x,0,0.000,15.58,16.02,0.0156,257732,11
P-1x,1,0.006,11.63,11.77,0.0116,200918,12
P-1x,2,0.012,5.37,5.38,0.0054,192488,13
P-1x,3,0.017,5.73,5.70,0.0057,194358,14
P-1x,4,0.022,5.09,5.11,0.0051,188656,14
P-1x,5,0.027,5.08,5.09,0.0051,192104,15
P-1x,6,0.032,4.74,4.71,0.0047,186864,15
P-1x,7,0.037,4.75,4.79,0.0047,192866,16
P-1x,8,0.041,4.73,4.70,0.0047,186864,16
P-1x,9,0.046,4.60,4.61,0.0046,192680,17
P-1x,10,0.051,4.49,4.50,0.0045,186864,17
P-1x,11,0.055,4.92,4.89,0.0049,193410,18
P-1x,12,0.060,4.48,4.50,0.0045,187408,18
P-1x,13,0.065,4.81,4.80,0.0048,192104,19
P-1x,14,0.069,4.27,4.29,0.0043,186864,19
P-1x,15,0.074,4.54,4.51,0.0045,192104,20
P-1x,16,0.078,4.41,4.39,0.0044,190410,20
P-1x,17,0.083,4.62,4.59,0.0046,186864,20
P-1x,18,0.087,4.54,4.60,0.0045,192184,21
P-1x,19,0.093,5.15,5.11,0.0051,186864,21
P-1x,20,0.098,5.88,5.90,0.0059,192328,22
P-1x,21,0.103,4.71,4.69,0.0047,186864,22
P-1x,22,0.108,5.21,5.20,0.0052,192104,23
P-1x,23,0.119,5.50,5.50,0.0055,186864,23
P-1x,24,0.124,10.28,10.30,0.0103,197706,24
P-1x,25,0.129,5.58,5.50,0.0056,195048,25
P-1x,26,0.135,4.94,4.99,0.0049,192104,26
P-1x,27,0.140,5.39,5.40,0.0054,187666,26
P-1x,28,0.145,5.30,5.29,0.0053,192104,27
P-1x,29,0.150,4.88,4.89,0.0049,186864,27
P-1x,30,0.156,5.21,5.21,0.0052,192104,28
P-1x,31,0.160,5.09,5.09,0.0051,187626,28
P-1x,32,0.165,5.19,5.20,0.0052,192104,29
P-1x,33,0.170,4.80,4.80,0.0048,186864,29
P-1x,34,0.176,5.13,5.12,0.0051,193160,30
P-1x,35,0.181,5.34,5.29,0.0053,187626,30
P-1x,36,0.186,5.16,5.18,0.0052,192156,31
P-1x,37,0.191,4.74,4.79,0.0047,186864,31
P-1x,38,0.196,5.73,5.70,0.0057,192826,32
P-1x,39,0.201,4.58,4.60,0.0046,186864,32
P-1x,40,0.206,4.91,4.90,0.0049,193192,33
P-1x,41,0.211,4.82,4.81,0.0048,186864,33
P-1x,42,0.216,5.18,5.19,0.0052,194002,34
P-1x,43,0.221,5.30,5.29,0.0053,186864,34
P-1x,44,0.226,4.80,4.80,0.0048,192104,35
P-1x,45,0.231,4.70,4.71,0.0047,186864,35
P-1x,46,0.236,5.66,5.61,0.0057,193240,36
P-1x,47,0.244,7.67,7.69,0.0077,250660,36
P-1x,48,0.253,8.81,8.81,0.0088,193040,37
P-1x,49,0.259,6.10,6.10,0.0061,192224,38
P-1x,50,0.264,5.07,5.09,0.0051,192144,39
P-1x,51,0.269,4.92,4.89,0.0049,186904,39
P-1x,52,0.275,5.30,5.30,0.0053,192144,40
P-1x,53,0.280,5.61,5.60,0.0056,192136,40
P-1x,54,0.285,5.17,5.19,0.0052,192144,41
P-1x,55,0.290,4.82,4.79,0.0048,186904,41
P-1x,56,0.295,4.97,5.00,0.0050,192144,42
P-1x,57,0.301,5.81,5.80,0.0058,186984,42
P-1x,58,0.306,4.99,5.01,0.0050,192144,43
P-1x,59,0.315,5.48,5.49,0.0055,187088,43
P-1x,60,0.322,10.73,10.71,0.0107,197258,44
P-1x,61,0.327,5.47,5.49,0.0055,192144,45
P-1x,62,0.333,5.01,5.00,0.0050,186904,45
P-1x,63,0.338,5.94,5.91,0.0059,192906,46
P-1x,64,0.343,5.08,5.09,0.0051,186904,46
P-1x,65,0.349,5.27,5.30,0.0053,192144,47
P-1x,66,0.354,5.11,5.10,0.0051,186904,47
P-1x,67,0.360,6.42,6.40,0.0064,192906,48
P-1x,68,0.366,5.82,5.80,0.0058,192144,49
P-1x,69,0.372,5.26,5.28,0.0053,186904,49
P-1x,70,0.377,6.21,6.20,0.0062,192906,50
P-1x,71,0.383,5.10,5.10,0.0051,186904,50
P-1x,72,0.388,5.19,5.19,0.0052,192196,51
P-1x,73,0.393,5.01,5.01,0.0050,186904,51
P-1x,74,0.399,5.81,5.80,0.0058,192906,52
P-1x,75,0.404,5.08,5.10,0.0051,186904,52
P-1x,76,0.409,5.61,5.61,0.0056,192144,53
P-1x,77,0.415,4.97,4.98,0.0050,192224,54
P-1x,78,0.420,5.61,5.60,0.0056,189104,54
P-1x,79,0.425,5.22,5.20,0.0052,192144,55
P-1x,80,0.430,4.89,4.90,0.0049,186904,55
P-1x,81,0.435,4.81,4.82,0.0048,192144,56
P-1x,82,0.440,5.59,5.58,0.0056,186984,56
P-1x,83,0.445,4.88,4.90,0.0049,192144,57
P-1x,84,0.451,5.57,5.51,0.0056,186904,57
P-1x,85,0.456,5.67,5.69,0.0057,192184,58
P-1x,86,0.462,5.09,5.10,0.0051,186904,58
P-1x,87,0.467,5.20,5.21,0.0052,192144,59
P-1x,88,0.472,4.56,4.59,0.0046,186904,59
P-1x,89,0.478,6.39,6.31,0.0064,192224,60
P-1x,90,0.483,5.23,5.28,0.0052,186904,60
P-1x,91,0.488,5.00,5.00,0.0050,192144,61
P-1x,92,0.494,5.72,5.70,0.0057,186904,61
P-1x,93,0.499,5.81,5.81,0.0058,192224,62
P-1x,94,0.505,5.59,5.57,0.0056,192144,63
P-1x,95,0.510,4.90,4.91,0.0049,186904,63
P-1x,96,0.516,5.06,5.09,0.0051,192144,64
P-1x,97,0.520,5.43,5.40,0.0054,187024,64
P-1x,98,0.526,5.61,5.60,0.0056,194440,65
P-1x,99,0.536,5.08,5.10,0.0051,186904,65
P-1x,100,0.541,10.24,10.21,0.0102,106582,66
P-1x,101,0.546,4.59,4.60,0.0046,5744,67
P-1x,102,0.550,4.30,4.30,0.0043,504,67
P-1x,103,0.555,4.10,4.10,0.0041,5744,68
P-1x,104,0.559,4.91,4.89,0.0049,3386,68
P-1x,105,0.563,4.17,4.19,0.0042,5744,69
P-1x,106,0.568,4.09,4.10,0.0041,504,69
P-1x,107,0.572,3.90,3.91,0.0039,504,69
P-1x,108,0.576,4.99,4.98,0.0050,6466,70
P-1x,109,0.580,3.91,3.91,0.0039,504,70
P-1x,110,0.585,4.20,4.20,0.0042,5744,71
P-1x,111,0.589,3.99,4.00,0.0040,556,71
P-1x,112,0.593,3.81,3.79,0.0038,504,71
P-1x,113,0.597,5.08,5.10,0.0051,6506,72
P-1x,114,0.601,3.93,3.90,0.0039,504,72
P-1x,115,0.606,4.54,4.50,0.0045,5744,73
P-1x,116,0.610,4.37,4.39,0.0044,504,73
P-1x,117,0.615,4.30,4.29,0.0043,5744,74
P-1x,118,0.620,5.49,5.50,0.0055,1306,74
P-1x,119,0.625,4.49,4.49,0.0045,5744,75
P-1x,120,0.628,3.88,3.90,0.0039,504,75
P-1x,121,0.633,4.06,4.02,0.0041,584,75
P-1x,122,0.637,4.66,4.69,0.0047,5784,76
P-1x,123,0.641,4.30,4.29,0.0043,504,76
P-1x,124,0.647,5.13,5.12,0.0051,5744,77
P-1x,125,0.652,4.94,4.90,0.0049,512,77
P-1x,126,0.658,6.04,6.08,0.0060,8032,78
P-1x,127,0.662,3.99,3.99,0.0040,504,78
P-1x,128,0.666,4.31,4.30,0.0043,5744,79
P-1x,129,0.670,3.89,3.91,0.0039,504,79
P-1x,130,0.675,4.21,4.19,0.0042,5744,80
P-1x,131,0.679,4.71,4.70,0.0047,624,80
P-1x,132,0.683,4.23,4.20,0.0042,504,80
P-1x,133,0.688,4.60,4.59,0.0046,5744,81
P-1x,134,0.693,4.37,4.39,0.0044,504,81
P-1x,135,0.698,5.73,5.69,0.0057,5784,82
P-1x,136,0.702,4.49,4.52,0.0045,504,82
P-1x,137,0.707,4.68,4.68,0.0047,5744,83
P-1x,138,0.712,4.23,4.21,0.0042,504,83
P-1x,139,0.717,5.59,5.59,0.0056,5824,84
P-1x,140,0.721,4.68,4.70,0.0047,504,84
P-1x,141,0.726,4.55,4.51,0.0045,5744,85
P-1x,142,0.730,4.43,4.42,0.0044,504,85
P-1x,143,0.740,5.16,5.19,0.0052,5928,86
P-1x,144,0.744,8.77,8.79,0.0088,5476,86
P-1x,145,0.749,4.68,4.70,0.0047,5744,87
P-1x,146,0.754,4.43,4.41,0.0044,504,87
P-1x,147,0.759,5.51,5.51,0.0055,6466,88
P-1x,148,0.763,4.38,4.39,0.0044,504,88
P-1x,149,0.768,4.31,4.29,0.0043,5744,89
P-1x,150,0.773,4.37,4.40,0.0044,504,89
P-1x,151,0.777,5.47,5.41,0.0055,6506,90
P-1x,152,0.782,4.45,4.50,0.0044,504,90
P-1x,153,0.786,4.66,4.60,0.0047,5744,91
P-1x,154,0.792,4.56,4.59,0.0046,556,91
P-1x,155,0.796,5.39,5.40,0.0054,17666,92
P-1x,156,0.801,4.39,4.39,0.0044,504,92
P-1x,157,0.805,4.30,4.30,0.0043,5744,93
P-1x,158,0.810,4.43,4.41,0.0044,504,93
P-1x,159,0.815,4.59,4.60,0.0046,5744,94
P-1x,160,0.819,5.28,5.29,0.0053,1306,94
P-1x,161,0.824,5.04,5.02,0.0050,5744,95
P-1x,162,0.829,4.47,4.49,0.0045,504,95
P-1x,163,0.834,4.18,4.21,0.0042,504,95
P-1x,164,0.839,5.63,5.59,0.0056,6546,96
P-1x,165,0.843,4.10,4.10,0.0041,504,96
P-1x,166,0.847,4.59,4.59,0.0046,5744,97
P-1x,167,0.852,4.10,4.10,0.0041,504,97
P-1x,168,0.857,5.50,5.49,0.0055,5824,98
P-1x,169,0.861,4.44,4.41,0.0044,504,98
P-1x,170,0.866,4.65,4.69,0.0046,5744,99
P-1x,171,0.870,4.31,4.29,0.0043,504,99
P-1x,172,0.876,4.38,4.41,0.0044,5744,100
P-1x,173,0.880,5.22,5.20,0.0052,624,100
P-1x,174,0.884,4.29,4.29,0.0043,5744,101
P-1x,175,0.888,3.91,3.90,0.0039,504,101
P-1x,176,0.893,4.54,4.51,0.0045,504,101
P-1x,177,0.898,5.16,5.18,0.0052,5784,102
P-1x,178,0.902,4.32,4.30,0.0043,504,102
P-1x,179,0.907,4.46,4.49,0.0045,5744,103
P-1x,180,0.912,4.14,4.11,0.0041,504,103
P-1x,181,0.916,5.37,5.38,0.0054,5824,104
P-1x,182,0.920,4.08,4.11,0.0041,504,104
P-1x,183,0.925,4.66,4.60,0.0047,5744,105
P-1x,184,0.929,4.10,4.11,0.0041,504,105
P-1x,185,0.935,4.98,4.98,0.0050,5744,106
P-1x,186,0.939,4.90,4.90,0.0049,624,106
P-1x,187,0.943,4.48,4.49,0.0045,5744,107
P-1x,188,0.948,4.84,4.81,0.0048,688,107
P-1x,189,0.957,4.37,4.40,0.0044,504,107
P-1x,190,0.963,9.88,9.80,0.0099,12518,108
P-1x,191,0.968,5.13,5.18,0.0051,5744,109
P-1x,192,0.973,4.57,4.59,0.0046,504,109
P-1x,193,0.978,6.23,6.19,0.0062,6506,110
P-1x,194,0.983,4.50,4.51,0.0045,504,110
P-1x,195,0.988,5.10,5.09,0.0051,5744,111
P-1x,196,0.994,4.70,4.71,0.0047,556,111
P-1x,197,0.999,5.79,5.79,0.0058,6506,112
P-1x,198,1.003,4.50,4.51,0.0045,504,112
P-1x,199,1.008,4.79,4.78,0.0048,5744,113
P-1x,200,1.013,4.50,4.50,0.0045,504,113
P-1x,201,1.018,5.61,5.60,0.0056,6506,114
P-1x,202,1.023,4.68,4.70,0.0047,504,114
P-1x,203,1.027,4.59,4.59,0.0046,5744,115
P-1x,204,1.033,4.53,4.50,0.0045,504,115
P-1x,205,1.038,5.78,5.72,0.0058,6506,116
P-1x,206,1.042,4.81,4.88,0.0048,504,116
P-1x,207,1.047,4.60,4.60,0.0046,5744,117
P-1x,208,1.052,4.60,4.60,0.0046,504,117
P-1x,209,1.057,5.81,5.79,0.0058,6594,118
P-1x,210,1.062,4.36,4.40,0.0044,504,118
P-1x,211,1.067,4.91,4.90,0.0049,5744,119
P-1x,212,1.072,4.71,4.62,0.0047,504,119
P-1x,213,1.077,5.82,5.89,0.0058,5824,120
P-1x,214,1.082,4.83,4.79,0.0048,504,120
P-1x,215,1.087,4.80,4.80,0.0048,5744,121
P-1x,216,1.093,5.53,5.49,0.0055,504,121
P-1x,217,1.098,6.12,6.20,0.0061,5824,122
P-1x,218,1.103,4.61,4.60,0.0046,504,122
P-1x,219,1.108,4.67,4.68,0.0047,5744,123
P-1x,220,1.113,4.31,4.31,0.0043,504,123
P-1x,221,1.118,6.23,6.19,0.0062,5824,124
P-1x,222,1.123,4.39,4.42,0.0044,504,124
P-1x,223,1.128,4.88,4.88,0.0049,5744,125
P-1x,224,1.133,4.39,4.39,0.0044,504,125
P-1x,225,1.138,6.05,6.01,0.0061,5824,126
P-1x,226,1.142,4.09,4.10,0.0041,504,126
P-1x,227,1.147,5.06,5.08,0.0051,5744,127
P-1x,228,1.153,4.70,4.70,0.0047,504,127
P-1x,229,1.158,5.71,5.70,0.0057,5824,128
P-1x,230,1.163,5.52,5.52,0.0055,688,128
P-1x,231,1.168,4.58,4.59,0.0046,9904,129
P-1x,232,1.177,4.38,4.40,0.0044,504,129
P-1x,233,1.183,10.74,10.70,0.0107,17330,130
P-1x,234,1.188,5.53,5.49,0.0055,5744,131
P-1x,235,1.194,5.18,5.20,0.0052,556,131
P-1x,236,1.200,6.62,6.61,0.0066,12714,132
P-1x,237,1.206,5.80,5.79,0.0058,5744,133
P-1x,238,1.212,5.06,5.09,0.0051,504,133
P-1x,239,1.218,6.59,6.60,0.0066,6506,134
P-1x,240,1.223,4.97,4.99,0.0050,504,134
P-1x,241,1.228,5.13,5.11,0.0051,5744,135
P-1x,242,1.233,4.48,4.49,0.0045,504,135
P-1x,243,1.239,6.45,6.40,0.0065,6506,136
P-1x,244,1.243,4.86,4.89,0.0049,504,136
P-1x,245,1.249,5.31,5.30,0.0053,5744,137
P-1x,246,1.255,4.96,4.92,0.0050,504,137
P-1x,247,1.260,6.33,6.38,0.0063,6506,138
P-1x,248,1.265,5.18,5.19,0.0052,5744,139
P-1x,249,1.270,4.50,4.50,0.0045,504,139
P-1x,250,1.276,5.50,5.49,0.0055,5832,140
P-1x,251,1.281,5.92,5.91,0.0059,624,140
P-1x,252,1.286,5.20,5.20,0.0052,5744,141
P-1x,253,1.293,5.21,5.19,0.0052,504,141
P-1x,254,1.298,5.88,5.90,0.0059,5784,142
P-1x,255,1.302,4.68,4.69,0.0047,504,142
P-1x,256,1.307,5.11,5.10,0.0051,5744,143
P-1x,257,1.314,5.02,5.00,0.0050,504,143
P-1x,258,1.319,6.75,6.76,0.0067,5824,144
P-1x,259,1.325,5.65,5.63,0.0056,5744,145
P-1x,260,1.329,4.80,4.80,0.0048,504,145
P-1x,261,1.336,5.49,5.49,0.0055,5744,146
P-1x,262,1.341,6.33,6.30,0.0063,624,146
P-1x,263,1.347,5.91,5.90,0.0059,5744,147
P-1x,264,1.353,4.66,4.69,0.0047,504,147
P-1x,265,1.358,6.11,6.10,0.0061,5784,148
P-1x,266,1.363,5.44,5.41,0.0054,504,148
P-1x,267,1.369,5.21,5.19,0.0052,5744,149
P-1x,268,1.379,5.44,5.49,0.0054,688,149
P-1x,269,1.384,10.03,10.00,0.0100,11592,150
P-1x,270,1.389,5.29,5.30,0.0053,5744,151
P-1x,271,1.396,5.51,5.49,0.0055,5796,152
P-1x,272,1.401,6.60,6.61,0.0066,1306,152
P-1x,273,1.407,5.20,5.19,0.0052,5744,153
P-1x,274,1.413,5.30,5.30,0.0053,504,153
P-1x,275,1.419,6.81,6.80,0.0068,6466,154
P-1x,276,1.424,5.18,5.19,0.0052,504,154
P-1x,277,1.429,5.41,5.40,0.0054,5744,155
P-1x,278,1.436,5.37,5.38,0.0054,5744,156
P-1x,279,1.441,6.21,6.21,0.0062,1306,156
P-1x,280,1.447,6.01,6.01,0.0060,5744,157
P-1x,281,1.453,5.53,5.50,0.0055,504,157
P-1x,282,1.460,6.98,6.99,0.0070,6466,158
P-1x,283,1.466,5.97,5.99,0.0060,5744,159
P-1x,284,1.471,5.15,5.12,0.0051,504,159
P-1x,285,1.477,5.77,5.79,0.0058,5832,160
P-1x,286,1.483,6.30,6.29,0.0063,624,160
P-1x,287,1.489,5.80,5.80,0.0058,5744,161
P-1x,288,1.495,6.01,6.00,0.0060,63920,161
P-1x,289,1.501,6.61,6.59,0.0066,5824,162
P-1x,290,1.507,5.58,5.59,0.0056,5784,163
P-1x,291,1.513,5.30,5.31,0.0053,544,163
P-1x,292,1.518,6.23,6.20,0.0062,5864,164
P-1x,293,1.524,5.64,5.68,0.0056,544,164
P-1x,294,1.530,5.77,5.72,0.0058,5784,165
P-1x,295,1.536,4.98,4.98,0.0050,5784,166
P-1x,296,1.541,6.31,6.32,0.0063,664,166
P-1x,297,1.546,5.50,5.50,0.0055,5784,167
P-1x,298,1.552,4.99,4.98,0.0050,544,167
P-1x,299,1.558,6.71,6.70,0.0067,5824,168
P-1x,300,1.564,5.50,5.50,0.0055,544,168
P-1x,301,1.569,5.64,5.69,0.0056,5784,169
P-1x,302,1.576,5.52,5.50,0.0055,5784,170
P-1x,303,1.581,6.13,6.10,0.0061,664,170
P-1x,304,1.587,6.17,6.19,0.0062,5968,171
P-1x,305,1.598,5.42,5.40,0.0054,544,171
P-1x,306,1.603,10.69,10.70,0.0107,12610,172
P-1x,307,1.609,6.21,6.20,0.0062,5784,173
P-1x,308,1.617,5.79,5.79,0.0058,5784,174
P-1x,309,1.622,6.60,6.61,0.0066,1346,174
P-1x,310,1.627,5.68,5.69,0.0057,5784,175
P-1x,311,1.634,5.50,5.50,0.0055,544,175
P-1x,312,1.641,7.63,7.60,0.0076,6554,176
P-1x,313,1.647,6.01,6.00,0.0060,5784,177
P-1x,314,1.653,5.47,5.49,0.0055,544,177
P-1x,315,1.659,7.30,7.30,0.0073,6590,178
P-1x,316,1.665,5.92,5.91,0.0059,12960,179
P-1x,317,1.671,5.26,5.29,0.0053,544,179
P-1x,318,1.678,6.01,5.99,0.0060,5784,180
P-1x,319,1.684,7.05,7.01,0.0070,1346,180
P-1x,320,1.690,6.50,6.49,0.0065,5784,181
P-1x,321,1.697,5.90,5.90,0.0059,5872,182
P-1x,322,1.703,6.60,6.60,0.0066,624,182
P-1x,323,1.709,6.68,6.70,0.0067,5784,183
P-1x,324,1.717,6.45,6.41,0.0065,5784,184
P-1x,325,1.723,7.24,7.28,0.0072,624,184
P-1x,326,1.729,5.59,5.59,0.0056,5784,185
P-1x,327,1.735,5.43,5.41,0.0054,544,185
P-1x,328,1.741,6.91,6.89,0.0069,5824,186
P-1x,329,1.747,5.98,5.99,0.0060,5784,187
P-1x,330,1.753,5.37,5.39,0.0054,544,187
P-1x,331,1.760,7.33,7.30,0.0073,5864,188
P-1x,332,1.765,5.79,5.81,0.0058,5784,189
P-1x,333,1.772,5.52,5.49,0.0055,544,189
P-1x,334,1.778,6.97,6.99,0.0070,5864,190
P-1x,335,1.783,5.39,5.40,0.0054,544,190
P-1x,336,1.789,5.91,5.90,0.0059,5784,191
P-1x,337,1.796,5.60,5.59,0.0056,5784,192
P-1x,338,1.802,7.60,7.60,0.0076,900,192
P-1x,339,1.809,6.02,6.01,0.0060,5784,193
P-1x,340,1.819,5.75,5.71,0.0058,544,193
P-1x,341,1.825,11.07,11.08,0.0111,12236,194
P-1x,342,1.833,6.09,6.10,0.0061,5784,195
P-1x,343,1.839,7.46,7.48,0.0075,6546,196
P-1x,344,1.845,5.89,5.91,0.0059,544,196
P-1x,345,1.853,6.51,6.49,0.0065,5784,197
P-1x,346,1.859,7.74,7.72,0.0077,6546,198
P-1x,347,1.865,5.90,5.88,0.0059,544,198
P-1x,348,1.872,6.47,6.50,0.0065,5784,199
P-1x,349,1.879,7.22,7.19,0.0072,30810,200
P-1x,350,1.884,5.76,5.79,0.0058,544,200
P-1x,351,1.891,6.09,6.10,0.0061,5784,201
P-1x,352,1.898,6.52,6.51,0.0065,5744,202
P-1x,353,1.905,7.41,7.40,0.0074,1346,202
P-1x,354,1.911,6.29,6.30,0.0063,5784,203
P-1x,355,1.919,6.46,6.42,0.0065,5872,204
P-1x,356,1.925,7.46,7.49,0.0075,624,204
P-1x,357,1.935,8.81,8.78,0.0088,6520,205
P-1x,358,1.941,7.46,7.50,0.0075,8712,206
P-1x,359,1.947,6.20,6.19,0.0062,5784,207
P-1x,360,1.954,5.40,5.40,0.0054,544,207
P-1x,361,1.960,7.63,7.61,0.0076,8592,208
P-1x,362,1.966,5.84,5.88,0.0058,5784,209
P-1x,363,1.973,5.90,5.89,0.0059,544,209
P-1x,364,1.980,7.96,7.62,0.0080,8592,210
P-1x,365,1.987,6.62,6.89,0.0066,5784,211
P-1x,366,1.994,6.27,6.29,0.0063,544,211
P-1x,367,2.001,7.91,7.90,0.0079,8592,212
P-1x,368,2.007,6.15,6.19,0.0062,5836,213
P-1x,369,2.017,6.91,6.90,0.0069,728,213
P-1x,370,2.024,10.21,10.20,0.0102,12806,214
P-1x,371,2.030,6.50,6.50,0.0065,5784,215
P-1x,372,2.039,6.35,6.30,0.0064,5784,216
P-1x,373,2.045,8.16,8.19,0.0082,4074,216
P-1x,374,2.054,7.16,7.11,0.0072,5784,217
P-1x,375,2.060,7.94,8.00,0.0079,9234,218
P-1x,376,2.067,6.47,6.48,0.0065,5784,219
P-1x,377,2.074,6.30,6.31,0.0063,544,219
P-1x,378,2.082,9.01,8.99,0.0090,9642,220
P-1x,379,2.089,6.92,6.90,0.0069,5784,221
P-1x,380,2.096,5.88,5.89,0.0059,544,221
P-1x,381,2.103,7.93,7.91,0.0079,10718,222
P-1x,382,2.109,6.47,6.49,0.0065,5784,223
P-1x,383,2.120,6.29,6.29,0.0063,640,223
P-1x,384,2.127,11.51,11.50,0.0115,12756,224
P-1x,385,2.140,6.72,6.70,0.0067,5784,225
P-1x,386,2.147,13.12,13.09,0.0131,14234,226
P-1x,387,2.157,6.87,6.90,0.0069,2656,226
P-1x,388,2.164,10.61,10.59,0.0106,6202,226
P-1x,389,2.171,6.67,6.70,0.0067,544,226
P-1x,390,2.196,7.31,7.30,0.0073,968,226
P-1x,391,2.207,26.96,26.92,0.0270,19442,226
P-1x,392,2.217,10.70,10.69,0.0107,17168,226
P-1x,393,2.226,9.99,9.99,0.0100,4716,226
P-1x,394,2.237,9.28,9.29,0.0093,728,226
P-1x,395,2.246,10.60,10.59,0.0106,4716,226
P-1x,396,2.257,9.11,9.11,0.0091,544,226
P-1x,397,2.266,11.50,11.49,0.0115,5034,226
P-1x,398,2.276,8.65,8.68,0.0086,544,226
P-1x,399,2.285,10.00,10.01,0.0100,3512,226
P-1x,400,2.295,8.51,8.51,0.0085,544,226
P-1x,401,2.304,10.05,10.00,0.0100,1226,226
P-1x,402,2.314,8.85,8.89,0.0089,544,226
P-1x,403,2.322,10.01,9.99,0.0100,1226,226
P-1x,404,2.330,8.04,8.01,0.0080,544,226
P-1x,405,2.340,8.07,8.08,0.0081,544,226
P-1x,406,2.348,9.52,9.51,0.0095,1226,226
P-1x,407,2.358,8.33,8.30,0.0083,640,226
P-1x,408,2.366,9.56,9.59,0.0096,544,226
P-1x,409,2.376,7.92,7.90,0.0079,544,226
P-1x,410,2.382,8.56,8.59,0.0086,544,226
P-1x,411,2.389,7.03,7.00,0.0070,544,226
P-1x,412,2.398,6.72,6.71,0.0067,544,226
P-1x,413,2.405,9.05,9.00,0.0090,544,226
P-1x,414,2.413,6.85,6.88,0.0068,596,226
P-1x,415,2.420,7.84,7.88,0.0078,544,226
P-1x,416,2.427,7.62,7.61,0.0076,544,226
P-1x,417,2.436,7.13,7.10,0.0071,544,226
P-1x,418,2.444,9.57,9.59,0.0096,728,226
P-1x,419,2.453,6.99,6.99,0.0070,544,226
P-1x,420,2.460,8.61,8.60,0.0086,1226,226
P-1x,421,2.467,6.78,6.81,0.0068,544,226
P-1x,422,2.475,6.97,6.97,0.0070,544,226
P-1x,423,2.482,8.64,8.61,0.0086,1226,226
P-1x,424,2.489,6.90,6.91,0.0069,544,226
P-1x,425,2.497,6.31,6.30,0.0063,544,226
P-1x,426,2.504,8.70,8.69,0.0087,1226,226
P-1x,427,2.513,6.92,6.90,0.0069,544,226
P-1x,428,2.520,8.87,8.89,0.0089,1226,226
P-1x,429,2.527,7.24,7.22,0.0072,544,226
P-1x,430,2.536,7.01,6.99,0.0070,544,226
P-1x,431,2.543,8.60,8.60,0.0086,1226,226
P-1x,432,2.549,6.48,6.48,0.0065,544,226
P-1x,433,2.558,6.52,6.51,0.0065,544,226
P-1x,434,2.564,8.47,8.48,0.0085,1226,226
P-1x,435,2.573,6.77,6.80,0.0068,544,226
P-1x,436,2.580,8.92,8.82,0.0089,1226,226
P-1x,437,2.587,6.62,6.68,0.0066,544,226
P-1x,438,2.595,7.18,7.20,0.0072,544,226
P-1x,439,2.603,8.83,8.80,0.0088,1226,226
P-1x,440,2.610,7.00,7.00,0.0070,544,226
P-1x,441,2.619,7.08,7.09,0.0071,596,226
P-1x,442,2.626,8.87,8.88,0.0089,1434,226
P-1x,443,2.634,6.41,6.41,0.0064,544,226
P-1x,444,2.642,9.52,9.49,0.0095,2320,226
P-1x,445,2.649,7.09,7.11,0.0071,544,226
P-1x,446,2.659,8.28,8.28,0.0083,728,226
P-1x,447,2.666,9.09,9.10,0.0091,1908,226
P-1x,448,2.674,7.03,7.01,0.0070,544,226
P-1x,449,2.681,8.49,8.50,0.0085,1908,226
P-1x,450,2.688,6.63,6.59,0.0066,544,226
P-1x,451,2.697,6.74,6.70,0.0067,544,226
P-1x,452,2.703,8.54,8.58,0.0085,1908,226
P-1x,453,2.713,7.69,7.70,0.0077,544,226
P-1x,454,2.720,9.11,9.09,0.0091,1908,226
P-1x,455,2.727,6.99,7.00,0.0070,544,226
P-1x,456,2.735,6.80,6.79,0.0068,640,226
P-1x,457,2.743,8.89,8.90,0.0089,1226,226
P-1x,458,2.750,6.71,6.70,0.0067,544,226
P-1x,459,2.759,7.28,7.29,0.0073,544,226
P-1x,460,2.766,8.94,8.91,0.0089,1226,226
P-1x,461,2.775,7.33,7.32,0.0073,544,226
P-1x,462,2.782,8.95,8.99,0.0090,1226,226
P-1x,463,2.789,6.90,6.89,0.0069,544,226
P-1x,464,2.797,6.46,6.48,0.0065,544,226
P-1x,465,2.804,8.65,8.62,0.0086,1226,226
P-1x,466,2.813,7.28,7.28,0.0073,544,226
P-1x,467,2.820,8.23,8.20,0.0082,1278,226
P-1x,468,2.827,7.08,7.09,0.0071,544,226
P-1x,469,2.835,6.37,6.39,0.0064,544,226
P-1x,470,2.841,8.22,8.20,0.0082,1226,226
P-1x,471,2.848,7.02,7.01,0.0070,544,226
P-1x,472,2.857,6.69,6.69,0.0067,544,226
P-1x,473,2.864,8.78,8.79,0.0088,1226,226
P-1x,474,2.874,7.77,7.71,0.0078,728,226
P-1x,475,2.881,9.33,9.30,0.0093,1908,226
P-1x,476,2.889,7.89,7.89,0.0079,544,226
P-1x,477,2.898,7.18,7.19,0.0072,544,226
P-1x,478,2.904,8.44,8.48,0.0084,1908,226
P-1x,479,2.913,6.94,6.90,0.0069,544,226
P-1x,480,2.922,10.34,10.39,0.0103,2644,226
P-1x,481,2.929,7.33,7.30,0.0073,544,226
P-1x,482,2.939,7.52,7.51,0.0075,544,226
P-1x,483,2.946,9.19,9.20,0.0092,4796,226
P-1x,484,2.956,7.31,7.30,0.0073,544,226
P-1x,485,2.963,9.77,9.79,0.0098,5516,226
P-1x,486,2.970,7.08,7.10,0.0071,544,226
P-1x,487,2.979,7.01,7.00,0.0070,544,226
P-1x,488,2.986,9.05,9.01,0.0090,4636,226
P-1x,489,2.995,7.07,7.09,0.0071,544,226
P-1x,490,3.002,8.84,8.81,0.0088,4636,226
P-1x,491,3.009,7.25,7.20,0.0072,544,226
P-1x,492,3.018,6.71,6.78,0.0067,544,226
P-1x,493,3.025,8.89,8.90,0.0089,4688,226
P-1x,494,3.033,6.80,6.79,0.0068,544,226
P-1x,495,3.040,8.78,8.80,0.0088,4636,226
P-1x,496,3.047,6.82,6.81,0.0068,544,226
P-1x,497,3.055,6.50,6.49,0.0065,640,226
P-1x,498,3.062,8.43,8.41,0.0084,3954,226
P-1x,499,3.070,7.97,7.99,0.0080,912,226
P-1x,500,3.080,8.00,8.00,0.0080,728,226
P-1x,501,3.086,8.51,8.50,0.0085,6080,226
P-1x,502,3.103,6.90,6.90,0.0069,544,226
P-1x,503,3.111,17.24,17.19,0.0172,12652,226
P-1x,504,3.125,7.86,7.90,0.0079,544,226
P-1x,505,3.135,15.07,15.01,0.0151,9670,226
P-1x,506,3.144,9.86,9.89,0.0099,6000,226
P-1x,507,3.160,8.18,8.20,0.0082,544,226
P-1x,508,3.169,17.05,17.01,0.0171,11388,226
P-1x,509,3.201,8.83,8.88,0.0088,544,226
P-1x,510,3.216,35.48,35.41,0.0355,23874,226
P-1x,511,3.229,16.34,16.39,0.0163,17904,226
P-1x,512,3.244,11.72,11.71,0.0117,596,226
P-1x,513,3.260,16.33,16.29,0.0163,4058,226
P-1x,514,3.274,15.06,15.08,0.0151,5192,226
P-1x,515,3.285,12.72,12.71,0.0127,3432,226
P-1x,516,3.300,12.92,12.89,0.0129,728,226
P-1x,517,3.311,12.70,12.70,0.0127,2590,226
P-1x,518,3.323,11.04,11.08,0.0110,544,226
P-1x,519,3.336,12.69,12.62,0.0127,2590,226
P-1x,520,3.347,12.73,12.78,0.0127,2590,226
P-1x,521,3.361,12.51,12.51,0.0125,1376,226
P-1x,522,3.374,12.58,12.51,0.0126,4796,226
P-1x,523,3.383,10.49,10.57,0.0105,4636,226
P-1x,524,3.394,8.85,8.80,0.0088,544,226
P-1x,525,3.402,10.59,10.61,0.0106,4636,226
P-1x,526,3.411,8.79,8.80,0.0088,544,226
P-1x,527,3.422,8.70,8.70,0.0087,544,226
P-1x,528,3.430,10.34,10.30,0.0103,4636,226
P-1x,529,3.440,8.38,8.40,0.0084,596,226
P-1x,530,3.448,9.62,9.59,0.0096,4636,226
P-1x,531,3.459,8.50,8.51,0.0085,544,226
P-1x,532,3.468,11.05,11.07,0.0110,4636,226
P-1x,533,3.477,7.90,7.89,0.0079,544,226
P-1x,534,3.485,9.72,9.70,0.0097,4636,226
P-1x,535,3.495,8.39,8.39,0.0084,544,226
P-1x,536,3.506,12.53,12.50,0.0125,5188,226
P-1x,537,3.517,8.27,8.30,0.0083,544,226
P-1x,538,3.525,10.19,10.18,0.0102,6762,226
P-1x,539,3.536,7.91,7.90,0.0079,544,226
P-1x,540,3.545,12.60,12.60,0.0126,8326,226
P-1x,541,3.555,8.49,8.49,0.0085,544,226
P-1x,542,3.564,10.13,10.11,0.0101,6682,226
P-1x,543,3.574,8.25,8.27,0.0082,544,226
P-1x,544,3.582,10.34,10.32,0.0103,6682,226
P-1x,545,3.593,9.01,8.99,0.0090,544,226
P-1x,546,3.602,10.48,10.50,0.0105,6682,226
P-1x,547,3.611,8.80,8.81,0.0088,544,226
P-1x,548,3.663,8.86,8.85,0.0089,544,226
P-1x,549,3.681,56.24,56.22,0.0562,38204,226
P-1x,550,3.700,22.24,22.23,0.0222,19474,226
P-1x,551,3.716,15.01,15.00,0.0150,9384,226
P-1x,552,3.730,17.55,17.58,0.0175,8196,226
P-1x,553,3.746,13.59,13.60,0.0136,544,226
P-1x,554,3.762,16.00,16.00,0.0160,6150,226
P-1x,555,3.777,15.47,15.40,0.0155,6418,226
P-1x,556,3.790,14.28,14.30,0.0143,5318,226
P-1x,557,3.806,13.95,13.98,0.0139,544,226
P-1x,558,3.822,15.68,15.69,0.0157,5318,226
P-1x,559,3.836,12.73,12.71,0.0127,5526,226
P-1x,560,3.846,14.00,13.99,0.0140,7552,226
P-1x,561,3.858,9.85,9.82,0.0099,544,226
P-1x,562,3.869,13.39,13.44,0.0134,6918,226
P-1x,563,3.881,9.75,9.74,0.0097,544,226
P-1x,564,3.891,11.51,11.50,0.0115,5370,226
P-1x,565,3.902,9.52,9.50,0.0095,544,226
P-1x,566,3.913,11.56,11.59,0.0116,7874,226
P-1x,567,3.923,10.94,10.91,0.0109,5318,226
P-1x,568,3.935,10.37,10.39,0.0104,824,226
P-1x,569,3.950,16.61,16.60,0.0166,9978,226
P-1x,570,3.962,10.20,10.19,0.0102,544,226
P-1x,571,3.974,12.36,12.38,0.0124,15062,226
P-1x,572,3.984,11.61,11.31,0.0116,13742,226
P-1x,573,3.996,10.23,10.51,0.0102,544,226
P-1x,574,4.006,12.19,12.19,0.0122,15426,226
P-1x,575,4.019,10.34,10.30,0.0103,544,226
P-1x,576,4.029,12.11,12.11,0.0121,16878,226
P-1x,577,4.040,9.84,9.87,0.0098,544,226
P-1x,578,4.050,11.71,11.70,0.0117,13742,226
P-1x,579,4.063,10.09,10.10,0.0101,544,226
P-1x,580,4.074,11.90,11.90,0.0119,14798,226
P-1x,581,4.084,11.52,11.50,0.0115,13742,226
P-1x,582,4.096,9.83,9.80,0.0098,596,226
P-1x,583,4.106,12.68,12.69,0.0127,16402,226
P-1x,584,4.120,9.67,9.70,0.0097,544,226
P-1x,585,4.130,13.86,13.80,0.0139,16086,226
P-1x,586,4.142,9.56,9.60,0.0096,544,226
P-1x,587,4.155,13.13,13.09,0.0131,19506,226
P-1x,588,4.165,12.07,12.11,0.0121,14424,226
P-1x,589,4.177,9.97,9.99,0.0100,544,226
P-1x,590,4.187,12.32,12.30,0.0123,14424,226
P-1x,591,4.199,10.28,10.29,0.0103,544,226
P-1x,592,4.209,11.54,11.51,0.0115,16152,226
P-1x,593,4.221,10.73,10.77,0.0107,640,226
P-1x,594,4.231,11.52,11.51,0.0115,14458,226
P-1x,595,4.249,15.34,15.31,0.0153,3232,226
P-1x,596,4.263,14.85,14.88,0.0148,22018,226
P-1x,597,4.276,12.38,12.40,0.0124,23690,226
P-1x,598,4.286,12.13,12.10,0.0121,23530,226
P-1x,599,4.298,10.29,10.30,0.0103,596,226
P-1x,600,4.308,12.33,12.30,0.0123,23530,226
P-1x,601,4.321,10.40,10.39,0.0104,544,226
P-1x,602,4.331,12.16,12.20,0.0122,23530,226
P-1x,603,4.343,10.61,10.60,0.0106,544,226
P-1x,604,4.356,12.34,12.30,0.0123,29110,226
P-1x,605,4.368,13.74,13.71,0.0137,23714,226
P-1x,606,4.379,9.90,9.98,0.0099,544,226
P-1x,607,4.389,11.73,11.70,0.0117,30420,226
P-1x,608,4.402,10.08,10.10,0.0101,704,226
P-1x,609,4.416,14.84,14.81,0.0148,24096,226
P-1x,610,4.426,12.28,12.30,0.0123,24292,226
P-1x,611,4.439,9.58,9.60,0.0096,544,226
P-1x,612,4.450,14.01,14.00,0.0140,25230,226
P-1x,613,4.463,10.71,10.70,0.0107,544,226
P-1x,614,4.475,12.86,12.88,0.0129,24636,226
P-1x,615,4.485,11.94,11.91,0.0119,24212,226
P-1x,616,4.497,10.11,10.10,0.0101,544,226
P-1x,617,4.508,12.08,12.09,0.0121,24360,226
P-1x,618,4.535,10.59,10.61,0.0106,544,226
P-1x,619,4.560,33.08,33.01,0.0331,37592,226
P-1x,620,4.576,23.15,23.18,0.0231,67598,226
P-1x,621,4.594,17.18,17.20,0.0172,32880,226
P-1x,622,4.606,14.84,14.80,0.0148,33298,226
P-1x,623,4.622,13.29,13.30,0.0133,544,226
P-1x,624,4.636,14.68,14.69,0.0147,33618,226
P-1x,625,4.649,14.80,14.80,0.0148,34698,226
P-1x,626,4.675,12.52,12.50,0.0125,544,226
P-1x,627,4.691,27.32,27.30,0.0273,38576,226
P-1x,628,4.714,15.87,15.89,0.0159,30570,226
P-1x,629,4.729,22.53,22.51,0.0225,42996,226
P-1x,630,4.743,13.24,13.28,0.0132,30570,226
P-1x,631,4.756,13.84,13.81,0.0138,30610,226
P-1x,632,4.769,13.98,14.00,0.0140,30730,226
P-1x,633,4.782,11.90,11.89,0.0119,544,226
P-1x,634,4.795,13.22,13.21,0.0132,29206,226
P-1x,635,4.808,14.12,14.09,0.0141,29542,226
P-1x,636,4.822,12.54,12.59,0.0125,544,226
P-1x,637,4.841,18.94,18.90,0.0189,39082,226
P-1x,638,4.855,14.18,14.20,0.0142,35282,226
P-1x,639,4.867,13.28,13.29,0.0133,34882,226
P-1x,640,4.880,11.08,11.09,0.0111,544,226
P-1x,641,4.891,12.84,12.81,0.0128,34882,226
P-1x,642,4.904,11.39,11.39,0.0114,544,226
P-1x,643,4.917,12.91,12.89,0.0129,34882,226
P-1x,644,4.928,12.88,12.90,0.0129,34934,226
P-1x,645,4.941,11.94,11.90,0.0119,544,226
P-1x,646,4.954,12.38,12.40,0.0124,35842,226
P-1x,647,4.964,12.08,12.10,0.0121,26458,226
P-1x,648,4.978,10.48,10.49,0.0105,544,226
P-1x,649,4.989,13.95,13.91,0.0139,27338,226
P-1x,650,5.001,10.87,10.90,0.0109,544,226
P-1x,651,5.018,12.72,12.69,0.0127,26458,226
P-1x,652,5.029,16.77,16.78,0.0168,28972,226
P-1x,653,5.042,11.80,11.81,0.0118,544,226
P-1x,654,5.055,12.41,12.40,0.0124,29562,226
P-1x,655,5.067,13.62,13.60,0.0136,26458,226
P-1x,656,5.079,10.83,10.88,0.0108,632,226
P-1x,657,5.090,12.46,12.42,0.0125,37908,226
P-1x,658,5.103,10.99,10.99,0.0110,544,226
P-1x,659,5.115,12.60,12.60,0.0126,25856,226
P-1x,660,5.134,18.81,18.80,0.0188,27282,226
P-1x,661,5.146,13.59,13.60,0.0136,33550,226
P-1x,662,5.159,11.29,11.30,0.0113,544,226
P-1x,663,5.170,13.01,13.00,0.0130,33498,226
P-1x,664,5.184,11.42,11.40,0.0114,544,226
P-1x,665,5.199,13.60,13.59,0.0136,33498,226
P-1x,666,5.211,15.38,15.40,0.0154,35488,226
P-1x,667,5.224,11.77,11.79,0.0118,1020,226
P-1x,668,5.238,12.72,12.71,0.0127,33498,226
P-1x,669,5.249,13.70,13.69,0.0137,34482,226
P-1x,670,5.263,11.30,11.31,0.0113,544,226
P-1x,671,5.277,13.91,13.90,0.0139,25880,226
P-1x,672,5.288,14.28,14.29,0.0143,26912,226
P-1x,673,5.305,11.93,11.90,0.0119,632,226
P-1x,674,5.317,15.31,15.31,0.0153,27910,226
P-1x,675,5.329,13.12,13.10,0.0131,25074,226
P-1x,676,5.342,11.29,11.29,0.0113,544,226
P-1x,677,5.354,12.49,12.50,0.0125,37258,226
P-1x,678,5.365,12.70,12.71,0.0127,25074,226
P-1x,679,5.377,10.68,10.69,0.0107,632,226
P-1x,680,5.388,12.10,12.11,0.0121,24392,226
P-1x,681,5.401,11.39,11.39,0.0114,544,226
P-1x,682,5.414,13.23,13.20,0.0132,24480,226
P-1x,683,5.431,18.18,18.20,0.0182,25898,226
P-1x,684,5.444,11.55,11.51,0.0116,544,226
P-1x,685,5.457,13.47,13.48,0.0135,32114,226
P-1x,686,5.469,12.90,12.90,0.0129,32114,226
P-1x,687,5.481,11.27,11.29,0.0113,544,226
P-1x,688,5.495,12.82,12.80,0.0128,32114,226
P-1x,689,5.506,13.10,13.11,0.0131,32976,226
P-1x,690,5.520,11.48,11.41,0.0115,544,226
P-1x,691,5.533,14.51,14.59,0.0145,32218,226
P-1x,692,5.545,13.41,13.39,0.0134,32994,226
P-1x,693,5.558,11.20,11.20,0.0112,596,226
P-1x,694,5.569,12.39,12.41,0.0124,24392,226
P-1x,695,5.583,10.26,10.27,0.0103,544,226
P-1x,696,5.596,15.03,15.02,0.0150,27078,226
P-1x,697,5.607,12.62,12.59,0.0126,24480,226
P-1x,698,5.628,11.29,11.30,0.0113,544,226
P-1x,699,5.641,21.22,21.21,0.0212,33592,226
P-1x,700,5.654,13.45,13.40,0.0134,23690,226
P-1x,701,5.667,13.84,13.89,0.0138,23690,226
P-1x,702,5.679,11.50,11.50,0.0115,544,226
P-1x,703,5.786,23.97,24.00,0.0240,103908,226
P-1x,704,5.798,13.01,13.00,0.0130,32756,226
P-1x,705,5.810,12.58,12.59,0.0126,32756,226
P-1x,706,5.821,9.98,10.00,0.0100,544,226
P-1x,707,5.832,11.41,11.40,0.0114,32756,226
P-1x,708,5.844,12.92,12.90,0.0129,33124,226
P-1x,709,5.861,10.89,10.90,0.0109,544,226
P-1x,710,5.873,16.91,16.90,0.0169,38728,226
P-1x,711,5.883,11.39,11.40,0.0114,35016,226
P-1x,712,5.915,10.07,10.08,0.0101,544,226
P-1x,713,5.930,35.45,35.42,0.0354,41226,226
P-1x,714,5.946,16.26,16.20,0.0163,37756,226
P-1x,715,5.968,14.51,14.50,0.0145,27524,226
P-1x,716,5.984,22.74,22.78,0.0227,35510,226
P-1x,717,6.000,16.49,16.30,0.0165,26814,226
P-1x,718,6.015,15.36,15.58,0.0154,28986,226
P-1x,719,6.052,22.54,22.51,0.0225,27238,226
P-1x,720,6.069,30.97,30.90,0.0310,42250,226
P-1x,721,6.088,18.63,18.70,0.0186,33638,226
P-1x,722,6.108,16.12,16.09,0.0161,33694,226
P-1x,723,6.125,21.12,21.10,0.0211,37306,226
P-1x,724,6.142,17.36,17.38,0.0174,33458,226
P-1x,725,6.156,14.26,14.20,0.0143,25110,226
P-1x,726,6.168,13.30,13.38,0.0133,25030,226
P-1x,727,6.199,11.62,11.62,0.0116,544,226
P-1x,728,6.216,33.75,33.70,0.0337,35828,226
P-1x,729,6.228,14.60,14.59,0.0146,49664,226
P-1x,730,6.249,12.11,12.09,0.0121,544,226
P-1x,731,6.263,21.68,21.69,0.0217,34078,226
P-1x,732,6.280,16.49,16.50,0.0165,24696,226
P-1x,733,6.298,14.20,14.19,0.0142,25852,226
P-1x,734,6.322,18.83,18.81,0.0188,29202,226
P-1x,735,6.344,31.41,31.40,0.0314,31740,226
P-1x,736,6.362,17.15,17.19,0.0172,32848,226
P-1x,737,6.378,17.08,17.09,0.0171,32050,226
P-1x,738,6.398,16.44,16.41,0.0164,32050,226
P-1x,739,6.415,19.70,19.70,0.0197,35542,226
P-1x,740,6.429,15.29,15.29,0.0153,32050,226
P-1x,741,6.443,12.98,13.00,0.0130,596,226
P-1x,742,6.458,14.84,14.79,0.0148,32050,226
P-1x,743,6.471,14.04,14.09,0.0140,32842,226
P-1x,744,6.485,13.34,13.31,0.0133,544,226
P-1x,745,6.502,14.33,14.30,0.0143,25828,226
P-1x,746,6.515,15.58,15.59,0.0156,26738,226
P-1x,747,6.527,13.68,13.71,0.0137,25030,226
P-1x,748,6.540,11.78,11.80,0.0118,544,226
P-1x,749,6.553,13.04,12.99,0.0130,25030,226
P-1x,750,6.565,13.11,13.10,0.0131,25030,226
P-1x,751,6.583,11.75,11.80,0.0117,544,226
P-1x,752,6.598,19.41,19.40,0.0194,55970,226
P-1x,753,6.613,14.91,14.90,0.0149,25158,226
P-1x,754,6.637,20.65,20.61,0.0206,26536,226
P-1x,755,6.650,18.04,18.08,0.0180,34654,226
P-1x,756,6.671,13.52,13.50,0.0135,544,226
P-1x,757,6.686,20.67,20.68,0.0207,36058,226
P-1x,758,6.707,15.47,15.42,0.0155,32784,226
P-1x,759,6.723,22.27,22.29,0.0223,37508,226
P-1x,760,6.739,15.50,15.50,0.0155,32134,226
P-1x,761,6.755,16.10,16.10,0.0161,31796,226
P-1x,762,6.769,15.89,15.89,0.0159,31452,226
P-1x,763,6.784,13.29,13.29,0.0133,1344,226
P-1x,764,6.801,15.12,15.10,0.0151,24372,226
P-1x,765,6.817,16.61,16.60,0.0166,26484,226
P-1x,766,6.831,16.16,16.18,0.0162,24922,226
P-1x,767,6.845,13.47,13.43,0.0135,544,226
P-1x,768,6.861,15.47,15.48,0.0155,23722,226
P-1x,769,6.874,13.66,13.69,0.0137,23670,226
P-1x,770,6.887,13.72,13.70,0.0137,23670,226
P-1x,771,6.901,12.07,12.10,0.0121,640,226
P-1x,772,6.921,20.74,20.71,0.0207,25272,226
P-1x,773,6.936,15.10,15.10,0.0151,30690,226
P-1x,774,6.949,14.49,14.49,0.0145,30690,226
P-1x,775,6.964,12.81,12.80,0.0128,544,226
P-1x,776,6.979,15.28,15.28,0.0153,30690,226
P-1x,777,6.998,14.12,14.12,0.0141,30850,226
P-1x,778,7.013,20.30,20.29,0.0203,36364,226
P-1x,779,7.027,15.18,15.20,0.0152,29326,226
P-1x,780,7.041,12.81,12.79,0.0128,1448,226
P-1x,781,7.055,13.50,13.50,0.0135,22266,226
P-1x,782,7.067,13.39,13.39,0.0134,22318,226
P-1x,783,7.081,12.18,12.19,0.0122,544,226
P-1x,784,7.100,14.86,14.82,0.0149,23562,226
P-1x,785,7.113,17.87,17.89,0.0179,26636,226
P-1x,786,7.126,14.08,14.09,0.0141,21564,226
P-1x,787,7.139,11.89,11.91,0.0119,544,226
P-1x,788,7.153,14.43,14.40,0.0144,21564,226
P-1x,789,7.166,13.77,13.79,0.0138,21564,226
P-1x,790,7.179,11.68,11.69,0.0117,544,226
P-1x,791,7.194,15.26,15.23,0.0153,21564,226
P-1x,792,7.207,13.72,13.70,0.0137,21660,226
P-1x,793,7.226,17.99,18.00,0.0180,2752,226
P-1x,794,7.239,12.96,12.98,0.0130,29286,226
P-1x,795,7.252,13.51,13.50,0.0135,29286,226
P-1x,796,7.265,13.86,13.80,0.0139,29286,226
P-1x,797,7.278,11.72,11.80,0.0117,596,226
P-1x,798,7.290,13.02,12.99,0.0130,29286,226
P-1x,799,7.307,11.61,11.60,0.0116,544,226
P-1x,800,7.321,18.39,18.39,0.0184,36718,226
P-1x,801,7.334,12.66,12.70,0.0127,31366,226
P-1x,802,7.345,13.02,13.00,0.0130,30238,226
P-1x,803,7.358,11.05,11.00,0.0110,544,226
P-1x,804,7.370,13.17,13.21,0.0132,22266,226
P-1x,805,7.383,12.09,12.08,0.0121,728,226
P-1x,806,7.398,12.70,12.71,0.0127,23004,226
P-1x,807,7.410,15.91,15.90,0.0159,26732,226
P-1x,808,7.423,11.20,11.19,0.0112,544,226
P-1x,809,7.436,13.10,13.09,0.0131,22262,226
P-1x,810,7.447,12.91,12.91,0.0129,22262,226
P-1x,811,7.459,10.78,10.80,0.0108,544,226
P-1x,812,7.473,14.01,14.00,0.0140,22262,226
P-1x,813,7.485,12.93,12.90,0.0129,22354,226
P-1x,814,7.497,10.86,10.89,0.0109,648,226
P-1x,815,7.516,18.90,18.89,0.0189,23768,226
P-1x,816,7.529,13.90,13.90,0.0139,30024,226
P-1x,817,7.541,11.30,11.30,0.0113,544,226
P-1x,818,7.556,13.75,13.71,0.0138,30024,226
P-1x,819,7.570,15.70,15.72,0.0157,31212,226
P-1x,820,7.584,12.21,12.25,0.0122,544,226
P-1x,821,7.597,14.37,14.31,0.0144,36476,226
P-1x,822,7.610,13.57,13.60,0.0136,30024,226
P-1x,823,7.623,11.59,11.59,0.0116,544,226
P-1x,824,7.636,13.41,13.40,0.0134,30904,226
P-1x,825,7.647,12.71,12.70,0.0127,23706,226
P-1x,826,7.660,10.69,10.70,0.0107,576,226
P-1x,827,7.671,12.67,12.68,0.0127,23008,226
P-1x,828,7.687,12.45,12.42,0.0125,656,226
P-1x,829,7.702,16.71,16.70,0.0167,25902,226
P-1x,830,7.715,13.28,13.29,0.0133,22306,226
P-1x,831,7.726,13.08,13.10,0.0131,22306,226
P-1x,832,7.738,10.70,10.69,0.0107,544,226
P-1x,833,7.750,12.59,12.59,0.0126,22306,226
P-1x,834,7.762,11.22,11.21,0.0112,544,226
P-1x,835,7.775,12.68,12.69,0.0127,22306,226
P-1x,836,7.786,12.82,12.80,0.0128,22402,226
P-1x,837,7.799,11.21,11.20,0.0112,544,226
P-1x,838,7.818,18.99,18.99,0.0190,23812,226
P-1x,839,7.831,14.38,14.39,0.0144,30028,226
P-1x,840,7.844,12.00,12.00,0.0120,544,226
P-1x,841,7.857,13.00,13.00,0.0130,30028,226
P-1x,842,7.870,13.66,13.64,0.0137,30028,226
P-1x,843,7.883,11.53,11.56,0.0115,544,226
P-1x,844,7.897,14.35,14.32,0.0144,30900,226
P-1x,845,7.908,12.98,12.99,0.0130,30080,226
P-1x,846,7.922,12.20,12.20,0.0122,544,226
P-1x,847,7.936,14.10,14.10,0.0141,30996,226
P-1x,848,7.947,12.19,12.19,0.0122,23008,226
P-1x,849,7.959,10.54,10.51,0.0105,544,226
P-1x,850,7.971,13.17,13.19,0.0132,27136,226
P-1x,851,7.986,11.49,11.49,0.0115,656,226
P-1x,852,7.998,15.11,15.11,0.0151,25876,226
P-1x,853,8.010,12.61,12.40,0.0126,22306,226
P-1x,854,8.022,11.09,11.30,0.0111,544,226
P-1x,855,8.035,12.92,12.90,0.0129,22306,226
P-1x,856,8.046,12.61,12.60,0.0126,22306,226
P-1x,857,8.058,10.53,10.58,0.0105,544,226
P-1x,858,8.070,12.74,12.71,0.0127,22306,226
P-1x,859,8.082,10.80,10.79,0.0108,544,226
P-1x,860,8.094,12.09,12.10,0.0121,22410,226
P-1x,861,8.115,20.43,20.40,0.0204,23812,226
P-1x,862,8.128,15.37,15.39,0.0154,30080,226
P-1x,863,8.143,12.48,12.41,0.0125,544,226
P-1x,864,8.156,13.66,13.70,0.0137,30028,226
P-1x,865,8.169,14.43,14.41,0.0144,30028,226
P-1x,866,8.184,12.58,12.56,0.0126,544,226
P-1x,867,8.199,16.00,16.01,0.0160,30028,226
P-1x,868,8.211,13.05,13.09,0.0130,30028,226
P-1x,869,8.223,11.50,11.50,0.0115,544,226
P-1x,870,8.236,12.31,12.30,0.0123,31004,226
P-1x,871,8.247,11.95,11.91,0.0120,23008,226
P-1x,872,8.259,11.29,11.29,0.0113,544,226
P-1x,873,8.270,12.16,12.19,0.0122,23008,226
P-1x,874,8.282,10.55,10.52,0.0105,544,226
P-1x,875,8.296,12.38,12.38,0.0124,23008,226
P-1x,876,8.308,15.43,15.40,0.0154,27584,226
P-1x,877,8.320,10.54,10.59,0.0105,544,226
P-1x,878,8.331,12.03,12.01,0.0120,23060,226
P-1x,879,8.343,10.48,10.49,0.0105,544,226
P-1x,880,8.355,12.12,12.11,0.0121,23008,226
P-1x,881,8.365,11.40,11.31,0.0114,23008,226
P-1x,882,8.377,10.59,10.68,0.0106,544,226
P-1x,883,8.388,12.30,12.30,0.0123,23008,226
P-1x,884,8.406,17.32,17.30,0.0173,2872,226
P-1x,885,8.420,13.69,13.69,0.0137,30730,226
P-1x,886,8.433,12.68,12.70,0.0127,30730,226
P-1x,887,8.443,11.88,11.88,0.0119,30730,226
P-1x,888,8.455,10.40,10.41,0.0104,544,226
P-1x,889,8.467,13.23,13.21,0.0132,30730,226
P-1x,890,8.479,10.68,10.70,0.0107,544,226
P-1x,891,8.489,11.51,11.50,0.0115,30730,226
P-1x,892,8.501,10.20,10.20,0.0102,544,226
P-1x,893,8.513,12.51,12.50,0.0125,30730,226
P-1x,894,8.524,12.12,12.10,0.0121,31738,226
P-1x,895,8.536,11.01,11.00,0.0110,596,226
P-1x,896,8.546,11.23,11.21,0.0112,23710,226
P-1x,897,8.557,10.24,10.27,0.0102,544,226
P-1x,898,8.567,10.32,10.31,0.0103,23710,226
P-1x,899,8.578,9.66,9.68,0.0097,544,226
P-1x,900,8.588,12.14,12.10,0.0121,24682,226
P-1x,901,8.599,9.68,9.70,0.0097,544,226
P-1x,902,8.609,10.42,10.40,0.0104,23710,226
P-1x,903,8.619,9.60,9.60,0.0096,544,226
P-1x,904,8.635,15.59,15.60,0.0156,23710,226
P-1x,905,8.645,11.75,11.70,0.0117,23710,226
P-1x,906,8.656,9.04,9.09,0.0090,544,226
P-1x,907,8.665,10.30,10.29,0.0103,35842,226
P-1x,908,8.677,10.99,10.99,0.0110,1280,226
P-1x,909,8.686,10.32,10.31,0.0103,26718,226
P-1x,910,8.703,14.97,14.98,0.0150,2752,226
P-1x,911,8.715,12.20,12.20,0.0122,34160,226
P-1x,912,8.725,11.63,11.61,0.0116,34160,226
P-1x,913,8.736,9.44,9.40,0.0094,596,226
P-1x,914,8.745,10.97,10.99,0.0110,34160,226
P-1x,915,8.755,8.71,8.70,0.0087,544,226
P-1x,916,8.765,10.46,10.49,0.0105,34160,226
P-1x,917,8.775,9.40,9.39,0.0094,544,226
P-1x,918,8.784,10.35,10.31,0.0103,34160,226
P-1x,919,8.795,8.99,9.00,0.0090,544,226
P-1x,920,8.803,10.21,10.20,0.0102,34160,226
P-1x,921,8.813,8.56,8.57,0.0086,1584,226
P-1x,922,8.823,11.43,11.40,0.0114,27508,226
P-1x,923,8.834,8.48,8.50,0.0085,544,226
P-1x,924,8.842,10.10,10.10,0.0101,28584,226
P-1x,925,8.851,8.58,8.59,0.0086,544,226
P-1x,926,8.861,9.12,9.10,0.0091,728,226
P-1x,927,8.870,10.30,10.29,0.0103,29242,226
P-1x,928,8.881,8.59,8.61,0.0086,544,226
P-1x,929,8.890,11.15,11.11,0.0111,30174,226
P-1x,930,8.900,8.56,8.58,0.0086,544,226
P-1x,931,8.909,10.30,10.30,0.0103,29202,226
P-1x,932,8.922,8.71,8.70,0.0087,544,226
P-1x,933,8.931,13.21,13.20,0.0132,31234,226
P-1x,934,8.942,8.96,8.91,0.0090,596,226
P-1x,935,8.954,11.71,11.78,0.0117,29778,226
P-1x,936,8.963,11.82,11.81,0.0118,29410,226
P-1x,937,8.975,9.18,9.20,0.0092,544,226
P-1x,938,8.984,11.64,11.60,0.0116,37314,226
P-1x,939,9.007,15.61,15.60,0.0156,2752,226
P-1x,940,9.026,20.13,20.16,0.0201,41140,226
P-1x,941,9.038,17.26,17.23,0.0173,39946,226
P-1x,942,9.049,12.31,12.31,0.0123,36842,226
P-1x,943,9.061,10.96,10.97,0.0110,544,226
P-1x,944,9.073,12.09,12.10,0.0121,35560,226
P-1x,945,9.084,12.19,12.12,0.0122,35640,226
P-1x,946,9.097,10.89,10.90,0.0109,624,226
P-1x,947,9.107,12.25,12.28,0.0122,34196,226
P-1x,948,9.119,10.48,10.50,0.0105,1768,226
P-1x,949,9.129,11.26,11.21,0.0113,25792,226
P-1x,950,9.141,10.25,10.29,0.0103,544,226
P-1x,951,9.150,10.71,10.70,0.0107,25844,226
P-1x,952,9.161,9.49,9.49,0.0095,544,226
P-1x,953,9.170,10.39,10.40,0.0104,25792,226
P-1x,954,9.180,8.81,8.80,0.0088,544,226
P-1x,955,9.189,10.49,10.50,0.0105,25792,226
P-1x,956,9.199,8.69,8.70,0.0087,544,226
P-1x,957,9.208,9.93,9.90,0.0099,25792,226
P-1x,958,9.218,8.25,8.29,0.0082,544,226
P-1x,959,9.226,9.87,9.80,0.0099,25792,226
P-1x,960,9.241,8.66,8.70,0.0087,544,226
P-1x,961,9.253,16.31,16.30,0.0163,64278,226
P-1x,962,9.262,10.91,10.89,0.0109,25792,226
P-1x,963,9.271,8.83,8.88,0.0088,544,226
P-1x,964,9.281,8.75,8.72,0.0087,544,226
P-1x,965,9.290,10.19,10.19,0.0102,25792,226
P-1x,966,9.306,14.90,14.90,0.0149,2752,226
P-1x,967,9.318,11.82,11.80,0.0118,34216,226
P-1x,968,9.328,11.15,11.20,0.0112,34216,226
P-1x,969,9.339,9.75,9.71,0.0097,576,226
P-1x,970,9.349,11.58,11.59,0.0116,33518,226
P-1x,971,9.361,10.49,10.41,0.0105,596,226
P-1x,972,9.370,11.02,11.09,0.0110,33518,226
P-1x,973,9.382,10.12,10.10,0.0101,544,226
P-1x,974,9.393,10.98,10.99,0.0110,33598,226
P-1x,975,9.403,11.20,11.21,0.0112,33996,226
P-1x,976,9.413,9.24,9.20,0.0092,544,226
P-1x,977,9.422,10.06,10.07,0.0101,25074,226
P-1x,978,9.432,9.01,9.01,0.0090,544,226
P-1x,979,9.441,10.42,10.41,0.0104,25074,226
P-1x,980,9.450,8.77,8.80,0.0088,544,226
P-1x,981,9.461,9.12,9.09,0.0091,544,226
P-1x,982,9.470,10.49,10.50,0.0105,25074,226
P-1x,983,9.480,8.83,8.80,0.0088,648,226
P-1x,984,9.489,10.07,10.09,0.0101,25074,226
P-1x,985,9.499,8.79,8.80,0.0088,544,226
P-1x,986,9.508,10.22,10.20,0.0102,25074,226
P-1x,987,9.519,8.79,8.79,0.0088,544,226
P-1x,988,9.529,12.01,12.01,0.0120,25074,226
P-1x,989,9.539,8.61,8.59,0.0086,544,226
P-1x,990,9.548,10.98,11.00,0.0110,25074,226
P-1x,991,9.558,8.41,8.41,0.0084,544,226
P-1x,992,9.567,10.10,10.09,0.0101,25126,226
P-1x,993,9.576,8.20,8.21,0.0082,544,226
P-1x,994,9.584,9.52,9.50,0.0095,25074,226
P-1x,995,9.601,15.37,15.37,0.0154,4044,226
P-1x,996,9.613,11.71,11.70,0.0117,33538,226
P-1x,997,9.623,11.18,11.20,0.0112,33498,226
P-1x,998,9.633,9.11,9.11,0.0091,544,226
P-1x,999,9.643,11.02,10.99,0.0110,33498,226
P-1x,1000,9.653,9.31,9.30,0.0093,544,226
P-1x,1001,9.665,12.37,12.40,0.0124,33498,226
P-1x,1002,9.675,9.44,9.41,0.0094,544,226
P-1x,1003,9.685,10.86,10.88,0.0109,33498,226
P-1x,1004,9.696,9.82,9.83,0.0098,544,226
P-1x,1005,9.706,11.64,11.60,0.0116,33498,226
P-1x,1006,9.717,9.54,9.58,0.0095,1712,226
P-1x,1007,9.726,10.67,10.68,0.0107,25776,226
P-1x,1008,9.737,9.12,9.12,0.0091,2376,226
P-1x,1009,9.745,9.02,9.00,0.0090,25776,226
P-1x,1010,9.754,7.88,7.89,0.0079,544,226
P-1x,1011,9.761,8.86,8.79,0.0089,25776,226
P-1x,1012,9.770,8.28,8.34,0.0083,596,226
P-1x,1013,9.781,9.34,9.27,0.0093,544,226
P-1x,1014,9.789,9.94,9.97,0.0099,25776,226
P-1x,1015,9.798,7.98,7.93,0.0080,544,226
P-1x,1016,9.806,9.04,9.09,0.0090,25776,226
P-1x,1017,9.815,7.99,7.98,0.0080,544,226
P-1x,1018,9.823,9.27,9.30,0.0093,25776,226
P-1x,1019,9.833,7.90,7.90,0.0079,544,226
P-1x,1020,9.841,9.52,9.50,0.0095,25776,226
P-1x,1021,9.849,8.40,8.40,0.0084,544,226
P-1x,1022,9.859,8.51,8.49,0.0085,544,226
P-1x,1023,9.867,9.70,9.69,0.0097,25776,226
P-1x,1024,9.876,7.66,7.70,0.0077,544,226
P-1x,1025,9.884,9.57,9.52,0.0096,25776,226
P-1x,1026,9.900,13.88,13.89,0.0139,4044,226
P-1x,1027,9.908,9.79,9.79,0.0098,34240,226
P-1x,1028,9.918,8.36,8.38,0.0084,544,226
P-1x,1029,9.926,9.86,9.81,0.0099,34200,226
P-1x,1030,9.936,8.57,8.59,0.0086,544,226
P-1x,1031,9.945,9.80,9.80,0.0098,34200,226
P-1x,1032,9.955,8.62,8.60,0.0086,544,226
P-1x,1033,9.964,10.50,10.42,0.0105,34200,226
P-1x,1034,9.974,9.05,9.08,0.0091,596,226
P-1x,1035,9.983,10.45,10.49,0.0104,34200,226
P-1x,1036,9.993,8.93,8.90,0.0089,544,226
P-1x,1037,10.002,9.66,9.69,0.0097,35528,226
P-1x,1038,10.010,7.99,7.79,0.0080,544,226
P-1x,1039,10.019,8.19,8.40,0.0082,544,226
P-1x,1040,10.027,8.89,8.91,0.0089,25776,226
P-1x,1041,10.036,7.50,7.42,0.0075,544,226
P-1x,1042,10.043,8.80,8.87,0.0088,25776,226
P-1x,1043,10.050,7.21,7.19,0.0072,544,226
P-1x,1044,10.060,7.82,7.81,0.0078,544,226
P-1x,1045,10.067,8.89,8.90,0.0089,25776,226
P-1x,1046,10.077,8.37,8.38,0.0084,544,226
P-1x,1047,10.085,9.52,9.50,0.0095,25776,226
P-1x,1048,10.094,7.60,7.62,0.0076,544,226
P-1x,1049,10.102,9.82,9.80,0.0098,25776,226
P-1x,1050,10.111,8.28,8.29,0.0083,544,226
P-1x,1051,10.120,7.69,7.70,0.0077,544,226
P-1x,1052,10.128,9.20,9.18,0.0092,25776,226
P-1x,1053,10.136,7.62,7.61,0.0076,544,226
P-1x,1054,10.144,8.64,8.61,0.0086,25776,226
P-1x,1055,10.153,7.80,7.79,0.0078,544,226
P-1x,1056,10.161,9.25,9.28,0.0092,25776,226
P-1x,1057,10.168,7.60,7.60,0.0076,544,226
P-1x,1058,10.177,7.48,7.49,0.0075,596,226
P-1x,1059,10.185,9.32,9.30,0.0093,25776,226
P-1x,1060,10.194,7.40,7.41,0.0074,544,226
P-1x,1061,10.202,9.51,9.49,0.0095,25776,226
P-1x,1062,10.210,7.90,7.91,0.0079,544,226
P-1x,1063,10.219,7.81,7.79,0.0078,544,226
P-1x,1064,10.227,9.27,9.30,0.0093,25776,226
P-1x,1065,10.236,7.61,7.60,0.0076,544,226
P-1x,1066,10.244,9.38,9.33,0.0094,25776,226
P-1x,1067,10.253,7.61,7.66,0.0076,544,226
P-1x,1068,10.261,9.01,9.00,0.0090,25776,226
P-1x,1069,10.269,8.00,8.00,0.0080,544,226
P-1x,1070,10.278,7.93,7.91,0.0079,544,226
P-1x,1071,10.286,8.78,8.79,0.0088,25776,226
P-1x,1072,10.295,7.68,7.69,0.0077,544,226
P-1x,1073,10.303,9.30,9.22,0.0093,27112,226
P-1x,1074,10.310,7.22,7.28,0.0072,544,226
P-1x,1075,10.318,6.67,6.69,0.0067,544,226
P-1x,1076,10.325,8.31,8.30,0.0083,17352,226
P-1x,1077,10.334,8.03,8.02,0.0080,728,226
P-1x,1078,10.341,8.18,8.18,0.0082,18090,226
P-1x,1079,10.348,6.69,6.70,0.0067,544,226
P-1x,1080,10.355,6.50,6.50,0.0065,544,226
P-1x,1081,10.362,8.22,8.20,0.0082,18050,226
P-1x,1082,10.370,7.25,7.25,0.0073,544,226
P-1x,1083,10.378,6.93,6.92,0.0069,596,226
P-1x,1084,10.385,8.41,8.41,0.0084,18050,226
P-1x,1085,10.393,6.91,6.91,0.0069,544,226
P-1x,1086,10.400,8.08,8.09,0.0081,18050,226
P-1x,1087,10.407,6.90,6.89,0.0069,544,226
P-1x,1088,10.415,7.20,7.20,0.0072,544,226
P-1x,1089,10.422,7.99,8.00,0.0080,18050,226
P-1x,1090,10.429,6.52,6.51,0.0065,544,226
P-1x,1091,10.437,6.91,6.89,0.0069,544,226
P-1x,1092,10.444,8.22,8.22,0.0082,18050,226
P-1x,1093,10.451,7.16,7.17,0.0072,544,226
P-1x,1094,10.459,7.13,7.10,0.0071,544,226
P-1x,1095,10.466,8.08,8.10,0.0081,18050,226
P-1x,1096,10.474,6.87,6.90,0.0069,544,226
P-1x,1097,10.482,8.93,8.91,0.0089,18050,226
P-1x,1098,10.489,6.99,6.99,0.0070,544,226
P-1x,1099,10.497,7.01,7.00,0.0070,544,226
P-1x,1100,10.504,8.39,8.40,0.0084,18090,226
P-1x,1101,10.513,7.12,7.09,0.0071,544,226
P-1x,1102,10.520,8.23,8.26,0.0082,18090,226
P-1x,1103,10.526,6.83,6.82,0.0068,544,226
P-1x,1104,10.534,6.61,6.62,0.0066,544,226
P-1x,1105,10.541,8.13,8.10,0.0081,18090,226
P-1x,1106,10.548,6.87,6.88,0.0069,544,226
P-1x,1107,10.556,7.00,7.00,0.0070,544,226
P-1x,1108,10.564,8.67,8.53,0.0087,18090,226
P-1x,1109,10.571,6.85,6.96,0.0068,544,226
P-1x,1110,10.580,7.51,7.51,0.0075,596,226
P-1x,1111,10.587,8.51,8.49,0.0085,18090,226
P-1x,1112,10.595,6.87,6.89,0.0069,544,226
P-1x,1113,10.601,7.81,7.79,0.0078,19410,226
P-1x,1114,10.607,6.08,6.10,0.0061,544,226
P-1x,1115,10.615,6.73,6.70,0.0067,544,226
P-1x,1116,10.623,8.65,8.68,0.0087,9666,226
P-1x,1117,10.629,6.03,6.01,0.0060,544,226
P-1x,1118,10.636,6.27,6.30,0.0063,544,226
P-1x,1119,10.643,7.71,7.60,0.0077,9666,226
P-1x,1120,10.649,5.90,6.00,0.0059,544,226
P-1x,1121,10.656,5.89,5.89,0.0059,544,226
P-1x,1122,10.662,7.51,7.50,0.0075,9666,226
P-1x,1123,10.668,6.42,6.40,0.0064,544,226
P-1x,1124,10.676,6.27,6.29,0.0063,544,226
P-1x,1125,10.683,8.23,8.20,0.0082,9666,226
P-1x,1126,10.689,6.07,6.09,0.0061,544,226
P-1x,1127,10.697,6.61,6.53,0.0066,544,226
P-1x,1128,10.703,7.29,7.35,0.0073,9666,226
P-1x,1129,10.710,6.61,6.61,0.0066,544,226
P-1x,1130,10.719,8.38,8.39,0.0084,1280,226
P-1x,1131,10.726,7.96,7.91,0.0080,12554,226
P-1x,1132,10.733,6.06,6.09,0.0061,544,226
P-1x,1133,10.739,7.52,7.51,0.0075,12394,226
P-1x,1134,10.745,6.08,6.09,0.0061,544,226
P-1x,1135,10.753,6.30,6.30,0.0063,544,226
P-1x,1136,10.759,7.14,7.10,0.0071,12394,226
P-1x,1137,10.765,6.25,6.28,0.0063,544,226
P-1x,1138,10.773,6.00,6.00,0.0060,544,226
P-1x,1139,10.779,7.73,7.70,0.0077,12446,226
P-1x,1140,10.786,6.67,6.69,0.0067,544,226
P-1x,1141,10.793,6.22,6.20,0.0062,544,226
P-1x,1142,10.799,7.49,7.49,0.0075,12394,226
P-1x,1143,10.806,6.43,6.41,0.0064,544,226
P-1x,1144,10.813,6.06,6.09,0.0061,544,226
P-1x,1145,10.820,8.04,8.00,0.0080,12394,226
P-1x,1146,10.826,6.63,6.60,0.0066,544,226
P-1x,1147,10.834,6.05,6.08,0.0060,544,226
P-1x,1148,10.840,7.49,7.50,0.0075,12394,226
P-1x,1149,10.846,6.01,6.01,0.0060,544,226
P-1x,1150,10.853,6.09,6.09,0.0061,544,226
P-1x,1151,10.860,8.03,8.01,0.0080,12394,226
P-1x,1152,10.866,6.07,6.09,0.0061,544,226
P-1x,1153,10.874,6.29,6.30,0.0063,544,226
P-1x,1154,10.880,7.53,7.50,0.0075,12394,226
P-1x,1155,10.886,6.10,6.10,0.0061,544,226
P-1x,1156,10.894,5.80,5.80,0.0058,1872,226
P-1x,1157,10.901,9.31,9.30,0.0093,3970,226
P-1x,1158,10.906,5.07,5.09,0.0051,544,226
P-1x,1159,10.913,5.31,5.31,0.0053,544,226
P-1x,1160,10.918,6.71,6.69,0.0067,3970,226
P-1x,1161,10.924,5.26,5.29,0.0053,544,226
P-1x,1162,10.929,5.12,5.09,0.0051,544,226
P-1x,1163,10.936,5.66,5.60,0.0057,544,226
P-1x,1164,10.942,7.66,7.70,0.0077,4282,226
P-1x,1165,10.947,5.38,5.40,0.0054,544,226
P-1x,1166,10.954,5.30,5.30,0.0053,544,226
P-1x,1167,10.960,7.21,7.20,0.0072,3970,226
P-1x,1168,10.966,5.57,5.59,0.0056,544,226
P-1x,1169,10.971,5.19,5.20,0.0052,544,226
P-1x,1170,10.977,5.57,5.51,0.0056,544,226
P-1x,1171,10.983,6.56,6.59,0.0066,4022,226
P-1x,1172,10.988,5.08,5.10,0.0051,544,226
P-1x,1173,10.994,5.40,5.40,0.0054,544,226
P-1x,1174,11.000,6.32,6.30,0.0063,3970,226
P-1x,1175,11.005,5.85,5.82,0.0058,544,226
P-1x,1176,11.011,5.35,5.39,0.0053,544,226
P-1x,1177,11.017,5.18,5.19,0.0052,544,226
P-1x,1178,11.023,6.79,6.80,0.0068,3970,226
P-1x,1179,11.029,6.72,6.71,0.0067,544,226
P-1x,1180,11.036,5.60,5.59,0.0056,544,226
P-1x,1181,11.042,6.85,6.81,0.0068,3970,226
P-1x,1182,11.047,5.15,5.18,0.0052,544,226
P-1x,1183,11.054,5.91,5.91,0.0059,544,226
P-1x,1184,11.061,7.62,7.59,0.0076,3970,226
P-1x,1185,11.066,5.57,5.60,0.0056,544,226
P-1x,1186,11.073,5.89,5.90,0.0059,544,226
P-1x,1187,11.079,6.82,6.80,0.0068,3970,226
P-1x,1188,11.084,5.53,5.51,0.0055,544,226
P-1x,1189,11.090,5.27,5.28,0.0053,544,226
P-1x,1190,11.097,5.29,5.30,0.0053,544,226
P-1x,1191,11.102,7.31,7.30,0.0073,3970,226
P-1x,1192,11.108,5.20,5.19,0.0052,544,226
P-1x,1193,11.114,5.07,5.09,0.0051,544,226
P-1x,1194,11.120,7.00,7.00,0.0070,3970,226
P-1x,1195,11.125,5.53,5.51,0.0055,544,226
P-1x,1196,11.131,5.60,5.60,0.0056,544,226
P-1x,1197,11.137,5.09,5.10,0.0051,544,226
P-1x,1198,11.143,6.82,6.80,0.0068,3970,226
P-1x,1199,11.148,4.99,5.00,0.0050,544,226
P-1x,1200,11.154,5.23,5.19,0.0052,544,226
P-1x,1201,11.160,7.08,7.10,0.0071,3970,226
P-1x,1202,11.166,5.61,5.59,0.0056,544,226
P-1x,1203,11.172,5.32,5.32,0.0053,544,226
P-1x,1204,11.180,8.91,8.89,0.0089,3970,226
P-1x,1205,11.185,5.36,5.39,0.0054,596,226
P-1x,1206,11.190,4.88,4.89,0.0049,544,226
P-1x,1207,11.197,5.11,5.10,0.0051,544,226
P-1x,1208,11.202,6.59,6.59,0.0066,3930,226
P-1x,1209,11.207,4.98,4.91,0.0050,544,226
P-1x,1210,11.213,5.04,5.09,0.0050,544,226
P-1x,1211,11.218,6.64,6.61,0.0066,3970,226
P-1x,1212,11.223,5.14,5.16,0.0051,544,226
P-1x,1213,11.229,4.99,5.01,0.0050,544,226
P-1x,1214,11.236,5.66,5.61,0.0057,544,226
P-1x,1215,11.241,7.18,7.19,0.0072,3970,226
P-1x,1216,11.247,5.78,5.79,0.0058,544,226
P-1x,1217,11.253,4.75,4.71,0.0048,544,226
P-1x,1218,11.259,6.67,6.69,0.0067,3970,226
P-1x,1219,11.264,5.48,5.50,0.0055,544,226
P-1x,1220,11.269,4.88,4.89,0.0049,544,226
P-1x,1221,11.275,4.87,4.82,0.0049,544,226
P-1x,1222,11.281,6.80,6.79,0.0068,3970,226
P-1x,1223,11.286,5.45,5.48,0.0055,544,226
P-1x,1224,11.293,5.81,5.80,0.0058,544,226
P-1x,1225,11.298,6.30,6.29,0.0063,3970,226
P-1x,1226,11.303,5.07,5.10,0.0051,544,226
P-1x,1227,11.309,6.16,6.10,0.0062,544,226
P-1x,1228,11.316,5.36,5.39,0.0054,968,226
P-1x,1229,11.321,5.98,6.00,0.0060,3970,226
P-1x,1230,11.326,5.14,5.11,0.0051,544,226
P-1x,1231,11.331,4.78,4.79,0.0048,544,226
P-1x,1232,11.336,4.89,4.90,0.0049,544,226
P-1x,1233,11.342,6.24,6.21,0.0062,3930,226
P-1x,1234,11.347,5.40,5.40,0.0054,544,226
P-1x,1235,11.353,4.98,5.00,0.0050,544,226
P-1x,1236,11.358,5.79,5.79,0.0058,3970,226
P-1x,1237,11.363,5.01,5.00,0.0050,544,226
P-1x,1238,11.368,5.18,5.19,0.0052,544,226
P-1x,1239,11.374,4.59,4.59,0.0046,544,226
P-1x,1240,11.379,6.22,6.20,0.0062,3970,226
P-1x,1241,11.384,4.93,4.90,0.0049,544,226
P-1x,1242,11.389,5.19,5.20,0.0052,596,226
P-1x,1243,11.395,5.18,5.20,0.0052,544,226
P-1x,1244,11.400,5.90,5.90,0.0059,3970,226
P-1x,1245,11.405,5.32,5.30,0.0053,544,226
P-1x,1246,11.410,4.88,4.90,0.0049,544,226
P-1x,1247,11.417,5.50,5.50,0.0055,544,226
P-1x,1248,11.422,6.50,6.50,0.0065,4290,226
P-1x,1249,11.427,5.10,5.11,0.0051,544,226
P-1x,1250,11.433,4.60,4.60,0.0046,544,226
P-1x,1251,11.438,6.10,6.09,0.0061,1242,226
P-1x,1252,11.443,5.32,5.31,0.0053,544,226
P-1x,1253,11.449,5.19,5.19,0.0052,544,226
P-1x,1254,11.455,4.86,4.89,0.0049,544,226
P-1x,1255,11.460,6.25,6.21,0.0062,1242,226
P-1x,1256,11.465,4.77,4.79,0.0048,544,226
P-1x,1257,11.470,5.03,5.05,0.0050,544,226
P-1x,1258,11.476,4.97,4.95,0.0050,544,226
P-1x,1259,11.481,6.09,6.10,0.0061,1242,226
P-1x,1260,11.485,4.39,4.39,0.0044,544,226
P-1x,1261,11.490,4.71,4.71,0.0047,544,226
P-1x,1262,11.495,4.63,4.60,0.0046,544,226
P-1x,1263,11.502,7.68,7.70,0.0077,1978,226
P-1x,1264,11.507,4.79,4.80,0.0048,544,226
P-1x,1265,11.513,4.62,4.61,0.0046,544,226
P-1x,1266,11.518,6.43,6.40,0.0064,3970,226
P-1x,1267,11.523,4.89,4.89,0.0049,544,226
P-1x,1268,11.528,4.88,4.89,0.0049,544,226
P-1x,1269,11.534,4.79,4.79,0.0048,544,226
P-1x,1270,11.539,6.70,6.69,0.0067,3970,226
P-1x,1271,11.544,4.80,4.80,0.0048,544,226
P-1x,1272,11.548,4.43,4.40,0.0044,544,226
P-1x,1273,11.554,4.66,4.69,0.0047,544,226
P-1x,1274,11.559,6.28,6.21,0.0063,3970,226
P-1x,1275,11.564,4.65,4.69,0.0047,544,226
P-1x,1276,11.568,4.49,4.50,0.0045,544,226
P-1x,1277,11.574,4.49,4.50,0.0045,544,226
P-1x,1278,11.578,5.49,5.49,0.0055,3970,226
P-1x,1279,11.583,4.37,4.40,0.0044,544,226
P-1x,1280,11.587,4.63,4.61,0.0046,544,226
P-1x,1281,11.593,4.31,4.31,0.0043,596,226
P-1x,1282,11.598,6.09,6.08,0.0061,3970,226
P-1x,1283,11.602,4.49,4.49,0.0045,544,226
P-1x,1284,11.607,4.83,4.81,0.0048,544,226
P-1x,1285,11.613,4.90,4.89,0.0049,544,226
P-1x,1286,11.618,5.99,5.99,0.0060,3930,226
P-1x,1287,11.623,4.99,5.00,0.0050,544,226
P-1x,1288,11.627,4.29,4.30,0.0043,544,226
P-1x,1289,11.634,4.66,4.62,0.0047,544,226
P-1x,1290,11.639,7.16,7.18,0.0072,7026,226
P-1x,1291,11.644,5.19,5.20,0.0052,544,226
P-1x,1292,11.649,4.89,4.89,0.0049,544,226
P-1x,1293,11.655,4.50,4.51,0.0045,544,226
P-1x,1294,11.660,6.60,6.58,0.0066,3970,226
P-1x,1295,11.665,4.50,4.50,0.0045,544,226
P-1x,1296,11.670,5.11,5.09,0.0051,544,226
P-1x,1297,11.675,4.51,4.51,0.0045,544,226
P-1x,1298,11.680,5.77,5.78,0.0058,3970,226
P-1x,1299,11.685,4.70,4.70,0.0047,544,226
P-1x,1300,11.690,5.26,5.16,0.0053,544,226
P-1x,1301,11.696,5.09,5.15,0.0051,544,226
P-1x,1302,11.701,6.00,5.98,0.0060,3970,226
P-1x,1303,11.707,5.38,5.40,0.0054,544,226
P-1x,1304,11.713,4.84,4.81,0.0048,544,226
P-1x,1305,11.717,6.01,6.00,0.0060,3970,226
P-1x,1306,11.722,5.05,5.08,0.0051,544,226
P-1x,1307,11.727,4.51,4.49,0.0045,544,226
P-1x,1308,11.733,4.29,4.31,0.0043,544,226
P-1x,1309,11.738,6.63,6.60,0.0066,4106,226
P-1x,1310,11.743,4.99,5.00,0.0050,544,226
P-1x,1311,11.747,4.38,4.39,0.0044,544,226
P-1x,1312,11.753,4.60,4.60,0.0046,544,226
P-1x,1313,11.758,5.91,5.90,0.0059,3272,226
P-1x,1314,11.762,4.49,4.50,0.0045,544,226
P-1x,1315,11.767,5.05,4.99,0.0051,544,226
P-1x,1316,11.773,4.39,4.39,0.0044,544,226
P-1x,1317,11.778,6.19,6.20,0.0062,3272,226
P-1x,1318,11.783,4.78,4.79,0.0048,544,226
P-1x,1319,11.787,4.37,4.39,0.0044,544,226
P-1x,1320,11.793,4.53,4.50,0.0045,544,226
P-1x,1321,11.798,5.90,5.89,0.0059,3324,226
P-1x,1322,11.802,4.60,4.61,0.0046,544,226
P-1x,1323,11.807,5.18,5.18,0.0052,728,226
P-1x,1324,11.813,4.58,4.60,0.0046,544,226
P-1x,1325,11.818,6.11,6.10,0.0061,4010,226
P-1x,1326,11.822,4.39,4.40,0.0044,544,226
P-1x,1327,11.827,4.37,4.31,0.0044,544,226
P-1x,1328,11.832,4.44,4.48,0.0044,544,226
P-1x,1329,11.837,5.71,5.70,0.0057,3970,226
P-1x,1330,11.841,4.60,4.60,0.0046,544,226
P-1x,1331,11.846,4.80,4.81,0.0048,544,226
P-1x,1332,11.850,4.05,4.08,0.0041,544,226
P-1x,1333,11.856,4.54,4.50,0.0045,544,226
P-1x,1334,11.860,5.51,5.51,0.0055,3970,226
P-1x,1335,11.865,4.38,4.39,0.0044,544,226
P-1x,1336,11.869,4.71,4.72,0.0047,544,226
P-1x,1337,11.875,4.49,4.49,0.0045,544,226
P-1x,1338,11.880,6.14,6.10,0.0061,3970,226
P-1x,1339,11.885,4.98,4.99,0.0050,544,226
P-1x,1340,11.889,4.30,4.30,0.0043,544,226
P-1x,1341,11.895,4.87,4.90,0.0049,544,226
P-1x,1342,11.901,6.05,6.01,0.0061,3970,226
P-1x,1343,11.905,4.95,4.91,0.0049,544,226
P-1x,1344,11.910,4.62,4.68,0.0046,544,226
P-1x,1345,11.915,4.32,4.29,0.0043,544,226
P-1x,1346,11.920,5.86,5.90,0.0059,3970,226
P-1x,1347,11.925,4.95,4.91,0.0049,544,226
P-1x,1348,11.929,4.45,4.49,0.0045,544,226
P-1x,1349,11.935,4.70,4.69,0.0047,544,226
P-1x,1350,11.940,5.54,5.51,0.0055,3970,226
P-1x,1351,11.944,4.46,4.49,0.0045,544,226
P-1x,1352,11.949,4.42,4.39,0.0044,544,226
P-1x,1353,11.955,4.90,4.91,0.0049,544,226
P-1x,1354,11.960,6.31,6.31,0.0063,3970,226
P-1x,1355,11.964,4.58,4.59,0.0046,544,226
P-1x,1356,11.969,4.38,4.40,0.0044,544,226
P-1x,1357,11.975,4.58,4.58,0.0046,544,226
P-1x,1358,11.979,5.60,5.61,0.0056,3970,226
P-1x,1359,11.984,4.54,4.50,0.0045,544,226
P-1x,1360,11.989,5.21,5.20,0.0052,544,226
P-1x,1361,12.004,4.72,4.70,0.0047,544,226
P-1x,1362,12.013,18.35,18.10,0.0183,40798,226
P-1x,1363,12.019,6.84,7.10,0.0068,3970,226
P-1x,1364,12.024,5.26,5.29,0.0053,544,226
P-1x,1365,12.029,5.32,5.30,0.0053,544,226
P-1x,1366,12.036,5.27,5.22,0.0053,544,226
P-1x,1367,12.041,6.55,6.58,0.0065,3970,226
P-1x,1368,12.047,5.41,5.39,0.0054,544,226
P-1x,1369,12.053,5.28,5.30,0.0053,544,226
P-1x,1370,12.058,6.48,6.50,0.0065,3970,226
P-1x,1371,12.064,5.61,5.60,0.0056,544,226
P-1x,1372,12.069,4.79,4.79,0.0048,544,226
P-1x,1373,12.074,4.78,4.80,0.0048,544,226
P-1x,1374,12.080,6.24,6.20,0.0062,3970,226
P-1x,1375,12.085,5.19,5.19,0.0052,544,226
P-1x,1376,12.090,5.63,5.60,0.0056,544,226
P-1x,1377,12.097,5.19,5.21,0.0052,576,226
P-1x,1378,12.102,6.62,6.60,0.0066,3272,226
P-1x,1379,12.108,5.27,5.29,0.0053,544,226
P-1x,1380,12.114,5.11,5.10,0.0051,544,226
P-1x,1381,12.120,7.02,7.03,0.0070,3272,226
P-1x,1382,12.125,5.25,5.24,0.0052,544,226
P-1x,1383,12.130,5.32,5.32,0.0053,544,226
P-1x,1384,12.137,5.29,5.30,0.0053,544,226
P-1x,1385,12.142,6.08,6.09,0.0061,3272,226
P-1x,1386,12.147,5.43,5.40,0.0054,544,226
P-1x,1387,12.153,4.92,4.91,0.0049,544,226
P-1x,1388,12.158,5.95,5.91,0.0059,3272,226
P-1x,1389,12.163,4.71,4.77,0.0047,544,226
P-1x,1390,12.167,4.90,4.89,0.0049,544,226
P-1x,1391,12.174,4.99,4.99,0.0050,544,226
P-1x,1392,12.179,6.13,6.12,0.0061,3272,226
P-1x,1393,12.184,5.01,5.01,0.0050,544,226
P-1x,1394,12.188,4.56,4.59,0.0046,544,226
P-1x,1395,12.195,5.13,5.10,0.0051,544,226
P-1x,1396,12.200,6.29,6.29,0.0063,3272,226
P-1x,1397,12.205,5.35,5.32,0.0054,916,226
P-1x,1398,12.210,5.10,5.09,0.0051,544,226
P-1x,1399,12.216,5.07,5.10,0.0051,544,226
P-1x,1400,12.221,6.09,6.09,0.0061,544,226
P-1x,1401,12.226,5.13,5.10,0.0051,544,226
P-1x,1402,12.232,4.79,4.80,0.0048,544,226
P-1x,1403,12.237,6.21,6.20,0.0062,544,226
P-1x,1404,12.242,4.77,4.79,0.0048,544,226
P-1x,1405,12.248,5.35,5.31,0.0053,544,226
P-1x,1406,12.254,5.29,5.29,0.0053,544,226
P-1x,1407,12.259,6.22,6.11,0.0062,544,226
P-1x,1408,12.264,5.39,5.48,0.0054,544,226
P-1x,1409,12.270,5.30,5.32,0.0053,544,226
P-1x,1410,12.276,4.96,4.98,0.0050,544,226
P-1x,1411,12.280,5.68,5.68,0.0057,544,226
P-1x,1412,12.285,4.82,4.82,0.0048,544,226
P-1x,1413,12.290,4.81,4.81,0.0048,544,226
P-1x,1414,12.296,4.70,4.68,0.0047,544,226
P-1x,1415,12.301,6.81,6.80,0.0068,544,226
P-1x,1416,12.306,4.91,4.90,0.0049,544,226
P-1x,1417,12.312,4.89,4.90,0.0049,544,226
P-1x,1418,12.317,5.80,5.80,0.0058,544,226
P-1x,1419,12.322,5.19,5.20,0.0052,544,226
P-1x,1420,12.327,4.81,4.80,0.0048,544,226
P-1x,1421,12.333,4.79,4.80,0.0048,544,226
P-1x,1422,12.338,6.10,6.08,0.0061,544,226
P-1x,1423,12.343,4.95,4.92,0.0049,544,226
P-1x,1424,12.348,4.95,4.99,0.0049,544,226
P-1x,1425,12.354,4.60,4.60,0.0046,544,226
P-1x,1426,12.358,6.00,6.00,0.0060,544,226
P-1x,1427,12.364,5.13,5.10,0.0051,544,226
P-1x,1428,12.368,4.98,4.99,0.0050,544,226
P-1x,1429,12.374,4.78,4.80,0.0048,544,226
P-1x,1430,12.379,5.72,5.69,0.0057,544,226
P-1x,1431,12.383,4.49,4.51,0.0045,544,226
P-1x,1432,12.389,5.22,5.20,0.0052,544,226
P-1x,1433,12.395,5.20,5.20,0.0052,544,226
P-1x,1434,12.400,5.79,5.79,0.0058,464,226
P-1x,1435,12.404,4.68,4.70,0.0047,596,226
P-1x,1436,12.410,5.31,5.30,0.0053,544,226
P-1x,1437,12.416,4.59,4.59,0.0046,544,226
P-1x,1438,12.421,6.33,6.31,0.0063,544,226
P-1x,1439,12.426,5.09,5.10,0.0051,544,226
P-1x,1440,12.431,4.78,4.78,0.0048,544,226
P-1x,1441,12.436,4.82,4.81,0.0048,544,226
P-1x,1442,12.442,6.21,6.20,0.0062,544,226
P-1x,1443,12.446,4.82,4.82,0.0048,544,226
P-1x,1444,12.452,4.82,4.78,0.0048,544,226
P-1x,1445,12.457,5.78,5.81,0.0058,544,226
P-1x,1446,12.462,4.65,4.68,0.0047,544,226
P-1x,1447,12.466,4.81,4.80,0.0048,544,226
P-1x,1448,12.473,4.83,4.81,0.0048,544,226
P-1x,1449,12.478,6.22,6.20,0.0062,544,226
P-1x,1450,12.483,5.28,5.29,0.0053,544,226
P-1x,1451,12.488,5.08,5.10,0.0051,1632,226
P-1x,1452,12.493,4.39,4.39,0.0044,544,226
P-1x,1453,12.498,6.31,6.21,0.0063,544,226
P-1x,1454,12.503,4.74,4.80,0.0047,544,226
P-1x,1455,12.508,4.36,4.38,0.0044,544,226
P-1x,1456,12.513,4.69,4.70,0.0047,544,226
P-1x,1457,12.518,5.71,5.69,0.0057,544,226
P-1x,1458,12.523,4.69,4.70,0.0047,544,226
P-1x,1459,12.527,4.31,4.31,0.0043,544,226
P-1x,1460,12.533,4.61,4.61,0.0046,544,226
P-1x,1461,12.537,5.37,5.38,0.0054,544,226
P-1x,1462,12.542,4.63,4.62,0.0046,544,226
P-1x,1463,12.546,4.31,4.28,0.0043,544,226
P-1x,1464,12.551,4.80,4.81,0.0048,544,226
P-1x,1465,12.557,4.81,4.79,0.0048,544,226
P-1x,1466,12.561,5.70,5.70,0.0057,544,226
P-1x,1467,12.566,4.58,4.59,0.0046,544,226
P-1x,1468,12.570,4.52,4.52,0.0045,544,226
P-1x,1469,12.576,4.81,4.78,0.0048,544,226
P-1x,1470,12.581,5.78,5.79,0.0058,544,226
P-1x,1471,12.585,4.50,4.51,0.0045,544,226
P-1x,1472,12.590,4.19,4.19,0.0042,544,226
P-1x,1473,12.596,4.81,4.80,0.0048,544,226
P-1x,1474,12.600,5.92,5.90,0.0059,544,226
P-1x,1475,12.605,4.48,4.50,0.0045,596,226
P-1x,1476,12.610,5.10,5.09,0.0051,544,226
P-1x,1477,12.616,4.59,4.60,0.0046,544,226
P-1x,1478,12.620,5.79,5.80,0.0058,544,226
P-1x,1479,12.625,4.85,4.80,0.0049,544,226
P-1x,1480,12.630,4.34,4.39,0.0043,544,226
P-1x,1481,12.636,4.86,4.81,0.0049,544,226
P-1x,1482,12.640,5.46,5.49,0.0055,544,226
P-1x,1483,12.644,4.38,4.39,0.0044,544,226
P-1x,1484,12.649,4.54,4.52,0.0045,544,226
P-1x,1485,12.654,4.49,4.50,0.0045,544,226
P-1x,1486,12.659,5.81,5.79,0.0058,544,226
P-1x,1487,12.664,4.98,5.00,0.0050,544,226
P-1x,1488,12.668,4.20,4.20,0.0042,544,226
P-1x,1489,12.674,4.17,4.20,0.0042,544,226
P-1x,1490,12.678,6.07,6.00,0.0061,544,226
P-1x,1491,12.683,4.56,4.60,0.0046,544,226
P-1x,1492,12.688,4.48,4.48,0.0045,544,226
P-1x,1493,12.694,4.62,4.61,0.0046,544,226
P-1x,1494,12.698,6.15,6.11,0.0061,544,226
P-1x,1495,12.703,4.78,4.79,0.0048,544,226
P-1x,1496,12.708,4.89,4.90,0.0049,544,226
P-1x,1497,12.714,4.69,4.70,0.0047,544,226
P-1x,1498,12.719,6.29,6.12,0.0063,544,226
P-1x,1499,12.724,5.25,5.38,0.0053,544,226
P-1x,1500,12.729,4.98,4.98,0.0050,544,226
P-1x,1501,12.735,4.48,4.50,0.0045,544,226
P-1x,1502,12.740,6.01,6.00,0.0060,544,226
P-1x,1503,12.744,4.52,4.52,0.0045,544,226
P-1x,1504,12.749,4.48,4.49,0.0045,544,226
P-1x,1505,12.754,4.42,4.42,0.0044,544,226
P-1x,1506,12.759,6.18,6.18,0.0062,544,226
P-1x,1507,12.764,4.79,4.79,0.0048,544,226
P-1x,1508,12.769,4.71,4.71,0.0047,544,226
P-1x,1509,12.774,4.47,4.49,0.0045,544,226
P-1x,1510,12.779,5.71,5.70,0.0057,544,226
P-1x,1511,12.783,4.51,4.50,0.0045,544,226
P-1x,1512,12.788,4.47,4.50,0.0045,544,226
P-1x,1513,12.794,4.82,4.79,0.0048,544,226
P-1x,1514,12.798,5.61,5.60,0.0056,544,226
P-1x,1515,12.803,4.70,4.70,0.0047,544,226
P-1x,1516,12.808,4.54,4.49,0.0045,596,226
P-1x,1517,12.814,4.67,4.70,0.0047,544,226
P-1x,1518,12.818,5.99,6.00,0.0060,544,226
P-1x,1519,12.823,4.29,4.30,0.0043,544,226
P-1x,1520,12.827,4.40,4.40,0.0044,544,226
P-1x,1521,12.833,4.21,4.20,0.0042,544,226
P-1x,1522,12.837,6.23,6.20,0.0062,544,226
P-1x,1523,12.842,5.09,5.10,0.0051,544,226
P-1x,1524,12.847,4.82,4.80,0.0048,544,226
P-1x,1525,12.853,4.69,4.69,0.0047,544,226
P-1x,1526,12.858,5.77,5.79,0.0058,544,226
P-1x,1527,12.863,4.70,4.69,0.0047,544,226
P-1x,1528,12.867,4.27,4.30,0.0043,544,226
P-1x,1529,12.872,4.32,4.30,0.0043,544,226
P-1x,1530,12.877,5.64,5.60,0.0056,544,226
P-1x,1531,12.881,4.17,4.19,0.0042,544,226
P-1x,1532,12.885,4.09,4.09,0.0041,544,226
P-1x,1533,12.889,4.31,4.30,0.0043,544,226
P-1x,1534,12.895,4.09,4.10,0.0041,544,226
P-1x,1535,12.899,5.68,5.70,0.0057,544,226
P-1x,1536,12.904,4.50,4.43,0.0045,544,226
P-1x,1537,12.908,4.42,4.47,0.0044,544,226
P-1x,1538,12.913,4.21,4.19,0.0042,544,226
P-1x,1539,12.918,5.78,5.72,0.0058,544,226
P-1x,1540,12.923,4.61,4.67,0.0046,544,226
P-1x,1541,12.927,4.21,4.20,0.0042,544,226
P-1x,1542,12.932,4.28,4.29,0.0043,544,226
P-1x,1543,12.937,5.84,5.81,0.0058,544,226
P-1x,1544,12.941,4.48,4.49,0.0045,544,226
P-1x,1545,12.946,4.40,4.39,0.0044,544,226
P-1x,1546,12.950,4.27,4.30,0.0043,544,226
P-1x,1547,12.956,4.73,4.70,0.0047,544,226
P-1x,1548,12.960,5.70,5.70,0.0057,544,226
P-1x,1549,12.965,4.82,4.81,0.0048,544,226
P-1x,1550,12.970,4.77,4.79,0.0048,544,226
P-1x,1551,12.976,4.17,4.11,0.0042,544,226
P-1x,1552,12.981,6.27,6.29,0.0063,544,226
P-1x,1553,12.985,4.48,4.50,0.0045,544,226
P-1x,1554,12.989,4.10,4.10,0.0041,544,226
P-1x,1555,12.994,4.31,4.29,0.0043,544,226
P-1x,1556,12.999,5.78,5.80,0.0058,544,226
P-1x,1557,13.004,4.51,4.44,0.0045,544,226
P-1x,1558,13.008,4.49,4.55,0.0045,596,226
P-1x,1559,13.014,4.61,4.60,0.0046,544,226
P-1x,1560,13.018,5.70,5.70,0.0057,544,226
P-1x,1561,13.023,4.58,4.60,0.0046,544,226
P-1x,1562,13.027,4.21,4.19,0.0042,544,226
P-1x,1563,13.033,4.29,4.29,0.0043,544,226
P-1x,1564,13.037,5.73,5.71,0.0057,544,226
P-1x,1565,13.041,4.19,4.20,0.0042,544,226
P-1x,1566,13.046,4.41,4.40,0.0044,544,226
P-1x,1567,13.050,4.29,4.30,0.0043,544,226
P-1x,1568,13.055,4.08,4.09,0.0041,544,226
P-1x,1569,13.060,5.77,5.71,0.0058,544,226
P-1x,1570,13.064,4.11,4.09,0.0041,544,226
P-1x,1571,13.069,4.55,4.60,0.0046,544,226
P-1x,1572,13.073,3.65,3.69,0.0036,544,226
P-1x,1573,13.078,5.60,5.51,0.0056,544,226
P-1x,1574,13.082,4.34,4.39,0.0043,544,226
P-1x,1575,13.087,4.41,4.39,0.0044,544,226
P-1x,1576,13.092,4.50,4.51,0.0045,544,226
P-1x,1577,13.097,5.85,5.82,0.0059,544,226
P-1x,1578,13.101,4.29,4.28,0.0043,544,226
P-1x,1579,13.106,4.59,4.59,0.0046,544,226
P-1x,1580,13.110,4.39,4.39,0.0044,544,226
P-1x,1581,13.116,4.39,4.40,0.0044,544,226
P-1x,1582,13.121,6.10,6.10,0.0061,544,226
P-1x,1583,13.125,4.31,4.30,0.0043,544,226
P-1x,1584,13.130,4.98,4.91,0.0050,544,226
P-1x,1585,13.136,4.56,4.59,0.0046,544,226
P-1x,1586,13.141,6.06,5.99,0.0061,544,226
P-1x,1587,13.146,5.21,5.29,0.0052,544,226
P-1x,1588,13.151,4.73,4.72,0.0047,544,226
P-1x,1589,13.157,4.96,4.98,0.0050,544,226
P-1x,1590,13.161,5.90,5.90,0.0059,544,226
P-1x,1591,13.166,4.70,4.69,0.0047,544,226
P-1x,1592,13.171,4.43,4.41,0.0044,544,226
P-1x,1593,13.177,4.65,4.69,0.0047,544,226
P-1x,1594,13.181,6.14,6.11,0.0061,544,226
P-1x,1595,13.186,4.36,4.38,0.0044,544,226
P-1x,1596,13.190,4.22,4.22,0.0042,544,226
P-1x,1597,13.196,4.49,4.49,0.0045,544,226
P-1x,1598,13.200,5.84,5.81,0.0058,544,226
P-1x,1599,13.205,4.62,4.59,0.0046,544,226
P-1x,1600,13.210,4.96,4.98,0.0050,596,226
P-1x,1601,13.216,4.71,4.71,0.0047,544,226
P-1x,1602,13.221,6.09,6.09,0.0061,544,226
P-1x,1603,13.225,4.47,4.49,0.0045,544,226
P-1x,1604,13.230,4.64,4.60,0.0046,544,226
P-1x,1605,13.235,4.05,4.09,0.0040,544,226
P-1x,1606,13.240,5.85,5.80,0.0058,544,226
P-1x,1607,13.244,4.41,4.41,0.0044,544,226
P-1x,1608,13.249,4.74,4.70,0.0047,544,226
P-1x,1609,13.255,4.83,4.87,0.0048,544,226
P-1x,1610,13.260,6.23,6.20,0.0062,544,226
P-1x,1611,13.264,4.28,4.31,0.0043,544,226
P-1x,1612,13.269,4.71,4.70,0.0047,544,226
P-1x,1613,13.275,4.28,4.29,0.0043,544,226
P-1x,1614,13.279,5.91,5.90,0.0059,544,226
P-1x,1615,13.285,5.73,5.70,0.0057,728,226
P-1x,1616,13.289,4.62,4.60,0.0046,544,226
P-1x,1617,13.296,4.95,4.98,0.0050,544,226
P-1x,1618,13.301,6.22,6.21,0.0062,1242,226
P-1x,1619,13.305,4.88,4.88,0.0049,544,226
P-1x,1620,13.310,4.52,4.50,0.0045,544,226
P-1x,1621,13.316,4.58,4.60,0.0046,544,226
P-1x,1622,13.321,6.08,6.09,0.0061,1242,226
P-1x,1623,13.326,4.94,4.91,0.0049,544,226
P-1x,1624,13.330,4.69,4.61,0.0047,544,226
P-1x,1625,13.336,4.99,5.08,0.0050,544,226
P-1x,1626,13.341,5.75,5.71,0.0058,1242,226
P-1x,1627,13.346,4.87,4.89,0.0049,544,226
P-1x,1628,13.350,4.45,4.48,0.0044,544,226
P-1x,1629,13.356,4.74,4.71,0.0047,544,226
P-1x,1630,13.361,5.81,5.80,0.0058,1242,226
P-1x,1631,13.366,4.77,4.79,0.0048,544,226
P-1x,1632,13.370,4.68,4.68,0.0047,544,226
P-1x,1633,13.376,4.65,4.62,0.0046,544,226
P-1x,1634,13.381,6.38,6.30,0.0064,1242,226
P-1x,1635,13.386,4.60,4.71,0.0046,544,226
P-1x,1636,13.390,4.33,4.29,0.0043,544,226
P-1x,1637,13.396,4.57,4.59,0.0046,544,226
P-1x,1638,13.401,5.60,5.60,0.0056,1242,226
P-1x,1639,13.405,4.38,4.39,0.0044,544,226
P-1x,1640,13.410,5.13,5.11,0.0051,544,226
P-1x,1641,13.416,5.02,5.00,0.0050,596,226
P-1x,1642,13.421,6.37,6.40,0.0064,1242,226
P-1x,1643,13.426,4.87,4.81,0.0049,544,226
P-1x,1644,13.431,4.52,4.60,0.0045,544,226
P-1x,1645,13.437,4.61,4.59,0.0046,544,226
P-1x,1646,13.441,5.85,5.82,0.0058,1242,226
P-1x,1647,13.446,4.57,4.58,0.0046,544,226
P-1x,1648,13.451,4.68,4.70,0.0047,544,226
P-1x,1649,13.456,4.60,4.59,0.0046,544,226
P-1x,1650,13.461,6.40,6.40,0.0064,1242,226
P-1x,1651,13.466,4.70,4.69,0.0047,544,226
P-1x,1652,13.470,4.35,4.39,0.0044,544,226
P-1x,1653,13.476,4.43,4.40,0.0044,544,226
P-1x,1654,13.481,5.60,5.61,0.0056,1242,226
P-1x,1655,13.485,4.95,4.91,0.0049,544,226
P-1x,1656,13.490,4.46,4.47,0.0045,544,226
P-1x,1657,13.496,4.53,4.51,0.0045,544,226
P-1x,1658,13.501,6.05,6.08,0.0061,1242,226
P-1x,1659,13.505,4.83,4.73,0.0048,544,226
P-1x,1660,13.510,4.77,4.87,0.0048,544,226
P-1x,1661,13.516,4.39,4.39,0.0044,544,226
P-1x,1662,13.520,5.74,5.71,0.0057,1242,226
P-1x,1663,13.525,4.61,4.59,0.0046,544,226
P-1x,1664,13.529,4.44,4.49,0.0044,544,226
P-1x,1665,13.536,4.84,4.81,0.0048,544,226
P-1x,1666,13.540,6.19,6.19,0.0062,1242,226
P-1x,1667,13.545,4.79,4.80,0.0048,544,226
P-1x,1668,13.550,5.06,5.02,0.0051,544,226
P-1x,1669,13.556,4.68,4.69,0.0047,544,226
P-1x,1670,13.561,5.87,5.89,0.0059,1242,226
P-1x,1671,13.565,4.62,4.60,0.0046,544,226
P-1x,1672,13.570,4.77,4.78,0.0048,544,226
P-1x,1673,13.576,4.66,4.62,0.0047,544,226
P-1x,1674,13.581,5.82,5.79,0.0058,1242,226
P-1x,1675,13.585,4.90,4.90,0.0049,544,226
P-1x,1676,13.590,4.37,4.39,0.0044,544,226
P-1x,1677,13.596,4.91,4.90,0.0049,544,226
P-1x,1678,13.601,6.10,6.10,0.0061,1666,226
P-1x,1679,13.606,4.66,4.69,0.0047,544,226
P-1x,1680,13.610,4.71,4.70,0.0047,544,226
P-1x,1681,13.616,4.30,4.30,0.0043,596,226
P-1x,1682,13.620,5.87,5.89,0.0059,1242,226
P-1x,1683,13.625,4.56,4.51,0.0046,544,226
P-1x,1684,13.629,4.23,4.29,0.0042,544,226
P-1x,1685,13.635,4.33,4.30,0.0043,544,226
P-1x,1686,13.639,5.88,5.88,0.0059,1242,226
P-1x,1687,13.644,4.31,4.31,0.0043,544,226
P-1x,1688,13.648,4.33,4.31,0.0043,544,226
P-1x,1689,13.654,4.60,4.59,0.0046,544,226
P-1x,1690,13.659,5.99,6.01,0.0060,1242,226
P-1x,1691,13.664,5.06,5.00,0.0051,544,226
P-1x,1692,13.668,4.43,4.49,0.0044,544,226
P-1x,1693,13.674,4.28,4.30,0.0043,544,226
P-1x,1694,13.680,7.23,7.19,0.0072,9850,226
P-1x,1695,13.685,5.12,5.15,0.0051,544,226
P-1x,1696,13.690,4.75,4.68,0.0048,544,226
P-1x,1697,13.696,5.10,5.16,0.0051,544,226
P-1x,1698,13.701,6.23,6.21,0.0062,1242,226
P-1x,1699,13.706,4.49,4.49,0.0045,544,226
P-1x,1700,13.710,4.96,4.82,0.0050,544,226
P-1x,1701,13.717,5.04,5.08,0.0050,544,226
P-1x,1702,13.722,6.64,6.70,0.0066,1242,226
P-1x,1703,13.726,4.49,4.49,0.0045,544,226
P-1x,1704,13.731,4.27,4.27,0.0043,544,226
P-1x,1705,13.737,4.60,4.60,0.0046,544,226
P-1x,1706,13.741,5.90,5.90,0.0059,1242,226
P-1x,1707,13.746,4.36,4.39,0.0044,544,226
P-1x,1708,13.750,4.52,4.51,0.0045,544,226
P-1x,1709,13.756,4.28,4.30,0.0043,544,226
P-1x,1710,13.760,6.04,6.00,0.0060,1242,226
P-1x,1711,13.765,4.20,4.20,0.0042,544,226
P-1x,1712,13.770,4.95,4.96,0.0050,544,226
P-1x,1713,13.776,4.44,4.45,0.0044,544,226
P-1x,1714,13.780,6.07,6.01,0.0061,1242,226
P-1x,1715,13.785,4.76,4.79,0.0048,544,226
P-1x,1716,13.789,4.28,4.30,0.0043,544,226
P-1x,1717,13.795,4.39,4.39,0.0044,544,226
P-1x,1718,13.799,5.75,5.71,0.0057,1502,226
P-1x,1719,13.804,4.24,4.29,0.0042,544,226
P-1x,1720,13.808,4.62,4.60,0.0046,544,226
P-1x,1721,13.814,4.50,4.50,0.0045,544,226
P-1x,1722,13.819,5.92,5.90,0.0059,1294,226
P-1x,1723,13.823,4.68,4.70,0.0047,544,226
P-1x,1724,13.828,4.29,4.28,0.0043,544,226
P-1x,1725,13.833,4.52,4.50,0.0045,544,226
P-1x,1726,13.838,5.70,5.69,0.0057,1402,226
P-1x,1727,13.842,4.37,4.41,0.0044,544,226
P-1x,1728,13.847,5.13,5.10,0.0051,544,226
P-1x,1729,13.853,4.40,4.40,0.0044,544,226
P-1x,1730,13.858,5.83,5.81,0.0058,1242,226
P-1x,1731,13.862,4.35,4.38,0.0043,544,226
P-1x,1732,13.866,4.51,4.50,0.0045,544,226
P-1x,1733,13.871,4.26,4.29,0.0043,544,226
P-1x,1734,13.876,4.33,4.31,0.0043,544,226
P-1x,1735,13.881,6.03,6.00,0.0060,1242,226
P-1x,1736,13.885,4.48,4.50,0.0045,544,226
P-1x,1737,13.890,4.34,4.31,0.0043,544,226
P-1x,1738,13.895,4.40,4.39,0.0044,544,226
P-1x,1739,13.900,5.58,5.59,0.0056,1782,226
P-1x,1740,13.904,4.46,4.48,0.0045,544,226
P-1x,1741,13.909,4.74,4.72,0.0047,544,226
P-1x,1742,13.915,4.49,4.43,0.0045,544,226
P-1x,1743,13.920,6.36,6.45,0.0064,1530,226
P-1x,1744,13.925,4.73,4.71,0.0047,544,226
P-1x,1745,13.929,4.43,4.40,0.0044,544,226
P-1x,1746,13.934,4.16,4.19,0.0042,544,226
P-1x,1747,13.940,6.31,6.30,0.0063,1242,226
P-1x,1748,13.944,4.61,4.60,0.0046,544,226
P-1x,1749,13.948,4.30,4.30,0.0043,544,226
P-1x,1750,13.955,4.82,4.80,0.0048,544,226
P-1x,1751,13.959,5.99,6.00,0.0060,1242,226
P-1x,1752,13.964,4.65,4.60,0.0046,544,226
P-1x,1753,13.968,4.64,4.70,0.0046,544,226
P-1x,1754,13.974,4.41,4.39,0.0044,544,226
P-1x,1755,13.979,6.00,6.00,0.0060,1242,226
P-1x,1756,13.983,4.29,4.30,0.0043,544,226
P-1x,1757,13.988,4.52,4.51,0.0045,544,226
P-1x,1758,13.993,4.27,4.29,0.0043,544,226
P-1x,1759,13.998,6.43,6.40,0.0064,1242,226
P-1x,1760,14.002,4.08,4.10,0.0041,544,226
P-1x,1761,14.007,4.32,4.30,0.0043,544,226
P-1x,1762,14.014,5.34,5.10,0.0053,544,226
P-1x,1763,14.018,5.71,5.92,0.0057,1242,226
P-1x,1764,14.022,4.56,4.58,0.0046,596,226
P-1x,1765,14.027,4.29,4.28,0.0043,544,226
P-1x,1766,14.034,4.40,4.40,0.0044,544,226
P-1x,1767,14.039,8.23,8.20,0.0082,3690,226
P-1x,1768,14.044,4.88,4.90,0.0049,544,226
P-1x,1769,14.049,4.45,4.31,0.0044,544,226
P-1x,1770,14.055,5.08,5.19,0.0051,544,226
P-1x,1771,14.060,5.98,5.98,0.0060,1242,226
P-1x,1772,14.064,4.69,4.71,0.0047,544,226
P-1x,1773,14.069,4.39,4.39,0.0044,544,226
P-1x,1774,14.074,4.38,4.40,0.0044,544,226
P-1x,1775,14.079,5.57,5.51,0.0056,1242,226
P-1x,1776,14.083,4.12,4.18,0.0041,544,226
P-1x,1777,14.087,4.33,4.29,0.0043,544,226
P-1x,1778,14.093,4.17,4.21,0.0042,544,226
P-1x,1779,14.097,5.91,5.89,0.0059,1242,226
P-1x,1780,14.102,4.35,4.31,0.0044,544,226
P-1x,1781,14.106,4.57,4.59,0.0046,544,226
P-1x,1782,14.111,4.39,4.40,0.0044,544,226
P-1x,1783,14.116,4.60,4.60,0.0046,544,226
P-1x,1784,14.121,5.73,5.71,0.0057,1242,226
P-1x,1785,14.125,4.39,4.40,0.0044,544,226
P-1x,1786,14.130,5.10,5.09,0.0051,544,226
P-1x,1787,14.136,4.44,4.41,0.0044,576,226
P-1x,1788,14.141,6.18,6.18,0.0062,544,226
P-1x,1789,14.146,4.59,4.61,0.0046,544,226
P-1x,1790,14.150,4.25,4.29,0.0043,544,226
P-1x,1791,14.156,4.51,4.42,0.0045,544,226
P-1x,1792,14.160,6.13,6.17,0.0061,544,226
P-1x,1793,14.165,4.73,4.71,0.0047,544,226
P-1x,1794,14.170,4.55,4.58,0.0045,544,226
P-1x,1795,14.176,4.93,4.91,0.0049,544,226
P-1x,1796,14.180,5.72,5.71,0.0057,648,226
P-1x,1797,14.185,4.26,4.28,0.0043,544,226
P-1x,1798,14.189,4.50,4.49,0.0045,544,226
P-1x,1799,14.195,4.43,4.41,0.0044,544,226
P-1x,1800,14.199,5.87,5.90,0.0059,544,226
P-1x,1801,14.204,4.81,4.80,0.0048,544,226
P-1x,1802,14.209,4.73,4.72,0.0047,544,226
P-1x,1803,14.215,4.15,4.16,0.0042,544,226
P-1x,1804,14.219,5.86,5.83,0.0059,544,226
P-1x,1805,14.223,4.36,4.37,0.0044,596,226
P-1x,1806,14.228,4.23,4.22,0.0042,544,226
P-1x,1807,14.233,4.36,4.37,0.0044,544,226
P-1x,1808,14.237,5.28,5.29,0.0053,544,226
P-1x,1809,14.242,4.34,4.31,0.0043,544,226
P-1x,1810,14.246,4.35,4.39,0.0043,544,226
P-1x,1811,14.251,4.44,4.41,0.0044,544,226
P-1x,1812,14.256,4.35,4.38,0.0044,544,226
P-1x,1813,14.261,5.95,5.91,0.0060,544,226
P-1x,1814,14.265,4.09,4.11,0.0041,544,226
P-1x,1815,14.270,4.80,4.82,0.0048,544,226
P-1x,1816,14.276,4.61,4.57,0.0046,544,226
P-1x,1817,14.280,5.93,5.90,0.0059,544,226
P-1x,1818,14.285,4.86,4.89,0.0049,544,226
P-1x,1819,14.290,4.75,4.71,0.0047,544,226
P-1x,1820,14.296,4.64,4.68,0.0046,544,226
P-1x,1821,14.300,5.61,5.62,0.0056,544,226
P-1x,1822,14.305,4.50,4.49,0.0045,544,226
P-1x,1823,14.309,4.36,4.39,0.0044,544,226
P-1x,1824,14.314,4.34,4.30,0.0043,544,226
P-1x,1825,14.319,5.52,5.51,0.0055,544,226
P-1x,1826,14.323,4.35,4.38,0.0044,544,226
P-1x,1827,14.327,4.23,4.22,0.0042,544,226
P-1x,1828,14.332,4.19,4.19,0.0042,544,226
P-1x,1829,14.337,5.26,5.21,0.0053,544,226
P-1x,1830,14.341,4.11,4.17,0.0041,544,226
P-1x,1831,14.345,4.43,4.42,0.0044,544,226
P-1x,1832,14.349,4.18,4.20,0.0042,544,226
P-1x,1833,14.355,4.42,4.40,0.0044,544,226
P-1x,1834,14.360,5.66,5.62,0.0057,544,226
P-1x,1835,14.364,4.50,4.49,0.0045,544,226
P-1x,1836,14.368,4.44,4.48,0.0044,544,226
P-1x,1837,14.374,4.61,4.62,0.0046,544,226
P-1x,1838,14.379,5.60,5.59,0.0056,544,226
P-1x,1839,14.383,4.38,4.40,0.0044,544,226
P-1x,1840,14.387,4.32,4.29,0.0043,544,226
P-1x,1841,14.393,4.18,4.20,0.0042,544,226
P-1x,1842,14.397,5.62,5.59,0.0056,1088,226
P-1x,1843,14.402,4.92,4.91,0.0049,544,226
P-1x,1844,14.407,4.43,4.42,0.0044,544,226
P-1x,1845,14.413,4.85,4.87,0.0049,544,226
P-1x,1846,14.417,5.68,5.69,0.0057,1644,226
P-1x,1847,14.422,4.61,4.60,0.0046,544,226
P-1x,1848,14.426,4.43,4.32,0.0044,596,226
P-1x,1849,14.431,4.79,4.88,0.0048,544,226
P-1x,1850,14.436,3.74,3.78,0.0037,544,226
P-1x,1851,14.441,6.35,6.31,0.0064,544,226
P-1x,1852,14.445,4.28,4.30,0.0043,544,226
P-1x,1853,14.450,4.54,4.50,0.0045,544,226
P-1x,1854,14.455,4.56,4.60,0.0046,544,226
P-1x,1855,14.460,5.83,5.81,0.0058,544,226
P-1x,1856,14.464,4.29,4.29,0.0043,544,226
P-1x,1857,14.469,4.31,4.30,0.0043,544,226
P-1x,1858,14.474,3.57,3.59,0.0036,544,226
P-1x,1859,14.478,5.94,5.90,0.0059,544,226
P-1x,1860,14.483,4.29,4.31,0.0043,544,226
P-1x,1861,14.487,4.41,4.39,0.0044,544,226
P-1x,1862,14.493,4.62,4.60,0.0046,544,226
P-1x,1863,14.497,5.68,5.69,0.0057,544,226
P-1x,1864,14.503,5.32,5.31,0.0053,544,226
P-1x,1865,14.507,4.08,4.09,0.0041,544,226
P-1x,1866,14.511,4.23,4.22,0.0042,544,226
P-1x,1867,14.516,4.36,4.38,0.0044,544,226
P-1x,1868,14.521,5.53,5.51,0.0055,544,226
P-1x,1869,14.525,4.48,4.49,0.0045,648,226
P-1x,1870,14.529,4.08,4.10,0.0041,544,226
P-1x,1871,14.535,4.12,4.10,0.0041,544,226
P-1x,1872,14.538,4.98,4.99,0.0050,544,226
P-1x,1873,14.543,4.41,4.40,0.0044,544,226
P-1x,1874,14.547,4.21,4.20,0.0042,544,226
P-1x,1875,14.552,4.18,4.20,0.0042,544,226
P-1x,1876,14.557,5.53,5.51,0.0055,544,226
P-1x,1877,14.561,4.08,4.08,0.0041,544,226
P-1x,1878,14.565,4.30,4.30,0.0043,544,226
P-1x,1879,14.570,4.37,4.38,0.0044,544,226
P-1x,1880,14.575,4.22,4.21,0.0042,544,226
P-1x,1881,14.579,5.00,5.00,0.0050,544,226
P-1x,1882,14.583,4.09,4.10,0.0041,544,226
P-1x,1883,14.587,3.99,4.00,0.0040,544,226
P-1x,1884,14.591,4.05,4.00,0.0040,544,226
P-1x,1885,14.597,4.26,4.29,0.0043,544,226
P-1x,1886,14.601,5.97,5.92,0.0060,1600,226
P-1x,1887,14.605,4.10,4.09,0.0041,544,226
P-1x,1888,14.610,4.52,4.51,0.0045,544,226
P-1x,1889,14.615,4.17,4.18,0.0042,544,226
P-1x,1890,14.620,5.81,5.85,0.0058,544,226
P-1x,1891,14.624,4.05,4.04,0.0040,544,226
P-1x,1892,14.628,3.89,3.90,0.0039,596,226
P-1x,1893,14.633,3.70,3.70,0.0037,544,226
P-1x,1894,14.637,5.64,5.60,0.0056,544,226
P-1x,1895,14.641,4.28,4.29,0.0043,544,226
P-1x,1896,14.646,4.30,4.30,0.0043,544,226
P-1x,1897,14.650,4.60,4.60,0.0046,544,226
P-1x,1898,14.656,4.19,4.19,0.0042,544,226
P-1x,1899,14.660,6.09,6.01,0.0061,544,226
P-1x,1900,14.665,4.42,4.49,0.0044,544,226
P-1x,1901,14.670,4.78,4.73,0.0048,544,226
P-1x,1902,14.675,4.33,4.37,0.0043,544,226
P-1x,1903,14.679,4.92,4.90,0.0049,3100,226
P-1x,1904,14.683,4.27,4.29,0.0043,544,226
P-1x,1905,14.687,4.33,4.30,0.0043,544,226
P-1x,1906,14.693,4.57,4.58,0.0046,544,226
P-1x,1907,14.698,5.80,5.71,0.0058,544,226
P-1x,1908,14.702,4.51,4.60,0.0045,544,226
P-1x,1909,14.707,4.13,4.10,0.0041,544,226
P-1x,1910,14.712,4.70,4.69,0.0047,544,226
P-1x,1911,14.717,5.57,5.59,0.0056,544,226
P-1x,1912,14.721,4.31,4.30,0.0043,544,226
P-1x,1913,14.726,4.49,4.50,0.0045,544,226
P-1x,1914,14.730,4.07,4.10,0.0041,544,226
P-1x,1915,14.735,4.42,4.40,0.0044,544,226
P-1x,1916,14.739,5.31,5.30,0.0053,544,226
P-1x,1917,14.744,4.19,4.20,0.0042,544,226
P-1x,1918,14.748,4.02,4.00,0.0040,544,226
P-1x,1919,14.753,4.19,4.19,0.0042,544,226
P-1x,1920,14.758,6.52,6.50,0.0065,728,226
P-1x,1921,14.763,4.37,4.39,0.0044,544,226
P-1x,1922,14.767,4.48,4.49,0.0045,544,226
P-1x,1923,14.772,4.04,4.00,0.0040,544,226
P-1x,1924,14.777,5.88,5.82,0.0059,1242,226
P-1x,1925,14.781,4.20,4.27,0.0042,544,226
P-1x,1926,14.785,3.99,4.00,0.0040,544,226
P-1x,1927,14.789,4.20,4.20,0.0042,544,226
P-1x,1928,14.795,3.88,3.89,0.0039,544,226
P-1x,1929,14.799,5.63,5.62,0.0056,1242,226
P-1x,1930,14.803,4.19,4.18,0.0042,544,226
P-1x,1931,14.807,4.39,4.41,0.0044,544,226
P-1x,1932,14.813,4.40,4.40,0.0044,544,226
P-1x,1933,14.818,5.59,5.59,0.0056,1242,226
P-1x,1934,14.822,4.69,4.63,0.0047,544,226
P-1x,1935,14.826,3.92,3.88,0.0039,544,226
P-1x,1936,14.830,4.08,4.11,0.0041,596,226
P-1x,1937,14.835,3.87,3.89,0.0039,544,226
P-1x,1938,14.840,5.28,5.30,0.0053,1242,226
P-1x,1939,14.844,4.19,4.18,0.0042,544,226
P-1x,1940,14.848,4.43,4.34,0.0044,544,226
P-1x,1941,14.853,4.34,4.37,0.0043,544,226
P-1x,1942,14.858,5.62,5.67,0.0056,1242,226
P-1x,1943,14.862,4.29,4.30,0.0043,544,226
P-1x,1944,14.867,4.57,4.58,0.0046,1492,226
P-1x,1945,14.873,4.65,4.62,0.0047,544,226
P-1x,1946,14.877,5.76,5.72,0.0058,1242,226
P-1x,1947,14.882,4.56,4.49,0.0046,544,226
P-1x,1948,14.886,4.67,4.78,0.0047,544,226
P-1x,1949,14.892,4.61,4.60,0.0046,544,226
P-1x,1950,14.898,7.38,7.39,0.0074,1978,226
P-1x,1951,14.903,4.20,4.20,0.0042,544,226
P-1x,1952,14.907,4.53,4.51,0.0045,544,226
P-1x,1953,14.913,4.30,4.30,0.0043,544,226
P-1x,1954,14.917,5.67,5.69,0.0057,3970,226
P-1x,1955,14.922,4.60,4.60,0.0046,544,226
P-1x,1956,14.926,4.72,4.71,0.0047,544,226
P-1x,1957,14.932,4.56,4.58,0.0046,544,226
P-1x,1958,14.936,5.47,5.40,0.0055,3970,226
P-1x,1959,14.941,4.68,4.71,0.0047,544,226
P-1x,1960,14.946,4.58,4.59,0.0046,544,226
P-1x,1961,14.950,4.40,4.40,0.0044,544,226
P-1x,1962,14.956,4.50,4.50,0.0045,544,226
P-1x,1963,14.960,5.78,5.79,0.0058,3970,226
P-1x,1964,14.965,4.11,4.10,0.0041,544,226
P-1x,1965,14.969,4.28,4.29,0.0043,544,226
P-1x,1966,14.974,3.99,4.00,0.0040,544,226
P-1x,1967,14.978,5.62,5.61,0.0056,3970,226
P-1x,1968,14.983,4.50,4.49,0.0045,544,226
P-1x,1969,14.987,4.33,4.31,0.0043,544,226
P-1x,1970,14.993,4.58,4.59,0.0046,544,226
P-1x,1971,14.998,5.96,5.91,0.0060,3970,226
P-1x,1972,15.002,4.43,4.48,0.0044,544,226
P-1x,1973,15.007,4.71,4.70,0.0047,544,226
P-1x,1974,15.013,4.31,4.30,0.0043,544,226
P-1x,1975,15.017,5.96,5.99,0.0060,4442,226
P-1x,1976,15.022,4.51,4.50,0.0045,544,226
P-1x,1977,15.026,4.17,4.11,0.0042,544,226
P-1x,1978,15.030,4.13,4.18,0.0041,544,226
P-1x,1979,15.035,4.06,4.04,0.0041,596,226
P-1x,1980,15.040,6.46,6.46,0.0065,4338,226
P-1x,1981,15.045,4.07,4.01,0.0041,544,226
P-1x,1982,15.049,4.82,4.89,0.0048,544,226
P-1x,1983,15.055,4.60,4.59,0.0046,544,226
P-1x,1984,15.060,6.01,6.00,0.0060,5334,226
P-1x,1985,15.064,4.19,4.20,0.0042,544,226
P-1x,1986,15.069,4.52,4.50,0.0045,544,226
P-1x,1987,15.081,4.37,4.38,0.0044,544,226
P-1x,1988,15.086,13.23,13.21,0.0132,13306,226
P-1x,1989,15.093,5.29,5.29,0.0053,544,226
P-1x,1990,15.098,6.38,6.39,0.0064,5334,226
P-1x,1991,15.103,5.01,5.01,0.0050,544,226
P-1x,1992,15.108,4.98,4.99,0.0050,544,226
P-1x,1993,15.115,4.78,4.79,0.0048,624,226
P-1x,1994,15.120,7.03,7.00,0.0070,5124,226
P-1x,1995,15.126,5.74,5.71,0.0057,544,226
P-1x,1996,15.132,5.43,5.39,0.0054,544,226
P-1x,1997,15.137,6.03,6.08,0.0060,4652,226
P-1x,1998,15.142,4.81,4.80,0.0048,544,226
P-1x,1999,15.147,5.42,5.41,0.0054,544,226
P-1x,2000,15.153,4.88,4.89,0.0049,544,226
P-1x,2001,15.158,6.19,6.19,0.0062,4652,226
P-1x,2002,15.164,5.34,5.31,0.0053,544,226
P-1x,2003,15.168,4.65,4.68,0.0046,544,226
P-1x,2004,15.177,4.88,4.90,0.0049,544,226
P-1x,2005,15.182,9.15,9.11,0.0091,7652,226
P-1x,2006,15.189,6.53,6.50,0.0065,912,226
P-1x,2007,15.195,5.00,5.00,0.0050,544,226
P-1x,2008,15.200,6.15,6.18,0.0062,3970,226
P-1x,2009,15.205,5.31,5.29,0.0053,544,226
P-1x,2010,15.210,4.97,4.99,0.0050,544,226
P-1x,2011,15.216,5.09,5.10,0.0051,624,226
P-1x,2012,15.222,6.53,6.50,0.0065,3288,226
P-1x,2013,15.227,5.01,5.01,0.0050,544,226
P-1x,2014,15.233,5.28,5.29,0.0053,544,226
P-1x,2015,15.239,6.42,6.40,0.0064,3340,226
P-1x,2016,15.244,5.20,5.19,0.0052,544,226
P-1x,2017,15.249,5.02,5.00,0.0050,544,226
P-1x,2018,15.255,4.85,4.90,0.0049,544,226
P-1x,2019,15.260,6.52,6.50,0.0065,3288,226
P-1x,2020,15.265,4.79,4.79,0.0048,544,226
P-1x,2021,15.270,5.07,5.09,0.0051,544,226
P-1x,2022,15.281,4.93,4.91,0.0049,624,226
P-1x,2023,15.288,12.52,12.50,0.0125,9962,226
P-1x,2024,15.294,5.98,6.00,0.0060,544,226
P-1x,2025,15.300,6.72,6.70,0.0067,2606,226
P-1x,2026,15.306,5.58,5.59,0.0056,544,226
P-1x,2027,15.312,5.39,5.40,0.0054,544,226
P-1x,2028,15.318,6.75,6.70,0.0067,2606,226
P-1x,2029,15.323,5.37,5.40,0.0054,544,226
P-1x,2030,15.329,6.19,6.20,0.0062,912,226
P-1x,2031,15.336,5.71,5.70,0.0057,544,226
P-1x,2032,15.342,6.62,6.60,0.0066,3970,226
P-1x,2033,15.347,5.69,5.70,0.0057,544,226
P-1x,2034,15.354,5.44,5.41,0.0054,544,226
P-1x,2035,15.360,6.78,6.77,0.0068,3970,226
P-1x,2036,15.365,5.67,5.71,0.0057,544,226
P-1x,2037,15.372,5.70,5.70,0.0057,544,226
P-1x,2038,15.377,6.20,6.20,0.0062,4130,226
P-1x,2039,15.383,5.63,5.61,0.0056,544,226
P-1x,2040,15.389,5.57,5.59,0.0056,544,226
P-1x,2041,15.397,5.19,5.20,0.0052,544,226
P-1x,2042,15.403,8.81,8.80,0.0088,14828,226
P-1x,2043,15.408,5.49,5.49,0.0055,544,226
P-1x,2044,15.415,5.73,5.71,0.0057,544,226
P-1x,2045,15.421,7.30,7.29,0.0073,3158,226
P-1x,2046,15.427,5.66,5.68,0.0057,544,226
P-1x,2047,15.433,5.51,5.50,0.0055,544,226
P-1x,2048,15.439,7.11,7.11,0.0071,2658,226
P-1x,2049,15.445,5.31,5.29,0.0053,544,226
P-1x,2050,15.450,5.46,5.50,0.0055,544,226
P-1x,2051,15.457,5.82,5.80,0.0058,544,226
P-1x,2052,15.463,6.93,6.90,0.0069,2606,226
P-1x,2053,15.469,5.78,5.79,0.0058,544,226
P-1x,2054,15.476,5.62,5.61,0.0056,544,226
P-1x,2055,15.482,7.19,7.19,0.0072,2606,226
P-1x,2056,15.487,5.53,5.50,0.0055,544,226
P-1x,2057,15.494,6.08,6.01,0.0061,544,226
P-1x,2058,15.500,6.69,6.79,0.0067,2638,226
P-1x,2059,15.506,5.99,5.99,0.0060,544,226
P-1x,2060,15.511,5.10,5.10,0.0051,544,226
P-1x,2061,15.518,5.30,5.30,0.0053,544,226
P-1x,2062,15.523,6.58,6.59,0.0066,1908,226
P-1x,2063,15.527,4.80,4.79,0.0048,544,226
P-1x,2064,15.534,5.25,5.22,0.0053,544,226
P-1x,2065,15.539,6.70,6.69,0.0067,1908,226
P-1x,2066,15.545,5.29,5.29,0.0053,544,226
P-1x,2067,15.550,5.29,5.31,0.0053,544,226
P-1x,2068,15.557,5.91,5.89,0.0059,544,226
P-1x,2069,15.562,6.40,6.40,0.0064,1908,226
P-1x,2070,15.568,5.59,5.60,0.0056,544,226
P-1x,2071,15.574,5.17,5.19,0.0052,544,226
P-1x,2072,15.580,6.34,6.32,0.0063,1908,226
P-1x,2073,15.585,5.70,5.69,0.0057,544,226
P-1x,2074,15.590,5.00,5.00,0.0050,544,226
P-1x,2075,15.597,5.83,5.80,0.0058,544,226
P-1x,2076,15.602,6.48,6.49,0.0065,1908,226
P-1x,2077,15.608,5.50,5.50,0.0055,544,226
P-1x,2078,15.617,7.48,7.49,0.0075,1280,226
P-1x,2079,15.622,6.67,6.62,0.0067,4636,226
P-1x,2080,15.627,5.34,5.38,0.0053,544,226
P-1x,2081,15.634,5.17,5.19,0.0052,544,226
P-1x,2082,15.640,6.93,6.90,0.0069,4688,226
P-1x,2083,15.645,5.30,5.30,0.0053,544,226
P-1x,2084,15.650,5.28,5.29,0.0053,544,226
P-1x,2085,15.657,5.94,5.91,0.0059,544,226
P-1x,2086,15.663,6.51,6.50,0.0065,4636,226
P-1x,2087,15.668,5.75,5.78,0.0058,544,226
P-1x,2088,15.675,5.00,5.01,0.0050,544,226
P-1x,2089,15.681,7.55,7.51,0.0076,5052,226
P-1x,2090,15.687,5.76,5.79,0.0058,544,226
P-1x,2091,15.694,5.63,5.60,0.0056,544,226
P-1x,2092,15.700,7.30,7.29,0.0073,4636,226
P-1x,2093,15.705,5.54,5.51,0.0055,544,226
P-1x,2094,15.713,6.15,6.18,0.0062,544,226
P-1x,2095,15.719,7.32,7.23,0.0073,4636,226
P-1x,2096,15.725,5.97,6.04,0.0060,544,226
P-1x,2097,15.730,5.63,5.61,0.0056,544,226
P-1x,2098,15.737,5.87,5.89,0.0059,544,226
P-1x,2099,15.743,6.83,6.79,0.0068,4636,226
P-1x,2100,15.748,5.25,5.29,0.0052,544,226
P-1x,2101,15.755,5.72,5.71,0.0057,544,226
P-1x,2102,15.761,6.89,6.90,0.0069,4636,226
P-1x,2103,15.766,5.24,5.20,0.0052,544,226
P-1x,2104,15.773,5.34,5.38,0.0053,544,226
P-1x,2105,15.778,6.73,6.70,0.0067,4636,226
P-1x,2106,15.783,5.39,5.40,0.0054,544,226
P-1x,2107,15.789,5.61,5.61,0.0056,544,226
P-1x,2108,15.795,5.29,5.30,0.0053,544,226
P-1x,2109,15.801,6.73,6.70,0.0067,4636,226
P-1x,2110,15.806,5.39,5.40,0.0054,544,226
P-1x,2111,15.813,5.37,5.39,0.0054,544,226
P-1x,2112,15.819,6.74,6.71,0.0067,4636,226
P-1x,2113,15.824,5.39,5.39,0.0054,544,226
P-1x,2114,15.829,5.29,5.30,0.0053,544,226
P-1x,2115,15.836,5.69,5.69,0.0057,544,226
P-1x,2116,15.841,6.53,6.51,0.0065,4688,226
P-1x,2117,15.847,5.62,5.59,0.0056,544,226
P-1x,2118,15.854,6.08,6.10,0.0061,544,226
P-1x,2119,15.860,6.79,6.79,0.0068,4636,226
P-1x,2120,15.865,5.39,5.41,0.0054,544,226
P-1x,2121,15.871,5.30,5.28,0.0053,544,226
P-1x,2122,15.877,5.58,5.52,0.0056,544,226
P-1x,2123,15.882,6.32,6.39,0.0063,4636,226
P-1x,2124,15.888,5.73,5.69,0.0057,2056,226
P-1x,2125,15.895,5.49,5.50,0.0055,544,226
P-1x,2126,15.900,6.23,6.22,0.0062,4636,226
P-1x,2127,15.905,4.99,5.00,0.0050,544,226
P-1x,2128,15.910,5.36,5.37,0.0054,1208,226
P-1x,2129,15.916,4.81,4.80,0.0048,544,226
P-1x,2130,15.921,5.98,5.99,0.0060,4636,226
P-1x,2131,15.926,5.33,5.31,0.0053,544,226
P-1x,2132,15.933,5.10,5.10,0.0051,544,226
P-1x,2133,15.938,6.21,6.19,0.0062,4636,226
P-1x,2134,15.943,5.70,5.71,0.0057,544,226
P-1x,2135,15.948,4.88,4.88,0.0049,544,226
P-1x,2136,15.955,5.32,5.31,0.0053,544,226
P-1x,2137,15.960,6.48,6.48,0.0065,4636,226
P-1x,2138,15.965,4.92,4.90,0.0049,544,226
P-1x,2139,15.970,5.19,5.20,0.0052,544,226
P-1x,2140,15.977,5.21,5.20,0.0052,544,226
P-1x,2141,15.981,5.72,5.68,0.0057,4636,226
P-1x,2142,15.986,5.06,5.10,0.0051,544,226
P-1x,2143,15.992,5.13,5.10,0.0051,544,226
P-1x,2144,15.997,5.92,5.91,0.0059,4636,226
P-1x,2145,16.002,5.25,5.28,0.0052,544,226
P-1x,2146,16.008,5.02,5.00,0.0050,544,226
P-1x,2147,16.014,5.43,5.19,0.0054,544,226
P-1x,2148,16.019,6.44,6.70,0.0064,4636,226
P-1x,2149,16.024,5.02,5.00,0.0050,544,226
P-1x,2150,16.032,6.69,6.70,0.0067,1280,226
P-1x,2151,16.037,6.43,6.40,0.0064,7524,226
P-1x,2152,16.043,5.52,5.49,0.0055,596,226
P-1x,2153,16.048,5.16,5.20,0.0052,544,226
P-1x,2154,16.054,5.18,5.19,0.0052,544,226
P-1x,2155,16.060,7.03,7.01,0.0070,6948,226
P-1x,2156,16.066,5.37,5.39,0.0054,544,226
P-1x,2157,16.072,5.20,5.20,0.0052,544,226
P-1x,2158,16.077,6.29,6.29,0.0063,6000,226
P-1x,2159,16.082,4.83,4.80,0.0048,544,226
P-1x,2160,16.088,5.61,5.61,0.0056,544,226
P-1x,2161,16.095,5.80,5.79,0.0058,544,226
P-1x,2162,16.100,6.07,6.09,0.0061,6000,226
P-1x,2163,16.105,5.62,5.60,0.0056,544,226
P-1x,2164,16.112,6.11,6.10,0.0061,544,226
P-1x,2165,16.118,6.87,6.89,0.0069,6000,226
P-1x,2166,16.123,5.28,5.29,0.0053,544,226
P-1x,2167,16.129,5.02,5.02,0.0050,544,226
P-1x,2168,16.135,4.86,4.88,0.0049,544,226
P-1x,2169,16.140,6.44,6.41,0.0064,6000,226
P-1x,2170,16.145,5.30,5.29,0.0053,544,226
P-1x,2171,16.150,5.09,5.11,0.0051,544,226
P-1x,2172,16.157,5.59,5.59,0.0056,544,226
P-1x,2173,16.162,6.00,6.00,0.0060,6000,226
P-1x,2174,16.167,5.10,5.11,0.0051,544,226
P-1x,2175,16.173,5.31,5.29,0.0053,544,226
P-1x,2176,16.179,7.04,7.00,0.0070,6368,226
P-1x,2177,16.185,5.33,5.30,0.0053,544,226
P-1x,2178,16.190,5.21,5.28,0.0052,544,226
P-1x,2179,16.197,5.43,5.40,0.0054,544,226
P-1x,2180,16.202,6.98,7.01,0.0070,7364,226
P-1x,2181,16.208,5.40,5.40,0.0054,544,226
P-1x,2182,16.218,5.11,5.10,0.0051,544,226
P-1x,2183,16.224,11.50,11.49,0.0115,12290,226
P-1x,2184,16.230,5.37,5.39,0.0054,544,226
P-1x,2185,16.237,6.43,6.41,0.0064,728,226
P-1x,2186,16.244,7.59,7.58,0.0076,8570,226
P-1x,2187,16.249,5.51,5.50,0.0055,596,226
P-1x,2188,16.256,5.69,5.69,0.0057,544,226
P-1x,2189,16.262,6.99,7.00,0.0070,8784,226
P-1x,2190,16.268,6.07,6.01,0.0061,544,226
P-1x,2191,16.274,5.42,5.48,0.0054,544,226
P-1x,2192,16.280,6.97,6.90,0.0070,8744,226
P-1x,2193,16.286,5.75,5.80,0.0058,544,226
P-1x,2194,16.293,5.78,5.78,0.0058,544,226
P-1x,2195,16.299,7.01,7.02,0.0070,8744,226
P-1x,2196,16.305,5.81,5.80,0.0058,544,226
P-1x,2197,16.310,5.69,5.70,0.0057,544,226
P-1x,2198,16.320,5.56,5.59,0.0056,784,226
P-1x,2199,16.327,10.85,10.82,0.0108,9704,226
P-1x,2200,16.334,6.19,6.19,0.0062,544,226
P-1x,2201,16.340,7.15,7.09,0.0072,3970,226
P-1x,2202,16.346,5.61,5.62,0.0056,544,226
P-1x,2203,16.353,6.36,6.39,0.0064,544,226
P-1x,2204,16.359,6.91,6.89,0.0069,4130,226
P-1x,2205,16.365,5.78,5.79,0.0058,544,226
P-1x,2206,16.371,5.99,6.01,0.0060,544,226
P-1x,2207,16.378,6.02,5.99,0.0060,544,226
P-1x,2208,16.383,6.43,6.41,0.0064,3970,226
P-1x,2209,16.389,5.98,5.99,0.0060,544,226
P-1x,2210,16.396,5.66,5.68,0.0057,544,226
P-1x,2211,16.401,6.49,6.50,0.0065,4510,226
P-1x,2212,16.407,6.15,6.11,0.0062,544,226
P-1x,2213,16.415,6.18,6.18,0.0062,544,226
P-1x,2214,16.420,6.63,6.62,0.0066,4130,226
P-1x,2215,16.426,5.83,5.78,0.0058,544,226
P-1x,2216,16.433,5.62,5.70,0.0056,544,226
P-1x,2217,16.439,7.12,7.10,0.0071,2606,226
P-1x,2218,16.445,6.19,6.20,0.0062,544,226
P-1x,2219,16.451,5.77,5.79,0.0058,596,226
P-1x,2220,16.458,5.61,5.60,0.0056,544,226
P-1x,2221,16.463,6.69,6.69,0.0067,2606,226
P-1x,2222,16.470,6.64,6.64,0.0066,544,226
P-1x,2223,16.477,5.77,5.77,0.0058,544,226
P-1x,2224,16.482,6.50,6.49,0.0065,2606,226
P-1x,2225,16.487,5.18,5.19,0.0052,544,226
P-1x,2226,16.494,5.92,5.91,0.0059,544,226
P-1x,2227,16.500,6.51,6.50,0.0065,2606,226
P-1x,2228,16.506,5.90,5.90,0.0059,544,226
P-1x,2229,16.512,5.59,5.60,0.0056,544,226
P-1x,2230,16.518,6.79,6.71,0.0068,2606,226
P-1x,2231,16.523,5.12,5.19,0.0051,544,226
P-1x,2232,16.528,5.47,5.49,0.0055,544,226
P-1x,2233,16.535,5.72,5.71,0.0057,544,226
P-1x,2234,16.541,6.85,6.80,0.0068,2606,226
P-1x,2235,16.547,5.46,5.49,0.0055,544,226
P-1x,2236,16.554,5.80,5.80,0.0058,544,226
P-1x,2237,16.560,7.38,7.32,0.0074,3078,226
P-1x,2238,16.565,5.63,5.67,0.0056,544,226
P-1x,2239,16.571,5.37,5.39,0.0054,544,226
P-1x,2240,16.578,5.93,5.91,0.0059,544,226
P-1x,2241,16.583,6.47,6.50,0.0065,2606,226
P-1x,2242,16.589,5.72,5.70,0.0057,544,226
P-1x,2243,16.595,5.04,5.00,0.0050,544,226
P-1x,2244,16.600,6.45,6.49,0.0065,2606,226
P-1x,2245,16.606,5.61,5.59,0.0056,544,226
P-1x,2246,16.612,5.12,5.11,0.0051,544,226
P-1x,2247,16.617,6.17,6.19,0.0062,2606,226
P-1x,2248,16.623,5.39,5.39,0.0054,544,226
P-1x,2249,16.627,4.92,4.90,0.0049,544,226
P-1x,2250,16.634,5.29,5.30,0.0053,544,226
P-1x,2251,16.640,6.78,6.72,0.0068,2606,226
P-1x,2252,16.645,5.26,5.28,0.0053,544,226
P-1x,2253,16.650,5.57,5.60,0.0056,544,226
P-1x,2254,16.657,5.71,5.71,0.0057,676,226
P-1x,2255,16.663,6.63,6.60,0.0066,1924,226
P-1x,2256,16.668,5.57,5.59,0.0056,544,226
P-1x,2257,16.674,5.17,5.18,0.0052,544,226
P-1x,2258,16.680,6.46,6.42,0.0065,1924,226
P-1x,2259,16.685,5.21,5.20,0.0052,544,226
P-1x,2260,16.692,5.77,5.79,0.0058,544,226
P-1x,2261,16.698,6.61,6.60,0.0066,1924,226
P-1x,2262,16.703,5.89,5.90,0.0059,544,226
P-1x,2263,16.709,5.39,5.39,0.0054,544,226
P-1x,2264,16.715,5.59,5.49,0.0056,544,226
P-1x,2265,16.721,6.70,6.80,0.0067,1924,226
P-1x,2266,16.727,5.53,5.50,0.0055,544,226
P-1x,2267,16.733,5.22,5.21,0.0052,544,226
P-1x,2268,16.738,6.16,6.19,0.0062,2004,226
P-1x,2269,16.744,5.58,5.59,0.0056,544,226
P-1x,2270,16.749,4.94,4.91,0.0049,544,226
P-1x,2271,16.755,5.59,5.59,0.0056,544,226
P-1x,2272,16.761,6.40,6.39,0.0064,1242,226
P-1x,2273,16.766,5.38,5.40,0.0054,544,226
P-1x,2274,16.772,5.38,5.38,0.0054,544,226
P-1x,2275,16.777,6.12,6.10,0.0061,1242,226
P-1x,2276,16.782,5.01,5.00,0.0050,544,226
P-1x,2277,16.787,5.10,5.10,0.0051,544,226
P-1x,2278,16.794,5.50,5.51,0.0055,544,226
P-1x,2279,16.799,6.29,6.29,0.0063,1242,226
P-1x,2280,16.805,5.59,5.59,0.0056,544,226
P-1x,2281,16.812,6.60,6.61,0.0066,728,226
P-1x,2282,16.818,6.19,6.20,0.0062,1964,226
P-1x,2283,16.824,5.77,5.72,0.0058,544,226
P-1x,2284,16.829,5.76,5.78,0.0058,544,226
P-1x,2285,16.836,5.45,5.43,0.0054,544,226
P-1x,2286,16.841,5.94,5.96,0.0059,2212,226
P-1x,2287,16.846,5.27,5.29,0.0053,544,226
P-1x,2288,16.852,5.62,5.60,0.0056,544,226
P-1x,2289,16.858,6.30,6.30,0.0063,1976,226
P-1x,2290,16.863,5.28,5.30,0.0053,544,226
P-1x,2291,16.869,5.72,5.70,0.0057,544,226
P-1x,2292,16.875,5.29,5.30,0.0053,544,226
P-1x,2293,16.880,6.24,6.21,0.0062,1924,226
P-1x,2294,16.886,5.19,5.18,0.0052,544,226
P-1x,2295,16.891,5.16,5.19,0.0052,544,226
P-1x,2296,16.897,5.41,5.39,0.0054,544,226
P-1x,2297,16.903,6.42,6.40,0.0064,1924,226
P-1x,2298,16.908,5.38,5.40,0.0054,544,226
P-1x,2299,16.915,5.85,5.80,0.0059,544,226
P-1x,2300,16.920,6.34,6.40,0.0063,1924,226
P-1x,2301,16.926,5.51,5.49,0.0055,544,226
P-1x,2302,16.932,5.71,5.69,0.0057,544,226
P-1x,2303,16.938,6.62,6.62,0.0066,1924,226
P-1x,2304,16.944,5.68,5.69,0.0057,544,226
P-1x,2305,16.949,4.92,4.92,0.0049,544,226
P-1x,2306,16.956,5.25,5.27,0.0053,544,226
P-1x,2307,16.962,8.63,8.59,0.0086,6792,226
P-1x,2308,16.969,6.30,6.31,0.0063,544,226
P-1x,2309,16.975,5.41,5.40,0.0054,544,226
P-1x,2310,16.981,6.48,6.49,0.0065,1924,226
P-1x,2311,16.986,5.33,5.30,0.0053,544,226
P-1x,2312,16.992,5.50,5.49,0.0055,544,226
P-1x,2313,16.998,6.70,6.71,0.0067,1924,226
P-1x,2314,17.004,5.48,5.48,0.0055,544,226
P-1x,2315,17.010,5.90,5.89,0.0059,544,226
P-1x,2316,17.016,5.71,5.71,0.0057,544,226
P-1x,2317,17.022,6.91,6.90,0.0069,1924,226
P-1x,2318,17.028,5.90,5.90,0.0059,544,226
P-1x,2319,17.035,5.48,5.50,0.0055,544,226
P-1x,2320,17.041,7.31,7.29,0.0073,2578,226
P-1x,2321,17.047,5.61,5.60,0.0056,544,226
P-1x,2322,17.054,6.19,6.20,0.0062,544,226
P-1x,2323,17.060,7.40,7.40,0.0074,2008,226
P-1x,2324,17.066,5.59,5.61,0.0056,544,226
P-1x,2325,17.072,5.48,5.49,0.0055,544,226
P-1x,2326,17.077,6.30,6.29,0.0063,1226,226
P-1x,2327,17.083,5.31,5.31,0.0053,544,226
P-1x,2328,17.089,5.74,5.70,0.0057,544,226
P-1x,2329,17.095,5.68,5.69,0.0057,544,226
P-1x,2330,17.101,6.50,6.49,0.0065,1226,226
P-1x,2331,17.106,5.67,5.69,0.0057,544,226
P-1x,2332,17.113,5.38,5.40,0.0054,544,226
P-1x,2333,17.118,6.77,6.72,0.0068,2282,226
P-1x,2334,17.124,5.35,5.38,0.0054,544,226
P-1x,2335,17.129,5.50,5.50,0.0055,544,226
P-1x,2336,17.136,5.69,5.69,0.0057,624,226
P-1x,2337,17.141,6.02,6.00,0.0060,544,226
P-1x,2338,17.147,5.58,5.51,0.0056,544,226
P-1x,2339,17.153,5.33,5.38,0.0053,544,226
P-1x,2340,17.159,6.61,6.60,0.0066,544,226
P-1x,2341,17.165,6.04,6.01,0.0060,544,226
P-1x,2342,17.170,5.91,5.96,0.0059,544,226
P-1x,2343,17.177,5.90,5.83,0.0059,544,226
P-1x,2344,17.183,6.34,6.39,0.0063,3100,226
P-1x,2345,17.188,5.36,5.39,0.0054,544,226
P-1x,2346,17.195,5.71,5.70,0.0057,544,226
P-1x,2347,17.200,6.41,6.41,0.0064,544,226
P-1x,2348,17.206,5.63,5.60,0.0056,544,226
P-1x,2349,17.212,5.46,5.49,0.0055,544,226
P-1x,2350,17.218,6.71,6.69,0.0067,544,226
P-1x,2351,17.223,5.28,5.31,0.0053,544,226
P-1x,2352,17.229,5.21,5.20,0.0052,544,226
P-1x,2353,17.234,5.07,5.09,0.0051,544,226
P-1x,2354,17.240,6.53,6.50,0.0065,544,226
P-1x,2355,17.246,5.41,5.40,0.0054,544,226
P-1x,2356,17.251,5.29,5.29,0.0053,544,226
P-1x,2357,17.257,5.34,5.30,0.0053,544,226
P-1x,2358,17.262,6.25,6.29,0.0063,596,226
P-1x,2359,17.268,5.91,5.91,0.0059,544,226
P-1x,2360,17.274,5.09,5.07,0.0051,544,226
P-1x,2361,17.280,6.74,6.72,0.0067,544,226
P-1x,2362,17.286,5.56,5.59,0.0056,544,226
P-1x,2363,17.292,5.64,5.60,0.0056,544,226
P-1x,2364,17.298,6.57,6.60,0.0066,544,226
P-1x,2365,17.303,5.16,5.13,0.0052,544,226
P-1x,2366,17.308,5.34,5.37,0.0053,544,226
P-1x,2367,17.315,5.50,5.50,0.0055,544,226
P-1x,2368,17.320,6.20,6.20,0.0062,544,226
P-1x,2369,17.325,5.11,5.10,0.0051,544,226
P-1x,2370,17.331,5.38,5.38,0.0054,544,226
P-1x,2371,17.337,5.00,5.01,0.0050,544,226
P-1x,2372,17.342,6.52,6.51,0.0065,544,226
P-1x,2373,17.348,5.69,5.69,0.0057,544,226
P-1x,2374,17.354,4.99,5.00,0.0050,544,226
P-1x,2375,17.360,6.85,6.79,0.0068,544,226
P-1x,2376,17.365,5.50,5.52,0.0055,544,226
P-1x,2377,17.371,5.46,5.48,0.0055,544,226
P-1x,2378,17.377,5.77,5.71,0.0058,544,226
P-1x,2379,17.383,7.03,7.09,0.0070,728,226
P-1x,2380,17.388,5.13,5.15,0.0051,544,226
P-1x,2381,17.395,5.58,5.55,0.0056,544,226
P-1x,2382,17.401,6.41,6.40,0.0064,1266,226
P-1x,2383,17.406,5.59,5.60,0.0056,544,226
P-1x,2384,17.412,5.35,5.30,0.0053,544,226
P-1x,2385,17.418,6.51,6.49,0.0065,1226,226
P-1x,2386,17.423,5.32,5.40,0.0053,544,226
P-1x,2387,17.428,4.99,4.99,0.0050,544,226
P-1x,2388,17.435,5.43,5.40,0.0054,544,226
P-1x,2389,17.440,6.33,6.31,0.0063,1226,226
P-1x,2390,17.445,5.29,5.29,0.0053,544,226
P-1x,2391,17.452,5.72,5.70,0.0057,640,226
P-1x,2392,17.457,5.70,5.69,0.0057,1226,226
P-1x,2393,17.462,5.25,5.28,0.0053,596,226
P-1x,2394,17.467,5.29,5.30,0.0053,544,226
P-1x,2395,17.474,5.59,5.60,0.0056,544,226
P-1x,2396,17.479,6.24,6.21,0.0062,1226,226
P-1x,2397,17.485,5.60,5.60,0.0056,544,226
P-1x,2398,17.490,5.05,5.08,0.0051,544,226
P-1x,2399,17.496,5.30,5.30,0.0053,544,226
P-1x,2400,17.501,6.33,6.30,0.0063,1226,226
P-1x,2401,17.507,5.49,5.49,0.0055,544,226
P-1x,2402,17.513,5.39,5.40,0.0054,544,226
P-1x,2403,17.520,7.54,7.54,0.0075,1226,226
P-1x,2404,17.526,5.96,5.97,0.0060,544,226
P-1x,2405,17.532,5.11,5.09,0.0051,544,226
P-1x,2406,17.537,6.28,6.30,0.0063,1226,226
P-1x,2407,17.543,5.86,5.80,0.0059,544,226
P-1x,2408,17.549,5.65,5.69,0.0057,544,226
P-1x,2409,17.556,5.69,5.70,0.0057,544,226
P-1x,2410,17.561,6.72,6.71,0.0067,1226,226
P-1x,2411,17.566,5.42,5.39,0.0054,544,226
P-1x,2412,17.573,5.46,5.50,0.0055,544,226
P-1x,2413,17.578,6.10,6.10,0.0061,1226,226
P-1x,2414,17.583,4.89,4.89,0.0049,544,226
P-1x,2415,17.588,4.82,4.81,0.0048,544,226
P-1x,2416,17.594,5.41,5.40,0.0054,544,226
P-1x,2417,17.599,5.91,5.91,0.0059,1226,226
P-1x,2418,17.604,5.28,5.29,0.0053,544,226
P-1x,2419,17.610,5.50,5.50,0.0055,544,226
P-1x,2420,17.616,5.03,5.00,0.0050,544,226
P-1x,2421,17.622,6.73,6.72,0.0067,1698,226
P-1x,2422,17.627,5.44,5.47,0.0054,544,226
P-1x,2423,17.633,4.98,4.91,0.0050,544,226
P-1x,2424,17.638,6.24,6.29,0.0062,1226,226
P-1x,2425,17.644,5.37,5.38,0.0054,544,226
P-1x,2426,17.649,5.52,5.51,0.0055,544,226
P-1x,2427,17.656,5.28,5.29,0.0053,544,226
P-1x,2428,17.661,6.21,6.20,0.0062,1226,226
P-1x,2429,17.666,4.80,4.80,0.0048,596,226
P-1x,2430,17.671,5.07,5.09,0.0051,544,226
P-1x,2431,17.677,5.36,5.31,0.0054,544,226
P-1x,2432,17.683,6.57,6.60,0.0066,1226,226
P-1x,2433,17.688,5.08,5.09,0.0051,544,226
P-1x,2434,17.694,5.20,5.20,0.0052,544,226
P-1x,2435,17.699,6.31,6.30,0.0063,1226,226
P-1x,2436,17.704,5.00,5.00,0.0050,544,226
P-1x,2437,17.710,5.62,5.60,0.0056,728,226
P-1x,2438,17.716,5.49,5.50,0.0055,544,226
P-1x,2439,17.721,6.12,6.10,0.0061,2004,226
P-1x,2440,17.727,5.28,5.30,0.0053,544,226
P-1x,2441,17.732,4.68,4.69,0.0047,544,226
P-1x,2442,17.737,6.09,6.09,0.0061,1242,226
P-1x,2443,17.743,5.15,5.13,0.0052,544,226
P-1x,2444,17.748,5.09,5.09,0.0051,544,226
P-1x,2445,17.754,5.08,5.09,0.0051,544,226
P-1x,2446,17.759,6.12,6.09,0.0061,1242,226
P-1x,2447,17.765,5.63,5.61,0.0056,544,226
P-1x,2448,17.770,5.43,5.48,0.0054,544,226
P-1x,2449,17.776,5.32,5.31,0.0053,544,226
P-1x,2450,17.781,6.11,6.10,0.0061,1242,226
P-1x,2451,17.786,4.37,4.40,0.0044,544,226
P-1x,2452,17.790,4.72,4.70,0.0047,544,226
P-1x,2453,17.796,4.61,4.59,0.0046,544,226
P-1x,2454,17.801,5.66,5.70,0.0057,1242,226
P-1x,2455,17.806,5.13,5.11,0.0051,544,226
P-1x,2456,17.810,4.59,4.58,0.0046,544,226
P-1x,2457,17.816,4.69,4.71,0.0047,544,226
P-1x,2458,17.821,5.90,5.89,0.0059,1242,226
P-1x,2459,17.826,4.81,4.83,0.0048,544,226
P-1x,2460,17.831,5.00,4.98,0.0050,544,226
P-1x,2461,17.836,4.41,4.39,0.0044,544,226
P-1x,2462,17.841,5.69,5.71,0.0057,1242,226
P-1x,2463,17.846,4.83,4.79,0.0048,544,226
P-1x,2464,17.851,4.99,5.00,0.0050,544,226
P-1x,2465,17.857,4.99,4.98,0.0050,544,226
P-1x,2466,17.861,5.71,5.71,0.0057,1242,226
P-1x,2467,17.866,4.73,4.71,0.0047,596,226
P-1x,2468,17.871,4.57,4.59,0.0046,544,226
P-1x,2469,17.877,4.93,4.90,0.0049,544,226
P-1x,2470,17.882,6.10,6.09,0.0061,1242,226
P-1x,2471,17.886,4.80,4.80,0.0048,544,226
P-1x,2472,17.893,4.98,4.98,0.0050,544,226
P-1x,2473,17.897,5.98,6.00,0.0060,1242,226
P-1x,2474,17.902,4.69,4.69,0.0047,544,226
P-1x,2475,17.907,4.80,4.81,0.0048,544,226
P-1x,2476,17.912,4.52,4.50,0.0045,544,226
P-1x,2477,17.918,6.21,6.19,0.0062,1242,226
P-1x,2478,17.923,5.00,5.01,0.0050,544,226
P-1x,2479,17.927,4.50,4.49,0.0045,544,226
P-1x,2480,17.932,4.48,4.50,0.0045,544,226
P-1x,2481,17.937,5.43,5.39,0.0054,1242,226
P-1x,2482,17.942,4.65,4.69,0.0046,544,226
P-1x,2483,17.947,4.84,4.81,0.0048,544,226
P-1x,2484,17.952,4.61,4.59,0.0046,544,226
P-1x,2485,17.957,5.77,5.80,0.0058,1242,226
P-1x,2486,17.962,4.68,4.69,0.0047,544,226
P-1x,2487,17.966,4.59,4.61,0.0046,544,226
P-1x,2488,17.972,4.76,4.71,0.0048,544,226
P-1x,2489,17.977,5.90,5.90,0.0059,1242,226
P-1x,2490,17.981,4.49,4.50,0.0045,544,226
P-1x,2491,17.986,4.79,4.80,0.0048,544,226
P-1x,2492,17.991,4.49,4.48,0.0045,544,226
P-1x,2493,17.997,5.03,5.01,0.0050,544,226
P-1x,2494,18.002,6.20,6.20,0.0062,1242,226
P-1x,2495,18.007,4.98,4.99,0.0050,544,226
P-1x,2496,18.012,4.60,4.59,0.0046,544,226
P-1x,2497,18.018,6.45,6.10,0.0065,1242,226
P-1x,2498,18.023,4.94,5.29,0.0049,544,226
P-1x,2499,18.027,4.39,4.39,0.0044,544,226
P-1x,2500,18.033,4.60,4.60,0.0046,544,226
P-1x,2501,18.038,5.82,5.80,0.0058,1242,226
P-1x,2502,18.043,5.21,5.20,0.0052,544,226
P-1x,2503,18.047,4.50,4.51,0.0045,544,226
P-1x,2504,18.053,4.68,4.69,0.0047,544,226
P-1x,2505,18.058,5.53,5.50,0.0055,1242,226
P-1x,2506,18.062,4.77,4.79,0.0048,544,226
P-1x,2507,18.067,4.70,4.71,0.0047,596,226
P-1x,2508,18.073,4.49,4.50,0.0045,544,226
P-1x,2509,18.077,5.64,5.60,0.0056,1242,226
P-1x,2510,18.082,4.48,4.50,0.0045,544,226
P-1x,2511,18.086,4.58,4.59,0.0046,544,226
P-1x,2512,18.092,4.60,4.60,0.0046,544,226
P-1x,2513,18.096,5.62,5.60,0.0056,1242,226
P-1x,2514,18.101,4.89,4.90,0.0049,544,226
P-1x,2515,18.106,4.40,4.40,0.0044,544,226
P-1x,2516,18.110,4.73,4.70,0.0047,544,226
P-1x,2517,18.116,4.71,4.69,0.0047,544,226
P-1x,2518,18.121,5.76,5.79,0.0058,1242,226
P-1x,2519,18.126,5.08,5.01,0.0051,544,226
P-1x,2520,18.132,4.84,4.89,0.0048,544,226
P-1x,2521,18.136,5.50,5.50,0.0055,1242,226
P-1x,2522,18.141,4.60,4.59,0.0046,544,226
P-1x,2523,18.146,4.77,4.79,0.0048,544,226
P-1x,2524,18.152,5.07,5.01,0.0051,544,226
P-1x,2525,18.157,6.15,6.19,0.0061,1242,226
P-1x,2526,18.162,4.59,4.60,0.0046,544,226
P-1x,2527,18.167,4.82,4.80,0.0048,544,226
P-1x,2528,18.173,5.79,5.79,0.0058,1128,226
P-1x,2529,18.178,6.10,6.10,0.0061,1242,226
P-1x,2530,18.183,4.99,4.99,0.0050,544,226
P-1x,2531,18.188,4.60,4.60,0.0046,544,226
P-1x,2532,18.193,4.47,4.50,0.0045,544,226
P-1x,2533,18.198,5.42,5.32,0.0054,1242,226
P-1x,2534,18.202,4.70,4.78,0.0047,544,226
P-1x,2535,18.207,4.40,4.39,0.0044,544,226
P-1x,2536,18.213,4.87,4.82,0.0049,544,226
P-1x,2537,18.218,6.21,6.19,0.0062,1242,226
P-1x,2538,18.223,5.35,5.39,0.0053,544,226
P-1x,2539,18.228,4.70,4.70,0.0047,544,226
P-1x,2540,18.234,4.62,4.60,0.0046,544,226
P-1x,2541,18.239,5.79,5.73,0.0058,1242,226
P-1x,2542,18.243,4.91,4.97,0.0049,544,226
P-1x,2543,18.249,5.22,5.18,0.0052,544,226
P-1x,2544,18.255,5.01,5.01,0.0050,544,226
P-1x,2545,18.260,6.35,6.31,0.0063,1242,226
P-1x,2546,18.265,5.03,5.08,0.0050,544,226
P-1x,2547,18.270,4.87,4.88,0.0049,596,226
P-1x,2548,18.276,4.57,4.60,0.0046,544,226
P-1x,2549,18.280,5.83,5.80,0.0058,1242,226
P-1x,2550,18.285,4.78,4.79,0.0048,544,226
P-1x,2551,18.290,4.59,4.59,0.0046,544,226
P-1x,2552,18.295,4.73,4.71,0.0047,544,226
P-1x,2553,18.301,6.33,6.29,0.0063,1242,226
P-1x,2554,18.306,4.88,4.83,0.0049,544,226
P-1x,2555,18.310,4.62,4.66,0.0046,544,226
P-1x,2556,18.316,4.66,4.70,0.0047,544,226
P-1x,2557,18.320,5.64,5.61,0.0056,1242,226
P-1x,2558,18.325,4.45,4.49,0.0044,544,226
P-1x,2559,18.329,4.52,4.50,0.0045,544,226
P-1x,2560,18.335,4.73,4.72,0.0047,544,226
P-1x,2561,18.340,6.12,6.08,0.0061,1242,226
P-1x,2562,18.345,5.08,5.09,0.0051,544,226
P-1x,2563,18.350,4.71,4.70,0.0047,544,226
P-1x,2564,18.356,4.78,4.79,0.0048,544,226
P-1x,2565,18.361,6.00,6.00,0.0060,1242,226
P-1x,2566,18.366,4.90,4.91,0.0049,544,226
P-1x,2567,18.370,4.34,4.37,0.0043,544,226
P-1x,2568,18.376,4.87,4.82,0.0049,544,226
P-1x,2569,18.381,6.05,6.01,0.0060,1242,226
P-1x,2570,18.386,4.94,4.98,0.0049,544,226
P-1x,2571,18.390,4.51,4.50,0.0045,544,226
P-1x,2572,18.396,4.76,4.78,0.0048,544,226
P-1x,2573,18.401,6.03,6.01,0.0060,1242,226
P-1x,2574,18.406,4.70,4.70,0.0047,544,226
P-1x,2575,18.411,4.90,4.89,0.0049,544,226
P-1x,2576,18.416,4.41,4.40,0.0044,544,226
P-1x,2577,18.421,5.72,5.70,0.0057,1242,226
P-1x,2578,18.426,4.74,4.78,0.0047,544,226
P-1x,2579,18.430,4.44,4.40,0.0044,544,226
P-1x,2580,18.437,5.38,5.40,0.0054,544,226
P-1x,2581,18.442,6.19,6.20,0.0062,1242,226
P-1x,2582,18.446,4.46,4.49,0.0045,544,226
P-1x,2583,18.452,4.83,4.80,0.0048,544,226
P-1x,2584,18.457,5.60,5.60,0.0056,1242,226
P-1x,2585,18.461,4.82,4.80,0.0048,544,226
P-1x,2586,18.466,5.09,5.09,0.0051,544,226
P-1x,2587,18.472,4.81,4.81,0.0048,596,226
P-1x,2588,18.477,5.98,5.99,0.0060,1242,226
P-1x,2589,18.482,4.85,4.80,0.0048,544,226
P-1x,2590,18.487,4.94,4.98,0.0049,544,226
P-1x,2591,18.494,5.02,5.01,0.0050,544,226
P-1x,2592,18.500,7.81,7.80,0.0078,3390,226
P-1x,2593,18.505,5.50,5.49,0.0055,544,226
P-1x,2594,18.510,5.09,5.11,0.0051,544,226
P-1x,2595,18.516,4.44,4.39,0.0044,544,226
P-1x,2596,18.520,5.56,5.61,0.0056,1242,226
P-1x,2597,18.525,4.36,4.31,0.0044,544,226
P-1x,2598,18.529,4.54,4.58,0.0045,544,226
P-1x,2599,18.535,5.24,5.21,0.0052,544,226
P-1x,2600,18.540,5.56,5.58,0.0056,1242,226
P-1x,2601,18.545,5.11,5.10,0.0051,544,226
P-1x,2602,18.552,5.76,5.71,0.0058,544,226
P-1x,2603,18.557,5.99,6.00,0.0060,1242,226
P-1x,2604,18.562,5.04,5.09,0.0050,544,226
P-1x,2605,18.567,4.77,4.79,0.0048,544,226
P-1x,2606,18.573,4.92,4.90,0.0049,544,226
P-1x,2607,18.578,5.80,5.81,0.0058,1242,226
P-1x,2608,18.582,4.70,4.69,0.0047,544,226
P-1x,2609,18.587,4.90,4.90,0.0049,544,226
P-1x,2610,18.593,4.93,4.92,0.0049,576,226
P-1x,2611,18.598,5.79,5.78,0.0058,544,226
P-1x,2612,18.603,5.15,5.11,0.0052,544,226
P-1x,2613,18.608,4.87,4.90,0.0049,544,226
P-1x,2614,18.614,4.96,4.98,0.0050,544,226
P-1x,2615,18.619,5.72,5.69,0.0057,544,226
P-1x,2616,18.623,4.71,4.72,0.0047,544,226
P-1x,2617,18.628,4.80,4.78,0.0048,544,226
P-1x,2618,18.634,4.74,4.71,0.0047,544,226
P-1x,2619,18.639,5.92,5.90,0.0059,544,226
P-1x,2620,18.644,4.95,4.98,0.0049,544,226
P-1x,2621,18.648,4.76,4.79,0.0048,544,226
P-1x,2622,18.654,4.82,4.80,0.0048,544,226
P-1x,2623,18.660,6.20,6.19,0.0062,544,226
P-1x,2624,18.664,4.68,4.69,0.0047,544,226
P-1x,2625,18.669,4.63,4.60,0.0046,544,226
P-1x,2626,18.675,4.91,4.91,0.0049,596,226
P-1x,2627,18.680,5.93,5.97,0.0059,544,226
P-1x,2628,18.685,4.84,4.83,0.0048,544,226
P-1x,2629,18.689,4.58,4.59,0.0046,544,226
P-1x,2630,18.695,4.60,4.60,0.0046,544,226
P-1x,2631,18.700,6.04,6.01,0.0060,544,226
P-1x,2632,18.705,4.99,5.00,0.0050,544,226
P-1x,2633,18.710,5.22,5.20,0.0052,544,226
P-1x,2634,18.717,5.74,5.71,0.0057,544,226
P-1x,2635,18.721,5.43,5.47,0.0054,544,226
P-1x,2636,18.726,4.65,4.62,0.0046,544,226
P-1x,2637,18.731,4.76,4.78,0.0048,544,226
P-1x,2638,18.736,4.79,4.72,0.0048,544,226
P-1x,2639,18.741,5.79,5.87,0.0058,544,226
P-1x,2640,18.746,4.71,4.70,0.0047,544,226
P-1x,2641,18.750,4.47,4.50,0.0045,544,226
P-1x,2642,18.756,5.00,4.92,0.0050,544,226
P-1x,2643,18.761,5.85,5.89,0.0059,544,226
P-1x,2644,18.766,4.64,4.54,0.0046,544,226
P-1x,2645,18.770,4.73,4.85,0.0047,544,226
P-1x,2646,18.776,4.83,4.80,0.0048,544,226
P-1x,2647,18.781,5.71,5.71,0.0057,544,226
P-1x,2648,18.785,4.49,4.48,0.0045,544,226
P-1x,2649,18.790,4.39,4.40,0.0044,544,226
P-1x,2650,18.795,4.40,4.41,0.0044,544,226
P-1x,2651,18.800,5.72,5.69,0.0057,544,226
P-1x,2652,18.805,4.77,4.80,0.0048,544,226
P-1x,2653,18.809,4.63,4.52,0.0046,544,226
P-1x,2654,18.815,4.89,4.98,0.0049,544,226
P-1x,2655,18.820,5.39,5.39,0.0054,544,226
P-1x,2656,18.824,4.48,4.51,0.0045,544,226
P-1x,2657,18.829,4.42,4.39,0.0044,544,226
P-1x,2658,18.834,4.58,4.59,0.0046,544,226
P-1x,2659,18.839,5.21,5.21,0.0052,544,226
P-1x,2660,18.843,4.33,4.21,0.0043,544,226
P-1x,2661,18.847,4.57,4.69,0.0046,544,226
P-1x,2662,18.852,4.18,4.19,0.0042,544,226
P-1x,2663,18.857,5.51,5.50,0.0055,544,226
P-1x,2664,18.861,4.41,4.40,0.0044,544,226
P-1x,2665,18.866,4.36,4.39,0.0044,544,226
P-1x,2666,18.870,4.43,4.41,0.0044,544,226
P-1x,2667,18.876,4.35,4.31,0.0043,596,226
P-1x,2668,18.880,5.27,5.29,0.0053,544,226
P-1x,2669,18.884,4.62,4.61,0.0046,544,226
P-1x,2670,18.889,4.19,4.08,0.0042,544,226
P-1x,2671,18.894,4.69,4.81,0.0047,544,226
P-1x,2672,18.899,5.30,5.30,0.0053,544,226
P-1x,2673,18.903,4.37,4.39,0.0044,544,226
P-1x,2674,18.907,4.22,4.20,0.0042,544,226
P-1x,2675,18.913,4.58,4.60,0.0046,544,226
P-1x,2676,18.918,5.82,5.81,0.0058,544,226
P-1x,2677,18.922,4.45,4.40,0.0044,544,226
P-1x,2678,18.927,4.57,4.60,0.0046,544,226
P-1x,2679,18.932,4.49,4.49,0.0045,544,226
P-1x,2680,18.936,5.38,5.39,0.0054,544,226
P-1x,2681,18.941,4.50,4.50,0.0045,544,226
P-1x,2682,18.945,4.28,4.29,0.0043,544,226
P-1x,2683,18.950,4.41,4.41,0.0044,544,226
P-1x,2684,18.955,4.42,4.40,0.0044,544,226
P-1x,2685,18.960,6.11,6.09,0.0061,544,226
P-1x,2686,18.965,4.80,4.81,0.0048,544,226
P-1x,2687,18.970,4.55,4.58,0.0046,544,226
P-1x,2688,18.976,4.86,4.81,0.0049,544,226
P-1x,2689,18.980,5.36,5.38,0.0054,544,226
P-1x,2690,18.984,4.18,4.20,0.0042,648,226
P-1x,2691,18.988,4.43,4.41,0.0044,544,226
P-1x,2692,18.994,4.10,4.09,0.0041,544,226
P-1x,2693,18.998,5.50,5.49,0.0055,544,226
P-1x,2694,19.002,4.18,4.20,0.0042,544,226
P-1x,2695,19.007,4.42,4.40,0.0044,544,226
P-1x,2696,19.012,4.38,4.40,0.0044,544,226
P-1x,2697,19.016,5.50,5.50,0.0055,544,226
P-1x,2698,19.021,4.59,4.60,0.0046,544,226
P-1x,2699,19.026,4.33,4.31,0.0043,544,226
P-1x,2700,19.030,4.59,4.59,0.0046,544,226
P-1x,2701,19.035,4.10,4.10,0.0041,544,226
P-1x,2702,19.039,5.42,5.39,0.0054,544,226
P-1x,2703,19.044,4.18,4.18,0.0042,544,226
P-1x,2704,19.048,4.42,4.41,0.0044,544,226
P-1x,2705,19.053,4.29,4.29,0.0043,544,226
P-1x,2706,19.058,5.43,5.43,0.0054,544,226
P-1x,2707,19.062,4.47,4.47,0.0045,544,226
P-1x,2708,19.067,4.29,4.30,0.0043,544,226
P-1x,2709,19.072,4.51,4.50,0.0045,544,226
P-1x,2710,19.077,5.46,5.42,0.0055,596,226
P-1x,2711,19.081,4.47,4.48,0.0045,544,226
P-1x,2712,19.085,4.49,4.49,0.0045,544,226
P-1x,2713,19.090,4.63,4.61,0.0046,544,226
P-1x,2714,19.096,4.69,4.70,0.0047,544,226
P-1x,2715,19.100,5.26,5.29,0.0053,544,226
P-1x,2716,19.104,4.31,4.30,0.0043,544,226
P-1x,2717,19.108,4.17,4.20,0.0042,544,226
P-1x,2718,19.114,4.23,4.21,0.0042,544,226
P-1x,2719,19.118,5.52,5.50,0.0055,544,226
P-1x,2720,19.123,4.48,4.49,0.0045,544,226
P-1x,2721,19.127,4.11,4.09,0.0041,544,226
P-1x,2722,19.132,4.20,4.20,0.0042,544,226
P-1x,2723,19.136,5.10,5.02,0.0051,544,226
P-1x,2724,19.141,4.41,4.48,0.0044,544,226
P-1x,2725,19.145,4.61,4.60,0.0046,544,226
P-1x,2726,19.150,4.37,4.39,0.0044,544,226
P-1x,2727,19.155,4.50,4.49,0.0045,544,226
P-1x,2728,19.159,5.29,5.22,0.0053,544,226
P-1x,2729,19.164,4.53,4.58,0.0045,544,226
P-1x,2730,19.168,4.29,4.30,0.0043,544,226
P-1x,2731,19.173,4.28,4.30,0.0043,544,226
P-1x,2732,19.177,4.84,4.81,0.0048,544,226
P-1x,2733,19.182,4.42,4.40,0.0044,544,226
P-1x,2734,19.187,4.97,4.98,0.0050,728,226
P-1x,2735,19.193,4.59,4.60,0.0046,544,226
P-1x,2736,19.197,5.94,5.91,0.0059,1242,226
P-1x,2737,19.202,4.44,4.48,0.0044,544,226
P-1x,2738,19.206,4.53,4.51,0.0045,544,226
P-1x,2739,19.211,4.39,4.38,0.0044,544,226
P-1x,2740,19.216,4.56,4.51,0.0046,544,226
P-1x,2741,19.221,5.94,5.99,0.0059,1242,226
P-1x,2742,19.226,4.40,4.39,0.0044,544,226
P-1x,2743,19.230,4.19,4.20,0.0042,544,226
P-1x,2744,19.235,4.62,4.60,0.0046,544,226
P-1x,2745,19.242,7.44,7.40,0.0074,1978,226
P-1x,2746,19.246,4.43,4.49,0.0044,544,226
P-1x,2747,19.252,4.74,4.71,0.0047,544,226
P-1x,2748,19.257,5.59,5.59,0.0056,3970,226
P-1x,2749,19.261,4.59,4.60,0.0046,544,226
P-1x,2750,19.265,4.25,4.22,0.0043,544,226
P-1x,2751,19.270,4.53,4.57,0.0045,544,226
P-1x,2752,19.276,4.53,4.51,0.0045,544,226
P-1x,2753,19.280,5.31,5.29,0.0053,4022,226
P-1x,2754,19.284,4.49,4.48,0.0045,544,226
P-1x,2755,19.289,4.54,4.51,0.0045,544,226
P-1x,2756,19.294,4.77,4.78,0.0048,544,226
P-1x,2757,19.299,5.38,5.40,0.0054,3970,226
P-1x,2758,19.303,4.50,4.50,0.0045,544,226
P-1x,2759,19.308,4.31,4.29,0.0043,544,226
P-1x,2760,19.314,4.89,4.89,0.0049,544,226
P-1x,2761,19.318,5.72,5.72,0.0057,3970,226
P-1x,2762,19.323,4.98,4.91,0.0050,544,226
P-1x,2763,19.328,4.79,4.88,0.0048,544,226
P-1x,2764,19.334,4.47,4.48,0.0045,544,226
P-1x,2765,19.338,5.73,5.71,0.0057,3970,226
P-1x,2766,19.343,4.27,4.21,0.0043,544,226
P-1x,2767,19.347,4.83,4.88,0.0048,544,226
P-1x,2768,19.353,4.45,4.42,0.0044,544,226
P-1x,2769,19.357,5.65,5.68,0.0056,3970,226
P-1x,2770,19.362,4.63,4.60,0.0046,544,226
P-1x,2771,19.367,4.87,4.89,0.0049,544,226
P-1x,2772,19.373,4.95,4.92,0.0049,544,226
P-1x,2773,19.377,5.35,5.38,0.0054,3970,226
P-1x,2774,19.383,5.59,5.60,0.0056,912,226
P-1x,2775,19.388,4.83,4.79,0.0048,544,226
P-1x,2776,19.393,4.36,4.39,0.0044,544,226
P-1x,2777,19.398,5.74,5.72,0.0057,5334,226
P-1x,2778,19.402,4.29,4.30,0.0043,544,226
P-1x,2779,19.407,4.79,4.80,0.0048,544,226
P-1x,2780,19.412,4.51,4.49,0.0045,544,226
P-1x,2781,19.417,5.57,5.60,0.0056,5334,226
P-1x,2782,19.422,4.61,4.60,0.0046,544,226
P-1x,2783,19.426,4.39,4.31,0.0044,544,226
P-1x,2784,19.431,4.82,4.89,0.0048,544,226
P-1x,2785,19.436,4.59,4.60,0.0046,544,226
P-1x,2786,19.441,5.65,5.60,0.0057,5334,226
P-1x,2787,19.446,5.26,5.30,0.0053,544,226
P-1x,2788,19.453,5.31,5.30,0.0053,544,226
P-1x,2789,19.457,5.32,5.32,0.0053,5334,226
P-1x,2790,19.462,4.64,4.67,0.0046,544,226
P-1x,2791,19.466,4.60,4.60,0.0046,544,226
P-1x,2792,19.471,4.41,4.40,0.0044,544,226
P-1x,2793,19.476,4.40,4.41,0.0044,544,226
P-1x,2794,19.481,6.02,6.00,0.0060,5386,226
P-1x,2795,19.485,4.29,4.29,0.0043,544,226
P-1x,2796,19.490,4.59,4.60,0.0046,544,226
P-1x,2797,19.501,4.42,4.40,0.0044,544,226
P-1x,2798,19.507,12.44,12.40,0.0124,14772,226
P-1x,2799,19.521,5.26,5.29,0.0053,544,226
P-1x,2800,19.527,15.30,15.30,0.0153,17700,226
P-1x,2801,19.535,6.71,6.70,0.0067,912,226
P-1x,2802,19.542,7.79,7.80,0.0078,9566,226
P-1x,2803,19.548,6.43,6.41,0.0064,544,226
P-1x,2804,19.555,5.90,5.90,0.0059,544,226
P-1x,2805,19.561,7.22,7.19,0.0072,6698,226
P-1x,2806,19.567,5.84,5.88,0.0058,544,226
P-1x,2807,19.574,5.89,5.91,0.0059,544,226
P-1x,2808,19.580,6.65,6.60,0.0067,6698,226
P-1x,2809,19.586,6.16,6.20,0.0062,544,226
P-1x,2810,19.593,5.62,5.59,0.0056,544,226
P-1x,2811,19.599,7.18,7.20,0.0072,6874,226
P-1x,2812,19.605,5.90,5.90,0.0059,544,226
P-1x,2813,19.610,5.90,5.90,0.0059,544,226
P-1x,2814,19.617,5.58,5.58,0.0056,720,226
P-1x,2815,19.623,7.00,6.99,0.0070,3970,226
P-1x,2816,19.629,6.05,6.02,0.0060,544,226
P-1x,2817,19.636,6.29,6.31,0.0063,544,226
P-1x,2818,19.642,6.81,6.79,0.0068,3970,226
P-1x,2819,19.648,5.87,5.88,0.0059,544,226
P-1x,2820,19.655,5.80,5.81,0.0058,544,226
P-1x,2821,19.661,7.10,7.10,0.0071,3970,226
P-1x,2822,19.667,5.54,5.50,0.0055,544,226
P-1x,2823,19.673,5.45,5.49,0.0055,544,226
P-1x,2824,19.679,7.23,7.20,0.0072,3970,226
P-1x,2825,19.685,6.08,6.10,0.0061,596,226
P-1x,2826,19.692,5.59,5.60,0.0056,544,226
P-1x,2827,19.698,7.34,7.32,0.0073,3970,226
P-1x,2828,19.704,6.26,6.27,0.0063,544,226
P-1x,2829,19.710,5.61,5.61,0.0056,544,226
P-1x,2830,19.717,5.49,5.50,0.0055,544,226
P-1x,2831,19.722,6.68,6.61,0.0067,3970,226
P-1x,2832,19.727,5.23,5.28,0.0052,544,226
P-1x,2833,19.734,4.99,4.99,0.0050,544,226
P-1x,2834,19.739,6.54,6.51,0.0065,3970,226
P-1x,2835,19.744,5.19,5.20,0.0052,544,226
P-1x,2836,19.749,4.97,4.99,0.0050,544,226
P-1x,2837,19.756,5.10,5.10,0.0051,544,226
P-1x,2838,19.761,6.72,6.70,0.0067,3970,226
P-1x,2839,19.766,5.18,5.20,0.0052,544,226
P-1x,2840,19.772,4.99,4.99,0.0050,544,226
P-1x,2841,19.777,6.33,6.30,0.0063,3970,226
P-1x,2842,19.782,4.89,4.89,0.0049,544,226
P-1x,2843,19.787,4.88,4.91,0.0049,544,226
P-1x,2844,19.794,5.16,5.10,0.0052,544,226
P-1x,2845,19.799,6.86,6.89,0.0069,3970,226
P-1x,2846,19.804,4.98,4.99,0.0050,544,226
P-1x,2847,19.810,5.72,5.72,0.0057,544,226
P-1x,2848,19.816,5.39,5.39,0.0054,544,226
P-1x,2849,19.822,6.20,6.20,0.0062,3970,226
P-1x,2850,19.827,5.39,5.39,0.0054,544,226
P-1x,2851,19.833,4.74,4.71,0.0047,544,226
P-1x,2852,19.838,5.86,5.90,0.0059,3970,226
P-1x,2853,19.843,5.31,5.30,0.0053,544,226
P-1x,2854,19.848,5.08,5.10,0.0051,544,226
P-1x,2855,19.854,4.89,4.90,0.0049,544,226
P-1x,2856,19.859,6.13,6.09,0.0061,3970,226
P-1x,2857,19.864,4.91,4.91,0.0049,544,226
P-1x,2858,19.869,4.97,4.99,0.0050,544,226
P-1x,2859,19.875,4.68,4.70,0.0047,544,226
P-1x,2860,19.880,6.02,6.00,0.0060,3970,226
P-1x,2861,19.885,5.42,5.40,0.0054,596,226
P-1x,2862,19.890,4.87,4.90,0.0049,544,226
P-1x,2863,19.896,5.13,5.10,0.0051,544,226
P-1x,2864,19.902,6.58,6.59,0.0066,3970,226
P-1x,2865,19.906,4.73,4.71,0.0047,544,226
P-1x,2866,19.925,5.08,5.09,0.0051,544,126
P-1x,2867,19.933,20.84,20.80,0.0208,30026,126
P-1x,2868,19.939,6.82,6.82,0.0068,3970,126
P-1x,2869,19.944,5.03,5.08,0.0050,544,126
P-1x,2870,19.949,5.06,5.09,0.0051,544,126
P-1x,2871,19.955,5.25,5.21,0.0052,544,126
P-1x,2872,19.961,6.39,6.39,0.0064,3970,126
P-1x,2873,19.966,5.29,5.30,0.0053,544,126
P-1x,2874,19.972,4.88,4.90,0.0049,544,126
P-1x,2875,19.977,6.43,6.39,0.0064,3970,126
P-1x,2876,19.982,5.01,5.00,0.0050,544,126
P-1x,2877,19.987,4.97,5.00,0.0050,544,126
P-1x,2878,19.993,5.13,5.10,0.0051,544,126
P-1x,2879,19.998,5.92,5.91,0.0059,3970,126
P-1x,2880,20.004,5.59,5.59,0.0056,544,126
P-1x,2881,20.010,5.76,5.71,0.0058,544,126
P-1x,2882,20.016,5.47,5.49,0.0055,576,126
P-1x,2883,20.022,6.32,6.08,0.0063,3272,126
P-1x,2884,20.027,5.33,5.60,0.0053,544,126
P-1x,2885,20.033,5.10,5.10,0.0051,544,126
P-1x,2886,20.038,6.13,6.11,0.0061,3272,126
P-1x,2887,20.044,5.89,5.89,0.0059,856,126
P-1x,2888,20.049,5.26,5.30,0.0053,544,126
P-1x,2889,20.056,5.79,5.72,0.0058,544,126
P-1x,2890,20.061,5.74,5.77,0.0057,3272,126
P-1x,2891,20.065,4.82,4.80,0.0048,544,126
P-1x,2892,20.071,5.28,5.30,0.0053,544,126
P-1x,2893,20.078,7.11,7.09,0.0071,3272,126
P-1x,2894,20.083,5.28,5.29,0.0053,704,126
P-1x,2895,20.090,7.07,7.01,0.0071,1332,126
P-1x,2896,20.096,5.14,5.20,0.0051,544,126
P-1x,2897,20.102,6.28,6.29,0.0063,4636,126
P-1x,2898,20.106,4.78,4.79,0.0048,544,126
P-1x,2899,20.112,5.21,5.22,0.0052,544,126
P-1x,2900,20.118,6.54,6.50,0.0065,4636,126
P-1x,2901,20.123,5.28,5.30,0.0053,544,126
P-1x,2902,20.128,5.02,5.00,0.0050,544,126
P-1x,2903,20.134,4.95,4.98,0.0049,544,126
P-1x,2904,20.140,6.14,6.11,0.0061,4636,126
P-1x,2905,20.145,5.10,5.10,0.0051,544,126
P-1x,2906,20.150,5.17,5.20,0.0052,544,126
P-1x,2907,20.156,5.21,5.19,0.0052,544,126
P-1x,2908,20.161,5.83,5.80,0.0058,4636,126
P-1x,2909,20.166,5.42,5.42,0.0054,544,126
P-1x,2910,20.173,5.65,5.62,0.0057,544,126
P-1x,2911,20.178,6.45,6.47,0.0064,4636,126
P-1x,2912,20.184,5.58,5.59,0.0056,544,126
P-1x,2913,20.189,5.08,5.09,0.0051,544,126
P-1x,2914,20.195,5.11,5.11,0.0051,544,126
P-1x,2915,20.200,5.83,5.80,0.0058,4636,126
P-1x,2916,20.206,5.59,5.59,0.0056,544,126
P-1x,2917,20.210,4.87,4.90,0.0049,544,126
P-1x,2918,20.216,5.12,5.10,0.0051,544,126
P-1x,2919,20.221,5.69,5.70,0.0057,4636,126
P-1x,2920,20.226,5.17,5.10,0.0052,544,126
P-1x,2921,20.233,6.12,6.20,0.0061,912,126
P-1x,2922,20.239,6.04,5.99,0.0060,6160,126
P-1x,2923,20.244,5.07,5.10,0.0051,544,126
P-1x,2924,20.249,5.09,5.10,0.0051,544,126
P-1x,2925,20.255,5.12,5.09,0.0051,544,126
P-1x,2926,20.260,5.91,5.90,0.0059,4636,126
P-1x,2927,20.265,5.29,5.30,0.0053,544,126
P-1x,2928,20.270,5.09,5.11,0.0051,544,126
P-1x,2929,20.276,5.10,5.10,0.0051,544,126
P-1x,2930,20.282,6.95,6.90,0.0069,4636,126
P-1x,2931,20.287,5.06,5.08,0.0051,544,126
P-1x,2932,20.293,4.80,4.82,0.0048,596,126
P-1x,2933,20.298,6.00,5.99,0.0060,4636,126
P-1x,2934,20.303,4.88,4.89,0.0049,544,126
P-1x,2935,20.308,5.00,5.00,0.0050,544,126
P-1x,2936,20.314,5.03,5.01,0.0050,544,126
P-1x,2937,20.319,5.69,5.70,0.0057,4636,126
P-1x,2938,20.324,4.88,4.90,0.0049,544,126
P-1x,2939,20.328,4.74,4.70,0.0047,544,126
P-1x,2940,20.334,4.95,4.99,0.0049,544,126
P-1x,2941,20.339,5.76,5.71,0.0058,4636,126
P-1x,2942,20.344,4.86,4.89,0.0049,544,126
P-1x,2943,20.349,4.81,4.80,0.0048,544,126
P-1x,2944,20.356,5.09,5.09,0.0051,544,126
P-1x,2945,20.362,8.02,8.00,0.0080,8182,126
P-1x,2946,20.367,5.39,5.40,0.0054,544,126
P-1x,2947,20.373,5.28,5.29,0.0053,544,126
P-1x,2948,20.379,6.83,6.80,0.0068,5004,126
P-1x,2949,20.384,5.12,5.10,0.0051,544,126
P-1x,2950,20.390,5.15,5.18,0.0052,544,126
P-1x,2951,20.395,5.30,5.30,0.0053,544,126
P-1x,2952,20.401,6.02,6.00,0.0060,6000,126
P-1x,2953,20.406,5.42,5.40,0.0054,1632,126
P-1x,2954,20.412,4.97,5.00,0.0050,544,126
P-1x,2955,20.417,5.99,5.91,0.0060,6000,126
P-1x,2956,20.423,5.81,5.89,0.0058,544,126
P-1x,2957,20.428,5.00,4.99,0.0050,544,126
P-1x,2958,20.434,5.01,5.00,0.0050,544,126
P-1x,2959,20.439,5.85,5.82,0.0059,6000,126
P-1x,2960,20.444,4.89,4.89,0.0049,544,126
P-1x,2961,20.450,5.75,5.78,0.0058,728,126
P-1x,2962,20.455,5.10,5.10,0.0051,888,126
P-1x,2963,20.461,6.21,6.19,0.0062,4418,126
P-1x,2964,20.466,4.97,5.00,0.0050,544,126
P-1x,2965,20.471,4.92,4.90,0.0049,544,126
P-1x,2966,20.477,5.79,5.79,0.0058,3954,126
P-1x,2967,20.482,5.00,5.01,0.0050,544,126
P-1x,2968,20.486,4.59,4.59,0.0046,544,126
P-1x,2969,20.492,4.73,4.71,0.0047,544,126
P-1x,2970,20.497,5.79,5.80,0.0058,4006,126
P-1x,2971,20.502,4.99,5.00,0.0050,544,126
P-1x,2972,20.506,4.80,4.80,0.0048,544,126
P-1x,2973,20.512,4.69,4.69,0.0047,544,126
P-1x,2974,20.517,5.73,5.71,0.0057,3954,126
P-1x,2975,20.522,5.29,5.17,0.0053,544,126
P-1x,2976,20.527,5.08,5.21,0.0051,544,126
P-1x,2977,20.533,4.79,4.71,0.0048,544,126
P-1x,2978,20.538,5.70,5.79,0.0057,3954,126
P-1x,2979,20.543,5.55,5.51,0.0056,544,126
P-1x,2980,20.548,4.67,4.69,0.0047,544,126
P-1x,2981,20.553,4.77,4.79,0.0048,544,126
P-1x,2982,20.558,5.64,5.62,0.0056,3954,126
P-1x,2983,20.563,4.55,4.59,0.0045,544,126
P-1x,2984,20.568,5.05,5.02,0.0051,544,126
P-1x,2985,20.573,4.46,4.46,0.0045,544,126
P-1x,2986,20.578,5.52,5.52,0.0055,3954,126
P-1x,2987,20.583,4.69,4.70,0.0047,544,126
P-1x,2988,20.587,4.60,4.59,0.0046,544,126
P-1x,2989,20.593,5.25,5.23,0.0053,544,126
P-1x,2990,20.598,5.37,5.38,0.0054,3954,126
P-1x,2991,20.603,4.67,4.69,0.0047,544,126
P-1x,2992,20.607,4.61,4.60,0.0046,544,126
P-1x,2993,20.612,4.58,4.60,0.0046,544,126
P-1x,2994,20.618,5.87,5.81,0.0059,3954,126
P-1x,2995,20.623,5.06,5.06,0.0051,544,126
P-1x,2996,20.627,4.50,4.52,0.0045,544,126
P-1x,2997,20.633,4.75,4.71,0.0047,544,126
P-1x,2998,20.638,5.57,5.57,0.0056,3954,126
P-1x,2999,20.643,5.19,5.21,0.0052,544,126
P-1x,3000,20.648,5.51,5.40,0.0055,544,126
P-1x,3001,20.654,5.11,5.19,0.0051,544,126
P-1x,3002,20.659,5.61,5.61,0.0056,3954,126
P-1x,3003,20.664,5.58,5.58,0.0056,728,126
P-1x,3004,20.669,4.97,4.99,0.0050,544,126
P-1x,3005,20.675,4.66,4.60,0.0047,544,126
P-1x,3006,20.680,6.09,6.12,0.0061,4652,126
P-1x,3007,20.685,4.64,4.68,0.0046,544,126
P-1x,3008,20.690,4.96,4.85,0.0050,544,126
P-1x,3009,20.696,5.19,5.26,0.0052,544,126
P-1x,3010,20.701,5.67,5.70,0.0057,4704,126
P-1x,3011,20.706,4.94,4.89,0.0049,544,126
P-1x,3012,20.711,4.97,4.91,0.0050,544,126
P-1x,3013,20.716,4.82,4.90,0.0048,544,126
P-1x,3014,20.721,5.78,5.76,0.0058,4652,126
P-1x,3015,20.726,5.35,5.32,0.0053,544,126
P-1x,3016,20.732,4.68,4.70,0.0047,544,126
P-1x,3017,20.737,5.57,5.58,0.0056,4652,126
P-1x,3018,20.742,4.92,4.91,0.0049,544,126
P-1x,3019,20.746,4.59,4.60,0.0046,544,126
P-1x,3020,20.752,5.06,5.00,0.0051,544,126
P-1x,3021,20.757,5.46,5.49,0.0055,4652,126
P-1x,3022,20.762,4.99,5.00,0.0050,544,126
P-1x,3023,20.767,5.20,5.20,0.0052,544,126
P-1x,3024,20.773,5.02,5.01,0.0050,544,126
P-1x,3025,20.777,5.49,5.48,0.0055,4652,126
P-1x,3026,20.782,4.64,4.60,0.0046,544,126
P-1x,3027,20.787,5.17,5.19,0.0052,544,126
P-1x,3028,20.793,4.58,4.61,0.0046,544,126
P-1x,3029,20.797,5.52,5.48,0.0055,4652,126
P-1x,3030,20.802,4.65,4.63,0.0046,544,126
P-1x,3031,20.807,4.85,4.87,0.0049,544,126
P-1x,3032,20.812,4.68,4.70,0.0047,544,126
P-1x,3033,20.817,5.18,5.19,0.0052,4652,126
P-1x,3034,20.821,4.64,4.62,0.0046,544,126
P-1x,3035,20.826,4.39,4.39,0.0044,544,126
P-1x,3036,20.830,4.80,4.79,0.0048,544,126
P-1x,3037,20.835,4.05,4.09,0.0041,544,126
P-1x,3038,20.840,5.58,5.51,0.0056,4652,126
P-1x,3039,20.845,4.96,4.98,0.0050,544,126
P-1x,3040,20.850,4.70,4.70,0.0047,544,126
P-1x,3041,20.855,4.80,4.80,0.0048,544,126
P-1x,3042,20.861,6.00,5.91,0.0060,4652,126
P-1x,3043,20.866,5.11,5.19,0.0051,544,126
P-1x,3044,20.872,4.98,4.99,0.0050,544,126
P-1x,3045,20.877,5.94,5.92,0.0059,4652,126
P-1x,3046,20.882,5.04,5.00,0.0050,544,126
P-1x,3047,20.886,4.68,4.69,0.0047,544,126
P-1x,3048,20.892,4.97,4.99,0.0050,544,126
P-1x,3049,20.897,5.50,5.49,0.0055,4652,126
P-1x,3050,20.901,4.59,4.60,0.0046,596,126
P-1x,3051,20.906,4.49,4.50,0.0045,544,126
P-1x,3052,20.911,4.79,4.69,0.0048,544,126
P-1x,3053,20.916,5.63,5.71,0.0056,4652,126
P-1x,3054,20.921,4.98,4.99,0.0050,544,126
P-1x,3055,20.926,4.80,4.81,0.0048,544,126
P-1x,3056,20.931,4.52,4.50,0.0045,544,126
P-1x,3057,20.937,5.22,5.13,0.0052,720,126
P-1x,3058,20.941,5.45,5.47,0.0054,3288,126
P-1x,3059,20.946,5.14,5.18,0.0051,544,126
P-1x,3060,20.952,5.07,5.09,0.0051,544,126
P-1x,3061,20.958,6.01,6.01,0.0060,3288,126
P-1x,3062,20.962,4.71,4.70,0.0047,544,126
P-1x,3063,20.967,4.61,4.60,0.0046,544,126
P-1x,3064,20.973,4.34,4.39,0.0043,544,126
P-1x,3065,20.978,6.91,6.89,0.0069,4488,126
P-1x,3066,20.983,4.83,4.82,0.0048,544,126
P-1x,3067,20.988,4.91,4.90,0.0049,544,126
P-1x,3068,20.993,4.69,4.70,0.0047,544,126
P-1x,3069,20.998,5.88,5.89,0.0059,3288,126
P-1x,3070,21.003,4.60,4.59,0.0046,544,126
P-1x,3071,21.008,4.67,4.70,0.0047,544,126
P-1x,3072,21.013,4.72,4.70,0.0047,544,126
P-1x,3073,21.018,5.93,5.91,0.0059,3288,126
P-1x,3074,21.024,5.44,5.47,0.0054,728,126
P-1x,3075,21.029,4.75,4.71,0.0047,544,126
P-1x,3076,21.034,4.89,4.90,0.0049,544,126
P-1x,3077,21.039,5.73,5.69,0.0057,4010,126
P-1x,3078,21.044,4.58,4.61,0.0046,544,126
P-1x,3079,21.048,4.69,4.69,0.0047,544,126
P-1x,3080,21.054,4.71,4.71,0.0047,544,126
P-1x,3081,21.058,5.28,5.29,0.0053,3970,126
P-1x,3082,21.063,4.92,4.91,0.0049,544,126
P-1x,3083,21.068,4.79,4.80,0.0048,544,126
P-1x,3084,21.073,4.67,4.68,0.0047,624,126
P-1x,3085,21.078,5.23,5.21,0.0052,3288,126
P-1x,3086,21.083,4.58,4.59,0.0046,544,126
P-1x,3087,21.087,4.73,4.69,0.0047,720,126
P-1x,3088,21.093,4.79,4.81,0.0048,544,126
P-1x,3089,21.098,5.62,5.59,0.0056,1924,126
P-1x,3090,21.102,4.58,4.59,0.0046,596,126
P-1x,3091,21.107,4.71,4.70,0.0047,544,126
P-1x,3092,21.113,4.90,4.90,0.0049,544,126
P-1x,3093,21.118,5.59,5.59,0.0056,1924,126
P-1x,3094,21.123,5.00,5.00,0.0050,544,126
P-1x,3095,21.127,4.43,4.42,0.0044,544,126
P-1x,3096,21.132,4.26,4.27,0.0043,544,126
P-1x,3097,21.137,6.13,6.12,0.0061,1924,126
P-1x,3098,21.142,4.50,4.49,0.0045,544,126
P-1x,3099,21.146,4.63,4.61,0.0046,544,126
P-1x,3100,21.152,4.70,4.70,0.0047,544,126
P-1x,3101,21.157,5.54,5.58,0.0055,1924,126
P-1x,3102,21.161,4.49,4.50,0.0045,544,126
P-1x,3103,21.166,4.60,4.59,0.0046,544,126
P-1x,3104,21.171,4.80,4.79,0.0048,544,126
P-1x,3105,21.176,4.62,4.61,0.0046,544,126
P-1x,3106,21.180,5.12,5.08,0.0051,1924,126
P-1x,3107,21.185,4.66,4.71,0.0047,544,126
P-1x,3108,21.189,4.30,4.30,0.0043,544,126
P-1x,3109,21.194,4.60,4.61,0.0046,544,126
P-1x,3110,21.200,5.52,5.49,0.0055,1924,126
P-1x,3111,21.204,4.57,4.60,0.0046,544,126
P-1x,3112,21.209,4.61,4.60,0.0046,544,126
P-1x,3113,21.214,4.48,4.49,0.0045,544,126
P-1x,3114,21.220,6.41,6.41,0.0064,1924,126
P-1x,3115,21.224,4.58,4.59,0.0046,544,126
P-1x,3116,21.229,4.41,4.39,0.0044,544,126
P-1x,3117,21.234,4.54,4.52,0.0045,544,126
P-1x,3118,21.238,5.38,5.38,0.0054,1924,126
P-1x,3119,21.243,5.02,5.00,0.0050,544,126
P-1x,3120,21.248,4.48,4.50,0.0045,544,126
P-1x,3121,21.254,5.20,5.19,0.0052,544,126
P-1x,3122,21.258,5.28,5.31,0.0053,1924,126
P-1x,3123,21.263,4.51,4.50,0.0045,544,126
P-1x,3124,21.267,4.16,4.19,0.0042,544,126
P-1x,3125,21.272,4.73,4.71,0.0047,544,126
P-1x,3126,21.277,5.01,4.99,0.0050,1924,126
P-1x,3127,21.281,4.50,4.50,0.0045,544,126
P-1x,3128,21.286,4.29,4.29,0.0043,544,126
P-1x,3129,21.290,4.40,4.40,0.0044,544,126
P-1x,3130,21.295,4.52,4.50,0.0045,544,126
P-1x,3131,21.300,5.19,5.20,0.0052,1924,126
P-1x,3132,21.304,4.61,4.60,0.0046,596,126
P-1x,3133,21.309,4.26,4.30,0.0043,544,126
P-1x,3134,21.314,4.62,4.60,0.0046,544,126
P-1x,3135,21.319,5.52,5.50,0.0055,1924,126
P-1x,3136,21.323,4.55,4.59,0.0046,544,126
P-1x,3137,21.327,4.12,4.11,0.0041,544,126
P-1x,3138,21.332,4.33,4.29,0.0043,544,126
P-1x,3139,21.337,5.28,5.30,0.0053,1924,126
P-1x,3140,21.342,4.71,4.71,0.0047,544,126
P-1x,3141,21.346,4.60,4.59,0.0046,544,126
P-1x,3142,21.352,4.40,4.40,0.0044,544,126
P-1x,3143,21.357,5.85,5.80,0.0058,1924,126
P-1x,3144,21.361,4.48,4.51,0.0045,544,126
P-1x,3145,21.366,4.89,4.89,0.0049,544,126
P-1x,3146,21.371,4.69,4.69,0.0047,544,126
P-1x,3147,21.376,4.60,4.59,0.0046,544,126
P-1x,3148,21.381,5.31,5.31,0.0053,1924,126
P-1x,3149,21.385,4.13,4.12,0.0041,544,126
P-1x,3150,21.389,4.19,4.18,0.0042,544,126
P-1x,3151,21.394,4.59,4.59,0.0046,544,126
P-1x,3152,21.398,4.89,4.88,0.0049,1924,126
P-1x,3153,21.403,4.38,4.40,0.0044,544,126
P-1x,3154,21.407,4.43,4.40,0.0044,544,126
P-1x,3155,21.412,4.36,4.40,0.0044,544,126
P-1x,3156,21.417,5.42,5.39,0.0054,1924,126
P-1x,3157,21.422,4.89,4.91,0.0049,544,126
P-1x,3158,21.427,4.71,4.70,0.0047,544,126
P-1x,3159,21.433,4.59,4.59,0.0046,544,126
P-1x,3160,21.439,7.53,7.50,0.0075,5668,126
P-1x,3161,21.443,4.66,4.69,0.0047,544,126
P-1x,3162,21.448,4.81,4.82,0.0048,544,126
P-1x,3163,21.453,4.52,4.48,0.0045,544,126
P-1x,3164,21.458,5.59,5.60,0.0056,1924,126
P-1x,3165,21.464,5.31,5.30,0.0053,544,126
P-1x,3166,21.468,4.70,4.71,0.0047,544,126
P-1x,3167,21.474,5.17,5.18,0.0052,544,126
P-1x,3168,21.479,5.41,5.40,0.0054,1924,126
P-1x,3169,21.484,4.81,4.82,0.0048,544,126
P-1x,3170,21.488,4.60,4.58,0.0046,544,126
P-1x,3171,21.494,5.18,5.18,0.0052,544,126
P-1x,3172,21.499,5.36,5.31,0.0054,1924,126
P-1x,3173,21.504,4.76,4.79,0.0048,544,126
P-1x,3174,21.508,4.91,4.88,0.0049,596,126
P-1x,3175,21.514,4.55,4.60,0.0045,544,126
P-1x,3176,21.524,10.94,10.90,0.0109,4132,126
P-1x,3177,21.529,5.40,5.40,0.0054,544,126
P-1x,3178,21.536,5.79,5.80,0.0058,576,126
P-1x,3179,21.541,6.13,6.11,0.0061,9650,126
P-1x,3180,21.547,5.32,5.29,0.0053,544,126
P-1x,3181,21.553,5.77,5.79,0.0058,544,126
P-1x,3182,21.559,6.15,6.11,0.0062,9650,126
P-1x,3183,21.564,5.30,5.29,0.0053,544,126
P-1x,3184,21.569,5.66,5.72,0.0057,544,126
P-1x,3185,21.576,5.26,5.26,0.0053,544,126
P-1x,3186,21.582,7.17,7.11,0.0072,10304,126
P-1x,3187,21.587,5.34,5.39,0.0053,544,126
P-1x,3188,21.594,5.64,5.61,0.0056,544,126
P-1x,3189,21.599,6.33,6.30,0.0063,9650,126
P-1x,3190,21.605,5.89,5.89,0.0059,544,126
P-1x,3191,21.612,5.86,5.89,0.0059,544,126
P-1x,3192,21.618,6.98,6.91,0.0070,9650,126
P-1x,3193,21.623,5.49,5.57,0.0055,544,126
P-1x,3194,21.629,5.25,5.21,0.0053,544,126
P-1x,3195,21.635,5.74,5.72,0.0057,544,126
P-1x,3196,21.641,6.24,6.28,0.0062,9650,126
P-1x,3197,21.646,5.62,5.60,0.0056,544,126
P-1x,3198,21.653,5.68,5.69,0.0057,544,126
P-1x,3199,21.658,6.30,6.29,0.0063,9650,126
P-1x,3200,21.664,5.90,5.90,0.0059,544,126
P-1x,3201,21.669,5.27,5.28,0.0053,544,126
P-1x,3202,21.676,5.52,5.52,0.0055,544,126
P-1x,3203,21.681,6.50,6.41,0.0065,9730,126
P-1x,3204,21.687,5.40,5.48,0.0054,544,126
P-1x,3205,21.693,5.53,5.51,0.0055,544,126
P-1x,3206,21.699,6.68,6.69,0.0067,8968,126
P-1x,3207,21.705,5.50,5.51,0.0055,544,126
P-1x,3208,21.710,5.50,5.50,0.0055,596,126
P-1x,3209,21.717,5.89,5.89,0.0059,544,126
P-1x,3210,21.722,6.58,6.59,0.0066,8968,126
P-1x,3211,21.728,5.02,5.01,0.0050,544,126
P-1x,3212,21.734,5.30,5.30,0.0053,544,126
P-1x,3213,21.741,7.91,7.91,0.0079,9704,126
P-1x,3214,21.746,5.49,5.49,0.0055,544,126
P-1x,3215,21.753,5.79,5.79,0.0058,544,126
P-1x,3216,21.758,6.05,6.00,0.0061,11696,126
P-1x,3217,21.764,5.41,5.41,0.0054,544,126
P-1x,3218,21.769,6.03,6.06,0.0060,544,126
P-1x,3219,21.776,5.22,5.22,0.0052,544,126
P-1x,3220,21.781,6.30,6.30,0.0063,11696,126
P-1x,3221,21.786,5.29,5.30,0.0053,544,126
P-1x,3222,21.792,5.21,5.20,0.0052,544,126
P-1x,3223,21.798,6.01,5.99,0.0060,11696,126
P-1x,3224,21.803,5.49,5.50,0.0055,544,126
P-1x,3225,21.808,5.42,5.41,0.0054,544,126
P-1x,3226,21.821,11.43,11.41,0.0114,2752,126
P-1x,3227,21.827,7.07,7.09,0.0071,20120,126
P-1x,3228,21.834,6.09,6.08,0.0061,544,126
P-1x,3229,21.840,7.11,7.11,0.0071,20120,126
P-1x,3230,21.847,6.52,6.50,0.0065,544,126
P-1x,3231,21.854,6.40,6.40,0.0064,544,126
P-1x,3232,21.860,7.11,7.09,0.0071,20120,126
P-1x,3233,21.867,6.76,6.79,0.0068,544,126
P-1x,3234,21.874,6.50,6.50,0.0065,544,126
P-1x,3235,21.880,7.01,7.00,0.0070,20120,126
P-1x,3236,21.888,7.07,7.09,0.0071,912,126
P-1x,3237,21.895,6.55,6.51,0.0065,544,126
P-1x,3238,21.901,7.30,7.30,0.0073,21484,126
P-1x,3239,21.908,6.25,6.28,0.0063,544,126
P-1x,3240,21.915,6.65,6.61,0.0066,596,126
P-1x,3241,21.921,6.87,6.89,0.0069,21484,126
P-1x,3242,21.928,6.41,6.39,0.0064,640,126
P-1x,3243,21.934,5.97,6.00,0.0060,544,126
P-1x,3244,21.941,7.32,7.31,0.0073,21484,126
P-1x,3245,21.947,6.42,6.40,0.0064,544,126
P-1x,3246,21.954,6.16,6.11,0.0062,544,126
P-1x,3247,21.961,7.22,7.28,0.0072,21484,126
P-1x,3248,21.967,6.29,6.31,0.0063,544,126
P-1x,3249,21.974,6.48,6.49,0.0065,544,126
P-1x,3250,21.981,7.18,7.10,0.0072,21484,126
P-1x,3251,21.986,5.75,5.80,0.0058,544,126
P-1x,3252,21.993,5.67,5.68,0.0057,544,126
P-1x,3253,21.999,6.91,6.91,0.0069,21484,126
P-1x,3254,22.005,5.92,5.90,0.0059,544,126
P-1x,3255,22.011,5.77,5.79,0.0058,544,126
P-1x,3256,22.018,5.62,5.60,0.0056,544,126
P-1x,3257,22.024,7.62,7.39,0.0076,21692,126
P-1x,3258,22.032,6.89,7.09,0.0069,912,126
P-1x,3259,22.039,8.31,8.31,0.0083,24560,126
P-1x,3260,22.045,6.10,6.11,0.0061,544,126
P-1x,3261,22.052,5.92,5.90,0.0059,544,126
P-1x,3262,22.058,6.46,6.49,0.0065,22848,126
P-1x,3263,22.064,5.94,5.92,0.0059,544,126
P-1x,3264,22.069,5.96,5.97,0.0060,544,126
P-1x,3265,22.076,6.01,6.01,0.0060,544,126
P-1x,3266,22.084,8.56,8.51,0.0086,23584,126
P-1x,3267,22.090,6.23,6.28,0.0062,544,126
P-1x,3268,22.097,6.09,6.07,0.0061,544,126
P-1x,3269,22.103,6.73,6.73,0.0067,25576,126
P-1x,3270,22.109,5.78,5.79,0.0058,544,126
P-1x,3271,22.122,11.51,11.50,0.0115,2804,126
P-1x,3272,22.129,8.21,8.20,0.0082,34176,126
P-1x,3273,22.137,6.84,6.81,0.0068,624,126
P-1x,3274,22.144,8.86,8.89,0.0089,34156,126
P-1x,3275,22.152,6.99,6.92,0.0070,544,126
P-1x,3276,22.159,7.94,8.00,0.0079,34016,126
P-1x,3277,22.166,6.93,6.97,0.0069,544,126
P-1x,3278,22.174,6.83,6.81,0.0068,544,126
P-1x,3279,22.180,7.35,7.29,0.0074,34016,126
P-1x,3280,22.187,6.86,6.91,0.0069,544,126
P-1x,3281,22.195,7.07,7.08,0.0071,544,126
P-1x,3282,22.202,7.94,7.92,0.0079,34016,126
P-1x,3283,22.210,7.70,7.69,0.0077,544,126
P-1x,3284,22.219,6.65,6.68,0.0066,544,126
P-1x,3285,22.226,9.09,9.10,0.0091,35754,126
P-1x,3286,22.235,8.98,8.91,0.0090,3652,126
P-1x,3287,22.243,8.51,8.51,0.0085,35460,126
P-1x,3288,22.250,7.03,7.07,0.0070,544,126
P-1x,3289,22.258,7.39,7.40,0.0074,544,126
P-1x,3290,22.265,7.91,7.90,0.0079,34698,126
P-1x,3291,22.273,6.88,6.90,0.0069,544,126
P-1x,3292,22.280,7.42,7.40,0.0074,34698,126
P-1x,3293,22.287,7.09,7.09,0.0071,544,126
P-1x,3294,22.295,7.11,7.09,0.0071,544,126
P-1x,3295,22.302,7.92,7.91,0.0079,34698,126
P-1x,3296,22.309,6.89,6.89,0.0069,544,126
P-1x,3297,22.317,7.28,7.29,0.0073,544,126
P-1x,3298,22.324,8.23,8.21,0.0082,34830,126
P-1x,3299,22.332,6.78,6.79,0.0068,544,126
P-1x,3300,22.339,7.96,7.91,0.0080,34016,126
P-1x,3301,22.346,6.78,6.78,0.0068,544,126
P-1x,3302,22.355,7.06,7.09,0.0071,544,126
P-1x,3303,22.362,9.34,9.31,0.0093,35766,126
P-1x,3304,22.370,7.51,7.53,0.0075,544,126
P-1x,3305,22.377,6.93,6.95,0.0069,544,126
P-1x,3306,22.384,7.52,7.50,0.0075,34016,126
P-1x,3307,22.392,6.80,6.80,0.0068,544,126
P-1x,3308,22.398,7.35,7.30,0.0074,34016,126
P-1x,3309,22.406,7.25,7.22,0.0072,544,126
P-1x,3310,22.419,12.57,12.66,0.0126,2752,126
P-1x,3311,22.427,9.03,9.01,0.0090,42440,126
P-1x,3312,22.437,8.60,8.60,0.0086,544,126
P-1x,3313,22.444,8.62,8.60,0.0086,42440,126
P-1x,3314,22.454,7.89,7.89,0.0079,784,126
P-1x,3315,22.462,9.99,10.00,0.0100,41714,126
P-1x,3316,22.470,7.47,7.50,0.0075,544,126
P-1x,3317,22.478,7.42,7.40,0.0074,544,126
P-1x,3318,22.486,9.01,9.00,0.0090,39030,126
P-1x,3319,22.495,7.79,7.80,0.0078,544,126
P-1x,3320,22.502,8.41,8.40,0.0084,39030,126
P-1x,3321,22.510,7.53,7.51,0.0075,544,126
P-1x,3322,22.519,7.35,7.38,0.0073,544,126
P-1x,3323,22.528,10.52,10.50,0.0105,43234,126
P-1x,3324,22.536,7.59,7.59,0.0076,1936,126
P-1x,3325,22.543,7.80,7.81,0.0078,30606,126
P-1x,3326,22.550,6.68,6.69,0.0067,544,126
P-1x,3327,22.558,6.94,6.91,0.0069,704,126
P-1x,3328,22.565,8.12,8.10,0.0081,29242,126
P-1x,3329,22.573,7.08,7.09,0.0071,544,126
P-1x,3330,22.579,7.41,7.40,0.0074,29242,126
P-1x,3331,22.587,7.17,7.18,0.0072,544,126
P-1x,3332,22.594,6.71,6.71,0.0067,624,126
P-1x,3333,22.601,7.49,7.49,0.0075,28560,126
P-1x,3334,22.608,6.81,6.80,0.0068,544,126
P-1x,3335,22.615,6.70,6.70,0.0067,544,126
P-1x,3336,22.622,8.11,8.09,0.0081,28592,126
P-1x,3337,22.629,6.79,6.81,0.0068,544,126
P-1x,3338,22.637,6.80,6.80,0.0068,544,126
P-1x,3339,22.644,7.72,7.69,0.0077,27862,126
P-1x,3340,22.650,6.61,6.60,0.0066,544,126
P-1x,3341,22.658,7.10,7.09,0.0071,544,126
P-1x,3342,22.665,7.65,7.61,0.0076,27862,126
P-1x,3343,22.673,6.82,6.87,0.0068,544,126
P-1x,3344,22.680,7.93,7.92,0.0079,27862,126
P-1x,3345,22.687,6.90,6.89,0.0069,544,126
P-1x,3346,22.695,7.46,7.40,0.0075,544,126
P-1x,3347,22.702,7.44,7.49,0.0074,27862,126
P-1x,3348,22.717,14.00,13.99,0.0140,2752,126
P-1x,3349,22.725,9.12,9.10,0.0091,36286,126
P-1x,3350,22.733,7.61,7.59,0.0076,596,126
P-1x,3351,22.741,8.68,8.69,0.0087,36782,126
P-1x,3352,22.749,7.68,7.70,0.0077,544,126
P-1x,3353,22.757,7.80,7.79,0.0078,544,126
P-1x,3354,22.765,8.77,8.71,0.0088,35604,126
P-1x,3355,22.774,7.48,7.50,0.0075,544,126
P-1x,3356,22.781,8.25,8.29,0.0083,35604,126
P-1x,3357,22.789,7.71,7.69,0.0077,712,126
P-1x,3358,22.797,7.48,7.50,0.0075,544,126
P-1x,3359,22.805,8.87,8.81,0.0089,34240,126
P-1x,3360,22.814,8.05,8.09,0.0081,544,126
P-1x,3361,22.821,8.27,8.30,0.0083,34240,126
P-1x,3362,22.828,7.01,7.00,0.0070,1944,126
P-1x,3363,22.836,6.92,6.90,0.0069,544,126
P-1x,3364,22.843,7.87,7.81,0.0079,25816,126
P-1x,3365,22.850,6.61,6.68,0.0066,544,126
P-1x,3366,22.857,7.02,7.00,0.0070,544,126
P-1x,3367,22.867,9.90,9.90,0.0099,27340,126
P-1x,3368,22.874,7.08,7.09,0.0071,544,126
P-1x,3369,22.881,7.53,7.50,0.0075,25816,126
P-1x,3370,22.888,6.59,6.60,0.0066,544,126
P-1x,3371,22.895,6.62,6.60,0.0066,544,126
P-1x,3372,22.902,7.58,7.58,0.0076,25816,126
P-1x,3373,22.909,6.68,6.70,0.0067,544,126
P-1x,3374,22.917,7.00,6.99,0.0070,544,126
P-1x,3375,22.924,8.02,8.01,0.0080,25816,126
P-1x,3376,22.932,7.22,7.20,0.0072,544,126
P-1x,3377,22.939,7.88,7.89,0.0079,25868,126
P-1x,3378,22.946,6.68,6.69,0.0067,544,126
P-1x,3379,22.953,7.10,7.11,0.0071,544,126
P-1x,3380,22.960,7.50,7.49,0.0075,25816,126
P-1x,3381,22.967,6.47,6.49,0.0065,544,126
P-1x,3382,22.974,6.70,6.70,0.0067,544,126
P-1x,3383,22.981,7.54,7.49,0.0075,25816,126
P-1x,3384,22.987,6.48,6.50,0.0065,544,126
P-1x,3385,22.995,6.92,6.91,0.0069,544,126
P-1x,3386,23.002,7.60,7.60,0.0076,25816,126
P-1x,3387,23.016,12.81,12.79,0.0128,2832,126
P-1x,3388,23.024,8.89,8.89,0.0089,35872,126
P-1x,3389,23.032,7.50,7.50,0.0075,544,126
P-1x,3390,23.040,8.81,8.81,0.0088,34240,126
P-1x,3391,23.048,7.92,7.82,0.0079,544,126
P-1x,3392,23.056,7.33,7.46,0.0073,544,126
P-1x,3393,23.064,9.14,9.11,0.0091,34240,126
P-1x,3394,23.073,7.75,7.70,0.0078,544,126
P-1x,3395,23.081,8.54,8.51,0.0085,34240,126
P-1x,3396,23.088,7.69,7.77,0.0077,624,126
P-1x,3397,23.097,7.82,7.80,0.0078,544,126
P-1x,3398,23.105,8.52,8.51,0.0085,34240,126
P-1x,3399,23.113,7.26,7.29,0.0073,544,126
P-1x,3400,23.120,8.40,8.39,0.0084,34240,126
P-1x,3401,23.128,7.43,7.40,0.0074,1952,126
P-1x,3402,23.136,7.18,7.20,0.0072,544,126
P-1x,3403,23.143,7.80,7.80,0.0078,25868,126
P-1x,3404,23.150,6.83,6.80,0.0068,544,126
P-1x,3405,23.158,7.68,7.69,0.0077,544,126
P-1x,3406,23.165,7.49,7.50,0.0075,25816,126
P-1x,3407,23.173,7.48,7.48,0.0075,624,126
P-1x,3408,23.180,7.37,7.34,0.0074,25816,126
P-1x,3409,23.187,7.35,7.37,0.0074,544,126
P-1x,3410,23.195,6.79,6.79,0.0068,544,126
P-1x,3411,23.201,7.40,7.40,0.0074,25816,126
P-1x,3412,23.208,7.13,7.10,0.0071,544,126
P-1x,3413,23.216,7.15,7.12,0.0071,544,126
P-1x,3414,23.223,8.12,8.16,0.0081,25816,126
P-1x,3415,23.230,6.33,6.31,0.0063,544,126
P-1x,3416,23.237,6.78,6.79,0.0068,544,126
P-1x,3417,23.244,7.91,7.90,0.0079,25816,126
P-1x,3418,23.252,7.22,7.20,0.0072,544,126
P-1x,3419,23.260,7.65,7.60,0.0077,25816,126
P-1x,3420,23.266,7.15,7.20,0.0071,544,126
P-1x,3421,23.274,6.56,6.57,0.0066,544,126
P-1x,3422,23.281,7.62,7.61,0.0076,25816,126
P-1x,3423,23.288,6.95,6.92,0.0070,544,126
P-1x,3424,23.296,7.27,7.29,0.0073,544,126
P-1x,3425,23.309,14.20,14.19,0.0142,28024,126
P-1x,3426,23.319,9.25,9.22,0.0093,1708,126
P-1x,3427,23.327,8.83,8.88,0.0088,34240,126
P-1x,3428,23.336,8.05,7.99,0.0080,544,126
P-1x,3429,23.344,8.90,8.91,0.0089,34292,126
P-1x,3430,23.353,8.26,8.29,0.0083,544,126
P-1x,3431,23.361,8.69,8.69,0.0087,34240,126
P-1x,3432,23.369,7.71,7.70,0.0077,544,126
P-1x,3433,23.377,7.44,7.44,0.0074,544,126
P-1x,3434,23.385,8.29,8.26,0.0083,34240,126
P-1x,3435,23.394,8.58,8.61,0.0086,544,126
P-1x,3436,23.402,8.87,8.89,0.0089,34240,126
P-1x,3437,23.410,7.56,7.50,0.0076,544,126
P-1x,3438,23.419,8.85,8.89,0.0088,4292,125
P-1x,3439,23.427,8.41,8.39,0.0084,27896,125
P-1x,3440,23.435,7.70,7.71,0.0077,544,125
P-1x,3441,23.442,7.90,7.90,0.0079,25816,125
P-1x,3442,23.449,6.87,6.90,0.0069,544,125
P-1x,3443,23.457,7.31,7.29,0.0073,624,125
P-1x,3444,23.465,7.96,7.92,0.0080,25816,125
P-1x,3445,23.472,6.88,6.88,0.0069,544,125
P-1x,3446,23.479,7.90,7.89,0.0079,25816,125
P-1x,3447,23.486,6.96,6.99,0.0070,544,125
P-1x,3448,23.494,6.89,6.89,0.0069,544,125
P-1x,3449,23.501,7.94,7.91,0.0079,25816,125
P-1x,3450,23.508,7.20,7.18,0.0072,544,125
P-1x,3451,23.517,7.51,7.51,0.0075,544,125
P-1x,3452,23.524,8.17,8.19,0.0082,25816,125
P-1x,3453,23.532,7.45,7.41,0.0074,544,125
P-1x,3454,23.540,8.78,8.79,0.0088,27188,125
P-1x,3455,23.548,7.79,7.79,0.0078,596,125
P-1x,3456,23.556,7.29,7.29,0.0073,544,125
P-1x,3457,23.563,7.90,7.90,0.0079,25816,125
P-1x,3458,23.570,6.96,6.99,0.0070,544,125
P-1x,3459,23.578,6.83,6.81,0.0068,544,125
P-1x,3460,23.585,8.02,7.99,0.0080,25816,125
P-1x,3461,23.593,6.87,6.83,0.0069,544,125
P-1x,3462,23.601,8.75,8.78,0.0087,25816,125
P-1x,3463,23.608,7.14,7.18,0.0071,544,125
P-1x,3464,23.617,8.13,8.12,0.0081,808,125
P-1x,3465,23.624,7.90,7.89,0.0079,26514,125
P-1x,3466,23.632,7.21,7.20,0.0072,544,125
P-1x,3467,23.639,7.82,7.79,0.0078,26514,125
P-1x,3468,23.646,7.47,7.50,0.0075,544,125
P-1x,3469,23.655,7.49,7.49,0.0075,544,125
P-1x,3470,23.662,8.02,8.01,0.0080,26514,125
P-1x,3471,23.669,6.84,6.81,0.0068,544,125
P-1x,3472,23.677,7.13,7.18,0.0071,544,125
P-1x,3473,23.684,8.24,8.21,0.0082,26514,125
P-1x,3474,23.692,7.51,7.49,0.0075,544,125
P-1x,3475,23.699,7.59,7.60,0.0076,26514,125
P-1x,3476,23.707,7.57,7.58,0.0076,544,125
P-1x,3477,23.716,7.20,7.20,0.0072,544,125
P-1x,3478,23.723,8.72,8.69,0.0087,30814,125
P-1x,3479,23.729,5.93,5.92,0.0059,544,125
P-1x,3480,23.736,6.35,6.38,0.0063,544,125
P-1x,3481,23.742,6.71,6.70,0.0067,18090,125
P-1x,3482,23.748,6.27,6.29,0.0063,596,125
P-1x,3483,23.754,5.91,5.91,0.0059,544,125
P-1x,3484,23.761,7.01,6.99,0.0070,18090,125
P-1x,3485,23.767,6.49,6.51,0.0065,544,125
P-1x,3486,23.774,6.44,6.40,0.0064,544,125
P-1x,3487,23.781,6.99,6.98,0.0070,18090,125
P-1x,3488,23.787,5.99,6.01,0.0060,544,125
P-1x,3489,23.794,6.59,6.59,0.0066,544,125
P-1x,3490,23.800,7.12,7.10,0.0071,18090,125
P-1x,3491,23.807,6.41,6.40,0.0064,544,125
P-1x,3492,23.814,6.27,6.29,0.0063,672,125
P-1x,3493,23.820,7.04,7.07,0.0070,17388,125
P-1x,3494,23.826,6.36,6.32,0.0064,544,125
P-1x,3495,23.833,6.09,6.10,0.0061,544,125
P-1x,3496,23.840,7.12,7.10,0.0071,17388,125
P-1x,3497,23.846,6.00,5.99,0.0060,544,125
P-1x,3498,23.853,6.17,6.19,0.0062,544,125
P-1x,3499,23.859,6.83,6.82,0.0068,17388,125
P-1x,3500,23.865,6.86,6.88,0.0069,688,125
P-1x,3501,23.872,5.98,5.98,0.0060,544,125
P-1x,3502,23.878,6.92,6.91,0.0069,17388,125
P-1x,3503,23.885,6.02,6.00,0.0060,544,125
P-1x,3504,23.892,6.40,6.41,0.0064,544,125
P-1x,3505,23.898,7.34,7.31,0.0073,17388,125
P-1x,3506,23.904,6.07,6.08,0.0061,544,125
P-1x,3507,23.911,6.31,6.31,0.0063,544,125
P-1x,3508,23.917,6.05,6.10,0.0061,960,125
P-1x,3509,23.923,6.70,6.69,0.0067,17388,125
P-1x,3510,23.929,5.60,5.59,0.0056,544,125
P-1x,3511,23.936,5.95,5.93,0.0059,544,125
P-1x,3512,23.942,6.98,6.98,0.0070,17388,125
P-1x,3513,23.948,6.09,6.10,0.0061,596,125
P-1x,3514,23.954,5.73,5.70,0.0057,544,125
P-1x,3515,23.960,6.57,6.60,0.0066,17388,125
P-1x,3516,23.966,5.78,5.80,0.0058,544,125
P-1x,3517,23.973,6.01,5.99,0.0060,544,125
P-1x,3518,23.979,6.60,6.60,0.0066,17388,125
P-1x,3519,23.985,6.06,6.01,0.0061,544,125
P-1x,3520,23.990,5.59,5.59,0.0056,544,125
P-1x,3521,23.997,5.83,5.81,0.0058,544,125
P-1x,3522,24.003,6.47,6.49,0.0065,17388,125
P-1x,3523,24.010,6.89,6.89,0.0069,624,125
P-1x,3524,24.016,5.81,5.81,0.0058,1912,125
P-1x,3525,24.022,6.25,6.28,0.0062,9666,125
P-1x,3526,24.027,5.70,5.50,0.0057,544,125
P-1x,3527,24.033,4.92,5.09,0.0049,544,125
P-1x,3528,24.038,6.10,6.10,0.0061,9666,125
P-1x,3529,24.043,5.21,5.19,0.0052,544,125
P-1x,3530,24.049,5.30,5.30,0.0053,544,125
P-1x,3531,24.055,5.30,5.29,0.0053,544,125
P-1x,3532,24.060,6.01,6.00,0.0060,9666,125
P-1x,3533,24.066,5.58,5.60,0.0056,544,125
P-1x,3534,24.071,4.96,4.98,0.0050,544,125
P-1x,3535,24.076,4.77,4.72,0.0048,544,125
P-1x,3536,24.081,5.57,5.58,0.0056,9666,125
P-1x,3537,24.086,5.19,5.21,0.0052,544,125
P-1x,3538,24.093,6.31,6.30,0.0063,1572,125
P-1x,3539,24.099,6.22,6.21,0.0062,9666,125
P-1x,3540,24.104,5.17,5.18,0.0052,544,125
P-1x,3541,24.109,5.43,5.41,0.0054,544,125
P-1x,3542,24.115,5.29,5.28,0.0053,544,125
P-1x,3543,24.120,5.86,5.89,0.0059,9666,125
P-1x,3544,24.126,5.62,5.61,0.0056,544,125
P-1x,3545,24.131,4.78,4.79,0.0048,544,125
P-1x,3546,24.137,6.41,6.39,0.0064,9666,125
P-1x,3547,24.143,5.80,5.80,0.0058,544,125
P-1x,3548,24.149,5.73,5.71,0.0057,596,125
P-1x,3549,24.155,5.33,5.30,0.0053,544,125
P-1x,3550,24.166,12.07,12.08,0.0121,11874,125
P-1x,3551,24.174,6.98,7.00,0.0070,624,125
P-1x,3552,24.180,7.12,7.09,0.0071,18090,125
P-1x,3553,24.186,6.08,6.10,0.0061,544,125
P-1x,3554,24.193,5.94,5.91,0.0059,544,125
P-1x,3555,24.200,7.47,7.49,0.0075,18090,125
P-1x,3556,24.206,6.71,6.70,0.0067,544,125
P-1x,3557,24.213,6.22,6.21,0.0062,544,125
P-1x,3558,24.220,6.99,6.96,0.0070,18090,125
P-1x,3559,24.225,5.84,5.91,0.0058,544,125
P-1x,3560,24.232,6.17,6.12,0.0062,544,125
P-1x,3561,24.239,7.34,7.32,0.0073,18090,125
P-1x,3562,24.246,6.53,6.57,0.0065,544,125
P-1x,3563,24.255,6.68,6.69,0.0067,544,125
P-1x,3564,24.263,10.53,10.50,0.0105,30026,125
P-1x,3565,24.270,7.09,7.10,0.0071,544,125
P-1x,3566,24.278,7.00,7.00,0.0070,544,125
P-1x,3567,24.284,7.37,7.29,0.0074,18090,125
P-1x,3568,24.292,6.71,6.80,0.0067,544,125
P-1x,3569,24.299,7.53,7.51,0.0075,18090,125
P-1x,3570,24.305,6.37,6.39,0.0064,544,125
P-1x,3571,24.312,6.30,6.30,0.0063,2048,125
P-1x,3572,24.317,6.22,6.19,0.0062,9666,125
P-1x,3573,24.323,6.08,6.09,0.0061,544,125
P-1x,3574,24.329,5.51,5.52,0.0055,544,125
P-1x,3575,24.336,6.00,6.00,0.0060,544,125
P-1x,3576,24.341,6.22,6.21,0.0062,9666,125
P-1x,3577,24.349,7.70,7.70,0.0077,1280,125
P-1x,3578,24.356,6.01,5.99,0.0060,628,125
P-1x,3579,24.362,7.25,7.28,0.0072,11840,125
P-1x,3580,24.369,6.43,6.41,0.0064,544,125
P-1x,3581,24.375,6.09,6.09,0.0061,544,125
P-1x,3582,24.381,6.43,6.41,0.0064,11696,125
P-1x,3583,24.386,5.36,5.38,0.0054,544,125
P-1x,3584,24.393,5.55,5.52,0.0056,544,125
P-1x,3585,24.398,6.26,6.28,0.0063,11696,125
P-1x,3586,24.404,5.68,5.70,0.0057,544,125
P-1x,3587,24.410,6.11,6.10,0.0061,544,125
P-1x,3588,24.416,5.73,5.70,0.0057,544,125
P-1x,3589,24.423,6.75,6.78,0.0068,11696,125
P-1x,3590,24.428,5.74,5.71,0.0057,544,125
P-1x,3591,24.435,5.77,5.80,0.0058,544,125
P-1x,3592,24.441,6.82,6.80,0.0068,11696,125
P-1x,3593,24.447,6.00,6.00,0.0060,544,125
P-1x,3594,24.460,12.11,12.10,0.0121,2752,125
P-1x,3595,24.467,7.88,7.88,0.0079,20120,125
P-1x,3596,24.475,6.98,7.00,0.0070,544,125
P-1x,3597,24.482,7.65,7.61,0.0076,20120,125
P-1x,3598,24.488,6.97,6.99,0.0070,544,125
P-1x,3599,24.498,8.23,8.21,0.0082,912,125
P-1x,3600,24.506,9.18,9.19,0.0092,21484,125
P-1x,3601,24.514,6.99,6.99,0.0070,624,125
P-1x,3602,24.522,9.12,9.10,0.0091,21484,125
P-1x,3603,24.529,6.86,6.90,0.0069,544,125
P-1x,3604,24.536,6.61,6.60,0.0066,544,125
P-1x,3605,24.543,7.64,7.62,0.0076,21484,125
P-1x,3606,24.550,6.78,6.78,0.0068,544,125
P-1x,3607,24.557,6.92,6.90,0.0069,596,125
P-1x,3608,24.564,7.58,7.59,0.0076,21484,125
P-1x,3609,24.572,6.48,6.50,0.0065,544,125
P-1x,3610,24.578,7.41,7.39,0.0074,21484,125
P-1x,3611,24.585,6.65,6.61,0.0067,544,125
P-1x,3612,24.595,7.37,7.39,0.0074,1428,125
P-1x,3613,24.602,9.69,9.69,0.0097,24174,125
P-1x,3614,24.610,8.03,8.01,0.0080,2036,125
P-1x,3615,24.618,6.95,6.99,0.0069,544,125
P-1x,3616,24.624,7.39,7.39,0.0074,21484,125
P-1x,3617,24.632,6.50,6.50,0.0065,544,125
P-1x,3618,24.638,7.42,7.41,0.0074,21484,125
P-1x,3619,24.645,6.80,6.79,0.0068,544,125
P-1x,3620,24.652,6.69,6.70,0.0067,544,125
P-1x,3621,24.659,6.86,6.81,0.0069,21484,125
P-1x,3622,24.666,7.02,7.07,0.0070,544,125
P-1x,3623,24.673,6.89,6.90,0.0069,624,125
P-1x,3624,24.680,7.43,7.40,0.0074,21484,125
P-1x,3625,24.687,6.99,7.01,0.0070,544,125
P-1x,3626,24.695,6.86,6.80,0.0069,800,125
P-1x,3627,24.703,9.06,9.09,0.0091,20118,125
P-1x,3628,24.710,6.88,6.90,0.0069,544,125
P-1x,3629,24.718,7.32,7.30,0.0073,544,125
P-1x,3630,24.725,7.91,7.90,0.0079,19438,125
P-1x,3631,24.732,6.77,6.79,0.0068,544,125
P-1x,3632,24.739,7.36,7.33,0.0074,19438,125
P-1x,3633,24.746,6.85,6.86,0.0069,544,125
P-1x,3634,24.753,6.80,6.81,0.0068,944,125
P-1x,3635,24.760,7.31,7.30,0.0073,19490,125
P-1x,3636,24.766,6.18,6.20,0.0062,544,125
P-1x,3637,24.773,6.41,6.41,0.0064,544,125
P-1x,3638,24.779,6.78,6.78,0.0068,19438,125
P-1x,3639,24.786,6.20,6.20,0.0062,544,125
P-1x,3640,24.793,5.96,5.91,0.0060,544,125
P-1x,3641,24.799,7.68,7.69,0.0077,19518,125
P-1x,3642,24.806,6.44,6.41,0.0064,544,125
P-1x,3643,24.813,6.15,6.19,0.0062,544,125
P-1x,3644,24.820,7.86,7.87,0.0079,18756,125
P-1x,3645,24.826,5.94,5.91,0.0059,544,125
P-1x,3646,24.833,6.43,6.41,0.0064,544,125
P-1x,3647,24.839,7.19,7.20,0.0072,18756,125
P-1x,3648,24.846,6.43,6.40,0.0064,544,125
P-1x,3649,24.853,6.76,6.79,0.0068,544,125
P-1x,3650,24.860,7.49,7.50,0.0075,18756,125
P-1x,3651,24.866,6.01,6.00,0.0060,544,125
P-1x,3652,24.873,6.22,6.19,0.0062,544,125
P-1x,3653,24.879,6.69,6.70,0.0067,18756,125
P-1x,3654,24.885,6.51,6.50,0.0065,544,125
P-1x,3655,24.892,6.16,6.18,0.0062,544,125
P-1x,3656,24.900,8.01,8.01,0.0080,18940,125
P-1x,3657,24.906,6.53,6.50,0.0065,544,125
P-1x,3658,24.913,6.08,6.10,0.0061,544,125
P-1x,3659,24.920,7.53,7.53,0.0075,19478,125
P-1x,3660,24.926,5.89,5.87,0.0059,544,125
P-1x,3661,24.932,5.97,5.98,0.0060,544,125
P-1x,3662,24.938,6.70,6.71,0.0067,19438,125
P-1x,3663,24.945,6.44,6.41,0.0064,544,125
P-1x,3664,24.952,6.37,6.38,0.0064,544,125
P-1x,3665,24.958,7.12,7.10,0.0071,19438,125
P-1x,3666,24.965,6.32,6.31,0.0063,596,125
P-1x,3667,24.972,6.46,6.49,0.0065,544,125
P-1x,3668,24.978,7.21,7.20,0.0072,19438,125
P-1x,3669,24.984,5.89,5.90,0.0059,544,125
P-1x,3670,24.990,6.31,6.30,0.0063,544,125
P-1x,3671,24.997,6.12,6.10,0.0061,544,125
P-1x,3672,25.003,6.82,6.80,0.0068,19438,125
P-1x,3673,25.010,6.42,6.41,0.0064,544,125
P-1x,3674,25.017,6.17,6.17,0.0062,544,125
P-1x,3675,25.023,6.99,7.00,0.0070,19438,125
P-1x,3676,25.029,6.09,6.09,0.0061,544,125
P-1x,3677,25.036,6.19,6.20,0.0062,544,125
P-1x,3678,25.042,6.50,6.50,0.0065,19438,125
P-1x,3679,25.048,6.19,6.20,0.0062,544,125
P-1x,3680,25.054,5.87,5.89,0.0059,624,125
P-1x,3681,25.061,7.04,7.01,0.0070,18756,125
P-1x,3682,25.067,5.99,5.99,0.0060,544,125
P-1x,3683,25.074,6.56,6.51,0.0066,544,125
P-1x,3684,25.080,6.48,6.49,0.0065,18756,125
P-1x,3685,25.086,6.46,6.49,0.0065,544,125
P-1x,3686,25.094,7.34,7.30,0.0073,728,125
P-1x,3687,25.100,6.76,6.80,0.0068,19454,125
P-1x,3688,25.106,6.11,6.10,0.0061,752,125
P-1x,3689,25.113,5.86,5.88,0.0059,544,125
P-1x,3690,25.120,7.23,7.21,0.0072,19454,125
P-1x,3691,25.125,5.92,5.90,0.0059,544,125
P-1x,3692,25.132,5.89,5.90,0.0059,544,125
P-1x,3693,25.138,6.48,6.49,0.0065,19454,125
P-1x,3694,25.145,6.71,6.71,0.0067,624,125
P-1x,3695,25.151,6.11,6.10,0.0061,544,125
P-1x,3696,25.158,6.09,6.10,0.0061,544,125
P-1x,3697,25.164,6.97,6.91,0.0070,19454,125
P-1x,3698,25.169,5.77,5.83,0.0058,2116,125
P-1x,3699,25.176,5.16,5.15,0.0052,544,125
P-1x,3700,25.182,7.13,7.10,0.0071,12450,125
P-1x,3701,25.187,5.36,5.39,0.0054,544,125
P-1x,3702,25.193,5.44,5.41,0.0054,544,125
P-1x,3703,25.199,6.38,6.39,0.0064,11030,125
P-1x,3704,25.205,5.63,5.62,0.0056,624,125
P-1x,3705,25.213,7.27,7.28,0.0073,1908,125
P-1x,3706,25.218,6.20,6.21,0.0062,10348,125
P-1x,3707,25.224,5.49,5.49,0.0055,544,125
P-1x,3708,25.229,5.14,5.10,0.0051,544,125
P-1x,3709,25.235,5.71,5.70,0.0057,544,125
P-1x,3710,25.240,5.78,5.81,0.0058,10348,125
P-1x,3711,25.246,5.49,5.49,0.0055,544,125
P-1x,3712,25.252,5.38,5.39,0.0054,544,125
P-1x,3713,25.257,5.95,5.92,0.0059,10348,125
P-1x,3714,25.262,5.47,5.48,0.0055,544,125
P-1x,3715,25.268,5.62,5.61,0.0056,544,125
P-1x,3716,25.274,5.07,5.09,0.0051,544,125
P-1x,3717,25.279,5.92,5.90,0.0059,10428,125
P-1x,3718,25.285,5.60,5.50,0.0056,544,125
P-1x,3719,25.290,4.99,5.09,0.0050,544,125
P-1x,3720,25.295,5.11,5.10,0.0051,544,125
P-1x,3721,25.301,5.90,5.90,0.0059,9666,125
P-1x,3722,25.306,5.44,5.41,0.0054,544,125
P-1x,3723,25.312,5.26,5.28,0.0053,544,125
P-1x,3724,25.317,5.88,5.90,0.0059,9666,125
P-1x,3725,25.323,5.39,5.39,0.0054,544,125
P-1x,3726,25.328,5.15,5.12,0.0051,544,125
P-1x,3727,25.334,5.17,5.18,0.0052,544,125
P-1x,3728,25.339,5.92,5.89,0.0059,9666,125
P-1x,3729,25.344,5.29,5.30,0.0053,544,125
P-1x,3730,25.349,4.98,4.99,0.0050,544,125
P-1x,3731,25.355,5.39,5.40,0.0054,624,125
P-1x,3732,25.361,6.74,6.71,0.0067,9666,125
P-1x,3733,25.367,5.30,5.30,0.0053,544,125
P-1x,3734,25.372,5.11,5.10,0.0051,596,125
P-1x,3735,25.377,5.80,5.82,0.0058,9666,125
P-1x,3736,25.383,5.07,5.08,0.0051,544,125
P-1x,3737,25.387,4.88,4.89,0.0049,544,125
P-1x,3738,25.393,5.34,5.31,0.0053,544,125
P-1x,3739,25.398,5.43,5.41,0.0054,9666,125
P-1x,3740,25.403,5.16,5.19,0.0052,544,125
P-1x,3741,25.409,5.40,5.40,0.0054,544,125
P-1x,3742,25.415,5.23,5.19,0.0052,544,125
P-1x,3743,25.420,6.28,6.31,0.0063,9666,125
P-1x,3744,25.426,5.38,5.40,0.0054,544,125
P-1x,3745,25.432,5.60,5.60,0.0056,544,125
P-1x,3746,25.439,7.43,7.40,0.0074,11598,125
P-1x,3747,25.445,5.91,5.89,0.0059,544,125
P-1x,3748,25.450,5.16,5.20,0.0052,544,125
P-1x,3749,25.456,5.05,5.01,0.0050,2128,125
P-1x,3750,25.461,5.79,5.79,0.0058,1242,125
P-1x,3751,25.465,4.49,4.49,0.0045,544,125
P-1x,3752,25.469,4.28,4.29,0.0043,544,125
P-1x,3753,25.475,4.62,4.60,0.0046,544,125
P-1x,3754,25.479,5.10,5.11,0.0051,1242,125
P-1x,3755,25.483,4.29,4.30,0.0043,544,125
P-1x,3756,25.488,4.42,4.39,0.0044,544,125
P-1x,3757,25.493,4.16,4.18,0.0042,544,125
P-1x,3758,25.498,5.65,5.62,0.0057,1242,125
P-1x,3759,25.502,4.17,4.19,0.0042,544,125
P-1x,3760,25.506,4.41,4.41,0.0044,544,125
P-1x,3761,25.510,4.12,4.10,0.0041,544,125
P-1x,3762,25.516,4.88,4.89,0.0049,624,125
P-1x,3763,25.520,4.99,4.99,0.0050,1242,125
P-1x,3764,25.525,4.52,4.52,0.0045,544,125
P-1x,3765,25.529,4.70,4.69,0.0047,544,125
P-1x,3766,25.534,4.26,4.30,0.0043,544,125
P-1x,3767,25.539,5.01,4.99,0.0050,1242,125
P-1x,3768,25.543,4.42,4.33,0.0044,544,125
P-1x,3769,25.548,4.54,4.57,0.0045,544,125
P-1x,3770,25.553,4.23,4.21,0.0042,544,125
P-1x,3771,25.557,5.18,5.20,0.0052,1242,125
P-1x,3772,25.563,6.17,6.18,0.0062,3628,125
P-1x,3773,25.568,5.22,5.21,0.0052,544,125
P-1x,3774,25.574,4.59,4.60,0.0046,596,125
P-1x,3775,25.578,5.38,5.40,0.0054,1242,125
P-1x,3776,25.583,4.39,4.39,0.0044,544,125
P-1x,3777,25.587,4.71,4.69,0.0047,544,125
P-1x,3778,25.592,4.30,4.31,0.0043,544,125
P-1x,3779,25.597,5.11,5.08,0.0051,1242,125
P-1x,3780,25.602,4.66,4.60,0.0047,544,125
P-1x,3781,25.606,4.49,4.59,0.0045,544,125
P-1x,3782,25.610,4.32,4.31,0.0043,544,125
P-1x,3783,25.615,4.40,4.39,0.0044,544,125
P-1x,3784,25.620,5.33,5.32,0.0053,1242,125
P-1x,3785,25.625,4.66,4.68,0.0047,544,125
P-1x,3786,25.629,4.52,4.51,0.0045,544,125
P-1x,3787,25.634,4.49,4.50,0.0045,544,125
P-1x,3788,25.639,5.16,5.10,0.0052,1242,125
P-1x,3789,25.644,4.97,5.00,0.0050,544,125
P-1x,3790,25.648,4.48,4.49,0.0045,544,125
P-1x,3791,25.653,4.63,4.61,0.0046,544,125
P-1x,3792,25.658,5.49,5.50,0.0055,1242,125
P-1x,3793,25.663,4.35,4.39,0.0044,544,125
P-1x,3794,25.667,4.41,4.39,0.0044,544,125
P-1x,3795,25.672,4.13,4.11,0.0041,544,125
P-1x,3796,25.677,5.24,5.20,0.0052,1242,125
P-1x,3797,25.682,5.18,5.18,0.0052,544,125
P-1x,3798,25.687,5.10,5.10,0.0051,544,125
P-1x,3799,25.692,4.88,4.89,0.0049,544,125
P-1x,3800,25.697,5.32,5.31,0.0053,1242,125
P-1x,3801,25.701,4.40,4.39,0.0044,544,125
P-1x,3802,25.706,4.14,4.10,0.0041,544,125
P-1x,3803,25.711,4.95,4.99,0.0050,624,125
P-1x,3804,25.716,5.01,5.01,0.0050,544,125
P-1x,3805,25.721,5.45,5.47,0.0055,1242,125
P-1x,3806,25.725,4.40,4.42,0.0044,544,125
P-1x,3807,25.730,4.31,4.29,0.0043,544,125
P-1x,3808,25.735,4.61,4.61,0.0046,544,125
P-1x,3809,25.740,5.41,5.40,0.0054,1242,125
P-1x,3810,25.744,4.18,4.18,0.0042,544,125
P-1x,3811,25.748,4.40,4.41,0.0044,544,125
P-1x,3812,25.753,4.21,4.21,0.0042,544,125
P-1x,3813,25.758,5.30,5.29,0.0053,1242,125
P-1x,3814,25.762,4.53,4.51,0.0045,544,125
P-1x,3815,25.767,4.70,4.70,0.0047,544,125
P-1x,3816,25.772,4.27,4.29,0.0043,544,125
P-1x,3817,25.776,4.74,4.69,0.0047,1294,125
P-1x,3818,25.780,4.10,4.12,0.0041,544,125
P-1x,3819,25.785,4.57,4.58,0.0046,544,125
P-1x,3820,25.790,4.80,4.80,0.0048,696,125
P-1x,3821,25.795,5.14,5.11,0.0051,1708,125
P-1x,3822,25.800,5.67,5.69,0.0057,1242,125
P-1x,3823,25.805,4.72,4.70,0.0047,544,125
P-1x,3824,25.810,5.01,4.99,0.0050,544,125
P-1x,3825,25.815,4.45,4.49,0.0045,544,125
P-1x,3826,25.819,4.90,4.90,0.0049,1242,125
P-1x,3827,25.824,4.41,4.42,0.0044,544,125
P-1x,3828,25.828,4.30,4.28,0.0043,544,125
P-1x,3829,25.833,4.62,4.61,0.0046,544,125
P-1x,3830,25.838,5.22,5.20,0.0052,1242,125
P-1x,3831,25.843,4.66,4.68,0.0047,544,125
P-1x,3832,25.847,4.39,4.33,0.0044,544,125
P-1x,3833,25.852,4.70,4.77,0.0047,544,125
P-1x,3834,25.857,5.31,5.29,0.0053,1242,125
P-1x,3835,25.862,4.51,4.52,0.0045,544,125
P-1x,3836,25.866,4.50,4.49,0.0045,544,125
P-1x,3837,25.872,4.94,4.99,0.0049,624,125
P-1x,3838,25.876,5.15,5.11,0.0051,1242,125
P-1x,3839,25.881,4.41,4.33,0.0044,544,125
P-1x,3840,25.885,4.68,4.77,0.0047,544,125
P-1x,3841,25.889,4.23,4.19,0.0042,544,125
P-1x,3842,25.895,4.48,4.50,0.0045,544,125
P-1x,3843,25.899,4.78,4.80,0.0048,1242,125
P-1x,3844,25.903,4.48,4.48,0.0045,544,125
P-1x,3845,25.908,4.51,4.50,0.0045,544,125
P-1x,3846,25.913,4.54,4.50,0.0045,544,125
P-1x,3847,25.918,5.21,5.21,0.0052,1242,125
P-1x,3848,25.923,5.17,5.11,0.0052,544,125
P-1x,3849,25.927,4.70,4.78,0.0047,544,125
P-1x,3850,25.933,4.78,4.78,0.0048,544,125
P-1x,3851,25.938,5.62,5.60,0.0056,1242,125
P-1x,3852,25.942,4.37,4.40,0.0044,544,125
P-1x,3853,25.947,4.52,4.51,0.0045,544,125
P-1x,3854,25.952,4.18,4.20,0.0042,544,125
P-1x,3855,25.956,5.42,5.39,0.0054,1242,125
P-1x,3856,25.963,6.44,6.41,0.0064,1280,125
P-1x,3857,25.967,4.26,4.30,0.0043,544,125
P-1x,3858,25.972,4.51,4.49,0.0045,544,125
P-1x,3859,25.977,5.49,5.48,0.0055,4022,125
P-1x,3860,25.981,4.40,4.42,0.0044,544,125
P-1x,3861,25.986,4.20,4.19,0.0042,544,125
P-1x,3862,25.990,4.29,4.30,0.0043,544,125
P-1x,3863,25.994,3.99,3.99,0.0040,544,125
P-1x,3864,25.999,4.90,4.90,0.0049,3970,125
P-1x,3865,26.003,4.15,4.12,0.0041,544,125
P-1x,3866,26.008,4.66,4.68,0.0047,544,125
P-1x,3867,26.013,4.53,4.51,0.0045,544,125
P-1x,3868,26.017,5.39,5.39,0.0054,3970,125
P-1x,3869,26.022,4.37,4.39,0.0044,544,125
P-1x,3870,26.027,4.76,4.71,0.0048,544,125
P-1x,3871,26.030,3.92,3.78,0.0039,544,125
P-1x,3872,26.037,4.54,4.71,0.0045,544,125
P-1x,3873,26.041,6.41,6.39,0.0064,9168,125
P-1x,3874,26.046,4.69,4.69,0.0047,544,125
P-1x,3875,26.051,4.59,4.60,0.0046,544,125
P-1x,3876,26.056,5.44,5.41,0.0054,3970,125
P-1x,3877,26.061,4.67,4.68,0.0047,544,125
P-1x,3878,26.065,4.31,4.31,0.0043,704,125
P-1x,3879,26.070,4.52,4.50,0.0045,544,125
P-1x,3880,26.075,4.50,4.50,0.0045,544,125
P-1x,3881,26.079,5.08,5.09,0.0051,3970,125
P-1x,3882,26.084,4.39,4.39,0.0044,544,125
P-1x,3883,26.088,4.29,4.31,0.0043,544,125
P-1x,3884,26.094,5.75,5.70,0.0057,1660,125
P-1x,3885,26.099,5.18,5.20,0.0052,3970,125
P-1x,3886,26.103,4.37,4.38,0.0044,544,125
P-1x,3887,26.109,5.72,5.71,0.0057,912,125
P-1x,3888,26.114,4.38,4.40,0.0044,544,125
P-1x,3889,26.120,6.22,6.18,0.0062,5334,125
P-1x,3890,26.124,4.51,4.51,0.0045,544,125
P-1x,3891,26.129,4.58,4.59,0.0046,544,125
P-1x,3892,26.134,4.71,4.71,0.0047,544,125
P-1x,3893,26.138,5.13,5.11,0.0051,5366,125
P-1x,3894,26.143,4.67,4.68,0.0047,544,125
P-1x,3895,26.148,4.64,4.62,0.0046,544,125
P-1x,3896,26.153,4.46,4.48,0.0045,544,125
P-1x,3897,26.157,5.19,5.18,0.0052,4636,125
P-1x,3898,26.162,4.23,4.22,0.0042,544,125
P-1x,3899,26.167,4.98,5.00,0.0050,544,125
P-1x,3900,26.172,4.46,4.48,0.0045,544,125
P-1x,3901,26.177,5.67,5.62,0.0057,4740,125
P-1x,3902,26.182,4.80,4.81,0.0048,596,125
P-1x,3903,26.187,5.17,5.19,0.0052,544,125
P-1x,3904,26.192,4.91,4.89,0.0049,544,125
P-1x,3905,26.197,5.10,5.11,0.0051,4636,125
P-1x,3906,26.202,5.21,5.20,0.0052,544,125
P-1x,3907,26.206,4.47,4.49,0.0045,544,125
P-1x,3908,26.212,4.60,4.60,0.0046,544,125
P-1x,3909,26.216,5.31,5.30,0.0053,4636,125
P-1x,3910,26.221,4.67,4.69,0.0047,544,125
P-1x,3911,26.226,4.71,4.70,0.0047,544,125
P-1x,3912,26.231,4.82,4.73,0.0048,544,125
P-1x,3913,26.236,4.69,4.77,0.0047,544,125
P-1x,3914,26.241,5.61,5.59,0.0056,4716,125
P-1x,3915,26.245,4.46,4.50,0.0045,544,125
P-1x,3916,26.253,5.94,5.91,0.0059,912,125
P-1x,3917,26.258,6.41,6.40,0.0064,6208,125
P-1x,3918,26.262,4.76,4.79,0.0048,544,125
P-1x,3919,26.267,4.81,4.80,0.0048,544,125
P-1x,3920,26.272,4.46,4.49,0.0045,544,125
P-1x,3921,26.277,5.76,5.71,0.0058,6000,125
P-1x,3922,26.282,4.93,4.90,0.0049,544,125
P-1x,3923,26.287,4.83,4.81,0.0048,544,125
P-1x,3924,26.293,5.04,5.09,0.0050,640,125
P-1x,3925,26.298,5.70,5.69,0.0057,6000,125
P-1x,3926,26.303,4.59,4.60,0.0046,544,125
P-1x,3927,26.307,4.40,4.40,0.0044,544,125
P-1x,3928,26.312,4.58,4.59,0.0046,544,125
P-1x,3929,26.317,5.01,5.01,0.0050,6000,125
P-1x,3930,26.322,5.93,5.90,0.0059,1572,125
P-1x,3931,26.327,4.69,4.68,0.0047,544,125
P-1x,3932,26.332,4.60,4.61,0.0046,544,125
P-1x,3933,26.337,5.19,5.18,0.0052,6000,125
P-1x,3934,26.341,4.57,4.60,0.0046,544,125
P-1x,3935,26.346,4.62,4.61,0.0046,544,125
P-1x,3936,26.350,4.27,4.30,0.0043,544,125
P-1x,3937,26.357,5.84,5.81,0.0058,1852,125
P-1x,3938,26.362,5.48,5.48,0.0055,6000,125
P-1x,3939,26.366,4.72,4.71,0.0047,544,125
P-1x,3940,26.372,4.62,4.60,0.0046,544,125
P-1x,3941,26.377,5.80,5.80,0.0058,6000,125
P-1x,3942,26.381,4.52,4.51,0.0045,596,125
P-1x,3943,26.386,4.78,4.79,0.0048,544,125
P-1x,3944,26.393,5.95,5.91,0.0060,912,125
P-1x,3945,26.398,5.49,5.49,0.0055,7364,125
P-1x,3946,26.403,5.28,5.30,0.0053,624,125
P-1x,3947,26.408,5.10,5.11,0.0051,544,125
P-1x,3948,26.414,5.18,5.09,0.0052,544,125
P-1x,3949,26.420,6.47,6.52,0.0065,7364,125
P-1x,3950,26.424,4.70,4.77,0.0047,544,125
P-1x,3951,26.429,4.74,4.70,0.0047,544,125
P-1x,3952,26.435,4.97,4.99,0.0050,544,125
P-1x,3953,26.440,5.64,5.61,0.0056,7364,125
P-1x,3954,26.445,5.02,5.02,0.0050,544,125
P-1x,3955,26.449,4.75,4.77,0.0047,544,125
P-1x,3956,26.455,4.61,4.60,0.0046,544,125
P-1x,3957,26.460,5.93,5.91,0.0059,7364,125
P-1x,3958,26.464,4.48,4.49,0.0045,544,125
P-1x,3959,26.469,4.92,4.94,0.0049,544,125
P-1x,3960,26.475,4.45,4.45,0.0044,544,125
P-1x,3961,26.480,6.10,6.10,0.0061,7812,125
P-1x,3962,26.485,5.01,5.00,0.0050,544,125
P-1x,3963,26.489,4.50,4.49,0.0045,544,125
P-1x,3964,26.495,4.80,4.81,0.0048,544,125
P-1x,3965,26.501,6.46,6.40,0.0065,8330,125
P-1x,3966,26.506,5.58,5.60,0.0056,624,125
P-1x,3967,26.513,5.09,5.09,0.0051,544,125
P-1x,3968,26.518,6.91,6.89,0.0069,8508,125
P-1x,3969,26.523,5.17,5.21,0.0052,544,125
P-1x,3970,26.528,4.90,4.89,0.0049,840,125
P-1x,3971,26.535,6.06,6.01,0.0061,912,125
P-1x,3972,26.547,12.06,12.09,0.0121,10936,125
P-1x,3973,26.553,5.63,5.62,0.0056,544,125
P-1x,3974,26.559,7.05,7.08,0.0070,17152,125
P-1x,3975,26.565,6.00,5.99,0.0060,544,125
P-1x,3976,26.574,6.38,6.40,0.0064,728,125
P-1x,3977,26.580,8.25,8.21,0.0083,19944,125
P-1x,3978,26.587,6.88,6.90,0.0069,676,125
P-1x,3979,26.594,5.68,5.69,0.0057,544,125
P-1x,3980,26.600,7.44,7.41,0.0074,18042,125
P-1x,3981,26.606,5.98,5.99,0.0060,544,125
P-1x,3982,26.613,6.00,5.99,0.0060,544,125
P-1x,3983,26.620,7.98,7.99,0.0080,18400,125
P-1x,3984,26.625,5.79,5.81,0.0058,544,125
P-1x,3985,26.632,6.02,6.01,0.0060,544,125
P-1x,3986,26.638,6.92,6.90,0.0069,16486,125
P-1x,3987,26.645,6.28,6.29,0.0063,544,125
P-1x,3988,26.652,6.06,6.03,0.0061,544,125
P-1x,3989,26.658,6.76,6.77,0.0068,16486,125
P-1x,3990,26.664,6.90,6.90,0.0069,624,125
P-1x,3991,26.670,5.89,5.90,0.0059,864,125
P-1x,3992,26.678,5.90,5.90,0.0059,632,125
P-1x,3993,26.685,8.82,8.80,0.0088,15000,125
P-1x,3994,26.693,6.60,6.59,0.0066,544,125
P-1x,3995,26.700,7.90,7.90,0.0079,15012,125
P-1x,3996,26.706,6.19,6.18,0.0062,544,125
P-1x,3997,26.713,6.32,6.30,0.0063,544,125
P-1x,3998,26.720,7.67,7.66,0.0077,14528,125
P-1x,3999,26.726,5.90,5.92,0.0059,544,125
P-1x,4000,26.732,6.21,6.20,0.0062,544,125
P-1x,4001,26.739,7.09,7.02,0.0071,13758,125
P-1x,4002,26.745,5.82,5.88,0.0058,544,125
P-1x,4003,26.751,5.82,5.81,0.0058,544,125
P-1x,4004,26.757,6.17,6.18,0.0062,544,125
P-1x,4005,26.764,7.35,7.30,0.0074,13758,125
P-1x,4006,26.770,5.75,5.80,0.0057,544,125
P-1x,4007,26.777,5.63,5.60,0.0056,544,125
P-1x,4008,26.783,7.51,7.50,0.0075,14900,125
P-1x,4009,26.789,5.72,5.70,0.0057,596,125
P-1x,4010,26.796,5.83,5.89,0.0058,632,125
P-1x,4011,26.802,7.50,7.48,0.0075,13248,125
P-1x,4012,26.808,5.51,5.51,0.0055,544,125
P-1x,4013,26.814,5.58,5.60,0.0056,720,125
P-1x,4014,26.819,6.42,6.41,0.0064,11030,125
P-1x,4015,26.825,5.36,5.37,0.0054,544,125
P-1x,4016,26.830,5.54,5.45,0.0055,544,125
P-1x,4017,26.843,11.68,11.76,0.0117,2752,125
P-1x,4018,26.850,7.94,7.90,0.0079,19454,125
P-1x,4019,26.858,7.41,7.41,0.0074,544,125
P-1x,4020,26.866,8.08,8.09,0.0081,19454,125
P-1x,4021,26.874,7.15,7.10,0.0072,544,125
P-1x,4022,26.880,7.64,7.69,0.0076,19542,125
P-1x,4023,26.888,7.33,7.32,0.0073,544,125
P-1x,4024,26.895,6.48,6.50,0.0065,544,125
P-1x,4025,26.902,8.20,8.19,0.0082,18860,125
P-1x,4026,26.909,6.51,6.51,0.0065,544,125
P-1x,4027,26.917,6.99,6.99,0.0070,544,125
P-1x,4028,26.924,7.72,7.63,0.0077,18090,125
P-1x,4029,26.930,6.69,6.77,0.0067,544,125
P-1x,4030,26.938,6.68,6.69,0.0067,544,125
P-1x,4031,26.945,7.85,7.81,0.0078,18090,125
P-1x,4032,26.953,7.12,7.12,0.0071,544,125
P-1x,4033,26.960,7.95,7.96,0.0079,18090,125
P-1x,4034,26.966,6.38,6.40,0.0064,544,125
P-1x,4035,26.973,6.49,6.50,0.0065,544,125
P-1x,4036,26.980,7.05,7.01,0.0071,18090,125
P-1x,4037,26.986,6.30,6.30,0.0063,544,125
P-1x,4038,26.993,6.38,6.38,0.0064,596,125
P-1x,4039,27.000,7.31,7.30,0.0073,18090,125
P-1x,4040,27.007,6.81,6.81,0.0068,544,125
P-1x,4041,27.014,6.64,6.60,0.0066,544,125
P-1x,4042,27.020,7.13,7.18,0.0071,18090,125
P-1x,4043,27.027,6.79,6.79,0.0068,544,125
P-1x,4044,27.034,6.33,6.30,0.0063,544,125
P-1x,4045,27.041,7.40,7.40,0.0074,18090,125
P-1x,4046,27.048,6.63,6.60,0.0066,544,125
P-1x,4047,27.054,6.25,6.29,0.0062,544,125
P-1x,4048,27.061,7.41,7.40,0.0074,18090,125
P-1x,4049,27.068,6.37,6.37,0.0064,544,125
P-1x,4050,27.075,6.42,6.41,0.0064,544,125
P-1x,4051,27.081,7.32,7.30,0.0073,18090,125
P-1x,4052,27.087,5.99,5.99,0.0060,544,125
P-1x,4053,27.094,6.31,6.30,0.0063,544,125
P-1x,4054,27.100,6.86,6.89,0.0069,18090,125
P-1x,4055,27.107,6.51,6.51,0.0065,544,125
P-1x,4056,27.114,6.27,6.21,0.0063,544,125
P-1x,4057,27.120,7.13,7.18,0.0071,18090,125
P-1x,4058,27.127,7.04,7.00,0.0070,544,125
P-1x,4059,27.141,12.91,12.89,0.0129,2752,125
P-1x,4060,27.149,8.64,8.60,0.0086,26514,125
P-1x,4061,27.157,7.44,7.50,0.0074,544,125
P-1x,4062,27.165,8.14,8.11,0.0081,26514,125
P-1x,4063,27.173,7.22,7.27,0.0072,544,125
P-1x,4064,27.181,9.04,9.01,0.0090,26658,125
P-1x,4065,27.188,7.00,7.00,0.0070,544,125
P-1x,4066,27.196,7.73,7.70,0.0077,596,125
P-1x,4067,27.204,8.06,8.10,0.0081,26514,125
P-1x,4068,27.212,7.61,7.59,0.0076,544,125
P-1x,4069,27.220,8.67,8.67,0.0087,26514,125
P-1x,4070,27.227,7.34,7.34,0.0073,544,125
P-1x,4071,27.235,7.39,7.40,0.0074,544,125
P-1x,4072,27.243,8.21,8.19,0.0082,26514,125
P-1x,4073,27.250,7.59,7.60,0.0076,544,125
P-1x,4074,27.258,7.37,7.40,0.0074,544,125
P-1x,4075,27.266,7.78,7.70,0.0078,26514,125
P-1x,4076,27.274,7.34,7.38,0.0073,544,125
P-1x,4077,27.281,7.89,7.81,0.0079,26514,125
P-1x,4078,27.288,7.02,7.08,0.0070,544,125
P-1x,4079,27.296,7.10,7.10,0.0071,544,125
P-1x,4080,27.303,7.81,7.79,0.0078,26514,125
P-1x,4081,27.309,6.71,6.69,0.0067,544,125
P-1x,4082,27.317,6.95,7.00,0.0069,544,125
P-1x,4083,27.325,8.73,8.70,0.0087,27470,125
P-1x,4084,27.333,7.60,7.61,0.0076,544,125
P-1x,4085,27.340,7.73,7.70,0.0077,26514,125
P-1x,4086,27.348,7.37,7.39,0.0074,544,125
P-1x,4087,27.356,6.90,6.89,0.0069,544,125
P-1x,4088,27.364,8.82,8.80,0.0088,26514,125
P-1x,4089,27.372,7.46,7.49,0.0075,544,125
P-1x,4090,27.379,7.81,7.81,0.0078,26514,125
P-1x,4091,27.386,6.89,6.89,0.0069,544,125
P-1x,4092,27.393,6.78,6.79,0.0068,544,125
P-1x,4093,27.400,7.82,7.81,0.0078,26566,125
P-1x,4094,27.408,7.82,7.80,0.0078,624,125
P-1x,4095,27.416,7.23,7.21,0.0072,544,125
P-1x,4096,27.423,7.84,7.88,0.0078,26514,125
P-1x,4097,27.438,13.91,13.90,0.0139,2832,125
P-1x,4098,27.446,9.22,9.20,0.0092,34938,125
P-1x,4099,27.455,8.18,8.19,0.0082,544,125
P-1x,4100,27.464,9.92,9.89,0.0099,34938,125
P-1x,4101,27.474,8.57,8.61,0.0086,544,125
P-1x,4102,27.482,8.94,8.90,0.0089,34938,125
P-1x,4103,27.491,8.72,8.72,0.0087,624,125
P-1x,4104,27.500,8.39,8.38,0.0084,544,125
P-1x,4105,27.509,9.69,9.69,0.0097,34938,125
P-1x,4106,27.518,8.18,8.19,0.0082,544,125
P-1x,4107,27.526,8.68,8.71,0.0087,34938,125
P-1x,4108,27.535,8.27,8.28,0.0083,544,125
P-1x,4109,27.543,9.57,9.52,0.0096,34938,125
P-1x,4110,27.552,7.66,7.69,0.0077,2128,125
P-1x,4111,27.559,7.90,7.89,0.0079,26514,125
P-1x,4112,27.566,7.19,7.20,0.0072,544,125
P-1x,4113,27.574,7.39,7.39,0.0074,544,125
P-1x,4114,27.582,8.03,8.01,0.0080,26514,125
P-1x,4115,27.588,6.78,6.79,0.0068,544,125
P-1x,4116,27.597,8.10,8.09,0.0081,688,125
P-1x,4117,27.605,8.44,8.41,0.0084,26566,125
P-1x,4118,27.613,7.02,7.00,0.0070,544,125
P-1x,4119,27.620,7.87,7.87,0.0079,26514,125
P-1x,4120,27.628,7.91,7.92,0.0079,544,125
P-1x,4121,27.636,7.38,7.39,0.0074,544,125
P-1x,4122,27.643,8.18,8.10,0.0082,26514,125
P-1x,4123,27.650,7.10,7.19,0.0071,544,125
P-1x,4124,27.660,7.40,7.40,0.0074,544,121
P-1x,4125,27.668,10.38,10.30,0.0104,35728,121
P-1x,4126,27.677,7.74,7.80,0.0077,544,121
P-1x,4127,27.684,8.07,8.00,0.0081,26514,121
P-1x,4128,27.693,7.94,7.98,0.0079,544,121
P-1x,4129,27.701,8.74,8.72,0.0087,26514,121
P-1x,4130,27.709,7.98,7.99,0.0080,544,121
P-1x,4131,27.717,7.93,7.90,0.0079,544,121
P-1x,4132,27.725,8.47,8.49,0.0085,26514,121
P-1x,4133,27.741,14.82,14.79,0.0148,2752,121
P-1x,4134,27.750,10.06,10.10,0.0101,35018,121
P-1x,4135,27.759,8.70,8.70,0.0087,544,121
P-1x,4136,27.769,10.02,10.00,0.0100,34970,121
P-1x,4137,27.778,8.37,8.38,0.0084,544,121
P-1x,4138,27.786,9.44,9.41,0.0094,34240,121
P-1x,4139,27.796,8.49,8.49,0.0085,544,121
P-1x,4140,27.804,9.39,9.40,0.0094,34240,121
P-1x,4141,27.813,8.29,8.30,0.0083,596,121
P-1x,4142,27.823,10.44,10.41,0.0104,35540,121
P-1x,4143,27.833,8.81,8.80,0.0088,544,121
P-1x,4144,27.842,10.27,10.28,0.0103,34240,121
P-1x,4145,27.852,8.94,8.91,0.0089,2144,121
P-1x,4146,27.859,8.06,8.09,0.0081,25816,121
P-1x,4147,27.867,7.68,7.70,0.0077,544,121
P-1x,4148,27.875,7.68,7.69,0.0077,544,121
P-1x,4149,27.883,8.07,8.01,0.0081,25816,121
P-1x,4150,27.890,7.76,7.78,0.0078,544,121
P-1x,4151,27.898,7.49,7.49,0.0075,544,121
P-1x,4152,27.906,8.63,8.60,0.0086,25896,121
P-1x,4153,27.915,7.41,7.31,0.0074,544,121
P-1x,4154,27.922,8.38,8.48,0.0084,25816,121
P-1x,4155,27.929,7.27,7.29,0.0073,544,121
P-1x,4156,27.938,7.71,7.70,0.0077,544,121
P-1x,4157,27.945,8.33,8.30,0.0083,25816,121
P-1x,4158,27.954,7.40,7.40,0.0074,544,121
P-1x,4159,27.961,8.28,8.28,0.0083,25816,121
P-1x,4160,27.970,8.67,8.70,0.0087,728,121
P-1x,4161,27.979,8.02,8.00,0.0080,544,121
P-1x,4162,27.987,9.01,9.00,0.0090,30576,121
P-1x,4163,27.995,7.51,7.49,0.0075,544,121
P-1x,4164,28.003,8.48,8.49,0.0085,26498,121
P-1x,4165,28.011,7.71,7.70,0.0077,544,121
P-1x,4166,28.019,7.80,7.71,0.0078,596,121
P-1x,4167,28.035,15.48,15.38,0.0155,28706,121
P-1x,4168,28.044,10.52,10.71,0.0105,34922,121
P-1x,4169,28.055,9.88,9.90,0.0099,728,121
P-1x,4170,28.064,10.09,10.09,0.0101,35620,121
P-1x,4171,28.074,8.93,8.91,0.0089,544,121
P-1x,4172,28.083,9.58,9.59,0.0096,35756,121
P-1x,4173,28.093,8.81,8.80,0.0088,544,121
P-1x,4174,28.104,12.50,12.51,0.0125,35654,121
P-1x,4175,28.114,8.72,8.70,0.0087,544,121
P-1x,4176,28.123,9.75,9.79,0.0098,37646,121
P-1x,4177,28.132,8.88,8.81,0.0089,544,121
P-1x,4178,28.141,9.89,9.91,0.0099,39726,121
P-1x,4179,28.150,8.64,8.66,0.0086,2024,121
P-1x,4180,28.159,8.21,8.21,0.0082,992,121
P-1x,4181,28.167,8.79,8.80,0.0088,29924,121
P-1x,4182,28.176,8.07,8.09,0.0081,544,121
P-1x,4183,28.184,8.96,8.92,0.0090,29924,121
P-1x,4184,28.193,8.09,8.09,0.0081,544,121
P-1x,4185,28.201,8.67,8.70,0.0087,29924,121
P-1x,4186,28.208,7.53,7.50,0.0075,544,121
P-1x,4187,28.217,7.43,7.40,0.0074,544,121
P-1x,4188,28.225,8.85,8.89,0.0088,29976,121
P-1x,4189,28.233,7.49,7.50,0.0075,544,121
P-1x,4190,28.241,8.96,8.93,0.0090,30068,121
P-1x,4191,28.249,7.58,7.56,0.0076,544,121
P-1x,4192,28.257,7.76,7.71,0.0078,544,121
P-1x,4193,28.265,9.04,9.08,0.0090,29924,121
P-1x,4194,28.274,7.80,7.80,0.0078,544,121
P-1x,4195,28.282,8.13,8.10,0.0081,29924,121
P-1x,4196,28.289,8.07,8.08,0.0081,544,121
P-1x,4197,28.298,8.04,8.01,0.0080,544,121
P-1x,4198,28.306,8.89,8.89,0.0089,29924,121
P-1x,4199,28.315,8.08,8.10,0.0081,544,121
P-1x,4200,28.330,15.62,15.60,0.0156,32236,121
P-1x,4201,28.341,9.57,9.59,0.0096,544,121
P-1x,4202,28.350,10.64,10.61,0.0106,38348,121
P-1x,4203,28.360,8.68,8.69,0.0087,544,121
P-1x,4204,28.370,10.90,10.90,0.0109,38348,121
P-1x,4205,28.381,8.58,8.60,0.0086,544,121
P-1x,4206,28.390,11.79,11.71,0.0118,39384,121
P-1x,4207,28.400,8.75,8.78,0.0087,544,121
P-1x,4208,28.409,9.88,9.89,0.0099,38348,121
P-1x,4209,28.419,8.79,8.80,0.0088,544,121
P-1x,4210,28.428,10.80,10.80,0.0108,38400,121
P-1x,4211,28.440,9.49,9.49,0.0095,544,121
P-1x,4212,28.448,10.31,10.30,0.0103,41362,121
P-1x,4213,28.458,8.41,8.41,0.0084,544,121
P-1x,4214,28.467,10.42,10.40,0.0104,31452,121
P-1x,4215,28.477,8.96,8.99,0.0090,544,121
P-1x,4216,28.487,11.12,11.10,0.0111,30748,121
P-1x,4217,28.497,8.71,8.71,0.0087,1636,121
P-1x,4218,28.505,9.38,9.39,0.0094,31970,121
P-1x,4219,28.515,8.00,8.00,0.0080,544,121
P-1x,4220,28.524,10.61,10.59,0.0106,32624,121
P-1x,4221,28.533,8.68,8.71,0.0087,544,121
P-1x,4222,28.542,9.61,9.59,0.0096,32322,121
P-1x,4223,28.552,9.07,9.01,0.0091,624,121
P-1x,4224,28.560,9.10,9.10,0.0091,31376,121
P-1x,4225,28.570,9.19,9.24,0.0092,544,121
P-1x,4226,28.579,8.56,8.54,0.0086,544,121
P-1x,4227,28.587,8.90,8.90,0.0089,30606,121
P-1x,4228,28.596,8.70,8.69,0.0087,544,121
P-1x,4229,28.605,9.19,9.20,0.0092,30606,121
P-1x,4230,28.614,7.90,7.89,0.0079,544,121
P-1x,4231,28.629,16.49,16.49,0.0165,32894,121
P-1x,4232,28.642,12.04,12.03,0.0120,964,121
P-1x,4233,28.652,10.37,10.38,0.0104,39712,121
P-1x,4234,28.661,9.79,9.80,0.0098,39712,121
P-1x,4235,28.672,9.33,9.31,0.0093,544,121
P-1x,4236,28.681,10.47,10.40,0.0105,39712,121
P-1x,4237,28.695,12.38,12.38,0.0124,1280,121
P-1x,4238,28.705,11.46,11.51,0.0115,42440,121
P-1x,4239,28.716,9.35,9.32,0.0094,544,121
P-1x,4240,28.725,10.54,10.56,0.0105,42440,121
P-1x,4241,28.736,9.12,9.09,0.0091,544,121
P-1x,4242,28.745,11.04,11.07,0.0110,45468,121
P-1x,4243,28.755,8.61,8.62,0.0086,544,121
P-1x,4244,28.763,9.09,9.09,0.0091,34016,121
P-1x,4245,28.773,9.52,9.52,0.0095,912,121
P-1x,4246,28.782,9.19,9.19,0.0092,35380,121
P-1x,4247,28.790,8.11,8.09,0.0081,544,121
P-1x,4248,28.799,8.17,8.20,0.0082,544,121
P-1x,4249,28.807,9.35,9.31,0.0093,35380,121
P-1x,4250,28.817,8.71,8.70,0.0087,544,121
P-1x,4251,28.825,8.62,8.67,0.0086,35380,121
P-1x,4252,28.837,8.76,8.71,0.0088,912,121
P-1x,4253,28.845,11.98,11.98,0.0120,43446,121
P-1x,4254,28.855,8.79,8.80,0.0088,544,121
P-1x,4255,28.864,9.60,9.60,0.0096,36062,121
P-1x,4256,28.873,8.50,8.51,0.0085,544,121
P-1x,4257,28.881,8.78,8.78,0.0088,36062,121
P-1x,4258,28.890,8.54,8.51,0.0085,544,121
P-1x,4259,28.899,8.53,8.50,0.0085,544,121
P-1x,4260,28.907,9.08,9.10,0.0091,36062,121
P-1x,4261,28.917,9.59,9.59,0.0096,912,121
P-1x,4262,28.939,17.49,17.49,0.0175,39634,121
P-1x,4263,28.955,16.61,16.60,0.0166,63242,121
P-1x,4264,28.967,15.97,15.98,0.0160,47440,121
P-1x,4265,28.978,10.89,10.91,0.0109,544,121
P-1x,4266,28.992,13.14,13.10,0.0131,43490,121
P-1x,4267,29.003,11.73,11.70,0.0117,44486,121
P-1x,4268,29.014,11.06,11.10,0.0111,544,121
P-1x,4269,29.026,11.87,11.89,0.0119,44486,121
P-1x,4270,29.038,11.22,11.18,0.0112,576,121
P-1x,4271,29.048,11.08,11.10,0.0111,45704,121
P-1x,4272,29.060,9.64,9.60,0.0096,544,121
P-1x,4273,29.070,12.47,12.50,0.0125,35770,121
P-1x,4274,29.081,9.81,9.80,0.0098,624,121
P-1x,4275,29.090,10.42,10.39,0.0104,34000,121
P-1x,4276,29.100,9.47,9.49,0.0095,544,121
P-1x,4277,29.110,10.14,10.10,0.0101,34000,121
P-1x,4278,29.121,10.26,10.21,0.0103,728,121
P-1x,4279,29.132,11.72,11.78,0.0117,35050,121
P-1x,4280,29.142,9.88,9.89,0.0099,36046,121
P-1x,4281,29.152,9.51,9.50,0.0095,544,121
P-1x,4282,29.162,10.75,10.71,0.0107,36286,121
P-1x,4283,29.178,9.95,9.99,0.0099,544,121
P-1x,4284,29.187,15.70,15.71,0.0157,41328,121
P-1x,4285,29.200,9.47,9.49,0.0095,896,121
P-1x,4286,29.210,12.87,12.79,0.0129,35704,121
P-1x,4287,29.229,17.88,17.91,0.0179,2752,121
P-1x,4288,29.242,13.32,13.29,0.0133,40458,121
P-1x,4289,29.254,12.56,12.59,0.0126,40430,121
P-1x,4290,29.266,11.92,11.91,0.0119,40378,121
P-1x,4291,29.278,11.58,11.58,0.0116,712,121
P-1x,4292,29.290,12.44,12.41,0.0124,39014,121
P-1x,4293,29.302,11.46,11.49,0.0115,728,121
P-1x,4294,29.314,11.81,11.80,0.0118,37650,121
P-1x,4295,29.325,11.77,11.80,0.0118,37650,121
P-1x,4296,29.336,11.02,11.00,0.0110,544,121
P-1x,4297,29.347,11.68,10.82,0.0117,39362,121
P-1x,4298,29.358,9.71,10.47,0.0097,848,121
P-1x,4299,29.367,10.32,10.40,0.0103,27822,121
P-1x,4300,29.377,8.88,8.89,0.0089,544,121
P-1x,4301,29.386,9.73,9.71,0.0097,27862,121
P-1x,4302,29.396,9.61,9.60,0.0096,544,121
P-1x,4303,29.406,10.08,10.00,0.0101,27862,121
P-1x,4304,29.416,9.30,9.31,0.0093,544,121
P-1x,4305,29.424,9.50,9.57,0.0095,27862,121
P-1x,4306,29.434,9.20,9.19,0.0092,1632,121
P-1x,4307,29.443,9.44,9.31,0.0094,27862,121
P-1x,4308,29.453,8.98,9.10,0.0090,596,121
P-1x,4309,29.461,9.44,9.40,0.0094,27862,121
P-1x,4310,29.471,9.08,9.10,0.0091,544,121
P-1x,4311,29.480,8.79,8.79,0.0088,704,121
P-1x,4312,29.488,9.18,9.20,0.0092,26498,121
P-1x,4313,29.497,8.12,8.10,0.0081,544,121
P-1x,4314,29.507,9.98,9.99,0.0100,26498,121
P-1x,4315,29.524,16.57,16.51,0.0166,2752,121
P-1x,4316,29.537,12.53,12.58,0.0125,35106,121
P-1x,4317,29.547,11.11,11.10,0.0111,35620,121
P-1x,4318,29.558,9.98,10.00,0.0100,544,121
P-1x,4319,29.568,10.79,10.80,0.0108,35620,121
P-1x,4320,29.579,10.20,10.19,0.0102,544,121
P-1x,4321,29.588,10.72,10.70,0.0107,35620,121
P-1x,4322,29.599,10.22,10.21,0.0102,544,121
P-1x,4323,29.610,11.61,11.60,0.0116,35620,121
P-1x,4324,29.621,10.07,10.09,0.0101,544,121
P-1x,4325,29.632,10.73,10.69,0.0107,35620,121
P-1x,4326,29.641,9.87,9.90,0.0099,37396,121
P-1x,4327,29.649,8.48,8.49,0.0085,544,121
P-1x,4328,29.659,8.40,8.40,0.0084,596,121
P-1x,4329,29.667,9.22,9.20,0.0092,27196,121
P-1x,4330,29.676,8.03,8.01,0.0080,544,121
P-1x,4331,29.686,10.59,10.59,0.0106,28776,121
P-1x,4332,29.695,8.92,8.90,0.0089,544,121
P-1x,4333,29.704,9.61,9.60,0.0096,27196,121
P-1x,4334,29.715,9.46,9.48,0.0095,544,121
P-1x,4335,29.724,9.92,9.91,0.0099,27276,121
P-1x,4336,29.733,8.45,8.47,0.0085,544,121
P-1x,4337,29.741,9.35,9.32,0.0094,27196,121
P-1x,4338,29.750,8.56,8.59,0.0086,544,121
P-1x,4339,29.759,8.44,8.40,0.0084,544,121
P-1x,4340,29.768,9.99,10.00,0.0100,27196,121
P-1x,4341,29.777,8.15,8.18,0.0082,544,121
P-1x,4342,29.786,9.93,9.91,0.0099,27196,121
P-1x,4343,29.796,8.49,8.49,0.0085,544,121
P-1x,4344,29.805,9.53,9.51,0.0095,27196,121
P-1x,4345,29.814,8.68,8.70,0.0087,544,121
P-1x,4346,29.823,9.68,9.70,0.0097,27196,121
P-1x,4347,29.832,8.31,8.30,0.0083,544,121
P-1x,4348,29.840,9.21,9.19,0.0092,27196,121
P-1x,4349,29.849,8.60,8.61,0.0086,544,121
P-1x,4350,29.858,8.38,8.38,0.0084,544,121
P-1x,4351,29.867,9.21,9.21,0.0092,27248,121
P-1x,4352,29.876,8.43,8.40,0.0084,544,121
P-1x,4353,29.884,9.47,9.49,0.0095,27196,121
P-1x,4354,29.894,8.95,8.90,0.0089,544,121
P-1x,4355,29.903,9.28,9.28,0.0093,27196,121
P-1x,4356,29.912,8.20,8.20,0.0082,544,121
P-1x,4357,29.920,9.58,9.59,0.0096,27196,121
P-1x,4358,29.929,8.40,8.40,0.0084,544,121
P-1x,4359,29.937,7.92,7.90,0.0079,2320,121
P-1x,4360,29.945,7.89,7.89,0.0079,18772,121
P-1x,4361,29.953,7.41,7.40,0.0074,544,121
P-1x,4362,29.960,7.90,7.81,0.0079,18772,121
P-1x,4363,29.967,7.08,7.19,0.0071,544,121
P-1x,4364,29.975,7.28,7.29,0.0073,544,121
P-1x,4365,29.983,8.44,8.40,0.0084,18772,121
P-1x,4366,29.990,7.24,7.21,0.0072,544,121
P-1x,4367,29.998,7.24,7.21,0.0072,544,121
P-1x,4368,30.005,8.05,8.08,0.0081,18772,121
P-1x,4369,30.014,7.89,7.89,0.0079,544,121
P-1x,4370,30.021,8.17,8.20,0.0082,18772,121
P-1x,4371,30.029,7.14,7.11,0.0071,544,121
P-1x,4372,30.037,7.49,7.29,0.0075,544,121
P-1x,4373,30.044,8.07,8.29,0.0081,18772,121
P-1x,4374,30.052,7.09,7.11,0.0071,544,121
P-1x,4375,30.059,7.80,7.79,0.0078,18772,121
P-1x,4376,30.066,7.40,7.41,0.0074,596,121
P-1x,4377,30.074,7.15,7.10,0.0072,544,121
P-1x,4378,30.081,7.77,7.79,0.0078,18772,121
P-1x,4379,30.088,6.96,6.98,0.0070,544,121
P-1x,4380,30.096,7.11,7.11,0.0071,544,121
P-1x,4381,30.103,7.64,7.61,0.0076,18772,121
P-1x,4382,30.111,7.58,7.59,0.0076,544,121
P-1x,4383,30.119,7.10,7.09,0.0071,544,120
P-1x,4384,30.127,9.87,9.88,0.0099,19640,120
P-1x,4385,30.136,8.12,8.12,0.0081,544,120
P-1x,4386,30.143,7.81,7.70,0.0078,18772,120
P-1x,4387,30.150,6.98,7.09,0.0070,544,120
P-1x,4388,30.158,7.31,7.29,0.0073,544,119
P-1x,4389,30.166,8.70,8.71,0.0087,19608,119
P-1x,4390,30.175,7.51,7.50,0.0075,544,117
P-1x,4391,30.182,8.17,8.11,0.0082,19208,117
P-1x,4392,30.189,6.96,6.99,0.0070,648,117
P-1x,4393,30.197,6.97,6.99,0.0070,544,117
P-1x,4394,30.204,7.58,7.59,0.0076,18772,117
P-1x,4395,30.211,7.02,7.01,0.0070,544,117
P-1x,4396,30.218,6.47,6.50,0.0065,2336,116
P-1x,4397,30.224,6.94,6.90,0.0069,11184,116
P-1x,4398,30.230,5.97,5.99,0.0060,544,116
P-1x,4399,30.236,5.80,5.80,0.0058,544,116
P-1x,4400,30.243,6.83,6.80,0.0068,10348,116
P-1x,4401,30.248,5.62,5.61,0.0056,544,116
P-1x,4402,30.255,6.29,6.31,0.0063,544,116
P-1x,4403,30.262,7.38,7.37,0.0074,10348,116
P-1x,4404,30.268,5.99,6.00,0.0060,596,116
P-1x,4405,30.274,5.71,5.70,0.0057,544,112
P-1x,4406,30.289,15.63,15.61,0.0156,13428,112
P-1x,4407,30.297,7.07,7.09,0.0071,544,109
P-1x,4408,30.305,8.33,8.30,0.0083,20044,109
P-1x,4409,30.315,9.52,9.49,0.0095,1280,109
P-1x,4410,30.323,8.46,8.50,0.0085,21500,109
P-1x,4411,30.330,7.08,7.09,0.0071,544,109
P-1x,4412,30.338,7.39,7.39,0.0074,544,107
P-1x,4413,30.346,8.66,8.61,0.0087,22554,107
P-1x,4414,30.354,7.86,7.88,0.0079,544,105
P-1x,4415,30.362,8.50,8.50,0.0085,21936,105
P-1x,4416,30.370,7.59,7.60,0.0076,544,105
P-1x,4417,30.378,7.31,7.30,0.0073,544,103
P-1x,4418,30.385,8.13,8.11,0.0081,21936,103
P-1x,4419,30.393,7.15,7.18,0.0071,544,102
P-1x,4420,30.401,8.86,8.80,0.0089,22336,102
P-1x,4421,30.409,7.56,7.60,0.0076,544,102
P-1x,4422,30.417,7.43,7.41,0.0074,544,101
P-1x,4423,30.425,8.70,8.70,0.0087,22336,101
P-1x,4424,30.433,7.38,7.39,0.0074,544,99
P-1x,4425,30.440,7.85,7.80,0.0078,21936,99
P-1x,4426,30.447,7.07,7.10,0.0071,544,99
P-1x,4427,30.455,6.89,6.89,0.0069,544,96
P-1x,4428,30.462,8.14,8.10,0.0081,26900,96
P-1x,4429,30.470,7.71,7.78,0.0077,676,96
P-1x,4430,30.478,7.17,7.11,0.0072,544,96
P-1x,4431,30.485,8.26,8.29,0.0083,20818,96
P-1x,4432,30.493,7.14,7.11,0.0071,544,96
P-1x,4433,30.500,7.55,7.59,0.0076,20818,96
P-1x,4434,30.507,7.11,7.09,0.0071,544,96
P-1x,4435,30.515,6.99,6.93,0.0070,544,95
P-1x,4436,30.522,7.59,7.68,0.0076,23462,95
P-1x,4437,30.528,6.43,6.41,0.0064,544,95
P-1x,4438,30.535,5.98,5.98,0.0060,544,95
P-1x,4439,30.541,6.71,6.70,0.0067,12394,95
P-1x,4440,30.546,5.67,5.68,0.0057,544,95
P-1x,4441,30.554,5.69,5.70,0.0057,544,94
P-1x,4442,30.561,8.56,8.51,0.0086,13614,94
P-1x,4443,30.567,6.05,6.09,0.0060,544,94
P-1x,4444,30.573,6.09,6.09,0.0061,544,94
P-1x,4445,30.579,6.32,6.31,0.0063,12394,94
P-1x,4446,30.585,5.84,5.80,0.0058,544,94
P-1x,4447,30.592,5.94,5.99,0.0059,544,94
P-1x,4448,30.598,7.13,7.11,0.0071,12394,94
P-1x,4449,30.604,6.07,6.09,0.0061,544,94
P-1x,4450,30.610,6.21,6.19,0.0062,544,94
P-1x,4451,30.617,5.68,5.70,0.0057,544,94
P-1x,4452,30.623,6.63,6.60,0.0066,12394,94
P-1x,4453,30.628,5.49,5.49,0.0055,544,94
P-1x,4454,30.634,5.81,5.81,0.0058,544,94
P-1x,4455,30.641,6.71,6.71,0.0067,12394,94
P-1x,4456,30.647,5.89,5.89,0.0059,544,94
P-1x,4457,30.653,6.11,6.10,0.0061,544,94
P-1x,4458,30.666,13.37,13.31,0.0134,14602,94
P-1x,4459,30.674,7.83,7.88,0.0078,596,94
P-1x,4460,30.682,8.06,8.02,0.0081,20818,94
P-1x,4461,30.690,7.66,7.68,0.0077,544,94
P-1x,4462,30.698,7.77,7.79,0.0078,544,94
P-1x,4463,30.706,8.70,8.69,0.0087,20818,94
P-1x,4464,30.714,7.54,7.50,0.0075,544,94
P-1x,4465,30.722,7.93,7.99,0.0079,20818,94
P-1x,4466,30.729,7.08,7.02,0.0071,544,94
P-1x,4467,30.737,7.65,7.69,0.0076,544,94
P-1x,4468,30.744,8.01,8.00,0.0080,20818,94
P-1x,4469,30.752,7.30,7.22,0.0073,544,94
P-1x,4470,30.759,7.42,7.48,0.0074,20818,94
P-1x,4471,30.766,7.45,7.48,0.0074,544,94
P-1x,4472,30.775,7.63,7.60,0.0076,544,94
P-1x,4473,30.782,7.71,7.69,0.0077,20818,94
P-1x,4474,30.789,6.72,6.71,0.0067,544,94
P-1x,4475,30.798,7.48,7.49,0.0075,544,94
P-1x,4476,30.806,9.65,9.60,0.0096,23128,94
P-1x,4477,30.814,7.23,7.30,0.0072,544,92
P-1x,4478,30.822,8.71,8.70,0.0087,21872,92
P-1x,4479,30.829,7.41,7.40,0.0074,544,92
P-1x,4480,30.837,7.05,7.01,0.0071,544,92
P-1x,4481,30.844,8.17,8.19,0.0082,20818,92
P-1x,4482,30.853,7.87,7.88,0.0079,544,92
P-1x,4483,30.859,7.27,7.22,0.0073,20818,92
P-1x,4484,30.866,7.02,7.08,0.0070,544,92
P-1x,4485,30.875,7.98,7.99,0.0080,2176,92
P-1x,4486,30.882,7.53,7.50,0.0075,20818,92
P-1x,4487,30.889,7.33,7.32,0.0073,544,92
P-1x,4488,30.897,6.80,6.79,0.0068,720,91
P-1x,4489,30.904,8.22,8.20,0.0082,20290,91
P-1x,4490,30.912,7.34,7.38,0.0073,544,91
P-1x,4491,30.920,8.10,8.10,0.0081,19454,91
P-1x,4492,30.927,7.21,7.21,0.0072,544,91
P-1x,4493,30.936,7.08,7.10,0.0071,544,91
P-1x,4494,30.944,9.73,9.69,0.0097,24014,91
P-1x,4495,30.952,7.57,7.53,0.0076,544,91
P-1x,4496,30.967,15.81,15.86,0.0158,21662,91
P-1x,4497,30.977,8.65,8.61,0.0087,544,91
P-1x,4498,30.986,10.24,10.28,0.0102,27878,91
P-1x,4499,30.995,8.43,8.40,0.0084,544,89
P-1x,4500,31.006,11.10,11.10,0.0111,28498,89
P-1x,4501,31.015,9.08,9.10,0.0091,544,86
P-1x,4502,31.025,10.28,10.29,0.0103,30024,86
P-1x,4503,31.034,8.71,8.71,0.0087,544,84
P-1x,4504,31.044,10.00,9.99,0.0100,28298,84
P-1x,4505,31.053,8.80,8.80,0.0088,544,83
P-1x,4506,31.062,9.80,9.80,0.0098,27350,83
P-1x,4507,31.072,8.79,8.80,0.0088,544,82
P-1x,4508,31.080,9.42,9.41,0.0094,27402,82
P-1x,4509,31.089,9.06,9.08,0.0091,544,82
P-1x,4510,31.098,8.10,8.10,0.0081,544,82
P-1x,4511,31.107,9.53,9.50,0.0095,26514,82
P-1x,4512,31.116,8.12,8.11,0.0081,544,81
P-1x,4513,31.124,9.07,9.09,0.0091,27350,81
P-1x,4514,31.134,8.81,8.80,0.0088,544,81
P-1x,4515,31.142,8.62,8.60,0.0086,26514,81
P-1x,4516,31.150,8.36,8.38,0.0084,544,81
P-1x,4517,31.159,8.42,8.41,0.0084,544,80
P-1x,4518,31.168,9.13,9.11,0.0091,27350,80
P-1x,4519,31.177,8.54,8.58,0.0085,544,80
P-1x,4520,31.185,9.11,9.09,0.0091,26514,80
P-1x,4521,31.194,8.40,8.40,0.0084,544,80
P-1x,4522,31.203,9.21,9.21,0.0092,26514,80
P-1x,4523,31.212,8.55,8.50,0.0085,544,80
P-1x,4524,31.220,8.25,8.30,0.0082,26514,80
P-1x,4525,31.228,8.68,8.69,0.0087,544,80
P-1x,4526,31.237,8.29,8.28,0.0083,544,80
P-1x,4527,31.246,9.06,9.01,0.0091,26514,80
P-1x,4528,31.263,16.22,16.20,0.0162,2752,80
P-1x,4529,31.273,10.48,10.49,0.0105,34938,80
P-1x,4530,31.283,10.09,10.10,0.0101,34990,80
P-1x,4531,31.292,8.97,8.98,0.0090,2416,80
P-1x,4532,31.300,8.75,8.71,0.0087,26514,80
P-1x,4533,31.309,8.67,8.69,0.0087,544,80
P-1x,4534,31.318,8.49,8.48,0.0085,544,80
P-1x,4535,31.326,8.91,8.91,0.0089,26514,80
P-1x,4536,31.336,8.88,8.89,0.0089,544,80
P-1x,4537,31.344,9.22,9.20,0.0092,26514,80
P-1x,4538,31.353,7.83,7.80,0.0078,544,79
P-1x,4539,31.362,9.70,9.70,0.0097,27350,79
P-1x,4540,31.370,8.44,8.48,0.0084,544,79
P-1x,4541,31.379,8.52,8.51,0.0085,544,79
P-1x,4542,31.388,8.91,8.90,0.0089,26514,79
P-1x,4543,31.396,8.01,7.99,0.0080,544,79
P-1x,4544,31.404,8.68,8.69,0.0087,26514,79
P-1x,4545,31.413,7.99,8.00,0.0080,544,79
P-1x,4546,31.421,8.62,8.61,0.0086,26514,79
P-1x,4547,31.429,7.97,7.98,0.0080,544,79
P-1x,4548,31.438,8.51,8.51,0.0085,640,78
P-1x,4549,31.447,9.73,9.70,0.0097,27350,78
P-1x,4550,31.456,8.31,8.30,0.0083,544,78
P-1x,4551,31.464,8.39,8.39,0.0084,26514,78
P-1x,4552,31.472,7.59,7.59,0.0076,544,78
P-1x,4553,31.480,8.11,8.12,0.0081,26514,78
P-1x,4554,31.488,7.88,7.89,0.0079,596,78
P-1x,4555,31.496,7.89,7.90,0.0079,544,77
P-1x,4556,31.505,9.11,9.09,0.0091,27350,77
P-1x,4557,31.513,8.01,8.01,0.0080,544,76
P-1x,4558,31.521,8.76,8.78,0.0088,27350,76
P-1x,4559,31.529,7.94,7.91,0.0079,544,76
P-1x,4560,31.537,7.57,7.60,0.0076,544,76
P-1x,4561,31.545,8.52,8.50,0.0085,26514,76
P-1x,4562,31.562,16.09,16.01,0.0161,2752,75
P-1x,4563,31.574,11.71,11.79,0.0117,35774,75
P-1x,4564,31.584,11.24,11.22,0.0112,34938,75
P-1x,4565,31.594,9.28,9.27,0.0093,544,75
P-1x,4566,31.604,9.80,9.80,0.0098,34938,75
P-1x,4567,31.614,10.00,9.99,0.0100,544,75
P-1x,4568,31.624,10.17,10.19,0.0102,34938,75
P-1x,4569,31.634,9.26,9.23,0.0093,544,75
P-1x,4570,31.642,9.51,9.49,0.0095,34938,75
P-1x,4571,31.652,9.44,9.49,0.0094,544,75
P-1x,4572,31.661,9.00,8.99,0.0090,34938,75
P-1x,4573,31.670,9.07,9.09,0.0091,544,75
P-1x,4574,31.679,8.34,8.31,0.0083,2416,75
P-1x,4575,31.688,9.30,9.30,0.0093,26514,75
P-1x,4576,31.697,8.38,8.38,0.0084,596,75
P-1x,4577,31.704,8.40,8.41,0.0084,26514,75
P-1x,4578,31.712,7.48,7.50,0.0075,544,75
P-1x,4579,31.720,8.20,8.19,0.0082,26514,75
P-1x,4580,31.728,7.51,7.51,0.0075,544,75
P-1x,4581,31.736,7.27,7.21,0.0073,544,74
P-1x,4582,31.744,8.84,8.88,0.0088,27350,74
P-1x,4583,31.752,7.73,7.63,0.0077,544,74
P-1x,4584,31.759,7.67,7.77,0.0077,26514,74
P-1x,4585,31.766,7.30,7.31,0.0073,544,74
P-1x,4586,31.774,7.56,7.58,0.0076,544,74
P-1x,4587,31.783,8.84,8.81,0.0088,26514,74
P-1x,4588,31.791,8.00,7.99,0.0080,544,74
P-1x,4589,31.799,8.23,8.20,0.0082,26514,74
P-1x,4590,31.807,7.50,7.50,0.0075,544,74
P-1x,4591,31.814,7.37,7.32,0.0074,544,74
P-1x,4592,31.822,7.98,8.06,0.0080,26514,74
P-1x,4593,31.829,7.39,7.39,0.0074,544,74
P-1x,4594,31.837,7.52,7.50,0.0075,544,74
P-1x,4595,31.845,8.40,8.40,0.0084,26514,74
P-1x,4596,31.862,15.71,15.69,0.0157,2752,74
P-1x,4597,31.870,9.39,9.40,0.0094,34938,74
P-1x,4598,31.880,8.90,8.90,0.0089,544,74
P-1x,4599,31.890,10.71,10.70,0.0107,35606,74
P-1x,4600,31.899,8.88,8.89,0.0089,596,74
P-1x,4601,31.908,9.31,9.30,0.0093,34938,74
P-1x,4602,31.918,9.00,8.99,0.0090,544,74
P-1x,4603,31.927,9.59,9.60,0.0096,34938,74
P-1x,4604,31.935,8.07,8.01,0.0081,544,74
P-1x,4605,31.946,11.06,11.09,0.0111,34938,74
P-1x,4606,31.955,8.99,9.00,0.0090,544,74
P-1x,4607,31.965,9.91,9.89,0.0099,34938,74
P-1x,4608,31.974,8.58,8.60,0.0086,2432,74
P-1x,4609,31.981,7.98,7.99,0.0080,26546,74
P-1x,4610,31.989,7.30,7.31,0.0073,544,74
P-1x,4611,31.997,7.49,7.49,0.0075,544,74
P-1x,4612,32.005,8.64,8.61,0.0086,25896,74
P-1x,4613,32.013,7.90,7.89,0.0079,544,74
P-1x,4614,32.021,7.96,8.00,0.0080,25816,74
P-1x,4615,32.028,7.52,7.50,0.0075,544,74
P-1x,4616,32.036,7.49,7.50,0.0075,544,74
P-1x,4617,32.044,8.40,8.13,0.0084,25816,74
P-1x,4618,32.053,8.64,8.87,0.0086,544,74
P-1x,4619,32.062,9.49,9.50,0.0095,27772,73
P-1x,4620,32.070,8.09,8.09,0.0081,544,73
P-1x,4621,32.078,7.46,7.43,0.0075,544,73
P-1x,4622,32.086,7.99,7.98,0.0080,25816,73
P-1x,4623,32.094,7.67,7.60,0.0077,544,73
P-1x,4624,32.102,8.61,8.69,0.0086,25868,73
P-1x,4625,32.110,8.08,8.09,0.0081,544,73
P-1x,4626,32.118,7.58,7.60,0.0076,544,73
P-1x,4627,32.125,7.94,7.90,0.0079,25816,73
P-1x,4628,32.134,7.86,7.89,0.0079,544,73
P-1x,4629,32.142,8.22,8.19,0.0082,25816,73
P-1x,4630,32.157,15.24,15.22,0.0152,2752,73
P-1x,4631,32.168,10.79,10.79,0.0108,34240,73
P-1x,4632,32.178,9.76,9.78,0.0098,544,73
P-1x,4633,32.188,10.82,10.81,0.0108,34424,73
P-1x,4634,32.198,9.65,9.60,0.0096,544,73
P-1x,4635,32.207,9.21,9.20,0.0092,34922,73
P-1x,4636,32.217,9.35,9.39,0.0093,544,73
P-1x,4637,32.226,9.43,9.40,0.0094,34922,73
P-1x,4638,32.236,9.58,9.58,0.0096,544,73
P-1x,4639,32.245,9.59,9.60,0.0096,34922,73
P-1x,4640,32.255,9.22,9.20,0.0092,544,73
P-1x,4641,32.264,9.94,9.90,0.0099,34922,73
P-1x,4642,32.273,8.59,8.61,0.0086,2440,73
P-1x,4643,32.281,8.70,8.70,0.0087,26498,73
P-1x,4644,32.289,7.52,7.50,0.0075,544,73
P-1x,4645,32.298,8.94,8.98,0.0089,544,73
P-1x,4646,32.306,8.55,8.51,0.0085,26550,73
P-1x,4647,32.317,10.15,10.19,0.0102,1280,73
P-1x,4648,32.325,8.39,8.39,0.0084,29226,73
P-1x,4649,32.333,7.65,7.61,0.0077,544,73
P-1x,4650,32.341,8.46,8.48,0.0085,29226,73
P-1x,4651,32.349,7.68,7.70,0.0077,544,73
P-1x,4652,32.357,7.85,7.82,0.0078,544,73
P-1x,4653,32.365,8.57,8.59,0.0086,29226,73
P-1x,4654,32.374,7.69,7.69,0.0077,544,73
P-1x,4655,32.382,8.80,8.81,0.0088,29226,73
P-1x,4656,32.390,7.98,7.99,0.0080,544,73
P-1x,4657,32.398,7.90,7.82,0.0079,544,73
P-1x,4658,32.407,9.14,9.18,0.0091,29226,73
P-1x,4659,32.416,8.21,8.20,0.0082,544,73
P-1x,4660,32.423,8.28,8.29,0.0083,29226,73
P-1x,4661,32.434,9.97,9.99,0.0100,1280,73
P-1x,4662,32.450,16.61,16.59,0.0166,34162,73
P-1x,4663,32.461,10.82,10.81,0.0108,912,73
P-1x,4664,32.472,10.86,10.88,0.0109,41742,73
P-1x,4665,32.483,11.23,11.21,0.0112,41926,73
P-1x,4666,32.493,9.52,9.50,0.0095,544,73
P-1x,4667,32.503,10.46,10.49,0.0105,42440,73
P-1x,4668,32.513,9.33,9.30,0.0093,596,73
P-1x,4669,32.522,9.96,9.99,0.0100,42440,73
P-1x,4670,32.533,9.81,9.81,0.0098,544,73
P-1x,4671,32.543,10.94,10.90,0.0109,42544,73
P-1x,4672,32.554,10.28,10.30,0.0103,544,73
P-1x,4673,32.564,10.85,10.79,0.0108,44688,73
P-1x,4674,32.572,7.92,8.00,0.0079,544,73
P-1x,4675,32.582,10.11,10.09,0.0101,34384,73
P-1x,4676,32.590,8.40,8.40,0.0084,544,73
P-1x,4677,32.599,8.19,8.19,0.0082,544,73
P-1x,4678,32.609,10.21,10.20,0.0102,35748,73
P-1x,4679,32.619,8.40,8.40,0.0084,544,73
P-1x,4680,32.628,11.20,11.21,0.0112,39438,73
P-1x,4681,32.638,8.72,8.69,0.0087,544,73
P-1x,4682,32.647,9.71,9.70,0.0097,36744,73
P-1x,4683,32.656,8.89,8.90,0.0089,544,73
P-1x,4684,32.665,9.19,9.19,0.0092,36744,73
P-1x,4685,32.675,8.41,8.40,0.0084,544,73
P-1x,4686,32.684,10.49,10.50,0.0105,36848,73
P-1x,4687,32.694,8.78,8.80,0.0088,544,73
P-1x,4688,32.703,10.64,10.61,0.0106,37216,73
P-1x,4689,32.713,8.41,8.40,0.0084,596,73
P-1x,4690,32.723,11.46,11.49,0.0115,37712,73
P-1x,4691,32.733,8.60,8.58,0.0086,544,73
P-1x,4692,32.742,10.55,10.53,0.0105,38196,73
P-1x,4693,32.754,10.68,10.68,0.0107,912,73
P-1x,4694,32.774,19.86,19.90,0.0199,40676,73
P-1x,4695,32.784,10.97,10.91,0.0110,47214,73
P-1x,4696,32.795,10.64,10.68,0.0106,544,73
P-1x,4697,32.805,10.75,10.71,0.0107,47294,73
P-1x,4698,32.817,10.85,10.88,0.0108,544,73
P-1x,4699,32.828,12.39,12.40,0.0124,47880,73
P-1x,4700,32.841,10.52,10.49,0.0105,624,73
P-1x,4701,32.852,12.87,12.89,0.0129,46934,73
P-1x,4702,32.864,11.84,11.81,0.0118,45850,73
P-1x,4703,32.876,11.97,12.00,0.0120,2960,73
P-1x,4704,32.887,11.32,11.30,0.0113,39158,73
P-1x,4705,32.899,11.61,11.60,0.0116,912,73
P-1x,4706,32.908,9.85,9.82,0.0099,40154,73
P-1x,4707,32.920,9.63,9.68,0.0096,676,73
P-1x,4708,32.930,11.71,11.71,0.0117,39888,73
P-1x,4709,32.940,9.61,9.59,0.0096,544,73
P-1x,4710,32.951,11.30,11.29,0.0113,39552,73
P-1x,4711,32.961,9.70,9.71,0.0097,544,73
P-1x,4712,32.970,9.78,9.79,0.0098,39472,73
P-1x,4713,32.980,8.91,8.91,0.0089,544,73
P-1x,4714,32.989,9.59,9.59,0.0096,39472,73
P-1x,4715,32.998,9.31,9.30,0.0093,544,73
P-1x,4716,33.010,11.74,11.70,0.0117,39840,73
P-1x,4717,33.021,10.27,10.31,0.0103,720,73
P-1x,4718,33.031,11.07,11.08,0.0111,39840,73
P-1x,4719,33.041,9.83,9.80,0.0098,39472,73
P-1x,4720,33.060,18.30,18.31,0.0183,2752,73
P-1x,4721,33.072,11.97,11.99,0.0120,47896,73
P-1x,4722,33.082,11.30,11.30,0.0113,47976,73
P-1x,4723,33.094,11.11,11.09,0.0111,544,73
P-1x,4724,33.104,11.08,11.09,0.0111,47896,73
P-1x,4725,33.117,11.81,11.80,0.0118,624,73
P-1x,4726,33.128,11.34,11.30,0.0113,47948,73
P-1x,4727,33.139,10.73,10.71,0.0107,544,73
P-1x,4728,33.153,14.04,14.08,0.0140,48616,73
P-1x,4729,33.164,11.80,11.81,0.0118,46532,73
P-1x,4730,33.175,9.86,9.88,0.0099,2616,73
P-1x,4731,33.185,10.83,10.81,0.0108,37506,73
P-1x,4732,33.195,9.59,9.60,0.0096,544,73
P-1x,4733,33.205,10.12,10.10,0.0101,37426,73
P-1x,4734,33.214,8.89,8.89,0.0089,544,73
P-1x,4735,33.224,10.38,10.39,0.0104,37426,73
P-1x,4736,33.234,9.11,9.11,0.0091,544,73
P-1x,4737,33.242,9.27,9.21,0.0093,37426,73
P-1x,4738,33.253,9.75,9.78,0.0097,544,73
P-1x,4739,33.262,9.66,9.61,0.0097,37426,73
P-1x,4740,33.273,9.81,9.88,0.0098,544,73
P-1x,4741,33.282,10.17,10.11,0.0102,37530,73
P-1x,4742,33.291,8.94,8.98,0.0089,720,73
P-1x,4743,33.301,9.53,9.50,0.0095,544,73
P-1x,4744,33.310,9.87,9.89,0.0099,36062,73
P-1x,4745,33.320,9.80,9.81,0.0098,736,73
P-1x,4746,33.330,10.11,10.09,0.0101,34934,73
P-1x,4747,33.340,8.94,8.90,0.0089,544,73
P-1x,4748,33.359,19.39,19.40,0.0194,37588,73
P-1x,4749,33.370,11.59,11.60,0.0116,43804,73
P-1x,4750,33.382,11.49,11.49,0.0115,544,73
P-1x,4751,33.394,11.42,11.39,0.0114,43804,73
P-1x,4752,33.404,11.27,11.30,0.0113,43804,73
P-1x,4753,33.415,9.98,9.89,0.0100,544,73
P-1x,4754,33.426,12.22,12.31,0.0122,44458,73
P-1x,4755,33.438,11.23,11.20,0.0112,704,73
P-1x,4756,33.449,11.87,11.89,0.0119,42440,73
P-1x,4757,33.460,10.39,10.31,0.0104,2536,73
P-1x,4758,33.470,10.14,10.19,0.0101,34192,73
P-1x,4759,33.480,9.24,9.20,0.0092,544,73
P-1x,4760,33.490,10.75,10.78,0.0107,32652,73
P-1x,4761,33.499,8.63,8.61,0.0086,544,73
P-1x,4762,33.508,9.22,9.19,0.0092,32652,73
P-1x,4763,33.518,9.63,9.68,0.0096,624,73
P-1x,4764,33.527,9.80,9.79,0.0098,31970,73
P-1x,4765,33.536,8.67,8.70,0.0087,596,73
P-1x,4766,33.545,9.51,9.49,0.0095,31970,73
P-1x,4767,33.556,9.82,9.80,0.0098,544,73
P-1x,4768,33.565,9.92,9.91,0.0099,31970,73
P-1x,4769,33.574,8.76,8.79,0.0088,544,73
P-1x,4770,33.583,9.54,9.49,0.0095,32146,73
P-1x,4771,33.593,9.30,9.31,0.0093,544,73
P-1x,4772,33.603,10.26,10.28,0.0103,30798,73
P-1x,4773,33.613,9.09,9.10,0.0091,544,73
P-1x,4774,33.621,9.19,9.19,0.0092,29242,73
P-1x,4775,33.630,8.42,8.41,0.0084,544,73
P-1x,4776,33.639,8.89,8.89,0.0089,544,73
P-1x,4777,33.658,19.14,19.11,0.0191,31450,73
P-1x,4778,33.670,12.16,12.19,0.0122,37666,73
P-1x,4779,33.681,10.62,10.59,0.0106,544,73
P-1x,4780,33.693,11.72,11.70,0.0117,37666,73
P-1x,4781,33.703,11.24,11.20,0.0112,37666,73
P-1x,4782,33.715,10.67,10.70,0.0107,712,73
P-1x,4783,33.726,11.96,11.99,0.0120,36302,73
P-1x,4784,33.738,11.04,11.01,0.0110,544,73
P-1x,4785,33.748,10.63,10.61,0.0106,36314,73
P-1x,4786,33.759,10.44,10.48,0.0104,544,73
P-1x,4787,33.768,10.37,10.31,0.0104,38366,73
P-1x,4788,33.777,8.42,8.48,0.0084,544,73
P-1x,4789,33.786,8.90,8.89,0.0089,27878,73
P-1x,4790,33.795,8.39,8.40,0.0084,544,73
P-1x,4791,33.804,9.44,9.40,0.0094,27878,73
P-1x,4792,33.813,8.35,8.39,0.0084,544,73
P-1x,4793,33.821,9.22,9.20,0.0092,27878,73
P-1x,4794,33.830,8.38,8.39,0.0084,544,73
P-1x,4795,33.839,8.92,8.91,0.0089,544,73
P-1x,4796,33.849,10.10,10.10,0.0101,27878,73
P-1x,4797,33.859,9.61,9.59,0.0096,720,73
P-1x,4798,33.867,8.98,9.00,0.0090,26514,73
P-1x,4799,33.876,8.16,8.18,0.0082,544,73
P-1x,4800,33.884,8.72,8.72,0.0087,26514,73
P-1x,4801,33.894,8.24,8.21,0.0082,544,73
P-1x,4802,33.903,10.57,10.59,0.0106,27986,73
P-1x,4803,33.912,8.81,8.79,0.0088,544,73
P-1x,4804,33.921,9.31,9.31,0.0093,26514,73
P-1x,4805,33.929,8.48,8.49,0.0085,544,73
P-1x,4806,33.938,8.42,8.41,0.0084,544,73
P-1x,4807,33.958,18.99,18.98,0.0190,28774,73
P-1x,4808,33.969,12.11,12.11,0.0121,34938,73
P-1x,4809,33.980,10.10,10.10,0.0101,544,73
P-1x,4810,33.990,10.52,10.51,0.0105,34938,73
P-1x,4811,34.000,10.16,10.18,0.0102,576,73
P-1x,4812,34.011,11.00,11.00,0.0110,34240,73
P-1x,4813,34.021,10.70,10.69,0.0107,34240,73
P-1x,4814,34.032,9.98,10.00,0.0100,544,73
P-1x,4815,34.042,10.05,10.02,0.0100,34240,73
P-1x,4816,34.052,10.37,10.18,0.0104,544,73
P-1x,4817,34.063,11.12,11.31,0.0111,34240,73
P-1x,4818,34.073,9.79,9.80,0.0098,2608,73
P-1x,4819,34.082,9.41,9.40,0.0094,25816,73
P-1x,4820,34.090,8.06,8.09,0.0081,544,73
P-1x,4821,34.100,9.21,9.20,0.0092,544,73
P-1x,4822,34.110,10.73,10.71,0.0107,25816,73
P-1x,4823,34.120,8.79,8.80,0.0088,544,73
P-1x,4824,34.128,8.70,8.68,0.0087,25816,73
P-1x,4825,34.136,8.18,8.20,0.0082,544,73
P-1x,4826,34.145,9.02,9.00,0.0090,25816,73
P-1x,4827,34.154,8.59,8.60,0.0086,596,73
P-1x,4828,34.162,8.74,8.69,0.0087,25816,73
P-1x,4829,34.172,8.75,8.79,0.0087,544,73
P-1x,4830,34.182,10.53,10.49,0.0105,25816,73
P-1x,4831,34.190,8.50,8.51,0.0085,544,73
P-1x,4832,34.199,8.77,8.78,0.0088,544,73
P-1x,4833,34.208,9.35,9.31,0.0093,25816,73
P-1x,4834,34.217,8.48,8.49,0.0085,544,73
P-1x,4835,34.226,8.96,8.98,0.0090,25816,73
P-1x,4836,34.234,8.17,8.13,0.0082,544,73
P-1x,4837,34.252,18.12,18.09,0.0181,28024,73
P-1x,4838,34.263,11.35,11.38,0.0114,34240,73
P-1x,4839,34.274,9.98,10.00,0.0100,544,73
P-1x,4840,34.284,10.41,10.38,0.0104,34240,73
P-1x,4841,34.295,10.65,10.61,0.0107,624,73
P-1x,4842,34.305,10.53,10.51,0.0105,34240,73
P-1x,4843,34.316,10.53,10.57,0.0105,544,73
P-1x,4844,34.326,11.07,11.09,0.0111,34240,73
P-1x,4845,34.337,10.41,10.40,0.0104,544,73
P-1x,4846,34.348,10.73,10.64,0.0107,34240,73
P-1x,4847,34.358,9.42,9.47,0.0094,596,73
P-1x,4848,34.367,10.26,10.28,0.0103,36320,73
P-1x,4849,34.376,8.08,8.10,0.0081,544,73
P-1x,4850,34.385,9.16,9.11,0.0092,25816,73
P-1x,4851,34.394,8.58,8.59,0.0086,544,73
P-1x,4852,34.402,9.19,9.19,0.0092,25816,73
P-1x,4853,34.410,8.29,8.30,0.0083,544,73
P-1x,4854,34.419,8.39,8.40,0.0084,544,73
P-1x,4855,34.427,8.25,8.21,0.0082,25816,73
P-1x,4856,34.436,8.57,8.58,0.0086,544,73
P-1x,4857,34.445,8.99,8.99,0.0090,25816,73
P-1x,4858,34.455,9.33,9.31,0.0093,544,73
P-1x,4859,34.463,8.78,8.79,0.0088,25816,73
P-1x,4860,34.472,8.52,8.50,0.0085,544,73
P-1x,4861,34.480,8.49,8.50,0.0085,25816,73
P-1x,4862,34.488,8.40,8.40,0.0084,544,73
P-1x,4863,34.497,8.61,8.60,0.0086,544,73
P-1x,4864,34.506,9.29,9.21,0.0093,25816,73
P-1x,4865,34.515,8.36,8.40,0.0084,544,73
P-1x,4866,34.523,8.64,8.67,0.0086,25816,73
P-1x,4867,34.532,8.51,8.50,0.0085,544,73
P-1x,4868,34.550,18.52,18.50,0.0185,28024,73
P-1x,4869,34.561,10.70,10.69,0.0107,596,73
P-1x,4870,34.573,11.52,11.50,0.0115,34240,73
P-1x,4871,34.585,13.16,13.20,0.0132,34608,73
P-1x,4872,34.596,9.85,9.81,0.0098,544,73
P-1x,4873,34.606,10.42,10.40,0.0104,35604,73
P-1x,4874,34.617,10.64,10.68,0.0106,544,73
P-1x,4875,34.627,10.88,10.90,0.0109,35604,73
P-1x,4876,34.638,10.01,10.01,0.0100,544,73
P-1x,4877,34.648,11.20,11.20,0.0112,35604,73
P-1x,4878,34.659,10.20,10.20,0.0102,544,73
P-1x,4879,34.669,10.15,10.14,0.0102,37692,73
P-1x,4880,34.678,8.44,8.45,0.0084,544,73
P-1x,4881,34.687,9.20,9.19,0.0092,27180,73
P-1x,4882,34.696,9.22,9.21,0.0092,544,73
P-1x,4883,34.705,9.12,9.10,0.0091,27180,73
P-1x,4884,34.714,8.78,8.79,0.0088,544,73
P-1x,4885,34.723,9.79,9.79,0.0098,27180,73
P-1x,4886,34.732,8.40,8.39,0.0084,544,73
P-1x,4887,34.741,9.20,9.20,0.0092,27180,73
P-1x,4888,34.750,8.89,8.89,0.0089,544,73
P-1x,4889,34.759,8.52,8.51,0.0085,544,73
P-1x,4890,34.767,8.98,9.00,0.0090,27232,73
P-1x,4891,34.776,8.39,8.39,0.0084,544,73
P-1x,4892,34.785,8.80,8.80,0.0088,27180,73
P-1x,4893,34.794,8.85,8.81,0.0089,544,73
P-1x,4894,34.803,9.76,9.80,0.0098,27180,73
P-1x,4895,34.812,8.16,8.09,0.0082,544,73
P-1x,4896,34.821,9.56,9.60,0.0096,27180,73
P-1x,4897,34.829,8.41,8.39,0.0084,544,73
P-1x,4898,34.849,17.56,17.59,0.0176,2752,73
P-1x,4899,34.862,13.35,13.31,0.0133,37328,73
P-1x,4900,34.874,13.65,13.68,0.0137,39782,73
P-1x,4901,34.885,11.53,11.50,0.0115,35604,73
P-1x,4902,34.897,10.79,10.80,0.0108,544,73
P-1x,4903,34.908,11.38,11.40,0.0114,35604,73
P-1x,4904,34.919,10.75,10.71,0.0108,544,73
P-1x,4905,34.930,11.24,11.28,0.0112,35604,73
P-1x,4906,34.942,11.52,11.50,0.0115,640,73
P-1x,4907,34.953,11.10,11.10,0.0111,34922,73
P-1x,4908,34.962,10.01,9.99,0.0100,37178,73
P-1x,4909,34.973,10.22,10.20,0.0102,1616,73
P-1x,4910,34.982,9.46,9.50,0.0095,25816,73
P-1x,4911,34.991,8.70,8.70,0.0087,544,73
P-1x,4912,35.000,8.41,8.39,0.0084,544,73
P-1x,4913,35.009,9.72,9.71,0.0097,25816,73
P-1x,4914,35.018,8.77,8.80,0.0088,544,73
P-1x,4915,35.027,9.39,9.39,0.0094,25816,73
P-1x,4916,35.036,8.30,8.23,0.0083,544,73
P-1x,4917,35.045,9.51,9.55,0.0095,25816,73
P-1x,4918,35.055,9.71,9.70,0.0097,544,73
P-1x,4919,35.064,9.11,9.10,0.0091,25816,73
P-1x,4920,35.073,8.31,8.31,0.0083,544,73
P-1x,4921,35.081,9.22,9.20,0.0092,25816,73
P-1x,4922,35.089,8.25,8.29,0.0082,544,73
P-1x,4923,35.098,8.39,8.39,0.0084,544,73
P-1x,4924,35.106,8.66,8.62,0.0087,25816,73
P-1x,4925,35.116,9.47,9.49,0.0095,696,73
P-1x,4926,35.125,9.06,9.08,0.0091,25816,73
P-1x,4927,35.144,17.92,17.90,0.0179,2752,73
P-1x,4928,35.156,12.32,12.30,0.0123,34240,73
P-1x,4929,35.167,11.40,11.41,0.0114,34240,73
P-1x,4930,35.178,11.17,11.18,0.0112,596,73
P-1x,4931,35.188,10.66,10.62,0.0107,34240,73
P-1x,4932,35.201,12.25,12.28,0.0122,3492,73
P-1x,4933,35.213,11.42,11.39,0.0114,34240,73
P-1x,4934,35.223,11.08,11.10,0.0111,34240,73
P-1x,4935,35.234,10.29,10.30,0.0103,544,73
P-1x,4936,35.244,10.75,10.71,0.0107,34240,73
P-1x,4937,35.254,9.66,9.69,0.0097,2704,73
P-1x,4938,35.263,9.71,9.69,0.0097,25776,73
P-1x,4939,35.274,9.43,9.42,0.0094,624,73
P-1x,4940,35.282,9.39,9.39,0.0094,25816,73
P-1x,4941,35.292,9.19,9.20,0.0092,544,73
P-1x,4942,35.301,9.45,9.41,0.0095,25816,73
P-1x,4943,35.310,8.67,8.69,0.0087,544,73
P-1x,4944,35.319,8.96,8.97,0.0090,544,73
P-1x,4945,35.327,8.80,8.81,0.0088,25816,73
P-1x,4946,35.336,8.52,8.49,0.0085,544,73
P-1x,4947,35.345,8.77,8.79,0.0088,25816,73
P-1x,4948,35.354,8.44,8.41,0.0084,544,73
P-1x,4949,35.363,9.40,9.40,0.0094,25816,73
P-1x,4950,35.372,8.79,8.79,0.0088,544,73
P-1x,4951,35.380,8.70,8.70,0.0087,25868,73
P-1x,4952,35.388,8.15,8.10,0.0082,544,73
P-1x,4953,35.397,8.54,8.58,0.0085,544,73
P-1x,4954,35.406,9.28,9.20,0.0093,25816,73
P-1x,4955,35.415,8.38,8.42,0.0084,544,73
P-1x,4956,35.424,9.32,9.36,0.0093,25816,73
P-1x,4957,35.433,8.32,8.31,0.0083,544,72
P-1x,4958,35.442,10.03,10.00,0.0100,26652,72
P-1x,4959,35.450,8.37,8.38,0.0084,544,72
P-1x,4960,35.459,8.33,8.31,0.0083,544,72
P-1x,4961,35.467,8.47,8.49,0.0085,25816,72
P-1x,4962,35.476,8.70,8.70,0.0087,544,72
P-1x,4963,35.485,8.97,8.92,0.0090,25816,72
P-1x,4964,35.494,8.81,8.77,0.0088,544,72
P-1x,4965,35.503,9.03,9.10,0.0090,25816,72
P-1x,4966,35.512,8.41,8.40,0.0084,544,72
P-1x,4967,35.520,8.47,8.48,0.0085,25816,72
P-1x,4968,35.528,8.82,8.80,0.0088,544,72
P-1x,4969,35.538,9.02,9.01,0.0090,544,72
P-1x,4970,35.546,8.22,8.20,0.0082,27992,72
P-1x,4971,35.553,6.75,6.78,0.0067,544,72
P-1x,4972,35.560,7.10,7.10,0.0071,17392,72
P-1x,4973,35.567,7.19,7.21,0.0072,544,72
P-1x,4974,35.574,6.79,6.79,0.0068,544,72
P-1x,4975,35.581,7.33,7.31,0.0073,17444,72
P-1x,4976,35.588,6.81,6.80,0.0068,544,72
P-1x,4977,35.595,7.02,7.01,0.0070,544,72
P-1x,4978,35.602,7.44,7.41,0.0074,17392,72
P-1x,4979,35.609,6.62,6.67,0.0066,544,72
P-1x,4980,35.616,7.15,7.10,0.0072,544,72
P-1x,4981,35.623,7.55,7.58,0.0075,17392,72
P-1x,4982,35.630,6.71,6.70,0.0067,544,72
P-1x,4983,35.638,6.94,6.91,0.0069,544,72
P-1x,4984,35.645,7.48,7.49,0.0075,17392,72
P-1x,4985,35.653,7.68,7.68,0.0077,544,72
P-1x,4986,35.659,7.03,7.01,0.0070,17392,72
P-1x,4987,35.666,6.95,6.98,0.0070,544,72
P-1x,4988,35.673,6.59,6.60,0.0066,544,72
P-1x,4989,35.680,7.51,7.50,0.0075,17392,72
P-1x,4990,35.688,7.23,7.21,0.0072,544,72
P-1x,4991,35.695,7.23,7.11,0.0072,800,72
P-1x,4992,35.702,7.72,7.77,0.0077,17392,72
P-1x,4993,35.710,7.21,7.29,0.0072,544,72
P-1x,4994,35.717,7.23,7.21,0.0072,544,72
P-1x,4995,35.725,7.68,7.70,0.0077,17392,72
P-1x,4996,35.732,6.80,6.80,0.0068,544,72
P-1x,4997,35.739,7.81,7.80,0.0078,17352,72
P-1x,4998,35.746,6.49,6.50,0.0065,544,72
P-1x,4999,35.753,6.86,6.81,0.0069,544,72
P-1x,5000,35.760,7.32,7.31,0.0073,17392,72
P-1x,5001,35.767,6.74,6.78,0.0067,544,72
P-1x,5002,35.774,7.22,7.20,0.0072,544,72
P-1x,5003,35.781,7.58,7.60,0.0076,17404,72
P-1x,5004,35.788,6.21,6.19,0.0062,544,72
P-1x,5005,35.795,6.63,6.60,0.0066,544,72
P-1x,5006,35.802,7.80,7.81,0.0078,17352,72
P-1x,5007,35.809,6.67,6.67,0.0067,544,72
P-1x,5008,35.816,7.10,7.11,0.0071,544,72
P-1x,5009,35.823,7.51,7.50,0.0075,17352,72
P-1x,5010,35.830,6.40,6.39,0.0064,544,72
P-1x,5011,35.837,6.37,6.39,0.0064,544,72
P-1x,5012,35.853,15.91,15.83,0.0159,21784,72
P-1x,5013,35.860,7.97,7.98,0.0080,17392,72
P-1x,5014,35.867,6.92,6.98,0.0069,544,72
P-1x,5015,35.875,7.27,7.28,0.0073,544,72
P-1x,5016,35.882,7.87,7.82,0.0079,17392,72
P-1x,5017,35.889,7.19,7.20,0.0072,544,72
P-1x,5018,35.897,7.20,7.20,0.0072,544,72
P-1x,5019,35.904,7.89,7.89,0.0079,17392,72
P-1x,5020,35.912,7.36,7.31,0.0074,544,72
P-1x,5021,35.919,7.73,7.80,0.0077,17392,72
P-1x,5022,35.926,6.93,6.83,0.0069,544,72
P-1x,5023,35.933,6.56,6.66,0.0066,544,72
P-1x,5024,35.941,7.72,7.70,0.0077,17392,72
P-1x,5025,35.948,7.17,7.10,0.0072,544,72
P-1x,5026,35.955,6.93,6.99,0.0069,544,72
P-1x,5027,35.962,7.71,7.70,0.0077,17392,72
P-1x,5028,35.969,7.07,7.10,0.0071,544,72
P-1x,5029,35.977,6.72,6.70,0.0067,544,72
P-1x,5030,35.983,7.18,7.20,0.0072,17444,72
P-1x,5031,35.990,6.91,6.90,0.0069,544,72
P-1x,5032,35.997,6.54,6.50,0.0065,544,72
P-1x,5033,36.004,7.49,7.49,0.0075,17392,72
P-1x,5034,36.012,6.95,6.98,0.0070,544,72
P-1x,5035,36.019,7.93,7.91,0.0079,17392,72
P-1x,5036,36.026,6.60,6.59,0.0066,544,72
P-1x,5037,36.033,6.90,6.91,0.0069,544,72
P-1x,5038,36.041,7.92,7.89,0.0079,17392,72
P-1x,5039,36.047,6.73,6.72,0.0067,544,72
P-1x,5040,36.055,6.95,6.77,0.0069,544,72
P-1x,5041,36.062,7.50,7.70,0.0075,17392,72
P-1x,5042,36.069,6.85,6.79,0.0068,544,72
P-1x,5043,36.075,6.46,6.50,0.0065,544,72
P-1x,5044,36.082,7.20,7.20,0.0072,17392,72
P-1x,5045,36.089,6.60,6.60,0.0066,544,72
P-1x,5046,36.096,6.58,6.59,0.0066,544,72
P-1x,5047,36.103,7.20,7.20,0.0072,17392,72
P-1x,5048,36.109,6.34,6.30,0.0063,544,72
P-1x,5049,36.116,6.81,6.81,0.0068,544,72
P-1x,5050,36.123,7.35,7.37,0.0073,17392,72
P-1x,5051,36.129,6.24,6.22,0.0062,544,72
P-1x,5052,36.145,14.68,14.69,0.0147,5008,72
P-1x,5053,36.152,7.81,7.80,0.0078,17352,72
P-1x,5054,36.159,7.21,7.20,0.0072,17392,72
P-1x,5055,36.166,6.86,6.89,0.0069,544,72
P-1x,5056,36.176,9.30,9.30,0.0093,1280,72
P-1x,5057,36.183,7.54,7.52,0.0075,20120,72
P-1x,5058,36.190,7.37,7.39,0.0074,596,72
P-1x,5059,36.198,6.83,6.80,0.0068,544,72
P-1x,5060,36.205,7.59,7.59,0.0076,20120,72
P-1x,5061,36.213,7.48,7.49,0.0075,544,72
P-1x,5062,36.220,7.67,7.69,0.0077,20120,72
P-1x,5063,36.227,7.01,7.01,0.0070,544,72
P-1x,5064,36.234,6.80,6.79,0.0068,544,71
P-1x,5065,36.242,8.64,8.61,0.0086,20956,71
P-1x,5066,36.249,7.20,7.20,0.0072,544,71
P-1x,5067,36.258,7.95,7.99,0.0080,544,68
P-1x,5068,36.266,8.23,8.20,0.0082,21392,68
P-1x,5069,36.273,7.37,7.39,0.0074,544,68
P-1x,5070,36.280,7.32,7.31,0.0073,20120,68
P-1x,5071,36.287,6.89,6.89,0.0069,544,68
P-1x,5072,36.295,7.12,7.11,0.0071,544,68
P-1x,5073,36.301,7.05,7.01,0.0070,20120,68
P-1x,5074,36.308,6.54,6.58,0.0065,544,68
P-1x,5075,36.315,6.84,6.81,0.0068,544,68
P-1x,5076,36.322,7.58,7.59,0.0076,20120,68
P-1x,5077,36.329,6.39,6.39,0.0064,544,68
P-1x,5078,36.336,6.90,6.90,0.0069,544,68
P-1x,5079,36.342,6.92,6.89,0.0069,20120,68
P-1x,5080,36.350,7.15,7.20,0.0072,544,68
P-1x,5081,36.357,7.24,7.21,0.0072,544,68
P-1x,5082,36.364,7.31,7.30,0.0073,20120,68
P-1x,5083,36.372,7.27,7.29,0.0073,544,64
P-1x,5084,36.379,7.91,7.90,0.0079,21610,64
P-1x,5085,36.386,6.99,7.00,0.0070,544,64
P-1x,5086,36.394,6.62,6.60,0.0066,596,63
P-1x,5087,36.403,9.69,9.69,0.0097,21324,63
P-1x,5088,36.410,6.98,7.00,0.0070,544,63
P-1x,5089,36.417,6.89,6.90,0.0069,544,58
P-1x,5090,36.424,7.85,7.81,0.0078,22574,58
P-1x,5091,36.436,7.19,7.19,0.0072,544,57
P-1x,5092,36.454,21.55,21.50,0.0215,32856,57
P-1x,5093,36.465,11.57,11.59,0.0116,30276,57
P-1x,5094,36.475,9.91,9.90,0.0099,544,53
P-1x,5095,36.486,11.37,11.39,0.0114,32762,53
P-1x,5096,36.497,10.13,10.10,0.0101,544,53
P-1x,5097,36.506,10.00,10.00,0.0100,31272,53
P-1x,5098,36.516,9.48,9.50,0.0095,544,53
P-1x,5099,36.526,10.18,10.19,0.0102,31272,53
P-1x,5100,36.536,9.56,9.52,0.0096,832,53
P-1x,5101,36.545,9.49,9.48,0.0095,29226,53
P-1x,5102,36.561,9.41,9.40,0.0094,544,53
P-1x,5103,36.571,16.50,16.49,0.0165,36884,53
P-1x,5104,36.583,12.06,12.09,0.0121,29306,53
P-1x,5105,36.599,12.66,12.61,0.0127,1280,53
P-1x,5106,36.614,16.24,16.29,0.0162,39190,53
P-1x,5107,36.627,14.82,14.79,0.0148,36274,53
P-1x,5108,36.639,11.30,11.31,0.0113,544,53
P-1x,5109,36.649,11.36,11.30,0.0114,33318,53
P-1x,5110,36.661,11.64,11.69,0.0116,712,52
P-1x,5111,36.679,11.88,11.90,0.0119,32790,51
P-1x,5112,36.693,19.65,19.61,0.0196,42710,51
P-1x,5113,36.705,12.50,12.49,0.0125,32050,51
P-1x,5114,36.717,12.07,12.08,0.0121,640,51
P-1x,5115,36.729,11.73,11.72,0.0117,30590,51
P-1x,5116,36.752,22.41,22.40,0.0224,2752,51
P-1x,5117,36.767,15.71,15.69,0.0157,77852,51
P-1x,5118,36.780,12.73,12.78,0.0127,720,51
P-1x,5119,36.794,14.02,14.00,0.0140,39014,51
P-1x,5120,36.807,13.22,13.18,0.0132,39014,51
P-1x,5121,36.821,12.66,12.70,0.0127,596,51
P-1x,5122,36.838,14.41,14.40,0.0144,40098,51
P-1x,5123,36.853,18.41,18.40,0.0184,48358,51
P-1x,5124,36.866,13.62,13.60,0.0136,41270,51
P-1x,5125,36.878,11.27,11.30,0.0113,544,51
P-1x,5126,36.889,11.71,11.69,0.0117,30790,51
P-1x,5127,36.900,10.69,10.70,0.0107,544,51
P-1x,5128,36.911,11.31,11.30,0.0113,29908,51
P-1x,5129,36.922,10.80,10.80,0.0108,29908,51
P-1x,5130,36.933,10.68,10.69,0.0107,736,51
P-1x,5131,36.943,11.12,11.10,0.0111,28544,51
P-1x,5132,36.954,10.58,10.59,0.0106,544,51
P-1x,5133,36.967,12.81,12.81,0.0128,28912,51
P-1x,5134,36.977,10.12,10.09,0.0101,544,51
P-1x,5135,36.989,11.60,11.60,0.0116,29908,51
P-1x,5136,37.000,10.89,10.90,0.0109,544,51
P-1x,5137,37.011,11.23,11.21,0.0112,29908,51
P-1x,5138,37.021,10.27,10.30,0.0103,596,51
P-1x,5139,37.043,21.65,21.60,0.0216,32116,51
P-1x,5140,37.056,12.99,13.00,0.0130,38332,51
P-1x,5141,37.069,13.57,13.59,0.0136,38332,51
P-1x,5142,37.083,12.86,12.81,0.0129,544,51
P-1x,5143,37.099,16.38,16.39,0.0164,39068,51
P-1x,5144,37.112,13.30,13.30,0.0133,41060,51
P-1x,5145,37.125,12.95,12.98,0.0130,41060,51
P-1x,5146,37.137,11.83,11.81,0.0118,544,51
P-1x,5147,37.150,13.40,13.39,0.0134,41060,51
P-1x,5148,37.162,11.49,11.49,0.0115,2816,51
P-1x,5149,37.173,11.00,11.01,0.0110,32636,51
P-1x,5150,37.183,10.48,10.49,0.0105,32636,51
P-1x,5151,37.194,10.84,10.80,0.0108,544,51
P-1x,5152,37.204,10.74,10.70,0.0107,32636,51
P-1x,5153,37.218,11.17,11.19,0.0112,544,51
P-1x,5154,37.229,13.13,13.10,0.0131,34260,51
P-1x,5155,37.240,11.07,11.09,0.0111,544,51
P-1x,5156,37.251,10.88,10.89,0.0109,32636,51
P-1x,5157,37.262,11.25,11.20,0.0113,544,51
P-1x,5158,37.273,10.92,10.98,0.0109,32636,51
P-1x,5159,37.283,10.61,10.60,0.0106,32636,51
P-1x,5160,37.295,10.83,10.80,0.0108,544,51
P-1x,5161,37.307,12.70,12.72,0.0127,35192,51
P-1x,5162,37.318,11.00,10.99,0.0110,544,51
P-1x,5163,37.342,23.69,23.70,0.0237,32116,51
P-1x,5164,37.356,14.16,14.12,0.0142,38332,51
P-1x,5165,37.370,14.12,14.13,0.0141,38332,51
P-1x,5166,37.383,12.39,12.43,0.0124,544,51
P-1x,5167,37.396,13.21,13.21,0.0132,38332,51
P-1x,5168,37.409,13.54,13.50,0.0135,38292,51
P-1x,5169,37.422,12.61,12.60,0.0126,544,51
P-1x,5170,37.435,13.34,13.31,0.0133,38384,51
P-1x,5171,37.448,13.47,13.48,0.0135,38412,51
P-1x,5172,37.461,12.27,12.29,0.0123,2824,51
P-1x,5173,37.472,10.98,10.99,0.0110,29908,51
P-1x,5174,37.482,10.40,10.39,0.0104,29908,51
P-1x,5175,37.493,10.31,10.31,0.0103,544,51
P-1x,5176,37.503,10.92,10.89,0.0109,29908,51
P-1x,5177,37.514,9.83,9.82,0.0098,544,51
P-1x,5178,37.524,10.75,10.78,0.0107,29908,51
P-1x,5179,37.536,11.00,11.00,0.0110,696,51
P-1x,5180,37.546,10.89,10.89,0.0109,29908,51
P-1x,5181,37.558,11.24,11.21,0.0112,544,51
P-1x,5182,37.568,11.20,11.19,0.0112,29868,51
P-1x,5183,37.580,10.88,10.90,0.0109,544,50
P-1x,5184,37.591,11.59,11.60,0.0116,30744,50
P-1x,5185,37.602,11.62,11.60,0.0116,29908,50
P-1x,5186,37.614,10.91,10.89,0.0109,624,50
P-1x,5187,37.625,11.47,11.50,0.0115,29908,50
P-1x,5188,37.648,22.70,22.60,0.0227,2804,50
P-1x,5189,37.661,13.02,13.10,0.0130,38332,50
P-1x,5190,37.675,13.78,13.80,0.0138,38524,50
P-1x,5191,37.687,12.99,12.98,0.0130,36968,50
P-1x,5192,37.702,13.83,13.81,0.0138,544,50
P-1x,5193,37.716,13.90,13.90,0.0139,36968,50
P-1x,5194,37.729,13.71,13.69,0.0137,36968,50
P-1x,5195,37.742,12.66,12.70,0.0127,544,50
P-1x,5196,37.756,13.72,13.70,0.0137,36968,50
P-1x,5197,37.767,12.08,12.09,0.0121,39320,50
P-1x,5198,37.778,10.27,10.29,0.0103,544,50
P-1x,5199,37.788,10.21,10.20,0.0102,28544,50
P-1x,5200,37.799,10.72,10.71,0.0107,904,50
P-1x,5201,37.809,11.03,11.00,0.0110,25816,50
P-1x,5202,37.820,10.54,10.58,0.0105,544,50
P-1x,5203,37.832,11.35,11.31,0.0114,25816,50
P-1x,5204,37.841,10.27,10.29,0.0103,25868,50
P-1x,5205,37.853,10.74,10.72,0.0107,544,50
P-1x,5206,37.862,10.07,10.09,0.0101,25816,50
P-1x,5207,37.873,10.36,10.32,0.0104,544,50
P-1x,5208,37.883,10.13,10.17,0.0101,25816,50
P-1x,5209,37.894,10.32,10.31,0.0103,544,50
P-1x,5210,37.904,10.79,10.79,0.0108,25816,50
P-1x,5211,37.914,9.80,9.80,0.0098,544,50
P-1x,5212,37.937,23.03,23.00,0.0230,28024,50
P-1x,5213,37.950,13.37,13.40,0.0134,34240,50
P-1x,5214,37.963,12.90,12.90,0.0129,544,50
P-1x,5215,37.977,13.10,13.09,0.0131,34240,50
P-1x,5216,37.989,12.70,12.70,0.0127,34240,50
P-1x,5217,38.001,11.90,11.90,0.0119,544,50
P-1x,5218,38.014,13.00,13.00,0.0130,34200,50
P-1x,5219,38.027,13.02,13.01,0.0130,34240,50
P-1x,5220,38.040,12.40,12.39,0.0124,544,50
P-1x,5221,38.051,11.67,11.68,0.0117,36604,50
P-1x,5222,38.062,11.59,11.40,0.0116,25816,50
P-1x,5223,38.074,10.91,11.11,0.0109,544,50
P-1x,5224,38.084,10.51,10.49,0.0105,25816,50
P-1x,5225,38.095,10.33,10.31,0.0103,544,50
P-1x,5226,38.105,10.87,10.90,0.0109,25816,50
P-1x,5227,38.115,9.91,9.90,0.0099,544,50
P-1x,5228,38.125,10.49,10.50,0.0105,25816,50
P-1x,5229,38.137,10.70,10.69,0.0107,544,50
P-1x,5230,38.147,11.14,11.10,0.0111,25816,50
P-1x,5231,38.159,11.00,11.00,0.0110,544,50
P-1x,5232,38.170,11.56,11.60,0.0116,25816,50
P-1x,5233,38.182,11.48,11.50,0.0115,544,49
P-1x,5234,38.193,11.13,11.09,0.0111,26612,49
P-1x,5235,38.203,10.92,10.90,0.0109,25776,49
P-1x,5236,38.214,10.37,10.40,0.0104,544,49
P-1x,5237,38.238,23.26,23.21,0.0233,27984,49
P-1x,5238,38.250,12.95,12.99,0.0129,34200,49
P-1x,5239,38.263,12.56,12.43,0.0126,596,47
P-1x,5240,38.278,14.81,14.95,0.0148,35254,47
P-1x,5241,38.291,13.63,13.60,0.0136,34200,47
P-1x,5242,38.304,13.43,13.39,0.0134,34240,47
P-1x,5243,38.318,12.84,12.90,0.0128,544,47
P-1x,5244,38.330,12.77,12.78,0.0128,34200,47
P-1x,5245,38.343,12.76,12.71,0.0128,544,47
P-1x,5246,38.356,12.29,12.30,0.0123,36608,47
P-1x,5247,38.366,10.90,10.90,0.0109,25816,47
P-1x,5248,38.377,10.47,10.50,0.0105,544,47
P-1x,5249,38.388,11.27,11.20,0.0113,25816,47
P-1x,5250,38.399,10.54,10.59,0.0105,544,47
P-1x,5251,38.409,10.64,10.59,0.0106,25816,47
P-1x,5252,38.421,11.19,11.21,0.0112,544,46
P-1x,5253,38.433,12.10,12.09,0.0121,26652,46
P-1x,5254,38.443,11.21,11.21,0.0112,25816,46
P-1x,5255,38.456,12.52,12.49,0.0125,1280,46
P-1x,5256,38.467,11.16,11.19,0.0112,28596,46
P-1x,5257,38.479,11.34,11.39,0.0113,544,45
P-1x,5258,38.491,12.15,12.11,0.0121,29380,45
P-1x,5259,38.502,11.31,11.31,0.0113,544,45
P-1x,5260,38.514,11.72,11.70,0.0117,28544,45
P-1x,5261,38.540,25.61,25.57,0.0256,30752,43
P-1x,5262,38.554,14.25,14.31,0.0142,37982,43
P-1x,5263,38.569,15.20,15.10,0.0152,36968,43
P-1x,5264,38.583,13.60,13.70,0.0136,544,43
P-1x,5265,38.599,16.52,16.49,0.0165,36968,43
P-1x,5266,38.616,16.28,16.29,0.0163,37336,43
P-1x,5267,38.629,13.89,13.90,0.0139,38332,43
P-1x,5268,38.643,13.04,13.01,0.0130,544,42
P-1x,5269,38.657,14.39,14.39,0.0144,41544,42
P-1x,5270,38.667,10.98,11.00,0.0110,29960,42
P-1x,5271,38.679,10.89,10.89,0.0109,544,42
P-1x,5272,38.689,10.74,10.71,0.0107,29908,42
P-1x,5273,38.701,11.37,11.39,0.0114,544,41
P-1x,5274,38.714,12.52,12.50,0.0125,30744,39
P-1x,5275,38.726,13.06,13.10,0.0131,31066,39
P-1x,5276,38.737,10.79,10.79,0.0108,544,38
P-1x,5277,38.748,11.62,11.61,0.0116,30744,38
P-1x,5278,38.759,10.30,10.29,0.0103,544,38
P-1x,5279,38.770,11.50,11.50,0.0115,29908,38
P-1x,5280,38.782,11.73,11.71,0.0117,544,37
P-1x,5281,38.794,11.59,11.60,0.0116,30744,37
P-1x,5282,38.804,10.78,10.80,0.0108,29908,37
P-1x,5283,38.816,10.81,10.79,0.0108,544,37
P-1x,5284,38.839,23.09,23.10,0.0231,32116,37
P-1x,5285,38.852,13.62,13.60,0.0136,38332,37
P-1x,5286,38.866,14.71,14.69,0.0147,38412,37
P-1x,5287,38.880,13.02,13.01,0.0130,596,36
P-1x,5288,38.895,14.55,14.57,0.0146,39168,35
P-1x,5289,38.908,13.90,13.91,0.0139,39168,35
P-1x,5290,38.922,13.60,13.60,0.0136,544,34
P-1x,5291,38.935,13.31,13.29,0.0133,41616,34
P-1x,5292,38.947,11.79,11.80,0.0118,29908,34
P-1x,5293,38.958,10.98,10.99,0.0110,544,33
P-1x,5294,38.971,13.09,13.10,0.0131,31440,33
P-1x,5295,38.982,11.33,11.30,0.0113,32636,33
P-1x,5296,38.993,10.38,10.40,0.0104,544,33
P-1x,5297,39.003,11.01,10.99,0.0110,32636,33
P-1x,5298,39.014,10.50,10.51,0.0105,544,32
P-1x,5299,39.026,11.99,11.98,0.0120,33472,32
P-1x,5300,39.037,10.81,10.81,0.0108,544,31
P-1x,5301,39.048,11.51,11.49,0.0115,33472,31
P-1x,5302,39.059,10.30,10.29,0.0103,544,28
P-1x,5303,39.070,11.48,11.50,0.0115,33908,28
P-1x,5304,39.081,10.31,10.30,0.0103,596,25
P-1x,5305,39.092,11.18,11.18,0.0112,33908,25
P-1x,5306,39.103,11.34,11.32,0.0113,32636,25
P-1x,5307,39.116,11.41,11.39,0.0114,912,24
P-1x,5308,39.128,13.74,13.79,0.0137,36024,24
P-1x,5309,39.141,11.35,11.31,0.0113,544,18
P-1x,5310,39.153,13.40,13.40,0.0134,38888,18
P-1x,5311,39.163,10.71,10.70,0.0107,34368,18
P-1x,5312,39.174,9.93,9.90,0.0099,544,17
P-1x,5313,39.184,10.86,10.90,0.0109,32108,17
P-1x,5314,39.196,10.08,10.08,0.0101,544,16
P-1x,5315,39.206,12.13,12.10,0.0121,33534,16
P-1x,5316,39.217,10.17,10.20,0.0102,544,16
P-1x,5317,39.226,9.21,9.21,0.0092,33720,16
P-1x,5318,39.235,8.09,8.09,0.0081,544,16
P-1x,5319,39.244,9.76,9.71,0.0098,24108,16
P-1x,5320,39.254,10.49,10.48,0.0105,912,16
P-1x,5321,39.263,8.48,8.49,0.0085,22166,16
P-1x,5322,39.271,7.98,8.00,0.0080,544,16
P-1x,5323,39.280,7.90,7.90,0.0079,596,16
P-1x,5324,39.288,9.93,9.91,0.0099,24398,16
P-1x,5325,39.298,8.17,8.18,0.0082,632,16
P-1x,5326,39.306,9.55,9.51,0.0096,23190,16
P-1x,5327,39.314,7.85,7.89,0.0078,504,16
P-1x,5328,39.323,8.64,8.62,0.0086,21660,16
P-1x,5329,39.331,8.11,8.11,0.0081,544,16
P-1x,5330,39.339,8.15,8.18,0.0082,20120,16
P-1x,5331,39.346,7.69,7.70,0.0077,544,16
P-1x,5332,39.355,8.00,7.99,0.0080,544,16
P-1x,5333,39.363,8.57,8.52,0.0086,20120,16
P-1x,5334,39.373,7.99,8.00,0.0080,544,16
P-1x,5335,39.382,10.51,10.49,0.0105,21300,16
P-1x,5336,39.390,8.07,8.10,0.0081,544,16
P-1x,5337,39.398,7.39,7.40,0.0074,640,16
P-1x,5338,39.406,9.40,9.40,0.0094,20100,16
P-1x,5339,39.414,7.43,7.41,0.0074,544,16
P-1x,5340,39.423,8.77,8.78,0.0088,18756,16
P-1x,5341,39.430,7.39,7.39,0.0074,544,16
P-1x,5342,39.438,7.72,7.70,0.0077,544,16
P-1x,5343,39.446,7.98,7.99,0.0080,18756,16
P-1x,5344,39.453,7.39,7.40,0.0074,544,16
P-1x,5345,39.461,8.34,8.31,0.0083,18836,16
P-1x,5346,39.469,7.87,7.90,0.0079,544,16
P-1x,5347,39.478,7.97,7.92,0.0080,544,16
P-1x,5348,39.486,8.54,8.57,0.0085,18808,16
P-1x,5349,39.494,7.91,7.90,0.0079,544,16
P-1x,5350,39.503,8.79,8.80,0.0088,18852,16
P-1x,5351,39.510,7.80,7.73,0.0078,544,16
P-1x,5352,39.518,7.70,7.77,0.0077,544,16
P-1x,5353,39.526,7.60,7.60,0.0076,20538,16
P-1x,5354,39.532,6.11,6.10,0.0061,544,16
P-1x,5355,39.537,5.80,5.80,0.0058,9650,16
P-1x,5356,39.543,5.70,5.53,0.0057,544,16
P-1x,5357,39.549,5.85,5.97,0.0058,544,16
P-1x,5358,39.556,6.06,6.08,0.0061,544,15
P-1x,5359,39.562,6.99,7.00,0.0070,10486,15
P-1x,5360,39.568,5.99,6.00,0.0060,544,15
P-1x,5361,39.574,5.93,5.90,0.0059,544,15
P-1x,5362,39.580,6.07,6.09,0.0061,9650,15
P-1x,5363,39.586,5.79,5.80,0.0058,544,15
P-1x,5364,39.592,5.70,5.71,0.0057,544,15
P-1x,5365,39.598,6.66,6.59,0.0067,9650,15
P-1x,5366,39.604,5.51,5.51,0.0055,544,15
P-1x,5367,39.610,6.01,6.00,0.0060,544,15
P-1x,5368,39.616,6.19,6.20,0.0062,544,15
P-1x,5369,39.622,6.45,6.47,0.0064,9650,15
P-1x,5370,39.628,5.94,5.91,0.0059,544,15
P-1x,5371,39.635,5.95,5.97,0.0060,544,12
P-1x,5372,39.652,16.82,16.82,0.0168,12512,12
P-1x,5373,39.659,8.23,8.19,0.0082,18074,12
P-1x,5374,39.667,8.04,8.09,0.0080,544,12
P-1x,5375,39.676,7.96,7.91,0.0080,544,12
P-1x,5376,39.684,8.66,8.60,0.0087,18074,12
P-1x,5377,39.693,8.41,8.49,0.0084,596,11
P-1x,5378,39.701,8.83,8.81,0.0088,18910,11
P-1x,5379,39.710,8.26,8.27,0.0083,544,11
P-1x,5380,39.719,8.60,8.61,0.0086,544,10
P-1x,5381,39.727,8.84,8.83,0.0088,18292,10
P-1x,5382,39.735,7.77,7.77,0.0078,544,10
P-1x,5383,39.743,8.32,8.28,0.0083,18074,10
P-1x,5384,39.751,7.73,7.80,0.0077,544,10
P-1x,5385,39.759,8.10,8.10,0.0081,18074,10
P-1x,5386,39.767,7.70,7.70,0.0077,544,10
P-1x,5387,39.775,7.87,7.89,0.0079,544,10
P-1x,5388,39.783,8.24,8.20,0.0082,18074,10
P-1x,5389,39.790,7.45,7.42,0.0075,544,10
P-1x,5390,39.798,7.70,7.70,0.0077,544,10
P-1x,5391,39.805,7.43,7.48,0.0074,18074,10
P-1x,5392,39.813,7.40,7.39,0.0074,544,10
P-1x,5393,39.821,8.13,8.10,0.0081,18074,10
P-1x,5394,39.827,6.60,6.61,0.0066,3016,10
P-1x,5395,39.833,5.49,5.49,0.0055,544,10
P-1x,5396,39.839,6.26,6.20,0.0063,9650,10
P-1x,5397,39.845,5.85,5.90,0.0058,544,10
P-1x,5398,39.851,5.88,5.88,0.0059,544,10
P-1x,5399,39.857,6.42,6.40,0.0064,9650,10
P-1x,5400,39.863,5.51,5.51,0.0055,544,10
P-1x,5401,39.868,5.36,5.38,0.0054,544,10
P-1x,5402,39.874,5.45,5.41,0.0055,544,10
P-1x,5403,39.880,5.97,6.00,0.0060,9650,10
P-1x,5404,39.885,5.82,5.81,0.0058,544,10
P-1x,5405,39.891,5.17,5.18,0.0052,596,10
P-1x,5406,39.896,5.81,5.81,0.0058,9650,10
P-1x,5407,39.902,5.80,5.79,0.0058,544,10
P-1x,5408,39.908,5.30,5.31,0.0053,544,10
P-1x,5409,39.913,5.20,5.20,0.0052,544,10
P-1x,5410,39.919,6.25,6.26,0.0062,9650,10
P-1x,5411,39.925,5.68,5.65,0.0057,544,10
P-1x,5412,39.930,5.60,5.59,0.0056,544,10
P-1x,5413,39.946,15.78,15.78,0.0158,2752,10
P-1x,5414,39.955,8.59,8.60,0.0086,18162,10
P-1x,5415,39.963,8.14,8.10,0.0081,17392,10
P-1x,5416,39.971,8.03,8.09,0.0080,544,10
P-1x,5417,39.979,8.60,8.51,0.0086,17392,10
P-1x,5418,39.987,7.70,7.78,0.0077,544,10
P-1x,5419,39.995,7.53,7.51,0.0075,544,10
P-1x,5420,40.003,8.10,8.10,0.0081,17392,10
P-1x,5421,40.010,7.74,7.71,0.0077,544,10
P-1x,5422,40.018,7.42,7.48,0.0074,544,10
P-1x,5423,40.026,8.55,8.50,0.0085,17392,10
P-1x,5424,40.034,7.16,7.20,0.0072,544,10
P-1x,5425,40.041,7.80,7.80,0.0078,17392,10
P-1x,5426,40.049,7.40,7.40,0.0074,544,10
P-1x,5427,40.056,7.39,7.30,0.0074,544,10
P-1x,5428,40.064,8.06,7.82,0.0081,17392,10
P-1x,5429,40.072,7.26,7.58,0.0073,544,10
P-1x,5430,40.079,7.94,7.91,0.0079,17392,10
P-1x,5431,40.087,7.95,7.89,0.0080,544,10
P-1x,5432,40.096,8.04,8.09,0.0080,596,10
P-1x,5433,40.103,7.61,7.59,0.0076,17392,10
P-1x,5434,40.110,7.27,7.29,0.0073,544,10
P-1x,5435,40.119,8.34,8.31,0.0083,544,9
P-1x,5436,40.128,9.25,9.28,0.0093,18228,9
P-1x,5437,40.136,7.62,7.61,0.0076,544,9
P-1x,5438,40.143,7.72,7.63,0.0077,17392,9
P-1x,5439,40.151,7.38,7.46,0.0074,544,9
P-1x,5440,40.159,7.90,7.90,0.0079,17392,9
P-1x,5441,40.166,7.68,7.69,0.0077,544,9
P-1x,5442,40.174,7.50,7.50,0.0075,544,9
P-1x,5443,40.181,7.62,7.59,0.0076,17392,9
P-1x,5444,40.189,7.48,7.50,0.0075,544,9
P-1x,5445,40.197,7.85,7.80,0.0078,544,9
P-1x,5446,40.205,8.21,8.21,0.0082,17392,9
P-1x,5447,40.213,7.96,7.98,0.0080,544,9
P-1x,5448,40.220,7.36,7.39,0.0074,17392,9
P-1x,5449,40.228,7.53,7.51,0.0075,544,9
P-1x,5450,40.247,18.63,18.61,0.0186,2752,8
P-1x,5451,40.258,10.80,10.78,0.0108,26652,8
P-1x,5452,40.268,10.80,10.81,0.0108,25816,8
P-1x,5453,40.278,9.44,9.47,0.0094,544,8
P-1x,5454,40.287,10.06,10.02,0.0101,25816,8
P-1x,5455,40.298,9.69,9.70,0.0097,596,8
P-1x,5456,40.308,10.84,10.79,0.0108,25816,8
P-1x,5457,40.318,9.85,9.90,0.0099,544,8
P-1x,5458,40.329,10.87,10.88,0.0109,25816,8
P-1x,5459,40.339,9.98,9.93,0.0100,544,8
P-1x,5460,40.349,9.95,9.97,0.0099,25816,8
P-1x,5461,40.358,9.36,9.31,0.0094,544,8
P-1x,5462,40.368,10.24,10.28,0.0102,25816,8
P-1x,5463,40.378,9.48,9.51,0.0095,544,8
P-1x,5464,40.387,9.53,9.49,0.0095,25816,8
P-1x,5465,40.397,9.40,9.40,0.0094,544,8
P-1x,5466,40.406,9.69,9.70,0.0097,25816,8
P-1x,5467,40.416,9.02,9.00,0.0090,544,7
P-1x,5468,40.425,10.15,10.18,0.0101,26652,7
P-1x,5469,40.435,9.41,9.41,0.0094,544,7
P-1x,5470,40.444,9.45,9.41,0.0095,25816,7
P-1x,5471,40.454,9.45,9.48,0.0095,544,7
P-1x,5472,40.464,10.03,10.01,0.0100,25816,7
P-1x,5473,40.474,9.80,9.80,0.0098,544,7
P-1x,5474,40.483,9.68,9.70,0.0097,25816,7
P-1x,5475,40.493,9.30,9.30,0.0093,544,7
P-1x,5476,40.505,12.19,12.20,0.0122,26604,7
P-1x,5477,40.515,9.66,9.61,0.0097,544,7
P-1x,5478,40.525,10.35,10.39,0.0104,28544,7
P-1x,5479,40.535,9.48,9.49,0.0095,544,6
P-1x,5480,40.545,10.53,10.50,0.0105,29380,6
P-1x,5481,40.556,10.61,10.60,0.0106,544,6
P-1x,5482,40.566,10.38,10.39,0.0104,28544,6
P-1x,5483,40.576,9.40,9.40,0.0094,544,6
P-1x,5484,40.587,11.38,11.39,0.0114,28544,6
P-1x,5485,40.597,9.64,9.61,0.0096,544,6
P-1x,5486,40.607,10.39,10.40,0.0104,28544,6
P-1x,5487,40.617,9.60,9.60,0.0096,544,6
P-1x,5488,40.626,10.00,9.98,0.0100,28544,6
P-1x,5489,40.637,9.91,9.91,0.0099,544,6
P-1x,5490,40.646,10.21,10.20,0.0102,31456,6
P-1x,5491,40.654,7.59,7.60,0.0076,544,6
P-1x,5492,40.662,7.83,7.82,0.0078,21484,6
P-1x,5493,40.669,7.64,7.66,0.0076,544,6
P-1x,5494,40.677,7.47,7.41,0.0075,544,5
P-1x,5495,40.686,9.63,9.68,0.0096,22320,5
P-1x,5496,40.695,8.42,8.40,0.0084,544,5
P-1x,5497,40.703,8.41,8.41,0.0084,21536,5
P-1x,5498,40.712,7.79,7.79,0.0078,544,4
P-1x,5499,40.721,9.83,9.81,0.0098,22320,4
P-1x,5500,40.729,8.29,8.28,0.0083,544,4
P-1x,5501,40.737,7.61,7.61,0.0076,544,4
P-1x,5502,40.745,8.44,8.40,0.0084,21484,4
P-1x,5503,40.753,7.72,7.78,0.0077,544,4
P-1x,5504,40.761,8.02,8.01,0.0080,21484,4
P-1x,5505,40.769,7.69,7.62,0.0077,544,4
P-1x,5506,40.776,7.36,7.47,0.0074,544,3
P-1x,5507,40.785,8.89,8.83,0.0089,22320,3
P-1x,5508,40.793,7.74,7.78,0.0077,544,3
P-1x,5509,40.801,8.72,8.70,0.0087,21484,3
P-1x,5510,40.809,7.90,7.88,0.0079,544,3
P-1x,5511,40.817,7.79,7.80,0.0078,544,3
P-1x,5512,40.825,7.86,7.89,0.0079,21484,3
P-1x,5513,40.833,7.92,7.90,0.0079,544,3
P-1x,5514,40.841,8.14,8.11,0.0081,21484,3
P-1x,5515,40.848,7.38,7.40,0.0074,544,3
P-1x,5516,40.857,7.84,7.80,0.0078,544,3
P-1x,5517,40.864,8.12,8.10,0.0081,21484,3
P-1x,5518,40.872,7.30,7.37,0.0073,544,3
P-1x,5519,40.879,7.80,7.79,0.0078,21484,3
P-1x,5520,40.887,7.70,7.71,0.0077,544,3
P-1x,5521,40.895,7.83,7.80,0.0078,544,3
P-1x,5522,40.903,7.51,7.49,0.0075,21536,3
P-1x,5523,40.910,7.89,7.89,0.0079,544,3
P-1x,5524,40.918,7.39,7.40,0.0074,544,3
P-1x,5525,40.926,8.22,8.21,0.0082,21484,3
P-1x,5526,40.934,8.08,8.09,0.0081,544,3
P-1x,5527,40.941,7.21,7.20,0.0072,24028,3
P-1x,5528,40.947,5.59,5.59,0.0056,544,3
P-1x,5529,40.953,5.99,6.01,0.0060,544,3
P-1x,5530,40.959,5.72,5.70,0.0057,13060,3
P-1x,5531,40.964,5.75,5.70,0.0057,544,3
P-1x,5532,40.970,5.52,5.59,0.0055,544,3
P-1x,5533,40.975,5.24,5.20,0.0052,544,3
P-1x,5534,40.981,6.01,6.01,0.0060,13060,3
P-1x,5535,40.987,5.48,5.49,0.0055,544,3
P-1x,5536,40.992,5.50,5.48,0.0055,544,3
P-1x,5537,40.998,6.12,6.11,0.0061,13060,3
P-1x,5538,41.004,5.60,5.59,0.0056,544,3
P-1x,5539,41.009,5.47,5.50,0.0055,544,3
P-1x,5540,41.015,5.72,5.69,0.0057,544,3
P-1x,5541,41.021,5.72,5.69,0.0057,13060,3
P-1x,5542,41.026,5.56,5.61,0.0056,544,3
P-1x,5543,41.033,6.04,6.00,0.0060,544,3
P-1x,5544,41.038,5.83,5.80,0.0058,13060,3
P-1x,5545,41.044,5.67,5.70,0.0057,544,3
P-1x,5546,41.050,5.94,5.90,0.0059,544,3
P-1x,5547,41.056,5.84,5.88,0.0058,544,3
P-1x,5548,41.062,6.03,6.01,0.0060,13060,3
P-1x,5549,41.067,5.68,5.69,0.0057,544,3
P-1x,5550,41.073,5.76,5.72,0.0058,544,3
P-1x,5551,41.079,5.85,5.87,0.0058,13060,3
P-1x,5552,41.085,5.92,5.90,0.0059,544,3
P-1x,5553,41.090,5.67,5.69,0.0057,544,3
P-1x,5554,41.096,5.49,5.50,0.0055,544,3
P-1x,5555,41.102,6.06,6.01,0.0061,13112,3
P-1x,5556,41.108,5.76,5.79,0.0058,544,3
P-1x,5557,41.114,5.67,5.68,0.0057,544,3
P-1x,5558,41.119,6.00,6.01,0.0060,13060,3
P-1x,5559,41.125,5.41,5.38,0.0054,544,3
P-1x,5560,41.131,6.05,6.02,0.0060,544,3
P-1x,5561,41.137,6.46,6.49,0.0065,13060,3
P-1x,5562,41.144,6.39,6.39,0.0064,624,3
P-1x,5563,41.149,5.19,5.21,0.0052,544,3
P-1x,5564,41.155,5.60,5.60,0.0056,544,3
P-1x,5565,41.161,6.01,5.99,0.0060,13060,3
P-1x,5566,41.166,5.32,5.31,0.0053,544,3
P-1x,5567,41.172,5.45,5.48,0.0055,544,3
P-1x,5568,41.177,6.03,5.99,0.0060,13060,3
P-1x,5569,41.183,5.38,5.40,0.0054,544,3
P-1x,5570,41.188,5.40,5.40,0.0054,544,3
P-1x,5571,41.194,5.81,5.81,0.0058,544,3
P-1x,5572,41.200,5.69,5.69,0.0057,13060,3
P-1x,5573,41.205,5.41,5.40,0.0054,928,3
P-1x,5574,41.210,5.36,5.30,0.0054,544,3
P-1x,5575,41.216,5.23,5.30,0.0052,544,3
P-1x,5576,41.221,5.28,5.29,0.0053,10332,3
P-1x,5577,41.226,5.37,5.23,0.0054,544,3
P-1x,5578,41.232,5.28,5.37,0.0053,544,3
P-1x,5579,41.236,4.69,4.69,0.0047,12892,3
P-1x,5580,41.240,3.69,3.70,0.0037,544,3
P-1x,5581,41.243,3.19,3.20,0.0032,544,3
P-1x,5582,41.247,3.39,3.39,0.0034,544,3
P-1x,5583,41.250,3.29,3.31,0.0033,544,3
P-1x,5584,41.253,3.31,3.30,0.0033,544,3
P-1x,5585,41.257,3.76,3.70,0.0038,1908,3
P-1x,5586,41.260,3.55,3.53,0.0035,544,3
P-1x,5587,41.264,3.44,3.48,0.0034,544,3
P-1x,5588,41.267,3.37,3.39,0.0034,544,3
P-1x,5589,41.271,3.78,3.78,0.0038,544,3
P-1x,5590,41.275,4.24,4.21,0.0042,1908,3
P-1x,5591,41.279,3.91,3.91,0.0039,544,3
P-1x,5592,41.283,3.89,3.89,0.0039,544,3
P-1x,5593,41.287,3.59,3.60,0.0036,544,3
P-1x,5594,41.290,3.51,3.49,0.0035,544,3
P-1x,5595,41.295,4.14,4.09,0.0041,544,3
P-1x,5596,41.299,4.56,4.60,0.0046,1908,3
P-1x,5597,41.303,3.79,3.80,0.0038,596,3
P-1x,5598,41.306,3.70,3.71,0.0037,544,3
P-1x,5599,41.309,3.06,3.09,0.0031,544,3
P-1x,5600,41.313,3.42,3.40,0.0034,544,3
P-1x,5601,41.317,3.79,3.79,0.0038,1908,3
P-1x,5602,41.320,3.60,3.60,0.0036,544,3
P-1x,5603,41.324,3.73,3.72,0.0037,544,3
P-1x,5604,41.328,3.59,3.59,0.0036,544,3
P-1x,5605,41.331,3.63,3.61,0.0036,544,2
P-1x,5606,41.335,4.29,4.29,0.0043,2744,2
P-1x,5607,41.340,4.07,4.01,0.0041,544,2
P-1x,5608,41.343,3.09,3.19,0.0031,720,2
P-1x,5609,41.346,3.45,3.40,0.0034,544,2
P-1x,5610,41.350,3.58,3.59,0.0036,544,2
P-1x,5611,41.353,3.39,3.40,0.0034,544,2
P-1x,5612,41.357,3.72,3.71,0.0037,544,2
P-1x,5613,41.360,2.84,2.88,0.0028,544,2
P-1x,5614,41.363,3.16,3.12,0.0032,544,2
P-1x,5615,41.366,3.49,3.49,0.0035,544,2
P-1x,5616,41.370,3.37,3.40,0.0034,544,2
P-1x,5617,41.373,3.53,3.50,0.0035,544,2
P-1x,5618,41.376,3.06,3.10,0.0031,544,2
P-1x,5619,41.380,3.54,3.50,0.0035,544,2
P-1x,5620,41.383,3.46,3.49,0.0035,544,2
P-1x,5621,41.386,3.22,3.21,0.0032,544,2
P-1x,5622,41.390,3.66,3.61,0.0037,544,2
P-1x,5623,41.394,3.56,3.50,0.0036,544,2
P-1x,5624,41.398,4.30,4.27,0.0043,544,2
P-1x,5625,41.401,3.42,3.50,0.0034,544,2
P-1x,5626,41.405,3.60,3.61,0.0036,544,2
P-1x,5627,41.409,3.59,3.58,0.0036,544,2
P-1x,5628,41.412,3.65,3.61,0.0036,544,2
P-1x,5629,41.416,3.84,3.88,0.0038,544,2
P-1x,5630,41.419,3.28,3.29,0.0033,544,2
P-1x,5631,41.423,3.32,3.30,0.0033,544,2
P-1x,5632,41.426,3.07,3.11,0.0031,544,2
P-1x,5633,41.429,3.32,3.30,0.0033,544,2
P-1x,5634,41.433,3.80,3.80,0.0038,544,2
P-1x,5635,41.436,3.12,3.11,0.0031,544,2
P-1x,5636,41.440,3.80,3.80,0.0038,544,2
P-1x,5637,41.443,3.41,3.39,0.0034,544,2
P-1x,5638,41.447,3.47,3.51,0.0035,544,2
P-1x,5639,41.450,3.41,3.39,0.0034,544,2
P-1x,5640,41.454,3.41,3.41,0.0034,544,2
P-1x,5641,41.457,3.61,3.59,0.0036,544,2
P-1x,5642,41.461,3.81,3.81,0.0038,544,2
P-1x,5643,41.464,3.55,3.51,0.0035,544,2
P-1x,5644,41.467,3.10,3.18,0.0031,544,2
P-1x,5645,41.471,3.34,3.31,0.0033,544,2
P-1x,5646,41.474,3.60,3.60,0.0036,544,2
P-1x,5647,41.478,3.10,3.09,0.0031,544,2
P-1x,5648,41.481,3.49,3.42,0.0035,544,2
P-1x,5649,41.484,2.96,3.07,0.0030,544,2
P-1x,5650,41.487,3.26,3.21,0.0033,544,2
P-1x,5651,41.490,3.00,3.01,0.0030,544,2
P-1x,5652,41.494,3.59,3.58,0.0036,544,2
P-1x,5653,41.497,3.26,3.29,0.0033,544,2
P-1x,5654,41.500,3.10,3.11,0.0031,544,2
P-1x,5655,41.504,3.42,3.40,0.0034,596,2
P-1x,5656,41.507,3.40,3.40,0.0034,544,2
P-1x,5657,41.510,3.07,3.10,0.0031,544,2
P-1x,5658,41.514,3.64,3.61,0.0036,544,2
P-1x,5659,41.517,3.47,3.48,0.0035,544,2
P-1x,5660,41.520,3.21,3.20,0.0032,544,2
P-1x,5661,41.524,3.51,3.49,0.0035,544,2
P-1x,5662,41.527,3.21,3.21,0.0032,544,2
P-1x,5663,41.531,3.92,3.90,0.0039,544,2
P-1x,5664,41.534,3.15,3.19,0.0031,544,2
P-1x,5665,41.538,3.55,3.50,0.0036,544,2
P-1x,5666,41.541,3.57,3.58,0.0036,544,2
P-1x,5667,41.545,3.31,3.32,0.0033,544,2
P-1x,5668,41.548,3.53,3.50,0.0035,544,2
P-1x,5669,41.551,2.94,3.00,0.0029,544,2
P-1x,5670,41.556,5.05,4.98,0.0051,544,2
P-1x,5671,41.559,3.12,3.19,0.0031,544,2
P-1x,5672,41.563,3.29,3.24,0.0033,544,2
P-1x,5673,41.566,3.55,3.57,0.0036,544,2
P-1x,5674,41.570,3.42,3.40,0.0034,544,2
P-1x,5675,41.573,3.50,3.48,0.0035,544,2
P-1x,5676,41.577,3.85,3.83,0.0039,544,2
P-1x,5677,41.580,3.11,3.18,0.0031,544,2
P-1x,5678,41.583,3.31,3.29,0.0033,544,2
P-1x,5679,41.587,3.31,3.31,0.0033,544,2
P-1x,5680,41.590,3.71,3.70,0.0037,544,2
P-1x,5681,41.594,3.38,3.39,0.0034,544,2
P-1x,5682,41.597,3.44,3.41,0.0034,544,2
P-1x,5683,41.600,3.23,3.28,0.0032,544,2
P-1x,5684,41.604,3.55,3.51,0.0036,544,2
P-1x,5685,41.607,3.38,3.40,0.0034,544,2
P-1x,5686,41.610,3.12,3.10,0.0031,544,2
P-1x,5687,41.614,3.40,3.41,0.0034,544,2
P-1x,5688,41.618,3.79,3.79,0.0038,544,2
P-1x,5689,41.621,3.61,3.60,0.0036,544,2
P-1x,5690,41.625,3.41,3.40,0.0034,544,2
P-1x,5691,41.628,3.18,3.19,0.0032,544,2
P-1x,5692,41.631,3.28,3.23,0.0033,544,2
P-1x,5693,41.635,4.02,4.08,0.0040,544,2
P-1x,5694,41.638,3.02,3.01,0.0030,544,2
P-1x,5695,41.642,3.57,3.58,0.0036,544,2
P-1x,5696,41.645,3.31,3.30,0.0033,544,2
P-1x,5697,41.649,3.70,3.70,0.0037,544,2
P-1x,5698,41.652,3.51,3.50,0.0035,544,2
P-1x,5699,41.656,3.59,3.60,0.0036,544,2
P-1x,5700,41.659,3.08,3.11,0.0031,544,2
P-1x,5701,41.662,3.20,3.18,0.0032,544,2
P-1x,5702,41.666,3.41,3.41,0.0034,544,2
P-1x,5703,41.670,4.34,4.31,0.0043,544,2
P-1x,5704,41.673,3.04,3.07,0.0030,544,2
P-1x,5705,41.676,3.46,3.43,0.0035,544,2
P-1x,5706,41.680,3.21,3.18,0.0032,544,2
P-1x,5707,41.683,3.36,3.38,0.0034,544,2
P-1x,5708,41.686,3.09,3.09,0.0031,544,2
P-1x,5709,41.689,3.40,3.41,0.0034,544,2
P-1x,5710,41.693,3.57,3.51,0.0036,544,2
P-1x,5711,41.696,3.43,3.48,0.0034,544,2
P-1x,5712,41.700,3.44,3.41,0.0034,544,2
P-1x,5713,41.703,3.31,3.30,0.0033,544,2
P-1x,5714,41.706,3.06,3.10,0.0031,596,2
P-1x,5715,41.710,3.50,3.48,0.0035,544,2
P-1x,5716,41.713,3.33,3.30,0.0033,544,2
P-1x,5717,41.717,3.87,3.89,0.0039,544,2
P-1x,5718,41.720,3.16,3.20,0.0032,544,2
P-1x,5719,41.723,3.18,3.11,0.0032,544,2
P-1x,5720,41.727,3.34,3.30,0.0033,544,2
P-1x,5721,41.730,3.13,3.19,0.0031,544,2
P-1x,5722,41.733,3.05,3.08,0.0031,544,2
P-1x,5723,41.736,3.36,3.31,0.0034,544,2
P-1x,5724,41.739,3.20,3.20,0.0032,544,2
P-1x,5725,41.742,2.85,2.89,0.0029,544,2
P-1x,5726,41.746,3.34,3.30,0.0033,544,2
P-1x,5727,41.749,3.15,3.18,0.0031,544,2
P-1x,5728,41.752,2.85,2.82,0.0029,544,2
P-1x,5729,41.755,3.63,3.60,0.0036,544,2
P-1x,5730,41.759,3.37,3.39,0.0034,544,2
P-1x,5731,41.762,3.18,3.19,0.0032,544,2
P-1x,5732,41.765,3.41,3.39,0.0034,544,2
P-1x,5733,41.768,3.20,3.21,0.0032,544,2
P-1x,5734,41.772,3.30,3.22,0.0033,544,2
P-1x,5735,41.775,3.52,3.57,0.0035,544,2
P-1x,5736,41.778,2.89,2.93,0.0029,544,2
P-1x,5737,41.781,3.12,3.07,0.0031,544,2
P-1x,5738,41.784,2.83,2.90,0.0028,544,2
P-1x,5739,41.787,3.04,3.00,0.0030,544,2
P-1x,5740,41.790,3.09,3.09,0.0031,544,2
P-1x,5741,41.793,2.59,2.61,0.0026,544,2
P-1x,5742,41.796,3.25,3.19,0.0033,544,2
P-1x,5743,41.799,3.26,3.29,0.0033,544,2
P-1x,5744,41.802,3.11,3.11,0.0031,544,2
P-1x,5745,41.806,3.14,3.12,0.0031,544,2
P-1x,5746,41.809,3.17,3.17,0.0032,544,2
P-1x,5747,41.812,3.18,3.20,0.0032,544,2
P-1x,5748,41.815,3.49,3.49,0.0035,544,2
P-1x,5749,41.818,3.07,3.01,0.0031,544,2
P-1x,5750,41.821,2.69,2.78,0.0027,544,2
P-1x,5751,41.824,2.71,2.69,0.0027,544,2
P-1x,5752,41.828,3.89,3.81,0.0039,544,2
P-1x,5753,41.831,2.81,2.89,0.0028,544,2
P-1x,5754,41.834,3.05,3.00,0.0030,544,2
P-1x,5755,41.837,3.08,3.09,0.0031,544,2
P-1x,5756,41.840,3.00,2.99,0.0030,544,2
P-1x,5757,41.843,2.89,2.91,0.0029,544,2
P-1x,5758,41.845,2.86,2.88,0.0029,544,2
P-1x,5759,41.848,2.83,2.81,0.0028,544,2
P-1x,5760,41.851,2.70,2.71,0.0027,544,2
P-1x,5761,41.854,3.31,3.30,0.0033,544,2
P-1x,5762,41.857,2.92,2.90,0.0029,544,2
P-1x,5763,41.860,3.30,3.29,0.0033,544,2
P-1x,5764,41.863,2.99,3.01,0.0030,544,2
P-1x,5765,41.866,2.96,2.98,0.0030,544,2
P-1x,5766,41.869,2.82,2.79,0.0028,544,2
P-1x,5767,41.873,3.22,3.22,0.0032,544,2
P-1x,5768,41.876,3.29,3.29,0.0033,544,2
P-1x,5769,41.879,2.89,2.89,0.0029,544,2
P-1x,5770,41.881,2.73,2.70,0.0027,544,2
P-1x,5771,41.884,3.00,3.00,0.0030,544,2
P-1x,5772,41.888,3.20,3.20,0.0032,544,2
P-1x,5773,41.891,2.98,2.99,0.0030,544,2
P-1x,5774,41.893,2.95,2.91,0.0029,544,2
P-1x,5775,41.896,2.85,2.89,0.0029,544,2
P-1x,5776,41.899,2.80,2.81,0.0028,544,2
P-1x,5777,41.902,2.57,2.50,0.0026,544,2
P-1x,5778,41.905,2.83,2.88,0.0028,544,2
P-1x,5779,41.907,2.80,2.80,0.0028,596,2
P-1x,5780,41.910,2.89,2.83,0.0029,544,2
P-1x,5781,41.913,2.81,2.87,0.0028,544,2
P-1x,5782,41.916,3.11,3.10,0.0031,544,2
P-1x,5783,41.919,3.10,3.11,0.0031,544,2
P-1x,5784,41.922,2.47,2.49,0.0025,544,2
P-1x,5785,41.924,2.81,2.79,0.0028,544,2
P-1x,5786,41.928,3.01,3.01,0.0030,544,2
P-1x,5787,41.930,2.60,2.59,0.0026,544,2
P-1x,5788,41.933,3.00,3.00,0.0030,544,2
P-1x,5789,41.937,3.44,3.41,0.0034,544,2
P-1x,5790,41.940,2.99,3.00,0.0030,544,2
P-1x,5791,41.942,2.89,2.90,0.0029,544,2
P-1x,5792,41.945,2.97,2.99,0.0030,544,2
P-1x,5793,41.948,2.75,2.72,0.0027,544,2
P-1x,5794,41.951,2.87,2.88,0.0029,544,2
P-1x,5795,41.954,2.86,2.89,0.0029,544,2
P-1x,5796,41.957,2.73,2.70,0.0027,544,2
P-1x,5797,41.959,2.79,2.80,0.0028,544,2
P-1x,5798,41.962,2.70,2.72,0.0027,544,2
P-1x,5799,41.965,2.73,2.68,0.0027,544,2
P-1x,5800,41.968,3.02,3.00,0.0030,544,2
P-1x,5801,41.971,3.12,3.18,0.0031,544,2
P-1x,5802,41.974,3.23,3.21,0.0032,544,2
P-1x,5803,41.977,3.14,3.11,0.0031,544,2
P-1x,5804,41.980,2.54,2.58,0.0025,544,2
P-1x,5805,41.983,2.95,2.91,0.0029,544,2
P-1x,5806,41.986,2.96,2.98,0.0030,544,2
P-1x,5807,41.988,2.50,2.51,0.0025,544,2
P-1x,5808,41.991,2.94,2.91,0.0029,544,2
P-1x,5809,41.995,3.79,3.79,0.0038,544,2
P-1x,5810,41.998,2.94,2.90,0.0029,544,2
P-1x,5811,42.001,2.87,2.89,0.0029,544,2
P-1x,5812,42.004,3.20,3.19,0.0032,544,2
P-1x,5813,42.008,3.62,3.60,0.0036,544,2
P-1x,5814,42.011,3.48,3.50,0.0035,544,1
P-1x,5815,42.015,3.79,3.79,0.0038,1380,1
P-1x,5816,42.018,3.35,3.30,0.0034,544,1
P-1x,5817,42.022,3.45,3.51,0.0034,544,1
P-1x,5818,42.025,3.29,3.29,0.0033,544,1
P-1x,5819,42.028,3.11,3.10,0.0031,544,1
P-1x,5820,42.031,2.95,2.89,0.0030,544,1
P-1x,5821,42.034,3.15,3.20,0.0031,544,1
P-1x,5822,42.037,2.98,2.99,0.0030,544,1
P-1x,5823,42.040,2.91,2.90,0.0029,544,1
P-1x,5824,42.043,2.97,2.92,0.0030,544,1
P-1x,5825,42.046,2.58,2.68,0.0026,544,1
P-1x,5826,42.048,2.64,2.60,0.0026,544,1
P-1x,5827,42.051,2.67,2.69,0.0027,544,1
P-1x,5828,42.054,3.23,3.20,0.0032,544,1
P-1x,5829,42.057,2.88,2.90,0.0029,544,1
P-1x,5830,42.059,2.28,2.29,0.0023,544,1
P-1x,5831,42.062,3.01,2.99,0.0030,544,1
P-1x,5832,42.065,3.06,2.80,0.0031,544,1
P-1x,5833,42.069,3.12,3.32,0.0031,544,1
P-1x,5834,42.072,2.96,2.99,0.0030,544,1
P-1x,5835,42.075,3.40,3.39,0.0034,544,1
P-1x,5836,42.078,3.01,3.01,0.0030,544,1
P-1x,5837,42.081,3.01,2.98,0.0030,544,1
P-1x,5838,42.084,2.89,2.92,0.0029,544,1
P-1x,5839,42.087,2.99,2.98,0.0030,544,1
P-1x,5840,42.090,2.90,2.91,0.0029,544,1
P-1x,5841,42.093,2.80,2.80,0.0028,544,1
P-1x,5842,42.096,3.19,3.20,0.0032,544,1
P-1x,5843,42.099,2.82,2.80,0.0028,544,1
P-1x,5844,42.102,2.99,2.99,0.0030,544,1
P-1x,5845,42.104,2.83,2.81,0.0028,544,1
P-1x,5846,42.107,2.97,2.98,0.0030,544,1
P-1x,5847,42.110,2.74,2.73,0.0027,596,1
P-1x,5848,42.113,3.11,3.09,0.0031,544,1
P-1x,5849,42.116,3.16,3.18,0.0032,544,1
P-1x,5850,42.119,2.98,3.00,0.0030,544,1
P-1x,5851,42.122,2.67,2.68,0.0027,544,1
P-1x,5852,42.125,3.23,3.21,0.0032,544,1
P-1x,5853,42.128,2.85,2.83,0.0029,544,1
P-1x,5854,42.132,3.70,3.68,0.0037,544,1
P-1x,5855,42.135,3.13,3.19,0.0031,544,1
P-1x,5856,42.138,3.46,3.40,0.0035,544,1
P-1x,5857,42.141,3.04,3.10,0.0030,544,1
P-1x,5858,42.144,2.86,2.81,0.0029,544,1
P-1x,5859,42.148,3.31,3.29,0.0033,544,1
P-1x,5860,42.150,2.88,2.91,0.0029,544,1
P-1x,5861,42.154,3.07,3.07,0.0031,544,1
P-1x,5862,42.157,3.04,3.02,0.0030,544,1
P-1x,5863,42.159,2.86,2.88,0.0029,544,1
P-1x,5864,42.162,3.00,3.00,0.0030,544,1
P-1x,5865,42.165,3.05,3.01,0.0030,544,1
P-1x,5866,42.169,3.62,3.58,0.0036,544,1
P-1x,5867,42.172,2.81,2.91,0.0028,544,1
P-1x,5868,42.175,3.26,3.20,0.0033,544,1
P-1x,5869,42.178,3.27,3.30,0.0033,544,1
P-1x,5870,42.181,2.94,2.90,0.0029,544,1
P-1x,5871,42.184,2.98,3.00,0.0030,544,1
P-1x,5872,42.188,3.18,3.19,0.0032,544,1
P-1x,5873,42.191,3.00,2.99,0.0030,544,1
P-1x,5874,42.194,2.95,2.92,0.0029,544,1
P-1x,5875,42.196,2.95,2.99,0.0030,544,1
P-1x,5876,42.199,2.87,2.89,0.0029,544,1
P-1x,5877,42.202,2.77,2.70,0.0028,544,1
P-1x,5878,42.205,2.72,2.78,0.0027,544,1
P-1x,5879,42.208,2.91,2.91,0.0029,544,1
P-1x,5880,42.211,3.22,3.19,0.0032,544,1
P-1x,5881,42.214,3.43,3.41,0.0034,544,1
P-1x,5882,42.217,2.52,2.58,0.0025,544,1
P-1x,5883,42.219,2.62,2.60,0.0026,544,1
P-1x,5884,42.222,2.68,2.61,0.0027,544,1
P-1x,5885,42.225,2.62,2.69,0.0026,544,1
P-1x,5886,42.227,2.64,2.59,0.0026,544,1
P-1x,5887,42.230,2.87,2.89,0.0029,544,1
P-1x,5888,42.234,3.11,3.10,0.0031,544,1
P-1x,5889,42.237,3.20,3.21,0.0032,544,1
P-1x,5890,42.240,3.33,3.30,0.0033,544,1
P-1x,5891,42.243,2.98,2.99,0.0030,544,1
P-1x,5892,42.246,3.09,3.02,0.0031,544,1
P-1x,5893,42.249,2.82,2.87,0.0028,544,1
P-1x,5894,42.252,3.28,3.29,0.0033,544,1
P-1x,5895,42.255,3.09,3.09,0.0031,544,1
P-1x,5896,42.258,2.98,3.00,0.0030,544,1
P-1x,5897,42.261,2.73,2.71,0.0027,544,1
P-1x,5898,42.264,2.69,2.69,0.0027,544,1
P-1x,5899,42.266,2.75,2.78,0.0028,544,1
P-1x,5900,42.269,2.73,2.70,0.0027,544,1
P-1x,5901,42.272,2.80,2.81,0.0028,544,1
P-1x,5902,42.275,3.18,3.19,0.0032,544,1
P-1x,5903,42.278,2.62,2.60,0.0026,544,1
P-1x,5904,42.280,2.71,2.69,0.0027,544,1
P-1x,5905,42.284,3.21,3.21,0.0032,544,1
P-1x,5906,42.287,2.99,3.00,0.0030,544,1
P-1x,5907,42.290,2.89,2.81,0.0029,544,1
P-1x,5908,42.293,2.81,2.89,0.0028,544,1
P-1x,5909,42.295,3.17,3.19,0.0032,544,1
P-1x,5910,42.298,2.63,2.61,0.0026,544,1
P-1x,5911,42.301,2.68,2.69,0.0027,544,1
P-1x,5912,42.304,2.89,2.90,0.0029,544,1
P-1x,5913,42.306,2.63,2.61,0.0026,544,1
P-1x,5914,42.309,2.70,2.70,0.0027,544,1
P-1x,5915,42.312,2.88,2.91,0.0029,596,1
P-1x,5916,42.315,2.91,2.88,0.0029,544,1
P-1x,5917,42.318,2.80,2.81,0.0028,544,1
P-1x,5918,42.320,2.87,2.88,0.0029,544,1
P-1x,5919,42.323,2.83,2.82,0.0028,544,1
P-1x,5920,42.326,2.48,2.49,0.0025,544,1
P-1x,5921,42.329,2.96,2.91,0.0030,544,1
P-1x,5922,42.332,3.29,3.30,0.0033,544,1
P-1x,5923,42.335,3.24,3.21,0.0032,544,1
P-1x,5924,42.338,2.97,2.98,0.0030,544,1
P-1x,5925,42.341,3.18,3.20,0.0032,544,1
P-1x,5926,42.344,3.00,2.99,0.0030,544,1
P-1x,5927,42.347,2.66,2.69,0.0027,544,1
P-1x,5928,42.350,3.05,3.00,0.0030,544,1
P-1x,5929,42.354,3.29,3.30,0.0033,544,1
P-1x,5930,42.357,3.22,3.20,0.0032,544,1
P-1x,5931,42.359,2.87,2.89,0.0029,544,1
P-1x,5932,42.363,3.01,2.99,0.0030,544,1
P-1x,5933,42.366,3.36,3.31,0.0034,544,1
P-1x,5934,42.369,3.07,3.12,0.0031,544,1
P-1x,5935,42.372,3.05,3.04,0.0031,544,1
P-1x,5936,42.375,3.24,3.24,0.0032,544,1
P-1x,5937,42.378,2.69,2.67,0.0027,544,1
P-1x,5938,42.381,3.26,3.23,0.0033,544,1
P-1x,5939,42.384,2.49,2.56,0.0025,544,1
P-1x,5940,42.386,2.76,2.72,0.0028,544,1
P-1x,5941,42.390,3.08,3.02,0.0031,544,1
P-1x,5942,42.392,2.48,2.57,0.0025,544,1
P-1x,5943,42.395,3.26,3.22,0.0033,544,1
P-1x,5944,42.398,3.20,3.18,0.0032,544,1
P-1x,5945,42.401,2.43,2.49,0.0024,544,1
P-1x,5946,42.404,2.84,2.80,0.0028,544,1
P-1x,5947,42.407,3.01,3.00,0.0030,544,1
P-1x,5948,42.409,2.46,2.48,0.0025,544,1
P-1x,5949,42.412,3.10,3.01,0.0031,544,1
P-1x,5950,42.415,3.04,3.09,0.0030,544,1
P-1x,5951,42.418,2.58,2.61,0.0026,544,1
P-1x,5952,42.421,3.03,2.99,0.0030,544,1
P-1x,5953,42.424,2.99,3.00,0.0030,544,1
P-1x,5954,42.426,2.50,2.50,0.0025,544,1
P-1x,5955,42.430,3.10,3.10,0.0031,544,1
P-1x,5956,42.433,3.00,3.00,0.0030,544,1
P-1x,5957,42.436,3.10,3.09,0.0031,544,1
P-1x,5958,42.438,2.80,2.80,0.0028,544,1
P-1x,5959,42.441,2.85,2.89,0.0028,544,1
P-1x,5960,42.444,2.89,2.82,0.0029,544,1
P-1x,5961,42.447,2.98,3.01,0.0030,544,1
P-1x,5962,42.450,3.08,3.08,0.0031,544,1
P-1x,5963,42.453,2.87,2.89,0.0029,544,1
P-1x,5964,42.456,3.04,3.01,0.0030,544,1
P-1x,5965,42.459,2.79,2.79,0.0028,544,1
P-1x,5966,42.462,2.89,2.90,0.0029,544,1
P-1x,5967,42.465,2.92,2.89,0.0029,544,1
P-1x,5968,42.468,2.87,2.89,0.0029,544,1
P-1x,5969,42.471,3.10,3.10,0.0031,544,1
P-1x,5970,42.474,3.35,3.31,0.0034,544,1
P-1x,5971,42.477,3.20,3.20,0.0032,544,1
P-1x,5972,42.480,2.76,2.77,0.0028,544,1
P-1x,5973,42.483,3.30,3.31,0.0033,544,1
P-1x,5974,42.486,3.10,3.10,0.0031,544,1
P-1x,5975,42.490,3.25,3.19,0.0032,544,1
P-1x,5976,42.493,2.95,3.00,0.0030,544,1
P-1x,5977,42.496,3.18,3.18,0.0032,544,1
P-1x,5978,42.499,3.01,3.00,0.0030,544,1
P-1x,5979,42.502,2.81,2.69,0.0028,544,1
P-1x,5980,42.505,3.11,3.22,0.0031,544,1
P-1x,5981,42.508,2.95,2.99,0.0030,544,1
P-1x,5982,42.511,2.85,2.81,0.0028,544,1
P-1x,5983,42.514,3.08,3.10,0.0031,596,1
P-1x,5984,42.516,2.86,2.89,0.0029,544,1
P-1x,5985,42.519,2.72,2.71,0.0027,544,1
P-1x,5986,42.522,2.71,2.71,0.0027,544,1
P-1x,5987,42.525,3.00,2.98,0.0030,544,1
P-1x,5988,42.528,2.80,2.80,0.0028,544,1
P-1x,5989,42.530,2.38,2.40,0.0024,544,1
P-1x,5990,42.533,2.93,2.89,0.0029,544,1
P-1x,5991,42.536,3.21,3.20,0.0032,544,1
P-1x,5992,42.539,2.48,2.50,0.0025,544,1
P-1x,5993,42.542,3.35,3.32,0.0033,544,1
P-1x,5994,42.545,3.08,3.10,0.0031,544,1
P-1x,5995,42.548,2.88,2.79,0.0029,544,1
P-1x,5996,42.551,2.91,3.00,0.0029,544,1
P-1x,5997,42.554,3.24,3.20,0.0032,544,1
P-1x,5998,42.557,2.87,2.89,0.0029,544,1
P-1x,5999,42.559,2.48,2.50,0.0025,544,1
P-1x,6000,42.562,2.90,2.89,0.0029,544,1
P-1x,6001,42.565,2.81,2.82,0.0028,544,1
P-1x,6002,42.567,2.27,2.30,0.0023,544,1
P-1x,6003,42.570,2.70,2.69,0.0027,544,1
P-1x,6004,42.573,2.94,2.90,0.0029,544,1
P-1x,6005,42.576,2.76,2.79,0.0028,544,1
P-1x,6006,42.579,2.81,2.80,0.0028,544,1
P-1x,6007,42.582,2.94,2.90,0.0029,544,1
P-1x,6008,42.585,2.91,2.91,0.0029,544,1
P-1x,6009,42.588,3.07,3.09,0.0031,544,1
P-1x,6010,42.591,2.92,2.92,0.0029,544,1
P-1x,6011,42.593,2.93,2.89,0.0029,544,1
P-1x,6012,42.596,2.84,2.89,0.0028,544,1
P-1x,6013,42.599,2.78,2.80,0.0028,544,1
P-1x,6014,42.602,2.51,2.40,0.0025,544,1
P-1x,6015,42.605,3.72,3.80,0.0037,832,1
P-1x,6016,42.608,2.86,2.90,0.0029,544,1
P-1x,6017,42.611,2.76,2.71,0.0028,544,1
P-1x,6018,42.614,3.38,3.39,0.0034,544,1
P-1x,6019,42.617,3.08,3.08,0.0031,544,1
P-1x,6020,42.620,2.98,3.01,0.0030,544,1
P-1x,6021,42.623,2.72,2.69,0.0027,544,1
P-1x,6022,42.626,2.89,2.90,0.0029,544,1
P-1x,6023,42.629,2.99,3.01,0.0030,544,1
P-1x,6024,42.632,2.81,2.79,0.0028,544,1
P-1x,6025,42.635,3.32,3.30,0.0033,544,1
P-1x,6026,42.638,2.86,2.90,0.0029,544,1
P-1x,6027,42.641,3.02,3.00,0.0030,544,1
P-1x,6028,42.644,3.00,2.99,0.0030,544,1
P-1x,6029,42.646,2.46,2.49,0.0025,544,1
P-1x,6030,42.649,2.95,2.90,0.0029,544,1
P-1x,6031,42.653,3.31,3.31,0.0033,544,1
P-1x,6032,42.656,2.81,2.80,0.0028,544,1
P-1x,6033,42.659,3.00,3.01,0.0030,544,1
P-1x,6034,42.661,2.90,2.89,0.0029,544,1
P-1x,6035,42.664,3.02,3.00,0.0030,544,1
P-1x,6036,42.667,2.85,2.89,0.0029,544,1
P-1x,6037,42.670,2.97,2.99,0.0030,544,1
P-1x,6038,42.673,2.39,2.39,0.0024,544,1
P-1x,6039,42.676,3.24,3.21,0.0032,544,1
P-1x,6040,42.679,2.90,2.89,0.0029,544,1
P-1x,6041,42.682,3.14,3.10,0.0031,544,1
P-1x,6042,42.685,2.87,2.90,0.0029,544,1
P-1x,6043,42.688,3.30,3.30,0.0033,544,1
P-1x,6044,42.691,3.03,3.01,0.0030,544,1
P-1x,6045,42.695,3.40,3.40,0.0034,544,1
P-1x,6046,42.697,2.86,2.88,0.0029,544,1
P-1x,6047,42.701,3.21,3.20,0.0032,544,1
P-1x,6048,42.704,2.99,2.99,0.0030,544,1
P-1x,6049,42.706,2.59,2.59,0.0026,544,1
P-1x,6050,42.709,3.01,3.00,0.0030,544,1
P-1x,6051,42.713,3.17,3.11,0.0032,544,1
P-1x,6052,42.716,3.75,3.69,0.0037,596,1
P-1x,6053,42.720,3.42,3.50,0.0034,544,1
P-1x,6054,42.723,3.19,3.19,0.0032,544,1
P-1x,6055,42.726,3.03,3.01,0.0030,544,1
P-1x,6056,42.729,3.26,3.29,0.0033,544,1
P-1x,6057,42.732,3.16,3.11,0.0032,544,1
P-1x,6058,42.736,4.01,3.98,0.0040,544,1
P-1x,6059,42.740,3.65,3.71,0.0036,544,1
P-1x,6060,42.743,2.86,2.88,0.0029,544,1
P-1x,6061,42.746,3.01,3.00,0.0030,544,1
P-1x,6062,42.749,3.01,3.01,0.0030,544,1
P-1x,6063,42.752,3.23,3.21,0.0032,544,1
P-1x,6064,42.757,4.59,4.58,0.0046,1572,1
P-1x,6065,42.759,2.85,2.90,0.0028,544,1
P-1x,6066,42.762,3.06,3.01,0.0031,544,1
P-1x,6067,42.766,3.16,3.18,0.0032,544,1
P-1x,6068,42.769,2.88,2.83,0.0029,544,1
P-1x,6069,42.772,3.22,3.28,0.0032,544,1
P-1x,6070,42.775,3.50,3.50,0.0035,544,1
P-1x,6071,42.778,2.90,2.88,0.0029,544,1
P-1x,6072,42.781,3.24,3.22,0.0032,544,1
P-1x,6073,42.784,2.62,2.67,0.0026,544,1
P-1x,6074,42.787,2.87,2.83,0.0029,544,1
P-1x,6075,42.790,3.07,3.08,0.0031,544,1
P-1x,6076,42.793,2.57,2.59,0.0026,544,1
P-1x,6077,42.796,3.58,3.51,0.0036,544,1
P-1x,6078,42.799,3.27,3.29,0.0033,544,1
P-1x,6079,42.802,3.02,3.00,0.0030,544,1
P-1x,6080,42.805,3.08,3.10,0.0031,544,1
P-1x,6081,42.808,3.08,3.09,0.0031,544,1
P-1x,6082,42.812,3.01,3.00,0.0030,544,1
P-1x,6083,42.815,3.52,3.50,0.0035,544,1
P-1x,6084,42.818,2.75,2.79,0.0028,544,1
P-1x,6085,42.821,3.04,3.00,0.0030,544,1
P-1x,6086,42.824,3.07,3.08,0.0031,544,1
P-1x,6087,42.827,2.62,2.61,0.0026,544,1
P-1x,6088,42.830,3.23,3.20,0.0032,544,1
P-1x,6089,42.834,3.89,3.90,0.0039,696,1
P-1x,6090,42.837,3.31,3.30,0.0033,544,1
P-1x,6091,42.840,3.49,3.49,0.0035,544,1
P-1x,6092,42.844,3.08,3.09,0.0031,544,1
P-1x,6093,42.847,3.11,3.09,0.0031,544,1
P-1x,6094,42.850,3.68,3.71,0.0037,544,1
P-1x,6095,42.854,3.23,3.21,0.0032,544,1
P-1x,6096,42.857,3.40,3.40,0.0034,544,1
P-1x,6097,42.860,3.00,2.99,0.0030,544,1
P-1x,6098,42.863,2.95,3.00,0.0030,544,1
P-1x,6099,42.866,2.91,2.90,0.0029,544,1
P-1x,6100,42.869,3.13,3.14,0.0031,544,1
P-1x,6101,42.872,2.54,2.55,0.0025,544,1
P-1x,6102,42.875,3.45,3.40,0.0035,544,1
P-1x,6103,42.878,2.99,3.00,0.0030,544,1
P-1x,6104,42.881,2.70,2.70,0.0027,544,1
P-1x,6105,42.884,3.09,3.10,0.0031,544,1
P-1x,6106,42.887,2.91,2.90,0.0029,544,1
P-1x,6107,42.889,2.81,2.72,0.0028,544,1
P-1x,6108,42.893,3.00,3.08,0.0030,544,1
P-1x,6109,42.896,3.17,3.20,0.0032,544,1
P-1x,6110,42.898,2.73,2.70,0.0027,544,1
P-1x,6111,42.901,2.83,2.81,0.0028,544,1
P-1x,6112,42.905,3.38,3.38,0.0034,544,1
P-1x,6113,42.908,2.98,3.00,0.0030,544,1
P-1x,6114,42.910,2.95,2.91,0.0029,544,1
P-1x,6115,42.914,3.49,3.50,0.0035,624,1
P-1x,6116,42.917,3.07,3.09,0.0031,596,1
P-1x,6117,42.920,3.29,3.28,0.0033,544,1
P-1x,6118,42.924,3.23,3.21,0.0032,544,1
P-1x,6119,42.926,2.67,2.70,0.0027,544,1
P-1x,6120,42.929,2.93,2.90,0.0029,544,1
P-1x,6121,42.932,3.08,3.10,0.0031,544,1
P-1x,6122,42.935,3.24,3.20,0.0032,544,1
P-1x,6123,42.939,3.18,3.20,0.0032,544,1
P-1x,6124,42.942,3.05,3.09,0.0030,544,1
P-1x,6125,42.945,2.93,2.90,0.0029,544,1
P-1x,6126,42.948,3.23,3.23,0.0032,544,1
P-1x,6127,42.950,2.52,2.57,0.0025,544,1
P-1x,6128,42.954,3.06,3.00,0.0031,544,1
P-1x,6129,42.957,3.40,3.40,0.0034,544,1
P-1x,6130,42.959,2.56,2.59,0.0026,544,1
P-1x,6131,42.962,3.06,3.00,0.0031,544,1
P-1x,6132,42.966,3.41,3.40,0.0034,544,1
P-1x,6133,42.969,3.15,3.19,0.0031,544,1
P-1x,6134,42.972,3.12,3.10,0.0031,544,1
P-1x,6135,42.976,3.52,3.51,0.0035,544,1
P-1x,6136,42.979,3.34,3.33,0.0033,544,1
P-1x,6137,42.982,3.13,3.16,0.0031,544,1
P-1x,6138,42.985,2.92,2.90,0.0029,544,1
P-1x,6139,42.988,3.17,3.20,0.0032,544,1
P-1x,6140,42.992,3.31,3.30,0.0033,544,1
P-1x,6141,42.995,3.53,3.50,0.0035,544,1
P-1x,6142,42.998,2.96,2.98,0.0030,544,1
P-1x,6143,43.001,3.01,3.02,0.0030,544,1
P-1x,6144,43.004,3.01,3.02,0.0030,544,1
P-1x,6145,43.007,2.93,2.87,0.0029,544,1
P-1x,6146,43.010,3.36,3.29,0.0034,544,1
P-1x,6147,43.013,2.71,2.82,0.0027,544,1
P-1x,6148,43.016,3.22,3.19,0.0032,544,1
P-1x,6149,43.020,3.28,3.29,0.0033,544,1
P-1x,6150,43.022,2.82,2.80,0.0028,544,1
P-1x,6151,43.026,3.19,3.20,0.0032,544,1
P-1x,6152,43.028,2.97,2.99,0.0030,544,1
P-1x,6153,43.032,2.84,2.81,0.0028,544,1
P-1x,6154,43.034,2.96,2.98,0.0030,544,1
P-1x,6155,43.037,2.90,2.90,0.0029,544,1
P-1x,6156,43.040,3.13,3.11,0.0031,544,1
P-1x,6157,43.043,3.17,3.10,0.0032,544,1
P-1x,6158,43.047,3.05,3.10,0.0031,544,1
P-1x,6159,43.050,2.97,3.00,0.0030,544,1
P-1x,6160,43.053,2.92,2.90,0.0029,544,1
P-1x,6161,43.056,3.52,3.50,0.0035,544,1
P-1x,6162,43.059,2.93,2.97,0.0029,544,1
P-1x,6163,43.062,3.17,3.11,0.0032,544,1
P-1x,6164,43.065,3.19,3.20,0.0032,544,1
P-1x,6165,43.068,2.65,2.69,0.0026,544,1
P-1x,6166,43.071,3.15,3.11,0.0031,544,1
P-1x,6167,43.075,3.53,3.50,0.0035,544,1
P-1x,6168,43.078,3.08,3.09,0.0031,544,1
P-1x,6169,43.081,2.87,2.89,0.0029,544,1
P-1x,6170,43.084,3.42,3.40,0.0034,544,1
P-1x,6171,43.087,3.17,3.19,0.0032,544,1
P-1x,6172,43.091,3.43,3.40,0.0034,544,1
P-1x,6173,43.094,3.50,3.50,0.0035,544,1
P-1x,6174,43.097,2.99,3.01,0.0030,544,1
P-1x,6175,43.100,2.95,2.98,0.0030,544,1
P-1x,6176,43.103,2.96,2.92,0.0030,544,1
P-1x,6177,43.106,3.13,3.10,0.0031,544,1
P-1x,6178,43.109,2.70,2.78,0.0027,544,1
P-1x,6179,43.112,2.73,2.70,0.0027,544,1
P-1x,6180,43.115,3.44,3.41,0.0034,544,1
P-1x,6181,43.118,2.76,2.79,0.0028,596,1
P-1x,6182,43.121,3.12,3.11,0.0031,544,1
P-1x,6183,43.124,3.00,2.99,0.0030,544,1
P-1x,6184,43.127,3.37,3.31,0.0034,544,1
P-1x,6185,43.130,2.97,2.99,0.0030,544,1
P-1x,6186,43.134,3.37,3.38,0.0034,544,1
P-1x,6187,43.137,3.49,3.51,0.0035,544,1
P-1x,6188,43.141,3.54,3.50,0.0035,544,1
P-1x,6189,43.144,3.37,3.39,0.0034,544,1
P-1x,6190,43.147,3.20,3.19,0.0032,544,1
P-1x,6191,43.150,3.28,3.29,0.0033,544,1
P-1x,6192,43.154,3.05,3.03,0.0030,544,1
P-1x,6193,43.157,3.48,3.48,0.0035,544,1
P-1x,6194,43.160,3.00,2.98,0.0030,544,1
P-1x,6195,43.163,3.06,3.11,0.0031,544,1
P-1x,6196,43.166,3.38,3.30,0.0034,544,1
P-1x,6197,43.170,3.58,3.59,0.0036,544,1
P-1x,6198,43.173,3.31,3.30,0.0033,544,1
P-1x,6199,43.177,3.21,3.20,0.0032,544,1
P-1x,6200,43.180,3.38,3.38,0.0034,544,1
P-1x,6201,43.183,3.59,3.60,0.0036,544,1
P-1x,6202,43.187,3.40,3.40,0.0034,544,1
P-1x,6203,43.190,3.34,3.30,0.0033,544,1
P-1x,6204,43.194,3.36,3.39,0.0034,544,1
P-1x,6205,43.197,3.05,3.10,0.0030,544,1
P-1x,6206,43.200,3.17,3.10,0.0032,544,1
P-1x,6207,43.203,3.10,3.09,0.0031,544,1
P-1x,6208,43.206,3.25,3.22,0.0033,544,1
P-1x,6209,43.209,3.16,3.18,0.0032,544,1
P-1x,6210,43.213,3.21,3.19,0.0032,544,1
P-1x,6211,43.216,3.86,3.90,0.0039,544,1
P-1x,6212,43.220,3.19,3.21,0.0032,544,1
P-1x,6213,43.223,3.20,3.19,0.0032,544,1
P-1x,6214,43.226,3.34,3.31,0.0033,544,1
P-1x,6215,43.229,3.18,3.19,0.0032,544,1
P-1x,6216,43.233,3.12,3.10,0.0031,544,1
P-1x,6217,43.236,3.46,3.49,0.0035,544,1
P-1x,6218,43.238,2.54,2.58,0.0025,544,1
P-1x,6219,43.241,2.83,2.80,0.0028,544,1
P-1x,6220,43.245,3.44,3.41,0.0034,544,1
P-1x,6221,43.248,3.06,3.00,0.0031,544,1
P-1x,6222,43.251,2.87,2.91,0.0029,544,1
P-1x,6223,43.254,3.47,3.49,0.0035,544,1
P-1x,6224,43.257,3.09,3.08,0.0031,544,1
P-1x,6225,43.261,3.42,3.40,0.0034,544,1
P-1x,6226,43.263,2.88,2.91,0.0029,544,1
P-1x,6227,43.267,3.39,3.38,0.0034,544,1
P-1x,6228,43.270,3.11,3.09,0.0031,544,1
P-1x,6229,43.274,3.65,3.63,0.0036,544,1
P-1x,6230,43.276,2.90,2.88,0.0029,544,1
P-1x,6231,43.280,3.15,3.20,0.0032,544,1
P-1x,6232,43.283,3.17,3.19,0.0032,544,1
P-1x,6233,43.286,3.02,3.00,0.0030,544,1
P-1x,6234,43.289,2.87,2.89,0.0029,544,1
P-1x,6235,43.292,3.10,3.02,0.0031,544,1
P-1x,6236,43.295,3.44,3.48,0.0034,544,1
P-1x,6237,43.299,3.34,3.31,0.0033,544,1
P-1x,6238,43.302,3.27,3.29,0.0033,544,1
P-1x,6239,43.305,3.10,3.08,0.0031,544,1
P-1x,6240,43.308,3.17,3.21,0.0032,544,1
P-1x,6241,43.311,2.90,2.89,0.0029,544,1
P-1x,6242,43.314,3.43,3.41,0.0034,544,1
P-1x,6243,43.317,2.83,2.88,0.0028,544,1
P-1x,6244,43.320,2.81,2.80,0.0028,596,1
P-1x,6245,43.323,3.23,3.20,0.0032,544,1
P-1x,6246,43.326,2.78,2.81,0.0028,544,1
P-1x,6247,43.329,3.26,3.20,0.0033,544,1
P-1x,6248,43.333,3.23,3.28,0.0032,544,1
P-1x,6249,43.336,3.12,3.10,0.0031,544,1
P-1x,6250,43.339,2.89,2.90,0.0029,544,1
P-1x,6251,43.341,2.87,2.89,0.0029,544,1
P-1x,6252,43.344,2.75,2.71,0.0027,544,1
P-1x,6253,43.347,3.00,3.01,0.0030,544,1
P-1x,6254,43.351,3.38,3.40,0.0034,544,1
P-1x,6255,43.354,3.32,3.30,0.0033,544,1
P-1x,6256,43.357,3.19,3.19,0.0032,544,1
P-1x,6257,43.360,3.06,3.01,0.0031,544,1
P-1x,6258,43.363,3.03,3.09,0.0030,544,1
P-1x,6259,43.366,2.98,2.99,0.0030,544,1
P-1x,6260,43.370,3.45,3.41,0.0035,544,1
P-1x,6261,43.373,3.38,3.39,0.0034,544,1
P-1x,6262,43.377,3.51,3.49,0.0035,544,1
P-1x,6263,43.380,3.23,3.21,0.0032,544,1
P-1x,6264,43.383,3.56,3.59,0.0036,544,1
P-1x,6265,43.387,3.15,3.13,0.0031,544,1
P-1x,6266,43.390,3.78,3.78,0.0038,544,1
P-1x,6267,43.393,2.62,2.68,0.0026,544,1
P-1x,6268,43.396,3.36,3.32,0.0034,544,1
P-1x,6269,43.399,2.88,2.90,0.0029,544,1
P-1x,6270,43.402,2.90,2.78,0.0029,544,1
P-1x,6271,43.405,3.11,3.20,0.0031,544,1
P-1x,6272,43.408,3.05,3.09,0.0031,544,1
P-1x,6273,43.411,2.85,2.81,0.0029,544,1
P-1x,6274,43.414,3.34,3.29,0.0033,544,1
P-1x,6275,43.418,3.25,3.29,0.0032,544,1
P-1x,6276,43.421,3.18,3.19,0.0032,544,1
P-1x,6277,43.424,2.85,2.82,0.0028,544,1
P-1x,6278,43.427,3.43,3.39,0.0034,624,1
P-1x,6279,43.430,3.34,3.38,0.0033,544,1
P-1x,6280,43.434,3.61,3.60,0.0036,544,1
P-1x,6281,43.438,3.52,3.50,0.0035,544,1
P-1x,6282,43.441,3.38,3.30,0.0034,544,1
P-1x,6283,43.445,3.59,3.68,0.0036,544,1
P-1x,6284,43.448,3.12,3.11,0.0031,544,1
P-1x,6285,43.451,3.09,3.10,0.0031,544,1
P-1x,6286,43.454,3.16,3.18,0.0032,544,1
P-1x,6287,43.457,2.84,2.81,0.0028,544,1
P-1x,6288,43.460,3.09,3.10,0.0031,544,1
P-1x,6289,43.463,2.97,2.98,0.0030,544,1
P-1x,6290,43.466,3.13,3.11,0.0031,544,1
P-1x,6291,43.469,3.00,3.02,0.0030,544,1
P-1x,6292,43.472,3.11,3.08,0.0031,544,1
P-1x,6293,43.475,3.37,3.39,0.0034,544,1
P-1x,6294,43.479,3.18,3.12,0.0032,544,1
P-1x,6295,43.482,3.45,3.48,0.0035,544,1
P-1x,6296,43.485,3.41,3.42,0.0034,544,1
P-1x,6297,43.489,3.09,3.09,0.0031,544,1
P-1x,6298,43.492,3.19,3.20,0.0032,544,1
P-1x,6299,43.495,3.21,3.21,0.0032,544,1
P-1x,6300,43.498,2.74,2.70,0.0027,544,1
P-1x,6301,43.501,3.06,3.09,0.0031,544,1
P-1x,6302,43.504,3.10,3.08,0.0031,544,1
P-1x,6303,43.507,3.51,3.50,0.0035,544,1
P-1x,6304,43.511,3.19,3.19,0.0032,544,1
P-1x,6305,43.514,3.59,3.58,0.0036,544,1
P-1x,6306,43.517,3.07,3.11,0.0031,544,1
P-1x,6307,43.520,3.21,3.19,0.0032,544,1
P-1x,6308,43.524,3.21,3.20,0.0032,596,1
P-1x,6309,43.526,2.76,2.79,0.0028,544,1
P-1x,6310,43.530,3.24,3.20,0.0032,544,1
P-1x,6311,43.533,2.98,3.00,0.0030,544,1
P-1x,6312,43.536,3.23,3.19,0.0032,544,1
P-1x,6313,43.539,3.00,3.01,0.0030,544,1
P-1x,6314,43.542,3.16,3.19,0.0032,544,1
P-1x,6315,43.545,3.16,3.11,0.0032,544,1
P-1x,6316,43.549,3.37,3.37,0.0034,544,1
P-1x,6317,43.552,2.74,2.79,0.0027,544,1
P-1x,6318,43.555,3.35,3.31,0.0034,544,1
P-1x,6319,43.558,3.34,3.31,0.0033,544,1
P-1x,6320,43.561,3.04,3.02,0.0030,544,1
P-1x,6321,43.565,3.64,3.56,0.0036,544,1
P-1x,6322,43.568,3.20,3.29,0.0032,544,1
P-1x,6323,43.571,3.25,3.28,0.0033,544,1
P-1x,6324,43.575,3.51,3.51,0.0035,544,1
P-1x,6325,43.578,3.14,3.11,0.0031,544,1
P-1x,6326,43.581,2.99,2.98,0.0030,544,1
P-1x,6327,43.584,3.06,3.10,0.0031,544,1
P-1x,6328,43.587,3.13,3.10,0.0031,544,1
P-1x,6329,43.590,3.19,3.20,0.0032,544,1
P-1x,6330,43.594,3.23,3.22,0.0032,544,1
P-1x,6331,43.597,3.37,3.38,0.0034,544,1
P-1x,6332,43.600,3.12,3.10,0.0031,544,1
P-1x,6333,43.603,3.09,3.10,0.0031,544,1
P-1x,6334,43.606,2.62,2.61,0.0026,544,1
P-1x,6335,43.609,3.07,3.08,0.0031,544,1
P-1x,6336,43.612,2.98,3.01,0.0030,544,1
P-1x,6337,43.615,3.13,3.09,0.0031,544,1
P-1x,6338,43.618,2.99,3.00,0.0030,544,1
P-1x,6339,43.621,2.98,3.00,0.0030,544,1
P-1x,6340,43.623,2.76,2.70,0.0028,544,1
P-1x,6341,43.627,3.51,3.51,0.0035,544,1
P-1x,6342,43.630,2.86,2.89,0.0029,544,1
P-1x,6343,43.633,3.39,3.32,0.0034,544,1
P-1x,6344,43.636,3.24,3.27,0.0032,544,1
P-1x,6345,43.640,3.11,3.10,0.0031,544,1
P-1x,6346,43.643,3.17,3.19,0.0032,544,1
P-1x,6347,43.646,3.20,3.20,0.0032,544,1
P-1x,6348,43.649,3.05,3.01,0.0031,544,1
P-1x,6349,43.652,3.16,3.18,0.0032,544,1
P-1x,6350,43.655,3.30,3.29,0.0033,544,1
P-1x,6351,43.658,2.96,3.01,0.0030,544,1
P-1x,6352,43.661,2.92,2.89,0.0029,544,1
P-1x,6353,43.664,3.11,3.10,0.0031,544,1
P-1x,6354,43.667,2.54,2.59,0.0025,544,1
P-1x,6355,43.670,2.77,2.72,0.0028,544,1
P-1x,6356,43.673,2.99,2.99,0.0030,544,1
P-1x,6357,43.676,3.50,3.50,0.0035,544,1
P-1x,6358,43.680,3.36,3.30,0.0034,544,1
P-1x,6359,43.683,3.57,3.59,0.0036,544,1
P-1x,6360,43.686,3.22,3.21,0.0032,544,1
P-1x,6361,43.690,3.37,3.40,0.0034,544,1
P-1x,6362,43.693,3.31,3.30,0.0033,544,1
P-1x,6363,43.697,3.49,3.49,0.0035,544,1
P-1x,6364,43.700,3.13,3.11,0.0031,544,1
P-1x,6365,43.703,3.40,3.40,0.0034,544,1
P-1x,6366,43.706,3.13,3.19,0.0031,544,1
P-1x,6367,43.710,3.35,3.30,0.0034,544,1
P-1x,6368,43.713,3.48,3.49,0.0035,544,1
P-1x,6369,43.716,3.39,3.40,0.0034,544,1
P-1x,6370,43.720,3.18,3.19,0.0032,544,1
P-1x,6371,43.723,3.28,3.22,0.0033,544,1
P-1x,6372,43.726,2.83,2.89,0.0028,596,1
P-1x,6373,43.729,2.89,2.89,0.0029,544,1
P-1x,6374,43.732,3.03,3.00,0.0030,544,1
P-1x,6375,43.735,3.28,3.30,0.0033,544,1
P-1x,6376,43.738,2.89,2.89,0.0029,544,1
P-1x,6377,43.741,2.69,2.71,0.0027,544,1
P-1x,6378,43.744,3.24,3.20,0.0032,544,1
P-1x,6379,43.746,2.75,2.80,0.0027,544,1
P-1x,6380,43.750,3.03,3.00,0.0030,544,1
P-1x,6381,43.753,3.09,3.09,0.0031,544,1
P-1x,6382,43.755,2.67,2.71,0.0027,544,1
P-1x,6383,43.758,2.85,2.80,0.0029,544,1
P-1x,6384,43.761,2.97,2.99,0.0030,544,1
P-1x,6385,43.764,2.48,2.50,0.0025,544,1
P-1x,6386,43.767,2.94,2.90,0.0029,544,1
P-1x,6387,43.770,3.08,3.10,0.0031,544,1
P-1x,6388,43.772,2.55,2.51,0.0026,544,1
P-1x,6389,43.775,3.07,3.09,0.0031,544,1
P-1x,6390,43.778,2.89,2.90,0.0029,544,1
P-1x,6391,43.781,2.76,2.70,0.0028,544,1
P-1x,6392,43.784,2.74,2.79,0.0027,544,1
P-1x,6393,43.787,2.91,2.90,0.0029,544,1
P-1x,6394,43.789,2.74,2.71,0.0027,544,1
P-1x,6395,43.793,3.08,3.09,0.0031,544,1
P-1x,6396,43.796,3.27,3.29,0.0033,544,1
P-1x,6397,43.798,2.73,2.71,0.0027,544,1
P-1x,6398,43.801,3.11,3.10,0.0031,544,1
P-1x,6399,43.805,3.21,3.19,0.0032,544,1
P-1x,6400,43.808,3.26,3.29,0.0033,544,1
P-1x,6401,43.811,2.90,2.90,0.0029,544,1
P-1x,6402,43.815,3.97,3.92,0.0040,544,1
P-1x,6403,43.818,2.80,2.89,0.0028,544,1
P-1x,6404,43.820,2.83,2.79,0.0028,544,1
P-1x,6405,43.824,3.22,3.21,0.0032,544,1
P-1x,6406,43.826,2.55,2.59,0.0025,544,1
P-1x,6407,43.829,2.81,2.76,0.0028,544,1
P-1x,6408,43.832,3.05,3.05,0.0030,544,1
P-1x,6409,43.835,3.15,3.11,0.0031,544,1
P-1x,6410,43.838,2.83,2.87,0.0028,544,1
P-1x,6411,43.841,3.01,3.01,0.0030,544,1
P-1x,6412,43.844,2.89,2.89,0.0029,544,1
P-1x,6413,43.847,2.79,2.80,0.0028,544,1
P-1x,6414,43.850,3.12,3.12,0.0031,544,1
P-1x,6415,43.853,2.79,2.78,0.0028,544,1
P-1x,6416,43.856,3.45,3.42,0.0035,544,1
P-1x,6417,43.859,2.96,2.99,0.0030,544,1
P-1x,6418,43.862,2.97,2.99,0.0030,544,1
P-1x,6419,43.865,2.85,2.81,0.0029,544,1
P-1x,6420,43.868,2.98,3.00,0.0030,544,1
P-1x,6421,43.871,2.73,2.77,0.0027,544,1
P-1x,6422,43.874,3.00,2.93,0.0030,544,1
P-1x,6423,43.876,2.76,2.70,0.0028,544,1
P-1x,6424,43.879,3.01,3.08,0.0030,544,1
P-1x,6425,43.882,2.99,2.99,0.0030,544,1
P-1x,6426,43.885,2.77,2.73,0.0028,544,1
P-1x,6427,43.888,2.93,2.96,0.0029,544,1
P-1x,6428,43.891,3.04,3.01,0.0030,544,1
P-1x,6429,43.894,3.29,3.28,0.0033,544,1
P-1x,6430,43.897,3.00,3.01,0.0030,544,1
P-1x,6431,43.900,2.84,2.89,0.0028,544,1
P-1x,6432,43.903,2.83,2.80,0.0028,544,1
P-1x,6433,43.906,3.18,3.13,0.0032,544,1
P-1x,6434,43.909,2.64,2.68,0.0026,544,1
P-1x,6435,43.912,2.91,2.91,0.0029,544,1
P-1x,6436,43.915,3.28,3.28,0.0033,544,1
P-1x,6437,43.918,2.56,2.52,0.0026,544,1
P-1x,6438,43.921,3.25,3.27,0.0033,544,1
P-1x,6439,43.924,3.34,3.31,0.0033,544,1
P-1x,6440,43.927,3.10,3.09,0.0031,596,1
P-1x,6441,43.930,2.87,2.88,0.0029,544,1
P-1x,6442,43.934,3.50,3.50,0.0035,544,1
P-1x,6443,43.937,3.39,3.41,0.0034,544,1
P-1x,6444,43.940,3.14,3.10,0.0031,544,1
P-1x,6445,43.943,2.78,2.79,0.0028,544,1
P-1x,6446,43.946,2.97,3.00,0.0030,544,1
P-1x,6447,43.949,2.82,2.80,0.0028,544,1
P-1x,6448,43.952,3.00,2.99,0.0030,544,1
P-1x,6449,43.955,3.32,3.31,0.0033,544,1
P-1x,6450,43.958,3.28,3.29,0.0033,544,1
P-1x,6451,43.961,3.00,3.00,0.0030,544,1
P-1x,6452,43.964,2.53,2.52,0.0025,544,1
P-1x,6453,43.967,3.06,3.08,0.0031,544,1
P-1x,6454,43.970,2.89,2.90,0.0029,544,1
P-1x,6455,43.972,2.51,2.50,0.0025,544,1
P-1x,6456,43.976,3.43,3.39,0.0034,544,1
P-1x,6457,43.979,3.07,3.11,0.0031,544,1
P-1x,6458,43.982,2.71,2.68,0.0027,544,1
P-1x,6459,43.984,2.93,2.93,0.0029,544,1
P-1x,6460,43.987,3.05,3.08,0.0031,544,1
P-1x,6461,43.990,2.82,2.80,0.0028,544,1
P-1x,6462,43.994,3.21,3.19,0.0032,544,1
P-1x,6463,43.996,2.74,2.79,0.0027,544,1
P-1x,6464,43.999,2.75,2.70,0.0027,544,1
P-1x,6465,44.002,3.22,3.21,0.0032,544,1
P-1x,6466,44.005,2.64,2.68,0.0026,544,1
P-1x,6467,44.008,2.92,2.89,0.0029,544,1
P-1x,6468,44.011,3.02,3.01,0.0030,544,1
P-1x,6469,44.013,2.66,2.69,0.0027,544,1
P-1x,6470,44.016,2.95,2.91,0.0030,544,1
P-1x,6471,44.019,2.96,2.99,0.0030,544,1
P-1x,6472,44.022,2.47,2.49,0.0025,544,1
P-1x,6473,44.025,2.98,2.93,0.0030,544,1
P-1x,6474,44.028,2.86,2.88,0.0029,544,1
P-1x,6475,44.030,2.38,2.41,0.0024,544,1
P-1x,6476,44.033,2.93,2.89,0.0029,544,1
P-1x,6477,44.036,3.43,3.40,0.0034,544,1
P-1x,6478,44.039,2.78,2.80,0.0028,544,1
P-1x,6479,44.042,3.22,3.19,0.0032,544,1
P-1x,6480,44.046,3.12,3.11,0.0031,544,1
P-1x,6481,44.049,3.07,3.09,0.0031,544,1
P-1x,6482,44.052,2.82,2.80,0.0028,544,1
P-1x,6483,44.055,3.10,3.12,0.0031,544,1
P-1x,6484,44.058,2.97,2.98,0.0030,544,1
P-1x,6485,44.060,2.88,2.79,0.0029,544,1
P-1x,6486,44.063,2.93,3.01,0.0029,544,1
P-1x,6487,44.067,3.23,2.99,0.0032,544,1
P-1x,6488,44.070,3.04,3.30,0.0030,544,1
P-1x,6489,44.073,3.12,3.10,0.0031,544,1
P-1x,6490,44.076,3.31,3.30,0.0033,544,1
P-1x,6491,44.079,2.97,2.99,0.0030,544,1
P-1x,6492,44.082,2.92,2.90,0.0029,544,1
P-1x,6493,44.085,3.22,3.21,0.0032,544,1
P-1x,6494,44.088,2.54,2.58,0.0025,544,1
P-1x,6495,44.090,2.73,2.72,0.0027,544,1
P-1x,6496,44.094,2.93,2.90,0.0029,544,1
P-1x,6497,44.097,3.41,3.39,0.0034,544,1
P-1x,6498,44.100,3.37,3.40,0.0034,544,1
P-1x,6499,44.103,2.99,3.00,0.0030,544,1
P-1x,6500,44.106,2.51,2.51,0.0025,544,1
P-1x,6501,44.109,3.29,3.28,0.0033,544,1
P-1x,6502,44.112,2.99,3.00,0.0030,544,1
P-1x,6503,44.115,3.01,2.99,0.0030,544,1
P-1x,6504,44.118,3.01,3.01,0.0030,544,1
P-1x,6505,44.121,3.07,3.09,0.0031,544,1
P-1x,6506,44.124,2.93,2.93,0.0029,544,1
P-1x,6507,44.127,2.59,2.57,0.0026,544,1
P-1x,6508,44.129,2.92,2.91,0.0029,596,1
P-1x,6509,44.133,3.00,3.01,0.0030,544,1
P-1x,6510,44.136,3.41,3.38,0.0034,544,1
P-1x,6511,44.139,2.99,3.01,0.0030,544,1
P-1x,6512,44.142,3.00,3.01,0.0030,544,1
P-1x,6513,44.145,2.89,2.88,0.0029,544,1
P-1x,6514,44.148,2.98,2.93,0.0030,544,1
P-1x,6515,44.151,2.82,2.87,0.0028,544,1
P-1x,6516,44.154,3.45,3.40,0.0034,544,1
P-1x,6517,44.157,3.08,3.10,0.0031,544,1
P-1x,6518,44.160,2.78,2.79,0.0028,544,1
P-1x,6519,44.163,3.13,3.12,0.0031,544,1
P-1x,6520,44.166,3.30,3.28,0.0033,544,1
P-1x,6521,44.169,3.09,3.10,0.0031,544,1
P-1x,6522,44.172,2.93,2.92,0.0029,544,1
P-1x,6523,44.176,3.58,3.58,0.0036,544,1
P-1x,6524,44.179,3.30,3.31,0.0033,544,1
P-1x,6525,44.182,3.10,3.09,0.0031,544,1
P-1x,6526,44.185,2.74,2.69,0.0027,544,1
P-1x,6527,44.188,3.05,3.11,0.0031,544,1
P-1x,6528,44.191,3.17,3.19,0.0032,544,1
P-1x,6529,44.194,3.25,3.22,0.0033,544,1
P-1x,6530,44.198,3.56,3.51,0.0036,544,1
P-1x,6531,44.202,3.57,3.60,0.0036,544,1
P-1x,6532,44.205,3.61,3.58,0.0036,544,1
P-1x,6533,44.209,3.46,3.50,0.0035,544,1
P-1x,6534,44.212,3.02,3.00,0.0030,544,1
P-1x,6535,44.225,13.08,13.09,0.0131,2752,1
P-1x,6536,44.230,5.19,5.20,0.0052,544,1
P-1x,6537,44.236,5.60,5.59,0.0056,544,1
P-1x,6538,44.243,7.72,7.70,0.0077,9704,1
P-1x,6539,44.249,5.57,5.59,0.0056,544,1
P-1x,6540,44.254,5.01,5.00,0.0050,544,1
P-1x,6541,44.260,5.70,5.71,0.0057,11696,1
P-1x,6542,44.265,5.59,5.60,0.0056,544,1
P-1x,6543,44.270,4.91,4.89,0.0049,544,1
P-1x,6544,44.276,5.50,5.50,0.0055,544,1
P-1x,6545,44.282,6.17,6.10,0.0062,11696,1
P-1x,6546,44.287,5.38,5.41,0.0054,544,1
P-1x,6547,44.293,5.62,5.61,0.0056,544,1
P-1x,6548,44.299,6.03,6.06,0.0060,11696,1
P-1x,6549,44.304,4.92,4.90,0.0049,544,1
P-1x,6550,44.309,5.18,5.19,0.0052,544,1
P-1x,6551,44.315,5.42,5.40,0.0054,544,1
P-1x,6552,44.320,5.37,5.39,0.0054,11696,1
P-1x,6553,44.325,5.02,5.00,0.0050,544,1
P-1x,6554,44.330,4.96,4.91,0.0050,544,1
P-1x,6555,44.336,5.47,5.50,0.0055,596,1
P-1x,6556,44.341,5.79,5.80,0.0058,11696,1
P-1x,6557,44.346,5.11,5.10,0.0051,544,1
P-1x,6558,44.351,4.95,4.98,0.0050,544,1
P-1x,6559,44.356,5.47,5.40,0.0055,11696,1
P-1x,6560,44.361,4.66,4.70,0.0047,544,1
P-1x,6561,44.366,4.66,4.68,0.0047,544,1
P-1x,6562,44.370,4.71,4.70,0.0047,544,1
P-1x,6563,44.376,5.22,5.21,0.0052,544,1
P-1x,6564,44.381,5.49,5.50,0.0055,11696,1
P-1x,6565,44.387,6.29,6.29,0.0063,912,1
P-1x,6566,44.393,5.04,5.01,0.0050,544,1
P-1x,6567,44.399,6.01,5.99,0.0060,13060,1
P-1x,6568,44.403,4.89,4.90,0.0049,544,1
P-1x,6569,44.409,5.40,5.39,0.0054,544,1
P-1x,6570,44.414,5.17,5.19,0.0052,544,1
P-1x,6571,44.420,5.69,5.70,0.0057,13060,1
P-1x,6572,44.425,4.91,4.91,0.0049,544,1
P-1x,6573,44.430,4.99,4.99,0.0050,544,1
P-1x,6574,44.435,5.32,5.30,0.0053,544,1
P-1x,6575,44.441,5.62,5.60,0.0056,13060,1
P-1x,6576,44.446,5.02,5.00,0.0050,544,1
P-1x,6577,44.451,5.06,5.10,0.0051,544,1
P-1x,6578,44.456,5.77,5.70,0.0058,13060,1
P-1x,6579,44.461,4.87,4.88,0.0049,544,1
P-1x,6580,44.466,4.99,4.99,0.0050,544,1
P-1x,6581,44.472,5.17,5.19,0.0052,544,1
P-1x,6582,44.477,5.43,5.33,0.0054,13060,1
P-1x,6583,44.482,4.89,4.96,0.0049,544,1
P-1x,6584,44.489,7.28,7.29,0.0073,1280,1
P-1x,6585,44.495,5.30,5.30,0.0053,544,1
P-1x,6586,44.500,5.38,5.39,0.0054,15788,1
P-1x,6587,44.505,5.12,5.11,0.0051,544,1
P-1x,6588,44.510,5.12,5.11,0.0051,544,1
P-1x,6589,44.527,16.15,16.10,0.0161,2752,1
P-1x,6590,44.537,10.35,10.38,0.0103,24580,1
P-1x,6591,44.545,8.39,8.40,0.0084,25628,1
P-1x,6592,44.553,7.90,7.90,0.0079,544,1
P-1x,6593,44.561,8.40,8.39,0.0084,25576,1
P-1x,6594,44.569,7.52,7.43,0.0075,544,1
P-1x,6595,44.577,7.66,7.76,0.0077,544,1
P-1x,6596,44.585,8.39,8.24,0.0084,25576,1
P-1x,6597,44.593,7.73,7.86,0.0077,544,1
P-1x,6598,44.600,7.80,7.80,0.0078,25576,1
P-1x,6599,44.608,7.47,7.42,0.0075,544,1
P-1x,6600,44.616,7.66,7.67,0.0077,544,1
P-1x,6601,44.623,8.00,7.99,0.0080,25576,1
P-1x,6602,44.631,7.31,7.31,0.0073,544,1
P-1x,6603,44.639,8.71,8.70,0.0087,25576,1
P-1x,6604,44.647,8.10,8.00,0.0081,544,1
P-1x,6605,44.656,8.07,8.19,0.0081,544,1
P-1x,6606,44.663,7.98,7.99,0.0080,25576,1
P-1x,6607,44.671,7.48,7.50,0.0075,544,1
P-1x,6608,44.681,9.54,9.50,0.0095,25944,1
P-1x,6609,44.688,7.90,7.89,0.0079,544,1
P-1x,6610,44.697,8.00,8.00,0.0080,544,1
P-1x,6611,44.705,8.31,8.31,0.0083,26940,1
P-1x,6612,44.713,7.90,7.90,0.0079,544,1
P-1x,6613,44.721,8.17,8.18,0.0082,26940,1
P-1x,6614,44.728,7.64,7.61,0.0076,544,1
P-1x,6615,44.737,7.69,7.69,0.0077,544,1
P-1x,6616,44.744,8.23,8.19,0.0082,26940,1
P-1x,6617,44.752,7.65,7.62,0.0077,596,1
P-1x,6618,44.760,8.42,8.48,0.0084,26940,1
P-1x,6619,44.768,7.37,7.40,0.0074,544,1
P-1x,6620,44.776,7.59,7.60,0.0076,544,1
P-1x,6621,44.783,7.91,7.89,0.0079,26940,1
P-1x,6622,44.791,7.82,7.81,0.0078,544,1
P-1x,6623,44.799,8.04,8.00,0.0080,26940,1
P-1x,6624,44.807,7.88,7.90,0.0079,544,1
P-1x,6625,44.826,18.47,18.48,0.0185,2752,1
P-1x,6626,44.837,10.50,10.41,0.0105,35364,1
P-1x,6627,44.847,11.10,11.19,0.0111,35364,1
P-1x,6628,44.858,10.41,10.40,0.0104,544,1
P-1x,6629,44.868,10.39,10.39,0.0104,35364,1
P-1x,6630,44.879,10.13,10.10,0.0101,544,1
P-1x,6631,44.889,10.87,10.91,0.0109,35364,1
P-1x,6632,44.899,9.97,9.91,0.0100,544,1
P-1x,6633,44.910,10.86,10.89,0.0109,35364,1
P-1x,6634,44.920,10.29,10.30,0.0103,544,1
P-1x,6635,44.931,10.50,10.49,0.0105,35364,1
P-1x,6636,44.941,10.19,10.10,0.0102,544,1
P-1x,6637,44.952,10.73,10.80,0.0107,35732,1
P-1x,6638,44.962,10.58,10.53,0.0106,32688,1
P-1x,6639,44.972,9.34,9.37,0.0093,544,1
P-1x,6640,44.981,9.48,9.48,0.0095,32636,1
P-1x,6641,44.990,9.48,9.49,0.0095,544,1
P-1x,6642,45.000,9.61,9.61,0.0096,544,1
P-1x,6643,45.010,10.02,9.99,0.0100,32636,1
P-1x,6644,45.020,10.08,10.09,0.0101,544,1
P-1x,6645,45.030,9.54,9.50,0.0095,32636,1
P-1x,6646,45.040,9.58,9.59,0.0096,544,1
P-1x,6647,45.049,10.29,10.30,0.0103,32636,1
P-1x,6648,45.060,9.79,9.80,0.0098,544,1
P-1x,6649,45.070,10.51,10.52,0.0105,32636,1
P-1x,6650,45.079,8.97,8.97,0.0090,544,1
P-1x,6651,45.089,10.14,10.12,0.0101,32636,1
P-1x,6652,45.099,9.58,9.59,0.0096,544,1
P-1x,6653,45.108,9.71,9.71,0.0097,32828,1
P-1x,6654,45.118,9.16,9.18,0.0092,544,1
P-1x,6655,45.127,10.01,10.00,0.0100,31272,1
P-1x,6656,45.137,9.58,9.53,0.0096,544,1
P-1x,6657,45.147,9.68,9.67,0.0097,31272,1
P-1x,6658,45.157,9.72,9.71,0.0097,544,1
P-1x,6659,45.166,9.74,9.79,0.0097,31324,1
P-1x,6660,45.175,9.08,9.09,0.0091,544,1
P-1x,6661,45.185,9.81,9.80,0.0098,31272,1
P-1x,6662,45.195,10.01,10.00,0.0100,544,1
P-1x,6663,45.204,9.49,9.49,0.0095,31672,1
P-1x,6664,45.214,8.99,9.01,0.0090,544,1
P-1x,6665,45.223,9.80,9.80,0.0098,28544,1
P-1x,6666,45.232,8.02,8.00,0.0080,3112,1
P-1x,6667,45.239,7.56,7.51,0.0076,20312,1
P-1x,6668,45.246,7.66,7.69,0.0077,544,1
P-1x,6669,45.254,7.47,7.49,0.0075,544,1
P-1x,6670,45.261,7.59,7.59,0.0076,18756,1
P-1x,6671,45.269,7.06,7.02,0.0071,544,1
P-1x,6672,45.276,6.86,6.89,0.0069,544,1
P-1x,6673,45.283,7.57,7.60,0.0076,18756,1
P-1x,6674,45.290,7.13,7.10,0.0071,544,1
P-1x,6675,45.298,7.41,7.32,0.0074,544,1
P-1x,6676,45.305,7.48,7.57,0.0075,18756,1
P-1x,6677,45.313,7.70,7.70,0.0077,544,1
P-1x,6678,45.320,7.68,7.69,0.0077,18756,1
P-1x,6679,45.327,7.10,7.09,0.0071,544,1
P-1x,6680,45.335,7.39,7.40,0.0074,544,1
P-1x,6681,45.343,7.81,7.80,0.0078,18756,1
P-1x,6682,45.350,7.30,7.30,0.0073,544,1
P-1x,6683,45.358,7.24,7.20,0.0072,544,1
P-1x,6684,45.365,7.78,7.78,0.0078,18808,1
P-1x,6685,45.372,6.86,6.90,0.0069,544,1
P-1x,6686,45.379,7.42,7.32,0.0074,18756,1
P-1x,6687,45.387,7.81,7.88,0.0078,752,1
P-1x,6688,45.395,7.18,7.19,0.0072,544,1
P-1x,6689,45.401,7.21,7.21,0.0072,17392,1
P-1x,6690,45.408,6.97,6.99,0.0070,544,1
P-1x,6691,45.416,6.86,6.81,0.0069,544,1
P-1x,6692,45.423,7.62,7.60,0.0076,17392,1
P-1x,6693,45.430,6.73,6.79,0.0067,544,1
P-1x,6694,45.437,7.10,7.09,0.0071,544,1
P-1x,6695,45.444,7.41,7.40,0.0074,17392,1
P-1x,6696,45.453,8.33,8.31,0.0083,1708,1
P-1x,6697,45.460,7.88,7.89,0.0079,17392,1
P-1x,6698,45.467,6.97,7.00,0.0070,544,1
P-1x,6699,45.475,7.30,7.30,0.0073,544,1
P-1x,6700,45.482,7.41,7.39,0.0074,17392,1
P-1x,6701,45.492,9.50,9.50,0.0095,1280,1
P-1x,6702,45.499,7.44,7.41,0.0074,20120,1
P-1x,6703,45.507,7.57,7.57,0.0076,544,1
P-1x,6704,45.514,7.19,7.21,0.0072,544,1
P-1x,6705,45.521,7.70,7.70,0.0077,20120,1
P-1x,6706,45.528,6.58,6.58,0.0066,3184,1
P-1x,6707,45.534,5.20,5.20,0.0052,544,1
P-1x,6708,45.539,5.70,5.71,0.0057,11696,1
P-1x,6709,45.545,5.71,5.69,0.0057,544,1
P-1x,6710,45.550,5.34,5.32,0.0053,544,1
P-1x,6711,45.556,5.37,5.39,0.0054,544,1
P-1x,6712,45.561,6.02,5.99,0.0060,11696,1
P-1x,6713,45.566,5.07,5.09,0.0051,596,1
P-1x,6714,45.572,5.39,5.40,0.0054,544,1
P-1x,6715,45.578,5.80,5.80,0.0058,11696,1
P-1x,6716,45.582,4.79,4.80,0.0048,544,1
P-1x,6717,45.588,5.22,5.20,0.0052,544,1
P-1x,6718,45.594,6.35,6.31,0.0063,624,1
P-1x,6719,45.600,5.86,5.88,0.0059,11696,1
P-1x,6720,45.605,5.53,5.51,0.0055,544,1
P-1x,6721,45.612,5.86,5.90,0.0059,544,1
P-1x,6722,45.617,5.67,5.61,0.0057,11696,1
P-1x,6723,45.623,5.60,5.68,0.0056,544,1
P-1x,6724,45.628,5.29,5.29,0.0053,544,1
P-1x,6725,45.635,6.47,6.42,0.0065,912,1
P-1x,6726,45.640,5.88,5.89,0.0059,13060,1
P-1x,6727,45.646,5.38,5.39,0.0054,544,1
P-1x,6728,45.651,5.52,5.50,0.0055,544,1
P-1x,6729,45.657,5.82,5.80,0.0058,13060,1
P-1x,6730,45.662,5.17,5.19,0.0052,544,1
P-1x,6731,45.667,5.30,5.29,0.0053,544,1
P-1x,6732,45.674,5.68,5.69,0.0057,624,1
P-1x,6733,45.680,7.24,7.21,0.0072,14112,1
P-1x,6734,45.686,5.79,5.80,0.0058,544,1
P-1x,6735,45.693,6.11,6.10,0.0061,544,1
P-1x,6736,45.698,6.10,6.10,0.0061,13060,1
P-1x,6737,45.704,6.11,6.10,0.0061,544,1
P-1x,6738,45.710,5.56,5.59,0.0056,544,1
P-1x,6739,45.717,6.72,6.71,0.0067,624,1
P-1x,6740,45.724,7.03,7.00,0.0070,13060,1
P-1x,6741,45.729,5.38,5.40,0.0054,544,1
P-1x,6742,45.736,6.09,6.09,0.0061,544,1
P-1x,6743,45.741,6.20,6.20,0.0062,13060,1
P-1x,6744,45.747,5.48,5.49,0.0055,544,1
P-1x,6745,45.753,6.32,6.30,0.0063,624,1
P-1x,6746,45.759,5.74,5.71,0.0057,13060,1
P-1x,6747,45.765,5.78,5.72,0.0058,544,1
P-1x,6748,45.770,5.06,5.15,0.0051,596,1
P-1x,6749,45.776,5.32,5.31,0.0053,544,0
