run,frame,time,realMs,mainMs,gameDt,gcBytes,enemies
S1-1x,0,0.000,36.65,37.01,0.0366,1030240,10
S1-1x,1,0.014,14.24,14.29,0.0142,97242,13
S1-1x,2,0.021,7.03,7.09,0.0070,11840,15
S1-1x,3,0.028,6.43,6.41,0.0064,11680,15
S1-1x,4,0.034,6.73,6.73,0.0067,11760,16
S1-1x,5,0.041,6.50,6.48,0.0065,16176,17
S1-1x,6,0.048,6.77,6.78,0.0068,11680,17
S1-1x,7,0.056,8.09,8.10,0.0081,18360,18
S1-1x,8,0.062,6.48,6.49,0.0065,11760,19
S1-1x,9,0.069,6.53,6.50,0.0065,11680,19
S1-1x,10,0.075,6.27,6.30,0.0063,11760,20
S1-1x,11,0.081,6.22,6.20,0.0062,11760,21
S1-1x,12,0.087,5.97,5.99,0.0060,11680,21
S1-1x,13,0.093,6.21,6.21,0.0062,11760,22
S1-1x,14,0.101,8.00,8.00,0.0080,19274,23
S1-1x,15,0.108,6.69,6.69,0.0067,12272,23
S1-1x,16,0.114,6.30,6.29,0.0063,11760,24
S1-1x,17,0.121,6.20,6.21,0.0062,11824,25
S1-1x,18,0.127,5.90,5.90,0.0059,11680,25
S1-1x,19,0.133,6.00,5.99,0.0060,11760,26
S1-1x,20,0.138,5.90,5.90,0.0059,11680,26
S1-1x,21,0.145,6.51,6.49,0.0065,11760,27
S1-1x,22,0.152,6.72,6.71,0.0067,11760,28
S1-1x,23,0.160,7.89,7.89,0.0079,11680,28
S1-1x,24,0.166,6.49,6.49,0.0065,11760,29
S1-1x,25,0.173,6.49,6.50,0.0065,16580,30
S1-1x,26,0.179,6.40,6.40,0.0064,11680,30
S1-1x,27,0.187,7.71,7.71,0.0077,20044,31
S1-1x,28,0.197,10.79,10.79,0.0108,14600,32
S1-1x,29,0.204,6.50,6.50,0.0065,20600,33
S1-1x,30,0.210,6.42,6.40,0.0064,12000,34
S1-1x,31,0.217,6.71,6.70,0.0067,12164,34
S1-1x,32,0.224,6.52,6.50,0.0065,12000,35
S1-1x,33,0.230,6.78,6.79,0.0068,12000,36
S1-1x,34,0.237,6.50,6.50,0.0065,12180,36
S1-1x,35,0.244,6.80,6.81,0.0068,12000,37
S1-1x,36,0.250,6.80,6.79,0.0068,27496,38
S1-1x,37,0.257,6.38,6.39,0.0064,11920,38
S1-1x,38,0.264,7.03,7.02,0.0070,12000,39
S1-1x,39,0.270,6.60,6.59,0.0066,13596,40
S1-1x,40,0.277,6.90,6.89,0.0069,12208,40
S1-1x,41,0.284,7.10,7.10,0.0071,12000,41
S1-1x,42,0.292,7.19,7.21,0.0072,12000,42
S1-1x,43,0.299,6.90,6.89,0.0069,11920,42
S1-1x,44,0.306,7.12,7.10,0.0071,12000,43
S1-1x,45,0.312,6.79,6.79,0.0068,12000,44
S1-1x,46,0.319,6.78,6.79,0.0068,11920,44
S1-1x,47,0.327,7.61,7.60,0.0076,12000,45
S1-1x,48,0.334,7.47,7.42,0.0075,12000,46
S1-1x,49,0.342,7.24,7.27,0.0072,12000,47
S1-1x,50,0.349,7.02,7.01,0.0070,11920,47
S1-1x,51,0.356,7.11,7.09,0.0071,12000,48
S1-1x,52,0.363,7.08,7.09,0.0071,12544,49
S1-1x,53,0.370,7.31,7.31,0.0073,13020,49
S1-1x,54,0.377,7.30,7.32,0.0073,12052,50
S1-1x,55,0.385,7.22,7.18,0.0072,12000,51
S1-1x,56,0.392,7.27,7.29,0.0073,12000,52
S1-1x,57,0.399,7.23,7.21,0.0072,11920,52
S1-1x,58,0.407,7.49,7.50,0.0075,12000,53
S1-1x,59,0.414,7.28,7.28,0.0073,12000,54
S1-1x,60,0.421,6.89,6.90,0.0069,12000,55
S1-1x,61,0.428,7.12,7.10,0.0071,11920,55
S1-1x,62,0.435,7.41,7.41,0.0074,12000,56
S1-1x,63,0.443,7.39,7.40,0.0074,12000,57
S1-1x,64,0.450,7.69,7.61,0.0077,13012,57
S1-1x,65,0.458,7.30,7.37,0.0073,12000,58
S1-1x,66,0.465,7.11,7.03,0.0071,12000,59
S1-1x,67,0.472,7.09,7.16,0.0071,12000,60
S1-1x,68,0.479,6.83,6.81,0.0068,11920,60
S1-1x,69,0.486,7.11,7.09,0.0071,12000,61
S1-1x,70,0.493,7.17,7.20,0.0072,12000,62
S1-1x,71,0.500,7.03,7.00,0.0070,11920,62
S1-1x,72,0.507,6.97,6.98,0.0070,12000,63
S1-1x,73,0.514,7.42,7.41,0.0074,13329,64
S1-1x,74,0.522,7.28,7.30,0.0073,30564,65
S1-1x,75,0.529,7.00,6.99,0.0070,11920,65
S1-1x,76,0.536,7.24,7.21,0.0072,12000,66
S1-1x,77,0.543,7.57,7.60,0.0076,12000,67
S1-1x,78,0.551,7.41,7.40,0.0074,12000,68
S1-1x,79,0.558,6.89,6.91,0.0069,11920,68
S1-1x,80,0.565,7.01,7.00,0.0070,12000,69
S1-1x,81,0.572,7.22,7.21,0.0072,14556,70
S1-1x,82,0.579,6.98,6.98,0.0070,11972,70
S1-1x,83,0.586,7.45,7.40,0.0074,12000,71
S1-1x,84,0.594,7.75,7.80,0.0078,12000,72
S1-1x,85,0.602,7.60,7.60,0.0076,12000,73
S1-1x,86,0.608,6.58,6.59,0.0066,11920,73
S1-1x,87,0.616,7.20,7.21,0.0072,12000,74
S1-1x,88,0.622,6.47,6.48,0.0065,12064,75
S1-1x,89,0.628,6.23,6.20,0.0062,14000,75
S1-1x,90,0.635,6.62,6.61,0.0066,12000,76
S1-1x,91,0.642,6.90,6.89,0.0069,12040,77
S1-1x,92,0.649,7.01,7.00,0.0070,11920,77
S1-1x,93,0.656,7.69,7.70,0.0077,15976,78
S1-1x,94,0.663,6.98,6.99,0.0070,12000,79
S1-1x,95,0.670,6.67,6.68,0.0067,12000,80
S1-1x,96,0.677,6.42,6.40,0.0064,11920,80
S1-1x,97,0.683,6.60,6.60,0.0066,12000,81
S1-1x,98,0.689,6.31,6.30,0.0063,11920,81
S1-1x,99,0.697,7.05,7.00,0.0070,12080,82
S1-1x,100,0.704,7.17,7.19,0.0072,12000,83
S1-1x,101,0.710,6.78,6.79,0.0068,12000,84
S1-1x,102,0.717,6.55,6.51,0.0065,11920,84
S1-1x,103,0.724,6.65,6.69,0.0066,12160,85
S1-1x,104,0.730,6.52,6.50,0.0065,12000,86
S1-1x,105,0.737,6.39,6.39,0.0064,11920,86
S1-1x,106,0.743,6.81,6.80,0.0068,12000,87
S1-1x,107,0.751,7.23,7.20,0.0072,12000,88
S1-1x,108,0.757,6.45,6.49,0.0064,11920,88
S1-1x,109,0.764,6.84,6.81,0.0068,12000,89
S1-1x,110,0.771,6.77,6.79,0.0068,45480,90
S1-1x,111,0.777,6.40,6.40,0.0064,12120,90
S1-1x,112,0.784,7.10,7.09,0.0071,12060,91
S1-1x,113,0.792,7.51,7.51,0.0075,13152,92
S1-1x,114,0.798,6.60,6.60,0.0066,12164,92
S1-1x,115,0.806,7.52,7.51,0.0075,12844,93
S1-1x,116,0.813,7.08,7.10,0.0071,12000,94
S1-1x,117,0.820,6.68,6.68,0.0067,11920,94
S1-1x,118,0.826,6.70,6.70,0.0067,12000,95
S1-1x,119,0.833,6.91,6.90,0.0069,12000,96
S1-1x,120,0.840,6.70,6.70,0.0067,14000,96
S1-1x,121,0.847,7.43,7.41,0.0074,13056,97
S1-1x,122,0.854,7.07,7.08,0.0071,12000,98
S1-1x,123,0.861,6.94,6.91,0.0069,12080,99
S1-1x,124,0.869,7.57,7.57,0.0076,11920,99
S1-1x,125,0.876,6.79,6.82,0.0068,12096,100
S1-1x,126,0.882,6.63,6.60,0.0066,12260,101
S1-1x,127,0.889,6.70,6.71,0.0067,11920,101
S1-1x,128,0.896,6.88,6.88,0.0069,12000,102
S1-1x,129,0.903,7.11,7.10,0.0071,12320,103
S1-1x,130,0.910,6.70,6.70,0.0067,11920,103
S1-1x,131,0.916,6.71,6.70,0.0067,12000,104
S1-1x,132,0.923,6.78,6.80,0.0068,12000,105
S1-1x,133,0.930,6.73,6.70,0.0067,12460,105
S1-1x,134,0.937,7.09,7.10,0.0071,12288,106
S1-1x,135,0.944,7.32,7.31,0.0073,12000,107
S1-1x,136,0.952,7.58,7.60,0.0076,12000,108
S1-1x,137,0.961,8.91,8.89,0.0089,11920,108
S1-1x,138,0.969,8.09,8.09,0.0081,12764,108
S1-1x,139,0.976,7.19,7.21,0.0072,12000,109
S1-1x,140,0.983,7.01,7.00,0.0070,12000,110
S1-1x,141,0.990,6.69,6.69,0.0067,12516,110
S1-1x,142,0.997,7.02,7.01,0.0070,12000,111
S1-1x,143,1.004,6.88,6.89,0.0069,13100,112
S1-1x,144,1.011,6.91,6.90,0.0069,12000,113
S1-1x,145,1.017,6.58,6.60,0.0066,11920,113
S1-1x,146,1.024,6.83,6.80,0.0068,12000,114
S1-1x,147,1.031,6.68,6.69,0.0067,12000,115
S1-1x,148,1.039,7.90,7.90,0.0079,11920,115
S1-1x,149,1.046,7.14,7.11,0.0071,12000,116
S1-1x,150,1.053,7.57,7.58,0.0076,12000,117
S1-1x,151,1.061,7.41,7.40,0.0074,11920,117
S1-1x,152,1.068,7.08,7.10,0.0071,12000,118
S1-1x,153,1.075,6.98,6.98,0.0070,12000,119
S1-1x,154,1.082,6.92,6.92,0.0069,12000,120
S1-1x,155,1.089,7.30,7.30,0.0073,12764,120
S1-1x,156,1.096,7.10,7.11,0.0071,12000,121
S1-1x,157,1.104,7.70,7.70,0.0077,17580,122
S1-1x,158,1.110,6.69,6.68,0.0067,12000,123
S1-1x,159,1.117,6.80,6.81,0.0068,11920,123
S1-1x,160,1.124,6.87,6.89,0.0069,12000,124
S1-1x,161,1.131,6.84,6.80,0.0068,12000,125
S1-1x,162,1.138,6.69,6.70,0.0067,12976,125
S1-1x,163,1.145,7.31,7.31,0.0073,12000,126
S1-1x,164,1.153,7.90,7.89,0.0079,12160,127
S1-1x,165,1.161,8.31,8.30,0.0083,11920,127
S1-1x,166,1.169,7.80,7.81,0.0078,12000,128
S1-1x,167,1.177,8.02,8.00,0.0080,45088,129
S1-1x,168,1.185,8.34,8.31,0.0083,12000,130
S1-1x,169,1.193,7.53,7.60,0.0075,14608,131
S1-1x,170,1.200,6.92,6.89,0.0069,11920,131
S1-1x,171,1.208,7.80,7.80,0.0078,12000,132
S1-1x,172,1.216,8.37,8.38,0.0084,18056,133
S1-1x,173,1.223,7.40,7.41,0.0074,12000,134
S1-1x,174,1.231,7.21,7.20,0.0072,12000,135
S1-1x,175,1.237,6.79,6.79,0.0068,11920,135
S1-1x,176,1.245,7.81,7.80,0.0078,12804,136
S1-1x,177,1.253,7.94,7.90,0.0079,12000,137
S1-1x,178,1.260,7.26,7.29,0.0073,11920,137
S1-1x,179,1.267,7.09,7.09,0.0071,12000,138
S1-1x,180,1.275,7.20,7.20,0.0072,12000,139
S1-1x,181,1.282,6.99,6.99,0.0070,12000,140
S1-1x,182,1.289,7.64,7.60,0.0076,11920,140
S1-1x,183,1.297,7.79,7.80,0.0078,12000,141
S1-1x,184,1.305,7.68,7.69,0.0077,12000,142
S1-1x,185,1.312,7.54,7.51,0.0075,12000,143
S1-1x,186,1.319,6.93,6.97,0.0069,11920,143
S1-1x,187,1.328,8.76,8.72,0.0088,12000,144
S1-1x,188,1.336,7.68,7.69,0.0077,16128,145
S1-1x,189,1.343,6.99,7.00,0.0070,12000,146
S1-1x,190,1.349,6.58,6.59,0.0066,11920,146
S1-1x,191,1.356,7.00,6.99,0.0070,12064,147
S1-1x,192,1.364,7.42,7.41,0.0074,12000,148
S1-1x,193,1.371,7.19,7.20,0.0072,12000,149
S1-1x,194,1.378,7.42,7.40,0.0074,11920,149
S1-1x,195,1.385,7.09,7.10,0.0071,12000,150
S1-1x,196,1.393,7.53,7.51,0.0075,12052,151
S1-1x,197,1.400,7.36,7.39,0.0074,11920,151
S1-1x,198,1.408,7.64,7.60,0.0076,12284,152
S1-1x,199,1.416,8.07,8.09,0.0081,11960,153
S1-1x,200,1.424,7.82,7.81,0.0078,12064,154
S1-1x,201,1.432,7.88,7.89,0.0079,12804,155
S1-1x,202,1.439,7.50,7.50,0.0075,17236,155
S1-1x,203,1.447,7.52,7.49,0.0075,12160,156
S1-1x,204,1.454,7.59,7.60,0.0076,12160,157
S1-1x,205,1.462,8.02,8.01,0.0080,12160,158
S1-1x,206,1.469,7.17,7.19,0.0072,14320,158
S1-1x,207,1.477,7.20,7.20,0.0072,12296,159
S1-1x,208,1.484,7.22,7.21,0.0072,12160,160
S1-1x,209,1.491,7.20,7.20,0.0072,16288,161
S1-1x,210,1.498,7.30,7.29,0.0073,14700,161
S1-1x,211,1.506,7.61,7.60,0.0076,12448,162
S1-1x,212,1.513,7.39,7.40,0.0074,12320,163
S1-1x,213,1.521,7.67,7.69,0.0077,12208,164
S1-1x,214,1.528,6.91,6.90,0.0069,12080,164
S1-1x,215,1.535,7.42,7.40,0.0074,12160,165
S1-1x,216,1.544,8.22,8.21,0.0082,12160,166
S1-1x,217,1.551,7.17,7.19,0.0072,13804,167
S1-1x,218,1.558,6.91,6.90,0.0069,12368,167
S1-1x,219,1.566,7.91,7.89,0.0079,12964,168
S1-1x,220,1.573,7.69,7.70,0.0077,12160,169
S1-1x,221,1.581,7.62,7.60,0.0076,12080,169
S1-1x,222,1.588,7.60,7.59,0.0076,12160,170
S1-1x,223,1.596,7.48,7.50,0.0075,12212,171
S1-1x,224,1.603,7.31,7.29,0.0073,12160,172
S1-1x,225,1.611,7.82,7.81,0.0078,12080,172
S1-1x,226,1.619,7.78,7.77,0.0078,12160,173
S1-1x,227,1.627,7.91,7.93,0.0079,12160,174
S1-1x,228,1.634,7.38,7.40,0.0074,12160,175
S1-1x,229,1.641,7.18,7.19,0.0072,12160,176
S1-1x,230,1.649,7.22,7.20,0.0072,13136,176
S1-1x,231,1.657,7.95,7.91,0.0080,12704,177
S1-1x,232,1.665,8.07,8.09,0.0081,12160,178
S1-1x,233,1.672,7.49,7.50,0.0075,12160,179
S1-1x,234,1.679,7.29,7.30,0.0073,12080,179
S1-1x,235,1.687,7.39,7.40,0.0074,12160,180
S1-1x,236,1.694,7.50,7.50,0.0075,12160,181
S1-1x,237,1.702,7.82,7.80,0.0078,15304,182
S1-1x,238,1.710,7.71,7.70,0.0077,17740,182
S1-1x,239,1.717,7.58,7.60,0.0076,12160,183
S1-1x,240,1.725,7.63,7.61,0.0076,12160,184
S1-1x,241,1.732,7.36,7.39,0.0074,12160,185
S1-1x,242,1.740,7.21,7.20,0.0072,12080,185
S1-1x,243,1.747,7.60,7.59,0.0076,12160,186
S1-1x,244,1.755,7.79,7.81,0.0078,12160,187
S1-1x,245,1.762,7.50,7.50,0.0075,12160,188
S1-1x,246,1.770,7.30,7.30,0.0073,12080,188
S1-1x,247,1.777,7.59,7.59,0.0076,12160,189
S1-1x,248,1.785,8.02,8.00,0.0080,12160,190
S1-1x,249,1.794,8.53,8.50,0.0085,13529,191
S1-1x,250,1.802,7.65,7.70,0.0077,12212,192
S1-1x,251,1.809,7.74,7.70,0.0077,12080,192
S1-1x,252,1.817,7.38,7.40,0.0074,12160,193
S1-1x,253,1.824,7.30,7.29,0.0073,12160,194
S1-1x,254,1.831,7.38,7.39,0.0074,12160,195
S1-1x,255,1.839,8.02,8.00,0.0080,15252,195
S1-1x,256,1.847,7.52,7.50,0.0075,12120,196
S1-1x,257,1.854,7.38,7.40,0.0074,12160,197
S1-1x,258,1.862,7.59,7.59,0.0076,84952,198
S1-1x,259,1.869,7.50,7.49,0.0075,12080,198
S1-1x,260,1.877,7.40,7.41,0.0074,12404,199
S1-1x,261,1.884,7.51,7.50,0.0075,12120,200
S1-1x,262,1.892,7.93,7.90,0.0079,12224,201
S1-1x,263,1.900,7.68,7.69,0.0077,12080,201
S1-1x,264,1.908,8.02,8.00,0.0080,12160,202
S1-1x,265,1.915,7.62,7.61,0.0076,12160,203
S1-1x,266,1.923,7.66,7.68,0.0077,12160,204
S1-1x,267,1.931,7.41,7.41,0.0074,12080,204
S1-1x,268,1.938,7.20,7.19,0.0072,12160,205
S1-1x,269,1.945,7.29,7.29,0.0073,12160,206
S1-1x,270,1.953,8.14,8.11,0.0081,12160,207
S1-1x,271,1.962,8.91,8.90,0.0089,12884,207
S1-1x,272,1.971,8.98,8.78,0.0090,12160,208
S1-1x,273,1.979,8.15,8.32,0.0081,12420,209
S1-1x,274,1.988,8.34,8.37,0.0083,12160,210
S1-1x,275,1.997,9.37,9.32,0.0094,12964,211
S1-1x,276,2.006,9.15,9.19,0.0092,14292,212
S1-1x,277,2.015,8.65,8.60,0.0086,13216,213
S1-1x,278,2.023,8.74,8.77,0.0087,12320,214
S1-1x,279,2.032,8.42,8.41,0.0084,12160,215
S1-1x,280,2.040,8.18,8.19,0.0082,12320,215
S1-1x,281,2.048,8.05,8.00,0.0081,12948,216
S1-1x,282,2.057,8.95,8.99,0.0090,12160,217
S1-1x,283,2.066,8.44,8.40,0.0084,12160,218
S1-1x,284,2.075,8.97,8.98,0.0090,12160,219
S1-1x,285,2.083,9.00,8.99,0.0090,14048,220
S1-1x,286,2.092,8.86,8.89,0.0089,12484,221
S1-1x,287,2.101,8.85,8.81,0.0088,17052,221
S1-1x,288,2.110,8.50,8.49,0.0085,12160,222
S1-1x,289,2.119,9.15,9.15,0.0091,12160,223
S1-1x,290,2.129,10.05,10.05,0.0100,13080,224
S1-1x,291,2.138,8.93,8.90,0.0089,12160,225
S1-1x,292,2.146,8.67,8.68,0.0087,12160,226
S1-1x,293,2.155,8.62,8.61,0.0086,12160,227
S1-1x,294,2.164,9.07,9.08,0.0091,14936,228
S1-1x,295,2.173,8.96,8.91,0.0090,12160,229
S1-1x,296,2.181,8.20,8.19,0.0082,24212,229
S1-1x,297,2.190,8.88,8.90,0.0089,12160,230
S1-1x,298,2.199,8.58,8.59,0.0086,12160,231
S1-1x,299,2.208,8.96,8.99,0.0090,12212,232
S1-1x,300,2.217,9.05,9.01,0.0090,12964,233
S1-1x,301,2.226,9.00,9.00,0.0090,20296,234
S1-1x,302,2.235,9.05,9.07,0.0091,12448,235
S1-1x,303,2.244,8.91,8.91,0.0089,12404,236
S1-1x,304,2.253,8.84,8.81,0.0088,12240,237
S1-1x,305,2.262,9.76,9.77,0.0098,12844,236
S1-1x,306,2.272,9.44,9.41,0.0094,12160,237
S1-1x,307,2.281,9.56,9.58,0.0096,12160,238
S1-1x,308,2.291,9.55,9.51,0.0096,12160,239
S1-1x,309,2.300,9.49,9.48,0.0095,12160,240
S1-1x,310,2.310,9.25,9.28,0.0092,12160,241
S1-1x,311,2.319,9.51,9.51,0.0095,12160,242
S1-1x,312,2.329,10.19,10.19,0.0102,15588,243
S1-1x,313,2.339,9.61,9.60,0.0096,12160,244
S1-1x,314,2.349,9.70,9.70,0.0097,12160,245
S1-1x,315,2.358,8.82,8.81,0.0088,12160,246
S1-1x,316,2.367,9.70,9.69,0.0097,12964,247
S1-1x,317,2.378,10.39,10.40,0.0104,13224,248
S1-1x,318,2.389,11.27,11.29,0.0113,15266,249
S1-1x,319,2.399,9.84,9.81,0.0098,12256,250
S1-1x,320,2.408,9.01,8.99,0.0090,13232,251
S1-1x,321,2.417,9.20,9.20,0.0092,12452,252
S1-1x,322,2.427,9.95,9.97,0.0099,13489,253
S1-1x,323,2.437,9.61,9.61,0.0096,12704,254
S1-1x,324,2.446,9.55,9.50,0.0095,13548,255
S1-1x,325,2.456,9.90,9.89,0.0099,12884,255
S1-1x,326,2.466,9.61,9.60,0.0096,6552,256
S1-1x,327,2.474,8.74,8.79,0.0087,66800,257
S1-1x,328,2.483,8.35,8.31,0.0083,944,258
S1-1x,329,2.491,8.51,8.50,0.0085,864,258
S1-1x,330,2.500,8.53,8.57,0.0085,944,259
S1-1x,331,2.508,8.33,8.31,0.0083,944,260
S1-1x,332,2.517,8.80,8.79,0.0088,1748,261
S1-1x,333,2.525,8.46,8.49,0.0085,944,262
S1-1x,334,2.534,8.26,8.22,0.0083,2000,263
S1-1x,335,2.543,9.47,9.48,0.0095,2218,264
S1-1x,336,2.552,9.50,9.50,0.0095,11140,264
S1-1x,337,2.562,9.10,9.09,0.0091,3024,265
S1-1x,338,2.571,9.23,9.20,0.0092,1488,266
S1-1x,339,2.580,9.10,9.11,0.0091,944,267
S1-1x,340,2.589,9.47,9.48,0.0095,1072,268
S1-1x,341,2.599,9.41,9.41,0.0094,944,269
S1-1x,342,2.607,8.69,8.69,0.0087,944,270
S1-1x,343,2.616,8.82,8.81,0.0088,3844,271
S1-1x,344,2.625,8.36,8.39,0.0084,996,272
S1-1x,345,2.633,8.49,8.49,0.0085,5072,273
S1-1x,346,2.643,10.02,10.01,0.0100,12716,273
S1-1x,347,2.652,9.09,9.09,0.0091,944,274
S1-1x,348,2.661,8.93,8.90,0.0089,944,275
S1-1x,349,2.670,9.11,9.12,0.0091,944,276
S1-1x,350,2.679,8.90,8.88,0.0089,944,277
S1-1x,351,2.688,8.66,8.70,0.0087,944,278
S1-1x,352,2.697,9.12,9.10,0.0091,3732,279
S1-1x,353,2.706,8.90,8.89,0.0089,2144,280
S1-1x,354,2.715,9.37,9.39,0.0094,2656,281
S1-1x,355,2.724,8.99,9.00,0.0090,1312,282
S1-1x,356,2.733,9.23,9.20,0.0092,1024,283
S1-1x,357,2.742,8.79,8.80,0.0088,6604,284
S1-1x,358,2.751,8.43,8.41,0.0084,944,284
S1-1x,359,2.759,8.06,8.08,0.0081,1024,285
S1-1x,360,2.767,7.81,7.81,0.0078,1024,286
S1-1x,361,2.774,7.86,7.89,0.0079,1024,287
S1-1x,362,2.782,7.94,7.90,0.0079,1024,288
S1-1x,363,2.791,8.36,8.30,0.0084,10625,288
S1-1x,364,2.802,11.19,11.20,0.0112,8126,288
S1-1x,365,2.812,9.87,9.89,0.0099,2588,289
S1-1x,366,2.823,10.68,10.68,0.0107,19256,290
S1-1x,367,2.832,9.38,9.41,0.0094,1496,291
S1-1x,368,2.841,9.38,9.31,0.0094,1024,292
S1-1x,369,2.852,10.46,10.49,0.0105,1852,293
S1-1x,370,2.861,9.41,9.40,0.0094,1024,294
S1-1x,371,2.872,11.06,11.08,0.0111,5768,295
S1-1x,372,2.882,9.82,9.80,0.0098,1024,296
S1-1x,373,2.892,9.64,9.60,0.0096,1024,297
S1-1x,374,2.901,9.56,9.59,0.0096,1024,298
S1-1x,375,2.911,10.20,10.19,0.0102,2884,299
S1-1x,376,2.921,9.55,9.59,0.0096,1284,300
S1-1x,377,2.931,9.71,9.71,0.0097,3044,301
S1-1x,378,2.940,8.95,8.90,0.0089,3648,302
S1-1x,379,2.949,9.29,9.29,0.0093,4008,303
S1-1x,380,2.960,10.91,10.91,0.0109,11198,303
S1-1x,381,2.970,10.58,10.59,0.0106,1760,304
S1-1x,382,2.980,9.31,9.30,0.0093,3564,305
S1-1x,383,2.989,9.49,9.49,0.0095,3580,306
S1-1x,384,2.999,9.93,9.90,0.0099,1024,307
S1-1x,385,3.009,9.60,9.59,0.0096,1064,308
S1-1x,386,3.018,9.28,9.28,0.0093,1024,309
S1-1x,387,3.028,10.20,10.20,0.0102,2521,310
S1-1x,388,3.037,9.16,9.11,0.0092,1076,311
S1-1x,389,3.046,9.03,9.08,0.0090,2668,312
S1-1x,390,3.055,9.02,8.99,0.0090,1024,313
S1-1x,391,3.066,10.68,10.70,0.0107,6355,314
S1-1x,392,3.075,9.30,9.31,0.0093,1024,315
S1-1x,393,3.084,9.12,9.10,0.0091,1024,316
S1-1x,394,3.095,10.13,10.10,0.0101,1024,317
S1-1x,395,3.105,10.43,10.43,0.0104,3580,318
S1-1x,396,3.115,9.98,9.97,0.0100,984,319
S1-1x,397,3.125,10.39,10.40,0.0104,3104,320
S1-1x,398,3.135,9.68,9.68,0.0097,3184,321
S1-1x,399,3.145,9.92,9.90,0.0099,1024,322
S1-1x,400,3.155,9.49,9.49,0.0095,1024,323
S1-1x,401,3.164,9.40,9.39,0.0094,1024,324
S1-1x,402,3.175,11.02,10.99,0.0110,7012,325
S1-1x,403,3.186,11.01,11.01,0.0110,7408,326
S1-1x,404,3.197,10.58,10.58,0.0106,1024,327
S1-1x,405,3.207,10.30,10.29,0.0103,3580,328
S1-1x,406,3.217,10.60,10.61,0.0106,1064,329
S1-1x,407,3.227,9.22,9.19,0.0092,1024,330
S1-1x,408,3.239,11.89,11.88,0.0119,14696,331
S1-1x,409,3.249,10.40,10.40,0.0104,1172,332
S1-1x,410,3.259,9.67,9.69,0.0097,3104,333
S1-1x,411,3.270,11.59,11.59,0.0116,5608,334
S1-1x,412,3.280,9.94,9.92,0.0099,6272,335
S1-1x,413,3.290,9.68,9.69,0.0097,1064,336
S1-1x,414,3.301,11.28,11.29,0.0113,8872,337
S1-1x,415,3.312,10.54,10.51,0.0105,2172,338
S1-1x,416,3.322,10.48,10.49,0.0105,1024,339
S1-1x,417,3.333,10.91,10.90,0.0109,13236,340
S1-1x,418,3.343,9.79,9.79,0.0098,3232,341
S1-1x,419,3.353,9.71,9.70,0.0097,1024,342
S1-1x,420,3.363,9.98,9.99,0.0100,1024,343
S1-1x,421,3.373,10.64,10.61,0.0106,12184,344
S1-1x,422,3.383,9.56,9.57,0.0096,1024,345
S1-1x,423,3.392,9.70,9.70,0.0097,1024,346
S1-1x,424,3.403,10.41,10.40,0.0104,2597,347
S1-1x,425,3.413,9.80,9.80,0.0098,1152,348
S1-1x,426,3.423,10.16,10.18,0.0102,9248,349
S1-1x,427,3.432,9.60,9.60,0.0096,1024,350
S1-1x,428,3.444,11.54,11.50,0.0115,6937,351
S1-1x,429,3.456,11.59,11.60,0.0116,4364,353
S1-1x,430,3.467,11.29,11.29,0.0113,8584,353
S1-1x,431,3.478,11.21,11.20,0.0112,2441,354
S1-1x,432,3.489,11.41,11.39,0.0114,3660,355
S1-1x,433,3.500,10.42,10.40,0.0104,6764,356
S1-1x,434,3.510,10.47,10.49,0.0105,2044,357
S1-1x,435,3.521,10.91,10.90,0.0109,4042,358
S1-1x,436,3.534,12.28,12.28,0.0123,8160,359
S1-1x,437,3.545,11.50,11.50,0.0115,1908,361
S1-1x,438,3.556,11.06,10.99,0.0111,5152,362
S1-1x,439,3.567,10.85,10.88,0.0109,3104,363
S1-1x,440,3.578,10.66,10.69,0.0107,1024,364
S1-1x,441,3.588,10.74,10.70,0.0107,1024,365
S1-1x,442,3.599,10.99,11.00,0.0110,2668,366
S1-1x,443,3.610,10.29,10.28,0.0103,7220,367
S1-1x,444,3.620,10.68,10.69,0.0107,1024,368
S1-1x,445,3.631,10.33,10.31,0.0103,1024,369
S1-1x,446,3.643,12.30,12.30,0.0123,7311,369
S1-1x,447,3.654,10.58,10.58,0.0106,1024,370
S1-1x,448,3.665,11.34,11.29,0.0113,1156,372
S1-1x,449,3.676,11.13,11.20,0.0111,2353,373
S1-1x,450,3.688,11.81,11.80,0.0118,3400,374
S1-1x,451,3.699,11.11,11.09,0.0111,2393,375
S1-1x,452,3.711,12.60,12.59,0.0126,11370,376
S1-1x,453,3.723,11.51,11.50,0.0115,3012,377
S1-1x,454,3.734,11.01,11.00,0.0110,2112,378
S1-1x,455,3.745,10.67,10.68,0.0107,3660,380
S1-1x,456,3.755,10.05,10.02,0.0101,1024,381
S1-1x,457,3.765,10.19,10.18,0.0102,1024,382
S1-1x,458,3.775,10.29,10.29,0.0103,1024,383
S1-1x,459,3.785,10.01,10.01,0.0100,1024,384
S1-1x,460,3.797,11.69,11.69,0.0117,6312,385
S1-1x,461,3.809,12.22,12.20,0.0122,7012,386
S1-1x,462,3.820,10.79,10.80,0.0108,1024,387
S1-1x,463,3.831,10.61,10.59,0.0106,1024,388
S1-1x,464,3.842,11.17,11.20,0.0112,14792,389
S1-1x,465,3.852,10.77,10.78,0.0108,1024,390
S1-1x,466,3.863,10.38,10.32,0.0104,1024,391
S1-1x,467,3.874,10.72,10.77,0.0107,1076,392
S1-1x,468,3.884,10.43,10.42,0.0104,1144,394
S1-1x,469,3.896,11.72,11.70,0.0117,8616,395
S1-1x,470,3.907,11.59,11.60,0.0116,1024,396
S1-1x,471,3.919,11.54,11.56,0.0115,1152,397
S1-1x,472,3.929,10.22,10.23,0.0102,1024,398
S1-1x,473,3.940,11.33,11.30,0.0113,4433,399
S1-1x,474,3.952,11.33,11.30,0.0113,15524,400
S1-1x,475,3.963,11.15,11.18,0.0111,5662,401
S1-1x,476,3.976,13.43,13.21,0.0134,26404,399
S1-1x,477,3.988,12.00,12.19,0.0120,6236,401
S1-1x,478,4.001,12.79,12.81,0.0128,3440,402
S1-1x,479,4.014,12.40,12.39,0.0124,6428,403
S1-1x,480,4.025,11.98,12.00,0.0120,1320,405
S1-1x,481,4.038,12.05,12.01,0.0121,7764,406
S1-1x,482,4.050,12.49,12.49,0.0125,2196,407
S1-1x,483,4.062,11.67,11.68,0.0117,1264,408
S1-1x,484,4.074,12.33,12.32,0.0123,6132,408
S1-1x,485,4.087,12.49,12.48,0.0125,2168,409
S1-1x,486,4.098,11.92,11.90,0.0119,1184,410
S1-1x,487,4.110,11.41,11.41,0.0114,1768,411
S1-1x,488,4.123,12.90,12.88,0.0129,9600,410
S1-1x,489,4.135,11.98,11.99,0.0120,6026,408
S1-1x,490,4.146,11.28,11.30,0.0113,1184,410
S1-1x,491,4.157,11.19,11.20,0.0112,1104,411
S1-1x,492,4.169,11.69,11.67,0.0117,1104,412
S1-1x,493,4.181,12.03,12.02,0.0120,1908,413
S1-1x,494,4.193,12.27,12.30,0.0123,11210,413
S1-1x,495,4.207,13.66,13.61,0.0137,22392,405
S1-1x,496,4.219,12.02,12.05,0.0120,1280,407
S1-1x,497,4.231,11.88,11.84,0.0119,1908,406
S1-1x,498,4.242,11.16,11.18,0.0112,1200,407
S1-1x,499,4.254,12.10,12.10,0.0121,7124,403
S1-1x,500,4.266,11.92,11.91,0.0119,1184,405
S1-1x,501,4.277,11.38,11.40,0.0114,1348,406
S1-1x,502,4.292,14.20,14.19,0.0142,11600,394
S1-1x,503,4.304,12.23,12.20,0.0122,1104,395
S1-1x,504,4.316,12.60,12.61,0.0126,1184,397
S1-1x,505,4.328,11.52,11.50,0.0115,1104,398
S1-1x,506,4.340,12.31,12.30,0.0123,1104,399
S1-1x,507,4.352,11.56,11.57,0.0116,1104,400
S1-1x,508,4.363,11.44,11.40,0.0114,1104,401
S1-1x,509,4.376,12.49,12.49,0.0125,1908,401
S1-1x,510,4.387,11.45,11.47,0.0114,1184,403
S1-1x,511,4.399,11.50,11.51,0.0115,1104,404
S1-1x,512,4.410,11.49,11.49,0.0115,1104,405
S1-1x,513,4.422,11.40,11.39,0.0114,1104,406
S1-1x,514,4.433,11.20,11.21,0.0112,1104,407
S1-1x,515,4.444,11.41,11.41,0.0114,1868,406
S1-1x,516,4.455,11.33,11.30,0.0113,3216,408
S1-1x,517,4.467,11.12,11.11,0.0111,1232,409
S1-1x,518,4.478,10.97,10.98,0.0110,1908,410
S1-1x,519,4.488,10.97,10.99,0.0110,1156,411
S1-1x,520,4.499,10.64,10.62,0.0106,1104,412
S1-1x,521,4.509,10.37,10.38,0.0104,1104,413
S1-1x,522,4.520,10.07,10.09,0.0101,1104,414
S1-1x,523,4.531,11.20,11.11,0.0112,1104,415
S1-1x,524,4.542,10.96,11.00,0.0110,1104,416
S1-1x,525,4.552,10.67,10.68,0.0107,1104,417
S1-1x,526,4.563,10.61,10.60,0.0106,1364,418
S1-1x,527,4.574,10.82,10.80,0.0108,5392,419
S1-1x,528,4.585,10.71,10.69,0.0107,1916,421
S1-1x,529,4.596,10.96,10.99,0.0110,2196,422
S1-1x,530,4.606,10.61,10.60,0.0106,2480,423
S1-1x,531,4.616,10.32,10.31,0.0103,1648,424
S1-1x,532,4.626,10.04,10.07,0.0100,3660,425
S1-1x,533,4.638,11.14,11.11,0.0111,1828,425
S1-1x,534,4.648,10.79,10.80,0.0108,1104,426
S1-1x,535,4.661,12.30,12.31,0.0123,14040,416
S1-1x,536,4.672,11.28,11.28,0.0113,1908,417
S1-1x,537,4.683,10.69,10.68,0.0107,1104,418
S1-1x,538,4.693,10.17,10.12,0.0102,1156,419
S1-1x,539,4.705,11.68,11.71,0.0117,1908,418
S1-1x,540,4.715,10.88,10.88,0.0109,1104,420
S1-1x,541,4.726,10.13,10.10,0.0101,1200,421
S1-1x,542,4.736,10.26,10.29,0.0103,1104,422
S1-1x,543,4.746,10.41,10.40,0.0104,1104,423
S1-1x,544,4.757,10.63,10.62,0.0106,1064,423
S1-1x,545,4.767,10.57,10.58,0.0106,1104,424
S1-1x,546,4.778,10.29,10.28,0.0103,2748,425
S1-1x,547,4.788,9.92,9.92,0.0099,1680,426
S1-1x,548,4.797,9.85,9.80,0.0099,1104,427
S1-1x,549,4.808,10.14,10.18,0.0101,1104,428
S1-1x,550,4.818,10.20,10.20,0.0102,1104,429
S1-1x,551,4.830,12.04,12.00,0.0120,10752,429
S1-1x,552,4.841,10.86,10.90,0.0109,2152,430
S1-1x,553,4.851,10.31,10.29,0.0103,3660,431
S1-1x,554,4.861,10.27,10.30,0.0103,104288,432
S1-1x,555,4.872,10.26,10.20,0.0103,1104,433
S1-1x,556,4.882,10.24,10.29,0.0102,1104,434
S1-1x,557,4.892,10.44,10.40,0.0104,1104,435
S1-1x,558,4.903,10.31,10.29,0.0103,1156,436
S1-1x,559,4.913,10.66,10.69,0.0107,1908,437
S1-1x,560,4.924,10.78,10.80,0.0108,1104,438
S1-1x,561,4.935,11.16,11.11,0.0112,1988,440
S1-1x,562,4.947,11.87,11.89,0.0119,1908,435
S1-1x,563,4.958,11.00,11.00,0.0110,1104,436
S1-1x,564,4.969,10.88,10.87,0.0109,1104,437
S1-1x,565,4.980,10.62,10.62,0.0106,1104,438
S1-1x,566,4.990,10.33,10.30,0.0103,1104,439
S1-1x,567,5.000,10.47,10.49,0.0105,1104,440
S1-1x,568,5.011,10.42,10.40,0.0104,1104,441
S1-1x,569,5.021,10.47,10.50,0.0105,1104,442
S1-1x,570,5.032,10.91,10.90,0.0109,1348,443
S1-1x,571,5.042,10.30,10.30,0.0103,1064,444
S1-1x,572,5.052,10.02,10.00,0.0100,1572,445
S1-1x,573,5.063,10.58,10.60,0.0106,2896,446
S1-1x,574,5.074,10.88,10.89,0.0109,1450,441
S1-1x,575,5.084,10.21,10.21,0.0102,1540,443
S1-1x,576,5.094,9.80,9.80,0.0098,1264,444
S1-1x,577,5.104,9.72,9.70,0.0097,1696,445
S1-1x,578,5.113,9.78,9.79,0.0098,1104,446
S1-1x,579,5.123,10.02,10.01,0.0100,9328,447
S1-1x,580,5.133,9.67,9.68,0.0097,3724,448
S1-1x,581,5.142,9.31,9.32,0.0093,2080,448
S1-1x,582,5.152,9.38,9.39,0.0094,1104,449
S1-1x,583,5.161,9.41,9.40,0.0094,1392,450
S1-1x,584,5.170,9.10,9.10,0.0091,1264,451
S1-1x,585,5.180,9.32,9.29,0.0093,1104,452
S1-1x,586,5.191,11.37,11.39,0.0114,3552,450
S1-1x,587,5.203,11.77,11.71,0.0118,2612,451
S1-1x,588,5.214,11.48,11.49,0.0115,1148,452
S1-1x,589,5.225,10.60,10.62,0.0106,2828,454
S1-1x,590,5.235,10.06,10.07,0.0101,1104,455
S1-1x,591,5.245,9.82,9.81,0.0098,1104,456
S1-1x,592,5.255,10.42,10.40,0.0104,2160,457
S1-1x,593,5.265,10.27,10.30,0.0103,4124,458
S1-1x,594,5.276,10.29,10.28,0.0103,1348,459
S1-1x,595,5.287,11.00,11.01,0.0110,3252,459
S1-1x,596,5.297,10.36,10.31,0.0104,26900,460
S1-1x,597,5.309,11.97,11.99,0.0120,6596,460
S1-1x,598,5.320,10.80,10.79,0.0108,3636,461
S1-1x,599,5.330,10.60,10.59,0.0106,1104,462
S1-1x,600,5.341,10.18,10.20,0.0102,1104,463
S1-1x,601,5.351,10.50,10.51,0.0105,13236,464
S1-1x,602,5.363,12.00,12.00,0.0120,15268,463
S1-1x,603,5.375,12.31,12.29,0.0123,1520,464
S1-1x,604,5.386,11.01,10.99,0.0110,1184,466
S1-1x,605,5.397,10.58,10.60,0.0106,1144,467
S1-1x,606,5.408,10.54,10.51,0.0105,1104,468
S1-1x,607,5.418,10.46,10.48,0.0105,1104,469
S1-1x,608,5.429,10.69,10.70,0.0107,1104,470
S1-1x,609,5.442,13.06,13.00,0.0131,1908,451
S1-1x,610,5.452,10.67,10.69,0.0107,1064,452
S1-1x,611,5.463,10.38,10.39,0.0104,1708,452
S1-1x,612,5.473,10.47,10.48,0.0105,1104,453
S1-1x,613,5.484,10.26,10.22,0.0103,1104,454
S1-1x,614,5.495,11.21,11.20,0.0112,1410,455
S1-1x,615,5.505,10.58,10.58,0.0106,1104,456
S1-1x,616,5.516,10.77,10.80,0.0108,1156,457
S1-1x,617,5.526,9.98,9.99,0.0100,1104,458
S1-1x,618,5.537,11.06,11.02,0.0111,1104,459
S1-1x,619,5.549,12.09,12.09,0.0121,1908,456
S1-1x,620,5.561,11.48,11.49,0.0115,1908,457
S1-1x,621,5.573,12.73,12.70,0.0127,1908,456
S1-1x,622,5.585,11.88,11.90,0.0119,1956,456
S1-1x,623,5.596,10.29,10.29,0.0103,944,457
S1-1x,624,5.607,11.11,11.10,0.0111,1908,455
S1-1x,625,5.618,11.28,11.29,0.0113,1788,455
S1-1x,626,5.629,10.90,10.89,0.0109,984,456
S1-1x,627,5.639,10.50,10.51,0.0105,1104,457
S1-1x,628,5.650,11.02,11.01,0.0110,1908,457
S1-1x,629,5.661,10.30,10.29,0.0103,984,458
S1-1x,630,5.672,11.27,11.30,0.0113,1908,457
S1-1x,631,5.829,15.87,15.88,0.0159,15072,459
S1-1x,632,5.842,12.86,12.83,0.0129,1024,461
S1-1x,633,5.853,11.58,11.59,0.0116,1024,462
S1-1x,634,5.865,11.63,11.61,0.0116,1104,463
S1-1x,635,5.878,12.76,12.78,0.0128,6116,458
S1-1x,636,5.889,11.40,11.39,0.0114,944,459
S1-1x,637,5.901,11.48,11.50,0.0115,2844,459
S1-1x,638,5.912,11.39,11.40,0.0114,1788,459
S1-1x,639,5.923,11.10,11.10,0.0111,1104,460
S1-1x,640,5.935,12.03,12.01,0.0120,6036,459
S1-1x,641,5.948,12.50,12.49,0.0125,1064,461
S1-1x,642,5.961,13.10,13.10,0.0131,14292,450
S1-1x,643,5.974,13.57,13.58,0.0136,8088,447
S1-1x,644,5.986,12.06,11.82,0.0121,1876,448
S1-1x,645,5.999,12.27,12.50,0.0123,1184,450
S1-1x,646,6.011,12.18,12.18,0.0122,2786,451
S1-1x,647,6.023,12.25,12.20,0.0122,1290,451
S1-1x,648,6.034,11.27,11.30,0.0113,1156,452
S1-1x,649,6.046,11.28,11.30,0.0113,1104,453
S1-1x,650,6.059,13.53,13.50,0.0135,21652,450
S1-1x,651,6.073,13.82,13.80,0.0138,10044,439
S1-1x,652,6.085,12.01,12.00,0.0120,984,440
S1-1x,653,6.097,11.88,11.88,0.0119,1224,442
S1-1x,654,6.109,11.88,11.89,0.0119,1908,443
S1-1x,655,6.120,11.39,11.41,0.0114,1104,444
S1-1x,656,6.131,11.05,11.00,0.0110,1104,445
S1-1x,657,6.143,11.66,11.68,0.0117,1908,446
S1-1x,658,6.154,11.52,11.51,0.0115,1144,447
S1-1x,659,6.166,11.91,11.90,0.0119,1232,448
S1-1x,660,6.178,11.26,11.29,0.0113,1184,450
S1-1x,661,6.188,10.85,10.81,0.0109,1104,451
S1-1x,662,6.200,11.20,11.19,0.0112,1104,452
S1-1x,663,6.211,11.15,11.17,0.0111,1104,453
S1-1x,664,6.222,11.18,11.20,0.0112,1104,454
S1-1x,665,6.233,10.92,10.90,0.0109,1104,455
S1-1x,666,6.244,10.74,10.72,0.0107,1156,456
S1-1x,667,6.255,11.17,11.18,0.0112,1104,457
S1-1x,668,6.266,11.09,11.09,0.0111,1184,459
S1-1x,669,6.277,10.89,10.91,0.0109,1104,460
S1-1x,670,6.288,11.10,11.09,0.0111,1104,461
S1-1x,671,6.299,10.83,10.81,0.0108,1104,462
S1-1x,672,6.309,10.59,10.59,0.0106,1104,463
S1-1x,673,6.320,10.68,10.70,0.0107,1104,464
S1-1x,674,6.331,11.02,11.00,0.0110,1104,465
S1-1x,675,6.342,10.81,10.80,0.0108,1104,466
S1-1x,676,6.352,10.57,10.59,0.0106,1104,467
S1-1x,677,6.364,11.13,11.11,0.0111,2076,468
S1-1x,678,6.374,10.77,10.79,0.0108,1232,469
S1-1x,679,6.385,10.84,10.81,0.0108,14040,470
S1-1x,680,6.397,11.47,11.48,0.0115,1988,472
S1-1x,681,6.408,11.24,11.21,0.0112,1104,473
S1-1x,682,6.419,11.57,11.58,0.0116,1104,474
S1-1x,683,6.431,11.55,11.51,0.0115,9328,475
S1-1x,684,6.443,11.67,11.69,0.0117,1104,476
S1-1x,685,6.454,11.82,11.81,0.0118,1960,477
S1-1x,686,6.467,12.28,12.28,0.0123,5996,477
S1-1x,687,6.478,10.87,10.88,0.0109,1184,479
S1-1x,688,6.489,11.25,11.21,0.0112,1908,480
S1-1x,689,6.501,12.00,11.99,0.0120,1104,481
S1-1x,690,6.512,11.28,11.29,0.0113,1828,481
S1-1x,691,6.524,11.45,11.40,0.0115,1024,482
S1-1x,692,6.536,11.97,11.98,0.0120,1104,483
S1-1x,693,6.547,11.37,11.38,0.0114,1184,485
S1-1x,694,6.559,11.64,11.60,0.0116,26900,486
S1-1x,695,6.571,12.86,12.90,0.0129,2196,487
S1-1x,696,6.585,13.23,13.20,0.0132,2036,486
S1-1x,697,6.596,11.81,11.79,0.0118,1908,486
S1-1x,698,6.609,12.20,12.20,0.0122,1828,484
S1-1x,699,6.621,12.48,12.49,0.0125,1908,484
S1-1x,700,6.633,11.79,11.79,0.0118,1104,485
S1-1x,701,6.644,11.34,11.32,0.0113,1908,486
S1-1x,702,6.656,11.30,11.28,0.0113,13288,487
S1-1x,703,6.668,12.29,12.31,0.0123,1988,489
S1-1x,704,6.680,11.89,11.87,0.0119,1908,490
S1-1x,705,6.691,11.68,11.70,0.0117,1612,491
S1-1x,706,6.704,12.63,12.61,0.0126,2928,491
S1-1x,707,6.717,12.58,12.59,0.0126,2116,491
S1-1x,708,6.728,11.35,11.38,0.0114,1024,491
S1-1x,709,6.740,11.71,11.63,0.0117,1152,491
S1-1x,710,6.751,11.64,11.68,0.0116,1024,491
S1-1x,711,6.763,11.39,11.40,0.0114,9248,491
S1-1x,712,6.776,13.61,13.60,0.0136,12116,491
S1-1x,713,6.790,13.41,13.40,0.0134,1828,487
S1-1x,714,6.803,12.76,12.78,0.0128,1788,485
S1-1x,715,6.816,12.93,12.90,0.0129,1828,485
S1-1x,716,6.828,12.19,12.20,0.0122,1024,485
S1-1x,717,6.840,12.44,12.40,0.0124,1828,485
S1-1x,718,6.852,11.84,11.88,0.0118,1024,485
S1-1x,719,6.863,11.44,11.40,0.0114,1076,485
S1-1x,720,6.875,12.05,12.09,0.0121,1024,485
S1-1x,721,6.887,11.42,11.40,0.0114,1024,485
S1-1x,722,6.899,11.72,11.71,0.0117,1024,485
S1-1x,723,6.911,12.30,12.30,0.0123,1828,485
S1-1x,724,6.924,12.90,12.90,0.0129,1828,485
S1-1x,725,6.937,12.92,12.90,0.0129,2072,485
S1-1x,726,6.950,13.68,13.68,0.0137,2168,484
S1-1x,727,6.964,14.03,14.00,0.0140,5236,482
S1-1x,728,6.977,12.59,12.58,0.0126,1024,482
S1-1x,729,6.989,12.55,12.53,0.0126,10592,480
S1-1x,730,7.002,12.07,12.07,0.0121,944,480
S1-1x,731,7.013,11.67,11.68,0.0117,1024,480
S1-1x,732,7.026,12.91,12.91,0.0129,2380,480
S1-1x,733,7.038,12.29,12.29,0.0123,26820,480
S1-1x,734,7.050,12.01,11.99,0.0120,1024,480
S1-1x,735,7.063,12.75,12.70,0.0127,2852,478
S1-1x,736,7.078,14.85,14.89,0.0149,6008,475
S1-1x,737,7.091,12.71,12.70,0.0127,5184,475
S1-1x,738,7.103,11.98,11.98,0.0120,1152,475
S1-1x,739,7.115,12.56,12.50,0.0126,1828,475
S1-1x,740,7.127,12.04,12.09,0.0120,1024,475
S1-1x,741,7.139,11.73,11.69,0.0117,1024,475
S1-1x,742,7.151,12.10,12.11,0.0121,1024,475
S1-1x,743,7.163,11.75,11.76,0.0118,9248,475
S1-1x,744,7.175,12.44,12.42,0.0124,1828,475
S1-1x,745,7.189,13.17,13.19,0.0132,1828,474
S1-1x,746,7.201,12.14,12.11,0.0121,6484,474
S1-1x,747,7.213,11.90,11.90,0.0119,1024,474
S1-1x,748,7.224,11.66,11.68,0.0117,1024,474
S1-1x,749,7.236,12.12,12.10,0.0121,1464,474
S1-1x,750,7.248,11.94,11.91,0.0119,1024,474
S1-1x,751,7.260,12.14,12.18,0.0121,1828,474
S1-1x,752,7.272,11.59,11.59,0.0116,1024,474
S1-1x,753,7.283,11.15,11.13,0.0111,1076,474
S1-1x,754,7.295,11.75,11.78,0.0118,7408,474
S1-1x,755,7.308,13.02,13.01,0.0130,1152,474
S1-1x,756,7.319,11.27,11.28,0.0113,1268,474
S1-1x,757,7.333,13.67,13.62,0.0137,6084,472
S1-1x,758,7.345,11.88,11.88,0.0119,984,472
S1-1x,759,7.356,11.57,11.58,0.0116,1024,472
S1-1x,760,7.368,11.53,11.52,0.0115,1024,472
S1-1x,761,7.380,12.25,12.29,0.0123,2088,471
S1-1x,762,7.392,12.41,12.40,0.0124,1788,471
S1-1x,763,7.405,12.92,12.89,0.0129,27624,471
S1-1x,764,7.418,12.59,12.60,0.0126,5152,471
S1-1x,765,7.430,12.25,12.21,0.0122,3104,471
S1-1x,766,7.443,12.36,12.39,0.0124,1024,471
S1-1x,767,7.455,12.21,12.20,0.0122,1828,470
S1-1x,768,7.468,13.19,13.18,0.0132,1828,469
S1-1x,769,7.481,12.90,12.89,0.0129,1916,468
S1-1x,770,7.494,12.68,12.71,0.0127,3076,468
S1-1x,771,7.506,12.74,12.71,0.0127,2884,468
S1-1x,772,7.520,13.26,13.28,0.0133,3232,468
S1-1x,773,7.532,12.68,12.62,0.0127,1024,467
S1-1x,774,7.544,12.15,12.19,0.0121,6524,467
S1-1x,775,7.557,12.03,12.00,0.0120,1024,467
S1-1x,776,7.569,12.53,12.55,0.0125,32400,467
S1-1x,777,7.582,13.09,13.04,0.0131,5956,467
S1-1x,778,7.595,12.52,12.58,0.0125,5184,467
S1-1x,779,7.608,13.19,13.18,0.0132,2884,467
S1-1x,780,7.622,14.25,14.21,0.0142,1828,467
S1-1x,781,7.636,13.84,13.88,0.0138,4384,467
S1-1x,782,7.649,13.03,13.01,0.0130,1828,467
S1-1x,783,7.662,12.52,12.51,0.0125,1024,467
S1-1x,784,7.675,13.39,13.39,0.0134,1152,467
S1-1x,785,7.688,12.88,12.89,0.0129,1024,467
S1-1x,786,7.699,11.72,11.71,0.0117,3156,467
S1-1x,787,7.711,11.76,11.78,0.0118,1024,467
S1-1x,788,7.726,14.49,14.50,0.0145,1956,467
S1-1x,789,7.740,13.85,13.81,0.0139,7408,466
S1-1x,790,7.753,13.09,13.10,0.0131,944,466
S1-1x,791,7.766,12.92,12.90,0.0129,1024,466
S1-1x,792,7.779,13.14,13.18,0.0131,1024,466
S1-1x,793,7.793,14.05,14.01,0.0141,5956,460
S1-1x,794,7.807,13.71,13.70,0.0137,1708,459
S1-1x,795,7.820,13.80,13.79,0.0138,3445,458
S1-1x,796,7.833,13.19,13.19,0.0132,1708,457
S1-1x,797,7.847,13.79,13.79,0.0138,1868,453
S1-1x,798,7.861,13.43,13.42,0.0134,1280,453
S1-1x,799,7.874,12.85,12.88,0.0129,1024,453
S1-1x,800,7.888,14.00,14.00,0.0140,2481,453
S1-1x,801,7.900,12.85,12.80,0.0128,1828,452
S1-1x,802,7.913,12.50,12.50,0.0125,916,452
S1-1x,803,7.926,13.36,13.38,0.0134,1828,443
S1-1x,804,7.940,13.92,13.90,0.0139,824,443
S1-1x,805,7.953,13.20,13.21,0.0132,1024,443
S1-1x,806,7.968,14.41,14.38,0.0144,1828,443
S1-1x,807,7.982,14.00,14.02,0.0140,1024,443
S1-1x,808,7.995,12.98,12.78,0.0130,1828,443
S1-1x,809,8.010,14.81,15.01,0.0148,2340,443
S1-1x,810,8.023,12.91,12.90,0.0129,1024,443
S1-1x,811,8.037,14.19,14.19,0.0142,53996,435
S1-1x,812,8.053,16.20,16.19,0.0162,4820,428
S1-1x,813,8.067,13.61,13.60,0.0136,1024,428
S1-1x,814,8.082,15.85,15.88,0.0158,7328,418
S1-1x,815,8.097,14.63,14.60,0.0146,1916,415
S1-1x,816,8.111,13.76,13.79,0.0138,904,415
S1-1x,817,8.126,15.31,15.30,0.0153,13256,409
S1-1x,818,8.141,14.74,14.71,0.0147,1828,407
S1-1x,819,8.155,14.08,14.10,0.0141,3068,406
S1-1x,820,8.167,12.61,12.60,0.0126,3460,406
S1-1x,821,8.180,12.94,12.89,0.0129,1828,406
S1-1x,822,8.193,12.57,12.59,0.0126,1024,406
S1-1x,823,8.208,14.67,14.69,0.0147,1828,398
S1-1x,824,8.222,13.91,13.90,0.0139,1072,398
S1-1x,825,8.235,13.30,13.29,0.0133,1024,398
S1-1x,826,8.250,14.63,14.61,0.0146,2372,392
S1-1x,827,8.268,18.44,18.48,0.0184,7932,371
S1-1x,828,8.282,14.41,14.39,0.0144,864,371
S1-1x,829,8.296,13.26,13.22,0.0133,1024,371
S1-1x,830,8.310,14.25,14.28,0.0142,1708,370
S1-1x,831,8.323,13.32,13.30,0.0133,1024,370
S1-1x,832,8.336,12.61,12.60,0.0126,1076,370
S1-1x,833,8.350,14.69,14.69,0.0147,2884,356
S1-1x,834,8.363,12.78,12.79,0.0128,824,356
S1-1x,835,8.376,13.10,13.10,0.0131,1024,356
S1-1x,836,8.389,12.71,12.70,0.0127,1024,356
S1-1x,837,8.402,12.48,12.48,0.0125,1024,356
S1-1x,838,8.414,12.11,12.11,0.0121,13156,356
S1-1x,839,8.427,13.67,13.69,0.0137,5092,342
S1-1x,840,8.441,13.94,13.92,0.0139,3780,342
S1-1x,841,8.455,13.31,13.29,0.0133,1708,340
S1-1x,842,8.467,12.91,12.90,0.0129,1104,339
S1-1x,843,8.479,11.86,11.89,0.0119,904,339
S1-1x,844,8.491,11.77,11.71,0.0118,1024,339
S1-1x,845,8.504,12.43,12.47,0.0124,1828,337
S1-1x,846,8.517,13.34,13.31,0.0133,3404,336
S1-1x,847,8.529,12.25,12.29,0.0123,1024,335
S1-1x,848,8.541,12.04,12.01,0.0120,1076,335
S1-1x,849,8.554,12.68,12.69,0.0127,1828,334
S1-1x,850,8.567,13.20,13.20,0.0132,2220,332
S1-1x,851,8.579,12.08,12.09,0.0121,864,332
S1-1x,852,8.592,12.85,12.82,0.0129,1024,332
S1-1x,853,8.604,12.00,11.99,0.0120,1024,332
S1-1x,854,8.617,13.24,13.20,0.0132,1828,332
S1-1x,855,8.629,12.15,12.18,0.0122,1024,332
S1-1x,856,8.641,12.09,12.09,0.0121,1064,332
S1-1x,857,8.654,12.23,12.21,0.0122,1024,332
S1-1x,858,8.665,11.81,11.79,0.0118,1104,332
S1-1x,859,8.678,12.88,12.89,0.0129,1828,332
S1-1x,860,8.694,15.67,15.68,0.0157,11308,331
S1-1x,861,8.709,15.34,15.31,0.0153,1868,324
S1-1x,862,8.724,14.79,14.79,0.0148,1024,324
S1-1x,863,8.737,12.93,12.90,0.0129,1024,324
S1-1x,864,8.751,13.87,13.89,0.0139,5536,322
S1-1x,865,8.763,12.20,12.20,0.0122,1064,322
S1-1x,866,8.776,12.35,12.37,0.0123,1024,322
S1-1x,867,8.788,12.19,12.15,0.0122,1024,322
S1-1x,868,8.800,12.26,12.26,0.0123,1024,322
S1-1x,869,8.814,14.41,14.40,0.0144,1828,322
S1-1x,870,8.827,12.72,12.76,0.0127,1024,322
S1-1x,871,8.841,13.49,13.43,0.0135,5786,321
S1-1x,872,8.852,11.78,11.79,0.0118,1216,321
S1-1x,873,8.864,11.35,11.38,0.0113,1024,321
S1-1x,874,8.876,11.90,11.89,0.0119,1024,321
S1-1x,875,8.887,11.24,11.22,0.0112,1564,321
S1-1x,876,8.898,11.49,11.48,0.0115,1312,321
S1-1x,877,8.910,11.40,11.41,0.0114,1344,321
S1-1x,878,8.921,11.57,11.59,0.0116,1024,321
S1-1x,879,8.933,11.33,11.29,0.0113,1024,321
S1-1x,880,8.944,11.51,11.51,0.0115,13960,321
S1-1x,881,8.956,12.20,12.17,0.0122,2392,318
S1-1x,882,8.968,11.70,11.72,0.0117,1024,318
S1-1x,883,8.981,12.89,12.90,0.0129,1754,316
S1-1x,884,8.992,11.50,11.50,0.0115,1024,316
S1-1x,885,9.005,12.19,12.19,0.0122,1152,316
S1-1x,886,9.016,11.56,11.52,0.0116,1024,316
S1-1x,887,9.028,12.13,12.17,0.0121,1828,316
S1-1x,888,9.041,12.23,12.20,0.0122,1828,316
S1-1x,889,9.053,12.27,12.29,0.0123,2156,316
S1-1x,890,9.065,12.01,11.99,0.0120,5584,316
S1-1x,891,9.077,11.64,11.60,0.0116,5152,316
S1-1x,892,9.089,12.58,12.59,0.0126,4964,316
S1-1x,893,9.102,13.33,13.31,0.0133,1268,316
S1-1x,894,9.115,12.81,12.79,0.0128,14508,316
S1-1x,895,9.128,12.81,12.81,0.0128,1256,316
S1-1x,896,9.143,14.46,14.49,0.0145,2900,316
S1-1x,897,9.155,12.69,12.70,0.0127,1844,316
S1-1x,898,9.167,12.32,12.30,0.0123,1696,316
S1-1x,899,9.179,11.83,11.80,0.0118,1312,316
S1-1x,900,9.193,13.58,13.59,0.0136,4528,315
S1-1x,901,9.207,13.68,13.70,0.0137,10528,315
S1-1x,902,9.219,12.74,12.77,0.0127,1828,315
S1-1x,903,9.231,12.21,12.14,0.0122,12620,315
S1-1x,904,9.245,13.06,13.07,0.0131,2196,315
S1-1x,905,9.259,14.48,14.49,0.0145,7044,309
S1-1x,906,9.274,15.21,15.20,0.0152,11310,302
S1-1x,907,9.290,15.51,15.49,0.0155,2548,302
S1-1x,908,9.303,12.89,12.91,0.0129,1444,302
S1-1x,909,9.316,13.79,13.79,0.0138,4448,300
S1-1x,910,9.330,13.09,13.09,0.0131,3760,300
S1-1x,911,9.343,13.13,13.10,0.0131,2080,300
S1-1x,912,9.357,14.54,14.48,0.0145,3460,295
S1-1x,913,9.373,15.65,15.69,0.0156,4580,294
S1-1x,914,9.386,13.20,13.21,0.0132,1828,294
S1-1x,915,9.400,13.55,13.57,0.0135,1828,294
S1-1x,916,9.415,15.56,15.53,0.0156,11528,294
S1-1x,917,9.431,15.79,15.79,0.0158,13828,294
S1-1x,918,9.444,13.08,13.08,0.0131,13156,294
S1-1x,919,9.459,15.37,15.32,0.0154,16516,289
S1-1x,920,9.475,15.80,15.86,0.0158,3212,289
S1-1x,921,9.490,14.94,14.91,0.0149,2884,286
S1-1x,922,9.506,15.59,15.59,0.0156,1828,285
S1-1x,923,9.521,15.31,15.30,0.0153,2884,285
S1-1x,924,9.536,14.47,14.48,0.0145,1024,285
S1-1x,925,9.550,14.34,14.32,0.0143,11804,285
S1-1x,926,9.565,14.75,14.71,0.0147,12996,283
S1-1x,927,9.579,14.67,14.69,0.0147,1880,283
S1-1x,928,9.594,14.40,14.40,0.0144,4384,283
S1-1x,929,9.608,14.03,13.99,0.0140,1024,283
S1-1x,930,9.622,13.91,13.97,0.0139,1024,283
S1-1x,931,9.636,14.37,14.32,0.0144,1828,283
S1-1x,932,9.650,13.70,13.69,0.0137,13156,283
S1-1x,933,9.665,14.79,14.79,0.0148,2884,283
S1-1x,934,9.682,17.00,17.00,0.0170,5664,282
S1-1x,935,9.698,16.86,16.80,0.0169,18664,273
S1-1x,936,9.714,15.58,15.57,0.0156,3944,273
S1-1x,937,9.729,15.60,15.69,0.0156,7528,266
S1-1x,938,9.745,14.96,14.90,0.0150,3104,266
S1-1x,939,9.758,13.63,13.60,0.0136,3136,266
S1-1x,940,9.772,13.89,13.91,0.0139,1024,266
S1-1x,941,9.787,14.96,14.99,0.0150,6588,266
S1-1x,942,9.800,13.41,13.39,0.0134,1024,266
S1-1x,943,9.815,14.56,14.50,0.0146,10084,266
S1-1x,944,9.832,17.01,16.99,0.0170,16912,266
S1-1x,945,9.847,14.90,15.00,0.0149,1828,266
S1-1x,946,9.861,14.39,14.39,0.0144,1024,266
S1-1x,947,9.875,14.05,14.02,0.0141,1024,266
S1-1x,948,9.889,13.39,13.39,0.0134,1024,266
S1-1x,949,9.903,14.50,14.49,0.0145,3908,263
S1-1x,950,9.917,14.19,14.18,0.0142,1828,263
S1-1x,951,9.931,13.44,13.40,0.0134,1024,263
S1-1x,952,9.945,14.36,14.39,0.0144,4452,262
S1-1x,953,9.962,16.63,16.62,0.0166,31568,262
S1-1x,954,9.976,14.29,14.28,0.0143,1828,262
S1-1x,955,9.989,12.98,12.99,0.0130,6656,262
S1-1x,956,10.004,14.53,14.30,0.0145,1828,262
S1-1x,957,10.017,13.54,13.78,0.0135,1024,262
S1-1x,958,10.033,16.33,16.30,0.0163,3400,260
S1-1x,959,10.047,13.82,13.80,0.0138,9700,260
S1-1x,960,10.062,15.09,15.09,0.0151,3604,260
S1-1x,961,10.076,13.65,13.69,0.0137,9112,260
S1-1x,962,10.090,13.85,13.81,0.0138,6176,260
S1-1x,963,10.103,13.22,13.20,0.0132,9368,260
S1-1x,964,10.117,13.67,13.70,0.0137,1988,260
S1-1x,965,10.130,13.21,13.18,0.0132,1120,260
S1-1x,966,10.143,12.77,12.80,0.0128,6564,260
S1-1x,967,10.155,12.42,12.40,0.0124,1812,260
S1-1x,968,10.169,13.87,13.88,0.0139,4104,260
S1-1x,969,10.181,12.44,12.42,0.0124,984,260
S1-1x,970,10.194,12.18,12.20,0.0122,6616,260
S1-1x,971,10.206,12.02,12.00,0.0120,13460,260
S1-1x,972,10.219,13.33,13.36,0.0133,3360,260
S1-1x,973,10.232,12.74,12.74,0.0127,1788,260
S1-1x,974,10.244,11.78,11.79,0.0118,9208,260
S1-1x,975,10.256,12.32,12.29,0.0123,1112,260
S1-1x,976,10.267,11.39,11.40,0.0114,1528,260
S1-1x,977,10.279,11.59,11.61,0.0116,8176,260
S1-1x,978,10.290,11.32,11.30,0.0113,5144,260
S1-1x,979,10.301,11.25,11.20,0.0112,984,260
S1-1x,980,10.313,11.41,11.40,0.0114,5152,260
S1-1x,981,10.325,12.18,12.19,0.0122,984,260
S1-1x,982,10.337,11.71,11.70,0.0117,984,260
S1-1x,983,10.348,11.74,11.68,0.0117,984,260
S1-1x,984,10.360,11.65,11.70,0.0117,1024,260
S1-1x,985,10.372,11.96,11.97,0.0120,984,260
S1-1x,986,10.384,11.52,11.51,0.0115,1024,260
S1-1x,987,10.395,11.58,11.59,0.0116,2092,260
S1-1x,988,10.407,11.57,11.51,0.0116,5696,260
S1-1x,989,10.419,12.30,12.35,0.0123,984,260
S1-1x,990,10.431,11.89,11.84,0.0119,3540,260
S1-1x,991,10.443,11.77,11.78,0.0118,19904,260
S1-1x,992,10.455,11.99,12.00,0.0120,984,260
S1-1x,993,10.467,12.50,12.49,0.0125,15100,260
S1-1x,994,10.479,11.99,11.99,0.0120,984,260
S1-1x,995,10.492,12.92,12.89,0.0129,1788,260
S1-1x,996,10.505,12.88,12.88,0.0129,4412,260
S1-1x,997,10.517,12.10,12.11,0.0121,2876,260
S1-1x,998,10.533,15.51,15.50,0.0155,35596,260
S1-1x,999,10.546,13.02,13.00,0.0130,1788,256
S1-1x,1000,10.558,12.36,12.38,0.0124,984,256
S1-1x,1001,10.570,11.90,11.89,0.0119,984,256
S1-1x,1002,10.582,12.02,12.00,0.0120,1024,256
S1-1x,1003,10.594,12.20,12.20,0.0122,1788,256
S1-1x,1004,10.606,12.40,12.38,0.0124,1076,256
S1-1x,1005,10.619,12.54,12.57,0.0125,1112,256
S1-1x,1006,10.631,12.09,12.05,0.0121,1024,256
S1-1x,1007,10.644,12.86,12.88,0.0129,18352,251
S1-1x,1008,10.656,11.94,11.91,0.0119,1024,251
S1-1x,1009,10.669,13.12,13.15,0.0131,1400,251
S1-1x,1010,10.682,12.87,12.83,0.0129,15856,251
S1-1x,1011,10.694,11.74,11.80,0.0117,1064,251
S1-1x,1012,10.705,11.55,11.50,0.0115,984,251
S1-1x,1013,10.717,11.74,11.78,0.0117,1112,251
S1-1x,1014,10.729,12.24,12.21,0.0122,1828,251
S1-1x,1015,10.741,11.78,11.79,0.0118,1024,251
S1-1x,1016,10.752,11.34,11.31,0.0113,1024,251
S1-1x,1017,10.764,11.29,11.30,0.0113,3104,251
S1-1x,1018,10.776,12.20,12.19,0.0122,2040,251
S1-1x,1019,10.788,12.30,12.30,0.0123,1112,251
S1-1x,1020,10.802,13.63,13.61,0.0136,16360,249
S1-1x,1021,10.818,16.41,16.39,0.0164,11104,249
S1-1x,1022,10.833,14.46,14.50,0.0145,15944,249
S1-1x,1023,10.847,14.34,14.30,0.0143,1828,243
S1-1x,1024,10.860,12.84,12.88,0.0128,984,243
S1-1x,1025,10.872,12.38,12.39,0.0124,984,243
S1-1x,1026,10.885,12.62,12.61,0.0126,984,243
S1-1x,1027,10.897,12.14,12.10,0.0121,1768,243
S1-1x,1028,10.910,12.85,12.88,0.0128,2332,243
S1-1x,1029,10.923,13.11,13.11,0.0131,7496,243
S1-1x,1030,10.935,12.53,12.51,0.0125,13444,243
S1-1x,1031,11.043,107.59,107.08,0.1000,17432,243
S1-1x,1032,11.059,15.88,16.40,0.0159,18740,243
S1-1x,1033,11.071,12.07,12.09,0.0121,944,243
S1-1x,1034,11.083,11.95,11.92,0.0120,984,243
S1-1x,1035,11.096,13.38,13.38,0.0134,5298,237
S1-1x,1036,11.861,764.23,763.69,0.1000,8868,237
S1-1x,1037,11.877,16.04,16.61,0.0160,29178,237
S1-1x,1038,11.889,12.09,12.09,0.0121,4380,237
S1-1x,1039,11.901,12.23,12.21,0.0122,3868,237
S1-1x,1040,11.913,12.40,12.38,0.0124,2844,237
S1-1x,1041,11.926,12.41,12.41,0.0124,1112,237
S1-1x,1042,11.937,11.56,11.58,0.0116,984,237
S1-1x,1043,11.950,12.30,12.30,0.0123,4156,237
S1-1x,1044,11.962,12.42,12.41,0.0124,984,237
S1-1x,1045,11.973,11.57,11.59,0.0116,944,237
S1-1x,1046,11.986,12.31,12.30,0.0123,1748,237
S1-1x,1047,12.000,13.91,13.90,0.0139,10244,237
S1-1x,1048,12.012,11.89,11.68,0.0119,944,237
S1-1x,1049,12.024,12.31,12.51,0.0123,2820,237
S1-1x,1050,12.035,11.51,11.49,0.0115,984,237
S1-1x,1051,12.048,12.91,12.90,0.0129,2300,235
S1-1x,1052,12.063,14.61,14.60,0.0146,15684,235
S1-1x,1053,12.075,11.96,11.97,0.0120,1036,235
S1-1x,1054,12.087,12.18,12.20,0.0122,2884,235
S1-1x,1055,12.100,13.33,13.31,0.0133,2300,235
S1-1x,1056,12.113,13.01,13.00,0.0130,2076,235
S1-1x,1057,12.125,11.98,11.99,0.0120,944,235
S1-1x,1058,12.137,11.80,11.80,0.0118,1112,235
S1-1x,1059,12.149,12.01,12.00,0.0120,984,235
S1-1x,1060,12.161,12.29,12.30,0.0123,1828,235
S1-1x,1061,12.174,12.49,12.50,0.0125,1828,235
S1-1x,1062,12.186,12.11,12.10,0.0121,1788,235
S1-1x,1063,12.199,12.79,12.80,0.0128,3364,235
S1-1x,1064,12.211,12.25,12.21,0.0122,944,235
S1-1x,1065,12.223,12.06,12.09,0.0121,944,235
S1-1x,1066,12.235,11.89,11.89,0.0119,1024,235
S1-1x,1067,12.247,12.34,12.31,0.0123,2420,235
S1-1x,1068,12.260,12.67,12.70,0.0127,3908,235
S1-1x,1069,12.272,11.78,11.78,0.0118,984,235
S1-1x,1070,12.283,11.32,11.32,0.0113,1036,235
S1-1x,1071,12.296,12.52,12.50,0.0125,3396,235
S1-1x,1072,12.307,11.60,11.59,0.0116,944,235
S1-1x,1073,12.319,11.75,11.78,0.0118,1024,235
S1-1x,1074,12.331,12.35,12.32,0.0123,2844,235
S1-1x,1075,12.344,12.58,12.58,0.0126,1112,235
S1-1x,1076,12.356,11.52,11.51,0.0115,984,235
S1-1x,1077,12.369,13.49,13.49,0.0135,4004,235
S1-1x,1078,12.381,12.07,12.09,0.0121,1788,235
S1-1x,1079,12.393,11.72,11.72,0.0117,984,235
S1-1x,1080,12.405,12.43,12.41,0.0124,3868,234
S1-1x,1081,12.417,11.58,11.60,0.0116,984,234
S1-1x,1082,12.428,11.50,11.49,0.0115,1112,234
S1-1x,1083,12.441,12.41,12.39,0.0124,1828,234
S1-1x,1084,12.453,12.39,12.40,0.0124,1828,234
S1-1x,1085,12.465,12.30,12.30,0.0123,984,234
S1-1x,1086,12.478,12.69,12.70,0.0127,2746,229
S1-1x,1087,12.490,12.02,12.00,0.0120,2896,229
S1-1x,1088,12.501,11.39,11.39,0.0114,984,229
S1-1x,1089,12.513,11.79,11.80,0.0118,1828,229
S1-1x,1090,12.525,12.10,12.09,0.0121,1788,229
S1-1x,1091,12.537,12.00,12.00,0.0120,984,229
S1-1x,1092,12.550,12.23,12.21,0.0122,1112,229
S1-1x,1093,12.561,11.17,11.19,0.0112,1024,229
S1-1x,1094,12.572,10.97,10.98,0.0110,984,229
S1-1x,1095,12.584,12.44,12.42,0.0124,1788,229
S1-1x,1096,12.596,12.20,12.20,0.0122,1788,229
S1-1x,1097,12.608,11.50,11.50,0.0115,1024,229
S1-1x,1098,12.619,11.51,11.50,0.0115,1152,229
S1-1x,1099,12.630,10.97,10.99,0.0110,1024,229
S1-1x,1100,12.642,11.22,11.21,0.0112,984,229
S1-1x,1101,12.654,12.69,12.69,0.0127,1828,224
S1-1x,1102,12.666,11.81,11.81,0.0118,1170,224
S1-1x,1103,12.678,11.67,11.69,0.0117,2372,224
S1-1x,1104,12.689,11.32,11.30,0.0113,1024,224
S1-1x,1105,12.701,11.59,11.60,0.0116,1036,224
S1-1x,1106,12.712,11.11,11.10,0.0111,1024,224
S1-1x,1107,12.723,11.51,11.50,0.0115,1024,224
S1-1x,1108,12.734,10.81,10.80,0.0108,984,224
S1-1x,1109,12.746,12.11,12.10,0.0121,1788,224
S1-1x,1110,12.759,12.67,12.69,0.0127,1828,220
S1-1x,1111,12.772,12.70,12.70,0.0127,3396,220
S1-1x,1112,12.783,11.61,11.60,0.0116,984,220
S1-1x,1113,12.795,11.60,11.60,0.0116,1788,220
S1-1x,1114,12.806,11.48,11.49,0.0115,1152,220
S1-1x,1115,12.818,11.32,11.31,0.0113,1024,220
S1-1x,1116,12.829,11.50,11.50,0.0115,984,220
S1-1x,1117,12.842,12.52,12.50,0.0125,1828,220
S1-1x,1118,12.854,12.18,12.19,0.0122,1024,220
S1-1x,1119,12.866,11.81,11.80,0.0118,984,220
S1-1x,1120,12.878,12.27,12.29,0.0123,1828,220
S1-1x,1121,12.890,11.78,11.72,0.0118,1024,220
S1-1x,1122,12.901,11.37,11.38,0.0114,1076,220
S1-1x,1123,12.913,11.76,11.79,0.0118,1828,220
S1-1x,1124,12.924,11.69,11.70,0.0117,1210,220
S1-1x,1125,12.937,12.56,12.52,0.0126,1024,220
S1-1x,1126,12.949,11.40,11.39,0.0114,984,220
S1-1x,1127,12.961,12.17,12.19,0.0122,1828,220
S1-1x,1128,12.972,11.18,11.20,0.0112,1024,220
S1-1x,1129,12.984,11.91,11.89,0.0119,1916,220
S1-1x,1130,12.997,13.70,13.71,0.0137,2786,209
S1-1x,1131,13.009,11.20,11.21,0.0112,1024,209
S1-1x,1132,13.021,12.46,12.39,0.0125,1828,209
S1-1x,1133,13.034,12.77,12.79,0.0128,1788,207
S1-1x,1134,13.049,14.69,14.69,0.0147,4940,202
S1-1x,1135,13.065,16.03,16.01,0.0160,1788,198
S1-1x,1136,13.079,13.91,13.90,0.0139,1788,198
S1-1x,1137,13.093,14.17,14.20,0.0142,1828,198
S1-1x,1138,13.106,13.04,13.00,0.0130,1076,198
S1-1x,1139,13.119,13.50,13.49,0.0135,2332,198
S1-1x,1140,13.132,13.19,13.19,0.0132,1024,198
S1-1x,1141,13.145,12.48,12.49,0.0125,984,198
S1-1x,1142,13.157,12.08,12.10,0.0121,1024,198
S1-1x,1143,13.169,12.10,12.10,0.0121,1916,198
S1-1x,1144,13.183,13.47,13.42,0.0135,1828,198
S1-1x,1145,13.195,12.86,12.88,0.0129,1788,198
S1-1x,1146,13.209,13.49,13.49,0.0135,1788,190
S1-1x,1147,13.221,12.46,12.48,0.0125,1788,189
S1-1x,1148,13.233,12.05,12.01,0.0120,1024,189
S1-1x,1149,13.245,11.88,11.90,0.0119,984,189
S1-1x,1150,13.257,11.73,11.69,0.0117,1024,189
S1-1x,1151,13.269,12.04,12.09,0.0120,1024,189
S1-1x,1152,13.281,11.81,11.80,0.0118,1828,188
S1-1x,1153,13.293,12.18,12.13,0.0122,1064,188
S1-1x,1154,13.304,11.43,11.48,0.0114,1036,188
S1-1x,1155,13.316,11.13,11.11,0.0111,1024,188
S1-1x,1156,13.327,11.05,11.09,0.0111,1024,188
S1-1x,1157,13.337,10.84,10.80,0.0108,984,188
S1-1x,1158,13.348,10.48,10.49,0.0105,984,188
S1-1x,1159,13.359,11.26,11.29,0.0113,1876,187
S1-1x,1160,13.371,11.54,11.51,0.0115,1748,185
S1-1x,1161,13.381,10.58,10.59,0.0106,984,185
S1-1x,1162,13.392,10.90,10.90,0.0109,1328,185
S1-1x,1163,13.403,10.81,10.81,0.0108,944,185
S1-1x,1164,13.414,11.08,11.10,0.0111,1788,183
S1-1x,1165,13.425,10.69,10.69,0.0107,944,183
S1-1x,1166,13.436,11.00,10.99,0.0110,1708,182
S1-1x,1167,13.447,10.80,10.80,0.0108,944,182
S1-1x,1168,13.457,10.66,10.62,0.0107,944,182
S1-1x,1169,13.467,9.97,9.99,0.0100,944,182
S1-1x,1170,13.477,10.27,10.28,0.0103,984,182
S1-1x,1171,13.488,10.21,10.22,0.0102,984,182
S1-1x,1172,13.498,10.11,10.10,0.0101,1024,182
S1-1x,1173,13.508,10.19,10.19,0.0102,996,182
S1-1x,1174,13.518,9.90,9.90,0.0099,984,182
S1-1x,1175,13.529,10.92,10.91,0.0109,1788,181
S1-1x,1176,13.539,10.62,10.60,0.0106,1112,181
S1-1x,1177,13.549,9.96,9.99,0.0100,984,181
S1-1x,1178,13.559,9.22,9.20,0.0092,984,181
S1-1x,1179,13.568,9.37,9.38,0.0094,944,181
S1-1x,1180,13.578,9.61,9.62,0.0096,944,181
S1-1x,1181,13.588,10.49,10.49,0.0105,1748,181
S1-1x,1182,13.598,9.61,9.59,0.0096,984,181
S1-1x,1183,13.607,9.61,9.62,0.0096,944,181
S1-1x,1184,13.617,9.84,9.80,0.0098,984,181
S1-1x,1185,13.627,9.98,9.99,0.0100,984,181
S1-1x,1186,13.637,10.22,10.20,0.0102,944,181
S1-1x,1187,13.648,10.97,10.98,0.0110,1828,181
S1-1x,1188,13.661,12.98,13.00,0.0130,8092,181
S1-1x,1189,13.672,10.41,10.40,0.0104,944,181
S1-1x,1190,13.682,10.29,10.30,0.0103,944,181
S1-1x,1191,13.692,9.79,9.80,0.0098,944,181
S1-1x,1192,13.703,10.72,10.70,0.0107,2332,180
S1-1x,1193,13.713,10.20,10.20,0.0102,1036,180
S1-1x,1194,13.722,9.73,9.71,0.0097,944,180
S1-1x,1195,13.732,9.97,9.99,0.0100,1152,180
S1-1x,1196,13.742,9.89,9.89,0.0099,984,180
S1-1x,1197,13.752,9.91,9.90,0.0099,944,180
S1-1x,1198,13.762,9.78,9.80,0.0098,944,180
S1-1x,1199,13.772,9.89,9.89,0.0099,984,180
S1-1x,1200,13.783,10.72,10.70,0.0107,1788,179
S1-1x,1201,13.793,10.72,10.71,0.0107,1884,179
S1-1x,1202,13.804,10.78,10.79,0.0108,1788,179
S1-1x,1203,13.816,11.59,11.60,0.0116,1788,177
S1-1x,1204,13.827,11.01,11.00,0.0110,1788,177
S1-1x,1205,13.838,11.12,11.10,0.0111,1748,176
S1-1x,1206,13.849,10.97,11.00,0.0110,1828,174
S1-1x,1207,13.859,10.30,10.29,0.0103,984,174
S1-1x,1208,13.869,9.89,9.89,0.0099,984,174
S1-1x,1209,13.879,10.41,10.41,0.0104,1788,173
S1-1x,1210,13.890,10.85,10.81,0.0108,1828,173
S1-1x,1211,13.900,10.16,10.19,0.0102,1228,173
S1-1x,1212,13.910,9.99,9.99,0.0100,1988,173
S1-1x,1213,13.921,10.63,10.62,0.0106,2048,173
S1-1x,1214,13.932,10.64,10.60,0.0106,1024,173
S1-1x,1215,13.942,10.05,10.08,0.0100,1184,173
S1-1x,1216,13.952,10.12,10.11,0.0101,1828,173
S1-1x,1217,13.962,9.85,9.88,0.0099,1024,173
S1-1x,1218,13.971,9.59,9.59,0.0096,984,173
S1-1x,1219,13.982,10.62,10.62,0.0106,1788,173
S1-1x,1220,13.992,10.51,10.49,0.0105,1788,173
S1-1x,1221,14.002,9.99,10.00,0.0100,1024,173
S1-1x,1222,14.013,10.74,10.50,0.0107,1788,172
S1-1x,1223,14.024,10.38,10.59,0.0104,1120,172
S1-1x,1224,14.034,9.99,10.01,0.0100,944,172
S1-1x,1225,14.043,9.99,9.99,0.0100,1788,171
S1-1x,1226,14.053,9.81,9.80,0.0098,984,171
S1-1x,1227,14.063,9.91,9.88,0.0099,1364,171
S1-1x,1228,14.073,9.67,9.70,0.0097,984,171
S1-1x,1229,14.083,10.30,10.29,0.0103,1828,171
S1-1x,1230,14.093,9.61,9.60,0.0096,1564,171
S1-1x,1231,14.103,10.10,10.09,0.0101,2244,169
S1-1x,1232,14.113,9.63,9.60,0.0096,1024,169
S1-1x,1233,14.122,9.56,9.59,0.0096,1076,169
S1-1x,1234,14.132,9.84,9.81,0.0098,1024,169
S1-1x,1235,14.142,9.67,9.69,0.0097,944,169
S1-1x,1236,14.151,9.71,9.70,0.0097,2072,167
S1-1x,1237,14.160,9.00,8.99,0.0090,1072,167
S1-1x,1238,14.169,8.66,8.69,0.0087,944,167
S1-1x,1239,14.177,8.42,8.42,0.0084,984,167
S1-1x,1240,14.187,9.42,9.40,0.0094,1788,166
S1-1x,1241,14.196,8.81,8.80,0.0088,1488,166
S1-1x,1242,14.204,8.37,8.40,0.0084,984,166
S1-1x,1243,14.213,8.91,8.90,0.0089,2888,165
S1-1x,1244,14.222,8.79,8.81,0.0088,1244,165
S1-1x,1245,14.230,8.69,8.69,0.0087,1024,165
S1-1x,1246,14.239,8.51,8.50,0.0085,1024,165
S1-1x,1247,14.247,8.39,8.39,0.0084,1024,165
S1-1x,1248,14.256,8.81,8.80,0.0088,1184,165
S1-1x,1249,14.265,9.05,9.00,0.0090,1216,165
S1-1x,1250,14.274,8.63,8.68,0.0086,1024,165
S1-1x,1251,14.283,9.13,9.11,0.0091,1956,165
S1-1x,1252,14.292,8.84,8.82,0.0088,1024,165
S1-1x,1253,14.303,11.18,11.19,0.0112,8569,164
S1-1x,1254,14.313,9.59,9.58,0.0096,984,164
S1-1x,1255,14.322,9.11,9.09,0.0091,1852,164
S1-1x,1256,14.331,9.50,9.51,0.0095,1396,164
S1-1x,1257,14.340,9.21,9.20,0.0092,1024,164
S1-1x,1258,14.349,8.92,8.90,0.0089,2080,164
S1-1x,1259,14.358,8.95,8.98,0.0090,1024,164
S1-1x,1260,14.367,9.00,9.00,0.0090,1272,164
S1-1x,1261,14.376,9.11,9.08,0.0091,1024,164
S1-1x,1262,14.385,8.90,8.92,0.0089,1024,164
S1-1x,1263,14.394,8.71,8.70,0.0087,984,164
S1-1x,1264,14.403,9.43,9.39,0.0094,1788,161
S1-1x,1265,14.413,9.47,9.49,0.0095,1748,161
S1-1x,1266,14.423,9.83,9.81,0.0098,4384,160
S1-1x,1267,14.432,9.87,9.88,0.0099,2372,159
S1-1x,1268,14.442,9.12,9.11,0.0091,2660,159
S1-1x,1269,14.450,8.68,8.70,0.0087,1024,159
S1-1x,1270,14.459,8.84,8.82,0.0088,1064,159
S1-1x,1271,14.469,9.84,9.87,0.0098,1916,159
S1-1x,1272,14.478,9.13,9.11,0.0091,1024,159
S1-1x,1273,14.487,8.91,8.90,0.0089,1024,159
S1-1x,1274,14.496,9.20,9.21,0.0092,1828,159
S1-1x,1275,14.505,8.81,8.80,0.0088,1024,159
S1-1x,1276,14.514,8.60,8.59,0.0086,984,159
S1-1x,1277,14.522,8.58,8.58,0.0086,1024,159
S1-1x,1278,14.530,8.20,8.20,0.0082,1076,159
S1-1x,1279,14.539,8.61,8.60,0.0086,1024,159
S1-1x,1280,14.548,8.87,8.90,0.0089,1828,159
S1-1x,1281,14.556,8.41,8.40,0.0084,1024,159
S1-1x,1282,14.564,8.11,8.11,0.0081,1024,159
S1-1x,1283,14.574,9.88,9.89,0.0099,10384,159
S1-1x,1284,14.583,8.54,8.51,0.0085,1024,159
S1-1x,1285,14.591,8.48,8.49,0.0085,1024,159
S1-1x,1286,14.600,8.29,8.30,0.0083,1024,159
S1-1x,1287,14.608,8.30,8.30,0.0083,984,159
S1-1x,1288,14.616,8.39,8.39,0.0084,2080,159
S1-1x,1289,14.625,8.49,8.49,0.0085,2112,159
S1-1x,1290,14.634,9.11,9.11,0.0091,1210,158
S1-1x,1291,14.642,8.33,8.30,0.0083,984,158
S1-1x,1292,14.652,9.57,9.60,0.0096,18244,149
S1-1x,1293,14.662,9.90,9.89,0.0099,1828,143
S1-1x,1294,14.671,9.00,9.00,0.0090,1024,143
S1-1x,1295,14.679,8.80,8.80,0.0088,1024,143
S1-1x,1296,14.689,9.21,9.19,0.0092,1828,143
S1-1x,1297,14.697,8.81,8.81,0.0088,1024,143
S1-1x,1298,14.706,8.68,8.70,0.0087,984,143
S1-1x,1299,14.715,8.39,8.39,0.0084,984,143
S1-1x,1300,14.723,8.70,8.70,0.0087,1788,143
S1-1x,1301,14.732,8.71,8.70,0.0087,1076,143
S1-1x,1302,14.741,8.71,8.71,0.0087,984,143
S1-1x,1303,14.750,8.85,8.80,0.0088,984,143
S1-1x,1304,14.758,8.76,8.80,0.0088,1024,143
S1-1x,1305,14.767,8.48,8.49,0.0085,984,143
S1-1x,1306,14.776,8.78,8.79,0.0088,1788,143
S1-1x,1307,14.785,9.22,9.20,0.0092,1916,143
S1-1x,1308,14.794,8.90,8.90,0.0089,3540,143
S1-1x,1309,14.803,9.22,9.20,0.0092,1788,143
S1-1x,1310,14.812,9.09,9.10,0.0091,984,143
S1-1x,1311,14.820,8.47,8.49,0.0085,3104,143
S1-1x,1312,14.829,8.72,8.70,0.0087,1024,143
S1-1x,1313,14.838,8.59,8.60,0.0086,1024,143
S1-1x,1314,14.846,8.51,8.50,0.0085,1024,143
S1-1x,1315,14.855,8.80,8.80,0.0088,1024,143
S1-1x,1316,14.864,8.75,8.71,0.0088,1024,143
S1-1x,1317,14.873,9.43,9.46,0.0094,1024,143
S1-1x,1318,14.882,9.25,9.23,0.0092,1828,143
S1-1x,1319,14.891,8.57,8.59,0.0086,1024,143
S1-1x,1320,14.900,8.59,8.59,0.0086,1024,143
S1-1x,1321,14.908,8.13,8.11,0.0081,1024,143
S1-1x,1322,14.916,8.40,8.40,0.0084,1024,143
S1-1x,1323,14.924,8.08,8.09,0.0081,1024,143
S1-1x,1324,14.932,8.14,8.11,0.0081,1036,143
S1-1x,1325,14.940,8.07,8.08,0.0081,1024,143
S1-1x,1326,14.949,8.09,8.10,0.0081,1024,143
S1-1x,1327,14.957,8.71,8.70,0.0087,3940,143
S1-1x,1328,14.965,8.19,8.19,0.0082,1024,143
S1-1x,1329,14.974,8.29,8.30,0.0083,1024,143
S1-1x,1330,14.983,9.00,8.99,0.0090,1828,143
S1-1x,1331,14.993,9.93,9.91,0.0099,1828,143
S1-1x,1332,15.001,8.78,8.78,0.0088,1024,143
S1-1x,1333,15.010,8.60,8.60,0.0086,1144,143
S1-1x,1334,15.019,9.41,9.39,0.0094,1956,143
S1-1x,1335,15.029,9.49,9.50,0.0095,2372,143
S1-1x,1336,15.039,10.00,10.01,0.0100,3860,140
S1-1x,1337,15.048,8.88,8.89,0.0089,1024,140
S1-1x,1338,15.057,9.02,9.00,0.0090,1088,140
S1-1x,1339,15.066,8.80,8.80,0.0088,1024,140
S1-1x,1340,15.076,10.12,10.09,0.0101,2660,140
S1-1x,1341,15.086,9.88,9.90,0.0099,1024,140
S1-1x,1342,15.096,9.84,9.81,0.0098,1024,140
S1-1x,1343,15.105,9.48,9.48,0.0095,1024,140
S1-1x,1344,15.115,10.31,10.31,0.0103,1828,140
S1-1x,1345,15.125,9.86,9.89,0.0099,1024,140
S1-1x,1346,15.135,9.43,9.39,0.0094,1076,140
S1-1x,1347,15.144,9.39,9.41,0.0094,1024,140
S1-1x,1348,15.153,9.18,9.19,0.0092,1024,140
S1-1x,1349,15.163,9.61,9.60,0.0096,1024,140
S1-1x,1350,15.172,9.60,9.59,0.0096,1828,140
S1-1x,1351,15.182,9.74,9.71,0.0097,1024,140
S1-1x,1352,15.192,9.55,9.58,0.0095,1024,140
S1-1x,1353,15.201,9.33,9.31,0.0093,984,140
S1-1x,1354,15.210,9.40,9.40,0.0094,1024,140
S1-1x,1355,15.221,10.57,10.58,0.0106,2460,140
S1-1x,1356,15.231,10.33,10.31,0.0103,1828,140
S1-1x,1357,15.242,10.39,10.41,0.0104,1828,140
S1-1x,1358,15.251,9.59,9.59,0.0096,1024,140
S1-1x,1359,15.261,9.51,9.51,0.0095,3064,140
S1-1x,1360,15.270,9.27,9.28,0.0093,3136,140
S1-1x,1361,15.280,9.61,9.62,0.0096,1024,140
S1-1x,1362,15.289,9.35,9.32,0.0094,1024,140
S1-1x,1363,15.299,10.09,10.08,0.0101,2884,140
S1-1x,1364,15.309,9.77,9.80,0.0098,944,140
S1-1x,1365,15.319,10.10,10.10,0.0101,1024,140
S1-1x,1366,15.328,9.38,9.37,0.0094,1024,140
S1-1x,1367,15.338,9.33,9.32,0.0093,1076,140
S1-1x,1368,15.347,9.21,9.20,0.0092,1024,140
S1-1x,1369,15.357,9.92,9.90,0.0099,1152,140
S1-1x,1370,15.367,9.77,9.79,0.0098,1828,140
S1-1x,1371,15.376,9.77,9.79,0.0098,1024,140
S1-1x,1372,15.386,9.92,9.90,0.0099,1828,140
S1-1x,1373,15.397,10.29,10.30,0.0103,2372,140
S1-1x,1374,15.406,9.71,9.71,0.0097,1828,140
S1-1x,1375,15.415,9.00,8.99,0.0090,1024,140
S1-1x,1376,15.424,8.76,8.79,0.0088,1152,140
S1-1x,1377,15.433,8.73,8.72,0.0087,1024,140
S1-1x,1378,15.441,8.69,8.70,0.0087,1024,140
S1-1x,1379,15.450,8.63,8.60,0.0086,1024,140
S1-1x,1380,15.459,9.18,9.19,0.0092,1064,140
S1-1x,1381,15.468,8.60,8.60,0.0086,1024,140
S1-1x,1382,15.477,9.17,9.18,0.0092,2884,140
S1-1x,1383,15.486,8.81,8.81,0.0088,1024,140
S1-1x,1384,15.495,8.72,8.71,0.0087,1024,140
S1-1x,1385,15.503,8.48,8.49,0.0085,1024,140
S1-1x,1386,15.512,9.10,9.10,0.0091,1828,140
S1-1x,1387,15.521,8.80,8.79,0.0088,1024,140
S1-1x,1388,15.531,9.53,9.50,0.0095,2884,140
S1-1x,1389,15.541,10.59,10.60,0.0106,3960,140
S1-1x,1390,15.551,9.42,9.41,0.0094,1024,140
S1-1x,1391,15.560,9.78,9.79,0.0098,1152,140
S1-1x,1392,15.571,10.22,10.20,0.0102,1828,140
S1-1x,1393,15.580,9.58,9.59,0.0096,6604,140
S1-1x,1394,15.590,9.75,9.71,0.0097,1024,140
S1-1x,1395,15.600,10.11,10.11,0.0101,1828,140
S1-1x,1396,15.610,9.67,9.69,0.0097,1024,140
S1-1x,1397,15.620,10.15,10.18,0.0102,1828,140
S1-1x,1398,15.629,9.40,9.40,0.0094,1024,140
S1-1x,1399,15.639,9.49,9.41,0.0095,1024,140
S1-1x,1400,15.648,9.27,9.29,0.0093,1024,140
S1-1x,1401,15.658,9.59,9.60,0.0096,1024,140
S1-1x,1402,15.667,9.28,9.29,0.0093,1024,140
S1-1x,1403,15.676,9.39,9.40,0.0094,1024,140
S1-1x,1404,15.686,9.81,9.80,0.0098,1828,140
S1-1x,1405,15.696,9.61,9.60,0.0096,1024,140
S1-1x,1406,15.705,9.32,9.32,0.0093,1024,140
S1-1x,1407,15.714,9.31,9.28,0.0093,1024,140
S1-1x,1408,15.724,10.07,10.10,0.0101,1828,140
S1-1x,1409,15.734,10.02,9.99,0.0100,1956,140
S1-1x,1410,15.743,9.18,9.21,0.0092,1076,140
S1-1x,1411,15.753,9.11,9.09,0.0091,1024,140
S1-1x,1412,15.762,9.50,9.51,0.0095,1152,140
S1-1x,1413,15.771,8.96,8.98,0.0090,1024,140
S1-1x,1414,15.781,10.14,10.11,0.0101,1956,140
S1-1x,1415,15.791,9.49,9.49,0.0095,1024,140
S1-1x,1416,15.800,9.40,9.40,0.0094,1024,140
S1-1x,1417,15.809,9.21,9.20,0.0092,6604,140
S1-1x,1418,15.819,9.67,9.69,0.0097,1024,140
S1-1x,1419,15.829,9.94,9.91,0.0099,2116,140
S1-1x,1420,15.838,9.46,9.49,0.0095,1024,140
S1-1x,1421,15.848,9.62,9.60,0.0096,1828,140
S1-1x,1422,15.858,9.60,9.60,0.0096,1024,140
S1-1x,1423,15.867,9.10,9.10,0.0091,1024,140
S1-1x,1424,15.876,9.16,9.18,0.0092,1024,140
S1-1x,1425,15.886,9.63,9.61,0.0096,1828,140
S1-1x,1426,15.895,9.31,9.30,0.0093,1024,140
S1-1x,1427,15.904,9.28,9.29,0.0093,1064,140
S1-1x,1428,15.914,9.61,9.60,0.0096,1210,138
S1-1x,1429,15.923,9.58,9.59,0.0096,944,138
S1-1x,1430,15.933,10.13,10.10,0.0101,1828,138
S1-1x,1431,15.943,9.90,9.90,0.0099,1828,138
S1-1x,1432,15.953,10.09,10.10,0.0101,1880,138
S1-1x,1433,15.964,10.12,10.11,0.0101,1754,138
S1-1x,1434,15.974,10.25,10.28,0.0103,4346,138
S1-1x,1435,15.984,10.52,10.51,0.0105,2244,137
S1-1x,1436,15.994,9.71,9.70,0.0097,984,137
S1-1x,1437,16.004,9.89,9.89,0.0099,1024,137
S1-1x,1438,16.013,9.53,9.30,0.0095,5152,137
S1-1x,1439,16.024,10.56,10.80,0.0106,1828,136
S1-1x,1440,16.035,10.69,10.69,0.0107,2332,136
S1-1x,1441,16.044,9.51,9.52,0.0095,1024,136
S1-1x,1442,16.054,9.33,9.29,0.0093,1024,136
S1-1x,1443,16.064,10.18,10.20,0.0102,1024,136
S1-1x,1444,16.074,9.96,9.98,0.0100,1024,136
S1-1x,1445,16.083,9.22,9.20,0.0092,1024,136
S1-1x,1446,16.093,9.61,9.62,0.0096,1024,136
S1-1x,1447,16.102,9.19,9.20,0.0092,1024,136
S1-1x,1448,16.111,9.61,9.60,0.0096,1024,136
S1-1x,1449,16.121,9.30,9.30,0.0093,1024,136
S1-1x,1450,16.130,8.98,8.98,0.0090,1024,136
S1-1x,1451,16.139,9.54,9.52,0.0095,1024,136
S1-1x,1452,16.148,9.08,9.09,0.0091,1024,136
S1-1x,1453,16.157,9.30,9.30,0.0093,1076,136
S1-1x,1454,16.167,9.41,9.40,0.0094,1024,136
S1-1x,1455,16.176,9.42,9.40,0.0094,1024,136
S1-1x,1456,16.186,10.00,10.01,0.0100,1152,136
S1-1x,1457,16.195,9.10,9.09,0.0091,1024,136
S1-1x,1458,16.205,9.19,9.20,0.0092,1024,136
S1-1x,1459,16.216,11.01,11.00,0.0110,4784,136
S1-1x,1460,16.225,9.35,9.38,0.0094,5152,136
S1-1x,1461,16.234,8.92,8.91,0.0089,5184,136
S1-1x,1462,16.243,8.92,8.90,0.0089,1024,136
S1-1x,1463,16.252,9.29,9.30,0.0093,1024,136
S1-1x,1464,16.261,9.40,9.40,0.0094,1024,136
S1-1x,1465,16.271,9.10,9.10,0.0091,1024,136
S1-1x,1466,16.280,9.20,9.20,0.0092,1024,136
S1-1x,1467,16.289,8.99,8.99,0.0090,1024,136
S1-1x,1468,16.298,9.64,9.60,0.0096,1024,136
S1-1x,1469,16.308,9.18,9.20,0.0092,1024,136
S1-1x,1470,16.316,8.87,8.90,0.0089,1024,136
S1-1x,1471,16.325,8.80,8.79,0.0088,1024,136
S1-1x,1472,16.335,9.32,9.30,0.0093,1024,136
S1-1x,1473,16.343,8.79,8.80,0.0088,1024,136
S1-1x,1474,16.352,8.62,8.60,0.0086,1024,136
S1-1x,1475,16.361,9.09,9.09,0.0091,1880,136
S1-1x,1476,16.370,8.97,9.00,0.0090,1024,136
S1-1x,1477,16.379,9.03,9.00,0.0090,1024,136
S1-1x,1478,16.388,8.49,8.49,0.0085,1024,136
S1-1x,1479,16.396,8.30,8.30,0.0083,1024,136
S1-1x,1480,16.404,8.40,8.39,0.0084,1024,136
S1-1x,1481,16.414,9.23,9.21,0.0092,2372,136
S1-1x,1482,16.424,10.10,10.09,0.0101,2116,136
S1-1x,1483,16.433,9.10,9.11,0.0091,1064,136
S1-1x,1484,16.442,9.40,9.40,0.0094,5796,136
S1-1x,1485,16.452,9.48,9.48,0.0095,1828,136
S1-1x,1486,16.461,9.09,9.10,0.0091,1024,136
S1-1x,1487,16.470,9.10,9.09,0.0091,1152,136
S1-1x,1488,16.479,9.09,9.10,0.0091,2072,136
S1-1x,1489,16.493,14.27,14.21,0.0143,7303,136
S1-1x,1490,16.503,9.55,9.58,0.0096,1024,136
S1-1x,1491,16.512,9.30,9.31,0.0093,1024,136
S1-1x,1492,16.521,9.30,9.29,0.0093,1024,136
S1-1x,1493,16.530,9.09,9.10,0.0091,1024,136
S1-1x,1494,16.541,10.42,10.40,0.0104,1828,136
S1-1x,1495,16.550,9.28,9.29,0.0093,1104,136
S1-1x,1496,16.560,9.78,9.72,0.0098,1024,136
S1-1x,1497,16.569,9.21,9.27,0.0092,1076,136
S1-1x,1498,16.578,9.45,9.40,0.0094,1024,136
S1-1x,1499,16.588,9.67,9.69,0.0097,2136,136
S1-1x,1500,16.599,10.42,10.41,0.0104,4452,136
S1-1x,1501,16.609,10.40,10.39,0.0104,1498,135
S1-1x,1502,16.619,9.99,10.00,0.0100,1444,135
S1-1x,1503,16.631,11.45,11.41,0.0114,7281,135
S1-1x,1504,16.641,10.56,10.58,0.0106,1024,135
S1-1x,1505,16.651,9.62,9.61,0.0096,1024,135
S1-1x,1506,16.660,9.67,9.68,0.0097,1024,135
S1-1x,1507,16.671,10.28,10.30,0.0103,1828,135
S1-1x,1508,16.683,11.95,11.91,0.0120,1956,135
S1-1x,1509,16.693,10.07,10.09,0.0101,1024,135
S1-1x,1510,16.702,9.70,9.70,0.0097,1024,135
S1-1x,1511,16.712,9.48,9.49,0.0095,1024,135
S1-1x,1512,16.722,9.72,9.70,0.0097,1024,135
S1-1x,1513,16.732,10.40,10.40,0.0104,1828,135
S1-1x,1514,16.742,10.03,10.00,0.0100,1024,135
S1-1x,1515,16.752,9.77,9.79,0.0098,1024,135
S1-1x,1516,16.761,9.72,9.71,0.0097,1024,135
S1-1x,1517,16.771,9.46,9.48,0.0095,1076,135
S1-1x,1518,16.782,11.34,11.30,0.0113,8138,135
S1-1x,1519,16.793,10.51,10.49,0.0105,1024,135
S1-1x,1520,16.803,10.49,10.50,0.0105,2884,135
S1-1x,1521,16.813,9.91,9.91,0.0099,1024,135
S1-1x,1522,16.823,9.79,9.79,0.0098,1024,135
S1-1x,1523,16.834,11.10,11.10,0.0111,1828,135
S1-1x,1524,16.845,11.03,11.00,0.0110,1024,135
S1-1x,1525,16.855,10.35,10.40,0.0104,1024,135
S1-1x,1526,16.864,9.10,9.09,0.0091,1024,135
S1-1x,1527,16.874,9.50,9.51,0.0095,1024,135
S1-1x,1528,16.884,9.60,9.60,0.0096,1152,135
S1-1x,1529,16.893,9.21,9.19,0.0092,1024,135
S1-1x,1530,16.903,9.81,9.80,0.0098,1024,135
S1-1x,1531,16.912,9.31,9.30,0.0093,1024,135
S1-1x,1532,16.922,9.66,9.70,0.0097,1024,135
S1-1x,1533,16.932,10.10,10.09,0.0101,8487,135
S1-1x,1534,16.941,8.90,8.90,0.0089,1024,135
S1-1x,1535,16.950,8.94,8.90,0.0089,1024,135
S1-1x,1536,16.958,8.70,8.70,0.0087,1024,135
S1-1x,1537,16.967,8.88,8.90,0.0089,1024,135
S1-1x,1538,16.976,9.16,9.17,0.0092,1880,135
S1-1x,1539,16.985,8.72,8.71,0.0087,1564,135
S1-1x,1540,16.994,9.22,9.21,0.0092,1024,135
S1-1x,1541,17.004,9.62,9.60,0.0096,1312,135
S1-1x,1542,17.013,9.31,9.29,0.0093,1024,135
S1-1x,1543,17.023,9.48,9.48,0.0095,1024,135
S1-1x,1544,17.033,10.00,10.00,0.0100,1828,135
S1-1x,1545,17.042,9.40,9.40,0.0094,1024,135
S1-1x,1546,17.052,9.72,9.72,0.0097,2172,135
S1-1x,1547,17.061,9.27,9.28,0.0093,1024,135
S1-1x,1548,17.070,9.21,9.20,0.0092,1024,135
S1-1x,1549,17.081,10.90,10.90,0.0109,11594,135
S1-1x,1550,17.090,9.29,9.31,0.0093,1024,135
S1-1x,1551,17.099,8.92,8.90,0.0089,1024,135
S1-1x,1552,17.108,8.77,8.79,0.0088,1024,135
S1-1x,1553,17.118,9.71,9.71,0.0097,2372,135
S1-1x,1554,17.127,9.19,9.19,0.0092,2124,135
S1-1x,1555,17.136,8.98,8.98,0.0090,1024,135
S1-1x,1556,17.145,8.84,8.82,0.0088,1024,135
S1-1x,1557,17.155,9.77,9.79,0.0098,1828,135
S1-1x,1558,17.165,10.42,10.40,0.0104,1828,135
S1-1x,1559,17.174,9.39,9.39,0.0094,1024,135
S1-1x,1560,17.184,9.71,9.70,0.0097,1880,135
S1-1x,1561,17.193,9.18,9.20,0.0092,1024,135
S1-1x,1562,17.202,9.11,9.10,0.0091,1024,135
S1-1x,1563,17.212,9.31,9.30,0.0093,1152,135
S1-1x,1564,17.221,9.08,9.10,0.0091,1024,135
S1-1x,1565,17.234,13.10,13.09,0.0131,24822,135
S1-1x,1566,17.243,9.24,9.22,0.0092,1024,135
S1-1x,1567,17.253,9.97,9.99,0.0100,1828,135
S1-1x,1568,17.263,9.58,9.59,0.0096,1024,135
S1-1x,1569,17.272,9.31,9.30,0.0093,1024,135
S1-1x,1570,17.282,9.61,9.61,0.0096,1024,135
S1-1x,1571,17.291,9.10,9.10,0.0091,1024,135
S1-1x,1572,17.300,9.04,9.00,0.0090,1024,135
S1-1x,1573,17.309,9.15,9.19,0.0092,1024,135
S1-1x,1574,17.319,10.10,10.11,0.0101,1828,135
S1-1x,1575,17.329,9.80,9.78,0.0098,1024,135
S1-1x,1576,17.338,9.52,9.50,0.0095,1024,135
S1-1x,1577,17.347,9.07,9.09,0.0091,1024,135
S1-1x,1578,17.357,9.30,9.30,0.0093,1024,135
S1-1x,1579,17.367,9.79,9.79,0.0098,1828,135
S1-1x,1580,17.381,14.49,14.50,0.0145,32609,135
S1-1x,1581,17.392,10.61,10.61,0.0106,1880,135
S1-1x,1582,17.401,9.49,9.50,0.0095,1024,135
S1-1x,1583,17.410,9.21,9.20,0.0092,1024,135
S1-1x,1584,17.420,9.97,9.99,0.0100,1956,135
S1-1x,1585,17.430,9.41,9.41,0.0094,1024,135
S1-1x,1586,17.439,9.60,9.60,0.0096,2208,135
S1-1x,1587,17.448,9.12,9.11,0.0091,1024,135
S1-1x,1588,17.458,9.79,9.77,0.0098,1024,135
S1-1x,1589,17.469,10.91,10.89,0.0109,1024,135
S1-1x,1590,17.479,10.29,10.30,0.0103,1024,135
S1-1x,1591,17.489,9.52,9.52,0.0095,1024,135
S1-1x,1592,17.498,9.49,9.48,0.0095,1024,135
S1-1x,1593,17.508,9.60,9.61,0.0096,1024,135
S1-1x,1594,17.517,9.42,9.40,0.0094,3580,135
S1-1x,1595,17.533,15.49,15.49,0.0155,42891,135
S1-1x,1596,17.543,10.61,10.60,0.0106,1088,135
S1-1x,1597,17.555,10.99,10.99,0.0110,1828,135
S1-1x,1598,17.565,10.24,10.21,0.0102,1024,135
S1-1x,1599,17.574,9.75,9.79,0.0097,1088,135
S1-1x,1600,17.584,9.54,9.50,0.0095,1024,135
S1-1x,1601,17.594,9.96,10.00,0.0100,1076,135
S1-1x,1602,17.604,9.93,9.92,0.0099,1024,135
S1-1x,1603,17.614,10.37,10.38,0.0104,2372,135
S1-1x,1604,17.625,10.43,10.41,0.0104,1152,135
S1-1x,1605,17.636,11.04,11.00,0.0110,1024,135
S1-1x,1606,17.648,12.15,12.18,0.0122,3012,135
S1-1x,1607,17.658,10.50,10.50,0.0105,1024,135
S1-1x,1608,17.670,11.07,11.09,0.0111,1828,134
S1-1x,1609,17.690,20.73,20.69,0.0207,64479,134
S1-1x,1610,17.701,11.01,11.02,0.0110,1024,134
S1-1x,1611,17.712,10.78,10.78,0.0108,1024,134
S1-1x,1612,17.723,10.77,10.79,0.0108,1024,134
S1-1x,1613,17.734,11.06,11.03,0.0111,1024,134
S1-1x,1614,17.745,11.07,11.07,0.0111,1828,134
S1-1x,1615,17.756,11.13,11.11,0.0111,1024,134
S1-1x,1616,17.767,10.68,10.70,0.0107,3104,134
S1-1x,1617,17.777,10.68,10.70,0.0107,1024,134
S1-1x,1618,17.789,11.43,11.40,0.0114,1828,134
S1-1x,1619,17.799,10.69,10.69,0.0107,1076,134
S1-1x,1620,17.810,10.78,10.81,0.0108,1024,134
S1-1x,1621,17.833,22.80,22.79,0.0228,75690,134
S1-1x,1622,17.846,13.23,13.20,0.0132,2884,134
S1-1x,1623,17.860,13.98,13.99,0.0140,1828,131
S1-1x,1624,17.874,13.69,13.70,0.0137,1788,131
S1-1x,1625,17.888,13.52,13.49,0.0135,8068,131
S1-1x,1626,17.901,13.47,13.50,0.0135,1210,131
S1-1x,1627,17.915,13.45,13.40,0.0134,1828,130
S1-1x,1628,17.928,13.03,13.08,0.0130,984,130
S1-1x,1629,17.941,13.15,13.12,0.0131,1024,130
S1-1x,1630,17.953,12.81,12.81,0.0128,1828,130
S1-1x,1631,17.967,13.52,13.48,0.0135,1828,130
S1-1x,1632,17.994,27.37,27.40,0.0274,94561,129
S1-1x,1633,18.009,15.02,15.00,0.0150,1880,129
S1-1x,1634,18.024,14.86,14.69,0.0149,1828,129
S1-1x,1635,18.038,14.22,14.40,0.0142,1210,129
S1-1x,1636,18.052,13.41,13.41,0.0134,1024,129
S1-1x,1637,18.066,14.10,14.10,0.0141,1024,129
S1-1x,1638,18.080,14.39,14.39,0.0144,1828,129
S1-1x,1639,18.096,15.20,15.20,0.0152,1828,129
S1-1x,1640,18.110,14.70,14.69,0.0147,1828,129
S1-1x,1641,18.141,30.51,30.51,0.0305,98178,128
S1-1x,1642,18.156,15.22,15.21,0.0152,1184,128
S1-1x,1643,18.172,15.79,15.79,0.0158,1828,127
S1-1x,1644,18.187,15.32,15.30,0.0153,1024,127
S1-1x,1645,18.202,15.32,15.30,0.0153,1828,127
S1-1x,1646,18.218,15.26,15.29,0.0153,1076,127
S1-1x,1647,18.233,15.00,15.00,0.0150,1024,127
S1-1x,1648,18.248,14.93,14.89,0.0149,1024,127
S1-1x,1649,18.262,14.60,14.60,0.0146,1024,127
S1-1x,1650,18.295,32.55,32.59,0.0326,117677,127
S1-1x,1651,18.311,16.31,16.29,0.0163,1312,127
S1-1x,1652,18.327,15.62,15.60,0.0156,1024,127
S1-1x,1653,18.343,16.00,16.00,0.0160,1064,127
S1-1x,1654,18.358,14.87,14.88,0.0149,1024,127
S1-1x,1655,18.373,15.85,15.83,0.0159,1828,127
S1-1x,1656,18.388,14.89,14.89,0.0149,1024,127
S1-1x,1657,18.404,15.69,15.69,0.0157,1788,126
S1-1x,1658,18.419,15.08,15.10,0.0151,1076,126
S1-1x,1659,18.452,33.21,33.19,0.0332,106378,126
S1-1x,1660,18.469,16.84,16.85,0.0168,1024,126
S1-1x,1661,18.483,14.45,14.45,0.0144,1024,126
S1-1x,1662,18.498,14.59,14.59,0.0146,1024,126
S1-1x,1663,18.513,14.45,14.41,0.0144,1024,126
S1-1x,1664,18.527,14.56,14.59,0.0146,1024,126
S1-1x,1665,18.542,15.19,15.19,0.0152,1828,125
S1-1x,1666,18.557,14.21,14.21,0.0142,1024,125
S1-1x,1667,18.589,32.20,32.18,0.0322,100228,125
S1-1x,1668,18.606,16.90,16.92,0.0169,2372,125
S1-1x,1669,18.621,15.68,15.69,0.0157,1076,125
S1-1x,1670,18.637,15.33,15.30,0.0153,1024,125
S1-1x,1671,18.653,16.00,16.00,0.0160,1828,124
S1-1x,1672,18.668,15.38,15.40,0.0154,1024,124
S1-1x,1673,18.683,15.01,15.00,0.0150,1024,124
S1-1x,1674,18.699,15.52,15.50,0.0155,1024,124
S1-1x,1675,18.715,16.60,16.59,0.0166,1828,121
S1-1x,1676,18.746,30.36,30.39,0.0304,85878,121
S1-1x,1677,18.762,16.64,16.61,0.0166,1024,121
S1-1x,1678,18.778,15.77,15.79,0.0158,1024,121
S1-1x,1679,18.794,15.80,15.80,0.0158,1024,121
S1-1x,1680,18.810,16.21,16.19,0.0162,1152,121
S1-1x,1681,18.826,15.79,15.81,0.0158,1076,121
S1-1x,1682,18.841,15.30,15.29,0.0153,1024,121
S1-1x,1683,18.857,16.29,16.30,0.0163,1828,121
S1-1x,1684,18.885,27.20,27.20,0.0272,64353,121
S1-1x,1685,18.904,19.02,19.01,0.0190,5866,121
S1-1x,1686,18.920,16.67,16.69,0.0167,1024,121
S1-1x,1687,18.937,16.32,16.30,0.0163,1024,121
S1-1x,1688,18.953,16.49,16.49,0.0165,1024,121
S1-1x,1689,18.969,16.03,16.02,0.0160,1024,121
S1-1x,1690,18.985,15.90,15.89,0.0159,1024,121
S1-1x,1691,19.001,15.87,15.89,0.0159,1024,121
S1-1x,1692,19.026,25.59,25.59,0.0256,49106,121
S1-1x,1693,19.044,17.69,17.71,0.0177,1076,121
S1-1x,1694,19.061,16.53,16.50,0.0165,1024,121
S1-1x,1695,19.077,16.28,16.28,0.0163,1024,121
S1-1x,1696,19.093,16.11,16.12,0.0161,1024,121
S1-1x,1697,19.110,16.90,16.90,0.0169,1828,121
S1-1x,1698,19.127,17.10,17.09,0.0171,1828,121
S1-1x,1699,19.144,17.49,17.51,0.0175,1828,117
S1-1x,1700,19.162,17.80,17.80,0.0178,3400,112
S1-1x,1701,19.186,23.40,23.39,0.0234,27453,112
S1-1x,1702,19.204,17.91,17.90,0.0179,1828,112
S1-1x,1703,19.223,18.97,18.99,0.0190,3944,109
S1-1x,1704,19.240,17.44,17.41,0.0174,1024,109
S1-1x,1705,19.258,17.58,17.59,0.0176,1880,109
S1-1x,1706,19.276,18.37,18.39,0.0184,1956,108
S1-1x,1707,19.294,17.74,17.72,0.0177,1024,108
S1-1x,1708,19.312,17.99,18.00,0.0180,1828,105
S1-1x,1709,19.334,22.10,22.10,0.0221,5928,103
S1-1x,1710,19.355,20.94,20.90,0.0209,1024,103
S1-1x,1711,19.374,18.77,18.79,0.0188,1024,103
S1-1x,1712,19.393,19.17,19.19,0.0192,1748,99
S1-1x,1713,19.412,19.15,19.10,0.0191,1152,99
S1-1x,1714,19.430,18.49,18.50,0.0185,1024,99
S1-1x,1715,19.450,19.39,19.40,0.0194,3290,97
S1-1x,1716,19.470,20.61,20.60,0.0206,6008,95
S1-1x,1717,19.491,20.38,20.40,0.0204,3104,95
S1-1x,1718,19.510,18.91,18.89,0.0189,1024,95
S1-1x,1719,19.528,18.57,18.60,0.0186,1828,95
S1-1x,1720,19.548,19.34,19.31,0.0193,1828,95
S1-1x,1721,19.567,18.91,18.91,0.0189,1024,95
S1-1x,1722,19.585,18.61,18.59,0.0186,1024,95
S1-1x,1723,19.605,19.47,19.50,0.0195,1828,95
S1-1x,1724,19.625,20.87,20.88,0.0209,1956,95
S1-1x,1725,19.645,19.74,19.70,0.0197,1024,95
S1-1x,1726,19.663,18.31,18.30,0.0183,1024,95
S1-1x,1727,19.682,18.56,18.59,0.0186,1880,95
S1-1x,1728,19.700,18.25,18.20,0.0182,1024,95
S1-1x,1729,19.719,18.79,18.83,0.0188,1828,95
S1-1x,1730,19.736,17.29,17.26,0.0173,1024,95
S1-1x,1731,19.754,17.61,17.60,0.0176,1828,95
S1-1x,1732,19.774,19.56,19.59,0.0196,1828,95
S1-1x,1733,19.792,18.03,18.00,0.0180,1024,95
S1-1x,1734,19.809,17.70,17.70,0.0177,1828,95
S1-1x,1735,19.827,18.19,18.21,0.0182,1956,92
S1-1x,1736,19.845,17.71,17.70,0.0177,1828,91
S1-1x,1737,19.863,17.61,17.59,0.0176,1024,91
S1-1x,1738,19.880,17.58,17.59,0.0176,1828,91
S1-1x,1739,19.898,17.85,17.81,0.0179,1880,91
S1-1x,1740,19.918,19.61,19.60,0.0196,1828,88
S1-1x,1741,19.937,19.43,19.47,0.0194,1828,88
S1-1x,1742,19.955,18.03,18.01,0.0180,1868,88
S1-1x,1743,19.972,16.99,16.98,0.0170,1024,88
S1-1x,1744,19.989,16.82,16.81,0.0168,1152,88
S1-1x,1745,20.006,16.56,16.59,0.0166,1024,88
S1-1x,1746,20.023,17.10,17.09,0.0171,1828,88
S1-1x,1747,20.039,16.64,16.42,0.0166,1024,88
S1-1x,1748,20.055,15.67,15.89,0.0157,1024,88
S1-1x,1749,20.074,18.67,18.69,0.0187,5956,87
S1-1x,1750,20.090,16.55,16.51,0.0165,1024,87
S1-1x,1751,20.107,16.21,16.22,0.0162,1076,87
S1-1x,1752,20.123,16.77,16.78,0.0168,1828,87
S1-1x,1753,20.140,16.83,16.79,0.0168,1828,86
S1-1x,1754,20.156,16.05,16.10,0.0161,1788,86
S1-1x,1755,20.172,15.51,15.51,0.0155,1024,86
S1-1x,1756,20.186,14.31,14.29,0.0143,1024,86
S1-1x,1757,20.201,14.62,14.61,0.0146,1024,86
S1-1x,1758,20.217,16.47,16.50,0.0165,1828,86
S1-1x,1759,20.233,15.98,15.99,0.0160,1828,86
S1-1x,1760,20.248,14.82,14.81,0.0148,1024,86
S1-1x,1761,20.263,14.80,14.78,0.0148,1024,86
S1-1x,1762,20.277,14.09,14.12,0.0141,1024,86
S1-1x,1763,20.291,14.01,13.99,0.0140,1024,86
S1-1x,1764,20.306,14.81,14.82,0.0148,1880,86
S1-1x,1765,20.321,15.31,15.28,0.0153,1024,86
S1-1x,1766,20.337,15.81,15.80,0.0158,1828,86
S1-1x,1767,20.352,14.87,14.89,0.0149,1024,86
S1-1x,1768,20.369,17.52,17.53,0.0175,1788,84
S1-1x,1769,20.386,17.06,17.05,0.0171,1828,83
S1-1x,1770,20.403,16.64,16.63,0.0166,1210,83
S1-1x,1771,20.418,15.21,15.19,0.0152,864,83
S1-1x,1772,20.433,14.85,14.88,0.0149,1024,83
S1-1x,1773,20.448,15.14,15.10,0.0151,1828,83
S1-1x,1774,20.463,14.78,14.81,0.0148,1024,83
S1-1x,1775,20.477,14.67,14.69,0.0147,1024,83
S1-1x,1776,20.492,14.85,14.81,0.0149,1024,83
S1-1x,1777,20.509,16.90,16.90,0.0169,1880,83
S1-1x,1778,20.525,16.08,16.09,0.0161,1024,83
S1-1x,1779,20.540,14.40,14.39,0.0144,1024,83
S1-1x,1780,20.554,14.68,14.69,0.0147,1210,82
S1-1x,1781,20.569,14.75,14.72,0.0147,1024,81
S1-1x,1782,20.583,14.46,14.48,0.0145,1024,81
S1-1x,1783,20.598,14.40,14.39,0.0144,1024,81
S1-1x,1784,20.612,14.29,14.30,0.0143,1024,81
S1-1x,1785,20.627,14.80,14.79,0.0148,1024,81
S1-1x,1786,20.641,13.90,13.90,0.0139,1024,81
S1-1x,1787,20.657,15.82,15.81,0.0158,1956,80
S1-1x,1788,20.672,15.00,15.00,0.0150,1024,80
S1-1x,1789,20.686,14.11,14.10,0.0141,1024,80
S1-1x,1790,20.700,14.09,14.10,0.0141,1024,80
S1-1x,1791,20.716,15.59,15.59,0.0156,1880,80
S1-1x,1792,20.730,14.69,14.68,0.0147,1024,80
S1-1x,1793,20.745,14.83,14.81,0.0148,1024,80
S1-1x,1794,20.760,14.90,14.91,0.0149,1024,80
S1-1x,1795,20.774,14.49,14.50,0.0145,1024,80
S1-1x,1796,20.789,14.42,14.39,0.0144,1024,80
S1-1x,1797,20.806,17.42,17.41,0.0174,1828,80
S1-1x,1798,20.823,16.91,16.91,0.0169,1024,80
S1-1x,1799,20.839,15.36,15.39,0.0154,1024,80
S1-1x,1800,20.854,15.10,15.10,0.0151,1024,80
S1-1x,1801,20.869,15.67,15.68,0.0157,1152,80
S1-1x,1802,20.884,15.03,15.02,0.0150,1828,79
S1-1x,1803,20.899,14.78,14.79,0.0148,1024,79
S1-1x,1804,20.914,14.55,14.51,0.0146,1024,79
S1-1x,1805,20.929,15.57,15.58,0.0156,1880,79
S1-1x,1806,20.944,14.40,14.41,0.0144,1024,79
S1-1x,1807,20.960,16.46,16.48,0.0165,1828,79
S1-1x,1808,20.976,16.31,16.30,0.0163,1024,79
S1-1x,1809,20.991,14.42,14.39,0.0144,1568,79
S1-1x,1810,21.007,15.61,15.61,0.0156,1828,79
S1-1x,1811,21.022,15.58,15.58,0.0156,1828,79
S1-1x,1812,21.038,15.80,15.80,0.0158,1956,78
S1-1x,1813,21.053,14.92,14.91,0.0149,1024,78
S1-1x,1814,21.069,16.17,16.19,0.0162,1024,78
S1-1x,1815,21.086,17.53,17.52,0.0175,1956,78
S1-1x,1816,21.106,19.24,19.19,0.0192,1828,78
S1-1x,1817,21.124,18.35,18.29,0.0184,1024,78
S1-1x,1818,21.141,16.45,16.50,0.0164,1076,78
S1-1x,1819,21.158,17.25,17.28,0.0172,1828,78
S1-1x,1820,21.176,18.02,18.00,0.0180,2860,78
S1-1x,1821,21.193,17.21,17.19,0.0172,1828,78
S1-1x,1822,21.212,19.03,19.00,0.0190,1828,77
S1-1x,1823,21.231,18.52,18.57,0.0185,1210,75
S1-1x,1824,21.248,17.92,17.90,0.0179,984,75
S1-1x,1825,21.268,19.22,19.20,0.0192,1828,75
S1-1x,1826,21.286,18.77,18.79,0.0188,1152,75
S1-1x,1827,21.305,18.62,18.60,0.0186,1828,75
S1-1x,1828,21.322,17.38,17.40,0.0174,1828,75
S1-1x,1829,21.340,17.03,17.01,0.0170,1024,75
S1-1x,1830,21.357,17.49,17.50,0.0175,1880,75
S1-1x,1831,21.374,17.20,17.19,0.0172,1024,75
S1-1x,1832,21.392,17.47,17.50,0.0175,1828,75
S1-1x,1833,21.410,18.02,18.00,0.0180,1828,75
S1-1x,1834,21.427,17.37,17.38,0.0174,1024,75
S1-1x,1835,21.443,16.00,16.01,0.0160,1024,75
S1-1x,1836,21.460,16.85,16.81,0.0168,1024,75
S1-1x,1837,21.476,15.65,15.68,0.0157,1024,75
S1-1x,1838,21.492,15.92,15.91,0.0159,1152,75
S1-1x,1839,21.508,16.90,16.91,0.0169,1668,73
S1-1x,1840,21.524,16.09,16.09,0.0161,1024,73
S1-1x,1841,21.540,15.95,15.91,0.0160,1024,73
S1-1x,1842,21.559,18.65,18.68,0.0187,1880,73
S1-1x,1843,21.577,17.41,17.40,0.0174,1024,73
S1-1x,1844,21.592,15.59,15.60,0.0156,1024,73
S1-1x,1845,21.607,15.38,15.39,0.0154,1828,73
S1-1x,1846,21.622,14.62,14.60,0.0146,1024,73
S1-1x,1847,21.637,15.30,15.30,0.0153,1828,72
S1-1x,1848,21.652,15.09,15.09,0.0151,1788,72
S1-1x,1849,21.666,14.00,13.99,0.0140,1024,72
S1-1x,1850,21.681,14.89,14.90,0.0149,1828,66
S1-1x,1851,21.697,15.82,15.81,0.0158,1788,65
S1-1x,1852,21.713,15.49,15.49,0.0155,1024,65
S1-1x,1853,21.727,14.27,14.30,0.0143,1828,65
S1-1x,1854,21.741,14.47,14.40,0.0145,1828,61
S1-1x,1855,21.758,16.14,16.19,0.0161,1840,59
S1-1x,1856,21.771,13.50,13.50,0.0135,1024,59
S1-1x,1857,21.785,14.02,13.99,0.0140,1024,59
S1-1x,1858,21.799,14.42,14.41,0.0144,1828,59
S1-1x,1859,21.814,14.08,14.10,0.0141,1024,59
S1-1x,1860,21.827,13.59,13.60,0.0136,1024,59
S1-1x,1861,21.843,15.70,15.69,0.0157,1828,57
S1-1x,1862,21.858,15.14,15.12,0.0151,1828,57
S1-1x,1863,21.872,14.44,14.47,0.0144,1828,57
S1-1x,1864,21.887,14.31,14.31,0.0143,1828,57
S1-1x,1865,21.901,14.81,14.81,0.0148,1828,55
S1-1x,1866,21.915,13.72,13.70,0.0137,1024,55
S1-1x,1867,21.929,13.68,13.70,0.0137,1024,55
S1-1x,1868,21.943,13.91,13.89,0.0139,1024,55
S1-1x,1869,21.957,13.80,13.81,0.0138,1880,55
S1-1x,1870,21.970,13.67,13.68,0.0137,1024,55
S1-1x,1871,21.983,13.12,13.10,0.0131,1024,55
S1-1x,1872,21.998,15.01,15.02,0.0150,1828,53
S1-1x,1873,22.012,13.68,13.69,0.0137,1024,53
S1-1x,1874,22.026,13.70,13.70,0.0137,1024,53
S1-1x,1875,22.040,13.97,13.70,0.0140,1024,53
S1-1x,1876,22.055,15.37,15.60,0.0154,1828,53
S1-1x,1877,22.070,14.48,14.50,0.0145,1024,53
S1-1x,1878,22.084,13.91,13.90,0.0139,1024,53
S1-1x,1879,22.098,13.90,13.89,0.0139,1024,53
S1-1x,1880,22.111,13.28,13.29,0.0133,1024,53
S1-1x,1881,22.125,13.87,13.89,0.0139,1024,53
S1-1x,1882,22.139,14.45,14.42,0.0145,1828,53
S1-1x,1883,22.153,14.41,14.41,0.0144,1024,53
S1-1x,1884,22.167,13.27,13.29,0.0133,1076,53
S1-1x,1885,22.180,13.07,13.09,0.0131,1024,53
S1-1x,1886,22.194,13.75,13.70,0.0137,1828,53
S1-1x,1887,22.207,13.29,13.30,0.0133,1024,53
S1-1x,1888,22.221,13.88,13.90,0.0139,1956,53
S1-1x,1889,22.234,13.01,13.01,0.0130,1024,53
S1-1x,1890,22.246,12.50,12.48,0.0125,1024,53
S1-1x,1891,22.259,12.40,12.40,0.0124,1024,53
S1-1x,1892,22.271,12.00,12.00,0.0120,1024,53
S1-1x,1893,22.283,12.80,12.80,0.0128,1828,53
S1-1x,1894,22.297,13.61,13.58,0.0136,1828,50
S1-1x,1895,22.310,12.48,12.50,0.0125,1024,50
S1-1x,1896,22.322,12.30,12.31,0.0123,1024,50
S1-1x,1897,22.333,11.51,11.50,0.0115,1024,50
S1-1x,1898,22.345,11.50,11.49,0.0115,1024,50
S1-1x,1899,22.357,11.73,11.70,0.0117,1828,50
S1-1x,1900,22.368,11.39,11.40,0.0114,1076,50
S1-1x,1901,22.379,11.36,11.38,0.0114,1828,50
S1-1x,1902,22.391,11.22,11.22,0.0112,1024,50
S1-1x,1903,22.402,11.50,11.50,0.0115,1828,50
S1-1x,1904,22.413,11.31,11.29,0.0113,1024,50
S1-1x,1905,22.424,11.20,11.21,0.0112,1152,50
S1-1x,1906,22.437,12.79,12.79,0.0128,1828,50
S1-1x,1907,22.451,13.90,13.90,0.0139,1828,49
S1-1x,1908,22.464,12.80,12.79,0.0128,9168,49
S1-1x,1909,22.477,12.50,12.51,0.0125,1024,49
S1-1x,1910,22.488,11.46,11.40,0.0115,1024,49
S1-1x,1911,22.500,11.75,11.78,0.0118,1024,49
S1-1x,1912,22.511,11.60,11.60,0.0116,1024,49
S1-1x,1913,22.523,11.81,11.80,0.0118,1024,49
S1-1x,1914,22.535,11.91,11.91,0.0119,1828,49
S1-1x,1915,22.547,11.88,11.89,0.0119,1024,49
S1-1x,1916,22.558,11.21,11.20,0.0112,1024,49
S1-1x,1917,22.570,11.48,11.50,0.0115,1880,49
S1-1x,1918,22.581,11.66,11.61,0.0117,1024,49
S1-1x,1919,22.593,12.13,12.18,0.0121,1828,49
S1-1x,1920,22.606,12.13,12.10,0.0121,1024,49
S1-1x,1921,22.617,11.28,11.30,0.0113,1024,49
S1-1x,1922,22.628,11.18,11.19,0.0112,1024,49
S1-1x,1923,22.639,11.36,11.32,0.0114,1024,49
S1-1x,1924,22.651,11.17,11.18,0.0112,1024,49
S1-1x,1925,22.662,11.59,11.60,0.0116,1828,49
S1-1x,1926,22.674,11.99,12.00,0.0120,1828,49
S1-1x,1927,22.686,12.11,12.10,0.0121,1828,49
S1-1x,1928,22.697,11.17,11.11,0.0112,1024,49
S1-1x,1929,22.708,10.84,10.88,0.0108,1024,49
S1-1x,1930,22.719,10.90,10.89,0.0109,1024,49
S1-1x,1931,22.731,11.43,11.41,0.0114,1024,49
S1-1x,1932,22.744,13.07,13.08,0.0131,1828,49
S1-1x,1933,22.756,12.51,12.51,0.0125,1024,49
S1-1x,1934,22.768,11.89,11.89,0.0119,1828,49
S1-1x,1935,22.780,12.21,12.21,0.0122,1880,49
S1-1x,1936,22.792,11.42,11.40,0.0114,1152,49
S1-1x,1937,22.802,10.86,10.88,0.0109,1024,49
S1-1x,1938,22.813,10.51,10.50,0.0105,1024,49
S1-1x,1939,22.824,10.85,10.82,0.0109,1024,49
S1-1x,1940,22.835,11.05,11.08,0.0110,1024,49
S1-1x,1941,22.845,10.51,10.51,0.0105,1024,49
S1-1x,1942,22.856,10.40,10.39,0.0104,1024,49
S1-1x,1943,22.866,10.18,10.18,0.0102,1024,49
S1-1x,1944,22.876,9.88,9.91,0.0099,1024,49
S1-1x,1945,22.887,11.57,11.52,0.0116,1828,49
S1-1x,1946,22.899,11.69,11.69,0.0117,1024,49
S1-1x,1947,22.910,10.36,10.39,0.0104,1024,49
S1-1x,1948,22.920,10.27,10.28,0.0103,1024,49
S1-1x,1949,22.930,10.33,10.31,0.0103,1024,49
S1-1x,1950,22.940,9.99,10.00,0.0100,1024,49
S1-1x,1951,22.950,9.81,9.80,0.0098,1024,49
S1-1x,1952,22.960,10.10,10.10,0.0101,1024,49
S1-1x,1953,22.970,9.79,9.78,0.0098,1024,49
S1-1x,1954,22.980,10.00,10.02,0.0100,1076,49
S1-1x,1955,22.991,10.90,10.89,0.0109,1828,49
S1-1x,1956,23.002,11.51,11.51,0.0115,1338,49
S1-1x,1957,23.013,11.15,11.11,0.0112,1024,49
S1-1x,1958,23.025,11.95,11.97,0.0119,1024,49
S1-1x,1959,23.038,12.15,12.12,0.0122,1828,49
S1-1x,1960,23.049,11.87,11.88,0.0119,1024,49
S1-1x,1961,23.060,11.03,11.00,0.0110,1152,49
S1-1x,1962,23.072,11.96,11.99,0.0120,1828,48
S1-1x,1963,23.084,11.50,11.49,0.0115,984,48
S1-1x,1964,23.095,10.69,10.69,0.0107,1024,48
S1-1x,1965,23.106,11.12,11.10,0.0111,1024,48
S1-1x,1966,23.117,11.37,11.40,0.0114,1064,48
S1-1x,1967,23.128,10.99,10.99,0.0110,1024,48
S1-1x,1968,23.140,12.24,12.22,0.0122,1828,48
S1-1x,1969,23.152,11.56,11.59,0.0116,1828,48
S1-1x,1970,23.164,12.33,12.31,0.0123,1828,47
S1-1x,1971,23.177,12.39,12.41,0.0124,1828,44
S1-1x,1972,23.190,13.32,13.29,0.0133,1880,43
S1-1x,1973,23.202,11.69,11.70,0.0117,1024,43
S1-1x,1974,23.213,11.48,11.50,0.0115,1152,43
S1-1x,1975,23.224,11.27,11.29,0.0113,1024,43
S1-1x,1976,23.236,11.44,11.40,0.0114,1024,43
S1-1x,1977,23.247,11.38,11.40,0.0114,1024,43
S1-1x,1978,23.258,10.73,10.69,0.0107,1024,43
S1-1x,1979,23.270,12.19,12.20,0.0122,1916,42
S1-1x,1980,23.281,11.28,11.30,0.0113,1024,42
S1-1x,1981,23.293,11.20,11.19,0.0112,1024,42
S1-1x,1982,23.304,11.61,11.60,0.0116,1024,42
S1-1x,1983,23.316,12.22,12.20,0.0122,1828,42
S1-1x,1984,23.330,13.49,13.50,0.0135,1828,41
S1-1x,1985,23.343,12.92,12.90,0.0129,1024,41
S1-1x,1986,23.356,12.80,12.79,0.0128,1788,40
S1-1x,1987,23.368,12.38,12.39,0.0124,1024,40
S1-1x,1988,23.380,11.92,11.91,0.0119,1024,40
S1-1x,1989,23.392,12.19,12.20,0.0122,1076,40
S1-1x,1990,23.404,11.59,11.59,0.0116,1024,40
S1-1x,1991,23.415,11.81,11.81,0.0118,1024,40
S1-1x,1992,23.427,11.89,11.89,0.0119,1828,39
S1-1x,1993,23.440,12.69,12.60,0.0127,1828,39
S1-1x,1994,23.454,13.81,13.90,0.0138,2516,39
S1-1x,1995,23.468,13.69,13.69,0.0137,1828,39
S1-1x,1996,23.480,13.00,12.99,0.0130,1956,36
S1-1x,1997,23.493,12.91,12.91,0.0129,1024,36
S1-1x,1998,23.505,11.50,11.49,0.0115,1024,36
S1-1x,1999,23.516,11.51,11.51,0.0115,1024,36
S1-1x,2000,23.528,11.37,11.39,0.0114,1024,36
S1-1x,2001,23.539,11.48,11.41,0.0115,1024,36
S1-1x,2002,23.551,11.64,11.69,0.0116,1024,36
S1-1x,2003,23.564,12.71,12.70,0.0127,1788,31
S1-1x,2004,23.575,11.66,11.68,0.0117,1024,31
S1-1x,2005,23.588,12.43,12.40,0.0124,1828,29
S1-1x,2006,23.600,12.70,12.70,0.0127,1880,28
S1-1x,2007,23.612,11.79,11.81,0.0118,1024,28
S1-1x,2008,23.624,12.26,12.28,0.0123,1828,25
S1-1x,2009,23.637,12.64,12.61,0.0126,1828,23
S1-1x,2010,23.649,12.18,12.19,0.0122,1024,23
S1-1x,2011,23.661,11.60,11.60,0.0116,1828,22
S1-1x,2012,23.673,12.43,12.41,0.0124,1828,17
S1-1x,2013,23.684,11.08,11.09,0.0111,984,17
S1-1x,2014,23.695,10.99,10.99,0.0110,1024,17
S1-1x,2015,23.707,11.70,11.70,0.0117,1828,16
S1-1x,2016,23.718,10.95,10.91,0.0110,1024,16
S1-1x,2017,23.730,11.78,11.79,0.0118,1828,13
S1-1x,2018,23.741,11.50,11.51,0.0115,1024,13
S1-1x,2019,23.753,11.90,11.90,0.0119,2524,6
S1-1x,2020,23.765,11.98,11.98,0.0120,1748,5
S1-1x,2021,23.777,11.49,11.50,0.0115,1828,5
S1-1x,2022,23.787,10.70,10.69,0.0107,1024,5
S1-1x,2023,23.798,10.19,10.20,0.0102,1024,5
S1-1x,2024,23.808,10.39,10.40,0.0104,1880,5
S1-1x,2025,23.819,11.08,11.08,0.0111,1828,5
S1-1x,2026,23.829,10.03,10.02,0.0100,1024,5
S1-1x,2027,23.839,10.31,10.31,0.0103,1828,5
S1-1x,2028,23.849,9.97,9.98,0.0100,1024,5
S1-1x,2029,23.859,9.73,9.72,0.0097,1024,5
S1-1x,2030,23.869,10.16,10.17,0.0102,1748,3
S1-1x,2031,23.880,10.90,10.84,0.0109,1668,0
S1-1x,2032,23.902,22.24,22.27,0.0222,46987,1
S1-1x,2033,23.914,11.71,11.70,0.0117,12240,3
S1-1x,2034,23.926,11.47,11.49,0.0115,12240,4
S1-1x,2035,23.936,10.74,10.70,0.0107,12240,5
S1-1x,2036,23.947,10.69,10.70,0.0107,12240,6
S1-1x,2037,23.958,10.52,10.51,0.0105,12240,7
S1-1x,2038,23.971,13.47,13.48,0.0135,6632,8
S1-1x,2039,23.980,9.31,9.31,0.0093,1024,10
S1-1x,2040,23.990,9.32,9.29,0.0093,1024,11
S1-1x,2041,23.999,9.59,9.60,0.0096,1024,11
S1-1x,2042,24.008,9.19,9.19,0.0092,1076,12
S1-1x,2043,24.018,9.32,9.31,0.0093,1024,13
S1-1x,2044,24.027,9.16,9.19,0.0092,1024,14
S1-1x,2045,24.036,8.99,8.99,0.0090,1064,15
S1-1x,2046,24.045,9.24,9.02,0.0092,1024,16
S1-1x,2047,24.054,9.10,9.30,0.0091,1024,17
S1-1x,2048,24.063,8.88,8.89,0.0089,1024,18
S1-1x,2049,24.072,8.49,8.49,0.0085,1024,19
S1-1x,2050,24.080,8.62,8.61,0.0086,1024,20
S1-1x,2051,24.089,9.10,9.09,0.0091,1024,21
S1-1x,2052,24.097,8.23,8.20,0.0082,1024,21
S1-1x,2053,24.106,8.47,8.50,0.0085,1024,22
S1-1x,2054,24.116,9.61,9.59,0.0096,1828,23
S1-1x,2055,24.124,8.56,8.59,0.0086,1024,24
S1-1x,2056,24.132,7.82,7.80,0.0078,1024,25
S1-1x,2057,24.140,8.19,8.20,0.0082,1024,26
S1-1x,2058,24.148,8.02,8.00,0.0080,1024,27
S1-1x,2059,24.156,7.88,7.90,0.0079,1024,27
S1-1x,2060,24.164,7.89,7.90,0.0079,1024,28
S1-1x,2061,24.172,7.80,7.81,0.0078,1024,29
S1-1x,2062,24.180,7.80,7.78,0.0078,1024,30
S1-1x,2063,24.188,8.00,8.00,0.0080,1024,30
S1-1x,2064,24.195,7.82,7.81,0.0078,1024,31
S1-1x,2065,24.203,7.89,7.88,0.0079,1024,32
S1-1x,2066,24.211,7.90,7.91,0.0079,1076,33
S1-1x,2067,24.219,8.00,8.00,0.0080,1024,34
S1-1x,2068,24.227,7.70,7.69,0.0077,944,34
S1-1x,2069,24.235,7.68,7.70,0.0077,1024,35
S1-1x,2070,24.242,7.41,7.40,0.0074,1024,36
S1-1x,2071,24.249,7.39,7.39,0.0074,1024,37
S1-1x,2072,24.256,7.14,7.10,0.0071,1024,37
S1-1x,2073,24.264,7.26,7.30,0.0073,1024,38
S1-1x,2074,24.271,7.09,7.09,0.0071,1024,39
S1-1x,2075,24.278,7.11,7.10,0.0071,1024,40
S1-1x,2076,24.285,6.90,6.90,0.0069,1024,40
S1-1x,2077,24.292,7.20,7.20,0.0072,1024,41
S1-1x,2078,24.299,7.00,7.00,0.0070,1024,42
S1-1x,2079,24.306,6.91,6.90,0.0069,1024,42
S1-1x,2080,24.314,7.64,7.62,0.0076,1024,43
S1-1x,2081,24.321,7.05,7.07,0.0070,1024,44
S1-1x,2082,24.328,7.61,7.60,0.0076,1024,45
S1-1x,2083,24.336,7.28,7.29,0.0073,1024,45
S1-1x,2084,24.343,7.43,7.41,0.0074,1024,46
S1-1x,2085,24.350,7.10,7.10,0.0071,1024,47
S1-1x,2086,24.358,7.49,7.49,0.0075,1828,47
S1-1x,2087,24.365,7.29,7.29,0.0073,1024,48
S1-1x,2088,24.372,6.88,6.90,0.0069,1024,49
S1-1x,2089,24.379,7.33,7.30,0.0073,1024,50
S1-1x,2090,24.386,7.20,7.20,0.0072,1024,50
S1-1x,2091,24.393,6.98,6.99,0.0070,1024,51
S1-1x,2092,24.400,6.70,6.70,0.0067,1024,52
S1-1x,2093,24.406,6.41,6.39,0.0064,1024,52
S1-1x,2094,24.413,6.60,6.60,0.0066,1076,53
S1-1x,2095,24.420,6.68,6.69,0.0067,1024,54
S1-1x,2096,24.426,6.71,6.70,0.0067,1024,54
S1-1x,2097,24.433,6.79,6.80,0.0068,1024,55
S1-1x,2098,24.440,7.22,7.20,0.0072,1024,56
S1-1x,2099,24.448,7.21,7.20,0.0072,1024,57
S1-1x,2100,24.455,7.35,7.32,0.0074,1024,57
S1-1x,2101,24.463,7.87,7.88,0.0079,1024,58
S1-1x,2102,24.471,7.80,7.79,0.0078,1024,59
S1-1x,2103,24.478,7.47,7.49,0.0075,1024,60
S1-1x,2104,24.485,7.31,7.31,0.0073,1024,60
S1-1x,2105,24.493,7.39,7.39,0.0074,1024,61
S1-1x,2106,24.500,7.29,7.30,0.0073,1024,62
S1-1x,2107,24.507,7.02,7.00,0.0070,1024,62
S1-1x,2108,24.514,7.11,7.10,0.0071,1024,63
S1-1x,2109,24.521,7.08,7.09,0.0071,1024,64
S1-1x,2110,24.529,7.62,7.59,0.0076,1024,65
S1-1x,2111,24.536,7.09,7.10,0.0071,1024,65
S1-1x,2112,24.544,7.59,7.60,0.0076,1024,66
S1-1x,2113,24.550,6.90,6.90,0.0069,1024,67
S1-1x,2114,24.557,7.02,7.01,0.0070,1024,68
S1-1x,2115,24.564,6.93,6.91,0.0069,1024,68
S1-1x,2116,24.571,6.73,6.77,0.0067,1024,69
S1-1x,2117,24.578,7.16,7.11,0.0072,1024,70
S1-1x,2118,24.585,6.86,6.89,0.0069,1024,70
S1-1x,2119,24.592,7.00,7.00,0.0070,1024,71
S1-1x,2120,24.599,7.11,7.11,0.0071,1024,72
S1-1x,2121,24.606,6.50,6.49,0.0065,1024,72
S1-1x,2122,24.613,7.11,7.10,0.0071,1024,73
S1-1x,2123,24.620,6.88,6.90,0.0069,1076,74
S1-1x,2124,24.627,7.11,7.10,0.0071,1024,74
S1-1x,2125,24.634,6.91,6.90,0.0069,1024,75
S1-1x,2126,24.641,7.00,7.01,0.0070,1024,76
S1-1x,2127,24.648,6.91,6.90,0.0069,1024,77
S1-1x,2128,24.654,6.70,6.70,0.0067,1024,77
S1-1x,2129,24.661,7.10,7.10,0.0071,1152,78
S1-1x,2130,24.669,7.37,7.38,0.0074,1828,79
S1-1x,2131,24.676,7.23,7.22,0.0072,1024,79
S1-1x,2132,24.683,6.67,6.69,0.0067,1024,80
S1-1x,2133,24.689,6.52,6.50,0.0065,1024,81
S1-1x,2134,24.696,6.58,6.60,0.0066,1024,81
S1-1x,2135,24.703,6.70,6.70,0.0067,1024,82
S1-1x,2136,24.709,6.49,6.50,0.0065,1024,83
S1-1x,2137,24.716,6.50,6.50,0.0065,1024,83
S1-1x,2138,24.722,6.49,6.50,0.0065,1024,84
S1-1x,2139,24.728,6.40,6.39,0.0064,1024,85
S1-1x,2140,24.734,6.09,6.10,0.0061,1024,85
S1-1x,2141,24.741,6.34,6.30,0.0063,1024,86
S1-1x,2142,24.748,6.67,6.69,0.0067,1828,87
S1-1x,2143,24.754,6.51,6.50,0.0065,1024,87
S1-1x,2144,24.760,6.29,6.30,0.0063,1024,88
S1-1x,2145,24.767,6.31,6.29,0.0063,1024,89
S1-1x,2146,24.773,6.29,6.29,0.0063,1024,89
S1-1x,2147,24.779,6.44,6.41,0.0064,1024,90
S1-1x,2148,24.786,6.48,6.50,0.0065,1024,90
S1-1x,2149,24.793,6.72,6.70,0.0067,1024,91
S1-1x,2150,24.799,6.18,6.20,0.0062,1024,92
S1-1x,2151,24.805,6.32,6.31,0.0063,1024,92
S1-1x,2152,24.812,6.54,6.49,0.0065,1024,93
S1-1x,2153,24.819,7.24,7.28,0.0072,1024,94
S1-1x,2154,24.825,6.54,6.52,0.0065,1076,94
S1-1x,2155,24.832,6.77,6.78,0.0068,1024,95
S1-1x,2156,24.839,6.51,6.50,0.0065,1024,96
S1-1x,2157,24.845,6.23,6.20,0.0062,1024,96
S1-1x,2158,24.851,6.25,6.29,0.0062,1024,97
S1-1x,2159,24.857,6.22,6.21,0.0062,1024,98
S1-1x,2160,24.863,6.09,6.09,0.0061,1152,98
S1-1x,2161,24.870,6.22,6.23,0.0062,1024,99
S1-1x,2162,24.876,6.29,6.27,0.0063,1024,99
S1-1x,2163,24.883,6.69,6.70,0.0067,1024,100
S1-1x,2164,24.889,6.31,6.29,0.0063,1024,101
S1-1x,2165,24.895,6.53,6.51,0.0065,1024,101
S1-1x,2166,24.902,6.28,6.30,0.0063,1024,102
S1-1x,2167,24.908,6.18,6.18,0.0062,1024,103
S1-1x,2168,24.914,6.30,6.30,0.0063,1152,103
S1-1x,2169,24.920,6.22,6.21,0.0062,1024,104
S1-1x,2170,24.927,6.19,6.20,0.0062,1024,105
S1-1x,2171,24.933,6.21,6.20,0.0062,1024,105
S1-1x,2172,24.939,6.40,6.40,0.0064,1024,106
S1-1x,2173,24.946,6.72,6.69,0.0067,1024,106
S1-1x,2174,24.952,6.49,6.50,0.0065,1568,107
S1-1x,2175,24.959,6.50,6.50,0.0065,1024,108
S1-1x,2176,24.965,6.19,6.20,0.0062,1024,108
S1-1x,2177,24.971,6.08,6.08,0.0061,1024,109
S1-1x,2178,24.978,6.43,6.41,0.0064,1024,110
S1-1x,2179,24.984,6.19,6.20,0.0062,1024,110
S1-1x,2180,24.990,6.40,6.40,0.0064,1024,111
S1-1x,2181,24.996,6.22,6.20,0.0062,1024,112
S1-1x,2182,25.002,6.08,6.09,0.0061,1024,112
S1-1x,2183,25.009,6.42,6.42,0.0064,1024,113
S1-1x,2184,25.015,6.29,6.29,0.0063,1024,113
S1-1x,2185,25.021,6.19,6.19,0.0062,1024,114
S1-1x,2186,25.028,6.31,6.30,0.0063,1076,115
S1-1x,2187,25.034,6.50,6.51,0.0065,1024,115
S1-1x,2188,25.041,6.29,6.29,0.0063,1024,116
S1-1x,2189,25.047,6.52,6.51,0.0065,1024,117
S1-1x,2190,25.054,6.49,6.51,0.0065,1024,117
S1-1x,2191,25.060,6.39,6.39,0.0064,1024,118
S1-1x,2192,25.066,6.18,6.18,0.0062,1152,118
S1-1x,2193,25.073,6.60,6.60,0.0066,1024,119
S1-1x,2194,25.079,6.73,6.71,0.0067,1024,120
S1-1x,2195,25.086,6.49,6.49,0.0065,1024,120
S1-1x,2196,25.093,7.40,7.41,0.0074,1828,121
S1-1x,2197,25.100,6.79,6.79,0.0068,1024,122
S1-1x,2198,25.107,6.59,6.60,0.0066,1024,123
S1-1x,2199,25.113,6.51,6.50,0.0065,1024,123
S1-1x,2200,25.120,6.80,6.80,0.0068,1152,124
S1-1x,2201,25.126,6.39,6.39,0.0064,984,124
S1-1x,2202,25.133,6.60,6.60,0.0066,1024,125
S1-1x,2203,25.140,7.42,7.40,0.0074,1828,126
S1-1x,2204,25.148,7.49,7.49,0.0075,1828,127
S1-1x,2205,25.155,6.81,6.80,0.0068,1024,127
S1-1x,2206,25.161,6.68,6.70,0.0067,1024,128
S1-1x,2207,25.169,7.39,7.39,0.0074,1828,129
S1-1x,2208,25.176,7.25,7.21,0.0073,1024,129
S1-1x,2209,25.183,6.97,6.99,0.0070,1024,130
S1-1x,2210,25.190,6.79,6.79,0.0068,1024,131
S1-1x,2211,25.197,7.50,7.50,0.0075,1828,131
S1-1x,2212,25.205,7.82,7.80,0.0078,1828,132
S1-1x,2213,25.212,7.07,7.10,0.0071,1024,133
S1-1x,2214,25.219,6.88,6.89,0.0069,1024,134
S1-1x,2215,25.226,6.52,6.51,0.0065,1024,134
S1-1x,2216,25.232,6.70,6.69,0.0067,1076,135
S1-1x,2217,25.239,6.91,6.90,0.0069,1024,136
S1-1x,2218,25.247,7.41,7.41,0.0074,1828,136
S1-1x,2219,25.254,6.99,7.00,0.0070,1024,137
S1-1x,2220,25.261,7.50,7.49,0.0075,1828,138
S1-1x,2221,25.269,7.72,7.73,0.0077,1024,139
S1-1x,2222,25.276,7.36,7.36,0.0074,1828,139
S1-1x,2223,25.283,7.01,7.00,0.0070,1024,140
S1-1x,2224,25.290,7.11,7.10,0.0071,1024,141
S1-1x,2225,25.299,8.50,8.49,0.0085,1828,142
S1-1x,2226,25.307,8.00,8.00,0.0080,1024,142
S1-1x,2227,25.315,7.86,7.81,0.0079,1024,143
S1-1x,2228,25.322,7.70,7.69,0.0077,1152,144
S1-1x,2229,25.330,7.88,7.89,0.0079,1024,145
S1-1x,2230,25.339,8.30,8.30,0.0083,1828,146
S1-1x,2231,25.347,8.38,8.39,0.0084,1828,146
S1-1x,2232,25.355,7.89,7.90,0.0079,1024,147
S1-1x,2233,25.362,7.51,7.50,0.0075,1024,148
S1-1x,2234,25.370,7.69,7.69,0.0077,1024,149
S1-1x,2235,25.379,8.71,8.71,0.0087,1828,149
S1-1x,2236,25.387,8.21,8.20,0.0082,1024,150
S1-1x,2237,25.395,7.99,7.99,0.0080,1024,151
S1-1x,2238,25.403,7.91,7.90,0.0079,1024,152
S1-1x,2239,25.411,7.99,8.01,0.0080,1024,153
S1-1x,2240,25.419,8.07,8.07,0.0081,1024,154
S1-1x,2241,25.427,8.34,8.32,0.0083,1828,154
S1-1x,2242,25.436,8.30,8.30,0.0083,1076,155
S1-1x,2243,25.444,8.09,8.10,0.0081,1024,156
S1-1x,2244,25.452,8.04,8.01,0.0080,1024,157
S1-1x,2245,25.460,7.97,7.99,0.0080,1024,158
S1-1x,2246,25.467,7.69,7.70,0.0077,1024,158
S1-1x,2247,25.475,7.93,7.91,0.0079,1024,159
S1-1x,2248,25.483,7.98,7.98,0.0080,1024,160
S1-1x,2249,25.491,7.88,7.90,0.0079,1024,161
S1-1x,2250,25.499,8.01,8.00,0.0080,1024,162
S1-1x,2251,25.507,7.80,7.80,0.0078,1024,162
S1-1x,2252,25.515,7.95,7.92,0.0080,1024,163
S1-1x,2253,25.523,8.04,8.08,0.0080,1024,164
S1-1x,2254,25.532,8.89,8.81,0.0089,1828,165
S1-1x,2255,25.540,8.24,8.29,0.0082,1024,166
S1-1x,2256,25.548,7.91,7.89,0.0079,1024,166
S1-1x,2257,25.556,8.19,8.20,0.0082,1024,167
S1-1x,2258,25.564,7.99,8.00,0.0080,1024,168
S1-1x,2259,25.572,7.86,7.89,0.0079,1024,169
S1-1x,2260,25.580,7.93,7.91,0.0079,1024,170
S1-1x,2261,25.588,7.51,7.49,0.0075,1024,170
S1-1x,2262,25.596,8.78,8.79,0.0088,1024,171
S1-1x,2263,25.605,8.74,8.71,0.0087,1024,172
S1-1x,2264,25.613,8.39,8.39,0.0084,1024,173
S1-1x,2265,25.621,7.96,7.99,0.0080,1024,174
S1-1x,2266,25.628,7.10,7.09,0.0071,1024,175
S1-1x,2267,25.636,7.30,7.31,0.0073,1076,175
S1-1x,2268,25.643,7.49,7.49,0.0075,1024,176
S1-1x,2269,25.651,7.64,7.60,0.0076,1024,177
S1-1x,2270,25.659,7.89,7.90,0.0079,1024,178
S1-1x,2271,25.666,7.49,7.49,0.0075,1024,178
S1-1x,2272,25.674,7.70,7.71,0.0077,1024,179
S1-1x,2273,25.682,7.70,7.69,0.0077,1024,180
S1-1x,2274,25.690,8.32,8.30,0.0083,1828,181
S1-1x,2275,25.699,8.53,8.51,0.0085,1024,181
S1-1x,2276,25.707,8.05,8.00,0.0081,1024,182
S1-1x,2277,25.715,8.43,8.49,0.0084,984,183
S1-1x,2278,25.723,8.09,8.09,0.0081,1024,184
S1-1x,2279,25.732,8.83,8.81,0.0088,1828,185
S1-1x,2280,25.741,8.64,8.68,0.0086,1024,186
S1-1x,2281,25.749,8.82,8.81,0.0088,1828,187
S1-1x,2282,25.758,8.40,8.39,0.0084,1024,187
S1-1x,2283,25.766,8.08,8.09,0.0081,1024,188
S1-1x,2284,25.774,8.23,8.21,0.0082,1024,189
S1-1x,2285,25.782,8.33,8.31,0.0083,1024,190
S1-1x,2286,25.791,8.10,8.10,0.0081,1024,191
S1-1x,2287,25.800,9.01,8.98,0.0090,1828,192
S1-1x,2288,25.808,8.59,8.60,0.0086,1024,192
S1-1x,2289,25.816,7.99,7.99,0.0080,1024,193
S1-1x,2290,25.824,7.86,7.88,0.0079,1024,194
S1-1x,2291,25.832,8.03,8.01,0.0080,1024,195
S1-1x,2292,25.840,7.86,7.80,0.0079,1076,196
S1-1x,2293,25.848,8.24,8.29,0.0082,1024,196
S1-1x,2294,25.856,8.22,8.20,0.0082,1024,197
S1-1x,2295,25.864,7.99,7.99,0.0080,1024,198
S1-1x,2296,25.874,9.18,9.21,0.0092,1828,199
S1-1x,2297,25.882,8.51,8.51,0.0085,1024,200
S1-1x,2298,25.890,8.12,8.09,0.0081,1024,201
S1-1x,2299,25.899,8.76,8.79,0.0088,1828,201
S1-1x,2300,25.907,8.20,8.20,0.0082,1024,202
S1-1x,2301,25.915,8.12,8.10,0.0081,1024,203
S1-1x,2302,25.923,8.03,7.99,0.0080,1024,204
S1-1x,2303,25.932,8.28,8.31,0.0083,1024,205
S1-1x,2304,25.940,8.10,8.10,0.0081,1024,206
S1-1x,2305,25.948,8.11,8.10,0.0081,1024,206
S1-1x,2306,25.956,7.99,7.99,0.0080,1024,207
S1-1x,2307,25.964,8.01,8.01,0.0080,1024,208
S1-1x,2308,25.972,8.08,8.09,0.0081,1024,209
S1-1x,2309,25.980,7.78,7.80,0.0078,1024,210
S1-1x,2310,25.987,7.90,7.89,0.0079,1024,210
S1-1x,2311,25.995,7.90,7.90,0.0079,1024,211
S1-1x,2312,26.003,7.99,7.99,0.0080,1024,212
S1-1x,2313,26.011,8.02,8.02,0.0080,1024,213
S1-1x,2314,26.019,7.47,7.49,0.0075,1024,214
S1-1x,2315,26.026,7.34,7.30,0.0073,1024,214
S1-1x,2316,26.034,7.39,7.40,0.0074,1024,215
S1-1x,2317,26.041,7.40,7.40,0.0074,1076,216
S1-1x,2318,26.048,7.43,7.20,0.0074,1024,217
S1-1x,2319,26.056,7.27,7.49,0.0073,1024,217
S1-1x,2320,26.063,7.40,7.39,0.0074,1024,218
S1-1x,2321,26.070,7.29,7.31,0.0073,1024,219
S1-1x,2322,26.078,7.32,7.29,0.0073,1024,220
S1-1x,2323,26.085,7.18,7.20,0.0072,1024,220
S1-1x,2324,26.092,7.22,7.21,0.0072,1024,221
S1-1x,2325,26.099,7.40,7.40,0.0074,1024,222
S1-1x,2326,26.107,7.52,7.50,0.0075,1024,222
S1-1x,2327,26.114,7.17,7.18,0.0072,1024,223
S1-1x,2328,26.122,7.39,7.40,0.0074,1024,224
S1-1x,2329,26.129,7.22,7.20,0.0072,1024,225
S1-1x,2330,26.136,7.47,7.48,0.0075,1024,225
S1-1x,2331,26.144,7.75,7.72,0.0077,1024,226
S1-1x,2332,26.152,7.57,7.59,0.0076,1024,227
S1-1x,2333,26.159,7.39,7.40,0.0074,1024,228
S1-1x,2334,26.166,7.32,7.30,0.0073,1024,228
S1-1x,2335,26.174,7.68,7.70,0.0077,1024,229
S1-1x,2336,26.182,7.63,7.60,0.0076,1024,230
S1-1x,2337,26.190,7.99,8.00,0.0080,1828,231
S1-1x,2338,26.197,7.60,7.60,0.0076,1024,231
S1-1x,2339,26.205,7.59,7.59,0.0076,1024,232
S1-1x,2340,26.213,7.93,7.91,0.0079,1024,233
S1-1x,2341,26.221,8.08,8.09,0.0081,1024,234
S1-1x,2342,26.229,8.21,8.20,0.0082,1024,235
S1-1x,2343,26.237,8.30,8.30,0.0083,1828,235
S1-1x,2344,26.246,8.40,8.40,0.0084,1076,236
S1-1x,2345,26.254,7.89,7.89,0.0079,1024,237
S1-1x,2346,26.262,8.31,8.30,0.0083,1024,238
S1-1x,2347,26.270,7.76,7.80,0.0078,1024,239
S1-1x,2348,26.277,7.55,7.50,0.0075,1024,239
S1-1x,2349,26.285,7.89,7.89,0.0079,1024,240
S1-1x,2350,26.294,8.90,8.90,0.0089,1828,241
S1-1x,2351,26.303,8.57,8.57,0.0086,1024,242
S1-1x,2352,26.311,7.94,7.93,0.0079,1024,243
S1-1x,2353,26.319,8.53,8.52,0.0085,1024,244
S1-1x,2354,26.327,8.04,8.06,0.0080,1024,244
S1-1x,2355,26.336,8.94,8.92,0.0089,1828,245
S1-1x,2356,26.345,8.81,8.79,0.0088,1024,246
S1-1x,2357,26.353,8.37,8.39,0.0084,1024,247
S1-1x,2358,26.361,7.98,7.99,0.0080,1024,248
S1-1x,2359,26.370,8.41,8.41,0.0084,1024,249
S1-1x,2360,26.379,9.00,8.99,0.0090,1338,248
S1-1x,2361,26.387,8.50,8.50,0.0085,1024,249
S1-1x,2362,26.396,8.73,8.70,0.0087,1024,250
S1-1x,2363,26.404,8.47,8.50,0.0085,1024,251
S1-1x,2364,26.412,7.91,7.89,0.0079,1024,252
S1-1x,2365,26.421,8.46,8.49,0.0085,1024,253
S1-1x,2366,26.429,8.21,8.19,0.0082,1024,254
S1-1x,2367,26.437,8.50,8.51,0.0085,1024,254
S1-1x,2368,26.446,8.71,8.70,0.0087,1880,255
S1-1x,2369,26.455,8.58,8.60,0.0086,1024,256
S1-1x,2370,26.463,8.23,8.20,0.0082,1024,257
S1-1x,2371,26.472,8.68,8.70,0.0087,1024,258
S1-1x,2372,26.481,9.12,9.10,0.0091,1024,259
S1-1x,2373,26.491,10.15,10.12,0.0102,1828,260
S1-1x,2374,26.500,9.49,9.48,0.0095,1024,261
S1-1x,2375,26.510,10.08,10.09,0.0101,1828,262
S1-1x,2376,26.520,9.15,9.19,0.0091,1828,263
S1-1x,2377,26.528,8.33,8.31,0.0083,1024,263
S1-1x,2378,26.537,8.98,9.00,0.0090,1828,264
S1-1x,2379,26.546,9.22,9.20,0.0092,1828,264
S1-1x,2380,26.555,9.22,9.20,0.0092,1024,265
S1-1x,2381,26.564,9.20,9.20,0.0092,1828,265
S1-1x,2382,26.573,8.85,8.88,0.0088,1024,266
S1-1x,2383,26.583,9.84,9.82,0.0098,1828,267
S1-1x,2384,26.593,10.08,10.09,0.0101,1828,268
S1-1x,2385,26.603,9.73,9.71,0.0097,1828,269
S1-1x,2386,26.613,9.71,9.70,0.0097,1828,270
S1-1x,2387,26.623,10.45,10.48,0.0105,1828,271
S1-1x,2388,26.633,9.83,9.80,0.0098,1828,272
S1-1x,2389,26.642,9.29,9.30,0.0093,1024,273
S1-1x,2390,26.651,8.90,8.91,0.0089,1076,274
S1-1x,2391,26.660,8.99,8.99,0.0090,1024,275
S1-1x,2392,26.670,9.70,9.70,0.0097,1828,275
S1-1x,2393,26.680,9.62,9.60,0.0096,1024,275
S1-1x,2394,26.690,10.70,10.69,0.0107,1828,274
S1-1x,2395,26.702,11.70,11.69,0.0117,1788,276
S1-1x,2396,26.712,10.28,10.29,0.0103,1828,277
S1-1x,2397,26.722,10.29,10.29,0.0103,1828,276
S1-1x,2398,26.733,10.81,10.80,0.0108,1788,276
S1-1x,2399,26.744,10.59,10.60,0.0106,1828,276
S1-1x,2400,26.755,11.50,11.50,0.0115,1956,277
S1-1x,2401,26.766,10.72,10.70,0.0107,1024,278
S1-1x,2402,26.777,11.06,11.00,0.0111,1828,278
S1-1x,2403,26.788,10.26,10.30,0.0103,1024,279
S1-1x,2404,26.798,10.83,10.78,0.0108,1828,280
S1-1x,2405,26.810,11.17,11.20,0.0112,1828,281
S1-1x,2406,26.821,11.47,11.50,0.0115,1828,281
S1-1x,2407,26.833,11.53,11.50,0.0115,1788,283
S1-1x,2408,26.844,11.57,11.58,0.0116,1828,283
S1-1x,2409,26.855,10.51,10.50,0.0105,1036,284
S1-1x,2410,26.865,10.62,10.61,0.0106,1024,285
S1-1x,2411,26.876,10.79,10.79,0.0108,1024,286
S1-1x,2412,26.887,11.21,11.20,0.0112,1828,287
S1-1x,2413,26.899,11.83,11.81,0.0118,1828,288
S1-1x,2414,26.911,11.56,11.59,0.0116,1956,288
S1-1x,2415,26.921,10.88,10.89,0.0109,984,290
S1-1x,2416,26.933,11.73,11.71,0.0117,1828,289
S1-1x,2417,26.944,10.92,10.89,0.0109,1024,290
S1-1x,2418,26.955,10.86,10.88,0.0109,1024,291
S1-1x,2419,26.966,10.81,10.81,0.0108,1024,292
S1-1x,2420,26.976,10.65,10.61,0.0107,1024,293
S1-1x,2421,26.987,10.79,10.79,0.0108,1024,294
S1-1x,2422,26.998,10.46,10.47,0.0105,1024,295
S1-1x,2423,27.008,10.22,10.21,0.0102,1024,296
S1-1x,2424,27.018,9.97,9.99,0.0100,1024,297
S1-1x,2425,27.028,10.56,10.52,0.0106,1024,298
S1-1x,2426,27.039,10.75,10.78,0.0107,1024,299
S1-1x,2427,27.050,10.37,10.30,0.0104,1024,300
S1-1x,2428,27.059,9.94,9.99,0.0099,1076,301
S1-1x,2429,27.069,9.90,9.90,0.0099,1024,302
S1-1x,2430,27.079,9.89,9.89,0.0099,1024,303
S1-1x,2431,27.089,9.89,9.90,0.0099,1024,304
S1-1x,2432,27.099,9.61,9.61,0.0096,1024,305
S1-1x,2433,27.108,9.54,9.50,0.0095,1024,306
S1-1x,2434,27.119,11.00,10.99,0.0110,1956,307
S1-1x,2435,27.129,10.18,10.19,0.0102,1024,308
S1-1x,2436,27.140,10.61,10.60,0.0106,1024,309
S1-1x,2437,27.151,10.42,10.40,0.0104,1024,310
S1-1x,2438,27.161,10.34,10.31,0.0103,1024,312
S1-1x,2439,27.172,10.71,10.77,0.0107,1024,313
S1-1x,2440,27.182,10.22,10.20,0.0102,1024,314
S1-1x,2441,27.191,9.50,9.50,0.0095,1024,315
S1-1x,2442,27.201,9.80,9.82,0.0098,1024,316
S1-1x,2443,27.211,9.90,9.88,0.0099,1828,317
S1-1x,2444,27.221,9.88,9.90,0.0099,1024,318
S1-1x,2445,27.231,10.30,10.30,0.0103,1828,318
S1-1x,2446,27.242,10.82,10.81,0.0108,1210,314
S1-1x,2447,27.251,9.30,9.29,0.0093,1024,315
S1-1x,2448,27.261,9.57,9.59,0.0096,1076,316
S1-1x,2449,27.270,9.03,9.01,0.0090,1024,317
S1-1x,2450,27.278,8.55,8.58,0.0086,1024,317
S1-1x,2451,27.287,8.61,8.60,0.0086,1024,318
S1-1x,2452,27.296,9.03,9.01,0.0090,1024,319
S1-1x,2453,27.305,8.57,8.58,0.0086,1024,320
S1-1x,2454,27.313,8.39,8.40,0.0084,1024,321
S1-1x,2455,27.321,8.41,8.39,0.0084,1024,322
S1-1x,2456,27.331,9.11,9.10,0.0091,1024,323
S1-1x,2457,27.341,10.23,10.21,0.0102,1828,317
S1-1x,2458,27.350,8.97,8.99,0.0090,1024,318
S1-1x,2459,27.358,8.61,8.60,0.0086,1024,318
S1-1x,2460,27.367,8.59,8.59,0.0086,1024,319
S1-1x,2461,27.375,8.60,8.60,0.0086,1024,320
S1-1x,2462,27.384,8.41,8.40,0.0084,1024,321
S1-1x,2463,27.392,8.38,8.38,0.0084,1024,322
S1-1x,2464,27.401,8.30,8.31,0.0083,1024,323
S1-1x,2465,27.409,8.72,8.70,0.0087,1024,324
S1-1x,2466,27.419,9.46,9.46,0.0095,1024,324
S1-1x,2467,27.428,9.38,9.34,0.0094,1024,325
S1-1x,2468,27.437,8.96,8.99,0.0090,1024,326
S1-1x,2469,27.446,9.09,9.10,0.0091,1828,326
S1-1x,2470,27.455,8.73,8.71,0.0087,1024,327
S1-1x,2471,27.463,8.37,8.39,0.0084,1076,328
S1-1x,2472,27.472,8.40,8.40,0.0084,1024,329
S1-1x,2473,27.480,8.42,8.40,0.0084,1024,330
S1-1x,2474,27.489,8.80,8.81,0.0088,1956,330
S1-1x,2475,27.498,8.69,8.69,0.0087,1024,331
S1-1x,2476,27.506,8.60,8.61,0.0086,1024,332
S1-1x,2477,27.515,8.39,8.39,0.0084,1024,333
S1-1x,2478,27.523,8.36,8.38,0.0084,1024,334
S1-1x,2479,27.532,8.99,8.92,0.0090,1024,335
S1-1x,2480,27.541,9.36,9.38,0.0094,1024,336
S1-1x,2481,27.550,9.19,9.20,0.0092,1024,337
S1-1x,2482,27.559,9.00,9.00,0.0090,1024,338
S1-1x,2483,27.568,8.97,8.99,0.0090,1024,338
S1-1x,2484,27.578,9.33,9.31,0.0093,1024,339
S1-1x,2485,27.587,8.95,8.92,0.0089,1024,340
S1-1x,2486,27.595,8.35,8.38,0.0083,1024,341
S1-1x,2487,27.604,8.89,8.89,0.0089,1828,342
S1-1x,2488,27.612,8.29,8.30,0.0083,1024,343
S1-1x,2489,27.621,8.28,8.29,0.0083,1024,344
S1-1x,2490,27.629,8.23,8.21,0.0082,1024,345
S1-1x,2491,27.637,8.12,8.10,0.0081,1024,345
S1-1x,2492,27.646,9.08,9.10,0.0091,1828,346
S1-1x,2493,27.654,8.53,8.50,0.0085,1024,347
S1-1x,2494,27.663,8.28,8.30,0.0083,1024,348
S1-1x,2495,27.671,8.29,8.29,0.0083,1076,349
S1-1x,2496,27.680,8.51,8.50,0.0085,1024,350
S1-1x,2497,27.688,8.42,8.40,0.0084,1024,350
S1-1x,2498,27.697,8.58,8.60,0.0086,1024,351
S1-1x,2499,27.705,8.73,8.70,0.0087,1024,352
S1-1x,2500,27.714,8.38,8.41,0.0084,1024,353
S1-1x,2501,27.722,8.18,8.19,0.0082,1024,354
S1-1x,2502,27.731,8.71,8.69,0.0087,1788,354
S1-1x,2503,27.739,8.53,8.50,0.0085,1024,355
S1-1x,2504,27.748,8.68,8.70,0.0087,1788,354
S1-1x,2505,27.757,8.99,9.00,0.0090,1788,354
S1-1x,2506,27.766,8.99,8.99,0.0090,1828,355
S1-1x,2507,27.774,8.70,8.69,0.0087,1024,356
S1-1x,2508,27.783,8.39,8.40,0.0084,1024,357
S1-1x,2509,27.791,8.53,8.50,0.0085,1024,358
S1-1x,2510,27.800,8.38,8.40,0.0084,1024,359
S1-1x,2511,27.808,8.41,8.39,0.0084,1024,359
S1-1x,2512,27.817,9.02,9.00,0.0090,1024,360
S1-1x,2513,27.826,8.76,8.79,0.0088,1024,361
S1-1x,2514,27.834,8.41,8.40,0.0084,1024,362
S1-1x,2515,27.842,8.01,8.00,0.0080,1024,363
S1-1x,2516,27.851,8.39,8.41,0.0084,1024,364
S1-1x,2517,27.859,8.28,8.29,0.0083,1024,365
S1-1x,2518,27.867,8.21,8.20,0.0082,1152,365
S1-1x,2519,27.876,8.29,8.30,0.0083,1076,366
S1-1x,2520,27.884,8.10,8.10,0.0081,1024,367
S1-1x,2521,27.892,8.31,8.31,0.0083,1024,368
S1-1x,2522,27.900,8.20,8.19,0.0082,1024,369
S1-1x,2523,27.909,8.43,8.40,0.0084,1024,370
S1-1x,2524,27.918,9.19,9.21,0.0092,1024,370
S1-1x,2525,27.927,9.50,9.49,0.0095,1788,370
S1-1x,2526,27.937,9.58,9.59,0.0096,1024,371
S1-1x,2527,27.946,9.03,9.00,0.0090,1024,372
S1-1x,2528,27.955,9.33,9.30,0.0093,1024,373
S1-1x,2529,27.964,9.18,9.20,0.0092,944,374
S1-1x,2530,27.973,9.03,9.01,0.0090,1024,375
S1-1x,2531,27.982,9.04,9.07,0.0090,1024,376
S1-1x,2532,27.991,8.70,8.71,0.0087,1024,377
S1-1x,2533,28.000,8.71,8.69,0.0087,1024,378
S1-1x,2534,28.010,10.02,10.01,0.0100,1828,373
S1-1x,2535,28.019,9.55,9.58,0.0095,1708,374
S1-1x,2536,28.029,9.63,9.61,0.0096,1024,375
S1-1x,2537,28.039,9.57,9.55,0.0096,1024,376
S1-1x,2538,28.048,9.24,9.25,0.0092,944,377
S1-1x,2539,28.058,10.00,9.80,0.0100,1024,378
S1-1x,2540,28.067,9.20,9.39,0.0092,1024,379
S1-1x,2541,28.078,10.48,10.51,0.0105,1828,380
S1-1x,2542,28.087,9.71,9.69,0.0097,1076,381
S1-1x,2543,28.097,9.50,9.50,0.0095,1024,382
S1-1x,2544,28.107,9.72,9.71,0.0097,1024,383
S1-1x,2545,28.116,9.47,9.49,0.0095,1024,384
S1-1x,2546,28.126,9.90,9.89,0.0099,1828,385
S1-1x,2547,28.136,10.02,10.01,0.0100,1024,386
S1-1x,2548,28.146,9.68,9.69,0.0097,1024,387
S1-1x,2549,28.155,9.52,9.50,0.0095,1024,388
S1-1x,2550,28.165,9.51,9.51,0.0095,1024,389
S1-1x,2551,28.175,10.07,10.09,0.0101,1828,390
S1-1x,2552,28.184,9.22,9.19,0.0092,1024,391
S1-1x,2553,28.194,9.58,9.59,0.0096,1024,392
S1-1x,2554,28.202,8.99,9.00,0.0090,1024,393
S1-1x,2555,28.212,9.51,9.49,0.0095,1024,394
S1-1x,2556,28.222,9.93,9.91,0.0099,1828,395
S1-1x,2557,28.232,10.37,10.40,0.0104,1708,395
S1-1x,2558,28.243,10.55,10.50,0.0106,1956,396
S1-1x,2559,28.252,9.46,9.50,0.0095,1024,397
S1-1x,2560,28.262,9.63,9.61,0.0096,1024,398
S1-1x,2561,28.271,9.37,9.38,0.0094,1024,399
S1-1x,2562,28.282,10.28,10.29,0.0103,1828,397
S1-1x,2563,28.292,10.41,10.40,0.0104,1076,398
S1-1x,2564,28.302,10.00,10.00,0.0100,1024,399
S1-1x,2565,28.311,9.32,9.31,0.0093,1024,400
S1-1x,2566,28.322,10.99,10.99,0.0110,1828,399
S1-1x,2567,28.333,10.31,10.30,0.0103,1024,400
S1-1x,2568,28.342,9.88,9.90,0.0099,1024,401
S1-1x,2569,28.353,10.11,10.11,0.0101,1828,402
S1-1x,2570,28.362,9.67,9.68,0.0097,1024,403
S1-1x,2571,28.373,10.40,10.41,0.0104,1828,400
S1-1x,2572,28.382,9.60,9.59,0.0096,1024,401
S1-1x,2573,28.392,9.51,9.50,0.0095,1024,402
S1-1x,2574,28.401,9.29,9.30,0.0093,1024,403
S1-1x,2575,28.411,9.64,9.61,0.0096,1024,404
S1-1x,2576,28.420,9.56,9.60,0.0096,1024,405
S1-1x,2577,28.432,11.83,11.80,0.0118,1828,394
S1-1x,2578,28.443,10.49,10.50,0.0105,1024,395
S1-1x,2579,28.452,9.59,9.60,0.0096,1024,396
S1-1x,2580,28.461,9.32,9.29,0.0093,1024,397
S1-1x,2581,28.471,9.38,9.40,0.0094,1024,398
S1-1x,2582,28.481,10.49,10.49,0.0105,1828,391
S1-1x,2583,28.492,10.31,10.31,0.0103,1788,392
S1-1x,2584,28.502,10.51,10.50,0.0105,1880,393
S1-1x,2585,28.512,9.60,9.59,0.0096,1024,394
S1-1x,2586,28.522,10.28,10.29,0.0103,1828,394
S1-1x,2587,28.532,10.32,10.31,0.0103,1828,395
S1-1x,2588,28.543,10.39,10.39,0.0104,1024,396
S1-1x,2589,28.552,9.62,9.60,0.0096,1024,397
S1-1x,2590,28.563,10.88,10.90,0.0109,1956,398
S1-1x,2591,28.573,9.79,9.79,0.0098,1024,399
S1-1x,2592,28.583,9.64,9.61,0.0096,1024,400
S1-1x,2593,28.592,9.48,9.49,0.0095,984,401
S1-1x,2594,28.602,9.62,9.62,0.0096,1024,402
S1-1x,2595,28.611,9.51,9.49,0.0095,1152,403
S1-1x,2596,28.621,9.80,9.79,0.0098,1024,404
S1-1x,2597,28.631,9.71,9.72,0.0097,1024,405
S1-1x,2598,28.641,9.79,9.79,0.0098,1024,406
S1-1x,2599,28.651,10.40,10.39,0.0104,1024,407
S1-1x,2600,28.661,10.12,10.10,0.0101,1024,408
S1-1x,2601,28.671,9.58,9.59,0.0096,1024,409
S1-1x,2602,28.680,9.41,9.40,0.0094,1024,410
S1-1x,2603,28.691,10.89,10.90,0.0109,1210,409
S1-1x,2604,28.701,9.80,9.80,0.0098,1024,411
S1-1x,2605,28.711,9.79,9.80,0.0098,1076,412
S1-1x,2606,28.721,10.07,10.08,0.0101,1828,412
S1-1x,2607,28.730,9.69,9.62,0.0097,1024,413
S1-1x,2608,28.740,9.79,9.79,0.0098,1024,414
S1-1x,2609,28.750,9.67,9.70,0.0097,1024,414
S1-1x,2610,28.759,9.39,9.40,0.0094,1024,415
S1-1x,2611,28.769,9.88,9.88,0.0099,1152,416
S1-1x,2612,28.779,9.93,9.91,0.0099,1024,417
S1-1x,2613,28.789,9.60,9.61,0.0096,1024,418
S1-1x,2614,28.798,9.08,9.09,0.0091,1024,419
S1-1x,2615,28.807,9.10,9.10,0.0091,1024,420
S1-1x,2616,28.816,9.71,9.70,0.0097,1788,420
S1-1x,2617,28.826,9.28,9.29,0.0093,1024,421
S1-1x,2618,28.835,9.33,9.31,0.0093,1024,422
S1-1x,2619,28.845,10.22,10.20,0.0102,1828,423
S1-1x,2620,28.855,9.36,9.39,0.0094,1024,424
S1-1x,2621,28.864,9.29,9.29,0.0093,1024,425
S1-1x,2622,28.873,8.76,8.78,0.0088,1024,426
S1-1x,2623,28.882,9.23,9.21,0.0092,1828,427
S1-1x,2624,28.892,9.91,9.91,0.0099,1828,428
S1-1x,2625,28.901,9.64,9.60,0.0096,1024,429
S1-1x,2626,28.911,9.07,9.10,0.0091,1076,430
S1-1x,2627,28.920,9.31,9.30,0.0093,1024,431
S1-1x,2628,28.929,9.20,9.18,0.0092,1024,431
S1-1x,2629,28.938,9.09,9.11,0.0091,1024,432
S1-1x,2630,28.948,10.02,10.01,0.0100,1828,432
S1-1x,2631,28.958,9.70,9.70,0.0097,1024,433
S1-1x,2632,28.969,11.16,11.18,0.0112,2500,431
S1-1x,2633,28.979,10.33,10.31,0.0103,1280,432
S1-1x,2634,28.989,9.81,9.80,0.0098,1024,433
S1-1x,2635,28.998,9.27,9.28,0.0093,1024,434
S1-1x,2636,29.008,9.40,9.40,0.0094,1152,435
S1-1x,2637,29.017,9.62,9.60,0.0096,1024,436
S1-1x,2638,29.027,9.74,9.71,0.0097,1024,437
S1-1x,2639,29.038,10.76,10.78,0.0108,1956,438
S1-1x,2640,29.048,10.00,10.01,0.0100,1828,439
S1-1x,2641,29.058,9.70,9.69,0.0097,1024,440
S1-1x,2642,29.067,9.40,9.39,0.0094,1024,441
S1-1x,2643,29.076,9.19,9.20,0.0092,1024,442
S1-1x,2644,29.085,9.22,9.21,0.0092,1024,443
S1-1x,2645,29.095,9.17,9.17,0.0092,1024,444
S1-1x,2646,29.105,10.10,10.11,0.0101,1828,445
S1-1x,2647,29.116,10.92,10.90,0.0109,2008,446
S1-1x,2648,29.125,9.78,9.79,0.0098,1024,447
S1-1x,2649,29.135,9.94,9.91,0.0099,1024,448
S1-1x,2650,29.146,10.10,10.10,0.0101,1024,449
S1-1x,2651,29.156,10.30,10.29,0.0103,1024,450
S1-1x,2652,29.166,10.20,10.20,0.0102,1024,451
S1-1x,2653,29.176,9.76,9.78,0.0098,1024,452
S1-1x,2654,29.186,9.75,9.71,0.0098,1024,453
S1-1x,2655,29.197,11.18,11.19,0.0112,1828,446
S1-1x,2656,29.207,10.40,10.40,0.0104,1024,447
S1-1x,2657,29.218,10.69,10.70,0.0107,1956,448
S1-1x,2658,29.228,10.42,10.41,0.0104,1024,449
S1-1x,2659,29.238,10.19,10.18,0.0102,1152,450
S1-1x,2660,29.248,9.97,10.00,0.0100,1024,451
S1-1x,2661,29.258,9.84,9.80,0.0098,1024,452
S1-1x,2662,29.269,10.88,10.88,0.0109,1024,453
S1-1x,2663,29.280,10.61,10.61,0.0106,1024,454
S1-1x,2664,29.291,11.35,10.70,0.0114,1828,455
S1-1x,2665,29.302,11.01,11.60,0.0110,1956,457
S1-1x,2666,29.313,11.14,11.19,0.0111,1872,453
S1-1x,2667,29.324,11.27,11.29,0.0113,1164,454
S1-1x,2668,29.336,11.11,11.09,0.0111,10052,454
S1-1x,2669,29.346,10.34,10.32,0.0103,1024,455
S1-1x,2670,29.357,11.50,11.51,0.0115,1956,453
S1-1x,2671,29.369,11.69,11.66,0.0117,1024,454
S1-1x,2672,29.380,10.60,10.62,0.0106,1024,455
S1-1x,2673,29.392,11.82,11.80,0.0118,1828,454
S1-1x,2674,29.404,12.39,12.40,0.0124,10012,445
S1-1x,2675,29.416,11.59,11.60,0.0116,1788,439
S1-1x,2676,29.427,11.49,11.50,0.0115,1956,435
S1-1x,2677,29.438,10.83,10.79,0.0108,1024,436
S1-1x,2678,29.449,11.59,11.60,0.0116,1956,436
S1-1x,2679,29.461,11.65,11.61,0.0116,1828,437
S1-1x,2680,29.473,11.74,11.78,0.0117,1828,439
S1-1x,2681,29.484,11.31,11.30,0.0113,1828,440
S1-1x,2682,29.496,11.74,11.70,0.0117,1828,440
S1-1x,2683,29.508,12.37,12.39,0.0124,1828,440
S1-1x,2684,29.521,12.42,12.40,0.0124,1788,441
S1-1x,2685,29.534,13.27,13.30,0.0133,2008,443
S1-1x,2686,29.545,11.19,11.20,0.0112,1024,444
S1-1x,2687,29.556,10.99,10.99,0.0110,1024,445
S1-1x,2688,29.568,11.40,11.40,0.0114,1024,446
S1-1x,2689,29.580,12.22,12.20,0.0122,10052,447
S1-1x,2690,29.593,13.40,13.40,0.0134,19573,448
S1-1x,2691,29.605,11.68,11.69,0.0117,1024,450
S1-1x,2692,29.616,11.51,11.51,0.0115,1024,451
S1-1x,2693,29.628,12.17,12.19,0.0122,1828,452
S1-1x,2694,29.640,11.33,11.30,0.0113,1024,453
S1-1x,2695,29.652,12.10,12.12,0.0121,1828,454
S1-1x,2696,29.664,11.69,11.68,0.0117,1024,456
S1-1x,2697,29.676,12.10,12.10,0.0121,1024,457
S1-1x,2698,29.688,12.19,12.20,0.0122,1828,458
S1-1x,2699,29.699,11.54,11.51,0.0115,1024,459
S1-1x,2700,29.711,11.98,11.99,0.0120,3682,460
S1-1x,2701,29.723,11.38,11.40,0.0114,1828,461
S1-1x,2702,29.735,12.51,12.50,0.0125,3337,462
S1-1x,2703,29.747,12.11,12.09,0.0121,1828,463
S1-1x,2704,29.759,11.91,11.90,0.0119,1828,463
S1-1x,2705,29.771,11.77,11.79,0.0118,1024,464
S1-1x,2706,29.782,11.31,11.30,0.0113,1024,466
S1-1x,2707,29.794,11.81,11.79,0.0118,1828,467
S1-1x,2708,29.807,12.81,12.81,0.0128,1828,466
S1-1x,2709,29.819,12.04,12.05,0.0120,1788,466
S1-1x,2710,29.831,11.72,11.73,0.0117,1024,467
S1-1x,2711,29.843,12.61,12.60,0.0126,1828,464
S1-1x,2712,29.856,12.51,12.50,0.0125,1748,465
S1-1x,2713,29.869,13.19,13.17,0.0132,1024,466
S1-1x,2714,29.881,11.82,11.83,0.0118,1024,467
S1-1x,2715,29.893,11.71,11.69,0.0117,1024,469
S1-1x,2716,29.904,11.28,11.29,0.0113,1024,470
S1-1x,2717,29.915,11.41,11.40,0.0114,1024,471
S1-1x,2718,29.926,11.11,11.10,0.0111,1024,472
S1-1x,2719,29.938,11.98,12.00,0.0120,1880,471
S1-1x,2720,29.950,11.20,11.19,0.0112,984,472
S1-1x,2721,29.961,11.40,11.40,0.0114,1024,473
S1-1x,2722,29.975,13.88,13.88,0.0139,1828,466
S1-1x,2723,29.988,13.03,13.01,0.0130,1828,467
S1-1x,2724,30.000,12.11,12.10,0.0121,1828,468
S1-1x,2725,30.013,13.40,13.39,0.0134,1828,460
S1-1x,2726,30.025,11.85,11.88,0.0119,1024,462
S1-1x,2727,30.039,13.75,13.73,0.0137,1828,447
S1-1x,2728,30.051,11.67,11.69,0.0117,1024,448
S1-1x,2729,30.063,12.02,11.81,0.0120,1024,450
S1-1x,2730,30.076,13.38,13.60,0.0134,1828,442
S1-1x,2731,30.088,11.92,11.90,0.0119,904,443
S1-1x,2732,30.100,12.00,11.99,0.0120,1152,444
S1-1x,2733,30.112,11.91,11.91,0.0119,1024,445
S1-1x,2734,30.126,13.56,13.58,0.0136,1828,418
S1-1x,2735,30.138,12.32,12.30,0.0123,1668,417
S1-1x,2736,30.150,12.01,12.00,0.0120,1076,418
S1-1x,2737,30.162,12.20,12.19,0.0122,1788,419
S1-1x,2738,30.174,12.08,12.10,0.0121,1024,421
S1-1x,2739,30.186,12.01,12.00,0.0120,1024,422
S1-1x,2740,30.198,11.99,12.00,0.0120,1828,423
S1-1x,2741,30.210,12.32,12.30,0.0123,1828,423
S1-1x,2742,30.224,13.28,13.27,0.0133,1828,423
S1-1x,2743,30.236,12.71,12.72,0.0127,1072,424
S1-1x,2744,30.249,12.43,12.40,0.0124,1828,425
S1-1x,2745,30.262,12.76,12.78,0.0128,1210,423
S1-1x,2746,30.275,13.30,13.29,0.0133,1788,423
S1-1x,2747,30.288,13.21,13.21,0.0132,1668,423
S1-1x,2748,30.301,12.59,12.60,0.0126,1708,424
S1-1x,2749,30.314,12.92,12.90,0.0129,1828,423
S1-1x,2750,30.327,13.70,13.70,0.0137,1708,413
S1-1x,2751,30.339,12.00,12.00,0.0120,864,414
S1-1x,2752,30.352,12.29,12.30,0.0123,1880,415
S1-1x,2753,30.364,12.12,12.09,0.0121,1024,417
S1-1x,2754,30.376,12.06,12.09,0.0121,1024,418
S1-1x,2755,30.389,12.74,12.71,0.0127,1210,412
S1-1x,2756,30.400,11.67,11.68,0.0117,824,413
S1-1x,2757,30.412,12.20,12.21,0.0122,1024,415
S1-1x,2758,30.424,11.69,11.69,0.0117,1024,416
S1-1x,2759,30.436,11.90,11.89,0.0119,1024,417
S1-1x,2760,30.449,12.62,12.61,0.0126,1828,410
S1-1x,2761,30.461,12.19,12.20,0.0122,864,411
S1-1x,2762,30.473,11.99,11.99,0.0120,1152,413
S1-1x,2763,30.484,11.49,11.49,0.0115,1024,414
S1-1x,2764,30.497,12.90,12.90,0.0129,1828,409
S1-1x,2765,30.509,11.93,11.90,0.0119,864,410
S1-1x,2766,30.521,11.57,11.59,0.0116,944,411
S1-1x,2767,30.532,11.63,11.61,0.0116,1024,413
S1-1x,2768,30.545,12.21,12.20,0.0122,1828,414
S1-1x,2769,30.556,11.46,11.48,0.0115,1076,415
S1-1x,2770,30.568,12.04,12.02,0.0120,1828,416
S1-1x,2771,30.581,12.65,12.67,0.0127,1210,416
S1-1x,2772,30.593,12.34,12.32,0.0123,1708,417
S1-1x,2773,30.605,11.68,11.70,0.0117,1024,418
S1-1x,2774,30.616,11.50,11.50,0.0115,1024,419
S1-1x,2775,30.628,11.31,11.30,0.0113,1024,420
S1-1x,2776,30.639,12.00,11.99,0.0120,1828,421
S1-1x,2777,30.651,11.39,11.40,0.0114,1024,422
S1-1x,2778,30.662,11.20,11.20,0.0112,1024,424
S1-1x,2779,30.674,11.88,11.89,0.0119,1828,422
S1-1x,2780,30.686,11.73,11.70,0.0117,1024,423
S1-1x,2781,30.699,13.09,13.10,0.0131,1828,408
S1-1x,2782,30.711,12.41,12.39,0.0124,1668,408
S1-1x,2783,30.723,11.79,11.81,0.0118,1024,410
S1-1x,2784,30.734,11.01,11.00,0.0110,1024,411
S1-1x,2785,30.745,11.21,11.19,0.0112,1024,412
S1-1x,2786,30.756,11.19,11.20,0.0112,1076,413
S1-1x,2787,30.768,11.41,11.43,0.0114,1828,414
S1-1x,2788,30.779,11.08,11.09,0.0111,1068,415
S1-1x,2789,30.790,10.91,10.89,0.0109,1024,415
S1-1x,2790,30.801,11.32,11.30,0.0113,1828,415
S1-1x,2791,30.812,11.17,11.19,0.0112,1024,415
S1-1x,2792,30.823,10.70,10.70,0.0107,1024,415
S1-1x,2793,30.834,10.50,10.49,0.0105,1024,415
S1-1x,2794,30.844,10.86,10.81,0.0109,1152,415
S1-1x,2795,30.855,10.69,10.69,0.0107,1024,415
S1-1x,2796,30.867,12.09,12.10,0.0121,1828,415
S1-1x,2797,30.879,11.59,11.60,0.0116,1024,415
S1-1x,2798,30.890,11.30,11.29,0.0113,1024,415
S1-1x,2799,30.904,13.73,13.70,0.0137,1828,413
S1-1x,2800,30.916,12.59,12.59,0.0126,1024,413
S1-1x,2801,30.927,10.77,10.81,0.0108,1024,413
S1-1x,2802,30.939,11.42,11.40,0.0114,1828,407
S1-1x,2803,30.949,10.39,10.40,0.0104,904,407
S1-1x,2804,30.960,11.41,11.40,0.0114,1760,406
S1-1x,2805,30.972,11.18,11.19,0.0112,1828,406
S1-1x,2806,30.982,11.01,11.00,0.0110,1828,405
S1-1x,2807,30.993,10.49,10.49,0.0105,1024,405
S1-1x,2808,31.003,10.30,10.31,0.0103,1024,405
S1-1x,2809,31.013,10.09,10.09,0.0101,1024,405
S1-1x,2810,31.024,10.42,10.40,0.0104,1024,405
S1-1x,2811,31.034,10.39,10.40,0.0104,1024,405
S1-1x,2812,31.044,9.99,9.99,0.0100,1024,405
S1-1x,2813,31.054,10.21,10.21,0.0102,1024,405
S1-1x,2814,31.064,10.10,10.10,0.0101,1024,405
S1-1x,2815,31.076,11.74,11.69,0.0117,1828,405
S1-1x,2816,31.088,11.30,11.32,0.0113,1024,405
S1-1x,2817,31.099,11.70,11.68,0.0117,1828,405
S1-1x,2818,31.112,12.72,12.70,0.0127,1828,404
S1-1x,2819,31.126,13.69,13.69,0.0137,1024,404
S1-1x,2820,31.137,11.28,11.29,0.0113,1024,404
S1-1x,2821,31.149,11.50,11.50,0.0115,1828,403
S1-1x,2822,31.159,11.01,11.00,0.0110,864,403
S1-1x,2823,31.171,11.35,11.38,0.0114,1880,403
S1-1x,2824,31.182,11.54,11.52,0.0115,1828,403
S1-1x,2825,31.193,10.90,10.89,0.0109,1024,403
S1-1x,2826,31.205,11.38,11.38,0.0114,1828,403
S1-1x,2827,31.216,11.03,11.02,0.0110,1152,403
S1-1x,2828,31.227,11.10,11.09,0.0111,1828,403
S1-1x,2829,31.238,11.01,11.00,0.0110,1024,403
S1-1x,2830,31.250,11.89,11.88,0.0119,1828,401
S1-1x,2831,31.261,11.70,11.69,0.0117,912,401
S1-1x,2832,31.273,12.00,12.00,0.0120,1828,400
S1-1x,2833,31.285,11.62,11.61,0.0116,1024,400
S1-1x,2834,31.297,12.19,12.18,0.0122,1828,399
S1-1x,2835,31.308,11.30,11.30,0.0113,904,399
S1-1x,2836,31.320,11.19,11.20,0.0112,1024,399
S1-1x,2837,31.331,11.11,11.10,0.0111,1024,399
S1-1x,2838,31.342,11.38,11.38,0.0114,1024,399
S1-1x,2839,31.353,10.72,10.70,0.0107,1024,399
S1-1x,2840,31.364,11.10,11.08,0.0111,1024,399
S1-1x,2841,31.375,10.88,10.90,0.0109,1076,399
S1-1x,2842,31.387,11.90,11.89,0.0119,1788,399
S1-1x,2843,31.398,11.60,11.58,0.0116,1024,399
S1-1x,2844,31.409,11.05,11.03,0.0110,1024,399
S1-1x,2845,31.420,10.86,10.88,0.0109,1024,399
S1-1x,2846,31.432,11.50,11.50,0.0115,1828,399
S1-1x,2847,31.443,10.98,11.00,0.0110,1024,399
S1-1x,2848,31.453,10.48,10.48,0.0105,1024,399
S1-1x,2849,31.465,11.36,11.31,0.0114,1152,399
S1-1x,2850,31.475,10.47,10.49,0.0105,1024,399
S1-1x,2851,31.486,10.99,10.99,0.0110,1828,399
S1-1x,2852,31.498,12.00,11.93,0.0120,1828,398
S1-1x,2853,31.510,12.25,12.28,0.0122,1788,397
S1-1x,2854,31.522,11.76,11.78,0.0118,984,397
S1-1x,2855,31.533,10.93,10.90,0.0109,1024,397
S1-1x,2856,31.544,10.79,10.80,0.0108,1024,397
S1-1x,2857,31.555,11.01,11.00,0.0110,1024,397
S1-1x,2858,31.567,11.77,11.78,0.0118,1828,397
S1-1x,2859,31.578,11.27,11.30,0.0113,1076,397
S1-1x,2860,31.591,12.67,12.60,0.0127,1956,396
S1-1x,2861,31.602,11.56,11.61,0.0116,1024,396
S1-1x,2862,31.613,11.38,11.39,0.0114,1024,396
S1-1x,2863,31.626,12.49,12.50,0.0125,1828,396
S1-1x,2864,31.638,12.34,12.31,0.0123,1828,396
S1-1x,2865,31.650,12.09,12.08,0.0121,1828,395
S1-1x,2866,31.662,11.41,11.40,0.0114,1024,395
S1-1x,2867,31.674,12.47,12.49,0.0125,1152,395
S1-1x,2868,31.686,12.12,12.10,0.0121,1210,395
S1-1x,2869,31.699,12.50,12.50,0.0125,1748,394
S1-1x,2870,31.712,12.80,12.79,0.0128,1828,394
S1-1x,2871,31.724,12.56,12.58,0.0126,1152,394
S1-1x,2872,31.737,12.45,12.42,0.0124,1828,394
S1-1x,2873,31.750,13.18,13.20,0.0132,1828,390
S1-1x,2874,31.761,11.33,11.30,0.0113,1024,390
S1-1x,2875,31.773,11.33,11.30,0.0113,1024,390
S1-1x,2876,31.784,11.68,11.69,0.0117,1880,390
S1-1x,2877,31.797,12.28,12.29,0.0123,1828,387
S1-1x,2878,31.809,12.16,12.18,0.0122,1024,387
S1-1x,2879,31.821,12.74,12.71,0.0127,2804,381
S1-1x,2880,31.834,12.41,12.39,0.0124,1024,381
S1-1x,2881,31.846,12.17,12.19,0.0122,1828,381
S1-1x,2882,31.858,12.24,12.21,0.0122,1828,380
S1-1x,2883,31.870,12.11,12.09,0.0121,984,380
S1-1x,2884,31.883,12.30,12.31,0.0123,1024,380
S1-1x,2885,31.895,12.68,12.68,0.0127,1828,378
S1-1x,2886,31.908,12.89,12.89,0.0129,1708,377
S1-1x,2887,31.921,12.92,12.90,0.0129,1828,374
S1-1x,2888,31.935,14.20,14.19,0.0142,1836,374
S1-1x,2889,31.949,13.44,13.40,0.0134,1828,374
S1-1x,2890,31.962,13.42,13.48,0.0134,1152,374
S1-1x,2891,31.976,13.72,13.71,0.0137,1668,371
S1-1x,2892,31.989,12.72,12.70,0.0127,1076,371
S1-1x,2893,32.001,12.91,12.89,0.0129,1828,371
S1-1x,2894,32.014,12.87,12.89,0.0129,1024,371
S1-1x,2895,32.027,12.92,12.90,0.0129,1024,371
S1-1x,2896,32.040,12.50,12.49,0.0125,1024,371
S1-1x,2897,32.052,12.30,12.30,0.0123,1024,371
S1-1x,2898,32.066,13.99,13.79,0.0140,1828,371
S1-1x,2899,32.079,13.14,13.37,0.0131,1828,371
S1-1x,2900,32.092,12.93,12.90,0.0129,1024,371
S1-1x,2901,32.105,12.45,12.42,0.0125,1024,371
S1-1x,2902,32.120,14.90,14.90,0.0149,1210,371
S1-1x,2903,32.133,13.29,13.29,0.0133,1024,371
S1-1x,2904,32.148,14.77,14.78,0.0148,1152,371
S1-1x,2905,32.161,13.33,13.30,0.0133,1024,371
S1-1x,2906,32.176,15.30,15.29,0.0153,1210,368
S1-1x,2907,32.189,13.09,13.11,0.0131,1076,368
S1-1x,2908,32.203,14.13,14.09,0.0141,1708,365
S1-1x,2909,32.219,15.61,15.59,0.0156,1210,365
S1-1x,2910,32.233,14.37,14.39,0.0144,1668,364
S1-1x,2911,32.247,13.88,13.89,0.0139,1024,364
S1-1x,2912,32.261,13.34,13.31,0.0133,1024,364
S1-1x,2913,32.274,13.15,13.12,0.0131,1024,364
S1-1x,2914,32.287,13.23,13.26,0.0132,1024,364
S1-1x,2915,32.300,13.41,13.40,0.0134,1024,364
S1-1x,2916,32.314,13.16,13.19,0.0132,1152,364
S1-1x,2917,32.327,13.37,13.31,0.0134,1024,364
S1-1x,2918,32.340,13.26,13.28,0.0133,1152,364
S1-1x,2919,32.353,12.81,12.81,0.0128,1024,364
S1-1x,2920,32.366,12.90,12.89,0.0129,1024,364
S1-1x,2921,32.378,12.28,12.29,0.0123,1024,364
S1-1x,2922,32.390,12.10,12.09,0.0121,916,363
S1-1x,2923,32.406,15.50,15.51,0.0155,1828,355
S1-1x,2924,32.418,12.68,12.69,0.0127,864,355
S1-1x,2925,32.431,12.58,12.51,0.0126,1024,355
S1-1x,2926,32.443,12.44,12.48,0.0124,1024,355
S1-1x,2927,32.456,12.50,12.50,0.0125,1024,355
S1-1x,2928,32.468,11.99,11.99,0.0120,1024,355
S1-1x,2929,32.481,12.68,12.69,0.0127,1828,355
S1-1x,2930,32.493,12.86,12.82,0.0129,1024,355
S1-1x,2931,32.506,12.69,12.68,0.0127,1024,355
S1-1x,2932,32.519,13.04,13.08,0.0130,10052,355
S1-1x,2933,32.532,13.07,13.03,0.0131,9280,355
S1-1x,2934,32.545,13.19,13.19,0.0132,1828,355
S1-1x,2935,32.560,14.17,14.19,0.0142,1828,347
S1-1x,2936,32.572,12.47,12.49,0.0125,1024,347
S1-1x,2937,32.587,14.73,14.70,0.0147,1828,328
S1-1x,2938,32.601,14.44,14.42,0.0144,1840,323
S1-1x,2939,32.616,14.26,14.29,0.0143,1828,317
S1-1x,2940,32.628,12.38,12.39,0.0124,1024,317
S1-1x,2941,32.641,13.23,13.21,0.0132,1828,313
S1-1x,2942,32.654,13.18,13.18,0.0132,1828,313
S1-1x,2943,32.668,14.11,14.10,0.0141,1828,313
S1-1x,2944,32.683,14.05,14.01,0.0140,1024,313
S1-1x,2945,32.696,13.37,13.39,0.0134,1024,313
S1-1x,2946,32.709,13.42,13.40,0.0134,1024,313
S1-1x,2947,32.721,12.20,12.22,0.0122,1024,313
S1-1x,2948,32.734,12.40,12.38,0.0124,1024,313
S1-1x,2949,32.749,14.72,14.69,0.0147,1828,307
S1-1x,2950,32.763,14.66,14.69,0.0147,1828,294
S1-1x,2951,32.776,13.20,13.21,0.0132,1024,294
S1-1x,2952,32.790,13.90,13.90,0.0139,1828,288
S1-1x,2953,32.804,13.68,13.69,0.0137,1880,282
S1-1x,2954,32.818,13.84,13.81,0.0138,1024,282
S1-1x,2955,32.832,14.35,14.38,0.0143,1956,282
S1-1x,2956,32.845,13.20,13.18,0.0132,1024,282
S1-1x,2957,32.858,13.02,13.02,0.0130,1024,282
S1-1x,2958,32.871,12.98,12.99,0.0130,1024,282
S1-1x,2959,32.884,12.70,12.71,0.0127,1024,282
S1-1x,2960,32.897,12.78,12.70,0.0128,1024,282
S1-1x,2961,32.910,13.57,13.59,0.0136,1152,282
S1-1x,2962,32.924,13.07,13.08,0.0131,1024,282
S1-1x,2963,32.937,13.75,13.73,0.0138,1828,282
S1-1x,2964,32.951,13.18,13.18,0.0132,1024,282
S1-1x,2965,32.963,12.72,12.71,0.0127,1024,282
S1-1x,2966,32.976,13.01,12.99,0.0130,1024,282
S1-1x,2967,32.990,13.78,13.78,0.0138,1210,280
S1-1x,2968,33.005,15.00,14.99,0.0150,1828,269
S1-1x,2969,33.021,15.66,15.70,0.0157,1880,264
S1-1x,2970,33.035,14.82,14.79,0.0148,1152,264
S1-1x,2971,33.049,13.71,13.69,0.0137,1024,264
S1-1x,2972,33.063,13.71,13.71,0.0137,1024,264
S1-1x,2973,33.077,13.76,13.78,0.0138,1024,264
S1-1x,2974,33.089,12.66,12.61,0.0127,1024,264
S1-1x,2975,33.102,12.89,12.89,0.0129,1024,264
S1-1x,2976,33.116,13.80,13.80,0.0138,1152,264
S1-1x,2977,33.129,12.68,12.69,0.0127,1024,264
S1-1x,2978,33.141,12.42,12.38,0.0124,1024,264
S1-1x,2979,33.154,12.88,12.90,0.0129,1828,264
S1-1x,2980,33.168,14.34,14.34,0.0143,1210,261
S1-1x,2981,33.181,12.26,12.24,0.0123,1024,261
S1-1x,2982,33.193,12.70,12.70,0.0127,1828,261
S1-1x,2983,33.205,12.12,12.09,0.0121,1024,261
S1-1x,2984,33.218,12.44,12.48,0.0124,1076,261
S1-1x,2985,33.230,12.19,12.20,0.0122,1024,261
S1-1x,2986,33.242,12.35,12.32,0.0124,1152,261
S1-1x,2987,33.254,11.78,11.78,0.0118,1024,261
S1-1x,2988,33.268,13.82,13.79,0.0138,1828,252
S1-1x,2989,33.280,12.39,12.40,0.0124,1024,252
S1-1x,2990,33.292,11.97,11.99,0.0120,1024,252
S1-1x,2991,33.306,13.24,13.21,0.0132,1828,250
S1-1x,2992,33.319,13.23,13.27,0.0132,1152,250
S1-1x,2993,33.331,11.72,11.73,0.0117,1024,250
S1-1x,2994,33.342,11.75,11.70,0.0118,1024,250
S1-1x,2995,33.355,12.98,12.99,0.0130,1210,249
S1-1x,2996,33.367,12.14,12.10,0.0121,1024,249
S1-1x,2997,33.380,12.16,12.19,0.0122,1024,249
S1-1x,2998,33.392,12.16,12.19,0.0122,1024,249
S1-1x,2999,33.405,13.43,13.40,0.0134,1828,244
S1-1x,3000,33.418,12.91,12.89,0.0129,1024,244
S1-1x,3001,33.431,12.53,12.53,0.0125,1076,244
S1-1x,3002,33.443,12.73,12.76,0.0127,1828,244
S1-1x,3003,33.457,13.55,13.50,0.0136,1828,235
S1-1x,3004,33.470,12.67,12.70,0.0127,1024,235
S1-1x,3005,33.482,12.89,12.90,0.0129,1828,235
S1-1x,3006,33.495,12.21,12.19,0.0122,1024,235
S1-1x,3007,33.508,13.02,13.01,0.0130,1828,235
S1-1x,3008,33.521,12.96,12.96,0.0130,1828,235
S1-1x,3009,33.533,11.84,11.82,0.0118,1024,235
S1-1x,3010,33.545,12.08,12.10,0.0121,1024,235
S1-1x,3011,33.556,11.75,11.71,0.0118,1024,235
S1-1x,3012,33.569,12.86,12.89,0.0129,1024,235
S1-1x,3013,33.581,11.78,11.79,0.0118,1024,235
S1-1x,3014,33.593,12.31,12.29,0.0123,1828,235
S1-1x,3015,33.607,13.60,13.60,0.0136,1210,230
S1-1x,3016,33.620,12.87,12.88,0.0129,1828,230
S1-1x,3017,33.633,13.46,13.43,0.0135,1880,230
S1-1x,3018,33.646,12.67,12.69,0.0127,1024,230
S1-1x,3019,33.659,13.61,13.61,0.0136,1828,230
S1-1x,3020,33.672,12.41,12.38,0.0124,1024,230
S1-1x,3021,33.687,14.80,14.79,0.0148,1828,230
S1-1x,3022,33.700,13.30,13.30,0.0133,1024,230
S1-1x,3023,33.713,13.14,13.10,0.0131,1024,230
S1-1x,3024,33.727,13.69,13.69,0.0137,1828,230
S1-1x,3025,33.741,14.33,14.30,0.0143,1024,230
S1-1x,3026,33.756,14.44,14.48,0.0144,1828,227
S1-1x,3027,33.769,13.40,13.39,0.0134,1024,227
S1-1x,3028,33.782,13.44,13.41,0.0134,1024,227
S1-1x,3029,33.796,13.87,13.90,0.0139,1828,220
S1-1x,3030,33.809,12.78,12.78,0.0128,1024,220
S1-1x,3031,33.822,13.19,13.20,0.0132,1024,220
S1-1x,3032,33.835,12.84,12.82,0.0128,1036,220
S1-1x,3033,33.850,14.50,14.48,0.0145,1210,219
S1-1x,3034,33.863,13.76,13.79,0.0138,1788,219
S1-1x,3035,33.878,14.40,14.40,0.0144,1828,215
S1-1x,3036,33.892,13.90,13.89,0.0139,1828,213
S1-1x,3037,33.908,15.74,15.70,0.0157,1788,194
S1-1x,3038,33.921,13.13,13.18,0.0131,1024,194
S1-1x,3039,33.934,13.32,13.32,0.0133,1828,194
S1-1x,3040,33.947,13.42,13.39,0.0134,1788,193
S1-1x,3041,33.961,13.48,13.49,0.0135,1828,193
S1-1x,3042,33.973,12.49,12.48,0.0125,1024,193
S1-1x,3043,33.986,12.99,13.00,0.0130,1788,193
S1-1x,3044,34.000,13.91,13.91,0.0139,1788,186
S1-1x,3045,34.013,13.02,12.99,0.0130,1024,186
S1-1x,3046,34.027,13.62,13.60,0.0136,1828,185
S1-1x,3047,34.039,12.47,12.50,0.0125,1036,185
S1-1x,3048,34.053,13.52,13.49,0.0135,1828,185
S1-1x,3049,34.067,14.41,14.19,0.0144,1828,183
S1-1x,3050,34.081,13.96,14.18,0.0140,1788,183
S1-1x,3051,34.094,12.79,12.80,0.0128,1024,183
S1-1x,3052,34.107,12.57,12.52,0.0126,984,183
S1-1x,3053,34.120,13.36,13.37,0.0134,1788,183
S1-1x,3054,34.133,13.48,13.49,0.0135,1828,183
S1-1x,3055,34.147,13.34,13.31,0.0133,1828,183
S1-1x,3056,34.160,13.27,13.28,0.0133,984,183
S1-1x,3057,34.173,13.24,13.19,0.0132,1024,183
S1-1x,3058,34.186,12.77,12.80,0.0128,1828,183
S1-1x,3059,34.200,14.11,14.09,0.0141,1828,183
S1-1x,3060,34.214,14.31,14.30,0.0143,1828,180
S1-1x,3061,34.231,16.24,16.19,0.0162,3908,156
S1-1x,3062,34.245,14.44,14.49,0.0144,6008,156
S1-1x,3063,34.259,13.47,13.49,0.0135,984,156
S1-1x,3064,34.271,12.55,12.52,0.0125,984,156
S1-1x,3065,34.284,12.60,12.58,0.0126,1024,156
S1-1x,3066,34.296,12.76,12.79,0.0128,1152,156
S1-1x,3067,34.309,12.99,12.99,0.0130,1788,156
S1-1x,3068,34.322,12.39,12.40,0.0124,1024,156
S1-1x,3069,34.334,12.53,12.50,0.0125,984,154
S1-1x,3070,34.346,11.89,11.90,0.0119,1024,154
S1-1x,3071,34.360,13.41,13.40,0.0134,1828,154
S1-1x,3072,34.373,13.31,13.30,0.0133,1788,154
S1-1x,3073,34.386,13.51,13.49,0.0135,1828,154
S1-1x,3074,34.399,12.48,12.49,0.0125,984,154
S1-1x,3075,34.411,12.21,12.21,0.0122,984,154
S1-1x,3076,34.424,12.79,12.80,0.0128,1828,152
S1-1x,3077,34.436,12.21,12.20,0.0122,1024,152
S1-1x,3078,34.449,12.64,12.61,0.0126,5350,146
S1-1x,3079,34.460,11.68,11.69,0.0117,1024,146
S1-1x,3080,34.473,12.17,12.19,0.0122,1024,146
S1-1x,3081,34.485,11.96,11.91,0.0120,984,146
S1-1x,3082,34.497,12.59,12.60,0.0126,1152,146
S1-1x,3083,34.509,11.97,11.98,0.0120,1024,146
S1-1x,3084,34.521,11.58,11.60,0.0116,984,146
S1-1x,3085,34.534,12.74,12.71,0.0127,1788,146
S1-1x,3086,34.546,12.18,12.19,0.0122,1024,146
S1-1x,3087,34.558,12.41,12.40,0.0124,1828,146
S1-1x,3088,34.570,11.46,11.49,0.0115,984,146
S1-1x,3089,34.581,11.31,11.29,0.0113,984,146
S1-1x,3090,34.592,11.04,11.02,0.0110,1024,146
S1-1x,3091,34.604,12.26,12.28,0.0123,1788,146
S1-1x,3092,34.616,12.02,12.01,0.0120,1024,146
S1-1x,3093,34.628,11.49,11.49,0.0115,1024,146
S1-1x,3094,34.639,11.32,11.30,0.0113,1024,146
S1-1x,3095,34.651,11.69,11.70,0.0117,1840,146
S1-1x,3096,34.662,11.20,11.19,0.0112,1024,146
S1-1x,3097,34.674,11.68,11.70,0.0117,1828,146
S1-1x,3098,34.685,11.84,11.80,0.0118,1788,146
S1-1x,3099,34.699,13.90,13.90,0.0139,1916,146
S1-1x,3100,34.713,13.33,13.30,0.0133,1788,146
S1-1x,3101,34.725,12.26,12.29,0.0123,984,146
S1-1x,3102,34.737,11.76,11.70,0.0118,984,146
S1-1x,3103,34.750,13.26,13.28,0.0133,1788,146
S1-1x,3104,34.762,11.70,11.70,0.0117,1788,146
S1-1x,3105,34.774,12.46,12.48,0.0125,1828,146
S1-1x,3106,34.787,12.87,12.81,0.0129,1828,146
S1-1x,3107,34.799,11.95,11.98,0.0120,984,146
S1-1x,3108,34.811,12.17,12.20,0.0122,984,146
S1-1x,3109,34.823,12.43,12.41,0.0124,3868,146
S1-1x,3110,34.836,12.31,12.30,0.0123,1024,146
S1-1x,3111,34.849,12.70,12.68,0.0127,1828,146
S1-1x,3112,34.861,12.69,12.71,0.0127,1840,146
S1-1x,3113,34.873,11.88,11.88,0.0119,984,146
S1-1x,3114,34.885,12.22,12.21,0.0122,1828,146
S1-1x,3115,34.898,12.94,12.90,0.0129,1748,145
S1-1x,3116,34.911,13.09,13.09,0.0131,1788,145
S1-1x,3117,34.924,12.61,12.59,0.0126,984,145
S1-1x,3118,34.936,11.65,11.68,0.0117,984,145
S1-1x,3119,34.948,12.24,12.21,0.0122,1828,145
S1-1x,3120,34.961,13.04,13.08,0.0130,3908,145
S1-1x,3121,34.973,12.31,12.29,0.0123,1024,145
S1-1x,3122,34.985,12.04,12.01,0.0120,984,145
S1-1x,3123,34.997,12.22,12.20,0.0122,1788,145
S1-1x,3124,35.011,13.13,13.17,0.0131,1828,145
S1-1x,3125,35.023,12.17,12.12,0.0122,984,145
S1-1x,3126,35.034,11.76,11.79,0.0118,1024,145
S1-1x,3127,35.046,11.68,11.70,0.0117,984,145
S1-1x,3128,35.058,12.09,12.09,0.0121,984,145
S1-1x,3129,35.070,11.72,11.70,0.0117,1076,145
S1-1x,3130,35.082,11.59,11.59,0.0116,984,145
S1-1x,3131,35.093,11.71,11.70,0.0117,1024,145
S1-1x,3132,35.105,11.67,11.69,0.0117,1024,145
S1-1x,3133,35.116,11.43,11.40,0.0114,984,145
S1-1x,3134,35.128,11.60,11.60,0.0116,984,145
S1-1x,3135,35.139,11.34,11.29,0.0113,984,145
S1-1x,3136,35.151,11.31,11.32,0.0113,1024,145
S1-1x,3137,35.162,11.17,11.18,0.0112,984,145
S1-1x,3138,35.174,11.87,11.89,0.0119,1788,145
S1-1x,3139,35.185,11.20,11.19,0.0112,984,145
S1-1x,3140,35.196,10.91,10.90,0.0109,984,145
S1-1x,3141,35.207,11.42,11.38,0.0114,1788,145
S1-1x,3142,35.219,12.10,12.11,0.0121,984,145
S1-1x,3143,35.232,13.10,13.09,0.0131,3868,145
S1-1x,3144,35.246,13.19,13.20,0.0132,1788,145
S1-1x,3145,35.259,12.93,12.90,0.0129,1628,145
S1-1x,3146,35.271,11.98,11.99,0.0120,1036,145
S1-1x,3147,35.283,12.59,12.59,0.0126,1828,145
S1-1x,3148,35.296,12.66,12.69,0.0127,984,145
S1-1x,3149,35.308,11.98,11.91,0.0120,984,145
S1-1x,3150,35.320,12.60,12.58,0.0126,984,145
S1-1x,3151,35.333,12.70,12.69,0.0127,1788,145
S1-1x,3152,35.345,12.32,12.31,0.0123,984,145
S1-1x,3153,35.357,11.87,11.89,0.0119,1024,145
S1-1x,3154,35.370,12.37,12.38,0.0124,1152,145
S1-1x,3155,35.382,12.56,12.51,0.0126,1828,145
S1-1x,3156,35.395,12.76,12.78,0.0128,1788,145
S1-1x,3157,35.407,12.09,12.10,0.0121,984,145
S1-1x,3158,35.420,12.68,12.69,0.0127,1788,145
S1-1x,3159,35.431,11.75,11.71,0.0118,984,145
S1-1x,3160,35.443,11.68,11.69,0.0117,984,145
S1-1x,3161,35.454,11.27,11.29,0.0113,984,145
S1-1x,3162,35.466,11.94,11.91,0.0119,1788,145
S1-1x,3163,35.479,12.96,12.99,0.0130,4512,145
S1-1x,3164,35.491,11.42,11.40,0.0114,984,145
S1-1x,3165,35.503,11.97,11.99,0.0120,1788,145
S1-1x,3166,35.514,11.53,11.51,0.0115,1788,145
S1-1x,3167,35.525,11.08,11.09,0.0111,1024,145
S1-1x,3168,35.537,11.95,11.90,0.0120,984,145
S1-1x,3169,35.550,12.48,12.50,0.0125,1828,145
S1-1x,3170,35.562,12.29,12.28,0.0123,1024,145
S1-1x,3171,35.573,11.34,11.32,0.0113,1152,145
S1-1x,3172,35.585,11.35,11.39,0.0114,1024,145
S1-1x,3173,35.596,11.39,11.39,0.0114,1788,145
S1-1x,3174,35.608,11.91,11.90,0.0119,1828,145
S1-1x,3175,35.619,11.60,11.60,0.0116,1024,145
S1-1x,3176,35.631,11.64,11.61,0.0116,1788,145
S1-1x,3177,35.643,11.45,11.47,0.0114,1024,145
S1-1x,3178,35.655,12.20,12.20,0.0122,1828,145
S1-1x,3179,35.667,12.24,12.21,0.0122,1828,145
S1-1x,3180,35.679,12.02,11.99,0.0120,1036,145
S1-1x,3181,35.692,12.54,12.59,0.0125,3868,145
S1-1x,3182,35.704,12.12,12.10,0.0121,1828,145
S1-1x,3183,35.717,12.82,12.80,0.0128,1024,145
S1-1x,3184,35.729,12.24,12.27,0.0122,1828,145
S1-1x,3185,35.741,11.85,11.81,0.0119,1024,145
S1-1x,3186,35.753,12.47,12.50,0.0125,1828,145
S1-1x,3187,35.767,13.80,13.79,0.0138,1956,144
S1-1x,3188,35.781,13.60,13.61,0.0136,1836,144
S1-1x,3189,35.794,12.95,12.89,0.0129,1828,144
S1-1x,3190,35.807,12.91,12.91,0.0129,1210,144
S1-1x,3191,35.819,13.05,13.07,0.0130,1828,144
S1-1x,3192,35.832,12.65,12.62,0.0126,1024,144
S1-1x,3193,35.845,12.88,12.87,0.0129,1828,144
S1-1x,3194,35.858,12.70,12.70,0.0127,984,144
S1-1x,3195,35.871,12.92,12.89,0.0129,1828,144
S1-1x,3196,35.884,13.07,13.10,0.0131,1880,144
S1-1x,3197,35.896,12.42,12.40,0.0124,1828,144
S1-1x,3198,35.909,12.97,13.00,0.0130,984,144
S1-1x,3199,35.922,13.01,13.00,0.0130,1828,144
S1-1x,3200,35.935,12.51,12.49,0.0125,1024,144
S1-1x,3201,35.948,13.33,13.30,0.0133,1828,144
S1-1x,3202,35.961,13.55,13.59,0.0136,3908,144
S1-1x,3203,35.974,12.86,12.87,0.0129,1152,144
S1-1x,3204,35.986,12.11,12.11,0.0121,1024,144
S1-1x,3205,36.000,13.15,13.11,0.0131,1828,144
S1-1x,3206,36.013,13.36,13.38,0.0134,1828,144
S1-1x,3207,36.026,13.14,13.12,0.0131,1024,144
S1-1x,3208,36.039,13.02,12.99,0.0130,1828,144
S1-1x,3209,36.052,12.49,12.49,0.0125,1024,144
S1-1x,3210,36.065,13.08,13.09,0.0131,1024,144
S1-1x,3211,36.078,13.66,13.48,0.0137,1828,144
S1-1x,3212,36.092,13.56,13.72,0.0136,1880,144
S1-1x,3213,36.105,13.11,13.10,0.0131,1024,144
S1-1x,3214,36.118,12.79,12.81,0.0128,1024,144
S1-1x,3215,36.130,12.67,12.68,0.0127,1024,144
S1-1x,3216,36.143,12.59,12.59,0.0126,1024,144
S1-1x,3217,36.156,12.74,12.71,0.0127,1152,144
S1-1x,3218,36.170,14.36,14.39,0.0144,1828,144
S1-1x,3219,36.183,13.21,13.20,0.0132,1152,144
S1-1x,3220,36.196,12.22,12.21,0.0122,1024,144
S1-1x,3221,36.209,13.37,13.38,0.0134,3908,144
S1-1x,3222,36.222,12.68,12.69,0.0127,1024,144
S1-1x,3223,36.235,13.15,13.12,0.0132,1828,144
S1-1x,3224,36.248,13.58,13.57,0.0136,1828,144
S1-1x,3225,36.261,13.01,13.01,0.0130,1024,144
S1-1x,3226,36.274,12.63,12.61,0.0126,1152,144
S1-1x,3227,36.286,12.26,12.27,0.0123,1024,144
S1-1x,3228,36.299,12.61,12.60,0.0126,1076,144
S1-1x,3229,36.312,13.45,13.42,0.0134,1828,144
S1-1x,3230,36.325,13.06,13.08,0.0131,1828,144
S1-1x,3231,36.338,12.40,12.40,0.0124,1024,144
S1-1x,3232,36.350,12.21,12.19,0.0122,1024,144
S1-1x,3233,36.362,12.39,12.39,0.0124,1956,144
S1-1x,3234,36.376,13.27,13.28,0.0133,1828,144
S1-1x,3235,36.388,12.12,12.10,0.0121,1024,144
S1-1x,3236,36.400,12.28,12.29,0.0123,1828,144
S1-1x,3237,36.413,12.63,12.60,0.0126,1828,144
S1-1x,3238,36.425,12.37,12.40,0.0124,1024,144
S1-1x,3239,36.437,12.35,12.31,0.0123,1828,144
S1-1x,3240,36.450,12.25,12.28,0.0123,1828,144
S1-1x,3241,36.461,11.49,11.50,0.0115,1024,144
S1-1x,3242,36.474,12.45,12.40,0.0125,1828,143
S1-1x,3243,36.486,12.07,12.10,0.0121,1152,143
S1-1x,3244,36.498,12.03,12.00,0.0120,1024,143
S1-1x,3245,36.510,11.88,11.90,0.0119,1076,143
S1-1x,3246,36.522,12.70,12.70,0.0127,1828,143
S1-1x,3247,36.535,13.19,13.19,0.0132,1828,143
S1-1x,3248,36.548,12.23,12.20,0.0122,1152,143
S1-1x,3249,36.560,11.97,12.00,0.0120,1024,143
S1-1x,3250,36.573,13.72,13.71,0.0137,1956,143
S1-1x,3251,36.586,12.52,12.50,0.0125,1024,143
S1-1x,3252,36.599,12.71,12.69,0.0127,1210,143
S1-1x,3253,36.611,12.56,12.60,0.0126,1090,142
S1-1x,3254,36.623,11.99,11.99,0.0120,1024,142
S1-1x,3255,36.635,11.52,11.51,0.0115,1024,142
S1-1x,3256,36.647,12.30,12.29,0.0123,1828,142
S1-1x,3257,36.659,12.08,12.10,0.0121,1828,142
S1-1x,3258,36.671,11.69,11.69,0.0117,1024,142
S1-1x,3259,36.683,12.02,12.01,0.0120,3908,142
S1-1x,3260,36.697,14.47,14.40,0.0145,1828,142
S1-1x,3261,36.712,14.85,14.89,0.0149,1024,142
S1-1x,3262,36.727,14.61,14.60,0.0146,1880,141
S1-1x,3263,36.740,13.11,13.10,0.0131,984,141
S1-1x,3264,36.754,14.52,14.50,0.0145,3418,141
S1-1x,3265,36.768,13.24,13.28,0.0132,1024,141
S1-1x,3266,36.782,14.17,14.09,0.0142,1828,141
S1-1x,3267,36.796,13.96,14.01,0.0140,3908,141
S1-1x,3268,36.811,14.89,14.89,0.0149,1828,141
S1-1x,3269,36.824,13.77,13.78,0.0138,1024,141
S1-1x,3270,36.839,14.43,14.41,0.0144,1828,140
S1-1x,3271,36.853,13.73,13.72,0.0137,1788,140
S1-1x,3272,36.867,14.49,14.48,0.0145,1828,140
S1-1x,3273,36.882,14.60,14.61,0.0146,1828,140
S1-1x,3274,36.895,13.28,13.28,0.0133,1024,140
S1-1x,3275,36.909,14.48,14.50,0.0145,1828,140
S1-1x,3276,36.924,14.51,14.50,0.0145,1828,140
S1-1x,3277,36.937,13.21,13.20,0.0132,1076,140
S1-1x,3278,36.951,13.81,13.80,0.0138,1828,140
S1-1x,3279,36.965,14.55,14.52,0.0146,1152,140
S1-1x,3280,36.979,13.36,13.38,0.0134,1024,140
S1-1x,3281,36.993,13.80,13.81,0.0138,1024,140
S1-1x,3282,37.007,14.32,14.29,0.0143,1828,140
S1-1x,3283,37.021,14.10,14.10,0.0141,1024,140
S1-1x,3284,37.035,14.40,14.40,0.0144,1828,140
S1-1x,3285,37.050,14.14,14.17,0.0141,1828,140
S1-1x,3286,37.063,13.33,13.31,0.0133,1024,140
S1-1x,3287,37.077,13.67,13.69,0.0137,1024,140
S1-1x,3288,37.090,13.76,13.70,0.0138,1828,140
S1-1x,3289,37.104,13.95,13.99,0.0139,1828,140
S1-1x,3290,37.118,13.54,13.51,0.0135,1024,140
S1-1x,3291,37.130,12.55,12.57,0.0125,1024,140
S1-1x,3292,37.143,12.42,12.41,0.0124,1076,140
S1-1x,3293,37.156,13.24,13.21,0.0132,1828,140
S1-1x,3294,37.169,13.35,13.39,0.0133,1828,140
S1-1x,3295,37.184,14.40,14.39,0.0144,1828,137
S1-1x,3296,37.198,14.07,14.02,0.0141,1788,135
S1-1x,3297,37.212,14.07,14.08,0.0141,1828,133
S1-1x,3298,37.226,13.97,13.98,0.0140,944,133
S1-1x,3299,37.239,12.94,12.92,0.0129,1024,133
S1-1x,3300,37.252,12.77,12.77,0.0128,1024,133
S1-1x,3301,37.264,12.56,12.52,0.0126,1024,133
S1-1x,3302,37.277,12.41,12.46,0.0124,1024,133
S1-1x,3303,37.289,12.29,12.29,0.0123,1024,133
S1-1x,3304,37.301,11.84,11.80,0.0118,1024,133
S1-1x,3305,37.313,12.22,12.21,0.0122,1024,133
S1-1x,3306,37.325,12.01,12.01,0.0120,1024,133
S1-1x,3307,37.337,11.78,11.78,0.0118,1024,133
S1-1x,3308,37.349,11.80,11.79,0.0118,1076,133
S1-1x,3309,37.360,11.77,11.80,0.0118,1024,133
S1-1x,3310,37.372,11.41,11.40,0.0114,1024,133
S1-1x,3311,37.383,11.57,11.58,0.0116,1024,133
S1-1x,3312,37.394,11.25,11.21,0.0113,1024,133
S1-1x,3313,37.406,11.79,11.80,0.0118,1024,133
S1-1x,3314,37.418,11.50,11.50,0.0115,1024,133
S1-1x,3315,37.429,10.85,10.81,0.0108,1024,133
S1-1x,3316,37.440,11.15,11.18,0.0112,1024,133
S1-1x,3317,37.450,10.39,10.39,0.0104,1024,133
S1-1x,3318,37.461,11.00,10.99,0.0110,1828,133
S1-1x,3319,37.472,11.29,11.30,0.0113,1828,133
S1-1x,3320,37.485,12.52,12.50,0.0125,1828,133
S1-1x,3321,37.497,11.80,11.80,0.0118,1024,133
S1-1x,3322,37.508,11.70,11.69,0.0117,1828,131
S1-1x,3323,37.519,10.66,10.68,0.0107,944,131
S1-1x,3324,37.530,10.82,10.81,0.0108,1024,131
S1-1x,3325,37.540,10.44,10.41,0.0104,1024,131
S1-1x,3326,37.550,10.07,10.10,0.0101,1076,131
S1-1x,3327,37.560,10.00,10.00,0.0100,1024,131
S1-1x,3328,37.571,10.80,10.79,0.0108,1788,129
S1-1x,3329,37.582,10.40,10.40,0.0104,904,129
S1-1x,3330,37.592,10.62,10.60,0.0106,1024,129
S1-1x,3331,37.603,10.77,10.78,0.0108,1788,129
S1-1x,3332,37.614,10.61,10.61,0.0106,1024,129
S1-1x,3333,37.624,10.41,10.40,0.0104,984,129
S1-1x,3334,37.635,10.70,10.69,0.0107,1788,129
S1-1x,3335,37.646,11.12,11.10,0.0111,1210,129
S1-1x,3336,37.657,11.10,11.11,0.0111,1828,129
S1-1x,3337,37.668,11.52,11.54,0.0115,1788,129
S1-1x,3338,37.679,10.97,10.95,0.0110,984,129
S1-1x,3339,37.691,11.31,11.30,0.0113,984,129
S1-1x,3340,37.702,11.62,11.59,0.0116,1170,127
S1-1x,3341,37.713,10.66,10.69,0.0107,984,127
S1-1x,3342,37.724,10.88,10.90,0.0109,1024,127
S1-1x,3343,37.734,10.30,10.29,0.0103,984,127
S1-1x,3344,37.744,10.09,10.09,0.0101,984,127
S1-1x,3345,37.755,10.23,10.21,0.0102,1076,127
S1-1x,3346,37.766,11.50,11.50,0.0115,1788,127
S1-1x,3347,37.777,10.90,10.88,0.0109,1024,127
S1-1x,3348,37.787,10.52,10.51,0.0105,984,127
S1-1x,3349,37.799,11.08,11.08,0.0111,1788,127
S1-1x,3350,37.810,11.20,11.21,0.0112,1788,127
S1-1x,3351,37.821,11.37,11.39,0.0114,1788,127
S1-1x,3352,37.833,11.66,11.61,0.0117,1788,127
S1-1x,3353,37.844,10.97,10.97,0.0110,984,127
S1-1x,3354,37.854,10.60,10.61,0.0106,984,127
S1-1x,3355,37.866,12.04,12.00,0.0120,1788,127
S1-1x,3356,37.877,11.02,11.07,0.0110,1024,127
S1-1x,3357,37.889,11.54,11.52,0.0115,1828,127
S1-1x,3358,37.901,12.21,12.19,0.0122,1828,126
S1-1x,3359,37.914,12.94,12.91,0.0129,1090,122
S1-1x,3360,37.926,12.23,12.27,0.0122,1708,122
S1-1x,3361,37.939,12.63,12.61,0.0126,1788,122
S1-1x,3362,37.951,12.48,12.49,0.0125,1788,122
S1-1x,3363,37.963,11.82,11.81,0.0118,1076,122
S1-1x,3364,37.975,11.26,11.28,0.0113,984,122
S1-1x,3365,37.985,10.73,10.70,0.0107,984,122
S1-1x,3366,37.997,11.62,11.60,0.0116,1828,122
S1-1x,3367,38.009,12.06,12.08,0.0121,1788,122
S1-1x,3368,38.020,11.29,11.31,0.0113,1024,122
S1-1x,3369,38.032,11.32,11.30,0.0113,1024,122
S1-1x,3370,38.043,11.32,11.29,0.0113,1024,122
S1-1x,3371,38.054,11.48,11.50,0.0115,1024,122
S1-1x,3372,38.066,11.30,11.30,0.0113,1024,122
S1-1x,3373,38.078,11.98,11.98,0.0120,1828,122
S1-1x,3374,38.090,11.88,11.69,0.0119,1024,122
S1-1x,3375,38.101,11.09,11.22,0.0111,1024,122
S1-1x,3376,38.113,11.87,11.89,0.0119,1828,122
S1-1x,3377,38.125,12.66,12.69,0.0127,1828,116
S1-1x,3378,38.137,12.21,12.20,0.0122,1748,115
S1-1x,3379,38.150,12.50,12.50,0.0125,1828,112
S1-1x,3380,38.163,13.06,13.01,0.0131,1828,112
S1-1x,3381,38.176,13.22,13.28,0.0132,1262,111
S1-1x,3382,38.189,12.64,12.60,0.0126,1210,110
S1-1x,3383,38.202,13.11,13.10,0.0131,1024,110
S1-1x,3384,38.215,12.64,12.60,0.0126,1024,110
S1-1x,3385,38.228,13.08,13.10,0.0131,1828,110
S1-1x,3386,38.241,13.86,13.89,0.0139,1828,110
S1-1x,3387,38.255,13.23,13.20,0.0132,1024,110
S1-1x,3388,38.267,12.41,12.39,0.0124,1024,110
S1-1x,3389,38.280,12.41,12.41,0.0124,1024,110
S1-1x,3390,38.292,12.30,12.29,0.0123,1024,110
S1-1x,3391,38.305,12.76,12.78,0.0128,1828,109
S1-1x,3392,38.317,12.64,12.62,0.0126,1024,109
S1-1x,3393,38.329,12.21,12.21,0.0122,1024,109
S1-1x,3394,38.342,12.35,12.38,0.0124,1024,109
S1-1x,3395,38.353,11.65,11.60,0.0117,1024,109
S1-1x,3396,38.367,13.01,13.00,0.0130,1828,109
S1-1x,3397,38.378,12.05,12.08,0.0121,1076,109
S1-1x,3398,38.391,12.19,12.20,0.0122,1828,109
S1-1x,3399,38.403,12.80,12.80,0.0128,1828,107
S1-1x,3400,38.417,13.21,13.21,0.0132,1748,105
S1-1x,3401,38.429,12.05,12.00,0.0121,944,105
S1-1x,3402,38.441,12.45,12.49,0.0125,1828,105
S1-1x,3403,38.453,11.50,11.49,0.0115,1024,105
S1-1x,3404,38.463,10.68,10.69,0.0107,1024,105
S1-1x,3405,38.474,10.67,10.68,0.0107,1024,105
S1-1x,3406,38.485,10.97,10.92,0.0110,1828,105
S1-1x,3407,38.496,11.39,11.41,0.0114,1024,105
S1-1x,3408,38.507,10.46,10.47,0.0105,1024,105
S1-1x,3409,38.517,9.90,9.89,0.0099,1024,105
S1-1x,3410,38.527,9.89,9.90,0.0099,1024,105
S1-1x,3411,38.537,10.35,10.31,0.0103,1024,105
S1-1x,3412,38.547,10.09,10.10,0.0101,1024,105
S1-1x,3413,38.557,10.19,10.20,0.0102,1024,105
S1-1x,3414,38.567,9.90,9.89,0.0099,1024,105
S1-1x,3415,38.577,9.90,9.91,0.0099,1076,105
S1-1x,3416,38.587,10.02,9.99,0.0100,1024,105
S1-1x,3417,38.598,10.58,10.60,0.0106,1708,104
S1-1x,3418,38.608,10.31,10.31,0.0103,1024,104
S1-1x,3419,38.618,9.99,10.00,0.0100,1024,104
S1-1x,3420,38.628,9.98,9.99,0.0100,1024,104
S1-1x,3421,38.638,10.14,10.12,0.0101,1828,104
S1-1x,3422,38.648,9.90,9.89,0.0099,1828,104
S1-1x,3423,38.658,10.00,10.01,0.0100,1152,104
S1-1x,3424,38.669,10.87,10.87,0.0109,1828,102
S1-1x,3425,38.682,13.01,13.00,0.0130,4980,94
S1-1x,3426,38.693,10.72,10.70,0.0107,1788,94
S1-1x,3427,38.703,10.60,10.60,0.0106,1024,94
S1-1x,3428,38.713,9.98,9.99,0.0100,1024,94
S1-1x,3429,38.724,10.91,10.90,0.0109,1828,94
S1-1x,3430,38.734,10.19,10.19,0.0102,1024,94
S1-1x,3431,38.744,9.82,9.81,0.0098,1024,94
S1-1x,3432,38.754,10.39,10.40,0.0104,1828,94
S1-1x,3433,38.765,10.42,10.40,0.0104,1024,94
S1-1x,3434,38.775,10.37,10.38,0.0104,1708,93
S1-1x,3435,38.786,10.41,10.41,0.0104,1076,93
S1-1x,3436,38.798,12.04,12.00,0.0120,1828,89
S1-1x,3437,38.809,11.36,11.39,0.0114,1024,89
S1-1x,3438,38.820,11.13,11.10,0.0111,1024,89
S1-1x,3439,38.832,11.42,11.40,0.0114,1024,89
S1-1x,3440,38.844,12.40,12.40,0.0124,1338,84
S1-1x,3441,38.855,11.10,11.08,0.0111,984,84
S1-1x,3442,38.867,11.50,11.50,0.0115,1024,84
S1-1x,3443,38.878,11.20,11.20,0.0112,1024,84
S1-1x,3444,38.889,11.57,11.58,0.0116,1828,84
S1-1x,3445,38.902,12.31,12.31,0.0123,1828,81
S1-1x,3446,38.913,11.28,11.28,0.0113,1024,81
S1-1x,3447,38.924,11.48,11.51,0.0115,1828,81
S1-1x,3448,38.935,10.51,10.49,0.0105,1024,81
S1-1x,3449,38.945,10.29,10.29,0.0103,1024,81
S1-1x,3450,38.956,11.04,11.00,0.0110,1024,81
S1-1x,3451,38.967,10.93,10.91,0.0109,1024,81
S1-1x,3452,38.977,10.34,10.39,0.0103,1024,81
S1-1x,3453,38.988,10.90,10.90,0.0109,1880,81
S1-1x,3454,38.999,10.49,10.48,0.0105,1024,81
S1-1x,3455,39.009,10.22,10.21,0.0102,1024,81
S1-1x,3456,39.019,10.19,10.19,0.0102,1024,81
S1-1x,3457,39.029,10.12,10.11,0.0101,1152,81
S1-1x,3458,39.039,9.98,9.98,0.0100,1024,81
S1-1x,3459,39.050,10.12,10.12,0.0101,1024,81
S1-1x,3460,39.061,11.19,11.19,0.0112,1828,78
S1-1x,3461,39.072,10.91,10.90,0.0109,1024,78
S1-1x,3462,39.083,10.96,10.99,0.0110,1828,77
S1-1x,3463,39.094,11.25,11.22,0.0113,1828,77
S1-1x,3464,39.105,10.98,10.99,0.0110,1024,77
S1-1x,3465,39.116,10.71,10.69,0.0107,1024,77
S1-1x,3466,39.126,10.58,10.59,0.0106,1024,77
S1-1x,3467,39.138,11.80,11.81,0.0118,3364,75
S1-1x,3468,39.148,10.19,10.18,0.0102,1024,75
S1-1x,3469,39.158,10.19,10.20,0.0102,1024,75
S1-1x,3470,39.168,10.18,10.19,0.0102,1024,75
S1-1x,3471,39.178,9.74,9.72,0.0097,1024,75
S1-1x,3472,39.188,9.59,9.59,0.0096,1076,75
S1-1x,3473,39.198,10.29,10.29,0.0103,1828,75
S1-1x,3474,39.209,10.83,10.80,0.0108,1828,75
S1-1x,3475,39.220,11.27,11.27,0.0113,1956,75
S1-1x,3476,39.231,10.75,10.72,0.0108,1024,75
S1-1x,3477,39.241,10.31,10.29,0.0103,1024,75
S1-1x,3478,39.252,10.55,10.59,0.0106,1828,75
S1-1x,3479,39.262,10.51,10.50,0.0105,1024,75
S1-1x,3480,39.273,10.14,10.11,0.0101,1024,75
S1-1x,3481,39.283,10.77,10.78,0.0108,1828,74
S1-1x,3482,39.294,10.22,10.21,0.0102,1024,74
S1-1x,3483,39.303,9.77,9.79,0.0098,1024,74
S1-1x,3484,39.313,10.14,10.11,0.0101,1828,73
S1-1x,3485,39.324,10.30,10.27,0.0103,1024,73
S1-1x,3486,39.334,10.41,10.43,0.0104,1828,73
S1-1x,3487,39.344,9.57,9.58,0.0096,1024,73
S1-1x,3488,39.353,8.98,8.98,0.0090,1024,73
S1-1x,3489,39.363,9.93,9.91,0.0099,1828,73
S1-1x,3490,39.372,9.66,9.69,0.0097,1024,73
S1-1x,3491,39.382,9.49,9.41,0.0095,1024,73
S1-1x,3492,39.392,10.26,10.31,0.0103,1880,72
S1-1x,3493,39.402,10.09,10.09,0.0101,1956,72
S1-1x,3494,39.412,9.49,9.50,0.0095,1024,72
S1-1x,3495,39.421,9.88,9.89,0.0099,1828,71
S1-1x,3496,39.431,9.52,9.51,0.0095,1024,71
S1-1x,3497,39.440,9.12,9.09,0.0091,1024,71
S1-1x,3498,39.449,9.46,9.50,0.0095,1828,71
S1-1x,3499,39.460,10.56,10.52,0.0106,1828,68
S1-1x,3500,39.471,10.63,10.67,0.0106,1748,65
S1-1x,3501,39.481,10.24,10.22,0.0102,1828,65
S1-1x,3502,39.491,10.49,10.49,0.0105,1828,64
S1-1x,3503,39.502,10.22,10.21,0.0102,1024,64
S1-1x,3504,39.512,9.95,9.98,0.0100,1828,64
S1-1x,3505,39.522,10.31,10.30,0.0103,1828,63
S1-1x,3506,39.533,10.91,10.91,0.0109,1828,61
S1-1x,3507,39.542,9.50,9.49,0.0095,1024,61
S1-1x,3508,39.552,9.61,9.60,0.0096,1828,61
S1-1x,3509,39.561,9.18,9.19,0.0092,1024,61
S1-1x,3510,39.570,8.68,8.70,0.0087,1024,61
S1-1x,3511,39.579,9.23,9.21,0.0092,1828,60
S1-1x,3512,39.588,9.11,9.10,0.0091,1024,60
S1-1x,3513,39.598,9.58,9.59,0.0096,1880,59
S1-1x,3514,39.607,8.90,8.89,0.0089,1024,59
S1-1x,3515,39.616,9.90,9.91,0.0099,1828,57
S1-1x,3516,39.625,8.99,9.00,0.0090,1024,57
S1-1x,3517,39.635,9.71,9.70,0.0097,1828,57
S1-1x,3518,39.645,9.85,9.81,0.0098,1024,57
S1-1x,3519,39.655,9.77,9.79,0.0098,1024,57
S1-1x,3520,39.665,9.92,9.89,0.0099,1024,57
S1-1x,3521,39.675,10.18,10.21,0.0102,1828,56
S1-1x,3522,39.685,9.80,9.79,0.0098,1024,56
S1-1x,3523,39.695,10.20,10.19,0.0102,1828,55
S1-1x,3524,39.705,9.60,9.60,0.0096,1024,55
S1-1x,3525,39.715,10.11,10.10,0.0101,1828,55
S1-1x,3526,39.724,9.68,9.70,0.0097,1024,55
S1-1x,3527,39.734,9.50,9.50,0.0095,1152,55
S1-1x,3528,39.743,9.41,9.40,0.0094,1024,55
S1-1x,3529,39.752,9.10,9.11,0.0091,1024,55
S1-1x,3530,39.762,9.41,9.38,0.0094,1024,55
S1-1x,3531,39.772,10.28,10.29,0.0103,1828,55
S1-1x,3532,39.782,9.62,9.59,0.0096,1024,55
S1-1x,3533,39.791,9.43,9.42,0.0094,1024,55
S1-1x,3534,39.800,9.18,9.18,0.0092,1076,55
S1-1x,3535,39.810,9.31,9.31,0.0093,1024,55
S1-1x,3536,39.819,9.56,9.57,0.0096,1024,55
S1-1x,3537,39.828,8.99,8.99,0.0090,1024,55
S1-1x,3538,39.838,9.55,9.52,0.0095,1024,55
S1-1x,3539,39.847,9.02,9.01,0.0090,1024,55
S1-1x,3540,39.856,9.08,9.08,0.0091,1064,55
S1-1x,3541,39.865,9.59,9.60,0.0096,1024,55
S1-1x,3542,39.875,9.57,9.59,0.0096,1828,55
S1-1x,3543,39.884,9.42,9.40,0.0094,1024,55
S1-1x,3544,39.893,8.90,8.89,0.0089,1024,55
S1-1x,3545,39.903,9.80,9.81,0.0098,1828,55
S1-1x,3546,39.913,9.69,9.68,0.0097,1024,55
S1-1x,3547,39.922,9.09,9.09,0.0091,1024,55
S1-1x,3548,39.931,9.12,9.11,0.0091,1024,55
S1-1x,3549,39.940,8.90,8.90,0.0089,1152,55
S1-1x,3550,39.949,8.95,8.92,0.0089,1024,55
S1-1x,3551,39.958,8.84,8.87,0.0088,1024,55
S1-1x,3552,39.967,8.92,8.91,0.0089,1024,55
S1-1x,3553,39.976,9.02,9.01,0.0090,1024,55
S1-1x,3554,39.984,8.78,8.78,0.0088,1024,55
S1-1x,3555,39.993,8.83,8.80,0.0088,1152,55
S1-1x,3556,40.002,8.41,8.40,0.0084,1076,55
S1-1x,3557,40.011,8.98,9.00,0.0090,1024,55
S1-1x,3558,40.019,8.80,8.78,0.0088,1024,55
S1-1x,3559,40.028,8.49,8.50,0.0085,984,55
S1-1x,3560,40.037,8.88,8.89,0.0089,984,55
S1-1x,3561,40.045,8.52,8.50,0.0085,1024,55
S1-1x,3562,40.054,8.60,8.59,0.0086,984,55
S1-1x,3563,40.062,8.58,8.59,0.0086,1152,55
S1-1x,3564,40.072,9.60,9.59,0.0096,1828,55
S1-1x,3565,40.081,8.90,8.90,0.0089,1024,55
S1-1x,3566,40.090,8.76,8.51,0.0088,1024,55
S1-1x,3567,40.098,8.38,8.60,0.0084,1024,55
S1-1x,3568,40.107,8.42,8.40,0.0084,1024,55
S1-1x,3569,40.116,9.33,9.37,0.0093,1828,50
S1-1x,3570,40.124,8.43,8.41,0.0084,1024,50
S1-1x,3571,40.132,8.20,8.19,0.0082,1024,49
S1-1x,3572,40.141,8.49,8.49,0.0085,1152,49
S1-1x,3573,40.149,8.28,8.29,0.0083,1024,49
S1-1x,3574,40.157,8.32,8.29,0.0083,1024,49
S1-1x,3575,40.166,8.10,8.10,0.0081,1024,49
S1-1x,3576,40.174,8.30,8.29,0.0083,1024,49
S1-1x,3577,40.183,8.99,9.00,0.0090,1338,48
S1-1x,3578,40.192,8.58,8.58,0.0086,1024,48
S1-1x,3579,40.200,8.25,8.21,0.0082,1152,48
S1-1x,3580,40.208,8.48,8.48,0.0085,1076,48
S1-1x,3581,40.216,8.28,8.29,0.0083,1024,48
S1-1x,3582,40.225,8.50,8.50,0.0085,1024,48
S1-1x,3583,40.233,8.33,8.31,0.0083,984,48
S1-1x,3584,40.241,7.93,7.90,0.0079,1024,48
S1-1x,3585,40.249,8.15,8.18,0.0082,1024,48
S1-1x,3586,40.257,7.94,7.91,0.0079,1024,48
S1-1x,3587,40.266,8.37,8.38,0.0084,1152,48
S1-1x,3588,40.274,8.08,8.10,0.0081,1024,48
S1-1x,3589,40.282,8.62,8.61,0.0086,1828,48
S1-1x,3590,40.290,8.02,8.00,0.0080,1024,48
S1-1x,3591,40.299,8.88,8.89,0.0089,1828,44
S1-1x,3592,40.308,8.28,8.29,0.0083,984,44
S1-1x,3593,40.316,7.93,7.90,0.0079,1024,44
S1-1x,3594,40.323,7.90,7.89,0.0079,1024,44
S1-1x,3595,40.331,7.85,7.82,0.0078,1024,44
S1-1x,3596,40.339,8.07,8.09,0.0081,1024,44
S1-1x,3597,40.348,8.47,8.47,0.0085,1024,44
S1-1x,3598,40.356,8.43,8.41,0.0084,1024,44
S1-1x,3599,40.365,8.69,8.70,0.0087,984,44
S1-1x,3600,40.374,8.56,8.50,0.0086,1024,44
S1-1x,3601,40.382,8.94,8.99,0.0089,1210,44
S1-1x,3602,40.391,8.16,8.19,0.0082,1152,44
S1-1x,3603,40.399,8.03,8.00,0.0080,1024,44
S1-1x,3604,40.407,8.44,8.40,0.0084,1152,44
S1-1x,3605,40.416,8.63,8.67,0.0086,1076,44
S1-1x,3606,40.425,9.29,9.29,0.0093,1828,40
S1-1x,3607,40.435,9.60,9.61,0.0096,1788,40
S1-1x,3608,40.444,9.83,9.80,0.0098,1828,40
S1-1x,3609,40.454,9.21,9.20,0.0092,1024,40
S1-1x,3610,40.463,9.02,9.01,0.0090,1024,40
S1-1x,3611,40.472,9.39,9.37,0.0094,1152,40
S1-1x,3612,40.481,9.22,9.21,0.0092,1024,40
S1-1x,3613,40.491,9.47,9.49,0.0095,1024,40
S1-1x,3614,40.501,10.00,10.00,0.0100,1956,37
S1-1x,3615,40.510,9.67,9.70,0.0097,944,37
S1-1x,3616,40.520,9.41,9.40,0.0094,1024,37
S1-1x,3617,40.530,9.80,9.79,0.0098,1828,35
S1-1x,3618,40.539,9.35,9.33,0.0094,1024,35
S1-1x,3619,40.549,9.49,9.48,0.0095,1024,35
S1-1x,3620,40.558,9.53,9.58,0.0095,1024,35
S1-1x,3621,40.568,9.51,9.51,0.0095,1024,35
S1-1x,3622,40.576,8.98,9.00,0.0090,1024,35
S1-1x,3623,40.585,8.99,8.98,0.0090,1024,35
S1-1x,3624,40.594,8.97,8.91,0.0090,1152,35
S1-1x,3625,40.604,9.83,9.88,0.0098,1828,34
S1-1x,3626,40.614,9.75,9.71,0.0098,1024,34
S1-1x,3627,40.624,10.09,10.09,0.0101,1880,33
S1-1x,3628,40.634,9.41,9.42,0.0094,1024,33
S1-1x,3629,40.643,9.43,9.40,0.0094,1024,33
S1-1x,3630,40.652,9.15,9.17,0.0091,1024,33
S1-1x,3631,40.661,9.39,9.40,0.0094,1024,33
S1-1x,3632,40.671,9.80,9.80,0.0098,1828,33
S1-1x,3633,40.681,9.63,9.60,0.0096,1024,33
S1-1x,3634,40.690,9.43,9.41,0.0094,1024,33
S1-1x,3635,40.700,9.51,9.50,0.0095,1024,33
S1-1x,3636,40.709,9.45,9.48,0.0095,1024,33
S1-1x,3637,40.719,9.30,9.27,0.0093,1024,33
S1-1x,3638,40.727,8.87,8.90,0.0089,1024,33
S1-1x,3639,40.737,9.04,9.02,0.0090,1024,33
S1-1x,3640,40.746,9.02,9.00,0.0090,1024,33
S1-1x,3641,40.755,9.47,9.48,0.0095,1024,33
S1-1x,3642,40.764,9.12,9.09,0.0091,1024,33
S1-1x,3643,40.774,9.38,9.41,0.0094,1024,33
S1-1x,3644,40.783,9.81,9.80,0.0098,1828,33
S1-1x,3645,40.793,9.18,9.19,0.0092,1024,33
S1-1x,3646,40.802,9.15,9.11,0.0092,1024,33
S1-1x,3647,40.810,8.53,8.57,0.0085,1024,33
S1-1x,3648,40.819,9.11,9.10,0.0091,1828,33
S1-1x,3649,40.829,9.33,9.31,0.0093,1840,32
S1-1x,3650,40.838,9.37,9.38,0.0094,1024,32
S1-1x,3651,40.847,9.41,9.41,0.0094,1828,32
S1-1x,3652,40.856,9.00,8.99,0.0090,1024,32
S1-1x,3653,40.866,9.62,9.62,0.0096,1828,32
S1-1x,3654,40.875,8.82,8.79,0.0088,1024,32
S1-1x,3655,40.883,8.58,8.59,0.0086,1024,32
S1-1x,3656,40.892,8.71,8.70,0.0087,1024,32
S1-1x,3657,40.902,9.54,9.50,0.0095,1828,32
S1-1x,3658,40.911,9.26,9.28,0.0093,1024,32
S1-1x,3659,40.920,9.18,9.20,0.0092,1024,32
S1-1x,3660,40.929,8.89,8.89,0.0089,1024,32
S1-1x,3661,40.937,8.49,8.50,0.0085,1024,32
S1-1x,3662,40.946,8.20,8.19,0.0082,1024,32
S1-1x,3663,40.954,8.21,8.21,0.0082,1024,32
S1-1x,3664,40.963,9.01,8.99,0.0090,1828,31
S1-1x,3665,40.972,8.76,8.79,0.0088,1024,31
S1-1x,3666,40.980,8.59,8.51,0.0086,1024,31
S1-1x,3667,40.989,8.43,8.48,0.0084,1024,31
S1-1x,3668,40.997,8.22,8.21,0.0082,1024,31
S1-1x,3669,41.005,8.21,8.19,0.0082,1024,31
S1-1x,3670,41.013,8.29,8.30,0.0083,1024,31
S1-1x,3671,41.022,8.92,8.90,0.0089,1828,31
S1-1x,3672,41.030,8.09,8.09,0.0081,1076,31
S1-1x,3673,41.038,7.90,7.90,0.0079,1024,31
S1-1x,3674,41.047,8.20,8.21,0.0082,1024,31
S1-1x,3675,41.055,8.21,8.20,0.0082,1024,31
S1-1x,3676,41.063,8.10,8.10,0.0081,1024,31
S1-1x,3677,41.071,8.08,8.09,0.0081,1024,31
S1-1x,3678,41.079,7.91,7.90,0.0079,1024,31
S1-1x,3679,41.087,7.79,7.80,0.0078,1024,31
S1-1x,3680,41.094,7.90,7.90,0.0079,1024,31
S1-1x,3681,41.102,7.92,7.90,0.0079,1024,31
S1-1x,3682,41.110,7.77,7.78,0.0078,1024,31
S1-1x,3683,41.119,8.39,8.39,0.0084,1024,31
S1-1x,3684,41.126,7.62,7.62,0.0076,1024,31
S1-1x,3685,41.135,8.51,8.50,0.0085,1828,30
S1-1x,3686,41.143,8.62,8.60,0.0086,1828,29
S1-1x,3687,41.151,8.08,8.09,0.0081,1024,29
S1-1x,3688,41.159,8.01,8.00,0.0080,1024,29
S1-1x,3689,41.168,8.18,8.19,0.0082,1024,29
S1-1x,3690,41.176,8.22,8.23,0.0082,1828,29
S1-1x,3691,41.184,8.00,7.98,0.0080,1024,29
S1-1x,3692,41.191,7.58,7.59,0.0076,1024,29
S1-1x,3693,41.199,7.91,7.90,0.0079,1024,29
S1-1x,3694,41.207,7.56,7.51,0.0076,1024,29
S1-1x,3695,41.214,7.55,7.59,0.0076,1024,29
S1-1x,3696,41.223,8.42,8.40,0.0084,1828,29
S1-1x,3697,41.232,8.78,8.79,0.0088,1880,28
S1-1x,3698,41.240,8.40,8.39,0.0084,1828,28
S1-1x,3699,41.248,7.98,8.00,0.0080,1024,28
S1-1x,3700,41.256,7.60,7.60,0.0076,1024,28
S1-1x,3701,41.263,7.78,7.79,0.0078,1024,28
S1-1x,3702,41.271,7.59,7.61,0.0076,1024,28
S1-1x,3703,41.279,8.31,8.30,0.0083,1828,28
S1-1x,3704,41.287,7.92,7.90,0.0079,1024,28
S1-1x,3705,41.296,8.39,8.40,0.0084,1828,27
S1-1x,3706,41.304,8.18,8.19,0.0082,1788,27
S1-1x,3707,41.312,8.13,8.10,0.0081,1024,27
S1-1x,3708,41.320,7.87,7.90,0.0079,1024,27
S1-1x,3709,41.328,7.82,7.81,0.0078,1024,27
S1-1x,3710,41.335,7.89,7.89,0.0079,1024,27
S1-1x,3711,41.343,7.69,7.70,0.0077,1024,27
S1-1x,3712,41.351,8.19,8.19,0.0082,1828,27
S1-1x,3713,41.360,8.62,8.60,0.0086,1828,27
S1-1x,3714,41.368,8.01,8.00,0.0080,1024,27
S1-1x,3715,41.376,8.39,8.39,0.0084,1828,26
S1-1x,3716,41.385,8.21,8.20,0.0082,1024,26
S1-1x,3717,41.392,7.68,7.68,0.0077,1024,26
S1-1x,3718,41.400,7.61,7.61,0.0076,1024,26
S1-1x,3719,41.408,7.69,7.69,0.0077,1024,26
S1-1x,3720,41.415,7.77,7.70,0.0078,1024,26
S1-1x,3721,41.424,8.20,8.20,0.0082,1828,25
S1-1x,3722,41.431,7.76,7.80,0.0078,1036,25
S1-1x,3723,41.439,8.09,8.10,0.0081,1828,25
S1-1x,3724,41.448,8.71,8.70,0.0087,1956,21
S1-1x,3725,41.456,7.80,7.80,0.0078,984,21
S1-1x,3726,41.463,7.48,7.50,0.0075,1024,21
S1-1x,3727,41.472,8.29,8.29,0.0083,1828,20
S1-1x,3728,41.481,8.85,8.80,0.0089,1828,19
S1-1x,3729,41.489,8.26,8.29,0.0083,1788,18
S1-1x,3730,41.497,8.21,8.21,0.0082,1788,18
S1-1x,3731,41.505,8.28,8.29,0.0083,1828,18
S1-1x,3732,41.513,7.61,7.60,0.0076,1024,18
S1-1x,3733,41.521,8.60,8.60,0.0086,1828,16
S1-1x,3734,41.529,7.49,7.50,0.0075,944,16
S1-1x,3735,41.537,7.84,7.79,0.0078,1024,16
S1-1x,3736,41.544,7.58,7.61,0.0076,1024,16
S1-1x,3737,41.552,7.29,7.29,0.0073,1024,16
S1-1x,3738,41.560,8.19,8.19,0.0082,1748,14
S1-1x,3739,41.568,7.82,7.80,0.0078,984,14
S1-1x,3740,41.576,8.17,8.19,0.0082,1828,14
S1-1x,3741,41.584,7.82,7.81,0.0078,1024,14
S1-1x,3742,41.591,7.60,7.59,0.0076,1024,14
S1-1x,3743,41.599,8.19,8.21,0.0082,1828,14
S1-1x,3744,41.607,7.91,7.90,0.0079,1024,14
S1-1x,3745,41.616,8.40,8.39,0.0084,1828,14
S1-1x,3746,41.624,8.48,8.49,0.0085,1828,13
S1-1x,3747,41.633,8.63,8.62,0.0086,1840,11
S1-1x,3748,41.641,7.88,7.88,0.0079,944,11
S1-1x,3749,41.648,7.42,7.41,0.0074,1024,11
S1-1x,3750,41.656,7.49,7.50,0.0075,1024,11
S1-1x,3751,41.663,7.50,7.49,0.0075,1024,11
S1-1x,3752,41.671,7.40,7.41,0.0074,1024,11
S1-1x,3753,41.679,8.19,8.19,0.0082,1828,9
S1-1x,3754,41.686,7.60,7.60,0.0076,944,9
S1-1x,3755,41.694,7.51,7.50,0.0075,1024,9
S1-1x,3756,41.702,8.21,8.20,0.0082,1828,9
S1-1x,3757,41.711,8.50,8.49,0.0085,1828,6
S1-1x,3758,41.719,8.76,8.78,0.0088,1788,4
S1-1x,3759,41.728,8.63,8.63,0.0086,1748,3
S1-1x,3760,41.736,8.29,8.29,0.0083,1788,3
S1-1x,3761,41.744,7.81,7.81,0.0078,1024,3
S1-1x,3762,41.752,7.91,7.90,0.0079,1024,3
S1-1x,3763,41.760,7.80,7.79,0.0078,1024,3
S1-1x,3764,41.768,7.70,7.72,0.0077,1024,3
S1-1x,3765,41.775,7.79,7.79,0.0078,1024,3
S1-1x,3766,41.784,8.31,8.30,0.0083,1828,2
S1-1x,3767,41.791,7.68,7.68,0.0077,944,2
S1-1x,3768,41.799,7.60,7.60,0.0076,1024,2
S1-1x,3769,41.807,7.62,7.62,0.0076,1024,2
S1-1x,3770,41.814,7.41,7.40,0.0074,1024,2
S1-1x,3771,41.821,7.58,7.59,0.0076,1024,2
S1-1x,3772,41.829,7.60,7.60,0.0076,1024,2
S1-1x,3773,41.837,7.81,7.79,0.0078,1076,2
S1-1x,3774,41.846,8.74,8.71,0.0087,1024,2
S1-1x,3775,41.855,9.13,9.10,0.0091,1024,2
S1-1x,3776,41.863,8.39,8.39,0.0084,1152,2
S1-1x,3777,41.872,8.62,8.59,0.0086,1152,2
S1-1x,3778,41.880,8.41,8.41,0.0084,1024,2
S1-1x,3779,41.889,9.07,9.07,0.0091,1024,2
S1-1x,3780,41.898,8.65,8.69,0.0087,1024,2
S1-1x,3781,41.907,8.61,8.61,0.0086,1956,2
S1-1x,3782,41.915,8.82,8.81,0.0088,1024,2
S1-1x,3783,41.924,8.40,8.39,0.0084,1024,2
S1-1x,3784,41.932,8.38,8.39,0.0084,1024,2
S1-1x,3785,41.941,8.45,8.41,0.0085,1668,0
S1-1x,3786,41.958,17.28,17.29,0.0173,26652,1
S1-1x,3787,41.969,11.29,11.32,0.0113,13044,1
S1-1x,3788,41.979,9.67,9.66,0.0097,12240,2
S1-1x,3789,41.988,9.20,9.20,0.0092,12240,3
S1-1x,3790,41.997,9.30,9.30,0.0093,12240,4
S1-1x,3791,42.007,9.35,9.31,0.0093,12240,5
S1-1x,3792,42.016,9.11,9.12,0.0091,12240,6
S1-1x,3793,42.024,8.37,8.37,0.0084,1024,7
S1-1x,3794,42.032,8.18,8.11,0.0082,1024,8
S1-1x,3795,42.040,7.84,7.90,0.0078,1076,9
S1-1x,3796,42.048,7.67,7.68,0.0077,1024,9
S1-1x,3797,42.056,7.99,8.00,0.0080,1024,10
S1-1x,3798,42.064,7.81,7.80,0.0078,1024,11
S1-1x,3799,42.072,7.87,7.89,0.0079,1024,12
S1-1x,3800,42.079,7.73,7.71,0.0077,1024,13
S1-1x,3801,42.087,7.84,7.80,0.0078,1024,13
S1-1x,3802,42.095,8.21,7.99,0.0082,1024,14
S1-1x,3803,42.103,7.78,8.00,0.0078,1024,15
S1-1x,3804,42.111,8.21,8.20,0.0082,1024,16
S1-1x,3805,42.119,8.20,8.18,0.0082,1024,17
S1-1x,3806,42.127,7.38,7.40,0.0074,1024,17
S1-1x,3807,42.135,7.98,8.00,0.0080,1024,18
S1-1x,3808,42.142,7.65,7.61,0.0076,1024,19
S1-1x,3809,42.150,7.57,7.58,0.0076,1024,20
S1-1x,3810,42.158,7.62,7.60,0.0076,1024,20
S1-1x,3811,42.165,7.61,7.60,0.0076,1024,21
S1-1x,3812,42.173,7.93,7.96,0.0079,1024,22
S1-1x,3813,42.181,8.05,8.02,0.0080,1828,23
S1-1x,3814,42.189,7.48,7.49,0.0075,1024,24
S1-1x,3815,42.197,7.90,7.89,0.0079,1024,24
S1-1x,3816,42.204,7.44,7.41,0.0074,1024,25
S1-1x,3817,42.212,7.56,7.59,0.0076,1024,26
S1-1x,3818,42.219,7.15,7.19,0.0072,1024,27
S1-1x,3819,42.226,6.92,6.90,0.0069,1024,27
S1-1x,3820,42.233,7.11,7.10,0.0071,1024,28
S1-1x,3821,42.239,6.61,6.59,0.0066,1076,29
S1-1x,3822,42.247,7.25,7.22,0.0073,1024,29
S1-1x,3823,42.254,7.21,7.27,0.0072,1024,30
S1-1x,3824,42.261,7.21,7.21,0.0072,1024,31
S1-1x,3825,42.269,7.85,7.85,0.0078,1024,32
S1-1x,3826,42.276,7.15,7.15,0.0072,1024,32
S1-1x,3827,42.283,7.30,7.30,0.0073,1024,33
S1-1x,3828,42.291,7.24,7.20,0.0072,1024,34
S1-1x,3829,42.298,7.10,7.12,0.0071,1024,35
S1-1x,3830,42.305,7.37,7.39,0.0074,1024,35
S1-1x,3831,42.312,7.31,7.29,0.0073,944,36
S1-1x,3832,42.320,7.18,7.19,0.0072,1024,37
S1-1x,3833,42.327,7.02,7.01,0.0070,1024,37
S1-1x,3834,42.334,7.57,7.58,0.0076,1024,38
S1-1x,3835,42.341,7.22,7.20,0.0072,1024,39
S1-1x,3836,42.349,7.40,7.39,0.0074,1024,40
S1-1x,3837,42.356,7.35,7.32,0.0073,1024,40
S1-1x,3838,42.364,7.55,7.58,0.0075,1024,41
S1-1x,3839,42.371,7.47,7.49,0.0075,1024,42
S1-1x,3840,42.379,7.73,7.71,0.0077,1024,43
S1-1x,3841,42.386,7.51,7.50,0.0075,1024,43
S1-1x,3842,42.393,7.05,7.01,0.0070,1024,44
S1-1x,3843,42.401,7.20,7.18,0.0072,1024,45
S1-1x,3844,42.408,7.18,7.20,0.0072,1024,46
S1-1x,3845,42.416,7.86,7.88,0.0079,1828,46
S1-1x,3846,42.423,7.29,7.29,0.0073,1024,47
S1-1x,3847,42.430,7.24,7.23,0.0072,1024,48
S1-1x,3848,42.437,7.08,7.08,0.0071,1024,48
S1-1x,3849,42.445,7.23,7.21,0.0072,1076,49
S1-1x,3850,42.452,7.47,7.49,0.0075,1024,50
S1-1x,3851,42.459,7.46,7.48,0.0075,1024,51
S1-1x,3852,42.466,6.76,6.73,0.0068,1024,51
S1-1x,3853,42.474,7.42,7.41,0.0074,1024,52
S1-1x,3854,42.481,6.97,6.98,0.0070,1024,53
S1-1x,3855,42.488,7.12,7.10,0.0071,1024,54
S1-1x,3856,42.495,7.29,7.29,0.0073,1152,54
S1-1x,3857,42.502,7.37,7.38,0.0074,1024,55
S1-1x,3858,42.510,7.21,7.21,0.0072,1024,56
S1-1x,3859,42.517,7.12,7.10,0.0071,1024,56
S1-1x,3860,42.524,7.22,7.19,0.0072,1024,57
S1-1x,3861,42.531,7.01,7.01,0.0070,1024,58
S1-1x,3862,42.538,7.38,7.38,0.0074,1024,59
S1-1x,3863,42.546,7.51,7.50,0.0075,1024,59
S1-1x,3864,42.553,7.57,7.59,0.0076,1024,60
S1-1x,3865,42.560,7.09,7.10,0.0071,1024,61
S1-1x,3866,42.567,7.00,6.99,0.0070,1024,61
S1-1x,3867,42.574,6.93,6.91,0.0069,1024,62
S1-1x,3868,42.582,7.34,7.29,0.0073,1024,63
S1-1x,3869,42.589,7.18,7.20,0.0072,1152,64
S1-1x,3870,42.596,7.05,7.08,0.0071,1024,64
S1-1x,3871,42.603,7.11,7.10,0.0071,1024,65
S1-1x,3872,42.610,7.20,7.20,0.0072,1024,66
S1-1x,3873,42.617,7.02,7.01,0.0070,1024,66
S1-1x,3874,42.624,6.93,6.98,0.0069,1024,67
S1-1x,3875,42.631,6.85,6.81,0.0068,1024,68
S1-1x,3876,42.638,6.98,6.99,0.0070,1024,69
S1-1x,3877,42.645,7.40,7.40,0.0074,1880,69
S1-1x,3878,42.653,7.18,7.19,0.0072,1024,70
S1-1x,3879,42.660,6.96,6.91,0.0070,1024,71
S1-1x,3880,42.666,6.60,6.59,0.0066,1024,71
S1-1x,3881,42.673,7.11,7.10,0.0071,1024,72
S1-1x,3882,42.680,6.65,6.68,0.0066,1024,73
S1-1x,3883,42.687,6.74,6.71,0.0067,1024,73
S1-1x,3884,42.694,7.30,7.30,0.0073,1024,74
S1-1x,3885,42.701,7.14,7.17,0.0071,1152,75
S1-1x,3886,42.708,7.03,7.02,0.0070,1024,76
S1-1x,3887,42.715,6.94,6.89,0.0069,1024,76
S1-1x,3888,42.722,6.55,6.60,0.0065,1024,77
S1-1x,3889,42.729,7.51,7.50,0.0075,1828,78
S1-1x,3890,42.736,6.89,6.90,0.0069,1024,78
S1-1x,3891,42.743,6.93,6.91,0.0069,1024,79
S1-1x,3892,42.750,6.98,6.99,0.0070,1024,80
S1-1x,3893,42.757,6.91,6.89,0.0069,1024,80
S1-1x,3894,42.763,6.61,6.61,0.0066,1024,81
S1-1x,3895,42.770,6.89,6.89,0.0069,1024,82
S1-1x,3896,42.777,7.11,7.10,0.0071,1024,82
S1-1x,3897,42.784,6.89,6.90,0.0069,1024,83
S1-1x,3898,42.791,6.88,6.89,0.0069,1152,84
S1-1x,3899,42.798,6.93,6.91,0.0069,1024,85
S1-1x,3900,42.805,6.68,6.70,0.0067,1024,85
S1-1x,3901,42.812,6.90,6.88,0.0069,1024,86
S1-1x,3902,42.819,7.06,7.07,0.0071,1024,87
S1-1x,3903,42.825,6.22,6.23,0.0062,1024,87
S1-1x,3904,42.831,6.22,6.20,0.0062,1024,88
S1-1x,3905,42.837,6.21,6.20,0.0062,1024,89
S1-1x,3906,42.844,6.29,6.29,0.0063,1024,89
S1-1x,3907,42.850,6.30,6.29,0.0063,1076,90
S1-1x,3908,42.856,6.20,6.20,0.0062,1024,90
S1-1x,3909,42.862,6.20,6.20,0.0062,1024,91
S1-1x,3910,42.869,6.29,6.29,0.0063,1024,92
S1-1x,3911,42.875,6.30,6.30,0.0063,1024,92
S1-1x,3912,42.882,6.55,6.50,0.0065,1024,93
S1-1x,3913,42.888,6.87,6.90,0.0069,1024,94
S1-1x,3914,42.896,7.39,7.40,0.0074,1828,94
S1-1x,3915,42.903,7.40,7.40,0.0074,1152,95
S1-1x,3916,42.910,6.71,6.71,0.0067,1024,96
S1-1x,3917,42.916,6.50,6.49,0.0065,1024,96
S1-1x,3918,42.923,6.47,6.48,0.0065,1024,97
S1-1x,3919,42.929,6.52,6.52,0.0065,1024,98
S1-1x,3920,42.936,6.30,6.29,0.0063,1024,98
S1-1x,3921,42.942,6.30,6.30,0.0063,1024,99
S1-1x,3922,42.948,6.41,6.41,0.0064,1024,100
S1-1x,3923,42.955,6.19,6.19,0.0062,1024,100
S1-1x,3924,42.962,6.99,7.00,0.0070,1788,100
S1-1x,3925,42.969,7.19,7.17,0.0072,1024,101
S1-1x,3926,42.975,6.53,6.53,0.0065,1024,101
S1-1x,3927,42.982,6.82,6.79,0.0068,1024,102
S1-1x,3928,42.989,6.70,6.71,0.0067,1024,103
S1-1x,3929,42.995,6.37,6.39,0.0064,1152,103
S1-1x,3930,43.002,6.49,6.50,0.0065,1024,104
S1-1x,3931,43.008,6.72,6.70,0.0067,1024,105
S1-1x,3932,43.015,6.28,6.29,0.0063,1024,105
S1-1x,3933,43.021,6.59,6.60,0.0066,1024,106
S1-1x,3934,43.028,6.50,6.50,0.0065,1024,107
S1-1x,3935,43.034,6.22,6.20,0.0062,1024,107
S1-1x,3936,43.041,6.52,6.50,0.0065,1024,108
S1-1x,3937,43.047,6.48,6.49,0.0065,1024,109
S1-1x,3938,43.054,6.91,6.90,0.0069,1076,109
S1-1x,3939,43.060,6.40,6.40,0.0064,1024,110
S1-1x,3940,43.067,6.41,6.39,0.0064,1024,110
S1-1x,3941,43.073,6.39,6.40,0.0064,1024,111
S1-1x,3942,43.080,6.58,6.59,0.0066,1024,112
S1-1x,3943,43.086,6.62,6.60,0.0066,1024,112
S1-1x,3944,43.093,6.60,6.60,0.0066,1024,113
S1-1x,3945,43.100,6.78,6.80,0.0068,1024,114
S1-1x,3946,43.106,6.42,6.40,0.0064,1024,114
S1-1x,3947,43.113,6.81,6.80,0.0068,1024,115
S1-1x,3948,43.120,6.97,7.00,0.0070,1024,116
S1-1x,3949,43.127,6.73,6.71,0.0067,1024,116
S1-1x,3950,43.133,6.68,6.69,0.0067,1024,117
S1-1x,3951,43.140,6.79,6.80,0.0068,1024,118
S1-1x,3952,43.147,6.53,6.51,0.0065,1024,118
S1-1x,3953,43.153,6.67,6.69,0.0067,1024,119
S1-1x,3954,43.160,6.82,6.81,0.0068,1024,120
S1-1x,3955,43.167,6.91,6.89,0.0069,1024,120
S1-1x,3956,43.174,6.87,6.89,0.0069,1024,121
S1-1x,3957,43.181,6.71,6.70,0.0067,1024,122
S1-1x,3958,43.187,6.72,6.70,0.0067,1024,123
S1-1x,3959,43.194,6.84,6.82,0.0068,1024,123
S1-1x,3960,43.201,6.98,6.99,0.0070,1024,124
S1-1x,3961,43.208,6.77,6.79,0.0068,1024,125
S1-1x,3962,43.215,7.12,7.12,0.0071,1828,125
S1-1x,3963,43.223,7.50,7.49,0.0075,1024,126
S1-1x,3964,43.231,8.84,8.81,0.0088,1024,127
S1-1x,3965,43.240,8.27,8.29,0.0083,1024,128
S1-1x,3966,43.248,7.95,7.91,0.0079,1024,128
S1-1x,3967,43.255,7.68,7.68,0.0077,1076,129
S1-1x,3968,43.263,7.77,7.79,0.0078,1024,130
S1-1x,3969,43.271,7.53,7.51,0.0075,1024,131
S1-1x,3970,43.278,7.59,7.59,0.0076,1024,132
S1-1x,3971,43.286,7.67,7.69,0.0077,1024,132
S1-1x,3972,43.294,8.03,8.00,0.0080,1828,133
S1-1x,3973,43.302,7.99,7.99,0.0080,1024,134
S1-1x,3974,43.309,7.48,7.49,0.0075,1024,135
S1-1x,3975,43.317,7.51,7.51,0.0075,1024,135
S1-1x,3976,43.325,7.67,7.70,0.0077,1024,136
S1-1x,3977,43.332,7.65,7.60,0.0077,1024,137
S1-1x,3978,43.340,7.72,7.70,0.0077,1024,138
S1-1x,3979,43.347,7.36,7.39,0.0074,1024,138
S1-1x,3980,43.355,7.60,7.60,0.0076,1024,139
S1-1x,3981,43.362,7.42,7.40,0.0074,1024,140
S1-1x,3982,43.370,7.98,8.00,0.0080,1956,141
S1-1x,3983,43.378,7.79,7.80,0.0078,1024,141
S1-1x,3984,43.385,7.38,7.39,0.0074,1024,142
S1-1x,3985,43.393,7.43,7.41,0.0074,1024,143
S1-1x,3986,43.400,7.40,7.40,0.0074,1120,144
S1-1x,3987,43.407,6.97,6.99,0.0070,1024,144
S1-1x,3988,43.414,7.22,7.19,0.0072,1024,145
S1-1x,3989,43.421,6.98,7.00,0.0070,1024,146
S1-1x,3990,43.430,8.37,8.32,0.0084,1024,147
S1-1x,3991,43.438,8.20,8.20,0.0082,1024,147
S1-1x,3992,43.446,8.34,8.37,0.0083,1024,148
S1-1x,3993,43.456,9.55,9.52,0.0095,1828,149
S1-1x,3994,43.465,8.93,8.90,0.0089,1076,150
S1-1x,3995,43.474,8.80,8.80,0.0088,1024,151
S1-1x,3996,43.482,8.08,8.10,0.0081,1024,152
S1-1x,3997,43.490,8.50,8.50,0.0085,1024,153
S1-1x,3998,43.498,8.10,8.10,0.0081,1024,153
S1-1x,3999,43.508,9.25,9.27,0.0093,1024,154
S1-1x,4000,43.517,8.98,8.95,0.0090,1024,155
S1-1x,4001,43.525,8.45,8.46,0.0085,1024,156
S1-1x,4002,43.533,7.81,7.79,0.0078,864,157
S1-1x,4003,43.541,7.97,7.98,0.0080,1024,158
S1-1x,4004,43.549,8.02,8.01,0.0080,1024,159
S1-1x,4005,43.557,8.21,8.20,0.0082,1024,159
S1-1x,4006,43.565,8.12,8.10,0.0081,1024,160
S1-1x,4007,43.573,8.20,8.18,0.0082,1152,161
S1-1x,4008,43.581,7.92,7.98,0.0079,1024,162
S1-1x,4009,43.589,8.04,8.01,0.0080,1024,163
S1-1x,4010,43.597,7.63,7.61,0.0076,1024,163
S1-1x,4011,43.605,8.06,8.08,0.0081,1024,164
S1-1x,4012,43.613,7.89,7.89,0.0079,1024,165
S1-1x,4013,43.621,7.74,7.71,0.0077,1024,166
S1-1x,4014,43.628,7.71,7.70,0.0077,1024,167
S1-1x,4015,43.636,7.27,7.30,0.0073,1024,167
S1-1x,4016,43.643,7.36,7.37,0.0074,1024,168
S1-1x,4017,43.650,7.43,7.41,0.0074,1024,169
S1-1x,4018,43.658,7.33,7.30,0.0073,1024,169
S1-1x,4019,43.665,7.65,7.68,0.0076,1076,170
S1-1x,4020,43.673,7.67,7.68,0.0077,1024,171
S1-1x,4021,43.681,7.65,7.61,0.0076,1024,172
S1-1x,4022,43.688,7.57,7.58,0.0076,1024,173
S1-1x,4023,43.696,7.59,7.60,0.0076,1024,173
S1-1x,4024,43.703,7.33,7.31,0.0073,1024,174
S1-1x,4025,43.711,7.60,7.60,0.0076,1024,175
S1-1x,4026,43.719,7.89,7.88,0.0079,1024,176
S1-1x,4027,43.726,7.60,7.62,0.0076,1024,176
S1-1x,4028,43.734,7.34,7.29,0.0073,1024,177
S1-1x,4029,43.741,7.52,7.51,0.0075,1024,178
S1-1x,4030,43.749,7.96,7.98,0.0080,1024,179
S1-1x,4031,43.757,7.92,7.90,0.0079,1024,179
S1-1x,4032,43.765,7.92,7.92,0.0079,1024,180
S1-1x,4033,43.774,8.84,8.86,0.0088,1024,181
S1-1x,4034,43.782,8.56,8.52,0.0086,1152,182
S1-1x,4035,43.790,7.91,7.89,0.0079,1024,183
S1-1x,4036,43.799,8.39,8.41,0.0084,1024,183
S1-1x,4037,43.807,8.10,8.08,0.0081,1024,184
S1-1x,4038,43.815,8.00,8.00,0.0080,1024,185
S1-1x,4039,43.823,8.62,8.67,0.0086,1828,186
S1-1x,4040,43.832,8.24,8.21,0.0082,1024,187
S1-1x,4041,43.839,7.89,7.89,0.0079,1024,188
S1-1x,4042,43.847,7.62,7.59,0.0076,1024,188
S1-1x,4043,43.855,8.31,8.31,0.0083,1024,189
S1-1x,4044,43.864,8.52,8.49,0.0085,1024,190
S1-1x,4045,43.873,8.66,8.69,0.0087,1076,191
S1-1x,4046,43.881,8.63,8.61,0.0086,1024,192
S1-1x,4047,43.890,8.29,8.28,0.0083,1024,193
S1-1x,4048,43.898,8.20,8.19,0.0082,1024,193
S1-1x,4049,43.907,9.08,9.09,0.0091,1828,194
S1-1x,4050,43.916,9.51,9.50,0.0095,1828,195
S1-1x,4051,43.925,8.31,8.30,0.0083,1024,196
S1-1x,4052,43.933,8.26,8.28,0.0083,1024,197
S1-1x,4053,43.941,8.01,8.00,0.0080,1024,198
S1-1x,4054,43.950,9.02,9.01,0.0090,1828,199
S1-1x,4055,43.959,8.73,8.71,0.0087,1828,199
S1-1x,4056,43.967,8.40,8.38,0.0084,1024,200
S1-1x,4057,43.975,8.37,8.39,0.0084,1024,201
S1-1x,4058,43.984,8.21,8.20,0.0082,1024,202
S1-1x,4059,43.992,8.10,8.09,0.0081,1024,203
S1-1x,4060,44.000,8.50,8.48,0.0085,1024,204
S1-1x,4061,44.009,8.41,8.41,0.0084,984,204
S1-1x,4062,44.017,8.65,8.60,0.0086,1828,205
S1-1x,4063,44.026,9.06,9.08,0.0091,1828,206
S1-1x,4064,44.035,8.92,8.90,0.0089,1024,207
S1-1x,4065,44.043,7.99,7.99,0.0080,1024,208
S1-1x,4066,44.052,8.81,8.80,0.0088,1828,209
S1-1x,4067,44.061,9.27,9.28,0.0093,1828,210
S1-1x,4068,44.070,9.09,9.09,0.0091,1024,211
S1-1x,4069,44.079,8.53,8.50,0.0085,1076,211
S1-1x,4070,44.087,8.40,8.40,0.0084,1024,212
S1-1x,4071,44.096,8.67,8.47,0.0087,1024,213
S1-1x,4072,44.105,8.83,9.01,0.0088,1024,214
S1-1x,4073,44.114,8.79,8.79,0.0088,1024,215
S1-1x,4074,44.123,9.38,9.39,0.0094,1828,216
S1-1x,4075,44.132,8.84,8.82,0.0088,1024,217
S1-1x,4076,44.141,8.88,8.89,0.0089,1024,218
S1-1x,4077,44.150,8.91,8.90,0.0089,1024,219
S1-1x,4078,44.158,8.48,8.49,0.0085,1024,219
S1-1x,4079,44.166,8.31,8.31,0.0083,1024,220
S1-1x,4080,44.176,9.14,9.17,0.0091,1828,221
S1-1x,4081,44.184,8.63,8.61,0.0086,1024,222
S1-1x,4082,44.193,8.60,8.60,0.0086,1024,223
S1-1x,4083,44.201,8.51,8.50,0.0085,1024,224
S1-1x,4084,44.210,9.18,9.19,0.0092,1828,225
S1-1x,4085,44.219,8.82,8.80,0.0088,1024,225
S1-1x,4086,44.228,8.67,8.69,0.0087,1024,226
S1-1x,4087,44.237,8.61,8.59,0.0086,1024,227
S1-1x,4088,44.246,9.43,9.41,0.0094,1828,228
S1-1x,4089,44.255,9.50,9.51,0.0095,1024,229
S1-1x,4090,44.264,8.62,8.58,0.0086,1024,230
S1-1x,4091,44.273,8.77,8.80,0.0088,1024,231
S1-1x,4092,44.282,8.64,8.61,0.0086,1076,232
S1-1x,4093,44.291,9.48,9.49,0.0095,1828,233
S1-1x,4094,44.300,9.07,9.09,0.0091,1024,234
S1-1x,4095,44.309,9.32,9.30,0.0093,1788,233
S1-1x,4096,44.319,9.69,9.68,0.0097,1828,234
S1-1x,4097,44.328,9.09,9.11,0.0091,1024,235
S1-1x,4098,44.338,9.96,9.91,0.0100,1628,235
S1-1x,4099,44.348,9.61,9.59,0.0096,1024,236
S1-1x,4100,44.357,9.48,9.49,0.0095,1024,237
S1-1x,4101,44.368,10.21,10.21,0.0102,1024,238
S1-1x,4102,44.377,9.45,9.47,0.0095,1024,239
S1-1x,4103,44.387,9.83,9.80,0.0098,1024,240
S1-1x,4104,44.397,9.96,10.00,0.0100,1828,241
S1-1x,4105,44.407,9.80,9.79,0.0098,1024,242
S1-1x,4106,44.416,9.29,9.30,0.0093,1024,243
S1-1x,4107,44.425,9.31,9.30,0.0093,1024,244
S1-1x,4108,44.434,8.85,8.81,0.0088,1024,245
S1-1x,4109,44.442,8.54,8.58,0.0085,1024,246
S1-1x,4110,44.451,8.90,8.90,0.0089,1828,247
S1-1x,4111,44.460,8.61,8.60,0.0086,1024,248
S1-1x,4112,44.469,8.60,8.60,0.0086,1024,248
S1-1x,4113,44.477,8.80,8.81,0.0088,1828,249
S1-1x,4114,44.486,8.40,8.39,0.0084,1076,250
S1-1x,4115,44.494,8.39,8.40,0.0084,1024,251
S1-1x,4116,44.503,8.75,8.71,0.0087,1024,252
S1-1x,4117,44.511,8.46,8.50,0.0085,1024,253
S1-1x,4118,44.520,8.47,8.49,0.0085,1064,254
S1-1x,4119,44.528,8.32,8.31,0.0083,1024,254
S1-1x,4120,44.537,8.53,8.50,0.0085,1024,255
S1-1x,4121,44.546,8.91,8.91,0.0089,1024,256
S1-1x,4122,44.554,8.65,8.68,0.0087,1024,257
S1-1x,4123,44.563,8.41,8.40,0.0084,1024,258
S1-1x,4124,44.571,8.37,8.39,0.0084,1024,259
S1-1x,4125,44.579,8.30,8.29,0.0083,1024,260
S1-1x,4126,44.588,8.34,8.31,0.0083,1024,260
S1-1x,4127,44.597,8.86,8.88,0.0089,1828,261
S1-1x,4128,44.605,8.70,8.71,0.0087,1152,262
S1-1x,4129,44.615,9.31,9.30,0.0093,1210,263
S1-1x,4130,44.623,8.38,8.39,0.0084,1024,264
S1-1x,4131,44.632,8.60,8.60,0.0086,1024,265
S1-1x,4132,44.640,8.41,8.40,0.0084,1024,266
S1-1x,4133,44.649,8.78,8.79,0.0088,1828,266
S1-1x,4134,44.659,9.82,9.81,0.0098,1828,267
S1-1x,4135,44.668,9.01,8.99,0.0090,1024,268
S1-1x,4136,44.677,8.98,8.99,0.0090,1024,269
S1-1x,4137,44.686,9.05,9.00,0.0091,1024,270
S1-1x,4138,44.694,8.79,8.80,0.0088,1076,271
S1-1x,4139,44.704,9.48,9.50,0.0095,1828,272
S1-1x,4140,44.713,8.80,8.80,0.0088,1024,273
S1-1x,4141,44.723,9.90,9.89,0.0099,1828,274
S1-1x,4142,44.732,9.00,8.99,0.0090,1024,275
S1-1x,4143,44.740,8.79,8.80,0.0088,1024,276
S1-1x,4144,44.749,8.93,8.90,0.0089,1024,276
S1-1x,4145,44.758,8.77,8.80,0.0088,1024,277
S1-1x,4146,44.767,8.90,8.90,0.0089,1024,278
S1-1x,4147,44.775,8.57,8.58,0.0086,1024,279
S1-1x,4148,44.785,9.63,9.62,0.0096,1956,280
S1-1x,4149,44.795,9.40,9.40,0.0094,1828,281
S1-1x,4150,44.805,10.12,10.10,0.0101,1828,282
S1-1x,4151,44.814,9.18,9.20,0.0092,1024,283
S1-1x,4152,44.823,8.98,8.99,0.0090,1024,284
S1-1x,4153,44.832,9.02,9.01,0.0090,1024,285
S1-1x,4154,44.841,8.70,8.68,0.0087,1024,286
S1-1x,4155,44.849,8.62,8.61,0.0086,1024,287
S1-1x,4156,44.858,9.21,9.19,0.0092,1024,287
S1-1x,4157,44.868,9.42,9.42,0.0094,1024,288
S1-1x,4158,44.879,10.77,10.77,0.0108,1024,289
S1-1x,4159,44.889,10.18,10.19,0.0102,1828,290
S1-1x,4160,44.899,9.87,9.82,0.0099,1076,291
S1-1x,4161,44.910,11.17,11.20,0.0112,1828,291
S1-1x,4162,44.920,10.17,10.19,0.0102,1024,292
S1-1x,4163,44.930,9.85,9.81,0.0099,1024,293
S1-1x,4164,44.940,9.88,9.88,0.0099,1024,294
S1-1x,4165,44.951,10.88,10.89,0.0109,1828,295
S1-1x,4166,44.962,11.11,11.10,0.0111,1828,297
S1-1x,4167,44.972,10.32,10.31,0.0103,1024,298
S1-1x,4168,44.982,10.07,10.09,0.0101,1152,299
S1-1x,4169,44.994,11.59,11.60,0.0116,1956,299
S1-1x,4170,45.005,11.17,11.11,0.0112,1170,298
S1-1x,4171,45.016,10.76,10.78,0.0108,984,299
S1-1x,4172,45.026,10.38,10.39,0.0104,1024,300
S1-1x,4173,45.036,10.12,10.12,0.0101,1024,301
S1-1x,4174,45.047,11.10,11.08,0.0111,1828,302
S1-1x,4175,45.058,10.90,10.91,0.0109,1024,303
S1-1x,4176,45.069,10.81,10.79,0.0108,1024,304
S1-1x,4177,45.079,10.31,10.29,0.0103,1024,305
S1-1x,4178,45.091,11.70,11.69,0.0117,1828,305
S1-1x,4179,45.102,11.46,11.48,0.0115,1800,306
S1-1x,4180,45.113,10.40,10.41,0.0104,1024,307
S1-1x,4181,45.123,10.00,10.00,0.0100,1024,308
S1-1x,4182,45.133,9.78,9.79,0.0098,1024,309
S1-1x,4183,45.143,10.71,10.70,0.0107,1828,309
S1-1x,4184,45.154,10.30,10.29,0.0103,1024,310
S1-1x,4185,45.165,11.22,11.22,0.0112,1828,308
S1-1x,4186,45.175,10.10,10.09,0.0101,944,309
S1-1x,4187,45.185,9.88,9.90,0.0099,1024,310
S1-1x,4188,45.196,10.73,10.72,0.0107,1828,310
S1-1x,4189,45.207,11.28,11.29,0.0113,1748,311
S1-1x,4190,45.217,10.70,10.69,0.0107,1024,312
S1-1x,4191,45.228,10.63,10.61,0.0106,1828,313
S1-1x,4192,45.240,11.78,11.79,0.0118,1828,310
S1-1x,4193,45.252,11.92,11.91,0.0119,1748,301
S1-1x,4194,45.263,10.82,10.79,0.0108,944,303
S1-1x,4195,45.273,10.37,10.39,0.0104,1024,304
S1-1x,4196,45.284,10.71,10.70,0.0107,1024,305
S1-1x,4197,45.295,10.80,10.80,0.0108,1748,305
S1-1x,4198,45.305,10.60,10.60,0.0106,1076,306
S1-1x,4199,45.317,11.70,11.69,0.0117,1828,302
S1-1x,4200,45.330,13.01,13.00,0.0130,1828,282
S1-1x,4201,45.341,10.79,10.79,0.0108,944,283
S1-1x,4202,45.352,11.20,11.20,0.0112,1956,285
S1-1x,4203,45.363,10.71,10.70,0.0107,1024,286
S1-1x,4204,45.373,10.47,10.49,0.0105,1024,287
S1-1x,4205,45.383,10.01,10.00,0.0100,1024,288
S1-1x,4206,45.393,10.31,10.30,0.0103,1024,289
S1-1x,4207,45.405,11.29,11.31,0.0113,1024,290
S1-1x,4208,45.416,11.19,11.19,0.0112,1828,290
S1-1x,4209,45.428,11.94,11.92,0.0119,1748,289
S1-1x,4210,45.439,10.88,10.88,0.0109,1024,290
S1-1x,4211,45.449,10.69,10.69,0.0107,1748,289
S1-1x,4212,45.460,11.10,11.10,0.0111,1828,286
S1-1x,4213,45.471,10.39,10.40,0.0104,1024,287
S1-1x,4214,45.481,10.20,10.19,0.0102,1024,289
S1-1x,4215,45.491,10.22,10.21,0.0102,1024,290
S1-1x,4216,45.502,10.79,10.79,0.0108,1748,290
S1-1x,4217,45.512,9.88,9.89,0.0099,1076,291
S1-1x,4218,45.521,9.59,9.59,0.0096,1024,292
S1-1x,4219,45.532,10.45,10.42,0.0105,1024,293
S1-1x,4220,45.542,10.07,10.09,0.0101,1024,294
S1-1x,4221,45.552,9.78,9.79,0.0098,1024,295
S1-1x,4222,45.562,10.04,10.02,0.0100,1024,296
S1-1x,4223,45.572,9.68,9.69,0.0097,1024,297
S1-1x,4224,45.582,10.23,10.21,0.0102,1024,298
S1-1x,4225,45.592,10.59,10.60,0.0106,1828,298
S1-1x,4226,45.603,10.80,10.80,0.0108,944,298
S1-1x,4227,45.614,11.19,11.18,0.0112,1828,295
S1-1x,4228,45.626,11.49,11.50,0.0115,944,296
S1-1x,4229,45.637,11.57,11.52,0.0116,1024,297
S1-1x,4230,45.649,11.90,11.89,0.0119,1024,298
S1-1x,4231,45.662,12.27,12.28,0.0123,1024,299
S1-1x,4232,45.675,13.02,13.02,0.0130,1024,301
S1-1x,4233,45.687,12.59,12.59,0.0126,1024,302
S1-1x,4234,45.700,12.60,12.60,0.0126,1024,303
S1-1x,4235,45.712,11.79,11.78,0.0118,1024,304
S1-1x,4236,45.723,11.87,11.90,0.0119,2008,306
S1-1x,4237,45.736,12.64,12.51,0.0126,1024,307
S1-1x,4238,45.749,12.68,12.50,0.0127,1024,308
S1-1x,4239,45.761,12.25,12.49,0.0123,1024,309
S1-1x,4240,45.773,12.17,12.19,0.0122,1748,310
S1-1x,4241,45.784,11.20,11.20,0.0112,1024,311
S1-1x,4242,45.796,11.68,11.69,0.0117,1152,312
S1-1x,4243,45.806,9.87,9.89,0.0099,1024,313
S1-1x,4244,45.817,11.05,11.01,0.0111,1828,313
S1-1x,4245,45.827,10.47,10.49,0.0105,984,314
S1-1x,4246,45.837,9.90,9.89,0.0099,1024,315
S1-1x,4247,45.847,10.11,10.09,0.0101,1024,316
S1-1x,4248,45.858,10.00,9.99,0.0100,1024,317
S1-1x,4249,45.868,10.06,10.09,0.0101,1024,318
S1-1x,4250,45.877,9.77,9.71,0.0098,1024,319
S1-1x,4251,45.887,9.78,9.79,0.0098,1024,320
S1-1x,4252,45.897,10.07,10.08,0.0101,1024,321
S1-1x,4253,45.908,10.46,10.42,0.0105,1024,322
S1-1x,4254,45.917,9.85,9.88,0.0099,1024,323
S1-1x,4255,45.927,9.44,9.40,0.0094,1076,324
S1-1x,4256,45.937,10.08,10.08,0.0101,1828,325
S1-1x,4257,45.947,10.01,10.00,0.0100,1024,326
S1-1x,4258,45.956,9.37,9.38,0.0094,1024,327
S1-1x,4259,45.967,10.40,10.40,0.0104,1828,328
S1-1x,4260,45.976,9.77,9.80,0.0098,1024,329
S1-1x,4261,45.986,9.22,9.20,0.0092,1024,330
S1-1x,4262,45.995,9.69,9.69,0.0097,1152,331
S1-1x,4263,46.005,9.41,9.41,0.0094,1024,332
S1-1x,4264,46.014,9.19,9.20,0.0092,1024,333
S1-1x,4265,46.024,9.61,9.59,0.0096,1828,334
S1-1x,4266,46.034,10.48,10.47,0.0105,1828,335
S1-1x,4267,46.044,9.61,9.62,0.0096,1024,336
S1-1x,4268,46.053,9.50,9.50,0.0095,1024,337
S1-1x,4269,46.063,9.60,9.60,0.0096,1024,338
S1-1x,4270,46.073,9.90,9.89,0.0099,1024,339
S1-1x,4271,46.084,11.16,11.11,0.0112,1828,340
S1-1x,4272,46.095,10.64,10.69,0.0106,1956,341
S1-1x,4273,46.106,11.25,11.02,0.0112,1828,341
S1-1x,4274,46.117,11.07,11.29,0.0111,1170,341
S1-1x,4275,46.127,9.74,9.70,0.0097,1024,342
S1-1x,4276,46.136,9.59,9.60,0.0096,1076,343
S1-1x,4277,46.146,9.77,9.78,0.0098,1024,344
S1-1x,4278,46.156,9.68,9.69,0.0097,1024,345
S1-1x,4279,46.165,9.67,9.62,0.0097,1024,346
S1-1x,4280,46.175,9.86,9.89,0.0099,1024,347
S1-1x,4281,46.185,9.66,9.67,0.0097,1024,348
S1-1x,4282,46.195,10.62,10.61,0.0106,1152,349
S1-1x,4283,46.207,11.79,11.79,0.0118,1338,347
S1-1x,4284,46.217,9.89,9.89,0.0099,1024,348
S1-1x,4285,46.227,10.25,10.22,0.0103,1024,349
S1-1x,4286,46.238,10.35,10.29,0.0103,1024,350
S1-1x,4287,46.249,10.78,10.79,0.0108,1024,351
S1-1x,4288,46.259,10.25,10.31,0.0102,1024,352
S1-1x,4289,46.269,10.36,10.37,0.0104,1024,353
S1-1x,4290,46.279,9.92,9.92,0.0099,1024,354
S1-1x,4291,46.289,9.69,9.70,0.0097,1024,355
S1-1x,4292,46.299,9.91,9.81,0.0099,1024,356
S1-1x,4293,46.309,10.55,10.60,0.0105,1828,354
S1-1x,4294,46.319,10.04,10.08,0.0100,984,355
S1-1x,4295,46.329,10.16,10.12,0.0102,1024,356
S1-1x,4296,46.340,10.80,10.80,0.0108,1880,355
S1-1x,4297,46.351,10.89,10.88,0.0109,1788,355
S1-1x,4298,46.361,9.86,9.90,0.0099,984,357
S1-1x,4299,46.371,9.61,9.61,0.0096,1024,358
S1-1x,4300,46.381,9.99,9.99,0.0100,1024,358
S1-1x,4301,46.391,10.52,10.50,0.0105,1024,359
S1-1x,4302,46.403,12.01,12.00,0.0120,1956,361
S1-1x,4303,46.415,11.79,11.79,0.0118,1210,360
S1-1x,4304,46.426,11.49,11.51,0.0115,1024,361
S1-1x,4305,46.438,11.80,11.79,0.0118,1828,359
S1-1x,4306,46.450,11.55,11.51,0.0116,1024,360
S1-1x,4307,46.461,11.08,11.08,0.0111,1024,361
S1-1x,4308,46.472,11.49,11.51,0.0115,1956,363
S1-1x,4309,46.483,11.02,11.00,0.0110,1024,364
S1-1x,4310,46.494,10.51,10.49,0.0105,1024,365
S1-1x,4311,46.505,11.36,11.38,0.0114,1828,365
S1-1x,4312,46.517,11.83,11.81,0.0118,1828,365
S1-1x,4313,46.528,11.14,11.18,0.0111,1788,366
S1-1x,4314,46.539,10.93,10.90,0.0109,1024,367
S1-1x,4315,46.550,10.80,10.80,0.0108,1076,368
S1-1x,4316,46.561,11.08,11.10,0.0111,1788,368
S1-1x,4317,46.572,10.69,10.68,0.0107,1024,370
S1-1x,4318,46.582,10.55,10.52,0.0105,1024,371
S1-1x,4319,46.592,10.18,10.19,0.0102,1024,372
S1-1x,4320,46.604,11.98,11.99,0.0120,1956,371
S1-1x,4321,46.616,12.11,12.10,0.0121,1828,368
S1-1x,4322,46.628,11.20,11.19,0.0112,1788,369
S1-1x,4323,46.639,11.10,11.11,0.0111,1024,370
S1-1x,4324,46.651,12.33,12.30,0.0123,1828,367
S1-1x,4325,46.664,13.31,13.29,0.0133,1828,334
S1-1x,4326,46.676,11.96,11.99,0.0120,984,335
S1-1x,4327,46.687,11.03,11.00,0.0110,1024,336
S1-1x,4328,46.699,11.82,11.80,0.0118,1828,335
S1-1x,4329,46.711,11.66,11.69,0.0117,1024,336
S1-1x,4330,46.723,12.63,12.60,0.0126,2844,337
S1-1x,4331,46.735,11.80,11.80,0.0118,1024,338
S1-1x,4332,46.748,12.49,12.48,0.0125,1828,336
S1-1x,4333,46.759,11.62,11.61,0.0116,1076,337
S1-1x,4334,46.771,11.55,11.59,0.0116,1024,338
S1-1x,4335,46.783,11.70,11.70,0.0117,1828,339
S1-1x,4336,46.795,11.91,11.90,0.0119,1828,338
S1-1x,4337,46.806,11.63,11.60,0.0116,1024,339
S1-1x,4338,46.817,11.18,11.19,0.0112,1024,340
S1-1x,4339,46.828,11.08,11.09,0.0111,1024,341
S1-1x,4340,46.841,12.41,12.40,0.0124,1956,341
S1-1x,4341,46.853,11.77,11.79,0.0118,1828,342
S1-1x,4342,46.864,11.58,11.51,0.0116,1024,343
S1-1x,4343,46.875,11.02,11.08,0.0110,1024,344
S1-1x,4344,46.887,11.54,11.51,0.0115,1828,345
S1-1x,4345,46.899,12.52,12.50,0.0125,1828,346
S1-1x,4346,46.911,11.49,11.49,0.0115,1024,347
S1-1x,4347,46.922,11.28,11.30,0.0113,1024,349
S1-1x,4348,46.934,11.49,11.50,0.0115,1788,349
S1-1x,4349,46.944,10.80,10.79,0.0108,1024,350
S1-1x,4350,46.956,11.53,11.50,0.0115,1210,350
S1-1x,4351,46.969,13.09,13.12,0.0131,1076,351
S1-1x,4352,46.980,11.49,11.47,0.0115,1024,352
S1-1x,4353,46.992,11.50,11.51,0.0115,1828,353
S1-1x,4354,47.003,11.43,11.39,0.0114,1024,355
S1-1x,4355,47.016,12.24,12.19,0.0122,1024,356
S1-1x,4356,47.027,11.37,11.39,0.0114,1024,357
S1-1x,4357,47.039,12.32,12.29,0.0123,1210,358
S1-1x,4358,47.053,13.53,13.57,0.0135,1024,359
S1-1x,4359,47.066,13.15,13.12,0.0132,1024,361
S1-1x,4360,47.078,11.79,11.79,0.0118,1024,362
S1-1x,4361,47.091,13.64,13.60,0.0136,1956,357
S1-1x,4362,47.103,11.30,11.28,0.0113,1024,359
S1-1x,4363,47.114,11.49,11.51,0.0115,1024,360
S1-1x,4364,47.125,11.24,11.27,0.0112,1024,361
S1-1x,4365,47.137,11.25,11.21,0.0112,944,362
S1-1x,4366,47.148,10.83,10.81,0.0108,1024,363
S1-1x,4367,47.160,11.99,11.98,0.0120,1024,364
S1-1x,4368,47.171,11.60,11.60,0.0116,1076,365
S1-1x,4369,47.183,12.02,11.98,0.0120,1024,367
S1-1x,4370,47.195,11.63,11.69,0.0116,1024,368
S1-1x,4371,47.206,11.05,11.01,0.0111,1024,369
S1-1x,4372,47.217,11.36,11.38,0.0114,1956,370
S1-1x,4373,47.228,10.66,10.69,0.0107,1024,371
S1-1x,4374,47.238,10.63,10.60,0.0106,1024,372
S1-1x,4375,47.249,10.11,10.10,0.0101,824,372
S1-1x,4376,47.259,10.20,10.20,0.0102,1024,373
S1-1x,4377,47.269,10.14,10.13,0.0101,1024,374
S1-1x,4378,47.279,9.75,9.76,0.0097,1024,375
S1-1x,4379,47.289,9.84,9.81,0.0098,1024,376
S1-1x,4380,47.298,9.93,9.90,0.0099,1024,377
S1-1x,4381,47.308,9.96,9.98,0.0100,1024,378
S1-1x,4382,47.319,10.34,10.31,0.0103,1024,379
S1-1x,4383,47.329,10.50,10.50,0.0105,1024,380
S1-1x,4384,47.340,10.60,10.59,0.0106,1024,381
S1-1x,4385,47.350,10.59,10.58,0.0106,1024,382
S1-1x,4386,47.362,11.92,11.91,0.0119,1828,380
S1-1x,4387,47.373,10.96,10.99,0.0110,916,382
S1-1x,4388,47.384,10.37,10.39,0.0104,1024,383
S1-1x,4389,47.394,10.35,10.31,0.0103,1024,384
S1-1x,4390,47.405,10.75,10.77,0.0107,1024,385
S1-1x,4391,47.415,9.96,9.91,0.0100,1024,386
S1-1x,4392,47.425,10.68,10.70,0.0107,1828,387
S1-1x,4393,47.435,10.07,10.09,0.0101,1024,388
S1-1x,4394,47.445,9.75,9.71,0.0097,1024,389
S1-1x,4395,47.455,10.05,10.08,0.0101,1024,390
S1-1x,4396,47.466,10.35,10.31,0.0103,1068,391
S1-1x,4397,47.476,10.31,10.29,0.0103,1024,392
S1-1x,4398,47.485,9.63,9.68,0.0096,1024,393
S1-1x,4399,47.495,9.97,9.92,0.0100,1024,394
S1-1x,4400,47.506,10.73,10.78,0.0107,1828,395
S1-1x,4401,47.517,10.38,10.32,0.0104,1024,396
S1-1x,4402,47.527,10.58,10.59,0.0106,1024,397
S1-1x,4403,47.538,10.38,10.39,0.0104,1024,398
S1-1x,4404,47.549,11.24,11.20,0.0112,1024,399
S1-1x,4405,47.559,10.07,10.10,0.0101,1024,400
S1-1x,4406,47.569,10.41,10.38,0.0104,1024,401
S1-1x,4407,47.581,11.29,11.29,0.0113,1204,402
S1-1x,4408,47.591,10.41,10.41,0.0104,1024,403
S1-1x,4409,47.602,10.88,10.82,0.0109,1024,405
S1-1x,4410,47.611,9.58,9.67,0.0096,1024,406
S1-1x,4411,47.621,9.93,9.91,0.0099,1024,407
S1-1x,4412,47.633,11.17,11.09,0.0112,1024,408
S1-1x,4413,47.644,11.86,11.92,0.0119,1828,409
S1-1x,4414,47.655,10.87,10.87,0.0109,1024,410
S1-1x,4415,47.666,10.45,10.42,0.0105,1024,411
S1-1x,4416,47.676,10.14,10.18,0.0101,1024,412
S1-1x,4417,47.686,9.91,9.89,0.0099,1024,413
S1-1x,4418,47.696,9.99,9.99,0.0100,1024,414
S1-1x,4419,47.706,10.57,10.59,0.0106,1024,415
S1-1x,4420,47.718,11.55,11.51,0.0116,1828,416
S1-1x,4421,47.729,11.45,11.48,0.0115,1828,417
S1-1x,4422,47.740,10.23,10.19,0.0102,1024,418
S1-1x,4423,47.751,11.03,11.02,0.0110,1828,418
S1-1x,4424,47.762,11.67,11.70,0.0117,1668,420
S1-1x,4425,47.773,11.19,11.18,0.0112,1024,421
S1-1x,4426,47.785,11.42,11.41,0.0114,1880,422
S1-1x,4427,47.797,11.63,11.60,0.0116,1828,423
S1-1x,4428,47.807,10.96,10.99,0.0110,1024,424
S1-1x,4429,47.819,11.70,11.69,0.0117,1024,425
S1-1x,4430,47.830,10.55,10.57,0.0106,1024,426
S1-1x,4431,47.840,10.15,10.12,0.0101,864,426
S1-1x,4432,47.850,10.02,10.01,0.0100,1024,427
S1-1x,4433,47.860,10.07,10.08,0.0101,1024,428
S1-1x,4434,47.870,10.39,10.40,0.0104,1024,429
S1-1x,4435,47.880,10.14,10.11,0.0101,1024,430
S1-1x,4436,47.891,10.78,10.79,0.0108,1828,431
S1-1x,4437,47.901,10.12,10.10,0.0101,1024,433
S1-1x,4438,47.911,9.89,9.90,0.0099,1024,434
S1-1x,4439,47.922,10.51,10.50,0.0105,1708,434
S1-1x,4440,47.932,10.18,10.18,0.0102,1024,435
S1-1x,4441,47.942,9.97,10.00,0.0100,1024,436
S1-1x,4442,47.952,10.23,10.20,0.0102,1280,437
S1-1x,4443,47.962,10.19,10.19,0.0102,1024,438
S1-1x,4444,47.973,11.11,11.10,0.0111,1788,439
S1-1x,4445,47.984,10.93,10.90,0.0109,1076,440
S1-1x,4446,47.995,10.37,10.38,0.0104,1024,441
S1-1x,4447,48.005,10.29,10.30,0.0103,1024,442
S1-1x,4448,48.016,11.24,11.20,0.0112,1828,443
S1-1x,4449,48.028,11.32,11.37,0.0113,1828,444
S1-1x,4450,48.038,10.56,10.52,0.0106,1024,445
S1-1x,4451,48.049,10.47,10.48,0.0105,1024,446
S1-1x,4452,48.059,10.22,10.20,0.0102,1024,447
S1-1x,4453,48.069,10.60,10.60,0.0106,1024,448
S1-1x,4454,48.080,10.29,10.29,0.0103,1024,449
S1-1x,4455,48.090,10.24,10.21,0.0102,1024,450
S1-1x,4456,48.100,10.16,10.19,0.0102,1024,451
S1-1x,4457,48.111,10.50,10.29,0.0105,1024,452
S1-1x,4458,48.121,10.22,10.40,0.0102,1024,454
S1-1x,4459,48.132,10.78,10.78,0.0108,1828,455
S1-1x,4460,48.143,11.74,11.75,0.0117,1828,456
S1-1x,4461,48.155,11.24,11.26,0.0112,1152,457
S1-1x,4462,48.167,12.25,12.20,0.0122,1956,457
S1-1x,4463,48.178,11.00,11.00,0.0110,1024,458
S1-1x,4464,48.188,10.50,10.50,0.0105,1076,459
S1-1x,4465,48.199,10.62,10.59,0.0106,1024,460
S1-1x,4466,48.210,10.80,10.80,0.0108,1024,461
S1-1x,4467,48.220,10.65,10.67,0.0107,1024,462
S1-1x,4468,48.232,11.54,11.52,0.0115,1828,462
S1-1x,4469,48.243,11.16,11.17,0.0112,1024,464
S1-1x,4470,48.255,11.53,11.50,0.0115,1828,463
S1-1x,4471,48.267,12.57,12.60,0.0126,1828,461
S1-1x,4472,48.279,12.21,12.20,0.0122,904,462
S1-1x,4473,48.292,12.28,12.29,0.0123,1828,462
S1-1x,4474,48.303,11.81,11.79,0.0118,1152,464
S1-1x,4475,48.314,10.69,10.70,0.0107,1024,465
S1-1x,4476,48.325,10.70,10.70,0.0107,1152,466
S1-1x,4477,48.336,10.82,10.79,0.0108,1024,467
S1-1x,4478,48.347,11.20,11.21,0.0112,1828,464
S1-1x,4479,48.358,10.78,10.79,0.0108,984,465
S1-1x,4480,48.369,11.29,11.30,0.0113,1152,466
S1-1x,4481,48.380,10.62,10.59,0.0106,1024,467
S1-1x,4482,48.391,11.30,11.30,0.0113,1880,468
S1-1x,4483,48.403,11.69,11.70,0.0117,1828,469
S1-1x,4484,48.414,11.51,11.50,0.0115,1828,470
S1-1x,4485,48.426,12.01,12.01,0.0120,1748,470
S1-1x,4486,48.437,11.09,11.09,0.0111,1024,471
S1-1x,4487,48.448,10.59,10.59,0.0106,1024,472
S1-1x,4488,48.459,11.18,11.20,0.0112,1828,473
S1-1x,4489,48.470,11.20,11.20,0.0112,1024,474
S1-1x,4490,48.482,11.61,11.61,0.0116,1828,475
S1-1x,4491,48.495,12.72,12.70,0.0127,1828,477
S1-1x,4492,48.510,15.05,15.00,0.0150,1956,478
S1-1x,4493,48.523,13.77,13.79,0.0138,1828,477
S1-1x,4494,48.537,13.65,13.60,0.0136,1748,478
S1-1x,4495,48.551,13.94,13.98,0.0139,1748,479
S1-1x,4496,48.566,14.72,14.70,0.0147,1828,478
S1-1x,4497,48.580,13.97,13.99,0.0140,1072,479
S1-1x,4498,48.594,14.20,14.20,0.0142,1828,480
S1-1x,4499,48.610,15.84,15.81,0.0158,3753,482
S1-1x,4500,48.624,14.59,14.51,0.0146,1024,483
S1-1x,4501,48.639,14.83,14.89,0.0148,1828,485
S1-1x,4502,48.655,15.39,15.39,0.0154,1828,486
S1-1x,4503,48.671,16.60,16.60,0.0166,1828,483
S1-1x,4504,48.687,15.43,15.39,0.0154,904,485
S1-1x,4505,48.701,14.47,14.50,0.0145,1152,486
S1-1x,4506,48.717,16.11,16.09,0.0161,1152,488
S1-1x,4507,48.732,14.81,14.79,0.0148,1024,489
S1-1x,4508,48.748,15.90,15.90,0.0159,2667,490
S1-1x,4509,48.763,14.77,14.78,0.0148,904,491
S1-1x,4510,48.776,13.82,13.81,0.0138,1024,493
S1-1x,4511,48.791,14.71,14.69,0.0147,1024,494
S1-1x,4512,48.806,15.12,15.09,0.0151,1828,496
S1-1x,4513,48.822,16.05,16.10,0.0160,1880,497
S1-1x,4514,48.838,15.52,15.49,0.0155,1828,499
S1-1x,4515,48.853,15.28,15.30,0.0153,1024,500
S1-1x,4516,48.867,13.61,13.59,0.0136,1024,502
S1-1x,4517,48.881,13.94,13.98,0.0139,1024,503
S1-1x,4518,48.894,13.74,13.71,0.0137,1024,505
S1-1x,4519,48.910,15.33,15.31,0.0153,1210,505
S1-1x,4520,48.925,15.26,15.27,0.0153,1788,504
S1-1x,4521,48.941,15.53,15.51,0.0155,1828,502
S1-1x,4522,48.956,15.38,15.38,0.0154,1748,498
S1-1x,4523,48.970,14.41,14.42,0.0144,988,499
S1-1x,4524,48.984,14.22,14.19,0.0142,1024,499
S1-1x,4525,48.998,13.27,13.28,0.0133,1024,499
S1-1x,4526,49.014,15.95,15.91,0.0160,1828,462
S1-1x,4527,49.027,13.33,13.38,0.0133,996,462
S1-1x,4528,49.040,13.17,13.12,0.0132,1024,462
S1-1x,4529,49.053,12.45,12.49,0.0125,1024,462
S1-1x,4530,49.066,12.88,12.88,0.0129,1024,462
S1-1x,4531,49.078,12.44,12.41,0.0124,1152,462
S1-1x,4532,49.090,12.38,12.39,0.0124,1024,462
S1-1x,4533,49.103,12.39,12.40,0.0124,1024,462
S1-1x,4534,49.115,12.41,12.40,0.0124,944,461
S1-1x,4535,49.128,13.17,13.20,0.0132,1024,461
S1-1x,4536,49.141,12.58,12.52,0.0126,1024,461
S1-1x,4537,49.153,12.26,12.28,0.0123,1024,461
S1-1x,4538,49.167,13.57,13.59,0.0136,1748,460
S1-1x,4539,49.179,12.48,12.49,0.0125,1024,460
S1-1x,4540,49.193,13.35,13.33,0.0134,1210,452
S1-1x,4541,49.204,11.79,11.78,0.0118,984,452
S1-1x,4542,49.217,12.98,12.99,0.0130,1024,452
S1-1x,4543,49.229,11.81,11.81,0.0118,1076,452
S1-1x,4544,49.241,12.01,11.99,0.0120,1024,452
S1-1x,4545,49.254,13.29,13.29,0.0133,1828,451
S1-1x,4546,49.267,12.39,12.40,0.0124,984,451
S1-1x,4547,49.279,11.87,11.89,0.0119,1024,451
S1-1x,4548,49.291,11.75,11.71,0.0118,1024,451
S1-1x,4549,49.303,12.49,12.50,0.0125,1024,451
S1-1x,4550,49.316,13.29,13.29,0.0133,1210,450
S1-1x,4551,49.329,12.71,12.70,0.0127,1788,449
S1-1x,4552,49.343,14.37,14.39,0.0144,1788,443
S1-1x,4553,49.356,12.24,12.21,0.0122,824,443
S1-1x,4554,49.368,12.32,12.30,0.0123,1024,443
S1-1x,4555,49.380,12.32,12.38,0.0123,1024,443
S1-1x,4556,49.392,12.00,12.00,0.0120,1024,443
S1-1x,4557,49.405,12.54,12.51,0.0125,1828,443
S1-1x,4558,49.418,13.08,13.09,0.0131,1828,443
S1-1x,4559,49.430,12.03,12.00,0.0120,1076,443
S1-1x,4560,49.442,11.80,11.80,0.0118,1152,443
S1-1x,4561,49.453,11.69,11.69,0.0117,984,443
S1-1x,4562,49.465,11.58,11.59,0.0116,1024,443
S1-1x,4563,49.477,12.41,12.40,0.0124,1828,443
S1-1x,4564,49.491,13.89,13.89,0.0139,1828,436
S1-1x,4565,49.503,11.69,11.69,0.0117,1024,436
S1-1x,4566,49.514,11.49,11.49,0.0115,1024,436
S1-1x,4567,49.528,13.37,13.39,0.0134,1828,428
S1-1x,4568,49.539,11.71,11.71,0.0117,864,428
S1-1x,4569,49.552,12.24,12.21,0.0122,1828,426
S1-1x,4570,49.565,13.39,13.37,0.0134,1828,425
S1-1x,4571,49.577,11.96,11.99,0.0120,1024,425
S1-1x,4572,49.589,11.52,11.52,0.0115,1024,425
S1-1x,4573,49.600,11.71,11.71,0.0117,1024,425
S1-1x,4574,49.614,13.25,13.19,0.0132,1828,419
S1-1x,4575,49.628,14.49,14.50,0.0145,1828,408
S1-1x,4576,49.641,12.50,12.48,0.0125,1076,408
S1-1x,4577,49.653,12.19,12.20,0.0122,1024,408
S1-1x,4578,49.666,13.44,13.41,0.0134,1828,408
S1-1x,4579,49.680,13.41,13.46,0.0134,1828,406
S1-1x,4580,49.693,13.28,13.23,0.0133,1024,406
S1-1x,4581,49.706,13.39,13.39,0.0134,1024,406
S1-1x,4582,49.719,12.76,12.72,0.0128,1024,406
S1-1x,4583,49.731,12.08,12.08,0.0121,1024,406
S1-1x,4584,49.744,12.57,12.58,0.0126,1024,406
S1-1x,4585,49.757,12.91,12.89,0.0129,1828,406
S1-1x,4586,49.769,12.83,12.80,0.0128,1024,406
S1-1x,4587,49.782,12.20,12.21,0.0122,1024,406
S1-1x,4588,49.794,12.24,12.29,0.0122,1024,406
S1-1x,4589,49.806,12.21,12.20,0.0122,1668,405
S1-1x,4590,49.819,13.06,13.07,0.0131,1152,405
S1-1x,4591,49.832,12.99,12.93,0.0130,1828,402
S1-1x,4592,49.844,11.91,11.97,0.0119,1076,402
S1-1x,4593,49.856,11.65,11.63,0.0117,1024,402
S1-1x,4594,49.868,12.09,12.08,0.0121,1024,402
S1-1x,4595,49.879,11.65,11.68,0.0117,1024,402
S1-1x,4596,49.891,11.60,11.52,0.0116,1024,402
S1-1x,4597,49.902,11.44,11.49,0.0114,1024,402
S1-1x,4598,49.916,13.08,13.09,0.0131,1708,395
S1-1x,4599,49.928,12.28,12.29,0.0123,904,395
S1-1x,4600,49.939,11.63,11.59,0.0116,1024,395
S1-1x,4601,49.951,12.01,12.01,0.0120,1024,395
S1-1x,4602,49.965,13.08,13.10,0.0131,1828,395
S1-1x,4603,49.977,12.84,12.80,0.0128,1024,395
S1-1x,4604,49.991,13.04,12.99,0.0130,1828,395
S1-1x,4605,50.003,12.82,12.88,0.0128,1024,395
S1-1x,4606,50.016,13.11,13.11,0.0131,1828,395
S1-1x,4607,50.029,12.58,12.58,0.0126,1024,395
S1-1x,4608,50.041,11.87,11.81,0.0119,1024,395
S1-1x,4609,50.053,11.69,11.69,0.0117,1076,395
S1-1x,4610,50.066,13.90,13.90,0.0139,1828,384
S1-1x,4611,50.078,12.10,12.10,0.0121,824,384
S1-1x,4612,50.090,11.86,11.89,0.0119,1024,384
S1-1x,4613,50.102,11.77,11.79,0.0118,1024,384
S1-1x,4614,50.114,11.45,11.20,0.0115,1024,384
S1-1x,4615,50.126,12.31,12.50,0.0123,1210,376
S1-1x,4616,50.137,11.34,11.39,0.0113,1024,376
S1-1x,4617,50.148,11.14,11.11,0.0111,1024,376
S1-1x,4618,50.159,11.16,11.18,0.0112,1024,376
S1-1x,4619,50.170,10.93,10.91,0.0109,1024,376
S1-1x,4620,50.183,12.06,12.00,0.0121,1210,366
S1-1x,4621,50.195,12.01,12.08,0.0120,1756,361
S1-1x,4622,50.206,11.53,11.50,0.0115,1024,361
S1-1x,4623,50.217,11.28,11.29,0.0113,1024,361
S1-1x,4624,50.229,11.17,11.20,0.0112,1024,361
S1-1x,4625,50.240,11.36,11.31,0.0114,1828,361
S1-1x,4626,50.251,11.35,11.38,0.0114,1024,361
S1-1x,4627,50.263,11.51,11.51,0.0115,1076,361
S1-1x,4628,50.276,12.79,12.80,0.0128,1956,361
S1-1x,4629,50.288,11.95,11.90,0.0120,1024,361
S1-1x,4630,50.300,12.52,12.50,0.0125,1152,361
S1-1x,4631,50.312,11.77,11.78,0.0118,1024,361
S1-1x,4632,50.324,12.07,12.09,0.0121,1024,361
S1-1x,4633,50.335,11.53,11.51,0.0115,1024,361
S1-1x,4634,50.347,11.95,11.97,0.0119,1828,361
S1-1x,4635,50.359,11.57,11.51,0.0116,1024,361
S1-1x,4636,50.370,11.45,11.48,0.0114,1024,361
S1-1x,4637,50.383,12.30,12.30,0.0123,1828,360
S1-1x,4638,50.395,12.50,12.50,0.0125,1828,360
S1-1x,4639,50.408,12.80,12.79,0.0128,1828,360
S1-1x,4640,50.421,12.79,12.79,0.0128,1828,360
S1-1x,4641,50.433,11.94,11.91,0.0119,1024,360
S1-1x,4642,50.444,11.45,11.49,0.0114,1024,360
S1-1x,4643,50.456,11.62,11.59,0.0116,1024,360
S1-1x,4644,50.468,12.12,12.11,0.0121,1076,360
S1-1x,4645,50.482,13.92,13.89,0.0139,1956,360
S1-1x,4646,50.494,12.51,12.50,0.0125,1828,360
S1-1x,4647,50.508,13.59,13.59,0.0136,1152,360
S1-1x,4648,50.520,12.30,12.30,0.0123,1024,360
S1-1x,4649,50.532,12.19,12.19,0.0122,1024,360
S1-1x,4650,50.546,13.58,13.59,0.0136,1828,359
S1-1x,4651,50.559,12.75,12.71,0.0127,1112,359
S1-1x,4652,50.570,11.71,11.76,0.0117,1024,359
S1-1x,4653,50.583,12.87,12.82,0.0129,1024,359
S1-1x,4654,50.596,12.50,12.50,0.0125,1668,356
S1-1x,4655,50.609,12.97,12.98,0.0130,1708,355
S1-1x,4656,50.621,12.77,12.79,0.0128,1828,355
S1-1x,4657,50.635,13.13,13.10,0.0131,1828,353
S1-1x,4658,50.647,12.40,12.41,0.0124,904,352
S1-1x,4659,50.660,13.33,13.30,0.0133,1828,352
S1-1x,4660,50.674,13.79,13.81,0.0138,1880,352
S1-1x,4661,50.687,12.96,12.97,0.0130,1152,352
S1-1x,4662,50.699,12.33,12.31,0.0123,1024,352
S1-1x,4663,50.711,11.97,11.99,0.0120,1024,352
S1-1x,4664,50.724,12.30,12.30,0.0123,1024,352
S1-1x,4665,50.736,12.50,12.50,0.0125,1828,351
S1-1x,4666,50.748,11.51,11.49,0.0115,904,351
S1-1x,4667,50.761,12.83,12.81,0.0128,1828,350
S1-1x,4668,50.774,13.28,13.30,0.0133,1828,350
S1-1x,4669,50.787,12.80,12.80,0.0128,1024,350
S1-1x,4670,50.800,12.99,12.99,0.0130,1828,350
S1-1x,4671,50.813,13.21,13.20,0.0132,1828,349
S1-1x,4672,50.825,12.57,12.58,0.0126,1024,349
S1-1x,4673,50.838,12.74,12.71,0.0127,1828,349
S1-1x,4674,50.851,12.48,12.49,0.0125,1024,349
S1-1x,4675,50.863,12.30,12.29,0.0123,1024,349
S1-1x,4676,50.876,12.77,12.80,0.0128,1880,349
S1-1x,4677,50.888,12.15,12.10,0.0121,1024,349
S1-1x,4678,50.900,12.56,12.59,0.0126,1828,349
S1-1x,4679,50.912,12.01,11.99,0.0120,1024,349
S1-1x,4680,50.925,12.18,12.19,0.0122,1024,349
S1-1x,4681,50.936,11.42,11.41,0.0114,1024,349
S1-1x,4682,50.948,11.71,11.69,0.0117,1024,349
S1-1x,4683,50.959,11.58,11.60,0.0116,1024,349
S1-1x,4684,50.970,11.08,11.09,0.0111,1024,349
S1-1x,4685,50.983,12.08,12.04,0.0121,1024,349
S1-1x,4686,50.994,11.68,11.68,0.0117,1024,349
S1-1x,4687,51.006,12.14,12.10,0.0121,1024,349
S1-1x,4688,51.019,12.70,12.76,0.0127,1024,349
S1-1x,4689,51.032,12.95,12.92,0.0130,1828,349
S1-1x,4690,51.044,12.12,12.11,0.0121,1024,349
S1-1x,4691,51.056,11.76,11.78,0.0118,1024,349
S1-1x,4692,51.069,13.23,13.19,0.0132,1024,349
S1-1x,4693,51.081,11.49,11.49,0.0115,1076,349
S1-1x,4694,51.093,12.40,12.40,0.0124,1828,349
S1-1x,4695,51.104,11.48,11.50,0.0115,1024,349
S1-1x,4696,51.117,12.18,12.20,0.0122,1828,346
S1-1x,4697,51.128,11.40,11.40,0.0114,1024,346
S1-1x,4698,51.139,10.95,10.91,0.0109,1024,346
S1-1x,4699,51.151,12.12,12.08,0.0121,1828,346
S1-1x,4700,51.163,12.45,12.48,0.0125,1828,346
S1-1x,4701,51.175,11.59,11.61,0.0116,1024,346
S1-1x,4702,51.187,11.51,11.49,0.0115,1828,346
S1-1x,4703,51.198,11.53,11.51,0.0115,1024,346
S1-1x,4704,51.209,11.20,11.19,0.0112,1024,346
S1-1x,4705,51.223,13.45,13.42,0.0135,1210,339
S1-1x,4706,51.235,12.27,12.28,0.0123,1024,339
S1-1x,4707,51.247,11.59,11.60,0.0116,1024,339
S1-1x,4708,51.258,11.41,11.40,0.0114,1024,339
S1-1x,4709,51.269,11.35,11.37,0.0114,1024,339
S1-1x,4710,51.281,11.24,11.24,0.0112,1076,339
S1-1x,4711,51.292,11.47,11.48,0.0115,1024,339
S1-1x,4712,51.304,11.62,11.60,0.0116,1828,339
S1-1x,4713,51.315,11.70,11.69,0.0117,1024,339
S1-1x,4714,51.328,12.87,12.89,0.0129,1828,339
S1-1x,4715,51.341,12.41,12.41,0.0124,1828,339
S1-1x,4716,51.352,11.40,11.40,0.0114,1024,339
S1-1x,4717,51.364,11.60,11.60,0.0116,1024,339
S1-1x,4718,51.375,11.31,11.30,0.0113,1024,339
S1-1x,4719,51.387,11.52,11.49,0.0115,1024,339
S1-1x,4720,51.399,12.06,12.10,0.0121,1828,339
S1-1x,4721,51.410,11.72,11.70,0.0117,1024,339
S1-1x,4722,51.422,11.46,11.49,0.0115,1024,339
S1-1x,4723,51.433,11.40,11.40,0.0114,1024,339
S1-1x,4724,51.446,12.54,12.50,0.0125,1828,335
S1-1x,4725,51.457,11.79,11.79,0.0118,1024,335
S1-1x,4726,51.470,12.20,12.20,0.0122,1828,335
S1-1x,4727,51.483,13.19,13.20,0.0132,1262,331
S1-1x,4728,51.495,12.38,12.39,0.0124,1708,331
S1-1x,4729,51.508,12.33,12.31,0.0123,1024,331
S1-1x,4730,51.520,11.90,11.90,0.0119,1024,331
S1-1x,4731,51.532,12.50,12.49,0.0125,1828,331
S1-1x,4732,51.544,11.97,11.99,0.0120,1024,331
S1-1x,4733,51.556,11.50,11.50,0.0115,1024,331
S1-1x,4734,51.567,11.82,11.80,0.0118,1024,331
S1-1x,4735,51.581,13.41,13.41,0.0134,1828,329
S1-1x,4736,51.594,12.77,12.78,0.0128,1828,329
S1-1x,4737,51.607,13.12,13.11,0.0131,1828,329
S1-1x,4738,51.619,12.48,12.47,0.0125,1024,329
S1-1x,4739,51.632,13.29,13.29,0.0133,1828,329
S1-1x,4740,51.646,13.92,13.92,0.0139,1210,318
S1-1x,4741,51.659,12.87,12.88,0.0129,1828,318
S1-1x,4742,51.672,12.42,12.40,0.0124,1024,318
S1-1x,4743,51.684,12.51,12.52,0.0125,1076,318
S1-1x,4744,51.696,12.18,12.18,0.0122,1024,318
S1-1x,4745,51.709,13.01,12.99,0.0130,1828,318
S1-1x,4746,51.723,13.22,13.21,0.0132,1828,318
S1-1x,4747,51.735,12.86,12.89,0.0129,1828,318
S1-1x,4748,51.748,12.13,12.10,0.0121,1024,318
S1-1x,4749,51.760,12.30,12.31,0.0123,1024,318
S1-1x,4750,51.772,12.07,12.08,0.0121,1024,318
S1-1x,4751,51.785,12.92,12.90,0.0129,1828,318
S1-1x,4752,51.797,12.58,12.59,0.0126,1828,318
S1-1x,4753,51.811,13.61,13.60,0.0136,1828,318
S1-1x,4754,51.824,13.37,13.39,0.0134,1828,318
S1-1x,4755,51.838,13.55,13.52,0.0135,1828,318
S1-1x,4756,51.851,13.27,13.29,0.0133,1788,318
S1-1x,4757,51.865,13.92,13.90,0.0139,1828,318
S1-1x,4758,51.878,12.97,12.99,0.0130,984,318
S1-1x,4759,51.891,13.34,13.31,0.0133,1880,318
S1-1x,4760,51.905,13.79,13.80,0.0138,1828,318
S1-1x,4761,51.919,13.88,13.89,0.0139,1024,318
S1-1x,4762,51.932,12.81,12.80,0.0128,1024,318
S1-1x,4763,51.945,12.61,12.60,0.0126,1024,318
S1-1x,4764,51.958,13.62,13.61,0.0136,1788,318
S1-1x,4765,51.972,14.26,14.28,0.0143,1828,317
S1-1x,4766,51.985,12.91,12.91,0.0129,1024,317
S1-1x,4767,51.998,12.44,12.39,0.0124,984,317
S1-1x,4768,52.011,13.66,13.70,0.0137,1828,317
S1-1x,4769,52.026,14.34,14.30,0.0143,1210,316
S1-1x,4770,52.040,14.00,14.00,0.0140,1828,316
S1-1x,4771,52.053,13.48,13.49,0.0135,1024,316
S1-1x,4772,52.067,13.49,13.50,0.0135,984,316
S1-1x,4773,52.080,13.31,13.31,0.0133,1024,316
S1-1x,4774,52.094,13.70,13.69,0.0137,1880,316
S1-1x,4775,52.108,13.91,13.89,0.0139,1828,316
S1-1x,4776,52.121,12.98,12.79,0.0130,984,316
S1-1x,4777,52.134,13.42,13.62,0.0134,1788,316
S1-1x,4778,52.147,12.91,12.89,0.0129,1788,316
S1-1x,4779,52.161,13.69,13.69,0.0137,1828,313
S1-1x,4780,52.176,15.22,15.21,0.0152,1788,313
S1-1x,4781,52.190,14.08,14.09,0.0141,1828,313
S1-1x,4782,52.204,13.69,13.69,0.0137,984,313
S1-1x,4783,52.217,13.63,13.61,0.0136,984,313
S1-1x,4784,52.232,14.23,14.20,0.0142,1024,313
S1-1x,4785,52.246,14.48,14.49,0.0145,1788,308
S1-1x,4786,52.261,15.16,15.19,0.0152,1828,308
S1-1x,4787,52.276,15.18,15.10,0.0152,1024,308
S1-1x,4788,52.293,16.24,16.28,0.0162,1828,305
S1-1x,4789,52.308,15.64,15.60,0.0156,1880,305
S1-1x,4790,52.324,15.36,15.39,0.0154,1828,305
S1-1x,4791,52.338,14.65,14.62,0.0147,984,305
S1-1x,4792,52.353,14.57,14.58,0.0146,1788,305
S1-1x,4793,52.367,14.25,14.29,0.0143,984,305
S1-1x,4794,52.382,15.10,15.09,0.0151,1828,305
S1-1x,4795,52.397,14.93,14.90,0.0149,984,305
S1-1x,4796,52.411,13.69,13.70,0.0137,1024,305
S1-1x,4797,52.428,16.99,17.00,0.0170,1828,300
S1-1x,4798,52.443,15.43,15.40,0.0154,1828,300
S1-1x,4799,52.460,16.92,16.89,0.0169,1788,300
S1-1x,4800,52.476,15.66,15.70,0.0157,1828,298
S1-1x,4801,52.491,14.84,14.81,0.0148,1024,298
S1-1x,4802,52.507,16.49,16.48,0.0165,1916,298
S1-1x,4803,52.523,15.60,15.59,0.0156,1880,298
S1-1x,4804,52.537,14.68,14.71,0.0147,1788,298
S1-1x,4805,52.552,14.99,14.99,0.0150,1024,298
S1-1x,4806,52.569,16.78,16.79,0.0168,1828,294
S1-1x,4807,52.585,16.27,16.20,0.0163,1788,294
S1-1x,4808,52.601,15.08,15.11,0.0151,984,294
S1-1x,4809,52.615,14.42,14.39,0.0144,984,294
S1-1x,4810,52.631,15.58,15.60,0.0156,1828,292
S1-1x,4811,52.646,14.99,14.98,0.0150,1828,292
S1-1x,4812,52.660,14.70,14.70,0.0147,1024,292
S1-1x,4813,52.674,14.21,14.20,0.0142,1024,292
S1-1x,4814,52.688,13.91,13.90,0.0139,1024,292
S1-1x,4815,52.704,15.91,15.89,0.0159,1788,292
S1-1x,4816,52.720,15.72,15.77,0.0157,1956,292
S1-1x,4817,52.735,14.99,14.93,0.0150,1076,292
S1-1x,4818,52.750,14.83,14.88,0.0148,1788,292
S1-1x,4819,52.765,14.96,14.90,0.0150,984,292
S1-1x,4820,52.779,14.34,14.39,0.0143,1024,292
S1-1x,4821,52.794,14.98,14.92,0.0150,3104,292
S1-1x,4822,52.809,14.98,14.99,0.0150,3096,292
S1-1x,4823,52.826,16.50,16.49,0.0165,1828,292
S1-1x,4824,52.843,17.58,17.60,0.0176,1210,290
S1-1x,4825,52.858,14.85,14.80,0.0148,1024,290
S1-1x,4826,52.873,14.78,14.79,0.0148,984,290
S1-1x,4827,52.888,14.86,14.87,0.0149,984,290
S1-1x,4828,52.902,14.67,14.70,0.0147,984,290
S1-1x,4829,52.917,14.72,14.71,0.0147,984,290
S1-1x,4830,52.932,14.56,14.51,0.0146,1112,290
S1-1x,4831,52.946,14.17,14.18,0.0142,1036,290
S1-1x,4832,52.960,14.66,14.68,0.0147,1112,290
S1-1x,4833,52.975,14.37,14.32,0.0144,984,290
S1-1x,4834,52.991,16.68,16.68,0.0167,1788,288
S1-1x,4835,53.007,15.53,15.50,0.0155,1788,288
S1-1x,4836,53.021,14.51,14.58,0.0145,984,288
S1-1x,4837,53.037,15.86,15.81,0.0159,1828,287
S1-1x,4838,53.053,15.37,15.40,0.0154,1788,287
S1-1x,4839,53.068,14.85,14.80,0.0149,1112,287
S1-1x,4840,53.082,14.48,14.48,0.0145,1024,287
S1-1x,4841,53.097,14.52,14.51,0.0145,1788,287
S1-1x,4842,53.113,16.47,16.49,0.0165,1788,279
S1-1x,4843,53.128,15.11,15.08,0.0151,1748,278
S1-1x,4844,53.143,15.28,15.29,0.0153,984,278
S1-1x,4845,53.158,14.62,14.61,0.0146,1840,278
S1-1x,4846,53.175,17.05,17.08,0.0170,1916,273
S1-1x,4847,53.190,14.49,14.41,0.0145,984,273
S1-1x,4848,53.204,14.63,14.69,0.0146,984,273
S1-1x,4849,53.218,13.43,13.41,0.0134,984,273
S1-1x,4850,53.231,13.56,13.59,0.0136,984,273
S1-1x,4851,53.247,15.45,15.40,0.0154,1788,273
S1-1x,4852,53.261,14.87,14.89,0.0149,984,273
S1-1x,4853,53.278,16.53,16.51,0.0165,1788,267
S1-1x,4854,53.294,16.31,16.29,0.0163,1788,266
S1-1x,4855,53.310,16.06,16.07,0.0161,1788,263
S1-1x,4856,53.326,16.07,16.09,0.0161,3360,263
S1-1x,4857,53.341,14.82,14.82,0.0148,824,263
S1-1x,4858,53.356,14.32,14.30,0.0143,984,263
S1-1x,4859,53.371,15.01,15.00,0.0150,1840,263
S1-1x,4860,53.386,15.00,15.00,0.0150,1112,263
S1-1x,4861,53.400,14.80,14.80,0.0148,1112,263
S1-1x,4862,53.415,14.21,14.19,0.0142,1024,263
S1-1x,4863,53.429,14.33,14.30,0.0143,984,263
S1-1x,4864,53.444,14.94,14.98,0.0149,984,263
S1-1x,4865,53.458,14.59,14.60,0.0146,1788,263
S1-1x,4866,53.473,14.61,14.59,0.0146,984,263
S1-1x,4867,53.487,14.04,14.01,0.0140,1024,263
S1-1x,4868,53.502,15.19,15.19,0.0152,1170,259
S1-1x,4869,53.516,13.96,13.99,0.0140,984,259
S1-1x,4870,53.532,15.84,15.79,0.0158,1788,238
S1-1x,4871,53.546,13.87,13.90,0.0139,984,238
S1-1x,4872,53.560,13.82,13.80,0.0138,984,238
S1-1x,4873,53.574,13.86,13.89,0.0139,1880,238
S1-1x,4874,53.588,14.32,14.31,0.0143,984,238
S1-1x,4875,53.602,14.24,14.21,0.0142,1152,238
S1-1x,4876,53.617,15.16,15.19,0.0152,1828,220
S1-1x,4877,53.632,14.99,15.00,0.0150,1788,217
S1-1x,4878,53.645,13.10,13.09,0.0131,984,217
S1-1x,4879,53.658,12.82,12.79,0.0128,984,217
S1-1x,4880,53.671,12.70,12.71,0.0127,984,217
S1-1x,4881,53.684,13.22,13.20,0.0132,984,217
S1-1x,4882,53.697,12.75,12.78,0.0128,984,217
S1-1x,4883,53.711,13.64,13.61,0.0136,1788,217
S1-1x,4884,53.725,14.83,14.88,0.0148,1788,205
S1-1x,4885,53.738,12.84,12.82,0.0128,984,205
S1-1x,4886,53.751,13.09,13.10,0.0131,1024,205
S1-1x,4887,53.764,13.12,13.09,0.0131,1828,205
S1-1x,4888,53.778,13.43,13.42,0.0134,1076,205
S1-1x,4889,53.790,12.29,12.29,0.0123,984,205
S1-1x,4890,53.804,14.00,14.00,0.0140,1916,205
S1-1x,4891,53.818,13.82,13.79,0.0138,984,205
S1-1x,4892,53.832,14.15,14.19,0.0141,1024,205
S1-1x,4893,53.846,13.45,13.41,0.0135,1112,205
S1-1x,4894,53.860,14.39,14.40,0.0144,1788,205
S1-1x,4895,53.874,14.27,14.29,0.0143,1788,205
S1-1x,4896,53.887,13.11,13.10,0.0131,984,205
S1-1x,4897,53.900,12.99,13.00,0.0130,984,205
S1-1x,4898,53.913,12.18,12.18,0.0122,984,205
S1-1x,4899,53.926,13.02,13.00,0.0130,1828,205
S1-1x,4900,53.938,12.80,12.80,0.0128,1112,205
S1-1x,4901,53.952,13.18,13.20,0.0132,1788,205
S1-1x,4902,53.964,12.81,12.80,0.0128,984,205
S1-1x,4903,53.977,12.41,12.41,0.0124,984,205
S1-1x,4904,53.989,12.51,12.49,0.0125,1036,205
S1-1x,4905,54.002,12.80,12.81,0.0128,984,205
S1-1x,4906,54.015,12.99,12.99,0.0130,1788,205
S1-1x,4907,54.028,13.11,13.10,0.0131,1024,205
S1-1x,4908,54.041,12.47,12.49,0.0125,1024,205
S1-1x,4909,54.053,12.32,12.30,0.0123,1152,205
S1-1x,4910,54.066,12.59,12.59,0.0126,1024,205
S1-1x,4911,54.078,12.88,12.89,0.0129,1788,205
S1-1x,4912,54.091,12.83,12.81,0.0128,1210,205
S1-1x,4913,54.104,12.99,12.99,0.0130,1828,204
S1-1x,4914,54.117,12.30,12.30,0.0123,1024,204
S1-1x,4915,54.129,12.89,12.69,0.0129,1828,204
S1-1x,4916,54.141,11.92,12.10,0.0119,1112,204
S1-1x,4917,54.153,11.87,11.90,0.0119,1828,204
S1-1x,4918,54.165,11.80,11.80,0.0118,1024,204
S1-1x,4919,54.179,13.43,13.40,0.0134,1828,200
S1-1x,4920,54.193,14.09,14.08,0.0141,1880,192
S1-1x,4921,54.208,15.72,15.71,0.0157,1828,186
S1-1x,4922,54.223,14.61,14.60,0.0146,1788,186
S1-1x,4923,54.236,13.56,13.59,0.0136,1828,185
S1-1x,4924,54.250,13.85,13.80,0.0139,1788,185
S1-1x,4925,54.264,13.80,13.80,0.0138,1152,185
S1-1x,4926,54.278,13.39,13.40,0.0134,1170,185
S1-1x,4927,54.291,13.88,13.88,0.0139,1788,185
S1-1x,4928,54.305,13.80,13.80,0.0138,1828,185
S1-1x,4929,54.319,14.07,14.09,0.0141,1916,185
S1-1x,4930,54.333,14.00,14.00,0.0140,1788,185
S1-1x,4931,54.347,14.02,14.00,0.0140,1338,185
S1-1x,4932,54.362,14.31,14.30,0.0143,1788,185
S1-1x,4933,54.377,14.96,14.99,0.0150,1788,185
S1-1x,4934,54.392,14.95,14.91,0.0150,1788,185
S1-1x,4935,54.406,14.40,14.40,0.0144,1840,185
S1-1x,4936,54.421,14.98,14.99,0.0150,1828,185
S1-1x,4937,54.435,14.22,14.20,0.0142,1828,185
S1-1x,4938,54.450,14.97,14.98,0.0150,1828,185
S1-1x,4939,54.466,15.51,15.50,0.0155,1828,185
S1-1x,4940,54.481,15.59,15.60,0.0156,1748,183
S1-1x,4941,54.497,15.50,15.50,0.0155,1788,181
S1-1x,4942,54.511,14.63,14.59,0.0146,904,181
S1-1x,4943,54.527,15.50,15.50,0.0155,1956,181
S1-1x,4944,54.543,15.70,15.70,0.0157,1788,181
S1-1x,4945,54.559,16.17,16.19,0.0162,1916,179
S1-1x,4946,54.573,14.44,14.41,0.0144,1788,179
S1-1x,4947,54.587,13.65,13.68,0.0137,984,179
S1-1x,4948,54.601,13.84,13.80,0.0138,984,179
S1-1x,4949,54.615,14.50,14.50,0.0145,1840,177
S1-1x,4950,54.630,15.26,15.30,0.0153,1748,175
S1-1x,4951,54.644,13.76,13.70,0.0138,1024,175
S1-1x,4952,54.658,13.55,13.58,0.0136,1024,175
S1-1x,4953,54.672,13.92,13.91,0.0139,1024,175
S1-1x,4954,54.686,14.26,14.28,0.0143,1828,171
S1-1x,4955,54.699,13.39,13.39,0.0134,1828,171
S1-1x,4956,54.712,13.21,13.21,0.0132,1828,171
S1-1x,4957,54.725,12.89,12.90,0.0129,1112,171
S1-1x,4958,54.739,13.31,13.29,0.0133,1210,163
S1-1x,4959,54.753,14.07,14.08,0.0141,1828,156
S1-1x,4960,54.767,14.46,14.41,0.0145,1788,155
S1-1x,4961,54.781,13.64,13.70,0.0136,1828,154
S1-1x,4962,54.794,12.89,12.89,0.0129,1024,154
S1-1x,4963,54.807,12.91,12.90,0.0129,1024,154
S1-1x,4964,54.821,14.14,14.12,0.0141,2008,153
S1-1x,4965,54.834,13.68,13.68,0.0137,1788,153
S1-1x,4966,54.848,13.29,13.29,0.0133,1112,153
S1-1x,4967,54.861,13.71,13.71,0.0137,1828,153
S1-1x,4968,54.875,13.58,13.58,0.0136,1828,152
S1-1x,4969,54.888,13.40,13.40,0.0134,1828,152
S1-1x,4970,54.902,13.41,13.40,0.0134,1828,151
S1-1x,4971,54.914,12.28,12.29,0.0123,1024,151
S1-1x,4972,54.927,12.42,12.41,0.0124,1024,151
S1-1x,4973,54.941,14.08,14.00,0.0141,1828,149
S1-1x,4974,54.955,13.85,13.89,0.0139,1024,148
S1-1x,4975,54.969,14.71,14.70,0.0147,1024,148
S1-1x,4976,54.983,14.20,14.20,0.0142,1828,146
S1-1x,4977,54.997,13.97,13.98,0.0140,1828,146
S1-1x,4978,55.011,13.69,13.70,0.0137,1828,146
S1-1x,4979,55.025,13.81,13.82,0.0138,1880,146
S1-1x,4980,55.039,13.65,13.60,0.0137,1210,146
S1-1x,4981,55.052,13.80,13.80,0.0138,1152,146
S1-1x,4982,55.065,12.98,12.99,0.0130,1024,146
S1-1x,4983,55.078,12.57,12.59,0.0126,1024,146
S1-1x,4984,55.091,12.76,12.71,0.0128,1024,146
S1-1x,4985,55.103,12.48,12.48,0.0125,1024,146
S1-1x,4986,55.116,12.45,12.40,0.0124,1024,146
S1-1x,4987,55.128,12.12,12.18,0.0121,1024,146
S1-1x,4988,55.141,13.46,13.41,0.0135,1024,146
S1-1x,4989,55.154,12.59,12.60,0.0126,1024,146
S1-1x,4990,55.167,12.94,12.91,0.0129,1024,146
S1-1x,4991,55.180,13.15,13.18,0.0132,1024,146
S1-1x,4992,55.193,13.49,13.49,0.0135,1828,146
S1-1x,4993,55.206,12.41,12.41,0.0124,1024,146
S1-1x,4994,55.218,12.24,12.20,0.0122,1024,146
S1-1x,4995,55.230,12.35,12.38,0.0124,1076,146
S1-1x,4996,55.243,12.70,12.70,0.0127,1024,146
S1-1x,4997,55.256,13.03,13.00,0.0130,1956,146
S1-1x,4998,55.269,13.19,13.18,0.0132,1828,146
S1-1x,4999,55.282,12.49,12.50,0.0125,1024,146
S1-1x,5000,55.296,13.92,13.90,0.0139,1828,146
S1-1x,5001,55.309,13.41,13.39,0.0134,1024,146
S1-1x,5002,55.321,12.34,12.38,0.0123,1024,146
S1-1x,5003,55.334,12.55,12.53,0.0126,1828,146
S1-1x,5004,55.346,11.90,11.88,0.0119,1024,146
S1-1x,5005,55.358,12.57,12.60,0.0126,1828,146
S1-1x,5006,55.371,12.36,12.30,0.0124,1828,146
S1-1x,5007,55.383,12.07,12.09,0.0121,1400,146
S1-1x,5008,55.394,11.60,11.62,0.0116,1024,146
S1-1x,5009,55.407,12.41,12.38,0.0124,1828,146
S1-1x,5010,55.419,12.67,12.70,0.0127,1828,146
S1-1x,5011,55.431,11.72,11.70,0.0117,1076,146
S1-1x,5012,55.443,11.40,11.40,0.0114,1024,146
S1-1x,5013,55.455,12.07,12.08,0.0121,1828,146
S1-1x,5014,55.468,13.46,13.41,0.0135,1828,145
S1-1x,5015,55.481,13.09,13.11,0.0131,1788,145
S1-1x,5016,55.493,11.99,11.99,0.0120,1024,145
S1-1x,5017,55.505,12.00,12.00,0.0120,1024,145
S1-1x,5018,55.518,12.88,12.89,0.0129,1828,144
S1-1x,5019,55.531,13.37,13.31,0.0134,1828,144
S1-1x,5020,55.545,13.12,13.18,0.0131,1828,144
S1-1x,5021,55.557,12.10,12.09,0.0121,1024,144
S1-1x,5022,55.570,12.86,12.89,0.0129,1828,143
S1-1x,5023,55.582,12.43,12.33,0.0124,1152,143
S1-1x,5024,55.595,12.56,12.59,0.0126,1024,143
S1-1x,5025,55.608,13.78,13.79,0.0138,1828,143
S1-1x,5026,55.621,13.06,13.01,0.0131,1828,143
S1-1x,5027,55.634,12.94,12.98,0.0129,1076,143
S1-1x,5028,55.647,12.46,12.48,0.0125,1828,143
S1-1x,5029,55.660,13.12,13.10,0.0131,1828,143
S1-1x,5030,55.672,12.21,12.20,0.0122,1024,143
S1-1x,5031,55.685,12.61,12.61,0.0126,1828,143
S1-1x,5032,55.697,12.08,12.10,0.0121,1024,143
S1-1x,5033,55.709,12.25,12.21,0.0123,1024,143
S1-1x,5034,55.721,12.04,12.08,0.0120,1024,143
S1-1x,5035,55.733,12.02,12.01,0.0120,1024,143
S1-1x,5036,55.745,12.41,12.40,0.0124,1828,143
S1-1x,5037,55.758,12.18,12.19,0.0122,1024,143
S1-1x,5038,55.770,12.38,12.38,0.0124,1956,143
S1-1x,5039,55.782,12.13,12.11,0.0121,1024,143
S1-1x,5040,55.794,11.79,11.80,0.0118,1024,143
S1-1x,5041,55.805,11.52,11.49,0.0115,1024,143
S1-1x,5042,55.817,11.27,11.30,0.0113,1024,143
S1-1x,5043,55.827,10.70,10.70,0.0107,984,143
S1-1x,5044,55.838,11.00,11.01,0.0110,1076,143
S1-1x,5045,55.850,11.60,11.59,0.0116,1828,143
S1-1x,5046,55.861,11.31,11.30,0.0113,1828,143
S1-1x,5047,55.872,10.78,10.80,0.0108,1024,143
S1-1x,5048,55.883,10.83,10.80,0.0108,1024,143
S1-1x,5049,55.894,10.57,10.59,0.0106,1024,143
S1-1x,5050,55.904,10.69,10.71,0.0107,1024,143
S1-1x,5051,55.915,10.62,10.60,0.0106,984,143
S1-1x,5052,55.925,10.38,10.40,0.0104,1024,143
S1-1x,5053,55.936,10.31,10.30,0.0103,984,143
S1-1x,5054,55.947,11.00,11.00,0.0110,1210,143
S1-1x,5055,55.957,10.49,10.49,0.0105,1152,143
S1-1x,5056,55.967,10.21,10.20,0.0102,1024,143
S1-1x,5057,55.978,10.38,10.41,0.0104,1024,143
S1-1x,5058,55.989,11.23,11.20,0.0112,1828,143
S1-1x,5059,55.999,10.48,10.49,0.0105,1024,143
S1-1x,5060,56.011,11.53,11.50,0.0115,1828,143
S1-1x,5061,56.023,11.97,11.98,0.0120,1828,143
S1-1x,5062,56.035,12.26,12.22,0.0123,1024,143
S1-1x,5063,56.046,11.37,11.38,0.0114,1076,143
S1-1x,5064,56.058,11.30,11.31,0.0113,1024,143
S1-1x,5065,56.069,11.48,11.48,0.0115,1828,143
S1-1x,5066,56.080,10.82,10.80,0.0108,1024,143
S1-1x,5067,56.091,11.43,11.42,0.0114,1828,143
S1-1x,5068,56.102,10.76,10.77,0.0108,1024,143
S1-1x,5069,56.113,10.60,10.61,0.0106,1024,143
S1-1x,5070,56.124,11.29,11.29,0.0113,1828,143
S1-1x,5071,56.135,10.84,10.60,0.0108,1024,143
S1-1x,5072,56.146,10.68,10.90,0.0107,1152,143
S1-1x,5073,56.156,10.72,10.70,0.0107,1828,143
S1-1x,5074,56.168,11.28,11.29,0.0113,1828,143
S1-1x,5075,56.180,12.19,12.20,0.0122,1828,142
S1-1x,5076,56.191,11.35,11.30,0.0114,1024,142
S1-1x,5077,56.202,10.52,10.57,0.0105,1024,142
S1-1x,5078,56.212,10.62,10.61,0.0106,1024,142
S1-1x,5079,56.223,10.94,10.91,0.0109,1024,142
S1-1x,5080,56.234,10.58,10.58,0.0106,1024,142
S1-1x,5081,56.244,10.51,10.50,0.0105,1024,142
S1-1x,5082,56.255,10.89,10.91,0.0109,1880,142
S1-1x,5083,56.266,10.79,10.79,0.0108,1024,142
S1-1x,5084,56.276,10.20,10.21,0.0102,1024,142
S1-1x,5085,56.286,10.20,10.19,0.0102,1024,142
S1-1x,5086,56.297,10.41,10.39,0.0104,1024,142
S1-1x,5087,56.308,10.69,10.70,0.0107,1024,142
S1-1x,5088,56.319,11.57,11.57,0.0116,1024,142
S1-1x,5089,56.330,11.12,11.11,0.0111,1956,142
S1-1x,5090,56.341,11.11,11.11,0.0111,1024,142
S1-1x,5091,56.353,11.21,11.20,0.0112,1024,142
S1-1x,5092,56.364,11.62,11.59,0.0116,1828,142
S1-1x,5093,56.376,11.77,11.80,0.0118,1828,141
S1-1x,5094,56.387,11.34,11.31,0.0113,1024,141
S1-1x,5095,56.398,11.08,11.09,0.0111,1024,141
S1-1x,5096,56.410,11.47,11.49,0.0115,1828,141
S1-1x,5097,56.421,10.77,10.80,0.0108,1024,141
S1-1x,5098,56.431,10.66,10.62,0.0107,1024,141
S1-1x,5099,56.442,10.80,10.80,0.0108,1024,141
S1-1x,5100,56.453,10.50,10.50,0.0105,1024,141
S1-1x,5101,56.463,10.40,10.39,0.0104,1076,141
S1-1x,5102,56.473,10.20,10.20,0.0102,1024,141
S1-1x,5103,56.484,10.88,10.89,0.0109,1828,141
S1-1x,5104,56.495,10.49,10.50,0.0105,1024,141
S1-1x,5105,56.505,10.20,10.20,0.0102,1024,141
S1-1x,5106,56.515,10.75,10.71,0.0108,1956,141
S1-1x,5107,56.526,10.34,10.38,0.0103,1024,141
S1-1x,5108,56.536,10.12,10.11,0.0101,1024,141
S1-1x,5109,56.546,10.10,10.09,0.0101,1024,141
S1-1x,5110,56.556,10.30,10.29,0.0103,1828,141
S1-1x,5111,56.566,10.13,10.11,0.0101,1024,141
S1-1x,5112,56.576,10.07,10.10,0.0101,1024,141
S1-1x,5113,56.587,10.71,10.70,0.0107,1828,141
S1-1x,5114,56.599,11.79,11.79,0.0118,1828,141
S1-1x,5115,56.609,10.44,10.41,0.0104,1024,141
S1-1x,5116,56.620,10.14,10.16,0.0101,1024,141
S1-1x,5117,56.630,10.17,10.13,0.0102,1024,141
S1-1x,5118,56.641,11.18,11.18,0.0112,1024,141
S1-1x,5119,56.652,10.97,10.99,0.0110,1828,141
S1-1x,5120,56.662,10.53,10.51,0.0105,1024,141
S1-1x,5121,56.674,11.78,11.78,0.0118,1262,141
S1-1x,5122,56.686,11.62,11.61,0.0116,1828,141
S1-1x,5123,56.698,11.80,11.80,0.0118,1956,141
S1-1x,5124,56.709,11.39,11.39,0.0114,1024,141
S1-1x,5125,56.721,11.90,11.90,0.0119,1828,141
S1-1x,5126,56.731,10.46,10.40,0.0105,1024,141
S1-1x,5127,56.743,11.27,11.31,0.0113,1828,141
S1-1x,5128,56.754,11.18,11.18,0.0112,1828,141
S1-1x,5129,56.765,10.90,10.89,0.0109,1024,141
S1-1x,5130,56.777,11.89,11.90,0.0119,1828,140
S1-1x,5131,56.788,11.47,11.40,0.0115,1024,140
S1-1x,5132,56.799,11.35,11.39,0.0113,1024,140
S1-1x,5133,56.812,12.22,12.20,0.0122,1828,139
S1-1x,5134,56.824,11.83,11.81,0.0118,1024,139
S1-1x,5135,56.836,12.08,12.08,0.0121,1828,139
S1-1x,5136,56.847,11.80,11.79,0.0118,1024,139
S1-1x,5137,56.859,11.77,11.80,0.0118,1828,139
S1-1x,5138,56.871,11.51,11.49,0.0115,1024,139
S1-1x,5139,56.883,12.72,12.69,0.0127,2008,137
S1-1x,5140,56.896,12.60,12.61,0.0126,1748,137
S1-1x,5141,56.909,12.59,12.58,0.0126,1828,137
S1-1x,5142,56.921,12.29,12.29,0.0123,1788,137
S1-1x,5143,56.933,11.62,11.60,0.0116,1024,137
S1-1x,5144,56.944,11.85,11.89,0.0119,1152,137
S1-1x,5145,56.955,10.50,10.49,0.0105,1024,137
S1-1x,5146,56.966,11.39,11.31,0.0114,984,137
S1-1x,5147,56.978,11.82,11.88,0.0118,1828,137
S1-1x,5148,56.990,11.86,11.81,0.0119,1788,137
S1-1x,5149,57.002,12.24,12.28,0.0122,1828,137
S1-1x,5150,57.013,11.29,11.29,0.0113,984,137
S1-1x,5151,57.024,11.02,10.99,0.0110,984,137
S1-1x,5152,57.036,11.39,11.41,0.0114,984,137
S1-1x,5153,57.048,11.92,11.91,0.0119,1788,136
S1-1x,5154,57.059,11.50,11.49,0.0115,984,136
S1-1x,5155,57.071,11.36,11.39,0.0114,1916,136
S1-1x,5156,57.082,11.79,11.71,0.0118,1788,136
S1-1x,5157,57.094,11.76,11.79,0.0118,1840,136
S1-1x,5158,57.105,11.16,11.18,0.0112,984,136
S1-1x,5159,57.117,11.20,11.20,0.0112,984,136
S1-1x,5160,57.127,10.64,10.62,0.0106,1024,136
S1-1x,5161,57.138,10.87,10.87,0.0109,1024,136
S1-1x,5162,57.149,11.00,11.00,0.0110,1152,136
S1-1x,5163,57.160,11.22,11.21,0.0112,984,136
S1-1x,5164,57.172,11.74,11.78,0.0117,1024,136
S1-1x,5165,57.184,11.68,11.63,0.0117,984,136
S1-1x,5166,57.195,11.02,10.99,0.0110,984,136
S1-1x,5167,57.206,11.45,11.48,0.0115,984,136
S1-1x,5168,57.218,11.79,11.80,0.0118,1024,136
S1-1x,5169,57.229,11.02,11.00,0.0110,1024,136
S1-1x,5170,57.240,10.77,10.79,0.0108,1024,136
S1-1x,5171,57.250,10.66,10.61,0.0107,984,136
S1-1x,5172,57.262,11.46,11.49,0.0115,1956,136
S1-1x,5173,57.273,10.89,10.90,0.0109,984,136
S1-1x,5174,57.283,10.53,10.52,0.0105,1828,136
S1-1x,5175,57.293,10.03,10.05,0.0100,1036,136
S1-1x,5176,57.303,9.62,9.61,0.0096,984,136
S1-1x,5177,57.313,9.62,9.59,0.0096,984,136
S1-1x,5178,57.323,10.82,10.81,0.0108,1788,136
S1-1x,5179,57.334,10.18,10.20,0.0102,984,136
S1-1x,5180,57.343,9.38,9.38,0.0094,984,136
S1-1x,5181,57.353,9.69,9.70,0.0097,1112,136
S1-1x,5182,57.362,9.31,9.30,0.0093,1024,136
S1-1x,5183,57.371,9.28,9.29,0.0093,984,136
S1-1x,5184,57.380,9.32,9.30,0.0093,984,136
S1-1x,5185,57.390,9.51,9.50,0.0095,984,136
S1-1x,5186,57.399,9.37,9.39,0.0094,984,136
S1-1x,5187,57.409,9.51,9.50,0.0095,1024,136
S1-1x,5188,57.419,10.50,10.49,0.0105,1828,136
S1-1x,5189,57.429,9.73,9.71,0.0097,1024,136
S1-1x,5190,57.440,10.71,10.71,0.0107,1788,136
S1-1x,5191,57.450,10.02,10.00,0.0100,984,136
S1-1x,5192,57.461,10.76,10.78,0.0108,984,136
S1-1x,5193,57.470,9.37,9.38,0.0094,984,136
S1-1x,5194,57.480,10.44,10.43,0.0104,1788,136
S1-1x,5195,57.491,10.35,10.30,0.0103,1024,136
S1-1x,5196,57.501,10.16,10.19,0.0102,1036,136
S1-1x,5197,57.511,9.53,9.50,0.0095,984,136
S1-1x,5198,57.520,9.48,9.47,0.0095,984,136
S1-1x,5199,57.530,9.69,9.70,0.0097,984,136
S1-1x,5200,57.540,9.89,9.89,0.0099,984,136
S1-1x,5201,57.550,10.10,10.10,0.0101,1788,136
S1-1x,5202,57.559,9.62,9.60,0.0096,984,136
S1-1x,5203,57.569,9.89,9.87,0.0099,984,136
S1-1x,5204,57.579,9.49,9.51,0.0095,1024,136
S1-1x,5205,57.589,9.92,9.89,0.0099,1788,136
S1-1x,5206,57.598,9.70,9.71,0.0097,984,136
S1-1x,5207,57.608,10.18,10.20,0.0102,1788,136
S1-1x,5208,57.619,10.46,10.44,0.0105,1024,136
S1-1x,5209,57.629,9.98,9.96,0.0100,984,136
S1-1x,5210,57.640,11.11,11.08,0.0111,1956,136
S1-1x,5211,57.650,10.30,10.30,0.0103,1024,136
S1-1x,5212,57.661,10.67,10.69,0.0107,1210,136
S1-1x,5213,57.671,9.76,9.79,0.0098,1024,136
S1-1x,5214,57.680,9.52,9.51,0.0095,1024,136
S1-1x,5215,57.690,9.43,9.40,0.0094,1024,136
S1-1x,5216,57.700,10.20,10.19,0.0102,1788,136
S1-1x,5217,57.711,10.89,10.91,0.0109,1262,136
S1-1x,5218,57.721,9.97,9.99,0.0100,1024,136
S1-1x,5219,57.731,10.17,10.10,0.0102,1828,136
S1-1x,5220,57.741,10.56,10.60,0.0106,984,136
S1-1x,5221,57.752,10.03,10.01,0.0100,984,136
S1-1x,5222,57.761,9.64,9.68,0.0096,1024,136
S1-1x,5223,57.771,10.09,10.10,0.0101,1024,136
S1-1x,5224,57.781,10.05,10.01,0.0100,1024,136
S1-1x,5225,57.791,10.16,10.18,0.0102,1024,136
S1-1x,5226,57.801,9.83,9.79,0.0098,984,136
S1-1x,5227,57.811,10.16,10.19,0.0102,984,136
S1-1x,5228,57.821,9.96,9.92,0.0100,1024,136
S1-1x,5229,57.832,10.06,10.08,0.0101,1024,136
S1-1x,5230,57.843,11.31,11.30,0.0113,1828,136
S1-1x,5231,57.853,10.45,10.42,0.0104,1024,136
S1-1x,5232,57.863,10.18,10.18,0.0102,1024,136
S1-1x,5233,57.874,10.86,10.89,0.0109,1828,136
S1-1x,5234,57.884,9.63,9.60,0.0096,1024,136
S1-1x,5235,57.894,10.28,10.29,0.0103,1024,136
S1-1x,5236,57.904,10.30,10.28,0.0103,1024,136
S1-1x,5237,57.915,10.56,10.52,0.0106,1076,136
S1-1x,5238,57.925,10.31,10.38,0.0103,984,136
S1-1x,5239,57.935,9.45,9.41,0.0095,984,136
S1-1x,5240,57.944,9.66,9.67,0.0097,984,136
S1-1x,5241,57.955,10.02,10.01,0.0100,984,136
S1-1x,5242,57.967,12.01,12.00,0.0120,1210,135
S1-1x,5243,57.976,10.01,10.01,0.0100,1024,135
S1-1x,5244,57.987,10.50,10.49,0.0105,1024,135
S1-1x,5245,57.997,10.37,10.39,0.0104,984,135
S1-1x,5246,58.007,9.74,9.71,0.0097,1024,135
S1-1x,5247,58.017,9.98,9.99,0.0100,984,135
S1-1x,5248,58.027,10.02,10.00,0.0100,1024,135
S1-1x,5249,58.037,9.52,9.51,0.0095,1024,135
S1-1x,5250,58.046,9.85,9.88,0.0099,984,135
S1-1x,5251,58.057,10.13,10.09,0.0101,1024,135
S1-1x,5252,58.067,10.12,10.12,0.0101,1024,135
S1-1x,5253,58.077,10.40,10.38,0.0104,1788,134
S1-1x,5254,58.088,11.04,11.08,0.0110,1916,134
S1-1x,5255,58.099,10.78,10.71,0.0108,1828,134
S1-1x,5256,58.110,10.84,10.88,0.0108,1828,134
S1-1x,5257,58.120,10.28,10.30,0.0103,1036,134
S1-1x,5258,58.131,10.85,10.80,0.0108,1828,134
S1-1x,5259,58.141,10.39,10.19,0.0104,984,134
S1-1x,5260,58.152,10.87,11.09,0.0109,1748,134
S1-1x,5261,58.164,11.39,11.40,0.0114,1828,132
S1-1x,5262,58.175,11.33,11.31,0.0113,1024,132
S1-1x,5263,58.188,12.67,12.59,0.0127,1828,126
S1-1x,5264,58.200,12.24,12.30,0.0122,1828,126
S1-1x,5265,58.211,11.10,11.10,0.0111,1024,126
S1-1x,5266,58.222,10.76,10.79,0.0108,1828,126
S1-1x,5267,58.233,11.52,11.50,0.0115,1828,126
S1-1x,5268,58.245,11.49,11.50,0.0115,1828,123
S1-1x,5269,58.256,11.10,11.09,0.0111,1152,123
S1-1x,5270,58.267,11.49,11.49,0.0115,1024,123
S1-1x,5271,58.278,10.79,10.80,0.0108,1024,123
S1-1x,5272,58.288,10.33,10.31,0.0103,1152,123
S1-1x,5273,58.300,12.12,12.10,0.0121,1024,123
S1-1x,5274,58.312,11.20,11.20,0.0112,1828,123
S1-1x,5275,58.324,11.85,11.81,0.0119,1076,123
S1-1x,5276,58.335,11.66,11.69,0.0117,1024,123
S1-1x,5277,58.347,11.97,11.99,0.0120,1210,123
S1-1x,5278,58.358,11.14,11.11,0.0111,1024,123
S1-1x,5279,58.370,12.00,11.99,0.0120,1024,123
S1-1x,5280,58.382,11.81,11.79,0.0118,1024,123
S1-1x,5281,58.394,11.60,11.61,0.0116,1024,123
S1-1x,5282,58.404,10.44,10.47,0.0104,1024,123
S1-1x,5283,58.415,10.55,10.50,0.0106,1024,123
S1-1x,5284,58.426,11.29,11.30,0.0113,1828,123
S1-1x,5285,58.438,11.50,11.49,0.0115,1152,123
S1-1x,5286,58.448,10.91,10.91,0.0109,1024,123
S1-1x,5287,58.460,11.10,11.10,0.0111,1152,123
S1-1x,5288,58.469,9.85,9.88,0.0099,1024,123
S1-1x,5289,58.479,9.99,10.00,0.0100,1024,123
S1-1x,5290,58.491,11.13,11.11,0.0111,1152,123
S1-1x,5291,58.502,11.11,11.11,0.0111,1024,123
S1-1x,5292,58.513,11.44,11.40,0.0114,1024,123
S1-1x,5293,58.524,10.55,10.57,0.0106,1076,123
S1-1x,5294,58.534,10.17,10.20,0.0102,1024,123
S1-1x,5295,58.544,10.29,10.30,0.0103,1024,123
S1-1x,5296,58.554,9.68,9.69,0.0097,1024,123
S1-1x,5297,58.564,9.88,9.82,0.0099,1024,123
S1-1x,5298,58.573,9.84,9.88,0.0098,1024,123
S1-1x,5299,58.583,10.09,10.07,0.0101,1024,123
S1-1x,5300,58.594,10.66,10.63,0.0107,1956,122
S1-1x,5301,58.604,10.26,10.29,0.0103,944,122
S1-1x,5302,58.614,9.93,9.91,0.0099,1024,122
S1-1x,5303,58.624,9.51,9.48,0.0095,1024,122
S1-1x,5304,58.634,10.10,10.11,0.0101,1024,122
S1-1x,5305,58.644,10.29,10.30,0.0103,1152,122
S1-1x,5306,58.655,10.28,10.28,0.0103,1024,122
S1-1x,5307,58.665,10.32,10.30,0.0103,1024,122
S1-1x,5308,58.676,11.20,11.20,0.0112,1828,121
S1-1x,5309,58.688,11.93,11.90,0.0119,1828,120
S1-1x,5310,58.699,10.71,10.70,0.0107,1024,120
S1-1x,5311,58.709,10.06,10.08,0.0101,1024,120
S1-1x,5312,58.719,10.38,10.38,0.0104,1024,120
S1-1x,5313,58.729,10.04,10.02,0.0100,1076,120
S1-1x,5314,58.739,10.32,10.28,0.0103,1024,120
S1-1x,5315,58.750,10.08,10.11,0.0101,1828,120
S1-1x,5316,58.761,11.19,11.18,0.0112,1024,120
S1-1x,5317,58.771,10.34,10.39,0.0103,1024,120
S1-1x,5318,58.782,10.43,10.40,0.0104,1828,120
S1-1x,5319,58.792,10.42,10.40,0.0104,1024,120
S1-1x,5320,58.803,10.69,10.70,0.0107,1828,120
S1-1x,5321,58.813,9.89,9.89,0.0099,1024,120
S1-1x,5322,58.823,9.99,9.98,0.0100,1024,120
S1-1x,5323,58.833,10.10,10.11,0.0101,1024,120
S1-1x,5324,58.843,10.42,10.40,0.0104,1828,120
S1-1x,5325,58.853,9.99,10.00,0.0100,1152,120
S1-1x,5326,58.863,9.78,9.79,0.0098,1024,120
S1-1x,5327,58.873,9.91,9.90,0.0099,1024,120
S1-1x,5328,58.884,10.82,10.80,0.0108,1828,120
S1-1x,5329,58.894,10.04,10.00,0.0100,1024,120
S1-1x,5330,58.905,11.60,11.59,0.0116,1828,120
S1-1x,5331,58.917,11.84,11.89,0.0118,1828,117
S1-1x,5332,58.929,11.60,11.60,0.0116,1828,116
S1-1x,5333,58.940,10.96,10.92,0.0110,2008,115
S1-1x,5334,58.950,10.20,10.19,0.0102,1024,115
S1-1x,5335,58.960,10.53,10.58,0.0105,1024,115
S1-1x,5336,58.972,11.30,11.30,0.0113,1828,115
S1-1x,5337,58.984,12.03,12.00,0.0120,1828,115
S1-1x,5338,58.996,12.29,12.30,0.0123,1024,115
S1-1x,5339,59.008,12.12,12.11,0.0121,1828,114
S1-1x,5340,59.019,11.07,11.07,0.0111,1024,114
S1-1x,5341,59.030,10.78,10.80,0.0108,1024,114
S1-1x,5342,59.041,10.82,10.80,0.0108,1024,114
S1-1x,5343,59.052,10.82,10.80,0.0108,1024,114
S1-1x,5344,59.062,10.90,10.89,0.0109,1828,114
S1-1x,5345,59.073,10.76,10.78,0.0108,1024,114
S1-1x,5346,59.084,10.72,10.71,0.0107,1024,114
S1-1x,5347,59.095,11.32,11.31,0.0113,1828,114
S1-1x,5348,59.106,10.96,10.98,0.0110,1828,114
S1-1x,5349,59.117,11.02,10.99,0.0110,1024,114
S1-1x,5350,59.127,9.78,9.80,0.0098,1024,114
S1-1x,5351,59.137,9.73,9.70,0.0097,1024,114
S1-1x,5352,59.148,10.80,10.80,0.0108,1204,114
S1-1x,5353,59.158,10.88,10.89,0.0109,1828,114
S1-1x,5354,59.169,10.32,10.31,0.0103,1024,114
S1-1x,5355,59.179,10.22,10.19,0.0102,1024,114
S1-1x,5356,59.189,9.66,9.69,0.0097,1024,114
S1-1x,5357,59.199,10.08,10.02,0.0101,1024,114
S1-1x,5358,59.209,10.27,10.28,0.0103,1024,114
S1-1x,5359,59.219,10.12,10.16,0.0101,1024,114
S1-1x,5360,59.229,9.85,9.83,0.0098,1024,114
S1-1x,5361,59.240,10.84,10.81,0.0108,1828,114
S1-1x,5362,59.251,11.28,11.29,0.0113,1828,114
S1-1x,5363,59.261,10.38,10.39,0.0104,1024,114
S1-1x,5364,59.272,10.10,10.10,0.0101,1024,114
S1-1x,5365,59.283,11.08,11.02,0.0111,1024,114
S1-1x,5366,59.293,10.77,10.79,0.0108,1024,114
S1-1x,5367,59.305,11.39,11.40,0.0114,1788,112
S1-1x,5368,59.315,10.04,10.07,0.0100,1024,112
S1-1x,5369,59.325,10.26,10.21,0.0103,1024,112
S1-1x,5370,59.335,9.76,9.78,0.0098,1024,112
S1-1x,5371,59.345,9.80,9.81,0.0098,1024,112
S1-1x,5372,59.354,9.71,9.70,0.0097,1204,112
S1-1x,5373,59.364,9.82,9.80,0.0098,1024,112
S1-1x,5374,59.375,10.38,10.39,0.0104,1024,112
S1-1x,5375,59.385,10.28,10.28,0.0103,1828,111
S1-1x,5376,59.395,10.10,10.10,0.0101,1024,111
S1-1x,5377,59.404,9.51,9.51,0.0095,1024,111
S1-1x,5378,59.414,9.67,9.68,0.0097,1024,111
S1-1x,5379,59.424,9.94,9.91,0.0099,1024,111
S1-1x,5380,59.434,9.78,9.78,0.0098,1024,111
S1-1x,5381,59.443,9.62,9.60,0.0096,1210,108
S1-1x,5382,59.453,9.95,9.99,0.0099,1828,105
S1-1x,5383,59.463,9.94,9.91,0.0099,1828,105
S1-1x,5384,59.473,9.38,9.39,0.0094,1024,105
S1-1x,5385,59.482,9.13,9.10,0.0091,1024,105
S1-1x,5386,59.491,9.01,9.00,0.0090,1024,105
S1-1x,5387,59.501,10.07,10.07,0.0101,1828,104
S1-1x,5388,59.512,10.70,10.69,0.0107,1828,101
S1-1x,5389,59.523,11.48,11.50,0.0115,1828,98
S1-1x,5390,59.534,10.82,10.81,0.0108,1828,96
S1-1x,5391,59.545,10.62,10.60,0.0106,1956,96
S1-1x,5392,59.556,11.05,11.01,0.0111,1828,95
S1-1x,5393,59.567,11.35,11.38,0.0114,1840,93
S1-1x,5394,59.577,10.35,10.37,0.0104,944,93
S1-1x,5395,59.588,10.76,10.72,0.0108,1130,92
S1-1x,5396,59.598,10.11,10.10,0.0101,1024,92
S1-1x,5397,59.609,10.78,10.78,0.0108,1024,92
S1-1x,5398,59.620,10.80,10.80,0.0108,1024,92
S1-1x,5399,59.630,10.11,10.10,0.0101,1024,92
S1-1x,5400,59.640,10.39,10.39,0.0104,1024,92
S1-1x,5401,59.651,10.21,10.20,0.0102,1024,92
S1-1x,5402,59.661,10.30,10.29,0.0103,1024,92
S1-1x,5403,59.671,10.08,10.10,0.0101,1024,92
S1-1x,5404,59.681,10.26,10.28,0.0103,1024,92
S1-1x,5405,59.691,9.85,9.80,0.0098,1024,92
S1-1x,5406,59.701,10.11,10.10,0.0101,1024,92
S1-1x,5407,59.711,10.10,10.09,0.0101,1024,92
S1-1x,5408,59.721,10.29,10.29,0.0103,1024,92
S1-1x,5409,59.731,9.69,9.71,0.0097,1024,92
S1-1x,5410,59.741,10.00,9.98,0.0100,1024,92
S1-1x,5411,59.752,10.39,10.40,0.0104,1024,92
S1-1x,5412,59.762,10.34,10.30,0.0103,1024,92
S1-1x,5413,59.772,9.87,9.90,0.0099,1076,92
S1-1x,5414,59.782,10.03,10.01,0.0100,1024,92
S1-1x,5415,59.792,10.48,10.48,0.0105,1024,92
S1-1x,5416,59.803,10.27,10.28,0.0103,1024,92
S1-1x,5417,59.813,9.94,9.90,0.0099,1024,92
S1-1x,5418,59.823,10.37,10.40,0.0104,1024,92
S1-1x,5419,59.833,9.83,9.79,0.0098,1024,92
S1-1x,5420,59.843,9.87,9.89,0.0099,1024,92
S1-1x,5421,59.853,10.02,10.00,0.0100,1024,92
S1-1x,5422,59.863,10.17,10.19,0.0102,1024,92
S1-1x,5423,59.872,9.53,9.50,0.0095,1024,92
S1-1x,5424,59.882,9.88,9.89,0.0099,1024,92
S1-1x,5425,59.892,9.60,9.61,0.0096,1024,92
S1-1x,5426,59.901,9.42,9.39,0.0094,1024,92
S1-1x,5427,59.912,10.56,10.58,0.0106,1828,92
S1-1x,5428,59.923,10.83,10.80,0.0108,1828,92
S1-1x,5429,59.933,10.40,10.38,0.0104,1828,92
S1-1x,5430,59.943,9.60,9.62,0.0096,1024,92
S1-1x,5431,59.953,9.98,9.98,0.0100,1152,92
S1-1x,5432,59.962,9.67,9.69,0.0097,1024,92
S1-1x,5433,59.972,9.74,9.70,0.0097,1076,92
S1-1x,5434,59.982,9.73,9.70,0.0097,1024,92
S1-1x,5435,59.992,10.01,10.01,0.0100,1828,92
S1-1x,5436,60.001,9.79,9.79,0.0098,1024,92
S1-1x,5437,60.011,9.04,9.09,0.0090,1024,92
S1-1x,5438,60.020,9.54,9.52,0.0095,1828,92
S1-1x,5439,60.029,9.28,9.28,0.0093,1024,92
S1-1x,5440,60.038,8.70,8.70,0.0087,1024,92
S1-1x,5441,60.047,8.58,8.59,0.0086,1024,92
S1-1x,5442,60.056,9.12,9.10,0.0091,1828,92
S1-1x,5443,60.065,9.10,9.09,0.0091,1828,92
S1-1x,5444,60.075,10.11,10.11,0.0101,1828,92
S1-1x,5445,60.084,8.79,8.79,0.0088,1024,92
S1-1x,5446,60.092,8.59,8.58,0.0086,1024,92
S1-1x,5447,60.101,8.79,8.79,0.0088,1788,91
S1-1x,5448,60.110,8.41,8.41,0.0084,1024,91
S1-1x,5449,60.118,8.31,8.29,0.0083,1024,91
S1-1x,5450,60.126,8.07,8.10,0.0081,1024,91
S1-1x,5451,60.135,9.20,9.20,0.0092,1828,89
S1-1x,5452,60.144,9.27,9.01,0.0093,984,89
S1-1x,5453,60.153,8.93,9.18,0.0089,1152,89
S1-1x,5454,60.162,8.31,8.30,0.0083,1024,89
S1-1x,5455,60.170,8.43,8.41,0.0084,1024,89
S1-1x,5456,60.178,8.38,8.38,0.0084,1076,89
S1-1x,5457,60.187,8.71,8.71,0.0087,1024,89
S1-1x,5458,60.196,8.51,8.50,0.0085,1024,89
S1-1x,5459,60.205,9.10,9.10,0.0091,1210,89
S1-1x,5460,60.213,8.48,8.49,0.0085,1024,89
S1-1x,5461,60.222,8.67,8.69,0.0087,1024,89
S1-1x,5462,60.231,8.60,8.60,0.0086,1828,89
S1-1x,5463,60.239,8.86,8.81,0.0089,1024,89
S1-1x,5464,60.248,8.40,8.40,0.0084,1024,89
S1-1x,5465,60.256,8.39,8.39,0.0084,1024,89
S1-1x,5466,60.264,8.06,8.08,0.0081,1152,89
S1-1x,5467,60.273,8.95,8.92,0.0089,1828,87
S1-1x,5468,60.282,9.06,9.00,0.0091,1024,87
S1-1x,5469,60.291,8.82,8.88,0.0088,1024,87
S1-1x,5470,60.300,9.14,9.11,0.0091,1024,87
S1-1x,5471,60.309,8.58,8.59,0.0086,1024,87
S1-1x,5472,60.317,8.71,8.69,0.0087,1024,87
S1-1x,5473,60.326,8.66,8.67,0.0087,1024,87
S1-1x,5474,60.335,8.66,8.62,0.0087,1024,87
S1-1x,5475,60.344,8.95,9.00,0.0089,1024,87
S1-1x,5476,60.353,9.12,9.08,0.0091,1024,87
S1-1x,5477,60.362,9.22,9.21,0.0092,1152,87
S1-1x,5478,60.371,9.30,9.30,0.0093,1024,87
S1-1x,5479,60.381,9.47,9.48,0.0095,1880,87
S1-1x,5480,60.390,9.15,9.11,0.0092,1024,87
S1-1x,5481,60.399,9.27,9.28,0.0093,1024,87
S1-1x,5482,60.409,9.40,9.40,0.0094,1828,87
S1-1x,5483,60.419,10.25,10.26,0.0102,1024,87
S1-1x,5484,60.428,8.80,8.82,0.0088,1024,87
S1-1x,5485,60.437,8.83,8.81,0.0088,1024,87
S1-1x,5486,60.445,8.90,8.89,0.0089,1024,87
S1-1x,5487,60.454,9.02,9.00,0.0090,1024,87
S1-1x,5488,60.463,8.82,8.81,0.0088,1024,87
S1-1x,5489,60.473,9.45,9.49,0.0095,1152,87
S1-1x,5490,60.482,9.21,9.18,0.0092,1024,87
S1-1x,5491,60.492,9.71,9.71,0.0097,1828,87
S1-1x,5492,60.501,8.89,8.89,0.0089,1024,87
S1-1x,5493,60.510,9.64,9.61,0.0096,1828,86
S1-1x,5494,60.519,9.25,9.26,0.0093,1024,86
S1-1x,5495,60.528,8.99,9.00,0.0090,1024,86
S1-1x,5496,60.538,9.85,9.81,0.0099,1024,86
S1-1x,5497,60.548,9.50,9.49,0.0095,1024,86
S1-1x,5498,60.558,9.99,10.00,0.0100,1828,85
S1-1x,5499,60.567,9.64,9.67,0.0096,1024,85
S1-1x,5500,60.577,9.83,9.81,0.0098,1828,80
S1-1x,5501,60.586,9.21,9.20,0.0092,1076,80
S1-1x,5502,60.595,8.88,8.89,0.0089,1024,80
S1-1x,5503,60.604,8.84,8.82,0.0088,1024,80
S1-1x,5504,60.613,8.86,8.87,0.0089,1024,80
S1-1x,5505,60.622,8.98,8.99,0.0090,1024,80
S1-1x,5506,60.631,8.54,8.50,0.0085,1024,80
S1-1x,5507,60.639,8.22,8.21,0.0082,1024,80
S1-1x,5508,60.647,7.99,7.99,0.0080,1024,80
S1-1x,5509,60.655,8.38,8.39,0.0084,1024,80
S1-1x,5510,60.664,8.59,8.59,0.0086,1024,80
S1-1x,5511,60.673,8.87,8.88,0.0089,1956,80
S1-1x,5512,60.681,8.75,8.71,0.0087,1024,80
S1-1x,5513,60.691,9.88,9.90,0.0099,1828,78
S1-1x,5514,60.700,8.83,8.81,0.0088,1024,78
S1-1x,5515,60.709,8.47,8.50,0.0085,1024,78
S1-1x,5516,60.717,8.39,8.38,0.0084,1024,78
S1-1x,5517,60.725,8.19,8.20,0.0082,1024,78
S1-1x,5518,60.733,8.22,8.20,0.0082,1024,78
S1-1x,5519,60.742,8.60,8.61,0.0086,1152,78
S1-1x,5520,60.750,8.19,8.19,0.0082,1024,78
S1-1x,5521,60.759,8.62,8.60,0.0086,1024,78
S1-1x,5522,60.767,8.42,8.41,0.0084,1024,78
S1-1x,5523,60.776,9.10,9.10,0.0091,1828,78
S1-1x,5524,60.786,9.48,9.48,0.0095,1828,78
S1-1x,5525,60.796,9.87,9.90,0.0099,1262,76
S1-1x,5526,60.805,9.04,9.00,0.0090,1024,76
S1-1x,5527,60.814,9.20,9.20,0.0092,1024,76
S1-1x,5528,60.823,8.71,8.70,0.0087,1024,76
S1-1x,5529,60.832,9.49,9.48,0.0095,1828,76
S1-1x,5530,60.842,10.08,10.09,0.0101,1828,75
S1-1x,5531,60.852,10.20,10.20,0.0102,1828,74
S1-1x,5532,60.862,9.41,9.41,0.0094,1024,74
S1-1x,5533,60.871,9.50,9.49,0.0095,1024,74
S1-1x,5534,60.881,9.38,9.39,0.0094,1024,74
S1-1x,5535,60.891,9.96,9.90,0.0100,1828,74
S1-1x,5536,60.900,9.71,9.71,0.0097,1024,74
S1-1x,5537,60.911,10.67,10.69,0.0107,1024,74
S1-1x,5538,60.921,10.42,10.40,0.0104,1828,74
S1-1x,5539,60.931,9.98,9.99,0.0100,1828,74
S1-1x,5540,60.943,11.21,11.20,0.0112,1828,73
S1-1x,5541,60.954,11.41,11.39,0.0114,1916,72
S1-1x,5542,60.964,10.33,10.32,0.0103,1024,72
S1-1x,5543,60.976,11.49,11.56,0.0115,1956,72
S1-1x,5544,60.986,10.24,10.20,0.0102,1024,72
S1-1x,5545,60.997,10.72,10.71,0.0107,1880,72
S1-1x,5546,61.008,10.74,10.71,0.0107,1024,72
S1-1x,5547,61.018,10.26,10.28,0.0103,1024,72
S1-1x,5548,61.028,10.31,10.30,0.0103,1024,72
S1-1x,5549,61.038,10.27,10.28,0.0103,1024,72
S1-1x,5550,61.048,9.63,9.60,0.0096,1024,72
S1-1x,5551,61.058,10.37,10.39,0.0104,1024,72
S1-1x,5552,61.068,9.72,9.71,0.0097,1024,72
S1-1x,5553,61.078,10.41,10.39,0.0104,1828,71
S1-1x,5554,61.089,10.15,10.18,0.0102,1024,71
S1-1x,5555,61.099,10.25,10.23,0.0103,1828,71
S1-1x,5556,61.109,10.16,10.17,0.0102,1828,71
S1-1x,5557,61.119,10.08,10.10,0.0101,1024,71
S1-1x,5558,61.129,9.72,9.71,0.0097,1024,71
S1-1x,5559,61.139,10.32,10.31,0.0103,1828,71
S1-1x,5560,61.149,10.08,10.08,0.0101,1024,71
S1-1x,5561,61.160,11.24,11.21,0.0112,1956,71
S1-1x,5562,61.171,10.27,10.29,0.0103,1024,71
S1-1x,5563,61.181,10.10,10.10,0.0101,1152,71
S1-1x,5564,61.191,9.72,9.69,0.0097,1024,71
S1-1x,5565,61.200,9.80,9.80,0.0098,1076,71
S1-1x,5566,61.210,9.77,9.79,0.0098,1024,71
S1-1x,5567,61.220,10.30,10.29,0.0103,1828,71
S1-1x,5568,61.231,10.35,10.31,0.0103,1024,71
S1-1x,5569,61.240,9.56,9.60,0.0096,1024,71
S1-1x,5570,61.250,10.02,10.01,0.0100,1024,71
S1-1x,5571,61.260,9.67,9.68,0.0097,1024,71
S1-1x,5572,61.270,9.46,9.49,0.0095,1024,71
S1-1x,5573,61.279,9.56,9.52,0.0096,1024,71
S1-1x,5574,61.290,10.77,10.79,0.0108,1828,71
S1-1x,5575,61.301,10.74,10.71,0.0107,1828,71
S1-1x,5576,61.310,9.85,9.88,0.0099,1024,71
S1-1x,5577,61.321,10.41,10.40,0.0104,1828,71
S1-1x,5578,61.331,10.04,10.00,0.0100,1024,71
S1-1x,5579,61.340,9.63,9.65,0.0096,1024,71
S1-1x,5580,61.350,9.35,9.35,0.0093,1024,71
S1-1x,5581,61.359,9.42,9.40,0.0094,1024,71
S1-1x,5582,61.369,9.36,9.39,0.0094,1024,71
S1-1x,5583,61.378,9.81,9.80,0.0098,1828,71
S1-1x,5584,61.388,9.93,9.91,0.0099,1152,71
S1-1x,5585,61.398,9.38,9.39,0.0094,1024,71
S1-1x,5586,61.407,9.63,9.62,0.0096,1204,71
S1-1x,5587,61.417,9.58,9.58,0.0096,1828,71
S1-1x,5588,61.427,9.69,9.70,0.0097,1828,71
S1-1x,5589,61.437,10.19,10.19,0.0102,1828,70
S1-1x,5590,61.446,9.62,9.61,0.0096,1024,70
S1-1x,5591,61.456,9.41,9.40,0.0094,1024,70
S1-1x,5592,61.466,10.28,10.30,0.0103,1828,70
S1-1x,5593,61.477,10.51,10.50,0.0105,1828,69
S1-1x,5594,61.486,9.78,9.80,0.0098,984,69
S1-1x,5595,61.497,10.73,10.69,0.0107,1828,65
S1-1x,5596,61.508,10.50,10.51,0.0105,1748,65
S1-1x,5597,61.518,10.19,10.19,0.0102,1024,65
S1-1x,5598,61.528,9.89,9.90,0.0099,1024,65
S1-1x,5599,61.538,10.61,10.60,0.0106,1828,63
S1-1x,5600,61.550,11.23,11.20,0.0112,1828,61
S1-1x,5601,61.559,9.78,9.79,0.0098,1024,61
S1-1x,5602,61.569,9.74,9.77,0.0097,1024,61
S1-1x,5603,61.579,10.15,10.13,0.0102,1828,61
S1-1x,5604,61.591,11.20,11.20,0.0112,1828,61
S1-1x,5605,61.601,10.74,10.70,0.0107,1024,61
S1-1x,5606,61.613,11.36,11.39,0.0114,2008,58
S1-1x,5607,61.624,11.01,11.01,0.0110,1024,58
S1-1x,5608,61.635,10.92,10.90,0.0109,1024,58
S1-1x,5609,61.645,10.35,10.38,0.0103,1024,58
S1-1x,5610,61.656,10.74,10.71,0.0107,1828,58
S1-1x,5611,61.666,10.68,10.69,0.0107,1024,58
S1-1x,5612,61.678,11.49,11.50,0.0115,1828,54
S1-1x,5613,61.689,11.61,11.59,0.0116,1170,52
S1-1x,5614,61.701,11.19,11.20,0.0112,1024,52
S1-1x,5615,61.711,10.70,10.70,0.0107,1024,52
S1-1x,5616,61.722,10.46,10.48,0.0105,1024,52
S1-1x,5617,61.734,12.47,12.43,0.0125,1828,52
S1-1x,5618,61.746,12.09,12.08,0.0121,1828,52
S1-1x,5619,61.758,12.02,12.01,0.0120,1828,52
S1-1x,5620,61.770,11.79,11.78,0.0118,1828,52
S1-1x,5621,61.782,12.21,12.20,0.0122,1024,52
S1-1x,5622,61.794,11.21,11.19,0.0112,1024,52
S1-1x,5623,61.804,10.89,10.89,0.0109,1024,52
S1-1x,5624,61.816,11.41,11.40,0.0114,1204,52
S1-1x,5625,61.828,12.14,12.18,0.0121,1828,51
S1-1x,5626,61.840,11.85,11.82,0.0118,1828,51
S1-1x,5627,61.852,11.89,11.88,0.0119,1828,51
S1-1x,5628,61.863,11.20,11.20,0.0112,1024,51
S1-1x,5629,61.874,10.78,10.78,0.0108,1024,51
S1-1x,5630,61.886,12.20,12.18,0.0122,1828,50
S1-1x,5631,61.898,11.90,11.91,0.0119,1024,50
S1-1x,5632,61.909,11.62,11.61,0.0116,1828,50
S1-1x,5633,61.921,12.06,12.08,0.0121,1828,50
S1-1x,5634,61.934,12.12,12.10,0.0121,1828,49
S1-1x,5635,61.945,11.71,11.69,0.0117,1788,49
S1-1x,5636,61.957,11.22,11.21,0.0112,1024,49
S1-1x,5637,61.968,11.12,11.11,0.0111,1024,49
S1-1x,5638,61.980,12.65,12.68,0.0127,1788,32
S1-1x,5639,61.992,11.40,11.40,0.0114,1024,32
S1-1x,5640,62.002,10.75,10.70,0.0107,1024,32
S1-1x,5641,62.015,12.33,12.30,0.0123,1788,31
S1-1x,5642,62.026,11.70,11.76,0.0117,1076,31
S1-1x,5643,62.039,12.27,12.23,0.0123,1828,29
S1-1x,5644,62.051,12.28,12.28,0.0123,1828,29
S1-1x,5645,62.063,12.01,12.00,0.0120,1828,28
S1-1x,5646,62.075,11.57,11.59,0.0116,1024,28
S1-1x,5647,62.086,11.01,11.00,0.0110,1024,28
S1-1x,5648,62.096,10.79,10.79,0.0108,1024,28
S1-1x,5649,62.107,11.03,11.02,0.0110,1024,28
S1-1x,5650,62.119,12.07,12.08,0.0121,1828,27
S1-1x,5651,62.130,10.89,10.90,0.0109,1024,27
S1-1x,5652,62.141,11.12,11.09,0.0111,1024,27
S1-1x,5653,62.152,10.97,10.80,0.0110,1024,27
S1-1x,5654,62.163,10.43,10.61,0.0104,1024,27
S1-1x,5655,62.175,12.26,12.27,0.0123,1788,13
S1-1x,5656,62.187,11.54,11.52,0.0115,1708,7
S1-1x,5657,62.198,11.60,11.59,0.0116,1748,1
S1-1x,5658,62.209,10.99,11.01,0.0110,1024,1
S1-1x,5659,62.220,10.29,10.28,0.0103,1024,1
S1-1x,5660,62.230,10.11,10.10,0.0101,1076,1
S1-1x,5661,62.240,10.50,10.50,0.0105,1024,1
S1-1x,5662,62.251,10.58,10.60,0.0106,1024,1
S1-1x,5663,62.261,10.21,10.20,0.0102,1024,1
S1-1x,5664,62.271,10.10,10.10,0.0101,1024,1
S1-1x,5665,62.282,10.51,10.49,0.0105,1024,1
S1-1x,5666,62.292,10.20,10.20,0.0102,1024,1
S1-1x,5667,62.302,10.22,10.19,0.0102,1828,1
S1-1x,5668,62.312,10.41,10.43,0.0104,1024,1
S1-1x,5669,62.322,9.88,9.86,0.0099,1024,1
S1-1x,5670,62.333,10.81,10.79,0.0108,1708,0
S1-5x,0,0.000,10.67,10.68,0.0534,740615,4
S1-5x,1,0.009,8.54,8.50,0.0427,29574,9
S1-5x,2,0.016,7.89,7.91,0.0395,12804,13
S1-5x,3,0.024,7.72,7.70,0.0386,16416,17
S1-5x,4,0.032,7.76,7.78,0.0388,18648,21
S1-5x,5,0.041,8.67,8.64,0.0434,17990,25
S1-5x,6,0.049,7.93,7.95,0.0396,15200,29
S1-5x,7,0.056,7.84,7.82,0.0392,20512,33
S1-5x,8,0.065,8.31,8.28,0.0416,21772,37
S1-5x,9,0.073,8.16,8.19,0.0408,29684,41
S1-5x,10,0.081,7.84,7.80,0.0392,12280,45
S1-5x,11,0.089,8.55,8.59,0.0428,19492,49
S1-5x,12,0.099,9.64,9.61,0.0482,29948,54
S1-5x,13,0.108,9.08,9.08,0.0454,23520,58
S1-5x,14,0.117,9.30,9.29,0.0465,29144,63
S1-5x,15,0.127,10.13,10.10,0.0507,50621,68
S1-5x,16,0.137,9.81,9.79,0.0490,31700,73
S1-5x,17,0.148,10.45,10.49,0.0523,33184,78
S1-5x,18,0.157,9.51,9.51,0.0476,29304,83
S1-5x,19,0.167,9.49,9.49,0.0474,29144,88
S1-5x,20,0.176,9.33,9.29,0.0466,62152,92
S1-5x,21,0.185,9.40,9.40,0.0470,31344,97
S1-5x,22,0.195,9.58,9.58,0.0479,29428,102
S1-5x,23,0.205,10.22,10.21,0.0511,33412,107
S1-5x,24,0.215,9.80,9.78,0.0490,31076,112
S1-5x,25,0.224,9.09,9.10,0.0455,29224,117
S1-5x,26,0.234,9.87,9.89,0.0494,23456,121
S1-5x,27,0.243,9.44,9.41,0.0472,36024,126
S1-5x,28,0.253,9.82,9.80,0.0491,64908,131
S1-5x,29,0.264,10.37,10.39,0.0518,33760,136
S1-5x,30,0.274,10.59,10.59,0.0530,29184,141
S1-5x,31,0.284,9.80,9.79,0.0490,29144,146
S1-5x,32,0.294,9.77,9.79,0.0489,29452,151
S1-5x,33,0.304,9.96,9.90,0.0498,30028,156
S1-5x,34,0.314,9.87,9.89,0.0493,35772,161
S1-5x,35,0.324,10.28,10.29,0.0514,37204,166
S1-5x,36,0.333,9.61,9.60,0.0481,31160,171
S1-5x,37,0.344,10.40,10.40,0.0520,29592,176
S1-5x,38,0.354,10.58,10.58,0.0529,30360,181
S1-5x,39,0.365,10.31,10.31,0.0516,38572,186
S1-5x,40,0.376,10.99,10.99,0.0550,31397,191
S1-5x,41,0.387,11.16,11.11,0.0558,35056,197
S1-5x,42,0.398,10.90,10.90,0.0545,105138,202
S1-5x,43,0.409,10.97,10.98,0.0548,35112,208
S1-5x,44,0.420,11.03,11.01,0.0551,31804,213
S1-5x,45,0.431,10.97,10.98,0.0549,37424,219
S1-5x,46,0.442,11.11,11.10,0.0555,35616,224
S1-5x,47,0.454,12.41,12.39,0.0621,50784,230
S1-5x,48,0.467,13.12,13.09,0.0656,51064,235
S1-5x,49,0.482,14.07,14.10,0.0704,41612,240
S1-5x,50,0.495,13.00,12.99,0.0650,41008,247
S1-5x,51,0.508,13.80,13.79,0.0690,38364,253
S1-5x,52,0.523,14.44,14.40,0.0722,113328,260
S1-5x,53,0.538,15.57,15.58,0.0779,46077,267
S1-5x,54,0.553,14.71,14.70,0.0736,55168,275
S1-5x,55,0.567,13.70,13.70,0.0685,49368,283
S1-5x,56,0.580,13.77,13.78,0.0688,53912,289
S1-5x,57,0.594,13.47,13.48,0.0674,60548,296
S1-5x,58,0.608,13.64,13.61,0.0682,41578,303
S1-5x,59,0.623,15.41,15.39,0.0771,56670,310
S1-5x,60,0.638,15.10,15.10,0.0755,51674,318
S1-5x,61,0.653,15.35,15.38,0.0768,58297,325
S1-5x,62,0.669,15.85,15.81,0.0792,64830,332
S1-5x,63,0.686,16.50,16.50,0.0825,53376,339
S1-5x,64,0.702,16.20,16.17,0.0810,67742,346
S1-5x,65,0.720,18.37,18.41,0.0919,86236,354
S1-5x,66,0.738,17.88,17.90,0.0894,71838,363
S1-5x,67,0.755,16.46,16.40,0.0823,57204,371
S1-5x,68,0.772,17.10,17.10,0.0855,57998,379
S1-5x,69,0.789,17.18,17.18,0.0859,78777,388
S1-5x,70,0.807,17.91,17.90,0.0896,67048,394
S1-5x,71,0.824,16.89,16.88,0.0845,70216,401
S1-5x,72,0.843,18.90,18.90,0.0945,67092,410
S1-5x,73,0.862,18.74,18.69,0.0937,80240,419
S1-5x,74,0.881,19.34,19.40,0.0967,65460,424
S1-5x,75,0.898,17.41,17.39,0.0870,164180,431
S1-5x,76,0.916,17.89,17.88,0.0894,58696,439
S1-5x,77,0.934,17.70,17.71,0.0885,96024,446
S1-5x,78,0.952,18.08,18.09,0.0904,67068,451
S1-5x,79,0.971,19.36,19.31,0.0968,68308,448
S1-5x,80,0.991,19.76,19.79,0.0988,67884,453
S1-5x,81,1.012,20.82,20.80,0.1041,65856,456
S1-5x,82,1.032,20.40,20.41,0.1020,91932,456
S1-5x,83,1.052,19.51,19.49,0.0975,63936,461
S1-5x,84,1.071,19.08,19.09,0.0954,72368,471
S1-5x,85,1.088,17.70,17.71,0.0885,47356,476
S1-5x,86,1.108,19.61,19.60,0.0981,69736,484
S1-5x,87,1.129,20.50,20.50,0.1025,71816,484
S1-5x,88,1.149,19.92,19.91,0.0996,61002,489
S1-5x,89,1.168,19.46,19.47,0.0973,62716,486
S1-5x,90,1.187,18.70,18.69,0.0935,58684,495
S1-5x,91,1.206,19.19,19.20,0.0959,65168,503
S1-5x,92,1.224,18.21,17.99,0.0910,156628,512
S1-5x,93,1.243,18.77,19.00,0.0938,103036,520
S1-5x,94,1.262,18.66,18.62,0.0933,61372,529
S1-5x,95,1.280,18.18,18.19,0.0909,79068,538
S1-5x,96,1.298,18.36,18.38,0.0918,89704,546
S1-5x,97,1.316,18.32,18.28,0.0916,48516,555
S1-5x,98,1.337,20.36,20.34,0.1018,65228,564
S1-5x,99,1.360,22.70,22.70,0.1135,83624,560
S1-5x,100,1.380,20.47,20.47,0.1023,27192,540
S1-5x,101,1.399,19.49,19.51,0.0975,35188,537
S1-5x,102,1.417,17.28,17.27,0.0864,61780,518
S1-5x,103,1.432,15.54,15.51,0.0777,24732,509
S1-5x,104,1.448,15.75,15.79,0.0787,28184,509
S1-5x,105,1.464,16.23,16.21,0.0811,2356,507
S1-5x,106,1.482,17.33,17.30,0.0866,15606,506
S1-5x,107,1.499,17.06,17.08,0.0853,3205,502
S1-5x,108,1.516,17.62,17.61,0.0881,5038,494
S1-5x,109,1.532,16.20,16.19,0.0810,5716,487
S1-5x,110,1.548,15.71,15.70,0.0785,60420,487
S1-5x,111,1.566,17.50,17.49,0.0875,14212,482
S1-5x,112,1.581,15.70,15.70,0.0785,7448,479
S1-5x,113,1.598,16.91,16.90,0.0846,46520,462
S1-5x,114,1.617,18.61,18.59,0.0930,8132,423
S1-5x,115,1.633,15.98,15.99,0.0799,1640,421
S1-5x,116,1.649,16.64,16.67,0.0832,15004,408
S1-5x,117,1.664,14.44,14.42,0.0722,15424,404
S1-5x,118,1.679,15.51,15.48,0.0776,4220,383
S1-5x,119,1.694,14.59,14.60,0.0730,3740,382
S1-5x,120,1.708,14.11,14.10,0.0705,2372,381
S1-5x,121,1.723,14.52,14.50,0.0726,5092,379
S1-5x,122,1.739,16.17,16.19,0.0808,27984,379
S1-5x,123,1.755,16.57,16.59,0.0829,7912,375
S1-5x,124,1.771,15.33,15.29,0.0767,1258,372
S1-5x,125,1.786,15.33,15.32,0.0766,37128,366
S1-5x,126,1.801,14.48,14.48,0.0724,3552,364
S1-5x,127,1.816,15.58,15.59,0.0779,14724,363
S1-5x,128,1.832,15.78,15.78,0.0789,14964,363
S1-5x,129,1.849,16.56,16.52,0.0828,27384,358
S1-5x,130,1.864,15.29,15.28,0.0765,28204,353
S1-5x,131,1.884,20.06,20.09,0.1003,28254,344
S1-5x,132,1.902,18.11,18.10,0.0906,19756,336
S1-5x,133,1.918,15.60,15.59,0.0780,20196,336
S1-5x,134,1.933,15.56,15.60,0.0778,20060,333
S1-5x,135,1.948,14.95,14.90,0.0747,18112,333
S1-5x,136,1.964,15.81,15.81,0.0790,13904,328
S1-5x,137,1.979,15.50,15.49,0.0775,27528,328
S1-5x,138,1.994,14.90,14.90,0.0745,1868,327
S1-5x,139,2.011,16.41,16.40,0.0821,10964,326
S1-5x,140,2.029,18.02,18.00,0.0901,24944,325
S1-5x,141,2.045,16.66,16.67,0.0833,35712,325
S1-5x,142,2.062,16.80,16.81,0.0840,10440,325
S1-5x,143,2.077,15.22,15.20,0.0761,19944,325
S1-5x,144,2.093,15.65,15.68,0.0782,20148,323
S1-5x,145,2.111,18.27,18.21,0.0914,30118,316
S1-5x,146,2.127,15.44,15.48,0.0772,15488,316
S1-5x,147,2.141,14.33,14.31,0.0716,11304,316
S1-5x,148,2.157,16.10,16.09,0.0805,2428,316
S1-5x,149,2.176,18.67,18.68,0.0933,15500,311
S1-5x,150,2.194,18.51,18.51,0.0926,4732,308
S1-5x,151,2.215,20.63,20.61,0.1031,15422,263
S1-5x,152,2.236,20.81,20.79,0.1040,16701,243
S1-5x,153,2.254,18.12,18.09,0.0906,13993,243
S1-5x,154,2.270,16.18,16.20,0.0809,1800,241
S1-5x,155,2.288,18.46,18.48,0.0923,18324,238
S1-5x,156,2.305,16.87,16.90,0.0844,7396,234
S1-5x,157,2.324,18.31,18.30,0.0916,12844,233
S1-5x,158,2.343,19.17,19.12,0.0959,11576,220
S1-5x,159,2.361,18.08,18.09,0.0904,12448,217
S1-5x,160,2.378,17.07,17.09,0.0854,6116,217
S1-5x,161,2.393,15.39,15.39,0.0769,6560,217
S1-5x,162,2.409,15.70,15.70,0.0785,3776,217
S1-5x,163,2.424,14.93,14.90,0.0746,1788,214
S1-5x,164,2.439,14.96,14.98,0.0748,3516,214
S1-5x,165,2.453,14.02,14.00,0.0701,1876,214
S1-5x,166,2.466,12.98,13.00,0.0649,2372,214
S1-5x,167,2.480,13.71,13.70,0.0685,2008,212
S1-5x,168,2.493,13.58,13.59,0.0679,2116,211
S1-5x,169,2.508,14.84,14.80,0.0742,1130,211
S1-5x,170,2.522,13.56,13.59,0.0678,1916,211
S1-5x,171,2.535,13.44,13.41,0.0672,1748,211
S1-5x,172,2.548,12.76,12.78,0.0638,1708,211
S1-5x,173,2.560,12.63,12.60,0.0632,2260,211
S1-5x,174,2.573,12.49,12.50,0.0624,1708,211
S1-5x,175,2.585,11.78,11.80,0.0589,1836,211
S1-5x,176,2.595,10.61,10.60,0.0530,1456,211
S1-5x,177,2.606,10.49,10.49,0.0524,1708,211
S1-5x,178,2.617,10.69,10.69,0.0535,13550,211
S1-5x,179,2.628,11.25,11.22,0.0563,2004,210
S1-5x,180,2.640,11.75,11.77,0.0588,2072,207
S1-5x,181,2.651,11.71,11.71,0.0586,3580,207
S1-5x,182,2.663,12.19,12.19,0.0609,2364,207
S1-5x,183,2.676,12.35,12.30,0.0618,3764,207
S1-5x,184,2.689,13.17,13.20,0.0659,3156,207
S1-5x,185,2.702,13.17,13.18,0.0658,2028,206
S1-5x,186,2.716,13.68,13.63,0.0684,3592,206
S1-5x,187,2.729,13.04,12.99,0.0652,6356,206
S1-5x,188,2.742,13.57,13.66,0.0679,8833,205
S1-5x,189,2.755,12.71,12.72,0.0636,1996,205
S1-5x,190,2.768,12.55,12.50,0.0627,2804,205
S1-5x,191,2.783,15.32,15.29,0.0766,11008,198
S1-5x,192,2.953,23.43,23.42,0.1172,42852,143
S1-5x,193,2.965,12.32,12.37,0.0616,4148,143
S1-5x,194,2.976,11.42,11.40,0.0571,2580,143
S1-5x,195,2.988,11.41,11.40,0.0570,1748,143
S1-5x,196,2.998,10.54,10.58,0.0527,3908,143
S1-5x,197,3.009,10.63,10.61,0.0532,6564,143
S1-5x,198,3.020,10.85,10.82,0.0543,1828,143
S1-5x,199,3.031,11.26,11.29,0.0563,1828,143
S1-5x,200,3.041,10.23,10.20,0.0512,3428,143
S1-5x,201,3.052,10.57,10.58,0.0529,1828,143
S1-5x,202,3.062,10.71,10.71,0.0535,1828,143
S1-5x,203,3.072,9.97,9.99,0.0499,1152,143
S1-5x,204,3.082,9.94,9.91,0.0497,5956,143
S1-5x,205,3.093,10.88,10.89,0.0544,2742,143
S1-5x,206,3.104,10.31,10.30,0.0515,1996,143
S1-5x,207,3.114,10.59,10.59,0.0530,2072,143
S1-5x,208,3.126,12.09,12.10,0.0605,8635,143
S1-5x,209,3.137,11.09,11.02,0.0554,2372,143
S1-5x,210,3.149,11.50,11.57,0.0575,9631,143
S1-5x,211,3.159,10.41,10.40,0.0520,5852,143
S1-5x,212,3.170,10.41,10.39,0.0521,2660,143
S1-5x,213,3.182,11.88,11.90,0.0594,10476,143
S1-5x,214,3.192,10.60,10.61,0.0530,2244,143
S1-5x,215,3.202,10.05,10.00,0.0502,1152,143
S1-5x,216,3.214,12.00,12.00,0.0600,16336,143
S1-5x,217,3.227,12.37,12.18,0.0619,6580,142
S1-5x,218,3.241,14.30,14.50,0.0715,17747,141
S1-5x,219,3.253,12.32,12.30,0.0616,4244,141
S1-5x,220,3.268,14.77,14.79,0.0739,21057,140
S1-5x,221,3.281,12.50,12.51,0.0625,3940,140
S1-5x,222,3.292,11.87,11.89,0.0593,1828,140
S1-5x,223,3.308,15.85,15.81,0.0793,31615,139
S1-5x,224,3.320,11.77,11.80,0.0589,944,139
S1-5x,225,3.337,17.23,17.20,0.0862,43869,139
S1-5x,226,3.349,11.45,11.49,0.0573,1088,139
S1-5x,227,3.367,18.11,18.10,0.0905,61360,139
S1-5x,228,3.378,11.70,11.71,0.0585,3418,139
S1-5x,229,3.400,21.10,21.09,0.1055,77740,139
S1-5x,230,3.413,13.59,13.59,0.0679,1924,138
S1-5x,231,3.436,23.23,23.21,0.1161,79566,137
S1-5x,232,3.460,23.48,23.50,0.1174,73624,136
S1-5x,233,3.474,14.59,14.59,0.0730,1868,136
S1-5x,234,3.499,24.32,24.31,0.1216,74922,136
S1-5x,235,3.526,27.59,27.59,0.1380,80727,134
S1-5x,236,3.556,29.31,29.28,0.1466,96663,133
S1-5x,237,3.584,27.93,27.92,0.1396,70074,133
S1-5x,238,3.616,32.22,32.20,0.1611,73706,132
S1-5x,239,3.647,31.36,31.39,0.1568,65409,132
S1-5x,240,3.676,29.12,29.10,0.1456,55542,130
S1-5x,241,3.696,20.16,20.19,0.1008,5338,130
S1-5x,242,3.717,20.90,20.90,0.1045,5282,124
S1-5x,243,3.739,21.54,21.51,0.1077,9003,124
S1-5x,244,3.768,28.80,28.79,0.1440,40906,121
S1-5x,245,3.798,29.80,29.80,0.1490,34640,111
S1-5x,246,3.823,25.30,25.30,0.1265,19660,104
S1-5x,247,3.843,20.26,20.29,0.1013,1828,103
S1-5x,248,3.861,18.15,18.10,0.0907,1024,103
S1-5x,249,3.880,19.17,19.19,0.0958,1828,102
S1-5x,250,3.900,19.59,19.60,0.0980,1828,97
S1-5x,251,3.919,18.71,18.70,0.0935,1828,96
S1-5x,252,3.937,18.77,18.81,0.0939,1956,96
S1-5x,253,3.961,23.23,23.20,0.1162,27453,96
S1-5x,254,3.978,17.43,17.40,0.0871,1956,96
S1-5x,255,3.997,18.45,18.50,0.0923,6520,95
S1-5x,256,4.016,19.11,19.10,0.0955,1828,89
S1-5x,257,4.035,19.24,19.20,0.0962,1996,84
S1-5x,258,4.054,19.56,19.59,0.0978,1916,82
S1-5x,259,4.071,16.29,16.29,0.0815,1828,82
S1-5x,260,4.087,16.72,16.70,0.0836,1210,80
S1-5x,261,4.106,18.26,18.29,0.0913,2084,73
S1-5x,262,4.122,16.12,16.11,0.0806,1828,73
S1-5x,263,4.138,16.11,16.09,0.0806,1828,71
S1-5x,264,4.153,15.17,15.19,0.0758,1956,71
S1-5x,265,4.170,16.42,16.42,0.0821,2402,70
S1-5x,266,4.185,15.09,15.09,0.0755,1828,69
S1-5x,267,4.200,15.70,15.69,0.0785,2008,68
S1-5x,268,4.215,15.02,15.02,0.0751,1828,68
S1-5x,269,4.231,15.79,15.79,0.0789,1956,68
S1-5x,270,4.246,14.39,14.40,0.0720,1868,68
S1-5x,271,4.260,14.53,14.49,0.0727,1828,68
S1-5x,272,4.274,14.38,14.40,0.0719,1956,67
S1-5x,273,4.291,16.23,16.20,0.0811,1828,62
S1-5x,274,4.306,15.27,15.30,0.0764,1956,60
S1-5x,275,4.322,16.20,16.18,0.0810,1956,57
S1-5x,276,4.338,15.79,15.80,0.0789,1828,57
S1-5x,277,4.356,17.73,17.71,0.0887,10180,57
S1-5x,278,4.372,16.51,16.50,0.0825,1828,56
S1-5x,279,4.389,16.38,16.39,0.0819,5916,51
S1-5x,280,4.405,15.89,15.90,0.0794,1222,49
S1-5x,281,4.419,14.72,14.70,0.0736,1828,44
S1-5x,282,4.435,15.72,15.69,0.0786,1788,44
S1-5x,283,4.450,14.75,14.79,0.0738,1170,40
S1-5x,284,4.464,13.82,13.80,0.0691,1828,40
S1-5x,285,4.477,13.89,13.91,0.0695,1828,40
S1-5x,286,4.492,14.52,14.51,0.0726,1788,39
S1-5x,287,4.505,13.58,13.59,0.0679,1828,39
S1-5x,288,4.519,13.60,13.61,0.0680,1748,36
S1-5x,289,4.532,12.99,12.99,0.0649,1828,35
S1-5x,290,4.545,12.43,12.40,0.0622,1828,34
S1-5x,291,4.558,13.27,13.29,0.0663,1828,33
S1-5x,292,4.571,13.71,13.71,0.0685,1748,29
S1-5x,293,4.585,13.11,13.10,0.0656,1788,29
S1-5x,294,4.597,12.08,12.08,0.0604,1748,27
S1-5x,295,4.609,12.43,12.41,0.0621,1840,27
S1-5x,296,4.621,12.15,12.18,0.0608,2172,27
S1-5x,297,4.632,11.24,11.21,0.0562,1908,27
S1-5x,298,4.644,11.70,11.70,0.0585,2036,27
S1-5x,299,4.655,11.32,11.31,0.0566,1828,27
S1-5x,300,4.667,11.27,11.29,0.0564,1956,27
S1-5x,301,4.677,10.52,10.51,0.0526,1024,27
S1-5x,302,4.688,10.27,10.29,0.0514,1152,27
S1-5x,303,4.698,10.07,10.08,0.0504,1908,27
S1-5x,304,4.708,10.06,10.03,0.0503,1956,27
S1-5x,305,4.718,10.02,10.01,0.0501,1956,27
S1-5x,306,4.728,10.04,10.07,0.0502,1828,27
S1-5x,307,4.737,9.51,9.50,0.0475,1828,27
S1-5x,308,4.747,9.89,9.90,0.0494,1748,26
S1-5x,309,4.757,10.22,10.22,0.0511,2084,25
S1-5x,310,4.767,10.03,9.99,0.0501,1828,25
S1-5x,311,4.777,9.96,9.99,0.0498,1210,24
S1-5x,312,4.788,10.19,10.19,0.0510,1210,24
S1-5x,313,4.798,10.12,10.09,0.0506,1956,24
S1-5x,314,4.808,10.16,10.20,0.0508,1880,24
S1-5x,315,4.818,10.13,10.11,0.0507,1908,24
S1-5x,316,4.828,10.31,10.29,0.0515,1956,24
S1-5x,317,4.838,9.63,9.62,0.0482,1024,24
S1-5x,318,4.848,9.64,9.66,0.0482,10052,24
S1-5x,319,4.858,10.53,10.51,0.0527,1828,22
S1-5x,320,4.869,10.54,10.50,0.0527,1956,22
S1-5x,321,4.880,11.38,11.39,0.0569,1828,21
S1-5x,322,4.891,11.18,11.19,0.0559,1828,18
S1-5x,323,4.903,11.42,11.40,0.0571,1796,13
S1-5x,324,4.915,12.11,12.10,0.0605,3404,12
S1-5x,325,4.927,11.92,11.90,0.0596,1828,8
S1-5x,326,4.938,11.45,11.49,0.0572,1708,6
S1-5x,327,4.949,10.63,10.59,0.0531,1956,6
S1-5x,328,4.960,11.20,11.20,0.0560,1748,2
S1-5x,329,4.970,10.51,10.49,0.0526,1788,1
S1-5x,330,4.981,10.30,10.30,0.0515,1708,1
S1-5x,331,4.990,9.70,9.70,0.0485,1548,0
S1-5x,332,5.000,9.41,9.39,0.0470,4472,1
S1-5x,333,5.010,10.43,10.41,0.0521,12292,5
S1-5x,334,5.022,11.38,11.38,0.0569,12240,10
S1-5x,335,5.032,10.27,10.28,0.0513,12240,16
S1-5x,336,5.041,9.11,9.10,0.0455,12240,21
S1-5x,337,5.054,13.16,13.18,0.0658,12240,26
S1-5x,338,5.064,9.35,9.32,0.0468,7436,32
S1-5x,339,5.073,9.25,9.19,0.0462,3714,37
S1-5x,340,5.081,8.33,8.39,0.0416,944,42
S1-5x,341,5.089,7.67,7.69,0.0384,1024,46
S1-5x,342,5.096,7.61,7.59,0.0380,1024,50
S1-5x,343,5.104,7.59,7.59,0.0379,1024,53
S1-5x,344,5.112,7.71,7.70,0.0385,1064,57
S1-5x,345,5.119,7.59,7.58,0.0379,1568,61
S1-5x,346,5.127,7.82,7.81,0.0391,1024,65
S1-5x,347,5.135,7.52,7.51,0.0376,1024,69
S1-5x,348,5.142,7.78,7.78,0.0389,1024,73
S1-5x,349,5.150,8.14,8.12,0.0407,1024,76
S1-5x,350,5.159,8.30,8.29,0.0415,1828,81
S1-5x,351,5.167,8.19,8.19,0.0409,1024,85
S1-5x,352,5.175,8.08,8.08,0.0404,1024,89
S1-5x,353,5.183,8.00,8.01,0.0400,1024,93
S1-5x,354,5.192,9.07,9.08,0.0454,1956,97
S1-5x,355,5.201,8.49,8.40,0.0425,1024,101
S1-5x,356,5.209,7.94,8.00,0.0397,1076,106
S1-5x,357,5.216,7.82,7.80,0.0391,1152,110
S1-5x,358,5.225,8.56,8.58,0.0428,1828,113
S1-5x,359,5.233,8.21,8.00,0.0411,1152,118
S1-5x,360,5.241,8.19,8.40,0.0410,1024,122
S1-5x,361,5.250,8.70,8.70,0.0435,1828,126
S1-5x,362,5.259,8.73,8.70,0.0436,1956,130
S1-5x,363,5.268,9.16,9.19,0.0458,1828,135
S1-5x,364,5.277,9.50,9.49,0.0475,1956,139
S1-5x,365,5.286,9.11,9.10,0.0456,1828,144
S1-5x,366,5.296,9.42,9.41,0.0471,1668,149
S1-5x,367,5.305,9.19,9.19,0.0460,1152,153
S1-5x,368,5.314,8.49,8.50,0.0424,1120,158
S1-5x,369,5.323,9.53,9.51,0.0477,1828,162
S1-5x,370,5.332,8.98,8.99,0.0449,1024,167
S1-5x,371,5.340,8.08,8.11,0.0404,1024,171
S1-5x,372,5.349,9.02,9.00,0.0451,1828,175
S1-5x,373,5.358,9.23,9.20,0.0461,1024,180
S1-5x,374,5.367,8.89,8.89,0.0444,1024,185
S1-5x,375,5.377,9.73,9.69,0.0486,1828,189
S1-5x,376,5.387,9.58,9.60,0.0479,984,194
S1-5x,377,5.397,10.05,10.08,0.0503,1828,199
S1-5x,378,5.407,10.02,10.01,0.0501,1788,203
S1-5x,379,5.417,9.80,9.80,0.0490,1880,208
S1-5x,380,5.426,9.93,9.91,0.0497,1024,213
S1-5x,381,5.436,9.40,9.39,0.0470,1024,218
S1-5x,382,5.446,9.69,9.69,0.0485,1024,222
S1-5x,383,5.456,10.02,10.00,0.0501,1828,227
S1-5x,384,5.466,9.98,9.99,0.0499,1828,232
S1-5x,385,5.476,10.28,10.29,0.0514,1828,237
S1-5x,386,5.486,10.37,10.31,0.0518,1828,242
S1-5x,387,5.497,10.32,10.38,0.0516,1828,247
S1-5x,388,5.507,10.33,10.31,0.0516,1956,253
S1-5x,389,5.518,10.70,10.69,0.0535,1828,258
S1-5x,390,5.529,11.60,11.60,0.0580,1938,262
S1-5x,391,5.541,11.49,11.48,0.0574,1788,267
S1-5x,392,5.553,11.83,11.82,0.0591,1956,273
S1-5x,393,5.565,12.31,12.29,0.0615,1828,278
S1-5x,394,5.578,12.78,12.79,0.0639,1956,283
S1-5x,395,5.591,13.06,13.08,0.0653,1210,286
S1-5x,396,5.603,12.65,12.60,0.0632,1956,292
S1-5x,397,5.618,14.20,14.21,0.0710,1828,292
S1-5x,398,5.632,14.48,14.50,0.0724,1880,294
S1-5x,399,5.646,13.88,13.88,0.0694,1876,286
S1-5x,400,5.660,13.77,13.72,0.0688,1258,290
S1-5x,401,5.674,14.45,14.48,0.0722,1748,279
S1-5x,402,5.687,12.43,12.41,0.0621,1748,280
S1-5x,403,5.699,12.60,12.60,0.0630,1748,272
S1-5x,404,5.711,11.59,11.58,0.0579,1748,278
S1-5x,405,5.722,10.90,10.91,0.0545,1956,284
S1-5x,406,5.733,11.29,11.28,0.0565,1708,288
S1-5x,407,5.744,11.08,11.10,0.0554,1828,294
S1-5x,408,5.755,11.11,11.10,0.0555,1828,299
S1-5x,409,5.765,10.01,9.99,0.0501,1024,305
S1-5x,410,5.775,9.89,9.90,0.0494,1024,310
S1-5x,411,5.785,10.21,10.20,0.0510,1788,314
S1-5x,412,5.795,10.19,10.19,0.0509,1192,319
S1-5x,413,5.806,10.60,10.61,0.0530,1828,324
S1-5x,414,5.816,9.73,9.70,0.0487,1024,329
S1-5x,415,5.825,9.72,9.70,0.0486,1024,334
S1-5x,416,5.836,10.66,10.69,0.0533,1880,339
S1-5x,417,5.846,9.93,9.90,0.0496,1024,344
S1-5x,418,5.856,10.17,10.19,0.0509,1828,349
S1-5x,419,5.866,10.30,10.29,0.0515,1828,354
S1-5x,420,5.877,10.51,10.51,0.0526,1956,360
S1-5x,421,5.888,11.18,11.19,0.0559,1788,364
S1-5x,422,5.900,11.60,11.59,0.0580,1828,369
S1-5x,423,5.911,11.32,11.30,0.0566,1828,372
S1-5x,424,5.922,11.20,11.20,0.0560,1748,378
S1-5x,425,5.934,11.28,11.29,0.0564,1708,381
S1-5x,426,5.945,11.72,11.71,0.0586,1956,387
S1-5x,427,5.958,12.92,12.90,0.0646,1828,390
S1-5x,428,5.971,13.07,13.09,0.0653,1668,396
S1-5x,429,5.984,13.00,12.99,0.0650,1828,402
S1-5x,430,5.997,12.27,12.30,0.0614,1708,407
S1-5x,431,6.008,11.22,11.20,0.0561,1024,414
S1-5x,432,6.019,10.78,10.79,0.0539,1828,419
S1-5x,433,6.029,10.71,10.71,0.0536,1956,425
S1-5x,434,6.039,9.92,9.90,0.0496,1076,430
S1-5x,435,6.049,9.88,9.90,0.0494,984,435
S1-5x,436,6.059,10.20,10.20,0.0510,1192,440
S1-5x,437,6.068,9.20,9.19,0.0460,1024,445
S1-5x,438,6.078,9.89,9.91,0.0495,1788,449
S1-5x,439,6.089,10.30,10.30,0.0515,1832,452
S1-5x,440,6.100,11.29,11.28,0.0564,1338,451
S1-5x,441,6.111,10.92,10.92,0.0546,1112,456
S1-5x,442,6.122,10.90,10.90,0.0545,1828,459
S1-5x,443,6.133,11.39,11.39,0.0569,1828,461
S1-5x,444,6.144,11.19,11.20,0.0560,1748,467
S1-5x,445,6.156,12.02,11.99,0.0601,1956,472
S1-5x,446,6.168,11.79,11.80,0.0589,1828,478
S1-5x,447,6.182,13.51,13.50,0.0675,1956,462
S1-5x,448,6.195,12.98,12.99,0.0649,1708,463
S1-5x,449,6.208,13.03,13.01,0.0651,1828,467
S1-5x,450,6.221,13.59,13.59,0.0680,1828,471
S1-5x,451,6.236,14.45,14.41,0.0722,1788,478
S1-5x,452,6.252,16.41,16.39,0.0820,2008,483
S1-5x,453,6.269,17.21,17.21,0.0861,1668,487
S1-5x,454,6.284,14.65,14.67,0.0733,864,496
S1-5x,455,6.298,14.50,14.49,0.0725,1210,498
S1-5x,456,6.312,13.98,13.92,0.0699,1748,506
S1-5x,457,6.327,14.84,14.88,0.0742,1956,512
S1-5x,458,6.342,14.32,14.30,0.0716,1708,519
S1-5x,459,6.356,14.19,14.20,0.0710,1828,526
S1-5x,460,6.372,16.00,16.00,0.0800,1628,529
S1-5x,461,6.388,16.53,16.49,0.0826,1872,532
S1-5x,462,6.405,16.89,16.91,0.0844,1956,529
S1-5x,463,6.422,16.27,16.28,0.0814,1828,527
S1-5x,464,6.436,14.53,14.50,0.0727,1050,527
S1-5x,465,6.452,15.78,15.79,0.0789,1720,520
S1-5x,466,6.469,16.69,16.69,0.0835,1828,507
S1-5x,467,6.484,15.19,15.20,0.0759,1178,503
S1-5x,468,6.499,15.42,15.40,0.0771,1668,500
S1-5x,469,6.515,15.42,15.39,0.0771,1628,496
S1-5x,470,6.530,15.27,15.30,0.0764,2684,485
S1-5x,471,6.544,14.50,14.48,0.0725,1756,482
S1-5x,472,6.559,14.31,14.30,0.0716,1668,481
S1-5x,473,6.573,14.78,14.78,0.0739,1796,480
S1-5x,474,6.588,14.73,14.72,0.0736,1828,480
S1-5x,475,6.603,14.52,14.50,0.0726,1210,479
S1-5x,476,6.619,15.94,15.97,0.0797,1956,478
S1-5x,477,6.635,16.43,16.41,0.0822,2084,477
S1-5x,478,6.652,17.40,17.39,0.0870,27672,471
S1-5x,479,6.669,17.03,17.00,0.0851,1928,464
S1-5x,480,6.686,16.92,16.89,0.0846,1876,459
S1-5x,481,6.706,19.47,19.51,0.0974,9610,455
S1-5x,482,6.723,17.49,17.48,0.0875,1748,441
S1-5x,483,6.740,16.87,16.89,0.0843,5916,438
S1-5x,484,6.761,20.53,20.50,0.1026,10100,421
S1-5x,485,6.779,17.81,17.80,0.0890,18292,413
S1-5x,486,6.796,17.08,17.08,0.0854,9932,411
S1-5x,487,6.811,15.58,15.60,0.0779,1828,409
S1-5x,488,6.830,18.71,18.71,0.0936,20236,406
S1-5x,489,6.850,19.69,19.69,0.0985,14180,381
S1-5x,490,6.867,17.29,17.29,0.0864,1828,369
S1-5x,491,6.886,18.85,18.80,0.0943,5968,352
S1-5x,492,6.902,16.62,16.61,0.0831,1210,348
S1-5x,493,6.920,17.93,17.97,0.0896,1828,333
S1-5x,494,6.938,17.51,17.50,0.0876,26468,322
S1-5x,495,6.956,18.01,18.00,0.0901,5956,288
S1-5x,496,6.973,16.97,16.99,0.0848,1828,275
S1-5x,497,6.989,16.62,16.62,0.0831,1828,270
S1-5x,498,7.005,15.98,15.99,0.0799,1828,260
S1-5x,499,7.023,17.83,17.80,0.0891,5956,230
S1-5x,500,7.037,13.91,13.90,0.0695,1828,227
S1-5x,501,7.053,15.37,15.40,0.0768,5956,223
S1-5x,502,7.068,15.82,15.80,0.0791,2084,215
S1-5x,503,7.083,14.22,14.20,0.0711,1920,215
S1-5x,504,7.096,13.67,13.70,0.0684,5956,215
S1-5x,505,7.110,13.76,13.77,0.0688,2084,214
S1-5x,506,7.122,11.92,11.91,0.0596,1024,214
S1-5x,507,7.135,13.00,12.99,0.0650,1956,212
S1-5x,508,7.149,13.88,13.90,0.0694,5956,210
S1-5x,509,7.163,14.72,14.71,0.0736,1466,206
S1-5x,510,7.179,15.50,15.49,0.0775,6084,200
S1-5x,511,7.197,17.60,17.59,0.0880,5916,163
S1-5x,512,7.211,14.80,14.81,0.0740,1828,157
S1-5x,513,7.226,14.30,14.30,0.0715,10180,156
S1-5x,514,7.239,13.30,13.10,0.0665,1868,156
S1-5x,515,7.252,12.60,12.79,0.0630,1828,156
S1-5x,516,7.264,12.70,12.69,0.0635,1828,156
S1-5x,517,7.277,12.91,12.90,0.0645,1828,154
S1-5x,518,7.291,13.47,13.48,0.0673,1880,153
S1-5x,519,7.304,13.05,13.02,0.0652,1788,153
S1-5x,520,7.317,12.87,12.88,0.0643,1828,148
S1-5x,521,7.329,12.58,12.59,0.0629,1828,148
S1-5x,522,7.342,12.99,13.00,0.0650,1828,145
S1-5x,523,7.354,12.22,12.20,0.0611,1788,145
S1-5x,524,7.367,12.42,12.41,0.0621,11546,145
S1-5x,525,7.379,12.67,12.69,0.0634,7218,145
S1-5x,526,7.392,12.50,12.50,0.0625,5916,145
S1-5x,527,7.405,12.71,12.70,0.0635,1916,145
S1-5x,528,7.417,12.69,12.70,0.0635,3908,145
S1-5x,529,7.431,14.01,14.00,0.0700,5916,145
S1-5x,530,7.444,13.00,13.01,0.0650,8036,145
S1-5x,531,7.458,13.43,13.39,0.0671,12292,145
S1-5x,532,7.471,13.10,13.10,0.0655,5956,145
S1-5x,533,7.485,14.58,14.59,0.0729,1956,145
S1-5x,534,7.501,15.59,15.60,0.0779,8472,145
S1-5x,535,7.515,14.31,14.29,0.0716,3290,145
S1-5x,536,7.528,13.01,13.01,0.0651,1956,145
S1-5x,537,7.541,12.80,12.79,0.0640,4164,145
S1-5x,538,7.554,13.20,13.20,0.0660,1828,145
S1-5x,539,7.568,13.45,13.41,0.0673,1668,144
S1-5x,540,7.581,13.55,13.58,0.0678,1956,144
S1-5x,541,7.595,13.21,13.21,0.0660,1828,144
S1-5x,542,7.608,13.69,13.69,0.0685,1956,144
S1-5x,543,7.623,15.14,15.10,0.0757,5370,144
S1-5x,544,7.637,13.47,13.50,0.0673,1828,144
S1-5x,545,7.652,14.77,14.80,0.0739,1338,144
S1-5x,546,7.666,14.74,14.71,0.0737,1788,143
S1-5x,547,7.682,15.11,15.09,0.0755,1748,141
S1-5x,548,7.696,14.01,14.01,0.0701,1916,141
S1-5x,549,7.711,15.00,15.00,0.0750,1222,139
S1-5x,550,7.725,14.56,14.58,0.0728,1788,137
S1-5x,551,7.740,15.39,15.40,0.0769,1748,130
S1-5x,552,7.757,16.30,16.30,0.0815,1748,117
S1-5x,553,7.771,14.03,14.00,0.0702,1748,116
S1-5x,554,7.783,12.36,12.38,0.0618,1708,115
S1-5x,555,7.796,12.91,12.91,0.0645,1788,110
S1-5x,556,7.808,12.41,12.39,0.0620,1788,110
S1-5x,557,7.821,12.79,12.81,0.0639,1828,109
S1-5x,558,7.834,13.12,13.11,0.0656,1788,107
S1-5x,559,7.849,14.59,14.58,0.0730,1788,100
S1-5x,560,7.863,13.46,13.42,0.0673,1628,99
S1-5x,561,7.876,13.09,13.08,0.0654,1668,98
S1-5x,562,7.889,13.60,13.59,0.0680,1788,98
S1-5x,563,7.903,13.41,13.40,0.0670,1788,97
S1-5x,564,7.916,13.08,13.09,0.0654,1720,92
S1-5x,565,7.928,12.20,12.20,0.0610,904,92
S1-5x,566,7.940,12.31,12.30,0.0615,1788,92
S1-5x,567,7.953,12.84,12.80,0.0642,1788,90
S1-5x,568,7.967,13.88,13.89,0.0694,1788,84
S1-5x,569,7.980,13.36,13.38,0.0668,1748,80
S1-5x,570,7.993,12.82,12.80,0.0641,1916,79
S1-5x,571,8.006,13.20,13.19,0.0660,1748,77
S1-5x,572,8.020,13.36,13.39,0.0668,1828,72
S1-5x,573,8.032,12.64,12.60,0.0632,1178,72
S1-5x,574,8.045,12.84,12.87,0.0642,1210,64
S1-5x,575,8.058,12.46,12.42,0.0623,1748,63
S1-5x,576,8.070,12.72,12.70,0.0636,1338,60
S1-5x,577,8.084,13.86,13.88,0.0693,5020,54
S1-5x,578,8.097,13.11,13.12,0.0655,1828,49
S1-5x,579,8.110,12.52,12.48,0.0626,3412,46
S1-5x,580,8.121,10.91,10.90,0.0546,1076,46
S1-5x,581,8.132,11.37,11.39,0.0568,1828,43
S1-5x,582,8.143,11.21,11.20,0.0560,2084,43
S1-5x,583,8.154,11.02,10.99,0.0551,3404,43
S1-5x,584,8.165,10.62,10.60,0.0531,1828,43
S1-5x,585,8.176,10.84,10.88,0.0542,1210,42
S1-5x,586,8.186,10.10,10.11,0.0505,1956,42
S1-5x,587,8.196,10.48,10.50,0.0524,1828,42
S1-5x,588,8.206,9.72,9.70,0.0486,1024,42
S1-5x,589,8.216,10.20,10.19,0.0510,1788,35
S1-5x,590,8.227,10.40,10.40,0.0520,1298,34
S1-5x,591,8.237,10.36,10.34,0.0518,1748,32
S1-5x,592,8.247,10.24,10.25,0.0512,1916,32
S1-5x,593,8.258,10.58,10.59,0.0529,1788,32
S1-5x,594,8.268,10.25,10.21,0.0512,1708,31
S1-5x,595,8.279,10.58,10.59,0.0529,1788,28
S1-5x,596,8.288,9.87,9.89,0.0493,1112,28
S1-5x,597,8.298,9.40,9.40,0.0470,1112,28
S1-5x,598,8.307,8.97,8.97,0.0449,1112,28
S1-5x,599,8.316,9.44,9.42,0.0472,1788,26
S1-5x,600,8.325,9.09,9.09,0.0455,1036,26
S1-5x,601,8.335,9.38,9.40,0.0469,1916,26
S1-5x,602,8.345,10.11,10.10,0.0506,1916,24
S1-5x,603,8.355,9.80,9.80,0.0490,1956,20
S1-5x,604,8.364,9.02,8.99,0.0451,1748,16
S1-5x,605,8.374,10.06,10.09,0.0503,1788,10
S1-5x,606,8.383,9.62,9.60,0.0481,1708,4
S1-5x,607,8.392,8.78,8.80,0.0439,1112,4
S1-5x,608,8.401,8.53,8.50,0.0426,1152,3
S1-5x,609,8.409,8.81,8.80,0.0440,1748,2
S1-5x,610,8.418,8.16,8.17,0.0408,1024,2
S1-5x,611,8.426,8.52,8.52,0.0426,1828,2
S1-5x,612,8.434,8.21,8.20,0.0411,1024,2
S1-5x,613,8.442,7.87,7.89,0.0393,1024,2
S1-5x,614,8.451,8.40,8.40,0.0420,1828,0
S1-5x,615,8.459,8.44,8.41,0.0422,4272,1
S1-5x,616,8.469,10.01,10.00,0.0500,13044,5
S1-5x,617,8.479,9.69,9.69,0.0485,12240,10
S1-5x,618,8.488,9.24,9.21,0.0462,12240,15
S1-5x,619,8.497,8.63,8.68,0.0432,12240,19
S1-5x,620,8.506,9.10,9.10,0.0455,12240,24
S1-5x,621,8.514,8.73,8.71,0.0436,12240,28
S1-5x,622,8.522,7.81,7.79,0.0390,1024,32
S1-5x,623,8.530,7.49,7.50,0.0375,1076,36
S1-5x,624,8.538,7.92,7.90,0.0396,1748,40
S1-5x,625,8.545,7.48,7.40,0.0374,1024,44
S1-5x,626,8.553,7.34,7.39,0.0367,1024,48
S1-5x,627,8.561,8.55,8.57,0.0428,1788,50
S1-5x,628,8.569,8.02,8.01,0.0401,1024,55
S1-5x,629,8.576,7.42,7.41,0.0371,1024,59
S1-5x,630,8.585,8.20,8.18,0.0410,1152,62
S1-5x,631,8.593,8.23,8.27,0.0412,1024,67
S1-5x,632,8.601,8.50,8.49,0.0425,1828,71
S1-5x,633,8.609,7.67,7.64,0.0383,1064,75
S1-5x,634,8.618,8.86,8.88,0.0443,1828,79
S1-5x,635,8.626,7.94,7.91,0.0397,1152,83
S1-5x,636,8.635,8.85,8.84,0.0443,1024,87
S1-5x,637,8.643,8.30,8.33,0.0415,1024,92
S1-5x,638,8.651,8.12,8.10,0.0406,1024,96
S1-5x,639,8.659,8.02,8.00,0.0401,1024,100
S1-5x,640,8.667,8.28,8.29,0.0414,1956,104
S1-5x,641,8.676,8.66,8.67,0.0433,1828,108
S1-5x,642,8.684,8.03,8.01,0.0402,1024,112
S1-5x,643,8.692,8.35,8.38,0.0418,1828,116
S1-5x,644,8.701,8.43,8.41,0.0421,1024,120
S1-5x,645,8.710,8.93,8.90,0.0446,1828,125
S1-5x,646,8.719,9.22,9.21,0.0461,1828,129
S1-5x,647,8.729,10.00,9.98,0.0500,1668,134
S1-5x,648,8.738,8.88,8.91,0.0444,1076,139
S1-5x,649,8.747,8.58,8.60,0.0429,1024,143
S1-5x,650,8.755,8.13,8.10,0.0406,1152,147
S1-5x,651,8.764,9.38,9.39,0.0469,1828,151
S1-5x,652,8.773,9.02,9.00,0.0451,984,155
S1-5x,653,8.782,8.67,8.69,0.0434,1024,160
S1-5x,654,8.791,9.18,9.19,0.0459,1828,164
S1-5x,655,8.801,9.63,9.60,0.0482,1828,169
S1-5x,656,8.810,9.32,9.30,0.0466,1828,173
S1-5x,657,8.820,9.72,9.70,0.0486,1828,178
S1-5x,658,8.830,9.94,9.99,0.0497,1828,183
S1-5x,659,8.839,9.03,9.00,0.0452,984,188
S1-5x,660,8.848,9.05,9.09,0.0453,1024,192
S1-5x,661,8.857,9.51,9.49,0.0476,1828,197
S1-5x,662,8.867,9.43,9.41,0.0472,1828,202
S1-5x,663,8.876,9.30,9.30,0.0465,1828,206
S1-5x,664,8.885,9.51,9.49,0.0475,1024,211
S1-5x,665,8.895,9.48,9.50,0.0474,1024,216
S1-5x,666,8.904,9.28,9.29,0.0464,1024,221
S1-5x,667,8.913,8.63,8.61,0.0431,1024,225
S1-5x,668,8.922,9.11,9.09,0.0456,2084,230
S1-5x,669,8.931,9.38,9.38,0.0469,1024,234
S1-5x,670,8.941,9.72,9.71,0.0486,1880,239
S1-5x,671,8.951,10.50,10.49,0.0525,1828,243
S1-5x,672,8.962,10.97,10.99,0.0548,1868,248
S1-5x,673,8.974,11.13,11.11,0.0556,1956,251
S1-5x,674,8.985,11.32,11.30,0.0566,1788,256
S1-5x,675,8.997,12.24,12.27,0.0612,1916,262
S1-5x,676,9.010,13.31,13.29,0.0666,1828,267
S1-5x,677,9.024,13.53,13.51,0.0677,1956,273
S1-5x,678,9.038,14.29,14.29,0.0715,1828,278
S1-5x,679,9.052,13.78,13.80,0.0689,1130,284
S1-5x,680,9.066,13.72,13.71,0.0686,1748,289
S1-5x,681,9.080,14.12,14.09,0.0706,1876,294
S1-5x,682,9.094,13.82,13.79,0.0691,1748,294
S1-5x,683,9.106,12.57,12.58,0.0629,944,301
S1-5x,684,9.120,13.52,13.50,0.0676,1868,306
S1-5x,685,9.135,15.18,15.19,0.0759,1876,313
S1-5x,686,9.148,13.20,13.19,0.0660,2008,321
S1-5x,687,9.160,11.42,11.40,0.0571,1748,326
S1-5x,688,9.171,11.88,11.89,0.0594,1024,332
S1-5x,689,9.184,12.20,12.19,0.0610,1956,338
S1-5x,690,9.196,11.82,11.80,0.0591,1024,344
S1-5x,691,9.206,10.91,10.89,0.0546,1828,350
S1-5x,692,9.217,10.97,10.99,0.0549,1708,353
S1-5x,693,9.230,12.60,12.60,0.0630,2084,359
S1-5x,694,9.242,11.68,11.49,0.0584,1828,365
S1-5x,695,9.253,11.71,11.90,0.0586,1956,371
S1-5x,696,9.265,11.72,11.70,0.0586,1708,376
S1-5x,697,9.279,13.43,13.41,0.0671,1828,380
S1-5x,698,9.292,13.83,13.88,0.0692,1748,375
S1-5x,699,9.305,12.89,12.89,0.0645,1956,382
S1-5x,700,9.317,11.76,11.71,0.0588,1828,389
S1-5x,701,9.332,15.36,15.40,0.0768,1956,368
S1-5x,702,9.346,13.53,13.49,0.0676,1828,359
S1-5x,703,9.360,13.59,13.59,0.0680,1880,351
S1-5x,704,9.373,13.81,13.80,0.0691,2084,358
S1-5x,705,9.386,12.68,12.69,0.0634,1828,365
S1-5x,706,9.399,12.92,12.90,0.0646,1748,368
S1-5x,707,9.413,13.78,13.79,0.0689,1708,356
S1-5x,708,9.428,14.90,14.89,0.0745,1836,345
S1-5x,709,9.442,14.21,14.19,0.0710,1708,349
S1-5x,710,9.455,13.28,13.30,0.0664,1876,355
S1-5x,711,9.467,12.30,12.30,0.0615,1748,361
S1-5x,712,9.480,12.62,12.60,0.0631,1828,367
S1-5x,713,9.492,11.78,11.80,0.0589,1024,373
S1-5x,714,9.503,11.12,11.10,0.0556,1828,379
S1-5x,715,9.514,11.29,11.30,0.0565,1152,385
S1-5x,716,9.525,10.92,10.90,0.0546,1258,390
S1-5x,717,9.535,10.22,10.19,0.0511,1024,396
S1-5x,718,9.547,12.07,12.09,0.0603,1828,401
S1-5x,719,9.559,12.13,12.10,0.0606,2008,407
S1-5x,720,9.571,11.27,11.29,0.0563,1068,413
S1-5x,721,9.582,10.77,10.72,0.0539,1828,418
S1-5x,722,9.593,11.01,11.05,0.0551,1876,423
S1-5x,723,9.606,13.31,13.31,0.0665,1956,427
S1-5x,724,9.619,13.19,13.20,0.0660,1708,430
S1-5x,725,9.632,12.90,12.90,0.0645,1708,434
S1-5x,726,9.645,13.12,13.09,0.0656,1828,440
S1-5x,727,9.660,14.42,14.42,0.0721,1876,444
S1-5x,728,9.674,14.96,14.98,0.0748,1956,448
S1-5x,729,9.691,16.88,16.89,0.0844,1788,444
S1-5x,730,9.709,17.26,17.22,0.0863,1956,418
S1-5x,731,9.724,15.38,15.40,0.0769,1628,417
S1-5x,732,9.739,14.93,14.89,0.0746,1668,425
S1-5x,733,9.756,16.64,16.68,0.0832,2084,429
S1-5x,734,9.770,14.76,14.71,0.0738,1800,432
S1-5x,735,9.786,15.77,15.79,0.0789,1708,419
S1-5x,736,9.800,13.66,13.69,0.0683,1050,418
S1-5x,737,9.812,12.43,12.41,0.0621,744,425
S1-5x,738,9.826,13.91,13.90,0.0696,1876,428
S1-5x,739,9.839,12.57,12.59,0.0628,944,435
S1-5x,740,9.850,11.79,11.79,0.0589,1024,442
S1-5x,741,9.863,12.44,12.41,0.0622,2148,447
S1-5x,742,9.875,12.44,12.40,0.0622,1068,448
S1-5x,743,9.888,12.46,12.48,0.0623,1072,448
S1-5x,744,9.899,11.59,11.62,0.0579,1956,448
S1-5x,745,9.912,12.94,12.90,0.0647,1828,447
S1-5x,746,9.924,12.17,12.19,0.0608,1828,447
S1-5x,747,9.939,14.92,14.90,0.0746,1956,445
S1-5x,748,9.954,14.31,14.30,0.0715,1748,441
S1-5x,749,9.969,14.80,14.80,0.0740,1836,431
S1-5x,750,9.984,15.97,15.98,0.0798,1840,387
S1-5x,751,9.999,14.96,14.91,0.0748,1588,373
S1-5x,752,10.013,13.46,13.50,0.0673,1628,370
S1-5x,753,10.025,12.01,11.99,0.0600,824,370
S1-5x,754,10.037,12.08,12.09,0.0604,1828,369
S1-5x,755,10.050,13.06,13.03,0.0653,1796,369
S1-5x,756,10.063,13.16,13.19,0.0658,1748,366
S1-5x,757,10.077,13.91,13.89,0.0695,1588,361
S1-5x,758,10.091,14.08,14.09,0.0704,1748,361
S1-5x,759,10.105,14.22,14.20,0.0711,1828,361
S1-5x,760,10.119,13.50,13.50,0.0675,1956,361
S1-5x,761,10.134,14.62,14.60,0.0731,1828,361
S1-5x,762,10.149,15.70,15.70,0.0785,1466,360
S1-5x,763,10.163,13.57,13.50,0.0678,1588,359
S1-5x,764,10.176,13.42,13.49,0.0671,1828,359
S1-5x,765,10.190,14.08,14.08,0.0704,1968,358
S1-5x,766,10.205,14.51,14.50,0.0725,1828,354
S1-5x,767,10.219,13.95,13.91,0.0698,1708,352
S1-5x,768,10.233,14.64,14.69,0.0732,1828,352
S1-5x,769,10.247,13.51,13.50,0.0675,1024,352
S1-5x,770,10.260,13.29,13.28,0.0664,1828,352
S1-5x,771,10.274,13.43,13.40,0.0671,1024,352
S1-5x,772,10.287,12.91,12.91,0.0645,1828,352
S1-5x,773,10.300,13.29,13.29,0.0664,1828,352
S1-5x,774,10.313,13.16,13.18,0.0658,1828,351
S1-5x,775,10.326,13.32,13.30,0.0666,1828,348
S1-5x,776,10.340,13.88,13.90,0.0694,1828,348
S1-5x,777,10.356,16.28,16.29,0.0814,1956,339
S1-5x,778,10.371,14.93,14.91,0.0746,1748,335
S1-5x,779,10.388,16.53,16.49,0.0826,1828,335
S1-5x,780,10.405,17.48,17.50,0.0874,2008,322
S1-5x,781,10.422,16.91,16.91,0.0845,1956,322
S1-5x,782,10.439,16.53,16.50,0.0827,1828,322
S1-5x,783,10.458,18.63,18.68,0.0932,1956,318
S1-5x,784,10.477,19.89,19.82,0.0995,1916,313
S1-5x,785,10.502,24.37,24.37,0.1219,1828,313
S1-5x,786,10.524,22.60,22.62,0.1130,3373,313
S1-5x,787,10.546,21.34,21.30,0.1067,3868,312
S1-5x,788,10.566,20.69,20.70,0.1035,4028,293
S1-5x,789,10.586,19.18,19.19,0.0959,1788,277
S1-5x,790,10.604,18.60,18.59,0.0930,1170,276
S1-5x,791,10.624,19.40,19.40,0.0970,3540,273
S1-5x,792,10.645,21.30,21.30,0.1065,5886,251
S1-5x,793,10.663,17.80,17.80,0.0890,1668,241
S1-5x,794,10.679,16.20,16.19,0.0810,1170,238
S1-5x,795,10.696,16.70,16.70,0.0835,1170,228
S1-5x,796,10.711,15.61,15.60,0.0781,1788,225
S1-5x,797,10.726,14.65,14.68,0.0732,1788,225
S1-5x,798,10.740,14.53,14.50,0.0727,1788,225
S1-5x,799,10.755,15.02,15.00,0.0751,1628,225
S1-5x,800,10.770,15.12,15.17,0.0756,1788,222
S1-5x,801,10.785,14.85,14.82,0.0743,1788,204
S1-5x,802,10.800,14.59,14.59,0.0729,1788,204
S1-5x,803,10.814,14.54,14.50,0.0727,1916,204
S1-5x,804,10.829,14.50,14.49,0.0725,1840,197
S1-5x,805,10.846,16.75,16.79,0.0838,1788,196
S1-5x,806,10.862,15.85,15.79,0.0793,1916,195
S1-5x,807,10.879,17.03,17.09,0.0852,2044,192
S1-5x,808,10.895,15.89,15.81,0.0794,1788,191
S1-5x,809,10.909,14.91,14.98,0.0746,1916,191
S1-5x,810,10.926,16.11,16.10,0.0806,2044,184
S1-5x,811,10.942,16.63,16.61,0.0831,1788,180
S1-5x,812,10.958,15.86,15.87,0.0793,1748,178
S1-5x,813,10.974,16.39,16.40,0.0819,2172,177
S1-5x,814,10.990,15.84,15.83,0.0792,1788,172
S1-5x,815,11.006,15.34,15.36,0.0767,1748,168
S1-5x,816,11.020,14.83,14.81,0.0741,1916,168
S1-5x,817,11.036,15.95,15.90,0.0797,1840,165
S1-5x,818,11.052,16.08,16.09,0.0804,1788,161
S1-5x,819,11.068,15.67,15.69,0.0783,1876,161
S1-5x,820,11.084,15.64,15.61,0.0782,1916,158
S1-5x,821,11.099,14.80,14.79,0.0740,1788,158
S1-5x,822,11.113,14.08,14.09,0.0704,1788,158
S1-5x,823,11.126,13.59,13.60,0.0679,1298,158
S1-5x,824,11.140,14.15,14.17,0.0708,1748,156
S1-5x,825,11.154,13.47,13.43,0.0673,1748,156
S1-5x,826,11.167,12.79,12.78,0.0639,1112,156
S1-5x,827,11.181,14.38,14.40,0.0719,1668,152
S1-5x,828,11.195,13.72,13.70,0.0686,1876,152
S1-5x,829,11.209,13.82,13.80,0.0691,1748,152
S1-5x,830,11.222,13.90,13.88,0.0695,1788,152
S1-5x,831,11.236,13.01,13.02,0.0651,1928,151
S1-5x,832,11.249,13.37,13.18,0.0669,1748,150
S1-5x,833,11.261,12.30,12.50,0.0615,944,150
S1-5x,834,11.274,12.89,12.90,0.0645,1916,149
S1-5x,835,11.287,12.83,12.81,0.0641,1708,148
S1-5x,836,11.299,12.44,12.48,0.0622,1828,148
S1-5x,837,11.312,13.02,13.00,0.0651,1956,148
S1-5x,838,11.325,13.20,13.20,0.0660,1788,148
S1-5x,839,11.339,13.62,13.60,0.0681,1788,147
S1-5x,840,11.352,12.91,12.90,0.0645,1916,147
S1-5x,841,11.365,13.18,13.19,0.0659,1788,147
S1-5x,842,11.378,12.72,12.70,0.0636,1916,147
S1-5x,843,11.391,13.05,13.09,0.0652,1668,146
S1-5x,844,11.404,12.49,12.42,0.0625,1748,146
S1-5x,845,11.416,12.46,12.49,0.0623,1876,146
S1-5x,846,11.428,12.46,12.41,0.0623,1748,146
S1-5x,847,11.441,12.51,12.57,0.0626,1840,145
S1-5x,848,11.454,12.80,12.80,0.0640,1916,143
S1-5x,849,11.466,12.18,12.20,0.0609,1788,143
S1-5x,850,11.478,12.47,12.41,0.0623,1788,143
S1-5x,851,11.490,11.91,11.93,0.0596,1916,143
S1-5x,852,11.502,11.64,11.65,0.0582,1170,143
S1-5x,853,11.513,11.40,11.39,0.0570,1788,143
S1-5x,854,11.524,10.70,10.70,0.0535,984,143
S1-5x,855,11.535,11.00,10.99,0.0550,1788,143
S1-5x,856,11.546,10.60,10.60,0.0530,984,143
S1-5x,857,11.555,9.62,9.61,0.0481,944,143
S1-5x,858,11.565,9.97,9.99,0.0498,1788,142
S1-5x,859,11.576,10.58,10.59,0.0529,1788,142
S1-5x,860,11.587,10.86,10.81,0.0543,1788,142
S1-5x,861,11.597,10.07,10.09,0.0504,1788,142
S1-5x,862,11.607,10.38,10.40,0.0519,1788,142
S1-5x,863,11.618,10.70,10.70,0.0535,1916,141
S1-5x,864,11.628,10.53,10.51,0.0526,1788,141
S1-5x,865,11.639,10.74,10.71,0.0537,1828,141
S1-5x,866,11.650,11.44,11.48,0.0572,1968,141
S1-5x,867,11.661,10.40,10.39,0.0520,1072,141
S1-5x,868,11.671,10.58,10.60,0.0529,1748,140
S1-5x,869,11.681,10.02,10.00,0.0501,1024,140
S1-5x,870,11.692,10.70,10.69,0.0535,1748,137
S1-5x,871,11.703,10.51,10.50,0.0526,1956,137
S1-5x,872,11.714,10.81,10.81,0.0540,1828,136
S1-5x,873,11.726,11.99,11.99,0.0600,1828,133
S1-5x,874,11.738,11.98,11.99,0.0599,1828,133
S1-5x,875,11.749,11.29,11.30,0.0565,1828,133
S1-5x,876,11.760,11.18,11.12,0.0559,1828,133
S1-5x,877,11.771,11.05,11.09,0.0552,1828,133
S1-5x,878,11.783,11.59,11.58,0.0580,1828,132
S1-5x,879,11.794,10.98,11.00,0.0549,1828,132
S1-5x,880,11.805,11.62,11.61,0.0581,1828,131
S1-5x,881,11.818,12.64,12.59,0.0632,3868,131
S1-5x,882,11.830,11.85,11.89,0.0593,1828,131
S1-5x,883,11.841,11.74,11.70,0.0587,1916,129
S1-5x,884,11.854,12.17,12.19,0.0609,1880,128
S1-5x,885,11.866,12.01,12.00,0.0600,1828,127
S1-5x,886,11.878,12.48,12.41,0.0624,1828,126
S1-5x,887,11.891,13.10,13.18,0.0655,1956,125
S1-5x,888,11.904,13.20,13.20,0.0660,1788,121
S1-5x,889,11.917,12.09,12.10,0.0605,1788,121
S1-5x,890,11.929,12.15,12.11,0.0607,1956,120
S1-5x,891,11.941,12.35,12.39,0.0618,1956,119
S1-5x,892,11.953,11.74,11.70,0.0587,1788,119
S1-5x,893,11.963,10.70,10.70,0.0535,1024,119
S1-5x,894,11.974,10.87,10.90,0.0544,1956,119
S1-5x,895,11.986,11.33,11.29,0.0567,1338,118
S1-5x,896,11.997,10.88,10.90,0.0544,1828,116
S1-5x,897,12.008,11.20,11.19,0.0560,1828,113
S1-5x,898,12.020,12.32,12.30,0.0616,1876,108
S1-5x,899,12.032,12.20,12.18,0.0610,1956,102
S1-5x,900,12.044,11.27,11.28,0.0564,1024,102
S1-5x,901,12.055,11.32,11.32,0.0566,2008,101
S1-5x,902,12.066,11.16,11.18,0.0558,1828,101
S1-5x,903,12.078,11.74,11.70,0.0587,1828,101
S1-5x,904,12.089,11.60,11.61,0.0580,1828,101
S1-5x,905,12.100,10.67,10.68,0.0534,1152,101
S1-5x,906,12.111,11.23,11.23,0.0562,1828,97
S1-5x,907,12.122,11.17,11.18,0.0558,1828,95
S1-5x,908,12.133,10.40,10.40,0.0520,1828,95
S1-5x,909,12.143,10.58,10.59,0.0529,1956,95
S1-5x,910,12.155,11.45,11.40,0.0572,1828,94
S1-5x,911,12.166,11.00,11.00,0.0550,1748,93
S1-5x,912,12.177,11.18,11.19,0.0559,1828,93
S1-5x,913,12.189,11.76,11.77,0.0588,1828,92
S1-5x,914,12.200,11.13,11.12,0.0557,1956,92
S1-5x,915,12.211,11.15,11.10,0.0557,1828,92
S1-5x,916,12.222,10.44,10.48,0.0522,1024,92
S1-5x,917,12.232,10.12,10.10,0.0506,1828,92
S1-5x,918,12.242,10.25,10.27,0.0513,1152,92
S1-5x,919,12.251,9.63,9.60,0.0481,1024,92
S1-5x,920,12.262,10.24,10.21,0.0512,1880,91
S1-5x,921,12.272,10.40,10.40,0.0520,1828,88
S1-5x,922,12.283,10.67,10.68,0.0534,1916,88
S1-5x,923,12.295,12.51,12.49,0.0625,1828,84
S1-5x,924,12.308,12.41,12.40,0.0621,1788,74
S1-5x,925,12.319,11.07,11.01,0.0554,1788,74
S1-5x,926,12.330,11.11,11.18,0.0556,1828,74
S1-5x,927,12.342,11.78,11.79,0.0589,1828,71
S1-5x,928,12.353,11.49,11.41,0.0574,1210,68
S1-5x,929,12.364,10.75,10.80,0.0537,1748,68
S1-5x,930,12.375,11.07,11.08,0.0554,1828,67
S1-5x,931,12.386,11.35,11.31,0.0568,2084,67
S1-5x,932,12.398,11.69,11.71,0.0585,1788,62
S1-5x,933,12.409,11.37,11.39,0.0569,1956,59
S1-5x,934,12.421,11.28,11.29,0.0564,1828,56
S1-5x,935,12.433,12.04,12.01,0.0602,1466,50
S1-5x,936,12.444,10.97,10.99,0.0548,1024,50
S1-5x,937,12.455,11.11,11.11,0.0556,1956,50
S1-5x,938,12.467,11.79,11.79,0.0590,1840,42
S1-5x,939,12.479,11.94,11.91,0.0597,2084,41
S1-5x,940,12.491,12.06,12.07,0.0603,1828,39
S1-5x,941,12.503,12.53,12.50,0.0626,1916,29
S1-5x,942,12.515,11.98,12.01,0.0599,1828,27
S1-5x,943,12.526,11.19,11.20,0.0559,1748,25
S1-5x,944,12.538,11.49,11.49,0.0574,1828,19
S1-5x,945,12.549,11.58,11.59,0.0579,1828,12
S1-5x,946,12.561,11.25,11.21,0.0562,1708,10
S1-5x,947,12.572,11.18,11.19,0.0559,1210,9
S1-5x,948,12.583,10.99,11.01,0.0550,1828,8
S1-5x,949,12.594,11.00,11.00,0.0550,1828,8
S1-5x,950,12.605,11.41,11.40,0.0571,1748,2
S1-5x,951,12.616,10.68,10.69,0.0534,1668,1
S1-5x,952,12.626,9.79,9.80,0.0490,984,1
S1-5x,953,12.635,9.33,9.31,0.0467,904,0
S2,0,0.000,14.07,14.09,0.0141,162492,2
S2,1,0.012,12.06,12.01,0.0121,35048,3
S2,2,0.024,12.08,12.09,0.0121,22538,5
S2,3,0.036,11.71,11.70,0.0117,13072,6
S2,4,0.047,11.44,11.47,0.0114,11760,7
S2,5,0.058,11.11,11.10,0.0111,16620,8
S2,6,0.069,10.95,10.93,0.0110,14992,9
S2,7,0.081,11.19,11.20,0.0112,11760,10
S2,8,0.091,10.66,10.67,0.0107,12792,11
S2,9,0.102,11.21,11.22,0.0112,13280,13
S2,10,0.113,10.92,10.90,0.0109,11760,14
S2,11,0.124,10.79,10.79,0.0108,12328,15
S2,12,0.135,10.58,10.60,0.0106,12080,16
S2,13,0.145,10.52,10.51,0.0105,17872,17
S2,14,0.156,11.19,11.19,0.0112,21660,18
S2,15,0.167,10.91,10.89,0.0109,13128,19
S2,16,0.178,10.72,10.70,0.0107,12100,20
S2,17,0.189,10.47,10.50,0.0105,11760,21
S2,18,0.199,10.49,10.50,0.0105,11856,22
S2,19,0.209,10.41,10.40,0.0104,11760,23
S2,20,0.220,10.81,10.80,0.0108,11760,24
S2,21,0.233,12.60,12.59,0.0126,11760,25
S2,22,0.244,11.11,11.12,0.0111,11840,27
S2,23,0.255,11.07,11.07,0.0111,12848,28
S2,24,0.266,11.25,11.24,0.0113,13960,29
S2,25,0.277,10.77,10.76,0.0108,11760,30
S2,26,0.289,11.92,11.91,0.0119,32336,31
S2,27,0.300,10.99,10.99,0.0110,15888,32
S2,28,0.311,11.08,11.09,0.0111,23440,33
S2,29,0.322,11.11,11.10,0.0111,11760,34
S2,30,0.334,11.51,11.51,0.0115,11840,36
S2,31,0.345,11.30,11.29,0.0113,11760,37
S2,32,0.356,11.51,11.51,0.0115,552256,38
S2,33,0.368,11.30,11.29,0.0113,11760,39
S2,34,0.379,11.48,11.49,0.0115,11812,40
S2,35,0.391,11.59,11.60,0.0116,11760,41
S2,36,0.402,11.09,11.09,0.0111,11760,42
S2,37,0.413,11.21,11.21,0.0112,13952,44
S2,38,0.424,11.21,11.20,0.0112,11760,45
S2,39,0.435,10.98,10.99,0.0110,11760,46
S2,40,0.447,11.47,11.47,0.0115,11760,47
S2,41,0.458,11.34,11.32,0.0113,14316,48
S2,42,0.469,11.20,11.20,0.0112,14316,49
S2,43,0.480,11.06,11.01,0.0111,11760,50
S2,44,0.492,11.23,11.28,0.0112,12816,51
S2,45,0.503,11.40,11.41,0.0114,11840,53
S2,46,0.514,11.20,11.19,0.0112,11920,54
S2,47,0.525,11.20,11.21,0.0112,11760,55
S2,48,0.537,11.24,11.21,0.0112,11760,56
S2,49,0.548,11.05,11.08,0.0110,11760,57
S2,50,0.559,11.01,11.00,0.0110,11760,58
S2,51,0.569,10.73,10.70,0.0107,11760,59
S2,52,0.582,12.40,12.39,0.0124,52868,60
S2,53,0.593,11.58,11.59,0.0116,11840,62
S2,54,0.605,11.53,11.51,0.0115,11760,63
S2,55,0.617,12.20,12.20,0.0122,13076,64
S2,56,0.629,12.02,11.99,0.0120,42928,65
S2,57,0.641,12.07,12.10,0.0121,11760,66
S2,58,0.654,12.31,12.30,0.0123,11840,68
S2,59,0.665,11.69,11.70,0.0117,11760,69
S2,60,0.677,11.69,11.69,0.0117,11760,70
S2,61,0.689,11.64,11.60,0.0116,12248,71
S2,62,0.701,12.01,12.00,0.0120,13200,72
S2,63,0.713,12.67,12.69,0.0127,12020,73
S2,64,0.728,14.93,14.91,0.0149,12420,75
S2,65,0.741,12.69,12.68,0.0127,17288,76
S2,66,0.754,12.88,12.90,0.0129,12048,77
S2,67,0.766,12.72,12.71,0.0127,11840,79
S2,68,0.779,12.79,12.79,0.0128,11760,80
S2,69,0.792,12.84,12.80,0.0128,11812,81
S2,70,0.805,12.75,12.80,0.0127,11840,83
S2,71,0.817,12.63,12.60,0.0126,11760,84
S2,72,0.830,12.38,12.40,0.0124,13948,85
S2,73,0.842,12.12,12.10,0.0121,12860,86
S2,74,0.854,12.39,12.40,0.0124,11840,88
S2,75,0.866,11.90,11.89,0.0119,11760,89
S2,76,0.880,13.29,13.30,0.0133,61980,90
S2,77,0.892,12.63,12.60,0.0126,11760,91
S2,78,0.905,12.97,13.00,0.0130,11840,93
S2,79,0.918,13.12,13.10,0.0131,11760,94
S2,80,0.931,12.68,12.70,0.0127,11760,95
S2,81,0.943,12.31,12.30,0.0123,16144,96
S2,82,0.956,12.78,12.78,0.0128,12644,98
S2,83,0.969,12.83,12.82,0.0128,11760,99
S2,84,0.981,11.88,11.88,0.0119,18396,100
S2,85,0.993,12.41,12.40,0.0124,20336,101
S2,86,1.005,12.08,12.09,0.0121,11840,103
S2,87,1.017,12.12,12.10,0.0121,11760,104
S2,88,1.030,12.28,12.29,0.0123,14316,105
S2,89,1.042,12.32,12.30,0.0123,14316,106
S2,90,1.054,12.50,12.50,0.0125,11840,108
S2,91,1.066,11.87,11.88,0.0119,11760,109
S2,92,1.079,12.41,12.40,0.0124,11760,110
S2,93,1.091,12.13,12.12,0.0121,11760,111
S2,94,1.103,12.47,12.49,0.0125,11760,112
S2,95,1.115,11.90,11.89,0.0119,11840,114
S2,96,1.127,11.59,11.60,0.0116,11760,115
S2,97,1.138,11.60,11.60,0.0116,11760,116
S2,98,1.150,11.81,11.80,0.0118,11760,117
S2,99,1.162,11.89,11.89,0.0119,11760,118
S2,100,1.175,12.62,12.60,0.0126,11840,120
S2,101,1.187,11.98,11.99,0.0120,11760,121
S2,102,1.199,12.20,12.20,0.0122,11812,122
S2,103,1.211,12.41,12.41,0.0124,11760,123
S2,104,1.223,12.09,12.10,0.0121,11840,125
S2,105,1.236,12.30,12.29,0.0123,11760,126
S2,106,1.248,12.47,12.49,0.0125,11760,127
S2,107,1.260,12.25,12.21,0.0122,11760,128
S2,108,1.273,12.17,12.19,0.0122,57232,129
S2,109,1.286,13.31,13.30,0.0133,12644,131
S2,110,1.298,12.52,12.51,0.0125,12248,132
S2,111,1.311,12.39,12.39,0.0124,17620,133
S2,112,1.323,12.24,12.21,0.0122,12180,134
S2,113,1.335,12.29,12.29,0.0123,12540,136
S2,114,1.348,12.35,12.37,0.0123,12876,137
S2,115,1.360,11.92,11.91,0.0119,11760,138
S2,116,1.372,12.10,12.09,0.0121,20016,139
S2,117,1.384,12.71,12.71,0.0127,11840,141
S2,118,1.397,12.87,12.88,0.0129,11760,142
S2,119,1.410,12.23,12.22,0.0122,12900,143
S2,120,1.422,12.09,12.10,0.0121,13960,144
S2,121,1.434,12.02,12.00,0.0120,11840,146
S2,122,1.445,11.77,11.79,0.0118,11760,147
S2,123,1.457,11.70,11.70,0.0117,11760,148
S2,124,1.469,11.60,11.60,0.0116,11760,149
S2,125,1.482,12.81,12.80,0.0128,11760,150
S2,126,1.494,12.31,12.30,0.0123,13920,152
S2,127,1.506,12.38,12.40,0.0124,11760,153
S2,128,1.519,12.30,12.29,0.0123,11760,154
S2,129,1.531,12.09,12.10,0.0121,11760,155
S2,130,1.543,12.31,12.31,0.0123,11760,156
S2,131,1.556,13.23,13.20,0.0132,26204,158
S2,132,1.569,12.67,12.69,0.0127,11760,159
S2,133,1.581,12.59,12.59,0.0126,11760,160
S2,134,1.594,12.51,12.50,0.0125,11840,162
S2,135,1.606,12.40,12.40,0.0124,11760,163
S2,136,1.619,12.61,12.60,0.0126,16924,164
S2,137,1.631,12.19,12.20,0.0122,11760,165
S2,138,1.644,12.43,12.41,0.0124,11840,167
S2,139,1.656,12.37,12.38,0.0124,11760,168
S2,140,1.669,12.60,12.58,0.0126,11760,169
S2,141,1.681,12.62,12.62,0.0126,11760,170
S2,142,1.694,12.49,12.50,0.0125,11840,172
S2,143,1.706,12.41,12.40,0.0124,11760,173
S2,144,1.718,12.08,12.09,0.0121,11760,174
S2,145,1.730,12.12,12.11,0.0121,11760,175
S2,146,1.742,11.79,11.80,0.0118,11760,176
S2,147,1.755,12.60,12.60,0.0126,11840,178
S2,148,1.766,11.70,11.70,0.0117,11760,179
S2,149,1.779,13.00,12.99,0.0130,11760,180
S2,150,1.792,12.30,12.30,0.0123,11760,181
S2,151,1.804,12.48,12.49,0.0125,11840,183
S2,152,1.817,12.54,12.51,0.0125,11760,184
S2,153,1.829,12.58,12.60,0.0126,11812,185
S2,154,1.842,13.22,13.20,0.0132,12564,186
S2,155,1.855,12.98,13.00,0.0130,11840,188
S2,156,1.868,12.70,12.68,0.0127,11760,189
S2,157,1.881,13.00,13.01,0.0130,11760,190
S2,158,1.894,12.71,12.70,0.0127,16244,192
S2,159,1.907,12.79,12.81,0.0128,12724,193
S2,160,1.919,12.73,12.71,0.0127,12480,194
S2,161,1.932,12.81,12.79,0.0128,12600,195
S2,162,1.948,16.21,16.19,0.0162,20636,197
S2,163,1.965,16.33,16.13,0.0163,109932,198
S2,164,1.981,16.09,16.27,0.0161,11840,200
S2,165,1.996,15.50,15.48,0.0155,11760,201
S2,166,2.011,14.28,14.30,0.0143,15128,203
S2,167,2.025,13.99,13.99,0.0140,11760,204
S2,168,2.038,13.41,13.40,0.0134,11892,206
S2,169,2.052,14.12,14.10,0.0141,11760,207
S2,170,2.066,13.78,13.80,0.0138,36104,209
S2,171,2.081,14.79,14.80,0.0148,11760,210
S2,172,2.095,14.01,14.00,0.0140,11760,211
S2,173,2.108,13.72,13.70,0.0137,11840,213
S2,174,2.123,14.37,14.39,0.0144,17340,214
S2,175,2.137,13.99,13.99,0.0140,17420,216
S2,176,2.151,13.77,13.80,0.0138,14676,217
S2,177,2.164,13.52,13.51,0.0135,11760,218
S2,178,2.178,13.61,13.59,0.0136,11840,220
S2,179,2.191,13.11,13.10,0.0131,11760,221
S2,180,2.204,13.27,13.29,0.0133,14316,222
S2,181,2.218,13.63,13.61,0.0136,14396,224
S2,182,2.231,13.54,13.50,0.0135,11760,225
S2,183,2.245,13.67,13.70,0.0137,11892,227
S2,184,2.259,14.08,14.09,0.0141,11760,228
S2,185,2.273,14.47,14.41,0.0145,11760,229
S2,186,2.288,14.22,14.20,0.0142,11840,231
S2,187,2.303,15.04,15.08,0.0150,12564,232
S2,188,2.317,14.51,14.50,0.0145,11840,234
S2,189,2.331,13.89,13.89,0.0139,11760,235
S2,190,2.345,13.49,13.49,0.0135,11760,236
S2,191,2.358,13.58,13.59,0.0136,11840,238
S2,192,2.373,14.47,14.42,0.0145,11760,239
S2,193,2.387,14.35,14.39,0.0143,11840,241
S2,194,2.401,14.30,14.30,0.0143,11760,242
S2,195,2.415,14.01,14.00,0.0140,11840,244
S2,196,2.429,13.65,13.60,0.0137,11760,245
S2,197,2.442,13.47,13.48,0.0135,20240,246
S2,198,2.456,13.53,13.51,0.0135,11892,248
S2,199,2.469,13.23,13.28,0.0132,15920,249
S2,200,2.483,13.72,13.70,0.0137,11760,250
S2,201,2.497,13.90,13.92,0.0139,11840,252
S2,202,2.511,13.98,13.97,0.0140,13052,253
S2,203,2.524,13.69,13.70,0.0137,21456,254
S2,204,2.538,13.73,13.70,0.0137,12100,256
S2,205,2.552,13.58,13.58,0.0136,78196,257
S2,206,2.566,13.97,13.92,0.0140,13496,259
S2,207,2.580,14.27,14.29,0.0143,11760,260
S2,208,2.594,13.86,13.88,0.0139,11760,261
S2,209,2.607,13.60,13.60,0.0136,12384,263
S2,210,2.621,13.13,13.10,0.0131,14504,264
S2,211,2.634,13.29,13.30,0.0133,23892,265
S2,212,2.648,14.21,14.19,0.0142,23972,267
S2,213,2.662,14.38,14.40,0.0144,28260,268
S2,214,2.678,15.73,15.70,0.0157,11840,270
S2,215,2.693,14.91,14.90,0.0149,11760,271
S2,216,2.708,14.60,14.61,0.0146,23000,273
S2,217,2.722,14.31,14.30,0.0143,11760,274
S2,218,2.738,15.67,15.67,0.0157,14756,276
S2,219,2.753,15.28,15.29,0.0153,11760,277
S2,220,2.767,14.35,14.31,0.0143,12084,279
S2,221,2.782,14.88,14.89,0.0149,18256,280
S2,222,2.797,15.03,14.99,0.0150,12980,282
S2,223,2.812,14.76,14.80,0.0148,12300,283
S2,224,2.827,14.62,14.60,0.0146,12956,285
S2,225,2.841,14.87,14.89,0.0149,13108,286
S2,226,2.857,15.30,15.29,0.0153,11840,288
S2,227,2.872,15.42,15.41,0.0154,14504,289
S2,228,2.888,15.69,15.69,0.0157,14448,291
S2,229,2.903,14.82,14.81,0.0148,13160,292
S2,230,2.918,14.99,14.99,0.0150,12540,294
S2,231,2.933,14.92,14.90,0.0149,12876,295
S2,232,2.947,14.55,14.56,0.0146,11840,297
S2,233,2.961,13.98,14.00,0.0140,11760,298
S2,234,2.976,15.30,15.23,0.0153,12384,300
S2,235,2.992,15.13,15.18,0.0151,16616,301
S2,236,3.006,14.34,14.30,0.0143,11840,303
S2,237,3.021,14.75,14.78,0.0147,16872,304
S2,238,3.036,14.97,14.92,0.0150,11760,305
S2,239,3.050,14.48,14.48,0.0145,16000,307
S2,240,3.065,14.41,14.41,0.0144,11760,308
S2,241,3.081,16.38,16.38,0.0164,241524,310
S2,242,3.096,14.93,14.90,0.0149,18000,311
S2,243,3.111,15.15,15.18,0.0152,15968,313
S2,244,3.126,14.93,14.90,0.0149,30732,314
S2,245,3.141,15.48,15.49,0.0155,14396,316
S2,246,3.156,15.05,15.02,0.0150,11840,318
S2,247,3.173,16.44,16.48,0.0164,12564,319
S2,248,3.188,15.44,15.41,0.0154,12084,321
S2,249,3.204,15.56,15.58,0.0156,24612,322
S2,250,3.219,15.04,15.01,0.0150,24392,324
S2,251,3.234,15.11,15.10,0.0151,28748,325
S2,252,3.249,15.18,15.19,0.0152,12128,327
S2,253,3.266,16.51,16.50,0.0165,12808,328
S2,254,3.282,16.08,16.09,0.0161,23772,330
S2,255,3.297,15.40,15.38,0.0154,16228,332
S2,256,3.313,15.39,15.42,0.0154,15520,333
S2,257,3.328,15.12,15.09,0.0151,12668,335
S2,258,3.343,14.93,14.90,0.0149,12048,336
S2,259,3.358,15.53,15.58,0.0155,11840,338
S2,260,3.374,15.41,15.40,0.0154,12304,339
S2,261,3.389,15.91,15.90,0.0159,13484,341
S2,262,3.405,15.08,15.09,0.0151,17020,342
S2,263,3.419,14.93,14.92,0.0149,12896,344
S2,264,3.435,15.23,15.21,0.0152,11760,345
S2,265,3.451,15.95,15.98,0.0160,15200,347
S2,266,3.466,15.54,15.51,0.0155,11760,348
S2,267,3.482,15.35,15.37,0.0153,11892,350
S2,268,3.497,15.79,15.79,0.0158,12896,352
S2,269,3.513,15.31,15.31,0.0153,18396,353
S2,270,3.528,15.12,15.10,0.0151,19976,355
S2,271,3.543,15.20,15.14,0.0152,14316,356
S2,272,3.559,16.12,16.16,0.0161,11840,358
S2,273,3.574,15.15,15.18,0.0152,11760,359
S2,274,3.589,15.16,15.12,0.0152,11840,361
S2,275,3.604,14.92,14.96,0.0149,11760,362
S2,276,3.619,14.53,14.51,0.0145,17420,364
S2,277,3.633,14.50,14.50,0.0145,17340,365
S2,278,3.648,14.83,14.81,0.0148,12644,367
S2,279,3.663,14.57,14.59,0.0146,11760,368
S2,280,3.678,14.91,14.89,0.0149,20096,370
S2,281,3.692,14.51,14.51,0.0145,13892,371
S2,282,3.707,14.39,14.39,0.0144,11840,373
S2,283,3.721,14.13,14.11,0.0141,11760,374
S2,284,3.736,15.16,15.19,0.0152,13052,375
S2,285,3.756,20.08,20.09,0.0201,13540,377
S2,286,3.771,15.02,15.00,0.0150,12420,379
S2,287,3.786,14.72,14.71,0.0147,39760,380
S2,288,3.800,14.46,14.48,0.0145,30368,382
S2,289,3.815,14.72,14.72,0.0147,11760,383
S2,290,3.829,14.61,14.60,0.0146,11840,385
S2,291,3.844,14.48,14.49,0.0145,11760,386
S2,292,3.861,17.00,17.00,0.0170,12384,388
S2,293,3.876,15.00,15.00,0.0150,13404,389
S2,294,3.891,14.69,14.68,0.0147,12940,391
S2,295,3.905,14.67,14.70,0.0147,15940,392
S2,296,3.919,14.13,14.11,0.0141,21548,394
S2,297,3.934,14.84,14.80,0.0148,12808,395
S2,298,3.951,16.49,16.50,0.0165,12804,397
S2,299,3.967,16.33,16.10,0.0163,15012,398
S2,300,3.983,15.87,16.10,0.0159,13576,400
S2,301,3.999,15.97,15.98,0.0160,24800,402
S2,302,4.015,15.63,15.60,0.0156,16728,403
S2,303,4.030,15.67,15.69,0.0157,22376,405
S2,304,4.047,16.69,16.70,0.0167,13392,406
S2,305,4.064,17.42,17.40,0.0174,13188,408
S2,306,4.081,16.54,16.50,0.0165,12940,410
S2,307,4.097,15.86,15.90,0.0159,13892,411
S2,308,4.113,15.81,15.79,0.0158,13592,413
S2,309,4.128,15.74,15.72,0.0157,17568,415
S2,310,4.144,16.07,16.08,0.0161,13128,416
S2,311,4.161,16.87,16.89,0.0169,13184,418
S2,312,4.177,16.02,16.00,0.0160,12896,420
S2,313,4.193,15.83,15.79,0.0158,14316,421
S2,314,4.209,15.49,15.50,0.0155,14396,423
S2,315,4.225,16.08,16.10,0.0161,18836,424
S2,316,4.241,16.10,16.09,0.0161,16584,426
S2,317,4.257,15.79,15.79,0.0158,15416,427
S2,318,4.274,16.96,16.91,0.0170,11840,429
S2,319,4.290,16.96,16.99,0.0170,11840,431
S2,320,4.307,16.98,16.98,0.0170,12564,432
S2,321,4.324,16.23,16.21,0.0162,16020,434
S2,322,4.340,16.62,16.61,0.0166,15244,436
S2,323,4.357,16.77,16.79,0.0168,13620,437
S2,324,4.373,16.39,16.39,0.0164,58084,439
S2,325,4.390,16.81,16.80,0.0168,17852,441
S2,326,4.406,15.63,15.61,0.0156,58808,442
S2,327,4.421,15.36,15.39,0.0154,6192,444
S2,328,4.436,15.03,15.01,0.0150,3544,446
S2,329,4.453,16.26,16.28,0.0163,3452,447
S2,330,4.468,15.90,15.89,0.0159,1452,449
S2,331,4.484,15.93,15.91,0.0159,17752,450
S2,332,4.502,17.20,17.18,0.0172,3492,452
S2,333,4.519,16.92,16.91,0.0169,2812,454
S2,334,4.536,17.06,17.10,0.0171,3508,455
S2,335,4.553,17.06,17.08,0.0171,3264,457
S2,336,4.570,16.96,16.92,0.0170,4068,459
S2,337,4.586,16.58,16.59,0.0166,7104,460
S2,338,4.603,16.78,16.79,0.0168,12756,462
S2,339,4.619,16.34,16.31,0.0163,13300,464
S2,340,4.636,17.12,17.09,0.0171,8356,465
S2,341,4.654,17.22,17.27,0.0172,5228,467
S2,342,4.671,17.02,17.01,0.0170,7552,469
S2,343,4.688,16.85,16.81,0.0169,9780,470
S2,344,4.704,16.45,16.48,0.0164,3180,472
S2,345,4.721,17.05,17.02,0.0171,30468,474
S2,346,4.738,16.57,16.58,0.0166,7232,475
S2,347,4.756,18.50,18.50,0.0185,3540,477
S2,348,4.773,17.09,17.09,0.0171,3180,479
S2,349,4.790,16.81,16.80,0.0168,6792,481
S2,350,4.806,16.40,16.40,0.0164,544,482
S2,351,4.823,16.51,16.50,0.0165,10840,484
S2,352,4.840,16.69,16.70,0.0167,8284,486
S2,353,4.856,16.49,16.48,0.0165,8800,487
S2,354,4.873,17.11,17.12,0.0171,459632,489
S2,355,4.890,16.90,16.89,0.0169,2704,491
S2,356,4.907,16.78,16.79,0.0168,3428,492
S2,357,4.923,16.38,16.34,0.0164,624,494
S2,358,4.941,17.65,17.68,0.0176,1480,496
S2,359,4.958,16.71,16.69,0.0167,50280,497
S2,360,4.974,16.60,16.61,0.0166,27860,499
S2,361,4.991,16.99,16.99,0.0170,30144,501
S2,362,5.008,17.29,17.29,0.0173,18800,503
S2,363,5.026,17.14,17.12,0.0171,3716,504
S2,364,5.043,17.50,17.49,0.0175,2004,506
S2,365,5.060,17.38,17.40,0.0174,4752,508
S2,366,5.077,16.42,16.40,0.0164,28508,509
S2,367,5.094,16.95,16.98,0.0170,15500,511
S2,368,5.111,17.01,17.01,0.0170,41776,513
S2,369,5.128,16.93,16.90,0.0169,1348,514
S2,370,5.146,17.78,17.79,0.0178,11836,516
S2,371,5.163,17.20,17.20,0.0172,868,518
S2,372,5.181,17.80,17.81,0.0178,1588,520
S2,373,5.199,18.09,18.09,0.0181,19572,521
S2,374,5.217,18.02,18.00,0.0180,16740,523
S2,375,5.235,18.61,18.60,0.0186,18144,525
S2,376,5.254,18.39,18.40,0.0184,2256,527
S2,377,5.273,18.91,18.90,0.0189,7008,529
S2,378,5.291,17.92,17.90,0.0179,8848,531
S2,379,5.308,17.95,17.99,0.0179,10412,532
S2,380,5.326,17.74,17.70,0.0177,3116,534
S2,381,5.345,18.29,18.22,0.0183,1428,536
S2,382,5.363,18.91,18.98,0.0189,676,538
S2,383,5.382,18.11,18.09,0.0181,624,540
S2,384,5.399,17.53,17.58,0.0175,1680,542
S2,385,5.420,20.74,20.71,0.0207,1600,543
S2,386,5.439,18.72,18.70,0.0187,4528,545
S2,387,5.458,19.54,19.58,0.0195,3180,547
S2,388,5.477,18.55,18.52,0.0185,13040,549
S2,389,5.497,20.67,20.65,0.0207,1428,551
S2,390,5.517,19.25,19.23,0.0193,1428,553
S2,391,5.538,21.31,21.31,0.0213,19768,555
S2,392,5.559,20.77,20.78,0.0208,69280,557
S2,393,5.577,18.61,18.60,0.0186,676,559
S2,394,5.595,17.82,17.80,0.0178,8848,561
S2,395,5.614,19.16,19.18,0.0192,1916,563
S2,396,5.635,20.90,20.91,0.0209,6712,565
S2,397,5.657,21.59,21.60,0.0216,11084,567
S2,398,5.674,17.42,17.39,0.0174,23856,569
S2,399,5.692,17.50,17.51,0.0175,8284,571
S2,400,5.709,17.06,17.08,0.0171,6204,573
S2,401,5.728,18.92,18.91,0.0189,2436,574
S2,402,5.746,18.61,18.60,0.0186,14956,576
S2,403,5.765,18.60,18.61,0.0186,12756,578
S2,404,5.783,17.79,17.79,0.0178,12808,580
S2,405,5.801,18.91,18.91,0.0189,12756,582
S2,406,5.818,16.27,16.28,0.0163,624,584
S2,407,5.835,16.91,16.90,0.0169,3460,585
S2,408,5.852,17.41,17.40,0.0174,5736,587
S2,409,5.870,18.34,18.32,0.0183,624,589
S2,410,5.889,18.56,18.58,0.0186,1348,590
S2,411,5.908,19.01,19.00,0.0190,31272,592
S2,412,5.928,19.58,19.60,0.0196,7008,594
S2,413,5.947,19.73,19.68,0.0197,624,596
S2,414,5.966,18.38,18.40,0.0184,624,598
S2,415,5.984,18.43,18.13,0.0184,676,600
S2,416,6.224,27.16,27.21,0.0272,128040,612
S2,417,6.243,19.30,19.29,0.0193,35528,615
S2,418,6.262,18.83,18.81,0.0188,51408,616
S2,419,6.282,19.67,19.68,0.0197,2732,618
S2,420,6.301,19.22,19.21,0.0192,624,620
S2,421,6.321,19.87,19.89,0.0199,13560,622
S2,422,6.344,23.03,23.00,0.0230,13560,624
S2,423,6.364,19.67,19.69,0.0197,1996,627
S2,424,6.381,17.81,17.79,0.0178,2664,628
S2,425,6.399,17.80,17.80,0.0178,17044,630
S2,426,6.417,18.31,18.31,0.0183,29872,632
S2,427,6.436,18.51,18.50,0.0185,3084,634
S2,428,6.454,17.87,17.88,0.0179,14400,636
S2,429,6.473,18.71,18.71,0.0187,14232,638
S2,430,6.491,18.21,18.20,0.0182,16992,639
S2,431,6.509,18.19,18.19,0.0182,624,641
S2,432,6.528,18.72,18.71,0.0187,1428,643
S2,433,6.548,19.99,19.99,0.0200,1428,645
S2,434,6.569,20.91,20.90,0.0209,1428,647
S2,435,6.588,19.59,19.59,0.0196,2736,649
S2,436,6.607,19.24,19.21,0.0192,17876,651
S2,437,6.626,18.65,18.68,0.0187,4280,653
S2,438,6.645,18.82,18.81,0.0188,4948,655
S2,439,6.665,19.89,19.90,0.0199,19244,657
S2,440,6.684,19.13,19.10,0.0191,19660,659
S2,441,6.703,19.26,19.30,0.0193,624,661
S2,442,6.721,18.02,18.00,0.0180,1088,662
S2,443,6.740,18.36,18.39,0.0184,4172,664
S2,444,6.758,18.70,18.69,0.0187,1428,666
S2,445,6.777,19.13,19.10,0.0191,33456,668
S2,446,6.796,18.50,18.51,0.0185,624,670
S2,447,6.814,17.97,17.99,0.0180,13040,672
S2,448,6.832,18.44,18.40,0.0184,53072,674
S2,449,6.850,18.07,18.10,0.0181,43116,675
S2,450,6.868,18.01,17.99,0.0180,2484,677
S2,451,6.886,17.95,17.91,0.0180,588,678
S2,452,6.904,17.53,17.58,0.0175,6868,678
S2,453,6.921,17.01,17.00,0.0170,18352,678
S2,454,6.938,17.16,17.11,0.0172,1876,678
S2,455,6.958,19.55,19.59,0.0196,1780,678
S2,456,6.977,19.21,19.20,0.0192,708,678
S2,457,6.996,18.80,18.80,0.0188,10968,678
S2,458,7.015,19.12,19.13,0.0191,9408,678
S2,459,7.034,19.30,19.26,0.0193,53332,678
S2,460,7.054,20.19,20.20,0.0202,2496,678
S2,461,7.074,20.06,20.10,0.0201,13712,678
S2,462,7.095,20.53,20.50,0.0205,15044,678
S2,463,7.114,18.99,19.00,0.0190,17428,678
S2,464,7.134,20.00,19.99,0.0200,1268,678
S2,465,7.155,21.17,21.19,0.0212,1268,678
S2,466,7.175,20.25,20.22,0.0202,2200,678
S2,467,7.196,20.39,20.39,0.0204,1688,678
S2,468,7.217,20.99,21.00,0.0210,3308,678
S2,469,7.238,21.01,21.00,0.0210,36552,678
S2,470,7.259,21.32,21.30,0.0213,28708,678
S2,471,7.279,20.45,20.48,0.0205,34332,678
S2,472,7.299,19.30,19.29,0.0193,464,678
S2,473,7.318,19.59,19.52,0.0196,1268,678
S2,474,7.338,19.44,19.48,0.0194,1240,678
S2,475,7.357,19.62,19.60,0.0196,2708,678
S2,476,7.378,20.27,20.29,0.0203,12136,678
S2,477,7.397,19.71,19.72,0.0197,2324,678
S2,478,7.417,19.70,19.66,0.0197,6452,678
S2,479,7.437,20.38,20.40,0.0204,16228,678
S2,480,7.457,20.03,20.01,0.0200,11244,678
S2,481,7.478,20.58,20.59,0.0206,25532,678
S2,482,7.498,20.29,20.30,0.0203,1268,678
S2,483,7.519,21.02,21.00,0.0210,5428,678
S2,484,7.539,20.08,20.09,0.0201,2292,678
S2,485,7.560,20.57,20.51,0.0206,976,678
S2,486,7.579,19.31,19.38,0.0193,5212,678
S2,487,7.600,20.66,20.61,0.0207,2936,678
S2,488,7.620,20.28,20.29,0.0203,1940,678
S2,489,7.640,19.36,19.40,0.0194,1480,678
S2,490,7.660,20.23,20.20,0.0202,2924,678
S2,491,7.679,19.07,19.10,0.0191,2544,678
S2,492,7.698,19.21,19.20,0.0192,3348,678
S2,493,7.718,20.13,20.10,0.0201,1528,678
S2,494,7.739,20.38,20.40,0.0204,37292,677
S2,495,7.758,19.62,19.59,0.0196,27064,677
S2,496,7.778,19.98,19.99,0.0200,15172,677
S2,497,7.798,19.59,19.61,0.0196,18172,677
S2,498,7.817,19.63,19.59,0.0196,2708,677
S2,499,7.837,19.28,19.29,0.0193,17684,677
S2,500,7.859,22.68,22.69,0.0227,1320,677
S2,501,7.882,22.82,22.81,0.0228,1780,677
S2,502,7.903,20.99,20.99,0.0210,3444,677
S2,503,7.924,20.49,20.51,0.0205,9884,677
S2,504,7.945,20.91,20.90,0.0209,9404,677
S2,505,7.965,20.89,20.89,0.0209,55416,677
S2,506,7.987,21.51,21.29,0.0215,1268,677
S2,507,8.007,19.99,20.21,0.0200,1268,677
S2,508,8.027,19.58,19.52,0.0196,2072,677
S2,509,8.046,19.22,19.28,0.0192,70672,677
S2,510,8.066,19.77,19.78,0.0198,1320,677
S2,511,8.086,20.63,20.62,0.0206,1268,677
S2,512,8.107,21.19,21.19,0.0212,17976,677
S2,513,8.128,20.40,20.40,0.0204,34776,677
S2,514,8.150,22.61,22.60,0.0226,18740,677
S2,515,8.174,23.12,23.09,0.0231,41948,677
S2,516,8.196,22.39,22.40,0.0224,18740,676
S2,517,8.219,22.80,22.79,0.0228,2812,676
S2,518,8.242,23.60,23.61,0.0236,63572,676
S2,519,8.265,23.09,23.10,0.0231,1268,676
S2,520,8.288,22.75,22.71,0.0228,9864,676
S2,521,8.310,21.43,21.39,0.0214,7052,676
S2,522,8.332,22.81,22.87,0.0228,5396,676
S2,523,8.355,22.60,22.61,0.0226,51704,676
S2,524,8.376,21.30,21.30,0.0213,17684,676
S2,525,8.403,26.99,27.00,0.0270,27064,675
S2,526,8.426,23.06,23.00,0.0231,12972,675
S2,527,8.449,23.15,23.20,0.0231,4172,675
S2,528,8.474,24.31,24.29,0.0243,25692,675
S2,529,8.499,24.80,24.80,0.0248,10372,675
S2,530,8.525,26.13,26.11,0.0261,6256,675
S2,531,8.551,26.52,26.49,0.0265,1268,674
S2,532,8.578,26.58,26.60,0.0266,34484,674
S2,533,8.603,25.25,25.21,0.0253,62052,674
S2,534,8.628,24.97,25.01,0.0250,37052,674
S2,535,8.654,25.75,25.76,0.0257,1556,674
S2,536,8.679,24.72,24.71,0.0247,6380,674
S2,537,8.703,24.50,24.50,0.0245,1320,674
S2,538,8.728,25.22,25.20,0.0252,27064,674
S2,539,8.759,30.29,30.29,0.0303,27288,673
S2,540,8.794,35.19,35.10,0.0352,39280,673
S2,541,8.821,26.84,26.89,0.0268,2324,673
S2,542,8.849,28.78,28.79,0.0288,56880,673
S2,543,8.877,28.02,27.98,0.0280,33756,673
S2,544,8.903,25.94,25.99,0.0259,1268,673
S2,545,8.928,24.20,24.20,0.0242,1320,672
S2,546,8.952,24.26,24.22,0.0243,13940,672
S2,547,8.976,24.41,24.39,0.0244,1268,672
S2,548,9.000,23.56,23.58,0.0236,1268,672
S2,549,9.024,24.70,24.69,0.0247,30688,672
S2,550,9.050,25.39,25.39,0.0254,14768,672
S2,551,9.075,25.59,25.60,0.0256,1556,672
S2,552,9.103,27.63,27.60,0.0276,35188,672
S2,553,9.129,25.99,26.01,0.0260,8172,672
S2,554,9.155,25.44,25.39,0.0254,4644,672
S2,555,9.181,26.26,26.30,0.0263,16556,672
S2,556,9.205,24.10,24.10,0.0241,52056,672
S2,557,9.229,24.37,24.38,0.0244,1268,672
S2,558,9.263,34.12,34.11,0.0341,2056,672
S2,559,9.287,24.03,24.01,0.0240,8228,672
S2,560,9.311,23.38,23.40,0.0234,1268,672
S2,561,9.333,22.63,22.59,0.0226,22828,672
S2,562,9.358,24.37,24.40,0.0244,12480,672
S2,563,9.382,24.77,24.79,0.0248,1268,672
S2,564,9.408,25.12,25.09,0.0251,1268,672
S2,565,9.433,25.37,25.31,0.0254,1268,672
S2,566,9.459,25.93,25.98,0.0259,17716,672
S2,567,9.489,29.61,29.60,0.0296,1268,672
S2,568,9.516,27.93,27.90,0.0279,1268,672
S2,569,9.544,27.66,27.69,0.0277,25952,672
S2,570,9.571,27.22,27.20,0.0272,9576,672
S2,571,9.600,28.07,28.00,0.0281,3348,672
S2,572,9.626,26.48,26.50,0.0265,36180,672
S2,573,9.654,28.41,28.47,0.0284,1268,672
S2,574,9.685,30.73,30.63,0.0307,52860,672
S2,575,9.719,33.99,34.07,0.0340,1268,672
S2,576,9.746,26.75,26.71,0.0268,34616,672
S2,577,9.771,25.66,25.70,0.0257,3452,672
S2,578,9.795,23.97,23.99,0.0240,1904,672
S2,579,9.818,22.72,22.70,0.0227,18772,672
S2,580,9.842,23.59,23.61,0.0236,1268,671
S2,581,9.866,24.13,24.10,0.0241,1788,671
S2,582,9.893,27.52,27.50,0.0275,32644,671
S2,583,9.918,24.34,24.39,0.0243,32644,671
S2,584,9.942,24.64,24.61,0.0246,2324,671
S2,585,9.967,24.36,24.37,0.0244,4068,671
S2,586,9.991,24.13,23.89,0.0241,2040,671
S2,587,10.015,24.04,24.30,0.0240,25532,671
S2,588,10.038,23.55,23.51,0.0235,17232,671
S2,589,10.061,22.66,22.70,0.0227,1268,671
S2,590,10.084,22.70,22.70,0.0227,34100,671
S2,591,10.105,21.71,21.69,0.0217,1816,671
S2,592,10.128,22.41,22.42,0.0224,1268,671
S2,593,10.151,22.61,22.60,0.0226,25820,671
S2,594,10.174,23.00,22.99,0.0230,53264,671
S2,595,10.197,23.48,23.49,0.0235,11376,671
S2,596,10.222,24.53,24.51,0.0245,1268,671
S2,597,10.246,24.71,24.70,0.0247,1268,671
S2,598,10.271,24.26,24.30,0.0243,2088,671
S2,599,10.295,24.36,24.30,0.0244,20484,671
S2,600,10.320,24.84,24.89,0.0248,43768,670
S2,601,10.344,24.27,24.22,0.0243,43512,670
S2,602,10.407,63.30,63.28,0.0633,1808,670
S2,603,10.434,26.89,26.89,0.0269,5156,670
S2,604,10.458,24.23,24.27,0.0242,10036,669
S2,605,10.484,25.21,25.21,0.0252,9492,669
S2,606,10.506,22.25,22.21,0.0223,6044,669
S2,607,10.531,24.79,24.79,0.0248,25532,669
S2,608,10.554,23.31,23.30,0.0233,1688,669
S2,609,10.579,24.79,24.80,0.0248,34100,669
S2,610,10.601,22.19,22.19,0.0222,3380,669
S2,611,10.625,24.30,24.30,0.0243,2096,669
S2,612,10.648,22.85,22.88,0.0229,1608,669
S2,613,10.671,23.25,23.21,0.0233,58516,669
S2,614,10.695,24.08,24.10,0.0241,6740,669
S2,615,10.720,24.31,24.30,0.0243,2012,669
S2,616,10.743,23.54,23.49,0.0235,1268,669
S2,617,10.767,24.02,24.09,0.0240,1268,669
S2,618,10.791,23.41,23.39,0.0234,1268,669
S2,619,10.814,23.30,23.31,0.0233,1512,669
S2,620,10.837,22.80,22.80,0.0228,18696,669
S2,621,10.861,24.52,24.50,0.0245,2376,669
S2,622,10.886,24.73,24.70,0.0247,60280,668
S2,623,10.912,25.66,25.69,0.0257,1268,668
S2,624,10.936,24.13,24.10,0.0241,2368,668
S2,625,10.962,26.24,26.19,0.0262,2096,668
S2,626,10.987,24.43,24.48,0.0244,1812,668
S2,627,11.011,24.59,24.61,0.0246,13528,668
S2,628,11.035,23.93,23.89,0.0239,13400,668
S2,629,11.059,24.19,24.21,0.0242,1688,668
S2,630,11.085,26.20,26.19,0.0262,4484,667
S2,631,11.109,23.57,23.59,0.0236,1556,667
S2,632,11.132,22.98,23.00,0.0230,1268,667
S2,633,11.157,24.52,24.50,0.0245,1268,667
S2,634,11.181,24.58,24.59,0.0246,18740,667
S2,635,11.205,23.98,24.00,0.0240,77532,667
S2,636,11.230,24.53,24.50,0.0245,9404,667
S2,637,11.253,23.52,23.51,0.0235,1812,667
S2,638,11.277,24.12,24.09,0.0241,2568,667
S2,639,11.298,20.30,20.31,0.0203,1236,667
S2,640,11.318,20.37,20.39,0.0204,4084,667
S2,641,11.338,20.20,20.20,0.0202,11296,667
S2,642,11.358,19.89,19.88,0.0199,464,667
S2,643,11.377,19.19,19.20,0.0192,3892,667
S2,644,11.397,20.09,20.09,0.0201,464,667
S2,645,11.418,21.07,21.01,0.0211,30928,667
S2,646,11.442,23.72,23.70,0.0237,2368,667
S2,647,11.466,23.73,23.78,0.0237,27064,667
S2,648,11.490,24.16,24.11,0.0242,3636,667
S2,649,11.513,23.35,23.39,0.0233,6900,667
S2,650,11.535,21.99,22.00,0.0220,34100,667
S2,651,11.558,22.34,22.30,0.0223,25532,667
S2,652,11.582,24.29,24.29,0.0243,2324,667
S2,653,11.606,23.88,23.89,0.0239,1268,667
S2,654,11.630,24.24,24.21,0.0242,9948,667
S2,655,11.653,23.37,23.39,0.0234,464,667
S2,656,11.677,23.26,23.22,0.0233,5396,667
S2,657,11.700,23.10,23.08,0.0231,1812,667
S2,658,11.721,21.42,21.48,0.0214,3476,667
S2,659,11.744,22.31,22.31,0.0223,1268,667
S2,660,11.766,21.97,21.99,0.0220,15956,667
S2,661,11.787,21.73,21.72,0.0217,6672,667
S2,662,11.842,54.57,54.57,0.0546,52860,667
S2,663,11.868,26.44,26.41,0.0264,50792,667
S2,664,11.890,21.86,21.88,0.0219,2232,667
S2,665,11.911,21.25,21.21,0.0212,1988,667
S2,666,11.932,20.98,21.00,0.0210,3400,667
S2,667,11.953,20.88,20.90,0.0209,7108,667
S2,668,11.974,21.13,21.10,0.0211,3124,667
S2,669,11.996,21.47,21.30,0.0215,2324,667
S2,670,12.017,21.21,21.40,0.0212,1268,667
S2,671,12.037,20.09,20.08,0.0201,15956,667
S2,672,12.057,19.47,19.50,0.0195,1268,667
S2,673,12.078,21.02,20.99,0.0210,9492,667
S2,674,12.100,21.92,21.91,0.0219,7928,667
S2,675,12.122,22.41,22.40,0.0224,1844,667
S2,676,12.145,23.00,23.00,0.0230,1320,667
S2,677,12.168,22.88,22.88,0.0229,17528,667
S2,678,12.190,22.47,22.49,0.0225,2324,667
S2,679,12.212,21.53,21.52,0.0215,1812,667
S2,680,12.234,22.25,22.21,0.0222,1268,667
S2,681,12.255,21.17,21.19,0.0212,3348,667
S2,682,12.277,21.98,21.99,0.0220,1756,667
S2,683,12.298,20.39,20.39,0.0204,2708,667
S2,684,12.318,20.20,20.21,0.0202,1268,667
S2,685,12.338,19.80,19.80,0.0198,1268,667
S2,686,12.359,21.20,21.19,0.0212,10632,667
S2,687,12.379,20.47,20.50,0.0205,6916,667
S2,688,12.399,20.09,20.08,0.0201,2788,667
S2,689,12.420,20.74,20.70,0.0207,6848,667
S2,690,12.441,20.59,20.61,0.0206,59896,667
S2,691,12.461,20.62,20.60,0.0206,1556,667
S2,692,12.481,20.01,20.00,0.0200,18500,667
S2,693,12.501,19.46,19.48,0.0195,2528,667
S2,694,12.521,20.26,20.22,0.0203,1844,667
S2,695,12.541,19.98,19.99,0.0200,1556,667
S2,696,12.562,21.01,21.01,0.0210,13452,667
S2,697,12.583,20.86,20.88,0.0209,1528,667
S2,698,12.604,20.72,20.70,0.0207,2576,667
S2,699,12.624,20.81,20.81,0.0208,3984,667
S2,700,12.646,21.80,21.79,0.0218,4652,667
S2,701,12.668,21.32,21.30,0.0213,1268,667
S2,702,12.688,20.68,20.70,0.0207,1268,667
S2,703,12.709,20.40,20.39,0.0204,5684,667
S2,704,12.730,21.31,21.30,0.0213,1268,667
S2,705,12.751,21.35,21.29,0.0213,13400,667
S2,706,12.773,21.32,21.38,0.0213,1564,667
S2,707,12.796,22.86,22.82,0.0229,1988,667
S2,708,12.817,21.94,21.97,0.0219,1528,667
S2,709,12.838,20.89,20.91,0.0209,17100,667
S2,710,12.859,20.32,20.29,0.0203,2096,667
S2,711,12.879,20.32,20.30,0.0203,708,667
S2,712,12.899,19.99,20.01,0.0200,1988,667
S2,713,12.919,20.18,20.18,0.0202,1556,667
S2,714,12.939,20.02,20.01,0.0200,3380,667
S2,715,12.960,20.62,20.59,0.0206,1688,667
S2,716,12.981,21.27,21.28,0.0213,6432,667
S2,717,13.003,21.58,21.60,0.0216,2912,667
S2,718,13.024,20.90,20.90,0.0209,20652,667
S2,719,13.043,19.91,19.89,0.0199,1808,667
S2,720,13.063,19.38,19.41,0.0194,1268,667
S2,721,13.082,19.57,19.51,0.0196,17168,667
S2,722,13.102,19.22,19.28,0.0192,28908,667
S2,723,13.122,19.90,19.89,0.0199,4544,667
S2,724,13.141,19.40,19.40,0.0194,13400,667
S2,725,13.164,22.62,22.60,0.0226,27308,667
S2,726,13.185,21.91,21.91,0.0219,7004,667
S2,727,13.207,21.86,21.88,0.0219,2528,667
S2,728,13.229,22.14,22.10,0.0221,1268,667
S2,729,13.251,21.80,21.79,0.0218,1528,667
S2,730,13.272,20.86,20.89,0.0209,1428,667
S2,731,13.293,21.18,21.11,0.0212,2912,667
S2,732,13.314,20.71,20.77,0.0207,3888,667
S2,733,13.334,20.34,20.31,0.0203,4648,667
S2,734,13.354,20.00,20.00,0.0200,20660,667
S2,735,13.374,19.20,19.19,0.0192,5656,667
S2,736,13.393,19.16,19.10,0.0192,27404,667
S2,737,13.412,19.53,19.59,0.0195,1556,667
S2,738,13.433,20.80,20.80,0.0208,2324,667
S2,739,13.453,20.29,20.29,0.0203,1428,667
S2,740,13.473,19.73,19.70,0.0197,3824,667
S2,741,13.493,19.50,19.50,0.0195,10032,667
S2,742,13.513,20.47,20.50,0.0205,8492,667
S2,743,13.534,20.95,20.91,0.0210,3348,667
S2,744,13.555,21.37,21.40,0.0214,1812,667
S2,745,13.578,22.29,22.28,0.0223,2368,667
S2,746,13.599,21.12,21.12,0.0211,1608,667
S2,747,13.620,21.20,21.19,0.0212,4404,667
S2,748,13.641,21.12,21.10,0.0211,2324,667
S2,749,13.662,21.11,21.10,0.0211,1268,667
S2,750,13.683,20.47,20.48,0.0205,8196,667
S2,751,13.704,21.68,21.70,0.0217,30812,667
S2,752,13.725,20.31,20.29,0.0203,3824,667
S2,753,13.744,19.71,19.71,0.0197,1268,667
S2,754,13.765,20.18,20.19,0.0202,1780,667
S2,755,13.786,21.15,21.11,0.0211,1268,667
S2,756,13.807,21.01,21.00,0.0210,7160,667
S2,757,13.828,21.24,21.28,0.0212,1268,667
S2,758,13.849,21.34,21.29,0.0213,8692,667
S2,759,13.870,20.57,20.60,0.0206,25532,667
S2,760,13.891,20.86,20.82,0.0209,4364,667
S2,761,13.912,20.84,20.88,0.0208,28340,667
S2,762,13.932,20.87,20.82,0.0209,1268,667
S2,763,13.953,21.04,21.06,0.0210,1556,667
S2,764,13.974,20.79,20.79,0.0208,17684,667
S2,765,13.995,20.39,20.40,0.0204,1268,666
S2,766,14.018,23.69,23.41,0.0237,8544,666
S2,767,14.039,20.32,20.59,0.0203,5396,666
S2,768,14.060,21.31,21.31,0.0213,3348,666
S2,769,14.082,21.58,21.59,0.0216,6848,666
S2,770,14.103,21.11,21.10,0.0211,1268,666
S2,771,14.123,20.40,20.39,0.0204,1268,666
S2,772,14.145,21.59,21.60,0.0216,5396,666
S2,773,14.166,21.51,21.50,0.0215,2836,666
S2,774,14.188,21.60,21.61,0.0216,3824,666
S2,775,14.207,18.79,18.80,0.0188,464,666
S2,776,14.226,19.00,18.99,0.0190,6900,666
S2,777,14.245,19.42,19.41,0.0194,26020,666
S2,778,14.264,19.18,19.19,0.0192,2708,666
S2,779,14.284,19.53,19.49,0.0195,1268,666
S2,780,14.303,19.69,19.69,0.0197,1268,666
S2,781,14.322,19.07,19.10,0.0191,1268,666
S2,782,14.341,18.73,18.69,0.0187,4592,666
S2,783,14.361,19.49,19.50,0.0195,3348,665
S2,784,14.380,19.30,19.30,0.0193,1268,665
S2,785,14.399,19.04,19.01,0.0190,17528,665
S2,786,14.418,19.06,19.08,0.0191,1268,665
S2,787,14.438,19.82,19.80,0.0198,1320,665
S2,788,14.458,19.95,19.98,0.0200,1268,665
S2,789,14.477,19.54,19.52,0.0195,18228,665
S2,790,14.497,19.85,19.85,0.0198,1268,665
S2,791,14.516,19.13,19.13,0.0191,17684,665
S2,792,14.535,19.11,19.12,0.0191,1948,665
S2,793,14.555,19.78,19.78,0.0198,5556,665
S2,794,14.575,19.85,19.82,0.0198,8216,665
S2,795,14.594,18.98,18.99,0.0190,13688,665
S2,796,14.613,19.38,19.40,0.0194,1268,665
S2,797,14.631,17.99,17.92,0.0180,464,665
S2,798,14.651,19.41,19.47,0.0194,2352,665
S2,799,14.669,18.57,18.52,0.0186,4648,665
S2,800,14.688,18.44,18.47,0.0184,13400,665
S2,801,14.705,17.69,17.71,0.0177,1268,665
S2,802,14.724,18.01,18.00,0.0180,1268,665
S2,803,14.742,18.11,18.10,0.0181,1780,665
S2,804,14.760,17.98,18.01,0.0180,3380,665
S2,805,14.778,18.01,17.99,0.0180,1268,665
S2,806,14.795,17.61,17.60,0.0176,6380,665
S2,807,14.814,18.38,18.40,0.0184,1268,665
S2,808,14.832,18.44,18.40,0.0184,1268,665
S2,809,14.851,18.99,19.00,0.0190,17020,665
S2,810,14.869,18.16,18.19,0.0182,2508,665
S2,811,14.887,17.62,17.60,0.0176,1588,665
S2,812,14.905,18.40,18.40,0.0184,14768,665
S2,813,14.924,18.40,18.39,0.0184,1556,665
S2,814,14.943,19.01,19.00,0.0190,1268,665
S2,815,14.962,19.41,19.40,0.0194,1268,665
S2,816,14.981,19.31,19.31,0.0193,2356,665
S2,817,15.001,19.92,19.90,0.0199,15852,665
S2,818,15.021,20.09,20.09,0.0201,9912,665
S2,819,15.042,20.36,20.40,0.0204,13940,665
S2,820,15.062,20.01,20.00,0.0200,2120,665
S2,821,15.082,20.11,20.10,0.0201,2568,665
S2,822,15.102,19.98,19.99,0.0200,4100,665
S2,823,15.122,19.80,19.80,0.0198,1812,665
S2,824,15.141,19.75,19.72,0.0197,7480,665
S2,825,15.162,20.56,20.59,0.0206,1268,665
S2,826,15.181,19.52,19.50,0.0195,12688,665
S2,827,15.201,19.93,19.88,0.0199,1428,665
S2,828,15.222,20.26,20.31,0.0203,1268,665
S2,829,15.242,20.12,20.10,0.0201,11376,665
S2,830,15.262,19.99,19.98,0.0200,1320,665
S2,831,15.281,18.96,18.99,0.0190,3824,665
S2,832,15.300,19.32,19.31,0.0193,1268,665
S2,833,15.321,20.83,20.79,0.0208,15288,665
S2,834,15.341,20.52,20.50,0.0205,6148,665
S2,835,15.362,20.19,20.20,0.0202,1268,665
S2,836,15.381,19.79,19.79,0.0198,1512,665
S2,837,15.401,20.03,20.00,0.0200,1988,665
S2,838,15.421,19.68,19.70,0.0197,1268,665
S2,839,15.441,20.09,20.10,0.0201,2324,665
S2,840,15.462,20.60,20.59,0.0206,9492,665
S2,841,15.482,20.70,20.71,0.0207,14212,665
S2,842,15.502,19.98,19.97,0.0200,1528,664
S2,843,15.523,20.09,20.11,0.0201,12832,664
S2,844,15.544,21.43,21.41,0.0214,3872,664
S2,845,15.565,20.90,20.90,0.0209,9912,664
S2,846,15.587,22.33,22.30,0.0223,2096,664
S2,847,15.610,22.47,22.48,0.0225,2912,664
S2,848,15.630,20.69,20.72,0.0207,1268,664
S2,849,15.650,20.03,20.00,0.0200,2108,664
S2,850,15.670,19.80,19.80,0.0198,8928,664
S2,851,15.690,19.39,19.39,0.0194,3820,664
S2,852,15.710,19.98,20.00,0.0200,2096,664
S2,853,15.729,19.80,19.79,0.0198,2324,664
S2,854,15.749,19.60,19.60,0.0196,1268,664
S2,855,15.769,20.27,20.28,0.0203,4880,664
S2,856,15.789,19.32,19.30,0.0193,1812,664
S2,857,15.808,19.70,19.69,0.0197,2368,664
S2,858,15.827,18.73,18.72,0.0187,16208,664
S2,859,15.846,18.78,18.80,0.0188,1268,664
S2,860,15.864,18.28,18.27,0.0183,6848,664
S2,861,15.884,19.92,19.91,0.0199,9492,664
S2,862,15.904,20.23,20.21,0.0202,1320,664
S2,863,15.925,20.70,20.69,0.0207,25532,664
S2,864,15.945,20.00,20.01,0.0200,2324,664
S2,865,15.964,19.46,19.48,0.0195,7952,664
S2,866,15.984,19.65,19.61,0.0197,3348,664
S2,867,16.004,19.75,19.80,0.0198,1268,664
S2,868,16.024,19.80,19.59,0.0198,1268,664
S2,869,16.043,19.35,19.50,0.0194,11572,664
S2,870,16.064,20.71,20.71,0.0207,1268,664
S2,871,16.083,19.76,19.79,0.0198,1780,664
S2,872,16.104,20.21,20.20,0.0202,1268,664
S2,873,16.123,19.50,19.50,0.0195,1320,664
S2,874,16.143,19.60,19.60,0.0196,1268,664
S2,875,16.161,18.79,18.80,0.0188,10976,664
S2,876,16.180,19.00,18.99,0.0190,3348,664
S2,877,16.199,18.68,18.69,0.0187,1268,664
S2,878,16.217,18.33,18.30,0.0183,6848,664
S2,879,16.235,17.89,17.91,0.0179,1268,664
S2,880,16.253,17.48,17.49,0.0175,24728,664
S2,881,16.271,18.10,18.09,0.0181,1268,664
S2,882,16.288,17.41,17.40,0.0174,1268,664
S2,883,16.307,18.28,18.29,0.0183,9492,663
S2,884,16.325,18.15,18.11,0.0182,1320,663
S2,885,16.342,17.57,17.59,0.0176,1268,663
S2,886,16.360,18.08,18.10,0.0181,1268,663
S2,887,16.379,18.47,18.44,0.0185,6848,663
S2,888,16.397,18.56,18.56,0.0186,1268,663
S2,889,16.415,17.57,17.59,0.0176,13400,663
S2,890,16.433,18.02,18.00,0.0180,1268,663
S2,891,16.450,17.38,17.39,0.0174,1268,663
S2,892,16.468,17.61,17.62,0.0176,5396,663
S2,893,16.486,18.11,18.09,0.0181,1268,663
S2,894,16.504,17.47,17.49,0.0175,2324,663
S2,895,16.523,19.03,19.01,0.0190,5396,663
S2,896,16.542,19.33,19.31,0.0193,1320,663
S2,897,16.561,19.47,19.49,0.0195,1268,663
S2,898,16.582,20.08,20.08,0.0201,1268,663
S2,899,16.602,20.27,20.22,0.0203,1268,663
S2,900,16.622,20.18,20.20,0.0202,1268,663
S2,901,16.642,20.03,19.99,0.0200,5396,663
S2,902,16.663,21.10,21.09,0.0211,1268,662
S2,903,16.683,19.65,19.69,0.0196,1268,662
S2,904,16.703,20.61,20.60,0.0206,1268,662
S2,905,16.724,20.23,20.20,0.0202,13400,662
S2,906,16.746,22.00,22.00,0.0220,1320,662
S2,907,16.766,20.06,20.08,0.0201,1268,662
S2,908,16.786,20.33,20.30,0.0203,1268,662
S2,909,16.807,20.52,20.57,0.0205,1268,662
S2,910,16.827,20.39,20.33,0.0204,1268,662
S2,911,16.847,20.45,20.46,0.0205,464,662
S2,912,16.867,19.74,19.73,0.0197,1268,662
S2,913,16.887,19.87,19.88,0.0199,1268,662
S2,914,16.906,19.12,19.10,0.0191,1268,662
S2,915,16.926,19.83,19.80,0.0198,17716,662
S2,916,16.947,21.42,21.46,0.0214,1320,662
S2,917,16.967,20.07,20.03,0.0201,1268,662
S2,918,16.988,20.47,20.50,0.0205,1268,662
S2,919,17.008,20.39,20.39,0.0204,1268,662
S2,920,17.029,20.32,20.30,0.0203,1556,662
S2,921,17.049,19.99,20.00,0.0200,1268,662
S2,922,17.068,19.12,19.09,0.0191,13400,662
S2,923,17.087,19.67,19.69,0.0197,1268,662
S2,924,17.107,19.99,20.01,0.0200,1268,662
S2,925,17.127,20.03,20.00,0.0200,13400,662
S2,926,17.147,19.99,20.00,0.0200,516,662
S2,927,17.167,19.19,19.19,0.0192,1268,662
S2,928,17.186,19.21,19.20,0.0192,1268,662
S2,929,17.205,19.20,19.19,0.0192,1556,662
S2,930,17.223,18.29,18.30,0.0183,1268,662
S2,931,17.241,17.79,17.80,0.0178,1268,662
S2,932,17.259,18.00,18.00,0.0180,18004,662
S2,933,17.277,18.20,18.20,0.0182,1972,661
S2,934,17.295,17.91,17.90,0.0179,1268,660
S2,935,17.313,17.99,18.00,0.0180,1268,660
S2,936,17.334,20.40,20.39,0.0204,39196,660
S2,937,17.354,20.69,20.70,0.0207,1320,660
S2,938,17.374,19.63,19.61,0.0196,1268,660
S2,939,17.394,20.45,20.42,0.0204,1268,660
S2,940,17.415,20.63,20.67,0.0206,1268,660
S2,941,17.435,19.82,19.71,0.0198,9492,660
S2,942,17.455,19.94,20.00,0.0199,1556,660
S2,943,17.475,19.87,19.88,0.0199,1268,660
S2,944,17.494,19.72,19.70,0.0197,1268,660
S2,945,17.515,20.58,20.60,0.0206,1268,660
S2,946,17.536,21.00,20.99,0.0210,1268,659
S2,947,17.557,20.71,20.70,0.0207,1320,659
S2,948,17.577,20.80,20.80,0.0208,1268,659
S2,949,17.599,21.49,21.49,0.0215,1268,659
S2,950,17.619,19.74,19.70,0.0197,1268,659
S2,951,17.639,20.46,20.50,0.0205,1268,659
S2,952,17.659,19.53,19.51,0.0195,464,659
S2,953,17.679,20.61,20.59,0.0206,1812,659
S2,954,17.700,20.56,20.58,0.0206,1556,659
S2,955,17.721,21.01,21.01,0.0210,1812,659
S2,956,17.741,20.43,20.41,0.0204,1268,659
S2,957,17.762,20.37,20.39,0.0204,1320,659
S2,958,17.782,20.29,20.29,0.0203,1268,659
S2,959,17.802,20.43,20.39,0.0204,1268,659
S2,960,17.823,20.46,20.49,0.0205,1268,659
S2,961,17.844,20.93,20.90,0.0209,1756,659
S2,962,17.863,19.78,19.79,0.0198,2708,659
S2,963,17.883,19.89,19.89,0.0199,1268,659
S2,964,17.904,20.33,20.31,0.0203,2108,659
S2,965,17.923,19.71,19.70,0.0197,1268,659
S2,966,17.944,20.89,20.89,0.0209,1268,659
S2,967,17.964,19.96,19.98,0.0200,11200,659
S2,968,17.984,19.86,19.81,0.0199,1268,659
S2,969,18.005,20.55,20.60,0.0206,10036,659
S2,970,18.025,20.31,20.09,0.0203,2356,659
S2,971,18.045,20.42,20.60,0.0204,3468,658
S2,972,18.065,20.00,20.00,0.0200,1556,658
S2,973,18.086,20.40,20.40,0.0204,1268,658
S2,974,18.106,19.79,19.79,0.0198,3788,658
S2,975,18.127,21.03,21.00,0.0210,5588,658
S2,976,18.147,20.78,20.81,0.0208,1268,658
S2,977,18.167,19.81,19.78,0.0198,11104,658
S2,978,18.187,20.07,20.10,0.0201,3380,658
S2,979,18.207,19.87,19.89,0.0199,7340,658
S2,980,18.227,19.74,19.70,0.0197,1268,658
S2,981,18.247,20.50,20.53,0.0205,1268,658
S2,982,18.267,19.97,19.96,0.0200,1556,658
S2,983,18.287,20.12,20.10,0.0201,6780,658
S2,984,18.307,19.96,19.99,0.0200,1268,657
S2,985,18.327,19.93,19.91,0.0199,1756,657
S2,986,18.347,20.05,20.04,0.0200,2708,657
S2,987,18.367,19.83,19.85,0.0198,7024,657
S2,988,18.386,19.02,18.99,0.0190,12572,656
S2,989,18.407,20.99,21.00,0.0210,1556,656
S2,990,18.428,20.61,20.60,0.0206,2108,656
S2,991,18.448,20.30,20.30,0.0203,1268,655
S2,992,18.468,19.90,19.89,0.0199,1788,655
S2,993,18.488,20.41,20.41,0.0204,1588,655
S2,994,18.508,19.69,19.69,0.0197,7604,655
S2,995,18.528,19.61,19.59,0.0196,1268,655
S2,996,18.547,19.61,19.64,0.0196,16892,654
S2,997,18.566,18.85,18.84,0.0188,12428,654
S2,998,18.585,19.11,19.11,0.0191,2976,653
S2,999,18.604,18.79,18.80,0.0188,3348,651
S2,1000,18.623,18.81,18.79,0.0188,3348,651
S2,1001,18.642,19.02,19.00,0.0190,4012,650
S2,1002,18.661,19.29,19.30,0.0193,3468,650
S2,1003,18.680,19.22,19.20,0.0192,1268,650
S2,1004,18.700,19.49,19.49,0.0195,14836,650
S2,1005,18.719,19.30,19.31,0.0193,3468,650
S2,1006,18.738,18.89,18.89,0.0189,464,650
S2,1007,18.758,19.40,19.39,0.0194,1268,650
S2,1008,18.777,19.71,19.70,0.0197,2324,650
S2,1009,18.797,20.16,20.19,0.0202,2376,650
S2,1010,18.817,19.23,19.21,0.0192,6380,650
S2,1011,18.836,19.00,19.00,0.0190,3380,650
S2,1012,18.854,18.78,18.80,0.0188,3824,650
S2,1013,18.873,18.83,18.80,0.0188,3824,650
S2,1014,18.893,19.29,19.30,0.0193,43004,650
S2,1015,18.912,19.40,19.40,0.0194,1268,650
S2,1016,18.931,19.41,19.40,0.0194,1268,650
S2,1017,18.952,20.99,20.99,0.0210,1268,650
S2,1018,18.973,20.90,20.90,0.0209,1268,650
S2,1019,18.994,20.56,20.50,0.0206,5428,650
S2,1020,19.016,21.77,21.82,0.0218,1320,650
S2,1021,19.036,20.43,20.40,0.0204,3348,650
S2,1022,19.057,21.16,21.18,0.0212,3348,650
S2,1023,19.078,21.21,21.20,0.0212,1756,650
S2,1024,19.100,21.67,21.68,0.0217,2968,650
S2,1025,19.122,21.84,21.81,0.0218,1528,650
S2,1026,19.144,22.58,22.60,0.0226,12748,650
S2,1027,19.166,21.98,21.99,0.0220,1268,649
S2,1028,19.189,22.12,22.10,0.0221,6848,649
S2,1029,19.211,22.22,22.21,0.0222,8416,649
S2,1030,19.233,22.29,22.29,0.0223,26088,649
S2,1031,19.255,22.38,22.39,0.0224,1812,649
S2,1032,19.278,22.00,22.00,0.0220,1268,649
S2,1033,19.300,22.38,22.39,0.0224,1808,648
S2,1034,19.322,22.23,22.21,0.0222,1808,648
S2,1035,19.344,21.88,21.88,0.0219,1268,648
S2,1036,19.365,21.30,21.31,0.0213,1844,648
S2,1037,19.387,21.23,21.21,0.0212,1756,648
S2,1038,19.409,22.19,22.19,0.0222,2708,648
S2,1039,19.431,22.30,22.30,0.0223,1948,648
S2,1040,19.453,22.43,22.40,0.0224,1480,648
S2,1041,19.476,22.40,22.39,0.0224,2356,648
S2,1042,19.499,23.25,23.29,0.0233,3468,647
S2,1043,19.522,22.43,22.41,0.0224,9768,647
S2,1044,19.543,21.62,21.59,0.0216,1988,647
S2,1045,19.565,21.74,21.80,0.0217,1268,647
S2,1046,19.586,21.44,21.41,0.0214,9524,647
S2,1047,19.609,22.49,22.49,0.0225,5296,647
S2,1048,19.631,22.39,22.40,0.0224,4272,647
S2,1049,19.653,22.00,21.99,0.0220,4164,647
S2,1050,19.675,22.01,22.00,0.0220,1268,647
S2,1051,19.698,22.39,22.40,0.0224,1268,647
S2,1052,19.719,21.92,21.90,0.0219,1268,647
S2,1053,19.742,22.01,22.01,0.0220,1268,647
S2,1054,19.763,21.56,21.59,0.0216,2896,647
S2,1055,19.783,20.22,20.19,0.0202,2656,647
S2,1056,19.803,19.68,19.70,0.0197,10592,646
S2,1057,19.824,20.71,20.70,0.0207,5672,646
S2,1058,19.844,20.01,20.00,0.0200,1988,646
S2,1059,19.864,19.86,19.89,0.0199,1320,646
S2,1060,19.884,20.50,20.50,0.0205,1268,646
S2,1061,19.906,22.04,22.01,0.0220,2612,645
S2,1062,19.926,19.79,19.80,0.0198,5024,645
S2,1063,19.946,19.81,19.80,0.0198,6380,645
S2,1064,19.966,20.58,20.58,0.0206,1268,645
S2,1065,19.986,20.01,20.01,0.0200,7108,645
S2,1066,20.006,20.09,20.09,0.0201,7008,645
S2,1067,20.028,21.43,21.20,0.0214,1268,645
S2,1068,20.048,20.46,20.69,0.0205,1268,645
S2,1069,20.068,20.01,20.00,0.0200,1860,644
S2,1070,20.089,21.23,21.19,0.0212,2612,644
S2,1071,20.111,21.18,21.21,0.0212,7984,644
S2,1072,20.132,20.91,20.90,0.0209,1512,644
S2,1073,20.152,20.63,20.60,0.0206,1988,644
S2,1074,20.174,21.56,21.59,0.0216,1268,644
S2,1075,20.195,21.02,21.01,0.0210,1268,644
S2,1076,20.216,20.99,20.98,0.0210,1268,644
S2,1077,20.238,21.98,22.00,0.0220,2912,644
S2,1078,20.259,21.20,21.20,0.0212,1268,644
S2,1079,20.279,20.31,20.29,0.0203,1580,644
S2,1080,20.300,20.78,20.79,0.0208,14668,643
S2,1081,20.324,23.99,23.92,0.0240,2096,642
S2,1082,20.349,25.39,25.39,0.0254,1268,642
S2,1083,20.372,22.66,22.69,0.0227,1512,641
S2,1084,20.394,22.40,22.41,0.0224,6116,641
S2,1085,20.416,21.69,21.68,0.0217,5900,641
S2,1086,20.438,21.99,22.01,0.0220,3044,641
S2,1087,20.460,21.75,21.69,0.0217,2232,641
S2,1088,20.481,21.57,21.59,0.0216,8704,641
S2,1089,20.504,22.78,22.81,0.0228,4652,641
S2,1090,20.526,21.83,21.79,0.0218,1268,641
S2,1091,20.548,21.66,21.68,0.0217,2096,640
S2,1092,20.570,21.93,21.93,0.0219,1512,640
S2,1093,20.591,21.74,21.70,0.0217,1988,640
S2,1094,20.614,22.76,22.79,0.0228,2232,640
S2,1095,20.637,22.50,22.49,0.0225,3348,640
S2,1096,20.659,22.48,22.50,0.0225,3740,640
S2,1097,20.682,23.02,23.00,0.0230,1268,640
S2,1098,20.705,22.58,22.60,0.0226,2420,640
S2,1099,20.728,23.03,23.00,0.0230,6452,640
S2,1100,20.750,22.44,22.41,0.0224,7952,640
S2,1101,20.773,22.27,22.29,0.0223,1812,640
S2,1102,20.796,23.13,23.10,0.0231,2612,640
S2,1103,20.819,23.59,23.59,0.0236,2248,640
S2,1104,20.845,25.30,25.30,0.0253,1268,640
S2,1105,20.870,25.31,25.30,0.0253,7446,640
S2,1106,20.894,23.83,23.80,0.0238,1268,640
S2,1107,20.919,24.80,24.79,0.0248,4932,640
S2,1108,20.943,24.58,24.59,0.0246,8592,640
S2,1109,20.966,23.24,23.28,0.0232,3824,640
S2,1110,20.990,23.33,23.31,0.0233,1268,639
S2,1111,21.013,23.11,23.09,0.0231,4404,639
S2,1112,21.035,22.59,22.60,0.0226,1812,639
S2,1113,21.057,22.20,22.20,0.0222,3824,639
S2,1114,21.080,22.32,22.29,0.0223,2368,639
S2,1115,21.104,24.15,24.18,0.0242,1268,639
S2,1116,21.128,24.23,24.22,0.0242,3400,639
S2,1117,21.152,24.10,24.09,0.0241,3348,639
S2,1118,21.175,22.59,22.60,0.0226,6848,639
S2,1119,21.199,24.23,24.21,0.0242,1268,639
S2,1120,21.225,25.41,25.39,0.0254,1268,639
S2,1121,21.249,24.88,24.90,0.0249,2324,639
S2,1122,21.274,24.49,24.49,0.0245,1268,639
S2,1123,21.298,24.50,24.49,0.0245,6392,639
S2,1124,21.323,24.76,24.72,0.0248,7356,639
S2,1125,21.348,24.55,24.58,0.0245,7220,639
S2,1126,21.372,24.65,24.61,0.0247,1268,639
S2,1127,21.398,25.84,25.88,0.0258,8216,639
S2,1128,21.425,26.38,26.30,0.0264,1556,639
S2,1129,21.451,26.35,26.41,0.0264,1268,638
S2,1130,21.476,25.32,25.30,0.0253,1268,638
S2,1131,21.501,24.78,24.79,0.0248,1268,638
S2,1132,21.526,24.98,24.99,0.0250,1268,638
S2,1133,21.551,24.73,24.72,0.0247,10432,638
S2,1134,21.575,24.38,24.39,0.0244,6392,638
S2,1135,21.600,24.78,24.79,0.0248,1988,638
S2,1136,21.624,24.12,24.10,0.0241,5396,638
S2,1137,21.647,23.45,23.47,0.0234,2108,638
S2,1138,21.670,22.54,22.53,0.0225,2348,638
S2,1139,21.693,23.45,23.39,0.0235,2088,638
S2,1140,21.716,22.84,22.90,0.0228,4100,638
S2,1141,21.739,22.60,22.58,0.0226,1528,638
S2,1142,21.762,23.50,23.50,0.0235,1480,638
S2,1143,21.786,23.25,23.21,0.0233,11960,638
S2,1144,21.809,23.35,23.39,0.0233,3412,638
S2,1145,21.833,23.62,23.60,0.0236,8424,637
S2,1146,21.856,23.69,23.70,0.0237,5396,637
S2,1147,21.881,24.21,24.20,0.0242,1268,637
S2,1148,21.905,24.20,24.19,0.0242,1932,637
S2,1149,21.930,24.77,24.71,0.0248,1988,637
S2,1150,21.953,23.39,23.47,0.0234,2912,637
S2,1151,21.976,23.13,23.10,0.0231,25584,637
S2,1152,22.001,25.20,25.21,0.0252,1268,636
S2,1153,22.026,24.48,24.48,0.0245,8336,636
S2,1154,22.050,24.32,24.10,0.0243,1268,636
S2,1155,22.074,23.98,24.20,0.0240,6380,636
S2,1156,22.098,23.80,23.81,0.0238,5428,636
S2,1157,22.122,24.31,24.30,0.0243,4212,636
S2,1158,22.144,22.38,22.39,0.0224,2248,636
S2,1159,22.167,22.25,22.20,0.0223,4068,636
S2,1160,22.191,24.18,24.18,0.0242,2460,636
S2,1161,22.215,24.07,24.10,0.0241,13400,636
S2,1162,22.237,22.32,22.31,0.0223,2256,636
S2,1163,22.259,22.10,22.09,0.0221,5640,636
S2,1164,22.284,24.33,24.30,0.0243,3872,636
S2,1165,22.309,25.48,25.52,0.0255,12428,635
S2,1166,22.335,26.23,26.18,0.0262,4084,635
S2,1167,22.365,29.47,29.51,0.0295,51440,634
S2,1168,22.393,27.63,27.58,0.0276,6672,633
S2,1169,22.422,29.40,29.41,0.0294,2708,633
S2,1170,22.449,26.59,26.60,0.0266,1268,632
S2,1171,22.474,25.90,25.89,0.0259,1268,632
S2,1172,22.501,26.69,26.68,0.0267,6048,632
S2,1173,22.529,27.44,27.44,0.0274,1268,632
S2,1174,22.558,29.09,29.07,0.0291,4880,632
S2,1175,22.586,28.06,28.09,0.0281,3824,632
S2,1176,22.613,27.16,27.12,0.0272,36692,632
S2,1177,22.640,26.94,26.98,0.0269,13452,632
S2,1178,22.668,28.15,28.10,0.0281,4404,632
S2,1179,22.696,27.71,27.71,0.0277,3824,632
S2,1180,22.721,25.27,25.29,0.0253,1812,632
S2,1181,22.746,24.78,24.81,0.0248,6848,632
S2,1182,22.769,23.31,23.29,0.0233,1268,632
S2,1183,22.793,24.10,24.09,0.0241,11636,630
S2,1184,22.819,25.48,25.50,0.0255,25532,630
S2,1185,22.844,25.54,25.50,0.0255,13452,630
S2,1186,22.867,23.36,23.40,0.0234,3892,630
S2,1187,22.889,21.71,21.69,0.0217,1268,630
S2,1188,22.911,21.79,21.79,0.0218,8928,630
S2,1189,22.932,21.11,21.11,0.0211,2324,630
S2,1190,22.954,22.07,22.09,0.0221,1268,630
S2,1191,22.977,22.82,22.80,0.0228,1268,630
S2,1192,22.999,21.69,21.70,0.0217,1268,630
S2,1193,23.020,21.71,21.70,0.0217,2868,628
S2,1194,23.042,21.91,21.90,0.0219,1320,628
S2,1195,23.063,20.67,20.68,0.0207,11604,628
S2,1196,23.084,20.62,20.61,0.0206,1268,627
S2,1197,23.104,20.79,20.79,0.0208,1268,626
S2,1198,23.125,20.40,20.40,0.0204,1268,625
S2,1199,23.145,20.50,20.51,0.0205,1812,625
S2,1200,23.169,24.00,23.99,0.0240,11764,625
S2,1201,23.196,26.58,26.52,0.0266,20120,625
S2,1202,23.222,25.79,25.79,0.0258,13940,625
S2,1203,23.248,26.16,26.19,0.0262,1608,624
S2,1204,23.274,26.34,26.29,0.0263,1812,623
S2,1205,23.302,27.65,27.69,0.0276,1812,622
S2,1206,23.326,23.92,23.90,0.0239,1780,622
S2,1207,23.348,22.48,22.49,0.0225,7948,622
S2,1208,23.371,23.13,23.11,0.0231,5396,621
S2,1209,23.394,22.31,22.29,0.0223,2324,621
S2,1210,23.416,22.46,22.50,0.0225,1268,621
S2,1211,23.439,23.31,23.29,0.0233,1268,621
S2,1212,23.462,23.09,23.10,0.0231,1832,620
S2,1213,23.488,25.92,25.91,0.0259,1268,620
S2,1214,23.513,24.98,24.99,0.0250,1812,619
S2,1215,23.537,23.48,23.49,0.0235,1268,619
S2,1216,23.562,24.71,24.70,0.0247,2324,619
S2,1217,23.586,24.77,24.72,0.0248,3824,619
S2,1218,23.612,25.35,25.39,0.0253,3348,619
S2,1219,23.638,25.94,25.90,0.0259,1268,617
S2,1220,23.664,26.29,26.29,0.0263,7028,617
S2,1221,23.691,26.92,26.90,0.0269,5448,615
S2,1222,23.718,26.63,26.67,0.0266,1268,614
S2,1223,23.744,25.97,25.91,0.0260,1268,614
S2,1224,23.770,26.45,26.49,0.0264,1268,614
S2,1225,23.795,25.26,25.21,0.0253,919540,614
S2,1226,23.820,25.12,25.17,0.0251,5396,614
S2,1227,23.845,24.74,24.70,0.0247,4404,614
S2,1228,23.869,23.91,23.88,0.0239,3892,613
S2,1229,23.893,24.06,24.10,0.0241,1320,611
S2,1230,23.916,23.39,23.41,0.0234,1268,610
S2,1231,23.941,24.92,24.90,0.0249,12580,609
S2,1232,23.966,24.68,24.70,0.0247,25940,608
S2,1233,23.992,26.33,26.30,0.0263,1268,607
S2,1234,24.016,23.87,23.90,0.0239,25532,606
S2,1235,24.042,25.30,25.29,0.0253,1268,606
S2,1236,24.068,26.73,26.51,0.0267,1268,605
S2,1237,24.094,25.67,25.88,0.0257,1268,605
S2,1238,24.120,25.96,25.91,0.0260,1320,604
S2,1239,24.147,27.49,27.50,0.0275,1268,604
S2,1240,24.174,27.02,26.99,0.0270,7360,604
S2,1241,24.201,26.07,26.09,0.0261,1268,603
S2,1242,24.227,26.54,26.50,0.0265,3348,603
S2,1243,24.254,27.06,27.08,0.0271,1268,603
S2,1244,24.282,27.71,27.70,0.0277,1268,602
S2,1245,24.309,27.40,27.40,0.0274,1268,602
S2,1246,24.336,26.90,26.88,0.0269,3400,601
S2,1247,24.363,26.77,26.80,0.0268,1780,599
S2,1248,24.389,26.67,26.68,0.0267,1756,599
S2,1249,24.415,25.90,25.90,0.0259,70584,599
S2,1250,24.442,26.21,26.18,0.0262,4688,599
S2,1251,24.467,25.22,25.21,0.0252,3244,599
S2,1252,24.493,26.23,26.21,0.0262,13520,598
S2,1253,24.519,25.78,25.79,0.0258,42800,598
S2,1254,24.544,25.04,25.00,0.0250,6512,597
S2,1255,24.570,25.86,25.91,0.0259,2928,596
S2,1256,24.597,27.35,27.33,0.0274,2356,596
S2,1257,24.623,26.34,26.36,0.0263,1268,596
S2,1258,24.651,27.43,27.41,0.0274,2912,594
S2,1259,24.678,27.57,27.58,0.0276,3400,594
S2,1260,24.705,26.89,26.89,0.0269,2708,594
S2,1261,24.733,27.20,27.21,0.0272,7508,592
S2,1262,24.759,26.54,26.49,0.0265,5168,591
S2,1263,24.785,25.77,25.80,0.0258,5552,588
S2,1264,24.811,25.90,25.89,0.0259,7976,585
S2,1265,24.836,25.04,25.01,0.0250,7208,584
S2,1266,24.861,24.88,24.89,0.0249,2612,584
S2,1267,24.886,25.40,25.40,0.0254,2324,583
S2,1268,24.911,24.74,24.78,0.0247,9668,583
S2,1269,24.936,24.73,24.71,0.0247,1268,583
S2,1270,24.961,25.09,25.10,0.0251,2376,583
S2,1271,24.988,27.40,27.39,0.0274,2292,583
S2,1272,25.014,26.33,26.31,0.0263,650,583
S2,1273,25.042,27.88,27.89,0.0279,3348,582
S2,1274,25.070,27.24,27.20,0.0272,4436,581
S2,1275,25.098,28.09,28.10,0.0281,20180,580
S2,1276,25.124,25.98,25.99,0.0260,14604,579
S2,1277,25.150,26.08,26.11,0.0261,1756,578
S2,1278,25.176,26.01,25.99,0.0260,2760,578
S2,1279,25.201,25.56,25.59,0.0256,5428,577
S2,1280,25.227,26.32,26.30,0.0263,2324,577
S2,1281,25.255,27.28,27.30,0.0273,1780,577
S2,1282,25.281,26.19,26.18,0.0262,1268,576
S2,1283,25.307,26.45,26.43,0.0265,15052,576
S2,1284,25.335,27.08,27.08,0.0271,18268,575
S2,1285,25.361,26.90,26.90,0.0269,22204,574
S2,1286,25.396,34.71,34.70,0.0347,1320,573
S2,1287,25.423,27.10,27.09,0.0271,16164,572
S2,1288,25.450,27.22,27.21,0.0272,3348,571
S2,1289,25.484,33.45,33.48,0.0335,2912,569
S2,1290,25.515,31.00,30.99,0.0310,3424,569
S2,1291,25.547,32.17,32.19,0.0322,1780,568
S2,1292,25.581,33.57,33.52,0.0336,1268,568
S2,1293,25.612,30.94,30.91,0.0309,1564,567
S2,1294,25.643,31.52,31.51,0.0315,7568,567
S2,1295,25.673,29.76,29.79,0.0298,8960,567
S2,1296,25.701,28.55,28.57,0.0286,2324,567
S2,1297,25.729,27.74,27.73,0.0277,1268,567
S2,1298,25.758,28.51,28.48,0.0285,6892,566
S2,1299,25.787,29.21,29.19,0.0292,1688,566
S2,1300,25.815,28.19,28.20,0.0282,1320,565
S2,1301,25.845,29.79,29.80,0.0298,1268,565
S2,1302,25.875,29.68,29.68,0.0297,1808,565
S2,1303,25.904,29.51,29.50,0.0295,1556,564
S2,1304,25.934,29.89,29.88,0.0299,1268,563
S2,1305,25.963,28.82,28.81,0.0288,1268,562
S2,1306,25.991,28.42,28.41,0.0284,17376,562
S2,1307,26.019,28.17,28.17,0.0282,11656,562
S2,1308,26.047,27.87,27.90,0.0279,9492,562
S2,1309,26.076,28.34,28.10,0.0283,13400,562
S2,1310,26.107,31.17,31.40,0.0312,1268,562
S2,1311,26.135,28.45,28.41,0.0284,9524,562
S2,1312,26.164,29.17,29.18,0.0292,13400,562
S2,1313,26.193,28.31,28.31,0.0283,1268,562
S2,1314,26.222,28.84,28.86,0.0288,2376,561
S2,1315,26.250,28.03,28.01,0.0280,14984,561
S2,1316,26.278,28.29,28.29,0.0283,1268,561
S2,1317,26.305,26.73,26.72,0.0267,1268,561
S2,1318,26.331,26.28,26.28,0.0263,13400,561
S2,1319,26.359,28.18,28.20,0.0282,1268,561
S2,1320,26.387,28.33,28.30,0.0283,13620,560
S2,1321,26.415,28.09,28.10,0.0281,5396,560
S2,1322,26.444,28.12,28.10,0.0281,1320,559
S2,1323,26.473,29.87,29.89,0.0299,1268,558
S2,1324,26.503,29.50,29.49,0.0295,3348,557
S2,1325,26.538,35.49,35.50,0.0355,1268,557
S2,1326,26.568,29.11,29.11,0.0291,1268,556
S2,1327,26.596,28.09,28.07,0.0281,1268,555
S2,1328,26.625,29.54,29.51,0.0295,1268,554
S2,1329,26.652,27.04,27.08,0.0270,1320,554
S2,1330,26.679,26.86,26.80,0.0269,1268,553
S2,1331,26.706,26.54,26.59,0.0265,1268,551
S2,1332,26.732,26.27,26.20,0.0263,1268,551
S2,1333,26.761,29.28,29.30,0.0293,7092,551
S2,1334,26.788,26.89,26.88,0.0269,2408,550
S2,1335,26.814,26.27,26.28,0.0263,8874,550
S2,1336,26.841,26.84,26.81,0.0268,1268,550
S2,1337,26.868,27.06,27.08,0.0271,26860,549
S2,1338,26.896,27.47,27.42,0.0275,1808,548
S2,1339,26.921,25.64,25.68,0.0256,1268,547
S2,1340,26.949,27.74,27.71,0.0277,1556,547
S2,1341,26.976,26.57,26.58,0.0266,2324,545
S2,1342,27.002,26.40,26.40,0.0264,1556,545
S2,1343,27.029,27.05,27.01,0.0271,650,545
S2,1344,27.056,27.13,27.18,0.0271,2912,544
S2,1345,27.084,28.20,28.20,0.0282,1320,544
S2,1346,27.113,28.53,28.51,0.0285,3348,543
S2,1347,27.141,27.76,27.79,0.0278,9492,541
S2,1348,27.169,28.74,28.70,0.0287,4778,540
S2,1349,27.197,27.62,27.66,0.0276,9524,537
S2,1350,27.223,26.25,26.23,0.0263,2324,537
S2,1351,27.250,26.41,26.41,0.0264,1268,536
S2,1352,27.278,28.32,28.30,0.0283,3824,536
S2,1353,27.312,34.31,34.31,0.0343,1320,535
S2,1354,27.341,28.88,28.88,0.0289,1268,532
S2,1355,27.370,28.76,28.79,0.0288,1268,531
S2,1356,27.399,29.17,29.12,0.0292,1268,531
S2,1357,27.432,32.61,32.60,0.0326,1268,530
S2,1358,27.460,27.91,27.89,0.0279,1268,530
S2,1359,27.488,28.34,28.37,0.0283,1268,530
S2,1360,27.515,26.53,26.51,0.0265,1320,529
S2,1361,27.544,29.89,29.90,0.0299,5428,529
S2,1362,27.572,27.12,27.10,0.0271,1268,529
S2,1363,27.598,26.35,26.38,0.0263,1268,529
S2,1364,27.625,27.16,27.11,0.0272,5428,527
S2,1365,27.655,29.40,29.40,0.0294,2244,527
S2,1366,27.689,34.97,34.97,0.0350,4148,527
S2,1367,27.719,29.83,29.81,0.0298,8926,523
S2,1368,27.746,26.82,26.80,0.0268,1268,522
S2,1369,27.773,27.25,27.28,0.0272,2308,522
S2,1370,27.800,26.79,26.80,0.0268,4068,521
S2,1371,27.832,32.10,32.10,0.0321,2420,520
S2,1372,27.859,26.25,26.21,0.0262,1268,519
S2,1373,27.884,25.77,25.79,0.0258,25532,519
S2,1374,27.912,27.95,27.89,0.0280,1268,518
S2,1375,27.940,27.51,27.58,0.0275,6900,514
S2,1376,27.970,30.37,30.32,0.0304,1756,514
S2,1377,28.000,29.54,29.58,0.0295,9964,512
S2,1378,28.026,26.64,26.60,0.0266,1716,512
S2,1379,28.053,26.54,26.53,0.0265,2348,510
S2,1380,28.080,26.73,26.45,0.0267,1844,508
S2,1381,28.104,24.59,24.90,0.0246,1268,506
S2,1382,28.132,27.87,27.81,0.0279,1268,505
S2,1383,28.159,26.48,26.50,0.0265,1320,505
S2,1384,28.185,26.29,26.28,0.0263,5492,503
S2,1385,28.211,26.71,26.71,0.0267,1268,503
S2,1386,28.238,26.40,26.38,0.0264,11492,501
S2,1387,28.267,29.46,29.50,0.0295,1812,501
S2,1388,28.293,26.07,26.01,0.0261,4500,501
S2,1389,28.321,27.27,27.30,0.0273,3548,500
S2,1390,28.346,24.98,24.99,0.0250,650,499
S2,1391,28.372,25.96,26.00,0.0260,1320,498
S2,1392,28.396,23.92,23.90,0.0239,2348,496
S2,1393,28.420,24.55,24.51,0.0246,1844,496
S2,1394,28.446,26.30,26.30,0.0263,3380,493
S2,1395,28.474,27.77,27.78,0.0278,1268,493
S2,1396,28.504,30.02,30.01,0.0300,1268,491
S2,1397,28.532,28.21,28.19,0.0282,8460,487
S2,1398,28.563,30.40,30.40,0.0304,650,484
S2,1399,28.591,28.30,28.29,0.0283,1320,483
S2,1400,28.620,28.79,28.79,0.0288,37140,481
S2,1401,28.647,27.35,27.36,0.0274,894,481
S2,1402,28.674,26.55,26.53,0.0265,6568,478
S2,1403,28.699,25.55,25.57,0.0256,650,476
S2,1404,28.725,25.26,25.22,0.0253,3348,473
S2,1405,28.749,24.33,24.37,0.0243,3920,471
S2,1406,28.773,24.14,24.11,0.0241,3636,469
S2,1407,28.797,24.31,24.31,0.0243,3400,466
S2,1408,28.822,24.28,24.29,0.0243,1268,463
S2,1409,28.849,27.75,27.70,0.0278,1268,460
S2,1410,28.875,25.23,25.28,0.0252,1268,459
S2,1411,28.901,26.82,26.80,0.0268,12140,458
S2,1412,28.926,24.88,24.90,0.0249,4448,458
S2,1413,28.951,24.57,24.59,0.0246,13400,453
S2,1414,28.976,25.26,25.20,0.0253,1268,449
S2,1415,28.999,23.35,23.40,0.0234,1864,448
S2,1416,29.021,21.40,21.40,0.0214,1268,446
S2,1417,29.043,22.35,22.30,0.0223,23588,443
S2,1418,29.068,25.16,25.18,0.0252,1268,442
S2,1419,29.093,24.67,24.63,0.0247,650,441
S2,1420,29.118,24.42,24.47,0.0244,18772,436
S2,1421,29.144,26.05,26.01,0.0260,1268,434
S2,1422,29.170,26.10,26.09,0.0261,1268,434
S2,1423,29.197,26.86,26.84,0.0269,1268,432
S2,1424,29.221,24.54,24.55,0.0245,1320,430
S2,1425,29.245,24.28,24.31,0.0243,7366,428
S2,1426,29.269,23.41,23.39,0.0234,1268,423
S2,1427,29.292,22.92,22.91,0.0229,1268,422
S2,1428,29.316,24.71,24.70,0.0247,11572,419
S2,1429,29.342,25.39,25.39,0.0254,6848,418
S2,1430,29.365,23.16,23.19,0.0232,6848,417
S2,1431,29.389,23.62,23.60,0.0236,13400,417
S2,1432,29.411,22.31,22.30,0.0223,1268,414
S2,1433,29.434,22.77,22.79,0.0228,1320,412
S2,1434,29.456,22.71,22.70,0.0227,1268,411
S2,1435,29.480,23.50,23.50,0.0235,1268,410
S2,1436,29.504,23.99,23.99,0.0240,1268,409
S2,1437,29.527,23.72,23.71,0.0237,1268,409
S2,1438,29.554,26.53,26.51,0.0265,1268,409
S2,1439,29.578,24.28,24.28,0.0243,1268,409
S2,1440,29.602,24.18,24.20,0.0242,1268,409
S2,1441,29.627,24.55,24.49,0.0246,3348,409
S2,1442,29.652,24.57,24.60,0.0246,1320,409
S2,1443,29.677,25.05,25.01,0.0251,1268,408
S2,1444,29.702,25.03,25.01,0.0250,12428,408
S2,1445,29.727,25.06,25.07,0.0251,1268,405
S2,1446,29.755,27.88,27.90,0.0279,1268,403
S2,1447,29.782,26.80,26.79,0.0268,1268,400
S2,1448,29.809,28.01,27.99,0.0280,1268,399
S2,1449,29.835,25.99,26.01,0.0260,1268,399
S2,1450,29.858,22.67,22.69,0.0227,1320,399
S2,1451,29.881,22.94,22.90,0.0229,1268,396
S2,1452,29.904,22.98,23.00,0.0230,1268,396
S2,1453,29.926,22.09,22.10,0.0221,1268,394
S2,1454,29.949,22.49,22.48,0.0225,1268,394
S2,1455,29.970,21.32,21.31,0.0213,1268,393
S2,1456,29.993,22.80,22.79,0.0228,13400,392
S2,1457,30.016,22.74,22.71,0.0227,1518,390
S2,1458,30.038,22.58,22.59,0.0226,1268,388
S2,1459,30.060,21.74,21.78,0.0217,1538,383
S2,1460,30.081,21.35,21.12,0.0214,1268,381
S2,1461,30.103,21.87,22.09,0.0219,1268,380
S2,1462,30.123,20.01,20.01,0.0200,1268,380
S2,1463,30.144,20.98,20.99,0.0210,6848,380
S2,1464,30.164,19.89,19.90,0.0199,14236,376
S2,1465,30.185,20.92,20.91,0.0209,2392,375
S2,1466,30.206,20.81,20.80,0.0208,1268,372
S2,1467,30.226,20.49,20.50,0.0205,2104,371
S2,1468,30.247,21.39,21.39,0.0214,2104,370
S2,1469,30.268,20.20,20.20,0.0202,1320,369
S2,1470,30.290,22.01,22.00,0.0220,2104,367
S2,1471,30.311,21.57,21.59,0.0216,2104,363
S2,1472,30.334,23.24,23.21,0.0232,2758,358
S2,1473,30.357,22.60,22.59,0.0226,2104,355
S2,1474,30.379,22.19,22.21,0.0222,2104,350
S2,1475,30.401,22.20,22.19,0.0222,2104,348
S2,1476,30.423,21.49,21.50,0.0215,2322,346
S2,1477,30.444,21.40,21.39,0.0214,1268,346
S2,1478,30.465,21.01,21.00,0.0210,2104,344
S2,1479,30.486,20.60,20.60,0.0206,2700,343
S2,1480,30.506,20.29,20.29,0.0203,18738,340
S2,1481,30.526,20.13,20.10,0.0201,1268,340
S2,1482,30.546,19.89,19.89,0.0199,1268,339
S2,1483,30.567,20.28,20.30,0.0203,2104,337
S2,1484,30.586,19.94,19.91,0.0199,12782,337
S2,1485,30.607,20.36,20.40,0.0204,1268,333
S2,1486,30.628,21.42,21.40,0.0214,2104,332
S2,1487,30.649,20.51,20.50,0.0205,2104,326
S2,1488,30.669,20.28,20.29,0.0203,1268,326
S2,1489,30.689,20.33,20.31,0.0203,2374,319
S2,1490,30.709,19.48,19.49,0.0195,2104,318
S2,1491,30.728,18.78,18.79,0.0188,1268,317
S2,1492,30.747,19.30,19.31,0.0193,2104,315
S2,1493,30.767,20.33,20.30,0.0203,2976,309
S2,1494,30.786,18.90,18.90,0.0189,2322,307
S2,1495,30.806,19.57,19.59,0.0196,2104,306
S2,1496,30.824,18.54,18.51,0.0185,1268,306
S2,1497,30.844,19.77,19.79,0.0198,1268,305
S2,1498,30.863,18.90,18.90,0.0189,2540,302
S2,1499,30.883,20.12,20.09,0.0201,1922,297
S2,1500,30.903,20.36,20.39,0.0204,1320,292
S2,1501,30.924,20.22,20.20,0.0202,1268,291
S2,1502,30.943,19.43,19.42,0.0194,2104,288
S2,1503,30.962,19.25,19.28,0.0193,2104,287
S2,1504,30.984,21.23,21.21,0.0212,2392,285
S2,1505,31.003,19.59,19.59,0.0196,2104,283
S2,1506,31.024,20.60,20.60,0.0206,2322,277
S2,1507,31.043,19.32,19.31,0.0193,2758,273
S2,1508,31.062,18.98,18.99,0.0190,1268,269
S2,1509,31.082,19.48,19.48,0.0195,2104,268
S2,1510,31.101,19.22,19.22,0.0192,2104,267
S2,1511,31.120,18.80,18.79,0.0188,2156,265
S2,1512,31.139,19.79,19.80,0.0198,1268,265
S2,1513,31.159,19.40,19.41,0.0194,2104,264
S2,1514,31.177,18.51,18.49,0.0185,1268,263
S2,1515,31.196,18.90,18.90,0.0189,2322,260
S2,1516,31.215,18.69,18.70,0.0187,2104,258
S2,1517,31.234,19.62,19.60,0.0196,1268,256
S2,1518,31.253,18.57,18.59,0.0186,2104,253
S2,1519,31.272,19.23,19.21,0.0192,1268,250
S2,1520,31.291,19.00,18.99,0.0190,2322,248
S2,1521,31.311,19.96,19.97,0.0200,1268,245
S2,1522,31.330,18.71,18.71,0.0187,2156,244
S2,1523,31.349,19.21,19.20,0.0192,2322,241
S2,1524,31.368,18.39,18.41,0.0184,1556,239
S2,1525,31.386,18.09,18.09,0.0181,2104,237
S2,1526,31.405,19.01,19.00,0.0190,1268,235
S2,1527,31.423,18.42,18.40,0.0184,1268,233
S2,1528,31.441,18.38,18.40,0.0184,1268,231
S2,1529,31.460,18.09,18.09,0.0181,2540,226
S2,1530,31.478,18.61,18.61,0.0186,2104,223
S2,1531,31.496,17.59,17.59,0.0176,1268,221
S2,1532,31.515,19.52,19.51,0.0195,1268,219
S2,1533,31.534,18.78,18.79,0.0188,1320,218
S2,1534,31.553,18.51,18.50,0.0185,2540,215
S2,1535,31.571,18.52,18.51,0.0185,1268,215
S2,1536,31.589,18.36,18.38,0.0184,2104,214
S2,1537,31.608,18.51,18.51,0.0185,2104,213
S2,1538,31.628,19.72,19.71,0.0197,1812,212
S2,1539,31.648,19.81,19.80,0.0198,2104,209
S2,1540,31.667,19.17,19.18,0.0192,1704,206
S2,1541,31.684,17.64,17.61,0.0176,464,206
S2,1542,31.702,17.78,17.79,0.0178,2104,205
S2,1543,31.720,18.00,18.00,0.0180,1268,201
S2,1544,31.740,19.59,19.60,0.0196,2156,200
S2,1545,31.759,19.16,19.18,0.0192,1268,200
S2,1546,31.778,19.16,19.12,0.0192,2104,198
S2,1547,31.798,19.54,19.50,0.0195,2322,196
S2,1548,31.818,20.12,20.19,0.0201,1268,196
S2,1549,31.836,18.61,18.60,0.0186,2104,195
S2,1550,31.855,18.51,18.51,0.0185,2104,193
S2,1551,31.873,18.48,18.48,0.0185,1268,193
S2,1552,31.892,18.40,18.40,0.0184,2104,191
S2,1553,31.910,18.21,18.20,0.0182,1268,189
S2,1554,31.928,18.01,18.00,0.0180,2104,186
S2,1555,31.945,17.29,17.30,0.0173,1320,186
S2,1556,31.963,17.62,17.59,0.0176,2104,184
S2,1557,31.980,17.51,17.52,0.0175,1268,184
S2,1558,31.998,17.85,17.88,0.0179,1704,181
S2,1559,32.016,17.64,17.62,0.0176,2104,180
S2,1560,32.035,19.41,19.41,0.0194,1268,180
S2,1561,32.055,19.57,19.58,0.0196,1704,178
S2,1562,32.074,19.54,19.52,0.0195,2104,176
S2,1563,32.093,18.97,18.78,0.0190,1268,174
S2,1564,32.113,19.80,20.01,0.0198,2104,172
S2,1565,32.132,19.38,19.34,0.0194,1268,171
S2,1566,32.152,19.19,19.24,0.0192,1320,169
S2,1567,32.171,19.02,19.01,0.0190,1268,168
S2,1568,32.189,18.32,18.30,0.0183,1268,168
S2,1569,32.208,18.69,18.72,0.0187,1268,167
S2,1570,32.226,18.61,18.59,0.0186,21812,165
S2,1571,32.244,17.90,17.89,0.0179,1268,165
S2,1572,32.262,18.17,18.19,0.0182,1556,164
S2,1573,32.279,16.83,16.81,0.0168,464,164
S2,1574,32.297,18.31,18.30,0.0183,1268,164
S2,1575,32.315,17.08,17.10,0.0171,1268,163
S2,1576,32.332,17.40,17.39,0.0174,1268,163
S2,1577,32.349,17.50,17.50,0.0175,1268,162
S2,1578,32.366,16.99,16.99,0.0170,1320,162
S2,1579,32.384,17.70,17.71,0.0177,1268,161
S2,1580,32.401,17.09,17.08,0.0171,2104,159
S2,1581,32.419,17.91,17.92,0.0179,1268,159
S2,1582,32.436,17.24,17.22,0.0172,2104,158
S2,1583,32.454,17.26,17.27,0.0173,1268,157
S2,1584,32.471,16.91,16.91,0.0169,1268,157
S2,1585,32.488,17.19,17.18,0.0172,650,156
S2,1586,32.505,17.60,17.60,0.0176,2758,148
S2,1587,32.523,17.90,17.90,0.0179,1268,145
S2,1588,32.542,18.39,18.39,0.0184,2104,143
S2,1589,32.561,19.01,18.99,0.0190,2104,142
S2,1590,32.580,18.89,18.91,0.0189,2156,140
S2,1591,32.598,18.79,18.80,0.0188,1268,140
S2,1592,32.617,19.11,19.10,0.0191,1268,138
S2,1593,32.636,18.20,18.20,0.0182,1268,138
S2,1594,32.654,18.00,18.00,0.0180,1268,138
S2,1595,32.672,18.10,18.09,0.0181,1268,138
S2,1596,32.689,17.29,17.30,0.0173,1268,135
S2,1597,32.708,18.60,18.60,0.0186,1268,133
S2,1598,32.725,17.02,17.00,0.0170,1268,130
S2,1599,32.743,18.29,18.31,0.0183,1268,130
S2,1600,32.760,17.27,17.28,0.0173,1268,127
S2,1601,32.777,17.03,17.00,0.0170,1268,126
S2,1602,32.795,17.50,17.51,0.0175,1320,125
S2,1603,32.813,18.51,18.49,0.0185,1268,121
S2,1604,32.832,18.30,18.30,0.0183,2104,119
S2,1605,32.849,17.27,17.29,0.0173,1268,119
S2,1606,32.865,16.62,16.60,0.0166,1268,119
S2,1607,32.882,16.61,16.61,0.0166,1268,119
S2,1608,32.899,16.47,16.49,0.0165,1300,118
S2,1609,32.916,17.02,17.00,0.0170,1268,117
S2,1610,32.932,16.91,16.91,0.0169,2104,116
S2,1611,32.949,16.66,16.69,0.0167,1268,116
S2,1612,32.965,16.22,16.20,0.0162,1268,115
S2,1613,32.983,17.33,17.31,0.0173,2104,112
S2,1614,33.000,17.65,17.67,0.0177,1320,111
S2,1615,33.018,17.42,17.41,0.0174,2104,107
S2,1616,33.035,17.72,17.70,0.0177,1268,106
S2,1617,33.053,17.78,17.80,0.0178,1268,105
S2,1618,33.071,17.49,17.48,0.0175,2104,103
S2,1619,33.087,16.61,16.60,0.0166,1268,100
S2,1620,33.104,16.47,16.50,0.0165,1268,98
S2,1621,33.120,16.61,16.60,0.0166,1268,97
S2,1622,33.137,16.92,16.91,0.0169,2104,96
S2,1623,33.154,16.29,16.29,0.0163,1268,94
S2,1624,33.170,16.01,16.00,0.0160,1268,94
S2,1625,33.186,16.01,16.01,0.0160,464,94
S2,1626,33.202,16.30,16.29,0.0163,1320,94
S2,1627,33.218,16.28,16.29,0.0163,1268,93
S2,1628,33.234,16.21,16.21,0.0162,1268,92
S2,1629,33.250,15.87,15.89,0.0159,464,92
S2,1630,33.266,16.10,16.08,0.0161,1268,90
S2,1631,33.283,16.92,16.93,0.0169,1268,89
S2,1632,33.301,18.00,17.99,0.0180,1268,88
S2,1633,33.319,17.71,17.69,0.0177,1268,87
S2,1634,33.335,16.29,16.30,0.0163,1268,87
S2,1635,33.352,16.88,16.89,0.0169,1268,86
S2,1636,33.368,16.12,16.11,0.0161,1268,85
S2,1637,33.386,17.51,17.50,0.0175,1268,84
S2,1638,33.402,16.43,16.40,0.0164,2156,82
S2,1639,33.418,16.06,16.09,0.0161,1268,81
S2,1640,33.434,15.79,15.79,0.0158,1268,79
S2,1641,33.450,15.90,15.90,0.0159,1268,77
S2,1642,33.466,15.90,15.90,0.0159,2104,76
S2,1643,33.482,16.40,16.39,0.0164,1300,75
S2,1644,33.498,16.19,16.21,0.0162,2104,73
S2,1645,33.514,15.03,14.99,0.0150,464,73
S2,1646,33.529,15.29,15.31,0.0153,1268,73
S2,1647,33.545,15.72,15.69,0.0157,464,73
S2,1648,33.560,15.70,15.69,0.0157,1268,72
S2,1649,33.576,15.40,15.40,0.0154,1268,72
S2,1650,33.592,16.58,16.58,0.0166,1268,72
S2,1651,33.609,16.59,16.60,0.0166,1320,71
S2,1652,33.624,15.52,15.50,0.0155,1268,71
S2,1653,33.640,15.52,15.50,0.0155,1268,70
S2,1654,33.656,16.28,16.29,0.0163,1268,69
S2,1655,33.671,14.79,14.80,0.0148,464,69
S2,1656,33.686,15.21,15.20,0.0152,1268,68
S2,1657,33.701,15.11,15.10,0.0151,1268,65
S2,1658,33.716,15.09,15.10,0.0151,2104,64
S2,1659,33.731,15.01,15.00,0.0150,1268,63
S2,1660,33.746,14.70,14.71,0.0147,1268,63
S2,1661,33.760,14.17,14.17,0.0142,464,63
S2,1662,33.775,14.90,14.91,0.0149,2104,61
S2,1663,33.790,14.51,14.50,0.0145,464,61
S2,1664,33.804,14.29,14.29,0.0143,464,61
S2,1665,33.818,13.91,13.90,0.0139,516,61
S2,1666,33.832,14.60,14.61,0.0146,1268,61
S2,1667,33.847,15.01,14.99,0.0150,1300,60
S2,1668,33.862,14.82,14.81,0.0148,464,60
S2,1669,33.877,14.68,14.68,0.0147,1268,60
S2,1670,33.891,14.59,14.61,0.0146,1736,57
S2,1671,33.907,15.10,15.09,0.0151,1268,57
S2,1672,33.921,14.30,14.30,0.0143,464,57
S2,1673,33.935,14.04,14.02,0.0140,1268,56
S2,1674,33.950,15.05,15.08,0.0150,1268,56
S2,1675,33.964,13.80,13.79,0.0138,464,56
S2,1676,33.978,14.40,14.40,0.0144,1268,55
S2,1677,33.993,14.62,14.60,0.0146,1268,54
S2,1678,34.007,14.10,14.09,0.0141,1268,53
S2,1679,34.021,14.50,14.51,0.0145,1320,52
S2,1680,34.036,14.44,14.39,0.0144,2104,51
S2,1681,34.051,15.35,15.39,0.0154,2104,48
S2,1682,34.066,14.73,14.70,0.0147,2322,46
S2,1683,34.081,14.66,14.69,0.0147,1518,43
S2,1684,34.095,14.52,14.30,0.0145,464,43
S2,1685,34.110,14.68,14.89,0.0147,1268,43
S2,1686,34.124,13.91,13.91,0.0139,1268,42
S2,1687,34.137,13.60,13.60,0.0136,464,42
S2,1688,34.152,14.44,14.40,0.0144,2322,40
S2,1689,34.166,14.68,14.69,0.0147,1300,39
S2,1690,34.181,14.51,14.51,0.0145,1268,39
S2,1691,34.195,14.20,14.20,0.0142,464,39
S2,1692,34.209,13.99,13.99,0.0140,1300,38
S2,1693,34.223,14.39,14.39,0.0144,1320,38
S2,1694,34.238,14.55,14.53,0.0145,2104,37
S2,1695,34.252,14.05,14.08,0.0140,1268,37
S2,1696,34.266,13.81,13.80,0.0138,1268,37
S2,1697,34.280,13.70,13.70,0.0137,1268,34
S2,1698,34.293,13.77,13.78,0.0138,1268,32
S2,1699,34.306,13.10,13.11,0.0131,464,32
S2,1700,34.319,13.01,12.99,0.0130,464,32
S2,1701,34.332,12.63,12.61,0.0126,464,32
S2,1702,34.345,13.07,13.09,0.0131,1268,32
S2,1703,34.359,13.78,13.78,0.0138,1268,31
S2,1704,34.373,13.93,13.92,0.0139,1268,30
S2,1705,34.387,13.72,13.70,0.0137,682,29
S2,1706,34.400,13.15,13.18,0.0132,464,29
S2,1707,34.414,14.07,14.01,0.0141,2104,27
S2,1708,34.427,13.55,13.58,0.0135,516,27
S2,1709,34.441,13.33,13.31,0.0133,1268,27
S2,1710,34.454,13.69,13.69,0.0137,1268,26
S2,1711,34.467,13.08,13.09,0.0131,464,26
S2,1712,34.481,13.29,13.29,0.0133,1518,24
S2,1713,34.494,13.42,13.40,0.0134,1300,23
S2,1714,34.508,13.59,13.60,0.0136,464,23
S2,1715,34.521,13.12,13.09,0.0131,1268,23
S2,1716,34.534,13.19,13.20,0.0132,464,23
S2,1717,34.547,13.27,13.28,0.0133,1268,21
S2,1718,34.561,13.35,13.33,0.0134,464,21
S2,1719,34.574,13.08,13.09,0.0131,1268,21
S2,1720,34.587,13.30,13.30,0.0133,1268,19
S2,1721,34.600,13.39,13.39,0.0134,1268,19
S2,1722,34.613,12.71,12.71,0.0127,464,19
S2,1723,34.626,12.61,12.60,0.0126,464,19
S2,1724,34.639,13.00,13.02,0.0130,1320,18
S2,1725,34.653,13.81,13.78,0.0138,1268,16
S2,1726,34.667,14.72,14.70,0.0147,1268,16
S2,1727,34.681,13.78,13.79,0.0138,464,16
S2,1728,34.695,14.14,14.11,0.0141,464,16
S2,1729,34.711,15.40,15.39,0.0154,2104,15
S2,1730,34.725,14.39,14.40,0.0144,464,15
S2,1731,34.740,14.60,14.60,0.0146,1268,15
S2,1732,34.755,15.68,15.69,0.0157,1268,15
S2,1733,34.771,15.24,15.19,0.0152,464,15
S2,1734,34.785,14.88,14.90,0.0149,33264,15
S2,1735,34.800,14.50,14.49,0.0145,1268,15
S2,1736,34.815,15.37,15.39,0.0154,1268,15
S2,1737,34.831,15.44,15.41,0.0154,1268,15
S2,1738,34.845,14.20,14.20,0.0142,516,15
S2,1739,34.859,13.98,14.01,0.0140,1268,15
S2,1740,34.873,13.71,13.68,0.0137,1268,14
S2,1741,34.887,14.38,14.39,0.0144,1268,12
S2,1742,34.901,14.20,14.21,0.0142,1268,12
S2,1743,34.915,13.80,13.79,0.0138,464,12
S2,1744,34.928,12.93,12.90,0.0129,464,12
S2,1745,34.942,13.68,13.69,0.0137,1268,12
S2,1746,34.956,13.90,13.90,0.0139,1268,11
S2,1747,34.970,14.68,14.68,0.0147,464,11
S2,1748,34.985,14.27,14.21,0.0143,464,11
S2,1749,34.998,14.04,14.08,0.0140,464,11
S2,1750,35.012,13.83,13.80,0.0138,1268,11
S2,1751,35.025,13.10,13.10,0.0131,464,11
S2,1752,35.039,13.52,13.51,0.0135,1268,11
S2,1753,35.052,12.80,12.78,0.0128,516,11
S2,1754,35.064,12.66,12.69,0.0127,464,10
S2,1755,35.076,12.03,12.00,0.0120,464,10
S2,1756,35.089,12.86,12.89,0.0129,1268,9
S2,1757,35.101,12.07,12.09,0.0121,464,9
S2,1758,35.114,12.35,12.31,0.0123,464,9
S2,1759,35.127,12.99,13.00,0.0130,1268,9
S2,1760,35.139,12.28,12.28,0.0123,464,9
S2,1761,35.151,12.32,12.31,0.0123,464,8
S2,1762,35.164,12.20,12.19,0.0122,464,8
S2,1763,35.176,12.52,12.51,0.0125,1268,8
S2,1764,35.188,12.38,12.38,0.0124,464,8
S2,1765,35.201,12.17,12.20,0.0122,464,8
S2,1766,35.213,12.62,12.60,0.0126,1268,8
S2,1767,35.226,12.59,12.59,0.0126,1268,8
S2,1768,35.238,12.31,12.30,0.0123,464,8
S2,1769,35.251,12.58,12.60,0.0126,1268,8
S2,1770,35.263,12.23,12.21,0.0122,516,8
S2,1771,35.276,12.61,12.59,0.0126,1268,8
S2,1772,35.288,12.40,12.40,0.0124,464,7
S2,1773,35.300,11.88,11.88,0.0119,464,7
S2,1774,35.312,11.78,11.80,0.0118,464,7
S2,1775,35.324,12.32,12.31,0.0123,1268,6
S2,1776,35.336,12.61,12.59,0.0126,464,6
S2,1777,35.348,12.00,11.99,0.0120,464,6
S2,1778,35.360,11.90,11.90,0.0119,464,6
S2,1779,35.372,11.80,11.79,0.0118,464,6
S2,1780,35.384,11.91,11.91,0.0119,464,6
S2,1781,35.396,11.79,11.80,0.0118,464,6
S2,1782,35.408,12.49,12.49,0.0125,1268,6
S2,1783,35.420,12.13,12.10,0.0121,464,6
S2,1784,35.432,11.78,11.79,0.0118,464,6
S2,1785,35.444,11.91,11.91,0.0119,464,5
S2,1786,35.456,11.91,11.90,0.0119,464,5
S2,1787,35.468,12.17,12.18,0.0122,1320,5
S2,1788,35.481,12.53,12.51,0.0125,1268,5
S2,1789,35.493,12.17,12.19,0.0122,464,5
S2,1790,35.505,12.47,12.48,0.0125,464,5
S2,1791,35.518,12.24,12.21,0.0122,464,5
S2,1792,35.530,11.88,11.89,0.0119,464,5
S2,1793,35.541,11.71,11.69,0.0117,464,5
S2,1794,35.553,11.49,11.50,0.0115,464,5
S2,1795,35.564,11.71,11.70,0.0117,464,5
S2,1796,35.576,11.42,11.40,0.0114,464,5
S2,1797,35.588,12.06,12.07,0.0121,1268,5
S2,1798,35.600,12.14,12.12,0.0121,464,5
S2,1799,35.612,11.89,11.90,0.0119,464,5
S2,1800,35.624,11.89,11.89,0.0119,464,5
S2,1801,35.637,12.82,12.81,0.0128,1268,5
S2,1802,35.649,12.67,12.69,0.0127,1268,3
S2,1803,35.661,11.93,11.91,0.0119,464,3
S2,1804,35.673,11.82,11.80,0.0118,516,3
S2,1805,35.685,11.69,11.69,0.0117,464,3
S2,1806,35.697,12.56,12.58,0.0126,464,3
S2,1807,35.709,11.51,11.51,0.0115,464,3
S2,1808,35.721,11.81,11.79,0.0118,464,3
S2,1809,35.732,11.79,11.80,0.0118,464,3
S2,1810,35.744,11.69,11.70,0.0117,464,3
S2,1811,35.756,11.81,11.80,0.0118,464,3
S2,1812,35.768,11.80,11.80,0.0118,464,3
S2,1813,35.779,11.51,11.49,0.0115,464,3
S2,1814,35.791,11.49,11.51,0.0115,464,3
S2,1815,35.802,11.60,11.59,0.0116,464,3
S2,1816,35.814,11.19,11.20,0.0112,464,3
S2,1817,35.824,10.94,10.90,0.0109,464,3
S2,1818,35.836,11.50,11.50,0.0115,464,3
S2,1819,35.847,11.34,11.36,0.0113,464,3
S2,1820,35.859,11.42,11.42,0.0114,464,3
S2,1821,35.870,11.52,11.51,0.0115,464,3
S2,1822,35.882,11.81,11.80,0.0118,516,3
S2,1823,35.894,11.48,11.49,0.0115,464,3
S2,1824,35.905,11.49,11.50,0.0115,464,3
S2,1825,35.917,11.54,11.51,0.0115,464,3
S2,1826,35.928,11.69,11.69,0.0117,464,3
S2,1827,35.940,11.38,11.40,0.0114,464,3
S2,1828,35.951,11.53,11.49,0.0115,464,3
S2,1829,35.962,11.28,11.30,0.0113,464,3
S2,1830,35.974,11.38,11.39,0.0114,464,3
S2,1831,35.985,11.13,11.10,0.0111,464,3
S2,1832,35.997,12.37,12.37,0.0124,464,3
S2,1833,36.009,11.49,11.50,0.0115,464,3
S2,1834,36.020,11.21,11.21,0.0112,464,3
S2,1835,36.031,11.41,11.40,0.0114,464,3
S2,1836,36.043,12.00,11.99,0.0120,1268,3
S2,1837,36.055,11.81,11.80,0.0118,464,3
S2,1838,36.067,11.27,11.28,0.0113,464,3
S2,1839,36.078,11.35,11.31,0.0113,464,3
S2,1840,36.089,11.47,11.50,0.0115,516,3
S2,1841,36.101,11.58,11.39,0.0116,464,3
S2,1842,36.112,10.95,11.11,0.0110,464,3
S2,1843,36.123,10.87,10.88,0.0109,464,3
S2,1844,36.134,11.00,11.01,0.0110,464,3
S2,1845,36.145,11.30,11.29,0.0113,464,3
S2,1846,36.156,11.07,11.08,0.0111,464,3
S2,1847,36.167,11.31,11.29,0.0113,464,3
S2,1848,36.179,11.27,11.23,0.0113,464,3
S2,1849,36.190,11.39,11.40,0.0114,464,3
S2,1850,36.202,11.65,11.68,0.0117,464,3
S2,1851,36.213,11.22,11.21,0.0112,464,3
S2,1852,36.224,11.20,11.19,0.0112,464,3
S2,1853,36.236,11.60,11.60,0.0116,464,3
S2,1854,36.247,11.56,11.57,0.0116,464,3
S2,1855,36.259,11.45,11.43,0.0114,464,3
S2,1856,36.270,11.08,11.08,0.0111,464,3
S2,1857,36.281,11.44,11.41,0.0114,464,3
S2,1858,36.293,11.59,11.59,0.0116,516,3
S2,1859,36.304,11.06,11.09,0.0111,464,3
S2,1860,36.315,11.32,11.31,0.0113,464,3
S2,1861,36.326,11.13,11.10,0.0111,464,3
S2,1862,36.338,12.06,12.01,0.0121,464,3
S2,1863,36.350,11.87,11.88,0.0119,464,3
S2,1864,36.363,12.34,12.38,0.0123,464,3
S2,1865,36.375,12.75,12.71,0.0127,464,3
S2,1866,36.388,12.92,12.90,0.0129,464,3
S2,1867,36.401,13.01,13.00,0.0130,464,3
S2,1868,36.414,12.31,12.31,0.0123,464,3
S2,1869,36.426,12.63,12.67,0.0126,464,3
S2,1870,36.438,11.96,11.92,0.0120,464,3
S2,1871,36.451,12.41,12.39,0.0124,464,3
S2,1872,36.463,12.85,12.88,0.0129,464,3
S2,1873,36.477,13.24,13.20,0.0132,464,3
S2,1874,36.490,13.38,13.39,0.0134,464,3
S2,1875,36.503,12.71,12.71,0.0127,516,3
S2,1876,36.515,12.02,11.99,0.0120,464,3
S2,1877,36.528,12.85,12.89,0.0129,464,3
S2,1878,36.541,12.83,12.82,0.0128,464,3
S2,1879,36.554,13.38,13.38,0.0134,1268,3
S2,1880,36.567,13.14,13.10,0.0131,464,3
S2,1881,36.580,12.87,12.89,0.0129,464,3
S2,1882,36.593,12.81,12.79,0.0128,464,3
S2,1883,36.606,13.68,13.69,0.0137,464,3
S2,1884,36.620,13.21,13.19,0.0132,464,3
S2,1885,36.632,12.60,12.60,0.0126,464,3
S2,1886,36.645,12.91,12.90,0.0129,464,3
S2,1887,36.658,12.71,12.70,0.0127,464,3
S2,1888,36.671,13.08,13.08,0.0131,464,3
S2,1889,36.684,12.91,12.91,0.0129,464,3
S2,1890,36.697,13.24,13.27,0.0132,464,3
S2,1891,36.710,12.66,12.63,0.0127,516,3
S2,1892,36.722,12.51,12.48,0.0125,464,3
S2,1893,36.735,12.97,13.00,0.0130,464,3
S2,1894,36.750,14.78,14.79,0.0148,464,3
S2,1895,36.763,13.05,13.01,0.0130,464,3
S2,1896,36.776,13.10,13.11,0.0131,464,3
S2,1897,36.790,13.46,13.48,0.0135,464,3
S2,1898,36.803,13.00,13.00,0.0130,464,3
S2,1899,36.815,12.90,12.89,0.0129,464,3
S2,1900,36.829,13.23,13.21,0.0132,464,3
S2,1901,36.842,13.01,13.00,0.0130,464,3
S2,1902,36.855,13.14,13.17,0.0131,464,3
S2,1903,36.868,12.87,12.83,0.0129,464,3
S2,1904,36.881,12.90,12.89,0.0129,464,3
S2,1905,36.894,12.91,12.89,0.0129,464,3
S2,1906,36.907,13.53,13.57,0.0135,464,3
S2,1907,36.920,13.18,13.12,0.0132,516,3
S2,1908,36.933,12.63,12.61,0.0126,464,3
S2,1909,36.946,12.94,12.98,0.0129,464,3
S2,1910,36.959,13.60,13.60,0.0136,464,3
S2,1911,36.972,12.88,12.89,0.0129,464,3
S2,1912,36.985,13.14,13.09,0.0131,464,3
S2,1913,36.999,13.58,13.60,0.0136,464,3
S2,1914,37.012,13.46,13.48,0.0135,464,3
S2,1915,37.026,13.45,13.41,0.0134,464,3
S2,1916,37.041,15.14,15.11,0.0151,464,3
S2,1917,37.054,13.43,13.47,0.0134,464,3
S2,1918,37.068,13.41,13.39,0.0134,464,3
S2,1919,37.081,13.31,13.29,0.0133,464,3
S2,1920,37.096,14.63,14.60,0.0146,1268,3
S2,1921,37.110,14.14,14.19,0.0141,464,3
S2,1922,37.124,14.01,14.00,0.0140,516,3
S2,1923,37.138,13.62,13.60,0.0136,464,3
S2,1924,37.151,13.74,13.70,0.0137,464,3
S2,1925,37.165,13.96,13.99,0.0140,464,3
S2,1926,37.180,14.41,14.38,0.0144,1268,3
S2,1927,37.195,15.21,15.20,0.0152,464,3
S2,1928,37.209,13.84,13.88,0.0138,464,3
S2,1929,37.222,13.46,13.42,0.0135,464,3
S2,1930,37.237,14.37,14.37,0.0144,464,3
S2,1931,37.250,13.47,13.43,0.0135,464,3
S2,1932,37.264,13.61,13.66,0.0136,464,3
S2,1933,37.277,13.48,13.49,0.0135,464,3
S2,1934,37.290,12.97,12.93,0.0130,464,3
S2,1935,37.304,13.88,13.88,0.0139,464,3
S2,1936,37.317,13.12,13.10,0.0131,464,3
S2,1937,37.331,13.95,13.99,0.0139,516,3
S2,1938,37.346,14.91,14.90,0.0149,464,3
S2,1939,37.359,12.70,12.70,0.0127,464,3
S2,1940,37.371,12.81,12.79,0.0128,464,3
S2,1941,37.385,13.22,13.20,0.0132,464,3
S2,1942,37.398,13.42,13.47,0.0134,1268,3
S2,1943,37.412,13.96,13.94,0.0140,464,3
S2,1944,37.425,12.97,12.96,0.0130,464,3
S2,1945,37.438,13.00,13.01,0.0130,464,3
S2,1946,37.451,12.99,13.00,0.0130,464,3
S2,1947,37.463,12.33,12.30,0.0123,464,3
S2,1948,37.477,14.05,13.99,0.0140,1268,3
S2,1949,37.491,13.98,14.01,0.0140,464,3
S2,1950,37.504,12.83,12.87,0.0128,464,3
S2,1951,37.518,13.53,13.51,0.0135,464,3
S2,1952,37.532,13.79,13.80,0.0138,516,3
S2,1953,37.545,13.15,13.11,0.0131,464,3
S2,1954,37.558,13.57,13.59,0.0136,464,3
S2,1955,37.571,12.91,12.90,0.0129,464,3
S2,1956,37.585,13.33,13.29,0.0133,464,3
S2,1957,37.598,13.68,13.69,0.0137,464,3
S2,1958,37.613,14.73,14.69,0.0147,464,3
S2,1959,37.627,14.20,14.21,0.0142,464,3
S2,1960,37.643,15.99,15.99,0.0160,464,3
S2,1961,37.658,14.46,14.48,0.0145,464,3
S2,1962,37.671,13.21,13.21,0.0132,464,3
S2,1963,37.685,13.92,13.89,0.0139,1268,3
S2,1964,37.699,14.07,14.10,0.0141,464,3
S2,1965,37.712,13.57,13.58,0.0136,464,3
S2,1966,37.726,13.53,13.50,0.0135,464,3
S2,1967,37.739,13.30,13.31,0.0133,516,3
S2,1968,37.753,13.44,13.40,0.0134,464,3
S2,1969,37.765,12.77,12.79,0.0128,464,3
S2,1970,37.779,13.90,13.89,0.0139,1268,3
S2,1971,37.793,13.31,13.31,0.0133,464,3
S2,1972,37.806,12.99,12.99,0.0130,464,3
S2,1973,37.819,12.91,12.89,0.0129,464,3
S2,1974,37.831,12.66,12.69,0.0127,464,3
S2,1975,37.844,12.67,12.62,0.0127,464,3
S2,1976,37.857,13.62,13.66,0.0136,464,3
S2,1977,37.870,12.64,12.62,0.0126,464,3
S2,1978,37.883,12.51,12.50,0.0125,464,3
S2,1979,37.895,12.75,12.79,0.0128,464,3
S2,1980,37.908,12.93,12.89,0.0129,464,3
S2,1981,37.921,12.69,12.71,0.0127,464,3
S2,1982,37.935,13.55,13.51,0.0135,464,3
S2,1983,37.947,12.80,12.85,0.0128,516,3
S2,1984,37.961,13.22,13.13,0.0132,464,3
S2,1985,37.973,12.74,12.80,0.0127,464,3
S2,1986,37.987,13.72,13.69,0.0137,1268,3
S2,1987,38.001,13.93,13.90,0.0139,464,3
S2,1988,38.015,14.32,14.31,0.0143,464,3
S2,1989,38.029,13.73,13.78,0.0137,464,3
S2,1990,38.042,12.71,12.71,0.0127,464,3
S2,1991,38.055,13.72,13.69,0.0137,464,3
S2,1992,38.069,13.97,13.98,0.0140,464,3
S2,1993,38.083,13.40,13.41,0.0134,464,3
S2,1994,38.095,12.62,12.60,0.0126,464,3
S2,1995,38.109,13.27,13.08,0.0133,1268,3
S2,1996,38.122,13.22,13.40,0.0132,464,3
S2,1997,38.134,12.48,12.48,0.0125,464,3
S2,1998,38.147,12.87,12.90,0.0129,464,3
S2,1999,38.161,13.91,13.82,0.0139,516,3
S2,2000,38.175,13.79,13.80,0.0138,464,3
S2,2001,38.189,13.78,13.79,0.0138,464,3
S2,2002,38.202,13.69,13.70,0.0137,464,3
S2,2003,38.217,14.33,14.29,0.0143,464,3
S2,2004,38.231,14.68,14.68,0.0147,464,3
S2,2005,38.245,14.00,14.00,0.0140,464,3
S2,2006,38.260,14.07,14.09,0.0141,464,3
S2,2007,38.274,14.33,14.31,0.0143,464,3
S2,2008,38.288,14.64,14.60,0.0146,464,3
S2,2009,38.303,14.76,14.77,0.0148,1268,3
S2,2010,38.319,15.70,15.72,0.0157,464,3
S2,2011,38.333,14.28,14.29,0.0143,464,3
S2,2012,38.348,14.89,14.88,0.0149,464,3
S2,2013,38.363,14.82,14.81,0.0148,516,3
S2,2014,38.378,14.89,14.90,0.0149,464,3
S2,2015,38.392,14.41,14.39,0.0144,464,3
S2,2016,38.406,13.28,13.20,0.0133,464,3
S2,2017,38.419,13.66,13.70,0.0137,464,3
S2,2018,38.434,14.35,14.38,0.0143,464,3
S2,2019,38.447,13.92,13.90,0.0139,464,3
S2,2020,38.461,13.59,13.59,0.0136,464,3
S2,2021,38.475,13.50,13.50,0.0135,464,3
S2,2022,38.488,13.52,13.49,0.0135,464,3
S2,2023,38.501,13.06,13.09,0.0131,464,3
S2,2024,38.515,13.81,13.80,0.0138,464,3
S2,2025,38.528,13.55,13.57,0.0136,464,3
S2,2026,38.541,12.81,12.80,0.0128,464,3
S2,2027,38.554,12.93,12.91,0.0129,1268,3
S2,2028,38.567,12.81,12.79,0.0128,516,3
S2,2029,38.580,13.10,13.10,0.0131,1268,3
S2,2030,38.593,12.97,12.99,0.0130,464,3
S2,2031,38.606,12.46,12.48,0.0125,464,3
S2,2032,38.618,12.64,12.61,0.0126,464,3
S2,2033,38.630,12.00,12.01,0.0120,464,3
S2,2034,38.642,12.08,12.08,0.0121,464,3
S2,2035,38.655,12.97,13.00,0.0130,1268,3
S2,2036,38.668,12.36,12.31,0.0124,464,3
S2,2037,38.680,12.68,12.68,0.0127,464,3
S2,2038,38.692,11.71,11.71,0.0117,464,3
S2,2039,38.705,12.74,12.78,0.0127,464,3
S2,2040,38.717,11.88,11.82,0.0119,464,3
S2,2041,38.729,12.00,12.00,0.0120,464,3
S2,2042,38.740,11.67,11.68,0.0117,464,3
S2,2043,38.752,11.57,11.58,0.0116,464,3
S2,2044,38.764,11.83,11.82,0.0118,464,3
S2,2045,38.775,11.51,11.49,0.0115,516,3
S2,2046,38.787,11.46,11.48,0.0115,464,3
S2,2047,38.798,11.42,11.41,0.0114,464,3
S2,2048,38.809,11.08,11.08,0.0111,464,3
S2,2049,38.821,11.83,11.81,0.0118,464,3
S2,2050,38.832,11.17,11.19,0.0112,464,3
S2,2051,38.844,11.59,11.58,0.0116,1268,3
S2,2052,38.855,11.43,11.41,0.0114,464,3
S2,2053,38.867,11.39,11.40,0.0114,464,3
S2,2054,38.878,11.79,11.79,0.0118,464,3
S2,2055,38.890,11.73,11.70,0.0117,464,3
S2,2056,38.901,11.34,11.38,0.0113,464,3
S2,2057,38.913,11.65,11.62,0.0116,1268,3
S2,2058,38.925,11.59,11.59,0.0116,464,3
S2,2059,38.936,11.19,11.19,0.0112,464,3
S2,2060,38.947,11.28,11.27,0.0113,464,3
S2,2061,38.958,11.13,11.14,0.0111,464,3
S2,2062,38.969,11.24,11.20,0.0112,464,3
S2,2063,38.980,10.96,10.99,0.0110,516,3
S2,2064,38.991,11.03,11.01,0.0110,464,3
S2,2065,39.003,11.46,11.48,0.0115,464,3
S2,2066,39.014,11.01,11.01,0.0110,464,3
S2,2067,39.025,10.79,10.79,0.0108,464,3
S2,2068,39.036,10.99,11.01,0.0110,464,3
S2,2069,39.047,11.60,11.59,0.0116,464,3
S2,2070,39.058,11.15,11.12,0.0111,464,3
S2,2071,39.070,11.07,11.09,0.0111,464,3
S2,2072,39.080,10.82,10.80,0.0108,464,3
S2,2073,39.091,10.67,10.70,0.0107,464,3
S2,2074,39.102,11.31,11.29,0.0113,464,3
S2,2075,39.114,11.39,11.40,0.0114,1268,3
S2,2076,39.125,11.69,11.70,0.0117,464,3
S2,2077,39.137,11.24,11.21,0.0112,464,3
S2,2078,39.148,11.76,11.78,0.0118,464,3
S2,2079,39.160,11.50,11.50,0.0115,464,3
S2,2080,39.171,11.21,11.20,0.0112,464,3
S2,2081,39.183,11.81,11.80,0.0118,1320,3
S2,2082,39.194,11.41,11.41,0.0114,464,3
S2,2083,39.206,11.19,11.20,0.0112,464,3
S2,2084,39.217,11.49,11.49,0.0115,464,3
S2,2085,39.228,11.00,11.00,0.0110,464,3
S2,2086,39.239,11.00,11.00,0.0110,464,3
S2,2087,39.250,10.68,10.68,0.0107,464,3
S2,2088,39.261,10.81,10.81,0.0108,464,3
S2,2089,39.271,10.80,10.79,0.0108,464,3
S2,2090,39.282,10.62,10.61,0.0106,464,3
S2,2091,39.293,10.59,10.60,0.0106,464,3
S2,2092,39.303,10.62,10.60,0.0106,464,3
S2,2093,39.314,10.68,10.70,0.0107,464,3
S2,2094,39.324,10.50,10.50,0.0105,464,3
S2,2095,39.335,10.39,10.39,0.0104,464,3
S2,2096,39.345,10.49,10.50,0.0105,464,3
S2,2097,39.356,10.51,10.50,0.0105,464,3
S2,2098,39.366,10.40,10.40,0.0104,464,3
S2,2099,39.377,11.00,11.00,0.0110,1268,3
S2,2100,39.388,10.60,10.59,0.0106,516,3
S2,2101,39.399,11.55,11.52,0.0116,464,3
S2,2102,39.411,12.09,12.09,0.0121,464,3
S2,2103,39.424,12.58,12.59,0.0126,464,3
S2,2104,39.436,11.93,11.91,0.0119,464,3
S2,2105,39.449,12.66,12.68,0.0127,464,3
S2,2106,39.461,12.71,12.70,0.0127,464,3
S2,2107,39.474,12.35,12.31,0.0124,464,3
S2,2108,39.487,13.29,13.29,0.0133,1268,3
S2,2109,39.500,13.31,13.30,0.0133,464,3
S2,2110,39.513,12.80,12.81,0.0128,464,3
S2,2111,39.525,12.38,12.37,0.0124,464,3
S2,2112,39.539,13.55,13.51,0.0135,464,3
S2,2113,39.551,11.94,11.98,0.0119,464,3
S2,2114,39.563,12.59,12.59,0.0126,464,3
S2,2115,39.575,11.59,11.53,0.0116,464,3
S2,2116,39.587,11.72,11.77,0.0117,464,3
S2,2117,39.598,10.90,10.90,0.0109,516,3
S2,2118,39.610,11.90,11.89,0.0119,1268,3
S2,2119,39.621,11.50,11.49,0.0115,464,3
S2,2120,39.632,11.20,11.20,0.0112,464,3
S2,2121,39.644,11.44,11.39,0.0114,464,3
S2,2122,39.655,11.67,11.70,0.0117,464,3
S2,2123,39.667,11.29,11.29,0.0113,464,3
S2,2124,39.678,11.48,11.49,0.0115,464,3
S2,2125,39.689,11.11,11.10,0.0111,464,3
S2,2126,39.701,11.37,11.38,0.0114,464,3
S2,2127,39.713,12.04,12.01,0.0120,464,3
S2,2128,39.724,11.29,11.30,0.0113,464,3
S2,2129,39.736,11.52,11.50,0.0115,464,3
S2,2130,39.747,11.47,11.49,0.0115,464,3
S2,2131,39.758,11.14,11.10,0.0111,464,3
S2,2132,39.769,10.96,10.98,0.0110,464,3
S2,2133,39.780,11.12,11.11,0.0111,464,3
S2,2134,39.791,11.00,10.99,0.0110,464,3
S2,2135,39.803,11.37,11.39,0.0114,516,3
S2,2136,39.813,10.92,10.90,0.0109,464,3
S2,2137,39.824,10.99,11.00,0.0110,464,3
S2,2138,39.835,10.52,10.50,0.0105,464,3
S2,2139,39.846,10.58,10.60,0.0106,464,3
S2,2140,39.857,11.38,11.39,0.0114,2104,2
S2,2141,39.868,10.94,10.92,0.0109,464,2
S2,2142,39.878,10.39,10.40,0.0104,464,2
S2,2143,39.889,10.51,10.50,0.0105,464,2
S2,2144,39.899,10.27,10.27,0.0103,464,2
S2,2145,39.909,10.23,10.22,0.0102,464,2
S2,2146,39.919,10.09,10.09,0.0101,464,2
S2,2147,39.929,10.08,10.10,0.0101,464,2
S2,2148,39.940,10.21,10.20,0.0102,464,2
S2,2149,39.950,10.20,10.19,0.0102,464,2
S2,2150,39.960,10.21,10.21,0.0102,464,2
S2,2151,39.970,10.31,10.29,0.0103,464,2
S2,2152,39.981,10.29,10.30,0.0103,464,2
S2,2153,39.991,10.71,10.71,0.0107,464,2
S2,2154,40.002,10.83,10.80,0.0108,516,2
S2,2155,40.014,11.71,11.69,0.0117,464,2
S2,2156,40.026,12.02,11.99,0.0120,464,2
S2,2157,40.038,12.16,12.20,0.0122,464,2
S2,2158,40.051,12.53,12.51,0.0125,464,2
S2,2159,40.063,12.50,12.49,0.0125,464,2
S2,2160,40.076,12.70,12.70,0.0127,464,2
S2,2161,40.089,12.71,12.69,0.0127,464,2
S2,2162,40.101,12.85,12.88,0.0129,1300,1
S2,2163,40.114,12.39,12.12,0.0124,464,1
S2,2164,40.125,11.46,11.70,0.0115,464,1
S2,2165,40.137,12.18,12.19,0.0122,464,1
S2,2166,40.149,11.99,11.99,0.0120,464,1
S2,2167,40.162,12.98,13.00,0.0130,1268,1
S2,2168,40.175,12.40,12.40,0.0124,464,1
S2,2169,40.186,11.38,11.40,0.0114,464,1
S2,2170,40.198,11.52,11.51,0.0115,1300,0
S2,2171,40.210,12.33,12.30,0.0123,3160,1
S2,2172,40.224,14.38,14.40,0.0144,11680,2
S2,2173,40.238,13.13,13.10,0.0131,11680,3
S2,2174,40.250,12.64,12.69,0.0126,11680,4
S2,2175,40.263,13.13,13.10,0.0131,11680,6
S2,2176,40.276,12.38,12.39,0.0124,11680,7
S2,2177,40.288,12.59,12.60,0.0126,6072,8
S2,2178,40.299,11.22,11.21,0.0112,464,10
S2,2179,40.311,11.20,11.20,0.0112,464,11
S2,2180,40.322,11.50,11.49,0.0115,464,12
S2,2181,40.334,11.59,11.59,0.0116,464,13
S2,2182,40.345,11.70,11.71,0.0117,464,14
S2,2183,40.357,11.56,11.58,0.0116,464,15
S2,2184,40.368,11.16,11.11,0.0112,464,16
S2,2185,40.379,10.76,10.79,0.0108,464,18
S2,2186,40.390,10.80,10.80,0.0108,464,19
S2,2187,40.400,10.60,10.60,0.0106,464,20
S2,2188,40.411,10.68,10.69,0.0107,516,21
S2,2189,40.422,10.94,10.92,0.0109,464,22
S2,2190,40.433,10.90,10.90,0.0109,464,23
S2,2191,40.443,10.39,10.40,0.0104,464,24
S2,2192,40.454,10.57,10.58,0.0106,464,25
S2,2193,40.464,10.63,10.61,0.0106,464,26
S2,2194,40.475,10.50,10.49,0.0105,464,27
S2,2195,40.486,10.61,10.60,0.0106,464,28
S2,2196,40.496,10.48,10.49,0.0105,464,29
S2,2197,40.508,11.67,11.68,0.0117,464,30
S2,2198,40.519,11.13,11.12,0.0111,464,32
S2,2199,40.530,10.90,10.88,0.0109,464,33
S2,2200,40.541,11.15,11.11,0.0111,464,34
S2,2201,40.552,10.87,10.90,0.0109,464,35
S2,2202,40.563,11.38,11.38,0.0114,1268,36
S2,2203,40.575,11.42,11.40,0.0114,464,37
S2,2204,40.586,11.18,11.19,0.0112,464,38
S2,2205,40.597,11.45,11.44,0.0114,464,39
S2,2206,40.608,10.84,10.85,0.0108,464,40
S2,2207,40.619,10.80,10.78,0.0108,516,42
S2,2208,40.630,11.31,11.33,0.0113,464,43
S2,2209,40.641,10.80,10.80,0.0108,464,44
S2,2210,40.652,10.93,10.90,0.0109,464,45
S2,2211,40.663,10.88,10.89,0.0109,464,46
S2,2212,40.674,11.65,11.60,0.0116,464,47
S2,2213,40.687,12.68,12.69,0.0127,464,48
S2,2214,40.700,12.52,12.50,0.0125,464,49
S2,2215,40.712,12.51,12.49,0.0125,464,51
S2,2216,40.724,11.60,11.59,0.0116,464,52
S2,2217,40.738,13.83,13.80,0.0138,464,53
S2,2218,40.751,13.24,13.28,0.0132,464,54
S2,2219,40.764,12.99,12.99,0.0130,464,56
S2,2220,40.776,12.03,12.00,0.0120,464,57
S2,2221,40.788,12.00,12.01,0.0120,464,58
S2,2222,40.799,11.50,11.49,0.0115,464,60
S2,2223,40.812,12.93,12.90,0.0129,464,61
S2,2224,40.824,11.74,11.78,0.0117,516,62
S2,2225,40.836,11.82,11.78,0.0118,464,63
S2,2226,40.848,12.17,12.22,0.0122,464,64
S2,2227,40.860,12.34,12.30,0.0123,464,66
S2,2228,40.872,11.59,11.60,0.0116,464,67
S2,2229,40.884,11.90,11.89,0.0119,464,68
S2,2230,40.895,11.47,11.48,0.0115,464,69
S2,2231,40.907,11.99,12.00,0.0120,464,70
S2,2232,40.919,12.01,11.99,0.0120,464,71
S2,2233,40.932,12.63,12.62,0.0126,1268,73
S2,2234,40.944,12.52,12.49,0.0125,464,74
S2,2235,40.957,12.17,12.21,0.0122,464,75
S2,2236,40.969,12.33,12.30,0.0123,464,76
S2,2237,40.981,12.05,12.08,0.0120,464,78
S2,2238,40.993,11.96,11.91,0.0120,464,79
S2,2239,41.005,12.56,12.58,0.0126,464,80
S2,2240,41.017,11.65,11.61,0.0116,464,81
S2,2241,41.029,11.95,11.99,0.0119,516,82
S2,2242,41.041,11.70,11.70,0.0117,464,84
S2,2243,41.053,12.10,12.11,0.0121,464,85
S2,2244,41.064,11.43,11.40,0.0114,464,86
S2,2245,41.076,11.68,11.68,0.0117,464,87
S2,2246,41.088,11.60,11.61,0.0116,464,88
S2,2247,41.099,11.48,11.50,0.0115,464,89
S2,2248,41.112,12.82,12.79,0.0128,464,91
S2,2249,41.123,11.50,11.50,0.0115,464,92
S2,2250,41.135,11.90,11.90,0.0119,464,93
S2,2251,41.147,12.05,12.07,0.0121,464,94
S2,2252,41.159,11.52,11.52,0.0115,464,95
S2,2253,41.170,11.44,11.41,0.0114,464,97
S2,2254,41.182,11.38,11.39,0.0114,464,98
S2,2255,41.193,11.51,11.50,0.0115,464,99
S2,2256,41.204,11.06,11.08,0.0111,464,100
S2,2257,41.216,11.32,11.31,0.0113,464,101
S2,2258,41.228,11.96,11.92,0.0120,1268,102
S2,2259,41.239,11.76,11.78,0.0118,516,103
S2,2260,41.252,12.91,12.89,0.0129,464,105
S2,2261,41.265,12.44,12.41,0.0124,464,106
S2,2262,41.278,13.01,12.99,0.0130,464,107
S2,2263,41.290,12.80,12.79,0.0128,464,108
S2,2264,41.303,12.80,12.80,0.0128,464,110
S2,2265,41.315,12.28,12.28,0.0123,464,111
S2,2266,41.328,12.61,12.59,0.0126,464,112
S2,2267,41.341,13.02,13.00,0.0130,464,114
S2,2268,41.354,13.14,13.18,0.0131,464,115
S2,2269,41.366,11.95,11.91,0.0119,464,116
S2,2270,41.379,12.86,12.81,0.0129,464,117
S2,2271,41.391,11.95,11.98,0.0119,464,119
S2,2272,41.404,13.46,13.48,0.0135,464,120
S2,2273,41.416,12.01,12.00,0.0120,464,121
S2,2274,41.429,12.29,12.29,0.0123,464,122
S2,2275,41.441,12.61,12.61,0.0126,516,124
S2,2276,41.454,12.68,12.70,0.0127,464,125
S2,2277,41.466,12.33,12.30,0.0123,464,126
S2,2278,41.479,12.81,12.81,0.0128,464,127
S2,2279,41.491,11.95,11.98,0.0120,464,129
S2,2280,41.504,12.40,12.40,0.0124,464,130
S2,2281,41.517,13.13,13.10,0.0131,1268,131
S2,2282,41.529,12.42,12.41,0.0124,464,132
S2,2283,41.542,12.68,12.69,0.0127,464,134
S2,2284,41.554,12.26,12.29,0.0123,464,135
S2,2285,41.566,12.02,12.00,0.0120,464,136
S2,2286,41.578,12.02,12.00,0.0120,464,137
S2,2287,41.590,12.03,12.01,0.0120,464,139
S2,2288,41.602,12.33,12.38,0.0123,464,140
S2,2289,41.615,12.52,12.50,0.0125,464,141
S2,2290,41.627,11.80,11.81,0.0118,464,142
S2,2291,41.638,11.64,11.59,0.0116,464,143
S2,2292,41.651,12.15,12.19,0.0121,516,145
S2,2293,41.662,11.52,11.50,0.0115,464,146
S2,2294,41.673,11.40,11.40,0.0114,464,147
S2,2295,41.685,11.27,11.30,0.0113,464,148
S2,2296,41.696,11.21,11.20,0.0112,464,149
S2,2297,41.708,12.49,12.50,0.0125,464,150
S2,2298,41.720,11.80,11.80,0.0118,464,152
S2,2299,41.732,11.62,11.61,0.0116,464,153
S2,2300,41.744,11.80,11.79,0.0118,464,154
S2,2301,41.755,11.68,11.70,0.0117,464,155
S2,2302,41.767,11.60,11.60,0.0116,464,156
S2,2303,41.779,11.85,11.81,0.0118,464,157
S2,2304,41.791,12.05,12.08,0.0121,1268,159
S2,2305,41.803,12.03,12.01,0.0120,464,160
S2,2306,41.815,12.42,12.40,0.0124,464,161
S2,2307,41.829,13.20,13.19,0.0132,464,162
S2,2308,41.841,12.71,12.69,0.0127,464,164
S2,2309,41.855,13.58,13.60,0.0136,516,165
S2,2310,41.868,12.86,12.80,0.0129,464,166
S2,2311,41.881,12.98,13.00,0.0130,464,167
S2,2312,41.895,14.26,14.29,0.0143,464,169
S2,2313,41.908,13.32,13.29,0.0133,464,170
S2,2314,41.921,13.00,13.00,0.0130,464,172
S2,2315,41.935,13.72,13.69,0.0137,464,173
S2,2316,41.947,12.41,12.48,0.0124,464,174
S2,2317,41.961,13.40,13.40,0.0134,464,175
S2,2318,41.973,12.44,12.41,0.0124,464,177
S2,2319,41.986,12.60,12.59,0.0126,464,178
S2,2320,42.000,14.06,14.08,0.0141,464,179
S2,2321,42.013,13.10,13.11,0.0131,464,181
S2,2322,42.025,12.23,12.20,0.0122,464,182
S2,2323,42.038,13.09,13.10,0.0131,464,183
S2,2324,42.051,13.08,13.08,0.0131,464,185
S2,2325,42.064,12.70,12.71,0.0127,516,186
S2,2326,42.077,13.21,13.20,0.0132,464,187
S2,2327,42.090,12.81,12.80,0.0128,464,188
S2,2328,42.103,13.18,13.20,0.0132,464,190
S2,2329,42.117,13.78,13.51,0.0138,1268,191
S2,2330,42.131,13.68,13.89,0.0137,464,192
S2,2331,42.145,13.85,13.89,0.0139,464,194
S2,2332,42.158,13.09,13.10,0.0131,464,195
S2,2333,42.171,13.59,13.59,0.0136,464,196
S2,2334,42.185,13.48,13.42,0.0135,464,198
S2,2335,42.199,13.76,13.78,0.0138,464,199
S2,2336,42.212,13.50,13.51,0.0135,464,201
S2,2337,42.225,13.08,13.09,0.0131,464,202
S2,2338,42.238,13.21,13.20,0.0132,464,203
S2,2339,42.251,12.98,13.00,0.0130,464,205
S2,2340,42.264,12.58,12.59,0.0126,464,206
S2,2341,42.277,12.68,12.63,0.0127,516,207
S2,2342,42.289,12.66,12.68,0.0127,464,208
S2,2343,42.303,13.56,13.59,0.0136,464,210
S2,2344,42.316,12.81,12.80,0.0128,464,211
S2,2345,42.329,13.10,13.10,0.0131,464,212
S2,2346,42.342,13.06,13.01,0.0131,464,214
S2,2347,42.354,12.79,12.80,0.0128,464,215
S2,2348,42.367,12.79,12.79,0.0128,464,216
S2,2349,42.380,12.80,12.80,0.0128,464,217
S2,2350,42.394,13.59,13.59,0.0136,1268,219
S2,2351,42.407,13.26,13.29,0.0133,464,220
S2,2352,42.420,13.41,13.40,0.0134,464,221
S2,2353,42.433,13.09,13.09,0.0131,464,223
S2,2354,42.446,12.11,12.10,0.0121,464,224
S2,2355,42.457,11.88,11.91,0.0119,464,225
S2,2356,42.470,12.24,12.20,0.0122,464,226
S2,2357,42.482,12.46,12.48,0.0125,516,228
S2,2358,42.494,12.32,12.32,0.0123,464,229
S2,2359,42.507,12.30,12.29,0.0123,464,230
S2,2360,42.519,12.24,12.21,0.0122,464,231
S2,2361,42.532,12.76,12.79,0.0128,1268,233
S2,2362,42.544,12.48,12.49,0.0125,464,234
S2,2363,42.557,12.40,12.40,0.0124,464,235
S2,2364,42.568,11.82,11.80,0.0118,464,236
S2,2365,42.580,11.69,11.69,0.0117,464,238
S2,2366,42.594,13.75,13.72,0.0138,464,239
S2,2367,42.607,12.98,12.98,0.0130,464,240
S2,2368,42.620,13.50,13.50,0.0135,464,241
S2,2369,42.634,13.39,13.40,0.0134,464,243
S2,2370,42.648,13.76,13.77,0.0138,464,244
S2,2371,42.661,13.28,13.23,0.0133,464,245
S2,2372,42.675,13.96,13.99,0.0140,464,247
S2,2373,42.689,13.71,13.71,0.0137,516,248
S2,2374,42.702,13.41,13.39,0.0134,464,250
S2,2375,42.716,14.10,14.10,0.0141,1268,251
S2,2376,42.730,14.10,14.09,0.0141,464,252
S2,2377,42.744,14.08,14.08,0.0141,464,254
S2,2378,42.758,14.00,14.01,0.0140,464,255
S2,2379,42.772,13.52,13.50,0.0135,464,257
S2,2380,42.785,13.62,13.61,0.0136,464,258
S2,2381,42.799,13.58,13.58,0.0136,464,259
S2,2382,42.814,14.79,14.79,0.0148,464,261
S2,2383,42.827,13.62,13.60,0.0136,464,262
S2,2384,42.840,12.70,12.69,0.0127,464,263
S2,2385,42.854,13.57,13.59,0.0136,464,265
S2,2386,42.867,13.10,13.09,0.0131,464,266
S2,2387,42.880,12.99,12.99,0.0130,464,267
S2,2388,42.893,13.80,13.80,0.0138,516,269
S2,2389,42.906,12.77,12.80,0.0128,464,270
S2,2390,42.919,12.84,12.80,0.0128,464,271
S2,2391,42.933,13.60,13.60,0.0136,464,273
S2,2392,42.946,13.17,13.18,0.0132,464,274
S2,2393,42.959,13.50,13.50,0.0135,464,275
S2,2394,42.973,13.26,13.21,0.0133,464,277
S2,2395,42.986,13.46,13.49,0.0135,464,278
S2,2396,43.000,13.60,13.60,0.0136,464,279
S2,2397,43.014,13.83,13.81,0.0138,464,281
S2,2398,43.027,13.77,13.79,0.0138,464,282
S2,2399,43.042,14.28,14.29,0.0143,464,283
S2,2400,43.056,14.20,14.20,0.0142,464,285
S2,2401,43.071,14.74,14.71,0.0147,1268,286
S2,2402,43.085,14.32,14.30,0.0143,464,288
S2,2403,43.099,14.03,14.07,0.0140,516,289
S2,2404,43.113,14.24,14.21,0.0142,464,291
S2,2405,43.127,14.19,14.19,0.0142,464,292
S2,2406,43.141,13.69,13.70,0.0137,464,293
S2,2407,43.155,13.93,13.91,0.0139,464,295
S2,2408,43.168,13.52,13.49,0.0135,464,296
S2,2409,43.182,13.74,13.77,0.0137,464,298
S2,2410,43.197,15.21,15.20,0.0152,464,299
S2,2411,43.211,13.89,13.91,0.0139,464,300
S2,2412,43.225,13.62,13.61,0.0136,464,302
S2,2413,43.239,13.89,13.89,0.0139,464,303
S2,2414,43.253,14.31,14.30,0.0143,464,305
S2,2415,43.267,14.03,14.01,0.0140,1268,306
S2,2416,43.281,13.90,13.89,0.0139,464,307
S2,2417,43.295,14.49,14.49,0.0145,464,309
S2,2418,43.310,14.50,14.49,0.0145,516,310
S2,2419,43.324,14.26,14.28,0.0143,464,312
S2,2420,43.338,14.13,14.13,0.0141,464,313
S2,2421,43.352,13.88,13.88,0.0139,464,315
S2,2422,43.366,13.54,13.50,0.0135,464,316
S2,2423,43.379,13.48,13.49,0.0135,464,317
S2,2424,43.394,14.81,14.79,0.0148,1268,319
S2,2425,43.408,14.01,14.01,0.0140,464,320
S2,2426,43.422,14.21,14.20,0.0142,464,322
S2,2427,43.436,14.06,14.07,0.0141,464,323
S2,2428,43.450,13.40,13.40,0.0134,464,324
S2,2429,43.464,13.99,14.00,0.0140,464,326
S2,2430,43.478,13.74,13.70,0.0137,464,327
S2,2431,43.493,15.13,15.09,0.0151,464,328
S2,2432,43.506,13.68,13.70,0.0137,464,330
S2,2433,43.520,13.90,13.90,0.0139,516,331
S2,2434,43.535,14.41,14.40,0.0144,464,333
S2,2435,43.549,14.04,14.08,0.0140,464,334
S2,2436,43.563,14.10,14.09,0.0141,464,336
S2,2437,43.576,13.71,13.64,0.0137,464,337
S2,2438,43.590,13.63,13.66,0.0136,464,338
S2,2439,43.605,15.06,15.10,0.0151,1268,340
S2,2440,43.620,14.42,14.40,0.0144,464,341
S2,2441,43.633,13.84,13.80,0.0138,464,343
S2,2442,43.647,13.94,13.97,0.0139,464,344
S2,2443,43.661,14.01,14.01,0.0140,1268,345
S2,2444,43.675,14.14,14.11,0.0141,1268,347
S2,2445,43.689,13.84,13.88,0.0138,464,348
S2,2446,43.703,13.47,13.49,0.0135,464,350
S2,2447,43.717,13.96,13.91,0.0140,464,351
S2,2448,43.731,14.58,14.60,0.0146,516,352
S2,2449,43.746,14.29,14.29,0.0143,464,354
S2,2450,43.760,13.96,13.91,0.0140,464,355
S2,2451,43.773,13.78,13.80,0.0138,464,357
S2,2452,43.788,14.40,14.39,0.0144,464,358
S2,2453,43.802,13.97,13.99,0.0140,464,360
S2,2454,43.816,14.10,14.10,0.0141,464,361
S2,2455,43.830,14.42,14.41,0.0144,464,362
S2,2456,43.845,14.29,14.29,0.0143,464,364
S2,2457,43.859,14.72,14.71,0.0147,1268,365
S2,2458,43.873,14.15,14.18,0.0142,464,367
S2,2459,43.888,14.57,14.53,0.0146,464,368
S2,2460,43.903,15.28,15.27,0.0153,464,370
S2,2461,43.918,15.15,15.11,0.0151,464,371
S2,2462,43.932,13.84,13.90,0.0138,516,373
S2,2463,43.947,15.17,15.19,0.0152,464,374
S2,2464,43.963,15.63,15.60,0.0156,1268,375
S2,2465,43.978,15.12,15.10,0.0151,464,377
S2,2466,43.994,15.31,15.31,0.0153,1268,379
S2,2467,44.009,15.09,15.08,0.0151,464,380
S2,2468,44.024,15.00,14.99,0.0150,1268,382
S2,2469,44.038,14.51,14.50,0.0145,464,383
S2,2470,44.053,15.21,15.20,0.0152,464,385
S2,2471,44.068,15.00,15.00,0.0150,464,386
S2,2472,44.084,15.73,15.69,0.0157,464,388
S2,2473,44.099,14.74,14.79,0.0147,464,389
S2,2474,44.114,15.03,15.00,0.0150,464,391
S2,2475,44.129,15.39,15.20,0.0154,464,392
S2,2476,44.144,15.11,15.29,0.0151,516,394
S2,2477,44.160,15.27,15.30,0.0153,1268,395
S2,2478,44.175,15.60,15.60,0.0156,464,397
S2,2479,44.190,15.22,15.20,0.0152,1268,398
S2,2480,44.206,15.72,15.70,0.0157,464,400
S2,2481,44.221,15.35,15.39,0.0153,464,401
S2,2482,44.237,15.44,15.41,0.0154,464,403
S2,2483,44.253,15.82,15.80,0.0158,1268,404
S2,2484,44.269,15.99,15.99,0.0160,1268,406
S2,2485,44.285,15.79,15.79,0.0158,464,408
S2,2486,44.300,15.70,15.69,0.0157,464,409
S2,2487,44.316,15.87,15.89,0.0159,1268,411
S2,2488,44.332,15.42,15.40,0.0154,464,412
S2,2489,44.347,15.84,15.86,0.0158,516,414
S2,2490,44.363,15.37,15.34,0.0154,464,415
S2,2491,44.378,15.19,15.19,0.0152,464,417
S2,2492,44.394,16.12,16.09,0.0161,464,419
S2,2493,44.410,16.12,16.10,0.0161,464,420
S2,2494,44.426,15.37,15.39,0.0154,464,422
S2,2495,44.442,16.11,16.09,0.0161,1268,423
S2,2496,44.458,16.62,16.61,0.0166,464,425
S2,2497,44.474,16.15,16.19,0.0162,464,427
S2,2498,44.491,16.62,16.60,0.0166,464,428
S2,2499,44.507,16.29,16.29,0.0163,464,430
S2,2500,44.524,16.23,16.19,0.0162,1268,431
S2,2501,44.540,16.61,16.61,0.0166,464,433
S2,2502,44.556,15.92,15.98,0.0159,516,435
S2,2503,44.573,16.81,16.80,0.0168,1268,436
S2,2504,44.590,16.83,16.80,0.0168,464,438
S2,2505,44.606,16.32,16.30,0.0163,464,440
S2,2506,44.622,15.84,15.89,0.0158,464,441
S2,2507,44.638,16.23,16.20,0.0162,464,443
S2,2508,44.655,16.92,16.90,0.0169,1268,445
S2,2509,44.671,16.28,16.28,0.0163,1268,446
S2,2510,44.688,17.03,17.00,0.0170,464,448
S2,2511,44.704,15.77,15.78,0.0158,464,450
S2,2512,44.720,16.22,16.19,0.0162,464,451
S2,2513,44.736,15.58,15.60,0.0156,464,453
S2,2514,44.752,16.32,16.30,0.0163,464,454
S2,2515,44.768,16.19,16.20,0.0162,516,456
S2,2516,44.785,17.00,16.99,0.0170,1268,458
S2,2517,44.803,17.17,17.20,0.0172,464,459
S2,2518,44.819,16.54,16.50,0.0165,464,461
S2,2519,44.836,16.79,16.79,0.0168,1268,463
S2,2520,44.853,17.26,17.29,0.0173,464,464
S2,2521,44.870,17.00,16.99,0.0170,1268,466
S2,2522,44.887,17.27,17.21,0.0173,1268,468
S2,2523,44.904,16.37,16.40,0.0164,464,469
S2,2524,44.920,16.11,16.09,0.0161,464,471
S2,2525,44.937,17.32,17.30,0.0173,1268,473
S2,2526,44.956,18.31,18.29,0.0183,464,474
S2,2527,44.973,17.88,17.89,0.0179,516,476
S2,2528,44.991,17.78,17.79,0.0178,464,478
S2,2529,45.008,16.54,16.50,0.0165,464,480
S2,2530,45.024,15.94,15.98,0.0159,464,482
S2,2531,45.040,16.33,16.31,0.0163,464,483
S2,2532,45.057,17.12,17.15,0.0171,1268,485
S2,2533,45.076,18.70,18.66,0.0187,1268,486
S2,2534,45.094,17.88,17.90,0.0179,464,488
S2,2535,45.111,17.66,17.67,0.0177,464,490
S2,2536,45.129,17.75,17.71,0.0178,464,492
S2,2537,45.146,16.58,16.61,0.0166,464,494
S2,2538,45.162,16.19,16.18,0.0162,1268,495
S2,2539,45.179,17.12,17.11,0.0171,1320,497
S2,2540,45.196,16.72,16.70,0.0167,1268,499
S2,2541,45.212,16.54,16.58,0.0165,464,500
S2,2542,45.229,16.36,16.30,0.0164,464,502
S2,2543,45.246,16.99,17.00,0.0170,464,504
S2,2544,45.263,16.96,17.00,0.0170,1268,505
S2,2545,45.280,16.92,16.91,0.0169,464,507
S2,2546,45.296,16.27,16.29,0.0163,464,509
S2,2547,45.312,15.79,15.79,0.0158,464,510
S2,2548,45.328,16.14,16.10,0.0161,464,512
S2,2549,45.344,15.81,15.81,0.0158,464,514
S2,2550,45.359,15.76,15.79,0.0158,464,515
S2,2551,45.376,16.82,16.80,0.0168,464,517
S2,2552,45.394,18.32,18.30,0.0183,516,518
S2,2553,45.413,18.15,18.19,0.0182,464,520
S2,2554,45.430,17.25,17.21,0.0172,464,522
S2,2555,45.448,18.53,18.48,0.0185,1268,524
S2,2556,45.467,18.59,18.61,0.0186,1268,526
S2,2557,45.486,19.29,19.30,0.0193,1268,527
S2,2558,45.505,18.83,18.80,0.0188,464,529
S2,2559,45.524,18.66,18.69,0.0187,1268,531
S2,2560,45.542,18.33,18.30,0.0183,464,533
S2,2561,45.561,18.54,18.57,0.0185,464,535
S2,2562,45.580,19.34,19.32,0.0193,1268,537
S2,2563,45.598,18.20,18.19,0.0182,516,539
S2,2564,45.617,18.69,18.69,0.0187,464,541
S2,2565,45.635,18.41,18.41,0.0184,1268,542
S2,2566,45.653,18.16,18.18,0.0182,508,544
S2,2567,45.672,18.38,18.32,0.0184,1268,546
S2,2568,45.690,18.24,18.28,0.0182,464,548
S2,2569,45.709,19.30,19.30,0.0193,1268,550
S2,2570,45.728,18.41,18.40,0.0184,464,552
S2,2571,45.746,18.01,18.01,0.0180,464,554
S2,2572,45.764,17.96,17.98,0.0180,1268,555
S2,2573,45.781,17.61,17.59,0.0176,464,557
S2,2574,45.799,17.60,17.60,0.0176,516,559
S2,2575,45.817,18.11,18.10,0.0181,1268,561
S2,2576,45.836,18.73,18.70,0.0187,1268,562
S2,2577,45.854,18.46,18.51,0.0185,464,564
S2,2578,45.873,19.01,18.99,0.0190,1268,566
S2,2579,45.891,18.04,18.00,0.0180,464,568
S2,2580,45.909,17.87,17.89,0.0179,464,570
S2,2581,45.926,17.30,17.30,0.0173,464,572
S2,2582,45.944,17.51,17.50,0.0175,1268,573
S2,2583,45.962,17.95,17.98,0.0180,1268,575
S2,2584,45.979,17.54,17.51,0.0175,464,577
S2,2585,45.997,17.79,17.78,0.0178,464,579
S2,2586,46.015,18.12,18.12,0.0181,1320,580
S2,2587,46.034,18.69,18.69,0.0187,464,582
S2,2588,46.053,19.31,19.29,0.0193,1268,584
S2,2589,46.072,19.01,19.01,0.0190,1268,586
S2,2590,46.091,18.99,19.00,0.0190,464,588
S2,2591,46.110,19.03,18.99,0.0190,464,590
S2,2592,46.130,19.19,19.00,0.0192,464,592
S2,2593,46.148,18.40,18.60,0.0184,464,594
S2,2594,46.166,18.41,18.39,0.0184,1268,596
S2,2595,46.186,19.20,19.21,0.0192,464,597
S2,2596,46.205,19.24,19.26,0.0192,1268,599
S2,2597,46.224,18.93,18.92,0.0189,1320,601
S2,2598,46.243,18.85,18.80,0.0188,464,603
S2,2599,46.261,18.68,18.69,0.0187,1268,605
S2,2600,46.280,18.48,18.49,0.0185,464,607
S2,2601,46.298,18.65,18.69,0.0187,464,609
S2,2602,46.317,18.47,18.43,0.0185,1268,611
S2,2603,46.335,18.19,18.18,0.0182,464,612
S2,2604,46.354,18.96,18.99,0.0190,1268,614
S2,2605,46.373,18.61,18.61,0.0186,1268,616
S2,2606,46.391,18.12,18.09,0.0181,464,618
S2,2607,46.409,18.26,18.28,0.0183,1268,620
S2,2608,46.427,18.40,18.42,0.0184,516,622
S2,2609,46.445,17.74,17.70,0.0177,464,623
S2,2610,46.463,18.18,18.20,0.0182,1268,625
S2,2611,46.483,19.69,19.69,0.0197,1268,627
S2,2612,46.502,18.92,18.90,0.0189,1268,629
S2,2613,46.520,18.50,18.51,0.0185,464,631
S2,2614,46.539,18.58,18.59,0.0186,464,633
S2,2615,46.558,18.62,18.60,0.0186,1268,635
S2,2616,46.576,18.04,18.00,0.0180,464,636
S2,2617,46.595,18.95,18.99,0.0189,464,638
S2,2618,46.614,18.91,18.89,0.0189,1268,640
S2,2619,46.632,18.61,18.60,0.0186,516,642
S2,2620,46.651,18.78,18.80,0.0188,1268,644
S2,2621,46.670,19.34,19.31,0.0193,1268,646
S2,2622,46.689,18.95,18.98,0.0189,1268,648
S2,2623,46.708,18.35,18.31,0.0183,1268,650
S2,2624,46.727,19.20,19.21,0.0192,1268,651
S2,2625,46.745,18.59,18.59,0.0186,464,653
S2,2626,46.764,18.76,18.79,0.0188,1268,655
S2,2627,46.784,19.53,19.50,0.0195,1268,657
S2,2628,46.802,18.88,18.90,0.0189,464,659
S2,2629,46.820,17.41,17.39,0.0174,1268,661
S2,2630,46.837,17.14,17.11,0.0171,516,663
S2,2631,46.854,17.44,17.48,0.0174,464,664
S2,2632,46.872,17.61,17.61,0.0176,1268,666
S2,2633,46.889,17.30,17.29,0.0173,464,668
S2,2634,46.907,17.17,17.18,0.0172,464,670
S2,2635,46.923,16.81,16.80,0.0168,464,671
S2,2636,46.941,17.32,17.32,0.0173,1268,673
S2,2637,46.958,17.66,17.68,0.0177,1268,675
S2,2638,46.976,17.45,17.42,0.0174,1268,677
S2,2639,46.993,17.52,17.49,0.0175,464,678
S2,2640,47.012,18.26,18.29,0.0183,1428,680
S2,2641,47.030,18.21,18.19,0.0182,1428,682
S2,2642,47.048,18.40,18.40,0.0184,1480,684
S2,2643,47.066,18.30,18.30,0.0183,624,686
S2,2644,47.084,17.89,17.89,0.0179,1348,687
S2,2645,47.102,17.29,17.29,0.0173,668,689
S2,2646,47.119,17.01,17.01,0.0170,464,689
S2,2647,47.136,16.91,16.90,0.0169,464,689
S2,2648,47.152,16.48,16.49,0.0165,464,689
S2,2649,47.169,17.11,17.11,0.0171,1268,689
S2,2650,47.186,17.09,17.09,0.0171,464,689
S2,2651,47.205,18.42,18.40,0.0184,1268,689
S2,2652,47.222,17.69,17.71,0.0177,1268,689
S2,2653,47.240,17.99,17.99,0.0180,1268,689
S2,2654,47.258,17.52,17.50,0.0175,516,689
S2,2655,47.276,17.70,17.71,0.0177,1268,689
S2,2656,47.293,17.67,17.68,0.0177,464,689
S2,2657,47.311,17.39,17.39,0.0174,1268,689
S2,2658,47.328,17.84,17.81,0.0178,464,689
S2,2659,47.348,19.49,19.51,0.0195,1268,689
S2,2660,47.368,19.65,19.60,0.0197,1268,689
S2,2661,47.387,19.38,19.39,0.0194,1268,689
S2,2662,47.406,18.77,18.80,0.0188,464,689
S2,2663,47.424,18.30,18.28,0.0183,464,689
S2,2664,47.443,18.53,18.51,0.0185,1268,689
S2,2665,47.462,19.66,19.70,0.0197,1320,689
S2,2666,47.482,19.66,19.61,0.0197,1268,689
S2,2667,47.502,19.60,19.59,0.0196,464,689
S2,2668,47.520,18.95,18.99,0.0189,464,689
S2,2669,47.540,19.54,19.51,0.0195,1268,689
S2,2670,47.559,18.88,18.90,0.0189,1268,689
S2,2671,47.577,17.78,17.78,0.0178,1268,689
S2,2672,47.596,19.13,19.11,0.0191,1268,689
S2,2673,47.614,18.17,18.19,0.0182,1268,689
S2,2674,47.632,18.40,18.40,0.0184,1268,689
S2,2675,47.651,18.69,18.69,0.0187,1268,689
S2,2676,47.670,18.86,18.82,0.0189,1320,689
S2,2677,47.688,18.36,18.38,0.0184,1268,689
S2,2678,47.706,17.70,17.70,0.0177,464,689
S2,2679,47.724,17.79,17.79,0.0178,1268,689
S2,2680,47.741,17.71,17.70,0.0177,1268,689
S2,2681,47.759,17.49,17.49,0.0175,464,689
S2,2682,47.777,18.30,18.30,0.0183,1268,689
S2,2683,47.795,17.71,17.70,0.0177,464,689
S2,2684,47.812,17.38,17.39,0.0174,464,689
S2,2685,47.830,18.05,18.01,0.0180,1268,689
S2,2686,47.849,18.46,18.49,0.0185,1268,689
S2,2687,47.867,17.71,17.69,0.0177,1268,689
S2,2688,47.885,18.21,18.20,0.0182,1320,689
S2,2689,47.903,18.06,18.09,0.0181,1268,689
S2,2690,47.921,17.83,17.81,0.0178,464,689
S2,2691,47.939,18.68,18.69,0.0187,1268,689
S2,2692,47.959,19.23,19.21,0.0192,1268,689
S2,2693,47.977,18.57,18.58,0.0186,1268,689
S2,2694,47.996,18.49,18.50,0.0185,1268,689
S2,2695,48.014,18.80,18.80,0.0188,1268,689
S2,2696,48.033,18.34,18.29,0.0183,1268,689
S2,2697,48.051,18.56,18.59,0.0186,1268,689
S2,2698,48.071,19.31,19.30,0.0193,1268,689
S2,2699,48.089,18.70,18.70,0.0187,1320,689
S2,2700,48.108,18.17,18.19,0.0182,1268,689
S2,2701,48.126,18.42,18.40,0.0184,1268,689
S2,2702,48.145,18.70,18.50,0.0187,1268,689
S2,2703,48.164,19.19,19.39,0.0192,1268,689
S2,2704,48.183,19.04,19.01,0.0190,464,689
S2,2705,48.201,18.57,18.58,0.0186,1268,689
S2,2706,48.221,19.20,19.20,0.0192,1268,688
S2,2707,48.240,19.12,19.11,0.0191,1268,688
S2,2708,48.259,19.46,19.47,0.0195,1268,688
S2,2709,48.278,19.15,19.12,0.0192,1268,688
S2,2710,48.297,18.99,19.00,0.0190,516,688
S2,2711,48.316,18.37,18.38,0.0184,1268,688
S2,2712,48.334,18.50,18.51,0.0185,1268,688
S2,2713,48.353,18.79,18.79,0.0188,1268,688
S2,2714,48.372,19.02,19.00,0.0190,1268,688
S2,2715,48.391,18.88,18.90,0.0189,1268,688
S2,2716,48.409,18.10,18.10,0.0181,464,688
S2,2717,48.428,18.62,18.60,0.0186,1268,688
S2,2718,48.447,19.65,19.68,0.0197,1268,688
S2,2719,48.467,19.33,19.32,0.0193,1268,687
S2,2720,48.486,19.22,19.19,0.0192,1268,687
S2,2721,48.505,19.10,19.10,0.0191,1320,687
S2,2722,48.524,19.00,19.00,0.0190,1268,687
S2,2723,48.544,19.72,19.70,0.0197,1268,687
S2,2724,48.564,20.17,20.19,0.0202,1268,687
S2,2725,48.584,19.64,19.60,0.0196,1268,687
S2,2726,48.603,19.27,19.29,0.0193,1268,687
S2,2727,48.622,19.11,19.09,0.0191,464,687
S2,2728,48.640,18.09,18.10,0.0181,464,687
S2,2729,48.659,19.11,19.10,0.0191,1268,687
S2,2730,48.679,20.09,20.10,0.0201,1268,687
S2,2731,48.699,19.40,19.39,0.0194,1268,687
S2,2732,48.718,19.02,19.00,0.0190,516,686
S2,2733,48.736,18.71,18.70,0.0187,464,686
S2,2734,48.756,19.69,19.70,0.0197,1268,686
S2,2735,48.778,21.65,21.58,0.0217,1268,686
S2,2736,48.799,21.25,21.31,0.0212,1268,686
S2,2737,48.820,21.01,20.99,0.0210,1268,686
S2,2738,48.841,20.91,20.90,0.0209,1268,686
S2,2739,48.862,21.58,21.60,0.0216,1268,686
S2,2740,48.883,20.91,20.90,0.0209,1268,686
S2,2741,48.904,20.92,20.89,0.0209,1268,686
S2,2742,48.924,20.26,20.28,0.0203,1320,686
S2,2743,48.945,20.51,20.51,0.0205,1268,686
S2,2744,48.966,21.39,21.39,0.0214,1268,686
S2,2745,48.987,20.93,20.92,0.0209,1268,686
S2,2746,49.007,19.27,19.29,0.0193,464,686
S2,2747,49.025,18.84,18.81,0.0188,1268,686
S2,2748,49.044,18.98,18.99,0.0190,464,686
S2,2749,49.064,19.31,19.30,0.0193,1268,686
S2,2750,49.086,22.21,22.19,0.0222,1268,686
S2,2751,49.107,21.08,21.08,0.0211,1268,686
S2,2752,49.128,21.03,21.03,0.0210,516,686
S2,2753,49.150,21.88,21.89,0.0219,1268,686
S2,2754,49.172,22.10,22.09,0.0221,1268,686
S2,2755,49.193,21.27,21.20,0.0213,1268,686
S2,2756,49.215,21.24,21.29,0.0212,1268,686
S2,2757,49.236,21.16,21.19,0.0212,1268,686
S2,2758,49.258,21.99,21.99,0.0220,1268,686
S2,2759,49.280,22.32,22.29,0.0223,1268,686
S2,2760,49.302,21.63,21.62,0.0216,1268,686
S2,2761,49.323,21.57,21.58,0.0216,1268,686
S2,2762,49.346,22.41,22.41,0.0224,1320,686
S2,2763,49.367,21.57,21.58,0.0216,1268,686
S2,2764,49.389,21.62,21.61,0.0216,1268,686
S2,2765,49.410,20.83,20.80,0.0208,1268,686
S2,2766,49.431,21.35,21.40,0.0213,1268,686
S2,2767,49.453,21.94,21.91,0.0219,1268,686
S2,2768,49.476,22.59,22.59,0.0226,1268,686
S2,2769,49.498,22.00,22.00,0.0220,1268,686
S2,2770,49.520,21.97,21.98,0.0220,1268,686
S2,2771,49.541,21.95,21.92,0.0219,464,686
S2,2772,49.565,23.57,23.59,0.0236,1320,686
S2,2773,49.588,23.06,23.08,0.0231,464,686
S2,2774,49.610,21.89,21.81,0.0219,464,686
S2,2775,49.633,22.65,22.71,0.0226,1268,686
S2,2776,49.655,22.77,22.79,0.0228,1268,686
S2,2777,49.678,22.92,22.90,0.0229,1268,686
S2,2778,49.701,22.22,22.20,0.0222,1268,686
S2,2779,49.723,22.17,22.19,0.0222,1268,686
S2,2780,49.745,22.12,22.10,0.0221,1268,686
S2,2781,49.767,22.38,22.39,0.0224,1320,686
S2,2782,49.789,21.89,21.91,0.0219,1268,686
S2,2783,49.811,22.20,22.20,0.0222,1268,686
S2,2784,49.832,20.72,20.71,0.0207,464,686
S2,2785,49.855,22.88,22.89,0.0229,1268,686
S2,2786,49.877,21.79,21.72,0.0218,1268,686
S2,2787,49.898,21.24,21.28,0.0212,1268,686
S2,2788,49.919,21.29,21.28,0.0213,464,686
S2,2789,49.941,21.70,21.69,0.0217,1268,686
S2,2790,49.963,21.88,21.90,0.0219,464,686
S2,2791,49.985,22.49,22.41,0.0225,1320,686
S2,2792,50.008,23.15,23.21,0.0231,1268,686
S2,2793,50.031,22.56,22.58,0.0226,1268,686
S2,2794,50.054,22.56,22.55,0.0226,1268,686
S2,2795,50.076,22.12,22.07,0.0221,1268,686
S2,2796,50.099,22.95,22.99,0.0230,1268,686
S2,2797,50.121,22.81,22.80,0.0228,464,686
S2,2798,50.145,23.45,23.27,0.0234,1268,686
S2,2799,50.169,23.92,24.11,0.0239,1268,686
S2,2800,50.193,24.04,24.00,0.0240,1320,686
S2,2801,50.218,24.91,24.90,0.0249,1268,685
S2,2802,50.244,26.09,26.10,0.0261,1268,685
S2,2803,50.268,23.75,23.78,0.0238,1268,685
S2,2804,50.291,22.96,22.91,0.0230,1268,685
S2,2805,50.314,23.35,23.39,0.0234,1268,685
S2,2806,50.338,24.30,24.30,0.0243,1268,685
S2,2807,50.362,23.95,23.91,0.0240,1268,685
S2,2808,50.385,23.01,22.98,0.0230,1268,685
S2,2809,50.407,22.17,22.21,0.0222,1320,685
S2,2810,50.430,22.59,22.59,0.0226,1268,685
S2,2811,50.453,23.47,23.49,0.0235,1268,685
S2,2812,50.476,22.93,22.91,0.0229,1268,685
S2,2813,50.498,21.57,21.59,0.0216,464,685
S2,2814,50.520,22.21,22.20,0.0222,1268,684
S2,2815,50.542,22.11,22.11,0.0221,464,684
S2,2816,50.564,22.18,22.19,0.0222,1268,684
S2,2817,50.587,22.10,22.09,0.0221,1268,684
S2,2818,50.610,23.54,23.52,0.0235,1320,684
S2,2819,50.632,22.39,22.39,0.0224,464,684
S2,2820,50.655,22.17,22.19,0.0222,1268,684
S2,2821,50.677,22.80,22.80,0.0228,1268,684
S2,2822,50.700,22.61,22.60,0.0226,1268,683
S2,2823,50.723,23.18,23.19,0.0232,1268,683
S2,2824,50.747,24.06,24.02,0.0241,1268,683
S2,2825,50.771,23.60,23.58,0.0236,1268,683
S2,2826,50.794,23.29,23.30,0.0233,1268,683
S2,2827,50.817,23.15,23.18,0.0232,1320,683
S2,2828,50.840,22.47,22.42,0.0225,1268,683
S2,2829,50.863,23.64,23.68,0.0236,1268,683
S2,2830,50.887,23.27,23.21,0.0233,1268,683
S2,2831,50.909,22.36,22.38,0.0224,1268,683
S2,2832,50.931,21.99,22.00,0.0220,464,683
S2,2833,50.953,22.22,22.21,0.0222,1268,683
S2,2834,50.975,21.68,21.67,0.0217,1268,683
S2,2835,50.997,22.47,22.49,0.0225,1268,683
S2,2836,51.019,22.01,22.01,0.0220,1320,681
S2,2837,51.041,21.71,21.69,0.0217,1268,681
S2,2838,51.062,21.27,21.30,0.0213,464,681
S2,2839,51.085,22.16,22.11,0.0222,1268,681
S2,2840,51.106,21.67,21.68,0.0217,464,681
S2,2841,51.128,22.13,22.11,0.0221,1268,681
S2,2842,51.150,21.66,21.68,0.0217,1268,681
S2,2843,51.172,22.21,22.19,0.0222,1268,681
S2,2844,51.194,21.60,21.60,0.0216,1268,681
S2,2845,51.216,22.09,22.10,0.0221,1268,681
S2,2846,51.238,21.79,21.79,0.0218,1320,681
S2,2847,51.259,21.48,21.49,0.0215,1268,681
S2,2848,51.281,22.12,22.12,0.0221,1268,681
S2,2849,51.304,22.31,22.29,0.0223,1268,681
S2,2850,51.325,21.27,21.29,0.0213,1268,681
S2,2851,51.349,23.63,23.61,0.0236,1268,681
S2,2852,51.371,22.42,22.40,0.0224,1268,681
S2,2853,51.394,22.86,22.88,0.0229,1268,681
S2,2854,51.416,22.14,22.11,0.0221,1268,681
S2,2855,51.439,22.62,22.60,0.0226,516,681
S2,2856,51.461,22.47,22.49,0.0225,1268,681
S2,2857,51.483,21.98,21.99,0.0220,1268,681
S2,2858,51.505,22.34,22.29,0.0223,1268,681
S2,2859,51.528,22.60,22.61,0.0226,1268,681
S2,2860,51.551,22.67,22.69,0.0227,1268,681
S2,2861,51.573,22.70,22.69,0.0227,1268,681
S2,2862,51.595,21.90,21.89,0.0219,1268,681
S2,2863,51.617,21.98,21.99,0.0220,1268,681
S2,2864,51.639,21.74,21.71,0.0217,516,681
S2,2865,51.661,21.77,21.80,0.0218,1268,681
S2,2866,51.683,22.42,22.40,0.0224,1268,680
S2,2867,51.706,22.97,22.98,0.0230,1268,680
S2,2868,51.729,22.71,22.71,0.0227,1268,680
S2,2869,51.750,21.60,21.60,0.0216,464,680
S2,2870,51.773,22.10,22.10,0.0221,1268,680
S2,2871,51.794,21.45,21.42,0.0214,1268,680
S2,2872,51.816,21.52,21.56,0.0215,1268,680
S2,2873,51.836,20.75,20.72,0.0208,1268,679
S2,2874,51.857,21.18,21.19,0.0212,1320,679
S2,2875,51.879,21.61,21.60,0.0216,1268,679
S2,2876,51.901,21.92,21.89,0.0219,1268,679
S2,2877,51.922,21.47,21.50,0.0215,1268,679
S2,2878,51.944,21.31,21.30,0.0213,464,679
S2,2879,51.965,21.30,21.30,0.0213,1268,679
S2,2880,51.986,21.29,21.29,0.0213,464,679
S2,2881,52.007,20.80,20.81,0.0208,1268,679
S2,2882,52.029,21.91,21.89,0.0219,1268,679
S2,2883,52.050,21.28,21.30,0.0213,1268,679
S2,2884,52.072,21.92,21.89,0.0219,1320,679
S2,2885,52.094,21.41,21.40,0.0214,1268,679
S2,2886,52.116,21.87,21.90,0.0219,1268,679
S2,2887,52.140,24.64,24.60,0.0246,1268,679
S2,2888,52.164,24.15,23.98,0.0242,1268,679
S2,2889,52.188,23.53,23.71,0.0235,1268,679
S2,2890,52.211,23.11,23.10,0.0231,1268,679
S2,2891,52.234,23.13,23.09,0.0231,1268,679
S2,2892,52.257,22.39,22.40,0.0224,464,679
S2,2893,52.279,22.99,22.99,0.0230,1320,679
S2,2894,52.302,22.46,22.39,0.0225,1268,679
S2,2895,52.325,22.58,22.68,0.0226,464,679
S2,2896,52.347,22.28,22.25,0.0223,1268,679
S2,2897,52.370,23.29,23.26,0.0233,1268,679
S2,2898,52.393,22.60,22.59,0.0226,1268,679
S2,2899,52.415,22.15,22.19,0.0222,464,679
S2,2900,52.437,21.71,21.70,0.0217,1268,679
S2,2901,52.458,21.38,21.38,0.0214,1268,679
S2,2902,52.480,22.00,22.01,0.0220,1320,679
S2,2903,52.500,20.45,20.41,0.0204,1268,679
S2,2904,52.522,21.18,21.20,0.0212,1268,679
S2,2905,52.542,20.61,20.59,0.0206,1268,679
S2,2906,52.563,20.77,20.79,0.0208,1268,679
S2,2907,52.583,20.43,20.41,0.0204,1268,679
S2,2908,52.604,20.57,20.59,0.0206,1268,679
S2,2909,52.624,20.22,20.19,0.0202,1268,679
S2,2910,52.645,20.67,20.70,0.0207,1268,679
S2,2911,52.665,20.40,20.40,0.0204,1268,678
S2,2912,52.686,20.33,20.30,0.0203,1320,678
S2,2913,52.706,20.26,20.30,0.0203,1268,678
S2,2914,52.726,20.04,20.01,0.0200,1268,678
S2,2915,52.747,20.96,20.95,0.0210,1268,678
S2,2916,52.767,20.50,20.51,0.0205,1268,678
S2,2917,52.788,20.92,20.92,0.0209,1268,677
S2,2918,52.808,19.61,19.60,0.0196,1268,677
S2,2919,52.828,20.09,20.10,0.0201,1268,677
S2,2920,52.847,18.99,19.00,0.0190,464,677
S2,2921,52.866,19.03,18.99,0.0190,464,677
S2,2922,52.885,19.19,19.22,0.0192,1320,677
S2,2923,52.904,18.46,18.49,0.0185,1268,677
S2,2924,52.922,18.42,18.40,0.0184,1268,677
S2,2925,52.940,18.41,18.41,0.0184,1268,677
S2,2926,52.959,18.28,18.29,0.0183,1268,676
S2,2927,52.977,18.24,18.20,0.0182,1268,676
S2,2928,52.996,19.00,19.01,0.0190,1268,675
S2,2929,53.015,19.17,19.19,0.0192,464,675
S2,2930,53.036,20.64,20.60,0.0206,1268,675
S2,2931,53.057,20.97,20.99,0.0210,1268,675
S2,2932,53.078,21.43,21.40,0.0214,1268,675
S2,2933,53.098,20.08,20.09,0.0201,1320,675
S2,2934,53.119,20.69,20.70,0.0207,1268,675
S2,2935,53.139,20.02,20.01,0.0200,464,675
S2,2936,53.160,21.33,21.31,0.0213,1268,675
S2,2937,53.181,20.35,20.38,0.0204,1268,675
S2,2938,53.201,20.31,20.30,0.0203,1268,674
S2,2939,53.221,20.01,19.99,0.0200,1268,674
S2,2940,53.241,19.98,20.00,0.0200,1268,674
S2,2941,53.261,20.09,20.10,0.0201,1268,674
S2,2942,53.281,19.54,19.50,0.0195,1268,674
S2,2943,53.301,20.07,20.09,0.0201,1320,674
S2,2944,53.321,19.86,19.89,0.0199,1268,674
S2,2945,53.340,19.84,19.81,0.0198,1268,674
S2,2946,53.361,20.16,20.19,0.0202,1268,674
S2,2947,53.380,19.83,19.80,0.0198,1268,674
S2,2948,53.400,19.60,19.58,0.0196,1268,674
S2,2949,53.419,19.49,19.51,0.0195,1268,674
S2,2950,53.438,18.79,18.80,0.0188,1268,674
S2,2951,53.457,18.52,18.50,0.0185,1268,674
S2,2952,53.475,18.01,18.02,0.0180,1268,674
S2,2953,53.493,18.08,18.08,0.0181,1268,674
S2,2954,53.512,19.15,19.09,0.0192,1320,672
S2,2955,53.532,19.76,19.81,0.0198,1268,672
S2,2956,53.551,19.59,19.58,0.0196,1268,672
S2,2957,53.571,19.92,19.90,0.0199,1268,672
S2,2958,53.591,19.78,19.80,0.0198,1268,672
S2,2959,53.611,19.68,19.69,0.0197,464,672
S2,2960,53.631,20.35,20.31,0.0203,1268,672
S2,2961,53.651,19.88,19.88,0.0199,1268,672
S2,2962,53.671,20.29,20.31,0.0203,1268,672
S2,2963,53.691,20.03,20.00,0.0200,1268,672
S2,2964,53.711,19.77,19.80,0.0198,1268,672
S2,2965,53.730,18.91,18.89,0.0189,516,672
S2,2966,53.748,18.31,18.31,0.0183,1268,672
S2,2967,53.766,17.80,17.79,0.0178,464,672
S2,2968,53.784,17.79,17.79,0.0178,1268,672
S2,2969,53.802,18.29,18.31,0.0183,1268,672
S2,2970,53.820,17.71,17.70,0.0177,464,672
S2,2971,53.838,17.74,17.72,0.0177,1268,672
S2,2972,53.855,17.66,17.67,0.0177,1268,672
S2,2973,53.873,17.50,17.51,0.0175,1268,672
S2,2974,53.891,18.47,18.48,0.0185,1268,672
S2,2975,53.909,18.13,18.12,0.0181,1268,672
S2,2976,53.927,18.18,18.19,0.0182,1268,671
S2,2977,53.946,18.60,18.60,0.0186,1320,670
S2,2978,53.964,17.99,17.98,0.0180,1268,670
S2,2979,53.981,17.33,17.32,0.0173,464,670
S2,2980,53.999,17.37,17.39,0.0174,1268,670
S2,2981,54.017,18.60,18.59,0.0186,1268,670
S2,2982,54.035,17.61,17.62,0.0176,1268,670
S2,2983,54.053,18.40,18.38,0.0184,1268,670
S2,2984,54.072,18.32,18.30,0.0183,1268,670
S2,2985,54.089,17.50,17.51,0.0175,464,670
S2,2986,54.107,17.98,17.99,0.0180,1268,670
S2,2987,54.125,17.62,17.60,0.0176,1268,670
S2,2988,54.143,17.72,17.71,0.0177,1268,670
S2,2989,54.160,17.56,17.59,0.0176,1320,670
S2,2990,54.178,17.93,17.69,0.0179,1268,670
S2,2991,54.196,18.30,18.49,0.0183,1268,670
S2,2992,54.214,17.68,17.71,0.0177,1268,670
S2,2993,54.232,17.63,17.60,0.0176,464,670
S2,2994,54.250,18.00,18.01,0.0180,1268,670
S2,2995,54.268,17.90,17.88,0.0179,1268,670
S2,2996,54.287,19.68,19.68,0.0197,1268,670
S2,2997,54.305,17.70,17.71,0.0177,464,670
S2,2998,54.323,18.39,18.39,0.0184,1268,670
S2,2999,54.341,18.01,18.00,0.0180,1268,670
S2,3000,54.359,18.00,18.00,0.0180,1268,670
S2,3001,54.377,18.08,18.09,0.0181,1320,670
S2,3002,54.395,17.67,17.62,0.0177,1268,670
S2,3003,54.413,17.96,17.98,0.0180,1268,670
S2,3004,54.431,17.70,17.71,0.0177,1268,670
S2,3005,54.448,17.26,17.26,0.0173,1268,670
S2,3006,54.466,17.62,17.62,0.0176,1268,670
S2,3007,54.483,17.80,17.79,0.0178,464,670
S2,3008,54.501,17.72,17.70,0.0177,1268,670
S2,3009,54.519,17.84,17.82,0.0178,1268,670
S2,3010,54.537,17.65,17.68,0.0177,1268,670
S2,3011,54.555,18.02,18.01,0.0180,1268,670
S2,3012,54.572,17.67,17.68,0.0177,1268,670
S2,3013,54.590,17.71,17.70,0.0177,1320,670
S2,3014,54.608,18.09,18.10,0.0181,1268,670
S2,3015,54.625,17.11,17.10,0.0171,464,670
S2,3016,54.643,17.57,17.59,0.0176,1268,670
S2,3017,54.660,17.31,17.30,0.0173,1268,670
S2,3018,54.678,17.62,17.61,0.0176,1268,670
S2,3019,54.695,17.61,17.61,0.0176,1268,670
S2,3020,54.713,17.58,17.59,0.0176,1268,670
S2,3021,54.730,17.50,17.50,0.0175,1268,670
S2,3022,54.748,17.21,17.21,0.0172,1268,670
S2,3023,54.765,17.22,17.19,0.0172,1268,670
S2,3024,54.783,18.10,18.10,0.0181,1268,670
S2,3025,54.801,17.67,17.69,0.0177,1320,670
S2,3026,54.818,17.73,17.70,0.0177,1268,670
S2,3027,54.836,17.93,17.92,0.0179,1268,670
S2,3028,54.854,17.85,17.87,0.0178,1268,670
S2,3029,54.871,16.92,16.90,0.0169,464,670
S2,3030,54.888,17.39,17.40,0.0174,1268,670
S2,3031,54.906,17.90,17.91,0.0179,1268,670
S2,3032,54.924,17.70,17.68,0.0177,1268,670
S2,3033,54.942,17.79,17.81,0.0178,1268,670
S2,3034,54.959,16.89,16.89,0.0169,464,670
S2,3035,54.976,17.31,17.30,0.0173,1268,670
S2,3036,54.993,17.49,17.50,0.0175,1268,670
S2,3037,55.011,17.97,17.91,0.0180,1320,670
S2,3038,55.029,17.65,17.68,0.0176,1268,670
S2,3039,55.047,17.77,17.79,0.0178,1268,670
S2,3040,55.064,17.62,17.61,0.0176,1268,670
S2,3041,55.082,17.80,17.79,0.0178,1268,670
S2,3042,55.101,18.53,18.52,0.0185,1268,670
S2,3043,55.119,18.17,18.18,0.0182,1268,670
S2,3044,55.138,18.72,18.70,0.0187,1268,670
S2,3045,55.159,21.32,21.31,0.0213,1268,670
S2,3046,55.179,19.61,19.59,0.0196,1268,670
S2,3047,55.198,19.60,19.59,0.0196,1268,670
S2,3048,55.219,20.77,20.80,0.0208,1320,670
S2,3049,55.239,20.02,20.01,0.0200,1268,670
S2,3050,55.259,19.87,19.87,0.0199,1268,670
S2,3051,55.278,19.31,19.31,0.0193,1268,670
S2,3052,55.298,19.69,19.69,0.0197,1268,670
S2,3053,55.318,19.86,19.81,0.0199,1268,670
S2,3054,55.338,19.75,19.79,0.0197,464,670
S2,3055,55.357,19.32,19.30,0.0193,1268,670
S2,3056,55.377,19.83,19.79,0.0198,1268,670
S2,3057,55.398,21.24,21.29,0.0212,1268,670
S2,3058,55.419,21.04,21.02,0.0210,1268,670
S2,3059,55.439,20.27,20.28,0.0203,1320,670
S2,3060,55.459,20.10,20.10,0.0201,464,670
S2,3061,55.478,18.88,18.89,0.0189,1268,670
S2,3062,55.498,19.92,19.91,0.0199,1268,670
S2,3063,55.518,20.17,20.10,0.0202,1268,670
S2,3064,55.539,20.56,20.60,0.0206,1268,670
S2,3065,55.560,21.29,21.29,0.0213,1268,670
S2,3066,55.580,19.58,19.59,0.0196,1268,670
S2,3067,55.600,20.27,20.28,0.0203,1268,670
S2,3068,55.620,20.25,20.21,0.0203,1268,670
S2,3069,55.640,19.87,19.91,0.0199,1320,670
S2,3070,55.660,20.04,20.01,0.0200,1268,670
S2,3071,55.680,19.80,19.79,0.0198,1268,670
S2,3072,55.699,19.37,19.39,0.0194,1268,670
S2,3073,55.719,19.60,19.61,0.0196,1268,670
S2,3074,55.739,19.71,19.69,0.0197,1268,670
S2,3075,55.758,19.38,19.40,0.0194,1268,670
S2,3076,55.779,20.83,20.80,0.0208,27064,670
S2,3077,55.800,20.70,20.70,0.0207,464,670
S2,3078,55.821,21.38,21.31,0.0214,1268,670
S2,3079,55.841,20.21,20.29,0.0202,1320,670
S2,3080,55.862,20.85,20.78,0.0208,1268,670
S2,3081,55.882,20.25,20.30,0.0202,1268,670
S2,3082,55.904,21.33,21.32,0.0213,1268,670
S2,3083,55.925,21.81,21.80,0.0218,1268,670
S2,3084,55.947,21.53,21.58,0.0215,1268,670
S2,3085,55.968,20.53,20.50,0.0205,1268,670
S2,3086,55.989,21.91,21.90,0.0219,1268,670
S2,3087,56.011,21.16,21.19,0.0212,1268,670
S2,3088,56.031,20.91,20.90,0.0209,1268,669
S2,3089,56.054,22.04,22.00,0.0220,1320,669
S2,3090,56.074,20.29,20.30,0.0203,1268,669
S2,3091,56.094,20.48,20.49,0.0205,1268,669
S2,3092,56.115,20.65,20.61,0.0207,1268,669
S2,3093,56.136,21.18,21.19,0.0212,1268,669
S2,3094,56.156,20.07,20.08,0.0201,1268,669
S2,3095,56.177,20.47,20.41,0.0205,1268,669
S2,3096,56.198,20.91,20.78,0.0209,1268,668
S2,3097,56.218,20.46,20.61,0.0205,1268,668
S2,3098,56.238,19.58,19.58,0.0196,1268,668
S2,3099,56.258,20.08,20.12,0.0201,1320,668
S2,3100,56.278,20.09,20.08,0.0201,1268,668
S2,3101,56.298,20.54,20.51,0.0205,1268,668
S2,3102,56.318,19.98,19.99,0.0200,1268,668
S2,3103,56.338,20.08,20.09,0.0201,1268,668
S2,3104,56.358,19.95,19.90,0.0200,1268,668
S2,3105,56.378,19.47,19.50,0.0195,1268,668
S2,3106,56.397,19.65,19.68,0.0196,1268,668
S2,3107,56.417,19.46,19.41,0.0195,1268,668
S2,3108,56.436,19.56,19.59,0.0196,1268,668
S2,3109,56.456,19.13,19.10,0.0191,1268,668
S2,3110,56.477,20.93,20.90,0.0209,1320,668
S2,3111,56.498,21.13,21.20,0.0211,1268,668
S2,3112,56.518,19.94,19.90,0.0199,1268,668
S2,3113,56.536,18.88,18.89,0.0189,27064,668
S2,3114,56.555,18.94,18.98,0.0189,1268,668
S2,3115,56.574,18.34,18.32,0.0183,1268,668
S2,3116,56.592,18.22,18.19,0.0182,1268,668
S2,3117,56.612,20.28,20.29,0.0203,1268,668
S2,3118,56.632,19.75,19.71,0.0198,1268,668
S2,3119,56.653,20.89,20.88,0.0209,1268,668
S2,3120,56.673,20.39,20.39,0.0204,1268,668
S2,3121,56.694,21.11,21.12,0.0211,1320,668
S2,3122,56.715,20.48,20.48,0.0205,1268,668
S2,3123,56.736,21.41,21.38,0.0214,1268,668
S2,3124,56.756,20.07,20.12,0.0201,1268,668
S2,3125,56.776,19.27,19.21,0.0193,1268,668
S2,3126,56.795,19.75,19.77,0.0198,1268,668
S2,3127,56.814,18.78,18.81,0.0188,1268,668
S2,3128,56.833,18.82,18.79,0.0188,1268,668
S2,3129,56.853,19.60,19.60,0.0196,1268,668
S2,3130,56.872,19.19,19.19,0.0192,1268,668
S2,3131,56.891,19.34,19.31,0.0193,1268,668
S2,3132,56.911,19.57,19.60,0.0196,1320,668
S2,3133,56.930,19.50,19.50,0.0195,1268,668
S2,3134,56.948,18.10,18.09,0.0181,1268,668
S2,3135,56.967,19.02,19.01,0.0190,1268,668
S2,3136,56.988,20.61,20.61,0.0206,1268,668
S2,3137,57.009,20.83,20.79,0.0208,1268,668
S2,3138,57.029,20.55,20.59,0.0205,27064,668
S2,3139,57.050,20.39,20.39,0.0204,1268,668
S2,3140,57.071,21.16,21.10,0.0212,1268,668
S2,3141,57.092,21.25,21.29,0.0213,1268,668
S2,3142,57.113,21.30,21.32,0.0213,1320,668
S2,3143,57.134,20.62,20.58,0.0206,1268,668
S2,3144,57.154,20.04,20.08,0.0200,1268,668
S2,3145,57.174,19.93,19.92,0.0199,1268,668
S2,3146,57.194,19.72,19.70,0.0197,1268,668
S2,3147,57.213,19.56,19.59,0.0196,1268,668
S2,3148,57.233,19.42,19.40,0.0194,1268,668
S2,3149,57.252,19.51,19.50,0.0195,1268,668
S2,3150,57.271,18.88,18.90,0.0189,464,668
S2,3151,57.290,19.40,19.40,0.0194,1268,668
S2,3152,57.311,20.15,20.10,0.0202,1268,668
S2,3153,57.330,19.75,19.78,0.0197,1320,668
S2,3154,57.350,19.80,19.80,0.0198,1268,667
S2,3155,57.370,20.03,20.00,0.0200,1268,667
S2,3156,57.389,18.75,18.79,0.0188,1268,667
S2,3157,57.408,18.90,18.90,0.0189,1268,667
S2,3158,57.426,18.22,18.19,0.0182,1268,667
S2,3159,57.444,18.37,18.39,0.0184,1268,667
S2,3160,57.463,18.19,18.20,0.0182,1268,667
S2,3161,57.481,18.63,18.61,0.0186,1268,667
S2,3162,57.502,20.43,20.41,0.0204,1268,667
S2,3163,57.523,21.49,21.49,0.0215,1268,667
S2,3164,57.544,21.04,21.01,0.0210,1320,667
S2,3165,57.565,21.04,21.08,0.0210,1268,667
S2,3166,57.587,21.32,21.31,0.0213,1268,667
S2,3167,57.607,20.39,20.39,0.0204,1268,667
S2,3168,57.629,21.92,21.91,0.0219,1268,667
S2,3169,57.649,20.36,20.38,0.0204,1268,667
S2,3170,57.669,20.24,20.21,0.0202,1268,667
S2,3171,57.689,19.98,20.00,0.0200,1268,667
S2,3172,57.709,19.69,19.69,0.0197,1268,667
S2,3173,57.729,19.74,19.71,0.0197,1268,667
S2,3174,57.748,19.45,19.48,0.0194,1320,667
S2,3175,57.768,19.83,19.81,0.0198,1268,667
S2,3176,57.789,20.59,20.59,0.0206,1268,667
S2,3177,57.809,19.79,19.81,0.0198,1268,667
S2,3178,57.829,20.00,20.00,0.0200,1268,667
S2,3179,57.848,19.50,19.50,0.0195,1268,667
S2,3180,57.866,18.08,18.09,0.0181,1268,667
S2,3181,57.885,18.70,18.70,0.0187,1268,667
S2,3182,57.903,18.49,18.48,0.0185,1268,667
S2,3183,57.922,18.70,18.71,0.0187,1268,667
S2,3184,57.940,18.33,18.31,0.0183,1268,667
S2,3185,57.958,18.10,18.09,0.0181,1320,667
S2,3186,57.977,18.58,18.60,0.0186,1268,666
S2,3187,57.995,18.21,18.19,0.0182,1268,666
S2,3188,58.013,18.28,18.29,0.0183,1268,666
S2,3189,58.032,18.61,18.60,0.0186,1268,666
S2,3190,58.051,18.60,18.61,0.0186,1268,666
S2,3191,58.070,19.43,19.40,0.0194,1268,666
S2,3192,58.092,21.39,21.39,0.0214,1268,665
S2,3193,58.113,21.44,21.41,0.0214,1268,665
S2,3194,58.134,21.34,21.30,0.0213,27064,665
S2,3195,58.156,22.04,22.08,0.0220,1268,665
S2,3196,58.178,21.39,21.39,0.0214,1320,665
S2,3197,58.199,21.21,21.01,0.0212,1268,665
S2,3198,58.220,21.28,21.41,0.0213,1268,665
S2,3199,58.242,21.43,21.48,0.0214,1268,665
S2,3200,58.262,20.49,20.49,0.0205,1268,665
S2,3201,58.282,20.27,20.29,0.0203,1268,665
S2,3202,58.303,20.22,20.21,0.0202,1268,665
S2,3203,58.322,19.61,19.60,0.0196,1268,664
S2,3204,58.342,19.72,19.71,0.0197,1268,664
S2,3205,58.362,20.08,20.08,0.0201,1268,664
S2,3206,58.382,19.90,19.91,0.0199,1320,664
S2,3207,58.402,20.38,20.39,0.0204,1268,664
S2,3208,58.422,20.10,20.10,0.0201,1268,664
S2,3209,58.442,19.71,19.69,0.0197,1268,664
S2,3210,58.460,18.18,18.21,0.0182,1268,664
S2,3211,58.479,18.50,18.50,0.0185,1268,664
S2,3212,58.497,18.69,18.69,0.0187,1268,664
S2,3213,58.517,19.12,19.10,0.0191,1268,664
S2,3214,58.536,19.02,19.01,0.0190,1268,664
S2,3215,58.554,18.78,18.78,0.0188,1268,664
S2,3216,58.573,18.90,18.90,0.0189,1268,664
S2,3217,58.592,18.39,18.40,0.0184,1320,663
S2,3218,58.610,17.98,17.97,0.0180,1268,663
S2,3219,58.628,17.90,17.91,0.0179,1268,663
S2,3220,58.647,19.80,19.79,0.0198,1268,663
S2,3221,58.667,19.55,19.52,0.0196,1268,663
S2,3222,58.686,18.97,18.99,0.0190,9492,663
S2,3223,58.704,18.49,18.50,0.0185,1268,663
S2,3224,58.723,18.63,18.59,0.0186,1268,663
S2,3225,58.741,18.37,18.40,0.0184,1268,663
S2,3226,58.760,18.69,18.70,0.0187,1268,663
S2,3227,58.779,19.03,19.00,0.0190,1268,663
S2,3228,58.798,18.78,18.81,0.0188,1320,663
S2,3229,58.818,19.90,19.89,0.0199,1268,663
S2,3230,58.837,18.81,18.80,0.0188,1268,663
S2,3231,58.855,18.89,18.91,0.0189,1268,663
S2,3232,58.874,18.91,18.90,0.0189,1268,663
S2,3233,58.893,18.72,18.69,0.0187,1268,663
S2,3234,58.913,20.34,20.38,0.0203,1268,663
S2,3235,58.933,19.64,19.62,0.0196,1268,663
S2,3236,58.953,19.89,19.89,0.0199,1268,663
S2,3237,58.972,19.39,19.40,0.0194,1268,663
S2,3238,58.992,19.35,19.31,0.0193,1268,663
S2,3239,59.011,19.39,19.39,0.0194,1320,663
S2,3240,59.031,19.47,19.50,0.0195,1268,663
S2,3241,59.051,19.99,20.00,0.0200,1268,663
S2,3242,59.070,19.61,19.59,0.0196,1268,663
S2,3243,59.090,19.51,19.50,0.0195,1268,662
S2,3244,59.109,19.17,19.19,0.0192,1268,662
S2,3245,59.129,20.10,20.08,0.0201,1268,662
S2,3246,59.148,19.00,19.02,0.0190,1268,662
S2,3247,59.168,19.71,19.70,0.0197,1268,662
S2,3248,59.187,19.45,19.41,0.0195,1268,662
S2,3249,59.207,19.56,19.60,0.0196,1268,661
S2,3250,59.226,19.60,19.60,0.0196,1320,661
S2,3251,59.245,19.01,19.00,0.0190,1268,661
S2,3252,59.265,19.17,19.19,0.0192,1268,661
S2,3253,59.284,19.32,19.30,0.0193,1268,661
S2,3254,59.303,19.39,19.39,0.0194,1268,661
S2,3255,59.322,19.18,19.20,0.0192,1268,661
S2,3256,59.342,19.21,19.21,0.0192,1268,661
S2,3257,59.361,19.31,19.30,0.0193,1268,661
S2,3258,59.380,19.30,19.29,0.0193,1268,661
S2,3259,59.400,19.29,19.30,0.0193,1268,661
S2,3260,59.419,19.92,19.90,0.0199,1268,661
S2,3261,59.439,19.20,19.21,0.0192,1320,661
S2,3262,59.458,19.87,19.88,0.0199,1268,661
S2,3263,59.480,21.68,21.62,0.0217,1268,661
S2,3264,59.503,23.09,23.10,0.0231,1268,660
S2,3265,59.524,21.07,21.08,0.0211,1268,660
S2,3266,59.546,22.02,22.00,0.0220,1268,660
S2,3267,59.568,21.39,21.40,0.0214,1268,660
S2,3268,59.589,21.34,21.31,0.0213,1268,660
S2,3269,59.610,21.26,21.28,0.0213,1268,660
S2,3270,59.631,21.00,21.00,0.0210,1268,660
S2,3271,59.653,21.80,21.81,0.0218,1320,660
S2,3272,59.676,22.46,22.40,0.0225,1268,660
S2,3273,59.698,22.75,22.79,0.0228,1268,660
S2,3274,59.722,23.71,23.70,0.0237,1268,660
S2,3275,59.745,23.03,23.00,0.0230,650,660
S2,3276,59.769,24.02,24.00,0.0240,1268,659
S2,3277,59.793,23.62,23.59,0.0236,1268,658
S2,3278,59.816,23.53,23.58,0.0235,1268,658
S2,3279,59.840,23.75,23.71,0.0238,1268,658
S2,3280,59.864,23.66,23.69,0.0237,1320,658
S2,3281,59.886,22.76,22.71,0.0228,1268,657
S2,3282,59.910,23.28,23.29,0.0233,1268,657
S2,3283,59.932,21.94,21.99,0.0219,1268,657
S2,3284,59.954,22.40,22.40,0.0224,1268,657
S2,3285,59.977,22.92,22.89,0.0229,1268,657
S2,3286,60.000,22.67,22.69,0.0227,1268,657
S2,3287,60.025,24.86,24.80,0.0249,1268,657
S2,3288,60.049,24.43,24.49,0.0244,1268,656
S2,3289,60.073,24.04,24.01,0.0240,702,656
S2,3290,60.097,24.18,24.19,0.0242,1268,656
S2,3291,60.121,24.02,24.01,0.0240,1268,655
S2,3292,60.145,23.53,23.50,0.0235,1268,655
S2,3293,60.168,22.97,22.98,0.0230,1268,655
S2,3294,60.191,23.32,23.31,0.0233,1268,655
S2,3295,60.215,24.46,24.28,0.0245,1268,655
S2,3296,60.238,22.57,22.72,0.0226,1268,655
S2,3297,60.262,23.45,23.48,0.0234,1268,655
S2,3298,60.284,22.84,22.80,0.0228,1320,655
S2,3299,60.307,22.97,22.99,0.0230,1268,655
S2,3300,60.331,23.27,23.29,0.0233,1268,655
S2,3301,60.354,23.39,23.40,0.0234,1268,655
S2,3302,60.377,23.06,23.02,0.0231,1268,654
S2,3303,60.399,22.14,22.18,0.0221,1268,653
S2,3304,60.421,22.20,22.20,0.0222,1268,653
S2,3305,60.443,21.14,21.10,0.0211,1268,653
S2,3306,60.464,21.97,22.00,0.0220,1268,653
S2,3307,60.485,21.01,21.00,0.0210,1320,653
S2,3308,60.507,21.07,21.09,0.0211,1268,653
S2,3309,60.528,21.41,21.41,0.0214,1268,653
S2,3310,60.549,21.51,21.50,0.0215,1268,653
S2,3311,60.571,22.00,21.99,0.0220,1268,653
S2,3312,60.592,20.92,20.92,0.0209,1268,653
S2,3313,60.613,20.86,20.88,0.0209,1268,653
S2,3314,60.634,21.11,21.10,0.0211,1268,653
S2,3315,60.655,20.60,20.61,0.0206,1268,653
S2,3316,60.676,21.18,21.18,0.0212,1268,653
S2,3317,60.697,21.02,21.01,0.0210,1320,653
S2,3318,60.719,21.63,21.60,0.0216,1268,653
S2,3319,60.741,22.43,22.41,0.0224,1268,653
S2,3320,60.764,23.04,23.07,0.0230,1268,653
S2,3321,60.787,23.14,23.12,0.0231,1268,653
S2,3322,60.811,23.50,23.50,0.0235,1268,653
S2,3323,60.834,22.71,22.68,0.0227,1268,653
S2,3324,60.858,24.40,24.42,0.0244,1268,653
S2,3325,60.883,24.49,24.48,0.0245,1268,653
S2,3326,60.907,24.58,24.60,0.0246,1320,653
S2,3327,60.930,22.41,22.39,0.0224,1268,653
S2,3328,60.954,24.17,24.19,0.0242,1268,652
S2,3329,60.978,23.85,23.82,0.0238,1268,652
S2,3330,61.001,23.57,23.58,0.0236,1268,652
S2,3331,61.024,22.88,22.89,0.0229,1268,652
S2,3332,61.047,23.26,23.24,0.0233,1268,651
S2,3333,61.071,23.43,23.44,0.0234,1268,651
S2,3334,61.094,23.76,23.74,0.0238,1268,651
S2,3335,61.118,23.31,23.28,0.0233,1320,651
S2,3336,61.140,22.34,22.39,0.0223,1268,651
S2,3337,61.164,24.03,24.01,0.0240,1268,651
S2,3338,61.188,23.72,23.70,0.0237,1268,651
S2,3339,61.212,24.51,24.50,0.0245,1268,651
S2,3340,61.236,24.08,24.09,0.0241,1268,651
S2,3341,61.261,24.32,24.30,0.0243,650,651
S2,3342,61.284,23.16,23.19,0.0232,1268,651
S2,3343,61.306,22.59,22.60,0.0226,1268,651
S2,3344,61.329,22.73,22.69,0.0227,1320,651
S2,3345,61.352,22.49,22.50,0.0225,1268,651
S2,3346,61.374,22.19,22.21,0.0222,1268,651
S2,3347,61.396,22.03,22.00,0.0220,1268,651
S2,3348,61.419,22.66,22.70,0.0227,1268,651
S2,3349,61.440,21.62,21.61,0.0216,1268,651
S2,3350,61.462,22.09,22.08,0.0221,1268,651
S2,3351,61.484,21.48,21.50,0.0215,1268,651
S2,3352,61.506,22.61,22.60,0.0226,1268,651
S2,3353,61.528,21.97,21.91,0.0220,1268,651
S2,3354,61.552,23.83,23.88,0.0238,702,650
S2,3355,61.575,22.62,22.60,0.0226,1268,650
S2,3356,61.599,23.74,23.70,0.0237,1268,650
S2,3357,61.622,23.78,23.80,0.0238,1268,650
S2,3358,61.647,24.96,24.95,0.0250,1268,650
S2,3359,61.672,24.35,24.34,0.0244,1268,650
S2,3360,61.695,23.58,23.59,0.0236,1268,650
S2,3361,61.718,22.58,22.59,0.0226,1268,650
S2,3362,61.740,21.91,21.90,0.0219,1268,650
S2,3363,61.762,22.08,22.10,0.0221,1320,650
S2,3364,61.783,21.50,21.50,0.0215,1268,650
S2,3365,61.806,22.40,22.39,0.0224,1268,650
S2,3366,61.827,21.41,21.41,0.0214,1268,650
S2,3367,61.849,21.96,21.99,0.0220,650,649
S2,3368,61.871,21.69,21.62,0.0217,1268,649
S2,3369,61.892,21.22,21.28,0.0212,1268,649
S2,3370,61.914,21.72,21.70,0.0217,1268,649
S2,3371,61.936,22.40,22.39,0.0224,1268,649
S2,3372,61.960,23.43,23.41,0.0234,1268,649
S2,3373,61.983,23.09,23.10,0.0231,1320,649
S2,3374,62.006,23.67,23.68,0.0237,1268,648
S2,3375,62.028,22.11,22.11,0.0221,1268,648
S2,3376,62.051,22.25,22.22,0.0222,1268,648
S2,3377,62.072,21.78,21.79,0.0218,1268,648
S2,3378,62.096,23.29,23.29,0.0233,1268,648
S2,3379,62.117,21.78,21.80,0.0218,1268,647
S2,3380,62.140,22.31,22.29,0.0223,1268,647
S2,3381,62.163,23.53,23.51,0.0235,1268,647
S2,3382,62.186,22.90,22.89,0.0229,1320,647
S2,3383,62.209,22.87,22.88,0.0229,1268,647
S2,3384,62.232,22.99,22.82,0.0230,1268,647
S2,3385,62.255,22.72,22.90,0.0227,1268,647
S2,3386,62.276,21.42,21.39,0.0214,1268,647
S2,3387,62.298,21.64,21.69,0.0216,1268,647
S2,3388,62.320,21.72,21.71,0.0217,1268,647
S2,3389,62.341,21.73,21.71,0.0217,1268,647
S2,3390,62.363,21.88,21.89,0.0219,1268,646
S2,3391,62.385,21.76,21.71,0.0218,1268,646
S2,3392,62.408,22.84,22.88,0.0228,1320,646
S2,3393,62.429,21.61,21.60,0.0216,1268,646
S2,3394,62.450,20.90,20.90,0.0209,1268,646
S2,3395,62.471,20.70,20.69,0.0207,1268,646
S2,3396,62.491,19.97,20.00,0.0200,1268,646
S2,3397,62.511,20.11,20.10,0.0201,1268,646
S2,3398,62.532,20.91,20.90,0.0209,1268,646
S2,3399,62.552,20.42,20.40,0.0204,1268,646
S2,3400,62.573,20.77,20.78,0.0208,1268,645
S2,3401,62.594,20.44,20.40,0.0204,1268,645
S2,3402,62.615,20.96,21.01,0.0210,1320,645
S2,3403,62.635,19.99,19.98,0.0200,1268,644
S2,3404,62.655,20.50,20.49,0.0205,1268,643
S2,3405,62.676,20.61,20.61,0.0206,1268,643
S2,3406,62.697,21.16,21.15,0.0212,1268,643
S2,3407,62.718,21.05,21.04,0.0211,1268,643
S2,3408,62.739,21.20,21.21,0.0212,1268,643
S2,3409,62.759,20.09,20.08,0.0201,1268,643
S2,3410,62.780,21.25,21.22,0.0212,1268,643
S2,3411,62.803,23.08,23.10,0.0231,1268,643
S2,3412,62.826,22.73,22.71,0.0227,1320,643
S2,3413,62.849,23.26,23.27,0.0233,1268,642
S2,3414,62.873,23.27,23.23,0.0233,1268,642
S2,3415,62.896,22.75,22.78,0.0228,1268,642
S2,3416,62.919,23.32,23.29,0.0233,1268,642
S2,3417,62.942,22.79,22.81,0.0228,1268,642
S2,3418,62.964,22.77,22.79,0.0228,1268,642
S2,3419,62.988,23.63,23.60,0.0236,1268,642
S2,3420,63.011,22.60,22.60,0.0226,1268,642
S2,3421,63.034,23.29,23.30,0.0233,1320,641
S2,3422,63.057,22.89,22.88,0.0229,1268,640
S2,3423,63.081,23.91,23.91,0.0239,1268,640
S2,3424,63.105,23.91,23.89,0.0239,1268,640
S2,3425,63.127,22.61,22.61,0.0226,1268,639
S2,3426,63.149,22.26,22.29,0.0223,1268,639
S2,3427,63.172,22.43,22.41,0.0224,1268,639
S2,3428,63.195,23.03,23.01,0.0230,1268,639
S2,3429,63.217,22.37,22.38,0.0224,1268,639
S2,3430,63.241,23.22,23.20,0.0232,1320,637
S2,3431,63.264,23.13,23.11,0.0231,1268,637
S2,3432,63.287,23.82,23.81,0.0238,1268,637
S2,3433,63.311,23.33,23.38,0.0233,1268,637
S2,3434,63.334,23.17,23.09,0.0232,1268,637
S2,3435,63.357,22.64,22.71,0.0226,1268,637
S2,3436,63.379,22.62,22.59,0.0226,1268,637
S2,3437,63.402,22.70,22.71,0.0227,1268,637
S2,3438,63.424,22.18,22.18,0.0222,1268,637
S2,3439,63.447,23.20,23.24,0.0232,1320,637
S2,3440,63.470,22.50,22.47,0.0225,1268,637
S2,3441,63.493,22.70,22.70,0.0227,1268,637
S2,3442,63.517,24.42,24.40,0.0244,1268,636
S2,3443,63.541,23.89,23.89,0.0239,1268,635
S2,3444,63.565,24.27,24.30,0.0243,1268,635
S2,3445,63.590,24.51,24.50,0.0245,1268,635
S2,3446,63.613,22.99,22.99,0.0230,1268,635
S2,3447,63.635,22.90,22.90,0.0229,1268,635
S2,3448,63.658,22.49,22.49,0.0225,1320,635
S2,3449,63.681,22.61,22.60,0.0226,1268,634
S2,3450,63.704,22.99,23.00,0.0230,1268,633
S2,3451,63.728,24.53,24.52,0.0245,1268,633
S2,3452,63.752,24.29,24.28,0.0243,1268,633
S2,3453,63.777,24.55,24.50,0.0245,1268,632
S2,3454,63.802,25.00,25.00,0.0250,1268,632
S2,3455,63.828,25.59,25.59,0.0256,1268,631
S2,3456,63.852,24.88,24.89,0.0249,1268,631
S2,3457,63.877,24.98,24.99,0.0250,1320,631
S2,3458,63.903,25.66,25.62,0.0257,1268,631
S2,3459,63.928,25.36,25.38,0.0254,1268,630
S2,3460,63.953,25.03,25.01,0.0250,1268,629
S2,3461,63.978,24.97,24.98,0.0250,1268,628
S2,3462,64.003,24.85,24.88,0.0249,1268,627
S2,3463,64.028,24.84,24.81,0.0248,1268,627
S2,3464,64.053,24.70,24.71,0.0247,1268,627
S2,3465,64.076,23.41,23.39,0.0234,1320,627
S2,3466,64.099,22.47,22.49,0.0225,1268,627
S2,3467,64.121,22.80,22.80,0.0228,1268,626
S2,3468,64.146,24.60,24.60,0.0246,1268,625
S2,3469,64.169,23.21,23.20,0.0232,1268,625
S2,3470,64.194,24.31,24.31,0.0243,1268,625
S2,3471,64.216,22.78,22.78,0.0228,1268,624
S2,3472,64.240,23.29,23.10,0.0233,1268,624
S2,3473,64.261,21.49,21.69,0.0215,1268,624
S2,3474,64.283,21.72,21.72,0.0217,1320,624
S2,3475,64.305,22.20,22.18,0.0222,1268,624
S2,3476,64.327,21.58,21.59,0.0216,1268,624
S2,3477,64.348,21.50,21.51,0.0215,1268,623
S2,3478,64.369,21.22,21.19,0.0212,1268,623
S2,3479,64.392,22.28,22.31,0.0223,1268,622
S2,3480,64.413,21.70,21.69,0.0217,1268,621
S2,3481,64.436,22.72,22.70,0.0227,1268,620
S2,3482,64.458,21.79,21.80,0.0218,1268,620
S2,3483,64.480,22.31,22.30,0.0223,1268,620
S2,3484,64.502,21.51,21.51,0.0215,1320,620
S2,3485,64.523,21.69,21.69,0.0217,1268,620
S2,3486,64.545,21.20,21.20,0.0212,1268,619
S2,3487,64.566,21.48,21.49,0.0215,1268,618
S2,3488,64.587,21.11,21.11,0.0211,1268,618
S2,3489,64.608,21.30,21.30,0.0213,1268,617
S2,3490,64.630,21.53,21.50,0.0215,1268,617
S2,3491,64.652,21.58,21.59,0.0216,1268,617
S2,3492,64.674,22.01,22.02,0.0220,1268,614
S2,3493,64.695,21.89,21.87,0.0219,1268,614
S2,3494,64.718,22.19,22.21,0.0222,1320,612
S2,3495,64.740,22.72,22.71,0.0227,1268,612
S2,3496,64.762,21.79,21.79,0.0218,1268,611
S2,3497,64.785,23.20,23.21,0.0232,1268,610
S2,3498,64.807,21.89,21.90,0.0219,1268,610
S2,3499,64.829,22.22,22.20,0.0222,1268,610
S2,3500,64.851,21.97,22.00,0.0220,1268,609
S2,3501,64.873,21.22,21.20,0.0212,1268,609
S2,3502,64.895,22.22,22.20,0.0222,1268,609
S2,3503,64.917,22.17,22.20,0.0222,1268,609
S2,3504,64.939,21.60,21.60,0.0216,1320,609
S2,3505,64.960,21.81,21.80,0.0218,1268,609
S2,3506,64.982,21.49,21.50,0.0215,1268,609
S2,3507,65.004,21.70,21.70,0.0217,1268,609
S2,3508,65.026,22.40,22.39,0.0224,1268,608
S2,3509,65.049,22.50,22.49,0.0225,1268,607
S2,3510,65.073,24.12,24.12,0.0241,1268,607
S2,3511,65.096,23.21,23.20,0.0232,1268,606
S2,3512,65.119,22.76,22.79,0.0228,1268,606
S2,3513,65.140,21.21,21.20,0.0212,1320,606
S2,3514,65.163,23.01,23.00,0.0230,1268,605
S2,3515,65.185,22.01,22.02,0.0220,1268,605
S2,3516,65.207,22.48,22.50,0.0225,1268,605
S2,3517,65.229,21.91,21.88,0.0219,1268,605
S2,3518,65.251,21.86,21.89,0.0219,1268,604
S2,3519,65.273,21.92,21.92,0.0219,1268,604
S2,3520,65.295,22.32,22.29,0.0223,1268,604
S2,3521,65.318,22.17,22.20,0.0222,1268,603
S2,3522,65.340,22.62,22.61,0.0226,1268,602
S2,3523,65.363,22.39,22.39,0.0224,1320,602
S2,3524,65.385,22.59,22.60,0.0226,1268,601
S2,3525,65.407,21.89,21.89,0.0219,1268,600
S2,3526,65.430,22.53,22.50,0.0225,1268,600
S2,3527,65.452,22.88,22.89,0.0229,1268,598
S2,3528,65.475,22.21,22.21,0.0222,1268,597
S2,3529,65.498,22.89,22.88,0.0229,1268,594
S2,3530,65.521,22.91,22.91,0.0229,1268,594
S2,3531,65.544,23.01,23.00,0.0230,1268,594
S2,3532,65.566,22.68,22.69,0.0227,1320,594
S2,3533,65.589,22.91,22.90,0.0229,1268,594
S2,3534,65.612,22.91,22.90,0.0229,1268,594
S2,3535,65.638,25.53,25.50,0.0255,1268,593
S2,3536,65.669,31.78,31.80,0.0318,1268,593
S2,3537,65.697,27.51,27.50,0.0275,1268,593
S2,3538,65.724,27.32,27.30,0.0273,1268,591
S2,3539,65.755,30.74,30.70,0.0307,1268,590
S2,3540,65.781,26.06,26.10,0.0261,1320,590
S2,3541,65.808,27.34,27.29,0.0273,1268,589
S2,3542,65.836,27.87,27.89,0.0279,1268,588
S2,3543,65.862,25.83,25.79,0.0258,1268,587
S2,3544,65.887,25.49,25.50,0.0255,1268,587
S2,3545,65.914,26.47,26.48,0.0265,1268,586
S2,3546,65.946,32.44,32.41,0.0324,1268,586
S2,3547,65.980,33.74,33.76,0.0337,1268,585
S2,3548,66.013,32.46,32.42,0.0325,1320,585
S2,3549,66.046,33.46,33.49,0.0335,1268,585
S2,3550,66.078,32.37,32.40,0.0324,1268,581
S2,3551,66.111,32.77,32.71,0.0328,1268,581
S2,3552,66.144,33.10,33.10,0.0331,650,581
S2,3553,66.179,34.42,34.39,0.0344,1268,581
S2,3554,66.213,34.46,34.50,0.0345,1268,580
S2,3555,66.248,34.56,34.35,0.0346,1320,580
S2,3556,66.281,32.88,33.12,0.0329,1268,580
S2,3557,66.313,32.15,32.11,0.0322,1268,580
S2,3558,66.344,31.71,31.71,0.0317,1268,580
S2,3559,66.377,32.13,32.10,0.0321,1268,579
S2,3560,66.410,32.89,32.90,0.0329,650,579
S2,3561,66.443,33.03,33.00,0.0330,1268,579
S2,3562,66.477,34.14,34.19,0.0341,1320,579
S2,3563,66.509,32.59,32.59,0.0326,1268,578
S2,3564,66.543,33.58,33.59,0.0336,1268,577
S2,3565,66.577,34.18,34.12,0.0342,1268,577
S2,3566,66.610,33.14,33.20,0.0331,1268,577
S2,3567,66.643,32.68,32.61,0.0327,650,576
S2,3568,66.668,24.92,24.98,0.0249,1320,575
S2,3569,66.693,24.81,24.79,0.0248,1268,575
S2,3570,66.720,27.46,27.48,0.0275,1268,575
S2,3571,66.751,31.35,31.32,0.0313,1268,574
S2,3572,66.783,31.72,31.70,0.0317,1268,572
S2,3573,66.816,32.52,32.57,0.0325,1268,572
S2,3574,66.849,33.71,33.69,0.0337,1268,572
S2,3575,66.882,32.54,32.53,0.0325,1320,572
S2,3576,66.914,32.59,32.59,0.0326,1268,571
S2,3577,66.948,33.10,33.11,0.0331,1268,571
S2,3578,66.980,32.24,32.19,0.0322,1268,571
S2,3579,67.012,32.58,32.60,0.0326,1268,570
S2,3580,67.043,30.83,30.80,0.0308,1268,569
S2,3581,67.074,30.50,30.56,0.0305,1268,567
S2,3582,67.104,30.15,30.12,0.0302,1320,566
S2,3583,67.136,31.70,31.71,0.0317,1268,566
S2,3584,67.169,32.96,32.89,0.0330,1268,565
S2,3585,67.200,31.96,31.99,0.0320,1268,563
S2,3586,67.232,31.56,31.59,0.0316,1268,563
S2,3587,67.264,32.30,32.30,0.0323,1268,561
S2,3588,67.297,32.84,32.83,0.0328,1268,561
S2,3589,67.330,33.08,33.07,0.0331,1320,560
S2,3590,67.364,33.90,33.89,0.0339,650,559
S2,3591,67.396,32.20,32.20,0.0322,1268,559
S2,3592,67.429,32.53,32.50,0.0325,1268,556
S2,3593,67.462,32.95,32.99,0.0330,650,553
S2,3594,67.493,31.24,31.20,0.0312,1268,553
S2,3595,67.524,30.76,30.79,0.0308,1268,552
S2,3596,67.555,31.17,31.19,0.0312,1320,552
S2,3597,67.586,31.14,31.11,0.0311,1268,550
S2,3598,67.619,32.29,32.29,0.0323,1268,546
S2,3599,67.649,30.68,30.70,0.0307,650,546
S2,3600,67.681,32.08,32.09,0.0321,1268,546
S2,3601,67.708,26.29,26.30,0.0263,1268,546
S2,3602,67.735,27.71,27.62,0.0277,1268,546
S2,3603,67.763,27.91,27.97,0.0279,1320,546
S2,3604,67.789,25.99,25.99,0.0260,1268,544
S2,3605,67.815,25.88,25.90,0.0259,938,541
S2,3606,67.841,25.85,25.81,0.0258,1268,541
S2,3607,67.866,25.58,25.59,0.0256,1268,540
S2,3608,67.891,24.28,24.29,0.0243,1268,539
S2,3609,67.915,24.11,24.11,0.0241,650,537
S2,3610,67.938,23.59,23.59,0.0236,1268,536
S2,3611,67.963,24.81,24.80,0.0248,1320,535
S2,3612,67.989,25.65,25.60,0.0256,1268,534
S2,3613,68.017,28.17,28.19,0.0282,1268,534
S2,3614,68.044,26.94,26.90,0.0269,1268,534
S2,3615,68.070,26.25,26.29,0.0263,1268,533
S2,3616,68.098,27.95,27.91,0.0280,1268,531
S2,3617,68.126,27.40,27.40,0.0274,1268,530
S2,3618,68.152,26.54,26.49,0.0265,1268,530
S2,3619,68.180,27.36,27.39,0.0274,1320,528
S2,3620,68.205,25.96,25.99,0.0260,650,527
S2,3621,68.233,27.85,27.82,0.0279,1268,527
S2,3622,68.261,27.59,27.38,0.0276,1268,525
S2,3623,68.286,25.29,25.50,0.0253,1268,524
S2,3624,68.315,28.52,28.49,0.0285,1268,521
S2,3625,68.342,27.28,27.30,0.0273,1268,521
S2,3626,68.369,26.93,26.88,0.0269,1268,521
S2,3627,68.395,26.36,26.39,0.0264,1320,521
S2,3628,68.424,28.89,28.89,0.0289,1268,521
S2,3629,68.450,25.77,25.78,0.0258,1268,521
S2,3630,68.475,25.39,25.32,0.0254,650,520
S2,3631,68.502,26.25,26.28,0.0263,1268,519
S2,3632,68.527,25.70,25.72,0.0257,1268,516
S2,3633,68.553,25.52,25.52,0.0255,650,516
S2,3634,68.580,27.12,27.08,0.0271,1268,516
S2,3635,68.610,29.94,29.99,0.0299,1320,515
S2,3636,68.636,25.75,25.71,0.0257,1268,515
S2,3637,68.662,26.36,26.38,0.0264,1268,513
S2,3638,68.689,27.15,27.11,0.0272,1268,513
S2,3639,68.716,26.73,26.78,0.0267,1268,511
S2,3640,68.744,28.07,28.01,0.0281,1268,510
S2,3641,68.770,26.55,26.59,0.0266,1268,509
S2,3642,68.796,25.76,25.71,0.0258,1268,509
S2,3643,68.821,25.30,25.36,0.0253,1320,507
S2,3644,68.848,26.57,26.52,0.0266,1268,507
S2,3645,68.873,25.10,25.10,0.0251,1268,507
S2,3646,68.900,26.86,26.88,0.0269,1268,505
S2,3647,68.926,25.62,25.60,0.0256,1268,504
S2,3648,68.952,26.03,26.00,0.0260,1268,504
S2,3649,68.975,23.76,23.79,0.0238,1268,504
S2,3650,69.000,24.53,24.51,0.0245,650,500
S2,3651,69.025,25.02,24.99,0.0250,1320,499
S2,3652,69.053,28.28,28.29,0.0283,1268,498
S2,3653,69.077,23.91,23.89,0.0239,1268,493
S2,3654,69.101,23.43,23.48,0.0234,1268,490
S2,3655,69.124,23.81,23.82,0.0238,1268,486
S2,3656,69.148,23.23,23.20,0.0232,1268,485
S2,3657,69.172,24.07,24.09,0.0241,1268,482
S2,3658,69.198,26.75,26.71,0.0268,1268,478
S2,3659,69.223,24.38,24.39,0.0244,1268,478
S2,3660,69.248,25.62,25.61,0.0256,1320,477
S2,3661,69.273,24.08,24.08,0.0241,1268,475
S2,3662,69.298,25.06,25.05,0.0251,1268,473
S2,3663,69.321,23.44,23.43,0.0234,1268,468
S2,3664,69.348,26.47,26.49,0.0265,650,468
S2,3665,69.375,27.55,27.51,0.0275,1268,464
S2,3666,69.400,24.51,24.50,0.0245,1268,460
S2,3667,69.426,26.61,26.59,0.0266,1268,456
S2,3668,69.451,24.77,24.79,0.0248,1320,453
S2,3669,69.477,26.31,26.29,0.0263,1268,451
S2,3670,69.505,27.24,27.21,0.0272,1268,449
S2,3671,69.530,25.48,25.48,0.0255,1268,447
S2,3672,69.556,26.38,26.39,0.0264,1268,446
S2,3673,69.582,25.68,25.68,0.0257,1268,444
S2,3674,69.607,24.94,24.92,0.0249,1268,440
S2,3675,69.631,24.19,24.19,0.0242,1268,440
S2,3676,69.656,24.41,24.40,0.0244,1320,439
S2,3677,69.680,24.69,24.70,0.0247,1268,432
S2,3678,69.704,24.02,23.99,0.0240,1268,431
S2,3679,69.729,25.06,25.08,0.0251,1268,429
S2,3680,69.754,24.70,24.71,0.0247,1268,425
S2,3681,69.778,23.87,23.80,0.0239,1268,424
S2,3682,69.804,26.04,26.09,0.0260,1268,423
S2,3683,69.829,24.52,24.51,0.0245,1268,423
S2,3684,69.853,24.86,24.88,0.0249,650,423
S2,3685,69.878,24.21,24.20,0.0242,1320,423
S2,3686,69.902,24.57,24.59,0.0246,1268,420
S2,3687,69.926,24.26,24.21,0.0243,1268,419
S2,3688,69.951,24.20,24.19,0.0242,650,418
S2,3689,69.975,24.47,24.49,0.0245,1268,416
S2,3690,70.000,24.40,24.40,0.0244,1268,414
S2,3691,70.024,24.74,24.70,0.0247,650,412
S2,3692,70.048,23.85,23.89,0.0239,1268,410
S2,3693,70.072,23.81,23.80,0.0238,1268,406
S2,3694,70.098,25.69,25.69,0.0257,1320,403
S2,3695,70.122,24.73,24.71,0.0247,2104,400
S2,3696,70.148,25.27,25.28,0.0253,2322,397
S2,3697,70.172,24.58,24.60,0.0246,2758,390
S2,3698,70.195,23.00,23.00,0.0230,2104,389
S2,3699,70.218,23.34,23.31,0.0233,2322,386
S2,3700,70.242,23.09,23.10,0.0231,1486,384
S2,3701,70.264,22.74,22.58,0.0227,1922,381
S2,3702,70.287,22.66,22.80,0.0227,2322,375
S2,3703,70.309,21.56,21.61,0.0216,1320,374
S2,3704,70.336,27.54,27.49,0.0275,2104,373
S2,3705,70.364,28.27,28.30,0.0283,2104,370
S2,3706,70.394,29.63,29.60,0.0296,2104,366
S2,3707,70.421,27.12,27.11,0.0271,1268,366
S2,3708,70.448,27.00,27.00,0.0270,1922,360
S2,3709,70.474,25.59,25.58,0.0256,1268,358
S2,3710,70.499,25.79,25.80,0.0258,2104,355
S2,3711,70.525,25.97,25.98,0.0260,1974,350
S2,3712,70.552,26.21,26.21,0.0262,2322,348
S2,3713,70.577,25.37,25.32,0.0254,2104,346
S2,3714,70.602,24.87,24.87,0.0249,2104,342
S2,3715,70.628,26.48,26.51,0.0265,2322,338
S2,3716,70.655,26.91,26.90,0.0269,1922,332
S2,3717,70.681,25.46,25.48,0.0255,1704,324
S2,3718,70.708,27.47,27.50,0.0275,2322,321
S2,3719,70.736,27.88,27.82,0.0279,2156,318
S2,3720,70.762,26.13,26.17,0.0261,2322,315
S2,3721,70.787,25.03,25.00,0.0250,1486,312
S2,3722,70.822,34.80,34.81,0.0348,1268,312
S2,3723,70.846,23.72,23.69,0.0237,1486,310
S2,3724,70.868,22.17,22.19,0.0222,1922,305
S2,3725,70.891,22.62,22.61,0.0226,650,302
S2,3726,70.915,23.92,23.89,0.0239,2104,299
S2,3727,70.938,23.58,23.59,0.0236,702,296
S2,3728,70.962,23.48,23.51,0.0235,1704,292
S2,3729,70.986,24.25,24.19,0.0243,2540,285
S2,3730,71.010,23.91,23.90,0.0239,2104,282
S2,3731,71.033,23.47,23.48,0.0235,650,279
S2,3732,71.056,23.24,23.28,0.0232,2322,275
S2,3733,71.079,22.84,22.82,0.0228,2322,272
S2,3734,71.102,22.41,22.40,0.0224,1268,270
S2,3735,71.124,22.28,22.28,0.0223,2322,268
S2,3736,71.147,23.30,23.32,0.0233,2156,265
S2,3737,71.169,21.73,21.69,0.0217,1268,264
S2,3738,71.191,21.68,21.69,0.0217,1268,263
S2,3739,71.213,21.99,22.01,0.0220,1922,258
S2,3740,71.235,22.17,22.11,0.0222,1268,258
S2,3741,71.257,22.53,22.57,0.0225,2104,255
S2,3742,71.280,22.58,22.59,0.0226,1268,251
S2,3743,71.303,22.82,22.82,0.0228,1268,251
S2,3744,71.325,22.74,22.70,0.0227,1268,247
S2,3745,71.349,23.04,23.08,0.0230,2156,243
S2,3746,71.371,22.54,22.51,0.0225,1922,236
S2,3747,71.393,22.05,21.99,0.0221,1268,234
S2,3748,71.415,22.15,22.20,0.0222,1268,233
S2,3749,71.437,21.60,21.60,0.0216,2104,230
S2,3750,71.458,21.11,21.08,0.0211,2104,228
S2,3751,71.479,20.68,20.69,0.0207,1268,227
S2,3752,71.499,20.78,20.80,0.0208,2104,225
S2,3753,71.521,21.73,21.69,0.0217,1486,221
S2,3754,71.542,20.99,21.00,0.0210,1268,221
S2,3755,71.564,21.60,21.60,0.0216,2156,220
S2,3756,71.586,22.55,22.51,0.0225,1268,217
S2,3757,71.609,23.05,23.08,0.0231,2104,216
S2,3758,71.632,22.92,22.90,0.0229,2322,214
S2,3759,71.654,21.51,21.49,0.0215,650,212
S2,3760,71.676,22.03,22.08,0.0220,1486,209
S2,3761,71.698,21.73,21.69,0.0217,1268,208
S2,3762,71.719,21.14,21.12,0.0211,1268,208
S2,3763,71.740,21.45,21.49,0.0215,2104,206
S2,3764,71.762,21.64,21.60,0.0216,1268,204
S2,3765,71.782,20.06,20.08,0.0201,1320,202
S2,3766,71.803,21.10,21.10,0.0211,1268,202
S2,3767,71.824,20.78,20.80,0.0208,650,200
S2,3768,71.844,20.61,20.59,0.0206,1268,197
S2,3769,71.865,20.27,20.30,0.0203,1268,192
S2,3770,71.887,21.92,21.91,0.0219,1268,190
S2,3771,71.906,19.92,19.91,0.0199,2104,189
S2,3772,71.927,20.21,20.19,0.0202,1704,185
S2,3773,71.948,20.87,20.88,0.0209,1268,183
S2,3774,71.968,20.78,20.73,0.0208,1268,183
S2,3775,71.988,19.43,19.48,0.0194,1320,183
S2,3776,72.008,19.83,19.79,0.0198,1268,182
S2,3777,72.028,20.28,20.29,0.0203,1268,182
S2,3778,72.047,19.68,19.68,0.0197,2540,178
S2,3779,72.067,19.21,19.21,0.0192,1268,177
S2,3780,72.086,18.82,18.80,0.0188,1268,177
S2,3781,72.105,19.37,19.39,0.0194,1268,176
S2,3782,72.125,20.16,20.11,0.0202,2104,175
S2,3783,72.148,22.48,22.47,0.0225,1268,175
S2,3784,72.171,23.76,23.80,0.0238,1268,174
S2,3785,72.193,22.06,22.02,0.0221,1320,173
S2,3786,72.215,21.64,21.67,0.0216,2104,172
S2,3787,72.236,20.73,20.71,0.0207,1704,169
S2,3788,72.258,22.17,22.20,0.0222,2104,166
S2,3789,72.279,20.61,20.39,0.0206,1268,163
S2,3790,72.298,19.07,19.29,0.0191,2104,161
S2,3791,72.317,19.10,19.11,0.0191,2104,158
S2,3792,72.335,18.24,18.22,0.0182,2322,153
S2,3793,72.353,17.85,17.87,0.0178,2322,151
S2,3794,72.370,17.52,17.52,0.0175,1556,150
S2,3795,72.388,17.33,17.30,0.0173,2104,149
S2,3796,72.407,18.95,19.00,0.0190,1320,145
S2,3797,72.426,19.72,19.70,0.0197,2540,142
S2,3798,72.444,17.70,17.70,0.0177,1268,141
S2,3799,72.464,19.56,19.59,0.0196,2104,135
S2,3800,72.482,18.01,18.00,0.0180,2104,132
S2,3801,72.501,19.29,19.28,0.0193,2104,129
S2,3802,72.519,18.02,18.03,0.0180,1268,127
S2,3803,72.536,17.29,17.29,0.0173,1268,124
S2,3804,72.554,17.50,17.50,0.0175,1268,123
S2,3805,72.571,17.30,17.29,0.0173,1268,121
S2,3806,72.590,18.62,18.62,0.0186,2104,118
S2,3807,72.607,17.48,17.49,0.0175,2156,114
S2,3808,72.624,16.60,16.59,0.0166,1268,114
S2,3809,72.642,17.91,17.90,0.0179,2104,113
S2,3810,72.660,18.33,18.30,0.0183,1268,112
S2,3811,72.678,18.37,18.40,0.0184,1268,110
S2,3812,72.697,18.91,18.88,0.0189,1268,106
S2,3813,72.716,18.72,18.73,0.0187,1268,103
S2,3814,72.735,18.82,18.79,0.0188,2648,101
S2,3815,72.753,18.43,18.48,0.0184,1268,99
S2,3816,72.773,19.63,19.61,0.0196,1268,98
S2,3817,72.791,18.60,18.60,0.0186,2104,94
S2,3818,72.810,18.47,18.49,0.0185,1320,92
S2,3819,72.829,18.72,18.70,0.0187,650,88
S2,3820,72.847,18.88,18.89,0.0189,650,87
S2,3821,72.865,17.90,17.91,0.0179,1268,85
S2,3822,72.883,17.64,17.60,0.0176,1268,82
S2,3823,72.901,17.66,17.70,0.0177,1268,80
S2,3824,72.918,17.50,17.49,0.0175,1268,80
S2,3825,72.936,17.74,17.71,0.0177,1268,79
S2,3826,72.954,17.85,17.88,0.0179,1300,78
S2,3827,72.971,17.53,17.51,0.0175,1268,77
S2,3828,72.989,18.00,17.99,0.0180,1268,77
S2,3829,73.008,18.71,18.70,0.0187,1268,73
S2,3830,73.026,17.76,17.79,0.0178,1320,73
S2,3831,73.044,17.83,17.81,0.0178,1268,71
S2,3832,73.062,18.78,18.80,0.0188,1268,67
S2,3833,73.081,18.11,18.10,0.0181,1268,66
S2,3834,73.099,18.79,18.79,0.0188,1268,65
S2,3835,73.119,19.39,19.40,0.0194,1556,64
S2,3836,73.137,18.11,18.10,0.0181,1268,64
S2,3837,73.154,17.61,17.59,0.0176,1268,63
S2,3838,73.172,17.58,17.60,0.0176,1268,63
S2,3839,73.190,17.93,17.91,0.0179,1268,63
S2,3840,73.207,17.08,17.09,0.0171,464,63
S2,3841,73.224,16.81,16.80,0.0168,464,63
S2,3842,73.241,17.28,17.28,0.0173,1320,63
S2,3843,73.258,16.70,16.71,0.0167,464,63
S2,3844,73.274,16.71,16.71,0.0167,1268,63
S2,3845,73.291,16.99,17.00,0.0170,1268,63
S2,3846,73.308,16.68,16.68,0.0167,464,63
S2,3847,73.325,17.24,17.22,0.0172,1268,63
S2,3848,73.343,17.59,17.59,0.0176,1268,62
S2,3849,73.362,19.29,19.29,0.0193,2104,60
S2,3850,73.380,17.32,17.31,0.0173,1268,60
S2,3851,73.396,16.79,16.80,0.0168,1268,59
S2,3852,73.413,16.39,16.38,0.0164,1268,59
S2,3853,73.429,16.43,16.43,0.0164,1268,59
S2,3854,73.446,16.48,16.49,0.0165,1320,59
S2,3855,73.462,16.20,16.21,0.0162,1268,58
S2,3856,73.478,16.13,16.10,0.0161,1268,57
S2,3857,73.494,15.98,16.00,0.0160,1268,57
S2,3858,73.510,16.08,16.08,0.0161,464,57
S2,3859,73.525,14.60,14.61,0.0146,464,57
S2,3860,73.540,15.63,15.60,0.0156,2104,55
S2,3861,73.556,15.27,15.30,0.0153,1268,54
S2,3862,73.571,15.40,15.39,0.0154,1268,54
S2,3863,73.586,15.32,15.32,0.0153,682,53
S2,3864,73.601,15.27,15.28,0.0153,1268,53
S2,3865,73.616,14.81,14.80,0.0148,1300,52
S2,3866,73.632,15.30,15.31,0.0153,1268,51
S2,3867,73.647,15.81,15.79,0.0158,1320,50
S2,3868,73.665,17.13,17.12,0.0171,2104,48
S2,3869,73.680,15.55,15.58,0.0155,1268,47
S2,3870,73.696,15.54,15.52,0.0155,1268,47
S2,3871,73.711,15.38,15.38,0.0154,1268,47
S2,3872,73.726,15.38,15.38,0.0154,1486,45
S2,3873,73.742,16.01,16.01,0.0160,1268,44
S2,3874,73.758,15.22,15.21,0.0152,464,43
S2,3875,73.773,15.49,15.49,0.0155,1486,41
S2,3876,73.789,15.41,15.39,0.0154,1268,40
S2,3877,73.804,14.97,15.00,0.0150,1300,38
S2,3878,73.818,14.20,14.19,0.0142,464,38
S2,3879,73.832,14.74,14.70,0.0147,1268,38
S2,3880,73.847,14.14,14.17,0.0141,516,38
S2,3881,73.861,14.73,14.72,0.0147,1556,38
S2,3882,73.876,14.63,14.60,0.0146,2104,36
S2,3883,73.891,14.88,14.89,0.0149,1268,36
S2,3884,73.906,15.17,15.19,0.0152,1268,36
S2,3885,73.921,14.75,14.72,0.0148,682,34
S2,3886,73.935,14.46,14.48,0.0145,1268,34
S2,3887,73.951,15.69,15.69,0.0157,1268,34
S2,3888,73.965,14.61,14.59,0.0146,2104,33
S2,3889,73.980,14.38,14.39,0.0144,1268,30
S2,3890,73.994,14.30,14.31,0.0143,1268,29
S2,3891,74.008,13.80,13.80,0.0138,464,29
S2,3892,74.022,13.61,13.59,0.0136,464,29
S2,3893,74.036,14.63,14.61,0.0146,1268,29
S2,3894,74.050,13.95,13.99,0.0140,516,29
S2,3895,74.064,13.41,13.40,0.0134,464,29
S2,3896,74.077,13.62,13.60,0.0136,464,29
S2,3897,74.091,13.78,13.80,0.0138,1268,29
S2,3898,74.105,13.62,13.61,0.0136,1300,28
S2,3899,74.119,14.01,13.98,0.0140,464,28
S2,3900,74.135,16.00,16.00,0.0160,1268,28
S2,3901,74.150,15.01,14.98,0.0150,1268,28
S2,3902,74.164,14.51,14.50,0.0145,464,28
S2,3903,74.179,14.61,14.60,0.0146,2322,26
S2,3904,74.194,15.60,15.59,0.0156,464,26
S2,3905,74.209,14.68,14.69,0.0147,464,26
S2,3906,74.225,16.13,16.10,0.0161,2322,24
S2,3907,74.241,15.49,15.49,0.0155,1268,21
S2,3908,74.257,16.21,16.20,0.0162,2156,20
S2,3909,74.272,15.34,15.39,0.0153,1268,18
S2,3910,74.288,15.43,15.21,0.0154,1268,18
S2,3911,74.303,14.83,15.00,0.0148,464,18
S2,3912,74.317,14.91,14.89,0.0149,464,18
S2,3913,74.332,14.57,14.59,0.0146,464,18
S2,3914,74.347,15.45,15.47,0.0155,1268,18
S2,3915,74.362,14.45,14.43,0.0144,1300,17
S2,3916,74.377,14.93,14.89,0.0149,464,17
S2,3917,74.391,14.54,14.59,0.0145,464,17
S2,3918,74.406,14.34,14.30,0.0143,464,17
S2,3919,74.420,14.56,14.59,0.0146,1268,17
S2,3920,74.435,14.74,14.70,0.0147,2104,16
S2,3921,74.450,14.60,14.59,0.0146,1486,15
S2,3922,74.465,14.98,15.00,0.0150,1320,15
S2,3923,74.479,14.51,14.50,0.0145,464,15
S2,3924,74.493,14.23,14.19,0.0142,464,15
S2,3925,74.507,13.37,13.39,0.0134,464,15
S2,3926,74.522,15.16,15.19,0.0152,2104,13
S2,3927,74.536,14.02,14.00,0.0140,464,13
S2,3928,74.551,14.84,14.81,0.0148,464,13
S2,3929,74.566,15.45,15.47,0.0154,1268,12
S2,3930,74.580,14.35,14.31,0.0144,464,11
S2,3931,74.595,14.65,14.70,0.0147,1268,11
S2,3932,74.609,13.58,13.57,0.0136,464,11
S2,3933,74.622,13.26,13.21,0.0133,464,11
S2,3934,74.635,13.25,13.29,0.0133,464,11
S2,3935,74.649,13.50,13.50,0.0135,464,11
S2,3936,74.662,13.29,13.21,0.0133,464,11
S2,3937,74.675,13.33,13.38,0.0133,516,11
S2,3938,74.688,12.51,12.51,0.0125,464,11
S2,3939,74.701,12.90,12.89,0.0129,464,11
S2,3940,74.713,12.59,12.59,0.0126,464,11
S2,3941,74.727,13.48,13.49,0.0135,682,10
S2,3942,74.740,13.34,13.30,0.0133,1268,10
S2,3943,74.753,13.14,13.18,0.0131,464,10
S2,3944,74.766,12.76,12.72,0.0128,464,10
S2,3945,74.780,13.49,13.49,0.0135,464,10
S2,3946,74.793,13.21,13.20,0.0132,464,10
S2,3947,74.806,12.91,12.90,0.0129,464,10
S2,3948,74.818,12.81,12.78,0.0128,464,10
S2,3949,74.832,13.29,13.30,0.0133,682,9
S2,3950,74.847,15.66,15.67,0.0157,1300,8
S2,3951,74.861,13.54,13.52,0.0135,464,8
S2,3952,74.874,12.63,12.59,0.0126,464,8
S2,3953,74.888,14.56,14.60,0.0146,1352,7
S2,3954,74.902,13.72,13.69,0.0137,464,7
S2,3955,74.914,12.59,12.59,0.0126,464,7
S2,3956,74.928,13.17,13.11,0.0132,464,7
S2,3957,74.941,13.10,13.17,0.0131,464,7
S2,3958,74.953,12.77,12.79,0.0128,464,7
S2,3959,74.966,12.46,12.42,0.0125,464,7
S2,3960,74.980,13.88,13.88,0.0139,464,7
S2,3961,74.993,13.47,13.44,0.0135,464,7
S2,3962,75.006,13.14,13.17,0.0131,464,7
S2,3963,75.021,14.34,14.30,0.0143,682,6
S2,3964,75.034,12.89,12.88,0.0129,464,6
S2,3965,75.047,13.75,13.77,0.0137,1300,5
S2,3966,75.060,12.93,12.92,0.0129,464,5
S2,3967,75.073,12.60,12.59,0.0126,464,5
S2,3968,75.086,13.50,13.49,0.0135,464,5
S2,3969,75.099,12.57,12.60,0.0126,1352,4
S2,3970,75.112,13.39,13.39,0.0134,464,4
S2,3971,75.125,12.64,12.62,0.0126,464,4
S2,3972,75.138,13.15,13.12,0.0132,464,4
S2,3973,75.152,13.46,13.48,0.0135,464,4
S2,3974,75.165,12.89,12.88,0.0129,682,3
S2,3975,75.178,13.02,13.00,0.0130,464,3
S2,3976,75.190,12.51,12.50,0.0125,464,3
S2,3977,75.203,12.73,12.78,0.0127,464,3
S2,3978,75.215,12.30,12.29,0.0123,464,3
S2,3979,75.228,12.51,12.51,0.0125,464,3
S2,3980,75.240,12.34,12.31,0.0123,464,3
S2,3981,75.252,12.57,12.59,0.0126,464,3
S2,3982,75.265,12.41,12.39,0.0124,464,3
S2,3983,75.278,12.87,12.88,0.0129,464,3
S2,3984,75.291,13.12,13.11,0.0131,1268,3
S2,3985,75.304,12.99,13.00,0.0130,516,3
S2,3986,75.316,12.48,12.50,0.0125,464,3
S2,3987,75.329,12.50,12.50,0.0125,464,3
S2,3988,75.341,12.42,12.39,0.0124,464,3
S2,3989,75.354,12.80,12.80,0.0128,464,3
S2,3990,75.366,12.32,12.31,0.0123,464,3
S2,3991,75.379,12.50,12.50,0.0125,464,3
S2,3992,75.391,12.60,12.59,0.0126,464,3
S2,3993,75.404,12.35,12.38,0.0123,464,3
S2,3994,75.416,12.54,12.50,0.0125,464,3
S2,3995,75.429,12.61,12.62,0.0126,464,3
S2,3996,75.442,13.40,13.40,0.0134,682,2
S2,3997,75.455,12.63,12.60,0.0126,464,2
S2,3998,75.467,12.42,12.39,0.0124,464,2
S2,3999,75.480,12.62,12.68,0.0126,464,2
S2,4000,75.493,13.44,13.41,0.0134,464,2
S2,4001,75.506,12.48,12.51,0.0125,516,2
S2,4002,75.519,12.53,12.48,0.0125,464,2
S2,4003,75.531,12.09,12.10,0.0121,464,2
S2,4004,75.543,12.63,12.61,0.0126,464,2
S2,4005,75.556,13.02,13.06,0.0130,464,2
S2,4006,75.569,12.69,12.61,0.0127,464,2
S2,4007,75.581,12.17,12.20,0.0122,464,2
S2,4008,75.593,12.32,12.32,0.0123,464,2
S2,4009,75.606,12.24,12.27,0.0122,464,2
S2,4010,75.619,13.10,13.09,0.0131,464,2
S2,4011,75.632,12.80,12.81,0.0128,464,2
S2,4012,75.644,12.80,12.79,0.0128,464,2
S2,4013,75.657,12.13,12.10,0.0121,464,2
S2,4014,75.669,12.47,12.49,0.0125,464,2
S2,4015,75.681,12.18,12.19,0.0122,464,2
S2,4016,75.694,12.66,12.61,0.0127,464,2
S2,4017,75.706,12.64,12.70,0.0126,516,2
S2,4018,75.719,12.73,12.70,0.0127,464,2
S2,4019,75.732,12.99,13.00,0.0130,464,2
S2,4020,75.745,12.45,12.41,0.0125,464,2
S2,4021,75.757,12.23,12.28,0.0122,464,2
S2,4022,75.769,12.61,12.60,0.0126,464,2
S2,4023,75.782,12.42,12.40,0.0124,464,2
S2,4024,75.794,12.40,12.41,0.0124,464,2
S2,4025,75.807,12.28,12.29,0.0123,464,2
S2,4026,75.819,12.06,12.01,0.0121,464,2
S2,4027,75.831,12.26,12.28,0.0123,464,2
S2,4028,75.844,12.73,12.71,0.0127,464,2
S2,4029,75.856,12.46,12.47,0.0125,464,2
S2,4030,75.868,12.18,12.10,0.0122,464,2
S2,4031,75.881,12.42,12.49,0.0124,464,2
S2,4032,75.893,12.43,12.41,0.0124,464,2
S2,4033,75.906,12.67,12.69,0.0127,464,2
S2,4034,75.918,12.41,12.32,0.0124,516,2
S2,4035,75.931,12.45,12.48,0.0124,464,2
S2,4036,75.943,12.28,12.30,0.0123,464,2
S2,4037,75.956,12.77,12.78,0.0128,464,2
S2,4038,75.968,12.66,12.60,0.0127,464,2
S2,4039,75.981,12.43,12.49,0.0124,464,2
S2,4040,75.992,11.62,11.61,0.0116,464,2
S2,4041,76.004,11.81,11.80,0.0118,464,2
S2,4042,76.016,11.65,11.68,0.0116,464,2
S2,4043,76.028,11.83,11.81,0.0118,464,2
S2,4044,76.039,11.50,11.51,0.0115,464,2
S2,4045,76.051,11.61,11.59,0.0116,464,2
S2,4046,76.063,12.23,12.21,0.0122,464,2
S2,4047,76.076,12.86,12.87,0.0129,464,2
S2,4048,76.088,12.22,12.20,0.0122,464,2
S2,4049,76.100,12.33,12.30,0.0123,464,2
S2,4050,76.113,12.27,12.28,0.0123,464,2
S2,4051,76.125,12.00,12.00,0.0120,516,2
S2,4052,76.137,12.71,12.70,0.0127,464,2
S2,4053,76.150,12.28,12.29,0.0123,464,2
S2,4054,76.162,12.71,12.69,0.0127,464,2
S2,4055,76.175,12.70,12.70,0.0127,1268,2
S2,4056,76.188,12.49,12.48,0.0125,464,2
S2,4057,76.200,12.25,12.28,0.0123,464,2
S2,4058,76.212,12.44,12.42,0.0124,464,2
S2,4059,76.226,13.92,13.89,0.0139,464,2
S2,4060,76.239,12.88,12.90,0.0129,464,2
S2,4061,76.252,12.68,12.61,0.0127,464,2
S2,4062,76.265,12.91,12.97,0.0129,464,2
S2,4063,76.278,13.02,12.99,0.0130,464,2
S2,4064,76.290,12.62,12.42,0.0126,464,2
S2,4065,76.303,12.61,12.79,0.0126,464,2
S2,4066,76.315,12.29,12.29,0.0123,464,2
S2,4067,76.328,13.09,13.08,0.0131,516,2
S2,4068,76.341,13.17,13.19,0.0132,464,2
S2,4069,76.354,12.75,12.72,0.0127,464,2
S2,4070,76.367,13.06,13.09,0.0131,464,2
S2,4071,76.380,13.02,13.00,0.0130,464,2
S2,4072,76.393,12.89,12.90,0.0129,464,2
S2,4073,76.406,12.48,12.49,0.0125,464,2
S2,4074,76.418,12.62,12.60,0.0126,464,2
S2,4075,76.431,12.46,12.42,0.0125,464,2
S2,4076,76.444,12.86,12.89,0.0129,464,2
S2,4077,76.456,12.68,12.68,0.0127,464,2
S2,4078,76.469,12.53,12.51,0.0125,464,2
S2,4079,76.482,12.77,12.78,0.0128,464,2
S2,4080,76.494,12.68,12.70,0.0127,464,2
S2,4081,76.506,12.04,12.01,0.0120,464,2
S2,4082,76.520,14.01,13.99,0.0140,464,2
S2,4083,76.533,13.10,13.09,0.0131,516,2
S2,4084,76.546,12.94,12.92,0.0129,464,2
S2,4085,76.559,13.05,13.07,0.0130,464,2
S2,4086,76.572,12.58,12.60,0.0126,464,2
S2,4087,76.585,12.93,12.91,0.0129,464,2
S2,4088,76.598,13.09,13.11,0.0131,464,2
S2,4089,76.611,12.90,12.89,0.0129,464,2
S2,4090,76.624,13.07,13.09,0.0131,1268,2
S2,4091,76.637,13.02,13.01,0.0130,464,2
S2,4092,76.649,11.97,11.98,0.0120,464,2
S2,4093,76.661,11.71,11.70,0.0117,464,2
S2,4094,76.673,11.93,11.91,0.0119,464,2
S2,4095,76.685,11.98,12.00,0.0120,464,2
S2,4096,76.697,12.82,12.81,0.0128,464,2
S2,4097,76.709,11.63,11.59,0.0116,464,2
S2,4098,76.721,12.19,12.20,0.0122,464,2
S2,4099,76.733,12.30,12.30,0.0123,516,2
S2,4100,76.745,11.89,11.89,0.0119,464,2
S2,4101,76.758,12.15,12.10,0.0121,464,2
S2,4102,76.769,11.93,11.97,0.0119,464,2
S2,4103,76.781,12.00,12.00,0.0120,464,2
S2,4104,76.794,12.89,12.89,0.0129,464,2
S2,4105,76.806,11.98,11.99,0.0120,464,2
S2,4106,76.820,13.33,13.31,0.0133,464,2
S2,4107,76.832,11.98,11.99,0.0120,464,2
S2,4108,76.844,12.24,12.21,0.0122,464,2
S2,4109,76.856,12.27,12.28,0.0123,464,2
S2,4110,76.868,12.04,12.01,0.0120,464,2
S2,4111,76.880,11.93,11.90,0.0119,464,2
S2,4112,76.892,12.06,12.09,0.0121,464,2
S2,4113,76.904,12.27,12.29,0.0123,464,2
S2,4114,76.917,12.82,12.81,0.0128,464,2
S2,4115,76.930,12.31,12.29,0.0123,464,2
S2,4116,76.942,12.58,12.60,0.0126,1320,2
S2,4117,76.954,12.16,12.19,0.0122,464,2
S2,4118,76.967,12.81,12.81,0.0128,464,2
S2,4119,76.979,12.16,12.12,0.0122,464,2
S2,4120,76.991,12.07,12.07,0.0121,464,2
S2,4121,77.004,12.22,12.20,0.0122,464,2
S2,4122,77.016,12.15,12.18,0.0122,464,2
S2,4123,77.028,12.35,12.32,0.0123,464,2
S2,4124,77.041,12.55,12.57,0.0126,464,2
S2,4125,77.053,12.09,12.08,0.0121,464,2
S2,4126,77.065,11.92,11.90,0.0119,464,2
S2,4127,77.077,12.39,12.41,0.0124,464,2
S2,4128,77.089,11.93,11.90,0.0119,464,2
S2,4129,77.101,12.40,12.40,0.0124,464,2
S2,4130,77.115,14.10,14.10,0.0141,464,2
S2,4131,77.128,12.53,12.50,0.0125,464,2
S2,4132,77.141,12.64,12.67,0.0126,464,2
S2,4133,77.153,12.51,12.50,0.0125,516,2
S2,4134,77.165,12.10,12.10,0.0121,464,2
S2,4135,77.178,12.62,12.61,0.0126,464,2
S2,4136,77.190,12.40,12.39,0.0124,464,2
S2,4137,77.203,12.39,12.40,0.0124,464,2
S2,4138,77.215,12.24,12.20,0.0122,464,2
S2,4139,77.227,11.76,11.79,0.0118,464,2
S2,4140,77.238,11.61,11.59,0.0116,464,2
S2,4141,77.250,12.17,12.19,0.0122,464,2
S2,4142,77.262,11.62,11.60,0.0116,464,2
S2,4143,77.273,11.08,11.09,0.0111,464,2
S2,4144,77.285,11.53,11.51,0.0115,464,2
S2,4145,77.297,12.09,12.08,0.0121,464,2
S2,4146,77.308,11.59,11.60,0.0116,464,2
S2,4147,77.320,11.53,11.52,0.0115,464,2
S2,4148,77.332,12.22,12.19,0.0122,464,2
S2,4149,77.344,11.76,11.79,0.0118,464,2
S2,4150,77.356,12.30,12.30,0.0123,516,2
S2,4151,77.368,11.72,11.71,0.0117,464,2
S2,4152,77.379,11.51,11.49,0.0115,464,2
S2,4153,77.391,11.93,11.91,0.0119,464,2
S2,4154,77.405,13.77,13.81,0.0138,464,2
S2,4155,77.417,12.41,12.36,0.0124,1268,2
S2,4156,77.430,12.06,12.09,0.0121,464,2
S2,4157,77.442,12.01,12.00,0.0120,464,2
S2,4158,77.453,11.72,11.71,0.0117,464,2
S2,4159,77.465,11.98,11.99,0.0120,464,2
S2,4160,77.478,12.33,12.30,0.0123,464,2
S2,4161,77.490,12.27,12.29,0.0123,464,2
S2,4162,77.502,12.37,12.39,0.0124,464,2
S2,4163,77.514,12.14,12.10,0.0121,464,2
S2,4164,77.526,11.57,11.58,0.0116,464,2
S2,4165,77.537,11.53,11.51,0.0115,464,2
S2,4166,77.549,11.27,11.29,0.0113,464,2
S2,4167,77.560,11.31,11.31,0.0113,516,2
S2,4168,77.572,11.49,11.50,0.0115,464,2
S2,4169,77.583,11.33,11.31,0.0113,464,2
S2,4170,77.595,12.49,12.48,0.0125,1268,2
S2,4171,77.607,11.77,11.80,0.0118,464,2
S2,4172,77.619,12.12,12.10,0.0121,464,2
S2,4173,77.631,12.20,12.20,0.0122,464,2
S2,4174,77.643,11.99,11.99,0.0120,464,2
S2,4175,77.656,12.40,12.41,0.0124,464,2
S2,4176,77.668,12.41,12.39,0.0124,464,2
S2,4177,77.680,11.99,12.01,0.0120,464,2
S2,4178,77.692,12.11,12.09,0.0121,464,2
S2,4179,77.706,14.02,14.01,0.0140,464,2
S2,4180,77.718,11.82,11.79,0.0118,464,2
S2,4181,77.730,12.05,12.09,0.0120,464,2
S2,4182,77.742,11.90,11.90,0.0119,464,2
S2,4183,77.754,12.21,12.20,0.0122,464,2
S2,4184,77.767,12.61,12.58,0.0126,1320,2
S2,4185,77.779,12.29,12.31,0.0123,464,2
S2,4186,77.791,12.11,12.10,0.0121,464,2
S2,4187,77.803,11.91,11.90,0.0119,464,2
S2,4188,77.815,12.18,12.19,0.0122,464,2
S2,4189,77.827,11.79,11.79,0.0118,464,2
S2,4190,77.839,11.27,11.28,0.0113,464,2
S2,4191,77.850,11.07,11.08,0.0111,464,2
S2,4192,77.861,11.45,11.42,0.0115,464,2
S2,4193,77.872,11.31,11.30,0.0113,464,2
S2,4194,77.883,10.98,10.98,0.0110,464,2
S2,4195,77.895,11.19,11.20,0.0112,464,2
S2,4196,77.906,10.99,11.00,0.0110,464,2
S2,4197,77.918,12.13,12.11,0.0121,464,2
S2,4198,77.929,11.78,11.79,0.0118,464,2
S2,4199,77.941,12.02,12.02,0.0120,464,2
S2,4200,77.954,12.07,12.09,0.0121,464,2
S2,4201,77.965,11.85,11.81,0.0119,464,2
S2,4202,77.977,11.99,11.99,0.0120,516,2
S2,4203,77.989,11.87,11.88,0.0119,464,2
S2,4204,78.002,13.04,13.01,0.0130,464,2
S2,4205,78.014,12.08,12.09,0.0121,464,2
S2,4206,78.026,11.68,11.68,0.0117,464,2
S2,4207,78.038,12.00,12.00,0.0120,464,2
S2,4208,78.050,12.40,12.39,0.0124,1268,2
S2,4209,78.063,12.44,12.41,0.0124,464,2
S2,4210,78.075,12.08,12.09,0.0121,464,2
S2,4211,78.087,12.10,12.11,0.0121,464,2
S2,4212,78.099,11.90,11.90,0.0119,464,2
S2,4213,78.111,11.73,11.70,0.0117,464,2
S2,4214,78.122,11.49,11.48,0.0115,464,2
S2,4215,78.134,11.39,11.41,0.0114,464,2
S2,4216,78.145,10.98,10.99,0.0110,464,2
S2,4217,78.156,11.00,11.00,0.0110,464,2
S2,4218,78.167,11.01,11.00,0.0110,464,2
S2,4219,78.178,11.00,10.99,0.0110,516,2
S2,4220,78.189,10.98,11.00,0.0110,464,2
S2,4221,78.200,11.09,11.09,0.0111,464,2
S2,4222,78.211,11.21,11.20,0.0112,464,2
S2,4223,78.223,11.79,11.79,0.0118,464,2
S2,4224,78.234,11.42,11.41,0.0114,464,2
S2,4225,78.246,12.10,12.09,0.0121,464,2
S2,4226,78.258,11.69,11.70,0.0117,464,2
S2,4227,78.270,12.12,12.11,0.0121,1268,2
S2,4228,78.282,12.09,12.09,0.0121,464,2
S2,4229,78.294,12.12,11.89,0.0121,464,2
S2,4230,78.307,12.49,12.70,0.0125,464,2
S2,4231,78.319,11.89,11.90,0.0119,464,2
S2,4232,78.330,11.83,11.80,0.0118,464,2
S2,4233,78.342,11.67,11.69,0.0117,464,2
S2,4234,78.355,12.90,12.91,0.0129,1268,2
S2,4235,78.367,12.09,12.09,0.0121,464,2
S2,4236,78.379,12.20,12.20,0.0122,516,2
S2,4237,78.392,12.40,12.39,0.0124,464,2
S2,4238,78.404,12.09,12.10,0.0121,464,2
S2,4239,78.415,11.61,11.61,0.0116,464,2
S2,4240,78.427,11.35,11.30,0.0113,464,2
S2,4241,78.438,11.37,11.40,0.0114,464,2
S2,4242,78.449,11.37,11.39,0.0114,464,2
S2,4243,78.460,10.95,10.91,0.0110,464,2
S2,4244,78.472,11.16,11.18,0.0112,464,2
S2,4245,78.483,11.10,11.10,0.0111,464,2
S2,4246,78.494,10.99,10.99,0.0110,464,2
S2,4247,78.504,10.70,10.70,0.0107,464,2
S2,4248,78.516,12.01,12.01,0.0120,464,2
S2,4249,78.528,11.42,11.39,0.0114,464,2
S2,4250,78.539,11.28,11.30,0.0113,464,2
S2,4251,78.550,11.37,11.39,0.0114,464,2
S2,4252,78.562,11.41,11.40,0.0114,464,2
S2,4253,78.574,11.91,11.90,0.0119,1268,2
S2,4254,78.585,11.45,11.40,0.0114,516,2
S2,4255,78.598,12.55,12.58,0.0126,464,2
S2,4256,78.609,11.49,11.50,0.0115,464,2
S2,4257,78.621,11.40,11.40,0.0114,464,2
S2,4258,78.632,11.38,11.39,0.0114,464,2
S2,4259,78.643,11.14,11.10,0.0111,464,2
S2,4260,78.655,11.86,11.91,0.0119,464,2
S2,4261,78.667,11.73,11.71,0.0117,464,2
S2,4262,78.679,12.01,12.00,0.0120,464,2
S2,4263,78.691,11.89,11.89,0.0119,464,2
S2,4264,78.702,11.63,11.60,0.0116,464,2
S2,4265,78.714,11.68,11.69,0.0117,464,2
S2,4266,78.725,11.11,11.10,0.0111,464,2
S2,4267,78.736,11.30,11.31,0.0113,1268,2
S2,4268,78.747,11.06,11.07,0.0111,464,2
S2,4269,78.758,10.83,10.82,0.0108,464,2
S2,4270,78.769,10.80,10.80,0.0108,464,2
S2,4271,78.780,10.70,10.70,0.0107,464,2
S2,4272,78.790,10.58,10.59,0.0106,516,2
S2,4273,78.801,10.72,10.71,0.0107,464,2
S2,4274,78.812,11.29,11.29,0.0113,464,2
S2,4275,78.824,11.29,11.31,0.0113,464,2
S2,4276,78.835,11.30,11.30,0.0113,464,2
S2,4277,78.846,11.30,11.29,0.0113,464,2
S2,4278,78.857,11.08,11.10,0.0111,464,2
S2,4279,78.869,11.32,11.30,0.0113,464,2
S2,4280,78.880,11.12,11.11,0.0111,464,2
S2,4281,78.892,11.96,11.98,0.0120,464,2
S2,4282,78.903,11.51,11.49,0.0115,464,2
S2,4283,78.915,11.61,11.62,0.0116,464,2
S2,4284,78.926,11.30,11.29,0.0113,464,2
S2,4285,78.937,11.23,11.22,0.0112,464,2
S2,4286,78.949,12.06,12.08,0.0121,1268,2
S2,4287,78.961,11.61,11.60,0.0116,464,2
S2,4288,78.973,11.90,11.90,0.0119,464,2
S2,4289,78.984,11.52,11.50,0.0115,464,2
S2,4290,78.996,11.59,11.59,0.0116,516,2
S2,4291,79.008,11.49,11.50,0.0115,464,2
S2,4292,79.019,11.09,11.08,0.0111,464,2
S2,4293,79.029,10.59,10.60,0.0106,464,2
S2,4294,79.040,10.91,10.88,0.0109,464,2
S2,4295,79.051,10.70,10.71,0.0107,464,2
S2,4296,79.061,10.48,10.48,0.0105,464,2
S2,4297,79.073,11.33,11.32,0.0113,1268,2
S2,4298,79.084,11.70,11.69,0.0117,464,2
S2,4299,79.097,12.98,12.97,0.0130,464,2
S2,4300,79.109,12.10,12.12,0.0121,464,2
S2,4301,79.122,12.53,12.50,0.0125,464,2
S2,4302,79.135,13.22,13.20,0.0132,464,2
S2,4303,79.147,12.21,12.17,0.0122,464,2
S2,4304,79.160,12.12,12.13,0.0121,464,2
S2,4305,79.172,12.09,12.09,0.0121,464,2
S2,4306,79.183,11.78,11.79,0.0118,464,2
S2,4307,79.196,12.63,12.61,0.0126,464,2
S2,4308,79.209,12.65,12.68,0.0127,516,2
S2,4309,79.221,12.18,12.19,0.0122,464,2
S2,4310,79.233,12.01,12.01,0.0120,464,2
S2,4311,79.245,12.40,12.40,0.0124,464,2
S2,4312,79.257,11.92,11.89,0.0119,464,2
S2,4313,79.269,12.19,12.20,0.0122,464,2
S2,4314,79.282,12.30,12.29,0.0123,464,2
S2,4315,79.294,12.19,12.20,0.0122,464,2
S2,4316,79.305,11.52,11.51,0.0115,464,2
S2,4317,79.317,11.36,11.38,0.0114,464,2
S2,4318,79.328,11.53,11.50,0.0115,464,2
S2,4319,79.340,11.62,11.61,0.0116,1300,1
S2,4320,79.352,12.36,12.38,0.0124,1268,1
S2,4321,79.364,11.39,11.39,0.0114,464,1
S2,4322,79.375,11.28,11.29,0.0113,464,1
S2,4323,79.386,11.43,11.41,0.0114,464,1
S2,4324,79.397,11.00,10.98,0.0110,464,1
S2,4325,79.409,11.98,12.00,0.0120,516,1
S2,4326,79.420,10.89,10.91,0.0109,464,1
S2,4327,79.431,10.92,10.91,0.0109,464,1
S2,4328,79.442,10.90,10.90,0.0109,464,1
S2,4329,79.453,10.66,10.69,0.0107,464,1
S2,4330,79.464,11.03,11.01,0.0110,464,1
S2,4331,79.475,10.79,10.79,0.0108,464,1
S2,4332,79.486,11.31,11.31,0.0113,464,1
S2,4333,79.497,11.49,11.47,0.0115,464,1
S2,4334,79.508,10.89,10.92,0.0109,464,1
S2,4335,79.519,10.61,10.60,0.0106,464,1
S2,4336,79.530,10.71,10.70,0.0107,464,1
S2,4337,79.540,10.69,10.69,0.0107,464,1
S2,4338,79.551,11.03,11.01,0.0110,464,1
S2,4339,79.562,10.87,10.88,0.0109,464,1
S2,4340,79.573,11.03,11.01,0.0110,464,1
S2,4341,79.584,10.89,10.90,0.0109,464,1
S2,4342,79.595,10.89,10.89,0.0109,464,1
S2,4343,79.606,10.70,10.69,0.0107,464,1
S2,4344,79.616,10.29,10.30,0.0103,516,1
S2,4345,79.626,10.09,10.09,0.0101,464,1
S2,4346,79.636,10.44,10.41,0.0104,464,1
S2,4347,79.647,10.85,10.87,0.0109,464,1
S2,4348,79.658,10.22,10.21,0.0102,464,1
S2,4349,79.668,10.29,10.30,0.0103,464,1
S2,4350,79.678,10.33,10.32,0.0103,464,1
S2,4351,79.689,10.38,10.38,0.0104,464,1
S2,4352,79.699,10.38,10.39,0.0104,464,1
S2,4353,79.710,10.93,10.91,0.0109,464,1
S2,4354,79.720,10.28,10.30,0.0103,464,1
S2,4355,79.731,10.51,10.50,0.0105,464,1
S2,4356,79.741,10.39,10.40,0.0104,464,1
S2,4357,79.752,11.20,11.19,0.0112,1268,1
S2,4358,79.763,10.79,10.80,0.0108,464,1
S2,4359,79.773,10.49,10.50,0.0105,464,1
S2,4360,79.785,11.32,11.31,0.0113,464,1
S2,4361,79.796,10.87,10.81,0.0109,464,1
S2,4362,79.807,10.84,10.88,0.0108,464,1
S2,4363,79.817,10.61,10.59,0.0106,516,1
S2,4364,79.828,10.70,10.71,0.0107,464,1
S2,4365,79.839,10.71,10.69,0.0107,464,1
S2,4366,79.849,10.88,10.88,0.0109,464,1
S2,4367,79.860,10.91,10.91,0.0109,464,1
S2,4368,79.871,10.72,10.71,0.0107,464,1
S2,4369,79.882,10.96,10.98,0.0110,464,1
S2,4370,79.893,10.73,10.70,0.0107,464,1
S2,4371,79.903,10.68,10.69,0.0107,464,1
S2,4372,79.914,10.39,10.40,0.0104,464,1
S2,4373,79.924,10.02,10.00,0.0100,464,1
S2,4374,79.934,10.19,10.20,0.0102,464,1
S2,4375,79.944,9.99,10.00,0.0100,464,1
S2,4376,79.954,10.10,10.10,0.0101,464,1
S2,4377,79.964,10.32,10.31,0.0103,464,1
S2,4378,79.975,10.23,10.20,0.0102,464,1
S2,4379,79.985,9.95,9.99,0.0100,464,1
S2,4380,79.995,10.31,10.30,0.0103,464,1
S2,4381,80.005,10.48,10.50,0.0105,464,1
S2,4382,80.016,10.63,10.61,0.0106,464,1
S2,4383,80.026,10.40,10.39,0.0104,516,1
S2,4384,80.037,10.60,10.60,0.0106,464,1
S2,4385,80.048,10.66,10.68,0.0107,464,1
S2,4386,80.058,10.62,10.61,0.0106,464,1
S2,4387,80.069,10.49,10.49,0.0105,464,1
S2,4388,80.079,10.62,10.60,0.0106,464,1
S2,4389,80.090,10.58,10.60,0.0106,464,1
S2,4390,80.100,10.29,10.29,0.0103,464,1
S2,4391,80.111,10.31,10.31,0.0103,464,1
S2,4392,80.121,10.09,10.09,0.0101,464,1
S2,4393,80.131,10.35,10.32,0.0103,464,1
S2,4394,80.141,10.36,10.39,0.0104,464,1
S2,4395,80.152,10.30,10.30,0.0103,464,1
S2,4396,80.162,10.22,10.21,0.0102,464,1
S2,4397,80.173,10.80,10.79,0.0108,1300,0
S2,4398,80.184,11.21,11.20,0.0112,3108,1
S2,4399,80.197,13.08,13.09,0.0131,11680,2
S2,4400,80.209,11.96,11.92,0.0120,11680,3
S2,4401,80.223,13.97,13.99,0.0140,11680,4
S2,4402,80.236,12.70,12.68,0.0127,11732,6
S2,4403,80.248,12.57,12.60,0.0126,11680,7
S2,4404,80.260,12.26,12.21,0.0123,11680,8
S2,4405,80.272,11.48,11.49,0.0115,464,9
S2,4406,80.283,11.39,11.38,0.0114,464,10
S2,4407,80.296,12.43,12.20,0.0124,464,12
S2,4408,80.308,12.64,12.89,0.0126,464,13
S2,4409,80.321,12.33,12.30,0.0123,464,14
S2,4410,80.332,11.39,11.39,0.0114,464,15
S2,4411,80.344,11.59,11.60,0.0116,464,16
S2,4412,80.355,11.43,11.41,0.0114,464,18
S2,4413,80.366,11.09,11.10,0.0111,464,19
S2,4414,80.378,11.39,11.41,0.0114,464,20
S2,4415,80.389,11.10,11.09,0.0111,464,21
S2,4416,80.400,11.19,11.20,0.0112,464,22
S2,4417,80.411,11.43,11.40,0.0114,464,23
S2,4418,80.422,10.76,10.79,0.0108,464,24
S2,4419,80.433,10.43,10.40,0.0104,464,25
S2,4420,80.443,10.51,10.52,0.0105,516,26
S2,4421,80.454,10.44,10.47,0.0104,464,28
S2,4422,80.464,10.45,10.41,0.0104,464,29
S2,4423,80.475,10.57,10.60,0.0106,464,30
S2,4424,80.486,11.40,11.39,0.0114,464,31
S2,4425,80.497,11.11,11.12,0.0111,464,32
S2,4426,80.508,10.77,10.78,0.0108,464,33
S2,4427,80.519,10.73,10.70,0.0107,464,34
S2,4428,80.529,10.89,10.90,0.0109,464,35
S2,4429,80.541,11.30,11.30,0.0113,1268,36
S2,4430,80.552,11.08,11.09,0.0111,464,37
S2,4431,80.563,10.80,10.80,0.0108,464,38
S2,4432,80.573,10.84,10.82,0.0108,464,39
S2,4433,80.584,11.01,10.99,0.0110,464,41
S2,4434,80.596,11.07,11.09,0.0111,464,42
S2,4435,80.606,10.79,10.80,0.0108,464,43
S2,4436,80.617,10.80,10.80,0.0108,464,44
S2,4437,80.628,10.92,10.91,0.0109,464,45
S2,4438,80.639,10.78,10.79,0.0108,464,46
S2,4439,80.649,10.52,10.50,0.0105,516,47
S2,4440,80.660,10.80,10.80,0.0108,464,48
S2,4441,80.671,10.60,10.59,0.0106,464,49
S2,4442,80.682,10.89,10.90,0.0109,464,50
S2,4443,80.692,10.81,10.80,0.0108,464,51
S2,4444,80.703,10.97,10.99,0.0110,464,52
S2,4445,80.714,10.82,10.81,0.0108,464,54
S2,4446,80.725,10.71,10.71,0.0107,464,55
S2,4447,80.736,10.72,10.69,0.0107,464,56
S2,4448,80.747,11.70,11.71,0.0117,464,57
S2,4449,80.758,10.49,10.49,0.0105,464,58
S2,4450,80.768,10.49,10.50,0.0105,464,59
S2,4451,80.780,11.61,11.60,0.0116,464,60
S2,4452,80.791,10.89,10.89,0.0109,464,61
S2,4453,80.802,10.88,10.90,0.0109,464,62
S2,4454,80.813,10.92,10.90,0.0109,464,63
S2,4455,80.824,10.90,10.91,0.0109,464,64
S2,4456,80.835,11.30,11.29,0.0113,464,66
S2,4457,80.846,11.25,11.21,0.0112,464,67
S2,4458,80.857,10.83,10.89,0.0108,516,68
S2,4459,80.869,11.72,11.70,0.0117,1268,69
S2,4460,80.880,11.50,11.51,0.0115,464,70
S2,4461,80.892,11.39,11.40,0.0114,464,71
S2,4462,80.903,11.22,11.19,0.0112,464,72
S2,4463,80.914,11.09,11.10,0.0111,464,74
S2,4464,80.926,11.73,11.71,0.0117,464,75
S2,4465,80.938,12.37,12.38,0.0124,464,76
S2,4466,80.950,12.10,12.10,0.0121,464,77
S2,4467,80.961,11.21,11.20,0.0112,464,78
S2,4468,80.972,11.13,11.10,0.0111,464,79
S2,4469,80.984,11.30,11.29,0.0113,464,80
S2,4470,80.995,11.26,11.29,0.0113,464,82
S2,4471,81.006,11.18,11.19,0.0112,464,83
S2,4472,81.017,11.13,11.10,0.0111,464,84
S2,4473,81.028,10.89,10.90,0.0109,464,85
S2,4474,81.039,10.93,10.91,0.0109,464,86
S2,4475,81.050,10.98,10.99,0.0110,464,87
S2,4476,81.061,10.81,10.80,0.0108,516,88
S2,4477,81.072,10.70,10.69,0.0107,464,89
S2,4478,81.083,11.90,11.91,0.0119,464,90
S2,4479,81.095,11.09,11.09,0.0111,464,92
S2,4480,81.106,11.28,11.29,0.0113,464,93
S2,4481,81.117,11.34,11.32,0.0113,464,94
S2,4482,81.128,11.20,11.19,0.0112,464,95
S2,4483,81.140,11.49,11.50,0.0115,464,96
S2,4484,81.151,11.30,11.30,0.0113,464,97
S2,4485,81.163,11.89,11.90,0.0119,1268,98
S2,4486,81.175,11.52,11.51,0.0115,464,100
S2,4487,81.186,11.30,11.29,0.0113,464,101
S2,4488,81.197,11.48,11.50,0.0115,464,102
S2,4489,81.208,11.12,11.11,0.0111,464,103
S2,4490,81.220,11.10,11.10,0.0111,464,104
S2,4491,81.231,11.33,11.30,0.0113,464,105
S2,4492,81.242,11.30,11.29,0.0113,464,106
S2,4493,81.253,11.27,11.29,0.0113,464,107
S2,4494,81.265,11.73,11.71,0.0117,516,109
S2,4495,81.278,12.40,12.39,0.0124,464,110
S2,4496,81.290,12.14,12.10,0.0121,464,111
S2,4497,81.302,12.29,12.30,0.0123,464,112
S2,4498,81.314,11.68,11.69,0.0117,464,113
S2,4499,81.325,11.63,11.61,0.0116,464,115
S2,4500,81.338,12.45,12.46,0.0125,464,116
S2,4501,81.350,11.88,11.90,0.0119,464,117
S2,4502,81.362,12.01,12.00,0.0120,464,118
S2,4503,81.373,11.64,11.62,0.0116,464,119
S2,4504,81.386,12.77,12.78,0.0128,464,121
S2,4505,81.399,12.59,12.58,0.0126,464,122
S2,4506,81.411,12.69,12.70,0.0127,464,123
S2,4507,81.423,12.04,12.01,0.0120,464,124
S2,4508,81.436,12.29,12.29,0.0123,464,126
S2,4509,81.449,13.07,13.09,0.0131,1268,127
S2,4510,81.461,12.46,12.41,0.0125,464,128
S2,4511,81.474,12.35,12.38,0.0124,516,129
S2,4512,81.486,12.79,12.80,0.0128,464,131
S2,4513,81.499,12.80,12.79,0.0128,464,132
S2,4514,81.512,12.85,12.81,0.0128,464,133
S2,4515,81.524,12.11,12.10,0.0121,464,134
S2,4516,81.536,12.09,12.09,0.0121,464,136
S2,4517,81.548,12.18,12.19,0.0122,464,137
S2,4518,81.561,12.81,12.79,0.0128,464,138
S2,4519,81.573,12.11,12.11,0.0121,464,139
S2,4520,81.586,12.54,12.49,0.0125,464,141
S2,4521,81.598,12.44,12.48,0.0124,464,142
S2,4522,81.611,12.51,12.50,0.0125,464,143
S2,4523,81.622,11.64,11.61,0.0116,464,144
S2,4524,81.635,12.20,12.19,0.0122,464,145
S2,4525,81.647,12.28,12.29,0.0123,464,147
S2,4526,81.659,11.81,11.79,0.0118,464,148
S2,4527,81.671,12.24,12.29,0.0122,464,149
S2,4528,81.684,13.11,13.10,0.0131,516,150
S2,4529,81.696,12.39,12.40,0.0124,464,152
S2,4530,81.708,11.95,11.91,0.0119,464,153
S2,4531,81.721,12.96,12.98,0.0130,464,154
S2,4532,81.734,12.35,12.31,0.0123,464,155
S2,4533,81.747,13.36,13.40,0.0134,1268,157
S2,4534,81.760,12.89,12.81,0.0129,464,158
S2,4535,81.772,12.55,12.58,0.0126,464,159
S2,4536,81.785,12.74,12.72,0.0127,464,160
S2,4537,81.799,13.34,13.37,0.0133,464,162
S2,4538,81.811,12.33,12.29,0.0123,464,163
S2,4539,81.823,12.56,12.59,0.0126,464,164
S2,4540,81.837,13.09,13.10,0.0131,464,166
S2,4541,81.849,12.80,12.80,0.0128,464,167
S2,4542,81.862,13.14,13.11,0.0131,464,168
S2,4543,81.875,12.02,12.00,0.0120,464,169
S2,4544,81.887,12.74,12.78,0.0127,516,171
S2,4545,81.899,11.84,11.82,0.0118,464,172
S2,4546,81.911,12.19,12.19,0.0122,464,173
S2,4547,81.923,11.72,11.68,0.0117,464,174
S2,4548,81.935,12.38,12.41,0.0124,464,176
S2,4549,81.947,12.09,12.08,0.0121,464,177
S2,4550,81.960,12.84,12.82,0.0128,464,178
S2,4551,81.974,13.75,13.77,0.0137,464,179
S2,4552,81.987,13.01,13.00,0.0130,464,181
S2,4553,82.000,12.99,12.99,0.0130,464,182
S2,4554,82.013,12.56,12.51,0.0126,464,183
S2,4555,82.026,13.07,13.09,0.0131,464,184
S2,4556,82.039,13.11,13.10,0.0131,1268,186
S2,4557,82.053,13.77,13.78,0.0138,464,187
S2,4558,82.065,12.89,12.91,0.0129,464,188
S2,4559,82.078,12.77,12.70,0.0128,464,190
S2,4560,82.091,12.97,12.99,0.0130,516,191
S2,4561,82.105,13.66,13.68,0.0137,464,192
S2,4562,82.118,12.78,12.72,0.0128,464,194
S2,4563,82.131,13.25,13.27,0.0132,464,195
S2,4564,82.144,13.23,13.21,0.0132,464,196
S2,4565,82.157,12.60,12.59,0.0126,464,198
S2,4566,82.170,13.09,13.10,0.0131,464,199
S2,4567,82.183,13.60,13.59,0.0136,464,200
S2,4568,82.197,13.30,13.30,0.0133,464,202
S2,4569,82.210,13.56,13.50,0.0136,464,203
S2,4570,82.223,12.63,12.67,0.0126,464,204
S2,4571,82.236,12.92,12.90,0.0129,464,206
S2,4572,82.248,12.39,12.41,0.0124,464,207
S2,4573,82.261,12.71,12.68,0.0127,464,208
S2,4574,82.275,13.65,13.68,0.0137,464,209
S2,4575,82.288,13.41,13.41,0.0134,464,211
S2,4576,82.301,13.40,13.19,0.0134,516,212
S2,4577,82.314,12.82,13.00,0.0128,464,213
S2,4578,82.328,13.66,13.69,0.0137,464,215
S2,4579,82.341,13.43,13.39,0.0134,464,216
S2,4580,82.354,12.96,12.99,0.0130,464,217
S2,4581,82.368,13.95,13.92,0.0139,1268,219
S2,4582,82.381,13.11,13.10,0.0131,464,220
S2,4583,82.395,13.39,13.39,0.0134,464,221
S2,4584,82.408,13.56,13.59,0.0136,464,223
S2,4585,82.421,13.13,13.10,0.0131,464,224
S2,4586,82.435,13.67,13.61,0.0137,464,225
S2,4587,82.448,13.37,13.39,0.0134,464,227
S2,4588,82.462,13.88,13.89,0.0139,464,228
S2,4589,82.476,13.69,13.70,0.0137,464,229
S2,4590,82.490,13.52,13.51,0.0135,464,231
S2,4591,82.504,14.25,14.27,0.0143,1320,232
S2,4592,82.517,13.49,13.49,0.0135,464,234
S2,4593,82.530,12.63,12.62,0.0126,464,235
S2,4594,82.543,13.01,13.00,0.0130,464,236
S2,4595,82.556,12.68,12.68,0.0127,464,238
S2,4596,82.570,13.96,14.00,0.0140,464,239
S2,4597,82.582,12.90,12.90,0.0129,464,240
S2,4598,82.595,12.85,12.81,0.0128,464,241
S2,4599,82.608,12.78,12.79,0.0128,464,243
S2,4600,82.621,12.81,12.79,0.0128,464,244
S2,4601,82.633,12.49,12.50,0.0125,464,245
S2,4602,82.646,12.71,12.70,0.0127,464,247
S2,4603,82.658,12.31,12.29,0.0123,464,248
S2,4604,82.671,12.54,12.57,0.0125,464,249
S2,4605,82.684,13.17,13.13,0.0132,464,250
S2,4606,82.698,13.73,13.76,0.0137,464,252
S2,4607,82.711,13.07,13.02,0.0131,516,253
S2,4608,82.725,14.15,14.18,0.0141,1268,254
S2,4609,82.739,14.15,14.11,0.0141,464,256
S2,4610,82.753,13.45,13.47,0.0134,464,257
S2,4611,82.766,13.45,13.41,0.0134,464,258
S2,4612,82.780,13.61,13.60,0.0136,464,260
S2,4613,82.794,14.09,14.10,0.0141,464,261
S2,4614,82.807,13.45,13.48,0.0135,464,263
S2,4615,82.820,13.05,13.00,0.0131,464,264
S2,4616,82.833,12.79,12.79,0.0128,464,265
S2,4617,82.846,12.88,12.90,0.0129,464,267
S2,4618,82.859,13.31,13.29,0.0133,464,268
S2,4619,82.874,14.24,14.21,0.0142,464,269
S2,4620,82.887,13.89,13.91,0.0139,464,271
S2,4621,82.901,13.50,13.48,0.0135,464,272
S2,4622,82.915,13.59,13.59,0.0136,516,273
S2,4623,82.928,13.90,13.90,0.0139,464,275
S2,4624,82.942,14.00,14.00,0.0140,1268,276
S2,4625,82.956,13.50,13.50,0.0135,464,277
S2,4626,82.970,14.56,14.57,0.0146,464,279
S2,4627,82.986,15.09,15.00,0.0151,464,280
S2,4628,83.000,14.19,14.28,0.0142,464,282
S2,4629,83.014,14.62,14.60,0.0146,464,283
S2,4630,83.028,13.92,13.91,0.0139,464,285
S2,4631,83.043,14.92,14.89,0.0149,1268,286
S2,4632,83.058,15.01,15.00,0.0150,464,288
S2,4633,83.073,14.59,14.59,0.0146,464,289
S2,4634,83.087,14.50,14.50,0.0145,464,291
S2,4635,83.102,14.66,14.61,0.0147,1268,292
S2,4636,83.117,14.73,14.78,0.0147,516,293
S2,4637,83.131,14.70,14.69,0.0147,464,295
S2,4638,83.146,14.21,14.19,0.0142,464,296
S2,4639,83.160,14.22,14.20,0.0142,464,298
S2,4640,83.175,14.69,14.69,0.0147,464,299
S2,4641,83.189,14.39,14.40,0.0144,464,301
S2,4642,83.203,14.37,14.38,0.0144,464,302
S2,4643,83.218,14.45,14.41,0.0145,464,304
S2,4644,83.232,14.26,14.30,0.0143,464,305
S2,4645,83.247,14.83,14.80,0.0148,1268,306
S2,4646,83.262,14.89,14.90,0.0149,464,308
S2,4647,83.276,14.63,14.59,0.0146,464,309
S2,4648,83.290,13.83,13.88,0.0138,464,311
S2,4649,83.305,14.81,14.79,0.0148,464,312
S2,4650,83.319,14.20,14.21,0.0142,516,314
S2,4651,83.333,14.13,14.10,0.0141,464,315
S2,4652,83.348,15.06,15.09,0.0151,464,317
S2,4653,83.364,15.32,15.31,0.0153,464,318
S2,4654,83.379,15.00,15.01,0.0150,464,320
S2,4655,83.394,15.22,15.19,0.0152,1268,321
S2,4656,83.408,14.50,14.51,0.0145,464,323
S2,4657,83.423,14.21,14.20,0.0142,464,324
S2,4658,83.437,14.60,14.59,0.0146,464,325
S2,4659,83.452,14.76,14.72,0.0148,464,327
S2,4660,83.467,15.03,15.06,0.0150,464,328
S2,4661,83.482,14.72,14.71,0.0147,464,330
S2,4662,83.496,14.79,14.82,0.0148,464,331
S2,4663,83.511,14.73,14.67,0.0147,464,333
S2,4664,83.525,13.97,13.97,0.0140,516,334
S2,4665,83.539,14.27,14.30,0.0143,464,336
S2,4666,83.554,14.30,14.32,0.0143,464,337
S2,4667,83.568,14.25,14.20,0.0142,464,339
S2,4668,83.582,14.47,14.49,0.0145,1268,340
S2,4669,83.597,14.99,14.99,0.0150,464,341
S2,4670,83.611,14.01,14.01,0.0140,464,343
S2,4671,83.626,14.25,14.20,0.0142,1268,344
S2,4672,83.640,14.27,14.29,0.0143,464,346
S2,4673,83.655,14.88,14.89,0.0149,464,347
S2,4674,83.670,14.82,14.80,0.0148,464,349
S2,4675,83.684,14.42,14.40,0.0144,464,350
S2,4676,83.699,14.75,14.78,0.0147,464,352
S2,4677,83.714,14.83,14.81,0.0148,464,353
S2,4678,83.728,14.79,14.81,0.0148,516,355
S2,4679,83.743,14.26,14.19,0.0143,464,356
S2,4680,83.758,14.81,14.88,0.0148,464,357
S2,4681,83.773,15.15,15.11,0.0152,464,359
S2,4682,83.787,14.49,14.49,0.0145,464,360
S2,4683,83.801,14.20,14.18,0.0142,464,362
S2,4684,83.816,14.87,14.90,0.0149,464,363
S2,4685,83.831,14.86,14.82,0.0149,464,365
S2,4686,83.846,14.77,14.78,0.0148,464,366
S2,4687,83.860,14.49,14.50,0.0145,464,368
S2,4688,83.875,14.82,14.81,0.0148,464,369
S2,4689,83.890,14.67,14.68,0.0147,464,371
S2,4690,83.904,14.59,14.60,0.0146,464,372
S2,4691,83.920,15.12,15.10,0.0151,1268,374
S2,4692,83.934,14.32,14.31,0.0143,516,375
S2,4693,83.949,15.04,15.08,0.0150,1268,377
S2,4694,83.964,14.56,14.51,0.0146,464,378
S2,4695,83.979,15.41,15.39,0.0154,464,380
S2,4696,83.994,15.50,15.51,0.0155,1268,381
S2,4697,84.010,15.09,15.08,0.0151,464,383
S2,4698,84.024,14.47,14.48,0.0145,464,384
S2,4699,84.038,14.53,14.50,0.0145,464,386
S2,4700,84.053,14.47,14.50,0.0145,464,387
S2,4701,84.069,16.09,16.09,0.0161,1268,389
S2,4702,84.084,14.72,14.71,0.0147,464,390
S2,4703,84.098,14.58,14.60,0.0146,464,392
S2,4704,84.113,14.24,14.21,0.0142,464,393
S2,4705,84.127,14.37,14.39,0.0144,464,394
S2,4706,84.142,14.70,14.70,0.0147,1320,396
S2,4707,84.156,14.16,14.11,0.0142,464,397
S2,4708,84.170,14.46,14.49,0.0145,464,399
S2,4709,84.185,14.69,14.70,0.0147,464,400
S2,4710,84.201,15.58,15.59,0.0156,464,402
S2,4711,84.216,15.51,15.49,0.0155,464,403
S2,4712,84.231,15.01,15.01,0.0150,464,405
S2,4713,84.246,15.12,15.09,0.0151,464,406
S2,4714,84.261,15.22,15.20,0.0152,1268,408
S2,4715,84.277,15.82,15.79,0.0158,464,409
S2,4716,84.292,15.14,15.18,0.0151,464,411
S2,4717,84.308,15.73,15.51,0.0157,464,412
S2,4718,84.323,14.96,15.18,0.0150,464,414
S2,4719,84.339,15.93,15.90,0.0159,1268,416
S2,4720,84.355,15.76,15.79,0.0158,516,417
S2,4721,84.370,15.61,15.60,0.0156,464,419
S2,4722,84.385,14.54,14.50,0.0145,464,420
S2,4723,84.400,15.27,15.29,0.0153,464,422
S2,4724,84.415,14.88,14.90,0.0149,464,423
S2,4725,84.430,15.02,15.01,0.0150,464,425
S2,4726,84.445,14.97,14.99,0.0150,464,426
S2,4727,84.461,15.93,15.92,0.0159,464,428
S2,4728,84.477,15.75,15.69,0.0158,464,429
S2,4729,84.493,16.73,16.70,0.0167,464,431
S2,4730,84.509,15.59,15.68,0.0156,464,433
S2,4731,84.524,15.20,15.18,0.0152,1268,434
S2,4732,84.540,16.11,16.11,0.0161,1268,436
S2,4733,84.556,15.76,15.72,0.0158,516,437
S2,4734,84.571,14.64,14.68,0.0146,464,439
S2,4735,84.586,14.78,14.77,0.0148,1268,440
S2,4736,84.600,14.69,14.71,0.0147,464,442
S2,4737,84.615,14.32,14.30,0.0143,464,443
S2,4738,84.629,14.71,14.70,0.0147,1268,445
S2,4739,84.644,14.49,14.49,0.0145,464,446
S2,4740,84.659,15.38,15.40,0.0154,464,448
S2,4741,84.673,14.31,14.29,0.0143,464,449
S2,4742,84.688,14.91,14.90,0.0149,464,451
S2,4743,84.702,14.08,14.10,0.0141,464,452
S2,4744,84.717,14.32,14.30,0.0143,464,453
S2,4745,84.731,14.39,14.39,0.0144,464,455
S2,4746,84.746,14.65,14.61,0.0147,464,456
S2,4747,84.762,15.94,15.96,0.0159,516,458
S2,4748,84.777,15.12,15.12,0.0151,464,459
S2,4749,84.792,15.51,15.50,0.0155,1268,461
S2,4750,84.807,14.77,14.79,0.0148,464,462
S2,4751,84.822,15.09,15.08,0.0151,1268,464
S2,4752,84.838,15.28,15.30,0.0153,1268,465
S2,4753,84.853,15.10,15.10,0.0151,1268,467
S2,4754,84.868,15.33,15.31,0.0153,464,468
S2,4755,84.883,14.92,14.90,0.0149,464,470
S2,4756,84.898,15.35,15.39,0.0154,1268,472
S2,4757,84.914,15.44,15.40,0.0154,464,473
S2,4758,84.928,14.58,14.60,0.0146,464,475
S2,4759,84.943,14.30,14.29,0.0143,464,476
S2,4760,84.958,15.22,15.21,0.0152,464,477
S2,4761,84.973,15.09,15.10,0.0151,516,479
S2,4762,84.988,15.27,15.29,0.0153,1268,481
S2,4763,85.003,14.92,14.90,0.0149,464,482
S2,4764,85.018,15.10,15.10,0.0151,464,484
S2,4765,85.033,15.28,15.30,0.0153,1268,485
S2,4766,85.049,15.77,15.71,0.0158,464,487
S2,4767,85.066,16.66,16.68,0.0167,464,488
S2,4768,85.082,15.66,15.63,0.0157,464,490
S2,4769,85.097,15.86,15.87,0.0159,464,491
S2,4770,85.113,15.66,15.69,0.0157,1268,493
S2,4771,85.129,15.92,15.90,0.0159,1268,495
S2,4772,85.145,15.78,15.79,0.0158,464,496
S2,4773,85.161,16.01,16.00,0.0160,1268,498
S2,4774,85.176,15.22,15.20,0.0152,516,499
S2,4775,85.192,15.70,15.70,0.0157,1268,501
S2,4776,85.207,15.17,15.20,0.0152,464,502
S2,4777,85.223,15.71,15.70,0.0157,1268,504
S2,4778,85.238,15.31,15.30,0.0153,464,505
S2,4779,85.254,16.48,16.49,0.0165,1268,507
S2,4780,85.270,15.74,15.70,0.0157,464,509
S2,4781,85.285,15.38,15.41,0.0154,464,510
S2,4782,85.301,15.49,15.49,0.0155,464,512
S2,4783,85.316,15.10,15.09,0.0151,464,513
S2,4784,85.332,15.99,16.01,0.0160,1268,515
S2,4785,85.348,15.70,15.70,0.0157,464,516
S2,4786,85.364,16.11,16.09,0.0161,464,518
S2,4787,85.379,15.63,15.60,0.0156,516,520
S2,4788,85.396,16.39,16.40,0.0164,1268,521
S2,4789,85.413,17.27,17.29,0.0173,464,523
S2,4790,85.431,17.81,17.80,0.0178,1268,525
S2,4791,85.448,16.79,16.80,0.0168,464,526
S2,4792,85.466,17.74,17.71,0.0177,1268,528
S2,4793,85.483,17.37,17.38,0.0174,1268,530
S2,4794,85.500,17.39,17.40,0.0174,464,532
S2,4795,85.518,17.45,17.42,0.0175,464,533
S2,4796,85.535,17.51,17.50,0.0175,464,535
S2,4797,85.553,17.57,17.58,0.0176,464,537
S2,4798,85.570,17.29,17.29,0.0173,464,539
S2,4799,85.587,17.01,16.99,0.0170,516,540
S2,4800,85.604,16.67,16.69,0.0167,464,542
S2,4801,85.621,17.34,17.32,0.0173,1268,544
S2,4802,85.639,17.79,17.78,0.0178,1268,545
S2,4803,85.656,17.48,17.50,0.0175,464,547
S2,4804,85.674,17.76,17.72,0.0178,464,549
S2,4805,85.692,17.58,17.58,0.0176,464,551
S2,4806,85.709,17.39,17.39,0.0174,1312,552
S2,4807,85.727,18.01,18.01,0.0180,1268,554
S2,4808,85.745,17.79,17.79,0.0178,1268,556
S2,4809,85.763,17.77,17.78,0.0178,1268,558
S2,4810,85.780,16.86,16.82,0.0169,1268,559
S2,4811,85.798,18.57,18.58,0.0186,516,561
S2,4812,85.814,16.39,16.40,0.0164,464,563
S2,4813,85.831,16.60,16.59,0.0166,1268,565
S2,4814,85.848,16.69,16.70,0.0167,464,566
S2,4815,85.864,16.23,16.20,0.0162,1268,568
S2,4816,85.880,15.79,15.80,0.0158,464,570
S2,4817,85.896,16.21,16.21,0.0162,464,571
S2,4818,85.912,15.87,15.88,0.0159,464,573
S2,4819,85.928,16.43,16.40,0.0164,464,574
S2,4820,85.945,16.47,16.49,0.0165,1268,576
S2,4821,85.961,16.70,16.70,0.0167,464,578
S2,4822,85.978,16.92,16.90,0.0169,464,579
S2,4823,85.996,17.40,17.40,0.0174,1268,581
S2,4824,86.013,17.17,17.19,0.0172,1320,583
S2,4825,86.030,17.37,17.32,0.0174,1268,585
S2,4826,86.047,16.94,16.99,0.0169,1268,586
S2,4827,86.065,17.42,17.40,0.0174,1268,588
S2,4828,86.081,16.61,16.60,0.0166,464,590
S2,4829,86.097,16.08,16.09,0.0161,464,591
S2,4830,86.114,16.70,16.70,0.0167,1268,593
S2,4831,86.130,16.42,16.40,0.0164,464,595
S2,4832,86.147,16.88,16.87,0.0169,464,596
S2,4833,86.164,16.51,16.53,0.0165,1268,598
S2,4834,86.180,16.41,16.40,0.0164,464,600
S2,4835,86.197,16.40,16.39,0.0164,464,601
S2,4836,86.213,16.79,16.80,0.0168,1320,603
S2,4837,86.230,16.40,16.40,0.0164,464,605
S2,4838,86.247,17.52,17.49,0.0175,464,606
S2,4839,86.264,17.09,17.10,0.0171,1268,608
S2,4840,86.281,16.69,16.70,0.0167,464,610
S2,4841,86.297,16.29,16.30,0.0163,464,611
S2,4842,86.314,16.40,16.19,0.0164,464,613
S2,4843,86.331,16.81,17.00,0.0168,1268,615
S2,4844,86.348,17.26,17.21,0.0173,1268,616
S2,4845,86.365,16.94,16.99,0.0169,464,618
S2,4846,86.382,17.12,17.09,0.0171,1268,620
S2,4847,86.400,17.88,17.90,0.0179,1268,621
S2,4848,86.417,17.08,17.09,0.0171,516,623
S2,4849,86.434,17.22,17.20,0.0172,1268,625
S2,4850,86.451,17.19,17.20,0.0172,464,627
S2,4851,86.468,17.02,17.00,0.0170,1268,628
S2,4852,86.486,17.82,17.80,0.0178,464,630
S2,4853,86.503,17.04,17.08,0.0170,1268,632
S2,4854,86.521,17.42,17.41,0.0174,1268,634
S2,4855,86.537,16.72,16.70,0.0167,464,635
S2,4856,86.555,17.60,17.61,0.0176,1268,637
S2,4857,86.572,17.29,17.29,0.0173,464,639
S2,4858,86.590,17.32,17.31,0.0173,1268,640
S2,4859,86.606,16.78,16.80,0.0168,464,642
S2,4860,86.624,17.18,17.19,0.0172,1320,644
S2,4861,86.642,18.23,18.20,0.0182,1268,646
S2,4862,86.660,18.29,18.31,0.0183,1268,647
S2,4863,86.678,18.19,18.19,0.0182,1268,649
S2,4864,86.697,18.38,18.38,0.0184,1268,651
S2,4865,86.715,17.91,17.92,0.0179,464,653
S2,4866,86.732,17.55,17.50,0.0176,1268,655
S2,4867,86.750,18.35,18.39,0.0183,1268,656
S2,4868,86.768,17.81,17.81,0.0178,1268,657
S2,4869,86.786,18.02,17.99,0.0180,464,659
S2,4870,86.804,18.08,18.09,0.0181,464,661
S2,4871,86.822,17.33,17.32,0.0173,464,663
S2,4872,86.839,17.56,17.58,0.0176,1320,664
S2,4873,86.857,18.20,18.19,0.0182,1268,666
S2,4874,86.875,17.62,17.61,0.0176,464,668
S2,4875,86.893,17.69,17.70,0.0177,1268,670
S2,4876,86.910,17.30,17.30,0.0173,464,672
S2,4877,86.928,18.03,18.00,0.0180,1268,673
S2,4878,86.948,19.47,19.50,0.0195,1268,675
S2,4879,86.966,18.60,18.58,0.0186,1268,677
S2,4880,86.985,18.40,18.41,0.0184,1268,679
S2,4881,87.003,18.72,18.71,0.0187,1268,680
S2,4882,87.021,17.82,17.80,0.0178,464,682
S2,4883,87.040,18.69,18.69,0.0187,1268,683
S2,4884,87.059,18.96,18.99,0.0190,1320,685
S2,4885,87.077,18.02,18.00,0.0180,464,687
S2,4886,87.095,18.29,18.30,0.0183,1428,689
S2,4887,87.113,18.12,18.11,0.0181,624,691
S2,4888,87.131,18.19,18.18,0.0182,1428,693
S2,4889,87.150,18.48,18.49,0.0185,544,694
S2,4890,87.168,18.42,18.41,0.0184,624,696
S2,4891,87.186,18.02,18.00,0.0180,624,698
S2,4892,87.204,18.07,18.10,0.0181,1392,699
S2,4893,87.223,18.52,18.50,0.0185,1268,699
S2,4894,87.241,18.31,18.30,0.0183,1268,699
S2,4895,87.260,18.46,18.49,0.0185,516,699
S2,4896,87.277,17.59,17.58,0.0176,464,699
S2,4897,87.295,18.05,18.03,0.0180,1268,699
S2,4898,87.314,18.46,18.49,0.0185,1268,699
S2,4899,87.331,17.50,17.49,0.0175,464,699
S2,4900,87.350,18.72,18.70,0.0187,1268,699
S2,4901,87.367,17.39,17.40,0.0174,464,699
S2,4902,87.385,17.52,17.51,0.0175,1268,699
S2,4903,87.402,17.39,17.39,0.0174,464,699
S2,4904,87.419,17.19,17.19,0.0172,464,699
S2,4905,87.437,17.70,17.69,0.0177,1268,699
S2,4906,87.455,18.21,18.20,0.0182,464,699
S2,4907,87.473,17.58,17.59,0.0176,516,699
S2,4908,87.491,18.03,18.01,0.0180,1268,699
S2,4909,87.509,17.97,17.98,0.0180,464,699
S2,4910,87.528,18.70,18.71,0.0187,1268,699
S2,4911,87.548,20.33,20.30,0.0203,1268,699
S2,4912,87.567,18.71,18.70,0.0187,464,699
S2,4913,87.586,19.29,19.30,0.0193,1268,699
S2,4914,87.605,19.05,19.07,0.0190,1268,699
S2,4915,87.624,18.67,18.63,0.0187,1268,699
S2,4916,87.643,19.05,19.08,0.0190,1268,699
S2,4917,87.661,18.42,18.41,0.0184,1268,699
S2,4918,87.679,18.02,18.01,0.0180,1320,699
S2,4919,87.697,17.88,17.88,0.0179,464,699
S2,4920,87.715,17.92,17.91,0.0179,464,699
S2,4921,87.733,18.30,18.28,0.0183,1268,699
S2,4922,87.752,19.21,19.20,0.0192,464,699
S2,4923,87.773,20.69,20.70,0.0207,464,699
S2,4924,87.793,20.13,20.10,0.0201,1268,699
S2,4925,87.813,20.10,20.11,0.0201,1268,699
S2,4926,87.834,20.39,20.39,0.0204,1268,699
S2,4927,87.855,21.59,21.58,0.0216,1268,699
S2,4928,87.877,21.72,21.71,0.0217,1268,699
S2,4929,87.898,20.45,20.48,0.0205,1320,699
S2,4930,87.919,21.06,21.02,0.0211,1268,699
S2,4931,87.940,21.06,21.09,0.0211,1268,699
S2,4932,87.960,20.63,20.60,0.0206,1268,699
S2,4933,87.981,20.29,20.30,0.0203,464,699
S2,4934,88.000,19.70,19.68,0.0197,464,699
S2,4935,88.020,19.99,20.01,0.0200,1268,699
S2,4936,88.041,20.21,20.20,0.0202,464,699
S2,4937,88.062,21.38,21.40,0.0214,1268,699
S2,4938,88.083,20.92,20.89,0.0209,1268,699
S2,4939,88.103,20.39,20.41,0.0204,516,699
S2,4940,88.123,20.23,20.20,0.0202,1268,699
S2,4941,88.145,21.65,21.69,0.0217,1268,699
S2,4942,88.166,20.55,20.50,0.0205,1268,699
S2,4943,88.187,21.16,21.18,0.0212,1268,698
S2,4944,88.209,21.70,21.70,0.0217,1268,698
S2,4945,88.231,22.02,22.00,0.0220,1268,698
S2,4946,88.251,20.58,20.59,0.0206,1268,698
S2,4947,88.271,19.79,19.79,0.0198,464,698
S2,4948,88.291,19.83,19.81,0.0198,1268,698
S2,4949,88.311,20.56,20.59,0.0206,1320,698
S2,4950,88.332,20.55,20.32,0.0206,1268,698
S2,4951,88.353,20.89,21.08,0.0209,464,698
S2,4952,88.373,20.28,20.30,0.0203,1268,698
S2,4953,88.393,20.23,20.21,0.0202,1268,698
S2,4954,88.413,19.57,19.57,0.0196,464,698
S2,4955,88.432,19.62,19.62,0.0196,464,698
S2,4956,88.453,20.78,20.79,0.0208,1268,698
S2,4957,88.474,21.12,21.10,0.0211,1268,698
S2,4958,88.496,21.33,21.30,0.0213,464,698
S2,4959,88.517,21.33,21.38,0.0213,1320,698
S2,4960,88.539,21.57,21.52,0.0216,1268,698
S2,4961,88.559,20.09,20.10,0.0201,1268,698
S2,4962,88.579,20.48,20.49,0.0205,1268,698
S2,4963,88.600,20.72,20.70,0.0207,464,698
S2,4964,88.621,21.49,21.49,0.0215,1268,698
S2,4965,88.643,21.40,21.39,0.0214,1268,698
S2,4966,88.663,20.72,20.70,0.0207,464,698
S2,4967,88.684,20.29,20.29,0.0203,1268,698
S2,4968,88.705,21.07,21.09,0.0211,1268,698
S2,4969,88.726,21.36,21.31,0.0214,516,698
S2,4970,88.748,21.76,21.78,0.0218,1268,698
S2,4971,88.769,21.08,21.09,0.0211,1268,698
S2,4972,88.790,21.11,21.11,0.0211,1268,698
S2,4973,88.811,21.32,21.30,0.0213,1268,698
S2,4974,88.833,21.65,21.69,0.0217,1268,698
S2,4975,88.855,21.59,21.58,0.0216,1268,698
S2,4976,88.876,21.54,21.52,0.0215,1268,698
S2,4977,88.898,21.40,21.40,0.0214,1268,698
S2,4978,88.919,21.73,21.71,0.0217,1268,698
S2,4979,88.941,21.97,21.98,0.0220,1320,697
S2,4980,88.963,21.59,21.61,0.0216,464,697
S2,4981,88.984,21.31,21.28,0.0213,1268,697
S2,4982,89.006,21.55,21.59,0.0216,1268,697
S2,4983,89.027,21.29,21.28,0.0213,1268,697
S2,4984,89.048,20.73,20.72,0.0207,1268,697
S2,4985,89.070,22.49,22.49,0.0225,1268,697
S2,4986,89.091,21.07,21.02,0.0211,464,697
S2,4987,89.113,21.97,21.99,0.0220,1268,697
S2,4988,89.135,21.94,21.89,0.0219,464,697
S2,4989,89.156,20.65,20.70,0.0206,516,697
S2,4990,89.177,21.11,21.08,0.0211,1268,697
S2,4991,89.198,20.49,20.50,0.0205,464,697
S2,4992,89.219,21.68,21.70,0.0217,1268,697
S2,4993,89.241,21.72,21.70,0.0217,1268,697
S2,4994,89.264,22.59,22.59,0.0226,1268,697
S2,4995,89.285,21.67,21.61,0.0217,1268,697
S2,4996,89.306,21.15,21.19,0.0212,1268,697
S2,4997,89.328,21.82,21.80,0.0218,1268,697
S2,4998,89.350,21.46,21.49,0.0215,464,697
S2,4999,89.372,22.78,22.79,0.0228,1320,697
S2,5000,89.395,22.64,22.61,0.0226,1268,697
S2,5001,89.416,21.24,21.29,0.0212,1268,697
S2,5002,89.437,20.68,20.62,0.0207,1268,697
S2,5003,89.458,21.05,21.08,0.0210,1268,697
S2,5004,89.480,22.43,22.41,0.0224,1268,697
S2,5005,89.502,21.09,21.09,0.0211,1268,697
S2,5006,89.522,20.91,20.91,0.0209,1268,697
S2,5007,89.544,21.42,21.40,0.0214,464,697
S2,5008,89.565,21.00,20.99,0.0210,1268,697
S2,5009,89.586,20.96,20.99,0.0210,1320,697
S2,5010,89.608,22.17,22.20,0.0222,1268,697
S2,5011,89.631,23.02,23.01,0.0230,1268,697
S2,5012,89.653,21.91,21.90,0.0219,1268,697
S2,5013,89.675,21.70,21.69,0.0217,1268,697
S2,5014,89.697,22.21,22.21,0.0222,1268,697
S2,5015,89.719,21.89,21.88,0.0219,1268,697
S2,5016,89.741,22.02,22.01,0.0220,1268,697
S2,5017,89.763,22.26,22.28,0.0223,1268,697
S2,5018,89.785,21.86,21.82,0.0219,17684,697
S2,5019,89.807,22.42,22.46,0.0224,17736,697
S2,5020,89.829,21.74,21.71,0.0217,1268,697
S2,5021,89.851,22.00,22.00,0.0220,1268,697
S2,5022,89.873,21.99,21.99,0.0220,1268,697
S2,5023,89.895,22.01,21.99,0.0220,1268,697
S2,5024,89.917,21.88,21.90,0.0219,1268,697
S2,5025,89.939,21.71,21.70,0.0217,1268,697
S2,5026,89.960,21.41,21.39,0.0214,1268,697
S2,5027,89.982,22.00,22.01,0.0220,1268,697
S2,5028,90.004,21.99,21.99,0.0220,1268,697
S2,5029,90.026,21.95,21.91,0.0219,1320,697
S2,5030,90.048,22.24,22.28,0.0222,1268,697
S2,5031,90.070,21.93,21.92,0.0219,1268,697
S2,5032,90.092,21.41,21.39,0.0214,1268,697
S2,5033,90.114,22.28,22.30,0.0223,1268,697
S2,5034,90.136,22.01,22.00,0.0220,1268,696
S2,5035,90.157,21.53,21.49,0.0215,464,696
S2,5036,90.179,21.26,21.30,0.0213,1268,696
S2,5037,90.200,21.30,21.29,0.0213,1268,696
S2,5038,90.222,21.94,21.90,0.0219,1268,696
S2,5039,90.243,21.40,21.41,0.0214,1320,696
S2,5040,90.265,21.84,21.87,0.0218,1268,695
S2,5041,90.287,22.27,22.23,0.0223,1268,695
S2,5042,90.309,21.33,21.37,0.0213,1268,695
S2,5043,90.330,21.42,21.41,0.0214,1268,695
S2,5044,90.351,20.53,20.30,0.0205,464,695
S2,5045,90.372,21.47,21.69,0.0215,1268,695
S2,5046,90.393,21.02,21.00,0.0210,1268,695
S2,5047,90.414,21.18,21.20,0.0212,1268,695
S2,5048,90.436,21.21,21.19,0.0212,1268,695
S2,5049,90.456,20.57,20.58,0.0206,516,695
S2,5050,90.477,20.44,20.42,0.0204,1268,695
S2,5051,90.498,21.25,21.28,0.0212,1268,695
S2,5052,90.520,21.94,21.91,0.0219,1268,695
S2,5053,90.541,21.02,21.01,0.0210,1268,695
S2,5054,90.562,21.47,21.49,0.0215,1268,695
S2,5055,90.582,19.92,19.90,0.0199,1268,695
S2,5056,90.601,19.21,19.20,0.0192,464,695
S2,5057,90.621,19.69,19.69,0.0197,1268,695
S2,5058,90.641,20.09,20.09,0.0201,1268,695
S2,5059,90.661,20.20,20.20,0.0202,1320,695
S2,5060,90.682,20.49,20.49,0.0205,1268,695
S2,5061,90.702,19.92,19.91,0.0199,464,695
S2,5062,90.721,19.20,19.19,0.0192,1268,695
S2,5063,90.740,19.49,19.50,0.0195,1268,695
S2,5064,90.760,19.22,19.21,0.0192,464,695
S2,5065,90.779,19.08,19.08,0.0191,1268,695
S2,5066,90.798,19.39,19.40,0.0194,1268,695
S2,5067,90.817,19.30,19.28,0.0193,1268,695
S2,5068,90.836,18.71,18.71,0.0187,464,695
S2,5069,90.856,19.94,19.90,0.0199,1268,695
S2,5070,90.877,21.01,21.01,0.0210,1320,695
S2,5071,90.898,20.86,20.88,0.0209,464,695
S2,5072,90.919,21.19,21.19,0.0212,1268,695
S2,5073,90.940,21.10,21.10,0.0211,1268,694
S2,5074,90.962,21.70,21.70,0.0217,1268,694
S2,5075,90.984,21.83,21.82,0.0218,1268,694
S2,5076,91.005,21.06,21.08,0.0211,1268,694
S2,5077,91.026,20.84,20.80,0.0208,1268,694
S2,5078,91.048,22.07,22.10,0.0221,464,694
S2,5079,91.070,22.60,22.59,0.0226,1268,694
S2,5080,91.091,20.60,20.60,0.0206,1320,694
S2,5081,91.113,21.87,21.89,0.0219,1268,694
S2,5082,91.134,20.97,20.92,0.0210,1268,694
S2,5083,91.155,21.76,21.78,0.0218,1268,694
S2,5084,91.177,21.61,21.60,0.0216,1268,694
S2,5085,91.198,20.83,20.81,0.0208,464,694
S2,5086,91.218,20.39,20.39,0.0204,464,694
S2,5087,91.238,20.07,20.09,0.0201,1268,694
S2,5088,91.259,20.61,20.60,0.0206,1268,694
S2,5089,91.280,21.44,21.41,0.0214,1268,694
S2,5090,91.303,22.30,22.30,0.0223,1320,694
S2,5091,91.324,21.31,21.29,0.0213,1268,694
S2,5092,91.347,22.88,22.88,0.0229,1268,694
S2,5093,91.368,21.50,21.50,0.0215,1268,694
S2,5094,91.390,21.70,21.70,0.0217,1268,694
S2,5095,91.412,22.19,22.19,0.0222,1268,694
S2,5096,91.433,20.70,20.70,0.0207,464,694
S2,5097,91.455,21.91,21.91,0.0219,1268,694
S2,5098,91.476,20.93,20.89,0.0209,1268,694
S2,5099,91.497,21.06,21.10,0.0211,1268,694
S2,5100,91.519,21.74,21.69,0.0217,1320,694
S2,5101,91.540,21.06,21.09,0.0211,1268,694
S2,5102,91.562,21.89,21.91,0.0219,1268,694
S2,5103,91.583,21.11,21.10,0.0211,1268,694
S2,5104,91.604,21.71,21.71,0.0217,1268,694
S2,5105,91.626,21.29,21.28,0.0213,1268,693
S2,5106,91.648,22.20,22.20,0.0222,1268,693
S2,5107,91.670,21.62,21.60,0.0216,1268,693
S2,5108,91.691,21.60,21.59,0.0216,1268,693
S2,5109,91.714,22.78,22.80,0.0228,1268,693
S2,5110,91.736,22.31,22.30,0.0223,1320,692
S2,5111,91.758,22.18,22.21,0.0222,1268,692
S2,5112,91.781,22.59,22.59,0.0226,1268,692
S2,5113,91.803,22.32,22.29,0.0223,1268,692
S2,5114,91.826,22.43,22.42,0.0224,1268,692
S2,5115,91.848,21.95,21.99,0.0220,1268,692
S2,5116,91.869,20.89,20.79,0.0209,1268,692
S2,5117,91.890,21.24,21.30,0.0212,1268,692
S2,5118,91.911,21.56,21.59,0.0216,1268,692
S2,5119,91.933,21.15,21.10,0.0211,1268,692
S2,5120,91.954,21.76,21.79,0.0218,516,692
S2,5121,91.976,22.08,22.02,0.0221,1268,692
S2,5122,91.999,22.23,22.27,0.0222,1268,692
S2,5123,92.021,22.45,22.42,0.0224,1268,692
S2,5124,92.044,22.37,22.39,0.0224,1268,692
S2,5125,92.065,21.82,21.79,0.0218,1268,692
S2,5126,92.087,21.77,21.81,0.0218,464,692
S2,5127,92.108,21.09,21.09,0.0211,1268,692
S2,5128,92.130,21.62,21.59,0.0216,1268,692
S2,5129,92.151,21.48,21.50,0.0215,1268,692
S2,5130,92.172,20.31,20.30,0.0203,516,692
S2,5131,92.192,20.62,20.60,0.0206,1268,692
S2,5132,92.214,21.38,21.40,0.0214,1268,692
S2,5133,92.235,21.31,21.29,0.0213,1268,691
S2,5134,92.256,21.20,21.21,0.0212,1268,691
S2,5135,92.277,20.71,20.69,0.0207,1268,691
S2,5136,92.298,20.86,20.90,0.0209,1268,691
S2,5137,92.319,20.98,20.92,0.0210,1268,691
S2,5138,92.340,21.04,21.08,0.0210,1268,690
S2,5139,92.362,21.93,21.71,0.0219,1268,690
S2,5140,92.383,21.08,21.28,0.0211,1320,690
S2,5141,92.404,21.16,21.19,0.0212,1268,690
S2,5142,92.425,20.94,20.92,0.0209,1268,690
S2,5143,92.446,21.60,21.60,0.0216,1268,690
S2,5144,92.468,21.50,21.50,0.0215,1268,690
S2,5145,92.490,21.79,21.79,0.0218,1268,690
S2,5146,92.510,20.44,20.41,0.0204,1268,690
S2,5147,92.531,20.55,20.58,0.0206,1268,690
S2,5148,92.552,21.50,21.49,0.0215,1268,690
S2,5149,92.573,21.21,21.20,0.0212,1268,689
S2,5150,92.595,21.41,21.41,0.0214,1320,689
S2,5151,92.615,20.52,20.50,0.0205,1268,689
S2,5152,92.636,20.90,20.89,0.0209,1268,689
S2,5153,92.657,21.07,21.10,0.0211,1268,689
S2,5154,92.679,21.41,21.40,0.0214,1268,689
S2,5155,92.699,20.31,20.28,0.0203,1268,689
S2,5156,92.720,20.68,20.70,0.0207,1268,689
S2,5157,92.741,21.02,21.00,0.0210,1268,689
S2,5158,92.762,21.30,21.29,0.0213,1268,689
S2,5159,92.783,21.01,21.01,0.0210,1268,689
S2,5160,92.804,20.89,20.89,0.0209,1320,689
S2,5161,92.825,20.99,20.98,0.0210,1268,689
S2,5162,92.846,20.90,20.91,0.0209,1268,689
S2,5163,92.867,21.36,21.38,0.0214,1268,687
S2,5164,92.888,21.12,21.11,0.0211,1268,687
S2,5165,92.909,21.21,21.19,0.0212,1268,687
S2,5166,92.931,21.59,21.60,0.0216,1268,687
S2,5167,92.954,22.96,22.92,0.0230,1268,687
S2,5168,92.978,23.78,23.79,0.0238,1268,687
S2,5169,92.999,20.86,20.88,0.0209,1268,686
S2,5170,93.019,20.74,20.71,0.0207,1320,686
S2,5171,93.040,20.58,20.60,0.0206,1268,686
S2,5172,93.061,20.89,20.90,0.0209,464,686
S2,5173,93.082,21.00,20.98,0.0210,1268,686
S2,5174,93.103,21.31,21.31,0.0213,1268,686
S2,5175,93.124,20.61,20.60,0.0206,1268,686
S2,5176,93.145,21.14,21.10,0.0211,1268,686
S2,5177,93.165,20.56,20.59,0.0206,1268,686
S2,5178,93.187,21.71,21.70,0.0217,1268,686
S2,5179,93.208,20.80,20.79,0.0208,464,686
S2,5180,93.229,20.69,20.70,0.0207,1320,684
S2,5181,93.249,20.49,20.50,0.0205,1268,684
S2,5182,93.270,20.71,20.69,0.0207,1268,684
S2,5183,93.290,20.41,20.40,0.0204,1268,684
S2,5184,93.311,20.66,20.69,0.0207,1268,684
S2,5185,93.331,19.64,19.62,0.0196,1268,684
S2,5186,93.351,19.97,19.98,0.0200,1268,684
S2,5187,93.371,20.42,20.40,0.0204,1268,684
S2,5188,93.392,20.91,20.90,0.0209,1268,684
S2,5189,93.413,21.09,21.10,0.0211,1268,684
S2,5190,93.433,20.41,20.40,0.0204,1320,684
S2,5191,93.455,21.20,21.20,0.0212,1268,684
S2,5192,93.475,20.61,20.60,0.0206,1268,684
S2,5193,93.496,20.68,20.69,0.0207,1268,684
S2,5194,93.516,19.99,19.99,0.0200,1268,684
S2,5195,93.536,20.39,20.40,0.0204,1268,684
S2,5196,93.557,20.30,20.30,0.0203,1268,684
S2,5197,93.577,20.05,20.02,0.0201,464,684
S2,5198,93.597,20.45,20.49,0.0205,1268,684
S2,5199,93.617,19.90,19.89,0.0199,1268,684
S2,5200,93.637,20.43,20.41,0.0204,1320,684
S2,5201,93.658,20.76,20.79,0.0208,1268,684
S2,5202,93.678,20.33,20.31,0.0203,1268,684
S2,5203,93.698,19.77,19.78,0.0198,1268,684
S2,5204,93.718,20.12,20.12,0.0201,1268,684
S2,5205,93.739,20.50,20.49,0.0205,1268,684
S2,5206,93.759,20.51,20.50,0.0205,1268,684
S2,5207,93.780,20.80,20.80,0.0208,1268,684
S2,5208,93.800,20.26,20.29,0.0203,1268,684
S2,5209,93.821,20.15,20.11,0.0201,1268,684
S2,5210,93.841,20.18,20.19,0.0202,1320,684
S2,5211,93.861,20.47,20.49,0.0205,1268,684
S2,5212,93.880,19.05,19.00,0.0190,1268,684
S2,5213,93.900,19.95,19.99,0.0200,1268,684
S2,5214,93.920,19.92,19.92,0.0199,1268,684
S2,5215,93.940,20.21,20.19,0.0202,1268,684
S2,5216,93.961,20.77,20.80,0.0208,1268,684
S2,5217,93.981,20.11,20.10,0.0201,1268,684
S2,5218,94.002,21.22,21.19,0.0212,1268,684
S2,5219,94.023,20.78,20.80,0.0208,1268,684
S2,5220,94.043,19.51,19.50,0.0195,1320,684
S2,5221,94.064,20.83,20.81,0.0208,1268,684
S2,5222,94.085,20.91,20.90,0.0209,1268,684
S2,5223,94.105,20.67,20.68,0.0207,1268,684
S2,5224,94.126,20.38,20.39,0.0204,1268,684
S2,5225,94.146,20.03,20.01,0.0200,1268,684
S2,5226,94.166,20.67,20.69,0.0207,1268,684
S2,5227,94.186,20.20,20.19,0.0202,1268,684
S2,5228,94.207,20.63,20.61,0.0206,1268,684
S2,5229,94.227,20.31,20.29,0.0203,464,684
S2,5230,94.247,20.13,20.11,0.0201,1320,684
S2,5231,94.268,20.90,20.88,0.0209,1268,684
S2,5232,94.289,20.88,20.91,0.0209,1268,684
S2,5233,94.310,21.11,21.09,0.0211,1268,684
S2,5234,94.331,20.94,20.98,0.0209,1268,683
S2,5235,94.352,20.94,20.91,0.0209,1268,683
S2,5236,94.373,20.49,20.29,0.0205,1268,683
S2,5237,94.393,19.92,20.10,0.0199,1268,683
S2,5238,94.412,19.60,19.60,0.0196,1268,682
S2,5239,94.433,20.32,20.29,0.0203,1268,682
S2,5240,94.453,20.34,20.38,0.0203,1320,682
S2,5241,94.471,18.51,18.50,0.0185,464,682
S2,5242,94.490,19.05,19.01,0.0190,1268,682
S2,5243,94.510,19.78,19.77,0.0198,1268,682
S2,5244,94.529,19.08,19.11,0.0191,1268,682
S2,5245,94.549,19.20,19.19,0.0192,1268,682
S2,5246,94.570,21.01,21.01,0.0210,1268,682
S2,5247,94.591,21.73,21.70,0.0217,1268,682
S2,5248,94.613,21.86,21.88,0.0219,1268,682
S2,5249,94.634,20.72,20.70,0.0207,1268,681
S2,5250,94.654,20.47,20.50,0.0205,1320,681
S2,5251,94.674,19.36,19.31,0.0194,1268,681
S2,5252,94.692,18.45,18.50,0.0185,1268,681
S2,5253,94.710,17.86,17.88,0.0179,1268,681
S2,5254,94.728,18.04,18.01,0.0180,1268,681
S2,5255,94.746,17.79,17.80,0.0178,1268,681
S2,5256,94.764,17.90,17.90,0.0179,1268,680
S2,5257,94.781,17.51,17.50,0.0175,1268,680
S2,5258,94.799,17.46,17.48,0.0175,1268,680
S2,5259,94.817,18.33,18.31,0.0183,1268,680
S2,5260,94.837,19.65,19.59,0.0197,1268,680
S2,5261,94.856,19.25,19.31,0.0192,1320,680
S2,5262,94.875,19.44,19.40,0.0194,1268,680
S2,5263,94.895,19.89,19.89,0.0199,1268,680
S2,5264,94.916,20.27,20.28,0.0203,1268,680
S2,5265,94.935,19.52,19.49,0.0195,1268,680
S2,5266,94.956,20.51,20.52,0.0205,1268,680
S2,5267,94.976,20.92,20.90,0.0209,1268,680
S2,5268,94.997,20.79,20.79,0.0208,1268,680
S2,5269,95.018,20.43,20.39,0.0204,1268,680
S2,5270,95.038,20.24,20.28,0.0202,1268,680
S2,5271,95.058,20.44,20.41,0.0204,1320,680
S2,5272,95.078,19.98,19.98,0.0200,1268,680
S2,5273,95.099,20.15,20.19,0.0202,1268,680
S2,5274,95.119,20.34,20.32,0.0203,1268,680
S2,5275,95.140,20.75,20.72,0.0208,1268,680
S2,5276,95.161,21.33,21.37,0.0213,1268,680
S2,5277,95.182,20.55,20.50,0.0206,1268,680
S2,5278,95.203,21.08,21.09,0.0211,1268,680
S2,5279,95.223,20.30,20.29,0.0203,1268,680
S2,5280,95.243,20.27,20.29,0.0203,1268,680
S2,5281,95.264,21.23,21.20,0.0212,1320,680
S2,5282,95.285,21.04,21.01,0.0210,1268,680
S2,5283,95.306,20.82,20.87,0.0208,1268,680
S2,5284,95.327,20.59,20.51,0.0206,1268,680
S2,5285,95.347,20.55,20.60,0.0206,1268,680
S2,5286,95.368,20.34,20.29,0.0203,1268,680
S2,5287,95.388,20.68,20.69,0.0207,1268,680
S2,5288,95.409,20.77,20.79,0.0208,1268,680
S2,5289,95.430,20.53,20.50,0.0205,1268,680
S2,5290,95.451,20.93,20.89,0.0209,1268,680
S2,5291,95.471,20.83,20.88,0.0208,1320,680
S2,5292,95.492,20.63,20.60,0.0206,1268,680
S2,5293,95.513,20.90,20.90,0.0209,1268,680
S2,5294,95.533,19.96,19.99,0.0200,1268,680
S2,5295,95.554,21.22,21.20,0.0212,1268,680
S2,5296,95.575,20.32,20.30,0.0203,1268,680
S2,5297,95.595,20.30,20.30,0.0203,1268,680
S2,5298,95.615,20.16,20.17,0.0202,1268,680
S2,5299,95.635,20.26,20.23,0.0203,1268,680
S2,5300,95.656,20.74,20.77,0.0207,1268,680
S2,5301,95.676,19.64,19.62,0.0196,516,680
S2,5302,95.696,20.57,20.58,0.0206,1268,679
S2,5303,95.717,20.39,20.40,0.0204,1268,679
S2,5304,95.737,20.21,20.19,0.0202,1268,679
S2,5305,95.757,20.61,20.60,0.0206,1268,679
S2,5306,95.778,20.71,20.70,0.0207,1268,679
S2,5307,95.798,20.06,20.10,0.0201,1268,679
S2,5308,95.818,19.65,19.60,0.0196,1268,679
S2,5309,95.838,20.08,20.10,0.0201,1268,679
S2,5310,95.858,19.77,19.78,0.0198,1268,679
S2,5311,95.877,19.33,19.31,0.0193,1320,679
S2,5312,95.895,18.25,18.29,0.0183,1268,679
S2,5313,95.916,20.96,20.91,0.0210,1268,679
S2,5314,95.940,23.53,23.51,0.0235,1268,679
S2,5315,95.961,21.13,21.18,0.0211,1268,679
S2,5316,95.980,18.90,18.90,0.0189,1268,679
S2,5317,95.998,18.01,18.00,0.0180,1268,679
S2,5318,96.016,17.79,17.79,0.0178,464,679
S2,5319,96.033,17.90,17.90,0.0179,1268,679
S2,5320,96.052,18.51,18.50,0.0185,464,679
S2,5321,96.071,18.61,18.60,0.0186,1268,679
S2,5322,96.090,18.99,18.99,0.0190,1320,679
S2,5323,96.108,18.28,18.29,0.0183,1268,679
S2,5324,96.126,18.13,18.11,0.0181,1268,679
S2,5325,96.144,18.51,18.50,0.0185,1268,679
S2,5326,96.163,18.60,18.59,0.0186,1268,679
S2,5327,96.183,19.89,19.91,0.0199,1268,679
S2,5328,96.204,21.01,21.00,0.0210,1268,679
S2,5329,96.224,19.60,19.59,0.0196,1268,678
S2,5330,96.243,19.61,19.60,0.0196,1268,678
S2,5331,96.263,19.58,19.60,0.0196,1268,678
S2,5332,96.281,18.66,18.60,0.0187,464,678
S2,5333,96.300,18.85,18.90,0.0188,1320,678
S2,5334,96.320,19.71,19.70,0.0197,1268,678
S2,5335,96.339,19.30,19.29,0.0193,1268,678
S2,5336,96.359,19.27,19.29,0.0193,1268,678
S2,5337,96.378,19.84,19.61,0.0198,1268,678
S2,5338,96.398,20.11,20.30,0.0201,1268,678
S2,5339,96.418,19.60,19.58,0.0196,1268,678
S2,5340,96.439,20.50,20.50,0.0205,1268,678
S2,5341,96.460,21.69,21.69,0.0217,1268,678
S2,5342,96.481,20.79,20.80,0.0208,1268,678
S2,5343,96.502,21.13,21.10,0.0211,1268,678
S2,5344,96.522,20.10,20.09,0.0201,1320,678
S2,5345,96.543,20.21,20.19,0.0202,1268,678
S2,5346,96.563,20.48,20.50,0.0205,1268,678
S2,5347,96.584,20.69,20.68,0.0207,1268,678
S2,5348,96.604,20.72,20.71,0.0207,1268,678
S2,5349,96.624,19.99,19.98,0.0200,1268,678
S2,5350,96.645,20.62,20.61,0.0206,1268,678
S2,5351,96.665,19.67,19.68,0.0197,1268,677
S2,5352,96.685,20.01,20.01,0.0200,1268,677
S2,5353,96.705,20.21,20.20,0.0202,1268,677
S2,5354,96.724,19.55,19.58,0.0195,1320,677
S2,5355,96.745,20.14,20.12,0.0201,1268,677
S2,5356,96.764,19.79,19.79,0.0198,1268,677
S2,5357,96.784,20.02,20.00,0.0200,1268,677
S2,5358,96.804,19.91,19.90,0.0199,1268,677
S2,5359,96.824,19.90,19.88,0.0199,1268,677
S2,5360,96.844,20.09,20.11,0.0201,1268,677
S2,5361,96.864,19.35,19.38,0.0194,464,677
S2,5362,96.883,19.50,19.49,0.0195,1268,677
S2,5363,96.903,19.38,19.39,0.0194,1268,677
S2,5364,96.922,19.07,19.03,0.0191,1268,677
S2,5365,96.941,19.77,19.80,0.0198,1320,677
S2,5366,96.961,20.15,20.18,0.0202,1268,677
S2,5367,96.981,19.62,19.60,0.0196,1268,677
S2,5368,97.002,20.64,20.62,0.0206,1268,677
S2,5369,97.021,19.70,19.72,0.0197,1268,677
S2,5370,97.042,20.37,20.36,0.0204,1268,677
S2,5371,97.062,20.57,20.52,0.0206,1268,677
S2,5372,97.083,20.76,20.79,0.0208,1268,677
S2,5373,97.104,20.49,20.49,0.0205,1268,676
S2,5374,97.123,19.71,19.70,0.0197,1268,676
S2,5375,97.143,19.90,19.90,0.0199,1320,676
S2,5376,97.164,20.34,20.31,0.0203,1268,676
S2,5377,97.184,19.97,19.98,0.0200,1268,676
S2,5378,97.204,20.36,20.39,0.0204,1268,676
S2,5379,97.224,19.84,19.82,0.0198,1268,676
S2,5380,97.244,20.60,20.58,0.0206,1268,676
S2,5381,97.264,19.97,20.00,0.0200,1268,676
S2,5382,97.284,20.02,20.00,0.0200,1268,676
S2,5383,97.304,19.81,19.79,0.0198,1268,676
S2,5384,97.324,19.58,19.59,0.0196,1268,676
S2,5385,97.344,20.64,20.61,0.0206,1320,676
S2,5386,97.364,19.95,19.98,0.0200,1268,676
S2,5387,97.385,20.16,20.12,0.0202,1268,676
S2,5388,97.405,20.56,20.58,0.0206,1268,676
S2,5389,97.424,19.22,19.21,0.0192,1268,676
S2,5390,97.444,19.67,19.69,0.0197,1268,676
S2,5391,97.464,20.16,20.17,0.0202,1268,676
S2,5392,97.484,19.95,19.92,0.0200,1268,676
S2,5393,97.504,19.97,19.99,0.0200,1268,676
S2,5394,97.524,19.91,19.90,0.0199,1268,676
S2,5395,97.545,20.71,20.70,0.0207,1320,676
S2,5396,97.564,19.78,19.80,0.0198,1268,676
S2,5397,97.584,19.71,19.69,0.0197,1268,676
S2,5398,97.604,19.90,19.90,0.0199,1268,676
S2,5399,97.623,19.20,19.21,0.0192,1268,676
S2,5400,97.643,19.63,19.60,0.0196,1268,676
S2,5401,97.663,20.16,20.19,0.0202,1268,676
S2,5402,97.683,20.42,20.40,0.0204,1268,676
S2,5403,97.704,20.06,20.08,0.0201,1268,676
S2,5404,97.723,19.76,19.72,0.0198,1268,676
S2,5405,97.744,20.79,20.80,0.0208,1268,676
S2,5406,97.764,19.68,19.70,0.0197,1320,676
S2,5407,97.783,19.72,19.69,0.0197,1268,676
S2,5408,97.803,19.87,19.90,0.0199,1268,676
S2,5409,97.823,20.01,19.99,0.0200,1268,676
S2,5410,97.843,19.41,19.41,0.0194,1268,676
S2,5411,97.861,18.28,18.30,0.0183,1268,676
S2,5412,97.880,18.62,18.60,0.0186,1268,676
S2,5413,97.898,18.38,18.37,0.0184,1268,676
S2,5414,97.916,17.72,17.71,0.0177,464,676
S2,5415,97.935,19.22,19.21,0.0192,1268,676
S2,5416,97.954,18.68,18.69,0.0187,1268,676
S2,5417,97.972,18.71,18.70,0.0187,1320,676
S2,5418,97.992,19.31,19.30,0.0193,1268,676
S2,5419,98.011,19.00,19.00,0.0190,1268,676
S2,5420,98.030,18.89,18.90,0.0189,1268,676
S2,5421,98.048,18.07,18.09,0.0181,1268,676
S2,5422,98.066,18.46,18.41,0.0185,1268,676
S2,5423,98.085,18.76,18.79,0.0188,1268,676
S2,5424,98.103,18.60,18.60,0.0186,1268,676
S2,5425,98.123,19.11,19.09,0.0191,1268,676
S2,5426,98.141,18.79,18.80,0.0188,1268,676
S2,5427,98.161,19.99,19.99,0.0200,1268,676
S2,5428,98.180,18.73,18.72,0.0187,1320,675
S2,5429,98.199,18.64,18.67,0.0186,1268,675
S2,5430,98.217,18.61,18.61,0.0186,1268,675
S2,5431,98.236,19.12,19.10,0.0191,1268,675
S2,5432,98.255,18.98,19.00,0.0190,1268,674
S2,5433,98.274,18.74,18.70,0.0187,1268,674
S2,5434,98.293,18.80,18.80,0.0188,1268,674
S2,5435,98.313,19.56,19.59,0.0196,1268,674
S2,5436,98.331,18.21,18.20,0.0182,464,674
S2,5437,98.349,18.19,18.19,0.0182,1268,674
S2,5438,98.371,21.62,21.61,0.0216,1268,674
S2,5439,98.390,19.31,19.10,0.0193,1320,674
S2,5440,98.408,18.26,18.49,0.0183,1268,674
S2,5441,98.427,18.62,18.61,0.0186,1268,674
S2,5442,98.446,18.90,18.89,0.0189,1268,674
S2,5443,98.466,20.41,20.39,0.0204,1268,674
S2,5444,98.485,18.72,18.71,0.0187,1268,673
S2,5445,98.503,18.48,18.50,0.0185,1268,673
S2,5446,98.522,18.61,18.60,0.0186,1268,673
S2,5447,98.541,18.78,18.80,0.0188,1268,672
S2,5448,98.559,18.78,18.78,0.0188,1268,672
S2,5449,98.578,18.62,18.59,0.0186,1268,672
S2,5450,98.597,19.38,19.42,0.0194,1320,671
S2,5451,98.616,19.02,19.00,0.0190,1268,671
S2,5452,98.636,19.23,19.20,0.0192,1268,671
S2,5453,98.655,19.76,19.80,0.0198,1268,671
S2,5454,98.675,19.30,19.30,0.0193,1268,671
S2,5455,98.693,18.52,18.50,0.0185,1268,671
S2,5456,98.712,18.57,18.60,0.0186,1268,671
S2,5457,98.731,18.84,18.81,0.0188,1268,671
S2,5458,98.750,19.28,19.29,0.0193,1268,671
S2,5459,98.770,19.90,19.89,0.0199,1268,671
S2,5460,98.789,19.30,19.31,0.0193,1268,671
S2,5461,98.808,18.90,18.90,0.0189,1320,670
S2,5462,98.827,19.02,19.01,0.0190,1268,670
S2,5463,98.846,18.67,18.69,0.0187,1268,670
S2,5464,98.866,20.51,20.49,0.0205,1268,670
S2,5465,98.885,19.10,19.11,0.0191,1268,670
S2,5466,98.904,18.98,18.99,0.0190,1268,670
S2,5467,98.924,19.72,19.70,0.0197,1268,670
S2,5468,98.943,19.05,19.02,0.0190,1268,670
S2,5469,98.962,19.24,19.28,0.0192,1268,670
S2,5470,98.981,19.14,19.10,0.0191,1268,670
S2,5471,99.001,19.68,19.70,0.0197,1268,670
S2,5472,99.021,19.50,19.51,0.0195,1320,670
S2,5473,99.041,19.84,19.80,0.0198,1268,670
S2,5474,99.060,19.96,19.99,0.0200,1268,670
S2,5475,99.080,19.80,19.79,0.0198,1268,670
S2,5476,99.101,20.53,20.51,0.0205,1268,670
S2,5477,99.122,21.69,21.70,0.0217,1268,669
S2,5478,99.144,21.51,21.50,0.0215,1268,669
S2,5479,99.166,22.02,22.00,0.0220,1268,669
S2,5480,99.188,21.99,21.99,0.0220,1268,668
S2,5481,99.209,21.38,21.39,0.0214,1268,668
S2,5482,99.231,21.54,21.51,0.0215,1320,668
S2,5483,99.252,21.29,21.30,0.0213,1268,668
S2,5484,99.273,21.28,21.28,0.0213,1268,668
S2,5485,99.295,21.34,21.31,0.0213,1268,668
S2,5486,99.316,21.58,21.59,0.0216,1268,668
S2,5487,99.338,21.31,21.29,0.0213,1268,668
S2,5488,99.360,22.52,22.50,0.0225,1268,667
S2,5489,99.382,21.37,21.39,0.0214,1268,667
S2,5490,99.403,21.70,21.69,0.0217,1268,667
S2,5491,99.425,22.02,21.99,0.0220,1268,667
S2,5492,99.448,22.67,22.69,0.0227,1320,667
S2,5493,99.470,21.88,21.89,0.0219,1268,667
S2,5494,99.492,21.84,21.81,0.0218,1268,666
S2,5495,99.514,22.23,22.28,0.0222,1268,666
S2,5496,99.536,21.98,21.92,0.0220,1268,666
S2,5497,99.558,21.69,21.68,0.0217,1268,666
S2,5498,99.579,20.98,21.00,0.0210,1268,666
S2,5499,99.600,21.70,21.69,0.0217,1268,666
S2,5500,99.623,22.58,22.58,0.0226,1268,666
S2,5501,99.646,22.70,22.71,0.0227,1268,666
S2,5502,99.668,22.01,21.99,0.0220,1320,666
S2,5503,99.691,23.10,23.10,0.0231,1268,666
S2,5504,99.713,22.71,22.72,0.0227,1268,666
S2,5505,99.735,22.03,21.98,0.0220,1268,666
S2,5506,99.758,22.40,22.39,0.0224,1268,666
S2,5507,99.780,22.04,22.08,0.0220,1268,666
S2,5508,99.802,21.75,21.71,0.0217,1268,666
S2,5509,99.823,21.90,21.89,0.0219,1268,666
S2,5510,99.845,21.88,21.91,0.0219,1268,666
S2,5511,99.867,21.47,21.48,0.0215,1268,666
S2,5512,99.888,21.23,21.21,0.0212,1320,666
S2,5513,99.910,21.98,21.99,0.0220,1268,666
S2,5514,99.932,21.50,21.50,0.0215,1268,666
S2,5515,99.954,22.40,22.39,0.0224,1268,665
S2,5516,99.975,21.10,21.12,0.0211,1268,665
S2,5517,99.998,22.58,22.58,0.0226,1268,664
S2,5518,100.020,22.44,22.42,0.0224,1268,664
S2,5519,100.042,21.88,21.90,0.0219,1268,664
S2,5520,100.065,23.14,23.10,0.0231,1268,664
S2,5521,100.088,23.08,23.10,0.0231,1268,664
S2,5522,100.110,21.76,21.78,0.0218,1320,664
S2,5523,100.132,22.24,22.21,0.0222,1268,664
S2,5524,100.155,22.52,22.51,0.0225,1268,664
S2,5525,100.177,22.41,22.39,0.0224,1268,664
S2,5526,100.199,21.53,21.57,0.0215,1268,664
S2,5527,100.221,22.64,22.62,0.0226,1268,664
S2,5528,100.244,22.31,22.29,0.0223,1268,664
S2,5529,100.265,21.65,21.69,0.0217,1268,664
S2,5530,100.288,22.64,22.61,0.0226,1268,664
S2,5531,100.310,21.98,21.99,0.0220,1268,664
S2,5532,100.332,22.19,22.20,0.0222,1320,664
S2,5533,100.354,22.39,22.38,0.0224,1268,664
S2,5534,100.377,22.12,22.11,0.0221,1268,664
S2,5535,100.399,22.70,22.49,0.0227,1268,664
S2,5536,100.422,22.59,22.81,0.0226,1268,664
S2,5537,100.445,23.03,23.01,0.0230,1268,664
S2,5538,100.467,21.78,21.79,0.0218,1268,664
S2,5539,100.489,22.59,22.58,0.0226,1268,664
S2,5540,100.512,22.58,22.60,0.0226,1268,664
S2,5541,100.534,21.86,21.82,0.0219,1320,664
S2,5542,100.557,23.30,23.29,0.0233,1268,664
S2,5543,100.580,22.77,22.79,0.0228,1268,664
S2,5544,100.603,22.71,22.72,0.0227,1268,664
S2,5545,100.625,22.21,22.18,0.0222,1268,664
S2,5546,100.647,22.68,22.71,0.0227,1268,664
S2,5547,100.670,22.31,22.30,0.0223,1268,664
S2,5548,100.691,21.72,21.68,0.0217,1268,664
S2,5549,100.714,22.56,22.60,0.0226,1268,664
S2,5550,100.736,21.82,21.80,0.0218,1320,664
S2,5551,100.758,21.80,21.79,0.0218,1268,664
S2,5552,100.779,21.69,21.69,0.0217,1268,664
S2,5553,100.801,21.71,21.71,0.0217,1268,664
S2,5554,100.822,21.31,21.29,0.0213,1268,664
S2,5555,100.844,21.58,21.60,0.0216,1268,664
S2,5556,100.865,21.38,21.41,0.0214,1268,664
S2,5557,100.887,21.34,21.31,0.0213,650,663
S2,5558,100.907,20.56,20.56,0.0206,1268,663
S2,5559,100.929,22.16,22.12,0.0222,1268,663
S2,5560,100.951,21.88,21.89,0.0219,1320,663
S2,5561,100.974,22.27,22.30,0.0223,1268,663
S2,5562,100.996,22.00,21.99,0.0220,1268,663
S2,5563,101.018,22.06,22.00,0.0221,1268,663
S2,5564,101.040,22.26,22.30,0.0223,1268,663
S2,5565,101.062,22.06,22.08,0.0221,1268,663
S2,5566,101.084,21.99,21.93,0.0220,1268,663
S2,5567,101.106,22.14,22.17,0.0221,1268,663
S2,5568,101.129,22.91,22.90,0.0229,1268,663
S2,5569,101.152,23.01,22.99,0.0230,1268,663
S2,5570,101.174,21.98,22.01,0.0220,1320,663
S2,5571,101.197,23.52,23.53,0.0235,1268,662
S2,5572,101.221,23.19,23.17,0.0232,1268,662
S2,5573,101.244,23.40,23.39,0.0234,1268,662
S2,5574,101.268,23.48,23.50,0.0235,1268,662
S2,5575,101.291,23.55,23.51,0.0235,1268,662
S2,5576,101.314,23.15,23.19,0.0232,1268,662
S2,5577,101.337,23.22,23.20,0.0232,1268,662
S2,5578,101.361,23.45,23.40,0.0234,1268,662
S2,5579,101.383,22.54,22.59,0.0225,1320,662
S2,5580,101.406,22.78,22.79,0.0228,1268,662
S2,5581,101.429,22.72,22.71,0.0227,1268,662
S2,5582,101.452,22.71,22.70,0.0227,1268,661
S2,5583,101.474,22.59,22.59,0.0226,1268,661
S2,5584,101.497,23.26,23.24,0.0233,1268,660
S2,5585,101.521,23.34,23.35,0.0233,1268,660
S2,5586,101.543,22.52,22.50,0.0225,1268,660
S2,5587,101.566,22.39,22.40,0.0224,1268,660
S2,5588,101.588,21.79,21.80,0.0218,1320,660
S2,5589,101.610,21.93,21.91,0.0219,1268,660
S2,5590,101.632,22.50,22.49,0.0225,1268,660
S2,5591,101.654,22.15,22.18,0.0221,1268,660
S2,5592,101.677,22.42,22.41,0.0224,1268,660
S2,5593,101.699,22.60,22.60,0.0226,1268,660
S2,5594,101.722,22.92,22.90,0.0229,1268,660
S2,5595,101.746,24.00,23.99,0.0240,1268,660
S2,5596,101.769,22.72,22.69,0.0227,1268,660
S2,5597,101.792,23.07,23.11,0.0231,1320,659
S2,5598,101.815,23.29,23.29,0.0233,1268,659
S2,5599,101.838,23.34,23.31,0.0233,1268,659
S2,5600,101.861,22.95,22.98,0.0230,1268,659
S2,5601,101.884,22.23,22.20,0.0222,1268,659
S2,5602,101.905,21.81,21.82,0.0218,1268,659
S2,5603,101.928,22.48,22.50,0.0225,1268,659
S2,5604,101.951,22.88,22.89,0.0229,1268,659
S2,5605,101.973,22.12,22.09,0.0221,1268,659
S2,5606,101.996,22.79,22.80,0.0228,1320,659
S2,5607,102.018,22.58,22.59,0.0226,1268,659
S2,5608,102.042,23.54,23.51,0.0235,1268,659
S2,5609,102.065,23.41,23.40,0.0234,1268,659
S2,5610,102.089,23.37,23.39,0.0234,1268,659
S2,5611,102.112,23.82,23.81,0.0238,1268,658
S2,5612,102.136,23.19,23.20,0.0232,1268,658
S2,5613,102.157,21.66,21.68,0.0217,1268,658
S2,5614,102.180,22.25,22.21,0.0223,1268,657
S2,5615,102.201,21.83,21.88,0.0218,1320,657
S2,5616,102.222,20.84,20.82,0.0208,1268,657
S2,5617,102.243,20.79,20.79,0.0208,1268,657
S2,5618,102.263,19.58,19.59,0.0196,464,657
S2,5619,102.283,20.23,20.21,0.0202,1268,657
S2,5620,102.304,20.78,20.79,0.0208,1268,657
S2,5621,102.325,21.40,21.40,0.0214,1268,657
S2,5622,102.346,20.52,20.50,0.0205,1268,657
S2,5623,102.367,21.40,21.40,0.0214,1268,657
S2,5624,102.389,21.95,21.92,0.0220,1268,657
S2,5625,102.411,22.36,22.18,0.0224,1320,657
S2,5626,102.434,22.39,22.59,0.0224,1268,657
S2,5627,102.456,22.28,22.29,0.0223,1268,657
S2,5628,102.478,22.31,22.30,0.0223,1268,657
S2,5629,102.500,22.01,22.00,0.0220,1268,657
S2,5630,102.522,21.74,21.71,0.0217,1268,657
S2,5631,102.544,21.66,21.68,0.0217,1268,657
S2,5632,102.565,21.10,21.10,0.0211,1268,657
S2,5633,102.586,21.61,21.60,0.0216,1268,657
S2,5634,102.607,20.89,20.89,0.0209,1268,656
S2,5635,102.629,21.71,21.70,0.0217,1320,656
S2,5636,102.650,21.07,21.09,0.0211,1268,656
S2,5637,102.671,21.33,21.31,0.0213,650,656
S2,5638,102.693,21.60,21.59,0.0216,1268,656
S2,5639,102.714,21.08,21.10,0.0211,1268,655
S2,5640,102.736,21.53,21.51,0.0215,1268,654
S2,5641,102.757,21.07,21.08,0.0211,1268,654
S2,5642,102.777,20.91,20.91,0.0209,1268,653
S2,5643,102.799,21.39,21.39,0.0214,1268,652
S2,5644,102.820,20.93,20.91,0.0209,1268,652
S2,5645,102.841,21.27,21.28,0.0213,1320,652
S2,5646,102.861,20.39,20.39,0.0204,1268,652
S2,5647,102.882,20.27,20.22,0.0203,1268,652
S2,5648,102.903,21.06,21.09,0.0211,1268,652
S2,5649,102.926,23.51,23.50,0.0235,1268,652
S2,5650,102.949,23.09,23.11,0.0231,1268,652
S2,5651,102.972,22.80,22.79,0.0228,650,651
S2,5652,102.996,23.31,23.31,0.0233,1268,651
S2,5653,103.018,22.61,22.59,0.0226,1268,651
S2,5654,103.040,21.98,22.00,0.0220,1268,651
S2,5655,103.063,23.07,23.09,0.0231,1320,651
S2,5656,103.086,22.92,22.90,0.0229,1268,651
S2,5657,103.109,23.02,23.01,0.0230,1268,651
S2,5658,103.132,22.61,22.61,0.0226,1268,651
S2,5659,103.156,23.90,23.89,0.0239,1268,651
S2,5660,103.178,22.79,22.80,0.0228,1268,650
S2,5661,103.200,21.38,21.39,0.0214,1268,650
S2,5662,103.222,22.01,21.99,0.0220,1268,650
S2,5663,103.243,21.00,21.01,0.0210,1268,650
S2,5664,103.264,21.28,21.30,0.0213,1320,649
S2,5665,103.286,21.84,21.80,0.0218,1268,649
S2,5666,103.307,20.95,20.99,0.0210,1268,647
S2,5667,103.329,21.80,21.78,0.0218,1268,647
S2,5668,103.350,21.02,21.02,0.0210,1268,647
S2,5669,103.371,21.40,21.40,0.0214,1268,646
S2,5670,103.392,21.21,21.20,0.0212,1268,646
S2,5671,103.413,20.38,20.39,0.0204,1268,646
S2,5672,103.433,20.32,20.32,0.0203,1268,645
S2,5673,103.453,20.30,20.30,0.0203,1268,645
S2,5674,103.474,20.40,20.40,0.0204,1320,644
S2,5675,103.494,20.51,20.51,0.0205,1268,644
S2,5676,103.515,21.08,21.09,0.0211,1268,644
S2,5677,103.536,20.81,20.80,0.0208,1268,644
S2,5678,103.557,21.16,21.19,0.0212,1268,643
S2,5679,103.579,21.51,21.50,0.0215,1268,643
S2,5680,103.599,20.73,20.70,0.0207,1268,643
S2,5681,103.620,20.89,20.90,0.0209,1268,643
S2,5682,103.642,21.19,21.20,0.0212,1268,642
S2,5683,103.662,20.62,20.59,0.0206,1268,642
S2,5684,103.683,20.89,20.91,0.0209,1320,641
S2,5685,103.704,20.79,20.79,0.0208,1268,641
S2,5686,103.725,20.81,20.80,0.0208,1268,641
S2,5687,103.745,20.48,20.49,0.0205,1268,641
S2,5688,103.766,20.42,20.41,0.0204,1268,641
S2,5689,103.787,20.93,20.90,0.0209,1268,640
S2,5690,103.808,21.35,21.40,0.0214,1268,640
S2,5691,103.829,21.12,21.10,0.0211,1268,640
S2,5692,103.850,21.18,21.19,0.0212,1268,640
S2,5693,103.872,21.43,21.42,0.0214,1268,640
S2,5694,103.893,21.29,21.29,0.0213,1320,640
S2,5695,103.914,21.01,21.00,0.0210,1268,640
S2,5696,103.935,20.89,20.89,0.0209,1268,640
S2,5697,103.956,21.39,21.40,0.0214,1268,640
S2,5698,103.978,21.41,21.40,0.0214,1268,639
S2,5699,103.999,21.00,21.00,0.0210,1268,639
S2,5700,104.020,20.98,20.99,0.0210,1268,638
S2,5701,104.041,21.04,21.02,0.0210,1268,638
S2,5702,104.061,20.77,20.79,0.0208,1268,636
S2,5703,104.083,21.41,21.39,0.0214,1268,636
S2,5704,104.104,21.21,21.22,0.0212,1320,636
S2,5705,104.125,21.19,21.20,0.0212,1268,636
S2,5706,104.146,20.60,20.60,0.0206,1268,636
S2,5707,104.167,21.01,21.00,0.0210,1268,636
S2,5708,104.188,21.51,21.51,0.0215,1268,634
S2,5709,104.210,21.25,21.27,0.0213,1268,633
S2,5710,104.230,20.92,20.90,0.0209,1268,633
S2,5711,104.252,21.20,21.21,0.0212,1268,632
S2,5712,104.274,21.83,21.80,0.0218,1268,631
S2,5713,104.295,21.81,21.80,0.0218,1268,631
S2,5714,104.317,21.17,21.20,0.0212,1320,630
S2,5715,104.337,21.02,20.99,0.0210,1268,630
S2,5716,104.358,20.80,20.80,0.0208,1268,630
S2,5717,104.380,21.89,21.91,0.0219,1268,630
S2,5718,104.402,21.67,21.67,0.0217,1268,629
S2,5719,104.424,22.12,21.92,0.0221,1268,629
S2,5720,104.446,21.61,21.79,0.0216,1268,628
S2,5721,104.468,22.30,22.31,0.0223,650,628
S2,5722,104.490,21.92,21.89,0.0219,1268,628
S2,5723,104.511,21.37,21.39,0.0214,1268,628
S2,5724,104.533,21.90,21.90,0.0219,1320,627
S2,5725,104.555,21.89,21.89,0.0219,1268,627
S2,5726,104.578,22.61,22.60,0.0226,1268,626
S2,5727,104.599,21.89,21.90,0.0219,1268,625
S2,5728,104.621,21.41,21.39,0.0214,1268,624
S2,5729,104.642,21.40,21.41,0.0214,1268,624
S2,5730,104.664,21.50,21.50,0.0215,1268,623
S2,5731,104.686,22.12,22.10,0.0221,1268,623
S2,5732,104.709,22.97,23.00,0.0230,1268,622
S2,5733,104.731,22.33,22.31,0.0223,1268,622
S2,5734,104.753,21.68,21.68,0.0217,702,622
S2,5735,104.775,21.80,21.81,0.0218,1268,622
S2,5736,104.796,21.49,21.49,0.0215,1268,622
S2,5737,104.818,22.11,22.10,0.0221,1268,620
S2,5738,104.840,22.20,22.20,0.0222,650,619
S2,5739,104.862,21.39,21.39,0.0214,1268,618
S2,5740,104.884,21.73,21.71,0.0217,1268,618
S2,5741,104.905,21.06,21.09,0.0211,1268,618
S2,5742,104.926,21.34,21.30,0.0213,1268,618
S2,5743,104.947,21.46,21.48,0.0215,1268,618
S2,5744,104.969,21.83,21.82,0.0218,1320,618
S2,5745,104.991,22.11,22.09,0.0221,1268,618
S2,5746,105.015,23.87,23.89,0.0239,1268,618
S2,5747,105.038,22.82,22.81,0.0228,1268,617
S2,5748,105.062,24.29,24.29,0.0243,650,616
S2,5749,105.087,24.42,24.40,0.0244,1268,615
S2,5750,105.110,23.28,23.30,0.0233,1268,615
S2,5751,105.134,24.01,23.99,0.0240,1268,615
S2,5752,105.158,23.70,23.70,0.0237,1268,615
S2,5753,105.182,24.42,24.42,0.0244,1320,612
S2,5754,105.205,22.56,22.59,0.0226,1268,611
S2,5755,105.227,21.91,21.89,0.0219,1268,611
S2,5756,105.249,21.98,21.99,0.0220,1268,610
S2,5757,105.271,22.42,22.42,0.0224,1268,608
S2,5758,105.293,22.33,22.30,0.0223,1268,607
S2,5759,105.316,22.94,22.97,0.0229,1268,607
S2,5760,105.339,22.44,22.42,0.0224,1268,605
S2,5761,105.362,23.29,23.29,0.0233,1268,603
S2,5762,105.386,23.40,23.40,0.0234,1320,602
S2,5763,105.408,22.87,22.88,0.0229,1268,602
S2,5764,105.431,23.12,23.10,0.0231,1268,601
S2,5765,105.454,22.01,22.01,0.0220,1268,599
S2,5766,105.477,23.09,23.10,0.0231,1268,599
S2,5767,105.498,21.50,21.49,0.0215,1268,599
S2,5768,105.520,21.99,21.99,0.0220,1268,599
S2,5769,105.543,22.61,22.61,0.0226,1268,598
S2,5770,105.566,23.29,23.28,0.0233,1268,598
S2,5771,105.589,23.20,23.21,0.0232,1320,598
S2,5772,105.613,24.20,24.20,0.0242,1268,598
S2,5773,105.638,24.12,24.09,0.0241,1268,597
S2,5774,105.662,24.28,24.31,0.0243,1268,597
S2,5775,105.686,24.19,24.20,0.0242,1268,597
S2,5776,105.710,24.11,24.09,0.0241,1268,597
S2,5777,105.734,23.81,23.82,0.0238,1268,596
S2,5778,105.757,22.88,22.88,0.0229,1268,595
S2,5779,105.780,23.31,23.30,0.0233,1268,595
S2,5780,105.803,22.99,23.00,0.0230,1320,595
S2,5781,105.826,22.99,23.00,0.0230,1268,595
S2,5782,105.849,23.12,23.11,0.0231,1268,595
S2,5783,105.873,24.20,24.20,0.0242,1268,594
S2,5784,105.898,24.69,24.70,0.0247,1268,594
S2,5785,105.922,23.50,23.49,0.0235,1268,594
S2,5786,105.946,24.21,24.21,0.0242,1268,593
S2,5787,105.970,24.68,24.69,0.0247,1268,590
S2,5788,105.995,24.60,24.59,0.0246,1268,589
S2,5789,106.019,24.10,24.12,0.0241,1320,588
S2,5790,106.042,23.24,23.20,0.0232,1268,588
S2,5791,106.066,23.36,23.39,0.0234,1268,586
S2,5792,106.089,22.81,22.81,0.0228,1268,586
S2,5793,106.111,22.56,22.57,0.0226,1268,586
S2,5794,106.134,22.54,22.52,0.0225,1268,586
S2,5795,106.157,22.88,22.90,0.0229,1268,586
S2,5796,106.180,23.10,23.09,0.0231,1268,586
S2,5797,106.204,24.11,24.09,0.0241,1268,586
S2,5798,106.228,24.32,24.32,0.0243,1320,585
S2,5799,106.253,24.56,24.58,0.0246,1268,583
S2,5800,106.277,24.61,24.59,0.0246,1268,583
S2,5801,106.307,29.80,29.82,0.0298,1268,583
S2,5802,106.331,24.21,24.19,0.0242,1268,582
S2,5803,106.354,22.38,22.41,0.0224,1268,580
S2,5804,106.376,22.52,22.50,0.0225,1268,580
S2,5805,106.398,22.30,22.30,0.0223,1268,579
S2,5806,106.421,22.30,22.29,0.0223,1268,579
S2,5807,106.443,22.71,22.51,0.0227,1320,579
S2,5808,106.467,23.40,23.60,0.0234,1268,579
S2,5809,106.494,26.89,26.90,0.0269,1268,579
S2,5810,106.518,23.90,23.89,0.0239,1268,579
S2,5811,106.543,24.91,24.91,0.0249,1268,578
S2,5812,106.567,24.48,24.49,0.0245,1268,576
S2,5813,106.592,24.74,24.69,0.0247,1268,575
S2,5814,106.615,23.55,23.60,0.0236,1268,575
S2,5815,106.639,23.32,23.31,0.0233,1268,574
S2,5816,106.662,23.61,23.61,0.0236,1320,574
S2,5817,106.686,23.20,23.19,0.0232,1268,574
S2,5818,106.708,22.26,22.29,0.0223,1268,574
S2,5819,106.731,23.54,23.51,0.0235,1268,574
S2,5820,106.755,24.10,24.11,0.0241,1268,574
S2,5821,106.780,24.30,24.30,0.0243,1268,574
S2,5822,106.804,24.79,24.79,0.0248,1268,574
S2,5823,106.829,24.71,24.71,0.0247,1268,573
S2,5824,106.854,24.99,25.00,0.0250,1268,571
S2,5825,106.878,23.90,23.89,0.0239,702,570
S2,5826,106.903,24.48,24.50,0.0245,1268,570
S2,5827,106.927,24.12,24.09,0.0241,1268,570
S2,5828,106.950,22.89,22.90,0.0229,1268,569
S2,5829,106.973,23.81,23.81,0.0238,1268,568
S2,5830,106.996,22.54,22.51,0.0225,1268,568
S2,5831,107.019,22.58,22.58,0.0226,1268,567
S2,5832,107.042,23.38,23.40,0.0234,1268,567
S2,5833,107.066,23.83,23.81,0.0238,1268,567
S2,5834,107.091,25.42,25.40,0.0254,1320,567
S2,5835,107.118,26.69,26.69,0.0267,1268,567
S2,5836,107.145,26.73,26.69,0.0267,650,567
S2,5837,107.170,25.69,25.69,0.0257,650,567
S2,5838,107.194,23.97,24.00,0.0240,1268,567
S2,5839,107.219,24.51,24.49,0.0245,1268,565
S2,5840,107.243,24.53,24.50,0.0245,1268,564
S2,5841,107.268,24.38,24.40,0.0244,1268,563
S2,5842,107.291,23.39,23.38,0.0234,1320,562
S2,5843,107.315,23.78,23.80,0.0238,1268,561
S2,5844,107.339,24.02,24.00,0.0240,1268,561
S2,5845,107.364,25.51,25.49,0.0255,1268,561
S2,5846,107.389,24.79,24.80,0.0248,1268,561
S2,5847,107.414,24.77,24.79,0.0248,1268,560
S2,5848,107.440,26.25,26.21,0.0262,1268,560
S2,5849,107.464,24.08,24.07,0.0241,1268,560
S2,5850,107.489,24.29,24.31,0.0243,1268,559
S2,5851,107.513,24.34,24.31,0.0243,1320,557
S2,5852,107.537,24.00,23.99,0.0240,1268,556
S2,5853,107.561,23.87,23.88,0.0239,650,556
S2,5854,107.584,23.43,23.40,0.0234,1268,556
S2,5855,107.614,30.20,30.21,0.0302,1268,556
S2,5856,107.646,31.69,31.69,0.0317,5396,556
S2,5857,107.671,25.31,25.30,0.0253,1268,556
S2,5858,107.697,25.91,25.90,0.0259,1268,555
S2,5859,107.721,23.94,23.96,0.0239,1320,555
S2,5860,107.748,27.03,27.02,0.0270,1268,554
S2,5861,107.779,31.19,31.21,0.0312,1268,554
S2,5862,107.805,25.34,25.30,0.0253,650,553
S2,5863,107.829,24.16,24.19,0.0242,1268,552
S2,5864,107.854,25.29,25.29,0.0253,1268,551
S2,5865,107.878,24.05,24.01,0.0241,1268,551
S2,5866,107.902,24.00,24.01,0.0240,1268,551
S2,5867,107.927,24.59,24.58,0.0246,1320,551
S2,5868,107.955,27.77,27.79,0.0278,1268,550
S2,5869,107.979,24.68,24.70,0.0247,1268,549
S2,5870,108.004,24.27,24.29,0.0243,1268,549
S2,5871,108.028,24.25,24.20,0.0243,1268,549
S2,5872,108.052,24.54,24.50,0.0245,1268,547
S2,5873,108.076,23.37,23.41,0.0234,1268,546
S2,5874,108.105,29.70,29.69,0.0297,1268,546
S2,5875,108.130,24.56,24.59,0.0246,1320,545
S2,5876,108.152,22.10,22.10,0.0221,1268,543
S2,5877,108.174,21.74,21.70,0.0217,650,543
S2,5878,108.196,22.06,22.10,0.0221,1268,542
S2,5879,108.222,25.69,25.69,0.0257,1268,542
S2,5880,108.249,27.21,27.19,0.0272,1268,541
S2,5881,108.273,24.00,24.00,0.0240,1268,539
S2,5882,108.297,24.42,24.43,0.0244,1268,539
S2,5883,108.322,24.42,24.38,0.0244,1268,538
S2,5884,108.346,24.30,24.30,0.0243,702,537
S2,5885,108.377,30.49,30.49,0.0305,650,536
S2,5886,108.402,25.47,25.49,0.0255,1268,536
S2,5887,108.428,25.64,25.60,0.0256,1268,535
S2,5888,108.453,24.92,24.68,0.0249,1268,534
S2,5889,108.476,23.56,23.81,0.0236,1268,532
S2,5890,108.500,24.29,24.29,0.0243,1268,530
S2,5891,108.531,30.51,30.49,0.0305,1268,529
S2,5892,108.557,25.69,25.70,0.0257,1320,529
S2,5893,108.582,25.40,25.41,0.0254,1268,527
S2,5894,108.606,24.19,24.19,0.0242,1268,527
S2,5895,108.630,24.26,24.21,0.0243,1268,525
S2,5896,108.658,27.78,27.79,0.0278,1268,523
S2,5897,108.690,31.68,31.68,0.0317,1268,522
S2,5898,108.715,25.52,25.52,0.0255,1268,520
S2,5899,108.740,24.78,24.77,0.0248,650,519
S2,5900,108.765,24.58,24.60,0.0246,1320,518
S2,5901,108.789,23.81,23.80,0.0238,650,518
S2,5902,108.813,24.35,24.31,0.0243,1268,517
S2,5903,108.840,26.78,26.79,0.0268,1268,516
S2,5904,108.869,29.72,29.70,0.0297,1268,516
S2,5905,108.894,24.68,24.69,0.0247,1268,516
S2,5906,108.919,24.50,24.49,0.0245,1268,514
S2,5907,108.943,24.57,24.50,0.0246,1268,513
S2,5908,108.968,24.34,24.39,0.0243,702,510
S2,5909,108.993,25.18,25.19,0.0252,1268,508
S2,5910,109.020,27.33,27.30,0.0273,1268,507
S2,5911,109.052,31.65,31.68,0.0317,1268,503
S2,5912,109.077,24.76,24.71,0.0248,5396,502
S2,5913,109.101,24.67,24.69,0.0247,1268,498
S2,5914,109.126,24.96,24.99,0.0250,1268,498
S2,5915,109.152,25.49,25.42,0.0255,1268,497
S2,5916,109.176,24.36,24.39,0.0244,1320,495
S2,5917,109.201,24.78,24.80,0.0248,1268,495
S2,5918,109.228,27.33,27.30,0.0273,1268,492
S2,5919,109.259,31.16,31.19,0.0312,1268,491
S2,5920,109.283,23.73,23.70,0.0237,1268,487
S2,5921,109.308,24.65,24.68,0.0246,1268,486
S2,5922,109.333,24.92,24.91,0.0249,17716,482
S2,5923,109.358,25.00,25.00,0.0250,1268,480
S2,5924,109.381,23.94,23.91,0.0239,1320,480
S2,5925,109.406,24.76,24.79,0.0248,1268,479
S2,5926,109.431,25.03,24.99,0.0250,1268,477
S2,5927,109.455,24.10,24.10,0.0241,1268,475
S2,5928,109.479,23.40,23.40,0.0234,1268,475
S2,5929,109.505,26.31,26.29,0.0263,1268,475
S2,5930,109.531,26.19,26.21,0.0262,1268,474
S2,5931,109.561,29.99,29.99,0.0300,1268,469
S2,5932,109.591,29.41,29.40,0.0294,1320,464
S2,5933,109.620,29.27,29.28,0.0293,650,463
S2,5934,109.649,29.31,29.30,0.0293,1268,459
S2,5935,109.679,29.73,29.70,0.0297,1268,458
S2,5936,109.708,28.97,29.00,0.0290,650,455
S2,5937,109.738,30.21,30.20,0.0302,1268,451
S2,5938,109.767,29.37,29.38,0.0294,1268,450
S2,5939,109.797,29.52,29.51,0.0295,1320,448
S2,5940,109.826,29.31,29.31,0.0293,1268,446
S2,5941,109.855,29.10,29.09,0.0291,1268,445
S2,5942,109.884,28.68,28.70,0.0287,1268,441
S2,5943,109.908,23.93,23.90,0.0239,9492,437
S2,5944,109.931,23.32,23.30,0.0233,1268,434
S2,5945,109.954,22.46,22.50,0.0225,1268,433
S2,5946,109.976,22.15,22.09,0.0221,1268,429
S2,5947,109.999,23.08,23.11,0.0231,1320,428
S2,5948,110.022,23.19,23.20,0.0232,1268,427
S2,5949,110.045,22.70,22.69,0.0227,1268,427
S2,5950,110.068,22.68,22.69,0.0227,2104,426
S2,5951,110.091,22.91,22.90,0.0229,1268,425
S2,5952,110.113,22.19,22.19,0.0222,1268,425
S2,5953,110.136,22.99,23.00,0.0230,650,422
S2,5954,110.158,22.40,22.40,0.0224,2322,418
S2,5955,110.180,22.23,22.20,0.0222,2976,412
S2,5956,110.202,21.96,22.00,0.0220,1320,411
S2,5957,110.224,21.81,21.81,0.0218,1268,411
S2,5958,110.246,21.99,21.99,0.0220,2104,409
S2,5959,110.268,22.01,22.01,0.0220,1268,407
S2,5960,110.290,22.19,22.19,0.0222,1268,404
S2,5961,110.313,22.42,22.40,0.0224,2104,401
S2,5962,110.334,21.09,21.10,0.0211,2540,398
S2,5963,110.354,20.20,20.20,0.0202,2104,397
S2,5964,110.374,20.12,20.09,0.0201,2104,395
S2,5965,110.394,19.68,19.70,0.0197,1268,393
S2,5966,110.414,20.09,20.09,0.0201,2374,389
S2,5967,110.434,20.10,20.08,0.0201,2104,388
S2,5968,110.453,19.62,19.42,0.0196,1268,386
S2,5969,110.473,19.49,19.69,0.0195,1304,382
S2,5970,110.493,20.14,20.11,0.0201,2322,379
S2,5971,110.514,20.37,20.40,0.0204,1268,377
S2,5972,110.534,20.10,20.10,0.0201,1268,375
S2,5973,110.554,20.21,20.20,0.0202,2322,369
S2,5974,110.574,19.89,19.90,0.0199,2322,363
S2,5975,110.594,20.11,20.10,0.0201,2104,360
S2,5976,110.613,19.60,19.59,0.0196,702,358
S2,5977,110.633,19.98,19.99,0.0200,2104,356
S2,5978,110.654,20.62,20.61,0.0206,2104,353
S2,5979,110.675,20.92,20.90,0.0209,2104,352
S2,5980,110.694,19.58,19.60,0.0196,1268,352
S2,5981,110.714,19.20,19.20,0.0192,1268,352
S2,5982,110.733,19.71,19.69,0.0197,2104,349
S2,5983,110.754,20.20,20.19,0.0202,2104,346
S2,5984,110.776,22.01,22.00,0.0220,1486,342
S2,5985,110.797,21.82,21.76,0.0218,2104,341
S2,5986,110.819,21.69,21.75,0.0217,1320,341
S2,5987,110.840,21.28,21.30,0.0213,1268,340
S2,5988,110.861,20.53,20.51,0.0205,2104,338
S2,5989,110.882,21.00,20.99,0.0210,1268,338
S2,5990,110.903,21.08,21.09,0.0211,2104,335
S2,5991,110.924,21.30,21.30,0.0213,1268,331
S2,5992,110.945,20.79,20.80,0.0208,1268,330
S2,5993,110.965,20.00,20.01,0.0200,1268,329
S2,5994,110.984,19.10,19.09,0.0191,2104,328
S2,5995,111.003,19.11,19.10,0.0191,1268,328
S2,5996,111.023,19.50,19.50,0.0195,1320,326
S2,5997,111.042,19.21,19.20,0.0192,2322,324
S2,5998,111.061,19.46,19.49,0.0195,2758,318
S2,5999,111.081,19.11,19.09,0.0191,2322,316
S2,6000,111.101,20.03,20.01,0.0200,1704,312
S2,6001,111.120,19.78,19.80,0.0198,2104,310
S2,6002,111.140,19.99,19.99,0.0200,2104,307
S2,6003,111.160,19.59,19.58,0.0196,2322,303
S2,6004,111.179,19.44,19.42,0.0194,1704,300
S2,6005,111.198,18.77,18.79,0.0188,1268,300
S2,6006,111.218,19.55,19.50,0.0195,1268,299
S2,6007,111.237,19.07,19.10,0.0191,1320,296
S2,6008,111.257,19.78,19.80,0.0198,1268,294
S2,6009,111.276,19.71,19.69,0.0197,2104,290
S2,6010,111.295,19.11,19.11,0.0191,2322,287
S2,6011,111.314,18.87,18.88,0.0189,1268,287
S2,6012,111.333,19.03,19.01,0.0190,2104,286
S2,6013,111.352,18.67,18.69,0.0187,1268,285
S2,6014,111.372,19.61,19.61,0.0196,2104,283
S2,6015,111.390,18.61,18.59,0.0186,1268,282
S2,6016,111.409,18.97,18.99,0.0190,1268,282
S2,6017,111.428,19.23,19.21,0.0192,1268,280
S2,6018,111.447,19.10,19.09,0.0191,1320,277
S2,6019,111.467,19.07,19.10,0.0191,2976,271
S2,6020,111.486,19.62,19.60,0.0196,2104,269
S2,6021,111.505,19.07,19.08,0.0191,2540,263
S2,6022,111.524,18.93,18.92,0.0189,1268,263
S2,6023,111.544,19.61,19.61,0.0196,2322,260
S2,6024,111.563,18.79,18.78,0.0188,2104,257
S2,6025,111.581,18.50,18.50,0.0185,1268,256
S2,6026,111.600,18.78,18.80,0.0188,2104,254
S2,6027,111.619,19.03,19.01,0.0190,1268,253
S2,6028,111.637,18.39,18.39,0.0184,1268,253
S2,6029,111.656,18.58,18.60,0.0186,2156,251
S2,6030,111.674,18.52,18.50,0.0185,2104,249
S2,6031,111.693,18.99,19.01,0.0190,1268,248
S2,6032,111.712,18.49,18.49,0.0185,1268,247
S2,6033,111.731,18.82,18.80,0.0188,2322,244
S2,6034,111.750,19.17,19.19,0.0192,2104,243
S2,6035,111.768,18.51,18.50,0.0185,2322,239
S2,6036,111.787,18.70,18.69,0.0187,1268,238
S2,6037,111.806,18.81,18.81,0.0188,2322,233
S2,6038,111.824,18.38,18.39,0.0184,1268,232
S2,6039,111.842,18.23,18.21,0.0182,1268,230
S2,6040,111.861,18.36,18.39,0.0184,1320,230
S2,6041,111.879,18.33,18.32,0.0183,2104,227
S2,6042,111.898,18.33,18.28,0.0183,1268,225
S2,6043,111.916,18.36,18.40,0.0184,2104,222
S2,6044,111.934,17.82,17.81,0.0178,1268,222
S2,6045,111.952,18.00,17.99,0.0180,2104,219
S2,6046,111.970,17.98,17.98,0.0180,2104,216
S2,6047,111.988,18.01,18.02,0.0180,2104,214
S2,6048,112.007,19.30,19.29,0.0193,2322,212
S2,6049,112.025,18.19,18.20,0.0182,2104,211
S2,6050,112.043,18.01,18.00,0.0180,1704,207
S2,6051,112.061,17.50,17.50,0.0175,1320,207
S2,6052,112.078,17.60,17.59,0.0176,2104,205
S2,6053,112.097,19.10,19.09,0.0191,1268,205
S2,6054,112.116,18.80,18.81,0.0188,1268,203
S2,6055,112.134,18.10,18.10,0.0181,1268,201
S2,6056,112.152,17.79,17.80,0.0178,1704,198
S2,6057,112.170,17.82,17.79,0.0178,1704,193
S2,6058,112.188,18.38,18.40,0.0184,1268,192
S2,6059,112.206,17.81,17.80,0.0178,2104,191
S2,6060,112.224,17.93,17.89,0.0179,1268,189
S2,6061,112.242,18.07,18.10,0.0181,2322,186
S2,6062,112.260,17.80,17.80,0.0178,2540,180
S2,6063,112.278,17.73,17.70,0.0177,2156,178
S2,6064,112.296,18.56,18.59,0.0186,1268,178
S2,6065,112.313,17.10,17.11,0.0171,1268,178
S2,6066,112.330,16.42,16.40,0.0164,464,178
S2,6067,112.347,17.78,17.78,0.0178,2104,175
S2,6068,112.366,18.10,18.12,0.0181,1268,174
S2,6069,112.383,17.51,17.49,0.0175,1268,174
S2,6070,112.401,17.58,17.60,0.0176,1268,172
S2,6071,112.418,17.29,17.29,0.0173,1268,171
S2,6072,112.436,18.14,18.11,0.0181,1268,169
S2,6073,112.454,18.20,18.00,0.0182,1268,167
S2,6074,112.472,17.68,17.89,0.0177,1268,164
S2,6075,112.490,17.60,17.60,0.0176,1320,162
S2,6076,112.507,17.68,17.70,0.0177,1268,161
S2,6077,112.525,17.71,17.70,0.0177,1268,160
S2,6078,112.542,17.21,17.20,0.0172,1268,159
S2,6079,112.559,16.97,16.99,0.0170,1268,158
S2,6080,112.576,16.79,16.79,0.0168,1268,158
S2,6081,112.594,17.59,17.52,0.0176,1268,157
S2,6082,112.611,17.12,17.18,0.0171,2104,156
S2,6083,112.627,16.31,16.31,0.0163,464,156
S2,6084,112.644,16.84,16.80,0.0168,1268,155
S2,6085,112.661,17.16,17.19,0.0172,1268,154
S2,6086,112.678,17.12,17.10,0.0171,1268,154
S2,6087,112.695,17.21,17.20,0.0172,1320,151
S2,6088,112.713,17.77,17.78,0.0178,2104,147
S2,6089,112.730,17.40,17.41,0.0174,1268,144
S2,6090,112.747,17.00,16.99,0.0170,1268,144
S2,6091,112.764,17.01,17.02,0.0170,1268,140
S2,6092,112.781,17.01,17.00,0.0170,1268,137
S2,6093,112.798,16.89,16.89,0.0169,1268,137
S2,6094,112.815,16.88,16.89,0.0169,1268,137
S2,6095,112.832,16.95,16.92,0.0169,1268,137
S2,6096,112.849,16.77,16.78,0.0168,1268,136
S2,6097,112.866,17.02,17.00,0.0170,2104,135
S2,6098,112.883,17.19,17.20,0.0172,2104,134
S2,6099,112.900,16.99,17.00,0.0170,2156,133
S2,6100,112.918,17.70,17.69,0.0177,2322,131
S2,6101,112.937,18.76,18.71,0.0188,2104,130
S2,6102,112.957,19.97,20.00,0.0200,1268,129
S2,6103,112.976,18.95,18.90,0.0190,2322,125
S2,6104,112.994,18.65,18.68,0.0186,1268,125
S2,6105,113.014,19.29,19.30,0.0193,1268,124
S2,6106,113.033,19.12,19.10,0.0191,2104,123
S2,6107,113.051,18.42,18.40,0.0184,2104,121
S2,6108,113.070,19.38,19.38,0.0194,2104,118
S2,6109,113.089,19.01,19.00,0.0190,1268,118
S2,6110,113.108,18.78,18.79,0.0188,1320,118
S2,6111,113.127,18.69,18.60,0.0187,1268,118
S2,6112,113.146,18.64,18.70,0.0186,1268,117
S2,6113,113.164,18.58,18.59,0.0186,1268,116
S2,6114,113.184,19.43,19.40,0.0194,1268,116
S2,6115,113.202,18.17,18.19,0.0182,1300,115
S2,6116,113.221,19.20,19.20,0.0192,2104,114
S2,6117,113.240,18.70,18.68,0.0187,1268,114
S2,6118,113.258,18.81,18.81,0.0188,1268,112
S2,6119,113.277,19.02,19.00,0.0190,1268,112
S2,6120,113.296,18.61,18.59,0.0186,1268,109
S2,6121,113.314,18.45,18.49,0.0184,1320,105
S2,6122,113.334,19.16,19.11,0.0192,1268,104
S2,6123,113.353,19.21,19.20,0.0192,2104,100
S2,6124,113.371,18.34,18.37,0.0183,1268,98
S2,6125,113.390,18.39,18.40,0.0184,1268,98
S2,6126,113.408,18.35,18.31,0.0184,1268,98
S2,6127,113.427,19.46,19.49,0.0195,1268,96
S2,6128,113.446,19.01,19.00,0.0190,2104,94
S2,6129,113.465,18.09,18.10,0.0181,1268,94
S2,6130,113.483,18.40,18.39,0.0184,1268,92
S2,6131,113.501,17.90,17.90,0.0179,1268,91
S2,6132,113.519,18.41,18.40,0.0184,1320,91
S2,6133,113.537,18.21,18.21,0.0182,1268,89
S2,6134,113.555,17.98,17.98,0.0180,1268,88
S2,6135,113.573,17.62,17.60,0.0176,1268,88
S2,6136,113.591,18.12,18.12,0.0181,1268,88
S2,6137,113.609,17.87,17.88,0.0179,1268,87
S2,6138,113.628,18.55,18.50,0.0185,1268,87
S2,6139,113.645,17.86,17.89,0.0179,1268,87
S2,6140,113.663,17.70,17.69,0.0177,2104,85
S2,6141,113.681,18.11,18.10,0.0181,1268,84
S2,6142,113.700,18.49,18.49,0.0185,2104,82
S2,6143,113.718,18.35,18.30,0.0183,2104,80
S2,6144,113.736,17.96,17.99,0.0180,1320,80
S2,6145,113.754,18.05,18.08,0.0180,2322,77
S2,6146,113.772,17.54,17.52,0.0175,1268,77
S2,6147,113.790,17.89,17.88,0.0179,1268,77
S2,6148,113.807,17.52,17.51,0.0175,464,77
S2,6149,113.824,16.71,16.70,0.0167,1268,76
S2,6150,113.841,17.54,17.52,0.0175,1268,75
S2,6151,113.858,17.18,17.19,0.0172,464,75
S2,6152,113.876,17.83,17.79,0.0178,1300,74
S2,6153,113.895,18.94,18.98,0.0189,1268,72
S2,6154,113.913,17.42,17.40,0.0174,1268,70
S2,6155,113.930,17.58,17.59,0.0176,1268,70
S2,6156,113.948,17.80,17.79,0.0178,1320,68
S2,6157,113.966,17.72,17.71,0.0177,1268,68
S2,6158,113.984,17.92,17.90,0.0179,2104,66
S2,6159,114.001,17.00,17.00,0.0170,464,66
S2,6160,114.017,16.68,16.69,0.0167,1268,66
S2,6161,114.035,17.71,17.70,0.0177,1486,64
S2,6162,114.053,17.70,17.70,0.0177,1268,62
S2,6163,114.070,17.16,17.19,0.0172,1268,62
S2,6164,114.088,18.01,18.00,0.0180,1268,62
S2,6165,114.105,16.72,16.70,0.0167,1268,62
S2,6166,114.120,15.60,15.59,0.0156,464,62
S2,6167,114.137,17.08,17.09,0.0171,2322,60
S2,6168,114.154,16.79,16.80,0.0168,1320,60
S2,6169,114.170,16.24,16.19,0.0162,464,59
S2,6170,114.186,16.15,16.19,0.0162,1300,58
S2,6171,114.203,16.77,16.79,0.0168,1268,58
S2,6172,114.220,16.82,16.80,0.0168,1268,58
S2,6173,114.237,17.12,17.11,0.0171,1486,55
S2,6174,114.254,16.92,16.90,0.0169,1268,53
S2,6175,114.271,16.58,16.59,0.0166,1268,53
S2,6176,114.287,15.91,15.90,0.0159,1300,52
S2,6177,114.304,16.87,16.89,0.0169,1268,51
S2,6178,114.320,16.48,16.49,0.0165,1268,51
S2,6179,114.337,16.82,16.80,0.0168,2104,49
S2,6180,114.354,17.43,17.40,0.0174,1268,46
S2,6181,114.371,17.12,17.11,0.0171,2156,44
S2,6182,114.388,16.75,16.78,0.0168,2104,42
S2,6183,114.404,15.72,15.70,0.0157,464,42
S2,6184,114.419,15.33,15.29,0.0153,464,42
S2,6185,114.434,15.15,15.18,0.0151,1268,42
S2,6186,114.450,15.74,15.71,0.0157,1268,42
S2,6187,114.466,15.56,15.39,0.0156,464,42
S2,6188,114.481,15.54,15.70,0.0155,464,42
S2,6189,114.497,16.21,16.20,0.0162,2104,40
S2,6190,114.513,16.07,16.09,0.0161,1268,38
S2,6191,114.529,16.04,16.01,0.0160,2322,33
S2,6192,114.545,15.97,15.98,0.0160,1268,33
S2,6193,114.562,16.18,16.19,0.0162,1268,31
S2,6194,114.578,16.64,16.61,0.0166,1320,31
S2,6195,114.594,15.90,15.90,0.0159,682,30
S2,6196,114.610,15.39,15.38,0.0154,1268,28
S2,6197,114.625,15.40,15.40,0.0154,1268,28
S2,6198,114.641,15.67,15.69,0.0157,1268,27
S2,6199,114.656,15.89,15.89,0.0159,1268,24
S2,6200,114.672,15.74,15.70,0.0157,1268,24
S2,6201,114.688,15.88,15.91,0.0159,1268,24
S2,6202,114.703,14.79,14.79,0.0148,682,23
S2,6203,114.718,15.03,14.99,0.0150,1268,22
S2,6204,114.733,15.29,15.29,0.0153,1268,22
S2,6205,114.748,14.40,14.41,0.0144,464,22
S2,6206,114.762,14.18,14.18,0.0142,464,22
S2,6207,114.776,14.63,14.61,0.0146,734,21
S2,6208,114.791,14.18,14.19,0.0142,464,21
S2,6209,114.805,14.68,14.70,0.0147,1268,21
S2,6210,114.820,15.10,15.09,0.0151,1268,21
S2,6211,114.835,15.09,15.01,0.0151,1268,18
S2,6212,114.850,14.49,14.50,0.0145,1268,18
S2,6213,114.866,15.69,15.69,0.0157,1268,17
S2,6214,114.882,16.60,16.60,0.0166,1268,17
S2,6215,114.899,16.82,16.80,0.0168,1268,14
S2,6216,114.915,16.18,16.17,0.0162,1268,12
S2,6217,114.932,16.38,16.40,0.0164,1268,11
S2,6218,114.947,15.75,15.78,0.0158,1268,9
S2,6219,114.963,15.45,15.42,0.0155,1268,9
S2,6220,114.977,14.53,14.50,0.0145,1320,8
S2,6221,114.991,14.06,14.09,0.0141,464,8
S2,6222,115.005,13.11,13.09,0.0131,464,8
S2,6223,115.018,13.01,13.00,0.0130,464,8
S2,6224,115.031,13.40,13.39,0.0134,1268,8
S2,6225,115.044,13.07,13.10,0.0131,464,8
S2,6226,115.057,12.99,12.99,0.0130,464,8
S2,6227,115.070,13.39,13.39,0.0134,1268,8
S2,6228,115.084,13.41,13.39,0.0134,464,8
S2,6229,115.097,13.67,13.68,0.0137,464,8
S2,6230,115.111,13.31,13.32,0.0133,1268,8
S2,6231,115.124,13.47,13.42,0.0135,464,8
S2,6232,115.138,13.36,13.38,0.0134,464,7
S2,6233,115.151,13.21,13.20,0.0132,1268,7
S2,6234,115.164,13.20,13.19,0.0132,1268,6
S2,6235,115.177,13.19,13.19,0.0132,1320,6
S2,6236,115.191,13.64,13.60,0.0136,464,6
S2,6237,115.205,14.03,14.09,0.0140,1268,5
S2,6238,115.219,14.32,14.29,0.0143,1268,4
S2,6239,115.233,13.40,13.40,0.0134,464,4
S2,6240,115.247,14.28,14.27,0.0143,1268,3
S2,6241,115.261,13.71,13.71,0.0137,464,3
S2,6242,115.274,13.32,13.32,0.0133,464,3
S2,6243,115.287,13.24,13.20,0.0132,464,3
S2,6244,115.301,13.47,13.48,0.0135,464,3
S2,6245,115.314,13.58,13.59,0.0136,464,3
S2,6246,115.328,13.39,13.40,0.0134,464,3
S2,6247,115.340,12.90,12.90,0.0129,464,3
S2,6248,115.354,13.15,13.11,0.0132,464,3
S2,6249,115.366,12.79,12.80,0.0128,464,3
S2,6250,115.380,13.85,13.82,0.0138,516,3
S2,6251,115.394,13.75,13.76,0.0137,464,3
S2,6252,115.408,14.09,14.10,0.0141,1268,3
S2,6253,115.422,14.41,14.41,0.0144,1268,3
S2,6254,115.437,14.10,14.10,0.0141,464,3
S2,6255,115.450,13.71,13.70,0.0137,464,3
S2,6256,115.463,12.89,12.89,0.0129,464,3
S2,6257,115.476,13.02,12.99,0.0130,464,3
S2,6258,115.490,14.08,14.10,0.0141,1268,3
S2,6259,115.504,13.90,13.90,0.0139,1268,3
S2,6260,115.518,14.03,13.99,0.0140,464,3
S2,6261,115.532,14.14,14.19,0.0141,1268,3
S2,6262,115.547,14.52,14.50,0.0145,1268,2
S2,6263,115.561,13.78,13.79,0.0138,464,2
S2,6264,115.575,13.85,13.81,0.0138,1268,1
S2,6265,115.589,14.07,14.09,0.0141,516,1
S2,6266,115.604,15.21,15.19,0.0152,464,1
S2,6267,115.618,13.90,13.90,0.0139,464,1
S2,6268,115.631,13.49,13.48,0.0135,464,1
S2,6269,115.645,13.60,13.61,0.0136,464,1
S2,6270,115.658,13.60,13.58,0.0136,464,1
S2,6271,115.672,13.57,13.59,0.0136,464,1
S2,6272,115.686,14.04,14.01,0.0140,464,1
S2,6273,115.699,12.65,12.69,0.0127,464,1
S2,6274,115.712,13.55,13.50,0.0136,464,1
S2,6275,115.726,13.49,13.51,0.0135,464,1
S2,6276,115.739,13.21,13.19,0.0132,464,1
S2,6277,115.753,13.95,13.98,0.0140,464,1
S2,6278,115.766,13.21,13.12,0.0132,464,1
S2,6279,115.780,13.64,13.68,0.0136,464,1
S2,6280,115.793,13.58,13.58,0.0136,516,1
S2,6281,115.806,12.48,12.50,0.0125,464,1
S2,6282,115.819,13.60,13.60,0.0136,464,1
S2,6283,115.832,12.71,12.70,0.0127,464,1
S2,6284,115.845,12.85,12.80,0.0128,464,1
S2,6285,115.858,13.43,13.49,0.0134,464,1
S2,6286,115.871,12.62,12.60,0.0126,464,1
S2,6287,115.883,12.51,12.50,0.0125,464,1
S2,6288,115.898,14.30,14.30,0.0143,464,1
S2,6289,115.911,13.18,13.19,0.0132,464,1
S2,6290,115.923,12.40,12.39,0.0124,464,1
S2,6291,115.936,13.03,13.01,0.0130,464,1
S2,6292,115.949,12.79,12.73,0.0128,464,1
S2,6293,115.962,12.89,12.96,0.0129,464,1
S2,6294,115.975,13.11,13.10,0.0131,464,1
S2,6295,115.988,13.12,13.09,0.0131,464,1
S2,6296,116.000,12.19,12.20,0.0122,516,1
S2,6297,116.013,12.56,12.59,0.0126,464,1
S2,6298,116.026,12.76,12.70,0.0128,464,1
S2,6299,116.038,12.48,12.51,0.0125,464,1
S2,6300,116.051,12.74,12.78,0.0127,464,1
S2,6301,116.063,12.50,12.51,0.0125,464,1
S2,6302,116.076,12.18,12.11,0.0122,464,1
S2,6303,116.089,13.09,13.09,0.0131,464,1
S2,6304,116.102,12.80,12.79,0.0128,464,1
S2,6305,116.114,12.68,12.69,0.0127,464,1
S2,6306,116.127,12.70,12.69,0.0127,464,1
S2,6307,116.140,12.69,12.69,0.0127,464,1
S2,6308,116.152,12.33,12.31,0.0123,464,1
S2,6309,116.164,12.26,12.27,0.0123,464,1
S2,6310,116.176,12.21,12.20,0.0122,464,1
S2,6311,116.191,14.10,14.10,0.0141,464,1
S2,6312,116.203,12.58,12.58,0.0126,516,1
S2,6313,116.216,12.52,12.50,0.0125,464,1
S2,6314,116.228,12.65,12.62,0.0127,464,1
S2,6315,116.241,12.82,12.86,0.0128,464,1
S2,6316,116.254,13.32,13.29,0.0133,464,1
S2,6317,116.267,12.53,12.52,0.0125,464,1
S2,6318,116.280,13.19,13.18,0.0132,464,1
S2,6319,116.293,12.71,12.71,0.0127,464,1
S2,6320,116.305,12.38,12.38,0.0124,464,1
S2,6321,116.318,12.49,12.50,0.0125,464,1
S2,6322,116.331,13.28,13.29,0.0133,1268,1
S2,6323,116.344,12.82,12.81,0.0128,464,1
S2,6324,116.356,12.17,12.19,0.0122,464,1
S2,6325,116.367,11.42,11.40,0.0114,464,1
S2,6326,116.379,11.88,11.88,0.0119,464,1
S2,6327,116.391,12.10,12.11,0.0121,464,1
S2,6328,116.403,11.88,11.88,0.0119,516,1
S2,6329,116.415,12.02,12.01,0.0120,464,1
S2,6330,116.428,12.40,12.39,0.0124,464,1
S2,6331,116.440,12.12,12.12,0.0121,464,1
S2,6332,116.452,11.70,11.68,0.0117,464,1
S2,6333,116.464,12.09,12.09,0.0121,464,1
S2,6334,116.476,12.22,11.99,0.0122,464,1
S2,6335,116.490,13.86,14.09,0.0139,464,1
S2,6336,116.502,12.79,12.80,0.0128,464,1
S2,6337,116.515,12.42,12.40,0.0124,464,1
S2,6338,116.528,12.90,12.89,0.0129,464,1
S2,6339,116.540,12.50,12.51,0.0125,464,1
S2,6340,116.553,12.68,12.69,0.0127,464,1
S2,6341,116.565,12.05,12.02,0.0120,464,1
S2,6342,116.578,12.83,12.81,0.0128,464,1
S2,6343,116.590,12.07,12.07,0.0121,464,1
S2,6344,116.602,12.37,12.39,0.0124,464,1
S2,6345,116.614,12.10,12.10,0.0121,516,1
S2,6346,116.626,12.04,12.01,0.0120,464,1
S2,6347,116.639,12.10,12.10,0.0121,464,1
S2,6348,116.651,12.20,12.19,0.0122,464,1
S2,6349,116.663,12.37,12.39,0.0124,464,1
S2,6350,116.675,11.98,12.00,0.0120,464,1
S2,6351,116.687,11.69,11.69,0.0117,464,1
S2,6352,116.698,11.65,11.61,0.0117,464,1
S2,6353,116.710,11.67,11.68,0.0117,464,1
S2,6354,116.722,11.81,11.80,0.0118,464,1
S2,6355,116.733,11.58,11.59,0.0116,464,1
S2,6356,116.746,12.31,12.31,0.0123,464,1
S2,6357,116.757,11.49,11.49,0.0115,464,1
S2,6358,116.769,11.40,11.40,0.0114,464,1
S2,6359,116.781,12.49,12.50,0.0125,464,1
S2,6360,116.793,11.41,11.39,0.0114,464,1
S2,6361,116.804,11.69,11.70,0.0117,464,1
S2,6362,116.816,11.48,11.48,0.0115,516,1
S2,6363,116.828,11.73,11.72,0.0117,464,1
S2,6364,116.839,11.70,11.70,0.0117,464,1
S2,6365,116.851,12.01,12.00,0.0120,464,1
S2,6366,116.864,12.58,12.58,0.0126,1268,1
S2,6367,116.876,12.34,12.31,0.0123,464,1
S2,6368,116.888,12.05,12.09,0.0121,464,1
S2,6369,116.900,11.59,11.59,0.0116,464,1
S2,6370,116.911,11.61,11.60,0.0116,464,1
S2,6371,116.923,11.60,11.60,0.0116,464,1
S2,6372,116.934,11.22,11.20,0.0112,464,1
S2,6373,116.946,11.70,11.71,0.0117,464,1
S2,6374,116.957,11.26,11.29,0.0113,464,1
S2,6375,116.969,11.52,11.50,0.0115,464,1
S2,6376,116.980,11.79,11.80,0.0118,464,1
S2,6377,116.992,11.63,11.61,0.0116,464,1
S2,6378,117.004,11.75,11.78,0.0117,464,1
S2,6379,117.015,11.62,11.59,0.0116,464,1
S2,6380,117.027,11.53,11.52,0.0115,516,1
S2,6381,117.038,11.39,11.39,0.0114,464,1
S2,6382,117.050,11.38,11.39,0.0114,464,1
S2,6383,117.061,11.01,11.01,0.0110,464,1
S2,6384,117.072,11.40,11.39,0.0114,464,1
S2,6385,117.084,12.19,12.20,0.0122,464,1
S2,6386,117.096,11.64,11.61,0.0116,464,1
S2,6387,117.107,11.45,11.46,0.0114,464,1
S2,6388,117.119,11.60,11.61,0.0116,464,1
S2,6389,117.131,12.23,12.20,0.0122,1268,1
S2,6390,117.143,11.78,11.79,0.0118,464,1
S2,6391,117.155,11.99,12.00,0.0120,464,1
S2,6392,117.167,11.81,11.80,0.0118,464,1
S2,6393,117.179,11.83,11.81,0.0118,464,1
S2,6394,117.190,11.60,11.60,0.0116,464,1
S2,6395,117.202,11.26,11.28,0.0113,464,1
S2,6396,117.213,11.24,11.22,0.0112,464,1
S2,6397,117.224,11.68,11.67,0.0117,464,1
S2,6398,117.236,11.92,11.92,0.0119,516,1
S2,6399,117.248,11.45,11.48,0.0115,464,1
S2,6400,117.259,11.51,11.50,0.0115,464,1
S2,6401,117.271,11.72,11.70,0.0117,464,1
S2,6402,117.282,11.40,11.39,0.0114,464,1
S2,6403,117.294,11.51,11.50,0.0115,464,1
S2,6404,117.305,11.26,11.28,0.0113,464,1
S2,6405,117.316,11.21,11.20,0.0112,464,1
S2,6406,117.328,11.20,11.20,0.0112,464,1
S2,6407,117.339,11.12,11.10,0.0111,464,1
S2,6408,117.350,11.27,11.29,0.0113,464,1
S2,6409,117.361,11.01,11.00,0.0110,464,1
S2,6410,117.373,11.81,11.80,0.0118,464,1
S2,6411,117.384,11.10,11.09,0.0111,464,1
S2,6412,117.396,11.53,11.51,0.0115,464,1
S2,6413,117.407,11.46,11.48,0.0115,464,1
S2,6414,117.418,11.39,11.39,0.0114,464,1
S2,6415,117.430,11.74,11.72,0.0117,464,1
S2,6416,117.442,11.61,11.60,0.0116,516,1
S2,6417,117.453,11.36,11.38,0.0114,464,1
S2,6418,117.465,11.51,11.51,0.0115,464,1
S2,6419,117.476,11.49,11.49,0.0115,464,1
S2,6420,117.487,11.31,11.30,0.0113,464,1
S2,6421,117.498,11.09,11.10,0.0111,464,1
S2,6422,117.509,11.04,11.00,0.0110,464,1
S2,6423,117.521,11.38,11.40,0.0114,464,1
S2,6424,117.532,11.38,11.39,0.0114,464,1
S2,6425,117.543,11.03,11.00,0.0110,464,1
S2,6426,117.555,11.37,11.38,0.0114,464,1
S2,6427,117.566,11.10,11.09,0.0111,464,1
S2,6428,117.578,11.90,11.91,0.0119,1268,1
S2,6429,117.589,11.70,11.70,0.0117,464,1
S2,6430,117.601,11.30,11.30,0.0113,464,1
S2,6431,117.612,11.11,11.10,0.0111,464,1
S2,6432,117.623,11.22,11.20,0.0112,464,1
S2,6433,117.634,11.01,11.00,0.0110,464,1
S2,6434,117.645,10.99,11.00,0.0110,516,1
S2,6435,117.656,10.97,10.98,0.0110,464,1
S2,6436,117.667,10.69,10.69,0.0107,464,1
S2,6437,117.678,11.31,11.30,0.0113,464,1
S2,6438,117.689,11.42,11.41,0.0114,464,1
S2,6439,117.701,11.49,11.49,0.0115,464,1
S2,6440,117.712,11.15,11.11,0.0112,464,1
S2,6441,117.723,11.32,11.37,0.0113,464,1
S2,6442,117.735,11.71,11.70,0.0117,464,1
S2,6443,117.747,12.27,12.28,0.0123,464,1
S2,6444,117.759,12.13,12.12,0.0121,464,1
S2,6445,117.771,11.76,11.72,0.0118,464,1
S2,6446,117.783,11.54,11.58,0.0115,464,1
S2,6447,117.794,11.33,11.30,0.0113,464,1
S2,6448,117.805,11.25,11.29,0.0113,464,1
S2,6449,117.816,10.61,10.61,0.0106,464,1
S2,6450,117.827,10.80,10.79,0.0108,464,1
S2,6451,117.838,11.02,11.01,0.0110,464,1
S2,6452,117.849,11.00,11.00,0.0110,516,1
S2,6453,117.860,11.19,11.20,0.0112,464,1
S2,6454,117.871,11.02,11.01,0.0110,464,1
S2,6455,117.882,11.10,11.09,0.0111,464,1
S2,6456,117.893,11.31,11.30,0.0113,464,1
S2,6457,117.904,10.97,10.97,0.0110,464,1
S2,6458,117.915,10.98,11.00,0.0110,464,1
S2,6459,117.926,10.64,10.61,0.0106,464,1
S2,6460,117.937,11.21,11.19,0.0112,464,1
S2,6461,117.949,12.18,12.19,0.0122,464,1
S2,6462,117.961,11.43,11.40,0.0114,464,1
S2,6463,117.973,12.19,12.19,0.0122,464,1
S2,6464,117.984,11.19,11.20,0.0112,464,1
S2,6465,117.996,11.61,11.60,0.0116,464,1
S2,6466,118.008,11.82,11.80,0.0118,464,1
S2,6467,118.020,12.22,12.20,0.0122,464,1
S2,6468,118.032,12.16,12.19,0.0122,464,1
S2,6469,118.044,12.30,12.28,0.0123,464,1
S2,6470,118.057,12.19,12.20,0.0122,516,1
S2,6471,118.069,12.12,12.09,0.0121,464,1
S2,6472,118.081,12.01,12.00,0.0120,464,1
S2,6473,118.093,11.88,11.89,0.0119,464,1
S2,6474,118.104,11.77,11.79,0.0118,464,1
S2,6475,118.116,11.33,11.30,0.0113,464,1
S2,6476,118.128,11.91,11.89,0.0119,464,1
S2,6477,118.139,11.49,11.48,0.0115,464,1
S2,6478,118.151,11.82,11.80,0.0118,464,1
S2,6479,118.162,11.50,11.49,0.0115,464,1
S2,6480,118.174,11.98,11.99,0.0120,464,1
S2,6481,118.187,12.57,12.59,0.0126,1268,1
S2,6482,118.198,11.46,11.41,0.0115,464,1
S2,6483,118.211,12.46,12.49,0.0125,464,1
S2,6484,118.223,12.18,12.19,0.0122,464,1
S2,6485,118.235,11.54,11.51,0.0115,464,1
S2,6486,118.247,12.37,12.39,0.0124,464,1
S2,6487,118.258,11.54,11.49,0.0115,516,1
S2,6488,118.271,12.29,12.30,0.0123,464,1
S2,6489,118.282,11.11,11.11,0.0111,464,1
S2,6490,118.294,12.01,11.98,0.0120,464,1
S2,6491,118.305,11.63,11.68,0.0116,464,1
S2,6492,118.317,11.18,11.12,0.0112,464,1
S2,6493,118.328,11.83,11.87,0.0118,464,1
S2,6494,118.340,11.45,11.42,0.0115,464,1
S2,6495,118.352,12.00,11.99,0.0120,464,1
S2,6496,118.364,11.88,11.89,0.0119,464,1
S2,6497,118.375,11.11,11.09,0.0111,464,1
S2,6498,118.386,11.38,11.39,0.0114,464,1
S2,6499,118.398,11.60,11.60,0.0116,464,1
S2,6500,118.409,11.20,11.19,0.0112,464,1
S2,6501,118.421,11.59,11.60,0.0116,464,1
S2,6502,118.432,11.16,11.11,0.0112,464,1
S2,6503,118.443,11.60,11.58,0.0116,464,1
S2,6504,118.456,12.04,12.09,0.0120,464,1
S2,6505,118.467,11.13,11.11,0.0111,516,1
S2,6506,118.478,11.60,11.39,0.0116,464,1
S2,6507,118.489,11.11,11.29,0.0111,464,1
S2,6508,118.502,12.51,12.49,0.0125,464,1
S2,6509,118.514,11.94,11.99,0.0119,464,1
S2,6510,118.526,11.95,11.92,0.0120,464,1
S2,6511,118.537,11.48,11.49,0.0115,464,1
S2,6512,118.549,11.49,11.50,0.0115,464,1
S2,6513,118.560,11.30,11.29,0.0113,464,1
S2,6514,118.572,12.36,12.39,0.0124,1268,1
S2,6515,118.584,11.72,11.70,0.0117,464,1
S2,6516,118.595,11.35,11.31,0.0114,464,1
S2,6517,118.607,11.64,11.68,0.0116,464,1
S2,6518,118.618,11.34,11.31,0.0113,464,1
S2,6519,118.630,11.58,11.59,0.0116,464,1
S2,6520,118.641,11.31,11.30,0.0113,464,1
S2,6521,118.653,11.70,11.70,0.0117,464,1
S2,6522,118.665,11.68,11.67,0.0117,464,1
S2,6523,118.676,11.39,11.40,0.0114,516,1
S2,6524,118.687,11.04,11.01,0.0110,464,1
S2,6525,118.698,11.17,11.19,0.0112,464,1
S2,6526,118.710,11.20,11.20,0.0112,464,1
S2,6527,118.721,11.29,11.29,0.0113,464,1
S2,6528,118.732,11.41,11.40,0.0114,464,1
S2,6529,118.744,11.62,11.62,0.0116,464,1
S2,6530,118.755,11.34,11.37,0.0113,464,1
S2,6531,118.767,11.54,11.50,0.0115,464,1
S2,6532,118.778,11.22,11.21,0.0112,464,1
S2,6533,118.789,10.99,11.00,0.0110,464,1
S2,6534,118.800,10.76,10.77,0.0108,464,1
S2,6535,118.811,11.50,11.51,0.0115,464,1
S2,6536,118.823,11.81,11.79,0.0118,1300,0
S3,0,0.000,14.19,14.20,0.0709,178970,8
S3,1,0.013,13.02,13.00,0.0651,47760,16
S3,2,0.026,12.95,12.92,0.0648,546360,22
S3,3,0.038,12.31,12.36,0.0615,15736,29
S3,4,0.052,13.93,13.91,0.0697,48544,35
S3,5,0.067,14.53,14.50,0.0726,63284,42
S3,6,0.082,14.84,14.89,0.0742,47504,49
S3,7,0.097,15.34,15.32,0.0767,41084,56
S3,8,0.113,16.21,16.18,0.0811,95248,64
S3,9,0.128,15.00,15.00,0.0750,77880,72
S3,10,0.144,15.45,15.49,0.0773,54064,80
S3,11,0.158,14.44,14.40,0.0722,43728,87
S3,12,0.174,15.90,15.91,0.0795,96240,95
S3,13,0.190,15.77,15.78,0.0789,59240,103
S3,14,0.205,15.11,15.11,0.0756,47280,110
S3,15,0.220,15.62,15.60,0.0781,45968,118
S3,16,0.238,17.36,17.32,0.0868,47284,126
S3,17,0.255,17.54,17.57,0.0877,96928,134
S3,18,0.273,17.32,17.31,0.0866,66296,143
S3,19,0.292,19.04,19.06,0.0952,52748,152
S3,20,0.310,18.69,18.63,0.0934,82404,161
S3,21,0.329,18.75,18.79,0.0938,62456,171
S3,22,0.347,18.20,18.20,0.0910,51656,180
S3,23,0.366,18.32,18.30,0.0916,52460,189
S3,24,0.385,19.28,19.29,0.0964,164164,198
S3,25,0.404,18.80,18.80,0.0940,74204,208
S3,26,0.422,18.50,18.49,0.0925,77060,217
S3,27,0.442,19.37,19.39,0.0968,63260,227
S3,28,0.461,19.11,19.10,0.0956,51656,236
S3,29,0.481,19.91,19.90,0.0996,58148,246
S3,30,0.501,20.64,20.61,0.1032,72432,256
S3,31,0.521,19.26,19.28,0.0963,385020,266
S3,32,0.541,19.99,19.99,0.1000,85756,276
S3,33,0.561,20.95,20.94,0.1047,83968,286
S3,34,0.581,19.34,19.36,0.0967,65056,296
S3,35,0.602,20.98,20.92,0.1049,74312,306
S3,36,0.623,21.03,21.08,0.1052,72824,316
S3,37,0.644,21.50,21.51,0.1075,106284,327
S3,38,0.665,21.14,21.10,0.1057,84720,338
S3,39,0.687,21.34,21.40,0.1067,69384,348
S3,40,0.708,21.22,21.21,0.1061,81416,359
S3,41,0.729,20.51,20.49,0.1026,83796,370
S3,42,0.751,22.60,22.60,0.1130,89556,380
S3,43,0.775,24.31,24.30,0.1216,140564,391
S3,44,0.801,25.05,24.97,0.1252,111552,403
S3,45,0.827,26.46,26.53,0.1323,93176,416
S3,46,0.853,25.69,25.68,0.1285,98548,429
S3,47,0.879,26.59,26.40,0.1329,135136,442
S3,48,0.906,26.88,27.09,0.1344,199384,455
S3,49,0.935,28.41,28.42,0.1421,598308,469
S3,50,0.963,28.71,28.69,0.1435,140988,483
S3,51,0.992,29.19,29.20,0.1460,159052,497
S3,52,1.022,30.06,30.01,0.1503,213272,512
S3,53,1.052,29.54,29.59,0.1477,187084,527
S3,54,1.082,29.81,29.79,0.1490,115956,542
S3,55,1.113,31.00,31.00,0.1550,162008,556
S3,56,1.146,33.34,33.31,0.1667,171448,572
S3,57,1.182,35.85,35.89,0.1793,182456,588
S3,58,1.221,39.42,39.38,0.1971,127432,606
S3,59,1.263,41.72,41.71,0.2086,347812,625
S3,60,1.304,41.10,41.09,0.2055,283608,646
S3,61,1.345,41.15,41.18,0.2058,181956,666
S3,62,1.384,38.24,38.21,0.1912,222728,676
S3,63,1.416,32.45,32.48,0.1623,118316,676
S3,64,1.445,29.32,29.30,0.1466,96692,676
S3,65,1.474,28.81,28.81,0.1441,46284,675
S3,66,1.502,28.12,28.10,0.1406,33680,675
S3,67,1.532,29.74,29.78,0.1487,81052,674
S3,68,1.561,28.94,28.91,0.1447,56506,674
S3,69,1.591,29.44,29.49,0.1472,109692,674
S3,70,1.620,29.66,29.61,0.1483,120952,674
S3,71,1.650,29.60,29.60,0.1480,127670,672
S3,72,1.681,31.02,31.03,0.1551,121636,672
S3,73,1.712,30.75,30.76,0.1537,101272,671
S3,74,1.743,31.31,31.29,0.1565,147284,671
S3,75,1.775,32.42,32.41,0.1621,69896,671
S3,76,1.807,32.07,32.08,0.1603,76580,671
S3,77,1.840,32.51,32.52,0.1626,122960,670
S3,78,1.870,30.52,30.49,0.1526,28464,670
S3,79,1.901,30.77,30.80,0.1538,57280,669
S3,80,1.931,30.01,30.00,0.1500,108900,668
S3,81,1.962,30.41,30.40,0.1520,76040,665
S3,82,1.992,30.49,30.49,0.1525,33138,665
S3,83,2.023,30.79,30.81,0.1540,128336,663
S3,84,2.053,30.21,30.19,0.1511,83520,663
S3,85,2.084,31.28,31.30,0.1564,53894,661
S3,86,2.114,30.05,30.01,0.1502,68720,661
S3,87,2.145,30.46,30.48,0.1523,54314,661
S3,88,2.175,30.33,30.31,0.1517,79704,661
S3,89,2.205,30.06,30.10,0.1503,30344,661
S3,90,2.235,29.82,29.79,0.1491,106504,661
S3,91,2.265,29.53,29.51,0.1477,20830,661
S3,92,2.293,28.25,28.28,0.1412,86384,661
S3,93,2.321,27.72,27.71,0.1386,61684,661
S3,94,2.348,27.61,27.61,0.1381,87714,661
S3,95,2.375,26.83,26.80,0.1341,51880,660
S3,96,2.401,26.14,26.17,0.1307,18388,660
S3,97,2.426,25.33,25.30,0.1266,27148,660
S3,98,2.451,24.70,24.69,0.1235,14728,660
S3,99,2.478,27.24,27.22,0.1362,77536,660
S3,100,2.506,27.39,27.38,0.1370,26700,660
S3,101,2.533,26.70,26.70,0.1335,22244,660
S3,102,2.560,27.64,27.59,0.1382,17524,659
S3,103,2.587,26.44,26.49,0.1322,16976,658
S3,104,2.613,26.72,26.69,0.1336,100760,658
S3,105,2.641,27.26,27.29,0.1363,10096,656
S3,106,2.667,26.53,26.51,0.1327,64200,656
S3,107,2.693,26.40,26.39,0.1320,13044,655
S3,108,2.719,25.90,25.91,0.1295,18160,655
S3,109,2.745,25.69,25.70,0.1285,24244,655
S3,110,2.770,24.60,24.59,0.1230,72298,655
S3,111,3.006,55.24,55.50,0.2762,479048,655
S3,112,3.046,39.60,39.60,0.1980,73196,655
S3,113,3.074,28.31,28.30,0.1415,42220,655
S3,114,3.100,25.58,25.60,0.1279,31172,655
S3,115,3.125,25.14,25.10,0.1257,19728,655
S3,116,3.149,23.95,23.99,0.1197,15598,655
S3,117,3.172,23.44,23.41,0.1172,28748,654
S3,118,3.196,23.79,23.79,0.1189,19552,654
S3,119,3.220,23.72,23.71,0.1186,27512,654
S3,120,3.243,23.76,23.79,0.1188,38234,654
S3,121,3.267,23.41,23.39,0.1171,16208,654
S3,122,3.291,23.98,24.00,0.1199,10976,654
S3,123,3.318,26.68,26.61,0.1334,41416,654
S3,124,3.345,27.61,27.67,0.1381,25188,652
S3,125,3.373,28.17,28.12,0.1409,17528,651
S3,126,3.401,27.85,27.88,0.1393,7528,651
S3,127,3.430,29.06,29.02,0.1453,17684,650
S3,128,3.460,29.47,29.50,0.1474,43580,650
S3,129,3.486,26.78,26.78,0.1339,13400,649
S3,130,3.513,26.12,26.11,0.1306,34670,649
S3,131,3.541,28.71,28.70,0.1435,17716,647
S3,132,3.567,26.08,26.10,0.1304,1268,646
S3,133,3.593,25.49,25.49,0.1275,2868,645
S3,134,3.617,24.01,24.01,0.1200,2246,645
S3,135,3.642,24.77,24.78,0.1238,3836,645
S3,136,3.666,24.72,24.70,0.1236,7676,644
S3,137,3.695,28.35,28.33,0.1417,31108,643
S3,138,3.723,28.07,28.07,0.1403,9764,642
S3,139,3.750,27.61,27.60,0.1380,27124,640
S3,140,3.779,28.17,28.11,0.1408,38252,639
S3,141,3.809,30.62,30.68,0.1531,23036,638
S3,142,3.838,28.84,28.80,0.1442,56448,638
S3,143,3.866,28.09,28.10,0.1404,6460,637
S3,144,3.895,28.48,28.49,0.1424,10012,637
S3,145,3.923,28.69,28.70,0.1434,50220,635
S3,146,3.953,29.89,29.89,0.1494,6484,634
S3,147,3.982,28.83,28.80,0.1442,25220,632
S3,148,4.011,29.41,29.41,0.1470,8756,630
S3,149,4.041,29.82,29.87,0.1491,10100,630
S3,150,4.072,30.65,30.62,0.1532,22688,629
S3,151,4.103,30.88,30.89,0.1544,17978,627
S3,152,4.133,30.49,30.48,0.1525,17216,626
S3,153,4.167,33.44,33.42,0.1672,939544,624
S3,154,4.200,33.57,33.58,0.1679,16090,624
S3,155,4.235,35.19,35.19,0.1759,19168,622
S3,156,4.271,35.24,35.20,0.1762,21464,622
S3,157,4.309,37.79,37.81,0.1889,12174,621
S3,158,4.346,37.85,37.82,0.1893,17768,619
S3,159,4.383,36.87,36.87,0.1843,21438,618
S3,160,4.422,39.12,39.11,0.1956,18760,616
S3,161,4.462,39.26,39.29,0.1963,29620,616
S3,162,4.500,38.19,38.20,0.1910,41762,616
S3,163,4.541,41.59,41.60,0.2080,33372,614
S3,164,4.582,40.65,40.60,0.2033,80580,611
S3,165,4.622,40.47,40.50,0.2024,37926,606
S3,166,4.667,44.70,44.69,0.2235,130172,601
S3,167,4.712,44.69,44.70,0.2235,61156,597
S3,168,4.756,44.40,44.40,0.2220,22698,595
S3,169,4.802,45.92,45.91,0.2296,23624,592
S3,170,4.853,51.08,51.09,0.2554,25780,587
S3,171,4.906,52.70,52.61,0.2635,29688,583
S3,172,4.969,62.92,62.79,0.3146,35868,575
S3,173,5.046,77.17,77.38,0.3858,32336,565
S3,174,5.138,91.94,91.91,0.4597,771656,545
S3,175,5.243,104.97,104.99,0.5000,1915476,528
S3,176,5.362,119.50,119.50,0.5000,40600,508
S3,177,5.485,122.07,122.09,0.5000,88392,492
S3,178,5.597,112.14,112.12,0.5000,38596,466
S3,179,5.709,112.43,112.42,0.5000,10388,443
S3,180,5.822,113.14,113.15,0.5000,24472,422
S3,181,5.934,111.62,111.61,0.5000,58348,390
S3,182,6.046,112.52,112.52,0.5000,77592,348
S3,183,6.150,103.89,103.89,0.5000,49044,323
S3,184,6.250,99.80,99.80,0.4990,42228,278
S3,185,6.350,100.27,100.29,0.5000,7606,213
S3,186,6.440,89.54,89.53,0.4477,6354,170
S3,187,6.519,78.60,78.58,0.3930,26354,123
S3,188,6.593,74.50,74.50,0.3725,5168,98
S3,189,6.662,69.19,69.20,0.3459,3520,79
S3,190,6.719,56.95,56.90,0.2847,1304,67
S3,191,6.770,50.93,50.99,0.2546,2662,64
S3,192,6.815,45.39,45.41,0.2270,2758,59
S3,193,6.852,36.76,36.71,0.1838,3412,50
S3,194,6.883,31.24,31.28,0.1562,1704,46
S3,195,6.909,25.93,25.91,0.1297,650,44
S3,196,6.933,23.27,23.29,0.1163,2104,43
S3,197,6.954,21.46,21.42,0.1073,1320,39
S3,198,6.974,20.16,19.98,0.1008,67890,35
S3,199,6.994,20.18,20.39,0.1009,2104,33
S3,200,7.014,19.59,19.60,0.0979,2976,28
S3,201,7.034,19.85,19.81,0.0993,2540,23
S3,202,7.053,19.55,19.58,0.0978,1268,23
S3,203,7.073,20.03,20.01,0.1002,1268,23
S3,204,7.093,19.10,19.07,0.0955,1268,22
S3,205,7.111,18.21,18.22,0.0910,2104,19
S3,206,7.129,18.39,18.39,0.0920,1268,19
S3,207,7.147,17.73,17.70,0.0886,1300,17
S3,208,7.165,17.65,17.69,0.0882,1320,17
S3,209,7.181,16.19,16.19,0.0810,1268,17
S3,210,7.196,15.02,15.00,0.0751,464,17
S3,211,7.212,15.98,15.99,0.0799,1268,17
S3,212,7.227,15.39,15.32,0.0769,1268,17
S3,213,7.242,15.01,15.07,0.0750,1268,17
S3,214,7.257,14.75,14.71,0.0738,464,17
S3,215,7.272,15.39,15.39,0.0770,1268,17
S3,216,7.286,13.51,13.50,0.0676,464,17
S3,217,7.299,13.35,13.37,0.0667,1268,17
S3,218,7.313,14.02,14.01,0.0701,464,17
S3,219,7.327,14.15,14.10,0.0707,464,17
S3,220,7.341,13.92,13.98,0.0696,1268,17
S3,221,7.354,13.07,13.02,0.0654,464,17
S3,222,7.367,12.99,12.99,0.0649,1320,17
S3,223,7.381,13.46,13.49,0.0673,464,17
S3,224,7.395,14.00,14.01,0.0700,1268,17
S3,225,7.408,12.91,12.89,0.0645,464,17
S3,226,7.421,13.10,13.10,0.0655,1268,17
S3,227,7.434,13.27,13.28,0.0664,464,17
S3,228,7.448,13.80,13.81,0.0690,1268,17
S3,229,7.462,14.09,14.10,0.0705,464,17
S3,230,7.475,12.86,12.82,0.0643,1268,17
S3,231,7.488,13.57,13.58,0.0679,464,17
S3,232,7.502,13.92,13.90,0.0696,1268,17
S3,233,7.517,14.49,14.50,0.0725,1268,17
S3,234,7.531,14.46,14.49,0.0723,1268,17
S3,235,7.546,14.35,14.31,0.0718,464,17
S3,236,7.559,13.78,13.79,0.0689,464,17
S3,237,7.574,14.66,14.69,0.0733,1320,17
S3,238,7.589,14.69,14.70,0.0735,1268,17
S3,239,7.603,14.36,14.31,0.0718,464,17
S3,240,7.617,14.07,14.09,0.0704,464,17
S3,241,7.632,15.29,15.28,0.0765,1268,17
S3,242,7.648,15.48,15.50,0.0774,1268,17
S3,243,7.663,15.14,15.11,0.0757,1268,17
S3,244,7.678,14.77,14.79,0.0738,464,17
S3,245,7.693,15.50,15.50,0.0775,1268,17
S3,246,7.711,17.21,17.20,0.0860,1268,17
S3,247,7.726,15.85,15.80,0.0792,464,17
S3,248,7.743,16.36,16.38,0.0818,1268,17
S3,249,7.760,16.74,16.71,0.0837,1556,17
S3,250,7.776,16.70,16.71,0.0835,1320,17
S3,251,7.793,16.99,16.98,0.0849,1268,17
S3,252,7.810,17.09,17.10,0.0854,1268,17
S3,253,7.828,17.62,17.60,0.0881,1268,17
S3,254,7.846,17.77,17.78,0.0888,464,17
S3,255,7.864,18.11,18.09,0.0906,1268,17
S3,256,7.883,19.02,19.01,0.0951,1556,17
S3,257,7.902,19.32,19.29,0.0966,1268,17
S3,258,7.921,18.87,18.90,0.0944,1268,17
S3,259,7.939,18.48,18.50,0.0924,1556,17
S3,260,7.959,20.04,19.99,0.1002,1556,17
S3,261,7.979,19.09,19.11,0.0955,1268,17
S3,262,7.999,19.97,19.99,0.0999,1320,17
S3,263,8.019,20.86,20.80,0.1043,1556,17
S3,264,8.039,19.76,19.80,0.0988,1268,17
S3,265,8.059,20.22,20.19,0.1011,1268,17
S3,266,8.081,21.30,21.31,0.1065,1556,17
S3,267,8.101,20.15,20.16,0.1007,1268,17
S3,268,8.121,20.03,20.00,0.1002,1268,17
S3,269,8.141,20.42,20.41,0.1021,1556,17
S3,270,8.162,21.07,21.09,0.1054,1268,16
S3,271,8.183,20.42,20.40,0.1021,1268,16
S3,272,8.203,20.60,20.59,0.1030,1320,15
S3,273,8.223,19.80,19.80,0.0990,1268,15
S3,274,8.243,19.85,19.88,0.0992,1268,15
S3,275,8.264,21.47,21.43,0.1073,1268,15
S3,276,8.285,20.19,20.19,0.1010,1556,15
S3,277,8.304,19.29,19.30,0.0964,1268,15
S3,278,8.324,19.77,19.78,0.0989,1268,15
S3,279,8.344,19.84,19.81,0.0992,1268,15
S3,280,8.363,19.78,19.79,0.0989,1268,15
S3,281,8.384,21.00,20.99,0.1050,1556,15
S3,282,8.405,20.60,20.62,0.1030,1320,15
S3,283,8.425,19.89,19.88,0.0995,1556,15
S3,284,8.447,21.86,21.87,0.1093,1268,15
S3,285,8.467,19.83,19.82,0.0991,1268,15
S3,286,8.487,20.00,20.00,0.1000,1268,15
S3,287,8.507,20.58,20.58,0.1029,1268,15
S3,288,8.527,19.35,19.32,0.0967,1268,14
S3,289,8.546,19.66,19.69,0.0983,464,14
S3,290,8.566,19.81,19.80,0.0991,1268,13
S3,291,8.586,20.19,20.19,0.1009,1268,12
S3,292,8.606,19.61,19.61,0.0980,1320,12
S3,293,8.625,19.01,18.99,0.0950,1268,12
S3,294,8.644,19.47,19.50,0.0973,1268,12
S3,295,8.664,19.39,19.38,0.0969,1268,12
S3,296,8.683,19.03,19.01,0.0951,1268,12
S3,297,8.701,18.73,18.71,0.0937,1268,12
S3,298,8.720,18.39,18.38,0.0919,1268,12
S3,299,8.738,18.37,18.37,0.0918,1268,12
S3,300,8.756,17.89,17.91,0.0895,1268,12
S3,301,8.774,17.81,17.80,0.0890,1268,10
S3,302,8.791,16.95,16.90,0.0847,1268,10
S3,303,8.808,17.05,17.09,0.0853,1864,10
S3,304,8.825,17.21,17.20,0.0860,1268,10
S3,305,8.842,17.20,17.21,0.0860,1268,9
S3,306,8.859,16.85,16.81,0.0842,1268,9
S3,307,8.874,15.38,15.39,0.0769,1268,9
S3,308,8.891,16.50,16.49,0.0825,1268,9
S3,309,8.907,15.62,15.61,0.0781,464,9
S3,310,8.923,16.37,16.38,0.0819,1268,9
S3,311,8.940,17.49,17.51,0.0874,1268,8
S3,312,8.957,16.11,16.09,0.0806,1268,8
S3,313,8.973,16.01,15.99,0.0801,1268,8
S3,314,8.989,16.43,16.26,0.0821,1268,8
S3,315,9.005,15.97,16.13,0.0799,464,8
S3,316,9.021,16.29,16.29,0.0815,1320,8
S3,317,9.038,16.24,16.20,0.0812,1268,8
S3,318,9.053,15.64,15.68,0.0782,1268,8
S3,319,9.070,17.10,17.10,0.0855,1268,6
S3,320,9.086,16.14,16.11,0.0807,1268,6
S3,321,9.102,15.12,15.09,0.0756,464,6
S3,322,9.117,15.87,15.90,0.0794,1268,6
S3,323,9.134,16.71,16.69,0.0835,1268,6
S3,324,9.150,15.47,15.49,0.0774,1268,6
S3,325,9.165,15.31,15.31,0.0765,464,6
S3,326,9.181,15.85,15.84,0.0793,1268,6
S3,327,9.196,15.67,15.65,0.0783,1268,6
S3,328,9.211,14.87,14.88,0.0743,1268,6
S3,329,9.226,15.23,15.20,0.0762,1320,6
S3,330,9.242,15.30,15.30,0.0765,1268,6
S3,331,9.257,15.01,15.02,0.0750,1268,5
S3,332,9.270,13.65,13.67,0.0682,464,5
S3,333,9.285,14.61,14.59,0.0730,464,5
S3,334,9.300,14.63,14.61,0.0731,1268,5
S3,335,9.314,14.27,14.29,0.0714,1268,5
S3,336,9.328,14.23,14.20,0.0712,464,5
S3,337,9.342,13.53,13.49,0.0677,464,5
S3,338,9.356,14.02,14.08,0.0701,1268,5
S3,339,9.370,14.21,14.20,0.0710,1268,5
S3,340,9.384,14.39,14.39,0.0719,1268,5
S3,341,9.398,13.74,13.71,0.0687,464,5
S3,342,9.412,13.59,13.60,0.0680,1268,5
S3,343,9.425,13.33,13.31,0.0667,516,5
S3,344,9.439,14.08,14.09,0.0704,1268,5
S3,345,9.452,13.30,13.28,0.0665,464,5
S3,346,9.466,13.46,13.48,0.0673,1268,5
S3,347,9.481,14.90,14.89,0.0745,1268,5
S3,348,9.495,14.52,14.52,0.0726,1268,5
S3,349,9.508,13.23,13.19,0.0661,1268,5
S3,350,9.523,14.61,14.62,0.0730,1268,5
S3,351,9.539,15.50,15.49,0.0775,1268,5
S3,352,9.554,14.95,14.97,0.0748,1268,5
S3,353,9.567,13.84,13.80,0.0692,1268,5
S3,354,9.583,15.21,15.21,0.0760,1268,5
S3,355,9.598,14.91,14.91,0.0746,1268,4
S3,356,9.612,14.29,14.27,0.0714,464,4
S3,357,9.626,13.97,13.98,0.0699,1320,3
S3,358,9.640,14.33,14.33,0.0717,1268,3
S3,359,9.655,14.98,14.99,0.0749,1268,3
S3,360,9.670,14.73,14.70,0.0736,464,3
S3,361,9.684,14.28,14.29,0.0714,1268,2
S3,362,9.698,14.21,14.20,0.0710,1268,1
S3,363,9.713,14.70,14.70,0.0735,1268,0
S3,364,9.727,14.22,14.20,0.0711,3108,1
S3,365,9.743,15.53,15.51,0.0777,11680,8
S3,366,9.758,15.25,15.28,0.0762,11680,15
S3,367,9.772,14.29,14.29,0.0715,11680,23
S3,368,9.787,14.31,14.29,0.0715,11680,30
S3,369,9.801,14.91,14.89,0.0746,11680,37
S3,370,9.816,14.11,14.10,0.0705,6876,45
S3,371,9.829,13.26,13.29,0.0663,516,52
S3,372,9.842,12.76,12.78,0.0638,464,58
S3,373,9.856,14.15,14.12,0.0708,464,65
S3,374,9.869,13.30,13.30,0.0665,1268,72
S3,375,9.883,13.86,13.88,0.0693,464,79
S3,376,9.896,13.55,13.49,0.0677,464,85
S3,377,9.910,13.51,13.51,0.0676,464,92
S3,378,9.924,14.25,14.29,0.0713,464,99
S3,379,9.938,13.93,13.90,0.0697,464,106
S3,380,9.951,12.58,12.60,0.0629,464,113
S3,381,9.964,12.98,12.98,0.0649,464,119
S3,382,9.978,14.00,14.01,0.0700,464,126
S3,383,9.991,13.17,13.18,0.0658,464,133
S3,384,10.005,13.98,13.92,0.0699,464,139
S3,385,10.018,13.03,13.00,0.0652,464,146
S3,386,10.033,15.05,15.09,0.0752,1320,153
S3,387,10.047,14.49,14.49,0.0724,1268,161
S3,388,10.062,14.43,14.40,0.0721,464,168
S3,389,10.076,13.70,13.68,0.0685,464,175
S3,390,10.090,14.35,14.39,0.0718,464,182
S3,391,10.104,13.70,13.70,0.0685,464,189
S3,392,10.119,15.24,15.21,0.0762,1268,196
S3,393,10.133,13.98,13.99,0.0699,464,203
S3,394,10.148,14.99,14.99,0.0750,464,210
S3,395,10.162,14.18,14.19,0.0709,464,218
S3,396,10.177,14.99,14.92,0.0749,1268,225
S3,397,10.192,14.82,14.86,0.0741,464,233
S3,398,10.207,15.11,15.11,0.0755,464,240
S3,399,10.222,15.32,15.30,0.0766,1268,247
S3,400,10.238,15.89,15.90,0.0795,516,255
S3,401,10.254,15.83,15.79,0.0792,1268,263
S3,402,10.270,15.57,15.60,0.0778,464,271
S3,403,10.284,14.47,14.49,0.0724,464,279
S3,404,10.300,15.95,15.90,0.0797,1268,286
S3,405,10.314,14.20,14.20,0.0710,464,294
S3,406,10.329,14.75,14.78,0.0738,464,301
S3,407,10.343,14.30,14.29,0.0715,1268,308
S3,408,10.360,16.52,16.52,0.0826,1268,316
S3,409,10.375,15.51,15.49,0.0775,1268,324
S3,410,10.391,15.88,15.90,0.0794,464,332
S3,411,10.406,15.11,15.10,0.0755,464,340
S3,412,10.422,16.11,16.10,0.0805,1268,347
S3,413,10.439,16.80,16.79,0.0840,1320,355
S3,414,10.455,15.99,16.00,0.0800,464,364
S3,415,10.472,16.60,16.60,0.0830,1268,372
S3,416,10.489,16.89,16.90,0.0845,1268,380
S3,417,10.506,17.46,17.40,0.0873,1268,388
S3,418,10.522,16.17,16.19,0.0808,464,397
S3,419,10.539,16.98,16.99,0.0849,464,405
S3,420,10.557,17.44,17.40,0.0872,1268,414
S3,421,10.575,17.91,17.91,0.0895,1268,422
S3,422,10.596,21.46,21.47,0.1073,464,431
S3,423,10.615,19.23,19.20,0.0962,1268,442
S3,424,10.636,20.97,20.99,0.1049,1268,452
S3,425,10.657,20.94,20.91,0.1047,1320,462
S3,426,10.679,21.62,21.60,0.1081,1268,473
S3,427,10.701,21.98,21.99,0.1099,1268,483
S3,428,10.723,21.80,21.79,0.1090,1268,494
S3,429,10.745,22.18,22.19,0.1109,1268,505
S3,430,10.768,22.92,22.90,0.1146,1268,516
S3,431,10.791,22.95,22.98,0.1148,1268,528
S3,432,10.814,23.53,23.50,0.1176,1268,539
S3,433,10.838,23.78,23.80,0.1189,1312,550
S3,434,10.862,24.12,24.11,0.1206,1320,562
S3,435,10.886,24.11,24.09,0.1205,1268,574
S3,436,10.909,23.21,23.21,0.1160,1268,586
S3,437,10.933,23.96,23.98,0.1198,1268,598
S3,438,10.958,24.63,24.61,0.1231,1268,610
S3,439,10.983,25.03,25.01,0.1252,1268,622
S3,440,11.007,24.45,24.27,0.1223,1268,634
S3,441,11.030,23.04,23.22,0.1152,1268,646
S3,442,11.055,24.46,24.48,0.1223,1268,657
S3,443,11.079,23.60,23.60,0.1180,1320,669
S3,444,11.104,25.50,25.50,0.1275,1668,681
S3,445,11.131,27.01,27.00,0.1351,1792,687
S3,446,11.157,25.71,25.70,0.1285,1268,687
S3,447,11.184,27.38,27.40,0.1369,1268,687
S3,448,11.211,26.96,26.90,0.1348,1268,687
S3,449,11.240,28.58,28.60,0.1429,1268,687
S3,450,11.268,28.52,28.48,0.1426,1268,686
S3,451,11.298,29.46,29.49,0.1473,1320,686
S3,452,11.326,28.53,28.51,0.1427,1268,685
S3,453,11.354,28.06,28.08,0.1403,1268,685
S3,454,11.383,28.34,28.30,0.1417,17684,685
S3,455,11.411,28.59,28.60,0.1429,1268,685
S3,456,11.441,29.45,29.48,0.1473,1268,685
S3,457,11.471,30.62,30.61,0.1531,1268,685
S3,458,11.503,31.39,31.40,0.1570,1320,684
S3,459,11.534,31.19,31.18,0.1560,1268,684
S3,460,11.566,31.92,31.91,0.1596,1268,684
S3,461,11.597,31.68,31.70,0.1584,1268,684
S3,462,11.629,31.82,31.80,0.1591,17684,684
S3,463,11.661,32.00,32.00,0.1600,17684,684
S3,464,11.692,31.20,31.19,0.1560,1268,683
S3,465,11.723,31.02,31.02,0.1551,1320,683
S3,466,11.755,31.47,31.48,0.1574,1268,682
S3,467,11.786,31.38,31.39,0.1569,1268,681
S3,468,11.818,31.32,31.29,0.1566,1268,677
S3,469,11.849,31.68,31.71,0.1584,1268,677
S3,470,11.881,31.84,31.79,0.1592,650,677
S3,471,11.915,33.58,33.61,0.1679,1268,676
S3,472,11.947,32.49,32.50,0.1625,1320,675
S3,473,11.979,31.88,31.80,0.1594,1268,675
S3,474,12.010,31.33,31.39,0.1566,1268,675
S3,475,12.042,31.90,31.90,0.1595,1268,675
S3,476,12.074,31.31,31.29,0.1566,1268,675
S3,477,12.104,29.95,29.98,0.1497,1268,675
S3,478,12.133,29.43,29.40,0.1471,1268,674
S3,479,12.160,27.04,27.02,0.1352,1320,674
S3,480,12.189,28.97,28.98,0.1448,1268,674
S3,481,12.216,26.59,26.60,0.1330,1268,673
S3,482,12.242,25.98,25.91,0.1299,1268,672
S3,483,12.266,24.73,24.78,0.1236,1268,671
S3,484,12.292,25.41,25.40,0.1270,1268,670
S3,485,12.316,24.60,24.60,0.1230,1268,670
S3,486,12.341,24.42,24.41,0.1221,1268,669
S3,487,12.365,24.59,24.58,0.1229,1320,669
S3,488,12.389,23.67,23.70,0.1184,1268,669
S3,489,12.414,24.51,24.49,0.1225,1268,667
S3,490,12.439,25.42,25.40,0.1271,1268,667
S3,491,12.465,25.81,25.80,0.1290,1268,667
S3,492,12.490,25.20,25.20,0.1260,650,666
S3,493,12.514,23.78,23.80,0.1189,1268,664
S3,494,12.536,22.58,22.59,0.1129,1268,663
S3,495,12.559,22.84,22.81,0.1142,1268,663
S3,496,12.582,23.05,23.09,0.1152,1320,662
S3,497,12.606,23.26,23.22,0.1163,1268,662
S3,498,12.628,22.46,22.48,0.1123,1268,662
S3,499,12.650,22.28,22.30,0.1114,650,662
S3,500,12.672,22.05,22.01,0.1102,1268,662
S3,501,12.695,22.68,22.69,0.1134,1268,662
S3,502,12.717,21.80,21.83,0.1090,1268,662
S3,503,12.739,22.37,22.37,0.1119,1268,662
S3,504,12.763,23.98,23.91,0.1199,1268,662
S3,505,12.790,27.33,27.38,0.1367,1320,662
S3,506,12.816,26.01,26.00,0.1301,1268,662
S3,507,12.843,26.42,26.41,0.1321,1268,662
S3,508,12.869,25.72,25.70,0.1286,1268,662
S3,509,12.894,24.96,24.98,0.1248,1268,662
S3,510,12.919,25.83,25.81,0.1292,1268,662
S3,511,12.946,26.16,26.19,0.1308,1268,661
S3,512,12.971,25.34,25.30,0.1267,1268,661
S3,513,12.997,25.77,25.80,0.1289,1320,661
S3,514,13.022,25.32,25.10,0.1266,1268,661
S3,515,13.047,24.94,25.18,0.1247,1268,660
S3,516,13.071,24.39,24.38,0.1220,1268,660
S3,517,13.095,23.85,23.83,0.1192,1268,660
S3,518,13.119,24.31,24.30,0.1215,1268,659
S3,519,13.142,22.15,22.18,0.1108,1268,659
S3,520,13.166,24.54,24.51,0.1227,1268,658
S3,521,13.191,24.91,24.90,0.1246,1268,658
S3,522,13.216,25.29,25.29,0.1265,1320,658
S3,523,13.243,26.43,26.42,0.1322,1268,658
S3,524,13.268,25.18,25.17,0.1259,1268,658
S3,525,13.294,26.30,26.30,0.1315,1268,657
S3,526,13.320,25.82,25.81,0.1291,27064,656
S3,527,13.346,25.75,25.79,0.1287,1268,654
S3,528,13.373,26.84,26.81,0.1342,1268,654
S3,529,13.401,27.79,27.79,0.1390,1268,654
S3,530,13.431,30.31,30.27,0.1515,1320,653
S3,531,13.460,29.21,29.22,0.1461,1268,653
S3,532,13.490,29.97,29.98,0.1498,650,652
S3,533,13.520,30.13,30.10,0.1507,1268,651
S3,534,13.550,30.31,30.31,0.1516,1268,651
S3,535,13.580,30.03,30.07,0.1501,1268,651
S3,536,13.613,32.64,32.61,0.1632,1268,648
S3,537,13.645,31.88,31.90,0.1594,1320,646
S3,538,13.678,33.11,33.09,0.1655,1268,645
S3,539,13.712,33.68,33.70,0.1684,650,644
S3,540,13.745,32.73,32.68,0.1637,1268,642
S3,541,13.779,34.49,34.52,0.1724,1268,641
S3,542,13.813,33.61,33.59,0.1681,1268,640
S3,543,13.850,37.23,37.23,0.1861,650,639
S3,544,13.887,36.82,36.77,0.1841,1320,638
S3,545,13.924,37.33,37.38,0.1867,1268,636
S3,546,13.963,39.09,39.09,0.1954,1268,635
S3,547,14.000,37.39,37.41,0.1870,1268,632
S3,548,14.039,38.22,38.20,0.1911,1268,631
S3,549,14.075,36.40,36.39,0.1820,1268,631
S3,550,14.112,36.59,36.60,0.1830,1320,629
S3,551,14.148,35.88,35.89,0.1794,1268,629
S3,552,14.182,34.82,34.80,0.1741,1268,628
S3,553,14.219,36.89,36.90,0.1845,1268,626
S3,554,14.259,39.64,39.60,0.1982,1268,624
S3,555,14.300,41.10,41.09,0.2055,1268,624
S3,556,14.343,43.20,43.19,0.2160,1320,619
S3,557,14.389,45.50,45.50,0.2275,1268,615
S3,558,14.436,47.21,47.19,0.2361,650,609
S3,559,14.484,48.14,48.18,0.2407,1268,606
S3,560,14.535,50.41,50.33,0.2521,650,597
S3,561,14.590,55.27,55.28,0.2763,1320,592
S3,562,14.658,68.15,68.18,0.3408,1268,579
S3,563,14.735,77.13,77.11,0.3856,1268,565
S3,564,14.825,89.68,89.69,0.4484,1320,553
S3,565,14.922,96.90,96.90,0.4845,1268,534
S3,566,15.038,116.46,116.19,0.5000,5396,527
S3,567,15.161,122.65,122.89,0.5000,9576,511
S3,568,15.279,118.69,118.69,0.5000,25354,498
S3,569,15.392,112.49,112.50,0.5000,33808,479
S3,570,15.492,100.09,100.10,0.5000,5396,460
S3,571,15.595,102.59,102.59,0.5000,37716,430
S3,572,15.695,100.10,100.11,0.5000,13400,399
S3,573,15.789,94.37,94.38,0.4719,1320,370
S3,574,15.878,88.64,88.62,0.4432,4284,318
S3,575,15.957,78.99,78.99,0.3950,4468,280
S3,576,16.027,70.28,70.29,0.3514,6516,246
S3,577,16.094,67.02,67.01,0.3351,4938,220
S3,578,16.151,56.69,56.70,0.2835,4502,200
S3,579,16.199,48.57,48.58,0.2428,4066,177
S3,580,16.241,42.14,42.11,0.2107,3464,153
S3,581,16.281,39.39,39.42,0.1970,2540,136
S3,582,16.317,36.09,36.08,0.1804,2758,125
S3,583,16.350,33.07,33.10,0.1654,3412,113
S3,584,16.381,31.30,31.29,0.1565,2794,94
S3,585,16.411,29.33,29.30,0.1467,2976,88
S3,586,16.440,29.00,29.00,0.1450,2592,75
S3,587,16.468,28.27,28.30,0.1414,1268,71
S3,588,16.494,26.30,26.30,0.1315,2322,64
S3,589,16.519,24.64,24.60,0.1232,1922,59
S3,590,16.542,23.38,23.40,0.1169,1486,53
S3,591,16.564,21.46,21.40,0.1073,2540,48
S3,592,16.583,19.65,19.69,0.0983,2104,46
S3,593,16.603,20.12,20.10,0.1006,2758,39
S3,594,16.622,19.08,19.08,0.0954,2322,37
S3,595,16.640,17.59,17.60,0.0880,2156,35
S3,596,16.659,19.15,19.11,0.0957,2104,30
S3,597,16.678,18.47,18.47,0.0923,2540,27
S3,598,16.695,17.26,17.30,0.0863,1486,26
S3,599,16.712,17.23,17.20,0.0862,2104,24
S3,600,16.730,18.11,18.10,0.0906,2104,16
S3,601,16.749,18.50,18.50,0.0925,2104,13
S3,602,16.768,19.08,19.08,0.0954,2104,12
S3,603,16.787,19.14,19.11,0.0957,1268,8
S3,604,16.809,21.56,21.59,0.1078,1268,7
S3,605,16.829,20.18,20.19,0.1009,1268,4
S3,606,16.849,20.64,20.61,0.1032,516,4
S3,607,16.869,19.20,19.20,0.0960,1268,4
S3,608,16.888,19.68,19.68,0.0984,1268,4
S3,609,16.910,21.66,21.60,0.1083,1268,4
S3,610,16.931,20.85,20.88,0.1042,464,4
S3,611,16.949,18.58,18.60,0.0929,1268,4
S3,612,16.970,20.23,20.20,0.1012,464,4
S3,613,16.991,21.15,21.19,0.1058,464,4
S3,614,17.009,18.40,18.39,0.0920,1268,4
S3,615,17.029,19.63,19.61,0.0981,464,4
S3,616,17.048,19.24,19.08,0.0962,1320,4
S3,617,17.066,18.37,18.52,0.0919,1268,4
S3,618,17.086,20.07,20.08,0.1004,1268,4
S3,619,17.106,19.12,19.12,0.0956,1268,4
S3,620,17.123,17.88,17.89,0.0894,1268,4
S3,621,17.141,18.04,17.99,0.0902,1268,4
S3,622,17.161,19.17,19.21,0.0959,1268,4
S3,623,17.179,18.47,18.49,0.0924,1268,4
S3,624,17.197,18.21,18.20,0.0910,1268,4
S3,625,17.216,18.44,18.41,0.0922,1268,3
S3,626,17.233,17.59,17.59,0.0879,1268,3
S3,627,17.251,17.69,17.70,0.0885,516,3
S3,628,17.269,18.12,18.09,0.0906,1268,3
S3,629,17.286,17.15,17.20,0.0858,1268,2
S3,630,17.303,16.81,16.80,0.0840,1268,2
S3,631,17.320,17.01,17.00,0.0850,1268,2
S3,632,17.338,17.46,17.49,0.0873,1268,2
S3,633,17.354,16.23,16.21,0.0812,464,2
S3,634,17.369,14.89,14.91,0.0745,464,2
S3,635,17.384,15.48,15.49,0.0774,1268,2
S3,636,17.399,14.81,14.80,0.0740,464,2
S3,637,17.413,13.92,13.91,0.0696,1268,2
S3,638,17.427,14.51,14.49,0.0725,464,2
S3,639,17.443,15.67,15.69,0.0784,1268,2
S3,640,17.460,16.40,16.39,0.0820,1320,2
S3,641,17.475,15.05,15.03,0.0752,464,2
S3,642,17.490,15.29,15.30,0.0764,464,2
S3,643,17.506,16.46,16.48,0.0823,1268,2
S3,644,17.523,16.80,16.80,0.0840,2104,1
S3,645,17.538,14.55,14.50,0.0727,464,1
S3,646,17.554,16.21,16.21,0.0811,464,1
S3,647,17.571,16.61,16.61,0.0831,1268,1
S3,648,17.586,15.08,15.07,0.0754,1268,0
S3,649,17.601,15.68,15.68,0.0784,3108,1
S3,650,17.618,16.59,16.60,0.0829,11680,8
S3,651,17.633,15.56,15.58,0.0778,11680,17
S3,652,17.649,15.84,15.81,0.0792,11680,24
S3,653,17.665,15.89,15.89,0.0795,11732,32
S3,654,17.681,15.54,15.58,0.0777,12484,40
S3,655,17.696,15.04,15.03,0.0752,11680,48
S3,656,17.709,13.52,13.49,0.0676,464,56
S3,657,17.723,14.11,14.10,0.0705,464,62
S3,658,17.737,13.26,13.31,0.0663,464,69
S3,659,17.749,12.50,12.49,0.0625,464,76
S3,660,17.762,12.91,12.91,0.0646,464,82
S3,661,17.774,11.90,11.89,0.0595,464,89
S3,662,17.787,12.67,12.69,0.0634,464,95
S3,663,17.799,12.82,12.81,0.0641,1268,101
S3,664,17.812,12.88,12.89,0.0644,464,107
S3,665,17.825,12.61,12.60,0.0631,1268,114
S3,666,17.838,12.78,12.80,0.0639,464,120
S3,667,17.850,12.47,12.41,0.0624,464,127
S3,668,17.863,12.48,12.49,0.0624,516,133
S3,669,17.876,13.11,13.09,0.0656,464,139
S3,670,17.888,12.34,12.39,0.0617,464,146
S3,671,17.902,13.62,13.60,0.0681,1268,152
S3,672,17.915,12.87,12.88,0.0644,464,159
S3,673,17.928,13.01,13.00,0.0651,464,165
S3,674,17.940,12.88,12.90,0.0644,464,172
S3,675,17.953,12.12,12.09,0.0606,464,178
S3,676,17.966,13.62,13.61,0.0681,464,184
S3,677,17.980,14.09,14.09,0.0704,1268,191
S3,678,17.994,14.12,14.11,0.0706,464,198
S3,679,18.008,13.18,13.19,0.0659,464,205
S3,680,18.021,13.82,13.81,0.0691,464,212
S3,681,18.035,13.58,13.58,0.0679,464,218
S3,682,18.049,14.25,14.21,0.0712,464,225
S3,683,18.065,15.57,15.59,0.0778,1268,232
S3,684,18.081,16.11,16.11,0.0806,516,240
S3,685,18.096,15.09,15.09,0.0755,464,248
S3,686,18.111,15.22,15.21,0.0761,464,256
S3,687,18.126,14.91,14.89,0.0745,464,263
S3,688,18.141,15.21,15.20,0.0761,464,271
S3,689,18.157,15.17,15.18,0.0758,1268,278
S3,690,18.173,16.71,16.71,0.0836,464,286
S3,691,18.190,16.37,16.39,0.0819,1268,294
S3,692,18.206,16.53,16.50,0.0827,464,303
S3,693,18.223,16.49,16.49,0.0824,1268,311
S3,694,18.240,17.28,17.29,0.0864,1268,319
S3,695,18.256,16.53,16.51,0.0827,1268,328
S3,696,18.274,17.30,17.30,0.0865,1268,336
S3,697,18.291,16.85,16.88,0.0842,516,345
S3,698,18.307,16.60,16.58,0.0830,1268,353
S3,699,18.325,17.51,17.51,0.0876,464,361
S3,700,18.342,17.44,17.40,0.0872,1268,370
S3,701,18.361,18.55,18.51,0.0928,464,379
S3,702,18.381,20.01,20.05,0.1001,1268,388
S3,703,18.399,18.62,18.62,0.0931,1268,398
S3,704,18.418,18.42,18.41,0.0921,464,407
S3,705,18.437,18.97,18.98,0.0948,1268,417
S3,706,18.456,19.70,19.71,0.0985,1268,426
S3,707,18.477,20.64,20.61,0.1032,1268,436
S3,708,18.497,19.64,19.61,0.0982,1320,446
S3,709,18.517,19.82,19.87,0.0991,464,456
S3,710,18.538,21.17,21.19,0.1058,1268,466
S3,711,18.559,21.67,21.61,0.1083,1268,477
S3,712,18.582,22.31,22.31,0.1116,1268,487
S3,713,18.605,23.48,23.48,0.1174,1268,499
S3,714,18.628,22.88,22.90,0.1144,1268,510
S3,715,18.651,22.94,22.91,0.1147,1268,522
S3,716,18.674,22.77,22.80,0.1139,1268,533
S3,717,18.697,23.38,23.38,0.1169,1268,545
S3,718,18.721,24.33,24.32,0.1217,1364,555
S3,719,18.746,24.57,24.60,0.1229,1268,567
S3,720,18.770,24.14,24.10,0.1207,1268,580
S3,721,18.794,23.70,23.70,0.1185,1268,592
S3,722,18.818,23.87,23.88,0.1194,1268,604
S3,723,18.843,25.30,25.30,0.1265,1268,616
S3,724,18.868,24.88,24.90,0.1244,1268,627
S3,725,18.894,25.71,25.70,0.1286,1268,640
S3,726,18.918,24.31,24.30,0.1216,1268,653
S3,727,18.944,26.44,26.42,0.1322,1320,665
S3,728,18.969,24.97,24.98,0.1248,1268,678
S3,729,18.995,25.36,25.39,0.1268,1508,690
S3,730,19.022,27.06,27.02,0.1353,2032,699
S3,731,19.047,24.84,24.86,0.1242,650,699
S3,732,19.072,25.01,24.81,0.1250,1268,699
S3,733,19.096,24.71,24.90,0.1235,1268,699
S3,734,19.125,28.33,28.30,0.1417,1268,699
S3,735,19.154,29.16,29.20,0.1458,702,699
S3,736,19.183,29.66,29.61,0.1483,1268,699
S3,737,19.214,30.36,30.39,0.1518,650,699
S3,738,19.246,31.74,31.70,0.1587,1268,699
S3,739,19.278,32.67,32.69,0.1633,1268,696
S3,740,19.312,34.20,34.20,0.1710,1268,696
S3,741,19.348,35.98,36.00,0.1799,1268,696
S3,742,19.384,35.93,35.89,0.1796,1320,696
S3,743,19.420,36.08,36.11,0.1804,1268,695
S3,744,19.456,35.39,35.38,0.1769,1268,695
S3,745,19.493,36.70,36.71,0.1835,1268,693
S3,746,19.530,37.12,37.10,0.1856,1268,693
S3,747,19.565,35.48,35.51,0.1774,650,692
S3,748,19.599,33.52,33.49,0.1676,1320,692
S3,749,19.632,33.69,33.71,0.1684,1268,692
S3,750,19.667,34.70,34.70,0.1735,1268,692
S3,751,19.701,33.77,33.79,0.1689,1268,692
S3,752,19.735,33.81,33.80,0.1691,1268,691
S3,753,19.768,33.79,33.80,0.1690,1268,691
S3,754,19.802,33.80,33.79,0.1690,1320,687
S3,755,19.835,32.58,32.60,0.1629,1268,686
S3,756,19.868,33.33,33.31,0.1667,1268,686
S3,757,19.902,33.79,33.79,0.1690,1268,685
S3,758,19.934,32.09,32.10,0.1604,1268,685
S3,759,19.966,31.64,31.61,0.1582,1268,685
S3,760,19.996,30.69,30.68,0.1534,1268,685
S3,761,20.026,29.97,30.01,0.1499,1320,684
S3,762,20.056,29.56,29.51,0.1478,650,684
S3,763,20.085,28.95,28.99,0.1447,1268,683
S3,764,20.114,28.93,28.89,0.1447,1268,678
S3,765,20.141,26.80,26.80,0.1340,1268,678
S3,766,20.166,25.82,25.80,0.1291,1268,678
S3,767,20.192,25.54,25.59,0.1277,1268,678
S3,768,20.216,23.95,23.91,0.1197,650,678
S3,769,20.241,24.81,24.80,0.1240,1320,678
S3,770,20.265,24.45,24.48,0.1222,1268,678
S3,771,20.291,25.72,25.70,0.1286,1268,678
S3,772,20.316,25.00,25.01,0.1250,1268,678
S3,773,20.340,24.59,24.60,0.1229,1268,678
S3,774,20.365,24.73,24.69,0.1237,650,678
S3,775,20.390,24.42,24.41,0.1221,650,678
S3,776,20.414,24.25,24.28,0.1213,1268,678
S3,777,20.439,24.93,24.90,0.1246,1268,678
S3,778,20.462,23.48,23.49,0.1174,1320,678
S3,779,20.486,23.78,23.80,0.1189,1268,678
S3,780,20.509,22.62,22.61,0.1131,650,678
S3,781,20.532,22.88,22.90,0.1144,1268,678
S3,782,20.555,23.35,23.30,0.1167,1268,678
S3,783,20.578,23.28,23.29,0.1164,650,678
S3,784,20.603,24.62,24.61,0.1231,1268,678
S3,785,20.626,23.65,23.67,0.1183,1268,678
S3,786,20.651,24.60,24.59,0.1230,27064,677
S3,787,20.676,24.92,24.91,0.1246,1320,677
S3,788,20.700,24.43,24.41,0.1221,1268,677
S3,789,20.725,24.92,24.88,0.1246,1268,677
S3,790,20.749,23.94,24.00,0.1197,1268,677
S3,791,20.773,23.71,23.69,0.1186,1268,677
S3,792,20.797,23.70,23.69,0.1185,650,677
S3,793,20.820,23.19,23.20,0.1160,1268,677
S3,794,20.844,23.68,23.70,0.1184,1268,677
S3,795,20.867,23.37,23.31,0.1169,1268,677
S3,796,20.891,24.22,24.27,0.1211,1320,677
S3,797,20.918,26.93,26.91,0.1347,1268,677
S3,798,20.943,25.32,25.31,0.1266,1268,677
S3,799,20.968,24.93,24.89,0.1246,1268,677
S3,800,20.993,24.85,24.89,0.1242,1268,677
S3,801,21.018,24.81,24.81,0.1240,650,676
S3,802,21.042,24.18,24.19,0.1209,650,676
S3,803,21.067,25.23,25.21,0.1261,1268,675
S3,804,21.092,24.88,24.69,0.1244,1320,672
S3,805,21.118,25.55,25.71,0.1277,1268,672
S3,806,21.143,25.35,25.39,0.1267,1268,670
S3,807,21.169,25.58,25.52,0.1279,1268,669
S3,808,21.194,25.32,25.36,0.1266,1268,669
S3,809,21.220,25.83,25.81,0.1292,1268,669
S3,810,21.246,26.33,26.32,0.1317,1268,668
S3,811,21.273,26.96,26.98,0.1348,1268,667
S3,812,21.300,26.77,26.79,0.1339,1320,667
S3,813,21.328,28.19,28.12,0.1410,1268,666
S3,814,21.356,27.61,27.68,0.1380,1268,665
S3,815,21.384,28.63,28.59,0.1431,1268,665
S3,816,21.413,28.61,28.61,0.1430,1268,664
S3,817,21.442,29.39,29.38,0.1470,1268,663
S3,818,21.472,29.32,29.31,0.1466,1268,660
S3,819,21.502,30.08,30.08,0.1504,1268,659
S3,820,21.532,30.08,30.11,0.1504,1320,657
S3,821,21.564,31.96,31.90,0.1598,1268,657
S3,822,21.596,32.64,32.68,0.1632,1268,656
S3,823,21.631,35.03,35.02,0.1751,1268,655
S3,824,21.667,35.08,35.09,0.1754,5396,655
S3,825,21.704,37.40,37.39,0.1870,1268,653
S3,826,21.741,36.78,36.81,0.1839,1320,653
S3,827,21.779,38.05,38.01,0.1902,1268,649
S3,828,21.816,37.16,37.18,0.1858,4778,647
S3,829,21.853,37.21,37.21,0.1861,1268,645
S3,830,21.888,35.20,35.20,0.1760,1268,644
S3,831,21.924,35.73,35.70,0.1787,1268,642
S3,832,21.960,36.04,36.09,0.1802,1320,639
S3,833,21.997,36.94,36.91,0.1847,1268,638
S3,834,22.034,36.96,36.98,0.1848,1268,638
S3,835,22.070,35.65,35.61,0.1782,1268,636
S3,836,22.106,36.67,36.69,0.1834,1268,635
S3,837,22.143,37.02,37.00,0.1851,650,632
S3,838,22.182,38.38,38.40,0.1919,1320,628
S3,839,22.220,37.91,37.89,0.1895,1268,625
S3,840,22.259,39.28,39.31,0.1964,1268,619
S3,841,22.302,43.15,43.11,0.2158,1268,617
S3,842,22.349,46.79,46.79,0.2340,1268,613
S3,843,22.399,49.71,49.70,0.2486,702,611
S3,844,22.451,52.67,52.69,0.2634,1268,603
S3,845,22.510,58.64,58.60,0.2932,1268,590
S3,846,22.575,64.68,64.69,0.3234,1268,579
S3,847,22.654,79.59,79.61,0.3980,1320,564
S3,848,22.748,93.38,93.39,0.4669,1268,550
S3,849,22.844,96.19,96.19,0.4809,1268,539
S3,850,22.960,115.73,115.72,0.5000,1320,524
S3,851,23.077,117.69,117.68,0.5000,1268,511
S3,852,23.192,114.90,114.70,0.5000,1320,494
S3,853,23.304,111.98,112.13,0.5000,1268,471
S3,854,23.405,100.73,100.78,0.5000,1320,443
S3,855,23.511,106.23,106.20,0.5000,1268,410
S3,856,23.616,105.35,105.38,0.5000,1320,372
S3,857,23.716,99.74,99.71,0.4987,2540,347
S3,858,23.811,95.18,95.20,0.4759,8260,289
S3,859,23.896,85.00,85.00,0.4250,3230,247
S3,860,23.969,72.98,73.00,0.3649,6464,210
S3,861,24.044,75.21,75.20,0.3761,4554,177
S3,862,24.106,61.29,61.29,0.3064,4066,150
S3,863,24.167,61.61,61.61,0.3081,3630,128
S3,864,24.219,51.14,51.10,0.2557,2794,105
S3,865,24.268,49.95,49.98,0.2497,2846,84
S3,866,24.313,44.29,44.29,0.2215,2758,71
S3,867,24.354,41.70,41.71,0.2085,2104,61
S3,868,24.394,39.41,39.40,0.1971,2758,51
S3,869,24.431,37.17,37.19,0.1859,2976,41
S3,870,24.468,37.23,37.20,0.1861,1974,37
S3,871,24.502,34.07,34.09,0.1704,2104,33
S3,872,24.529,26.52,26.49,0.1326,1486,30
S3,873,24.554,24.68,24.71,0.1234,2104,26
S3,874,24.573,19.33,19.31,0.0967,1518,24
S3,875,24.591,18.17,18.19,0.0909,650,23
S3,876,24.609,17.80,17.79,0.0890,2540,18
S3,877,24.626,17.48,17.49,0.0874,1486,16
S3,878,24.644,17.74,17.70,0.0887,2104,14
S3,879,24.661,17.28,17.31,0.0864,2156,13
S3,880,24.677,16.08,16.09,0.0804,464,13
S3,881,24.694,16.41,16.40,0.0821,464,13
S3,882,24.711,16.94,16.91,0.0847,1268,13
S3,883,24.728,16.90,16.90,0.0845,1300,12
S3,884,24.744,16.14,16.18,0.0807,1268,12
S3,885,24.761,17.62,17.61,0.0881,1268,12
S3,886,24.778,16.73,16.71,0.0837,464,12
S3,887,24.795,16.51,16.49,0.0825,1268,12
S3,888,24.813,18.36,18.38,0.0918,1268,12
S3,889,24.831,17.67,17.67,0.0883,1268,12
S3,890,24.848,17.72,17.71,0.0886,1268,12
S3,891,24.866,17.64,17.61,0.0882,1320,12
S3,892,24.884,17.92,17.90,0.0896,1268,12
S3,893,24.901,17.47,17.50,0.0874,1268,12
S3,894,24.918,16.34,16.30,0.0817,1268,12
S3,895,24.935,17.34,17.39,0.0867,1268,12
S3,896,24.951,16.25,16.20,0.0813,464,12
S3,897,24.968,16.68,16.68,0.0834,1268,12
S3,898,24.986,17.76,17.79,0.0888,1268,12
S3,899,25.003,17.61,17.60,0.0881,1268,12
S3,900,25.021,17.73,17.71,0.0886,1268,12
S3,901,25.037,16.07,16.09,0.0804,464,12
S3,902,25.055,18.12,18.10,0.0906,1268,12
S3,903,25.073,17.21,17.19,0.0860,1320,12
S3,904,25.090,17.26,17.29,0.0863,1268,12
S3,905,25.108,18.22,18.21,0.0911,1268,12
S3,906,25.125,17.13,17.10,0.0857,1268,11
S3,907,25.142,16.85,16.88,0.0843,1268,11
S3,908,25.158,16.15,16.10,0.0807,1268,11
S3,909,25.174,15.56,15.59,0.0778,464,11
S3,910,25.190,15.82,15.80,0.0791,1268,11
S3,911,25.206,16.00,15.79,0.0800,464,11
S3,912,25.222,16.01,16.21,0.0800,1268,11
S3,913,25.237,15.77,15.79,0.0789,1268,11
S3,914,25.253,16.01,16.00,0.0800,1268,11
S3,915,25.269,15.92,15.90,0.0796,1268,11
S3,916,25.286,16.95,16.99,0.0847,1320,11
S3,917,25.302,15.82,15.79,0.0791,1268,11
S3,918,25.318,16.05,16.01,0.0803,464,11
S3,919,25.334,15.94,15.98,0.0797,1268,11
S3,920,25.350,16.14,16.11,0.0807,1268,11
S3,921,25.366,15.96,15.99,0.0798,1268,11
S3,922,25.382,16.34,16.31,0.0817,464,11
S3,923,25.399,16.89,16.90,0.0844,1268,11
S3,924,25.416,16.49,16.49,0.0824,1268,11
S3,925,25.433,16.91,16.89,0.0845,1268,11
S3,926,25.450,17.09,17.10,0.0854,464,11
S3,927,25.467,17.25,17.21,0.0862,1268,11
S3,928,25.484,17.01,17.00,0.0850,1268,11
S3,929,25.501,17.35,17.37,0.0867,1320,11
S3,930,25.518,16.90,16.90,0.0845,1268,11
S3,931,25.536,17.50,17.50,0.0875,1268,11
S3,932,25.554,17.91,17.90,0.0896,1268,11
S3,933,25.572,17.89,17.88,0.0894,1268,11
S3,934,25.590,18.12,18.12,0.0906,1268,11
S3,935,25.607,17.31,17.30,0.0866,1268,11
S3,936,25.625,17.58,17.58,0.0879,1268,11
S3,937,25.644,18.90,18.90,0.0945,1268,10
S3,938,25.661,17.38,17.41,0.0869,1268,10
S3,939,25.679,18.03,18.01,0.0902,1268,10
S3,940,25.696,17.39,17.38,0.0869,1268,10
S3,941,25.714,18.09,18.10,0.0904,1320,10
S3,942,25.732,17.79,17.79,0.0890,464,10
S3,943,25.750,18.01,18.01,0.0900,1268,10
S3,944,25.768,18.05,18.01,0.0902,1556,10
S3,945,25.786,17.64,17.68,0.0882,1268,10
S3,946,25.804,18.01,17.99,0.0900,1268,10
S3,947,25.823,19.01,19.01,0.0950,1268,10
S3,948,25.841,17.98,17.99,0.0899,1268,10
S3,949,25.859,17.91,17.90,0.0896,1268,10
S3,950,25.877,18.21,18.21,0.0911,1268,10
S3,951,25.895,17.86,17.88,0.0893,1268,9
S3,952,25.914,18.76,18.71,0.0938,1268,9
S3,953,25.932,18.15,18.18,0.0908,1320,9
S3,954,25.950,18.53,18.50,0.0926,1268,9
S3,955,25.968,17.70,17.70,0.0885,1268,8
S3,956,25.986,18.02,18.01,0.0901,1268,8
S3,957,26.004,17.86,17.89,0.0893,1268,7
S3,958,26.022,17.59,17.51,0.0879,1268,6
S3,959,26.041,19.05,19.07,0.0953,1268,6
S3,960,26.060,19.54,19.52,0.0977,1268,4
S3,961,26.079,18.59,18.57,0.0930,1268,3
S3,962,26.098,19.55,19.59,0.0977,1268,3
S3,963,26.117,18.95,18.91,0.0947,1268,3
S3,964,26.134,16.38,16.38,0.0819,1320,3
S3,965,26.151,17.91,17.90,0.0895,1268,3
S3,966,26.169,17.41,17.39,0.0870,1268,3
S3,967,26.186,16.69,16.69,0.0835,1268,2
S3,968,26.202,16.71,16.70,0.0835,1268,1
S3,969,26.218,15.42,15.40,0.0771,464,1
S3,970,26.235,17.10,17.12,0.0855,1268,1
S3,971,26.250,15.57,15.57,0.0779,1268,0
