run,frame,time,realMs,mainMs,gameDt,gcBytes,enemies
T-BulletDispenser-1x,0,0.000,8.58,9.00,0.0086,244956,11
T-BulletDispenser-1x,1,0.005,5.37,5.40,0.0054,190218,11
T-BulletDispenser-1x,2,0.019,13.19,13.18,0.0132,192160,12
T-BulletDispenser-1x,3,0.024,5.02,5.01,0.0050,192160,13
T-BulletDispenser-1x,4,0.029,4.88,4.90,0.0049,192160,14
T-BulletDispenser-1x,5,0.033,4.49,4.50,0.0045,186880,14
T-BulletDispenser-1x,6,0.037,4.23,4.26,0.0042,192160,15
T-BulletDispenser-1x,7,0.041,4.30,4.26,0.0043,186880,15
T-BulletDispenser-1x,8,0.046,4.44,4.47,0.0044,192160,16
T-BulletDispenser-1x,9,0.050,4.32,4.30,0.0043,186880,16
T-BulletDispenser-1x,10,0.055,4.39,4.40,0.0044,186880,16
T-BulletDispenser-1x,11,0.059,4.38,4.39,0.0044,193856,17
T-BulletDispenser-1x,12,0.063,4.22,4.21,0.0042,186880,17
T-BulletDispenser-1x,13,0.068,4.28,4.28,0.0043,192160,18
T-BulletDispenser-1x,14,0.071,3.91,3.90,0.0039,186880,18
T-BulletDispenser-1x,15,0.075,3.98,3.99,0.0040,192160,19
T-BulletDispenser-1x,16,0.080,4.32,4.32,0.0043,186880,19
T-BulletDispenser-1x,17,0.084,3.77,3.78,0.0038,186880,19
T-BulletDispenser-1x,18,0.088,4.21,4.22,0.0042,192160,20
T-BulletDispenser-1x,19,0.092,4.13,4.09,0.0041,186880,20
T-BulletDispenser-1x,20,0.096,4.28,4.30,0.0043,192160,21
T-BulletDispenser-1x,21,0.100,4.31,4.30,0.0043,186880,21
T-BulletDispenser-1x,22,0.105,4.52,4.51,0.0045,186880,21
T-BulletDispenser-1x,23,0.109,4.16,4.18,0.0042,192160,22
T-BulletDispenser-1x,24,0.113,3.86,3.89,0.0039,186880,22
T-BulletDispenser-1x,25,0.117,4.23,4.20,0.0042,192160,23
T-BulletDispenser-1x,26,0.121,4.09,4.09,0.0041,186880,23
T-BulletDispenser-1x,27,0.125,4.14,4.12,0.0041,186880,23
T-BulletDispenser-1x,28,0.130,4.27,4.28,0.0043,192160,24
T-BulletDispenser-1x,29,0.134,4.11,4.11,0.0041,186880,24
T-BulletDispenser-1x,30,0.138,4.19,4.19,0.0042,192160,25
T-BulletDispenser-1x,31,0.142,4.22,4.20,0.0042,186880,25
T-BulletDispenser-1x,32,0.146,4.06,4.08,0.0041,193216,26
T-BulletDispenser-1x,33,0.150,4.16,4.12,0.0042,186880,26
T-BulletDispenser-1x,34,0.154,3.97,3.97,0.0040,186880,26
T-BulletDispenser-1x,35,0.159,4.23,4.22,0.0042,192160,27
T-BulletDispenser-1x,36,0.162,3.63,3.68,0.0036,186880,27
T-BulletDispenser-1x,37,0.166,4.05,4.01,0.0041,192160,28
T-BulletDispenser-1x,38,0.171,4.33,4.29,0.0043,186880,28
T-BulletDispenser-1x,39,0.175,4.19,4.19,0.0042,186880,28
T-BulletDispenser-1x,40,0.179,4.17,4.20,0.0042,192160,29
T-BulletDispenser-1x,41,0.183,4.03,4.00,0.0040,186880,29
T-BulletDispenser-1x,42,0.187,4.36,4.39,0.0044,192160,30
T-BulletDispenser-1x,43,0.192,4.40,4.38,0.0044,186880,30
T-BulletDispenser-1x,44,0.196,4.25,4.21,0.0043,192212,31
T-BulletDispenser-1x,45,0.200,3.97,3.98,0.0040,186880,31
T-BulletDispenser-1x,46,0.204,3.81,3.79,0.0038,186880,31
T-BulletDispenser-1x,47,0.208,4.49,4.51,0.0045,192160,32
T-BulletDispenser-1x,48,0.212,3.98,3.99,0.0040,186880,32
T-BulletDispenser-1x,49,0.216,4.11,4.11,0.0041,194336,33
T-BulletDispenser-1x,50,0.220,3.88,3.90,0.0039,186880,33
T-BulletDispenser-1x,51,0.224,3.69,3.69,0.0037,186880,33
T-BulletDispenser-1x,52,0.228,3.89,3.90,0.0039,192160,34
T-BulletDispenser-1x,53,0.232,4.09,4.04,0.0041,186880,34
T-BulletDispenser-1x,54,0.237,4.52,4.55,0.0045,192160,35
T-BulletDispenser-1x,55,0.241,4.02,3.99,0.0040,186880,35
T-BulletDispenser-1x,56,0.245,4.11,4.13,0.0041,186880,35
T-BulletDispenser-1x,57,0.249,4.60,4.58,0.0046,192160,36
T-BulletDispenser-1x,58,0.253,4.20,4.21,0.0042,186880,36
T-BulletDispenser-1x,59,0.258,4.30,4.30,0.0043,192160,37
T-BulletDispenser-1x,60,0.262,4.09,4.10,0.0041,186880,37
T-BulletDispenser-1x,61,0.266,4.49,4.50,0.0045,192160,38
T-BulletDispenser-1x,62,0.270,3.89,3.88,0.0039,186880,38
T-BulletDispenser-1x,63,0.274,4.25,4.22,0.0043,186880,38
T-BulletDispenser-1x,64,0.279,4.23,4.29,0.0042,192160,39
T-BulletDispenser-1x,65,0.283,4.05,4.00,0.0041,186880,39
T-BulletDispenser-1x,66,0.288,5.49,5.49,0.0055,192160,40
T-BulletDispenser-1x,67,0.292,3.98,3.99,0.0040,186880,40
T-BulletDispenser-1x,68,0.297,4.41,4.40,0.0044,192160,41
T-BulletDispenser-1x,69,0.301,4.12,4.10,0.0041,186880,41
T-BulletDispenser-1x,70,0.305,4.18,4.20,0.0042,186880,41
T-BulletDispenser-1x,71,0.309,4.50,4.49,0.0045,192160,42
T-BulletDispenser-1x,72,0.313,3.67,3.71,0.0037,188960,42
T-BulletDispenser-1x,73,0.317,4.34,4.30,0.0043,192160,43
T-BulletDispenser-1x,74,0.321,3.65,3.70,0.0037,186880,43
T-BulletDispenser-1x,75,0.325,3.93,3.89,0.0039,186880,43
T-BulletDispenser-1x,76,0.329,4.08,4.10,0.0041,192160,44
T-BulletDispenser-1x,77,0.333,4.01,4.00,0.0040,186880,44
T-BulletDispenser-1x,78,0.337,4.19,4.18,0.0042,192160,45
T-BulletDispenser-1x,79,0.342,4.28,4.23,0.0043,186880,45
T-BulletDispenser-1x,80,0.346,4.26,4.28,0.0043,192160,46
T-BulletDispenser-1x,81,0.350,3.91,3.90,0.0039,186880,46
T-BulletDispenser-1x,82,0.354,4.32,4.30,0.0043,186880,46
T-BulletDispenser-1x,83,0.358,4.34,4.39,0.0043,192160,47
T-BulletDispenser-1x,84,0.363,4.13,4.10,0.0041,186880,47
T-BulletDispenser-1x,85,0.367,4.51,4.50,0.0045,192160,48
T-BulletDispenser-1x,86,0.371,4.09,4.10,0.0041,186880,48
T-BulletDispenser-1x,87,0.375,4.00,4.01,0.0040,186880,48
T-BulletDispenser-1x,88,0.380,4.51,4.49,0.0045,192160,49
T-BulletDispenser-1x,89,0.384,4.29,4.30,0.0043,186880,49
T-BulletDispenser-1x,90,0.388,4.02,4.07,0.0040,192160,50
T-BulletDispenser-1x,91,0.392,4.07,4.03,0.0041,186880,50
T-BulletDispenser-1x,92,0.396,3.97,4.00,0.0040,192212,51
T-BulletDispenser-1x,93,0.400,4.15,4.10,0.0042,186880,51
T-BulletDispenser-1x,94,0.404,3.86,3.89,0.0039,186880,51
T-BulletDispenser-1x,95,0.408,4.22,4.19,0.0042,192160,52
T-BulletDispenser-1x,96,0.413,4.27,4.29,0.0043,186880,52
T-BulletDispenser-1x,97,0.417,4.34,4.31,0.0043,192160,53
T-BulletDispenser-1x,98,0.421,4.10,4.10,0.0041,186880,53
T-BulletDispenser-1x,99,0.425,4.12,4.09,0.0041,186880,53
T-BulletDispenser-1x,100,0.429,3.56,3.60,0.0036,98952,54
T-BulletDispenser-1x,101,0.431,2.51,2.50,0.0025,464,54
T-BulletDispenser-1x,102,0.434,3.00,3.00,0.0030,464,54
T-BulletDispenser-1x,103,0.437,3.07,3.07,0.0031,5744,55
T-BulletDispenser-1x,104,0.440,2.70,2.71,0.0027,464,55
T-BulletDispenser-1x,105,0.443,2.61,2.61,0.0026,464,55
T-BulletDispenser-1x,106,0.446,3.01,3.00,0.0030,5744,56
T-BulletDispenser-1x,107,0.448,2.70,2.69,0.0027,464,56
T-BulletDispenser-1x,108,0.451,2.81,2.80,0.0028,464,56
T-BulletDispenser-1x,109,0.454,2.57,2.59,0.0026,464,56
T-BulletDispenser-1x,110,0.456,2.78,2.79,0.0028,5744,57
T-BulletDispenser-1x,111,0.459,2.45,2.41,0.0025,464,57
T-BulletDispenser-1x,112,0.461,2.60,2.60,0.0026,464,57
T-BulletDispenser-1x,113,0.464,3.01,2.99,0.0030,5744,58
T-BulletDispenser-1x,114,0.467,2.22,2.29,0.0022,464,58
T-BulletDispenser-1x,115,0.469,2.02,2.01,0.0020,464,58
T-BulletDispenser-1x,116,0.471,2.72,2.71,0.0027,464,58
T-BulletDispenser-1x,117,0.474,2.81,2.81,0.0028,464,58
T-BulletDispenser-1x,118,0.477,2.91,2.89,0.0029,5744,59
T-BulletDispenser-1x,119,0.480,2.45,2.49,0.0025,464,59
T-BulletDispenser-1x,120,0.482,2.74,2.70,0.0027,464,59
T-BulletDispenser-1x,121,0.485,2.92,2.91,0.0029,5744,60
T-BulletDispenser-1x,122,0.488,2.45,2.50,0.0024,464,60
T-BulletDispenser-1x,123,0.490,2.20,2.20,0.0022,464,60
T-BulletDispenser-1x,124,0.492,2.29,2.30,0.0023,464,60
T-BulletDispenser-1x,125,0.495,3.01,2.99,0.0030,5744,61
T-BulletDispenser-1x,126,0.498,2.72,2.71,0.0027,464,61
T-BulletDispenser-1x,127,0.500,2.47,2.50,0.0025,464,61
T-BulletDispenser-1x,128,0.503,2.63,2.61,0.0026,464,61
T-BulletDispenser-1x,129,0.506,2.74,2.69,0.0027,5744,62
T-BulletDispenser-1x,130,0.508,2.66,2.69,0.0027,464,62
T-BulletDispenser-1x,131,0.511,2.79,2.79,0.0028,464,62
T-BulletDispenser-1x,132,0.513,2.28,2.31,0.0023,464,62
T-BulletDispenser-1x,133,0.516,2.51,2.50,0.0025,5744,63
T-BulletDispenser-1x,134,0.518,2.44,2.40,0.0024,464,63
T-BulletDispenser-1x,135,0.521,2.46,2.49,0.0025,464,63
T-BulletDispenser-1x,136,0.523,2.50,2.49,0.0025,464,63
T-BulletDispenser-1x,137,0.526,3.04,3.01,0.0030,5744,64
T-BulletDispenser-1x,138,0.529,2.68,2.69,0.0027,464,64
T-BulletDispenser-1x,139,0.532,2.78,2.79,0.0028,464,64
T-BulletDispenser-1x,140,0.534,2.60,2.60,0.0026,9968,65
T-BulletDispenser-1x,141,0.537,2.69,2.70,0.0027,464,65
T-BulletDispenser-1x,142,0.540,3.05,3.01,0.0031,464,65
T-BulletDispenser-1x,143,0.543,2.61,2.60,0.0026,464,65
T-BulletDispenser-1x,144,0.546,3.27,3.29,0.0033,5744,66
T-BulletDispenser-1x,145,0.549,2.98,2.92,0.0030,464,66
T-BulletDispenser-1x,146,0.552,2.94,2.99,0.0029,464,66
T-BulletDispenser-1x,147,0.555,2.86,2.88,0.0029,5744,67
T-BulletDispenser-1x,148,0.558,2.82,2.80,0.0028,464,67
T-BulletDispenser-1x,149,0.560,2.60,2.59,0.0026,464,67
T-BulletDispenser-1x,150,0.563,2.50,2.50,0.0025,464,67
T-BulletDispenser-1x,151,0.566,3.19,3.19,0.0032,5744,68
T-BulletDispenser-1x,152,0.569,2.71,2.71,0.0027,464,68
T-BulletDispenser-1x,153,0.571,2.46,2.49,0.0025,464,68
T-BulletDispenser-1x,154,0.573,2.21,2.19,0.0022,464,68
T-BulletDispenser-1x,155,0.576,2.85,2.81,0.0029,5744,69
T-BulletDispenser-1x,156,0.579,2.78,2.80,0.0028,464,69
T-BulletDispenser-1x,157,0.582,2.57,2.59,0.0026,464,69
T-BulletDispenser-1x,158,0.584,2.71,2.70,0.0027,5744,70
T-BulletDispenser-1x,159,0.587,2.81,2.81,0.0028,464,70
T-BulletDispenser-1x,160,0.590,2.82,2.79,0.0028,464,70
T-BulletDispenser-1x,161,0.593,2.90,2.90,0.0029,464,70
T-BulletDispenser-1x,162,0.596,2.78,2.79,0.0028,5796,71
T-BulletDispenser-1x,163,0.598,2.16,2.19,0.0022,464,71
T-BulletDispenser-1x,164,0.600,2.55,2.51,0.0025,464,71
T-BulletDispenser-1x,165,0.603,2.92,2.90,0.0029,464,71
T-BulletDispenser-1x,166,0.606,3.09,3.10,0.0031,5744,72
T-BulletDispenser-1x,167,0.609,2.57,2.59,0.0026,464,72
T-BulletDispenser-1x,168,0.612,2.79,2.78,0.0028,464,72
T-BulletDispenser-1x,169,0.615,2.85,2.80,0.0028,5744,73
T-BulletDispenser-1x,170,0.617,2.58,2.62,0.0026,464,73
T-BulletDispenser-1x,171,0.619,2.16,2.18,0.0022,464,73
T-BulletDispenser-1x,172,0.622,2.30,2.29,0.0023,464,73
T-BulletDispenser-1x,173,0.625,3.05,3.02,0.0031,5744,74
T-BulletDispenser-1x,174,0.627,2.67,2.68,0.0027,464,74
T-BulletDispenser-1x,175,0.630,2.61,2.61,0.0026,464,74
T-BulletDispenser-1x,176,0.633,2.83,2.80,0.0028,464,74
T-BulletDispenser-1x,177,0.636,2.88,2.89,0.0029,5744,75
T-BulletDispenser-1x,178,0.638,2.46,2.49,0.0025,464,75
T-BulletDispenser-1x,179,0.640,2.35,2.31,0.0023,464,75
T-BulletDispenser-1x,180,0.643,2.50,2.48,0.0025,464,75
T-BulletDispenser-1x,181,0.646,3.00,3.02,0.0030,5744,76
T-BulletDispenser-1x,182,0.649,2.70,2.69,0.0027,464,76
T-BulletDispenser-1x,183,0.651,2.30,2.30,0.0023,464,76
T-BulletDispenser-1x,184,0.654,2.80,2.80,0.0028,464,76
T-BulletDispenser-1x,185,0.657,2.97,2.99,0.0030,5744,77
T-BulletDispenser-1x,186,0.659,2.58,2.60,0.0026,464,77
T-BulletDispenser-1x,187,0.662,2.81,2.79,0.0028,464,77
T-BulletDispenser-1x,188,0.665,3.13,3.11,0.0031,5744,78
T-BulletDispenser-1x,189,0.668,2.62,2.60,0.0026,464,78
T-BulletDispenser-1x,190,0.671,2.79,2.80,0.0028,464,78
T-BulletDispenser-1x,191,0.673,2.69,2.70,0.0027,464,78
T-BulletDispenser-1x,192,0.676,2.89,2.89,0.0029,5744,79
T-BulletDispenser-1x,193,0.679,2.58,2.59,0.0026,464,79
T-BulletDispenser-1x,194,0.681,2.40,2.40,0.0024,464,79
T-BulletDispenser-1x,195,0.684,2.40,2.40,0.0024,464,79
T-BulletDispenser-1x,196,0.687,2.98,2.92,0.0030,5744,80
T-BulletDispenser-1x,197,0.689,2.92,2.95,0.0029,464,80
T-BulletDispenser-1x,198,0.692,2.61,2.62,0.0026,464,80
T-BulletDispenser-1x,199,0.695,3.20,3.19,0.0032,5744,81
T-BulletDispenser-1x,200,0.698,2.71,2.70,0.0027,464,81
T-BulletDispenser-1x,201,0.701,2.57,2.59,0.0026,464,81
T-BulletDispenser-1x,202,0.703,2.82,2.80,0.0028,464,81
T-BulletDispenser-1x,203,0.707,3.10,3.09,0.0031,5744,82
T-BulletDispenser-1x,204,0.709,2.47,2.49,0.0025,464,82
T-BulletDispenser-1x,205,0.712,2.93,2.91,0.0029,464,82
T-BulletDispenser-1x,206,0.715,3.01,3.00,0.0030,5744,83
T-BulletDispenser-1x,207,0.718,2.61,2.61,0.0026,464,83
T-BulletDispenser-1x,208,0.720,2.92,2.92,0.0029,464,83
T-BulletDispenser-1x,209,0.723,2.86,2.87,0.0029,464,83
T-BulletDispenser-1x,210,0.726,2.94,2.90,0.0029,5744,84
T-BulletDispenser-1x,211,0.729,2.46,2.52,0.0025,464,84
T-BulletDispenser-1x,212,0.731,2.53,2.48,0.0025,464,84
T-BulletDispenser-1x,213,0.734,2.60,2.61,0.0026,464,84
T-BulletDispenser-1x,214,0.737,3.08,3.07,0.0031,5744,85
T-BulletDispenser-1x,215,0.740,2.74,2.72,0.0027,464,85
T-BulletDispenser-1x,216,0.742,2.66,2.69,0.0027,464,85
T-BulletDispenser-1x,217,0.745,3.13,3.11,0.0031,5744,86
T-BulletDispenser-1x,218,0.748,2.69,2.69,0.0027,464,86
T-BulletDispenser-1x,219,0.751,2.59,2.60,0.0026,464,86
T-BulletDispenser-1x,220,0.754,2.80,2.79,0.0028,464,86
T-BulletDispenser-1x,221,0.756,2.58,2.59,0.0026,5744,87
T-BulletDispenser-1x,222,0.759,2.56,2.52,0.0026,464,87
T-BulletDispenser-1x,223,0.761,2.79,2.79,0.0028,464,87
T-BulletDispenser-1x,224,0.765,3.08,3.09,0.0031,5744,88
T-BulletDispenser-1x,225,0.767,2.38,2.42,0.0024,464,88
T-BulletDispenser-1x,226,0.770,3.07,3.00,0.0031,464,88
T-BulletDispenser-1x,227,0.773,2.85,2.89,0.0029,464,88
T-BulletDispenser-1x,228,0.775,2.55,2.59,0.0026,5744,89
T-BulletDispenser-1x,229,0.778,2.62,2.61,0.0026,464,89
T-BulletDispenser-1x,230,0.781,2.63,2.59,0.0026,464,89
T-BulletDispenser-1x,231,0.784,2.96,3.00,0.0030,464,89
T-BulletDispenser-1x,232,0.787,3.23,3.20,0.0032,5744,90
T-BulletDispenser-1x,233,0.790,2.64,2.59,0.0026,464,90
T-BulletDispenser-1x,234,0.792,2.73,2.80,0.0027,464,90
T-BulletDispenser-1x,235,0.795,3.24,3.21,0.0032,5744,91
T-BulletDispenser-1x,236,0.798,2.80,2.80,0.0028,516,91
T-BulletDispenser-1x,237,0.801,2.65,2.68,0.0026,464,91
T-BulletDispenser-1x,238,0.804,3.26,3.21,0.0033,464,91
T-BulletDispenser-1x,239,0.808,3.50,3.50,0.0035,5744,92
T-BulletDispenser-1x,240,0.811,3.08,3.09,0.0031,464,92
T-BulletDispenser-1x,241,0.814,3.27,3.20,0.0033,464,92
T-BulletDispenser-1x,242,0.818,3.56,3.60,0.0036,5744,93
T-BulletDispenser-1x,243,0.821,2.99,2.99,0.0030,464,93
T-BulletDispenser-1x,244,0.823,2.88,2.88,0.0029,464,93
T-BulletDispenser-1x,245,0.827,3.30,3.21,0.0033,5744,94
T-BulletDispenser-1x,246,0.830,2.80,2.89,0.0028,464,94
T-BulletDispenser-1x,247,0.833,3.02,3.00,0.0030,464,94
T-BulletDispenser-1x,248,0.836,3.44,3.40,0.0034,5744,95
T-BulletDispenser-1x,249,0.839,3.06,3.09,0.0031,464,95
T-BulletDispenser-1x,250,0.841,2.45,2.49,0.0024,464,95
T-BulletDispenser-1x,251,0.844,2.41,2.38,0.0024,5744,96
T-BulletDispenser-1x,252,0.847,3.45,3.43,0.0034,464,96
T-BulletDispenser-1x,253,0.850,2.79,2.80,0.0028,464,96
T-BulletDispenser-1x,254,0.853,2.60,2.59,0.0026,464,96
T-BulletDispenser-1x,255,0.856,2.86,2.89,0.0029,5744,97
T-BulletDispenser-1x,256,0.858,2.91,2.89,0.0029,464,97
T-BulletDispenser-1x,257,0.862,3.15,3.13,0.0032,464,97
T-BulletDispenser-1x,258,0.865,3.08,3.09,0.0031,5744,98
T-BulletDispenser-1x,259,0.868,3.08,3.09,0.0031,464,98
T-BulletDispenser-1x,260,0.871,3.25,3.21,0.0032,464,98
T-BulletDispenser-1x,261,0.874,3.23,3.22,0.0032,464,98
T-BulletDispenser-1x,262,0.877,3.23,3.27,0.0032,5744,99
T-BulletDispenser-1x,263,0.880,2.58,2.60,0.0026,464,99
T-BulletDispenser-1x,264,0.883,2.95,2.89,0.0030,464,99
T-BulletDispenser-1x,265,0.887,3.51,3.51,0.0035,5744,100
T-BulletDispenser-1x,266,0.889,2.85,2.89,0.0029,464,100
T-BulletDispenser-1x,267,0.893,3.22,3.21,0.0032,464,100
T-BulletDispenser-1x,268,0.896,3.55,3.51,0.0035,5744,101
T-BulletDispenser-1x,269,0.899,2.78,2.77,0.0028,464,101
T-BulletDispenser-1x,270,0.902,3.07,3.09,0.0031,464,101
T-BulletDispenser-1x,271,0.905,3.31,3.30,0.0033,5744,102
T-BulletDispenser-1x,272,0.909,3.20,3.21,0.0032,464,102
T-BulletDispenser-1x,273,0.912,3.09,3.09,0.0031,464,102
T-BulletDispenser-1x,274,0.915,3.31,3.31,0.0033,5744,103
T-BulletDispenser-1x,275,0.918,3.11,3.08,0.0031,464,103
T-BulletDispenser-1x,276,0.921,2.95,2.99,0.0030,464,103
T-BulletDispenser-1x,277,0.924,3.07,3.01,0.0031,464,103
T-BulletDispenser-1x,278,0.927,3.26,3.31,0.0033,5744,104
T-BulletDispenser-1x,279,0.930,2.69,2.69,0.0027,464,104
T-BulletDispenser-1x,280,0.933,2.98,2.99,0.0030,464,104
T-BulletDispenser-1x,281,0.937,3.53,3.51,0.0035,5744,105
T-BulletDispenser-1x,282,0.940,3.12,3.09,0.0031,464,105
T-BulletDispenser-1x,283,0.942,2.43,2.49,0.0024,464,105
T-BulletDispenser-1x,284,0.946,3.44,3.42,0.0034,5744,106
T-BulletDispenser-1x,285,0.948,2.90,2.89,0.0029,464,106
T-BulletDispenser-1x,286,0.951,2.91,2.91,0.0029,464,106
T-BulletDispenser-1x,287,0.954,2.74,2.77,0.0027,464,106
T-BulletDispenser-1x,288,0.957,3.29,3.23,0.0033,5744,107
T-BulletDispenser-1x,289,0.960,2.96,2.97,0.0030,464,107
T-BulletDispenser-1x,290,0.963,2.67,2.69,0.0027,464,107
T-BulletDispenser-1x,291,0.966,3.22,3.20,0.0032,5744,108
T-BulletDispenser-1x,292,0.969,2.98,3.00,0.0030,464,108
T-BulletDispenser-1x,293,0.972,2.68,2.70,0.0027,464,108
T-BulletDispenser-1x,294,0.975,3.12,3.10,0.0031,5744,109
T-BulletDispenser-1x,295,0.978,2.81,2.80,0.0028,464,109
T-BulletDispenser-1x,296,0.981,3.06,3.01,0.0031,464,109
T-BulletDispenser-1x,297,0.984,2.84,2.87,0.0028,464,109
T-BulletDispenser-1x,298,0.987,3.31,3.30,0.0033,5744,110
T-BulletDispenser-1x,299,0.990,2.79,2.79,0.0028,464,110
T-BulletDispenser-1x,300,0.992,2.67,2.70,0.0027,464,110
T-BulletDispenser-1x,301,0.996,3.46,3.40,0.0035,5744,111
T-BulletDispenser-1x,302,0.999,2.99,3.01,0.0030,516,111
T-BulletDispenser-1x,303,1.002,2.80,2.79,0.0028,464,111
T-BulletDispenser-1x,304,1.005,2.94,3.00,0.0029,5744,112
T-BulletDispenser-1x,305,1.008,3.06,3.00,0.0031,464,112
T-BulletDispenser-1x,306,1.011,2.97,2.99,0.0030,464,112
T-BulletDispenser-1x,307,1.013,2.47,2.50,0.0025,464,112
T-BulletDispenser-1x,308,1.017,3.39,3.31,0.0034,5744,113
T-BulletDispenser-1x,309,1.020,2.94,2.98,0.0029,464,113
T-BulletDispenser-1x,310,1.023,3.14,3.10,0.0031,464,113
T-BulletDispenser-1x,311,1.026,2.96,2.99,0.0030,5744,114
T-BulletDispenser-1x,312,1.029,3.09,3.10,0.0031,464,114
T-BulletDispenser-1x,313,1.032,3.01,2.91,0.0030,464,114
T-BulletDispenser-1x,314,1.035,3.37,3.40,0.0034,5744,115
T-BulletDispenser-1x,315,1.038,2.83,2.90,0.0028,464,115
T-BulletDispenser-1x,316,1.041,3.01,3.01,0.0030,464,115
T-BulletDispenser-1x,317,1.044,2.91,2.89,0.0029,464,115
T-BulletDispenser-1x,318,1.047,3.43,3.42,0.0034,5744,116
T-BulletDispenser-1x,319,1.050,2.74,2.77,0.0027,464,116
T-BulletDispenser-1x,320,1.053,2.71,2.70,0.0027,464,116
T-BulletDispenser-1x,321,1.056,3.00,2.91,0.0030,5744,117
T-BulletDispenser-1x,322,1.059,2.92,3.01,0.0029,464,117
T-BulletDispenser-1x,323,1.062,3.08,3.09,0.0031,464,117
T-BulletDispenser-1x,324,1.065,3.11,3.09,0.0031,5744,118
T-BulletDispenser-1x,325,1.068,2.77,2.80,0.0028,464,118
T-BulletDispenser-1x,326,1.071,2.92,2.90,0.0029,464,118
T-BulletDispenser-1x,327,1.073,2.84,2.82,0.0028,464,118
T-BulletDispenser-1x,328,1.077,3.30,3.28,0.0033,5744,119
T-BulletDispenser-1x,329,1.079,2.73,2.80,0.0027,464,119
T-BulletDispenser-1x,330,1.082,2.83,2.79,0.0028,464,119
T-BulletDispenser-1x,331,1.085,3.20,3.20,0.0032,5744,120
T-BulletDispenser-1x,332,1.088,2.47,2.51,0.0025,464,120
T-BulletDispenser-1x,333,1.091,2.95,2.91,0.0030,464,120
T-BulletDispenser-1x,334,1.094,2.78,2.79,0.0028,464,120
T-BulletDispenser-1x,335,1.096,2.86,2.89,0.0029,5744,121
T-BulletDispenser-1x,336,1.099,2.79,2.80,0.0028,464,121
T-BulletDispenser-1x,337,1.102,2.75,2.71,0.0027,464,121
T-BulletDispenser-1x,338,1.105,3.07,3.11,0.0031,5744,122
T-BulletDispenser-1x,339,1.108,3.16,3.10,0.0032,464,122
T-BulletDispenser-1x,340,1.111,3.06,3.08,0.0031,464,122
T-BulletDispenser-1x,341,1.114,3.00,3.00,0.0030,464,122
T-BulletDispenser-1x,342,1.117,3.09,3.09,0.0031,5744,123
T-BulletDispenser-1x,343,1.120,2.92,2.92,0.0029,464,123
T-BulletDispenser-1x,344,1.123,2.67,2.68,0.0027,464,123
T-BulletDispenser-1x,345,1.126,2.69,2.71,0.0027,5744,124
T-BulletDispenser-1x,346,1.129,2.94,2.90,0.0029,464,124
T-BulletDispenser-1x,347,1.132,3.11,3.10,0.0031,464,124
T-BulletDispenser-1x,348,1.135,3.11,3.09,0.0031,5744,125
T-BulletDispenser-1x,349,1.138,2.87,2.90,0.0029,464,125
T-BulletDispenser-1x,350,1.141,2.83,2.80,0.0028,464,125
T-BulletDispenser-1x,351,1.144,3.36,3.38,0.0034,464,125
T-BulletDispenser-1x,352,1.147,3.09,3.10,0.0031,5744,126
T-BulletDispenser-1x,353,1.150,2.91,2.91,0.0029,464,126
T-BulletDispenser-1x,354,1.153,2.80,2.79,0.0028,464,126
T-BulletDispenser-1x,355,1.156,3.29,3.30,0.0033,5744,127
T-BulletDispenser-1x,356,1.159,2.68,2.70,0.0027,464,127
T-BulletDispenser-1x,357,1.161,2.78,2.79,0.0028,464,127
T-BulletDispenser-1x,358,1.165,3.09,3.04,0.0031,5744,128
T-BulletDispenser-1x,359,1.167,2.85,2.88,0.0028,464,128
T-BulletDispenser-1x,360,1.170,2.89,2.89,0.0029,464,128
T-BulletDispenser-1x,361,1.173,2.81,2.79,0.0028,464,128
T-BulletDispenser-1x,362,1.176,3.25,3.21,0.0032,14064,129
T-BulletDispenser-1x,363,1.179,2.96,2.99,0.0030,464,129
T-BulletDispenser-1x,364,1.182,2.89,2.90,0.0029,464,129
T-BulletDispenser-1x,365,1.185,3.02,3.00,0.0030,5744,130
T-BulletDispenser-1x,366,1.188,2.77,2.79,0.0028,464,130
T-BulletDispenser-1x,367,1.191,2.67,2.69,0.0027,464,130
T-BulletDispenser-1x,368,1.193,2.75,2.71,0.0028,464,130
T-BulletDispenser-1x,369,1.197,3.70,3.68,0.0037,5744,131
T-BulletDispenser-1x,370,1.200,2.76,2.78,0.0028,516,131
T-BulletDispenser-1x,371,1.203,2.81,2.81,0.0028,464,131
T-BulletDispenser-1x,372,1.206,3.23,3.19,0.0032,5744,132
T-BulletDispenser-1x,373,1.209,2.66,2.71,0.0027,464,132
T-BulletDispenser-1x,374,1.211,2.65,2.61,0.0026,464,132
T-BulletDispenser-1x,375,1.214,2.34,2.39,0.0023,464,132
T-BulletDispenser-1x,376,1.217,3.16,3.11,0.0032,5744,133
T-BulletDispenser-1x,377,1.220,2.86,2.79,0.0029,464,133
T-BulletDispenser-1x,378,1.223,3.04,3.10,0.0030,464,133
T-BulletDispenser-1x,379,1.226,3.06,3.08,0.0031,5744,134
T-BulletDispenser-1x,380,1.229,2.89,2.89,0.0029,464,134
T-BulletDispenser-1x,381,1.232,2.97,2.92,0.0030,464,134
T-BulletDispenser-1x,382,1.235,3.18,3.19,0.0032,5744,135
T-BulletDispenser-1x,383,1.238,2.97,3.00,0.0030,464,135
T-BulletDispenser-1x,384,1.241,3.00,2.99,0.0030,464,135
T-BulletDispenser-1x,385,1.244,2.91,2.90,0.0029,464,135
T-BulletDispenser-1x,386,1.247,3.07,3.11,0.0031,5744,136
T-BulletDispenser-1x,387,1.250,3.15,3.10,0.0032,464,136
T-BulletDispenser-1x,388,1.253,3.18,3.19,0.0032,464,136
T-BulletDispenser-1x,389,1.256,3.11,3.10,0.0031,5744,137
T-BulletDispenser-1x,390,1.259,3.10,3.10,0.0031,464,137
T-BulletDispenser-1x,391,1.262,3.00,2.97,0.0030,464,137
T-BulletDispenser-1x,392,1.266,3.73,3.73,0.0037,5744,138
T-BulletDispenser-1x,393,1.269,2.92,2.96,0.0029,464,138
T-BulletDispenser-1x,394,1.272,2.71,2.71,0.0027,464,138
T-BulletDispenser-1x,395,1.275,3.31,3.29,0.0033,5744,139
T-BulletDispenser-1x,396,1.278,2.89,2.91,0.0029,464,139
T-BulletDispenser-1x,397,1.280,2.58,2.59,0.0026,464,139
T-BulletDispenser-1x,398,1.283,2.92,2.90,0.0029,464,139
T-BulletDispenser-1x,399,1.287,3.30,3.28,0.0033,5744,140
T-BulletDispenser-1x,400,1.290,3.13,3.12,0.0031,464,140
T-BulletDispenser-1x,401,1.293,2.87,2.90,0.0029,464,140
T-BulletDispenser-1x,402,1.296,3.31,3.29,0.0033,5744,141
T-BulletDispenser-1x,403,1.299,3.10,3.10,0.0031,464,141
T-BulletDispenser-1x,404,1.302,2.83,2.81,0.0028,464,141
T-BulletDispenser-1x,405,1.305,3.06,3.08,0.0031,5744,142
T-BulletDispenser-1x,406,1.308,3.03,3.01,0.0030,464,142
T-BulletDispenser-1x,407,1.311,3.18,3.12,0.0032,464,142
T-BulletDispenser-1x,408,1.314,2.56,2.67,0.0026,464,142
T-BulletDispenser-1x,409,1.317,2.96,2.92,0.0030,5744,143
T-BulletDispenser-1x,410,1.320,3.11,3.08,0.0031,464,143
T-BulletDispenser-1x,411,1.323,3.07,3.10,0.0031,464,143
T-BulletDispenser-1x,412,1.326,3.09,3.10,0.0031,5744,144
T-BulletDispenser-1x,413,1.329,2.91,2.90,0.0029,464,144
T-BulletDispenser-1x,414,1.332,2.91,2.90,0.0029,464,144
T-BulletDispenser-1x,415,1.334,2.76,2.79,0.0028,5744,145
T-BulletDispenser-1x,416,1.337,2.73,2.70,0.0027,464,145
T-BulletDispenser-1x,417,1.340,2.35,2.38,0.0024,464,145
T-BulletDispenser-1x,418,1.343,3.05,3.01,0.0030,464,145
T-BulletDispenser-1x,419,1.346,3.41,3.39,0.0034,5744,146
T-BulletDispenser-1x,420,1.349,3.32,3.32,0.0033,464,146
T-BulletDispenser-1x,421,1.352,3.09,3.10,0.0031,464,146
T-BulletDispenser-1x,422,1.356,3.24,3.21,0.0032,5744,147
T-BulletDispenser-1x,423,1.359,2.98,2.98,0.0030,464,147
T-BulletDispenser-1x,424,1.362,3.17,3.21,0.0032,464,147
T-BulletDispenser-1x,425,1.365,3.33,3.30,0.0033,5744,148
T-BulletDispenser-1x,426,1.368,3.24,3.20,0.0032,464,148
T-BulletDispenser-1x,427,1.372,3.14,3.18,0.0031,464,148
T-BulletDispenser-1x,428,1.375,3.73,3.70,0.0037,5744,149
T-BulletDispenser-1x,429,1.378,3.16,3.18,0.0032,464,149
T-BulletDispenser-1x,430,1.381,3.03,3.01,0.0030,464,149
T-BulletDispenser-1x,431,1.385,3.14,3.10,0.0031,464,149
T-BulletDispenser-1x,432,1.388,3.03,3.09,0.0030,5744,150
T-BulletDispenser-1x,433,1.391,3.13,3.11,0.0031,464,150
T-BulletDispenser-1x,434,1.394,3.12,3.10,0.0031,464,150
T-BulletDispenser-1x,435,1.397,3.45,3.40,0.0034,5744,151
T-BulletDispenser-1x,436,1.400,3.12,3.19,0.0031,516,151
T-BulletDispenser-1x,437,1.404,3.21,3.20,0.0032,464,151
T-BulletDispenser-1x,438,1.407,3.51,3.51,0.0035,5744,152
T-BulletDispenser-1x,439,1.410,3.21,3.19,0.0032,464,152
T-BulletDispenser-1x,440,1.414,3.30,3.31,0.0033,464,152
T-BulletDispenser-1x,441,1.417,3.36,3.37,0.0034,5744,153
T-BulletDispenser-1x,442,1.420,3.44,3.41,0.0034,464,153
T-BulletDispenser-1x,443,1.423,2.95,2.99,0.0030,464,153
T-BulletDispenser-1x,444,1.427,3.33,3.29,0.0033,5744,154
T-BulletDispenser-1x,445,1.430,2.97,3.00,0.0030,464,154
T-BulletDispenser-1x,446,1.433,3.14,3.11,0.0031,464,154
T-BulletDispenser-1x,447,1.436,2.87,2.89,0.0029,5744,155
T-BulletDispenser-1x,448,1.438,2.68,2.69,0.0027,464,155
T-BulletDispenser-1x,449,1.442,3.36,3.31,0.0034,464,155
T-BulletDispenser-1x,450,1.445,3.38,3.40,0.0034,5744,156
T-BulletDispenser-1x,451,1.448,3.11,3.09,0.0031,464,156
T-BulletDispenser-1x,452,1.451,2.90,2.90,0.0029,464,156
T-BulletDispenser-1x,453,1.454,3.17,3.19,0.0032,464,156
T-BulletDispenser-1x,454,1.458,3.74,3.71,0.0037,5744,157
T-BulletDispenser-1x,455,1.461,3.18,3.18,0.0032,464,157
T-BulletDispenser-1x,456,1.464,3.24,3.23,0.0032,464,157
T-BulletDispenser-1x,457,1.468,3.73,3.68,0.0037,5744,158
T-BulletDispenser-1x,458,1.471,3.01,3.09,0.0030,464,158
T-BulletDispenser-1x,459,1.474,3.12,3.12,0.0031,464,158
T-BulletDispenser-1x,460,1.478,3.23,3.19,0.0032,5744,159
T-BulletDispenser-1x,461,1.481,3.31,3.30,0.0033,464,159
T-BulletDispenser-1x,462,1.484,2.97,3.00,0.0030,464,159
T-BulletDispenser-1x,463,1.487,2.92,2.90,0.0029,5744,160
T-BulletDispenser-1x,464,1.490,3.20,3.19,0.0032,464,160
T-BulletDispenser-1x,465,1.493,2.98,2.99,0.0030,464,160
T-BulletDispenser-1x,466,1.496,3.51,3.50,0.0035,5744,161
T-BulletDispenser-1x,467,1.500,3.43,3.41,0.0034,464,161
T-BulletDispenser-1x,468,1.503,3.38,3.38,0.0034,464,161
T-BulletDispenser-1x,469,1.507,3.38,3.39,0.0034,5744,162
T-BulletDispenser-1x,470,1.510,3.47,3.41,0.0035,464,162
T-BulletDispenser-1x,471,1.513,3.13,3.19,0.0031,464,162
T-BulletDispenser-1x,472,1.517,3.54,3.51,0.0035,5744,163
T-BulletDispenser-1x,473,1.520,3.17,3.18,0.0032,464,163
T-BulletDispenser-1x,474,1.523,3.15,3.10,0.0031,464,163
T-BulletDispenser-1x,475,1.526,3.10,3.11,0.0031,5744,164
T-BulletDispenser-1x,476,1.529,3.07,3.08,0.0031,464,164
T-BulletDispenser-1x,477,1.532,2.98,3.00,0.0030,464,164
T-BulletDispenser-1x,478,1.536,3.33,3.30,0.0033,5744,165
T-BulletDispenser-1x,479,1.538,2.85,2.86,0.0028,464,165
T-BulletDispenser-1x,480,1.542,3.13,3.11,0.0031,464,165
T-BulletDispenser-1x,481,1.545,3.62,3.61,0.0036,5744,166
T-BulletDispenser-1x,482,1.548,3.18,3.19,0.0032,464,166
T-BulletDispenser-1x,483,1.552,3.36,3.33,0.0034,464,166
T-BulletDispenser-1x,484,1.555,3.28,3.28,0.0033,5744,167
T-BulletDispenser-1x,485,1.558,3.40,3.40,0.0034,464,167
T-BulletDispenser-1x,486,1.561,3.07,3.08,0.0031,464,167
T-BulletDispenser-1x,487,1.564,2.80,2.81,0.0028,464,167
T-BulletDispenser-1x,488,1.568,3.63,3.61,0.0036,5744,168
T-BulletDispenser-1x,489,1.570,2.54,2.58,0.0025,464,168
T-BulletDispenser-1x,490,1.573,2.93,2.91,0.0029,464,168
T-BulletDispenser-1x,491,1.577,3.50,3.50,0.0035,5744,169
T-BulletDispenser-1x,492,1.580,2.99,3.01,0.0030,464,169
T-BulletDispenser-1x,493,1.583,2.99,3.00,0.0030,464,169
T-BulletDispenser-1x,494,1.585,2.59,2.59,0.0026,5744,170
T-BulletDispenser-1x,495,1.589,3.25,3.20,0.0032,464,170
T-BulletDispenser-1x,496,1.592,3.19,3.20,0.0032,464,170
T-BulletDispenser-1x,497,1.596,3.70,3.70,0.0037,5744,171
T-BulletDispenser-1x,498,1.599,3.09,3.09,0.0031,464,171
T-BulletDispenser-1x,499,1.602,3.43,3.42,0.0034,516,171
T-BulletDispenser-1x,500,1.605,3.15,3.17,0.0032,5744,172
T-BulletDispenser-1x,501,1.608,3.13,3.12,0.0031,464,172
T-BulletDispenser-1x,502,1.612,3.41,3.40,0.0034,464,172
T-BulletDispenser-1x,503,1.615,3.65,3.62,0.0036,5744,173
T-BulletDispenser-1x,504,1.619,3.37,3.36,0.0034,464,173
T-BulletDispenser-1x,505,1.622,3.49,3.50,0.0035,464,173
T-BulletDispenser-1x,506,1.626,3.40,3.40,0.0034,5744,174
T-BulletDispenser-1x,507,1.629,3.52,3.51,0.0035,464,174
T-BulletDispenser-1x,508,1.632,2.95,2.97,0.0030,464,174
T-BulletDispenser-1x,509,1.636,3.84,3.81,0.0038,5744,175
T-BulletDispenser-1x,510,1.639,3.41,3.40,0.0034,464,175
T-BulletDispenser-1x,511,1.642,2.95,2.98,0.0029,464,175
T-BulletDispenser-1x,512,1.646,3.53,3.51,0.0035,5744,176
T-BulletDispenser-1x,513,1.649,3.08,3.09,0.0031,464,176
T-BulletDispenser-1x,514,1.652,3.04,3.01,0.0030,464,176
T-BulletDispenser-1x,515,1.656,3.57,3.58,0.0036,5744,177
T-BulletDispenser-1x,516,1.658,2.68,2.71,0.0027,464,177
T-BulletDispenser-1x,517,1.661,3.07,3.02,0.0031,464,177
T-BulletDispenser-1x,518,1.665,3.38,3.38,0.0034,464,177
T-BulletDispenser-1x,519,1.668,3.67,3.60,0.0037,5788,178
T-BulletDispenser-1x,520,1.672,3.20,3.29,0.0032,464,178
T-BulletDispenser-1x,521,1.676,4.03,4.00,0.0040,12920,179
T-BulletDispenser-1x,522,1.679,3.18,3.20,0.0032,464,179
T-BulletDispenser-1x,523,1.682,3.19,3.19,0.0032,464,179
T-BulletDispenser-1x,524,1.685,3.30,3.29,0.0033,5744,180
T-BulletDispenser-1x,525,1.688,2.97,3.00,0.0030,464,180
T-BulletDispenser-1x,526,1.691,3.15,3.11,0.0031,464,180
T-BulletDispenser-1x,527,1.694,3.17,3.19,0.0032,464,180
T-BulletDispenser-1x,528,1.698,3.09,3.11,0.0031,5744,181
T-BulletDispenser-1x,529,1.700,2.82,2.80,0.0028,464,181
T-BulletDispenser-1x,530,1.704,3.21,3.19,0.0032,464,181
T-BulletDispenser-1x,531,1.707,3.51,3.49,0.0035,5744,182
T-BulletDispenser-1x,532,1.710,3.08,3.10,0.0031,464,182
T-BulletDispenser-1x,533,1.713,2.57,2.60,0.0026,464,182
T-BulletDispenser-1x,534,1.716,3.67,3.62,0.0037,5744,183
T-BulletDispenser-1x,535,1.720,3.08,3.08,0.0031,464,183
T-BulletDispenser-1x,536,1.723,3.22,3.22,0.0032,464,183
T-BulletDispenser-1x,537,1.726,3.26,3.27,0.0033,5744,184
T-BulletDispenser-1x,538,1.729,3.30,3.30,0.0033,464,184
T-BulletDispenser-1x,539,1.733,3.33,3.31,0.0033,464,184
T-BulletDispenser-1x,540,1.736,3.29,3.30,0.0033,5744,185
T-BulletDispenser-1x,541,1.739,3.09,3.09,0.0031,464,185
T-BulletDispenser-1x,542,1.742,3.13,3.11,0.0031,464,185
T-BulletDispenser-1x,543,1.746,3.48,3.50,0.0035,5744,186
T-BulletDispenser-1x,544,1.749,3.46,3.48,0.0035,464,186
T-BulletDispenser-1x,545,1.752,3.12,3.09,0.0031,464,186
T-BulletDispenser-1x,546,1.755,3.06,3.10,0.0031,5744,187
T-BulletDispenser-1x,547,1.758,3.15,3.11,0.0032,464,187
T-BulletDispenser-1x,548,1.762,3.19,3.21,0.0032,464,187
T-BulletDispenser-1x,549,1.765,3.31,3.29,0.0033,5744,188
T-BulletDispenser-1x,550,1.768,2.86,2.87,0.0029,464,188
T-BulletDispenser-1x,551,1.771,2.92,2.91,0.0029,464,188
T-BulletDispenser-1x,552,1.774,3.23,3.21,0.0032,464,188
T-BulletDispenser-1x,553,1.777,3.06,3.11,0.0031,5744,189
T-BulletDispenser-1x,554,1.780,2.89,2.89,0.0029,464,189
T-BulletDispenser-1x,555,1.783,3.23,3.20,0.0032,464,189
T-BulletDispenser-1x,556,1.787,3.71,3.70,0.0037,5744,190
T-BulletDispenser-1x,557,1.790,3.21,3.20,0.0032,464,190
T-BulletDispenser-1x,558,1.793,3.42,3.39,0.0034,464,190
T-BulletDispenser-1x,559,1.797,3.24,3.29,0.0032,5744,191
T-BulletDispenser-1x,560,1.800,2.85,2.82,0.0029,464,191
T-BulletDispenser-1x,561,1.803,3.09,3.08,0.0031,516,191
T-BulletDispenser-1x,562,1.806,3.70,3.70,0.0037,5744,192
T-BulletDispenser-1x,563,1.810,3.41,3.40,0.0034,464,192
T-BulletDispenser-1x,564,1.813,2.96,2.99,0.0030,464,192
T-BulletDispenser-1x,565,1.816,3.38,3.40,0.0034,5744,193
T-BulletDispenser-1x,566,1.819,2.50,2.50,0.0025,464,193
T-BulletDispenser-1x,567,1.822,3.01,3.00,0.0030,464,193
T-BulletDispenser-1x,568,1.825,3.52,3.49,0.0035,5744,194
T-BulletDispenser-1x,569,1.829,3.40,3.41,0.0034,464,194
T-BulletDispenser-1x,570,1.832,3.11,3.10,0.0031,464,194
T-BulletDispenser-1x,571,1.835,3.61,3.60,0.0036,5744,195
T-BulletDispenser-1x,572,1.838,2.97,3.00,0.0030,464,195
T-BulletDispenser-1x,573,1.842,3.30,3.28,0.0033,464,195
T-BulletDispenser-1x,574,1.845,3.71,3.70,0.0037,5744,196
T-BulletDispenser-1x,575,1.848,2.88,2.90,0.0029,464,196
T-BulletDispenser-1x,576,1.852,3.45,3.40,0.0034,464,196
T-BulletDispenser-1x,577,1.855,3.86,3.89,0.0039,5744,197
T-BulletDispenser-1x,578,1.859,3.61,3.60,0.0036,464,197
T-BulletDispenser-1x,579,1.862,3.43,3.41,0.0034,464,197
T-BulletDispenser-1x,580,1.866,3.94,3.82,0.0039,5744,198
T-BulletDispenser-1x,581,1.870,3.75,3.87,0.0037,464,198
T-BulletDispenser-1x,582,1.874,3.52,3.49,0.0035,464,198
T-BulletDispenser-1x,583,1.877,3.64,3.64,0.0036,5744,199
T-BulletDispenser-1x,584,1.881,3.33,3.34,0.0033,464,199
T-BulletDispenser-1x,585,1.884,3.47,3.51,0.0035,464,199
T-BulletDispenser-1x,586,1.888,3.72,3.70,0.0037,5744,200
T-BulletDispenser-1x,587,1.891,3.42,3.39,0.0034,464,200
T-BulletDispenser-1x,588,1.895,3.58,3.60,0.0036,464,200
T-BulletDispenser-1x,589,1.898,3.63,3.59,0.0036,5744,201
T-BulletDispenser-1x,590,1.902,3.37,3.40,0.0034,464,201
T-BulletDispenser-1x,591,1.905,3.46,3.48,0.0035,5744,202
T-BulletDispenser-1x,592,1.909,3.24,3.21,0.0032,464,202
T-BulletDispenser-1x,593,1.912,3.48,3.51,0.0035,464,202
T-BulletDispenser-1x,594,1.916,3.61,3.58,0.0036,5744,203
T-BulletDispenser-1x,595,1.919,3.30,3.31,0.0033,464,203
T-BulletDispenser-1x,596,1.922,3.21,3.21,0.0032,464,203
T-BulletDispenser-1x,597,1.926,3.57,3.58,0.0036,5744,204
T-BulletDispenser-1x,598,1.929,3.41,3.40,0.0034,464,204
T-BulletDispenser-1x,599,1.933,3.60,3.59,0.0036,464,204
T-BulletDispenser-1x,600,1.937,3.86,3.86,0.0039,5744,205
T-BulletDispenser-1x,601,1.940,3.45,3.45,0.0034,464,205
T-BulletDispenser-1x,602,1.944,3.62,3.60,0.0036,464,205
T-BulletDispenser-1x,603,1.947,3.51,3.51,0.0035,5744,206
T-BulletDispenser-1x,604,1.950,3.27,3.28,0.0033,464,206
T-BulletDispenser-1x,605,1.954,3.41,3.41,0.0034,464,206
T-BulletDispenser-1x,606,1.958,3.89,3.90,0.0039,5744,207
T-BulletDispenser-1x,607,1.961,3.29,3.29,0.0033,464,207
T-BulletDispenser-1x,608,1.965,3.54,3.51,0.0035,464,207
T-BulletDispenser-1x,609,1.968,3.79,3.70,0.0038,5744,208
T-BulletDispenser-1x,610,1.972,3.27,3.39,0.0033,464,208
T-BulletDispenser-1x,611,1.975,3.62,3.61,0.0036,5744,209
T-BulletDispenser-1x,612,1.979,3.27,3.29,0.0033,464,209
T-BulletDispenser-1x,613,1.982,3.42,3.38,0.0034,464,209
T-BulletDispenser-1x,614,1.986,3.69,3.71,0.0037,5744,210
T-BulletDispenser-1x,615,1.989,3.29,3.30,0.0033,464,210
T-BulletDispenser-1x,616,1.992,3.44,3.21,0.0034,464,210
T-BulletDispenser-1x,617,1.996,3.89,4.08,0.0039,5744,211
T-BulletDispenser-1x,618,2.000,3.51,3.50,0.0035,464,211
T-BulletDispenser-1x,619,2.003,3.31,3.29,0.0033,516,211
T-BulletDispenser-1x,620,2.007,3.54,3.58,0.0035,5744,212
T-BulletDispenser-1x,621,2.010,3.46,3.42,0.0035,464,212
T-BulletDispenser-1x,622,2.013,3.30,3.31,0.0033,464,212
T-BulletDispenser-1x,623,2.017,3.86,3.87,0.0039,5744,213
T-BulletDispenser-1x,624,2.021,3.41,3.41,0.0034,464,213
T-BulletDispenser-1x,625,2.024,3.42,3.40,0.0034,464,213
T-BulletDispenser-1x,626,2.028,3.58,3.60,0.0036,5744,214
T-BulletDispenser-1x,627,2.031,3.38,3.39,0.0034,464,214
T-BulletDispenser-1x,628,2.034,3.09,3.11,0.0031,464,214
T-BulletDispenser-1x,629,2.038,3.60,3.59,0.0036,5744,215
T-BulletDispenser-1x,630,2.041,3.51,3.49,0.0035,464,215
T-BulletDispenser-1x,631,2.045,3.38,3.32,0.0034,464,215
T-BulletDispenser-1x,632,2.048,3.62,3.67,0.0036,5744,216
T-BulletDispenser-1x,633,2.052,3.33,3.30,0.0033,464,216
T-BulletDispenser-1x,634,2.055,3.48,3.51,0.0035,5744,217
T-BulletDispenser-1x,635,2.058,3.42,3.40,0.0034,464,217
T-BulletDispenser-1x,636,2.062,3.49,3.50,0.0035,464,217
T-BulletDispenser-1x,637,2.065,3.49,3.49,0.0035,5744,218
T-BulletDispenser-1x,638,2.069,3.24,3.22,0.0032,464,218
T-BulletDispenser-1x,639,2.072,3.05,3.08,0.0030,464,218
T-BulletDispenser-1x,640,2.075,3.72,3.70,0.0037,5744,219
T-BulletDispenser-1x,641,2.079,3.51,3.51,0.0035,464,219
T-BulletDispenser-1x,642,2.082,3.17,3.18,0.0032,464,219
T-BulletDispenser-1x,643,2.086,3.53,3.50,0.0035,5744,220
T-BulletDispenser-1x,644,2.089,3.16,3.18,0.0032,464,220
T-BulletDispenser-1x,645,2.092,3.13,3.11,0.0031,464,220
T-BulletDispenser-1x,646,2.095,3.56,3.58,0.0036,5744,221
T-BulletDispenser-1x,647,2.099,3.20,3.12,0.0032,464,221
T-BulletDispenser-1x,648,2.102,3.34,3.39,0.0033,464,221
T-BulletDispenser-1x,649,2.106,3.80,3.72,0.0038,5744,222
T-BulletDispenser-1x,650,2.109,3.18,3.27,0.0032,464,222
T-BulletDispenser-1x,651,2.112,3.43,3.41,0.0034,464,222
T-BulletDispenser-1x,652,2.116,3.69,3.69,0.0037,5744,223
T-BulletDispenser-1x,653,2.119,2.99,2.99,0.0030,464,223
T-BulletDispenser-1x,654,2.122,3.32,3.30,0.0033,464,223
T-BulletDispenser-1x,655,2.126,3.60,3.62,0.0036,5744,224
T-BulletDispenser-1x,656,2.129,3.17,3.18,0.0032,464,224
T-BulletDispenser-1x,657,2.133,3.44,3.41,0.0034,464,224
T-BulletDispenser-1x,658,2.137,3.93,3.95,0.0039,5744,225
T-BulletDispenser-1x,659,2.140,3.07,3.03,0.0031,464,225
T-BulletDispenser-1x,660,2.143,3.80,3.81,0.0038,464,225
T-BulletDispenser-1x,661,2.147,3.81,3.80,0.0038,5788,226
T-BulletDispenser-1x,662,2.151,3.47,3.50,0.0035,464,226
T-BulletDispenser-1x,663,2.154,3.31,3.30,0.0033,464,226
T-BulletDispenser-1x,664,2.157,3.17,3.17,0.0032,464,226
T-BulletDispenser-1x,665,2.160,3.23,3.21,0.0032,464,226
T-BulletDispenser-1x,666,2.164,3.18,3.20,0.0032,464,226
T-BulletDispenser-1x,667,2.167,2.99,3.00,0.0030,464,226
T-BulletDispenser-1x,668,2.170,3.21,3.19,0.0032,464,226
T-BulletDispenser-1x,669,2.173,3.32,3.32,0.0033,464,226
T-BulletDispenser-1x,670,2.176,2.75,2.78,0.0028,464,226
T-BulletDispenser-1x,671,2.179,3.12,3.10,0.0031,464,226
T-BulletDispenser-1x,672,2.182,3.13,3.10,0.0031,464,226
T-BulletDispenser-1x,673,2.185,2.97,2.99,0.0030,464,226
T-BulletDispenser-1x,674,2.188,3.10,3.11,0.0031,464,226
T-BulletDispenser-1x,675,2.192,3.32,3.30,0.0033,464,226
T-BulletDispenser-1x,676,2.195,3.42,3.41,0.0034,464,226
T-BulletDispenser-1x,677,2.198,3.20,3.19,0.0032,464,226
T-BulletDispenser-1x,678,2.201,3.19,3.19,0.0032,464,226
T-BulletDispenser-1x,679,2.205,3.39,3.41,0.0034,516,226
T-BulletDispenser-1x,680,2.208,3.42,3.39,0.0034,464,226
T-BulletDispenser-1x,681,2.211,3.31,3.29,0.0033,464,226
T-BulletDispenser-1x,682,2.215,3.40,3.41,0.0034,464,226
T-BulletDispenser-1x,683,2.218,3.43,3.41,0.0034,464,226
T-BulletDispenser-1x,684,2.221,3.04,3.07,0.0030,464,226
T-BulletDispenser-1x,685,2.225,3.42,3.42,0.0034,464,226
T-BulletDispenser-1x,686,2.228,3.08,3.08,0.0031,464,226
T-BulletDispenser-1x,687,2.231,3.20,3.21,0.0032,464,226
T-BulletDispenser-1x,688,2.235,4.40,4.38,0.0044,464,226
T-BulletDispenser-1x,689,2.239,3.41,3.40,0.0034,464,226
T-BulletDispenser-1x,690,2.242,3.51,3.50,0.0035,464,226
T-BulletDispenser-1x,691,2.246,3.39,3.39,0.0034,464,226
T-BulletDispenser-1x,692,2.249,3.20,3.20,0.0032,464,226
T-BulletDispenser-1x,693,2.252,3.31,3.30,0.0033,464,226
T-BulletDispenser-1x,694,2.255,3.10,3.09,0.0031,464,226
T-BulletDispenser-1x,695,2.259,3.52,3.51,0.0035,464,226
T-BulletDispenser-1x,696,2.262,3.41,3.40,0.0034,464,226
T-BulletDispenser-1x,697,2.265,3.19,3.21,0.0032,464,226
T-BulletDispenser-1x,698,2.269,3.30,3.28,0.0033,464,226
T-BulletDispenser-1x,699,2.272,3.30,3.30,0.0033,464,226
T-BulletDispenser-1x,700,2.275,3.41,3.40,0.0034,464,226
T-BulletDispenser-1x,701,2.279,3.38,3.39,0.0034,464,226
T-BulletDispenser-1x,702,2.282,3.41,3.40,0.0034,464,226
T-BulletDispenser-1x,703,2.285,3.18,3.19,0.0032,464,226
T-BulletDispenser-1x,704,2.289,3.21,3.21,0.0032,464,226
T-BulletDispenser-1x,705,2.292,3.23,3.20,0.0032,464,226
T-BulletDispenser-1x,706,2.295,3.46,3.47,0.0035,464,226
T-BulletDispenser-1x,707,2.299,3.31,3.31,0.0033,464,226
T-BulletDispenser-1x,708,2.302,3.52,3.50,0.0035,464,226
T-BulletDispenser-1x,709,2.305,2.96,3.00,0.0030,464,226
T-BulletDispenser-1x,710,2.309,3.42,3.39,0.0034,464,226
T-BulletDispenser-1x,711,2.312,3.63,3.61,0.0036,464,226
T-BulletDispenser-1x,712,2.316,3.49,3.50,0.0035,464,226
T-BulletDispenser-1x,713,2.319,3.29,3.29,0.0033,464,226
T-BulletDispenser-1x,714,2.322,3.19,3.20,0.0032,464,226
T-BulletDispenser-1x,715,2.325,3.18,3.19,0.0032,464,226
T-BulletDispenser-1x,716,2.329,3.55,3.50,0.0035,464,226
T-BulletDispenser-1x,717,2.332,3.27,3.29,0.0033,464,226
T-BulletDispenser-1x,718,2.335,3.32,3.29,0.0033,464,226
T-BulletDispenser-1x,719,2.339,3.20,3.23,0.0032,464,226
T-BulletDispenser-1x,720,2.342,3.18,3.18,0.0032,464,226
T-BulletDispenser-1x,721,2.345,3.51,3.50,0.0035,464,226
T-BulletDispenser-1x,722,2.349,3.72,3.70,0.0037,464,226
T-BulletDispenser-1x,723,2.352,3.22,3.20,0.0032,464,226
T-BulletDispenser-1x,724,2.356,3.33,3.31,0.0033,464,226
T-BulletDispenser-1x,725,2.359,3.14,3.19,0.0031,464,226
T-BulletDispenser-1x,726,2.362,2.98,2.98,0.0030,464,226
T-BulletDispenser-1x,727,2.365,3.24,3.22,0.0032,464,226
T-BulletDispenser-1x,728,2.368,3.44,3.40,0.0034,464,226
T-BulletDispenser-1x,729,2.372,3.55,3.57,0.0036,464,226
T-BulletDispenser-1x,730,2.375,2.96,3.00,0.0030,464,226
T-BulletDispenser-1x,731,2.378,3.11,3.11,0.0031,464,226
T-BulletDispenser-1x,732,2.381,2.67,2.68,0.0027,464,226
T-BulletDispenser-1x,733,2.384,3.26,3.22,0.0033,464,226
T-BulletDispenser-1x,734,2.387,3.37,3.38,0.0034,464,226
T-BulletDispenser-1x,735,2.391,3.41,3.39,0.0034,464,226
T-BulletDispenser-1x,736,2.394,3.41,3.41,0.0034,464,226
T-BulletDispenser-1x,737,2.398,3.38,3.39,0.0034,464,226
T-BulletDispenser-1x,738,2.401,3.33,3.31,0.0033,464,226
T-BulletDispenser-1x,739,2.404,3.47,3.48,0.0035,464,226
T-BulletDispenser-1x,740,2.407,3.09,3.10,0.0031,516,226
T-BulletDispenser-1x,741,2.411,3.10,3.10,0.0031,464,226
T-BulletDispenser-1x,742,2.414,3.64,3.63,0.0036,464,226
T-BulletDispenser-1x,743,2.417,3.08,3.08,0.0031,464,226
T-BulletDispenser-1x,744,2.420,3.20,3.20,0.0032,464,226
T-BulletDispenser-1x,745,2.424,3.22,3.20,0.0032,464,226
T-BulletDispenser-1x,746,2.427,3.28,3.30,0.0033,464,226
T-BulletDispenser-1x,747,2.430,3.08,3.09,0.0031,464,226
T-BulletDispenser-1x,748,2.433,3.30,3.30,0.0033,464,226
T-BulletDispenser-1x,749,2.437,3.48,3.49,0.0035,464,226
T-BulletDispenser-1x,750,2.440,3.35,3.32,0.0034,464,226
T-BulletDispenser-1x,751,2.444,3.47,3.49,0.0035,464,226
T-BulletDispenser-1x,752,2.447,3.31,3.30,0.0033,464,226
T-BulletDispenser-1x,753,2.451,3.65,3.62,0.0037,464,226
T-BulletDispenser-1x,754,2.454,3.47,3.48,0.0035,464,226
T-BulletDispenser-1x,755,2.458,3.93,3.91,0.0039,464,226
T-BulletDispenser-1x,756,2.461,3.38,3.38,0.0034,464,226
T-BulletDispenser-1x,757,2.465,3.41,3.41,0.0034,464,226
T-BulletDispenser-1x,758,2.468,3.72,3.70,0.0037,464,226
T-BulletDispenser-1x,759,2.472,3.22,3.27,0.0032,464,226
T-BulletDispenser-1x,760,2.475,3.50,3.49,0.0035,464,226
T-BulletDispenser-1x,761,2.479,3.31,3.32,0.0033,464,226
T-BulletDispenser-1x,762,2.481,2.66,2.69,0.0027,464,226
T-BulletDispenser-1x,763,2.485,3.34,3.30,0.0033,464,226
T-BulletDispenser-1x,764,2.488,3.20,3.21,0.0032,464,226
T-BulletDispenser-1x,765,2.491,3.25,3.29,0.0033,464,226
T-BulletDispenser-1x,766,2.494,3.15,3.11,0.0031,464,226
T-BulletDispenser-1x,767,2.498,3.40,3.30,0.0034,464,226
T-BulletDispenser-1x,768,2.501,3.06,3.18,0.0031,464,226
T-BulletDispenser-1x,769,2.504,3.24,3.20,0.0032,464,226
T-BulletDispenser-1x,770,2.507,3.24,3.21,0.0032,464,226
T-BulletDispenser-1x,771,2.510,3.06,3.07,0.0031,464,226
T-BulletDispenser-1x,772,2.513,3.19,3.21,0.0032,464,226
T-BulletDispenser-1x,773,2.517,3.27,3.29,0.0033,464,226
T-BulletDispenser-1x,774,2.520,3.39,3.32,0.0034,464,226
T-BulletDispenser-1x,775,2.523,3.29,3.30,0.0033,464,226
T-BulletDispenser-1x,776,2.527,3.30,3.30,0.0033,464,226
T-BulletDispenser-1x,777,2.530,3.26,3.29,0.0033,464,226
T-BulletDispenser-1x,778,2.533,3.30,3.29,0.0033,464,226
T-BulletDispenser-1x,779,2.537,3.49,3.48,0.0035,464,226
T-BulletDispenser-1x,780,2.540,3.28,3.29,0.0033,464,226
T-BulletDispenser-1x,781,2.543,3.24,3.22,0.0032,464,226
T-BulletDispenser-1x,782,2.547,3.61,3.60,0.0036,464,226
T-BulletDispenser-1x,783,2.550,3.40,3.39,0.0034,464,226
T-BulletDispenser-1x,784,2.554,3.50,3.53,0.0035,464,226
T-BulletDispenser-1x,785,2.556,2.65,2.67,0.0026,464,226
T-BulletDispenser-1x,786,2.560,3.81,3.71,0.0038,464,226
T-BulletDispenser-1x,787,2.563,3.32,3.41,0.0033,464,226
T-BulletDispenser-1x,788,2.567,3.22,3.19,0.0032,464,226
T-BulletDispenser-1x,789,2.570,3.45,3.40,0.0034,464,226
T-BulletDispenser-1x,790,2.573,3.27,3.30,0.0033,464,226
T-BulletDispenser-1x,791,2.577,3.32,3.30,0.0033,464,226
T-BulletDispenser-1x,792,2.580,3.67,3.69,0.0037,464,226
T-BulletDispenser-1x,793,2.583,3.08,3.10,0.0031,464,226
T-BulletDispenser-1x,794,2.587,3.51,3.50,0.0035,464,226
T-BulletDispenser-1x,795,2.590,3.31,3.22,0.0033,464,226
T-BulletDispenser-1x,796,2.594,3.65,3.69,0.0036,464,226
T-BulletDispenser-1x,797,2.597,3.58,3.60,0.0036,464,226
T-BulletDispenser-1x,798,2.601,3.39,3.39,0.0034,464,226
T-BulletDispenser-1x,799,2.604,3.31,3.29,0.0033,464,226
T-BulletDispenser-1x,800,2.607,3.17,3.19,0.0032,464,226
T-BulletDispenser-1x,801,2.611,3.21,3.21,0.0032,516,226
T-BulletDispenser-1x,802,2.614,3.51,3.50,0.0035,464,226
T-BulletDispenser-1x,803,2.617,3.11,3.10,0.0031,464,226
T-BulletDispenser-1x,804,2.620,3.37,3.38,0.0034,464,226
T-BulletDispenser-1x,805,2.624,3.15,3.10,0.0032,464,226
T-BulletDispenser-1x,806,2.627,3.26,3.29,0.0033,464,226
T-BulletDispenser-1x,807,2.630,3.10,3.11,0.0031,464,226
T-BulletDispenser-1x,808,2.634,3.52,3.50,0.0035,464,226
T-BulletDispenser-1x,809,2.637,3.38,3.40,0.0034,464,226
T-BulletDispenser-1x,810,2.640,2.85,2.89,0.0029,464,226
T-BulletDispenser-1x,811,2.643,2.91,2.91,0.0029,464,226
T-BulletDispenser-1x,812,2.646,3.41,3.38,0.0034,464,226
T-BulletDispenser-1x,813,2.650,3.63,3.62,0.0036,464,226
T-BulletDispenser-1x,814,2.653,3.50,3.49,0.0035,464,226
T-BulletDispenser-1x,815,2.657,3.28,3.29,0.0033,464,226
T-BulletDispenser-1x,816,2.659,2.75,2.79,0.0027,464,226
T-BulletDispenser-1x,817,2.663,3.33,3.30,0.0033,464,226
T-BulletDispenser-1x,818,2.666,3.29,3.30,0.0033,464,226
T-BulletDispenser-1x,819,2.669,2.92,2.90,0.0029,464,226
T-BulletDispenser-1x,820,2.672,3.31,3.30,0.0033,464,226
T-BulletDispenser-1x,821,2.675,2.99,3.00,0.0030,464,226
T-BulletDispenser-1x,822,2.678,3.19,3.20,0.0032,464,226
T-BulletDispenser-1x,823,2.681,2.69,2.71,0.0027,464,226
T-BulletDispenser-1x,824,2.684,3.23,3.19,0.0032,464,226
T-BulletDispenser-1x,825,2.688,3.64,3.62,0.0036,464,226
T-BulletDispenser-1x,826,2.691,3.36,3.37,0.0034,464,226
T-BulletDispenser-1x,827,2.695,3.32,3.30,0.0033,464,226
T-BulletDispenser-1x,828,2.698,3.60,3.59,0.0036,464,226
T-BulletDispenser-1x,829,2.702,3.59,3.60,0.0036,464,226
T-BulletDispenser-1x,830,2.705,3.67,3.61,0.0037,464,226
T-BulletDispenser-1x,831,2.709,3.71,3.78,0.0037,464,226
T-BulletDispenser-1x,832,2.713,3.71,3.70,0.0037,464,226
T-BulletDispenser-1x,833,2.717,3.78,3.73,0.0038,464,226
T-BulletDispenser-1x,834,2.721,3.95,3.98,0.0040,464,226
T-BulletDispenser-1x,835,2.724,3.78,3.71,0.0038,464,226
T-BulletDispenser-1x,836,2.728,3.66,3.67,0.0037,464,226
T-BulletDispenser-1x,837,2.731,3.32,3.38,0.0033,464,226
T-BulletDispenser-1x,838,2.735,3.64,3.62,0.0036,464,226
T-BulletDispenser-1x,839,2.738,3.16,3.18,0.0032,464,226
T-BulletDispenser-1x,840,2.741,3.30,3.30,0.0033,464,226
T-BulletDispenser-1x,841,2.745,3.53,3.50,0.0035,464,226
T-BulletDispenser-1x,842,2.748,3.54,3.51,0.0035,464,226
T-BulletDispenser-1x,843,2.751,2.90,2.97,0.0029,464,226
T-BulletDispenser-1x,844,2.755,3.28,3.23,0.0033,464,226
T-BulletDispenser-1x,845,2.758,3.57,3.58,0.0036,464,226
T-BulletDispenser-1x,846,2.762,3.80,3.80,0.0038,464,226
T-BulletDispenser-1x,847,2.766,3.60,3.52,0.0036,464,226
T-BulletDispenser-1x,848,2.769,3.82,3.88,0.0038,464,226
T-BulletDispenser-1x,849,2.773,3.14,3.10,0.0031,464,226
T-BulletDispenser-1x,850,2.776,3.35,3.39,0.0033,464,226
T-BulletDispenser-1x,851,2.780,3.62,3.61,0.0036,464,226
T-BulletDispenser-1x,852,2.783,3.49,3.48,0.0035,464,226
T-BulletDispenser-1x,853,2.787,3.55,3.58,0.0036,464,226
T-BulletDispenser-1x,854,2.790,3.42,3.42,0.0034,464,226
T-BulletDispenser-1x,855,2.793,3.25,3.20,0.0033,464,226
T-BulletDispenser-1x,856,2.796,3.23,3.29,0.0032,464,226
T-BulletDispenser-1x,857,2.800,3.42,3.39,0.0034,464,226
T-BulletDispenser-1x,858,2.803,3.29,3.30,0.0033,464,226
T-BulletDispenser-1x,859,2.806,3.12,3.10,0.0031,464,226
T-BulletDispenser-1x,860,2.810,3.29,3.31,0.0033,464,226
T-BulletDispenser-1x,861,2.813,3.30,3.29,0.0033,516,226
T-BulletDispenser-1x,862,2.816,3.51,3.50,0.0035,464,226
T-BulletDispenser-1x,863,2.820,3.74,3.70,0.0037,464,226
T-BulletDispenser-1x,864,2.824,3.46,3.50,0.0035,464,226
T-BulletDispenser-1x,865,2.827,3.73,3.71,0.0037,464,226
T-BulletDispenser-1x,866,2.831,3.55,3.57,0.0036,464,226
T-BulletDispenser-1x,867,2.834,3.19,3.20,0.0032,464,226
T-BulletDispenser-1x,868,2.837,3.29,3.31,0.0033,464,226
T-BulletDispenser-1x,869,2.841,3.45,3.40,0.0034,464,226
T-BulletDispenser-1x,870,2.845,3.69,3.70,0.0037,464,226
T-BulletDispenser-1x,871,2.847,2.95,2.97,0.0029,464,226
T-BulletDispenser-1x,872,2.851,3.31,3.30,0.0033,464,226
T-BulletDispenser-1x,873,2.855,3.74,3.71,0.0037,464,226
T-BulletDispenser-1x,874,2.858,3.80,3.81,0.0038,464,226
T-BulletDispenser-1x,875,2.862,3.50,3.49,0.0035,464,226
T-BulletDispenser-1x,876,2.865,3.40,3.40,0.0034,464,226
T-BulletDispenser-1x,877,2.869,3.61,3.60,0.0036,464,226
T-BulletDispenser-1x,878,2.872,3.38,3.39,0.0034,464,226
T-BulletDispenser-1x,879,2.876,3.61,3.60,0.0036,464,226
T-BulletDispenser-1x,880,2.879,3.51,3.50,0.0035,464,226
T-BulletDispenser-1x,881,2.883,3.39,3.40,0.0034,464,226
T-BulletDispenser-1x,882,2.887,3.86,3.87,0.0039,464,226
T-BulletDispenser-1x,883,2.890,3.00,3.01,0.0030,464,226
T-BulletDispenser-1x,884,2.893,3.33,3.31,0.0033,464,226
T-BulletDispenser-1x,885,2.897,3.71,3.70,0.0037,464,226
T-BulletDispenser-1x,886,2.900,3.52,3.50,0.0035,464,226
T-BulletDispenser-1x,887,2.904,3.48,3.48,0.0035,464,226
T-BulletDispenser-1x,888,2.907,3.47,3.49,0.0035,464,226
T-BulletDispenser-1x,889,2.911,3.55,3.52,0.0036,464,226
T-BulletDispenser-1x,890,2.914,3.26,3.27,0.0033,464,226
T-BulletDispenser-1x,891,2.917,3.40,3.40,0.0034,464,226
T-BulletDispenser-1x,892,2.921,3.41,3.40,0.0034,464,226
T-BulletDispenser-1x,893,2.924,3.39,3.39,0.0034,464,226
T-BulletDispenser-1x,894,2.927,3.29,3.31,0.0033,464,226
T-BulletDispenser-1x,895,2.931,3.55,3.50,0.0036,464,226
T-BulletDispenser-1x,896,2.934,3.24,3.30,0.0032,464,226
T-BulletDispenser-1x,897,2.938,3.41,3.39,0.0034,464,226
T-BulletDispenser-1x,898,2.941,3.75,3.72,0.0037,464,226
T-BulletDispenser-1x,899,2.945,3.49,3.49,0.0035,464,226
T-BulletDispenser-1x,900,2.948,2.99,3.01,0.0030,464,226
T-BulletDispenser-1x,901,2.952,3.82,3.79,0.0038,464,226
T-BulletDispenser-1x,902,2.956,3.91,3.91,0.0039,464,226
T-BulletDispenser-1x,903,2.959,3.04,3.09,0.0030,464,226
T-BulletDispenser-1x,904,2.962,3.32,3.28,0.0033,464,226
T-BulletDispenser-1x,905,2.965,3.42,3.41,0.0034,464,226
T-BulletDispenser-1x,906,2.969,3.51,3.50,0.0035,464,226
T-BulletDispenser-1x,907,2.972,3.49,3.49,0.0035,464,226
T-BulletDispenser-1x,908,2.976,3.38,3.40,0.0034,464,226
T-BulletDispenser-1x,909,2.979,3.27,3.28,0.0033,464,226
T-BulletDispenser-1x,910,2.982,3.47,3.41,0.0035,464,226
T-BulletDispenser-1x,911,2.986,3.25,3.29,0.0032,464,226
T-BulletDispenser-1x,912,2.989,3.22,3.21,0.0032,464,226
T-BulletDispenser-1x,913,2.992,3.52,3.50,0.0035,464,226
T-BulletDispenser-1x,914,2.996,3.59,3.59,0.0036,464,226
T-BulletDispenser-1x,915,2.999,3.40,3.40,0.0034,464,226
T-BulletDispenser-1x,916,3.003,3.31,3.31,0.0033,464,226
T-BulletDispenser-1x,917,3.006,3.10,3.10,0.0031,464,226
T-BulletDispenser-1x,918,3.009,3.49,3.48,0.0035,464,226
T-BulletDispenser-1x,919,3.013,3.49,3.51,0.0035,464,226
T-BulletDispenser-1x,920,3.016,3.56,3.50,0.0036,516,226
T-BulletDispenser-1x,921,3.020,3.33,3.39,0.0033,464,226
T-BulletDispenser-1x,922,3.023,3.33,3.31,0.0033,464,226
T-BulletDispenser-1x,923,3.026,2.85,2.90,0.0029,464,226
T-BulletDispenser-1x,924,3.029,3.31,3.29,0.0033,464,226
T-BulletDispenser-1x,925,3.033,3.32,3.32,0.0033,464,226
T-BulletDispenser-1x,926,3.036,3.04,3.00,0.0030,464,226
T-BulletDispenser-1x,927,3.039,3.28,3.28,0.0033,464,226
T-BulletDispenser-1x,928,3.042,3.59,3.60,0.0036,464,226
T-BulletDispenser-1x,929,3.046,3.47,3.48,0.0035,464,226
T-BulletDispenser-1x,930,3.050,3.74,3.70,0.0037,464,226
T-BulletDispenser-1x,931,3.053,3.47,3.51,0.0035,464,226
T-BulletDispenser-1x,932,3.057,3.53,3.50,0.0035,464,226
T-BulletDispenser-1x,933,3.060,3.38,3.40,0.0034,464,226
T-BulletDispenser-1x,934,3.064,3.65,3.61,0.0036,464,226
T-BulletDispenser-1x,935,3.068,3.95,3.98,0.0040,464,226
T-BulletDispenser-1x,936,3.071,3.65,3.62,0.0037,464,226
T-BulletDispenser-1x,937,3.075,3.66,3.69,0.0037,464,226
T-BulletDispenser-1x,938,3.079,3.58,3.59,0.0036,464,226
T-BulletDispenser-1x,939,3.082,3.67,3.63,0.0037,464,226
T-BulletDispenser-1x,940,3.086,3.58,3.57,0.0036,464,226
T-BulletDispenser-1x,941,3.089,3.35,3.36,0.0033,464,226
T-BulletDispenser-1x,942,3.093,3.60,3.53,0.0036,464,226
T-BulletDispenser-1x,943,3.096,3.29,3.38,0.0033,464,226
T-BulletDispenser-1x,944,3.099,3.42,3.41,0.0034,464,226
T-BulletDispenser-1x,945,3.103,3.39,3.40,0.0034,464,226
T-BulletDispenser-1x,946,3.106,3.09,3.09,0.0031,464,226
T-BulletDispenser-1x,947,3.109,3.09,3.09,0.0031,464,226
T-BulletDispenser-1x,948,3.113,3.51,3.50,0.0035,464,226
T-BulletDispenser-1x,949,3.116,3.63,3.60,0.0036,464,226
T-BulletDispenser-1x,950,3.120,3.71,3.71,0.0037,464,226
T-BulletDispenser-1x,951,3.123,3.27,3.28,0.0033,464,226
T-BulletDispenser-1x,952,3.126,3.07,3.10,0.0031,464,226
T-BulletDispenser-1x,953,3.129,3.09,3.08,0.0031,464,226
T-BulletDispenser-1x,954,3.133,3.54,3.51,0.0035,464,226
T-BulletDispenser-1x,955,3.137,3.81,3.80,0.0038,464,226
T-BulletDispenser-1x,956,3.140,3.42,3.42,0.0034,464,226
T-BulletDispenser-1x,957,3.143,3.08,2.99,0.0031,464,226
T-BulletDispenser-1x,958,3.146,3.27,3.38,0.0033,464,226
T-BulletDispenser-1x,959,3.150,3.20,3.20,0.0032,464,226
T-BulletDispenser-1x,960,3.153,2.92,2.90,0.0029,464,226
T-BulletDispenser-1x,961,3.156,3.57,3.52,0.0036,464,226
T-BulletDispenser-1x,962,3.159,3.31,3.38,0.0033,464,226
T-BulletDispenser-1x,963,3.163,3.51,3.50,0.0035,464,226
T-BulletDispenser-1x,964,3.166,3.53,3.51,0.0035,464,226
T-BulletDispenser-1x,965,3.170,3.73,3.69,0.0037,464,226
T-BulletDispenser-1x,966,3.174,3.46,3.50,0.0035,464,226
T-BulletDispenser-1x,967,3.177,3.50,3.49,0.0035,464,226
T-BulletDispenser-1x,968,3.180,3.31,3.29,0.0033,464,226
T-BulletDispenser-1x,969,3.184,3.57,3.59,0.0036,464,226
T-BulletDispenser-1x,970,3.188,3.52,3.52,0.0035,464,226
T-BulletDispenser-1x,971,3.191,3.56,3.57,0.0036,464,226
T-BulletDispenser-1x,972,3.194,3.13,3.11,0.0031,464,226
T-BulletDispenser-1x,973,3.198,3.62,3.61,0.0036,464,226
T-BulletDispenser-1x,974,3.201,3.16,3.19,0.0032,464,226
T-BulletDispenser-1x,975,3.204,3.18,3.19,0.0032,464,226
T-BulletDispenser-1x,976,3.208,3.38,3.31,0.0034,464,226
T-BulletDispenser-1x,977,3.211,3.26,3.29,0.0033,464,226
T-BulletDispenser-1x,978,3.215,3.74,3.71,0.0037,464,226
T-BulletDispenser-1x,979,3.218,3.68,3.68,0.0037,516,226
T-BulletDispenser-1x,980,3.221,3.07,3.10,0.0031,464,226
T-BulletDispenser-1x,981,3.225,3.41,3.40,0.0034,464,226
T-BulletDispenser-1x,982,3.228,3.51,3.51,0.0035,464,226
T-BulletDispenser-1x,983,3.232,3.65,3.61,0.0037,464,226
T-BulletDispenser-1x,984,3.235,3.56,3.59,0.0036,464,226
T-BulletDispenser-1x,985,3.239,3.18,3.17,0.0032,464,226
T-BulletDispenser-1x,986,3.242,3.39,3.41,0.0034,464,226
T-BulletDispenser-1x,987,3.245,3.39,3.39,0.0034,464,226
T-BulletDispenser-1x,988,3.249,3.34,3.30,0.0033,464,226
T-BulletDispenser-1x,989,3.252,3.51,3.51,0.0035,464,226
T-BulletDispenser-1x,990,3.256,3.41,3.40,0.0034,464,226
T-BulletDispenser-1x,991,3.259,3.45,3.48,0.0035,464,226
T-BulletDispenser-1x,992,3.263,3.49,3.49,0.0035,464,226
T-BulletDispenser-1x,993,3.266,3.54,3.50,0.0035,464,226
T-BulletDispenser-1x,994,3.270,3.38,3.30,0.0034,464,226
T-BulletDispenser-1x,995,3.273,3.48,3.58,0.0035,464,226
T-BulletDispenser-1x,996,3.276,2.79,2.81,0.0028,464,226
T-BulletDispenser-1x,997,3.279,3.31,3.28,0.0033,464,226
T-BulletDispenser-1x,998,3.283,3.46,3.40,0.0035,464,226
T-BulletDispenser-1x,999,3.286,3.25,3.29,0.0032,464,226
T-BulletDispenser-1x,1000,3.289,3.59,3.51,0.0036,464,226
T-BulletDispenser-1x,1001,3.294,4.15,4.20,0.0041,464,226
T-BulletDispenser-1x,1002,3.297,3.54,3.50,0.0035,464,226
T-BulletDispenser-1x,1003,3.301,3.43,3.48,0.0034,464,226
T-BulletDispenser-1x,1004,3.303,2.99,3.00,0.0030,464,226
T-BulletDispenser-1x,1005,3.307,3.46,3.43,0.0035,464,226
T-BulletDispenser-1x,1006,3.311,3.61,3.60,0.0036,464,226
T-BulletDispenser-1x,1007,3.314,3.34,3.37,0.0033,464,226
T-BulletDispenser-1x,1008,3.318,3.88,3.81,0.0039,464,226
T-BulletDispenser-1x,1009,3.321,3.30,3.38,0.0033,464,226
T-BulletDispenser-1x,1010,3.324,2.93,2.90,0.0029,464,226
T-BulletDispenser-1x,1011,3.328,3.87,3.81,0.0039,464,226
T-BulletDispenser-1x,1012,3.332,3.75,3.80,0.0038,464,226
T-BulletDispenser-1x,1013,3.335,3.49,3.49,0.0035,464,226
T-BulletDispenser-1x,1014,3.338,2.97,3.01,0.0030,464,226
T-BulletDispenser-1x,1015,3.341,3.36,3.31,0.0034,464,226
T-BulletDispenser-1x,1016,3.345,3.48,3.49,0.0035,464,226
T-BulletDispenser-1x,1017,3.348,3.14,3.10,0.0031,464,226
T-BulletDispenser-1x,1018,3.351,3.35,3.38,0.0034,464,226
T-BulletDispenser-1x,1019,3.355,3.42,3.42,0.0034,464,226
T-BulletDispenser-1x,1020,3.358,3.27,3.29,0.0033,464,226
T-BulletDispenser-1x,1021,3.361,3.32,3.31,0.0033,464,226
T-BulletDispenser-1x,1022,3.365,3.61,3.59,0.0036,464,226
T-BulletDispenser-1x,1023,3.369,3.61,3.60,0.0036,464,226
T-BulletDispenser-1x,1024,3.372,3.41,3.41,0.0034,464,226
T-BulletDispenser-1x,1025,3.376,3.47,3.48,0.0035,464,226
T-BulletDispenser-1x,1026,3.379,3.40,3.41,0.0034,464,226
T-BulletDispenser-1x,1027,3.382,3.40,3.39,0.0034,464,226
T-BulletDispenser-1x,1028,3.386,3.41,3.42,0.0034,464,226
T-BulletDispenser-1x,1029,3.389,3.41,3.39,0.0034,464,226
T-BulletDispenser-1x,1030,3.392,3.29,3.29,0.0033,464,226
T-BulletDispenser-1x,1031,3.396,3.67,3.70,0.0037,464,226
T-BulletDispenser-1x,1032,3.399,3.38,3.39,0.0034,464,226
T-BulletDispenser-1x,1033,3.403,3.22,3.20,0.0032,464,226
T-BulletDispenser-1x,1034,3.406,3.67,3.63,0.0037,464,226
T-BulletDispenser-1x,1035,3.410,3.37,3.38,0.0034,464,226
T-BulletDispenser-1x,1036,3.413,3.48,3.49,0.0035,464,226
T-BulletDispenser-1x,1037,3.417,3.82,3.81,0.0038,464,226
T-BulletDispenser-1x,1038,3.421,3.46,3.49,0.0035,516,226
T-BulletDispenser-1x,1039,3.424,3.55,3.51,0.0035,464,226
T-BulletDispenser-1x,1040,3.427,3.28,3.28,0.0033,464,226
T-BulletDispenser-1x,1041,3.431,3.70,3.72,0.0037,464,226
T-BulletDispenser-1x,1042,3.434,3.15,3.18,0.0031,464,226
T-BulletDispenser-1x,1043,3.437,3.26,3.21,0.0033,464,226
T-BulletDispenser-1x,1044,3.441,3.55,3.58,0.0036,464,226
T-BulletDispenser-1x,1045,3.445,3.55,3.52,0.0036,464,226
T-BulletDispenser-1x,1046,3.448,3.71,3.70,0.0037,464,226
T-BulletDispenser-1x,1047,3.452,3.64,3.62,0.0036,464,226
T-BulletDispenser-1x,1048,3.455,3.32,3.37,0.0033,464,226
T-BulletDispenser-1x,1049,3.459,3.51,3.50,0.0035,464,226
T-BulletDispenser-1x,1050,3.462,3.48,3.49,0.0035,464,226
T-BulletDispenser-1x,1051,3.466,3.31,3.30,0.0033,464,226
T-BulletDispenser-1x,1052,3.469,3.92,3.90,0.0039,464,226
T-BulletDispenser-1x,1053,3.473,3.42,3.40,0.0034,464,226
T-BulletDispenser-1x,1054,3.476,3.29,3.30,0.0033,464,226
T-BulletDispenser-1x,1055,3.480,3.39,3.40,0.0034,464,226
T-BulletDispenser-1x,1056,3.483,3.40,3.40,0.0034,464,226
T-BulletDispenser-1x,1057,3.487,3.78,3.78,0.0038,464,226
T-BulletDispenser-1x,1058,3.490,3.54,3.52,0.0035,464,226
T-BulletDispenser-1x,1059,3.494,3.25,3.28,0.0033,464,226
T-BulletDispenser-1x,1060,3.496,2.98,3.00,0.0030,464,226
T-BulletDispenser-1x,1061,3.500,3.35,3.29,0.0033,464,226
T-BulletDispenser-1x,1062,3.503,3.36,3.40,0.0034,464,226
T-BulletDispenser-1x,1063,3.506,2.95,2.90,0.0029,464,226
T-BulletDispenser-1x,1064,3.510,3.61,3.60,0.0036,464,226
T-BulletDispenser-1x,1065,3.513,3.36,3.39,0.0034,464,226
T-BulletDispenser-1x,1066,3.517,3.41,3.40,0.0034,464,226
T-BulletDispenser-1x,1067,3.520,3.72,3.71,0.0037,464,226
T-BulletDispenser-1x,1068,3.523,3.03,3.08,0.0030,464,226
T-BulletDispenser-1x,1069,3.527,3.45,3.40,0.0035,464,226
T-BulletDispenser-1x,1070,3.530,3.42,3.42,0.0034,464,226
T-BulletDispenser-1x,1071,3.534,3.67,3.68,0.0037,464,226
T-BulletDispenser-1x,1072,3.537,3.59,3.60,0.0036,464,226
T-BulletDispenser-1x,1073,3.541,3.74,3.70,0.0037,464,226
T-BulletDispenser-1x,1074,3.545,3.78,3.81,0.0038,464,226
T-BulletDispenser-1x,1075,3.548,3.42,3.40,0.0034,464,226
T-BulletDispenser-1x,1076,3.552,3.56,3.58,0.0036,464,226
T-BulletDispenser-1x,1077,3.555,3.19,3.20,0.0032,464,226
T-BulletDispenser-1x,1078,3.559,3.52,3.50,0.0035,464,226
T-BulletDispenser-1x,1079,3.562,3.88,3.91,0.0039,464,226
T-BulletDispenser-1x,1080,3.566,3.56,3.50,0.0036,464,226
T-BulletDispenser-1x,1081,3.570,3.56,3.60,0.0036,464,226
T-BulletDispenser-1x,1082,3.573,3.64,3.59,0.0036,464,226
T-BulletDispenser-1x,1083,3.577,3.48,3.51,0.0035,464,226
T-BulletDispenser-1x,1084,3.580,3.56,3.50,0.0036,464,226
T-BulletDispenser-1x,1085,3.584,4.13,4.18,0.0041,464,226
T-BulletDispenser-1x,1086,3.588,3.27,3.30,0.0033,464,226
T-BulletDispenser-1x,1087,3.591,3.15,3.10,0.0031,464,226
T-BulletDispenser-1x,1088,3.594,3.39,3.41,0.0034,464,226
T-BulletDispenser-1x,1089,3.598,3.60,3.60,0.0036,464,226
T-BulletDispenser-1x,1090,3.601,3.37,3.38,0.0034,464,226
T-BulletDispenser-1x,1091,3.605,3.48,3.51,0.0035,464,226
T-BulletDispenser-1x,1092,3.608,3.06,2.99,0.0031,464,226
T-BulletDispenser-1x,1093,3.611,3.35,3.39,0.0033,464,226
T-BulletDispenser-1x,1094,3.615,3.61,3.60,0.0036,464,226
T-BulletDispenser-1x,1095,3.618,3.43,3.42,0.0034,464,226
T-BulletDispenser-1x,1096,3.622,3.53,3.49,0.0035,516,226
T-BulletDispenser-1x,1097,3.625,3.62,3.68,0.0036,464,226
T-BulletDispenser-1x,1098,3.629,3.23,3.23,0.0032,464,226
T-BulletDispenser-1x,1099,3.632,3.70,3.69,0.0037,464,226
T-BulletDispenser-1x,1100,3.636,3.41,3.40,0.0034,464,226
T-BulletDispenser-1x,1101,3.638,2.82,2.87,0.0028,464,226
T-BulletDispenser-1x,1102,3.642,3.33,3.30,0.0033,464,226
T-BulletDispenser-1x,1103,3.645,3.52,3.53,0.0035,464,226
T-BulletDispenser-1x,1104,3.649,3.30,3.28,0.0033,464,226
T-BulletDispenser-1x,1105,3.652,3.21,3.20,0.0032,464,226
T-BulletDispenser-1x,1106,3.655,3.41,3.41,0.0034,464,226
T-BulletDispenser-1x,1107,3.659,3.48,3.49,0.0035,464,226
T-BulletDispenser-1x,1108,3.662,3.37,3.39,0.0034,464,226
T-BulletDispenser-1x,1109,3.666,3.63,3.61,0.0036,464,226
T-BulletDispenser-1x,1110,3.669,3.40,3.40,0.0034,464,226
T-BulletDispenser-1x,1111,3.673,3.33,3.29,0.0033,464,226
T-BulletDispenser-1x,1112,3.676,3.60,3.62,0.0036,464,226
T-BulletDispenser-1x,1113,3.680,3.47,3.47,0.0035,464,226
T-BulletDispenser-1x,1114,3.683,3.41,3.41,0.0034,464,226
T-BulletDispenser-1x,1115,3.687,3.74,3.73,0.0037,464,226
T-BulletDispenser-1x,1116,3.690,3.36,3.38,0.0034,464,226
T-BulletDispenser-1x,1117,3.694,3.63,3.60,0.0036,464,226
T-BulletDispenser-1x,1118,3.697,3.42,3.42,0.0034,464,226
T-BulletDispenser-1x,1119,3.700,3.43,3.47,0.0034,464,226
T-BulletDispenser-1x,1120,3.704,3.45,3.40,0.0034,464,226
T-BulletDispenser-1x,1121,3.708,3.80,3.80,0.0038,464,226
T-BulletDispenser-1x,1122,3.711,3.48,3.50,0.0035,464,226
T-BulletDispenser-1x,1123,3.714,2.84,2.87,0.0028,464,226
T-BulletDispenser-1x,1124,3.717,2.94,2.92,0.0029,464,226
T-BulletDispenser-1x,1125,3.720,3.41,3.39,0.0034,464,226
T-BulletDispenser-1x,1126,3.724,3.10,3.10,0.0031,464,226
T-BulletDispenser-1x,1127,3.727,3.21,3.12,0.0032,464,226
T-BulletDispenser-1x,1128,3.730,3.20,3.30,0.0032,464,226
T-BulletDispenser-1x,1129,3.733,3.10,3.08,0.0031,464,226
T-BulletDispenser-1x,1130,3.737,3.63,3.61,0.0036,464,226
T-BulletDispenser-1x,1131,3.740,3.41,3.39,0.0034,464,226
T-BulletDispenser-1x,1132,3.743,3.29,3.28,0.0033,464,226
T-BulletDispenser-1x,1133,3.747,3.57,3.58,0.0036,464,226
T-BulletDispenser-1x,1134,3.750,3.28,3.30,0.0033,464,226
T-BulletDispenser-1x,1135,3.754,3.44,3.40,0.0034,464,226
T-BulletDispenser-1x,1136,3.757,3.75,3.71,0.0038,464,226
T-BulletDispenser-1x,1137,3.761,3.22,3.28,0.0032,464,226
T-BulletDispenser-1x,1138,3.764,3.21,3.21,0.0032,464,226
T-BulletDispenser-1x,1139,3.767,3.21,3.20,0.0032,464,226
T-BulletDispenser-1x,1140,3.770,3.46,3.48,0.0035,464,226
T-BulletDispenser-1x,1141,3.774,3.34,3.32,0.0033,464,226
T-BulletDispenser-1x,1142,3.777,3.40,3.40,0.0034,464,226
T-BulletDispenser-1x,1143,3.781,3.30,3.30,0.0033,464,226
T-BulletDispenser-1x,1144,3.784,3.48,3.49,0.0035,464,226
T-BulletDispenser-1x,1145,3.787,3.40,3.38,0.0034,464,226
T-BulletDispenser-1x,1146,3.791,3.50,3.50,0.0035,464,226
T-BulletDispenser-1x,1147,3.794,3.48,3.49,0.0035,464,226
T-BulletDispenser-1x,1148,3.798,3.09,3.04,0.0031,464,226
T-BulletDispenser-1x,1149,3.801,3.10,3.16,0.0031,464,226
T-BulletDispenser-1x,1150,3.804,3.34,3.29,0.0033,464,226
T-BulletDispenser-1x,1151,3.807,3.30,3.31,0.0033,464,226
T-BulletDispenser-1x,1152,3.810,3.14,3.11,0.0031,464,226
T-BulletDispenser-1x,1153,3.814,3.17,3.18,0.0032,464,226
T-BulletDispenser-1x,1154,3.817,3.16,3.20,0.0032,464,226
T-BulletDispenser-1x,1155,3.820,2.85,2.80,0.0029,464,226
T-BulletDispenser-1x,1156,3.823,3.05,3.10,0.0031,516,226
T-BulletDispenser-1x,1157,3.826,3.35,3.31,0.0033,464,226
T-BulletDispenser-1x,1158,3.829,3.39,3.39,0.0034,464,226
T-BulletDispenser-1x,1159,3.833,3.50,3.50,0.0035,464,226
T-BulletDispenser-1x,1160,3.837,3.81,3.82,0.0038,464,226
T-BulletDispenser-1x,1161,3.840,3.07,3.06,0.0031,464,226
T-BulletDispenser-1x,1162,3.843,3.31,3.30,0.0033,464,226
T-BulletDispenser-1x,1163,3.847,3.61,3.61,0.0036,464,226
T-BulletDispenser-1x,1164,3.850,3.34,3.30,0.0033,464,226
T-BulletDispenser-1x,1165,3.854,3.58,3.58,0.0036,464,226
T-BulletDispenser-1x,1166,3.857,3.04,3.09,0.0030,464,226
T-BulletDispenser-1x,1167,3.860,3.63,3.61,0.0036,464,226
T-BulletDispenser-1x,1168,3.864,3.49,3.50,0.0035,464,226
T-BulletDispenser-1x,1169,3.867,3.71,3.70,0.0037,464,226
T-BulletDispenser-1x,1170,3.871,3.68,3.62,0.0037,464,226
T-BulletDispenser-1x,1171,3.874,3.32,3.37,0.0033,464,226
T-BulletDispenser-1x,1172,3.878,3.59,3.52,0.0036,464,226
T-BulletDispenser-1x,1173,3.882,3.57,3.58,0.0036,464,226
T-BulletDispenser-1x,1174,3.886,4.00,4.00,0.0040,464,226
T-BulletDispenser-1x,1175,3.889,3.22,3.28,0.0032,464,226
T-BulletDispenser-1x,1176,3.893,3.76,3.72,0.0038,464,226
T-BulletDispenser-1x,1177,3.896,3.88,3.89,0.0039,464,226
T-BulletDispenser-1x,1178,3.900,3.49,3.48,0.0035,464,226
T-BulletDispenser-1x,1179,3.904,3.64,3.60,0.0036,464,226
T-BulletDispenser-1x,1180,3.907,3.51,3.50,0.0035,464,226
T-BulletDispenser-1x,1181,3.910,3.37,3.41,0.0034,464,226
T-BulletDispenser-1x,1182,3.913,3.03,3.07,0.0030,464,226
T-BulletDispenser-1x,1183,3.917,3.37,3.30,0.0034,464,226
T-BulletDispenser-1x,1184,3.920,3.14,3.20,0.0031,464,226
T-BulletDispenser-1x,1185,3.923,3.32,3.29,0.0033,464,226
T-BulletDispenser-1x,1186,3.927,3.43,3.34,0.0034,464,226
T-BulletDispenser-1x,1187,3.930,3.25,3.36,0.0033,464,226
T-BulletDispenser-1x,1188,3.933,3.21,3.22,0.0032,464,226
T-BulletDispenser-1x,1189,3.937,3.46,3.43,0.0035,464,226
T-BulletDispenser-1x,1190,3.940,3.04,3.03,0.0030,464,226
T-BulletDispenser-1x,1191,3.943,3.15,3.12,0.0031,464,226
T-BulletDispenser-1x,1192,3.946,3.38,3.40,0.0034,464,226
T-BulletDispenser-1x,1193,3.950,3.60,3.60,0.0036,464,226
T-BulletDispenser-1x,1194,3.953,3.41,3.40,0.0034,464,226
T-BulletDispenser-1x,1195,3.956,3.21,3.19,0.0032,464,226
T-BulletDispenser-1x,1196,3.960,3.27,3.28,0.0033,464,226
T-BulletDispenser-1x,1197,3.963,3.41,3.40,0.0034,464,226
T-BulletDispenser-1x,1198,3.966,3.29,3.30,0.0033,464,226
T-BulletDispenser-1x,1199,3.970,3.24,3.22,0.0032,464,226
T-BulletDispenser-1x,1200,3.973,3.30,3.29,0.0033,464,226
T-BulletDispenser-1x,1201,3.976,3.24,3.28,0.0032,464,226
T-BulletDispenser-1x,1202,3.979,3.09,3.10,0.0031,464,226
T-BulletDispenser-1x,1203,3.983,3.28,3.23,0.0033,464,226
T-BulletDispenser-1x,1204,3.986,3.27,3.28,0.0033,464,226
T-BulletDispenser-1x,1205,3.989,3.17,3.19,0.0032,464,226
T-BulletDispenser-1x,1206,3.993,3.83,3.51,0.0038,464,226
T-BulletDispenser-1x,1207,3.996,3.59,3.89,0.0036,464,226
T-BulletDispenser-1x,1208,4.000,3.32,3.31,0.0033,464,226
T-BulletDispenser-1x,1209,4.003,3.27,3.28,0.0033,464,226
T-BulletDispenser-1x,1210,4.006,3.21,3.20,0.0032,464,226
T-BulletDispenser-1x,1211,4.010,3.29,3.30,0.0033,464,226
T-BulletDispenser-1x,1212,4.013,3.53,3.50,0.0035,464,226
T-BulletDispenser-1x,1213,4.017,3.52,3.51,0.0035,464,226
T-BulletDispenser-1x,1214,4.020,3.59,3.58,0.0036,464,226
T-BulletDispenser-1x,1215,4.023,3.32,3.30,0.0033,516,226
T-BulletDispenser-1x,1216,4.027,3.50,3.49,0.0035,464,226
T-BulletDispenser-1x,1217,4.030,3.27,3.30,0.0033,464,226
T-BulletDispenser-1x,1218,4.034,3.50,3.50,0.0035,464,226
T-BulletDispenser-1x,1219,4.037,3.35,3.38,0.0033,464,226
T-BulletDispenser-1x,1220,4.040,3.15,3.11,0.0031,464,226
T-BulletDispenser-1x,1221,4.044,3.38,3.39,0.0034,464,226
T-BulletDispenser-1x,1222,4.047,3.11,3.13,0.0031,464,226
T-BulletDispenser-1x,1223,4.050,3.32,3.29,0.0033,464,226
T-BulletDispenser-1x,1224,4.053,3.47,3.48,0.0035,464,226
T-BulletDispenser-1x,1225,4.057,3.12,3.10,0.0031,464,226
T-BulletDispenser-1x,1226,4.060,3.39,3.39,0.0034,464,226
T-BulletDispenser-1x,1227,4.063,3.09,3.10,0.0031,464,226
T-BulletDispenser-1x,1228,4.066,3.19,3.21,0.0032,464,226
T-BulletDispenser-1x,1229,4.069,3.00,2.97,0.0030,464,226
T-BulletDispenser-1x,1230,4.072,3.18,3.13,0.0032,464,226
T-BulletDispenser-1x,1231,4.076,3.11,3.18,0.0031,464,226
T-BulletDispenser-1x,1232,4.079,2.94,2.90,0.0029,464,226
T-BulletDispenser-1x,1233,4.082,3.43,3.43,0.0034,464,226
T-BulletDispenser-1x,1234,4.085,3.48,3.48,0.0035,464,226
T-BulletDispenser-1x,1235,4.088,2.84,2.89,0.0028,464,226
T-BulletDispenser-1x,1236,4.092,3.32,3.29,0.0033,464,226
T-BulletDispenser-1x,1237,4.095,3.42,3.42,0.0034,464,226
T-BulletDispenser-1x,1238,4.098,3.31,3.30,0.0033,464,226
T-BulletDispenser-1x,1239,4.102,3.51,3.51,0.0035,464,226
T-BulletDispenser-1x,1240,4.105,3.50,3.48,0.0035,464,226
T-BulletDispenser-1x,1241,4.108,3.09,3.11,0.0031,464,226
T-BulletDispenser-1x,1242,4.112,3.25,3.28,0.0033,464,226
T-BulletDispenser-1x,1243,4.115,3.21,3.19,0.0032,464,226
T-BulletDispenser-1x,1244,4.118,2.96,2.98,0.0030,464,226
T-BulletDispenser-1x,1245,4.121,3.14,3.13,0.0031,464,226
T-BulletDispenser-1x,1246,4.124,3.35,3.31,0.0034,464,226
T-BulletDispenser-1x,1247,4.128,3.37,3.39,0.0034,464,226
T-BulletDispenser-1x,1248,4.130,2.75,2.79,0.0028,464,226
T-BulletDispenser-1x,1249,4.134,3.16,3.11,0.0032,464,226
T-BulletDispenser-1x,1250,4.137,3.83,3.81,0.0038,464,226
T-BulletDispenser-1x,1251,4.141,3.87,3.88,0.0039,464,226
T-BulletDispenser-1x,1252,4.145,3.58,3.59,0.0036,464,226
T-BulletDispenser-1x,1253,4.148,3.43,3.42,0.0034,464,226
T-BulletDispenser-1x,1254,4.152,3.46,3.49,0.0035,464,226
T-BulletDispenser-1x,1255,4.155,3.50,3.39,0.0035,464,226
T-BulletDispenser-1x,1256,4.159,3.84,3.92,0.0038,464,226
T-BulletDispenser-1x,1257,4.163,3.69,3.70,0.0037,464,226
T-BulletDispenser-1x,1258,4.167,3.68,3.70,0.0037,464,226
T-BulletDispenser-1x,1259,4.170,3.53,3.48,0.0035,464,226
T-BulletDispenser-1x,1260,4.173,3.36,3.40,0.0034,464,226
T-BulletDispenser-1x,1261,4.177,3.11,3.09,0.0031,464,226
T-BulletDispenser-1x,1262,4.180,3.05,3.11,0.0031,464,226
T-BulletDispenser-1x,1263,4.183,2.97,2.91,0.0030,464,226
T-BulletDispenser-1x,1264,4.186,3.36,3.38,0.0034,464,226
T-BulletDispenser-1x,1265,4.190,3.60,3.60,0.0036,464,226
T-BulletDispenser-1x,1266,4.193,3.29,3.31,0.0033,464,226
T-BulletDispenser-1x,1267,4.196,3.56,3.50,0.0036,464,226
T-BulletDispenser-1x,1268,4.200,3.55,3.58,0.0035,464,226
T-BulletDispenser-1x,1269,4.204,3.63,3.61,0.0036,464,226
T-BulletDispenser-1x,1270,4.207,3.41,3.40,0.0034,464,226
T-BulletDispenser-1x,1271,4.211,3.58,3.60,0.0036,464,226
T-BulletDispenser-1x,1272,4.214,3.51,3.50,0.0035,464,226
T-BulletDispenser-1x,1273,4.217,3.19,3.21,0.0032,464,226
T-BulletDispenser-1x,1274,4.221,3.36,3.38,0.0034,464,226
T-BulletDispenser-1x,1275,4.223,2.91,2.89,0.0029,516,226
T-BulletDispenser-1x,1276,4.226,2.97,2.99,0.0030,464,226
T-BulletDispenser-1x,1277,4.230,3.27,3.22,0.0033,464,226
T-BulletDispenser-1x,1278,4.233,3.47,3.49,0.0035,464,226
T-BulletDispenser-1x,1279,4.237,3.48,3.49,0.0035,464,226
T-BulletDispenser-1x,1280,4.240,3.33,3.32,0.0033,464,226
T-BulletDispenser-1x,1281,4.243,3.40,3.38,0.0034,464,226
T-BulletDispenser-1x,1282,4.247,3.30,3.30,0.0033,464,226
T-BulletDispenser-1x,1283,4.250,3.29,3.32,0.0033,464,226
T-BulletDispenser-1x,1284,4.253,3.28,3.26,0.0033,464,226
T-BulletDispenser-1x,1285,4.257,3.45,3.44,0.0034,464,226
T-BulletDispenser-1x,1286,4.260,3.54,3.56,0.0035,464,226
T-BulletDispenser-1x,1287,4.263,3.14,3.11,0.0031,464,226
T-BulletDispenser-1x,1288,4.267,3.39,3.39,0.0034,464,226
T-BulletDispenser-1x,1289,4.270,3.39,3.39,0.0034,464,226
T-BulletDispenser-1x,1290,4.274,3.44,3.42,0.0034,464,226
T-BulletDispenser-1x,1291,4.277,3.38,3.38,0.0034,464,226
T-BulletDispenser-1x,1292,4.281,3.62,3.60,0.0036,464,226
T-BulletDispenser-1x,1293,4.284,3.27,3.30,0.0033,464,226
T-BulletDispenser-1x,1294,4.287,3.27,3.30,0.0033,464,226
T-BulletDispenser-1x,1295,4.290,3.01,2.98,0.0030,464,226
T-BulletDispenser-1x,1296,4.294,3.40,3.40,0.0034,464,226
T-BulletDispenser-1x,1297,4.297,3.09,3.11,0.0031,464,226
T-BulletDispenser-1x,1298,4.300,3.17,3.18,0.0032,464,226
T-BulletDispenser-1x,1299,4.303,3.37,3.33,0.0034,464,226
T-BulletDispenser-1x,1300,4.307,3.41,3.39,0.0034,464,226
T-BulletDispenser-1x,1301,4.310,2.87,2.90,0.0029,464,226
T-BulletDispenser-1x,1302,4.313,3.30,3.28,0.0033,464,226
T-BulletDispenser-1x,1303,4.316,3.51,3.52,0.0035,464,226
T-BulletDispenser-1x,1304,4.320,3.39,3.39,0.0034,464,226
T-BulletDispenser-1x,1305,4.323,3.30,3.29,0.0033,464,226
T-BulletDispenser-1x,1306,4.327,3.48,3.42,0.0035,464,226
T-BulletDispenser-1x,1307,4.329,2.87,2.97,0.0029,464,226
T-BulletDispenser-1x,1308,4.333,3.48,3.42,0.0035,464,226
T-BulletDispenser-1x,1309,4.337,3.82,3.84,0.0038,464,226
T-BulletDispenser-1x,1310,4.339,2.79,2.84,0.0028,464,226
T-BulletDispenser-1x,1311,4.343,3.11,3.10,0.0031,464,226
T-BulletDispenser-1x,1312,4.346,3.35,3.30,0.0034,464,226
T-BulletDispenser-1x,1313,4.349,3.49,3.51,0.0035,464,226
T-BulletDispenser-1x,1314,4.353,3.29,3.29,0.0033,464,226
T-BulletDispenser-1x,1315,4.356,2.88,2.90,0.0029,464,226
T-BulletDispenser-1x,1316,4.359,3.51,3.49,0.0035,464,226
T-BulletDispenser-1x,1317,4.363,3.50,3.50,0.0035,464,226
T-BulletDispenser-1x,1318,4.366,3.49,3.50,0.0035,464,226
T-BulletDispenser-1x,1319,4.370,3.48,3.40,0.0035,464,226
T-BulletDispenser-1x,1320,4.373,3.36,3.41,0.0034,464,226
T-BulletDispenser-1x,1321,4.376,3.04,3.09,0.0030,464,226
T-BulletDispenser-1x,1322,4.379,3.03,3.01,0.0030,464,226
T-BulletDispenser-1x,1323,4.383,3.71,3.69,0.0037,464,226
T-BulletDispenser-1x,1324,4.387,3.92,3.94,0.0039,464,226
T-BulletDispenser-1x,1325,4.390,3.51,3.46,0.0035,464,226
T-BulletDispenser-1x,1326,4.394,3.62,3.67,0.0036,464,226
T-BulletDispenser-1x,1327,4.397,3.14,3.12,0.0031,464,226
T-BulletDispenser-1x,1328,4.400,3.40,3.39,0.0034,464,226
T-BulletDispenser-1x,1329,4.404,3.38,3.39,0.0034,464,226
T-BulletDispenser-1x,1330,4.407,3.39,3.33,0.0034,464,226
T-BulletDispenser-1x,1331,4.411,3.45,3.48,0.0034,464,226
T-BulletDispenser-1x,1332,4.414,3.26,3.28,0.0033,464,226
T-BulletDispenser-1x,1333,4.417,3.30,3.30,0.0033,464,226
T-BulletDispenser-1x,1334,4.420,3.02,3.02,0.0030,464,226
T-BulletDispenser-1x,1335,4.423,3.12,3.10,0.0031,464,226
T-BulletDispenser-1x,1336,4.427,3.50,3.50,0.0035,516,226
T-BulletDispenser-1x,1337,4.430,3.16,3.18,0.0032,464,226
T-BulletDispenser-1x,1338,4.433,3.33,3.32,0.0033,464,226
T-BulletDispenser-1x,1339,4.437,3.49,3.48,0.0035,464,226
T-BulletDispenser-1x,1340,4.440,2.86,2.90,0.0029,464,226
T-BulletDispenser-1x,1341,4.442,2.92,2.92,0.0029,464,226
T-BulletDispenser-1x,1342,4.446,3.32,3.29,0.0033,464,226
T-BulletDispenser-1x,1343,4.449,3.51,3.48,0.0035,464,226
T-BulletDispenser-1x,1344,4.453,3.30,3.32,0.0033,464,226
T-BulletDispenser-1x,1345,4.456,3.49,3.47,0.0035,464,226
T-BulletDispenser-1x,1346,4.460,3.71,3.72,0.0037,464,226
T-BulletDispenser-1x,1347,4.463,3.17,3.18,0.0032,464,226
T-BulletDispenser-1x,1348,4.466,3.01,3.01,0.0030,464,226
T-BulletDispenser-1x,1349,4.469,3.09,3.09,0.0031,464,226
T-BulletDispenser-1x,1350,4.473,3.42,3.39,0.0034,464,226
T-BulletDispenser-1x,1351,4.476,3.18,3.20,0.0032,464,226
T-BulletDispenser-1x,1352,4.479,3.41,3.40,0.0034,464,226
T-BulletDispenser-1x,1353,4.483,3.41,3.40,0.0034,464,226
T-BulletDispenser-1x,1354,4.485,2.77,2.80,0.0028,464,226
T-BulletDispenser-1x,1355,4.489,3.47,3.38,0.0035,464,226
T-BulletDispenser-1x,1356,4.492,3.45,3.51,0.0034,464,226
T-BulletDispenser-1x,1357,4.496,3.52,3.50,0.0035,464,226
T-BulletDispenser-1x,1358,4.499,3.71,3.70,0.0037,464,226
T-BulletDispenser-1x,1359,4.503,3.27,3.28,0.0033,464,226
T-BulletDispenser-1x,1360,4.506,3.35,3.31,0.0034,464,226
T-BulletDispenser-1x,1361,4.510,3.66,3.69,0.0037,464,226
T-BulletDispenser-1x,1362,4.513,3.47,3.50,0.0035,464,226
T-BulletDispenser-1x,1363,4.516,3.29,3.30,0.0033,464,226
T-BulletDispenser-1x,1364,4.520,3.30,3.30,0.0033,464,226
T-BulletDispenser-1x,1365,4.523,3.34,3.32,0.0033,464,226
T-BulletDispenser-1x,1366,4.526,2.86,2.90,0.0029,464,226
T-BulletDispenser-1x,1367,4.529,3.35,3.30,0.0034,464,226
T-BulletDispenser-1x,1368,4.533,3.60,3.60,0.0036,464,226
T-BulletDispenser-1x,1369,4.537,3.72,3.73,0.0037,464,226
T-BulletDispenser-1x,1370,4.540,3.24,3.24,0.0032,464,226
T-BulletDispenser-1x,1371,4.543,3.10,3.11,0.0031,464,226
T-BulletDispenser-1x,1372,4.546,2.98,2.99,0.0030,464,226
T-BulletDispenser-1x,1373,4.549,3.21,3.20,0.0032,464,226
T-BulletDispenser-1x,1374,4.552,3.23,3.21,0.0032,464,226
T-BulletDispenser-1x,1375,4.556,3.31,3.29,0.0033,464,226
T-BulletDispenser-1x,1376,4.559,3.50,3.51,0.0035,464,226
T-BulletDispenser-1x,1377,4.563,3.51,3.50,0.0035,464,226
T-BulletDispenser-1x,1378,4.566,3.48,3.49,0.0035,464,226
T-BulletDispenser-1x,1379,4.570,3.40,3.39,0.0034,464,226
T-BulletDispenser-1x,1380,4.573,3.32,3.31,0.0033,464,226
T-BulletDispenser-1x,1381,4.576,2.86,2.90,0.0029,464,226
T-BulletDispenser-1x,1382,4.579,3.23,3.20,0.0032,464,226
T-BulletDispenser-1x,1383,4.582,3.39,3.40,0.0034,464,226
T-BulletDispenser-1x,1384,4.585,3.01,3.00,0.0030,464,226
T-BulletDispenser-1x,1385,4.588,3.05,3.08,0.0030,464,226
T-BulletDispenser-1x,1386,4.592,3.27,3.22,0.0033,464,226
T-BulletDispenser-1x,1387,4.595,3.37,3.39,0.0034,464,226
T-BulletDispenser-1x,1388,4.598,3.38,3.39,0.0034,464,226
T-BulletDispenser-1x,1389,4.602,3.11,3.10,0.0031,464,226
T-BulletDispenser-1x,1390,4.605,3.08,3.10,0.0031,464,226
T-BulletDispenser-1x,1391,4.608,3.35,3.30,0.0033,464,226
T-BulletDispenser-1x,1392,4.611,3.44,3.41,0.0034,464,226
T-BulletDispenser-1x,1393,4.615,3.67,3.68,0.0037,464,226
T-BulletDispenser-1x,1394,4.618,3.31,3.31,0.0033,464,226
T-BulletDispenser-1x,1395,4.622,3.59,3.57,0.0036,464,226
T-BulletDispenser-1x,1396,4.625,3.24,3.30,0.0032,464,226
T-BulletDispenser-1x,1397,4.629,3.30,3.30,0.0033,516,226
T-BulletDispenser-1x,1398,4.632,3.32,3.31,0.0033,464,226
T-BulletDispenser-1x,1399,4.635,2.75,2.79,0.0027,464,226
T-BulletDispenser-1x,1400,4.638,3.02,2.99,0.0030,464,226
T-BulletDispenser-1x,1401,4.641,3.51,3.51,0.0035,464,226
T-BulletDispenser-1x,1402,4.645,3.45,3.41,0.0035,464,226
T-BulletDispenser-1x,1403,4.648,3.47,3.49,0.0035,464,226
T-BulletDispenser-1x,1404,4.652,3.50,3.50,0.0035,464,226
T-BulletDispenser-1x,1405,4.655,3.18,3.20,0.0032,464,226
T-BulletDispenser-1x,1406,4.658,2.86,2.89,0.0029,464,226
T-BulletDispenser-1x,1407,4.661,3.08,3.01,0.0031,464,226
T-BulletDispenser-1x,1408,4.664,3.37,3.39,0.0034,464,226
T-BulletDispenser-1x,1409,4.667,3.10,3.11,0.0031,464,226
T-BulletDispenser-1x,1410,4.670,3.16,3.17,0.0032,464,226
T-BulletDispenser-1x,1411,4.673,2.61,2.60,0.0026,464,226
T-BulletDispenser-1x,1412,4.677,3.66,3.61,0.0037,464,226
T-BulletDispenser-1x,1413,4.680,3.15,3.19,0.0032,464,226
T-BulletDispenser-1x,1414,4.683,3.30,3.29,0.0033,464,226
T-BulletDispenser-1x,1415,4.687,3.59,3.57,0.0036,464,226
T-BulletDispenser-1x,1416,4.690,3.20,3.22,0.0032,464,226
T-BulletDispenser-1x,1417,4.693,3.24,3.21,0.0032,464,226
T-BulletDispenser-1x,1418,4.696,3.16,3.20,0.0032,464,226
T-BulletDispenser-1x,1419,4.699,2.92,2.90,0.0029,464,226
T-BulletDispenser-1x,1420,4.702,3.12,3.11,0.0031,464,226
T-BulletDispenser-1x,1421,4.705,3.03,3.07,0.0030,464,226
T-BulletDispenser-1x,1422,4.709,3.47,3.42,0.0035,464,226
T-BulletDispenser-1x,1423,4.712,3.36,3.39,0.0034,464,226
T-BulletDispenser-1x,1424,4.716,3.55,3.51,0.0036,464,226
T-BulletDispenser-1x,1425,4.719,3.55,3.58,0.0036,464,226
T-BulletDispenser-1x,1426,4.723,3.42,3.41,0.0034,464,226
T-BulletDispenser-1x,1427,4.726,3.00,3.00,0.0030,464,226
T-BulletDispenser-1x,1428,4.729,3.52,3.50,0.0035,464,226
T-BulletDispenser-1x,1429,4.733,3.48,3.49,0.0035,464,226
T-BulletDispenser-1x,1430,4.737,3.96,3.95,0.0040,464,226
T-BulletDispenser-1x,1431,4.740,3.02,3.03,0.0030,464,226
T-BulletDispenser-1x,1432,4.743,3.62,3.60,0.0036,464,226
T-BulletDispenser-1x,1433,4.747,3.33,3.31,0.0033,464,226
T-BulletDispenser-1x,1434,4.751,3.88,3.90,0.0039,464,226
T-BulletDispenser-1x,1435,4.754,3.48,3.48,0.0035,464,226
T-BulletDispenser-1x,1436,4.758,3.61,3.61,0.0036,464,226
T-BulletDispenser-1x,1437,4.760,2.85,2.89,0.0029,464,226
T-BulletDispenser-1x,1438,4.763,2.92,2.90,0.0029,464,226
T-BulletDispenser-1x,1439,4.767,3.41,3.40,0.0034,464,226
T-BulletDispenser-1x,1440,4.770,3.50,3.50,0.0035,464,226
T-BulletDispenser-1x,1441,4.774,3.19,3.19,0.0032,464,226
T-BulletDispenser-1x,1442,4.777,3.41,3.40,0.0034,464,226
T-BulletDispenser-1x,1443,4.780,3.19,3.20,0.0032,464,226
T-BulletDispenser-1x,1444,4.784,3.42,3.41,0.0034,464,226
T-BulletDispenser-1x,1445,4.787,3.49,3.49,0.0035,464,226
T-BulletDispenser-1x,1446,4.790,3.18,3.18,0.0032,464,226
T-BulletDispenser-1x,1447,4.794,3.36,3.33,0.0034,464,226
T-BulletDispenser-1x,1448,4.797,3.28,3.29,0.0033,464,226
T-BulletDispenser-1x,1449,4.800,3.37,3.39,0.0034,464,226
T-BulletDispenser-1x,1450,4.804,3.53,3.50,0.0035,464,226
T-BulletDispenser-1x,1451,4.807,3.48,3.48,0.0035,464,226
T-BulletDispenser-1x,1452,4.811,3.43,3.42,0.0034,464,226
T-BulletDispenser-1x,1453,4.813,2.85,2.89,0.0029,464,226
T-BulletDispenser-1x,1454,4.817,3.22,3.20,0.0032,464,226
T-BulletDispenser-1x,1455,4.820,3.01,3.00,0.0030,464,226
T-BulletDispenser-1x,1456,4.823,3.01,2.99,0.0030,464,226
T-BulletDispenser-1x,1457,4.826,3.18,3.19,0.0032,464,226
T-BulletDispenser-1x,1458,4.830,3.74,3.71,0.0037,516,226
T-BulletDispenser-1x,1459,4.833,3.49,3.49,0.0035,464,226
T-BulletDispenser-1x,1460,4.837,3.57,3.57,0.0036,464,226
T-BulletDispenser-1x,1461,4.840,3.30,3.31,0.0033,464,226
T-BulletDispenser-1x,1462,4.844,3.53,3.51,0.0035,464,226
T-BulletDispenser-1x,1463,4.847,3.36,3.38,0.0034,464,226
T-BulletDispenser-1x,1464,4.850,3.30,3.23,0.0033,464,226
T-BulletDispenser-1x,1465,4.854,3.65,3.67,0.0036,464,226
T-BulletDispenser-1x,1466,4.858,3.84,3.81,0.0038,464,226
T-BulletDispenser-1x,1467,4.861,3.45,3.48,0.0035,464,226
T-BulletDispenser-1x,1468,4.865,3.47,3.41,0.0035,464,226
T-BulletDispenser-1x,1469,4.868,3.73,3.78,0.0037,464,226
T-BulletDispenser-1x,1470,4.872,3.77,3.78,0.0038,464,226
T-BulletDispenser-1x,1471,4.876,3.64,3.62,0.0036,464,226
T-BulletDispenser-1x,1472,4.879,3.69,3.70,0.0037,464,226
T-BulletDispenser-1x,1473,4.883,3.50,3.49,0.0035,464,226
T-BulletDispenser-1x,1474,4.887,3.74,3.76,0.0037,464,226
T-BulletDispenser-1x,1475,4.890,3.21,3.23,0.0032,464,226
T-BulletDispenser-1x,1476,4.894,3.63,3.59,0.0036,464,226
T-BulletDispenser-1x,1477,4.897,3.92,3.90,0.0039,464,226
T-BulletDispenser-1x,1478,4.901,3.26,3.30,0.0033,464,226
T-BulletDispenser-1x,1479,4.904,3.31,3.32,0.0033,464,226
T-BulletDispenser-1x,1480,4.907,3.11,3.08,0.0031,464,226
T-BulletDispenser-1x,1481,4.910,3.32,3.30,0.0033,464,226
T-BulletDispenser-1x,1482,4.914,3.17,3.19,0.0032,464,226
T-BulletDispenser-1x,1483,4.917,3.40,3.41,0.0034,464,226
T-BulletDispenser-1x,1484,4.921,3.64,3.61,0.0036,464,226
T-BulletDispenser-1x,1485,4.924,3.50,3.50,0.0035,464,226
T-BulletDispenser-1x,1486,4.928,3.37,3.38,0.0034,464,226
T-BulletDispenser-1x,1487,4.930,2.88,2.91,0.0029,464,226
T-BulletDispenser-1x,1488,4.934,3.34,3.31,0.0033,464,226
T-BulletDispenser-1x,1489,4.937,3.37,3.38,0.0034,464,226
T-BulletDispenser-1x,1490,4.940,3.21,3.20,0.0032,464,226
T-BulletDispenser-1x,1491,4.944,3.64,3.61,0.0036,464,226
T-BulletDispenser-1x,1492,4.947,2.83,2.88,0.0028,464,226
T-BulletDispenser-1x,1493,4.950,3.36,3.32,0.0034,464,226
T-BulletDispenser-1x,1494,4.954,3.65,3.61,0.0037,464,226
T-BulletDispenser-1x,1495,4.957,3.27,3.28,0.0033,464,226
T-BulletDispenser-1x,1496,4.961,3.48,3.48,0.0035,464,226
T-BulletDispenser-1x,1497,4.964,3.41,3.40,0.0034,464,226
T-BulletDispenser-1x,1498,4.967,3.49,3.51,0.0035,464,226
T-BulletDispenser-1x,1499,4.971,3.42,3.40,0.0034,464,226
T-BulletDispenser-1x,1500,4.974,3.28,3.29,0.0033,464,226
T-BulletDispenser-1x,1501,4.977,3.19,3.19,0.0032,464,226
T-BulletDispenser-1x,1502,4.981,3.22,3.21,0.0032,464,226
T-BulletDispenser-1x,1503,4.984,3.50,3.49,0.0035,464,226
T-BulletDispenser-1x,1504,4.987,3.30,3.29,0.0033,464,226
T-BulletDispenser-1x,1505,4.991,3.38,3.39,0.0034,464,226
T-BulletDispenser-1x,1506,4.994,3.41,3.40,0.0034,464,226
T-BulletDispenser-1x,1507,4.997,3.31,3.31,0.0033,464,226
T-BulletDispenser-1x,1508,5.001,3.39,3.39,0.0034,464,226
T-BulletDispenser-1x,1509,5.004,3.40,3.41,0.0034,464,226
T-BulletDispenser-1x,1510,5.008,3.28,3.28,0.0033,464,226
T-BulletDispenser-1x,1511,5.011,3.41,3.41,0.0034,464,226
T-BulletDispenser-1x,1512,5.014,3.04,3.02,0.0030,464,226
T-BulletDispenser-1x,1513,5.017,3.36,3.37,0.0034,464,226
T-BulletDispenser-1x,1514,5.021,3.41,3.41,0.0034,464,226
T-BulletDispenser-1x,1515,5.024,3.28,3.29,0.0033,464,226
T-BulletDispenser-1x,1516,5.027,3.32,3.31,0.0033,464,226
T-BulletDispenser-1x,1517,5.031,3.20,3.19,0.0032,516,226
T-BulletDispenser-1x,1518,5.034,3.49,3.49,0.0035,464,226
T-BulletDispenser-1x,1519,5.037,3.40,3.41,0.0034,464,226
T-BulletDispenser-1x,1520,5.041,3.51,3.49,0.0035,464,226
T-BulletDispenser-1x,1521,5.044,2.98,3.00,0.0030,464,226
T-BulletDispenser-1x,1522,5.047,3.10,3.10,0.0031,464,226
T-BulletDispenser-1x,1523,5.050,3.41,3.39,0.0034,464,226
T-BulletDispenser-1x,1524,5.054,3.43,3.40,0.0034,464,226
T-BulletDispenser-1x,1525,5.057,3.32,3.31,0.0033,464,226
T-BulletDispenser-1x,1526,5.061,3.38,3.40,0.0034,464,226
T-BulletDispenser-1x,1527,5.064,3.07,3.10,0.0031,464,226
T-BulletDispenser-1x,1528,5.067,3.43,3.40,0.0034,464,226
T-BulletDispenser-1x,1529,5.071,3.50,3.48,0.0035,464,226
T-BulletDispenser-1x,1530,5.074,3.37,3.39,0.0034,464,226
T-BulletDispenser-1x,1531,5.077,3.30,3.29,0.0033,464,226
T-BulletDispenser-1x,1532,5.081,3.52,3.52,0.0035,464,226
T-BulletDispenser-1x,1533,5.084,3.07,3.09,0.0031,464,226
T-BulletDispenser-1x,1534,5.087,3.18,3.18,0.0032,464,226
T-BulletDispenser-1x,1535,5.090,3.27,3.23,0.0033,464,226
T-BulletDispenser-1x,1536,5.094,3.47,3.47,0.0035,464,226
T-BulletDispenser-1x,1537,5.097,3.08,3.10,0.0031,464,226
T-BulletDispenser-1x,1538,5.100,3.31,3.30,0.0033,464,226
T-BulletDispenser-1x,1539,5.104,3.61,3.60,0.0036,464,226
T-BulletDispenser-1x,1540,5.107,3.13,3.11,0.0031,464,226
T-BulletDispenser-1x,1541,5.110,3.40,3.41,0.0034,464,226
T-BulletDispenser-1x,1542,5.113,3.08,3.08,0.0031,464,226
T-BulletDispenser-1x,1543,5.116,3.13,3.11,0.0031,464,226
T-BulletDispenser-1x,1544,5.120,3.76,3.78,0.0038,464,226
T-BulletDispenser-1x,1545,5.124,3.75,3.72,0.0038,464,226
T-BulletDispenser-1x,1546,5.127,2.91,2.97,0.0029,464,226
T-BulletDispenser-1x,1547,5.130,3.11,3.11,0.0031,464,226
T-BulletDispenser-1x,1548,5.133,3.22,3.19,0.0032,464,226
T-BulletDispenser-1x,1549,5.137,3.45,3.45,0.0035,464,226
T-BulletDispenser-1x,1550,5.140,3.33,3.34,0.0033,464,226
T-BulletDispenser-1x,1551,5.143,3.12,3.11,0.0031,464,226
T-BulletDispenser-1x,1552,5.146,3.17,3.19,0.0032,464,226
T-BulletDispenser-1x,1553,5.150,3.21,3.19,0.0032,464,226
T-BulletDispenser-1x,1554,5.153,3.21,3.20,0.0032,464,226
T-BulletDispenser-1x,1555,5.156,3.42,3.40,0.0034,464,226
T-BulletDispenser-1x,1556,5.159,2.97,3.00,0.0030,464,226
T-BulletDispenser-1x,1557,5.162,3.20,3.19,0.0032,464,226
T-BulletDispenser-1x,1558,5.166,3.31,3.31,0.0033,464,226
T-BulletDispenser-1x,1559,5.169,3.30,3.29,0.0033,464,226
T-BulletDispenser-1x,1560,5.172,3.08,3.10,0.0031,464,226
T-BulletDispenser-1x,1561,5.175,3.30,3.30,0.0033,464,226
T-BulletDispenser-1x,1562,5.179,3.23,3.19,0.0032,464,226
T-BulletDispenser-1x,1563,5.182,3.09,3.10,0.0031,464,226
T-BulletDispenser-1x,1564,5.184,2.77,2.79,0.0028,464,226
T-BulletDispenser-1x,1565,5.187,2.92,2.90,0.0029,464,226
T-BulletDispenser-1x,1566,5.191,3.42,3.40,0.0034,464,226
T-BulletDispenser-1x,1567,5.194,3.41,3.41,0.0034,464,226
T-BulletDispenser-1x,1568,5.198,3.76,3.70,0.0038,464,226
T-BulletDispenser-1x,1569,5.201,3.00,3.10,0.0030,464,226
T-BulletDispenser-1x,1570,5.204,3.43,3.40,0.0034,464,226
T-BulletDispenser-1x,1571,5.208,3.27,3.29,0.0033,464,226
T-BulletDispenser-1x,1572,5.211,3.03,3.01,0.0030,464,226
T-BulletDispenser-1x,1573,5.214,3.52,3.51,0.0035,464,226
T-BulletDispenser-1x,1574,5.218,3.46,3.47,0.0035,464,226
T-BulletDispenser-1x,1575,5.221,3.47,3.43,0.0035,464,226
T-BulletDispenser-1x,1576,5.224,3.27,3.19,0.0033,464,226
T-BulletDispenser-1x,1577,5.228,3.49,3.58,0.0035,464,226
T-BulletDispenser-1x,1578,5.231,3.20,3.19,0.0032,516,226
T-BulletDispenser-1x,1579,5.234,3.19,3.21,0.0032,464,226
T-BulletDispenser-1x,1580,5.238,3.31,3.29,0.0033,464,226
T-BulletDispenser-1x,1581,5.241,3.17,3.20,0.0032,464,226
T-BulletDispenser-1x,1582,5.244,3.22,3.18,0.0032,464,226
T-BulletDispenser-1x,1583,5.247,3.26,3.21,0.0033,464,226
T-BulletDispenser-1x,1584,5.250,3.32,3.39,0.0033,464,226
T-BulletDispenser-1x,1585,5.254,3.51,3.49,0.0035,464,226
T-BulletDispenser-1x,1586,5.257,3.19,3.19,0.0032,464,226
T-BulletDispenser-1x,1587,5.261,3.50,3.50,0.0035,464,226
T-BulletDispenser-1x,1588,5.264,3.46,3.41,0.0035,464,226
T-BulletDispenser-1x,1589,5.268,3.35,3.40,0.0033,464,226
T-BulletDispenser-1x,1590,5.271,3.18,3.20,0.0032,464,226
T-BulletDispenser-1x,1591,5.273,2.75,2.71,0.0028,464,226
T-BulletDispenser-1x,1592,5.277,3.59,3.59,0.0036,464,226
T-BulletDispenser-1x,1593,5.280,2.98,2.99,0.0030,464,226
T-BulletDispenser-1x,1594,5.283,3.05,3.09,0.0031,464,226
T-BulletDispenser-1x,1595,5.286,2.81,2.78,0.0028,464,226
T-BulletDispenser-1x,1596,5.289,3.12,3.11,0.0031,464,226
T-BulletDispenser-1x,1597,5.293,3.62,3.61,0.0036,464,226
T-BulletDispenser-1x,1598,5.296,3.41,3.40,0.0034,464,226
T-BulletDispenser-1x,1599,5.299,3.39,3.41,0.0034,464,226
T-BulletDispenser-1x,1600,5.303,3.28,3.29,0.0033,464,226
T-BulletDispenser-1x,1601,5.306,3.45,3.41,0.0035,464,226
T-BulletDispenser-1x,1602,5.310,3.37,3.39,0.0034,464,226
T-BulletDispenser-1x,1603,5.313,3.09,3.10,0.0031,464,226
T-BulletDispenser-1x,1604,5.315,2.82,2.81,0.0028,464,226
T-BulletDispenser-1x,1605,5.319,3.38,3.39,0.0034,464,226
T-BulletDispenser-1x,1606,5.322,3.10,3.11,0.0031,464,226
T-BulletDispenser-1x,1607,5.325,3.32,3.30,0.0033,464,226
T-BulletDispenser-1x,1608,5.329,3.62,3.60,0.0036,464,226
T-BulletDispenser-1x,1609,5.332,3.56,3.58,0.0036,464,226
T-BulletDispenser-1x,1610,5.335,2.77,2.80,0.0028,464,226
T-BulletDispenser-1x,1611,5.338,3.03,3.01,0.0030,464,226
T-BulletDispenser-1x,1612,5.342,3.38,3.40,0.0034,464,226
T-BulletDispenser-1x,1613,5.345,3.32,3.31,0.0033,464,226
T-BulletDispenser-1x,1614,5.348,3.41,3.39,0.0034,464,226
T-BulletDispenser-1x,1615,5.352,3.61,3.60,0.0036,464,226
T-BulletDispenser-1x,1616,5.355,3.16,3.20,0.0032,464,226
T-BulletDispenser-1x,1617,5.359,3.41,3.39,0.0034,464,226
T-BulletDispenser-1x,1618,5.362,3.34,3.31,0.0033,464,226
T-BulletDispenser-1x,1619,5.365,3.17,3.18,0.0032,464,226
T-BulletDispenser-1x,1620,5.368,3.31,3.30,0.0033,464,226
T-BulletDispenser-1x,1621,5.372,3.30,3.30,0.0033,464,226
T-BulletDispenser-1x,1622,5.375,3.41,3.40,0.0034,464,226
T-BulletDispenser-1x,1623,5.379,3.58,3.59,0.0036,464,226
T-BulletDispenser-1x,1624,5.382,3.28,3.28,0.0033,464,226
T-BulletDispenser-1x,1625,5.385,3.24,3.21,0.0032,464,226
T-BulletDispenser-1x,1626,5.388,3.15,3.21,0.0031,464,226
T-BulletDispenser-1x,1627,5.392,3.44,3.39,0.0034,464,226
T-BulletDispenser-1x,1628,5.394,2.75,2.78,0.0028,464,226
T-BulletDispenser-1x,1629,5.397,2.94,2.92,0.0029,464,226
T-BulletDispenser-1x,1630,5.401,3.39,3.40,0.0034,464,226
T-BulletDispenser-1x,1631,5.404,3.41,3.40,0.0034,464,226
T-BulletDispenser-1x,1632,5.408,3.60,3.60,0.0036,464,226
T-BulletDispenser-1x,1633,5.411,3.28,3.30,0.0033,464,226
T-BulletDispenser-1x,1634,5.415,3.42,3.39,0.0034,464,226
T-BulletDispenser-1x,1635,5.418,3.50,3.49,0.0035,464,226
T-BulletDispenser-1x,1636,5.421,3.20,3.22,0.0032,464,226
T-BulletDispenser-1x,1637,5.424,3.17,3.19,0.0032,464,226
T-BulletDispenser-1x,1638,5.428,3.21,3.20,0.0032,464,226
T-BulletDispenser-1x,1639,5.431,3.11,3.10,0.0031,464,226
T-BulletDispenser-1x,1640,5.434,3.06,3.09,0.0031,516,226
T-BulletDispenser-1x,1641,5.437,2.94,2.90,0.0029,464,226
T-BulletDispenser-1x,1642,5.440,3.42,3.42,0.0034,464,226
T-BulletDispenser-1x,1643,5.444,3.40,3.40,0.0034,464,226
T-BulletDispenser-1x,1644,5.447,3.19,3.20,0.0032,464,226
T-BulletDispenser-1x,1645,5.450,3.49,3.49,0.0035,464,226
T-BulletDispenser-1x,1646,5.454,3.60,3.59,0.0036,464,226
T-BulletDispenser-1x,1647,5.458,3.71,3.70,0.0037,464,226
T-BulletDispenser-1x,1648,5.461,3.60,3.60,0.0036,464,226
T-BulletDispenser-1x,1649,5.465,3.60,3.50,0.0036,464,226
T-BulletDispenser-1x,1650,5.468,3.66,3.69,0.0037,464,226
T-BulletDispenser-1x,1651,5.472,3.24,3.31,0.0032,464,226
T-BulletDispenser-1x,1652,5.475,3.41,3.41,0.0034,464,226
T-BulletDispenser-1x,1653,5.478,3.27,3.28,0.0033,464,226
T-BulletDispenser-1x,1654,5.481,3.14,3.12,0.0031,464,226
T-BulletDispenser-1x,1655,5.485,3.16,3.17,0.0032,464,226
T-BulletDispenser-1x,1656,5.488,3.30,3.30,0.0033,464,226
T-BulletDispenser-1x,1657,5.491,3.53,3.51,0.0035,464,226
T-BulletDispenser-1x,1658,5.495,3.08,3.10,0.0031,464,226
T-BulletDispenser-1x,1659,5.497,2.75,2.79,0.0028,464,226
T-BulletDispenser-1x,1660,5.501,3.27,3.21,0.0033,464,226
T-BulletDispenser-1x,1661,5.504,3.36,3.40,0.0034,464,226
T-BulletDispenser-1x,1662,5.507,3.09,3.07,0.0031,464,226
T-BulletDispenser-1x,1663,5.510,3.31,3.31,0.0033,464,226
T-BulletDispenser-1x,1664,5.513,3.08,3.09,0.0031,464,226
T-BulletDispenser-1x,1665,5.516,2.69,2.69,0.0027,464,226
T-BulletDispenser-1x,1666,5.519,3.06,3.02,0.0031,464,226
T-BulletDispenser-1x,1667,5.522,3.26,3.28,0.0033,464,226
T-BulletDispenser-1x,1668,5.525,3.02,3.01,0.0030,464,226
T-BulletDispenser-1x,1669,5.529,3.30,3.31,0.0033,464,226
T-BulletDispenser-1x,1670,5.532,3.11,3.09,0.0031,464,226
T-BulletDispenser-1x,1671,5.535,3.45,3.40,0.0035,464,226
T-BulletDispenser-1x,1672,5.539,3.25,3.30,0.0032,464,226
T-BulletDispenser-1x,1673,5.542,3.50,3.49,0.0035,464,226
T-BulletDispenser-1x,1674,5.546,3.67,3.61,0.0037,464,226
T-BulletDispenser-1x,1675,5.549,3.41,3.47,0.0034,464,226
T-BulletDispenser-1x,1676,5.552,3.21,3.21,0.0032,464,226
T-BulletDispenser-1x,1677,5.555,2.88,2.90,0.0029,464,226
T-BulletDispenser-1x,1678,5.559,3.46,3.41,0.0035,464,226
T-BulletDispenser-1x,1679,5.562,3.37,3.40,0.0034,464,226
T-BulletDispenser-1x,1680,5.565,3.12,3.10,0.0031,464,226
T-BulletDispenser-1x,1681,5.569,3.49,3.48,0.0035,464,226
T-BulletDispenser-1x,1682,5.572,3.65,3.61,0.0036,464,226
T-BulletDispenser-1x,1683,5.576,3.36,3.40,0.0034,464,226
T-BulletDispenser-1x,1684,5.579,3.41,3.39,0.0034,464,226
T-BulletDispenser-1x,1685,5.583,3.59,3.60,0.0036,464,226
T-BulletDispenser-1x,1686,5.586,3.28,3.30,0.0033,464,226
T-BulletDispenser-1x,1687,5.589,3.41,3.41,0.0034,464,226
T-BulletDispenser-1x,1688,5.593,3.40,3.41,0.0034,464,226
T-BulletDispenser-1x,1689,5.596,3.43,3.40,0.0034,464,226
T-BulletDispenser-1x,1690,5.600,3.37,3.40,0.0034,464,226
T-BulletDispenser-1x,1691,5.603,3.09,3.08,0.0031,464,226
T-BulletDispenser-1x,1692,5.606,3.40,3.41,0.0034,464,226
T-BulletDispenser-1x,1693,5.609,3.33,3.30,0.0033,464,226
T-BulletDispenser-1x,1694,5.613,3.37,3.39,0.0034,464,226
T-BulletDispenser-1x,1695,5.616,3.29,3.30,0.0033,464,226
T-BulletDispenser-1x,1696,5.619,3.02,3.01,0.0030,464,226
T-BulletDispenser-1x,1697,5.622,3.30,3.29,0.0033,464,226
T-BulletDispenser-1x,1698,5.625,3.08,3.10,0.0031,464,226
T-BulletDispenser-1x,1699,5.628,2.96,2.91,0.0030,464,226
T-BulletDispenser-1x,1700,5.632,3.15,3.17,0.0031,464,226
T-BulletDispenser-1x,1701,5.635,3.23,3.22,0.0032,516,226
T-BulletDispenser-1x,1702,5.638,3.35,3.37,0.0033,464,226
T-BulletDispenser-1x,1703,5.642,3.56,3.53,0.0036,464,226
T-BulletDispenser-1x,1704,5.645,3.46,3.47,0.0035,464,226
T-BulletDispenser-1x,1705,5.648,2.87,2.90,0.0029,464,226
T-BulletDispenser-1x,1706,5.651,2.91,2.90,0.0029,464,226
T-BulletDispenser-1x,1707,5.654,3.42,3.39,0.0034,464,226
T-BulletDispenser-1x,1708,5.658,3.51,3.51,0.0035,464,226
T-BulletDispenser-1x,1709,5.661,3.30,3.30,0.0033,464,226
T-BulletDispenser-1x,1710,5.664,3.30,3.30,0.0033,464,226
T-BulletDispenser-1x,1711,5.667,3.05,3.08,0.0030,464,226
T-BulletDispenser-1x,1712,5.670,2.93,2.91,0.0029,464,226
T-BulletDispenser-1x,1713,5.674,3.29,3.24,0.0033,464,226
T-BulletDispenser-1x,1714,5.677,3.46,3.48,0.0035,464,226
T-BulletDispenser-1x,1715,5.680,3.15,3.18,0.0031,464,226
T-BulletDispenser-1x,1716,5.684,3.31,3.30,0.0033,464,226
T-BulletDispenser-1x,1717,5.687,3.39,3.41,0.0034,464,226
T-BulletDispenser-1x,1718,5.690,3.13,3.08,0.0031,464,226
T-BulletDispenser-1x,1719,5.694,3.59,3.61,0.0036,464,226
T-BulletDispenser-1x,1720,5.761,3.60,3.60,0.0036,464,226
T-BulletDispenser-1x,1721,5.765,3.46,3.47,0.0035,464,226
T-BulletDispenser-1x,1722,5.768,3.21,3.21,0.0032,464,226
T-BulletDispenser-1x,1723,5.771,3.55,3.52,0.0035,464,226
T-BulletDispenser-1x,1724,5.775,3.48,3.47,0.0035,464,226
T-BulletDispenser-1x,1725,5.778,3.40,3.41,0.0034,464,226
T-BulletDispenser-1x,1726,5.782,3.31,3.31,0.0033,464,226
T-BulletDispenser-1x,1727,5.785,3.38,3.39,0.0034,464,226
T-BulletDispenser-1x,1728,5.788,3.09,3.09,0.0031,464,226
T-BulletDispenser-1x,1729,5.791,3.21,3.20,0.0032,464,226
T-BulletDispenser-1x,1730,5.795,3.51,3.50,0.0035,464,226
T-BulletDispenser-1x,1731,5.798,3.61,3.61,0.0036,464,226
T-BulletDispenser-1x,1732,5.801,3.10,3.10,0.0031,464,226
T-BulletDispenser-1x,1733,5.804,2.93,2.97,0.0029,464,226
T-BulletDispenser-1x,1734,5.807,2.90,2.81,0.0029,464,226
T-BulletDispenser-1x,1735,5.811,3.47,3.49,0.0035,464,226
T-BulletDispenser-1x,1736,5.814,3.41,3.42,0.0034,464,226
T-BulletDispenser-1x,1737,5.817,2.84,2.88,0.0028,464,226
T-BulletDispenser-1x,1738,5.820,3.03,2.99,0.0030,464,226
T-BulletDispenser-1x,1739,5.824,3.61,3.61,0.0036,464,226
T-BulletDispenser-1x,1740,5.827,3.31,3.30,0.0033,464,226
T-BulletDispenser-1x,1741,5.830,3.07,3.09,0.0031,464,226
T-BulletDispenser-1x,1742,5.833,2.90,2.89,0.0029,464,226
T-BulletDispenser-1x,1743,5.838,4.71,4.63,0.0047,516,226
T-BulletDispenser-1x,1744,5.841,3.78,3.79,0.0038,464,226
T-BulletDispenser-1x,1745,5.845,3.42,3.46,0.0034,464,226
T-BulletDispenser-1x,1746,5.848,2.98,3.01,0.0030,464,226
T-BulletDispenser-1x,1747,5.851,2.96,2.90,0.0030,464,226
T-BulletDispenser-1x,1748,5.855,3.90,3.90,0.0039,464,226
T-BulletDispenser-1x,1749,5.858,3.47,3.47,0.0035,464,226
T-BulletDispenser-1x,1750,5.861,3.34,3.32,0.0033,464,226
T-BulletDispenser-1x,1751,5.865,3.14,3.19,0.0031,464,226
T-BulletDispenser-1x,1752,5.868,3.61,3.59,0.0036,464,226
T-BulletDispenser-1x,1753,5.872,3.60,3.59,0.0036,464,226
T-BulletDispenser-1x,1754,5.875,3.62,3.62,0.0036,464,226
T-BulletDispenser-1x,1755,5.879,3.39,3.38,0.0034,464,226
T-BulletDispenser-1x,1756,5.882,3.50,3.51,0.0035,464,226
T-BulletDispenser-1x,1757,5.885,3.05,3.08,0.0030,464,226
T-BulletDispenser-1x,1758,5.889,3.42,3.40,0.0034,464,226
T-BulletDispenser-1x,1759,5.893,3.73,3.70,0.0037,464,226
T-BulletDispenser-1x,1760,5.896,3.48,3.49,0.0035,464,226
T-BulletDispenser-1x,1761,5.900,3.85,3.83,0.0039,464,226
T-BulletDispenser-1x,1762,5.903,3.34,3.37,0.0033,464,226
T-BulletDispenser-1x,1763,5.907,3.32,3.31,0.0033,464,226
T-BulletDispenser-1x,1764,5.910,3.52,3.50,0.0035,464,226
T-BulletDispenser-1x,1765,5.913,3.08,3.09,0.0031,464,226
T-BulletDispenser-1x,1766,5.916,3.29,3.29,0.0033,464,226
T-BulletDispenser-1x,1767,5.920,3.21,3.21,0.0032,464,226
T-BulletDispenser-1x,1768,5.923,3.39,3.39,0.0034,464,226
T-BulletDispenser-1x,1769,5.926,2.87,2.90,0.0029,464,226
T-BulletDispenser-1x,1770,5.929,3.47,3.40,0.0035,464,226
T-BulletDispenser-1x,1771,5.933,3.78,3.79,0.0038,464,226
T-BulletDispenser-1x,1772,5.937,3.58,3.58,0.0036,464,226
T-BulletDispenser-1x,1773,5.940,3.53,3.51,0.0035,464,226
T-BulletDispenser-1x,1774,5.944,3.50,3.50,0.0035,464,226
T-BulletDispenser-1x,1775,5.947,3.56,3.51,0.0036,464,226
T-BulletDispenser-1x,1776,5.951,3.69,3.78,0.0037,464,226
T-BulletDispenser-1x,1777,5.955,3.55,3.52,0.0035,464,226
T-BulletDispenser-1x,1778,5.958,3.59,3.59,0.0036,464,226
T-BulletDispenser-1x,1779,5.962,3.50,3.51,0.0035,464,226
T-BulletDispenser-1x,1780,5.965,3.29,3.28,0.0033,464,226
T-BulletDispenser-1x,1781,5.968,2.65,2.69,0.0027,464,226
T-BulletDispenser-1x,1782,5.971,3.12,3.11,0.0031,464,226
T-BulletDispenser-1x,1783,5.974,3.53,3.50,0.0035,464,226
T-BulletDispenser-1x,1784,5.978,3.41,3.41,0.0034,464,226
T-BulletDispenser-1x,1785,5.981,3.38,3.39,0.0034,464,226
T-BulletDispenser-1x,1786,5.984,3.30,3.29,0.0033,464,226
T-BulletDispenser-1x,1787,5.987,3.07,3.12,0.0031,464,226
T-BulletDispenser-1x,1788,5.991,3.14,3.09,0.0031,464,226
T-BulletDispenser-1x,1789,5.994,3.82,3.60,0.0038,464,226
T-BulletDispenser-1x,1790,5.998,3.42,3.60,0.0034,464,226
T-BulletDispenser-1x,1791,6.001,3.48,3.51,0.0035,464,226
T-BulletDispenser-1x,1792,6.005,3.57,3.60,0.0036,464,226
T-BulletDispenser-1x,1793,6.008,3.38,3.38,0.0034,464,226
T-BulletDispenser-1x,1794,6.012,3.53,3.51,0.0035,464,226
T-BulletDispenser-1x,1795,6.015,3.09,3.09,0.0031,464,226
T-BulletDispenser-1x,1796,6.018,3.18,3.21,0.0032,464,226
T-BulletDispenser-1x,1797,6.022,3.51,3.49,0.0035,464,226
T-BulletDispenser-1x,1798,6.025,3.39,3.39,0.0034,464,226
T-BulletDispenser-1x,1799,6.028,3.30,3.21,0.0033,464,226
T-BulletDispenser-1x,1800,6.031,3.23,3.28,0.0032,464,226
T-BulletDispenser-1x,1801,6.035,3.40,3.41,0.0034,464,226
T-BulletDispenser-1x,1802,6.038,3.60,3.61,0.0036,516,226
T-BulletDispenser-1x,1803,6.042,3.60,3.60,0.0036,464,226
T-BulletDispenser-1x,1804,6.046,3.58,3.57,0.0036,464,226
T-BulletDispenser-1x,1805,6.049,3.60,3.61,0.0036,464,226
T-BulletDispenser-1x,1806,6.053,3.72,3.70,0.0037,464,226
T-BulletDispenser-1x,1807,6.056,3.41,3.40,0.0034,464,226
T-BulletDispenser-1x,1808,6.060,3.69,3.69,0.0037,464,226
T-BulletDispenser-1x,1809,6.063,3.42,3.40,0.0034,464,226
T-BulletDispenser-1x,1810,6.067,3.74,3.79,0.0037,464,226
T-BulletDispenser-1x,1811,6.071,3.46,3.42,0.0035,464,226
T-BulletDispenser-1x,1812,6.074,3.35,3.38,0.0033,464,226
T-BulletDispenser-1x,1813,6.077,3.31,3.30,0.0033,464,226
T-BulletDispenser-1x,1814,6.080,3.13,3.12,0.0031,464,226
T-BulletDispenser-1x,1815,6.084,3.51,3.49,0.0035,464,226
T-BulletDispenser-1x,1816,6.088,3.55,3.58,0.0035,464,226
T-BulletDispenser-1x,1817,6.091,3.39,3.34,0.0034,464,226
T-BulletDispenser-1x,1818,6.094,3.32,3.35,0.0033,464,226
T-BulletDispenser-1x,1819,6.097,3.21,3.21,0.0032,464,226
T-BulletDispenser-1x,1820,6.101,3.46,3.41,0.0035,464,226
T-BulletDispenser-1x,1821,6.104,3.43,3.48,0.0034,464,226
T-BulletDispenser-1x,1822,6.108,3.67,3.61,0.0037,464,226
T-BulletDispenser-1x,1823,6.111,3.35,3.38,0.0033,464,226
T-BulletDispenser-1x,1824,6.114,3.06,3.09,0.0031,464,226
T-BulletDispenser-1x,1825,6.118,3.43,3.40,0.0034,464,226
T-BulletDispenser-1x,1826,6.121,3.56,3.51,0.0036,464,226
T-BulletDispenser-1x,1827,6.125,3.45,3.48,0.0035,464,226
T-BulletDispenser-1x,1828,6.128,3.12,3.11,0.0031,464,226
T-BulletDispenser-1x,1829,6.131,3.48,3.49,0.0035,464,226
T-BulletDispenser-1x,1830,6.135,3.17,3.20,0.0032,464,226
T-BulletDispenser-1x,1831,6.138,3.29,3.29,0.0033,464,226
T-BulletDispenser-1x,1832,6.141,3.54,3.51,0.0035,464,226
T-BulletDispenser-1x,1833,6.145,3.36,3.33,0.0034,464,226
T-BulletDispenser-1x,1834,6.148,3.43,3.46,0.0034,464,226
T-BulletDispenser-1x,1835,6.152,3.30,3.29,0.0033,464,226
T-BulletDispenser-1x,1836,6.155,3.50,3.51,0.0035,464,226
T-BulletDispenser-1x,1837,6.159,3.49,3.49,0.0035,464,226
T-BulletDispenser-1x,1838,6.162,3.75,3.71,0.0037,464,226
T-BulletDispenser-1x,1839,6.166,3.36,3.38,0.0034,464,226
T-BulletDispenser-1x,1840,6.169,3.40,3.41,0.0034,464,226
T-BulletDispenser-1x,1841,6.172,3.45,3.41,0.0034,464,226
T-BulletDispenser-1x,1842,6.176,3.17,3.21,0.0032,464,226
T-BulletDispenser-1x,1843,6.179,3.37,3.38,0.0034,464,226
T-BulletDispenser-1x,1844,6.182,3.45,3.40,0.0034,464,226
T-BulletDispenser-1x,1845,6.186,3.47,3.49,0.0035,464,226
T-BulletDispenser-1x,1846,6.190,3.62,3.60,0.0036,464,226
T-BulletDispenser-1x,1847,6.193,3.78,3.78,0.0038,464,226
T-BulletDispenser-1x,1848,6.197,3.29,3.31,0.0033,464,226
T-BulletDispenser-1x,1849,6.200,3.71,3.69,0.0037,464,226
T-BulletDispenser-1x,1850,6.204,3.25,3.30,0.0033,464,226
T-BulletDispenser-1x,1851,6.207,3.45,3.41,0.0035,464,226
T-BulletDispenser-1x,1852,6.210,3.27,3.28,0.0033,464,226
T-BulletDispenser-1x,1853,6.213,3.09,3.10,0.0031,464,226
T-BulletDispenser-1x,1854,6.217,3.32,3.30,0.0033,464,226
T-BulletDispenser-1x,1855,6.220,3.43,3.43,0.0034,464,226
T-BulletDispenser-1x,1856,6.223,3.17,3.17,0.0032,464,226
T-BulletDispenser-1x,1857,6.227,3.41,3.41,0.0034,464,226
T-BulletDispenser-1x,1858,6.230,3.08,3.09,0.0031,464,226
T-BulletDispenser-1x,1859,6.233,3.32,3.31,0.0033,464,226
T-BulletDispenser-1x,1860,6.237,3.57,3.58,0.0036,464,226
T-BulletDispenser-1x,1861,6.240,3.22,3.20,0.0032,516,226
T-BulletDispenser-1x,1862,6.243,3.50,3.50,0.0035,464,226
T-BulletDispenser-1x,1863,6.247,3.32,3.32,0.0033,464,226
T-BulletDispenser-1x,1864,6.250,3.23,3.27,0.0032,464,226
T-BulletDispenser-1x,1865,6.253,3.36,3.32,0.0034,464,226
T-BulletDispenser-1x,1866,6.257,3.36,3.38,0.0034,464,226
T-BulletDispenser-1x,1867,6.260,3.59,3.52,0.0036,464,226
T-BulletDispenser-1x,1868,6.264,3.64,3.70,0.0036,464,226
T-BulletDispenser-1x,1869,6.267,3.20,3.19,0.0032,464,226
T-BulletDispenser-1x,1870,6.270,3.25,3.29,0.0032,464,226
T-BulletDispenser-1x,1871,6.274,3.16,3.12,0.0032,464,226
T-BulletDispenser-1x,1872,6.277,3.60,3.59,0.0036,464,226
T-BulletDispenser-1x,1873,6.280,3.17,3.19,0.0032,464,226
T-BulletDispenser-1x,1874,6.284,3.55,3.50,0.0036,464,226
T-BulletDispenser-1x,1875,6.287,3.54,3.59,0.0035,464,226
T-BulletDispenser-1x,1876,6.291,3.83,3.81,0.0038,464,226
T-BulletDispenser-1x,1877,6.295,3.47,3.39,0.0035,464,226
T-BulletDispenser-1x,1878,6.298,3.73,3.80,0.0037,464,226
T-BulletDispenser-1x,1879,6.302,3.60,3.61,0.0036,464,226
T-BulletDispenser-1x,1880,6.306,3.57,3.48,0.0036,464,226
T-BulletDispenser-1x,1881,6.309,3.70,3.80,0.0037,464,226
T-BulletDispenser-1x,1882,6.313,3.41,3.41,0.0034,464,226
T-BulletDispenser-1x,1883,6.316,3.39,3.39,0.0034,464,226
T-BulletDispenser-1x,1884,6.320,3.53,3.52,0.0035,464,226
T-BulletDispenser-1x,1885,6.323,3.39,3.39,0.0034,464,226
T-BulletDispenser-1x,1886,6.326,2.88,2.90,0.0029,464,226
T-BulletDispenser-1x,1887,6.329,3.30,3.29,0.0033,464,226
T-BulletDispenser-1x,1888,6.332,3.28,3.29,0.0033,464,226
T-BulletDispenser-1x,1889,6.336,3.15,3.11,0.0031,464,226
T-BulletDispenser-1x,1890,6.339,3.16,3.19,0.0032,464,226
T-BulletDispenser-1x,1891,6.342,3.41,3.40,0.0034,464,226
T-BulletDispenser-1x,1892,6.346,3.52,3.50,0.0035,464,226
T-BulletDispenser-1x,1893,6.349,3.52,3.51,0.0035,464,226
T-BulletDispenser-1x,1894,6.353,3.37,3.38,0.0034,464,226
T-BulletDispenser-1x,1895,6.355,2.86,2.90,0.0029,464,226
T-BulletDispenser-1x,1896,6.359,3.42,3.39,0.0034,464,226
T-BulletDispenser-1x,1897,6.362,3.20,3.23,0.0032,464,226
T-BulletDispenser-1x,1898,6.365,3.02,2.98,0.0030,464,226
T-BulletDispenser-1x,1899,6.369,3.52,3.50,0.0035,464,226
T-BulletDispenser-1x,1900,6.372,3.16,3.19,0.0032,464,226
T-BulletDispenser-1x,1901,6.375,3.31,3.32,0.0033,464,226
T-BulletDispenser-1x,1902,6.378,3.34,3.28,0.0033,464,226
T-BulletDispenser-1x,1903,6.382,3.17,3.20,0.0032,464,226
T-BulletDispenser-1x,1904,6.384,2.78,2.80,0.0028,464,226
T-BulletDispenser-1x,1905,6.388,3.25,3.20,0.0032,464,226
T-BulletDispenser-1x,1906,6.391,3.50,3.50,0.0035,464,226
T-BulletDispenser-1x,1907,6.394,3.28,3.29,0.0033,464,226
T-BulletDispenser-1x,1908,6.397,2.96,2.91,0.0030,464,226
T-BulletDispenser-1x,1909,6.401,3.44,3.48,0.0034,464,226
T-BulletDispenser-1x,1910,6.404,2.99,3.01,0.0030,464,226
T-BulletDispenser-1x,1911,6.407,3.21,3.19,0.0032,464,226
T-BulletDispenser-1x,1912,6.411,3.52,3.50,0.0035,464,226
T-BulletDispenser-1x,1913,6.414,3.20,3.20,0.0032,464,226
T-BulletDispenser-1x,1914,6.417,3.38,3.39,0.0034,464,226
T-BulletDispenser-1x,1915,6.421,3.52,3.51,0.0035,464,226
T-BulletDispenser-1x,1916,6.424,3.28,3.28,0.0033,464,226
T-BulletDispenser-1x,1917,6.427,2.67,2.70,0.0027,464,226
T-BulletDispenser-1x,1918,6.430,3.07,3.01,0.0031,464,226
T-BulletDispenser-1x,1919,6.433,3.35,3.37,0.0033,464,226
T-BulletDispenser-1x,1920,6.437,3.65,3.65,0.0037,464,226
T-BulletDispenser-1x,1921,6.440,3.36,3.36,0.0034,464,226
T-BulletDispenser-1x,1922,6.444,3.52,3.51,0.0035,516,226
T-BulletDispenser-1x,1923,6.447,3.08,3.09,0.0031,464,226
T-BulletDispenser-1x,1924,6.450,3.19,3.20,0.0032,464,226
T-BulletDispenser-1x,1925,6.453,3.17,3.13,0.0032,464,226
T-BulletDispenser-1x,1926,6.456,3.31,3.26,0.0033,464,226
T-BulletDispenser-1x,1927,6.459,3.02,3.10,0.0030,464,226
T-BulletDispenser-1x,1928,6.463,3.56,3.52,0.0036,464,226
T-BulletDispenser-1x,1929,6.466,3.24,3.28,0.0032,464,226
T-BulletDispenser-1x,1930,6.469,3.11,3.10,0.0031,464,226
T-BulletDispenser-1x,1931,6.473,3.41,3.40,0.0034,464,226
T-BulletDispenser-1x,1932,6.476,3.12,3.12,0.0031,464,226
T-BulletDispenser-1x,1933,6.479,3.16,3.18,0.0032,464,226
T-BulletDispenser-1x,1934,6.482,2.84,2.80,0.0028,464,226
T-BulletDispenser-1x,1935,6.486,3.83,3.81,0.0038,464,226
T-BulletDispenser-1x,1936,6.489,3.13,3.18,0.0031,464,226
T-BulletDispenser-1x,1937,6.492,3.54,3.50,0.0035,464,226
T-BulletDispenser-1x,1938,6.496,3.40,3.41,0.0034,464,226
T-BulletDispenser-1x,1939,6.499,3.31,3.30,0.0033,464,226
T-BulletDispenser-1x,1940,6.502,2.65,2.70,0.0027,464,226
T-BulletDispenser-1x,1941,6.505,3.03,2.99,0.0030,464,226
T-BulletDispenser-1x,1942,6.508,3.53,3.51,0.0035,464,226
T-BulletDispenser-1x,1943,6.512,3.50,3.50,0.0035,464,226
T-BulletDispenser-1x,1944,6.515,3.30,3.30,0.0033,464,226
T-BulletDispenser-1x,1945,6.518,3.20,3.20,0.0032,464,226
T-BulletDispenser-1x,1946,6.521,3.26,3.28,0.0033,464,226
T-BulletDispenser-1x,1947,6.525,3.14,3.12,0.0031,464,226
T-BulletDispenser-1x,1948,6.528,3.09,3.09,0.0031,464,226
T-BulletDispenser-1x,1949,6.531,3.53,3.51,0.0035,464,226
T-BulletDispenser-1x,1950,6.534,3.28,3.28,0.0033,464,226
T-BulletDispenser-1x,1951,6.538,3.49,3.50,0.0035,464,226
T-BulletDispenser-1x,1952,6.541,3.49,3.49,0.0035,464,226
T-BulletDispenser-1x,1953,6.544,3.01,3.00,0.0030,464,226
T-BulletDispenser-1x,1954,6.548,3.21,3.21,0.0032,464,226
T-BulletDispenser-1x,1955,6.551,3.29,3.29,0.0033,464,226
T-BulletDispenser-1x,1956,6.555,3.69,3.62,0.0037,464,226
T-BulletDispenser-1x,1957,6.558,3.53,3.56,0.0035,464,226
T-BulletDispenser-1x,1958,6.561,3.31,3.32,0.0033,464,226
T-BulletDispenser-1x,1959,6.565,3.21,3.19,0.0032,464,226
T-BulletDispenser-1x,1960,6.568,3.28,3.30,0.0033,464,226
T-BulletDispenser-1x,1961,6.571,3.30,3.29,0.0033,464,226
T-BulletDispenser-1x,1962,6.575,3.55,3.52,0.0036,464,226
T-BulletDispenser-1x,1963,6.578,3.36,3.39,0.0034,464,226
T-BulletDispenser-1x,1964,6.581,3.35,3.32,0.0034,464,226
T-BulletDispenser-1x,1965,6.584,2.81,2.87,0.0028,464,226
T-BulletDispenser-1x,1966,6.587,2.83,2.80,0.0028,464,226
T-BulletDispenser-1x,1967,6.591,3.42,3.40,0.0034,464,226
T-BulletDispenser-1x,1968,6.594,3.52,3.51,0.0035,464,226
T-BulletDispenser-1x,1969,6.597,3.30,3.29,0.0033,464,226
T-BulletDispenser-1x,1970,6.601,3.48,3.50,0.0035,464,226
T-BulletDispenser-1x,1971,6.604,3.38,3.39,0.0034,464,226
T-BulletDispenser-1x,1972,6.608,3.41,3.41,0.0034,464,226
T-BulletDispenser-1x,1973,6.611,3.11,3.10,0.0031,464,226
T-BulletDispenser-1x,1974,6.614,3.55,3.52,0.0035,464,226
T-BulletDispenser-1x,1975,6.617,3.15,3.17,0.0032,464,226
T-BulletDispenser-1x,1976,6.621,3.27,3.28,0.0033,464,226
T-BulletDispenser-1x,1977,6.624,3.02,3.00,0.0030,464,226
T-BulletDispenser-1x,1978,6.627,3.11,3.10,0.0031,464,226
T-BulletDispenser-1x,1979,6.630,3.00,3.01,0.0030,464,226
T-BulletDispenser-1x,1980,6.633,3.20,3.20,0.0032,464,226
T-BulletDispenser-1x,1981,6.637,3.73,3.70,0.0037,464,226
T-BulletDispenser-1x,1982,6.640,3.40,3.39,0.0034,464,226
T-BulletDispenser-1x,1983,6.643,2.86,2.90,0.0029,516,226
T-BulletDispenser-1x,1984,6.646,3.32,3.31,0.0033,464,226
T-BulletDispenser-1x,1985,6.650,3.29,3.29,0.0033,464,226
T-BulletDispenser-1x,1986,6.653,3.40,3.39,0.0034,464,226
T-BulletDispenser-1x,1987,6.657,3.64,3.61,0.0036,464,226
T-BulletDispenser-1x,1988,6.660,3.49,3.51,0.0035,464,226
T-BulletDispenser-1x,1989,6.663,3.37,3.38,0.0034,464,226
T-BulletDispenser-1x,1990,6.667,3.42,3.40,0.0034,464,226
T-BulletDispenser-1x,1991,6.671,3.58,3.60,0.0036,464,226
T-BulletDispenser-1x,1992,6.674,3.36,3.30,0.0034,464,226
T-BulletDispenser-1x,1993,6.677,3.39,3.40,0.0034,464,226
T-BulletDispenser-1x,1994,6.680,3.13,3.17,0.0031,464,226
T-BulletDispenser-1x,1995,6.684,3.73,3.72,0.0037,464,226
T-BulletDispenser-1x,1996,6.687,3.30,3.30,0.0033,464,226
T-BulletDispenser-1x,1997,6.691,3.15,3.13,0.0031,464,226
T-BulletDispenser-1x,1998,6.694,3.16,3.17,0.0032,464,226
T-BulletDispenser-1x,1999,6.697,3.29,3.30,0.0033,464,226
T-BulletDispenser-1x,2000,6.700,3.16,3.19,0.0032,464,226
T-BulletDispenser-1x,2001,6.703,3.07,3.02,0.0031,464,226
T-BulletDispenser-1x,2002,6.707,3.47,3.49,0.0035,464,226
T-BulletDispenser-1x,2003,6.710,3.62,3.59,0.0036,464,226
T-BulletDispenser-1x,2004,6.714,3.56,3.59,0.0036,464,226
T-BulletDispenser-1x,2005,6.717,3.13,3.12,0.0031,464,226
T-BulletDispenser-1x,2006,6.720,3.27,3.29,0.0033,464,226
T-BulletDispenser-1x,2007,6.723,3.00,3.00,0.0030,464,226
T-BulletDispenser-1x,2008,6.727,3.32,3.30,0.0033,464,226
T-BulletDispenser-1x,2009,6.730,3.29,3.30,0.0033,464,226
T-BulletDispenser-1x,2010,6.733,3.29,3.29,0.0033,464,226
T-BulletDispenser-1x,2011,6.737,3.50,3.49,0.0035,464,226
T-BulletDispenser-1x,2012,6.740,3.43,3.41,0.0034,464,226
T-BulletDispenser-1x,2013,6.744,3.49,3.49,0.0035,464,226
T-BulletDispenser-1x,2014,6.747,3.15,3.19,0.0031,464,226
T-BulletDispenser-1x,2015,6.750,3.22,3.23,0.0032,464,226
T-BulletDispenser-1x,2016,6.753,3.32,3.27,0.0033,464,226
T-BulletDispenser-1x,2017,6.757,3.30,3.31,0.0033,464,226
T-BulletDispenser-1x,2018,6.760,3.06,3.10,0.0031,464,226
T-BulletDispenser-1x,2019,6.763,3.04,3.01,0.0030,464,226
T-BulletDispenser-1x,2020,6.766,3.40,3.39,0.0034,464,226
T-BulletDispenser-1x,2021,6.770,3.52,3.51,0.0035,464,226
T-BulletDispenser-1x,2022,6.773,3.50,3.50,0.0035,464,226
T-BulletDispenser-1x,2023,6.777,3.51,3.50,0.0035,464,226
T-BulletDispenser-1x,2024,6.780,3.27,3.28,0.0033,464,226
T-BulletDispenser-1x,2025,6.784,3.72,3.71,0.0037,464,226
T-BulletDispenser-1x,2026,6.787,3.57,3.60,0.0036,464,226
T-BulletDispenser-1x,2027,6.791,3.38,3.31,0.0034,464,226
T-BulletDispenser-1x,2028,6.794,3.43,3.47,0.0034,464,226
T-BulletDispenser-1x,2029,6.797,2.87,2.90,0.0029,464,226
T-BulletDispenser-1x,2030,6.800,3.45,3.40,0.0035,464,226
T-BulletDispenser-1x,2031,6.804,3.51,3.51,0.0035,464,226
T-BulletDispenser-1x,2032,6.807,3.18,3.18,0.0032,464,226
T-BulletDispenser-1x,2033,6.810,3.22,3.20,0.0032,464,226
T-BulletDispenser-1x,2034,6.813,3.06,3.10,0.0031,464,226
T-BulletDispenser-1x,2035,6.816,3.19,3.20,0.0032,464,226
T-BulletDispenser-1x,2036,6.819,2.73,2.69,0.0027,464,226
T-BulletDispenser-1x,2037,6.823,3.59,3.62,0.0036,464,226
T-BulletDispenser-1x,2038,6.826,3.01,2.98,0.0030,464,226
T-BulletDispenser-1x,2039,6.829,3.22,3.19,0.0032,464,226
T-BulletDispenser-1x,2040,6.832,3.29,3.31,0.0033,464,226
T-BulletDispenser-1x,2041,6.836,3.50,3.50,0.0035,464,226
T-BulletDispenser-1x,2042,6.839,3.59,3.59,0.0036,464,226
T-BulletDispenser-1x,2043,6.843,3.33,3.31,0.0033,464,226
T-BulletDispenser-1x,2044,6.846,3.25,3.29,0.0033,516,226
T-BulletDispenser-1x,2045,6.849,3.45,3.41,0.0034,464,226
T-BulletDispenser-1x,2046,6.853,3.34,3.29,0.0033,464,226
T-BulletDispenser-1x,2047,6.856,3.31,3.38,0.0033,464,226
T-BulletDispenser-1x,2048,6.860,3.62,3.60,0.0036,464,226
T-BulletDispenser-1x,2049,6.863,3.52,3.51,0.0035,464,226
T-BulletDispenser-1x,2050,6.867,3.39,3.38,0.0034,464,226
T-BulletDispenser-1x,2051,6.870,3.46,3.43,0.0035,464,226
T-BulletDispenser-1x,2052,6.873,3.23,3.27,0.0032,464,226
T-BulletDispenser-1x,2053,6.877,3.50,3.49,0.0035,464,226
T-BulletDispenser-1x,2054,6.881,3.72,3.71,0.0037,464,226
T-BulletDispenser-1x,2055,6.884,3.59,3.60,0.0036,464,226
T-BulletDispenser-1x,2056,6.888,3.60,3.60,0.0036,464,226
T-BulletDispenser-1x,2057,6.891,3.76,3.71,0.0038,464,226
T-BulletDispenser-1x,2058,6.895,3.69,3.69,0.0037,464,226
T-BulletDispenser-1x,2059,6.899,3.71,3.70,0.0037,464,226
T-BulletDispenser-1x,2060,6.903,3.68,3.68,0.0037,464,226
T-BulletDispenser-1x,2061,6.906,3.41,3.42,0.0034,464,226
T-BulletDispenser-1x,2062,6.910,3.56,3.58,0.0036,464,226
T-BulletDispenser-1x,2063,6.913,3.50,3.49,0.0035,464,226
T-BulletDispenser-1x,2064,6.917,3.52,3.51,0.0035,464,226
T-BulletDispenser-1x,2065,6.920,3.49,3.49,0.0035,464,226
T-BulletDispenser-1x,2066,6.923,3.31,3.31,0.0033,464,226
T-BulletDispenser-1x,2067,6.926,3.07,3.09,0.0031,464,226
T-BulletDispenser-1x,2068,6.930,3.40,3.39,0.0034,464,226
T-BulletDispenser-1x,2069,6.933,3.28,3.31,0.0033,464,226
T-BulletDispenser-1x,2070,6.937,3.62,3.58,0.0036,464,226
T-BulletDispenser-1x,2071,6.940,3.26,3.28,0.0033,464,226
T-BulletDispenser-1x,2072,6.944,3.58,3.54,0.0036,464,226
T-BulletDispenser-1x,2073,6.947,3.38,3.40,0.0034,464,226
T-BulletDispenser-1x,2074,6.950,3.52,3.50,0.0035,464,226
T-BulletDispenser-1x,2075,6.954,3.57,3.59,0.0036,464,226
T-BulletDispenser-1x,2076,6.957,3.40,3.42,0.0034,464,226
T-BulletDispenser-1x,2077,6.961,3.30,3.29,0.0033,464,226
T-BulletDispenser-1x,2078,6.964,3.11,3.10,0.0031,464,226
T-BulletDispenser-1x,2079,6.967,3.49,3.49,0.0035,464,226
T-BulletDispenser-1x,2080,6.971,3.31,3.30,0.0033,464,226
T-BulletDispenser-1x,2081,6.974,3.48,3.48,0.0035,464,226
T-BulletDispenser-1x,2082,6.977,3.31,3.29,0.0033,464,226
T-BulletDispenser-1x,2083,6.981,3.36,3.32,0.0034,464,226
T-BulletDispenser-1x,2084,6.984,3.32,3.38,0.0033,464,226
T-BulletDispenser-1x,2085,6.988,3.43,3.41,0.0034,464,226
T-BulletDispenser-1x,2086,6.991,3.41,3.39,0.0034,464,226
T-BulletDispenser-1x,2087,6.994,3.37,3.39,0.0034,464,226
T-BulletDispenser-1x,2088,6.998,3.53,3.51,0.0035,464,226
T-BulletDispenser-1x,2089,7.001,3.20,3.19,0.0032,464,226
T-BulletDispenser-1x,2090,7.005,3.49,3.51,0.0035,464,226
T-BulletDispenser-1x,2091,7.008,3.50,3.48,0.0035,464,226
T-BulletDispenser-1x,2092,7.012,3.48,3.41,0.0035,464,226
T-BulletDispenser-1x,2093,7.015,3.61,3.70,0.0036,464,226
T-BulletDispenser-1x,2094,7.019,3.43,3.40,0.0034,464,226
T-BulletDispenser-1x,2095,7.022,3.16,3.19,0.0032,464,226
T-BulletDispenser-1x,2096,7.025,3.60,3.60,0.0036,464,226
T-BulletDispenser-1x,2097,7.029,3.28,3.29,0.0033,464,226
T-BulletDispenser-1x,2098,7.032,3.63,3.61,0.0036,464,226
T-BulletDispenser-1x,2099,7.035,3.19,3.18,0.0032,464,226
T-BulletDispenser-1x,2100,7.038,3.04,3.08,0.0030,464,226
T-BulletDispenser-1x,2101,7.042,3.22,3.21,0.0032,464,226
T-BulletDispenser-1x,2102,7.045,3.17,3.13,0.0032,464,226
T-BulletDispenser-1x,2103,7.048,3.45,3.46,0.0034,516,226
T-BulletDispenser-1x,2104,7.051,2.99,3.00,0.0030,464,226
T-BulletDispenser-1x,2105,7.055,3.31,3.31,0.0033,464,226
T-BulletDispenser-1x,2106,7.058,3.53,3.51,0.0035,464,226
T-BulletDispenser-1x,2107,7.062,3.34,3.39,0.0033,464,226
T-BulletDispenser-1x,2108,7.065,3.31,3.28,0.0033,464,226
T-BulletDispenser-1x,2109,7.068,2.89,2.92,0.0029,464,226
T-BulletDispenser-1x,2110,7.071,3.33,3.29,0.0033,464,226
T-BulletDispenser-1x,2111,7.075,3.59,3.59,0.0036,464,226
T-BulletDispenser-1x,2112,7.078,3.39,3.40,0.0034,464,226
T-BulletDispenser-1x,2113,7.081,3.38,3.32,0.0034,464,226
T-BulletDispenser-1x,2114,7.084,2.91,2.99,0.0029,464,226
T-BulletDispenser-1x,2115,7.088,3.30,3.29,0.0033,464,226
T-BulletDispenser-1x,2116,7.091,3.30,3.30,0.0033,464,226
T-BulletDispenser-1x,2117,7.094,3.15,3.12,0.0031,464,226
T-BulletDispenser-1x,2118,7.097,3.20,3.19,0.0032,464,226
T-BulletDispenser-1x,2119,7.101,3.27,3.30,0.0033,464,226
T-BulletDispenser-1x,2120,7.104,3.53,3.49,0.0035,464,226
T-BulletDispenser-1x,2121,7.108,3.69,3.70,0.0037,464,226
T-BulletDispenser-1x,2122,7.111,3.47,3.49,0.0035,464,226
T-BulletDispenser-1x,2123,7.114,2.89,2.90,0.0029,464,226
T-BulletDispenser-1x,2124,7.118,3.50,3.49,0.0035,464,226
T-BulletDispenser-1x,2125,7.121,3.21,3.21,0.0032,464,226
T-BulletDispenser-1x,2126,7.124,3.11,3.11,0.0031,464,226
T-BulletDispenser-1x,2127,7.127,3.12,3.08,0.0031,464,226
T-BulletDispenser-1x,2128,7.130,3.41,3.42,0.0034,464,226
T-BulletDispenser-1x,2129,7.133,2.94,2.97,0.0029,464,226
T-BulletDispenser-1x,2130,7.137,3.23,3.22,0.0032,464,226
T-BulletDispenser-1x,2131,7.140,3.19,3.18,0.0032,464,226
T-BulletDispenser-1x,2132,7.143,3.32,3.31,0.0033,464,226
T-BulletDispenser-1x,2133,7.147,3.47,3.48,0.0035,464,226
T-BulletDispenser-1x,2134,7.150,3.43,3.41,0.0034,464,226
T-BulletDispenser-1x,2135,7.154,3.49,3.51,0.0035,464,226
T-BulletDispenser-1x,2136,7.157,3.12,3.09,0.0031,464,226
T-BulletDispenser-1x,2137,7.160,3.03,3.07,0.0030,464,226
T-BulletDispenser-1x,2138,7.162,2.81,2.81,0.0028,464,226
T-BulletDispenser-1x,2139,7.166,3.13,3.12,0.0031,464,226
T-BulletDispenser-1x,2140,7.169,3.31,3.29,0.0033,464,226
T-BulletDispenser-1x,2141,7.172,3.08,3.10,0.0031,464,226
T-BulletDispenser-1x,2142,7.175,3.33,3.31,0.0033,464,226
T-BulletDispenser-1x,2143,7.179,3.36,3.37,0.0034,464,226
T-BulletDispenser-1x,2144,7.181,2.79,2.82,0.0028,464,226
T-BulletDispenser-1x,2145,7.184,2.93,2.89,0.0029,464,226
T-BulletDispenser-1x,2146,7.188,3.28,3.30,0.0033,464,226
T-BulletDispenser-1x,2147,7.191,3.42,3.39,0.0034,464,226
T-BulletDispenser-1x,2148,7.195,3.51,3.51,0.0035,464,226
T-BulletDispenser-1x,2149,7.198,3.19,3.18,0.0032,464,226
T-BulletDispenser-1x,2150,7.201,3.07,3.09,0.0031,464,226
T-BulletDispenser-1x,2151,7.204,3.43,3.41,0.0034,464,226
T-BulletDispenser-1x,2152,7.208,3.31,3.29,0.0033,464,226
T-BulletDispenser-1x,2153,7.211,3.38,3.41,0.0034,464,226
T-BulletDispenser-1x,2154,7.214,3.08,3.08,0.0031,464,226
T-BulletDispenser-1x,2155,7.217,3.10,3.11,0.0031,464,226
T-BulletDispenser-1x,2156,7.220,3.24,3.22,0.0032,464,226
T-BulletDispenser-1x,2157,7.224,3.17,3.17,0.0032,464,226
T-BulletDispenser-1x,2158,7.227,3.34,3.30,0.0033,464,226
T-BulletDispenser-1x,2159,7.230,3.06,3.10,0.0031,464,226
T-BulletDispenser-1x,2160,7.233,3.32,3.29,0.0033,464,226
T-BulletDispenser-1x,2161,7.237,3.31,3.33,0.0033,464,226
T-BulletDispenser-1x,2162,7.240,3.38,3.37,0.0034,464,226
T-BulletDispenser-1x,2163,7.243,2.87,2.89,0.0029,464,226
T-BulletDispenser-1x,2164,7.246,2.91,2.91,0.0029,464,226
T-BulletDispenser-1x,2165,7.249,3.29,3.20,0.0033,516,226
T-BulletDispenser-1x,2166,7.253,3.63,3.68,0.0036,464,226
T-BulletDispenser-1x,2167,7.257,3.82,3.73,0.0038,464,226
T-BulletDispenser-1x,2168,7.260,3.18,3.27,0.0032,464,226
T-BulletDispenser-1x,2169,7.263,3.13,3.11,0.0031,464,226
T-BulletDispenser-1x,2170,7.266,2.85,2.89,0.0029,464,226
T-BulletDispenser-1x,2171,7.269,3.09,3.10,0.0031,464,226
T-BulletDispenser-1x,2172,7.272,3.35,3.30,0.0034,464,226
T-BulletDispenser-1x,2173,7.275,3.30,3.31,0.0033,464,226
T-BulletDispenser-1x,2174,7.279,3.48,3.49,0.0035,464,226
T-BulletDispenser-1x,2175,7.282,3.31,3.31,0.0033,464,226
T-BulletDispenser-1x,2176,7.286,3.39,3.39,0.0034,464,226
T-BulletDispenser-1x,2177,7.289,2.96,3.00,0.0030,464,226
T-BulletDispenser-1x,2178,7.292,3.22,3.20,0.0032,464,226
T-BulletDispenser-1x,2179,7.295,3.22,3.22,0.0032,464,226
T-BulletDispenser-1x,2180,7.298,2.98,2.98,0.0030,464,226
T-BulletDispenser-1x,2181,7.301,3.13,3.11,0.0031,464,226
T-BulletDispenser-1x,2182,7.304,3.36,3.38,0.0034,464,226
T-BulletDispenser-1x,2183,7.308,3.23,3.20,0.0032,464,226
T-BulletDispenser-1x,2184,7.311,3.34,3.32,0.0033,464,226
T-BulletDispenser-1x,2185,7.314,3.08,3.09,0.0031,464,226
T-BulletDispenser-1x,2186,7.317,3.28,3.29,0.0033,464,226
T-BulletDispenser-1x,2187,7.321,3.19,3.20,0.0032,464,226
T-BulletDispenser-1x,2188,7.324,3.13,3.11,0.0031,464,226
T-BulletDispenser-1x,2189,7.326,2.74,2.78,0.0027,464,226
T-BulletDispenser-1x,2190,7.330,3.05,3.01,0.0031,464,226
T-BulletDispenser-1x,2191,7.333,3.37,3.38,0.0034,464,226
T-BulletDispenser-1x,2192,7.337,3.87,3.85,0.0039,464,226
T-BulletDispenser-1x,2193,7.340,3.23,3.25,0.0032,464,226
T-BulletDispenser-1x,2194,7.343,3.24,3.21,0.0032,464,226
T-BulletDispenser-1x,2195,7.346,3.25,3.27,0.0033,464,226
T-BulletDispenser-1x,2196,7.350,3.12,3.10,0.0031,464,226
T-BulletDispenser-1x,2197,7.353,3.42,3.42,0.0034,464,226
T-BulletDispenser-1x,2198,7.357,3.51,3.49,0.0035,464,226
T-BulletDispenser-1x,2199,7.360,3.21,3.20,0.0032,464,226
T-BulletDispenser-1x,2200,7.363,3.17,3.19,0.0032,464,226
T-BulletDispenser-1x,2201,7.366,3.19,3.20,0.0032,464,226
T-BulletDispenser-1x,2202,7.369,3.33,3.32,0.0033,464,226
T-BulletDispenser-1x,2203,7.373,3.39,3.38,0.0034,464,226
T-BulletDispenser-1x,2204,7.376,2.94,2.99,0.0029,464,226
T-BulletDispenser-1x,2205,7.379,3.12,3.10,0.0031,464,226
T-BulletDispenser-1x,2206,7.382,2.93,2.92,0.0029,464,226
T-BulletDispenser-1x,2207,7.386,3.92,3.90,0.0039,464,226
T-BulletDispenser-1x,2208,7.389,3.29,3.28,0.0033,464,226
T-BulletDispenser-1x,2209,7.393,3.59,3.62,0.0036,464,226
T-BulletDispenser-1x,2210,7.396,3.51,3.49,0.0035,464,226
T-BulletDispenser-1x,2211,7.399,3.18,3.19,0.0032,464,226
T-BulletDispenser-1x,2212,7.402,2.67,2.70,0.0027,464,226
T-BulletDispenser-1x,2213,7.405,3.12,3.10,0.0031,464,226
T-BulletDispenser-1x,2214,7.408,3.14,3.12,0.0031,464,226
T-BulletDispenser-1x,2215,7.412,3.28,3.28,0.0033,464,226
T-BulletDispenser-1x,2216,7.415,3.42,3.40,0.0034,464,226
T-BulletDispenser-1x,2217,7.418,3.05,3.10,0.0030,464,226
T-BulletDispenser-1x,2218,7.421,3.22,3.20,0.0032,464,226
T-BulletDispenser-1x,2219,7.425,3.42,3.41,0.0034,464,226
T-BulletDispenser-1x,2220,7.428,3.28,3.29,0.0033,464,226
T-BulletDispenser-1x,2221,7.431,3.20,3.20,0.0032,464,226
T-BulletDispenser-1x,2222,7.434,3.17,3.20,0.0032,464,226
T-BulletDispenser-1x,2223,7.438,3.29,3.29,0.0033,464,226
T-BulletDispenser-1x,2224,7.441,3.43,3.42,0.0034,464,226
T-BulletDispenser-1x,2225,7.444,3.14,3.13,0.0031,464,226
T-BulletDispenser-1x,2226,7.447,3.01,3.04,0.0030,464,226
T-BulletDispenser-1x,2227,7.450,2.92,2.92,0.0029,516,226
T-BulletDispenser-1x,2228,7.453,3.34,3.31,0.0033,464,226
T-BulletDispenser-1x,2229,7.457,3.18,3.18,0.0032,464,226
T-BulletDispenser-1x,2230,7.460,3.31,3.29,0.0033,464,226
T-BulletDispenser-1x,2231,7.463,3.20,3.22,0.0032,464,226
T-BulletDispenser-1x,2232,7.467,3.44,3.40,0.0034,464,226
T-BulletDispenser-1x,2233,7.470,3.27,3.30,0.0033,464,226
T-BulletDispenser-1x,2234,7.473,3.12,3.09,0.0031,464,226
T-BulletDispenser-1x,2235,7.476,3.19,3.21,0.0032,464,226
T-BulletDispenser-1x,2236,7.480,3.39,3.39,0.0034,464,226
T-BulletDispenser-1x,2237,7.483,3.61,3.60,0.0036,464,226
T-BulletDispenser-1x,2238,7.487,3.57,3.58,0.0036,464,226
T-BulletDispenser-1x,2239,7.490,3.54,3.52,0.0035,464,226
T-BulletDispenser-1x,2240,7.494,3.43,3.39,0.0034,464,226
T-BulletDispenser-1x,2241,7.497,3.10,3.18,0.0031,464,226
T-BulletDispenser-1x,2242,7.500,3.65,3.61,0.0036,464,226
T-BulletDispenser-1x,2243,7.504,3.31,3.30,0.0033,464,226
T-BulletDispenser-1x,2244,7.507,3.67,3.61,0.0037,464,226
T-BulletDispenser-1x,2245,7.511,3.28,3.36,0.0033,464,226
T-BulletDispenser-1x,2246,7.514,3.19,3.20,0.0032,464,226
T-BulletDispenser-1x,2247,7.517,3.11,3.10,0.0031,464,226
T-BulletDispenser-1x,2248,7.520,3.13,3.10,0.0031,464,226
T-BulletDispenser-1x,2249,7.523,3.32,3.31,0.0033,464,226
T-BulletDispenser-1x,2250,7.526,2.74,2.79,0.0027,464,226
T-BulletDispenser-1x,2251,7.529,2.95,2.90,0.0029,464,226
T-BulletDispenser-1x,2252,7.532,2.86,2.88,0.0029,464,226
T-BulletDispenser-1x,2253,7.535,3.42,3.42,0.0034,464,226
T-BulletDispenser-1x,2254,7.538,3.06,3.08,0.0031,464,226
T-BulletDispenser-1x,2255,7.542,3.45,3.42,0.0035,464,226
T-BulletDispenser-1x,2256,7.545,3.52,3.51,0.0035,464,226
T-BulletDispenser-1x,2257,7.549,3.28,3.29,0.0033,464,226
T-BulletDispenser-1x,2258,7.552,2.97,3.00,0.0030,464,226
T-BulletDispenser-1x,2259,7.555,3.01,3.00,0.0030,464,226
T-BulletDispenser-1x,2260,7.558,3.43,3.40,0.0034,464,226
T-BulletDispenser-1x,2261,7.562,3.59,3.59,0.0036,464,226
T-BulletDispenser-1x,2262,7.565,3.20,3.19,0.0032,464,226
T-BulletDispenser-1x,2263,7.568,3.41,3.40,0.0034,464,226
T-BulletDispenser-1x,2264,7.571,3.10,3.11,0.0031,464,226
T-BulletDispenser-1x,2265,7.574,3.02,2.99,0.0030,464,226
T-BulletDispenser-1x,2266,7.578,3.19,3.19,0.0032,464,226
T-BulletDispenser-1x,2267,7.581,3.08,3.10,0.0031,464,226
T-BulletDispenser-1x,2268,7.584,3.08,3.09,0.0031,464,226
T-BulletDispenser-1x,2269,7.587,3.34,3.31,0.0033,464,226
T-BulletDispenser-1x,2270,7.590,3.31,3.30,0.0033,464,226
T-BulletDispenser-1x,2271,7.594,3.48,3.49,0.0035,464,226
T-BulletDispenser-1x,2272,7.597,3.08,3.09,0.0031,464,226
T-BulletDispenser-1x,2273,7.600,3.34,3.31,0.0033,464,226
T-BulletDispenser-1x,2274,7.604,3.37,3.40,0.0034,464,226
T-BulletDispenser-1x,2275,7.607,3.22,3.21,0.0032,464,226
T-BulletDispenser-1x,2276,7.610,3.25,3.20,0.0032,464,226
T-BulletDispenser-1x,2277,7.613,3.34,3.39,0.0033,464,226
T-BulletDispenser-1x,2278,7.617,3.54,3.50,0.0035,464,226
T-BulletDispenser-1x,2279,7.620,3.39,3.40,0.0034,464,226
T-BulletDispenser-1x,2280,7.624,3.60,3.60,0.0036,464,226
T-BulletDispenser-1x,2281,7.627,3.19,3.19,0.0032,464,226
T-BulletDispenser-1x,2282,7.631,3.43,3.42,0.0034,464,226
T-BulletDispenser-1x,2283,7.634,3.46,3.48,0.0035,464,226
T-BulletDispenser-1x,2284,7.638,3.53,3.52,0.0035,464,226
T-BulletDispenser-1x,2285,7.641,3.44,3.40,0.0034,464,226
T-BulletDispenser-1x,2286,7.644,3.34,3.39,0.0033,464,226
T-BulletDispenser-1x,2287,7.648,3.30,3.29,0.0033,464,226
T-BulletDispenser-1x,2288,7.651,3.07,3.10,0.0031,516,226
T-BulletDispenser-1x,2289,7.654,3.33,3.31,0.0033,464,226
T-BulletDispenser-1x,2290,7.657,3.09,3.08,0.0031,464,226
T-BulletDispenser-1x,2291,7.660,3.12,3.11,0.0031,464,226
T-BulletDispenser-1x,2292,7.663,3.18,3.19,0.0032,464,226
T-BulletDispenser-1x,2293,7.667,3.30,3.29,0.0033,464,226
T-BulletDispenser-1x,2294,7.670,2.90,2.90,0.0029,464,226
T-BulletDispenser-1x,2295,7.673,3.42,3.40,0.0034,464,226
T-BulletDispenser-1x,2296,7.676,3.32,3.31,0.0033,464,226
T-BulletDispenser-1x,2297,7.680,3.37,3.39,0.0034,464,226
T-BulletDispenser-1x,2298,7.683,3.41,3.40,0.0034,464,226
T-BulletDispenser-1x,2299,7.687,3.44,3.45,0.0034,464,226
T-BulletDispenser-1x,2300,7.689,2.78,2.81,0.0028,464,226
T-BulletDispenser-1x,2301,7.692,2.95,2.94,0.0029,464,226
T-BulletDispenser-1x,2302,7.696,3.41,3.39,0.0034,464,226
T-BulletDispenser-1x,2303,7.699,3.44,3.42,0.0034,464,226
T-BulletDispenser-1x,2304,7.703,3.46,3.49,0.0035,464,226
T-BulletDispenser-1x,2305,7.706,3.24,3.19,0.0032,464,226
T-BulletDispenser-1x,2306,7.709,3.37,3.38,0.0034,464,226
T-BulletDispenser-1x,2307,7.712,3.17,3.20,0.0032,464,226
T-BulletDispenser-1x,2308,7.715,2.72,2.71,0.0027,464,226
T-BulletDispenser-1x,2309,7.718,3.13,3.11,0.0031,464,226
T-BulletDispenser-1x,2310,7.722,3.61,3.59,0.0036,464,226
T-BulletDispenser-1x,2311,7.725,3.51,3.51,0.0035,464,226
T-BulletDispenser-1x,2312,7.729,3.37,3.38,0.0034,464,226
T-BulletDispenser-1x,2313,7.732,3.32,3.30,0.0033,464,226
T-BulletDispenser-1x,2314,7.735,3.03,3.09,0.0030,464,226
T-BulletDispenser-1x,2315,7.738,3.13,3.10,0.0031,464,226
T-BulletDispenser-1x,2316,7.742,3.51,3.50,0.0035,464,226
T-BulletDispenser-1x,2317,7.745,3.10,3.09,0.0031,464,226
T-BulletDispenser-1x,2318,7.748,3.46,3.40,0.0035,464,226
T-BulletDispenser-1x,2319,7.752,3.68,3.71,0.0037,464,226
T-BulletDispenser-1x,2320,7.755,3.23,3.27,0.0032,464,226
T-BulletDispenser-1x,2321,7.758,3.22,3.21,0.0032,464,226
T-BulletDispenser-1x,2322,7.762,3.63,3.61,0.0036,464,226
T-BulletDispenser-1x,2323,7.765,3.25,3.28,0.0033,464,226
T-BulletDispenser-1x,2324,7.769,3.35,3.32,0.0034,464,226
T-BulletDispenser-1x,2325,7.772,3.46,3.47,0.0035,464,226
T-BulletDispenser-1x,2326,7.775,3.09,3.11,0.0031,464,226
T-BulletDispenser-1x,2327,7.778,3.22,3.21,0.0032,464,226
T-BulletDispenser-1x,2328,7.782,3.09,3.08,0.0031,464,226
T-BulletDispenser-1x,2329,7.785,3.34,3.31,0.0033,464,226
T-BulletDispenser-1x,2330,7.788,3.36,3.41,0.0034,464,226
T-BulletDispenser-1x,2331,7.792,3.53,3.49,0.0035,464,226
T-BulletDispenser-1x,2332,7.795,3.50,3.50,0.0035,464,226
T-BulletDispenser-1x,2333,7.799,3.30,3.30,0.0033,464,226
T-BulletDispenser-1x,2334,7.802,3.52,3.49,0.0035,464,226
T-BulletDispenser-1x,2335,7.805,3.27,3.30,0.0033,464,226
T-BulletDispenser-1x,2336,7.809,3.39,3.38,0.0034,464,226
T-BulletDispenser-1x,2337,7.812,3.13,3.12,0.0031,464,226
T-BulletDispenser-1x,2338,7.815,3.18,3.18,0.0032,464,226
T-BulletDispenser-1x,2339,7.818,3.31,3.31,0.0033,464,226
T-BulletDispenser-1x,2340,7.822,3.63,3.60,0.0036,464,226
T-BulletDispenser-1x,2341,7.825,3.05,3.09,0.0031,464,226
T-BulletDispenser-1x,2342,7.828,3.20,3.19,0.0032,464,226
T-BulletDispenser-1x,2343,7.831,3.03,3.00,0.0030,464,226
T-BulletDispenser-1x,2344,7.834,2.94,2.99,0.0029,464,226
T-BulletDispenser-1x,2345,7.837,3.04,3.02,0.0030,464,226
T-BulletDispenser-1x,2346,7.840,3.11,3.08,0.0031,464,226
T-BulletDispenser-1x,2347,7.844,3.43,3.41,0.0034,464,226
T-BulletDispenser-1x,2348,7.847,3.13,3.17,0.0031,464,226
T-BulletDispenser-1x,2349,7.850,3.38,3.32,0.0034,464,226
T-BulletDispenser-1x,2350,7.854,3.48,3.51,0.0035,516,226
T-BulletDispenser-1x,2351,7.857,3.29,3.21,0.0033,464,226
T-BulletDispenser-1x,2352,7.860,3.26,3.36,0.0033,464,226
T-BulletDispenser-1x,2353,7.864,3.32,3.30,0.0033,464,226
T-BulletDispenser-1x,2354,7.867,3.59,3.59,0.0036,464,226
T-BulletDispenser-1x,2355,7.871,3.56,3.51,0.0036,464,226
T-BulletDispenser-1x,2356,7.874,3.37,3.40,0.0034,464,226
T-BulletDispenser-1x,2357,7.877,3.10,3.10,0.0031,464,226
T-BulletDispenser-1x,2358,7.881,3.50,3.49,0.0035,464,226
T-BulletDispenser-1x,2359,7.884,3.52,3.50,0.0035,464,226
T-BulletDispenser-1x,2360,7.888,3.45,3.48,0.0034,464,226
T-BulletDispenser-1x,2361,7.891,3.30,3.29,0.0033,464,226
T-BulletDispenser-1x,2362,7.894,3.05,3.02,0.0030,464,226
T-BulletDispenser-1x,2363,7.898,3.78,3.79,0.0038,464,226
T-BulletDispenser-1x,2364,7.901,3.18,3.21,0.0032,464,226
T-BulletDispenser-1x,2365,7.904,3.30,3.28,0.0033,464,226
T-BulletDispenser-1x,2366,7.908,3.52,3.51,0.0035,464,226
T-BulletDispenser-1x,2367,7.911,3.43,3.41,0.0034,464,226
T-BulletDispenser-1x,2368,7.915,3.46,3.48,0.0035,464,226
T-BulletDispenser-1x,2369,7.918,3.31,3.30,0.0033,464,226
T-BulletDispenser-1x,2370,7.922,3.50,3.49,0.0035,464,226
T-BulletDispenser-1x,2371,7.925,3.70,3.71,0.0037,464,226
T-BulletDispenser-1x,2372,7.929,3.51,3.49,0.0035,464,226
T-BulletDispenser-1x,2373,7.932,3.40,3.41,0.0034,464,226
T-BulletDispenser-1x,2374,7.935,3.20,3.18,0.0032,464,226
T-BulletDispenser-1x,2375,7.939,3.18,3.21,0.0032,464,226
T-BulletDispenser-1x,2376,7.942,3.53,3.50,0.0035,464,226
T-BulletDispenser-1x,2377,7.946,3.48,3.49,0.0035,464,226
T-BulletDispenser-1x,2378,7.949,3.19,3.19,0.0032,464,226
T-BulletDispenser-1x,2379,7.952,3.43,3.42,0.0034,464,226
T-BulletDispenser-1x,2380,7.955,3.21,3.19,0.0032,464,226
T-BulletDispenser-1x,2381,7.959,3.36,3.38,0.0034,464,226
T-BulletDispenser-1x,2382,7.962,3.31,3.30,0.0033,464,226
T-BulletDispenser-1x,2383,7.965,3.10,3.11,0.0031,464,226
T-BulletDispenser-1x,2384,7.968,3.05,3.02,0.0030,464,226
T-BulletDispenser-1x,2385,7.972,3.67,3.68,0.0037,464,226
T-BulletDispenser-1x,2386,7.975,3.51,3.51,0.0035,464,226
T-BulletDispenser-1x,2387,7.979,3.60,3.59,0.0036,464,226
T-BulletDispenser-1x,2388,7.982,3.21,3.19,0.0032,464,226
T-BulletDispenser-1x,2389,7.986,3.69,3.70,0.0037,464,226
T-BulletDispenser-1x,2390,7.989,3.26,3.30,0.0033,464,226
T-BulletDispenser-1x,2391,7.992,2.93,2.90,0.0029,464,226
T-BulletDispenser-1x,2392,7.996,4.15,3.91,0.0042,464,226
T-BulletDispenser-1x,2393,8.000,3.63,3.88,0.0036,464,226
T-BulletDispenser-1x,2394,8.004,3.71,3.70,0.0037,464,226
T-BulletDispenser-1x,2395,8.007,3.48,3.49,0.0035,464,226
T-BulletDispenser-1x,2396,8.010,3.37,3.30,0.0034,464,226
T-BulletDispenser-1x,2397,8.013,2.92,3.00,0.0029,464,226
T-BulletDispenser-1x,2398,8.017,3.34,3.30,0.0033,464,226
T-BulletDispenser-1x,2399,8.020,3.27,3.29,0.0033,464,226
T-BulletDispenser-1x,2400,8.023,3.06,3.01,0.0031,464,226
T-BulletDispenser-1x,2401,8.026,3.03,3.06,0.0030,464,226
T-BulletDispenser-1x,2402,8.030,3.44,3.42,0.0034,464,226
T-BulletDispenser-1x,2403,8.033,3.49,3.49,0.0035,464,226
T-BulletDispenser-1x,2404,8.037,3.75,3.74,0.0037,464,226
T-BulletDispenser-1x,2405,8.040,3.22,3.24,0.0032,464,226
T-BulletDispenser-1x,2406,8.043,3.01,3.03,0.0030,464,226
T-BulletDispenser-1x,2407,8.046,2.88,2.88,0.0029,464,226
T-BulletDispenser-1x,2408,8.049,3.25,3.21,0.0032,464,226
T-BulletDispenser-1x,2409,8.053,3.52,3.51,0.0035,464,226
T-BulletDispenser-1x,2410,8.056,3.05,3.09,0.0031,516,226
T-BulletDispenser-1x,2411,8.059,3.20,3.19,0.0032,464,226
T-BulletDispenser-1x,2412,8.062,3.33,3.30,0.0033,464,226
T-BulletDispenser-1x,2413,8.066,3.50,3.50,0.0035,464,226
T-BulletDispenser-1x,2414,8.069,3.21,3.20,0.0032,464,226
T-BulletDispenser-1x,2415,8.072,2.87,2.90,0.0029,464,226
T-BulletDispenser-1x,2416,8.075,3.21,3.19,0.0032,464,226
T-BulletDispenser-1x,2417,8.078,3.19,3.22,0.0032,464,226
T-BulletDispenser-1x,2418,8.081,2.95,2.89,0.0029,464,226
T-BulletDispenser-1x,2419,8.084,3.18,3.21,0.0032,464,226
T-BulletDispenser-1x,2420,8.088,3.20,3.19,0.0032,464,226
T-BulletDispenser-1x,2421,8.091,3.63,3.60,0.0036,464,226
T-BulletDispenser-1x,2422,8.095,3.36,3.39,0.0034,464,226
T-BulletDispenser-1x,2423,8.098,3.23,3.21,0.0032,464,226
T-BulletDispenser-1x,2424,8.101,3.36,3.39,0.0034,464,226
T-BulletDispenser-1x,2425,8.105,3.52,3.50,0.0035,464,226
T-BulletDispenser-1x,2426,8.108,3.46,3.42,0.0035,464,226
T-BulletDispenser-1x,2427,8.112,3.54,3.59,0.0035,464,226
T-BulletDispenser-1x,2428,8.115,3.41,3.41,0.0034,464,226
T-BulletDispenser-1x,2429,8.118,3.05,3.09,0.0030,464,226
T-BulletDispenser-1x,2430,8.121,3.24,3.21,0.0032,464,226
T-BulletDispenser-1x,2431,8.125,3.29,3.28,0.0033,464,226
T-BulletDispenser-1x,2432,8.128,3.63,3.61,0.0036,464,226
T-BulletDispenser-1x,2433,8.131,3.25,3.27,0.0033,464,226
T-BulletDispenser-1x,2434,8.134,2.83,2.84,0.0028,464,226
T-BulletDispenser-1x,2435,8.138,3.41,3.38,0.0034,464,226
T-BulletDispenser-1x,2436,8.141,3.38,3.39,0.0034,464,226
T-BulletDispenser-1x,2437,8.144,3.28,3.28,0.0033,464,226
T-BulletDispenser-1x,2438,8.148,3.11,3.10,0.0031,464,226
T-BulletDispenser-1x,2439,8.151,3.08,3.10,0.0031,464,226
T-BulletDispenser-1x,2440,8.154,3.32,3.29,0.0033,464,226
T-BulletDispenser-1x,2441,8.157,3.21,3.21,0.0032,464,226
T-BulletDispenser-1x,2442,8.160,2.65,2.69,0.0027,464,226
T-BulletDispenser-1x,2443,8.163,2.97,2.91,0.0030,464,226
T-BulletDispenser-1x,2444,8.166,3.48,3.48,0.0035,464,226
T-BulletDispenser-1x,2445,8.169,3.21,3.21,0.0032,464,226
T-BulletDispenser-1x,2446,8.173,3.32,3.31,0.0033,464,226
T-BulletDispenser-1x,2447,8.176,3.16,3.19,0.0032,464,226
T-BulletDispenser-1x,2448,8.179,3.34,3.31,0.0033,464,226
T-BulletDispenser-1x,2449,8.183,3.48,3.50,0.0035,464,226
T-BulletDispenser-1x,2450,8.187,4.11,4.10,0.0041,464,226
T-BulletDispenser-1x,2451,8.190,3.19,3.19,0.0032,464,226
T-BulletDispenser-1x,2452,8.193,3.24,3.20,0.0032,464,226
T-BulletDispenser-1x,2453,8.197,3.37,3.39,0.0034,464,226
T-BulletDispenser-1x,2454,8.200,3.41,3.42,0.0034,464,226
T-BulletDispenser-1x,2455,8.204,3.52,3.49,0.0035,464,226
T-BulletDispenser-1x,2456,8.207,3.51,3.49,0.0035,464,226
T-BulletDispenser-1x,2457,8.211,3.48,3.50,0.0035,464,226
T-BulletDispenser-1x,2458,8.214,3.15,3.18,0.0032,464,226
T-BulletDispenser-1x,2459,8.217,3.31,3.30,0.0033,464,226
T-BulletDispenser-1x,2460,8.221,3.61,3.61,0.0036,464,226
T-BulletDispenser-1x,2461,8.224,3.68,3.68,0.0037,464,226
T-BulletDispenser-1x,2462,8.228,3.43,3.41,0.0034,464,226
T-BulletDispenser-1x,2463,8.231,3.56,3.50,0.0036,464,226
T-BulletDispenser-1x,2464,8.235,3.85,3.91,0.0038,464,226
T-BulletDispenser-1x,2465,8.238,3.26,3.28,0.0033,464,226
T-BulletDispenser-1x,2466,8.242,3.32,3.30,0.0033,464,226
T-BulletDispenser-1x,2467,8.245,3.30,3.31,0.0033,464,226
T-BulletDispenser-1x,2468,8.248,3.31,3.30,0.0033,464,226
T-BulletDispenser-1x,2469,8.252,3.28,3.28,0.0033,464,226
T-BulletDispenser-1x,2470,8.255,3.10,3.10,0.0031,464,226
T-BulletDispenser-1x,2471,8.258,3.04,3.02,0.0030,516,226
T-BulletDispenser-1x,2472,8.261,3.17,3.18,0.0032,464,226
T-BulletDispenser-1x,2473,8.264,3.30,3.30,0.0033,464,226
T-BulletDispenser-1x,2474,8.268,3.64,3.60,0.0036,464,226
T-BulletDispenser-1x,2475,8.272,3.77,3.79,0.0038,464,226
T-BulletDispenser-1x,2476,8.275,3.39,3.40,0.0034,464,226
T-BulletDispenser-1x,2477,8.278,3.40,3.40,0.0034,464,226
T-BulletDispenser-1x,2478,8.282,3.40,3.39,0.0034,464,226
T-BulletDispenser-1x,2479,8.285,3.38,3.40,0.0034,464,226
T-BulletDispenser-1x,2480,8.289,3.31,3.30,0.0033,464,226
T-BulletDispenser-1x,2481,8.292,3.74,3.72,0.0037,464,226
T-BulletDispenser-1x,2482,8.296,3.58,3.59,0.0036,464,226
T-BulletDispenser-1x,2483,8.299,3.56,3.59,0.0036,464,226
T-BulletDispenser-1x,2484,8.303,3.31,3.29,0.0033,464,226
T-BulletDispenser-1x,2485,8.306,3.05,3.02,0.0031,464,226
T-BulletDispenser-1x,2486,8.309,3.05,3.09,0.0031,464,226
T-BulletDispenser-1x,2487,8.313,3.70,3.69,0.0037,464,226
T-BulletDispenser-1x,2488,8.316,3.14,3.12,0.0031,464,226
T-BulletDispenser-1x,2489,8.319,3.23,3.26,0.0032,464,226
T-BulletDispenser-1x,2490,8.322,2.99,3.01,0.0030,464,226
T-BulletDispenser-1x,2491,8.325,3.46,3.40,0.0035,464,226
T-BulletDispenser-1x,2492,8.329,3.56,3.59,0.0036,464,226
T-BulletDispenser-1x,2493,8.332,3.05,2.98,0.0031,464,226
T-BulletDispenser-1x,2494,8.336,3.52,3.53,0.0035,464,226
T-BulletDispenser-1x,2495,8.339,3.44,3.46,0.0034,464,226
T-BulletDispenser-1x,2496,8.343,3.68,3.61,0.0037,464,226
T-BulletDispenser-1x,2497,8.346,3.39,3.48,0.0034,464,226
T-BulletDispenser-1x,2498,8.349,3.44,3.42,0.0034,464,226
T-BulletDispenser-1x,2499,8.353,3.58,3.58,0.0036,464,226
T-BulletDispenser-1x,2500,8.357,3.71,3.70,0.0037,464,226
T-BulletDispenser-1x,2501,8.360,3.45,3.41,0.0034,464,226
T-BulletDispenser-1x,2502,8.364,3.43,3.48,0.0034,464,226
T-BulletDispenser-1x,2503,8.367,3.69,3.69,0.0037,464,226
T-BulletDispenser-1x,2504,8.371,3.65,3.64,0.0037,464,226
T-BulletDispenser-1x,2505,8.375,3.59,3.58,0.0036,464,226
T-BulletDispenser-1x,2506,8.378,3.45,3.40,0.0034,464,226
T-BulletDispenser-1x,2507,8.381,3.47,3.50,0.0035,464,226
T-BulletDispenser-1x,2508,8.384,2.81,2.86,0.0028,464,226
T-BulletDispenser-1x,2509,8.388,3.25,3.21,0.0032,464,226
T-BulletDispenser-1x,2510,8.391,3.38,3.41,0.0034,464,226
T-BulletDispenser-1x,2511,8.394,3.14,3.08,0.0031,464,226
T-BulletDispenser-1x,2512,8.398,3.61,3.61,0.0036,464,226
T-BulletDispenser-1x,2513,8.401,3.25,3.28,0.0032,464,226
T-BulletDispenser-1x,2514,8.404,3.43,3.41,0.0034,464,226
T-BulletDispenser-1x,2515,8.408,3.62,3.60,0.0036,464,226
T-BulletDispenser-1x,2516,8.411,3.21,3.20,0.0032,464,226
T-BulletDispenser-1x,2517,8.414,3.13,3.02,0.0031,464,226
T-BulletDispenser-1x,2518,8.418,3.74,3.78,0.0037,464,226
T-BulletDispenser-1x,2519,8.421,3.17,3.28,0.0032,464,226
T-BulletDispenser-1x,2520,8.425,3.35,3.30,0.0034,464,226
T-BulletDispenser-1x,2521,8.428,3.50,3.50,0.0035,464,226
T-BulletDispenser-1x,2522,8.431,3.34,3.31,0.0033,464,226
T-BulletDispenser-1x,2523,8.434,2.91,2.97,0.0029,464,226
T-BulletDispenser-1x,2524,8.438,3.63,3.61,0.0036,464,226
T-BulletDispenser-1x,2525,8.441,3.27,3.29,0.0033,464,226
T-BulletDispenser-1x,2526,8.444,3.13,3.10,0.0031,464,226
T-BulletDispenser-1x,2527,8.448,3.24,3.21,0.0032,464,226
T-BulletDispenser-1x,2528,8.451,3.15,3.20,0.0032,464,226
T-BulletDispenser-1x,2529,8.454,3.71,3.69,0.0037,464,226
T-BulletDispenser-1x,2530,8.458,3.32,3.30,0.0033,464,226
T-BulletDispenser-1x,2531,8.462,3.85,3.81,0.0038,516,226
T-BulletDispenser-1x,2532,8.465,3.57,3.59,0.0036,464,226
T-BulletDispenser-1x,2533,8.469,3.41,3.41,0.0034,464,226
T-BulletDispenser-1x,2534,8.472,3.37,3.38,0.0034,464,226
T-BulletDispenser-1x,2535,8.475,3.14,3.18,0.0031,464,226
T-BulletDispenser-1x,2536,8.478,3.28,3.23,0.0033,464,226
T-BulletDispenser-1x,2537,8.482,3.48,3.48,0.0035,464,226
T-BulletDispenser-1x,2538,8.485,3.34,3.30,0.0033,464,226
T-BulletDispenser-1x,2539,8.488,3.23,3.30,0.0032,464,226
T-BulletDispenser-1x,2540,8.492,3.32,3.31,0.0033,464,226
T-BulletDispenser-1x,2541,8.495,3.73,3.70,0.0037,464,226
T-BulletDispenser-1x,2542,8.499,3.47,3.49,0.0035,464,226
T-BulletDispenser-1x,2543,8.503,3.74,3.71,0.0037,464,226
T-BulletDispenser-1x,2544,8.506,3.22,3.21,0.0032,464,226
T-BulletDispenser-1x,2545,8.509,3.44,3.47,0.0034,464,226
T-BulletDispenser-1x,2546,8.513,3.19,3.20,0.0032,464,226
T-BulletDispenser-1x,2547,8.516,3.20,3.20,0.0032,464,226
T-BulletDispenser-1x,2548,8.519,3.54,3.51,0.0035,464,226
T-BulletDispenser-1x,2549,8.523,3.70,3.70,0.0037,464,226
T-BulletDispenser-1x,2550,8.526,2.82,2.87,0.0028,464,226
T-BulletDispenser-1x,2551,8.529,3.25,3.20,0.0032,464,226
T-BulletDispenser-1x,2552,8.532,3.43,3.42,0.0034,464,226
T-BulletDispenser-1x,2553,8.536,3.37,3.39,0.0034,464,226
T-BulletDispenser-1x,2554,8.539,3.16,3.19,0.0032,464,226
T-BulletDispenser-1x,2555,8.542,3.42,3.39,0.0034,464,226
T-BulletDispenser-1x,2556,8.546,3.63,3.61,0.0036,464,226
T-BulletDispenser-1x,2557,8.549,3.40,3.41,0.0034,464,226
T-BulletDispenser-1x,2558,8.553,3.38,3.37,0.0034,464,226
T-BulletDispenser-1x,2559,8.556,3.29,3.22,0.0033,464,226
T-BulletDispenser-1x,2560,8.559,3.19,3.28,0.0032,464,226
T-BulletDispenser-1x,2561,8.563,3.64,3.61,0.0036,464,226
T-BulletDispenser-1x,2562,8.566,3.49,3.48,0.0035,464,226
T-BulletDispenser-1x,2563,8.570,3.44,3.40,0.0034,464,226
T-BulletDispenser-1x,2564,8.573,3.46,3.50,0.0035,464,226
T-BulletDispenser-1x,2565,8.577,3.28,3.28,0.0033,464,226
T-BulletDispenser-1x,2566,8.580,3.41,3.41,0.0034,464,226
T-BulletDispenser-1x,2567,8.583,3.41,3.38,0.0034,464,226
T-BulletDispenser-1x,2568,8.587,3.58,3.61,0.0036,464,226
T-BulletDispenser-1x,2569,8.590,3.32,3.29,0.0033,464,226
T-BulletDispenser-1x,2570,8.594,3.39,3.40,0.0034,464,226
T-BulletDispenser-1x,2571,8.597,3.22,3.21,0.0032,464,226
T-BulletDispenser-1x,2572,8.600,3.38,3.38,0.0034,464,226
T-BulletDispenser-1x,2573,8.604,3.50,3.49,0.0035,464,226
T-BulletDispenser-1x,2574,8.607,3.28,3.30,0.0033,464,226
T-BulletDispenser-1x,2575,8.611,3.52,3.50,0.0035,464,226
T-BulletDispenser-1x,2576,8.614,3.08,3.11,0.0031,464,226
T-BulletDispenser-1x,2577,8.617,3.33,3.29,0.0033,464,226
T-BulletDispenser-1x,2578,8.621,3.59,3.60,0.0036,464,226
T-BulletDispenser-1x,2579,8.624,3.40,3.39,0.0034,464,226
T-BulletDispenser-1x,2580,8.628,3.60,3.60,0.0036,464,226
T-BulletDispenser-1x,2581,8.631,3.10,3.10,0.0031,464,226
T-BulletDispenser-1x,2582,8.634,3.30,3.31,0.0033,464,226
T-BulletDispenser-1x,2583,8.637,3.41,3.40,0.0034,464,226
T-BulletDispenser-1x,2584,8.640,2.74,2.77,0.0027,464,226
T-BulletDispenser-1x,2585,8.643,2.96,2.91,0.0030,464,226
T-BulletDispenser-1x,2586,8.647,3.45,3.41,0.0034,464,226
T-BulletDispenser-1x,2587,8.650,3.48,3.49,0.0035,464,226
T-BulletDispenser-1x,2588,8.654,3.61,3.60,0.0036,464,226
T-BulletDispenser-1x,2589,8.657,3.66,3.68,0.0037,464,226
T-BulletDispenser-1x,2590,8.661,3.38,3.39,0.0034,464,226
T-BulletDispenser-1x,2591,8.664,3.28,3.30,0.0033,516,226
T-BulletDispenser-1x,2592,8.667,3.44,3.42,0.0034,464,226
T-BulletDispenser-1x,2593,8.671,3.26,3.31,0.0033,464,226
T-BulletDispenser-1x,2594,8.674,3.35,3.31,0.0034,464,226
T-BulletDispenser-1x,2595,8.678,3.51,3.50,0.0035,464,226
T-BulletDispenser-1x,2596,8.680,2.83,2.89,0.0028,464,226
T-BulletDispenser-1x,2597,8.684,3.24,3.20,0.0032,464,226
T-BulletDispenser-1x,2598,8.687,3.56,3.57,0.0036,464,226
T-BulletDispenser-1x,2599,8.691,3.45,3.43,0.0035,464,226
T-BulletDispenser-1x,2600,8.694,3.59,3.58,0.0036,464,226
T-BulletDispenser-1x,2601,8.698,3.70,3.70,0.0037,464,226
T-BulletDispenser-1x,2602,8.701,3.10,3.10,0.0031,464,226
T-BulletDispenser-1x,2603,8.705,3.58,3.59,0.0036,464,226
T-BulletDispenser-1x,2604,8.708,3.31,3.30,0.0033,464,226
T-BulletDispenser-1x,2605,8.712,3.81,3.80,0.0038,464,226
T-BulletDispenser-1x,2606,8.715,3.30,3.30,0.0033,464,226
T-BulletDispenser-1x,2607,8.719,3.50,3.49,0.0035,464,226
T-BulletDispenser-1x,2608,8.722,3.15,3.19,0.0031,464,226
T-BulletDispenser-1x,2609,8.725,2.95,2.91,0.0029,464,226
T-BulletDispenser-1x,2610,8.728,3.77,3.71,0.0038,464,226
T-BulletDispenser-1x,2611,8.732,3.34,3.40,0.0033,464,226
T-BulletDispenser-1x,2612,8.735,2.98,3.00,0.0030,464,226
T-BulletDispenser-1x,2613,8.738,3.30,3.28,0.0033,464,226
T-BulletDispenser-1x,2614,8.741,3.17,3.20,0.0032,464,226
T-BulletDispenser-1x,2615,8.744,2.96,2.89,0.0030,464,226
T-BulletDispenser-1x,2616,8.748,3.58,3.61,0.0036,464,226
T-BulletDispenser-1x,2617,8.751,3.63,3.50,0.0036,464,226
T-BulletDispenser-1x,2618,8.755,3.36,3.49,0.0034,464,226
T-BulletDispenser-1x,2619,8.758,3.53,3.50,0.0035,464,226
T-BulletDispenser-1x,2620,8.762,3.37,3.38,0.0034,464,226
T-BulletDispenser-1x,2621,8.765,3.32,3.31,0.0033,464,226
T-BulletDispenser-1x,2622,8.768,3.46,3.41,0.0035,464,226
T-BulletDispenser-1x,2623,8.772,3.42,3.49,0.0034,464,226
T-BulletDispenser-1x,2624,8.775,3.23,3.20,0.0032,464,226
T-BulletDispenser-1x,2625,8.778,3.27,3.28,0.0033,464,226
T-BulletDispenser-1x,2626,8.782,3.33,3.31,0.0033,464,226
T-BulletDispenser-1x,2627,8.785,3.04,3.02,0.0030,464,226
T-BulletDispenser-1x,2628,8.788,3.54,3.57,0.0035,464,226
T-BulletDispenser-1x,2629,8.792,3.63,3.60,0.0036,464,226
T-BulletDispenser-1x,2630,8.795,3.56,3.59,0.0036,464,226
T-BulletDispenser-1x,2631,8.799,3.10,3.09,0.0031,464,226
T-BulletDispenser-1x,2632,8.802,3.60,3.52,0.0036,464,226
T-BulletDispenser-1x,2633,8.806,3.39,3.47,0.0034,464,226
T-BulletDispenser-1x,2634,8.809,3.32,3.30,0.0033,464,226
T-BulletDispenser-1x,2635,8.812,3.53,3.52,0.0035,464,226
T-BulletDispenser-1x,2636,8.816,3.43,3.43,0.0034,464,226
T-BulletDispenser-1x,2637,8.819,3.43,3.45,0.0034,464,226
T-BulletDispenser-1x,2638,8.822,3.24,3.22,0.0032,464,226
T-BulletDispenser-1x,2639,8.826,3.78,3.79,0.0038,464,226
T-BulletDispenser-1x,2640,8.830,3.89,3.88,0.0039,464,226
T-BulletDispenser-1x,2641,8.834,3.79,3.79,0.0038,464,226
T-BulletDispenser-1x,2642,8.837,3.56,3.59,0.0036,464,226
T-BulletDispenser-1x,2643,8.841,3.67,3.63,0.0037,464,226
T-BulletDispenser-1x,2644,8.845,3.45,3.47,0.0035,464,226
T-BulletDispenser-1x,2645,8.848,3.66,3.62,0.0037,464,226
T-BulletDispenser-1x,2646,8.851,3.02,3.09,0.0030,464,226
T-BulletDispenser-1x,2647,8.855,3.45,3.40,0.0035,464,226
T-BulletDispenser-1x,2648,8.858,3.48,3.50,0.0035,464,226
T-BulletDispenser-1x,2649,8.862,3.57,3.50,0.0036,464,226
T-BulletDispenser-1x,2650,8.865,3.52,3.59,0.0035,516,226
T-BulletDispenser-1x,2651,8.869,3.28,3.30,0.0033,464,226
T-BulletDispenser-1x,2652,8.872,3.54,3.50,0.0035,464,226
T-BulletDispenser-1x,2653,8.875,3.10,3.10,0.0031,464,226
T-BulletDispenser-1x,2654,8.879,3.51,3.51,0.0035,464,226
T-BulletDispenser-1x,2655,8.882,3.37,3.39,0.0034,464,226
T-BulletDispenser-1x,2656,8.885,3.16,3.19,0.0032,464,226
T-BulletDispenser-1x,2657,8.889,3.61,3.60,0.0036,464,226
T-BulletDispenser-1x,2658,8.893,3.73,3.72,0.0037,464,226
T-BulletDispenser-1x,2659,8.896,3.48,3.48,0.0035,464,226
T-BulletDispenser-1x,2660,8.899,3.31,3.30,0.0033,464,226
T-BulletDispenser-1x,2661,8.903,3.30,3.30,0.0033,464,226
T-BulletDispenser-1x,2662,8.906,3.49,3.42,0.0035,464,226
T-BulletDispenser-1x,2663,8.910,3.47,3.50,0.0035,464,226
T-BulletDispenser-1x,2664,8.913,3.65,3.68,0.0037,464,226
T-BulletDispenser-1x,2665,8.917,3.38,3.39,0.0034,464,226
T-BulletDispenser-1x,2666,8.920,3.62,3.61,0.0036,464,226
T-BulletDispenser-1x,2667,8.924,3.29,3.30,0.0033,464,226
T-BulletDispenser-1x,2668,8.927,3.62,3.60,0.0036,464,226
T-BulletDispenser-1x,2669,8.931,3.28,3.30,0.0033,464,226
T-BulletDispenser-1x,2670,8.934,3.52,3.51,0.0035,464,226
T-BulletDispenser-1x,2671,8.938,3.71,3.69,0.0037,464,226
T-BulletDispenser-1x,2672,8.941,3.59,3.60,0.0036,464,226
T-BulletDispenser-1x,2673,8.945,3.27,3.29,0.0033,464,226
T-BulletDispenser-1x,2674,8.948,3.72,3.71,0.0037,464,226
T-BulletDispenser-1x,2675,8.952,3.77,3.72,0.0038,464,226
T-BulletDispenser-1x,2676,8.956,3.60,3.67,0.0036,464,226
T-BulletDispenser-1x,2677,8.959,3.65,3.60,0.0037,464,226
T-BulletDispenser-1x,2678,8.963,3.67,3.69,0.0037,464,226
T-BulletDispenser-1x,2679,8.967,3.82,3.82,0.0038,464,226
T-BulletDispenser-1x,2680,8.971,3.68,3.68,0.0037,464,226
T-BulletDispenser-1x,2681,8.974,3.64,3.61,0.0036,464,226
T-BulletDispenser-1x,2682,8.978,3.36,3.37,0.0034,464,226
T-BulletDispenser-1x,2683,8.980,2.90,2.89,0.0029,464,226
T-BulletDispenser-1x,2684,8.984,3.70,3.70,0.0037,464,226
T-BulletDispenser-1x,2685,8.987,3.16,3.20,0.0032,464,226
T-BulletDispenser-1x,2686,8.990,3.14,3.09,0.0031,464,226
T-BulletDispenser-1x,2687,8.994,3.60,3.60,0.0036,464,226
T-BulletDispenser-1x,2688,8.997,3.18,3.21,0.0032,464,226
T-BulletDispenser-1x,2689,9.000,3.18,3.18,0.0032,464,226
T-BulletDispenser-1x,2690,9.004,3.45,3.41,0.0034,464,226
T-BulletDispenser-1x,2691,9.007,3.45,3.39,0.0034,464,226
T-BulletDispenser-1x,2692,9.011,3.45,3.50,0.0035,464,226
T-BulletDispenser-1x,2693,9.014,3.53,3.51,0.0035,464,226
T-BulletDispenser-1x,2694,9.017,3.15,3.17,0.0032,464,226
T-BulletDispenser-1x,2695,9.021,3.39,3.41,0.0034,464,226
T-BulletDispenser-1x,2696,9.024,3.02,2.99,0.0030,464,226
T-BulletDispenser-1x,2697,9.027,3.42,3.40,0.0034,464,226
T-BulletDispenser-1x,2698,9.031,3.58,3.60,0.0036,464,226
T-BulletDispenser-1x,2699,9.034,3.19,3.19,0.0032,464,226
T-BulletDispenser-1x,2700,9.037,3.26,3.30,0.0033,464,226
T-BulletDispenser-1x,2701,9.040,3.05,3.01,0.0031,464,226
T-BulletDispenser-1x,2702,9.044,3.33,3.31,0.0033,464,226
T-BulletDispenser-1x,2703,9.047,3.18,3.19,0.0032,464,226
T-BulletDispenser-1x,2704,9.051,3.71,3.70,0.0037,464,226
T-BulletDispenser-1x,2705,9.054,3.59,3.58,0.0036,464,226
T-BulletDispenser-1x,2706,9.058,3.42,3.41,0.0034,464,226
T-BulletDispenser-1x,2707,9.061,3.38,3.39,0.0034,464,226
T-BulletDispenser-1x,2708,9.064,3.34,3.31,0.0033,464,226
T-BulletDispenser-1x,2709,9.068,3.56,3.60,0.0036,516,226
T-BulletDispenser-1x,2710,9.071,3.27,3.28,0.0033,464,226
T-BulletDispenser-1x,2711,9.075,3.85,3.81,0.0039,464,226
T-BulletDispenser-1x,2712,9.078,3.48,3.50,0.0035,464,226
T-BulletDispenser-1x,2713,9.082,3.39,3.38,0.0034,464,226
T-BulletDispenser-1x,2714,9.085,3.20,3.20,0.0032,464,226
T-BulletDispenser-1x,2715,9.088,3.16,3.21,0.0032,464,226
T-BulletDispenser-1x,2716,9.091,3.24,3.20,0.0032,464,226
T-BulletDispenser-1x,2717,9.095,3.30,3.28,0.0033,464,226
T-BulletDispenser-1x,2718,9.098,3.19,3.12,0.0032,464,226
T-BulletDispenser-1x,2719,9.101,3.28,3.38,0.0033,464,226
T-BulletDispenser-1x,2720,9.105,3.67,3.63,0.0037,464,226
T-BulletDispenser-1x,2721,9.108,3.57,3.58,0.0036,464,226
T-BulletDispenser-1x,2722,9.112,3.40,3.40,0.0034,464,226
T-BulletDispenser-1x,2723,9.115,3.09,3.09,0.0031,464,226
T-BulletDispenser-1x,2724,9.118,3.20,3.21,0.0032,464,226
T-BulletDispenser-1x,2725,9.122,3.42,3.40,0.0034,464,226
T-BulletDispenser-1x,2726,9.125,3.28,3.29,0.0033,464,226
T-BulletDispenser-1x,2727,9.128,3.32,3.31,0.0033,464,226
T-BulletDispenser-1x,2728,9.131,3.18,3.18,0.0032,464,226
T-BulletDispenser-1x,2729,9.134,3.17,3.20,0.0032,464,226
T-BulletDispenser-1x,2730,9.138,3.30,3.29,0.0033,464,226
T-BulletDispenser-1x,2731,9.141,3.11,3.10,0.0031,464,226
T-BulletDispenser-1x,2732,9.144,3.24,3.20,0.0032,464,226
T-BulletDispenser-1x,2733,9.148,3.66,3.61,0.0037,464,226
T-BulletDispenser-1x,2734,9.151,3.55,3.59,0.0035,464,226
T-BulletDispenser-1x,2735,9.155,3.36,3.39,0.0034,464,226
T-BulletDispenser-1x,2736,9.158,3.39,3.40,0.0034,464,226
T-BulletDispenser-1x,2737,9.161,3.33,3.31,0.0033,464,226
T-BulletDispenser-1x,2738,9.165,3.41,3.39,0.0034,464,226
T-BulletDispenser-1x,2739,9.168,2.94,3.00,0.0029,464,226
T-BulletDispenser-1x,2740,9.171,3.42,3.39,0.0034,464,226
T-BulletDispenser-1x,2741,9.175,3.52,3.52,0.0035,464,226
T-BulletDispenser-1x,2742,9.178,3.39,3.38,0.0034,464,226
T-BulletDispenser-1x,2743,9.182,3.51,3.51,0.0035,464,226
T-BulletDispenser-1x,2744,9.185,3.39,3.40,0.0034,464,226
T-BulletDispenser-1x,2745,9.188,2.95,2.98,0.0030,464,226
T-BulletDispenser-1x,2746,9.192,3.72,3.70,0.0037,464,226
T-BulletDispenser-1x,2747,9.195,3.32,3.30,0.0033,464,226
T-BulletDispenser-1x,2748,9.198,3.34,3.31,0.0033,464,226
T-BulletDispenser-1x,2749,9.202,3.53,3.57,0.0035,464,226
T-BulletDispenser-1x,2750,9.205,3.33,3.32,0.0033,464,226
T-BulletDispenser-1x,2751,9.208,3.25,3.28,0.0033,464,226
T-BulletDispenser-1x,2752,9.212,3.36,3.31,0.0034,464,226
T-BulletDispenser-1x,2753,9.215,3.40,3.41,0.0034,464,226
T-BulletDispenser-1x,2754,9.218,2.91,2.90,0.0029,464,226
T-BulletDispenser-1x,2755,9.221,3.25,3.27,0.0032,464,226
T-BulletDispenser-1x,2756,9.225,3.19,3.21,0.0032,464,226
T-BulletDispenser-1x,2757,9.228,3.16,3.11,0.0032,464,226
T-BulletDispenser-1x,2758,9.231,3.23,3.20,0.0032,464,226
T-BulletDispenser-1x,2759,9.234,3.12,3.18,0.0031,464,226
T-BulletDispenser-1x,2760,9.237,3.12,3.11,0.0031,464,226
T-BulletDispenser-1x,2761,9.241,3.30,3.30,0.0033,464,226
T-BulletDispenser-1x,2762,9.244,3.01,2.99,0.0030,464,226
T-BulletDispenser-1x,2763,9.247,3.41,3.40,0.0034,464,226
T-BulletDispenser-1x,2764,9.251,3.59,3.60,0.0036,464,226
T-BulletDispenser-1x,2765,9.254,3.40,3.40,0.0034,464,226
T-BulletDispenser-1x,2766,9.257,2.65,2.68,0.0027,464,226
T-BulletDispenser-1x,2767,9.259,2.83,2.81,0.0028,464,226
T-BulletDispenser-1x,2768,9.263,3.42,3.41,0.0034,464,226
T-BulletDispenser-1x,2769,9.266,3.51,3.49,0.0035,464,226
T-BulletDispenser-1x,2770,9.270,3.35,3.39,0.0034,516,226
T-BulletDispenser-1x,2771,9.273,3.33,3.31,0.0033,464,226
T-BulletDispenser-1x,2772,9.276,2.86,2.89,0.0029,464,226
T-BulletDispenser-1x,2773,9.279,3.46,3.41,0.0035,464,226
T-BulletDispenser-1x,2774,9.283,3.68,3.69,0.0037,464,226
T-BulletDispenser-1x,2775,9.287,3.70,3.71,0.0037,464,226
T-BulletDispenser-1x,2776,9.290,3.39,3.39,0.0034,464,226
T-BulletDispenser-1x,2777,9.294,3.46,3.41,0.0035,464,226
T-BulletDispenser-1x,2778,9.296,2.80,2.87,0.0028,464,226
T-BulletDispenser-1x,2779,9.299,2.83,2.80,0.0028,464,226
T-BulletDispenser-1x,2780,9.303,3.51,3.50,0.0035,464,226
T-BulletDispenser-1x,2781,9.306,3.42,3.41,0.0034,464,226
T-BulletDispenser-1x,2782,9.310,3.68,3.69,0.0037,464,226
T-BulletDispenser-1x,2783,9.313,3.10,3.10,0.0031,464,226
T-BulletDispenser-1x,2784,9.316,3.28,3.28,0.0033,464,226
T-BulletDispenser-1x,2785,9.319,2.82,2.80,0.0028,464,226
T-BulletDispenser-1x,2786,9.322,3.17,3.19,0.0032,464,226
T-BulletDispenser-1x,2787,9.325,3.21,3.20,0.0032,464,226
T-BulletDispenser-1x,2788,9.329,3.32,3.31,0.0033,464,226
T-BulletDispenser-1x,2789,9.332,3.20,3.20,0.0032,464,226
T-BulletDispenser-1x,2790,9.335,3.45,3.41,0.0034,464,226
T-BulletDispenser-1x,2791,9.339,3.18,3.19,0.0032,464,226
T-BulletDispenser-1x,2792,9.342,3.47,3.48,0.0035,464,226
T-BulletDispenser-1x,2793,9.345,3.31,3.30,0.0033,464,226
T-BulletDispenser-1x,2794,9.348,3.09,3.09,0.0031,464,226
T-BulletDispenser-1x,2795,9.352,3.52,3.51,0.0035,464,226
T-BulletDispenser-1x,2796,9.355,3.20,3.20,0.0032,464,226
T-BulletDispenser-1x,2797,9.358,3.18,3.20,0.0032,464,226
T-BulletDispenser-1x,2798,9.362,3.24,3.20,0.0032,464,226
T-BulletDispenser-1x,2799,9.365,3.39,3.39,0.0034,464,226
T-BulletDispenser-1x,2800,9.368,3.29,3.28,0.0033,464,226
T-BulletDispenser-1x,2801,9.372,3.42,3.42,0.0034,464,226
T-BulletDispenser-1x,2802,9.375,3.39,3.40,0.0034,464,226
T-BulletDispenser-1x,2803,9.378,3.03,3.00,0.0030,464,226
T-BulletDispenser-1x,2804,9.381,2.75,2.78,0.0027,464,226
T-BulletDispenser-1x,2805,9.384,3.31,3.29,0.0033,464,226
T-BulletDispenser-1x,2806,9.388,3.39,3.41,0.0034,464,226
T-BulletDispenser-1x,2807,9.391,3.42,3.40,0.0034,464,226
T-BulletDispenser-1x,2808,9.394,3.31,3.29,0.0033,464,226
T-BulletDispenser-1x,2809,9.398,3.51,3.51,0.0035,464,226
T-BulletDispenser-1x,2810,9.401,3.27,3.29,0.0033,464,226
T-BulletDispenser-1x,2811,9.405,3.51,3.50,0.0035,464,226
T-BulletDispenser-1x,2812,9.408,3.64,3.61,0.0036,464,226
T-BulletDispenser-1x,2813,9.412,3.77,3.78,0.0038,464,226
T-BulletDispenser-1x,2814,9.416,3.66,3.61,0.0037,464,226
T-BulletDispenser-1x,2815,9.419,3.55,3.59,0.0036,464,226
T-BulletDispenser-1x,2816,9.422,3.10,3.10,0.0031,464,226
T-BulletDispenser-1x,2817,9.426,3.48,3.49,0.0035,464,226
T-BulletDispenser-1x,2818,9.429,3.19,3.20,0.0032,464,226
T-BulletDispenser-1x,2819,9.432,3.53,3.50,0.0035,464,226
T-BulletDispenser-1x,2820,9.437,4.55,4.52,0.0046,464,226
T-BulletDispenser-1x,2821,9.441,3.80,3.77,0.0038,464,226
T-BulletDispenser-1x,2822,9.444,3.43,3.48,0.0034,464,226
T-BulletDispenser-1x,2823,9.448,3.48,3.52,0.0035,464,226
T-BulletDispenser-1x,2824,9.451,3.00,2.97,0.0030,464,226
T-BulletDispenser-1x,2825,9.454,3.62,3.61,0.0036,464,226
T-BulletDispenser-1x,2826,9.458,3.52,3.48,0.0035,464,226
T-BulletDispenser-1x,2827,9.461,3.52,3.51,0.0035,464,226
T-BulletDispenser-1x,2828,9.465,3.40,3.39,0.0034,464,226
T-BulletDispenser-1x,2829,9.468,3.44,3.40,0.0034,464,226
T-BulletDispenser-1x,2830,9.471,3.09,3.19,0.0031,516,226
T-BulletDispenser-1x,2831,9.475,4.16,4.10,0.0042,756,226
T-BulletDispenser-1x,2832,9.499,23.66,23.60,0.0237,256694,226
T-BulletDispenser-1x,2833,9.504,5.02,5.09,0.0050,3172,226
T-BulletDispenser-1x,2834,9.509,4.51,4.49,0.0045,464,226
T-BulletDispenser-1x,2835,9.513,4.41,4.40,0.0044,624,226
T-BulletDispenser-1x,2836,9.517,4.02,4.00,0.0040,464,226
T-BulletDispenser-1x,2837,9.521,4.03,4.07,0.0040,464,226
T-BulletDispenser-1x,2838,9.525,4.24,4.21,0.0042,464,226
T-BulletDispenser-1x,2839,9.530,4.45,4.41,0.0044,464,226
T-BulletDispenser-1x,2840,9.534,4.36,4.39,0.0044,464,226
T-BulletDispenser-1x,2841,9.539,4.39,4.40,0.0044,464,226
T-BulletDispenser-1x,2842,9.543,4.41,4.39,0.0044,464,226
T-BulletDispenser-1x,2843,9.547,4.28,4.29,0.0043,1004,226
T-BulletDispenser-1x,2844,9.552,4.82,4.80,0.0048,464,226
T-BulletDispenser-1x,2845,9.557,4.61,4.61,0.0046,752,226
T-BulletDispenser-1x,2846,9.560,3.85,3.89,0.0039,464,226
T-BulletDispenser-1x,2847,9.565,4.26,4.20,0.0043,464,226
T-BulletDispenser-1x,2848,9.569,4.22,4.21,0.0042,464,226
T-BulletDispenser-1x,2849,9.573,4.26,4.28,0.0043,464,226
T-BulletDispenser-1x,2850,9.577,4.20,4.20,0.0042,464,226
T-BulletDispenser-1x,2851,9.582,4.34,4.31,0.0043,464,226
T-BulletDispenser-1x,2852,9.586,4.08,4.10,0.0041,464,226
T-BulletDispenser-1x,2853,9.590,4.28,4.29,0.0043,464,226
T-BulletDispenser-1x,2854,9.595,4.52,4.51,0.0045,464,226
T-BulletDispenser-1x,2855,9.599,4.31,4.29,0.0043,464,226
T-BulletDispenser-1x,2856,9.604,4.58,4.59,0.0046,464,226
T-BulletDispenser-1x,2857,9.608,4.08,4.09,0.0041,464,226
T-BulletDispenser-1x,2858,9.612,4.40,4.40,0.0044,464,226
T-BulletDispenser-1x,2859,9.616,4.12,4.10,0.0041,464,226
T-BulletDispenser-1x,2860,9.620,4.08,4.08,0.0041,464,226
T-BulletDispenser-1x,2861,9.624,4.20,4.21,0.0042,464,226
T-BulletDispenser-1x,2862,9.629,4.22,4.20,0.0042,464,226
T-BulletDispenser-1x,2863,9.632,3.80,3.78,0.0038,1008,226
T-BulletDispenser-1x,2864,9.637,4.45,4.46,0.0045,464,226
T-BulletDispenser-1x,2865,9.641,4.32,4.33,0.0043,464,226
T-BulletDispenser-1x,2866,9.645,4.24,4.21,0.0042,1564,226
T-BulletDispenser-1x,2867,9.649,3.97,3.98,0.0040,464,226
T-BulletDispenser-1x,2868,9.654,4.22,4.21,0.0042,464,226
T-BulletDispenser-1x,2869,9.658,4.14,4.10,0.0041,464,226
T-BulletDispenser-1x,2870,9.662,4.09,4.10,0.0041,464,226
T-BulletDispenser-1x,2871,9.666,4.38,4.39,0.0044,464,226
T-BulletDispenser-1x,2872,9.670,4.18,4.19,0.0042,464,226
T-BulletDispenser-1x,2873,9.674,4.02,4.02,0.0040,516,226
T-BulletDispenser-1x,2874,9.678,3.99,3.97,0.0040,464,226
T-BulletDispenser-1x,2875,9.683,4.10,4.09,0.0041,464,226
T-BulletDispenser-1x,2876,9.687,4.41,4.41,0.0044,464,226
T-BulletDispenser-1x,2877,9.691,4.20,4.20,0.0042,464,226
T-BulletDispenser-1x,2878,9.695,4.08,4.09,0.0041,464,226
T-BulletDispenser-1x,2879,9.699,3.88,3.82,0.0039,464,226
T-BulletDispenser-1x,2880,9.703,4.22,4.26,0.0042,464,226
T-BulletDispenser-1x,2881,9.708,4.32,4.31,0.0043,464,226
T-BulletDispenser-1x,2882,9.712,4.40,4.40,0.0044,464,226
T-BulletDispenser-1x,2883,9.716,4.19,4.20,0.0042,464,226
T-BulletDispenser-1x,2884,9.721,4.39,4.39,0.0044,464,226
T-BulletDispenser-1x,2885,9.725,4.30,4.30,0.0043,464,226
T-BulletDispenser-1x,2886,9.729,4.11,4.10,0.0041,464,226
T-BulletDispenser-1x,2887,9.733,3.98,4.00,0.0040,464,226
T-BulletDispenser-1x,2888,9.737,3.89,3.89,0.0039,464,226
T-BulletDispenser-1x,2889,9.741,4.11,4.09,0.0041,464,226
T-BulletDispenser-1x,2890,9.745,4.12,4.10,0.0041,464,226
T-BulletDispenser-1x,2891,9.749,3.90,3.90,0.0039,464,226
T-BulletDispenser-1x,2892,9.753,4.32,4.30,0.0043,464,226
T-BulletDispenser-1x,2893,9.757,4.06,4.09,0.0041,464,226
T-BulletDispenser-1x,2894,9.761,3.93,3.91,0.0039,464,226
T-BulletDispenser-1x,2895,9.765,4.08,4.09,0.0041,464,226
T-BulletDispenser-1x,2896,9.769,4.01,4.00,0.0040,464,226
T-BulletDispenser-1x,2897,9.780,10.40,10.40,0.0104,39300,226
T-BulletDispenser-1x,2898,9.785,5.39,5.39,0.0054,464,226
T-BulletDispenser-1x,2899,9.790,4.97,5.00,0.0050,464,226
T-BulletDispenser-1x,2900,9.795,5.21,5.19,0.0052,1520,226
T-BulletDispenser-1x,2901,9.800,4.78,4.81,0.0048,464,226
T-BulletDispenser-1x,2902,9.805,4.94,4.91,0.0049,464,226
T-BulletDispenser-1x,2903,9.810,4.99,4.99,0.0050,464,226
T-BulletDispenser-1x,2904,9.815,4.99,4.99,0.0050,464,226
T-BulletDispenser-1x,2905,9.820,4.71,4.71,0.0047,464,226
T-BulletDispenser-1x,2906,9.825,5.04,5.00,0.0050,464,226
T-BulletDispenser-1x,2907,9.830,4.98,5.00,0.0050,464,226
T-BulletDispenser-1x,2908,9.834,4.66,4.69,0.0047,464,226
T-BulletDispenser-1x,2909,9.839,4.72,4.70,0.0047,464,226
T-BulletDispenser-1x,2910,9.844,4.70,4.68,0.0047,3020,226
T-BulletDispenser-1x,2911,9.849,5.02,5.02,0.0050,464,226
T-BulletDispenser-1x,2912,9.854,4.87,4.79,0.0049,464,226
T-BulletDispenser-1x,2913,9.859,5.33,5.39,0.0053,464,226
T-BulletDispenser-1x,2914,9.864,5.30,5.30,0.0053,464,226
T-BulletDispenser-1x,2915,9.870,5.17,5.19,0.0052,464,226
T-BulletDispenser-1x,2916,9.874,4.73,4.71,0.0047,464,226
T-BulletDispenser-1x,2917,9.880,5.53,5.51,0.0055,1124,226
T-BulletDispenser-1x,2918,9.885,4.87,4.89,0.0049,464,226
T-BulletDispenser-1x,2919,9.890,4.89,4.89,0.0049,464,226
T-BulletDispenser-1x,2920,9.895,5.15,5.13,0.0051,464,226
T-BulletDispenser-1x,2921,9.900,4.87,4.88,0.0049,464,226
T-BulletDispenser-1x,2922,9.905,4.97,4.99,0.0050,464,226
T-BulletDispenser-1x,2923,9.909,4.83,4.80,0.0048,464,226
T-BulletDispenser-1x,2924,9.914,4.79,4.80,0.0048,464,226
T-BulletDispenser-1x,2925,9.919,4.69,4.68,0.0047,464,226
T-BulletDispenser-1x,2926,9.924,4.65,4.61,0.0046,464,226
T-BulletDispenser-1x,2927,9.929,4.97,5.00,0.0050,464,226
T-BulletDispenser-1x,2928,9.933,4.70,4.70,0.0047,464,226
T-BulletDispenser-1x,2929,9.938,4.66,4.68,0.0047,464,226
T-BulletDispenser-1x,2930,9.943,4.67,4.62,0.0047,464,226
T-BulletDispenser-1x,2931,9.947,4.55,4.59,0.0045,464,226
T-BulletDispenser-1x,2932,9.951,4.30,4.30,0.0043,464,226
T-BulletDispenser-1x,2933,9.956,4.84,4.80,0.0048,464,226
T-BulletDispenser-1x,2934,9.961,4.58,4.59,0.0046,464,226
T-BulletDispenser-1x,2935,9.965,4.49,4.49,0.0045,464,226
T-BulletDispenser-1x,2936,9.970,4.61,4.60,0.0046,464,226
T-BulletDispenser-1x,2937,9.975,4.61,4.60,0.0046,464,226
T-BulletDispenser-1x,2938,9.979,4.71,4.71,0.0047,464,226
T-BulletDispenser-1x,2939,9.984,4.46,4.48,0.0045,464,226
T-BulletDispenser-1x,2940,9.988,4.52,4.51,0.0045,464,226
T-BulletDispenser-1x,2941,9.993,4.51,4.49,0.0045,464,226
T-BulletDispenser-1x,2942,9.998,4.88,4.59,0.0049,464,226
T-BulletDispenser-1x,2943,10.002,4.81,5.11,0.0048,464,226
T-BulletDispenser-1x,2944,10.007,4.49,4.49,0.0045,464,226
T-BulletDispenser-1x,2945,10.011,4.30,4.30,0.0043,464,226
T-BulletDispenser-1x,2946,10.016,4.29,4.30,0.0043,464,226
T-BulletDispenser-1x,2947,10.020,4.54,4.51,0.0045,464,226
T-BulletDispenser-1x,2948,10.025,4.90,4.90,0.0049,464,226
T-BulletDispenser-1x,2949,10.030,4.60,4.59,0.0046,464,226
T-BulletDispenser-1x,2950,10.034,4.72,4.71,0.0047,464,226
T-BulletDispenser-1x,2951,10.039,4.57,4.60,0.0046,464,226
T-BulletDispenser-1x,2952,10.044,4.94,4.90,0.0049,464,226
T-BulletDispenser-1x,2953,10.048,4.58,4.59,0.0046,464,226
T-BulletDispenser-1x,2954,10.053,4.37,4.38,0.0044,464,226
T-BulletDispenser-1x,2955,10.057,4.52,4.52,0.0045,464,226
T-BulletDispenser-1x,2956,10.062,4.70,4.69,0.0047,464,226
T-BulletDispenser-1x,2957,10.066,4.40,4.39,0.0044,464,226
T-BulletDispenser-1x,2958,10.071,4.49,4.50,0.0045,464,226
T-BulletDispenser-1x,2959,10.079,8.12,8.10,0.0081,18194,226
T-BulletDispenser-1x,2960,10.084,5.30,5.31,0.0053,516,226
T-BulletDispenser-1x,2961,10.090,5.57,5.58,0.0056,464,226
T-BulletDispenser-1x,2962,10.095,5.32,5.31,0.0053,464,226
T-BulletDispenser-1x,2963,10.101,5.39,5.39,0.0054,464,226
T-BulletDispenser-1x,2964,10.106,5.30,5.29,0.0053,464,226
T-BulletDispenser-1x,2965,10.111,5.56,5.51,0.0056,464,226
T-BulletDispenser-1x,2966,10.116,4.81,4.88,0.0048,464,226
T-BulletDispenser-1x,2967,10.121,5.11,5.10,0.0051,464,226
T-BulletDispenser-1x,2968,10.127,5.62,5.60,0.0056,464,226
T-BulletDispenser-1x,2969,10.132,5.26,5.23,0.0053,464,226
T-BulletDispenser-1x,2970,10.137,5.04,5.06,0.0050,464,226
T-BulletDispenser-1x,2971,10.143,5.51,5.51,0.0055,464,226
T-BulletDispenser-1x,2972,10.148,5.41,5.39,0.0054,464,226
T-BulletDispenser-1x,2973,10.154,5.84,5.81,0.0058,464,226
T-BulletDispenser-1x,2974,10.160,5.77,5.78,0.0058,464,226
T-BulletDispenser-1x,2975,10.165,5.40,5.40,0.0054,464,226
T-BulletDispenser-1x,2976,10.170,5.31,5.32,0.0053,464,226
T-BulletDispenser-1x,2977,10.176,5.45,5.47,0.0054,464,226
T-BulletDispenser-1x,2978,10.181,4.92,4.92,0.0049,464,226
T-BulletDispenser-1x,2979,10.186,5.05,5.00,0.0050,464,226
T-BulletDispenser-1x,2980,10.191,5.36,5.39,0.0054,464,226
T-BulletDispenser-1x,2981,10.196,4.82,4.80,0.0048,464,226
T-BulletDispenser-1x,2982,10.201,5.25,5.20,0.0052,464,226
T-BulletDispenser-1x,2983,10.207,5.33,5.38,0.0053,464,226
T-BulletDispenser-1x,2984,10.212,5.08,5.10,0.0051,464,226
T-BulletDispenser-1x,2985,10.217,4.99,4.99,0.0050,464,226
T-BulletDispenser-1x,2986,10.222,5.12,5.10,0.0051,464,226
T-BulletDispenser-1x,2987,10.227,5.36,5.30,0.0054,464,226
T-BulletDispenser-1x,2988,10.232,4.94,4.99,0.0049,464,226
T-BulletDispenser-1x,2989,10.237,5.01,5.00,0.0050,464,226
T-BulletDispenser-1x,2990,10.242,5.12,5.11,0.0051,464,226
T-BulletDispenser-1x,2991,10.247,4.79,4.78,0.0048,464,226
T-BulletDispenser-1x,2992,10.252,5.08,5.02,0.0051,464,226
T-BulletDispenser-1x,2993,10.257,5.13,5.18,0.0051,464,226
T-BulletDispenser-1x,2994,10.262,4.96,4.99,0.0050,464,226
T-BulletDispenser-1x,2995,10.267,5.03,5.01,0.0050,464,226
T-BulletDispenser-1x,2996,10.272,4.66,4.69,0.0047,464,226
T-BulletDispenser-1x,2997,10.277,4.96,4.91,0.0050,464,226
T-BulletDispenser-1x,2998,10.282,5.08,5.10,0.0051,464,226
T-BulletDispenser-1x,2999,10.287,5.00,4.99,0.0050,516,226
T-BulletDispenser-1x,3000,10.292,5.09,5.09,0.0051,464,226
T-BulletDispenser-1x,3001,10.297,4.78,4.80,0.0048,464,226
T-BulletDispenser-1x,3002,10.302,4.93,4.90,0.0049,464,226
T-BulletDispenser-1x,3003,10.307,5.32,5.30,0.0053,464,226
T-BulletDispenser-1x,3004,10.312,5.17,5.18,0.0052,464,226
T-BulletDispenser-1x,3005,10.317,5.12,5.12,0.0051,464,226
T-BulletDispenser-1x,3006,10.322,4.74,4.76,0.0047,464,226
T-BulletDispenser-1x,3007,10.327,4.72,4.63,0.0047,464,226
T-BulletDispenser-1x,3008,10.332,5.03,5.09,0.0050,464,226
T-BulletDispenser-1x,3009,10.337,5.09,5.08,0.0051,464,226
T-BulletDispenser-1x,3010,10.342,4.79,4.80,0.0048,464,226
T-BulletDispenser-1x,3011,10.347,4.92,4.90,0.0049,464,226
T-BulletDispenser-1x,3012,10.352,5.03,5.00,0.0050,464,226
T-BulletDispenser-1x,3013,10.357,5.29,5.30,0.0053,464,226
T-BulletDispenser-1x,3014,10.362,4.89,4.88,0.0049,464,226
T-BulletDispenser-1x,3015,10.367,4.77,4.81,0.0048,464,226
T-BulletDispenser-1x,3016,10.376,9.12,9.09,0.0091,23442,226
T-BulletDispenser-1x,3017,10.382,6.13,6.11,0.0061,464,226
T-BulletDispenser-1x,3018,10.387,5.37,5.39,0.0054,464,226
T-BulletDispenser-1x,3019,10.393,5.73,5.70,0.0057,464,226
T-BulletDispenser-1x,3020,10.399,5.95,5.90,0.0059,464,226
T-BulletDispenser-1x,3021,10.404,5.50,5.58,0.0055,464,226
T-BulletDispenser-1x,3022,10.410,5.42,5.41,0.0054,464,226
T-BulletDispenser-1x,3023,10.415,5.31,5.29,0.0053,464,226
T-BulletDispenser-1x,3024,10.420,5.20,5.22,0.0052,464,226
T-BulletDispenser-1x,3025,10.426,5.39,5.39,0.0054,464,226
T-BulletDispenser-1x,3026,10.431,5.09,5.11,0.0051,464,226
T-BulletDispenser-1x,3027,10.437,6.13,6.12,0.0061,464,226
T-BulletDispenser-1x,3028,10.443,5.67,5.67,0.0057,464,226
T-BulletDispenser-1x,3029,10.448,5.85,5.82,0.0059,464,226
T-BulletDispenser-1x,3030,10.454,5.68,5.69,0.0057,464,226
T-BulletDispenser-1x,3031,10.459,5.07,5.09,0.0051,464,226
T-BulletDispenser-1x,3032,10.465,5.70,5.69,0.0057,464,226
T-BulletDispenser-1x,3033,10.470,5.54,5.52,0.0055,464,226
T-BulletDispenser-1x,3034,10.476,5.56,5.59,0.0056,464,226
T-BulletDispenser-1x,3035,10.482,5.79,5.78,0.0058,1072,226
T-BulletDispenser-1x,3036,10.489,6.82,6.81,0.0068,5134,226
T-BulletDispenser-1x,3037,10.494,5.06,5.09,0.0051,516,226
T-BulletDispenser-1x,3038,10.499,5.26,5.21,0.0053,464,226
T-BulletDispenser-1x,3039,10.504,5.46,5.48,0.0055,464,226
T-BulletDispenser-1x,3040,10.510,5.42,5.40,0.0054,464,226
T-BulletDispenser-1x,3041,10.515,5.30,5.29,0.0053,464,226
T-BulletDispenser-1x,3042,10.520,4.93,4.90,0.0049,464,226
T-BulletDispenser-1x,3043,10.525,5.19,5.18,0.0052,464,226
T-BulletDispenser-1x,3044,10.531,5.30,5.31,0.0053,464,226
T-BulletDispenser-1x,3045,10.535,4.75,4.80,0.0047,464,226
T-BulletDispenser-1x,3046,10.540,4.62,4.58,0.0046,464,226
T-BulletDispenser-1x,3047,10.545,5.10,5.09,0.0051,464,226
T-BulletDispenser-1x,3048,10.550,4.99,5.01,0.0050,464,226
T-BulletDispenser-1x,3049,10.555,5.33,5.30,0.0053,464,226
T-BulletDispenser-1x,3050,10.561,5.32,5.31,0.0053,464,226
T-BulletDispenser-1x,3051,10.565,4.73,4.68,0.0047,464,226
T-BulletDispenser-1x,3052,10.570,4.80,4.88,0.0048,464,226
T-BulletDispenser-1x,3053,10.575,4.75,4.71,0.0047,464,226
T-BulletDispenser-1x,3054,10.580,5.00,4.99,0.0050,464,226
T-BulletDispenser-1x,3055,10.585,5.37,5.34,0.0054,464,226
T-BulletDispenser-1x,3056,10.591,5.37,5.36,0.0054,464,226
T-BulletDispenser-1x,3057,10.596,5.15,5.20,0.0051,464,226
T-BulletDispenser-1x,3058,10.601,4.68,4.69,0.0047,464,226
T-BulletDispenser-1x,3059,10.605,4.92,4.91,0.0049,464,226
T-BulletDispenser-1x,3060,10.611,5.51,5.49,0.0055,464,226
T-BulletDispenser-1x,3061,10.616,5.21,5.21,0.0052,464,226
T-BulletDispenser-1x,3062,10.622,5.37,5.37,0.0054,464,226
T-BulletDispenser-1x,3063,10.627,5.05,5.03,0.0051,464,226
T-BulletDispenser-1x,3064,10.632,5.28,5.28,0.0053,464,226
T-BulletDispenser-1x,3065,10.637,5.06,5.10,0.0051,464,226
T-BulletDispenser-1x,3066,10.642,5.15,5.11,0.0051,464,226
T-BulletDispenser-1x,3067,10.647,5.18,5.18,0.0052,464,226
T-BulletDispenser-1x,3068,10.652,4.90,4.89,0.0049,464,226
T-BulletDispenser-1x,3069,10.657,5.00,5.01,0.0050,464,226
T-BulletDispenser-1x,3070,10.662,4.89,4.88,0.0049,464,226
T-BulletDispenser-1x,3071,10.671,9.23,9.21,0.0092,18194,226
T-BulletDispenser-1x,3072,10.677,5.87,5.87,0.0059,464,226
T-BulletDispenser-1x,3073,10.682,5.32,5.31,0.0053,464,226
T-BulletDispenser-1x,3074,10.688,5.49,5.51,0.0055,464,226
T-BulletDispenser-1x,3075,10.694,5.77,5.70,0.0058,464,226
T-BulletDispenser-1x,3076,10.699,5.51,5.58,0.0055,516,226
T-BulletDispenser-1x,3077,10.705,5.65,5.62,0.0057,464,226
T-BulletDispenser-1x,3078,10.710,5.47,5.49,0.0055,464,226
T-BulletDispenser-1x,3079,10.716,5.38,5.39,0.0054,464,226
T-BulletDispenser-1x,3080,10.721,5.47,5.42,0.0055,464,226
T-BulletDispenser-1x,3081,10.726,5.31,5.37,0.0053,464,226
T-BulletDispenser-1x,3082,10.732,5.42,5.40,0.0054,1072,226
T-BulletDispenser-1x,3083,10.737,5.52,5.50,0.0055,464,226
T-BulletDispenser-1x,3084,10.743,5.71,5.71,0.0057,464,226
T-BulletDispenser-1x,3085,10.748,5.26,5.29,0.0053,464,226
T-BulletDispenser-1x,3086,10.754,5.30,5.30,0.0053,464,226
T-BulletDispenser-1x,3087,10.759,5.31,5.29,0.0053,464,226
T-BulletDispenser-1x,3088,10.766,6.53,6.51,0.0065,3004,226
T-BulletDispenser-1x,3089,10.771,5.56,5.58,0.0056,464,226
T-BulletDispenser-1x,3090,10.776,5.33,5.30,0.0053,464,226
T-BulletDispenser-1x,3091,10.782,5.57,5.58,0.0056,464,226
T-BulletDispenser-1x,3092,10.788,6.03,6.00,0.0060,2908,226
T-BulletDispenser-1x,3093,10.793,4.96,5.00,0.0050,464,226
T-BulletDispenser-1x,3094,10.798,4.92,4.91,0.0049,464,226
T-BulletDispenser-1x,3095,10.803,5.04,5.01,0.0050,464,226
T-BulletDispenser-1x,3096,10.808,5.05,5.08,0.0051,464,226
T-BulletDispenser-1x,3097,10.813,4.86,4.82,0.0049,464,226
T-BulletDispenser-1x,3098,10.818,5.16,5.18,0.0052,464,226
T-BulletDispenser-1x,3099,10.823,5.20,5.20,0.0052,464,226
T-BulletDispenser-1x,3100,10.829,5.30,5.30,0.0053,464,226
T-BulletDispenser-1x,3101,10.834,5.19,5.20,0.0052,464,226
T-BulletDispenser-1x,3102,10.839,4.92,4.90,0.0049,464,226
T-BulletDispenser-1x,3103,10.844,5.31,5.31,0.0053,464,226
T-BulletDispenser-1x,3104,10.849,5.05,5.01,0.0051,464,226
T-BulletDispenser-1x,3105,10.854,5.43,5.49,0.0054,464,226
T-BulletDispenser-1x,3106,10.860,5.38,5.39,0.0054,464,226
T-BulletDispenser-1x,3107,10.865,5.24,5.22,0.0052,464,226
T-BulletDispenser-1x,3108,10.870,5.28,5.30,0.0053,464,226
T-BulletDispenser-1x,3109,10.875,5.11,5.10,0.0051,464,226
T-BulletDispenser-1x,3110,10.881,5.31,5.31,0.0053,464,226
T-BulletDispenser-1x,3111,10.887,6.19,6.18,0.0062,464,226
T-BulletDispenser-1x,3112,10.892,5.51,5.49,0.0055,464,226
T-BulletDispenser-1x,3113,10.898,5.32,5.28,0.0053,464,226
T-BulletDispenser-1x,3114,10.903,5.06,5.12,0.0051,516,226
T-BulletDispenser-1x,3115,10.908,5.23,5.19,0.0052,464,226
T-BulletDispenser-1x,3116,10.913,5.30,5.30,0.0053,464,226
T-BulletDispenser-1x,3117,10.918,4.74,4.79,0.0047,464,226
T-BulletDispenser-1x,3118,10.923,5.14,5.10,0.0051,464,226
T-BulletDispenser-1x,3119,10.928,4.95,4.89,0.0049,464,226
T-BulletDispenser-1x,3120,10.933,4.81,4.89,0.0048,464,226
T-BulletDispenser-1x,3121,10.938,5.16,5.12,0.0052,464,226
T-BulletDispenser-1x,3122,10.943,4.85,4.88,0.0049,464,226
T-BulletDispenser-1x,3123,10.948,4.66,4.61,0.0047,464,226
T-BulletDispenser-1x,3124,10.953,5.06,5.09,0.0051,464,226
T-BulletDispenser-1x,3125,10.957,4.72,4.71,0.0047,464,226
T-BulletDispenser-1x,3126,10.963,5.19,5.18,0.0052,464,226
T-BulletDispenser-1x,3127,10.969,6.11,6.10,0.0061,464,226
T-BulletDispenser-1x,3128,10.974,5.71,5.70,0.0057,464,226
T-BulletDispenser-1x,3129,10.980,5.39,5.38,0.0054,464,226
T-BulletDispenser-1x,3130,10.986,5.74,5.74,0.0057,464,226
T-BulletDispenser-1x,3131,10.991,5.74,5.76,0.0057,464,226
T-BulletDispenser-1x,3132,10.997,5.83,5.82,0.0058,464,226
T-BulletDispenser-1x,3133,11.003,5.68,5.69,0.0057,464,226
T-BulletDispenser-1x,3134,11.008,5.61,5.60,0.0056,464,226
T-BulletDispenser-1x,3135,11.014,5.85,5.82,0.0058,464,226
T-BulletDispenser-1x,3136,11.020,5.43,5.46,0.0054,464,226
T-BulletDispenser-1x,3137,11.025,5.30,5.31,0.0053,464,226
T-BulletDispenser-1x,3138,11.030,5.41,5.41,0.0054,464,226
T-BulletDispenser-1x,3139,11.037,6.57,6.56,0.0066,464,226
T-BulletDispenser-1x,3140,11.042,5.26,5.24,0.0053,528,226
T-BulletDispenser-1x,3141,11.048,5.91,5.89,0.0059,464,226
T-BulletDispenser-1x,3142,11.053,5.05,5.08,0.0051,464,226
T-BulletDispenser-1x,3143,11.059,5.75,5.72,0.0057,464,226
T-BulletDispenser-1x,3144,11.065,5.80,5.79,0.0058,464,226
T-BulletDispenser-1x,3145,11.070,5.46,5.50,0.0055,464,226
T-BulletDispenser-1x,3146,11.075,5.19,5.18,0.0052,464,226
T-BulletDispenser-1x,3147,11.081,5.16,5.14,0.0052,464,226
T-BulletDispenser-1x,3148,11.085,4.72,4.76,0.0047,464,226
T-BulletDispenser-1x,3149,11.090,4.96,4.91,0.0050,464,226
T-BulletDispenser-1x,3150,11.096,5.30,5.31,0.0053,464,226
T-BulletDispenser-1x,3151,11.101,5.82,5.71,0.0058,464,226
T-BulletDispenser-1x,3152,11.107,5.70,5.78,0.0057,516,226
T-BulletDispenser-1x,3153,11.113,5.47,5.50,0.0055,464,226
T-BulletDispenser-1x,3154,11.118,5.24,5.20,0.0052,464,226
T-BulletDispenser-1x,3155,11.123,4.96,5.00,0.0050,464,226
T-BulletDispenser-1x,3156,11.128,5.09,5.08,0.0051,464,226
T-BulletDispenser-1x,3157,11.133,5.31,5.31,0.0053,464,226
T-BulletDispenser-1x,3158,11.138,5.08,5.08,0.0051,464,226
T-BulletDispenser-1x,3159,11.143,4.70,4.71,0.0047,464,226
T-BulletDispenser-1x,3160,11.148,5.12,5.09,0.0051,464,226
T-BulletDispenser-1x,3161,11.153,4.92,4.89,0.0049,464,226
T-BulletDispenser-1x,3162,11.158,4.96,5.00,0.0050,464,226
T-BulletDispenser-1x,3163,11.163,4.91,4.89,0.0049,464,226
T-BulletDispenser-1x,3164,11.168,4.90,4.90,0.0049,464,226
T-BulletDispenser-1x,3165,11.172,4.58,4.60,0.0046,464,226
T-BulletDispenser-1x,3166,11.177,5.14,5.11,0.0051,464,226
T-BulletDispenser-1x,3167,11.182,4.80,4.80,0.0048,464,226
T-BulletDispenser-1x,3168,11.187,4.77,4.79,0.0048,464,226
T-BulletDispenser-1x,3169,11.192,4.61,4.60,0.0046,464,226
T-BulletDispenser-1x,3170,11.197,4.99,4.99,0.0050,464,226
T-BulletDispenser-1x,3171,11.201,4.58,4.60,0.0046,464,226
T-BulletDispenser-1x,3172,11.206,5.04,4.92,0.0050,464,226
T-BulletDispenser-1x,3173,11.211,5.09,5.18,0.0051,464,226
T-BulletDispenser-1x,3174,11.217,5.25,5.20,0.0052,464,226
T-BulletDispenser-1x,3175,11.222,5.22,5.19,0.0052,464,226
T-BulletDispenser-1x,3176,11.227,5.54,5.59,0.0055,464,226
T-BulletDispenser-1x,3177,11.232,5.03,5.02,0.0050,464,226
T-BulletDispenser-1x,3178,11.237,4.66,4.68,0.0047,464,226
T-BulletDispenser-1x,3179,11.242,5.00,4.99,0.0050,464,226
T-BulletDispenser-1x,3180,11.247,4.91,4.90,0.0049,464,226
T-BulletDispenser-1x,3181,11.251,4.56,4.59,0.0046,464,226
T-BulletDispenser-1x,3182,11.256,4.74,4.71,0.0047,464,226
T-BulletDispenser-1x,3183,11.260,4.28,4.30,0.0043,464,226
T-BulletDispenser-1x,3184,11.266,5.77,5.71,0.0058,4592,226
T-BulletDispenser-1x,3185,11.272,5.66,5.69,0.0057,464,226
T-BulletDispenser-1x,3186,11.278,5.61,5.60,0.0056,464,226
T-BulletDispenser-1x,3187,11.283,5.07,5.09,0.0051,464,226
T-BulletDispenser-1x,3188,11.288,5.41,5.41,0.0054,464,226
T-BulletDispenser-1x,3189,11.294,5.66,5.61,0.0057,464,226
T-BulletDispenser-1x,3190,11.299,5.46,5.50,0.0055,464,226
T-BulletDispenser-1x,3191,11.304,5.20,5.18,0.0052,464,226
T-BulletDispenser-1x,3192,11.310,5.71,5.70,0.0057,516,226
T-BulletDispenser-1x,3193,11.316,5.80,5.80,0.0058,560,226
T-BulletDispenser-1x,3194,11.321,5.51,5.51,0.0055,464,226
T-BulletDispenser-1x,3195,11.327,5.72,5.70,0.0057,464,226
T-BulletDispenser-1x,3196,11.333,5.78,5.78,0.0058,464,226
T-BulletDispenser-1x,3197,11.339,5.65,5.69,0.0057,464,226
T-BulletDispenser-1x,3198,11.344,5.63,5.61,0.0056,464,226
T-BulletDispenser-1x,3199,11.350,5.62,5.59,0.0056,464,226
T-BulletDispenser-1x,3200,11.356,5.80,5.80,0.0058,464,226
T-BulletDispenser-1x,3201,11.361,5.29,5.30,0.0053,464,226
T-BulletDispenser-1x,3202,11.367,6.01,6.01,0.0060,464,226
T-BulletDispenser-1x,3203,11.372,5.21,5.20,0.0052,464,226
T-BulletDispenser-1x,3204,11.377,4.96,4.88,0.0050,464,226
T-BulletDispenser-1x,3205,11.382,5.12,5.20,0.0051,464,226
T-BulletDispenser-1x,3206,11.387,5.33,5.31,0.0053,464,226
T-BulletDispenser-1x,3207,11.393,5.07,5.09,0.0051,464,226
T-BulletDispenser-1x,3208,11.398,4.96,4.93,0.0050,464,226
T-BulletDispenser-1x,3209,11.403,5.22,5.26,0.0052,464,226
T-BulletDispenser-1x,3210,11.408,4.93,4.91,0.0049,464,226
T-BulletDispenser-1x,3211,11.412,4.78,4.79,0.0048,464,226
T-BulletDispenser-1x,3212,11.417,4.83,4.82,0.0048,464,226
T-BulletDispenser-1x,3213,11.422,4.65,4.67,0.0047,464,226
T-BulletDispenser-1x,3214,11.427,5.03,5.01,0.0050,464,226
T-BulletDispenser-1x,3215,11.432,5.01,5.00,0.0050,464,226
T-BulletDispenser-1x,3216,11.437,5.00,5.03,0.0050,464,226
T-BulletDispenser-1x,3217,11.442,4.98,4.97,0.0050,464,226
T-BulletDispenser-1x,3218,11.447,4.90,4.91,0.0049,464,226
T-BulletDispenser-1x,3219,11.452,5.22,5.20,0.0052,464,226
T-BulletDispenser-1x,3220,11.457,4.88,4.89,0.0049,464,226
T-BulletDispenser-1x,3221,11.462,4.90,4.90,0.0049,464,226
T-BulletDispenser-1x,3222,11.466,4.61,4.60,0.0046,464,226
T-BulletDispenser-1x,3223,11.471,4.58,4.59,0.0046,464,226
T-BulletDispenser-1x,3224,11.476,4.94,4.93,0.0049,464,226
T-BulletDispenser-1x,3225,11.481,4.90,4.89,0.0049,464,226
T-BulletDispenser-1x,3226,11.486,5.08,5.09,0.0051,464,226
T-BulletDispenser-1x,3227,11.490,4.15,4.19,0.0042,464,226
T-BulletDispenser-1x,3228,11.495,5.18,5.11,0.0052,464,226
T-BulletDispenser-1x,3229,11.500,4.95,4.98,0.0049,464,226
T-BulletDispenser-1x,3230,11.505,4.81,4.80,0.0048,464,226
T-BulletDispenser-1x,3231,11.510,4.92,4.92,0.0049,516,226
T-BulletDispenser-1x,3232,11.515,4.88,4.89,0.0049,464,226
T-BulletDispenser-1x,3233,11.519,4.61,4.61,0.0046,464,226
T-BulletDispenser-1x,3234,11.524,4.82,4.80,0.0048,464,226
T-BulletDispenser-1x,3235,11.529,4.62,4.59,0.0046,464,226
T-BulletDispenser-1x,3236,11.534,4.85,4.90,0.0048,464,226
T-BulletDispenser-1x,3237,11.539,4.78,4.79,0.0048,464,226
T-BulletDispenser-1x,3238,11.543,4.81,4.80,0.0048,464,226
T-BulletDispenser-1x,3239,11.548,4.76,4.70,0.0048,464,226
T-BulletDispenser-1x,3240,11.553,4.72,4.78,0.0047,464,226
T-BulletDispenser-1x,3241,11.557,4.62,4.60,0.0046,464,226
T-BulletDispenser-1x,3242,11.563,5.83,5.81,0.0058,464,226
T-BulletDispenser-1x,3243,11.569,5.83,5.81,0.0058,464,226
T-BulletDispenser-1x,3244,11.575,6.01,5.99,0.0060,464,226
T-BulletDispenser-1x,3245,11.581,5.55,5.58,0.0056,464,226
T-BulletDispenser-1x,3246,11.587,6.35,6.34,0.0063,464,226
T-BulletDispenser-1x,3247,11.592,5.32,5.33,0.0053,464,226
T-BulletDispenser-1x,3248,11.598,5.96,5.94,0.0060,464,226
T-BulletDispenser-1x,3249,11.604,5.33,5.29,0.0053,464,226
T-BulletDispenser-1x,3250,11.609,5.14,5.19,0.0051,464,226
T-BulletDispenser-1x,3251,11.615,5.84,5.81,0.0058,464,226
T-BulletDispenser-1x,3252,11.620,5.37,5.39,0.0054,464,226
T-BulletDispenser-1x,3253,11.625,5.52,5.50,0.0055,464,226
T-BulletDispenser-1x,3254,11.631,5.37,5.38,0.0054,464,226
T-BulletDispenser-1x,3255,11.637,6.42,6.40,0.0064,464,226
T-BulletDispenser-1x,3256,11.643,5.59,5.60,0.0056,464,226
T-BulletDispenser-1x,3257,11.648,5.41,5.39,0.0054,464,226
T-BulletDispenser-1x,3258,11.654,5.50,5.51,0.0055,464,226
T-BulletDispenser-1x,3259,11.659,5.48,5.48,0.0055,464,226
T-BulletDispenser-1x,3260,11.665,5.74,5.72,0.0057,464,226
T-BulletDispenser-1x,3261,11.670,5.28,5.29,0.0053,464,226
T-BulletDispenser-1x,3262,11.675,5.09,5.10,0.0051,464,226
T-BulletDispenser-1x,3263,11.680,5.13,5.11,0.0051,464,226
T-BulletDispenser-1x,3264,11.686,5.36,5.38,0.0054,464,226
T-BulletDispenser-1x,3265,11.691,5.41,5.42,0.0054,464,226
T-BulletDispenser-1x,3266,11.697,5.30,5.29,0.0053,464,226
T-BulletDispenser-1x,3267,11.702,5.19,5.20,0.0052,464,226
T-BulletDispenser-1x,3268,11.707,4.80,4.79,0.0048,464,226
T-BulletDispenser-1x,3269,11.712,5.43,5.41,0.0054,516,226
T-BulletDispenser-1x,3270,11.717,5.06,5.08,0.0051,464,226
T-BulletDispenser-1x,3271,11.722,4.90,4.90,0.0049,464,226
T-BulletDispenser-1x,3272,11.727,4.83,4.80,0.0048,464,226
T-BulletDispenser-1x,3273,11.732,5.01,5.01,0.0050,464,226
T-BulletDispenser-1x,3274,11.737,5.24,5.25,0.0052,464,226
T-BulletDispenser-1x,3275,11.742,4.94,4.94,0.0049,464,226
T-BulletDispenser-1x,3276,11.747,4.59,4.60,0.0046,464,226
T-BulletDispenser-1x,3277,11.751,4.91,4.89,0.0049,464,226
T-BulletDispenser-1x,3278,11.756,4.64,4.62,0.0046,464,226
T-BulletDispenser-1x,3279,11.761,5.06,5.08,0.0051,464,226
T-BulletDispenser-1x,3280,11.766,5.10,5.10,0.0051,464,226
T-BulletDispenser-1x,3281,11.771,5.21,5.20,0.0052,464,226
T-BulletDispenser-1x,3282,11.777,5.52,5.50,0.0055,464,226
T-BulletDispenser-1x,3283,11.782,4.77,4.79,0.0048,464,226
T-BulletDispenser-1x,3284,11.787,5.26,5.24,0.0053,464,226
T-BulletDispenser-1x,3285,11.792,5.13,5.15,0.0051,464,226
T-BulletDispenser-1x,3286,11.797,4.90,4.90,0.0049,464,226
T-BulletDispenser-1x,3287,11.803,5.54,5.51,0.0055,464,226
T-BulletDispenser-1x,3288,11.808,4.95,4.99,0.0050,464,226
T-BulletDispenser-1x,3289,11.813,5.33,5.30,0.0053,464,226
T-BulletDispenser-1x,3290,11.818,5.38,5.39,0.0054,464,226
T-BulletDispenser-1x,3291,11.824,5.39,5.32,0.0054,464,226
T-BulletDispenser-1x,3292,11.829,5.04,5.08,0.0050,464,226
T-BulletDispenser-1x,3293,11.834,5.30,5.31,0.0053,464,226
T-BulletDispenser-1x,3294,11.839,4.77,4.79,0.0048,464,226
T-BulletDispenser-1x,3295,11.844,4.86,4.83,0.0049,464,226
T-BulletDispenser-1x,3296,11.848,4.74,4.78,0.0047,464,226
T-BulletDispenser-1x,3297,11.853,4.90,4.89,0.0049,464,226
T-BulletDispenser-1x,3298,11.859,6.22,6.21,0.0062,464,226
T-BulletDispenser-1x,3299,11.865,6.00,6.00,0.0060,464,226
T-BulletDispenser-1x,3300,11.871,5.28,5.29,0.0053,464,226
T-BulletDispenser-1x,3301,11.876,5.71,5.68,0.0057,464,226
T-BulletDispenser-1x,3302,11.882,5.61,5.62,0.0056,464,226
T-BulletDispenser-1x,3303,11.887,5.44,5.47,0.0054,464,226
T-BulletDispenser-1x,3304,11.893,5.79,5.72,0.0058,464,226
T-BulletDispenser-1x,3305,11.899,5.59,5.60,0.0056,464,226
T-BulletDispenser-1x,3306,11.904,5.37,5.40,0.0054,464,226
T-BulletDispenser-1x,3307,11.910,5.72,5.70,0.0057,464,226
T-BulletDispenser-1x,3308,11.915,5.27,5.29,0.0053,516,226
T-BulletDispenser-1x,3309,11.920,5.25,5.20,0.0052,464,226
T-BulletDispenser-1x,3310,11.926,5.48,5.50,0.0055,464,226
T-BulletDispenser-1x,3311,11.931,5.49,5.48,0.0055,464,226
T-BulletDispenser-1x,3312,11.937,5.61,5.60,0.0056,464,226
T-BulletDispenser-1x,3313,11.943,5.82,5.81,0.0058,464,226
T-BulletDispenser-1x,3314,11.949,5.73,5.67,0.0057,464,226
T-BulletDispenser-1x,3315,11.954,5.53,5.60,0.0055,464,226
T-BulletDispenser-1x,3316,11.960,5.51,5.51,0.0055,464,226
T-BulletDispenser-1x,3317,11.965,5.62,5.61,0.0056,464,226
T-BulletDispenser-1x,3318,11.970,5.00,4.99,0.0050,464,226
T-BulletDispenser-1x,3319,11.975,5.08,5.11,0.0051,464,226
T-BulletDispenser-1x,3320,11.980,5.10,5.09,0.0051,464,226
T-BulletDispenser-1x,3321,11.986,5.13,5.11,0.0051,464,226
T-BulletDispenser-1x,3322,11.990,4.72,4.76,0.0047,464,226
T-BulletDispenser-1x,3323,11.996,5.36,5.32,0.0054,464,226
T-BulletDispenser-1x,3324,12.001,5.10,4.90,0.0051,464,226
T-BulletDispenser-1x,3325,12.006,4.78,4.99,0.0048,464,226
T-BulletDispenser-1x,3326,12.010,4.70,4.69,0.0047,464,226
T-BulletDispenser-1x,3327,12.015,4.79,4.80,0.0048,464,226
T-BulletDispenser-1x,3328,12.020,4.95,4.92,0.0050,464,226
T-BulletDispenser-1x,3329,12.025,4.79,4.79,0.0048,464,226
T-BulletDispenser-1x,3330,12.030,5.30,5.30,0.0053,464,226
T-BulletDispenser-1x,3331,12.035,5.28,5.28,0.0053,464,226
T-BulletDispenser-1x,3332,12.040,4.88,4.90,0.0049,464,226
T-BulletDispenser-1x,3333,12.045,4.81,4.80,0.0048,464,226
T-BulletDispenser-1x,3334,12.050,5.27,5.22,0.0053,464,226
T-BulletDispenser-1x,3335,12.056,5.41,5.39,0.0054,464,226
T-BulletDispenser-1x,3336,12.061,5.45,5.48,0.0055,464,226
T-BulletDispenser-1x,3337,12.066,4.83,4.79,0.0048,464,226
T-BulletDispenser-1x,3338,12.071,4.65,4.71,0.0047,464,226
T-BulletDispenser-1x,3339,12.076,4.92,4.91,0.0049,464,226
T-BulletDispenser-1x,3340,12.080,4.87,4.88,0.0049,464,226
T-BulletDispenser-1x,3341,12.085,4.71,4.71,0.0047,464,226
T-BulletDispenser-1x,3342,12.090,5.19,5.19,0.0052,464,226
T-BulletDispenser-1x,3343,12.095,5.14,5.12,0.0051,464,226
T-BulletDispenser-1x,3344,12.100,4.80,4.78,0.0048,464,226
T-BulletDispenser-1x,3345,12.105,4.96,4.98,0.0050,464,226
T-BulletDispenser-1x,3346,12.110,5.22,5.20,0.0052,464,226
T-BulletDispenser-1x,3347,12.115,4.99,5.02,0.0050,516,226
T-BulletDispenser-1x,3348,12.120,4.71,4.70,0.0047,464,226
T-BulletDispenser-1x,3349,12.125,4.88,4.89,0.0049,464,226
T-BulletDispenser-1x,3350,12.130,4.79,4.79,0.0048,464,226
T-BulletDispenser-1x,3351,12.134,4.50,4.49,0.0045,464,226
T-BulletDispenser-1x,3352,12.139,4.81,4.81,0.0048,464,226
T-BulletDispenser-1x,3353,12.144,4.93,4.91,0.0049,464,226
T-BulletDispenser-1x,3354,12.149,4.64,4.67,0.0046,464,226
T-BulletDispenser-1x,3355,12.153,4.61,4.61,0.0046,464,226
T-BulletDispenser-1x,3356,12.158,4.82,4.80,0.0048,464,226
T-BulletDispenser-1x,3357,12.163,4.82,4.81,0.0048,464,226
T-BulletDispenser-1x,3358,12.168,4.60,4.60,0.0046,464,226
T-BulletDispenser-1x,3359,12.172,4.35,4.38,0.0043,464,226
T-BulletDispenser-1x,3360,12.176,4.44,4.42,0.0044,464,226
T-BulletDispenser-1x,3361,12.181,4.70,4.69,0.0047,464,226
T-BulletDispenser-1x,3362,12.187,6.06,6.02,0.0061,464,226
T-BulletDispenser-1x,3363,12.192,5.12,5.17,0.0051,464,226
T-BulletDispenser-1x,3364,12.197,4.39,4.40,0.0044,464,226
T-BulletDispenser-1x,3365,12.201,4.83,4.80,0.0048,464,226
T-BulletDispenser-1x,3366,12.206,4.84,4.81,0.0048,464,226
T-BulletDispenser-1x,3367,12.211,4.65,4.69,0.0046,464,226
T-BulletDispenser-1x,3368,12.215,4.52,4.51,0.0045,1008,226
T-BulletDispenser-1x,3369,12.220,4.56,4.58,0.0046,464,226
T-BulletDispenser-1x,3370,12.225,4.91,4.91,0.0049,464,226
T-BulletDispenser-1x,3371,12.230,4.82,4.81,0.0048,464,226
T-BulletDispenser-1x,3372,12.235,4.79,4.78,0.0048,464,226
T-BulletDispenser-1x,3373,12.239,4.17,4.21,0.0042,464,226
T-BulletDispenser-1x,3374,12.243,4.46,4.40,0.0045,464,226
T-BulletDispenser-1x,3375,12.248,5.09,5.09,0.0051,464,226
T-BulletDispenser-1x,3376,12.253,4.87,4.90,0.0049,464,226
T-BulletDispenser-1x,3377,12.258,4.61,4.60,0.0046,1008,226
T-BulletDispenser-1x,3378,12.262,4.39,4.39,0.0044,464,226
T-BulletDispenser-1x,3379,12.267,4.40,4.40,0.0044,464,226
T-BulletDispenser-1x,3380,12.271,4.29,4.30,0.0043,464,226
T-BulletDispenser-1x,3381,12.275,4.09,4.10,0.0041,464,226
T-BulletDispenser-1x,3382,12.279,4.55,4.50,0.0045,464,226
T-BulletDispenser-1x,3383,12.284,4.47,4.49,0.0045,464,226
T-BulletDispenser-1x,3384,12.288,4.30,4.29,0.0043,464,226
T-BulletDispenser-1x,3385,12.292,4.19,4.21,0.0042,464,226
T-BulletDispenser-1x,3386,12.296,4.02,4.00,0.0040,464,226
T-BulletDispenser-1x,3387,12.301,4.51,4.50,0.0045,464,226
T-BulletDispenser-1x,3388,12.305,4.41,4.40,0.0044,464,226
T-BulletDispenser-1x,3389,12.310,4.39,4.39,0.0044,464,226
T-BulletDispenser-1x,3390,12.314,4.53,4.49,0.0045,464,226
T-BulletDispenser-1x,3391,12.319,4.76,4.79,0.0048,516,226
T-BulletDispenser-1x,3392,12.323,4.32,4.32,0.0043,464,226
T-BulletDispenser-1x,3393,12.327,4.10,4.09,0.0041,464,226
T-BulletDispenser-1x,3394,12.331,3.97,3.98,0.0040,464,226
T-BulletDispenser-1x,3395,12.335,3.82,3.82,0.0038,464,226
T-BulletDispenser-1x,3396,12.340,4.49,4.50,0.0045,464,226
T-BulletDispenser-1x,3397,12.344,4.52,4.50,0.0045,464,226
T-BulletDispenser-1x,3398,12.349,4.58,4.59,0.0046,464,226
T-BulletDispenser-1x,3399,12.353,4.29,4.29,0.0043,464,226
T-BulletDispenser-1x,3400,12.357,4.14,4.10,0.0041,464,226
T-BulletDispenser-1x,3401,12.362,4.43,4.49,0.0044,464,226
T-BulletDispenser-1x,3402,12.366,4.24,4.22,0.0042,464,226
T-BulletDispenser-1x,3403,12.370,4.20,4.18,0.0042,464,226
T-BulletDispenser-1x,3404,12.374,4.31,4.31,0.0043,464,226
T-BulletDispenser-1x,3405,12.379,4.18,4.20,0.0042,464,226
T-BulletDispenser-1x,3406,12.383,4.30,4.29,0.0043,464,226
T-BulletDispenser-1x,3407,12.387,4.09,4.10,0.0041,464,226
T-BulletDispenser-1x,3408,12.391,3.99,3.98,0.0040,464,226
T-BulletDispenser-1x,3409,12.395,4.12,4.12,0.0041,464,226
T-BulletDispenser-1x,3410,12.400,4.53,4.51,0.0045,464,226
T-BulletDispenser-1x,3411,12.404,4.36,4.40,0.0044,464,226
T-BulletDispenser-1x,3412,12.408,4.11,4.09,0.0041,464,226
T-BulletDispenser-1x,3413,12.412,4.28,4.29,0.0043,464,226
T-BulletDispenser-1x,3414,12.417,4.63,4.62,0.0046,464,226
T-BulletDispenser-1x,3415,12.422,4.90,4.80,0.0049,464,226
T-BulletDispenser-1x,3416,12.427,4.81,4.90,0.0048,464,226
T-BulletDispenser-1x,3417,12.431,4.07,4.10,0.0041,464,226
T-BulletDispenser-1x,3418,12.435,3.87,3.88,0.0039,464,226
T-BulletDispenser-1x,3419,12.439,4.45,4.42,0.0045,464,226
T-BulletDispenser-1x,3420,12.444,4.40,4.39,0.0044,464,226
T-BulletDispenser-1x,3421,12.447,3.83,3.87,0.0038,464,226
T-BulletDispenser-1x,3422,12.451,3.62,3.62,0.0036,464,226
T-BulletDispenser-1x,3423,12.455,3.96,3.91,0.0040,464,226
T-BulletDispenser-1x,3424,12.459,4.32,4.30,0.0043,464,226
T-BulletDispenser-1x,3425,12.463,4.07,4.09,0.0041,464,226
T-BulletDispenser-1x,3426,12.467,3.74,3.78,0.0037,464,226
T-BulletDispenser-1x,3427,12.471,3.77,3.72,0.0038,464,226
T-BulletDispenser-1x,3428,12.475,3.78,3.79,0.0038,464,226
T-BulletDispenser-1x,3429,12.479,4.21,4.20,0.0042,464,226
T-BulletDispenser-1x,3430,12.483,3.85,3.88,0.0039,464,226
T-BulletDispenser-1x,3431,12.487,4.13,4.09,0.0041,464,226
T-BulletDispenser-1x,3432,12.491,3.99,4.01,0.0040,464,226
T-BulletDispenser-1x,3433,12.495,4.11,4.10,0.0041,464,226
T-BulletDispenser-1x,3434,12.499,3.99,3.99,0.0040,464,226
T-BulletDispenser-1x,3435,12.503,3.99,4.00,0.0040,464,226
T-BulletDispenser-1x,3436,12.507,3.70,3.70,0.0037,464,226
T-BulletDispenser-1x,3437,12.511,3.99,3.99,0.0040,464,226
T-BulletDispenser-1x,3438,12.515,4.01,4.00,0.0040,464,226
T-BulletDispenser-1x,3439,12.518,3.81,3.80,0.0038,516,226
T-BulletDispenser-1x,3440,12.522,3.78,3.80,0.0038,464,226
T-BulletDispenser-1x,3441,12.526,3.71,3.71,0.0037,464,226
T-BulletDispenser-1x,3442,12.530,4.12,4.09,0.0041,464,226
T-BulletDispenser-1x,3443,12.534,3.89,3.91,0.0039,464,226
T-BulletDispenser-1x,3444,12.538,3.87,3.87,0.0039,464,226
T-BulletDispenser-1x,3445,12.542,4.14,4.12,0.0041,464,226
T-BulletDispenser-1x,3446,12.546,3.80,3.79,0.0038,464,226
T-BulletDispenser-1x,3447,12.550,4.12,4.10,0.0041,464,226
T-BulletDispenser-1x,3448,12.554,3.89,3.90,0.0039,464,226
T-BulletDispenser-1x,3449,12.558,4.32,4.30,0.0043,464,226
T-BulletDispenser-1x,3450,12.562,3.97,3.98,0.0040,464,226
T-BulletDispenser-1x,3451,12.566,3.68,3.70,0.0037,464,226
T-BulletDispenser-1x,3452,12.570,3.81,3.80,0.0038,464,226
T-BulletDispenser-1x,3453,12.574,4.09,4.10,0.0041,464,226
T-BulletDispenser-1x,3454,12.578,4.26,4.22,0.0043,464,226
T-BulletDispenser-1x,3455,12.581,3.51,3.49,0.0035,464,226
T-BulletDispenser-1x,3456,12.585,4.06,4.08,0.0041,464,226
T-BulletDispenser-1x,3457,12.589,3.78,3.80,0.0038,464,226
T-BulletDispenser-1x,3458,12.593,3.60,3.60,0.0036,464,226
T-BulletDispenser-1x,3459,12.597,3.78,3.78,0.0038,464,226
T-BulletDispenser-1x,3460,12.600,3.61,3.62,0.0036,464,226
T-BulletDispenser-1x,3461,12.604,3.53,3.50,0.0035,464,226
T-BulletDispenser-1x,3462,12.607,3.57,3.57,0.0036,464,226
T-BulletDispenser-1x,3463,12.611,3.89,3.89,0.0039,464,226
T-BulletDispenser-1x,3464,12.615,3.94,3.93,0.0039,464,226
T-BulletDispenser-1x,3465,12.619,3.71,3.68,0.0037,464,226
T-BulletDispenser-1x,3466,12.622,3.44,3.49,0.0034,464,226
T-BulletDispenser-1x,3467,12.626,3.72,3.70,0.0037,464,226
T-BulletDispenser-1x,3468,12.630,3.93,3.89,0.0039,464,226
T-BulletDispenser-1x,3469,12.634,3.75,3.80,0.0038,464,226
T-BulletDispenser-1x,3470,12.637,3.81,3.79,0.0038,464,226
T-BulletDispenser-1x,3471,12.641,3.49,3.50,0.0035,464,226
T-BulletDispenser-1x,3472,12.644,3.35,3.31,0.0034,464,226
T-BulletDispenser-1x,3473,12.648,3.90,3.89,0.0039,464,226
T-BulletDispenser-1x,3474,12.653,4.39,4.40,0.0044,464,226
T-BulletDispenser-1x,3475,12.657,4.12,4.10,0.0041,464,226
T-BulletDispenser-1x,3476,12.661,4.27,4.29,0.0043,464,226
T-BulletDispenser-1x,3477,12.665,3.77,3.73,0.0038,464,226
T-BulletDispenser-1x,3478,12.668,3.60,3.67,0.0036,464,226
T-BulletDispenser-1x,3479,12.672,3.39,3.40,0.0034,464,226
T-BulletDispenser-1x,3480,12.676,3.72,3.70,0.0037,464,226
T-BulletDispenser-1x,3481,12.679,3.69,3.71,0.0037,464,226
T-BulletDispenser-1x,3482,12.683,3.33,3.29,0.0033,464,226
T-BulletDispenser-1x,3483,12.687,4.34,4.34,0.0043,464,226
T-BulletDispenser-1x,3484,12.691,3.84,3.86,0.0038,464,226
T-BulletDispenser-1x,3485,12.694,3.80,3.79,0.0038,464,226
T-BulletDispenser-1x,3486,12.698,3.92,3.92,0.0039,464,226
T-BulletDispenser-1x,3487,12.702,3.80,3.79,0.0038,464,226
T-BulletDispenser-1x,3488,12.705,3.27,3.30,0.0033,464,226
T-BulletDispenser-1x,3489,12.709,3.50,3.48,0.0035,464,226
T-BulletDispenser-1x,3490,12.713,3.84,3.82,0.0038,464,226
T-BulletDispenser-1x,3491,12.717,3.98,3.99,0.0040,464,226
T-BulletDispenser-1x,3492,12.721,4.12,4.10,0.0041,516,226
T-BulletDispenser-1x,3493,12.725,4.09,4.11,0.0041,464,226
T-BulletDispenser-1x,3494,12.729,3.58,3.59,0.0036,464,226
T-BulletDispenser-1x,3495,12.733,3.92,3.90,0.0039,464,226
T-BulletDispenser-1x,3496,12.737,4.35,4.34,0.0044,464,226
T-BulletDispenser-1x,3497,12.741,3.95,3.96,0.0040,464,226
T-BulletDispenser-1x,3498,12.745,3.71,3.70,0.0037,464,226
T-BulletDispenser-1x,3499,12.748,3.60,3.59,0.0036,464,226
T-BulletDispenser-1x,3500,12.752,3.98,3.92,0.0040,464,226
T-BulletDispenser-1x,3501,12.756,3.64,3.67,0.0036,464,226
T-BulletDispenser-1x,3502,12.760,3.97,4.00,0.0040,464,226
T-BulletDispenser-1x,3503,12.763,3.37,3.39,0.0034,464,226
T-BulletDispenser-1x,3504,12.766,3.12,3.09,0.0031,464,226
T-BulletDispenser-1x,3505,12.770,4.04,4.01,0.0040,464,226
T-BulletDispenser-1x,3506,12.774,3.99,4.00,0.0040,464,226
T-BulletDispenser-1x,3507,12.778,3.94,3.89,0.0039,464,226
T-BulletDispenser-1x,3508,12.782,3.67,3.70,0.0037,464,226
T-BulletDispenser-1x,3509,12.785,3.58,3.60,0.0036,464,226
T-BulletDispenser-1x,3510,12.789,3.36,3.39,0.0034,464,226
T-BulletDispenser-1x,3511,12.793,3.73,3.71,0.0037,464,226
T-BulletDispenser-1x,3512,12.797,4.03,4.01,0.0040,464,226
T-BulletDispenser-1x,3513,12.800,3.46,3.50,0.0035,464,226
T-BulletDispenser-1x,3514,12.803,3.34,3.30,0.0033,464,226
T-BulletDispenser-1x,3515,12.807,3.68,3.68,0.0037,464,226
T-BulletDispenser-1x,3516,12.811,3.67,3.69,0.0037,464,226
T-BulletDispenser-1x,3517,12.814,3.61,3.60,0.0036,1520,226
T-BulletDispenser-1x,3518,12.817,3.07,3.11,0.0031,464,226
T-BulletDispenser-1x,3519,12.821,3.25,3.20,0.0032,464,226
T-BulletDispenser-1x,3520,12.825,3.90,3.90,0.0039,464,226
T-BulletDispenser-1x,3521,12.828,3.71,3.71,0.0037,464,226
T-BulletDispenser-1x,3522,12.832,3.68,3.68,0.0037,464,226
T-BulletDispenser-1x,3523,12.835,2.95,2.99,0.0029,464,226
T-BulletDispenser-1x,3524,12.838,3.49,3.42,0.0035,464,226
T-BulletDispenser-1x,3525,12.842,3.66,3.69,0.0037,464,226
T-BulletDispenser-1x,3526,12.846,3.73,3.70,0.0037,464,226
T-BulletDispenser-1x,3527,12.850,3.86,3.88,0.0039,464,226
T-BulletDispenser-1x,3528,12.853,3.56,3.53,0.0036,464,226
T-BulletDispenser-1x,3529,12.857,3.59,3.58,0.0036,464,226
T-BulletDispenser-1x,3530,12.861,3.80,3.79,0.0038,464,226
T-BulletDispenser-1x,3531,12.864,3.58,3.58,0.0036,464,226
T-BulletDispenser-1x,3532,12.867,3.27,3.32,0.0033,464,226
T-BulletDispenser-1x,3533,12.871,3.43,3.39,0.0034,464,226
T-BulletDispenser-1x,3534,12.874,3.06,3.09,0.0031,464,226
T-BulletDispenser-1x,3535,12.877,3.12,3.11,0.0031,464,226
T-BulletDispenser-1x,3536,12.880,3.29,3.31,0.0033,464,226
T-BulletDispenser-1x,3537,12.884,3.40,3.40,0.0034,464,226
T-BulletDispenser-1x,3538,12.887,3.54,3.50,0.0035,464,226
T-BulletDispenser-1x,3539,12.890,3.28,3.28,0.0033,464,226
T-BulletDispenser-1x,3540,12.893,2.91,2.92,0.0029,464,226
T-BulletDispenser-1x,3541,12.897,3.55,3.51,0.0035,464,226
T-BulletDispenser-1x,3542,12.901,3.56,3.59,0.0036,464,226
T-BulletDispenser-1x,3543,12.904,3.37,3.39,0.0034,464,226
T-BulletDispenser-1x,3544,12.907,3.11,3.09,0.0031,464,226
T-BulletDispenser-1x,3545,12.911,3.62,3.61,0.0036,464,226
T-BulletDispenser-1x,3546,12.914,3.26,3.30,0.0033,464,226
T-BulletDispenser-1x,3547,12.917,2.99,3.00,0.0030,464,226
T-BulletDispenser-1x,3548,12.920,3.39,3.32,0.0034,516,226
T-BulletDispenser-1x,3549,12.924,3.35,3.38,0.0033,464,226
T-BulletDispenser-1x,3550,12.927,3.20,3.21,0.0032,464,226
T-BulletDispenser-1x,3551,12.930,3.09,3.08,0.0031,464,226
T-BulletDispenser-1x,3552,12.933,2.89,2.89,0.0029,464,226
T-BulletDispenser-1x,3553,12.937,3.99,3.98,0.0040,464,226
T-BulletDispenser-1x,3554,12.940,3.43,3.42,0.0034,464,226
T-BulletDispenser-1x,3555,12.944,3.33,3.31,0.0033,464,226
T-BulletDispenser-1x,3556,12.947,3.17,3.20,0.0032,464,226
T-BulletDispenser-1x,3557,12.950,3.09,3.10,0.0031,464,226
T-BulletDispenser-1x,3558,12.953,3.05,3.02,0.0031,464,226
T-BulletDispenser-1x,3559,12.956,3.42,3.41,0.0034,464,226
T-BulletDispenser-1x,3560,12.959,3.13,3.17,0.0031,464,226
T-BulletDispenser-1x,3561,12.963,3.53,3.51,0.0035,464,226
T-BulletDispenser-1x,3562,12.967,3.61,3.61,0.0036,464,226
T-BulletDispenser-1x,3563,12.970,3.28,3.29,0.0033,464,226
T-BulletDispenser-1x,3564,12.973,3.30,3.29,0.0033,464,226
T-BulletDispenser-1x,3565,12.977,3.73,3.72,0.0037,464,226
T-BulletDispenser-1x,3566,12.980,3.15,3.17,0.0032,464,226
T-BulletDispenser-1x,3567,12.983,3.31,3.32,0.0033,464,226
T-BulletDispenser-1x,3568,12.987,3.34,3.33,0.0033,464,226
T-BulletDispenser-1x,3569,12.990,3.24,3.25,0.0032,464,226
T-BulletDispenser-1x,3570,12.993,2.79,2.81,0.0028,464,226
T-BulletDispenser-1x,3571,12.996,2.85,2.79,0.0028,464,226
T-BulletDispenser-1x,3572,12.999,3.28,3.30,0.0033,464,226
T-BulletDispenser-1x,3573,13.002,3.62,3.60,0.0036,464,226
T-BulletDispenser-1x,3574,13.006,3.62,3.60,0.0036,464,226
T-BulletDispenser-1x,3575,13.009,3.37,3.38,0.0034,464,226
T-BulletDispenser-1x,3576,13.013,3.59,3.60,0.0036,464,226
T-BulletDispenser-1x,3577,13.016,3.49,3.50,0.0035,464,226
T-BulletDispenser-1x,3578,13.020,3.43,3.40,0.0034,464,226
T-BulletDispenser-1x,3579,13.023,3.19,3.19,0.0032,464,226
T-BulletDispenser-1x,3580,13.027,3.72,3.71,0.0037,464,226
T-BulletDispenser-1x,3581,13.030,3.40,3.40,0.0034,464,226
T-BulletDispenser-1x,3582,13.033,3.05,3.08,0.0031,464,226
T-BulletDispenser-1x,3583,13.037,3.41,3.37,0.0034,464,226
T-BulletDispenser-1x,3584,13.040,3.44,3.44,0.0034,464,226
T-BulletDispenser-1x,3585,13.044,3.49,3.49,0.0035,464,226
T-BulletDispenser-1x,3586,13.047,3.09,3.09,0.0031,464,226
T-BulletDispenser-1x,3587,13.050,2.99,3.01,0.0030,464,226
T-BulletDispenser-1x,3588,13.053,2.92,2.90,0.0029,464,226
T-BulletDispenser-1x,3589,13.056,3.30,3.29,0.0033,464,226
T-BulletDispenser-1x,3590,13.060,3.81,3.80,0.0038,464,226
T-BulletDispenser-1x,3591,13.063,3.19,3.20,0.0032,464,226
T-BulletDispenser-1x,3592,13.066,3.49,3.50,0.0035,464,226
T-BulletDispenser-1x,3593,13.069,2.89,2.89,0.0029,464,226
T-BulletDispenser-1x,3594,13.072,3.00,3.01,0.0030,464,226
T-BulletDispenser-1x,3595,13.076,3.22,3.20,0.0032,464,226
T-BulletDispenser-1x,3596,13.079,3.49,3.49,0.0035,464,226
T-BulletDispenser-1x,3597,13.082,3.30,3.31,0.0033,464,226
T-BulletDispenser-1x,3598,13.086,3.32,3.30,0.0033,464,226
T-BulletDispenser-1x,3599,13.089,3.28,3.29,0.0033,464,226
T-BulletDispenser-1x,3600,13.092,3.10,3.12,0.0031,464,226
T-BulletDispenser-1x,3601,13.095,3.43,3.39,0.0034,464,226
T-BulletDispenser-1x,3602,13.099,3.37,3.38,0.0034,464,226
T-BulletDispenser-1x,3603,13.102,3.53,3.51,0.0035,464,226
T-BulletDispenser-1x,3604,13.105,2.73,2.78,0.0027,464,226
T-BulletDispenser-1x,3605,13.108,3.21,3.12,0.0032,464,226
T-BulletDispenser-1x,3606,13.112,3.45,3.49,0.0035,464,226
T-BulletDispenser-1x,3607,13.115,3.21,3.20,0.0032,464,226
T-BulletDispenser-1x,3608,13.118,2.87,2.89,0.0029,464,226
T-BulletDispenser-1x,3609,13.121,3.34,3.31,0.0033,516,226
T-BulletDispenser-1x,3610,13.124,3.26,3.30,0.0033,464,226
T-BulletDispenser-1x,3611,13.127,2.49,2.48,0.0025,464,226
T-BulletDispenser-1x,3612,13.130,3.33,3.31,0.0033,464,226
T-BulletDispenser-1x,3613,13.134,3.29,3.30,0.0033,464,226
T-BulletDispenser-1x,3614,13.137,3.29,3.30,0.0033,464,226
T-BulletDispenser-1x,3615,13.140,3.44,3.41,0.0034,464,226
T-BulletDispenser-1x,3616,13.143,3.19,3.18,0.0032,464,226
T-BulletDispenser-1x,3617,13.147,3.24,3.21,0.0032,464,226
T-BulletDispenser-1x,3618,13.150,3.49,3.49,0.0035,464,226
T-BulletDispenser-1x,3619,13.154,3.69,3.70,0.0037,464,226
T-BulletDispenser-1x,3620,13.157,3.46,3.49,0.0035,464,226
T-BulletDispenser-1x,3621,13.160,3.08,3.08,0.0031,464,226
T-BulletDispenser-1x,3622,13.164,3.11,3.12,0.0031,464,226
T-BulletDispenser-1x,3623,13.167,3.09,3.09,0.0031,464,226
T-BulletDispenser-1x,3624,13.170,3.31,3.30,0.0033,464,226
T-BulletDispenser-1x,3625,13.173,3.21,3.20,0.0032,464,226
T-BulletDispenser-1x,3626,13.177,3.44,3.42,0.0034,464,226
T-BulletDispenser-1x,3627,13.180,3.07,3.08,0.0031,464,226
T-BulletDispenser-1x,3628,13.183,2.98,3.00,0.0030,464,226
T-BulletDispenser-1x,3629,13.185,2.67,2.69,0.0027,464,226
T-BulletDispenser-1x,3630,13.189,3.22,3.20,0.0032,464,226
T-BulletDispenser-1x,3631,13.192,3.32,3.31,0.0033,464,226
T-BulletDispenser-1x,3632,13.195,3.52,3.50,0.0035,464,226
T-BulletDispenser-1x,3633,13.199,3.35,3.39,0.0034,464,226
T-BulletDispenser-1x,3634,13.202,3.00,3.00,0.0030,464,226
T-BulletDispenser-1x,3635,13.205,3.10,3.10,0.0031,464,226
T-BulletDispenser-1x,3636,13.208,3.43,3.41,0.0034,464,226
T-BulletDispenser-1x,3637,13.212,3.46,3.47,0.0035,464,226
T-BulletDispenser-1x,3638,13.215,3.25,3.21,0.0032,464,226
T-BulletDispenser-1x,3639,13.219,3.61,3.61,0.0036,464,226
T-BulletDispenser-1x,3640,13.222,3.25,3.28,0.0033,464,226
T-BulletDispenser-1x,3641,13.225,2.97,3.00,0.0030,464,226
T-BulletDispenser-1x,3642,13.228,3.16,3.12,0.0032,464,226
T-BulletDispenser-1x,3643,13.231,3.49,3.49,0.0035,464,226
T-BulletDispenser-1x,3644,13.235,3.53,3.51,0.0035,464,226
T-BulletDispenser-1x,3645,13.238,3.01,3.06,0.0030,464,226
T-BulletDispenser-1x,3646,13.241,3.38,3.33,0.0034,464,226
T-BulletDispenser-1x,3647,13.244,3.08,3.09,0.0031,464,226
T-BulletDispenser-1x,3648,13.247,2.91,2.92,0.0029,464,226
T-BulletDispenser-1x,3649,13.251,3.52,3.47,0.0035,464,226
T-BulletDispenser-1x,3650,13.254,3.47,3.49,0.0035,464,226
T-BulletDispenser-1x,3651,13.258,3.62,3.61,0.0036,464,226
T-BulletDispenser-1x,3652,13.261,3.28,3.28,0.0033,464,226
T-BulletDispenser-1x,3653,13.264,3.21,3.22,0.0032,464,226
T-BulletDispenser-1x,3654,13.269,4.92,4.89,0.0049,464,226
T-BulletDispenser-1x,3655,13.274,4.50,4.52,0.0045,464,226
T-BulletDispenser-1x,3656,13.278,4.08,4.09,0.0041,464,226
T-BulletDispenser-1x,3657,13.282,4.45,4.40,0.0045,464,226
T-BulletDispenser-1x,3658,13.287,4.54,4.57,0.0045,464,226
T-BulletDispenser-1x,3659,13.291,4.37,4.34,0.0044,464,226
T-BulletDispenser-1x,3660,13.296,4.22,4.27,0.0042,464,226
T-BulletDispenser-1x,3661,13.299,3.92,3.90,0.0039,464,226
T-BulletDispenser-1x,3662,13.304,4.19,4.19,0.0042,464,226
T-BulletDispenser-1x,3663,13.308,4.13,4.11,0.0041,464,226
T-BulletDispenser-1x,3664,13.312,4.60,4.59,0.0046,464,226
T-BulletDispenser-1x,3665,13.317,4.31,4.31,0.0043,464,226
T-BulletDispenser-1x,3666,13.321,4.70,4.69,0.0047,464,226
T-BulletDispenser-1x,3667,13.326,4.46,4.50,0.0045,516,226
T-BulletDispenser-1x,3668,13.330,4.08,4.09,0.0041,464,226
T-BulletDispenser-1x,3669,13.334,4.21,4.19,0.0042,464,226
T-BulletDispenser-1x,3670,13.338,4.18,4.21,0.0042,464,226
T-BulletDispenser-1x,3671,13.342,4.15,4.11,0.0041,464,226
T-BulletDispenser-1x,3672,13.346,4.04,4.08,0.0040,464,226
T-BulletDispenser-1x,3673,13.351,4.07,4.01,0.0041,464,226
T-BulletDispenser-1x,3674,13.355,4.47,4.48,0.0045,464,226
T-BulletDispenser-1x,3675,13.360,4.85,4.81,0.0048,464,226
T-BulletDispenser-1x,3676,13.364,3.96,3.99,0.0040,464,226
T-BulletDispenser-1x,3677,13.368,4.47,4.46,0.0045,464,226
T-BulletDispenser-1x,3678,13.373,4.32,4.33,0.0043,464,226
T-BulletDispenser-1x,3679,13.377,4.35,4.30,0.0043,464,226
T-BulletDispenser-1x,3680,13.381,4.19,4.20,0.0042,464,226
T-BulletDispenser-1x,3681,13.385,4.28,4.30,0.0043,464,226
T-BulletDispenser-1x,3682,13.389,3.84,3.87,0.0038,464,226
T-BulletDispenser-1x,3683,13.394,4.34,4.30,0.0043,464,226
T-BulletDispenser-1x,3684,13.398,4.02,4.01,0.0040,464,226
T-BulletDispenser-1x,3685,13.402,4.37,4.39,0.0044,464,226
T-BulletDispenser-1x,3686,13.407,4.93,4.91,0.0049,464,226
T-BulletDispenser-1x,3687,13.411,4.42,4.40,0.0044,464,226
T-BulletDispenser-1x,3688,13.415,4.07,4.10,0.0041,464,226
T-BulletDispenser-1x,3689,13.419,3.46,3.47,0.0035,464,226
T-BulletDispenser-1x,3690,13.423,4.55,4.52,0.0046,464,226
T-BulletDispenser-1x,3691,13.428,4.39,4.40,0.0044,464,226
T-BulletDispenser-1x,3692,13.432,4.09,4.09,0.0041,464,226
T-BulletDispenser-1x,3693,13.436,4.33,4.32,0.0043,464,226
T-BulletDispenser-1x,3694,13.441,4.24,4.25,0.0042,464,226
T-BulletDispenser-1x,3695,13.445,4.12,4.12,0.0041,464,226
T-BulletDispenser-1x,3696,13.449,4.53,4.50,0.0045,464,226
T-BulletDispenser-1x,3697,13.454,4.57,4.59,0.0046,464,226
T-BulletDispenser-1x,3698,13.458,4.10,4.10,0.0041,464,226
T-BulletDispenser-1x,3699,13.462,4.44,4.41,0.0044,464,226
T-BulletDispenser-1x,3700,13.466,4.05,4.09,0.0041,464,226
T-BulletDispenser-1x,3701,13.470,3.81,3.79,0.0038,464,226
T-BulletDispenser-1x,3702,13.474,3.80,3.80,0.0038,464,226
T-BulletDispenser-1x,3703,13.478,4.22,4.19,0.0042,464,226
T-BulletDispenser-1x,3704,13.483,4.60,4.60,0.0046,464,226
T-BulletDispenser-1x,3705,13.487,4.19,4.21,0.0042,464,226
T-BulletDispenser-1x,3706,13.491,4.21,4.19,0.0042,464,226
T-BulletDispenser-1x,3707,13.496,4.41,4.41,0.0044,464,226
T-BulletDispenser-1x,3708,13.500,4.60,4.58,0.0046,464,226
T-BulletDispenser-1x,3709,13.504,3.96,4.01,0.0040,464,226
T-BulletDispenser-1x,3710,13.508,3.92,3.89,0.0039,464,226
T-BulletDispenser-1x,3711,13.513,4.62,4.60,0.0046,464,226
T-BulletDispenser-1x,3712,13.517,4.16,4.18,0.0042,464,226
T-BulletDispenser-1x,3713,13.521,4.36,4.32,0.0044,464,226
T-BulletDispenser-1x,3714,13.525,3.73,3.77,0.0037,464,226
T-BulletDispenser-1x,3715,13.529,3.84,3.80,0.0038,516,226
T-BulletDispenser-1x,3716,13.533,4.56,4.53,0.0046,464,226
T-BulletDispenser-1x,3717,13.538,4.31,4.37,0.0043,464,226
T-BulletDispenser-1x,3718,13.542,4.13,4.10,0.0041,464,226
T-BulletDispenser-1x,3719,13.546,4.43,4.41,0.0044,464,226
T-BulletDispenser-1x,3720,13.550,4.09,4.09,0.0041,464,226
T-BulletDispenser-1x,3721,13.554,4.08,4.08,0.0041,464,226
T-BulletDispenser-1x,3722,13.558,4.09,4.11,0.0041,464,226
T-BulletDispenser-1x,3723,13.563,4.48,4.42,0.0045,464,226
T-BulletDispenser-1x,3724,13.568,5.05,5.09,0.0051,464,226
T-BulletDispenser-1x,3725,13.573,4.67,4.67,0.0047,464,226
T-BulletDispenser-1x,3726,13.577,4.78,4.80,0.0048,464,226
T-BulletDispenser-1x,3727,13.583,5.28,5.23,0.0053,464,226
T-BulletDispenser-1x,3728,13.588,4.93,4.98,0.0049,464,226
T-BulletDispenser-1x,3729,13.593,5.12,5.10,0.0051,464,226
T-BulletDispenser-1x,3730,13.598,5.33,5.31,0.0053,464,226
T-BulletDispenser-1x,3731,13.603,5.24,5.23,0.0052,464,226
T-BulletDispenser-1x,3732,13.608,5.01,5.05,0.0050,464,226
T-BulletDispenser-1x,3733,13.613,4.75,4.71,0.0048,464,226
T-BulletDispenser-1x,3734,13.618,4.85,4.88,0.0049,464,226
T-BulletDispenser-1x,3735,13.623,4.81,4.81,0.0048,464,226
T-BulletDispenser-1x,3736,13.628,5.04,5.00,0.0050,464,226
T-BulletDispenser-1x,3737,13.633,5.09,5.09,0.0051,464,226
T-BulletDispenser-1x,3738,13.638,5.08,5.11,0.0051,464,226
T-BulletDispenser-1x,3739,13.643,4.68,4.69,0.0047,464,226
T-BulletDispenser-1x,3740,13.648,5.33,5.29,0.0053,464,226
T-BulletDispenser-1x,3741,13.653,4.85,4.88,0.0049,464,226
T-BulletDispenser-1x,3742,13.658,4.95,4.91,0.0049,464,226
T-BulletDispenser-1x,3743,13.663,5.12,5.12,0.0051,464,226
T-BulletDispenser-1x,3744,13.668,5.15,5.08,0.0051,464,226
T-BulletDispenser-1x,3745,13.673,5.13,5.21,0.0051,464,226
T-BulletDispenser-1x,3746,13.678,4.70,4.70,0.0047,464,226
T-BulletDispenser-1x,3747,13.682,4.47,4.48,0.0045,464,226
T-BulletDispenser-1x,3748,13.687,4.68,4.64,0.0047,464,226
T-BulletDispenser-1x,3749,13.692,4.90,4.95,0.0049,464,226
T-BulletDispenser-1x,3750,13.697,4.72,4.69,0.0047,464,226
T-BulletDispenser-1x,3751,13.702,4.91,4.91,0.0049,464,226
T-BulletDispenser-1x,3752,13.706,4.72,4.72,0.0047,464,226
T-BulletDispenser-1x,3753,13.711,4.81,4.79,0.0048,464,226
T-BulletDispenser-1x,3754,13.716,4.58,4.59,0.0046,464,226
T-BulletDispenser-1x,3755,13.720,4.22,4.20,0.0042,464,226
T-BulletDispenser-1x,3756,13.724,4.45,4.49,0.0044,464,226
T-BulletDispenser-1x,3757,13.729,4.43,4.40,0.0044,464,226
T-BulletDispenser-1x,3758,13.733,4.60,4.61,0.0046,516,226
T-BulletDispenser-1x,3759,13.738,4.77,4.79,0.0048,464,226
T-BulletDispenser-1x,3760,13.743,4.60,4.59,0.0046,464,226
T-BulletDispenser-1x,3761,13.748,4.95,4.91,0.0049,464,226
T-BulletDispenser-1x,3762,13.753,5.03,5.01,0.0050,464,226
T-BulletDispenser-1x,3763,13.757,4.75,4.78,0.0047,464,226
T-BulletDispenser-1x,3764,13.762,4.88,4.88,0.0049,464,226
T-BulletDispenser-1x,3765,13.767,4.48,4.49,0.0045,464,226
T-BulletDispenser-1x,3766,13.771,4.45,4.41,0.0044,464,226
T-BulletDispenser-1x,3767,13.776,4.58,4.60,0.0046,464,226
T-BulletDispenser-1x,3768,13.780,4.58,4.59,0.0046,464,226
T-BulletDispenser-1x,3769,13.785,4.96,4.93,0.0050,464,226
T-BulletDispenser-1x,3770,13.790,4.42,4.47,0.0044,464,226
T-BulletDispenser-1x,3771,13.795,4.73,4.70,0.0047,464,226
T-BulletDispenser-1x,3772,13.799,4.74,4.72,0.0047,464,226
T-BulletDispenser-1x,3773,13.804,4.55,4.59,0.0046,464,226
T-BulletDispenser-1x,3774,13.808,4.45,4.40,0.0045,464,226
T-BulletDispenser-1x,3775,13.813,4.36,4.41,0.0044,464,226
T-BulletDispenser-1x,3776,13.817,4.61,4.59,0.0046,464,226
T-BulletDispenser-1x,3777,13.822,4.54,4.51,0.0045,464,226
T-BulletDispenser-1x,3778,13.826,4.22,4.28,0.0042,464,226
T-BulletDispenser-1x,3779,13.831,4.50,4.42,0.0045,464,226
T-BulletDispenser-1x,3780,13.836,5.01,5.07,0.0050,464,226
T-BulletDispenser-1x,3781,13.840,4.44,4.42,0.0044,464,226
T-BulletDispenser-1x,3782,13.844,4.49,4.49,0.0045,464,226
T-BulletDispenser-1x,3783,13.849,4.31,4.30,0.0043,464,226
T-BulletDispenser-1x,3784,13.853,4.64,4.58,0.0046,464,226
T-BulletDispenser-1x,3785,13.858,4.84,4.91,0.0048,464,226
T-BulletDispenser-1x,3786,13.864,5.46,5.41,0.0055,464,226
T-BulletDispenser-1x,3787,13.869,5.58,5.58,0.0056,464,226
T-BulletDispenser-1x,3788,13.875,5.59,5.60,0.0056,464,226
T-BulletDispenser-1x,3789,13.880,5.28,5.28,0.0053,464,226
T-BulletDispenser-1x,3790,13.885,4.88,4.91,0.0049,464,226
T-BulletDispenser-1x,3791,13.890,5.25,5.20,0.0052,464,226
T-BulletDispenser-1x,3792,13.896,5.72,5.71,0.0057,464,226
T-BulletDispenser-1x,3793,13.901,5.44,5.47,0.0054,464,226
T-BulletDispenser-1x,3794,13.907,5.26,5.22,0.0053,2544,226
T-BulletDispenser-1x,3795,13.912,5.48,5.49,0.0055,464,226
T-BulletDispenser-1x,3796,13.918,5.39,5.39,0.0054,464,226
T-BulletDispenser-1x,3797,13.923,4.98,5.00,0.0050,464,226
T-BulletDispenser-1x,3798,13.928,5.13,5.10,0.0051,464,226
T-BulletDispenser-1x,3799,13.933,5.38,5.41,0.0054,464,226
T-BulletDispenser-1x,3800,13.938,5.08,5.09,0.0051,516,226
T-BulletDispenser-1x,3801,13.943,5.23,5.21,0.0052,464,226
T-BulletDispenser-1x,3802,13.949,5.51,5.50,0.0055,464,226
T-BulletDispenser-1x,3803,13.954,5.51,5.50,0.0055,464,226
T-BulletDispenser-1x,3804,13.959,5.05,5.07,0.0050,464,226
T-BulletDispenser-1x,3805,13.965,5.44,5.42,0.0054,464,226
T-BulletDispenser-1x,3806,13.970,4.93,4.90,0.0049,464,226
T-BulletDispenser-1x,3807,13.975,5.04,5.09,0.0050,464,226
T-BulletDispenser-1x,3808,13.980,5.33,5.29,0.0053,464,226
T-BulletDispenser-1x,3809,13.985,5.29,5.30,0.0053,464,226
T-BulletDispenser-1x,3810,13.991,5.17,5.19,0.0052,464,226
T-BulletDispenser-1x,3811,13.996,5.29,5.29,0.0053,464,226
T-BulletDispenser-1x,3812,14.001,5.51,5.22,0.0055,464,226
T-BulletDispenser-1x,3813,14.007,5.22,5.49,0.0052,464,226
T-BulletDispenser-1x,3814,14.012,5.00,5.00,0.0050,464,226
T-BulletDispenser-1x,3815,14.017,5.01,5.00,0.0050,464,226
T-BulletDispenser-1x,3816,14.022,5.11,5.10,0.0051,464,226
T-BulletDispenser-1x,3817,14.027,5.30,5.30,0.0053,464,226
T-BulletDispenser-1x,3818,14.032,4.97,4.98,0.0050,464,226
T-BulletDispenser-1x,3819,14.037,4.96,4.97,0.0050,464,226
T-BulletDispenser-1x,3820,14.042,5.37,5.35,0.0054,464,226
T-BulletDispenser-1x,3821,14.047,4.74,4.78,0.0047,464,226
T-BulletDispenser-1x,3822,14.052,4.80,4.80,0.0048,464,226
T-BulletDispenser-1x,3823,14.057,4.93,4.91,0.0049,464,226
T-BulletDispenser-1x,3824,14.062,5.07,5.09,0.0051,464,226
T-BulletDispenser-1x,3825,14.067,5.12,5.11,0.0051,464,226
T-BulletDispenser-1x,3826,14.072,4.68,4.70,0.0047,464,226
T-BulletDispenser-1x,3827,14.077,5.01,4.99,0.0050,464,226
T-BulletDispenser-1x,3828,14.082,5.10,5.11,0.0051,464,226
T-BulletDispenser-1x,3829,14.087,5.22,5.21,0.0052,464,226
T-BulletDispenser-1x,3830,14.092,4.87,4.86,0.0049,464,226
T-BulletDispenser-1x,3831,14.097,5.33,5.32,0.0053,464,226
T-BulletDispenser-1x,3832,14.103,5.28,5.30,0.0053,464,226
T-BulletDispenser-1x,3833,14.107,4.91,4.90,0.0049,464,226
T-BulletDispenser-1x,3834,14.112,4.91,4.88,0.0049,464,226
T-BulletDispenser-1x,3835,14.117,5.12,5.11,0.0051,464,226
T-BulletDispenser-1x,3836,14.123,5.22,5.21,0.0052,464,226
T-BulletDispenser-1x,3837,14.127,4.80,4.80,0.0048,464,226
T-BulletDispenser-1x,3838,14.132,4.77,4.79,0.0048,464,226
T-BulletDispenser-1x,3839,14.137,4.90,4.89,0.0049,464,226
T-BulletDispenser-1x,3840,14.142,4.78,4.80,0.0048,516,226
T-BulletDispenser-1x,3841,14.147,4.99,4.92,0.0050,464,226
T-BulletDispenser-1x,3842,14.151,4.38,4.46,0.0044,464,226
T-BulletDispenser-1x,3843,14.156,5.13,5.10,0.0051,6044,226
T-BulletDispenser-1x,3844,14.162,5.73,5.70,0.0057,464,226
T-BulletDispenser-1x,3845,14.168,5.44,5.48,0.0054,464,226
T-BulletDispenser-1x,3846,14.173,5.20,5.20,0.0052,464,226
T-BulletDispenser-1x,3847,14.178,5.64,5.61,0.0056,464,226
T-BulletDispenser-1x,3848,14.184,5.48,5.49,0.0055,464,226
T-BulletDispenser-1x,3849,14.189,5.18,5.19,0.0052,464,226
T-BulletDispenser-1x,3850,14.195,5.53,5.51,0.0055,464,226
T-BulletDispenser-1x,3851,14.200,5.71,5.70,0.0057,464,226
T-BulletDispenser-1x,3852,14.206,5.60,5.59,0.0056,464,226
T-BulletDispenser-1x,3853,14.212,5.71,5.71,0.0057,464,226
T-BulletDispenser-1x,3854,14.218,6.21,6.20,0.0062,464,226
T-BulletDispenser-1x,3855,14.224,6.09,6.09,0.0061,464,226
T-BulletDispenser-1x,3856,14.230,5.68,5.70,0.0057,464,226
T-BulletDispenser-1x,3857,14.235,5.42,5.41,0.0054,464,226
T-BulletDispenser-1x,3858,14.241,5.58,5.49,0.0056,464,226
T-BulletDispenser-1x,3859,14.246,5.41,5.51,0.0054,464,226
T-BulletDispenser-1x,3860,14.252,5.59,5.58,0.0056,464,226
T-BulletDispenser-1x,3861,14.257,5.82,5.81,0.0058,464,226
T-BulletDispenser-1x,3862,14.263,5.60,5.61,0.0056,464,226
T-BulletDispenser-1x,3863,14.268,5.21,5.20,0.0052,464,226
T-BulletDispenser-1x,3864,14.273,4.99,4.99,0.0050,464,226
T-BulletDispenser-1x,3865,14.278,5.12,5.11,0.0051,464,226
T-BulletDispenser-1x,3866,14.284,5.49,5.48,0.0055,464,226
T-BulletDispenser-1x,3867,14.289,5.32,5.32,0.0053,464,226
T-BulletDispenser-1x,3868,14.295,5.35,5.36,0.0054,464,226
T-BulletDispenser-1x,3869,14.300,5.33,5.31,0.0053,464,226
T-BulletDispenser-1x,3870,14.305,5.06,5.09,0.0051,464,226
T-BulletDispenser-1x,3871,14.310,4.82,4.83,0.0048,464,226
T-BulletDispenser-1x,3872,14.315,5.43,5.38,0.0054,464,226
T-BulletDispenser-1x,3873,14.320,4.98,4.99,0.0050,464,226
T-BulletDispenser-1x,3874,14.325,4.60,4.60,0.0046,464,226
T-BulletDispenser-1x,3875,14.330,5.01,5.00,0.0050,464,226
T-BulletDispenser-1x,3876,14.335,4.99,5.00,0.0050,464,226
T-BulletDispenser-1x,3877,14.340,5.00,5.00,0.0050,464,226
T-BulletDispenser-1x,3878,14.345,4.86,4.79,0.0049,516,226
T-BulletDispenser-1x,3879,14.350,5.06,5.11,0.0051,464,226
T-BulletDispenser-1x,3880,14.355,4.96,4.98,0.0050,464,226
T-BulletDispenser-1x,3881,14.360,5.04,5.02,0.0050,464,226
T-BulletDispenser-1x,3882,14.364,4.53,4.57,0.0045,464,226
T-BulletDispenser-1x,3883,14.369,4.67,4.62,0.0047,464,226
T-BulletDispenser-1x,3884,14.374,4.91,4.90,0.0049,464,226
T-BulletDispenser-1x,3885,14.379,4.75,4.78,0.0047,464,226
T-BulletDispenser-1x,3886,14.383,4.83,4.82,0.0048,464,226
T-BulletDispenser-1x,3887,14.388,4.78,4.80,0.0048,464,226
T-BulletDispenser-1x,3888,14.393,4.70,4.70,0.0047,464,226
T-BulletDispenser-1x,3889,14.398,4.87,4.80,0.0049,464,226
T-BulletDispenser-1x,3890,14.403,5.03,5.09,0.0050,464,226
T-BulletDispenser-1x,3891,14.408,4.92,4.91,0.0049,464,226
T-BulletDispenser-1x,3892,14.412,4.67,4.69,0.0047,464,226
T-BulletDispenser-1x,3893,14.417,4.63,4.61,0.0046,464,226
T-BulletDispenser-1x,3894,14.422,5.00,4.99,0.0050,464,226
T-BulletDispenser-1x,3895,14.427,4.87,4.89,0.0049,464,226
T-BulletDispenser-1x,3896,14.432,4.82,4.80,0.0048,464,226
T-BulletDispenser-1x,3897,14.437,5.45,5.45,0.0054,464,226
T-BulletDispenser-1x,3898,14.442,4.93,4.94,0.0049,464,226
T-BulletDispenser-1x,3899,14.447,4.79,4.78,0.0048,464,226
T-BulletDispenser-1x,3900,14.452,5.43,5.40,0.0054,464,226
T-BulletDispenser-1x,3901,14.458,5.91,5.92,0.0059,8688,226
T-BulletDispenser-1x,3902,14.464,5.69,5.69,0.0057,464,226
T-BulletDispenser-1x,3903,14.470,6.06,6.00,0.0061,464,226
T-BulletDispenser-1x,3904,14.476,6.15,6.18,0.0062,464,226
T-BulletDispenser-1x,3905,14.481,5.17,5.19,0.0052,464,226
T-BulletDispenser-1x,3906,14.487,5.91,5.91,0.0059,464,226
T-BulletDispenser-1x,3907,14.493,5.57,5.58,0.0056,464,226
T-BulletDispenser-1x,3908,14.498,5.45,5.44,0.0055,464,226
T-BulletDispenser-1x,3909,14.503,5.29,5.27,0.0053,464,226
T-BulletDispenser-1x,3910,14.509,5.50,5.52,0.0055,464,226
T-BulletDispenser-1x,3911,14.514,5.53,5.50,0.0055,464,226
T-BulletDispenser-1x,3912,14.520,5.25,5.28,0.0053,464,226
T-BulletDispenser-1x,3913,14.525,5.24,5.22,0.0052,464,226
T-BulletDispenser-1x,3914,14.530,5.39,5.39,0.0054,464,226
T-BulletDispenser-1x,3915,14.536,5.49,5.49,0.0055,464,226
T-BulletDispenser-1x,3916,14.541,5.28,5.30,0.0053,464,226
T-BulletDispenser-1x,3917,14.547,5.41,5.41,0.0054,4644,226
T-BulletDispenser-1x,3918,14.552,5.58,5.52,0.0056,464,226
T-BulletDispenser-1x,3919,14.558,5.40,5.36,0.0054,464,226
T-BulletDispenser-1x,3920,14.563,5.41,5.49,0.0054,464,226
T-BulletDispenser-1x,3921,14.568,5.42,5.41,0.0054,464,226
T-BulletDispenser-1x,3922,14.574,5.39,5.40,0.0054,464,226
T-BulletDispenser-1x,3923,14.579,4.82,4.82,0.0048,464,226
T-BulletDispenser-1x,3924,14.584,5.43,5.40,0.0054,464,226
T-BulletDispenser-1x,3925,14.589,5.23,5.28,0.0052,464,226
T-BulletDispenser-1x,3926,14.595,5.30,5.28,0.0053,464,226
T-BulletDispenser-1x,3927,14.600,5.10,5.11,0.0051,464,226
T-BulletDispenser-1x,3928,14.605,5.06,5.00,0.0051,464,226
T-BulletDispenser-1x,3929,14.610,5.17,5.18,0.0052,464,226
T-BulletDispenser-1x,3930,14.615,5.10,5.11,0.0051,464,226
T-BulletDispenser-1x,3931,14.620,4.78,4.80,0.0048,464,226
T-BulletDispenser-1x,3932,14.625,5.09,5.10,0.0051,464,226
T-BulletDispenser-1x,3933,14.630,4.92,4.90,0.0049,464,226
T-BulletDispenser-1x,3934,14.634,4.66,4.69,0.0047,464,226
T-BulletDispenser-1x,3935,14.639,5.00,4.99,0.0050,464,226
T-BulletDispenser-1x,3936,14.644,5.04,5.01,0.0050,464,226
T-BulletDispenser-1x,3937,14.649,4.87,4.88,0.0049,464,226
T-BulletDispenser-1x,3938,14.654,4.83,4.81,0.0048,464,226
T-BulletDispenser-1x,3939,14.659,5.00,5.00,0.0050,464,226
T-BulletDispenser-1x,3940,14.664,5.13,5.10,0.0051,464,226
T-BulletDispenser-1x,3941,14.669,5.02,5.00,0.0050,464,226
T-BulletDispenser-1x,3942,14.674,4.94,4.98,0.0049,464,226
T-BulletDispenser-1x,3943,14.679,5.14,5.12,0.0051,464,226
T-BulletDispenser-1x,3944,14.684,4.98,4.99,0.0050,464,226
T-BulletDispenser-1x,3945,14.689,4.87,4.89,0.0049,464,226
T-BulletDispenser-1x,3946,14.694,5.14,5.10,0.0051,464,226
T-BulletDispenser-1x,3947,14.700,5.24,5.21,0.0052,464,226
T-BulletDispenser-1x,3948,14.704,4.85,4.89,0.0049,464,226
T-BulletDispenser-1x,3949,14.710,5.17,5.17,0.0052,464,226
T-BulletDispenser-1x,3950,14.715,5.15,5.12,0.0051,464,226
T-BulletDispenser-1x,3951,14.720,5.09,5.10,0.0051,464,226
T-BulletDispenser-1x,3952,14.725,5.29,5.31,0.0053,464,226
T-BulletDispenser-1x,3953,14.730,5.00,5.00,0.0050,464,226
T-BulletDispenser-1x,3954,14.735,4.45,4.49,0.0045,464,226
T-BulletDispenser-1x,3955,14.739,4.51,4.49,0.0045,464,226
T-BulletDispenser-1x,3956,14.744,5.01,4.99,0.0050,464,226
T-BulletDispenser-1x,3957,14.749,4.85,4.82,0.0049,516,226
T-BulletDispenser-1x,3958,14.754,4.86,4.90,0.0049,464,226
T-BulletDispenser-1x,3959,14.760,5.73,5.70,0.0057,464,226
T-BulletDispenser-1x,3960,14.766,5.99,6.00,0.0060,464,226
T-BulletDispenser-1x,3961,14.771,5.49,5.50,0.0055,464,226
T-BulletDispenser-1x,3962,14.777,5.53,5.51,0.0055,464,226
T-BulletDispenser-1x,3963,14.782,5.77,5.77,0.0058,464,226
T-BulletDispenser-1x,3964,14.788,5.59,5.61,0.0056,464,226
T-BulletDispenser-1x,3965,14.793,5.04,5.07,0.0050,464,226
T-BulletDispenser-1x,3966,14.798,5.14,5.11,0.0051,464,226
T-BulletDispenser-1x,3967,14.804,5.38,5.31,0.0054,464,226
T-BulletDispenser-1x,3968,14.809,5.53,5.58,0.0055,464,226
T-BulletDispenser-1x,3969,14.815,5.94,5.93,0.0059,464,226
T-BulletDispenser-1x,3970,14.821,5.58,5.58,0.0056,464,226
T-BulletDispenser-1x,3971,14.826,5.67,5.70,0.0057,464,226
T-BulletDispenser-1x,3972,14.832,5.59,5.59,0.0056,464,226
T-BulletDispenser-1x,3973,14.837,5.50,5.51,0.0055,464,226
T-BulletDispenser-1x,3974,14.843,5.23,5.20,0.0052,464,226
T-BulletDispenser-1x,3975,14.848,5.91,5.90,0.0059,464,226
T-BulletDispenser-1x,3976,14.854,5.69,5.69,0.0057,464,226
T-BulletDispenser-1x,3977,14.860,5.38,5.41,0.0054,464,226
T-BulletDispenser-1x,3978,14.865,5.30,5.28,0.0053,464,226
T-BulletDispenser-1x,3979,14.870,5.15,5.12,0.0052,464,226
T-BulletDispenser-1x,3980,14.875,5.29,5.28,0.0053,464,226
T-BulletDispenser-1x,3981,14.880,5.19,5.21,0.0052,464,226
T-BulletDispenser-1x,3982,14.886,5.51,5.48,0.0055,464,226
T-BulletDispenser-1x,3983,14.891,5.36,5.41,0.0054,464,226
T-BulletDispenser-1x,3984,14.897,5.23,5.20,0.0052,464,226
T-BulletDispenser-1x,3985,14.902,5.18,5.20,0.0052,464,226
T-BulletDispenser-1x,3986,14.907,4.92,4.88,0.0049,464,226
T-BulletDispenser-1x,3987,14.912,5.23,5.20,0.0052,464,226
T-BulletDispenser-1x,3988,14.917,5.27,5.32,0.0053,464,226
T-BulletDispenser-1x,3989,14.922,4.97,4.99,0.0050,464,226
T-BulletDispenser-1x,3990,14.927,4.80,4.80,0.0048,464,226
T-BulletDispenser-1x,3991,14.933,5.60,5.60,0.0056,464,226
T-BulletDispenser-1x,3992,14.938,5.20,5.21,0.0052,464,226
T-BulletDispenser-1x,3993,14.943,5.13,5.09,0.0051,464,226
T-BulletDispenser-1x,3994,14.948,5.28,5.29,0.0053,464,226
T-BulletDispenser-1x,3995,14.953,5.31,5.30,0.0053,516,226
T-BulletDispenser-1x,3996,14.959,5.32,5.30,0.0053,464,226
T-BulletDispenser-1x,3997,14.964,5.16,5.18,0.0052,464,226
T-BulletDispenser-1x,3998,14.969,5.19,5.20,0.0052,464,226
T-BulletDispenser-1x,3999,14.974,5.13,5.12,0.0051,464,226
T-BulletDispenser-1x,4000,14.979,4.92,4.90,0.0049,464,226
T-BulletDispenser-1x,4001,14.984,5.10,5.10,0.0051,464,226
T-BulletDispenser-1x,4002,14.990,5.41,5.39,0.0054,464,226
T-BulletDispenser-1x,4003,14.995,4.97,4.99,0.0050,464,226
T-BulletDispenser-1x,4004,14.999,4.80,4.80,0.0048,464,226
T-BulletDispenser-1x,4005,15.005,5.32,5.31,0.0053,464,226
T-BulletDispenser-1x,4006,15.010,5.18,5.18,0.0052,464,226
T-BulletDispenser-1x,4007,15.015,4.78,4.79,0.0048,464,226
T-BulletDispenser-1x,4008,15.020,5.04,5.02,0.0050,464,226
T-BulletDispenser-1x,4009,15.025,4.84,4.87,0.0048,464,226
T-BulletDispenser-1x,4010,15.030,4.96,4.92,0.0050,464,226
T-BulletDispenser-1x,4011,15.034,4.65,4.69,0.0047,464,226
T-BulletDispenser-1x,4012,15.039,4.81,4.79,0.0048,464,226
T-BulletDispenser-1x,4013,15.044,4.90,4.90,0.0049,464,226
T-BulletDispenser-1x,4014,15.049,4.82,4.81,0.0048,464,226
T-BulletDispenser-1x,4015,15.054,5.62,5.61,0.0056,464,226
T-BulletDispenser-1x,4016,15.061,6.29,6.29,0.0063,464,226
T-BulletDispenser-1x,4017,15.066,5.48,5.49,0.0055,464,226
T-BulletDispenser-1x,4018,15.072,5.64,5.61,0.0056,464,226
T-BulletDispenser-1x,4019,15.077,5.67,5.69,0.0057,464,226
T-BulletDispenser-1x,4020,15.083,5.53,5.50,0.0055,464,226
T-BulletDispenser-1x,4021,15.088,5.24,5.27,0.0052,464,226
T-BulletDispenser-1x,4022,15.094,5.75,5.72,0.0058,464,226
T-BulletDispenser-1x,4023,15.099,5.37,5.38,0.0054,464,226
T-BulletDispenser-1x,4024,15.105,5.19,5.19,0.0052,464,226
T-BulletDispenser-1x,4025,15.110,5.94,5.91,0.0059,464,226
T-BulletDispenser-1x,4026,15.116,5.45,5.44,0.0055,464,226
T-BulletDispenser-1x,4027,15.121,5.23,5.26,0.0052,464,226
T-BulletDispenser-1x,4028,15.126,5.20,5.21,0.0052,464,226
T-BulletDispenser-1x,4029,15.132,5.71,5.70,0.0057,464,226
T-BulletDispenser-1x,4030,15.138,5.73,5.71,0.0057,464,226
T-BulletDispenser-1x,4031,15.143,5.15,5.19,0.0051,464,226
T-BulletDispenser-1x,4032,15.148,5.32,5.30,0.0053,464,226
T-BulletDispenser-1x,4033,15.153,5.27,5.29,0.0053,516,226
T-BulletDispenser-1x,4034,15.159,5.30,5.31,0.0053,464,226
T-BulletDispenser-1x,4035,15.164,5.02,5.01,0.0050,464,226
T-BulletDispenser-1x,4036,15.169,5.41,5.38,0.0054,464,226
T-BulletDispenser-1x,4037,15.174,5.18,5.19,0.0052,464,226
T-BulletDispenser-1x,4038,15.180,5.34,5.32,0.0053,464,226
T-BulletDispenser-1x,4039,15.185,5.28,5.29,0.0053,464,226
T-BulletDispenser-1x,4040,15.190,4.79,4.79,0.0048,464,226
T-BulletDispenser-1x,4041,15.195,5.50,5.50,0.0055,464,226
T-BulletDispenser-1x,4042,15.201,5.54,5.52,0.0055,464,226
T-BulletDispenser-1x,4043,15.206,5.18,5.18,0.0052,464,226
T-BulletDispenser-1x,4044,15.211,5.38,5.39,0.0054,464,226
T-BulletDispenser-1x,4045,15.217,5.20,5.20,0.0052,464,226
T-BulletDispenser-1x,4046,15.222,5.01,5.00,0.0050,464,226
T-BulletDispenser-1x,4047,15.226,4.66,4.69,0.0047,464,226
T-BulletDispenser-1x,4048,15.231,5.05,5.02,0.0051,464,226
T-BulletDispenser-1x,4049,15.237,5.81,5.83,0.0058,464,226
T-BulletDispenser-1x,4050,15.242,4.91,4.86,0.0049,464,226
T-BulletDispenser-1x,4051,15.247,4.84,4.86,0.0048,464,226
T-BulletDispenser-1x,4052,15.252,4.92,4.93,0.0049,464,226
T-BulletDispenser-1x,4053,15.257,5.00,4.99,0.0050,464,226
T-BulletDispenser-1x,4054,15.262,4.91,4.90,0.0049,464,226
T-BulletDispenser-1x,4055,15.267,5.29,5.30,0.0053,464,226
T-BulletDispenser-1x,4056,15.272,5.09,5.10,0.0051,464,226
T-BulletDispenser-1x,4057,15.277,5.04,5.02,0.0050,464,226
T-BulletDispenser-1x,4058,15.282,4.95,4.97,0.0050,464,226
T-BulletDispenser-1x,4059,15.287,5.11,5.11,0.0051,464,226
T-BulletDispenser-1x,4060,15.293,5.35,5.31,0.0053,464,226
T-BulletDispenser-1x,4061,15.297,4.76,4.77,0.0048,464,226
T-BulletDispenser-1x,4062,15.303,5.21,5.20,0.0052,464,226
T-BulletDispenser-1x,4063,15.308,5.60,5.61,0.0056,464,226
T-BulletDispenser-1x,4064,15.313,5.20,5.19,0.0052,464,226
T-BulletDispenser-1x,4065,15.318,4.91,4.91,0.0049,464,226
T-BulletDispenser-1x,4066,15.323,4.94,4.92,0.0049,464,226
T-BulletDispenser-1x,4067,15.328,5.07,5.09,0.0051,464,226
T-BulletDispenser-1x,4068,15.333,5.07,5.07,0.0051,464,226
T-BulletDispenser-1x,4069,15.338,4.69,4.71,0.0047,464,226
T-BulletDispenser-1x,4070,15.343,4.62,4.59,0.0046,464,226
T-BulletDispenser-1x,4071,15.347,4.69,4.70,0.0047,464,226
T-BulletDispenser-1x,4072,15.354,6.21,6.20,0.0062,464,226
T-BulletDispenser-1x,4073,15.359,5.82,5.80,0.0058,516,226
T-BulletDispenser-1x,4074,15.365,5.78,5.79,0.0058,464,226
T-BulletDispenser-1x,4075,15.371,5.72,5.71,0.0057,464,226
T-BulletDispenser-1x,4076,15.376,5.43,5.41,0.0054,464,226
T-BulletDispenser-1x,4077,15.382,5.86,5.89,0.0059,464,226
T-BulletDispenser-1x,4078,15.388,5.57,5.58,0.0056,464,226
T-BulletDispenser-1x,4079,15.393,5.62,5.61,0.0056,464,226
T-BulletDispenser-1x,4080,15.399,5.18,5.18,0.0052,464,226
T-BulletDispenser-1x,4081,15.404,5.62,5.61,0.0056,464,226
T-BulletDispenser-1x,4082,15.410,5.51,5.50,0.0055,464,226
T-BulletDispenser-1x,4083,15.415,5.58,5.60,0.0056,464,226
T-BulletDispenser-1x,4084,15.420,4.87,4.88,0.0049,464,226
T-BulletDispenser-1x,4085,15.426,5.72,5.71,0.0057,464,226
T-BulletDispenser-1x,4086,15.432,5.78,5.72,0.0058,464,226
T-BulletDispenser-1x,4087,15.437,5.49,5.57,0.0055,464,226
T-BulletDispenser-1x,4088,15.442,5.33,5.33,0.0053,464,226
T-BulletDispenser-1x,4089,15.448,5.49,5.47,0.0055,464,226
T-BulletDispenser-1x,4090,15.453,5.50,5.51,0.0055,464,226
T-BulletDispenser-1x,4091,15.459,5.11,5.10,0.0051,464,226
T-BulletDispenser-1x,4092,15.464,5.42,5.41,0.0054,464,226
T-BulletDispenser-1x,4093,15.470,5.79,5.79,0.0058,1686,226
T-BulletDispenser-1x,4094,15.475,5.29,5.31,0.0053,464,226
T-BulletDispenser-1x,4095,15.480,5.32,5.30,0.0053,464,226
T-BulletDispenser-1x,4096,15.486,5.63,5.60,0.0056,464,226
T-BulletDispenser-1x,4097,15.491,5.44,5.48,0.0054,464,226
T-BulletDispenser-1x,4098,15.496,4.91,4.90,0.0049,464,226
T-BulletDispenser-1x,4099,15.502,5.23,5.20,0.0052,464,226
T-BulletDispenser-1x,4100,15.507,5.19,5.20,0.0052,464,226
T-BulletDispenser-1x,4101,15.512,5.36,5.38,0.0054,464,226
T-BulletDispenser-1x,4102,15.517,4.82,4.81,0.0048,464,226
T-BulletDispenser-1x,4103,15.522,5.03,5.00,0.0050,464,226
T-BulletDispenser-1x,4104,15.527,5.40,5.40,0.0054,464,226
T-BulletDispenser-1x,4105,15.532,4.99,4.99,0.0050,464,226
T-BulletDispenser-1x,4106,15.537,4.96,4.98,0.0050,464,226
T-BulletDispenser-1x,4107,15.543,5.23,5.21,0.0052,464,226
T-BulletDispenser-1x,4108,15.548,5.32,5.31,0.0053,464,226
T-BulletDispenser-1x,4109,15.553,5.12,5.10,0.0051,464,226
T-BulletDispenser-1x,4110,15.558,4.75,4.71,0.0048,464,226
T-BulletDispenser-1x,4111,15.563,5.20,5.28,0.0052,516,226
T-BulletDispenser-1x,4112,15.568,5.02,5.00,0.0050,464,226
T-BulletDispenser-1x,4113,15.573,4.88,4.88,0.0049,464,226
T-BulletDispenser-1x,4114,15.578,5.14,5.13,0.0051,464,226
T-BulletDispenser-1x,4115,15.583,4.82,4.80,0.0048,464,226
T-BulletDispenser-1x,4116,15.588,4.95,4.97,0.0049,464,226
T-BulletDispenser-1x,4117,15.593,4.79,4.80,0.0048,464,226
T-BulletDispenser-1x,4118,15.597,4.50,4.50,0.0045,464,226
T-BulletDispenser-1x,4119,15.602,4.80,4.80,0.0048,464,226
T-BulletDispenser-1x,4120,15.607,4.95,4.90,0.0049,464,226
T-BulletDispenser-1x,4121,15.612,4.96,5.00,0.0050,464,226
T-BulletDispenser-1x,4122,15.617,5.00,5.01,0.0050,464,226
T-BulletDispenser-1x,4123,15.621,4.72,4.70,0.0047,464,226
T-BulletDispenser-1x,4124,15.627,5.10,5.09,0.0051,464,226
T-BulletDispenser-1x,4125,15.632,5.09,5.10,0.0051,464,226
T-BulletDispenser-1x,4126,15.637,5.46,5.47,0.0055,464,226
T-BulletDispenser-1x,4127,15.642,4.85,4.85,0.0049,464,226
T-BulletDispenser-1x,4128,15.647,4.91,4.87,0.0049,464,226
T-BulletDispenser-1x,4129,15.653,5.86,5.90,0.0059,464,226
T-BulletDispenser-1x,4130,15.658,5.63,5.60,0.0056,464,226
T-BulletDispenser-1x,4131,15.664,5.39,5.39,0.0054,464,226
T-BulletDispenser-1x,4132,15.670,5.94,5.91,0.0059,464,226
T-BulletDispenser-1x,4133,15.676,5.86,5.90,0.0059,464,226
T-BulletDispenser-1x,4134,15.681,5.23,5.21,0.0052,464,226
T-BulletDispenser-1x,4135,15.687,6.41,6.43,0.0064,464,226
T-BulletDispenser-1x,4136,15.693,5.46,5.45,0.0055,464,226
T-BulletDispenser-1x,4137,15.698,5.32,5.29,0.0053,464,226
T-BulletDispenser-1x,4138,15.703,5.28,5.29,0.0053,464,226
T-BulletDispenser-1x,4139,15.709,5.39,5.40,0.0054,464,226
T-BulletDispenser-1x,4140,15.714,5.50,5.50,0.0055,464,226
T-BulletDispenser-1x,4141,15.720,5.57,5.58,0.0056,464,226
T-BulletDispenser-1x,4142,15.725,5.24,5.22,0.0052,464,226
T-BulletDispenser-1x,4143,15.730,5.17,5.18,0.0052,464,226
T-BulletDispenser-1x,4144,15.735,5.00,5.00,0.0050,464,226
T-BulletDispenser-1x,4145,15.741,5.42,5.40,0.0054,464,226
T-BulletDispenser-1x,4146,15.746,5.29,5.30,0.0053,464,226
T-BulletDispenser-1x,4147,15.751,5.11,5.09,0.0051,464,226
T-BulletDispenser-1x,4148,15.756,5.10,5.11,0.0051,464,226
T-BulletDispenser-1x,4149,15.761,5.13,5.09,0.0051,464,226
T-BulletDispenser-1x,4150,15.767,5.39,5.41,0.0054,516,226
T-BulletDispenser-1x,4151,15.772,5.07,5.08,0.0051,464,226
T-BulletDispenser-1x,4152,15.777,5.21,5.21,0.0052,464,226
T-BulletDispenser-1x,4153,15.782,5.10,5.10,0.0051,464,226
T-BulletDispenser-1x,4154,15.787,5.10,5.10,0.0051,464,226
T-BulletDispenser-1x,4155,15.792,5.01,5.00,0.0050,464,226
T-BulletDispenser-1x,4156,15.797,5.10,5.09,0.0051,464,226
T-BulletDispenser-1x,4157,15.802,5.09,5.08,0.0051,464,226
T-BulletDispenser-1x,4158,15.807,4.92,4.92,0.0049,464,226
T-BulletDispenser-1x,4159,15.812,5.03,5.01,0.0050,464,226
T-BulletDispenser-1x,4160,15.817,4.85,4.88,0.0048,464,226
T-BulletDispenser-1x,4161,15.822,4.90,4.88,0.0049,464,226
T-BulletDispenser-1x,4162,15.826,4.48,4.50,0.0045,464,226
T-BulletDispenser-1x,4163,15.831,4.54,4.50,0.0045,464,226
T-BulletDispenser-1x,4164,15.836,4.85,4.82,0.0048,464,226
T-BulletDispenser-1x,4165,15.841,4.93,4.96,0.0049,464,226
T-BulletDispenser-1x,4166,15.846,5.03,5.01,0.0050,464,226
T-BulletDispenser-1x,4167,15.851,4.81,4.80,0.0048,464,226
T-BulletDispenser-1x,4168,15.856,5.09,5.10,0.0051,464,226
T-BulletDispenser-1x,4169,15.861,5.29,5.29,0.0053,464,226
T-BulletDispenser-1x,4170,15.866,4.91,4.89,0.0049,464,226
T-BulletDispenser-1x,4171,15.871,4.79,4.80,0.0048,464,226
T-BulletDispenser-1x,4172,15.876,4.92,4.93,0.0049,464,226
T-BulletDispenser-1x,4173,15.880,4.88,4.89,0.0049,464,226
T-BulletDispenser-1x,4174,15.886,5.10,5.08,0.0051,464,226
T-BulletDispenser-1x,4175,15.891,5.02,5.01,0.0050,464,226
T-BulletDispenser-1x,4176,15.895,4.90,4.89,0.0049,464,226
T-BulletDispenser-1x,4177,15.901,5.19,5.20,0.0052,464,226
T-BulletDispenser-1x,4178,15.905,4.79,4.80,0.0048,464,226
T-BulletDispenser-1x,4179,15.910,4.74,4.72,0.0047,464,226
T-BulletDispenser-1x,4180,15.916,5.42,5.39,0.0054,464,226
T-BulletDispenser-1x,4181,15.921,5.36,5.39,0.0054,464,226
T-BulletDispenser-1x,4182,15.926,4.57,4.59,0.0046,464,226
T-BulletDispenser-1x,4183,15.930,4.66,4.60,0.0047,464,226
T-BulletDispenser-1x,4184,15.936,5.35,5.38,0.0054,464,226
T-BulletDispenser-1x,4185,15.940,4.78,4.79,0.0048,464,226
T-BulletDispenser-1x,4186,15.946,5.62,5.61,0.0056,464,226
T-BulletDispenser-1x,4187,15.952,5.60,5.59,0.0056,464,226
T-BulletDispenser-1x,4188,15.957,5.84,5.80,0.0058,464,226
T-BulletDispenser-1x,4189,15.963,5.36,5.41,0.0054,464,226
T-BulletDispenser-1x,4190,15.969,5.76,5.71,0.0058,516,226
T-BulletDispenser-1x,4191,15.974,5.92,5.89,0.0059,464,226
T-BulletDispenser-1x,4192,15.980,5.40,5.48,0.0054,464,226
T-BulletDispenser-1x,4193,15.985,5.22,5.21,0.0052,464,226
T-BulletDispenser-1x,4194,15.990,5.41,5.41,0.0054,464,226
T-BulletDispenser-1x,4195,15.996,5.38,5.39,0.0054,464,226
T-BulletDispenser-1x,4196,16.002,6.05,5.70,0.0060,464,226
T-BulletDispenser-1x,4197,16.007,5.56,5.89,0.0056,464,226
T-BulletDispenser-1x,4198,16.013,5.51,5.51,0.0055,464,226
T-BulletDispenser-1x,4199,16.019,5.63,5.60,0.0056,464,226
T-BulletDispenser-1x,4200,16.024,5.78,5.79,0.0058,464,226
T-BulletDispenser-1x,4201,16.030,5.47,5.49,0.0055,464,226
T-BulletDispenser-1x,4202,16.035,5.64,5.61,0.0056,464,226
T-BulletDispenser-1x,4203,16.041,5.12,5.16,0.0051,464,226
T-BulletDispenser-1x,4204,16.046,5.19,5.13,0.0052,464,226
T-BulletDispenser-1x,4205,16.051,5.39,5.38,0.0054,464,226
T-BulletDispenser-1x,4206,16.056,4.92,4.97,0.0049,464,226
T-BulletDispenser-1x,4207,16.061,5.24,5.21,0.0052,464,226
T-BulletDispenser-1x,4208,16.067,5.41,5.41,0.0054,464,226
T-BulletDispenser-1x,4209,16.072,4.97,4.98,0.0050,464,226
T-BulletDispenser-1x,4210,16.077,5.01,5.00,0.0050,464,226
T-BulletDispenser-1x,4211,16.082,4.82,4.80,0.0048,464,226
T-BulletDispenser-1x,4212,16.087,5.57,5.59,0.0056,464,226
T-BulletDispenser-1x,4213,16.092,5.10,5.11,0.0051,464,226
T-BulletDispenser-1x,4214,16.097,4.83,4.80,0.0048,464,226
T-BulletDispenser-1x,4215,16.102,5.09,5.08,0.0051,464,226
T-BulletDispenser-1x,4216,16.107,5.23,5.21,0.0052,464,226
T-BulletDispenser-1x,4217,16.113,5.18,5.20,0.0052,464,226
T-BulletDispenser-1x,4218,16.117,4.67,4.70,0.0047,464,226
T-BulletDispenser-1x,4219,16.122,4.95,4.91,0.0050,464,226
T-BulletDispenser-1x,4220,16.127,5.08,5.08,0.0051,464,226
T-BulletDispenser-1x,4221,16.132,4.92,4.89,0.0049,464,226
T-BulletDispenser-1x,4222,16.137,4.64,4.69,0.0046,464,226
T-BulletDispenser-1x,4223,16.142,4.95,4.91,0.0049,464,226
T-BulletDispenser-1x,4224,16.147,5.42,5.41,0.0054,464,226
T-BulletDispenser-1x,4225,16.152,5.05,5.07,0.0051,464,226
T-BulletDispenser-1x,4226,16.157,4.92,4.92,0.0049,464,226
T-BulletDispenser-1x,4227,16.162,4.48,4.49,0.0045,464,226
T-BulletDispenser-1x,4228,16.167,4.93,4.82,0.0049,464,226
T-BulletDispenser-1x,4229,16.172,5.00,5.10,0.0050,516,226
T-BulletDispenser-1x,4230,16.176,4.78,4.79,0.0048,464,226
T-BulletDispenser-1x,4231,16.181,4.87,4.81,0.0049,464,226
T-BulletDispenser-1x,4232,16.187,5.99,6.04,0.0060,464,226
T-BulletDispenser-1x,4233,16.192,4.84,4.84,0.0048,464,226
T-BulletDispenser-1x,4234,16.197,4.69,4.71,0.0047,464,226
T-BulletDispenser-1x,4235,16.202,4.94,4.90,0.0049,464,226
T-BulletDispenser-1x,4236,16.206,4.77,4.78,0.0048,464,226
T-BulletDispenser-1x,4237,16.211,4.95,4.92,0.0049,464,226
T-BulletDispenser-1x,4238,16.216,4.74,4.77,0.0047,464,226
T-BulletDispenser-1x,4239,16.221,5.14,5.12,0.0051,464,226
T-BulletDispenser-1x,4240,16.226,4.86,4.89,0.0049,464,226
T-BulletDispenser-1x,4241,16.231,4.51,4.50,0.0045,464,226
T-BulletDispenser-1x,4242,16.235,4.43,4.40,0.0044,464,226
T-BulletDispenser-1x,4243,16.240,4.98,5.00,0.0050,464,226
T-BulletDispenser-1x,4244,16.246,5.77,5.78,0.0058,464,226
T-BulletDispenser-1x,4245,16.251,5.34,5.32,0.0053,464,226
T-BulletDispenser-1x,4246,16.257,5.59,5.60,0.0056,464,226
T-BulletDispenser-1x,4247,16.263,6.01,5.99,0.0060,464,226
T-BulletDispenser-1x,4248,16.268,5.36,5.39,0.0054,464,226
T-BulletDispenser-1x,4249,16.274,5.47,5.42,0.0055,464,226
T-BulletDispenser-1x,4250,16.279,5.34,5.39,0.0053,464,226
T-BulletDispenser-1x,4251,16.284,5.31,5.28,0.0053,464,226
T-BulletDispenser-1x,4252,16.289,5.08,5.10,0.0051,464,226
T-BulletDispenser-1x,4253,16.295,5.54,5.50,0.0055,464,226
T-BulletDispenser-1x,4254,16.300,5.48,5.50,0.0055,464,226
T-BulletDispenser-1x,4255,16.306,5.24,5.21,0.0052,464,226
T-BulletDispenser-1x,4256,16.311,4.94,4.97,0.0049,464,226
T-BulletDispenser-1x,4257,16.316,5.56,5.53,0.0056,464,226
T-BulletDispenser-1x,4258,16.321,5.26,5.27,0.0053,464,226
T-BulletDispenser-1x,4259,16.327,5.33,5.32,0.0053,464,226
T-BulletDispenser-1x,4260,16.332,5.40,5.40,0.0054,464,226
T-BulletDispenser-1x,4261,16.337,5.18,5.19,0.0052,464,226
T-BulletDispenser-1x,4262,16.343,5.59,5.61,0.0056,464,226
T-BulletDispenser-1x,4263,16.348,5.51,5.48,0.0055,464,226
T-BulletDispenser-1x,4264,16.353,4.97,4.99,0.0050,464,226
T-BulletDispenser-1x,4265,16.359,5.21,5.22,0.0052,464,226
T-BulletDispenser-1x,4266,16.364,5.39,5.38,0.0054,464,226
T-BulletDispenser-1x,4267,16.369,5.28,5.21,0.0053,464,226
T-BulletDispenser-1x,4268,16.374,4.83,4.88,0.0048,516,226
T-BulletDispenser-1x,4269,16.379,5.13,5.10,0.0051,464,226
T-BulletDispenser-1x,4270,16.384,5.10,5.10,0.0051,464,226
T-BulletDispenser-1x,4271,16.389,5.18,5.21,0.0052,464,226
T-BulletDispenser-1x,4272,16.394,5.01,4.99,0.0050,464,226
T-BulletDispenser-1x,4273,16.400,5.10,5.09,0.0051,464,226
T-BulletDispenser-1x,4274,16.405,5.11,5.11,0.0051,464,226
T-BulletDispenser-1x,4275,16.410,5.00,4.99,0.0050,464,226
T-BulletDispenser-1x,4276,16.415,5.05,5.01,0.0050,464,226
T-BulletDispenser-1x,4277,16.420,5.05,5.09,0.0050,464,226
T-BulletDispenser-1x,4278,16.425,4.90,4.89,0.0049,464,226
T-BulletDispenser-1x,4279,16.429,4.78,4.81,0.0048,464,226
T-BulletDispenser-1x,4280,16.434,5.04,5.01,0.0050,464,226
T-BulletDispenser-1x,4281,16.440,5.06,5.08,0.0051,464,226
T-BulletDispenser-1x,4282,16.445,5.04,5.01,0.0050,464,226
T-BulletDispenser-1x,4283,16.449,4.70,4.68,0.0047,464,226
T-BulletDispenser-1x,4284,16.454,4.79,4.80,0.0048,464,226
T-BulletDispenser-1x,4285,16.459,4.88,4.90,0.0049,464,226
T-BulletDispenser-1x,4286,16.464,5.21,5.20,0.0052,464,226
T-BulletDispenser-1x,4287,16.469,4.91,4.91,0.0049,464,226
T-BulletDispenser-1x,4288,16.474,5.26,5.20,0.0053,464,226
T-BulletDispenser-1x,4289,16.479,5.11,5.18,0.0051,464,226
T-BulletDispenser-1x,4290,16.484,5.02,5.01,0.0050,464,226
T-BulletDispenser-1x,4291,16.489,4.89,4.90,0.0049,464,226
T-BulletDispenser-1x,4292,16.494,4.71,4.69,0.0047,464,226
T-BulletDispenser-1x,4293,16.499,4.89,4.90,0.0049,464,226
T-BulletDispenser-1x,4294,16.504,4.99,5.01,0.0050,464,226
T-BulletDispenser-1x,4295,16.509,4.72,4.69,0.0047,464,226
T-BulletDispenser-1x,4296,16.514,5.00,5.00,0.0050,464,226
T-BulletDispenser-1x,4297,16.519,5.21,5.19,0.0052,464,226
T-BulletDispenser-1x,4298,16.524,4.89,4.91,0.0049,464,226
T-BulletDispenser-1x,4299,16.528,4.67,4.69,0.0047,464,226
T-BulletDispenser-1x,4300,16.534,5.13,5.11,0.0051,464,226
T-BulletDispenser-1x,4301,16.538,4.65,4.68,0.0047,464,226
T-BulletDispenser-1x,4302,16.544,5.92,5.90,0.0059,464,226
T-BulletDispenser-1x,4303,16.550,5.60,5.61,0.0056,464,226
T-BulletDispenser-1x,4304,16.555,5.20,5.19,0.0052,464,226
T-BulletDispenser-1x,4305,16.560,5.42,5.39,0.0054,464,226
T-BulletDispenser-1x,4306,16.566,5.50,5.52,0.0055,464,226
T-BulletDispenser-1x,4307,16.571,5.41,5.39,0.0054,464,226
T-BulletDispenser-1x,4308,16.576,5.07,5.11,0.0051,516,226
T-BulletDispenser-1x,4309,16.582,5.51,5.49,0.0055,464,226
T-BulletDispenser-1x,4310,16.587,5.38,5.38,0.0054,464,226
T-BulletDispenser-1x,4311,16.592,5.21,5.22,0.0052,464,226
T-BulletDispenser-1x,4312,16.598,5.51,5.50,0.0055,464,226
T-BulletDispenser-1x,4313,16.603,5.49,5.48,0.0055,464,226
T-BulletDispenser-1x,4314,16.609,5.38,5.40,0.0054,464,226
T-BulletDispenser-1x,4315,16.614,5.45,5.40,0.0054,464,226
T-BulletDispenser-1x,4316,16.619,5.21,5.22,0.0052,464,226
T-BulletDispenser-1x,4317,16.625,5.34,5.30,0.0053,464,226
T-BulletDispenser-1x,4318,16.630,5.07,5.09,0.0051,464,226
T-BulletDispenser-1x,4319,16.635,4.74,4.77,0.0047,464,226
T-BulletDispenser-1x,4320,16.640,5.32,5.31,0.0053,464,226
T-BulletDispenser-1x,4321,16.646,5.71,5.71,0.0057,464,226
T-BulletDispenser-1x,4322,16.652,5.83,5.80,0.0058,464,226
T-BulletDispenser-1x,4323,16.657,5.49,5.49,0.0055,464,226
T-BulletDispenser-1x,4324,16.662,5.19,5.19,0.0052,464,226
T-BulletDispenser-1x,4325,16.667,5.10,5.09,0.0051,464,226
T-BulletDispenser-1x,4326,16.672,4.86,4.83,0.0049,464,226
T-BulletDispenser-1x,4327,16.677,5.24,5.27,0.0052,464,226
T-BulletDispenser-1x,4328,16.682,5.00,5.00,0.0050,464,226
T-BulletDispenser-1x,4329,16.688,5.19,5.20,0.0052,464,226
T-BulletDispenser-1x,4330,16.692,4.78,4.80,0.0048,464,226
T-BulletDispenser-1x,4331,16.697,4.72,4.69,0.0047,464,226
T-BulletDispenser-1x,4332,16.702,4.78,4.81,0.0048,464,226
T-BulletDispenser-1x,4333,16.707,4.88,4.81,0.0049,464,226
T-BulletDispenser-1x,4334,16.712,5.24,5.28,0.0052,464,226
T-BulletDispenser-1x,4335,16.717,4.99,5.00,0.0050,464,226
T-BulletDispenser-1x,4336,16.722,5.05,5.00,0.0051,464,226
T-BulletDispenser-1x,4337,16.727,5.29,5.29,0.0053,464,226
T-BulletDispenser-1x,4338,16.732,4.90,4.90,0.0049,464,226
T-BulletDispenser-1x,4339,16.737,4.75,4.78,0.0048,464,226
T-BulletDispenser-1x,4340,16.742,5.06,5.02,0.0051,464,226
T-BulletDispenser-1x,4341,16.747,5.17,5.18,0.0052,464,226
T-BulletDispenser-1x,4342,16.752,5.00,5.00,0.0050,464,226
T-BulletDispenser-1x,4343,16.757,4.86,4.89,0.0049,464,226
T-BulletDispenser-1x,4344,16.762,4.51,4.49,0.0045,464,226
T-BulletDispenser-1x,4345,16.767,5.06,5.01,0.0051,464,226
T-BulletDispenser-1x,4346,16.771,4.74,4.78,0.0047,464,226
T-BulletDispenser-1x,4347,16.776,4.73,4.72,0.0047,516,226
T-BulletDispenser-1x,4348,16.781,5.00,4.99,0.0050,464,226
T-BulletDispenser-1x,4349,16.787,6.16,6.18,0.0062,464,226
T-BulletDispenser-1x,4350,16.792,4.81,4.81,0.0048,464,226
T-BulletDispenser-1x,4351,16.797,4.69,4.71,0.0047,464,226
T-BulletDispenser-1x,4352,16.801,4.64,4.60,0.0046,464,226
T-BulletDispenser-1x,4353,16.807,5.17,5.19,0.0052,464,226
T-BulletDispenser-1x,4354,16.812,5.05,5.01,0.0051,464,226
T-BulletDispenser-1x,4355,16.816,4.66,4.68,0.0047,464,226
T-BulletDispenser-1x,4356,16.821,4.68,4.69,0.0047,464,226
T-BulletDispenser-1x,4357,16.826,4.81,4.81,0.0048,464,226
T-BulletDispenser-1x,4358,16.830,4.73,4.71,0.0047,464,226
T-BulletDispenser-1x,4359,16.835,4.65,4.69,0.0047,464,226
T-BulletDispenser-1x,4360,16.841,5.69,5.67,0.0057,464,226
T-BulletDispenser-1x,4361,16.846,5.54,5.53,0.0055,464,226
T-BulletDispenser-1x,4362,16.852,5.58,5.50,0.0056,464,226
T-BulletDispenser-1x,4363,16.858,6.06,6.09,0.0061,464,226
T-BulletDispenser-1x,4364,16.864,5.69,5.70,0.0057,464,226
T-BulletDispenser-1x,4365,16.870,5.91,5.89,0.0059,464,226
T-BulletDispenser-1x,4366,16.875,5.56,5.58,0.0056,464,226
T-BulletDispenser-1x,4367,16.880,5.38,5.39,0.0054,464,226
T-BulletDispenser-1x,4368,16.887,6.71,6.70,0.0067,464,226
T-BulletDispenser-1x,4369,16.893,5.41,5.40,0.0054,464,226
T-BulletDispenser-1x,4370,16.898,5.29,5.30,0.0053,464,226
T-BulletDispenser-1x,4371,16.903,5.49,5.41,0.0055,464,226
T-BulletDispenser-1x,4372,16.909,5.51,5.60,0.0055,464,226
T-BulletDispenser-1x,4373,16.914,5.19,5.19,0.0052,464,226
T-BulletDispenser-1x,4374,16.919,4.69,4.68,0.0047,464,226
T-BulletDispenser-1x,4375,16.924,5.66,5.62,0.0057,464,226
T-BulletDispenser-1x,4376,16.930,5.36,5.39,0.0054,464,226
T-BulletDispenser-1x,4377,16.935,5.10,5.10,0.0051,464,226
T-BulletDispenser-1x,4378,16.940,5.18,5.18,0.0052,464,226
T-BulletDispenser-1x,4379,16.946,5.41,5.40,0.0054,464,226
T-BulletDispenser-1x,4380,16.951,5.30,5.29,0.0053,464,226
T-BulletDispenser-1x,4381,16.956,4.79,4.82,0.0048,464,226
T-BulletDispenser-1x,4382,16.961,5.32,5.29,0.0053,464,226
T-BulletDispenser-1x,4383,16.966,5.12,5.12,0.0051,464,226
T-BulletDispenser-1x,4384,16.971,5.20,5.19,0.0052,464,226
T-BulletDispenser-1x,4385,16.976,4.98,4.98,0.0050,464,226
T-BulletDispenser-1x,4386,16.982,5.31,5.31,0.0053,516,226
T-BulletDispenser-1x,4387,16.987,5.10,5.09,0.0051,464,226
T-BulletDispenser-1x,4388,16.992,5.32,5.32,0.0053,464,226
T-BulletDispenser-1x,4389,16.997,4.96,5.00,0.0050,464,226
T-BulletDispenser-1x,4390,17.002,5.20,5.19,0.0052,464,226
T-BulletDispenser-1x,4391,17.007,4.93,4.92,0.0049,464,226
T-BulletDispenser-1x,4392,17.012,4.77,4.78,0.0048,464,226
T-BulletDispenser-1x,4393,17.017,4.81,4.80,0.0048,464,226
T-BulletDispenser-1x,4394,17.022,5.02,5.01,0.0050,464,226
T-BulletDispenser-1x,4395,17.026,4.75,4.78,0.0047,464,226
T-BulletDispenser-1x,4396,17.031,4.90,4.90,0.0049,464,226
T-BulletDispenser-1x,4397,17.037,5.89,5.87,0.0059,464,226
T-BulletDispenser-1x,4398,17.042,5.01,5.03,0.0050,464,226
T-BulletDispenser-1x,4399,17.047,4.82,4.80,0.0048,464,226
T-BulletDispenser-1x,4400,17.051,4.46,4.49,0.0045,464,226
T-BulletDispenser-1x,4401,17.056,4.51,4.50,0.0045,464,226
T-BulletDispenser-1x,4402,17.061,5.02,5.01,0.0050,464,226
T-BulletDispenser-1x,4403,17.066,5.03,5.00,0.0050,464,226
T-BulletDispenser-1x,4404,17.071,4.77,4.79,0.0048,464,226
T-BulletDispenser-1x,4405,17.076,4.71,4.71,0.0047,464,226
T-BulletDispenser-1x,4406,17.081,5.19,5.19,0.0052,464,226
T-BulletDispenser-1x,4407,17.086,4.94,4.90,0.0049,464,226
T-BulletDispenser-1x,4408,17.091,4.90,4.90,0.0049,464,226
T-BulletDispenser-1x,4409,17.096,5.18,5.19,0.0052,464,226
T-BulletDispenser-1x,4410,17.101,5.02,5.01,0.0050,464,226
T-BulletDispenser-1x,4411,17.106,5.08,5.09,0.0051,464,226
T-BulletDispenser-1x,4412,17.111,4.88,4.88,0.0049,464,226
T-BulletDispenser-1x,4413,17.116,5.17,5.12,0.0052,464,226
T-BulletDispenser-1x,4414,17.121,4.84,4.90,0.0048,464,226
T-BulletDispenser-1x,4415,17.125,4.69,4.69,0.0047,464,226
T-BulletDispenser-1x,4416,17.130,4.69,4.70,0.0047,464,226
T-BulletDispenser-1x,4417,17.135,4.92,4.88,0.0049,464,226
T-BulletDispenser-1x,4418,17.141,5.69,5.70,0.0057,464,226
T-BulletDispenser-1x,4419,17.146,5.61,5.60,0.0056,464,226
T-BulletDispenser-1x,4420,17.152,5.18,5.20,0.0052,464,226
T-BulletDispenser-1x,4421,17.157,5.71,5.70,0.0057,464,226
T-BulletDispenser-1x,4422,17.163,5.61,5.60,0.0056,464,226
T-BulletDispenser-1x,4423,17.168,5.18,5.20,0.0052,464,226
T-BulletDispenser-1x,4424,17.174,5.54,5.51,0.0055,464,226
T-BulletDispenser-1x,4425,17.179,5.40,5.40,0.0054,464,226
T-BulletDispenser-1x,4426,17.184,5.19,5.18,0.0052,516,226
T-BulletDispenser-1x,4427,17.190,5.59,5.60,0.0056,464,226
T-BulletDispenser-1x,4428,17.195,5.20,5.20,0.0052,464,226
T-BulletDispenser-1x,4429,17.200,5.31,5.30,0.0053,464,226
T-BulletDispenser-1x,4430,17.206,5.31,5.30,0.0053,464,226
T-BulletDispenser-1x,4431,17.211,5.58,5.58,0.0056,464,226
T-BulletDispenser-1x,4432,17.217,5.60,5.61,0.0056,464,226
T-BulletDispenser-1x,4433,17.222,5.08,5.10,0.0051,464,226
T-BulletDispenser-1x,4434,17.227,5.28,5.27,0.0053,464,226
T-BulletDispenser-1x,4435,17.232,5.12,5.12,0.0051,464,226
T-BulletDispenser-1x,4436,17.237,4.96,4.98,0.0050,464,226
T-BulletDispenser-1x,4437,17.243,5.45,5.42,0.0055,464,226
T-BulletDispenser-1x,4438,17.248,5.49,5.41,0.0055,464,226
T-BulletDispenser-1x,4439,17.253,5.03,5.09,0.0050,464,226
T-BulletDispenser-1x,4440,17.258,5.01,5.00,0.0050,464,226
T-BulletDispenser-1x,4441,17.263,4.80,4.81,0.0048,464,226
T-BulletDispenser-1x,4442,17.268,4.86,4.86,0.0049,464,226
T-BulletDispenser-1x,4443,17.273,5.25,5.22,0.0053,464,226
T-BulletDispenser-1x,4444,17.278,5.20,5.20,0.0052,464,226
T-BulletDispenser-1x,4445,17.283,4.77,4.77,0.0048,464,226
T-BulletDispenser-1x,4446,17.288,5.19,5.19,0.0052,464,226
T-BulletDispenser-1x,4447,17.293,4.80,4.81,0.0048,464,226
T-BulletDispenser-1x,4448,17.298,4.81,4.80,0.0048,464,226
T-BulletDispenser-1x,4449,17.303,4.92,4.90,0.0049,464,226
T-BulletDispenser-1x,4450,17.308,4.91,4.91,0.0049,464,226
T-BulletDispenser-1x,4451,17.313,5.32,5.30,0.0053,464,226
T-BulletDispenser-1x,4452,17.318,4.97,4.99,0.0050,464,226
T-BulletDispenser-1x,4453,17.323,5.00,4.99,0.0050,464,226
T-BulletDispenser-1x,4454,17.328,4.94,4.91,0.0049,464,226
T-BulletDispenser-1x,4455,17.333,5.00,5.00,0.0050,464,226
T-BulletDispenser-1x,4456,17.338,4.75,4.78,0.0048,464,226
T-BulletDispenser-1x,4457,17.343,5.10,5.10,0.0051,464,226
T-BulletDispenser-1x,4458,17.348,4.82,4.81,0.0048,464,226
T-BulletDispenser-1x,4459,17.352,4.89,4.88,0.0049,464,226
T-BulletDispenser-1x,4460,17.358,5.19,5.19,0.0052,464,226
T-BulletDispenser-1x,4461,17.363,5.23,5.21,0.0052,464,226
T-BulletDispenser-1x,4462,17.368,5.02,5.01,0.0050,464,226
T-BulletDispenser-1x,4463,17.372,4.64,4.68,0.0046,464,226
T-BulletDispenser-1x,4464,17.377,4.85,4.80,0.0048,464,226
T-BulletDispenser-1x,4465,17.382,4.89,4.90,0.0049,464,226
T-BulletDispenser-1x,4466,17.387,5.19,5.20,0.0052,516,226
T-BulletDispenser-1x,4467,17.392,4.68,4.69,0.0047,464,226
T-BulletDispenser-1x,4468,17.397,4.81,4.80,0.0048,464,226
T-BulletDispenser-1x,4469,17.402,4.86,4.84,0.0049,464,226
T-BulletDispenser-1x,4470,17.407,5.15,5.17,0.0052,464,226
T-BulletDispenser-1x,4471,17.412,4.61,4.58,0.0046,464,226
T-BulletDispenser-1x,4472,17.416,4.67,4.70,0.0047,464,226
T-BulletDispenser-1x,4473,17.421,4.92,4.90,0.0049,464,226
T-BulletDispenser-1x,4474,17.426,4.77,4.79,0.0048,464,226
T-BulletDispenser-1x,4475,17.431,4.92,4.91,0.0049,464,226
T-BulletDispenser-1x,4476,17.437,6.42,6.42,0.0064,464,226
T-BulletDispenser-1x,4477,17.443,5.35,5.37,0.0053,464,226
T-BulletDispenser-1x,4478,17.448,5.32,5.29,0.0053,464,226
T-BulletDispenser-1x,4479,17.453,5.32,5.31,0.0053,464,226
T-BulletDispenser-1x,4480,17.459,5.49,5.50,0.0055,464,226
T-BulletDispenser-1x,4481,17.465,5.85,5.80,0.0058,464,226
T-BulletDispenser-1x,4482,17.470,5.52,5.58,0.0055,464,226
T-BulletDispenser-1x,4483,17.475,5.15,5.11,0.0051,464,226
T-BulletDispenser-1x,4484,17.481,5.29,5.30,0.0053,464,226
T-BulletDispenser-1x,4485,17.487,6.72,6.71,0.0067,464,226
T-BulletDispenser-1x,4486,17.493,5.37,5.40,0.0054,464,226
T-BulletDispenser-1x,4487,17.498,5.81,5.79,0.0058,464,226
T-BulletDispenser-1x,4488,17.504,5.50,5.50,0.0055,464,226
T-BulletDispenser-1x,4489,17.509,5.26,5.29,0.0053,464,226
T-BulletDispenser-1x,4490,17.514,5.25,5.19,0.0053,464,226
T-BulletDispenser-1x,4491,17.520,5.93,5.91,0.0059,464,226
T-BulletDispenser-1x,4492,17.526,5.44,5.50,0.0054,464,226
T-BulletDispenser-1x,4493,17.531,5.25,5.20,0.0052,464,226
T-BulletDispenser-1x,4494,17.537,6.18,6.20,0.0062,464,226
T-BulletDispenser-1x,4495,17.542,5.16,5.18,0.0052,464,226
T-BulletDispenser-1x,4496,17.547,5.03,5.01,0.0050,464,226
T-BulletDispenser-1x,4497,17.553,5.10,5.10,0.0051,464,226
T-BulletDispenser-1x,4498,17.558,5.10,5.09,0.0051,464,226
T-BulletDispenser-1x,4499,17.563,5.20,5.20,0.0052,464,226
T-BulletDispenser-1x,4500,17.568,4.76,4.79,0.0048,464,226
T-BulletDispenser-1x,4501,17.573,4.96,4.82,0.0050,464,226
T-BulletDispenser-1x,4502,17.578,5.10,5.19,0.0051,464,226
T-BulletDispenser-1x,4503,17.583,5.40,5.39,0.0054,464,226
T-BulletDispenser-1x,4504,17.588,5.35,5.39,0.0053,516,226
T-BulletDispenser-1x,4505,17.594,5.21,5.20,0.0052,464,226
T-BulletDispenser-1x,4506,17.599,5.00,5.00,0.0050,464,226
T-BulletDispenser-1x,4507,17.604,5.00,4.99,0.0050,464,226
T-BulletDispenser-1x,4508,17.609,5.10,5.11,0.0051,464,226
T-BulletDispenser-1x,4509,17.613,4.78,4.80,0.0048,464,226
T-BulletDispenser-1x,4510,17.618,4.70,4.68,0.0047,464,226
T-BulletDispenser-1x,4511,17.623,4.74,4.72,0.0047,464,226
T-BulletDispenser-1x,4512,17.628,5.09,5.08,0.0051,464,226
T-BulletDispenser-1x,4513,17.633,4.99,4.99,0.0050,464,226
T-BulletDispenser-1x,4514,17.638,4.59,4.61,0.0046,464,226
T-BulletDispenser-1x,4515,17.643,4.92,4.90,0.0049,464,226
T-BulletDispenser-1x,4516,17.648,5.35,5.31,0.0054,464,226
T-BulletDispenser-1x,4517,17.653,4.64,4.69,0.0046,464,226
T-BulletDispenser-1x,4518,17.657,4.82,4.80,0.0048,464,226
T-BulletDispenser-1x,4519,17.662,4.81,4.81,0.0048,464,226
T-BulletDispenser-1x,4520,17.667,5.10,5.10,0.0051,464,226
T-BulletDispenser-1x,4521,17.672,4.68,4.70,0.0047,464,226
T-BulletDispenser-1x,4522,17.677,4.60,4.58,0.0046,464,226
T-BulletDispenser-1x,4523,17.681,4.79,4.72,0.0048,464,226
T-BulletDispenser-1x,4524,17.687,5.85,5.94,0.0059,464,226
T-BulletDispenser-1x,4525,17.692,5.03,5.03,0.0050,464,226
T-BulletDispenser-1x,4526,17.697,4.72,4.70,0.0047,464,226
T-BulletDispenser-1x,4527,17.702,4.90,4.90,0.0049,464,226
T-BulletDispenser-1x,4528,17.707,4.90,4.89,0.0049,464,226
T-BulletDispenser-1x,4529,17.712,5.21,5.22,0.0052,464,226
T-BulletDispenser-1x,4530,17.717,4.78,4.78,0.0048,464,226
T-BulletDispenser-1x,4531,17.722,4.83,4.81,0.0048,464,226
T-BulletDispenser-1x,4532,17.726,4.76,4.80,0.0048,464,226
T-BulletDispenser-1x,4533,17.732,5.95,5.90,0.0059,464,226
T-BulletDispenser-1x,4534,17.738,5.70,5.70,0.0057,464,226
T-BulletDispenser-1x,4535,17.744,6.09,6.10,0.0061,464,226
T-BulletDispenser-1x,4536,17.749,5.27,5.28,0.0053,464,226
T-BulletDispenser-1x,4537,17.755,5.31,5.31,0.0053,464,226
T-BulletDispenser-1x,4538,17.760,5.63,5.60,0.0056,464,226
T-BulletDispenser-1x,4539,17.766,5.49,5.50,0.0055,464,226
T-BulletDispenser-1x,4540,17.771,5.18,5.18,0.0052,464,226
T-BulletDispenser-1x,4541,17.776,5.39,5.40,0.0054,464,226
T-BulletDispenser-1x,4542,17.781,5.15,5.12,0.0052,464,226
T-BulletDispenser-1x,4543,17.787,5.70,5.70,0.0057,464,226
T-BulletDispenser-1x,4544,17.793,5.57,5.59,0.0056,516,226
T-BulletDispenser-1x,4545,17.798,5.70,5.67,0.0057,464,226
T-BulletDispenser-1x,4546,17.804,5.29,5.31,0.0053,464,226
T-BulletDispenser-1x,4547,17.809,5.51,5.51,0.0055,464,226
T-BulletDispenser-1x,4548,17.815,5.70,5.69,0.0057,464,226
T-BulletDispenser-1x,4549,17.820,5.31,5.32,0.0053,464,226
T-BulletDispenser-1x,4550,17.826,5.48,5.49,0.0055,464,226
T-BulletDispenser-1x,4551,17.831,5.42,5.38,0.0054,464,226
T-BulletDispenser-1x,4552,17.837,6.18,6.14,0.0062,464,226
T-BulletDispenser-1x,4553,17.843,5.39,5.47,0.0054,464,226
T-BulletDispenser-1x,4554,17.848,5.61,5.60,0.0056,464,226
T-BulletDispenser-1x,4555,17.853,5.00,5.00,0.0050,464,226
T-BulletDispenser-1x,4556,17.858,4.89,4.90,0.0049,464,226
T-BulletDispenser-1x,4557,17.864,5.30,5.29,0.0053,464,226
T-BulletDispenser-1x,4558,17.869,5.52,5.50,0.0055,464,226
T-BulletDispenser-1x,4559,17.874,4.93,4.91,0.0049,464,226
T-BulletDispenser-1x,4560,17.879,4.99,5.00,0.0050,464,226
T-BulletDispenser-1x,4561,17.884,5.20,5.19,0.0052,464,226
T-BulletDispenser-1x,4562,17.889,5.05,5.01,0.0051,464,226
T-BulletDispenser-1x,4563,17.894,5.21,5.28,0.0052,464,226
T-BulletDispenser-1x,4564,17.899,4.86,4.81,0.0049,464,226
T-BulletDispenser-1x,4565,17.904,4.94,4.99,0.0049,464,226
T-BulletDispenser-1x,4566,17.909,4.88,4.89,0.0049,464,226
T-BulletDispenser-1x,4567,17.914,4.59,4.59,0.0046,464,226
T-BulletDispenser-1x,4568,17.918,4.73,4.72,0.0047,464,226
T-BulletDispenser-1x,4569,17.923,5.00,4.98,0.0050,464,226
T-BulletDispenser-1x,4570,17.928,4.88,4.90,0.0049,464,226
T-BulletDispenser-1x,4571,17.933,4.71,4.69,0.0047,464,226
T-BulletDispenser-1x,4572,17.938,4.71,4.71,0.0047,464,226
T-BulletDispenser-1x,4573,17.943,4.79,4.80,0.0048,464,226
T-BulletDispenser-1x,4574,17.948,5.47,5.43,0.0055,464,226
T-BulletDispenser-1x,4575,17.953,4.93,4.97,0.0049,464,226
T-BulletDispenser-1x,4576,17.958,4.72,4.69,0.0047,464,226
T-BulletDispenser-1x,4577,17.963,5.18,5.21,0.0052,464,226
T-BulletDispenser-1x,4578,17.968,4.90,4.89,0.0049,464,226
T-BulletDispenser-1x,4579,17.972,4.55,4.59,0.0046,464,226
T-BulletDispenser-1x,4580,17.977,4.79,4.70,0.0048,464,226
T-BulletDispenser-1x,4581,17.982,4.94,4.99,0.0049,464,226
T-BulletDispenser-1x,4582,17.987,4.97,4.97,0.0050,464,226
T-BulletDispenser-1x,4583,17.992,4.63,4.64,0.0046,464,226
T-BulletDispenser-1x,4584,17.996,4.61,4.60,0.0046,516,226
T-BulletDispenser-1x,4585,18.001,4.79,4.79,0.0048,464,226
T-BulletDispenser-1x,4586,18.006,5.04,4.80,0.0050,464,226
T-BulletDispenser-1x,4587,18.011,5.18,5.42,0.0052,464,226
T-BulletDispenser-1x,4588,18.016,4.48,4.48,0.0045,464,226
T-BulletDispenser-1x,4589,18.021,5.12,5.12,0.0051,464,226
T-BulletDispenser-1x,4590,18.026,4.90,4.90,0.0049,464,226
T-BulletDispenser-1x,4591,18.031,5.35,5.37,0.0053,464,226
T-BulletDispenser-1x,4592,18.037,6.12,6.10,0.0061,464,226
T-BulletDispenser-1x,4593,18.043,5.39,5.38,0.0054,464,226
T-BulletDispenser-1x,4594,18.048,5.12,5.12,0.0051,464,226
T-BulletDispenser-1x,4595,18.053,5.50,5.49,0.0055,464,226
T-BulletDispenser-1x,4596,18.059,5.75,5.72,0.0057,464,226
T-BulletDispenser-1x,4597,18.065,6.00,5.99,0.0060,464,226
T-BulletDispenser-1x,4598,18.070,5.27,5.29,0.0053,464,226
T-BulletDispenser-1x,4599,18.076,5.32,5.31,0.0053,464,226
T-BulletDispenser-1x,4600,18.082,5.88,5.81,0.0059,464,226
T-BulletDispenser-1x,4601,18.087,5.99,6.08,0.0060,464,226
T-BulletDispenser-1x,4602,18.093,5.33,5.31,0.0053,464,226
T-BulletDispenser-1x,4603,18.099,6.01,5.99,0.0060,464,226
T-BulletDispenser-1x,4604,18.104,5.59,5.59,0.0056,464,226
T-BulletDispenser-1x,4605,18.109,5.06,5.09,0.0051,464,226
T-BulletDispenser-1x,4606,18.115,5.46,5.42,0.0055,464,226
T-BulletDispenser-1x,4607,18.120,5.29,5.28,0.0053,464,226
T-BulletDispenser-1x,4608,18.126,5.56,5.59,0.0056,464,226
T-BulletDispenser-1x,4609,18.131,5.43,5.41,0.0054,464,226
T-BulletDispenser-1x,4610,18.137,6.05,6.08,0.0061,464,226
T-BulletDispenser-1x,4611,18.142,5.04,5.02,0.0050,464,226
T-BulletDispenser-1x,4612,18.147,4.75,4.78,0.0047,464,226
T-BulletDispenser-1x,4613,18.152,5.00,4.92,0.0050,464,226
T-BulletDispenser-1x,4614,18.157,5.37,5.40,0.0054,464,226
T-BulletDispenser-1x,4615,18.163,5.36,5.38,0.0054,464,226
T-BulletDispenser-1x,4616,18.168,5.00,5.00,0.0050,464,226
T-BulletDispenser-1x,4617,18.173,5.43,5.40,0.0054,464,226
T-BulletDispenser-1x,4618,18.178,5.02,5.02,0.0050,464,226
T-BulletDispenser-1x,4619,18.183,5.10,5.07,0.0051,464,226
T-BulletDispenser-1x,4620,18.188,4.73,4.79,0.0047,464,226
T-BulletDispenser-1x,4621,18.193,4.97,4.90,0.0050,464,226
T-BulletDispenser-1x,4622,18.198,5.28,5.30,0.0053,516,226
T-BulletDispenser-1x,4623,18.203,4.69,4.69,0.0047,464,226
T-BulletDispenser-1x,4624,18.208,4.67,4.69,0.0047,464,226
T-BulletDispenser-1x,4625,18.213,4.96,4.94,0.0050,464,226
T-BulletDispenser-1x,4626,18.218,5.08,5.07,0.0051,464,226
T-BulletDispenser-1x,4627,18.222,4.54,4.59,0.0045,464,226
T-BulletDispenser-1x,4628,18.227,4.75,4.71,0.0047,464,226
T-BulletDispenser-1x,4629,18.232,5.21,5.20,0.0052,464,226
T-BulletDispenser-1x,4630,18.237,4.81,4.83,0.0048,464,226
T-BulletDispenser-1x,4631,18.242,4.99,4.97,0.0050,464,226
T-BulletDispenser-1x,4632,18.247,4.76,4.78,0.0048,464,226
T-BulletDispenser-1x,4633,18.251,4.70,4.69,0.0047,464,226
T-BulletDispenser-1x,4634,18.256,5.03,5.00,0.0050,464,226
T-BulletDispenser-1x,4635,18.261,4.81,4.82,0.0048,464,226
T-BulletDispenser-1x,4636,18.266,4.38,4.38,0.0044,464,226
T-BulletDispenser-1x,4637,18.271,5.24,5.22,0.0052,464,226
T-BulletDispenser-1x,4638,18.276,4.86,4.87,0.0049,464,226
T-BulletDispenser-1x,4639,18.281,4.82,4.82,0.0048,464,226
T-BulletDispenser-1x,4640,18.286,5.06,5.08,0.0051,464,226
T-BulletDispenser-1x,4641,18.291,5.41,5.41,0.0054,464,226
T-BulletDispenser-1x,4642,18.296,5.31,5.29,0.0053,464,226
T-BulletDispenser-1x,4643,18.302,5.45,5.42,0.0055,464,226
T-BulletDispenser-1x,4644,18.307,5.33,5.28,0.0053,464,226
T-BulletDispenser-1x,4645,18.313,5.37,5.41,0.0054,464,226
T-BulletDispenser-1x,4646,18.317,4.65,4.68,0.0047,464,226
T-BulletDispenser-1x,4647,18.322,4.73,4.70,0.0047,464,226
T-BulletDispenser-1x,4648,18.328,5.65,5.67,0.0056,16880,226
T-BulletDispenser-1x,4649,18.333,5.83,5.82,0.0058,464,226
T-BulletDispenser-1x,4650,18.339,5.47,5.48,0.0055,464,226
T-BulletDispenser-1x,4651,18.345,5.76,5.72,0.0058,464,226
T-BulletDispenser-1x,4652,18.350,5.26,5.29,0.0053,464,226
T-BulletDispenser-1x,4653,18.356,6.12,6.10,0.0061,464,226
T-BulletDispenser-1x,4654,18.361,5.39,5.38,0.0054,464,226
T-BulletDispenser-1x,4655,18.367,6.09,6.11,0.0061,464,226
T-BulletDispenser-1x,4656,18.373,5.38,5.39,0.0054,464,226
T-BulletDispenser-1x,4657,18.378,5.30,5.29,0.0053,464,226
T-BulletDispenser-1x,4658,18.383,5.32,5.30,0.0053,464,226
T-BulletDispenser-1x,4659,18.389,5.39,5.40,0.0054,464,226
T-BulletDispenser-1x,4660,18.394,5.65,5.52,0.0056,464,226
T-BulletDispenser-1x,4661,18.400,5.81,5.89,0.0058,516,226
T-BulletDispenser-1x,4662,18.406,5.97,5.98,0.0060,464,226
T-BulletDispenser-1x,4663,18.412,5.67,5.60,0.0057,464,226
T-BulletDispenser-1x,4664,18.417,5.17,5.28,0.0052,464,226
T-BulletDispenser-1x,4665,18.422,4.95,4.91,0.0049,464,226
T-BulletDispenser-1x,4666,18.428,5.78,5.79,0.0058,464,226
T-BulletDispenser-1x,4667,18.433,5.63,5.61,0.0056,464,226
T-BulletDispenser-1x,4668,18.439,5.72,5.70,0.0057,464,226
T-BulletDispenser-1x,4669,18.444,4.97,4.99,0.0050,464,226
T-BulletDispenser-1x,4670,18.449,5.09,5.09,0.0051,464,226
T-BulletDispenser-1x,4671,18.454,5.01,5.01,0.0050,464,226
T-BulletDispenser-1x,4672,18.460,6.04,6.01,0.0060,464,226
T-BulletDispenser-1x,4673,18.466,5.36,5.38,0.0054,464,226
T-BulletDispenser-1x,4674,18.471,5.02,5.01,0.0050,464,226
T-BulletDispenser-1x,4675,18.476,5.18,5.19,0.0052,464,226
T-BulletDispenser-1x,4676,18.482,5.65,5.59,0.0056,464,226
T-BulletDispenser-1x,4677,18.486,4.85,4.91,0.0049,464,226
T-BulletDispenser-1x,4678,18.491,5.02,5.01,0.0050,464,226
T-BulletDispenser-1x,4679,18.497,5.30,5.29,0.0053,464,226
T-BulletDispenser-1x,4680,18.502,5.20,5.19,0.0052,464,226
T-BulletDispenser-1x,4681,18.507,4.64,4.68,0.0046,464,226
T-BulletDispenser-1x,4682,18.512,5.31,5.30,0.0053,464,226
T-BulletDispenser-1x,4683,18.517,5.04,5.02,0.0050,464,226
T-BulletDispenser-1x,4684,18.522,5.21,5.20,0.0052,464,226
T-BulletDispenser-1x,4685,18.527,4.98,5.00,0.0050,464,226
T-BulletDispenser-1x,4686,18.532,5.21,5.18,0.0052,464,226
T-BulletDispenser-1x,4687,18.538,5.26,5.29,0.0053,464,226
T-BulletDispenser-1x,4688,18.543,5.21,5.22,0.0052,464,226
T-BulletDispenser-1x,4689,18.548,5.12,5.08,0.0051,464,226
T-BulletDispenser-1x,4690,18.553,5.32,5.30,0.0053,464,226
T-BulletDispenser-1x,4691,18.558,5.30,5.30,0.0053,464,226
T-BulletDispenser-1x,4692,18.564,5.18,5.19,0.0052,464,226
T-BulletDispenser-1x,4693,18.569,5.02,5.00,0.0050,464,226
T-BulletDispenser-1x,4694,18.574,5.09,5.11,0.0051,464,226
T-BulletDispenser-1x,4695,18.579,5.09,5.09,0.0051,464,226
T-BulletDispenser-1x,4696,18.584,4.70,4.70,0.0047,464,226
T-BulletDispenser-1x,4697,18.589,5.09,5.09,0.0051,464,226
T-BulletDispenser-1x,4698,18.594,5.41,5.40,0.0054,464,226
T-BulletDispenser-1x,4699,18.599,5.00,5.00,0.0050,464,226
T-BulletDispenser-1x,4700,18.604,5.05,5.00,0.0051,516,226
T-BulletDispenser-1x,4701,18.610,5.39,5.40,0.0054,464,226
T-BulletDispenser-1x,4702,18.614,4.95,4.99,0.0050,464,226
T-BulletDispenser-1x,4703,18.620,5.15,5.12,0.0051,464,226
T-BulletDispenser-1x,4704,18.626,6.09,6.10,0.0061,464,226
T-BulletDispenser-1x,4705,18.632,5.99,5.99,0.0060,464,226
T-BulletDispenser-1x,4706,18.637,5.44,5.46,0.0054,464,226
T-BulletDispenser-1x,4707,18.643,5.50,5.44,0.0055,464,226
T-BulletDispenser-1x,4708,18.649,5.96,5.98,0.0060,464,226
T-BulletDispenser-1x,4709,18.654,5.39,5.39,0.0054,464,226
T-BulletDispenser-1x,4710,18.660,5.80,5.82,0.0058,464,226
T-BulletDispenser-1x,4711,18.666,6.24,6.21,0.0062,464,226
T-BulletDispenser-1x,4712,18.671,5.47,5.47,0.0055,464,226
T-BulletDispenser-1x,4713,18.677,5.78,5.79,0.0058,464,226
T-BulletDispenser-1x,4714,18.682,5.21,5.21,0.0052,464,226
T-BulletDispenser-1x,4715,18.688,5.70,5.69,0.0057,464,226
T-BulletDispenser-1x,4716,18.694,5.62,5.58,0.0056,464,226
T-BulletDispenser-1x,4717,18.700,5.79,5.82,0.0058,464,226
T-BulletDispenser-1x,4718,18.705,5.89,5.89,0.0059,464,226
T-BulletDispenser-1x,4719,18.711,5.61,5.60,0.0056,464,226
T-BulletDispenser-1x,4720,18.717,5.70,5.69,0.0057,464,226
T-BulletDispenser-1x,4721,18.722,5.30,5.31,0.0053,464,226
T-BulletDispenser-1x,4722,18.728,5.59,5.60,0.0056,464,226
T-BulletDispenser-1x,4723,18.733,5.31,5.30,0.0053,464,226
T-BulletDispenser-1x,4724,18.738,4.97,4.98,0.0050,464,226
T-BulletDispenser-1x,4725,18.743,5.41,5.40,0.0054,464,226
T-BulletDispenser-1x,4726,18.749,5.32,5.31,0.0053,464,226
T-BulletDispenser-1x,4727,18.754,5.61,5.60,0.0056,464,226
T-BulletDispenser-1x,4728,18.759,4.85,4.88,0.0048,464,226
T-BulletDispenser-1x,4729,18.764,5.13,5.10,0.0051,464,226
T-BulletDispenser-1x,4730,18.769,5.02,5.02,0.0050,464,226
T-BulletDispenser-1x,4731,18.774,5.09,5.08,0.0051,464,226
T-BulletDispenser-1x,4732,18.779,5.01,5.01,0.0050,464,226
T-BulletDispenser-1x,4733,18.785,5.28,5.28,0.0053,464,226
T-BulletDispenser-1x,4734,18.790,5.11,5.11,0.0051,464,226
T-BulletDispenser-1x,4735,18.795,5.31,5.30,0.0053,464,226
T-BulletDispenser-1x,4736,18.800,5.30,5.30,0.0053,464,226
T-BulletDispenser-1x,4737,18.805,4.95,4.98,0.0050,516,226
T-BulletDispenser-1x,4738,18.810,4.71,4.70,0.0047,464,226
T-BulletDispenser-1x,4739,18.815,4.93,4.91,0.0049,464,226
T-BulletDispenser-1x,4740,18.820,5.23,5.21,0.0052,464,226
T-BulletDispenser-1x,4741,18.825,5.32,5.30,0.0053,464,226
T-BulletDispenser-1x,4742,18.830,4.92,4.97,0.0049,464,226
T-BulletDispenser-1x,4743,18.835,4.81,4.81,0.0048,464,226
T-BulletDispenser-1x,4744,18.840,4.90,4.90,0.0049,464,226
T-BulletDispenser-1x,4745,18.845,4.90,4.89,0.0049,464,226
T-BulletDispenser-1x,4746,18.850,5.23,5.21,0.0052,464,226
T-BulletDispenser-1x,4747,18.855,4.92,4.91,0.0049,464,226
T-BulletDispenser-1x,4748,18.860,5.23,5.20,0.0052,464,226
T-BulletDispenser-1x,4749,18.865,4.87,4.89,0.0049,464,226
T-BulletDispenser-1x,4750,18.871,5.28,5.29,0.0053,464,226
T-BulletDispenser-1x,4751,18.876,5.18,5.19,0.0052,464,226
T-BulletDispenser-1x,4752,18.881,5.43,5.42,0.0054,464,226
T-BulletDispenser-1x,4753,18.887,6.03,6.05,0.0060,464,226
T-BulletDispenser-1x,4754,18.892,5.06,5.02,0.0051,464,226
T-BulletDispenser-1x,4755,18.897,4.98,5.00,0.0050,464,226
T-BulletDispenser-1x,4756,18.902,5.15,5.11,0.0051,464,226
T-BulletDispenser-1x,4757,18.907,5.07,5.09,0.0051,464,226
T-BulletDispenser-1x,4758,18.912,4.86,4.88,0.0049,464,226
T-BulletDispenser-1x,4759,18.917,5.02,5.01,0.0050,464,226
T-BulletDispenser-1x,4760,18.922,4.90,4.91,0.0049,464,226
T-BulletDispenser-1x,4761,18.927,5.06,5.02,0.0051,464,226
T-BulletDispenser-1x,4762,18.932,4.84,4.87,0.0048,464,226
T-BulletDispenser-1x,4763,18.937,4.85,4.86,0.0049,464,226
T-BulletDispenser-1x,4764,18.942,4.85,4.84,0.0048,464,226
T-BulletDispenser-1x,4765,18.946,4.57,4.60,0.0046,464,226
T-BulletDispenser-1x,4766,18.951,4.72,4.69,0.0047,464,226
T-BulletDispenser-1x,4767,18.956,4.59,4.60,0.0046,464,226
T-BulletDispenser-1x,4768,18.961,4.86,4.83,0.0049,464,226
T-BulletDispenser-1x,4769,18.965,4.65,4.67,0.0047,464,226
T-BulletDispenser-1x,4770,18.970,4.58,4.59,0.0046,464,226
T-BulletDispenser-1x,4771,18.974,4.40,4.39,0.0044,464,226
T-BulletDispenser-1x,4772,18.978,4.31,4.31,0.0043,464,226
T-BulletDispenser-1x,4773,18.983,4.65,4.60,0.0047,464,226
T-BulletDispenser-1x,4774,18.988,4.51,4.57,0.0045,464,226
T-BulletDispenser-1x,4775,18.992,4.25,4.22,0.0042,464,226
T-BulletDispenser-1x,4776,18.997,4.85,4.82,0.0049,464,226
T-BulletDispenser-1x,4777,19.001,4.34,4.38,0.0043,464,226
T-BulletDispenser-1x,4778,19.006,4.43,4.41,0.0044,516,226
T-BulletDispenser-1x,4779,19.010,4.24,4.28,0.0042,464,226
T-BulletDispenser-1x,4780,19.015,4.92,4.82,0.0049,464,226
T-BulletDispenser-1x,4781,19.019,4.61,4.68,0.0046,464,226
T-BulletDispenser-1x,4782,19.024,4.86,4.83,0.0049,464,226
T-BulletDispenser-1x,4783,19.029,4.37,4.38,0.0044,464,226
T-BulletDispenser-1x,4784,19.033,4.67,4.68,0.0047,464,226
T-BulletDispenser-1x,4785,19.038,4.72,4.73,0.0047,464,226
T-BulletDispenser-1x,4786,19.042,4.36,4.37,0.0044,464,226
T-BulletDispenser-1x,4787,19.047,4.24,4.21,0.0042,464,226
T-BulletDispenser-1x,4788,19.051,4.08,4.10,0.0041,464,226
T-BulletDispenser-1x,4789,19.055,4.31,4.30,0.0043,464,226
T-BulletDispenser-1x,4790,19.059,4.48,4.49,0.0045,464,226
T-BulletDispenser-1x,4791,19.064,4.33,4.32,0.0043,464,226
T-BulletDispenser-1x,4792,19.068,4.07,4.09,0.0041,464,226
T-BulletDispenser-1x,4793,19.072,4.22,4.20,0.0042,464,226
T-BulletDispenser-1x,4794,19.077,4.60,4.59,0.0046,464,226
T-BulletDispenser-1x,4795,19.081,4.07,4.09,0.0041,464,226
T-BulletDispenser-1x,4796,19.085,4.55,4.42,0.0046,464,226
T-BulletDispenser-1x,4797,19.090,4.64,4.78,0.0046,464,226
T-BulletDispenser-1x,4798,19.094,4.24,4.22,0.0042,464,226
T-BulletDispenser-1x,4799,19.098,3.95,3.98,0.0039,464,226
T-BulletDispenser-1x,4800,19.102,3.68,3.69,0.0037,464,226
T-BulletDispenser-1x,4801,19.106,4.30,4.22,0.0043,464,226
T-BulletDispenser-1x,4802,19.111,4.66,4.69,0.0047,464,226
T-BulletDispenser-1x,4803,19.115,4.32,4.30,0.0043,464,226
T-BulletDispenser-1x,4804,19.119,3.86,3.88,0.0039,464,226
T-BulletDispenser-1x,4805,19.123,4.18,4.20,0.0042,464,226
T-BulletDispenser-1x,4806,19.128,4.56,4.51,0.0046,464,226
T-BulletDispenser-1x,4807,19.132,4.41,4.40,0.0044,464,226
T-BulletDispenser-1x,4808,19.137,4.53,4.57,0.0045,464,226
T-BulletDispenser-1x,4809,19.141,4.52,4.51,0.0045,464,226
T-BulletDispenser-1x,4810,19.145,4.34,4.33,0.0043,464,226
T-BulletDispenser-1x,4811,19.150,4.48,4.48,0.0045,464,226
T-BulletDispenser-1x,4812,19.154,4.43,4.40,0.0044,464,226
T-BulletDispenser-1x,4813,19.159,4.35,4.39,0.0043,464,226
T-BulletDispenser-1x,4814,19.163,4.23,4.21,0.0042,464,226
T-BulletDispenser-1x,4815,19.167,4.21,4.20,0.0042,464,226
T-BulletDispenser-1x,4816,19.172,4.37,4.38,0.0044,464,226
T-BulletDispenser-1x,4817,19.176,4.18,4.19,0.0042,464,226
T-BulletDispenser-1x,4818,19.180,4.21,4.20,0.0042,464,226
T-BulletDispenser-1x,4819,19.184,4.33,4.31,0.0043,464,226
T-BulletDispenser-1x,4820,19.189,4.28,4.29,0.0043,464,226
T-BulletDispenser-1x,4821,19.192,3.95,3.99,0.0040,464,226
T-BulletDispenser-1x,4822,19.197,4.07,4.02,0.0041,464,226
T-BulletDispenser-1x,4823,19.201,4.28,4.29,0.0043,464,226
T-BulletDispenser-1x,4824,19.205,4.21,4.20,0.0042,464,226
T-BulletDispenser-1x,4825,19.209,4.31,4.32,0.0043,516,226
T-BulletDispenser-1x,4826,19.214,4.30,4.29,0.0043,464,226
T-BulletDispenser-1x,4827,19.218,4.18,4.20,0.0042,464,226
T-BulletDispenser-1x,4828,19.222,4.13,4.11,0.0041,464,226
T-BulletDispenser-1x,4829,19.226,4.04,4.07,0.0040,464,226
T-BulletDispenser-1x,4830,19.230,3.95,3.92,0.0040,464,226
T-BulletDispenser-1x,4831,19.234,3.96,3.98,0.0040,464,226
T-BulletDispenser-1x,4832,19.238,3.93,3.91,0.0039,464,226
T-BulletDispenser-1x,4833,19.242,4.08,4.09,0.0041,464,226
T-BulletDispenser-1x,4834,19.246,3.91,3.89,0.0039,464,226
T-BulletDispenser-1x,4835,19.250,3.71,3.71,0.0037,464,226
T-BulletDispenser-1x,4836,19.254,4.01,3.99,0.0040,464,226
T-BulletDispenser-1x,4837,19.257,3.86,3.82,0.0039,464,226
T-BulletDispenser-1x,4838,19.262,4.13,4.18,0.0041,464,226
T-BulletDispenser-1x,4839,19.265,3.69,3.69,0.0037,464,226
T-BulletDispenser-1x,4840,19.269,4.02,3.98,0.0040,464,226
T-BulletDispenser-1x,4841,19.274,4.30,4.31,0.0043,464,226
T-BulletDispenser-1x,4842,19.278,4.09,4.09,0.0041,464,226
T-BulletDispenser-1x,4843,19.282,4.10,4.11,0.0041,464,226
T-BulletDispenser-1x,4844,19.286,4.08,4.09,0.0041,464,226
T-BulletDispenser-1x,4845,19.290,3.80,3.80,0.0038,464,226
T-BulletDispenser-1x,4846,19.293,3.59,3.59,0.0036,464,226
T-BulletDispenser-1x,4847,19.297,3.99,4.00,0.0040,464,226
T-BulletDispenser-1x,4848,19.301,4.00,3.92,0.0040,464,226
T-BulletDispenser-1x,4849,19.305,3.96,4.00,0.0040,464,226
T-BulletDispenser-1x,4850,19.309,3.84,3.88,0.0038,464,226
T-BulletDispenser-1x,4851,19.313,4.02,3.99,0.0040,464,226
T-BulletDispenser-1x,4852,19.317,4.08,4.09,0.0041,464,226
T-BulletDispenser-1x,4853,19.321,3.90,3.90,0.0039,464,226
T-BulletDispenser-1x,4854,19.325,3.59,3.60,0.0036,464,226
T-BulletDispenser-1x,4855,19.328,3.42,3.41,0.0034,464,226
T-BulletDispenser-1x,4856,19.332,3.63,3.61,0.0036,464,226
T-BulletDispenser-1x,4857,19.336,4.18,4.19,0.0042,464,226
T-BulletDispenser-1x,4858,19.340,3.93,3.90,0.0039,464,226
T-BulletDispenser-1x,4859,19.343,3.66,3.70,0.0037,464,226
T-BulletDispenser-1x,4860,19.347,3.80,3.80,0.0038,464,226
T-BulletDispenser-1x,4861,19.351,3.82,3.80,0.0038,464,226
T-BulletDispenser-1x,4862,19.355,3.88,3.88,0.0039,464,226
T-BulletDispenser-1x,4863,19.359,3.80,3.81,0.0038,464,226
T-BulletDispenser-1x,4864,19.363,3.83,3.80,0.0038,464,226
T-BulletDispenser-1x,4865,19.366,3.57,3.59,0.0036,464,226
T-BulletDispenser-1x,4866,19.369,3.30,3.29,0.0033,464,226
T-BulletDispenser-1x,4867,19.373,3.80,3.80,0.0038,464,226
T-BulletDispenser-1x,4868,19.378,4.45,4.42,0.0045,464,226
T-BulletDispenser-1x,4869,19.382,4.08,4.08,0.0041,464,226
T-BulletDispenser-1x,4870,19.385,3.68,3.70,0.0037,464,226
T-BulletDispenser-1x,4871,19.389,3.72,3.71,0.0037,464,226
T-BulletDispenser-1x,4872,19.394,4.38,4.31,0.0044,464,226
T-BulletDispenser-1x,4873,19.398,4.23,4.29,0.0042,464,226
T-BulletDispenser-1x,4874,19.402,4.20,4.19,0.0042,464,226
T-BulletDispenser-1x,4875,19.406,3.90,3.91,0.0039,464,226
T-BulletDispenser-1x,4876,19.409,3.43,3.48,0.0034,516,226
T-BulletDispenser-1x,4877,19.413,3.24,3.20,0.0032,464,226
T-BulletDispenser-1x,4878,19.417,4.13,4.10,0.0041,464,226
T-BulletDispenser-1x,4879,19.421,3.89,3.89,0.0039,464,226
T-BulletDispenser-1x,4880,19.424,3.71,3.70,0.0037,464,226
T-BulletDispenser-1x,4881,19.428,3.59,3.60,0.0036,464,226
T-BulletDispenser-1x,4882,19.432,3.79,3.78,0.0038,464,226
T-BulletDispenser-1x,4883,19.436,3.90,3.90,0.0039,464,226
T-BulletDispenser-1x,4884,19.439,3.59,3.61,0.0036,464,226
T-BulletDispenser-1x,4885,19.443,3.94,3.90,0.0039,464,226
T-BulletDispenser-1x,4886,19.447,3.69,3.69,0.0037,464,226
T-BulletDispenser-1x,4887,19.450,3.56,3.59,0.0036,464,226
T-BulletDispenser-1x,4888,19.454,3.83,3.80,0.0038,464,226
T-BulletDispenser-1x,4889,19.458,3.83,3.82,0.0038,464,226
T-BulletDispenser-1x,4890,19.462,3.80,3.79,0.0038,464,226
T-BulletDispenser-1x,4891,19.465,3.70,3.69,0.0037,464,226
T-BulletDispenser-1x,4892,19.469,3.86,3.88,0.0039,464,226
T-BulletDispenser-1x,4893,19.473,3.71,3.70,0.0037,464,226
T-BulletDispenser-1x,4894,19.477,3.53,3.51,0.0035,464,226
T-BulletDispenser-1x,4895,19.480,3.33,3.38,0.0033,464,226
T-BulletDispenser-1x,4896,19.483,3.23,3.20,0.0032,464,226
T-BulletDispenser-1x,4897,19.487,3.98,3.93,0.0040,464,226
T-BulletDispenser-1x,4898,19.491,4.04,4.07,0.0040,464,226
T-BulletDispenser-1x,4899,19.495,3.63,3.61,0.0036,464,226
T-BulletDispenser-1x,4900,19.498,3.60,3.59,0.0036,464,226
T-BulletDispenser-1x,4901,19.502,4.09,4.10,0.0041,464,226
T-BulletDispenser-1x,4902,19.506,3.77,3.79,0.0038,464,226
T-BulletDispenser-1x,4903,19.510,4.26,4.22,0.0043,464,226
T-BulletDispenser-1x,4904,19.514,3.84,3.89,0.0038,464,226
T-BulletDispenser-1x,4905,19.518,3.82,3.81,0.0038,464,226
T-BulletDispenser-1x,4906,19.522,3.60,3.59,0.0036,464,226
T-BulletDispenser-1x,4907,19.525,3.57,3.60,0.0036,464,226
T-BulletDispenser-1x,4908,19.529,3.40,3.38,0.0034,464,226
T-BulletDispenser-1x,4909,19.532,3.21,3.21,0.0032,464,226
T-BulletDispenser-1x,4910,19.536,3.65,3.60,0.0036,464,226
T-BulletDispenser-1x,4911,19.539,3.75,3.79,0.0038,464,226
T-BulletDispenser-1x,4912,19.543,3.71,3.71,0.0037,464,226
T-BulletDispenser-1x,4913,19.547,3.68,3.69,0.0037,464,226
T-BulletDispenser-1x,4914,19.550,3.21,3.20,0.0032,464,226
T-BulletDispenser-1x,4915,19.553,3.46,3.41,0.0035,464,226
T-BulletDispenser-1x,4916,19.557,3.68,3.70,0.0037,464,226
T-BulletDispenser-1x,4917,19.560,3.43,3.40,0.0034,464,226
T-BulletDispenser-1x,4918,19.564,3.67,3.69,0.0037,464,226
T-BulletDispenser-1x,4919,19.567,3.24,3.29,0.0032,464,226
T-BulletDispenser-1x,4920,19.571,3.23,3.19,0.0032,464,226
T-BulletDispenser-1x,4921,19.574,3.43,3.42,0.0034,464,226
T-BulletDispenser-1x,4922,19.578,3.59,3.59,0.0036,464,226
T-BulletDispenser-1x,4923,19.581,3.72,3.71,0.0037,464,226
T-BulletDispenser-1x,4924,19.584,3.14,3.19,0.0031,464,226
T-BulletDispenser-1x,4925,19.588,3.53,3.52,0.0035,464,226
T-BulletDispenser-1x,4926,19.591,3.29,3.29,0.0033,464,226
T-BulletDispenser-1x,4927,19.594,3.09,3.09,0.0031,464,226
T-BulletDispenser-1x,4928,19.598,3.30,3.30,0.0033,464,226
T-BulletDispenser-1x,4929,19.601,3.43,3.41,0.0034,464,226
T-BulletDispenser-1x,4930,19.605,3.70,3.70,0.0037,464,226
T-BulletDispenser-1x,4931,19.609,3.64,3.61,0.0036,464,226
T-BulletDispenser-1x,4932,19.612,3.64,3.67,0.0036,516,226
T-BulletDispenser-1x,4933,19.616,3.39,3.40,0.0034,464,226
T-BulletDispenser-1x,4934,19.619,3.62,3.60,0.0036,464,226
T-BulletDispenser-1x,4935,19.623,3.59,3.51,0.0036,464,226
T-BulletDispenser-1x,4936,19.627,3.82,3.88,0.0038,464,226
T-BulletDispenser-1x,4937,19.630,3.50,3.51,0.0035,464,226
T-BulletDispenser-1x,4938,19.633,3.11,3.09,0.0031,464,226
T-BulletDispenser-1x,4939,19.637,3.61,3.59,0.0036,464,226
T-BulletDispenser-1x,4940,19.640,3.48,3.53,0.0035,464,226
T-BulletDispenser-1x,4941,19.643,2.96,2.99,0.0030,464,226
T-BulletDispenser-1x,4942,19.647,3.43,3.40,0.0034,464,226
T-BulletDispenser-1x,4943,19.650,3.07,3.09,0.0031,464,226
T-BulletDispenser-1x,4944,19.652,2.81,2.81,0.0028,464,226
T-BulletDispenser-1x,4945,19.656,3.10,3.08,0.0031,464,226
T-BulletDispenser-1x,4946,19.659,3.30,3.30,0.0033,464,226
T-BulletDispenser-1x,4947,19.663,3.74,3.72,0.0037,464,226
T-BulletDispenser-1x,4948,19.666,3.57,3.59,0.0036,464,226
T-BulletDispenser-1x,4949,19.669,3.21,3.20,0.0032,464,226
T-BulletDispenser-1x,4950,19.673,3.25,3.28,0.0033,464,226
T-BulletDispenser-1x,4951,19.676,3.01,3.01,0.0030,464,226
T-BulletDispenser-1x,4952,19.679,3.53,3.50,0.0035,464,226
T-BulletDispenser-1x,4953,19.683,3.38,3.31,0.0034,464,226
T-BulletDispenser-1x,4954,19.687,4.25,4.32,0.0043,464,226
T-BulletDispenser-1x,4955,19.690,3.26,3.25,0.0033,464,226
T-BulletDispenser-1x,4956,19.693,3.19,3.20,0.0032,464,226
T-BulletDispenser-1x,4957,19.696,3.19,3.19,0.0032,464,226
T-BulletDispenser-1x,4958,19.700,3.09,3.01,0.0031,464,226
T-BulletDispenser-1x,4959,19.703,3.41,3.41,0.0034,464,226
T-BulletDispenser-1x,4960,19.706,2.98,3.07,0.0030,464,226
T-BulletDispenser-1x,4961,19.709,3.24,3.22,0.0032,464,226
T-BulletDispenser-1x,4962,19.712,3.20,3.20,0.0032,464,226
T-BulletDispenser-1x,4963,19.716,3.19,3.19,0.0032,464,226
T-BulletDispenser-1x,4964,19.719,3.09,3.11,0.0031,464,226
T-BulletDispenser-1x,4965,19.722,3.42,3.39,0.0034,464,226
T-BulletDispenser-1x,4966,19.725,3.30,3.29,0.0033,464,226
T-BulletDispenser-1x,4967,19.729,3.46,3.48,0.0035,464,226
T-BulletDispenser-1x,4968,19.732,3.32,3.31,0.0033,464,226
T-BulletDispenser-1x,4969,19.736,3.51,3.50,0.0035,464,226
T-BulletDispenser-1x,4970,19.739,3.61,3.61,0.0036,464,226
T-BulletDispenser-1x,4971,19.743,3.40,3.38,0.0034,464,226
T-BulletDispenser-1x,4972,19.746,3.49,3.51,0.0035,464,226
T-BulletDispenser-1x,4973,19.750,3.47,3.49,0.0035,464,226
T-BulletDispenser-1x,4974,19.753,3.38,3.32,0.0034,464,226
T-BulletDispenser-1x,4975,19.757,3.55,3.58,0.0035,464,226
T-BulletDispenser-1x,4976,19.759,2.87,2.90,0.0029,464,226
T-BulletDispenser-1x,4977,19.763,3.32,3.29,0.0033,464,226
T-BulletDispenser-1x,4978,19.766,3.28,3.30,0.0033,464,226
T-BulletDispenser-1x,4979,19.769,3.35,3.31,0.0034,464,226
T-BulletDispenser-1x,4980,19.773,3.08,3.09,0.0031,464,226
T-BulletDispenser-1x,4981,19.776,3.07,3.08,0.0031,464,226
T-BulletDispenser-1x,4982,19.779,3.32,3.30,0.0033,464,226
T-BulletDispenser-1x,4983,19.782,3.20,3.20,0.0032,464,226
T-BulletDispenser-1x,4984,19.785,2.87,2.91,0.0029,464,226
T-BulletDispenser-1x,4985,19.788,3.11,3.08,0.0031,464,226
T-BulletDispenser-1x,4986,19.792,3.63,3.61,0.0036,464,226
T-BulletDispenser-1x,4987,19.795,3.39,3.41,0.0034,464,226
T-BulletDispenser-1x,4988,19.798,3.31,3.29,0.0033,464,226
T-BulletDispenser-1x,4989,19.802,3.40,3.40,0.0034,464,226
T-BulletDispenser-1x,4990,19.805,3.17,3.21,0.0032,464,226
T-BulletDispenser-1x,4991,19.808,2.87,2.79,0.0029,464,226
T-BulletDispenser-1x,4992,19.811,3.10,3.11,0.0031,464,226
T-BulletDispenser-1x,4993,19.814,3.12,3.18,0.0031,516,226
T-BulletDispenser-1x,4994,19.817,3.22,3.21,0.0032,464,226
T-BulletDispenser-1x,4995,19.820,2.99,2.99,0.0030,464,226
T-BulletDispenser-1x,4996,19.823,2.89,2.90,0.0029,464,226
T-BulletDispenser-1x,4997,19.827,3.53,3.49,0.0035,464,226
T-BulletDispenser-1x,4998,19.830,2.98,3.00,0.0030,464,226
T-BulletDispenser-1x,4999,19.833,3.00,3.00,0.0030,464,226
T-BulletDispenser-1x,5000,19.836,3.11,3.10,0.0031,464,226
T-BulletDispenser-1x,5001,19.839,3.49,3.48,0.0035,464,226
T-BulletDispenser-1x,5002,19.842,3.08,3.10,0.0031,464,226
T-BulletDispenser-1x,5003,19.846,3.24,3.22,0.0032,464,226
T-BulletDispenser-1x,5004,19.849,3.13,3.09,0.0031,464,226
T-BulletDispenser-1x,5005,19.852,3.67,3.69,0.0037,464,226
T-BulletDispenser-1x,5006,19.856,3.45,3.40,0.0034,464,226
T-BulletDispenser-1x,5007,19.859,3.60,3.60,0.0036,464,226
T-BulletDispenser-1x,5008,19.863,3.47,3.48,0.0035,464,226
T-BulletDispenser-1x,5009,19.867,3.59,3.60,0.0036,464,226
T-BulletDispenser-1x,5010,19.870,3.17,3.18,0.0032,464,226
T-BulletDispenser-1x,5011,19.872,2.77,2.79,0.0028,464,226
T-BulletDispenser-1x,5012,19.876,3.06,3.02,0.0031,464,226
T-BulletDispenser-1x,5013,19.879,3.38,3.39,0.0034,464,226
T-BulletDispenser-1x,5014,19.882,3.40,3.39,0.0034,464,226
T-BulletDispenser-1x,5015,19.886,3.31,3.30,0.0033,464,226
T-BulletDispenser-1x,5016,19.889,3.19,3.21,0.0032,464,226
T-BulletDispenser-1x,5017,19.892,3.38,3.39,0.0034,464,226
T-BulletDispenser-1x,5018,19.896,3.53,3.50,0.0035,464,226
T-BulletDispenser-1x,5019,19.899,3.41,3.41,0.0034,464,226
T-BulletDispenser-1x,5020,19.902,3.18,3.18,0.0032,464,226
T-BulletDispenser-1x,5021,19.906,3.20,3.21,0.0032,464,226
T-BulletDispenser-1x,5022,19.908,2.87,2.88,0.0029,464,226
T-BulletDispenser-1x,5023,19.911,3.02,3.00,0.0030,464,226
T-BulletDispenser-1x,5024,19.915,3.63,3.62,0.0036,464,226
T-BulletDispenser-1x,5025,19.918,3.06,3.09,0.0031,464,226
T-BulletDispenser-1x,5026,19.921,3.33,3.30,0.0033,464,226
T-BulletDispenser-1x,5027,19.924,2.86,2.88,0.0029,464,226
T-BulletDispenser-1x,5028,19.927,2.50,2.52,0.0025,464,226
T-BulletDispenser-1x,5029,19.930,3.14,3.10,0.0031,464,226
T-BulletDispenser-1x,5030,19.933,3.42,3.40,0.0034,464,226
T-BulletDispenser-1x,5031,19.937,3.30,3.33,0.0033,464,226
T-BulletDispenser-1x,5032,19.940,3.18,3.17,0.0032,464,226
T-BulletDispenser-1x,5033,19.943,3.06,3.08,0.0031,464,226
T-BulletDispenser-1x,5034,19.946,3.09,3.10,0.0031,464,226
T-BulletDispenser-1x,5035,19.949,3.40,3.32,0.0034,464,226
T-BulletDispenser-1x,5036,19.953,3.34,3.39,0.0033,464,226
T-BulletDispenser-1x,5037,19.956,2.86,2.89,0.0029,464,226
T-BulletDispenser-1x,5038,19.959,2.95,2.89,0.0029,464,226
T-BulletDispenser-1x,5039,19.962,3.33,3.32,0.0033,464,226
T-BulletDispenser-1x,5040,19.965,3.25,3.27,0.0032,464,226
T-BulletDispenser-1x,5041,19.968,3.32,3.31,0.0033,464,226
T-BulletDispenser-1x,5042,19.972,3.30,3.32,0.0033,464,226
T-BulletDispenser-1x,5043,19.975,3.28,3.27,0.0033,464,226
T-BulletDispenser-1x,5044,19.978,3.12,3.12,0.0031,464,226
T-BulletDispenser-1x,5045,19.982,3.52,3.49,0.0035,464,226
T-BulletDispenser-1x,5046,19.985,3.28,3.29,0.0033,464,226
T-BulletDispenser-1x,5047,19.988,3.27,3.29,0.0033,464,226
T-BulletDispenser-1x,5048,19.992,3.70,3.69,0.0037,464,226
T-BulletDispenser-1x,5049,19.995,3.22,3.21,0.0032,464,226
T-BulletDispenser-1x,5050,19.998,2.63,2.67,0.0026,464,226
T-BulletDispenser-1x,5051,20.001,3.28,3.23,0.0033,464,226
T-BulletDispenser-1x,5052,20.004,3.46,3.48,0.0035,464,226
T-BulletDispenser-1x,5053,20.008,3.87,3.61,0.0039,464,226
T-BulletDispenser-1x,5054,20.012,3.25,3.50,0.0033,464,226
T-BulletDispenser-1x,5055,20.014,2.86,2.89,0.0029,516,226
T-BulletDispenser-1x,5056,20.017,3.02,3.01,0.0030,464,226
T-BulletDispenser-1x,5057,20.021,3.33,3.30,0.0033,464,226
T-BulletDispenser-1x,5058,20.024,3.37,3.38,0.0034,464,226
T-BulletDispenser-1x,5059,20.028,3.32,3.32,0.0033,464,226
T-BulletDispenser-1x,5060,20.030,2.84,2.88,0.0028,464,226
T-BulletDispenser-1x,5061,20.034,3.25,3.21,0.0033,464,226
T-BulletDispenser-1x,5062,20.037,2.97,3.00,0.0030,464,226
T-BulletDispenser-1x,5063,20.039,2.59,2.60,0.0026,464,226
T-BulletDispenser-1x,5064,20.042,3.06,3.01,0.0031,464,226
T-BulletDispenser-1x,5065,20.045,3.15,3.09,0.0031,464,226
T-BulletDispenser-1x,5066,20.049,3.33,3.39,0.0033,464,226
T-BulletDispenser-1x,5067,20.052,3.48,3.42,0.0035,464,226
T-BulletDispenser-1x,5068,20.055,2.87,2.96,0.0029,464,226
T-BulletDispenser-1x,5069,20.058,2.82,2.72,0.0028,464,226
T-BulletDispenser-1x,5070,20.061,3.34,3.39,0.0033,464,226
T-BulletDispenser-1x,5071,20.065,3.56,3.51,0.0036,464,226
T-BulletDispenser-1x,5072,20.068,2.91,2.99,0.0029,464,226
T-BulletDispenser-1x,5073,20.071,3.33,3.29,0.0033,464,226
T-BulletDispenser-1x,5074,20.074,3.29,3.31,0.0033,464,226
T-BulletDispenser-1x,5075,20.077,2.55,2.59,0.0026,464,226
T-BulletDispenser-1x,5076,20.080,3.05,3.00,0.0031,464,226
T-BulletDispenser-1x,5077,20.083,3.39,3.39,0.0034,464,226
T-BulletDispenser-1x,5078,20.087,3.33,3.35,0.0033,464,226
T-BulletDispenser-1x,5079,20.089,2.64,2.65,0.0026,464,226
T-BulletDispenser-1x,5080,20.092,3.01,3.00,0.0030,464,226
T-BulletDispenser-1x,5081,20.096,3.54,3.52,0.0035,464,226
T-BulletDispenser-1x,5082,20.099,3.36,3.38,0.0034,464,226
T-BulletDispenser-1x,5083,20.103,3.33,3.31,0.0033,464,226
T-BulletDispenser-1x,5084,20.105,2.96,2.99,0.0030,464,226
T-BulletDispenser-1x,5085,20.109,3.26,3.22,0.0033,464,226
T-BulletDispenser-1x,5086,20.112,3.49,3.48,0.0035,464,226
T-BulletDispenser-1x,5087,20.116,3.31,3.30,0.0033,464,226
T-BulletDispenser-1x,5088,20.119,3.29,3.29,0.0033,464,226
T-BulletDispenser-1x,5089,20.122,3.29,3.31,0.0033,464,226
T-BulletDispenser-1x,5090,20.125,2.94,2.98,0.0029,464,226
T-BulletDispenser-1x,5091,20.128,2.63,2.61,0.0026,464,226
T-BulletDispenser-1x,5092,20.131,3.43,3.40,0.0034,464,226
T-BulletDispenser-1x,5093,20.134,3.07,3.09,0.0031,464,226
T-BulletDispenser-1x,5094,20.137,3.29,3.30,0.0033,464,226
T-BulletDispenser-1x,5095,20.141,3.13,3.10,0.0031,464,226
T-BulletDispenser-1x,5096,20.144,2.98,3.00,0.0030,464,226
T-BulletDispenser-1x,5097,20.146,2.87,2.89,0.0029,464,226
T-BulletDispenser-1x,5098,20.149,2.83,2.80,0.0028,464,226
T-BulletDispenser-1x,5099,20.153,3.42,3.41,0.0034,464,226
T-BulletDispenser-1x,5100,20.156,3.21,3.21,0.0032,464,226
T-BulletDispenser-1x,5101,20.159,3.16,3.19,0.0032,464,226
T-BulletDispenser-1x,5102,20.162,3.09,3.09,0.0031,464,226
T-BulletDispenser-1x,5103,20.165,2.96,2.91,0.0030,464,226
T-BulletDispenser-1x,5104,20.168,3.26,3.29,0.0033,464,226
T-BulletDispenser-1x,5105,20.171,2.91,2.91,0.0029,464,226
T-BulletDispenser-1x,5106,20.175,3.31,3.31,0.0033,464,226
T-BulletDispenser-1x,5107,20.178,2.99,2.98,0.0030,464,226
T-BulletDispenser-1x,5108,20.181,3.09,3.09,0.0031,464,226
T-BulletDispenser-1x,5109,20.184,3.19,3.20,0.0032,464,226
T-BulletDispenser-1x,5110,20.187,3.31,3.30,0.0033,464,226
T-BulletDispenser-1x,5111,20.191,3.32,3.31,0.0033,464,226
T-BulletDispenser-1x,5112,20.194,3.03,3.00,0.0030,464,226
T-BulletDispenser-1x,5113,20.197,3.25,3.27,0.0032,464,226
T-BulletDispenser-1x,5114,20.200,3.10,3.10,0.0031,464,226
T-BulletDispenser-1x,5115,20.203,3.20,3.21,0.0032,464,226
T-BulletDispenser-1x,5116,20.207,3.46,3.42,0.0035,464,226
T-BulletDispenser-1x,5117,20.210,3.04,3.08,0.0030,464,226
T-BulletDispenser-1x,5118,20.213,3.52,3.49,0.0035,464,226
T-BulletDispenser-1x,5119,20.216,3.28,3.30,0.0033,516,226
T-BulletDispenser-1x,5120,20.219,2.81,2.79,0.0028,464,226
T-BulletDispenser-1x,5121,20.223,3.71,3.71,0.0037,464,226
T-BulletDispenser-1x,5122,20.226,3.42,3.41,0.0034,464,226
T-BulletDispenser-1x,5123,20.230,3.47,3.48,0.0035,464,226
T-BulletDispenser-1x,5124,20.233,3.21,3.22,0.0032,464,226
T-BulletDispenser-1x,5125,20.237,3.69,3.69,0.0037,464,226
T-BulletDispenser-1x,5126,20.240,3.38,3.37,0.0034,464,226
T-BulletDispenser-1x,5127,20.243,3.20,3.21,0.0032,464,226
T-BulletDispenser-1x,5128,20.247,3.21,3.20,0.0032,464,226
T-BulletDispenser-1x,5129,20.250,3.22,3.21,0.0032,464,226
T-BulletDispenser-1x,5130,20.253,3.03,2.99,0.0030,464,226
T-BulletDispenser-1x,5131,20.256,3.52,3.50,0.0035,464,226
T-BulletDispenser-1x,5132,20.260,3.56,3.60,0.0036,464,226
T-BulletDispenser-1x,5133,20.263,3.05,3.11,0.0030,464,226
T-BulletDispenser-1x,5134,20.266,2.73,2.68,0.0027,464,226
T-BulletDispenser-1x,5135,20.269,3.31,3.31,0.0033,464,226
T-BulletDispenser-1x,5136,20.272,3.11,3.09,0.0031,464,226
T-BulletDispenser-1x,5137,20.275,3.05,3.09,0.0030,464,226
T-BulletDispenser-1x,5138,20.278,2.92,2.90,0.0029,464,226
T-BulletDispenser-1x,5139,20.282,3.55,3.51,0.0036,464,226
T-BulletDispenser-1x,5140,20.284,2.84,2.90,0.0028,464,226
T-BulletDispenser-1x,5141,20.287,2.90,2.89,0.0029,464,226
T-BulletDispenser-1x,5142,20.290,2.92,2.89,0.0029,464,226
T-BulletDispenser-1x,5143,20.293,3.11,3.10,0.0031,464,226
T-BulletDispenser-1x,5144,20.296,3.18,3.19,0.0032,464,226
T-BulletDispenser-1x,5145,20.300,3.19,3.20,0.0032,464,226
T-BulletDispenser-1x,5146,20.303,3.23,3.22,0.0032,464,226
T-BulletDispenser-1x,5147,20.306,3.08,3.09,0.0031,464,226
T-BulletDispenser-1x,5148,20.309,3.09,3.10,0.0031,464,226
T-BulletDispenser-1x,5149,20.312,3.35,3.31,0.0033,464,226
T-BulletDispenser-1x,5150,20.316,3.28,3.29,0.0033,464,226
T-BulletDispenser-1x,5151,20.319,3.00,3.00,0.0030,464,226
T-BulletDispenser-1x,5152,20.322,3.10,3.09,0.0031,464,226
T-BulletDispenser-1x,5153,20.325,2.97,2.98,0.0030,464,226
T-BulletDispenser-1x,5154,20.328,2.96,2.92,0.0030,464,226
T-BulletDispenser-1x,5155,20.332,3.80,3.81,0.0038,464,226
T-BulletDispenser-1x,5156,20.334,2.95,2.98,0.0030,464,226
T-BulletDispenser-1x,5157,20.338,3.31,3.30,0.0033,464,226
T-BulletDispenser-1x,5158,20.341,3.33,3.31,0.0033,464,226
T-BulletDispenser-1x,5159,20.344,3.19,3.19,0.0032,464,226
T-BulletDispenser-1x,5160,20.347,3.10,3.12,0.0031,464,226
T-BulletDispenser-1x,5161,20.351,3.75,3.70,0.0037,464,226
T-BulletDispenser-1x,5162,20.355,3.44,3.48,0.0034,464,226
T-BulletDispenser-1x,5163,20.358,3.63,3.61,0.0036,464,226
T-BulletDispenser-1x,5164,20.361,3.18,3.18,0.0032,464,226
T-BulletDispenser-1x,5165,20.364,2.89,2.89,0.0029,464,226
T-BulletDispenser-1x,5166,20.368,3.34,3.31,0.0033,464,226
T-BulletDispenser-1x,5167,20.371,3.38,3.40,0.0034,464,226
T-BulletDispenser-1x,5168,20.374,3.29,3.30,0.0033,464,226
T-BulletDispenser-1x,5169,20.377,2.67,2.68,0.0027,464,226
T-BulletDispenser-1x,5170,20.380,3.13,3.09,0.0031,464,226
T-BulletDispenser-1x,5171,20.384,3.50,3.51,0.0035,464,226
T-BulletDispenser-1x,5172,20.387,3.50,3.51,0.0035,464,226
T-BulletDispenser-1x,5173,20.390,3.31,3.29,0.0033,464,226
T-BulletDispenser-1x,5174,20.394,3.29,3.29,0.0033,464,226
T-BulletDispenser-1x,5175,20.397,3.05,3.09,0.0031,464,226
T-BulletDispenser-1x,5176,20.400,3.48,3.42,0.0035,464,226
T-BulletDispenser-1x,5177,20.404,3.46,3.49,0.0035,464,226
T-BulletDispenser-1x,5178,20.407,3.19,3.19,0.0032,464,226
T-BulletDispenser-1x,5179,20.410,3.52,3.51,0.0035,464,226
T-BulletDispenser-1x,5180,20.413,3.07,3.09,0.0031,464,226
T-BulletDispenser-1x,5181,20.416,2.91,2.90,0.0029,516,226
T-BulletDispenser-1x,5182,20.419,2.59,2.60,0.0026,464,226
T-BulletDispenser-1x,5183,20.422,3.12,3.11,0.0031,464,226
T-BulletDispenser-1x,5184,20.425,3.19,3.18,0.0032,464,226
T-BulletDispenser-1x,5185,20.429,3.56,3.52,0.0036,464,226
T-BulletDispenser-1x,5186,20.432,3.14,3.18,0.0031,464,226
T-BulletDispenser-1x,5187,20.435,3.18,3.11,0.0032,464,226
T-BulletDispenser-1x,5188,20.438,3.02,3.08,0.0030,464,226
T-BulletDispenser-1x,5189,20.442,3.40,3.39,0.0034,464,226
T-BulletDispenser-1x,5190,20.445,3.19,3.20,0.0032,464,226
T-BulletDispenser-1x,5191,20.448,3.02,3.01,0.0030,464,226
T-BulletDispenser-1x,5192,20.452,4.30,4.21,0.0043,464,226
T-BulletDispenser-1x,5193,20.456,3.81,3.87,0.0038,464,226
T-BulletDispenser-1x,5194,20.460,4.14,4.12,0.0041,464,226
T-BulletDispenser-1x,5195,20.464,3.95,3.99,0.0039,464,226
T-BulletDispenser-1x,5196,20.468,4.23,4.21,0.0042,464,226
T-BulletDispenser-1x,5197,20.472,4.07,4.08,0.0041,464,226
T-BulletDispenser-1x,5198,20.476,3.59,3.59,0.0036,464,226
T-BulletDispenser-1x,5199,20.480,3.61,3.60,0.0036,464,226
T-BulletDispenser-1x,5200,20.484,4.16,4.13,0.0042,464,226
T-BulletDispenser-1x,5201,20.488,3.82,3.86,0.0038,464,226
T-BulletDispenser-1x,5202,20.491,3.61,3.60,0.0036,464,226
T-BulletDispenser-1x,5203,20.495,3.81,3.80,0.0038,464,226
T-BulletDispenser-1x,5204,20.499,3.74,3.72,0.0037,464,226
T-BulletDispenser-1x,5205,20.502,3.48,3.49,0.0035,464,226
T-BulletDispenser-1x,5206,20.506,3.94,3.91,0.0039,464,226
T-BulletDispenser-1x,5207,20.510,3.43,3.46,0.0034,464,226
T-BulletDispenser-1x,5208,20.513,3.96,3.92,0.0040,464,226
T-BulletDispenser-1x,5209,20.517,3.76,3.79,0.0038,464,226
T-BulletDispenser-1x,5210,20.521,3.49,3.48,0.0035,464,226
T-BulletDispenser-1x,5211,20.524,3.53,3.51,0.0035,464,226
T-BulletDispenser-1x,5212,20.528,3.71,3.71,0.0037,464,226
T-BulletDispenser-1x,5213,20.531,3.24,3.27,0.0032,464,226
T-BulletDispenser-1x,5214,20.535,3.33,3.32,0.0033,464,226
T-BulletDispenser-1x,5215,20.538,3.50,3.49,0.0035,464,226
T-BulletDispenser-1x,5216,20.542,3.70,3.70,0.0037,464,226
T-BulletDispenser-1x,5217,20.545,3.73,3.70,0.0037,464,226
T-BulletDispenser-1x,5218,20.549,3.58,3.60,0.0036,464,226
T-BulletDispenser-1x,5219,20.553,3.64,3.61,0.0036,464,226
T-BulletDispenser-1x,5220,20.556,3.38,3.39,0.0034,464,226
T-BulletDispenser-1x,5221,20.560,3.76,3.78,0.0038,464,226
T-BulletDispenser-1x,5222,20.563,3.68,3.70,0.0037,464,226
T-BulletDispenser-1x,5223,20.567,3.52,3.50,0.0035,464,226
T-BulletDispenser-1x,5224,20.571,3.61,3.60,0.0036,464,226
T-BulletDispenser-1x,5225,20.574,3.71,3.71,0.0037,464,226
T-BulletDispenser-1x,5226,20.578,3.78,3.79,0.0038,464,226
T-BulletDispenser-1x,5227,20.582,3.62,3.53,0.0036,464,226
T-BulletDispenser-1x,5228,20.585,3.59,3.66,0.0036,464,226
T-BulletDispenser-1x,5229,20.589,3.88,3.91,0.0039,464,226
T-BulletDispenser-1x,5230,20.593,3.31,3.30,0.0033,464,226
T-BulletDispenser-1x,5231,20.596,3.59,3.58,0.0036,464,226
T-BulletDispenser-1x,5232,20.600,3.81,3.82,0.0038,464,226
T-BulletDispenser-1x,5233,20.604,3.79,3.71,0.0038,464,226
T-BulletDispenser-1x,5234,20.608,3.79,3.78,0.0038,464,226
T-BulletDispenser-1x,5235,20.611,3.86,3.89,0.0039,464,226
T-BulletDispenser-1x,5236,20.615,3.79,3.80,0.0038,464,226
T-BulletDispenser-1x,5237,20.618,3.25,3.28,0.0033,516,226
T-BulletDispenser-1x,5238,20.622,3.72,3.72,0.0037,464,226
T-BulletDispenser-1x,5239,20.626,3.54,3.50,0.0035,464,226
T-BulletDispenser-1x,5240,20.630,3.99,4.01,0.0040,464,226
T-BulletDispenser-1x,5241,20.634,3.99,3.92,0.0040,464,226
T-BulletDispenser-1x,5242,20.638,3.97,4.06,0.0040,464,226
T-BulletDispenser-1x,5243,20.642,3.91,3.81,0.0039,464,226
T-BulletDispenser-1x,5244,20.645,3.71,3.79,0.0037,464,226
T-BulletDispenser-1x,5245,20.649,3.33,3.30,0.0033,464,226
T-BulletDispenser-1x,5246,20.652,3.82,3.81,0.0038,464,226
T-BulletDispenser-1x,5247,20.656,3.69,3.69,0.0037,464,226
T-BulletDispenser-1x,5248,20.660,3.48,3.51,0.0035,464,226
T-BulletDispenser-1x,5249,20.663,3.79,3.78,0.0038,464,226
T-BulletDispenser-1x,5250,20.667,3.73,3.70,0.0037,464,226
T-BulletDispenser-1x,5251,20.671,3.93,3.91,0.0039,464,226
T-BulletDispenser-1x,5252,20.675,4.20,4.20,0.0042,464,226
T-BulletDispenser-1x,5253,20.678,3.32,3.36,0.0033,464,226
T-BulletDispenser-1x,5254,20.682,3.66,3.62,0.0037,464,226
T-BulletDispenser-1x,5255,20.686,3.70,3.70,0.0037,464,226
T-BulletDispenser-1x,5256,20.690,3.90,3.90,0.0039,464,226
T-BulletDispenser-1x,5257,20.693,3.64,3.69,0.0036,464,226
T-BulletDispenser-1x,5258,20.697,3.73,3.70,0.0037,464,226
T-BulletDispenser-1x,5259,20.701,3.98,3.99,0.0040,464,226
T-BulletDispenser-1x,5260,20.705,3.42,3.41,0.0034,464,226
T-BulletDispenser-1x,5261,20.709,4.25,4.20,0.0043,464,226
T-BulletDispenser-1x,5262,20.713,3.95,4.00,0.0040,464,226
T-BulletDispenser-1x,5263,20.716,3.63,3.61,0.0036,464,226
T-BulletDispenser-1x,5264,20.720,3.58,3.58,0.0036,464,226
T-BulletDispenser-1x,5265,20.724,3.70,3.70,0.0037,464,226
T-BulletDispenser-1x,5266,20.727,3.68,3.68,0.0037,464,226
T-BulletDispenser-1x,5267,20.731,3.83,3.82,0.0038,464,226
T-BulletDispenser-1x,5268,20.735,3.47,3.50,0.0035,464,226
T-BulletDispenser-1x,5269,20.738,3.23,3.19,0.0032,464,226
T-BulletDispenser-1x,5270,20.742,3.80,3.73,0.0038,464,226
T-BulletDispenser-1x,5271,20.745,3.77,3.86,0.0038,464,226
T-BulletDispenser-1x,5272,20.749,3.62,3.59,0.0036,464,226
T-BulletDispenser-1x,5273,20.752,3.42,3.40,0.0034,464,226
T-BulletDispenser-1x,5274,20.756,3.98,4.02,0.0040,464,226
T-BulletDispenser-1x,5275,20.760,3.90,3.89,0.0039,464,226
T-BulletDispenser-1x,5276,20.764,3.50,3.50,0.0035,464,226
T-BulletDispenser-1x,5277,20.768,3.70,3.70,0.0037,464,226
T-BulletDispenser-1x,5278,20.771,3.40,3.39,0.0034,464,226
T-BulletDispenser-1x,5279,20.774,3.39,3.39,0.0034,464,226
T-BulletDispenser-1x,5280,20.778,3.73,3.71,0.0037,464,226
T-BulletDispenser-1x,5281,20.781,3.36,3.40,0.0034,464,226
T-BulletDispenser-1x,5282,20.785,3.83,3.81,0.0038,464,226
T-BulletDispenser-1x,5283,20.789,3.80,3.79,0.0038,464,226
T-BulletDispenser-1x,5284,20.792,3.15,3.18,0.0032,464,226
T-BulletDispenser-1x,5285,20.796,3.86,3.82,0.0039,464,226
T-BulletDispenser-1x,5286,20.800,3.50,3.49,0.0035,464,226
T-BulletDispenser-1x,5287,20.803,3.58,3.59,0.0036,464,226
T-BulletDispenser-1x,5288,20.807,3.48,3.49,0.0035,464,226
T-BulletDispenser-1x,5289,20.810,3.49,3.50,0.0035,464,226
T-BulletDispenser-1x,5290,20.814,3.51,3.49,0.0035,464,226
T-BulletDispenser-1x,5291,20.818,4.03,4.02,0.0040,464,226
T-BulletDispenser-1x,5292,20.822,3.88,3.89,0.0039,516,226
T-BulletDispenser-1x,5293,20.826,4.12,4.11,0.0041,464,226
T-BulletDispenser-1x,5294,20.829,3.56,3.58,0.0036,464,226
T-BulletDispenser-1x,5295,20.833,3.83,3.81,0.0038,464,226
T-BulletDispenser-1x,5296,20.837,3.67,3.69,0.0037,464,226
T-BulletDispenser-1x,5297,20.840,3.66,3.61,0.0037,464,226
T-BulletDispenser-1x,5298,20.844,3.46,3.49,0.0035,464,226
T-BulletDispenser-1x,5299,20.847,3.38,3.39,0.0034,464,226
T-BulletDispenser-1x,5300,20.851,3.50,3.49,0.0035,464,226
T-BulletDispenser-1x,5301,20.855,3.95,3.92,0.0040,464,226
T-BulletDispenser-1x,5302,20.859,3.87,3.87,0.0039,464,226
T-BulletDispenser-1x,5303,20.863,3.99,4.01,0.0040,464,226
T-BulletDispenser-1x,5304,20.866,3.93,3.91,0.0039,464,226
T-BulletDispenser-1x,5305,20.870,3.59,3.59,0.0036,464,226
T-BulletDispenser-1x,5306,20.874,3.80,3.80,0.0038,464,226
T-BulletDispenser-1x,5307,20.878,4.12,4.10,0.0041,464,226
T-BulletDispenser-1x,5308,20.882,3.89,3.89,0.0039,464,226
T-BulletDispenser-1x,5309,20.885,3.58,3.59,0.0036,464,226
T-BulletDispenser-1x,5310,20.889,3.55,3.58,0.0036,464,226
T-BulletDispenser-1x,5311,20.893,3.84,3.83,0.0038,464,226
T-BulletDispenser-1x,5312,20.896,3.60,3.59,0.0036,464,226
T-BulletDispenser-1x,5313,20.900,3.70,3.70,0.0037,464,226
T-BulletDispenser-1x,5314,20.904,3.52,3.50,0.0035,464,226
T-BulletDispenser-1x,5315,20.907,3.48,3.48,0.0035,464,226
T-BulletDispenser-1x,5316,20.911,3.57,3.51,0.0036,464,226
T-BulletDispenser-1x,5317,20.915,3.97,3.99,0.0040,464,226
T-BulletDispenser-1x,5318,20.918,3.77,3.80,0.0038,464,226
T-BulletDispenser-1x,5319,20.922,3.35,3.38,0.0034,464,226
T-BulletDispenser-1x,5320,20.925,3.47,3.42,0.0035,464,226
T-BulletDispenser-1x,5321,20.929,4.10,4.10,0.0041,464,226
T-BulletDispenser-1x,5322,20.933,3.87,3.88,0.0039,464,226
T-BulletDispenser-1x,5323,20.937,3.73,3.72,0.0037,464,226
T-BulletDispenser-1x,5324,20.941,3.70,3.69,0.0037,464,226
T-BulletDispenser-1x,5325,20.944,3.65,3.59,0.0036,464,226
T-BulletDispenser-1x,5326,20.949,4.13,4.11,0.0041,464,226
T-BulletDispenser-1x,5327,20.953,4.24,4.30,0.0042,464,226
T-BulletDispenser-1x,5328,20.957,3.97,3.98,0.0040,464,226
T-BulletDispenser-1x,5329,20.961,4.13,4.12,0.0041,464,226
T-BulletDispenser-1x,5330,20.965,3.75,3.78,0.0037,464,226
T-BulletDispenser-1x,5331,20.968,3.52,3.52,0.0035,464,226
T-BulletDispenser-1x,5332,20.972,3.58,3.58,0.0036,464,226
T-BulletDispenser-1x,5333,20.975,3.61,3.58,0.0036,464,226
T-BulletDispenser-1x,5334,20.978,3.28,3.29,0.0033,464,226
T-BulletDispenser-1x,5335,20.982,3.45,3.42,0.0035,464,226
T-BulletDispenser-1x,5336,20.986,3.88,3.89,0.0039,464,226
T-BulletDispenser-1x,5337,20.989,3.06,3.09,0.0031,464,226
T-BulletDispenser-1x,5338,20.992,3.45,3.41,0.0035,464,226
T-BulletDispenser-1x,5339,20.996,3.37,3.39,0.0034,464,226
T-BulletDispenser-1x,5340,20.999,3.21,3.20,0.0032,464,226
T-BulletDispenser-1x,5341,21.003,3.61,3.60,0.0036,464,226
T-BulletDispenser-1x,5342,21.006,3.69,3.70,0.0037,464,226
T-BulletDispenser-1x,5343,21.010,3.53,3.53,0.0035,464,226
T-BulletDispenser-1x,5344,21.013,3.35,3.37,0.0034,464,226
T-BulletDispenser-1x,5345,21.017,3.41,3.39,0.0034,464,226
T-BulletDispenser-1x,5346,21.020,3.42,3.41,0.0034,464,226
T-BulletDispenser-1x,5347,21.024,3.69,3.69,0.0037,516,226
T-BulletDispenser-1x,5348,21.027,3.54,3.53,0.0035,464,226
T-BulletDispenser-1x,5349,21.031,3.79,3.78,0.0038,464,226
T-BulletDispenser-1x,5350,21.034,3.25,3.28,0.0033,464,226
T-BulletDispenser-1x,5351,21.037,3.08,3.10,0.0031,464,226
T-BulletDispenser-1x,5352,21.041,3.34,3.31,0.0033,464,226
T-BulletDispenser-1x,5353,21.044,3.49,3.48,0.0035,464,226
T-BulletDispenser-1x,5354,21.048,3.44,3.42,0.0034,464,226
T-BulletDispenser-1x,5355,21.051,3.47,3.50,0.0035,464,226
T-BulletDispenser-1x,5356,21.054,3.40,3.39,0.0034,464,226
T-BulletDispenser-1x,5357,21.058,3.72,3.70,0.0037,464,226
T-BulletDispenser-1x,5358,21.062,3.67,3.70,0.0037,464,226
T-BulletDispenser-1x,5359,21.065,3.28,3.29,0.0033,464,226
T-BulletDispenser-1x,5360,21.069,4.08,4.01,0.0041,464,226
T-BulletDispenser-1x,5361,21.072,3.22,3.28,0.0032,464,226
T-BulletDispenser-1x,5362,21.076,3.42,3.41,0.0034,464,226
T-BulletDispenser-1x,5363,21.079,3.61,3.59,0.0036,464,226
T-BulletDispenser-1x,5364,21.083,3.40,3.41,0.0034,464,226
T-BulletDispenser-1x,5365,21.087,3.95,3.95,0.0039,464,226
T-BulletDispenser-1x,5366,21.090,3.44,3.44,0.0034,464,226
T-BulletDispenser-1x,5367,21.093,2.77,2.80,0.0028,464,226
T-BulletDispenser-1x,5368,21.096,3.14,3.11,0.0031,464,226
T-BulletDispenser-1x,5369,21.100,3.72,3.69,0.0037,464,226
T-BulletDispenser-1x,5370,21.103,3.59,3.60,0.0036,464,226
T-BulletDispenser-1x,5371,21.107,3.40,3.41,0.0034,464,226
T-BulletDispenser-1x,5372,21.110,3.15,3.17,0.0032,464,226
T-BulletDispenser-1x,5373,21.114,3.72,3.63,0.0037,464,226
T-BulletDispenser-1x,5374,21.117,3.75,3.79,0.0037,464,226
T-BulletDispenser-1x,5375,21.121,3.67,3.68,0.0037,464,226
T-BulletDispenser-1x,5376,21.125,3.72,3.71,0.0037,464,226
T-BulletDispenser-1x,5377,21.128,3.31,3.30,0.0033,464,226
T-BulletDispenser-1x,5378,21.131,3.08,3.11,0.0031,464,226
T-BulletDispenser-1x,5379,21.135,3.39,3.39,0.0034,464,226
T-BulletDispenser-1x,5380,21.138,3.41,3.41,0.0034,464,226
T-BulletDispenser-1x,5381,21.141,3.48,3.49,0.0035,464,226
T-BulletDispenser-1x,5382,21.144,2.99,2.99,0.0030,464,226
T-BulletDispenser-1x,5383,21.148,3.09,3.11,0.0031,464,226
T-BulletDispenser-1x,5384,21.151,3.13,3.10,0.0031,464,226
T-BulletDispenser-1x,5385,21.154,3.31,3.30,0.0033,464,226
T-BulletDispenser-1x,5386,21.157,3.27,3.29,0.0033,464,226
T-BulletDispenser-1x,5387,21.161,3.35,3.32,0.0033,464,226
T-BulletDispenser-1x,5388,21.164,3.16,3.18,0.0032,464,226
T-BulletDispenser-1x,5389,21.167,3.09,3.11,0.0031,464,226
T-BulletDispenser-1x,5390,21.170,3.25,3.21,0.0033,464,226
T-BulletDispenser-1x,5391,21.174,3.64,3.60,0.0036,464,226
T-BulletDispenser-1x,5392,21.177,3.24,3.29,0.0032,464,226
T-BulletDispenser-1x,5393,21.180,3.28,3.29,0.0033,464,226
T-BulletDispenser-1x,5394,21.184,3.60,3.60,0.0036,464,226
T-BulletDispenser-1x,5395,21.187,3.08,3.09,0.0031,464,226
T-BulletDispenser-1x,5396,21.190,3.49,3.41,0.0035,464,226
T-BulletDispenser-1x,5397,21.194,3.60,3.61,0.0036,464,226
T-BulletDispenser-1x,5398,21.197,3.33,3.38,0.0033,464,226
T-BulletDispenser-1x,5399,21.201,3.31,3.29,0.0033,464,226
T-BulletDispenser-1x,5400,21.204,2.96,3.00,0.0030,464,226
T-BulletDispenser-1x,5401,21.207,3.12,3.10,0.0031,464,226
T-BulletDispenser-1x,5402,21.210,3.22,3.21,0.0032,464,226
T-BulletDispenser-1x,5403,21.214,3.48,3.49,0.0035,464,226
T-BulletDispenser-1x,5404,21.217,3.65,3.60,0.0036,464,226
T-BulletDispenser-1x,5405,21.221,3.44,3.42,0.0034,464,226
T-BulletDispenser-1x,5406,21.223,2.79,2.86,0.0028,516,226
T-BulletDispenser-1x,5407,21.226,2.92,2.92,0.0029,464,226
T-BulletDispenser-1x,5408,21.230,3.20,3.18,0.0032,464,226
T-BulletDispenser-1x,5409,21.233,3.28,3.30,0.0033,464,226
T-BulletDispenser-1x,5410,21.237,4.01,3.97,0.0040,464,226
T-BulletDispenser-1x,5411,21.240,3.07,3.12,0.0031,464,226
T-BulletDispenser-1x,5412,21.243,2.81,2.80,0.0028,464,226
T-BulletDispenser-1x,5413,21.246,2.95,2.90,0.0029,464,226
T-BulletDispenser-1x,5414,21.249,3.10,3.10,0.0031,464,226
T-BulletDispenser-1x,5415,21.252,2.98,3.00,0.0030,464,226
T-BulletDispenser-1x,5416,21.255,3.25,3.21,0.0033,464,226
T-BulletDispenser-1x,5417,21.259,3.69,3.69,0.0037,464,226
T-BulletDispenser-1x,5418,21.262,3.43,3.39,0.0034,464,226
T-BulletDispenser-1x,5419,21.265,3.04,3.10,0.0030,464,226
T-BulletDispenser-1x,5420,21.268,2.94,2.93,0.0029,464,226
T-BulletDispenser-1x,5421,21.271,3.24,3.26,0.0032,464,226
T-BulletDispenser-1x,5422,21.274,3.20,3.20,0.0032,464,226
T-BulletDispenser-1x,5423,21.278,3.12,3.10,0.0031,464,226
T-BulletDispenser-1x,5424,21.281,3.18,3.20,0.0032,464,226
T-BulletDispenser-1x,5425,21.284,2.88,2.90,0.0029,464,226
T-BulletDispenser-1x,5426,21.287,2.91,2.89,0.0029,464,226
T-BulletDispenser-1x,5427,21.290,3.16,3.12,0.0032,464,226
T-BulletDispenser-1x,5428,21.293,3.35,3.38,0.0033,464,226
T-BulletDispenser-1x,5429,21.296,3.22,3.20,0.0032,464,226
T-BulletDispenser-1x,5430,21.300,3.54,3.51,0.0035,464,226
T-BulletDispenser-1x,5431,21.304,3.69,3.70,0.0037,464,226
T-BulletDispenser-1x,5432,21.307,3.40,3.38,0.0034,464,226
T-BulletDispenser-1x,5433,21.311,3.92,3.92,0.0039,464,226
T-BulletDispenser-1x,5434,21.315,3.65,3.68,0.0037,464,226
T-BulletDispenser-1x,5435,21.318,3.44,3.41,0.0034,464,226
T-BulletDispenser-1x,5436,21.321,3.25,3.29,0.0033,464,226
T-BulletDispenser-1x,5437,21.324,3.21,3.20,0.0032,464,226
T-BulletDispenser-1x,5438,21.327,2.98,3.00,0.0030,464,226
T-BulletDispenser-1x,5439,21.330,3.00,2.99,0.0030,464,226
T-BulletDispenser-1x,5440,21.334,3.45,3.42,0.0034,464,226
T-BulletDispenser-1x,5441,21.337,3.03,3.06,0.0030,464,226
T-BulletDispenser-1x,5442,21.340,3.14,3.13,0.0031,464,226
T-BulletDispenser-1x,5443,21.343,3.30,3.30,0.0033,464,226
T-BulletDispenser-1x,5444,21.347,3.18,3.18,0.0032,464,226
T-BulletDispenser-1x,5445,21.350,3.19,3.14,0.0032,464,226
T-BulletDispenser-1x,5446,21.353,3.25,3.26,0.0033,464,226
T-BulletDispenser-1x,5447,21.356,3.08,3.09,0.0031,464,226
T-BulletDispenser-1x,5448,21.359,3.11,3.11,0.0031,464,226
T-BulletDispenser-1x,5449,21.363,3.70,3.69,0.0037,464,226
T-BulletDispenser-1x,5450,21.366,3.42,3.40,0.0034,464,226
T-BulletDispenser-1x,5451,21.369,3.16,3.18,0.0032,464,226
T-BulletDispenser-1x,5452,21.373,3.19,3.21,0.0032,464,226
T-BulletDispenser-1x,5453,21.376,3.11,3.11,0.0031,464,226
T-BulletDispenser-1x,5454,21.379,3.51,3.49,0.0035,464,226
T-BulletDispenser-1x,5455,21.383,3.32,3.30,0.0033,464,226
T-BulletDispenser-1x,5456,21.387,4.30,4.33,0.0043,464,226
T-BulletDispenser-1x,5457,21.390,3.18,3.16,0.0032,464,226
T-BulletDispenser-1x,5458,21.393,3.08,3.08,0.0031,464,226
T-BulletDispenser-1x,5459,21.396,3.00,3.00,0.0030,464,226
T-BulletDispenser-1x,5460,21.399,3.29,3.20,0.0033,464,226
T-BulletDispenser-1x,5461,21.403,3.44,3.51,0.0034,464,226
T-BulletDispenser-1x,5462,21.406,3.30,3.28,0.0033,464,226
T-BulletDispenser-1x,5463,21.409,3.29,3.30,0.0033,464,226
T-BulletDispenser-1x,5464,21.413,3.19,3.20,0.0032,464,226
T-BulletDispenser-1x,5465,21.416,3.59,3.59,0.0036,464,226
T-BulletDispenser-1x,5466,21.419,3.30,3.29,0.0033,464,226
T-BulletDispenser-1x,5467,21.423,3.65,3.62,0.0037,464,226
T-BulletDispenser-1x,5468,21.426,3.02,3.08,0.0030,516,226
T-BulletDispenser-1x,5469,21.430,3.47,3.43,0.0035,464,226
T-BulletDispenser-1x,5470,21.433,3.46,3.48,0.0035,464,226
T-BulletDispenser-1x,5471,21.437,3.59,3.58,0.0036,464,226
T-BulletDispenser-1x,5472,21.440,3.54,3.52,0.0035,464,226
T-BulletDispenser-1x,5473,21.443,2.72,2.78,0.0027,464,226
T-BulletDispenser-1x,5474,21.446,2.74,2.71,0.0027,464,226
T-BulletDispenser-1x,5475,21.449,3.12,3.10,0.0031,464,226
T-BulletDispenser-1x,5476,21.452,3.52,3.49,0.0035,464,226
T-BulletDispenser-1x,5477,21.456,3.29,3.31,0.0033,464,226
T-BulletDispenser-1x,5478,21.459,3.27,3.30,0.0033,464,226
T-BulletDispenser-1x,5479,21.462,3.20,3.19,0.0032,464,226
T-BulletDispenser-1x,5480,21.465,3.12,3.10,0.0031,464,226
T-BulletDispenser-1x,5481,21.468,2.98,3.00,0.0030,464,226
T-BulletDispenser-1x,5482,21.472,3.33,3.30,0.0033,464,226
T-BulletDispenser-1x,5483,21.475,3.27,3.29,0.0033,464,226
T-BulletDispenser-1x,5484,21.478,2.90,2.89,0.0029,464,226
T-BulletDispenser-1x,5485,21.481,3.00,3.02,0.0030,464,226
T-BulletDispenser-1x,5486,21.484,2.89,2.88,0.0029,464,226
T-BulletDispenser-1x,5487,21.487,3.00,2.97,0.0030,464,226
T-BulletDispenser-1x,5488,21.489,2.89,2.92,0.0029,464,226
T-BulletDispenser-1x,5489,21.493,3.04,3.00,0.0030,464,226
T-BulletDispenser-1x,5490,21.496,3.09,3.10,0.0031,464,226
T-BulletDispenser-1x,5491,21.499,3.22,3.21,0.0032,464,226
T-BulletDispenser-1x,5492,21.502,3.55,3.49,0.0036,464,226
T-BulletDispenser-1x,5493,21.505,3.12,3.20,0.0031,464,226
T-BulletDispenser-1x,5494,21.509,3.32,3.32,0.0033,464,226
T-BulletDispenser-1x,5495,21.512,3.22,3.19,0.0032,464,226
T-BulletDispenser-1x,5496,21.515,3.09,3.08,0.0031,464,226
T-BulletDispenser-1x,5497,21.518,2.98,3.02,0.0030,464,226
T-BulletDispenser-1x,5498,21.521,3.22,3.19,0.0032,464,226
T-BulletDispenser-1x,5499,21.525,3.60,3.60,0.0036,464,226
T-BulletDispenser-1x,5500,21.528,3.41,3.40,0.0034,464,226
T-BulletDispenser-1x,5501,21.531,3.06,3.09,0.0031,464,226
T-BulletDispenser-1x,5502,21.534,2.98,2.99,0.0030,464,226
T-BulletDispenser-1x,5503,21.537,2.90,2.88,0.0029,464,226
T-BulletDispenser-1x,5504,21.540,2.94,2.93,0.0029,464,226
T-BulletDispenser-1x,5505,21.543,3.07,3.08,0.0031,464,226
T-BulletDispenser-1x,5506,21.547,3.32,3.31,0.0033,464,226
T-BulletDispenser-1x,5507,21.550,3.52,3.50,0.0035,464,226
T-BulletDispenser-1x,5508,21.554,3.40,3.41,0.0034,464,226
T-BulletDispenser-1x,5509,21.556,2.97,2.98,0.0030,464,226
T-BulletDispenser-1x,5510,21.560,3.12,3.12,0.0031,464,226
T-BulletDispenser-1x,5511,21.563,3.17,3.18,0.0032,464,226
T-BulletDispenser-1x,5512,21.566,3.43,3.41,0.0034,464,226
T-BulletDispenser-1x,5513,21.570,3.39,3.38,0.0034,464,226
T-BulletDispenser-1x,5514,21.573,3.40,3.41,0.0034,464,226
T-BulletDispenser-1x,5515,21.576,3.20,3.20,0.0032,464,226
T-BulletDispenser-1x,5516,21.579,2.98,2.99,0.0030,464,226
T-BulletDispenser-1x,5517,21.582,2.59,2.59,0.0026,464,226
T-BulletDispenser-1x,5518,21.585,3.25,3.22,0.0033,464,226
T-BulletDispenser-1x,5519,21.588,3.37,3.38,0.0034,464,226
T-BulletDispenser-1x,5520,21.591,3.10,3.10,0.0031,464,226
T-BulletDispenser-1x,5521,21.595,3.13,3.11,0.0031,464,226
T-BulletDispenser-1x,5522,21.598,3.60,3.60,0.0036,464,226
T-BulletDispenser-1x,5523,21.602,3.59,3.58,0.0036,464,226
T-BulletDispenser-1x,5524,21.605,2.97,3.01,0.0030,464,226
T-BulletDispenser-1x,5525,21.608,2.93,2.89,0.0029,464,226
T-BulletDispenser-1x,5526,21.611,3.71,3.71,0.0037,464,226
T-BulletDispenser-1x,5527,21.615,3.61,3.60,0.0036,464,226
T-BulletDispenser-1x,5528,21.618,3.16,3.19,0.0032,464,226
T-BulletDispenser-1x,5529,21.621,3.12,3.13,0.0031,464,226
T-BulletDispenser-1x,5530,21.625,3.31,3.28,0.0033,464,226
T-BulletDispenser-1x,5531,21.628,3.40,3.40,0.0034,516,226
T-BulletDispenser-1x,5532,21.631,3.21,3.20,0.0032,464,226
T-BulletDispenser-1x,5533,21.634,3.26,3.28,0.0033,464,226
T-BulletDispenser-1x,5534,21.637,3.00,3.01,0.0030,464,226
T-BulletDispenser-1x,5535,21.640,3.00,2.98,0.0030,464,226
T-BulletDispenser-1x,5536,21.644,3.49,3.42,0.0035,464,226
T-BulletDispenser-1x,5537,21.647,2.99,3.08,0.0030,464,226
T-BulletDispenser-1x,5538,21.650,3.49,3.41,0.0035,464,226
T-BulletDispenser-1x,5539,21.654,3.34,3.39,0.0033,464,226
T-BulletDispenser-1x,5540,21.657,3.16,3.12,0.0032,464,226
T-BulletDispenser-1x,5541,21.660,3.38,3.38,0.0034,464,226
T-BulletDispenser-1x,5542,21.663,3.07,3.10,0.0031,464,226
T-BulletDispenser-1x,5543,21.666,2.92,2.90,0.0029,464,226
T-BulletDispenser-1x,5544,21.670,3.64,3.60,0.0036,464,226
T-BulletDispenser-1x,5545,21.674,3.56,3.59,0.0036,464,226
T-BulletDispenser-1x,5546,21.677,3.47,3.48,0.0035,464,226
T-BulletDispenser-1x,5547,21.680,3.35,3.33,0.0033,464,226
T-BulletDispenser-1x,5548,21.684,3.38,3.36,0.0034,464,226
T-BulletDispenser-1x,5549,21.687,3.56,3.59,0.0036,464,226
T-BulletDispenser-1x,5550,21.691,3.32,3.31,0.0033,464,226
T-BulletDispenser-1x,5551,21.694,3.22,3.21,0.0032,464,226
T-BulletDispenser-1x,5552,21.697,3.07,3.09,0.0031,464,226
T-BulletDispenser-1x,5553,21.700,3.30,3.30,0.0033,464,226
T-BulletDispenser-1x,5554,21.703,3.19,3.19,0.0032,464,226
T-BulletDispenser-1x,5555,21.707,3.23,3.21,0.0032,464,226
T-BulletDispenser-1x,5556,21.709,2.86,2.90,0.0029,464,226
T-BulletDispenser-1x,5557,21.712,2.81,2.78,0.0028,464,226
T-BulletDispenser-1x,5558,21.716,3.54,3.53,0.0035,464,226
T-BulletDispenser-1x,5559,21.719,3.43,3.40,0.0034,464,226
T-BulletDispenser-1x,5560,21.722,2.82,2.87,0.0028,464,226
T-BulletDispenser-1x,5561,21.725,3.22,3.18,0.0032,464,226
T-BulletDispenser-1x,5562,21.728,3.19,3.22,0.0032,464,226
T-BulletDispenser-1x,5563,21.732,3.02,3.00,0.0030,464,226
T-BulletDispenser-1x,5564,21.735,3.11,3.10,0.0031,464,226
T-BulletDispenser-1x,5565,21.738,3.26,3.30,0.0033,464,226
T-BulletDispenser-1x,5566,21.741,3.02,2.99,0.0030,464,226
T-BulletDispenser-1x,5567,21.744,3.43,3.41,0.0034,464,226
T-BulletDispenser-1x,5568,21.747,2.86,2.90,0.0029,464,226
T-BulletDispenser-1x,5569,21.750,3.02,2.99,0.0030,464,226
T-BulletDispenser-1x,5570,21.753,3.21,3.19,0.0032,464,226
T-BulletDispenser-1x,5571,21.757,3.40,3.41,0.0034,464,226
T-BulletDispenser-1x,5572,21.760,3.19,3.18,0.0032,464,226
T-BulletDispenser-1x,5573,21.763,3.08,3.11,0.0031,464,226
T-BulletDispenser-1x,5574,21.766,2.91,2.90,0.0029,464,226
T-BulletDispenser-1x,5575,21.769,2.56,2.59,0.0026,464,226
T-BulletDispenser-1x,5576,21.772,3.47,3.41,0.0035,464,226
T-BulletDispenser-1x,5577,21.775,3.29,3.30,0.0033,464,226
T-BulletDispenser-1x,5578,21.778,3.06,3.08,0.0031,464,226
T-BulletDispenser-1x,5579,21.781,3.01,3.01,0.0030,464,226
T-BulletDispenser-1x,5580,21.785,3.66,3.61,0.0037,464,226
T-BulletDispenser-1x,5581,21.789,3.54,3.58,0.0035,464,226
T-BulletDispenser-1x,5582,21.792,3.30,3.30,0.0033,464,226
T-BulletDispenser-1x,5583,21.795,3.34,3.31,0.0033,464,226
T-BulletDispenser-1x,5584,21.799,3.37,3.39,0.0034,464,226
T-BulletDispenser-1x,5585,21.801,2.76,2.80,0.0028,464,226
T-BulletDispenser-1x,5586,21.805,3.33,3.30,0.0033,464,226
T-BulletDispenser-1x,5587,21.808,3.29,3.30,0.0033,464,226
T-BulletDispenser-1x,5588,21.811,2.89,2.88,0.0029,464,226
T-BulletDispenser-1x,5589,21.814,2.81,2.80,0.0028,464,226
T-BulletDispenser-1x,5590,21.817,3.13,3.11,0.0031,464,226
T-BulletDispenser-1x,5591,21.820,3.48,3.49,0.0035,464,226
T-BulletDispenser-1x,5592,21.824,3.33,3.30,0.0033,464,226
T-BulletDispenser-1x,5593,21.827,3.15,3.11,0.0031,464,226
T-BulletDispenser-1x,5594,21.831,3.89,3.89,0.0039,516,226
T-BulletDispenser-1x,5595,21.834,3.61,3.59,0.0036,464,226
T-BulletDispenser-1x,5596,21.838,3.50,3.58,0.0035,464,226
T-BulletDispenser-1x,5597,21.841,3.19,3.20,0.0032,464,226
T-BulletDispenser-1x,5598,21.844,2.78,2.80,0.0028,464,226
T-BulletDispenser-1x,5599,21.847,3.63,3.53,0.0036,464,226
T-BulletDispenser-1x,5600,21.851,3.42,3.47,0.0034,464,226
T-BulletDispenser-1x,5601,21.854,3.58,3.60,0.0036,464,226
T-BulletDispenser-1x,5602,21.858,3.54,3.50,0.0035,464,226
T-BulletDispenser-1x,5603,21.861,3.51,3.52,0.0035,464,226
T-BulletDispenser-1x,5604,21.865,3.28,3.29,0.0033,464,226
T-BulletDispenser-1x,5605,21.868,3.08,3.09,0.0031,464,226
T-BulletDispenser-1x,5606,21.871,3.03,3.01,0.0030,464,226
T-BulletDispenser-1x,5607,21.874,3.22,3.21,0.0032,464,226
T-BulletDispenser-1x,5608,21.878,3.59,3.59,0.0036,464,226
T-BulletDispenser-1x,5609,21.881,2.94,2.99,0.0029,464,226
T-BulletDispenser-1x,5610,21.884,3.35,3.31,0.0033,464,226
T-BulletDispenser-1x,5611,21.887,3.10,3.09,0.0031,464,226
T-BulletDispenser-1x,5612,21.891,3.48,3.49,0.0035,464,226
T-BulletDispenser-1x,5613,21.894,3.62,3.60,0.0036,464,226
T-BulletDispenser-1x,5614,21.897,3.21,3.21,0.0032,464,226
T-BulletDispenser-1x,5615,21.901,3.67,3.69,0.0037,464,226
T-BulletDispenser-1x,5616,21.904,3.20,3.20,0.0032,464,226
T-BulletDispenser-1x,5617,21.908,3.51,3.51,0.0035,464,226
T-BulletDispenser-1x,5618,21.911,3.20,3.18,0.0032,464,226
T-BulletDispenser-1x,5619,21.914,3.19,3.20,0.0032,464,226
T-BulletDispenser-1x,5620,21.917,3.30,3.29,0.0033,464,226
T-BulletDispenser-1x,5621,21.921,3.39,3.42,0.0034,464,226
T-BulletDispenser-1x,5622,21.924,2.71,2.70,0.0027,464,226
T-BulletDispenser-1x,5623,21.927,3.23,3.21,0.0032,464,226
T-BulletDispenser-1x,5624,21.930,3.26,3.28,0.0033,464,226
T-BulletDispenser-1x,5625,21.933,3.31,3.29,0.0033,464,226
T-BulletDispenser-1x,5626,21.937,3.30,3.34,0.0033,464,226
T-BulletDispenser-1x,5627,21.939,2.73,2.74,0.0027,464,226
T-BulletDispenser-1x,5628,21.942,2.83,2.83,0.0028,464,226
T-BulletDispenser-1x,5629,21.945,2.95,2.90,0.0029,464,226
T-BulletDispenser-1x,5630,21.948,3.07,3.08,0.0031,464,226
T-BulletDispenser-1x,5631,21.951,3.19,3.21,0.0032,464,226
T-BulletDispenser-1x,5632,21.955,3.31,3.30,0.0033,464,226
T-BulletDispenser-1x,5633,21.958,3.51,3.50,0.0035,464,226
T-BulletDispenser-1x,5634,21.962,3.51,3.50,0.0035,464,226
T-BulletDispenser-1x,5635,21.965,3.49,3.49,0.0035,464,226
T-BulletDispenser-1x,5636,21.968,2.86,2.90,0.0029,464,226
T-BulletDispenser-1x,5637,21.971,3.35,3.32,0.0034,464,226
T-BulletDispenser-1x,5638,21.975,3.51,3.50,0.0035,464,226
T-BulletDispenser-1x,5639,21.978,3.09,3.08,0.0031,464,226
T-BulletDispenser-1x,5640,21.981,2.85,2.89,0.0029,464,226
T-BulletDispenser-1x,5641,21.984,2.79,2.80,0.0028,464,226
T-BulletDispenser-1x,5642,21.987,2.93,2.90,0.0029,464,226
T-BulletDispenser-1x,5643,21.990,3.41,3.39,0.0034,464,226
T-BulletDispenser-1x,5644,21.993,3.33,3.33,0.0033,464,226
T-BulletDispenser-1x,5645,21.996,3.15,3.18,0.0031,464,226
T-BulletDispenser-1x,5646,22.000,3.10,3.08,0.0031,464,226
T-BulletDispenser-1x,5647,22.003,3.01,3.00,0.0030,464,226
T-BulletDispenser-1x,5648,22.006,2.99,3.00,0.0030,464,226
T-BulletDispenser-1x,5649,22.009,3.52,3.21,0.0035,464,226
T-BulletDispenser-1x,5650,22.013,3.60,3.90,0.0036,464,226
T-BulletDispenser-1x,5651,22.016,3.02,2.99,0.0030,464,226
T-BulletDispenser-1x,5652,22.019,3.19,3.20,0.0032,464,226
T-BulletDispenser-1x,5653,22.022,3.34,3.31,0.0033,464,226
T-BulletDispenser-1x,5654,22.026,3.73,3.70,0.0037,464,226
T-BulletDispenser-1x,5655,22.029,3.32,3.36,0.0033,464,226
T-BulletDispenser-1x,5656,22.033,3.70,3.71,0.0037,516,226
T-BulletDispenser-1x,5657,22.037,3.72,3.72,0.0037,464,226
T-BulletDispenser-1x,5658,22.039,2.76,2.79,0.0028,464,226
T-BulletDispenser-1x,5659,22.043,3.08,3.00,0.0031,464,226
T-BulletDispenser-1x,5660,22.046,3.34,3.39,0.0033,464,226
T-BulletDispenser-1x,5661,22.049,2.94,2.91,0.0029,464,226
T-BulletDispenser-1x,5662,22.052,3.28,3.28,0.0033,464,226
T-BulletDispenser-1x,5663,22.055,3.12,3.11,0.0031,464,226
T-BulletDispenser-1x,5664,22.058,2.96,2.99,0.0030,464,226
T-BulletDispenser-1x,5665,22.061,3.03,3.00,0.0030,464,226
T-BulletDispenser-1x,5666,22.065,3.49,3.50,0.0035,464,226
T-BulletDispenser-1x,5667,22.068,3.20,3.21,0.0032,464,226
T-BulletDispenser-1x,5668,22.071,3.25,3.22,0.0033,464,226
T-BulletDispenser-1x,5669,22.074,3.12,3.17,0.0031,464,226
T-BulletDispenser-1x,5670,22.077,3.03,3.01,0.0030,464,226
T-BulletDispenser-1x,5671,22.080,2.99,2.99,0.0030,464,226
T-BulletDispenser-1x,5672,22.083,3.16,3.18,0.0032,464,226
T-BulletDispenser-1x,5673,22.087,3.11,3.09,0.0031,464,226
T-BulletDispenser-1x,5674,22.090,3.30,3.30,0.0033,464,226
T-BulletDispenser-1x,5675,22.093,2.89,2.91,0.0029,464,226
T-BulletDispenser-1x,5676,22.096,3.35,3.31,0.0034,464,226
T-BulletDispenser-1x,5677,22.099,3.28,3.31,0.0033,464,226
T-BulletDispenser-1x,5678,22.102,3.02,2.97,0.0030,464,226
T-BulletDispenser-1x,5679,22.106,3.17,3.20,0.0032,464,226
T-BulletDispenser-1x,5680,22.109,3.20,3.19,0.0032,464,226
T-BulletDispenser-1x,5681,22.112,3.09,3.10,0.0031,464,226
T-BulletDispenser-1x,5682,22.115,2.67,2.69,0.0027,464,226
T-BulletDispenser-1x,5683,22.118,3.15,3.11,0.0031,464,226
T-BulletDispenser-1x,5684,22.121,3.10,3.09,0.0031,464,226
T-BulletDispenser-1x,5685,22.124,3.11,3.11,0.0031,464,226
T-BulletDispenser-1x,5686,22.127,2.96,2.99,0.0030,464,226
T-BulletDispenser-1x,5687,22.130,3.21,3.20,0.0032,464,226
T-BulletDispenser-1x,5688,22.133,3.24,3.21,0.0032,464,226
T-BulletDispenser-1x,5689,22.137,3.31,3.33,0.0033,464,226
T-BulletDispenser-1x,5690,22.140,3.69,3.66,0.0037,464,226
T-BulletDispenser-1x,5691,22.143,3.04,3.08,0.0030,464,226
T-BulletDispenser-1x,5692,22.147,3.26,3.22,0.0033,464,226
T-BulletDispenser-1x,5693,22.150,3.85,3.80,0.0038,464,226
T-BulletDispenser-1x,5694,22.154,3.45,3.49,0.0034,464,226
T-BulletDispenser-1x,5695,22.157,3.02,3.01,0.0030,464,226
T-BulletDispenser-1x,5696,22.160,3.17,3.18,0.0032,464,226
T-BulletDispenser-1x,5697,22.164,3.38,3.39,0.0034,464,226
T-BulletDispenser-1x,5698,22.167,3.17,3.19,0.0032,464,226
T-BulletDispenser-1x,5699,22.170,3.49,3.41,0.0035,464,226
T-BulletDispenser-1x,5700,22.173,3.00,3.08,0.0030,464,226
T-BulletDispenser-1x,5701,22.176,3.01,3.01,0.0030,464,226
T-BulletDispenser-1x,5702,22.180,3.42,3.39,0.0034,464,226
T-BulletDispenser-1x,5703,22.183,3.18,3.19,0.0032,464,226
T-BulletDispenser-1x,5704,22.186,3.11,3.09,0.0031,464,226
T-BulletDispenser-1x,5705,22.189,3.15,3.12,0.0032,464,226
T-BulletDispenser-1x,5706,22.192,3.02,3.08,0.0030,464,226
T-BulletDispenser-1x,5707,22.195,2.83,2.81,0.0028,464,226
T-BulletDispenser-1x,5708,22.198,2.97,2.99,0.0030,464,226
T-BulletDispenser-1x,5709,22.201,2.92,2.90,0.0029,464,226
T-BulletDispenser-1x,5710,22.204,3.22,3.19,0.0032,464,226
T-BulletDispenser-1x,5711,22.207,3.33,3.31,0.0033,464,226
T-BulletDispenser-1x,5712,22.211,3.39,3.39,0.0034,464,226
T-BulletDispenser-1x,5713,22.214,3.21,3.21,0.0032,464,226
T-BulletDispenser-1x,5714,22.217,3.13,3.17,0.0031,464,226
T-BulletDispenser-1x,5715,22.220,3.35,3.31,0.0033,464,226
T-BulletDispenser-1x,5716,22.224,3.38,3.39,0.0034,464,226
T-BulletDispenser-1x,5717,22.227,2.77,2.81,0.0028,464,226
T-BulletDispenser-1x,5718,22.230,3.03,2.98,0.0030,464,226
T-BulletDispenser-1x,5719,22.233,3.52,3.51,0.0035,516,226
T-BulletDispenser-1x,5720,22.237,3.58,3.59,0.0036,464,226
T-BulletDispenser-1x,5721,22.240,3.23,3.22,0.0032,464,226
T-BulletDispenser-1x,5722,22.243,3.42,3.40,0.0034,464,226
T-BulletDispenser-1x,5723,22.246,3.01,3.08,0.0030,464,226
T-BulletDispenser-1x,5724,22.249,2.85,2.82,0.0029,464,226
T-BulletDispenser-1x,5725,22.252,2.96,2.98,0.0030,464,226
T-BulletDispenser-1x,5726,22.255,3.24,3.21,0.0032,464,226
T-BulletDispenser-1x,5727,22.259,3.09,3.08,0.0031,464,226
T-BulletDispenser-1x,5728,22.262,3.09,3.10,0.0031,464,226
T-BulletDispenser-1x,5729,22.265,3.43,3.41,0.0034,464,226
T-BulletDispenser-1x,5730,22.268,3.08,3.09,0.0031,464,226
T-BulletDispenser-1x,5731,22.271,3.02,3.02,0.0030,464,226
T-BulletDispenser-1x,5732,22.274,3.17,3.18,0.0032,464,226
T-BulletDispenser-1x,5733,22.278,3.33,3.30,0.0033,464,226
T-BulletDispenser-1x,5734,22.280,2.86,2.89,0.0029,464,226
T-BulletDispenser-1x,5735,22.284,3.44,3.41,0.0034,464,226
T-BulletDispenser-1x,5736,22.287,3.40,3.40,0.0034,464,226
T-BulletDispenser-1x,5737,22.290,2.89,2.90,0.0029,464,226
T-BulletDispenser-1x,5738,22.293,3.20,3.20,0.0032,464,226
T-BulletDispenser-1x,5739,22.297,3.09,3.08,0.0031,464,226
T-BulletDispenser-1x,5740,22.300,3.48,3.49,0.0035,464,226
T-BulletDispenser-1x,5741,22.303,3.31,3.31,0.0033,464,226
T-BulletDispenser-1x,5742,22.306,2.57,2.60,0.0026,464,226
T-BulletDispenser-1x,5743,22.309,2.95,2.91,0.0029,464,226
T-BulletDispenser-1x,5744,22.312,3.21,3.19,0.0032,464,226
T-BulletDispenser-1x,5745,22.315,3.39,3.40,0.0034,464,226
T-BulletDispenser-1x,5746,22.319,3.50,3.50,0.0035,464,226
T-BulletDispenser-1x,5747,22.322,2.87,2.90,0.0029,464,226
T-BulletDispenser-1x,5748,22.325,3.03,3.00,0.0030,464,226
T-BulletDispenser-1x,5749,22.328,3.19,3.20,0.0032,464,226
T-BulletDispenser-1x,5750,22.331,3.41,3.40,0.0034,464,226
T-BulletDispenser-1x,5751,22.334,2.76,2.78,0.0028,464,226
T-BulletDispenser-1x,5752,22.337,3.14,3.11,0.0031,464,226
T-BulletDispenser-1x,5753,22.341,3.31,3.21,0.0033,464,226
T-BulletDispenser-1x,5754,22.344,3.02,3.10,0.0030,464,226
T-BulletDispenser-1x,5755,22.347,3.39,3.40,0.0034,464,226
T-BulletDispenser-1x,5756,22.350,3.26,3.29,0.0033,464,226
T-BulletDispenser-1x,5757,22.353,3.01,2.99,0.0030,464,226
T-BulletDispenser-1x,5758,22.356,2.98,3.00,0.0030,464,226
T-BulletDispenser-1x,5759,22.359,2.91,2.90,0.0029,464,226
T-BulletDispenser-1x,5760,22.362,3.32,3.29,0.0033,464,226
T-BulletDispenser-1x,5761,22.366,3.50,3.51,0.0035,464,226
T-BulletDispenser-1x,5762,22.369,3.44,3.41,0.0034,464,226
T-BulletDispenser-1x,5763,22.372,2.73,2.78,0.0027,464,226
T-BulletDispenser-1x,5764,22.375,2.84,2.80,0.0028,464,226
T-BulletDispenser-1x,5765,22.378,3.25,3.23,0.0032,464,226
T-BulletDispenser-1x,5766,22.381,3.06,3.08,0.0031,464,226
T-BulletDispenser-1x,5767,22.385,3.62,3.60,0.0036,464,226
T-BulletDispenser-1x,5768,22.388,3.49,3.50,0.0035,464,226
T-BulletDispenser-1x,5769,22.392,3.23,3.20,0.0032,464,226
T-BulletDispenser-1x,5770,22.395,3.84,3.88,0.0038,464,226
T-BulletDispenser-1x,5771,22.399,3.49,3.50,0.0035,464,226
T-BulletDispenser-1x,5772,22.402,2.69,2.70,0.0027,464,226
T-BulletDispenser-1x,5773,22.405,3.03,3.00,0.0030,464,226
T-BulletDispenser-1x,5774,22.408,3.40,3.40,0.0034,464,226
T-BulletDispenser-1x,5775,22.411,3.30,3.29,0.0033,464,226
T-BulletDispenser-1x,5776,22.414,3.02,3.01,0.0030,464,226
T-BulletDispenser-1x,5777,22.418,3.29,3.30,0.0033,464,226
T-BulletDispenser-1x,5778,22.421,3.33,3.29,0.0033,464,226
T-BulletDispenser-1x,5779,22.425,3.52,3.50,0.0035,464,226
T-BulletDispenser-1x,5780,22.428,3.58,3.60,0.0036,464,226
T-BulletDispenser-1x,5781,22.432,3.59,3.59,0.0036,464,226
T-BulletDispenser-1x,5782,22.435,3.18,3.21,0.0032,516,226
T-BulletDispenser-1x,5783,22.438,3.10,3.08,0.0031,464,226
T-BulletDispenser-1x,5784,22.441,3.00,3.00,0.0030,464,226
T-BulletDispenser-1x,5785,22.444,3.22,3.21,0.0032,464,226
T-BulletDispenser-1x,5786,22.447,2.98,2.98,0.0030,464,226
T-BulletDispenser-1x,5787,22.451,3.50,3.50,0.0035,464,226
T-BulletDispenser-1x,5788,22.454,3.34,3.31,0.0033,464,226
T-BulletDispenser-1x,5789,22.457,3.17,3.20,0.0032,464,226
T-BulletDispenser-1x,5790,22.460,2.55,2.58,0.0025,464,226
T-BulletDispenser-1x,5791,22.463,2.87,2.82,0.0029,464,226
T-BulletDispenser-1x,5792,22.466,3.17,3.19,0.0032,464,226
T-BulletDispenser-1x,5793,22.469,3.52,3.51,0.0035,464,226
T-BulletDispenser-1x,5794,22.473,3.52,3.51,0.0035,464,226
T-BulletDispenser-1x,5795,22.476,3.08,3.08,0.0031,464,226
T-BulletDispenser-1x,5796,22.479,3.20,3.21,0.0032,464,226
T-BulletDispenser-1x,5797,22.482,3.30,3.30,0.0033,464,226
T-BulletDispenser-1x,5798,22.486,3.33,3.29,0.0033,464,226
T-BulletDispenser-1x,5799,22.489,2.94,2.99,0.0029,464,226
T-BulletDispenser-1x,5800,22.492,3.54,3.51,0.0035,464,226
T-BulletDispenser-1x,5801,22.496,3.32,3.30,0.0033,464,226
T-BulletDispenser-1x,5802,22.499,3.26,3.29,0.0033,464,226
T-BulletDispenser-1x,5803,22.502,3.18,3.19,0.0032,464,226
T-BulletDispenser-1x,5804,22.505,3.32,3.29,0.0033,464,226
T-BulletDispenser-1x,5805,22.508,3.01,3.01,0.0030,464,226
T-BulletDispenser-1x,5806,22.512,3.61,3.61,0.0036,464,226
T-BulletDispenser-1x,5807,22.515,3.39,3.40,0.0034,464,226
T-BulletDispenser-1x,5808,22.519,3.72,3.69,0.0037,464,226
T-BulletDispenser-1x,5809,22.522,3.16,3.19,0.0032,464,226
T-BulletDispenser-1x,5810,22.526,3.32,3.31,0.0033,464,226
T-BulletDispenser-1x,5811,22.529,3.51,3.49,0.0035,464,226
T-BulletDispenser-1x,5812,22.533,3.59,3.58,0.0036,464,226
T-BulletDispenser-1x,5813,22.537,4.20,4.24,0.0042,464,226
T-BulletDispenser-1x,5814,22.540,3.28,3.27,0.0033,464,226
T-BulletDispenser-1x,5815,22.543,3.08,3.09,0.0031,464,226
T-BulletDispenser-1x,5816,22.546,2.89,2.90,0.0029,464,226
T-BulletDispenser-1x,5817,22.549,2.77,2.71,0.0028,464,226
T-BulletDispenser-1x,5818,22.552,3.06,3.09,0.0031,464,226
T-BulletDispenser-1x,5819,22.555,3.31,3.31,0.0033,464,226
T-BulletDispenser-1x,5820,22.559,3.51,3.50,0.0035,464,226
T-BulletDispenser-1x,5821,22.562,3.19,3.20,0.0032,464,226
T-BulletDispenser-1x,5822,22.565,3.39,3.38,0.0034,464,226
T-BulletDispenser-1x,5823,22.569,3.54,3.52,0.0035,464,226
T-BulletDispenser-1x,5824,22.572,3.10,3.09,0.0031,464,226
T-BulletDispenser-1x,5825,22.575,3.14,3.18,0.0031,464,226
T-BulletDispenser-1x,5826,22.578,3.16,3.12,0.0032,464,226
T-BulletDispenser-1x,5827,22.582,3.60,3.60,0.0036,464,226
T-BulletDispenser-1x,5828,22.585,2.83,2.87,0.0028,464,226
T-BulletDispenser-1x,5829,22.588,3.34,3.31,0.0033,464,226
T-BulletDispenser-1x,5830,22.591,3.19,3.20,0.0032,464,226
T-BulletDispenser-1x,5831,22.594,2.77,2.81,0.0028,464,226
T-BulletDispenser-1x,5832,22.597,3.11,3.08,0.0031,464,226
T-BulletDispenser-1x,5833,22.601,3.52,3.52,0.0035,464,226
T-BulletDispenser-1x,5834,22.604,3.22,3.20,0.0032,464,226
T-BulletDispenser-1x,5835,22.607,3.20,3.18,0.0032,464,226
T-BulletDispenser-1x,5836,22.610,3.14,3.11,0.0031,464,226
T-BulletDispenser-1x,5837,22.613,3.10,3.17,0.0031,464,226
T-BulletDispenser-1x,5838,22.617,3.32,3.29,0.0033,464,226
T-BulletDispenser-1x,5839,22.620,3.44,3.42,0.0034,464,226
T-BulletDispenser-1x,5840,22.624,3.73,3.70,0.0037,464,226
T-BulletDispenser-1x,5841,22.627,3.28,3.30,0.0033,464,226
T-BulletDispenser-1x,5842,22.630,3.28,3.20,0.0033,464,226
T-BulletDispenser-1x,5843,22.634,3.42,3.48,0.0034,464,226
T-BulletDispenser-1x,5844,22.637,3.41,3.40,0.0034,516,226
T-BulletDispenser-1x,5845,22.641,3.37,3.38,0.0034,464,226
T-BulletDispenser-1x,5846,22.644,3.11,3.04,0.0031,464,226
T-BulletDispenser-1x,5847,22.647,3.22,3.26,0.0032,464,226
T-BulletDispenser-1x,5848,22.650,3.23,3.29,0.0032,464,226
T-BulletDispenser-1x,5849,22.653,3.03,2.99,0.0030,464,226
T-BulletDispenser-1x,5850,22.657,3.50,3.49,0.0035,464,226
T-BulletDispenser-1x,5851,22.659,2.87,2.91,0.0029,464,226
T-BulletDispenser-1x,5852,22.663,3.24,3.20,0.0032,464,226
T-BulletDispenser-1x,5853,22.666,3.09,3.11,0.0031,464,226
T-BulletDispenser-1x,5854,22.668,2.64,2.68,0.0026,464,226
T-BulletDispenser-1x,5855,22.671,3.04,3.00,0.0030,464,226
T-BulletDispenser-1x,5856,22.675,3.15,3.12,0.0031,464,226
T-BulletDispenser-1x,5857,22.678,2.97,2.98,0.0030,464,226
T-BulletDispenser-1x,5858,22.681,3.19,3.20,0.0032,464,226
T-BulletDispenser-1x,5859,22.684,3.19,3.19,0.0032,464,226
T-BulletDispenser-1x,5860,22.687,3.16,3.11,0.0032,464,226
T-BulletDispenser-1x,5861,22.690,3.05,3.09,0.0030,464,226
T-BulletDispenser-1x,5862,22.693,3.08,3.09,0.0031,464,226
T-BulletDispenser-1x,5863,22.697,3.22,3.20,0.0032,464,226
T-BulletDispenser-1x,5864,22.700,3.39,3.39,0.0034,464,226
T-BulletDispenser-1x,5865,22.703,3.34,3.30,0.0033,464,226
T-BulletDispenser-1x,5866,22.707,3.40,3.42,0.0034,464,226
T-BulletDispenser-1x,5867,22.710,3.39,3.39,0.0034,464,226
T-BulletDispenser-1x,5868,22.713,3.09,3.10,0.0031,464,226
T-BulletDispenser-1x,5869,22.716,2.99,2.99,0.0030,464,226
T-BulletDispenser-1x,5870,22.719,3.24,3.21,0.0032,464,226
T-BulletDispenser-1x,5871,22.723,3.29,3.30,0.0033,464,226
T-BulletDispenser-1x,5872,22.726,3.04,3.09,0.0030,464,226
T-BulletDispenser-1x,5873,22.729,3.36,3.30,0.0034,464,226
T-BulletDispenser-1x,5874,22.732,3.25,3.28,0.0033,464,226
T-BulletDispenser-1x,5875,22.735,2.68,2.70,0.0027,464,226
T-BulletDispenser-1x,5876,22.738,2.94,2.90,0.0029,464,226
T-BulletDispenser-1x,5877,22.741,3.43,3.40,0.0034,464,226
T-BulletDispenser-1x,5878,22.745,3.43,3.40,0.0034,464,226
T-BulletDispenser-1x,5879,22.748,3.38,3.39,0.0034,464,226
T-BulletDispenser-1x,5880,22.752,3.59,3.61,0.0036,464,226
T-BulletDispenser-1x,5881,22.755,3.06,3.09,0.0031,464,226
T-BulletDispenser-1x,5882,22.758,3.33,3.30,0.0033,464,226
T-BulletDispenser-1x,5883,22.762,3.49,3.50,0.0035,464,226
T-BulletDispenser-1x,5884,22.765,3.63,3.62,0.0036,464,226
T-BulletDispenser-1x,5885,22.768,3.15,3.16,0.0031,464,226
T-BulletDispenser-1x,5886,22.771,3.02,3.01,0.0030,464,226
T-BulletDispenser-1x,5887,22.774,2.68,2.69,0.0027,464,226
T-BulletDispenser-1x,5888,22.777,3.21,3.18,0.0032,464,226
T-BulletDispenser-1x,5889,22.781,3.31,3.31,0.0033,464,226
T-BulletDispenser-1x,5890,22.784,3.28,3.31,0.0033,464,226
T-BulletDispenser-1x,5891,22.787,3.33,3.30,0.0033,464,226
T-BulletDispenser-1x,5892,22.790,3.04,3.01,0.0030,464,226
T-BulletDispenser-1x,5893,22.793,2.85,2.89,0.0028,464,226
T-BulletDispenser-1x,5894,22.796,2.94,2.88,0.0029,464,226
T-BulletDispenser-1x,5895,22.799,3.10,3.11,0.0031,464,226
T-BulletDispenser-1x,5896,22.802,2.95,2.99,0.0030,464,226
T-BulletDispenser-1x,5897,22.805,3.16,3.12,0.0032,464,226
T-BulletDispenser-1x,5898,22.809,3.30,3.31,0.0033,464,226
T-BulletDispenser-1x,5899,22.812,3.39,3.39,0.0034,464,226
T-BulletDispenser-1x,5900,22.815,2.97,2.98,0.0030,464,226
T-BulletDispenser-1x,5901,22.818,2.89,2.90,0.0029,464,226
T-BulletDispenser-1x,5902,22.821,3.24,3.20,0.0032,464,226
T-BulletDispenser-1x,5903,22.824,3.31,3.30,0.0033,464,226
T-BulletDispenser-1x,5904,22.827,3.10,3.11,0.0031,464,226
T-BulletDispenser-1x,5905,22.831,3.48,3.48,0.0035,464,226
T-BulletDispenser-1x,5906,22.834,3.09,3.10,0.0031,464,226
T-BulletDispenser-1x,5907,22.837,3.31,3.31,0.0033,516,226
T-BulletDispenser-1x,5908,22.841,3.21,3.19,0.0032,464,226
T-BulletDispenser-1x,5909,22.844,3.49,3.49,0.0035,464,226
T-BulletDispenser-1x,5910,22.847,2.89,2.91,0.0029,464,226
T-BulletDispenser-1x,5911,22.850,3.37,3.32,0.0034,464,226
T-BulletDispenser-1x,5912,22.854,3.38,3.39,0.0034,464,226
T-BulletDispenser-1x,5913,22.857,3.70,3.68,0.0037,464,226
T-BulletDispenser-1x,5914,22.861,3.61,3.60,0.0036,464,226
T-BulletDispenser-1x,5915,22.864,3.38,3.39,0.0034,464,226
T-BulletDispenser-1x,5916,22.868,3.70,3.70,0.0037,464,226
T-BulletDispenser-1x,5917,22.872,3.48,3.50,0.0035,464,226
T-BulletDispenser-1x,5918,22.875,3.49,3.48,0.0035,464,226
T-BulletDispenser-1x,5919,22.878,3.29,3.28,0.0033,464,226
T-BulletDispenser-1x,5920,22.882,3.33,3.34,0.0033,464,226
T-BulletDispenser-1x,5921,22.885,3.17,3.17,0.0032,464,226
T-BulletDispenser-1x,5922,22.888,3.29,3.28,0.0033,464,226
T-BulletDispenser-1x,5923,22.891,3.19,3.20,0.0032,464,226
T-BulletDispenser-1x,5924,22.894,3.12,3.11,0.0031,464,226
T-BulletDispenser-1x,5925,22.898,3.28,3.22,0.0033,464,226
T-BulletDispenser-1x,5926,22.901,3.20,3.28,0.0032,464,226
T-BulletDispenser-1x,5927,22.904,3.23,3.20,0.0032,464,226
T-BulletDispenser-1x,5928,22.907,3.00,3.00,0.0030,464,226
T-BulletDispenser-1x,5929,22.911,3.63,3.62,0.0036,464,226
T-BulletDispenser-1x,5930,22.914,3.17,3.18,0.0032,464,226
T-BulletDispenser-1x,5931,22.917,3.15,3.19,0.0031,464,226
T-BulletDispenser-1x,5932,22.920,3.17,3.11,0.0032,464,226
T-BulletDispenser-1x,5933,22.924,3.39,3.39,0.0034,464,226
T-BulletDispenser-1x,5934,22.926,2.74,2.79,0.0027,464,226
T-BulletDispenser-1x,5935,22.930,3.24,3.20,0.0032,464,226
T-BulletDispenser-1x,5936,22.933,3.53,3.51,0.0035,464,226
T-BulletDispenser-1x,5937,22.937,3.55,3.57,0.0036,464,226
T-BulletDispenser-1x,5938,22.940,3.48,3.49,0.0035,464,226
T-BulletDispenser-1x,5939,22.943,2.79,2.83,0.0028,464,226
T-BulletDispenser-1x,5940,22.946,2.83,2.80,0.0028,464,226
T-BulletDispenser-1x,5941,22.949,3.31,3.30,0.0033,464,226
T-BulletDispenser-1x,5942,22.952,3.37,3.38,0.0034,464,226
T-BulletDispenser-1x,5943,22.955,2.92,2.92,0.0029,464,226
T-BulletDispenser-1x,5944,22.959,3.30,3.28,0.0033,464,226
T-BulletDispenser-1x,5945,22.962,2.99,2.99,0.0030,464,226
T-BulletDispenser-1x,5946,22.964,2.56,2.61,0.0026,464,226
T-BulletDispenser-1x,5947,22.967,2.95,2.90,0.0029,464,226
T-BulletDispenser-1x,5948,22.970,3.01,2.99,0.0030,464,226
T-BulletDispenser-1x,5949,22.973,2.85,2.89,0.0028,464,226
T-BulletDispenser-1x,5950,22.976,3.00,2.99,0.0030,464,226
T-BulletDispenser-1x,5951,22.979,3.14,3.12,0.0031,464,226
T-BulletDispenser-1x,5952,22.982,3.22,3.20,0.0032,464,226
T-BulletDispenser-1x,5953,22.985,3.06,3.09,0.0031,464,226
T-BulletDispenser-1x,5954,22.988,2.86,2.88,0.0029,464,226
T-BulletDispenser-1x,5955,22.992,3.36,3.31,0.0034,464,226
T-BulletDispenser-1x,5956,22.995,3.27,3.30,0.0033,464,226
T-BulletDispenser-1x,5957,22.998,3.33,3.31,0.0033,464,226
T-BulletDispenser-1x,5958,23.001,2.89,2.91,0.0029,464,226
T-BulletDispenser-1x,5959,23.004,3.24,3.22,0.0032,464,226
T-BulletDispenser-1x,5960,23.008,3.05,3.06,0.0031,464,226
T-BulletDispenser-1x,5961,23.011,3.43,3.41,0.0034,464,226
T-BulletDispenser-1x,5962,23.014,3.52,3.49,0.0035,464,226
T-BulletDispenser-1x,5963,23.017,3.05,3.09,0.0030,464,226
T-BulletDispenser-1x,5964,23.020,2.89,2.90,0.0029,464,226
T-BulletDispenser-1x,5965,23.023,3.01,3.00,0.0030,464,226
T-BulletDispenser-1x,5966,23.027,3.09,3.10,0.0031,464,226
T-BulletDispenser-1x,5967,23.030,3.21,3.21,0.0032,464,226
T-BulletDispenser-1x,5968,23.033,3.21,3.19,0.0032,464,226
T-BulletDispenser-1x,5969,23.037,3.84,3.84,0.0038,464,226
T-BulletDispenser-1x,5970,23.039,2.70,2.75,0.0027,516,226
T-BulletDispenser-1x,5971,23.043,3.18,3.12,0.0032,464,226
T-BulletDispenser-1x,5972,23.046,3.38,3.39,0.0034,464,226
T-BulletDispenser-1x,5973,23.049,3.31,3.30,0.0033,464,226
T-BulletDispenser-1x,5974,23.053,3.21,3.21,0.0032,464,226
T-BulletDispenser-1x,5975,23.056,3.28,3.29,0.0033,464,226
T-BulletDispenser-1x,5976,23.059,3.08,3.09,0.0031,464,226
T-BulletDispenser-1x,5977,23.061,2.58,2.59,0.0026,464,226
T-BulletDispenser-1x,5978,23.065,3.68,3.61,0.0037,464,226
T-BulletDispenser-1x,5979,23.068,3.17,3.20,0.0032,464,226
T-BulletDispenser-1x,5980,23.072,3.32,3.30,0.0033,464,226
T-BulletDispenser-1x,5981,23.075,3.15,3.18,0.0031,464,226
T-BulletDispenser-1x,5982,23.078,2.72,2.71,0.0027,464,226
T-BulletDispenser-1x,5983,23.081,3.18,3.18,0.0032,464,226
T-BulletDispenser-1x,5984,23.084,3.43,3.41,0.0034,464,226
T-BulletDispenser-1x,5985,23.088,3.47,3.51,0.0035,464,226
T-BulletDispenser-1x,5986,23.091,3.04,2.99,0.0030,464,226
T-BulletDispenser-1x,5987,23.094,3.58,3.61,0.0036,464,226
T-BulletDispenser-1x,5988,23.097,2.99,2.98,0.0030,464,226
T-BulletDispenser-1x,5989,23.101,3.42,3.42,0.0034,464,226
T-BulletDispenser-1x,5990,23.104,3.19,3.18,0.0032,464,226
T-BulletDispenser-1x,5991,23.107,3.12,3.11,0.0031,464,226
T-BulletDispenser-1x,5992,23.110,3.29,3.29,0.0033,464,226
T-BulletDispenser-1x,5993,23.114,3.51,3.51,0.0035,464,226
T-BulletDispenser-1x,5994,23.117,3.30,3.29,0.0033,464,226
T-BulletDispenser-1x,5995,23.121,3.48,3.49,0.0035,464,226
T-BulletDispenser-1x,5996,23.124,3.11,3.10,0.0031,464,226
T-BulletDispenser-1x,5997,23.126,2.76,2.79,0.0028,464,226
T-BulletDispenser-1x,5998,23.130,3.25,3.21,0.0033,464,226
T-BulletDispenser-1x,5999,23.133,3.37,3.40,0.0034,464,226
T-BulletDispenser-1x,6000,23.137,3.74,3.71,0.0037,464,226
T-BulletDispenser-1x,6001,23.140,3.47,3.48,0.0035,464,226
T-BulletDispenser-1x,6002,23.143,3.20,3.21,0.0032,464,226
T-BulletDispenser-1x,6003,23.146,2.97,3.00,0.0030,464,226
T-BulletDispenser-1x,6004,23.149,2.82,2.79,0.0028,464,226
T-BulletDispenser-1x,6005,23.152,2.98,2.99,0.0030,464,226
T-BulletDispenser-1x,6006,23.155,3.22,3.21,0.0032,464,226
T-BulletDispenser-1x,6007,23.159,3.31,3.30,0.0033,464,226
T-BulletDispenser-1x,6008,23.162,3.48,3.49,0.0035,464,226
T-BulletDispenser-1x,6009,23.165,3.21,3.20,0.0032,464,226
T-BulletDispenser-1x,6010,23.168,2.90,2.89,0.0029,464,226
T-BulletDispenser-1x,6011,23.171,2.86,2.90,0.0029,464,226
T-BulletDispenser-1x,6012,23.174,2.95,2.90,0.0029,464,226
T-BulletDispenser-1x,6013,23.178,3.41,3.40,0.0034,464,226
T-BulletDispenser-1x,6014,23.181,3.16,3.19,0.0032,464,226
T-BulletDispenser-1x,6015,23.184,3.08,3.09,0.0031,464,226
T-BulletDispenser-1x,6016,23.187,3.01,2.99,0.0030,464,226
T-BulletDispenser-1x,6017,23.190,3.02,3.01,0.0030,464,226
T-BulletDispenser-1x,6018,23.193,3.31,3.31,0.0033,464,226
T-BulletDispenser-1x,6019,23.197,3.40,3.39,0.0034,464,226
T-BulletDispenser-1x,6020,23.200,3.40,3.41,0.0034,464,226
T-BulletDispenser-1x,6021,23.203,3.10,3.09,0.0031,464,226
T-BulletDispenser-1x,6022,23.206,2.97,2.99,0.0030,464,226
T-BulletDispenser-1x,6023,23.209,2.99,2.99,0.0030,464,226
T-BulletDispenser-1x,6024,23.212,3.32,3.30,0.0033,464,226
T-BulletDispenser-1x,6025,23.216,3.31,3.30,0.0033,464,226
T-BulletDispenser-1x,6026,23.219,3.46,3.40,0.0035,464,226
T-BulletDispenser-1x,6027,23.222,2.94,2.99,0.0029,464,226
T-BulletDispenser-1x,6028,23.226,3.52,3.51,0.0035,464,226
T-BulletDispenser-1x,6029,23.229,3.08,3.09,0.0031,464,226
T-BulletDispenser-1x,6030,23.232,3.24,3.22,0.0032,464,226
T-BulletDispenser-1x,6031,23.236,3.92,3.89,0.0039,464,226
T-BulletDispenser-1x,6032,23.239,3.20,3.27,0.0032,464,226
T-BulletDispenser-1x,6033,23.242,3.12,3.11,0.0031,516,226
T-BulletDispenser-1x,6034,23.245,3.30,3.31,0.0033,464,226
T-BulletDispenser-1x,6035,23.249,3.22,3.20,0.0032,464,226
T-BulletDispenser-1x,6036,23.252,3.32,3.31,0.0033,464,226
T-BulletDispenser-1x,6037,23.255,3.14,3.19,0.0031,464,226
T-BulletDispenser-1x,6038,23.258,3.25,3.20,0.0032,464,226
T-BulletDispenser-1x,6039,23.261,2.87,2.88,0.0029,464,226
T-BulletDispenser-1x,6040,23.264,2.88,2.91,0.0029,464,226
T-BulletDispenser-1x,6041,23.267,3.04,2.99,0.0030,464,226
T-BulletDispenser-1x,6042,23.270,3.23,3.22,0.0032,464,226
T-BulletDispenser-1x,6043,23.273,3.08,3.09,0.0031,464,226
T-BulletDispenser-1x,6044,23.277,3.31,3.30,0.0033,464,226
T-BulletDispenser-1x,6045,23.280,3.42,3.40,0.0034,464,226
T-BulletDispenser-1x,6046,23.283,3.24,3.27,0.0032,464,226
T-BulletDispenser-1x,6047,23.287,3.20,3.22,0.0032,464,226
T-BulletDispenser-1x,6048,23.289,2.73,2.70,0.0027,464,226
T-BulletDispenser-1x,6049,23.293,3.79,3.79,0.0038,464,226
T-BulletDispenser-1x,6050,23.296,3.26,3.21,0.0033,464,226
T-BulletDispenser-1x,6051,23.300,3.65,3.68,0.0037,464,226
T-BulletDispenser-1x,6052,23.303,3.23,3.22,0.0032,464,226
T-BulletDispenser-1x,6053,23.306,3.12,3.17,0.0031,464,226
T-BulletDispenser-1x,6054,23.310,3.23,3.22,0.0032,464,226
T-BulletDispenser-1x,6055,23.313,3.41,3.40,0.0034,464,226
T-BulletDispenser-1x,6056,23.317,3.50,3.50,0.0035,464,226
T-BulletDispenser-1x,6057,23.320,3.51,3.50,0.0035,464,226
T-BulletDispenser-1x,6058,23.323,3.29,3.27,0.0033,464,226
T-BulletDispenser-1x,6059,23.326,2.98,3.01,0.0030,464,226
T-BulletDispenser-1x,6060,23.329,3.04,3.00,0.0030,464,226
T-BulletDispenser-1x,6061,23.333,3.62,3.61,0.0036,464,226
T-BulletDispenser-1x,6062,23.337,3.79,3.83,0.0038,464,226
T-BulletDispenser-1x,6063,23.340,3.42,3.37,0.0034,464,226
T-BulletDispenser-1x,6064,23.344,3.96,3.98,0.0040,464,226
T-BulletDispenser-1x,6065,23.347,3.31,3.32,0.0033,464,226
T-BulletDispenser-1x,6066,23.351,3.69,3.70,0.0037,464,226
T-BulletDispenser-1x,6067,23.355,3.58,3.59,0.0036,464,226
T-BulletDispenser-1x,6068,23.358,3.52,3.50,0.0035,464,226
T-BulletDispenser-1x,6069,23.362,3.38,3.39,0.0034,464,226
T-BulletDispenser-1x,6070,23.365,3.72,3.70,0.0037,464,226
T-BulletDispenser-1x,6071,23.369,3.32,3.31,0.0033,464,226
T-BulletDispenser-1x,6072,23.372,3.18,3.20,0.0032,464,226
T-BulletDispenser-1x,6073,23.375,3.33,3.30,0.0033,464,226
T-BulletDispenser-1x,6074,23.378,3.06,3.09,0.0031,464,226
T-BulletDispenser-1x,6075,23.382,3.33,3.31,0.0033,464,226
T-BulletDispenser-1x,6076,23.386,4.09,4.08,0.0041,464,226
T-BulletDispenser-1x,6077,23.389,3.26,3.31,0.0033,464,226
T-BulletDispenser-1x,6078,23.392,3.01,2.99,0.0030,464,226
T-BulletDispenser-1x,6079,23.395,3.35,3.33,0.0033,464,226
T-BulletDispenser-1x,6080,23.399,3.27,3.27,0.0033,464,226
T-BulletDispenser-1x,6081,23.402,3.54,3.51,0.0035,464,226
T-BulletDispenser-1x,6082,23.405,3.36,3.39,0.0034,464,226
T-BulletDispenser-1x,6083,23.408,3.03,3.07,0.0030,464,226
T-BulletDispenser-1x,6084,23.412,3.05,3.03,0.0031,464,226
T-BulletDispenser-1x,6085,23.415,3.72,3.69,0.0037,464,226
T-BulletDispenser-1x,6086,23.419,3.45,3.43,0.0035,464,226
T-BulletDispenser-1x,6087,23.422,3.36,3.38,0.0034,464,226
T-BulletDispenser-1x,6088,23.425,3.35,3.37,0.0033,464,226
T-BulletDispenser-1x,6089,23.429,3.12,3.11,0.0031,464,226
T-BulletDispenser-1x,6090,23.432,3.20,3.19,0.0032,464,226
T-BulletDispenser-1x,6091,23.435,3.26,3.21,0.0033,464,226
T-BulletDispenser-1x,6092,23.439,3.56,3.60,0.0036,464,226
T-BulletDispenser-1x,6093,23.442,3.46,3.49,0.0035,464,226
T-BulletDispenser-1x,6094,23.445,3.23,3.20,0.0032,516,226
T-BulletDispenser-1x,6095,23.449,3.51,3.50,0.0035,464,226
T-BulletDispenser-1x,6096,23.452,3.53,3.50,0.0035,464,226
T-BulletDispenser-1x,6097,23.456,3.45,3.49,0.0035,464,226
T-BulletDispenser-1x,6098,23.460,3.82,3.82,0.0038,464,226
T-BulletDispenser-1x,6099,23.463,3.39,3.39,0.0034,464,226
T-BulletDispenser-1x,6100,23.466,3.48,3.50,0.0035,464,226
T-BulletDispenser-1x,6101,23.469,2.99,2.99,0.0030,464,226
T-BulletDispenser-1x,6102,23.473,3.43,3.41,0.0034,464,226
T-BulletDispenser-1x,6103,23.476,3.19,3.20,0.0032,464,226
T-BulletDispenser-1x,6104,23.479,2.96,2.98,0.0030,464,226
T-BulletDispenser-1x,6105,23.482,3.16,3.12,0.0032,464,226
T-BulletDispenser-1x,6106,23.486,3.51,3.49,0.0035,464,226
T-BulletDispenser-1x,6107,23.489,3.27,3.29,0.0033,464,226
T-BulletDispenser-1x,6108,23.493,3.95,3.91,0.0039,464,226
T-BulletDispenser-1x,6109,23.497,3.65,3.59,0.0037,464,226
T-BulletDispenser-1x,6110,23.500,3.93,3.98,0.0039,464,226
T-BulletDispenser-1x,6111,23.504,3.90,3.91,0.0039,464,226
T-BulletDispenser-1x,6112,23.508,3.47,3.48,0.0035,464,226
T-BulletDispenser-1x,6113,23.511,3.63,3.61,0.0036,464,226
T-BulletDispenser-1x,6114,23.514,2.84,2.89,0.0028,464,226
T-BulletDispenser-1x,6115,23.518,3.57,3.50,0.0036,464,226
T-BulletDispenser-1x,6116,23.521,3.60,3.60,0.0036,464,226
T-BulletDispenser-1x,6117,23.525,3.59,3.59,0.0036,464,226
T-BulletDispenser-1x,6118,23.529,3.77,3.72,0.0038,464,226
T-BulletDispenser-1x,6119,23.532,3.50,3.56,0.0035,464,226
T-BulletDispenser-1x,6120,23.535,3.08,3.11,0.0031,464,226
T-BulletDispenser-1x,6121,23.539,3.25,3.21,0.0033,464,226
T-BulletDispenser-1x,6122,23.542,3.56,3.59,0.0036,464,226
T-BulletDispenser-1x,6123,23.546,3.33,3.31,0.0033,464,226
T-BulletDispenser-1x,6124,23.549,3.82,3.79,0.0038,464,226
T-BulletDispenser-1x,6125,23.553,3.27,3.30,0.0033,464,226
T-BulletDispenser-1x,6126,23.556,3.07,3.09,0.0031,464,226
T-BulletDispenser-1x,6127,23.559,3.24,3.21,0.0032,464,226
T-BulletDispenser-1x,6128,23.562,3.11,3.09,0.0031,464,226
T-BulletDispenser-1x,6129,23.566,3.53,3.42,0.0035,464,226
T-BulletDispenser-1x,6130,23.569,3.71,3.78,0.0037,464,226
T-BulletDispenser-1x,6131,23.573,3.55,3.57,0.0036,464,226
T-BulletDispenser-1x,6132,23.576,3.22,3.22,0.0032,464,226
T-BulletDispenser-1x,6133,23.579,3.40,3.39,0.0034,464,226
T-BulletDispenser-1x,6134,23.583,3.90,3.91,0.0039,464,226
T-BulletDispenser-1x,6135,23.587,3.38,3.38,0.0034,464,226
T-BulletDispenser-1x,6136,23.590,3.60,3.59,0.0036,464,226
T-BulletDispenser-1x,6137,23.594,3.43,3.41,0.0034,464,226
T-BulletDispenser-1x,6138,23.597,3.13,3.19,0.0031,464,226
T-BulletDispenser-1x,6139,23.600,3.06,3.01,0.0031,464,226
T-BulletDispenser-1x,6140,23.603,3.20,3.20,0.0032,464,226
T-BulletDispenser-1x,6141,23.606,3.06,3.10,0.0031,464,226
T-BulletDispenser-1x,6142,23.610,3.38,3.32,0.0034,464,226
T-BulletDispenser-1x,6143,23.613,3.63,3.66,0.0036,464,226
T-BulletDispenser-1x,6144,23.617,3.61,3.60,0.0036,464,226
T-BulletDispenser-1x,6145,23.620,3.12,3.11,0.0031,464,226
T-BulletDispenser-1x,6146,23.623,3.06,3.09,0.0031,464,226
T-BulletDispenser-1x,6147,23.626,3.38,3.39,0.0034,464,226
T-BulletDispenser-1x,6148,23.630,3.25,3.20,0.0033,464,226
T-BulletDispenser-1x,6149,23.633,3.39,3.41,0.0034,464,226
T-BulletDispenser-1x,6150,23.637,3.72,3.70,0.0037,464,226
T-BulletDispenser-1x,6151,23.640,3.48,3.50,0.0035,464,226
T-BulletDispenser-1x,6152,23.643,3.09,3.10,0.0031,464,226
T-BulletDispenser-1x,6153,23.647,3.33,3.30,0.0033,516,226
T-BulletDispenser-1x,6154,23.650,3.58,3.60,0.0036,464,226
T-BulletDispenser-1x,6155,23.654,3.72,3.69,0.0037,464,226
T-BulletDispenser-1x,6156,23.657,3.27,3.28,0.0033,464,226
T-BulletDispenser-1x,6157,23.660,3.12,3.05,0.0031,464,226
T-BulletDispenser-1x,6158,23.663,3.16,3.24,0.0032,464,226
T-BulletDispenser-1x,6159,23.667,3.45,3.42,0.0035,464,226
T-BulletDispenser-1x,6160,23.671,3.69,3.69,0.0037,464,226
T-BulletDispenser-1x,6161,23.674,3.39,3.40,0.0034,464,226
T-BulletDispenser-1x,6162,23.678,3.59,3.59,0.0036,464,226
T-BulletDispenser-1x,6163,23.680,2.88,2.91,0.0029,464,226
T-BulletDispenser-1x,6164,23.683,2.95,2.91,0.0029,464,226
T-BulletDispenser-1x,6165,23.687,3.24,3.27,0.0032,464,226
T-BulletDispenser-1x,6166,23.690,3.00,3.00,0.0030,464,226
T-BulletDispenser-1x,6167,23.693,3.23,3.20,0.0032,464,226
T-BulletDispenser-1x,6168,23.696,3.51,3.49,0.0035,464,226
T-BulletDispenser-1x,6169,23.700,3.70,3.70,0.0037,464,226
T-BulletDispenser-1x,6170,23.704,3.44,3.42,0.0034,464,226
T-BulletDispenser-1x,6171,23.707,3.26,3.28,0.0033,464,226
T-BulletDispenser-1x,6172,23.710,3.64,3.62,0.0036,464,226
T-BulletDispenser-1x,6173,23.714,3.38,3.39,0.0034,464,226
T-BulletDispenser-1x,6174,23.718,3.67,3.69,0.0037,464,226
T-BulletDispenser-1x,6175,23.721,3.40,3.40,0.0034,464,226
T-BulletDispenser-1x,6176,23.724,3.33,3.31,0.0033,464,226
T-BulletDispenser-1x,6177,23.727,3.15,3.18,0.0032,464,226
T-BulletDispenser-1x,6178,23.730,2.88,2.89,0.0029,464,226
T-BulletDispenser-1x,6179,23.734,3.35,3.30,0.0033,464,226
T-BulletDispenser-1x,6180,23.737,3.45,3.48,0.0034,464,226
T-BulletDispenser-1x,6181,23.740,3.18,3.19,0.0032,464,226
T-BulletDispenser-1x,6182,23.744,3.44,3.41,0.0034,464,226
T-BulletDispenser-1x,6183,23.747,3.22,3.21,0.0032,464,226
T-BulletDispenser-1x,6184,23.750,3.30,3.29,0.0033,464,226
T-BulletDispenser-1x,6185,23.753,3.11,3.11,0.0031,464,226
T-BulletDispenser-1x,6186,23.757,3.46,3.42,0.0035,464,226
T-BulletDispenser-1x,6187,23.760,3.38,3.38,0.0034,464,226
T-BulletDispenser-1x,6188,23.764,3.80,3.79,0.0038,464,226
T-BulletDispenser-1x,6189,23.767,3.15,3.20,0.0031,464,226
T-BulletDispenser-1x,6190,23.771,3.39,3.39,0.0034,464,226
T-BulletDispenser-1x,6191,23.774,2.99,2.99,0.0030,464,226
T-BulletDispenser-1x,6192,23.777,3.24,3.21,0.0032,464,226
T-BulletDispenser-1x,6193,23.780,3.56,3.59,0.0036,464,226
T-BulletDispenser-1x,6194,23.784,3.64,3.60,0.0036,464,226
T-BulletDispenser-1x,6195,23.787,3.55,3.59,0.0036,464,226
T-BulletDispenser-1x,6196,23.791,3.53,3.51,0.0035,464,226
T-BulletDispenser-1x,6197,23.794,2.87,2.90,0.0029,464,226
T-BulletDispenser-1x,6198,23.797,3.23,3.20,0.0032,464,226
T-BulletDispenser-1x,6199,23.800,3.28,3.29,0.0033,464,226
T-BulletDispenser-1x,6200,23.803,3.10,3.10,0.0031,464,226
T-BulletDispenser-1x,6201,23.807,3.54,3.48,0.0035,464,226
T-BulletDispenser-1x,6202,23.811,3.43,3.43,0.0034,464,226
T-BulletDispenser-1x,6203,23.814,3.47,3.49,0.0035,464,226
T-BulletDispenser-1x,6204,23.817,3.06,3.09,0.0031,464,226
T-BulletDispenser-1x,6205,23.821,3.65,3.62,0.0037,464,226
T-BulletDispenser-1x,6206,23.824,3.46,3.40,0.0035,464,226
T-BulletDispenser-1x,6207,23.828,3.54,3.59,0.0035,464,226
T-BulletDispenser-1x,6208,23.831,3.28,3.29,0.0033,464,226
T-BulletDispenser-1x,6209,23.834,3.41,3.39,0.0034,464,226
T-BulletDispenser-1x,6210,23.838,3.61,3.59,0.0036,464,226
T-BulletDispenser-1x,6211,23.841,3.41,3.41,0.0034,464,226
T-BulletDispenser-1x,6212,23.845,3.38,3.40,0.0034,464,226
T-BulletDispenser-1x,6213,23.848,2.85,2.90,0.0029,516,226
T-BulletDispenser-1x,6214,23.851,3.15,3.10,0.0032,464,226
T-BulletDispenser-1x,6215,23.854,3.69,3.69,0.0037,464,226
T-BulletDispenser-1x,6216,23.858,3.53,3.50,0.0035,464,226
T-BulletDispenser-1x,6217,23.861,3.33,3.31,0.0033,464,226
T-BulletDispenser-1x,6218,23.865,3.30,3.30,0.0033,464,226
T-BulletDispenser-1x,6219,23.868,3.45,3.49,0.0034,464,226
T-BulletDispenser-1x,6220,23.871,3.04,3.08,0.0030,464,226
T-BulletDispenser-1x,6221,23.874,2.61,2.60,0.0026,464,226
T-BulletDispenser-1x,6222,23.877,3.10,3.10,0.0031,464,226
T-BulletDispenser-1x,6223,23.880,3.22,3.20,0.0032,464,226
T-BulletDispenser-1x,6224,23.883,3.34,3.32,0.0033,464,226
T-BulletDispenser-1x,6225,23.887,3.59,3.59,0.0036,464,226
T-BulletDispenser-1x,6226,23.890,3.25,3.26,0.0032,464,226
T-BulletDispenser-1x,6227,23.893,3.24,3.23,0.0032,464,226
T-BulletDispenser-1x,6228,23.897,3.19,3.19,0.0032,464,226
T-BulletDispenser-1x,6229,23.900,3.38,3.39,0.0034,464,226
T-BulletDispenser-1x,6230,23.903,3.33,3.30,0.0033,464,226
T-BulletDispenser-1x,6231,23.907,3.50,3.51,0.0035,464,226
T-BulletDispenser-1x,6232,23.910,2.96,2.99,0.0030,464,226
T-BulletDispenser-1x,6233,23.913,2.94,2.91,0.0029,464,226
T-BulletDispenser-1x,6234,23.916,3.40,3.40,0.0034,464,226
T-BulletDispenser-1x,6235,23.920,3.42,3.40,0.0034,464,226
T-BulletDispenser-1x,6236,23.922,2.84,2.88,0.0028,464,226
T-BulletDispenser-1x,6237,23.926,3.22,3.20,0.0032,464,226
T-BulletDispenser-1x,6238,23.929,3.11,3.11,0.0031,464,226
T-BulletDispenser-1x,6239,23.932,3.00,2.99,0.0030,464,226
T-BulletDispenser-1x,6240,23.935,3.31,3.29,0.0033,464,226
T-BulletDispenser-1x,6241,23.939,3.50,3.50,0.0035,464,226
T-BulletDispenser-1x,6242,23.942,3.34,3.39,0.0033,464,226
T-BulletDispenser-1x,6243,23.945,3.28,3.23,0.0033,464,226
T-BulletDispenser-1x,6244,23.949,3.61,3.58,0.0036,464,226
T-BulletDispenser-1x,6245,23.952,3.57,3.60,0.0036,464,226
T-BulletDispenser-1x,6246,23.955,2.84,2.89,0.0028,464,226
T-BulletDispenser-1x,6247,23.958,2.93,2.91,0.0029,464,226
T-BulletDispenser-1x,6248,23.962,3.51,3.49,0.0035,464,226
T-BulletDispenser-1x,6249,23.965,3.41,3.41,0.0034,464,226
T-BulletDispenser-1x,6250,23.968,2.85,2.90,0.0028,464,226
T-BulletDispenser-1x,6251,23.971,3.54,3.50,0.0035,464,226
T-BulletDispenser-1x,6252,23.975,3.37,3.39,0.0034,464,226
T-BulletDispenser-1x,6253,23.978,3.01,3.00,0.0030,464,226
T-BulletDispenser-1x,6254,23.981,3.18,3.20,0.0032,464,226
T-BulletDispenser-1x,6255,23.984,3.25,3.20,0.0032,464,226
T-BulletDispenser-1x,6256,23.988,3.35,3.38,0.0034,464,226
T-BulletDispenser-1x,6257,23.991,3.36,3.32,0.0034,464,226
T-BulletDispenser-1x,6258,23.994,2.94,2.91,0.0029,464,226
T-BulletDispenser-1x,6259,23.997,3.32,3.37,0.0033,464,226
T-BulletDispenser-1x,6260,24.000,3.17,3.19,0.0032,464,226
T-BulletDispenser-1x,6261,24.004,3.11,3.09,0.0031,464,226
T-BulletDispenser-1x,6262,24.007,3.33,3.31,0.0033,464,226
T-BulletDispenser-1x,6263,24.010,3.05,2.90,0.0031,464,226
T-BulletDispenser-1x,6264,24.013,3.47,3.61,0.0035,464,226
T-BulletDispenser-1x,6265,24.017,3.43,3.47,0.0034,464,226
T-BulletDispenser-1x,6266,24.020,2.73,2.71,0.0027,464,226
T-BulletDispenser-1x,6267,24.023,3.39,3.40,0.0034,464,226
T-BulletDispenser-1x,6268,24.026,3.33,3.29,0.0033,464,226
T-BulletDispenser-1x,6269,24.030,3.33,3.31,0.0033,464,226
T-BulletDispenser-1x,6270,24.033,3.17,3.19,0.0032,464,226
T-BulletDispenser-1x,6271,24.037,4.09,4.10,0.0041,464,226
T-BulletDispenser-1x,6272,24.040,3.61,3.61,0.0036,464,226
T-BulletDispenser-1x,6273,24.044,3.18,3.18,0.0032,464,226
T-BulletDispenser-1x,6274,24.047,3.23,3.21,0.0032,464,226
T-BulletDispenser-1x,6275,24.050,3.51,3.50,0.0035,516,226
T-BulletDispenser-1x,6276,24.054,3.70,3.70,0.0037,464,226
T-BulletDispenser-1x,6277,24.057,3.20,3.19,0.0032,464,226
T-BulletDispenser-1x,6278,24.061,3.50,3.50,0.0035,464,226
T-BulletDispenser-1x,6279,24.064,3.21,3.21,0.0032,464,226
T-BulletDispenser-1x,6280,24.067,3.45,3.48,0.0035,464,226
T-BulletDispenser-1x,6281,24.070,3.00,2.99,0.0030,464,226
T-BulletDispenser-1x,6282,24.074,3.45,3.41,0.0034,464,226
T-BulletDispenser-1x,6283,24.078,3.67,3.68,0.0037,464,226
T-BulletDispenser-1x,6284,24.081,3.08,3.10,0.0031,464,226
T-BulletDispenser-1x,6285,24.084,3.29,3.30,0.0033,464,226
T-BulletDispenser-1x,6286,24.087,3.10,3.10,0.0031,464,226
T-BulletDispenser-1x,6287,24.090,3.01,3.01,0.0030,464,226
T-BulletDispenser-1x,6288,24.093,3.01,3.00,0.0030,464,226
T-BulletDispenser-1x,6289,24.097,3.64,3.58,0.0036,464,226
T-BulletDispenser-1x,6290,24.100,3.77,3.81,0.0038,464,226
T-BulletDispenser-1x,6291,24.104,3.61,3.60,0.0036,464,226
T-BulletDispenser-1x,6292,24.107,2.87,2.89,0.0029,464,226
T-BulletDispenser-1x,6293,24.110,2.90,2.91,0.0029,464,226
T-BulletDispenser-1x,6294,24.113,3.11,3.08,0.0031,464,226
T-BulletDispenser-1x,6295,24.116,2.98,2.99,0.0030,464,226
T-BulletDispenser-1x,6296,24.119,3.33,3.23,0.0033,464,226
T-BulletDispenser-1x,6297,24.123,3.44,3.49,0.0034,464,226
T-BulletDispenser-1x,6298,24.126,3.19,3.20,0.0032,464,226
T-BulletDispenser-1x,6299,24.129,2.95,2.99,0.0029,464,226
T-BulletDispenser-1x,6300,24.132,3.02,2.99,0.0030,464,226
T-BulletDispenser-1x,6301,24.135,3.17,3.19,0.0032,464,226
T-BulletDispenser-1x,6302,24.138,2.92,2.91,0.0029,464,226
T-BulletDispenser-1x,6303,24.141,3.10,3.10,0.0031,464,226
T-BulletDispenser-1x,6304,24.144,3.32,3.29,0.0033,464,226
T-BulletDispenser-1x,6305,24.148,3.42,3.41,0.0034,464,226
T-BulletDispenser-1x,6306,24.151,3.15,3.20,0.0031,464,226
T-BulletDispenser-1x,6307,24.154,3.14,3.10,0.0031,464,226
T-BulletDispenser-1x,6308,24.157,3.29,3.30,0.0033,464,226
T-BulletDispenser-1x,6309,24.161,3.58,3.59,0.0036,464,226
T-BulletDispenser-1x,6310,24.164,3.09,3.10,0.0031,464,226
T-BulletDispenser-1x,6311,24.167,2.99,3.01,0.0030,464,226
T-BulletDispenser-1x,6312,24.170,2.81,2.79,0.0028,464,226
T-BulletDispenser-1x,6313,24.173,3.00,3.00,0.0030,464,226
T-BulletDispenser-1x,6314,24.176,3.36,3.31,0.0034,464,226
T-BulletDispenser-1x,6315,24.180,3.56,3.58,0.0036,464,226
T-BulletDispenser-1x,6316,24.183,3.73,3.71,0.0037,464,226
T-BulletDispenser-1x,6317,24.187,3.40,3.39,0.0034,464,226
T-BulletDispenser-1x,6318,24.190,3.22,3.21,0.0032,464,226
T-BulletDispenser-1x,6319,24.193,3.34,3.36,0.0033,464,226
T-BulletDispenser-1x,6320,24.197,3.41,3.41,0.0034,464,226
T-BulletDispenser-1x,6321,24.200,3.29,3.30,0.0033,464,226
T-BulletDispenser-1x,6322,24.203,3.13,3.11,0.0031,464,226
T-BulletDispenser-1x,6323,24.207,3.50,3.50,0.0035,464,226
T-BulletDispenser-1x,6324,24.209,2.77,2.79,0.0028,464,226
T-BulletDispenser-1x,6325,24.213,3.19,3.19,0.0032,464,226
T-BulletDispenser-1x,6326,24.216,3.42,3.33,0.0034,464,226
T-BulletDispenser-1x,6327,24.220,3.44,3.48,0.0034,464,226
T-BulletDispenser-1x,6328,24.223,3.04,3.08,0.0030,464,226
T-BulletDispenser-1x,6329,24.226,3.52,3.49,0.0035,464,226
T-BulletDispenser-1x,6330,24.229,3.31,3.31,0.0033,464,226
T-BulletDispenser-1x,6331,24.233,3.40,3.40,0.0034,464,226
T-BulletDispenser-1x,6332,24.237,3.95,3.96,0.0039,464,226
T-BulletDispenser-1x,6333,24.240,3.02,3.04,0.0030,464,226
T-BulletDispenser-1x,6334,24.243,3.02,2.99,0.0030,464,226
T-BulletDispenser-1x,6335,24.246,3.62,3.60,0.0036,464,226
T-BulletDispenser-1x,6336,24.250,3.49,3.49,0.0035,464,226
T-BulletDispenser-1x,6337,24.253,3.32,3.30,0.0033,516,226
T-BulletDispenser-1x,6338,24.256,3.15,3.19,0.0032,464,226
T-BulletDispenser-1x,6339,24.259,3.08,3.10,0.0031,464,226
T-BulletDispenser-1x,6340,24.262,2.84,2.81,0.0028,464,226
T-BulletDispenser-1x,6341,24.266,3.20,3.18,0.0032,464,226
T-BulletDispenser-1x,6342,24.269,3.42,3.42,0.0034,464,226
T-BulletDispenser-1x,6343,24.272,3.48,3.49,0.0035,464,226
T-BulletDispenser-1x,6344,24.276,3.30,3.31,0.0033,464,226
T-BulletDispenser-1x,6345,24.279,3.01,3.00,0.0030,464,226
T-BulletDispenser-1x,6346,24.282,3.10,3.10,0.0031,464,226
T-BulletDispenser-1x,6347,24.285,3.16,3.19,0.0032,464,226
T-BulletDispenser-1x,6348,24.288,3.18,3.20,0.0032,464,226
T-BulletDispenser-1x,6349,24.292,3.30,3.20,0.0033,464,226
T-BulletDispenser-1x,6350,24.295,3.55,3.59,0.0036,464,226
T-BulletDispenser-1x,6351,24.298,2.98,2.99,0.0030,464,226
T-BulletDispenser-1x,6352,24.301,3.41,3.40,0.0034,464,226
T-BulletDispenser-1x,6353,24.305,3.30,3.30,0.0033,464,226
T-BulletDispenser-1x,6354,24.309,3.81,3.81,0.0038,464,226
T-BulletDispenser-1x,6355,24.312,3.46,3.48,0.0035,464,226
T-BulletDispenser-1x,6356,24.314,2.46,2.48,0.0025,464,226
T-BulletDispenser-1x,6357,24.318,3.16,3.11,0.0032,464,226
T-BulletDispenser-1x,6358,24.321,3.56,3.52,0.0036,464,226
T-BulletDispenser-1x,6359,24.324,3.33,3.38,0.0033,464,226
T-BulletDispenser-1x,6360,24.328,3.29,3.28,0.0033,464,226
T-BulletDispenser-1x,6361,24.331,2.80,2.82,0.0028,464,226
T-BulletDispenser-1x,6362,24.334,2.93,2.89,0.0029,464,226
T-BulletDispenser-1x,6363,24.337,3.19,3.19,0.0032,464,226
T-BulletDispenser-1x,6364,24.340,3.54,3.51,0.0035,464,226
T-BulletDispenser-1x,6365,24.343,2.96,3.00,0.0030,464,226
T-BulletDispenser-1x,6366,24.347,3.53,3.49,0.0035,464,226
T-BulletDispenser-1x,6367,24.350,3.35,3.39,0.0034,464,226
T-BulletDispenser-1x,6368,24.353,2.59,2.58,0.0026,464,226
T-BulletDispenser-1x,6369,24.356,3.47,3.42,0.0035,464,226
T-BulletDispenser-1x,6370,24.360,3.47,3.50,0.0035,464,226
T-BulletDispenser-1x,6371,24.363,3.39,3.39,0.0034,464,226
T-BulletDispenser-1x,6372,24.366,3.42,3.42,0.0034,464,226
T-BulletDispenser-1x,6373,24.369,3.00,2.99,0.0030,464,226
T-BulletDispenser-1x,6374,24.372,2.98,3.00,0.0030,464,226
T-BulletDispenser-1x,6375,24.375,2.97,2.97,0.0030,464,226
T-BulletDispenser-1x,6376,24.378,3.12,3.11,0.0031,464,226
T-BulletDispenser-1x,6377,24.382,3.34,3.31,0.0033,464,226
T-BulletDispenser-1x,6378,24.385,2.84,2.88,0.0028,464,226
T-BulletDispenser-1x,6379,24.388,3.21,3.19,0.0032,464,226
T-BulletDispenser-1x,6380,24.391,3.14,3.13,0.0031,464,226
T-BulletDispenser-1x,6381,24.394,2.65,2.70,0.0027,464,226
T-BulletDispenser-1x,6382,24.397,3.03,2.99,0.0030,464,226
T-BulletDispenser-1x,6383,24.400,2.99,2.99,0.0030,464,226
T-BulletDispenser-1x,6384,24.403,3.01,3.01,0.0030,464,226
T-BulletDispenser-1x,6385,24.407,3.76,3.71,0.0038,464,226
T-BulletDispenser-1x,6386,24.410,3.36,3.40,0.0034,464,226
T-BulletDispenser-1x,6387,24.413,3.25,3.29,0.0033,464,226
T-BulletDispenser-1x,6388,24.416,2.74,2.70,0.0027,464,226
T-BulletDispenser-1x,6389,24.419,3.38,3.37,0.0034,464,226
T-BulletDispenser-1x,6390,24.422,3.10,3.11,0.0031,464,226
T-BulletDispenser-1x,6391,24.426,3.33,3.32,0.0033,464,226
T-BulletDispenser-1x,6392,24.429,3.37,3.38,0.0034,464,226
T-BulletDispenser-1x,6393,24.432,2.57,2.60,0.0026,464,226
T-BulletDispenser-1x,6394,24.435,3.15,3.10,0.0032,464,226
T-BulletDispenser-1x,6395,24.438,3.51,3.51,0.0035,464,226
T-BulletDispenser-1x,6396,24.442,3.40,3.41,0.0034,464,226
T-BulletDispenser-1x,6397,24.445,3.26,3.27,0.0033,464,226
T-BulletDispenser-1x,6398,24.448,2.99,3.00,0.0030,464,226
T-BulletDispenser-1x,6399,24.451,2.80,2.80,0.0028,464,226
T-BulletDispenser-1x,6400,24.454,3.32,3.29,0.0033,516,226
T-BulletDispenser-1x,6401,24.458,3.62,3.61,0.0036,464,226
T-BulletDispenser-1x,6402,24.461,3.50,3.50,0.0035,464,226
T-BulletDispenser-1x,6403,24.464,2.84,2.89,0.0028,464,226
T-BulletDispenser-1x,6404,24.467,3.12,3.10,0.0031,464,226
T-BulletDispenser-1x,6405,24.470,3.29,3.30,0.0033,464,226
T-BulletDispenser-1x,6406,24.474,3.23,3.20,0.0032,464,226
T-BulletDispenser-1x,6407,24.476,2.78,2.82,0.0028,464,226
T-BulletDispenser-1x,6408,24.480,3.23,3.17,0.0032,464,226
T-BulletDispenser-1x,6409,24.483,3.38,3.42,0.0034,464,226
T-BulletDispenser-1x,6410,24.485,2.45,2.46,0.0024,464,226
T-BulletDispenser-1x,6411,24.489,3.05,3.01,0.0030,464,226
T-BulletDispenser-1x,6412,24.492,3.40,3.39,0.0034,464,226
T-BulletDispenser-1x,6413,24.495,3.21,3.21,0.0032,464,226
T-BulletDispenser-1x,6414,24.498,3.11,3.09,0.0031,464,226
T-BulletDispenser-1x,6415,24.501,3.07,3.10,0.0031,464,226
T-BulletDispenser-1x,6416,24.504,2.99,2.99,0.0030,464,226
T-BulletDispenser-1x,6417,24.507,2.95,2.90,0.0030,464,226
T-BulletDispenser-1x,6418,24.511,3.63,3.61,0.0036,464,226
T-BulletDispenser-1x,6419,24.514,3.25,3.30,0.0032,464,226
T-BulletDispenser-1x,6420,24.517,3.16,3.19,0.0032,464,226
T-BulletDispenser-1x,6421,24.520,3.21,3.19,0.0032,464,226
T-BulletDispenser-1x,6422,24.523,2.92,2.91,0.0029,464,226
T-BulletDispenser-1x,6423,24.526,2.98,3.00,0.0030,464,226
T-BulletDispenser-1x,6424,24.530,3.58,3.51,0.0036,464,226
T-BulletDispenser-1x,6425,24.534,3.54,3.58,0.0035,464,226
T-BulletDispenser-1x,6426,24.537,3.19,3.20,0.0032,464,226
T-BulletDispenser-1x,6427,24.540,3.13,3.11,0.0031,464,226
T-BulletDispenser-1x,6428,24.543,3.40,3.40,0.0034,464,226
T-BulletDispenser-1x,6429,24.546,3.22,3.20,0.0032,464,226
T-BulletDispenser-1x,6430,24.550,3.51,3.50,0.0035,464,226
T-BulletDispenser-1x,6431,24.554,3.57,3.57,0.0036,464,226
T-BulletDispenser-1x,6432,24.557,3.48,3.49,0.0035,464,226
T-BulletDispenser-1x,6433,24.560,3.33,3.33,0.0033,464,226
T-BulletDispenser-1x,6434,24.564,3.22,3.19,0.0032,464,226
T-BulletDispenser-1x,6435,24.567,3.45,3.48,0.0035,464,226
T-BulletDispenser-1x,6436,24.570,3.38,3.39,0.0034,464,226
T-BulletDispenser-1x,6437,24.574,3.20,3.18,0.0032,464,226
T-BulletDispenser-1x,6438,24.576,2.79,2.80,0.0028,464,226
T-BulletDispenser-1x,6439,24.580,3.23,3.21,0.0032,464,226
T-BulletDispenser-1x,6440,24.583,2.97,2.99,0.0030,464,226
T-BulletDispenser-1x,6441,24.585,2.70,2.72,0.0027,464,226
T-BulletDispenser-1x,6442,24.588,3.13,3.09,0.0031,464,226
T-BulletDispenser-1x,6443,24.592,3.51,3.51,0.0035,464,226
T-BulletDispenser-1x,6444,24.595,3.26,3.28,0.0033,464,226
T-BulletDispenser-1x,6445,24.598,3.31,3.30,0.0033,464,226
T-BulletDispenser-1x,6446,24.601,2.79,2.82,0.0028,464,226
T-BulletDispenser-1x,6447,24.605,3.43,3.40,0.0034,464,226
T-BulletDispenser-1x,6448,24.608,3.38,3.40,0.0034,464,226
T-BulletDispenser-1x,6449,24.611,2.80,2.79,0.0028,464,226
T-BulletDispenser-1x,6450,24.614,3.31,3.29,0.0033,464,226
T-BulletDispenser-1x,6451,24.618,3.48,3.50,0.0035,464,226
T-BulletDispenser-1x,6452,24.621,3.54,3.52,0.0035,464,226
T-BulletDispenser-1x,6453,24.625,3.37,3.39,0.0034,464,226
T-BulletDispenser-1x,6454,24.628,3.12,3.10,0.0031,464,226
T-BulletDispenser-1x,6455,24.631,3.18,3.19,0.0032,464,226
T-BulletDispenser-1x,6456,24.634,3.08,3.11,0.0031,464,226
T-BulletDispenser-1x,6457,24.637,2.83,2.80,0.0028,464,226
T-BulletDispenser-1x,6458,24.640,3.51,3.50,0.0035,464,226
T-BulletDispenser-1x,6459,24.644,3.51,3.49,0.0035,464,226
T-BulletDispenser-1x,6460,24.647,2.97,3.02,0.0030,464,226
T-BulletDispenser-1x,6461,24.650,3.59,3.58,0.0036,464,226
T-BulletDispenser-1x,6462,24.654,3.23,3.20,0.0032,464,226
T-BulletDispenser-1x,6463,24.657,3.53,3.51,0.0035,516,226
T-BulletDispenser-1x,6464,24.660,3.25,3.28,0.0033,464,226
T-BulletDispenser-1x,6465,24.663,3.00,3.01,0.0030,464,226
T-BulletDispenser-1x,6466,24.667,3.73,3.69,0.0037,464,226
T-BulletDispenser-1x,6467,24.671,3.47,3.51,0.0035,464,226
T-BulletDispenser-1x,6468,24.674,3.30,3.29,0.0033,464,226
T-BulletDispenser-1x,6469,24.677,3.13,3.11,0.0031,464,226
T-BulletDispenser-1x,6470,24.681,3.45,3.48,0.0035,464,226
T-BulletDispenser-1x,6471,24.684,3.18,3.21,0.0032,464,226
T-BulletDispenser-1x,6472,24.687,2.92,2.89,0.0029,464,226
T-BulletDispenser-1x,6473,24.690,3.10,3.10,0.0031,464,226
T-BulletDispenser-1x,6474,24.693,3.09,3.10,0.0031,464,226
T-BulletDispenser-1x,6475,24.696,3.54,3.51,0.0035,464,226
T-BulletDispenser-1x,6476,24.700,3.61,3.60,0.0036,464,226
T-BulletDispenser-1x,6477,24.704,3.59,3.59,0.0036,464,226
T-BulletDispenser-1x,6478,24.707,3.06,3.08,0.0031,464,226
T-BulletDispenser-1x,6479,24.710,3.00,3.01,0.0030,464,226
T-BulletDispenser-1x,6480,24.713,3.31,3.29,0.0033,464,226
T-BulletDispenser-1x,6481,24.716,3.41,3.40,0.0034,464,226
T-BulletDispenser-1x,6482,24.719,3.11,3.10,0.0031,464,226
T-BulletDispenser-1x,6483,24.722,3.07,3.10,0.0031,464,226
T-BulletDispenser-1x,6484,24.726,3.12,3.09,0.0031,464,226
T-BulletDispenser-1x,6485,24.729,3.59,3.60,0.0036,464,226
T-BulletDispenser-1x,6486,24.732,3.20,3.20,0.0032,464,226
T-BulletDispenser-1x,6487,24.736,3.22,3.19,0.0032,464,226
T-BulletDispenser-1x,6488,24.739,3.06,3.10,0.0031,464,226
T-BulletDispenser-1x,6489,24.742,3.24,3.21,0.0032,464,226
T-BulletDispenser-1x,6490,24.745,2.99,3.00,0.0030,464,226
T-BulletDispenser-1x,6491,24.747,2.55,2.59,0.0026,464,226
T-BulletDispenser-1x,6492,24.750,2.75,2.72,0.0027,464,226
T-BulletDispenser-1x,6493,24.754,3.37,3.29,0.0034,464,226
T-BulletDispenser-1x,6494,24.757,3.37,3.40,0.0034,464,226
T-BulletDispenser-1x,6495,24.760,2.81,2.87,0.0028,464,226
T-BulletDispenser-1x,6496,24.763,3.14,3.10,0.0031,464,226
T-BulletDispenser-1x,6497,24.766,3.42,3.41,0.0034,464,226
T-BulletDispenser-1x,6498,24.770,3.63,3.61,0.0036,464,226
T-BulletDispenser-1x,6499,24.773,3.38,3.39,0.0034,464,226
T-BulletDispenser-1x,6500,24.776,3.05,3.07,0.0031,464,226
T-BulletDispenser-1x,6501,24.780,3.14,3.11,0.0031,464,226
T-BulletDispenser-1x,6502,24.783,3.63,3.60,0.0036,464,226
T-BulletDispenser-1x,6503,24.787,3.54,3.58,0.0035,464,226
T-BulletDispenser-1x,6504,24.791,3.82,3.79,0.0038,464,226
T-BulletDispenser-1x,6505,24.793,2.89,2.92,0.0029,464,226
T-BulletDispenser-1x,6506,24.797,3.31,3.28,0.0033,464,226
T-BulletDispenser-1x,6507,24.800,2.96,2.99,0.0030,464,226
T-BulletDispenser-1x,6508,24.803,3.04,3.02,0.0030,464,226
T-BulletDispenser-1x,6509,24.806,3.21,3.19,0.0032,464,226
T-BulletDispenser-1x,6510,24.809,3.17,3.19,0.0032,464,226
T-BulletDispenser-1x,6511,24.812,3.09,3.10,0.0031,464,226
T-BulletDispenser-1x,6512,24.815,3.21,3.20,0.0032,464,226
T-BulletDispenser-1x,6513,24.819,3.48,3.41,0.0035,464,226
T-BulletDispenser-1x,6514,24.822,3.00,3.09,0.0030,464,226
T-BulletDispenser-1x,6515,24.825,3.24,3.21,0.0032,464,226
T-BulletDispenser-1x,6516,24.828,3.22,3.21,0.0032,464,226
T-BulletDispenser-1x,6517,24.831,2.71,2.76,0.0027,464,226
T-BulletDispenser-1x,6518,24.834,3.07,3.02,0.0031,464,226
T-BulletDispenser-1x,6519,24.837,3.07,3.08,0.0031,464,226
T-BulletDispenser-1x,6520,24.840,3.01,3.00,0.0030,464,226
T-BulletDispenser-1x,6521,24.844,3.63,3.59,0.0036,464,226
T-BulletDispenser-1x,6522,24.847,3.52,3.52,0.0035,464,226
T-BulletDispenser-1x,6523,24.851,3.43,3.48,0.0034,464,226
T-BulletDispenser-1x,6524,24.854,3.37,3.31,0.0034,464,226
T-BulletDispenser-1x,6525,24.858,3.56,3.60,0.0036,516,226
T-BulletDispenser-1x,6526,24.861,3.43,3.41,0.0034,464,226
T-BulletDispenser-1x,6527,24.865,3.48,3.49,0.0035,464,226
T-BulletDispenser-1x,6528,24.868,3.09,3.10,0.0031,464,226
T-BulletDispenser-1x,6529,24.870,2.77,2.78,0.0028,464,226
T-BulletDispenser-1x,6530,24.874,3.28,3.22,0.0033,464,226
T-BulletDispenser-1x,6531,24.877,3.47,3.48,0.0035,464,226
T-BulletDispenser-1x,6532,24.880,2.85,2.89,0.0029,464,226
T-BulletDispenser-1x,6533,24.883,3.38,3.33,0.0034,464,226
T-BulletDispenser-1x,6534,24.887,3.14,3.18,0.0031,464,226
T-BulletDispenser-1x,6535,24.890,3.31,3.22,0.0033,464,226
T-BulletDispenser-1x,6536,24.893,3.53,3.57,0.0035,464,226
T-BulletDispenser-1x,6537,24.897,3.16,3.19,0.0032,464,226
T-BulletDispenser-1x,6538,24.900,3.69,3.64,0.0037,464,226
T-BulletDispenser-1x,6539,24.904,3.41,3.46,0.0034,464,226
T-BulletDispenser-1x,6540,24.907,3.20,3.20,0.0032,464,226
T-BulletDispenser-1x,6541,24.910,2.88,2.89,0.0029,464,226
T-BulletDispenser-1x,6542,24.913,3.25,3.21,0.0032,464,226
T-BulletDispenser-1x,6543,24.917,3.59,3.60,0.0036,464,226
T-BulletDispenser-1x,6544,24.920,3.34,3.32,0.0033,464,226
T-BulletDispenser-1x,6545,24.923,3.05,3.08,0.0031,464,226
T-BulletDispenser-1x,6546,24.926,3.09,3.10,0.0031,464,226
T-BulletDispenser-1x,6547,24.929,3.32,3.30,0.0033,464,226
T-BulletDispenser-1x,6548,24.933,3.27,3.29,0.0033,464,226
T-BulletDispenser-1x,6549,24.936,3.09,3.01,0.0031,464,226
T-BulletDispenser-1x,6550,24.939,3.22,3.29,0.0032,464,226
T-BulletDispenser-1x,6551,24.942,3.34,3.30,0.0033,464,226
T-BulletDispenser-1x,6552,24.946,3.38,3.40,0.0034,464,226
T-BulletDispenser-1x,6553,24.949,3.32,3.31,0.0033,464,226
T-BulletDispenser-1x,6554,24.952,3.18,3.18,0.0032,464,226
T-BulletDispenser-1x,6555,24.955,3.11,3.11,0.0031,464,226
T-BulletDispenser-1x,6556,24.959,3.39,3.39,0.0034,464,226
T-BulletDispenser-1x,6557,24.962,3.08,3.10,0.0031,464,226
T-BulletDispenser-1x,6558,24.965,3.23,3.21,0.0032,464,226
T-BulletDispenser-1x,6559,24.968,3.08,3.09,0.0031,464,226
T-BulletDispenser-1x,6560,24.971,3.20,3.21,0.0032,464,226
T-BulletDispenser-1x,6561,24.974,2.84,2.79,0.0028,464,226
T-BulletDispenser-1x,6562,24.977,3.07,3.08,0.0031,464,226
T-BulletDispenser-1x,6563,24.980,2.98,3.00,0.0030,464,226
T-BulletDispenser-1x,6564,24.983,3.23,3.21,0.0032,464,226
T-BulletDispenser-1x,6565,24.987,3.22,3.22,0.0032,464,226
T-BulletDispenser-1x,6566,24.990,2.98,2.98,0.0030,464,226
T-BulletDispenser-1x,6567,24.993,3.30,3.30,0.0033,464,226
T-BulletDispenser-1x,6568,24.996,2.86,2.89,0.0029,464,226
T-BulletDispenser-1x,6569,24.998,2.53,2.51,0.0025,464,226
T-BulletDispenser-1x,6570,25.001,3.09,3.09,0.0031,464,226
T-BulletDispenser-1x,6571,25.005,3.21,3.19,0.0032,464,226
T-BulletDispenser-1x,6572,25.008,3.12,3.11,0.0031,464,226
T-BulletDispenser-1x,6573,25.011,3.29,3.29,0.0033,464,226
T-BulletDispenser-1x,6574,25.014,3.41,3.42,0.0034,464,226
T-BulletDispenser-1x,6575,25.018,3.37,3.38,0.0034,464,226
T-BulletDispenser-1x,6576,25.021,3.07,3.02,0.0031,464,226
T-BulletDispenser-1x,6577,25.024,3.26,3.28,0.0033,464,226
T-BulletDispenser-1x,6578,25.027,3.31,3.31,0.0033,464,226
T-BulletDispenser-1x,6579,25.031,3.40,3.39,0.0034,464,226
T-BulletDispenser-1x,6580,25.034,3.28,3.29,0.0033,464,226
T-BulletDispenser-1x,6581,25.037,3.40,3.42,0.0034,464,226
T-BulletDispenser-1x,6582,25.041,3.22,3.19,0.0032,464,226
T-BulletDispenser-1x,6583,25.044,3.39,3.39,0.0034,464,226
T-BulletDispenser-1x,6584,25.047,2.86,2.90,0.0029,464,226
T-BulletDispenser-1x,6585,25.050,2.86,2.81,0.0029,464,226
T-BulletDispenser-1x,6586,25.053,2.85,2.88,0.0029,464,226
T-BulletDispenser-1x,6587,25.056,3.12,3.12,0.0031,464,226
T-BulletDispenser-1x,6588,25.059,3.20,3.20,0.0032,516,226
T-BulletDispenser-1x,6589,25.062,2.99,2.99,0.0030,464,226
T-BulletDispenser-1x,6590,25.065,3.45,3.42,0.0034,464,226
T-BulletDispenser-1x,6591,25.068,3.05,3.08,0.0031,464,226
T-BulletDispenser-1x,6592,25.071,2.87,2.88,0.0029,464,226
T-BulletDispenser-1x,6593,25.075,3.27,3.23,0.0033,464,226
T-BulletDispenser-1x,6594,25.078,3.41,3.40,0.0034,464,226
T-BulletDispenser-1x,6595,25.081,2.85,2.89,0.0028,464,226
T-BulletDispenser-1x,6596,25.084,3.20,3.18,0.0032,464,226
T-BulletDispenser-1x,6597,25.087,3.30,3.31,0.0033,464,226
T-BulletDispenser-1x,6598,25.090,2.60,2.60,0.0026,464,226
T-BulletDispenser-1x,6599,25.093,3.13,3.10,0.0031,464,226
T-BulletDispenser-1x,6600,25.096,3.18,3.18,0.0032,464,226
T-BulletDispenser-1x,6601,25.099,3.13,3.12,0.0031,464,226
T-BulletDispenser-1x,6602,25.103,3.50,3.49,0.0035,464,226
T-BulletDispenser-1x,6603,25.106,3.39,3.41,0.0034,464,226
T-BulletDispenser-1x,6604,25.110,3.39,3.39,0.0034,464,226
T-BulletDispenser-1x,6605,25.113,3.18,3.21,0.0032,464,226
T-BulletDispenser-1x,6606,25.116,3.18,3.19,0.0032,464,226
T-BulletDispenser-1x,6607,25.119,3.25,3.20,0.0032,464,226
T-BulletDispenser-1x,6608,25.122,2.85,2.89,0.0029,464,226
T-BulletDispenser-1x,6609,25.125,3.12,3.09,0.0031,464,226
T-BulletDispenser-1x,6610,25.129,3.33,3.32,0.0033,464,226
T-BulletDispenser-1x,6611,25.131,2.65,2.68,0.0027,464,226
T-BulletDispenser-1x,6612,25.134,3.03,3.00,0.0030,464,226
T-BulletDispenser-1x,6613,25.138,3.50,3.51,0.0035,464,226
T-BulletDispenser-1x,6614,25.141,3.49,3.50,0.0035,464,226
T-BulletDispenser-1x,6615,25.145,3.33,3.31,0.0033,464,226
T-BulletDispenser-1x,6616,25.147,2.84,2.90,0.0028,464,226
T-BulletDispenser-1x,6617,25.151,3.14,3.10,0.0031,464,226
T-BulletDispenser-1x,6618,25.154,3.60,3.60,0.0036,464,226
T-BulletDispenser-1x,6619,25.158,3.31,3.30,0.0033,464,226
T-BulletDispenser-1x,6620,25.161,3.21,3.20,0.0032,464,226
T-BulletDispenser-1x,6621,25.164,3.08,3.09,0.0031,464,226
T-BulletDispenser-1x,6622,25.167,2.87,2.89,0.0029,464,226
T-BulletDispenser-1x,6623,25.170,3.10,3.10,0.0031,464,226
T-BulletDispenser-1x,6624,25.173,3.16,3.11,0.0032,464,226
T-BulletDispenser-1x,6625,25.176,3.04,3.09,0.0030,464,226
T-BulletDispenser-1x,6626,25.179,3.27,3.20,0.0033,464,226
T-BulletDispenser-1x,6627,25.182,3.22,3.22,0.0032,464,226
T-BulletDispenser-1x,6628,25.186,3.28,3.28,0.0033,464,226
T-BulletDispenser-1x,6629,25.189,3.17,3.19,0.0032,464,226
T-BulletDispenser-1x,6630,25.192,3.17,3.20,0.0032,464,226
T-BulletDispenser-1x,6631,25.195,2.91,2.88,0.0029,464,226
T-BulletDispenser-1x,6632,25.198,3.32,3.31,0.0033,464,226
T-BulletDispenser-1x,6633,25.201,2.98,2.99,0.0030,464,226
T-BulletDispenser-1x,6634,25.204,2.90,2.91,0.0029,464,226
T-BulletDispenser-1x,6635,25.208,3.32,3.30,0.0033,464,226
T-BulletDispenser-1x,6636,25.211,3.49,3.48,0.0035,464,226
T-BulletDispenser-1x,6637,25.214,2.76,2.80,0.0028,464,226
T-BulletDispenser-1x,6638,25.216,2.68,2.63,0.0027,464,226
T-BulletDispenser-1x,6639,25.219,2.96,2.96,0.0030,464,226
T-BulletDispenser-1x,6640,25.223,3.43,3.41,0.0034,464,226
T-BulletDispenser-1x,6641,25.226,3.39,3.40,0.0034,464,226
T-BulletDispenser-1x,6642,25.230,3.40,3.38,0.0034,464,226
T-BulletDispenser-1x,6643,25.233,3.39,3.41,0.0034,464,226
T-BulletDispenser-1x,6644,25.236,2.66,2.70,0.0027,464,226
T-BulletDispenser-1x,6645,25.239,3.13,3.10,0.0031,464,226
T-BulletDispenser-1x,6646,25.242,3.10,3.09,0.0031,464,226
T-BulletDispenser-1x,6647,25.245,3.08,3.10,0.0031,464,226
T-BulletDispenser-1x,6648,25.248,3.43,3.41,0.0034,464,226
T-BulletDispenser-1x,6649,25.252,3.43,3.40,0.0034,464,226
T-BulletDispenser-1x,6650,25.255,3.48,3.50,0.0035,464,226
T-BulletDispenser-1x,6651,25.259,3.26,3.28,0.0033,464,226
T-BulletDispenser-1x,6652,25.262,3.14,3.12,0.0031,516,226
T-BulletDispenser-1x,6653,25.265,3.41,3.39,0.0034,464,226
T-BulletDispenser-1x,6654,25.269,3.82,3.82,0.0038,464,226
T-BulletDispenser-1x,6655,25.273,3.66,3.68,0.0037,464,226
T-BulletDispenser-1x,6656,25.276,3.10,3.10,0.0031,464,226
T-BulletDispenser-1x,6657,25.279,3.18,3.19,0.0032,464,226
T-BulletDispenser-1x,6658,25.282,3.14,3.11,0.0031,464,226
T-BulletDispenser-1x,6659,25.286,3.47,3.48,0.0035,464,226
T-BulletDispenser-1x,6660,25.289,3.08,3.11,0.0031,464,226
T-BulletDispenser-1x,6661,25.292,3.29,3.29,0.0033,464,226
T-BulletDispenser-1x,6662,25.295,2.84,2.80,0.0028,464,226
T-BulletDispenser-1x,6663,25.298,3.50,3.49,0.0035,464,226
T-BulletDispenser-1x,6664,25.302,3.29,3.31,0.0033,464,226
T-BulletDispenser-1x,6665,25.305,3.36,3.38,0.0034,464,226
T-BulletDispenser-1x,6666,25.308,3.37,3.32,0.0034,464,226
T-BulletDispenser-1x,6667,25.312,3.27,3.29,0.0033,464,226
T-BulletDispenser-1x,6668,25.314,2.89,2.90,0.0029,464,226
T-BulletDispenser-1x,6669,25.318,3.47,3.40,0.0035,464,226
T-BulletDispenser-1x,6670,25.321,3.35,3.38,0.0034,464,226
T-BulletDispenser-1x,6671,25.325,3.38,3.41,0.0034,464,226
T-BulletDispenser-1x,6672,25.328,3.15,3.10,0.0031,464,226
T-BulletDispenser-1x,6673,25.331,3.15,3.20,0.0032,464,226
T-BulletDispenser-1x,6674,25.334,3.11,3.10,0.0031,464,226
T-BulletDispenser-1x,6675,25.337,3.23,3.21,0.0032,464,226
T-BulletDispenser-1x,6676,25.341,3.58,3.58,0.0036,464,226
T-BulletDispenser-1x,6677,25.344,3.44,3.41,0.0034,464,226
T-BulletDispenser-1x,6678,25.347,3.12,3.17,0.0031,464,226
T-BulletDispenser-1x,6679,25.350,2.85,2.81,0.0029,464,226
T-BulletDispenser-1x,6680,25.353,3.08,3.09,0.0031,464,226
T-BulletDispenser-1x,6681,25.357,3.64,3.62,0.0036,464,226
T-BulletDispenser-1x,6682,25.360,3.28,3.27,0.0033,464,226
T-BulletDispenser-1x,6683,25.364,3.82,3.80,0.0038,464,226
T-BulletDispenser-1x,6684,25.367,3.17,3.21,0.0032,464,226
T-BulletDispenser-1x,6685,25.371,3.42,3.40,0.0034,464,226
T-BulletDispenser-1x,6686,25.374,3.27,3.28,0.0033,464,226
T-BulletDispenser-1x,6687,25.377,3.34,3.30,0.0033,464,226
T-BulletDispenser-1x,6688,25.380,3.16,3.19,0.0032,464,226
T-BulletDispenser-1x,6689,25.384,3.72,3.70,0.0037,464,226
T-BulletDispenser-1x,6690,25.387,3.30,3.29,0.0033,464,226
T-BulletDispenser-1x,6691,25.391,3.16,3.20,0.0032,464,226
T-BulletDispenser-1x,6692,25.394,3.77,3.73,0.0038,464,226
T-BulletDispenser-1x,6693,25.397,3.14,3.17,0.0031,464,226
T-BulletDispenser-1x,6694,25.401,3.20,3.22,0.0032,464,226
T-BulletDispenser-1x,6695,25.404,3.22,3.19,0.0032,464,226
T-BulletDispenser-1x,6696,25.407,3.10,3.10,0.0031,464,226
T-BulletDispenser-1x,6697,25.410,3.20,3.17,0.0032,464,226
T-BulletDispenser-1x,6698,25.414,3.44,3.43,0.0034,464,226
T-BulletDispenser-1x,6699,25.417,3.39,3.39,0.0034,464,226
T-BulletDispenser-1x,6700,25.420,3.18,3.19,0.0032,464,226
T-BulletDispenser-1x,6701,25.424,3.53,3.52,0.0035,464,226
T-BulletDispenser-1x,6702,25.427,2.84,2.89,0.0028,464,226
T-BulletDispenser-1x,6703,25.430,3.12,3.08,0.0031,464,226
T-BulletDispenser-1x,6704,25.433,3.42,3.41,0.0034,464,226
T-BulletDispenser-1x,6705,25.436,3.29,3.29,0.0033,464,226
T-BulletDispenser-1x,6706,25.439,3.00,3.02,0.0030,464,226
T-BulletDispenser-1x,6707,25.443,3.20,3.19,0.0032,464,226
T-BulletDispenser-1x,6708,25.445,2.89,2.91,0.0029,464,226
T-BulletDispenser-1x,6709,25.448,2.80,2.78,0.0028,464,226
T-BulletDispenser-1x,6710,25.452,3.15,3.12,0.0032,464,226
T-BulletDispenser-1x,6711,25.455,3.58,3.60,0.0036,464,226
T-BulletDispenser-1x,6712,25.458,3.38,3.39,0.0034,464,226
T-BulletDispenser-1x,6713,25.462,3.28,3.29,0.0033,464,226
T-BulletDispenser-1x,6714,25.465,3.11,3.09,0.0031,516,226
T-BulletDispenser-1x,6715,25.468,2.98,3.00,0.0030,464,226
T-BulletDispenser-1x,6716,25.471,3.32,3.29,0.0033,464,226
T-BulletDispenser-1x,6717,25.474,3.32,3.32,0.0033,464,226
T-BulletDispenser-1x,6718,25.478,3.34,3.30,0.0033,464,226
T-BulletDispenser-1x,6719,25.481,2.81,2.87,0.0028,464,226
T-BulletDispenser-1x,6720,25.484,2.96,2.92,0.0030,464,226
T-BulletDispenser-1x,6721,25.487,3.31,3.30,0.0033,464,226
T-BulletDispenser-1x,6722,25.490,3.58,3.59,0.0036,464,226
T-BulletDispenser-1x,6723,25.494,3.31,3.32,0.0033,464,226
T-BulletDispenser-1x,6724,25.497,3.19,3.20,0.0032,464,226
T-BulletDispenser-1x,6725,25.501,3.59,3.60,0.0036,464,226
T-BulletDispenser-1x,6726,25.504,3.20,3.19,0.0032,464,226
T-BulletDispenser-1x,6727,25.507,3.70,3.69,0.0037,464,226
T-BulletDispenser-1x,6728,25.511,3.73,3.71,0.0037,464,226
T-BulletDispenser-1x,6729,25.514,2.95,2.99,0.0030,464,226
T-BulletDispenser-1x,6730,25.517,3.22,3.18,0.0032,464,226
T-BulletDispenser-1x,6731,25.520,3.18,3.20,0.0032,464,226
T-BulletDispenser-1x,6732,25.524,3.02,3.01,0.0030,464,226
T-BulletDispenser-1x,6733,25.527,3.13,3.12,0.0031,464,226
T-BulletDispenser-1x,6734,25.530,3.26,3.29,0.0033,464,226
T-BulletDispenser-1x,6735,25.533,3.33,3.29,0.0033,464,226
T-BulletDispenser-1x,6736,25.537,3.45,3.47,0.0035,464,226
T-BulletDispenser-1x,6737,25.539,2.70,2.73,0.0027,464,226
T-BulletDispenser-1x,6738,25.542,3.12,3.09,0.0031,464,226
T-BulletDispenser-1x,6739,25.546,3.09,3.03,0.0031,464,226
T-BulletDispenser-1x,6740,25.548,2.79,2.87,0.0028,464,226
T-BulletDispenser-1x,6741,25.552,3.23,3.21,0.0032,464,226
T-BulletDispenser-1x,6742,25.555,3.20,3.20,0.0032,464,226
T-BulletDispenser-1x,6743,25.558,3.64,3.60,0.0036,464,226
T-BulletDispenser-1x,6744,25.562,3.38,3.40,0.0034,464,226
T-BulletDispenser-1x,6745,25.565,2.90,2.89,0.0029,464,226
T-BulletDispenser-1x,6746,25.568,3.19,3.19,0.0032,464,226
T-BulletDispenser-1x,6747,25.571,3.40,3.39,0.0034,464,226
T-BulletDispenser-1x,6748,25.575,3.28,3.30,0.0033,464,226
T-BulletDispenser-1x,6749,25.577,2.58,2.60,0.0026,464,226
T-BulletDispenser-1x,6750,25.580,3.17,3.11,0.0032,464,226
T-BulletDispenser-1x,6751,25.584,3.58,3.59,0.0036,464,226
T-BulletDispenser-1x,6752,25.587,3.49,3.50,0.0035,464,226
T-BulletDispenser-1x,6753,25.591,3.14,3.10,0.0031,464,226
T-BulletDispenser-1x,6754,25.594,3.44,3.41,0.0034,464,226
T-BulletDispenser-1x,6755,25.597,2.89,2.98,0.0029,464,226
T-BulletDispenser-1x,6756,25.600,2.72,2.69,0.0027,464,226
T-BulletDispenser-1x,6757,25.603,3.31,3.30,0.0033,464,226
T-BulletDispenser-1x,6758,25.606,3.21,3.19,0.0032,464,226
T-BulletDispenser-1x,6759,25.610,3.40,3.41,0.0034,464,226
T-BulletDispenser-1x,6760,25.613,3.32,3.29,0.0033,464,226
T-BulletDispenser-1x,6761,25.616,3.36,3.39,0.0034,464,226
T-BulletDispenser-1x,6762,25.620,3.42,3.41,0.0034,464,226
T-BulletDispenser-1x,6763,25.623,3.29,3.30,0.0033,464,226
T-BulletDispenser-1x,6764,25.626,3.53,3.51,0.0035,464,226
T-BulletDispenser-1x,6765,25.630,3.41,3.40,0.0034,464,226
T-BulletDispenser-1x,6766,25.633,2.85,2.88,0.0028,464,226
T-BulletDispenser-1x,6767,25.636,3.02,3.00,0.0030,464,226
T-BulletDispenser-1x,6768,25.639,2.99,3.00,0.0030,464,226
T-BulletDispenser-1x,6769,25.642,3.20,3.19,0.0032,464,226
T-BulletDispenser-1x,6770,25.645,2.92,2.90,0.0029,464,226
T-BulletDispenser-1x,6771,25.648,3.30,3.29,0.0033,464,226
T-BulletDispenser-1x,6772,25.651,3.07,3.11,0.0031,464,226
T-BulletDispenser-1x,6773,25.655,3.32,3.28,0.0033,464,226
T-BulletDispenser-1x,6774,25.658,3.30,3.31,0.0033,464,226
T-BulletDispenser-1x,6775,25.661,3.30,3.28,0.0033,464,226
T-BulletDispenser-1x,6776,25.664,2.77,2.80,0.0028,464,226
T-BulletDispenser-1x,6777,25.667,3.33,3.31,0.0033,516,226
T-BulletDispenser-1x,6778,25.671,3.38,3.38,0.0034,464,226
T-BulletDispenser-1x,6779,25.674,3.12,3.10,0.0031,464,226
T-BulletDispenser-1x,6780,25.677,3.08,3.09,0.0031,464,226
T-BulletDispenser-1x,6781,25.680,3.08,3.10,0.0031,464,226
T-BulletDispenser-1x,6782,25.683,2.93,2.90,0.0029,464,226
T-BulletDispenser-1x,6783,25.686,3.29,3.29,0.0033,464,226
T-BulletDispenser-1x,6784,25.690,3.44,3.42,0.0034,464,226
T-BulletDispenser-1x,6785,25.693,3.21,3.20,0.0032,464,226
T-BulletDispenser-1x,6786,25.696,3.37,3.40,0.0034,464,226
T-BulletDispenser-1x,6787,25.699,2.78,2.78,0.0028,464,226
T-BulletDispenser-1x,6788,25.702,3.01,3.00,0.0030,464,226
T-BulletDispenser-1x,6789,25.705,3.20,3.19,0.0032,464,226
T-BulletDispenser-1x,6790,25.708,3.10,3.06,0.0031,464,226
T-BulletDispenser-1x,6791,25.711,2.90,2.95,0.0029,464,226
T-BulletDispenser-1x,6792,25.715,3.48,3.43,0.0035,464,226
T-BulletDispenser-1x,6793,25.718,3.25,3.27,0.0033,464,226
T-BulletDispenser-1x,6794,25.721,3.18,3.22,0.0032,464,226
T-BulletDispenser-1x,6795,25.724,3.29,3.28,0.0033,464,226
T-BulletDispenser-1x,6796,25.727,2.89,2.89,0.0029,464,226
T-BulletDispenser-1x,6797,25.731,3.33,3.31,0.0033,464,226
T-BulletDispenser-1x,6798,25.734,3.30,3.29,0.0033,464,226
T-BulletDispenser-1x,6799,25.737,3.41,3.41,0.0034,464,226
T-BulletDispenser-1x,6800,25.740,3.11,3.09,0.0031,464,226
T-BulletDispenser-1x,6801,25.744,3.55,3.50,0.0035,464,226
T-BulletDispenser-1x,6802,25.747,3.28,3.28,0.0033,464,226
T-BulletDispenser-1x,6803,25.751,3.57,3.61,0.0036,464,226
T-BulletDispenser-1x,6804,25.754,3.50,3.51,0.0035,464,226
T-BulletDispenser-1x,6805,25.757,3.08,3.08,0.0031,464,226
T-BulletDispenser-1x,6806,25.761,3.15,3.12,0.0032,464,226
T-BulletDispenser-1x,6807,25.764,3.29,3.30,0.0033,464,226
T-BulletDispenser-1x,6808,25.767,3.31,3.29,0.0033,464,226
T-BulletDispenser-1x,6809,25.770,3.36,3.40,0.0034,464,226
T-BulletDispenser-1x,6810,25.774,3.44,3.40,0.0034,464,226
T-BulletDispenser-1x,6811,25.777,2.83,2.88,0.0028,464,226
T-BulletDispenser-1x,6812,25.779,2.81,2.79,0.0028,464,226
T-BulletDispenser-1x,6813,25.783,3.06,3.03,0.0031,464,226
T-BulletDispenser-1x,6814,25.786,3.07,3.08,0.0031,464,226
T-BulletDispenser-1x,6815,25.789,3.30,3.30,0.0033,464,226
T-BulletDispenser-1x,6816,25.792,3.40,3.40,0.0034,464,226
T-BulletDispenser-1x,6817,25.796,3.20,3.20,0.0032,464,226
T-BulletDispenser-1x,6818,25.798,2.98,2.98,0.0030,464,226
T-BulletDispenser-1x,6819,25.802,3.01,3.00,0.0030,464,226
T-BulletDispenser-1x,6820,25.804,2.96,2.99,0.0030,464,226
T-BulletDispenser-1x,6821,25.808,3.16,3.12,0.0032,464,226
T-BulletDispenser-1x,6822,25.811,3.38,3.37,0.0034,464,226
T-BulletDispenser-1x,6823,25.814,2.76,2.81,0.0028,464,226
T-BulletDispenser-1x,6824,25.817,3.16,3.09,0.0032,464,226
T-BulletDispenser-1x,6825,25.820,2.99,3.00,0.0030,464,226
T-BulletDispenser-1x,6826,25.823,2.67,2.71,0.0027,464,226
T-BulletDispenser-1x,6827,25.826,3.55,3.50,0.0035,464,226
T-BulletDispenser-1x,6828,25.830,3.48,3.49,0.0035,464,226
T-BulletDispenser-1x,6829,25.833,3.28,3.29,0.0033,464,226
T-BulletDispenser-1x,6830,25.836,2.77,2.80,0.0028,464,226
T-BulletDispenser-1x,6831,25.839,3.24,3.21,0.0032,464,226
T-BulletDispenser-1x,6832,25.842,3.39,3.38,0.0034,464,226
T-BulletDispenser-1x,6833,25.846,3.40,3.40,0.0034,464,226
T-BulletDispenser-1x,6834,25.849,3.11,3.09,0.0031,464,226
T-BulletDispenser-1x,6835,25.852,3.30,3.30,0.0033,464,226
T-BulletDispenser-1x,6836,25.855,3.16,3.20,0.0032,464,226
T-BulletDispenser-1x,6837,25.859,3.34,3.30,0.0033,464,226
T-BulletDispenser-1x,6838,25.862,3.37,3.39,0.0034,464,226
T-BulletDispenser-1x,6839,25.866,3.71,3.70,0.0037,464,226
T-BulletDispenser-1x,6840,25.869,3.33,3.31,0.0033,516,226
T-BulletDispenser-1x,6841,25.872,3.07,3.09,0.0031,464,226
T-BulletDispenser-1x,6842,25.875,2.83,2.80,0.0028,464,226
T-BulletDispenser-1x,6843,25.878,3.39,3.41,0.0034,464,226
T-BulletDispenser-1x,6844,25.882,3.52,3.48,0.0035,464,226
T-BulletDispenser-1x,6845,25.885,2.94,2.99,0.0029,464,226
T-BulletDispenser-1x,6846,25.888,3.44,3.41,0.0034,464,226
T-BulletDispenser-1x,6847,25.891,3.26,3.29,0.0033,464,226
T-BulletDispenser-1x,6848,25.895,3.24,3.20,0.0032,464,226
T-BulletDispenser-1x,6849,25.898,3.43,3.41,0.0034,464,226
T-BulletDispenser-1x,6850,25.901,3.02,3.08,0.0030,464,226
T-BulletDispenser-1x,6851,25.905,3.32,3.30,0.0033,464,226
T-BulletDispenser-1x,6852,25.908,3.22,3.21,0.0032,464,226
T-BulletDispenser-1x,6853,25.911,3.10,3.08,0.0031,464,226
T-BulletDispenser-1x,6854,25.914,3.20,3.22,0.0032,464,226
T-BulletDispenser-1x,6855,25.917,3.37,3.38,0.0034,464,226
T-BulletDispenser-1x,6856,25.921,3.43,3.41,0.0034,464,226
T-BulletDispenser-1x,6857,25.923,2.68,2.69,0.0027,464,226
T-BulletDispenser-1x,6858,25.927,3.19,3.19,0.0032,464,226
T-BulletDispenser-1x,6859,25.930,3.34,3.31,0.0033,464,226
T-BulletDispenser-1x,6860,25.933,3.40,3.41,0.0034,464,226
T-BulletDispenser-1x,6861,25.937,3.22,3.20,0.0032,464,226
T-BulletDispenser-1x,6862,25.940,2.98,2.97,0.0030,464,226
T-BulletDispenser-1x,6863,25.943,3.29,3.31,0.0033,464,226
T-BulletDispenser-1x,6864,25.946,2.90,2.90,0.0029,464,226
T-BulletDispenser-1x,6865,25.948,2.67,2.68,0.0027,464,226
T-BulletDispenser-1x,6866,25.952,3.20,3.20,0.0032,464,226
T-BulletDispenser-1x,6867,25.955,3.42,3.41,0.0034,464,226
T-BulletDispenser-1x,6868,25.959,3.50,3.48,0.0035,464,226
T-BulletDispenser-1x,6869,25.962,3.39,3.41,0.0034,464,226
T-BulletDispenser-1x,6870,25.965,2.67,2.68,0.0027,464,226
T-BulletDispenser-1x,6871,25.968,3.13,3.11,0.0031,464,226
T-BulletDispenser-1x,6872,25.971,3.61,3.59,0.0036,464,226
T-BulletDispenser-1x,6873,25.975,3.60,3.61,0.0036,464,226
T-BulletDispenser-1x,6874,25.978,3.12,3.09,0.0031,464,226
T-BulletDispenser-1x,6875,25.982,3.51,3.51,0.0035,464,226
T-BulletDispenser-1x,6876,25.985,3.15,3.18,0.0031,464,226
T-BulletDispenser-1x,6877,25.988,3.10,3.10,0.0031,464,226
T-BulletDispenser-1x,6878,25.991,3.13,3.10,0.0031,464,226
T-BulletDispenser-1x,6879,25.995,3.61,3.60,0.0036,464,226
T-BulletDispenser-1x,6880,25.998,3.58,3.60,0.0036,464,226
T-BulletDispenser-1x,6881,26.002,3.47,3.48,0.0035,464,226
T-BulletDispenser-1x,6882,26.005,3.52,3.50,0.0035,464,226
T-BulletDispenser-1x,6883,26.009,3.48,3.49,0.0035,464,226
T-BulletDispenser-1x,6884,26.012,3.62,3.41,0.0036,464,226
T-BulletDispenser-1x,6885,26.016,3.23,3.40,0.0032,464,226
T-BulletDispenser-1x,6886,26.019,3.49,3.50,0.0035,464,226
T-BulletDispenser-1x,6887,26.022,2.94,2.99,0.0029,464,226
T-BulletDispenser-1x,6888,26.025,3.24,3.21,0.0032,464,226
T-BulletDispenser-1x,6889,26.029,3.30,3.30,0.0033,464,226
T-BulletDispenser-1x,6890,26.031,2.66,2.69,0.0027,464,226
T-BulletDispenser-1x,6891,26.034,3.04,3.00,0.0030,464,226
T-BulletDispenser-1x,6892,26.037,3.01,2.99,0.0030,464,226
T-BulletDispenser-1x,6893,26.040,3.10,3.11,0.0031,464,226
T-BulletDispenser-1x,6894,26.043,3.18,3.19,0.0032,464,226
T-BulletDispenser-1x,6895,26.047,3.22,3.20,0.0032,464,226
T-BulletDispenser-1x,6896,26.050,2.98,2.99,0.0030,464,226
T-BulletDispenser-1x,6897,26.053,3.57,3.52,0.0036,464,226
T-BulletDispenser-1x,6898,26.057,3.46,3.49,0.0035,464,226
T-BulletDispenser-1x,6899,26.060,2.86,2.90,0.0029,464,226
T-BulletDispenser-1x,6900,26.062,2.76,2.71,0.0028,464,226
T-BulletDispenser-1x,6901,26.066,3.50,3.50,0.0035,464,226
T-BulletDispenser-1x,6902,26.069,3.50,3.50,0.0035,516,226
T-BulletDispenser-1x,6903,26.072,2.97,3.01,0.0030,464,226
T-BulletDispenser-1x,6904,26.075,3.02,2.99,0.0030,464,226
T-BulletDispenser-1x,6905,26.078,3.14,3.10,0.0031,464,226
T-BulletDispenser-1x,6906,26.082,3.09,3.07,0.0031,464,226
T-BulletDispenser-1x,6907,26.085,3.15,3.20,0.0032,464,226
T-BulletDispenser-1x,6908,26.088,3.40,3.41,0.0034,464,226
T-BulletDispenser-1x,6909,26.092,3.73,3.71,0.0037,464,226
T-BulletDispenser-1x,6910,26.095,3.32,3.31,0.0033,464,226
T-BulletDispenser-1x,6911,26.099,3.80,3.79,0.0038,464,226
T-BulletDispenser-1x,6912,26.103,3.68,3.69,0.0037,464,226
T-BulletDispenser-1x,6913,26.106,3.44,3.41,0.0034,464,226
T-BulletDispenser-1x,6914,26.109,3.27,3.30,0.0033,464,226
T-BulletDispenser-1x,6915,26.113,3.63,3.60,0.0036,464,226
T-BulletDispenser-1x,6916,26.117,3.70,3.70,0.0037,464,226
T-BulletDispenser-1x,6917,26.120,3.25,3.27,0.0032,464,226
T-BulletDispenser-1x,6918,26.123,3.14,3.12,0.0031,464,226
T-BulletDispenser-1x,6919,26.126,3.29,3.29,0.0033,464,226
T-BulletDispenser-1x,6920,26.130,3.25,3.30,0.0033,464,226
T-BulletDispenser-1x,6921,26.132,2.75,2.70,0.0027,464,226
T-BulletDispenser-1x,6922,26.136,3.60,3.60,0.0036,464,226
T-BulletDispenser-1x,6923,26.139,3.17,3.19,0.0032,464,226
T-BulletDispenser-1x,6924,26.142,3.28,3.31,0.0033,464,226
T-BulletDispenser-1x,6925,26.146,3.34,3.28,0.0033,464,226
T-BulletDispenser-1x,6926,26.149,3.09,3.11,0.0031,464,226
T-BulletDispenser-1x,6927,26.152,3.12,3.10,0.0031,464,226
T-BulletDispenser-1x,6928,26.155,3.16,3.18,0.0032,464,226
T-BulletDispenser-1x,6929,26.159,3.56,3.52,0.0036,464,226
T-BulletDispenser-1x,6930,26.162,3.35,3.38,0.0034,464,226
T-BulletDispenser-1x,6931,26.165,2.54,2.58,0.0025,464,226
T-BulletDispenser-1x,6932,26.168,3.07,3.02,0.0031,464,226
T-BulletDispenser-1x,6933,26.171,3.01,3.01,0.0030,464,226
T-BulletDispenser-1x,6934,26.174,2.89,2.88,0.0029,464,226
T-BulletDispenser-1x,6935,26.177,3.31,3.29,0.0033,464,226
T-BulletDispenser-1x,6936,26.180,3.18,3.19,0.0032,464,226
T-BulletDispenser-1x,6937,26.183,3.29,3.31,0.0033,464,226
T-BulletDispenser-1x,6938,26.186,3.01,2.99,0.0030,464,226
T-BulletDispenser-1x,6939,26.190,3.47,3.42,0.0035,464,226
T-BulletDispenser-1x,6940,26.193,3.24,3.28,0.0032,464,226
T-BulletDispenser-1x,6941,26.196,3.28,3.30,0.0033,464,226
T-BulletDispenser-1x,6942,26.199,3.10,3.09,0.0031,464,226
T-BulletDispenser-1x,6943,26.203,3.43,3.41,0.0034,464,226
T-BulletDispenser-1x,6944,26.206,2.74,2.79,0.0027,464,226
T-BulletDispenser-1x,6945,26.209,2.97,2.91,0.0030,464,226
T-BulletDispenser-1x,6946,26.212,3.80,3.79,0.0038,464,226
T-BulletDispenser-1x,6947,26.216,3.37,3.38,0.0034,464,226
T-BulletDispenser-1x,6948,26.219,3.60,3.60,0.0036,464,226
T-BulletDispenser-1x,6949,26.222,2.87,2.90,0.0029,464,226
T-BulletDispenser-1x,6950,26.226,3.43,3.42,0.0034,464,226
T-BulletDispenser-1x,6951,26.229,3.28,3.28,0.0033,464,226
T-BulletDispenser-1x,6952,26.233,3.75,3.72,0.0038,464,226
T-BulletDispenser-1x,6953,26.236,3.16,3.17,0.0032,464,226
T-BulletDispenser-1x,6954,26.239,2.98,3.01,0.0030,464,226
T-BulletDispenser-1x,6955,26.242,2.91,2.90,0.0029,464,226
T-BulletDispenser-1x,6956,26.245,3.01,3.00,0.0030,464,226
T-BulletDispenser-1x,6957,26.248,3.45,3.41,0.0034,464,226
T-BulletDispenser-1x,6958,26.251,3.14,3.19,0.0031,464,226
T-BulletDispenser-1x,6959,26.255,3.24,3.20,0.0032,464,226
T-BulletDispenser-1x,6960,26.258,3.05,3.07,0.0031,464,226
T-BulletDispenser-1x,6961,26.261,2.93,2.91,0.0029,464,226
T-BulletDispenser-1x,6962,26.264,3.43,3.40,0.0034,464,226
T-BulletDispenser-1x,6963,26.267,3.37,3.40,0.0034,464,226
T-BulletDispenser-1x,6964,26.271,3.36,3.40,0.0034,516,226
T-BulletDispenser-1x,6965,26.274,3.03,3.00,0.0030,464,226
T-BulletDispenser-1x,6966,26.277,3.34,3.31,0.0033,464,226
T-BulletDispenser-1x,6967,26.280,3.01,3.08,0.0030,464,226
T-BulletDispenser-1x,6968,26.283,2.83,2.81,0.0028,464,226
T-BulletDispenser-1x,6969,26.286,3.42,3.41,0.0034,464,226
T-BulletDispenser-1x,6970,26.290,3.29,3.28,0.0033,464,226
T-BulletDispenser-1x,6971,26.293,3.16,3.22,0.0032,464,226
T-BulletDispenser-1x,6972,26.296,3.31,3.28,0.0033,464,226
T-BulletDispenser-1x,6973,26.299,3.13,3.13,0.0031,464,226
T-BulletDispenser-1x,6974,26.302,2.54,2.58,0.0025,464,226
T-BulletDispenser-1x,6975,26.305,2.94,2.91,0.0029,464,226
T-BulletDispenser-1x,6976,26.308,2.97,2.98,0.0030,464,226
T-BulletDispenser-1x,6977,26.311,3.44,3.42,0.0034,464,226
T-BulletDispenser-1x,6978,26.314,3.32,3.30,0.0033,464,226
T-BulletDispenser-1x,6979,26.318,3.39,3.40,0.0034,464,226
T-BulletDispenser-1x,6980,26.321,3.17,3.20,0.0032,464,226
T-BulletDispenser-1x,6981,26.324,3.11,3.10,0.0031,464,226
T-BulletDispenser-1x,6982,26.328,3.54,3.50,0.0035,464,226
T-BulletDispenser-1x,6983,26.331,3.25,3.28,0.0033,464,226
T-BulletDispenser-1x,6984,26.334,3.28,3.29,0.0033,464,226
T-BulletDispenser-1x,6985,26.338,3.38,3.40,0.0034,464,226
T-BulletDispenser-1x,6986,26.341,3.40,3.33,0.0034,464,226
T-BulletDispenser-1x,6987,26.344,3.27,3.28,0.0033,464,226
T-BulletDispenser-1x,6988,26.347,3.25,3.29,0.0032,464,226
T-BulletDispenser-1x,6989,26.351,3.24,3.20,0.0032,464,226
T-BulletDispenser-1x,6990,26.354,3.07,3.08,0.0031,464,226
T-BulletDispenser-1x,6991,26.357,2.86,2.90,0.0029,464,226
T-BulletDispenser-1x,6992,26.360,3.67,3.61,0.0037,464,226
T-BulletDispenser-1x,6993,26.364,3.18,3.20,0.0032,464,226
T-BulletDispenser-1x,6994,26.367,3.27,3.30,0.0033,464,226
T-BulletDispenser-1x,6995,26.370,3.13,3.10,0.0031,464,226
T-BulletDispenser-1x,6996,26.373,2.87,2.91,0.0029,464,226
T-BulletDispenser-1x,6997,26.376,3.01,3.00,0.0030,464,226
T-BulletDispenser-1x,6998,26.379,3.21,3.19,0.0032,464,226
T-BulletDispenser-1x,6999,26.382,3.21,3.20,0.0032,464,226
T-BulletDispenser-1x,7000,26.386,3.63,3.60,0.0036,464,226
T-BulletDispenser-1x,7001,26.389,2.92,3.00,0.0029,464,226
T-BulletDispenser-1x,7002,26.392,2.83,2.79,0.0028,464,226
T-BulletDispenser-1x,7003,26.395,3.59,3.60,0.0036,464,226
T-BulletDispenser-1x,7004,26.399,3.41,3.39,0.0034,464,226
T-BulletDispenser-1x,7005,26.401,2.87,2.92,0.0029,464,226
T-BulletDispenser-1x,7006,26.405,3.53,3.50,0.0035,464,226
T-BulletDispenser-1x,7007,26.408,3.00,3.00,0.0030,464,226
T-BulletDispenser-1x,7008,26.411,2.66,2.69,0.0027,464,226
T-BulletDispenser-1x,7009,26.414,3.12,3.10,0.0031,464,226
T-BulletDispenser-1x,7010,26.417,3.25,3.21,0.0033,464,226
T-BulletDispenser-1x,7011,26.420,3.27,3.28,0.0033,464,226
T-BulletDispenser-1x,7012,26.423,3.08,3.10,0.0031,464,226
T-BulletDispenser-1x,7013,26.427,3.42,3.40,0.0034,464,226
T-BulletDispenser-1x,7014,26.430,3.42,3.41,0.0034,464,226
T-BulletDispenser-1x,7015,26.433,3.07,3.08,0.0031,464,226
T-BulletDispenser-1x,7016,26.437,3.29,3.29,0.0033,464,226
T-BulletDispenser-1x,7017,26.440,3.29,3.21,0.0033,464,226
T-BulletDispenser-1x,7018,26.443,3.01,3.09,0.0030,464,226
T-BulletDispenser-1x,7019,26.446,3.32,3.30,0.0033,464,226
T-BulletDispenser-1x,7020,26.450,3.42,3.42,0.0034,464,226
T-BulletDispenser-1x,7021,26.453,2.94,2.97,0.0029,464,226
T-BulletDispenser-1x,7022,26.456,3.48,3.42,0.0035,464,226
T-BulletDispenser-1x,7023,26.459,3.17,3.19,0.0032,464,226
T-BulletDispenser-1x,7024,26.463,3.31,3.29,0.0033,464,226
T-BulletDispenser-1x,7025,26.466,3.04,3.01,0.0030,464,226
T-BulletDispenser-1x,7026,26.469,3.89,3.77,0.0039,464,226
T-BulletDispenser-1x,7027,26.473,3.24,3.39,0.0032,516,226
T-BulletDispenser-1x,7028,26.476,3.31,3.30,0.0033,464,226
T-BulletDispenser-1x,7029,26.479,2.97,2.99,0.0030,464,226
T-BulletDispenser-1x,7030,26.482,2.95,2.91,0.0030,464,226
T-BulletDispenser-1x,7031,26.485,3.09,3.10,0.0031,464,226
T-BulletDispenser-1x,7032,26.488,3.38,3.39,0.0034,464,226
T-BulletDispenser-1x,7033,26.492,3.61,3.60,0.0036,464,226
T-BulletDispenser-1x,7034,26.495,3.08,3.09,0.0031,464,226
T-BulletDispenser-1x,7035,26.498,3.30,3.30,0.0033,464,226
T-BulletDispenser-1x,7036,26.502,3.21,3.21,0.0032,464,226
T-BulletDispenser-1x,7037,26.505,3.26,3.30,0.0033,464,226
T-BulletDispenser-1x,7038,26.508,3.46,3.40,0.0035,464,226
T-BulletDispenser-1x,7039,26.512,3.37,3.39,0.0034,464,226
T-BulletDispenser-1x,7040,26.514,2.77,2.81,0.0028,464,226
T-BulletDispenser-1x,7041,26.518,3.13,3.09,0.0031,464,226
T-BulletDispenser-1x,7042,26.521,3.00,3.00,0.0030,464,226
T-BulletDispenser-1x,7043,26.524,3.12,3.11,0.0031,464,226
T-BulletDispenser-1x,7044,26.527,3.19,3.20,0.0032,464,226
T-BulletDispenser-1x,7045,26.531,3.60,3.59,0.0036,464,226
T-BulletDispenser-1x,7046,26.534,3.17,3.19,0.0032,464,226
T-BulletDispenser-1x,7047,26.537,3.05,3.00,0.0031,464,226
T-BulletDispenser-1x,7048,26.540,3.49,3.52,0.0035,464,226
T-BulletDispenser-1x,7049,26.544,3.29,3.29,0.0033,464,226
T-BulletDispenser-1x,7050,26.547,3.52,3.50,0.0035,464,226
T-BulletDispenser-1x,7051,26.550,3.33,3.39,0.0033,464,226
T-BulletDispenser-1x,7052,26.553,2.92,2.89,0.0029,464,226
T-BulletDispenser-1x,7053,26.557,3.36,3.32,0.0034,464,226
T-BulletDispenser-1x,7054,26.560,3.48,3.50,0.0035,464,226
T-BulletDispenser-1x,7055,26.564,3.48,3.49,0.0035,464,226
T-BulletDispenser-1x,7056,26.567,3.62,3.61,0.0036,464,226
T-BulletDispenser-1x,7057,26.571,3.48,3.50,0.0035,464,226
T-BulletDispenser-1x,7058,26.574,3.23,3.20,0.0032,464,226
T-BulletDispenser-1x,7059,26.577,3.15,3.19,0.0032,464,226
T-BulletDispenser-1x,7060,26.580,3.01,3.00,0.0030,464,226
T-BulletDispenser-1x,7061,26.583,2.92,2.91,0.0029,464,226
T-BulletDispenser-1x,7062,26.587,3.49,3.48,0.0035,464,226
T-BulletDispenser-1x,7063,26.590,3.60,3.60,0.0036,464,226
T-BulletDispenser-1x,7064,26.593,3.18,3.19,0.0032,464,226
T-BulletDispenser-1x,7065,26.596,3.09,3.10,0.0031,464,226
T-BulletDispenser-1x,7066,26.600,3.24,3.21,0.0032,464,226
T-BulletDispenser-1x,7067,26.603,3.51,3.50,0.0035,464,226
T-BulletDispenser-1x,7068,26.606,3.07,3.09,0.0031,464,226
T-BulletDispenser-1x,7069,26.610,3.42,3.39,0.0034,464,226
T-BulletDispenser-1x,7070,26.613,3.26,3.30,0.0033,464,226
T-BulletDispenser-1x,7071,26.616,2.62,2.59,0.0026,464,226
T-BulletDispenser-1x,7072,26.619,3.63,3.61,0.0036,464,226
T-BulletDispenser-1x,7073,26.622,3.19,3.20,0.0032,464,226
T-BulletDispenser-1x,7074,26.626,3.28,3.30,0.0033,464,226
T-BulletDispenser-1x,7075,26.629,3.26,3.19,0.0033,464,226
T-BulletDispenser-1x,7076,26.632,3.02,3.08,0.0030,464,226
T-BulletDispenser-1x,7077,26.635,2.79,2.82,0.0028,464,226
T-BulletDispenser-1x,7078,26.637,2.79,2.77,0.0028,464,226
T-BulletDispenser-1x,7079,26.640,2.89,2.89,0.0029,464,226
T-BulletDispenser-1x,7080,26.644,3.71,3.65,0.0037,464,226
T-BulletDispenser-1x,7081,26.647,3.25,3.28,0.0032,464,226
T-BulletDispenser-1x,7082,26.650,3.16,3.19,0.0032,464,226
T-BulletDispenser-1x,7083,26.653,2.81,2.79,0.0028,464,226
T-BulletDispenser-1x,7084,26.656,3.00,3.00,0.0030,464,226
T-BulletDispenser-1x,7085,26.659,3.00,3.01,0.0030,464,226
T-BulletDispenser-1x,7086,26.663,3.24,3.20,0.0032,464,226
T-BulletDispenser-1x,7087,26.666,3.20,3.21,0.0032,464,226
T-BulletDispenser-1x,7088,26.668,2.78,2.79,0.0028,464,226
T-BulletDispenser-1x,7089,26.672,3.33,3.30,0.0033,464,226
T-BulletDispenser-1x,7090,26.675,3.42,3.40,0.0034,516,226
T-BulletDispenser-1x,7091,26.678,2.76,2.78,0.0028,464,226
T-BulletDispenser-1x,7092,26.681,2.79,2.80,0.0028,464,226
T-BulletDispenser-1x,7093,26.684,3.03,3.00,0.0030,464,226
T-BulletDispenser-1x,7094,26.687,3.38,3.39,0.0034,464,226
T-BulletDispenser-1x,7095,26.691,3.46,3.41,0.0035,464,226
T-BulletDispenser-1x,7096,26.694,3.20,3.22,0.0032,464,226
T-BulletDispenser-1x,7097,26.697,3.27,3.28,0.0033,464,226
T-BulletDispenser-1x,7098,26.701,3.50,3.48,0.0035,464,226
T-BulletDispenser-1x,7099,26.704,3.09,3.10,0.0031,464,226
T-BulletDispenser-1x,7100,26.707,2.98,3.01,0.0030,464,226
T-BulletDispenser-1x,7101,26.710,3.47,3.41,0.0035,464,226
T-BulletDispenser-1x,7102,26.714,3.47,3.48,0.0035,464,226
T-BulletDispenser-1x,7103,26.717,3.43,3.40,0.0034,464,226
T-BulletDispenser-1x,7104,26.720,3.33,3.40,0.0033,464,226
T-BulletDispenser-1x,7105,26.723,2.91,2.89,0.0029,464,226
T-BulletDispenser-1x,7106,26.726,3.12,3.10,0.0031,464,226
T-BulletDispenser-1x,7107,26.730,3.42,3.42,0.0034,464,226
T-BulletDispenser-1x,7108,26.733,3.38,3.39,0.0034,464,226
T-BulletDispenser-1x,7109,26.736,3.11,3.09,0.0031,464,226
T-BulletDispenser-1x,7110,26.739,3.06,3.09,0.0031,464,226
T-BulletDispenser-1x,7111,26.742,2.98,2.99,0.0030,464,226
T-BulletDispenser-1x,7112,26.746,3.33,3.30,0.0033,464,226
T-BulletDispenser-1x,7113,26.749,3.42,3.40,0.0034,464,226
T-BulletDispenser-1x,7114,26.753,3.49,3.50,0.0035,464,226
T-BulletDispenser-1x,7115,26.755,2.88,2.91,0.0029,464,226
T-BulletDispenser-1x,7116,26.759,3.33,3.29,0.0033,464,226
T-BulletDispenser-1x,7117,26.762,2.97,3.00,0.0030,464,226
T-BulletDispenser-1x,7118,26.764,2.69,2.71,0.0027,464,226
T-BulletDispenser-1x,7119,26.768,3.03,3.00,0.0030,464,226
T-BulletDispenser-1x,7120,26.771,3.00,2.99,0.0030,464,226
T-BulletDispenser-1x,7121,26.773,2.76,2.79,0.0028,464,226
T-BulletDispenser-1x,7122,26.777,3.27,3.22,0.0033,464,226
T-BulletDispenser-1x,7123,26.780,3.26,3.29,0.0033,464,226
T-BulletDispenser-1x,7124,26.783,2.93,2.90,0.0029,464,226
T-BulletDispenser-1x,7125,26.786,3.17,3.20,0.0032,464,226
T-BulletDispenser-1x,7126,26.789,2.97,2.99,0.0030,464,226
T-BulletDispenser-1x,7127,26.792,3.21,3.22,0.0032,464,226
T-BulletDispenser-1x,7128,26.795,3.00,2.99,0.0030,464,226
T-BulletDispenser-1x,7129,26.798,3.23,3.21,0.0032,464,226
T-BulletDispenser-1x,7130,26.801,3.06,3.10,0.0031,464,226
T-BulletDispenser-1x,7131,26.805,3.32,3.29,0.0033,464,226
T-BulletDispenser-1x,7132,26.808,3.49,3.49,0.0035,464,226
T-BulletDispenser-1x,7133,26.812,3.32,3.31,0.0033,464,226
T-BulletDispenser-1x,7134,26.815,3.64,3.62,0.0036,464,226
T-BulletDispenser-1x,7135,26.818,2.82,2.87,0.0028,464,226
T-BulletDispenser-1x,7136,26.821,2.91,2.89,0.0029,464,226
T-BulletDispenser-1x,7137,26.824,3.41,3.32,0.0034,464,226
T-BulletDispenser-1x,7138,26.828,3.55,3.59,0.0035,464,226
T-BulletDispenser-1x,7139,26.831,3.27,3.29,0.0033,464,226
T-BulletDispenser-1x,7140,26.835,3.40,3.40,0.0034,464,226
T-BulletDispenser-1x,7141,26.837,2.96,2.97,0.0030,464,226
T-BulletDispenser-1x,7142,26.841,3.33,3.32,0.0033,464,226
T-BulletDispenser-1x,7143,26.844,3.50,3.49,0.0035,464,226
T-BulletDispenser-1x,7144,26.847,2.99,2.99,0.0030,464,226
T-BulletDispenser-1x,7145,26.851,3.39,3.41,0.0034,464,226
T-BulletDispenser-1x,7146,26.854,3.44,3.41,0.0034,464,226
T-BulletDispenser-1x,7147,26.858,3.41,3.38,0.0034,464,226
T-BulletDispenser-1x,7148,26.860,2.82,2.88,0.0028,464,226
T-BulletDispenser-1x,7149,26.864,3.25,3.21,0.0033,464,226
T-BulletDispenser-1x,7150,26.867,3.61,3.62,0.0036,464,226
T-BulletDispenser-1x,7151,26.871,3.48,3.48,0.0035,464,226
T-BulletDispenser-1x,7152,26.874,3.19,3.19,0.0032,464,226
T-BulletDispenser-1x,7153,26.877,3.46,3.42,0.0035,516,226
T-BulletDispenser-1x,7154,26.880,3.03,3.09,0.0030,464,226
T-BulletDispenser-1x,7155,26.883,3.01,2.99,0.0030,464,226
T-BulletDispenser-1x,7156,26.887,3.24,3.22,0.0032,464,226
T-BulletDispenser-1x,7157,26.890,3.12,3.09,0.0031,464,226
T-BulletDispenser-1x,7158,26.893,3.35,3.39,0.0033,464,226
T-BulletDispenser-1x,7159,26.896,3.16,3.18,0.0032,464,226
T-BulletDispenser-1x,7160,26.899,2.87,2.82,0.0029,464,226
T-BulletDispenser-1x,7161,26.902,2.95,2.98,0.0029,464,226
T-BulletDispenser-1x,7162,26.905,3.21,3.20,0.0032,464,226
T-BulletDispenser-1x,7163,26.908,3.11,3.09,0.0031,464,226
T-BulletDispenser-1x,7164,26.912,3.29,3.29,0.0033,464,226
T-BulletDispenser-1x,7165,26.915,3.53,3.53,0.0035,464,226
T-BulletDispenser-1x,7166,26.918,3.15,3.17,0.0031,464,226
T-BulletDispenser-1x,7167,26.921,3.00,3.01,0.0030,464,226
T-BulletDispenser-1x,7168,26.925,3.45,3.40,0.0034,464,226
T-BulletDispenser-1x,7169,26.928,3.41,3.39,0.0034,464,226
T-BulletDispenser-1x,7170,26.932,3.57,3.60,0.0036,464,226
T-BulletDispenser-1x,7171,26.935,3.11,3.11,0.0031,464,226
T-BulletDispenser-1x,7172,26.938,3.15,3.17,0.0032,464,226
T-BulletDispenser-1x,7173,26.942,3.85,3.82,0.0038,464,226
T-BulletDispenser-1x,7174,26.945,3.53,3.51,0.0035,464,226
T-BulletDispenser-1x,7175,26.949,3.66,3.69,0.0037,464,226
T-BulletDispenser-1x,7176,26.952,3.22,3.20,0.0032,464,226
T-BulletDispenser-1x,7177,26.955,3.17,3.18,0.0032,464,226
T-BulletDispenser-1x,7178,26.958,3.01,3.01,0.0030,464,226
T-BulletDispenser-1x,7179,26.961,2.77,2.78,0.0028,464,226
T-BulletDispenser-1x,7180,26.964,3.01,3.01,0.0030,464,226
T-BulletDispenser-1x,7181,26.968,3.47,3.42,0.0035,464,226
T-BulletDispenser-1x,7182,26.971,3.36,3.38,0.0034,464,226
T-BulletDispenser-1x,7183,26.974,3.15,3.11,0.0032,464,226
T-BulletDispenser-1x,7184,26.977,2.71,2.79,0.0027,464,226
T-BulletDispenser-1x,7185,26.980,3.05,3.00,0.0030,464,226
T-BulletDispenser-1x,7186,26.984,3.60,3.59,0.0036,464,226
T-BulletDispenser-1x,7187,26.987,3.39,3.41,0.0034,464,226
T-BulletDispenser-1x,7188,26.990,3.33,3.30,0.0033,464,226
T-BulletDispenser-1x,7189,26.993,2.85,2.88,0.0028,464,226
T-BulletDispenser-1x,7190,26.997,3.34,3.31,0.0033,464,226
T-BulletDispenser-1x,7191,27.000,3.09,3.10,0.0031,464,226
T-BulletDispenser-1x,7192,27.002,2.67,2.69,0.0027,464,226
T-BulletDispenser-1x,7193,27.006,3.25,3.21,0.0033,464,226
T-BulletDispenser-1x,7194,27.009,3.47,3.48,0.0035,464,226
T-BulletDispenser-1x,7195,27.013,3.50,3.51,0.0035,464,226
T-BulletDispenser-1x,7196,27.016,3.21,3.20,0.0032,464,226
T-BulletDispenser-1x,7197,27.019,2.96,2.98,0.0030,464,226
T-BulletDispenser-1x,7198,27.022,2.91,2.91,0.0029,464,226
T-BulletDispenser-1x,7199,27.024,2.82,2.80,0.0028,464,226
T-BulletDispenser-1x,7200,27.027,2.97,3.00,0.0030,464,226
T-BulletDispenser-1x,7201,27.031,3.23,3.20,0.0032,464,226
T-BulletDispenser-1x,7202,27.034,3.29,3.29,0.0033,464,226
T-BulletDispenser-1x,7203,27.037,3.50,3.52,0.0035,464,226
T-BulletDispenser-1x,7204,27.040,2.80,2.80,0.0028,464,226
T-BulletDispenser-1x,7205,27.044,3.63,3.60,0.0036,464,226
T-BulletDispenser-1x,7206,27.047,3.08,3.09,0.0031,464,226
T-BulletDispenser-1x,7207,27.050,3.29,3.30,0.0033,464,226
T-BulletDispenser-1x,7208,27.054,3.32,3.31,0.0033,464,226
T-BulletDispenser-1x,7209,27.057,3.58,3.58,0.0036,464,226
T-BulletDispenser-1x,7210,27.060,2.86,2.91,0.0029,464,226
T-BulletDispenser-1x,7211,27.063,2.82,2.80,0.0028,464,226
T-BulletDispenser-1x,7212,27.066,3.30,3.22,0.0033,464,226
T-BulletDispenser-1x,7213,27.070,3.51,3.56,0.0035,464,226
T-BulletDispenser-1x,7214,27.073,3.22,3.22,0.0032,464,226
T-BulletDispenser-1x,7215,27.076,3.06,3.08,0.0031,464,226
T-BulletDispenser-1x,7216,27.079,3.23,3.21,0.0032,516,226
T-BulletDispenser-1x,7217,27.082,3.20,3.20,0.0032,464,226
T-BulletDispenser-1x,7218,27.085,2.89,2.90,0.0029,464,226
T-BulletDispenser-1x,7219,27.088,3.18,3.19,0.0032,464,226
T-BulletDispenser-1x,7220,27.092,3.22,3.23,0.0032,464,226
T-BulletDispenser-1x,7221,27.095,3.10,3.08,0.0031,464,226
T-BulletDispenser-1x,7222,27.098,2.98,2.99,0.0030,464,226
T-BulletDispenser-1x,7223,27.101,3.11,3.10,0.0031,464,226
T-BulletDispenser-1x,7224,27.104,3.45,3.40,0.0035,464,226
T-BulletDispenser-1x,7225,27.108,3.27,3.29,0.0033,464,226
T-BulletDispenser-1x,7226,27.111,3.38,3.39,0.0034,464,226
T-BulletDispenser-1x,7227,27.114,3.09,3.09,0.0031,464,226
T-BulletDispenser-1x,7228,27.117,2.90,2.90,0.0029,464,226
T-BulletDispenser-1x,7229,27.120,2.81,2.80,0.0028,464,226
T-BulletDispenser-1x,7230,27.123,2.96,2.98,0.0030,464,226
T-BulletDispenser-1x,7231,27.126,3.26,3.23,0.0033,464,226
T-BulletDispenser-1x,7232,27.129,3.09,3.10,0.0031,464,226
T-BulletDispenser-1x,7233,27.132,3.41,3.39,0.0034,464,226
T-BulletDispenser-1x,7234,27.136,3.49,3.47,0.0035,464,226
T-BulletDispenser-1x,7235,27.139,3.06,3.11,0.0031,464,226
T-BulletDispenser-1x,7236,27.142,3.10,3.10,0.0031,464,226
T-BulletDispenser-1x,7237,27.145,3.03,3.00,0.0030,464,226
T-BulletDispenser-1x,7238,27.149,3.51,3.51,0.0035,464,226
T-BulletDispenser-1x,7239,27.151,2.86,2.89,0.0029,464,226
T-BulletDispenser-1x,7240,27.155,3.43,3.40,0.0034,464,226
T-BulletDispenser-1x,7241,27.158,3.48,3.49,0.0035,464,226
T-BulletDispenser-1x,7242,27.161,3.00,2.99,0.0030,464,226
T-BulletDispenser-1x,7243,27.165,3.16,3.11,0.0032,464,226
T-BulletDispenser-1x,7244,27.168,3.25,3.28,0.0033,464,226
T-BulletDispenser-1x,7245,27.171,3.50,3.51,0.0035,464,226
T-BulletDispenser-1x,7246,27.174,2.88,2.88,0.0029,464,226
T-BulletDispenser-1x,7247,27.178,3.46,3.43,0.0035,464,226
T-BulletDispenser-1x,7248,27.181,3.20,3.21,0.0032,464,226
T-BulletDispenser-1x,7249,27.184,3.35,3.37,0.0033,464,226
T-BulletDispenser-1x,7250,27.188,3.45,3.39,0.0034,464,226
T-BulletDispenser-1x,7251,27.191,2.95,3.01,0.0030,464,226
T-BulletDispenser-1x,7252,27.194,3.00,3.00,0.0030,464,226
T-BulletDispenser-1x,7253,27.197,3.13,3.10,0.0031,464,226
T-BulletDispenser-1x,7254,27.200,3.26,3.21,0.0033,464,226
T-BulletDispenser-1x,7255,27.203,3.24,3.28,0.0032,464,226
T-BulletDispenser-1x,7256,27.206,3.18,3.19,0.0032,464,226
T-BulletDispenser-1x,7257,27.210,3.43,3.42,0.0034,464,226
T-BulletDispenser-1x,7258,27.213,3.49,3.50,0.0035,464,226
T-BulletDispenser-1x,7259,27.216,3.08,3.09,0.0031,464,226
T-BulletDispenser-1x,7260,27.220,3.13,3.10,0.0031,464,226
T-BulletDispenser-1x,7261,27.223,3.18,3.20,0.0032,464,226
T-BulletDispenser-1x,7262,27.226,3.06,3.10,0.0031,464,226
T-BulletDispenser-1x,7263,27.229,3.24,3.20,0.0032,464,226
T-BulletDispenser-1x,7264,27.232,3.31,3.30,0.0033,464,226
T-BulletDispenser-1x,7265,27.235,2.67,2.69,0.0027,464,226
T-BulletDispenser-1x,7266,27.238,3.03,3.00,0.0030,464,226
T-BulletDispenser-1x,7267,27.241,3.13,3.12,0.0031,464,226
T-BulletDispenser-1x,7268,27.245,3.38,3.38,0.0034,464,226
T-BulletDispenser-1x,7269,27.248,3.28,3.28,0.0033,464,226
T-BulletDispenser-1x,7270,27.251,3.18,3.21,0.0032,464,226
T-BulletDispenser-1x,7271,27.254,3.34,3.30,0.0033,464,226
T-BulletDispenser-1x,7272,27.257,3.09,3.10,0.0031,464,226
T-BulletDispenser-1x,7273,27.260,2.67,2.69,0.0027,464,226
T-BulletDispenser-1x,7274,27.264,3.55,3.51,0.0035,464,226
T-BulletDispenser-1x,7275,27.267,3.25,3.28,0.0032,464,226
T-BulletDispenser-1x,7276,27.270,2.93,2.90,0.0029,464,226
T-BulletDispenser-1x,7277,27.273,2.96,2.99,0.0030,464,226
T-BulletDispenser-1x,7278,27.276,2.91,2.90,0.0029,464,226
T-BulletDispenser-1x,7279,27.279,3.21,3.12,0.0032,464,226
T-BulletDispenser-1x,7280,27.282,3.52,3.57,0.0035,516,226
T-BulletDispenser-1x,7281,27.286,3.42,3.41,0.0034,464,226
T-BulletDispenser-1x,7282,27.289,2.87,2.90,0.0029,464,226
T-BulletDispenser-1x,7283,27.292,3.13,3.09,0.0031,464,226
T-BulletDispenser-1x,7284,27.295,3.08,3.09,0.0031,464,226
T-BulletDispenser-1x,7285,27.298,2.69,2.71,0.0027,464,226
T-BulletDispenser-1x,7286,27.301,3.05,3.00,0.0030,464,226
T-BulletDispenser-1x,7287,27.304,3.25,3.29,0.0032,464,226
T-BulletDispenser-1x,7288,27.307,3.33,3.30,0.0033,464,226
T-BulletDispenser-1x,7289,27.310,2.87,2.91,0.0029,464,226
T-BulletDispenser-1x,7290,27.313,2.99,2.97,0.0030,464,226
T-BulletDispenser-1x,7291,27.316,3.05,3.03,0.0030,464,226
T-BulletDispenser-1x,7292,27.320,3.41,3.41,0.0034,464,226
T-BulletDispenser-1x,7293,27.323,3.17,3.18,0.0032,464,226
T-BulletDispenser-1x,7294,27.326,3.09,3.11,0.0031,464,226
T-BulletDispenser-1x,7295,27.329,3.35,3.31,0.0033,464,226
T-BulletDispenser-1x,7296,27.333,3.39,3.38,0.0034,464,226
T-BulletDispenser-1x,7297,27.335,2.76,2.80,0.0028,464,226
T-BulletDispenser-1x,7298,27.338,2.89,2.89,0.0029,464,226
T-BulletDispenser-1x,7299,27.341,3.04,3.01,0.0030,464,226
T-BulletDispenser-1x,7300,27.345,3.40,3.40,0.0034,464,226
T-BulletDispenser-1x,7301,27.348,3.29,3.30,0.0033,464,226
T-BulletDispenser-1x,7302,27.351,3.05,3.08,0.0031,464,226
T-BulletDispenser-1x,7303,27.354,3.24,3.20,0.0032,464,226
T-BulletDispenser-1x,7304,27.357,3.23,3.22,0.0032,464,226
T-BulletDispenser-1x,7305,27.360,2.61,2.67,0.0026,464,226
T-BulletDispenser-1x,7306,27.363,2.96,2.91,0.0030,464,226
T-BulletDispenser-1x,7307,27.367,3.60,3.60,0.0036,464,226
T-BulletDispenser-1x,7308,27.370,3.50,3.51,0.0035,464,226
T-BulletDispenser-1x,7309,27.373,2.97,2.99,0.0030,464,226
T-BulletDispenser-1x,7310,27.376,2.99,3.00,0.0030,464,226
T-BulletDispenser-1x,7311,27.379,3.33,3.30,0.0033,464,226
T-BulletDispenser-1x,7312,27.383,3.28,3.30,0.0033,464,226
T-BulletDispenser-1x,7313,27.386,3.25,3.20,0.0033,464,226
T-BulletDispenser-1x,7314,27.389,2.82,2.89,0.0028,464,226
T-BulletDispenser-1x,7315,27.392,3.37,3.31,0.0034,464,226
T-BulletDispenser-1x,7316,27.395,2.95,2.99,0.0030,464,226
T-BulletDispenser-1x,7317,27.398,2.62,2.62,0.0026,464,226
T-BulletDispenser-1x,7318,27.401,3.01,3.00,0.0030,464,226
T-BulletDispenser-1x,7319,27.404,3.27,3.28,0.0033,464,226
T-BulletDispenser-1x,7320,27.407,3.44,3.41,0.0034,464,226
T-BulletDispenser-1x,7321,27.411,3.67,3.68,0.0037,464,226
T-BulletDispenser-1x,7322,27.414,3.10,3.11,0.0031,464,226
T-BulletDispenser-1x,7323,27.417,3.00,3.00,0.0030,464,226
T-BulletDispenser-1x,7324,27.421,3.41,3.40,0.0034,464,226
T-BulletDispenser-1x,7325,27.424,3.64,3.61,0.0036,464,226
T-BulletDispenser-1x,7326,27.428,3.53,3.50,0.0035,464,226
T-BulletDispenser-1x,7327,27.431,3.22,3.27,0.0032,464,226
T-BulletDispenser-1x,7328,27.434,3.08,3.09,0.0031,464,226
T-BulletDispenser-1x,7329,27.437,3.32,3.32,0.0033,464,226
T-BulletDispenser-1x,7330,27.441,3.63,3.61,0.0036,464,226
T-BulletDispenser-1x,7331,27.444,3.41,3.39,0.0034,464,226
T-BulletDispenser-1x,7332,27.448,3.30,3.29,0.0033,464,226
T-BulletDispenser-1x,7333,27.451,3.03,3.09,0.0030,464,226
T-BulletDispenser-1x,7334,27.454,2.83,2.80,0.0028,464,226
T-BulletDispenser-1x,7335,27.456,2.87,2.89,0.0029,464,226
T-BulletDispenser-1x,7336,27.460,3.12,3.10,0.0031,464,226
T-BulletDispenser-1x,7337,27.463,3.23,3.21,0.0032,464,226
T-BulletDispenser-1x,7338,27.466,3.28,3.29,0.0033,464,226
T-BulletDispenser-1x,7339,27.470,3.52,3.51,0.0035,464,226
T-BulletDispenser-1x,7340,27.473,3.17,3.20,0.0032,464,226
T-BulletDispenser-1x,7341,27.476,3.07,3.09,0.0031,464,226
T-BulletDispenser-1x,7342,27.479,3.45,3.40,0.0034,464,226
T-BulletDispenser-1x,7343,27.483,3.19,3.20,0.0032,516,226
T-BulletDispenser-1x,7344,27.486,3.26,3.20,0.0033,464,226
T-BulletDispenser-1x,7345,27.489,3.12,3.19,0.0031,464,226
T-BulletDispenser-1x,7346,27.492,2.91,2.91,0.0029,464,226
T-BulletDispenser-1x,7347,27.495,2.80,2.78,0.0028,464,226
T-BulletDispenser-1x,7348,27.498,3.07,3.02,0.0031,464,226
T-BulletDispenser-1x,7349,27.501,3.34,3.38,0.0033,464,226
T-BulletDispenser-1x,7350,27.504,3.31,3.30,0.0033,464,226
T-BulletDispenser-1x,7351,27.507,3.10,3.10,0.0031,464,226
T-BulletDispenser-1x,7352,27.510,3.09,3.09,0.0031,464,226
T-BulletDispenser-1x,7353,27.513,2.87,2.89,0.0029,464,226
T-BulletDispenser-1x,7354,27.516,2.85,2.81,0.0028,464,226
T-BulletDispenser-1x,7355,27.520,3.44,3.41,0.0034,464,226
T-BulletDispenser-1x,7356,27.523,3.41,3.39,0.0034,464,226
T-BulletDispenser-1x,7357,27.526,3.06,3.10,0.0031,464,226
T-BulletDispenser-1x,7358,27.530,3.43,3.41,0.0034,464,226
T-BulletDispenser-1x,7359,27.533,3.26,3.29,0.0033,464,226
T-BulletDispenser-1x,7360,27.536,3.34,3.27,0.0033,464,226
T-BulletDispenser-1x,7361,27.539,3.26,3.32,0.0033,464,226
T-BulletDispenser-1x,7362,27.543,3.55,3.51,0.0035,464,226
T-BulletDispenser-1x,7363,27.546,3.28,3.28,0.0033,464,226
T-BulletDispenser-1x,7364,27.549,3.23,3.21,0.0032,464,226
T-BulletDispenser-1x,7365,27.553,3.57,3.59,0.0036,464,226
T-BulletDispenser-1x,7366,27.556,3.06,3.09,0.0031,464,226
T-BulletDispenser-1x,7367,27.559,3.18,3.19,0.0032,464,226
T-BulletDispenser-1x,7368,27.563,3.35,3.30,0.0033,464,226
T-BulletDispenser-1x,7369,27.566,3.21,3.21,0.0032,464,226
T-BulletDispenser-1x,7370,27.569,3.12,3.09,0.0031,464,226
T-BulletDispenser-1x,7371,27.572,3.06,3.09,0.0031,464,226
T-BulletDispenser-1x,7372,27.575,3.22,3.21,0.0032,464,226
T-BulletDispenser-1x,7373,27.579,3.27,3.28,0.0033,464,226
T-BulletDispenser-1x,7374,27.582,3.43,3.42,0.0034,464,226
T-BulletDispenser-1x,7375,27.585,2.95,2.98,0.0029,464,226
T-BulletDispenser-1x,7376,27.588,3.41,3.40,0.0034,464,226
T-BulletDispenser-1x,7377,27.592,3.41,3.41,0.0034,464,226
T-BulletDispenser-1x,7378,27.594,2.60,2.58,0.0026,464,226
T-BulletDispenser-1x,7379,27.597,3.22,3.21,0.0032,464,226
T-BulletDispenser-1x,7380,27.601,3.32,3.30,0.0033,464,226
T-BulletDispenser-1x,7381,27.604,3.06,3.08,0.0031,464,226
T-BulletDispenser-1x,7382,27.607,3.37,3.32,0.0034,464,226
T-BulletDispenser-1x,7383,27.611,3.68,3.70,0.0037,464,226
T-BulletDispenser-1x,7384,27.616,4.84,4.79,0.0048,1476,225
T-BulletDispenser-1x,7385,27.619,3.55,3.60,0.0036,464,225
T-BulletDispenser-1x,7386,27.623,3.69,3.69,0.0037,682,224
T-BulletDispenser-1x,7387,27.626,3.07,3.10,0.0031,464,224
T-BulletDispenser-1x,7388,27.629,3.35,3.31,0.0033,464,224
T-BulletDispenser-1x,7389,27.634,4.38,4.39,0.0044,5518,223
T-BulletDispenser-1x,7390,27.637,3.39,3.39,0.0034,464,223
T-BulletDispenser-1x,7391,27.640,3.20,3.20,0.0032,464,223
T-BulletDispenser-1x,7392,27.644,3.30,3.30,0.0033,682,222
T-BulletDispenser-1x,7393,27.647,3.64,3.62,0.0036,464,222
T-BulletDispenser-1x,7394,27.651,3.27,3.20,0.0033,464,222
T-BulletDispenser-1x,7395,27.655,4.13,4.20,0.0041,1022,221
T-BulletDispenser-1x,7396,27.659,4.22,4.19,0.0042,464,221
T-BulletDispenser-1x,7397,27.663,4.45,4.41,0.0044,682,220
T-BulletDispenser-1x,7398,27.667,4.01,4.06,0.0040,464,220
T-BulletDispenser-1x,7399,27.671,4.03,4.01,0.0040,464,220
T-BulletDispenser-1x,7400,27.675,3.97,3.98,0.0040,682,219
T-BulletDispenser-1x,7401,27.679,3.50,3.50,0.0035,464,219
T-BulletDispenser-1x,7402,27.683,4.17,4.11,0.0042,682,218
T-BulletDispenser-1x,7403,27.687,3.81,3.88,0.0038,516,218
T-BulletDispenser-1x,7404,27.691,3.96,3.92,0.0040,464,218
T-BulletDispenser-1x,7405,27.695,4.20,4.19,0.0042,1066,217
T-BulletDispenser-1x,7406,27.699,3.49,3.49,0.0035,464,217
T-BulletDispenser-1x,7407,27.702,3.89,3.90,0.0039,682,216
T-BulletDispenser-1x,7408,27.706,3.30,3.31,0.0033,464,216
T-BulletDispenser-1x,7409,27.709,3.34,3.38,0.0033,464,216
T-BulletDispenser-1x,7410,27.713,3.76,3.71,0.0038,682,215
T-BulletDispenser-1x,7411,27.716,2.98,3.00,0.0030,464,215
T-BulletDispenser-1x,7412,27.719,3.50,3.49,0.0035,464,215
T-BulletDispenser-1x,7413,27.723,3.94,3.92,0.0039,682,214
T-BulletDispenser-1x,7414,27.726,3.02,3.08,0.0030,464,214
T-BulletDispenser-1x,7415,27.730,3.34,3.31,0.0033,464,214
T-BulletDispenser-1x,7416,27.734,3.94,3.92,0.0039,682,213
T-BulletDispenser-1x,7417,27.737,3.02,3.06,0.0030,464,213
T-BulletDispenser-1x,7418,27.740,3.24,3.22,0.0032,464,213
T-BulletDispenser-1x,7419,27.743,3.62,3.59,0.0036,682,212
T-BulletDispenser-1x,7420,27.747,3.23,3.30,0.0032,464,212
T-BulletDispenser-1x,7421,27.750,3.47,3.41,0.0035,464,212
T-BulletDispenser-1x,7422,27.754,3.47,3.48,0.0035,682,211
T-BulletDispenser-1x,7423,27.757,3.18,3.18,0.0032,464,211
T-BulletDispenser-1x,7424,27.760,3.31,3.31,0.0033,464,211
T-BulletDispenser-1x,7425,27.764,3.56,3.59,0.0036,682,210
T-BulletDispenser-1x,7426,27.767,3.47,3.42,0.0035,464,210
T-BulletDispenser-1x,7427,27.770,3.17,3.18,0.0032,464,210
T-BulletDispenser-1x,7428,27.774,3.28,3.30,0.0033,1386,209
T-BulletDispenser-1x,7429,27.777,3.78,3.71,0.0038,464,209
T-BulletDispenser-1x,7430,27.781,3.34,3.39,0.0033,464,209
T-BulletDispenser-1x,7431,27.785,4.03,4.02,0.0040,682,208
T-BulletDispenser-1x,7432,27.788,3.66,3.68,0.0037,464,208
T-BulletDispenser-1x,7433,27.792,3.60,3.60,0.0036,682,207
T-BulletDispenser-1x,7434,27.795,3.13,3.11,0.0031,464,207
T-BulletDispenser-1x,7435,27.798,2.84,2.88,0.0028,464,207
T-BulletDispenser-1x,7436,27.801,3.03,3.00,0.0030,464,207
T-BulletDispenser-1x,7437,27.805,3.72,3.71,0.0037,682,206
T-BulletDispenser-1x,7438,27.808,3.38,3.38,0.0034,464,206
T-BulletDispenser-1x,7439,27.812,3.74,3.70,0.0037,682,205
T-BulletDispenser-1x,7440,27.815,3.05,3.09,0.0031,464,205
T-BulletDispenser-1x,7441,27.818,2.77,2.79,0.0028,464,205
T-BulletDispenser-1x,7442,27.821,3.29,3.22,0.0033,464,205
T-BulletDispenser-1x,7443,27.824,3.51,3.57,0.0035,682,204
T-BulletDispenser-1x,7444,27.828,3.47,3.42,0.0035,464,204
T-BulletDispenser-1x,7445,27.831,2.72,2.78,0.0027,464,204
T-BulletDispenser-1x,7446,27.834,3.66,3.62,0.0037,682,203
T-BulletDispenser-1x,7447,27.837,3.08,3.10,0.0031,464,203
T-BulletDispenser-1x,7448,27.840,2.76,2.77,0.0028,464,203
T-BulletDispenser-1x,7449,27.844,3.45,3.41,0.0034,682,202
T-BulletDispenser-1x,7450,27.847,3.39,3.40,0.0034,464,202
T-BulletDispenser-1x,7451,27.850,3.27,3.29,0.0033,464,202
T-BulletDispenser-1x,7452,27.854,3.61,3.53,0.0036,682,201
T-BulletDispenser-1x,7453,27.857,3.27,3.30,0.0033,464,201
T-BulletDispenser-1x,7454,27.861,3.48,3.48,0.0035,464,201
T-BulletDispenser-1x,7455,27.865,3.83,3.82,0.0038,682,200
T-BulletDispenser-1x,7456,27.867,3.02,3.07,0.0030,464,200
T-BulletDispenser-1x,7457,27.871,3.47,3.40,0.0035,464,200
T-BulletDispenser-1x,7458,27.875,3.57,3.60,0.0036,682,199
T-BulletDispenser-1x,7459,27.878,3.41,3.41,0.0034,464,199
T-BulletDispenser-1x,7460,27.881,3.40,3.39,0.0034,464,199
T-BulletDispenser-1x,7461,27.885,3.61,3.61,0.0036,682,198
T-BulletDispenser-1x,7462,27.888,3.49,3.51,0.0035,516,198
T-BulletDispenser-1x,7463,27.893,4.13,4.08,0.0041,682,197
T-BulletDispenser-1x,7464,27.896,3.59,3.61,0.0036,464,197
T-BulletDispenser-1x,7465,27.900,3.53,3.50,0.0035,464,197
T-BulletDispenser-1x,7466,27.904,3.87,3.90,0.0039,682,196
T-BulletDispenser-1x,7467,27.907,3.21,3.20,0.0032,464,196
T-BulletDispenser-1x,7468,27.910,3.66,3.59,0.0037,464,196
T-BulletDispenser-1x,7469,27.914,3.69,3.77,0.0037,682,195
T-BulletDispenser-1x,7470,27.917,2.89,2.91,0.0029,464,195
T-BulletDispenser-1x,7471,27.920,2.91,2.89,0.0029,464,195
T-BulletDispenser-1x,7472,27.924,3.71,3.70,0.0037,682,194
T-BulletDispenser-1x,7473,27.927,2.98,3.01,0.0030,464,194
T-BulletDispenser-1x,7474,27.930,3.10,3.08,0.0031,464,194
T-BulletDispenser-1x,7475,27.933,3.40,3.40,0.0034,2026,193
T-BulletDispenser-1x,7476,27.936,3.11,3.11,0.0031,464,193
T-BulletDispenser-1x,7477,27.939,3.10,3.11,0.0031,464,193
T-BulletDispenser-1x,7478,27.943,3.47,3.48,0.0035,682,192
T-BulletDispenser-1x,7479,27.946,3.14,3.10,0.0031,464,192
T-BulletDispenser-1x,7480,27.949,2.99,2.99,0.0030,464,192
T-BulletDispenser-1x,7481,27.952,3.05,3.10,0.0031,682,191
T-BulletDispenser-1x,7482,27.955,2.95,2.91,0.0029,464,191
T-BulletDispenser-1x,7483,27.958,2.98,2.98,0.0030,464,191
T-BulletDispenser-1x,7484,27.961,2.92,2.91,0.0029,464,191
T-BulletDispenser-1x,7485,27.964,3.59,3.59,0.0036,682,190
T-BulletDispenser-1x,7486,27.968,3.33,3.32,0.0033,464,190
T-BulletDispenser-1x,7487,27.971,3.39,3.38,0.0034,464,190
T-BulletDispenser-1x,7488,27.975,3.73,3.70,0.0037,682,189
T-BulletDispenser-1x,7489,27.978,3.18,3.20,0.0032,464,189
T-BulletDispenser-1x,7490,27.981,2.77,2.79,0.0028,464,189
T-BulletDispenser-1x,7491,27.984,3.53,3.51,0.0035,682,188
T-BulletDispenser-1x,7492,27.988,3.16,3.18,0.0032,464,188
T-BulletDispenser-1x,7493,27.990,2.59,2.59,0.0026,464,188
T-BulletDispenser-1x,7494,27.994,3.65,3.62,0.0036,682,187
T-BulletDispenser-1x,7495,27.997,3.55,3.51,0.0036,464,187
T-BulletDispenser-1x,7496,28.000,3.21,3.27,0.0032,464,187
T-BulletDispenser-1x,7497,28.004,3.63,3.62,0.0036,682,186
T-BulletDispenser-1x,7498,28.007,3.10,3.09,0.0031,464,186
T-BulletDispenser-1x,7499,28.010,2.98,3.01,0.0030,464,186
T-BulletDispenser-1x,7500,28.014,3.53,3.30,0.0035,682,185
T-BulletDispenser-1x,7501,28.017,2.98,3.19,0.0030,464,185
T-BulletDispenser-1x,7502,28.020,3.16,3.11,0.0032,464,185
T-BulletDispenser-1x,7503,28.023,3.31,3.38,0.0033,682,184
T-BulletDispenser-1x,7504,28.026,3.11,3.09,0.0031,464,184
T-BulletDispenser-1x,7505,28.029,2.88,2.90,0.0029,464,184
T-BulletDispenser-1x,7506,28.033,3.52,3.50,0.0035,682,183
T-BulletDispenser-1x,7507,28.036,2.89,2.90,0.0029,464,183
T-BulletDispenser-1x,7508,28.038,2.88,2.91,0.0029,464,183
T-BulletDispenser-1x,7509,28.042,3.65,3.60,0.0036,682,182
T-BulletDispenser-1x,7510,28.045,3.18,3.18,0.0032,464,182
T-BulletDispenser-1x,7511,28.048,2.91,2.90,0.0029,464,182
T-BulletDispenser-1x,7512,28.052,3.62,3.62,0.0036,682,181
T-BulletDispenser-1x,7513,28.055,3.05,3.09,0.0030,464,181
T-BulletDispenser-1x,7514,28.057,2.62,2.59,0.0026,464,181
T-BulletDispenser-1x,7515,28.060,2.69,2.70,0.0027,464,181
T-BulletDispenser-1x,7516,28.064,3.55,3.51,0.0035,682,180
T-BulletDispenser-1x,7517,28.067,3.41,3.40,0.0034,464,180
T-BulletDispenser-1x,7518,28.070,3.16,3.19,0.0032,464,180
T-BulletDispenser-1x,7519,28.074,3.20,3.18,0.0032,682,179
T-BulletDispenser-1x,7520,28.076,2.89,2.90,0.0029,464,179
T-BulletDispenser-1x,7521,28.079,2.68,2.70,0.0027,464,179
T-BulletDispenser-1x,7522,28.082,2.90,2.89,0.0029,682,178
T-BulletDispenser-1x,7523,28.085,3.41,3.33,0.0034,464,178
T-BulletDispenser-1x,7524,28.088,3.02,3.08,0.0030,516,178
T-BulletDispenser-1x,7525,28.092,3.30,3.29,0.0033,464,178
T-BulletDispenser-1x,7526,28.095,3.01,3.00,0.0030,464,178
T-BulletDispenser-1x,7527,28.098,2.86,2.89,0.0029,464,178
T-BulletDispenser-1x,7528,28.100,2.69,2.70,0.0027,464,178
T-BulletDispenser-1x,7529,28.103,2.82,2.80,0.0028,464,178
T-BulletDispenser-1x,7530,28.106,2.96,2.92,0.0030,464,178
T-BulletDispenser-1x,7531,28.109,2.92,2.97,0.0029,464,178
T-BulletDispenser-1x,7532,28.112,2.83,2.81,0.0028,464,178
T-BulletDispenser-1x,7533,28.115,2.90,2.90,0.0029,464,178
T-BulletDispenser-1x,7534,28.118,2.87,2.89,0.0029,464,178
T-BulletDispenser-1x,7535,28.120,2.62,2.60,0.0026,464,178
T-BulletDispenser-1x,7536,28.123,2.68,2.70,0.0027,464,178
T-BulletDispenser-1x,7537,28.126,2.82,2.80,0.0028,464,178
T-BulletDispenser-1x,7538,28.129,2.95,2.91,0.0030,464,178
T-BulletDispenser-1x,7539,28.132,3.28,3.29,0.0033,464,178
T-BulletDispenser-1x,7540,28.135,2.86,2.89,0.0029,464,178
T-BulletDispenser-1x,7541,28.138,3.12,3.12,0.0031,464,178
T-BulletDispenser-1x,7542,28.141,3.20,3.17,0.0032,464,178
T-BulletDispenser-1x,7543,28.144,3.22,3.22,0.0032,464,178
T-BulletDispenser-1x,7544,28.148,3.31,3.31,0.0033,464,178
T-BulletDispenser-1x,7545,28.151,3.62,3.59,0.0036,464,178
T-BulletDispenser-1x,7546,28.155,3.36,3.38,0.0034,464,178
T-BulletDispenser-1x,7547,28.158,2.98,2.99,0.0030,464,178
T-BulletDispenser-1x,7548,28.160,2.64,2.61,0.0026,464,178
T-BulletDispenser-1x,7549,28.164,3.30,3.30,0.0033,464,178
T-BulletDispenser-1x,7550,28.167,3.17,3.19,0.0032,464,178
T-BulletDispenser-1x,7551,28.170,2.99,2.99,0.0030,464,178
T-BulletDispenser-1x,7552,28.173,3.03,3.02,0.0030,464,178
T-BulletDispenser-1x,7553,28.176,2.94,2.98,0.0029,464,178
T-BulletDispenser-1x,7554,28.178,2.67,2.61,0.0027,464,178
T-BulletDispenser-1x,7555,28.181,2.76,2.80,0.0028,464,178
T-BulletDispenser-1x,7556,28.184,3.00,2.99,0.0030,464,178
T-BulletDispenser-1x,7557,28.187,2.89,2.90,0.0029,464,178
T-BulletDispenser-1x,7558,28.190,3.24,3.20,0.0032,464,178
T-BulletDispenser-1x,7559,28.193,2.98,2.99,0.0030,464,178
T-BulletDispenser-1x,7560,28.196,3.08,3.10,0.0031,464,178
T-BulletDispenser-1x,7561,28.199,3.00,2.99,0.0030,464,178
T-BulletDispenser-1x,7562,28.202,2.89,2.90,0.0029,464,178
T-BulletDispenser-1x,7563,28.205,2.69,2.69,0.0027,464,178
T-BulletDispenser-1x,7564,28.208,3.03,3.00,0.0030,464,178
T-BulletDispenser-1x,7565,28.211,3.21,3.20,0.0032,464,178
T-BulletDispenser-1x,7566,28.214,2.91,2.91,0.0029,464,178
T-BulletDispenser-1x,7567,28.217,2.79,2.79,0.0028,464,178
T-BulletDispenser-1x,7568,28.220,3.01,3.00,0.0030,464,178
T-BulletDispenser-1x,7569,28.223,3.31,3.31,0.0033,464,178
T-BulletDispenser-1x,7570,28.226,2.74,2.78,0.0027,464,178
T-BulletDispenser-1x,7571,28.229,3.13,3.10,0.0031,464,178
T-BulletDispenser-1x,7572,28.232,3.11,3.11,0.0031,464,178
T-BulletDispenser-1x,7573,28.235,2.54,2.58,0.0025,464,178
T-BulletDispenser-1x,7574,28.237,2.65,2.61,0.0026,464,178
T-BulletDispenser-1x,7575,28.241,3.21,3.19,0.0032,464,178
T-BulletDispenser-1x,7576,28.244,3.11,3.10,0.0031,464,178
T-BulletDispenser-1x,7577,28.247,3.09,3.11,0.0031,464,178
T-BulletDispenser-1x,7578,28.250,3.31,3.30,0.0033,464,178
T-BulletDispenser-1x,7579,28.253,2.62,2.59,0.0026,464,178
T-BulletDispenser-1x,7580,28.256,2.97,2.99,0.0030,464,178
T-BulletDispenser-1x,7581,28.259,3.34,3.32,0.0033,464,178
T-BulletDispenser-1x,7582,28.262,3.01,2.99,0.0030,464,178
T-BulletDispenser-1x,7583,28.265,2.95,2.98,0.0029,464,178
T-BulletDispenser-1x,7584,28.268,3.23,3.21,0.0032,464,178
T-BulletDispenser-1x,7585,28.271,3.09,3.09,0.0031,464,178
T-BulletDispenser-1x,7586,28.274,3.10,3.09,0.0031,464,178
T-BulletDispenser-1x,7587,28.278,3.53,3.51,0.0035,464,178
T-BulletDispenser-1x,7588,28.281,2.97,3.00,0.0030,464,178
T-BulletDispenser-1x,7589,28.284,3.29,3.28,0.0033,464,178
T-BulletDispenser-1x,7590,28.287,2.99,3.00,0.0030,464,178
T-BulletDispenser-1x,7591,28.290,2.91,2.91,0.0029,516,178
T-BulletDispenser-1x,7592,28.293,3.18,3.18,0.0032,464,178
T-BulletDispenser-1x,7593,28.296,3.10,3.03,0.0031,464,178
T-BulletDispenser-1x,7594,28.300,3.50,3.58,0.0035,464,178
T-BulletDispenser-1x,7595,28.303,3.32,3.30,0.0033,464,178
T-BulletDispenser-1x,7596,28.306,3.01,3.01,0.0030,464,178
T-BulletDispenser-1x,7597,28.309,3.05,3.08,0.0031,464,178
T-BulletDispenser-1x,7598,28.312,3.15,3.12,0.0031,464,178
T-BulletDispenser-1x,7599,28.316,3.31,3.30,0.0033,464,178
T-BulletDispenser-1x,7600,28.319,3.31,3.28,0.0033,464,178
T-BulletDispenser-1x,7601,28.322,3.17,3.20,0.0032,464,178
T-BulletDispenser-1x,7602,28.325,3.05,3.07,0.0030,464,178
T-BulletDispenser-1x,7603,28.328,2.73,2.70,0.0027,464,178
T-BulletDispenser-1x,7604,28.331,2.91,2.91,0.0029,464,178
T-BulletDispenser-1x,7605,28.334,3.24,3.20,0.0032,464,178
T-BulletDispenser-1x,7606,28.337,3.36,3.37,0.0034,464,178
T-BulletDispenser-1x,7607,28.341,3.11,3.12,0.0031,464,178
T-BulletDispenser-1x,7608,28.344,3.21,3.19,0.0032,464,178
T-BulletDispenser-1x,7609,28.347,3.28,3.29,0.0033,464,178
T-BulletDispenser-1x,7610,28.350,3.01,2.99,0.0030,464,178
T-BulletDispenser-1x,7611,28.353,2.89,2.90,0.0029,464,178
T-BulletDispenser-1x,7612,28.356,2.79,2.81,0.0028,464,178
T-BulletDispenser-1x,7613,28.359,3.13,3.10,0.0031,464,178
T-BulletDispenser-1x,7614,28.362,3.37,3.39,0.0034,464,178
T-BulletDispenser-1x,7615,28.366,3.58,3.53,0.0036,464,178
T-BulletDispenser-1x,7616,28.369,2.80,2.87,0.0028,464,178
T-BulletDispenser-1x,7617,28.371,2.92,2.89,0.0029,464,178
T-BulletDispenser-1x,7618,28.374,2.92,2.91,0.0029,464,178
T-BulletDispenser-1x,7619,28.377,2.90,2.89,0.0029,464,178
T-BulletDispenser-1x,7620,28.381,3.28,3.29,0.0033,464,178
T-BulletDispenser-1x,7621,28.383,2.90,2.90,0.0029,464,178
T-BulletDispenser-1x,7622,28.387,3.15,3.11,0.0032,464,178
T-BulletDispenser-1x,7623,28.390,3.38,3.40,0.0034,464,178
T-BulletDispenser-1x,7624,28.393,3.10,3.09,0.0031,464,178
T-BulletDispenser-1x,7625,28.396,3.10,3.11,0.0031,464,178
T-BulletDispenser-1x,7626,28.399,3.07,3.08,0.0031,464,178
T-BulletDispenser-1x,7627,28.403,3.66,3.61,0.0037,464,178
T-BulletDispenser-1x,7628,28.406,3.19,3.20,0.0032,464,178
T-BulletDispenser-1x,7629,28.409,3.23,3.28,0.0032,464,178
T-BulletDispenser-1x,7630,28.412,3.03,3.01,0.0030,464,178
T-BulletDispenser-1x,7631,28.416,3.12,3.09,0.0031,464,178
T-BulletDispenser-1x,7632,28.419,3.30,3.29,0.0033,464,178
T-BulletDispenser-1x,7633,28.422,3.11,3.11,0.0031,464,178
T-BulletDispenser-1x,7634,28.425,3.16,3.19,0.0032,464,178
T-BulletDispenser-1x,7635,28.428,2.90,2.89,0.0029,464,178
T-BulletDispenser-1x,7636,28.431,2.99,3.01,0.0030,464,178
T-BulletDispenser-1x,7637,28.434,2.67,2.69,0.0027,464,178
T-BulletDispenser-1x,7638,28.436,2.52,2.51,0.0025,464,178
T-BulletDispenser-1x,7639,28.439,3.03,3.01,0.0030,464,178
T-BulletDispenser-1x,7640,28.443,3.31,3.30,0.0033,464,178
T-BulletDispenser-1x,7641,28.446,3.39,3.39,0.0034,464,178
T-BulletDispenser-1x,7642,28.449,2.98,2.99,0.0030,464,178
T-BulletDispenser-1x,7643,28.452,3.01,3.01,0.0030,464,178
T-BulletDispenser-1x,7644,28.455,3.02,3.01,0.0030,464,178
T-BulletDispenser-1x,7645,28.458,3.50,3.49,0.0035,464,178
T-BulletDispenser-1x,7646,28.462,3.29,3.29,0.0033,464,178
T-BulletDispenser-1x,7647,28.465,3.33,3.30,0.0033,464,178
T-BulletDispenser-1x,7648,28.468,2.94,2.98,0.0029,464,178
T-BulletDispenser-1x,7649,28.471,2.79,2.80,0.0028,464,178
T-BulletDispenser-1x,7650,28.474,2.84,2.81,0.0028,464,178
T-BulletDispenser-1x,7651,28.477,3.00,3.02,0.0030,464,178
T-BulletDispenser-1x,7652,28.480,2.96,2.99,0.0030,464,178
T-BulletDispenser-1x,7653,28.482,2.74,2.70,0.0027,464,178
T-BulletDispenser-1x,7654,28.485,2.89,2.89,0.0029,464,178
T-BulletDispenser-1x,7655,28.489,3.30,3.30,0.0033,464,178
T-BulletDispenser-1x,7656,28.492,3.34,3.29,0.0033,516,178
T-BulletDispenser-1x,7657,28.495,3.31,3.31,0.0033,464,178
T-BulletDispenser-1x,7658,28.499,3.36,3.37,0.0034,464,178
T-BulletDispenser-1x,7659,28.501,2.98,3.00,0.0030,464,178
T-BulletDispenser-1x,7660,28.505,3.25,3.23,0.0032,464,178
T-BulletDispenser-1x,7661,28.508,3.20,3.18,0.0032,464,178
T-BulletDispenser-1x,7662,28.512,3.68,3.70,0.0037,464,178
T-BulletDispenser-1x,7663,28.514,2.68,2.70,0.0027,464,178
T-BulletDispenser-1x,7664,28.518,3.22,3.19,0.0032,464,178
T-BulletDispenser-1x,7665,28.521,3.07,3.09,0.0031,464,178
T-BulletDispenser-1x,7666,28.523,2.39,2.41,0.0024,464,178
T-BulletDispenser-1x,7667,28.526,2.87,2.79,0.0029,464,178
T-BulletDispenser-1x,7668,28.529,3.21,3.22,0.0032,464,178
T-BulletDispenser-1x,7669,28.532,3.28,3.27,0.0033,464,178
T-BulletDispenser-1x,7670,28.536,3.44,3.41,0.0034,464,178
T-BulletDispenser-1x,7671,28.539,3.11,3.17,0.0031,464,178
T-BulletDispenser-1x,7672,28.542,3.22,3.22,0.0032,464,178
T-BulletDispenser-1x,7673,28.545,3.05,3.03,0.0031,464,178
T-BulletDispenser-1x,7674,28.548,3.04,3.07,0.0030,464,178
T-BulletDispenser-1x,7675,28.551,3.23,3.21,0.0032,464,178
T-BulletDispenser-1x,7676,28.555,3.16,3.17,0.0032,464,178
T-BulletDispenser-1x,7677,28.558,3.11,3.11,0.0031,464,178
T-BulletDispenser-1x,7678,28.561,3.06,3.02,0.0031,464,178
T-BulletDispenser-1x,7679,28.564,3.36,3.38,0.0034,464,178
T-BulletDispenser-1x,7680,28.567,2.88,2.90,0.0029,464,178
T-BulletDispenser-1x,7681,28.570,3.42,3.40,0.0034,464,178
T-BulletDispenser-1x,7682,28.574,3.40,3.40,0.0034,464,178
T-BulletDispenser-1x,7683,28.577,3.20,3.19,0.0032,464,178
T-BulletDispenser-1x,7684,28.580,3.01,3.00,0.0030,464,178
T-BulletDispenser-1x,7685,28.583,3.38,3.40,0.0034,464,178
T-BulletDispenser-1x,7686,28.587,3.21,3.20,0.0032,464,178
T-BulletDispenser-1x,7687,28.590,3.18,3.19,0.0032,464,178
T-BulletDispenser-1x,7688,28.593,3.36,3.32,0.0034,464,178
T-BulletDispenser-1x,7689,28.596,3.25,3.28,0.0033,464,178
T-BulletDispenser-1x,7690,28.599,3.08,3.11,0.0031,464,178
T-BulletDispenser-1x,7691,28.602,2.58,2.58,0.0026,464,178
T-BulletDispenser-1x,7692,28.605,2.80,2.80,0.0028,464,178
T-BulletDispenser-1x,7693,28.608,2.66,2.60,0.0027,464,178
T-BulletDispenser-1x,7694,28.611,3.61,3.61,0.0036,464,178
T-BulletDispenser-1x,7695,28.615,3.40,3.40,0.0034,464,178
T-BulletDispenser-1x,7696,28.618,2.98,2.99,0.0030,464,178
T-BulletDispenser-1x,7697,28.621,3.19,3.21,0.0032,464,178
T-BulletDispenser-1x,7698,28.624,3.31,3.30,0.0033,464,178
T-BulletDispenser-1x,7699,28.627,3.02,3.01,0.0030,464,178
T-BulletDispenser-1x,7700,28.630,3.23,3.20,0.0032,464,178
T-BulletDispenser-1x,7701,28.634,3.67,3.69,0.0037,464,178
T-BulletDispenser-1x,7702,28.637,3.05,3.09,0.0030,464,178
T-BulletDispenser-1x,7703,28.640,2.79,2.79,0.0028,464,178
T-BulletDispenser-1x,7704,28.643,2.83,2.82,0.0028,464,178
T-BulletDispenser-1x,7705,28.646,3.23,3.20,0.0032,464,178
T-BulletDispenser-1x,7706,28.649,3.09,3.10,0.0031,464,178
T-BulletDispenser-1x,7707,28.652,2.89,2.90,0.0029,464,178
T-BulletDispenser-1x,7708,28.655,3.42,3.40,0.0034,464,178
T-BulletDispenser-1x,7709,28.659,3.39,3.39,0.0034,464,178
T-BulletDispenser-1x,7710,28.662,2.90,2.89,0.0029,464,178
T-BulletDispenser-1x,7711,28.664,2.89,2.89,0.0029,464,178
T-BulletDispenser-1x,7712,28.668,3.42,3.40,0.0034,464,178
T-BulletDispenser-1x,7713,28.671,3.29,3.30,0.0033,464,178
T-BulletDispenser-1x,7714,28.674,3.12,3.11,0.0031,464,178
T-BulletDispenser-1x,7715,28.677,2.99,2.98,0.0030,464,178
T-BulletDispenser-1x,7716,28.680,2.78,2.81,0.0028,464,178
T-BulletDispenser-1x,7717,28.683,2.88,2.90,0.0029,464,178
T-BulletDispenser-1x,7718,28.686,2.91,2.89,0.0029,464,178
T-BulletDispenser-1x,7719,28.689,2.96,2.91,0.0030,464,178
T-BulletDispenser-1x,7720,28.692,3.12,3.18,0.0031,516,178
T-BulletDispenser-1x,7721,28.695,3.24,3.21,0.0032,464,178
T-BulletDispenser-1x,7722,28.698,2.97,3.00,0.0030,464,178
T-BulletDispenser-1x,7723,28.701,2.78,2.78,0.0028,464,178
T-BulletDispenser-1x,7724,28.704,2.70,2.69,0.0027,464,178
T-BulletDispenser-1x,7725,28.707,2.95,2.92,0.0029,464,178
T-BulletDispenser-1x,7726,28.710,3.18,3.20,0.0032,464,178
T-BulletDispenser-1x,7727,28.713,3.19,3.19,0.0032,464,178
T-BulletDispenser-1x,7728,28.716,3.23,3.20,0.0032,464,178
T-BulletDispenser-1x,7729,28.719,3.17,3.20,0.0032,464,178
T-BulletDispenser-1x,7730,28.723,3.21,3.19,0.0032,464,178
T-BulletDispenser-1x,7731,28.726,3.21,3.20,0.0032,464,178
T-BulletDispenser-1x,7732,28.729,3.29,3.30,0.0033,464,178
T-BulletDispenser-1x,7733,28.732,2.92,2.91,0.0029,464,178
T-BulletDispenser-1x,7734,28.735,3.02,3.00,0.0030,464,178
T-BulletDispenser-1x,7735,28.738,3.47,3.49,0.0035,464,178
T-BulletDispenser-1x,7736,28.741,2.98,2.99,0.0030,464,178
T-BulletDispenser-1x,7737,28.744,2.59,2.60,0.0026,464,178
T-BulletDispenser-1x,7738,28.747,3.13,3.09,0.0031,464,178
T-BulletDispenser-1x,7739,28.750,3.18,3.21,0.0032,464,178
T-BulletDispenser-1x,7740,28.754,3.21,3.19,0.0032,464,178
T-BulletDispenser-1x,7741,28.757,3.27,3.22,0.0033,464,178
T-BulletDispenser-1x,7742,28.760,3.21,3.29,0.0032,464,178
T-BulletDispenser-1x,7743,28.763,3.04,3.00,0.0030,464,178
T-BulletDispenser-1x,7744,28.766,3.06,3.08,0.0031,464,178
T-BulletDispenser-1x,7745,28.769,3.33,3.30,0.0033,464,178
T-BulletDispenser-1x,7746,28.773,3.23,3.20,0.0032,464,178
T-BulletDispenser-1x,7747,28.775,2.80,2.89,0.0028,464,178
T-BulletDispenser-1x,7748,28.779,3.04,3.00,0.0030,464,178
T-BulletDispenser-1x,7749,28.781,2.90,2.90,0.0029,464,178
T-BulletDispenser-1x,7750,28.784,2.99,3.01,0.0030,464,178
T-BulletDispenser-1x,7751,28.788,3.09,3.08,0.0031,464,178
T-BulletDispenser-1x,7752,28.791,3.33,3.31,0.0033,464,178
T-BulletDispenser-1x,7753,28.794,3.42,3.40,0.0034,464,178
T-BulletDispenser-1x,7754,28.797,3.06,3.09,0.0031,464,178
T-BulletDispenser-1x,7755,28.800,3.02,3.00,0.0030,464,178
T-BulletDispenser-1x,7756,28.803,3.04,3.01,0.0030,464,178
T-BulletDispenser-1x,7757,28.806,3.05,3.11,0.0031,464,178
T-BulletDispenser-1x,7758,28.809,2.84,2.80,0.0028,464,178
T-BulletDispenser-1x,7759,28.812,3.18,3.18,0.0032,464,178
T-BulletDispenser-1x,7760,28.815,2.82,2.80,0.0028,464,178
T-BulletDispenser-1x,7761,28.818,3.04,3.08,0.0030,464,178
T-BulletDispenser-1x,7762,28.821,3.02,3.00,0.0030,464,178
T-BulletDispenser-1x,7763,28.824,3.07,3.09,0.0031,464,178
T-BulletDispenser-1x,7764,28.828,3.23,3.22,0.0032,464,178
T-BulletDispenser-1x,7765,28.831,3.00,3.00,0.0030,464,178
T-BulletDispenser-1x,7766,28.834,3.38,3.38,0.0034,464,178
T-BulletDispenser-1x,7767,28.837,3.10,3.10,0.0031,464,178
T-BulletDispenser-1x,7768,28.840,3.11,3.11,0.0031,464,178
T-BulletDispenser-1x,7769,28.843,2.78,2.80,0.0028,464,178
T-BulletDispenser-1x,7770,28.846,3.36,3.31,0.0034,464,178
T-BulletDispenser-1x,7771,28.850,3.27,3.29,0.0033,464,178
T-BulletDispenser-1x,7772,28.853,3.43,3.40,0.0034,464,178
T-BulletDispenser-1x,7773,28.856,3.08,3.10,0.0031,464,178
T-BulletDispenser-1x,7774,28.859,3.32,3.31,0.0033,464,178
T-BulletDispenser-1x,7775,28.863,3.60,3.59,0.0036,464,178
T-BulletDispenser-1x,7776,28.866,3.41,3.40,0.0034,464,178
T-BulletDispenser-1x,7777,28.870,3.57,3.60,0.0036,464,178
T-BulletDispenser-1x,7778,28.873,2.85,2.87,0.0028,464,178
T-BulletDispenser-1x,7779,28.876,3.13,3.12,0.0031,464,178
T-BulletDispenser-1x,7780,28.880,3.75,3.71,0.0038,464,178
T-BulletDispenser-1x,7781,28.883,3.47,3.49,0.0035,464,178
T-BulletDispenser-1x,7782,28.887,3.46,3.45,0.0035,464,178
T-BulletDispenser-1x,7783,28.890,3.14,3.13,0.0031,464,178
T-BulletDispenser-1x,7784,28.893,3.02,3.01,0.0030,516,178
T-BulletDispenser-1x,7785,28.896,3.26,3.29,0.0033,464,178
T-BulletDispenser-1x,7786,28.900,3.41,3.40,0.0034,464,178
T-BulletDispenser-1x,7787,28.903,3.44,3.39,0.0034,464,178
T-BulletDispenser-1x,7788,28.906,3.49,3.49,0.0035,464,178
T-BulletDispenser-1x,7789,28.910,3.19,3.21,0.0032,464,178
T-BulletDispenser-1x,7790,28.913,3.02,2.98,0.0030,464,178
T-BulletDispenser-1x,7791,28.916,3.14,3.20,0.0031,464,178
T-BulletDispenser-1x,7792,28.919,3.12,3.10,0.0031,464,178
T-BulletDispenser-1x,7793,28.922,3.11,3.11,0.0031,464,178
T-BulletDispenser-1x,7794,28.925,2.78,2.79,0.0028,464,178
T-BulletDispenser-1x,7795,28.928,3.21,3.19,0.0032,464,178
T-BulletDispenser-1x,7796,28.931,3.31,3.30,0.0033,464,178
T-BulletDispenser-1x,7797,28.934,3.00,3.01,0.0030,464,178
T-BulletDispenser-1x,7798,28.937,2.87,2.88,0.0029,464,178
T-BulletDispenser-1x,7799,28.940,2.94,2.91,0.0029,464,178
T-BulletDispenser-1x,7800,28.943,3.09,3.10,0.0031,464,178
T-BulletDispenser-1x,7801,28.947,3.39,3.41,0.0034,464,178
T-BulletDispenser-1x,7802,28.950,3.15,3.10,0.0031,464,178
T-BulletDispenser-1x,7803,28.953,3.28,3.30,0.0033,464,178
T-BulletDispenser-1x,7804,28.956,2.76,2.79,0.0028,464,178
T-BulletDispenser-1x,7805,28.959,3.23,3.21,0.0032,464,178
T-BulletDispenser-1x,7806,28.962,3.28,3.30,0.0033,464,178
T-BulletDispenser-1x,7807,28.966,3.62,3.59,0.0036,464,178
T-BulletDispenser-1x,7808,28.969,3.31,3.32,0.0033,464,178
T-BulletDispenser-1x,7809,28.972,2.87,2.87,0.0029,464,178
T-BulletDispenser-1x,7810,28.975,2.70,2.71,0.0027,464,178
T-BulletDispenser-1x,7811,28.978,2.71,2.70,0.0027,464,178
T-BulletDispenser-1x,7812,28.981,3.33,3.31,0.0033,464,178
T-BulletDispenser-1x,7813,28.984,3.08,3.08,0.0031,464,178
T-BulletDispenser-1x,7814,28.987,3.52,3.50,0.0035,464,178
T-BulletDispenser-1x,7815,28.991,3.21,3.20,0.0032,464,178
T-BulletDispenser-1x,7816,28.994,3.76,3.73,0.0038,464,178
T-BulletDispenser-1x,7817,28.997,3.00,3.06,0.0030,464,178
T-BulletDispenser-1x,7818,29.001,3.14,3.10,0.0031,464,178
T-BulletDispenser-1x,7819,29.004,3.71,3.72,0.0037,464,178
T-BulletDispenser-1x,7820,29.007,3.08,3.08,0.0031,464,178
T-BulletDispenser-1x,7821,29.011,3.51,3.49,0.0035,464,178
T-BulletDispenser-1x,7822,29.014,2.99,3.01,0.0030,464,178
T-BulletDispenser-1x,7823,29.017,2.97,3.00,0.0030,464,178
T-BulletDispenser-1x,7824,29.019,2.48,2.49,0.0025,464,178
T-BulletDispenser-1x,7825,29.022,2.96,2.90,0.0030,464,178
T-BulletDispenser-1x,7826,29.026,3.49,3.51,0.0035,464,178
T-BulletDispenser-1x,7827,29.029,3.12,3.09,0.0031,464,178
T-BulletDispenser-1x,7828,29.032,3.07,3.09,0.0031,464,178
T-BulletDispenser-1x,7829,29.035,2.88,2.89,0.0029,464,178
T-BulletDispenser-1x,7830,29.038,3.10,3.09,0.0031,464,178
T-BulletDispenser-1x,7831,29.041,3.21,3.21,0.0032,464,178
T-BulletDispenser-1x,7832,29.044,2.82,2.80,0.0028,464,178
T-BulletDispenser-1x,7833,29.047,3.28,3.29,0.0033,464,178
T-BulletDispenser-1x,7834,29.050,3.19,3.20,0.0032,464,178
T-BulletDispenser-1x,7835,29.054,3.13,3.10,0.0031,464,178
T-BulletDispenser-1x,7836,29.057,3.33,3.30,0.0033,464,178
T-BulletDispenser-1x,7837,29.060,2.72,2.78,0.0027,464,178
T-BulletDispenser-1x,7838,29.063,3.24,3.21,0.0032,464,178
T-BulletDispenser-1x,7839,29.066,3.20,3.19,0.0032,464,178
T-BulletDispenser-1x,7840,29.069,2.77,2.80,0.0028,464,178
T-BulletDispenser-1x,7841,29.072,2.93,2.90,0.0029,464,178
T-BulletDispenser-1x,7842,29.075,3.34,3.32,0.0033,464,178
T-BulletDispenser-1x,7843,29.078,3.16,3.17,0.0032,464,178
T-BulletDispenser-1x,7844,29.081,3.01,3.01,0.0030,464,178
T-BulletDispenser-1x,7845,29.084,2.97,2.98,0.0030,464,178
T-BulletDispenser-1x,7846,29.087,3.13,3.11,0.0031,464,178
T-BulletDispenser-1x,7847,29.090,2.80,2.80,0.0028,464,178
T-BulletDispenser-1x,7848,29.093,2.90,2.90,0.0029,516,178
T-BulletDispenser-1x,7849,29.096,3.32,3.30,0.0033,464,178
T-BulletDispenser-1x,7850,29.100,3.31,3.29,0.0033,464,178
T-BulletDispenser-1x,7851,29.103,3.58,3.59,0.0036,464,178
T-BulletDispenser-1x,7852,29.106,3.11,3.09,0.0031,464,178
T-BulletDispenser-1x,7853,29.110,3.25,3.31,0.0033,464,178
T-BulletDispenser-1x,7854,29.113,3.33,3.31,0.0033,464,178
T-BulletDispenser-1x,7855,29.116,2.97,2.99,0.0030,464,178
T-BulletDispenser-1x,7856,29.119,2.62,2.62,0.0026,464,178
T-BulletDispenser-1x,7857,29.122,3.23,3.20,0.0032,464,178
T-BulletDispenser-1x,7858,29.125,3.26,3.27,0.0033,464,178
T-BulletDispenser-1x,7859,29.128,2.92,2.91,0.0029,464,178
T-BulletDispenser-1x,7860,29.131,2.89,2.91,0.0029,464,178
T-BulletDispenser-1x,7861,29.134,2.90,2.90,0.0029,464,178
T-BulletDispenser-1x,7862,29.136,2.49,2.49,0.0025,464,178
T-BulletDispenser-1x,7863,29.139,2.88,2.88,0.0029,464,178
T-BulletDispenser-1x,7864,29.142,2.85,2.80,0.0028,464,178
T-BulletDispenser-1x,7865,29.145,2.78,2.82,0.0028,464,178
T-BulletDispenser-1x,7866,29.148,3.01,3.00,0.0030,464,178
T-BulletDispenser-1x,7867,29.151,2.93,2.90,0.0029,464,178
T-BulletDispenser-1x,7868,29.153,2.85,2.88,0.0029,464,178
T-BulletDispenser-1x,7869,29.157,3.17,3.13,0.0032,464,178
T-BulletDispenser-1x,7870,29.160,3.27,3.30,0.0033,464,178
T-BulletDispenser-1x,7871,29.163,2.85,2.88,0.0028,464,178
T-BulletDispenser-1x,7872,29.166,2.81,2.79,0.0028,464,178
T-BulletDispenser-1x,7873,29.169,3.03,3.01,0.0030,464,178
T-BulletDispenser-1x,7874,29.172,2.93,2.98,0.0029,464,178
T-BulletDispenser-1x,7875,29.175,3.12,3.04,0.0031,464,178
T-BulletDispenser-1x,7876,29.178,3.15,3.18,0.0032,464,178
T-BulletDispenser-1x,7877,29.180,2.62,2.67,0.0026,464,178
T-BulletDispenser-1x,7878,29.183,2.55,2.52,0.0026,464,178
T-BulletDispenser-1x,7879,29.186,2.78,2.79,0.0028,464,178
T-BulletDispenser-1x,7880,29.189,2.89,2.89,0.0029,464,178
T-BulletDispenser-1x,7881,29.192,2.91,2.85,0.0029,464,178
T-BulletDispenser-1x,7882,29.194,2.84,2.87,0.0028,464,178
T-BulletDispenser-1x,7883,29.197,2.89,2.89,0.0029,464,178
T-BulletDispenser-1x,7884,29.200,3.01,3.01,0.0030,464,178
T-BulletDispenser-1x,7885,29.203,3.01,2.98,0.0030,464,178
T-BulletDispenser-1x,7886,29.206,2.87,2.90,0.0029,464,178
T-BulletDispenser-1x,7887,29.209,2.90,2.90,0.0029,464,178
T-BulletDispenser-1x,7888,29.213,3.49,3.42,0.0035,464,178
T-BulletDispenser-1x,7889,29.216,3.23,3.28,0.0032,464,178
T-BulletDispenser-1x,7890,29.218,2.65,2.68,0.0026,464,178
T-BulletDispenser-1x,7891,29.222,3.16,3.11,0.0032,464,178
T-BulletDispenser-1x,7892,29.225,3.29,3.30,0.0033,464,178
T-BulletDispenser-1x,7893,29.228,3.34,3.30,0.0033,464,178
T-BulletDispenser-1x,7894,29.231,3.13,3.17,0.0031,464,178
T-BulletDispenser-1x,7895,29.235,3.12,3.10,0.0031,464,178
T-BulletDispenser-1x,7896,29.238,3.10,3.12,0.0031,464,178
T-BulletDispenser-1x,7897,29.241,3.00,2.98,0.0030,464,178
T-BulletDispenser-1x,7898,29.243,2.89,2.91,0.0029,464,178
T-BulletDispenser-1x,7899,29.247,3.27,3.21,0.0033,464,178
T-BulletDispenser-1x,7900,29.250,3.36,3.40,0.0034,464,178
T-BulletDispenser-1x,7901,29.253,2.65,2.67,0.0027,464,178
T-BulletDispenser-1x,7902,29.255,2.69,2.70,0.0027,464,178
T-BulletDispenser-1x,7903,29.258,2.64,2.60,0.0026,464,178
T-BulletDispenser-1x,7904,29.261,3.33,3.31,0.0033,464,178
T-BulletDispenser-1x,7905,29.264,2.84,2.88,0.0028,464,178
T-BulletDispenser-1x,7906,29.267,3.04,3.01,0.0030,464,178
T-BulletDispenser-1x,7907,29.270,3.18,3.11,0.0032,464,178
T-BulletDispenser-1x,7908,29.273,2.79,2.88,0.0028,464,178
T-BulletDispenser-1x,7909,29.276,2.70,2.69,0.0027,464,178
T-BulletDispenser-1x,7910,29.279,3.24,3.21,0.0032,464,178
T-BulletDispenser-1x,7911,29.282,2.98,2.99,0.0030,464,178
T-BulletDispenser-1x,7912,29.285,2.69,2.71,0.0027,464,178
T-BulletDispenser-1x,7913,29.288,3.11,3.09,0.0031,464,178
T-BulletDispenser-1x,7914,29.291,3.05,3.02,0.0031,464,178
T-BulletDispenser-1x,7915,29.294,3.08,3.09,0.0031,516,178
T-BulletDispenser-1x,7916,29.297,2.87,2.88,0.0029,464,178
T-BulletDispenser-1x,7917,29.300,3.19,3.20,0.0032,464,178
T-BulletDispenser-1x,7918,29.303,3.02,3.00,0.0030,464,178
T-BulletDispenser-1x,7919,29.306,3.08,3.11,0.0031,464,178
T-BulletDispenser-1x,7920,29.309,2.89,2.89,0.0029,464,178
T-BulletDispenser-1x,7921,29.312,3.09,3.01,0.0031,464,178
T-BulletDispenser-1x,7922,29.315,3.15,3.19,0.0031,464,178
T-BulletDispenser-1x,7923,29.318,3.00,3.01,0.0030,464,178
T-BulletDispenser-1x,7924,29.321,2.97,2.99,0.0030,464,178
T-BulletDispenser-1x,7925,29.324,2.94,2.90,0.0029,464,178
T-BulletDispenser-1x,7926,29.328,3.30,3.29,0.0033,464,178
T-BulletDispenser-1x,7927,29.331,3.37,3.32,0.0034,464,178
T-BulletDispenser-1x,7928,29.334,2.92,2.99,0.0029,464,178
T-BulletDispenser-1x,7929,29.337,3.15,3.12,0.0031,464,178
T-BulletDispenser-1x,7930,29.340,2.94,2.98,0.0029,464,178
T-BulletDispenser-1x,7931,29.343,3.24,3.22,0.0032,464,178
T-BulletDispenser-1x,7932,29.347,3.24,3.20,0.0032,464,178
T-BulletDispenser-1x,7933,29.350,3.57,3.58,0.0036,464,178
T-BulletDispenser-1x,7934,29.354,4.04,3.31,0.0040,464,178
T-BulletDispenser-1x,7935,29.357,2.68,3.46,0.0027,592,178
T-BulletDispenser-1x,7936,29.360,2.83,2.83,0.0028,464,178
T-BulletDispenser-1x,7937,29.363,3.30,3.19,0.0033,464,178
T-BulletDispenser-1x,7938,29.366,3.01,3.10,0.0030,464,178
T-BulletDispenser-1x,7939,29.369,2.66,2.69,0.0027,464,178
T-BulletDispenser-1x,7940,29.372,3.14,3.11,0.0031,464,178
T-BulletDispenser-1x,7941,29.374,2.76,2.79,0.0028,464,178
T-BulletDispenser-1x,7942,29.377,2.63,2.60,0.0026,464,178
T-BulletDispenser-1x,7943,29.380,3.10,3.09,0.0031,464,178
T-BulletDispenser-1x,7944,29.383,3.20,3.20,0.0032,464,178
T-BulletDispenser-1x,7945,29.386,3.00,3.01,0.0030,464,178
T-BulletDispenser-1x,7946,29.389,3.01,2.99,0.0030,464,178
T-BulletDispenser-1x,7947,29.393,3.28,3.30,0.0033,464,178
T-BulletDispenser-1x,7948,29.396,2.82,2.78,0.0028,464,178
T-BulletDispenser-1x,7949,29.399,3.35,3.32,0.0033,464,178
T-BulletDispenser-1x,7950,29.402,2.95,2.98,0.0029,464,178
T-BulletDispenser-1x,7951,29.405,3.07,3.10,0.0031,464,178
T-BulletDispenser-1x,7952,29.408,3.04,3.01,0.0030,464,178
T-BulletDispenser-1x,7953,29.411,2.87,2.89,0.0029,464,178
T-BulletDispenser-1x,7954,29.414,2.79,2.79,0.0028,464,178
T-BulletDispenser-1x,7955,29.416,2.63,2.61,0.0026,464,178
T-BulletDispenser-1x,7956,29.419,2.86,2.89,0.0029,464,178
T-BulletDispenser-1x,7957,29.422,3.02,3.00,0.0030,464,178
T-BulletDispenser-1x,7958,29.425,3.03,3.01,0.0030,464,178
T-BulletDispenser-1x,7959,29.428,3.10,3.10,0.0031,464,178
T-BulletDispenser-1x,7960,29.431,3.00,3.00,0.0030,464,178
T-BulletDispenser-1x,7961,29.434,2.95,2.98,0.0030,464,178
T-BulletDispenser-1x,7962,29.437,2.70,2.68,0.0027,464,178
T-BulletDispenser-1x,7963,29.440,3.36,3.33,0.0034,464,178
T-BulletDispenser-1x,7964,29.443,3.08,3.10,0.0031,464,178
T-BulletDispenser-1x,7965,29.447,3.20,3.18,0.0032,464,178
T-BulletDispenser-1x,7966,29.450,3.20,3.21,0.0032,464,178
T-BulletDispenser-1x,7967,29.453,3.33,3.30,0.0033,464,178
T-BulletDispenser-1x,7968,29.456,2.64,2.68,0.0026,464,178
T-BulletDispenser-1x,7969,29.458,2.67,2.61,0.0027,464,178
T-BulletDispenser-1x,7970,29.461,2.69,2.69,0.0027,464,178
T-BulletDispenser-1x,7971,29.464,2.96,3.00,0.0030,464,178
T-BulletDispenser-1x,7972,29.467,2.94,2.92,0.0029,464,178
T-BulletDispenser-1x,7973,29.470,2.78,2.79,0.0028,464,178
T-BulletDispenser-1x,7974,29.473,3.00,3.01,0.0030,464,178
T-BulletDispenser-1x,7975,29.476,2.99,2.98,0.0030,464,178
T-BulletDispenser-1x,7976,29.479,2.97,2.99,0.0030,464,178
T-BulletDispenser-1x,7977,29.481,2.82,2.82,0.0028,464,178
T-BulletDispenser-1x,7978,29.484,2.79,2.80,0.0028,464,178
T-BulletDispenser-1x,7979,29.488,3.24,3.20,0.0032,464,178
T-BulletDispenser-1x,7980,29.491,3.19,3.18,0.0032,464,178
T-BulletDispenser-1x,7981,29.494,3.01,3.01,0.0030,464,178
T-BulletDispenser-1x,7982,29.497,2.95,3.00,0.0030,516,178
T-BulletDispenser-1x,7983,29.500,3.05,3.01,0.0030,464,178
T-BulletDispenser-1x,7984,29.503,2.98,2.98,0.0030,464,178
T-BulletDispenser-1x,7985,29.505,2.57,2.60,0.0026,464,178
T-BulletDispenser-1x,7986,29.508,2.53,2.50,0.0025,464,178
T-BulletDispenser-1x,7987,29.511,3.21,3.19,0.0032,464,178
T-BulletDispenser-1x,7988,29.514,3.00,3.01,0.0030,464,178
T-BulletDispenser-1x,7989,29.517,3.42,3.41,0.0034,464,178
T-BulletDispenser-1x,7990,29.521,3.40,3.39,0.0034,464,178
T-BulletDispenser-1x,7991,29.523,2.64,2.69,0.0026,464,178
T-BulletDispenser-1x,7992,29.526,2.58,2.59,0.0026,464,178
T-BulletDispenser-1x,7993,29.529,2.66,2.62,0.0027,464,178
T-BulletDispenser-1x,7994,29.532,3.17,3.18,0.0032,464,178
T-BulletDispenser-1x,7995,29.535,2.90,2.90,0.0029,464,178
T-BulletDispenser-1x,7996,29.538,2.97,3.00,0.0030,464,178
T-BulletDispenser-1x,7997,29.541,3.01,3.00,0.0030,464,178
T-BulletDispenser-1x,7998,29.543,2.71,2.72,0.0027,464,178
T-BulletDispenser-1x,7999,29.546,2.59,2.59,0.0026,464,178
T-BulletDispenser-1x,8000,29.549,2.94,2.91,0.0029,464,178
T-BulletDispenser-1x,8001,29.552,3.21,3.19,0.0032,464,178
T-BulletDispenser-1x,8002,29.555,2.86,2.91,0.0029,464,178
T-BulletDispenser-1x,8003,29.558,3.05,3.00,0.0030,464,178
T-BulletDispenser-1x,8004,29.561,2.62,2.67,0.0026,464,178
T-BulletDispenser-1x,8005,29.563,2.61,2.61,0.0026,464,178
T-BulletDispenser-1x,8006,29.566,2.86,2.82,0.0029,464,178
T-BulletDispenser-1x,8007,29.570,3.61,3.59,0.0036,464,178
T-BulletDispenser-1x,8008,29.573,3.48,3.49,0.0035,464,178
T-BulletDispenser-1x,8009,29.576,3.11,3.10,0.0031,464,178
T-BulletDispenser-1x,8010,29.580,3.18,3.20,0.0032,464,178
T-BulletDispenser-1x,8011,29.583,3.34,3.31,0.0033,464,178
T-BulletDispenser-1x,8012,29.586,2.87,2.89,0.0029,464,178
T-BulletDispenser-1x,8013,29.589,2.81,2.77,0.0028,464,178
T-BulletDispenser-1x,8014,29.592,3.51,3.52,0.0035,464,178
T-BulletDispenser-1x,8015,29.595,3.17,3.18,0.0032,464,178
T-BulletDispenser-1x,8016,29.598,2.87,2.90,0.0029,464,178
T-BulletDispenser-1x,8017,29.601,3.26,3.22,0.0033,464,178
T-BulletDispenser-1x,8018,29.604,2.95,2.99,0.0029,464,178
T-BulletDispenser-1x,8019,29.607,3.02,3.00,0.0030,464,178
T-BulletDispenser-1x,8020,29.610,2.96,2.91,0.0030,464,178
T-BulletDispenser-1x,8021,29.614,3.24,3.28,0.0032,464,178
T-BulletDispenser-1x,8022,29.617,3.19,3.20,0.0032,464,178
T-BulletDispenser-1x,8023,29.620,2.73,2.72,0.0027,464,178
T-BulletDispenser-1x,8024,29.623,3.09,3.10,0.0031,464,178
T-BulletDispenser-1x,8025,29.626,3.01,2.99,0.0030,464,178
T-BulletDispenser-1x,8026,29.628,2.87,2.89,0.0029,464,178
T-BulletDispenser-1x,8027,29.632,3.23,3.20,0.0032,464,178
T-BulletDispenser-1x,8028,29.635,2.99,3.00,0.0030,464,178
T-BulletDispenser-1x,8029,29.638,3.29,3.31,0.0033,464,178
T-BulletDispenser-1x,8030,29.641,2.83,2.80,0.0028,464,178
T-BulletDispenser-1x,8031,29.644,3.21,3.17,0.0032,464,178
T-BulletDispenser-1x,8032,29.647,2.96,2.99,0.0030,464,178
T-BulletDispenser-1x,8033,29.650,3.09,3.10,0.0031,464,178
T-BulletDispenser-1x,8034,29.653,2.78,2.79,0.0028,464,178
T-BulletDispenser-1x,8035,29.656,2.80,2.80,0.0028,464,178
T-BulletDispenser-1x,8036,29.658,2.78,2.80,0.0028,464,178
T-BulletDispenser-1x,8037,29.661,2.44,2.42,0.0024,464,178
T-BulletDispenser-1x,8038,29.664,3.05,3.00,0.0030,464,178
T-BulletDispenser-1x,8039,29.667,3.27,3.29,0.0033,464,178
T-BulletDispenser-1x,8040,29.670,3.01,3.02,0.0030,464,178
T-BulletDispenser-1x,8041,29.673,2.90,2.87,0.0029,464,178
T-BulletDispenser-1x,8042,29.677,3.53,3.53,0.0035,464,178
T-BulletDispenser-1x,8043,29.680,2.94,2.98,0.0029,464,178
T-BulletDispenser-1x,8044,29.682,2.49,2.50,0.0025,464,178
T-BulletDispenser-1x,8045,29.685,2.57,2.58,0.0026,464,178
T-BulletDispenser-1x,8046,29.687,2.66,2.63,0.0027,464,178
T-BulletDispenser-1x,8047,29.691,3.40,3.38,0.0034,464,178
T-BulletDispenser-1x,8048,29.694,3.10,3.11,0.0031,464,178
T-BulletDispenser-1x,8049,29.697,3.41,3.40,0.0034,516,178
T-BulletDispenser-1x,8050,29.701,3.62,3.60,0.0036,464,178
T-BulletDispenser-1x,8051,29.704,3.58,3.59,0.0036,464,178
T-BulletDispenser-1x,8052,29.708,3.19,3.18,0.0032,464,178
T-BulletDispenser-1x,8053,29.711,3.61,3.60,0.0036,464,178
T-BulletDispenser-1x,8054,29.714,3.10,3.11,0.0031,464,178
T-BulletDispenser-1x,8055,29.717,2.96,2.99,0.0030,464,178
T-BulletDispenser-1x,8056,29.720,2.79,2.71,0.0028,464,178
T-BulletDispenser-1x,8057,29.723,3.31,3.30,0.0033,464,178
T-BulletDispenser-1x,8058,29.726,3.03,3.08,0.0030,464,178
T-BulletDispenser-1x,8059,29.730,3.06,3.10,0.0031,464,178
T-BulletDispenser-1x,8060,29.733,3.11,3.09,0.0031,464,178
T-BulletDispenser-1x,8061,29.736,3.25,3.22,0.0033,464,178
T-BulletDispenser-1x,8062,29.738,2.64,2.69,0.0026,464,178
T-BulletDispenser-1x,8063,29.741,2.69,2.61,0.0027,464,178
T-BulletDispenser-1x,8064,29.744,3.24,3.27,0.0032,464,178
T-BulletDispenser-1x,8065,29.748,3.50,3.45,0.0035,464,178
T-BulletDispenser-1x,8066,29.752,3.63,3.67,0.0036,464,178
T-BulletDispenser-1x,8067,29.755,3.69,3.68,0.0037,464,178
T-BulletDispenser-1x,8068,29.759,3.37,3.39,0.0034,464,178
T-BulletDispenser-1x,8069,29.762,3.65,3.62,0.0037,464,178
T-BulletDispenser-1x,8070,29.766,3.68,3.68,0.0037,464,178
T-BulletDispenser-1x,8071,29.769,3.49,3.49,0.0035,464,178
T-BulletDispenser-1x,8072,29.773,3.51,3.50,0.0035,464,178
T-BulletDispenser-1x,8073,29.776,3.26,3.29,0.0033,464,178
T-BulletDispenser-1x,8074,29.779,3.22,3.21,0.0032,464,178
T-BulletDispenser-1x,8075,29.783,3.12,3.11,0.0031,464,178
T-BulletDispenser-1x,8076,29.785,2.65,2.68,0.0027,464,178
T-BulletDispenser-1x,8077,29.788,3.10,3.09,0.0031,464,178
T-BulletDispenser-1x,8078,29.792,3.33,3.32,0.0033,464,178
T-BulletDispenser-1x,8079,29.794,2.60,2.60,0.0026,464,178
T-BulletDispenser-1x,8080,29.797,2.97,2.97,0.0030,464,178
T-BulletDispenser-1x,8081,29.800,2.82,2.81,0.0028,464,178
T-BulletDispenser-1x,8082,29.803,2.57,2.59,0.0026,464,178
T-BulletDispenser-1x,8083,29.805,2.92,2.89,0.0029,464,178
T-BulletDispenser-1x,8084,29.808,2.93,2.91,0.0029,464,178
T-BulletDispenser-1x,8085,29.812,3.50,3.50,0.0035,464,178
T-BulletDispenser-1x,8086,29.815,3.54,3.51,0.0035,464,178
T-BulletDispenser-1x,8087,29.819,3.12,3.19,0.0031,464,178
T-BulletDispenser-1x,8088,29.822,2.93,2.89,0.0029,464,178
T-BulletDispenser-1x,8089,29.825,3.55,3.52,0.0035,464,178
T-BulletDispenser-1x,8090,29.828,3.26,3.28,0.0033,464,178
T-BulletDispenser-1x,8091,29.832,3.31,3.31,0.0033,464,178
T-BulletDispenser-1x,8092,29.835,2.89,2.89,0.0029,464,178
T-BulletDispenser-1x,8093,29.838,3.06,3.10,0.0031,464,178
T-BulletDispenser-1x,8094,29.840,2.91,2.89,0.0029,464,178
T-BulletDispenser-1x,8095,29.843,2.47,2.51,0.0025,464,178
T-BulletDispenser-1x,8096,29.846,2.67,2.62,0.0027,464,178
T-BulletDispenser-1x,8097,29.849,3.35,3.30,0.0034,464,178
T-BulletDispenser-1x,8098,29.853,3.60,3.59,0.0036,464,178
T-BulletDispenser-1x,8099,29.856,3.03,3.09,0.0030,464,178
T-BulletDispenser-1x,8100,29.859,3.27,3.28,0.0033,464,178
T-BulletDispenser-1x,8101,29.862,2.92,2.90,0.0029,464,178
T-BulletDispenser-1x,8102,29.864,2.57,2.61,0.0026,464,178
T-BulletDispenser-1x,8103,29.868,3.18,3.10,0.0032,464,178
T-BulletDispenser-1x,8104,29.871,3.47,3.50,0.0035,464,178
T-BulletDispenser-1x,8105,29.874,3.20,3.20,0.0032,464,178
T-BulletDispenser-1x,8106,29.877,3.20,3.20,0.0032,464,178
T-BulletDispenser-1x,8107,29.880,2.86,2.90,0.0029,464,178
T-BulletDispenser-1x,8108,29.883,2.89,2.81,0.0029,464,178
T-BulletDispenser-1x,8109,29.886,3.12,3.18,0.0031,464,178
T-BulletDispenser-1x,8110,29.890,3.34,3.32,0.0033,464,178
T-BulletDispenser-1x,8111,29.893,3.49,3.50,0.0035,464,178
T-BulletDispenser-1x,8112,29.896,3.18,3.18,0.0032,464,178
T-BulletDispenser-1x,8113,29.899,3.09,3.11,0.0031,516,178
T-BulletDispenser-1x,8114,29.902,2.86,2.89,0.0029,464,178
T-BulletDispenser-1x,8115,29.905,2.72,2.70,0.0027,464,178
T-BulletDispenser-1x,8116,29.908,3.10,3.01,0.0031,464,178
T-BulletDispenser-1x,8117,29.911,3.32,3.39,0.0033,464,178
T-BulletDispenser-1x,8118,29.914,2.90,2.92,0.0029,464,178
T-BulletDispenser-1x,8119,29.917,3.08,3.09,0.0031,464,178
T-BulletDispenser-1x,8120,29.920,2.67,2.60,0.0027,464,178
T-BulletDispenser-1x,8121,29.923,2.84,2.88,0.0028,464,178
T-BulletDispenser-1x,8122,29.926,2.90,2.90,0.0029,464,178
T-BulletDispenser-1x,8123,29.929,3.20,3.21,0.0032,464,178
T-BulletDispenser-1x,8124,29.932,3.42,3.39,0.0034,464,178
T-BulletDispenser-1x,8125,29.935,2.87,2.90,0.0029,464,178
T-BulletDispenser-1x,8126,29.939,3.29,3.28,0.0033,464,178
T-BulletDispenser-1x,8127,29.942,3.23,3.21,0.0032,464,178
T-BulletDispenser-1x,8128,29.945,3.34,3.31,0.0033,464,178
T-BulletDispenser-1x,8129,29.949,3.37,3.38,0.0034,464,178
T-BulletDispenser-1x,8130,29.952,3.28,3.29,0.0033,464,178
T-BulletDispenser-1x,8131,29.955,3.09,3.11,0.0031,464,178
T-BulletDispenser-1x,8132,29.958,2.69,2.67,0.0027,464,178
T-BulletDispenser-1x,8133,29.960,2.69,2.71,0.0027,464,178
T-BulletDispenser-1x,8134,29.963,2.81,2.80,0.0028,464,178
T-BulletDispenser-1x,8135,29.966,2.76,2.71,0.0028,464,178
T-BulletDispenser-1x,8136,29.969,2.85,2.90,0.0029,464,178
T-BulletDispenser-1x,8137,29.972,2.82,2.78,0.0028,464,178
T-BulletDispenser-1x,8138,29.974,2.93,2.91,0.0029,464,178
T-BulletDispenser-1x,8139,29.977,2.83,2.89,0.0028,464,178
T-BulletDispenser-1x,8140,29.980,2.91,2.88,0.0029,464,178
T-BulletDispenser-1x,8141,29.983,2.93,2.91,0.0029,464,178
T-BulletDispenser-1x,8142,29.986,2.76,2.80,0.0028,464,178
T-BulletDispenser-1x,8143,29.989,2.89,2.89,0.0029,464,178
T-BulletDispenser-1x,8144,29.992,3.06,3.02,0.0031,464,178
T-BulletDispenser-1x,8145,29.995,3.18,3.19,0.0032,464,178
T-BulletDispenser-1x,8146,29.998,3.18,3.18,0.0032,464,178
T-BulletDispenser-1x,8147,30.001,2.91,2.91,0.0029,464,178
T-BulletDispenser-1x,8148,30.004,2.99,2.99,0.0030,464,178
T-BulletDispenser-1x,8149,30.007,2.91,2.90,0.0029,464,178
T-BulletDispenser-1x,8150,30.010,3.00,3.00,0.0030,464,178
T-BulletDispenser-1x,8151,30.013,3.20,3.21,0.0032,464,178
T-BulletDispenser-1x,8152,30.017,3.31,2.99,0.0033,464,178
T-BulletDispenser-1x,8153,30.019,2.79,3.09,0.0028,464,178
T-BulletDispenser-1x,8154,30.022,2.70,2.71,0.0027,464,178
T-BulletDispenser-1x,8155,30.025,3.14,3.10,0.0031,464,178
T-BulletDispenser-1x,8156,30.028,3.19,3.20,0.0032,464,178
T-BulletDispenser-1x,8157,30.031,3.01,3.00,0.0030,464,178
T-BulletDispenser-1x,8158,30.034,3.05,3.09,0.0030,464,178
T-BulletDispenser-1x,8159,30.038,3.24,3.21,0.0032,464,178
T-BulletDispenser-1x,8160,30.041,3.21,3.20,0.0032,464,178
T-BulletDispenser-1x,8161,30.044,2.74,2.79,0.0027,464,178
T-BulletDispenser-1x,8162,30.047,3.23,3.20,0.0032,464,178
T-BulletDispenser-1x,8163,30.050,3.32,3.31,0.0033,464,178
T-BulletDispenser-1x,8164,30.053,2.90,2.89,0.0029,464,178
T-BulletDispenser-1x,8165,30.057,3.47,3.48,0.0035,464,178
T-BulletDispenser-1x,8166,30.060,3.29,3.33,0.0033,464,178
T-BulletDispenser-1x,8167,30.063,3.43,3.39,0.0034,464,178
T-BulletDispenser-1x,8168,30.067,3.31,3.29,0.0033,464,178
T-BulletDispenser-1x,8169,30.070,3.08,3.10,0.0031,464,178
T-BulletDispenser-1x,8170,30.073,2.99,3.00,0.0030,464,178
T-BulletDispenser-1x,8171,30.075,2.67,2.69,0.0027,464,178
T-BulletDispenser-1x,8172,30.078,2.96,2.91,0.0030,464,178
T-BulletDispenser-1x,8173,30.082,3.26,3.20,0.0033,464,178
T-BulletDispenser-1x,8174,30.085,3.33,3.40,0.0033,464,178
T-BulletDispenser-1x,8175,30.088,3.25,3.26,0.0033,464,178
T-BulletDispenser-1x,8176,30.091,2.93,2.93,0.0029,464,178
T-BulletDispenser-1x,8177,30.093,2.46,2.49,0.0025,464,178
T-BulletDispenser-1x,8178,30.096,2.73,2.68,0.0027,464,178
T-BulletDispenser-1x,8179,30.099,3.22,3.22,0.0032,464,178
T-BulletDispenser-1x,8180,30.102,2.85,2.88,0.0028,516,178
T-BulletDispenser-1x,8181,30.105,2.58,2.59,0.0026,464,178
T-BulletDispenser-1x,8182,30.107,2.45,2.41,0.0024,464,178
T-BulletDispenser-1x,8183,30.110,2.99,2.98,0.0030,464,178
T-BulletDispenser-1x,8184,30.114,3.45,3.42,0.0034,464,178
T-BulletDispenser-1x,8185,30.117,3.28,3.29,0.0033,464,178
T-BulletDispenser-1x,8186,30.120,3.01,3.00,0.0030,464,178
T-BulletDispenser-1x,8187,30.123,2.77,2.80,0.0028,464,178
T-BulletDispenser-1x,8188,30.126,2.77,2.78,0.0028,464,178
T-BulletDispenser-1x,8189,30.129,3.13,3.11,0.0031,464,178
T-BulletDispenser-1x,8190,30.132,3.21,3.20,0.0032,464,178
T-BulletDispenser-1x,8191,30.135,2.98,3.00,0.0030,464,178
T-BulletDispenser-1x,8192,30.138,2.98,3.02,0.0030,464,178
T-BulletDispenser-1x,8193,30.140,2.39,2.39,0.0024,464,178
T-BulletDispenser-1x,8194,30.143,3.11,3.09,0.0031,464,178
T-BulletDispenser-1x,8195,30.147,3.23,3.21,0.0032,464,178
T-BulletDispenser-1x,8196,30.150,3.27,3.29,0.0033,464,178
T-BulletDispenser-1x,8197,30.153,3.13,3.11,0.0031,464,178
T-BulletDispenser-1x,8198,30.156,2.97,2.99,0.0030,464,178
T-BulletDispenser-1x,8199,30.159,2.69,2.71,0.0027,464,178
T-BulletDispenser-1x,8200,30.161,2.62,2.59,0.0026,464,178
T-BulletDispenser-1x,8201,30.164,2.79,2.80,0.0028,464,178
T-BulletDispenser-1x,8202,30.167,3.34,3.32,0.0033,464,178
T-BulletDispenser-1x,8203,30.171,3.28,3.29,0.0033,464,178
T-BulletDispenser-1x,8204,30.174,2.81,2.79,0.0028,464,178
T-BulletDispenser-1x,8205,30.176,2.75,2.80,0.0028,464,178
T-BulletDispenser-1x,8206,30.179,3.14,3.10,0.0031,464,178
T-BulletDispenser-1x,8207,30.183,3.10,3.10,0.0031,464,178
T-BulletDispenser-1x,8208,30.185,2.55,2.59,0.0026,464,178
T-BulletDispenser-1x,8209,30.188,3.13,3.10,0.0031,464,178
T-BulletDispenser-1x,8210,30.191,3.30,3.31,0.0033,464,178
T-BulletDispenser-1x,8211,30.194,2.47,2.50,0.0025,464,178
T-BulletDispenser-1x,8212,30.197,2.84,2.80,0.0028,464,178
T-BulletDispenser-1x,8213,30.200,3.32,3.30,0.0033,464,178
T-BulletDispenser-1x,8214,30.203,3.09,3.11,0.0031,464,178
T-BulletDispenser-1x,8215,30.206,2.60,2.61,0.0026,464,178
T-BulletDispenser-1x,8216,30.209,3.20,3.18,0.0032,464,178
T-BulletDispenser-1x,8217,30.212,2.78,2.79,0.0028,464,178
T-BulletDispenser-1x,8218,30.214,2.59,2.61,0.0026,464,178
T-BulletDispenser-1x,8219,30.218,3.13,3.09,0.0031,464,178
T-BulletDispenser-1x,8220,30.221,3.29,3.30,0.0033,464,178
T-BulletDispenser-1x,8221,30.224,3.23,3.21,0.0032,464,178
T-BulletDispenser-1x,8222,30.227,2.63,2.67,0.0026,464,178
T-BulletDispenser-1x,8223,30.230,3.16,3.11,0.0032,464,178
T-BulletDispenser-1x,8224,30.233,2.93,2.91,0.0029,464,178
T-BulletDispenser-1x,8225,30.235,2.63,2.67,0.0026,464,178
T-BulletDispenser-1x,8226,30.238,3.09,3.10,0.0031,464,178
T-BulletDispenser-1x,8227,30.242,3.21,3.21,0.0032,464,178
T-BulletDispenser-1x,8228,30.245,2.92,2.89,0.0029,464,178
T-BulletDispenser-1x,8229,30.248,3.07,3.10,0.0031,464,178
T-BulletDispenser-1x,8230,30.251,2.88,2.90,0.0029,464,178
T-BulletDispenser-1x,8231,30.254,3.03,3.00,0.0030,464,178
T-BulletDispenser-1x,8232,30.257,3.11,3.10,0.0031,464,178
T-BulletDispenser-1x,8233,30.259,2.75,2.80,0.0028,464,178
T-BulletDispenser-1x,8234,30.262,2.95,2.91,0.0030,464,178
T-BulletDispenser-1x,8235,30.265,2.66,2.69,0.0027,464,178
T-BulletDispenser-1x,8236,30.268,2.70,2.70,0.0027,464,178
T-BulletDispenser-1x,8237,30.271,3.03,3.00,0.0030,464,178
T-BulletDispenser-1x,8238,30.274,3.02,3.00,0.0030,464,178
T-BulletDispenser-1x,8239,30.276,2.65,2.68,0.0027,464,178
T-BulletDispenser-1x,8240,30.280,3.04,3.02,0.0030,464,178
T-BulletDispenser-1x,8241,30.282,2.90,2.89,0.0029,464,178
T-BulletDispenser-1x,8242,30.285,2.66,2.69,0.0027,464,178
T-BulletDispenser-1x,8243,30.288,3.38,3.31,0.0034,464,178
T-BulletDispenser-1x,8244,30.292,3.47,3.49,0.0035,464,178
T-BulletDispenser-1x,8245,30.295,3.30,3.29,0.0033,464,178
T-BulletDispenser-1x,8246,30.298,3.09,3.09,0.0031,464,178
T-BulletDispenser-1x,8247,30.302,3.73,3.70,0.0037,464,178
T-BulletDispenser-1x,8248,30.305,3.19,3.19,0.0032,516,178
T-BulletDispenser-1x,8249,30.308,3.03,3.03,0.0030,464,178
T-BulletDispenser-1x,8250,30.312,3.64,3.65,0.0036,464,178
T-BulletDispenser-1x,8251,30.315,3.04,3.00,0.0030,464,178
T-BulletDispenser-1x,8252,30.318,3.09,3.12,0.0031,464,178
T-BulletDispenser-1x,8253,30.321,2.77,2.79,0.0028,464,178
T-BulletDispenser-1x,8254,30.323,2.45,2.39,0.0025,464,178
T-BulletDispenser-1x,8255,30.326,2.86,2.90,0.0029,464,178
T-BulletDispenser-1x,8256,30.329,3.11,3.11,0.0031,464,178
T-BulletDispenser-1x,8257,30.332,3.21,3.20,0.0032,464,178
T-BulletDispenser-1x,8258,30.335,2.77,2.80,0.0028,464,178
T-BulletDispenser-1x,8259,30.339,3.32,3.29,0.0033,464,178
T-BulletDispenser-1x,8260,30.341,2.90,2.90,0.0029,464,178
T-BulletDispenser-1x,8261,30.344,2.90,2.89,0.0029,464,178
T-BulletDispenser-1x,8262,30.347,3.03,3.02,0.0030,464,178
T-BulletDispenser-1x,8263,30.350,3.06,3.10,0.0031,464,178
T-BulletDispenser-1x,8264,30.353,2.91,2.88,0.0029,464,178
T-BulletDispenser-1x,8265,30.356,2.99,3.00,0.0030,464,178
T-BulletDispenser-1x,8266,30.359,2.99,3.00,0.0030,464,178
T-BulletDispenser-1x,8267,30.363,3.22,3.19,0.0032,464,178
T-BulletDispenser-1x,8268,30.366,3.11,3.10,0.0031,464,178
T-BulletDispenser-1x,8269,30.368,2.65,2.69,0.0026,464,178
T-BulletDispenser-1x,8270,30.371,3.07,3.00,0.0031,464,178
T-BulletDispenser-1x,8271,30.375,3.16,3.20,0.0032,464,178
T-BulletDispenser-1x,8272,30.377,2.66,2.69,0.0027,464,178
T-BulletDispenser-1x,8273,30.380,2.73,2.72,0.0027,464,178
T-BulletDispenser-1x,8274,30.383,2.95,2.90,0.0030,464,178
T-BulletDispenser-1x,8275,30.387,3.93,3.96,0.0039,464,178
T-BulletDispenser-1x,8276,30.389,2.58,2.62,0.0026,464,178
T-BulletDispenser-1x,8277,30.392,2.85,2.80,0.0028,464,178
T-BulletDispenser-1x,8278,30.395,2.89,2.91,0.0029,464,178
T-BulletDispenser-1x,8279,30.398,2.79,2.79,0.0028,464,178
T-BulletDispenser-1x,8280,30.401,3.33,3.31,0.0033,464,178
T-BulletDispenser-1x,8281,30.405,3.29,3.29,0.0033,464,178
T-BulletDispenser-1x,8282,30.408,3.21,3.21,0.0032,464,178
T-BulletDispenser-1x,8283,30.410,2.76,2.78,0.0028,464,178
T-BulletDispenser-1x,8284,30.414,3.11,3.10,0.0031,464,178
T-BulletDispenser-1x,8285,30.417,3.46,3.42,0.0035,464,178
T-BulletDispenser-1x,8286,30.420,3.27,3.30,0.0033,464,178
T-BulletDispenser-1x,8287,30.424,3.24,3.21,0.0032,464,178
T-BulletDispenser-1x,8288,30.427,3.12,3.17,0.0031,464,178
T-BulletDispenser-1x,8289,30.430,2.95,2.91,0.0030,464,178
T-BulletDispenser-1x,8290,30.433,3.20,3.20,0.0032,464,178
T-BulletDispenser-1x,8291,30.436,3.44,3.45,0.0034,464,178
T-BulletDispenser-1x,8292,30.439,2.71,2.75,0.0027,464,178
T-BulletDispenser-1x,8293,30.442,3.04,3.00,0.0030,464,178
T-BulletDispenser-1x,8294,30.445,2.67,2.68,0.0027,464,178
T-BulletDispenser-1x,8295,30.447,2.77,2.79,0.0028,464,178
T-BulletDispenser-1x,8296,30.451,3.14,3.11,0.0031,464,178
T-BulletDispenser-1x,8297,30.454,3.26,3.20,0.0033,464,178
T-BulletDispenser-1x,8298,30.457,3.17,3.21,0.0032,464,178
T-BulletDispenser-1x,8299,30.460,2.74,2.79,0.0027,464,178
T-BulletDispenser-1x,8300,30.463,3.22,3.19,0.0032,464,178
T-BulletDispenser-1x,8301,30.466,2.93,2.92,0.0029,464,178
T-BulletDispenser-1x,8302,30.468,2.45,2.49,0.0025,464,178
T-BulletDispenser-1x,8303,30.471,2.73,2.70,0.0027,464,178
T-BulletDispenser-1x,8304,30.474,3.17,3.18,0.0032,464,178
T-BulletDispenser-1x,8305,30.477,3.14,3.12,0.0031,464,178
T-BulletDispenser-1x,8306,30.480,2.76,2.79,0.0028,464,178
T-BulletDispenser-1x,8307,30.483,2.63,2.60,0.0026,464,178
T-BulletDispenser-1x,8308,30.486,3.19,3.11,0.0032,464,178
T-BulletDispenser-1x,8309,30.489,3.23,3.28,0.0032,464,178
T-BulletDispenser-1x,8310,30.492,3.17,3.19,0.0032,464,178
T-BulletDispenser-1x,8311,30.496,3.20,3.21,0.0032,464,178
T-BulletDispenser-1x,8312,30.498,2.47,2.49,0.0025,464,178
T-BulletDispenser-1x,8313,30.501,2.94,2.90,0.0029,464,178
T-BulletDispenser-1x,8314,30.504,3.33,3.30,0.0033,464,178
T-BulletDispenser-1x,8315,30.508,3.17,3.18,0.0032,516,178
T-BulletDispenser-1x,8316,30.511,3.00,3.00,0.0030,464,178
T-BulletDispenser-1x,8317,30.513,2.99,3.01,0.0030,464,178
T-BulletDispenser-1x,8318,30.516,2.62,2.60,0.0026,464,178
T-BulletDispenser-1x,8319,30.519,2.75,2.77,0.0027,464,178
T-BulletDispenser-1x,8320,30.522,2.95,2.92,0.0030,464,178
T-BulletDispenser-1x,8321,30.525,2.77,2.78,0.0028,464,178
T-BulletDispenser-1x,8322,30.528,3.06,3.01,0.0031,464,178
T-BulletDispenser-1x,8323,30.531,3.37,3.40,0.0034,464,178
T-BulletDispenser-1x,8324,30.534,3.21,3.20,0.0032,464,178
T-BulletDispenser-1x,8325,30.538,3.27,3.29,0.0033,464,178
T-BulletDispenser-1x,8326,30.541,3.40,3.39,0.0034,464,178
T-BulletDispenser-1x,8327,30.544,3.00,3.00,0.0030,464,178
T-BulletDispenser-1x,8328,30.547,3.13,3.10,0.0031,464,178
T-BulletDispenser-1x,8329,30.550,2.85,2.90,0.0029,464,178
T-BulletDispenser-1x,8330,30.553,3.11,3.10,0.0031,464,178
T-BulletDispenser-1x,8331,30.556,3.09,3.10,0.0031,464,178
T-BulletDispenser-1x,8332,30.559,3.21,3.19,0.0032,464,178
T-BulletDispenser-1x,8333,30.562,3.12,3.12,0.0031,464,178
T-BulletDispenser-1x,8334,30.566,3.20,3.19,0.0032,464,178
T-BulletDispenser-1x,8335,30.569,3.12,3.11,0.0031,464,178
T-BulletDispenser-1x,8336,30.572,3.60,3.59,0.0036,464,178
T-BulletDispenser-1x,8337,30.576,3.39,3.39,0.0034,464,178
T-BulletDispenser-1x,8338,30.579,3.27,3.29,0.0033,464,178
T-BulletDispenser-1x,8339,30.582,2.69,2.72,0.0027,464,178
T-BulletDispenser-1x,8340,30.585,3.14,3.10,0.0031,464,178
T-BulletDispenser-1x,8341,30.588,3.26,3.27,0.0033,464,178
T-BulletDispenser-1x,8342,30.591,3.28,3.22,0.0033,464,178
T-BulletDispenser-1x,8343,30.595,3.25,3.29,0.0033,464,178
T-BulletDispenser-1x,8344,30.598,3.18,3.19,0.0032,464,178
T-BulletDispenser-1x,8345,30.601,2.86,2.90,0.0029,464,178
T-BulletDispenser-1x,8346,30.603,2.65,2.61,0.0027,464,178
T-BulletDispenser-1x,8347,30.606,2.75,2.77,0.0027,464,178
T-BulletDispenser-1x,8348,30.609,3.14,3.12,0.0031,464,178
T-BulletDispenser-1x,8349,30.612,3.00,2.99,0.0030,464,178
T-BulletDispenser-1x,8350,30.615,3.07,3.08,0.0031,464,178
T-BulletDispenser-1x,8351,30.618,3.12,3.13,0.0031,464,178
T-BulletDispenser-1x,8352,30.622,3.10,3.09,0.0031,464,178
T-BulletDispenser-1x,8353,30.625,3.23,3.20,0.0032,464,178
T-BulletDispenser-1x,8354,30.628,2.90,2.91,0.0029,464,178
T-BulletDispenser-1x,8355,30.630,2.85,2.87,0.0028,464,178
T-BulletDispenser-1x,8356,30.633,2.73,2.71,0.0027,464,178
T-BulletDispenser-1x,8357,30.636,3.00,2.98,0.0030,464,178
T-BulletDispenser-1x,8358,30.639,3.08,3.07,0.0031,464,178
T-BulletDispenser-1x,8359,30.642,3.12,3.14,0.0031,464,178
T-BulletDispenser-1x,8360,30.645,3.08,3.08,0.0031,464,178
T-BulletDispenser-1x,8361,30.649,2.96,2.93,0.0030,464,178
T-BulletDispenser-1x,8362,30.652,3.28,3.27,0.0033,464,178
T-BulletDispenser-1x,8363,30.655,2.96,2.99,0.0030,464,178
T-BulletDispenser-1x,8364,30.658,3.54,3.52,0.0035,464,178
T-BulletDispenser-1x,8365,30.662,3.28,3.29,0.0033,464,178
T-BulletDispenser-1x,8366,30.665,3.15,3.09,0.0031,464,178
T-BulletDispenser-1x,8367,30.668,3.40,3.42,0.0034,464,178
T-BulletDispenser-1x,8368,30.671,3.25,3.28,0.0032,464,178
T-BulletDispenser-1x,8369,30.674,2.84,2.82,0.0028,464,178
T-BulletDispenser-1x,8370,30.677,2.87,2.90,0.0029,464,178
T-BulletDispenser-1x,8371,30.680,3.42,3.40,0.0034,464,178
T-BulletDispenser-1x,8372,30.684,3.21,3.19,0.0032,464,178
T-BulletDispenser-1x,8373,30.687,3.30,3.29,0.0033,464,178
T-BulletDispenser-1x,8374,30.690,2.84,2.89,0.0028,464,178
T-BulletDispenser-1x,8375,30.692,2.70,2.71,0.0027,464,178
T-BulletDispenser-1x,8376,30.695,2.74,2.70,0.0027,464,178
T-BulletDispenser-1x,8377,30.698,2.97,2.98,0.0030,464,178
T-BulletDispenser-1x,8378,30.701,3.22,3.21,0.0032,464,178
T-BulletDispenser-1x,8379,30.704,3.00,2.98,0.0030,464,178
T-BulletDispenser-1x,8380,30.707,3.01,3.01,0.0030,516,178
T-BulletDispenser-1x,8381,30.711,3.55,3.52,0.0035,464,178
T-BulletDispenser-1x,8382,30.714,3.17,3.19,0.0032,464,178
T-BulletDispenser-1x,8383,30.717,3.03,3.08,0.0030,464,178
T-BulletDispenser-1x,8384,30.720,2.65,2.62,0.0027,464,178
T-BulletDispenser-1x,8385,30.723,2.76,2.78,0.0028,464,178
T-BulletDispenser-1x,8386,30.726,3.02,3.00,0.0030,464,178
T-BulletDispenser-1x,8387,30.729,3.12,3.11,0.0031,464,178
T-BulletDispenser-1x,8388,30.732,3.21,3.19,0.0032,464,178
T-BulletDispenser-1x,8389,30.735,2.63,2.69,0.0026,464,178
T-BulletDispenser-1x,8390,30.737,2.76,2.71,0.0028,464,178
T-BulletDispenser-1x,8391,30.741,3.50,3.49,0.0035,464,178
T-BulletDispenser-1x,8392,30.744,3.31,3.30,0.0033,464,178
T-BulletDispenser-1x,8393,30.747,3.19,3.20,0.0032,464,178
T-BulletDispenser-1x,8394,30.751,3.38,3.38,0.0034,464,178
T-BulletDispenser-1x,8395,30.754,3.33,3.30,0.0033,464,178
T-BulletDispenser-1x,8396,30.757,2.74,2.78,0.0027,464,178
T-BulletDispenser-1x,8397,30.760,2.85,2.82,0.0028,464,178
T-BulletDispenser-1x,8398,30.763,3.17,3.18,0.0032,464,178
T-BulletDispenser-1x,8399,30.766,3.13,3.11,0.0031,464,178
T-BulletDispenser-1x,8400,30.769,2.76,2.78,0.0028,464,178
T-BulletDispenser-1x,8401,30.772,3.32,3.31,0.0033,464,178
T-BulletDispenser-1x,8402,30.775,2.78,2.79,0.0028,464,178
T-BulletDispenser-1x,8403,30.778,3.07,3.03,0.0031,464,178
T-BulletDispenser-1x,8404,30.781,3.20,3.20,0.0032,464,178
T-BulletDispenser-1x,8405,30.784,3.44,3.48,0.0034,464,178
T-BulletDispenser-1x,8406,30.788,3.30,3.28,0.0033,464,178
T-BulletDispenser-1x,8407,30.791,3.13,3.03,0.0031,464,178
T-BulletDispenser-1x,8408,30.794,2.85,2.97,0.0028,464,178
T-BulletDispenser-1x,8409,30.797,3.04,2.99,0.0030,464,178
T-BulletDispenser-1x,8410,30.800,2.87,2.89,0.0029,464,178
T-BulletDispenser-1x,8411,30.803,2.93,2.92,0.0029,464,178
T-BulletDispenser-1x,8412,30.806,3.00,3.00,0.0030,464,178
T-BulletDispenser-1x,8413,30.809,3.03,3.00,0.0030,464,178
T-BulletDispenser-1x,8414,30.812,3.30,3.31,0.0033,464,178
T-BulletDispenser-1x,8415,30.815,3.39,3.39,0.0034,464,178
T-BulletDispenser-1x,8416,30.818,2.93,2.97,0.0029,464,178
T-BulletDispenser-1x,8417,30.821,3.14,3.12,0.0031,464,178
T-BulletDispenser-1x,8418,30.825,3.11,3.10,0.0031,464,178
T-BulletDispenser-1x,8419,30.828,3.30,3.29,0.0033,464,178
T-BulletDispenser-1x,8420,30.831,2.96,2.99,0.0030,464,178
T-BulletDispenser-1x,8421,30.834,3.08,3.10,0.0031,464,178
T-BulletDispenser-1x,8422,30.836,2.42,2.41,0.0024,464,178
T-BulletDispenser-1x,8423,30.840,3.44,3.39,0.0034,464,178
T-BulletDispenser-1x,8424,30.843,3.10,3.11,0.0031,464,178
T-BulletDispenser-1x,8425,30.846,3.40,3.40,0.0034,464,178
T-BulletDispenser-1x,8426,30.850,3.60,3.50,0.0036,464,178
T-BulletDispenser-1x,8427,30.853,3.39,3.47,0.0034,464,178
T-BulletDispenser-1x,8428,30.857,3.33,3.32,0.0033,464,178
T-BulletDispenser-1x,8429,30.860,3.38,3.38,0.0034,464,178
T-BulletDispenser-1x,8430,30.863,3.47,3.50,0.0035,464,178
T-BulletDispenser-1x,8431,30.867,3.66,3.61,0.0037,464,178
T-BulletDispenser-1x,8432,30.870,3.34,3.37,0.0033,464,178
T-BulletDispenser-1x,8433,30.873,2.79,2.82,0.0028,464,178
T-BulletDispenser-1x,8434,30.876,2.78,2.79,0.0028,464,178
T-BulletDispenser-1x,8435,30.879,3.37,3.31,0.0034,464,178
T-BulletDispenser-1x,8436,30.883,3.59,3.60,0.0036,464,178
T-BulletDispenser-1x,8437,30.886,3.42,3.39,0.0034,464,178
T-BulletDispenser-1x,8438,30.890,3.79,3.80,0.0038,464,178
T-BulletDispenser-1x,8439,30.893,3.06,3.08,0.0031,464,178
T-BulletDispenser-1x,8440,30.896,2.69,2.71,0.0027,464,178
T-BulletDispenser-1x,8441,30.898,2.36,2.38,0.0024,464,178
T-BulletDispenser-1x,8442,30.901,3.07,3.02,0.0031,464,178
T-BulletDispenser-1x,8443,30.905,3.41,3.40,0.0034,464,178
T-BulletDispenser-1x,8444,30.908,3.41,3.41,0.0034,516,178
T-BulletDispenser-1x,8445,30.911,3.16,3.19,0.0032,464,178
T-BulletDispenser-1x,8446,30.914,3.00,3.00,0.0030,464,178
T-BulletDispenser-1x,8447,30.918,3.42,3.39,0.0034,464,178
T-BulletDispenser-1x,8448,30.921,3.32,3.32,0.0033,464,178
T-BulletDispenser-1x,8449,30.924,3.18,3.18,0.0032,464,178
T-BulletDispenser-1x,8450,30.927,2.69,2.69,0.0027,464,178
T-BulletDispenser-1x,8451,30.930,3.08,3.10,0.0031,464,178
T-BulletDispenser-1x,8452,30.933,2.92,2.90,0.0029,464,178
T-BulletDispenser-1x,8453,30.935,2.46,2.49,0.0025,464,178
T-BulletDispenser-1x,8454,30.938,2.75,2.71,0.0027,464,178
T-BulletDispenser-1x,8455,30.941,2.96,2.98,0.0030,464,178
T-BulletDispenser-1x,8456,30.944,2.91,2.91,0.0029,464,178
T-BulletDispenser-1x,8457,30.947,3.00,3.00,0.0030,464,178
T-BulletDispenser-1x,8458,30.950,2.92,2.91,0.0029,464,178
T-BulletDispenser-1x,8459,30.953,3.43,3.40,0.0034,464,178
T-BulletDispenser-1x,8460,30.956,2.93,2.98,0.0029,464,178
T-BulletDispenser-1x,8461,30.959,2.83,2.82,0.0028,464,178
T-BulletDispenser-1x,8462,30.962,3.10,3.08,0.0031,464,178
T-BulletDispenser-1x,8463,30.966,3.33,3.31,0.0033,464,178
T-BulletDispenser-1x,8464,30.968,2.86,2.89,0.0029,464,178
T-BulletDispenser-1x,8465,30.972,3.32,3.29,0.0033,464,178
T-BulletDispenser-1x,8466,30.975,3.30,3.32,0.0033,464,178
T-BulletDispenser-1x,8467,30.978,2.67,2.69,0.0027,464,178
T-BulletDispenser-1x,8468,30.981,2.87,2.80,0.0029,464,178
T-BulletDispenser-1x,8469,30.984,3.04,3.09,0.0030,464,178
T-BulletDispenser-1x,8470,30.987,3.21,3.21,0.0032,464,178
T-BulletDispenser-1x,8471,30.990,2.80,2.80,0.0028,464,178
T-BulletDispenser-1x,8472,30.993,3.21,3.20,0.0032,464,178
T-BulletDispenser-1x,8473,30.995,2.68,2.68,0.0027,464,178
T-BulletDispenser-1x,8474,30.998,2.84,2.81,0.0028,464,178
T-BulletDispenser-1x,8475,31.001,2.99,2.99,0.0030,464,178
T-BulletDispenser-1x,8476,31.004,3.18,3.20,0.0032,464,178
T-BulletDispenser-1x,8477,31.007,2.72,2.70,0.0027,464,178
T-BulletDispenser-1x,8478,31.011,3.34,3.30,0.0033,464,178
T-BulletDispenser-1x,8479,31.013,2.93,2.99,0.0029,464,178
T-BulletDispenser-1x,8480,31.016,2.93,2.89,0.0029,464,178
T-BulletDispenser-1x,8481,31.020,3.31,3.30,0.0033,464,178
T-BulletDispenser-1x,8482,31.023,2.95,2.98,0.0030,464,178
T-BulletDispenser-1x,8483,31.026,2.93,2.92,0.0029,464,178
T-BulletDispenser-1x,8484,31.028,2.74,2.70,0.0027,464,178
T-BulletDispenser-1x,8485,31.032,3.15,3.19,0.0032,464,178
T-BulletDispenser-1x,8486,31.034,2.99,2.98,0.0030,464,178
T-BulletDispenser-1x,8487,31.038,3.44,3.42,0.0034,464,178
T-BulletDispenser-1x,8488,31.041,3.39,3.38,0.0034,464,178
T-BulletDispenser-1x,8489,31.045,3.40,3.41,0.0034,464,178
T-BulletDispenser-1x,8490,31.048,3.01,3.00,0.0030,464,178
T-BulletDispenser-1x,8491,31.051,3.29,3.30,0.0033,464,178
T-BulletDispenser-1x,8492,31.054,3.29,3.30,0.0033,464,178
T-BulletDispenser-1x,8493,31.057,2.67,2.68,0.0027,464,178
T-BulletDispenser-1x,8494,31.060,2.69,2.71,0.0027,464,178
T-BulletDispenser-1x,8495,31.063,3.34,3.30,0.0033,464,178
T-BulletDispenser-1x,8496,31.066,2.77,2.80,0.0028,464,178
T-BulletDispenser-1x,8497,31.069,3.16,3.12,0.0032,464,178
T-BulletDispenser-1x,8498,31.072,3.06,3.08,0.0031,464,178
T-BulletDispenser-1x,8499,31.075,3.10,3.09,0.0031,464,178
T-BulletDispenser-1x,8500,31.078,2.93,2.91,0.0029,464,178
T-BulletDispenser-1x,8501,31.081,3.31,3.29,0.0033,464,178
T-BulletDispenser-1x,8502,31.084,3.00,2.99,0.0030,464,178
T-BulletDispenser-1x,8503,31.087,3.14,3.20,0.0031,464,178
T-BulletDispenser-1x,8504,31.090,2.48,2.49,0.0025,464,178
T-BulletDispenser-1x,8505,31.093,2.92,2.89,0.0029,464,178
T-BulletDispenser-1x,8506,31.096,2.80,2.80,0.0028,464,178
T-BulletDispenser-1x,8507,31.098,2.80,2.80,0.0028,464,178
T-BulletDispenser-1x,8508,31.101,2.90,2.90,0.0029,464,178
T-BulletDispenser-1x,8509,31.104,2.92,2.90,0.0029,464,178
T-BulletDispenser-1x,8510,31.107,3.00,2.99,0.0030,464,178
T-BulletDispenser-1x,8511,31.111,3.24,3.21,0.0032,516,178
T-BulletDispenser-1x,8512,31.114,2.99,3.00,0.0030,464,178
T-BulletDispenser-1x,8513,31.116,2.86,2.88,0.0029,464,178
T-BulletDispenser-1x,8514,31.119,2.95,2.91,0.0029,464,178
T-BulletDispenser-1x,8515,31.122,2.97,3.00,0.0030,464,178
T-BulletDispenser-1x,8516,31.125,3.19,3.18,0.0032,464,178
T-BulletDispenser-1x,8517,31.129,3.15,3.11,0.0031,464,178
T-BulletDispenser-1x,8518,31.132,3.27,3.29,0.0033,464,178
T-BulletDispenser-1x,8519,31.135,2.98,2.99,0.0030,464,178
T-BulletDispenser-1x,8520,31.138,2.88,2.90,0.0029,464,178
T-BulletDispenser-1x,8521,31.141,3.26,3.22,0.0033,464,178
T-BulletDispenser-1x,8522,31.144,3.16,3.10,0.0032,464,178
T-BulletDispenser-1x,8523,31.147,3.05,3.09,0.0031,464,178
T-BulletDispenser-1x,8524,31.151,3.47,3.49,0.0035,464,178
T-BulletDispenser-1x,8525,31.154,3.30,3.31,0.0033,464,178
T-BulletDispenser-1x,8526,31.157,2.65,2.68,0.0027,464,178
T-BulletDispenser-1x,8527,31.159,2.68,2.70,0.0027,464,178
T-BulletDispenser-1x,8528,31.162,2.65,2.60,0.0026,464,178
T-BulletDispenser-1x,8529,31.165,3.26,3.21,0.0033,464,178
T-BulletDispenser-1x,8530,31.168,2.85,2.89,0.0029,464,178
T-BulletDispenser-1x,8531,31.171,3.17,3.19,0.0032,464,178
T-BulletDispenser-1x,8532,31.174,2.91,2.91,0.0029,464,178
T-BulletDispenser-1x,8533,31.177,2.60,2.62,0.0026,464,178
T-BulletDispenser-1x,8534,31.180,3.01,2.99,0.0030,464,178
T-BulletDispenser-1x,8535,31.183,3.09,3.09,0.0031,464,178
T-BulletDispenser-1x,8536,31.186,2.79,2.72,0.0028,464,178
T-BulletDispenser-1x,8537,31.189,3.03,3.08,0.0030,464,178
T-BulletDispenser-1x,8538,31.192,3.31,3.30,0.0033,464,178
T-BulletDispenser-1x,8539,31.195,2.68,2.69,0.0027,464,178
T-BulletDispenser-1x,8540,31.197,2.58,2.60,0.0026,464,178
T-BulletDispenser-1x,8541,31.200,3.02,2.99,0.0030,464,178
T-BulletDispenser-1x,8542,31.203,3.10,3.10,0.0031,464,178
T-BulletDispenser-1x,8543,31.206,2.58,2.62,0.0026,464,178
T-BulletDispenser-1x,8544,31.209,3.24,3.20,0.0032,464,178
T-BulletDispenser-1x,8545,31.212,2.85,2.89,0.0029,464,178
T-BulletDispenser-1x,8546,31.214,2.39,2.39,0.0024,464,178
T-BulletDispenser-1x,8547,31.218,3.16,3.12,0.0032,464,178
T-BulletDispenser-1x,8548,31.221,3.29,3.29,0.0033,464,178
T-BulletDispenser-1x,8549,31.224,3.31,3.30,0.0033,464,178
T-BulletDispenser-1x,8550,31.227,2.87,2.90,0.0029,464,178
T-BulletDispenser-1x,8551,31.230,3.01,3.00,0.0030,464,178
T-BulletDispenser-1x,8552,31.234,3.61,3.59,0.0036,464,178
T-BulletDispenser-1x,8553,31.237,3.16,3.18,0.0032,464,178
T-BulletDispenser-1x,8554,31.240,3.20,3.10,0.0032,464,178
T-BulletDispenser-1x,8555,31.243,2.89,3.01,0.0029,464,178
T-BulletDispenser-1x,8556,31.246,3.23,3.18,0.0032,464,178
T-BulletDispenser-1x,8557,31.249,3.19,3.14,0.0032,464,178
T-BulletDispenser-1x,8558,31.252,3.03,3.08,0.0030,464,178
T-BulletDispenser-1x,8559,31.256,3.10,3.08,0.0031,464,178
T-BulletDispenser-1x,8560,31.259,3.27,3.30,0.0033,464,178
T-BulletDispenser-1x,8561,31.262,3.34,3.31,0.0033,464,178
T-BulletDispenser-1x,8562,31.265,3.03,3.00,0.0030,464,178
T-BulletDispenser-1x,8563,31.269,3.47,3.50,0.0035,464,178
T-BulletDispenser-1x,8564,31.272,3.43,3.41,0.0034,464,178
T-BulletDispenser-1x,8565,31.275,3.13,3.17,0.0031,464,178
T-BulletDispenser-1x,8566,31.278,2.94,2.90,0.0029,464,178
T-BulletDispenser-1x,8567,31.281,3.19,3.20,0.0032,464,178
T-BulletDispenser-1x,8568,31.285,3.21,3.20,0.0032,464,178
T-BulletDispenser-1x,8569,31.287,2.84,2.88,0.0028,464,178
T-BulletDispenser-1x,8570,31.290,3.07,3.00,0.0031,464,178
T-BulletDispenser-1x,8571,31.294,3.07,3.10,0.0031,464,178
T-BulletDispenser-1x,8572,31.297,3.30,3.30,0.0033,464,178
T-BulletDispenser-1x,8573,31.300,3.28,3.30,0.0033,464,178
T-BulletDispenser-1x,8574,31.303,2.95,2.92,0.0030,464,178
T-BulletDispenser-1x,8575,31.306,2.86,2.89,0.0029,464,178
T-BulletDispenser-1x,8576,31.309,2.70,2.70,0.0027,464,178
T-BulletDispenser-1x,8577,31.311,2.39,2.40,0.0024,516,178
T-BulletDispenser-1x,8578,31.314,2.79,2.77,0.0028,464,178
T-BulletDispenser-1x,8579,31.317,2.99,3.00,0.0030,464,178
T-BulletDispenser-1x,8580,31.320,3.12,3.10,0.0031,464,178
T-BulletDispenser-1x,8581,31.323,2.78,2.80,0.0028,464,178
T-BulletDispenser-1x,8582,31.326,2.92,2.91,0.0029,464,178
T-BulletDispenser-1x,8583,31.329,2.90,2.89,0.0029,464,178
T-BulletDispenser-1x,8584,31.332,3.23,3.21,0.0032,464,178
T-BulletDispenser-1x,8585,31.335,2.85,2.88,0.0029,464,178
T-BulletDispenser-1x,8586,31.338,3.10,3.12,0.0031,464,178
T-BulletDispenser-1x,8587,31.341,2.94,2.89,0.0029,464,178
T-BulletDispenser-1x,8588,31.343,2.85,2.89,0.0029,464,178
T-BulletDispenser-1x,8589,31.347,3.00,2.98,0.0030,464,178
T-BulletDispenser-1x,8590,31.349,2.72,2.72,0.0027,464,178
T-BulletDispenser-1x,8591,31.352,3.01,2.99,0.0030,464,178
T-BulletDispenser-1x,8592,31.355,3.19,3.20,0.0032,464,178
T-BulletDispenser-1x,8593,31.358,3.07,3.09,0.0031,464,178
T-BulletDispenser-1x,8594,31.361,2.71,2.69,0.0027,464,178
T-BulletDispenser-1x,8595,31.364,3.00,3.00,0.0030,464,178
T-BulletDispenser-1x,8596,31.367,2.90,2.89,0.0029,464,178
T-BulletDispenser-1x,8597,31.370,2.87,2.83,0.0029,464,178
T-BulletDispenser-1x,8598,31.373,3.25,3.26,0.0032,464,178
T-BulletDispenser-1x,8599,31.376,2.81,2.81,0.0028,464,178
T-BulletDispenser-1x,8600,31.379,3.29,3.28,0.0033,464,178
T-BulletDispenser-1x,8601,31.383,3.27,3.22,0.0033,464,178
T-BulletDispenser-1x,8602,31.386,3.34,3.38,0.0033,464,178
T-BulletDispenser-1x,8603,31.389,3.42,3.40,0.0034,464,178
T-BulletDispenser-1x,8604,31.393,3.44,3.50,0.0034,464,178
T-BulletDispenser-1x,8605,31.396,3.34,3.31,0.0033,464,178
T-BulletDispenser-1x,8606,31.399,3.19,3.19,0.0032,464,178
T-BulletDispenser-1x,8607,31.402,2.95,2.99,0.0030,464,178
T-BulletDispenser-1x,8608,31.405,2.80,2.80,0.0028,464,178
T-BulletDispenser-1x,8609,31.408,2.91,2.90,0.0029,464,178
T-BulletDispenser-1x,8610,31.411,3.45,3.41,0.0035,464,178
T-BulletDispenser-1x,8611,31.414,2.75,2.81,0.0027,464,178
T-BulletDispenser-1x,8612,31.417,3.14,3.09,0.0031,464,178
T-BulletDispenser-1x,8613,31.420,2.91,2.89,0.0029,464,178
T-BulletDispenser-1x,8614,31.423,2.55,2.61,0.0026,464,178
T-BulletDispenser-1x,8615,31.426,3.21,3.19,0.0032,464,178
T-BulletDispenser-1x,8616,31.429,3.10,3.08,0.0031,464,178
T-BulletDispenser-1x,8617,31.432,3.10,3.10,0.0031,464,178
T-BulletDispenser-1x,8618,31.435,3.00,3.00,0.0030,464,178
T-BulletDispenser-1x,8619,31.438,2.98,3.00,0.0030,464,178
T-BulletDispenser-1x,8620,31.441,2.52,2.51,0.0025,464,178
T-BulletDispenser-1x,8621,31.444,3.03,3.00,0.0030,464,178
T-BulletDispenser-1x,8622,31.447,3.07,3.08,0.0031,464,178
T-BulletDispenser-1x,8623,31.450,3.44,3.41,0.0034,464,178
T-BulletDispenser-1x,8624,31.453,3.18,3.19,0.0032,464,178
T-BulletDispenser-1x,8625,31.456,2.95,2.91,0.0030,464,178
T-BulletDispenser-1x,8626,31.459,2.91,2.97,0.0029,464,178
T-BulletDispenser-1x,8627,31.462,2.65,2.61,0.0026,464,178
T-BulletDispenser-1x,8628,31.465,3.11,3.10,0.0031,464,178
T-BulletDispenser-1x,8629,31.468,3.08,3.09,0.0031,464,178
T-BulletDispenser-1x,8630,31.471,3.20,3.20,0.0032,464,178
T-BulletDispenser-1x,8631,31.474,2.99,3.00,0.0030,464,178
T-BulletDispenser-1x,8632,31.477,2.58,2.60,0.0026,464,178
T-BulletDispenser-1x,8633,31.480,2.73,2.70,0.0027,464,178
T-BulletDispenser-1x,8634,31.482,2.69,2.70,0.0027,464,178
T-BulletDispenser-1x,8635,31.485,2.99,2.99,0.0030,464,178
T-BulletDispenser-1x,8636,31.489,3.23,3.21,0.0032,464,178
T-BulletDispenser-1x,8637,31.492,3.48,3.48,0.0035,464,178
T-BulletDispenser-1x,8638,31.495,3.34,3.32,0.0033,464,178
T-BulletDispenser-1x,8639,31.498,2.95,2.98,0.0029,464,178
T-BulletDispenser-1x,8640,31.502,3.41,3.42,0.0034,464,178
T-BulletDispenser-1x,8641,31.505,3.31,3.28,0.0033,464,178
T-BulletDispenser-1x,8642,31.509,3.52,3.50,0.0035,464,178
T-BulletDispenser-1x,8643,31.512,3.19,3.21,0.0032,464,178
T-BulletDispenser-1x,8644,31.514,2.66,2.69,0.0027,516,178
T-BulletDispenser-1x,8645,31.518,3.36,3.30,0.0034,464,178
T-BulletDispenser-1x,8646,31.521,3.08,3.09,0.0031,464,178
T-BulletDispenser-1x,8647,31.524,3.00,3.00,0.0030,464,178
T-BulletDispenser-1x,8648,31.527,3.20,3.21,0.0032,464,178
T-BulletDispenser-1x,8649,31.530,3.10,3.09,0.0031,464,178
T-BulletDispenser-1x,8650,31.533,3.13,3.09,0.0031,464,178
T-BulletDispenser-1x,8651,31.536,3.16,3.19,0.0032,464,178
T-BulletDispenser-1x,8652,31.540,3.23,3.22,0.0032,464,178
T-BulletDispenser-1x,8653,31.543,3.17,3.19,0.0032,464,178
T-BulletDispenser-1x,8654,31.546,3.33,3.30,0.0033,464,178
T-BulletDispenser-1x,8655,31.549,3.22,3.20,0.0032,464,178
T-BulletDispenser-1x,8656,31.553,3.31,3.29,0.0033,464,178
T-BulletDispenser-1x,8657,31.555,2.70,2.78,0.0027,464,178
T-BulletDispenser-1x,8658,31.558,2.74,2.71,0.0027,464,178
T-BulletDispenser-1x,8659,31.561,3.24,3.21,0.0032,464,178
T-BulletDispenser-1x,8660,31.565,3.53,3.51,0.0035,464,178
T-BulletDispenser-1x,8661,31.568,3.35,3.38,0.0033,464,178
T-BulletDispenser-1x,8662,31.571,3.26,3.22,0.0033,464,178
T-BulletDispenser-1x,8663,31.575,3.37,3.38,0.0034,464,178
T-BulletDispenser-1x,8664,31.578,3.20,3.20,0.0032,464,178
T-BulletDispenser-1x,8665,31.581,2.94,2.97,0.0029,464,178
T-BulletDispenser-1x,8666,31.584,2.99,3.01,0.0030,464,178
T-BulletDispenser-1x,8667,31.587,2.60,2.58,0.0026,464,178
T-BulletDispenser-1x,8668,31.590,3.54,3.51,0.0035,464,178
T-BulletDispenser-1x,8669,31.593,3.28,3.30,0.0033,464,178
T-BulletDispenser-1x,8670,31.597,3.44,3.42,0.0034,464,178
T-BulletDispenser-1x,8671,31.600,3.07,3.08,0.0031,464,178
T-BulletDispenser-1x,8672,31.602,2.55,2.59,0.0026,464,178
T-BulletDispenser-1x,8673,31.606,3.15,3.11,0.0032,464,178
T-BulletDispenser-1x,8674,31.609,3.19,3.19,0.0032,464,178
T-BulletDispenser-1x,8675,31.612,3.20,3.20,0.0032,464,178
T-BulletDispenser-1x,8676,31.615,3.35,3.32,0.0033,464,178
T-BulletDispenser-1x,8677,31.619,3.26,3.28,0.0033,464,178
T-BulletDispenser-1x,8678,31.622,3.27,3.29,0.0033,464,178
T-BulletDispenser-1x,8679,31.625,3.33,3.31,0.0033,464,178
T-BulletDispenser-1x,8680,31.628,2.98,2.99,0.0030,464,178
T-BulletDispenser-1x,8681,31.631,3.25,3.21,0.0032,464,178
T-BulletDispenser-1x,8682,31.634,2.93,2.99,0.0029,464,178
T-BulletDispenser-1x,8683,31.638,3.23,3.20,0.0032,464,178
T-BulletDispenser-1x,8684,31.641,3.20,3.20,0.0032,464,178
T-BulletDispenser-1x,8685,31.644,2.80,2.81,0.0028,464,178
T-BulletDispenser-1x,8686,31.647,3.27,3.27,0.0033,464,178
T-BulletDispenser-1x,8687,31.650,3.24,3.22,0.0032,464,178
T-BulletDispenser-1x,8688,31.653,2.97,2.98,0.0030,464,178
T-BulletDispenser-1x,8689,31.656,2.88,2.90,0.0029,464,178
T-BulletDispenser-1x,8690,31.659,3.05,3.00,0.0030,464,178
T-BulletDispenser-1x,8691,31.662,3.37,3.39,0.0034,464,178
T-BulletDispenser-1x,8692,31.666,3.33,3.30,0.0033,464,178
T-BulletDispenser-1x,8693,31.668,2.75,2.81,0.0028,464,178
T-BulletDispenser-1x,8694,31.672,3.25,3.21,0.0033,464,178
T-BulletDispenser-1x,8695,31.675,2.85,2.87,0.0028,464,178
T-BulletDispenser-1x,8696,31.677,2.50,2.52,0.0025,464,178
T-BulletDispenser-1x,8697,31.680,2.93,2.89,0.0029,464,178
T-BulletDispenser-1x,8698,31.683,3.45,3.41,0.0034,464,178
T-BulletDispenser-1x,8699,31.687,3.13,3.18,0.0031,464,178
T-BulletDispenser-1x,8700,31.690,3.12,3.10,0.0031,464,178
T-BulletDispenser-1x,8701,31.693,2.97,3.01,0.0030,464,178
T-BulletDispenser-1x,8702,31.696,3.12,3.09,0.0031,464,178
T-BulletDispenser-1x,8703,31.698,2.66,2.69,0.0027,464,178
T-BulletDispenser-1x,8704,31.702,3.08,3.03,0.0031,464,178
T-BulletDispenser-1x,8705,31.705,3.26,3.28,0.0033,464,178
T-BulletDispenser-1x,8706,31.708,3.11,3.11,0.0031,464,178
T-BulletDispenser-1x,8707,31.710,2.58,2.59,0.0026,464,178
T-BulletDispenser-1x,8708,31.714,3.02,2.99,0.0030,464,178
T-BulletDispenser-1x,8709,31.717,3.16,3.13,0.0032,516,178
T-BulletDispenser-1x,8710,31.720,3.47,3.49,0.0035,464,178
T-BulletDispenser-1x,8711,31.723,3.09,3.10,0.0031,464,178
T-BulletDispenser-1x,8712,31.726,3.19,3.20,0.0032,464,178
T-BulletDispenser-1x,8713,31.730,3.40,3.38,0.0034,464,178
T-BulletDispenser-1x,8714,31.733,3.25,3.21,0.0032,464,178
T-BulletDispenser-1x,8715,31.736,2.63,2.69,0.0026,464,178
T-BulletDispenser-1x,8716,31.739,2.91,2.89,0.0029,464,178
T-BulletDispenser-1x,8717,31.742,3.12,3.11,0.0031,464,178
T-BulletDispenser-1x,8718,31.745,3.43,3.40,0.0034,464,178
T-BulletDispenser-1x,8719,31.748,3.18,3.20,0.0032,464,178
T-BulletDispenser-1x,8720,31.752,3.31,3.29,0.0033,464,178
T-BulletDispenser-1x,8721,31.755,3.37,3.39,0.0034,464,178
T-BulletDispenser-1x,8722,31.758,3.02,3.01,0.0030,464,178
T-BulletDispenser-1x,8723,31.761,3.14,3.11,0.0031,464,178
T-BulletDispenser-1x,8724,31.765,3.68,3.69,0.0037,464,178
T-BulletDispenser-1x,8725,31.768,3.08,3.09,0.0031,464,178
T-BulletDispenser-1x,8726,31.771,3.07,3.10,0.0031,464,178
T-BulletDispenser-1x,8727,31.773,2.35,2.38,0.0023,464,178
T-BulletDispenser-1x,8728,31.776,2.95,2.91,0.0030,464,178
T-BulletDispenser-1x,8729,31.779,3.12,3.10,0.0031,464,178
T-BulletDispenser-1x,8730,31.783,3.20,3.21,0.0032,464,178
T-BulletDispenser-1x,8731,31.786,3.01,3.00,0.0030,464,178
T-BulletDispenser-1x,8732,31.789,3.03,3.07,0.0030,464,178
T-BulletDispenser-1x,8733,31.792,2.94,2.92,0.0029,464,178
T-BulletDispenser-1x,8734,31.794,2.73,2.71,0.0027,464,178
T-BulletDispenser-1x,8735,31.797,2.66,2.69,0.0027,464,178
T-BulletDispenser-1x,8736,31.800,3.25,3.20,0.0033,464,178
T-BulletDispenser-1x,8737,31.803,3.06,3.09,0.0031,464,178
T-BulletDispenser-1x,8738,31.806,2.69,2.71,0.0027,464,178
T-BulletDispenser-1x,8739,31.809,3.20,3.18,0.0032,464,178
T-BulletDispenser-1x,8740,31.812,2.89,2.90,0.0029,464,178
T-BulletDispenser-1x,8741,31.815,2.94,2.91,0.0029,464,178
T-BulletDispenser-1x,8742,31.819,3.64,3.60,0.0036,464,178
T-BulletDispenser-1x,8743,31.822,2.83,2.88,0.0028,464,178
T-BulletDispenser-1x,8744,31.825,3.17,3.19,0.0032,464,178
T-BulletDispenser-1x,8745,31.827,2.62,2.60,0.0026,464,178
T-BulletDispenser-1x,8746,31.830,3.01,3.01,0.0030,464,178
T-BulletDispenser-1x,8747,31.833,2.80,2.81,0.0028,464,178
T-BulletDispenser-1x,8748,31.836,3.19,3.19,0.0032,464,178
T-BulletDispenser-1x,8749,31.839,2.89,2.90,0.0029,464,178
T-BulletDispenser-1x,8750,31.842,2.99,2.99,0.0030,464,178
T-BulletDispenser-1x,8751,31.845,2.40,2.40,0.0024,464,178
T-BulletDispenser-1x,8752,31.848,3.04,3.01,0.0030,464,178
T-BulletDispenser-1x,8753,31.851,3.30,3.29,0.0033,464,178
T-BulletDispenser-1x,8754,31.854,3.30,3.29,0.0033,464,178
T-BulletDispenser-1x,8755,31.858,3.52,3.52,0.0035,464,178
T-BulletDispenser-1x,8756,31.861,3.55,3.50,0.0036,464,178
T-BulletDispenser-1x,8757,31.864,3.13,3.19,0.0031,464,178
T-BulletDispenser-1x,8758,31.868,3.68,3.67,0.0037,464,178
T-BulletDispenser-1x,8759,31.871,3.02,3.00,0.0030,464,178
T-BulletDispenser-1x,8760,31.874,3.31,3.33,0.0033,464,178
T-BulletDispenser-1x,8761,31.878,3.51,3.48,0.0035,464,178
T-BulletDispenser-1x,8762,31.881,2.87,2.90,0.0029,464,178
T-BulletDispenser-1x,8763,31.884,3.20,3.20,0.0032,464,178
T-BulletDispenser-1x,8764,31.887,3.19,3.20,0.0032,464,178
T-BulletDispenser-1x,8765,31.890,2.56,2.59,0.0026,464,178
T-BulletDispenser-1x,8766,31.893,2.96,2.91,0.0030,464,178
T-BulletDispenser-1x,8767,31.896,3.30,3.29,0.0033,464,178
T-BulletDispenser-1x,8768,31.899,3.11,3.11,0.0031,464,178
T-BulletDispenser-1x,8769,31.903,3.40,3.34,0.0034,464,178
T-BulletDispenser-1x,8770,31.905,2.73,2.84,0.0027,464,178
T-BulletDispenser-1x,8771,31.908,3.01,2.94,0.0030,464,178
T-BulletDispenser-1x,8772,31.911,3.15,3.17,0.0032,464,178
T-BulletDispenser-1x,8773,31.914,2.78,2.79,0.0028,464,178
T-BulletDispenser-1x,8774,31.917,3.23,3.20,0.0032,516,178
T-BulletDispenser-1x,8775,31.921,3.19,3.21,0.0032,464,178
T-BulletDispenser-1x,8776,31.923,2.57,2.59,0.0026,464,178
T-BulletDispenser-1x,8777,31.926,2.78,2.77,0.0028,464,178
T-BulletDispenser-1x,8778,31.929,2.82,2.81,0.0028,464,178
T-BulletDispenser-1x,8779,31.931,2.68,2.70,0.0027,464,178
T-BulletDispenser-1x,8780,31.935,3.14,3.11,0.0031,464,178
T-BulletDispenser-1x,8781,31.938,3.29,3.30,0.0033,464,178
T-BulletDispenser-1x,8782,31.941,3.12,3.10,0.0031,464,178
T-BulletDispenser-1x,8783,31.944,3.20,3.20,0.0032,464,178
T-BulletDispenser-1x,8784,31.947,2.97,2.99,0.0030,464,178
T-BulletDispenser-1x,8785,31.950,2.82,2.81,0.0028,464,178
T-BulletDispenser-1x,8786,31.953,2.89,2.88,0.0029,464,178
T-BulletDispenser-1x,8787,31.956,3.12,3.11,0.0031,464,178
T-BulletDispenser-1x,8788,31.959,3.06,3.11,0.0031,464,178
T-BulletDispenser-1x,8789,31.962,2.94,2.90,0.0029,464,178
T-BulletDispenser-1x,8790,31.965,2.75,2.78,0.0028,464,178
T-BulletDispenser-1x,8791,31.967,2.70,2.70,0.0027,464,178
T-BulletDispenser-1x,8792,31.971,3.27,3.21,0.0033,464,178
T-BulletDispenser-1x,8793,31.974,3.02,3.01,0.0030,464,178
T-BulletDispenser-1x,8794,31.977,3.04,3.09,0.0030,464,178
T-BulletDispenser-1x,8795,31.980,3.02,3.01,0.0030,464,178
T-BulletDispenser-1x,8796,31.983,3.53,3.50,0.0035,464,178
T-BulletDispenser-1x,8797,31.987,3.30,3.32,0.0033,464,178
T-BulletDispenser-1x,8798,31.990,3.50,3.48,0.0035,464,178
T-BulletDispenser-1x,8799,31.993,3.07,3.08,0.0031,464,178
T-BulletDispenser-1x,8800,31.996,3.03,3.01,0.0030,464,178
T-BulletDispenser-1x,8801,31.999,3.17,3.20,0.0032,464,178
T-BulletDispenser-1x,8802,32.002,2.78,2.78,0.0028,464,178
T-BulletDispenser-1x,8803,32.005,2.71,2.72,0.0027,464,178
T-BulletDispenser-1x,8804,32.008,2.90,2.88,0.0029,464,178
T-BulletDispenser-1x,8805,32.011,3.24,3.23,0.0032,464,178
T-BulletDispenser-1x,8806,32.014,2.96,2.97,0.0030,464,178
T-BulletDispenser-1x,8807,32.017,3.37,3.11,0.0034,464,178
T-BulletDispenser-1x,8808,32.020,3.06,3.30,0.0031,464,178
T-BulletDispenser-1x,8809,32.023,2.44,2.48,0.0024,464,178
T-BulletDispenser-1x,8810,32.026,2.77,2.72,0.0028,464,178
T-BulletDispenser-1x,8811,32.028,2.80,2.81,0.0028,464,178
T-BulletDispenser-1x,8812,32.031,2.85,2.88,0.0029,464,178
T-BulletDispenser-1x,8813,32.034,3.04,3.01,0.0030,464,178
T-BulletDispenser-1x,8814,32.037,2.86,2.88,0.0029,464,178
T-BulletDispenser-1x,8815,32.040,2.80,2.81,0.0028,464,178
T-BulletDispenser-1x,8816,32.043,2.90,2.89,0.0029,464,178
T-BulletDispenser-1x,8817,32.046,2.88,2.81,0.0029,464,178
T-BulletDispenser-1x,8818,32.048,2.72,2.80,0.0027,464,178
T-BulletDispenser-1x,8819,32.052,3.03,2.99,0.0030,464,178
T-BulletDispenser-1x,8820,32.054,2.79,2.80,0.0028,464,178
T-BulletDispenser-1x,8821,32.057,2.81,2.80,0.0028,464,178
T-BulletDispenser-1x,8822,32.060,3.08,3.08,0.0031,464,178
T-BulletDispenser-1x,8823,32.063,3.21,3.20,0.0032,464,178
T-BulletDispenser-1x,8824,32.067,3.19,3.19,0.0032,464,178
T-BulletDispenser-1x,8825,32.070,3.01,3.00,0.0030,464,178
T-BulletDispenser-1x,8826,32.073,3.02,3.00,0.0030,464,178
T-BulletDispenser-1x,8827,32.076,2.98,3.00,0.0030,464,178
T-BulletDispenser-1x,8828,32.078,2.70,2.70,0.0027,464,178
T-BulletDispenser-1x,8829,32.081,2.77,2.79,0.0028,464,178
T-BulletDispenser-1x,8830,32.084,3.16,3.13,0.0032,464,178
T-BulletDispenser-1x,8831,32.087,3.05,3.08,0.0030,464,178
T-BulletDispenser-1x,8832,32.091,3.35,3.31,0.0034,464,178
T-BulletDispenser-1x,8833,32.093,2.74,2.79,0.0027,464,178
T-BulletDispenser-1x,8834,32.096,2.83,2.80,0.0028,464,178
T-BulletDispenser-1x,8835,32.099,3.02,2.99,0.0030,464,178
T-BulletDispenser-1x,8836,32.102,2.97,3.01,0.0030,464,178
T-BulletDispenser-1x,8837,32.105,2.80,2.78,0.0028,464,178
T-BulletDispenser-1x,8838,32.108,3.01,3.01,0.0030,464,178
T-BulletDispenser-1x,8839,32.111,3.43,3.41,0.0034,464,178
T-BulletDispenser-1x,8840,32.115,3.08,3.09,0.0031,464,178
T-BulletDispenser-1x,8841,32.117,2.97,2.99,0.0030,516,178
T-BulletDispenser-1x,8842,32.120,2.66,2.62,0.0027,464,178
T-BulletDispenser-1x,8843,32.123,2.98,2.97,0.0030,464,178
T-BulletDispenser-1x,8844,32.126,3.13,3.12,0.0031,464,178
T-BulletDispenser-1x,8845,32.129,3.07,3.09,0.0031,464,178
T-BulletDispenser-1x,8846,32.132,2.92,2.90,0.0029,464,178
T-BulletDispenser-1x,8847,32.135,2.86,2.88,0.0029,464,178
T-BulletDispenser-1x,8848,32.138,2.77,2.80,0.0028,464,178
T-BulletDispenser-1x,8849,32.140,2.31,2.30,0.0023,464,178
T-BulletDispenser-1x,8850,32.143,3.15,3.11,0.0031,464,178
T-BulletDispenser-1x,8851,32.147,3.29,3.28,0.0033,464,178
T-BulletDispenser-1x,8852,32.150,3.08,3.10,0.0031,464,178
T-BulletDispenser-1x,8853,32.153,3.00,2.99,0.0030,464,178
T-BulletDispenser-1x,8854,32.156,3.02,3.02,0.0030,464,178
T-BulletDispenser-1x,8855,32.158,2.76,2.77,0.0028,464,178
T-BulletDispenser-1x,8856,32.161,2.51,2.52,0.0025,464,178
T-BulletDispenser-1x,8857,32.164,3.04,3.01,0.0030,464,178
T-BulletDispenser-1x,8858,32.167,3.18,3.18,0.0032,464,178
T-BulletDispenser-1x,8859,32.170,2.99,3.00,0.0030,464,178
T-BulletDispenser-1x,8860,32.173,2.58,2.61,0.0026,464,178
T-BulletDispenser-1x,8861,32.176,2.75,2.71,0.0028,464,178
T-BulletDispenser-1x,8862,32.179,3.16,3.18,0.0032,464,178
T-BulletDispenser-1x,8863,32.182,2.95,2.91,0.0030,464,178
T-BulletDispenser-1x,8864,32.185,2.94,2.98,0.0029,464,178
T-BulletDispenser-1x,8865,32.187,2.91,2.90,0.0029,464,178
T-BulletDispenser-1x,8866,32.190,2.96,2.92,0.0030,464,178
T-BulletDispenser-1x,8867,32.193,2.61,2.66,0.0026,464,178
T-BulletDispenser-1x,8868,32.196,2.65,2.60,0.0026,464,178
T-BulletDispenser-1x,8869,32.199,3.23,3.22,0.0032,464,178
T-BulletDispenser-1x,8870,32.202,2.87,2.89,0.0029,464,178
T-BulletDispenser-1x,8871,32.205,2.99,3.00,0.0030,464,178
T-BulletDispenser-1x,8872,32.208,2.82,2.80,0.0028,464,178
T-BulletDispenser-1x,8873,32.211,3.02,3.01,0.0030,464,178
T-BulletDispenser-1x,8874,32.214,2.94,2.98,0.0029,464,178
T-BulletDispenser-1x,8875,32.216,2.66,2.61,0.0027,464,178
T-BulletDispenser-1x,8876,32.219,2.76,2.78,0.0028,464,178
T-BulletDispenser-1x,8877,32.222,3.26,3.22,0.0033,464,178
T-BulletDispenser-1x,8878,32.226,3.39,3.39,0.0034,464,178
T-BulletDispenser-1x,8879,32.229,3.26,3.28,0.0033,464,178
T-BulletDispenser-1x,8880,32.232,3.02,3.01,0.0030,464,178
T-BulletDispenser-1x,8881,32.235,3.28,3.29,0.0033,464,178
T-BulletDispenser-1x,8882,32.238,2.75,2.78,0.0028,464,178
T-BulletDispenser-1x,8883,32.241,2.97,2.92,0.0030,464,178
T-BulletDispenser-1x,8884,32.244,3.30,3.29,0.0033,464,178
T-BulletDispenser-1x,8885,32.247,3.18,3.21,0.0032,464,178
T-BulletDispenser-1x,8886,32.250,3.09,3.09,0.0031,464,178
T-BulletDispenser-1x,8887,32.253,2.39,2.40,0.0024,464,178
T-BulletDispenser-1x,8888,32.256,3.04,3.01,0.0030,464,178
T-BulletDispenser-1x,8889,32.259,3.05,3.09,0.0030,464,178
T-BulletDispenser-1x,8890,32.262,3.25,3.21,0.0032,464,178
T-BulletDispenser-1x,8891,32.265,2.98,2.97,0.0030,464,178
T-BulletDispenser-1x,8892,32.268,3.02,3.01,0.0030,464,178
T-BulletDispenser-1x,8893,32.271,2.76,2.78,0.0028,464,178
T-BulletDispenser-1x,8894,32.273,2.49,2.51,0.0025,464,178
T-BulletDispenser-1x,8895,32.276,2.84,2.79,0.0028,464,178
T-BulletDispenser-1x,8896,32.279,2.95,2.91,0.0030,464,178
T-BulletDispenser-1x,8897,32.282,2.96,2.99,0.0030,464,178
T-BulletDispenser-1x,8898,32.286,3.31,3.31,0.0033,464,178
T-BulletDispenser-1x,8899,32.289,3.05,3.08,0.0031,464,178
T-BulletDispenser-1x,8900,32.292,3.00,3.01,0.0030,464,178
T-BulletDispenser-1x,8901,32.294,2.37,2.39,0.0024,464,178
T-BulletDispenser-1x,8902,32.297,3.07,3.02,0.0031,464,178
T-BulletDispenser-1x,8903,32.301,3.48,3.48,0.0035,464,178
T-BulletDispenser-1x,8904,32.304,3.13,3.12,0.0031,464,178
T-BulletDispenser-1x,8905,32.307,2.87,2.88,0.0029,464,178
T-BulletDispenser-1x,8906,32.310,3.09,3.10,0.0031,464,178
T-BulletDispenser-1x,8907,32.313,3.08,3.09,0.0031,464,178
T-BulletDispenser-1x,8908,32.315,2.79,2.80,0.0028,464,178
T-BulletDispenser-1x,8909,32.318,2.74,2.70,0.0027,516,178
T-BulletDispenser-1x,8910,32.321,3.06,3.08,0.0031,464,178
T-BulletDispenser-1x,8911,32.324,3.01,3.00,0.0030,464,178
T-BulletDispenser-1x,8912,32.327,2.80,2.81,0.0028,464,178
T-BulletDispenser-1x,8913,32.330,2.79,2.79,0.0028,464,178
T-BulletDispenser-1x,8914,32.333,2.81,2.78,0.0028,464,178
T-BulletDispenser-1x,8915,32.336,3.25,3.23,0.0033,464,178
T-BulletDispenser-1x,8916,32.339,2.70,2.77,0.0027,464,178
T-BulletDispenser-1x,8917,32.342,2.91,2.85,0.0029,464,178
T-BulletDispenser-1x,8918,32.345,3.13,3.15,0.0031,464,178
T-BulletDispenser-1x,8919,32.347,2.67,2.71,0.0027,464,178
T-BulletDispenser-1x,8920,32.350,2.81,2.78,0.0028,464,178
T-BulletDispenser-1x,8921,32.354,3.32,3.31,0.0033,464,178
T-BulletDispenser-1x,8922,32.357,3.36,3.32,0.0034,464,178
T-BulletDispenser-1x,8923,32.360,2.71,2.78,0.0027,464,178
T-BulletDispenser-1x,8924,32.363,3.02,3.00,0.0030,464,178
T-BulletDispenser-1x,8925,32.366,3.09,3.08,0.0031,464,178
T-BulletDispenser-1x,8926,32.368,2.49,2.51,0.0025,464,178
T-BulletDispenser-1x,8927,32.371,2.51,2.49,0.0025,464,178
T-BulletDispenser-1x,8928,32.374,3.15,3.12,0.0032,464,178
T-BulletDispenser-1x,8929,32.377,3.07,3.10,0.0031,464,178
T-BulletDispenser-1x,8930,32.380,2.96,2.98,0.0030,464,178
T-BulletDispenser-1x,8931,32.383,3.03,2.99,0.0030,464,178
T-BulletDispenser-1x,8932,32.386,2.67,2.70,0.0027,464,178
T-BulletDispenser-1x,8933,32.388,2.91,2.91,0.0029,464,178
T-BulletDispenser-1x,8934,32.392,3.21,3.11,0.0032,464,178
T-BulletDispenser-1x,8935,32.395,3.21,3.27,0.0032,464,178
T-BulletDispenser-1x,8936,32.398,2.89,2.90,0.0029,464,178
T-BulletDispenser-1x,8937,32.401,2.90,2.92,0.0029,464,178
T-BulletDispenser-1x,8938,32.403,2.75,2.70,0.0027,464,178
T-BulletDispenser-1x,8939,32.407,3.17,3.17,0.0032,464,178
T-BulletDispenser-1x,8940,32.410,3.01,3.02,0.0030,464,178
T-BulletDispenser-1x,8941,32.413,3.19,3.19,0.0032,464,178
T-BulletDispenser-1x,8942,32.416,3.20,3.20,0.0032,464,178
T-BulletDispenser-1x,8943,32.419,2.94,2.91,0.0029,464,178
T-BulletDispenser-1x,8944,32.422,3.18,3.20,0.0032,464,178
T-BulletDispenser-1x,8945,32.425,2.77,2.79,0.0028,464,178
T-BulletDispenser-1x,8946,32.428,3.05,3.02,0.0030,464,178
T-BulletDispenser-1x,8947,32.431,2.97,2.98,0.0030,464,178
T-BulletDispenser-1x,8948,32.434,3.20,3.19,0.0032,464,178
T-BulletDispenser-1x,8949,32.437,3.18,3.21,0.0032,464,178
T-BulletDispenser-1x,8950,32.440,2.57,2.59,0.0026,464,178
T-BulletDispenser-1x,8951,32.443,2.92,2.89,0.0029,464,178
T-BulletDispenser-1x,8952,32.446,3.33,3.31,0.0033,464,178
T-BulletDispenser-1x,8953,32.449,3.19,3.19,0.0032,464,178
T-BulletDispenser-1x,8954,32.452,2.87,2.90,0.0029,464,178
T-BulletDispenser-1x,8955,32.456,3.32,3.31,0.0033,464,178
T-BulletDispenser-1x,8956,32.459,3.24,3.20,0.0032,464,178
T-BulletDispenser-1x,8957,32.462,3.22,3.22,0.0032,464,178
T-BulletDispenser-1x,8958,32.465,2.94,2.98,0.0029,464,178
T-BulletDispenser-1x,8959,32.468,3.31,3.30,0.0033,464,178
T-BulletDispenser-1x,8960,32.471,3.09,3.10,0.0031,464,178
T-BulletDispenser-1x,8961,32.474,2.80,2.79,0.0028,464,178
T-BulletDispenser-1x,8962,32.477,2.88,2.89,0.0029,464,178
T-BulletDispenser-1x,8963,32.480,2.57,2.59,0.0026,464,178
T-BulletDispenser-1x,8964,32.482,2.19,2.20,0.0022,464,178
T-BulletDispenser-1x,8965,32.485,2.98,2.92,0.0030,464,178
T-BulletDispenser-1x,8966,32.488,2.84,2.88,0.0028,464,178
T-BulletDispenser-1x,8967,32.491,3.16,3.11,0.0032,464,178
T-BulletDispenser-1x,8968,32.494,3.31,3.31,0.0033,464,178
T-BulletDispenser-1x,8969,32.497,3.19,3.19,0.0032,464,178
T-BulletDispenser-1x,8970,32.500,3.15,3.19,0.0032,464,178
T-BulletDispenser-1x,8971,32.504,3.13,3.11,0.0031,464,178
T-BulletDispenser-1x,8972,32.506,2.66,2.68,0.0027,464,178
T-BulletDispenser-1x,8973,32.509,2.61,2.61,0.0026,464,178
T-BulletDispenser-1x,8974,32.512,2.95,2.91,0.0029,464,178
T-BulletDispenser-1x,8975,32.515,3.09,3.08,0.0031,464,178
T-BulletDispenser-1x,8976,32.518,2.98,3.01,0.0030,464,178
T-BulletDispenser-1x,8977,32.521,3.01,2.99,0.0030,516,178
T-BulletDispenser-1x,8978,32.523,2.67,2.69,0.0027,464,178
T-BulletDispenser-1x,8979,32.526,2.70,2.72,0.0027,464,178
T-BulletDispenser-1x,8980,32.529,3.14,3.09,0.0031,464,178
T-BulletDispenser-1x,8981,32.532,3.13,3.12,0.0031,464,178
T-BulletDispenser-1x,8982,32.535,2.65,2.69,0.0027,464,178
T-BulletDispenser-1x,8983,32.538,3.12,3.09,0.0031,464,178
T-BulletDispenser-1x,8984,32.541,2.90,2.91,0.0029,464,178
T-BulletDispenser-1x,8985,32.544,2.68,2.69,0.0027,464,178
T-BulletDispenser-1x,8986,32.547,2.93,2.90,0.0029,464,178
T-BulletDispenser-1x,8987,32.550,2.89,2.90,0.0029,464,178
T-BulletDispenser-1x,8988,32.552,2.80,2.80,0.0028,464,178
T-BulletDispenser-1x,8989,32.555,3.01,3.00,0.0030,464,178
T-BulletDispenser-1x,8990,32.559,3.40,3.39,0.0034,464,178
T-BulletDispenser-1x,8991,32.562,3.11,3.11,0.0031,464,178
T-BulletDispenser-1x,8992,32.565,2.85,2.88,0.0029,464,178
T-BulletDispenser-1x,8993,32.568,2.80,2.80,0.0028,464,178
T-BulletDispenser-1x,8994,32.571,3.37,3.32,0.0034,464,178
T-BulletDispenser-1x,8995,32.575,3.58,3.58,0.0036,464,178
T-BulletDispenser-1x,8996,32.577,2.98,3.00,0.0030,464,178
T-BulletDispenser-1x,8997,32.581,3.34,3.31,0.0033,464,178
T-BulletDispenser-1x,8998,32.584,3.56,3.58,0.0036,464,178
T-BulletDispenser-1x,8999,32.588,3.19,3.18,0.0032,464,178
T-BulletDispenser-1x,9000,32.591,3.63,3.64,0.0036,464,178
T-BulletDispenser-1x,9001,32.594,3.25,3.18,0.0032,464,178
T-BulletDispenser-1x,9002,32.597,2.92,3.00,0.0029,464,178
T-BulletDispenser-1x,9003,32.600,2.79,2.79,0.0028,464,178
T-BulletDispenser-1x,9004,32.603,2.93,2.92,0.0029,464,178
T-BulletDispenser-1x,9005,32.606,3.00,3.00,0.0030,464,178
T-BulletDispenser-1x,9006,32.609,2.95,2.98,0.0029,464,178
T-BulletDispenser-1x,9007,32.612,2.75,2.71,0.0028,464,178
T-BulletDispenser-1x,9008,32.615,3.04,3.01,0.0030,464,178
T-BulletDispenser-1x,9009,32.618,3.04,3.09,0.0030,464,178
T-BulletDispenser-1x,9010,32.621,2.96,2.90,0.0030,464,178
T-BulletDispenser-1x,9011,32.624,3.26,3.30,0.0033,464,178
T-BulletDispenser-1x,9012,32.627,3.12,3.09,0.0031,464,178
T-BulletDispenser-1x,9013,32.630,2.96,3.00,0.0030,464,178
T-BulletDispenser-1x,9014,32.633,3.15,3.11,0.0031,464,178
T-BulletDispenser-1x,9015,32.636,3.02,3.03,0.0030,464,178
T-BulletDispenser-1x,9016,32.639,2.87,2.85,0.0029,464,178
T-BulletDispenser-1x,9017,32.642,2.98,2.99,0.0030,464,178
T-BulletDispenser-1x,9018,32.645,3.23,3.20,0.0032,464,178
T-BulletDispenser-1x,9019,32.649,3.10,3.10,0.0031,464,178
T-BulletDispenser-1x,9020,32.651,2.97,2.99,0.0030,464,178
T-BulletDispenser-1x,9021,32.654,2.86,2.89,0.0029,464,178
T-BulletDispenser-1x,9022,32.657,2.87,2.82,0.0029,464,178
T-BulletDispenser-1x,9023,32.660,3.09,3.08,0.0031,464,178
T-BulletDispenser-1x,9024,32.663,3.10,3.11,0.0031,464,178
T-BulletDispenser-1x,9025,32.667,3.10,3.11,0.0031,464,178
T-BulletDispenser-1x,9026,32.669,2.45,2.48,0.0025,464,178
T-BulletDispenser-1x,9027,32.672,2.96,2.91,0.0030,464,178
T-BulletDispenser-1x,9028,32.675,2.90,2.90,0.0029,464,178
T-BulletDispenser-1x,9029,32.678,3.20,3.20,0.0032,464,178
T-BulletDispenser-1x,9030,32.681,2.87,2.89,0.0029,464,178
T-BulletDispenser-1x,9031,32.684,3.12,3.11,0.0031,464,178
T-BulletDispenser-1x,9032,32.687,3.06,3.08,0.0031,464,178
T-BulletDispenser-1x,9033,32.690,3.15,3.11,0.0032,464,178
T-BulletDispenser-1x,9034,32.693,2.99,3.00,0.0030,464,178
T-BulletDispenser-1x,9035,32.697,3.30,3.30,0.0033,464,178
T-BulletDispenser-1x,9036,32.700,3.17,3.10,0.0032,464,178
T-BulletDispenser-1x,9037,32.703,3.13,3.17,0.0031,464,178
T-BulletDispenser-1x,9038,32.706,2.88,2.91,0.0029,464,178
T-BulletDispenser-1x,9039,32.709,2.89,2.79,0.0029,464,178
T-BulletDispenser-1x,9040,32.712,3.02,3.09,0.0030,464,178
T-BulletDispenser-1x,9041,32.715,3.42,3.41,0.0034,464,178
T-BulletDispenser-1x,9042,32.718,3.08,3.09,0.0031,464,178
T-BulletDispenser-1x,9043,32.721,3.10,3.10,0.0031,516,178
T-BulletDispenser-1x,9044,32.724,3.22,3.21,0.0032,464,178
T-BulletDispenser-1x,9045,32.727,2.98,2.99,0.0030,464,178
T-BulletDispenser-1x,9046,32.730,2.86,2.90,0.0029,464,178
T-BulletDispenser-1x,9047,32.733,2.65,2.61,0.0026,464,178
T-BulletDispenser-1x,9048,32.736,2.78,2.80,0.0028,464,178
T-BulletDispenser-1x,9049,32.739,3.02,3.00,0.0030,464,178
T-BulletDispenser-1x,9050,32.742,3.32,3.29,0.0033,464,178
T-BulletDispenser-1x,9051,32.745,3.08,3.11,0.0031,464,178
T-BulletDispenser-1x,9052,32.748,2.66,2.69,0.0027,464,178
T-BulletDispenser-1x,9053,32.751,3.25,3.21,0.0033,464,178
T-BulletDispenser-1x,9054,32.754,3.28,3.30,0.0033,464,178
T-BulletDispenser-1x,9055,32.757,2.89,2.88,0.0029,464,178
T-BulletDispenser-1x,9056,32.760,3.01,3.02,0.0030,464,178
T-BulletDispenser-1x,9057,32.764,3.31,3.29,0.0033,464,178
T-BulletDispenser-1x,9058,32.767,3.18,3.19,0.0032,464,178
T-BulletDispenser-1x,9059,32.769,2.35,2.38,0.0023,464,178
T-BulletDispenser-1x,9060,32.772,2.86,2.83,0.0029,464,178
T-BulletDispenser-1x,9061,32.775,3.31,3.29,0.0033,464,178
T-BulletDispenser-1x,9062,32.778,3.11,3.11,0.0031,464,178
T-BulletDispenser-1x,9063,32.781,2.99,3.00,0.0030,464,178
T-BulletDispenser-1x,9064,32.784,2.95,2.99,0.0029,464,178
T-BulletDispenser-1x,9065,32.787,2.66,2.61,0.0027,464,178
T-BulletDispenser-1x,9066,32.790,3.22,3.20,0.0032,464,178
T-BulletDispenser-1x,9067,32.793,3.17,3.18,0.0032,464,178
T-BulletDispenser-1x,9068,32.797,3.31,3.31,0.0033,464,178
T-BulletDispenser-1x,9069,32.800,3.16,3.19,0.0032,464,178
T-BulletDispenser-1x,9070,32.802,2.69,2.70,0.0027,464,178
T-BulletDispenser-1x,9071,32.805,2.58,2.59,0.0026,464,178
T-BulletDispenser-1x,9072,32.808,2.67,2.62,0.0027,464,178
T-BulletDispenser-1x,9073,32.811,3.41,3.41,0.0034,464,178
T-BulletDispenser-1x,9074,32.814,2.98,2.98,0.0030,464,178
T-BulletDispenser-1x,9075,32.817,3.07,3.09,0.0031,464,178
T-BulletDispenser-1x,9076,32.820,2.95,2.90,0.0029,464,178
T-BulletDispenser-1x,9077,32.823,2.88,2.90,0.0029,464,178
T-BulletDispenser-1x,9078,32.826,3.29,3.30,0.0033,464,178
T-BulletDispenser-1x,9079,32.830,3.42,3.39,0.0034,464,178
T-BulletDispenser-1x,9080,32.833,3.09,3.09,0.0031,464,178
T-BulletDispenser-1x,9081,32.836,3.13,3.13,0.0031,464,178
T-BulletDispenser-1x,9082,32.839,2.95,2.98,0.0030,464,178
T-BulletDispenser-1x,9083,32.842,3.06,3.02,0.0031,464,178
T-BulletDispenser-1x,9084,32.845,2.79,2.77,0.0028,464,178
T-BulletDispenser-1x,9085,32.848,2.85,2.90,0.0028,464,178
T-BulletDispenser-1x,9086,32.851,3.35,3.31,0.0034,464,178
T-BulletDispenser-1x,9087,32.854,2.91,2.90,0.0029,464,178
T-BulletDispenser-1x,9088,32.857,2.98,2.98,0.0030,464,178
T-BulletDispenser-1x,9089,32.860,3.00,3.03,0.0030,464,178
T-BulletDispenser-1x,9090,32.863,2.76,2.78,0.0028,464,178
T-BulletDispenser-1x,9091,32.865,2.27,2.28,0.0023,464,178
T-BulletDispenser-1x,9092,32.868,2.98,2.92,0.0030,464,178
T-BulletDispenser-1x,9093,32.871,3.60,3.60,0.0036,464,178
T-BulletDispenser-1x,9094,32.875,3.09,3.09,0.0031,464,178
T-BulletDispenser-1x,9095,32.877,2.89,2.89,0.0029,464,178
T-BulletDispenser-1x,9096,32.881,3.09,3.10,0.0031,464,178
T-BulletDispenser-1x,9097,32.883,2.69,2.70,0.0027,464,178
T-BulletDispenser-1x,9098,32.886,3.10,3.09,0.0031,464,178
T-BulletDispenser-1x,9099,32.890,3.24,3.22,0.0032,464,178
T-BulletDispenser-1x,9100,32.893,3.15,3.20,0.0031,464,178
T-BulletDispenser-1x,9101,32.896,2.94,2.89,0.0029,464,178
T-BulletDispenser-1x,9102,32.898,2.88,2.90,0.0029,464,178
T-BulletDispenser-1x,9103,32.901,2.81,2.81,0.0028,464,178
T-BulletDispenser-1x,9104,32.904,3.12,3.09,0.0031,464,178
T-BulletDispenser-1x,9105,32.908,3.20,3.22,0.0032,464,178
T-BulletDispenser-1x,9106,32.910,2.87,2.88,0.0029,464,178
T-BulletDispenser-1x,9107,32.913,2.98,3.01,0.0030,464,178
T-BulletDispenser-1x,9108,32.916,2.81,2.78,0.0028,464,178
T-BulletDispenser-1x,9109,32.919,2.84,2.82,0.0028,464,178
T-BulletDispenser-1x,9110,32.922,2.78,2.79,0.0028,516,178
T-BulletDispenser-1x,9111,32.925,2.80,2.80,0.0028,464,178
T-BulletDispenser-1x,9112,32.928,3.26,3.21,0.0033,464,178
T-BulletDispenser-1x,9113,32.932,3.56,3.58,0.0036,464,178
T-BulletDispenser-1x,9114,32.935,3.00,3.00,0.0030,464,178
T-BulletDispenser-1x,9115,32.938,3.17,3.18,0.0032,464,178
T-BulletDispenser-1x,9116,32.941,3.22,3.21,0.0032,464,178
T-BulletDispenser-1x,9117,32.944,3.04,3.00,0.0030,464,178
T-BulletDispenser-1x,9118,32.947,2.86,2.89,0.0029,464,178
T-BulletDispenser-1x,9119,32.950,3.28,3.21,0.0033,464,178
T-BulletDispenser-1x,9120,32.953,3.35,3.40,0.0033,464,178
T-BulletDispenser-1x,9121,32.957,3.12,3.09,0.0031,464,178
T-BulletDispenser-1x,9122,32.959,2.95,3.02,0.0030,464,178
T-BulletDispenser-1x,9123,32.962,2.91,2.88,0.0029,464,178
T-BulletDispenser-1x,9124,32.965,2.80,2.79,0.0028,464,178
T-BulletDispenser-1x,9125,32.968,3.10,3.11,0.0031,464,178
T-BulletDispenser-1x,9126,32.971,3.12,3.10,0.0031,464,178
T-BulletDispenser-1x,9127,32.974,3.00,3.00,0.0030,464,178
T-BulletDispenser-1x,9128,32.978,3.26,3.20,0.0033,464,178
T-BulletDispenser-1x,9129,32.980,2.69,2.79,0.0027,464,178
T-BulletDispenser-1x,9130,32.983,2.74,2.70,0.0027,464,178
T-BulletDispenser-1x,9131,32.986,3.27,3.27,0.0033,464,178
T-BulletDispenser-1x,9132,32.989,3.00,3.02,0.0030,464,178
T-BulletDispenser-1x,9133,32.992,2.98,3.00,0.0030,464,178
T-BulletDispenser-1x,9134,32.995,3.03,3.00,0.0030,464,178
T-BulletDispenser-1x,9135,32.998,2.93,2.90,0.0029,464,178
T-BulletDispenser-1x,9136,33.001,2.64,2.69,0.0026,464,178
T-BulletDispenser-1x,9137,33.003,2.31,2.29,0.0023,464,178
T-BulletDispenser-1x,9138,33.006,2.90,2.90,0.0029,464,178
T-BulletDispenser-1x,9139,33.009,3.22,3.21,0.0032,464,178
T-BulletDispenser-1x,9140,33.013,3.35,3.32,0.0033,464,178
T-BulletDispenser-1x,9141,33.016,3.17,3.18,0.0032,464,178
T-BulletDispenser-1x,9142,33.019,2.99,3.00,0.0030,464,178
T-BulletDispenser-1x,9143,33.022,2.75,2.77,0.0028,464,178
T-BulletDispenser-1x,9144,33.024,2.31,2.30,0.0023,464,178
T-BulletDispenser-1x,9145,33.027,3.13,3.11,0.0031,464,178
T-BulletDispenser-1x,9146,33.030,3.11,3.09,0.0031,464,178
T-BulletDispenser-1x,9147,33.033,3.21,3.22,0.0032,464,178
T-BulletDispenser-1x,9148,33.036,2.89,2.89,0.0029,464,178
T-BulletDispenser-1x,9149,33.039,3.07,3.08,0.0031,464,178
T-BulletDispenser-1x,9150,33.042,2.90,2.91,0.0029,464,178
T-BulletDispenser-1x,9151,33.045,2.58,2.57,0.0026,464,178
T-BulletDispenser-1x,9152,33.048,2.70,2.71,0.0027,464,178
T-BulletDispenser-1x,9153,33.050,2.85,2.81,0.0029,464,178
T-BulletDispenser-1x,9154,33.054,3.18,3.19,0.0032,464,178
T-BulletDispenser-1x,9155,33.057,3.35,3.31,0.0034,464,178
T-BulletDispenser-1x,9156,33.060,2.71,2.79,0.0027,464,178
T-BulletDispenser-1x,9157,33.063,2.94,2.90,0.0029,464,178
T-BulletDispenser-1x,9158,33.065,2.82,2.81,0.0028,464,178
T-BulletDispenser-1x,9159,33.068,2.65,2.68,0.0026,464,178
T-BulletDispenser-1x,9160,33.071,2.94,2.90,0.0029,464,178
T-BulletDispenser-1x,9161,33.074,3.00,3.01,0.0030,464,178
T-BulletDispenser-1x,9162,33.077,2.56,2.59,0.0026,464,178
T-BulletDispenser-1x,9163,33.079,2.51,2.49,0.0025,464,178
T-BulletDispenser-1x,9164,33.082,3.15,3.12,0.0032,464,178
T-BulletDispenser-1x,9165,33.085,3.06,3.09,0.0031,464,178
T-BulletDispenser-1x,9166,33.088,2.98,3.00,0.0030,464,178
T-BulletDispenser-1x,9167,33.091,2.82,2.79,0.0028,464,178
T-BulletDispenser-1x,9168,33.094,2.90,2.92,0.0029,464,178
T-BulletDispenser-1x,9169,33.097,2.66,2.68,0.0027,464,178
T-BulletDispenser-1x,9170,33.099,2.68,2.61,0.0027,464,178
T-BulletDispenser-1x,9171,33.102,2.75,2.79,0.0027,464,178
T-BulletDispenser-1x,9172,33.105,2.90,2.89,0.0029,464,178
T-BulletDispenser-1x,9173,33.108,2.81,2.81,0.0028,464,178
T-BulletDispenser-1x,9174,33.111,2.80,2.81,0.0028,464,178
T-BulletDispenser-1x,9175,33.114,3.02,3.00,0.0030,464,178
T-BulletDispenser-1x,9176,33.117,3.19,3.19,0.0032,464,178
T-BulletDispenser-1x,9177,33.120,2.92,2.90,0.0029,464,178
T-BulletDispenser-1x,9178,33.123,3.00,3.01,0.0030,516,178
T-BulletDispenser-1x,9179,33.126,3.09,3.08,0.0031,464,178
T-BulletDispenser-1x,9180,33.129,3.20,3.21,0.0032,464,178
T-BulletDispenser-1x,9181,33.132,3.24,3.20,0.0032,464,178
T-BulletDispenser-1x,9182,33.135,2.64,2.68,0.0026,464,178
T-BulletDispenser-1x,9183,33.138,2.89,2.88,0.0029,464,178
T-BulletDispenser-1x,9184,33.141,3.32,3.31,0.0033,464,178
T-BulletDispenser-1x,9185,33.144,3.03,3.00,0.0030,464,178
T-BulletDispenser-1x,9186,33.147,2.96,3.01,0.0030,464,178
T-BulletDispenser-1x,9187,33.150,3.13,3.08,0.0031,464,178
T-BulletDispenser-1x,9188,33.153,3.11,3.10,0.0031,464,178
T-BulletDispenser-1x,9189,33.156,2.54,2.60,0.0025,464,178
T-BulletDispenser-1x,9190,33.158,2.58,2.53,0.0026,464,178
T-BulletDispenser-1x,9191,33.162,3.09,3.08,0.0031,464,178
T-BulletDispenser-1x,9192,33.165,2.99,3.01,0.0030,464,178
T-BulletDispenser-1x,9193,33.168,3.32,3.30,0.0033,464,178
T-BulletDispenser-1x,9194,33.171,3.49,3.50,0.0035,464,178
T-BulletDispenser-1x,9195,33.174,2.78,2.78,0.0028,464,178
T-BulletDispenser-1x,9196,33.177,2.77,2.80,0.0028,464,178
T-BulletDispenser-1x,9197,33.180,3.04,3.00,0.0030,464,178
T-BulletDispenser-1x,9198,33.183,3.42,3.41,0.0034,464,178
T-BulletDispenser-1x,9199,33.187,3.33,3.32,0.0033,464,178
T-BulletDispenser-1x,9200,33.190,3.03,3.06,0.0030,464,178
T-BulletDispenser-1x,9201,33.193,3.16,3.12,0.0032,464,178
T-BulletDispenser-1x,9202,33.196,3.25,3.27,0.0032,464,178
T-BulletDispenser-1x,9203,33.199,3.02,3.01,0.0030,464,178
T-BulletDispenser-1x,9204,33.202,3.10,3.10,0.0031,464,178
T-BulletDispenser-1x,9205,33.205,2.98,2.99,0.0030,464,178
T-BulletDispenser-1x,9206,33.208,3.15,3.11,0.0031,464,178
T-BulletDispenser-1x,9207,33.212,3.19,3.20,0.0032,464,178
T-BulletDispenser-1x,9208,33.214,2.55,2.58,0.0025,464,178
T-BulletDispenser-1x,9209,33.217,2.62,2.60,0.0026,464,178
T-BulletDispenser-1x,9210,33.220,3.13,3.11,0.0031,464,178
T-BulletDispenser-1x,9211,33.223,2.87,2.89,0.0029,464,178
T-BulletDispenser-1x,9212,33.226,2.89,2.89,0.0029,464,178
T-BulletDispenser-1x,9213,33.229,2.93,2.92,0.0029,464,178
T-BulletDispenser-1x,9214,33.231,2.90,2.90,0.0029,464,178
T-BulletDispenser-1x,9215,33.234,2.97,2.99,0.0030,464,178
T-BulletDispenser-1x,9216,33.237,2.77,2.77,0.0028,464,178
T-BulletDispenser-1x,9217,33.240,2.82,2.82,0.0028,464,178
T-BulletDispenser-1x,9218,33.243,3.02,3.01,0.0030,464,178
T-BulletDispenser-1x,9219,33.246,2.98,2.92,0.0030,464,178
T-BulletDispenser-1x,9220,33.249,2.80,2.86,0.0028,464,178
T-BulletDispenser-1x,9221,33.252,2.89,2.90,0.0029,464,178
T-BulletDispenser-1x,9222,33.255,2.98,2.90,0.0030,464,178
T-BulletDispenser-1x,9223,33.258,3.26,3.30,0.0033,464,178
T-BulletDispenser-1x,9224,33.261,2.77,2.79,0.0028,464,178
T-BulletDispenser-1x,9225,33.264,2.99,2.99,0.0030,464,178
T-BulletDispenser-1x,9226,33.267,3.24,3.21,0.0032,464,178
T-BulletDispenser-1x,9227,33.270,3.10,3.11,0.0031,464,178
T-BulletDispenser-1x,9228,33.273,2.77,2.78,0.0028,464,178
T-BulletDispenser-1x,9229,33.276,3.22,3.19,0.0032,464,178
T-BulletDispenser-1x,9230,33.280,3.59,3.58,0.0036,464,178
T-BulletDispenser-1x,9231,33.282,2.85,2.82,0.0029,464,178
T-BulletDispenser-1x,9232,33.285,2.73,2.79,0.0027,464,178
T-BulletDispenser-1x,9233,33.288,3.10,3.10,0.0031,464,178
T-BulletDispenser-1x,9234,33.292,3.56,3.52,0.0036,464,178
T-BulletDispenser-1x,9235,33.295,3.48,3.48,0.0035,464,178
T-BulletDispenser-1x,9236,33.298,2.74,2.78,0.0027,464,178
T-BulletDispenser-1x,9237,33.301,3.05,3.02,0.0030,464,178
T-BulletDispenser-1x,9238,33.304,3.11,3.08,0.0031,464,178
T-BulletDispenser-1x,9239,33.308,3.31,3.32,0.0033,464,178
T-BulletDispenser-1x,9240,33.311,3.20,3.19,0.0032,464,178
T-BulletDispenser-1x,9241,33.314,3.26,3.28,0.0033,464,178
T-BulletDispenser-1x,9242,33.317,3.05,3.01,0.0031,464,178
T-BulletDispenser-1x,9243,33.321,3.75,3.73,0.0037,464,178
T-BulletDispenser-1x,9244,33.324,3.25,3.27,0.0033,516,178
T-BulletDispenser-1x,9245,33.327,2.73,2.78,0.0027,464,178
T-BulletDispenser-1x,9246,33.330,3.25,3.20,0.0032,464,178
T-BulletDispenser-1x,9247,33.333,3.38,3.39,0.0034,464,178
T-BulletDispenser-1x,9248,33.337,3.32,3.26,0.0033,464,178
T-BulletDispenser-1x,9249,33.340,3.09,3.15,0.0031,464,178
T-BulletDispenser-1x,9250,33.344,3.68,3.62,0.0037,464,178
T-BulletDispenser-1x,9251,33.347,3.53,3.57,0.0035,464,178
T-BulletDispenser-1x,9252,33.350,3.40,3.41,0.0034,464,178
T-BulletDispenser-1x,9253,33.354,3.28,3.28,0.0033,464,178
T-BulletDispenser-1x,9254,33.357,2.90,2.91,0.0029,464,178
T-BulletDispenser-1x,9255,33.360,3.01,3.01,0.0030,464,178
T-BulletDispenser-1x,9256,33.363,3.52,3.47,0.0035,464,178
T-BulletDispenser-1x,9257,33.366,3.27,3.30,0.0033,464,178
T-BulletDispenser-1x,9258,33.370,3.37,3.31,0.0034,464,178
T-BulletDispenser-1x,9259,33.373,2.95,3.00,0.0030,464,178
T-BulletDispenser-1x,9260,33.376,3.18,3.19,0.0032,464,178
T-BulletDispenser-1x,9261,33.379,3.00,2.99,0.0030,464,178
T-BulletDispenser-1x,9262,33.382,3.24,3.21,0.0032,464,178
T-BulletDispenser-1x,9263,33.385,3.09,3.09,0.0031,464,178
T-BulletDispenser-1x,9264,33.389,3.28,3.30,0.0033,464,178
T-BulletDispenser-1x,9265,33.392,3.09,3.10,0.0031,464,178
T-BulletDispenser-1x,9266,33.394,2.47,2.47,0.0025,464,178
T-BulletDispenser-1x,9267,33.397,3.06,3.02,0.0031,464,178
T-BulletDispenser-1x,9268,33.400,3.19,3.19,0.0032,464,178
T-BulletDispenser-1x,9269,33.404,3.31,3.30,0.0033,464,178
T-BulletDispenser-1x,9270,33.407,3.09,3.09,0.0031,464,178
T-BulletDispenser-1x,9271,33.410,3.11,3.12,0.0031,464,178
T-BulletDispenser-1x,9272,33.413,2.89,2.89,0.0029,464,178
T-BulletDispenser-1x,9273,33.416,3.01,2.99,0.0030,464,178
T-BulletDispenser-1x,9274,33.419,3.23,3.22,0.0032,464,178
T-BulletDispenser-1x,9275,33.422,2.99,2.99,0.0030,464,178
T-BulletDispenser-1x,9276,33.425,3.48,3.49,0.0035,464,178
T-BulletDispenser-1x,9277,33.429,3.45,3.39,0.0034,464,178
T-BulletDispenser-1x,9278,33.433,3.65,3.69,0.0036,464,178
T-BulletDispenser-1x,9279,33.435,2.90,2.91,0.0029,464,178
T-BulletDispenser-1x,9280,33.438,2.97,3.00,0.0030,464,178
T-BulletDispenser-1x,9281,33.441,3.02,2.98,0.0030,464,178
T-BulletDispenser-1x,9282,33.445,3.56,3.52,0.0036,464,178
T-BulletDispenser-1x,9283,33.448,3.06,3.08,0.0031,464,178
T-BulletDispenser-1x,9284,33.451,3.38,3.40,0.0034,464,178
T-BulletDispenser-1x,9285,33.454,2.99,3.00,0.0030,464,178
T-BulletDispenser-1x,9286,33.458,3.21,3.20,0.0032,464,178
T-BulletDispenser-1x,9287,33.461,3.51,3.49,0.0035,464,178
T-BulletDispenser-1x,9288,33.464,3.00,3.02,0.0030,464,178
T-BulletDispenser-1x,9289,33.467,3.07,3.08,0.0031,464,178
T-BulletDispenser-1x,9290,33.470,3.03,3.01,0.0030,464,178
T-BulletDispenser-1x,9291,33.474,3.30,3.29,0.0033,464,178
T-BulletDispenser-1x,9292,33.476,2.55,2.59,0.0025,464,178
T-BulletDispenser-1x,9293,33.479,3.01,2.93,0.0030,464,178
T-BulletDispenser-1x,9294,33.482,3.13,3.15,0.0031,464,178
T-BulletDispenser-1x,9295,33.485,2.77,2.80,0.0028,464,178
T-BulletDispenser-1x,9296,33.488,3.33,3.31,0.0033,464,178
T-BulletDispenser-1x,9297,33.492,3.25,3.21,0.0032,464,178
T-BulletDispenser-1x,9298,33.495,2.97,2.98,0.0030,464,178
T-BulletDispenser-1x,9299,33.497,2.86,2.88,0.0029,464,178
T-BulletDispenser-1x,9300,33.501,3.51,3.50,0.0035,464,178
T-BulletDispenser-1x,9301,33.504,3.22,3.21,0.0032,464,178
T-BulletDispenser-1x,9302,33.507,2.95,2.89,0.0029,464,178
T-BulletDispenser-1x,9303,33.510,3.23,3.30,0.0032,464,178
T-BulletDispenser-1x,9304,33.514,3.19,3.19,0.0032,464,178
T-BulletDispenser-1x,9305,33.517,3.33,3.31,0.0033,464,178
T-BulletDispenser-1x,9306,33.520,3.01,2.99,0.0030,464,178
T-BulletDispenser-1x,9307,33.523,2.97,3.00,0.0030,464,178
T-BulletDispenser-1x,9308,33.526,2.76,2.78,0.0028,516,178
T-BulletDispenser-1x,9309,33.529,3.15,3.11,0.0032,464,178
T-BulletDispenser-1x,9310,33.532,3.00,3.01,0.0030,464,178
T-BulletDispenser-1x,9311,33.535,3.44,3.40,0.0034,464,178
T-BulletDispenser-1x,9312,33.539,3.45,3.48,0.0035,464,178
T-BulletDispenser-1x,9313,33.542,3.42,3.40,0.0034,464,178
T-BulletDispenser-1x,9314,33.545,3.18,3.20,0.0032,464,178
T-BulletDispenser-1x,9315,33.549,3.27,3.28,0.0033,464,178
T-BulletDispenser-1x,9316,33.552,3.44,3.40,0.0034,464,178
T-BulletDispenser-1x,9317,33.555,3.04,3.10,0.0030,464,178
T-BulletDispenser-1x,9318,33.558,2.85,2.80,0.0029,464,178
T-BulletDispenser-1x,9319,33.561,3.44,3.42,0.0034,464,178
T-BulletDispenser-1x,9320,33.564,3.04,3.07,0.0030,464,178
T-BulletDispenser-1x,9321,33.567,2.98,3.00,0.0030,464,178
T-BulletDispenser-1x,9322,33.571,3.35,3.30,0.0033,464,178
T-BulletDispenser-1x,9323,33.574,3.27,3.28,0.0033,464,178
T-BulletDispenser-1x,9324,33.577,3.10,3.12,0.0031,464,178
T-BulletDispenser-1x,9325,33.580,3.19,3.18,0.0032,464,178
T-BulletDispenser-1x,9326,33.584,3.36,3.32,0.0034,464,178
T-BulletDispenser-1x,9327,33.587,3.06,3.09,0.0031,464,178
T-BulletDispenser-1x,9328,33.590,3.69,3.69,0.0037,464,178
T-BulletDispenser-1x,9329,33.594,3.33,3.30,0.0033,464,178
T-BulletDispenser-1x,9330,33.597,3.14,3.19,0.0031,464,178
T-BulletDispenser-1x,9331,33.600,3.11,3.10,0.0031,464,178
T-BulletDispenser-1x,9332,33.603,3.11,3.09,0.0031,464,178
T-BulletDispenser-1x,9333,33.606,3.11,3.10,0.0031,464,178
T-BulletDispenser-1x,9334,33.609,2.97,3.01,0.0030,464,178
T-BulletDispenser-1x,9335,33.612,3.34,3.29,0.0033,464,178
T-BulletDispenser-1x,9336,33.616,3.40,3.40,0.0034,464,178
T-BulletDispenser-1x,9337,33.619,2.95,2.98,0.0029,464,178
T-BulletDispenser-1x,9338,33.622,2.94,2.90,0.0029,464,178
T-BulletDispenser-1x,9339,33.625,3.61,3.61,0.0036,464,178
T-BulletDispenser-1x,9340,33.629,3.40,3.41,0.0034,464,178
T-BulletDispenser-1x,9341,33.632,3.68,3.68,0.0037,464,178
T-BulletDispenser-1x,9342,33.635,2.87,2.90,0.0029,464,178
T-BulletDispenser-1x,9343,33.639,3.22,3.20,0.0032,464,178
T-BulletDispenser-1x,9344,33.641,2.77,2.79,0.0028,464,178
T-BulletDispenser-1x,9345,33.644,2.63,2.59,0.0026,464,178
T-BulletDispenser-1x,9346,33.647,3.20,3.22,0.0032,464,178
T-BulletDispenser-1x,9347,33.650,3.23,3.21,0.0032,464,178
T-BulletDispenser-1x,9348,33.654,3.31,3.30,0.0033,464,178
T-BulletDispenser-1x,9349,33.657,3.18,3.19,0.0032,464,178
T-BulletDispenser-1x,9350,33.660,2.99,2.98,0.0030,464,178
T-BulletDispenser-1x,9351,33.663,3.24,3.21,0.0032,464,178
T-BulletDispenser-1x,9352,33.666,3.33,3.37,0.0033,464,178
T-BulletDispenser-1x,9353,33.669,2.87,2.81,0.0029,464,178
T-BulletDispenser-1x,9354,33.673,3.35,3.32,0.0033,464,178
T-BulletDispenser-1x,9355,33.676,3.43,3.48,0.0034,464,178
T-BulletDispenser-1x,9356,33.679,3.27,3.29,0.0033,464,178
T-BulletDispenser-1x,9357,33.682,3.14,3.11,0.0031,464,178
T-BulletDispenser-1x,9358,33.686,3.33,3.30,0.0033,464,178
T-BulletDispenser-1x,9359,33.689,3.03,3.08,0.0030,464,178
T-BulletDispenser-1x,9360,33.692,2.99,3.00,0.0030,464,178
T-BulletDispenser-1x,9361,33.695,2.84,2.79,0.0028,464,178
T-BulletDispenser-1x,9362,33.698,3.02,3.00,0.0030,464,178
T-BulletDispenser-1x,9363,33.701,3.25,3.30,0.0032,464,178
T-BulletDispenser-1x,9364,33.704,3.01,2.99,0.0030,464,178
T-BulletDispenser-1x,9365,33.707,2.80,2.80,0.0028,464,178
T-BulletDispenser-1x,9366,33.710,3.29,3.31,0.0033,464,178
T-BulletDispenser-1x,9367,33.713,2.90,2.88,0.0029,464,178
T-BulletDispenser-1x,9368,33.716,3.23,3.21,0.0032,464,178
T-BulletDispenser-1x,9369,33.720,3.50,3.50,0.0035,464,178
T-BulletDispenser-1x,9370,33.723,2.99,3.00,0.0030,464,178
T-BulletDispenser-1x,9371,33.726,3.08,3.11,0.0031,464,178
T-BulletDispenser-1x,9372,33.729,3.02,3.00,0.0030,516,178
T-BulletDispenser-1x,9373,33.731,2.76,2.79,0.0028,464,178
T-BulletDispenser-1x,9374,33.734,2.91,2.90,0.0029,464,178
T-BulletDispenser-1x,9375,33.738,3.21,3.20,0.0032,464,178
T-BulletDispenser-1x,9376,33.741,3.57,3.52,0.0036,464,178
T-BulletDispenser-1x,9377,33.745,3.44,3.47,0.0034,464,178
T-BulletDispenser-1x,9378,33.748,2.98,2.99,0.0030,464,178
T-BulletDispenser-1x,9379,33.751,3.12,3.11,0.0031,464,178
T-BulletDispenser-1x,9380,33.754,2.93,2.92,0.0029,464,178
T-BulletDispenser-1x,9381,33.756,2.86,2.88,0.0029,464,178
T-BulletDispenser-1x,9382,33.760,3.14,3.09,0.0031,464,178
T-BulletDispenser-1x,9383,33.763,2.96,3.00,0.0030,464,178
T-BulletDispenser-1x,9384,33.765,2.79,2.80,0.0028,464,178
T-BulletDispenser-1x,9385,33.769,3.33,3.30,0.0033,464,178
T-BulletDispenser-1x,9386,33.772,3.08,3.09,0.0031,464,178
T-BulletDispenser-1x,9387,33.775,3.14,3.11,0.0031,464,178
T-BulletDispenser-1x,9388,33.778,2.78,2.79,0.0028,464,178
T-BulletDispenser-1x,9389,33.781,3.29,3.30,0.0033,464,178
T-BulletDispenser-1x,9390,33.784,3.28,3.30,0.0033,464,178
T-BulletDispenser-1x,9391,33.788,3.54,3.51,0.0035,464,178
T-BulletDispenser-1x,9392,33.791,3.26,3.27,0.0033,464,178
T-BulletDispenser-1x,9393,33.794,3.09,3.11,0.0031,464,178
T-BulletDispenser-1x,9394,33.797,2.90,2.88,0.0029,464,178
T-BulletDispenser-1x,9395,33.800,3.14,3.12,0.0031,464,178
T-BulletDispenser-1x,9396,33.804,3.31,3.30,0.0033,464,178
T-BulletDispenser-1x,9397,33.807,3.51,3.50,0.0035,464,178
T-BulletDispenser-1x,9398,33.810,3.04,3.09,0.0030,464,178
T-BulletDispenser-1x,9399,33.813,3.40,3.39,0.0034,464,178
T-BulletDispenser-1x,9400,33.817,3.33,3.31,0.0033,464,178
T-BulletDispenser-1x,9401,33.820,3.34,3.31,0.0033,464,178
T-BulletDispenser-1x,9402,33.823,3.20,3.19,0.0032,464,178
T-BulletDispenser-1x,9403,33.827,3.47,3.48,0.0035,464,178
T-BulletDispenser-1x,9404,33.830,3.10,3.11,0.0031,464,178
T-BulletDispenser-1x,9405,33.834,3.58,3.58,0.0036,464,178
T-BulletDispenser-1x,9406,33.837,3.10,3.10,0.0031,464,178
T-BulletDispenser-1x,9407,33.839,2.75,2.78,0.0027,464,178
T-BulletDispenser-1x,9408,33.843,3.16,3.12,0.0032,464,178
T-BulletDispenser-1x,9409,33.846,3.31,3.31,0.0033,464,178
T-BulletDispenser-1x,9410,33.849,3.12,3.09,0.0031,464,178
T-BulletDispenser-1x,9411,33.852,3.06,3.09,0.0031,464,178
T-BulletDispenser-1x,9412,33.855,2.87,2.89,0.0029,464,178
T-BulletDispenser-1x,9413,33.858,2.95,2.92,0.0030,464,178
T-BulletDispenser-1x,9414,33.861,3.61,3.59,0.0036,464,178
T-BulletDispenser-1x,9415,33.864,2.96,3.00,0.0030,464,178
T-BulletDispenser-1x,9416,33.868,3.46,3.41,0.0035,464,178
T-BulletDispenser-1x,9417,33.871,3.58,3.59,0.0036,464,178
T-BulletDispenser-1x,9418,33.875,3.15,3.12,0.0031,464,178
T-BulletDispenser-1x,9419,33.878,3.56,3.57,0.0036,464,178
T-BulletDispenser-1x,9420,33.881,3.13,3.13,0.0031,464,178
T-BulletDispenser-1x,9421,33.885,3.23,3.26,0.0032,464,178
T-BulletDispenser-1x,9422,33.888,3.17,3.19,0.0032,464,178
T-BulletDispenser-1x,9423,33.890,2.62,2.61,0.0026,464,178
T-BulletDispenser-1x,9424,33.894,3.50,3.42,0.0035,464,178
T-BulletDispenser-1x,9425,33.897,3.01,3.08,0.0030,464,178
T-BulletDispenser-1x,9426,33.900,3.34,3.31,0.0033,464,178
T-BulletDispenser-1x,9427,33.903,3.02,2.99,0.0030,464,178
T-BulletDispenser-1x,9428,33.906,3.07,3.10,0.0031,464,178
T-BulletDispenser-1x,9429,33.909,3.16,3.18,0.0032,464,178
T-BulletDispenser-1x,9430,33.913,3.13,3.11,0.0031,464,178
T-BulletDispenser-1x,9431,33.916,3.02,3.01,0.0030,464,178
T-BulletDispenser-1x,9432,33.919,3.15,3.18,0.0032,464,178
T-BulletDispenser-1x,9433,33.922,3.04,3.02,0.0030,464,178
T-BulletDispenser-1x,9434,33.924,2.74,2.70,0.0027,464,178
T-BulletDispenser-1x,9435,33.928,3.44,3.47,0.0034,464,178
T-BulletDispenser-1x,9436,33.931,3.01,3.01,0.0030,516,178
T-BulletDispenser-1x,9437,33.934,3.20,3.20,0.0032,464,178
T-BulletDispenser-1x,9438,33.937,3.00,3.00,0.0030,464,178
T-BulletDispenser-1x,9439,33.940,3.23,3.20,0.0032,464,178
T-BulletDispenser-1x,9440,33.943,3.05,3.08,0.0031,464,178
T-BulletDispenser-1x,9441,33.947,3.21,3.21,0.0032,464,178
T-BulletDispenser-1x,9442,33.950,2.89,2.88,0.0029,464,178
T-BulletDispenser-1x,9443,33.953,3.10,3.11,0.0031,464,178
T-BulletDispenser-1x,9444,33.956,3.12,3.10,0.0031,464,178
T-BulletDispenser-1x,9445,33.959,3.35,3.38,0.0034,464,178
T-BulletDispenser-1x,9446,33.962,3.16,3.12,0.0032,464,178
T-BulletDispenser-1x,9447,33.966,3.41,3.39,0.0034,464,178
T-BulletDispenser-1x,9448,33.969,2.87,2.89,0.0029,464,178
T-BulletDispenser-1x,9449,33.972,3.20,3.19,0.0032,464,178
T-BulletDispenser-1x,9450,33.975,3.01,3.01,0.0030,464,178
T-BulletDispenser-1x,9451,33.977,2.55,2.59,0.0026,464,178
T-BulletDispenser-1x,9452,33.980,2.97,2.91,0.0030,464,178
T-BulletDispenser-1x,9453,33.983,2.97,2.99,0.0030,464,178
T-BulletDispenser-1x,9454,33.986,3.19,3.19,0.0032,464,178
T-BulletDispenser-1x,9455,33.989,3.01,3.02,0.0030,464,178
T-BulletDispenser-1x,9456,33.992,2.98,2.99,0.0030,464,178
T-BulletDispenser-1x,9457,33.995,2.84,2.80,0.0028,464,178
T-BulletDispenser-1x,9458,33.998,3.16,3.18,0.0032,464,178
T-BulletDispenser-1x,9459,34.001,3.02,3.00,0.0030,464,178
T-BulletDispenser-1x,9460,34.005,3.19,3.21,0.0032,464,178
T-BulletDispenser-1x,9461,34.008,3.03,2.99,0.0030,464,178
T-BulletDispenser-1x,9462,34.011,3.09,3.10,0.0031,464,178
T-BulletDispenser-1x,9463,34.014,3.09,3.10,0.0031,464,178
T-BulletDispenser-1x,9464,34.017,3.63,3.39,0.0036,464,178
T-BulletDispenser-1x,9465,34.021,3.09,3.30,0.0031,464,178
T-BulletDispenser-1x,9466,34.024,3.51,3.50,0.0035,464,178
T-BulletDispenser-1x,9467,34.027,3.09,3.09,0.0031,464,178
T-BulletDispenser-1x,9468,34.030,2.86,2.88,0.0029,464,178
T-BulletDispenser-1x,9469,34.033,2.61,2.62,0.0026,464,178
T-BulletDispenser-1x,9470,34.035,2.68,2.67,0.0027,464,178
T-BulletDispenser-1x,9471,34.038,3.12,3.12,0.0031,464,178
T-BulletDispenser-1x,9472,34.042,3.12,3.11,0.0031,464,178
T-BulletDispenser-1x,9473,34.045,3.10,3.08,0.0031,464,178
T-BulletDispenser-1x,9474,34.048,2.92,2.92,0.0029,464,178
T-BulletDispenser-1x,9475,34.050,2.85,2.87,0.0029,464,178
T-BulletDispenser-1x,9476,34.053,3.01,2.99,0.0030,464,178
T-BulletDispenser-1x,9477,34.057,3.23,3.22,0.0032,464,178
T-BulletDispenser-1x,9478,34.060,3.20,3.21,0.0032,464,178
T-BulletDispenser-1x,9479,34.063,3.20,3.18,0.0032,464,178
T-BulletDispenser-1x,9480,34.066,3.27,3.31,0.0033,464,178
T-BulletDispenser-1x,9481,34.069,2.80,2.79,0.0028,464,178
T-BulletDispenser-1x,9482,34.072,2.80,2.82,0.0028,464,178
T-BulletDispenser-1x,9483,34.075,3.10,3.00,0.0031,464,178
T-BulletDispenser-1x,9484,34.078,3.21,3.27,0.0032,464,178
T-BulletDispenser-1x,9485,34.081,3.12,3.10,0.0031,464,178
T-BulletDispenser-1x,9486,34.084,2.95,3.00,0.0030,464,178
T-BulletDispenser-1x,9487,34.087,2.73,2.69,0.0027,464,178
T-BulletDispenser-1x,9488,34.090,2.77,2.79,0.0028,464,178
T-BulletDispenser-1x,9489,34.093,3.14,3.11,0.0031,464,178
T-BulletDispenser-1x,9490,34.096,3.01,2.99,0.0030,464,178
T-BulletDispenser-1x,9491,34.099,3.40,3.42,0.0034,464,178
T-BulletDispenser-1x,9492,34.103,3.24,3.19,0.0032,464,178
T-BulletDispenser-1x,9493,34.106,3.13,3.18,0.0031,464,178
T-BulletDispenser-1x,9494,34.108,2.77,2.79,0.0028,464,178
T-BulletDispenser-1x,9495,34.112,3.19,3.13,0.0032,464,178
T-BulletDispenser-1x,9496,34.115,3.24,3.27,0.0032,464,178
T-BulletDispenser-1x,9497,34.118,3.02,3.02,0.0030,464,178
T-BulletDispenser-1x,9498,34.121,3.21,3.20,0.0032,464,178
T-BulletDispenser-1x,9499,34.124,2.87,2.89,0.0029,464,178
T-BulletDispenser-1x,9500,34.127,3.00,3.00,0.0030,464,178
T-BulletDispenser-1x,9501,34.130,2.75,2.78,0.0028,464,178
T-BulletDispenser-1x,9502,34.132,2.54,2.52,0.0025,516,178
T-BulletDispenser-1x,9503,34.136,3.24,3.19,0.0032,464,178
T-BulletDispenser-1x,9504,34.139,3.30,3.31,0.0033,464,178
T-BulletDispenser-1x,9505,34.143,3.66,3.68,0.0037,464,178
T-BulletDispenser-1x,9506,34.146,3.77,3.71,0.0038,464,178
T-BulletDispenser-1x,9507,34.150,3.60,3.60,0.0036,464,178
T-BulletDispenser-1x,9508,34.153,3.46,3.50,0.0035,464,178
T-BulletDispenser-1x,9509,34.157,3.30,3.30,0.0033,464,178
T-BulletDispenser-1x,9510,34.160,3.40,3.39,0.0034,464,178
T-BulletDispenser-1x,9511,34.163,3.23,3.28,0.0032,464,178
T-BulletDispenser-1x,9512,34.166,2.53,2.51,0.0025,464,178
T-BulletDispenser-1x,9513,34.169,3.42,3.40,0.0034,464,178
T-BulletDispenser-1x,9514,34.172,3.16,3.14,0.0032,464,178
T-BulletDispenser-1x,9515,34.176,3.22,3.27,0.0032,464,178
T-BulletDispenser-1x,9516,34.179,3.21,3.19,0.0032,464,178
T-BulletDispenser-1x,9517,34.181,2.66,2.69,0.0027,464,178
T-BulletDispenser-1x,9518,34.185,3.17,3.12,0.0032,464,178
T-BulletDispenser-1x,9519,34.188,3.33,3.36,0.0033,464,178
T-BulletDispenser-1x,9520,34.191,3.37,3.33,0.0034,464,178
T-BulletDispenser-1x,9521,34.194,3.00,3.00,0.0030,464,178
T-BulletDispenser-1x,9522,34.198,3.18,3.19,0.0032,464,178
T-BulletDispenser-1x,9523,34.201,3.28,3.29,0.0033,464,178
T-BulletDispenser-1x,9524,34.204,2.92,2.92,0.0029,464,178
T-BulletDispenser-1x,9525,34.206,2.43,2.48,0.0024,464,178
T-BulletDispenser-1x,9526,34.209,2.65,2.61,0.0027,464,178
T-BulletDispenser-1x,9527,34.212,3.15,3.13,0.0032,464,178
T-BulletDispenser-1x,9528,34.215,3.46,3.40,0.0035,464,178
T-BulletDispenser-1x,9529,34.219,3.19,3.27,0.0032,464,178
T-BulletDispenser-1x,9530,34.222,3.32,3.31,0.0033,464,178
T-BulletDispenser-1x,9531,34.225,2.88,2.87,0.0029,464,178
T-BulletDispenser-1x,9532,34.228,3.04,3.01,0.0030,464,178
T-BulletDispenser-1x,9533,34.231,2.98,3.00,0.0030,464,178
T-BulletDispenser-1x,9534,34.234,3.05,3.08,0.0030,464,178
T-BulletDispenser-1x,9535,34.237,2.81,2.79,0.0028,464,178
T-BulletDispenser-1x,9536,34.240,2.90,2.91,0.0029,464,178
T-BulletDispenser-1x,9537,34.242,2.79,2.79,0.0028,464,178
T-BulletDispenser-1x,9538,34.245,2.53,2.51,0.0025,464,178
T-BulletDispenser-1x,9539,34.248,3.02,3.00,0.0030,464,178
T-BulletDispenser-1x,9540,34.251,3.18,3.18,0.0032,464,178
T-BulletDispenser-1x,9541,34.254,3.30,3.32,0.0033,464,178
T-BulletDispenser-1x,9542,34.258,3.22,3.20,0.0032,464,178
T-BulletDispenser-1x,9543,34.260,2.77,2.78,0.0028,464,178
T-BulletDispenser-1x,9544,34.263,2.93,2.91,0.0029,464,178
T-BulletDispenser-1x,9545,34.267,3.21,3.19,0.0032,464,178
T-BulletDispenser-1x,9546,34.270,3.09,3.11,0.0031,464,178
T-BulletDispenser-1x,9547,34.273,3.51,3.48,0.0035,464,178
T-BulletDispenser-1x,9548,34.276,2.93,3.00,0.0029,464,178
T-BulletDispenser-1x,9549,34.279,2.74,2.69,0.0027,464,178
T-BulletDispenser-1x,9550,34.282,3.20,3.19,0.0032,464,178
T-BulletDispenser-1x,9551,34.285,2.98,3.01,0.0030,464,178
T-BulletDispenser-1x,9552,34.288,3.22,3.21,0.0032,464,178
T-BulletDispenser-1x,9553,34.291,3.20,3.19,0.0032,464,178
T-BulletDispenser-1x,9554,34.295,3.09,3.09,0.0031,464,178
T-BulletDispenser-1x,9555,34.297,2.76,2.79,0.0028,464,178
T-BulletDispenser-1x,9556,34.300,2.81,2.81,0.0028,464,178
T-BulletDispenser-1x,9557,34.303,3.04,3.01,0.0030,464,178
T-BulletDispenser-1x,9558,34.306,3.05,3.08,0.0030,464,178
T-BulletDispenser-1x,9559,34.309,2.98,3.00,0.0030,464,178
T-BulletDispenser-1x,9560,34.312,3.03,3.00,0.0030,464,178
T-BulletDispenser-1x,9561,34.315,2.89,2.90,0.0029,464,178
T-BulletDispenser-1x,9562,34.318,2.79,2.79,0.0028,464,178
T-BulletDispenser-1x,9563,34.321,2.94,2.90,0.0029,464,178
T-BulletDispenser-1x,9564,34.324,3.23,3.22,0.0032,464,178
T-BulletDispenser-1x,9565,34.327,2.94,2.97,0.0029,464,178
T-BulletDispenser-1x,9566,34.330,3.13,3.10,0.0031,464,178
T-BulletDispenser-1x,9567,34.333,2.87,2.89,0.0029,516,178
T-BulletDispenser-1x,9568,34.336,2.95,2.90,0.0030,464,178
T-BulletDispenser-1x,9569,34.339,3.28,3.32,0.0033,464,178
T-BulletDispenser-1x,9570,34.342,3.19,3.19,0.0032,464,178
T-BulletDispenser-1x,9571,34.346,3.50,3.40,0.0035,464,178
T-BulletDispenser-1x,9572,34.349,2.91,3.00,0.0029,464,178
T-BulletDispenser-1x,9573,34.352,3.06,3.04,0.0031,464,178
T-BulletDispenser-1x,9574,34.355,3.16,3.15,0.0032,464,178
T-BulletDispenser-1x,9575,34.358,3.17,3.20,0.0032,464,178
T-BulletDispenser-1x,9576,34.361,2.80,2.79,0.0028,464,178
T-BulletDispenser-1x,9577,34.364,2.75,2.70,0.0027,464,178
T-BulletDispenser-1x,9578,34.367,3.04,3.09,0.0030,464,178
T-BulletDispenser-1x,9579,34.370,2.75,2.71,0.0027,464,178
T-BulletDispenser-1x,9580,34.373,3.20,3.21,0.0032,464,178
T-BulletDispenser-1x,9581,34.376,3.30,3.30,0.0033,464,178
T-BulletDispenser-1x,9582,34.379,3.43,3.39,0.0034,464,178
T-BulletDispenser-1x,9583,34.382,2.96,2.99,0.0030,464,178
T-BulletDispenser-1x,9584,34.386,3.29,3.30,0.0033,464,178
T-BulletDispenser-1x,9585,34.389,3.07,3.10,0.0031,464,178
T-BulletDispenser-1x,9586,34.391,2.71,2.69,0.0027,464,178
T-BulletDispenser-1x,9587,34.395,3.35,3.31,0.0033,464,178
T-BulletDispenser-1x,9588,34.398,3.00,3.01,0.0030,464,178
T-BulletDispenser-1x,9589,34.401,3.05,3.09,0.0030,464,178
T-BulletDispenser-1x,9590,34.404,3.02,2.98,0.0030,464,178
T-BulletDispenser-1x,9591,34.407,3.23,3.22,0.0032,464,178
T-BulletDispenser-1x,9592,34.410,2.64,2.69,0.0026,464,178
T-BulletDispenser-1x,9593,34.412,2.50,2.48,0.0025,464,178
T-BulletDispenser-1x,9594,34.415,3.02,3.01,0.0030,464,178
T-BulletDispenser-1x,9595,34.418,2.92,2.91,0.0029,464,178
T-BulletDispenser-1x,9596,34.421,3.19,3.20,0.0032,464,178
T-BulletDispenser-1x,9597,34.424,2.80,2.79,0.0028,464,178
T-BulletDispenser-1x,9598,34.427,2.91,2.91,0.0029,464,178
T-BulletDispenser-1x,9599,34.430,3.12,3.09,0.0031,464,178
T-BulletDispenser-1x,9600,34.433,3.09,3.10,0.0031,464,178
T-BulletDispenser-1x,9601,34.437,3.21,3.20,0.0032,464,178
T-BulletDispenser-1x,9602,34.439,2.75,2.79,0.0028,464,178
T-BulletDispenser-1x,9603,34.442,3.13,3.10,0.0031,464,178
T-BulletDispenser-1x,9604,34.445,2.92,2.91,0.0029,464,178
T-BulletDispenser-1x,9605,34.448,2.67,2.67,0.0027,464,178
T-BulletDispenser-1x,9606,34.451,3.11,3.11,0.0031,464,178
T-BulletDispenser-1x,9607,34.454,3.21,3.21,0.0032,464,178
T-BulletDispenser-1x,9608,34.457,3.10,3.10,0.0031,464,178
T-BulletDispenser-1x,9609,34.460,2.53,2.58,0.0025,464,178
T-BulletDispenser-1x,9610,34.462,2.54,2.51,0.0025,464,178
T-BulletDispenser-1x,9611,34.466,3.34,3.31,0.0033,464,178
T-BulletDispenser-1x,9612,34.469,3.10,3.09,0.0031,464,178
T-BulletDispenser-1x,9613,34.472,3.09,3.10,0.0031,464,178
T-BulletDispenser-1x,9614,34.475,3.09,3.09,0.0031,464,178
T-BulletDispenser-1x,9615,34.478,2.90,2.90,0.0029,464,178
T-BulletDispenser-1x,9616,34.481,2.89,2.90,0.0029,464,178
T-BulletDispenser-1x,9617,34.484,2.67,2.69,0.0027,464,178
T-BulletDispenser-1x,9618,34.486,2.78,2.76,0.0028,464,178
T-BulletDispenser-1x,9619,34.489,2.95,2.95,0.0029,464,178
T-BulletDispenser-1x,9620,34.493,3.32,3.31,0.0033,464,178
T-BulletDispenser-1x,9621,34.496,3.53,3.51,0.0035,464,178
T-BulletDispenser-1x,9622,34.499,2.78,2.78,0.0028,464,178
T-BulletDispenser-1x,9623,34.502,2.67,2.70,0.0027,464,178
T-BulletDispenser-1x,9624,34.505,3.13,3.08,0.0031,464,178
T-BulletDispenser-1x,9625,34.508,3.10,3.11,0.0031,464,178
T-BulletDispenser-1x,9626,34.510,2.67,2.68,0.0027,464,178
T-BulletDispenser-1x,9627,34.514,3.21,3.20,0.0032,464,178
T-BulletDispenser-1x,9628,34.517,3.10,3.11,0.0031,464,178
T-BulletDispenser-1x,9629,34.519,2.36,2.39,0.0024,464,178
T-BulletDispenser-1x,9630,34.522,2.85,2.81,0.0028,464,178
T-BulletDispenser-1x,9631,34.525,3.32,3.31,0.0033,464,178
T-BulletDispenser-1x,9632,34.528,3.00,2.99,0.0030,464,178
T-BulletDispenser-1x,9633,34.531,2.91,2.91,0.0029,464,178
T-BulletDispenser-1x,9634,34.534,2.94,2.99,0.0029,516,178
T-BulletDispenser-1x,9635,34.537,2.52,2.51,0.0025,464,178
T-BulletDispenser-1x,9636,34.539,2.61,2.60,0.0026,464,178
T-BulletDispenser-1x,9637,34.542,2.90,2.90,0.0029,464,178
T-BulletDispenser-1x,9638,34.545,3.09,3.09,0.0031,464,178
T-BulletDispenser-1x,9639,34.548,2.81,2.80,0.0028,464,178
T-BulletDispenser-1x,9640,34.551,3.10,3.10,0.0031,464,178
T-BulletDispenser-1x,9641,34.554,3.21,3.20,0.0032,464,178
T-BulletDispenser-1x,9642,34.558,3.19,3.19,0.0032,464,178
T-BulletDispenser-1x,9643,34.561,3.20,3.20,0.0032,464,178
T-BulletDispenser-1x,9644,34.564,2.90,2.91,0.0029,464,178
T-BulletDispenser-1x,9645,34.567,3.20,3.20,0.0032,464,178
T-BulletDispenser-1x,9646,34.570,2.87,2.88,0.0029,464,178
T-BulletDispenser-1x,9647,34.573,2.93,2.93,0.0029,464,178
T-BulletDispenser-1x,9648,34.576,2.86,2.88,0.0029,464,178
T-BulletDispenser-1x,9649,34.579,3.12,3.10,0.0031,464,178
T-BulletDispenser-1x,9650,34.582,3.30,3.29,0.0033,464,178
T-BulletDispenser-1x,9651,34.585,3.01,3.02,0.0030,464,178
T-BulletDispenser-1x,9652,34.588,2.77,2.78,0.0028,464,178
T-BulletDispenser-1x,9653,34.590,2.64,2.60,0.0026,464,178
T-BulletDispenser-1x,9654,34.593,2.90,2.92,0.0029,464,178
T-BulletDispenser-1x,9655,34.597,3.19,3.18,0.0032,464,178
T-BulletDispenser-1x,9656,34.600,3.10,3.10,0.0031,464,178
T-BulletDispenser-1x,9657,34.603,2.92,2.90,0.0029,464,178
T-BulletDispenser-1x,9658,34.606,3.09,3.11,0.0031,464,178
T-BulletDispenser-1x,9659,34.608,2.75,2.78,0.0028,464,178
T-BulletDispenser-1x,9660,34.612,3.25,3.21,0.0033,464,178
T-BulletDispenser-1x,9661,34.615,2.99,3.00,0.0030,464,178
T-BulletDispenser-1x,9662,34.618,3.28,3.30,0.0033,464,178
T-BulletDispenser-1x,9663,34.621,3.33,3.31,0.0033,464,178
T-BulletDispenser-1x,9664,34.624,2.99,3.01,0.0030,464,178
T-BulletDispenser-1x,9665,34.628,3.40,3.40,0.0034,464,178
T-BulletDispenser-1x,9666,34.630,2.87,2.88,0.0029,464,178
T-BulletDispenser-1x,9667,34.633,3.00,3.00,0.0030,464,178
T-BulletDispenser-1x,9668,34.637,3.11,3.09,0.0031,464,178
T-BulletDispenser-1x,9669,34.639,2.78,2.81,0.0028,464,178
T-BulletDispenser-1x,9670,34.642,3.12,3.09,0.0031,464,178
T-BulletDispenser-1x,9671,34.645,2.79,2.80,0.0028,464,178
T-BulletDispenser-1x,9672,34.648,2.62,2.61,0.0026,464,178
T-BulletDispenser-1x,9673,34.651,3.23,3.20,0.0032,464,178
T-BulletDispenser-1x,9674,34.654,3.17,3.19,0.0032,464,178
T-BulletDispenser-1x,9675,34.657,2.90,2.89,0.0029,464,178
T-BulletDispenser-1x,9676,34.660,3.10,3.11,0.0031,464,178
T-BulletDispenser-1x,9677,34.663,3.07,3.10,0.0031,464,178
T-BulletDispenser-1x,9678,34.666,2.68,2.61,0.0027,464,178
T-BulletDispenser-1x,9679,34.669,2.97,3.01,0.0030,464,178
T-BulletDispenser-1x,9680,34.672,3.08,3.08,0.0031,464,178
T-BulletDispenser-1x,9681,34.675,3.07,3.08,0.0031,464,178
T-BulletDispenser-1x,9682,34.678,2.80,2.79,0.0028,464,178
T-BulletDispenser-1x,9683,34.681,2.91,2.92,0.0029,464,178
T-BulletDispenser-1x,9684,34.684,2.66,2.68,0.0027,464,178
T-BulletDispenser-1x,9685,34.686,2.31,2.31,0.0023,464,178
T-BulletDispenser-1x,9686,34.689,2.69,2.68,0.0027,464,178
T-BulletDispenser-1x,9687,34.692,3.28,3.22,0.0033,464,178
T-BulletDispenser-1x,9688,34.695,3.19,3.21,0.0032,464,178
T-BulletDispenser-1x,9689,34.698,2.65,2.69,0.0027,464,178
T-BulletDispenser-1x,9690,34.701,3.26,3.21,0.0033,464,178
T-BulletDispenser-1x,9691,34.704,2.77,2.77,0.0028,464,178
T-BulletDispenser-1x,9692,34.706,2.36,2.39,0.0024,464,178
T-BulletDispenser-1x,9693,34.709,2.74,2.71,0.0027,464,178
T-BulletDispenser-1x,9694,34.712,3.21,3.21,0.0032,464,178
T-BulletDispenser-1x,9695,34.715,3.38,3.36,0.0034,464,178
T-BulletDispenser-1x,9696,34.718,3.01,3.03,0.0030,464,178
T-BulletDispenser-1x,9697,34.721,2.96,2.98,0.0030,464,178
T-BulletDispenser-1x,9698,34.724,2.84,2.80,0.0028,464,178
T-BulletDispenser-1x,9699,34.728,3.30,3.30,0.0033,464,178
T-BulletDispenser-1x,9700,34.730,2.77,2.79,0.0028,464,178
T-BulletDispenser-1x,9701,34.733,3.20,3.13,0.0032,464,178
T-BulletDispenser-1x,9702,34.737,3.24,3.27,0.0032,516,178
T-BulletDispenser-1x,9703,34.740,2.98,3.00,0.0030,464,178
T-BulletDispenser-1x,9704,34.743,3.29,3.30,0.0033,464,178
T-BulletDispenser-1x,9705,34.746,3.41,3.39,0.0034,464,178
T-BulletDispenser-1x,9706,34.750,3.12,3.11,0.0031,464,178
T-BulletDispenser-1x,9707,34.753,3.36,3.39,0.0034,464,178
T-BulletDispenser-1x,9708,34.756,3.00,2.99,0.0030,464,178
T-BulletDispenser-1x,9709,34.759,2.81,2.80,0.0028,464,178
T-BulletDispenser-1x,9710,34.762,2.89,2.90,0.0029,464,178
T-BulletDispenser-1x,9711,34.765,3.05,3.03,0.0030,464,178
T-BulletDispenser-1x,9712,34.768,3.03,3.06,0.0030,464,178
T-BulletDispenser-1x,9713,34.771,3.03,3.01,0.0030,464,178
T-BulletDispenser-1x,9714,34.773,2.79,2.80,0.0028,464,178
T-BulletDispenser-1x,9715,34.776,2.79,2.79,0.0028,464,178
T-BulletDispenser-1x,9716,34.779,3.13,3.09,0.0031,464,178
T-BulletDispenser-1x,9717,34.783,3.12,3.11,0.0031,464,178
T-BulletDispenser-1x,9718,34.785,2.65,2.69,0.0027,464,178
T-BulletDispenser-1x,9719,34.788,2.99,2.97,0.0030,464,178
T-BulletDispenser-1x,9720,34.791,3.26,3.24,0.0033,464,178
T-BulletDispenser-1x,9721,34.794,2.64,2.68,0.0026,464,178
T-BulletDispenser-1x,9722,34.797,2.96,2.91,0.0030,464,178
T-BulletDispenser-1x,9723,34.800,3.41,3.40,0.0034,464,178
T-BulletDispenser-1x,9724,34.804,3.17,3.18,0.0032,464,178
T-BulletDispenser-1x,9725,34.807,3.23,3.20,0.0032,464,178
T-BulletDispenser-1x,9726,34.810,2.85,2.90,0.0028,464,178
T-BulletDispenser-1x,9727,34.812,2.72,2.69,0.0027,464,178
T-BulletDispenser-1x,9728,34.815,2.75,2.78,0.0028,464,178
T-BulletDispenser-1x,9729,34.818,3.05,3.03,0.0030,464,178
T-BulletDispenser-1x,9730,34.821,3.00,3.00,0.0030,464,178
T-BulletDispenser-1x,9731,34.824,2.99,3.00,0.0030,464,178
T-BulletDispenser-1x,9732,34.827,2.88,2.88,0.0029,464,178
T-BulletDispenser-1x,9733,34.830,2.90,2.91,0.0029,464,178
T-BulletDispenser-1x,9734,34.833,3.14,3.12,0.0031,464,178
T-BulletDispenser-1x,9735,34.836,2.66,2.68,0.0027,464,178
T-BulletDispenser-1x,9736,34.838,2.69,2.69,0.0027,464,178
T-BulletDispenser-1x,9737,34.841,2.93,2.91,0.0029,464,178
T-BulletDispenser-1x,9738,34.845,3.34,3.30,0.0033,464,178
T-BulletDispenser-1x,9739,34.848,3.10,3.11,0.0031,464,178
T-BulletDispenser-1x,9740,34.851,3.44,3.41,0.0034,464,178
T-BulletDispenser-1x,9741,34.854,2.95,2.98,0.0029,464,178
T-BulletDispenser-1x,9742,34.858,3.52,3.50,0.0035,464,178
T-BulletDispenser-1x,9743,34.861,3.19,3.19,0.0032,464,178
T-BulletDispenser-1x,9744,34.864,3.29,3.22,0.0033,464,178
T-BulletDispenser-1x,9745,34.868,3.37,3.47,0.0034,464,178
T-BulletDispenser-1x,9746,34.871,3.38,3.40,0.0034,464,178
T-BulletDispenser-1x,9747,34.873,2.50,2.52,0.0025,464,178
T-BulletDispenser-1x,9748,34.877,3.16,3.11,0.0032,464,178
T-BulletDispenser-1x,9749,34.880,3.28,3.29,0.0033,464,178
T-BulletDispenser-1x,9750,34.883,3.07,3.08,0.0031,464,178
T-BulletDispenser-1x,9751,34.886,3.42,3.40,0.0034,464,178
T-BulletDispenser-1x,9752,34.890,3.11,3.11,0.0031,464,178
T-BulletDispenser-1x,9753,34.892,2.95,3.00,0.0030,464,178
T-BulletDispenser-1x,9754,34.895,2.61,2.60,0.0026,464,178
T-BulletDispenser-1x,9755,34.898,2.71,2.70,0.0027,464,178
T-BulletDispenser-1x,9756,34.901,2.90,2.90,0.0029,464,178
T-BulletDispenser-1x,9757,34.904,2.99,2.99,0.0030,464,178
T-BulletDispenser-1x,9758,34.907,3.35,3.32,0.0034,464,178
T-BulletDispenser-1x,9759,34.910,2.75,2.80,0.0028,464,178
T-BulletDispenser-1x,9760,34.913,3.02,2.99,0.0030,464,178
T-BulletDispenser-1x,9761,34.916,2.80,2.80,0.0028,464,178
T-BulletDispenser-1x,9762,34.918,2.76,2.80,0.0028,464,178
T-BulletDispenser-1x,9763,34.922,3.26,3.21,0.0033,464,178
T-BulletDispenser-1x,9764,34.925,3.08,3.09,0.0031,464,178
T-BulletDispenser-1x,9765,34.928,3.26,3.24,0.0033,464,178
T-BulletDispenser-1x,9766,34.931,3.04,3.06,0.0030,464,178
T-BulletDispenser-1x,9767,34.934,2.91,2.90,0.0029,464,178
T-BulletDispenser-1x,9768,34.937,2.66,2.69,0.0027,516,178
T-BulletDispenser-1x,9769,34.939,2.60,2.62,0.0026,464,178
T-BulletDispenser-1x,9770,34.942,2.64,2.60,0.0026,464,178
T-BulletDispenser-1x,9771,34.945,3.08,3.08,0.0031,464,178
T-BulletDispenser-1x,9772,34.948,2.99,3.01,0.0030,464,178
T-BulletDispenser-1x,9773,34.951,3.33,3.30,0.0033,464,178
T-BulletDispenser-1x,9774,34.955,3.31,3.30,0.0033,464,178
T-BulletDispenser-1x,9775,34.957,2.54,2.58,0.0025,464,178
T-BulletDispenser-1x,9776,34.960,2.61,2.61,0.0026,464,178
T-BulletDispenser-1x,9777,34.963,3.18,3.12,0.0032,464,178
T-BulletDispenser-1x,9778,34.966,3.16,3.20,0.0032,464,178
T-BulletDispenser-1x,9779,34.969,2.68,2.69,0.0027,464,178
T-BulletDispenser-1x,9780,34.972,3.44,3.40,0.0034,464,178
T-BulletDispenser-1x,9781,34.975,2.97,3.00,0.0030,464,178
T-BulletDispenser-1x,9782,34.978,2.47,2.48,0.0025,464,178
T-BulletDispenser-1x,9783,34.980,2.84,2.80,0.0028,464,178
T-BulletDispenser-1x,9784,34.984,3.49,3.50,0.0035,464,178
T-BulletDispenser-1x,9785,34.987,3.21,3.21,0.0032,464,178
T-BulletDispenser-1x,9786,34.991,3.52,3.51,0.0035,464,178
T-BulletDispenser-1x,9787,34.993,2.86,2.89,0.0029,464,178
T-BulletDispenser-1x,9788,34.996,2.81,2.79,0.0028,464,178
T-BulletDispenser-1x,9789,34.999,2.61,2.60,0.0026,464,178
T-BulletDispenser-1x,9790,35.002,3.09,3.09,0.0031,464,178
T-BulletDispenser-1x,9791,35.005,3.13,3.11,0.0031,464,178
T-BulletDispenser-1x,9792,35.008,3.21,3.21,0.0032,464,178
T-BulletDispenser-1x,9793,35.011,3.07,2.99,0.0031,464,178
T-BulletDispenser-1x,9794,35.015,3.12,3.19,0.0031,464,178
T-BulletDispenser-1x,9795,35.017,2.87,2.90,0.0029,464,178
T-BulletDispenser-1x,9796,35.020,2.65,2.60,0.0027,464,178
T-BulletDispenser-1x,9797,35.023,3.19,3.20,0.0032,464,178
T-BulletDispenser-1x,9798,35.026,3.19,3.20,0.0032,464,178
T-BulletDispenser-1x,9799,35.030,3.16,3.17,0.0032,464,178
T-BulletDispenser-1x,9800,35.033,3.04,3.02,0.0030,464,178
T-BulletDispenser-1x,9801,35.035,2.84,2.88,0.0028,464,178
T-BulletDispenser-1x,9802,35.038,2.72,2.71,0.0027,464,178
T-BulletDispenser-1x,9803,35.041,2.71,2.71,0.0027,464,178
T-BulletDispenser-1x,9804,35.044,3.24,3.20,0.0032,464,178
T-BulletDispenser-1x,9805,35.047,2.98,2.99,0.0030,464,178
T-BulletDispenser-1x,9806,35.050,3.08,3.10,0.0031,464,178
T-BulletDispenser-1x,9807,35.053,2.59,2.59,0.0026,464,178
T-BulletDispenser-1x,9808,35.056,3.01,2.99,0.0030,464,178
T-BulletDispenser-1x,9809,35.059,3.33,3.32,0.0033,464,178
T-BulletDispenser-1x,9810,35.062,3.18,3.18,0.0032,464,178
T-BulletDispenser-1x,9811,35.065,3.14,3.10,0.0031,464,178
T-BulletDispenser-1x,9812,35.068,2.54,2.60,0.0025,464,178
T-BulletDispenser-1x,9813,35.071,3.13,3.10,0.0031,464,178
T-BulletDispenser-1x,9814,35.074,2.99,2.99,0.0030,464,178
T-BulletDispenser-1x,9815,35.077,2.87,2.89,0.0029,464,178
T-BulletDispenser-1x,9816,35.080,3.10,3.11,0.0031,464,178
T-BulletDispenser-1x,9817,35.083,2.72,2.70,0.0027,464,178
T-BulletDispenser-1x,9818,35.086,3.00,2.91,0.0030,464,178
T-BulletDispenser-1x,9819,35.089,2.86,2.97,0.0029,464,178
T-BulletDispenser-1x,9820,35.092,3.45,3.40,0.0035,464,178
T-BulletDispenser-1x,9821,35.095,3.10,3.10,0.0031,464,178
T-BulletDispenser-1x,9822,35.099,3.23,3.20,0.0032,464,178
T-BulletDispenser-1x,9823,35.102,3.28,3.30,0.0033,464,178
T-BulletDispenser-1x,9824,35.105,2.98,3.00,0.0030,464,178
T-BulletDispenser-1x,9825,35.108,2.95,2.89,0.0029,464,178
T-BulletDispenser-1x,9826,35.111,3.66,3.69,0.0037,464,178
T-BulletDispenser-1x,9827,35.114,2.98,3.00,0.0030,464,178
T-BulletDispenser-1x,9828,35.117,3.14,3.10,0.0031,464,178
T-BulletDispenser-1x,9829,35.121,3.17,3.20,0.0032,464,178
T-BulletDispenser-1x,9830,35.123,2.78,2.80,0.0028,464,178
T-BulletDispenser-1x,9831,35.126,2.69,2.70,0.0027,464,178
T-BulletDispenser-1x,9832,35.129,2.84,2.80,0.0028,464,178
T-BulletDispenser-1x,9833,35.132,3.10,3.09,0.0031,464,178
T-BulletDispenser-1x,9834,35.135,3.10,3.10,0.0031,464,178
T-BulletDispenser-1x,9835,35.138,3.07,3.11,0.0031,516,178
T-BulletDispenser-1x,9836,35.141,3.01,2.99,0.0030,464,178
T-BulletDispenser-1x,9837,35.144,2.77,2.79,0.0028,464,178
T-BulletDispenser-1x,9838,35.147,2.72,2.71,0.0027,464,178
T-BulletDispenser-1x,9839,35.149,2.74,2.71,0.0027,464,178
T-BulletDispenser-1x,9840,35.152,2.81,2.80,0.0028,464,178
T-BulletDispenser-1x,9841,35.155,3.20,3.20,0.0032,464,178
T-BulletDispenser-1x,9842,35.159,3.40,3.39,0.0034,464,178
T-BulletDispenser-1x,9843,35.162,3.22,3.21,0.0032,464,178
T-BulletDispenser-1x,9844,35.165,2.82,2.79,0.0028,464,178
T-BulletDispenser-1x,9845,35.168,3.28,3.29,0.0033,464,178
T-BulletDispenser-1x,9846,35.171,3.04,3.09,0.0030,464,178
T-BulletDispenser-1x,9847,35.174,2.85,2.82,0.0029,464,178
T-BulletDispenser-1x,9848,35.177,2.77,2.78,0.0028,464,178
T-BulletDispenser-1x,9849,35.179,2.70,2.71,0.0027,464,178
T-BulletDispenser-1x,9850,35.182,2.82,2.79,0.0028,464,178
T-BulletDispenser-1x,9851,35.185,2.87,2.89,0.0029,464,178
T-BulletDispenser-1x,9852,35.188,2.88,2.90,0.0029,464,178
T-BulletDispenser-1x,9853,35.191,2.85,2.80,0.0028,464,178
T-BulletDispenser-1x,9854,35.194,3.10,3.10,0.0031,464,178
T-BulletDispenser-1x,9855,35.197,2.89,2.92,0.0029,464,178
T-BulletDispenser-1x,9856,35.200,2.72,2.68,0.0027,464,178
T-BulletDispenser-1x,9857,35.202,2.76,2.79,0.0028,464,178
T-BulletDispenser-1x,9858,35.205,3.03,3.01,0.0030,464,178
T-BulletDispenser-1x,9859,35.208,2.91,2.90,0.0029,464,178
T-BulletDispenser-1x,9860,35.211,3.12,3.11,0.0031,464,178
T-BulletDispenser-1x,9861,35.215,3.09,3.09,0.0031,464,178
T-BulletDispenser-1x,9862,35.218,3.20,3.20,0.0032,464,178
T-BulletDispenser-1x,9863,35.221,2.90,2.90,0.0029,464,178
T-BulletDispenser-1x,9864,35.223,2.79,2.78,0.0028,464,178
T-BulletDispenser-1x,9865,35.226,3.00,3.00,0.0030,464,178
T-BulletDispenser-1x,9866,35.229,3.09,3.12,0.0031,464,178
T-BulletDispenser-1x,9867,35.232,2.69,2.68,0.0027,464,178
T-BulletDispenser-1x,9868,35.235,2.94,2.92,0.0029,464,178
T-BulletDispenser-1x,9869,35.238,3.05,3.08,0.0031,464,178
T-BulletDispenser-1x,9870,35.241,2.59,2.58,0.0026,464,178
T-BulletDispenser-1x,9871,35.244,2.81,2.81,0.0028,464,178
T-BulletDispenser-1x,9872,35.246,2.83,2.80,0.0028,464,178
T-BulletDispenser-1x,9873,35.250,3.11,3.10,0.0031,464,178
T-BulletDispenser-1x,9874,35.253,3.35,3.32,0.0034,464,178
T-BulletDispenser-1x,9875,35.256,2.81,2.87,0.0028,464,178
T-BulletDispenser-1x,9876,35.259,3.05,3.01,0.0030,464,178
T-BulletDispenser-1x,9877,35.261,2.76,2.79,0.0028,464,178
T-BulletDispenser-1x,9878,35.264,2.70,2.70,0.0027,464,178
T-BulletDispenser-1x,9879,35.267,2.50,2.50,0.0025,464,178
T-BulletDispenser-1x,9880,35.269,2.80,2.80,0.0028,464,178
T-BulletDispenser-1x,9881,35.273,3.05,3.01,0.0030,464,178
T-BulletDispenser-1x,9882,35.275,2.87,2.87,0.0029,464,178
T-BulletDispenser-1x,9883,35.279,3.13,3.12,0.0031,464,178
T-BulletDispenser-1x,9884,35.282,3.00,3.01,0.0030,464,178
T-BulletDispenser-1x,9885,35.285,3.08,3.08,0.0031,464,178
T-BulletDispenser-1x,9886,35.287,2.77,2.79,0.0028,464,178
T-BulletDispenser-1x,9887,35.290,2.99,2.91,0.0030,464,178
T-BulletDispenser-1x,9888,35.294,3.15,3.19,0.0031,464,178
T-BulletDispenser-1x,9889,35.297,3.09,3.09,0.0031,464,178
T-BulletDispenser-1x,9890,35.300,3.01,3.00,0.0030,464,178
T-BulletDispenser-1x,9891,35.302,2.55,2.59,0.0026,464,178
T-BulletDispenser-1x,9892,35.305,2.84,2.80,0.0028,464,178
T-BulletDispenser-1x,9893,35.308,3.18,3.20,0.0032,464,178
T-BulletDispenser-1x,9894,35.312,3.46,3.42,0.0035,464,178
T-BulletDispenser-1x,9895,35.314,2.84,2.88,0.0028,464,178
T-BulletDispenser-1x,9896,35.318,3.23,3.20,0.0032,464,178
T-BulletDispenser-1x,9897,35.321,3.08,3.10,0.0031,464,178
T-BulletDispenser-1x,9898,35.323,2.49,2.49,0.0025,464,178
T-BulletDispenser-1x,9899,35.326,2.90,2.91,0.0029,464,178
T-BulletDispenser-1x,9900,35.329,2.94,2.91,0.0029,464,178
T-BulletDispenser-1x,9901,35.333,3.40,3.40,0.0034,464,178
T-BulletDispenser-1x,9902,35.336,2.99,2.99,0.0030,464,178
T-BulletDispenser-1x,9903,35.338,2.96,2.99,0.0030,516,178
T-BulletDispenser-1x,9904,35.342,3.02,3.00,0.0030,464,178
T-BulletDispenser-1x,9905,35.345,3.22,3.22,0.0032,464,178
T-BulletDispenser-1x,9906,35.348,3.05,2.99,0.0030,464,178
T-BulletDispenser-1x,9907,35.351,3.33,3.38,0.0033,464,178
T-BulletDispenser-1x,9908,35.354,3.11,3.10,0.0031,464,178
T-BulletDispenser-1x,9909,35.357,2.79,2.80,0.0028,464,178
T-BulletDispenser-1x,9910,35.360,2.79,2.80,0.0028,464,178
T-BulletDispenser-1x,9911,35.363,3.13,3.08,0.0031,464,178
T-BulletDispenser-1x,9912,35.366,3.10,3.11,0.0031,464,178
T-BulletDispenser-1x,9913,35.369,2.89,2.89,0.0029,464,178
T-BulletDispenser-1x,9914,35.372,2.93,2.92,0.0029,464,178
T-BulletDispenser-1x,9915,35.375,3.12,3.09,0.0031,464,178
T-BulletDispenser-1x,9916,35.377,2.52,2.58,0.0025,464,178
T-BulletDispenser-1x,9917,35.380,2.94,2.90,0.0029,464,178
T-BulletDispenser-1x,9918,35.384,3.22,3.22,0.0032,464,178
T-BulletDispenser-1x,9919,35.387,3.17,3.18,0.0032,464,178
T-BulletDispenser-1x,9920,35.390,3.00,2.99,0.0030,464,178
T-BulletDispenser-1x,9921,35.393,3.22,3.21,0.0032,464,178
T-BulletDispenser-1x,9922,35.396,3.21,3.20,0.0032,464,178
T-BulletDispenser-1x,9923,35.399,2.45,2.49,0.0025,464,178
T-BulletDispenser-1x,9924,35.402,3.04,3.00,0.0030,464,178
T-BulletDispenser-1x,9925,35.405,2.89,2.89,0.0029,464,178
T-BulletDispenser-1x,9926,35.408,2.92,2.90,0.0029,464,178
T-BulletDispenser-1x,9927,35.410,2.85,2.88,0.0028,464,178
T-BulletDispenser-1x,9928,35.413,3.03,3.01,0.0030,464,178
T-BulletDispenser-1x,9929,35.417,3.22,3.21,0.0032,464,178
T-BulletDispenser-1x,9930,35.420,2.97,2.99,0.0030,464,178
T-BulletDispenser-1x,9931,35.422,2.82,2.81,0.0028,464,178
T-BulletDispenser-1x,9932,35.426,3.16,3.09,0.0032,464,178
T-BulletDispenser-1x,9933,35.429,3.25,3.31,0.0032,464,178
T-BulletDispenser-1x,9934,35.432,2.97,2.99,0.0030,464,178
T-BulletDispenser-1x,9935,35.434,2.71,2.67,0.0027,464,178
T-BulletDispenser-1x,9936,35.438,3.07,3.09,0.0031,464,178
T-BulletDispenser-1x,9937,35.440,2.60,2.62,0.0026,464,178
T-BulletDispenser-1x,9938,35.443,2.82,2.80,0.0028,464,178
T-BulletDispenser-1x,9939,35.446,3.32,3.30,0.0033,464,178
T-BulletDispenser-1x,9940,35.450,3.35,3.31,0.0033,464,178
T-BulletDispenser-1x,9941,35.453,3.26,3.29,0.0033,464,178
T-BulletDispenser-1x,9942,35.456,3.08,3.10,0.0031,464,178
T-BulletDispenser-1x,9943,35.459,3.41,3.39,0.0034,464,178
T-BulletDispenser-1x,9944,35.463,3.18,3.18,0.0032,464,178
T-BulletDispenser-1x,9945,35.466,3.13,3.11,0.0031,464,178
T-BulletDispenser-1x,9946,35.469,3.70,3.70,0.0037,464,178
T-BulletDispenser-1x,9947,35.472,2.98,2.99,0.0030,464,178
T-BulletDispenser-1x,9948,35.475,3.07,3.09,0.0031,464,178
T-BulletDispenser-1x,9949,35.478,2.53,2.50,0.0025,464,178
T-BulletDispenser-1x,9950,35.481,2.99,3.00,0.0030,464,178
T-BulletDispenser-1x,9951,35.484,3.19,3.19,0.0032,464,178
T-BulletDispenser-1x,9952,35.488,3.32,3.32,0.0033,464,178
T-BulletDispenser-1x,9953,35.490,2.97,2.90,0.0030,464,178
T-BulletDispenser-1x,9954,35.494,3.36,3.39,0.0034,464,178
T-BulletDispenser-1x,9955,35.497,2.98,2.99,0.0030,464,178
T-BulletDispenser-1x,9956,35.500,2.75,2.79,0.0028,464,178
T-BulletDispenser-1x,9957,35.502,2.50,2.51,0.0025,464,178
T-BulletDispenser-1x,9958,35.505,2.74,2.70,0.0027,464,178
T-BulletDispenser-1x,9959,35.508,2.90,2.91,0.0029,464,178
T-BulletDispenser-1x,9960,35.511,2.88,2.89,0.0029,464,178
T-BulletDispenser-1x,9961,35.514,3.22,3.19,0.0032,464,178
T-BulletDispenser-1x,9962,35.517,3.32,3.30,0.0033,464,178
T-BulletDispenser-1x,9963,35.520,2.93,2.91,0.0029,464,178
T-BulletDispenser-1x,9964,35.523,2.52,2.57,0.0025,464,178
T-BulletDispenser-1x,9965,35.525,2.74,2.72,0.0027,464,178
T-BulletDispenser-1x,9966,35.528,2.65,2.68,0.0026,464,178
T-BulletDispenser-1x,9967,35.531,3.05,3.01,0.0030,464,178
T-BulletDispenser-1x,9968,35.534,3.20,3.20,0.0032,464,178
T-BulletDispenser-1x,9969,35.537,3.07,3.08,0.0031,464,178
T-BulletDispenser-1x,9970,35.540,2.49,2.51,0.0025,516,178
T-BulletDispenser-1x,9971,35.543,2.95,2.92,0.0030,464,178
T-BulletDispenser-1x,9972,35.546,3.41,3.40,0.0034,464,178
T-BulletDispenser-1x,9973,35.549,3.30,3.30,0.0033,464,178
T-BulletDispenser-1x,9974,35.552,2.77,2.80,0.0028,464,178
T-BulletDispenser-1x,9975,35.555,3.22,3.18,0.0032,464,178
T-BulletDispenser-1x,9976,35.558,2.77,2.79,0.0028,464,178
T-BulletDispenser-1x,9977,35.561,2.37,2.40,0.0024,464,178
T-BulletDispenser-1x,9978,35.563,2.74,2.71,0.0027,464,178
T-BulletDispenser-1x,9979,35.566,2.84,2.81,0.0028,464,178
T-BulletDispenser-1x,9980,35.569,2.96,2.97,0.0030,464,178
T-BulletDispenser-1x,9981,35.572,3.08,3.10,0.0031,464,178
T-BulletDispenser-1x,9982,35.575,3.15,3.11,0.0031,464,178
T-BulletDispenser-1x,9983,35.578,3.08,3.08,0.0031,464,178
T-BulletDispenser-1x,9984,35.582,3.53,3.52,0.0035,464,178
T-BulletDispenser-1x,9985,35.585,3.27,3.29,0.0033,464,178
T-BulletDispenser-1x,9986,35.589,3.31,3.30,0.0033,464,178
T-BulletDispenser-1x,9987,35.591,2.85,2.87,0.0029,464,178
T-BulletDispenser-1x,9988,35.594,2.50,2.52,0.0025,464,178
T-BulletDispenser-1x,9989,35.597,2.76,2.72,0.0028,464,178
T-BulletDispenser-1x,9990,35.600,3.08,3.06,0.0031,464,178
T-BulletDispenser-1x,9991,35.603,3.30,3.31,0.0033,464,178
T-BulletDispenser-1x,9992,35.606,3.00,3.00,0.0030,464,178
T-BulletDispenser-1x,9993,35.609,3.04,3.09,0.0030,464,178
T-BulletDispenser-1x,9994,35.612,3.01,2.93,0.0030,464,178
T-BulletDispenser-1x,9995,35.615,3.36,3.37,0.0034,464,178
T-BulletDispenser-1x,9996,35.618,2.97,3.00,0.0030,464,178
T-BulletDispenser-1x,9997,35.622,3.42,3.40,0.0034,464,178
T-BulletDispenser-1x,9998,35.625,3.38,3.39,0.0034,464,178
T-BulletDispenser-1x,9999,35.628,3.28,3.30,0.0033,464,178
T-BulletDispenser-1x,10000,35.632,3.03,3.01,0.0030,464,178
T-BulletDispenser-1x,10001,35.635,3.06,3.09,0.0031,464,178
T-BulletDispenser-1x,10002,35.638,3.00,2.99,0.0030,464,178
T-BulletDispenser-1x,10003,35.641,3.13,3.11,0.0031,464,178
T-BulletDispenser-1x,10004,35.643,2.66,2.70,0.0027,464,178
T-BulletDispenser-1x,10005,35.646,3.04,3.00,0.0030,464,178
T-BulletDispenser-1x,10006,35.649,2.79,2.80,0.0028,464,178
T-BulletDispenser-1x,10007,35.652,2.47,2.50,0.0025,464,178
T-BulletDispenser-1x,10008,35.654,2.54,2.51,0.0025,464,178
T-BulletDispenser-1x,10009,35.657,2.55,2.58,0.0025,464,178
T-BulletDispenser-1x,10010,35.660,2.95,2.91,0.0029,464,178
T-BulletDispenser-1x,10011,35.663,3.13,3.10,0.0031,464,178
T-BulletDispenser-1x,10012,35.666,3.08,3.09,0.0031,464,178
T-BulletDispenser-1x,10013,35.669,3.12,3.10,0.0031,464,178
T-BulletDispenser-1x,10014,35.672,3.19,3.21,0.0032,464,178
T-BulletDispenser-1x,10015,35.675,2.77,2.79,0.0028,464,178
T-BulletDispenser-1x,10016,35.678,2.94,2.92,0.0029,464,178
T-BulletDispenser-1x,10017,35.681,2.97,2.98,0.0030,464,178
T-BulletDispenser-1x,10018,35.684,3.08,3.11,0.0031,464,178
T-BulletDispenser-1x,10019,35.687,2.93,2.89,0.0029,464,178
T-BulletDispenser-1x,10020,35.690,2.98,3.00,0.0030,464,178
T-BulletDispenser-1x,10021,35.693,2.98,3.00,0.0030,464,178
T-BulletDispenser-1x,10022,35.696,3.02,2.99,0.0030,464,178
T-BulletDispenser-1x,10023,35.699,3.44,3.42,0.0034,464,178
T-BulletDispenser-1x,10024,35.703,3.18,3.19,0.0032,464,178
T-BulletDispenser-1x,10025,35.706,3.06,2.99,0.0031,464,178
T-BulletDispenser-1x,10026,35.709,3.53,3.61,0.0035,464,178
T-BulletDispenser-1x,10027,35.712,3.00,2.99,0.0030,464,178
T-BulletDispenser-1x,10028,35.715,2.96,2.92,0.0030,464,178
T-BulletDispenser-1x,10029,35.718,3.16,3.20,0.0032,464,178
T-BulletDispenser-1x,10030,35.722,3.26,3.28,0.0033,464,178
T-BulletDispenser-1x,10031,35.725,3.22,3.21,0.0032,464,178
T-BulletDispenser-1x,10032,35.727,2.76,2.79,0.0028,464,178
T-BulletDispenser-1x,10033,35.730,2.89,2.90,0.0029,464,178
T-BulletDispenser-1x,10034,35.733,3.00,2.92,0.0030,464,178
T-BulletDispenser-1x,10035,35.736,3.03,3.08,0.0030,464,178
T-BulletDispenser-1x,10036,35.739,2.69,2.67,0.0027,464,178
T-BulletDispenser-1x,10037,35.742,3.10,3.12,0.0031,516,178
T-BulletDispenser-1x,10038,35.745,2.80,2.79,0.0028,464,178
T-BulletDispenser-1x,10039,35.748,2.71,2.69,0.0027,464,178
T-BulletDispenser-1x,10040,35.750,2.80,2.81,0.0028,464,178
T-BulletDispenser-1x,10041,35.753,2.59,2.60,0.0026,464,178
T-BulletDispenser-1x,10042,35.756,2.92,2.90,0.0029,464,178
T-BulletDispenser-1x,10043,35.759,3.30,3.29,0.0033,464,178
T-BulletDispenser-1x,10044,35.762,2.96,2.99,0.0030,464,178
T-BulletDispenser-1x,10045,35.765,2.73,2.71,0.0027,464,178
T-BulletDispenser-1x,10046,35.768,2.80,2.80,0.0028,464,178
T-BulletDispenser-1x,10047,35.771,3.05,2.99,0.0031,464,178
T-BulletDispenser-1x,10048,35.774,3.16,3.19,0.0032,464,178
T-BulletDispenser-1x,10049,35.777,3.00,3.01,0.0030,464,178
T-BulletDispenser-1x,10050,35.780,2.87,2.90,0.0029,464,178
T-BulletDispenser-1x,10051,35.783,2.76,2.70,0.0028,464,178
T-BulletDispenser-1x,10052,35.786,2.84,2.88,0.0028,464,178
T-BulletDispenser-1x,10053,35.789,3.21,3.22,0.0032,464,178
T-BulletDispenser-1x,10054,35.792,3.31,3.30,0.0033,464,178
T-BulletDispenser-1x,10055,35.795,2.91,2.90,0.0029,464,178
T-BulletDispenser-1x,10056,35.798,3.29,3.29,0.0033,464,178
T-BulletDispenser-1x,10057,35.801,2.77,2.80,0.0028,464,178
T-BulletDispenser-1x,10058,35.804,2.72,2.71,0.0027,464,178
T-BulletDispenser-1x,10059,35.806,2.78,2.77,0.0028,464,178
T-BulletDispenser-1x,10060,35.810,3.39,3.34,0.0034,464,178
T-BulletDispenser-1x,10061,35.813,3.32,3.38,0.0033,464,178
T-BulletDispenser-1x,10062,35.816,3.21,3.19,0.0032,464,178
T-BulletDispenser-1x,10063,35.819,3.01,2.99,0.0030,464,178
T-BulletDispenser-1x,10064,35.822,2.98,2.99,0.0030,464,178
T-BulletDispenser-1x,10065,35.826,3.51,3.50,0.0035,464,178
T-BulletDispenser-1x,10066,35.829,3.28,3.30,0.0033,464,178
T-BulletDispenser-1x,10067,35.832,3.26,3.23,0.0033,464,178
T-BulletDispenser-1x,10068,35.835,2.66,2.69,0.0027,464,178
T-BulletDispenser-1x,10069,35.838,2.91,2.89,0.0029,464,178
T-BulletDispenser-1x,10070,35.841,2.78,2.80,0.0028,464,178
T-BulletDispenser-1x,10071,35.844,3.50,3.40,0.0035,464,178
T-BulletDispenser-1x,10072,35.848,3.22,3.30,0.0032,464,178
T-BulletDispenser-1x,10073,35.851,3.50,3.50,0.0035,464,178
T-BulletDispenser-1x,10074,35.854,3.23,3.21,0.0032,464,178
T-BulletDispenser-1x,10075,35.858,3.27,3.28,0.0033,464,178
T-BulletDispenser-1x,10076,35.860,2.65,2.70,0.0027,464,178
T-BulletDispenser-1x,10077,35.863,2.64,2.60,0.0026,464,178
T-BulletDispenser-1x,10078,35.866,3.11,3.10,0.0031,464,178
T-BulletDispenser-1x,10079,35.869,3.10,3.10,0.0031,464,178
T-BulletDispenser-1x,10080,35.872,3.05,3.09,0.0030,464,178
T-BulletDispenser-1x,10081,35.875,3.11,3.09,0.0031,464,178
T-BulletDispenser-1x,10082,35.878,2.81,2.82,0.0028,464,178
T-BulletDispenser-1x,10083,35.881,2.58,2.58,0.0026,464,178
T-BulletDispenser-1x,10084,35.883,2.64,2.61,0.0026,464,178
T-BulletDispenser-1x,10085,35.886,3.21,3.21,0.0032,464,178
T-BulletDispenser-1x,10086,35.889,2.84,2.86,0.0028,464,178
T-BulletDispenser-1x,10087,35.893,3.33,3.33,0.0033,464,178
T-BulletDispenser-1x,10088,35.896,3.14,3.10,0.0031,464,178
T-BulletDispenser-1x,10089,35.899,3.29,3.29,0.0033,464,178
T-BulletDispenser-1x,10090,35.902,2.77,2.81,0.0028,464,178
T-BulletDispenser-1x,10091,35.905,3.13,3.10,0.0031,464,178
T-BulletDispenser-1x,10092,35.908,3.08,3.09,0.0031,464,178
T-BulletDispenser-1x,10093,35.911,2.80,2.79,0.0028,464,178
T-BulletDispenser-1x,10094,35.914,3.13,3.11,0.0031,464,178
T-BulletDispenser-1x,10095,35.917,3.30,3.30,0.0033,464,178
T-BulletDispenser-1x,10096,35.920,3.23,3.21,0.0032,464,178
T-BulletDispenser-1x,10097,35.923,2.78,2.80,0.0028,464,178
T-BulletDispenser-1x,10098,35.926,2.97,2.98,0.0030,464,178
T-BulletDispenser-1x,10099,35.929,2.80,2.80,0.0028,464,178
T-BulletDispenser-1x,10100,35.932,3.02,3.01,0.0030,464,178
T-BulletDispenser-1x,10101,35.935,3.00,3.00,0.0030,464,178
T-BulletDispenser-1x,10102,35.938,2.96,2.98,0.0030,464,178
T-BulletDispenser-1x,10103,35.941,2.95,2.90,0.0029,464,178
T-BulletDispenser-1x,10104,35.944,2.85,2.89,0.0029,516,178
T-BulletDispenser-1x,10105,35.947,2.73,2.70,0.0027,464,178
T-BulletDispenser-1x,10106,35.949,2.89,2.90,0.0029,464,178
T-BulletDispenser-1x,10107,35.952,3.02,3.01,0.0030,464,178
T-BulletDispenser-1x,10108,35.955,2.89,2.90,0.0029,464,178
T-BulletDispenser-1x,10109,35.958,3.21,3.20,0.0032,464,178
T-BulletDispenser-1x,10110,35.961,2.71,2.72,0.0027,464,178
T-BulletDispenser-1x,10111,35.964,2.67,2.68,0.0027,464,178
T-BulletDispenser-1x,10112,35.967,2.61,2.59,0.0026,464,178
T-BulletDispenser-1x,10113,35.969,2.69,2.72,0.0027,464,178
T-BulletDispenser-1x,10114,35.972,2.90,2.88,0.0029,464,178
T-BulletDispenser-1x,10115,35.975,2.91,2.91,0.0029,464,178
T-BulletDispenser-1x,10116,35.978,2.76,2.79,0.0028,464,178
T-BulletDispenser-1x,10117,35.981,3.04,3.01,0.0030,464,178
T-BulletDispenser-1x,10118,35.984,3.24,3.21,0.0032,464,178
T-BulletDispenser-1x,10119,35.987,2.63,2.68,0.0026,464,178
T-BulletDispenser-1x,10120,35.990,2.82,2.81,0.0028,464,178
T-BulletDispenser-1x,10121,35.993,3.11,3.09,0.0031,464,178
T-BulletDispenser-1x,10122,35.996,3.20,3.21,0.0032,464,178
T-BulletDispenser-1x,10123,35.999,3.01,2.97,0.0030,464,178
T-BulletDispenser-1x,10124,36.002,2.89,2.92,0.0029,464,178
T-BulletDispenser-1x,10125,36.005,2.86,2.88,0.0029,464,178
T-BulletDispenser-1x,10126,36.007,2.20,2.21,0.0022,464,178
T-BulletDispenser-1x,10127,36.010,2.96,2.91,0.0030,464,178
T-BulletDispenser-1x,10128,36.013,3.41,3.40,0.0034,464,178
T-BulletDispenser-1x,10129,36.016,3.19,3.19,0.0032,464,178
T-BulletDispenser-1x,10130,36.020,3.17,2.88,0.0032,464,178
T-BulletDispenser-1x,10131,36.022,3.00,3.30,0.0030,464,178
T-BulletDispenser-1x,10132,36.025,2.70,2.69,0.0027,464,178
T-BulletDispenser-1x,10133,36.028,2.97,2.92,0.0030,464,178
T-BulletDispenser-1x,10134,36.031,2.95,2.99,0.0029,464,178
T-BulletDispenser-1x,10135,36.034,3.20,3.20,0.0032,464,178
T-BulletDispenser-1x,10136,36.037,3.18,3.20,0.0032,464,178
T-BulletDispenser-1x,10137,36.041,3.33,3.29,0.0033,464,178
T-BulletDispenser-1x,10138,36.044,2.88,2.92,0.0029,464,178
T-BulletDispenser-1x,10139,36.047,3.24,3.20,0.0032,464,178
T-BulletDispenser-1x,10140,36.050,3.29,3.29,0.0033,464,178
T-BulletDispenser-1x,10141,36.053,3.20,3.21,0.0032,464,178
T-BulletDispenser-1x,10142,36.057,3.30,3.28,0.0033,464,178
T-BulletDispenser-1x,10143,36.060,2.86,2.90,0.0029,464,178
T-BulletDispenser-1x,10144,36.063,3.02,3.00,0.0030,464,178
T-BulletDispenser-1x,10145,36.066,3.25,3.23,0.0033,464,178
T-BulletDispenser-1x,10146,36.070,3.70,3.67,0.0037,464,178
T-BulletDispenser-1x,10147,36.073,3.07,3.10,0.0031,464,178
T-BulletDispenser-1x,10148,36.076,3.19,3.19,0.0032,464,178
T-BulletDispenser-1x,10149,36.079,2.87,2.89,0.0029,464,178
T-BulletDispenser-1x,10150,36.081,2.62,2.60,0.0026,464,178
T-BulletDispenser-1x,10151,36.084,2.81,2.80,0.0028,464,178
T-BulletDispenser-1x,10152,36.087,2.46,2.47,0.0025,464,178
T-BulletDispenser-1x,10153,36.090,3.11,3.03,0.0031,464,178
T-BulletDispenser-1x,10154,36.093,3.11,3.18,0.0031,464,178
T-BulletDispenser-1x,10155,36.096,3.10,3.10,0.0031,464,178
T-BulletDispenser-1x,10156,36.099,2.94,2.91,0.0029,464,178
T-BulletDispenser-1x,10157,36.102,2.99,3.00,0.0030,464,178
T-BulletDispenser-1x,10158,36.105,2.96,3.00,0.0030,464,178
T-BulletDispenser-1x,10159,36.107,2.50,2.49,0.0025,464,178
T-BulletDispenser-1x,10160,36.110,3.02,3.00,0.0030,464,178
T-BulletDispenser-1x,10161,36.114,3.35,3.31,0.0034,464,178
T-BulletDispenser-1x,10162,36.117,3.37,3.38,0.0034,464,178
T-BulletDispenser-1x,10163,36.120,3.07,3.09,0.0031,464,178
T-BulletDispenser-1x,10164,36.123,2.68,2.71,0.0027,464,178
T-BulletDispenser-1x,10165,36.126,2.93,2.90,0.0029,464,178
T-BulletDispenser-1x,10166,36.129,3.21,3.20,0.0032,464,178
T-BulletDispenser-1x,10167,36.132,3.23,3.21,0.0032,464,178
T-BulletDispenser-1x,10168,36.135,2.82,2.87,0.0028,464,178
T-BulletDispenser-1x,10169,36.138,3.01,3.02,0.0030,464,178
T-BulletDispenser-1x,10170,36.141,2.92,2.89,0.0029,464,178
T-BulletDispenser-1x,10171,36.144,3.00,3.01,0.0030,464,178
T-BulletDispenser-1x,10172,36.147,2.76,2.79,0.0028,516,178
T-BulletDispenser-1x,10173,36.149,2.73,2.70,0.0027,464,178
T-BulletDispenser-1x,10174,36.153,3.21,3.20,0.0032,464,178
T-BulletDispenser-1x,10175,36.155,2.60,2.60,0.0026,464,178
T-BulletDispenser-1x,10176,36.159,3.30,3.29,0.0033,464,178
T-BulletDispenser-1x,10177,36.161,2.89,2.90,0.0029,464,178
T-BulletDispenser-1x,10178,36.164,2.45,2.48,0.0025,464,178
T-BulletDispenser-1x,10179,36.166,2.53,2.50,0.0025,464,178
T-BulletDispenser-1x,10180,36.169,2.91,2.90,0.0029,464,178
T-BulletDispenser-1x,10181,36.173,3.22,3.21,0.0032,464,178
T-BulletDispenser-1x,10182,36.176,3.09,3.08,0.0031,464,178
T-BulletDispenser-1x,10183,36.178,2.68,2.69,0.0027,464,178
T-BulletDispenser-1x,10184,36.181,3.05,3.01,0.0030,464,178
T-BulletDispenser-1x,10185,36.185,3.29,3.29,0.0033,464,178
T-BulletDispenser-1x,10186,36.188,3.19,3.20,0.0032,464,178
T-BulletDispenser-1x,10187,36.191,3.42,3.41,0.0034,464,178
T-BulletDispenser-1x,10188,36.195,3.35,3.30,0.0033,464,178
T-BulletDispenser-1x,10189,36.197,2.73,2.80,0.0027,464,178
T-BulletDispenser-1x,10190,36.201,3.22,3.18,0.0032,464,178
T-BulletDispenser-1x,10191,36.203,2.70,2.71,0.0027,464,178
T-BulletDispenser-1x,10192,36.206,2.78,2.80,0.0028,464,178
T-BulletDispenser-1x,10193,36.209,2.77,2.78,0.0028,464,178
T-BulletDispenser-1x,10194,36.212,3.02,2.99,0.0030,464,178
T-BulletDispenser-1x,10195,36.215,3.12,3.10,0.0031,464,178
T-BulletDispenser-1x,10196,36.218,3.17,3.19,0.0032,464,178
T-BulletDispenser-1x,10197,36.221,2.80,2.80,0.0028,464,178
T-BulletDispenser-1x,10198,36.223,2.37,2.39,0.0024,464,178
T-BulletDispenser-1x,10199,36.226,2.85,2.81,0.0029,464,178
T-BulletDispenser-1x,10200,36.229,2.77,2.79,0.0028,464,178
T-BulletDispenser-1x,10201,36.232,2.69,2.71,0.0027,464,178
T-BulletDispenser-1x,10202,36.234,2.91,2.88,0.0029,464,178
T-BulletDispenser-1x,10203,36.237,2.90,2.91,0.0029,464,178
T-BulletDispenser-1x,10204,36.241,3.25,3.20,0.0033,464,178
T-BulletDispenser-1x,10205,36.244,3.19,3.21,0.0032,464,178
T-BulletDispenser-1x,10206,36.247,3.09,3.09,0.0031,464,178
T-BulletDispenser-1x,10207,36.250,3.08,3.09,0.0031,464,178
T-BulletDispenser-1x,10208,36.253,3.22,3.21,0.0032,464,178
T-BulletDispenser-1x,10209,36.256,3.13,3.08,0.0031,464,178
T-BulletDispenser-1x,10210,36.259,2.95,3.00,0.0029,464,178
T-BulletDispenser-1x,10211,36.262,3.09,3.11,0.0031,464,178
T-BulletDispenser-1x,10212,36.265,2.49,2.51,0.0025,464,178
T-BulletDispenser-1x,10213,36.268,2.93,2.89,0.0029,464,178
T-BulletDispenser-1x,10214,36.271,2.89,2.90,0.0029,464,178
T-BulletDispenser-1x,10215,36.273,2.77,2.79,0.0028,464,178
T-BulletDispenser-1x,10216,36.276,2.92,2.90,0.0029,464,178
T-BulletDispenser-1x,10217,36.279,2.84,2.80,0.0028,464,178
T-BulletDispenser-1x,10218,36.282,2.82,2.88,0.0028,464,178
T-BulletDispenser-1x,10219,36.285,2.73,2.71,0.0027,464,178
T-BulletDispenser-1x,10220,36.288,2.85,2.81,0.0028,464,178
T-BulletDispenser-1x,10221,36.291,3.11,3.10,0.0031,464,178
T-BulletDispenser-1x,10222,36.294,3.29,3.31,0.0033,464,178
T-BulletDispenser-1x,10223,36.297,3.17,3.19,0.0032,464,178
T-BulletDispenser-1x,10224,36.301,3.50,3.50,0.0035,464,178
T-BulletDispenser-1x,10225,36.304,3.21,3.19,0.0032,464,178
T-BulletDispenser-1x,10226,36.308,3.58,3.52,0.0036,464,178
T-BulletDispenser-1x,10227,36.311,3.22,3.28,0.0032,464,178
T-BulletDispenser-1x,10228,36.313,2.77,2.78,0.0028,464,178
T-BulletDispenser-1x,10229,36.316,2.85,2.82,0.0028,464,178
T-BulletDispenser-1x,10230,36.320,3.42,3.40,0.0034,464,178
T-BulletDispenser-1x,10231,36.323,2.87,2.89,0.0029,464,178
T-BulletDispenser-1x,10232,36.326,3.20,3.20,0.0032,464,178
T-BulletDispenser-1x,10233,36.329,3.09,3.09,0.0031,464,178
T-BulletDispenser-1x,10234,36.331,2.48,2.50,0.0025,464,178
T-BulletDispenser-1x,10235,36.334,2.72,2.70,0.0027,464,178
T-BulletDispenser-1x,10236,36.337,2.91,2.91,0.0029,464,178
T-BulletDispenser-1x,10237,36.340,3.33,3.28,0.0033,464,178
T-BulletDispenser-1x,10238,36.343,3.10,3.13,0.0031,464,178
T-BulletDispenser-1x,10239,36.346,3.06,3.08,0.0031,464,178
T-BulletDispenser-1x,10240,36.349,2.73,2.71,0.0027,516,178
T-BulletDispenser-1x,10241,36.352,2.89,2.89,0.0029,464,178
T-BulletDispenser-1x,10242,36.355,2.77,2.78,0.0028,464,178
T-BulletDispenser-1x,10243,36.358,3.07,3.03,0.0031,464,178
T-BulletDispenser-1x,10244,36.361,3.30,3.29,0.0033,464,178
T-BulletDispenser-1x,10245,36.364,2.74,2.79,0.0027,464,178
T-BulletDispenser-1x,10246,36.367,3.04,3.00,0.0030,464,178
T-BulletDispenser-1x,10247,36.370,2.77,2.78,0.0028,464,178
T-BulletDispenser-1x,10248,36.373,2.82,2.82,0.0028,464,178
T-BulletDispenser-1x,10249,36.375,2.65,2.59,0.0027,464,178
T-BulletDispenser-1x,10250,36.378,2.73,2.79,0.0027,464,178
T-BulletDispenser-1x,10251,36.381,3.04,3.02,0.0030,464,178
T-BulletDispenser-1x,10252,36.384,3.19,3.19,0.0032,464,178
T-BulletDispenser-1x,10253,36.387,3.07,3.09,0.0031,464,178
T-BulletDispenser-1x,10254,36.391,3.25,3.22,0.0032,464,178
T-BulletDispenser-1x,10255,36.393,2.54,2.58,0.0025,464,178
T-BulletDispenser-1x,10256,36.396,2.55,2.51,0.0025,464,178
T-BulletDispenser-1x,10257,36.399,3.19,3.18,0.0032,464,178
T-BulletDispenser-1x,10258,36.402,3.00,3.01,0.0030,464,178
T-BulletDispenser-1x,10259,36.405,3.09,3.11,0.0031,464,178
T-BulletDispenser-1x,10260,36.408,2.93,2.90,0.0029,464,178
T-BulletDispenser-1x,10261,36.411,2.97,2.99,0.0030,464,178
T-BulletDispenser-1x,10262,36.413,2.68,2.70,0.0027,464,178
T-BulletDispenser-1x,10263,36.416,2.63,2.61,0.0026,464,178
T-BulletDispenser-1x,10264,36.419,3.00,2.99,0.0030,464,178
T-BulletDispenser-1x,10265,36.422,3.12,3.12,0.0031,464,178
T-BulletDispenser-1x,10266,36.426,3.28,3.28,0.0033,464,178
T-BulletDispenser-1x,10267,36.428,2.66,2.68,0.0027,464,178
T-BulletDispenser-1x,10268,36.431,2.65,2.62,0.0026,464,178
T-BulletDispenser-1x,10269,36.434,3.37,3.33,0.0034,464,178
T-BulletDispenser-1x,10270,36.438,3.62,3.66,0.0036,464,178
T-BulletDispenser-1x,10271,36.441,3.21,3.21,0.0032,464,178
T-BulletDispenser-1x,10272,36.444,2.55,2.58,0.0025,464,178
T-BulletDispenser-1x,10273,36.446,2.73,2.70,0.0027,464,178
T-BulletDispenser-1x,10274,36.449,3.13,3.11,0.0031,464,178
T-BulletDispenser-1x,10275,36.453,3.10,3.09,0.0031,464,178
T-BulletDispenser-1x,10276,36.456,3.06,3.10,0.0031,464,178
T-BulletDispenser-1x,10277,36.459,3.00,2.99,0.0030,464,178
T-BulletDispenser-1x,10278,36.462,3.24,3.21,0.0032,464,178
T-BulletDispenser-1x,10279,36.464,2.54,2.60,0.0025,464,178
T-BulletDispenser-1x,10280,36.467,2.59,2.50,0.0026,464,178
T-BulletDispenser-1x,10281,36.470,2.95,3.00,0.0030,464,178
T-BulletDispenser-1x,10282,36.473,2.80,2.81,0.0028,464,178
T-BulletDispenser-1x,10283,36.476,3.17,3.17,0.0032,464,178
T-BulletDispenser-1x,10284,36.479,3.23,3.23,0.0032,464,178
T-BulletDispenser-1x,10285,36.482,2.64,2.67,0.0026,464,178
T-BulletDispenser-1x,10286,36.484,2.71,2.70,0.0027,464,178
T-BulletDispenser-1x,10287,36.488,3.05,3.02,0.0031,464,178
T-BulletDispenser-1x,10288,36.491,3.20,3.19,0.0032,464,178
T-BulletDispenser-1x,10289,36.494,3.01,3.02,0.0030,464,178
T-BulletDispenser-1x,10290,36.497,3.27,3.27,0.0033,464,178
T-BulletDispenser-1x,10291,36.500,3.19,3.19,0.0032,464,178
T-BulletDispenser-1x,10292,36.503,2.48,2.50,0.0025,464,178
T-BulletDispenser-1x,10293,36.506,3.14,3.10,0.0031,464,178
T-BulletDispenser-1x,10294,36.509,3.32,3.32,0.0033,464,178
T-BulletDispenser-1x,10295,36.512,3.19,3.18,0.0032,464,178
T-BulletDispenser-1x,10296,36.515,2.89,2.90,0.0029,464,178
T-BulletDispenser-1x,10297,36.518,2.92,2.91,0.0029,464,178
T-BulletDispenser-1x,10298,36.521,2.65,2.67,0.0027,464,178
T-BulletDispenser-1x,10299,36.524,2.76,2.72,0.0028,464,178
T-BulletDispenser-1x,10300,36.527,2.98,2.99,0.0030,464,178
T-BulletDispenser-1x,10301,36.530,3.39,3.39,0.0034,464,178
T-BulletDispenser-1x,10302,36.533,3.33,3.31,0.0033,464,178
T-BulletDispenser-1x,10303,36.536,2.54,2.58,0.0025,464,178
T-BulletDispenser-1x,10304,36.539,2.93,2.91,0.0029,464,178
T-BulletDispenser-1x,10305,36.542,3.12,3.10,0.0031,464,178
T-BulletDispenser-1x,10306,36.545,3.20,3.20,0.0032,464,178
T-BulletDispenser-1x,10307,36.548,3.32,3.29,0.0033,464,178
T-BulletDispenser-1x,10308,36.552,3.35,3.39,0.0033,516,178
T-BulletDispenser-1x,10309,36.555,3.23,3.22,0.0032,464,178
T-BulletDispenser-1x,10310,36.558,2.78,2.79,0.0028,464,178
T-BulletDispenser-1x,10311,36.560,2.71,2.70,0.0027,464,178
T-BulletDispenser-1x,10312,36.564,3.21,3.19,0.0032,464,178
T-BulletDispenser-1x,10313,36.567,3.07,3.11,0.0031,464,178
T-BulletDispenser-1x,10314,36.570,3.00,2.91,0.0030,464,178
T-BulletDispenser-1x,10315,36.573,3.03,3.09,0.0030,464,178
T-BulletDispenser-1x,10316,36.576,2.97,2.99,0.0030,464,178
T-BulletDispenser-1x,10317,36.579,2.92,2.91,0.0029,464,178
T-BulletDispenser-1x,10318,36.582,3.46,3.41,0.0035,464,178
T-BulletDispenser-1x,10319,36.586,3.48,3.49,0.0035,464,178
T-BulletDispenser-1x,10320,36.589,2.99,3.00,0.0030,464,178
T-BulletDispenser-1x,10321,36.592,3.37,3.40,0.0034,464,178
T-BulletDispenser-1x,10322,36.595,3.13,3.11,0.0031,464,178
T-BulletDispenser-1x,10323,36.598,2.95,2.97,0.0029,464,178
T-BulletDispenser-1x,10324,36.601,2.82,2.81,0.0028,464,178
T-BulletDispenser-1x,10325,36.604,2.99,3.00,0.0030,464,178
T-BulletDispenser-1x,10326,36.607,2.83,2.81,0.0028,464,178
T-BulletDispenser-1x,10327,36.610,3.27,3.29,0.0033,464,178
T-BulletDispenser-1x,10328,36.613,2.88,2.89,0.0029,464,178
T-BulletDispenser-1x,10329,36.616,3.05,3.02,0.0031,464,178
T-BulletDispenser-1x,10330,36.619,3.11,3.10,0.0031,464,178
T-BulletDispenser-1x,10331,36.622,2.95,3.00,0.0029,464,178
T-BulletDispenser-1x,10332,36.625,2.91,2.88,0.0029,464,178
T-BulletDispenser-1x,10333,36.628,3.21,3.20,0.0032,464,178
T-BulletDispenser-1x,10334,36.631,2.99,2.98,0.0030,464,178
T-BulletDispenser-1x,10335,36.634,2.80,2.81,0.0028,464,178
T-BulletDispenser-1x,10336,36.636,2.63,2.65,0.0026,464,178
T-BulletDispenser-1x,10337,36.640,3.11,3.07,0.0031,464,178
T-BulletDispenser-1x,10338,36.643,3.20,3.19,0.0032,464,178
T-BulletDispenser-1x,10339,36.646,3.29,3.30,0.0033,464,178
T-BulletDispenser-1x,10340,36.649,3.12,3.10,0.0031,464,178
T-BulletDispenser-1x,10341,36.652,2.85,2.88,0.0029,464,178
T-BulletDispenser-1x,10342,36.655,2.69,2.70,0.0027,464,178
T-BulletDispenser-1x,10343,36.657,2.76,2.71,0.0028,464,178
T-BulletDispenser-1x,10344,36.661,3.41,3.41,0.0034,464,178
T-BulletDispenser-1x,10345,36.664,2.76,2.78,0.0028,464,178
T-BulletDispenser-1x,10346,36.667,2.90,2.90,0.0029,464,178
T-BulletDispenser-1x,10347,36.669,2.47,2.50,0.0025,464,178
T-BulletDispenser-1x,10348,36.672,2.73,2.70,0.0027,464,178
T-BulletDispenser-1x,10349,36.675,2.81,2.80,0.0028,464,178
T-BulletDispenser-1x,10350,36.677,2.91,2.90,0.0029,464,178
T-BulletDispenser-1x,10351,36.680,2.97,2.99,0.0030,464,178
T-BulletDispenser-1x,10352,36.684,3.24,3.21,0.0032,464,178
T-BulletDispenser-1x,10353,36.687,2.96,2.96,0.0030,464,178
T-BulletDispenser-1x,10354,36.689,2.57,2.63,0.0026,464,178
T-BulletDispenser-1x,10355,36.692,2.52,2.50,0.0025,464,178
T-BulletDispenser-1x,10356,36.695,2.83,2.81,0.0028,464,178
T-BulletDispenser-1x,10357,36.697,2.98,2.98,0.0030,464,178
T-BulletDispenser-1x,10358,36.701,3.35,3.32,0.0034,464,178
T-BulletDispenser-1x,10359,36.704,3.26,3.29,0.0033,464,178
T-BulletDispenser-1x,10360,36.707,2.48,2.50,0.0025,464,178
T-BulletDispenser-1x,10361,36.710,3.01,3.00,0.0030,464,178
T-BulletDispenser-1x,10362,36.713,3.34,3.31,0.0033,464,178
T-BulletDispenser-1x,10363,36.716,3.08,3.09,0.0031,464,178
T-BulletDispenser-1x,10364,36.719,2.92,2.91,0.0029,464,178
T-BulletDispenser-1x,10365,36.722,2.94,2.99,0.0029,464,178
T-BulletDispenser-1x,10366,36.724,2.40,2.38,0.0024,464,178
T-BulletDispenser-1x,10367,36.727,2.72,2.72,0.0027,464,178
T-BulletDispenser-1x,10368,36.730,2.82,2.79,0.0028,464,178
T-BulletDispenser-1x,10369,36.732,2.66,2.69,0.0027,464,178
T-BulletDispenser-1x,10370,36.735,2.91,2.91,0.0029,464,178
T-BulletDispenser-1x,10371,36.738,2.81,2.81,0.0028,464,178
T-BulletDispenser-1x,10372,36.741,2.72,2.70,0.0027,464,178
T-BulletDispenser-1x,10373,36.744,3.52,3.51,0.0035,464,178
T-BulletDispenser-1x,10374,36.748,3.09,3.10,0.0031,464,178
T-BulletDispenser-1x,10375,36.751,3.31,3.29,0.0033,464,178
T-BulletDispenser-1x,10376,36.754,3.08,3.10,0.0031,516,178
T-BulletDispenser-1x,10377,36.757,2.78,2.78,0.0028,464,178
T-BulletDispenser-1x,10378,36.760,3.21,3.21,0.0032,464,178
T-BulletDispenser-1x,10379,36.763,3.31,3.30,0.0033,464,178
T-BulletDispenser-1x,10380,36.766,2.98,3.01,0.0030,464,178
T-BulletDispenser-1x,10381,36.769,2.83,2.80,0.0028,464,178
T-BulletDispenser-1x,10382,36.772,3.18,3.18,0.0032,464,178
T-BulletDispenser-1x,10383,36.775,2.78,2.79,0.0028,464,178
T-BulletDispenser-1x,10384,36.778,2.96,2.93,0.0030,464,178
T-BulletDispenser-1x,10385,36.781,3.00,2.98,0.0030,464,178
T-BulletDispenser-1x,10386,36.784,3.45,3.50,0.0035,464,178
T-BulletDispenser-1x,10387,36.787,3.09,3.08,0.0031,464,178
T-BulletDispenser-1x,10388,36.791,3.61,3.53,0.0036,464,178
T-BulletDispenser-1x,10389,36.794,2.88,2.96,0.0029,464,178
T-BulletDispenser-1x,10390,36.797,2.90,2.91,0.0029,464,178
T-BulletDispenser-1x,10391,36.800,2.81,2.79,0.0028,464,178
T-BulletDispenser-1x,10392,36.803,2.88,2.91,0.0029,464,178
T-BulletDispenser-1x,10393,36.805,2.90,2.88,0.0029,464,178
T-BulletDispenser-1x,10394,36.809,3.10,3.03,0.0031,464,178
T-BulletDispenser-1x,10395,36.812,3.16,3.19,0.0032,464,178
T-BulletDispenser-1x,10396,36.815,3.06,3.09,0.0031,464,178
T-BulletDispenser-1x,10397,36.818,2.97,3.00,0.0030,464,178
T-BulletDispenser-1x,10398,36.821,2.85,2.79,0.0029,464,178
T-BulletDispenser-1x,10399,36.824,3.32,3.31,0.0033,464,178
T-BulletDispenser-1x,10400,36.827,2.95,2.99,0.0030,464,178
T-BulletDispenser-1x,10401,36.830,3.21,3.19,0.0032,464,178
T-BulletDispenser-1x,10402,36.833,2.99,3.00,0.0030,464,178
T-BulletDispenser-1x,10403,36.836,2.66,2.69,0.0027,464,178
T-BulletDispenser-1x,10404,36.839,2.93,2.90,0.0029,464,178
T-BulletDispenser-1x,10405,36.842,2.80,2.79,0.0028,464,178
T-BulletDispenser-1x,10406,36.844,2.66,2.69,0.0027,464,178
T-BulletDispenser-1x,10407,36.847,2.88,2.82,0.0029,464,178
T-BulletDispenser-1x,10408,36.850,2.99,2.99,0.0030,464,178
T-BulletDispenser-1x,10409,36.853,3.29,3.28,0.0033,464,178
T-BulletDispenser-1x,10410,36.856,2.80,2.80,0.0028,464,178
T-BulletDispenser-1x,10411,36.859,3.18,3.20,0.0032,464,178
T-BulletDispenser-1x,10412,36.863,3.41,3.40,0.0034,464,178
T-BulletDispenser-1x,10413,36.865,2.65,2.68,0.0027,464,178
T-BulletDispenser-1x,10414,36.868,2.81,2.80,0.0028,464,178
T-BulletDispenser-1x,10415,36.872,3.36,3.30,0.0034,464,178
T-BulletDispenser-1x,10416,36.875,3.38,3.41,0.0034,464,178
T-BulletDispenser-1x,10417,36.878,3.09,3.08,0.0031,464,178
T-BulletDispenser-1x,10418,36.881,3.00,3.00,0.0030,464,178
T-BulletDispenser-1x,10419,36.884,2.70,2.70,0.0027,464,178
T-BulletDispenser-1x,10420,36.887,3.02,3.01,0.0030,464,178
T-BulletDispenser-1x,10421,36.890,3.53,3.50,0.0035,464,178
T-BulletDispenser-1x,10422,36.894,3.41,3.41,0.0034,464,178
T-BulletDispenser-1x,10423,36.897,3.28,3.31,0.0033,464,178
T-BulletDispenser-1x,10424,36.900,3.35,3.37,0.0034,464,178
T-BulletDispenser-1x,10425,36.903,3.04,3.01,0.0030,464,178
T-BulletDispenser-1x,10426,36.906,2.81,2.78,0.0028,464,178
T-BulletDispenser-1x,10427,36.909,3.29,3.31,0.0033,464,178
T-BulletDispenser-1x,10428,36.913,3.40,3.39,0.0034,464,178
T-BulletDispenser-1x,10429,36.916,3.21,3.21,0.0032,464,178
T-BulletDispenser-1x,10430,36.919,2.77,2.80,0.0028,464,178
T-BulletDispenser-1x,10431,36.922,3.14,3.10,0.0031,464,178
T-BulletDispenser-1x,10432,36.925,2.99,2.99,0.0030,464,178
T-BulletDispenser-1x,10433,36.928,2.84,2.80,0.0028,464,178
T-BulletDispenser-1x,10434,36.931,3.08,3.11,0.0031,464,178
T-BulletDispenser-1x,10435,36.934,3.13,3.17,0.0031,464,178
T-BulletDispenser-1x,10436,36.937,2.72,2.70,0.0027,464,178
T-BulletDispenser-1x,10437,36.940,2.89,2.90,0.0029,464,178
T-BulletDispenser-1x,10438,36.942,2.70,2.69,0.0027,464,178
T-BulletDispenser-1x,10439,36.945,2.83,2.81,0.0028,464,178
T-BulletDispenser-1x,10440,36.948,3.01,3.00,0.0030,464,178
T-BulletDispenser-1x,10441,36.951,3.20,3.19,0.0032,464,178
T-BulletDispenser-1x,10442,36.954,3.05,3.09,0.0031,516,178
T-BulletDispenser-1x,10443,36.957,2.39,2.39,0.0024,464,178
T-BulletDispenser-1x,10444,36.960,3.12,3.10,0.0031,464,178
T-BulletDispenser-1x,10445,36.963,2.84,2.81,0.0028,464,178
T-BulletDispenser-1x,10446,36.966,2.99,3.01,0.0030,464,178
T-BulletDispenser-1x,10447,36.969,3.32,3.30,0.0033,464,178
T-BulletDispenser-1x,10448,36.972,3.26,3.28,0.0033,464,178
T-BulletDispenser-1x,10449,36.976,3.20,3.20,0.0032,464,178
T-BulletDispenser-1x,10450,36.979,3.09,3.10,0.0031,464,178
T-BulletDispenser-1x,10451,36.981,2.68,2.71,0.0027,464,178
T-BulletDispenser-1x,10452,36.984,3.01,2.98,0.0030,464,178
T-BulletDispenser-1x,10453,36.987,3.14,3.12,0.0031,464,178
T-BulletDispenser-1x,10454,36.991,3.17,3.17,0.0032,464,178
T-BulletDispenser-1x,10455,36.994,3.12,3.11,0.0031,464,178
T-BulletDispenser-1x,10456,36.997,3.04,3.08,0.0030,464,178
T-BulletDispenser-1x,10457,36.999,2.73,2.69,0.0027,464,178
T-BulletDispenser-1x,10458,37.002,2.79,2.81,0.0028,464,178
T-BulletDispenser-1x,10459,37.005,3.03,3.01,0.0030,464,178
T-BulletDispenser-1x,10460,37.009,3.46,3.40,0.0035,464,178
T-BulletDispenser-1x,10461,37.012,3.45,3.49,0.0035,464,178
T-BulletDispenser-1x,10462,37.016,3.32,3.30,0.0033,464,178
T-BulletDispenser-1x,10463,37.018,2.87,2.90,0.0029,464,178
T-BulletDispenser-1x,10464,37.021,2.97,2.98,0.0030,464,178
T-BulletDispenser-1x,10465,37.024,3.08,3.02,0.0031,464,178
T-BulletDispenser-1x,10466,37.027,2.94,2.91,0.0029,464,178
T-BulletDispenser-1x,10467,37.031,3.23,3.27,0.0032,464,178
T-BulletDispenser-1x,10468,37.034,3.39,3.42,0.0034,464,178
T-BulletDispenser-1x,10469,37.037,2.53,2.56,0.0025,464,178
T-BulletDispenser-1x,10470,37.040,3.14,3.12,0.0031,464,178
T-BulletDispenser-1x,10471,37.043,3.19,3.19,0.0032,464,178
T-BulletDispenser-1x,10472,37.046,3.22,3.21,0.0032,464,178
T-BulletDispenser-1x,10473,37.049,3.02,3.01,0.0030,464,178
T-BulletDispenser-1x,10474,37.052,2.97,2.99,0.0030,464,178
T-BulletDispenser-1x,10475,37.055,2.78,2.80,0.0028,464,178
T-BulletDispenser-1x,10476,37.058,2.65,2.61,0.0026,464,178
T-BulletDispenser-1x,10477,37.061,3.40,3.41,0.0034,464,178
T-BulletDispenser-1x,10478,37.064,2.86,2.87,0.0029,464,178
T-BulletDispenser-1x,10479,37.067,3.14,3.13,0.0031,464,178
T-BulletDispenser-1x,10480,37.070,2.99,2.98,0.0030,464,178
T-BulletDispenser-1x,10481,37.073,2.89,2.89,0.0029,464,178
T-BulletDispenser-1x,10482,37.075,2.70,2.70,0.0027,464,178
T-BulletDispenser-1x,10483,37.078,2.93,2.91,0.0029,464,178
T-BulletDispenser-1x,10484,37.081,2.95,2.98,0.0030,464,178
T-BulletDispenser-1x,10485,37.084,3.00,3.01,0.0030,464,178
T-BulletDispenser-1x,10486,37.087,3.01,2.98,0.0030,464,178
T-BulletDispenser-1x,10487,37.090,2.90,2.91,0.0029,464,178
T-BulletDispenser-1x,10488,37.093,2.68,2.69,0.0027,464,178
T-BulletDispenser-1x,10489,37.095,2.51,2.49,0.0025,464,178
T-BulletDispenser-1x,10490,37.098,2.82,2.81,0.0028,464,178
T-BulletDispenser-1x,10491,37.101,3.20,3.20,0.0032,464,178
T-BulletDispenser-1x,10492,37.105,3.23,3.20,0.0032,464,178
T-BulletDispenser-1x,10493,37.108,3.19,3.20,0.0032,464,178
T-BulletDispenser-1x,10494,37.111,2.87,2.89,0.0029,464,178
T-BulletDispenser-1x,10495,37.114,2.91,2.91,0.0029,464,178
T-BulletDispenser-1x,10496,37.117,3.03,3.00,0.0030,464,178
T-BulletDispenser-1x,10497,37.120,3.10,3.09,0.0031,464,178
T-BulletDispenser-1x,10498,37.123,2.88,2.88,0.0029,464,178
T-BulletDispenser-1x,10499,37.126,2.99,3.00,0.0030,464,178
T-BulletDispenser-1x,10500,37.128,2.67,2.62,0.0027,464,178
T-BulletDispenser-1x,10501,37.132,3.37,3.39,0.0034,464,178
T-BulletDispenser-1x,10502,37.135,3.08,3.09,0.0031,464,178
T-BulletDispenser-1x,10503,37.138,2.87,2.89,0.0029,464,178
T-BulletDispenser-1x,10504,37.141,3.34,3.30,0.0033,464,178
T-BulletDispenser-1x,10505,37.144,3.11,3.11,0.0031,464,178
T-BulletDispenser-1x,10506,37.147,3.00,3.00,0.0030,464,178
T-BulletDispenser-1x,10507,37.150,3.21,3.20,0.0032,464,178
T-BulletDispenser-1x,10508,37.153,3.10,3.09,0.0031,464,178
T-BulletDispenser-1x,10509,37.157,3.19,3.19,0.0032,516,178
T-BulletDispenser-1x,10510,37.160,2.96,3.00,0.0030,464,178
T-BulletDispenser-1x,10511,37.163,2.92,2.89,0.0029,464,178
T-BulletDispenser-1x,10512,37.166,3.46,3.42,0.0035,464,178
T-BulletDispenser-1x,10513,37.169,2.62,2.68,0.0026,464,178
T-BulletDispenser-1x,10514,37.171,2.63,2.60,0.0026,464,178
T-BulletDispenser-1x,10515,37.174,3.12,3.09,0.0031,464,178
T-BulletDispenser-1x,10516,37.177,3.01,3.01,0.0030,464,178
T-BulletDispenser-1x,10517,37.180,2.84,2.88,0.0028,464,178
T-BulletDispenser-1x,10518,37.183,2.75,2.70,0.0028,464,178
T-BulletDispenser-1x,10519,37.186,2.78,2.81,0.0028,464,178
T-BulletDispenser-1x,10520,37.189,3.01,3.00,0.0030,464,178
T-BulletDispenser-1x,10521,37.192,3.33,3.30,0.0033,464,178
T-BulletDispenser-1x,10522,37.195,3.09,3.09,0.0031,464,178
T-BulletDispenser-1x,10523,37.198,3.30,3.31,0.0033,464,178
T-BulletDispenser-1x,10524,37.201,2.93,2.97,0.0029,464,178
T-BulletDispenser-1x,10525,37.204,2.64,2.61,0.0026,464,178
T-BulletDispenser-1x,10526,37.207,2.79,2.80,0.0028,464,178
T-BulletDispenser-1x,10527,37.210,3.11,3.09,0.0031,464,178
T-BulletDispenser-1x,10528,37.213,3.29,3.30,0.0033,464,178
T-BulletDispenser-1x,10529,37.216,3.00,3.00,0.0030,464,178
T-BulletDispenser-1x,10530,37.219,2.58,2.59,0.0026,464,178
T-BulletDispenser-1x,10531,37.222,3.14,3.10,0.0031,464,178
T-BulletDispenser-1x,10532,37.225,3.08,3.10,0.0031,464,178
T-BulletDispenser-1x,10533,37.228,2.70,2.61,0.0027,464,178
T-BulletDispenser-1x,10534,37.230,2.71,2.79,0.0027,464,178
T-BulletDispenser-1x,10535,37.233,2.80,2.80,0.0028,464,178
T-BulletDispenser-1x,10536,37.236,2.72,2.69,0.0027,464,178
T-BulletDispenser-1x,10537,37.239,3.10,3.11,0.0031,464,178
T-BulletDispenser-1x,10538,37.242,3.28,3.30,0.0033,464,178
T-BulletDispenser-1x,10539,37.245,2.94,2.89,0.0029,464,178
T-BulletDispenser-1x,10540,37.248,2.96,2.99,0.0030,464,178
T-BulletDispenser-1x,10541,37.251,3.18,3.19,0.0032,464,178
T-BulletDispenser-1x,10542,37.254,2.60,2.59,0.0026,464,178
T-BulletDispenser-1x,10543,37.257,3.07,3.03,0.0031,464,178
T-BulletDispenser-1x,10544,37.260,3.30,3.29,0.0033,464,178
T-BulletDispenser-1x,10545,37.264,3.16,3.18,0.0032,464,178
T-BulletDispenser-1x,10546,37.267,3.46,3.40,0.0035,464,178
T-BulletDispenser-1x,10547,37.270,3.24,3.30,0.0032,464,178
T-BulletDispenser-1x,10548,37.273,2.76,2.79,0.0028,464,178
T-BulletDispenser-1x,10549,37.276,2.63,2.62,0.0026,464,178
T-BulletDispenser-1x,10550,37.278,2.71,2.69,0.0027,464,178
T-BulletDispenser-1x,10551,37.281,2.79,2.79,0.0028,464,178
T-BulletDispenser-1x,10552,37.284,2.97,3.01,0.0030,464,178
T-BulletDispenser-1x,10553,37.287,2.92,2.89,0.0029,464,178
T-BulletDispenser-1x,10554,37.290,2.88,2.90,0.0029,464,178
T-BulletDispenser-1x,10555,37.293,2.92,2.91,0.0029,464,178
T-BulletDispenser-1x,10556,37.295,2.71,2.70,0.0027,464,178
T-BulletDispenser-1x,10557,37.298,2.66,2.69,0.0027,464,178
T-BulletDispenser-1x,10558,37.301,3.04,3.00,0.0030,464,178
T-BulletDispenser-1x,10559,37.304,2.78,2.80,0.0028,464,178
T-BulletDispenser-1x,10560,37.307,3.33,3.32,0.0033,464,178
T-BulletDispenser-1x,10561,37.310,2.97,2.99,0.0030,464,178
T-BulletDispenser-1x,10562,37.313,2.68,2.68,0.0027,464,178
T-BulletDispenser-1x,10563,37.316,2.83,2.81,0.0028,464,178
T-BulletDispenser-1x,10564,37.319,3.02,3.01,0.0030,464,178
T-BulletDispenser-1x,10565,37.322,2.95,2.99,0.0030,464,178
T-BulletDispenser-1x,10566,37.325,2.89,2.88,0.0029,464,178
T-BulletDispenser-1x,10567,37.328,2.94,2.91,0.0029,464,178
T-BulletDispenser-1x,10568,37.330,2.88,2.91,0.0029,464,178
T-BulletDispenser-1x,10569,37.333,2.73,2.69,0.0027,464,178
T-BulletDispenser-1x,10570,37.337,3.33,3.29,0.0033,464,178
T-BulletDispenser-1x,10571,37.340,3.06,3.12,0.0031,464,178
T-BulletDispenser-1x,10572,37.343,3.21,3.19,0.0032,464,178
T-BulletDispenser-1x,10573,37.346,3.22,3.21,0.0032,464,178
T-BulletDispenser-1x,10574,37.349,2.98,2.98,0.0030,464,178
T-BulletDispenser-1x,10575,37.352,2.87,2.89,0.0029,464,178
T-BulletDispenser-1x,10576,37.355,3.24,3.21,0.0032,464,178
T-BulletDispenser-1x,10577,37.358,3.18,3.19,0.0032,516,178
T-BulletDispenser-1x,10578,37.361,3.04,3.00,0.0030,464,178
T-BulletDispenser-1x,10579,37.364,2.86,2.89,0.0029,464,178
T-BulletDispenser-1x,10580,37.367,3.08,3.10,0.0031,464,178
T-BulletDispenser-1x,10581,37.370,2.59,2.58,0.0026,464,178
T-BulletDispenser-1x,10582,37.373,3.00,3.00,0.0030,464,178
T-BulletDispenser-1x,10583,37.376,3.13,3.10,0.0031,464,178
T-BulletDispenser-1x,10584,37.379,3.09,3.11,0.0031,464,178
T-BulletDispenser-1x,10585,37.382,3.04,3.00,0.0030,464,178
T-BulletDispenser-1x,10586,37.385,2.95,2.98,0.0029,464,178
T-BulletDispenser-1x,10587,37.388,2.67,2.70,0.0027,464,178
T-BulletDispenser-1x,10588,37.391,2.86,2.82,0.0029,464,178
T-BulletDispenser-1x,10589,37.394,2.99,2.99,0.0030,464,178
T-BulletDispenser-1x,10590,37.397,3.05,3.10,0.0031,464,178
T-BulletDispenser-1x,10591,37.400,2.92,2.89,0.0029,464,178
T-BulletDispenser-1x,10592,37.402,2.79,2.81,0.0028,464,178
T-BulletDispenser-1x,10593,37.405,2.69,2.70,0.0027,464,178
T-BulletDispenser-1x,10594,37.408,2.43,2.41,0.0024,464,178
T-BulletDispenser-1x,10595,37.410,2.99,2.99,0.0030,464,178
T-BulletDispenser-1x,10596,37.414,3.20,3.20,0.0032,464,178
T-BulletDispenser-1x,10597,37.417,3.10,3.04,0.0031,464,178
T-BulletDispenser-1x,10598,37.420,3.22,3.26,0.0032,464,178
T-BulletDispenser-1x,10599,37.423,2.88,2.90,0.0029,464,178
T-BulletDispenser-1x,10600,37.426,3.01,3.01,0.0030,464,178
T-BulletDispenser-1x,10601,37.429,2.89,2.89,0.0029,464,178
T-BulletDispenser-1x,10602,37.432,2.90,2.90,0.0029,464,178
T-BulletDispenser-1x,10603,37.435,3.11,3.08,0.0031,464,178
T-BulletDispenser-1x,10604,37.438,3.18,3.20,0.0032,464,178
T-BulletDispenser-1x,10605,37.441,3.13,3.12,0.0031,464,178
T-BulletDispenser-1x,10606,37.444,2.88,2.88,0.0029,464,178
T-BulletDispenser-1x,10607,37.447,2.77,2.80,0.0028,464,178
T-BulletDispenser-1x,10608,37.449,2.41,2.39,0.0024,464,178
T-BulletDispenser-1x,10609,37.452,3.27,3.22,0.0033,464,178
T-BulletDispenser-1x,10610,37.456,3.27,3.28,0.0033,464,178
T-BulletDispenser-1x,10611,37.459,3.39,3.41,0.0034,464,178
T-BulletDispenser-1x,10612,37.462,3.10,3.10,0.0031,464,178
T-BulletDispenser-1x,10613,37.465,2.56,2.59,0.0026,464,178
T-BulletDispenser-1x,10614,37.468,2.94,2.91,0.0029,464,178
T-BulletDispenser-1x,10615,37.471,2.89,2.89,0.0029,464,178
T-BulletDispenser-1x,10616,37.474,3.18,3.12,0.0032,464,178
T-BulletDispenser-1x,10617,37.477,3.01,3.07,0.0030,464,178
T-BulletDispenser-1x,10618,37.480,3.21,3.21,0.0032,464,178
T-BulletDispenser-1x,10619,37.483,2.90,2.89,0.0029,464,178
T-BulletDispenser-1x,10620,37.486,2.80,2.79,0.0028,464,178
T-BulletDispenser-1x,10621,37.489,3.09,3.09,0.0031,464,178
T-BulletDispenser-1x,10622,37.492,3.31,3.30,0.0033,464,178
T-BulletDispenser-1x,10623,37.495,3.31,3.31,0.0033,464,178
T-BulletDispenser-1x,10624,37.499,3.31,3.31,0.0033,464,178
T-BulletDispenser-1x,10625,37.502,2.87,2.88,0.0029,464,178
T-BulletDispenser-1x,10626,37.505,2.92,2.90,0.0029,464,178
T-BulletDispenser-1x,10627,37.508,3.60,3.61,0.0036,464,178
T-BulletDispenser-1x,10628,37.512,3.53,3.50,0.0035,464,178
T-BulletDispenser-1x,10629,37.515,3.18,3.20,0.0032,464,178
T-BulletDispenser-1x,10630,37.518,3.06,3.10,0.0031,464,178
T-BulletDispenser-1x,10631,37.521,2.64,2.59,0.0026,464,178
T-BulletDispenser-1x,10632,37.523,2.77,2.79,0.0028,464,178
T-BulletDispenser-1x,10633,37.526,3.01,2.99,0.0030,464,178
T-BulletDispenser-1x,10634,37.529,2.91,2.90,0.0029,464,178
T-BulletDispenser-1x,10635,37.532,3.10,3.10,0.0031,464,178
T-BulletDispenser-1x,10636,37.535,2.90,2.91,0.0029,464,178
T-BulletDispenser-1x,10637,37.538,3.07,3.09,0.0031,464,178
T-BulletDispenser-1x,10638,37.541,2.51,2.50,0.0025,464,178
T-BulletDispenser-1x,10639,37.544,3.23,3.21,0.0032,464,178
T-BulletDispenser-1x,10640,37.547,3.19,3.19,0.0032,464,178
T-BulletDispenser-1x,10641,37.550,3.16,3.19,0.0032,464,178
T-BulletDispenser-1x,10642,37.553,2.94,2.91,0.0029,464,178
T-BulletDispenser-1x,10643,37.557,3.18,3.18,0.0032,464,178
T-BulletDispenser-1x,10644,37.559,2.75,2.79,0.0027,516,178
T-BulletDispenser-1x,10645,37.562,2.78,2.73,0.0028,464,178
T-BulletDispenser-1x,10646,37.565,2.77,2.79,0.0028,464,178
T-BulletDispenser-1x,10647,37.568,3.13,3.09,0.0031,464,178
T-BulletDispenser-1x,10648,37.571,2.88,2.90,0.0029,464,178
T-BulletDispenser-1x,10649,37.573,2.67,2.68,0.0027,464,178
T-BulletDispenser-1x,10650,37.576,2.90,2.89,0.0029,464,178
T-BulletDispenser-1x,10651,37.579,2.94,2.92,0.0029,464,178
T-BulletDispenser-1x,10652,37.582,2.75,2.78,0.0028,464,178
T-BulletDispenser-1x,10653,37.585,2.93,2.91,0.0029,464,178
T-BulletDispenser-1x,10654,37.588,2.89,2.89,0.0029,464,178
T-BulletDispenser-1x,10655,37.591,2.69,2.68,0.0027,464,178
T-BulletDispenser-1x,10656,37.593,2.80,2.81,0.0028,464,178
T-BulletDispenser-1x,10657,37.596,2.74,2.71,0.0027,464,178
T-BulletDispenser-1x,10658,37.599,3.10,3.10,0.0031,464,178
T-BulletDispenser-1x,10659,37.602,3.00,3.00,0.0030,464,178
T-BulletDispenser-1x,10660,37.605,2.84,2.88,0.0028,464,178
T-BulletDispenser-1x,10661,37.608,2.88,2.82,0.0029,464,178
T-BulletDispenser-1x,10662,37.611,3.01,3.00,0.0030,464,178
T-BulletDispenser-1x,10663,37.614,3.08,3.10,0.0031,464,178
T-BulletDispenser-1x,10664,37.617,3.37,3.38,0.0034,464,178
T-BulletDispenser-1x,10665,37.621,3.23,3.20,0.0032,464,178
T-BulletDispenser-1x,10666,37.624,3.22,3.21,0.0032,464,178
T-BulletDispenser-1x,10667,37.627,3.24,3.29,0.0032,464,178
T-BulletDispenser-1x,10668,37.630,2.95,2.90,0.0029,464,178
T-BulletDispenser-1x,10669,37.633,3.23,3.21,0.0032,464,178
T-BulletDispenser-1x,10670,37.637,3.44,3.45,0.0034,464,178
T-BulletDispenser-1x,10671,37.639,2.69,2.74,0.0027,464,178
T-BulletDispenser-1x,10672,37.642,3.03,2.99,0.0030,464,178
T-BulletDispenser-1x,10673,37.645,2.78,2.80,0.0028,464,178
T-BulletDispenser-1x,10674,37.648,2.56,2.59,0.0026,464,178
T-BulletDispenser-1x,10675,37.651,2.85,2.80,0.0028,464,178
T-BulletDispenser-1x,10676,37.654,3.33,3.32,0.0033,464,178
T-BulletDispenser-1x,10677,37.657,3.30,3.30,0.0033,464,178
T-BulletDispenser-1x,10678,37.660,3.00,3.00,0.0030,464,178
T-BulletDispenser-1x,10679,37.663,3.06,3.09,0.0031,464,178
T-BulletDispenser-1x,10680,37.666,2.82,2.79,0.0028,464,178
T-BulletDispenser-1x,10681,37.669,2.90,2.89,0.0029,464,178
T-BulletDispenser-1x,10682,37.672,2.97,3.00,0.0030,464,178
T-BulletDispenser-1x,10683,37.675,3.06,3.00,0.0031,464,178
T-BulletDispenser-1x,10684,37.678,3.37,3.40,0.0034,464,178
T-BulletDispenser-1x,10685,37.681,2.97,3.00,0.0030,464,178
T-BulletDispenser-1x,10686,37.684,2.82,2.81,0.0028,464,178
T-BulletDispenser-1x,10687,37.687,2.91,2.89,0.0029,464,178
T-BulletDispenser-1x,10688,37.690,3.11,3.10,0.0031,464,178
T-BulletDispenser-1x,10689,37.694,3.54,3.50,0.0035,464,178
T-BulletDispenser-1x,10690,37.697,3.04,3.09,0.0030,464,178
T-BulletDispenser-1x,10691,37.700,3.13,3.12,0.0031,464,178
T-BulletDispenser-1x,10692,37.702,2.53,2.56,0.0025,464,178
T-BulletDispenser-1x,10693,37.705,2.93,2.91,0.0029,464,178
T-BulletDispenser-1x,10694,37.709,3.33,3.31,0.0033,464,178
T-BulletDispenser-1x,10695,37.712,3.19,3.20,0.0032,464,178
T-BulletDispenser-1x,10696,37.715,2.64,2.67,0.0026,464,178
T-BulletDispenser-1x,10697,37.718,3.04,3.01,0.0030,464,178
T-BulletDispenser-1x,10698,37.721,3.09,3.10,0.0031,464,178
T-BulletDispenser-1x,10699,37.723,2.37,2.40,0.0024,464,178
T-BulletDispenser-1x,10700,37.726,2.64,2.60,0.0026,464,178
T-BulletDispenser-1x,10701,37.729,3.21,3.20,0.0032,464,178
T-BulletDispenser-1x,10702,37.733,3.62,3.62,0.0036,464,178
T-BulletDispenser-1x,10703,37.735,2.87,2.91,0.0029,464,178
T-BulletDispenser-1x,10704,37.739,3.11,3.09,0.0031,464,178
T-BulletDispenser-1x,10705,37.742,3.19,3.19,0.0032,464,178
T-BulletDispenser-1x,10706,37.745,3.13,3.11,0.0031,464,178
T-BulletDispenser-1x,10707,37.748,2.95,2.99,0.0030,464,178
T-BulletDispenser-1x,10708,37.752,3.75,3.71,0.0038,464,178
T-BulletDispenser-1x,10709,37.755,3.35,3.38,0.0034,464,178
T-BulletDispenser-1x,10710,37.758,2.68,2.69,0.0027,464,178
T-BulletDispenser-1x,10711,37.760,2.57,2.60,0.0026,516,178
T-BulletDispenser-1x,10712,37.763,2.54,2.51,0.0025,464,178
T-BulletDispenser-1x,10713,37.766,3.21,3.19,0.0032,464,178
T-BulletDispenser-1x,10714,37.769,3.21,3.21,0.0032,464,178
T-BulletDispenser-1x,10715,37.772,2.88,2.89,0.0029,464,178
T-BulletDispenser-1x,10716,37.775,3.18,3.20,0.0032,464,178
T-BulletDispenser-1x,10717,37.778,3.14,3.11,0.0031,464,178
T-BulletDispenser-1x,10718,37.781,2.98,2.99,0.0030,464,178
T-BulletDispenser-1x,10719,37.784,3.08,3.10,0.0031,464,178
T-BulletDispenser-1x,10720,37.788,3.13,3.10,0.0031,464,178
T-BulletDispenser-1x,10721,37.790,2.77,2.80,0.0028,464,178
T-BulletDispenser-1x,10722,37.793,2.92,2.91,0.0029,464,178
T-BulletDispenser-1x,10723,37.796,3.17,3.10,0.0032,464,178
T-BulletDispenser-1x,10724,37.800,3.18,3.21,0.0032,464,178
T-BulletDispenser-1x,10725,37.802,2.64,2.69,0.0026,464,178
T-BulletDispenser-1x,10726,37.805,3.15,3.11,0.0031,464,178
T-BulletDispenser-1x,10727,37.809,3.30,3.29,0.0033,464,178
T-BulletDispenser-1x,10728,37.812,3.00,3.00,0.0030,464,178
T-BulletDispenser-1x,10729,37.815,3.00,3.00,0.0030,464,178
T-BulletDispenser-1x,10730,37.818,2.98,2.99,0.0030,464,178
T-BulletDispenser-1x,10731,37.821,2.98,2.98,0.0030,464,178
T-BulletDispenser-1x,10732,37.824,3.17,3.12,0.0032,464,178
T-BulletDispenser-1x,10733,37.826,2.74,2.80,0.0027,464,178
T-BulletDispenser-1x,10734,37.830,3.04,3.01,0.0030,464,178
T-BulletDispenser-1x,10735,37.832,2.97,2.98,0.0030,464,178
T-BulletDispenser-1x,10736,37.835,2.47,2.49,0.0025,464,178
T-BulletDispenser-1x,10737,37.837,2.51,2.50,0.0025,464,178
T-BulletDispenser-1x,10738,37.840,2.83,2.82,0.0028,464,178
T-BulletDispenser-1x,10739,37.843,2.88,2.88,0.0029,464,178
T-BulletDispenser-1x,10740,37.846,2.69,2.70,0.0027,464,178
T-BulletDispenser-1x,10741,37.849,3.27,3.22,0.0033,464,178
T-BulletDispenser-1x,10742,37.852,3.18,3.19,0.0032,464,178
T-BulletDispenser-1x,10743,37.855,3.09,3.10,0.0031,464,178
T-BulletDispenser-1x,10744,37.858,3.00,3.00,0.0030,464,178
T-BulletDispenser-1x,10745,37.861,2.89,2.90,0.0029,464,178
T-BulletDispenser-1x,10746,37.864,2.82,2.79,0.0028,464,178
T-BulletDispenser-1x,10747,37.867,3.24,3.21,0.0032,464,178
T-BulletDispenser-1x,10748,37.871,3.33,3.37,0.0033,464,178
T-BulletDispenser-1x,10749,37.874,3.07,3.03,0.0031,464,178
T-BulletDispenser-1x,10750,37.877,2.94,2.99,0.0029,464,178
T-BulletDispenser-1x,10751,37.880,3.22,3.20,0.0032,464,178
T-BulletDispenser-1x,10752,37.883,2.87,2.89,0.0029,464,178
T-BulletDispenser-1x,10753,37.886,3.08,3.02,0.0031,464,178
T-BulletDispenser-1x,10754,37.889,2.93,2.97,0.0029,464,178
T-BulletDispenser-1x,10755,37.892,3.21,3.21,0.0032,464,178
T-BulletDispenser-1x,10756,37.895,2.73,2.70,0.0027,464,178
T-BulletDispenser-1x,10757,37.898,3.50,3.50,0.0035,464,178
T-BulletDispenser-1x,10758,37.901,3.09,3.09,0.0031,464,178
T-BulletDispenser-1x,10759,37.904,3.07,3.09,0.0031,464,178
T-BulletDispenser-1x,10760,37.907,3.02,3.01,0.0030,464,178
T-BulletDispenser-1x,10761,37.910,2.87,2.89,0.0029,464,178
T-BulletDispenser-1x,10762,37.913,2.89,2.90,0.0029,464,178
T-BulletDispenser-1x,10763,37.916,2.83,2.81,0.0028,464,178
T-BulletDispenser-1x,10764,37.919,2.90,2.90,0.0029,464,178
T-BulletDispenser-1x,10765,37.922,2.98,3.00,0.0030,464,178
T-BulletDispenser-1x,10766,37.925,2.95,2.91,0.0029,464,178
T-BulletDispenser-1x,10767,37.928,3.22,3.18,0.0032,464,178
T-BulletDispenser-1x,10768,37.931,2.72,2.80,0.0027,464,178
T-BulletDispenser-1x,10769,37.933,2.62,2.59,0.0026,464,178
T-BulletDispenser-1x,10770,37.936,3.10,3.10,0.0031,464,178
T-BulletDispenser-1x,10771,37.940,3.02,3.01,0.0030,464,178
T-BulletDispenser-1x,10772,37.943,3.06,3.09,0.0031,464,178
T-BulletDispenser-1x,10773,37.945,2.83,2.80,0.0028,464,178
T-BulletDispenser-1x,10774,37.948,2.80,2.80,0.0028,464,178
T-BulletDispenser-1x,10775,37.951,2.70,2.72,0.0027,464,178
T-BulletDispenser-1x,10776,37.954,2.90,2.86,0.0029,464,178
T-BulletDispenser-1x,10777,37.957,3.42,3.41,0.0034,464,178
T-BulletDispenser-1x,10778,37.961,3.42,3.41,0.0034,464,178
T-BulletDispenser-1x,10779,37.964,2.96,2.99,0.0030,516,178
T-BulletDispenser-1x,10780,37.966,2.82,2.81,0.0028,464,178
T-BulletDispenser-1x,10781,37.969,3.02,3.00,0.0030,464,178
T-BulletDispenser-1x,10782,37.973,3.20,3.20,0.0032,464,178
T-BulletDispenser-1x,10783,37.976,3.31,3.30,0.0033,464,178
T-BulletDispenser-1x,10784,37.979,3.04,3.07,0.0030,464,178
T-BulletDispenser-1x,10785,37.982,3.18,3.12,0.0032,464,178
T-BulletDispenser-1x,10786,37.986,3.41,3.42,0.0034,464,178
T-BulletDispenser-1x,10787,37.989,3.27,3.29,0.0033,464,178
T-BulletDispenser-1x,10788,37.992,3.24,3.28,0.0032,464,178
T-BulletDispenser-1x,10789,37.995,3.01,3.00,0.0030,464,178
T-BulletDispenser-1x,10790,37.998,3.01,3.01,0.0030,464,178
T-BulletDispenser-1x,10791,38.001,3.07,3.09,0.0031,464,178
T-BulletDispenser-1x,10792,38.004,2.69,2.60,0.0027,464,178
T-BulletDispenser-1x,10793,38.007,3.26,3.29,0.0033,464,178
T-BulletDispenser-1x,10794,38.010,3.00,3.01,0.0030,464,178
T-BulletDispenser-1x,10795,38.013,3.02,3.07,0.0030,464,178
T-BulletDispenser-1x,10796,38.016,2.74,2.70,0.0027,464,178
T-BulletDispenser-1x,10797,38.019,2.90,2.91,0.0029,464,178
T-BulletDispenser-1x,10798,38.022,3.18,3.00,0.0032,464,178
T-BulletDispenser-1x,10799,38.025,2.81,2.98,0.0028,464,178
T-BulletDispenser-1x,10800,38.028,2.81,2.81,0.0028,464,178
T-BulletDispenser-1x,10801,38.031,2.99,2.99,0.0030,464,178
T-BulletDispenser-1x,10802,38.034,3.35,3.32,0.0033,464,178
T-BulletDispenser-1x,10803,38.037,3.05,3.08,0.0031,464,178
T-BulletDispenser-1x,10804,38.040,2.90,2.92,0.0029,464,178
T-BulletDispenser-1x,10805,38.043,2.76,2.77,0.0028,464,178
T-BulletDispenser-1x,10806,38.045,2.59,2.51,0.0026,464,178
T-BulletDispenser-1x,10807,38.048,2.61,2.68,0.0026,464,178
T-BulletDispenser-1x,10808,38.051,2.74,2.70,0.0027,464,178
T-BulletDispenser-1x,10809,38.054,2.92,2.91,0.0029,464,178
T-BulletDispenser-1x,10810,38.057,2.99,3.00,0.0030,464,178
T-BulletDispenser-1x,10811,38.060,3.19,3.19,0.0032,464,178
T-BulletDispenser-1x,10812,38.063,3.22,3.21,0.0032,464,178
T-BulletDispenser-1x,10813,38.066,3.08,3.09,0.0031,464,178
T-BulletDispenser-1x,10814,38.069,2.57,2.59,0.0026,464,178
T-BulletDispenser-1x,10815,38.072,3.05,3.00,0.0030,464,178
T-BulletDispenser-1x,10816,38.075,3.18,3.21,0.0032,464,178
T-BulletDispenser-1x,10817,38.078,3.31,3.20,0.0033,464,178
T-BulletDispenser-1x,10818,38.081,2.77,2.89,0.0028,464,178
T-BulletDispenser-1x,10819,38.084,3.02,3.00,0.0030,464,178
T-BulletDispenser-1x,10820,38.087,2.92,2.91,0.0029,464,178
T-BulletDispenser-1x,10821,38.090,2.92,2.90,0.0029,464,178
T-BulletDispenser-1x,10822,38.093,3.16,3.17,0.0032,464,178
T-BulletDispenser-1x,10823,38.096,3.20,3.21,0.0032,464,178
T-BulletDispenser-1x,10824,38.099,3.25,3.21,0.0032,464,178
T-BulletDispenser-1x,10825,38.102,2.74,2.79,0.0027,464,178
T-BulletDispenser-1x,10826,38.105,2.75,2.70,0.0027,464,178
T-BulletDispenser-1x,10827,38.108,2.74,2.70,0.0027,464,178
T-BulletDispenser-1x,10828,38.111,3.15,3.20,0.0032,464,178
T-BulletDispenser-1x,10829,38.114,2.89,2.88,0.0029,464,178
T-BulletDispenser-1x,10830,38.116,2.72,2.70,0.0027,464,178
T-BulletDispenser-1x,10831,38.119,3.00,2.98,0.0030,464,178
T-BulletDispenser-1x,10832,38.122,3.00,3.01,0.0030,464,178
T-BulletDispenser-1x,10833,38.125,2.79,2.80,0.0028,464,178
T-BulletDispenser-1x,10834,38.127,2.35,2.39,0.0024,464,178
T-BulletDispenser-1x,10835,38.130,2.94,2.91,0.0029,464,178
T-BulletDispenser-1x,10836,38.134,3.32,3.30,0.0033,464,178
T-BulletDispenser-1x,10837,38.137,3.17,3.18,0.0032,464,178
T-BulletDispenser-1x,10838,38.140,2.89,2.91,0.0029,464,178
T-BulletDispenser-1x,10839,38.143,2.79,2.79,0.0028,464,178
T-BulletDispenser-1x,10840,38.146,3.00,3.00,0.0030,464,178
T-BulletDispenser-1x,10841,38.149,2.95,2.91,0.0029,464,178
T-BulletDispenser-1x,10842,38.152,3.08,3.10,0.0031,464,178
T-BulletDispenser-1x,10843,38.155,3.21,3.19,0.0032,464,178
T-BulletDispenser-1x,10844,38.158,3.10,3.09,0.0031,464,178
T-BulletDispenser-1x,10845,38.161,2.66,2.69,0.0027,464,178
T-BulletDispenser-1x,10846,38.163,2.81,2.81,0.0028,464,178
T-BulletDispenser-1x,10847,38.166,2.73,2.70,0.0027,516,178
T-BulletDispenser-1x,10848,38.169,2.90,2.90,0.0029,464,178
T-BulletDispenser-1x,10849,38.172,3.12,3.11,0.0031,464,178
T-BulletDispenser-1x,10850,38.175,3.28,3.29,0.0033,464,178
T-BulletDispenser-1x,10851,38.178,2.46,2.49,0.0025,464,178
T-BulletDispenser-1x,10852,38.181,2.93,2.90,0.0029,464,178
T-BulletDispenser-1x,10853,38.184,3.21,3.20,0.0032,464,178
T-BulletDispenser-1x,10854,38.187,3.01,3.01,0.0030,464,178
T-BulletDispenser-1x,10855,38.190,3.02,3.00,0.0030,464,178
T-BulletDispenser-1x,10856,38.193,2.76,2.78,0.0028,464,178
T-BulletDispenser-1x,10857,38.195,2.61,2.61,0.0026,464,178
T-BulletDispenser-1x,10858,38.198,2.69,2.68,0.0027,464,178
T-BulletDispenser-1x,10859,38.201,3.05,3.02,0.0030,464,178
T-BulletDispenser-1x,10860,38.204,3.21,3.21,0.0032,464,178
T-BulletDispenser-1x,10861,38.207,2.87,2.87,0.0029,464,178
T-BulletDispenser-1x,10862,38.210,3.13,3.11,0.0031,464,178
T-BulletDispenser-1x,10863,38.214,3.29,3.31,0.0033,464,178
T-BulletDispenser-1x,10864,38.217,3.37,3.37,0.0034,464,178
T-BulletDispenser-1x,10865,38.220,3.22,3.20,0.0032,464,178
T-BulletDispenser-1x,10866,38.223,3.21,3.20,0.0032,464,178
T-BulletDispenser-1x,10867,38.227,3.18,3.20,0.0032,464,178
T-BulletDispenser-1x,10868,38.230,3.11,3.10,0.0031,464,178
T-BulletDispenser-1x,10869,38.232,2.68,2.69,0.0027,464,178
T-BulletDispenser-1x,10870,38.235,2.81,2.80,0.0028,464,178
T-BulletDispenser-1x,10871,38.238,3.23,3.21,0.0032,464,178
T-BulletDispenser-1x,10872,38.242,3.29,3.29,0.0033,464,178
T-BulletDispenser-1x,10873,38.245,2.88,2.89,0.0029,464,178
T-BulletDispenser-1x,10874,38.247,2.81,2.81,0.0028,464,178
T-BulletDispenser-1x,10875,38.251,3.21,3.21,0.0032,464,178
T-BulletDispenser-1x,10876,38.254,2.97,2.98,0.0030,464,178
T-BulletDispenser-1x,10877,38.256,2.82,2.81,0.0028,464,178
T-BulletDispenser-1x,10878,38.259,2.99,3.01,0.0030,464,178
T-BulletDispenser-1x,10879,38.262,2.94,2.89,0.0029,464,178
T-BulletDispenser-1x,10880,38.266,3.18,3.20,0.0032,464,178
T-BulletDispenser-1x,10881,38.269,2.99,2.99,0.0030,464,178
T-BulletDispenser-1x,10882,38.272,3.31,3.30,0.0033,464,178
T-BulletDispenser-1x,10883,38.275,3.29,3.31,0.0033,464,178
T-BulletDispenser-1x,10884,38.278,2.69,2.68,0.0027,464,178
T-BulletDispenser-1x,10885,38.281,3.52,3.51,0.0035,464,178
T-BulletDispenser-1x,10886,38.285,3.31,3.29,0.0033,464,178
T-BulletDispenser-1x,10887,38.288,3.14,3.19,0.0031,464,178
T-BulletDispenser-1x,10888,38.291,3.38,3.32,0.0034,464,178
T-BulletDispenser-1x,10889,38.294,3.11,3.10,0.0031,464,178
T-BulletDispenser-1x,10890,38.297,2.98,2.98,0.0030,464,178
T-BulletDispenser-1x,10891,38.300,3.16,3.19,0.0032,464,178
T-BulletDispenser-1x,10892,38.304,3.40,3.40,0.0034,464,178
T-BulletDispenser-1x,10893,38.307,2.80,2.80,0.0028,464,178
T-BulletDispenser-1x,10894,38.310,2.98,3.01,0.0030,464,178
T-BulletDispenser-1x,10895,38.313,2.93,2.89,0.0029,464,178
T-BulletDispenser-1x,10896,38.316,3.23,3.22,0.0032,464,178
T-BulletDispenser-1x,10897,38.319,2.89,2.88,0.0029,464,178
T-BulletDispenser-1x,10898,38.322,3.18,3.19,0.0032,464,178
T-BulletDispenser-1x,10899,38.325,3.40,3.39,0.0034,464,178
T-BulletDispenser-1x,10900,38.328,3.12,3.10,0.0031,464,178
T-BulletDispenser-1x,10901,38.332,3.39,3.29,0.0034,464,178
T-BulletDispenser-1x,10902,38.335,3.52,3.60,0.0035,464,178
T-BulletDispenser-1x,10903,38.339,3.48,3.50,0.0035,464,178
T-BulletDispenser-1x,10904,38.342,3.29,3.30,0.0033,464,178
T-BulletDispenser-1x,10905,38.345,2.89,2.88,0.0029,464,178
T-BulletDispenser-1x,10906,38.348,2.92,2.93,0.0029,464,178
T-BulletDispenser-1x,10907,38.351,3.31,3.30,0.0033,464,178
T-BulletDispenser-1x,10908,38.354,3.15,3.18,0.0032,464,178
T-BulletDispenser-1x,10909,38.358,3.43,3.41,0.0034,464,178
T-BulletDispenser-1x,10910,38.361,3.03,3.00,0.0030,464,178
T-BulletDispenser-1x,10911,38.364,3.19,3.18,0.0032,464,178
T-BulletDispenser-1x,10912,38.367,3.27,3.29,0.0033,516,178
T-BulletDispenser-1x,10913,38.371,3.51,3.50,0.0035,464,178
T-BulletDispenser-1x,10914,38.374,3.22,3.20,0.0032,464,178
T-BulletDispenser-1x,10915,38.377,3.08,3.09,0.0031,464,178
T-BulletDispenser-1x,10916,38.380,3.07,3.03,0.0031,464,178
T-BulletDispenser-1x,10917,38.384,3.43,3.40,0.0034,464,178
T-BulletDispenser-1x,10918,38.386,2.77,2.86,0.0028,464,178
T-BulletDispenser-1x,10919,38.389,2.80,2.80,0.0028,464,178
T-BulletDispenser-1x,10920,38.392,2.80,2.80,0.0028,464,178
T-BulletDispenser-1x,10921,38.395,2.72,2.68,0.0027,464,178
T-BulletDispenser-1x,10922,38.398,3.44,3.41,0.0034,464,178
T-BulletDispenser-1x,10923,38.401,3.27,3.29,0.0033,464,178
T-BulletDispenser-1x,10924,38.405,3.50,3.51,0.0035,464,178
T-BulletDispenser-1x,10925,38.408,2.97,2.97,0.0030,464,178
T-BulletDispenser-1x,10926,38.411,2.79,2.80,0.0028,464,178
T-BulletDispenser-1x,10927,38.413,2.85,2.82,0.0029,464,178
T-BulletDispenser-1x,10928,38.417,3.23,3.18,0.0032,464,178
T-BulletDispenser-1x,10929,38.420,3.15,3.19,0.0031,464,178
T-BulletDispenser-1x,10930,38.423,3.32,3.31,0.0033,464,178
T-BulletDispenser-1x,10931,38.426,2.98,3.00,0.0030,464,178
T-BulletDispenser-1x,10932,38.429,2.71,2.69,0.0027,464,178
T-BulletDispenser-1x,10933,38.432,2.78,2.80,0.0028,464,178
T-BulletDispenser-1x,10934,38.435,3.03,3.00,0.0030,464,178
T-BulletDispenser-1x,10935,38.438,3.30,3.31,0.0033,464,178
T-BulletDispenser-1x,10936,38.441,3.21,3.20,0.0032,464,178
T-BulletDispenser-1x,10937,38.444,3.19,3.11,0.0032,464,178
T-BulletDispenser-1x,10938,38.448,3.19,3.28,0.0032,464,178
T-BulletDispenser-1x,10939,38.451,3.41,3.39,0.0034,464,178
T-BulletDispenser-1x,10940,38.454,2.99,3.01,0.0030,464,178
T-BulletDispenser-1x,10941,38.457,3.31,3.31,0.0033,464,178
T-BulletDispenser-1x,10942,38.460,3.15,3.09,0.0031,464,178
T-BulletDispenser-1x,10943,38.464,3.32,3.39,0.0033,464,178
T-BulletDispenser-1x,10944,38.467,3.34,3.31,0.0033,464,178
T-BulletDispenser-1x,10945,38.470,2.99,3.00,0.0030,464,178
T-BulletDispenser-1x,10946,38.473,3.18,3.21,0.0032,464,178
T-BulletDispenser-1x,10947,38.476,3.12,3.10,0.0031,464,178
T-BulletDispenser-1x,10948,38.479,3.10,3.10,0.0031,464,178
T-BulletDispenser-1x,10949,38.483,3.30,3.29,0.0033,464,178
T-BulletDispenser-1x,10950,38.486,3.10,3.10,0.0031,464,178
T-BulletDispenser-1x,10951,38.489,3.47,3.49,0.0035,464,178
T-BulletDispenser-1x,10952,38.493,3.42,3.41,0.0034,464,178
T-BulletDispenser-1x,10953,38.496,2.95,2.98,0.0030,464,178
T-BulletDispenser-1x,10954,38.499,2.94,2.90,0.0029,464,178
T-BulletDispenser-1x,10955,38.502,3.22,3.20,0.0032,464,178
T-BulletDispenser-1x,10956,38.505,3.63,3.58,0.0036,464,178
T-BulletDispenser-1x,10957,38.509,3.42,3.49,0.0034,464,178
T-BulletDispenser-1x,10958,38.512,3.01,3.00,0.0030,464,178
T-BulletDispenser-1x,10959,38.515,3.00,3.02,0.0030,464,178
T-BulletDispenser-1x,10960,38.518,2.91,2.88,0.0029,464,178
T-BulletDispenser-1x,10961,38.521,2.71,2.71,0.0027,464,178
T-BulletDispenser-1x,10962,38.523,2.91,2.90,0.0029,464,178
T-BulletDispenser-1x,10963,38.527,3.33,3.29,0.0033,464,178
T-BulletDispenser-1x,10964,38.530,3.36,3.40,0.0034,464,178
T-BulletDispenser-1x,10965,38.534,3.68,3.69,0.0037,464,178
T-BulletDispenser-1x,10966,38.537,3.12,3.10,0.0031,464,178
T-BulletDispenser-1x,10967,38.541,3.76,3.71,0.0038,464,178
T-BulletDispenser-1x,10968,38.544,3.14,3.19,0.0031,464,178
T-BulletDispenser-1x,10969,38.547,3.29,3.29,0.0033,464,178
T-BulletDispenser-1x,10970,38.551,3.41,3.42,0.0034,464,178
T-BulletDispenser-1x,10971,38.553,2.69,2.69,0.0027,464,178
T-BulletDispenser-1x,10972,38.556,3.01,3.00,0.0030,464,178
T-BulletDispenser-1x,10973,38.559,3.21,3.18,0.0032,464,178
T-BulletDispenser-1x,10974,38.563,3.36,3.40,0.0034,464,178
T-BulletDispenser-1x,10975,38.566,3.13,3.10,0.0031,464,178
T-BulletDispenser-1x,10976,38.569,2.78,2.80,0.0028,516,178
T-BulletDispenser-1x,10977,38.572,3.32,3.30,0.0033,464,178
T-BulletDispenser-1x,10978,38.576,3.51,3.50,0.0035,464,178
T-BulletDispenser-1x,10979,38.579,3.16,3.19,0.0032,464,178
T-BulletDispenser-1x,10980,38.582,3.24,3.22,0.0032,464,178
T-BulletDispenser-1x,10981,38.585,3.19,3.18,0.0032,464,178
T-BulletDispenser-1x,10982,38.589,3.47,3.41,0.0035,464,178
T-BulletDispenser-1x,10983,38.592,3.84,3.88,0.0038,464,178
T-BulletDispenser-1x,10984,38.596,3.35,3.40,0.0034,464,178
T-BulletDispenser-1x,10985,38.599,3.53,3.50,0.0035,464,178
T-BulletDispenser-1x,10986,38.602,2.73,2.78,0.0027,464,178
T-BulletDispenser-1x,10987,38.605,3.18,3.13,0.0032,464,178
T-BulletDispenser-1x,10988,38.609,3.27,3.28,0.0033,464,178
T-BulletDispenser-1x,10989,38.612,3.30,3.30,0.0033,464,178
T-BulletDispenser-1x,10990,38.615,3.10,3.11,0.0031,464,178
T-BulletDispenser-1x,10991,38.619,3.64,3.60,0.0036,464,178
T-BulletDispenser-1x,10992,38.622,3.75,3.72,0.0037,464,178
T-BulletDispenser-1x,10993,38.626,3.52,3.56,0.0035,464,178
T-BulletDispenser-1x,10994,38.629,3.28,3.30,0.0033,464,178
T-BulletDispenser-1x,10995,38.632,3.31,3.29,0.0033,464,178
T-BulletDispenser-1x,10996,38.635,2.77,2.81,0.0028,464,178
T-BulletDispenser-1x,10997,38.638,2.73,2.70,0.0027,464,178
T-BulletDispenser-1x,10998,38.641,2.79,2.78,0.0028,464,178
T-BulletDispenser-1x,10999,38.644,3.11,3.12,0.0031,464,178
T-BulletDispenser-1x,11000,38.647,2.88,2.87,0.0029,464,178
T-BulletDispenser-1x,11001,38.650,2.93,2.91,0.0029,464,178
T-BulletDispenser-1x,11002,38.653,3.44,3.39,0.0034,464,178
T-BulletDispenser-1x,11003,38.657,3.43,3.49,0.0034,464,178
T-BulletDispenser-1x,11004,38.660,3.03,3.02,0.0030,464,178
T-BulletDispenser-1x,11005,38.662,2.87,2.87,0.0029,464,178
T-BulletDispenser-1x,11006,38.666,3.43,3.40,0.0034,464,178
T-BulletDispenser-1x,11007,38.669,3.29,3.31,0.0033,464,178
T-BulletDispenser-1x,11008,38.672,3.35,3.31,0.0033,464,178
T-BulletDispenser-1x,11009,38.676,3.24,3.29,0.0032,464,178
T-BulletDispenser-1x,11010,38.679,3.32,3.30,0.0033,464,178
T-BulletDispenser-1x,11011,38.682,2.85,2.88,0.0028,464,178
T-BulletDispenser-1x,11012,38.685,2.91,2.91,0.0029,464,178
T-BulletDispenser-1x,11013,38.688,3.02,2.99,0.0030,464,178
T-BulletDispenser-1x,11014,38.691,3.10,3.09,0.0031,464,178
T-BulletDispenser-1x,11015,38.694,3.30,3.24,0.0033,464,178
T-BulletDispenser-1x,11016,38.697,3.10,3.16,0.0031,464,178
T-BulletDispenser-1x,11017,38.701,3.29,3.29,0.0033,464,178
T-BulletDispenser-1x,11018,38.703,2.58,2.59,0.0026,464,178
T-BulletDispenser-1x,11019,38.706,3.02,2.99,0.0030,464,178
T-BulletDispenser-1x,11020,38.710,3.39,3.41,0.0034,464,178
T-BulletDispenser-1x,11021,38.713,3.23,3.19,0.0032,464,178
T-BulletDispenser-1x,11022,38.716,3.59,3.60,0.0036,464,178
T-BulletDispenser-1x,11023,38.720,3.16,3.11,0.0032,464,178
T-BulletDispenser-1x,11024,38.722,2.70,2.78,0.0027,464,178
T-BulletDispenser-1x,11025,38.725,2.55,2.50,0.0026,464,178
T-BulletDispenser-1x,11026,38.728,3.22,3.22,0.0032,464,178
T-BulletDispenser-1x,11027,38.731,2.98,2.99,0.0030,464,178
T-BulletDispenser-1x,11028,38.734,3.30,3.29,0.0033,464,178
T-BulletDispenser-1x,11029,38.738,3.31,3.30,0.0033,464,178
T-BulletDispenser-1x,11030,38.741,3.53,3.50,0.0035,464,178
T-BulletDispenser-1x,11031,38.744,3.05,3.09,0.0031,464,178
T-BulletDispenser-1x,11032,38.747,3.16,3.12,0.0032,464,178
T-BulletDispenser-1x,11033,38.751,3.43,3.47,0.0034,464,178
T-BulletDispenser-1x,11034,38.754,3.32,3.32,0.0033,464,178
T-BulletDispenser-1x,11035,38.757,3.02,3.00,0.0030,464,178
T-BulletDispenser-1x,11036,38.761,3.60,3.61,0.0036,464,178
T-BulletDispenser-1x,11037,38.764,2.96,2.98,0.0030,464,178
T-BulletDispenser-1x,11038,38.767,3.34,3.31,0.0033,464,178
T-BulletDispenser-1x,11039,38.770,3.30,3.31,0.0033,516,178
T-BulletDispenser-1x,11040,38.773,2.76,2.78,0.0028,464,178
T-BulletDispenser-1x,11041,38.776,3.23,3.19,0.0032,464,178
T-BulletDispenser-1x,11042,38.780,3.47,3.50,0.0035,464,178
T-BulletDispenser-1x,11043,38.783,2.99,2.99,0.0030,464,178
T-BulletDispenser-1x,11044,38.786,3.13,3.11,0.0031,464,178
T-BulletDispenser-1x,11045,38.789,3.20,3.20,0.0032,464,178
T-BulletDispenser-1x,11046,38.793,3.42,3.40,0.0034,464,178
T-BulletDispenser-1x,11047,38.796,2.98,2.98,0.0030,464,178
T-BulletDispenser-1x,11048,38.799,3.38,3.40,0.0034,464,178
T-BulletDispenser-1x,11049,38.802,3.19,3.19,0.0032,464,178
T-BulletDispenser-1x,11050,38.805,3.02,3.00,0.0030,464,178
T-BulletDispenser-1x,11051,38.808,3.01,3.00,0.0030,464,178
T-BulletDispenser-1x,11052,38.811,2.94,2.90,0.0029,464,178
T-BulletDispenser-1x,11053,38.814,2.95,2.99,0.0029,464,178
T-BulletDispenser-1x,11054,38.817,2.95,2.90,0.0030,464,178
T-BulletDispenser-1x,11055,38.820,3.47,3.48,0.0035,464,178
T-BulletDispenser-1x,11056,38.823,2.97,3.01,0.0030,464,178
T-BulletDispenser-1x,11057,38.826,2.88,2.88,0.0029,464,178
T-BulletDispenser-1x,11058,38.829,3.13,3.10,0.0031,464,178
T-BulletDispenser-1x,11059,38.833,3.42,3.40,0.0034,464,178
T-BulletDispenser-1x,11060,38.836,3.10,3.09,0.0031,464,178
T-BulletDispenser-1x,11061,38.839,3.44,3.42,0.0034,464,178
T-BulletDispenser-1x,11062,38.843,3.36,3.38,0.0034,464,178
T-BulletDispenser-1x,11063,38.846,3.51,3.51,0.0035,464,178
T-BulletDispenser-1x,11064,38.850,3.29,3.30,0.0033,464,178
T-BulletDispenser-1x,11065,38.853,3.51,3.50,0.0035,464,178
T-BulletDispenser-1x,11066,38.856,3.41,3.40,0.0034,464,178
T-BulletDispenser-1x,11067,38.859,2.94,2.98,0.0029,464,178
T-BulletDispenser-1x,11068,38.863,3.14,3.10,0.0031,464,178
T-BulletDispenser-1x,11069,38.866,3.61,3.60,0.0036,464,178
T-BulletDispenser-1x,11070,38.870,3.49,3.51,0.0035,464,178
T-BulletDispenser-1x,11071,38.873,2.90,2.89,0.0029,464,178
T-BulletDispenser-1x,11072,38.876,3.43,3.42,0.0034,464,178
T-BulletDispenser-1x,11073,38.879,3.33,3.28,0.0033,464,178
T-BulletDispenser-1x,11074,38.883,3.79,3.81,0.0038,464,178
T-BulletDispenser-1x,11075,38.887,3.53,3.57,0.0035,464,178
T-BulletDispenser-1x,11076,38.890,2.99,3.02,0.0030,464,178
T-BulletDispenser-1x,11077,38.893,3.57,3.51,0.0036,464,178
T-BulletDispenser-1x,11078,38.896,3.01,3.08,0.0030,464,178
T-BulletDispenser-1x,11079,38.899,2.97,2.90,0.0030,464,178
T-BulletDispenser-1x,11080,38.902,2.85,2.90,0.0029,464,178
T-BulletDispenser-1x,11081,38.905,3.11,3.08,0.0031,464,178
T-BulletDispenser-1x,11082,38.908,3.05,3.02,0.0031,464,178
T-BulletDispenser-1x,11083,38.911,3.25,3.28,0.0033,464,178
T-BulletDispenser-1x,11084,38.915,3.47,3.40,0.0035,464,178
T-BulletDispenser-1x,11085,38.918,3.24,3.31,0.0032,464,178
T-BulletDispenser-1x,11086,38.921,2.75,2.77,0.0027,464,178
T-BulletDispenser-1x,11087,38.923,2.51,2.51,0.0025,464,178
T-BulletDispenser-1x,11088,38.926,2.84,2.79,0.0028,464,178
T-BulletDispenser-1x,11089,38.929,3.18,3.20,0.0032,464,178
T-BulletDispenser-1x,11090,38.933,3.33,3.31,0.0033,464,178
T-BulletDispenser-1x,11091,38.936,3.33,3.32,0.0033,464,178
T-BulletDispenser-1x,11092,38.939,3.00,3.04,0.0030,464,178
T-BulletDispenser-1x,11093,38.942,3.03,2.93,0.0030,464,178
T-BulletDispenser-1x,11094,38.945,3.05,3.09,0.0031,464,178
T-BulletDispenser-1x,11095,38.948,3.12,3.12,0.0031,464,178
T-BulletDispenser-1x,11096,38.952,3.48,3.49,0.0035,464,178
T-BulletDispenser-1x,11097,38.955,3.28,3.30,0.0033,464,178
T-BulletDispenser-1x,11098,38.958,3.29,3.30,0.0033,464,178
T-BulletDispenser-1x,11099,38.961,3.01,3.00,0.0030,464,178
T-BulletDispenser-1x,11100,38.964,3.06,3.07,0.0031,464,178
T-BulletDispenser-1x,11101,38.968,3.35,3.32,0.0034,464,178
T-BulletDispenser-1x,11102,38.971,3.25,3.29,0.0032,516,178
T-BulletDispenser-1x,11103,38.974,2.77,2.69,0.0028,464,178
T-BulletDispenser-1x,11104,38.977,3.06,3.10,0.0031,464,178
T-BulletDispenser-1x,11105,38.980,3.07,3.10,0.0031,464,178
T-BulletDispenser-1x,11106,38.982,2.59,2.58,0.0026,464,178
T-BulletDispenser-1x,11107,38.985,2.83,2.82,0.0028,464,178
T-BulletDispenser-1x,11108,38.988,2.85,2.80,0.0028,464,178
T-BulletDispenser-1x,11109,38.991,3.17,3.18,0.0032,464,178
T-BulletDispenser-1x,11110,38.995,3.43,3.42,0.0034,464,178
T-BulletDispenser-1x,11111,38.998,3.26,3.29,0.0033,464,178
T-BulletDispenser-1x,11112,39.001,2.90,2.89,0.0029,464,178
T-BulletDispenser-1x,11113,39.004,2.74,2.73,0.0027,464,178
T-BulletDispenser-1x,11114,39.006,2.53,2.57,0.0025,464,178
T-BulletDispenser-1x,11115,39.009,2.74,2.71,0.0027,464,178
T-BulletDispenser-1x,11116,39.012,3.11,3.11,0.0031,464,178
T-BulletDispenser-1x,11117,39.015,3.03,3.03,0.0030,464,178
T-BulletDispenser-1x,11118,39.018,2.92,2.95,0.0029,464,178
T-BulletDispenser-1x,11119,39.021,3.12,3.10,0.0031,464,178
T-BulletDispenser-1x,11120,39.024,2.70,2.70,0.0027,464,178
T-BulletDispenser-1x,11121,39.027,2.89,2.90,0.0029,464,178
T-BulletDispenser-1x,11122,39.030,3.23,3.20,0.0032,464,178
T-BulletDispenser-1x,11123,39.033,3.18,3.20,0.0032,464,178
T-BulletDispenser-1x,11124,39.036,2.91,2.92,0.0029,464,178
T-BulletDispenser-1x,11125,39.039,2.88,2.89,0.0029,464,178
T-BulletDispenser-1x,11126,39.042,2.74,2.70,0.0027,464,178
T-BulletDispenser-1x,11127,39.045,2.98,3.00,0.0030,464,178
T-BulletDispenser-1x,11128,39.048,3.11,3.10,0.0031,464,178
T-BulletDispenser-1x,11129,39.051,3.22,3.20,0.0032,464,178
T-BulletDispenser-1x,11130,39.054,3.22,3.20,0.0032,464,178
T-BulletDispenser-1x,11131,39.057,3.01,3.00,0.0030,464,178
T-BulletDispenser-1x,11132,39.060,3.07,3.08,0.0031,464,178
T-BulletDispenser-1x,11133,39.063,2.97,2.98,0.0030,464,178
T-BulletDispenser-1x,11134,39.066,3.15,3.11,0.0032,464,178
T-BulletDispenser-1x,11135,39.070,3.15,3.20,0.0032,464,178
T-BulletDispenser-1x,11136,39.073,3.63,3.61,0.0036,464,178
T-BulletDispenser-1x,11137,39.076,3.11,3.09,0.0031,464,178
T-BulletDispenser-1x,11138,39.079,3.25,3.28,0.0033,464,178
T-BulletDispenser-1x,11139,39.083,3.22,3.22,0.0032,464,178
T-BulletDispenser-1x,11140,39.085,2.76,2.79,0.0028,464,178
T-BulletDispenser-1x,11141,39.089,3.21,3.20,0.0032,464,178
T-BulletDispenser-1x,11142,39.092,3.15,3.13,0.0031,464,178
T-BulletDispenser-1x,11143,39.095,3.06,3.07,0.0031,464,178
T-BulletDispenser-1x,11144,39.098,2.88,2.89,0.0029,464,178
T-BulletDispenser-1x,11145,39.101,3.22,3.21,0.0032,464,178
T-BulletDispenser-1x,11146,39.104,3.10,3.09,0.0031,464,178
T-BulletDispenser-1x,11147,39.107,3.21,3.19,0.0032,464,178
T-BulletDispenser-1x,11148,39.110,2.76,2.80,0.0028,464,178
T-BulletDispenser-1x,11149,39.113,3.15,3.11,0.0031,464,178
T-BulletDispenser-1x,11150,39.116,2.89,2.89,0.0029,464,178
T-BulletDispenser-1x,11151,39.119,2.58,2.59,0.0026,464,178
T-BulletDispenser-1x,11152,39.122,3.10,3.09,0.0031,464,178
T-BulletDispenser-1x,11153,39.125,3.10,3.10,0.0031,464,178
T-BulletDispenser-1x,11154,39.128,3.15,3.10,0.0032,464,178
T-BulletDispenser-1x,11155,39.131,2.83,2.90,0.0028,464,178
T-BulletDispenser-1x,11156,39.134,3.04,3.00,0.0030,464,178
T-BulletDispenser-1x,11157,39.137,2.63,2.66,0.0026,464,178
T-BulletDispenser-1x,11158,39.139,2.84,2.83,0.0028,464,178
T-BulletDispenser-1x,11159,39.143,3.23,3.19,0.0032,464,178
T-BulletDispenser-1x,11160,39.146,3.18,3.19,0.0032,464,178
T-BulletDispenser-1x,11161,39.149,3.18,3.19,0.0032,464,178
T-BulletDispenser-1x,11162,39.152,2.89,2.89,0.0029,464,178
T-BulletDispenser-1x,11163,39.154,2.61,2.61,0.0026,464,178
T-BulletDispenser-1x,11164,39.157,2.39,2.40,0.0024,464,178
T-BulletDispenser-1x,11165,39.160,2.93,2.91,0.0029,464,178
T-BulletDispenser-1x,11166,39.163,2.89,2.89,0.0029,464,178
T-BulletDispenser-1x,11167,39.166,3.41,3.40,0.0034,464,178
T-BulletDispenser-1x,11168,39.170,3.43,3.41,0.0034,464,178
T-BulletDispenser-1x,11169,39.173,3.27,3.29,0.0033,516,178
T-BulletDispenser-1x,11170,39.176,3.11,3.12,0.0031,464,178
T-BulletDispenser-1x,11171,39.179,3.18,3.18,0.0032,464,178
T-BulletDispenser-1x,11172,39.183,3.43,3.41,0.0034,464,178
T-BulletDispenser-1x,11173,39.186,3.19,3.20,0.0032,464,178
T-BulletDispenser-1x,11174,39.189,2.94,2.98,0.0029,464,178
T-BulletDispenser-1x,11175,39.192,3.34,3.32,0.0033,464,178
T-BulletDispenser-1x,11176,39.195,3.18,3.18,0.0032,464,178
T-BulletDispenser-1x,11177,39.199,3.38,3.33,0.0034,464,178
T-BulletDispenser-1x,11178,39.202,3.15,3.17,0.0031,464,178
T-BulletDispenser-1x,11179,39.205,3.41,3.41,0.0034,464,178
T-BulletDispenser-1x,11180,39.208,3.37,3.40,0.0034,464,178
T-BulletDispenser-1x,11181,39.212,3.23,3.19,0.0032,464,178
T-BulletDispenser-1x,11182,39.214,2.65,2.70,0.0026,464,178
T-BulletDispenser-1x,11183,39.217,2.96,2.91,0.0030,464,178
T-BulletDispenser-1x,11184,39.221,3.40,3.39,0.0034,464,178
T-BulletDispenser-1x,11185,39.224,3.15,3.09,0.0032,464,178
T-BulletDispenser-1x,11186,39.227,2.69,2.80,0.0027,464,178
T-BulletDispenser-1x,11187,39.230,3.15,3.09,0.0031,464,178
T-BulletDispenser-1x,11188,39.233,2.88,2.91,0.0029,464,178
T-BulletDispenser-1x,11189,39.235,2.66,2.68,0.0027,464,178
T-BulletDispenser-1x,11190,39.238,3.13,3.11,0.0031,464,178
T-BulletDispenser-1x,11191,39.242,3.20,3.20,0.0032,464,178
T-BulletDispenser-1x,11192,39.245,3.44,3.41,0.0034,464,178
T-BulletDispenser-1x,11193,39.248,2.73,2.77,0.0027,464,178
T-BulletDispenser-1x,11194,39.251,2.94,2.91,0.0029,464,178
T-BulletDispenser-1x,11195,39.254,3.20,3.20,0.0032,464,178
T-BulletDispenser-1x,11196,39.257,3.33,3.30,0.0033,464,178
T-BulletDispenser-1x,11197,39.260,2.63,2.69,0.0026,464,178
T-BulletDispenser-1x,11198,39.263,3.03,3.00,0.0030,464,178
T-BulletDispenser-1x,11199,39.266,3.10,3.10,0.0031,464,178
T-BulletDispenser-1x,11200,39.269,2.67,2.70,0.0027,464,178
T-BulletDispenser-1x,11201,39.271,2.72,2.68,0.0027,464,178
T-BulletDispenser-1x,11202,39.274,2.72,2.72,0.0027,464,178
T-BulletDispenser-1x,11203,39.277,2.99,3.00,0.0030,464,178
T-BulletDispenser-1x,11204,39.280,3.11,3.09,0.0031,464,178
T-BulletDispenser-1x,11205,39.283,3.08,3.09,0.0031,464,178
T-BulletDispenser-1x,11206,39.287,3.43,3.42,0.0034,464,178
T-BulletDispenser-1x,11207,39.290,3.07,3.08,0.0031,464,178
T-BulletDispenser-1x,11208,39.293,3.25,3.22,0.0032,464,178
T-BulletDispenser-1x,11209,39.296,3.12,3.17,0.0031,464,178
T-BulletDispenser-1x,11210,39.300,3.36,3.30,0.0034,464,178
T-BulletDispenser-1x,11211,39.303,3.21,3.21,0.0032,464,178
T-BulletDispenser-1x,11212,39.306,3.41,3.39,0.0034,464,178
T-BulletDispenser-1x,11213,39.310,3.56,3.60,0.0036,464,178
T-BulletDispenser-1x,11214,39.313,3.01,3.01,0.0030,464,178
T-BulletDispenser-1x,11215,39.315,2.46,2.49,0.0025,464,178
T-BulletDispenser-1x,11216,39.318,2.93,2.89,0.0029,464,178
T-BulletDispenser-1x,11217,39.321,2.89,2.90,0.0029,464,178
T-BulletDispenser-1x,11218,39.324,2.80,2.82,0.0028,464,178
T-BulletDispenser-1x,11219,39.327,3.00,2.99,0.0030,464,178
T-BulletDispenser-1x,11220,39.330,3.22,3.20,0.0032,464,178
T-BulletDispenser-1x,11221,39.333,3.18,3.20,0.0032,464,178
T-BulletDispenser-1x,11222,39.336,2.67,2.69,0.0027,464,178
T-BulletDispenser-1x,11223,39.339,2.69,2.69,0.0027,464,178
T-BulletDispenser-1x,11224,39.341,2.83,2.80,0.0028,464,178
T-BulletDispenser-1x,11225,39.345,3.27,3.23,0.0033,464,178
T-BulletDispenser-1x,11226,39.348,2.92,2.97,0.0029,464,178
T-BulletDispenser-1x,11227,39.351,3.11,3.11,0.0031,464,178
T-BulletDispenser-1x,11228,39.353,2.42,2.40,0.0024,464,178
T-BulletDispenser-1x,11229,39.356,2.97,2.93,0.0030,464,178
T-BulletDispenser-1x,11230,39.359,3.35,3.37,0.0033,464,178
T-BulletDispenser-1x,11231,39.363,3.18,3.20,0.0032,464,178
T-BulletDispenser-1x,11232,39.366,3.12,3.10,0.0031,464,178
T-BulletDispenser-1x,11233,39.369,2.96,2.99,0.0030,464,178
T-BulletDispenser-1x,11234,39.371,2.68,2.69,0.0027,464,178
T-BulletDispenser-1x,11235,39.374,2.84,2.81,0.0028,516,178
T-BulletDispenser-1x,11236,39.377,3.00,3.01,0.0030,464,178
T-BulletDispenser-1x,11237,39.380,3.06,3.09,0.0031,464,178
T-BulletDispenser-1x,11238,39.383,2.74,2.70,0.0027,464,178
T-BulletDispenser-1x,11239,39.386,2.75,2.77,0.0027,464,178
T-BulletDispenser-1x,11240,39.388,2.70,2.71,0.0027,464,178
T-BulletDispenser-1x,11241,39.391,2.47,2.40,0.0025,464,178
T-BulletDispenser-1x,11242,39.394,2.99,2.99,0.0030,464,178
T-BulletDispenser-1x,11243,39.397,3.30,3.31,0.0033,464,178
T-BulletDispenser-1x,11244,39.400,3.17,3.19,0.0032,464,178
T-BulletDispenser-1x,11245,39.403,3.06,3.02,0.0031,464,178
T-BulletDispenser-1x,11246,39.406,2.95,2.99,0.0029,464,178
T-BulletDispenser-1x,11247,39.409,2.80,2.79,0.0028,464,178
T-BulletDispenser-1x,11248,39.413,3.34,3.31,0.0033,464,178
T-BulletDispenser-1x,11249,39.416,3.32,3.30,0.0033,464,178
T-BulletDispenser-1x,11250,39.419,3.28,3.30,0.0033,464,178
T-BulletDispenser-1x,11251,39.422,3.20,3.18,0.0032,464,178
T-BulletDispenser-1x,11252,39.426,3.47,3.49,0.0035,464,178
T-BulletDispenser-1x,11253,39.429,3.01,3.02,0.0030,464,178
T-BulletDispenser-1x,11254,39.432,2.69,2.70,0.0027,464,178
T-BulletDispenser-1x,11255,39.435,3.32,3.28,0.0033,464,178
T-BulletDispenser-1x,11256,39.438,3.04,3.09,0.0030,464,178
T-BulletDispenser-1x,11257,39.441,3.26,3.21,0.0033,464,178
T-BulletDispenser-1x,11258,39.444,2.76,2.79,0.0028,464,178
T-BulletDispenser-1x,11259,39.447,3.13,3.10,0.0031,464,178
T-BulletDispenser-1x,11260,39.450,2.91,2.90,0.0029,464,178
T-BulletDispenser-1x,11261,39.453,3.00,2.99,0.0030,464,178
T-BulletDispenser-1x,11262,39.456,3.36,3.31,0.0034,464,178
T-BulletDispenser-1x,11263,39.459,3.14,3.18,0.0031,464,178
T-BulletDispenser-1x,11264,39.463,3.40,3.41,0.0034,464,178
T-BulletDispenser-1x,11265,39.466,2.93,2.91,0.0029,464,178
T-BulletDispenser-1x,11266,39.469,3.49,3.50,0.0035,464,178
T-BulletDispenser-1x,11267,39.473,3.41,3.40,0.0034,464,178
T-BulletDispenser-1x,11268,39.476,3.03,3.08,0.0030,464,178
T-BulletDispenser-1x,11269,39.479,3.13,3.09,0.0031,464,178
T-BulletDispenser-1x,11270,39.482,2.90,2.91,0.0029,464,178
T-BulletDispenser-1x,11271,39.485,2.98,2.99,0.0030,464,178
T-BulletDispenser-1x,11272,39.487,2.60,2.59,0.0026,464,178
T-BulletDispenser-1x,11273,39.490,2.81,2.81,0.0028,464,178
T-BulletDispenser-1x,11274,39.493,3.10,3.09,0.0031,464,178
T-BulletDispenser-1x,11275,39.496,2.89,2.91,0.0029,464,178
T-BulletDispenser-1x,11276,39.499,3.37,3.31,0.0034,464,178
T-BulletDispenser-1x,11277,39.503,3.33,3.32,0.0033,464,178
T-BulletDispenser-1x,11278,39.506,3.25,3.28,0.0032,464,178
T-BulletDispenser-1x,11279,39.509,3.06,3.09,0.0031,464,178
T-BulletDispenser-1x,11280,39.512,2.80,2.79,0.0028,464,178
T-BulletDispenser-1x,11281,39.515,3.03,3.01,0.0030,464,178
T-BulletDispenser-1x,11282,39.518,2.85,2.90,0.0028,464,178
T-BulletDispenser-1x,11283,39.521,2.95,2.90,0.0029,464,178
T-BulletDispenser-1x,11284,39.524,3.19,3.18,0.0032,464,178
T-BulletDispenser-1x,11285,39.527,2.65,2.70,0.0026,464,178
T-BulletDispenser-1x,11286,39.529,2.75,2.71,0.0027,464,178
T-BulletDispenser-1x,11287,39.532,2.75,2.78,0.0027,464,178
T-BulletDispenser-1x,11288,39.535,2.95,2.91,0.0030,464,178
T-BulletDispenser-1x,11289,39.538,2.88,2.90,0.0029,464,178
T-BulletDispenser-1x,11290,39.541,2.83,2.80,0.0028,464,178
T-BulletDispenser-1x,11291,39.544,3.30,3.29,0.0033,464,178
T-BulletDispenser-1x,11292,39.547,3.30,3.31,0.0033,464,178
T-BulletDispenser-1x,11293,39.550,3.17,3.18,0.0032,464,178
T-BulletDispenser-1x,11294,39.553,2.60,2.60,0.0026,464,178
T-BulletDispenser-1x,11295,39.556,2.95,2.90,0.0029,464,178
T-BulletDispenser-1x,11296,39.559,3.35,3.38,0.0034,464,178
T-BulletDispenser-1x,11297,39.562,3.02,3.02,0.0030,464,178
T-BulletDispenser-1x,11298,39.566,3.15,3.10,0.0032,464,178
T-BulletDispenser-1x,11299,39.568,2.81,2.88,0.0028,464,178
T-BulletDispenser-1x,11300,39.571,2.62,2.60,0.0026,464,178
T-BulletDispenser-1x,11301,39.574,2.80,2.81,0.0028,464,178
T-BulletDispenser-1x,11302,39.577,3.05,3.02,0.0030,516,178
T-BulletDispenser-1x,11303,39.580,3.18,3.19,0.0032,464,178
T-BulletDispenser-1x,11304,39.583,2.87,2.89,0.0029,464,178
T-BulletDispenser-1x,11305,39.585,2.59,2.61,0.0026,464,178
T-BulletDispenser-1x,11306,39.589,3.15,3.11,0.0031,464,178
T-BulletDispenser-1x,11307,39.591,2.81,2.79,0.0028,464,178
T-BulletDispenser-1x,11308,39.594,2.42,2.48,0.0024,464,178
T-BulletDispenser-1x,11309,39.597,2.73,2.71,0.0027,464,178
T-BulletDispenser-1x,11310,39.600,2.92,2.91,0.0029,464,178
T-BulletDispenser-1x,11311,39.603,2.99,2.99,0.0030,464,178
T-BulletDispenser-1x,11312,39.606,3.30,3.30,0.0033,464,178
T-BulletDispenser-1x,11313,39.609,3.23,3.20,0.0032,464,178
T-BulletDispenser-1x,11314,39.612,3.41,3.39,0.0034,464,178
T-BulletDispenser-1x,11315,39.616,3.17,3.19,0.0032,464,178
T-BulletDispenser-1x,11316,39.618,2.55,2.60,0.0026,464,178
T-BulletDispenser-1x,11317,39.621,2.74,2.71,0.0027,464,178
T-BulletDispenser-1x,11318,39.624,3.31,3.29,0.0033,464,178
T-BulletDispenser-1x,11319,39.628,3.31,3.30,0.0033,464,178
T-BulletDispenser-1x,11320,39.631,3.07,3.09,0.0031,464,178
T-BulletDispenser-1x,11321,39.634,3.12,3.11,0.0031,464,178
T-BulletDispenser-1x,11322,39.636,2.65,2.68,0.0026,464,178
T-BulletDispenser-1x,11323,39.639,2.60,2.60,0.0026,464,178
T-BulletDispenser-1x,11324,39.642,2.65,2.62,0.0026,464,178
T-BulletDispenser-1x,11325,39.644,2.69,2.69,0.0027,464,178
T-BulletDispenser-1x,11326,39.647,3.02,3.02,0.0030,464,178
T-BulletDispenser-1x,11327,39.650,2.89,2.88,0.0029,464,178
T-BulletDispenser-1x,11328,39.654,3.30,3.30,0.0033,464,178
T-BulletDispenser-1x,11329,39.657,3.34,3.31,0.0033,464,178
T-BulletDispenser-1x,11330,39.660,3.07,3.09,0.0031,464,178
T-BulletDispenser-1x,11331,39.663,3.42,3.39,0.0034,464,178
T-BulletDispenser-1x,11332,39.667,3.28,3.30,0.0033,464,178
T-BulletDispenser-1x,11333,39.670,2.91,2.90,0.0029,464,178
T-BulletDispenser-1x,11334,39.672,2.65,2.69,0.0026,464,178
T-BulletDispenser-1x,11335,39.675,3.14,3.10,0.0031,464,178
T-BulletDispenser-1x,11336,39.678,2.95,2.92,0.0029,464,178
T-BulletDispenser-1x,11337,39.681,2.96,2.97,0.0030,464,178
T-BulletDispenser-1x,11338,39.684,3.26,3.29,0.0033,464,178
T-BulletDispenser-1x,11339,39.688,3.09,3.10,0.0031,464,178
T-BulletDispenser-1x,11340,39.691,2.99,2.91,0.0030,464,178
T-BulletDispenser-1x,11341,39.694,3.03,3.09,0.0030,464,178
T-BulletDispenser-1x,11342,39.697,2.91,2.91,0.0029,464,178
T-BulletDispenser-1x,11343,39.699,2.72,2.71,0.0027,464,178
T-BulletDispenser-1x,11344,39.702,2.98,2.99,0.0030,464,178
T-BulletDispenser-1x,11345,39.705,3.20,3.20,0.0032,464,178
T-BulletDispenser-1x,11346,39.708,3.07,3.09,0.0031,464,178
T-BulletDispenser-1x,11347,39.711,2.94,2.90,0.0029,464,178
T-BulletDispenser-1x,11348,39.715,3.32,3.29,0.0033,464,178
T-BulletDispenser-1x,11349,39.718,3.24,3.31,0.0032,464,178
T-BulletDispenser-1x,11350,39.721,2.92,2.90,0.0029,464,178
T-BulletDispenser-1x,11351,39.724,3.22,3.20,0.0032,464,178
T-BulletDispenser-1x,11352,39.727,3.08,3.09,0.0031,464,178
T-BulletDispenser-1x,11353,39.730,3.23,3.21,0.0032,464,178
T-BulletDispenser-1x,11354,39.734,3.17,3.19,0.0032,464,178
T-BulletDispenser-1x,11355,39.736,2.46,2.49,0.0025,464,178
T-BulletDispenser-1x,11356,39.739,2.84,2.80,0.0028,464,178
T-BulletDispenser-1x,11357,39.742,3.21,3.20,0.0032,464,178
T-BulletDispenser-1x,11358,39.745,3.00,3.00,0.0030,464,178
T-BulletDispenser-1x,11359,39.748,2.86,2.90,0.0029,464,178
T-BulletDispenser-1x,11360,39.751,2.99,3.00,0.0030,464,178
T-BulletDispenser-1x,11361,39.754,3.03,3.01,0.0030,464,178
T-BulletDispenser-1x,11362,39.757,2.77,2.77,0.0028,464,178
T-BulletDispenser-1x,11363,39.759,2.59,2.61,0.0026,464,178
T-BulletDispenser-1x,11364,39.762,2.91,2.90,0.0029,464,178
T-BulletDispenser-1x,11365,39.765,2.82,2.79,0.0028,464,178
T-BulletDispenser-1x,11366,39.768,2.90,2.90,0.0029,464,178
T-BulletDispenser-1x,11367,39.772,3.54,3.50,0.0035,464,178
T-BulletDispenser-1x,11368,39.775,3.09,3.10,0.0031,464,178
T-BulletDispenser-1x,11369,39.777,2.55,2.60,0.0026,516,178
T-BulletDispenser-1x,11370,39.780,3.04,3.01,0.0030,464,178
T-BulletDispenser-1x,11371,39.784,3.49,3.49,0.0035,464,178
T-BulletDispenser-1x,11372,39.787,3.05,3.02,0.0030,464,178
T-BulletDispenser-1x,11373,39.790,3.26,3.29,0.0033,464,178
T-BulletDispenser-1x,11374,39.793,3.31,3.29,0.0033,464,178
T-BulletDispenser-1x,11375,39.797,3.37,3.39,0.0034,464,178
T-BulletDispenser-1x,11376,39.800,3.22,3.21,0.0032,464,178
T-BulletDispenser-1x,11377,39.803,3.11,3.10,0.0031,464,178
T-BulletDispenser-1x,11378,39.806,2.99,2.99,0.0030,464,178
T-BulletDispenser-1x,11379,39.809,2.95,2.99,0.0029,464,178
T-BulletDispenser-1x,11380,39.811,2.42,2.40,0.0024,464,178
T-BulletDispenser-1x,11381,39.814,3.04,3.01,0.0030,464,178
T-BulletDispenser-1x,11382,39.818,3.24,3.20,0.0032,464,178
T-BulletDispenser-1x,11383,39.821,3.12,3.18,0.0031,464,178
T-BulletDispenser-1x,11384,39.824,2.91,2.89,0.0029,464,178
T-BulletDispenser-1x,11385,39.827,2.87,2.90,0.0029,464,178
T-BulletDispenser-1x,11386,39.829,2.74,2.72,0.0027,464,178
T-BulletDispenser-1x,11387,39.832,3.00,2.98,0.0030,464,178
T-BulletDispenser-1x,11388,39.835,3.11,3.12,0.0031,464,178
T-BulletDispenser-1x,11389,39.839,3.30,3.30,0.0033,464,178
T-BulletDispenser-1x,11390,39.842,3.11,3.09,0.0031,464,178
T-BulletDispenser-1x,11391,39.845,3.19,3.18,0.0032,464,178
T-BulletDispenser-1x,11392,39.848,2.65,2.70,0.0027,464,178
T-BulletDispenser-1x,11393,39.850,2.64,2.61,0.0026,464,178
T-BulletDispenser-1x,11394,39.854,3.21,3.19,0.0032,464,178
T-BulletDispenser-1x,11395,39.857,3.34,3.31,0.0033,464,178
T-BulletDispenser-1x,11396,39.860,3.26,3.28,0.0033,464,178
T-BulletDispenser-1x,11397,39.863,3.28,3.31,0.0033,464,178
T-BulletDispenser-1x,11398,39.866,2.90,2.89,0.0029,464,178
T-BulletDispenser-1x,11399,39.869,2.76,2.78,0.0028,464,178
T-BulletDispenser-1x,11400,39.872,2.78,2.72,0.0028,464,178
T-BulletDispenser-1x,11401,39.875,3.29,3.31,0.0033,464,178
T-BulletDispenser-1x,11402,39.878,3.29,3.28,0.0033,464,178
T-BulletDispenser-1x,11403,39.882,3.53,3.52,0.0035,464,178
T-BulletDispenser-1x,11404,39.885,2.96,3.00,0.0030,464,178
T-BulletDispenser-1x,11405,39.888,2.78,2.78,0.0028,464,178
T-BulletDispenser-1x,11406,39.891,3.22,3.20,0.0032,464,178
T-BulletDispenser-1x,11407,39.894,3.33,3.30,0.0033,464,178
T-BulletDispenser-1x,11408,39.897,3.19,3.21,0.0032,464,178
T-BulletDispenser-1x,11409,39.901,3.60,3.60,0.0036,464,178
T-BulletDispenser-1x,11410,39.904,3.25,3.20,0.0033,464,178
T-BulletDispenser-1x,11411,39.908,3.44,3.47,0.0034,464,178
T-BulletDispenser-1x,11412,39.911,3.39,3.40,0.0034,464,178
T-BulletDispenser-1x,11413,39.914,3.21,3.20,0.0032,464,178
T-BulletDispenser-1x,11414,39.917,3.14,3.18,0.0031,464,178
T-BulletDispenser-1x,11415,39.921,3.41,3.30,0.0034,464,178
T-BulletDispenser-1x,11416,39.924,3.35,3.42,0.0034,464,178
T-BulletDispenser-1x,11417,39.927,2.75,2.79,0.0028,464,178
T-BulletDispenser-1x,11418,39.930,3.13,3.09,0.0031,464,178
T-BulletDispenser-1x,11419,39.933,3.08,3.09,0.0031,464,178
T-BulletDispenser-1x,11420,39.936,2.47,2.50,0.0025,464,178
T-BulletDispenser-1x,11421,39.938,2.65,2.60,0.0026,464,178
T-BulletDispenser-1x,11422,39.941,3.09,3.10,0.0031,464,178
T-BulletDispenser-1x,11423,39.944,2.76,2.79,0.0028,464,178
T-BulletDispenser-1x,11424,39.947,2.93,2.90,0.0029,464,178
T-BulletDispenser-1x,11425,39.950,2.79,2.80,0.0028,464,178
T-BulletDispenser-1x,11426,39.953,2.69,2.71,0.0027,464,178
T-BulletDispenser-1x,11427,39.956,3.04,3.00,0.0030,464,178
T-BulletDispenser-1x,11428,39.959,2.89,2.90,0.0029,464,178
T-BulletDispenser-1x,11429,39.961,2.91,2.90,0.0029,464,178
T-BulletDispenser-1x,11430,39.964,2.96,2.98,0.0030,464,178
T-BulletDispenser-1x,11431,39.968,3.33,3.32,0.0033,464,178
T-BulletDispenser-1x,11432,39.971,3.41,3.39,0.0034,464,178
T-BulletDispenser-1x,11433,39.974,2.91,2.90,0.0029,464,178
T-BulletDispenser-1x,11434,39.977,2.76,2.79,0.0028,464,178
T-BulletDispenser-1x,11435,39.980,2.89,2.90,0.0029,516,178
T-BulletDispenser-1x,11436,39.983,2.93,2.90,0.0029,464,178
T-BulletDispenser-1x,11437,39.986,3.00,3.00,0.0030,464,178
T-BulletDispenser-1x,11438,39.989,3.44,3.41,0.0034,464,178
T-BulletDispenser-1x,11439,39.992,3.38,3.38,0.0034,464,178
T-BulletDispenser-1x,11440,39.995,2.68,2.70,0.0027,464,178
T-BulletDispenser-1x,11441,39.998,2.84,2.82,0.0028,464,178
T-BulletDispenser-1x,11442,40.001,3.07,3.07,0.0031,464,178
T-BulletDispenser-1x,11443,40.004,2.89,2.90,0.0029,464,178
T-BulletDispenser-1x,11444,40.006,2.39,2.41,0.0024,464,178
T-BulletDispenser-1x,11445,40.010,3.30,3.20,0.0033,464,178
T-BulletDispenser-1x,11446,40.013,3.42,3.48,0.0034,464,178
T-BulletDispenser-1x,11447,40.016,3.42,3.41,0.0034,464,178
T-BulletDispenser-1x,11448,40.019,3.02,3.00,0.0030,464,178
T-BulletDispenser-1x,11449,40.023,3.50,3.29,0.0035,464,178
T-BulletDispenser-1x,11450,40.026,2.97,3.20,0.0030,464,178
T-BulletDispenser-1x,11451,40.029,2.98,2.98,0.0030,464,178
T-BulletDispenser-1x,11452,40.032,3.43,3.40,0.0034,464,178
T-BulletDispenser-1x,11453,40.035,2.76,2.81,0.0028,464,178
T-BulletDispenser-1x,11454,40.038,3.13,3.10,0.0031,464,178
T-BulletDispenser-1x,11455,40.041,2.67,2.70,0.0027,464,178
T-BulletDispenser-1x,11456,40.044,2.69,2.70,0.0027,464,178
T-BulletDispenser-1x,11457,40.047,3.12,3.09,0.0031,464,178
T-BulletDispenser-1x,11458,40.050,3.43,3.41,0.0034,464,178
T-BulletDispenser-1x,11459,40.053,3.05,3.02,0.0031,464,178
T-BulletDispenser-1x,11460,40.056,3.16,3.18,0.0032,464,178
T-BulletDispenser-1x,11461,40.060,3.18,3.20,0.0032,464,178
T-BulletDispenser-1x,11462,40.062,2.86,2.88,0.0029,464,178
T-BulletDispenser-1x,11463,40.066,3.13,3.11,0.0031,464,178
T-BulletDispenser-1x,11464,40.068,2.77,2.78,0.0028,464,178
T-BulletDispenser-1x,11465,40.071,2.99,2.99,0.0030,464,178
T-BulletDispenser-1x,11466,40.074,3.07,3.02,0.0031,464,178
T-BulletDispenser-1x,11467,40.077,2.84,2.89,0.0028,464,178
T-BulletDispenser-1x,11468,40.080,2.70,2.71,0.0027,464,178
T-BulletDispenser-1x,11469,40.083,2.94,2.90,0.0029,464,178
T-BulletDispenser-1x,11470,40.086,3.12,3.11,0.0031,464,178
T-BulletDispenser-1x,11471,40.089,2.95,3.00,0.0030,464,178
T-BulletDispenser-1x,11472,40.092,3.23,3.20,0.0032,464,178
T-BulletDispenser-1x,11473,40.095,2.77,2.78,0.0028,464,178
T-BulletDispenser-1x,11474,40.097,2.57,2.59,0.0026,464,178
T-BulletDispenser-1x,11475,40.101,3.05,3.01,0.0030,464,178
T-BulletDispenser-1x,11476,40.104,3.08,3.09,0.0031,464,178
T-BulletDispenser-1x,11477,40.106,2.61,2.61,0.0026,464,178
T-BulletDispenser-1x,11478,40.109,3.24,3.21,0.0032,464,178
T-BulletDispenser-1x,11479,40.112,2.77,2.79,0.0028,464,178
T-BulletDispenser-1x,11480,40.115,2.37,2.39,0.0024,464,178
T-BulletDispenser-1x,11481,40.117,2.54,2.51,0.0025,464,178
T-BulletDispenser-1x,11482,40.120,2.79,2.79,0.0028,464,178
T-BulletDispenser-1x,11483,40.123,3.03,3.01,0.0030,464,178
T-BulletDispenser-1x,11484,40.126,3.14,3.11,0.0031,464,178
T-BulletDispenser-1x,11485,40.129,3.24,3.27,0.0032,464,178
T-BulletDispenser-1x,11486,40.132,2.67,2.70,0.0027,464,178
T-BulletDispenser-1x,11487,40.135,3.07,3.00,0.0031,464,178
T-BulletDispenser-1x,11488,40.138,3.15,3.20,0.0031,464,178
T-BulletDispenser-1x,11489,40.142,3.37,3.30,0.0034,464,178
T-BulletDispenser-1x,11490,40.145,3.02,3.02,0.0030,464,178
T-BulletDispenser-1x,11491,40.147,2.81,2.86,0.0028,464,178
T-BulletDispenser-1x,11492,40.151,3.46,3.41,0.0035,464,178
T-BulletDispenser-1x,11493,40.154,2.85,2.89,0.0029,464,178
T-BulletDispenser-1x,11494,40.157,2.96,2.93,0.0030,464,178
T-BulletDispenser-1x,11495,40.160,3.18,3.17,0.0032,464,178
T-BulletDispenser-1x,11496,40.163,3.18,3.19,0.0032,464,178
T-BulletDispenser-1x,11497,40.166,3.08,3.09,0.0031,464,178
T-BulletDispenser-1x,11498,40.169,2.70,2.72,0.0027,464,178
T-BulletDispenser-1x,11499,40.172,2.93,2.90,0.0029,464,178
T-BulletDispenser-1x,11500,40.175,2.97,2.99,0.0030,464,178
T-BulletDispenser-1x,11501,40.178,3.30,3.22,0.0033,464,178
T-BulletDispenser-1x,11502,40.181,2.92,2.98,0.0029,516,178
T-BulletDispenser-1x,11503,40.184,3.07,3.10,0.0031,464,178
T-BulletDispenser-1x,11504,40.187,2.99,2.99,0.0030,464,178
T-BulletDispenser-1x,11505,40.190,2.82,2.81,0.0028,464,178
T-BulletDispenser-1x,11506,40.192,2.71,2.70,0.0027,464,178
T-BulletDispenser-1x,11507,40.195,2.93,2.90,0.0029,464,178
T-BulletDispenser-1x,11508,40.199,3.09,3.09,0.0031,464,178
T-BulletDispenser-1x,11509,40.201,2.76,2.80,0.0028,464,178
T-BulletDispenser-1x,11510,40.204,2.82,2.80,0.0028,464,178
T-BulletDispenser-1x,11511,40.207,2.79,2.79,0.0028,464,178
T-BulletDispenser-1x,11512,40.210,2.90,2.91,0.0029,464,178
T-BulletDispenser-1x,11513,40.213,3.34,3.31,0.0033,464,178
T-BulletDispenser-1x,11514,40.216,3.09,3.09,0.0031,464,178
T-BulletDispenser-1x,11515,40.219,2.65,2.68,0.0026,464,178
T-BulletDispenser-1x,11516,40.222,3.24,3.21,0.0032,464,178
T-BulletDispenser-1x,11517,40.225,2.87,2.89,0.0029,464,178
T-BulletDispenser-1x,11518,40.228,2.74,2.72,0.0027,464,178
T-BulletDispenser-1x,11519,40.231,3.10,3.09,0.0031,464,178
T-BulletDispenser-1x,11520,40.234,3.07,3.09,0.0031,464,178
T-BulletDispenser-1x,11521,40.237,2.92,2.90,0.0029,464,178
T-BulletDispenser-1x,11522,40.240,2.99,3.00,0.0030,464,178
T-BulletDispenser-1x,11523,40.243,2.98,3.00,0.0030,464,178
T-BulletDispenser-1x,11524,40.246,3.29,3.20,0.0033,464,178
T-BulletDispenser-1x,11525,40.249,2.82,2.89,0.0028,464,178
T-BulletDispenser-1x,11526,40.252,2.88,2.90,0.0029,464,178
T-BulletDispenser-1x,11527,40.255,2.83,2.81,0.0028,464,178
T-BulletDispenser-1x,11528,40.258,3.10,3.09,0.0031,464,178
T-BulletDispenser-1x,11529,40.261,2.98,3.00,0.0030,464,178
T-BulletDispenser-1x,11530,40.264,2.87,2.89,0.0029,464,178
T-BulletDispenser-1x,11531,40.266,2.56,2.52,0.0026,464,178
T-BulletDispenser-1x,11532,40.269,2.85,2.88,0.0029,464,178
T-BulletDispenser-1x,11533,40.272,3.04,3.01,0.0030,464,178
T-BulletDispenser-1x,11534,40.275,3.10,3.09,0.0031,464,178
T-BulletDispenser-1x,11535,40.278,3.18,3.20,0.0032,464,178
T-BulletDispenser-1x,11536,40.281,2.92,2.89,0.0029,464,178
T-BulletDispenser-1x,11537,40.284,2.97,3.01,0.0030,464,178
T-BulletDispenser-1x,11538,40.287,2.39,2.40,0.0024,464,178
T-BulletDispenser-1x,11539,40.290,3.04,3.00,0.0030,464,178
T-BulletDispenser-1x,11540,40.293,3.18,3.19,0.0032,464,178
T-BulletDispenser-1x,11541,40.296,3.19,3.21,0.0032,464,178
T-BulletDispenser-1x,11542,40.299,3.00,2.98,0.0030,464,178
T-BulletDispenser-1x,11543,40.302,3.02,3.02,0.0030,464,178
T-BulletDispenser-1x,11544,40.305,3.06,3.09,0.0031,464,178
T-BulletDispenser-1x,11545,40.308,2.63,2.61,0.0026,464,178
T-BulletDispenser-1x,11546,40.310,2.78,2.80,0.0028,464,178
T-BulletDispenser-1x,11547,40.313,2.83,2.80,0.0028,464,178
T-BulletDispenser-1x,11548,40.317,3.19,3.20,0.0032,464,178
T-BulletDispenser-1x,11549,40.319,2.79,2.80,0.0028,464,178
T-BulletDispenser-1x,11550,40.322,2.68,2.70,0.0027,464,178
T-BulletDispenser-1x,11551,40.324,2.44,2.42,0.0024,464,178
T-BulletDispenser-1x,11552,40.327,2.76,2.76,0.0028,464,178
T-BulletDispenser-1x,11553,40.330,2.85,2.82,0.0028,464,178
T-BulletDispenser-1x,11554,40.333,3.08,3.08,0.0031,464,178
T-BulletDispenser-1x,11555,40.336,3.36,3.32,0.0034,464,178
T-BulletDispenser-1x,11556,40.339,2.61,2.69,0.0026,464,178
T-BulletDispenser-1x,11557,40.342,3.02,2.97,0.0030,464,178
T-BulletDispenser-1x,11558,40.345,2.70,2.72,0.0027,464,178
T-BulletDispenser-1x,11559,40.347,2.57,2.58,0.0026,464,178
T-BulletDispenser-1x,11560,40.350,2.96,2.91,0.0030,464,178
T-BulletDispenser-1x,11561,40.353,2.99,3.01,0.0030,464,178
T-BulletDispenser-1x,11562,40.356,2.77,2.79,0.0028,464,178
T-BulletDispenser-1x,11563,40.359,3.25,3.21,0.0032,464,178
T-BulletDispenser-1x,11564,40.362,2.94,2.97,0.0029,464,178
T-BulletDispenser-1x,11565,40.365,2.40,2.41,0.0024,464,178
T-BulletDispenser-1x,11566,40.368,3.04,3.01,0.0030,464,178
T-BulletDispenser-1x,11567,40.371,3.26,3.20,0.0033,464,178
T-BulletDispenser-1x,11568,40.374,3.25,3.30,0.0032,464,178
T-BulletDispenser-1x,11569,40.377,2.80,2.79,0.0028,464,178
T-BulletDispenser-1x,11570,40.380,2.79,2.79,0.0028,464,178
T-BulletDispenser-1x,11571,40.383,3.35,3.30,0.0033,516,178
T-BulletDispenser-1x,11572,40.386,3.06,3.09,0.0031,464,178
T-BulletDispenser-1x,11573,40.389,2.89,2.91,0.0029,464,178
T-BulletDispenser-1x,11574,40.392,3.30,3.21,0.0033,464,178
T-BulletDispenser-1x,11575,40.395,2.87,2.90,0.0029,464,178
T-BulletDispenser-1x,11576,40.399,3.37,3.39,0.0034,464,178
T-BulletDispenser-1x,11577,40.402,3.22,3.20,0.0032,464,178
T-BulletDispenser-1x,11578,40.405,3.27,3.30,0.0033,464,178
T-BulletDispenser-1x,11579,40.408,3.09,3.08,0.0031,464,178
T-BulletDispenser-1x,11580,40.411,3.13,3.10,0.0031,464,178
T-BulletDispenser-1x,11581,40.414,2.84,2.90,0.0028,464,178
T-BulletDispenser-1x,11582,40.417,2.75,2.71,0.0028,464,178
T-BulletDispenser-1x,11583,40.420,2.87,2.90,0.0029,464,178
T-BulletDispenser-1x,11584,40.423,3.23,3.19,0.0032,464,178
T-BulletDispenser-1x,11585,40.426,2.99,2.99,0.0030,464,178
T-BulletDispenser-1x,11586,40.429,3.10,3.11,0.0031,464,178
T-BulletDispenser-1x,11587,40.432,2.96,2.89,0.0030,464,178
T-BulletDispenser-1x,11588,40.435,2.96,3.01,0.0030,464,178
T-BulletDispenser-1x,11589,40.438,2.85,2.89,0.0028,464,178
T-BulletDispenser-1x,11590,40.441,3.03,2.99,0.0030,464,178
T-BulletDispenser-1x,11591,40.444,2.99,3.00,0.0030,464,178
T-BulletDispenser-1x,11592,40.447,3.11,3.12,0.0031,464,178
T-BulletDispenser-1x,11593,40.450,3.08,3.06,0.0031,464,178
T-BulletDispenser-1x,11594,40.453,2.79,2.81,0.0028,464,178
T-BulletDispenser-1x,11595,40.455,2.58,2.59,0.0026,464,178
T-BulletDispenser-1x,11596,40.458,2.94,2.90,0.0029,464,178
T-BulletDispenser-1x,11597,40.462,3.31,3.30,0.0033,464,178
T-BulletDispenser-1x,11598,40.465,2.96,2.99,0.0030,464,178
T-BulletDispenser-1x,11599,40.468,2.89,2.90,0.0029,464,178
T-BulletDispenser-1x,11600,40.470,2.30,2.29,0.0023,464,178
T-BulletDispenser-1x,11601,40.473,2.95,2.93,0.0030,464,178
T-BulletDispenser-1x,11602,40.476,3.07,3.07,0.0031,464,178
T-BulletDispenser-1x,11603,40.479,3.00,3.00,0.0030,464,178
T-BulletDispenser-1x,11604,40.481,2.58,2.59,0.0026,464,178
T-BulletDispenser-1x,11605,40.485,3.17,3.12,0.0032,464,178
T-BulletDispenser-1x,11606,40.488,2.95,2.98,0.0030,464,178
T-BulletDispenser-1x,11607,40.491,3.02,3.01,0.0030,464,178
T-BulletDispenser-1x,11608,40.494,2.97,3.00,0.0030,464,178
T-BulletDispenser-1x,11609,40.496,2.84,2.79,0.0028,464,178
T-BulletDispenser-1x,11610,40.500,3.12,3.10,0.0031,464,178
T-BulletDispenser-1x,11611,40.503,3.40,3.40,0.0034,464,178
T-BulletDispenser-1x,11612,40.506,2.99,3.00,0.0030,464,178
T-BulletDispenser-1x,11613,40.509,3.39,3.38,0.0034,464,178
T-BulletDispenser-1x,11614,40.513,3.39,3.41,0.0034,464,178
T-BulletDispenser-1x,11615,40.516,3.22,3.20,0.0032,464,178
T-BulletDispenser-1x,11616,40.519,2.64,2.69,0.0026,464,178
T-BulletDispenser-1x,11617,40.522,3.04,2.90,0.0030,464,178
T-BulletDispenser-1x,11618,40.525,3.31,3.40,0.0033,464,178
T-BulletDispenser-1x,11619,40.527,2.55,2.59,0.0025,464,178
T-BulletDispenser-1x,11620,40.530,2.84,2.80,0.0028,464,178
T-BulletDispenser-1x,11621,40.533,2.81,2.81,0.0028,464,178
T-BulletDispenser-1x,11622,40.536,2.65,2.68,0.0027,464,178
T-BulletDispenser-1x,11623,40.539,2.93,2.90,0.0029,464,178
T-BulletDispenser-1x,11624,40.542,2.91,2.91,0.0029,464,178
T-BulletDispenser-1x,11625,40.545,3.32,3.29,0.0033,464,178
T-BulletDispenser-1x,11626,40.548,3.09,3.11,0.0031,464,178
T-BulletDispenser-1x,11627,40.551,3.06,3.09,0.0031,464,178
T-BulletDispenser-1x,11628,40.554,3.18,3.11,0.0032,464,178
T-BulletDispenser-1x,11629,40.558,3.38,3.41,0.0034,464,178
T-BulletDispenser-1x,11630,40.560,2.74,2.78,0.0027,464,178
T-BulletDispenser-1x,11631,40.564,3.25,3.20,0.0032,464,178
T-BulletDispenser-1x,11632,40.567,3.27,3.31,0.0033,464,178
T-BulletDispenser-1x,11633,40.569,2.36,2.38,0.0024,464,178
T-BulletDispenser-1x,11634,40.572,2.94,2.91,0.0029,464,178
T-BulletDispenser-1x,11635,40.575,3.23,3.20,0.0032,464,178
T-BulletDispenser-1x,11636,40.579,3.07,3.09,0.0031,464,178
T-BulletDispenser-1x,11637,40.581,2.68,2.70,0.0027,464,178
T-BulletDispenser-1x,11638,40.584,3.14,3.11,0.0031,516,178
T-BulletDispenser-1x,11639,40.587,2.69,2.68,0.0027,464,178
T-BulletDispenser-1x,11640,40.589,2.46,2.51,0.0025,464,178
T-BulletDispenser-1x,11641,40.592,2.65,2.60,0.0026,464,178
T-BulletDispenser-1x,11642,40.595,2.98,2.98,0.0030,464,178
T-BulletDispenser-1x,11643,40.598,3.12,3.12,0.0031,464,178
T-BulletDispenser-1x,11644,40.601,3.06,3.09,0.0031,464,178
T-BulletDispenser-1x,11645,40.604,3.00,2.90,0.0030,464,178
T-BulletDispenser-1x,11646,40.607,2.91,2.99,0.0029,464,178
T-BulletDispenser-1x,11647,40.610,3.02,3.02,0.0030,464,178
T-BulletDispenser-1x,11648,40.613,3.20,3.17,0.0032,464,178
T-BulletDispenser-1x,11649,40.617,3.39,3.33,0.0034,464,178
T-BulletDispenser-1x,11650,40.620,3.29,3.36,0.0033,464,178
T-BulletDispenser-1x,11651,40.623,2.93,2.93,0.0029,464,178
T-BulletDispenser-1x,11652,40.626,3.18,3.19,0.0032,464,178
T-BulletDispenser-1x,11653,40.629,3.21,3.20,0.0032,464,178
T-BulletDispenser-1x,11654,40.633,3.69,3.69,0.0037,464,178
T-BulletDispenser-1x,11655,40.637,3.54,3.51,0.0035,464,178
T-BulletDispenser-1x,11656,40.640,2.97,2.99,0.0030,464,178
T-BulletDispenser-1x,11657,40.643,3.17,3.20,0.0032,464,178
T-BulletDispenser-1x,11658,40.646,2.84,2.81,0.0028,464,178
T-BulletDispenser-1x,11659,40.649,3.32,3.31,0.0033,464,178
T-BulletDispenser-1x,11660,40.652,2.74,2.79,0.0027,464,178
T-BulletDispenser-1x,11661,40.655,3.22,3.18,0.0032,464,178
T-BulletDispenser-1x,11662,40.658,3.32,3.31,0.0033,464,178
T-BulletDispenser-1x,11663,40.661,2.88,2.89,0.0029,464,178
T-BulletDispenser-1x,11664,40.664,2.67,2.69,0.0027,464,178
T-BulletDispenser-1x,11665,40.667,3.07,3.02,0.0031,464,178
T-BulletDispenser-1x,11666,40.670,3.08,3.08,0.0031,464,178
T-BulletDispenser-1x,11667,40.673,2.67,2.71,0.0027,464,178
T-BulletDispenser-1x,11668,40.675,2.76,2.71,0.0028,464,178
T-BulletDispenser-1x,11669,40.679,3.27,3.28,0.0033,464,178
T-BulletDispenser-1x,11670,40.682,3.00,2.99,0.0030,464,178
T-BulletDispenser-1x,11671,40.685,2.96,3.00,0.0030,464,178
T-BulletDispenser-1x,11672,40.687,2.91,2.90,0.0029,464,178
T-BulletDispenser-1x,11673,40.691,3.37,3.30,0.0034,464,178
T-BulletDispenser-1x,11674,40.694,2.73,2.81,0.0027,464,178
T-BulletDispenser-1x,11675,40.696,2.70,2.61,0.0027,464,178
T-BulletDispenser-1x,11676,40.699,3.14,3.19,0.0031,464,178
T-BulletDispenser-1x,11677,40.702,3.02,3.01,0.0030,464,178
T-BulletDispenser-1x,11678,40.705,2.95,3.00,0.0030,464,178
T-BulletDispenser-1x,11679,40.708,3.01,2.97,0.0030,464,178
T-BulletDispenser-1x,11680,40.712,3.32,3.31,0.0033,464,178
T-BulletDispenser-1x,11681,40.714,2.64,2.70,0.0026,464,178
T-BulletDispenser-1x,11682,40.717,2.69,2.60,0.0027,464,178
T-BulletDispenser-1x,11683,40.720,2.74,2.80,0.0027,464,178
T-BulletDispenser-1x,11684,40.723,3.01,2.99,0.0030,464,178
T-BulletDispenser-1x,11685,40.726,3.12,3.10,0.0031,464,178
T-BulletDispenser-1x,11686,40.729,3.19,3.19,0.0032,464,178
T-BulletDispenser-1x,11687,40.732,2.77,2.80,0.0028,464,178
T-BulletDispenser-1x,11688,40.735,2.90,2.88,0.0029,464,178
T-BulletDispenser-1x,11689,40.738,2.94,2.93,0.0029,464,178
T-BulletDispenser-1x,11690,40.740,2.78,2.78,0.0028,464,178
T-BulletDispenser-1x,11691,40.744,3.25,3.22,0.0032,464,178
T-BulletDispenser-1x,11692,40.747,3.13,3.02,0.0031,464,178
T-BulletDispenser-1x,11693,40.750,3.28,3.39,0.0033,464,178
T-BulletDispenser-1x,11694,40.753,3.28,3.29,0.0033,464,178
T-BulletDispenser-1x,11695,40.756,2.86,2.88,0.0029,464,178
T-BulletDispenser-1x,11696,40.759,2.80,2.80,0.0028,464,178
T-BulletDispenser-1x,11697,40.762,2.82,2.80,0.0028,464,178
T-BulletDispenser-1x,11698,40.765,3.22,3.21,0.0032,464,178
T-BulletDispenser-1x,11699,40.768,2.88,2.89,0.0029,464,178
T-BulletDispenser-1x,11700,40.771,2.87,2.88,0.0029,464,178
T-BulletDispenser-1x,11701,40.774,2.81,2.80,0.0028,464,178
T-BulletDispenser-1x,11702,40.777,2.89,2.89,0.0029,464,178
T-BulletDispenser-1x,11703,40.780,2.92,2.91,0.0029,464,178
T-BulletDispenser-1x,11704,40.782,2.71,2.71,0.0027,464,178
T-BulletDispenser-1x,11705,40.785,2.89,2.88,0.0029,516,178
T-BulletDispenser-1x,11706,40.789,3.50,3.51,0.0035,464,178
T-BulletDispenser-1x,11707,40.792,3.39,3.39,0.0034,464,178
T-BulletDispenser-1x,11708,40.795,2.78,2.80,0.0028,464,178
T-BulletDispenser-1x,11709,40.797,2.69,2.71,0.0027,464,178
T-BulletDispenser-1x,11710,40.800,2.52,2.49,0.0025,464,178
T-BulletDispenser-1x,11711,40.803,3.25,3.22,0.0033,464,178
T-BulletDispenser-1x,11712,40.807,3.23,3.21,0.0032,464,178
T-BulletDispenser-1x,11713,40.810,3.17,3.19,0.0032,464,178
T-BulletDispenser-1x,11714,40.813,3.16,3.19,0.0032,464,178
T-BulletDispenser-1x,11715,40.816,3.14,3.11,0.0031,464,178
T-BulletDispenser-1x,11716,40.819,2.95,2.98,0.0029,464,178
T-BulletDispenser-1x,11717,40.822,2.89,2.91,0.0029,464,178
T-BulletDispenser-1x,11718,40.825,3.01,2.99,0.0030,464,178
T-BulletDispenser-1x,11719,40.828,3.43,3.40,0.0034,464,178
T-BulletDispenser-1x,11720,40.831,2.76,2.81,0.0028,464,178
T-BulletDispenser-1x,11721,40.834,3.35,3.30,0.0034,464,178
T-BulletDispenser-1x,11722,40.837,2.95,2.99,0.0030,464,178
T-BulletDispenser-1x,11723,40.840,2.59,2.61,0.0026,464,178
T-BulletDispenser-1x,11724,40.843,3.13,3.09,0.0031,464,178
T-BulletDispenser-1x,11725,40.846,3.33,3.32,0.0033,464,178
T-BulletDispenser-1x,11726,40.850,3.36,3.38,0.0034,464,178
T-BulletDispenser-1x,11727,40.853,2.88,2.90,0.0029,464,178
T-BulletDispenser-1x,11728,40.856,3.20,3.20,0.0032,464,178
T-BulletDispenser-1x,11729,40.859,3.02,3.00,0.0030,464,178
T-BulletDispenser-1x,11730,40.862,3.33,3.31,0.0033,464,178
T-BulletDispenser-1x,11731,40.866,4.13,4.10,0.0041,464,178
T-BulletDispenser-1x,11732,40.870,3.66,3.69,0.0037,464,178
T-BulletDispenser-1x,11733,40.873,3.18,3.20,0.0032,464,178
T-BulletDispenser-1x,11734,40.876,3.19,3.20,0.0032,464,178
T-BulletDispenser-1x,11735,40.879,2.73,2.69,0.0027,464,178
T-BulletDispenser-1x,11736,40.882,3.32,3.31,0.0033,464,178
T-BulletDispenser-1x,11737,40.886,3.17,3.18,0.0032,464,178
T-BulletDispenser-1x,11738,40.889,3.28,3.30,0.0033,464,178
T-BulletDispenser-1x,11739,40.892,3.25,3.22,0.0032,464,178
T-BulletDispenser-1x,11740,40.895,3.18,3.17,0.0032,464,178
T-BulletDispenser-1x,11741,40.898,3.02,3.00,0.0030,464,178
T-BulletDispenser-1x,11742,40.901,2.86,2.90,0.0029,464,178
T-BulletDispenser-1x,11743,40.904,2.83,2.80,0.0028,464,178
T-BulletDispenser-1x,11744,40.907,3.28,3.27,0.0033,464,178
T-BulletDispenser-1x,11745,40.910,3.00,3.00,0.0030,464,178
T-BulletDispenser-1x,11746,40.913,3.09,3.11,0.0031,464,178
T-BulletDispenser-1x,11747,40.916,2.81,2.80,0.0028,464,178
T-BulletDispenser-1x,11748,40.919,2.91,2.89,0.0029,464,178
T-BulletDispenser-1x,11749,40.922,3.18,3.19,0.0032,464,178
T-BulletDispenser-1x,11750,40.925,3.22,3.21,0.0032,464,178
T-BulletDispenser-1x,11751,40.929,3.32,3.30,0.0033,464,178
T-BulletDispenser-1x,11752,40.932,3.31,3.31,0.0033,464,178
T-BulletDispenser-1x,11753,40.935,2.75,2.80,0.0027,464,178
T-BulletDispenser-1x,11754,40.937,2.59,2.58,0.0026,464,178
T-BulletDispenser-1x,11755,40.941,3.26,3.22,0.0033,464,178
T-BulletDispenser-1x,11756,40.944,3.06,3.08,0.0031,464,178
T-BulletDispenser-1x,11757,40.947,3.20,3.20,0.0032,464,178
T-BulletDispenser-1x,11758,40.950,3.18,3.19,0.0032,464,178
T-BulletDispenser-1x,11759,40.953,2.47,2.51,0.0025,464,178
T-BulletDispenser-1x,11760,40.955,2.85,2.81,0.0028,464,178
T-BulletDispenser-1x,11761,40.958,2.77,2.78,0.0028,464,178
T-BulletDispenser-1x,11762,40.961,3.25,3.21,0.0032,464,178
T-BulletDispenser-1x,11763,40.964,2.99,3.00,0.0030,464,178
T-BulletDispenser-1x,11764,40.968,3.16,3.19,0.0032,464,178
T-BulletDispenser-1x,11765,40.970,2.83,2.80,0.0028,464,178
T-BulletDispenser-1x,11766,40.973,2.77,2.79,0.0028,464,178
T-BulletDispenser-1x,11767,40.976,2.93,2.91,0.0029,464,178
T-BulletDispenser-1x,11768,40.979,2.92,2.90,0.0029,464,178
T-BulletDispenser-1x,11769,40.982,3.14,3.09,0.0031,464,178
T-BulletDispenser-1x,11770,40.985,2.61,2.69,0.0026,464,178
T-BulletDispenser-1x,11771,40.987,2.53,2.50,0.0025,516,178
T-BulletDispenser-1x,11772,40.990,3.01,3.01,0.0030,464,178
T-BulletDispenser-1x,11773,40.993,2.77,2.80,0.0028,464,178
T-BulletDispenser-1x,11774,40.996,2.98,2.89,0.0030,464,178
T-BulletDispenser-1x,11775,40.999,3.26,3.31,0.0033,464,178
T-BulletDispenser-1x,11776,41.003,3.40,3.38,0.0034,464,178
T-BulletDispenser-1x,11777,41.006,2.88,2.91,0.0029,464,178
T-BulletDispenser-1x,11778,41.008,2.72,2.69,0.0027,464,178
T-BulletDispenser-1x,11779,41.011,2.56,2.60,0.0026,464,178
T-BulletDispenser-1x,11780,41.014,3.04,3.01,0.0030,464,178
T-BulletDispenser-1x,11781,41.017,3.40,3.40,0.0034,464,178
T-BulletDispenser-1x,11782,41.021,3.30,3.29,0.0033,464,178
T-BulletDispenser-1x,11783,41.024,3.18,3.18,0.0032,464,178
T-BulletDispenser-1x,11784,41.027,3.23,3.22,0.0032,464,178
T-BulletDispenser-1x,11785,41.030,2.95,2.99,0.0029,464,178
T-BulletDispenser-1x,11786,41.032,2.28,2.29,0.0023,464,178
T-BulletDispenser-1x,11787,41.035,2.83,2.80,0.0028,464,178
T-BulletDispenser-1x,11788,41.038,3.10,3.09,0.0031,464,178
T-BulletDispenser-1x,11789,41.041,3.02,3.02,0.0030,464,178
T-BulletDispenser-1x,11790,41.044,2.67,2.69,0.0027,464,178
T-BulletDispenser-1x,11791,41.047,3.13,3.10,0.0031,464,178
T-BulletDispenser-1x,11792,41.050,2.95,2.91,0.0029,464,178
T-BulletDispenser-1x,11793,41.052,2.42,2.48,0.0024,464,178
T-BulletDispenser-1x,11794,41.055,2.95,2.90,0.0029,464,178
T-BulletDispenser-1x,11795,41.058,2.88,2.89,0.0029,464,178
T-BulletDispenser-1x,11796,41.061,2.78,2.81,0.0028,464,178
T-BulletDispenser-1x,11797,41.064,3.04,3.01,0.0030,464,178
T-BulletDispenser-1x,11798,41.067,3.35,3.29,0.0033,464,178
T-BulletDispenser-1x,11799,41.071,3.35,3.40,0.0033,464,178
T-BulletDispenser-1x,11800,41.074,2.87,2.89,0.0029,464,178
T-BulletDispenser-1x,11801,41.076,2.69,2.70,0.0027,464,178
T-BulletDispenser-1x,11802,41.079,3.07,3.01,0.0031,464,178
T-BulletDispenser-1x,11803,41.083,3.15,3.18,0.0032,464,178
T-BulletDispenser-1x,11804,41.085,2.90,2.91,0.0029,464,178
T-BulletDispenser-1x,11805,41.089,3.23,3.21,0.0032,464,178
T-BulletDispenser-1x,11806,41.092,3.00,2.98,0.0030,464,178
T-BulletDispenser-1x,11807,41.094,2.44,2.49,0.0024,464,178
T-BulletDispenser-1x,11808,41.097,2.51,2.49,0.0025,464,178
T-BulletDispenser-1x,11809,41.100,2.93,2.92,0.0029,464,178
T-BulletDispenser-1x,11810,41.103,3.22,3.18,0.0032,464,178
T-BulletDispenser-1x,11811,41.106,3.20,3.22,0.0032,464,178
T-BulletDispenser-1x,11812,41.109,3.39,3.39,0.0034,464,178
T-BulletDispenser-1x,11813,41.113,3.50,3.50,0.0035,464,178
T-BulletDispenser-1x,11814,41.116,3.42,3.40,0.0034,464,178
T-BulletDispenser-1x,11815,41.119,3.24,3.22,0.0032,464,178
T-BulletDispenser-1x,11816,41.123,3.33,3.36,0.0033,464,178
T-BulletDispenser-1x,11817,41.126,3.14,3.10,0.0031,464,178
T-BulletDispenser-1x,11818,41.129,3.16,3.21,0.0032,464,178
T-BulletDispenser-1x,11819,41.132,2.88,2.88,0.0029,464,178
T-BulletDispenser-1x,11820,41.135,2.79,2.79,0.0028,464,178
T-BulletDispenser-1x,11821,41.137,2.60,2.61,0.0026,464,178
T-BulletDispenser-1x,11822,41.140,2.96,2.90,0.0030,464,178
T-BulletDispenser-1x,11823,41.143,3.17,3.19,0.0032,464,178
T-BulletDispenser-1x,11824,41.147,3.30,3.30,0.0033,464,178
T-BulletDispenser-1x,11825,41.150,3.23,3.21,0.0032,464,178
T-BulletDispenser-1x,11826,41.153,2.55,2.59,0.0025,464,178
T-BulletDispenser-1x,11827,41.156,2.94,2.90,0.0029,464,178
T-BulletDispenser-1x,11828,41.159,3.44,3.39,0.0034,464,178
T-BulletDispenser-1x,11829,41.162,3.08,3.11,0.0031,464,178
T-BulletDispenser-1x,11830,41.165,3.09,3.10,0.0031,464,178
T-BulletDispenser-1x,11831,41.168,2.95,2.99,0.0030,464,178
T-BulletDispenser-1x,11832,41.171,2.80,2.78,0.0028,464,178
T-BulletDispenser-1x,11833,41.174,2.91,2.92,0.0029,464,178
T-BulletDispenser-1x,11834,41.177,3.20,3.19,0.0032,464,178
T-BulletDispenser-1x,11835,41.180,3.31,3.30,0.0033,464,178
T-BulletDispenser-1x,11836,41.184,3.30,3.31,0.0033,464,178
T-BulletDispenser-1x,11837,41.187,3.32,3.31,0.0033,464,178
T-BulletDispenser-1x,11838,41.190,3.08,3.09,0.0031,516,178
T-BulletDispenser-1x,11839,41.193,2.97,2.99,0.0030,464,178
T-BulletDispenser-1x,11840,41.196,3.07,3.01,0.0031,464,178
T-BulletDispenser-1x,11841,41.199,3.17,3.20,0.0032,464,178
T-BulletDispenser-1x,11842,41.202,2.54,2.58,0.0025,464,178
T-BulletDispenser-1x,11843,41.204,2.64,2.61,0.0026,464,178
T-BulletDispenser-1x,11844,41.208,3.22,3.18,0.0032,464,178
T-BulletDispenser-1x,11845,41.211,3.46,3.43,0.0035,464,178
T-BulletDispenser-1x,11846,41.214,3.15,3.19,0.0031,464,178
T-BulletDispenser-1x,11847,41.218,3.37,3.38,0.0034,464,178
T-BulletDispenser-1x,11848,41.221,3.03,3.01,0.0030,464,178
T-BulletDispenser-1x,11849,41.224,2.92,2.91,0.0029,464,178
T-BulletDispenser-1x,11850,41.226,2.85,2.88,0.0028,464,178
T-BulletDispenser-1x,11851,41.230,3.20,3.20,0.0032,464,178
T-BulletDispenser-1x,11852,41.233,2.99,2.99,0.0030,464,178
T-BulletDispenser-1x,11853,41.235,2.70,2.71,0.0027,464,178
T-BulletDispenser-1x,11854,41.238,2.61,2.59,0.0026,464,178
T-BulletDispenser-1x,11855,41.241,3.24,3.22,0.0032,464,178
T-BulletDispenser-1x,11856,41.244,3.22,3.20,0.0032,464,178
T-BulletDispenser-1x,11857,41.247,2.84,2.89,0.0028,464,178
T-BulletDispenser-1x,11858,41.250,3.23,3.22,0.0032,464,178
T-BulletDispenser-1x,11859,41.254,3.20,3.19,0.0032,464,178
T-BulletDispenser-1x,11860,41.256,2.75,2.79,0.0027,464,178
T-BulletDispenser-1x,11861,41.259,2.62,2.59,0.0026,464,178
T-BulletDispenser-1x,11862,41.262,3.23,3.20,0.0032,464,178
T-BulletDispenser-1x,11863,41.265,3.17,3.11,0.0032,464,178
T-BulletDispenser-1x,11864,41.268,2.79,2.88,0.0028,464,178
T-BulletDispenser-1x,11865,41.271,3.16,3.12,0.0032,464,178
T-BulletDispenser-1x,11866,41.274,2.76,2.77,0.0028,464,178
T-BulletDispenser-1x,11867,41.277,2.71,2.71,0.0027,464,178
T-BulletDispenser-1x,11868,41.280,3.19,3.19,0.0032,464,178
T-BulletDispenser-1x,11869,41.283,3.12,3.11,0.0031,464,178
T-BulletDispenser-1x,11870,41.287,3.53,3.53,0.0035,464,178
T-BulletDispenser-1x,11871,41.290,2.90,2.93,0.0029,464,178
T-BulletDispenser-1x,11872,41.292,2.75,2.73,0.0028,464,178
T-BulletDispenser-1x,11873,41.295,2.51,2.51,0.0025,464,178
T-BulletDispenser-1x,11874,41.298,3.01,2.99,0.0030,464,178
T-BulletDispenser-1x,11875,41.301,3.19,3.19,0.0032,464,178
T-BulletDispenser-1x,11876,41.304,3.08,3.09,0.0031,464,178
T-BulletDispenser-1x,11877,41.307,2.80,2.80,0.0028,464,178
T-BulletDispenser-1x,11878,41.310,2.66,2.69,0.0027,464,178
T-BulletDispenser-1x,11879,41.313,2.99,2.92,0.0030,464,178
T-BulletDispenser-1x,11880,41.316,3.19,3.20,0.0032,464,178
T-BulletDispenser-1x,11881,41.319,2.99,3.00,0.0030,464,178
T-BulletDispenser-1x,11882,41.322,3.18,3.19,0.0032,464,178
T-BulletDispenser-1x,11883,41.325,3.22,3.20,0.0032,464,178
T-BulletDispenser-1x,11884,41.328,2.76,2.79,0.0028,464,178
T-BulletDispenser-1x,11885,41.331,3.04,3.01,0.0030,464,178
T-BulletDispenser-1x,11886,41.334,3.43,3.39,0.0034,464,178
T-BulletDispenser-1x,11887,41.338,3.27,3.31,0.0033,464,178
T-BulletDispenser-1x,11888,41.341,3.50,3.49,0.0035,464,178
T-BulletDispenser-1x,11889,41.344,3.09,3.10,0.0031,464,178
T-BulletDispenser-1x,11890,41.347,3.23,3.21,0.0032,464,178
T-BulletDispenser-1x,11891,41.351,3.38,3.38,0.0034,464,178
T-BulletDispenser-1x,11892,41.354,3.01,3.00,0.0030,464,178
T-BulletDispenser-1x,11893,41.356,2.65,2.69,0.0027,464,178
T-BulletDispenser-1x,11894,41.360,3.13,3.11,0.0031,464,178
T-BulletDispenser-1x,11895,41.363,3.12,3.09,0.0031,464,178
T-BulletDispenser-1x,11896,41.366,3.01,3.00,0.0030,464,178
T-BulletDispenser-1x,11897,41.369,2.88,2.91,0.0029,464,178
T-BulletDispenser-1x,11898,41.372,2.98,3.00,0.0030,464,178
T-BulletDispenser-1x,11899,41.374,2.80,2.77,0.0028,464,178
T-BulletDispenser-1x,11900,41.377,2.99,3.01,0.0030,464,178
T-BulletDispenser-1x,11901,41.380,2.91,2.91,0.0029,464,178
T-BulletDispenser-1x,11902,41.383,2.44,2.40,0.0024,464,178
T-BulletDispenser-1x,11903,41.386,3.08,3.08,0.0031,464,178
T-BulletDispenser-1x,11904,41.389,3.10,3.12,0.0031,464,178
T-BulletDispenser-1x,11905,41.392,3.08,3.10,0.0031,516,178
T-BulletDispenser-1x,11906,41.395,3.02,3.00,0.0030,464,178
T-BulletDispenser-1x,11907,41.398,2.79,2.80,0.0028,464,178
T-BulletDispenser-1x,11908,41.401,2.78,2.80,0.0028,464,178
T-BulletDispenser-1x,11909,41.403,2.73,2.70,0.0027,464,178
T-BulletDispenser-1x,11910,41.407,3.31,3.30,0.0033,464,178
T-BulletDispenser-1x,11911,41.409,2.89,2.90,0.0029,464,178
T-BulletDispenser-1x,11912,41.412,2.79,2.78,0.0028,464,178
T-BulletDispenser-1x,11913,41.415,3.04,3.01,0.0030,464,178
T-BulletDispenser-1x,11914,41.418,2.76,2.80,0.0028,464,178
T-BulletDispenser-1x,11915,41.421,3.11,3.11,0.0031,464,178
T-BulletDispenser-1x,11916,41.424,2.93,2.90,0.0029,464,178
T-BulletDispenser-1x,11917,41.427,2.98,3.00,0.0030,464,178
T-BulletDispenser-1x,11918,41.430,2.78,2.79,0.0028,464,178
T-BulletDispenser-1x,11919,41.433,2.91,2.89,0.0029,464,178
T-BulletDispenser-1x,11920,41.436,3.11,3.09,0.0031,464,178
T-BulletDispenser-1x,11921,41.439,2.98,3.00,0.0030,464,178
T-BulletDispenser-1x,11922,41.442,2.99,3.00,0.0030,464,178
T-BulletDispenser-1x,11923,41.445,3.27,3.21,0.0033,464,178
T-BulletDispenser-1x,11924,41.448,2.84,2.88,0.0028,464,178
T-BulletDispenser-1x,11925,41.451,3.35,3.30,0.0033,464,178
T-BulletDispenser-1x,11926,41.454,2.98,3.00,0.0030,464,178
T-BulletDispenser-1x,11927,41.457,2.88,2.89,0.0029,464,178
T-BulletDispenser-1x,11928,41.460,3.14,3.11,0.0031,464,178
T-BulletDispenser-1x,11929,41.463,3.08,3.09,0.0031,464,178
T-BulletDispenser-1x,11930,41.467,3.31,3.31,0.0033,464,178
T-BulletDispenser-1x,11931,41.470,3.43,3.40,0.0034,464,178
T-BulletDispenser-1x,11932,41.473,2.96,2.99,0.0030,464,178
T-BulletDispenser-1x,11933,41.476,3.11,3.10,0.0031,464,178
T-BulletDispenser-1x,11934,41.479,3.00,2.99,0.0030,464,178
T-BulletDispenser-1x,11935,41.482,2.80,2.81,0.0028,464,178
T-BulletDispenser-1x,11936,41.485,3.37,3.31,0.0034,464,178
T-BulletDispenser-1x,11937,41.489,3.13,3.18,0.0031,464,178
T-BulletDispenser-1x,11938,41.492,3.09,3.09,0.0031,464,178
T-BulletDispenser-1x,11939,41.494,2.80,2.80,0.0028,464,178
T-BulletDispenser-1x,11940,41.497,2.80,2.80,0.0028,464,178
T-BulletDispenser-1x,11941,41.500,3.02,3.02,0.0030,464,178
T-BulletDispenser-1x,11942,41.503,3.10,3.09,0.0031,464,178
T-BulletDispenser-1x,11943,41.506,3.02,3.01,0.0030,464,178
T-BulletDispenser-1x,11944,41.509,3.15,3.20,0.0032,464,178
T-BulletDispenser-1x,11945,41.513,3.06,3.01,0.0031,464,178
T-BulletDispenser-1x,11946,41.515,2.94,2.97,0.0029,464,178
T-BulletDispenser-1x,11947,41.519,3.35,3.31,0.0034,464,178
T-BulletDispenser-1x,11948,41.522,3.50,3.51,0.0035,464,178
T-BulletDispenser-1x,11949,41.526,3.27,3.29,0.0033,464,178
T-BulletDispenser-1x,11950,41.529,3.00,2.98,0.0030,464,178
T-BulletDispenser-1x,11951,41.531,2.88,2.90,0.0029,464,178
T-BulletDispenser-1x,11952,41.534,2.89,2.90,0.0029,464,178
T-BulletDispenser-1x,11953,41.537,2.51,2.49,0.0025,464,178
T-BulletDispenser-1x,11954,41.540,3.16,3.10,0.0032,464,178
T-BulletDispenser-1x,11955,41.543,3.26,3.29,0.0033,464,178
T-BulletDispenser-1x,11956,41.547,3.41,3.41,0.0034,464,178
T-BulletDispenser-1x,11957,41.550,3.13,3.11,0.0031,464,178
T-BulletDispenser-1x,11958,41.553,3.37,3.39,0.0034,464,178
T-BulletDispenser-1x,11959,41.556,2.88,2.88,0.0029,464,178
T-BulletDispenser-1x,11960,41.559,3.18,3.20,0.0032,464,178
T-BulletDispenser-1x,11961,41.562,3.03,3.00,0.0030,464,178
T-BulletDispenser-1x,11962,41.565,2.88,2.90,0.0029,464,178
T-BulletDispenser-1x,11963,41.568,3.02,2.98,0.0030,464,178
T-BulletDispenser-1x,11964,41.572,3.35,3.31,0.0034,464,178
T-BulletDispenser-1x,11965,41.575,3.36,3.39,0.0034,464,178
T-BulletDispenser-1x,11966,41.578,3.04,3.00,0.0030,464,178
T-BulletDispenser-1x,11967,41.581,2.96,3.00,0.0030,464,178
T-BulletDispenser-1x,11968,41.584,3.50,3.50,0.0035,464,178
T-BulletDispenser-1x,11969,41.587,2.97,2.99,0.0030,464,178
T-BulletDispenser-1x,11970,41.591,3.60,3.51,0.0036,464,178
T-BulletDispenser-1x,11971,41.594,3.15,3.20,0.0031,516,178
T-BulletDispenser-1x,11972,41.598,3.35,3.30,0.0033,464,178
T-BulletDispenser-1x,11973,41.601,3.21,3.28,0.0032,464,178
T-BulletDispenser-1x,11974,41.603,2.71,2.70,0.0027,464,178
T-BulletDispenser-1x,11975,41.606,2.89,2.90,0.0029,464,178
T-BulletDispenser-1x,11976,41.610,3.36,3.30,0.0034,464,178
T-BulletDispenser-1x,11977,41.613,3.26,3.29,0.0033,464,178
T-BulletDispenser-1x,11978,41.616,2.80,2.79,0.0028,464,178
T-BulletDispenser-1x,11979,41.618,2.67,2.69,0.0027,464,178
T-BulletDispenser-1x,11980,41.621,2.81,2.81,0.0028,464,178
T-BulletDispenser-1x,11981,41.624,2.51,2.50,0.0025,464,178
T-BulletDispenser-1x,11982,41.627,2.96,2.92,0.0030,464,178
T-BulletDispenser-1x,11983,41.630,3.25,3.27,0.0032,464,178
T-BulletDispenser-1x,11984,41.633,3.18,3.19,0.0032,464,178
T-BulletDispenser-1x,11985,41.636,2.70,2.71,0.0027,464,178
T-BulletDispenser-1x,11986,41.639,3.01,2.99,0.0030,464,178
T-BulletDispenser-1x,11987,41.642,3.32,3.31,0.0033,464,178
T-BulletDispenser-1x,11988,41.645,3.23,3.20,0.0032,464,178
T-BulletDispenser-1x,11989,41.648,2.95,2.99,0.0029,464,178
T-BulletDispenser-1x,11990,41.651,2.80,2.80,0.0028,464,178
T-BulletDispenser-1x,11991,41.654,2.85,2.80,0.0029,464,178
T-BulletDispenser-1x,11992,41.657,3.18,3.20,0.0032,464,178
T-BulletDispenser-1x,11993,41.660,2.77,2.80,0.0028,464,178
T-BulletDispenser-1x,11994,41.663,3.23,3.20,0.0032,464,178
T-BulletDispenser-1x,11995,41.666,2.79,2.80,0.0028,464,178
T-BulletDispenser-1x,11996,41.669,2.69,2.70,0.0027,464,178
T-BulletDispenser-1x,11997,41.672,3.10,3.09,0.0031,464,178
T-BulletDispenser-1x,11998,41.675,3.12,3.10,0.0031,464,178
T-BulletDispenser-1x,11999,41.678,2.69,2.70,0.0027,464,178
T-BulletDispenser-1x,12000,41.681,3.14,3.13,0.0031,464,178
T-BulletDispenser-1x,12001,41.683,2.84,2.86,0.0028,464,178
T-BulletDispenser-1x,12002,41.687,3.02,3.01,0.0030,464,178
T-BulletDispenser-1x,12003,41.690,2.99,2.99,0.0030,464,178
T-BulletDispenser-1x,12004,41.693,3.07,3.09,0.0031,464,178
T-BulletDispenser-1x,12005,41.696,3.06,3.02,0.0031,464,178
T-BulletDispenser-1x,12006,41.699,3.33,3.31,0.0033,464,178
T-BulletDispenser-1x,12007,41.702,2.60,2.67,0.0026,464,178
T-BulletDispenser-1x,12008,41.704,2.54,2.50,0.0025,464,178
T-BulletDispenser-1x,12009,41.708,3.43,3.41,0.0034,464,178
T-BulletDispenser-1x,12010,41.711,3.07,3.09,0.0031,464,178
T-BulletDispenser-1x,12011,41.714,3.16,3.19,0.0032,464,178
T-BulletDispenser-1x,12012,41.717,2.95,2.91,0.0030,464,178
T-BulletDispenser-1x,12013,41.720,3.21,3.20,0.0032,464,178
T-BulletDispenser-1x,12014,41.723,2.64,2.68,0.0026,464,178
T-BulletDispenser-1x,12015,41.725,2.54,2.50,0.0025,464,178
T-BulletDispenser-1x,12016,41.728,2.67,2.69,0.0027,464,178
T-BulletDispenser-1x,12017,41.731,2.85,2.82,0.0029,464,178
T-BulletDispenser-1x,12018,41.734,3.17,3.18,0.0032,464,178
T-BulletDispenser-1x,12019,41.737,3.23,3.22,0.0032,464,178
T-BulletDispenser-1x,12020,41.740,3.08,3.09,0.0031,464,178
T-BulletDispenser-1x,12021,41.743,3.19,3.19,0.0032,464,178
T-BulletDispenser-1x,12022,41.746,2.79,2.80,0.0028,464,178
T-BulletDispenser-1x,12023,41.749,2.94,2.91,0.0029,464,178
T-BulletDispenser-1x,12024,41.752,3.09,3.09,0.0031,464,178
T-BulletDispenser-1x,12025,41.755,3.28,3.31,0.0033,464,178
T-BulletDispenser-1x,12026,41.758,3.09,3.08,0.0031,464,178
T-BulletDispenser-1x,12027,41.761,2.82,2.81,0.0028,464,178
T-BulletDispenser-1x,12028,41.764,2.78,2.79,0.0028,464,178
T-BulletDispenser-1x,12029,41.767,2.78,2.80,0.0028,464,178
T-BulletDispenser-1x,12030,41.769,2.28,2.28,0.0023,464,178
T-BulletDispenser-1x,12031,41.772,2.78,2.72,0.0028,464,178
T-BulletDispenser-1x,12032,41.775,3.10,3.10,0.0031,464,178
T-BulletDispenser-1x,12033,41.778,3.25,3.21,0.0032,464,178
T-BulletDispenser-1x,12034,41.781,2.59,2.68,0.0026,464,178
T-BulletDispenser-1x,12035,41.784,2.82,2.80,0.0028,464,178
T-BulletDispenser-1x,12036,41.787,3.00,3.00,0.0030,464,178
T-BulletDispenser-1x,12037,41.789,2.79,2.80,0.0028,464,178
T-BulletDispenser-1x,12038,41.793,3.25,3.20,0.0032,464,178
T-BulletDispenser-1x,12039,41.796,3.08,3.10,0.0031,516,178
T-BulletDispenser-1x,12040,41.799,2.84,2.79,0.0028,464,178
T-BulletDispenser-1x,12041,41.802,3.03,3.08,0.0030,464,178
T-BulletDispenser-1x,12042,41.804,2.68,2.70,0.0027,464,178
T-BulletDispenser-1x,12043,41.807,2.40,2.40,0.0024,464,178
T-BulletDispenser-1x,12044,41.810,2.76,2.70,0.0028,464,178
T-BulletDispenser-1x,12045,41.813,3.08,3.09,0.0031,464,178
T-BulletDispenser-1x,12046,41.816,3.43,3.42,0.0034,464,178
T-BulletDispenser-1x,12047,41.819,2.97,3.00,0.0030,464,178
T-BulletDispenser-1x,12048,41.822,3.12,3.10,0.0031,464,178
T-BulletDispenser-1x,12049,41.825,3.19,3.18,0.0032,464,178
T-BulletDispenser-1x,12050,41.828,3.12,3.11,0.0031,464,178
T-BulletDispenser-1x,12051,41.831,2.87,2.89,0.0029,464,178
T-BulletDispenser-1x,12052,41.835,4.01,3.98,0.0040,464,178
T-BulletDispenser-1x,12053,41.839,3.52,3.53,0.0035,464,178
T-BulletDispenser-1x,12054,41.842,3.50,3.48,0.0035,464,178
T-BulletDispenser-1x,12055,41.845,2.69,2.71,0.0027,464,178
T-BulletDispenser-1x,12056,41.848,2.79,2.79,0.0028,464,178
T-BulletDispenser-1x,12057,41.851,3.32,3.29,0.0033,464,178
T-BulletDispenser-1x,12058,41.854,3.33,3.30,0.0033,464,178
T-BulletDispenser-1x,12059,41.857,2.98,2.98,0.0030,464,178
T-BulletDispenser-1x,12060,41.860,2.98,3.00,0.0030,464,178
T-BulletDispenser-1x,12061,41.864,3.20,3.20,0.0032,464,178
T-BulletDispenser-1x,12062,41.867,2.96,2.92,0.0030,464,178
T-BulletDispenser-1x,12063,41.869,2.81,2.86,0.0028,464,178
T-BulletDispenser-1x,12064,41.872,2.93,2.91,0.0029,464,178
T-BulletDispenser-1x,12065,41.875,3.02,3.01,0.0030,464,178
T-BulletDispenser-1x,12066,41.879,3.50,3.48,0.0035,464,178
T-BulletDispenser-1x,12067,41.882,3.39,3.41,0.0034,464,178
T-BulletDispenser-1x,12068,41.885,2.99,3.00,0.0030,464,178
T-BulletDispenser-1x,12069,41.888,3.19,3.21,0.0032,464,178
T-BulletDispenser-1x,12070,41.892,3.10,3.09,0.0031,464,178
T-BulletDispenser-1x,12071,41.895,3.34,3.32,0.0033,464,178
T-BulletDispenser-1x,12072,41.897,2.64,2.70,0.0026,464,178
T-BulletDispenser-1x,12073,41.901,3.13,3.09,0.0031,464,178
T-BulletDispenser-1x,12074,41.904,3.20,3.20,0.0032,464,178
T-BulletDispenser-1x,12075,41.907,2.68,2.70,0.0027,464,178
T-BulletDispenser-1x,12076,41.909,2.93,2.91,0.0029,464,178
T-BulletDispenser-1x,12077,41.913,3.19,3.19,0.0032,464,178
T-BulletDispenser-1x,12078,41.916,3.30,3.29,0.0033,464,178
T-BulletDispenser-1x,12079,41.919,2.88,2.89,0.0029,464,178
T-BulletDispenser-1x,12080,41.922,2.97,3.00,0.0030,464,178
T-BulletDispenser-1x,12081,41.924,2.51,2.50,0.0025,464,178
T-BulletDispenser-1x,12082,41.927,2.93,2.91,0.0029,464,178
T-BulletDispenser-1x,12083,41.931,3.40,3.38,0.0034,464,178
T-BulletDispenser-1x,12084,41.934,3.61,3.62,0.0036,464,178
T-BulletDispenser-1x,12085,41.938,3.37,3.39,0.0034,464,178
T-BulletDispenser-1x,12086,41.941,3.55,3.52,0.0035,464,178
T-BulletDispenser-1x,12087,41.944,2.96,2.98,0.0030,464,178
T-BulletDispenser-1x,12088,41.947,3.18,3.11,0.0032,464,178
T-BulletDispenser-1x,12089,41.951,3.57,3.60,0.0036,464,178
T-BulletDispenser-1x,12090,41.954,3.36,3.40,0.0034,464,178
T-BulletDispenser-1x,12091,41.957,3.03,3.00,0.0030,464,178
T-BulletDispenser-1x,12092,41.960,2.84,2.87,0.0028,464,178
T-BulletDispenser-1x,12093,41.963,3.20,3.19,0.0032,464,178
T-BulletDispenser-1x,12094,41.966,3.00,2.99,0.0030,464,178
T-BulletDispenser-1x,12095,41.970,3.19,3.15,0.0032,464,178
T-BulletDispenser-1x,12096,41.972,2.92,2.96,0.0029,464,178
T-BulletDispenser-1x,12097,41.975,2.62,2.59,0.0026,464,178
T-BulletDispenser-1x,12098,41.978,2.75,2.78,0.0027,464,178
T-BulletDispenser-1x,12099,41.981,3.07,3.02,0.0031,464,178
T-BulletDispenser-1x,12100,41.984,3.40,3.40,0.0034,464,178
T-BulletDispenser-1x,12101,41.987,2.97,2.98,0.0030,464,178
T-BulletDispenser-1x,12102,41.990,2.67,2.70,0.0027,464,178
T-BulletDispenser-1x,12103,41.993,3.14,3.10,0.0031,464,178
T-BulletDispenser-1x,12104,41.996,3.02,3.01,0.0030,516,178
T-BulletDispenser-1x,12105,41.999,2.63,2.69,0.0026,464,178
T-BulletDispenser-1x,12106,42.001,2.60,2.60,0.0026,464,178
T-BulletDispenser-1x,12107,42.004,3.09,3.00,0.0031,464,178
T-BulletDispenser-1x,12108,42.008,3.24,3.29,0.0032,464,178
T-BulletDispenser-1x,12109,42.010,2.88,2.91,0.0029,464,178
T-BulletDispenser-1x,12110,42.014,3.32,3.29,0.0033,464,178
T-BulletDispenser-1x,12111,42.017,2.89,2.90,0.0029,464,178
T-BulletDispenser-1x,12112,42.019,2.63,2.60,0.0026,464,178
T-BulletDispenser-1x,12113,42.022,3.07,3.08,0.0031,464,178
T-BulletDispenser-1x,12114,42.026,3.67,3.41,0.0037,464,178
T-BulletDispenser-1x,12115,42.029,3.15,3.40,0.0032,464,178
T-BulletDispenser-1x,12116,42.033,3.28,3.21,0.0033,464,178
T-BulletDispenser-1x,12117,42.035,2.78,2.86,0.0028,464,178
T-BulletDispenser-1x,12118,42.038,2.73,2.72,0.0027,464,178
T-BulletDispenser-1x,12119,42.041,2.57,2.58,0.0026,464,178
T-BulletDispenser-1x,12120,42.044,3.14,3.12,0.0031,464,178
T-BulletDispenser-1x,12121,42.047,3.34,3.30,0.0033,464,178
T-BulletDispenser-1x,12122,42.050,3.29,3.30,0.0033,464,178
T-BulletDispenser-1x,12123,42.054,3.18,3.18,0.0032,464,178
T-BulletDispenser-1x,12124,42.057,3.50,3.49,0.0035,464,178
T-BulletDispenser-1x,12125,42.060,2.96,3.00,0.0030,464,178
T-BulletDispenser-1x,12126,42.063,2.81,2.79,0.0028,464,178
T-BulletDispenser-1x,12127,42.066,3.61,3.61,0.0036,464,178
T-BulletDispenser-1x,12128,42.070,3.43,3.39,0.0034,464,178
T-BulletDispenser-1x,12129,42.073,2.95,2.99,0.0030,464,178
T-BulletDispenser-1x,12130,42.076,3.23,3.20,0.0032,464,178
T-BulletDispenser-1x,12131,42.079,3.13,3.12,0.0031,464,178
T-BulletDispenser-1x,12132,42.082,2.52,2.58,0.0025,464,178
T-BulletDispenser-1x,12133,42.085,2.96,2.91,0.0030,464,178
T-BulletDispenser-1x,12134,42.088,3.15,3.18,0.0032,464,178
T-BulletDispenser-1x,12135,42.091,3.32,3.30,0.0033,464,178
T-BulletDispenser-1x,12136,42.094,2.88,2.90,0.0029,464,178
T-BulletDispenser-1x,12137,42.097,2.85,2.82,0.0029,464,178
T-BulletDispenser-1x,12138,42.100,3.19,3.19,0.0032,464,178
T-BulletDispenser-1x,12139,42.103,3.42,3.40,0.0034,464,178
T-BulletDispenser-1x,12140,42.106,2.95,2.98,0.0029,464,178
T-BulletDispenser-1x,12141,42.109,2.98,2.99,0.0030,464,178
T-BulletDispenser-1x,12142,42.112,2.85,2.81,0.0029,464,178
T-BulletDispenser-1x,12143,42.115,2.97,2.99,0.0030,464,178
T-BulletDispenser-1x,12144,42.118,2.92,2.93,0.0029,464,178
T-BulletDispenser-1x,12145,42.121,3.22,3.18,0.0032,464,178
T-BulletDispenser-1x,12146,42.125,3.39,3.39,0.0034,464,178
T-BulletDispenser-1x,12147,42.128,2.86,2.89,0.0029,464,178
T-BulletDispenser-1x,12148,42.131,3.12,3.11,0.0031,464,178
T-BulletDispenser-1x,12149,42.134,2.99,2.99,0.0030,464,178
T-BulletDispenser-1x,12150,42.136,2.78,2.79,0.0028,464,178
T-BulletDispenser-1x,12151,42.139,2.57,2.59,0.0026,464,178
T-BulletDispenser-1x,12152,42.142,3.12,3.06,0.0031,464,178
T-BulletDispenser-1x,12153,42.145,3.24,3.26,0.0032,464,178
T-BulletDispenser-1x,12154,42.149,3.10,3.10,0.0031,464,178
T-BulletDispenser-1x,12155,42.151,2.97,3.01,0.0030,464,178
T-BulletDispenser-1x,12156,42.154,2.61,2.59,0.0026,464,178
T-BulletDispenser-1x,12157,42.157,3.13,3.10,0.0031,464,178
T-BulletDispenser-1x,12158,42.160,2.89,2.91,0.0029,464,178
T-BulletDispenser-1x,12159,42.163,3.10,3.10,0.0031,464,178
T-BulletDispenser-1x,12160,42.166,2.80,2.79,0.0028,464,178
T-BulletDispenser-1x,12161,42.169,3.01,2.99,0.0030,464,178
T-BulletDispenser-1x,12162,42.172,3.32,3.31,0.0033,464,178
T-BulletDispenser-1x,12163,42.176,3.43,3.40,0.0034,464,178
T-BulletDispenser-1x,12164,42.179,3.26,3.29,0.0033,464,178
T-BulletDispenser-1x,12165,42.183,3.60,3.58,0.0036,464,178
T-BulletDispenser-1x,12166,42.185,2.65,2.70,0.0026,464,178
T-BulletDispenser-1x,12167,42.188,3.20,3.11,0.0032,464,178
T-BulletDispenser-1x,12168,42.192,3.70,3.69,0.0037,464,178
T-BulletDispenser-1x,12169,42.196,3.82,3.80,0.0038,464,178
T-BulletDispenser-1x,12170,42.199,3.23,3.28,0.0032,516,178
T-BulletDispenser-1x,12171,42.203,3.82,3.81,0.0038,464,178
T-BulletDispenser-1x,12172,42.206,3.08,3.11,0.0031,464,178
T-BulletDispenser-1x,12173,42.209,2.77,2.79,0.0028,464,178
T-BulletDispenser-1x,12174,42.212,3.16,3.11,0.0032,464,178
T-BulletDispenser-1x,12175,42.215,3.00,3.01,0.0030,464,178
T-BulletDispenser-1x,12176,42.218,3.04,3.07,0.0030,464,178
T-BulletDispenser-1x,12177,42.221,3.03,3.02,0.0030,464,178
T-BulletDispenser-1x,12178,42.224,3.19,3.18,0.0032,464,178
T-BulletDispenser-1x,12179,42.227,2.90,2.92,0.0029,464,178
T-BulletDispenser-1x,12180,42.230,2.70,2.70,0.0027,464,178
T-BulletDispenser-1x,12181,42.233,2.79,2.78,0.0028,464,178
T-BulletDispenser-1x,12182,42.236,2.99,3.00,0.0030,464,178
T-BulletDispenser-1x,12183,42.239,3.09,3.10,0.0031,464,178
T-BulletDispenser-1x,12184,42.242,3.05,3.01,0.0031,464,178
T-BulletDispenser-1x,12185,42.245,2.83,2.88,0.0028,464,178
T-BulletDispenser-1x,12186,42.248,2.94,2.91,0.0029,464,178
T-BulletDispenser-1x,12187,42.251,3.01,3.01,0.0030,464,178
T-BulletDispenser-1x,12188,42.254,3.11,3.09,0.0031,464,178
T-BulletDispenser-1x,12189,42.257,2.99,2.99,0.0030,464,178
T-BulletDispenser-1x,12190,42.260,3.09,3.10,0.0031,464,178
T-BulletDispenser-1x,12191,42.263,3.31,3.31,0.0033,464,178
T-BulletDispenser-1x,12192,42.266,2.93,2.90,0.0029,464,178
T-BulletDispenser-1x,12193,42.269,3.06,3.09,0.0031,464,178
T-BulletDispenser-1x,12194,42.272,3.28,3.28,0.0033,464,178
T-BulletDispenser-1x,12195,42.276,3.42,3.41,0.0034,464,178
T-BulletDispenser-1x,12196,42.279,3.31,3.30,0.0033,464,178
T-BulletDispenser-1x,12197,42.282,3.33,3.31,0.0033,464,178
T-BulletDispenser-1x,12198,42.285,2.60,2.66,0.0026,464,178
T-BulletDispenser-1x,12199,42.288,2.51,2.49,0.0025,464,178
T-BulletDispenser-1x,12200,42.291,3.36,3.22,0.0034,464,178
T-BulletDispenser-1x,12201,42.294,3.18,3.30,0.0032,464,178
T-BulletDispenser-1x,12202,42.297,2.81,2.79,0.0028,464,178
T-BulletDispenser-1x,12203,42.300,3.15,3.11,0.0032,464,178
T-BulletDispenser-1x,12204,42.303,3.25,3.29,0.0032,464,178
T-BulletDispenser-1x,12205,42.306,3.00,2.99,0.0030,464,178
T-BulletDispenser-1x,12206,42.309,3.02,3.01,0.0030,464,178
T-BulletDispenser-1x,12207,42.313,3.43,3.41,0.0034,464,178
T-BulletDispenser-1x,12208,42.316,3.33,3.37,0.0033,464,178
T-BulletDispenser-1x,12209,42.319,3.15,3.11,0.0031,464,178
T-BulletDispenser-1x,12210,42.322,2.95,3.00,0.0030,464,178
T-BulletDispenser-1x,12211,42.325,2.81,2.77,0.0028,464,178
T-BulletDispenser-1x,12212,42.328,3.20,3.21,0.0032,464,178
T-BulletDispenser-1x,12213,42.331,3.12,3.11,0.0031,464,178
T-BulletDispenser-1x,12214,42.334,3.06,3.09,0.0031,464,178
T-BulletDispenser-1x,12215,42.337,2.92,2.90,0.0029,464,178
T-BulletDispenser-1x,12216,42.341,3.23,3.22,0.0032,464,178
T-BulletDispenser-1x,12217,42.343,2.74,2.77,0.0027,464,178
T-BulletDispenser-1x,12218,42.346,2.63,2.62,0.0026,464,178
T-BulletDispenser-1x,12219,42.349,3.30,3.29,0.0033,464,178
T-BulletDispenser-1x,12220,42.352,2.98,3.00,0.0030,464,178
T-BulletDispenser-1x,12221,42.356,3.33,3.31,0.0033,464,178
T-BulletDispenser-1x,12222,42.359,3.43,3.41,0.0034,464,178
T-BulletDispenser-1x,12223,42.362,2.66,2.67,0.0027,464,178
T-BulletDispenser-1x,12224,42.365,3.01,3.02,0.0030,464,178
T-BulletDispenser-1x,12225,42.368,3.01,2.98,0.0030,464,178
T-BulletDispenser-1x,12226,42.371,3.27,3.31,0.0033,464,178
T-BulletDispenser-1x,12227,42.374,3.34,3.31,0.0033,464,178
T-BulletDispenser-1x,12228,42.377,2.74,2.79,0.0027,464,178
T-BulletDispenser-1x,12229,42.380,3.23,3.18,0.0032,464,178
T-BulletDispenser-1x,12230,42.383,2.79,2.80,0.0028,464,178
T-BulletDispenser-1x,12231,42.386,2.58,2.61,0.0026,464,178
T-BulletDispenser-1x,12232,42.388,2.77,2.70,0.0028,464,178
T-BulletDispenser-1x,12233,42.392,3.18,3.20,0.0032,464,178
T-BulletDispenser-1x,12234,42.395,3.25,3.19,0.0033,464,178
T-BulletDispenser-1x,12235,42.397,2.71,2.80,0.0027,464,178
T-BulletDispenser-1x,12236,42.400,2.63,2.60,0.0026,516,178
T-BulletDispenser-1x,12237,42.403,3.03,3.00,0.0030,464,178
T-BulletDispenser-1x,12238,42.406,2.96,3.00,0.0030,464,178
T-BulletDispenser-1x,12239,42.409,3.33,3.30,0.0033,464,178
T-BulletDispenser-1x,12240,42.413,3.30,3.30,0.0033,464,178
T-BulletDispenser-1x,12241,42.416,2.96,2.89,0.0030,464,178
T-BulletDispenser-1x,12242,42.419,2.94,3.00,0.0029,464,178
T-BulletDispenser-1x,12243,42.422,3.18,3.20,0.0032,464,178
T-BulletDispenser-1x,12244,42.424,2.47,2.48,0.0025,464,178
T-BulletDispenser-1x,12245,42.427,3.04,3.01,0.0030,464,178
T-BulletDispenser-1x,12246,42.431,3.19,3.18,0.0032,464,178
T-BulletDispenser-1x,12247,42.434,3.21,3.22,0.0032,464,178
T-BulletDispenser-1x,12248,42.437,3.05,3.07,0.0030,464,178
T-BulletDispenser-1x,12249,42.440,2.83,2.83,0.0028,464,178
T-BulletDispenser-1x,12250,42.442,2.89,2.89,0.0029,464,178
T-BulletDispenser-1x,12251,42.445,2.83,2.79,0.0028,464,178
T-BulletDispenser-1x,12252,42.449,3.22,3.21,0.0032,464,178
T-BulletDispenser-1x,12253,42.451,2.94,2.97,0.0029,464,178
T-BulletDispenser-1x,12254,42.455,3.22,3.22,0.0032,464,178
T-BulletDispenser-1x,12255,42.458,2.80,2.79,0.0028,464,178
T-BulletDispenser-1x,12256,42.460,2.91,2.89,0.0029,464,178
T-BulletDispenser-1x,12257,42.464,3.20,3.20,0.0032,464,178
T-BulletDispenser-1x,12258,42.467,3.01,2.99,0.0030,464,178
T-BulletDispenser-1x,12259,42.470,3.21,3.20,0.0032,464,178
T-BulletDispenser-1x,12260,42.473,2.96,2.99,0.0030,464,178
T-BulletDispenser-1x,12261,42.476,2.78,2.78,0.0028,464,178
T-BulletDispenser-1x,12262,42.479,3.14,3.12,0.0031,464,178
T-BulletDispenser-1x,12263,42.482,2.98,2.99,0.0030,464,178
T-BulletDispenser-1x,12264,42.485,3.09,3.11,0.0031,464,178
T-BulletDispenser-1x,12265,42.488,3.20,3.19,0.0032,464,178
T-BulletDispenser-1x,12266,42.491,3.11,3.10,0.0031,464,178
T-BulletDispenser-1x,12267,42.494,2.56,2.59,0.0026,464,178
T-BulletDispenser-1x,12268,42.496,2.70,2.61,0.0027,464,178
T-BulletDispenser-1x,12269,42.499,3.05,3.10,0.0031,464,178
T-BulletDispenser-1x,12270,42.503,3.11,3.11,0.0031,464,178
T-BulletDispenser-1x,12271,42.505,2.93,2.97,0.0029,464,178
T-BulletDispenser-1x,12272,42.508,2.86,2.83,0.0029,464,178
T-BulletDispenser-1x,12273,42.511,2.88,2.89,0.0029,464,178
T-BulletDispenser-1x,12274,42.514,2.69,2.70,0.0027,464,178
T-BulletDispenser-1x,12275,42.517,2.66,2.60,0.0027,464,178
T-BulletDispenser-1x,12276,42.520,3.22,3.18,0.0032,464,178
T-BulletDispenser-1x,12277,42.523,2.82,2.88,0.0028,464,178
T-BulletDispenser-1x,12278,42.526,3.02,3.02,0.0030,464,178
T-BulletDispenser-1x,12279,42.528,2.62,2.59,0.0026,464,178
T-BulletDispenser-1x,12280,42.532,3.41,3.40,0.0034,464,178
T-BulletDispenser-1x,12281,42.535,3.39,3.41,0.0034,464,178
T-BulletDispenser-1x,12282,42.538,3.15,3.17,0.0032,464,178
T-BulletDispenser-1x,12283,42.542,3.53,3.51,0.0035,464,178
T-BulletDispenser-1x,12284,42.545,3.01,3.00,0.0030,464,178
T-BulletDispenser-1x,12285,42.547,2.75,2.77,0.0027,464,178
T-BulletDispenser-1x,12286,42.550,2.55,2.53,0.0026,464,178
T-BulletDispenser-1x,12287,42.554,3.56,3.49,0.0036,464,178
T-BulletDispenser-1x,12288,42.557,3.53,3.60,0.0035,464,178
T-BulletDispenser-1x,12289,42.560,3.27,3.28,0.0033,464,178
T-BulletDispenser-1x,12290,42.564,3.10,3.10,0.0031,464,178
T-BulletDispenser-1x,12291,42.567,3.09,3.02,0.0031,464,178
T-BulletDispenser-1x,12292,42.570,3.55,3.59,0.0035,464,178
T-BulletDispenser-1x,12293,42.573,3.29,3.29,0.0033,464,178
T-BulletDispenser-1x,12294,42.577,3.32,3.30,0.0033,464,178
T-BulletDispenser-1x,12295,42.580,3.17,3.21,0.0032,464,178
T-BulletDispenser-1x,12296,42.583,2.83,2.80,0.0028,464,178
T-BulletDispenser-1x,12297,42.586,2.87,2.89,0.0029,464,178
T-BulletDispenser-1x,12298,42.589,2.90,2.89,0.0029,464,178
T-BulletDispenser-1x,12299,42.592,3.46,3.40,0.0035,464,178
T-BulletDispenser-1x,12300,42.595,3.27,3.30,0.0033,464,178
T-BulletDispenser-1x,12301,42.598,3.19,3.18,0.0032,464,178
T-BulletDispenser-1x,12302,42.601,2.95,3.00,0.0030,516,178
T-BulletDispenser-1x,12303,42.604,2.75,2.71,0.0027,464,178
T-BulletDispenser-1x,12304,42.607,2.87,2.89,0.0029,464,178
T-BulletDispenser-1x,12305,42.610,3.00,2.99,0.0030,464,178
T-BulletDispenser-1x,12306,42.613,3.33,3.32,0.0033,464,178
T-BulletDispenser-1x,12307,42.616,3.09,3.09,0.0031,464,178
T-BulletDispenser-1x,12308,42.620,3.20,3.20,0.0032,464,178
T-BulletDispenser-1x,12309,42.623,2.90,2.89,0.0029,464,178
T-BulletDispenser-1x,12310,42.625,2.78,2.80,0.0028,464,178
T-BulletDispenser-1x,12311,42.628,2.90,2.82,0.0029,464,178
T-BulletDispenser-1x,12312,42.631,3.01,3.06,0.0030,464,178
T-BulletDispenser-1x,12313,42.634,2.97,3.00,0.0030,464,178
T-BulletDispenser-1x,12314,42.637,3.05,3.02,0.0030,464,178
T-BulletDispenser-1x,12315,42.640,2.65,2.68,0.0026,464,178
T-BulletDispenser-1x,12316,42.643,2.81,2.81,0.0028,464,178
T-BulletDispenser-1x,12317,42.646,3.01,2.98,0.0030,464,178
T-BulletDispenser-1x,12318,42.649,3.38,3.33,0.0034,464,178
T-BulletDispenser-1x,12319,42.652,3.27,3.30,0.0033,464,178
T-BulletDispenser-1x,12320,42.656,3.18,3.18,0.0032,464,178
T-BulletDispenser-1x,12321,42.659,3.18,3.19,0.0032,464,178
T-BulletDispenser-1x,12322,42.662,3.24,3.22,0.0032,464,178
T-BulletDispenser-1x,12323,42.665,3.28,3.29,0.0033,464,178
T-BulletDispenser-1x,12324,42.668,3.23,3.20,0.0032,464,178
T-BulletDispenser-1x,12325,42.672,3.33,3.37,0.0033,464,178
T-BulletDispenser-1x,12326,42.675,3.25,3.22,0.0033,464,178
T-BulletDispenser-1x,12327,42.678,3.20,3.19,0.0032,464,178
T-BulletDispenser-1x,12328,42.682,3.52,3.54,0.0035,464,178
T-BulletDispenser-1x,12329,42.685,2.95,2.97,0.0029,464,178
T-BulletDispenser-1x,12330,42.688,3.20,3.20,0.0032,464,178
T-BulletDispenser-1x,12331,42.691,3.21,3.21,0.0032,464,178
T-BulletDispenser-1x,12332,42.694,2.98,2.98,0.0030,464,178
T-BulletDispenser-1x,12333,42.697,2.77,2.80,0.0028,464,178
T-BulletDispenser-1x,12334,42.699,2.29,2.28,0.0023,464,178
T-BulletDispenser-1x,12335,42.702,3.05,3.00,0.0030,464,178
T-BulletDispenser-1x,12336,42.706,3.41,3.41,0.0034,464,178
T-BulletDispenser-1x,12337,42.709,3.27,3.29,0.0033,464,178
T-BulletDispenser-1x,12338,42.712,3.20,3.19,0.0032,464,178
T-BulletDispenser-1x,12339,42.715,3.00,3.01,0.0030,464,178
T-BulletDispenser-1x,12340,42.718,3.09,3.10,0.0031,464,178
T-BulletDispenser-1x,12341,42.721,3.11,3.10,0.0031,464,178
T-BulletDispenser-1x,12342,42.725,3.33,3.31,0.0033,464,178
T-BulletDispenser-1x,12343,42.727,2.76,2.79,0.0028,464,178
T-BulletDispenser-1x,12344,42.731,3.21,3.19,0.0032,464,178
T-BulletDispenser-1x,12345,42.733,2.79,2.79,0.0028,464,178
T-BulletDispenser-1x,12346,42.736,2.86,2.83,0.0029,464,178
T-BulletDispenser-1x,12347,42.739,3.06,3.09,0.0031,464,178
T-BulletDispenser-1x,12348,42.742,3.13,3.10,0.0031,464,178
T-BulletDispenser-1x,12349,42.746,3.17,3.18,0.0032,464,178
T-BulletDispenser-1x,12350,42.749,2.92,2.90,0.0029,464,178
T-BulletDispenser-1x,12351,42.751,2.86,2.88,0.0029,464,178
T-BulletDispenser-1x,12352,42.754,2.81,2.79,0.0028,464,178
T-BulletDispenser-1x,12353,42.758,3.55,3.52,0.0035,464,178
T-BulletDispenser-1x,12354,42.761,3.45,3.42,0.0034,464,178
T-BulletDispenser-1x,12355,42.764,3.14,3.17,0.0031,464,178
T-BulletDispenser-1x,12356,42.767,3.08,3.11,0.0031,464,178
T-BulletDispenser-1x,12357,42.770,2.72,2.69,0.0027,464,178
T-BulletDispenser-1x,12358,42.773,3.16,3.19,0.0032,464,178
T-BulletDispenser-1x,12359,42.776,3.01,2.99,0.0030,464,178
T-BulletDispenser-1x,12360,42.779,3.01,3.01,0.0030,464,178
T-BulletDispenser-1x,12361,42.782,2.88,2.88,0.0029,464,178
T-BulletDispenser-1x,12362,42.786,3.34,3.31,0.0033,464,178
T-BulletDispenser-1x,12363,42.789,3.22,3.20,0.0032,464,178
T-BulletDispenser-1x,12364,42.792,3.69,3.70,0.0037,464,178
T-BulletDispenser-1x,12365,42.795,2.80,2.80,0.0028,464,178
T-BulletDispenser-1x,12366,42.798,2.57,2.61,0.0026,464,178
T-BulletDispenser-1x,12367,42.801,3.21,3.17,0.0032,464,178
T-BulletDispenser-1x,12368,42.804,3.01,3.01,0.0030,516,178
T-BulletDispenser-1x,12369,42.807,2.92,2.90,0.0029,464,178
T-BulletDispenser-1x,12370,42.810,3.19,3.20,0.0032,464,178
T-BulletDispenser-1x,12371,42.813,2.86,2.88,0.0029,464,178
T-BulletDispenser-1x,12372,42.816,2.75,2.72,0.0027,464,178
T-BulletDispenser-1x,12373,42.819,2.80,2.79,0.0028,464,178
T-BulletDispenser-1x,12374,42.822,3.27,3.28,0.0033,464,178
T-BulletDispenser-1x,12375,42.825,3.17,3.19,0.0032,464,178
T-BulletDispenser-1x,12376,42.828,2.83,2.80,0.0028,464,178
T-BulletDispenser-1x,12377,42.831,2.98,3.01,0.0030,464,178
T-BulletDispenser-1x,12378,42.834,2.83,2.80,0.0028,464,178
T-BulletDispenser-1x,12379,42.837,3.30,3.31,0.0033,464,178
T-BulletDispenser-1x,12380,42.840,3.10,3.09,0.0031,464,178
T-BulletDispenser-1x,12381,42.843,3.05,3.09,0.0030,464,178
T-BulletDispenser-1x,12382,42.846,3.18,3.13,0.0032,464,178
T-BulletDispenser-1x,12383,42.850,3.29,3.28,0.0033,464,178
T-BulletDispenser-1x,12384,42.853,3.51,3.51,0.0035,464,178
T-BulletDispenser-1x,12385,42.857,3.46,3.40,0.0035,464,178
T-BulletDispenser-1x,12386,42.860,3.12,3.19,0.0031,464,178
T-BulletDispenser-1x,12387,42.863,2.92,2.92,0.0029,464,178
T-BulletDispenser-1x,12388,42.865,2.42,2.47,0.0024,464,178
T-BulletDispenser-1x,12389,42.868,2.77,2.71,0.0028,464,178
T-BulletDispenser-1x,12390,42.871,3.48,3.49,0.0035,464,178
T-BulletDispenser-1x,12391,42.874,3.22,3.22,0.0032,464,178
T-BulletDispenser-1x,12392,42.878,3.18,3.17,0.0032,464,178
T-BulletDispenser-1x,12393,42.881,2.91,2.91,0.0029,464,178
T-BulletDispenser-1x,12394,42.884,3.22,3.20,0.0032,464,178
T-BulletDispenser-1x,12395,42.886,2.73,2.77,0.0027,464,178
T-BulletDispenser-1x,12396,42.889,2.87,2.81,0.0029,464,178
T-BulletDispenser-1x,12397,42.893,3.36,3.39,0.0034,464,178
T-BulletDispenser-1x,12398,42.896,3.01,2.99,0.0030,464,178
T-BulletDispenser-1x,12399,42.899,3.39,3.32,0.0034,464,178
T-BulletDispenser-1x,12400,42.902,3.36,3.40,0.0034,464,178
T-BulletDispenser-1x,12401,42.905,2.95,2.98,0.0029,464,178
T-BulletDispenser-1x,12402,42.909,3.25,3.22,0.0032,464,178
T-BulletDispenser-1x,12403,42.912,2.96,2.97,0.0030,464,178
T-BulletDispenser-1x,12404,42.915,2.91,2.92,0.0029,464,178
T-BulletDispenser-1x,12405,42.918,3.04,3.07,0.0030,464,178
T-BulletDispenser-1x,12406,42.920,2.92,2.90,0.0029,464,178
T-BulletDispenser-1x,12407,42.923,2.80,2.81,0.0028,464,178
T-BulletDispenser-1x,12408,42.926,2.69,2.70,0.0027,464,178
T-BulletDispenser-1x,12409,42.928,2.29,2.29,0.0023,464,178
T-BulletDispenser-1x,12410,42.931,3.17,3.11,0.0032,464,178
T-BulletDispenser-1x,12411,42.935,3.16,3.19,0.0032,464,178
T-BulletDispenser-1x,12412,42.938,3.21,3.21,0.0032,464,178
T-BulletDispenser-1x,12413,42.941,3.22,3.19,0.0032,464,178
T-BulletDispenser-1x,12414,42.944,3.09,3.11,0.0031,464,178
T-BulletDispenser-1x,12415,42.947,2.76,2.78,0.0028,464,178
T-BulletDispenser-1x,12416,42.949,2.40,2.40,0.0024,464,178
T-BulletDispenser-1x,12417,42.952,3.14,3.11,0.0031,464,178
T-BulletDispenser-1x,12418,42.956,3.32,3.30,0.0033,464,178
T-BulletDispenser-1x,12419,42.959,3.19,3.19,0.0032,464,178
T-BulletDispenser-1x,12420,42.962,3.21,3.21,0.0032,464,178
T-BulletDispenser-1x,12421,42.965,2.59,2.58,0.0026,464,178
T-BulletDispenser-1x,12422,42.968,2.81,2.81,0.0028,464,178
T-BulletDispenser-1x,12423,42.970,2.79,2.80,0.0028,464,178
T-BulletDispenser-1x,12424,42.973,2.77,2.79,0.0028,464,178
T-BulletDispenser-1x,12425,42.976,3.14,3.10,0.0031,464,178
T-BulletDispenser-1x,12426,42.979,3.21,3.21,0.0032,464,178
T-BulletDispenser-1x,12427,42.982,2.54,2.57,0.0025,464,178
T-BulletDispenser-1x,12428,42.985,3.14,3.11,0.0031,464,178
T-BulletDispenser-1x,12429,42.988,2.81,2.80,0.0028,464,178
T-BulletDispenser-1x,12430,42.991,2.75,2.79,0.0027,464,178
T-BulletDispenser-1x,12431,42.994,3.04,3.01,0.0030,464,178
T-BulletDispenser-1x,12432,42.997,2.90,2.90,0.0029,464,178
T-BulletDispenser-1x,12433,43.000,3.02,3.00,0.0030,464,178
T-BulletDispenser-1x,12434,43.003,2.97,2.98,0.0030,464,178
T-BulletDispenser-1x,12435,43.005,2.85,2.89,0.0029,516,178
T-BulletDispenser-1x,12436,43.008,2.96,2.91,0.0030,464,178
T-BulletDispenser-1x,12437,43.011,2.87,2.88,0.0029,464,178
T-BulletDispenser-1x,12438,43.014,2.93,2.92,0.0029,464,178
T-BulletDispenser-1x,12439,43.017,3.11,3.09,0.0031,464,178
T-BulletDispenser-1x,12440,43.021,3.40,3.41,0.0034,464,178
T-BulletDispenser-1x,12441,43.024,2.91,2.90,0.0029,464,178
T-BulletDispenser-1x,12442,43.027,3.18,3.19,0.0032,464,178
T-BulletDispenser-1x,12443,43.030,3.19,3.19,0.0032,464,178
T-BulletDispenser-1x,12444,43.033,3.11,3.11,0.0031,464,178
T-BulletDispenser-1x,12445,43.036,3.12,3.13,0.0031,464,178
T-BulletDispenser-1x,12446,43.039,2.76,2.77,0.0028,464,178
T-BulletDispenser-1x,12447,43.043,3.62,3.61,0.0036,464,178
T-BulletDispenser-1x,12448,43.046,3.50,3.51,0.0035,464,178
T-BulletDispenser-1x,12449,43.049,2.76,2.77,0.0028,464,178
T-BulletDispenser-1x,12450,43.052,2.81,2.82,0.0028,464,178
T-BulletDispenser-1x,12451,43.055,3.28,3.19,0.0033,464,178
T-BulletDispenser-1x,12452,43.058,3.15,3.19,0.0031,464,178
T-BulletDispenser-1x,12453,43.061,3.21,3.20,0.0032,464,178
T-BulletDispenser-1x,12454,43.064,3.00,3.00,0.0030,464,178
T-BulletDispenser-1x,12455,43.068,3.30,3.31,0.0033,464,178
T-BulletDispenser-1x,12456,43.070,2.78,2.78,0.0028,464,178
T-BulletDispenser-1x,12457,43.073,3.02,3.01,0.0030,464,178
T-BulletDispenser-1x,12458,43.077,3.30,3.30,0.0033,464,178
T-BulletDispenser-1x,12459,43.080,3.10,3.09,0.0031,464,178
T-BulletDispenser-1x,12460,43.083,3.27,3.28,0.0033,464,178
T-BulletDispenser-1x,12461,43.086,3.36,3.35,0.0034,464,178
T-BulletDispenser-1x,12462,43.090,3.38,3.37,0.0034,464,178
T-BulletDispenser-1x,12463,43.093,3.07,3.08,0.0031,464,178
T-BulletDispenser-1x,12464,43.096,3.21,3.20,0.0032,464,178
T-BulletDispenser-1x,12465,43.099,2.89,2.89,0.0029,464,178
T-BulletDispenser-1x,12466,43.102,3.00,3.00,0.0030,464,178
T-BulletDispenser-1x,12467,43.105,3.07,3.10,0.0031,464,178
T-BulletDispenser-1x,12468,43.108,2.73,2.70,0.0027,464,178
T-BulletDispenser-1x,12469,43.111,3.37,3.30,0.0034,464,178
T-BulletDispenser-1x,12470,43.114,3.14,3.19,0.0031,464,178
T-BulletDispenser-1x,12471,43.118,3.41,3.40,0.0034,464,178
T-BulletDispenser-1x,12472,43.121,3.39,3.40,0.0034,464,178
T-BulletDispenser-1x,12473,43.124,2.57,2.59,0.0026,464,178
T-BulletDispenser-1x,12474,43.127,3.25,3.20,0.0032,464,178
T-BulletDispenser-1x,12475,43.130,3.30,3.31,0.0033,464,178
T-BulletDispenser-1x,12476,43.133,3.07,3.08,0.0031,464,178
T-BulletDispenser-1x,12477,43.137,3.22,3.20,0.0032,464,178
T-BulletDispenser-1x,12478,43.140,3.28,3.29,0.0033,464,178
T-BulletDispenser-1x,12479,43.143,3.34,3.31,0.0033,464,178
T-BulletDispenser-1x,12480,43.147,3.38,3.39,0.0034,464,178
T-BulletDispenser-1x,12481,43.149,2.86,2.88,0.0029,464,178
T-BulletDispenser-1x,12482,43.152,2.47,2.51,0.0025,464,178
T-BulletDispenser-1x,12483,43.155,3.04,3.00,0.0030,464,178
T-BulletDispenser-1x,12484,43.158,3.22,3.20,0.0032,464,178
T-BulletDispenser-1x,12485,43.161,3.20,3.19,0.0032,464,178
T-BulletDispenser-1x,12486,43.164,2.98,3.01,0.0030,464,178
T-BulletDispenser-1x,12487,43.167,2.98,2.98,0.0030,464,178
T-BulletDispenser-1x,12488,43.170,2.91,2.91,0.0029,464,178
T-BulletDispenser-1x,12489,43.173,2.68,2.69,0.0027,464,178
T-BulletDispenser-1x,12490,43.176,2.81,2.80,0.0028,464,178
T-BulletDispenser-1x,12491,43.179,2.95,2.91,0.0029,464,178
T-BulletDispenser-1x,12492,43.182,3.29,3.30,0.0033,464,178
T-BulletDispenser-1x,12493,43.185,3.01,2.99,0.0030,464,178
T-BulletDispenser-1x,12494,43.188,2.77,2.80,0.0028,464,178
T-BulletDispenser-1x,12495,43.191,2.92,2.91,0.0029,464,178
T-BulletDispenser-1x,12496,43.194,2.90,2.88,0.0029,464,178
T-BulletDispenser-1x,12497,43.197,3.07,3.10,0.0031,464,178
T-BulletDispenser-1x,12498,43.200,3.00,2.99,0.0030,464,178
T-BulletDispenser-1x,12499,43.203,3.15,3.13,0.0032,464,178
T-BulletDispenser-1x,12500,43.205,2.73,2.77,0.0027,516,178
T-BulletDispenser-1x,12501,43.209,3.03,3.00,0.0030,464,178
T-BulletDispenser-1x,12502,43.212,3.32,3.31,0.0033,464,178
T-BulletDispenser-1x,12503,43.215,3.12,3.11,0.0031,464,178
T-BulletDispenser-1x,12504,43.218,3.14,3.18,0.0031,464,178
T-BulletDispenser-1x,12505,43.221,3.03,3.00,0.0030,464,178
T-BulletDispenser-1x,12506,43.224,3.29,3.30,0.0033,464,178
T-BulletDispenser-1x,12507,43.227,2.67,2.70,0.0027,464,178
T-BulletDispenser-1x,12508,43.230,3.14,3.10,0.0031,464,178
T-BulletDispenser-1x,12509,43.233,2.99,3.00,0.0030,464,178
T-BulletDispenser-1x,12510,43.236,2.46,2.48,0.0025,464,178
T-BulletDispenser-1x,12511,43.238,2.66,2.61,0.0027,464,178
T-BulletDispenser-1x,12512,43.241,3.01,3.02,0.0030,464,178
T-BulletDispenser-1x,12513,43.244,3.01,3.00,0.0030,464,178
T-BulletDispenser-1x,12514,43.248,3.49,3.49,0.0035,464,178
T-BulletDispenser-1x,12515,43.251,3.64,3.60,0.0036,464,178
T-BulletDispenser-1x,12516,43.255,3.17,3.19,0.0032,464,178
T-BulletDispenser-1x,12517,43.258,3.47,3.48,0.0035,464,178
T-BulletDispenser-1x,12518,43.261,3.02,3.01,0.0030,464,178
T-BulletDispenser-1x,12519,43.264,3.03,2.99,0.0030,464,178
T-BulletDispenser-1x,12520,43.268,3.46,3.49,0.0035,464,178
T-BulletDispenser-1x,12521,43.271,3.28,3.31,0.0033,464,178
T-BulletDispenser-1x,12522,43.274,3.34,3.30,0.0033,464,178
T-BulletDispenser-1x,12523,43.277,2.72,2.78,0.0027,464,178
T-BulletDispenser-1x,12524,43.280,3.09,3.05,0.0031,464,178
T-BulletDispenser-1x,12525,43.283,3.06,3.07,0.0031,464,178
T-BulletDispenser-1x,12526,43.286,3.17,3.14,0.0032,464,178
T-BulletDispenser-1x,12527,43.289,3.21,3.26,0.0032,464,178
T-BulletDispenser-1x,12528,43.293,3.32,3.29,0.0033,464,178
T-BulletDispenser-1x,12529,43.296,3.31,3.30,0.0033,464,178
T-BulletDispenser-1x,12530,43.300,3.38,3.39,0.0034,464,178
T-BulletDispenser-1x,12531,43.303,3.11,3.10,0.0031,464,178
T-BulletDispenser-1x,12532,43.306,3.28,3.23,0.0033,464,178
T-BulletDispenser-1x,12533,43.309,2.92,2.99,0.0029,464,178
T-BulletDispenser-1x,12534,43.312,3.10,3.08,0.0031,464,178
T-BulletDispenser-1x,12535,43.315,3.31,3.30,0.0033,464,178
T-BulletDispenser-1x,12536,43.318,3.05,3.02,0.0030,464,178
T-BulletDispenser-1x,12537,43.321,3.22,3.27,0.0032,464,178
T-BulletDispenser-1x,12538,43.324,2.61,2.61,0.0026,464,178
T-BulletDispenser-1x,12539,43.327,3.15,3.10,0.0032,464,178
T-BulletDispenser-1x,12540,43.331,3.38,3.40,0.0034,464,178
T-BulletDispenser-1x,12541,43.334,3.42,3.39,0.0034,464,178
T-BulletDispenser-1x,12542,43.337,3.26,3.30,0.0033,464,178
T-BulletDispenser-1x,12543,43.340,3.16,3.18,0.0032,464,178
T-BulletDispenser-1x,12544,43.344,3.14,3.10,0.0031,464,178
T-BulletDispenser-1x,12545,43.347,3.33,3.33,0.0033,464,178
T-BulletDispenser-1x,12546,43.350,3.40,3.40,0.0034,464,178
T-BulletDispenser-1x,12547,43.353,3.08,3.08,0.0031,464,178
T-BulletDispenser-1x,12548,43.356,2.89,2.90,0.0029,464,178
T-BulletDispenser-1x,12549,43.359,3.17,3.20,0.0032,464,178
T-BulletDispenser-1x,12550,43.363,3.07,3.01,0.0031,464,178
T-BulletDispenser-1x,12551,43.366,3.38,3.39,0.0034,464,178
T-BulletDispenser-1x,12552,43.369,3.14,3.10,0.0031,464,178
T-BulletDispenser-1x,12553,43.372,3.11,3.18,0.0031,464,178
T-BulletDispenser-1x,12554,43.375,2.96,2.91,0.0030,464,178
T-BulletDispenser-1x,12555,43.378,2.72,2.77,0.0027,464,178
T-BulletDispenser-1x,12556,43.381,3.19,3.13,0.0032,464,178
T-BulletDispenser-1x,12557,43.384,3.36,3.37,0.0034,464,178
T-BulletDispenser-1x,12558,43.388,3.16,3.13,0.0032,464,178
T-BulletDispenser-1x,12559,43.391,3.77,3.79,0.0038,464,178
T-BulletDispenser-1x,12560,43.394,2.77,2.80,0.0028,464,178
T-BulletDispenser-1x,12561,43.397,3.19,3.17,0.0032,464,178
T-BulletDispenser-1x,12562,43.401,3.34,3.32,0.0033,464,178
T-BulletDispenser-1x,12563,43.404,3.00,3.00,0.0030,464,178
T-BulletDispenser-1x,12564,43.407,2.96,2.98,0.0030,516,178
T-BulletDispenser-1x,12565,43.410,3.08,3.10,0.0031,464,178
T-BulletDispenser-1x,12566,43.413,2.93,2.90,0.0029,464,178
T-BulletDispenser-1x,12567,43.416,3.35,3.32,0.0034,464,178
T-BulletDispenser-1x,12568,43.419,3.47,3.49,0.0035,464,178
T-BulletDispenser-1x,12569,43.423,3.13,3.11,0.0031,464,178
T-BulletDispenser-1x,12570,43.426,3.54,3.58,0.0035,464,178
T-BulletDispenser-1x,12571,43.429,3.01,3.00,0.0030,464,178
T-BulletDispenser-1x,12572,43.432,2.57,2.59,0.0026,464,178
T-BulletDispenser-1x,12573,43.435,2.96,2.92,0.0030,464,178
T-BulletDispenser-1x,12574,43.437,2.84,2.86,0.0028,464,178
T-BulletDispenser-1x,12575,43.440,2.95,2.92,0.0029,464,178
T-BulletDispenser-1x,12576,43.444,3.30,3.30,0.0033,464,178
T-BulletDispenser-1x,12577,43.447,3.31,3.29,0.0033,464,178
T-BulletDispenser-1x,12578,43.450,2.87,2.89,0.0029,464,178
T-BulletDispenser-1x,12579,43.453,3.04,3.01,0.0030,464,178
T-BulletDispenser-1x,12580,43.456,3.06,3.09,0.0031,464,178
T-BulletDispenser-1x,12581,43.459,3.19,3.20,0.0032,464,178
T-BulletDispenser-1x,12582,43.462,2.92,2.90,0.0029,464,178
T-BulletDispenser-1x,12583,43.465,2.95,2.92,0.0029,464,178
T-BulletDispenser-1x,12584,43.468,3.22,3.27,0.0032,464,178
T-BulletDispenser-1x,12585,43.471,3.04,3.01,0.0030,464,178
T-BulletDispenser-1x,12586,43.474,3.07,3.09,0.0031,464,178
T-BulletDispenser-1x,12587,43.478,3.56,3.51,0.0036,464,178
T-BulletDispenser-1x,12588,43.481,3.08,3.10,0.0031,464,178
T-BulletDispenser-1x,12589,43.484,3.09,3.10,0.0031,464,178
T-BulletDispenser-1x,12590,43.487,3.20,3.20,0.0032,464,178
T-BulletDispenser-1x,12591,43.490,3.01,3.00,0.0030,464,178
T-BulletDispenser-1x,12592,43.493,2.91,2.90,0.0029,464,178
T-BulletDispenser-1x,12593,43.496,3.06,3.08,0.0031,464,178
T-BulletDispenser-1x,12594,43.499,3.02,3.01,0.0030,464,178
T-BulletDispenser-1x,12595,43.502,2.99,3.00,0.0030,464,178
T-BulletDispenser-1x,12596,43.505,3.19,3.20,0.0032,464,178
T-BulletDispenser-1x,12597,43.509,3.30,3.29,0.0033,464,178
T-BulletDispenser-1x,12598,43.512,3.14,3.12,0.0031,464,178
T-BulletDispenser-1x,12599,43.515,3.18,3.18,0.0032,464,178
T-BulletDispenser-1x,12600,43.518,3.22,3.22,0.0032,464,178
T-BulletDispenser-1x,12601,43.521,2.90,2.88,0.0029,464,178
T-BulletDispenser-1x,12602,43.524,2.87,2.88,0.0029,464,178
T-BulletDispenser-1x,12603,43.527,3.05,3.03,0.0030,464,178
T-BulletDispenser-1x,12604,43.530,3.26,3.27,0.0033,464,178
T-BulletDispenser-1x,12605,43.534,3.22,3.22,0.0032,464,178
T-BulletDispenser-1x,12606,43.536,2.59,2.62,0.0026,464,178
T-BulletDispenser-1x,12607,43.539,3.17,3.15,0.0032,464,178
T-BulletDispenser-1x,12608,43.543,3.32,3.31,0.0033,464,178
T-BulletDispenser-1x,12609,43.546,3.09,3.09,0.0031,464,178
T-BulletDispenser-1x,12610,43.549,3.38,3.32,0.0034,464,178
T-BulletDispenser-1x,12611,43.552,3.09,3.10,0.0031,464,178
T-BulletDispenser-1x,12612,43.555,3.10,3.07,0.0031,464,178
T-BulletDispenser-1x,12613,43.559,3.55,3.60,0.0036,464,178
T-BulletDispenser-1x,12614,43.562,3.39,3.40,0.0034,464,178
T-BulletDispenser-1x,12615,43.565,2.95,2.92,0.0029,464,178
T-BulletDispenser-1x,12616,43.569,3.25,3.28,0.0033,464,178
T-BulletDispenser-1x,12617,43.571,2.97,2.99,0.0030,464,178
T-BulletDispenser-1x,12618,43.575,3.05,3.00,0.0031,464,178
T-BulletDispenser-1x,12619,43.577,2.75,2.80,0.0027,464,178
T-BulletDispenser-1x,12620,43.581,3.36,3.31,0.0034,464,178
T-BulletDispenser-1x,12621,43.584,3.15,3.20,0.0031,464,178
T-BulletDispenser-1x,12622,43.587,3.20,3.19,0.0032,464,178
T-BulletDispenser-1x,12623,43.590,3.21,3.19,0.0032,464,178
T-BulletDispenser-1x,12624,43.593,3.03,3.01,0.0030,464,178
T-BulletDispenser-1x,12625,43.596,2.90,2.90,0.0029,464,178
T-BulletDispenser-1x,12626,43.600,3.60,3.60,0.0036,464,178
T-BulletDispenser-1x,12627,43.603,3.31,3.30,0.0033,464,178
T-BulletDispenser-1x,12628,43.606,3.30,3.31,0.0033,464,178
T-BulletDispenser-1x,12629,43.609,3.12,3.17,0.0031,516,178
T-BulletDispenser-1x,12630,43.613,3.07,3.02,0.0031,464,178
T-BulletDispenser-1x,12631,43.616,3.30,3.30,0.0033,464,178
T-BulletDispenser-1x,12632,43.619,3.01,3.00,0.0030,464,178
T-BulletDispenser-1x,12633,43.622,3.48,3.49,0.0035,464,178
T-BulletDispenser-1x,12634,43.626,3.52,3.51,0.0035,464,178
T-BulletDispenser-1x,12635,43.629,3.04,3.08,0.0030,464,178
T-BulletDispenser-1x,12636,43.632,3.12,3.10,0.0031,464,178
T-BulletDispenser-1x,12637,43.635,3.32,3.31,0.0033,464,178
T-BulletDispenser-1x,12638,43.639,3.29,3.28,0.0033,464,178
T-BulletDispenser-1x,12639,43.642,3.32,3.31,0.0033,464,178
T-BulletDispenser-1x,12640,43.645,3.29,3.29,0.0033,464,178
T-BulletDispenser-1x,12641,43.648,2.88,2.89,0.0029,464,178
T-BulletDispenser-1x,12642,43.651,2.89,2.91,0.0029,464,178
T-BulletDispenser-1x,12643,43.654,3.04,3.00,0.0030,464,178
T-BulletDispenser-1x,12644,43.657,3.21,3.20,0.0032,464,178
T-BulletDispenser-1x,12645,43.660,3.10,3.08,0.0031,464,178
T-BulletDispenser-1x,12646,43.664,3.28,3.32,0.0033,464,178
T-BulletDispenser-1x,12647,43.666,2.80,2.79,0.0028,464,178
T-BulletDispenser-1x,12648,43.669,2.78,2.79,0.0028,464,178
T-BulletDispenser-1x,12649,43.672,2.89,2.90,0.0029,464,178
T-BulletDispenser-1x,12650,43.675,2.96,2.91,0.0030,464,178
T-BulletDispenser-1x,12651,43.678,3.20,3.20,0.0032,464,178
T-BulletDispenser-1x,12652,43.681,3.06,3.08,0.0031,464,178
T-BulletDispenser-1x,12653,43.684,2.91,2.90,0.0029,464,178
T-BulletDispenser-1x,12654,43.687,2.97,2.98,0.0030,464,178
T-BulletDispenser-1x,12655,43.690,3.05,3.03,0.0031,464,178
T-BulletDispenser-1x,12656,43.693,3.07,3.10,0.0031,464,178
T-BulletDispenser-1x,12657,43.696,2.99,2.99,0.0030,464,178
T-BulletDispenser-1x,12658,43.699,3.14,3.12,0.0031,464,178
T-BulletDispenser-1x,12659,43.702,2.78,2.79,0.0028,464,178
T-BulletDispenser-1x,12660,43.706,3.32,3.29,0.0033,464,178
T-BulletDispenser-1x,12661,43.709,3.30,3.30,0.0033,464,178
T-BulletDispenser-1x,12662,43.712,3.40,3.40,0.0034,464,178
T-BulletDispenser-1x,12663,43.716,3.44,3.40,0.0034,464,178
T-BulletDispenser-1x,12664,43.719,3.07,3.09,0.0031,464,178
T-BulletDispenser-1x,12665,43.722,3.24,3.18,0.0032,464,178
T-BulletDispenser-1x,12666,43.725,3.01,3.09,0.0030,464,178
T-BulletDispenser-1x,12667,43.728,2.51,2.52,0.0025,464,178
T-BulletDispenser-1x,12668,43.731,3.24,3.18,0.0032,464,178
T-BulletDispenser-1x,12669,43.734,3.18,3.20,0.0032,464,178
T-BulletDispenser-1x,12670,43.737,3.25,3.28,0.0032,464,178
T-BulletDispenser-1x,12671,43.740,2.59,2.61,0.0026,464,178
T-BulletDispenser-1x,12672,43.742,2.65,2.61,0.0027,464,178
T-BulletDispenser-1x,12673,43.746,3.09,3.09,0.0031,464,178
T-BulletDispenser-1x,12674,43.749,3.71,3.61,0.0037,464,178
T-BulletDispenser-1x,12675,43.753,3.33,3.40,0.0033,464,178
T-BulletDispenser-1x,12676,43.756,3.37,3.39,0.0034,464,178
T-BulletDispenser-1x,12677,43.759,3.42,3.41,0.0034,464,178
T-BulletDispenser-1x,12678,43.762,2.90,2.89,0.0029,464,178
T-BulletDispenser-1x,12679,43.765,2.56,2.61,0.0026,464,178
T-BulletDispenser-1x,12680,43.768,2.85,2.80,0.0028,464,178
T-BulletDispenser-1x,12681,43.771,3.27,3.30,0.0033,464,178
T-BulletDispenser-1x,12682,43.774,3.06,3.02,0.0031,464,178
T-BulletDispenser-1x,12683,43.777,2.94,2.98,0.0029,464,178
T-BulletDispenser-1x,12684,43.780,3.02,2.98,0.0030,464,178
T-BulletDispenser-1x,12685,43.783,2.80,2.81,0.0028,464,178
T-BulletDispenser-1x,12686,43.785,2.69,2.69,0.0027,464,178
T-BulletDispenser-1x,12687,43.789,3.41,3.41,0.0034,464,178
T-BulletDispenser-1x,12688,43.792,3.17,3.19,0.0032,464,178
T-BulletDispenser-1x,12689,43.795,3.16,3.11,0.0032,464,178
T-BulletDispenser-1x,12690,43.798,2.84,2.88,0.0028,464,178
T-BulletDispenser-1x,12691,43.801,3.14,3.09,0.0031,464,178
T-BulletDispenser-1x,12692,43.804,3.28,3.30,0.0033,464,178
T-BulletDispenser-1x,12693,43.808,3.62,3.61,0.0036,464,178
T-BulletDispenser-1x,12694,43.812,3.53,3.52,0.0035,516,178
T-BulletDispenser-1x,12695,43.815,3.06,3.08,0.0031,464,178
T-BulletDispenser-1x,12696,43.818,3.17,3.20,0.0032,464,178
T-BulletDispenser-1x,12697,43.821,2.92,2.89,0.0029,464,178
T-BulletDispenser-1x,12698,43.824,3.33,3.31,0.0033,464,178
T-BulletDispenser-1x,12699,43.827,2.65,2.69,0.0026,464,178
T-BulletDispenser-1x,12700,43.830,3.25,3.20,0.0032,464,178
T-BulletDispenser-1x,12701,43.833,3.08,3.08,0.0031,464,178
T-BulletDispenser-1x,12702,43.836,2.56,2.61,0.0026,464,178
T-BulletDispenser-1x,12703,43.838,2.49,2.50,0.0025,464,178
T-BulletDispenser-1x,12704,43.841,3.18,3.12,0.0032,464,178
T-BulletDispenser-1x,12705,43.844,3.08,3.09,0.0031,464,178
T-BulletDispenser-1x,12706,43.848,3.40,3.40,0.0034,464,178
T-BulletDispenser-1x,12707,43.851,3.29,3.29,0.0033,464,178
T-BulletDispenser-1x,12708,43.854,3.00,3.01,0.0030,464,178
T-BulletDispenser-1x,12709,43.857,2.56,2.58,0.0026,464,178
T-BulletDispenser-1x,12710,43.860,3.33,3.30,0.0033,464,178
T-BulletDispenser-1x,12711,43.863,3.45,3.41,0.0034,464,178
T-BulletDispenser-1x,12712,43.867,3.38,3.39,0.0034,464,178
T-BulletDispenser-1x,12713,43.870,3.50,3.51,0.0035,464,178
T-BulletDispenser-1x,12714,43.873,2.74,2.79,0.0027,464,178
T-BulletDispenser-1x,12715,43.876,2.94,2.89,0.0029,464,178
T-BulletDispenser-1x,12716,43.879,3.41,3.40,0.0034,464,178
T-BulletDispenser-1x,12717,43.883,3.33,3.31,0.0033,464,178
T-BulletDispenser-1x,12718,43.886,2.94,2.99,0.0029,464,178
T-BulletDispenser-1x,12719,43.889,3.19,3.18,0.0032,464,178
T-BulletDispenser-1x,12720,43.892,2.89,2.90,0.0029,464,178
T-BulletDispenser-1x,12721,43.894,2.49,2.50,0.0025,464,178
T-BulletDispenser-1x,12722,43.897,2.87,2.81,0.0029,464,178
T-BulletDispenser-1x,12723,43.900,3.21,3.19,0.0032,464,178
T-BulletDispenser-1x,12724,43.904,3.27,3.31,0.0033,464,178
T-BulletDispenser-1x,12725,43.906,2.74,2.78,0.0027,464,178
T-BulletDispenser-1x,12726,43.909,3.17,3.12,0.0032,464,178
T-BulletDispenser-1x,12727,43.913,3.11,3.10,0.0031,464,178
T-BulletDispenser-1x,12728,43.915,2.70,2.70,0.0027,464,178
T-BulletDispenser-1x,12729,43.919,3.29,3.30,0.0033,464,178
T-BulletDispenser-1x,12730,43.922,3.39,3.38,0.0034,464,178
T-BulletDispenser-1x,12731,43.925,3.08,3.10,0.0031,464,178
T-BulletDispenser-1x,12732,43.928,2.84,2.81,0.0028,464,178
T-BulletDispenser-1x,12733,43.931,2.97,3.00,0.0030,464,178
T-BulletDispenser-1x,12734,43.934,3.38,3.29,0.0034,464,178
T-BulletDispenser-1x,12735,43.937,3.23,3.29,0.0032,464,178
T-BulletDispenser-1x,12736,43.940,2.97,2.90,0.0030,464,178
T-BulletDispenser-1x,12737,43.943,2.83,2.92,0.0028,464,178
T-BulletDispenser-1x,12738,43.946,3.09,3.06,0.0031,464,178
T-BulletDispenser-1x,12739,43.949,3.13,3.12,0.0031,464,178
T-BulletDispenser-1x,12740,43.953,3.13,3.12,0.0031,464,178
T-BulletDispenser-1x,12741,43.956,2.95,2.98,0.0030,464,178
T-BulletDispenser-1x,12742,43.959,3.10,3.09,0.0031,464,178
T-BulletDispenser-1x,12743,43.961,2.66,2.68,0.0027,464,178
T-BulletDispenser-1x,12744,43.964,3.04,3.01,0.0030,464,178
T-BulletDispenser-1x,12745,43.967,2.93,2.89,0.0029,464,178
T-BulletDispenser-1x,12746,43.970,2.87,2.91,0.0029,464,178
T-BulletDispenser-1x,12747,43.973,3.09,3.10,0.0031,464,178
T-BulletDispenser-1x,12748,43.976,3.01,2.99,0.0030,464,178
T-BulletDispenser-1x,12749,43.979,3.18,3.19,0.0032,464,178
T-BulletDispenser-1x,12750,43.982,2.81,2.80,0.0028,464,178
T-BulletDispenser-1x,12751,43.985,3.22,3.21,0.0032,464,178
T-BulletDispenser-1x,12752,43.988,3.00,2.99,0.0030,464,178
T-BulletDispenser-1x,12753,43.992,3.30,3.31,0.0033,464,178
T-BulletDispenser-1x,12754,43.995,3.19,3.20,0.0032,464,178
T-BulletDispenser-1x,12755,43.998,3.07,2.99,0.0031,464,178
T-BulletDispenser-1x,12756,44.002,3.52,3.60,0.0035,464,178
T-BulletDispenser-1x,12757,44.005,3.30,3.30,0.0033,464,178
T-BulletDispenser-1x,12758,44.008,3.24,3.21,0.0032,464,178
T-BulletDispenser-1x,12759,44.011,2.61,2.67,0.0026,516,178
T-BulletDispenser-1x,12760,44.013,2.62,2.60,0.0026,464,178
T-BulletDispenser-1x,12761,44.016,3.02,3.01,0.0030,464,178
T-BulletDispenser-1x,12762,44.019,2.90,2.90,0.0029,464,178
T-BulletDispenser-1x,12763,44.022,3.29,3.29,0.0033,464,178
T-BulletDispenser-1x,12764,44.026,3.13,3.11,0.0031,464,178
T-BulletDispenser-1x,12765,44.029,3.41,3.19,0.0034,464,178
T-BulletDispenser-1x,12766,44.032,2.98,3.21,0.0030,464,178
T-BulletDispenser-1x,12767,44.035,2.90,2.89,0.0029,464,178
T-BulletDispenser-1x,12768,44.038,3.20,3.21,0.0032,464,178
T-BulletDispenser-1x,12769,44.041,3.33,3.31,0.0033,464,178
T-BulletDispenser-1x,12770,44.045,3.05,3.07,0.0031,464,178
T-BulletDispenser-1x,12771,44.047,2.80,2.81,0.0028,464,178
T-BulletDispenser-1x,12772,44.050,2.79,2.81,0.0028,464,178
T-BulletDispenser-1x,12773,44.053,2.58,2.59,0.0026,464,178
T-BulletDispenser-1x,12774,44.056,3.25,3.21,0.0032,464,178
T-BulletDispenser-1x,12775,44.059,3.19,3.19,0.0032,464,178
T-BulletDispenser-1x,12776,44.062,2.88,2.90,0.0029,464,178
T-BulletDispenser-1x,12777,44.065,3.33,3.31,0.0033,464,178
T-BulletDispenser-1x,12778,44.068,3.00,3.00,0.0030,464,178
T-BulletDispenser-1x,12779,44.071,3.06,3.08,0.0031,464,178
T-BulletDispenser-1x,12780,44.074,2.95,2.92,0.0029,464,178
T-BulletDispenser-1x,12781,44.077,2.98,3.00,0.0030,464,178
T-BulletDispenser-1x,12782,44.080,2.85,2.87,0.0029,464,178
T-BulletDispenser-1x,12783,44.083,2.65,2.62,0.0026,464,178
T-BulletDispenser-1x,12784,44.086,2.77,2.79,0.0028,464,178
T-BulletDispenser-1x,12785,44.089,2.92,2.90,0.0029,464,178
T-BulletDispenser-1x,12786,44.092,3.37,3.30,0.0034,464,178
T-BulletDispenser-1x,12787,44.095,3.33,3.39,0.0033,464,178
T-BulletDispenser-1x,12788,44.098,2.89,2.90,0.0029,464,178
T-BulletDispenser-1x,12789,44.101,3.20,3.19,0.0032,464,178
T-BulletDispenser-1x,12790,44.104,3.05,3.00,0.0030,464,178
T-BulletDispenser-1x,12791,44.108,3.47,3.49,0.0035,464,178
T-BulletDispenser-1x,12792,44.111,3.11,3.11,0.0031,464,178
T-BulletDispenser-1x,12793,44.114,3.09,3.08,0.0031,464,178
T-BulletDispenser-1x,12794,44.117,3.47,3.50,0.0035,464,178
T-BulletDispenser-1x,12795,44.120,2.47,2.50,0.0025,464,178
T-BulletDispenser-1x,12796,44.123,3.06,3.01,0.0031,464,178
T-BulletDispenser-1x,12797,44.126,3.20,3.20,0.0032,464,178
T-BulletDispenser-1x,12798,44.130,3.29,3.30,0.0033,464,178
T-BulletDispenser-1x,12799,44.133,3.01,3.01,0.0030,464,178
T-BulletDispenser-1x,12800,44.135,2.76,2.76,0.0028,464,178
T-BulletDispenser-1x,12801,44.138,2.80,2.82,0.0028,464,178
T-BulletDispenser-1x,12802,44.141,2.82,2.80,0.0028,464,178
T-BulletDispenser-1x,12803,44.144,3.05,3.02,0.0030,464,178
T-BulletDispenser-1x,12804,44.147,2.93,2.98,0.0029,464,178
T-BulletDispenser-1x,12805,44.150,3.03,3.00,0.0030,464,178
T-BulletDispenser-1x,12806,44.153,2.77,2.78,0.0028,464,178
T-BulletDispenser-1x,12807,44.155,2.72,2.71,0.0027,464,178
T-BulletDispenser-1x,12808,44.159,3.15,3.10,0.0031,464,178
T-BulletDispenser-1x,12809,44.162,3.26,3.29,0.0033,464,178
T-BulletDispenser-1x,12810,44.165,3.05,3.00,0.0030,464,178
T-BulletDispenser-1x,12811,44.168,2.89,2.89,0.0029,464,178
T-BulletDispenser-1x,12812,44.171,3.06,3.10,0.0031,464,178
T-BulletDispenser-1x,12813,44.173,2.46,2.47,0.0025,464,178
T-BulletDispenser-1x,12814,44.176,2.86,2.82,0.0029,464,178
T-BulletDispenser-1x,12815,44.179,3.10,3.11,0.0031,464,178
T-BulletDispenser-1x,12816,44.182,3.23,3.20,0.0032,464,178
T-BulletDispenser-1x,12817,44.185,2.99,2.99,0.0030,464,178
T-BulletDispenser-1x,12818,44.188,2.93,2.98,0.0029,464,178
T-BulletDispenser-1x,12819,44.191,2.52,2.51,0.0025,464,178
T-BulletDispenser-1x,12820,44.194,3.02,3.00,0.0030,464,178
T-BulletDispenser-1x,12821,44.197,3.11,3.10,0.0031,464,178
T-BulletDispenser-1x,12822,44.200,2.81,2.80,0.0028,464,178
T-BulletDispenser-1x,12823,44.203,2.87,2.88,0.0029,464,178
T-BulletDispenser-1x,12824,44.206,2.92,2.91,0.0029,464,178
T-BulletDispenser-1x,12825,44.208,2.78,2.79,0.0028,464,178
T-BulletDispenser-1x,12826,44.212,3.43,3.40,0.0034,516,178
T-BulletDispenser-1x,12827,44.215,2.96,2.99,0.0030,464,178
T-BulletDispenser-1x,12828,44.218,3.00,3.01,0.0030,464,178
T-BulletDispenser-1x,12829,44.221,3.12,3.10,0.0031,464,178
T-BulletDispenser-1x,12830,44.224,3.32,3.30,0.0033,464,178
T-BulletDispenser-1x,12831,44.227,2.95,2.91,0.0029,464,178
T-BulletDispenser-1x,12832,44.230,3.06,3.09,0.0031,464,178
T-BulletDispenser-1x,12833,44.233,3.21,3.20,0.0032,464,178
T-BulletDispenser-1x,12834,44.236,2.96,2.99,0.0030,464,178
T-BulletDispenser-1x,12835,44.240,3.13,3.11,0.0031,464,178
T-BulletDispenser-1x,12836,44.243,3.19,3.19,0.0032,464,178
T-BulletDispenser-1x,12837,44.246,3.09,3.09,0.0031,464,178
T-BulletDispenser-1x,12838,44.249,3.11,3.02,0.0031,464,178
T-BulletDispenser-1x,12839,44.252,3.32,3.38,0.0033,464,178
T-BulletDispenser-1x,12840,44.255,3.11,3.10,0.0031,464,178
T-BulletDispenser-1x,12841,44.258,2.82,2.80,0.0028,464,178
T-BulletDispenser-1x,12842,44.261,2.97,2.99,0.0030,464,178
T-BulletDispenser-1x,12843,44.264,3.19,3.20,0.0032,464,178
T-BulletDispenser-1x,12844,44.268,3.29,3.29,0.0033,464,178
T-BulletDispenser-1x,12845,44.270,2.83,2.80,0.0028,464,178
T-BulletDispenser-1x,12846,44.274,3.30,3.30,0.0033,464,178
T-BulletDispenser-1x,12847,44.277,2.90,2.89,0.0029,464,178
T-BulletDispenser-1x,12848,44.279,2.76,2.79,0.0028,464,178
T-BulletDispenser-1x,12849,44.282,2.65,2.61,0.0026,464,178
T-BulletDispenser-1x,12850,44.285,2.96,2.98,0.0030,464,178
T-BulletDispenser-1x,12851,44.288,3.10,3.10,0.0031,464,178
T-BulletDispenser-1x,12852,44.291,2.90,2.89,0.0029,464,178
T-BulletDispenser-1x,12853,44.294,2.92,2.91,0.0029,464,178
T-BulletDispenser-1x,12854,44.297,3.11,3.10,0.0031,464,178
T-BulletDispenser-1x,12855,44.300,3.09,3.08,0.0031,464,178
T-BulletDispenser-1x,12856,44.304,3.44,3.42,0.0034,464,178
T-BulletDispenser-1x,12857,44.307,3.05,3.09,0.0031,464,178
T-BulletDispenser-1x,12858,44.310,2.97,2.99,0.0030,464,178
T-BulletDispenser-1x,12859,44.312,2.29,2.30,0.0023,464,178
T-BulletDispenser-1x,12860,44.315,3.27,3.21,0.0033,464,178
T-BulletDispenser-1x,12861,44.318,3.30,3.30,0.0033,464,178
T-BulletDispenser-1x,12862,44.322,3.17,3.20,0.0032,464,178
T-BulletDispenser-1x,12863,44.325,3.21,3.20,0.0032,464,178
T-BulletDispenser-1x,12864,44.328,3.31,3.29,0.0033,464,178
T-BulletDispenser-1x,12865,44.332,3.43,3.40,0.0034,464,178
T-BulletDispenser-1x,12866,44.335,3.06,3.10,0.0031,464,178
T-BulletDispenser-1x,12867,44.338,2.93,2.90,0.0029,464,178
T-BulletDispenser-1x,12868,44.341,3.60,3.58,0.0036,464,178
T-BulletDispenser-1x,12869,44.344,3.30,3.31,0.0033,464,178
T-BulletDispenser-1x,12870,44.348,3.19,3.20,0.0032,464,178
T-BulletDispenser-1x,12871,44.351,3.19,3.18,0.0032,464,178
T-BulletDispenser-1x,12872,44.354,2.90,2.92,0.0029,464,178
T-BulletDispenser-1x,12873,44.357,3.38,3.30,0.0034,464,178
T-BulletDispenser-1x,12874,44.361,4.04,4.11,0.0040,1300,177
T-BulletDispenser-1x,12875,44.365,3.68,3.68,0.0037,464,177
T-BulletDispenser-1x,12876,44.369,3.91,3.90,0.0039,1300,176
T-BulletDispenser-1x,12877,44.372,3.16,3.19,0.0032,464,176
T-BulletDispenser-1x,12878,44.375,3.05,3.00,0.0031,464,176
T-BulletDispenser-1x,12879,44.379,3.88,3.90,0.0039,1300,175
T-BulletDispenser-1x,12880,44.382,2.96,2.99,0.0030,464,175
T-BulletDispenser-1x,12881,44.385,3.22,3.19,0.0032,464,175
T-BulletDispenser-1x,12882,44.388,3.39,3.42,0.0034,1300,174
T-BulletDispenser-1x,12883,44.392,3.13,3.09,0.0031,464,174
T-BulletDispenser-1x,12884,44.395,3.21,3.18,0.0032,464,174
T-BulletDispenser-1x,12885,44.399,3.91,3.91,0.0039,1300,173
T-BulletDispenser-1x,12886,44.402,3.12,3.11,0.0031,464,173
T-BulletDispenser-1x,12887,44.405,2.83,2.87,0.0028,464,173
T-BulletDispenser-1x,12888,44.408,3.52,3.51,0.0035,1300,172
T-BulletDispenser-1x,12889,44.412,3.52,3.49,0.0035,464,172
T-BulletDispenser-1x,12890,44.414,2.65,2.71,0.0026,516,172
T-BulletDispenser-1x,12891,44.417,3.17,3.10,0.0032,464,172
T-BulletDispenser-1x,12892,44.421,3.65,3.68,0.0036,1300,171
T-BulletDispenser-1x,12893,44.424,2.78,2.81,0.0028,464,171
T-BulletDispenser-1x,12894,44.427,3.05,3.01,0.0030,464,171
T-BulletDispenser-1x,12895,44.430,3.49,3.49,0.0035,1300,170
T-BulletDispenser-1x,12896,44.433,3.09,3.10,0.0031,464,170
T-BulletDispenser-1x,12897,44.436,2.79,2.79,0.0028,464,170
T-BulletDispenser-1x,12898,44.440,3.75,3.71,0.0038,1300,169
T-BulletDispenser-1x,12899,44.444,3.58,3.60,0.0036,464,169
T-BulletDispenser-1x,12900,44.446,2.77,2.79,0.0028,464,169
T-BulletDispenser-1x,12901,44.450,3.68,3.62,0.0037,1300,168
T-BulletDispenser-1x,12902,44.454,3.66,3.66,0.0037,464,168
T-BulletDispenser-1x,12903,44.457,2.94,2.94,0.0029,464,168
T-BulletDispenser-1x,12904,44.461,4.06,4.07,0.0041,1300,167
T-BulletDispenser-1x,12905,44.464,3.30,3.30,0.0033,464,167
T-BulletDispenser-1x,12906,44.467,2.86,2.89,0.0029,464,167
T-BulletDispenser-1x,12907,44.470,3.53,3.50,0.0035,1300,166
T-BulletDispenser-1x,12908,44.474,3.55,3.51,0.0035,464,166
T-BulletDispenser-1x,12909,44.477,2.71,2.78,0.0027,464,166
T-BulletDispenser-1x,12910,44.480,3.80,3.73,0.0038,1300,165
T-BulletDispenser-1x,12911,44.484,3.32,3.37,0.0033,464,165
T-BulletDispenser-1x,12912,44.487,2.78,2.79,0.0028,464,165
T-BulletDispenser-1x,12913,44.490,3.09,3.09,0.0031,1300,164
T-BulletDispenser-1x,12914,44.493,3.16,3.13,0.0032,464,164
T-BulletDispenser-1x,12915,44.496,2.97,2.98,0.0030,464,164
T-BulletDispenser-1x,12916,44.499,3.61,3.61,0.0036,1300,163
T-BulletDispenser-1x,12917,44.503,3.61,3.59,0.0036,464,163
T-BulletDispenser-1x,12918,44.506,2.88,2.90,0.0029,464,163
T-BulletDispenser-1x,12919,44.509,3.26,3.29,0.0033,1300,162
T-BulletDispenser-1x,12920,44.512,2.62,2.62,0.0026,464,162
T-BulletDispenser-1x,12921,44.515,3.15,3.11,0.0031,464,162
T-BulletDispenser-1x,12922,44.519,3.70,3.69,0.0037,3924,161
T-BulletDispenser-1x,12923,44.522,3.27,3.30,0.0033,464,161
T-BulletDispenser-1x,12924,44.525,2.63,2.59,0.0026,464,161
T-BulletDispenser-1x,12925,44.529,3.98,3.98,0.0040,1300,160
T-BulletDispenser-1x,12926,44.532,3.53,3.52,0.0035,464,160
T-BulletDispenser-1x,12927,44.535,2.90,2.90,0.0029,464,160
T-BulletDispenser-1x,12928,44.538,3.54,3.57,0.0035,1300,159
T-BulletDispenser-1x,12929,44.541,2.74,2.72,0.0027,464,159
T-BulletDispenser-1x,12930,44.544,2.98,2.99,0.0030,464,159
T-BulletDispenser-1x,12931,44.547,3.04,3.01,0.0030,464,159
T-BulletDispenser-1x,12932,44.551,3.94,3.91,0.0039,1300,158
T-BulletDispenser-1x,12933,44.555,3.48,3.50,0.0035,464,158
T-BulletDispenser-1x,12934,44.558,3.49,3.48,0.0035,1300,157
T-BulletDispenser-1x,12935,44.561,3.06,3.09,0.0031,464,157
T-BulletDispenser-1x,12936,44.564,2.82,2.82,0.0028,464,157
T-BulletDispenser-1x,12937,44.567,2.91,2.88,0.0029,464,157
T-BulletDispenser-1x,12938,44.570,3.58,3.60,0.0036,1300,156
T-BulletDispenser-1x,12939,44.573,2.81,2.81,0.0028,464,156
T-BulletDispenser-1x,12940,44.576,3.13,3.10,0.0031,464,156
T-BulletDispenser-1x,12941,44.580,3.38,3.40,0.0034,1300,155
T-BulletDispenser-1x,12942,44.583,3.13,3.10,0.0031,464,155
T-BulletDispenser-1x,12943,44.586,2.74,2.77,0.0027,464,155
T-BulletDispenser-1x,12944,44.589,3.31,3.32,0.0033,1300,154
T-BulletDispenser-1x,12945,44.592,2.93,2.89,0.0029,464,154
T-BulletDispenser-1x,12946,44.595,2.78,2.81,0.0028,464,154
T-BulletDispenser-1x,12947,44.598,3.51,3.49,0.0035,1300,153
T-BulletDispenser-1x,12948,44.602,3.42,3.41,0.0034,464,153
T-BulletDispenser-1x,12949,44.605,3.11,3.11,0.0031,464,153
T-BulletDispenser-1x,12950,44.608,3.29,3.28,0.0033,1300,152
T-BulletDispenser-1x,12951,44.611,2.96,2.98,0.0030,464,152
T-BulletDispenser-1x,12952,44.614,2.62,2.61,0.0026,464,152
T-BulletDispenser-1x,12953,44.617,3.00,2.99,0.0030,516,152
T-BulletDispenser-1x,12954,44.620,3.70,3.69,0.0037,1300,151
T-BulletDispenser-1x,12955,44.623,2.97,3.01,0.0030,464,151
T-BulletDispenser-1x,12956,44.626,3.15,3.10,0.0032,464,151
T-BulletDispenser-1x,12957,44.630,3.27,3.30,0.0033,1300,150
T-BulletDispenser-1x,12958,44.633,2.80,2.79,0.0028,464,150
T-BulletDispenser-1x,12959,44.636,3.22,3.22,0.0032,464,150
T-BulletDispenser-1x,12960,44.639,3.67,3.70,0.0037,1300,149
T-BulletDispenser-1x,12961,44.642,3.06,3.08,0.0031,464,149
T-BulletDispenser-1x,12962,44.645,2.86,2.82,0.0029,464,149
T-BulletDispenser-1x,12963,44.649,3.70,3.70,0.0037,1300,148
T-BulletDispenser-1x,12964,44.652,2.85,2.88,0.0028,464,148
T-BulletDispenser-1x,12965,44.655,2.64,2.60,0.0026,464,148
T-BulletDispenser-1x,12966,44.658,3.63,3.62,0.0036,1300,147
T-BulletDispenser-1x,12967,44.662,3.39,3.38,0.0034,464,147
T-BulletDispenser-1x,12968,44.664,2.67,2.71,0.0027,464,147
T-BulletDispenser-1x,12969,44.667,2.91,2.87,0.0029,464,147
T-BulletDispenser-1x,12970,44.670,3.19,3.21,0.0032,1300,146
T-BulletDispenser-1x,12971,44.673,2.90,2.91,0.0029,464,146
T-BulletDispenser-1x,12972,44.676,3.03,3.00,0.0030,464,146
T-BulletDispenser-1x,12973,44.680,3.57,3.58,0.0036,1300,145
T-BulletDispenser-1x,12974,44.683,3.15,3.12,0.0031,464,145
T-BulletDispenser-1x,12975,44.686,3.51,3.54,0.0035,464,145
T-BulletDispenser-1x,12976,44.690,3.58,3.57,0.0036,1300,144
T-BulletDispenser-1x,12977,44.693,3.17,3.19,0.0032,464,144
T-BulletDispenser-1x,12978,44.696,2.62,2.60,0.0026,464,144
T-BulletDispenser-1x,12979,44.700,3.75,3.70,0.0037,1300,143
T-BulletDispenser-1x,12980,44.703,3.39,3.40,0.0034,464,143
T-BulletDispenser-1x,12981,44.706,2.85,2.89,0.0028,464,143
T-BulletDispenser-1x,12982,44.709,3.16,3.11,0.0032,1300,142
T-BulletDispenser-1x,12983,44.713,3.65,3.67,0.0037,464,142
T-BulletDispenser-1x,12984,44.716,2.93,2.90,0.0029,464,142
T-BulletDispenser-1x,12985,44.719,3.80,3.82,0.0038,1300,141
T-BulletDispenser-1x,12986,44.723,3.39,3.41,0.0034,464,141
T-BulletDispenser-1x,12987,44.726,2.95,2.97,0.0029,464,141
T-BulletDispenser-1x,12988,44.729,3.27,3.22,0.0033,1300,140
T-BulletDispenser-1x,12989,44.732,3.05,3.08,0.0030,464,140
T-BulletDispenser-1x,12990,44.735,2.69,2.70,0.0027,464,140
T-BulletDispenser-1x,12991,44.738,3.40,3.39,0.0034,1300,139
T-BulletDispenser-1x,12992,44.741,3.34,3.32,0.0033,464,139
T-BulletDispenser-1x,12993,44.745,3.19,3.19,0.0032,464,139
T-BulletDispenser-1x,12994,44.748,3.05,3.08,0.0030,1300,138
T-BulletDispenser-1x,12995,44.750,2.74,2.71,0.0027,464,138
T-BulletDispenser-1x,12996,44.753,2.66,2.69,0.0027,464,138
T-BulletDispenser-1x,12997,44.756,2.82,2.80,0.0028,464,138
T-BulletDispenser-1x,12998,44.760,3.61,3.59,0.0036,1300,137
T-BulletDispenser-1x,12999,44.763,3.35,3.34,0.0033,464,137
T-BulletDispenser-1x,13000,44.766,3.07,3.07,0.0031,464,137
T-BulletDispenser-1x,13001,44.769,3.06,3.10,0.0031,1300,136
T-BulletDispenser-1x,13002,44.772,2.83,2.78,0.0028,464,136
T-BulletDispenser-1x,13003,44.774,2.57,2.59,0.0026,464,136
T-BulletDispenser-1x,13004,44.778,3.43,3.43,0.0034,1300,135
T-BulletDispenser-1x,13005,44.781,3.32,3.30,0.0033,464,135
T-BulletDispenser-1x,13006,44.784,3.09,3.09,0.0031,464,135
T-BulletDispenser-1x,13007,44.787,3.00,2.99,0.0030,464,135
T-BulletDispenser-1x,13008,44.791,3.39,3.41,0.0034,1300,134
T-BulletDispenser-1x,13009,44.794,2.99,2.99,0.0030,464,134
T-BulletDispenser-1x,13010,44.796,2.59,2.61,0.0026,464,134
T-BulletDispenser-1x,13011,44.799,3.24,3.20,0.0032,1300,133
T-BulletDispenser-1x,13012,44.803,3.09,3.10,0.0031,464,133
T-BulletDispenser-1x,13013,44.805,2.75,2.78,0.0027,464,133
T-BulletDispenser-1x,13014,44.808,3.07,3.02,0.0031,1300,132
T-BulletDispenser-1x,13015,44.812,3.51,3.49,0.0035,464,132
T-BulletDispenser-1x,13016,44.815,2.78,2.79,0.0028,464,132
T-BulletDispenser-1x,13017,44.818,3.69,3.70,0.0037,1352,131
T-BulletDispenser-1x,13018,44.822,3.40,3.41,0.0034,464,131
T-BulletDispenser-1x,13019,44.825,3.00,3.00,0.0030,464,131
T-BulletDispenser-1x,13020,44.829,3.84,3.88,0.0038,1300,130
T-BulletDispenser-1x,13021,44.832,3.05,3.00,0.0030,464,130
T-BulletDispenser-1x,13022,44.834,2.89,2.91,0.0029,464,130
T-BulletDispenser-1x,13023,44.838,3.28,3.28,0.0033,1300,129
T-BulletDispenser-1x,13024,44.841,3.47,3.42,0.0035,464,129
T-BulletDispenser-1x,13025,44.844,2.73,2.77,0.0027,464,129
T-BulletDispenser-1x,13026,44.847,2.69,2.70,0.0027,464,129
T-BulletDispenser-1x,13027,44.850,3.29,3.22,0.0033,1300,128
T-BulletDispenser-1x,13028,44.854,3.59,3.59,0.0036,464,128
T-BulletDispenser-1x,13029,44.857,2.96,2.99,0.0030,464,128
T-BulletDispenser-1x,13030,44.860,3.49,3.50,0.0035,1300,127
T-BulletDispenser-1x,13031,44.863,3.18,3.11,0.0032,464,127
T-BulletDispenser-1x,13032,44.866,3.22,3.20,0.0032,464,127
T-BulletDispenser-1x,13033,44.870,3.47,3.49,0.0035,1300,126
T-BulletDispenser-1x,13034,44.873,3.24,3.26,0.0032,464,126
T-BulletDispenser-1x,13035,44.876,3.10,3.10,0.0031,464,126
T-BulletDispenser-1x,13036,44.880,3.72,3.72,0.0037,1300,125
T-BulletDispenser-1x,13037,44.883,3.19,3.20,0.0032,464,125
T-BulletDispenser-1x,13038,44.886,2.67,2.69,0.0027,464,125
T-BulletDispenser-1x,13039,44.889,3.39,3.40,0.0034,1300,124
T-BulletDispenser-1x,13040,44.892,2.83,2.78,0.0028,464,124
T-BulletDispenser-1x,13041,44.895,3.09,3.10,0.0031,464,124
T-BulletDispenser-1x,13042,44.899,3.41,3.41,0.0034,1300,123
T-BulletDispenser-1x,13043,44.901,2.97,3.01,0.0030,464,123
T-BulletDispenser-1x,13044,44.904,2.72,2.69,0.0027,464,123
T-BulletDispenser-1x,13045,44.907,3.08,3.01,0.0031,464,123
T-BulletDispenser-1x,13046,44.910,2.87,2.97,0.0029,1300,122
T-BulletDispenser-1x,13047,44.913,2.74,2.71,0.0027,464,122
T-BulletDispenser-1x,13048,44.916,2.92,2.89,0.0029,464,122
T-BulletDispenser-1x,13049,44.919,3.39,3.40,0.0034,1300,121
T-BulletDispenser-1x,13050,44.923,3.30,3.32,0.0033,464,121
T-BulletDispenser-1x,13051,44.925,2.81,2.82,0.0028,464,121
T-BulletDispenser-1x,13052,44.929,3.32,3.28,0.0033,1300,120
T-BulletDispenser-1x,13053,44.932,3.38,3.38,0.0034,464,120
T-BulletDispenser-1x,13054,44.935,2.91,2.91,0.0029,464,120
T-BulletDispenser-1x,13055,44.938,3.44,3.47,0.0034,1300,119
T-BulletDispenser-1x,13056,44.942,3.37,3.32,0.0034,464,119
T-BulletDispenser-1x,13057,44.945,2.84,2.87,0.0028,464,119
T-BulletDispenser-1x,13058,44.948,3.25,3.23,0.0033,1300,118
T-BulletDispenser-1x,13059,44.951,3.28,3.28,0.0033,464,118
T-BulletDispenser-1x,13060,44.954,2.90,2.90,0.0029,464,118
T-BulletDispenser-1x,13061,44.957,2.78,2.79,0.0028,464,118
T-BulletDispenser-1x,13062,44.960,3.22,3.20,0.0032,1300,117
T-BulletDispenser-1x,13063,44.963,2.98,3.01,0.0030,464,117
T-BulletDispenser-1x,13064,44.965,2.46,2.41,0.0025,464,117
T-BulletDispenser-1x,13065,44.969,3.46,3.48,0.0035,1300,116
T-BulletDispenser-1x,13066,44.972,3.19,3.19,0.0032,464,116
T-BulletDispenser-1x,13067,44.975,2.90,2.90,0.0029,464,116
T-BulletDispenser-1x,13068,44.978,2.75,2.79,0.0027,1300,115
T-BulletDispenser-1x,13069,44.981,2.97,2.92,0.0030,464,115
T-BulletDispenser-1x,13070,44.984,2.87,2.88,0.0029,464,115
T-BulletDispenser-1x,13071,44.987,3.12,3.12,0.0031,464,115
T-BulletDispenser-1x,13072,44.990,3.61,3.59,0.0036,1300,114
T-BulletDispenser-1x,13073,44.993,2.96,2.98,0.0030,464,114
T-BulletDispenser-1x,13074,44.996,2.50,2.51,0.0025,464,114
T-BulletDispenser-1x,13075,44.999,2.78,2.80,0.0028,1300,113
T-BulletDispenser-1x,13076,45.001,2.81,2.78,0.0028,464,113
T-BulletDispenser-1x,13077,45.004,2.68,2.62,0.0027,464,113
T-BulletDispenser-1x,13078,45.007,2.50,2.58,0.0025,464,113
T-BulletDispenser-1x,13079,45.010,3.35,3.30,0.0033,1300,112
T-BulletDispenser-1x,13080,45.013,3.41,3.41,0.0034,464,112
T-BulletDispenser-1x,13081,45.016,2.79,2.80,0.0028,464,112
T-BulletDispenser-1x,13082,45.019,3.07,3.10,0.0031,1352,111
T-BulletDispenser-1x,13083,45.022,2.79,2.80,0.0028,464,111
T-BulletDispenser-1x,13084,45.025,2.63,2.59,0.0026,464,111
T-BulletDispenser-1x,13085,45.028,3.24,3.21,0.0032,1300,110
T-BulletDispenser-1x,13086,45.031,2.91,2.97,0.0029,464,110
T-BulletDispenser-1x,13087,45.033,2.63,2.60,0.0026,464,110
T-BulletDispenser-1x,13088,45.036,2.92,2.93,0.0029,464,110
T-BulletDispenser-1x,13089,45.039,3.09,3.08,0.0031,1300,109
T-BulletDispenser-1x,13090,45.042,3.08,3.08,0.0031,464,109
T-BulletDispenser-1x,13091,45.045,2.92,2.91,0.0029,464,109
T-BulletDispenser-1x,13092,45.049,3.71,3.71,0.0037,1300,108
T-BulletDispenser-1x,13093,45.052,3.21,3.19,0.0032,464,108
T-BulletDispenser-1x,13094,45.055,2.56,2.60,0.0026,464,108
T-BulletDispenser-1x,13095,45.058,3.27,3.22,0.0033,1300,107
T-BulletDispenser-1x,13096,45.062,3.44,3.48,0.0034,464,107
T-BulletDispenser-1x,13097,45.065,3.23,3.20,0.0032,464,107
T-BulletDispenser-1x,13098,45.068,3.26,3.30,0.0033,1300,106
T-BulletDispenser-1x,13099,45.071,3.33,3.29,0.0033,464,106
T-BulletDispenser-1x,13100,45.074,2.98,2.99,0.0030,464,106
T-BulletDispenser-1x,13101,45.078,3.22,3.20,0.0032,1300,105
T-BulletDispenser-1x,13102,45.080,2.76,2.80,0.0028,464,105
T-BulletDispenser-1x,13103,45.083,2.63,2.60,0.0026,464,105
T-BulletDispenser-1x,13104,45.086,2.69,2.69,0.0027,464,105
T-BulletDispenser-1x,13105,45.089,3.28,3.31,0.0033,1300,104
T-BulletDispenser-1x,13106,45.092,2.72,2.70,0.0027,464,104
T-BulletDispenser-1x,13107,45.094,2.46,2.48,0.0025,464,104
T-BulletDispenser-1x,13108,45.097,2.66,2.62,0.0027,464,104
T-BulletDispenser-1x,13109,45.100,3.17,3.18,0.0032,1300,103
T-BulletDispenser-1x,13110,45.103,2.79,2.81,0.0028,464,103
T-BulletDispenser-1x,13111,45.106,2.82,2.80,0.0028,464,103
T-BulletDispenser-1x,13112,45.109,3.63,3.59,0.0036,1300,102
T-BulletDispenser-1x,13113,45.112,3.27,3.31,0.0033,464,102
T-BulletDispenser-1x,13114,45.115,2.91,2.90,0.0029,464,102
T-BulletDispenser-1x,13115,45.118,2.89,2.92,0.0029,1300,101
T-BulletDispenser-1x,13116,45.121,2.70,2.69,0.0027,464,101
T-BulletDispenser-1x,13117,45.124,2.94,2.91,0.0029,464,101
T-BulletDispenser-1x,13118,45.127,2.57,2.59,0.0026,464,101
T-BulletDispenser-1x,13119,45.130,3.39,3.39,0.0034,1300,100
T-BulletDispenser-1x,13120,45.133,2.80,2.80,0.0028,464,100
T-BulletDispenser-1x,13121,45.135,2.58,2.58,0.0026,464,100
T-BulletDispenser-1x,13122,45.138,3.09,3.10,0.0031,1300,99
T-BulletDispenser-1x,13123,45.141,2.50,2.50,0.0025,464,99
T-BulletDispenser-1x,13124,45.143,2.50,2.51,0.0025,464,99
T-BulletDispenser-1x,13125,45.146,2.49,2.48,0.0025,464,99
T-BulletDispenser-1x,13126,45.149,3.55,3.52,0.0036,1300,98
T-BulletDispenser-1x,13127,45.153,3.25,3.20,0.0033,464,98
T-BulletDispenser-1x,13128,45.155,2.59,2.68,0.0026,464,98
T-BulletDispenser-1x,13129,45.158,2.97,2.92,0.0030,6484,97
T-BulletDispenser-1x,13130,45.162,3.29,3.28,0.0033,464,97
T-BulletDispenser-1x,13131,45.164,2.67,2.69,0.0027,464,97
T-BulletDispenser-1x,13132,45.167,2.90,2.90,0.0029,464,97
T-BulletDispenser-1x,13133,45.171,3.64,3.60,0.0036,1300,96
T-BulletDispenser-1x,13134,45.174,3.09,3.11,0.0031,464,96
T-BulletDispenser-1x,13135,45.176,2.57,2.58,0.0026,464,96
T-BulletDispenser-1x,13136,45.180,3.17,3.18,0.0032,1300,95
T-BulletDispenser-1x,13137,45.182,2.85,2.82,0.0029,464,95
T-BulletDispenser-1x,13138,45.185,2.98,3.00,0.0030,464,95
T-BulletDispenser-1x,13139,45.189,3.28,3.30,0.0033,1300,94
T-BulletDispenser-1x,13140,45.192,3.20,3.18,0.0032,464,94
T-BulletDispenser-1x,13141,45.195,2.92,2.91,0.0029,464,94
T-BulletDispenser-1x,13142,45.198,3.19,3.20,0.0032,1300,93
T-BulletDispenser-1x,13143,45.201,2.69,2.69,0.0027,464,93
T-BulletDispenser-1x,13144,45.203,2.08,2.11,0.0021,464,93
T-BulletDispenser-1x,13145,45.205,2.34,2.29,0.0023,464,93
T-BulletDispenser-1x,13146,45.209,3.41,3.40,0.0034,1300,92
T-BulletDispenser-1x,13147,45.212,3.31,3.30,0.0033,464,92
T-BulletDispenser-1x,13148,45.215,2.87,2.88,0.0029,464,92
T-BulletDispenser-1x,13149,45.218,3.50,3.50,0.0035,1300,91
T-BulletDispenser-1x,13150,45.221,3.11,3.10,0.0031,516,91
T-BulletDispenser-1x,13151,45.224,2.92,2.91,0.0029,464,91
T-BulletDispenser-1x,13152,45.227,2.57,2.59,0.0026,464,91
T-BulletDispenser-1x,13153,45.230,3.29,3.29,0.0033,1300,90
T-BulletDispenser-1x,13154,45.233,2.86,2.82,0.0029,464,90
T-BulletDispenser-1x,13155,45.235,2.53,2.57,0.0025,464,90
T-BulletDispenser-1x,13156,45.239,3.09,3.10,0.0031,1300,89
T-BulletDispenser-1x,13157,45.241,2.74,2.70,0.0027,464,89
T-BulletDispenser-1x,13158,45.244,2.91,2.90,0.0029,464,89
T-BulletDispenser-1x,13159,45.247,2.58,2.60,0.0026,464,89
T-BulletDispenser-1x,13160,45.250,3.40,3.40,0.0034,1300,88
T-BulletDispenser-1x,13161,45.253,2.69,2.70,0.0027,464,88
T-BulletDispenser-1x,13162,45.255,2.49,2.49,0.0025,464,88
T-BulletDispenser-1x,13163,45.258,3.07,3.02,0.0031,1300,87
T-BulletDispenser-1x,13164,45.262,3.28,3.28,0.0033,464,87
T-BulletDispenser-1x,13165,45.264,2.66,2.69,0.0027,464,87
T-BulletDispenser-1x,13166,45.268,3.41,3.39,0.0034,1300,86
T-BulletDispenser-1x,13167,45.271,2.92,2.91,0.0029,464,86
T-BulletDispenser-1x,13168,45.273,2.24,2.29,0.0022,464,86
T-BulletDispenser-1x,13169,45.275,2.34,2.31,0.0023,464,86
T-BulletDispenser-1x,13170,45.279,3.31,3.30,0.0033,1300,85
T-BulletDispenser-1x,13171,45.282,2.90,2.90,0.0029,464,85
T-BulletDispenser-1x,13172,45.284,2.68,2.70,0.0027,464,85
T-BulletDispenser-1x,13173,45.287,2.49,2.48,0.0025,464,85
T-BulletDispenser-1x,13174,45.290,3.09,3.10,0.0031,1300,84
T-BulletDispenser-1x,13175,45.293,2.82,2.83,0.0028,464,84
T-BulletDispenser-1x,13176,45.295,2.73,2.69,0.0027,464,84
T-BulletDispenser-1x,13177,45.299,3.48,3.48,0.0035,1300,83
T-BulletDispenser-1x,13178,45.302,2.82,2.83,0.0028,464,83
T-BulletDispenser-1x,13179,45.304,2.66,2.67,0.0027,464,83
T-BulletDispenser-1x,13180,45.307,2.28,2.29,0.0023,464,83
T-BulletDispenser-1x,13181,45.310,3.35,3.30,0.0033,1300,82
T-BulletDispenser-1x,13182,45.313,3.22,3.21,0.0032,464,82
T-BulletDispenser-1x,13183,45.316,2.90,2.90,0.0029,464,82
T-BulletDispenser-1x,13184,45.319,3.18,3.19,0.0032,1300,81
T-BulletDispenser-1x,13185,45.322,2.86,2.88,0.0029,464,81
T-BulletDispenser-1x,13186,45.325,2.72,2.70,0.0027,464,81
T-BulletDispenser-1x,13187,45.328,3.12,3.11,0.0031,1300,80
T-BulletDispenser-1x,13188,45.331,2.88,2.90,0.0029,464,80
T-BulletDispenser-1x,13189,45.333,2.20,2.20,0.0022,464,80
T-BulletDispenser-1x,13190,45.336,2.85,2.81,0.0029,464,80
T-BulletDispenser-1x,13191,45.339,3.37,3.39,0.0034,1300,79
T-BulletDispenser-1x,13192,45.342,3.12,3.11,0.0031,464,79
T-BulletDispenser-1x,13193,45.345,2.59,2.57,0.0026,464,79
T-BulletDispenser-1x,13194,45.348,2.97,2.99,0.0030,1300,78
T-BulletDispenser-1x,13195,45.350,2.60,2.60,0.0026,464,78
T-BulletDispenser-1x,13196,45.353,2.64,2.62,0.0026,464,78
T-BulletDispenser-1x,13197,45.356,2.46,2.48,0.0025,464,78
T-BulletDispenser-1x,13198,45.359,3.21,3.20,0.0032,1300,77
T-BulletDispenser-1x,13199,45.362,2.85,2.81,0.0028,464,77
T-BulletDispenser-1x,13200,45.364,2.43,2.48,0.0024,464,77
T-BulletDispenser-1x,13201,45.366,2.23,2.21,0.0022,464,77
T-BulletDispenser-1x,13202,45.369,2.79,2.79,0.0028,1300,76
T-BulletDispenser-1x,13203,45.372,3.00,2.99,0.0030,464,76
T-BulletDispenser-1x,13204,45.375,2.80,2.79,0.0028,464,76
T-BulletDispenser-1x,13205,45.378,3.23,3.21,0.0032,1300,75
T-BulletDispenser-1x,13206,45.381,2.85,2.88,0.0029,464,75
T-BulletDispenser-1x,13207,45.383,2.32,2.32,0.0023,464,75
T-BulletDispenser-1x,13208,45.385,2.05,2.07,0.0021,464,75
T-BulletDispenser-1x,13209,45.388,2.96,2.92,0.0030,1300,74
T-BulletDispenser-1x,13210,45.391,2.71,2.70,0.0027,464,74
T-BulletDispenser-1x,13211,45.394,2.87,2.89,0.0029,464,74
T-BulletDispenser-1x,13212,45.396,2.47,2.47,0.0025,464,74
T-BulletDispenser-1x,13213,45.400,3.54,3.52,0.0035,1300,73
T-BulletDispenser-1x,13214,45.403,2.78,2.79,0.0028,464,73
T-BulletDispenser-1x,13215,45.405,2.67,2.70,0.0027,464,73
T-BulletDispenser-1x,13216,45.409,3.32,3.29,0.0033,1300,72
T-BulletDispenser-1x,13217,45.412,3.11,3.10,0.0031,464,72
T-BulletDispenser-1x,13218,45.414,2.49,2.51,0.0025,464,72
T-BulletDispenser-1x,13219,45.418,3.21,3.19,0.0032,1300,71
T-BulletDispenser-1x,13220,45.421,3.04,3.02,0.0030,464,71
T-BulletDispenser-1x,13221,45.423,2.65,2.58,0.0026,516,71
T-BulletDispenser-1x,13222,45.426,3.12,3.21,0.0031,464,71
T-BulletDispenser-1x,13223,45.430,3.17,3.17,0.0032,1300,70
T-BulletDispenser-1x,13224,45.432,2.69,2.72,0.0027,464,70
T-BulletDispenser-1x,13225,45.435,2.50,2.49,0.0025,464,70
T-BulletDispenser-1x,13226,45.438,3.32,3.30,0.0033,1300,69
T-BulletDispenser-1x,13227,45.441,2.89,2.83,0.0029,464,69
T-BulletDispenser-1x,13228,45.443,2.40,2.45,0.0024,464,69
T-BulletDispenser-1x,13229,45.446,2.60,2.59,0.0026,464,69
T-BulletDispenser-1x,13230,45.449,2.67,2.70,0.0027,1300,68
T-BulletDispenser-1x,13231,45.452,2.95,2.92,0.0029,464,68
T-BulletDispenser-1x,13232,45.454,2.49,2.50,0.0025,464,68
T-BulletDispenser-1x,13233,45.457,2.75,2.71,0.0027,464,68
T-BulletDispenser-1x,13234,45.460,3.06,3.08,0.0031,1300,67
T-BulletDispenser-1x,13235,45.463,2.98,2.99,0.0030,464,67
T-BulletDispenser-1x,13236,45.465,2.51,2.51,0.0025,464,67
T-BulletDispenser-1x,13237,45.468,2.92,2.90,0.0029,1300,66
T-BulletDispenser-1x,13238,45.471,2.67,2.69,0.0027,464,66
T-BulletDispenser-1x,13239,45.473,2.09,2.12,0.0021,464,66
T-BulletDispenser-1x,13240,45.476,2.75,2.70,0.0027,464,66
T-BulletDispenser-1x,13241,45.479,3.30,3.29,0.0033,1300,65
T-BulletDispenser-1x,13242,45.481,2.47,2.50,0.0025,464,65
T-BulletDispenser-1x,13243,45.484,2.62,2.58,0.0026,464,65
T-BulletDispenser-1x,13244,45.486,2.20,2.25,0.0022,464,65
T-BulletDispenser-1x,13245,45.489,2.85,2.85,0.0029,1300,64
T-BulletDispenser-1x,13246,45.492,3.06,3.02,0.0031,464,64
T-BulletDispenser-1x,13247,45.495,2.82,2.78,0.0028,464,64
T-BulletDispenser-1x,13248,45.498,2.73,2.80,0.0027,1300,63
T-BulletDispenser-1x,13249,45.501,2.82,2.80,0.0028,464,63
T-BulletDispenser-1x,13250,45.503,2.29,2.31,0.0023,464,63
T-BulletDispenser-1x,13251,45.505,2.18,2.19,0.0022,464,63
T-BulletDispenser-1x,13252,45.507,2.41,2.40,0.0024,1300,62
T-BulletDispenser-1x,13253,45.510,2.61,2.59,0.0026,464,62
T-BulletDispenser-1x,13254,45.512,2.42,2.41,0.0024,464,62
T-BulletDispenser-1x,13255,45.515,2.38,2.39,0.0024,464,62
T-BulletDispenser-1x,13256,45.518,3.24,3.21,0.0032,1300,61
T-BulletDispenser-1x,13257,45.521,2.77,2.79,0.0028,464,61
T-BulletDispenser-1x,13258,45.523,2.41,2.41,0.0024,464,61
T-BulletDispenser-1x,13259,45.525,2.16,2.18,0.0022,464,61
T-BulletDispenser-1x,13260,45.528,2.42,2.41,0.0024,1300,60
T-BulletDispenser-1x,13261,45.531,3.06,3.02,0.0031,464,60
T-BulletDispenser-1x,13262,45.534,2.79,2.78,0.0028,464,60
T-BulletDispenser-1x,13263,45.537,2.87,2.90,0.0029,464,60
T-BulletDispenser-1x,13264,45.540,3.23,3.20,0.0032,1300,59
T-BulletDispenser-1x,13265,45.543,3.09,3.10,0.0031,464,59
T-BulletDispenser-1x,13266,45.545,2.46,2.49,0.0025,464,59
T-BulletDispenser-1x,13267,45.549,3.50,3.42,0.0035,1300,58
T-BulletDispenser-1x,13268,45.552,3.35,3.38,0.0034,464,58
T-BulletDispenser-1x,13269,45.555,2.69,2.70,0.0027,464,58
T-BulletDispenser-1x,13270,45.558,3.32,3.31,0.0033,1300,57
T-BulletDispenser-1x,13271,45.561,2.99,2.98,0.0030,464,57
T-BulletDispenser-1x,13272,45.563,2.27,2.30,0.0023,464,57
T-BulletDispenser-1x,13273,45.566,2.18,2.19,0.0022,464,57
T-BulletDispenser-1x,13274,45.569,2.92,2.91,0.0029,1300,56
T-BulletDispenser-1x,13275,45.572,2.92,2.89,0.0029,464,56
T-BulletDispenser-1x,13276,45.574,2.71,2.69,0.0027,464,56
T-BulletDispenser-1x,13277,45.576,2.25,2.30,0.0023,464,56
T-BulletDispenser-1x,13278,45.579,2.74,2.70,0.0027,1300,55
T-BulletDispenser-1x,13279,45.582,2.59,2.59,0.0026,464,55
T-BulletDispenser-1x,13280,45.585,2.93,2.92,0.0029,464,55
T-BulletDispenser-1x,13281,45.588,3.16,3.18,0.0032,1300,54
T-BulletDispenser-1x,13282,45.591,2.65,2.61,0.0026,464,54
T-BulletDispenser-1x,13283,45.593,2.82,2.80,0.0028,464,54
T-BulletDispenser-1x,13284,45.596,2.66,2.69,0.0027,464,54
T-BulletDispenser-1x,13285,45.599,2.87,2.89,0.0029,1300,53
T-BulletDispenser-1x,13286,45.602,2.72,2.72,0.0027,464,53
T-BulletDispenser-1x,13287,45.604,2.50,2.49,0.0025,464,53
T-BulletDispenser-1x,13288,45.607,2.48,2.50,0.0025,464,53
T-BulletDispenser-1x,13289,45.610,3.37,3.32,0.0034,1300,52
T-BulletDispenser-1x,13290,45.613,2.76,2.79,0.0028,464,52
T-BulletDispenser-1x,13291,45.615,2.35,2.38,0.0024,464,52
T-BulletDispenser-1x,13292,45.618,2.82,2.81,0.0028,1300,51
T-BulletDispenser-1x,13293,45.620,2.29,2.29,0.0023,464,51
T-BulletDispenser-1x,13294,45.623,2.48,2.42,0.0025,464,51
T-BulletDispenser-1x,13295,45.625,2.66,2.69,0.0027,516,51
T-BulletDispenser-1x,13296,45.629,3.22,3.18,0.0032,1300,50
T-BulletDispenser-1x,13297,45.631,2.87,2.90,0.0029,464,50
T-BulletDispenser-1x,13298,45.634,2.58,2.60,0.0026,464,50
T-BulletDispenser-1x,13299,45.636,2.34,2.31,0.0023,464,50
T-BulletDispenser-1x,13300,45.639,2.99,2.99,0.0030,1300,49
T-BulletDispenser-1x,13301,45.642,2.91,2.89,0.0029,464,49
T-BulletDispenser-1x,13302,45.645,2.71,2.71,0.0027,464,49
T-BulletDispenser-1x,13303,45.648,2.97,2.98,0.0030,1300,48
T-BulletDispenser-1x,13304,45.651,3.19,3.21,0.0032,464,48
T-BulletDispenser-1x,13305,45.653,2.18,2.19,0.0022,464,48
T-BulletDispenser-1x,13306,45.656,2.49,2.49,0.0025,464,48
T-BulletDispenser-1x,13307,45.659,3.46,3.43,0.0035,1300,47
T-BulletDispenser-1x,13308,45.662,2.71,2.68,0.0027,464,47
T-BulletDispenser-1x,13309,45.665,2.68,2.60,0.0027,464,47
T-BulletDispenser-1x,13310,45.668,3.10,3.19,0.0031,1300,46
T-BulletDispenser-1x,13311,45.670,2.59,2.59,0.0026,464,46
T-BulletDispenser-1x,13312,45.673,2.60,2.62,0.0026,464,46
T-BulletDispenser-1x,13313,45.675,2.39,2.39,0.0024,464,46
T-BulletDispenser-1x,13314,45.678,2.66,2.68,0.0027,1300,45
T-BulletDispenser-1x,13315,45.681,2.65,2.61,0.0026,464,45
T-BulletDispenser-1x,13316,45.683,2.15,2.19,0.0022,464,45
T-BulletDispenser-1x,13317,45.685,2.53,2.50,0.0025,464,45
T-BulletDispenser-1x,13318,45.689,3.43,3.42,0.0034,1300,44
T-BulletDispenser-1x,13319,45.692,2.97,3.00,0.0030,464,44
T-BulletDispenser-1x,13320,45.694,2.38,2.38,0.0024,464,44
T-BulletDispenser-1x,13321,45.696,2.24,2.20,0.0022,464,44
T-BulletDispenser-1x,13322,45.699,2.90,2.90,0.0029,1300,43
T-BulletDispenser-1x,13323,45.702,2.69,2.70,0.0027,464,43
T-BulletDispenser-1x,13324,45.705,2.78,2.80,0.0028,464,43
T-BulletDispenser-1x,13325,45.708,2.86,2.82,0.0029,1300,42
T-BulletDispenser-1x,13326,45.710,2.76,2.77,0.0028,464,42
T-BulletDispenser-1x,13327,45.713,2.41,2.42,0.0024,464,42
T-BulletDispenser-1x,13328,45.715,2.16,2.19,0.0022,464,42
T-BulletDispenser-1x,13329,45.718,3.04,2.98,0.0030,1300,41
T-BulletDispenser-1x,13330,45.720,2.51,2.52,0.0025,464,41
T-BulletDispenser-1x,13331,45.723,2.48,2.48,0.0025,464,41
T-BulletDispenser-1x,13332,45.725,2.61,2.61,0.0026,464,41
T-BulletDispenser-1x,13333,45.729,3.15,3.10,0.0031,1300,40
T-BulletDispenser-1x,13334,45.731,2.42,2.49,0.0024,464,40
T-BulletDispenser-1x,13335,45.733,2.16,2.12,0.0022,464,40
T-BulletDispenser-1x,13336,45.736,2.38,2.38,0.0024,464,40
T-BulletDispenser-1x,13337,45.739,3.21,3.19,0.0032,1300,39
T-BulletDispenser-1x,13338,45.742,2.90,2.91,0.0029,464,39
T-BulletDispenser-1x,13339,45.744,2.05,2.09,0.0021,464,39
T-BulletDispenser-1x,13340,45.746,2.55,2.51,0.0026,464,39
T-BulletDispenser-1x,13341,45.749,2.98,2.99,0.0030,1300,38
T-BulletDispenser-1x,13342,45.752,2.25,2.29,0.0023,464,38
T-BulletDispenser-1x,13343,45.753,1.80,1.80,0.0018,464,38
T-BulletDispenser-1x,13344,45.756,2.45,2.40,0.0024,464,38
T-BulletDispenser-1x,13345,45.759,3.43,3.41,0.0034,1300,37
T-BulletDispenser-1x,13346,45.762,2.89,2.90,0.0029,464,37
T-BulletDispenser-1x,13347,45.764,2.27,2.29,0.0023,464,37
T-BulletDispenser-1x,13348,45.768,3.23,3.22,0.0032,1300,36
T-BulletDispenser-1x,13349,45.770,2.81,2.78,0.0028,464,36
T-BulletDispenser-1x,13350,45.773,2.37,2.40,0.0024,464,36
T-BulletDispenser-1x,13351,45.775,2.42,2.41,0.0024,464,36
T-BulletDispenser-1x,13352,45.778,2.55,2.58,0.0026,1300,35
T-BulletDispenser-1x,13353,45.780,2.56,2.52,0.0026,464,35
T-BulletDispenser-1x,13354,45.783,2.59,2.60,0.0026,464,35
T-BulletDispenser-1x,13355,45.785,2.29,2.29,0.0023,464,35
T-BulletDispenser-1x,13356,45.788,3.12,3.11,0.0031,1300,34
T-BulletDispenser-1x,13357,45.792,3.30,3.29,0.0033,464,34
T-BulletDispenser-1x,13358,45.794,2.47,2.50,0.0025,464,34
T-BulletDispenser-1x,13359,45.796,2.05,2.07,0.0021,464,34
T-BulletDispenser-1x,13360,45.799,3.07,2.95,0.0031,1300,33
T-BulletDispenser-1x,13361,45.802,2.68,2.77,0.0027,464,33
T-BulletDispenser-1x,13362,45.804,2.58,2.60,0.0026,464,33
T-BulletDispenser-1x,13363,45.808,3.05,3.00,0.0030,1300,32
T-BulletDispenser-1x,13364,45.810,2.78,2.79,0.0028,464,32
T-BulletDispenser-1x,13365,45.813,2.46,2.49,0.0025,464,32
T-BulletDispenser-1x,13366,45.815,1.88,1.89,0.0019,464,32
T-BulletDispenser-1x,13367,45.817,2.63,2.60,0.0026,1300,31
T-BulletDispenser-1x,13368,45.820,2.93,2.90,0.0029,464,31
T-BulletDispenser-1x,13369,45.822,2.28,2.30,0.0023,464,31
T-BulletDispenser-1x,13370,45.825,2.43,2.40,0.0024,464,31
T-BulletDispenser-1x,13371,45.828,3.01,2.99,0.0030,1352,30
T-BulletDispenser-1x,13372,45.830,2.49,2.52,0.0025,464,30
T-BulletDispenser-1x,13373,45.832,2.06,2.08,0.0021,464,30
T-BulletDispenser-1x,13374,45.835,2.09,2.11,0.0021,464,30
T-BulletDispenser-1x,13375,45.837,2.39,2.39,0.0024,1300,29
T-BulletDispenser-1x,13376,45.840,2.65,2.62,0.0026,464,29
T-BulletDispenser-1x,13377,45.842,2.27,2.28,0.0023,464,29
T-BulletDispenser-1x,13378,45.844,2.31,2.31,0.0023,464,29
T-BulletDispenser-1x,13379,45.847,2.73,2.70,0.0027,464,29
T-BulletDispenser-1x,13380,45.850,3.31,3.30,0.0033,1300,28
T-BulletDispenser-1x,13381,45.853,2.55,2.59,0.0026,464,28
T-BulletDispenser-1x,13382,45.855,2.10,2.10,0.0021,464,28
T-BulletDispenser-1x,13383,45.858,3.03,3.00,0.0030,1300,27
T-BulletDispenser-1x,13384,45.861,2.99,2.91,0.0030,464,27
T-BulletDispenser-1x,13385,45.863,2.33,2.38,0.0023,464,27
T-BulletDispenser-1x,13386,45.866,2.52,2.50,0.0025,464,27
T-BulletDispenser-1x,13387,45.869,3.29,3.30,0.0033,1300,26
T-BulletDispenser-1x,13388,45.872,2.58,2.59,0.0026,464,26
T-BulletDispenser-1x,13389,45.874,2.03,2.07,0.0020,464,26
T-BulletDispenser-1x,13390,45.876,2.14,2.12,0.0021,464,26
T-BulletDispenser-1x,13391,45.879,2.82,2.78,0.0028,1300,25
T-BulletDispenser-1x,13392,45.881,2.70,2.71,0.0027,464,25
T-BulletDispenser-1x,13393,45.884,2.83,2.81,0.0028,464,25
T-BulletDispenser-1x,13394,45.887,2.66,2.69,0.0027,464,25
T-BulletDispenser-1x,13395,45.890,3.03,3.01,0.0030,1300,24
T-BulletDispenser-1x,13396,45.892,2.67,2.68,0.0027,464,24
T-BulletDispenser-1x,13397,45.895,2.51,2.40,0.0025,464,24
T-BulletDispenser-1x,13398,45.898,2.93,3.02,0.0029,1300,23
T-BulletDispenser-1x,13399,45.901,3.08,3.08,0.0031,464,23
T-BulletDispenser-1x,13400,45.904,2.53,2.51,0.0025,464,23
T-BulletDispenser-1x,13401,45.906,2.38,2.39,0.0024,464,23
T-BulletDispenser-1x,13402,45.909,3.50,3.50,0.0035,1300,22
T-BulletDispenser-1x,13403,45.912,2.88,2.88,0.0029,464,22
T-BulletDispenser-1x,13404,45.914,2.19,2.21,0.0022,464,22
T-BulletDispenser-1x,13405,45.917,2.61,2.59,0.0026,1300,21
T-BulletDispenser-1x,13406,45.920,2.53,2.51,0.0025,464,21
T-BulletDispenser-1x,13407,45.922,2.28,2.29,0.0023,464,21
T-BulletDispenser-1x,13408,45.924,2.34,2.31,0.0023,464,21
T-BulletDispenser-1x,13409,45.926,2.13,2.19,0.0021,464,21
T-BulletDispenser-1x,13410,45.929,2.80,2.71,0.0028,1300,20
T-BulletDispenser-1x,13411,45.932,2.42,2.49,0.0024,464,20
T-BulletDispenser-1x,13412,45.934,1.99,1.99,0.0020,464,20
T-BulletDispenser-1x,13413,45.936,2.11,2.11,0.0021,464,20
T-BulletDispenser-1x,13414,45.939,3.13,3.07,0.0031,1300,19
T-BulletDispenser-1x,13415,45.942,2.79,2.82,0.0028,464,19
T-BulletDispenser-1x,13416,45.944,2.18,2.20,0.0022,464,19
T-BulletDispenser-1x,13417,45.946,2.57,2.53,0.0026,464,19
T-BulletDispenser-1x,13418,45.949,2.86,2.87,0.0029,1300,18
T-BulletDispenser-1x,13419,45.952,2.59,2.60,0.0026,464,18
T-BulletDispenser-1x,13420,45.954,2.40,2.40,0.0024,464,18
T-BulletDispenser-1x,13421,45.956,2.29,2.28,0.0023,464,18
T-BulletDispenser-1x,13422,45.959,2.90,2.91,0.0029,1300,17
T-BulletDispenser-1x,13423,45.962,2.42,2.39,0.0024,464,17
T-BulletDispenser-1x,13424,45.964,2.20,2.20,0.0022,464,17
T-BulletDispenser-1x,13425,45.966,2.22,2.20,0.0022,464,17
T-BulletDispenser-1x,13426,45.969,2.66,2.69,0.0027,1300,16
T-BulletDispenser-1x,13427,45.971,2.31,2.28,0.0023,464,16
T-BulletDispenser-1x,13428,45.973,2.10,2.12,0.0021,464,16
T-BulletDispenser-1x,13429,45.976,2.24,2.21,0.0022,464,16
T-BulletDispenser-1x,13430,45.979,3.10,3.08,0.0031,1300,15
T-BulletDispenser-1x,13431,45.981,2.57,2.59,0.0026,464,15
T-BulletDispenser-1x,13432,45.984,2.51,2.51,0.0025,464,15
T-BulletDispenser-1x,13433,45.986,2.07,2.08,0.0021,464,15
T-BulletDispenser-1x,13434,45.988,2.51,2.51,0.0025,1300,14
T-BulletDispenser-1x,13435,45.990,2.09,2.09,0.0021,464,14
T-BulletDispenser-1x,13436,45.992,2.03,2.00,0.0020,464,14
T-BulletDispenser-1x,13437,45.995,2.52,2.49,0.0025,464,14
T-BulletDispenser-1x,13438,45.998,2.92,2.92,0.0029,1300,13
T-BulletDispenser-1x,13439,46.001,2.75,2.77,0.0028,464,13
T-BulletDispenser-1x,13440,46.003,2.13,2.10,0.0021,464,13
T-BulletDispenser-1x,13441,46.005,2.51,2.51,0.0025,464,13
T-BulletDispenser-1x,13442,46.008,2.91,2.89,0.0029,1300,12
T-BulletDispenser-1x,13443,46.010,2.25,2.29,0.0023,464,12
T-BulletDispenser-1x,13444,46.012,1.94,1.89,0.0019,464,12
T-BulletDispenser-1x,13445,46.014,2.16,2.20,0.0022,464,12
T-BulletDispenser-1x,13446,46.017,2.80,2.71,0.0028,1300,11
T-BulletDispenser-1x,13447,46.020,2.28,2.38,0.0023,464,11
T-BulletDispenser-1x,13448,46.022,2.13,2.10,0.0021,464,11
T-BulletDispenser-1x,13449,46.024,1.99,2.01,0.0020,464,11
T-BulletDispenser-1x,13450,46.026,2.11,2.08,0.0021,464,11
T-BulletDispenser-1x,13451,46.028,2.50,2.51,0.0025,1352,10
T-BulletDispenser-1x,13452,46.031,2.72,2.49,0.0027,464,10
T-BulletDispenser-1x,13453,46.033,2.14,2.33,0.0021,464,10
T-BulletDispenser-1x,13454,46.035,2.34,2.37,0.0023,464,10
T-BulletDispenser-1x,13455,46.038,3.01,3.00,0.0030,1300,9
T-BulletDispenser-1x,13456,46.041,2.32,2.31,0.0023,464,9
T-BulletDispenser-1x,13457,46.043,2.17,2.20,0.0022,464,9
T-BulletDispenser-1x,13458,46.045,2.22,2.20,0.0022,464,9
T-BulletDispenser-1x,13459,46.048,3.15,3.12,0.0031,1300,8
T-BulletDispenser-1x,13460,46.051,2.68,2.69,0.0027,464,8
T-BulletDispenser-1x,13461,46.053,2.40,2.40,0.0024,464,8
T-BulletDispenser-1x,13462,46.055,2.05,2.10,0.0021,464,8
T-BulletDispenser-1x,13463,46.058,2.93,2.90,0.0029,1300,7
T-BulletDispenser-1x,13464,46.061,2.35,2.38,0.0024,464,7
T-BulletDispenser-1x,13465,46.063,2.03,2.01,0.0020,464,7
T-BulletDispenser-1x,13466,46.065,2.27,2.24,0.0023,464,7
T-BulletDispenser-1x,13467,46.068,2.73,2.76,0.0027,1300,6
T-BulletDispenser-1x,13468,46.070,2.62,2.61,0.0026,464,6
T-BulletDispenser-1x,13469,46.073,2.20,2.20,0.0022,464,6
T-BulletDispenser-1x,13470,46.075,2.16,2.18,0.0022,464,6
T-BulletDispenser-1x,13471,46.077,2.61,2.61,0.0026,1300,5
T-BulletDispenser-1x,13472,46.080,2.18,2.18,0.0022,464,5
T-BulletDispenser-1x,13473,46.081,1.70,1.71,0.0017,464,5
T-BulletDispenser-1x,13474,46.083,2.07,2.00,0.0021,464,5
T-BulletDispenser-1x,13475,46.085,2.17,2.20,0.0022,464,5
T-BulletDispenser-1x,13476,46.089,3.21,3.20,0.0032,1300,4
T-BulletDispenser-1x,13477,46.092,2.79,2.78,0.0028,464,4
T-BulletDispenser-1x,13478,46.093,1.98,2.01,0.0020,464,4
T-BulletDispenser-1x,13479,46.096,2.30,2.28,0.0023,464,4
T-BulletDispenser-1x,13480,46.099,2.95,2.91,0.0030,1300,3
T-BulletDispenser-1x,13481,46.101,2.46,2.51,0.0025,464,3
T-BulletDispenser-1x,13482,46.103,1.77,1.77,0.0018,464,3
T-BulletDispenser-1x,13483,46.105,1.86,1.82,0.0019,464,3
T-BulletDispenser-1x,13484,46.108,2.92,2.91,0.0029,1300,2
T-BulletDispenser-1x,13485,46.111,2.90,2.89,0.0029,464,2
T-BulletDispenser-1x,13486,46.113,2.30,2.31,0.0023,464,2
T-BulletDispenser-1x,13487,46.115,2.04,2.08,0.0020,464,2
T-BulletDispenser-1x,13488,46.118,2.81,2.82,0.0028,1300,1
T-BulletDispenser-1x,13489,46.120,1.86,1.87,0.0019,464,1
T-BulletDispenser-1x,13490,46.122,2.02,2.00,0.0020,464,1
T-BulletDispenser-1x,13491,46.124,2.02,2.02,0.0020,464,1
T-BulletDispenser-1x,13492,46.126,2.03,2.01,0.0020,464,1
T-BulletDispenser-1x,13493,46.129,2.80,2.78,0.0028,1300,0
