run,frame,time,realMs,mainMs,gameDt,gcBytes,enemies
T-Default-1x,0,0.000,9.27,9.61,0.0093,244956,11
T-Default-1x,1,0.005,4.91,5.08,0.0049,190218,11
T-Default-1x,2,0.012,6.99,7.00,0.0070,192160,12
T-Default-1x,3,0.016,4.61,4.60,0.0046,192160,13
T-Default-1x,4,0.020,3.88,3.90,0.0039,186880,13
T-Default-1x,5,0.024,4.02,4.00,0.0040,186880,13
T-Default-1x,6,0.028,3.99,3.99,0.0040,192160,14
T-Default-1x,7,0.032,4.00,4.00,0.0040,186880,14
T-Default-1x,8,0.036,4.01,4.01,0.0040,192160,15
T-Default-1x,9,0.040,3.60,3.60,0.0036,186880,15
T-Default-1x,10,0.044,3.71,3.69,0.0037,186880,15
T-Default-1x,11,0.047,3.72,3.71,0.0037,192704,16
T-Default-1x,12,0.051,3.46,3.49,0.0035,186880,16
T-Default-1x,13,0.055,3.79,3.80,0.0038,193312,17
T-Default-1x,14,0.058,3.60,3.59,0.0036,186880,17
T-Default-1x,15,0.062,3.51,3.51,0.0035,186880,17
T-Default-1x,16,0.066,3.81,3.80,0.0038,192160,18
T-Default-1x,17,0.069,3.29,3.30,0.0033,186880,18
T-Default-1x,18,0.073,3.65,3.60,0.0037,186880,18
T-Default-1x,19,0.076,3.88,3.89,0.0039,192160,19
T-Default-1x,20,0.080,3.59,3.61,0.0036,186880,19
T-Default-1x,21,0.084,3.81,3.80,0.0038,186880,19
T-Default-1x,22,0.088,3.76,3.78,0.0038,192160,20
T-Default-1x,23,0.091,3.81,3.80,0.0038,186880,20
T-Default-1x,24,0.095,3.62,3.60,0.0036,192160,21
T-Default-1x,25,0.099,3.69,3.70,0.0037,186880,21
T-Default-1x,26,0.102,3.60,3.59,0.0036,186880,21
T-Default-1x,27,0.106,3.70,3.70,0.0037,192160,22
T-Default-1x,28,0.110,3.61,3.61,0.0036,186880,22
T-Default-1x,29,0.113,3.66,3.70,0.0037,186880,22
T-Default-1x,30,0.117,3.71,3.70,0.0037,193216,23
T-Default-1x,31,0.121,3.69,3.69,0.0037,186880,23
T-Default-1x,32,0.124,3.72,3.70,0.0037,186880,23
T-Default-1x,33,0.128,3.80,3.81,0.0038,192160,24
T-Default-1x,34,0.132,3.60,3.59,0.0036,186880,24
T-Default-1x,35,0.136,3.80,3.80,0.0038,192160,25
T-Default-1x,36,0.139,3.29,3.29,0.0033,186880,25
T-Default-1x,37,0.142,3.60,3.61,0.0036,186880,25
T-Default-1x,38,0.146,3.71,3.70,0.0037,192160,26
T-Default-1x,39,0.150,3.77,3.79,0.0038,186880,26
T-Default-1x,40,0.153,3.39,3.39,0.0034,186880,26
T-Default-1x,41,0.157,3.71,3.71,0.0037,192160,27
T-Default-1x,42,0.160,3.41,3.40,0.0034,186880,27
T-Default-1x,43,0.164,3.49,3.51,0.0035,186880,27
T-Default-1x,44,0.168,4.03,3.98,0.0040,192160,28
T-Default-1x,45,0.172,3.67,3.70,0.0037,186880,28
T-Default-1x,46,0.176,4.02,4.00,0.0040,192160,29
T-Default-1x,47,0.179,3.59,3.60,0.0036,186880,29
T-Default-1x,48,0.183,3.91,3.90,0.0039,186880,29
T-Default-1x,49,0.187,3.88,3.90,0.0039,192160,30
T-Default-1x,50,0.191,3.53,3.50,0.0035,186880,30
T-Default-1x,51,0.194,3.89,3.89,0.0039,186932,30
T-Default-1x,52,0.198,3.72,3.70,0.0037,192160,31
T-Default-1x,53,0.202,3.71,3.71,0.0037,186880,31
T-Default-1x,54,0.206,3.79,3.79,0.0038,192160,32
T-Default-1x,55,0.209,3.80,3.81,0.0038,186880,32
T-Default-1x,56,0.213,3.67,3.69,0.0037,186880,32
T-Default-1x,57,0.217,3.91,3.90,0.0039,194336,33
T-Default-1x,58,0.221,3.48,3.50,0.0035,186880,33
T-Default-1x,59,0.224,3.69,3.69,0.0037,186880,33
T-Default-1x,60,0.228,3.70,3.69,0.0037,192160,34
T-Default-1x,61,0.232,3.78,3.73,0.0038,186880,34
T-Default-1x,62,0.235,3.65,3.68,0.0036,192160,35
T-Default-1x,63,0.239,3.36,3.39,0.0034,186880,35
T-Default-1x,64,0.242,3.61,3.60,0.0036,186880,35
T-Default-1x,65,0.246,3.70,3.69,0.0037,192160,36
T-Default-1x,66,0.251,4.53,4.50,0.0045,186880,36
T-Default-1x,67,0.254,3.45,3.49,0.0035,186880,36
T-Default-1x,68,0.258,4.41,4.40,0.0044,192160,37
T-Default-1x,69,0.262,3.40,3.40,0.0034,186880,37
T-Default-1x,70,0.266,3.92,3.91,0.0039,194240,38
T-Default-1x,71,0.269,3.47,3.47,0.0035,186880,38
T-Default-1x,72,0.273,3.43,3.40,0.0034,186880,38
T-Default-1x,73,0.276,3.78,3.80,0.0038,192160,39
T-Default-1x,74,0.280,3.59,3.60,0.0036,186880,39
T-Default-1x,75,0.284,3.70,3.69,0.0037,186880,39
T-Default-1x,76,0.288,4.20,4.19,0.0042,192160,40
T-Default-1x,77,0.292,3.83,3.82,0.0038,186880,40
T-Default-1x,78,0.295,3.68,3.69,0.0037,192160,41
T-Default-1x,79,0.299,3.81,3.80,0.0038,186880,41
T-Default-1x,80,0.303,3.49,3.50,0.0035,186880,41
T-Default-1x,81,0.306,3.72,3.70,0.0037,192160,42
T-Default-1x,82,0.310,3.70,3.69,0.0037,186880,42
T-Default-1x,83,0.314,4.01,4.01,0.0040,186880,42
T-Default-1x,84,0.318,3.68,3.69,0.0037,192160,43
T-Default-1x,85,0.321,3.39,3.40,0.0034,186880,43
T-Default-1x,86,0.325,3.90,3.89,0.0039,192160,44
T-Default-1x,87,0.329,3.41,3.40,0.0034,186880,44
T-Default-1x,88,0.332,3.79,3.79,0.0038,186880,44
T-Default-1x,89,0.336,3.72,3.71,0.0037,192160,45
T-Default-1x,90,0.340,3.50,3.49,0.0035,186880,45
T-Default-1x,91,0.343,3.59,3.60,0.0036,186880,45
T-Default-1x,92,0.347,3.69,3.70,0.0037,192160,46
T-Default-1x,93,0.351,3.72,3.70,0.0037,186880,46
T-Default-1x,94,0.354,3.49,3.49,0.0035,186880,46
T-Default-1x,95,0.358,4.21,4.20,0.0042,192160,47
T-Default-1x,96,0.362,3.70,3.70,0.0037,186880,47
T-Default-1x,97,0.366,4.11,4.11,0.0041,192160,48
T-Default-1x,98,0.370,3.46,3.48,0.0035,186880,48
T-Default-1x,99,0.373,3.54,3.51,0.0035,186880,48
T-Default-1x,100,0.376,3.19,3.20,0.0032,98952,49
T-Default-1x,101,0.378,2.20,2.21,0.0022,464,49
T-Default-1x,102,0.381,2.18,2.19,0.0022,464,49
T-Default-1x,103,0.383,2.30,2.30,0.0023,464,49
T-Default-1x,104,0.385,2.40,2.40,0.0024,5744,50
T-Default-1x,105,0.388,2.50,2.49,0.0025,464,50
T-Default-1x,106,0.390,2.42,2.41,0.0024,464,50
T-Default-1x,107,0.393,2.44,2.39,0.0024,464,50
T-Default-1x,108,0.395,2.66,2.70,0.0027,5796,51
T-Default-1x,109,0.398,2.53,2.50,0.0025,464,51
T-Default-1x,110,0.400,2.41,2.41,0.0024,464,51
T-Default-1x,111,0.403,2.26,2.28,0.0023,464,51
T-Default-1x,112,0.405,2.63,2.59,0.0026,5744,52
T-Default-1x,113,0.408,2.58,2.59,0.0026,464,52
T-Default-1x,114,0.410,2.08,2.10,0.0021,464,52
T-Default-1x,115,0.412,2.32,2.30,0.0023,464,52
T-Default-1x,116,0.415,2.85,2.80,0.0029,5744,53
T-Default-1x,117,0.417,2.35,2.39,0.0023,464,53
T-Default-1x,118,0.420,2.19,2.19,0.0022,464,53
T-Default-1x,119,0.422,2.21,2.22,0.0022,464,53
T-Default-1x,120,0.424,2.69,2.68,0.0027,5744,54
T-Default-1x,121,0.427,2.09,2.10,0.0021,464,54
T-Default-1x,122,0.429,2.22,2.20,0.0022,464,54
T-Default-1x,123,0.432,2.75,2.69,0.0028,464,54
T-Default-1x,124,0.434,2.96,3.01,0.0030,5744,55
T-Default-1x,125,0.437,2.39,2.39,0.0024,464,55
T-Default-1x,126,0.439,2.43,2.41,0.0024,464,55
T-Default-1x,127,0.442,2.47,2.50,0.0025,464,55
T-Default-1x,128,0.444,2.71,2.70,0.0027,5744,56
T-Default-1x,129,0.447,2.40,2.39,0.0024,464,56
T-Default-1x,130,0.449,2.60,2.60,0.0026,464,56
T-Default-1x,131,0.452,2.28,2.30,0.0023,464,56
T-Default-1x,132,0.454,2.59,2.59,0.0026,5744,57
T-Default-1x,133,0.457,2.59,2.51,0.0026,464,57
T-Default-1x,134,0.459,2.32,2.40,0.0023,464,57
T-Default-1x,135,0.461,2.21,2.20,0.0022,464,57
T-Default-1x,136,0.464,2.61,2.61,0.0026,5744,58
T-Default-1x,137,0.467,2.53,2.55,0.0025,464,58
T-Default-1x,138,0.469,2.12,2.12,0.0021,464,58
T-Default-1x,139,0.471,2.34,2.31,0.0023,464,58
T-Default-1x,140,0.474,2.92,2.90,0.0029,5744,59
T-Default-1x,141,0.476,2.29,2.30,0.0023,464,59
T-Default-1x,142,0.479,2.28,2.29,0.0023,464,59
T-Default-1x,143,0.481,2.34,2.30,0.0023,464,59
T-Default-1x,144,0.484,2.79,2.81,0.0028,5744,60
T-Default-1x,145,0.486,2.19,2.18,0.0022,464,60
T-Default-1x,146,0.488,2.40,2.40,0.0024,464,60
T-Default-1x,147,0.491,2.59,2.59,0.0026,464,60
T-Default-1x,148,0.493,2.62,2.61,0.0026,5744,61
T-Default-1x,149,0.496,2.38,2.40,0.0024,464,61
T-Default-1x,150,0.498,2.56,2.50,0.0026,464,61
T-Default-1x,151,0.501,2.34,2.40,0.0023,464,61
T-Default-1x,152,0.503,2.70,2.70,0.0027,5744,62
T-Default-1x,153,0.506,2.39,2.40,0.0024,464,62
T-Default-1x,154,0.508,2.34,2.30,0.0023,464,62
T-Default-1x,155,0.510,2.26,2.28,0.0023,464,62
T-Default-1x,156,0.513,2.21,2.20,0.0022,464,62
T-Default-1x,157,0.515,2.83,2.80,0.0028,5744,63
T-Default-1x,158,0.518,2.16,2.20,0.0022,464,63
T-Default-1x,159,0.520,2.20,2.19,0.0022,464,63
T-Default-1x,160,0.522,2.30,2.30,0.0023,464,63
T-Default-1x,161,0.525,2.72,2.71,0.0027,5744,64
T-Default-1x,162,0.527,2.30,2.29,0.0023,464,64
T-Default-1x,163,0.529,2.29,2.30,0.0023,464,64
T-Default-1x,164,0.532,2.54,2.50,0.0025,464,64
T-Default-1x,165,0.535,2.67,2.69,0.0027,9968,65
T-Default-1x,166,0.537,2.38,2.39,0.0024,464,65
T-Default-1x,167,0.539,2.43,2.41,0.0024,464,65
T-Default-1x,168,0.542,2.36,2.40,0.0024,464,65
T-Default-1x,169,0.544,2.54,2.51,0.0025,5744,66
T-Default-1x,170,0.547,2.30,2.29,0.0023,464,66
T-Default-1x,171,0.549,2.58,2.59,0.0026,464,66
T-Default-1x,172,0.552,2.52,2.51,0.0025,464,66
T-Default-1x,173,0.555,2.77,2.79,0.0028,5744,67
T-Default-1x,174,0.557,2.52,2.51,0.0025,464,67
T-Default-1x,175,0.559,2.30,2.30,0.0023,464,67
T-Default-1x,176,0.562,2.28,2.29,0.0023,464,67
T-Default-1x,177,0.564,2.74,2.69,0.0027,5744,68
T-Default-1x,178,0.567,2.57,2.61,0.0026,464,68
T-Default-1x,179,0.569,2.29,2.29,0.0023,464,68
T-Default-1x,180,0.572,2.29,2.30,0.0023,464,68
T-Default-1x,181,0.574,2.92,2.91,0.0029,5744,69
T-Default-1x,182,0.577,2.18,2.20,0.0022,464,69
T-Default-1x,183,0.579,2.08,2.09,0.0021,464,69
T-Default-1x,184,0.581,2.37,2.31,0.0024,464,69
T-Default-1x,185,0.584,2.77,2.78,0.0028,5744,70
T-Default-1x,186,0.586,2.39,2.40,0.0024,464,70
T-Default-1x,187,0.589,2.45,2.42,0.0024,464,70
T-Default-1x,188,0.591,2.77,2.78,0.0028,464,70
T-Default-1x,189,0.594,2.58,2.58,0.0026,5744,71
T-Default-1x,190,0.597,2.50,2.50,0.0025,516,71
T-Default-1x,191,0.599,2.71,2.71,0.0027,464,71
T-Default-1x,192,0.602,2.39,2.39,0.0024,464,71
T-Default-1x,193,0.605,2.97,2.92,0.0030,5744,72
T-Default-1x,194,0.608,2.98,2.99,0.0030,464,72
T-Default-1x,195,0.610,2.76,2.70,0.0028,464,72
T-Default-1x,196,0.613,2.82,2.90,0.0028,464,72
T-Default-1x,197,0.616,2.99,2.99,0.0030,5744,73
T-Default-1x,198,0.619,2.51,2.51,0.0025,464,73
T-Default-1x,199,0.621,2.39,2.39,0.0024,464,73
T-Default-1x,200,0.624,2.83,2.79,0.0028,5744,74
T-Default-1x,201,0.626,2.60,2.61,0.0026,464,74
T-Default-1x,202,0.629,2.82,2.80,0.0028,464,74
T-Default-1x,203,0.632,2.79,2.80,0.0028,464,74
T-Default-1x,204,0.635,2.79,2.79,0.0028,5744,75
T-Default-1x,205,0.637,2.37,2.39,0.0024,464,75
T-Default-1x,206,0.640,2.67,2.62,0.0027,464,75
T-Default-1x,207,0.642,2.56,2.57,0.0026,464,75
T-Default-1x,208,0.645,2.84,2.81,0.0028,5744,76
T-Default-1x,209,0.648,2.88,2.89,0.0029,464,76
T-Default-1x,210,0.651,2.69,2.70,0.0027,464,76
T-Default-1x,211,0.654,2.88,2.90,0.0029,5744,77
T-Default-1x,212,0.656,2.72,2.70,0.0027,464,77
T-Default-1x,213,0.659,2.47,2.49,0.0025,464,77
T-Default-1x,214,0.661,2.44,2.41,0.0024,464,77
T-Default-1x,215,0.664,2.69,2.68,0.0027,5744,78
T-Default-1x,216,0.667,2.68,2.71,0.0027,464,78
T-Default-1x,217,0.669,2.37,2.38,0.0024,464,78
T-Default-1x,218,0.672,2.58,2.51,0.0026,464,78
T-Default-1x,219,0.675,2.96,2.99,0.0030,5744,79
T-Default-1x,220,0.677,2.49,2.50,0.0025,464,79
T-Default-1x,221,0.680,2.36,2.39,0.0024,464,79
T-Default-1x,222,0.682,2.66,2.61,0.0027,464,79
T-Default-1x,223,0.685,2.69,2.70,0.0027,5744,80
T-Default-1x,224,0.687,2.59,2.61,0.0026,464,80
T-Default-1x,225,0.690,2.60,2.59,0.0026,464,80
T-Default-1x,226,0.692,2.37,2.39,0.0024,464,80
T-Default-1x,227,0.695,2.73,2.70,0.0027,5744,81
T-Default-1x,228,0.698,2.52,2.50,0.0025,464,81
T-Default-1x,229,0.700,2.46,2.50,0.0025,464,81
T-Default-1x,230,0.702,2.30,2.29,0.0023,464,81
T-Default-1x,231,0.705,2.70,2.70,0.0027,5744,82
T-Default-1x,232,0.708,2.69,2.70,0.0027,464,82
T-Default-1x,233,0.710,2.32,2.31,0.0023,464,82
T-Default-1x,234,0.712,2.33,2.28,0.0023,464,82
T-Default-1x,235,0.715,2.95,2.99,0.0029,5744,83
T-Default-1x,236,0.718,2.21,2.20,0.0022,464,83
T-Default-1x,237,0.720,2.29,2.29,0.0023,464,83
T-Default-1x,238,0.722,2.33,2.30,0.0023,464,83
T-Default-1x,239,0.725,2.79,2.80,0.0028,5744,84
T-Default-1x,240,0.727,2.30,2.30,0.0023,464,84
T-Default-1x,241,0.730,2.29,2.30,0.0023,464,84
T-Default-1x,242,0.732,2.65,2.60,0.0027,464,84
T-Default-1x,243,0.735,2.89,2.91,0.0029,5744,85
T-Default-1x,244,0.738,2.46,2.49,0.0025,464,85
T-Default-1x,245,0.740,2.72,2.70,0.0027,464,85
T-Default-1x,246,0.743,2.38,2.39,0.0024,464,85
T-Default-1x,247,0.745,2.60,2.59,0.0026,5744,86
T-Default-1x,248,0.748,2.55,2.54,0.0026,464,86
T-Default-1x,249,0.750,2.47,2.48,0.0025,464,86
T-Default-1x,250,0.753,2.42,2.40,0.0024,464,86
T-Default-1x,251,0.755,2.70,2.70,0.0027,5744,87
T-Default-1x,252,0.758,2.48,2.49,0.0025,464,87
T-Default-1x,253,0.760,2.29,2.29,0.0023,464,87
T-Default-1x,254,0.763,2.41,2.40,0.0024,464,87
T-Default-1x,255,0.766,2.90,2.90,0.0029,5744,88
T-Default-1x,256,0.768,2.28,2.30,0.0023,464,88
T-Default-1x,257,0.770,2.29,2.29,0.0023,464,88
T-Default-1x,258,0.773,2.50,2.50,0.0025,464,88
T-Default-1x,259,0.775,2.63,2.60,0.0026,5744,89
T-Default-1x,260,0.778,2.28,2.29,0.0023,464,89
T-Default-1x,261,0.780,2.41,2.41,0.0024,464,89
T-Default-1x,262,0.782,2.56,2.58,0.0026,464,89
T-Default-1x,263,0.785,2.45,2.40,0.0024,5744,90
T-Default-1x,264,0.787,2.37,2.40,0.0024,464,90
T-Default-1x,265,0.790,2.52,2.50,0.0025,464,90
T-Default-1x,266,0.793,2.81,2.80,0.0028,464,90
T-Default-1x,267,0.796,2.91,2.90,0.0029,5744,91
T-Default-1x,268,0.798,2.52,2.58,0.0025,516,91
T-Default-1x,269,0.800,2.36,2.31,0.0024,464,91
T-Default-1x,270,0.803,2.51,2.51,0.0025,464,91
T-Default-1x,271,0.806,2.67,2.68,0.0027,5744,92
T-Default-1x,272,0.808,2.60,2.61,0.0026,464,92
T-Default-1x,273,0.811,2.53,2.50,0.0025,464,92
T-Default-1x,274,0.813,2.68,2.68,0.0027,5744,93
T-Default-1x,275,0.816,2.70,2.71,0.0027,464,93
T-Default-1x,276,0.819,2.48,2.50,0.0025,464,93
T-Default-1x,277,0.821,2.31,2.29,0.0023,464,93
T-Default-1x,278,0.824,2.92,2.90,0.0029,5744,94
T-Default-1x,279,0.826,2.27,2.30,0.0023,464,94
T-Default-1x,280,0.828,2.32,2.30,0.0023,464,94
T-Default-1x,281,0.831,2.53,2.50,0.0025,464,94
T-Default-1x,282,0.834,2.98,3.00,0.0030,5744,95
T-Default-1x,283,0.837,2.68,2.68,0.0027,464,95
T-Default-1x,284,0.839,2.51,2.51,0.0025,464,95
T-Default-1x,285,0.842,2.91,2.90,0.0029,464,95
T-Default-1x,286,0.845,3.13,3.11,0.0031,5744,96
T-Default-1x,287,0.848,2.70,2.69,0.0027,464,96
T-Default-1x,288,0.851,2.74,2.80,0.0027,464,96
T-Default-1x,289,0.853,2.41,2.39,0.0024,464,96
T-Default-1x,290,0.856,2.71,2.70,0.0027,5744,97
T-Default-1x,291,0.858,2.59,2.60,0.0026,464,97
T-Default-1x,292,0.861,2.43,2.40,0.0024,464,97
T-Default-1x,293,0.864,3.00,2.98,0.0030,5744,98
T-Default-1x,294,0.866,2.56,2.60,0.0026,464,98
T-Default-1x,295,0.869,2.29,2.29,0.0023,464,98
T-Default-1x,296,0.871,2.66,2.62,0.0027,464,98
T-Default-1x,297,0.874,3.19,3.20,0.0032,5744,99
T-Default-1x,298,0.877,2.48,2.49,0.0025,464,99
T-Default-1x,299,0.879,2.39,2.39,0.0024,464,99
T-Default-1x,300,0.882,2.73,2.71,0.0027,464,99
T-Default-1x,301,0.885,2.56,2.59,0.0026,5744,100
T-Default-1x,302,0.887,2.28,2.30,0.0023,464,100
T-Default-1x,303,0.889,2.46,2.42,0.0025,464,100
T-Default-1x,304,0.892,2.56,2.59,0.0026,464,100
T-Default-1x,305,0.895,2.84,2.81,0.0028,5744,101
T-Default-1x,306,0.897,2.70,2.70,0.0027,464,101
T-Default-1x,307,0.900,2.57,2.59,0.0026,464,101
T-Default-1x,308,0.902,2.42,2.40,0.0024,464,101
T-Default-1x,309,0.905,2.83,2.80,0.0028,5744,102
T-Default-1x,310,0.908,2.66,2.69,0.0027,464,102
T-Default-1x,311,0.910,2.39,2.39,0.0024,464,102
T-Default-1x,312,0.913,2.77,2.73,0.0028,464,102
T-Default-1x,313,0.917,3.42,3.39,0.0034,5744,103
T-Default-1x,314,0.919,2.74,2.78,0.0027,464,103
T-Default-1x,315,0.922,2.75,2.72,0.0027,464,103
T-Default-1x,316,0.925,3.37,3.38,0.0034,5744,104
T-Default-1x,317,0.928,3.11,3.09,0.0031,464,104
T-Default-1x,318,0.931,2.72,2.73,0.0027,464,104
T-Default-1x,319,0.934,2.97,2.96,0.0030,5744,105
T-Default-1x,320,0.937,2.70,2.72,0.0027,464,105
T-Default-1x,321,0.940,2.83,2.80,0.0028,464,105
T-Default-1x,322,0.942,2.67,2.70,0.0027,464,105
T-Default-1x,323,0.945,2.79,2.79,0.0028,5744,106
T-Default-1x,324,0.948,2.72,2.70,0.0027,464,106
T-Default-1x,325,0.950,2.60,2.60,0.0026,464,106
T-Default-1x,326,0.953,2.48,2.50,0.0025,464,106
T-Default-1x,327,0.956,2.68,2.70,0.0027,5744,107
T-Default-1x,328,0.958,2.62,2.60,0.0026,464,107
T-Default-1x,329,0.961,2.40,2.40,0.0024,464,107
T-Default-1x,330,0.963,2.61,2.60,0.0026,464,107
T-Default-1x,331,0.966,2.99,3.00,0.0030,5744,108
T-Default-1x,332,0.969,2.31,2.30,0.0023,464,108
T-Default-1x,333,0.971,2.39,2.40,0.0024,464,108
T-Default-1x,334,0.974,3.10,3.10,0.0031,5744,109
T-Default-1x,335,0.976,2.39,2.40,0.0024,464,109
T-Default-1x,336,0.979,2.40,2.41,0.0024,464,109
T-Default-1x,337,0.981,2.54,2.52,0.0025,464,109
T-Default-1x,338,0.984,2.86,2.88,0.0029,5744,110
T-Default-1x,339,0.987,2.54,2.50,0.0025,464,110
T-Default-1x,340,0.989,2.36,2.39,0.0024,464,110
T-Default-1x,341,0.992,2.63,2.63,0.0026,464,110
T-Default-1x,342,0.995,3.12,3.08,0.0031,5744,111
T-Default-1x,343,0.998,2.98,2.99,0.0030,464,111
T-Default-1x,344,1.000,2.58,2.59,0.0026,516,111
T-Default-1x,345,1.003,2.52,2.50,0.0025,464,111
T-Default-1x,346,1.006,3.01,2.99,0.0030,5744,112
T-Default-1x,347,1.009,2.86,2.90,0.0029,464,112
T-Default-1x,348,1.011,2.52,2.50,0.0025,464,112
T-Default-1x,349,1.014,2.85,2.83,0.0029,5744,113
T-Default-1x,350,1.017,2.54,2.57,0.0025,464,113
T-Default-1x,351,1.019,2.51,2.49,0.0025,464,113
T-Default-1x,352,1.022,2.48,2.49,0.0025,464,113
T-Default-1x,353,1.025,3.12,3.10,0.0031,5744,114
T-Default-1x,354,1.027,2.48,2.49,0.0025,464,114
T-Default-1x,355,1.030,2.51,2.51,0.0025,464,114
T-Default-1x,356,1.033,2.81,2.79,0.0028,464,114
T-Default-1x,357,1.035,2.82,2.81,0.0028,5744,115
T-Default-1x,358,1.038,2.46,2.48,0.0025,464,115
T-Default-1x,359,1.041,2.82,2.80,0.0028,464,115
T-Default-1x,360,1.044,2.80,2.79,0.0028,5744,116
T-Default-1x,361,1.046,2.48,2.50,0.0025,464,116
T-Default-1x,362,1.049,2.83,2.80,0.0028,464,116
T-Default-1x,363,1.051,2.48,2.49,0.0025,464,116
T-Default-1x,364,1.054,2.72,2.71,0.0027,5744,117
T-Default-1x,365,1.057,2.74,2.72,0.0027,464,117
T-Default-1x,366,1.059,2.53,2.56,0.0025,464,117
T-Default-1x,367,1.062,2.60,2.61,0.0026,464,117
T-Default-1x,368,1.065,2.91,2.90,0.0029,5744,118
T-Default-1x,369,1.067,2.48,2.50,0.0025,464,118
T-Default-1x,370,1.070,2.41,2.40,0.0024,464,118
T-Default-1x,371,1.072,2.38,2.40,0.0024,464,118
T-Default-1x,372,1.075,2.82,2.80,0.0028,5744,119
T-Default-1x,373,1.077,2.49,2.50,0.0025,464,119
T-Default-1x,374,1.080,2.52,2.50,0.0025,464,119
T-Default-1x,375,1.083,2.68,2.69,0.0027,464,119
T-Default-1x,376,1.085,2.70,2.71,0.0027,5744,120
T-Default-1x,377,1.088,2.48,2.49,0.0025,464,120
T-Default-1x,378,1.090,2.32,2.31,0.0023,464,120
T-Default-1x,379,1.093,2.50,2.49,0.0025,464,120
T-Default-1x,380,1.096,3.13,3.10,0.0031,5744,121
T-Default-1x,381,1.099,2.99,3.00,0.0030,464,121
T-Default-1x,382,1.101,2.51,2.51,0.0025,464,121
T-Default-1x,383,1.104,2.88,2.88,0.0029,5744,122
T-Default-1x,384,1.107,2.83,2.82,0.0028,464,122
T-Default-1x,385,1.109,2.47,2.48,0.0025,464,122
T-Default-1x,386,1.112,2.50,2.50,0.0025,464,122
T-Default-1x,387,1.115,3.02,3.00,0.0030,5744,123
T-Default-1x,388,1.118,2.68,2.70,0.0027,464,123
T-Default-1x,389,1.120,2.85,2.80,0.0028,464,123
T-Default-1x,390,1.123,2.89,2.89,0.0029,464,123
T-Default-1x,391,1.127,3.19,3.20,0.0032,5744,124
T-Default-1x,392,1.129,2.79,2.79,0.0028,464,124
T-Default-1x,393,1.132,3.02,3.00,0.0030,464,124
T-Default-1x,394,1.135,3.01,3.00,0.0030,5744,125
T-Default-1x,395,1.138,2.71,2.71,0.0027,464,125
T-Default-1x,396,1.141,2.98,2.99,0.0030,464,125
T-Default-1x,397,1.144,3.00,2.99,0.0030,5744,126
T-Default-1x,398,1.147,2.58,2.61,0.0026,464,126
T-Default-1x,399,1.150,2.93,2.90,0.0029,464,126
T-Default-1x,400,1.152,2.82,2.80,0.0028,464,126
T-Default-1x,401,1.156,3.28,3.29,0.0033,5744,127
T-Default-1x,402,1.159,3.10,3.10,0.0031,464,127
T-Default-1x,403,1.162,3.22,3.20,0.0032,464,127
T-Default-1x,404,1.166,3.62,3.59,0.0036,5744,128
T-Default-1x,405,1.169,3.17,3.20,0.0032,464,128
T-Default-1x,406,1.172,2.99,2.99,0.0030,464,128
T-Default-1x,407,1.175,3.38,3.40,0.0034,14064,129
T-Default-1x,408,1.178,2.59,2.59,0.0026,464,129
T-Default-1x,409,1.180,2.69,2.70,0.0027,464,129
T-Default-1x,410,1.183,2.82,2.80,0.0028,464,129
T-Default-1x,411,1.186,3.12,3.11,0.0031,5744,130
T-Default-1x,412,1.189,2.78,2.79,0.0028,464,130
T-Default-1x,413,1.192,3.32,3.29,0.0033,464,130
T-Default-1x,414,1.196,3.48,3.49,0.0035,5744,131
T-Default-1x,415,1.199,3.11,3.11,0.0031,464,131
T-Default-1x,416,1.202,2.69,2.69,0.0027,516,131
T-Default-1x,417,1.205,3.35,3.31,0.0034,5744,132
T-Default-1x,418,1.208,2.93,2.98,0.0029,464,132
T-Default-1x,419,1.211,2.82,2.81,0.0028,464,132
T-Default-1x,420,1.214,2.90,2.90,0.0029,5744,133
T-Default-1x,421,1.217,2.90,2.89,0.0029,464,133
T-Default-1x,422,1.219,2.69,2.70,0.0027,464,133
T-Default-1x,423,1.222,2.91,2.89,0.0029,464,133
T-Default-1x,424,1.226,3.40,3.41,0.0034,5744,134
T-Default-1x,425,1.228,2.69,2.69,0.0027,464,134
T-Default-1x,426,1.231,2.82,2.80,0.0028,464,134
T-Default-1x,427,1.234,3.08,3.09,0.0031,5744,135
T-Default-1x,428,1.237,2.60,2.60,0.0026,464,135
T-Default-1x,429,1.240,2.93,2.91,0.0029,464,135
T-Default-1x,430,1.243,2.89,2.90,0.0029,464,135
T-Default-1x,431,1.246,3.31,3.30,0.0033,5744,136
T-Default-1x,432,1.249,3.07,3.02,0.0031,464,136
T-Default-1x,433,1.252,2.92,2.97,0.0029,464,136
T-Default-1x,434,1.255,3.20,3.19,0.0032,5744,137
T-Default-1x,435,1.258,2.89,2.90,0.0029,464,137
T-Default-1x,436,1.261,2.62,2.61,0.0026,464,137
T-Default-1x,437,1.263,2.79,2.80,0.0028,464,137
T-Default-1x,438,1.267,3.19,3.20,0.0032,5744,138
T-Default-1x,439,1.269,2.80,2.79,0.0028,464,138
T-Default-1x,440,1.273,3.13,3.11,0.0031,464,138
T-Default-1x,441,1.276,3.28,3.29,0.0033,5744,139
T-Default-1x,442,1.279,2.91,2.89,0.0029,464,139
T-Default-1x,443,1.282,2.80,2.81,0.0028,464,139
T-Default-1x,444,1.285,3.09,3.09,0.0031,5744,140
T-Default-1x,445,1.287,2.69,2.70,0.0027,464,140
T-Default-1x,446,1.290,2.92,2.89,0.0029,464,140
T-Default-1x,447,1.293,2.68,2.70,0.0027,464,140
T-Default-1x,448,1.296,3.01,3.00,0.0030,5744,141
T-Default-1x,449,1.299,3.01,3.00,0.0030,464,141
T-Default-1x,450,1.302,2.71,2.70,0.0027,464,141
T-Default-1x,451,1.305,3.17,3.19,0.0032,5744,142
T-Default-1x,452,1.308,2.92,2.91,0.0029,464,142
T-Default-1x,453,1.310,2.70,2.70,0.0027,464,142
T-Default-1x,454,1.313,2.46,2.49,0.0025,464,142
T-Default-1x,455,1.316,3.23,3.21,0.0032,5744,143
T-Default-1x,456,1.319,2.69,2.69,0.0027,464,143
T-Default-1x,457,1.321,2.49,2.50,0.0025,464,143
T-Default-1x,458,1.325,3.23,3.20,0.0032,5744,144
T-Default-1x,459,1.327,2.69,2.72,0.0027,464,144
T-Default-1x,460,1.330,2.48,2.49,0.0025,464,144
T-Default-1x,461,1.333,2.92,2.89,0.0029,464,144
T-Default-1x,462,1.336,3.12,3.11,0.0031,5744,145
T-Default-1x,463,1.338,2.55,2.58,0.0026,464,145
T-Default-1x,464,1.341,2.72,2.71,0.0027,464,145
T-Default-1x,465,1.344,3.02,3.00,0.0030,5744,146
T-Default-1x,466,1.347,2.58,2.60,0.0026,464,146
T-Default-1x,467,1.350,3.23,3.20,0.0032,464,146
T-Default-1x,468,1.353,2.79,2.79,0.0028,464,146
T-Default-1x,469,1.356,2.99,3.02,0.0030,5744,147
T-Default-1x,470,1.359,2.88,2.88,0.0029,464,147
T-Default-1x,471,1.361,2.71,2.71,0.0027,464,147
T-Default-1x,472,1.364,3.02,2.98,0.0030,5744,148
T-Default-1x,473,1.367,3.09,3.10,0.0031,464,148
T-Default-1x,474,1.371,3.20,3.20,0.0032,464,148
T-Default-1x,475,1.373,2.90,2.90,0.0029,464,148
T-Default-1x,476,1.377,3.22,3.20,0.0032,5744,149
T-Default-1x,477,1.379,2.66,2.70,0.0027,464,149
T-Default-1x,478,1.382,2.91,2.89,0.0029,464,149
T-Default-1x,479,1.385,3.13,3.11,0.0031,5744,150
T-Default-1x,480,1.388,2.54,2.59,0.0025,464,150
T-Default-1x,481,1.391,2.84,2.82,0.0028,464,150
T-Default-1x,482,1.394,3.30,3.29,0.0033,5744,151
T-Default-1x,483,1.397,2.68,2.71,0.0027,464,151
T-Default-1x,484,1.400,2.82,2.79,0.0028,464,151
T-Default-1x,485,1.402,2.90,2.90,0.0029,516,151
T-Default-1x,486,1.406,3.07,3.08,0.0031,5744,152
T-Default-1x,487,1.408,2.93,2.92,0.0029,464,152
T-Default-1x,488,1.412,3.24,3.21,0.0032,464,152
T-Default-1x,489,1.415,3.37,3.39,0.0034,5744,153
T-Default-1x,490,1.418,2.77,2.80,0.0028,464,153
T-Default-1x,491,1.421,2.81,2.80,0.0028,464,153
T-Default-1x,492,1.424,2.92,2.91,0.0029,464,153
T-Default-1x,493,1.427,3.10,3.09,0.0031,5744,154
T-Default-1x,494,1.429,2.66,2.69,0.0027,464,154
T-Default-1x,495,1.432,2.90,2.90,0.0029,464,154
T-Default-1x,496,1.435,3.12,3.11,0.0031,5744,155
T-Default-1x,497,1.438,2.56,2.59,0.0026,464,155
T-Default-1x,498,1.441,2.92,2.90,0.0029,464,155
T-Default-1x,499,1.444,3.11,3.10,0.0031,5744,156
T-Default-1x,500,1.447,2.57,2.59,0.0026,464,156
T-Default-1x,501,1.449,2.93,2.90,0.0029,464,156
T-Default-1x,502,1.452,3.02,2.99,0.0030,464,156
T-Default-1x,503,1.456,3.37,3.41,0.0034,5744,157
T-Default-1x,504,1.459,2.90,2.90,0.0029,464,157
T-Default-1x,505,1.462,3.01,2.99,0.0030,464,157
T-Default-1x,506,1.465,3.20,3.20,0.0032,5744,158
T-Default-1x,507,1.468,2.89,2.90,0.0029,464,158
T-Default-1x,508,1.471,2.70,2.70,0.0027,464,158
T-Default-1x,509,1.474,2.95,2.91,0.0029,464,158
T-Default-1x,510,1.477,3.16,3.18,0.0032,5744,159
T-Default-1x,511,1.479,2.70,2.70,0.0027,464,159
T-Default-1x,512,1.482,2.89,2.90,0.0029,464,159
T-Default-1x,513,1.485,3.02,3.00,0.0030,5744,160
T-Default-1x,514,1.488,2.58,2.60,0.0026,464,160
T-Default-1x,515,1.491,2.91,2.90,0.0029,464,160
T-Default-1x,516,1.494,3.21,3.20,0.0032,5744,161
T-Default-1x,517,1.497,2.91,2.90,0.0029,464,161
T-Default-1x,518,1.500,2.77,2.79,0.0028,464,161
T-Default-1x,519,1.502,2.80,2.79,0.0028,464,161
T-Default-1x,520,1.506,3.10,3.10,0.0031,5744,162
T-Default-1x,521,1.509,2.98,2.98,0.0030,464,162
T-Default-1x,522,1.511,2.64,2.61,0.0026,464,162
T-Default-1x,523,1.514,3.12,3.11,0.0031,5744,163
T-Default-1x,524,1.517,2.98,2.99,0.0030,464,163
T-Default-1x,525,1.520,3.09,3.09,0.0031,464,163
T-Default-1x,526,1.523,3.04,3.01,0.0030,464,163
T-Default-1x,527,1.527,3.28,3.29,0.0033,5744,164
T-Default-1x,528,1.529,2.66,2.70,0.0027,464,164
T-Default-1x,529,1.532,3.04,3.01,0.0030,464,164
T-Default-1x,530,1.536,3.29,3.29,0.0033,5744,165
T-Default-1x,531,1.538,2.78,2.80,0.0028,464,165
T-Default-1x,532,1.541,2.81,2.80,0.0028,464,165
T-Default-1x,533,1.544,2.99,2.99,0.0030,5744,166
T-Default-1x,534,1.547,2.74,2.70,0.0027,464,166
T-Default-1x,535,1.550,3.07,3.10,0.0031,464,166
T-Default-1x,536,1.553,2.90,2.90,0.0029,464,166
T-Default-1x,537,1.556,3.21,3.20,0.0032,5744,167
T-Default-1x,538,1.559,2.80,2.81,0.0028,464,167
T-Default-1x,539,1.562,2.78,2.79,0.0028,464,167
T-Default-1x,540,1.565,3.01,2.99,0.0030,5744,168
T-Default-1x,541,1.568,2.79,2.80,0.0028,464,168
T-Default-1x,542,1.570,2.80,2.80,0.0028,464,168
T-Default-1x,543,1.573,2.81,2.80,0.0028,464,168
T-Default-1x,544,1.576,3.31,3.30,0.0033,5744,169
T-Default-1x,545,1.579,3.01,3.00,0.0030,464,169
T-Default-1x,546,1.582,2.98,2.98,0.0030,464,169
T-Default-1x,547,1.586,3.09,3.11,0.0031,5744,170
T-Default-1x,548,1.588,2.58,2.60,0.0026,464,170
T-Default-1x,549,1.591,3.02,3.01,0.0030,464,170
T-Default-1x,550,1.594,3.20,3.20,0.0032,5744,171
T-Default-1x,551,1.597,2.59,2.62,0.0026,464,171
T-Default-1x,552,1.600,2.90,2.88,0.0029,464,171
T-Default-1x,553,1.603,2.69,2.69,0.0027,516,171
T-Default-1x,554,1.606,3.10,3.10,0.0031,5744,172
T-Default-1x,555,1.609,3.00,3.00,0.0030,464,172
T-Default-1x,556,1.612,2.91,2.89,0.0029,464,172
T-Default-1x,557,1.615,3.21,3.20,0.0032,5744,173
T-Default-1x,558,1.618,2.89,2.89,0.0029,464,173
T-Default-1x,559,1.621,3.01,3.01,0.0030,464,173
T-Default-1x,560,1.624,3.19,3.19,0.0032,464,173
T-Default-1x,561,1.627,3.00,2.99,0.0030,5744,174
T-Default-1x,562,1.630,2.69,2.71,0.0027,464,174
T-Default-1x,563,1.633,3.02,2.99,0.0030,464,174
T-Default-1x,564,1.636,3.30,3.30,0.0033,5744,175
T-Default-1x,565,1.639,2.78,2.80,0.0028,464,175
T-Default-1x,566,1.642,2.90,2.90,0.0029,464,175
T-Default-1x,567,1.645,3.32,3.30,0.0033,5744,176
T-Default-1x,568,1.648,2.90,2.90,0.0029,464,176
T-Default-1x,569,1.651,2.90,2.90,0.0029,464,176
T-Default-1x,570,1.654,2.88,2.89,0.0029,464,176
T-Default-1x,571,1.657,3.12,3.11,0.0031,5744,177
T-Default-1x,572,1.660,3.11,3.09,0.0031,464,177
T-Default-1x,573,1.663,2.98,3.01,0.0030,464,177
T-Default-1x,574,1.666,3.30,3.30,0.0033,5788,178
T-Default-1x,575,1.669,2.90,2.90,0.0029,464,178
T-Default-1x,576,1.672,2.68,2.69,0.0027,464,178
T-Default-1x,577,1.675,3.42,3.40,0.0034,12920,179
T-Default-1x,578,1.678,2.69,2.69,0.0027,464,179
T-Default-1x,579,1.680,2.71,2.71,0.0027,464,179
T-Default-1x,580,1.683,2.92,2.89,0.0029,464,179
T-Default-1x,581,1.686,3.09,3.10,0.0031,5744,180
T-Default-1x,582,1.689,3.02,3.00,0.0030,464,180
T-Default-1x,583,1.692,2.86,2.89,0.0029,464,180
T-Default-1x,584,1.696,3.23,3.21,0.0032,5744,181
T-Default-1x,585,1.699,3.03,3.00,0.0030,464,181
T-Default-1x,586,1.702,2.98,2.99,0.0030,464,181
T-Default-1x,587,1.705,3.36,3.39,0.0034,5744,182
T-Default-1x,588,1.708,3.02,3.02,0.0030,464,182
T-Default-1x,589,1.711,2.93,2.90,0.0029,464,182
T-Default-1x,590,1.714,3.06,3.08,0.0031,5744,183
T-Default-1x,591,1.717,2.91,2.91,0.0029,464,183
T-Default-1x,592,1.720,2.80,2.79,0.0028,464,183
T-Default-1x,593,1.723,3.01,3.00,0.0030,464,183
T-Default-1x,594,1.726,3.07,3.08,0.0031,5744,184
T-Default-1x,595,1.729,2.81,2.80,0.0028,464,184
T-Default-1x,596,1.731,2.82,2.80,0.0028,464,184
T-Default-1x,597,1.735,3.22,3.19,0.0032,5744,185
T-Default-1x,598,1.737,2.85,2.90,0.0028,464,185
T-Default-1x,599,1.740,2.95,2.91,0.0029,464,185
T-Default-1x,600,1.743,3.09,3.08,0.0031,464,185
T-Default-1x,601,1.747,3.23,3.22,0.0032,5744,186
T-Default-1x,602,1.750,3.05,3.08,0.0031,464,186
T-Default-1x,603,1.753,2.81,2.79,0.0028,464,186
T-Default-1x,604,1.756,3.23,3.21,0.0032,5744,187
T-Default-1x,605,1.759,2.86,2.89,0.0029,464,187
T-Default-1x,606,1.761,2.81,2.80,0.0028,464,187
T-Default-1x,607,1.765,3.10,3.09,0.0031,5744,188
T-Default-1x,608,1.767,2.89,2.90,0.0029,464,188
T-Default-1x,609,1.770,2.68,2.68,0.0027,464,188
T-Default-1x,610,1.773,2.93,2.90,0.0029,464,188
T-Default-1x,611,1.776,3.20,3.21,0.0032,5744,189
T-Default-1x,612,1.779,2.80,2.81,0.0028,464,189
T-Default-1x,613,1.782,3.02,3.00,0.0030,464,189
T-Default-1x,614,1.785,3.39,3.39,0.0034,5744,190
T-Default-1x,615,1.788,2.89,2.89,0.0029,464,190
T-Default-1x,616,1.791,3.12,3.11,0.0031,464,190
T-Default-1x,617,1.795,3.29,3.29,0.0033,5744,191
T-Default-1x,618,1.798,3.01,3.01,0.0030,464,191
T-Default-1x,619,1.801,2.89,2.90,0.0029,464,191
T-Default-1x,620,1.803,2.80,2.79,0.0028,516,191
T-Default-1x,621,1.807,3.21,3.20,0.0032,5744,192
T-Default-1x,622,1.810,2.88,2.89,0.0029,464,192
T-Default-1x,623,1.812,2.93,2.91,0.0029,464,192
T-Default-1x,624,1.816,3.38,3.39,0.0034,5744,193
T-Default-1x,625,1.819,2.87,2.89,0.0029,464,193
T-Default-1x,626,1.822,2.81,2.80,0.0028,464,193
T-Default-1x,627,1.825,3.41,3.39,0.0034,5744,194
T-Default-1x,628,1.828,3.01,3.00,0.0030,464,194
T-Default-1x,629,1.831,2.78,2.80,0.0028,464,194
T-Default-1x,630,1.834,3.31,3.30,0.0033,5744,195
T-Default-1x,631,1.837,2.93,2.90,0.0029,464,195
T-Default-1x,632,1.840,3.24,3.22,0.0032,464,195
T-Default-1x,633,1.843,3.06,3.09,0.0031,464,195
T-Default-1x,634,1.847,3.38,3.39,0.0034,5744,196
T-Default-1x,635,1.850,3.30,3.30,0.0033,464,196
T-Default-1x,636,1.853,3.00,2.99,0.0030,464,196
T-Default-1x,637,1.856,3.32,3.30,0.0033,5744,197
T-Default-1x,638,1.859,3.07,3.08,0.0031,464,197
T-Default-1x,639,1.862,3.00,3.00,0.0030,464,197
T-Default-1x,640,1.866,3.32,3.31,0.0033,5744,198
T-Default-1x,641,1.869,3.28,3.29,0.0033,464,198
T-Default-1x,642,1.872,3.10,3.10,0.0031,464,198
T-Default-1x,643,1.876,3.55,3.50,0.0036,5744,199
T-Default-1x,644,1.879,3.30,3.30,0.0033,464,199
T-Default-1x,645,1.882,3.12,3.10,0.0031,464,199
T-Default-1x,646,1.885,3.25,3.28,0.0033,5744,200
T-Default-1x,647,1.888,2.89,2.88,0.0029,464,200
T-Default-1x,648,1.891,3.22,3.22,0.0032,464,200
T-Default-1x,649,1.895,3.17,3.18,0.0032,5744,201
T-Default-1x,650,1.897,2.94,2.92,0.0029,464,201
T-Default-1x,651,1.901,3.06,3.09,0.0031,464,201
T-Default-1x,652,1.903,2.92,2.90,0.0029,464,201
T-Default-1x,653,1.907,3.41,3.40,0.0034,5744,202
T-Default-1x,654,1.910,3.09,3.09,0.0031,464,202
T-Default-1x,655,1.913,3.09,3.10,0.0031,464,202
T-Default-1x,656,1.917,3.50,3.51,0.0035,5744,203
T-Default-1x,657,1.919,2.78,2.79,0.0028,464,203
T-Default-1x,658,1.922,2.71,2.71,0.0027,464,203
T-Default-1x,659,1.925,3.41,3.40,0.0034,5744,204
T-Default-1x,660,1.928,3.03,3.00,0.0030,464,204
T-Default-1x,661,1.932,3.10,3.09,0.0031,464,204
T-Default-1x,662,1.935,3.40,3.41,0.0034,5744,205
T-Default-1x,663,1.938,2.97,2.98,0.0030,464,205
T-Default-1x,664,1.941,3.22,3.21,0.0032,464,205
T-Default-1x,665,1.944,3.07,3.08,0.0031,5744,206
T-Default-1x,666,1.947,2.90,2.91,0.0029,464,206
T-Default-1x,667,1.950,3.11,3.09,0.0031,464,206
T-Default-1x,668,1.953,3.21,3.20,0.0032,464,206
T-Default-1x,669,1.957,3.43,3.41,0.0034,5744,207
T-Default-1x,670,1.960,2.98,3.00,0.0030,464,207
T-Default-1x,671,1.963,2.99,2.99,0.0030,464,207
T-Default-1x,672,1.966,3.40,3.40,0.0034,5744,208
T-Default-1x,673,1.969,2.78,2.79,0.0028,464,208
T-Default-1x,674,1.972,2.79,2.80,0.0028,464,208
T-Default-1x,675,1.975,3.23,3.21,0.0032,5744,209
T-Default-1x,676,1.978,3.09,3.09,0.0031,464,209
T-Default-1x,677,1.981,3.01,3.00,0.0030,464,209
T-Default-1x,678,1.984,3.29,3.30,0.0033,5744,210
T-Default-1x,679,1.987,2.88,2.89,0.0029,464,210
T-Default-1x,680,1.991,3.41,3.20,0.0034,464,210
T-Default-1x,681,1.994,3.55,3.70,0.0036,5744,211
T-Default-1x,682,1.997,3.17,3.20,0.0032,464,211
T-Default-1x,683,2.001,3.19,3.20,0.0032,464,211
T-Default-1x,684,2.004,3.11,3.09,0.0031,516,211
T-Default-1x,685,2.007,3.59,3.60,0.0036,5744,212
T-Default-1x,686,2.010,3.02,3.01,0.0030,464,212
T-Default-1x,687,2.013,2.75,2.78,0.0028,464,212
T-Default-1x,688,2.016,3.32,3.31,0.0033,5744,213
T-Default-1x,689,2.019,2.99,2.99,0.0030,464,213
T-Default-1x,690,2.022,2.90,2.90,0.0029,464,213
T-Default-1x,691,2.026,3.53,3.51,0.0035,5744,214
T-Default-1x,692,2.029,3.10,3.10,0.0031,464,214
T-Default-1x,693,2.032,3.21,3.21,0.0032,464,214
T-Default-1x,694,2.036,3.62,3.60,0.0036,5744,215
T-Default-1x,695,2.039,3.53,3.50,0.0035,464,215
T-Default-1x,696,2.043,3.27,3.29,0.0033,464,215
T-Default-1x,697,2.046,3.61,3.60,0.0036,5744,216
T-Default-1x,698,2.050,3.40,3.40,0.0034,464,216
T-Default-1x,699,2.053,3.17,3.19,0.0032,464,216
T-Default-1x,700,2.056,3.30,3.30,0.0033,5744,217
T-Default-1x,701,2.059,3.20,3.20,0.0032,464,217
T-Default-1x,702,2.063,3.52,3.51,0.0035,464,217
T-Default-1x,703,2.067,3.77,3.79,0.0038,5744,218
T-Default-1x,704,2.070,2.97,2.99,0.0030,464,218
T-Default-1x,705,2.073,3.13,3.11,0.0031,464,218
T-Default-1x,706,2.076,3.59,3.58,0.0036,5744,219
T-Default-1x,707,2.080,3.43,3.42,0.0034,464,219
T-Default-1x,708,2.083,3.28,3.29,0.0033,464,219
T-Default-1x,709,2.086,3.27,3.29,0.0033,5744,220
T-Default-1x,710,2.089,3.02,3.00,0.0030,464,220
T-Default-1x,711,2.093,3.29,3.30,0.0033,464,220
T-Default-1x,712,2.096,3.45,3.40,0.0034,5744,221
T-Default-1x,713,2.099,3.39,3.39,0.0034,464,221
T-Default-1x,714,2.102,2.93,2.98,0.0029,464,221
T-Default-1x,715,2.106,3.44,3.42,0.0034,5744,222
T-Default-1x,716,2.109,2.96,2.98,0.0030,464,222
T-Default-1x,717,2.112,3.26,3.21,0.0033,464,222
T-Default-1x,718,2.116,3.68,3.70,0.0037,5744,223
T-Default-1x,719,2.119,3.19,3.19,0.0032,464,223
T-Default-1x,720,2.122,2.88,2.90,0.0029,464,223
T-Default-1x,721,2.125,3.64,3.61,0.0036,5744,224
T-Default-1x,722,2.128,3.10,3.09,0.0031,464,224
T-Default-1x,723,2.132,3.18,3.19,0.0032,464,224
T-Default-1x,724,2.135,3.40,3.39,0.0034,5744,225
T-Default-1x,725,2.138,3.12,3.11,0.0031,464,225
T-Default-1x,726,2.141,3.31,3.30,0.0033,464,225
T-Default-1x,727,2.145,3.18,3.19,0.0032,5788,226
T-Default-1x,728,2.148,3.30,3.30,0.0033,464,226
T-Default-1x,729,2.151,3.31,3.30,0.0033,464,226
T-Default-1x,730,2.154,3.20,3.20,0.0032,464,226
T-Default-1x,731,2.158,3.27,3.30,0.0033,464,226
T-Default-1x,732,2.161,3.02,3.00,0.0030,464,226
T-Default-1x,733,2.164,2.97,2.99,0.0030,464,226
T-Default-1x,734,2.167,3.21,3.20,0.0032,464,226
T-Default-1x,735,2.170,3.10,3.10,0.0031,464,226
T-Default-1x,736,2.173,3.10,3.09,0.0031,464,226
T-Default-1x,737,2.176,3.09,3.10,0.0031,464,226
T-Default-1x,738,2.180,3.44,3.41,0.0034,464,226
T-Default-1x,739,2.183,3.67,3.69,0.0037,464,226
T-Default-1x,740,2.187,3.21,3.20,0.0032,464,226
T-Default-1x,741,2.190,3.21,3.20,0.0032,464,226
T-Default-1x,742,2.193,3.19,3.20,0.0032,464,226
T-Default-1x,743,2.196,3.21,3.20,0.0032,464,226
T-Default-1x,744,2.199,3.29,3.29,0.0033,464,226
T-Default-1x,745,2.202,3.00,2.99,0.0030,464,226
T-Default-1x,746,2.205,2.88,2.91,0.0029,516,226
T-Default-1x,747,2.209,3.21,3.20,0.0032,464,226
T-Default-1x,748,2.212,3.20,3.20,0.0032,464,226
T-Default-1x,749,2.215,3.31,3.30,0.0033,464,226
T-Default-1x,750,2.218,2.98,2.99,0.0030,464,226
T-Default-1x,751,2.221,2.87,2.89,0.0029,464,226
T-Default-1x,752,2.224,3.22,3.20,0.0032,464,226
T-Default-1x,753,2.227,2.99,3.01,0.0030,464,226
T-Default-1x,754,2.230,2.68,2.69,0.0027,464,226
T-Default-1x,755,2.233,2.93,2.90,0.0029,464,226
T-Default-1x,756,2.236,3.20,3.20,0.0032,464,226
T-Default-1x,757,2.239,2.90,2.89,0.0029,464,226
T-Default-1x,758,2.242,3.08,3.11,0.0031,464,226
T-Default-1x,759,2.245,2.91,2.90,0.0029,464,226
T-Default-1x,760,2.248,3.13,3.10,0.0031,464,226
T-Default-1x,761,2.251,3.07,3.10,0.0031,464,226
T-Default-1x,762,2.254,2.91,2.90,0.0029,464,226
T-Default-1x,763,2.257,3.30,3.30,0.0033,464,226
T-Default-1x,764,2.260,2.89,2.90,0.0029,464,226
T-Default-1x,765,2.263,2.92,2.90,0.0029,464,226
T-Default-1x,766,2.266,3.28,3.29,0.0033,464,226
T-Default-1x,767,2.269,2.89,2.90,0.0029,464,226
T-Default-1x,768,2.272,3.00,3.01,0.0030,464,226
T-Default-1x,769,2.275,3.22,3.20,0.0032,464,226
T-Default-1x,770,2.279,3.12,3.10,0.0031,464,226
T-Default-1x,771,2.282,3.08,3.09,0.0031,464,226
T-Default-1x,772,2.285,3.11,3.10,0.0031,464,226
T-Default-1x,773,2.288,2.98,2.99,0.0030,464,226
T-Default-1x,774,2.291,3.25,3.21,0.0033,464,226
T-Default-1x,775,2.294,3.06,3.09,0.0031,464,226
T-Default-1x,776,2.297,2.89,2.90,0.0029,464,226
T-Default-1x,777,2.300,3.00,2.99,0.0030,464,226
T-Default-1x,778,2.303,3.10,3.11,0.0031,464,226
T-Default-1x,779,2.306,3.05,3.01,0.0030,464,226
T-Default-1x,780,2.309,3.16,3.19,0.0032,464,226
T-Default-1x,781,2.312,3.11,3.09,0.0031,464,226
T-Default-1x,782,2.316,3.17,3.20,0.0032,464,226
T-Default-1x,783,2.319,3.18,3.17,0.0032,464,226
T-Default-1x,784,2.322,2.91,2.92,0.0029,464,226
T-Default-1x,785,2.325,3.10,3.10,0.0031,464,226
T-Default-1x,786,2.328,2.94,2.91,0.0029,464,226
T-Default-1x,787,2.331,3.08,3.10,0.0031,464,226
T-Default-1x,788,2.334,3.20,3.19,0.0032,464,226
T-Default-1x,789,2.337,2.89,2.89,0.0029,464,226
T-Default-1x,790,2.340,3.14,3.09,0.0031,464,226
T-Default-1x,791,2.343,2.96,3.00,0.0030,464,226
T-Default-1x,792,2.346,2.91,2.91,0.0029,464,226
T-Default-1x,793,2.349,3.19,3.19,0.0032,464,226
T-Default-1x,794,2.352,3.11,3.09,0.0031,464,226
T-Default-1x,795,2.355,3.09,3.10,0.0031,464,226
T-Default-1x,796,2.358,3.12,3.11,0.0031,464,226
T-Default-1x,797,2.361,3.08,3.09,0.0031,464,226
T-Default-1x,798,2.365,3.13,3.11,0.0031,464,226
T-Default-1x,799,2.368,3.06,3.08,0.0031,464,226
T-Default-1x,800,2.371,2.89,2.90,0.0029,464,226
T-Default-1x,801,2.374,3.22,3.20,0.0032,464,226
T-Default-1x,802,2.377,3.00,3.00,0.0030,464,226
T-Default-1x,803,2.380,2.86,2.89,0.0029,464,226
T-Default-1x,804,2.383,3.24,3.21,0.0032,464,226
T-Default-1x,805,2.386,2.87,2.88,0.0029,464,226
T-Default-1x,806,2.389,2.91,2.91,0.0029,464,226
T-Default-1x,807,2.392,3.11,3.11,0.0031,464,226
T-Default-1x,808,2.395,3.01,3.00,0.0030,464,226
T-Default-1x,809,2.398,3.10,3.09,0.0031,464,226
T-Default-1x,810,2.401,3.10,3.11,0.0031,464,226
T-Default-1x,811,2.404,2.97,2.98,0.0030,464,226
T-Default-1x,812,2.407,3.22,3.21,0.0032,516,226
T-Default-1x,813,2.410,2.91,2.89,0.0029,464,226
T-Default-1x,814,2.413,2.86,2.89,0.0029,464,226
T-Default-1x,815,2.416,3.12,3.10,0.0031,464,226
T-Default-1x,816,2.419,2.90,2.90,0.0029,464,226
T-Default-1x,817,2.422,2.80,2.81,0.0028,464,226
T-Default-1x,818,2.425,3.00,2.99,0.0030,464,226
T-Default-1x,819,2.428,2.91,2.90,0.0029,464,226
T-Default-1x,820,2.431,3.09,3.10,0.0031,464,226
T-Default-1x,821,2.434,3.21,3.20,0.0032,464,226
T-Default-1x,822,2.437,2.98,3.00,0.0030,464,226
T-Default-1x,823,2.440,3.16,3.11,0.0032,464,226
T-Default-1x,824,2.443,3.07,3.09,0.0031,464,226
T-Default-1x,825,2.446,2.86,2.89,0.0029,464,226
T-Default-1x,826,2.449,3.12,3.10,0.0031,464,226
T-Default-1x,827,2.452,2.90,2.91,0.0029,464,226
T-Default-1x,828,2.455,2.77,2.78,0.0028,464,226
T-Default-1x,829,2.458,3.03,3.01,0.0030,464,226
T-Default-1x,830,2.461,2.91,2.90,0.0029,464,226
T-Default-1x,831,2.464,2.99,3.00,0.0030,464,226
T-Default-1x,832,2.467,3.10,3.10,0.0031,464,226
T-Default-1x,833,2.470,2.90,2.89,0.0029,464,226
T-Default-1x,834,2.473,3.01,2.99,0.0030,464,226
T-Default-1x,835,2.476,3.21,3.22,0.0032,464,226
T-Default-1x,836,2.479,3.31,3.29,0.0033,464,226
T-Default-1x,837,2.483,3.31,3.32,0.0033,464,226
T-Default-1x,838,2.486,3.07,3.08,0.0031,464,226
T-Default-1x,839,2.489,2.89,2.90,0.0029,464,226
T-Default-1x,840,2.491,2.90,2.90,0.0029,464,226
T-Default-1x,841,2.494,2.69,2.69,0.0027,464,226
T-Default-1x,842,2.497,3.03,3.01,0.0030,464,226
T-Default-1x,843,2.500,3.31,3.31,0.0033,464,226
T-Default-1x,844,2.504,3.19,3.19,0.0032,464,226
T-Default-1x,845,2.507,2.98,3.01,0.0030,464,226
T-Default-1x,846,2.510,2.89,2.89,0.0029,464,226
T-Default-1x,847,2.512,2.92,2.89,0.0029,464,226
T-Default-1x,848,2.516,3.11,3.11,0.0031,464,226
T-Default-1x,849,2.519,3.16,3.18,0.0032,464,226
T-Default-1x,850,2.522,2.81,2.81,0.0028,464,226
T-Default-1x,851,2.525,3.12,3.11,0.0031,464,226
T-Default-1x,852,2.528,3.04,3.00,0.0030,464,226
T-Default-1x,853,2.531,3.10,3.10,0.0031,464,226
T-Default-1x,854,2.534,3.19,3.21,0.0032,464,226
T-Default-1x,855,2.537,3.07,3.08,0.0031,464,226
T-Default-1x,856,2.540,3.32,3.31,0.0033,464,226
T-Default-1x,857,2.543,3.00,3.00,0.0030,464,226
T-Default-1x,858,2.546,2.77,2.78,0.0028,464,226
T-Default-1x,859,2.549,3.22,3.21,0.0032,464,226
T-Default-1x,860,2.552,2.89,2.89,0.0029,464,226
T-Default-1x,861,2.555,2.80,2.81,0.0028,464,226
T-Default-1x,862,2.558,3.10,3.09,0.0031,464,226
T-Default-1x,863,2.561,2.81,2.80,0.0028,464,226
T-Default-1x,864,2.564,3.04,3.01,0.0030,464,226
T-Default-1x,865,2.567,2.96,3.00,0.0030,464,226
T-Default-1x,866,2.570,2.86,2.88,0.0029,464,226
T-Default-1x,867,2.573,2.95,2.91,0.0030,464,226
T-Default-1x,868,2.576,3.08,3.11,0.0031,464,226
T-Default-1x,869,2.579,3.00,2.99,0.0030,464,226
T-Default-1x,870,2.582,3.21,3.21,0.0032,464,226
T-Default-1x,871,2.585,2.88,2.90,0.0029,464,226
T-Default-1x,872,2.588,2.78,2.79,0.0028,464,226
T-Default-1x,873,2.591,3.02,3.00,0.0030,464,226
T-Default-1x,874,2.594,3.32,3.30,0.0033,464,226
T-Default-1x,875,2.597,2.99,3.00,0.0030,464,226
T-Default-1x,876,2.600,3.11,3.10,0.0031,464,226
T-Default-1x,877,2.603,3.21,3.20,0.0032,464,226
T-Default-1x,878,2.607,3.20,3.20,0.0032,464,226
T-Default-1x,879,2.610,3.18,3.19,0.0032,516,226
T-Default-1x,880,2.613,3.00,3.00,0.0030,464,226
T-Default-1x,881,2.616,3.19,3.19,0.0032,464,226
T-Default-1x,882,2.619,2.78,2.80,0.0028,464,226
T-Default-1x,883,2.622,2.80,2.81,0.0028,464,226
T-Default-1x,884,2.625,3.23,3.21,0.0032,464,226
T-Default-1x,885,2.628,2.90,2.89,0.0029,464,226
T-Default-1x,886,2.631,2.89,2.89,0.0029,464,226
T-Default-1x,887,2.634,3.19,3.20,0.0032,464,226
T-Default-1x,888,2.637,3.01,2.99,0.0030,464,226
T-Default-1x,889,2.640,3.10,3.10,0.0031,464,226
T-Default-1x,890,2.643,3.17,3.20,0.0032,464,226
T-Default-1x,891,2.646,2.81,2.80,0.0028,464,226
T-Default-1x,892,2.649,3.22,3.21,0.0032,464,226
T-Default-1x,893,2.652,3.00,2.99,0.0030,464,226
T-Default-1x,894,2.655,2.87,2.90,0.0029,464,226
T-Default-1x,895,2.658,3.12,3.10,0.0031,464,226
T-Default-1x,896,2.661,3.01,3.00,0.0030,464,226
T-Default-1x,897,2.664,3.00,3.00,0.0030,464,226
T-Default-1x,898,2.667,3.10,3.09,0.0031,464,226
T-Default-1x,899,2.670,2.99,3.00,0.0030,464,226
T-Default-1x,900,2.673,3.25,3.22,0.0033,464,226
T-Default-1x,901,2.676,2.94,2.98,0.0029,464,226
T-Default-1x,902,2.679,2.91,2.90,0.0029,464,226
T-Default-1x,903,2.682,3.20,3.20,0.0032,464,226
T-Default-1x,904,2.685,2.91,2.90,0.0029,464,226
T-Default-1x,905,2.688,2.77,2.79,0.0028,464,226
T-Default-1x,906,2.691,3.03,3.01,0.0030,464,226
T-Default-1x,907,2.694,3.00,3.00,0.0030,464,226
T-Default-1x,908,2.697,3.20,3.19,0.0032,464,226
T-Default-1x,909,2.700,3.08,3.09,0.0031,464,226
T-Default-1x,910,2.704,3.14,3.11,0.0031,464,226
T-Default-1x,911,2.707,3.23,3.21,0.0032,464,226
T-Default-1x,912,2.710,3.06,3.08,0.0031,464,226
T-Default-1x,913,2.713,3.20,3.21,0.0032,464,226
T-Default-1x,914,2.716,3.17,3.19,0.0032,464,226
T-Default-1x,915,2.719,2.90,2.90,0.0029,464,226
T-Default-1x,916,2.722,2.80,2.80,0.0028,464,226
T-Default-1x,917,2.725,3.01,3.00,0.0030,464,226
T-Default-1x,918,2.728,2.91,2.90,0.0029,464,226
T-Default-1x,919,2.731,3.01,2.99,0.0030,464,226
T-Default-1x,920,2.734,3.21,3.21,0.0032,464,226
T-Default-1x,921,2.737,2.86,2.88,0.0029,464,226
T-Default-1x,922,2.740,3.05,3.00,0.0031,464,226
T-Default-1x,923,2.743,2.98,3.01,0.0030,464,226
T-Default-1x,924,2.746,3.09,3.09,0.0031,464,226
T-Default-1x,925,2.749,3.19,3.20,0.0032,464,226
T-Default-1x,926,2.752,3.12,3.11,0.0031,464,226
T-Default-1x,927,2.755,2.87,2.89,0.0029,464,226
T-Default-1x,928,2.758,3.11,3.09,0.0031,464,226
T-Default-1x,929,2.761,3.11,3.10,0.0031,464,226
T-Default-1x,930,2.764,3.01,3.01,0.0030,464,226
T-Default-1x,931,2.767,2.98,2.99,0.0030,464,226
T-Default-1x,932,2.770,3.03,3.00,0.0030,464,226
T-Default-1x,933,2.774,3.18,3.20,0.0032,464,226
T-Default-1x,934,2.777,3.00,3.00,0.0030,464,226
T-Default-1x,935,2.780,2.89,2.90,0.0029,464,226
T-Default-1x,936,2.783,3.42,3.40,0.0034,464,226
T-Default-1x,937,2.786,2.98,2.99,0.0030,464,226
T-Default-1x,938,2.789,2.79,2.81,0.0028,464,226
T-Default-1x,939,2.792,3.10,3.10,0.0031,464,226
T-Default-1x,940,2.795,3.01,2.99,0.0030,464,226
T-Default-1x,941,2.798,3.12,3.10,0.0031,464,226
T-Default-1x,942,2.801,3.09,3.10,0.0031,464,226
T-Default-1x,943,2.804,2.99,3.00,0.0030,464,226
T-Default-1x,944,2.807,3.11,3.09,0.0031,464,226
T-Default-1x,945,2.810,2.80,2.80,0.0028,516,226
T-Default-1x,946,2.813,2.90,2.90,0.0029,464,226
T-Default-1x,947,2.816,3.08,3.09,0.0031,464,226
T-Default-1x,948,2.819,2.79,2.80,0.0028,464,226
T-Default-1x,949,2.821,2.71,2.70,0.0027,464,226
T-Default-1x,950,2.824,3.01,3.00,0.0030,464,226
T-Default-1x,951,2.827,2.93,2.91,0.0029,464,226
T-Default-1x,952,2.830,2.97,2.99,0.0030,464,226
T-Default-1x,953,2.834,3.34,3.31,0.0033,464,226
T-Default-1x,954,2.837,3.07,3.08,0.0031,464,226
T-Default-1x,955,2.840,3.00,3.00,0.0030,464,226
T-Default-1x,956,2.843,3.42,3.40,0.0034,464,226
T-Default-1x,957,2.847,3.37,3.39,0.0034,464,226
T-Default-1x,958,2.850,3.30,3.30,0.0033,464,226
T-Default-1x,959,2.853,3.11,3.10,0.0031,464,226
T-Default-1x,960,2.856,2.90,2.89,0.0029,464,226
T-Default-1x,961,2.859,3.20,3.21,0.0032,464,226
T-Default-1x,962,2.862,3.43,3.40,0.0034,464,226
T-Default-1x,963,2.866,3.28,3.28,0.0033,464,226
T-Default-1x,964,2.869,2.99,3.00,0.0030,464,226
T-Default-1x,965,2.872,3.12,3.11,0.0031,464,226
T-Default-1x,966,2.875,3.38,3.39,0.0034,464,226
T-Default-1x,967,2.878,3.16,3.11,0.0032,464,226
T-Default-1x,968,2.882,3.24,3.28,0.0032,464,226
T-Default-1x,969,2.885,3.20,3.20,0.0032,464,226
T-Default-1x,970,2.888,3.29,3.30,0.0033,464,226
T-Default-1x,971,2.892,3.60,3.59,0.0036,464,226
T-Default-1x,972,2.895,3.30,3.31,0.0033,464,226
T-Default-1x,973,2.898,3.21,3.20,0.0032,464,226
T-Default-1x,974,2.902,3.31,3.30,0.0033,464,226
T-Default-1x,975,2.905,3.08,3.10,0.0031,464,226
T-Default-1x,976,2.908,3.30,3.30,0.0033,464,226
T-Default-1x,977,2.911,2.99,2.98,0.0030,464,226
T-Default-1x,978,2.914,2.81,2.80,0.0028,464,226
T-Default-1x,979,2.917,3.10,3.11,0.0031,464,226
T-Default-1x,980,2.920,2.87,2.88,0.0029,464,226
T-Default-1x,981,2.923,3.05,3.00,0.0031,464,226
T-Default-1x,982,2.926,3.16,3.20,0.0032,464,226
T-Default-1x,983,2.929,3.12,3.10,0.0031,464,226
T-Default-1x,984,2.932,3.19,3.19,0.0032,464,226
T-Default-1x,985,2.935,3.09,3.10,0.0031,464,226
T-Default-1x,986,2.938,3.10,3.10,0.0031,464,226
T-Default-1x,987,2.942,3.11,3.09,0.0031,464,226
T-Default-1x,988,2.945,3.20,3.19,0.0032,464,226
T-Default-1x,989,2.948,3.10,3.11,0.0031,464,226
T-Default-1x,990,2.951,3.11,3.11,0.0031,464,226
T-Default-1x,991,2.954,3.50,3.49,0.0035,464,226
T-Default-1x,992,2.958,3.07,3.10,0.0031,464,226
T-Default-1x,993,2.961,3.04,3.00,0.0030,464,226
T-Default-1x,994,2.964,2.96,3.00,0.0030,464,226
T-Default-1x,995,2.967,3.22,3.21,0.0032,464,226
T-Default-1x,996,2.970,2.97,2.99,0.0030,464,226
T-Default-1x,997,2.973,3.38,3.31,0.0034,464,226
T-Default-1x,998,2.976,3.15,3.20,0.0032,464,226
T-Default-1x,999,2.979,3.12,3.10,0.0031,464,226
T-Default-1x,1000,2.983,3.17,3.19,0.0032,464,226
T-Default-1x,1001,2.986,3.11,3.10,0.0031,464,226
T-Default-1x,1002,2.989,2.99,2.99,0.0030,464,226
T-Default-1x,1003,2.992,3.33,3.32,0.0033,464,226
T-Default-1x,1004,2.995,3.07,3.07,0.0031,464,226
T-Default-1x,1005,2.998,3.34,3.31,0.0033,464,226
T-Default-1x,1006,3.001,3.07,3.09,0.0031,464,226
T-Default-1x,1007,3.004,3.01,3.02,0.0030,464,226
T-Default-1x,1008,3.008,3.39,3.39,0.0034,464,226
T-Default-1x,1009,3.011,2.90,2.89,0.0029,516,226
T-Default-1x,1010,3.014,2.91,2.90,0.0029,464,226
T-Default-1x,1011,3.017,2.98,2.99,0.0030,464,226
T-Default-1x,1012,3.020,2.90,2.89,0.0029,464,226
T-Default-1x,1013,3.023,3.13,3.12,0.0031,464,226
T-Default-1x,1014,3.026,3.10,3.09,0.0031,464,226
T-Default-1x,1015,3.029,3.07,3.09,0.0031,464,226
T-Default-1x,1016,3.032,3.11,3.10,0.0031,464,226
T-Default-1x,1017,3.035,3.10,3.10,0.0031,464,226
T-Default-1x,1018,3.038,2.98,2.99,0.0030,464,226
T-Default-1x,1019,3.041,3.33,3.31,0.0033,464,226
T-Default-1x,1020,3.044,3.09,3.10,0.0031,464,226
T-Default-1x,1021,3.047,2.87,2.89,0.0029,464,226
T-Default-1x,1022,3.050,3.13,3.12,0.0031,464,226
T-Default-1x,1023,3.053,2.99,2.98,0.0030,464,226
T-Default-1x,1024,3.057,3.12,3.10,0.0031,464,226
T-Default-1x,1025,3.060,2.98,2.99,0.0030,464,226
T-Default-1x,1026,3.062,2.91,2.90,0.0029,464,226
T-Default-1x,1027,3.066,3.31,3.30,0.0033,464,226
T-Default-1x,1028,3.069,3.07,3.10,0.0031,464,226
T-Default-1x,1029,3.072,2.80,2.79,0.0028,464,226
T-Default-1x,1030,3.075,3.21,3.20,0.0032,464,226
T-Default-1x,1031,3.078,3.03,3.01,0.0030,464,226
T-Default-1x,1032,3.081,2.95,2.93,0.0029,464,226
T-Default-1x,1033,3.084,3.24,3.27,0.0032,464,226
T-Default-1x,1034,3.087,2.99,2.99,0.0030,464,226
T-Default-1x,1035,3.090,3.14,3.13,0.0031,464,226
T-Default-1x,1036,3.093,2.96,2.97,0.0030,464,226
T-Default-1x,1037,3.096,3.13,3.10,0.0031,464,226
T-Default-1x,1038,3.100,3.47,3.49,0.0035,464,226
T-Default-1x,1039,3.103,2.89,2.89,0.0029,464,226
T-Default-1x,1040,3.106,2.90,2.90,0.0029,464,226
T-Default-1x,1041,3.109,3.01,3.01,0.0030,464,226
T-Default-1x,1042,3.112,3.23,3.19,0.0032,464,226
T-Default-1x,1043,3.115,3.19,3.20,0.0032,464,226
T-Default-1x,1044,3.118,3.10,3.10,0.0031,464,226
T-Default-1x,1045,3.121,2.89,2.90,0.0029,464,226
T-Default-1x,1046,3.124,3.21,3.19,0.0032,464,226
T-Default-1x,1047,3.127,2.91,2.90,0.0029,464,226
T-Default-1x,1048,3.130,2.78,2.79,0.0028,464,226
T-Default-1x,1049,3.133,3.13,3.10,0.0031,464,226
T-Default-1x,1050,3.136,2.86,2.89,0.0029,464,226
T-Default-1x,1051,3.139,2.81,2.81,0.0028,464,226
T-Default-1x,1052,3.142,3.20,3.19,0.0032,464,226
T-Default-1x,1053,3.145,3.12,3.10,0.0031,464,226
T-Default-1x,1054,3.148,3.19,3.20,0.0032,464,226
T-Default-1x,1055,3.151,3.10,3.10,0.0031,464,226
T-Default-1x,1056,3.154,3.10,3.10,0.0031,464,226
T-Default-1x,1057,3.158,3.29,3.30,0.0033,464,226
T-Default-1x,1058,3.161,2.90,2.90,0.0029,464,226
T-Default-1x,1059,3.163,2.90,2.90,0.0029,464,226
T-Default-1x,1060,3.167,3.09,3.09,0.0031,464,226
T-Default-1x,1061,3.170,3.04,3.00,0.0030,464,226
T-Default-1x,1062,3.173,3.19,3.20,0.0032,464,226
T-Default-1x,1063,3.176,3.29,3.30,0.0033,464,226
T-Default-1x,1064,3.179,3.23,3.20,0.0032,464,226
T-Default-1x,1065,3.183,3.29,3.30,0.0033,464,226
T-Default-1x,1066,3.185,2.88,2.90,0.0029,464,226
T-Default-1x,1067,3.188,2.89,2.90,0.0029,464,226
T-Default-1x,1068,3.191,3.12,3.10,0.0031,464,226
T-Default-1x,1069,3.194,3.03,3.02,0.0030,464,226
T-Default-1x,1070,3.198,3.17,3.17,0.0032,464,226
T-Default-1x,1071,3.201,3.09,3.10,0.0031,464,226
T-Default-1x,1072,3.204,3.00,3.00,0.0030,464,226
T-Default-1x,1073,3.207,3.32,3.30,0.0033,464,226
T-Default-1x,1074,3.210,3.10,3.10,0.0031,464,226
T-Default-1x,1075,3.213,2.87,2.89,0.0029,516,226
T-Default-1x,1076,3.216,3.21,3.20,0.0032,464,226
T-Default-1x,1077,3.219,3.00,3.00,0.0030,464,226
T-Default-1x,1078,3.222,2.88,2.90,0.0029,464,226
T-Default-1x,1079,3.225,3.11,3.10,0.0031,464,226
T-Default-1x,1080,3.228,3.11,3.09,0.0031,464,226
T-Default-1x,1081,3.232,3.23,3.21,0.0032,464,226
T-Default-1x,1082,3.235,3.07,3.08,0.0031,464,226
T-Default-1x,1083,3.238,3.00,3.01,0.0030,464,226
T-Default-1x,1084,3.241,3.20,3.20,0.0032,464,226
T-Default-1x,1085,3.244,3.00,3.00,0.0030,464,226
T-Default-1x,1086,3.247,2.87,2.88,0.0029,464,226
T-Default-1x,1087,3.250,3.02,3.00,0.0030,464,226
T-Default-1x,1088,3.253,3.03,3.01,0.0030,464,226
T-Default-1x,1089,3.256,3.32,3.30,0.0033,464,226
T-Default-1x,1090,3.259,3.06,3.09,0.0031,464,226
T-Default-1x,1091,3.262,2.99,2.99,0.0030,464,226
T-Default-1x,1092,3.265,3.14,3.11,0.0031,464,226
T-Default-1x,1093,3.268,3.09,3.09,0.0031,464,226
T-Default-1x,1094,3.271,2.98,3.00,0.0030,464,226
T-Default-1x,1095,3.275,3.19,3.19,0.0032,464,226
T-Default-1x,1096,3.277,2.92,2.91,0.0029,464,226
T-Default-1x,1097,3.280,2.78,2.79,0.0028,464,226
T-Default-1x,1098,3.283,3.21,3.21,0.0032,464,226
T-Default-1x,1099,3.287,3.12,3.08,0.0031,464,226
T-Default-1x,1100,3.290,3.36,3.31,0.0034,464,226
T-Default-1x,1101,3.293,3.43,3.49,0.0034,464,226
T-Default-1x,1102,3.296,2.98,2.99,0.0030,464,226
T-Default-1x,1103,3.299,2.80,2.79,0.0028,464,226
T-Default-1x,1104,3.302,2.95,2.91,0.0029,464,226
T-Default-1x,1105,3.305,3.09,3.09,0.0031,464,226
T-Default-1x,1106,3.308,3.28,3.29,0.0033,464,226
T-Default-1x,1107,3.312,3.11,3.10,0.0031,464,226
T-Default-1x,1108,3.315,3.34,3.31,0.0033,464,226
T-Default-1x,1109,3.318,3.28,3.30,0.0033,464,226
T-Default-1x,1110,3.321,3.07,3.08,0.0031,464,226
T-Default-1x,1111,3.324,3.23,3.21,0.0032,464,226
T-Default-1x,1112,3.327,3.00,2.99,0.0030,464,226
T-Default-1x,1113,3.330,2.98,2.99,0.0030,464,226
T-Default-1x,1114,3.334,3.11,3.10,0.0031,464,226
T-Default-1x,1115,3.337,3.12,3.11,0.0031,464,226
T-Default-1x,1116,3.340,3.19,3.19,0.0032,464,226
T-Default-1x,1117,3.343,3.07,3.10,0.0031,464,226
T-Default-1x,1118,3.346,3.01,3.00,0.0030,464,226
T-Default-1x,1119,3.349,3.30,3.30,0.0033,464,226
T-Default-1x,1120,3.352,3.11,3.10,0.0031,464,226
T-Default-1x,1121,3.355,2.89,2.91,0.0029,464,226
T-Default-1x,1122,3.358,3.00,2.99,0.0030,464,226
T-Default-1x,1123,3.361,2.99,2.98,0.0030,464,226
T-Default-1x,1124,3.364,3.05,3.01,0.0031,464,226
T-Default-1x,1125,3.367,3.06,3.10,0.0031,464,226
T-Default-1x,1126,3.370,2.89,2.90,0.0029,464,226
T-Default-1x,1127,3.373,3.17,3.10,0.0032,464,226
T-Default-1x,1128,3.377,3.18,3.21,0.0032,464,226
T-Default-1x,1129,3.380,3.71,3.69,0.0037,464,226
T-Default-1x,1130,3.384,3.59,3.60,0.0036,464,226
T-Default-1x,1131,3.387,3.41,3.39,0.0034,464,226
T-Default-1x,1132,3.391,3.37,3.40,0.0034,464,226
T-Default-1x,1133,3.394,3.19,3.20,0.0032,464,226
T-Default-1x,1134,3.397,2.99,2.99,0.0030,464,226
T-Default-1x,1135,3.400,3.21,3.21,0.0032,464,226
T-Default-1x,1136,3.403,3.22,3.19,0.0032,464,226
T-Default-1x,1137,3.407,3.40,3.40,0.0034,464,226
T-Default-1x,1138,3.410,3.18,3.20,0.0032,464,226
T-Default-1x,1139,3.413,3.00,3.00,0.0030,464,226
T-Default-1x,1140,3.416,3.12,3.10,0.0031,516,226
T-Default-1x,1141,3.419,2.95,2.98,0.0030,464,226
T-Default-1x,1142,3.422,2.80,2.81,0.0028,464,226
T-Default-1x,1143,3.425,3.01,3.00,0.0030,464,226
T-Default-1x,1144,3.428,3.02,3.00,0.0030,464,226
T-Default-1x,1145,3.431,3.16,3.11,0.0032,464,226
T-Default-1x,1146,3.434,3.47,3.50,0.0035,464,226
T-Default-1x,1147,3.438,3.44,3.41,0.0034,464,226
T-Default-1x,1148,3.441,3.23,3.28,0.0032,464,226
T-Default-1x,1149,3.444,3.10,3.10,0.0031,464,226
T-Default-1x,1150,3.447,2.79,2.80,0.0028,464,226
T-Default-1x,1151,3.450,3.11,3.11,0.0031,464,226
T-Default-1x,1152,3.453,3.02,2.99,0.0030,464,226
T-Default-1x,1153,3.456,3.21,3.20,0.0032,464,226
T-Default-1x,1154,3.459,3.07,3.09,0.0031,464,226
T-Default-1x,1155,3.462,3.01,3.00,0.0030,464,226
T-Default-1x,1156,3.466,3.18,3.19,0.0032,464,226
T-Default-1x,1157,3.469,3.01,3.00,0.0030,464,226
T-Default-1x,1158,3.472,3.32,3.30,0.0033,464,226
T-Default-1x,1159,3.475,3.48,3.49,0.0035,464,226
T-Default-1x,1160,3.479,3.54,3.51,0.0035,464,226
T-Default-1x,1161,3.482,3.59,3.60,0.0036,464,226
T-Default-1x,1162,3.486,3.17,3.19,0.0032,464,226
T-Default-1x,1163,3.489,3.11,3.10,0.0031,464,226
T-Default-1x,1164,3.492,3.20,3.20,0.0032,464,226
T-Default-1x,1165,3.495,3.09,3.09,0.0031,464,226
T-Default-1x,1166,3.498,3.20,3.20,0.0032,464,226
T-Default-1x,1167,3.501,3.10,3.11,0.0031,464,226
T-Default-1x,1168,3.505,3.23,3.20,0.0032,464,226
T-Default-1x,1169,3.508,3.38,3.38,0.0034,464,226
T-Default-1x,1170,3.511,3.10,3.10,0.0031,464,226
T-Default-1x,1171,3.514,3.03,3.00,0.0030,464,226
T-Default-1x,1172,3.517,3.07,3.10,0.0031,464,226
T-Default-1x,1173,3.520,2.86,2.88,0.0029,464,226
T-Default-1x,1174,3.523,3.16,3.12,0.0032,464,226
T-Default-1x,1175,3.526,3.19,3.20,0.0032,464,226
T-Default-1x,1176,3.529,3.07,3.09,0.0031,464,226
T-Default-1x,1177,3.533,3.44,3.41,0.0034,464,226
T-Default-1x,1178,3.536,3.19,3.20,0.0032,464,226
T-Default-1x,1179,3.539,2.89,2.90,0.0029,464,226
T-Default-1x,1180,3.542,3.19,3.20,0.0032,464,226
T-Default-1x,1181,3.545,3.22,3.19,0.0032,464,226
T-Default-1x,1182,3.549,3.32,3.31,0.0033,464,226
T-Default-1x,1183,3.552,3.08,3.08,0.0031,464,226
T-Default-1x,1184,3.555,3.21,3.22,0.0032,464,226
T-Default-1x,1185,3.558,3.07,3.07,0.0031,464,226
T-Default-1x,1186,3.561,3.15,3.11,0.0032,464,226
T-Default-1x,1187,3.564,3.28,3.29,0.0033,464,226
T-Default-1x,1188,3.568,3.18,3.21,0.0032,464,226
T-Default-1x,1189,3.571,2.97,2.97,0.0030,464,226
T-Default-1x,1190,3.574,3.23,3.22,0.0032,464,226
T-Default-1x,1191,3.577,2.89,2.89,0.0029,464,226
T-Default-1x,1192,3.580,2.88,2.90,0.0029,464,226
T-Default-1x,1193,3.583,3.22,3.20,0.0032,464,226
T-Default-1x,1194,3.586,3.12,3.11,0.0031,464,226
T-Default-1x,1195,3.589,3.21,3.19,0.0032,464,226
T-Default-1x,1196,3.593,3.38,3.40,0.0034,464,226
T-Default-1x,1197,3.596,3.42,3.40,0.0034,464,226
T-Default-1x,1198,3.599,3.39,3.39,0.0034,464,226
T-Default-1x,1199,3.602,2.98,3.00,0.0030,464,226
T-Default-1x,1200,3.605,3.00,3.00,0.0030,464,226
T-Default-1x,1201,3.609,3.45,3.40,0.0035,464,226
T-Default-1x,1202,3.612,3.63,3.60,0.0036,464,226
T-Default-1x,1203,3.616,3.46,3.50,0.0035,464,226
T-Default-1x,1204,3.619,2.99,2.98,0.0030,516,226
T-Default-1x,1205,3.622,3.08,3.10,0.0031,464,226
T-Default-1x,1206,3.625,3.42,3.40,0.0034,464,226
T-Default-1x,1207,3.629,3.13,3.10,0.0031,464,226
T-Default-1x,1208,3.632,3.29,3.30,0.0033,464,226
T-Default-1x,1209,3.635,3.42,3.39,0.0034,464,226
T-Default-1x,1210,3.638,3.16,3.20,0.0032,464,226
T-Default-1x,1211,3.642,3.20,3.19,0.0032,464,226
T-Default-1x,1212,3.645,3.33,3.31,0.0033,464,226
T-Default-1x,1213,3.648,3.34,3.38,0.0033,464,226
T-Default-1x,1214,3.651,3.22,3.21,0.0032,464,226
T-Default-1x,1215,3.655,3.07,3.09,0.0031,464,226
T-Default-1x,1216,3.658,3.44,3.41,0.0034,464,226
T-Default-1x,1217,3.661,2.96,2.98,0.0030,464,226
T-Default-1x,1218,3.664,2.92,2.92,0.0029,464,226
T-Default-1x,1219,3.667,3.32,3.30,0.0033,464,226
T-Default-1x,1220,3.671,3.38,3.39,0.0034,464,226
T-Default-1x,1221,3.674,3.64,3.61,0.0036,464,226
T-Default-1x,1222,3.677,3.18,3.20,0.0032,464,226
T-Default-1x,1223,3.680,2.91,2.88,0.0029,464,226
T-Default-1x,1224,3.683,3.15,3.19,0.0032,464,226
T-Default-1x,1225,3.687,3.14,3.11,0.0031,464,226
T-Default-1x,1226,3.690,3.20,3.19,0.0032,464,226
T-Default-1x,1227,3.693,3.21,3.20,0.0032,464,226
T-Default-1x,1228,3.696,2.97,3.01,0.0030,464,226
T-Default-1x,1229,3.699,3.32,3.29,0.0033,464,226
T-Default-1x,1230,3.702,3.07,3.09,0.0031,464,226
T-Default-1x,1231,3.705,2.79,2.80,0.0028,464,226
T-Default-1x,1232,3.708,3.02,3.01,0.0030,464,226
T-Default-1x,1233,3.711,2.99,2.98,0.0030,464,226
T-Default-1x,1234,3.714,3.02,3.00,0.0030,464,226
T-Default-1x,1235,3.717,3.09,3.12,0.0031,464,226
T-Default-1x,1236,3.720,2.87,2.88,0.0029,464,226
T-Default-1x,1237,3.723,3.02,3.00,0.0030,464,226
T-Default-1x,1238,3.726,3.22,3.20,0.0032,464,226
T-Default-1x,1239,3.729,3.07,3.09,0.0031,464,226
T-Default-1x,1240,3.733,3.32,3.31,0.0033,464,226
T-Default-1x,1241,3.736,3.13,3.10,0.0031,464,226
T-Default-1x,1242,3.739,3.38,3.40,0.0034,464,226
T-Default-1x,1243,3.743,3.40,3.40,0.0034,464,226
T-Default-1x,1244,3.746,3.41,3.39,0.0034,464,226
T-Default-1x,1245,3.749,3.27,3.30,0.0033,464,226
T-Default-1x,1246,3.752,3.12,3.11,0.0031,464,226
T-Default-1x,1247,3.755,2.86,2.89,0.0029,464,226
T-Default-1x,1248,3.758,3.04,3.01,0.0030,464,226
T-Default-1x,1249,3.761,3.11,3.09,0.0031,464,226
T-Default-1x,1250,3.765,3.18,3.20,0.0032,464,226
T-Default-1x,1251,3.768,3.21,3.20,0.0032,464,226
T-Default-1x,1252,3.772,3.72,3.70,0.0037,464,226
T-Default-1x,1253,3.775,3.49,3.50,0.0035,464,226
T-Default-1x,1254,3.778,3.17,3.18,0.0032,464,226
T-Default-1x,1255,3.782,3.42,3.41,0.0034,464,226
T-Default-1x,1256,3.785,3.20,3.20,0.0032,464,226
T-Default-1x,1257,3.788,3.20,3.20,0.0032,464,226
T-Default-1x,1258,3.792,3.50,3.49,0.0035,464,226
T-Default-1x,1259,3.795,3.44,3.39,0.0034,464,226
T-Default-1x,1260,3.798,3.36,3.41,0.0034,464,226
T-Default-1x,1261,3.801,3.09,3.10,0.0031,464,226
T-Default-1x,1262,3.804,2.99,3.00,0.0030,464,226
T-Default-1x,1263,3.808,3.33,3.30,0.0033,464,226
T-Default-1x,1264,3.811,2.87,2.88,0.0029,464,226
T-Default-1x,1265,3.814,2.88,2.90,0.0029,464,226
T-Default-1x,1266,3.817,3.23,3.19,0.0032,464,226
T-Default-1x,1267,3.820,3.10,3.11,0.0031,516,226
T-Default-1x,1268,3.823,3.13,3.10,0.0031,464,226
T-Default-1x,1269,3.826,3.18,3.18,0.0032,464,226
T-Default-1x,1270,3.829,3.22,3.21,0.0032,464,226
T-Default-1x,1271,3.833,3.48,3.50,0.0035,464,226
T-Default-1x,1272,3.836,3.10,3.10,0.0031,464,226
T-Default-1x,1273,3.839,2.77,2.78,0.0028,464,226
T-Default-1x,1274,3.842,3.25,3.21,0.0032,464,226
T-Default-1x,1275,3.845,3.32,3.31,0.0033,464,226
T-Default-1x,1276,3.849,3.30,3.29,0.0033,464,226
T-Default-1x,1277,3.852,3.17,3.19,0.0032,464,226
T-Default-1x,1278,3.855,2.99,3.00,0.0030,464,226
T-Default-1x,1279,3.858,3.22,3.22,0.0032,464,226
T-Default-1x,1280,3.861,2.99,2.98,0.0030,464,226
T-Default-1x,1281,3.864,2.88,2.90,0.0029,464,226
T-Default-1x,1282,3.867,3.01,3.00,0.0030,464,226
T-Default-1x,1283,3.870,3.00,3.00,0.0030,464,226
T-Default-1x,1284,3.873,3.01,2.99,0.0030,464,226
T-Default-1x,1285,3.876,2.98,3.00,0.0030,464,226
T-Default-1x,1286,3.879,2.82,2.80,0.0028,464,226
T-Default-1x,1287,3.882,3.30,3.31,0.0033,464,226
T-Default-1x,1288,3.885,2.89,2.89,0.0029,464,226
T-Default-1x,1289,3.888,2.99,2.99,0.0030,464,226
T-Default-1x,1290,3.891,3.20,3.20,0.0032,464,226
T-Default-1x,1291,3.894,3.04,3.02,0.0030,464,226
T-Default-1x,1292,3.897,2.87,2.89,0.0029,464,226
T-Default-1x,1293,3.900,3.43,3.40,0.0034,464,226
T-Default-1x,1294,3.904,3.52,3.50,0.0035,464,226
T-Default-1x,1295,3.908,3.68,3.70,0.0037,464,226
T-Default-1x,1296,3.911,3.50,3.49,0.0035,464,226
T-Default-1x,1297,3.914,3.21,3.20,0.0032,464,226
T-Default-1x,1298,3.917,3.16,3.19,0.0032,464,226
T-Default-1x,1299,3.920,2.99,2.99,0.0030,464,226
T-Default-1x,1300,3.924,3.34,3.31,0.0033,464,226
T-Default-1x,1301,3.927,3.20,3.20,0.0032,464,226
T-Default-1x,1302,3.930,2.96,2.99,0.0030,464,226
T-Default-1x,1303,3.933,3.22,3.21,0.0032,464,226
T-Default-1x,1304,3.936,3.03,3.01,0.0030,464,226
T-Default-1x,1305,3.939,3.08,3.11,0.0031,464,226
T-Default-1x,1306,3.942,3.18,3.18,0.0032,464,226
T-Default-1x,1307,3.946,3.22,3.20,0.0032,464,226
T-Default-1x,1308,3.949,3.39,3.40,0.0034,464,226
T-Default-1x,1309,3.952,3.11,3.10,0.0031,464,226
T-Default-1x,1310,3.955,2.87,2.89,0.0029,464,226
T-Default-1x,1311,3.958,3.21,3.20,0.0032,464,226
T-Default-1x,1312,3.961,3.10,3.10,0.0031,464,226
T-Default-1x,1313,3.964,3.03,3.00,0.0030,464,226
T-Default-1x,1314,3.967,2.97,3.00,0.0030,464,226
T-Default-1x,1315,3.970,2.89,2.89,0.0029,464,226
T-Default-1x,1316,3.974,3.28,3.22,0.0033,464,226
T-Default-1x,1317,3.977,3.06,3.09,0.0031,464,226
T-Default-1x,1318,3.980,3.22,3.19,0.0032,464,226
T-Default-1x,1319,3.983,3.47,3.49,0.0035,464,226
T-Default-1x,1320,3.986,3.08,3.08,0.0031,464,226
T-Default-1x,1321,3.990,3.20,3.20,0.0032,464,226
T-Default-1x,1322,3.993,3.33,3.10,0.0033,464,226
T-Default-1x,1323,3.996,3.08,3.30,0.0031,464,226
T-Default-1x,1324,3.999,3.40,3.40,0.0034,464,226
T-Default-1x,1325,4.003,3.23,3.20,0.0032,464,226
T-Default-1x,1326,4.005,2.84,2.90,0.0028,464,226
T-Default-1x,1327,4.009,3.23,3.19,0.0032,464,226
T-Default-1x,1328,4.012,3.31,3.30,0.0033,464,226
T-Default-1x,1329,4.015,3.40,3.41,0.0034,464,226
T-Default-1x,1330,4.019,3.39,3.41,0.0034,464,226
T-Default-1x,1331,4.022,3.06,3.08,0.0031,516,226
T-Default-1x,1332,4.025,3.11,3.10,0.0031,464,226
T-Default-1x,1333,4.028,3.03,3.01,0.0030,464,226
T-Default-1x,1334,4.031,3.31,3.29,0.0033,464,226
T-Default-1x,1335,4.035,3.47,3.49,0.0035,464,226
T-Default-1x,1336,4.038,3.33,3.31,0.0033,464,226
T-Default-1x,1337,4.041,3.26,3.29,0.0033,464,226
T-Default-1x,1338,4.045,3.23,3.20,0.0032,464,226
T-Default-1x,1339,4.048,3.18,3.20,0.0032,464,226
T-Default-1x,1340,4.051,3.08,3.10,0.0031,464,226
T-Default-1x,1341,4.054,3.02,2.99,0.0030,464,226
T-Default-1x,1342,4.057,3.40,3.41,0.0034,464,226
T-Default-1x,1343,4.060,3.00,3.00,0.0030,464,226
T-Default-1x,1344,4.063,2.88,2.90,0.0029,464,226
T-Default-1x,1345,4.066,3.33,3.30,0.0033,464,226
T-Default-1x,1346,4.069,2.98,2.99,0.0030,464,226
T-Default-1x,1347,4.072,2.89,2.90,0.0029,464,226
T-Default-1x,1348,4.076,3.20,3.19,0.0032,464,226
T-Default-1x,1349,4.079,3.02,2.99,0.0030,464,226
T-Default-1x,1350,4.082,3.20,3.21,0.0032,464,226
T-Default-1x,1351,4.085,3.12,3.10,0.0031,464,226
T-Default-1x,1352,4.088,2.96,3.00,0.0030,464,226
T-Default-1x,1353,4.091,3.20,3.20,0.0032,464,226
T-Default-1x,1354,4.094,2.91,2.91,0.0029,464,226
T-Default-1x,1355,4.097,2.79,2.78,0.0028,464,226
T-Default-1x,1356,4.100,3.21,3.20,0.0032,464,226
T-Default-1x,1357,4.103,3.10,3.10,0.0031,464,226
T-Default-1x,1358,4.106,3.13,3.11,0.0031,464,226
T-Default-1x,1359,4.109,3.07,3.09,0.0031,464,226
T-Default-1x,1360,4.113,3.44,3.41,0.0034,464,226
T-Default-1x,1361,4.116,3.77,3.78,0.0038,464,226
T-Default-1x,1362,4.120,3.22,3.20,0.0032,464,226
T-Default-1x,1363,4.123,3.49,3.50,0.0035,464,226
T-Default-1x,1364,4.127,3.38,3.40,0.0034,464,226
T-Default-1x,1365,4.130,3.14,3.10,0.0031,464,226
T-Default-1x,1366,4.133,3.37,3.40,0.0034,464,226
T-Default-1x,1367,4.136,3.19,3.19,0.0032,464,226
T-Default-1x,1368,4.140,3.34,3.32,0.0033,464,226
T-Default-1x,1369,4.143,3.26,3.28,0.0033,464,226
T-Default-1x,1370,4.146,3.21,3.20,0.0032,464,226
T-Default-1x,1371,4.149,3.28,3.29,0.0033,464,226
T-Default-1x,1372,4.153,3.55,3.51,0.0036,464,226
T-Default-1x,1373,4.156,3.36,3.39,0.0034,464,226
T-Default-1x,1374,4.159,3.09,3.10,0.0031,464,226
T-Default-1x,1375,4.163,3.65,3.61,0.0036,464,226
T-Default-1x,1376,4.167,3.67,3.68,0.0037,464,226
T-Default-1x,1377,4.170,3.18,3.20,0.0032,464,226
T-Default-1x,1378,4.174,3.67,3.62,0.0037,464,226
T-Default-1x,1379,4.177,3.15,3.18,0.0031,464,226
T-Default-1x,1380,4.180,2.86,2.89,0.0029,464,226
T-Default-1x,1381,4.183,3.13,3.10,0.0031,464,226
T-Default-1x,1382,4.186,2.99,3.00,0.0030,464,226
T-Default-1x,1383,4.189,2.89,2.90,0.0029,464,226
T-Default-1x,1384,4.192,3.10,3.09,0.0031,464,226
T-Default-1x,1385,4.195,3.20,3.18,0.0032,464,226
T-Default-1x,1386,4.198,3.33,3.32,0.0033,464,226
T-Default-1x,1387,4.201,3.09,3.09,0.0031,464,226
T-Default-1x,1388,4.204,3.00,3.01,0.0030,464,226
T-Default-1x,1389,4.208,3.33,3.30,0.0033,464,226
T-Default-1x,1390,4.211,3.05,3.09,0.0030,464,226
T-Default-1x,1391,4.214,2.89,2.90,0.0029,464,226
T-Default-1x,1392,4.217,3.24,3.22,0.0032,464,226
T-Default-1x,1393,4.220,3.06,3.07,0.0031,464,226
T-Default-1x,1394,4.223,3.25,3.22,0.0033,516,226
T-Default-1x,1395,4.226,3.07,3.08,0.0031,464,226
T-Default-1x,1396,4.229,2.98,2.99,0.0030,464,226
T-Default-1x,1397,4.232,3.31,3.31,0.0033,464,226
T-Default-1x,1398,4.236,3.19,3.20,0.0032,464,226
T-Default-1x,1399,4.239,3.00,3.00,0.0030,464,226
T-Default-1x,1400,4.242,3.11,3.10,0.0031,464,226
T-Default-1x,1401,4.245,3.10,3.10,0.0031,464,226
T-Default-1x,1402,4.248,3.21,3.20,0.0032,464,226
T-Default-1x,1403,4.251,2.97,2.99,0.0030,464,226
T-Default-1x,1404,4.254,2.91,2.91,0.0029,464,226
T-Default-1x,1405,4.257,3.31,3.30,0.0033,464,226
T-Default-1x,1406,4.260,3.12,3.10,0.0031,464,226
T-Default-1x,1407,4.263,2.95,2.99,0.0030,464,226
T-Default-1x,1408,4.266,3.00,2.99,0.0030,464,226
T-Default-1x,1409,4.269,2.91,2.91,0.0029,464,226
T-Default-1x,1410,4.273,3.32,3.30,0.0033,464,226
T-Default-1x,1411,4.276,3.39,3.40,0.0034,464,226
T-Default-1x,1412,4.279,2.98,2.99,0.0030,464,226
T-Default-1x,1413,4.282,3.30,3.30,0.0033,464,226
T-Default-1x,1414,4.285,3.00,2.99,0.0030,464,226
T-Default-1x,1415,4.288,2.78,2.80,0.0028,464,226
T-Default-1x,1416,4.291,3.42,3.41,0.0034,464,226
T-Default-1x,1417,4.295,3.20,3.19,0.0032,464,226
T-Default-1x,1418,4.298,3.30,3.30,0.0033,464,226
T-Default-1x,1419,4.301,3.42,3.41,0.0034,464,226
T-Default-1x,1420,4.305,3.58,3.58,0.0036,464,226
T-Default-1x,1421,4.308,3.42,3.43,0.0034,464,226
T-Default-1x,1422,4.312,3.19,3.17,0.0032,464,226
T-Default-1x,1423,4.315,3.09,3.11,0.0031,464,226
T-Default-1x,1424,4.318,3.09,3.09,0.0031,464,226
T-Default-1x,1425,4.321,3.19,3.20,0.0032,464,226
T-Default-1x,1426,4.324,3.42,3.41,0.0034,464,226
T-Default-1x,1427,4.327,3.00,2.99,0.0030,464,226
T-Default-1x,1428,4.330,2.98,3.00,0.0030,464,226
T-Default-1x,1429,4.334,3.22,3.20,0.0032,464,226
T-Default-1x,1430,4.337,3.21,3.20,0.0032,464,226
T-Default-1x,1431,4.340,3.10,3.09,0.0031,464,226
T-Default-1x,1432,4.343,2.96,2.99,0.0030,464,226
T-Default-1x,1433,4.346,3.03,3.01,0.0030,464,226
T-Default-1x,1434,4.349,3.39,3.40,0.0034,464,226
T-Default-1x,1435,4.352,3.11,3.10,0.0031,464,226
T-Default-1x,1436,4.355,3.00,3.01,0.0030,464,226
T-Default-1x,1437,4.358,3.08,3.08,0.0031,464,226
T-Default-1x,1438,4.362,3.11,3.10,0.0031,464,226
T-Default-1x,1439,4.365,3.02,3.00,0.0030,464,226
T-Default-1x,1440,4.368,3.08,3.09,0.0031,464,226
T-Default-1x,1441,4.371,3.63,3.61,0.0036,464,226
T-Default-1x,1442,4.375,3.47,3.49,0.0035,464,226
T-Default-1x,1443,4.378,3.21,3.20,0.0032,464,226
T-Default-1x,1444,4.381,3.23,3.20,0.0032,464,226
T-Default-1x,1445,4.384,3.19,3.19,0.0032,464,226
T-Default-1x,1446,4.388,3.19,3.20,0.0032,464,226
T-Default-1x,1447,4.391,3.31,3.30,0.0033,464,226
T-Default-1x,1448,4.394,3.31,3.29,0.0033,464,226
T-Default-1x,1449,4.397,2.96,3.00,0.0030,464,226
T-Default-1x,1450,4.400,3.23,3.21,0.0032,464,226
T-Default-1x,1451,4.403,3.12,3.10,0.0031,464,226
T-Default-1x,1452,4.407,3.28,3.29,0.0033,464,226
T-Default-1x,1453,4.410,3.32,3.30,0.0033,464,226
T-Default-1x,1454,4.413,3.06,3.10,0.0031,464,226
T-Default-1x,1455,4.416,3.21,3.21,0.0032,464,226
T-Default-1x,1456,4.419,2.87,2.88,0.0029,464,226
T-Default-1x,1457,4.422,2.92,2.91,0.0029,464,226
T-Default-1x,1458,4.425,3.09,3.09,0.0031,516,226
T-Default-1x,1459,4.428,3.14,3.11,0.0031,464,226
T-Default-1x,1460,4.432,3.19,3.20,0.0032,464,226
T-Default-1x,1461,4.435,3.06,3.08,0.0031,464,226
T-Default-1x,1462,4.438,2.91,2.91,0.0029,464,226
T-Default-1x,1463,4.441,3.33,3.31,0.0033,464,226
T-Default-1x,1464,4.444,2.87,2.89,0.0029,464,226
T-Default-1x,1465,4.447,2.88,2.89,0.0029,464,226
T-Default-1x,1466,4.450,3.33,3.31,0.0033,464,226
T-Default-1x,1467,4.453,3.01,3.00,0.0030,464,226
T-Default-1x,1468,4.456,3.09,3.09,0.0031,464,226
T-Default-1x,1469,4.459,2.88,2.90,0.0029,464,226
T-Default-1x,1470,4.462,3.00,3.00,0.0030,464,226
T-Default-1x,1471,4.465,3.15,3.12,0.0032,464,226
T-Default-1x,1472,4.468,2.99,2.98,0.0030,464,226
T-Default-1x,1473,4.471,2.87,2.90,0.0029,464,226
T-Default-1x,1474,4.474,3.22,3.20,0.0032,464,226
T-Default-1x,1475,4.477,3.11,3.11,0.0031,464,226
T-Default-1x,1476,4.480,2.87,2.89,0.0029,464,226
T-Default-1x,1477,4.483,3.12,3.10,0.0031,464,226
T-Default-1x,1478,4.486,3.19,3.20,0.0032,464,226
T-Default-1x,1479,4.490,3.35,3.31,0.0034,464,226
T-Default-1x,1480,4.493,3.48,3.49,0.0035,464,226
T-Default-1x,1481,4.497,3.50,3.50,0.0035,464,226
T-Default-1x,1482,4.500,3.26,3.30,0.0033,464,226
T-Default-1x,1483,4.503,3.01,3.00,0.0030,464,226
T-Default-1x,1484,4.506,3.12,3.10,0.0031,464,226
T-Default-1x,1485,4.509,3.19,3.20,0.0032,464,226
T-Default-1x,1486,4.513,3.21,3.20,0.0032,464,226
T-Default-1x,1487,4.516,3.41,3.40,0.0034,464,226
T-Default-1x,1488,4.519,3.10,3.10,0.0031,464,226
T-Default-1x,1489,4.522,2.97,3.00,0.0030,464,226
T-Default-1x,1490,4.525,3.10,3.09,0.0031,464,226
T-Default-1x,1491,4.528,3.23,3.20,0.0032,464,226
T-Default-1x,1492,4.532,3.20,3.20,0.0032,464,226
T-Default-1x,1493,4.535,3.10,3.12,0.0031,464,226
T-Default-1x,1494,4.538,3.07,3.08,0.0031,464,226
T-Default-1x,1495,4.541,3.31,3.31,0.0033,464,226
T-Default-1x,1496,4.544,3.00,2.99,0.0030,464,226
T-Default-1x,1497,4.547,2.89,2.90,0.0029,464,226
T-Default-1x,1498,4.550,3.20,3.19,0.0032,464,226
T-Default-1x,1499,4.553,3.10,3.10,0.0031,464,226
T-Default-1x,1500,4.556,3.02,3.00,0.0030,464,226
T-Default-1x,1501,4.559,3.09,3.09,0.0031,464,226
T-Default-1x,1502,4.562,3.05,3.02,0.0031,464,226
T-Default-1x,1503,4.566,3.29,3.29,0.0033,464,226
T-Default-1x,1504,4.569,3.22,3.19,0.0032,464,226
T-Default-1x,1505,4.572,3.26,3.30,0.0033,464,226
T-Default-1x,1506,4.575,3.07,3.09,0.0031,464,226
T-Default-1x,1507,4.578,3.11,3.09,0.0031,464,226
T-Default-1x,1508,4.582,3.22,3.20,0.0032,464,226
T-Default-1x,1509,4.585,3.19,3.20,0.0032,464,226
T-Default-1x,1510,4.588,3.08,3.09,0.0031,464,226
T-Default-1x,1511,4.591,3.31,3.31,0.0033,464,226
T-Default-1x,1512,4.594,2.97,2.98,0.0030,464,226
T-Default-1x,1513,4.597,3.03,3.01,0.0030,464,226
T-Default-1x,1514,4.600,3.19,3.20,0.0032,464,226
T-Default-1x,1515,4.604,3.22,3.19,0.0032,464,226
T-Default-1x,1516,4.607,3.22,3.19,0.0032,464,226
T-Default-1x,1517,4.610,3.17,3.20,0.0032,464,226
T-Default-1x,1518,4.613,2.87,2.90,0.0029,464,226
T-Default-1x,1519,4.616,2.85,2.81,0.0028,464,226
T-Default-1x,1520,4.619,3.04,3.06,0.0030,464,226
T-Default-1x,1521,4.622,2.94,2.94,0.0029,464,226
T-Default-1x,1522,4.625,3.21,3.19,0.0032,464,226
T-Default-1x,1523,4.628,2.78,2.80,0.0028,516,226
T-Default-1x,1524,4.630,2.69,2.69,0.0027,464,226
T-Default-1x,1525,4.633,3.13,3.11,0.0031,464,226
T-Default-1x,1526,4.637,3.08,3.10,0.0031,464,226
T-Default-1x,1527,4.640,3.12,3.09,0.0031,464,226
T-Default-1x,1528,4.643,3.10,3.12,0.0031,464,226
T-Default-1x,1529,4.646,3.00,2.99,0.0030,464,226
T-Default-1x,1530,4.649,3.19,3.19,0.0032,464,226
T-Default-1x,1531,4.652,2.99,3.00,0.0030,464,226
T-Default-1x,1532,4.655,2.90,2.90,0.0029,464,226
T-Default-1x,1533,4.658,3.01,3.00,0.0030,464,226
T-Default-1x,1534,4.661,2.85,2.81,0.0029,464,226
T-Default-1x,1535,4.664,2.94,2.98,0.0029,464,226
T-Default-1x,1536,4.667,3.30,3.30,0.0033,464,226
T-Default-1x,1537,4.670,3.10,3.10,0.0031,464,226
T-Default-1x,1538,4.673,3.12,3.11,0.0031,464,226
T-Default-1x,1539,4.676,3.09,3.08,0.0031,464,226
T-Default-1x,1540,4.679,2.88,2.89,0.0029,464,226
T-Default-1x,1541,4.682,3.31,3.31,0.0033,464,226
T-Default-1x,1542,4.686,3.10,3.10,0.0031,464,226
T-Default-1x,1543,4.689,3.49,3.49,0.0035,464,226
T-Default-1x,1544,4.692,3.40,3.41,0.0034,464,226
T-Default-1x,1545,4.696,3.54,3.50,0.0035,464,226
T-Default-1x,1546,4.699,3.47,3.50,0.0035,464,226
T-Default-1x,1547,4.703,3.29,3.29,0.0033,464,226
T-Default-1x,1548,4.706,2.99,3.01,0.0030,464,226
T-Default-1x,1549,4.709,3.28,3.29,0.0033,464,226
T-Default-1x,1550,4.712,3.04,3.00,0.0030,464,226
T-Default-1x,1551,4.715,3.31,3.30,0.0033,464,226
T-Default-1x,1552,4.718,2.99,3.00,0.0030,464,226
T-Default-1x,1553,4.721,2.97,2.98,0.0030,464,226
T-Default-1x,1554,4.725,3.32,3.31,0.0033,464,226
T-Default-1x,1555,4.728,2.91,2.89,0.0029,464,226
T-Default-1x,1556,4.730,2.87,2.90,0.0029,464,226
T-Default-1x,1557,4.734,3.10,3.11,0.0031,464,226
T-Default-1x,1558,4.737,3.13,3.10,0.0031,464,226
T-Default-1x,1559,4.740,3.10,3.10,0.0031,464,226
T-Default-1x,1560,4.743,3.08,3.09,0.0031,464,226
T-Default-1x,1561,4.746,3.39,3.32,0.0034,464,226
T-Default-1x,1562,4.750,3.54,3.59,0.0035,464,226
T-Default-1x,1563,4.753,3.61,3.59,0.0036,464,226
T-Default-1x,1564,4.757,3.64,3.62,0.0036,464,226
T-Default-1x,1565,4.760,3.14,3.17,0.0031,464,226
T-Default-1x,1566,4.763,3.11,3.11,0.0031,464,226
T-Default-1x,1567,4.767,3.40,3.40,0.0034,464,226
T-Default-1x,1568,4.770,2.97,2.99,0.0030,464,226
T-Default-1x,1569,4.773,3.04,3.01,0.0030,464,226
T-Default-1x,1570,4.776,3.08,3.09,0.0031,464,226
T-Default-1x,1571,4.779,3.00,3.00,0.0030,464,226
T-Default-1x,1572,4.782,3.30,3.30,0.0033,464,226
T-Default-1x,1573,4.785,2.99,2.99,0.0030,464,226
T-Default-1x,1574,4.788,2.99,3.01,0.0030,464,226
T-Default-1x,1575,4.791,3.31,3.30,0.0033,464,226
T-Default-1x,1576,4.794,3.09,3.09,0.0031,464,226
T-Default-1x,1577,4.798,3.73,3.71,0.0037,464,226
T-Default-1x,1578,4.801,3.27,3.28,0.0033,464,226
T-Default-1x,1579,4.805,3.08,3.09,0.0031,464,226
T-Default-1x,1580,4.808,3.32,3.31,0.0033,464,226
T-Default-1x,1581,4.811,3.11,3.10,0.0031,464,226
T-Default-1x,1582,4.814,3.29,3.29,0.0033,464,226
T-Default-1x,1583,4.817,3.21,3.21,0.0032,464,226
T-Default-1x,1584,4.821,3.19,3.20,0.0032,464,226
T-Default-1x,1585,4.824,3.19,3.19,0.0032,464,226
T-Default-1x,1586,4.827,2.80,2.79,0.0028,464,226
T-Default-1x,1587,4.830,3.01,3.00,0.0030,516,226
T-Default-1x,1588,4.833,3.09,3.10,0.0031,464,226
T-Default-1x,1589,4.836,3.00,2.99,0.0030,464,226
T-Default-1x,1590,4.839,2.77,2.80,0.0028,464,226
T-Default-1x,1591,4.842,3.14,3.11,0.0031,464,226
T-Default-1x,1592,4.845,3.29,3.28,0.0033,464,226
T-Default-1x,1593,4.848,3.42,3.40,0.0034,464,226
T-Default-1x,1594,4.852,3.28,3.29,0.0033,464,226
T-Default-1x,1595,4.855,3.00,3.00,0.0030,464,226
T-Default-1x,1596,4.858,3.30,3.30,0.0033,464,226
T-Default-1x,1597,4.861,2.90,2.90,0.0029,464,226
T-Default-1x,1598,4.864,2.88,2.90,0.0029,464,226
T-Default-1x,1599,4.867,3.10,3.10,0.0031,464,226
T-Default-1x,1600,4.870,2.89,2.89,0.0029,464,226
T-Default-1x,1601,4.873,3.33,3.30,0.0033,464,226
T-Default-1x,1602,4.876,3.21,3.20,0.0032,464,226
T-Default-1x,1603,4.879,3.18,3.20,0.0032,464,226
T-Default-1x,1604,4.883,3.20,3.19,0.0032,464,226
T-Default-1x,1605,4.886,2.98,3.00,0.0030,464,226
T-Default-1x,1606,4.889,2.90,2.90,0.0029,464,226
T-Default-1x,1607,4.892,3.24,3.22,0.0032,464,226
T-Default-1x,1608,4.895,3.51,3.48,0.0035,464,226
T-Default-1x,1609,4.899,3.48,3.50,0.0035,464,226
T-Default-1x,1610,4.902,3.52,3.51,0.0035,464,226
T-Default-1x,1611,4.905,3.16,3.18,0.0032,464,226
T-Default-1x,1612,4.909,3.11,3.11,0.0031,464,226
T-Default-1x,1613,4.912,3.11,3.10,0.0031,464,226
T-Default-1x,1614,4.915,3.32,3.29,0.0033,464,226
T-Default-1x,1615,4.918,3.18,3.20,0.0032,464,226
T-Default-1x,1616,4.921,2.96,2.99,0.0030,464,226
T-Default-1x,1617,4.924,3.25,3.21,0.0033,464,226
T-Default-1x,1618,4.927,3.08,3.10,0.0031,464,226
T-Default-1x,1619,4.930,2.87,2.89,0.0029,464,226
T-Default-1x,1620,4.933,3.13,3.10,0.0031,464,226
T-Default-1x,1621,4.937,3.30,3.31,0.0033,464,226
T-Default-1x,1622,4.940,3.20,3.20,0.0032,464,226
T-Default-1x,1623,4.943,3.20,3.19,0.0032,464,226
T-Default-1x,1624,4.946,3.19,3.20,0.0032,464,226
T-Default-1x,1625,4.950,3.31,3.31,0.0033,464,226
T-Default-1x,1626,4.953,2.98,2.99,0.0030,464,226
T-Default-1x,1627,4.956,2.89,2.89,0.0029,464,226
T-Default-1x,1628,4.959,3.15,3.11,0.0031,464,226
T-Default-1x,1629,4.962,2.96,3.00,0.0030,464,226
T-Default-1x,1630,4.965,3.04,3.01,0.0030,464,226
T-Default-1x,1631,4.968,2.97,2.98,0.0030,464,226
T-Default-1x,1632,4.971,2.99,3.00,0.0030,464,226
T-Default-1x,1633,4.974,3.26,3.21,0.0033,464,226
T-Default-1x,1634,4.977,3.19,3.19,0.0032,464,226
T-Default-1x,1635,4.980,2.97,2.99,0.0030,464,226
T-Default-1x,1636,4.983,3.23,3.20,0.0032,464,226
T-Default-1x,1637,4.986,3.19,3.19,0.0032,464,226
T-Default-1x,1638,4.990,3.24,3.22,0.0032,464,226
T-Default-1x,1639,4.993,3.09,3.09,0.0031,464,226
T-Default-1x,1640,4.996,3.18,3.19,0.0032,464,226
T-Default-1x,1641,4.999,3.38,3.39,0.0034,464,226
T-Default-1x,1642,5.003,3.34,3.30,0.0033,464,226
T-Default-1x,1643,5.006,2.84,2.89,0.0028,464,226
T-Default-1x,1644,5.009,3.12,3.11,0.0031,464,226
T-Default-1x,1645,5.012,3.35,3.30,0.0033,464,226
T-Default-1x,1646,5.015,3.45,3.40,0.0034,464,226
T-Default-1x,1647,5.019,3.34,3.40,0.0033,464,226
T-Default-1x,1648,5.022,3.19,3.19,0.0032,464,226
T-Default-1x,1649,5.025,3.31,3.30,0.0033,464,226
T-Default-1x,1650,5.029,3.30,3.29,0.0033,464,226
T-Default-1x,1651,5.032,3.20,3.20,0.0032,516,226
T-Default-1x,1652,5.035,3.20,3.20,0.0032,464,226
T-Default-1x,1653,5.038,2.90,2.90,0.0029,464,226
T-Default-1x,1654,5.041,3.30,3.30,0.0033,464,226
T-Default-1x,1655,5.044,3.09,3.09,0.0031,464,226
T-Default-1x,1656,5.047,2.89,2.90,0.0029,464,226
T-Default-1x,1657,5.050,3.10,3.09,0.0031,464,226
T-Default-1x,1658,5.053,3.10,3.09,0.0031,464,226
T-Default-1x,1659,5.056,3.11,3.11,0.0031,464,226
T-Default-1x,1660,5.060,3.08,3.10,0.0031,464,226
T-Default-1x,1661,5.063,3.01,3.00,0.0030,464,226
T-Default-1x,1662,5.066,3.19,3.20,0.0032,464,226
T-Default-1x,1663,5.069,2.98,2.96,0.0030,464,226
T-Default-1x,1664,5.072,3.11,3.13,0.0031,464,226
T-Default-1x,1665,5.075,3.12,3.10,0.0031,464,226
T-Default-1x,1666,5.078,3.00,3.00,0.0030,464,226
T-Default-1x,1667,5.081,3.11,3.09,0.0031,464,226
T-Default-1x,1668,5.084,3.10,3.12,0.0031,464,226
T-Default-1x,1669,5.087,2.98,2.97,0.0030,464,226
T-Default-1x,1670,5.090,3.24,3.21,0.0032,464,226
T-Default-1x,1671,5.093,2.96,2.99,0.0030,464,226
T-Default-1x,1672,5.096,2.78,2.79,0.0028,464,226
T-Default-1x,1673,5.100,3.43,3.40,0.0034,464,226
T-Default-1x,1674,5.103,3.43,3.41,0.0034,464,226
T-Default-1x,1675,5.106,3.49,3.49,0.0035,464,226
T-Default-1x,1676,5.110,3.18,3.19,0.0032,464,226
T-Default-1x,1677,5.113,3.51,3.50,0.0035,464,226
T-Default-1x,1678,5.116,3.29,3.30,0.0033,464,226
T-Default-1x,1679,5.120,3.11,3.10,0.0031,464,226
T-Default-1x,1680,5.123,3.23,3.21,0.0032,464,226
T-Default-1x,1681,5.126,3.16,3.18,0.0032,464,226
T-Default-1x,1682,5.129,3.11,3.10,0.0031,464,226
T-Default-1x,1683,5.132,3.29,3.30,0.0033,464,226
T-Default-1x,1684,5.135,3.00,3.00,0.0030,464,226
T-Default-1x,1685,5.138,2.91,2.90,0.0029,464,226
T-Default-1x,1686,5.142,3.51,3.50,0.0035,464,226
T-Default-1x,1687,5.145,3.06,3.09,0.0031,464,226
T-Default-1x,1688,5.148,3.12,3.11,0.0031,464,226
T-Default-1x,1689,5.151,2.98,2.99,0.0030,464,226
T-Default-1x,1690,5.154,3.11,3.10,0.0031,464,226
T-Default-1x,1691,5.157,3.09,3.10,0.0031,464,226
T-Default-1x,1692,5.160,3.01,3.00,0.0030,464,226
T-Default-1x,1693,5.163,2.76,2.79,0.0028,464,226
T-Default-1x,1694,5.166,3.14,3.11,0.0031,464,226
T-Default-1x,1695,5.169,2.96,2.99,0.0030,464,226
T-Default-1x,1696,5.172,2.81,2.81,0.0028,464,226
T-Default-1x,1697,5.175,3.14,3.11,0.0031,464,226
T-Default-1x,1698,5.178,3.20,3.20,0.0032,464,226
T-Default-1x,1699,5.181,3.29,3.29,0.0033,464,226
T-Default-1x,1700,5.185,3.20,3.21,0.0032,464,226
T-Default-1x,1701,5.188,3.00,2.99,0.0030,464,226
T-Default-1x,1702,5.191,3.39,3.40,0.0034,464,226
T-Default-1x,1703,5.194,3.11,3.09,0.0031,464,226
T-Default-1x,1704,5.197,2.77,2.79,0.0028,464,226
T-Default-1x,1705,5.200,3.10,3.10,0.0031,464,226
T-Default-1x,1706,5.203,3.11,3.10,0.0031,464,226
T-Default-1x,1707,5.206,3.11,3.10,0.0031,464,226
T-Default-1x,1708,5.210,3.41,3.41,0.0034,464,226
T-Default-1x,1709,5.213,2.97,2.98,0.0030,464,226
T-Default-1x,1710,5.216,3.30,3.31,0.0033,464,226
T-Default-1x,1711,5.219,2.99,3.00,0.0030,464,226
T-Default-1x,1712,5.222,2.79,2.79,0.0028,464,226
T-Default-1x,1713,5.225,3.25,3.21,0.0032,464,226
T-Default-1x,1714,5.228,3.07,3.08,0.0031,464,226
T-Default-1x,1715,5.231,3.23,3.20,0.0032,464,226
T-Default-1x,1716,5.235,3.30,3.31,0.0033,516,226
T-Default-1x,1717,5.238,3.09,3.10,0.0031,464,226
T-Default-1x,1718,5.241,3.00,2.99,0.0030,464,226
T-Default-1x,1719,5.244,2.89,2.89,0.0029,464,226
T-Default-1x,1720,5.247,3.02,3.00,0.0030,464,226
T-Default-1x,1721,5.250,3.28,3.30,0.0033,464,226
T-Default-1x,1722,5.253,3.00,3.01,0.0030,464,226
T-Default-1x,1723,5.256,2.79,2.80,0.0028,464,226
T-Default-1x,1724,5.259,3.02,3.00,0.0030,464,226
T-Default-1x,1725,5.262,2.90,2.89,0.0029,464,226
T-Default-1x,1726,5.265,3.02,3.00,0.0030,464,226
T-Default-1x,1727,5.268,3.08,3.10,0.0031,464,226
T-Default-1x,1728,5.271,3.13,3.11,0.0031,464,226
T-Default-1x,1729,5.274,3.18,3.19,0.0032,464,226
T-Default-1x,1730,5.277,2.87,2.89,0.0029,464,226
T-Default-1x,1731,5.280,2.90,2.91,0.0029,464,226
T-Default-1x,1732,5.283,3.22,3.21,0.0032,464,226
T-Default-1x,1733,5.286,3.12,3.11,0.0031,464,226
T-Default-1x,1734,5.289,2.67,2.70,0.0027,464,226
T-Default-1x,1735,5.292,3.20,3.19,0.0032,464,226
T-Default-1x,1736,5.295,3.11,3.10,0.0031,464,226
T-Default-1x,1737,5.298,3.11,3.10,0.0031,464,226
T-Default-1x,1738,5.301,3.07,3.10,0.0031,464,226
T-Default-1x,1739,5.304,2.90,2.90,0.0029,464,226
T-Default-1x,1740,5.307,3.23,3.21,0.0032,464,226
T-Default-1x,1741,5.310,2.91,2.90,0.0029,464,226
T-Default-1x,1742,5.313,2.85,2.88,0.0028,464,226
T-Default-1x,1743,5.316,3.03,3.02,0.0030,464,226
T-Default-1x,1744,5.319,2.90,2.89,0.0029,464,226
T-Default-1x,1745,5.322,2.77,2.79,0.0028,464,226
T-Default-1x,1746,5.325,3.13,3.12,0.0031,464,226
T-Default-1x,1747,5.328,2.89,2.88,0.0029,464,226
T-Default-1x,1748,5.331,3.13,3.11,0.0031,464,226
T-Default-1x,1749,5.334,2.88,2.89,0.0029,464,226
T-Default-1x,1750,5.337,2.92,2.90,0.0029,464,226
T-Default-1x,1751,5.340,2.98,3.00,0.0030,464,226
T-Default-1x,1752,5.343,3.32,3.29,0.0033,464,226
T-Default-1x,1753,5.347,3.54,3.51,0.0035,464,226
T-Default-1x,1754,5.350,3.34,3.37,0.0033,464,226
T-Default-1x,1755,5.353,3.15,3.12,0.0031,464,226
T-Default-1x,1756,5.356,3.26,3.29,0.0033,464,226
T-Default-1x,1757,5.360,3.21,3.20,0.0032,464,226
T-Default-1x,1758,5.363,3.32,3.30,0.0033,464,226
T-Default-1x,1759,5.366,3.39,3.41,0.0034,464,226
T-Default-1x,1760,5.369,3.06,3.07,0.0031,464,226
T-Default-1x,1761,5.372,2.89,2.89,0.0029,464,226
T-Default-1x,1762,5.375,3.22,3.21,0.0032,464,226
T-Default-1x,1763,5.379,3.11,3.10,0.0031,464,226
T-Default-1x,1764,5.382,3.09,3.09,0.0031,464,226
T-Default-1x,1765,5.385,3.18,3.20,0.0032,464,226
T-Default-1x,1766,5.388,2.99,3.00,0.0030,464,226
T-Default-1x,1767,5.391,3.20,3.20,0.0032,464,226
T-Default-1x,1768,5.394,2.92,2.91,0.0029,464,226
T-Default-1x,1769,5.397,2.78,2.79,0.0028,464,226
T-Default-1x,1770,5.400,3.14,3.13,0.0031,464,226
T-Default-1x,1771,5.403,3.09,3.07,0.0031,464,226
T-Default-1x,1772,5.406,3.10,3.11,0.0031,464,226
T-Default-1x,1773,5.409,2.97,2.99,0.0030,464,226
T-Default-1x,1774,5.412,3.02,3.01,0.0030,464,226
T-Default-1x,1775,5.415,3.14,3.11,0.0031,464,226
T-Default-1x,1776,5.418,3.08,3.08,0.0031,464,226
T-Default-1x,1777,5.421,2.84,2.89,0.0028,464,226
T-Default-1x,1778,5.424,3.03,3.00,0.0030,464,226
T-Default-1x,1779,5.427,2.79,2.80,0.0028,464,226
T-Default-1x,1780,5.430,2.90,2.90,0.0029,464,226
T-Default-1x,1781,5.433,3.20,3.20,0.0032,464,226
T-Default-1x,1782,5.436,2.92,2.92,0.0029,516,226
T-Default-1x,1783,5.439,2.76,2.78,0.0028,464,226
T-Default-1x,1784,5.442,3.01,3.00,0.0030,464,226
T-Default-1x,1785,5.445,3.00,2.99,0.0030,464,226
T-Default-1x,1786,5.447,2.58,2.59,0.0026,464,226
T-Default-1x,1787,5.450,2.93,2.92,0.0029,464,226
T-Default-1x,1788,5.453,3.04,3.00,0.0030,464,226
T-Default-1x,1789,5.456,3.18,3.19,0.0032,464,226
T-Default-1x,1790,5.460,3.09,3.11,0.0031,464,226
T-Default-1x,1791,5.462,2.88,2.89,0.0029,464,226
T-Default-1x,1792,5.466,3.13,3.11,0.0031,464,226
T-Default-1x,1793,5.469,3.16,3.17,0.0032,464,226
T-Default-1x,1794,5.472,2.83,2.82,0.0028,464,226
T-Default-1x,1795,5.475,3.43,3.41,0.0034,464,226
T-Default-1x,1796,5.478,2.87,2.88,0.0029,464,226
T-Default-1x,1797,5.481,3.03,3.01,0.0030,464,226
T-Default-1x,1798,5.484,3.18,3.19,0.0032,464,226
T-Default-1x,1799,5.487,3.10,3.10,0.0031,464,226
T-Default-1x,1800,5.490,3.21,3.21,0.0032,464,226
T-Default-1x,1801,5.493,3.00,3.00,0.0030,464,226
T-Default-1x,1802,5.496,2.87,2.89,0.0029,464,226
T-Default-1x,1803,5.499,3.11,3.10,0.0031,464,226
T-Default-1x,1804,5.502,2.90,2.90,0.0029,464,226
T-Default-1x,1805,5.505,2.79,2.80,0.0028,464,226
T-Default-1x,1806,5.508,3.00,3.00,0.0030,464,226
T-Default-1x,1807,5.511,3.04,3.00,0.0030,464,226
T-Default-1x,1808,5.514,2.88,2.89,0.0029,464,226
T-Default-1x,1809,5.517,3.09,3.11,0.0031,464,226
T-Default-1x,1810,5.520,3.01,3.00,0.0030,464,226
T-Default-1x,1811,5.523,3.01,2.99,0.0030,464,226
T-Default-1x,1812,5.526,2.98,3.00,0.0030,464,226
T-Default-1x,1813,5.529,3.02,3.00,0.0030,464,226
T-Default-1x,1814,5.532,3.18,3.19,0.0032,464,226
T-Default-1x,1815,5.535,3.01,3.01,0.0030,464,226
T-Default-1x,1816,5.538,2.89,2.89,0.0029,464,226
T-Default-1x,1817,5.541,3.20,3.20,0.0032,464,226
T-Default-1x,1818,5.544,2.90,2.90,0.0029,464,226
T-Default-1x,1819,5.547,2.79,2.79,0.0028,464,226
T-Default-1x,1820,5.550,3.00,2.99,0.0030,464,226
T-Default-1x,1821,5.553,3.03,3.01,0.0030,464,226
T-Default-1x,1822,5.556,3.11,3.09,0.0031,464,226
T-Default-1x,1823,5.559,3.18,3.19,0.0032,464,226
T-Default-1x,1824,5.562,3.00,3.00,0.0030,464,226
T-Default-1x,1825,5.566,3.18,3.18,0.0032,464,226
T-Default-1x,1826,5.569,3.18,3.19,0.0032,464,226
T-Default-1x,1827,5.572,2.80,2.81,0.0028,464,226
T-Default-1x,1828,5.575,3.12,3.10,0.0031,464,226
T-Default-1x,1829,5.578,2.90,2.90,0.0029,464,226
T-Default-1x,1830,5.580,2.90,2.90,0.0029,464,226
T-Default-1x,1831,5.584,3.21,3.21,0.0032,464,226
T-Default-1x,1832,5.587,3.01,3.00,0.0030,464,226
T-Default-1x,1833,5.590,3.01,3.00,0.0030,464,226
T-Default-1x,1834,5.593,3.19,3.20,0.0032,464,226
T-Default-1x,1835,5.596,3.29,3.29,0.0033,464,226
T-Default-1x,1836,5.599,3.30,3.30,0.0033,464,226
T-Default-1x,1837,5.603,3.11,3.10,0.0031,464,226
T-Default-1x,1838,5.605,2.87,2.90,0.0029,464,226
T-Default-1x,1839,5.608,3.03,3.01,0.0030,464,226
T-Default-1x,1840,5.611,2.99,2.99,0.0030,464,226
T-Default-1x,1841,5.615,3.21,3.20,0.0032,464,226
T-Default-1x,1842,5.618,3.11,3.11,0.0031,464,226
T-Default-1x,1843,5.621,2.86,2.88,0.0029,464,226
T-Default-1x,1844,5.624,3.14,3.11,0.0031,464,226
T-Default-1x,1845,5.627,2.98,2.99,0.0030,464,226
T-Default-1x,1846,5.630,2.89,2.89,0.0029,464,226
T-Default-1x,1847,5.633,3.20,3.20,0.0032,464,226
T-Default-1x,1848,5.636,2.79,2.79,0.0028,464,226
T-Default-1x,1849,5.638,2.79,2.81,0.0028,516,226
T-Default-1x,1850,5.641,3.01,3.00,0.0030,464,226
T-Default-1x,1851,5.644,2.92,2.90,0.0029,464,226
T-Default-1x,1852,5.647,2.99,3.00,0.0030,464,226
T-Default-1x,1853,5.650,3.10,3.09,0.0031,464,226
T-Default-1x,1854,5.653,3.01,3.02,0.0030,464,226
T-Default-1x,1855,5.657,3.09,3.08,0.0031,464,226
T-Default-1x,1856,5.660,3.00,3.00,0.0030,464,226
T-Default-1x,1857,5.662,2.90,2.90,0.0029,464,226
T-Default-1x,1858,5.666,3.10,3.10,0.0031,464,226
T-Default-1x,1859,5.669,3.17,3.18,0.0032,464,226
T-Default-1x,1860,5.672,2.80,2.82,0.0028,464,226
T-Default-1x,1861,5.675,3.24,3.22,0.0032,464,226
T-Default-1x,1862,5.678,2.78,2.78,0.0028,464,226
T-Default-1x,1863,5.680,2.80,2.80,0.0028,464,226
T-Default-1x,1864,5.683,3.00,3.00,0.0030,464,226
T-Default-1x,1865,5.750,3.37,3.38,0.0034,464,226
T-Default-1x,1866,5.754,3.18,3.19,0.0032,464,226
T-Default-1x,1867,5.757,3.52,3.51,0.0035,464,226
T-Default-1x,1868,5.760,3.09,3.11,0.0031,464,226
T-Default-1x,1869,5.763,2.88,2.89,0.0029,464,226
T-Default-1x,1870,5.766,3.29,3.29,0.0033,464,226
T-Default-1x,1871,5.769,3.00,3.00,0.0030,464,226
T-Default-1x,1872,5.773,3.27,3.22,0.0033,464,226
T-Default-1x,1873,5.776,3.14,3.17,0.0031,464,226
T-Default-1x,1874,5.779,3.00,3.00,0.0030,464,226
T-Default-1x,1875,5.782,3.61,3.62,0.0036,464,226
T-Default-1x,1876,5.785,3.10,3.09,0.0031,464,226
T-Default-1x,1877,5.788,2.66,2.70,0.0027,464,226
T-Default-1x,1878,5.791,2.92,2.90,0.0029,464,226
T-Default-1x,1879,5.794,3.02,3.01,0.0030,464,226
T-Default-1x,1880,5.797,2.85,2.89,0.0029,464,226
T-Default-1x,1881,5.800,3.13,3.10,0.0031,464,226
T-Default-1x,1882,5.803,3.00,3.00,0.0030,464,226
T-Default-1x,1883,5.806,3.02,3.00,0.0030,464,226
T-Default-1x,1884,5.809,2.97,3.00,0.0030,464,226
T-Default-1x,1885,5.812,3.03,3.00,0.0030,464,226
T-Default-1x,1886,5.815,3.18,3.19,0.0032,464,226
T-Default-1x,1887,5.818,2.90,2.91,0.0029,464,226
T-Default-1x,1888,5.821,2.78,2.79,0.0028,464,226
T-Default-1x,1889,5.824,3.23,3.20,0.0032,464,226
T-Default-1x,1890,5.827,2.90,2.90,0.0029,464,226
T-Default-1x,1891,5.830,2.77,2.78,0.0028,464,226
T-Default-1x,1892,5.833,3.34,3.31,0.0033,464,226
T-Default-1x,1893,5.836,3.09,3.09,0.0031,464,226
T-Default-1x,1894,5.839,3.13,3.11,0.0031,516,226
T-Default-1x,1895,5.843,3.17,3.20,0.0032,464,226
T-Default-1x,1896,5.846,3.11,3.10,0.0031,464,226
T-Default-1x,1897,5.849,3.32,3.31,0.0033,464,226
T-Default-1x,1898,5.852,3.16,3.17,0.0032,464,226
T-Default-1x,1899,5.855,2.80,2.81,0.0028,464,226
T-Default-1x,1900,5.858,3.20,3.19,0.0032,464,226
T-Default-1x,1901,5.861,2.99,3.00,0.0030,464,226
T-Default-1x,1902,5.864,2.80,2.80,0.0028,464,226
T-Default-1x,1903,5.867,3.10,3.10,0.0031,464,226
T-Default-1x,1904,5.870,2.88,2.89,0.0029,464,226
T-Default-1x,1905,5.873,3.15,3.12,0.0032,464,226
T-Default-1x,1906,5.876,3.18,3.20,0.0032,464,226
T-Default-1x,1907,5.879,2.87,2.89,0.0029,464,226
T-Default-1x,1908,5.882,3.11,3.10,0.0031,464,226
T-Default-1x,1909,5.885,2.89,2.90,0.0029,464,226
T-Default-1x,1910,5.888,2.79,2.79,0.0028,464,226
T-Default-1x,1911,5.891,3.22,3.21,0.0032,464,226
T-Default-1x,1912,5.894,2.89,2.88,0.0029,464,226
T-Default-1x,1913,5.897,2.69,2.71,0.0027,464,226
T-Default-1x,1914,5.900,3.12,3.10,0.0031,464,226
T-Default-1x,1915,5.903,3.10,3.09,0.0031,464,226
T-Default-1x,1916,5.906,3.05,3.00,0.0030,464,226
T-Default-1x,1917,5.909,3.04,3.09,0.0030,464,226
T-Default-1x,1918,5.912,2.90,2.90,0.0029,464,226
T-Default-1x,1919,5.915,3.07,3.02,0.0031,464,226
T-Default-1x,1920,5.918,2.95,2.99,0.0029,464,226
T-Default-1x,1921,5.921,2.89,2.88,0.0029,464,226
T-Default-1x,1922,5.924,3.11,3.11,0.0031,464,226
T-Default-1x,1923,5.927,2.69,2.69,0.0027,464,226
T-Default-1x,1924,5.929,2.78,2.80,0.0028,464,226
T-Default-1x,1925,5.933,3.12,3.10,0.0031,464,226
T-Default-1x,1926,5.935,2.90,2.90,0.0029,464,226
T-Default-1x,1927,5.938,2.67,2.69,0.0027,464,226
T-Default-1x,1928,5.941,3.02,3.00,0.0030,464,226
T-Default-1x,1929,5.944,2.94,2.90,0.0029,464,226
T-Default-1x,1930,5.947,2.86,2.89,0.0029,464,226
T-Default-1x,1931,5.950,3.21,3.20,0.0032,464,226
T-Default-1x,1932,5.953,3.23,3.19,0.0032,464,226
T-Default-1x,1933,5.956,3.08,3.10,0.0031,464,226
T-Default-1x,1934,5.960,3.09,3.10,0.0031,464,226
T-Default-1x,1935,5.962,2.88,2.89,0.0029,464,226
T-Default-1x,1936,5.965,3.05,3.01,0.0030,464,226
T-Default-1x,1937,5.968,2.88,2.90,0.0029,464,226
T-Default-1x,1938,5.971,2.88,2.89,0.0029,464,226
T-Default-1x,1939,5.974,3.11,3.10,0.0031,464,226
T-Default-1x,1940,5.977,2.89,2.90,0.0029,464,226
T-Default-1x,1941,5.980,2.70,2.71,0.0027,464,226
T-Default-1x,1942,5.983,3.23,3.20,0.0032,464,226
T-Default-1x,1943,5.986,2.91,2.90,0.0029,464,226
T-Default-1x,1944,5.989,2.83,2.81,0.0028,464,226
T-Default-1x,1945,5.992,3.15,3.19,0.0032,464,226
T-Default-1x,1946,5.995,3.24,2.98,0.0032,464,226
T-Default-1x,1947,5.999,3.32,3.51,0.0033,464,226
T-Default-1x,1948,6.002,3.24,3.30,0.0032,464,226
T-Default-1x,1949,6.005,2.93,2.90,0.0029,464,226
T-Default-1x,1950,6.008,3.18,3.20,0.0032,464,226
T-Default-1x,1951,6.011,2.87,2.87,0.0029,464,226
T-Default-1x,1952,6.014,2.70,2.71,0.0027,464,226
T-Default-1x,1953,6.017,3.02,3.00,0.0030,464,226
T-Default-1x,1954,6.019,2.90,2.89,0.0029,464,226
T-Default-1x,1955,6.022,3.02,3.01,0.0030,464,226
T-Default-1x,1956,6.026,3.09,3.10,0.0031,464,226
T-Default-1x,1957,6.029,3.22,3.20,0.0032,464,226
T-Default-1x,1958,6.032,3.39,3.39,0.0034,464,226
T-Default-1x,1959,6.035,2.99,2.99,0.0030,464,226
T-Default-1x,1960,6.038,2.90,2.90,0.0029,464,226
T-Default-1x,1961,6.041,3.19,3.20,0.0032,516,226
T-Default-1x,1962,6.044,2.88,2.90,0.0029,464,226
T-Default-1x,1963,6.047,2.83,2.81,0.0028,464,226
T-Default-1x,1964,6.050,3.19,3.19,0.0032,464,226
T-Default-1x,1965,6.053,3.00,2.99,0.0030,464,226
T-Default-1x,1966,6.056,3.24,3.22,0.0032,464,226
T-Default-1x,1967,6.059,2.95,2.98,0.0030,464,226
T-Default-1x,1968,6.062,2.92,2.91,0.0029,464,226
T-Default-1x,1969,6.065,3.20,3.19,0.0032,464,226
T-Default-1x,1970,6.068,2.90,2.91,0.0029,464,226
T-Default-1x,1971,6.071,2.89,2.89,0.0029,464,226
T-Default-1x,1972,6.074,3.09,3.10,0.0031,464,226
T-Default-1x,1973,6.077,2.91,2.90,0.0029,464,226
T-Default-1x,1974,6.080,2.77,2.78,0.0028,464,226
T-Default-1x,1975,6.083,3.14,3.11,0.0031,464,226
T-Default-1x,1976,6.086,2.99,2.99,0.0030,464,226
T-Default-1x,1977,6.089,2.88,2.89,0.0029,464,226
T-Default-1x,1978,6.092,3.22,3.21,0.0032,464,226
T-Default-1x,1979,6.095,3.11,3.10,0.0031,464,226
T-Default-1x,1980,6.099,3.21,3.20,0.0032,464,226
T-Default-1x,1981,6.102,3.07,3.10,0.0031,464,226
T-Default-1x,1982,6.105,2.90,2.90,0.0029,464,226
T-Default-1x,1983,6.108,3.22,3.20,0.0032,464,226
T-Default-1x,1984,6.111,2.98,3.00,0.0030,464,226
T-Default-1x,1985,6.113,2.71,2.72,0.0027,464,226
T-Default-1x,1986,6.116,2.99,2.98,0.0030,464,226
T-Default-1x,1987,6.119,2.80,2.79,0.0028,464,226
T-Default-1x,1988,6.122,2.91,2.91,0.0029,464,226
T-Default-1x,1989,6.125,3.11,3.10,0.0031,464,226
T-Default-1x,1990,6.128,2.87,2.88,0.0029,464,226
T-Default-1x,1991,6.131,2.94,2.91,0.0029,464,226
T-Default-1x,1992,6.134,2.98,2.99,0.0030,464,226
T-Default-1x,1993,6.137,2.82,2.80,0.0028,464,226
T-Default-1x,1994,6.140,3.01,3.01,0.0030,464,226
T-Default-1x,1995,6.143,3.20,3.19,0.0032,464,226
T-Default-1x,1996,6.146,3.19,3.20,0.0032,464,226
T-Default-1x,1997,6.149,3.08,3.09,0.0031,464,226
T-Default-1x,1998,6.152,2.80,2.80,0.0028,464,226
T-Default-1x,1999,6.155,2.79,2.79,0.0028,464,226
T-Default-1x,2000,6.158,3.04,3.01,0.0030,464,226
T-Default-1x,2001,6.161,3.20,3.20,0.0032,464,226
T-Default-1x,2002,6.164,2.99,2.99,0.0030,464,226
T-Default-1x,2003,6.167,3.09,3.10,0.0031,464,226
T-Default-1x,2004,6.170,3.10,3.10,0.0031,464,226
T-Default-1x,2005,6.174,3.32,3.30,0.0033,464,226
T-Default-1x,2006,6.177,2.87,2.90,0.0029,464,226
T-Default-1x,2007,6.179,2.90,2.89,0.0029,464,226
T-Default-1x,2008,6.183,3.21,3.20,0.0032,464,226
T-Default-1x,2009,6.186,2.90,2.91,0.0029,464,226
T-Default-1x,2010,6.188,2.67,2.69,0.0027,464,226
T-Default-1x,2011,6.192,3.39,3.32,0.0034,464,226
T-Default-1x,2012,6.195,3.23,3.28,0.0032,464,226
T-Default-1x,2013,6.198,2.92,2.89,0.0029,464,226
T-Default-1x,2014,6.201,3.09,3.11,0.0031,464,226
T-Default-1x,2015,6.204,3.13,3.10,0.0031,464,226
T-Default-1x,2016,6.207,3.38,3.40,0.0034,464,226
T-Default-1x,2017,6.210,3.10,3.09,0.0031,464,226
T-Default-1x,2018,6.213,2.87,2.90,0.0029,464,226
T-Default-1x,2019,6.217,3.22,3.21,0.0032,464,226
T-Default-1x,2020,6.220,3.06,3.07,0.0031,464,226
T-Default-1x,2021,6.222,2.78,2.80,0.0028,464,226
T-Default-1x,2022,6.225,3.02,3.01,0.0030,464,226
T-Default-1x,2023,6.229,3.14,3.11,0.0031,464,226
T-Default-1x,2024,6.232,3.18,3.19,0.0032,464,226
T-Default-1x,2025,6.235,3.10,3.10,0.0031,464,226
T-Default-1x,2026,6.238,3.10,3.11,0.0031,464,226
T-Default-1x,2027,6.241,3.22,3.20,0.0032,464,226
T-Default-1x,2028,6.244,2.96,2.99,0.0030,516,226
T-Default-1x,2029,6.247,2.77,2.79,0.0028,464,226
T-Default-1x,2030,6.250,3.02,3.00,0.0030,464,226
T-Default-1x,2031,6.253,3.12,3.10,0.0031,464,226
T-Default-1x,2032,6.256,3.03,3.01,0.0030,464,226
T-Default-1x,2033,6.259,3.16,3.19,0.0032,464,226
T-Default-1x,2034,6.262,3.01,2.99,0.0030,464,226
T-Default-1x,2035,6.266,3.39,3.41,0.0034,464,226
T-Default-1x,2036,6.269,3.08,3.07,0.0031,464,226
T-Default-1x,2037,6.272,2.80,2.83,0.0028,464,226
T-Default-1x,2038,6.275,3.32,3.30,0.0033,464,226
T-Default-1x,2039,6.278,3.01,3.00,0.0030,464,226
T-Default-1x,2040,6.281,2.96,2.90,0.0030,464,226
T-Default-1x,2041,6.284,3.14,3.19,0.0031,464,226
T-Default-1x,2042,6.287,2.98,2.99,0.0030,464,226
T-Default-1x,2043,6.290,3.03,3.00,0.0030,464,226
T-Default-1x,2044,6.293,3.00,3.00,0.0030,464,226
T-Default-1x,2045,6.296,2.99,3.00,0.0030,464,226
T-Default-1x,2046,6.299,3.22,3.19,0.0032,464,226
T-Default-1x,2047,6.302,3.08,3.10,0.0031,464,226
T-Default-1x,2048,6.305,3.01,3.00,0.0030,464,226
T-Default-1x,2049,6.308,3.08,3.09,0.0031,464,226
T-Default-1x,2050,6.311,3.02,3.00,0.0030,464,226
T-Default-1x,2051,6.315,3.42,3.40,0.0034,464,226
T-Default-1x,2052,6.318,3.19,3.20,0.0032,464,226
T-Default-1x,2053,6.321,3.07,3.09,0.0031,464,226
T-Default-1x,2054,6.324,3.25,3.22,0.0033,464,226
T-Default-1x,2055,6.327,2.98,2.99,0.0030,464,226
T-Default-1x,2056,6.330,2.78,2.80,0.0028,464,226
T-Default-1x,2057,6.333,3.13,3.11,0.0031,464,226
T-Default-1x,2058,6.336,2.89,2.88,0.0029,464,226
T-Default-1x,2059,6.339,2.78,2.80,0.0028,464,226
T-Default-1x,2060,6.342,2.99,2.99,0.0030,464,226
T-Default-1x,2061,6.345,3.01,3.01,0.0030,464,226
T-Default-1x,2062,6.348,3.13,3.10,0.0031,464,226
T-Default-1x,2063,6.351,2.96,2.99,0.0030,464,226
T-Default-1x,2064,6.354,2.91,2.90,0.0029,464,226
T-Default-1x,2065,6.357,3.21,3.20,0.0032,464,226
T-Default-1x,2066,6.360,3.01,2.99,0.0030,464,226
T-Default-1x,2067,6.363,2.97,3.01,0.0030,464,226
T-Default-1x,2068,6.366,3.03,3.00,0.0030,464,226
T-Default-1x,2069,6.369,3.31,3.30,0.0033,464,226
T-Default-1x,2070,6.372,2.98,2.99,0.0030,464,226
T-Default-1x,2071,6.375,3.11,3.10,0.0031,464,226
T-Default-1x,2072,6.379,3.10,3.09,0.0031,464,226
T-Default-1x,2073,6.382,3.01,3.00,0.0030,464,226
T-Default-1x,2074,6.385,3.08,3.10,0.0031,464,226
T-Default-1x,2075,6.388,2.88,2.88,0.0029,464,226
T-Default-1x,2076,6.391,3.23,3.22,0.0032,464,226
T-Default-1x,2077,6.394,3.10,3.10,0.0031,464,226
T-Default-1x,2078,6.397,2.77,2.79,0.0028,464,226
T-Default-1x,2079,6.400,3.22,3.20,0.0032,464,226
T-Default-1x,2080,6.403,3.08,3.09,0.0031,464,226
T-Default-1x,2081,6.406,3.13,3.11,0.0031,464,226
T-Default-1x,2082,6.409,3.07,3.10,0.0031,464,226
T-Default-1x,2083,6.412,3.12,3.09,0.0031,464,226
T-Default-1x,2084,6.415,3.19,3.21,0.0032,464,226
T-Default-1x,2085,6.418,2.91,2.89,0.0029,464,226
T-Default-1x,2086,6.421,2.89,2.91,0.0029,464,226
T-Default-1x,2087,6.424,3.21,3.19,0.0032,464,226
T-Default-1x,2088,6.428,3.08,3.10,0.0031,464,226
T-Default-1x,2089,6.430,2.79,2.80,0.0028,464,226
T-Default-1x,2090,6.433,3.11,3.10,0.0031,464,226
T-Default-1x,2091,6.437,3.30,3.29,0.0033,464,226
T-Default-1x,2092,6.440,3.12,3.12,0.0031,464,226
T-Default-1x,2093,6.443,3.19,3.20,0.0032,464,226
T-Default-1x,2094,6.446,2.97,2.99,0.0030,516,226
T-Default-1x,2095,6.449,3.22,3.20,0.0032,464,226
T-Default-1x,2096,6.453,3.23,3.20,0.0032,464,226
T-Default-1x,2097,6.456,3.18,3.20,0.0032,464,226
T-Default-1x,2098,6.459,3.18,3.19,0.0032,464,226
T-Default-1x,2099,6.462,2.89,2.90,0.0029,464,226
T-Default-1x,2100,6.465,3.14,3.11,0.0031,464,226
T-Default-1x,2101,6.468,3.07,3.09,0.0031,464,226
T-Default-1x,2102,6.471,3.01,2.99,0.0030,464,226
T-Default-1x,2103,6.474,3.20,3.21,0.0032,464,226
T-Default-1x,2104,6.477,2.90,2.91,0.0029,464,226
T-Default-1x,2105,6.480,2.89,2.89,0.0029,464,226
T-Default-1x,2106,6.483,3.12,3.10,0.0031,464,226
T-Default-1x,2107,6.486,3.10,3.10,0.0031,464,226
T-Default-1x,2108,6.489,3.01,2.99,0.0030,464,226
T-Default-1x,2109,6.492,3.19,3.19,0.0032,464,226
T-Default-1x,2110,6.496,3.19,3.20,0.0032,464,226
T-Default-1x,2111,6.499,3.22,3.20,0.0032,464,226
T-Default-1x,2112,6.502,2.89,2.89,0.0029,464,226
T-Default-1x,2113,6.505,2.90,2.90,0.0029,464,226
T-Default-1x,2114,6.508,3.20,3.20,0.0032,464,226
T-Default-1x,2115,6.511,3.00,3.00,0.0030,464,226
T-Default-1x,2116,6.514,2.77,2.79,0.0028,464,226
T-Default-1x,2117,6.517,3.22,3.21,0.0032,464,226
T-Default-1x,2118,6.520,3.11,3.10,0.0031,464,226
T-Default-1x,2119,6.523,3.24,3.20,0.0032,464,226
T-Default-1x,2120,6.526,3.18,3.19,0.0032,464,226
T-Default-1x,2121,6.529,2.97,2.99,0.0030,464,226
T-Default-1x,2122,6.532,3.22,3.21,0.0032,464,226
T-Default-1x,2123,6.536,3.32,3.30,0.0033,464,226
T-Default-1x,2124,6.539,2.97,3.00,0.0030,464,226
T-Default-1x,2125,6.542,3.11,3.09,0.0031,464,226
T-Default-1x,2126,6.545,3.21,3.20,0.0032,464,226
T-Default-1x,2127,6.548,3.20,3.20,0.0032,464,226
T-Default-1x,2128,6.551,3.21,3.20,0.0032,464,226
T-Default-1x,2129,6.555,3.16,3.19,0.0032,464,226
T-Default-1x,2130,6.558,3.32,3.30,0.0033,464,226
T-Default-1x,2131,6.561,3.08,3.09,0.0031,464,226
T-Default-1x,2132,6.564,2.79,2.80,0.0028,464,226
T-Default-1x,2133,6.567,3.13,3.11,0.0031,464,226
T-Default-1x,2134,6.570,2.98,3.00,0.0030,464,226
T-Default-1x,2135,6.573,3.01,3.00,0.0030,464,226
T-Default-1x,2136,6.576,3.31,3.30,0.0033,464,226
T-Default-1x,2137,6.579,2.98,2.99,0.0030,464,226
T-Default-1x,2138,6.582,3.23,3.20,0.0032,464,226
T-Default-1x,2139,6.585,2.98,3.00,0.0030,464,226
T-Default-1x,2140,6.588,2.87,2.90,0.0029,464,226
T-Default-1x,2141,6.591,3.12,3.10,0.0031,464,226
T-Default-1x,2142,6.595,3.10,3.09,0.0031,464,226
T-Default-1x,2143,6.598,3.14,3.12,0.0031,464,226
T-Default-1x,2144,6.601,3.06,3.08,0.0031,464,226
T-Default-1x,2145,6.604,3.11,3.10,0.0031,464,226
T-Default-1x,2146,6.607,3.20,3.20,0.0032,464,226
T-Default-1x,2147,6.610,2.99,2.99,0.0030,464,226
T-Default-1x,2148,6.613,2.89,2.90,0.0029,464,226
T-Default-1x,2149,6.616,3.20,3.19,0.0032,464,226
T-Default-1x,2150,6.619,3.20,3.20,0.0032,464,226
T-Default-1x,2151,6.622,3.02,3.00,0.0030,464,226
T-Default-1x,2152,6.625,3.08,3.09,0.0031,464,226
T-Default-1x,2153,6.628,3.02,3.00,0.0030,464,226
T-Default-1x,2154,6.632,3.10,3.10,0.0031,464,226
T-Default-1x,2155,6.635,2.97,2.99,0.0030,464,226
T-Default-1x,2156,6.637,2.92,2.91,0.0029,464,226
T-Default-1x,2157,6.641,3.30,3.30,0.0033,464,226
T-Default-1x,2158,6.644,3.09,3.09,0.0031,464,226
T-Default-1x,2159,6.647,2.79,2.80,0.0028,516,226
T-Default-1x,2160,6.650,3.23,3.21,0.0032,464,226
T-Default-1x,2161,6.653,3.09,3.09,0.0031,464,226
T-Default-1x,2162,6.656,3.12,3.10,0.0031,464,226
T-Default-1x,2163,6.660,3.46,3.41,0.0035,464,226
T-Default-1x,2164,6.663,3.22,3.29,0.0032,464,226
T-Default-1x,2165,6.666,3.00,2.99,0.0030,464,226
T-Default-1x,2166,6.669,2.98,2.99,0.0030,464,226
T-Default-1x,2167,6.672,2.92,2.91,0.0029,464,226
T-Default-1x,2168,6.675,3.23,3.20,0.0032,464,226
T-Default-1x,2169,6.678,2.98,2.99,0.0030,464,226
T-Default-1x,2170,6.681,3.14,3.11,0.0031,464,226
T-Default-1x,2171,6.684,3.16,3.20,0.0032,464,226
T-Default-1x,2172,6.687,3.00,3.00,0.0030,464,226
T-Default-1x,2173,6.691,3.35,3.31,0.0033,464,226
T-Default-1x,2174,6.694,3.16,3.19,0.0032,464,226
T-Default-1x,2175,6.697,2.88,2.90,0.0029,464,226
T-Default-1x,2176,6.700,3.43,3.40,0.0034,464,226
T-Default-1x,2177,6.703,3.31,3.29,0.0033,464,226
T-Default-1x,2178,6.706,3.20,3.21,0.0032,464,226
T-Default-1x,2179,6.710,3.08,3.09,0.0031,464,226
T-Default-1x,2180,6.713,2.99,2.99,0.0030,464,226
T-Default-1x,2181,6.716,3.23,3.20,0.0032,464,226
T-Default-1x,2182,6.719,2.96,2.99,0.0030,464,226
T-Default-1x,2183,6.722,2.90,2.90,0.0029,464,226
T-Default-1x,2184,6.725,3.31,3.29,0.0033,464,226
T-Default-1x,2185,6.729,3.75,3.71,0.0037,464,226
T-Default-1x,2186,6.732,3.33,3.29,0.0033,464,226
T-Default-1x,2187,6.735,3.13,3.20,0.0031,464,226
T-Default-1x,2188,6.738,3.10,3.10,0.0031,464,226
T-Default-1x,2189,6.741,3.20,3.20,0.0032,464,226
T-Default-1x,2190,6.745,3.25,3.21,0.0032,464,226
T-Default-1x,2191,6.748,3.13,3.18,0.0031,464,226
T-Default-1x,2192,6.751,3.10,3.11,0.0031,464,226
T-Default-1x,2193,6.754,3.00,2.98,0.0030,464,226
T-Default-1x,2194,6.757,3.13,3.11,0.0031,464,226
T-Default-1x,2195,6.760,3.09,3.09,0.0031,464,226
T-Default-1x,2196,6.763,2.98,3.00,0.0030,464,226
T-Default-1x,2197,6.766,3.20,3.20,0.0032,464,226
T-Default-1x,2198,6.769,2.78,2.78,0.0028,464,226
T-Default-1x,2199,6.772,2.93,2.92,0.0029,464,226
T-Default-1x,2200,6.775,3.20,3.20,0.0032,464,226
T-Default-1x,2201,6.778,3.22,3.21,0.0032,464,226
T-Default-1x,2202,6.782,3.31,3.29,0.0033,464,226
T-Default-1x,2203,6.785,3.30,3.30,0.0033,464,226
T-Default-1x,2204,6.788,3.16,3.19,0.0032,464,226
T-Default-1x,2205,6.791,3.12,3.10,0.0031,464,226
T-Default-1x,2206,6.794,2.97,2.99,0.0030,464,226
T-Default-1x,2207,6.797,2.80,2.80,0.0028,464,226
T-Default-1x,2208,6.800,3.12,3.11,0.0031,464,226
T-Default-1x,2209,6.803,3.22,3.20,0.0032,464,226
T-Default-1x,2210,6.806,2.99,3.00,0.0030,464,226
T-Default-1x,2211,6.810,3.08,3.10,0.0031,464,226
T-Default-1x,2212,6.813,3.16,3.11,0.0032,464,226
T-Default-1x,2213,6.816,3.49,3.49,0.0035,464,226
T-Default-1x,2214,6.819,3.17,3.19,0.0032,464,226
T-Default-1x,2215,6.822,2.99,3.00,0.0030,464,226
T-Default-1x,2216,6.826,3.20,3.20,0.0032,464,226
T-Default-1x,2217,6.829,3.33,3.30,0.0033,464,226
T-Default-1x,2218,6.832,3.26,3.29,0.0033,464,226
T-Default-1x,2219,6.835,3.11,3.11,0.0031,464,226
T-Default-1x,2220,6.838,2.98,2.99,0.0030,464,226
T-Default-1x,2221,6.841,3.01,3.00,0.0030,464,226
T-Default-1x,2222,6.844,3.02,3.00,0.0030,464,226
T-Default-1x,2223,6.847,2.89,2.91,0.0029,516,226
T-Default-1x,2224,6.850,3.11,3.09,0.0031,464,226
T-Default-1x,2225,6.853,3.08,3.09,0.0031,464,226
T-Default-1x,2226,6.856,3.03,3.00,0.0030,464,226
T-Default-1x,2227,6.860,3.17,3.20,0.0032,464,226
T-Default-1x,2228,6.863,3.02,3.01,0.0030,464,226
T-Default-1x,2229,6.866,3.19,3.19,0.0032,464,226
T-Default-1x,2230,6.869,3.31,3.31,0.0033,464,226
T-Default-1x,2231,6.872,3.17,3.19,0.0032,464,226
T-Default-1x,2232,6.875,3.11,3.10,0.0031,464,226
T-Default-1x,2233,6.878,3.01,3.00,0.0030,464,226
T-Default-1x,2234,6.882,3.22,3.20,0.0032,464,226
T-Default-1x,2235,6.885,3.09,3.10,0.0031,464,226
T-Default-1x,2236,6.888,3.13,3.10,0.0031,464,226
T-Default-1x,2237,6.892,3.79,3.79,0.0038,464,226
T-Default-1x,2238,6.895,3.42,3.41,0.0034,464,226
T-Default-1x,2239,6.898,3.16,3.18,0.0032,464,226
T-Default-1x,2240,6.902,3.41,3.40,0.0034,464,226
T-Default-1x,2241,6.905,3.29,3.31,0.0033,464,226
T-Default-1x,2242,6.908,3.30,3.28,0.0033,464,226
T-Default-1x,2243,6.912,3.42,3.40,0.0034,464,226
T-Default-1x,2244,6.915,3.30,3.30,0.0033,464,226
T-Default-1x,2245,6.918,3.32,3.29,0.0033,464,226
T-Default-1x,2246,6.921,3.15,3.20,0.0032,464,226
T-Default-1x,2247,6.925,3.20,3.19,0.0032,464,226
T-Default-1x,2248,6.927,2.91,2.90,0.0029,464,226
T-Default-1x,2249,6.930,2.92,2.91,0.0029,464,226
T-Default-1x,2250,6.933,3.12,3.11,0.0031,464,226
T-Default-1x,2251,6.937,3.18,3.19,0.0032,464,226
T-Default-1x,2252,6.940,3.23,3.19,0.0032,464,226
T-Default-1x,2253,6.943,3.18,3.20,0.0032,464,226
T-Default-1x,2254,6.946,3.06,3.09,0.0031,464,226
T-Default-1x,2255,6.949,3.31,3.30,0.0033,464,226
T-Default-1x,2256,6.952,2.99,2.99,0.0030,464,226
T-Default-1x,2257,6.955,2.91,2.91,0.0029,464,226
T-Default-1x,2258,6.958,3.11,3.09,0.0031,464,226
T-Default-1x,2259,6.962,3.08,3.09,0.0031,464,226
T-Default-1x,2260,6.965,3.13,3.11,0.0031,464,226
T-Default-1x,2261,6.968,3.11,3.11,0.0031,464,226
T-Default-1x,2262,6.971,2.97,2.97,0.0030,464,226
T-Default-1x,2263,6.974,3.22,3.21,0.0032,464,226
T-Default-1x,2264,6.977,3.09,3.10,0.0031,464,226
T-Default-1x,2265,6.980,3.00,3.00,0.0030,464,226
T-Default-1x,2266,6.983,3.21,3.20,0.0032,464,226
T-Default-1x,2267,6.986,2.99,3.00,0.0030,464,226
T-Default-1x,2268,6.989,3.03,3.00,0.0030,464,226
T-Default-1x,2269,6.992,3.21,3.19,0.0032,464,226
T-Default-1x,2270,6.996,3.36,3.40,0.0034,464,226
T-Default-1x,2271,6.999,3.41,3.40,0.0034,464,226
T-Default-1x,2272,7.003,3.31,3.30,0.0033,464,226
T-Default-1x,2273,7.006,3.06,3.10,0.0031,464,226
T-Default-1x,2274,7.009,3.21,3.19,0.0032,464,226
T-Default-1x,2275,7.012,3.22,3.20,0.0032,464,226
T-Default-1x,2276,7.015,3.16,3.12,0.0032,464,226
T-Default-1x,2277,7.018,3.16,3.18,0.0032,464,226
T-Default-1x,2278,7.021,2.98,2.99,0.0030,464,226
T-Default-1x,2279,7.025,3.18,3.19,0.0032,464,226
T-Default-1x,2280,7.028,2.99,2.99,0.0030,464,226
T-Default-1x,2281,7.030,2.90,2.90,0.0029,464,226
T-Default-1x,2282,7.034,3.34,3.31,0.0033,464,226
T-Default-1x,2283,7.037,3.40,3.40,0.0034,464,226
T-Default-1x,2284,7.040,3.20,3.20,0.0032,464,226
T-Default-1x,2285,7.043,2.91,2.89,0.0029,464,226
T-Default-1x,2286,7.046,2.88,2.90,0.0029,464,226
T-Default-1x,2287,7.049,3.21,3.19,0.0032,516,226
T-Default-1x,2288,7.052,3.00,3.00,0.0030,464,226
T-Default-1x,2289,7.055,2.78,2.80,0.0028,464,226
T-Default-1x,2290,7.058,3.01,3.00,0.0030,464,226
T-Default-1x,2291,7.061,3.04,3.01,0.0030,464,226
T-Default-1x,2292,7.064,3.08,3.08,0.0031,464,226
T-Default-1x,2293,7.067,3.09,3.10,0.0031,464,226
T-Default-1x,2294,7.070,2.97,2.98,0.0030,464,226
T-Default-1x,2295,7.073,3.17,3.12,0.0032,464,226
T-Default-1x,2296,7.077,3.07,3.09,0.0031,464,226
T-Default-1x,2297,7.080,2.98,3.00,0.0030,464,226
T-Default-1x,2298,7.083,3.21,3.19,0.0032,464,226
T-Default-1x,2299,7.086,3.09,3.11,0.0031,464,226
T-Default-1x,2300,7.089,2.78,2.79,0.0028,464,226
T-Default-1x,2301,7.092,3.14,3.10,0.0031,464,226
T-Default-1x,2302,7.095,3.19,3.20,0.0032,464,226
T-Default-1x,2303,7.098,3.10,3.09,0.0031,464,226
T-Default-1x,2304,7.101,3.19,3.20,0.0032,464,226
T-Default-1x,2305,7.104,3.12,3.10,0.0031,464,226
T-Default-1x,2306,7.108,3.30,3.30,0.0033,464,226
T-Default-1x,2307,7.111,2.97,2.99,0.0030,464,226
T-Default-1x,2308,7.114,2.91,2.91,0.0029,464,226
T-Default-1x,2309,7.117,3.10,3.10,0.0031,464,226
T-Default-1x,2310,7.120,2.98,2.98,0.0030,464,226
T-Default-1x,2311,7.123,2.98,2.93,0.0030,464,226
T-Default-1x,2312,7.126,3.25,3.27,0.0032,464,226
T-Default-1x,2313,7.129,3.09,3.10,0.0031,464,226
T-Default-1x,2314,7.132,3.22,3.20,0.0032,464,226
T-Default-1x,2315,7.135,2.96,2.98,0.0030,464,226
T-Default-1x,2316,7.138,2.90,2.91,0.0029,464,226
T-Default-1x,2317,7.141,3.24,3.22,0.0032,464,226
T-Default-1x,2318,7.144,2.99,2.99,0.0030,464,226
T-Default-1x,2319,7.147,2.90,2.89,0.0029,464,226
T-Default-1x,2320,7.150,3.08,3.08,0.0031,464,226
T-Default-1x,2321,7.153,3.11,3.10,0.0031,464,226
T-Default-1x,2322,7.156,3.02,3.00,0.0030,464,226
T-Default-1x,2323,7.160,3.23,3.21,0.0032,464,226
T-Default-1x,2324,7.163,3.34,3.39,0.0033,464,226
T-Default-1x,2325,7.166,3.40,3.41,0.0034,464,226
T-Default-1x,2326,7.169,2.88,2.89,0.0029,464,226
T-Default-1x,2327,7.172,2.82,2.81,0.0028,464,226
T-Default-1x,2328,7.176,3.54,3.51,0.0035,464,226
T-Default-1x,2329,7.179,3.28,3.29,0.0033,464,226
T-Default-1x,2330,7.182,3.40,3.40,0.0034,464,226
T-Default-1x,2331,7.185,3.22,3.22,0.0032,464,226
T-Default-1x,2332,7.188,2.90,2.88,0.0029,464,226
T-Default-1x,2333,7.192,3.18,3.19,0.0032,464,226
T-Default-1x,2334,7.195,3.22,3.21,0.0032,464,226
T-Default-1x,2335,7.198,3.12,3.10,0.0031,464,226
T-Default-1x,2336,7.201,3.26,3.29,0.0033,464,226
T-Default-1x,2337,7.204,3.08,3.09,0.0031,464,226
T-Default-1x,2338,7.207,3.12,3.10,0.0031,464,226
T-Default-1x,2339,7.210,3.00,3.00,0.0030,464,226
T-Default-1x,2340,7.213,2.89,2.90,0.0029,464,226
T-Default-1x,2341,7.216,3.12,3.10,0.0031,464,226
T-Default-1x,2342,7.219,3.00,3.00,0.0030,464,226
T-Default-1x,2343,7.222,2.99,2.99,0.0030,464,226
T-Default-1x,2344,7.225,3.11,3.09,0.0031,464,226
T-Default-1x,2345,7.228,2.99,3.00,0.0030,464,226
T-Default-1x,2346,7.232,3.21,3.20,0.0032,464,226
T-Default-1x,2347,7.235,3.09,3.09,0.0031,464,226
T-Default-1x,2348,7.238,2.90,2.90,0.0029,464,226
T-Default-1x,2349,7.241,3.24,3.21,0.0032,464,226
T-Default-1x,2350,7.244,2.99,2.99,0.0030,464,226
T-Default-1x,2351,7.247,2.78,2.79,0.0028,464,226
T-Default-1x,2352,7.250,3.16,3.12,0.0032,516,226
T-Default-1x,2353,7.253,3.27,3.28,0.0033,464,226
T-Default-1x,2354,7.256,3.33,3.30,0.0033,464,226
T-Default-1x,2355,7.260,3.36,3.39,0.0034,464,226
T-Default-1x,2356,7.263,3.24,3.20,0.0032,464,226
T-Default-1x,2357,7.266,3.37,3.40,0.0034,464,226
T-Default-1x,2358,7.269,3.10,3.09,0.0031,464,226
T-Default-1x,2359,7.272,3.00,2.99,0.0030,464,226
T-Default-1x,2360,7.276,3.37,3.31,0.0034,464,226
T-Default-1x,2361,7.279,3.33,3.38,0.0033,464,226
T-Default-1x,2362,7.283,3.53,3.51,0.0035,464,226
T-Default-1x,2363,7.286,3.49,3.49,0.0035,464,226
T-Default-1x,2364,7.289,3.10,3.10,0.0031,464,226
T-Default-1x,2365,7.293,3.30,3.31,0.0033,464,226
T-Default-1x,2366,7.296,3.29,3.29,0.0033,464,226
T-Default-1x,2367,7.299,3.20,3.20,0.0032,464,226
T-Default-1x,2368,7.302,3.00,3.00,0.0030,464,226
T-Default-1x,2369,7.305,3.10,3.11,0.0031,464,226
T-Default-1x,2370,7.308,3.28,3.29,0.0033,464,226
T-Default-1x,2371,7.312,3.22,3.20,0.0032,464,226
T-Default-1x,2372,7.315,3.22,3.21,0.0032,464,226
T-Default-1x,2373,7.318,3.17,3.19,0.0032,464,226
T-Default-1x,2374,7.321,3.00,3.00,0.0030,464,226
T-Default-1x,2375,7.324,3.19,3.19,0.0032,464,226
T-Default-1x,2376,7.327,3.12,3.11,0.0031,464,226
T-Default-1x,2377,7.330,3.10,3.10,0.0031,464,226
T-Default-1x,2378,7.334,3.50,3.50,0.0035,464,226
T-Default-1x,2379,7.338,3.54,3.51,0.0035,464,226
T-Default-1x,2380,7.341,3.20,3.18,0.0032,464,226
T-Default-1x,2381,7.344,3.27,3.29,0.0033,464,226
T-Default-1x,2382,7.347,3.18,3.19,0.0032,464,226
T-Default-1x,2383,7.351,3.49,3.49,0.0035,464,226
T-Default-1x,2384,7.354,3.37,3.31,0.0034,464,226
T-Default-1x,2385,7.357,3.47,3.49,0.0035,464,226
T-Default-1x,2386,7.361,3.17,3.19,0.0032,464,226
T-Default-1x,2387,7.364,3.46,3.41,0.0035,464,226
T-Default-1x,2388,7.367,3.25,3.29,0.0033,464,226
T-Default-1x,2389,7.371,3.18,3.19,0.0032,464,226
T-Default-1x,2390,7.374,3.55,3.51,0.0035,464,226
T-Default-1x,2391,7.377,3.17,3.19,0.0032,464,226
T-Default-1x,2392,7.380,3.07,3.09,0.0031,464,226
T-Default-1x,2393,7.384,3.21,3.20,0.0032,464,226
T-Default-1x,2394,7.387,3.32,3.29,0.0033,464,226
T-Default-1x,2395,7.390,3.21,3.21,0.0032,464,226
T-Default-1x,2396,7.394,3.53,3.50,0.0035,464,226
T-Default-1x,2397,7.397,3.25,3.29,0.0033,464,226
T-Default-1x,2398,7.400,3.42,3.41,0.0034,464,226
T-Default-1x,2399,7.403,3.21,3.19,0.0032,464,226
T-Default-1x,2400,7.407,3.26,3.22,0.0033,464,226
T-Default-1x,2401,7.410,3.31,3.36,0.0033,464,226
T-Default-1x,2402,7.413,3.21,3.20,0.0032,464,226
T-Default-1x,2403,7.417,3.29,3.30,0.0033,464,226
T-Default-1x,2404,7.420,3.00,3.00,0.0030,464,226
T-Default-1x,2405,7.423,3.11,3.11,0.0031,464,226
T-Default-1x,2406,7.426,3.08,3.08,0.0031,464,226
T-Default-1x,2407,7.429,3.25,3.21,0.0033,464,226
T-Default-1x,2408,7.432,3.38,3.39,0.0034,464,226
T-Default-1x,2409,7.436,3.42,3.39,0.0034,464,226
T-Default-1x,2410,7.439,3.26,3.30,0.0033,464,226
T-Default-1x,2411,7.442,3.20,3.20,0.0032,464,226
T-Default-1x,2412,7.446,3.34,3.31,0.0033,464,226
T-Default-1x,2413,7.449,3.50,3.49,0.0035,464,226
T-Default-1x,2414,7.452,3.17,3.19,0.0032,516,226
T-Default-1x,2415,7.456,3.32,3.31,0.0033,464,226
T-Default-1x,2416,7.459,3.29,3.30,0.0033,464,226
T-Default-1x,2417,7.462,3.51,3.50,0.0035,464,226
T-Default-1x,2418,7.466,3.79,3.79,0.0038,464,226
T-Default-1x,2419,7.469,3.15,3.18,0.0032,464,226
T-Default-1x,2420,7.472,3.13,3.12,0.0031,464,226
T-Default-1x,2421,7.476,3.29,3.30,0.0033,464,226
T-Default-1x,2422,7.479,3.31,3.29,0.0033,464,226
T-Default-1x,2423,7.483,3.51,3.51,0.0035,464,226
T-Default-1x,2424,7.486,3.28,3.29,0.0033,464,226
T-Default-1x,2425,7.489,2.90,2.91,0.0029,464,226
T-Default-1x,2426,7.492,3.31,3.28,0.0033,464,226
T-Default-1x,2427,7.495,3.30,3.30,0.0033,464,226
T-Default-1x,2428,7.499,3.19,3.20,0.0032,464,226
T-Default-1x,2429,7.502,3.19,3.20,0.0032,464,226
T-Default-1x,2430,7.505,3.08,3.09,0.0031,464,226
T-Default-1x,2431,7.508,3.33,3.31,0.0033,464,226
T-Default-1x,2432,7.511,2.89,2.88,0.0029,464,226
T-Default-1x,2433,7.514,2.90,2.90,0.0029,464,226
T-Default-1x,2434,7.517,3.08,3.10,0.0031,464,226
T-Default-1x,2435,7.520,2.93,2.90,0.0029,464,226
T-Default-1x,2436,7.523,3.11,3.11,0.0031,464,226
T-Default-1x,2437,7.526,3.07,3.09,0.0031,464,226
T-Default-1x,2438,7.529,2.90,2.89,0.0029,464,226
T-Default-1x,2439,7.532,3.20,3.20,0.0032,464,226
T-Default-1x,2440,7.535,3.14,3.10,0.0031,464,226
T-Default-1x,2441,7.538,2.86,2.92,0.0029,464,226
T-Default-1x,2442,7.541,3.00,2.98,0.0030,464,226
T-Default-1x,2443,7.544,2.80,2.80,0.0028,464,226
T-Default-1x,2444,7.547,2.90,2.90,0.0029,464,226
T-Default-1x,2445,7.550,3.20,3.20,0.0032,464,226
T-Default-1x,2446,7.553,3.01,2.99,0.0030,464,226
T-Default-1x,2447,7.556,3.22,3.22,0.0032,464,226
T-Default-1x,2448,7.559,3.08,3.09,0.0031,464,226
T-Default-1x,2449,7.562,2.91,2.90,0.0029,464,226
T-Default-1x,2450,7.566,3.20,3.20,0.0032,464,226
T-Default-1x,2451,7.569,3.19,3.18,0.0032,464,226
T-Default-1x,2452,7.572,2.99,3.01,0.0030,464,226
T-Default-1x,2453,7.575,3.09,3.09,0.0031,464,226
T-Default-1x,2454,7.578,2.92,2.90,0.0029,464,226
T-Default-1x,2455,7.581,2.97,2.99,0.0030,464,226
T-Default-1x,2456,7.584,3.12,3.12,0.0031,464,226
T-Default-1x,2457,7.587,2.99,2.99,0.0030,464,226
T-Default-1x,2458,7.590,3.12,3.10,0.0031,464,226
T-Default-1x,2459,7.593,3.00,3.00,0.0030,464,226
T-Default-1x,2460,7.596,2.98,2.99,0.0030,464,226
T-Default-1x,2461,7.599,3.20,3.19,0.0032,464,226
T-Default-1x,2462,7.602,2.99,3.00,0.0030,464,226
T-Default-1x,2463,7.605,2.81,2.81,0.0028,464,226
T-Default-1x,2464,7.608,2.99,2.99,0.0030,464,226
T-Default-1x,2465,7.611,2.93,2.92,0.0029,464,226
T-Default-1x,2466,7.614,2.89,2.88,0.0029,464,226
T-Default-1x,2467,7.617,2.97,2.99,0.0030,464,226
T-Default-1x,2468,7.620,2.92,2.91,0.0029,464,226
T-Default-1x,2469,7.623,3.02,3.00,0.0030,464,226
T-Default-1x,2470,7.626,3.18,3.20,0.0032,464,226
T-Default-1x,2471,7.629,2.90,2.88,0.0029,464,226
T-Default-1x,2472,7.632,3.31,3.30,0.0033,464,226
T-Default-1x,2473,7.635,3.09,3.10,0.0031,464,226
T-Default-1x,2474,7.638,2.79,2.80,0.0028,464,226
T-Default-1x,2475,7.641,3.21,3.20,0.0032,464,226
T-Default-1x,2476,7.644,3.22,3.21,0.0032,464,226
T-Default-1x,2477,7.647,3.00,2.99,0.0030,464,226
T-Default-1x,2478,7.651,3.28,3.29,0.0033,464,226
T-Default-1x,2479,7.654,3.34,3.30,0.0033,516,226
T-Default-1x,2480,7.657,3.47,3.50,0.0035,464,226
T-Default-1x,2481,7.661,3.39,3.39,0.0034,464,226
T-Default-1x,2482,7.664,3.34,3.31,0.0033,464,226
T-Default-1x,2483,7.667,3.17,3.19,0.0032,464,226
T-Default-1x,2484,7.670,3.08,3.08,0.0031,464,226
T-Default-1x,2485,7.674,3.25,3.23,0.0033,464,226
T-Default-1x,2486,7.677,3.31,3.29,0.0033,464,226
T-Default-1x,2487,7.680,3.36,3.39,0.0034,464,226
T-Default-1x,2488,7.684,3.27,3.29,0.0033,464,226
T-Default-1x,2489,7.687,3.37,3.32,0.0034,464,226
T-Default-1x,2490,7.690,3.39,3.39,0.0034,464,226
T-Default-1x,2491,7.694,3.16,3.18,0.0032,464,226
T-Default-1x,2492,7.697,3.22,3.22,0.0032,464,226
T-Default-1x,2493,7.700,3.18,3.20,0.0032,464,226
T-Default-1x,2494,7.703,3.08,3.07,0.0031,464,226
T-Default-1x,2495,7.706,3.22,3.22,0.0032,464,226
T-Default-1x,2496,7.709,3.21,3.21,0.0032,464,226
T-Default-1x,2497,7.713,3.18,3.18,0.0032,464,226
T-Default-1x,2498,7.716,3.09,3.10,0.0031,464,226
T-Default-1x,2499,7.719,2.98,2.97,0.0030,464,226
T-Default-1x,2500,7.722,3.01,3.03,0.0030,464,226
T-Default-1x,2501,7.725,3.12,3.10,0.0031,464,226
T-Default-1x,2502,7.728,3.12,3.11,0.0031,464,226
T-Default-1x,2503,7.731,3.20,3.19,0.0032,464,226
T-Default-1x,2504,7.734,3.07,3.09,0.0031,464,226
T-Default-1x,2505,7.737,3.10,3.10,0.0031,464,226
T-Default-1x,2506,7.740,3.11,3.10,0.0031,464,226
T-Default-1x,2507,7.744,3.12,3.11,0.0031,464,226
T-Default-1x,2508,7.747,2.96,2.98,0.0030,464,226
T-Default-1x,2509,7.750,3.02,2.99,0.0030,464,226
T-Default-1x,2510,7.753,3.21,3.20,0.0032,464,226
T-Default-1x,2511,7.756,3.11,3.11,0.0031,464,226
T-Default-1x,2512,7.759,3.07,3.09,0.0031,464,226
T-Default-1x,2513,7.762,2.91,2.90,0.0029,464,226
T-Default-1x,2514,7.765,3.21,3.21,0.0032,464,226
T-Default-1x,2515,7.768,3.21,3.19,0.0032,464,226
T-Default-1x,2516,7.771,2.95,3.00,0.0029,464,226
T-Default-1x,2517,7.774,3.12,3.10,0.0031,464,226
T-Default-1x,2518,7.777,3.01,3.00,0.0030,464,226
T-Default-1x,2519,7.780,2.97,2.99,0.0030,464,226
T-Default-1x,2520,7.783,3.02,3.02,0.0030,464,226
T-Default-1x,2521,7.786,2.94,2.89,0.0029,464,226
T-Default-1x,2522,7.790,3.21,3.20,0.0032,464,226
T-Default-1x,2523,7.793,3.17,3.19,0.0032,464,226
T-Default-1x,2524,7.796,3.08,3.09,0.0031,464,226
T-Default-1x,2525,7.799,3.21,3.20,0.0032,464,226
T-Default-1x,2526,7.802,2.89,2.90,0.0029,464,226
T-Default-1x,2527,7.805,2.90,2.91,0.0029,464,226
T-Default-1x,2528,7.808,3.11,3.10,0.0031,464,226
T-Default-1x,2529,7.811,2.80,2.79,0.0028,464,226
T-Default-1x,2530,7.814,2.91,2.91,0.0029,464,226
T-Default-1x,2531,7.817,3.12,3.10,0.0031,464,226
T-Default-1x,2532,7.820,3.00,2.99,0.0030,464,226
T-Default-1x,2533,7.823,3.02,3.00,0.0030,464,226
T-Default-1x,2534,7.826,3.17,3.19,0.0032,464,226
T-Default-1x,2535,7.829,3.01,3.00,0.0030,464,226
T-Default-1x,2536,7.832,3.22,3.22,0.0032,464,226
T-Default-1x,2537,7.835,2.86,2.88,0.0029,464,226
T-Default-1x,2538,7.838,3.36,3.31,0.0034,464,226
T-Default-1x,2539,7.842,3.66,3.70,0.0037,464,226
T-Default-1x,2540,7.845,3.20,3.18,0.0032,464,226
T-Default-1x,2541,7.848,3.11,3.12,0.0031,464,226
T-Default-1x,2542,7.851,3.18,3.18,0.0032,464,226
T-Default-1x,2543,7.854,3.03,3.02,0.0030,516,226
T-Default-1x,2544,7.858,3.18,3.20,0.0032,464,226
T-Default-1x,2545,7.861,2.99,2.99,0.0030,464,226
T-Default-1x,2546,7.864,2.99,3.00,0.0030,464,226
T-Default-1x,2547,7.867,3.12,3.10,0.0031,464,226
T-Default-1x,2548,7.870,3.00,3.00,0.0030,464,226
T-Default-1x,2549,7.873,3.45,3.41,0.0035,464,226
T-Default-1x,2550,7.877,3.35,3.39,0.0034,464,226
T-Default-1x,2551,7.880,3.12,3.11,0.0031,464,226
T-Default-1x,2552,7.883,3.28,3.29,0.0033,464,226
T-Default-1x,2553,7.886,3.01,3.00,0.0030,464,226
T-Default-1x,2554,7.889,3.00,2.99,0.0030,464,226
T-Default-1x,2555,7.892,3.18,3.20,0.0032,464,226
T-Default-1x,2556,7.895,3.11,3.09,0.0031,464,226
T-Default-1x,2557,7.899,3.21,3.21,0.0032,464,226
T-Default-1x,2558,7.902,3.08,3.10,0.0031,464,226
T-Default-1x,2559,7.904,2.90,2.90,0.0029,464,226
T-Default-1x,2560,7.908,3.09,3.09,0.0031,464,226
T-Default-1x,2561,7.910,2.91,2.90,0.0029,464,226
T-Default-1x,2562,7.913,2.78,2.81,0.0028,464,226
T-Default-1x,2563,7.916,3.13,3.10,0.0031,464,226
T-Default-1x,2564,7.919,3.01,2.99,0.0030,464,226
T-Default-1x,2565,7.923,3.48,3.41,0.0035,464,226
T-Default-1x,2566,7.926,3.21,3.30,0.0032,464,226
T-Default-1x,2567,7.929,3.21,3.19,0.0032,464,226
T-Default-1x,2568,7.933,3.29,3.29,0.0033,464,226
T-Default-1x,2569,7.936,3.09,3.10,0.0031,464,226
T-Default-1x,2570,7.939,3.47,3.40,0.0035,464,226
T-Default-1x,2571,7.943,3.46,3.49,0.0035,464,226
T-Default-1x,2572,7.946,3.40,3.40,0.0034,464,226
T-Default-1x,2573,7.949,3.29,3.29,0.0033,464,226
T-Default-1x,2574,7.952,3.22,3.20,0.0032,464,226
T-Default-1x,2575,7.955,2.94,2.99,0.0029,464,226
T-Default-1x,2576,7.959,3.12,3.10,0.0031,464,226
T-Default-1x,2577,7.962,3.03,3.01,0.0030,464,226
T-Default-1x,2578,7.965,3.18,3.20,0.0032,464,226
T-Default-1x,2579,7.968,3.08,3.09,0.0031,464,226
T-Default-1x,2580,7.971,2.98,2.98,0.0030,464,226
T-Default-1x,2581,7.974,3.34,3.31,0.0033,464,226
T-Default-1x,2582,7.977,3.01,3.01,0.0030,464,226
T-Default-1x,2583,7.980,3.06,3.10,0.0031,464,226
T-Default-1x,2584,7.983,3.11,3.10,0.0031,464,226
T-Default-1x,2585,7.987,3.21,3.20,0.0032,464,226
T-Default-1x,2586,7.990,3.33,3.30,0.0033,464,226
T-Default-1x,2587,7.993,3.28,3.30,0.0033,464,226
T-Default-1x,2588,7.997,3.45,3.20,0.0035,464,226
T-Default-1x,2589,8.000,3.34,3.60,0.0033,464,226
T-Default-1x,2590,8.003,3.11,3.10,0.0031,464,226
T-Default-1x,2591,8.006,3.23,3.21,0.0032,464,226
T-Default-1x,2592,8.009,3.15,3.18,0.0032,464,226
T-Default-1x,2593,8.013,3.20,3.19,0.0032,464,226
T-Default-1x,2594,8.016,3.62,3.61,0.0036,464,226
T-Default-1x,2595,8.019,3.17,3.19,0.0032,464,226
T-Default-1x,2596,8.022,3.01,2.99,0.0030,464,226
T-Default-1x,2597,8.026,3.32,3.31,0.0033,464,226
T-Default-1x,2598,8.029,3.11,3.10,0.0031,464,226
T-Default-1x,2599,8.032,3.08,3.10,0.0031,464,226
T-Default-1x,2600,8.035,3.09,3.09,0.0031,464,226
T-Default-1x,2601,8.038,3.20,3.17,0.0032,464,226
T-Default-1x,2602,8.041,3.20,3.23,0.0032,464,226
T-Default-1x,2603,8.044,2.90,2.89,0.0029,464,226
T-Default-1x,2604,8.047,2.90,2.90,0.0029,464,226
T-Default-1x,2605,8.051,3.39,3.40,0.0034,464,226
T-Default-1x,2606,8.054,3.12,3.10,0.0031,464,226
T-Default-1x,2607,8.057,3.21,3.20,0.0032,516,226
T-Default-1x,2608,8.060,3.10,3.10,0.0031,464,226
T-Default-1x,2609,8.063,3.19,3.20,0.0032,464,226
T-Default-1x,2610,8.067,3.28,3.29,0.0033,464,226
T-Default-1x,2611,8.070,3.00,3.00,0.0030,464,226
T-Default-1x,2612,8.072,2.92,2.89,0.0029,464,226
T-Default-1x,2613,8.076,3.29,3.30,0.0033,464,226
T-Default-1x,2614,8.079,3.02,3.00,0.0030,464,226
T-Default-1x,2615,8.082,3.32,3.31,0.0033,464,226
T-Default-1x,2616,8.085,2.97,3.00,0.0030,464,226
T-Default-1x,2617,8.088,3.01,3.00,0.0030,464,226
T-Default-1x,2618,8.091,3.29,3.29,0.0033,464,226
T-Default-1x,2619,8.095,3.30,3.28,0.0033,464,226
T-Default-1x,2620,8.098,3.00,3.02,0.0030,464,226
T-Default-1x,2621,8.101,3.18,3.18,0.0032,464,226
T-Default-1x,2622,8.104,2.99,2.99,0.0030,464,226
T-Default-1x,2623,8.107,3.32,3.31,0.0033,464,226
T-Default-1x,2624,8.110,3.18,3.20,0.0032,464,226
T-Default-1x,2625,8.114,3.30,3.29,0.0033,464,226
T-Default-1x,2626,8.117,3.40,3.41,0.0034,464,226
T-Default-1x,2627,8.120,3.33,3.30,0.0033,464,226
T-Default-1x,2628,8.124,3.51,3.48,0.0035,464,226
T-Default-1x,2629,8.127,3.40,3.41,0.0034,464,226
T-Default-1x,2630,8.132,4.31,4.30,0.0043,756,226
T-Default-1x,2631,8.149,17.39,17.39,0.0174,218670,226
T-Default-1x,2632,8.152,3.48,3.49,0.0035,512,226
T-Default-1x,2633,8.156,3.68,3.71,0.0037,464,226
T-Default-1x,2634,8.160,3.60,3.60,0.0036,724,226
T-Default-1x,2635,8.163,3.46,3.41,0.0035,464,226
T-Default-1x,2636,8.167,3.74,3.79,0.0037,464,226
T-Default-1x,2637,8.170,3.50,3.49,0.0035,624,226
T-Default-1x,2638,8.174,3.76,3.73,0.0038,464,226
T-Default-1x,2639,8.178,3.43,3.47,0.0034,464,226
T-Default-1x,2640,8.181,3.34,3.31,0.0033,464,226
T-Default-1x,2641,8.185,3.59,3.59,0.0036,464,226
T-Default-1x,2642,8.188,3.47,3.48,0.0035,464,226
T-Default-1x,2643,8.192,3.61,3.61,0.0036,464,226
T-Default-1x,2644,8.195,3.20,3.19,0.0032,464,226
T-Default-1x,2645,8.198,3.31,3.30,0.0033,464,226
T-Default-1x,2646,8.202,4.10,4.10,0.0041,2982,226
T-Default-1x,2647,8.206,3.48,3.50,0.0035,464,226
T-Default-1x,2648,8.209,3.52,3.50,0.0035,752,226
T-Default-1x,2649,8.213,3.60,3.59,0.0036,464,226
T-Default-1x,2650,8.216,3.61,3.61,0.0036,464,226
T-Default-1x,2651,8.220,3.14,3.16,0.0031,464,226
T-Default-1x,2652,8.223,3.11,3.10,0.0031,464,226
T-Default-1x,2653,8.226,3.43,3.42,0.0034,464,226
T-Default-1x,2654,8.230,3.93,3.90,0.0039,464,226
T-Default-1x,2655,8.234,3.79,3.80,0.0038,464,226
T-Default-1x,2656,8.237,3.37,3.38,0.0034,464,226
T-Default-1x,2657,8.241,3.40,3.40,0.0034,464,226
T-Default-1x,2658,8.244,3.41,3.40,0.0034,464,226
T-Default-1x,2659,8.247,3.09,3.11,0.0031,464,226
T-Default-1x,2660,8.250,3.31,3.31,0.0033,464,226
T-Default-1x,2661,8.254,3.20,3.18,0.0032,464,226
T-Default-1x,2662,8.257,3.36,3.34,0.0034,464,226
T-Default-1x,2663,8.260,3.25,3.27,0.0032,516,226
T-Default-1x,2664,8.263,3.19,3.19,0.0032,464,226
T-Default-1x,2665,8.267,3.39,3.40,0.0034,464,226
T-Default-1x,2666,8.270,3.29,3.30,0.0033,464,226
T-Default-1x,2667,8.274,4.11,4.10,0.0041,2442,226
T-Default-1x,2668,8.277,3.21,3.20,0.0032,688,226
T-Default-1x,2669,8.281,3.08,3.09,0.0031,464,226
T-Default-1x,2670,8.284,3.40,3.40,0.0034,464,226
T-Default-1x,2671,8.288,3.77,3.70,0.0038,464,226
T-Default-1x,2672,8.291,3.56,3.60,0.0036,1008,226
T-Default-1x,2673,8.295,3.38,3.38,0.0034,464,226
T-Default-1x,2674,8.298,3.30,3.30,0.0033,464,226
T-Default-1x,2675,8.301,3.42,3.41,0.0034,1564,226
T-Default-1x,2676,8.305,3.58,3.59,0.0036,464,226
T-Default-1x,2677,8.309,3.60,3.60,0.0036,464,226
T-Default-1x,2678,8.312,3.31,3.31,0.0033,464,226
T-Default-1x,2679,8.315,3.43,3.39,0.0034,464,226
T-Default-1x,2680,8.319,3.48,3.51,0.0035,464,226
T-Default-1x,2681,8.322,3.25,3.28,0.0033,464,226
T-Default-1x,2682,8.325,3.31,3.29,0.0033,464,226
T-Default-1x,2683,8.329,3.32,3.30,0.0033,464,226
T-Default-1x,2684,8.332,3.42,3.40,0.0034,464,226
T-Default-1x,2685,8.335,3.28,3.29,0.0033,464,226
T-Default-1x,2686,8.338,3.08,3.10,0.0031,464,226
T-Default-1x,2687,8.342,3.36,3.35,0.0034,464,226
T-Default-1x,2688,8.346,3.87,3.85,0.0039,2442,226
T-Default-1x,2689,8.349,3.28,3.29,0.0033,464,226
T-Default-1x,2690,8.352,3.32,3.31,0.0033,464,226
T-Default-1x,2691,8.356,3.38,3.40,0.0034,464,226
T-Default-1x,2692,8.359,3.39,3.39,0.0034,464,226
T-Default-1x,2693,8.362,3.22,3.21,0.0032,464,226
T-Default-1x,2694,8.366,3.38,3.39,0.0034,464,226
T-Default-1x,2695,8.369,3.08,3.09,0.0031,464,226
T-Default-1x,2696,8.372,3.23,3.20,0.0032,464,226
T-Default-1x,2697,8.376,3.81,3.81,0.0038,464,226
T-Default-1x,2698,8.379,3.51,3.50,0.0035,464,226
T-Default-1x,2699,8.383,3.62,3.60,0.0036,464,226
T-Default-1x,2700,8.386,3.48,3.50,0.0035,464,226
T-Default-1x,2701,8.390,3.31,3.29,0.0033,464,226
T-Default-1x,2702,8.393,3.51,3.50,0.0035,464,226
T-Default-1x,2703,8.397,3.58,3.59,0.0036,464,226
T-Default-1x,2704,8.400,3.70,3.70,0.0037,464,226
T-Default-1x,2705,8.404,3.17,3.19,0.0032,464,226
T-Default-1x,2706,8.407,3.43,3.40,0.0034,464,226
T-Default-1x,2707,8.410,3.18,3.20,0.0032,464,226
T-Default-1x,2708,8.413,3.09,3.10,0.0031,464,226
T-Default-1x,2709,8.417,4.02,4.00,0.0040,2986,226
T-Default-1x,2710,8.421,3.39,3.40,0.0034,464,226
T-Default-1x,2711,8.424,3.33,3.30,0.0033,464,226
T-Default-1x,2712,8.427,3.37,3.39,0.0034,464,226
T-Default-1x,2713,8.431,3.14,3.11,0.0031,464,226
T-Default-1x,2714,8.434,3.35,3.39,0.0034,464,226
T-Default-1x,2715,8.437,3.31,3.29,0.0033,464,226
T-Default-1x,2716,8.441,3.62,3.60,0.0036,464,226
T-Default-1x,2717,8.444,3.39,3.40,0.0034,464,226
T-Default-1x,2718,8.448,3.27,3.29,0.0033,464,226
T-Default-1x,2719,8.451,3.42,3.40,0.0034,1520,226
T-Default-1x,2720,8.454,3.42,3.41,0.0034,464,226
T-Default-1x,2721,8.458,3.59,3.59,0.0036,464,226
T-Default-1x,2722,8.461,3.31,3.30,0.0033,516,226
T-Default-1x,2723,8.464,3.19,3.19,0.0032,464,226
T-Default-1x,2724,8.468,3.69,3.70,0.0037,464,226
T-Default-1x,2725,8.472,3.62,3.60,0.0036,464,226
T-Default-1x,2726,8.476,3.92,3.91,0.0039,464,226
T-Default-1x,2727,8.479,3.59,3.59,0.0036,464,226
T-Default-1x,2728,8.483,3.69,3.69,0.0037,464,226
T-Default-1x,2729,8.487,3.98,3.99,0.0040,2442,226
T-Default-1x,2730,8.490,3.52,3.50,0.0035,464,226
T-Default-1x,2731,8.494,3.50,3.50,0.0035,464,226
T-Default-1x,2732,8.497,3.17,3.19,0.0032,464,226
T-Default-1x,2733,8.500,3.31,3.31,0.0033,3020,226
T-Default-1x,2734,8.504,3.46,3.42,0.0035,464,226
T-Default-1x,2735,8.507,3.45,3.48,0.0034,464,226
T-Default-1x,2736,8.511,3.29,3.30,0.0033,464,226
T-Default-1x,2737,8.514,3.21,3.20,0.0032,464,226
T-Default-1x,2738,8.517,3.61,3.60,0.0036,464,226
T-Default-1x,2739,8.521,3.39,3.39,0.0034,464,226
T-Default-1x,2740,8.524,3.41,3.40,0.0034,464,226
T-Default-1x,2741,8.528,3.29,3.29,0.0033,464,226
T-Default-1x,2742,8.531,3.46,3.41,0.0035,528,226
T-Default-1x,2743,8.534,3.45,3.49,0.0034,464,226
T-Default-1x,2744,8.538,3.52,3.50,0.0035,464,226
T-Default-1x,2745,8.542,3.58,3.59,0.0036,464,226
T-Default-1x,2746,8.545,3.44,3.40,0.0034,464,226
T-Default-1x,2747,8.549,3.63,3.63,0.0036,464,226
T-Default-1x,2748,8.552,3.46,3.47,0.0035,464,226
T-Default-1x,2749,8.555,3.26,3.30,0.0033,464,226
T-Default-1x,2750,8.559,3.91,3.89,0.0039,1449,226
T-Default-1x,2751,8.562,3.20,3.20,0.0032,464,226
T-Default-1x,2752,8.566,3.41,3.40,0.0034,464,226
T-Default-1x,2753,8.569,3.39,3.40,0.0034,464,226
T-Default-1x,2754,8.572,3.19,3.19,0.0032,464,226
T-Default-1x,2755,8.576,3.42,3.41,0.0034,464,226
T-Default-1x,2756,8.579,3.31,3.29,0.0033,464,226
T-Default-1x,2757,8.583,3.69,3.71,0.0037,464,226
T-Default-1x,2758,8.586,3.42,3.40,0.0034,464,226
T-Default-1x,2759,8.590,3.41,3.40,0.0034,464,226
T-Default-1x,2760,8.593,3.69,3.68,0.0037,464,226
T-Default-1x,2761,8.597,3.38,3.40,0.0034,464,226
T-Default-1x,2762,8.600,3.40,3.40,0.0034,464,226
T-Default-1x,2763,8.604,3.51,3.49,0.0035,464,226
T-Default-1x,2764,8.607,3.63,3.61,0.0036,464,226
T-Default-1x,2765,8.611,3.48,3.50,0.0035,464,226
T-Default-1x,2766,8.614,3.08,3.10,0.0031,464,226
T-Default-1x,2767,8.617,3.41,3.39,0.0034,464,226
T-Default-1x,2768,8.621,3.29,3.30,0.0033,464,226
T-Default-1x,2769,8.624,3.41,3.39,0.0034,464,226
T-Default-1x,2770,8.628,3.81,3.80,0.0038,1449,226
T-Default-1x,2771,8.632,3.82,3.80,0.0038,464,226
T-Default-1x,2772,8.635,3.81,3.79,0.0038,464,226
T-Default-1x,2773,8.639,3.77,3.80,0.0038,464,226
T-Default-1x,2774,8.643,3.73,3.71,0.0037,464,226
T-Default-1x,2775,8.646,3.46,3.48,0.0035,464,226
T-Default-1x,2776,8.650,3.61,3.60,0.0036,464,226
T-Default-1x,2777,8.653,3.40,3.39,0.0034,464,226
T-Default-1x,2778,8.657,3.63,3.60,0.0036,464,226
T-Default-1x,2779,8.660,3.48,3.51,0.0035,464,226
T-Default-1x,2780,8.664,3.42,3.42,0.0034,516,226
T-Default-1x,2781,8.667,3.47,3.46,0.0035,464,226
T-Default-1x,2782,8.671,3.31,3.30,0.0033,464,226
T-Default-1x,2783,8.674,3.61,3.61,0.0036,464,226
T-Default-1x,2784,8.678,3.29,3.29,0.0033,464,226
T-Default-1x,2785,8.681,3.40,3.41,0.0034,464,226
T-Default-1x,2786,8.684,3.41,3.39,0.0034,464,226
T-Default-1x,2787,8.688,3.52,3.52,0.0035,464,226
T-Default-1x,2788,8.691,3.45,3.47,0.0035,464,226
T-Default-1x,2789,8.695,3.31,3.29,0.0033,464,226
T-Default-1x,2790,8.699,3.86,3.82,0.0039,2217,226
T-Default-1x,2791,8.702,3.44,3.48,0.0034,464,226
T-Default-1x,2792,8.705,3.28,3.30,0.0033,464,226
T-Default-1x,2793,8.709,3.42,3.40,0.0034,464,226
T-Default-1x,2794,8.712,3.73,3.70,0.0037,464,226
T-Default-1x,2795,8.716,3.56,3.58,0.0036,464,226
T-Default-1x,2796,8.719,3.39,3.40,0.0034,464,226
T-Default-1x,2797,8.723,3.40,3.40,0.0034,464,226
T-Default-1x,2798,8.726,3.42,3.40,0.0034,464,226
T-Default-1x,2799,8.730,3.53,3.50,0.0035,464,226
T-Default-1x,2800,8.733,3.56,3.59,0.0036,464,226
T-Default-1x,2801,8.737,4.07,4.01,0.0041,464,226
T-Default-1x,2802,8.741,4.08,4.09,0.0041,464,226
T-Default-1x,2803,8.745,3.85,3.88,0.0039,464,226
T-Default-1x,2804,8.749,3.92,3.91,0.0039,464,226
T-Default-1x,2805,8.753,3.52,3.50,0.0035,464,226
T-Default-1x,2806,8.756,3.37,3.39,0.0034,464,226
T-Default-1x,2807,8.760,3.51,3.51,0.0035,464,226
T-Default-1x,2808,8.763,3.82,3.79,0.0038,464,226
T-Default-1x,2809,8.767,3.68,3.70,0.0037,464,226
T-Default-1x,2810,8.771,3.89,3.90,0.0039,1449,226
T-Default-1x,2811,8.775,3.82,3.80,0.0038,464,226
T-Default-1x,2812,8.778,3.50,3.50,0.0035,464,226
T-Default-1x,2813,8.782,3.71,3.69,0.0037,464,226
T-Default-1x,2814,8.786,3.69,3.70,0.0037,464,226
T-Default-1x,2815,8.791,5.49,5.49,0.0055,5134,226
T-Default-1x,2816,8.795,3.63,3.61,0.0036,464,226
T-Default-1x,2817,8.799,3.75,3.71,0.0038,464,226
T-Default-1x,2818,8.802,3.84,3.89,0.0038,464,226
T-Default-1x,2819,8.806,3.29,3.30,0.0033,464,226
T-Default-1x,2820,8.809,3.71,3.70,0.0037,464,226
T-Default-1x,2821,8.813,3.59,3.59,0.0036,464,226
T-Default-1x,2822,8.817,3.70,3.70,0.0037,464,226
T-Default-1x,2823,8.820,3.39,3.39,0.0034,464,226
T-Default-1x,2824,8.824,3.79,3.72,0.0038,464,226
T-Default-1x,2825,8.828,3.74,3.77,0.0037,464,226
T-Default-1x,2826,8.831,3.80,3.80,0.0038,464,226
T-Default-1x,2827,8.835,4.02,4.02,0.0040,464,226
T-Default-1x,2828,8.839,3.67,3.67,0.0037,464,226
T-Default-1x,2829,8.843,4.08,4.11,0.0041,1449,226
T-Default-1x,2830,8.847,3.59,3.60,0.0036,464,226
T-Default-1x,2831,8.850,3.61,3.61,0.0036,464,226
T-Default-1x,2832,8.854,3.49,3.48,0.0035,464,226
T-Default-1x,2833,8.858,3.73,3.70,0.0037,464,226
T-Default-1x,2834,8.861,3.59,3.60,0.0036,464,226
T-Default-1x,2835,8.865,3.51,3.51,0.0035,516,226
T-Default-1x,2836,8.868,3.58,3.58,0.0036,464,226
T-Default-1x,2837,8.872,3.37,3.41,0.0034,464,226
T-Default-1x,2838,8.875,3.74,3.71,0.0037,464,226
T-Default-1x,2839,8.879,3.71,3.69,0.0037,464,226
T-Default-1x,2840,8.883,3.78,3.80,0.0038,464,226
T-Default-1x,2841,8.887,3.74,3.71,0.0037,464,226
T-Default-1x,2842,8.891,4.28,4.29,0.0043,528,226
T-Default-1x,2843,8.894,3.62,3.60,0.0036,464,226
T-Default-1x,2844,8.898,3.80,3.79,0.0038,464,226
T-Default-1x,2845,8.902,3.69,3.70,0.0037,464,226
T-Default-1x,2846,8.906,3.55,3.58,0.0036,464,226
T-Default-1x,2847,8.909,3.66,3.61,0.0037,464,226
T-Default-1x,2848,8.913,3.99,4.00,0.0040,1449,226
T-Default-1x,2849,8.917,3.90,3.90,0.0039,464,226
T-Default-1x,2850,8.921,3.48,3.50,0.0035,464,226
T-Default-1x,2851,8.924,3.61,3.59,0.0036,464,226
T-Default-1x,2852,8.928,3.50,3.49,0.0035,464,226
T-Default-1x,2853,8.932,4.11,4.09,0.0041,464,226
T-Default-1x,2854,8.936,3.81,3.81,0.0038,464,226
T-Default-1x,2855,8.939,3.81,3.80,0.0038,464,226
T-Default-1x,2856,8.943,3.79,3.80,0.0038,464,226
T-Default-1x,2857,8.947,3.59,3.59,0.0036,464,226
T-Default-1x,2858,8.950,3.69,3.70,0.0037,464,226
T-Default-1x,2859,8.954,3.49,3.49,0.0035,464,226
T-Default-1x,2860,8.958,3.62,3.61,0.0036,464,226
T-Default-1x,2861,8.961,3.60,3.58,0.0036,464,226
T-Default-1x,2862,8.965,3.50,3.50,0.0035,464,226
T-Default-1x,2863,8.968,3.60,3.60,0.0036,464,226
T-Default-1x,2864,8.972,3.63,3.60,0.0036,464,226
T-Default-1x,2865,8.975,3.46,3.48,0.0035,464,226
T-Default-1x,2866,8.979,3.63,3.60,0.0036,464,226
T-Default-1x,2867,8.983,4.31,4.30,0.0043,1449,226
T-Default-1x,2868,8.987,3.87,3.89,0.0039,464,226
T-Default-1x,2869,8.991,3.90,3.90,0.0039,464,226
T-Default-1x,2870,8.995,3.62,3.60,0.0036,464,226
T-Default-1x,2871,8.998,3.63,3.60,0.0036,464,226
T-Default-1x,2872,9.002,4.01,4.00,0.0040,464,226
T-Default-1x,2873,9.006,4.03,4.00,0.0040,464,226
T-Default-1x,2874,9.010,3.98,3.99,0.0040,464,226
T-Default-1x,2875,9.014,3.90,3.89,0.0039,464,226
T-Default-1x,2876,9.018,3.75,3.78,0.0038,464,226
T-Default-1x,2877,9.022,3.58,3.59,0.0036,464,226
T-Default-1x,2878,9.025,3.60,3.60,0.0036,464,226
T-Default-1x,2879,9.029,3.61,3.61,0.0036,464,226
T-Default-1x,2880,9.032,3.62,3.60,0.0036,464,226
T-Default-1x,2881,9.036,3.69,3.70,0.0037,464,226
T-Default-1x,2882,9.039,3.30,3.31,0.0033,464,226
T-Default-1x,2883,9.043,3.50,3.48,0.0035,464,226
T-Default-1x,2884,9.046,3.61,3.60,0.0036,464,226
T-Default-1x,2885,9.050,3.79,3.79,0.0038,464,226
T-Default-1x,2886,9.054,3.78,3.80,0.0038,1993,226
T-Default-1x,2887,9.058,3.73,3.70,0.0037,464,226
T-Default-1x,2888,9.061,3.59,3.59,0.0036,464,226
T-Default-1x,2889,9.065,3.71,3.70,0.0037,516,226
T-Default-1x,2890,9.069,3.75,3.76,0.0038,464,226
T-Default-1x,2891,9.072,3.66,3.64,0.0037,464,226
T-Default-1x,2892,9.076,3.67,3.70,0.0037,464,226
T-Default-1x,2893,9.080,3.94,3.91,0.0039,464,226
T-Default-1x,2894,9.084,3.97,3.99,0.0040,464,226
T-Default-1x,2895,9.088,3.58,3.60,0.0036,464,226
T-Default-1x,2896,9.091,3.82,3.80,0.0038,464,226
T-Default-1x,2897,9.095,3.61,3.60,0.0036,464,226
T-Default-1x,2898,9.099,3.70,3.69,0.0037,464,226
T-Default-1x,2899,9.102,3.58,3.59,0.0036,464,226
T-Default-1x,2900,9.106,3.41,3.41,0.0034,464,226
T-Default-1x,2901,9.109,3.50,3.49,0.0035,464,226
T-Default-1x,2902,9.113,3.38,3.39,0.0034,464,226
T-Default-1x,2903,9.116,3.61,3.60,0.0036,464,226
T-Default-1x,2904,9.120,3.40,3.40,0.0034,464,226
T-Default-1x,2905,9.124,4.13,4.10,0.0041,1449,226
T-Default-1x,2906,9.127,3.58,3.60,0.0036,464,226
T-Default-1x,2907,9.131,3.42,3.40,0.0034,464,226
T-Default-1x,2908,9.135,3.82,3.80,0.0038,464,226
T-Default-1x,2909,9.138,3.57,3.60,0.0036,464,226
T-Default-1x,2910,9.142,3.67,3.68,0.0037,528,226
T-Default-1x,2911,9.145,3.42,3.41,0.0034,464,226
T-Default-1x,2912,9.149,3.71,3.71,0.0037,464,226
T-Default-1x,2913,9.153,3.89,3.90,0.0039,1686,226
T-Default-1x,2914,9.157,3.91,3.90,0.0039,1782,226
T-Default-1x,2915,9.161,4.14,4.13,0.0041,1686,226
T-Default-1x,2916,9.164,3.55,3.56,0.0036,464,226
T-Default-1x,2917,9.168,3.62,3.59,0.0036,464,226
T-Default-1x,2918,9.172,3.67,3.70,0.0037,464,226
T-Default-1x,2919,9.176,3.91,3.90,0.0039,464,226
T-Default-1x,2920,9.179,3.61,3.61,0.0036,464,226
T-Default-1x,2921,9.183,3.79,3.79,0.0038,464,226
T-Default-1x,2922,9.187,3.91,3.89,0.0039,464,226
T-Default-1x,2923,9.191,4.32,4.30,0.0043,464,226
T-Default-1x,2924,9.195,4.09,4.10,0.0041,464,226
T-Default-1x,2925,9.200,4.12,4.11,0.0041,464,226
T-Default-1x,2926,9.204,4.37,4.38,0.0044,1686,226
T-Default-1x,2927,9.208,4.50,4.51,0.0045,3068,226
T-Default-1x,2928,9.212,4.03,4.00,0.0040,848,226
T-Default-1x,2929,9.216,4.09,4.10,0.0041,464,226
T-Default-1x,2930,9.220,3.87,3.89,0.0039,464,226
T-Default-1x,2931,9.224,4.02,4.00,0.0040,464,226
T-Default-1x,2932,9.228,3.80,3.80,0.0038,464,226
T-Default-1x,2933,9.232,3.60,3.61,0.0036,464,226
T-Default-1x,2934,9.235,3.70,3.70,0.0037,464,226
T-Default-1x,2935,9.239,3.58,3.59,0.0036,464,226
T-Default-1x,2936,9.243,3.90,3.89,0.0039,464,226
T-Default-1x,2937,9.247,3.82,3.82,0.0038,464,226
T-Default-1x,2938,9.251,3.89,3.90,0.0039,464,226
T-Default-1x,2939,9.255,4.09,4.10,0.0041,1686,226
T-Default-1x,2940,9.260,4.94,4.91,0.0049,2908,226
T-Default-1x,2941,9.264,3.86,3.88,0.0039,464,226
T-Default-1x,2942,9.268,4.23,4.20,0.0042,1501,226
T-Default-1x,2943,9.272,3.88,3.90,0.0039,464,226
T-Default-1x,2944,9.276,3.90,3.90,0.0039,464,226
T-Default-1x,2945,9.279,3.69,3.70,0.0037,464,226
T-Default-1x,2946,9.283,3.92,3.90,0.0039,464,226
T-Default-1x,2947,9.287,3.89,3.90,0.0039,464,226
T-Default-1x,2948,9.291,3.80,3.79,0.0038,464,226
T-Default-1x,2949,9.295,3.69,3.69,0.0037,464,226
T-Default-1x,2950,9.298,3.93,3.91,0.0039,464,226
T-Default-1x,2951,9.302,3.90,3.91,0.0039,464,226
T-Default-1x,2952,9.307,4.51,4.49,0.0045,2908,226
T-Default-1x,2953,9.312,4.71,4.71,0.0047,1686,226
T-Default-1x,2954,9.316,4.17,4.19,0.0042,464,226
T-Default-1x,2955,9.320,3.77,3.79,0.0038,464,226
T-Default-1x,2956,9.323,3.86,3.81,0.0039,464,226
T-Default-1x,2957,9.327,3.95,3.98,0.0039,464,226
T-Default-1x,2958,9.331,3.75,3.71,0.0038,464,226
T-Default-1x,2959,9.335,4.11,4.09,0.0041,464,226
T-Default-1x,2960,9.340,4.58,4.60,0.0046,2505,226
T-Default-1x,2961,9.344,4.19,4.19,0.0042,528,226
T-Default-1x,2962,9.348,3.89,3.91,0.0039,464,226
T-Default-1x,2963,9.352,3.79,3.79,0.0038,464,226
T-Default-1x,2964,9.356,3.90,3.90,0.0039,464,226
T-Default-1x,2965,9.360,3.99,4.00,0.0040,464,226
T-Default-1x,2966,9.363,3.70,3.70,0.0037,464,226
T-Default-1x,2967,9.367,3.71,3.69,0.0037,464,226
T-Default-1x,2968,9.371,3.79,3.81,0.0038,464,226
T-Default-1x,2969,9.375,4.02,4.00,0.0040,464,226
T-Default-1x,2970,9.379,3.78,3.79,0.0038,464,226
T-Default-1x,2971,9.382,3.79,3.79,0.0038,464,226
T-Default-1x,2972,9.386,3.72,3.72,0.0037,464,226
T-Default-1x,2973,9.390,3.82,3.79,0.0038,464,226
T-Default-1x,2974,9.394,3.99,4.00,0.0040,464,226
T-Default-1x,2975,9.398,3.78,3.79,0.0038,464,226
T-Default-1x,2976,9.402,3.93,3.91,0.0039,464,226
T-Default-1x,2977,9.406,4.17,4.18,0.0042,1686,226
T-Default-1x,2978,9.411,4.94,4.92,0.0049,2959,226
T-Default-1x,2979,9.415,4.57,4.59,0.0046,1686,226
T-Default-1x,2980,9.419,3.99,4.00,0.0040,464,226
T-Default-1x,2981,9.423,3.83,3.80,0.0038,464,226
T-Default-1x,2982,9.427,4.01,4.00,0.0040,464,226
T-Default-1x,2983,9.431,4.07,4.09,0.0041,464,226
T-Default-1x,2984,9.435,4.11,4.10,0.0041,464,226
T-Default-1x,2985,9.439,3.77,3.79,0.0038,464,226
T-Default-1x,2986,9.443,4.06,4.01,0.0041,464,226
T-Default-1x,2987,9.447,3.97,4.00,0.0040,464,226
T-Default-1x,2988,9.451,4.10,4.09,0.0041,464,226
T-Default-1x,2989,9.455,3.99,4.01,0.0040,464,226
T-Default-1x,2990,9.460,4.82,4.80,0.0048,2908,226
T-Default-1x,2991,9.464,4.05,4.09,0.0041,1782,226
T-Default-1x,2992,9.468,3.93,3.90,0.0039,516,226
T-Default-1x,2993,9.472,3.79,3.79,0.0038,464,226
T-Default-1x,2994,9.476,4.12,4.11,0.0041,464,226
T-Default-1x,2995,9.480,4.29,4.30,0.0043,1449,226
T-Default-1x,2996,9.484,3.99,3.99,0.0040,2256,226
T-Default-1x,2997,9.488,3.79,3.79,0.0038,464,226
T-Default-1x,2998,9.492,4.11,4.11,0.0041,464,226
T-Default-1x,2999,9.496,3.89,3.90,0.0039,464,226
T-Default-1x,3000,9.500,4.00,4.00,0.0040,464,226
T-Default-1x,3001,9.504,3.79,3.80,0.0038,464,226
T-Default-1x,3002,9.508,4.51,4.50,0.0045,1686,226
T-Default-1x,3003,9.513,4.39,4.40,0.0044,2908,226
T-Default-1x,3004,9.516,3.82,3.81,0.0038,464,226
T-Default-1x,3005,9.520,3.69,3.69,0.0037,464,226
T-Default-1x,3006,9.524,3.90,3.89,0.0039,464,226
T-Default-1x,3007,9.528,3.71,3.70,0.0037,464,226
T-Default-1x,3008,9.532,3.84,3.82,0.0038,464,226
T-Default-1x,3009,9.535,3.87,3.89,0.0039,464,226
T-Default-1x,3010,9.539,3.81,3.81,0.0038,464,226
T-Default-1x,3011,9.543,4.11,4.09,0.0041,464,226
T-Default-1x,3012,9.547,3.87,3.90,0.0039,464,226
T-Default-1x,3013,9.551,4.12,4.10,0.0041,464,226
T-Default-1x,3014,9.556,4.23,4.20,0.0042,464,226
T-Default-1x,3015,9.560,4.37,4.40,0.0044,1686,226
T-Default-1x,3016,9.565,4.59,4.59,0.0046,2908,226
T-Default-1x,3017,9.569,4.31,4.31,0.0043,464,226
T-Default-1x,3018,9.573,3.90,3.89,0.0039,464,226
T-Default-1x,3019,9.577,3.88,3.89,0.0039,464,226
T-Default-1x,3020,9.580,3.79,3.79,0.0038,464,226
T-Default-1x,3021,9.585,4.15,4.12,0.0041,464,226
T-Default-1x,3022,9.589,3.99,3.99,0.0040,464,226
T-Default-1x,3023,9.593,4.11,4.11,0.0041,464,226
T-Default-1x,3024,9.597,3.98,3.99,0.0040,464,226
T-Default-1x,3025,9.601,4.11,4.09,0.0041,464,226
T-Default-1x,3026,9.605,3.88,3.90,0.0039,464,226
T-Default-1x,3027,9.609,4.62,4.61,0.0046,1686,226
T-Default-1x,3028,9.613,4.17,4.19,0.0042,1686,226
T-Default-1x,3029,9.618,4.33,4.31,0.0043,1686,226
T-Default-1x,3030,9.622,4.01,3.98,0.0040,464,226
T-Default-1x,3031,9.626,4.20,4.20,0.0042,464,226
T-Default-1x,3032,9.630,3.78,3.80,0.0038,464,226
T-Default-1x,3033,9.634,4.01,4.00,0.0040,464,226
T-Default-1x,3034,9.638,3.91,3.90,0.0039,464,226
T-Default-1x,3035,9.642,4.08,4.10,0.0041,464,226
T-Default-1x,3036,9.646,3.88,3.89,0.0039,464,226
T-Default-1x,3037,9.650,4.23,4.21,0.0042,464,226
T-Default-1x,3038,9.654,3.98,3.99,0.0040,464,226
T-Default-1x,3039,9.658,4.02,4.01,0.0040,464,226
T-Default-1x,3040,9.662,4.41,4.39,0.0044,1686,226
T-Default-1x,3041,9.667,4.89,4.90,0.0049,3452,226
T-Default-1x,3042,9.671,3.88,3.89,0.0039,516,226
T-Default-1x,3043,9.675,4.22,4.21,0.0042,464,226
T-Default-1x,3044,9.679,3.88,3.89,0.0039,464,226
T-Default-1x,3045,9.683,4.01,4.01,0.0040,464,226
T-Default-1x,3046,9.687,3.91,3.89,0.0039,464,226
T-Default-1x,3047,9.691,4.21,4.19,0.0042,464,226
T-Default-1x,3048,9.695,4.08,4.10,0.0041,464,226
T-Default-1x,3049,9.700,4.20,4.20,0.0042,464,226
T-Default-1x,3050,9.703,3.90,3.90,0.0039,464,226
T-Default-1x,3051,9.707,4.00,3.99,0.0040,464,226
T-Default-1x,3052,9.711,3.89,3.90,0.0039,464,226
T-Default-1x,3053,9.715,3.92,3.89,0.0039,464,226
T-Default-1x,3054,9.719,3.87,3.89,0.0039,464,226
T-Default-1x,3055,9.723,3.83,3.82,0.0038,464,226
T-Default-1x,3056,9.727,4.00,3.99,0.0040,464,226
T-Default-1x,3057,9.731,4.00,4.02,0.0040,464,226
T-Default-1x,3058,9.735,4.11,4.09,0.0041,464,226
T-Default-1x,3059,9.739,3.86,3.89,0.0039,464,226
T-Default-1x,3060,9.743,4.15,4.11,0.0041,464,226
T-Default-1x,3061,9.747,3.85,3.88,0.0039,464,226
T-Default-1x,3062,9.751,4.06,4.01,0.0041,464,226
T-Default-1x,3063,9.755,4.04,4.09,0.0040,464,226
T-Default-1x,3064,9.759,4.01,4.00,0.0040,464,226
T-Default-1x,3065,9.763,3.91,3.90,0.0039,464,226
T-Default-1x,3066,9.767,3.99,3.99,0.0040,2544,226
T-Default-1x,3067,9.771,3.99,4.00,0.0040,464,226
T-Default-1x,3068,9.775,4.21,4.21,0.0042,464,226
T-Default-1x,3069,9.779,4.09,4.10,0.0041,464,226
T-Default-1x,3070,9.783,4.10,4.10,0.0041,464,226
T-Default-1x,3071,9.787,3.79,3.79,0.0038,464,226
T-Default-1x,3072,9.791,4.12,4.10,0.0041,464,226
T-Default-1x,3073,9.795,4.13,4.10,0.0041,464,226
T-Default-1x,3074,9.800,4.17,4.20,0.0042,464,226
T-Default-1x,3075,9.804,4.10,4.10,0.0041,464,226
T-Default-1x,3076,9.808,4.09,4.09,0.0041,464,226
T-Default-1x,3077,9.812,3.78,3.79,0.0038,464,226
T-Default-1x,3078,9.816,4.03,4.01,0.0040,464,226
T-Default-1x,3079,9.819,3.76,3.78,0.0038,464,226
T-Default-1x,3080,9.823,3.84,3.82,0.0038,464,226
T-Default-1x,3081,9.827,3.82,3.80,0.0038,464,226
T-Default-1x,3082,9.831,3.87,3.90,0.0039,464,226
T-Default-1x,3083,9.835,4.14,4.11,0.0041,464,226
T-Default-1x,3084,9.839,3.85,3.88,0.0038,464,226
T-Default-1x,3085,9.843,4.16,4.11,0.0042,464,226
T-Default-1x,3086,9.847,4.17,4.19,0.0042,464,226
T-Default-1x,3087,9.851,4.09,4.09,0.0041,464,226
T-Default-1x,3088,9.855,3.88,3.90,0.0039,464,226
T-Default-1x,3089,9.859,4.12,4.10,0.0041,464,226
T-Default-1x,3090,9.863,4.01,4.00,0.0040,464,226
T-Default-1x,3091,9.867,4.09,4.10,0.0041,464,226
T-Default-1x,3092,9.871,3.91,3.90,0.0039,516,226
T-Default-1x,3093,9.875,3.80,3.79,0.0038,464,226
T-Default-1x,3094,9.879,3.90,3.89,0.0039,464,226
T-Default-1x,3095,9.883,4.09,4.10,0.0041,464,226
T-Default-1x,3096,9.887,4.02,4.01,0.0040,464,226
T-Default-1x,3097,9.891,4.19,4.20,0.0042,464,226
T-Default-1x,3098,9.895,3.90,3.89,0.0039,464,226
T-Default-1x,3099,9.899,4.09,4.10,0.0041,464,226
T-Default-1x,3100,9.903,4.00,3.99,0.0040,464,226
T-Default-1x,3101,9.907,3.99,4.00,0.0040,464,226
T-Default-1x,3102,9.911,4.03,4.00,0.0040,464,226
T-Default-1x,3103,9.916,4.23,4.20,0.0042,464,226
T-Default-1x,3104,9.919,3.83,3.89,0.0038,464,226
T-Default-1x,3105,9.923,4.05,4.01,0.0040,464,226
T-Default-1x,3106,9.927,4.08,4.10,0.0041,464,226
T-Default-1x,3107,9.931,4.01,4.00,0.0040,464,226
T-Default-1x,3108,9.936,4.21,4.20,0.0042,464,226
T-Default-1x,3109,9.939,3.76,3.79,0.0038,464,226
T-Default-1x,3110,9.943,4.03,4.01,0.0040,464,226
T-Default-1x,3111,9.947,3.89,3.89,0.0039,464,226
T-Default-1x,3112,9.951,4.12,4.09,0.0041,464,226
T-Default-1x,3113,9.955,3.86,3.90,0.0039,464,226
T-Default-1x,3114,9.959,4.00,4.00,0.0040,464,226
T-Default-1x,3115,9.963,3.81,3.79,0.0038,464,226
T-Default-1x,3116,9.967,4.00,4.01,0.0040,464,226
T-Default-1x,3117,9.971,3.78,3.79,0.0038,464,226
T-Default-1x,3118,9.975,4.12,4.11,0.0041,464,226
T-Default-1x,3119,9.979,3.88,3.88,0.0039,464,226
T-Default-1x,3120,9.983,4.23,4.21,0.0042,464,226
T-Default-1x,3121,9.987,4.09,4.09,0.0041,464,226
T-Default-1x,3122,9.991,4.20,4.20,0.0042,464,226
T-Default-1x,3123,9.995,4.00,4.00,0.0040,464,226
T-Default-1x,3124,10.000,4.19,3.99,0.0042,464,226
T-Default-1x,3125,10.004,4.16,4.32,0.0042,464,226
T-Default-1x,3126,10.008,4.14,4.18,0.0041,464,226
T-Default-1x,3127,10.012,4.11,4.09,0.0041,464,226
T-Default-1x,3128,10.016,4.25,4.27,0.0043,464,226
T-Default-1x,3129,10.020,4.03,4.02,0.0040,464,226
T-Default-1x,3130,10.024,4.10,4.11,0.0041,464,226
T-Default-1x,3131,10.028,3.92,3.89,0.0039,464,226
T-Default-1x,3132,10.033,4.18,4.20,0.0042,464,226
T-Default-1x,3133,10.037,4.10,4.09,0.0041,464,226
T-Default-1x,3134,10.041,3.99,4.00,0.0040,464,226
T-Default-1x,3135,10.045,4.32,4.30,0.0043,464,226
T-Default-1x,3136,10.049,4.06,4.09,0.0041,464,226
T-Default-1x,3137,10.053,3.92,3.90,0.0039,464,226
T-Default-1x,3138,10.057,4.05,4.01,0.0040,464,226
T-Default-1x,3139,10.061,4.18,4.20,0.0042,464,226
T-Default-1x,3140,10.065,3.97,3.99,0.0040,464,226
T-Default-1x,3141,10.069,3.68,3.69,0.0037,464,226
T-Default-1x,3142,10.073,3.79,3.80,0.0038,516,226
T-Default-1x,3143,10.081,7.94,7.91,0.0079,8384,226
T-Default-1x,3144,10.085,4.79,4.79,0.0048,1612,226
T-Default-1x,3145,10.090,4.18,4.19,0.0042,464,226
T-Default-1x,3146,10.094,4.03,4.01,0.0040,464,226
T-Default-1x,3147,10.098,4.10,4.10,0.0041,464,226
T-Default-1x,3148,10.102,4.19,4.20,0.0042,464,226
T-Default-1x,3149,10.106,3.77,3.80,0.0038,464,226
T-Default-1x,3150,10.110,4.05,4.00,0.0041,464,226
T-Default-1x,3151,10.114,4.06,4.09,0.0041,464,226
T-Default-1x,3152,10.118,4.09,4.10,0.0041,464,226
T-Default-1x,3153,10.122,3.90,3.90,0.0039,464,226
T-Default-1x,3154,10.126,4.22,4.21,0.0042,808,226
T-Default-1x,3155,10.130,4.18,4.19,0.0042,464,226
T-Default-1x,3156,10.134,4.21,4.20,0.0042,464,226
T-Default-1x,3157,10.138,4.13,4.11,0.0041,464,226
T-Default-1x,3158,10.143,4.28,4.27,0.0043,464,226
T-Default-1x,3159,10.147,4.02,4.01,0.0040,464,226
T-Default-1x,3160,10.151,4.30,4.29,0.0043,464,226
T-Default-1x,3161,10.155,4.21,4.20,0.0042,464,226
T-Default-1x,3162,10.159,4.06,4.08,0.0041,464,226
T-Default-1x,3163,10.163,4.13,4.10,0.0041,464,226
T-Default-1x,3164,10.168,4.31,4.30,0.0043,464,226
T-Default-1x,3165,10.172,3.95,4.00,0.0040,464,226
T-Default-1x,3166,10.176,4.13,4.10,0.0041,560,226
T-Default-1x,3167,10.180,4.34,4.30,0.0043,464,226
T-Default-1x,3168,10.185,4.46,4.49,0.0045,464,226
T-Default-1x,3169,10.189,4.08,4.09,0.0041,464,226
T-Default-1x,3170,10.193,4.34,4.31,0.0043,464,226
T-Default-1x,3171,10.197,4.27,4.29,0.0043,464,226
T-Default-1x,3172,10.202,4.19,4.19,0.0042,464,226
T-Default-1x,3173,10.205,3.91,3.90,0.0039,464,226
T-Default-1x,3174,10.210,4.21,4.20,0.0042,464,226
T-Default-1x,3175,10.214,3.99,4.00,0.0040,464,226
T-Default-1x,3176,10.218,4.00,4.00,0.0040,464,226
T-Default-1x,3177,10.221,3.79,3.79,0.0038,464,226
T-Default-1x,3178,10.225,4.01,4.00,0.0040,464,226
T-Default-1x,3179,10.229,3.91,3.90,0.0039,464,226
T-Default-1x,3180,10.234,4.20,4.20,0.0042,464,226
T-Default-1x,3181,10.238,4.08,4.09,0.0041,464,226
T-Default-1x,3182,10.242,4.12,4.12,0.0041,464,226
T-Default-1x,3183,10.246,3.80,3.79,0.0038,464,226
T-Default-1x,3184,10.250,3.99,4.00,0.0040,464,226
T-Default-1x,3185,10.254,4.01,3.99,0.0040,464,226
T-Default-1x,3186,10.258,4.18,4.20,0.0042,464,226
T-Default-1x,3187,10.262,3.90,3.89,0.0039,464,226
T-Default-1x,3188,10.266,4.05,4.00,0.0040,464,226
T-Default-1x,3189,10.270,3.83,3.87,0.0038,464,226
T-Default-1x,3190,10.274,4.20,4.14,0.0042,516,226
T-Default-1x,3191,10.278,4.14,4.18,0.0041,464,226
T-Default-1x,3192,10.282,3.90,3.90,0.0039,464,226
T-Default-1x,3193,10.286,3.99,4.00,0.0040,464,226
T-Default-1x,3194,10.290,4.01,4.00,0.0040,464,226
T-Default-1x,3195,10.294,4.10,4.09,0.0041,464,226
T-Default-1x,3196,10.298,3.99,4.01,0.0040,464,226
T-Default-1x,3197,10.302,3.99,3.98,0.0040,464,226
T-Default-1x,3198,10.306,3.90,3.90,0.0039,464,226
T-Default-1x,3199,10.310,4.12,4.10,0.0041,464,226
T-Default-1x,3200,10.314,4.10,4.10,0.0041,464,226
T-Default-1x,3201,10.318,4.13,4.10,0.0041,464,226
T-Default-1x,3202,10.322,3.85,3.89,0.0039,464,226
T-Default-1x,3203,10.326,4.03,4.01,0.0040,464,226
T-Default-1x,3204,10.330,4.00,4.00,0.0040,464,226
T-Default-1x,3205,10.334,3.99,3.99,0.0040,464,226
T-Default-1x,3206,10.338,4.00,4.00,0.0040,464,226
T-Default-1x,3207,10.343,4.66,4.62,0.0047,464,226
T-Default-1x,3208,10.347,4.55,4.58,0.0045,464,226
T-Default-1x,3209,10.352,4.44,4.42,0.0044,464,226
T-Default-1x,3210,10.356,4.18,4.20,0.0042,464,226
T-Default-1x,3211,10.360,4.29,4.28,0.0043,464,226
T-Default-1x,3212,10.364,4.21,4.20,0.0042,464,226
T-Default-1x,3213,10.368,4.10,4.08,0.0041,464,226
T-Default-1x,3214,10.372,3.87,3.90,0.0039,464,226
T-Default-1x,3215,10.376,4.02,4.01,0.0040,464,226
T-Default-1x,3216,10.380,3.99,4.00,0.0040,464,226
T-Default-1x,3217,10.384,3.99,4.00,0.0040,464,226
T-Default-1x,3218,10.388,3.89,3.89,0.0039,464,226
T-Default-1x,3219,10.392,4.23,4.20,0.0042,464,226
T-Default-1x,3220,10.396,3.89,3.91,0.0039,464,226
T-Default-1x,3221,10.400,3.99,3.99,0.0040,464,226
T-Default-1x,3222,10.404,3.91,3.91,0.0039,464,226
T-Default-1x,3223,10.408,3.97,3.98,0.0040,464,226
T-Default-1x,3224,10.412,3.92,3.90,0.0039,464,226
T-Default-1x,3225,10.416,4.00,4.00,0.0040,464,226
T-Default-1x,3226,10.420,4.01,4.00,0.0040,464,226
T-Default-1x,3227,10.424,3.99,4.01,0.0040,464,226
T-Default-1x,3228,10.428,3.77,3.78,0.0038,464,226
T-Default-1x,3229,10.432,3.98,3.90,0.0040,464,226
T-Default-1x,3230,10.436,4.08,4.11,0.0041,464,226
T-Default-1x,3231,10.440,3.88,3.89,0.0039,464,226
T-Default-1x,3232,10.444,3.89,3.90,0.0039,464,226
T-Default-1x,3233,10.448,3.82,3.81,0.0038,464,226
T-Default-1x,3234,10.451,3.99,3.99,0.0040,464,226
T-Default-1x,3235,10.455,3.79,3.81,0.0038,464,226
T-Default-1x,3236,10.459,3.91,3.89,0.0039,464,226
T-Default-1x,3237,10.463,3.80,3.80,0.0038,464,226
T-Default-1x,3238,10.467,3.90,3.90,0.0039,464,226
T-Default-1x,3239,10.471,3.80,3.79,0.0038,464,226
T-Default-1x,3240,10.475,4.08,4.11,0.0041,516,226
T-Default-1x,3241,10.479,3.79,3.79,0.0038,464,226
T-Default-1x,3242,10.482,3.90,3.90,0.0039,464,226
T-Default-1x,3243,10.486,3.73,3.70,0.0037,464,226
T-Default-1x,3244,10.490,3.92,3.90,0.0039,464,226
T-Default-1x,3245,10.494,3.87,3.90,0.0039,464,226
T-Default-1x,3246,10.498,3.63,3.61,0.0036,464,226
T-Default-1x,3247,10.502,3.97,3.99,0.0040,464,226
T-Default-1x,3248,10.506,3.98,4.00,0.0040,464,226
T-Default-1x,3249,10.509,3.91,3.90,0.0039,464,226
T-Default-1x,3250,10.514,4.32,4.29,0.0043,464,226
T-Default-1x,3251,10.518,4.20,4.21,0.0042,624,226
T-Default-1x,3252,10.522,3.89,3.89,0.0039,560,226
T-Default-1x,3253,10.526,3.90,3.91,0.0039,464,226
T-Default-1x,3254,10.530,3.80,3.79,0.0038,464,226
T-Default-1x,3255,10.534,4.00,4.00,0.0040,464,226
T-Default-1x,3256,10.537,3.79,3.80,0.0038,464,226
T-Default-1x,3257,10.541,4.12,4.11,0.0041,464,226
T-Default-1x,3258,10.545,3.90,3.90,0.0039,464,226
T-Default-1x,3259,10.549,3.99,3.99,0.0040,464,226
T-Default-1x,3260,10.553,4.01,4.00,0.0040,464,226
T-Default-1x,3261,10.557,4.02,4.01,0.0040,464,226
T-Default-1x,3262,10.561,4.00,4.00,0.0040,464,226
T-Default-1x,3263,10.565,4.01,4.00,0.0040,464,226
T-Default-1x,3264,10.569,3.87,3.89,0.0039,464,226
T-Default-1x,3265,10.573,3.83,3.80,0.0038,464,226
T-Default-1x,3266,10.578,4.57,4.60,0.0046,940,226
T-Default-1x,3267,10.582,3.92,3.90,0.0039,464,226
T-Default-1x,3268,10.585,3.88,3.90,0.0039,464,226
T-Default-1x,3269,10.589,3.61,3.60,0.0036,464,226
T-Default-1x,3270,10.593,3.81,3.80,0.0038,464,226
T-Default-1x,3271,10.597,3.68,3.69,0.0037,464,226
T-Default-1x,3272,10.601,4.01,4.00,0.0040,464,226
T-Default-1x,3273,10.604,3.69,3.70,0.0037,464,226
T-Default-1x,3274,10.608,3.90,3.89,0.0039,464,226
T-Default-1x,3275,10.612,3.79,3.79,0.0038,464,226
T-Default-1x,3276,10.616,3.90,3.91,0.0039,464,226
T-Default-1x,3277,10.619,3.59,3.59,0.0036,464,226
T-Default-1x,3278,10.623,3.86,3.81,0.0039,464,226
T-Default-1x,3279,10.627,3.76,3.79,0.0038,464,226
T-Default-1x,3280,10.631,3.84,3.81,0.0038,464,226
T-Default-1x,3281,10.635,3.96,3.97,0.0040,464,226
T-Default-1x,3282,10.639,3.68,3.71,0.0037,464,226
T-Default-1x,3283,10.642,3.80,3.80,0.0038,464,226
T-Default-1x,3284,10.646,3.83,3.80,0.0038,464,226
T-Default-1x,3285,10.650,3.87,3.89,0.0039,624,226
T-Default-1x,3286,10.654,3.60,3.59,0.0036,464,226
T-Default-1x,3287,10.658,4.01,4.00,0.0040,464,226
T-Default-1x,3288,10.661,3.80,3.80,0.0038,464,226
T-Default-1x,3289,10.665,4.01,4.00,0.0040,464,226
T-Default-1x,3290,10.669,3.79,3.80,0.0038,464,226
T-Default-1x,3291,10.673,3.63,3.60,0.0036,464,226
T-Default-1x,3292,10.677,3.78,3.78,0.0038,516,226
T-Default-1x,3293,10.680,3.58,3.60,0.0036,624,226
T-Default-1x,3294,10.684,3.92,3.90,0.0039,464,226
T-Default-1x,3295,10.688,3.79,3.80,0.0038,464,226
T-Default-1x,3296,10.692,4.01,4.00,0.0040,464,226
T-Default-1x,3297,10.696,3.80,3.80,0.0038,464,226
T-Default-1x,3298,10.700,4.09,4.10,0.0041,464,226
T-Default-1x,3299,10.704,3.68,3.69,0.0037,464,226
T-Default-1x,3300,10.707,3.81,3.80,0.0038,464,226
T-Default-1x,3301,10.711,3.71,3.71,0.0037,464,226
T-Default-1x,3302,10.715,3.72,3.70,0.0037,464,226
T-Default-1x,3303,10.719,4.07,4.08,0.0041,464,226
T-Default-1x,3304,10.723,3.72,3.73,0.0037,464,226
T-Default-1x,3305,10.726,3.70,3.67,0.0037,464,226
T-Default-1x,3306,10.730,3.91,3.91,0.0039,464,226
T-Default-1x,3307,10.734,4.10,4.09,0.0041,464,226
T-Default-1x,3308,10.738,3.76,3.80,0.0038,464,226
T-Default-1x,3309,10.742,3.70,3.70,0.0037,464,226
T-Default-1x,3310,10.745,3.51,3.49,0.0035,464,226
T-Default-1x,3311,10.749,3.80,3.80,0.0038,464,226
T-Default-1x,3312,10.753,4.00,4.00,0.0040,4592,226
T-Default-1x,3313,10.757,3.94,3.91,0.0039,464,226
T-Default-1x,3314,10.761,3.77,3.80,0.0038,464,226
T-Default-1x,3315,10.765,3.80,3.79,0.0038,464,226
T-Default-1x,3316,10.768,3.79,3.79,0.0038,464,226
T-Default-1x,3317,10.772,3.69,3.70,0.0037,464,226
T-Default-1x,3318,10.776,3.91,3.91,0.0039,464,226
T-Default-1x,3319,10.780,3.80,3.79,0.0038,464,226
T-Default-1x,3320,10.784,4.01,4.01,0.0040,464,226
T-Default-1x,3321,10.787,3.57,3.59,0.0036,464,226
T-Default-1x,3322,10.791,3.91,3.90,0.0039,464,226
T-Default-1x,3323,10.795,3.71,3.70,0.0037,464,226
T-Default-1x,3324,10.799,3.82,3.80,0.0038,464,226
T-Default-1x,3325,10.802,3.66,3.69,0.0037,464,226
T-Default-1x,3326,10.806,3.52,3.51,0.0035,464,226
T-Default-1x,3327,10.810,3.70,3.70,0.0037,464,226
T-Default-1x,3328,10.813,3.59,3.59,0.0036,464,226
T-Default-1x,3329,10.817,3.82,3.81,0.0038,464,226
T-Default-1x,3330,10.821,3.57,3.59,0.0036,464,226
T-Default-1x,3331,10.824,3.81,3.80,0.0038,464,226
T-Default-1x,3332,10.828,3.59,3.60,0.0036,464,226
T-Default-1x,3333,10.832,3.71,3.70,0.0037,464,226
T-Default-1x,3334,10.836,3.81,3.80,0.0038,464,226
T-Default-1x,3335,10.839,3.57,3.59,0.0036,464,226
T-Default-1x,3336,10.843,3.85,3.82,0.0039,464,226
T-Default-1x,3337,10.847,3.66,3.68,0.0037,464,226
T-Default-1x,3338,10.850,3.80,3.80,0.0038,464,226
T-Default-1x,3339,10.854,3.60,3.61,0.0036,464,226
T-Default-1x,3340,10.858,3.81,3.79,0.0038,464,226
T-Default-1x,3341,10.861,3.59,3.59,0.0036,464,226
T-Default-1x,3342,10.865,3.63,3.61,0.0036,464,226
T-Default-1x,3343,10.869,3.73,3.75,0.0037,464,226
T-Default-1x,3344,10.872,3.60,3.55,0.0036,464,226
T-Default-1x,3345,10.876,3.65,3.68,0.0037,464,226
T-Default-1x,3346,10.880,3.69,3.70,0.0037,516,226
T-Default-1x,3347,10.884,3.80,3.81,0.0038,464,226
T-Default-1x,3348,10.887,3.71,3.70,0.0037,464,226
T-Default-1x,3349,10.891,3.71,3.70,0.0037,464,226
T-Default-1x,3350,10.895,3.80,3.80,0.0038,464,226
T-Default-1x,3351,10.899,3.91,3.89,0.0039,464,226
T-Default-1x,3352,10.902,3.68,3.70,0.0037,464,226
T-Default-1x,3353,10.906,3.61,3.62,0.0036,464,226
T-Default-1x,3354,10.910,3.89,3.88,0.0039,464,226
T-Default-1x,3355,10.913,3.60,3.60,0.0036,464,226
T-Default-1x,3356,10.917,3.70,3.70,0.0037,464,226
T-Default-1x,3357,10.921,3.70,3.70,0.0037,464,226
T-Default-1x,3358,10.925,3.79,3.80,0.0038,464,226
T-Default-1x,3359,10.928,3.39,3.39,0.0034,464,226
T-Default-1x,3360,10.932,3.63,3.61,0.0036,464,226
T-Default-1x,3361,10.935,3.61,3.60,0.0036,464,226
T-Default-1x,3362,10.939,3.47,3.50,0.0035,464,226
T-Default-1x,3363,10.943,3.83,3.80,0.0038,464,226
T-Default-1x,3364,10.946,3.80,3.80,0.0038,464,226
T-Default-1x,3365,10.950,3.78,3.79,0.0038,464,226
T-Default-1x,3366,10.954,3.39,3.39,0.0034,464,226
T-Default-1x,3367,10.957,3.71,3.70,0.0037,464,226
T-Default-1x,3368,10.961,3.52,3.51,0.0035,464,226
T-Default-1x,3369,10.964,3.30,3.30,0.0033,464,226
T-Default-1x,3370,10.968,3.84,3.80,0.0038,464,226
T-Default-1x,3371,10.972,3.78,3.79,0.0038,464,226
T-Default-1x,3372,10.975,3.77,3.79,0.0038,464,226
T-Default-1x,3373,10.979,3.73,3.70,0.0037,464,226
T-Default-1x,3374,10.983,3.89,3.89,0.0039,464,226
T-Default-1x,3375,10.987,3.61,3.61,0.0036,464,226
T-Default-1x,3376,10.991,3.92,3.89,0.0039,464,226
T-Default-1x,3377,10.994,3.87,3.89,0.0039,464,226
T-Default-1x,3378,10.998,3.81,3.80,0.0038,464,226
T-Default-1x,3379,11.002,3.93,3.91,0.0039,464,226
T-Default-1x,3380,11.006,3.79,3.79,0.0038,464,226
T-Default-1x,3381,11.010,3.88,3.91,0.0039,464,226
T-Default-1x,3382,11.013,3.57,3.58,0.0036,464,226
T-Default-1x,3383,11.017,3.49,3.50,0.0035,464,226
T-Default-1x,3384,11.020,3.40,3.40,0.0034,464,226
T-Default-1x,3385,11.024,3.72,3.70,0.0037,464,226
T-Default-1x,3386,11.028,3.48,3.48,0.0035,464,226
T-Default-1x,3387,11.031,3.30,3.31,0.0033,464,226
T-Default-1x,3388,11.035,3.72,3.70,0.0037,464,226
T-Default-1x,3389,11.038,3.69,3.69,0.0037,464,226
T-Default-1x,3390,11.042,3.94,3.92,0.0039,464,226
T-Default-1x,3391,11.046,3.66,3.68,0.0037,464,226
T-Default-1x,3392,11.050,3.80,3.80,0.0038,464,226
T-Default-1x,3393,11.053,3.71,3.69,0.0037,464,226
T-Default-1x,3394,11.057,3.83,3.81,0.0038,464,226
T-Default-1x,3395,11.061,3.78,3.79,0.0038,464,226
T-Default-1x,3396,11.064,3.51,3.50,0.0035,464,226
T-Default-1x,3397,11.068,3.69,3.69,0.0037,464,226
T-Default-1x,3398,11.072,3.59,3.60,0.0036,464,226
T-Default-1x,3399,11.076,3.95,3.91,0.0039,464,226
T-Default-1x,3400,11.080,3.79,3.78,0.0038,464,226
T-Default-1x,3401,11.083,3.99,4.02,0.0040,516,226
T-Default-1x,3402,11.087,3.78,3.78,0.0038,464,226
T-Default-1x,3403,11.091,3.80,3.80,0.0038,464,226
T-Default-1x,3404,11.095,3.82,3.78,0.0038,464,226
T-Default-1x,3405,11.099,3.92,3.93,0.0039,464,226
T-Default-1x,3406,11.103,3.75,3.78,0.0038,464,226
T-Default-1x,3407,11.106,3.64,3.61,0.0036,464,226
T-Default-1x,3408,11.110,3.77,3.78,0.0038,464,226
T-Default-1x,3409,11.114,3.78,3.80,0.0038,464,226
T-Default-1x,3410,11.117,3.73,3.71,0.0037,464,226
T-Default-1x,3411,11.121,3.56,3.58,0.0036,2544,226
T-Default-1x,3412,11.125,3.93,3.92,0.0039,464,226
T-Default-1x,3413,11.129,3.72,3.70,0.0037,464,226
T-Default-1x,3414,11.132,3.78,3.79,0.0038,464,226
T-Default-1x,3415,11.136,3.73,3.70,0.0037,464,226
T-Default-1x,3416,11.140,3.68,3.69,0.0037,464,226
T-Default-1x,3417,11.144,3.69,3.70,0.0037,464,226
T-Default-1x,3418,11.147,3.82,3.81,0.0038,464,226
T-Default-1x,3419,11.151,3.70,3.69,0.0037,464,226
T-Default-1x,3420,11.155,3.70,3.70,0.0037,464,226
T-Default-1x,3421,11.159,3.91,3.90,0.0039,464,226
T-Default-1x,3422,11.162,3.50,3.50,0.0035,464,226
T-Default-1x,3423,11.166,3.89,3.89,0.0039,464,226
T-Default-1x,3424,11.170,3.81,3.80,0.0038,464,226
T-Default-1x,3425,11.174,3.91,3.90,0.0039,464,226
T-Default-1x,3426,11.178,3.89,3.89,0.0039,464,226
T-Default-1x,3427,11.182,4.01,4.00,0.0040,464,226
T-Default-1x,3428,11.186,4.00,4.01,0.0040,464,226
T-Default-1x,3429,11.189,3.69,3.69,0.0037,464,226
T-Default-1x,3430,11.193,3.71,3.70,0.0037,464,226
T-Default-1x,3431,11.197,3.59,3.59,0.0036,464,226
T-Default-1x,3432,11.200,3.80,3.80,0.0038,464,226
T-Default-1x,3433,11.204,3.81,3.80,0.0038,464,226
T-Default-1x,3434,11.208,4.10,4.10,0.0041,464,226
T-Default-1x,3435,11.212,3.72,3.70,0.0037,464,226
T-Default-1x,3436,11.216,3.77,3.78,0.0038,464,226
T-Default-1x,3437,11.219,3.50,3.51,0.0035,464,226
T-Default-1x,3438,11.223,3.63,3.59,0.0036,464,226
T-Default-1x,3439,11.227,3.78,3.80,0.0038,464,226
T-Default-1x,3440,11.230,3.62,3.60,0.0036,464,226
T-Default-1x,3441,11.234,4.09,4.10,0.0041,464,226
T-Default-1x,3442,11.238,3.67,3.69,0.0037,464,226
T-Default-1x,3443,11.242,3.82,3.80,0.0038,464,226
T-Default-1x,3444,11.246,3.60,3.60,0.0036,464,226
T-Default-1x,3445,11.249,3.90,3.90,0.0039,464,226
T-Default-1x,3446,11.253,3.64,3.61,0.0036,464,226
T-Default-1x,3447,11.257,3.66,3.69,0.0037,464,226
T-Default-1x,3448,11.261,3.83,3.80,0.0038,464,226
T-Default-1x,3449,11.264,3.66,3.68,0.0037,464,226
T-Default-1x,3450,11.268,3.80,3.81,0.0038,464,226
T-Default-1x,3451,11.272,3.58,3.61,0.0036,464,226
T-Default-1x,3452,11.275,3.73,3.71,0.0037,464,226
T-Default-1x,3453,11.279,3.61,3.59,0.0036,464,226
T-Default-1x,3454,11.283,3.67,3.69,0.0037,464,226
T-Default-1x,3455,11.286,3.58,3.58,0.0036,516,226
T-Default-1x,3456,11.290,3.63,3.61,0.0036,464,226
T-Default-1x,3457,11.294,3.72,3.71,0.0037,464,226
T-Default-1x,3458,11.297,3.56,3.59,0.0036,464,226
T-Default-1x,3459,11.301,3.61,3.60,0.0036,464,226
T-Default-1x,3460,11.304,3.61,3.59,0.0036,464,226
T-Default-1x,3461,11.308,3.70,3.70,0.0037,464,226
T-Default-1x,3462,11.311,3.40,3.40,0.0034,464,226
T-Default-1x,3463,11.315,3.59,3.59,0.0036,464,226
T-Default-1x,3464,11.319,3.76,3.76,0.0038,464,226
T-Default-1x,3465,11.322,3.31,3.34,0.0033,464,226
T-Default-1x,3466,11.326,3.62,3.60,0.0036,464,226
T-Default-1x,3467,11.329,3.73,3.71,0.0037,464,226
T-Default-1x,3468,11.333,3.78,3.81,0.0038,464,226
T-Default-1x,3469,11.337,3.62,3.60,0.0036,464,226
T-Default-1x,3470,11.341,3.97,3.99,0.0040,464,226
T-Default-1x,3471,11.345,3.95,3.91,0.0040,464,226
T-Default-1x,3472,11.349,4.36,4.39,0.0044,464,226
T-Default-1x,3473,11.353,4.13,4.10,0.0041,464,226
T-Default-1x,3474,11.357,4.10,4.10,0.0041,464,226
T-Default-1x,3475,11.361,3.78,3.79,0.0038,464,226
T-Default-1x,3476,11.365,3.58,3.59,0.0036,464,226
T-Default-1x,3477,11.369,4.09,4.09,0.0041,464,226
T-Default-1x,3478,11.373,3.82,3.82,0.0038,6044,226
T-Default-1x,3479,11.376,3.72,3.69,0.0037,464,226
T-Default-1x,3480,11.380,3.67,3.70,0.0037,464,226
T-Default-1x,3481,11.384,3.79,3.79,0.0038,464,226
T-Default-1x,3482,11.388,4.05,4.01,0.0040,464,226
T-Default-1x,3483,11.392,4.08,4.10,0.0041,464,226
T-Default-1x,3484,11.396,3.69,3.69,0.0037,464,226
T-Default-1x,3485,11.400,3.89,3.89,0.0039,464,226
T-Default-1x,3486,11.403,3.60,3.59,0.0036,464,226
T-Default-1x,3487,11.407,3.93,3.91,0.0039,464,226
T-Default-1x,3488,11.411,4.01,4.00,0.0040,464,226
T-Default-1x,3489,11.415,3.57,3.59,0.0036,464,226
T-Default-1x,3490,11.419,4.19,4.20,0.0042,464,226
T-Default-1x,3491,11.423,3.74,3.70,0.0037,464,226
T-Default-1x,3492,11.426,3.68,3.68,0.0037,464,226
T-Default-1x,3493,11.430,3.87,3.90,0.0039,464,226
T-Default-1x,3494,11.434,3.94,3.92,0.0039,464,226
T-Default-1x,3495,11.438,3.68,3.69,0.0037,464,226
T-Default-1x,3496,11.442,3.92,3.90,0.0039,464,226
T-Default-1x,3497,11.445,3.70,3.70,0.0037,464,226
T-Default-1x,3498,11.449,3.67,3.69,0.0037,464,226
T-Default-1x,3499,11.453,3.62,3.61,0.0036,464,226
T-Default-1x,3500,11.456,3.59,3.59,0.0036,464,226
T-Default-1x,3501,11.460,3.69,3.69,0.0037,464,226
T-Default-1x,3502,11.464,3.62,3.60,0.0036,464,226
T-Default-1x,3503,11.467,3.79,3.80,0.0038,464,226
T-Default-1x,3504,11.471,3.76,3.78,0.0038,464,226
T-Default-1x,3505,11.475,3.83,3.82,0.0038,464,226
T-Default-1x,3506,11.479,3.91,3.89,0.0039,464,226
T-Default-1x,3507,11.483,3.89,3.90,0.0039,464,226
T-Default-1x,3508,11.486,3.62,3.60,0.0036,516,226
T-Default-1x,3509,11.490,3.58,3.59,0.0036,464,226
T-Default-1x,3510,11.494,3.70,3.70,0.0037,464,226
T-Default-1x,3511,11.497,3.68,3.70,0.0037,464,226
T-Default-1x,3512,11.501,3.93,3.90,0.0039,464,226
T-Default-1x,3513,11.505,3.68,3.70,0.0037,464,226
T-Default-1x,3514,11.509,3.90,3.90,0.0039,464,226
T-Default-1x,3515,11.513,3.84,3.81,0.0038,464,226
T-Default-1x,3516,11.517,3.89,3.89,0.0039,464,226
T-Default-1x,3517,11.520,3.55,3.59,0.0035,464,226
T-Default-1x,3518,11.524,3.66,3.61,0.0037,464,226
T-Default-1x,3519,11.527,3.56,3.59,0.0036,464,226
T-Default-1x,3520,11.531,3.62,3.60,0.0036,464,226
T-Default-1x,3521,11.535,3.80,3.80,0.0038,464,226
T-Default-1x,3522,11.538,3.59,3.59,0.0036,464,226
T-Default-1x,3523,11.542,3.92,3.91,0.0039,464,226
T-Default-1x,3524,11.546,3.71,3.70,0.0037,464,226
T-Default-1x,3525,11.550,3.78,3.78,0.0038,464,226
T-Default-1x,3526,11.554,3.90,3.89,0.0039,464,226
T-Default-1x,3527,11.557,3.79,3.80,0.0038,464,226
T-Default-1x,3528,11.561,3.72,3.70,0.0037,464,226
T-Default-1x,3529,11.565,3.36,3.39,0.0034,464,226
T-Default-1x,3530,11.568,3.75,3.71,0.0038,464,226
T-Default-1x,3531,11.572,3.35,3.39,0.0034,464,226
T-Default-1x,3532,11.575,3.54,3.51,0.0035,464,226
T-Default-1x,3533,11.579,3.49,3.49,0.0035,464,226
T-Default-1x,3534,11.582,3.69,3.70,0.0037,464,226
T-Default-1x,3535,11.586,3.59,3.59,0.0036,464,226
T-Default-1x,3536,11.589,3.41,3.40,0.0034,464,226
T-Default-1x,3537,11.593,3.91,3.90,0.0039,464,226
T-Default-1x,3538,11.597,3.79,3.81,0.0038,464,226
T-Default-1x,3539,11.601,3.60,3.59,0.0036,464,226
T-Default-1x,3540,11.605,4.01,4.00,0.0040,464,226
T-Default-1x,3541,11.609,3.90,3.90,0.0039,464,226
T-Default-1x,3542,11.612,3.58,3.59,0.0036,464,226
T-Default-1x,3543,11.616,3.62,3.61,0.0036,464,226
T-Default-1x,3544,11.619,3.61,3.60,0.0036,464,226
T-Default-1x,3545,11.623,3.50,3.50,0.0035,464,226
T-Default-1x,3546,11.626,3.59,3.59,0.0036,464,226
T-Default-1x,3547,11.630,3.70,3.70,0.0037,464,226
T-Default-1x,3548,11.634,3.83,3.81,0.0038,464,226
T-Default-1x,3549,11.638,3.89,3.90,0.0039,464,226
T-Default-1x,3550,11.642,3.78,3.79,0.0038,464,226
T-Default-1x,3551,11.645,3.74,3.72,0.0037,464,226
T-Default-1x,3552,11.649,3.76,3.78,0.0038,464,226
T-Default-1x,3553,11.653,3.59,3.59,0.0036,464,226
T-Default-1x,3554,11.656,3.53,3.50,0.0035,464,226
T-Default-1x,3555,11.660,3.70,3.70,0.0037,752,226
T-Default-1x,3556,11.664,3.61,3.60,0.0036,464,226
T-Default-1x,3557,11.667,3.88,3.89,0.0039,464,226
T-Default-1x,3558,11.671,3.70,3.69,0.0037,464,226
T-Default-1x,3559,11.675,3.92,3.91,0.0039,464,226
T-Default-1x,3560,11.679,3.94,3.89,0.0039,464,226
T-Default-1x,3561,11.683,3.95,3.99,0.0040,464,226
T-Default-1x,3562,11.687,4.08,4.09,0.0041,516,226
T-Default-1x,3563,11.691,3.89,3.90,0.0039,464,226
T-Default-1x,3564,11.695,4.05,4.02,0.0041,464,226
T-Default-1x,3565,11.699,3.76,3.78,0.0038,464,226
T-Default-1x,3566,11.703,3.79,3.79,0.0038,464,226
T-Default-1x,3567,11.706,3.70,3.70,0.0037,464,226
T-Default-1x,3568,11.710,3.70,3.70,0.0037,464,226
T-Default-1x,3569,11.714,3.61,3.60,0.0036,464,226
T-Default-1x,3570,11.717,3.81,3.80,0.0038,464,226
T-Default-1x,3571,11.721,3.77,3.79,0.0038,464,226
T-Default-1x,3572,11.725,3.94,3.91,0.0039,464,226
T-Default-1x,3573,11.729,3.70,3.69,0.0037,464,226
T-Default-1x,3574,11.733,3.78,3.81,0.0038,464,226
T-Default-1x,3575,11.736,3.62,3.59,0.0036,464,226
T-Default-1x,3576,11.740,3.49,3.49,0.0035,464,226
T-Default-1x,3577,11.743,3.59,3.60,0.0036,464,226
T-Default-1x,3578,11.747,3.80,3.80,0.0038,464,226
T-Default-1x,3579,11.751,3.80,3.79,0.0038,464,226
T-Default-1x,3580,11.755,3.70,3.70,0.0037,464,226
T-Default-1x,3581,11.758,3.69,3.70,0.0037,464,226
T-Default-1x,3582,11.762,3.82,3.80,0.0038,4592,226
T-Default-1x,3583,11.766,3.91,3.91,0.0039,464,226
T-Default-1x,3584,11.770,3.66,3.68,0.0037,464,226
T-Default-1x,3585,11.773,3.75,3.72,0.0038,464,226
T-Default-1x,3586,11.777,3.68,3.69,0.0037,464,226
T-Default-1x,3587,11.781,3.49,3.50,0.0035,464,226
T-Default-1x,3588,11.784,3.59,3.59,0.0036,464,226
T-Default-1x,3589,11.788,3.74,3.71,0.0037,464,226
T-Default-1x,3590,11.792,3.65,3.68,0.0037,464,226
T-Default-1x,3591,11.795,3.76,3.72,0.0038,464,226
T-Default-1x,3592,11.799,3.75,3.78,0.0038,464,226
T-Default-1x,3593,11.803,4.03,4.00,0.0040,464,226
T-Default-1x,3594,11.807,3.69,3.69,0.0037,464,226
T-Default-1x,3595,11.811,3.71,3.71,0.0037,464,226
T-Default-1x,3596,11.814,3.56,3.59,0.0036,464,226
T-Default-1x,3597,11.818,3.81,3.80,0.0038,464,226
T-Default-1x,3598,11.822,3.80,3.80,0.0038,464,226
T-Default-1x,3599,11.826,4.12,4.11,0.0041,464,226
T-Default-1x,3600,11.830,4.10,4.09,0.0041,464,226
T-Default-1x,3601,11.834,4.00,3.99,0.0040,464,226
T-Default-1x,3602,11.838,3.79,3.80,0.0038,464,226
T-Default-1x,3603,11.842,3.89,3.90,0.0039,464,226
T-Default-1x,3604,11.845,3.83,3.80,0.0038,464,226
T-Default-1x,3605,11.849,3.89,3.90,0.0039,464,226
T-Default-1x,3606,11.853,3.80,3.79,0.0038,464,226
T-Default-1x,3607,11.857,3.84,3.83,0.0038,464,226
T-Default-1x,3608,11.861,3.65,3.67,0.0036,464,226
T-Default-1x,3609,11.864,3.39,3.40,0.0034,464,226
T-Default-1x,3610,11.868,3.84,3.80,0.0038,464,226
T-Default-1x,3611,11.872,3.80,3.80,0.0038,464,226
T-Default-1x,3612,11.875,3.78,3.80,0.0038,464,226
T-Default-1x,3613,11.879,3.52,3.50,0.0035,464,226
T-Default-1x,3614,11.883,3.80,3.80,0.0038,464,226
T-Default-1x,3615,11.887,3.89,3.89,0.0039,464,226
T-Default-1x,3616,11.890,3.84,3.83,0.0038,516,226
T-Default-1x,3617,11.894,3.76,3.78,0.0038,464,226
T-Default-1x,3618,11.898,3.58,3.59,0.0036,464,226
T-Default-1x,3619,11.901,3.72,3.70,0.0037,464,226
T-Default-1x,3620,11.905,3.70,3.70,0.0037,464,226
T-Default-1x,3621,11.909,3.89,3.90,0.0039,464,226
T-Default-1x,3622,11.913,3.59,3.60,0.0036,464,226
T-Default-1x,3623,11.916,3.80,3.80,0.0038,464,226
T-Default-1x,3624,11.920,3.64,3.62,0.0036,464,226
T-Default-1x,3625,11.924,4.00,3.98,0.0040,464,226
T-Default-1x,3626,11.928,3.78,3.79,0.0038,464,226
T-Default-1x,3627,11.932,3.81,3.80,0.0038,464,226
T-Default-1x,3628,11.935,3.60,3.60,0.0036,464,226
T-Default-1x,3629,11.939,3.57,3.58,0.0036,464,226
T-Default-1x,3630,11.943,4.02,4.00,0.0040,464,226
T-Default-1x,3631,11.946,3.58,3.60,0.0036,464,226
T-Default-1x,3632,11.950,3.92,3.91,0.0039,464,226
T-Default-1x,3633,11.954,3.77,3.79,0.0038,464,226
T-Default-1x,3634,11.958,3.92,3.91,0.0039,464,226
T-Default-1x,3635,11.962,3.80,3.79,0.0038,464,226
T-Default-1x,3636,11.966,3.80,3.81,0.0038,464,226
T-Default-1x,3637,11.970,4.01,3.99,0.0040,464,226
T-Default-1x,3638,11.974,3.95,3.90,0.0039,464,226
T-Default-1x,3639,11.977,3.86,3.90,0.0039,464,226
T-Default-1x,3640,11.981,3.60,3.60,0.0036,464,226
T-Default-1x,3641,11.985,3.81,3.79,0.0038,464,226
T-Default-1x,3642,11.989,3.90,3.89,0.0039,464,226
T-Default-1x,3643,11.993,3.89,3.91,0.0039,464,226
T-Default-1x,3644,11.996,3.49,3.49,0.0035,464,226
T-Default-1x,3645,12.000,4.11,3.90,0.0041,464,226
T-Default-1x,3646,12.004,3.99,4.19,0.0040,464,226
T-Default-1x,3647,12.008,3.80,3.80,0.0038,464,226
T-Default-1x,3648,12.012,4.09,4.10,0.0041,464,226
T-Default-1x,3649,12.016,3.82,3.81,0.0038,464,226
T-Default-1x,3650,12.020,3.59,3.59,0.0036,464,226
T-Default-1x,3651,12.023,3.60,3.60,0.0036,464,226
T-Default-1x,3652,12.027,3.61,3.61,0.0036,464,226
T-Default-1x,3653,12.030,3.70,3.70,0.0037,464,226
T-Default-1x,3654,12.034,3.91,3.90,0.0039,464,226
T-Default-1x,3655,12.038,3.59,3.61,0.0036,464,226
T-Default-1x,3656,12.042,3.71,3.68,0.0037,464,226
T-Default-1x,3657,12.045,3.68,3.70,0.0037,464,226
T-Default-1x,3658,12.049,3.93,3.91,0.0039,464,226
T-Default-1x,3659,12.053,3.87,3.88,0.0039,464,226
T-Default-1x,3660,12.057,3.83,3.80,0.0038,464,226
T-Default-1x,3661,12.061,3.76,3.80,0.0038,464,226
T-Default-1x,3662,12.064,3.66,3.61,0.0037,464,226
T-Default-1x,3663,12.068,3.95,3.99,0.0040,464,226
T-Default-1x,3664,12.072,4.01,4.00,0.0040,464,226
T-Default-1x,3665,12.077,4.12,4.09,0.0041,464,226
T-Default-1x,3666,12.080,3.97,3.99,0.0040,464,226
T-Default-1x,3667,12.084,4.00,4.00,0.0040,464,226
T-Default-1x,3668,12.088,3.68,3.70,0.0037,464,226
T-Default-1x,3669,12.092,4.03,4.02,0.0040,516,226
T-Default-1x,3670,12.096,3.87,3.88,0.0039,464,226
T-Default-1x,3671,12.100,3.90,3.90,0.0039,464,226
T-Default-1x,3672,12.104,3.71,3.70,0.0037,464,226
T-Default-1x,3673,12.107,3.80,3.80,0.0038,464,226
T-Default-1x,3674,12.111,3.72,3.70,0.0037,464,226
T-Default-1x,3675,12.115,3.72,3.70,0.0037,464,226
T-Default-1x,3676,12.119,3.96,3.97,0.0040,464,226
T-Default-1x,3677,12.122,3.63,3.63,0.0036,464,226
T-Default-1x,3678,12.126,3.67,3.69,0.0037,464,226
T-Default-1x,3679,12.130,3.60,3.60,0.0036,464,226
T-Default-1x,3680,12.134,3.79,3.80,0.0038,464,226
T-Default-1x,3681,12.137,3.72,3.71,0.0037,464,226
T-Default-1x,3682,12.141,3.67,3.69,0.0037,464,226
T-Default-1x,3683,12.145,3.94,3.91,0.0039,464,226
T-Default-1x,3684,12.149,3.88,3.89,0.0039,464,226
T-Default-1x,3685,12.152,3.70,3.70,0.0037,464,226
T-Default-1x,3686,12.156,3.51,3.52,0.0035,464,226
T-Default-1x,3687,12.160,3.69,3.68,0.0037,464,226
T-Default-1x,3688,12.163,3.69,3.70,0.0037,464,226
T-Default-1x,3689,12.167,3.81,3.81,0.0038,464,226
T-Default-1x,3690,12.171,3.68,3.68,0.0037,464,226
T-Default-1x,3691,12.175,3.80,3.80,0.0038,464,226
T-Default-1x,3692,12.179,3.92,3.91,0.0039,464,226
T-Default-1x,3693,12.183,3.90,3.89,0.0039,464,226
T-Default-1x,3694,12.186,3.70,3.70,0.0037,464,226
T-Default-1x,3695,12.190,3.79,3.80,0.0038,464,226
T-Default-1x,3696,12.194,3.99,3.99,0.0040,464,226
T-Default-1x,3697,12.198,3.71,3.69,0.0037,464,226
T-Default-1x,3698,12.202,3.82,3.82,0.0038,464,226
T-Default-1x,3699,12.205,3.77,3.79,0.0038,464,226
T-Default-1x,3700,12.210,4.22,4.21,0.0042,464,226
T-Default-1x,3701,12.213,3.57,3.59,0.0036,464,226
T-Default-1x,3702,12.217,3.81,3.80,0.0038,464,226
T-Default-1x,3703,12.221,3.90,3.90,0.0039,464,226
T-Default-1x,3704,12.225,3.89,3.90,0.0039,464,226
T-Default-1x,3705,12.228,3.61,3.60,0.0036,464,226
T-Default-1x,3706,12.232,3.84,3.81,0.0038,464,226
T-Default-1x,3707,12.236,3.84,3.88,0.0038,464,226
T-Default-1x,3708,12.240,3.76,3.70,0.0038,464,226
T-Default-1x,3709,12.244,4.18,4.19,0.0042,464,226
T-Default-1x,3710,12.248,4.12,4.10,0.0041,464,226
T-Default-1x,3711,12.252,3.99,4.00,0.0040,464,226
T-Default-1x,3712,12.256,3.77,3.79,0.0038,464,226
T-Default-1x,3713,12.259,3.70,3.70,0.0037,464,226
T-Default-1x,3714,12.263,3.92,3.90,0.0039,464,226
T-Default-1x,3715,12.267,3.87,3.89,0.0039,464,226
T-Default-1x,3716,12.271,3.80,3.80,0.0038,464,226
T-Default-1x,3717,12.275,3.92,3.91,0.0039,464,226
T-Default-1x,3718,12.279,3.71,3.70,0.0037,464,226
T-Default-1x,3719,12.282,3.69,3.70,0.0037,464,226
T-Default-1x,3720,12.286,3.69,3.70,0.0037,464,226
T-Default-1x,3721,12.290,3.62,3.60,0.0036,464,226
T-Default-1x,3722,12.293,3.79,3.80,0.0038,516,226
T-Default-1x,3723,12.297,3.79,3.80,0.0038,464,226
T-Default-1x,3724,12.301,3.82,3.79,0.0038,464,226
T-Default-1x,3725,12.306,4.54,4.52,0.0045,464,226
T-Default-1x,3726,12.310,4.30,4.28,0.0043,464,226
T-Default-1x,3727,12.314,3.97,4.00,0.0040,464,226
T-Default-1x,3728,12.318,4.10,4.09,0.0041,464,226
T-Default-1x,3729,12.322,4.01,4.01,0.0040,464,226
T-Default-1x,3730,12.326,4.28,4.29,0.0043,464,226
T-Default-1x,3731,12.330,3.67,3.69,0.0037,464,226
T-Default-1x,3732,12.334,3.82,3.81,0.0038,464,226
T-Default-1x,3733,12.338,3.91,3.90,0.0039,464,226
T-Default-1x,3734,12.341,3.77,3.79,0.0038,464,226
T-Default-1x,3735,12.345,3.71,3.69,0.0037,464,226
T-Default-1x,3736,12.349,3.90,3.91,0.0039,464,226
T-Default-1x,3737,12.353,3.82,3.79,0.0038,464,226
T-Default-1x,3738,12.356,3.61,3.61,0.0036,464,226
T-Default-1x,3739,12.361,4.03,4.00,0.0040,464,226
T-Default-1x,3740,12.364,3.76,3.80,0.0038,464,226
T-Default-1x,3741,12.368,3.93,3.90,0.0039,464,226
T-Default-1x,3742,12.372,3.73,3.78,0.0037,464,226
T-Default-1x,3743,12.376,3.60,3.60,0.0036,464,226
T-Default-1x,3744,12.379,3.75,3.72,0.0037,464,226
T-Default-1x,3745,12.383,3.87,3.89,0.0039,464,226
T-Default-1x,3746,12.387,3.73,3.70,0.0037,464,226
T-Default-1x,3747,12.391,3.77,3.79,0.0038,464,226
T-Default-1x,3748,12.394,3.71,3.70,0.0037,464,226
T-Default-1x,3749,12.398,3.62,3.60,0.0036,464,226
T-Default-1x,3750,12.402,3.78,3.80,0.0038,464,226
T-Default-1x,3751,12.405,3.70,3.70,0.0037,464,226
T-Default-1x,3752,12.409,3.80,3.79,0.0038,464,226
T-Default-1x,3753,12.413,4.16,4.11,0.0042,464,226
T-Default-1x,3754,12.418,4.14,4.18,0.0041,464,226
T-Default-1x,3755,12.421,3.78,3.80,0.0038,464,226
T-Default-1x,3756,12.425,4.03,4.01,0.0040,464,226
T-Default-1x,3757,12.429,4.03,4.01,0.0040,464,226
T-Default-1x,3758,12.434,4.16,4.19,0.0042,464,226
T-Default-1x,3759,12.437,3.91,3.89,0.0039,464,226
T-Default-1x,3760,12.441,3.89,3.90,0.0039,464,226
T-Default-1x,3761,12.445,3.81,3.79,0.0038,464,226
T-Default-1x,3762,12.449,3.79,3.80,0.0038,464,226
T-Default-1x,3763,12.453,3.81,3.81,0.0038,12596,226
T-Default-1x,3764,12.457,3.82,3.80,0.0038,464,226
T-Default-1x,3765,12.461,4.00,4.00,0.0040,464,226
T-Default-1x,3766,12.464,3.78,3.78,0.0038,464,226
T-Default-1x,3767,12.468,3.82,3.82,0.0038,464,226
T-Default-1x,3768,12.472,3.81,3.79,0.0038,464,226
T-Default-1x,3769,12.476,4.07,4.09,0.0041,464,226
T-Default-1x,3770,12.480,3.59,3.60,0.0036,464,226
T-Default-1x,3771,12.483,3.80,3.80,0.0038,464,226
T-Default-1x,3772,12.487,3.63,3.61,0.0036,464,226
T-Default-1x,3773,12.491,3.70,3.70,0.0037,464,226
T-Default-1x,3774,12.494,3.59,3.60,0.0036,516,226
T-Default-1x,3775,12.498,3.49,3.49,0.0035,464,226
T-Default-1x,3776,12.502,3.93,3.91,0.0039,464,226
T-Default-1x,3777,12.506,3.81,3.80,0.0038,464,226
T-Default-1x,3778,12.510,4.33,4.31,0.0043,464,226
T-Default-1x,3779,12.514,4.37,4.38,0.0044,464,226
T-Default-1x,3780,12.519,4.62,4.64,0.0046,464,226
T-Default-1x,3781,12.523,3.98,3.96,0.0040,464,226
T-Default-1x,3782,12.527,3.90,3.89,0.0039,464,226
T-Default-1x,3783,12.530,3.55,3.59,0.0035,464,226
T-Default-1x,3784,12.534,3.75,3.71,0.0037,464,226
T-Default-1x,3785,12.538,4.01,4.00,0.0040,464,226
T-Default-1x,3786,12.542,3.76,3.78,0.0038,464,226
T-Default-1x,3787,12.546,4.14,4.11,0.0041,464,226
T-Default-1x,3788,12.550,4.08,4.09,0.0041,464,226
T-Default-1x,3789,12.554,4.00,3.99,0.0040,464,226
T-Default-1x,3790,12.559,4.50,4.51,0.0045,464,226
T-Default-1x,3791,12.563,4.04,4.00,0.0040,464,226
T-Default-1x,3792,12.567,3.96,3.98,0.0040,464,226
T-Default-1x,3793,12.570,3.90,3.91,0.0039,464,226
T-Default-1x,3794,12.574,4.00,4.01,0.0040,464,226
T-Default-1x,3795,12.578,3.81,3.80,0.0038,464,226
T-Default-1x,3796,12.582,3.91,3.89,0.0039,464,226
T-Default-1x,3797,12.586,4.01,4.01,0.0040,464,226
T-Default-1x,3798,12.590,3.98,3.99,0.0040,464,226
T-Default-1x,3799,12.594,3.88,3.89,0.0039,464,226
T-Default-1x,3800,12.598,3.81,3.81,0.0038,464,226
T-Default-1x,3801,12.602,3.90,3.90,0.0039,464,226
T-Default-1x,3802,12.606,4.15,4.10,0.0042,464,226
T-Default-1x,3803,12.610,4.04,4.08,0.0040,464,226
T-Default-1x,3804,12.614,3.92,3.91,0.0039,464,226
T-Default-1x,3805,12.618,3.98,3.99,0.0040,464,226
T-Default-1x,3806,12.622,4.06,4.02,0.0041,464,226
T-Default-1x,3807,12.626,3.94,3.98,0.0039,464,226
T-Default-1x,3808,12.630,3.79,3.79,0.0038,464,226
T-Default-1x,3809,12.634,4.12,4.11,0.0041,464,226
T-Default-1x,3810,12.638,3.76,3.79,0.0038,464,226
T-Default-1x,3811,12.641,3.83,3.82,0.0038,464,226
T-Default-1x,3812,12.645,3.70,3.68,0.0037,464,226
T-Default-1x,3813,12.649,3.90,3.91,0.0039,464,226
T-Default-1x,3814,12.653,3.78,3.79,0.0038,464,226
T-Default-1x,3815,12.656,3.72,3.70,0.0037,464,226
T-Default-1x,3816,12.660,3.70,3.69,0.0037,464,226
T-Default-1x,3817,12.664,3.90,3.90,0.0039,464,226
T-Default-1x,3818,12.668,3.79,3.80,0.0038,464,226
T-Default-1x,3819,12.672,3.78,3.79,0.0038,464,226
T-Default-1x,3820,12.676,4.24,4.21,0.0042,464,226
T-Default-1x,3821,12.680,3.98,4.00,0.0040,464,226
T-Default-1x,3822,12.684,4.00,3.99,0.0040,464,226
T-Default-1x,3823,12.688,3.79,3.80,0.0038,464,226
T-Default-1x,3824,12.692,3.92,3.91,0.0039,464,226
T-Default-1x,3825,12.695,3.69,3.70,0.0037,516,226
T-Default-1x,3826,12.699,3.89,3.88,0.0039,464,226
T-Default-1x,3827,12.703,3.93,3.90,0.0039,464,226
T-Default-1x,3828,12.707,3.90,3.91,0.0039,464,226
T-Default-1x,3829,12.711,3.87,3.89,0.0039,464,226
T-Default-1x,3830,12.715,3.84,3.80,0.0038,464,226
T-Default-1x,3831,12.718,3.68,3.70,0.0037,464,226
T-Default-1x,3832,12.722,3.56,3.59,0.0036,464,226
T-Default-1x,3833,12.726,3.71,3.70,0.0037,464,226
T-Default-1x,3834,12.729,3.70,3.70,0.0037,464,226
T-Default-1x,3835,12.733,3.89,3.90,0.0039,464,226
T-Default-1x,3836,12.737,3.63,3.61,0.0036,464,226
T-Default-1x,3837,12.741,3.77,3.79,0.0038,464,226
T-Default-1x,3838,12.744,3.72,3.70,0.0037,464,226
T-Default-1x,3839,12.748,3.59,3.60,0.0036,464,226
T-Default-1x,3840,12.752,3.61,3.60,0.0036,464,226
T-Default-1x,3841,12.755,3.79,3.80,0.0038,464,226
T-Default-1x,3842,12.759,4.01,4.00,0.0040,464,226
T-Default-1x,3843,12.763,4.11,4.09,0.0041,464,226
T-Default-1x,3844,12.767,3.88,3.89,0.0039,464,226
T-Default-1x,3845,12.771,4.03,4.01,0.0040,464,226
T-Default-1x,3846,12.776,4.44,4.41,0.0044,464,226
T-Default-1x,3847,12.780,4.03,4.06,0.0040,464,226
T-Default-1x,3848,12.784,4.22,4.20,0.0042,464,226
T-Default-1x,3849,12.788,3.89,3.91,0.0039,464,226
T-Default-1x,3850,12.792,4.32,4.30,0.0043,464,226
T-Default-1x,3851,12.796,3.76,3.79,0.0038,464,226
T-Default-1x,3852,12.800,3.81,3.80,0.0038,464,226
T-Default-1x,3853,12.804,3.82,3.80,0.0038,464,226
T-Default-1x,3854,12.808,3.91,3.90,0.0039,464,226
T-Default-1x,3855,12.812,4.02,4.01,0.0040,464,226
T-Default-1x,3856,12.816,4.17,4.19,0.0042,464,226
T-Default-1x,3857,12.819,3.70,3.69,0.0037,464,226
T-Default-1x,3858,12.823,3.83,3.81,0.0038,464,226
T-Default-1x,3859,12.827,3.97,3.99,0.0040,464,226
T-Default-1x,3860,12.831,3.71,3.69,0.0037,464,226
T-Default-1x,3861,12.835,3.83,3.80,0.0038,464,226
T-Default-1x,3862,12.839,3.76,3.80,0.0038,464,226
T-Default-1x,3863,12.842,3.90,3.91,0.0039,464,226
T-Default-1x,3864,12.846,3.82,3.79,0.0038,464,226
T-Default-1x,3865,12.850,4.01,4.00,0.0040,464,226
T-Default-1x,3866,12.854,3.89,3.89,0.0039,464,226
T-Default-1x,3867,12.858,4.10,4.11,0.0041,464,226
T-Default-1x,3868,12.862,3.69,3.69,0.0037,464,226
T-Default-1x,3869,12.866,3.80,3.80,0.0038,464,226
T-Default-1x,3870,12.869,3.59,3.60,0.0036,464,226
T-Default-1x,3871,12.873,3.74,3.70,0.0037,464,226
T-Default-1x,3872,12.877,3.76,3.80,0.0038,464,226
T-Default-1x,3873,12.880,3.62,3.60,0.0036,464,226
T-Default-1x,3874,12.884,3.78,3.79,0.0038,464,226
T-Default-1x,3875,12.888,3.85,3.82,0.0038,464,226
T-Default-1x,3876,12.892,3.99,4.01,0.0040,464,226
T-Default-1x,3877,12.896,3.66,3.67,0.0037,516,226
T-Default-1x,3878,12.900,3.80,3.80,0.0038,464,226
T-Default-1x,3879,12.903,3.60,3.60,0.0036,464,226
T-Default-1x,3880,12.907,3.71,3.70,0.0037,464,226
T-Default-1x,3881,12.910,3.59,3.60,0.0036,464,226
T-Default-1x,3882,12.914,3.79,3.79,0.0038,464,226
T-Default-1x,3883,12.918,3.94,3.91,0.0039,464,226
T-Default-1x,3884,12.922,3.66,3.70,0.0037,464,226
T-Default-1x,3885,12.926,3.93,3.90,0.0039,464,226
T-Default-1x,3886,12.930,3.79,3.80,0.0038,464,226
T-Default-1x,3887,12.934,4.00,4.00,0.0040,464,226
T-Default-1x,3888,12.937,3.71,3.70,0.0037,464,226
T-Default-1x,3889,12.941,3.75,3.78,0.0038,464,226
T-Default-1x,3890,12.945,3.64,3.62,0.0036,464,226
T-Default-1x,3891,12.948,3.78,3.80,0.0038,464,226
T-Default-1x,3892,12.952,3.71,3.69,0.0037,464,226
T-Default-1x,3893,12.956,3.91,3.91,0.0039,464,226
T-Default-1x,3894,12.960,3.69,3.69,0.0037,464,226
T-Default-1x,3895,12.964,3.85,3.81,0.0039,464,226
T-Default-1x,3896,12.968,4.26,4.29,0.0043,464,226
T-Default-1x,3897,12.972,3.88,3.89,0.0039,464,226
T-Default-1x,3898,12.976,4.00,4.00,0.0040,464,226
T-Default-1x,3899,12.979,3.73,3.70,0.0037,464,226
T-Default-1x,3900,12.983,3.96,3.99,0.0040,464,226
T-Default-1x,3901,12.987,3.74,3.71,0.0037,464,226
T-Default-1x,3902,12.991,3.77,3.79,0.0038,464,226
T-Default-1x,3903,12.995,3.73,3.71,0.0037,464,226
T-Default-1x,3904,12.999,3.91,3.90,0.0039,464,226
T-Default-1x,3905,13.003,4.09,4.09,0.0041,464,226
T-Default-1x,3906,13.006,3.69,3.70,0.0037,464,226
T-Default-1x,3907,13.010,3.92,3.89,0.0039,464,226
T-Default-1x,3908,13.014,3.88,3.90,0.0039,464,226
T-Default-1x,3909,13.018,3.99,4.00,0.0040,464,226
T-Default-1x,3910,13.022,3.80,3.79,0.0038,464,226
T-Default-1x,3911,13.026,4.23,4.21,0.0042,464,226
T-Default-1x,3912,13.030,3.69,3.69,0.0037,464,226
T-Default-1x,3913,13.034,4.28,4.29,0.0043,464,226
T-Default-1x,3914,13.038,3.81,3.81,0.0038,464,226
T-Default-1x,3915,13.042,3.99,3.99,0.0040,464,226
T-Default-1x,3916,13.046,3.79,3.79,0.0038,464,226
T-Default-1x,3917,13.050,3.93,3.91,0.0039,464,226
T-Default-1x,3918,13.054,3.89,3.90,0.0039,464,226
T-Default-1x,3919,13.057,3.78,3.79,0.0038,464,226
T-Default-1x,3920,13.061,3.82,3.79,0.0038,464,226
T-Default-1x,3921,13.065,4.00,4.00,0.0040,464,226
T-Default-1x,3922,13.069,3.77,3.79,0.0038,464,226
T-Default-1x,3923,13.073,3.63,3.62,0.0036,464,226
T-Default-1x,3924,13.076,3.81,3.79,0.0038,464,226
T-Default-1x,3925,13.080,3.81,3.81,0.0038,464,226
T-Default-1x,3926,13.084,3.88,3.89,0.0039,464,226
T-Default-1x,3927,13.088,3.70,3.70,0.0037,464,226
T-Default-1x,3928,13.092,4.00,4.01,0.0040,464,226
T-Default-1x,3929,13.096,3.73,3.70,0.0037,464,226
T-Default-1x,3930,13.099,3.98,3.99,0.0040,516,226
T-Default-1x,3931,13.104,4.11,4.10,0.0041,464,226
T-Default-1x,3932,13.108,4.19,4.20,0.0042,464,226
T-Default-1x,3933,13.112,4.03,4.01,0.0040,464,226
T-Default-1x,3934,13.116,3.97,3.99,0.0040,464,226
T-Default-1x,3935,13.119,3.69,3.70,0.0037,464,226
T-Default-1x,3936,13.123,3.81,3.80,0.0038,464,226
T-Default-1x,3937,13.127,3.80,3.80,0.0038,464,226
T-Default-1x,3938,13.131,3.58,3.59,0.0036,464,226
T-Default-1x,3939,13.135,4.63,4.61,0.0046,1340,226
T-Default-1x,3940,13.139,4.05,4.01,0.0041,464,226
T-Default-1x,3941,13.143,3.82,3.88,0.0038,464,226
T-Default-1x,3942,13.147,3.70,3.70,0.0037,464,226
T-Default-1x,3943,13.151,3.82,3.80,0.0038,464,226
T-Default-1x,3944,13.155,4.10,4.10,0.0041,464,226
T-Default-1x,3945,13.159,4.21,4.21,0.0042,464,226
T-Default-1x,3946,13.163,3.87,3.89,0.0039,464,226
T-Default-1x,3947,13.167,3.91,3.90,0.0039,464,226
T-Default-1x,3948,13.170,3.69,3.69,0.0037,464,226
T-Default-1x,3949,13.174,3.80,3.80,0.0038,464,226
T-Default-1x,3950,13.178,3.83,3.80,0.0038,464,226
T-Default-1x,3951,13.182,4.06,4.01,0.0041,464,226
T-Default-1x,3952,13.186,3.85,3.89,0.0038,464,226
T-Default-1x,3953,13.190,4.34,4.31,0.0043,464,226
T-Default-1x,3954,13.194,4.05,4.08,0.0041,464,226
T-Default-1x,3955,13.198,3.74,3.72,0.0037,464,226
T-Default-1x,3956,13.203,4.40,4.41,0.0044,464,226
T-Default-1x,3957,13.207,4.64,4.58,0.0046,464,226
T-Default-1x,3958,13.212,4.35,4.39,0.0043,464,226
T-Default-1x,3959,13.216,4.33,4.29,0.0043,536,226
T-Default-1x,3960,13.221,4.77,4.80,0.0048,1340,226
T-Default-1x,3961,13.225,4.37,4.39,0.0044,464,226
T-Default-1x,3962,13.229,4.22,4.20,0.0042,464,226
T-Default-1x,3963,13.233,4.30,4.30,0.0043,464,226
T-Default-1x,3964,13.237,3.97,4.00,0.0040,464,226
T-Default-1x,3965,13.242,4.22,4.21,0.0042,464,226
T-Default-1x,3966,13.246,4.11,4.10,0.0041,464,226
T-Default-1x,3967,13.250,4.06,4.09,0.0041,464,226
T-Default-1x,3968,13.254,4.02,4.00,0.0040,464,226
T-Default-1x,3969,13.258,4.01,4.01,0.0040,464,226
T-Default-1x,3970,13.262,4.00,3.99,0.0040,464,226
T-Default-1x,3971,13.266,4.21,4.20,0.0042,464,226
T-Default-1x,3972,13.270,3.88,3.90,0.0039,464,226
T-Default-1x,3973,13.274,4.22,4.21,0.0042,464,226
T-Default-1x,3974,13.278,3.91,3.88,0.0039,464,226
T-Default-1x,3975,13.282,4.00,4.00,0.0040,464,226
T-Default-1x,3976,13.286,4.02,4.00,0.0040,464,226
T-Default-1x,3977,13.290,3.76,3.78,0.0038,464,226
T-Default-1x,3978,13.294,3.90,3.91,0.0039,464,226
T-Default-1x,3979,13.298,3.82,3.81,0.0038,464,226
T-Default-1x,3980,13.302,4.10,4.08,0.0041,516,226
T-Default-1x,3981,13.305,3.78,3.80,0.0038,464,226
T-Default-1x,3982,13.309,3.92,3.90,0.0039,464,226
T-Default-1x,3983,13.313,3.79,3.79,0.0038,464,226
T-Default-1x,3984,13.317,4.01,4.01,0.0040,464,226
T-Default-1x,3985,13.321,3.78,3.79,0.0038,464,226
T-Default-1x,3986,13.325,4.02,4.00,0.0040,464,226
T-Default-1x,3987,13.329,3.81,3.81,0.0038,464,226
T-Default-1x,3988,13.333,3.88,3.89,0.0039,464,226
T-Default-1x,3989,13.336,3.74,3.70,0.0037,464,226
T-Default-1x,3990,13.340,3.97,3.99,0.0040,464,226
T-Default-1x,3991,13.344,3.80,3.80,0.0038,464,226
T-Default-1x,3992,13.348,3.82,3.80,0.0038,464,226
T-Default-1x,3993,13.352,3.86,3.89,0.0039,464,226
T-Default-1x,3994,13.356,4.05,4.01,0.0040,464,226
T-Default-1x,3995,13.360,4.19,4.19,0.0042,464,226
T-Default-1x,3996,13.364,3.98,3.99,0.0040,464,226
T-Default-1x,3997,13.368,3.99,4.00,0.0040,464,226
T-Default-1x,3998,13.372,3.81,3.80,0.0038,464,226
T-Default-1x,3999,13.376,4.10,4.11,0.0041,464,226
T-Default-1x,4000,13.380,3.86,3.83,0.0039,464,226
T-Default-1x,4001,13.384,3.94,3.96,0.0039,464,226
T-Default-1x,4002,13.388,4.11,4.10,0.0041,464,226
T-Default-1x,4003,13.392,4.40,4.40,0.0044,464,226
T-Default-1x,4004,13.396,3.90,3.89,0.0039,464,226
T-Default-1x,4005,13.400,4.08,4.09,0.0041,464,226
T-Default-1x,4006,13.404,4.01,4.01,0.0040,464,226
T-Default-1x,4007,13.408,4.00,3.99,0.0040,464,226
T-Default-1x,4008,13.412,4.12,4.10,0.0041,464,226
T-Default-1x,4009,13.417,4.17,4.19,0.0042,464,226
T-Default-1x,4010,13.421,4.11,4.11,0.0041,464,226
T-Default-1x,4011,13.425,3.99,4.00,0.0040,464,226
T-Default-1x,4012,13.429,3.82,3.79,0.0038,464,226
T-Default-1x,4013,13.433,4.10,4.11,0.0041,464,226
T-Default-1x,4014,13.436,3.91,3.90,0.0039,464,226
T-Default-1x,4015,13.440,3.91,3.90,0.0039,464,226
T-Default-1x,4016,13.444,3.90,3.90,0.0039,464,226
T-Default-1x,4017,13.448,3.99,4.00,0.0040,464,226
T-Default-1x,4018,13.452,3.99,3.99,0.0040,464,226
T-Default-1x,4019,13.456,4.12,4.10,0.0041,464,226
T-Default-1x,4020,13.460,4.10,4.11,0.0041,464,226
T-Default-1x,4021,13.464,3.77,3.78,0.0038,464,226
T-Default-1x,4022,13.468,4.03,4.01,0.0040,464,226
T-Default-1x,4023,13.472,3.98,3.99,0.0040,464,226
T-Default-1x,4024,13.476,4.02,4.01,0.0040,464,226
T-Default-1x,4025,13.480,3.90,3.89,0.0039,464,226
T-Default-1x,4026,13.484,4.00,3.99,0.0040,464,226
T-Default-1x,4027,13.488,3.89,3.89,0.0039,464,226
T-Default-1x,4028,13.492,4.12,4.11,0.0041,464,226
T-Default-1x,4029,13.496,3.77,3.79,0.0038,464,226
T-Default-1x,4030,13.500,3.90,3.89,0.0039,464,226
T-Default-1x,4031,13.504,3.84,3.81,0.0038,516,226
T-Default-1x,4032,13.508,3.86,3.88,0.0039,464,226
T-Default-1x,4033,13.511,3.82,3.80,0.0038,464,226
T-Default-1x,4034,13.516,4.32,4.30,0.0043,464,226
T-Default-1x,4035,13.520,3.97,4.00,0.0040,464,226
T-Default-1x,4036,13.524,3.92,3.90,0.0039,464,226
T-Default-1x,4037,13.528,4.01,4.02,0.0040,464,226
T-Default-1x,4038,13.532,4.10,4.09,0.0041,464,226
T-Default-1x,4039,13.536,4.20,4.19,0.0042,464,226
T-Default-1x,4040,13.540,4.39,4.41,0.0044,464,226
T-Default-1x,4041,13.544,4.17,4.12,0.0042,464,226
T-Default-1x,4042,13.549,4.45,4.47,0.0044,464,226
T-Default-1x,4043,13.553,4.09,4.08,0.0041,464,226
T-Default-1x,4044,13.557,4.02,4.01,0.0040,464,226
T-Default-1x,4045,13.561,3.98,3.99,0.0040,464,226
T-Default-1x,4046,13.565,4.19,4.20,0.0042,464,226
T-Default-1x,4047,13.569,4.00,4.00,0.0040,464,226
T-Default-1x,4048,13.573,4.09,4.09,0.0041,464,226
T-Default-1x,4049,13.577,4.00,4.00,0.0040,464,226
T-Default-1x,4050,13.582,4.22,4.20,0.0042,464,226
T-Default-1x,4051,13.586,4.18,4.19,0.0042,464,226
T-Default-1x,4052,13.590,3.88,3.89,0.0039,464,226
T-Default-1x,4053,13.594,4.22,4.20,0.0042,464,226
T-Default-1x,4054,13.598,3.89,3.90,0.0039,464,226
T-Default-1x,4055,13.602,4.10,4.10,0.0041,464,226
T-Default-1x,4056,13.606,3.90,3.90,0.0039,464,226
T-Default-1x,4057,13.610,4.10,4.11,0.0041,464,226
T-Default-1x,4058,13.614,4.51,4.49,0.0045,464,226
T-Default-1x,4059,13.618,4.18,4.19,0.0042,464,226
T-Default-1x,4060,13.623,4.26,4.21,0.0043,8688,226
T-Default-1x,4061,13.627,4.05,4.09,0.0040,464,226
T-Default-1x,4062,13.631,4.01,4.00,0.0040,464,226
T-Default-1x,4063,13.635,4.43,4.40,0.0044,464,226
T-Default-1x,4064,13.639,3.98,4.00,0.0040,464,226
T-Default-1x,4065,13.643,4.10,4.10,0.0041,464,226
T-Default-1x,4066,13.647,3.87,3.88,0.0039,464,226
T-Default-1x,4067,13.651,4.03,4.00,0.0040,464,226
T-Default-1x,4068,13.655,4.23,4.21,0.0042,464,226
T-Default-1x,4069,13.660,4.15,4.18,0.0041,464,226
T-Default-1x,4070,13.663,3.91,3.90,0.0039,464,226
T-Default-1x,4071,13.668,4.22,4.21,0.0042,464,226
T-Default-1x,4072,13.672,3.96,3.98,0.0040,464,226
T-Default-1x,4073,13.676,4.12,4.10,0.0041,464,226
T-Default-1x,4074,13.680,3.78,3.79,0.0038,464,226
T-Default-1x,4075,13.684,4.12,4.11,0.0041,464,226
T-Default-1x,4076,13.688,4.06,4.01,0.0041,464,226
T-Default-1x,4077,13.692,4.12,4.17,0.0041,464,226
T-Default-1x,4078,13.696,4.00,3.99,0.0040,464,226
T-Default-1x,4079,13.700,4.33,4.31,0.0043,464,226
T-Default-1x,4080,13.704,4.01,4.00,0.0040,516,226
T-Default-1x,4081,13.708,4.05,4.09,0.0041,464,226
T-Default-1x,4082,13.712,3.84,3.81,0.0038,464,226
T-Default-1x,4083,13.716,3.98,4.00,0.0040,464,226
T-Default-1x,4084,13.720,3.91,3.89,0.0039,464,226
T-Default-1x,4085,13.724,3.89,3.89,0.0039,464,226
T-Default-1x,4086,13.728,3.92,3.90,0.0039,464,226
T-Default-1x,4087,13.732,3.90,3.89,0.0039,464,226
T-Default-1x,4088,13.736,4.01,4.00,0.0040,464,226
T-Default-1x,4089,13.740,4.01,4.00,0.0040,464,226
T-Default-1x,4090,13.744,3.99,4.00,0.0040,464,226
T-Default-1x,4091,13.748,3.91,3.90,0.0039,464,226
T-Default-1x,4092,13.752,4.07,4.09,0.0041,464,226
T-Default-1x,4093,13.756,4.36,4.31,0.0044,464,226
T-Default-1x,4094,13.760,4.04,4.09,0.0040,464,226
T-Default-1x,4095,13.764,3.79,3.80,0.0038,464,226
T-Default-1x,4096,13.768,4.12,4.11,0.0041,464,226
T-Default-1x,4097,13.772,3.86,3.89,0.0039,464,226
T-Default-1x,4098,13.776,4.02,4.01,0.0040,464,226
T-Default-1x,4099,13.780,4.01,3.99,0.0040,464,226
T-Default-1x,4100,13.784,4.31,4.30,0.0043,464,226
T-Default-1x,4101,13.788,3.87,3.89,0.0039,464,226
T-Default-1x,4102,13.793,4.51,4.50,0.0045,464,226
T-Default-1x,4103,13.797,4.10,4.10,0.0041,464,226
T-Default-1x,4104,13.801,4.08,4.08,0.0041,464,226
T-Default-1x,4105,13.805,3.92,3.92,0.0039,464,226
T-Default-1x,4106,13.809,4.32,4.30,0.0043,464,226
T-Default-1x,4107,13.813,3.97,3.99,0.0040,464,226
T-Default-1x,4108,13.817,3.99,4.00,0.0040,464,226
T-Default-1x,4109,13.821,3.78,3.78,0.0038,464,226
T-Default-1x,4110,13.825,4.02,4.02,0.0040,464,226
T-Default-1x,4111,13.829,3.82,3.80,0.0038,464,226
T-Default-1x,4112,13.833,4.00,4.01,0.0040,464,226
T-Default-1x,4113,13.837,4.00,3.98,0.0040,464,226
T-Default-1x,4114,13.841,4.20,4.19,0.0042,464,226
T-Default-1x,4115,13.845,3.90,3.91,0.0039,464,226
T-Default-1x,4116,13.849,4.01,4.00,0.0040,464,226
T-Default-1x,4117,13.853,4.00,3.99,0.0040,464,226
T-Default-1x,4118,13.857,3.92,3.91,0.0039,464,226
T-Default-1x,4119,13.861,4.08,4.09,0.0041,464,226
T-Default-1x,4120,13.865,4.01,4.00,0.0040,464,226
T-Default-1x,4121,13.869,3.90,3.90,0.0039,464,226
T-Default-1x,4122,13.873,4.34,4.31,0.0043,464,226
T-Default-1x,4123,13.877,4.45,4.49,0.0045,464,226
T-Default-1x,4124,13.882,4.30,4.29,0.0043,464,226
T-Default-1x,4125,13.886,4.20,4.20,0.0042,464,226
T-Default-1x,4126,13.890,4.00,4.01,0.0040,464,226
T-Default-1x,4127,13.894,3.99,3.99,0.0040,464,226
T-Default-1x,4128,13.898,4.22,4.21,0.0042,464,226
T-Default-1x,4129,13.902,4.18,4.18,0.0042,464,226
T-Default-1x,4130,13.907,4.40,4.40,0.0044,516,226
T-Default-1x,4131,13.912,5.23,5.22,0.0052,9132,226
T-Default-1x,4132,13.917,5.06,5.08,0.0051,1612,226
T-Default-1x,4133,13.921,4.16,4.18,0.0042,464,226
T-Default-1x,4134,13.925,4.03,4.02,0.0040,464,226
T-Default-1x,4135,13.929,4.02,3.99,0.0040,464,226
T-Default-1x,4136,13.933,4.19,4.21,0.0042,464,226
T-Default-1x,4137,13.937,3.91,3.89,0.0039,464,226
T-Default-1x,4138,13.941,4.19,4.20,0.0042,464,226
T-Default-1x,4139,13.946,4.03,3.99,0.0040,464,226
T-Default-1x,4140,13.950,4.16,4.20,0.0042,464,226
T-Default-1x,4141,13.954,4.14,4.10,0.0041,464,226
T-Default-1x,4142,13.958,4.33,4.30,0.0043,464,226
T-Default-1x,4143,13.962,3.96,3.99,0.0040,464,226
T-Default-1x,4144,13.966,3.98,4.00,0.0040,464,226
T-Default-1x,4145,13.970,3.99,3.99,0.0040,464,226
T-Default-1x,4146,13.974,4.00,4.00,0.0040,464,226
T-Default-1x,4147,13.978,4.02,4.00,0.0040,464,226
T-Default-1x,4148,13.982,4.08,4.09,0.0041,464,226
T-Default-1x,4149,13.987,4.34,4.31,0.0043,464,226
T-Default-1x,4150,13.991,4.07,4.10,0.0041,464,226
T-Default-1x,4151,13.995,4.01,3.99,0.0040,464,226
T-Default-1x,4152,13.999,4.07,4.10,0.0041,464,226
T-Default-1x,4153,14.003,4.37,4.10,0.0044,464,226
T-Default-1x,4154,14.007,4.11,4.32,0.0041,464,226
T-Default-1x,4155,14.011,4.05,4.07,0.0040,464,226
T-Default-1x,4156,14.015,4.23,4.21,0.0042,464,226
T-Default-1x,4157,14.019,3.94,3.98,0.0039,464,226
T-Default-1x,4158,14.023,3.94,3.91,0.0039,464,226
T-Default-1x,4159,14.027,4.18,4.19,0.0042,464,226
T-Default-1x,4160,14.032,4.10,4.10,0.0041,464,226
T-Default-1x,4161,14.036,4.11,4.10,0.0041,464,226
T-Default-1x,4162,14.040,4.10,4.09,0.0041,464,226
T-Default-1x,4163,14.044,4.10,4.11,0.0041,464,226
T-Default-1x,4164,14.048,3.90,3.89,0.0039,464,226
T-Default-1x,4165,14.052,4.09,4.09,0.0041,464,226
T-Default-1x,4166,14.056,4.01,4.01,0.0040,464,226
T-Default-1x,4167,14.060,4.03,4.01,0.0040,464,226
T-Default-1x,4168,14.064,3.98,3.99,0.0040,464,226
T-Default-1x,4169,14.068,4.10,4.09,0.0041,464,226
T-Default-1x,4170,14.072,3.76,3.79,0.0038,464,226
T-Default-1x,4171,14.076,3.94,3.92,0.0039,464,226
T-Default-1x,4172,14.080,4.24,4.20,0.0042,464,226
T-Default-1x,4173,14.084,4.17,4.19,0.0042,464,226
T-Default-1x,4174,14.088,3.97,3.99,0.0040,464,226
T-Default-1x,4175,14.092,4.09,4.10,0.0041,464,226
T-Default-1x,4176,14.096,4.02,4.00,0.0040,464,226
T-Default-1x,4177,14.100,4.31,4.30,0.0043,464,226
T-Default-1x,4178,14.105,4.11,4.10,0.0041,464,226
T-Default-1x,4179,14.109,4.18,4.20,0.0042,516,226
T-Default-1x,4180,14.113,4.21,4.19,0.0042,464,226
T-Default-1x,4181,14.117,4.41,4.40,0.0044,464,226
T-Default-1x,4182,14.122,4.17,4.18,0.0042,464,226
T-Default-1x,4183,14.126,4.21,4.22,0.0042,464,226
T-Default-1x,4184,14.130,4.00,3.99,0.0040,464,226
T-Default-1x,4185,14.134,4.22,4.21,0.0042,464,226
T-Default-1x,4186,14.138,4.23,4.20,0.0042,464,226
T-Default-1x,4187,14.143,4.49,4.50,0.0045,464,226
T-Default-1x,4188,14.147,4.17,4.19,0.0042,464,226
T-Default-1x,4189,14.151,4.20,4.20,0.0042,464,226
T-Default-1x,4190,14.156,4.48,4.41,0.0045,464,226
T-Default-1x,4191,14.160,4.45,4.49,0.0045,464,226
T-Default-1x,4192,14.164,3.96,3.98,0.0040,464,226
T-Default-1x,4193,14.168,4.01,4.00,0.0040,464,226
T-Default-1x,4194,14.172,3.99,3.99,0.0040,464,226
T-Default-1x,4195,14.176,4.31,4.31,0.0043,464,226
T-Default-1x,4196,14.180,4.01,4.00,0.0040,464,226
T-Default-1x,4197,14.184,4.10,4.10,0.0041,464,226
T-Default-1x,4198,14.188,3.90,3.90,0.0039,464,226
T-Default-1x,4199,14.192,4.11,4.10,0.0041,464,226
T-Default-1x,4200,14.196,4.11,4.09,0.0041,464,226
T-Default-1x,4201,14.201,4.30,4.31,0.0043,464,226
T-Default-1x,4202,14.205,3.87,3.89,0.0039,464,226
T-Default-1x,4203,14.209,4.13,4.10,0.0041,464,226
T-Default-1x,4204,14.213,4.19,4.19,0.0042,464,226
T-Default-1x,4205,14.217,4.11,4.11,0.0041,464,226
T-Default-1x,4206,14.221,3.98,3.99,0.0040,464,226
T-Default-1x,4207,14.225,4.33,4.31,0.0043,464,226
T-Default-1x,4208,14.229,4.09,4.09,0.0041,464,226
T-Default-1x,4209,14.234,4.61,4.60,0.0046,464,226
T-Default-1x,4210,14.238,3.96,3.99,0.0040,464,226
T-Default-1x,4211,14.242,4.14,4.12,0.0041,464,226
T-Default-1x,4212,14.246,3.98,3.98,0.0040,464,226
T-Default-1x,4213,14.250,4.09,4.10,0.0041,464,226
T-Default-1x,4214,14.254,4.00,4.00,0.0040,464,226
T-Default-1x,4215,14.258,4.09,4.10,0.0041,464,226
T-Default-1x,4216,14.262,3.79,3.79,0.0038,464,226
T-Default-1x,4217,14.266,4.23,4.21,0.0042,464,226
T-Default-1x,4218,14.270,3.97,3.99,0.0040,464,226
T-Default-1x,4219,14.274,4.01,4.01,0.0040,464,226
T-Default-1x,4220,14.278,3.91,3.90,0.0039,464,226
T-Default-1x,4221,14.282,4.11,4.09,0.0041,464,226
T-Default-1x,4222,14.286,3.88,3.90,0.0039,464,226
T-Default-1x,4223,14.290,3.90,3.90,0.0039,464,226
T-Default-1x,4224,14.294,3.90,3.90,0.0039,464,226
T-Default-1x,4225,14.298,4.35,4.30,0.0043,464,226
T-Default-1x,4226,14.303,4.29,4.30,0.0043,464,226
T-Default-1x,4227,14.307,4.60,4.59,0.0046,464,226
T-Default-1x,4228,14.311,4.07,4.09,0.0041,516,226
T-Default-1x,4229,14.316,4.15,4.11,0.0042,464,226
T-Default-1x,4230,14.320,4.16,4.20,0.0042,464,226
T-Default-1x,4231,14.324,4.05,4.01,0.0041,464,226
T-Default-1x,4232,14.328,4.05,4.08,0.0040,464,226
T-Default-1x,4233,14.332,4.12,4.10,0.0041,464,226
T-Default-1x,4234,14.336,3.98,3.98,0.0040,464,226
T-Default-1x,4235,14.340,4.01,4.00,0.0040,464,226
T-Default-1x,4236,14.344,4.11,4.12,0.0041,464,226
T-Default-1x,4237,14.348,4.20,4.19,0.0042,464,226
T-Default-1x,4238,14.352,4.31,4.31,0.0043,464,226
T-Default-1x,4239,14.356,3.98,4.00,0.0040,464,226
T-Default-1x,4240,14.361,4.10,4.09,0.0041,464,226
T-Default-1x,4241,14.364,3.80,3.80,0.0038,464,226
T-Default-1x,4242,14.368,4.05,4.08,0.0041,464,226
T-Default-1x,4243,14.372,3.73,3.72,0.0037,464,226
T-Default-1x,4244,14.376,4.01,4.01,0.0040,464,226
T-Default-1x,4245,14.380,3.91,3.89,0.0039,464,226
T-Default-1x,4246,14.384,4.10,4.10,0.0041,464,226
T-Default-1x,4247,14.388,4.05,4.05,0.0040,464,226
T-Default-1x,4248,14.392,4.14,4.14,0.0041,464,226
T-Default-1x,4249,14.396,3.93,3.90,0.0039,464,226
T-Default-1x,4250,14.401,4.39,4.40,0.0044,464,226
T-Default-1x,4251,14.405,4.22,4.20,0.0042,464,226
T-Default-1x,4252,14.409,4.30,4.30,0.0043,464,226
T-Default-1x,4253,14.413,4.19,4.19,0.0042,568,226
T-Default-1x,4254,14.418,4.26,4.29,0.0043,464,226
T-Default-1x,4255,14.422,4.01,4.00,0.0040,464,226
T-Default-1x,4256,14.426,4.10,4.10,0.0041,464,226
T-Default-1x,4257,14.430,4.10,4.09,0.0041,464,226
T-Default-1x,4258,14.434,4.10,4.10,0.0041,464,226
T-Default-1x,4259,14.438,4.01,3.99,0.0040,464,226
T-Default-1x,4260,14.442,4.20,4.21,0.0042,464,226
T-Default-1x,4261,14.446,3.88,3.89,0.0039,464,226
T-Default-1x,4262,14.450,3.88,3.90,0.0039,464,226
T-Default-1x,4263,14.454,3.83,3.81,0.0038,464,226
T-Default-1x,4264,14.458,4.09,4.09,0.0041,464,226
T-Default-1x,4265,14.462,4.04,4.01,0.0040,464,226
T-Default-1x,4266,14.466,4.39,4.39,0.0044,464,226
T-Default-1x,4267,14.471,4.20,4.19,0.0042,464,226
T-Default-1x,4268,14.475,4.48,4.50,0.0045,464,226
T-Default-1x,4269,14.479,4.12,4.09,0.0041,464,226
T-Default-1x,4270,14.483,4.20,4.21,0.0042,464,226
T-Default-1x,4271,14.487,3.98,3.98,0.0040,464,226
T-Default-1x,4272,14.491,4.03,4.01,0.0040,464,226
T-Default-1x,4273,14.495,3.85,3.81,0.0039,464,226
T-Default-1x,4274,14.499,4.13,4.19,0.0041,464,226
T-Default-1x,4275,14.503,3.99,3.99,0.0040,464,226
T-Default-1x,4276,14.507,4.12,4.10,0.0041,464,226
T-Default-1x,4277,14.512,4.20,4.19,0.0042,516,226
T-Default-1x,4278,14.516,4.10,4.10,0.0041,464,226
T-Default-1x,4279,14.520,3.86,3.88,0.0039,464,226
T-Default-1x,4280,14.524,4.12,4.12,0.0041,464,226
T-Default-1x,4281,14.528,4.10,4.09,0.0041,464,226
T-Default-1x,4282,14.532,3.93,3.91,0.0039,464,226
T-Default-1x,4283,14.536,4.10,4.10,0.0041,464,226
T-Default-1x,4284,14.540,3.81,3.80,0.0038,464,226
T-Default-1x,4285,14.544,3.98,3.98,0.0040,464,226
T-Default-1x,4286,14.547,3.90,3.90,0.0039,464,226
T-Default-1x,4287,14.552,4.20,4.20,0.0042,464,226
T-Default-1x,4288,14.556,3.89,3.90,0.0039,464,226
T-Default-1x,4289,14.560,4.20,4.20,0.0042,536,226
T-Default-1x,4290,14.564,4.19,4.19,0.0042,464,226
T-Default-1x,4291,14.568,4.00,4.00,0.0040,464,226
T-Default-1x,4292,14.572,3.90,3.90,0.0039,464,226
T-Default-1x,4293,14.576,4.10,4.10,0.0041,464,226
T-Default-1x,4294,14.580,3.91,3.90,0.0039,464,226
T-Default-1x,4295,14.584,4.09,4.09,0.0041,464,226
T-Default-1x,4296,14.588,3.91,3.90,0.0039,464,226
T-Default-1x,4297,14.592,4.11,4.10,0.0041,464,226
T-Default-1x,4298,14.596,4.01,4.00,0.0040,464,226
T-Default-1x,4299,14.600,4.33,4.31,0.0043,464,226
T-Default-1x,4300,14.605,4.18,4.18,0.0042,464,226
T-Default-1x,4301,14.609,4.20,4.21,0.0042,464,226
T-Default-1x,4302,14.613,3.97,3.98,0.0040,464,226
T-Default-1x,4303,14.617,4.10,4.11,0.0041,464,226
T-Default-1x,4304,14.621,4.32,4.30,0.0043,464,226
T-Default-1x,4305,14.625,4.29,4.29,0.0043,464,226
T-Default-1x,4306,14.629,3.89,3.89,0.0039,464,226
T-Default-1x,4307,14.633,4.22,4.21,0.0042,464,226
T-Default-1x,4308,14.637,3.98,3.98,0.0040,464,226
T-Default-1x,4309,14.642,4.51,4.50,0.0045,464,226
T-Default-1x,4310,14.646,4.30,4.30,0.0043,464,226
T-Default-1x,4311,14.651,4.21,4.20,0.0042,464,226
T-Default-1x,4312,14.655,4.09,4.09,0.0041,464,226
T-Default-1x,4313,14.659,4.08,4.10,0.0041,464,226
T-Default-1x,4314,14.663,4.24,4.21,0.0042,464,226
T-Default-1x,4315,14.667,4.40,4.40,0.0044,464,226
T-Default-1x,4316,14.671,4.08,4.10,0.0041,464,226
T-Default-1x,4317,14.676,4.20,4.20,0.0042,464,226
T-Default-1x,4318,14.680,4.38,4.38,0.0044,1340,226
T-Default-1x,4319,14.685,4.55,4.52,0.0045,464,226
T-Default-1x,4320,14.689,4.05,4.09,0.0041,464,226
T-Default-1x,4321,14.693,4.12,4.10,0.0041,464,226
T-Default-1x,4322,14.697,4.09,4.09,0.0041,464,226
T-Default-1x,4323,14.701,4.21,4.22,0.0042,464,226
T-Default-1x,4324,14.705,4.09,4.08,0.0041,464,226
T-Default-1x,4325,14.709,4.11,4.11,0.0041,464,226
T-Default-1x,4326,14.713,4.01,4.00,0.0040,516,226
T-Default-1x,4327,14.717,4.18,4.20,0.0042,464,226
T-Default-1x,4328,14.721,3.78,3.79,0.0038,464,226
T-Default-1x,4329,14.725,3.90,3.90,0.0039,464,226
T-Default-1x,4330,14.729,4.05,4.02,0.0040,464,226
T-Default-1x,4331,14.733,4.07,4.09,0.0041,464,226
T-Default-1x,4332,14.737,4.00,3.99,0.0040,464,226
T-Default-1x,4333,14.741,4.19,4.20,0.0042,464,226
T-Default-1x,4334,14.746,4.13,4.10,0.0041,464,226
T-Default-1x,4335,14.750,4.18,4.19,0.0042,464,226
T-Default-1x,4336,14.754,3.98,4.00,0.0040,464,226
T-Default-1x,4337,14.758,4.12,4.12,0.0041,464,226
T-Default-1x,4338,14.762,3.78,3.78,0.0038,464,226
T-Default-1x,4339,14.765,3.83,3.80,0.0038,464,226
T-Default-1x,4340,14.769,3.76,3.80,0.0038,464,226
T-Default-1x,4341,14.773,3.83,3.80,0.0038,464,226
T-Default-1x,4342,14.777,4.00,4.00,0.0040,464,226
T-Default-1x,4343,14.781,3.92,3.90,0.0039,464,226
T-Default-1x,4344,14.785,3.88,3.89,0.0039,464,226
T-Default-1x,4345,14.788,3.66,3.69,0.0037,464,226
T-Default-1x,4346,14.792,3.95,3.91,0.0040,464,226
T-Default-1x,4347,14.797,4.40,4.40,0.0044,464,226
T-Default-1x,4348,14.801,4.30,4.30,0.0043,464,226
T-Default-1x,4349,14.805,4.09,4.09,0.0041,536,226
T-Default-1x,4350,14.810,4.31,4.31,0.0043,464,226
T-Default-1x,4351,14.813,3.98,4.00,0.0040,464,226
T-Default-1x,4352,14.818,4.13,4.10,0.0041,464,226
T-Default-1x,4353,14.821,3.88,3.89,0.0039,464,226
T-Default-1x,4354,14.826,4.11,4.10,0.0041,464,226
T-Default-1x,4355,14.830,3.99,4.00,0.0040,464,226
T-Default-1x,4356,14.834,4.53,4.50,0.0045,464,226
T-Default-1x,4357,14.838,3.96,3.98,0.0040,464,226
T-Default-1x,4358,14.842,4.01,4.01,0.0040,464,226
T-Default-1x,4359,14.846,3.94,3.90,0.0039,464,226
T-Default-1x,4360,14.850,4.15,4.20,0.0042,464,226
T-Default-1x,4361,14.854,3.92,3.89,0.0039,464,226
T-Default-1x,4362,14.858,4.10,4.10,0.0041,464,226
T-Default-1x,4363,14.862,3.71,3.70,0.0037,464,226
T-Default-1x,4364,14.866,4.00,4.00,0.0040,464,226
T-Default-1x,4365,14.870,3.79,3.79,0.0038,464,226
T-Default-1x,4366,14.874,4.02,4.00,0.0040,464,226
T-Default-1x,4367,14.878,3.89,3.90,0.0039,464,226
T-Default-1x,4368,14.882,4.01,4.00,0.0040,464,226
T-Default-1x,4369,14.885,3.89,3.89,0.0039,464,226
T-Default-1x,4370,14.889,3.80,3.79,0.0038,464,226
T-Default-1x,4371,14.893,3.99,4.00,0.0040,464,226
T-Default-1x,4372,14.897,3.82,3.80,0.0038,464,226
T-Default-1x,4373,14.901,4.00,4.00,0.0040,464,226
T-Default-1x,4374,14.905,3.90,3.89,0.0039,464,226
T-Default-1x,4375,14.909,4.11,4.11,0.0041,464,226
T-Default-1x,4376,14.913,3.90,3.89,0.0039,464,226
T-Default-1x,4377,14.917,3.90,3.90,0.0039,516,226
T-Default-1x,4378,14.921,3.68,3.69,0.0037,464,226
T-Default-1x,4379,14.924,3.80,3.79,0.0038,464,226
T-Default-1x,4380,14.928,3.70,3.69,0.0037,464,226
T-Default-1x,4381,14.932,4.11,4.11,0.0041,464,226
T-Default-1x,4382,14.936,3.88,3.89,0.0039,464,226
T-Default-1x,4383,14.940,3.94,3.92,0.0039,464,226
T-Default-1x,4384,14.944,3.98,3.98,0.0040,464,226
T-Default-1x,4385,14.948,3.78,3.79,0.0038,464,226
T-Default-1x,4386,14.952,4.24,4.21,0.0042,464,226
T-Default-1x,4387,14.956,4.08,4.09,0.0041,464,226
T-Default-1x,4388,14.960,3.89,3.89,0.0039,464,226
T-Default-1x,4389,14.964,4.28,4.29,0.0043,464,226
T-Default-1x,4390,14.968,4.14,4.10,0.0041,464,226
T-Default-1x,4391,14.973,4.21,4.20,0.0042,464,226
T-Default-1x,4392,14.977,4.26,4.21,0.0043,464,226
T-Default-1x,4393,14.981,3.91,3.98,0.0039,464,226
T-Default-1x,4394,14.985,3.90,3.90,0.0039,464,226
T-Default-1x,4395,14.989,3.92,3.90,0.0039,464,226
T-Default-1x,4396,14.993,3.97,4.00,0.0040,464,226
T-Default-1x,4397,14.996,3.71,3.71,0.0037,464,226
T-Default-1x,4398,15.000,3.99,3.99,0.0040,464,226
T-Default-1x,4399,15.004,3.93,3.89,0.0039,464,226
T-Default-1x,4400,15.008,4.08,4.09,0.0041,464,226
T-Default-1x,4401,15.012,3.90,3.90,0.0039,464,226
T-Default-1x,4402,15.016,4.10,4.10,0.0041,464,226
T-Default-1x,4403,15.020,3.90,3.91,0.0039,464,226
T-Default-1x,4404,15.024,3.90,3.89,0.0039,464,226
T-Default-1x,4405,15.028,3.91,3.90,0.0039,464,226
T-Default-1x,4406,15.032,3.89,3.90,0.0039,464,226
T-Default-1x,4407,15.036,4.03,4.01,0.0040,464,226
T-Default-1x,4408,15.040,3.89,3.90,0.0039,464,226
T-Default-1x,4409,15.044,4.06,4.09,0.0041,464,226
T-Default-1x,4410,15.048,3.82,3.80,0.0038,464,226
T-Default-1x,4411,15.052,4.12,4.10,0.0041,464,226
T-Default-1x,4412,15.056,4.20,4.19,0.0042,464,226
T-Default-1x,4413,15.060,4.10,4.08,0.0041,464,226
T-Default-1x,4414,15.064,3.97,4.01,0.0040,464,226
T-Default-1x,4415,15.068,3.99,4.00,0.0040,464,226
T-Default-1x,4416,15.072,3.92,3.89,0.0039,464,226
T-Default-1x,4417,15.076,4.37,4.39,0.0044,464,226
T-Default-1x,4418,15.080,3.79,3.80,0.0038,464,226
T-Default-1x,4419,15.084,4.04,4.01,0.0040,464,226
T-Default-1x,4420,15.088,3.98,3.99,0.0040,464,226
T-Default-1x,4421,15.092,4.10,4.11,0.0041,464,226
T-Default-1x,4422,15.096,3.69,3.69,0.0037,464,226
T-Default-1x,4423,15.100,3.98,4.00,0.0040,464,226
T-Default-1x,4424,15.104,3.81,3.80,0.0038,464,226
T-Default-1x,4425,15.108,4.02,4.01,0.0040,464,226
T-Default-1x,4426,15.111,3.69,3.68,0.0037,464,226
T-Default-1x,4427,15.115,3.84,3.81,0.0038,464,226
T-Default-1x,4428,15.119,3.74,3.78,0.0037,516,226
T-Default-1x,4429,15.122,3.38,3.40,0.0034,464,226
T-Default-1x,4430,15.126,3.63,3.61,0.0036,464,226
T-Default-1x,4431,15.130,3.69,3.69,0.0037,464,226
T-Default-1x,4432,15.134,3.80,3.80,0.0038,464,226
T-Default-1x,4433,15.137,3.72,3.69,0.0037,464,226
T-Default-1x,4434,15.141,3.91,3.91,0.0039,464,226
T-Default-1x,4435,15.145,3.68,3.69,0.0037,464,226
T-Default-1x,4436,15.149,4.03,4.00,0.0040,464,226
T-Default-1x,4437,15.153,3.78,3.80,0.0038,464,226
T-Default-1x,4438,15.156,3.81,3.79,0.0038,464,226
T-Default-1x,4439,15.160,3.78,3.79,0.0038,464,226
T-Default-1x,4440,15.164,3.84,3.82,0.0038,464,226
T-Default-1x,4441,15.168,4.10,4.09,0.0041,464,226
T-Default-1x,4442,15.172,4.13,4.11,0.0041,464,226
T-Default-1x,4443,15.176,3.95,3.99,0.0039,464,226
T-Default-1x,4444,15.180,3.91,3.89,0.0039,464,226
T-Default-1x,4445,15.184,4.09,4.10,0.0041,464,226
T-Default-1x,4446,15.188,3.69,3.69,0.0037,464,226
T-Default-1x,4447,15.192,4.14,4.11,0.0041,464,226
T-Default-1x,4448,15.196,3.86,3.90,0.0039,464,226
T-Default-1x,4449,15.200,3.80,3.79,0.0038,464,226
T-Default-1x,4450,15.204,3.94,3.91,0.0039,464,226
T-Default-1x,4451,15.208,3.96,3.99,0.0040,464,226
T-Default-1x,4452,15.212,3.86,3.80,0.0039,464,226
T-Default-1x,4453,15.215,3.98,3.98,0.0040,464,226
T-Default-1x,4454,15.219,3.75,3.79,0.0038,464,226
T-Default-1x,4455,15.223,3.72,3.71,0.0037,464,226
T-Default-1x,4456,15.227,3.81,3.80,0.0038,464,226
T-Default-1x,4457,15.231,3.78,3.80,0.0038,464,226
T-Default-1x,4458,15.234,3.93,3.91,0.0039,464,226
T-Default-1x,4459,15.238,3.88,3.89,0.0039,464,226
T-Default-1x,4460,15.242,4.01,3.99,0.0040,464,226
T-Default-1x,4461,15.246,3.69,3.70,0.0037,464,226
T-Default-1x,4462,15.250,3.89,3.90,0.0039,464,226
T-Default-1x,4463,15.254,3.80,3.80,0.0038,464,226
T-Default-1x,4464,15.258,3.90,3.90,0.0039,464,226
T-Default-1x,4465,15.261,3.71,3.69,0.0037,464,226
T-Default-1x,4466,15.265,3.94,3.92,0.0039,464,226
T-Default-1x,4467,15.269,3.57,3.58,0.0036,464,226
T-Default-1x,4468,15.272,3.47,3.49,0.0035,464,226
T-Default-1x,4469,15.276,3.95,3.91,0.0040,464,226
T-Default-1x,4470,15.280,3.79,3.80,0.0038,464,226
T-Default-1x,4471,15.284,4.07,4.09,0.0041,464,226
T-Default-1x,4472,15.288,3.91,3.90,0.0039,464,226
T-Default-1x,4473,15.292,4.19,4.19,0.0042,464,226
T-Default-1x,4474,15.296,3.90,3.90,0.0039,464,226
T-Default-1x,4475,15.300,3.88,3.89,0.0039,464,226
T-Default-1x,4476,15.304,3.62,3.61,0.0036,464,226
T-Default-1x,4477,15.307,3.69,3.69,0.0037,464,226
T-Default-1x,4478,15.311,3.94,3.91,0.0039,464,226
T-Default-1x,4479,15.315,4.00,4.01,0.0040,464,226
T-Default-1x,4480,15.319,3.67,3.69,0.0037,464,226
T-Default-1x,4481,15.322,3.48,3.49,0.0035,516,226
T-Default-1x,4482,15.326,3.83,3.81,0.0038,464,226
T-Default-1x,4483,15.330,3.70,3.70,0.0037,464,226
T-Default-1x,4484,15.334,3.99,4.01,0.0040,464,226
T-Default-1x,4485,15.338,3.88,3.80,0.0039,464,226
T-Default-1x,4486,15.342,4.02,4.07,0.0040,464,226
T-Default-1x,4487,15.346,3.69,3.69,0.0037,464,226
T-Default-1x,4488,15.349,3.90,3.90,0.0039,464,226
T-Default-1x,4489,15.353,3.60,3.60,0.0036,464,226
T-Default-1x,4490,15.357,3.61,3.59,0.0036,464,226
T-Default-1x,4491,15.361,4.00,4.01,0.0040,464,226
T-Default-1x,4492,15.365,4.12,4.10,0.0041,464,226
T-Default-1x,4493,15.369,3.79,3.80,0.0038,464,226
T-Default-1x,4494,15.372,3.68,3.68,0.0037,464,226
T-Default-1x,4495,15.376,3.87,3.82,0.0039,464,226
T-Default-1x,4496,15.380,4.05,4.08,0.0041,464,226
T-Default-1x,4497,15.384,4.02,4.00,0.0040,464,226
T-Default-1x,4498,15.388,4.18,4.19,0.0042,464,226
T-Default-1x,4499,15.393,4.40,4.42,0.0044,464,226
T-Default-1x,4500,15.397,4.13,4.09,0.0041,464,226
T-Default-1x,4501,15.401,4.06,4.09,0.0041,464,226
T-Default-1x,4502,15.405,4.08,4.09,0.0041,464,226
T-Default-1x,4503,15.409,4.10,4.10,0.0041,464,226
T-Default-1x,4504,15.413,3.78,3.79,0.0038,464,226
T-Default-1x,4505,15.417,3.91,3.91,0.0039,464,226
T-Default-1x,4506,15.421,3.82,3.80,0.0038,464,226
T-Default-1x,4507,15.425,4.36,4.30,0.0044,464,226
T-Default-1x,4508,15.429,3.82,3.87,0.0038,464,226
T-Default-1x,4509,15.433,3.90,3.91,0.0039,464,226
T-Default-1x,4510,15.437,3.74,3.71,0.0037,464,226
T-Default-1x,4511,15.441,4.09,4.09,0.0041,464,226
T-Default-1x,4512,15.445,3.90,3.90,0.0039,464,226
T-Default-1x,4513,15.449,4.10,4.09,0.0041,464,226
T-Default-1x,4514,15.453,4.00,4.00,0.0040,464,226
T-Default-1x,4515,15.456,3.59,3.59,0.0036,464,226
T-Default-1x,4516,15.460,3.91,3.90,0.0039,464,226
T-Default-1x,4517,15.464,3.68,3.69,0.0037,464,226
T-Default-1x,4518,15.468,3.89,3.90,0.0039,464,226
T-Default-1x,4519,15.472,3.90,3.89,0.0039,464,226
T-Default-1x,4520,15.476,4.02,4.00,0.0040,464,226
T-Default-1x,4521,15.479,3.69,3.71,0.0037,464,226
T-Default-1x,4522,15.483,3.81,3.80,0.0038,464,226
T-Default-1x,4523,15.487,3.58,3.59,0.0036,464,226
T-Default-1x,4524,15.490,3.70,3.71,0.0037,464,226
T-Default-1x,4525,15.494,3.41,3.39,0.0034,464,226
T-Default-1x,4526,15.497,3.37,3.40,0.0034,464,226
T-Default-1x,4527,15.501,3.83,3.81,0.0038,464,226
T-Default-1x,4528,15.504,3.48,3.49,0.0035,464,226
T-Default-1x,4529,15.508,4.03,4.01,0.0040,464,226
T-Default-1x,4530,15.512,3.92,3.90,0.0039,464,226
T-Default-1x,4531,15.516,3.87,3.89,0.0039,464,226
T-Default-1x,4532,15.520,3.71,3.70,0.0037,464,226
T-Default-1x,4533,15.524,3.79,3.80,0.0038,516,226
T-Default-1x,4534,15.527,3.59,3.60,0.0036,464,226
T-Default-1x,4535,15.531,3.47,3.49,0.0035,464,226
T-Default-1x,4536,15.535,3.75,3.70,0.0038,464,226
T-Default-1x,4537,15.538,3.79,3.80,0.0038,464,226
T-Default-1x,4538,15.542,3.88,3.90,0.0039,464,226
T-Default-1x,4539,15.546,3.70,3.69,0.0037,464,226
T-Default-1x,4540,15.550,3.70,3.70,0.0037,464,226
T-Default-1x,4541,15.553,3.82,3.80,0.0038,464,226
T-Default-1x,4542,15.557,3.61,3.62,0.0036,464,226
T-Default-1x,4543,15.561,3.67,3.68,0.0037,464,226
T-Default-1x,4544,15.564,3.29,3.29,0.0033,464,226
T-Default-1x,4545,15.568,3.72,3.70,0.0037,464,226
T-Default-1x,4546,15.571,3.66,3.68,0.0037,464,226
T-Default-1x,4547,15.575,3.92,3.91,0.0039,464,226
T-Default-1x,4548,15.579,3.96,3.91,0.0040,464,226
T-Default-1x,4549,15.583,3.97,3.98,0.0040,464,226
T-Default-1x,4550,15.587,3.89,3.90,0.0039,464,226
T-Default-1x,4551,15.591,3.88,3.90,0.0039,464,226
T-Default-1x,4552,15.595,3.50,3.50,0.0035,464,226
T-Default-1x,4553,15.598,3.53,3.50,0.0035,464,226
T-Default-1x,4554,15.602,3.79,3.80,0.0038,464,226
T-Default-1x,4555,15.605,3.48,3.49,0.0035,464,226
T-Default-1x,4556,15.609,3.61,3.59,0.0036,464,226
T-Default-1x,4557,15.613,3.71,3.70,0.0037,464,226
T-Default-1x,4558,15.617,3.92,3.92,0.0039,464,226
T-Default-1x,4559,15.620,3.57,3.58,0.0036,464,226
T-Default-1x,4560,15.624,3.71,3.70,0.0037,464,226
T-Default-1x,4561,15.627,3.60,3.60,0.0036,464,226
T-Default-1x,4562,15.631,3.49,3.49,0.0035,464,226
T-Default-1x,4563,15.635,3.72,3.70,0.0037,464,226
T-Default-1x,4564,15.638,3.58,3.60,0.0036,464,226
T-Default-1x,4565,15.642,4.13,4.11,0.0041,464,226
T-Default-1x,4566,15.646,3.67,3.69,0.0037,464,226
T-Default-1x,4567,15.650,3.90,3.89,0.0039,464,226
T-Default-1x,4568,15.654,3.82,3.81,0.0038,464,226
T-Default-1x,4569,15.658,4.01,4.00,0.0040,464,226
T-Default-1x,4570,15.661,3.68,3.68,0.0037,464,226
T-Default-1x,4571,15.665,3.87,3.84,0.0039,464,226
T-Default-1x,4572,15.669,3.59,3.65,0.0036,464,226
T-Default-1x,4573,15.672,3.54,3.52,0.0035,464,226
T-Default-1x,4574,15.676,3.80,3.80,0.0038,464,226
T-Default-1x,4575,15.680,3.60,3.60,0.0036,464,226
T-Default-1x,4576,15.684,3.91,3.89,0.0039,464,226
T-Default-1x,4577,15.687,3.71,3.72,0.0037,464,226
T-Default-1x,4578,15.691,3.88,3.88,0.0039,464,226
T-Default-1x,4579,15.695,3.64,3.60,0.0036,464,226
T-Default-1x,4580,15.699,3.86,3.89,0.0039,464,226
T-Default-1x,4581,15.702,3.50,3.49,0.0035,464,226
T-Default-1x,4582,15.706,3.31,3.30,0.0033,464,226
T-Default-1x,4583,15.709,3.69,3.70,0.0037,464,226
T-Default-1x,4584,15.713,3.70,3.69,0.0037,464,226
T-Default-1x,4585,15.717,3.69,3.70,0.0037,464,226
T-Default-1x,4586,15.720,3.51,3.50,0.0035,464,226
T-Default-1x,4587,15.724,3.80,3.79,0.0038,516,226
T-Default-1x,4588,15.728,3.60,3.60,0.0036,464,226
T-Default-1x,4589,15.731,3.50,3.50,0.0035,464,226
T-Default-1x,4590,15.735,3.81,3.80,0.0038,464,226
T-Default-1x,4591,15.739,3.68,3.69,0.0037,464,226
T-Default-1x,4592,15.742,3.80,3.80,0.0038,464,226
T-Default-1x,4593,15.746,3.84,3.80,0.0038,464,226
T-Default-1x,4594,15.750,3.87,3.89,0.0039,464,226
T-Default-1x,4595,15.754,3.70,3.70,0.0037,464,226
T-Default-1x,4596,15.758,3.69,3.69,0.0037,464,226
T-Default-1x,4597,15.761,3.53,3.52,0.0035,464,226
T-Default-1x,4598,15.765,3.50,3.49,0.0035,464,226
T-Default-1x,4599,15.768,3.69,3.70,0.0037,464,226
T-Default-1x,4600,15.772,3.57,3.58,0.0036,464,226
T-Default-1x,4601,15.775,3.61,3.61,0.0036,464,226
T-Default-1x,4602,15.779,3.63,3.60,0.0036,464,226
T-Default-1x,4603,15.783,3.88,3.90,0.0039,464,226
T-Default-1x,4604,15.786,3.50,3.48,0.0035,464,226
T-Default-1x,4605,15.790,3.61,3.61,0.0036,464,226
T-Default-1x,4606,15.794,3.89,3.89,0.0039,464,226
T-Default-1x,4607,15.797,3.51,3.50,0.0035,464,226
T-Default-1x,4608,15.801,3.79,3.79,0.0038,464,226
T-Default-1x,4609,15.805,3.58,3.59,0.0036,464,226
T-Default-1x,4610,15.809,3.82,3.81,0.0038,464,226
T-Default-1x,4611,15.812,3.59,3.59,0.0036,464,226
T-Default-1x,4612,15.816,3.75,3.70,0.0037,464,226
T-Default-1x,4613,15.820,3.64,3.70,0.0036,464,226
T-Default-1x,4614,15.823,3.78,3.71,0.0038,464,226
T-Default-1x,4615,15.827,3.75,3.79,0.0038,464,226
T-Default-1x,4616,15.831,3.59,3.60,0.0036,464,226
T-Default-1x,4617,15.834,3.70,3.70,0.0037,464,226
T-Default-1x,4618,15.838,3.74,3.69,0.0037,464,226
T-Default-1x,4619,15.842,3.88,3.90,0.0039,464,226
T-Default-1x,4620,15.846,3.89,3.90,0.0039,464,226
T-Default-1x,4621,15.850,4.08,4.09,0.0041,464,226
T-Default-1x,4622,15.854,3.71,3.70,0.0037,464,226
T-Default-1x,4623,15.858,4.03,4.01,0.0040,464,226
T-Default-1x,4624,15.862,3.79,3.80,0.0038,464,226
T-Default-1x,4625,15.865,3.80,3.80,0.0038,464,226
T-Default-1x,4626,15.869,3.55,3.58,0.0036,464,226
T-Default-1x,4627,15.872,3.28,3.28,0.0033,464,226
T-Default-1x,4628,15.876,3.85,3.83,0.0038,464,226
T-Default-1x,4629,15.880,3.81,3.79,0.0038,464,226
T-Default-1x,4630,15.884,3.89,3.90,0.0039,464,226
T-Default-1x,4631,15.887,3.67,3.69,0.0037,464,226
T-Default-1x,4632,15.891,3.85,3.82,0.0039,464,226
T-Default-1x,4633,15.895,3.56,3.58,0.0036,464,226
T-Default-1x,4634,15.898,3.62,3.60,0.0036,464,226
T-Default-1x,4635,15.902,3.83,3.80,0.0038,464,226
T-Default-1x,4636,15.906,3.56,3.60,0.0036,464,226
T-Default-1x,4637,15.910,3.83,3.80,0.0038,464,226
T-Default-1x,4638,15.914,4.22,4.21,0.0042,464,226
T-Default-1x,4639,15.918,3.77,3.79,0.0038,464,226
T-Default-1x,4640,15.921,3.48,3.48,0.0035,464,226
T-Default-1x,4641,15.925,3.72,3.71,0.0037,516,226
T-Default-1x,4642,15.929,3.71,3.69,0.0037,464,226
T-Default-1x,4643,15.932,3.68,3.70,0.0037,464,226
T-Default-1x,4644,15.936,3.69,3.69,0.0037,464,226
T-Default-1x,4645,15.940,3.65,3.62,0.0036,464,226
T-Default-1x,4646,15.943,3.78,3.80,0.0038,464,226
T-Default-1x,4647,15.947,3.68,3.69,0.0037,464,226
T-Default-1x,4648,15.951,3.80,3.79,0.0038,464,226
T-Default-1x,4649,15.954,3.60,3.61,0.0036,464,226
T-Default-1x,4650,15.958,3.79,3.78,0.0038,464,226
T-Default-1x,4651,15.962,3.73,3.72,0.0037,464,226
T-Default-1x,4652,15.966,3.67,3.67,0.0037,464,226
T-Default-1x,4653,15.969,3.59,3.61,0.0036,464,226
T-Default-1x,4654,15.973,3.50,3.50,0.0035,464,226
T-Default-1x,4655,15.976,3.61,3.59,0.0036,464,226
T-Default-1x,4656,15.980,4.02,4.01,0.0040,464,226
T-Default-1x,4657,15.984,4.00,4.00,0.0040,464,226
T-Default-1x,4658,15.988,3.90,3.90,0.0039,464,226
T-Default-1x,4659,15.992,3.88,3.90,0.0039,464,226
T-Default-1x,4660,15.996,3.63,3.60,0.0036,464,226
T-Default-1x,4661,16.000,3.88,3.91,0.0039,464,226
T-Default-1x,4662,16.004,3.94,3.69,0.0039,464,226
T-Default-1x,4663,16.008,4.08,4.31,0.0041,464,226
T-Default-1x,4664,16.011,3.78,3.78,0.0038,464,226
T-Default-1x,4665,16.015,3.72,3.72,0.0037,464,226
T-Default-1x,4666,16.019,3.67,3.69,0.0037,464,226
T-Default-1x,4667,16.023,3.74,3.71,0.0037,464,226
T-Default-1x,4668,16.026,3.66,3.69,0.0037,464,226
T-Default-1x,4669,16.030,3.62,3.61,0.0036,464,226
T-Default-1x,4670,16.034,4.08,4.09,0.0041,464,226
T-Default-1x,4671,16.038,3.91,3.90,0.0039,464,226
T-Default-1x,4672,16.042,4.00,4.00,0.0040,464,226
T-Default-1x,4673,16.046,3.95,3.91,0.0039,464,226
T-Default-1x,4674,16.050,3.86,3.89,0.0039,464,226
T-Default-1x,4675,16.053,3.68,3.68,0.0037,464,226
T-Default-1x,4676,16.057,3.93,3.92,0.0039,464,226
T-Default-1x,4677,16.061,3.69,3.70,0.0037,464,226
T-Default-1x,4678,16.065,3.63,3.61,0.0036,464,226
T-Default-1x,4679,16.068,3.77,3.79,0.0038,464,226
T-Default-1x,4680,16.072,3.61,3.60,0.0036,464,226
T-Default-1x,4681,16.076,3.79,3.80,0.0038,464,226
T-Default-1x,4682,16.079,3.61,3.60,0.0036,464,226
T-Default-1x,4683,16.083,3.89,3.90,0.0039,464,226
T-Default-1x,4684,16.087,3.97,3.91,0.0040,464,226
T-Default-1x,4685,16.091,4.03,4.09,0.0040,464,226
T-Default-1x,4686,16.095,3.82,3.80,0.0038,464,226
T-Default-1x,4687,16.099,4.02,3.99,0.0040,464,226
T-Default-1x,4688,16.103,3.87,3.90,0.0039,464,226
T-Default-1x,4689,16.107,3.82,3.80,0.0038,464,226
T-Default-1x,4690,16.111,3.79,3.79,0.0038,464,226
T-Default-1x,4691,16.114,3.72,3.71,0.0037,464,226
T-Default-1x,4692,16.118,3.67,3.67,0.0037,464,226
T-Default-1x,4693,16.122,3.68,3.71,0.0037,464,226
T-Default-1x,4694,16.125,3.72,3.71,0.0037,516,226
T-Default-1x,4695,16.129,3.61,3.59,0.0036,464,226
T-Default-1x,4696,16.133,3.80,3.80,0.0038,464,226
T-Default-1x,4697,16.136,3.59,3.60,0.0036,464,226
T-Default-1x,4698,16.140,3.83,3.80,0.0038,464,226
T-Default-1x,4699,16.144,3.77,3.79,0.0038,464,226
T-Default-1x,4700,16.148,3.61,3.60,0.0036,464,226
T-Default-1x,4701,16.151,3.91,3.91,0.0039,464,226
T-Default-1x,4702,16.155,3.77,3.80,0.0038,464,226
T-Default-1x,4703,16.159,3.73,3.71,0.0037,464,226
T-Default-1x,4704,16.163,3.79,3.79,0.0038,464,226
T-Default-1x,4705,16.167,3.80,3.80,0.0038,464,226
T-Default-1x,4706,16.170,3.58,3.59,0.0036,464,226
T-Default-1x,4707,16.174,3.73,3.71,0.0037,464,226
T-Default-1x,4708,16.178,3.68,3.70,0.0037,464,226
T-Default-1x,4709,16.181,3.51,3.49,0.0035,464,226
T-Default-1x,4710,16.185,3.60,3.59,0.0036,464,226
T-Default-1x,4711,16.188,3.70,3.72,0.0037,464,226
T-Default-1x,4712,16.192,4.00,4.01,0.0040,464,226
T-Default-1x,4713,16.196,3.58,3.59,0.0036,464,226
T-Default-1x,4714,16.200,3.60,3.59,0.0036,464,226
T-Default-1x,4715,16.203,3.53,3.50,0.0035,464,226
T-Default-1x,4716,16.207,3.68,3.70,0.0037,464,226
T-Default-1x,4717,16.211,3.80,3.79,0.0038,464,226
T-Default-1x,4718,16.214,3.48,3.50,0.0035,464,226
T-Default-1x,4719,16.218,3.73,3.70,0.0037,464,226
T-Default-1x,4720,16.221,3.71,3.71,0.0037,464,226
T-Default-1x,4721,16.225,3.77,3.79,0.0038,464,226
T-Default-1x,4722,16.229,3.60,3.60,0.0036,464,226
T-Default-1x,4723,16.233,3.84,3.81,0.0038,464,226
T-Default-1x,4724,16.236,3.71,3.70,0.0037,464,226
T-Default-1x,4725,16.240,3.59,3.59,0.0036,464,226
T-Default-1x,4726,16.244,3.67,3.70,0.0037,464,226
T-Default-1x,4727,16.247,3.60,3.60,0.0036,464,226
T-Default-1x,4728,16.251,3.92,3.90,0.0039,464,226
T-Default-1x,4729,16.255,4.20,4.20,0.0042,464,226
T-Default-1x,4730,16.259,3.92,3.91,0.0039,464,226
T-Default-1x,4731,16.263,3.77,3.79,0.0038,464,226
T-Default-1x,4732,16.267,3.69,3.69,0.0037,464,226
T-Default-1x,4733,16.270,3.37,3.38,0.0034,464,226
T-Default-1x,4734,16.274,3.94,3.91,0.0039,464,226
T-Default-1x,4735,16.278,3.72,3.71,0.0037,464,226
T-Default-1x,4736,16.282,4.14,4.10,0.0041,464,226
T-Default-1x,4737,16.286,3.83,3.89,0.0038,464,226
T-Default-1x,4738,16.289,3.50,3.50,0.0035,464,226
T-Default-1x,4739,16.293,3.90,3.90,0.0039,464,226
T-Default-1x,4740,16.297,3.72,3.69,0.0037,464,226
T-Default-1x,4741,16.301,3.89,3.90,0.0039,464,226
T-Default-1x,4742,16.304,3.59,3.61,0.0036,464,226
T-Default-1x,4743,16.308,3.70,3.68,0.0037,464,226
T-Default-1x,4744,16.312,3.61,3.60,0.0036,464,226
T-Default-1x,4745,16.315,3.73,3.71,0.0037,464,226
T-Default-1x,4746,16.319,3.55,3.59,0.0036,464,226
T-Default-1x,4747,16.322,3.53,3.50,0.0035,464,226
T-Default-1x,4748,16.326,3.69,3.70,0.0037,516,226
T-Default-1x,4749,16.330,3.49,3.49,0.0035,464,226
T-Default-1x,4750,16.333,3.79,3.80,0.0038,464,226
T-Default-1x,4751,16.337,3.80,3.80,0.0038,464,226
T-Default-1x,4752,16.341,3.84,3.81,0.0038,464,226
T-Default-1x,4753,16.345,3.66,3.68,0.0037,464,226
T-Default-1x,4754,16.349,3.72,3.71,0.0037,464,226
T-Default-1x,4755,16.352,3.70,3.70,0.0037,464,226
T-Default-1x,4756,16.356,3.60,3.59,0.0036,464,226
T-Default-1x,4757,16.360,3.81,3.79,0.0038,464,226
T-Default-1x,4758,16.363,3.80,3.82,0.0038,464,226
T-Default-1x,4759,16.367,3.99,4.00,0.0040,464,226
T-Default-1x,4760,16.371,3.68,3.69,0.0037,464,226
T-Default-1x,4761,16.375,3.72,3.70,0.0037,464,226
T-Default-1x,4762,16.379,3.81,3.80,0.0038,464,226
T-Default-1x,4763,16.382,3.89,3.90,0.0039,464,226
T-Default-1x,4764,16.386,3.69,3.70,0.0037,464,226
T-Default-1x,4765,16.390,3.51,3.49,0.0035,464,226
T-Default-1x,4766,16.394,3.83,3.79,0.0038,464,226
T-Default-1x,4767,16.397,3.76,3.82,0.0038,464,226
T-Default-1x,4768,16.401,3.71,3.69,0.0037,464,226
T-Default-1x,4769,16.405,3.93,3.90,0.0039,464,226
T-Default-1x,4770,16.409,3.88,3.90,0.0039,464,226
T-Default-1x,4771,16.412,3.59,3.59,0.0036,464,226
T-Default-1x,4772,16.416,3.71,3.70,0.0037,464,226
T-Default-1x,4773,16.420,3.89,3.89,0.0039,464,226
T-Default-1x,4774,16.424,3.93,3.92,0.0039,464,226
T-Default-1x,4775,16.428,4.00,3.99,0.0040,464,226
T-Default-1x,4776,16.432,3.99,4.00,0.0040,464,226
T-Default-1x,4777,16.436,3.97,3.99,0.0040,464,226
T-Default-1x,4778,16.439,3.40,3.40,0.0034,464,226
T-Default-1x,4779,16.443,3.93,3.90,0.0039,464,226
T-Default-1x,4780,16.447,3.77,3.80,0.0038,464,226
T-Default-1x,4781,16.451,3.82,3.81,0.0038,464,226
T-Default-1x,4782,16.455,3.80,3.79,0.0038,464,226
T-Default-1x,4783,16.458,3.90,3.91,0.0039,464,226
T-Default-1x,4784,16.462,3.89,3.88,0.0039,464,226
T-Default-1x,4785,16.466,3.94,3.91,0.0039,464,226
T-Default-1x,4786,16.470,3.66,3.69,0.0037,464,226
T-Default-1x,4787,16.474,3.75,3.70,0.0038,464,226
T-Default-1x,4788,16.477,3.66,3.69,0.0037,464,226
T-Default-1x,4789,16.481,3.49,3.49,0.0035,464,226
T-Default-1x,4790,16.485,3.71,3.70,0.0037,464,226
T-Default-1x,4791,16.489,4.02,4.00,0.0040,464,226
T-Default-1x,4792,16.493,4.29,4.31,0.0043,464,226
T-Default-1x,4793,16.497,3.67,3.68,0.0037,464,226
T-Default-1x,4794,16.500,3.82,3.81,0.0038,464,226
T-Default-1x,4795,16.504,3.92,3.89,0.0039,464,226
T-Default-1x,4796,16.508,3.89,3.91,0.0039,464,226
T-Default-1x,4797,16.512,3.79,3.79,0.0038,464,226
T-Default-1x,4798,16.516,4.01,4.00,0.0040,464,226
T-Default-1x,4799,16.520,3.90,3.89,0.0039,464,226
T-Default-1x,4800,16.524,4.00,4.00,0.0040,464,226
T-Default-1x,4801,16.528,3.81,3.80,0.0038,516,226
T-Default-1x,4802,16.531,3.70,3.70,0.0037,464,226
T-Default-1x,4803,16.535,3.76,3.78,0.0038,464,226
T-Default-1x,4804,16.539,3.71,3.70,0.0037,464,226
T-Default-1x,4805,16.543,3.79,3.79,0.0038,464,226
T-Default-1x,4806,16.546,3.81,3.81,0.0038,464,226
T-Default-1x,4807,16.550,3.92,3.91,0.0039,464,226
T-Default-1x,4808,16.555,4.13,4.10,0.0041,464,226
T-Default-1x,4809,16.559,3.98,3.99,0.0040,464,226
T-Default-1x,4810,16.562,3.68,3.69,0.0037,464,226
T-Default-1x,4811,16.566,4.02,4.01,0.0040,464,226
T-Default-1x,4812,16.570,3.70,3.69,0.0037,464,226
T-Default-1x,4813,16.574,3.79,3.80,0.0038,464,226
T-Default-1x,4814,16.578,3.82,3.80,0.0038,464,226
T-Default-1x,4815,16.581,3.79,3.79,0.0038,464,226
T-Default-1x,4816,16.585,3.99,3.99,0.0040,464,226
T-Default-1x,4817,16.589,3.76,3.80,0.0038,464,226
T-Default-1x,4818,16.593,3.96,3.91,0.0040,464,226
T-Default-1x,4819,16.597,3.56,3.59,0.0036,464,226
T-Default-1x,4820,16.601,4.02,4.01,0.0040,464,226
T-Default-1x,4821,16.604,3.57,3.59,0.0036,464,226
T-Default-1x,4822,16.608,3.81,3.80,0.0038,464,226
T-Default-1x,4823,16.612,3.70,3.69,0.0037,464,226
T-Default-1x,4824,16.615,3.73,3.71,0.0037,464,226
T-Default-1x,4825,16.619,3.66,3.70,0.0037,464,226
T-Default-1x,4826,16.622,3.41,3.40,0.0034,464,226
T-Default-1x,4827,16.626,3.75,3.71,0.0037,464,226
T-Default-1x,4828,16.630,3.77,3.78,0.0038,464,226
T-Default-1x,4829,16.634,4.02,4.00,0.0040,464,226
T-Default-1x,4830,16.638,3.85,3.89,0.0038,464,226
T-Default-1x,4831,16.642,4.01,4.00,0.0040,464,226
T-Default-1x,4832,16.646,3.80,3.80,0.0038,464,226
T-Default-1x,4833,16.649,3.83,3.82,0.0038,464,226
T-Default-1x,4834,16.653,3.90,3.89,0.0039,464,226
T-Default-1x,4835,16.657,3.98,4.00,0.0040,464,226
T-Default-1x,4836,16.661,3.70,3.69,0.0037,464,226
T-Default-1x,4837,16.665,3.50,3.49,0.0035,464,226
T-Default-1x,4838,16.669,4.02,3.98,0.0040,464,226
T-Default-1x,4839,16.673,4.21,4.22,0.0042,464,226
T-Default-1x,4840,16.677,3.97,3.99,0.0040,464,226
T-Default-1x,4841,16.681,3.82,3.80,0.0038,464,226
T-Default-1x,4842,16.684,3.77,3.79,0.0038,464,226
T-Default-1x,4843,16.688,3.74,3.72,0.0037,464,226
T-Default-1x,4844,16.692,4.08,4.08,0.0041,464,226
T-Default-1x,4845,16.696,3.80,3.80,0.0038,464,226
T-Default-1x,4846,16.700,3.79,3.80,0.0038,464,226
T-Default-1x,4847,16.703,3.62,3.60,0.0036,464,226
T-Default-1x,4848,16.707,3.80,3.80,0.0038,464,226
T-Default-1x,4849,16.711,4.00,3.99,0.0040,464,226
T-Default-1x,4850,16.715,3.70,3.69,0.0037,464,226
T-Default-1x,4851,16.719,3.66,3.69,0.0037,464,226
T-Default-1x,4852,16.722,3.63,3.62,0.0036,464,226
T-Default-1x,4853,16.726,3.84,3.80,0.0038,464,226
T-Default-1x,4854,16.730,3.56,3.58,0.0036,516,226
T-Default-1x,4855,16.734,4.11,4.10,0.0041,464,226
T-Default-1x,4856,16.738,3.91,3.90,0.0039,464,226
T-Default-1x,4857,16.742,4.02,4.01,0.0040,464,226
T-Default-1x,4858,16.745,3.88,3.88,0.0039,464,226
T-Default-1x,4859,16.749,3.88,3.90,0.0039,464,226
T-Default-1x,4860,16.753,4.01,3.99,0.0040,464,226
T-Default-1x,4861,16.757,3.89,3.90,0.0039,464,226
T-Default-1x,4862,16.761,3.93,3.90,0.0039,464,226
T-Default-1x,4863,16.765,3.77,3.79,0.0038,464,226
T-Default-1x,4864,16.769,3.79,3.79,0.0038,464,226
T-Default-1x,4865,16.772,3.71,3.71,0.0037,464,226
T-Default-1x,4866,16.776,3.83,3.81,0.0038,464,226
T-Default-1x,4867,16.780,3.66,3.68,0.0037,464,226
T-Default-1x,4868,16.784,4.01,4.01,0.0040,464,226
T-Default-1x,4869,16.788,3.67,3.68,0.0037,464,226
T-Default-1x,4870,16.791,3.83,3.81,0.0038,464,226
T-Default-1x,4871,16.795,3.89,3.89,0.0039,464,226
T-Default-1x,4872,16.799,3.80,3.81,0.0038,464,226
T-Default-1x,4873,16.803,3.81,3.80,0.0038,464,226
T-Default-1x,4874,16.807,3.80,3.81,0.0038,464,226
T-Default-1x,4875,16.811,3.81,3.79,0.0038,464,226
T-Default-1x,4876,16.814,3.57,3.60,0.0036,464,226
T-Default-1x,4877,16.818,3.71,3.70,0.0037,464,226
T-Default-1x,4878,16.822,3.70,3.70,0.0037,464,226
T-Default-1x,4879,16.825,3.79,3.79,0.0038,464,226
T-Default-1x,4880,16.829,3.61,3.59,0.0036,464,226
T-Default-1x,4881,16.833,3.89,3.90,0.0039,464,226
T-Default-1x,4882,16.837,3.97,3.91,0.0040,464,226
T-Default-1x,4883,16.841,4.06,4.09,0.0041,464,226
T-Default-1x,4884,16.845,3.78,3.80,0.0038,464,226
T-Default-1x,4885,16.848,3.72,3.70,0.0037,464,226
T-Default-1x,4886,16.852,3.89,3.91,0.0039,464,226
T-Default-1x,4887,16.856,3.82,3.79,0.0038,464,226
T-Default-1x,4888,16.860,3.89,3.89,0.0039,464,226
T-Default-1x,4889,16.864,3.69,3.71,0.0037,464,226
T-Default-1x,4890,16.867,3.68,3.69,0.0037,464,226
T-Default-1x,4891,16.871,3.78,3.79,0.0038,464,226
T-Default-1x,4892,16.875,3.91,3.89,0.0039,464,226
T-Default-1x,4893,16.879,3.81,3.81,0.0038,464,226
T-Default-1x,4894,16.883,3.84,3.80,0.0038,464,226
T-Default-1x,4895,16.886,3.77,3.80,0.0038,464,226
T-Default-1x,4896,16.890,3.84,3.80,0.0038,464,226
T-Default-1x,4897,16.894,3.78,3.81,0.0038,464,226
T-Default-1x,4898,16.898,3.47,3.48,0.0035,464,226
T-Default-1x,4899,16.901,3.82,3.81,0.0038,464,226
T-Default-1x,4900,16.905,3.69,3.69,0.0037,464,226
T-Default-1x,4901,16.909,3.92,3.91,0.0039,464,226
T-Default-1x,4902,16.913,3.94,3.90,0.0039,464,226
T-Default-1x,4903,16.917,3.85,3.89,0.0038,464,226
T-Default-1x,4904,16.921,4.23,4.21,0.0042,464,226
T-Default-1x,4905,16.925,3.97,3.99,0.0040,464,226
T-Default-1x,4906,16.929,3.71,3.69,0.0037,464,226
T-Default-1x,4907,16.933,3.87,3.89,0.0039,516,226
T-Default-1x,4908,16.936,3.87,3.82,0.0039,464,226
T-Default-1x,4909,16.940,3.85,3.88,0.0038,464,226
T-Default-1x,4910,16.944,3.91,3.91,0.0039,464,226
T-Default-1x,4911,16.948,3.37,3.37,0.0034,464,226
T-Default-1x,4912,16.951,3.84,3.81,0.0038,464,226
T-Default-1x,4913,16.955,3.76,3.79,0.0038,464,226
T-Default-1x,4914,16.959,3.82,3.81,0.0038,464,226
T-Default-1x,4915,16.963,4.03,4.00,0.0040,464,226
T-Default-1x,4916,16.967,3.86,3.89,0.0039,464,226
T-Default-1x,4917,16.971,3.70,3.68,0.0037,464,226
T-Default-1x,4918,16.974,3.92,3.91,0.0039,464,226
T-Default-1x,4919,16.978,3.60,3.60,0.0036,464,226
T-Default-1x,4920,16.982,3.73,3.71,0.0037,464,226
T-Default-1x,4921,16.985,3.68,3.70,0.0037,464,226
T-Default-1x,4922,16.989,3.73,3.70,0.0037,464,226
T-Default-1x,4923,16.993,3.99,4.00,0.0040,464,226
T-Default-1x,4924,16.997,3.96,3.98,0.0040,464,226
T-Default-1x,4925,17.001,4.05,4.02,0.0041,464,226
T-Default-1x,4926,17.005,4.26,4.28,0.0043,464,226
T-Default-1x,4927,17.010,4.12,4.10,0.0041,464,226
T-Default-1x,4928,17.013,3.78,3.80,0.0038,464,226
T-Default-1x,4929,17.017,3.78,3.79,0.0038,464,226
T-Default-1x,4930,17.021,3.81,3.80,0.0038,464,226
T-Default-1x,4931,17.025,3.78,3.80,0.0038,464,226
T-Default-1x,4932,17.028,3.50,3.50,0.0035,464,226
T-Default-1x,4933,17.032,3.93,3.90,0.0039,464,226
T-Default-1x,4934,17.036,3.80,3.79,0.0038,464,226
T-Default-1x,4935,17.040,3.59,3.60,0.0036,464,226
T-Default-1x,4936,17.043,3.89,3.90,0.0039,464,226
T-Default-1x,4937,17.047,3.60,3.60,0.0036,464,226
T-Default-1x,4938,17.051,3.91,3.90,0.0039,464,226
T-Default-1x,4939,17.055,3.89,3.90,0.0039,464,226
T-Default-1x,4940,17.059,3.91,3.90,0.0039,464,226
T-Default-1x,4941,17.063,3.80,3.80,0.0038,464,226
T-Default-1x,4942,17.066,3.89,3.90,0.0039,464,226
T-Default-1x,4943,17.070,3.61,3.61,0.0036,464,226
T-Default-1x,4944,17.074,3.79,3.80,0.0038,464,226
T-Default-1x,4945,17.078,3.71,3.69,0.0037,464,226
T-Default-1x,4946,17.081,3.60,3.61,0.0036,464,226
T-Default-1x,4947,17.085,3.91,3.89,0.0039,464,226
T-Default-1x,4948,17.089,3.56,3.59,0.0036,464,226
T-Default-1x,4949,17.092,3.62,3.60,0.0036,464,226
T-Default-1x,4950,17.096,3.59,3.61,0.0036,464,226
T-Default-1x,4951,17.100,3.81,3.79,0.0038,464,226
T-Default-1x,4952,17.103,3.71,3.70,0.0037,464,226
T-Default-1x,4953,17.107,3.89,3.81,0.0039,464,226
T-Default-1x,4954,17.111,4.01,4.07,0.0040,464,226
T-Default-1x,4955,17.115,4.01,3.99,0.0040,464,226
T-Default-1x,4956,17.119,4.11,4.10,0.0041,464,226
T-Default-1x,4957,17.123,3.56,3.59,0.0036,464,226
T-Default-1x,4958,17.127,3.70,3.71,0.0037,464,226
T-Default-1x,4959,17.130,3.80,3.79,0.0038,464,226
T-Default-1x,4960,17.134,3.80,3.80,0.0038,516,226
T-Default-1x,4961,17.138,3.82,3.81,0.0038,464,226
T-Default-1x,4962,17.142,3.91,3.90,0.0039,464,226
T-Default-1x,4963,17.146,3.67,3.69,0.0037,464,226
T-Default-1x,4964,17.150,3.90,3.91,0.0039,464,226
T-Default-1x,4965,17.153,3.66,3.68,0.0037,464,226
T-Default-1x,4966,17.157,3.45,3.40,0.0034,464,226
T-Default-1x,4967,17.160,3.72,3.70,0.0037,464,226
T-Default-1x,4968,17.164,3.55,3.59,0.0035,464,226
T-Default-1x,4969,17.168,3.62,3.61,0.0036,464,226
T-Default-1x,4970,17.171,3.60,3.59,0.0036,464,226
T-Default-1x,4971,17.175,4.00,4.00,0.0040,464,226
T-Default-1x,4972,17.179,3.61,3.59,0.0036,464,226
T-Default-1x,4973,17.183,3.79,3.81,0.0038,464,226
T-Default-1x,4974,17.186,3.60,3.60,0.0036,464,226
T-Default-1x,4975,17.190,3.52,3.49,0.0035,464,226
T-Default-1x,4976,17.193,3.68,3.70,0.0037,464,226
T-Default-1x,4977,17.197,3.61,3.60,0.0036,464,226
T-Default-1x,4978,17.201,3.69,3.70,0.0037,464,226
T-Default-1x,4979,17.204,3.71,3.70,0.0037,464,226
T-Default-1x,4980,17.208,3.88,3.90,0.0039,464,226
T-Default-1x,4981,17.212,3.62,3.60,0.0036,464,226
T-Default-1x,4982,17.216,3.80,3.80,0.0038,464,226
T-Default-1x,4983,17.219,3.60,3.59,0.0036,464,226
T-Default-1x,4984,17.223,3.72,3.70,0.0037,464,226
T-Default-1x,4985,17.227,3.77,3.79,0.0038,464,226
T-Default-1x,4986,17.230,3.69,3.70,0.0037,464,226
T-Default-1x,4987,17.234,3.93,3.90,0.0039,464,226
T-Default-1x,4988,17.238,3.90,3.90,0.0039,464,226
T-Default-1x,4989,17.242,3.98,4.01,0.0040,464,226
T-Default-1x,4990,17.246,3.60,3.58,0.0036,464,226
T-Default-1x,4991,17.250,3.90,3.90,0.0039,464,226
T-Default-1x,4992,17.254,3.79,3.79,0.0038,464,226
T-Default-1x,4993,17.257,3.90,3.90,0.0039,464,226
T-Default-1x,4994,17.261,3.48,3.49,0.0035,464,226
T-Default-1x,4995,17.264,3.32,3.32,0.0033,464,226
T-Default-1x,4996,17.268,3.82,3.80,0.0038,464,226
T-Default-1x,4997,17.272,3.67,3.69,0.0037,464,226
T-Default-1x,4998,17.276,3.93,3.91,0.0039,464,226
T-Default-1x,4999,17.279,3.80,3.80,0.0038,464,226
T-Default-1x,5000,17.283,3.88,3.90,0.0039,464,226
T-Default-1x,5001,17.287,3.58,3.58,0.0036,464,226
T-Default-1x,5002,17.291,3.75,3.72,0.0038,464,226
T-Default-1x,5003,17.294,3.68,3.71,0.0037,464,226
T-Default-1x,5004,17.298,3.71,3.68,0.0037,464,226
T-Default-1x,5005,17.302,3.93,3.90,0.0039,464,226
T-Default-1x,5006,17.306,3.56,3.59,0.0036,464,226
T-Default-1x,5007,17.309,3.70,3.70,0.0037,464,226
T-Default-1x,5008,17.313,3.72,3.70,0.0037,464,226
T-Default-1x,5009,17.317,3.68,3.69,0.0037,464,226
T-Default-1x,5010,17.320,3.62,3.60,0.0036,464,226
T-Default-1x,5011,17.324,3.80,3.80,0.0038,464,226
T-Default-1x,5012,17.328,3.70,3.70,0.0037,464,226
T-Default-1x,5013,17.331,3.27,3.30,0.0033,464,226
T-Default-1x,5014,17.335,3.66,3.61,0.0037,516,226
T-Default-1x,5015,17.338,3.54,3.58,0.0035,464,226
T-Default-1x,5016,17.342,3.81,3.80,0.0038,464,226
T-Default-1x,5017,17.346,3.82,3.81,0.0038,464,226
T-Default-1x,5018,17.350,3.78,3.79,0.0038,464,226
T-Default-1x,5019,17.353,3.61,3.60,0.0036,464,226
T-Default-1x,5020,17.357,3.64,3.61,0.0036,464,226
T-Default-1x,5021,17.361,3.85,3.89,0.0039,464,226
T-Default-1x,5022,17.364,3.70,3.71,0.0037,464,226
T-Default-1x,5023,17.368,3.64,3.61,0.0036,464,226
T-Default-1x,5024,17.372,3.57,3.59,0.0036,464,226
T-Default-1x,5025,17.375,3.69,3.70,0.0037,464,226
T-Default-1x,5026,17.379,3.63,3.59,0.0036,464,226
T-Default-1x,5027,17.383,3.88,3.91,0.0039,464,226
T-Default-1x,5028,17.386,3.48,3.49,0.0035,464,226
T-Default-1x,5029,17.390,3.52,3.50,0.0035,464,226
T-Default-1x,5030,17.393,3.57,3.60,0.0036,464,226
T-Default-1x,5031,17.397,3.64,3.62,0.0036,464,226
T-Default-1x,5032,17.401,3.69,3.70,0.0037,464,226
T-Default-1x,5033,17.404,3.38,3.38,0.0034,464,226
T-Default-1x,5034,17.408,3.81,3.81,0.0038,464,226
T-Default-1x,5035,17.412,3.59,3.59,0.0036,464,226
T-Default-1x,5036,17.415,3.73,3.70,0.0037,464,226
T-Default-1x,5037,17.419,3.76,3.80,0.0038,464,226
T-Default-1x,5038,17.423,3.50,3.50,0.0035,464,226
T-Default-1x,5039,17.426,3.75,3.71,0.0037,464,226
T-Default-1x,5040,17.430,3.66,3.68,0.0037,464,226
T-Default-1x,5041,17.434,4.01,4.01,0.0040,464,226
T-Default-1x,5042,17.438,3.71,3.70,0.0037,464,226
T-Default-1x,5043,17.442,3.98,4.00,0.0040,464,226
T-Default-1x,5044,17.445,3.61,3.59,0.0036,464,226
T-Default-1x,5045,17.449,3.69,3.70,0.0037,464,226
T-Default-1x,5046,17.453,3.62,3.60,0.0036,464,226
T-Default-1x,5047,17.456,3.49,3.49,0.0035,464,226
T-Default-1x,5048,17.460,3.71,3.71,0.0037,464,226
T-Default-1x,5049,17.463,3.50,3.50,0.0035,464,226
T-Default-1x,5050,17.467,3.99,4.00,0.0040,464,226
T-Default-1x,5051,17.471,3.68,3.69,0.0037,464,226
T-Default-1x,5052,17.475,3.83,3.80,0.0038,464,226
T-Default-1x,5053,17.478,3.59,3.59,0.0036,464,226
T-Default-1x,5054,17.482,3.81,3.81,0.0038,464,226
T-Default-1x,5055,17.486,3.67,3.69,0.0037,464,226
T-Default-1x,5056,17.489,3.53,3.51,0.0035,464,226
T-Default-1x,5057,17.493,3.57,3.59,0.0036,464,226
T-Default-1x,5058,17.496,3.50,3.49,0.0035,464,226
T-Default-1x,5059,17.500,3.69,3.71,0.0037,464,226
T-Default-1x,5060,17.504,3.40,3.39,0.0034,464,226
T-Default-1x,5061,17.507,3.73,3.70,0.0037,464,226
T-Default-1x,5062,17.511,3.57,3.59,0.0036,464,226
T-Default-1x,5063,17.514,3.28,3.30,0.0033,464,226
T-Default-1x,5064,17.518,3.64,3.61,0.0036,464,226
T-Default-1x,5065,17.521,3.69,3.69,0.0037,464,226
T-Default-1x,5066,17.525,3.91,3.91,0.0039,464,226
T-Default-1x,5067,17.529,3.56,3.58,0.0036,464,226
T-Default-1x,5068,17.533,3.75,3.71,0.0037,464,226
T-Default-1x,5069,17.536,3.70,3.69,0.0037,516,226
T-Default-1x,5070,17.540,3.69,3.70,0.0037,464,226
T-Default-1x,5071,17.544,3.61,3.61,0.0036,464,226
T-Default-1x,5072,17.547,3.58,3.58,0.0036,464,226
T-Default-1x,5073,17.551,3.60,3.60,0.0036,464,226
T-Default-1x,5074,17.554,3.60,3.59,0.0036,464,226
T-Default-1x,5075,17.558,3.80,3.80,0.0038,464,226
T-Default-1x,5076,17.562,3.53,3.51,0.0035,464,226
T-Default-1x,5077,17.565,3.70,3.70,0.0037,464,226
T-Default-1x,5078,17.569,3.72,3.71,0.0037,464,226
T-Default-1x,5079,17.573,3.57,3.58,0.0036,464,226
T-Default-1x,5080,17.576,3.71,3.70,0.0037,464,226
T-Default-1x,5081,17.580,3.59,3.60,0.0036,464,226
T-Default-1x,5082,17.584,3.80,3.80,0.0038,464,226
T-Default-1x,5083,17.587,3.58,3.59,0.0036,464,226
T-Default-1x,5084,17.591,3.79,3.80,0.0038,464,226
T-Default-1x,5085,17.595,3.62,3.60,0.0036,464,226
T-Default-1x,5086,17.599,3.72,3.69,0.0037,464,226
T-Default-1x,5087,17.602,3.78,3.81,0.0038,464,226
T-Default-1x,5088,17.606,3.39,3.40,0.0034,464,226
T-Default-1x,5089,17.610,3.75,3.70,0.0037,464,226
T-Default-1x,5090,17.614,4.06,4.03,0.0041,464,226
T-Default-1x,5091,17.617,3.92,3.97,0.0039,464,226
T-Default-1x,5092,17.621,3.58,3.59,0.0036,464,226
T-Default-1x,5093,17.625,3.71,3.71,0.0037,464,226
T-Default-1x,5094,17.629,3.82,3.79,0.0038,464,226
T-Default-1x,5095,17.633,3.90,3.90,0.0039,464,226
T-Default-1x,5096,17.636,3.66,3.69,0.0037,464,226
T-Default-1x,5097,17.640,3.51,3.50,0.0035,464,226
T-Default-1x,5098,17.644,3.82,3.81,0.0038,464,226
T-Default-1x,5099,17.647,3.56,3.59,0.0036,464,226
T-Default-1x,5100,17.651,3.72,3.70,0.0037,464,226
T-Default-1x,5101,17.655,3.82,3.80,0.0038,464,226
T-Default-1x,5102,17.659,3.97,3.99,0.0040,464,226
T-Default-1x,5103,17.662,3.61,3.60,0.0036,464,226
T-Default-1x,5104,17.666,3.82,3.81,0.0038,464,226
T-Default-1x,5105,17.670,3.70,3.70,0.0037,464,226
T-Default-1x,5106,17.673,3.78,3.79,0.0038,464,226
T-Default-1x,5107,17.677,3.39,3.40,0.0034,464,226
T-Default-1x,5108,17.680,3.49,3.49,0.0035,464,226
T-Default-1x,5109,17.684,3.62,3.61,0.0036,464,226
T-Default-1x,5110,17.688,3.52,3.49,0.0035,464,226
T-Default-1x,5111,17.691,3.66,3.69,0.0037,464,226
T-Default-1x,5112,17.695,3.74,3.72,0.0037,464,226
T-Default-1x,5113,17.699,3.80,3.80,0.0038,464,226
T-Default-1x,5114,17.702,3.78,3.78,0.0038,464,226
T-Default-1x,5115,17.706,3.70,3.70,0.0037,464,226
T-Default-1x,5116,17.711,5.03,5.00,0.0050,6176,226
T-Default-1x,5117,17.717,5.51,5.50,0.0055,1528,226
T-Default-1x,5118,17.721,3.95,3.97,0.0039,464,226
T-Default-1x,5119,17.724,3.81,3.81,0.0038,464,226
T-Default-1x,5120,17.728,3.70,3.70,0.0037,464,226
T-Default-1x,5121,17.732,4.02,4.01,0.0040,464,226
T-Default-1x,5122,17.736,3.70,3.70,0.0037,464,226
T-Default-1x,5123,17.739,3.60,3.61,0.0036,516,226
T-Default-1x,5124,17.743,3.70,3.69,0.0037,464,226
T-Default-1x,5125,17.747,3.46,3.49,0.0035,464,226
T-Default-1x,5126,17.750,3.52,3.51,0.0035,464,226
T-Default-1x,5127,17.754,4.06,4.00,0.0041,464,226
T-Default-1x,5128,17.758,4.07,4.10,0.0041,464,226
T-Default-1x,5129,17.762,3.89,3.89,0.0039,464,226
T-Default-1x,5130,17.766,3.80,3.80,0.0038,464,226
T-Default-1x,5131,17.770,3.78,3.79,0.0038,464,226
T-Default-1x,5132,17.774,3.80,3.79,0.0038,464,226
T-Default-1x,5133,17.777,3.90,3.90,0.0039,464,226
T-Default-1x,5134,17.781,3.60,3.59,0.0036,464,226
T-Default-1x,5135,17.785,3.72,3.71,0.0037,464,226
T-Default-1x,5136,17.789,3.79,3.80,0.0038,464,226
T-Default-1x,5137,17.792,3.77,3.78,0.0038,464,226
T-Default-1x,5138,17.796,3.63,3.61,0.0036,464,226
T-Default-1x,5139,17.800,3.88,3.89,0.0039,464,226
T-Default-1x,5140,17.804,3.72,3.70,0.0037,464,226
T-Default-1x,5141,17.807,3.78,3.80,0.0038,464,226
T-Default-1x,5142,17.811,3.70,3.69,0.0037,464,226
T-Default-1x,5143,17.815,3.61,3.60,0.0036,464,226
T-Default-1x,5144,17.819,3.91,3.92,0.0039,464,226
T-Default-1x,5145,17.822,3.68,3.68,0.0037,464,226
T-Default-1x,5146,17.826,3.68,3.69,0.0037,464,226
T-Default-1x,5147,17.830,3.73,3.71,0.0037,464,226
T-Default-1x,5148,17.834,4.03,4.00,0.0040,464,226
T-Default-1x,5149,17.838,3.86,3.89,0.0039,464,226
T-Default-1x,5150,17.842,4.01,4.00,0.0040,464,226
T-Default-1x,5151,17.845,3.81,3.80,0.0038,464,226
T-Default-1x,5152,17.849,3.99,3.99,0.0040,464,226
T-Default-1x,5153,17.853,3.79,3.79,0.0038,464,226
T-Default-1x,5154,17.857,3.91,3.90,0.0039,464,226
T-Default-1x,5155,17.861,3.79,3.80,0.0038,464,226
T-Default-1x,5156,17.864,3.59,3.58,0.0036,464,226
T-Default-1x,5157,17.868,3.92,3.90,0.0039,464,226
T-Default-1x,5158,17.872,3.99,4.00,0.0040,464,226
T-Default-1x,5159,17.877,4.12,4.11,0.0041,464,226
T-Default-1x,5160,17.880,3.76,3.78,0.0038,464,226
T-Default-1x,5161,17.884,4.02,4.01,0.0040,464,226
T-Default-1x,5162,17.888,3.67,3.69,0.0037,464,226
T-Default-1x,5163,17.892,3.89,3.91,0.0039,464,226
T-Default-1x,5164,17.896,3.71,3.69,0.0037,464,226
T-Default-1x,5165,17.900,4.01,4.01,0.0040,464,226
T-Default-1x,5166,17.903,3.82,3.80,0.0038,464,226
T-Default-1x,5167,17.907,3.79,3.79,0.0038,464,226
T-Default-1x,5168,17.911,3.68,3.70,0.0037,464,226
T-Default-1x,5169,17.915,3.73,3.70,0.0037,464,226
T-Default-1x,5170,17.918,3.70,3.70,0.0037,464,226
T-Default-1x,5171,17.922,3.77,3.79,0.0038,464,226
T-Default-1x,5172,17.926,3.93,3.91,0.0039,464,226
T-Default-1x,5173,17.930,3.78,3.79,0.0038,464,226
T-Default-1x,5174,17.934,3.89,3.90,0.0039,464,226
T-Default-1x,5175,17.937,3.61,3.60,0.0036,464,226
T-Default-1x,5176,17.941,3.68,3.69,0.0037,516,226
T-Default-1x,5177,17.944,3.51,3.50,0.0035,464,226
T-Default-1x,5178,17.948,3.62,3.60,0.0036,464,226
T-Default-1x,5179,17.952,3.97,3.92,0.0040,464,226
T-Default-1x,5180,17.956,3.92,3.98,0.0039,464,226
T-Default-1x,5181,17.960,3.83,3.80,0.0038,464,226
T-Default-1x,5182,17.964,3.78,3.79,0.0038,464,226
T-Default-1x,5183,17.967,3.88,3.90,0.0039,464,226
T-Default-1x,5184,17.971,3.69,3.69,0.0037,464,226
T-Default-1x,5185,17.975,3.91,3.90,0.0039,464,226
T-Default-1x,5186,17.979,3.72,3.70,0.0037,464,226
T-Default-1x,5187,17.983,3.88,3.90,0.0039,464,226
T-Default-1x,5188,17.986,3.81,3.80,0.0038,464,226
T-Default-1x,5189,17.990,3.83,3.80,0.0038,464,226
T-Default-1x,5190,17.994,3.76,3.80,0.0038,464,226
T-Default-1x,5191,17.998,3.61,3.60,0.0036,464,226
T-Default-1x,5192,18.001,3.75,3.71,0.0037,464,226
T-Default-1x,5193,18.005,3.97,3.78,0.0040,464,226
T-Default-1x,5194,18.009,4.08,4.31,0.0041,464,226
T-Default-1x,5195,18.013,3.69,3.70,0.0037,464,226
T-Default-1x,5196,18.017,3.81,3.79,0.0038,464,226
T-Default-1x,5197,18.021,3.67,3.68,0.0037,464,226
T-Default-1x,5198,18.024,3.82,3.82,0.0038,464,226
T-Default-1x,5199,18.028,3.61,3.59,0.0036,464,226
T-Default-1x,5200,18.032,3.86,3.81,0.0039,464,226
T-Default-1x,5201,18.036,3.85,3.90,0.0039,464,226
T-Default-1x,5202,18.040,4.09,4.10,0.0041,464,226
T-Default-1x,5203,18.044,3.81,3.80,0.0038,464,226
T-Default-1x,5204,18.047,3.78,3.79,0.0038,464,226
T-Default-1x,5205,18.051,3.80,3.81,0.0038,464,226
T-Default-1x,5206,18.055,3.80,3.79,0.0038,464,226
T-Default-1x,5207,18.059,3.87,3.90,0.0039,464,226
T-Default-1x,5208,18.063,3.85,3.81,0.0038,464,226
T-Default-1x,5209,18.067,4.30,4.30,0.0043,464,226
T-Default-1x,5210,18.071,3.96,3.98,0.0040,16880,226
T-Default-1x,5211,18.075,4.14,4.10,0.0041,464,226
T-Default-1x,5212,18.079,3.85,3.87,0.0039,464,226
T-Default-1x,5213,18.083,3.92,3.92,0.0039,464,226
T-Default-1x,5214,18.087,3.70,3.69,0.0037,464,226
T-Default-1x,5215,18.091,3.91,3.90,0.0039,464,226
T-Default-1x,5216,18.094,3.88,3.90,0.0039,464,226
T-Default-1x,5217,18.098,3.49,3.50,0.0035,464,226
T-Default-1x,5218,18.102,3.72,3.70,0.0037,464,226
T-Default-1x,5219,18.105,3.80,3.80,0.0038,464,226
T-Default-1x,5220,18.109,3.90,3.90,0.0039,464,226
T-Default-1x,5221,18.113,3.69,3.69,0.0037,464,226
T-Default-1x,5222,18.117,3.79,3.80,0.0038,464,226
T-Default-1x,5223,18.120,3.50,3.50,0.0035,464,226
T-Default-1x,5224,18.124,3.81,3.81,0.0038,464,226
T-Default-1x,5225,18.128,3.69,3.69,0.0037,464,226
T-Default-1x,5226,18.131,3.61,3.61,0.0036,464,226
T-Default-1x,5227,18.135,3.74,3.70,0.0037,464,226
T-Default-1x,5228,18.139,3.58,3.59,0.0036,464,226
T-Default-1x,5229,18.143,3.88,3.90,0.0039,516,226
T-Default-1x,5230,18.146,3.82,3.80,0.0038,464,226
T-Default-1x,5231,18.150,3.90,3.89,0.0039,464,226
T-Default-1x,5232,18.154,3.91,3.90,0.0039,464,226
T-Default-1x,5233,18.158,4.16,4.18,0.0042,464,226
T-Default-1x,5234,18.162,3.90,3.90,0.0039,464,226
T-Default-1x,5235,18.166,3.91,3.90,0.0039,464,226
T-Default-1x,5236,18.170,3.67,3.69,0.0037,464,226
T-Default-1x,5237,18.174,3.98,3.91,0.0040,464,226
T-Default-1x,5238,18.178,3.64,3.68,0.0036,464,226
T-Default-1x,5239,18.181,3.49,3.50,0.0035,464,226
T-Default-1x,5240,18.185,3.74,3.70,0.0037,464,226
T-Default-1x,5241,18.188,3.69,3.69,0.0037,464,226
T-Default-1x,5242,18.193,4.09,4.11,0.0041,464,226
T-Default-1x,5243,18.196,3.78,3.79,0.0038,464,226
T-Default-1x,5244,18.200,3.80,3.80,0.0038,464,226
T-Default-1x,5245,18.204,3.82,3.80,0.0038,464,226
T-Default-1x,5246,18.208,3.67,3.68,0.0037,464,226
T-Default-1x,5247,18.211,3.61,3.60,0.0036,464,226
T-Default-1x,5248,18.215,3.81,3.80,0.0038,464,226
T-Default-1x,5249,18.219,3.71,3.70,0.0037,464,226
T-Default-1x,5250,18.223,3.82,3.79,0.0038,464,226
T-Default-1x,5251,18.227,3.90,3.90,0.0039,464,226
T-Default-1x,5252,18.231,4.25,4.21,0.0042,464,226
T-Default-1x,5253,18.235,3.94,3.98,0.0039,464,226
T-Default-1x,5254,18.238,3.81,3.80,0.0038,464,226
T-Default-1x,5255,18.242,3.88,3.89,0.0039,464,226
T-Default-1x,5256,18.246,4.01,4.00,0.0040,464,226
T-Default-1x,5257,18.250,4.00,4.01,0.0040,464,226
T-Default-1x,5258,18.254,3.68,3.68,0.0037,464,226
T-Default-1x,5259,18.258,4.03,4.02,0.0040,464,226
T-Default-1x,5260,18.262,3.79,3.79,0.0038,464,226
T-Default-1x,5261,18.266,4.00,4.00,0.0040,464,226
T-Default-1x,5262,18.269,3.58,3.59,0.0036,464,226
T-Default-1x,5263,18.273,3.64,3.62,0.0036,464,226
T-Default-1x,5264,18.277,3.57,3.58,0.0036,464,226
T-Default-1x,5265,18.280,3.53,3.51,0.0035,464,226
T-Default-1x,5266,18.284,3.99,4.01,0.0040,464,226
T-Default-1x,5267,18.288,3.79,3.78,0.0038,464,226
T-Default-1x,5268,18.292,3.90,3.90,0.0039,464,226
T-Default-1x,5269,18.296,3.81,3.81,0.0038,464,226
T-Default-1x,5270,18.300,3.89,3.90,0.0039,464,226
T-Default-1x,5271,18.303,3.60,3.59,0.0036,464,226
T-Default-1x,5272,18.307,3.71,3.70,0.0037,464,226
T-Default-1x,5273,18.311,3.69,3.70,0.0037,464,226
T-Default-1x,5274,18.314,3.60,3.59,0.0036,464,226
T-Default-1x,5275,18.318,3.69,3.70,0.0037,464,226
T-Default-1x,5276,18.321,3.58,3.59,0.0036,464,226
T-Default-1x,5277,18.325,3.70,3.70,0.0037,464,226
T-Default-1x,5278,18.329,3.53,3.51,0.0035,464,226
T-Default-1x,5279,18.332,3.80,3.80,0.0038,464,226
T-Default-1x,5280,18.336,3.80,3.80,0.0038,464,226
T-Default-1x,5281,18.340,3.71,3.69,0.0037,464,226
T-Default-1x,5282,18.344,3.70,3.70,0.0037,516,226
T-Default-1x,5283,18.347,3.58,3.60,0.0036,464,226
T-Default-1x,5284,18.351,3.81,3.80,0.0038,464,226
T-Default-1x,5285,18.355,3.79,3.79,0.0038,464,226
T-Default-1x,5286,18.359,3.90,3.91,0.0039,464,226
T-Default-1x,5287,18.362,3.59,3.59,0.0036,464,226
T-Default-1x,5288,18.366,3.71,3.71,0.0037,464,226
T-Default-1x,5289,18.370,3.48,3.49,0.0035,464,226
T-Default-1x,5290,18.373,3.54,3.51,0.0035,464,226
T-Default-1x,5291,18.377,3.68,3.69,0.0037,464,226
T-Default-1x,5292,18.381,4.09,4.09,0.0041,464,226
T-Default-1x,5293,18.385,4.03,4.00,0.0040,464,226
T-Default-1x,5294,18.389,3.88,3.89,0.0039,464,226
T-Default-1x,5295,18.392,3.70,3.71,0.0037,464,226
T-Default-1x,5296,18.396,3.51,3.49,0.0035,464,226
T-Default-1x,5297,18.400,3.58,3.60,0.0036,464,226
T-Default-1x,5298,18.403,3.64,3.61,0.0036,464,226
T-Default-1x,5299,18.407,3.90,3.89,0.0039,464,226
T-Default-1x,5300,18.411,3.90,3.90,0.0039,464,226
T-Default-1x,5301,18.415,3.60,3.60,0.0036,464,226
T-Default-1x,5302,18.418,3.78,3.79,0.0038,464,226
T-Default-1x,5303,18.422,3.79,3.79,0.0038,464,226
T-Default-1x,5304,18.426,3.91,3.91,0.0039,464,226
T-Default-1x,5305,18.430,3.69,3.69,0.0037,464,226
T-Default-1x,5306,18.434,4.09,4.09,0.0041,464,226
T-Default-1x,5307,18.438,3.94,3.91,0.0039,464,226
T-Default-1x,5308,18.442,3.86,3.88,0.0039,464,226
T-Default-1x,5309,18.446,3.95,3.91,0.0039,464,226
T-Default-1x,5310,18.450,3.90,3.90,0.0039,464,226
T-Default-1x,5311,18.453,3.78,3.79,0.0038,464,226
T-Default-1x,5312,18.457,3.80,3.80,0.0038,464,226
T-Default-1x,5313,18.461,3.80,3.79,0.0038,464,226
T-Default-1x,5314,18.464,3.49,3.50,0.0035,464,226
T-Default-1x,5315,18.468,3.73,3.71,0.0037,464,226
T-Default-1x,5316,18.472,3.74,3.77,0.0037,464,226
T-Default-1x,5317,18.476,3.82,3.80,0.0038,464,226
T-Default-1x,5318,18.479,3.70,3.71,0.0037,464,226
T-Default-1x,5319,18.483,3.90,3.90,0.0039,464,226
T-Default-1x,5320,18.487,3.59,3.59,0.0036,464,226
T-Default-1x,5321,18.491,3.71,3.71,0.0037,464,226
T-Default-1x,5322,18.494,3.83,3.80,0.0038,464,226
T-Default-1x,5323,18.498,3.69,3.70,0.0037,464,226
T-Default-1x,5324,18.502,3.69,3.69,0.0037,464,226
T-Default-1x,5325,18.506,4.12,4.11,0.0041,464,226
T-Default-1x,5326,18.511,4.70,4.68,0.0047,464,226
T-Default-1x,5327,18.515,4.30,4.30,0.0043,464,226
T-Default-1x,5328,18.519,4.50,4.50,0.0045,464,226
T-Default-1x,5329,18.524,4.39,4.39,0.0044,464,226
T-Default-1x,5330,18.528,4.32,4.30,0.0043,464,226
T-Default-1x,5331,18.533,4.62,4.50,0.0046,464,226
T-Default-1x,5332,18.537,4.10,4.19,0.0041,464,226
T-Default-1x,5333,18.541,4.62,4.60,0.0046,464,226
T-Default-1x,5334,18.546,4.25,4.29,0.0043,516,226
T-Default-1x,5335,18.550,4.09,4.10,0.0041,464,226
T-Default-1x,5336,18.554,3.98,3.90,0.0040,464,226
T-Default-1x,5337,18.558,4.04,4.09,0.0040,464,226
T-Default-1x,5338,18.561,3.67,3.69,0.0037,464,226
T-Default-1x,5339,18.565,3.75,3.70,0.0038,464,226
T-Default-1x,5340,18.569,3.74,3.79,0.0037,464,226
T-Default-1x,5341,18.573,3.73,3.70,0.0037,464,226
T-Default-1x,5342,18.577,3.96,3.91,0.0040,464,226
T-Default-1x,5343,18.581,3.87,3.88,0.0039,464,226
T-Default-1x,5344,18.585,4.02,4.00,0.0040,464,226
T-Default-1x,5345,18.589,4.27,4.31,0.0043,464,226
T-Default-1x,5346,18.593,4.31,4.29,0.0043,464,226
T-Default-1x,5347,18.598,4.83,4.80,0.0048,8788,226
T-Default-1x,5348,18.602,4.24,4.28,0.0042,808,226
T-Default-1x,5349,18.607,4.63,4.60,0.0046,1612,226
T-Default-1x,5350,18.611,4.29,4.30,0.0043,464,226
T-Default-1x,5351,18.615,3.88,3.90,0.0039,464,226
T-Default-1x,5352,18.619,3.77,3.79,0.0038,464,226
T-Default-1x,5353,18.622,3.71,3.69,0.0037,464,226
T-Default-1x,5354,18.626,4.03,4.01,0.0040,464,226
T-Default-1x,5355,18.630,3.92,3.90,0.0039,464,226
T-Default-1x,5356,18.634,4.00,4.00,0.0040,464,226
T-Default-1x,5357,18.638,3.87,3.89,0.0039,464,226
T-Default-1x,5358,18.642,3.89,3.90,0.0039,464,226
T-Default-1x,5359,18.646,3.81,3.80,0.0038,464,226
T-Default-1x,5360,18.650,4.00,4.00,0.0040,464,226
T-Default-1x,5361,18.654,3.80,3.79,0.0038,464,226
T-Default-1x,5362,18.658,3.81,3.81,0.0038,464,226
T-Default-1x,5363,18.661,3.69,3.69,0.0037,464,226
T-Default-1x,5364,18.665,3.82,3.80,0.0038,464,226
T-Default-1x,5365,18.669,3.76,3.79,0.0038,464,226
T-Default-1x,5366,18.673,3.87,3.82,0.0039,464,226
T-Default-1x,5367,18.677,3.85,3.87,0.0038,464,226
T-Default-1x,5368,18.681,4.10,4.10,0.0041,464,226
T-Default-1x,5369,18.685,4.12,4.10,0.0041,464,226
T-Default-1x,5370,18.689,3.96,3.99,0.0040,464,226
T-Default-1x,5371,18.693,4.15,4.12,0.0041,464,226
T-Default-1x,5372,18.697,3.98,3.99,0.0040,464,226
T-Default-1x,5373,18.701,4.25,4.21,0.0042,464,226
T-Default-1x,5374,18.705,3.83,3.88,0.0038,464,226
T-Default-1x,5375,18.709,4.12,4.10,0.0041,464,226
T-Default-1x,5376,18.713,3.77,3.79,0.0038,464,226
T-Default-1x,5377,18.717,3.92,3.90,0.0039,464,226
T-Default-1x,5378,18.720,3.71,3.71,0.0037,464,226
T-Default-1x,5379,18.724,3.78,3.79,0.0038,464,226
T-Default-1x,5380,18.728,3.71,3.70,0.0037,464,226
T-Default-1x,5381,18.732,3.81,3.80,0.0038,464,226
T-Default-1x,5382,18.736,3.80,3.81,0.0038,464,226
T-Default-1x,5383,18.739,3.61,3.59,0.0036,464,226
T-Default-1x,5384,18.743,3.88,3.88,0.0039,464,226
T-Default-1x,5385,18.747,3.68,3.71,0.0037,516,226
T-Default-1x,5386,18.751,4.02,4.00,0.0040,464,226
T-Default-1x,5387,18.754,3.67,3.70,0.0037,464,226
T-Default-1x,5388,18.758,4.01,4.01,0.0040,464,226
T-Default-1x,5389,18.762,3.94,3.90,0.0039,464,226
T-Default-1x,5390,18.766,3.87,3.89,0.0039,464,226
T-Default-1x,5391,18.770,3.68,3.70,0.0037,464,226
T-Default-1x,5392,18.774,3.92,3.91,0.0039,464,226
T-Default-1x,5393,18.778,3.70,3.69,0.0037,464,226
T-Default-1x,5394,18.781,3.57,3.60,0.0036,464,226
T-Default-1x,5395,18.785,3.85,3.81,0.0038,464,226
T-Default-1x,5396,18.789,3.76,3.79,0.0038,464,226
T-Default-1x,5397,18.793,4.13,4.10,0.0041,464,226
T-Default-1x,5398,18.797,3.89,3.90,0.0039,464,226
T-Default-1x,5399,18.801,3.89,3.89,0.0039,464,226
T-Default-1x,5400,18.805,3.94,3.91,0.0039,464,226
T-Default-1x,5401,18.809,4.07,4.09,0.0041,464,226
T-Default-1x,5402,18.812,3.69,3.69,0.0037,464,226
T-Default-1x,5403,18.816,3.90,3.90,0.0039,464,226
T-Default-1x,5404,18.820,3.60,3.60,0.0036,464,226
T-Default-1x,5405,18.824,3.70,3.70,0.0037,464,226
T-Default-1x,5406,18.827,3.80,3.80,0.0038,464,226
T-Default-1x,5407,18.831,4.04,4.00,0.0040,464,226
T-Default-1x,5408,18.836,4.12,4.10,0.0041,464,226
T-Default-1x,5409,18.840,4.05,4.10,0.0041,464,226
T-Default-1x,5410,18.844,4.02,4.00,0.0040,464,226
T-Default-1x,5411,18.847,3.58,3.59,0.0036,464,226
T-Default-1x,5412,18.851,3.91,3.89,0.0039,464,226
T-Default-1x,5413,18.855,3.98,3.99,0.0040,464,226
T-Default-1x,5414,18.859,4.11,4.10,0.0041,464,226
T-Default-1x,5415,18.863,3.79,3.80,0.0038,464,226
T-Default-1x,5416,18.867,3.90,3.90,0.0039,464,226
T-Default-1x,5417,18.871,3.69,3.70,0.0037,464,226
T-Default-1x,5418,18.874,3.89,3.90,0.0039,464,226
T-Default-1x,5419,18.879,4.06,4.00,0.0041,464,226
T-Default-1x,5420,18.882,3.95,3.98,0.0040,464,226
T-Default-1x,5421,18.886,3.92,3.91,0.0039,464,226
T-Default-1x,5422,18.890,3.91,3.90,0.0039,464,226
T-Default-1x,5423,18.894,3.90,3.90,0.0039,464,226
T-Default-1x,5424,18.898,3.57,3.59,0.0036,464,226
T-Default-1x,5425,18.902,3.80,3.80,0.0038,464,226
T-Default-1x,5426,18.905,3.58,3.60,0.0036,464,226
T-Default-1x,5427,18.909,3.93,3.91,0.0039,464,226
T-Default-1x,5428,18.913,3.91,3.90,0.0039,464,226
T-Default-1x,5429,18.917,4.00,4.01,0.0040,464,226
T-Default-1x,5430,18.921,3.68,3.69,0.0037,464,226
T-Default-1x,5431,18.925,3.91,3.90,0.0039,464,226
T-Default-1x,5432,18.928,3.70,3.69,0.0037,464,226
T-Default-1x,5433,18.932,4.12,4.11,0.0041,464,226
T-Default-1x,5434,18.936,3.80,3.80,0.0038,464,226
T-Default-1x,5435,18.940,3.59,3.58,0.0036,464,226
T-Default-1x,5436,18.944,3.99,4.01,0.0040,464,226
T-Default-1x,5437,18.948,3.82,3.80,0.0038,516,226
T-Default-1x,5438,18.952,3.98,4.00,0.0040,464,226
T-Default-1x,5439,18.955,3.80,3.80,0.0038,464,226
T-Default-1x,5440,18.959,3.98,3.99,0.0040,464,226
T-Default-1x,5441,18.963,3.71,3.70,0.0037,464,226
T-Default-1x,5442,18.967,3.78,3.79,0.0038,464,226
T-Default-1x,5443,18.970,3.62,3.59,0.0036,464,226
T-Default-1x,5444,18.974,3.98,4.00,0.0040,464,226
T-Default-1x,5445,18.978,3.74,3.71,0.0037,464,226
T-Default-1x,5446,18.982,3.81,3.79,0.0038,464,226
T-Default-1x,5447,18.986,3.86,3.89,0.0039,464,226
T-Default-1x,5448,18.989,3.49,3.49,0.0035,464,226
T-Default-1x,5449,18.993,3.75,3.70,0.0037,464,226
T-Default-1x,5450,18.997,4.37,4.40,0.0044,464,226
T-Default-1x,5451,19.002,4.14,4.10,0.0041,464,226
T-Default-1x,5452,19.006,3.98,4.00,0.0040,464,226
T-Default-1x,5453,19.010,4.10,4.10,0.0041,464,226
T-Default-1x,5454,19.013,3.77,3.78,0.0038,464,226
T-Default-1x,5455,19.017,3.83,3.80,0.0038,464,226
T-Default-1x,5456,19.021,3.69,3.69,0.0037,464,226
T-Default-1x,5457,19.025,3.80,3.81,0.0038,464,226
T-Default-1x,5458,19.029,3.90,3.90,0.0039,464,226
T-Default-1x,5459,19.033,4.12,4.10,0.0041,464,226
T-Default-1x,5460,19.037,3.89,3.90,0.0039,464,226
T-Default-1x,5461,19.041,4.11,4.11,0.0041,464,226
T-Default-1x,5462,19.045,3.90,3.90,0.0039,464,226
T-Default-1x,5463,19.049,3.90,3.89,0.0039,464,226
T-Default-1x,5464,19.052,3.90,3.89,0.0039,464,226
T-Default-1x,5465,19.056,3.81,3.80,0.0038,464,226
T-Default-1x,5466,19.060,3.78,3.80,0.0038,464,226
T-Default-1x,5467,19.064,3.70,3.70,0.0037,464,226
T-Default-1x,5468,19.068,3.80,3.79,0.0038,464,226
T-Default-1x,5469,19.071,3.68,3.69,0.0037,464,226
T-Default-1x,5470,19.075,4.01,4.01,0.0040,464,226
T-Default-1x,5471,19.079,3.71,3.69,0.0037,464,226
T-Default-1x,5472,19.083,3.89,3.90,0.0039,464,226
T-Default-1x,5473,19.087,3.70,3.70,0.0037,464,226
T-Default-1x,5474,19.091,4.05,4.02,0.0040,464,226
T-Default-1x,5475,19.094,3.87,3.88,0.0039,464,226
T-Default-1x,5476,19.098,3.61,3.59,0.0036,568,226
T-Default-1x,5477,19.102,3.68,3.71,0.0037,464,226
T-Default-1x,5478,19.105,3.59,3.60,0.0036,464,226
T-Default-1x,5479,19.109,3.82,3.80,0.0038,464,226
T-Default-1x,5480,19.113,3.84,3.82,0.0038,464,226
T-Default-1x,5481,19.117,3.85,3.88,0.0038,464,226
T-Default-1x,5482,19.120,3.59,3.60,0.0036,464,226
T-Default-1x,5483,19.124,3.71,3.70,0.0037,464,226
T-Default-1x,5484,19.128,3.74,3.70,0.0037,464,226
T-Default-1x,5485,19.132,4.29,4.30,0.0043,464,226
T-Default-1x,5486,19.136,4.01,4.01,0.0040,464,226
T-Default-1x,5487,19.140,3.89,3.89,0.0039,464,226
T-Default-1x,5488,19.144,3.80,3.80,0.0038,464,226
T-Default-1x,5489,19.148,3.99,3.99,0.0040,516,226
T-Default-1x,5490,19.152,4.04,4.01,0.0040,464,226
T-Default-1x,5491,19.156,3.99,3.99,0.0040,464,226
T-Default-1x,5492,19.160,3.97,4.00,0.0040,464,226
T-Default-1x,5493,19.164,3.81,3.81,0.0038,464,226
T-Default-1x,5494,19.168,3.92,3.89,0.0039,464,226
T-Default-1x,5495,19.171,3.79,3.79,0.0038,464,226
T-Default-1x,5496,19.176,4.13,4.11,0.0041,464,226
T-Default-1x,5497,19.180,4.11,4.09,0.0041,464,226
T-Default-1x,5498,19.184,3.96,3.99,0.0040,464,226
T-Default-1x,5499,19.188,3.99,3.99,0.0040,464,226
T-Default-1x,5500,19.191,3.90,3.90,0.0039,464,226
T-Default-1x,5501,19.196,4.04,4.01,0.0040,464,226
T-Default-1x,5502,19.200,4.15,4.19,0.0042,464,226
T-Default-1x,5503,19.204,3.90,3.89,0.0039,464,226
T-Default-1x,5504,19.208,4.13,4.11,0.0041,464,226
T-Default-1x,5505,19.212,4.08,4.08,0.0041,464,226
T-Default-1x,5506,19.216,4.00,4.00,0.0040,464,226
T-Default-1x,5507,19.220,3.88,3.90,0.0039,464,226
T-Default-1x,5508,19.224,3.92,3.91,0.0039,464,226
T-Default-1x,5509,19.228,3.91,3.89,0.0039,464,226
T-Default-1x,5510,19.231,3.76,3.80,0.0038,464,226
T-Default-1x,5511,19.235,3.90,3.90,0.0039,464,226
T-Default-1x,5512,19.239,3.72,3.69,0.0037,464,226
T-Default-1x,5513,19.243,3.93,3.92,0.0039,464,226
T-Default-1x,5514,19.247,3.85,3.89,0.0039,464,226
T-Default-1x,5515,19.251,3.91,3.91,0.0039,464,226
T-Default-1x,5516,19.254,3.91,3.89,0.0039,464,226
T-Default-1x,5517,19.259,4.09,4.10,0.0041,464,226
T-Default-1x,5518,19.262,3.82,3.81,0.0038,464,226
T-Default-1x,5519,19.267,4.39,4.39,0.0044,464,226
T-Default-1x,5520,19.271,4.00,4.00,0.0040,464,226
T-Default-1x,5521,19.275,4.28,4.29,0.0043,464,226
T-Default-1x,5522,19.279,4.03,4.00,0.0040,464,226
T-Default-1x,5523,19.283,3.98,4.00,0.0040,464,226
T-Default-1x,5524,19.287,3.88,3.88,0.0039,464,226
T-Default-1x,5525,19.291,4.00,4.01,0.0040,464,226
T-Default-1x,5526,19.295,3.92,3.90,0.0039,464,226
T-Default-1x,5527,19.299,4.02,4.01,0.0040,464,226
T-Default-1x,5528,19.303,3.99,3.99,0.0040,464,226
T-Default-1x,5529,19.307,3.79,3.79,0.0038,464,226
T-Default-1x,5530,19.311,3.84,3.80,0.0038,464,226
T-Default-1x,5531,19.314,3.76,3.82,0.0038,464,226
T-Default-1x,5532,19.318,3.78,3.77,0.0038,464,226
T-Default-1x,5533,19.322,3.68,3.69,0.0037,464,226
T-Default-1x,5534,19.326,3.82,3.82,0.0038,464,226
T-Default-1x,5535,19.329,3.91,3.89,0.0039,464,226
T-Default-1x,5536,19.333,3.92,3.91,0.0039,464,226
T-Default-1x,5537,19.337,3.75,3.79,0.0037,464,226
T-Default-1x,5538,19.341,3.81,3.80,0.0038,464,226
T-Default-1x,5539,19.345,3.62,3.61,0.0036,464,226
T-Default-1x,5540,19.348,3.79,3.79,0.0038,516,226
T-Default-1x,5541,19.352,3.89,3.90,0.0039,464,226
T-Default-1x,5542,19.356,3.88,3.90,0.0039,464,226
T-Default-1x,5543,19.360,4.05,4.00,0.0041,464,226
T-Default-1x,5544,19.364,4.05,4.08,0.0040,1152,226
T-Default-1x,5545,19.369,4.61,4.60,0.0046,1956,226
T-Default-1x,5546,19.374,4.83,4.81,0.0048,1956,226
T-Default-1x,5547,19.378,4.08,4.09,0.0041,464,226
T-Default-1x,5548,19.382,3.92,3.90,0.0039,464,226
T-Default-1x,5549,19.386,4.10,4.11,0.0041,464,226
T-Default-1x,5550,19.390,4.09,4.08,0.0041,464,226
T-Default-1x,5551,19.394,3.88,3.90,0.0039,464,226
T-Default-1x,5552,19.398,3.92,3.90,0.0039,464,226
T-Default-1x,5553,19.402,4.21,4.21,0.0042,464,226
T-Default-1x,5554,19.406,4.00,4.00,0.0040,464,226
T-Default-1x,5555,19.410,4.18,4.19,0.0042,464,226
T-Default-1x,5556,19.414,4.00,4.00,0.0040,464,226
T-Default-1x,5557,19.419,4.65,4.61,0.0047,464,226
T-Default-1x,5558,19.423,4.44,4.48,0.0044,464,226
T-Default-1x,5559,19.427,4.21,4.19,0.0042,464,226
T-Default-1x,5560,19.432,4.11,4.11,0.0041,464,226
T-Default-1x,5561,19.436,4.22,4.20,0.0042,464,226
T-Default-1x,5562,19.440,4.07,4.09,0.0041,464,226
T-Default-1x,5563,19.444,3.90,3.90,0.0039,464,226
T-Default-1x,5564,19.447,3.70,3.69,0.0037,464,226
T-Default-1x,5565,19.451,3.90,3.91,0.0039,464,226
T-Default-1x,5566,19.455,3.79,3.79,0.0038,464,226
T-Default-1x,5567,19.459,3.88,3.90,0.0039,464,226
T-Default-1x,5568,19.463,4.04,4.01,0.0040,464,226
T-Default-1x,5569,19.467,3.99,4.01,0.0040,464,226
T-Default-1x,5570,19.471,3.96,3.98,0.0040,464,226
T-Default-1x,5571,19.475,3.91,3.91,0.0039,464,226
T-Default-1x,5572,19.479,3.80,3.79,0.0038,464,226
T-Default-1x,5573,19.483,4.02,4.01,0.0040,464,226
T-Default-1x,5574,19.486,3.80,3.79,0.0038,464,226
T-Default-1x,5575,19.491,4.12,4.11,0.0041,464,226
T-Default-1x,5576,19.495,3.97,3.99,0.0040,464,226
T-Default-1x,5577,19.498,3.70,3.69,0.0037,464,226
T-Default-1x,5578,19.502,3.70,3.72,0.0037,464,226
T-Default-1x,5579,19.506,3.58,3.51,0.0036,464,226
T-Default-1x,5580,19.510,4.23,4.28,0.0042,464,226
T-Default-1x,5581,19.514,4.21,4.19,0.0042,464,226
T-Default-1x,5582,19.518,4.01,4.02,0.0040,464,226
T-Default-1x,5583,19.522,3.77,3.78,0.0038,464,226
T-Default-1x,5584,19.526,4.02,4.00,0.0040,464,226
T-Default-1x,5585,19.530,3.90,3.90,0.0039,464,226
T-Default-1x,5586,19.534,3.98,3.99,0.0040,464,226
T-Default-1x,5587,19.537,3.72,3.70,0.0037,464,226
T-Default-1x,5588,19.541,3.99,4.00,0.0040,464,226
T-Default-1x,5589,19.545,3.80,3.79,0.0038,464,226
T-Default-1x,5590,19.549,4.13,4.12,0.0041,516,226
T-Default-1x,5591,19.553,3.98,3.99,0.0040,464,226
T-Default-1x,5592,19.557,4.01,4.00,0.0040,464,226
T-Default-1x,5593,19.561,4.02,4.01,0.0040,464,226
T-Default-1x,5594,19.565,3.80,3.78,0.0038,464,226
T-Default-1x,5595,19.569,3.78,3.81,0.0038,464,226
T-Default-1x,5596,19.573,3.83,3.81,0.0038,464,226
T-Default-1x,5597,19.577,3.99,3.99,0.0040,464,226
T-Default-1x,5598,19.580,3.77,3.79,0.0038,464,226
T-Default-1x,5599,19.584,3.70,3.70,0.0037,464,226
T-Default-1x,5600,19.588,3.73,3.70,0.0037,464,226
T-Default-1x,5601,19.592,3.86,3.90,0.0039,464,226
T-Default-1x,5602,19.595,3.60,3.60,0.0036,464,226
T-Default-1x,5603,19.599,3.92,3.91,0.0039,464,226
T-Default-1x,5604,19.603,3.70,3.70,0.0037,464,226
T-Default-1x,5605,19.607,3.80,3.79,0.0038,464,226
T-Default-1x,5606,19.611,3.79,3.79,0.0038,464,226
T-Default-1x,5607,19.614,3.74,3.70,0.0037,464,226
T-Default-1x,5608,19.618,3.88,3.91,0.0039,464,226
T-Default-1x,5609,19.622,3.57,3.60,0.0036,464,226
T-Default-1x,5610,19.626,4.03,4.00,0.0040,464,226
T-Default-1x,5611,19.629,3.67,3.69,0.0037,464,226
T-Default-1x,5612,19.633,4.00,4.00,0.0040,464,226
T-Default-1x,5613,19.637,3.82,3.81,0.0038,464,226
T-Default-1x,5614,19.641,3.99,4.00,0.0040,464,226
T-Default-1x,5615,19.645,3.93,3.90,0.0039,464,226
T-Default-1x,5616,19.649,3.96,4.00,0.0040,464,226
T-Default-1x,5617,19.653,3.91,3.89,0.0039,464,226
T-Default-1x,5618,19.657,4.42,4.41,0.0044,464,226
T-Default-1x,5619,19.661,3.89,3.89,0.0039,464,226
T-Default-1x,5620,19.665,3.73,3.70,0.0037,464,226
T-Default-1x,5621,19.669,3.96,4.00,0.0040,464,226
T-Default-1x,5622,19.673,3.94,3.89,0.0039,464,226
T-Default-1x,5623,19.677,3.88,3.90,0.0039,464,226
T-Default-1x,5624,19.681,3.69,3.70,0.0037,464,226
T-Default-1x,5625,19.684,3.69,3.69,0.0037,464,226
T-Default-1x,5626,19.688,3.84,3.81,0.0038,464,226
T-Default-1x,5627,19.692,4.11,4.10,0.0041,464,226
T-Default-1x,5628,19.696,3.78,3.80,0.0038,464,226
T-Default-1x,5629,19.700,4.00,4.00,0.0040,464,226
T-Default-1x,5630,19.704,3.80,3.80,0.0038,464,226
T-Default-1x,5631,19.708,3.92,3.89,0.0039,464,226
T-Default-1x,5632,19.712,3.91,3.91,0.0039,464,226
T-Default-1x,5633,19.716,4.14,4.10,0.0041,464,226
T-Default-1x,5634,19.720,3.84,3.88,0.0038,464,226
T-Default-1x,5635,19.724,4.35,4.36,0.0044,464,226
T-Default-1x,5636,19.728,4.39,4.35,0.0044,464,226
T-Default-1x,5637,19.733,4.20,4.19,0.0042,464,226
T-Default-1x,5638,19.736,3.86,3.89,0.0039,464,226
T-Default-1x,5639,19.740,4.00,4.00,0.0040,464,226
T-Default-1x,5640,19.744,3.93,3.89,0.0039,464,226
T-Default-1x,5641,19.748,3.80,3.81,0.0038,464,226
T-Default-1x,5642,19.752,3.85,3.88,0.0038,516,226
T-Default-1x,5643,19.756,3.81,3.81,0.0038,464,226
T-Default-1x,5644,19.760,3.91,3.90,0.0039,464,226
T-Default-1x,5645,19.763,3.68,3.69,0.0037,464,226
T-Default-1x,5646,19.767,3.93,3.92,0.0039,464,226
T-Default-1x,5647,19.771,3.68,3.70,0.0037,464,226
T-Default-1x,5648,19.775,3.91,3.90,0.0039,464,226
T-Default-1x,5649,19.779,4.12,4.09,0.0041,464,226
T-Default-1x,5650,19.783,4.16,4.19,0.0042,464,226
T-Default-1x,5651,19.787,3.71,3.70,0.0037,464,226
T-Default-1x,5652,19.791,4.01,4.00,0.0040,464,226
T-Default-1x,5653,19.795,3.79,3.79,0.0038,464,226
T-Default-1x,5654,19.798,3.59,3.59,0.0036,464,226
T-Default-1x,5655,19.802,3.81,3.82,0.0038,464,226
T-Default-1x,5656,19.806,3.49,3.49,0.0035,464,226
T-Default-1x,5657,19.809,3.79,3.80,0.0038,464,226
T-Default-1x,5658,19.813,3.82,3.80,0.0038,464,226
T-Default-1x,5659,19.817,3.99,4.00,0.0040,464,226
T-Default-1x,5660,19.821,3.98,3.98,0.0040,464,226
T-Default-1x,5661,19.825,4.14,4.11,0.0041,464,226
T-Default-1x,5662,19.829,3.91,3.89,0.0039,464,226
T-Default-1x,5663,19.833,4.07,4.10,0.0041,464,226
T-Default-1x,5664,19.837,3.92,3.90,0.0039,464,226
T-Default-1x,5665,19.841,3.99,3.99,0.0040,464,226
T-Default-1x,5666,19.845,3.81,3.79,0.0038,464,226
T-Default-1x,5667,19.849,3.79,3.79,0.0038,464,226
T-Default-1x,5668,19.853,4.00,4.00,0.0040,464,226
T-Default-1x,5669,19.857,3.80,3.81,0.0038,464,226
T-Default-1x,5670,19.861,4.02,3.99,0.0040,464,226
T-Default-1x,5671,19.865,3.98,4.00,0.0040,952,226
T-Default-1x,5672,19.869,4.10,4.11,0.0041,464,226
T-Default-1x,5673,19.873,4.01,3.99,0.0040,464,226
T-Default-1x,5674,19.877,3.99,3.99,0.0040,464,226
T-Default-1x,5675,19.880,3.81,3.81,0.0038,464,226
T-Default-1x,5676,19.885,4.10,4.11,0.0041,464,226
T-Default-1x,5677,19.888,3.80,3.80,0.0038,464,226
T-Default-1x,5678,19.892,3.88,3.89,0.0039,464,226
T-Default-1x,5679,19.896,3.79,3.79,0.0038,464,226
T-Default-1x,5680,19.900,3.90,3.91,0.0039,464,226
T-Default-1x,5681,19.904,3.61,3.60,0.0036,464,226
T-Default-1x,5682,19.908,3.91,3.90,0.0039,464,226
T-Default-1x,5683,19.911,3.78,3.79,0.0038,464,226
T-Default-1x,5684,19.915,3.83,3.80,0.0038,464,226
T-Default-1x,5685,19.919,3.66,3.69,0.0037,464,226
T-Default-1x,5686,19.922,3.61,3.60,0.0036,464,226
T-Default-1x,5687,19.926,3.82,3.80,0.0038,464,226
T-Default-1x,5688,19.930,3.58,3.59,0.0036,464,226
T-Default-1x,5689,19.933,3.69,3.70,0.0037,464,226
T-Default-1x,5690,19.937,3.67,3.62,0.0037,464,226
T-Default-1x,5691,19.941,3.95,3.98,0.0040,464,226
T-Default-1x,5692,19.945,3.69,3.69,0.0037,464,226
T-Default-1x,5693,19.949,3.74,3.70,0.0037,464,226
T-Default-1x,5694,19.952,3.78,3.81,0.0038,516,226
T-Default-1x,5695,19.956,3.57,3.59,0.0036,464,226
T-Default-1x,5696,19.960,3.72,3.71,0.0037,464,226
T-Default-1x,5697,19.963,3.84,3.79,0.0038,464,226
T-Default-1x,5698,19.967,3.68,3.69,0.0037,464,226
T-Default-1x,5699,19.971,3.46,3.48,0.0035,464,226
T-Default-1x,5700,19.974,3.82,3.81,0.0038,464,226
T-Default-1x,5701,19.978,3.69,3.69,0.0037,464,226
T-Default-1x,5702,19.982,3.69,3.70,0.0037,464,226
T-Default-1x,5703,19.986,3.93,3.91,0.0039,464,226
T-Default-1x,5704,19.990,4.52,4.50,0.0045,464,226
T-Default-1x,5705,19.994,4.21,4.20,0.0042,464,226
T-Default-1x,5706,19.998,3.80,3.80,0.0038,464,226
T-Default-1x,5707,20.002,4.01,3.99,0.0040,464,226
T-Default-1x,5708,20.006,4.10,3.88,0.0041,464,226
T-Default-1x,5709,20.011,4.26,4.51,0.0043,464,226
T-Default-1x,5710,20.014,3.67,3.69,0.0037,464,226
T-Default-1x,5711,20.018,3.85,3.81,0.0038,464,226
T-Default-1x,5712,20.022,3.66,3.70,0.0037,464,226
T-Default-1x,5713,20.026,3.92,3.90,0.0039,464,226
T-Default-1x,5714,20.029,3.59,3.59,0.0036,464,226
T-Default-1x,5715,20.033,4.23,4.21,0.0042,464,226
T-Default-1x,5716,20.037,3.77,3.79,0.0038,464,226
T-Default-1x,5717,20.041,3.90,3.90,0.0039,464,226
T-Default-1x,5718,20.045,3.85,3.82,0.0038,464,226
T-Default-1x,5719,20.049,3.57,3.58,0.0036,464,226
T-Default-1x,5720,20.052,3.92,3.89,0.0039,464,226
T-Default-1x,5721,20.056,3.80,3.81,0.0038,464,226
T-Default-1x,5722,20.060,4.00,4.00,0.0040,464,226
T-Default-1x,5723,20.064,3.98,3.99,0.0040,464,226
T-Default-1x,5724,20.068,4.12,4.11,0.0041,464,226
T-Default-1x,5725,20.072,3.75,3.77,0.0038,464,226
T-Default-1x,5726,20.076,3.92,3.91,0.0039,464,226
T-Default-1x,5727,20.080,3.70,3.69,0.0037,464,226
T-Default-1x,5728,20.084,3.90,3.89,0.0039,464,226
T-Default-1x,5729,20.087,3.72,3.72,0.0037,464,226
T-Default-1x,5730,20.091,3.91,3.90,0.0039,464,226
T-Default-1x,5731,20.095,3.84,3.79,0.0038,464,226
T-Default-1x,5732,20.099,4.14,4.19,0.0041,464,226
T-Default-1x,5733,20.103,4.01,3.99,0.0040,464,226
T-Default-1x,5734,20.107,3.80,3.80,0.0038,464,226
T-Default-1x,5735,20.111,4.12,4.11,0.0041,464,226
T-Default-1x,5736,20.115,4.10,4.10,0.0041,464,226
T-Default-1x,5737,20.119,3.96,3.98,0.0040,464,226
T-Default-1x,5738,20.123,3.53,3.50,0.0035,464,226
T-Default-1x,5739,20.127,4.06,4.09,0.0041,464,226
T-Default-1x,5740,20.131,4.03,3.99,0.0040,464,226
T-Default-1x,5741,20.135,4.07,4.10,0.0041,464,226
T-Default-1x,5742,20.139,3.81,3.80,0.0038,464,226
T-Default-1x,5743,20.143,4.20,4.20,0.0042,464,226
T-Default-1x,5744,20.147,3.93,3.91,0.0039,464,226
T-Default-1x,5745,20.151,4.50,4.49,0.0045,464,226
T-Default-1x,5746,20.156,4.86,4.81,0.0049,516,226
T-Default-1x,5747,20.161,4.85,4.88,0.0049,464,226
T-Default-1x,5748,20.165,4.06,4.10,0.0041,464,226
T-Default-1x,5749,20.169,4.22,4.20,0.0042,464,226
T-Default-1x,5750,20.173,4.10,4.09,0.0041,464,226
T-Default-1x,5751,20.178,4.61,4.60,0.0046,464,226
T-Default-1x,5752,20.183,4.71,4.70,0.0047,464,226
T-Default-1x,5753,20.187,4.37,4.39,0.0044,464,226
T-Default-1x,5754,20.192,4.40,4.41,0.0044,464,226
T-Default-1x,5755,20.196,4.53,4.51,0.0045,464,226
T-Default-1x,5756,20.201,4.59,4.59,0.0046,464,226
T-Default-1x,5757,20.205,3.81,3.80,0.0038,464,226
T-Default-1x,5758,20.209,4.59,4.60,0.0046,464,226
T-Default-1x,5759,20.213,4.38,4.40,0.0044,464,226
T-Default-1x,5760,20.218,4.70,4.69,0.0047,464,226
T-Default-1x,5761,20.222,4.18,4.20,0.0042,464,226
T-Default-1x,5762,20.227,4.75,4.70,0.0048,464,226
T-Default-1x,5763,20.231,4.25,4.20,0.0043,464,226
T-Default-1x,5764,20.236,4.72,4.79,0.0047,464,226
T-Default-1x,5765,20.240,3.91,3.90,0.0039,464,226
T-Default-1x,5766,20.245,4.61,4.60,0.0046,464,226
T-Default-1x,5767,20.249,4.32,4.31,0.0043,464,226
T-Default-1x,5768,20.253,4.39,4.39,0.0044,464,226
T-Default-1x,5769,20.258,4.63,4.61,0.0046,464,226
T-Default-1x,5770,20.262,4.51,4.49,0.0045,464,226
T-Default-1x,5771,20.267,4.43,4.48,0.0044,464,226
T-Default-1x,5772,20.271,4.22,4.20,0.0042,464,226
T-Default-1x,5773,20.275,4.40,4.41,0.0044,464,226
T-Default-1x,5774,20.280,4.30,4.29,0.0043,464,226
T-Default-1x,5775,20.284,4.47,4.48,0.0045,464,226
T-Default-1x,5776,20.288,4.13,4.11,0.0041,464,226
T-Default-1x,5777,20.293,4.50,4.50,0.0045,464,226
T-Default-1x,5778,20.297,4.28,4.29,0.0043,464,226
T-Default-1x,5779,20.301,4.12,4.11,0.0041,464,226
T-Default-1x,5780,20.306,4.48,4.49,0.0045,464,226
T-Default-1x,5781,20.310,4.52,4.50,0.0045,464,226
T-Default-1x,5782,20.315,4.76,4.71,0.0048,464,226
T-Default-1x,5783,20.320,4.65,4.68,0.0046,464,226
T-Default-1x,5784,20.324,4.02,4.04,0.0040,464,226
T-Default-1x,5785,20.328,4.28,4.27,0.0043,464,226
T-Default-1x,5786,20.333,4.70,4.69,0.0047,464,226
T-Default-1x,5787,20.337,4.54,4.51,0.0045,464,226
T-Default-1x,5788,20.342,4.57,4.59,0.0046,464,226
T-Default-1x,5789,20.346,4.09,4.09,0.0041,464,226
T-Default-1x,5790,20.350,4.18,4.20,0.0042,464,226
T-Default-1x,5791,20.355,4.43,4.40,0.0044,464,226
T-Default-1x,5792,20.359,4.19,4.19,0.0042,516,226
T-Default-1x,5793,20.363,4.27,4.29,0.0043,464,226
T-Default-1x,5794,20.367,4.34,4.31,0.0043,464,226
T-Default-1x,5795,20.372,4.51,4.50,0.0045,464,226
T-Default-1x,5796,20.376,4.17,4.19,0.0042,464,226
T-Default-1x,5797,20.380,4.42,4.40,0.0044,464,226
T-Default-1x,5798,20.385,4.19,4.20,0.0042,464,226
T-Default-1x,5799,20.389,4.40,4.40,0.0044,464,226
T-Default-1x,5800,20.394,4.60,4.59,0.0046,464,226
T-Default-1x,5801,20.398,4.30,4.30,0.0043,464,226
T-Default-1x,5802,20.402,4.19,4.19,0.0042,464,226
T-Default-1x,5803,20.406,4.36,4.31,0.0044,464,226
T-Default-1x,5804,20.411,4.36,4.39,0.0044,464,226
T-Default-1x,5805,20.415,4.21,4.20,0.0042,464,226
T-Default-1x,5806,20.419,4.38,4.39,0.0044,464,226
T-Default-1x,5807,20.424,4.39,4.40,0.0044,464,226
T-Default-1x,5808,20.428,4.10,4.09,0.0041,464,226
T-Default-1x,5809,20.432,4.21,4.21,0.0042,464,226
T-Default-1x,5810,20.436,4.22,4.20,0.0042,464,226
T-Default-1x,5811,20.440,3.99,3.99,0.0040,464,226
T-Default-1x,5812,20.445,4.24,4.20,0.0042,464,226
T-Default-1x,5813,20.449,4.47,4.49,0.0045,464,226
T-Default-1x,5814,20.453,4.39,4.39,0.0044,464,226
T-Default-1x,5815,20.458,4.60,4.61,0.0046,464,226
T-Default-1x,5816,20.462,4.20,4.20,0.0042,464,226
T-Default-1x,5817,20.467,4.38,4.40,0.0044,464,226
T-Default-1x,5818,20.471,4.22,4.20,0.0042,464,226
T-Default-1x,5819,20.475,4.08,4.09,0.0041,464,226
T-Default-1x,5820,20.479,4.11,4.11,0.0041,464,226
T-Default-1x,5821,20.483,4.30,4.30,0.0043,464,226
T-Default-1x,5822,20.487,4.19,4.19,0.0042,464,226
T-Default-1x,5823,20.492,4.22,4.21,0.0042,464,226
T-Default-1x,5824,20.496,4.30,4.29,0.0043,464,226
T-Default-1x,5825,20.500,4.31,4.30,0.0043,464,226
T-Default-1x,5826,20.505,4.51,4.50,0.0045,464,226
T-Default-1x,5827,20.509,4.58,4.59,0.0046,464,226
T-Default-1x,5828,20.514,4.32,4.30,0.0043,464,226
T-Default-1x,5829,20.518,4.37,4.39,0.0044,464,226
T-Default-1x,5830,20.522,3.71,3.70,0.0037,464,226
T-Default-1x,5831,20.526,4.17,4.19,0.0042,464,226
T-Default-1x,5832,20.530,3.90,3.91,0.0039,464,226
T-Default-1x,5833,20.534,4.33,4.31,0.0043,464,226
T-Default-1x,5834,20.538,4.20,4.19,0.0042,464,226
T-Default-1x,5835,20.543,4.21,4.20,0.0042,464,226
T-Default-1x,5836,20.547,4.38,4.40,0.0044,464,226
T-Default-1x,5837,20.551,4.42,4.40,0.0044,464,226
T-Default-1x,5838,20.555,3.99,4.00,0.0040,464,226
T-Default-1x,5839,20.560,4.70,4.69,0.0047,516,226
T-Default-1x,5840,20.564,4.09,4.10,0.0041,464,226
T-Default-1x,5841,20.568,4.22,4.20,0.0042,464,226
T-Default-1x,5842,20.573,4.30,4.30,0.0043,464,226
T-Default-1x,5843,20.577,4.28,4.29,0.0043,464,226
T-Default-1x,5844,20.581,3.90,3.90,0.0039,560,226
T-Default-1x,5845,20.585,4.31,4.30,0.0043,464,226
T-Default-1x,5846,20.589,4.06,4.09,0.0041,464,226
T-Default-1x,5847,20.593,4.12,4.10,0.0041,464,226
T-Default-1x,5848,20.598,4.31,4.30,0.0043,464,226
T-Default-1x,5849,20.602,4.51,4.49,0.0045,464,226
T-Default-1x,5850,20.606,4.29,4.30,0.0043,464,226
T-Default-1x,5851,20.611,4.31,4.30,0.0043,464,226
T-Default-1x,5852,20.615,3.88,3.89,0.0039,464,226
T-Default-1x,5853,20.619,4.08,4.09,0.0041,464,226
T-Default-1x,5854,20.623,4.02,4.00,0.0040,464,226
T-Default-1x,5855,20.627,4.10,4.10,0.0041,464,226
T-Default-1x,5856,20.631,4.20,4.20,0.0042,464,226
T-Default-1x,5857,20.635,4.23,4.20,0.0042,464,226
T-Default-1x,5858,20.640,4.27,4.29,0.0043,464,226
T-Default-1x,5859,20.644,4.22,4.21,0.0042,464,226
T-Default-1x,5860,20.648,4.42,4.41,0.0044,464,226
T-Default-1x,5861,20.652,4.10,4.09,0.0041,464,226
T-Default-1x,5862,20.657,4.41,4.41,0.0044,464,226
T-Default-1x,5863,20.662,5.18,5.18,0.0052,1412,226
T-Default-1x,5864,20.667,5.02,5.02,0.0050,536,226
T-Default-1x,5865,20.671,4.05,4.07,0.0040,464,226
T-Default-1x,5866,20.675,4.32,4.31,0.0043,464,226
T-Default-1x,5867,20.680,4.22,4.20,0.0042,464,226
T-Default-1x,5868,20.684,4.30,4.30,0.0043,464,226
T-Default-1x,5869,20.688,4.18,4.18,0.0042,464,226
T-Default-1x,5870,20.692,4.30,4.30,0.0043,464,226
T-Default-1x,5871,20.696,4.10,4.11,0.0041,464,226
T-Default-1x,5872,20.701,4.11,4.10,0.0041,464,226
T-Default-1x,5873,20.704,3.89,3.89,0.0039,464,226
T-Default-1x,5874,20.709,4.10,4.10,0.0041,464,226
T-Default-1x,5875,20.713,4.03,4.00,0.0040,464,226
T-Default-1x,5876,20.717,4.00,3.99,0.0040,464,226
T-Default-1x,5877,20.720,3.97,4.00,0.0040,464,226
T-Default-1x,5878,20.724,3.90,3.89,0.0039,464,226
T-Default-1x,5879,20.728,3.72,3.70,0.0037,464,226
T-Default-1x,5880,20.732,3.98,4.00,0.0040,464,226
T-Default-1x,5881,20.736,4.25,4.20,0.0042,464,226
T-Default-1x,5882,20.741,4.38,4.41,0.0044,464,226
T-Default-1x,5883,20.745,3.97,3.98,0.0040,464,226
T-Default-1x,5884,20.749,3.89,3.90,0.0039,464,226
T-Default-1x,5885,20.753,4.13,4.11,0.0041,464,226
T-Default-1x,5886,20.757,4.15,4.11,0.0042,464,226
T-Default-1x,5887,20.761,4.37,4.39,0.0044,516,226
T-Default-1x,5888,20.765,3.97,3.99,0.0040,464,226
T-Default-1x,5889,20.769,4.01,4.00,0.0040,464,226
T-Default-1x,5890,20.773,3.68,3.69,0.0037,464,226
T-Default-1x,5891,20.777,4.01,4.01,0.0040,464,226
T-Default-1x,5892,20.781,3.72,3.69,0.0037,464,226
T-Default-1x,5893,20.784,3.74,3.71,0.0037,464,226
T-Default-1x,5894,20.788,3.74,3.79,0.0037,464,226
T-Default-1x,5895,20.792,3.69,3.69,0.0037,464,226
T-Default-1x,5896,20.796,3.85,3.81,0.0038,464,226
T-Default-1x,5897,20.800,3.96,3.99,0.0040,464,226
T-Default-1x,5898,20.804,3.95,3.91,0.0039,464,226
T-Default-1x,5899,20.807,3.96,3.99,0.0040,464,226
T-Default-1x,5900,20.811,3.71,3.70,0.0037,464,226
T-Default-1x,5901,20.815,3.59,3.60,0.0036,464,226
T-Default-1x,5902,20.819,3.97,3.96,0.0040,464,226
T-Default-1x,5903,20.823,3.83,3.84,0.0038,464,226
T-Default-1x,5904,20.826,3.80,3.79,0.0038,464,226
T-Default-1x,5905,20.830,3.82,3.81,0.0038,464,226
T-Default-1x,5906,20.834,4.24,4.20,0.0042,464,226
T-Default-1x,5907,20.838,3.74,3.79,0.0037,464,226
T-Default-1x,5908,20.842,3.90,3.90,0.0039,464,226
T-Default-1x,5909,20.846,3.68,3.68,0.0037,464,226
T-Default-1x,5910,20.850,3.76,3.72,0.0038,464,226
T-Default-1x,5911,20.853,3.87,3.89,0.0039,464,226
T-Default-1x,5912,20.858,4.12,4.10,0.0041,464,226
T-Default-1x,5913,20.861,3.78,3.79,0.0038,464,226
T-Default-1x,5914,20.865,3.62,3.61,0.0036,464,226
T-Default-1x,5915,20.869,3.86,3.88,0.0039,464,226
T-Default-1x,5916,20.873,3.71,3.71,0.0037,464,226
T-Default-1x,5917,20.876,3.69,3.69,0.0037,464,226
T-Default-1x,5918,20.880,3.62,3.61,0.0036,464,226
T-Default-1x,5919,20.884,3.79,3.80,0.0038,464,226
T-Default-1x,5920,20.887,3.49,3.48,0.0035,464,226
T-Default-1x,5921,20.891,3.61,3.61,0.0036,464,226
T-Default-1x,5922,20.894,3.39,3.39,0.0034,464,226
T-Default-1x,5923,20.897,3.31,3.31,0.0033,464,226
T-Default-1x,5924,20.901,3.81,3.79,0.0038,464,226
T-Default-1x,5925,20.905,3.82,3.80,0.0038,464,226
T-Default-1x,5926,20.909,3.79,3.80,0.0038,464,226
T-Default-1x,5927,20.912,3.38,3.40,0.0034,464,226
T-Default-1x,5928,20.916,3.80,3.80,0.0038,464,226
T-Default-1x,5929,20.919,3.40,3.40,0.0034,464,226
T-Default-1x,5930,20.923,3.24,3.20,0.0032,464,226
T-Default-1x,5931,20.926,3.57,3.58,0.0036,464,226
T-Default-1x,5932,20.930,3.51,3.50,0.0035,464,226
T-Default-1x,5933,20.934,3.90,3.90,0.0039,464,226
T-Default-1x,5934,20.937,3.40,3.40,0.0034,464,226
T-Default-1x,5935,20.941,3.73,3.70,0.0037,464,226
T-Default-1x,5936,20.944,3.47,3.50,0.0035,464,226
T-Default-1x,5937,20.947,3.23,3.20,0.0032,464,226
T-Default-1x,5938,20.951,3.60,3.59,0.0036,464,226
T-Default-1x,5939,20.955,3.79,3.80,0.0038,464,226
T-Default-1x,5940,20.958,3.68,3.69,0.0037,464,226
T-Default-1x,5941,20.962,3.81,3.79,0.0038,516,226
T-Default-1x,5942,20.966,3.91,3.91,0.0039,464,226
T-Default-1x,5943,20.970,3.69,3.69,0.0037,464,226
T-Default-1x,5944,20.973,3.41,3.41,0.0034,464,226
T-Default-1x,5945,20.977,3.69,3.71,0.0037,464,226
T-Default-1x,5946,20.981,3.62,3.59,0.0036,464,226
T-Default-1x,5947,20.984,3.89,3.90,0.0039,464,226
T-Default-1x,5948,20.988,3.47,3.49,0.0035,464,226
T-Default-1x,5949,20.992,3.61,3.60,0.0036,464,226
T-Default-1x,5950,20.995,3.27,3.28,0.0033,464,226
T-Default-1x,5951,20.998,3.53,3.50,0.0035,464,226
T-Default-1x,5952,21.002,3.62,3.62,0.0036,464,226
T-Default-1x,5953,21.005,3.47,3.49,0.0035,464,226
T-Default-1x,5954,21.009,3.81,3.80,0.0038,464,226
T-Default-1x,5955,21.013,3.80,3.80,0.0038,464,226
T-Default-1x,5956,21.017,3.68,3.70,0.0037,464,226
T-Default-1x,5957,21.020,3.51,3.49,0.0035,464,226
T-Default-1x,5958,21.024,3.62,3.61,0.0036,464,226
T-Default-1x,5959,21.027,3.40,3.39,0.0034,464,226
T-Default-1x,5960,21.031,3.27,3.31,0.0033,464,226
T-Default-1x,5961,21.034,3.39,3.40,0.0034,464,226
T-Default-1x,5962,21.037,3.40,3.39,0.0034,464,226
T-Default-1x,5963,21.041,3.72,3.71,0.0037,464,226
T-Default-1x,5964,21.045,3.50,3.49,0.0035,464,226
T-Default-1x,5965,21.048,3.20,3.20,0.0032,464,226
T-Default-1x,5966,21.051,3.60,3.59,0.0036,464,226
T-Default-1x,5967,21.055,3.49,3.50,0.0035,464,226
T-Default-1x,5968,21.059,3.70,3.70,0.0037,464,226
T-Default-1x,5969,21.062,3.50,3.50,0.0035,464,226
T-Default-1x,5970,21.066,3.50,3.50,0.0035,464,226
T-Default-1x,5971,21.069,3.49,3.50,0.0035,464,226
T-Default-1x,5972,21.072,3.43,3.41,0.0034,464,226
T-Default-1x,5973,21.076,3.68,3.68,0.0037,464,226
T-Default-1x,5974,21.080,3.62,3.60,0.0036,464,226
T-Default-1x,5975,21.083,3.68,3.71,0.0037,464,226
T-Default-1x,5976,21.087,3.40,3.39,0.0034,464,226
T-Default-1x,5977,21.090,3.53,3.52,0.0035,464,226
T-Default-1x,5978,21.094,3.37,3.38,0.0034,464,226
T-Default-1x,5979,21.097,3.30,3.30,0.0033,464,226
T-Default-1x,5980,21.100,3.41,3.39,0.0034,464,226
T-Default-1x,5981,21.104,3.39,3.40,0.0034,464,226
T-Default-1x,5982,21.107,3.40,3.40,0.0034,464,226
T-Default-1x,5983,21.111,3.34,3.30,0.0033,464,226
T-Default-1x,5984,21.114,3.04,3.09,0.0030,464,226
T-Default-1x,5985,21.117,3.32,3.31,0.0033,464,226
T-Default-1x,5986,21.120,3.41,3.40,0.0034,464,226
T-Default-1x,5987,21.124,3.71,3.70,0.0037,464,226
T-Default-1x,5988,21.128,3.49,3.50,0.0035,464,226
T-Default-1x,5989,21.131,3.20,3.20,0.0032,464,226
T-Default-1x,5990,21.134,3.50,3.49,0.0035,464,226
T-Default-1x,5991,21.138,3.40,3.40,0.0034,464,226
T-Default-1x,5992,21.141,3.50,3.51,0.0035,464,226
T-Default-1x,5993,21.144,3.25,3.25,0.0033,464,226
T-Default-1x,5994,21.147,3.07,3.06,0.0031,464,226
T-Default-1x,5995,21.151,3.47,3.48,0.0035,464,226
T-Default-1x,5996,21.154,3.52,3.50,0.0035,464,226
T-Default-1x,5997,21.158,3.47,3.49,0.0035,464,226
T-Default-1x,5998,21.161,3.32,3.30,0.0033,464,226
T-Default-1x,5999,21.164,3.09,3.11,0.0031,516,226
T-Default-1x,6000,21.168,3.31,3.30,0.0033,464,226
T-Default-1x,6001,21.171,3.18,3.20,0.0032,464,226
T-Default-1x,6002,21.174,3.63,3.61,0.0036,464,226
T-Default-1x,6003,21.178,3.18,3.19,0.0032,464,226
T-Default-1x,6004,21.181,3.08,3.09,0.0031,464,226
T-Default-1x,6005,21.184,3.53,3.50,0.0035,464,226
T-Default-1x,6006,21.188,3.39,3.39,0.0034,464,226
T-Default-1x,6007,21.191,3.42,3.42,0.0034,464,226
T-Default-1x,6008,21.194,3.39,3.38,0.0034,464,226
T-Default-1x,6009,21.197,2.99,3.00,0.0030,464,226
T-Default-1x,6010,21.201,3.31,3.30,0.0033,464,226
T-Default-1x,6011,21.204,3.19,3.20,0.0032,464,226
T-Default-1x,6012,21.207,3.23,3.20,0.0032,464,226
T-Default-1x,6013,21.210,3.26,3.29,0.0033,464,226
T-Default-1x,6014,21.213,3.02,3.01,0.0030,464,226
T-Default-1x,6015,21.217,3.29,3.29,0.0033,464,226
T-Default-1x,6016,21.220,3.21,3.20,0.0032,464,226
T-Default-1x,6017,21.223,3.40,3.40,0.0034,464,226
T-Default-1x,6018,21.227,3.29,3.30,0.0033,464,226
T-Default-1x,6019,21.230,3.56,3.51,0.0036,464,226
T-Default-1x,6020,21.234,3.85,3.88,0.0038,464,226
T-Default-1x,6021,21.237,3.39,3.39,0.0034,464,226
T-Default-1x,6022,21.241,3.56,3.53,0.0036,464,226
T-Default-1x,6023,21.244,3.26,3.28,0.0033,464,226
T-Default-1x,6024,21.247,3.17,3.19,0.0032,464,226
T-Default-1x,6025,21.251,3.40,3.40,0.0034,464,226
T-Default-1x,6026,21.254,3.40,3.40,0.0034,464,226
T-Default-1x,6027,21.258,3.40,3.40,0.0034,464,226
T-Default-1x,6028,21.261,3.41,3.41,0.0034,464,226
T-Default-1x,6029,21.264,3.35,3.30,0.0033,464,226
T-Default-1x,6030,21.268,3.14,3.18,0.0031,464,226
T-Default-1x,6031,21.271,2.97,2.98,0.0030,464,226
T-Default-1x,6032,21.274,3.32,3.31,0.0033,464,226
T-Default-1x,6033,21.277,3.14,3.11,0.0031,464,226
T-Default-1x,6034,21.280,2.83,2.88,0.0028,464,226
T-Default-1x,6035,21.283,3.03,3.01,0.0030,464,226
T-Default-1x,6036,21.286,3.21,3.20,0.0032,464,226
T-Default-1x,6037,21.289,3.41,3.39,0.0034,464,226
T-Default-1x,6038,21.293,3.50,3.52,0.0035,464,226
T-Default-1x,6039,21.296,3.27,3.28,0.0033,464,226
T-Default-1x,6040,21.300,3.42,3.40,0.0034,464,226
T-Default-1x,6041,21.303,3.19,3.19,0.0032,1008,226
T-Default-1x,6042,21.306,3.10,3.11,0.0031,464,226
T-Default-1x,6043,21.309,3.32,3.30,0.0033,464,226
T-Default-1x,6044,21.313,3.34,3.30,0.0033,464,226
T-Default-1x,6045,21.316,3.37,3.39,0.0034,464,226
T-Default-1x,6046,21.319,3.37,3.38,0.0034,464,226
T-Default-1x,6047,21.323,3.54,3.52,0.0035,464,226
T-Default-1x,6048,21.326,3.40,3.39,0.0034,464,226
T-Default-1x,6049,21.330,3.39,3.39,0.0034,464,226
T-Default-1x,6050,21.333,3.58,3.60,0.0036,464,226
T-Default-1x,6051,21.337,3.44,3.40,0.0034,464,226
T-Default-1x,6052,21.340,3.39,3.39,0.0034,464,226
T-Default-1x,6053,21.344,3.49,3.51,0.0035,464,226
T-Default-1x,6054,21.347,3.27,3.28,0.0033,464,226
T-Default-1x,6055,21.350,3.41,3.40,0.0034,464,226
T-Default-1x,6056,21.353,3.22,3.20,0.0032,464,226
T-Default-1x,6057,21.357,3.52,3.50,0.0035,464,226
T-Default-1x,6058,21.360,3.49,3.49,0.0035,464,226
T-Default-1x,6059,21.363,2.85,2.88,0.0028,464,226
T-Default-1x,6060,21.367,3.33,3.31,0.0033,516,226
T-Default-1x,6061,21.370,3.07,3.09,0.0031,464,226
T-Default-1x,6062,21.373,3.44,3.41,0.0034,464,226
T-Default-1x,6063,21.376,3.13,3.10,0.0031,464,226
T-Default-1x,6064,21.380,3.58,3.60,0.0036,464,226
T-Default-1x,6065,21.383,3.47,3.50,0.0035,464,226
T-Default-1x,6066,21.387,3.32,3.29,0.0033,464,226
T-Default-1x,6067,21.390,3.29,3.30,0.0033,464,226
T-Default-1x,6068,21.393,3.39,3.39,0.0034,464,226
T-Default-1x,6069,21.397,3.30,3.30,0.0033,464,226
T-Default-1x,6070,21.400,3.61,3.60,0.0036,464,226
T-Default-1x,6071,21.404,3.31,3.29,0.0033,464,226
T-Default-1x,6072,21.407,3.28,3.29,0.0033,464,226
T-Default-1x,6073,21.410,3.45,3.41,0.0034,464,226
T-Default-1x,6074,21.414,3.77,3.80,0.0038,464,226
T-Default-1x,6075,21.418,3.85,3.81,0.0038,464,226
T-Default-1x,6076,21.422,3.96,3.99,0.0040,464,226
T-Default-1x,6077,21.426,3.68,3.69,0.0037,464,226
T-Default-1x,6078,21.429,3.53,3.50,0.0035,464,226
T-Default-1x,6079,21.433,3.71,3.70,0.0037,464,226
T-Default-1x,6080,21.437,3.79,3.79,0.0038,464,226
T-Default-1x,6081,21.440,3.63,3.60,0.0036,464,226
T-Default-1x,6082,21.444,3.36,3.41,0.0034,464,226
T-Default-1x,6083,21.447,3.06,3.08,0.0031,464,226
T-Default-1x,6084,21.450,3.32,3.30,0.0033,464,226
T-Default-1x,6085,21.453,3.34,3.30,0.0033,464,226
T-Default-1x,6086,21.457,3.82,3.81,0.0038,464,226
T-Default-1x,6087,21.461,3.70,3.70,0.0037,464,226
T-Default-1x,6088,21.464,3.53,3.58,0.0035,464,226
T-Default-1x,6089,21.468,3.52,3.50,0.0035,464,226
T-Default-1x,6090,21.471,3.39,3.39,0.0034,464,226
T-Default-1x,6091,21.475,3.52,3.51,0.0035,464,226
T-Default-1x,6092,21.478,3.30,3.30,0.0033,464,226
T-Default-1x,6093,21.481,3.21,3.20,0.0032,464,226
T-Default-1x,6094,21.485,3.71,3.70,0.0037,464,226
T-Default-1x,6095,21.488,3.39,3.39,0.0034,464,226
T-Default-1x,6096,21.492,3.80,3.81,0.0038,464,226
T-Default-1x,6097,21.496,3.39,3.39,0.0034,464,226
T-Default-1x,6098,21.499,3.54,3.51,0.0035,464,226
T-Default-1x,6099,21.503,3.80,3.80,0.0038,464,226
T-Default-1x,6100,21.506,3.57,3.59,0.0036,464,226
T-Default-1x,6101,21.510,3.42,3.40,0.0034,464,226
T-Default-1x,6102,21.513,3.28,3.29,0.0033,464,226
T-Default-1x,6103,21.517,3.60,3.61,0.0036,464,226
T-Default-1x,6104,21.520,3.17,3.18,0.0032,464,226
T-Default-1x,6105,21.523,3.22,3.20,0.0032,464,226
T-Default-1x,6106,21.527,3.38,3.40,0.0034,464,226
T-Default-1x,6107,21.530,3.10,3.10,0.0031,464,226
T-Default-1x,6108,21.533,3.65,3.62,0.0037,464,226
T-Default-1x,6109,21.537,3.36,3.38,0.0034,464,226
T-Default-1x,6110,21.540,3.43,3.41,0.0034,464,226
T-Default-1x,6111,21.544,3.53,3.50,0.0035,464,226
T-Default-1x,6112,21.547,3.42,3.48,0.0034,464,226
T-Default-1x,6113,21.550,3.23,3.21,0.0032,464,226
T-Default-1x,6114,21.554,3.31,3.31,0.0033,464,226
T-Default-1x,6115,21.557,3.30,3.29,0.0033,464,226
T-Default-1x,6116,21.561,3.64,3.60,0.0036,464,226
T-Default-1x,6117,21.564,3.27,3.30,0.0033,464,226
T-Default-1x,6118,21.567,3.47,3.49,0.0035,516,226
T-Default-1x,6119,21.571,3.23,3.20,0.0032,464,226
T-Default-1x,6120,21.574,3.49,3.51,0.0035,464,226
T-Default-1x,6121,21.577,3.10,3.09,0.0031,464,226
T-Default-1x,6122,21.580,3.18,3.20,0.0032,464,226
T-Default-1x,6123,21.584,3.31,3.30,0.0033,464,226
T-Default-1x,6124,21.587,3.51,3.50,0.0035,464,226
T-Default-1x,6125,21.591,3.63,3.60,0.0036,464,226
T-Default-1x,6126,21.594,3.37,3.40,0.0034,464,226
T-Default-1x,6127,21.597,3.08,3.10,0.0031,464,226
T-Default-1x,6128,21.600,3.30,3.29,0.0033,464,226
T-Default-1x,6129,21.604,3.41,3.40,0.0034,464,226
T-Default-1x,6130,21.607,3.40,3.41,0.0034,464,226
T-Default-1x,6131,21.611,3.32,3.29,0.0033,464,226
T-Default-1x,6132,21.614,3.05,3.10,0.0030,464,226
T-Default-1x,6133,21.617,3.31,3.29,0.0033,464,226
T-Default-1x,6134,21.621,3.66,3.61,0.0037,464,226
T-Default-1x,6135,21.624,3.76,3.79,0.0038,464,226
T-Default-1x,6136,21.628,3.54,3.50,0.0035,464,226
T-Default-1x,6137,21.631,3.24,3.29,0.0032,464,226
T-Default-1x,6138,21.635,3.42,3.41,0.0034,464,226
T-Default-1x,6139,21.638,3.33,3.30,0.0033,464,226
T-Default-1x,6140,21.641,3.46,3.49,0.0035,464,226
T-Default-1x,6141,21.644,3.09,3.10,0.0031,464,226
T-Default-1x,6142,21.648,3.21,3.20,0.0032,464,226
T-Default-1x,6143,21.651,3.41,3.41,0.0034,464,226
T-Default-1x,6144,21.655,3.51,3.49,0.0035,464,226
T-Default-1x,6145,21.658,3.38,3.41,0.0034,464,226
T-Default-1x,6146,21.661,3.34,3.29,0.0033,464,226
T-Default-1x,6147,21.664,3.10,3.10,0.0031,464,226
T-Default-1x,6148,21.668,3.40,3.40,0.0034,464,226
T-Default-1x,6149,21.672,3.77,3.79,0.0038,464,226
T-Default-1x,6150,21.676,4.17,4.11,0.0042,464,226
T-Default-1x,6151,21.680,3.82,3.87,0.0038,464,226
T-Default-1x,6152,21.683,3.83,3.80,0.0038,464,226
T-Default-1x,6153,21.687,3.59,3.59,0.0036,464,226
T-Default-1x,6154,21.690,3.41,3.41,0.0034,464,226
T-Default-1x,6155,21.694,3.38,3.38,0.0034,464,226
T-Default-1x,6156,21.697,3.60,3.61,0.0036,464,226
T-Default-1x,6157,21.701,3.62,3.60,0.0036,464,226
T-Default-1x,6158,21.705,3.93,3.91,0.0039,464,226
T-Default-1x,6159,21.709,3.74,3.77,0.0037,464,226
T-Default-1x,6160,21.712,3.61,3.59,0.0036,464,226
T-Default-1x,6161,21.716,3.47,3.50,0.0035,464,226
T-Default-1x,6162,21.719,3.73,3.71,0.0037,464,226
T-Default-1x,6163,21.723,3.83,3.80,0.0038,464,226
T-Default-1x,6164,21.727,4.00,4.00,0.0040,464,226
T-Default-1x,6165,21.732,4.18,4.19,0.0042,464,226
T-Default-1x,6166,21.735,3.80,3.79,0.0038,464,226
T-Default-1x,6167,21.739,3.60,3.60,0.0036,464,226
T-Default-1x,6168,21.743,3.66,3.69,0.0037,464,226
T-Default-1x,6169,21.746,3.40,3.39,0.0034,464,226
T-Default-1x,6170,21.750,3.61,3.60,0.0036,464,226
T-Default-1x,6171,21.753,3.73,3.71,0.0037,464,226
T-Default-1x,6172,21.757,3.41,3.40,0.0034,464,226
T-Default-1x,6173,21.760,3.47,3.49,0.0035,464,226
T-Default-1x,6174,21.764,3.74,3.71,0.0037,464,226
T-Default-1x,6175,21.768,3.76,3.79,0.0038,516,226
T-Default-1x,6176,21.771,3.52,3.50,0.0035,464,226
T-Default-1x,6177,21.775,3.56,3.59,0.0036,464,226
T-Default-1x,6178,21.778,3.21,3.20,0.0032,464,226
T-Default-1x,6179,21.781,3.17,3.19,0.0032,464,226
T-Default-1x,6180,21.785,3.54,3.51,0.0035,464,226
T-Default-1x,6181,21.788,3.49,3.49,0.0035,464,226
T-Default-1x,6182,21.792,3.71,3.69,0.0037,464,226
T-Default-1x,6183,21.795,3.58,3.59,0.0036,464,226
T-Default-1x,6184,21.799,3.52,3.50,0.0035,464,226
T-Default-1x,6185,21.802,3.40,3.40,0.0034,464,226
T-Default-1x,6186,21.806,3.47,3.49,0.0035,464,226
T-Default-1x,6187,21.809,3.59,3.59,0.0036,464,226
T-Default-1x,6188,21.813,3.42,3.40,0.0034,464,226
T-Default-1x,6189,21.816,3.39,3.39,0.0034,464,226
T-Default-1x,6190,21.819,3.18,3.20,0.0032,464,226
T-Default-1x,6191,21.823,3.25,3.21,0.0032,464,226
T-Default-1x,6192,21.826,3.48,3.49,0.0035,464,226
T-Default-1x,6193,21.829,3.28,3.29,0.0033,464,226
T-Default-1x,6194,21.833,3.52,3.50,0.0035,464,226
T-Default-1x,6195,21.836,3.50,3.49,0.0035,464,226
T-Default-1x,6196,21.840,3.29,3.30,0.0033,464,226
T-Default-1x,6197,21.843,3.41,3.41,0.0034,464,226
T-Default-1x,6198,21.847,3.40,3.39,0.0034,464,226
T-Default-1x,6199,21.850,3.38,3.40,0.0034,464,226
T-Default-1x,6200,21.853,3.11,3.11,0.0031,464,226
T-Default-1x,6201,21.856,3.32,3.30,0.0033,464,226
T-Default-1x,6202,21.860,3.60,3.61,0.0036,464,226
T-Default-1x,6203,21.863,3.39,3.40,0.0034,464,226
T-Default-1x,6204,21.867,3.61,3.59,0.0036,464,226
T-Default-1x,6205,21.870,3.26,3.28,0.0033,464,226
T-Default-1x,6206,21.874,3.45,3.42,0.0034,464,226
T-Default-1x,6207,21.877,3.52,3.50,0.0035,464,226
T-Default-1x,6208,21.881,3.34,3.39,0.0033,464,226
T-Default-1x,6209,21.884,3.42,3.41,0.0034,464,226
T-Default-1x,6210,21.887,3.20,3.19,0.0032,464,226
T-Default-1x,6211,21.890,3.31,3.30,0.0033,464,226
T-Default-1x,6212,21.894,3.18,3.19,0.0032,464,226
T-Default-1x,6213,21.897,3.11,3.11,0.0031,464,226
T-Default-1x,6214,21.900,3.38,3.39,0.0034,464,226
T-Default-1x,6215,21.903,3.20,3.19,0.0032,464,226
T-Default-1x,6216,21.907,3.54,3.52,0.0035,464,226
T-Default-1x,6217,21.910,3.38,3.38,0.0034,464,226
T-Default-1x,6218,21.914,3.48,3.51,0.0035,464,226
T-Default-1x,6219,21.917,3.54,3.50,0.0035,464,226
T-Default-1x,6220,21.921,3.47,3.50,0.0035,464,226
T-Default-1x,6221,21.924,3.38,3.39,0.0034,464,226
T-Default-1x,6222,21.927,3.30,3.30,0.0033,464,226
T-Default-1x,6223,21.931,3.12,3.12,0.0031,464,226
T-Default-1x,6224,21.934,3.28,3.27,0.0033,464,226
T-Default-1x,6225,21.938,3.67,3.62,0.0037,464,226
T-Default-1x,6226,21.941,3.74,3.78,0.0037,464,226
T-Default-1x,6227,21.945,3.39,3.39,0.0034,464,226
T-Default-1x,6228,21.948,3.61,3.60,0.0036,464,226
T-Default-1x,6229,21.952,3.69,3.70,0.0037,464,226
T-Default-1x,6230,21.956,3.67,3.61,0.0037,464,226
T-Default-1x,6231,21.959,3.73,3.77,0.0037,464,226
T-Default-1x,6232,21.963,3.61,3.61,0.0036,464,226
T-Default-1x,6233,21.967,3.60,3.60,0.0036,464,226
T-Default-1x,6234,21.970,3.52,3.51,0.0035,516,226
T-Default-1x,6235,21.974,3.70,3.70,0.0037,464,226
T-Default-1x,6236,21.977,3.46,3.40,0.0035,464,226
T-Default-1x,6237,21.981,3.60,3.68,0.0036,464,226
T-Default-1x,6238,21.984,3.53,3.50,0.0035,464,226
T-Default-1x,6239,21.988,3.51,3.49,0.0035,464,226
T-Default-1x,6240,21.992,3.79,3.81,0.0038,464,226
T-Default-1x,6241,21.995,3.51,3.49,0.0035,464,226
T-Default-1x,6242,21.999,3.51,3.50,0.0035,464,226
T-Default-1x,6243,22.002,3.61,3.60,0.0036,464,226
T-Default-1x,6244,22.006,4.02,3.80,0.0040,464,226
T-Default-1x,6245,22.010,3.68,3.90,0.0037,464,226
T-Default-1x,6246,22.013,3.46,3.49,0.0035,464,226
T-Default-1x,6247,22.017,3.75,3.71,0.0037,464,226
T-Default-1x,6248,22.021,3.48,3.48,0.0035,464,226
T-Default-1x,6249,22.024,3.68,3.70,0.0037,464,226
T-Default-1x,6250,22.028,3.29,3.29,0.0033,464,226
T-Default-1x,6251,22.031,3.20,3.20,0.0032,464,226
T-Default-1x,6252,22.034,3.54,3.50,0.0035,464,226
T-Default-1x,6253,22.038,3.69,3.70,0.0037,464,226
T-Default-1x,6254,22.042,3.49,3.50,0.0035,464,226
T-Default-1x,6255,22.045,3.73,3.70,0.0037,464,226
T-Default-1x,6256,22.049,3.59,3.59,0.0036,464,226
T-Default-1x,6257,22.052,3.39,3.41,0.0034,464,226
T-Default-1x,6258,22.055,3.06,3.09,0.0031,464,226
T-Default-1x,6259,22.059,3.31,3.30,0.0033,464,226
T-Default-1x,6260,22.062,3.56,3.52,0.0036,464,226
T-Default-1x,6261,22.066,3.36,3.38,0.0034,464,226
T-Default-1x,6262,22.069,3.51,3.51,0.0035,464,226
T-Default-1x,6263,22.073,3.64,3.59,0.0036,464,226
T-Default-1x,6264,22.076,3.45,3.49,0.0035,464,226
T-Default-1x,6265,22.080,3.53,3.51,0.0035,464,226
T-Default-1x,6266,22.083,3.57,3.59,0.0036,464,226
T-Default-1x,6267,22.087,3.65,3.62,0.0037,464,226
T-Default-1x,6268,22.091,3.56,3.58,0.0036,464,226
T-Default-1x,6269,22.094,3.42,3.40,0.0034,464,226
T-Default-1x,6270,22.097,3.13,3.18,0.0031,464,226
T-Default-1x,6271,22.100,3.43,3.41,0.0034,464,226
T-Default-1x,6272,22.104,3.42,3.40,0.0034,464,226
T-Default-1x,6273,22.107,3.50,3.50,0.0035,464,226
T-Default-1x,6274,22.111,3.59,3.59,0.0036,464,226
T-Default-1x,6275,22.114,3.28,3.30,0.0033,464,226
T-Default-1x,6276,22.118,3.54,3.51,0.0035,464,226
T-Default-1x,6277,22.121,3.37,3.39,0.0034,464,226
T-Default-1x,6278,22.125,3.45,3.41,0.0035,464,226
T-Default-1x,6279,22.128,3.17,3.19,0.0032,464,226
T-Default-1x,6280,22.131,3.08,3.09,0.0031,464,226
T-Default-1x,6281,22.134,3.42,3.40,0.0034,464,226
T-Default-1x,6282,22.138,3.32,3.30,0.0033,464,226
T-Default-1x,6283,22.141,3.48,3.49,0.0035,464,226
T-Default-1x,6284,22.145,3.62,3.60,0.0036,464,226
T-Default-1x,6285,22.149,3.81,3.80,0.0038,464,226
T-Default-1x,6286,22.152,3.38,3.38,0.0034,464,226
T-Default-1x,6287,22.155,3.38,3.40,0.0034,464,226
T-Default-1x,6288,22.159,3.41,3.41,0.0034,464,226
T-Default-1x,6289,22.162,3.74,3.70,0.0037,464,226
T-Default-1x,6290,22.166,3.46,3.49,0.0035,464,226
T-Default-1x,6291,22.169,3.30,3.30,0.0033,464,226
T-Default-1x,6292,22.172,3.08,3.10,0.0031,516,226
T-Default-1x,6293,22.176,3.65,3.61,0.0036,464,226
T-Default-1x,6294,22.179,3.28,3.30,0.0033,464,226
T-Default-1x,6295,22.183,3.47,3.49,0.0035,464,226
T-Default-1x,6296,22.186,3.32,3.30,0.0033,464,226
T-Default-1x,6297,22.189,3.21,3.20,0.0032,464,226
T-Default-1x,6298,22.193,3.39,3.41,0.0034,464,226
T-Default-1x,6299,22.196,3.31,3.29,0.0033,464,226
T-Default-1x,6300,22.199,3.49,3.49,0.0035,464,226
T-Default-1x,6301,22.203,3.50,3.50,0.0035,464,226
T-Default-1x,6302,22.206,3.30,3.30,0.0033,464,226
T-Default-1x,6303,22.210,3.39,3.39,0.0034,464,226
T-Default-1x,6304,22.213,3.20,3.19,0.0032,464,226
T-Default-1x,6305,22.216,3.49,3.50,0.0035,464,226
T-Default-1x,6306,22.219,3.18,3.19,0.0032,464,226
T-Default-1x,6307,22.223,3.15,3.11,0.0031,464,226
T-Default-1x,6308,22.226,3.39,3.40,0.0034,464,226
T-Default-1x,6309,22.229,3.22,3.21,0.0032,464,226
T-Default-1x,6310,22.233,3.49,3.49,0.0035,464,226
T-Default-1x,6311,22.236,3.29,3.29,0.0033,464,226
T-Default-1x,6312,22.239,3.06,3.10,0.0031,464,226
T-Default-1x,6313,22.242,3.32,3.31,0.0033,464,226
T-Default-1x,6314,22.246,3.32,3.30,0.0033,464,226
T-Default-1x,6315,22.249,3.51,3.50,0.0035,464,226
T-Default-1x,6316,22.253,3.38,3.39,0.0034,464,226
T-Default-1x,6317,22.256,3.27,3.29,0.0033,464,226
T-Default-1x,6318,22.259,3.44,3.40,0.0034,464,226
T-Default-1x,6319,22.263,3.50,3.51,0.0035,464,226
T-Default-1x,6320,22.266,3.50,3.49,0.0035,464,226
T-Default-1x,6321,22.269,3.18,3.20,0.0032,464,226
T-Default-1x,6322,22.272,3.04,3.01,0.0030,464,226
T-Default-1x,6323,22.276,3.44,3.40,0.0034,464,226
T-Default-1x,6324,22.280,3.67,3.69,0.0037,464,226
T-Default-1x,6325,22.283,3.38,3.39,0.0034,464,226
T-Default-1x,6326,22.286,3.31,3.31,0.0033,464,226
T-Default-1x,6327,22.289,3.06,3.08,0.0031,464,226
T-Default-1x,6328,22.293,3.20,3.20,0.0032,464,226
T-Default-1x,6329,22.296,3.20,3.20,0.0032,464,226
T-Default-1x,6330,22.299,3.32,3.30,0.0033,464,226
T-Default-1x,6331,22.302,3.22,3.19,0.0032,464,226
T-Default-1x,6332,22.305,2.95,3.00,0.0030,464,226
T-Default-1x,6333,22.308,3.23,3.20,0.0032,464,226
T-Default-1x,6334,22.312,3.20,3.21,0.0032,464,226
T-Default-1x,6335,22.315,3.30,3.29,0.0033,464,226
T-Default-1x,6336,22.318,3.30,3.30,0.0033,464,226
T-Default-1x,6337,22.321,3.19,3.20,0.0032,464,226
T-Default-1x,6338,22.325,3.39,3.39,0.0034,464,226
T-Default-1x,6339,22.328,3.01,3.01,0.0030,464,226
T-Default-1x,6340,22.331,3.01,2.99,0.0030,464,226
T-Default-1x,6341,22.334,3.30,3.30,0.0033,464,226
T-Default-1x,6342,22.337,3.20,3.20,0.0032,464,226
T-Default-1x,6343,22.341,3.30,3.30,0.0033,464,226
T-Default-1x,6344,22.344,3.21,3.20,0.0032,464,226
T-Default-1x,6345,22.347,2.86,2.89,0.0029,464,226
T-Default-1x,6346,22.350,3.42,3.41,0.0034,464,226
T-Default-1x,6347,22.353,3.12,3.09,0.0031,464,226
T-Default-1x,6348,22.357,3.31,3.31,0.0033,464,226
T-Default-1x,6349,22.360,3.17,3.19,0.0032,464,226
T-Default-1x,6350,22.363,3.11,3.10,0.0031,464,226
T-Default-1x,6351,22.366,3.31,3.30,0.0033,464,226
T-Default-1x,6352,22.369,3.09,3.09,0.0031,464,226
T-Default-1x,6353,22.372,2.98,2.99,0.0030,516,226
T-Default-1x,6354,22.376,3.33,3.31,0.0033,464,226
T-Default-1x,6355,22.379,3.21,3.20,0.0032,464,226
T-Default-1x,6356,22.382,3.37,3.32,0.0034,464,226
T-Default-1x,6357,22.385,3.10,3.17,0.0031,464,226
T-Default-1x,6358,22.388,2.88,2.89,0.0029,464,226
T-Default-1x,6359,22.391,3.33,3.30,0.0033,464,226
T-Default-1x,6360,22.395,3.42,3.40,0.0034,464,226
T-Default-1x,6361,22.398,3.08,3.10,0.0031,464,226
T-Default-1x,6362,22.401,3.29,3.30,0.0033,464,226
T-Default-1x,6363,22.404,3.01,2.99,0.0030,464,226
T-Default-1x,6364,22.408,3.30,3.31,0.0033,464,226
T-Default-1x,6365,22.410,2.89,2.89,0.0029,464,226
T-Default-1x,6366,22.413,2.99,3.00,0.0030,464,226
T-Default-1x,6367,22.417,3.33,3.31,0.0033,464,226
T-Default-1x,6368,22.420,3.19,3.18,0.0032,464,226
T-Default-1x,6369,22.423,3.22,3.22,0.0032,464,226
T-Default-1x,6370,22.426,3.21,3.20,0.0032,464,226
T-Default-1x,6371,22.429,2.97,2.99,0.0030,464,226
T-Default-1x,6372,22.433,3.36,3.31,0.0034,464,226
T-Default-1x,6373,22.436,3.37,3.39,0.0034,464,226
T-Default-1x,6374,22.439,3.28,3.30,0.0033,464,226
T-Default-1x,6375,22.443,3.28,3.29,0.0033,464,226
T-Default-1x,6376,22.446,3.11,3.10,0.0031,464,226
T-Default-1x,6377,22.449,3.42,3.40,0.0034,464,226
T-Default-1x,6378,22.452,3.11,3.10,0.0031,464,226
T-Default-1x,6379,22.455,3.16,3.19,0.0032,464,226
T-Default-1x,6380,22.459,3.31,3.31,0.0033,464,226
T-Default-1x,6381,22.462,2.99,2.98,0.0030,752,226
T-Default-1x,6382,22.465,3.12,3.11,0.0031,464,226
T-Default-1x,6383,22.468,3.09,3.10,0.0031,464,226
T-Default-1x,6384,22.471,2.99,3.00,0.0030,464,226
T-Default-1x,6385,22.474,3.20,3.19,0.0032,464,226
T-Default-1x,6386,22.477,3.02,3.01,0.0030,464,226
T-Default-1x,6387,22.480,2.86,2.89,0.0029,464,226
T-Default-1x,6388,22.483,3.33,3.30,0.0033,464,226
T-Default-1x,6389,22.487,3.23,3.20,0.0032,464,226
T-Default-1x,6390,22.490,3.28,3.30,0.0033,464,226
T-Default-1x,6391,22.493,3.19,3.20,0.0032,464,226
T-Default-1x,6392,22.496,3.00,3.00,0.0030,464,226
T-Default-1x,6393,22.499,3.30,3.30,0.0033,464,226
T-Default-1x,6394,22.502,3.09,3.09,0.0031,464,226
T-Default-1x,6395,22.506,3.19,3.21,0.0032,464,226
T-Default-1x,6396,22.509,3.10,3.10,0.0031,464,226
T-Default-1x,6397,22.512,3.24,3.20,0.0032,464,226
T-Default-1x,6398,22.515,3.29,3.30,0.0033,464,226
T-Default-1x,6399,22.518,3.10,3.11,0.0031,464,226
T-Default-1x,6400,22.521,2.98,2.98,0.0030,464,226
T-Default-1x,6401,22.525,3.21,3.21,0.0032,464,226
T-Default-1x,6402,22.528,2.99,2.99,0.0030,464,226
T-Default-1x,6403,22.530,2.90,2.90,0.0029,464,226
T-Default-1x,6404,22.534,3.12,3.10,0.0031,464,226
T-Default-1x,6405,22.537,3.02,3.00,0.0030,464,226
T-Default-1x,6406,22.540,3.19,3.20,0.0032,464,226
T-Default-1x,6407,22.543,3.20,3.19,0.0032,464,226
T-Default-1x,6408,22.546,3.19,3.19,0.0032,464,226
T-Default-1x,6409,22.549,3.29,3.30,0.0033,464,226
T-Default-1x,6410,22.552,2.99,2.99,0.0030,464,226
T-Default-1x,6411,22.555,2.91,2.91,0.0029,464,226
T-Default-1x,6412,22.559,3.30,3.29,0.0033,464,226
T-Default-1x,6413,22.562,3.11,3.10,0.0031,464,226
T-Default-1x,6414,22.565,3.52,3.50,0.0035,464,226
T-Default-1x,6415,22.569,3.49,3.52,0.0035,464,226
T-Default-1x,6416,22.572,2.99,2.96,0.0030,464,226
T-Default-1x,6417,22.575,3.27,3.30,0.0033,516,226
T-Default-1x,6418,22.578,2.82,2.80,0.0028,464,226
T-Default-1x,6419,22.581,3.01,3.01,0.0030,464,226
T-Default-1x,6420,22.584,3.19,3.20,0.0032,464,226
T-Default-1x,6421,22.587,2.87,2.88,0.0029,464,226
T-Default-1x,6422,22.590,3.16,3.12,0.0032,464,226
T-Default-1x,6423,22.593,3.08,3.10,0.0031,464,226
T-Default-1x,6424,22.596,2.97,2.99,0.0030,464,226
T-Default-1x,6425,22.599,3.21,3.20,0.0032,464,226
T-Default-1x,6426,22.602,2.99,3.00,0.0030,464,226
T-Default-1x,6427,22.605,2.89,2.90,0.0029,464,226
T-Default-1x,6428,22.608,3.10,3.10,0.0031,464,226
T-Default-1x,6429,22.611,3.10,3.10,0.0031,464,226
T-Default-1x,6430,22.615,3.13,3.11,0.0031,464,226
T-Default-1x,6431,22.618,3.18,3.19,0.0032,464,226
T-Default-1x,6432,22.621,3.02,3.00,0.0030,464,226
T-Default-1x,6433,22.624,3.29,3.29,0.0033,464,226
T-Default-1x,6434,22.627,3.04,3.00,0.0030,464,226
T-Default-1x,6435,22.631,3.60,3.60,0.0036,464,226
T-Default-1x,6436,22.634,3.36,3.39,0.0034,464,226
T-Default-1x,6437,22.637,3.25,3.21,0.0032,464,226
T-Default-1x,6438,22.641,3.27,3.29,0.0033,464,226
T-Default-1x,6439,22.644,3.28,3.30,0.0033,464,226
T-Default-1x,6440,22.647,3.18,3.19,0.0032,464,226
T-Default-1x,6441,22.650,3.32,3.32,0.0033,464,226
T-Default-1x,6442,22.653,2.99,2.99,0.0030,464,226
T-Default-1x,6443,22.657,3.25,3.22,0.0032,464,226
T-Default-1x,6444,22.660,3.16,3.18,0.0032,464,226
T-Default-1x,6445,22.663,3.01,3.00,0.0030,464,226
T-Default-1x,6446,22.666,3.40,3.41,0.0034,464,226
T-Default-1x,6447,22.669,2.98,2.98,0.0030,464,226
T-Default-1x,6448,22.672,2.91,2.90,0.0029,464,226
T-Default-1x,6449,22.675,3.19,3.19,0.0032,464,226
T-Default-1x,6450,22.678,2.94,2.90,0.0029,464,226
T-Default-1x,6451,22.681,3.19,3.21,0.0032,464,226
T-Default-1x,6452,22.684,3.07,3.09,0.0031,464,226
T-Default-1x,6453,22.687,2.96,2.92,0.0030,464,226
T-Default-1x,6454,22.691,3.16,3.19,0.0032,464,226
T-Default-1x,6455,22.694,2.99,2.99,0.0030,464,226
T-Default-1x,6456,22.697,3.09,3.10,0.0031,464,226
T-Default-1x,6457,22.700,3.52,3.51,0.0035,464,226
T-Default-1x,6458,22.703,3.11,3.09,0.0031,464,226
T-Default-1x,6459,22.707,3.31,3.30,0.0033,464,226
T-Default-1x,6460,22.710,3.08,3.10,0.0031,464,226
T-Default-1x,6461,22.713,3.21,3.20,0.0032,464,226
T-Default-1x,6462,22.716,3.19,3.20,0.0032,464,226
T-Default-1x,6463,22.719,2.99,3.00,0.0030,464,226
T-Default-1x,6464,22.722,2.89,2.90,0.0029,464,226
T-Default-1x,6465,22.725,3.31,3.30,0.0033,464,226
T-Default-1x,6466,22.728,2.99,2.99,0.0030,464,226
T-Default-1x,6467,22.731,3.13,3.11,0.0031,464,226
T-Default-1x,6468,22.734,3.08,3.10,0.0031,464,226
T-Default-1x,6469,22.737,2.93,2.90,0.0029,464,226
T-Default-1x,6470,22.741,3.41,3.40,0.0034,464,226
T-Default-1x,6471,22.744,3.10,3.09,0.0031,464,226
T-Default-1x,6472,22.747,3.41,3.40,0.0034,464,226
T-Default-1x,6473,22.751,3.40,3.40,0.0034,464,226
T-Default-1x,6474,22.754,3.42,3.40,0.0034,464,226
T-Default-1x,6475,22.758,3.48,3.49,0.0035,464,226
T-Default-1x,6476,22.761,3.07,3.09,0.0031,464,226
T-Default-1x,6477,22.764,3.13,3.11,0.0031,464,226
T-Default-1x,6478,22.767,3.38,3.40,0.0034,464,226
T-Default-1x,6479,22.770,2.98,2.99,0.0030,464,226
T-Default-1x,6480,22.773,3.33,3.30,0.0033,464,226
T-Default-1x,6481,22.777,3.19,3.19,0.0032,516,226
T-Default-1x,6482,22.780,3.10,3.10,0.0031,464,226
T-Default-1x,6483,22.783,3.28,3.29,0.0033,464,226
T-Default-1x,6484,22.786,2.99,3.00,0.0030,464,226
T-Default-1x,6485,22.789,3.00,2.99,0.0030,464,226
T-Default-1x,6486,22.792,3.22,3.21,0.0032,464,226
T-Default-1x,6487,22.795,3.10,3.10,0.0031,464,226
T-Default-1x,6488,22.798,3.10,3.10,0.0031,464,226
T-Default-1x,6489,22.802,3.33,3.30,0.0033,464,226
T-Default-1x,6490,22.805,3.08,3.10,0.0031,464,226
T-Default-1x,6491,22.808,3.40,3.40,0.0034,464,226
T-Default-1x,6492,22.811,3.11,3.10,0.0031,464,226
T-Default-1x,6493,22.814,3.07,3.10,0.0031,464,226
T-Default-1x,6494,22.817,3.00,3.00,0.0030,464,226
T-Default-1x,6495,22.820,2.88,2.89,0.0029,464,226
T-Default-1x,6496,22.824,3.27,3.21,0.0033,464,226
T-Default-1x,6497,22.827,3.04,3.09,0.0030,464,226
T-Default-1x,6498,22.830,3.14,3.11,0.0031,464,226
T-Default-1x,6499,22.833,3.38,3.41,0.0034,464,226
T-Default-1x,6500,22.836,3.00,2.99,0.0030,464,226
T-Default-1x,6501,22.839,2.99,2.99,0.0030,464,226
T-Default-1x,6502,22.842,3.23,3.20,0.0032,464,226
T-Default-1x,6503,22.846,3.21,3.20,0.0032,464,226
T-Default-1x,6504,22.849,3.21,3.20,0.0032,464,226
T-Default-1x,6505,22.852,3.06,3.09,0.0031,464,226
T-Default-1x,6506,22.855,2.94,2.92,0.0029,464,226
T-Default-1x,6507,22.858,3.28,3.28,0.0033,464,226
T-Default-1x,6508,22.861,3.09,3.09,0.0031,464,226
T-Default-1x,6509,22.865,3.51,3.50,0.0035,464,226
T-Default-1x,6510,22.868,3.30,3.30,0.0033,464,226
T-Default-1x,6511,22.871,3.19,3.20,0.0032,464,226
T-Default-1x,6512,22.875,3.74,3.71,0.0037,464,226
T-Default-1x,6513,22.878,3.17,3.18,0.0032,464,226
T-Default-1x,6514,22.881,3.35,3.33,0.0033,464,226
T-Default-1x,6515,22.885,3.28,3.28,0.0033,464,226
T-Default-1x,6516,22.888,3.18,3.20,0.0032,464,226
T-Default-1x,6517,22.891,3.49,3.49,0.0035,464,226
T-Default-1x,6518,22.895,3.21,3.20,0.0032,464,226
T-Default-1x,6519,22.898,3.11,3.11,0.0031,464,226
T-Default-1x,6520,22.901,3.29,3.30,0.0033,464,226
T-Default-1x,6521,22.904,3.22,3.20,0.0032,464,226
T-Default-1x,6522,22.908,3.38,3.40,0.0034,464,226
T-Default-1x,6523,22.911,3.10,3.10,0.0031,464,226
T-Default-1x,6524,22.914,3.10,3.10,0.0031,464,226
T-Default-1x,6525,22.917,3.20,3.19,0.0032,464,226
T-Default-1x,6526,22.920,2.88,2.89,0.0029,464,226
T-Default-1x,6527,22.923,3.04,3.00,0.0030,464,226
T-Default-1x,6528,22.926,3.18,3.20,0.0032,464,226
T-Default-1x,6529,22.929,2.89,2.90,0.0029,464,226
T-Default-1x,6530,22.932,3.17,3.14,0.0032,464,226
T-Default-1x,6531,22.935,3.13,3.16,0.0031,464,226
T-Default-1x,6532,22.938,3.09,3.10,0.0031,464,226
T-Default-1x,6533,22.942,3.51,3.51,0.0035,464,226
T-Default-1x,6534,22.945,2.90,2.88,0.0029,464,226
T-Default-1x,6535,22.948,3.03,3.01,0.0030,464,226
T-Default-1x,6536,22.951,3.07,3.09,0.0031,464,226
T-Default-1x,6537,22.954,3.10,3.10,0.0031,464,226
T-Default-1x,6538,22.957,3.32,3.30,0.0033,464,226
T-Default-1x,6539,22.960,2.88,2.89,0.0029,464,226
T-Default-1x,6540,22.963,2.92,2.91,0.0029,464,226
T-Default-1x,6541,22.966,3.39,3.39,0.0034,464,226
T-Default-1x,6542,22.969,2.87,2.90,0.0029,464,226
T-Default-1x,6543,22.972,2.81,2.80,0.0028,464,226
T-Default-1x,6544,22.975,3.10,3.10,0.0031,464,226
T-Default-1x,6545,22.978,3.10,3.10,0.0031,516,226
T-Default-1x,6546,22.982,3.26,3.22,0.0033,464,226
T-Default-1x,6547,22.985,3.25,3.28,0.0033,464,226
T-Default-1x,6548,22.988,3.47,3.42,0.0035,464,226
T-Default-1x,6549,22.992,3.64,3.68,0.0036,464,226
T-Default-1x,6550,22.995,3.41,3.40,0.0034,464,226
T-Default-1x,6551,22.999,3.38,3.40,0.0034,464,226
T-Default-1x,6552,23.002,3.21,3.21,0.0032,464,226
T-Default-1x,6553,23.005,2.95,2.98,0.0030,464,226
T-Default-1x,6554,23.008,2.93,2.91,0.0029,464,226
T-Default-1x,6555,23.011,3.11,3.10,0.0031,464,226
T-Default-1x,6556,23.014,3.07,3.09,0.0031,464,226
T-Default-1x,6557,23.017,3.11,3.10,0.0031,464,226
T-Default-1x,6558,23.020,3.10,3.10,0.0031,464,226
T-Default-1x,6559,23.023,3.11,3.10,0.0031,464,226
T-Default-1x,6560,23.026,2.99,3.00,0.0030,464,226
T-Default-1x,6561,23.029,3.01,2.99,0.0030,464,226
T-Default-1x,6562,23.033,3.28,3.30,0.0033,464,226
T-Default-1x,6563,23.036,2.99,2.99,0.0030,464,226
T-Default-1x,6564,23.038,2.79,2.81,0.0028,464,226
T-Default-1x,6565,23.042,3.22,3.18,0.0032,464,226
T-Default-1x,6566,23.045,3.23,3.21,0.0032,464,226
T-Default-1x,6567,23.048,3.22,3.20,0.0032,464,226
T-Default-1x,6568,23.051,3.18,3.19,0.0032,464,226
T-Default-1x,6569,23.054,3.00,3.00,0.0030,464,226
T-Default-1x,6570,23.058,3.30,3.30,0.0033,464,226
T-Default-1x,6571,23.061,2.98,3.00,0.0030,464,226
T-Default-1x,6572,23.063,2.69,2.70,0.0027,464,226
T-Default-1x,6573,23.066,2.91,2.90,0.0029,464,226
T-Default-1x,6574,23.069,2.80,2.80,0.0028,464,226
T-Default-1x,6575,23.072,2.78,2.79,0.0028,464,226
T-Default-1x,6576,23.075,3.11,3.11,0.0031,464,226
T-Default-1x,6577,23.078,2.83,2.80,0.0028,464,226
T-Default-1x,6578,23.081,2.97,2.99,0.0030,464,226
T-Default-1x,6579,23.084,3.11,3.09,0.0031,464,226
T-Default-1x,6580,23.087,3.31,3.30,0.0033,464,226
T-Default-1x,6581,23.091,3.63,3.60,0.0036,464,226
T-Default-1x,6582,23.094,3.29,3.29,0.0033,464,226
T-Default-1x,6583,23.097,3.28,3.30,0.0033,464,226
T-Default-1x,6584,23.101,3.31,3.30,0.0033,464,226
T-Default-1x,6585,23.104,3.08,3.09,0.0031,464,226
T-Default-1x,6586,23.107,3.22,3.21,0.0032,464,226
T-Default-1x,6587,23.110,3.08,3.09,0.0031,464,226
T-Default-1x,6588,23.113,3.44,3.41,0.0034,464,226
T-Default-1x,6589,23.117,3.37,3.39,0.0034,464,226
T-Default-1x,6590,23.120,3.00,3.00,0.0030,464,226
T-Default-1x,6591,23.123,3.03,3.02,0.0030,464,226
T-Default-1x,6592,23.126,3.18,3.18,0.0032,464,226
T-Default-1x,6593,23.129,2.99,2.99,0.0030,464,226
T-Default-1x,6594,23.132,3.23,3.21,0.0032,464,226
T-Default-1x,6595,23.135,3.06,3.08,0.0031,464,226
T-Default-1x,6596,23.138,3.02,3.01,0.0030,464,226
T-Default-1x,6597,23.142,3.51,3.51,0.0035,464,226
T-Default-1x,6598,23.146,3.74,3.70,0.0037,464,226
T-Default-1x,6599,23.149,3.89,3.89,0.0039,464,226
T-Default-1x,6600,23.153,3.80,3.79,0.0038,464,226
T-Default-1x,6601,23.156,3.24,3.29,0.0032,464,226
T-Default-1x,6602,23.160,3.27,3.23,0.0033,464,226
T-Default-1x,6603,23.163,3.24,3.27,0.0032,464,226
T-Default-1x,6604,23.166,3.52,3.51,0.0035,464,226
T-Default-1x,6605,23.170,3.41,3.38,0.0034,464,226
T-Default-1x,6606,23.173,3.44,3.42,0.0034,464,226
T-Default-1x,6607,23.177,3.25,3.28,0.0033,464,226
T-Default-1x,6608,23.180,3.11,3.11,0.0031,516,226
T-Default-1x,6609,23.183,3.36,3.38,0.0034,464,226
T-Default-1x,6610,23.187,3.44,3.42,0.0034,464,226
T-Default-1x,6611,23.190,3.15,3.19,0.0031,464,226
T-Default-1x,6612,23.193,3.13,3.09,0.0031,464,226
T-Default-1x,6613,23.196,3.50,3.49,0.0035,464,226
T-Default-1x,6614,23.200,3.38,3.40,0.0034,464,226
T-Default-1x,6615,23.203,3.21,3.20,0.0032,464,226
T-Default-1x,6616,23.206,3.29,3.30,0.0033,464,226
T-Default-1x,6617,23.210,3.52,3.51,0.0035,464,226
T-Default-1x,6618,23.213,3.28,3.29,0.0033,464,226
T-Default-1x,6619,23.216,3.36,3.33,0.0034,464,226
T-Default-1x,6620,23.220,3.26,3.27,0.0033,464,226
T-Default-1x,6621,23.223,3.63,3.61,0.0036,464,226
T-Default-1x,6622,23.226,3.26,3.29,0.0033,464,226
T-Default-1x,6623,23.230,3.21,3.20,0.0032,464,226
T-Default-1x,6624,23.233,3.71,3.69,0.0037,464,226
T-Default-1x,6625,23.237,3.29,3.31,0.0033,464,226
T-Default-1x,6626,23.240,3.44,3.40,0.0034,464,226
T-Default-1x,6627,23.243,3.25,3.28,0.0032,464,226
T-Default-1x,6628,23.247,3.30,3.29,0.0033,464,226
T-Default-1x,6629,23.250,3.50,3.51,0.0035,464,226
T-Default-1x,6630,23.253,3.20,3.19,0.0032,464,226
T-Default-1x,6631,23.257,3.34,3.31,0.0033,464,226
T-Default-1x,6632,23.260,3.16,3.20,0.0032,464,226
T-Default-1x,6633,23.263,2.98,2.99,0.0030,464,226
T-Default-1x,6634,23.266,3.22,3.20,0.0032,464,226
T-Default-1x,6635,23.269,2.99,3.01,0.0030,464,226
T-Default-1x,6636,23.272,2.88,2.89,0.0029,464,226
T-Default-1x,6637,23.275,3.34,3.31,0.0033,464,226
T-Default-1x,6638,23.278,3.19,3.19,0.0032,464,226
T-Default-1x,6639,23.282,3.21,3.20,0.0032,464,226
T-Default-1x,6640,23.285,3.09,3.10,0.0031,464,226
T-Default-1x,6641,23.288,3.11,3.09,0.0031,464,226
T-Default-1x,6642,23.291,3.29,3.30,0.0033,464,226
T-Default-1x,6643,23.294,2.99,2.99,0.0030,464,226
T-Default-1x,6644,23.297,2.99,2.99,0.0030,464,226
T-Default-1x,6645,23.300,3.21,3.21,0.0032,464,226
T-Default-1x,6646,23.303,2.91,2.89,0.0029,464,226
T-Default-1x,6647,23.307,3.31,3.31,0.0033,464,226
T-Default-1x,6648,23.310,3.09,3.10,0.0031,464,226
T-Default-1x,6649,23.313,3.02,3.01,0.0030,464,226
T-Default-1x,6650,23.316,3.20,3.18,0.0032,464,226
T-Default-1x,6651,23.319,3.08,3.10,0.0031,464,226
T-Default-1x,6652,23.322,2.78,2.79,0.0028,464,226
T-Default-1x,6653,23.325,3.23,3.21,0.0032,464,226
T-Default-1x,6654,23.328,2.98,2.99,0.0030,464,226
T-Default-1x,6655,23.331,3.24,3.21,0.0032,464,226
T-Default-1x,6656,23.335,3.38,3.39,0.0034,464,226
T-Default-1x,6657,23.338,3.61,3.60,0.0036,464,226
T-Default-1x,6658,23.342,3.48,3.50,0.0035,464,226
T-Default-1x,6659,23.345,3.12,3.10,0.0031,464,226
T-Default-1x,6660,23.348,3.06,3.09,0.0031,464,226
T-Default-1x,6661,23.351,3.22,3.21,0.0032,464,226
T-Default-1x,6662,23.354,3.09,3.08,0.0031,464,226
T-Default-1x,6663,23.357,3.22,3.21,0.0032,464,226
T-Default-1x,6664,23.361,3.51,3.50,0.0035,464,226
T-Default-1x,6665,23.364,3.18,3.21,0.0032,464,226
T-Default-1x,6666,23.367,3.29,3.28,0.0033,464,226
T-Default-1x,6667,23.370,3.10,3.10,0.0031,464,226
T-Default-1x,6668,23.374,3.35,3.32,0.0033,464,226
T-Default-1x,6669,23.377,3.08,3.09,0.0031,464,226
T-Default-1x,6670,23.380,2.98,2.99,0.0030,516,226
T-Default-1x,6671,23.383,3.29,3.29,0.0033,464,226
T-Default-1x,6672,23.386,2.89,2.89,0.0029,464,226
T-Default-1x,6673,23.389,3.22,3.21,0.0032,464,226
T-Default-1x,6674,23.392,3.18,3.19,0.0032,464,226
T-Default-1x,6675,23.396,3.23,3.21,0.0032,464,226
T-Default-1x,6676,23.399,3.38,3.39,0.0034,464,226
T-Default-1x,6677,23.402,3.01,3.00,0.0030,464,226
T-Default-1x,6678,23.405,2.97,3.00,0.0030,464,226
T-Default-1x,6679,23.408,3.00,2.99,0.0030,464,226
T-Default-1x,6680,23.411,2.91,2.90,0.0029,464,226
T-Default-1x,6681,23.414,3.00,2.99,0.0030,464,226
T-Default-1x,6682,23.417,3.20,3.21,0.0032,464,226
T-Default-1x,6683,23.420,3.10,3.10,0.0031,464,226
T-Default-1x,6684,23.423,3.13,3.10,0.0031,464,226
T-Default-1x,6685,23.427,3.19,3.20,0.0032,464,226
T-Default-1x,6686,23.430,3.08,3.09,0.0031,464,226
T-Default-1x,6687,23.433,3.41,3.41,0.0034,464,226
T-Default-1x,6688,23.436,2.98,2.99,0.0030,464,226
T-Default-1x,6689,23.439,2.78,2.79,0.0028,464,226
T-Default-1x,6690,23.442,3.14,3.11,0.0031,464,226
T-Default-1x,6691,23.445,3.10,3.10,0.0031,464,226
T-Default-1x,6692,23.448,3.11,3.09,0.0031,464,226
T-Default-1x,6693,23.451,3.08,3.10,0.0031,464,226
T-Default-1x,6694,23.455,3.31,3.30,0.0033,464,226
T-Default-1x,6695,23.458,3.51,3.50,0.0035,464,226
T-Default-1x,6696,23.461,3.20,3.19,0.0032,464,226
T-Default-1x,6697,23.464,2.88,2.90,0.0029,464,226
T-Default-1x,6698,23.467,3.20,3.20,0.0032,464,226
T-Default-1x,6699,23.470,2.98,2.99,0.0030,464,226
T-Default-1x,6700,23.474,3.36,3.32,0.0034,464,226
T-Default-1x,6701,23.477,3.18,3.19,0.0032,464,226
T-Default-1x,6702,23.480,2.98,2.99,0.0030,464,226
T-Default-1x,6703,23.483,3.30,3.29,0.0033,464,226
T-Default-1x,6704,23.486,3.12,3.11,0.0031,464,226
T-Default-1x,6705,23.489,2.87,2.89,0.0029,464,226
T-Default-1x,6706,23.492,3.21,3.20,0.0032,464,226
T-Default-1x,6707,23.495,3.00,2.99,0.0030,464,226
T-Default-1x,6708,23.498,3.13,3.11,0.0031,464,226
T-Default-1x,6709,23.501,2.96,3.00,0.0030,464,226
T-Default-1x,6710,23.504,2.82,2.80,0.0028,464,226
T-Default-1x,6711,23.507,3.20,3.20,0.0032,464,226
T-Default-1x,6712,23.511,3.14,3.09,0.0031,464,226
T-Default-1x,6713,23.514,3.16,3.20,0.0032,464,226
T-Default-1x,6714,23.517,3.20,3.19,0.0032,464,226
T-Default-1x,6715,23.520,3.08,3.10,0.0031,464,226
T-Default-1x,6716,23.523,3.14,3.11,0.0031,464,226
T-Default-1x,6717,23.526,3.11,3.10,0.0031,464,226
T-Default-1x,6718,23.529,2.96,2.99,0.0030,464,226
T-Default-1x,6719,23.532,3.11,3.10,0.0031,464,226
T-Default-1x,6720,23.535,2.79,2.81,0.0028,464,226
T-Default-1x,6721,23.538,2.79,2.79,0.0028,464,226
T-Default-1x,6722,23.541,3.21,3.20,0.0032,464,226
T-Default-1x,6723,23.544,2.93,2.91,0.0029,464,226
T-Default-1x,6724,23.547,2.97,2.98,0.0030,464,226
T-Default-1x,6725,23.550,3.31,3.29,0.0033,464,226
T-Default-1x,6726,23.553,2.99,3.00,0.0030,464,226
T-Default-1x,6727,23.557,3.33,3.32,0.0033,464,226
T-Default-1x,6728,23.560,2.96,2.98,0.0030,464,226
T-Default-1x,6729,23.562,2.82,2.80,0.0028,464,226
T-Default-1x,6730,23.565,3.03,3.00,0.0030,464,226
T-Default-1x,6731,23.568,2.88,2.90,0.0029,464,226
T-Default-1x,6732,23.571,2.87,2.89,0.0029,464,226
T-Default-1x,6733,23.574,3.10,3.09,0.0031,464,226
T-Default-1x,6734,23.577,2.92,2.91,0.0029,464,226
T-Default-1x,6735,23.580,2.89,2.90,0.0029,516,226
T-Default-1x,6736,23.583,3.09,3.09,0.0031,464,226
T-Default-1x,6737,23.586,2.80,2.80,0.0028,464,226
T-Default-1x,6738,23.589,3.12,3.10,0.0031,464,226
T-Default-1x,6739,23.593,3.45,3.41,0.0035,464,226
T-Default-1x,6740,23.596,3.56,3.57,0.0036,464,226
T-Default-1x,6741,23.600,3.80,3.80,0.0038,464,226
T-Default-1x,6742,23.603,3.40,3.41,0.0034,464,226
T-Default-1x,6743,23.607,3.71,3.70,0.0037,464,226
T-Default-1x,6744,23.610,3.25,3.27,0.0032,464,226
T-Default-1x,6745,23.614,3.21,3.22,0.0032,464,226
T-Default-1x,6746,23.617,3.54,3.51,0.0035,464,226
T-Default-1x,6747,23.620,3.23,3.29,0.0032,464,226
T-Default-1x,6748,23.624,3.38,3.31,0.0034,464,226
T-Default-1x,6749,23.627,3.31,3.32,0.0033,464,226
T-Default-1x,6750,23.630,3.19,3.16,0.0032,464,226
T-Default-1x,6751,23.634,3.39,3.40,0.0034,464,226
T-Default-1x,6752,23.637,3.28,3.29,0.0033,464,226
T-Default-1x,6753,23.640,3.48,3.42,0.0035,464,226
T-Default-1x,6754,23.644,3.45,3.49,0.0034,464,226
T-Default-1x,6755,23.647,3.57,3.58,0.0036,464,226
T-Default-1x,6756,23.651,3.56,3.52,0.0036,464,226
T-Default-1x,6757,23.655,3.90,3.88,0.0039,464,226
T-Default-1x,6758,23.659,3.75,3.79,0.0037,464,226
T-Default-1x,6759,23.662,3.22,3.20,0.0032,464,226
T-Default-1x,6760,23.665,3.48,3.49,0.0035,464,226
T-Default-1x,6761,23.669,3.51,3.50,0.0035,464,226
T-Default-1x,6762,23.672,3.42,3.45,0.0034,464,226
T-Default-1x,6763,23.676,3.87,3.84,0.0039,464,226
T-Default-1x,6764,23.679,3.29,3.30,0.0033,464,226
T-Default-1x,6765,23.683,3.44,3.40,0.0034,464,226
T-Default-1x,6766,23.686,3.50,3.49,0.0035,464,226
T-Default-1x,6767,23.690,3.58,3.61,0.0036,464,226
T-Default-1x,6768,23.693,3.47,3.49,0.0035,464,226
T-Default-1x,6769,23.697,3.30,3.30,0.0033,464,226
T-Default-1x,6770,23.700,3.51,3.50,0.0035,464,226
T-Default-1x,6771,23.704,3.41,3.41,0.0034,464,226
T-Default-1x,6772,23.707,3.30,3.30,0.0033,464,226
T-Default-1x,6773,23.710,3.31,3.30,0.0033,464,226
T-Default-1x,6774,23.714,3.61,3.60,0.0036,464,226
T-Default-1x,6775,23.717,3.46,3.49,0.0035,464,226
T-Default-1x,6776,23.720,3.10,3.08,0.0031,464,226
T-Default-1x,6777,23.723,3.11,3.11,0.0031,464,226
T-Default-1x,6778,23.727,3.09,3.09,0.0031,464,226
T-Default-1x,6779,23.730,3.11,3.11,0.0031,464,226
T-Default-1x,6780,23.733,3.41,3.40,0.0034,464,226
T-Default-1x,6781,23.736,3.26,3.29,0.0033,464,226
T-Default-1x,6782,23.739,3.13,3.11,0.0031,464,226
T-Default-1x,6783,23.743,3.18,3.20,0.0032,464,226
T-Default-1x,6784,23.746,3.33,3.30,0.0033,464,226
T-Default-1x,6785,23.749,3.48,3.49,0.0035,464,226
T-Default-1x,6786,23.753,3.18,3.20,0.0032,464,226
T-Default-1x,6787,23.756,3.08,3.10,0.0031,464,226
T-Default-1x,6788,23.759,3.23,3.20,0.0032,464,226
T-Default-1x,6789,23.762,3.00,3.00,0.0030,464,226
T-Default-1x,6790,23.765,3.25,3.22,0.0032,464,226
T-Default-1x,6791,23.768,3.15,3.18,0.0031,464,226
T-Default-1x,6792,23.771,3.10,3.09,0.0031,464,226
T-Default-1x,6793,23.775,3.39,3.40,0.0034,464,226
T-Default-1x,6794,23.778,3.12,3.10,0.0031,464,226
T-Default-1x,6795,23.781,2.96,2.99,0.0030,516,226
T-Default-1x,6796,23.784,3.11,3.11,0.0031,464,226
T-Default-1x,6797,23.787,3.22,3.18,0.0032,464,226
T-Default-1x,6798,23.791,3.43,3.42,0.0034,464,226
T-Default-1x,6799,23.794,3.18,3.19,0.0032,464,226
T-Default-1x,6800,23.797,3.20,3.20,0.0032,464,226
T-Default-1x,6801,23.801,3.50,3.50,0.0035,464,226
T-Default-1x,6802,23.804,3.36,3.31,0.0034,464,226
T-Default-1x,6803,23.807,3.31,3.28,0.0033,464,226
T-Default-1x,6804,23.810,3.23,3.30,0.0032,464,226
T-Default-1x,6805,23.814,3.30,3.29,0.0033,464,226
T-Default-1x,6806,23.817,3.29,3.30,0.0033,464,226
T-Default-1x,6807,23.820,3.22,3.20,0.0032,464,226
T-Default-1x,6808,23.824,3.44,3.42,0.0034,464,226
T-Default-1x,6809,23.827,3.28,3.29,0.0033,464,226
T-Default-1x,6810,23.830,3.18,3.19,0.0032,464,226
T-Default-1x,6811,23.834,3.53,3.50,0.0035,464,226
T-Default-1x,6812,23.837,3.42,3.41,0.0034,464,226
T-Default-1x,6813,23.840,3.17,3.20,0.0032,464,226
T-Default-1x,6814,23.844,3.35,3.37,0.0033,464,226
T-Default-1x,6815,23.847,3.33,3.31,0.0033,464,226
T-Default-1x,6816,23.850,3.19,3.18,0.0032,464,226
T-Default-1x,6817,23.854,3.41,3.40,0.0034,464,226
T-Default-1x,6818,23.857,3.19,3.19,0.0032,464,226
T-Default-1x,6819,23.860,3.31,3.30,0.0033,464,226
T-Default-1x,6820,23.863,3.18,3.20,0.0032,464,226
T-Default-1x,6821,23.867,3.31,3.30,0.0033,464,226
T-Default-1x,6822,23.870,2.98,3.00,0.0030,464,226
T-Default-1x,6823,23.873,3.00,2.99,0.0030,464,226
T-Default-1x,6824,23.876,3.32,3.30,0.0033,464,226
T-Default-1x,6825,23.879,3.21,3.21,0.0032,464,226
T-Default-1x,6826,23.882,3.39,3.38,0.0034,464,226
T-Default-1x,6827,23.886,3.21,3.21,0.0032,464,226
T-Default-1x,6828,23.889,2.96,3.00,0.0030,464,226
T-Default-1x,6829,23.892,3.22,3.20,0.0032,464,226
T-Default-1x,6830,23.895,3.00,3.00,0.0030,464,226
T-Default-1x,6831,23.898,3.12,3.10,0.0031,464,226
T-Default-1x,6832,23.901,3.19,3.20,0.0032,464,226
T-Default-1x,6833,23.904,3.19,3.19,0.0032,464,226
T-Default-1x,6834,23.908,3.41,3.41,0.0034,464,226
T-Default-1x,6835,23.911,3.21,3.19,0.0032,464,226
T-Default-1x,6836,23.914,2.97,3.00,0.0030,464,226
T-Default-1x,6837,23.917,3.13,3.12,0.0031,464,226
T-Default-1x,6838,23.920,2.99,2.98,0.0030,464,226
T-Default-1x,6839,23.923,3.11,3.09,0.0031,464,226
T-Default-1x,6840,23.926,3.10,3.10,0.0031,464,226
T-Default-1x,6841,23.929,3.02,3.00,0.0030,464,226
T-Default-1x,6842,23.933,3.58,3.60,0.0036,464,226
T-Default-1x,6843,23.936,3.22,3.22,0.0032,464,226
T-Default-1x,6844,23.939,2.97,2.97,0.0030,464,226
T-Default-1x,6845,23.942,3.32,3.31,0.0033,464,226
T-Default-1x,6846,23.946,3.61,3.60,0.0036,464,226
T-Default-1x,6847,23.949,3.49,3.50,0.0035,464,226
T-Default-1x,6848,23.953,3.32,3.30,0.0033,464,226
T-Default-1x,6849,23.956,3.29,3.29,0.0033,464,226
T-Default-1x,6850,23.959,3.18,3.20,0.0032,464,226
T-Default-1x,6851,23.962,3.01,3.00,0.0030,464,226
T-Default-1x,6852,23.966,3.32,3.30,0.0033,464,226
T-Default-1x,6853,23.969,3.16,3.19,0.0032,464,226
T-Default-1x,6854,23.972,3.11,3.11,0.0031,464,226
T-Default-1x,6855,23.975,3.32,3.31,0.0033,464,226
T-Default-1x,6856,23.978,3.13,3.08,0.0031,464,226
T-Default-1x,6857,23.981,3.17,3.21,0.0032,516,226
T-Default-1x,6858,23.985,3.19,3.19,0.0032,464,226
T-Default-1x,6859,23.988,3.24,3.20,0.0032,464,226
T-Default-1x,6860,23.991,3.47,3.49,0.0035,464,226
T-Default-1x,6861,23.995,3.19,3.19,0.0032,464,226
T-Default-1x,6862,23.997,2.90,2.90,0.0029,464,226
T-Default-1x,6863,24.001,3.22,3.21,0.0032,464,226
T-Default-1x,6864,24.004,3.09,3.09,0.0031,464,226
T-Default-1x,6865,24.007,3.46,3.22,0.0035,464,226
T-Default-1x,6866,24.010,3.04,3.28,0.0030,464,226
T-Default-1x,6867,24.013,3.09,3.09,0.0031,464,226
T-Default-1x,6868,24.017,3.20,3.20,0.0032,464,226
T-Default-1x,6869,24.019,2.90,2.91,0.0029,464,226
T-Default-1x,6870,24.022,2.89,2.90,0.0029,464,226
T-Default-1x,6871,24.025,3.09,3.09,0.0031,464,226
T-Default-1x,6872,24.028,2.93,2.90,0.0029,464,226
T-Default-1x,6873,24.032,3.21,3.21,0.0032,464,226
T-Default-1x,6874,24.035,3.19,3.20,0.0032,464,226
T-Default-1x,6875,24.038,3.00,3.00,0.0030,464,226
T-Default-1x,6876,24.041,3.29,3.29,0.0033,464,226
T-Default-1x,6877,24.044,3.00,3.00,0.0030,464,226
T-Default-1x,6878,24.047,2.90,2.90,0.0029,464,226
T-Default-1x,6879,24.050,3.21,3.20,0.0032,464,226
T-Default-1x,6880,24.053,3.11,3.10,0.0031,464,226
T-Default-1x,6881,24.056,3.12,3.11,0.0031,464,226
T-Default-1x,6882,24.060,3.18,3.20,0.0032,464,226
T-Default-1x,6883,24.063,3.00,2.99,0.0030,464,226
T-Default-1x,6884,24.066,3.20,3.20,0.0032,464,226
T-Default-1x,6885,24.069,2.92,2.94,0.0029,464,226
T-Default-1x,6886,24.071,2.82,2.82,0.0028,464,226
T-Default-1x,6887,24.074,2.83,2.82,0.0028,464,226
T-Default-1x,6888,24.077,2.82,2.81,0.0028,464,226
T-Default-1x,6889,24.080,3.01,3.00,0.0030,464,226
T-Default-1x,6890,24.083,3.07,3.09,0.0031,464,226
T-Default-1x,6891,24.086,3.03,3.00,0.0030,464,226
T-Default-1x,6892,24.089,2.76,2.79,0.0028,464,226
T-Default-1x,6893,24.092,3.02,3.01,0.0030,464,226
T-Default-1x,6894,24.095,3.32,3.29,0.0033,464,226
T-Default-1x,6895,24.099,3.61,3.59,0.0036,464,226
T-Default-1x,6896,24.102,3.38,3.37,0.0034,464,226
T-Default-1x,6897,24.105,3.09,3.13,0.0031,464,226
T-Default-1x,6898,24.109,3.30,3.30,0.0033,464,226
T-Default-1x,6899,24.112,3.09,3.09,0.0031,464,226
T-Default-1x,6900,24.115,3.13,3.11,0.0031,464,226
T-Default-1x,6901,24.118,3.19,3.20,0.0032,464,226
T-Default-1x,6902,24.121,2.98,2.99,0.0030,464,226
T-Default-1x,6903,24.124,3.21,3.20,0.0032,464,226
T-Default-1x,6904,24.127,2.91,2.90,0.0029,464,226
T-Default-1x,6905,24.130,2.90,2.90,0.0029,464,226
T-Default-1x,6906,24.133,3.11,3.09,0.0031,464,226
T-Default-1x,6907,24.136,2.89,2.90,0.0029,464,226
T-Default-1x,6908,24.139,2.90,2.90,0.0029,464,226
T-Default-1x,6909,24.142,3.20,3.20,0.0032,464,226
T-Default-1x,6910,24.145,3.11,3.10,0.0031,464,226
T-Default-1x,6911,24.149,3.23,3.19,0.0032,464,226
T-Default-1x,6912,24.152,3.08,3.10,0.0031,464,226
T-Default-1x,6913,24.155,2.87,2.90,0.0029,464,226
T-Default-1x,6914,24.158,3.21,3.20,0.0032,464,226
T-Default-1x,6915,24.161,2.98,2.99,0.0030,464,226
T-Default-1x,6916,24.164,2.80,2.80,0.0028,464,226
T-Default-1x,6917,24.167,3.23,3.21,0.0032,464,226
T-Default-1x,6918,24.170,3.16,3.18,0.0032,464,226
T-Default-1x,6919,24.173,3.03,3.00,0.0030,464,226
T-Default-1x,6920,24.176,3.10,3.10,0.0031,464,226
T-Default-1x,6921,24.179,3.01,3.00,0.0030,464,226
T-Default-1x,6922,24.182,3.20,3.20,0.0032,516,226
T-Default-1x,6923,24.185,3.09,3.10,0.0031,464,226
T-Default-1x,6924,24.188,2.87,2.90,0.0029,464,226
T-Default-1x,6925,24.192,3.32,3.30,0.0033,464,226
T-Default-1x,6926,24.195,3.21,3.21,0.0032,464,226
T-Default-1x,6927,24.198,2.89,2.88,0.0029,464,226
T-Default-1x,6928,24.201,3.42,3.42,0.0034,464,226
T-Default-1x,6929,24.204,3.19,3.19,0.0032,464,226
T-Default-1x,6930,24.207,3.18,3.19,0.0032,464,226
T-Default-1x,6931,24.210,2.90,2.90,0.0029,464,226
T-Default-1x,6932,24.213,2.90,2.90,0.0029,464,226
T-Default-1x,6933,24.216,3.24,3.21,0.0032,464,226
T-Default-1x,6934,24.219,2.96,2.99,0.0030,464,226
T-Default-1x,6935,24.222,3.03,3.00,0.0030,464,226
T-Default-1x,6936,24.226,3.29,3.30,0.0033,464,226
T-Default-1x,6937,24.229,3.09,3.09,0.0031,464,226
T-Default-1x,6938,24.232,3.34,3.32,0.0033,464,226
T-Default-1x,6939,24.235,3.19,3.19,0.0032,464,226
T-Default-1x,6940,24.238,2.97,2.99,0.0030,464,226
T-Default-1x,6941,24.242,3.30,3.30,0.0033,464,226
T-Default-1x,6942,24.245,3.46,3.41,0.0035,464,226
T-Default-1x,6943,24.249,3.40,3.40,0.0034,464,226
T-Default-1x,6944,24.252,3.08,3.10,0.0031,464,226
T-Default-1x,6945,24.255,3.05,3.08,0.0031,464,226
T-Default-1x,6946,24.258,3.21,3.21,0.0032,464,226
T-Default-1x,6947,24.261,2.90,2.90,0.0029,464,226
T-Default-1x,6948,24.264,3.02,3.00,0.0030,464,226
T-Default-1x,6949,24.267,2.98,2.99,0.0030,464,226
T-Default-1x,6950,24.270,2.98,2.99,0.0030,464,226
T-Default-1x,6951,24.273,2.91,2.90,0.0029,464,226
T-Default-1x,6952,24.276,3.11,3.11,0.0031,464,226
T-Default-1x,6953,24.279,3.13,3.10,0.0031,464,226
T-Default-1x,6954,24.282,3.22,3.20,0.0032,464,226
T-Default-1x,6955,24.285,2.97,3.00,0.0030,464,226
T-Default-1x,6956,24.288,2.89,2.89,0.0029,464,226
T-Default-1x,6957,24.291,3.20,3.21,0.0032,464,226
T-Default-1x,6958,24.294,2.89,2.88,0.0029,464,226
T-Default-1x,6959,24.297,3.02,3.02,0.0030,464,226
T-Default-1x,6960,24.300,3.20,3.21,0.0032,464,226
T-Default-1x,6961,24.303,2.87,2.87,0.0029,464,226
T-Default-1x,6962,24.306,3.03,3.01,0.0030,464,226
T-Default-1x,6963,24.309,2.99,3.00,0.0030,464,226
T-Default-1x,6964,24.312,3.31,3.29,0.0033,464,226
T-Default-1x,6965,24.316,3.37,3.40,0.0034,464,226
T-Default-1x,6966,24.319,2.89,2.90,0.0029,464,226
T-Default-1x,6967,24.322,2.89,2.89,0.0029,464,226
T-Default-1x,6968,24.325,3.34,3.32,0.0033,464,226
T-Default-1x,6969,24.328,3.09,3.10,0.0031,464,226
T-Default-1x,6970,24.331,3.08,3.10,0.0031,464,226
T-Default-1x,6971,24.334,3.20,3.19,0.0032,464,226
T-Default-1x,6972,24.337,3.11,3.10,0.0031,464,226
T-Default-1x,6973,24.341,3.19,3.20,0.0032,464,226
T-Default-1x,6974,24.344,3.00,3.00,0.0030,464,226
T-Default-1x,6975,24.347,2.99,3.00,0.0030,464,226
T-Default-1x,6976,24.350,3.30,3.30,0.0033,464,226
T-Default-1x,6977,24.353,3.12,3.10,0.0031,464,226
T-Default-1x,6978,24.356,2.78,2.80,0.0028,464,226
T-Default-1x,6979,24.359,3.10,3.10,0.0031,464,226
T-Default-1x,6980,24.362,3.01,3.00,0.0030,464,226
T-Default-1x,6981,24.365,3.13,3.10,0.0031,464,226
T-Default-1x,6982,24.368,3.07,3.09,0.0031,464,226
T-Default-1x,6983,24.371,3.12,3.10,0.0031,464,226
T-Default-1x,6984,24.374,3.07,3.08,0.0031,464,226
T-Default-1x,6985,24.377,2.95,2.91,0.0029,464,226
T-Default-1x,6986,24.380,2.86,2.89,0.0029,464,226
T-Default-1x,6987,24.383,3.09,3.10,0.0031,516,226
T-Default-1x,6988,24.386,2.89,2.90,0.0029,464,226
T-Default-1x,6989,24.389,3.16,3.12,0.0032,464,226
T-Default-1x,6990,24.393,3.29,3.30,0.0033,464,226
T-Default-1x,6991,24.396,2.97,2.98,0.0030,464,226
T-Default-1x,6992,24.399,3.15,3.12,0.0032,464,226
T-Default-1x,6993,24.402,3.06,3.09,0.0031,464,226
T-Default-1x,6994,24.405,3.00,3.00,0.0030,464,226
T-Default-1x,6995,24.408,3.18,3.19,0.0032,464,226
T-Default-1x,6996,24.411,3.01,3.01,0.0030,464,226
T-Default-1x,6997,24.414,2.87,2.89,0.0029,464,226
T-Default-1x,6998,24.417,3.12,3.10,0.0031,464,226
T-Default-1x,6999,24.420,3.00,3.00,0.0030,464,226
T-Default-1x,7000,24.423,3.11,3.09,0.0031,464,226
T-Default-1x,7001,24.426,3.31,3.30,0.0033,464,226
T-Default-1x,7002,24.430,3.29,3.30,0.0033,464,226
T-Default-1x,7003,24.433,3.22,3.20,0.0032,464,226
T-Default-1x,7004,24.436,3.16,3.18,0.0032,464,226
T-Default-1x,7005,24.439,2.79,2.80,0.0028,464,226
T-Default-1x,7006,24.442,3.12,3.10,0.0031,464,226
T-Default-1x,7007,24.445,3.22,3.20,0.0032,464,226
T-Default-1x,7008,24.449,3.38,3.39,0.0034,464,226
T-Default-1x,7009,24.452,3.19,3.19,0.0032,464,226
T-Default-1x,7010,24.455,3.43,3.41,0.0034,464,226
T-Default-1x,7011,24.459,3.47,3.49,0.0035,464,226
T-Default-1x,7012,24.462,3.09,3.10,0.0031,464,226
T-Default-1x,7013,24.465,3.12,3.09,0.0031,464,226
T-Default-1x,7014,24.468,3.19,3.21,0.0032,464,226
T-Default-1x,7015,24.471,3.09,3.09,0.0031,464,226
T-Default-1x,7016,24.474,3.22,3.19,0.0032,464,226
T-Default-1x,7017,24.477,3.08,3.11,0.0031,464,226
T-Default-1x,7018,24.480,3.00,2.99,0.0030,464,226
T-Default-1x,7019,24.484,3.10,3.09,0.0031,464,226
T-Default-1x,7020,24.486,2.89,2.90,0.0029,464,226
T-Default-1x,7021,24.490,3.36,3.32,0.0034,464,226
T-Default-1x,7022,24.493,3.16,3.19,0.0032,464,226
T-Default-1x,7023,24.496,3.10,3.09,0.0031,464,226
T-Default-1x,7024,24.499,3.29,3.30,0.0033,464,226
T-Default-1x,7025,24.502,2.90,2.90,0.0029,464,226
T-Default-1x,7026,24.505,2.80,2.80,0.0028,464,226
T-Default-1x,7027,24.508,3.02,2.99,0.0030,464,226
T-Default-1x,7028,24.511,3.20,3.20,0.0032,464,226
T-Default-1x,7029,24.514,3.11,3.10,0.0031,464,226
T-Default-1x,7030,24.518,3.18,3.20,0.0032,464,226
T-Default-1x,7031,24.520,2.89,2.89,0.0029,464,226
T-Default-1x,7032,24.524,3.25,3.21,0.0032,464,226
T-Default-1x,7033,24.527,2.97,2.99,0.0030,464,226
T-Default-1x,7034,24.529,2.77,2.78,0.0028,464,226
T-Default-1x,7035,24.533,3.21,3.20,0.0032,464,226
T-Default-1x,7036,24.536,3.00,3.00,0.0030,464,226
T-Default-1x,7037,24.538,2.79,2.79,0.0028,464,226
T-Default-1x,7038,24.542,3.23,3.21,0.0032,464,226
T-Default-1x,7039,24.545,2.99,3.00,0.0030,464,226
T-Default-1x,7040,24.548,3.03,2.99,0.0030,464,226
T-Default-1x,7041,24.551,3.31,3.31,0.0033,464,226
T-Default-1x,7042,24.554,3.46,3.48,0.0035,464,226
T-Default-1x,7043,24.558,3.33,3.31,0.0033,464,226
T-Default-1x,7044,24.561,3.07,3.09,0.0031,464,226
T-Default-1x,7045,24.564,2.90,2.90,0.0029,464,226
T-Default-1x,7046,24.567,3.03,3.02,0.0030,464,226
T-Default-1x,7047,24.570,2.98,2.97,0.0030,464,226
T-Default-1x,7048,24.573,3.12,3.11,0.0031,464,226
T-Default-1x,7049,24.576,2.98,2.99,0.0030,464,226
T-Default-1x,7050,24.579,3.01,3.01,0.0030,464,226
T-Default-1x,7051,24.582,3.20,3.19,0.0032,464,226
T-Default-1x,7052,24.585,2.98,3.00,0.0030,516,226
T-Default-1x,7053,24.588,2.89,2.90,0.0029,464,226
T-Default-1x,7054,24.591,3.31,3.30,0.0033,464,226
T-Default-1x,7055,24.594,3.00,3.00,0.0030,464,226
T-Default-1x,7056,24.597,2.90,2.91,0.0029,464,226
T-Default-1x,7057,24.600,3.11,3.09,0.0031,464,226
T-Default-1x,7058,24.603,3.00,3.01,0.0030,464,226
T-Default-1x,7059,24.606,3.15,3.10,0.0032,464,226
T-Default-1x,7060,24.610,3.15,3.20,0.0031,464,226
T-Default-1x,7061,24.613,3.00,2.99,0.0030,464,226
T-Default-1x,7062,24.616,3.21,3.21,0.0032,464,226
T-Default-1x,7063,24.619,3.07,3.09,0.0031,464,226
T-Default-1x,7064,24.622,2.81,2.80,0.0028,464,226
T-Default-1x,7065,24.625,3.10,3.09,0.0031,464,226
T-Default-1x,7066,24.628,2.79,2.79,0.0028,464,226
T-Default-1x,7067,24.630,2.91,2.90,0.0029,464,226
T-Default-1x,7068,24.633,3.00,3.00,0.0030,464,226
T-Default-1x,7069,24.636,3.02,3.00,0.0030,464,226
T-Default-1x,7070,24.640,3.10,3.10,0.0031,464,226
T-Default-1x,7071,24.643,3.07,3.09,0.0031,464,226
T-Default-1x,7072,24.646,3.02,3.01,0.0030,464,226
T-Default-1x,7073,24.649,3.31,3.29,0.0033,464,226
T-Default-1x,7074,24.652,2.98,3.00,0.0030,464,226
T-Default-1x,7075,24.655,2.77,2.79,0.0028,464,226
T-Default-1x,7076,24.658,3.11,3.10,0.0031,464,226
T-Default-1x,7077,24.661,3.03,3.01,0.0030,464,226
T-Default-1x,7078,24.664,2.87,2.88,0.0029,464,226
T-Default-1x,7079,24.667,3.21,3.21,0.0032,464,226
T-Default-1x,7080,24.670,2.99,2.97,0.0030,464,226
T-Default-1x,7081,24.673,3.44,3.42,0.0034,464,226
T-Default-1x,7082,24.677,3.18,3.20,0.0032,464,226
T-Default-1x,7083,24.679,2.89,2.89,0.0029,464,226
T-Default-1x,7084,24.683,3.12,3.10,0.0031,464,226
T-Default-1x,7085,24.686,2.99,3.00,0.0030,464,226
T-Default-1x,7086,24.688,2.89,2.89,0.0029,464,226
T-Default-1x,7087,24.692,3.21,3.20,0.0032,464,226
T-Default-1x,7088,24.695,2.90,2.89,0.0029,464,226
T-Default-1x,7089,24.697,2.88,2.90,0.0029,464,226
T-Default-1x,7090,24.701,3.12,3.11,0.0031,464,226
T-Default-1x,7091,24.703,2.92,2.90,0.0029,464,226
T-Default-1x,7092,24.707,3.11,3.10,0.0031,464,226
T-Default-1x,7093,24.710,3.07,3.09,0.0031,464,226
T-Default-1x,7094,24.713,3.12,3.11,0.0031,464,226
T-Default-1x,7095,24.716,3.19,3.19,0.0032,464,226
T-Default-1x,7096,24.719,2.90,2.90,0.0029,464,226
T-Default-1x,7097,24.722,2.88,2.89,0.0029,464,226
T-Default-1x,7098,24.725,3.22,3.21,0.0032,464,226
T-Default-1x,7099,24.728,2.89,2.89,0.0029,464,226
T-Default-1x,7100,24.731,2.70,2.71,0.0027,464,226
T-Default-1x,7101,24.734,3.11,3.09,0.0031,464,226
T-Default-1x,7102,24.737,3.00,3.00,0.0030,464,226
T-Default-1x,7103,24.740,3.20,3.20,0.0032,464,226
T-Default-1x,7104,24.743,2.97,2.99,0.0030,464,226
T-Default-1x,7105,24.746,2.91,2.90,0.0029,464,226
T-Default-1x,7106,24.749,3.32,3.31,0.0033,464,226
T-Default-1x,7107,24.752,3.18,3.19,0.0032,464,226
T-Default-1x,7108,24.755,3.17,3.11,0.0032,464,226
T-Default-1x,7109,24.759,3.56,3.59,0.0036,464,226
T-Default-1x,7110,24.762,3.21,3.20,0.0032,464,226
T-Default-1x,7111,24.765,2.99,2.99,0.0030,464,226
T-Default-1x,7112,24.768,3.09,3.10,0.0031,464,226
T-Default-1x,7113,24.771,3.10,3.09,0.0031,464,226
T-Default-1x,7114,24.775,3.29,3.30,0.0033,464,226
T-Default-1x,7115,24.778,3.00,3.00,0.0030,464,226
T-Default-1x,7116,24.781,2.90,2.89,0.0029,464,226
T-Default-1x,7117,24.784,3.20,3.21,0.0032,464,226
T-Default-1x,7118,24.787,3.12,3.10,0.0031,516,226
T-Default-1x,7119,24.790,3.20,3.19,0.0032,464,226
T-Default-1x,7120,24.793,3.18,3.20,0.0032,464,226
T-Default-1x,7121,24.796,2.90,2.90,0.0029,464,226
T-Default-1x,7122,24.799,3.20,3.20,0.0032,464,226
T-Default-1x,7123,24.802,2.99,3.00,0.0030,464,226
T-Default-1x,7124,24.805,2.89,2.89,0.0029,464,226
T-Default-1x,7125,24.808,3.13,3.11,0.0031,464,226
T-Default-1x,7126,24.811,3.00,2.99,0.0030,464,226
T-Default-1x,7127,24.815,3.21,3.21,0.0032,464,226
T-Default-1x,7128,24.818,3.18,3.20,0.0032,464,226
T-Default-1x,7129,24.821,3.00,2.99,0.0030,464,226
T-Default-1x,7130,24.824,3.20,3.19,0.0032,464,226
T-Default-1x,7131,24.827,2.90,2.90,0.0029,464,226
T-Default-1x,7132,24.830,3.12,3.11,0.0031,464,226
T-Default-1x,7133,24.833,3.29,3.30,0.0033,464,226
T-Default-1x,7134,24.836,3.00,2.99,0.0030,464,226
T-Default-1x,7135,24.839,2.91,2.90,0.0029,464,226
T-Default-1x,7136,24.842,3.07,3.09,0.0031,464,226
T-Default-1x,7137,24.845,3.03,3.00,0.0030,464,226
T-Default-1x,7138,24.849,3.32,3.30,0.0033,464,226
T-Default-1x,7139,24.852,3.07,3.11,0.0031,464,226
T-Default-1x,7140,24.855,3.00,2.99,0.0030,464,226
T-Default-1x,7141,24.858,3.19,3.19,0.0032,464,226
T-Default-1x,7142,24.861,3.03,3.00,0.0030,464,226
T-Default-1x,7143,24.864,2.75,2.80,0.0028,464,226
T-Default-1x,7144,24.867,3.12,3.10,0.0031,464,226
T-Default-1x,7145,24.870,3.00,3.00,0.0030,464,226
T-Default-1x,7146,24.873,3.12,3.10,0.0031,464,226
T-Default-1x,7147,24.876,3.06,3.08,0.0031,464,226
T-Default-1x,7148,24.879,2.92,2.90,0.0029,464,226
T-Default-1x,7149,24.882,3.30,3.30,0.0033,464,226
T-Default-1x,7150,24.885,3.01,3.00,0.0030,464,226
T-Default-1x,7151,24.888,2.87,2.90,0.0029,464,226
T-Default-1x,7152,24.891,3.21,3.19,0.0032,464,226
T-Default-1x,7153,24.894,2.89,2.91,0.0029,464,226
T-Default-1x,7154,24.897,2.91,2.90,0.0029,464,226
T-Default-1x,7155,24.900,3.11,3.10,0.0031,464,226
T-Default-1x,7156,24.903,3.08,3.09,0.0031,464,226
T-Default-1x,7157,24.906,3.07,3.02,0.0031,464,226
T-Default-1x,7158,24.909,3.05,3.08,0.0030,464,226
T-Default-1x,7159,24.913,3.15,3.10,0.0032,464,226
T-Default-1x,7160,24.916,3.36,3.39,0.0034,464,226
T-Default-1x,7161,24.919,2.96,2.99,0.0030,464,226
T-Default-1x,7162,24.922,2.81,2.80,0.0028,464,226
T-Default-1x,7163,24.925,3.21,3.21,0.0032,464,226
T-Default-1x,7164,24.928,3.03,3.00,0.0030,464,226
T-Default-1x,7165,24.931,2.97,3.00,0.0030,464,226
T-Default-1x,7166,24.934,3.10,3.09,0.0031,464,226
T-Default-1x,7167,24.937,3.14,3.11,0.0031,464,226
T-Default-1x,7168,24.940,3.06,3.08,0.0031,464,226
T-Default-1x,7169,24.943,3.00,3.01,0.0030,464,226
T-Default-1x,7170,24.946,2.89,2.89,0.0029,464,226
T-Default-1x,7171,24.949,3.32,3.30,0.0033,464,226
T-Default-1x,7172,24.953,3.20,3.19,0.0032,464,226
T-Default-1x,7173,24.955,2.89,2.92,0.0029,464,226
T-Default-1x,7174,24.959,3.20,3.18,0.0032,464,226
T-Default-1x,7175,24.962,3.01,2.98,0.0030,464,226
T-Default-1x,7176,24.965,3.11,3.10,0.0031,464,226
T-Default-1x,7177,24.968,3.06,3.10,0.0031,464,226
T-Default-1x,7178,24.971,3.01,3.00,0.0030,464,226
T-Default-1x,7179,24.974,3.30,3.30,0.0033,464,226
T-Default-1x,7180,24.977,3.01,2.99,0.0030,464,226
T-Default-1x,7181,24.980,2.76,2.80,0.0028,464,226
T-Default-1x,7182,24.983,3.32,3.30,0.0033,464,226
T-Default-1x,7183,24.986,2.90,2.90,0.0029,464,226
T-Default-1x,7184,24.989,2.89,2.91,0.0029,516,226
T-Default-1x,7185,24.992,3.20,3.20,0.0032,464,226
T-Default-1x,7186,24.995,3.03,2.99,0.0030,464,226
T-Default-1x,7187,24.998,3.20,3.20,0.0032,464,226
T-Default-1x,7188,25.002,3.14,3.10,0.0031,464,226
T-Default-1x,7189,25.005,3.04,3.09,0.0030,464,226
T-Default-1x,7190,25.008,3.10,3.09,0.0031,464,226
T-Default-1x,7191,25.011,2.89,2.89,0.0029,464,226
T-Default-1x,7192,25.014,2.91,2.91,0.0029,464,226
T-Default-1x,7193,25.017,3.11,3.10,0.0031,464,226
T-Default-1x,7194,25.020,2.89,2.89,0.0029,464,226
T-Default-1x,7195,25.023,3.13,3.10,0.0031,464,226
T-Default-1x,7196,25.026,3.07,3.09,0.0031,464,226
T-Default-1x,7197,25.029,3.03,3.01,0.0030,464,226
T-Default-1x,7198,25.032,3.44,3.42,0.0034,464,226
T-Default-1x,7199,25.035,3.25,3.28,0.0033,464,226
T-Default-1x,7200,25.038,2.88,2.89,0.0029,464,226
T-Default-1x,7201,25.042,3.21,3.20,0.0032,464,226
T-Default-1x,7202,25.045,2.99,3.00,0.0030,464,226
T-Default-1x,7203,25.047,2.87,2.88,0.0029,464,226
T-Default-1x,7204,25.051,3.24,3.22,0.0032,464,226
T-Default-1x,7205,25.054,3.23,3.20,0.0032,464,226
T-Default-1x,7206,25.057,3.47,3.49,0.0035,464,226
T-Default-1x,7207,25.060,3.00,3.00,0.0030,464,226
T-Default-1x,7208,25.063,2.87,2.90,0.0029,464,226
T-Default-1x,7209,25.066,2.82,2.80,0.0028,464,226
T-Default-1x,7210,25.069,2.79,2.79,0.0028,464,226
T-Default-1x,7211,25.072,2.79,2.80,0.0028,464,226
T-Default-1x,7212,25.075,3.21,3.21,0.0032,464,226
T-Default-1x,7213,25.078,2.77,2.78,0.0028,464,226
T-Default-1x,7214,25.081,2.92,2.91,0.0029,464,226
T-Default-1x,7215,25.084,3.12,3.10,0.0031,464,226
T-Default-1x,7216,25.087,3.57,3.51,0.0036,464,226
T-Default-1x,7217,25.091,3.45,3.49,0.0035,464,226
T-Default-1x,7218,25.094,3.21,3.20,0.0032,464,226
T-Default-1x,7219,25.097,3.26,3.29,0.0033,464,226
T-Default-1x,7220,25.101,3.42,3.41,0.0034,464,226
T-Default-1x,7221,25.104,3.20,3.20,0.0032,464,226
T-Default-1x,7222,25.107,3.12,3.09,0.0031,464,226
T-Default-1x,7223,25.110,3.28,3.31,0.0033,464,226
T-Default-1x,7224,25.113,3.18,3.18,0.0032,464,226
T-Default-1x,7225,25.117,3.22,3.21,0.0032,464,226
T-Default-1x,7226,25.119,2.78,2.78,0.0028,464,226
T-Default-1x,7227,25.122,3.00,3.01,0.0030,464,226
T-Default-1x,7228,25.125,3.11,3.10,0.0031,464,226
T-Default-1x,7229,25.129,3.04,3.00,0.0030,464,226
T-Default-1x,7230,25.132,3.27,3.29,0.0033,464,226
T-Default-1x,7231,25.135,3.07,3.09,0.0031,464,226
T-Default-1x,7232,25.138,3.03,3.01,0.0030,464,226
T-Default-1x,7233,25.141,3.18,3.19,0.0032,464,226
T-Default-1x,7234,25.144,3.00,3.01,0.0030,464,226
T-Default-1x,7235,25.147,2.89,2.90,0.0029,464,226
T-Default-1x,7236,25.150,3.11,3.09,0.0031,464,226
T-Default-1x,7237,25.153,3.41,3.40,0.0034,464,226
T-Default-1x,7238,25.157,3.42,3.41,0.0034,464,226
T-Default-1x,7239,25.160,3.38,3.39,0.0034,464,226
T-Default-1x,7240,25.163,3.18,3.20,0.0032,464,226
T-Default-1x,7241,25.167,3.32,3.31,0.0033,464,226
T-Default-1x,7242,25.170,3.07,3.08,0.0031,464,226
T-Default-1x,7243,25.173,3.12,3.11,0.0031,464,226
T-Default-1x,7244,25.176,3.19,3.19,0.0032,464,226
T-Default-1x,7245,25.179,3.09,3.10,0.0031,464,226
T-Default-1x,7246,25.182,3.23,3.21,0.0032,464,226
T-Default-1x,7247,25.186,3.11,3.09,0.0031,464,226
T-Default-1x,7248,25.189,2.96,2.99,0.0030,464,226
T-Default-1x,7249,25.192,3.12,3.10,0.0031,516,226
T-Default-1x,7250,25.195,3.03,3.01,0.0030,464,226
T-Default-1x,7251,25.198,3.31,3.29,0.0033,464,226
T-Default-1x,7252,25.202,3.59,3.60,0.0036,464,226
T-Default-1x,7253,25.205,3.59,3.59,0.0036,464,226
T-Default-1x,7254,25.209,3.49,3.51,0.0035,464,226
T-Default-1x,7255,25.212,3.08,3.08,0.0031,464,226
T-Default-1x,7256,25.215,3.19,3.20,0.0032,464,226
T-Default-1x,7257,25.218,3.22,3.20,0.0032,464,226
T-Default-1x,7258,25.221,3.20,3.19,0.0032,464,226
T-Default-1x,7259,25.225,3.41,3.41,0.0034,464,226
T-Default-1x,7260,25.228,3.02,2.99,0.0030,464,226
T-Default-1x,7261,25.231,3.16,3.20,0.0032,464,226
T-Default-1x,7262,25.234,3.11,3.09,0.0031,464,226
T-Default-1x,7263,25.237,3.42,3.40,0.0034,464,226
T-Default-1x,7264,25.241,3.41,3.40,0.0034,464,226
T-Default-1x,7265,25.244,3.18,3.20,0.0032,464,226
T-Default-1x,7266,25.247,3.07,3.10,0.0031,464,226
T-Default-1x,7267,25.250,3.12,3.09,0.0031,464,226
T-Default-1x,7268,25.253,3.09,3.10,0.0031,464,226
T-Default-1x,7269,25.257,3.43,3.40,0.0034,464,226
T-Default-1x,7270,25.260,3.06,3.09,0.0031,464,226
T-Default-1x,7271,25.263,3.00,3.00,0.0030,464,226
T-Default-1x,7272,25.266,3.32,3.30,0.0033,464,226
T-Default-1x,7273,25.269,2.87,2.89,0.0029,464,226
T-Default-1x,7274,25.272,3.05,3.01,0.0031,464,226
T-Default-1x,7275,25.275,3.27,3.30,0.0033,464,226
T-Default-1x,7276,25.278,3.12,3.10,0.0031,464,226
T-Default-1x,7277,25.282,3.31,3.30,0.0033,464,226
T-Default-1x,7278,25.285,3.29,3.31,0.0033,464,226
T-Default-1x,7279,25.288,3.09,3.09,0.0031,464,226
T-Default-1x,7280,25.291,3.29,3.30,0.0033,464,226
T-Default-1x,7281,25.294,2.91,2.89,0.0029,464,226
T-Default-1x,7282,25.297,2.98,3.00,0.0030,464,226
T-Default-1x,7283,25.301,3.42,3.40,0.0034,464,226
T-Default-1x,7284,25.304,3.42,3.40,0.0034,464,226
T-Default-1x,7285,25.308,3.48,3.49,0.0035,464,226
T-Default-1x,7286,25.311,3.22,3.21,0.0032,464,226
T-Default-1x,7287,25.314,3.18,3.19,0.0032,464,226
T-Default-1x,7288,25.317,3.19,3.20,0.0032,464,226
T-Default-1x,7289,25.320,2.99,2.98,0.0030,464,226
T-Default-1x,7290,25.323,3.22,3.21,0.0032,464,226
T-Default-1x,7291,25.327,3.10,3.10,0.0031,464,226
T-Default-1x,7292,25.330,2.99,2.99,0.0030,464,226
T-Default-1x,7293,25.333,3.10,3.10,0.0031,464,226
T-Default-1x,7294,25.336,3.01,3.00,0.0030,464,226
T-Default-1x,7295,25.339,3.10,3.11,0.0031,464,226
T-Default-1x,7296,25.342,3.29,3.29,0.0033,464,226
T-Default-1x,7297,25.345,3.14,3.09,0.0031,464,226
T-Default-1x,7298,25.349,3.51,3.49,0.0035,464,226
T-Default-1x,7299,25.352,3.26,3.30,0.0033,464,226
T-Default-1x,7300,25.355,3.09,3.10,0.0031,464,226
T-Default-1x,7301,25.358,3.32,3.30,0.0033,464,226
T-Default-1x,7302,25.361,3.11,3.10,0.0031,464,226
T-Default-1x,7303,25.365,3.10,3.10,0.0031,464,226
T-Default-1x,7304,25.368,3.19,3.20,0.0032,464,226
T-Default-1x,7305,25.371,2.87,2.89,0.0029,464,226
T-Default-1x,7306,25.374,3.07,3.01,0.0031,464,226
T-Default-1x,7307,25.377,2.95,2.99,0.0029,464,226
T-Default-1x,7308,25.380,3.02,3.01,0.0030,464,226
T-Default-1x,7309,25.383,3.18,3.19,0.0032,464,226
T-Default-1x,7310,25.386,2.88,2.89,0.0029,464,226
T-Default-1x,7311,25.389,3.00,3.01,0.0030,464,226
T-Default-1x,7312,25.392,3.34,3.31,0.0033,516,226
T-Default-1x,7313,25.395,3.40,3.39,0.0034,464,226
T-Default-1x,7314,25.399,3.22,3.19,0.0032,464,226
T-Default-1x,7315,25.402,3.08,3.10,0.0031,464,226
T-Default-1x,7316,25.405,3.08,3.10,0.0031,464,226
T-Default-1x,7317,25.408,3.19,3.20,0.0032,464,226
T-Default-1x,7318,25.411,3.13,3.11,0.0031,464,226
T-Default-1x,7319,25.414,2.87,2.90,0.0029,464,226
T-Default-1x,7320,25.417,3.42,3.40,0.0034,464,226
T-Default-1x,7321,25.421,3.07,3.07,0.0031,464,226
T-Default-1x,7322,25.424,3.12,3.12,0.0031,464,226
T-Default-1x,7323,25.427,3.00,2.99,0.0030,464,226
T-Default-1x,7324,25.430,2.88,2.90,0.0029,464,226
T-Default-1x,7325,25.433,3.44,3.40,0.0034,464,226
T-Default-1x,7326,25.436,3.06,3.09,0.0031,464,226
T-Default-1x,7327,25.439,3.02,3.00,0.0030,464,226
T-Default-1x,7328,25.442,3.19,3.20,0.0032,464,226
T-Default-1x,7329,25.446,3.32,3.29,0.0033,464,226
T-Default-1x,7330,25.449,3.41,3.41,0.0034,464,226
T-Default-1x,7331,25.452,3.17,3.19,0.0032,464,226
T-Default-1x,7332,25.455,3.32,3.31,0.0033,464,226
T-Default-1x,7333,25.459,3.26,3.28,0.0033,464,226
T-Default-1x,7334,25.462,3.02,3.00,0.0030,464,226
T-Default-1x,7335,25.465,3.22,3.21,0.0032,464,226
T-Default-1x,7336,25.468,3.09,3.10,0.0031,464,226
T-Default-1x,7337,25.471,2.87,2.88,0.0029,464,226
T-Default-1x,7338,25.474,3.45,3.41,0.0034,464,226
T-Default-1x,7339,25.478,3.20,3.19,0.0032,464,226
T-Default-1x,7340,25.480,2.87,2.90,0.0029,464,226
T-Default-1x,7341,25.484,3.10,3.10,0.0031,464,226
T-Default-1x,7342,25.487,3.02,2.99,0.0030,464,226
T-Default-1x,7343,25.490,3.20,3.21,0.0032,464,226
T-Default-1x,7344,25.493,3.18,3.19,0.0032,464,226
T-Default-1x,7345,25.496,2.99,3.00,0.0030,464,226
T-Default-1x,7346,25.499,3.21,3.21,0.0032,464,226
T-Default-1x,7347,25.502,3.01,2.99,0.0030,464,226
T-Default-1x,7348,25.505,3.00,3.00,0.0030,464,226
T-Default-1x,7349,25.508,3.18,3.20,0.0032,464,226
T-Default-1x,7350,25.511,3.13,3.10,0.0031,464,226
T-Default-1x,7351,25.515,3.18,3.20,0.0032,464,226
T-Default-1x,7352,25.518,3.10,3.10,0.0031,464,226
T-Default-1x,7353,25.521,2.99,3.00,0.0030,464,226
T-Default-1x,7354,25.524,3.19,3.20,0.0032,464,226
T-Default-1x,7355,25.527,3.01,3.01,0.0030,464,226
T-Default-1x,7356,25.530,2.91,2.89,0.0029,464,226
T-Default-1x,7357,25.533,3.41,3.41,0.0034,464,226
T-Default-1x,7358,25.537,3.30,3.29,0.0033,464,226
T-Default-1x,7359,25.540,3.49,3.50,0.0035,464,226
T-Default-1x,7360,25.543,3.30,3.30,0.0033,464,226
T-Default-1x,7361,25.547,3.42,3.40,0.0034,464,226
T-Default-1x,7362,25.550,3.37,3.40,0.0034,464,226
T-Default-1x,7363,25.553,3.12,3.10,0.0031,464,226
T-Default-1x,7364,25.557,3.31,3.30,0.0033,464,226
T-Default-1x,7365,25.560,3.28,3.29,0.0033,464,226
T-Default-1x,7366,25.563,3.11,3.10,0.0031,464,226
T-Default-1x,7367,25.566,3.40,3.40,0.0034,464,226
T-Default-1x,7368,25.569,2.98,2.99,0.0030,464,226
T-Default-1x,7369,25.572,3.00,3.01,0.0030,464,226
T-Default-1x,7370,25.575,3.11,3.10,0.0031,464,226
T-Default-1x,7371,25.578,3.00,2.99,0.0030,464,226
T-Default-1x,7372,25.582,3.24,3.20,0.0032,464,226
T-Default-1x,7373,25.585,3.18,3.22,0.0032,464,226
T-Default-1x,7374,25.588,3.09,3.10,0.0031,464,226
T-Default-1x,7375,25.591,3.41,3.40,0.0034,464,226
T-Default-1x,7376,25.594,2.97,2.98,0.0030,516,226
T-Default-1x,7377,25.597,2.89,2.90,0.0029,464,226
T-Default-1x,7378,25.600,3.13,3.10,0.0031,464,226
T-Default-1x,7379,25.603,3.10,3.10,0.0031,464,226
T-Default-1x,7380,25.607,3.08,3.09,0.0031,464,226
T-Default-1x,7381,25.610,3.21,3.21,0.0032,464,226
T-Default-1x,7382,25.613,3.00,3.00,0.0030,464,226
T-Default-1x,7383,25.616,3.32,3.31,0.0033,464,226
T-Default-1x,7384,25.619,2.98,2.99,0.0030,464,226
T-Default-1x,7385,25.622,3.01,3.00,0.0030,464,226
T-Default-1x,7386,25.625,3.30,3.30,0.0033,464,226
T-Default-1x,7387,25.628,2.99,2.99,0.0030,464,226
T-Default-1x,7388,25.631,3.12,3.10,0.0031,464,226
T-Default-1x,7389,25.635,3.30,3.30,0.0033,464,226
T-Default-1x,7390,25.638,3.10,3.10,0.0031,464,226
T-Default-1x,7391,25.641,3.08,3.09,0.0031,464,226
T-Default-1x,7392,25.644,3.05,3.02,0.0031,464,226
T-Default-1x,7393,25.647,2.95,2.98,0.0030,464,226
T-Default-1x,7394,25.650,3.10,3.09,0.0031,464,226
T-Default-1x,7395,25.653,3.12,3.10,0.0031,464,226
T-Default-1x,7396,25.656,3.31,3.30,0.0033,464,226
T-Default-1x,7397,25.660,3.18,3.20,0.0032,464,226
T-Default-1x,7398,25.663,2.90,2.90,0.0029,464,226
T-Default-1x,7399,25.666,3.31,3.31,0.0033,464,226
T-Default-1x,7400,25.669,2.97,2.98,0.0030,464,226
T-Default-1x,7401,25.672,2.82,2.81,0.0028,464,226
T-Default-1x,7402,25.675,3.29,3.29,0.0033,464,226
T-Default-1x,7403,25.678,2.92,2.91,0.0029,464,226
T-Default-1x,7404,25.681,2.91,2.90,0.0029,464,226
T-Default-1x,7405,25.684,3.18,3.20,0.0032,464,226
T-Default-1x,7406,25.687,3.03,3.00,0.0030,464,226
T-Default-1x,7407,25.690,3.08,3.09,0.0031,464,226
T-Default-1x,7408,25.693,3.13,3.12,0.0031,464,226
T-Default-1x,7409,25.696,2.96,2.98,0.0030,464,226
T-Default-1x,7410,25.699,3.31,3.29,0.0033,464,226
T-Default-1x,7411,25.703,3.10,3.11,0.0031,464,226
T-Default-1x,7412,25.706,2.99,3.00,0.0030,464,226
T-Default-1x,7413,25.709,3.12,3.11,0.0031,464,226
T-Default-1x,7414,25.712,3.00,2.99,0.0030,464,226
T-Default-1x,7415,25.715,3.11,3.09,0.0031,464,226
T-Default-1x,7416,25.718,3.08,3.10,0.0031,464,226
T-Default-1x,7417,25.721,2.89,2.90,0.0029,464,226
T-Default-1x,7418,25.724,3.21,3.20,0.0032,464,226
T-Default-1x,7419,25.727,3.25,3.22,0.0032,464,226
T-Default-1x,7420,25.730,3.05,3.08,0.0030,464,226
T-Default-1x,7421,25.733,3.20,3.20,0.0032,464,226
T-Default-1x,7422,25.736,3.01,2.99,0.0030,464,226
T-Default-1x,7423,25.740,3.12,3.11,0.0031,464,226
T-Default-1x,7424,25.743,3.07,3.10,0.0031,464,226
T-Default-1x,7425,25.746,2.90,2.90,0.0029,464,226
T-Default-1x,7426,25.749,3.23,3.20,0.0032,464,226
T-Default-1x,7427,25.752,3.19,3.19,0.0032,464,226
T-Default-1x,7428,25.755,3.39,3.40,0.0034,464,226
T-Default-1x,7429,25.759,3.19,3.20,0.0032,464,226
T-Default-1x,7430,25.762,3.00,3.00,0.0030,464,226
T-Default-1x,7431,25.765,3.11,3.10,0.0031,464,226
T-Default-1x,7432,25.768,2.99,3.00,0.0030,464,226
T-Default-1x,7433,25.770,2.79,2.78,0.0028,464,226
T-Default-1x,7434,25.774,3.13,3.12,0.0031,464,226
T-Default-1x,7435,25.777,3.09,3.09,0.0031,464,226
T-Default-1x,7436,25.780,2.98,2.99,0.0030,464,226
T-Default-1x,7437,25.783,3.21,3.21,0.0032,464,226
T-Default-1x,7438,25.786,2.90,2.89,0.0029,464,226
T-Default-1x,7439,25.789,2.78,2.80,0.0028,464,226
T-Default-1x,7440,25.792,3.14,3.10,0.0031,464,226
T-Default-1x,7441,25.795,3.09,3.10,0.0031,516,226
T-Default-1x,7442,25.798,3.00,2.99,0.0030,464,226
T-Default-1x,7443,25.801,3.09,3.10,0.0031,464,226
T-Default-1x,7444,25.804,3.02,3.00,0.0030,464,226
T-Default-1x,7445,25.807,3.18,3.19,0.0032,464,226
T-Default-1x,7446,25.810,2.99,3.01,0.0030,464,226
T-Default-1x,7447,25.813,2.78,2.79,0.0028,464,226
T-Default-1x,7448,25.816,3.23,3.20,0.0032,464,226
T-Default-1x,7449,25.819,2.90,2.90,0.0029,464,226
T-Default-1x,7450,25.822,2.77,2.79,0.0028,464,226
T-Default-1x,7451,25.825,3.03,3.00,0.0030,464,226
T-Default-1x,7452,25.828,2.99,3.01,0.0030,464,226
T-Default-1x,7453,25.831,3.10,3.09,0.0031,464,226
T-Default-1x,7454,25.834,3.21,3.20,0.0032,464,226
T-Default-1x,7455,25.837,3.08,3.10,0.0031,464,226
T-Default-1x,7456,25.840,3.22,3.19,0.0032,464,226
T-Default-1x,7457,25.843,3.11,3.11,0.0031,464,226
T-Default-1x,7458,25.846,2.86,2.89,0.0029,464,226
T-Default-1x,7459,25.850,3.22,3.21,0.0032,464,226
T-Default-1x,7460,25.852,2.88,2.88,0.0029,464,226
T-Default-1x,7461,25.855,2.80,2.80,0.0028,464,226
T-Default-1x,7462,25.858,3.12,3.11,0.0031,464,226
T-Default-1x,7463,25.861,2.92,2.90,0.0029,464,226
T-Default-1x,7464,25.864,3.11,3.09,0.0031,464,226
T-Default-1x,7465,25.868,3.21,3.21,0.0032,464,226
T-Default-1x,7466,25.871,2.95,2.98,0.0029,464,226
T-Default-1x,7467,25.874,3.52,3.51,0.0035,464,226
T-Default-1x,7468,25.877,2.99,2.99,0.0030,464,226
T-Default-1x,7469,25.880,3.11,3.10,0.0031,464,226
T-Default-1x,7470,25.883,3.30,3.31,0.0033,464,226
T-Default-1x,7471,25.887,3.10,3.09,0.0031,464,226
T-Default-1x,7472,25.890,2.99,2.99,0.0030,464,226
T-Default-1x,7473,25.893,3.11,3.11,0.0031,464,226
T-Default-1x,7474,25.896,3.01,2.99,0.0030,464,226
T-Default-1x,7475,25.899,3.24,3.21,0.0032,464,226
T-Default-1x,7476,25.902,3.15,3.19,0.0031,464,226
T-Default-1x,7477,25.905,2.98,2.99,0.0030,464,226
T-Default-1x,7478,25.908,3.23,3.21,0.0032,464,226
T-Default-1x,7479,25.911,2.99,3.00,0.0030,464,226
T-Default-1x,7480,25.914,2.91,2.89,0.0029,464,226
T-Default-1x,7481,25.917,3.08,3.09,0.0031,464,226
T-Default-1x,7482,25.920,2.89,2.90,0.0029,464,226
T-Default-1x,7483,25.923,3.16,3.12,0.0032,464,226
T-Default-1x,7484,25.926,2.96,2.99,0.0030,464,226
T-Default-1x,7485,25.929,2.89,2.89,0.0029,464,226
T-Default-1x,7486,25.932,3.22,3.21,0.0032,464,226
T-Default-1x,7487,25.935,2.88,2.89,0.0029,464,226
T-Default-1x,7488,25.938,2.80,2.80,0.0028,464,226
T-Default-1x,7489,25.941,3.11,3.10,0.0031,464,226
T-Default-1x,7490,25.944,3.00,3.00,0.0030,464,226
T-Default-1x,7491,25.947,2.69,2.70,0.0027,464,226
T-Default-1x,7492,25.950,3.00,3.00,0.0030,464,226
T-Default-1x,7493,25.953,3.01,3.01,0.0030,464,226
T-Default-1x,7494,25.956,2.90,2.89,0.0029,464,226
T-Default-1x,7495,25.959,3.08,3.10,0.0031,464,226
T-Default-1x,7496,25.962,3.03,3.00,0.0030,464,226
T-Default-1x,7497,25.965,3.21,3.20,0.0032,464,226
T-Default-1x,7498,25.968,3.08,3.09,0.0031,464,226
T-Default-1x,7499,25.971,2.87,2.90,0.0029,464,226
T-Default-1x,7500,25.974,3.32,3.30,0.0033,464,226
T-Default-1x,7501,25.977,2.93,2.91,0.0029,464,226
T-Default-1x,7502,25.980,2.97,3.00,0.0030,464,226
T-Default-1x,7503,25.983,3.20,3.19,0.0032,464,226
T-Default-1x,7504,25.986,3.01,3.01,0.0030,464,226
T-Default-1x,7505,25.990,3.10,3.08,0.0031,464,226
T-Default-1x,7506,25.993,3.36,3.31,0.0034,464,226
T-Default-1x,7507,25.996,3.23,3.29,0.0032,516,226
T-Default-1x,7508,25.999,3.12,3.10,0.0031,464,226
T-Default-1x,7509,26.002,3.07,3.10,0.0031,464,226
T-Default-1x,7510,26.005,2.78,2.79,0.0028,464,226
T-Default-1x,7511,26.008,3.23,3.00,0.0032,464,226
T-Default-1x,7512,26.012,3.19,3.40,0.0032,464,226
T-Default-1x,7513,26.015,3.12,3.10,0.0031,464,226
T-Default-1x,7514,26.018,3.10,3.10,0.0031,464,226
T-Default-1x,7515,26.021,2.99,3.00,0.0030,464,226
T-Default-1x,7516,26.024,3.31,3.30,0.0033,464,226
T-Default-1x,7517,26.027,2.89,2.89,0.0029,464,226
T-Default-1x,7518,26.030,3.01,3.01,0.0030,464,226
T-Default-1x,7519,26.033,3.18,3.19,0.0032,464,226
T-Default-1x,7520,26.036,3.02,3.00,0.0030,464,226
T-Default-1x,7521,26.039,2.77,2.80,0.0028,464,226
T-Default-1x,7522,26.042,3.01,3.00,0.0030,464,226
T-Default-1x,7523,26.045,3.04,3.02,0.0030,464,226
T-Default-1x,7524,26.048,3.29,3.28,0.0033,464,226
T-Default-1x,7525,26.051,3.21,3.20,0.0032,464,226
T-Default-1x,7526,26.054,2.99,3.01,0.0030,464,226
T-Default-1x,7527,26.058,3.28,3.28,0.0033,464,226
T-Default-1x,7528,26.061,3.22,3.21,0.0032,464,226
T-Default-1x,7529,26.064,3.22,3.19,0.0032,464,226
T-Default-1x,7530,26.067,3.14,3.19,0.0031,464,226
T-Default-1x,7531,26.070,2.99,2.99,0.0030,464,226
T-Default-1x,7532,26.073,3.05,3.01,0.0031,464,226
T-Default-1x,7533,26.076,3.07,3.10,0.0031,464,226
T-Default-1x,7534,26.079,2.89,2.89,0.0029,464,226
T-Default-1x,7535,26.083,3.21,3.20,0.0032,464,226
T-Default-1x,7536,26.085,2.90,2.89,0.0029,464,226
T-Default-1x,7537,26.089,3.12,3.11,0.0031,464,226
T-Default-1x,7538,26.092,3.38,3.39,0.0034,464,226
T-Default-1x,7539,26.095,3.00,3.00,0.0030,464,226
T-Default-1x,7540,26.098,3.22,3.20,0.0032,464,226
T-Default-1x,7541,26.101,3.17,3.20,0.0032,464,226
T-Default-1x,7542,26.104,3.02,3.00,0.0030,464,226
T-Default-1x,7543,26.108,3.21,3.20,0.0032,464,226
T-Default-1x,7544,26.111,3.09,3.10,0.0031,464,226
T-Default-1x,7545,26.114,3.28,3.29,0.0033,464,226
T-Default-1x,7546,26.117,3.11,3.10,0.0031,464,226
T-Default-1x,7547,26.120,3.00,3.00,0.0030,464,226
T-Default-1x,7548,26.123,3.02,3.00,0.0030,464,226
T-Default-1x,7549,26.126,3.27,3.29,0.0033,464,226
T-Default-1x,7550,26.129,3.01,3.00,0.0030,464,226
T-Default-1x,7551,26.133,3.33,3.30,0.0033,464,226
T-Default-1x,7552,26.136,2.89,2.88,0.0029,464,226
T-Default-1x,7553,26.138,2.77,2.80,0.0028,464,226
T-Default-1x,7554,26.141,3.02,3.00,0.0030,464,226
T-Default-1x,7555,26.144,2.91,2.91,0.0029,464,226
T-Default-1x,7556,26.147,3.03,3.00,0.0030,464,226
T-Default-1x,7557,26.150,3.16,3.19,0.0032,464,226
T-Default-1x,7558,26.153,2.92,2.90,0.0029,464,226
T-Default-1x,7559,26.156,3.12,3.10,0.0031,464,226
T-Default-1x,7560,26.160,3.08,3.11,0.0031,464,226
T-Default-1x,7561,26.163,3.10,3.09,0.0031,464,226
T-Default-1x,7562,26.166,3.50,3.49,0.0035,464,226
T-Default-1x,7563,26.169,3.29,3.30,0.0033,464,226
T-Default-1x,7564,26.173,3.10,3.11,0.0031,464,226
T-Default-1x,7565,26.176,3.21,3.20,0.0032,464,226
T-Default-1x,7566,26.179,2.98,2.98,0.0030,464,226
T-Default-1x,7567,26.182,3.23,3.19,0.0032,464,226
T-Default-1x,7568,26.185,3.28,3.31,0.0033,464,226
T-Default-1x,7569,26.188,3.21,3.20,0.0032,464,226
T-Default-1x,7570,26.192,3.39,3.40,0.0034,464,226
T-Default-1x,7571,26.195,3.00,2.99,0.0030,464,226
T-Default-1x,7572,26.198,2.79,2.81,0.0028,516,226
T-Default-1x,7573,26.201,3.23,3.20,0.0032,464,226
T-Default-1x,7574,26.204,3.31,3.31,0.0033,464,226
T-Default-1x,7575,26.207,3.29,3.29,0.0033,464,226
T-Default-1x,7576,26.211,3.16,3.19,0.0032,464,226
T-Default-1x,7577,26.214,2.90,2.90,0.0029,464,226
T-Default-1x,7578,26.217,3.12,3.10,0.0031,464,226
T-Default-1x,7579,26.220,3.01,3.00,0.0030,464,226
T-Default-1x,7580,26.223,3.11,3.10,0.0031,464,226
T-Default-1x,7581,26.226,3.08,3.09,0.0031,464,226
T-Default-1x,7582,26.229,3.00,3.00,0.0030,464,226
T-Default-1x,7583,26.232,3.42,3.40,0.0034,464,226
T-Default-1x,7584,26.235,3.12,3.11,0.0031,464,226
T-Default-1x,7585,26.238,3.08,3.10,0.0031,464,226
T-Default-1x,7586,26.242,3.17,3.18,0.0032,464,226
T-Default-1x,7587,26.245,2.92,2.89,0.0029,464,226
T-Default-1x,7588,26.247,2.88,2.91,0.0029,464,226
T-Default-1x,7589,26.251,3.31,3.29,0.0033,464,226
T-Default-1x,7590,26.254,2.99,2.99,0.0030,464,226
T-Default-1x,7591,26.257,3.35,3.32,0.0033,464,226
T-Default-1x,7592,26.260,3.06,3.07,0.0031,464,226
T-Default-1x,7593,26.263,2.90,2.90,0.0029,464,226
T-Default-1x,7594,26.266,3.22,3.21,0.0032,464,226
T-Default-1x,7595,26.269,2.89,2.89,0.0029,464,226
T-Default-1x,7596,26.272,2.79,2.80,0.0028,464,226
T-Default-1x,7597,26.275,3.10,3.10,0.0031,464,226
T-Default-1x,7598,26.278,3.01,2.99,0.0030,464,226
T-Default-1x,7599,26.281,3.23,3.20,0.0032,464,226
T-Default-1x,7600,26.285,3.29,3.29,0.0033,464,226
T-Default-1x,7601,26.287,2.85,2.88,0.0028,464,226
T-Default-1x,7602,26.291,3.24,3.21,0.0032,464,226
T-Default-1x,7603,26.294,2.99,3.00,0.0030,464,226
T-Default-1x,7604,26.297,2.91,2.90,0.0029,464,226
T-Default-1x,7605,26.300,3.30,3.30,0.0033,464,226
T-Default-1x,7606,26.303,3.00,3.00,0.0030,464,226
T-Default-1x,7607,26.306,2.88,2.90,0.0029,464,226
T-Default-1x,7608,26.309,3.10,3.09,0.0031,464,226
T-Default-1x,7609,26.312,2.93,2.90,0.0029,464,226
T-Default-1x,7610,26.315,3.13,3.12,0.0031,464,226
T-Default-1x,7611,26.318,3.05,3.08,0.0030,464,226
T-Default-1x,7612,26.321,2.89,2.89,0.0029,464,226
T-Default-1x,7613,26.324,3.22,3.21,0.0032,464,226
T-Default-1x,7614,26.327,2.90,2.89,0.0029,464,226
T-Default-1x,7615,26.330,2.89,2.90,0.0029,464,226
T-Default-1x,7616,26.333,3.20,3.19,0.0032,464,226
T-Default-1x,7617,26.336,2.90,2.90,0.0029,464,226
T-Default-1x,7618,26.339,2.78,2.80,0.0028,464,226
T-Default-1x,7619,26.342,3.03,3.01,0.0030,464,226
T-Default-1x,7620,26.345,3.00,2.99,0.0030,464,226
T-Default-1x,7621,26.348,3.22,3.20,0.0032,464,226
T-Default-1x,7622,26.351,3.18,3.19,0.0032,464,226
T-Default-1x,7623,26.355,3.34,3.33,0.0033,464,226
T-Default-1x,7624,26.358,3.26,3.27,0.0033,464,226
T-Default-1x,7625,26.361,2.98,2.99,0.0030,464,226
T-Default-1x,7626,26.364,2.81,2.81,0.0028,464,226
T-Default-1x,7627,26.367,3.11,3.09,0.0031,464,226
T-Default-1x,7628,26.370,3.01,3.01,0.0030,464,226
T-Default-1x,7629,26.373,3.02,3.00,0.0030,464,226
T-Default-1x,7630,26.376,3.08,3.10,0.0031,464,226
T-Default-1x,7631,26.379,3.12,3.10,0.0031,464,226
T-Default-1x,7632,26.382,3.20,3.20,0.0032,464,226
T-Default-1x,7633,26.385,3.22,3.19,0.0032,464,226
T-Default-1x,7634,26.389,3.24,3.29,0.0032,464,226
T-Default-1x,7635,26.392,3.23,3.21,0.0032,464,226
T-Default-1x,7636,26.395,3.22,3.20,0.0032,464,226
T-Default-1x,7637,26.398,3.39,3.39,0.0034,516,226
T-Default-1x,7638,26.402,3.17,3.18,0.0032,464,226
T-Default-1x,7639,26.404,2.88,2.90,0.0029,464,226
T-Default-1x,7640,26.408,3.22,3.22,0.0032,464,226
T-Default-1x,7641,26.411,3.10,3.09,0.0031,464,226
T-Default-1x,7642,26.414,2.91,2.90,0.0029,464,226
T-Default-1x,7643,26.417,3.20,3.20,0.0032,464,226
T-Default-1x,7644,26.420,2.97,2.99,0.0030,464,226
T-Default-1x,7645,26.423,3.05,3.01,0.0030,464,226
T-Default-1x,7646,26.426,3.19,3.20,0.0032,464,226
T-Default-1x,7647,26.429,3.23,3.20,0.0032,464,226
T-Default-1x,7648,26.433,3.46,3.49,0.0035,464,226
T-Default-1x,7649,26.436,3.09,3.10,0.0031,464,226
T-Default-1x,7650,26.439,2.91,2.90,0.0029,464,226
T-Default-1x,7651,26.442,3.10,3.11,0.0031,464,226
T-Default-1x,7652,26.445,3.09,3.07,0.0031,464,226
T-Default-1x,7653,26.448,3.15,3.12,0.0031,464,226
T-Default-1x,7654,26.451,3.26,3.28,0.0033,464,226
T-Default-1x,7655,26.455,3.30,3.29,0.0033,464,226
T-Default-1x,7656,26.458,3.29,3.29,0.0033,464,226
T-Default-1x,7657,26.461,3.11,3.11,0.0031,464,226
T-Default-1x,7658,26.464,2.79,2.79,0.0028,464,226
T-Default-1x,7659,26.467,3.01,3.01,0.0030,464,226
T-Default-1x,7660,26.470,3.53,3.50,0.0035,464,226
T-Default-1x,7661,26.474,3.40,3.41,0.0034,464,226
T-Default-1x,7662,26.477,3.29,3.28,0.0033,464,226
T-Default-1x,7663,26.480,3.19,3.20,0.0032,464,226
T-Default-1x,7664,26.483,3.08,3.08,0.0031,464,226
T-Default-1x,7665,26.486,3.00,3.01,0.0030,464,226
T-Default-1x,7666,26.489,2.96,2.90,0.0030,464,226
T-Default-1x,7667,26.492,3.15,3.19,0.0032,464,226
T-Default-1x,7668,26.496,3.10,3.10,0.0031,464,226
T-Default-1x,7669,26.499,3.23,3.21,0.0032,464,226
T-Default-1x,7670,26.502,3.08,3.08,0.0031,464,226
T-Default-1x,7671,26.505,2.96,3.00,0.0030,464,226
T-Default-1x,7672,26.508,3.30,3.29,0.0033,464,226
T-Default-1x,7673,26.511,3.23,3.19,0.0032,464,226
T-Default-1x,7674,26.515,3.19,3.21,0.0032,464,226
T-Default-1x,7675,26.518,3.20,3.20,0.0032,464,226
T-Default-1x,7676,26.521,3.09,3.09,0.0031,464,226
T-Default-1x,7677,26.524,3.20,3.21,0.0032,464,226
T-Default-1x,7678,26.527,2.89,2.89,0.0029,464,226
T-Default-1x,7679,26.530,2.99,3.00,0.0030,464,226
T-Default-1x,7680,26.533,3.43,3.40,0.0034,464,226
T-Default-1x,7681,26.536,3.08,3.10,0.0031,464,226
T-Default-1x,7682,26.539,3.01,3.00,0.0030,464,226
T-Default-1x,7683,26.543,3.20,3.21,0.0032,464,226
T-Default-1x,7684,26.546,3.09,3.09,0.0031,464,226
T-Default-1x,7685,26.549,3.32,3.31,0.0033,464,226
T-Default-1x,7686,26.552,3.31,3.30,0.0033,464,226
T-Default-1x,7687,26.555,3.08,3.10,0.0031,464,226
T-Default-1x,7688,26.559,3.20,3.19,0.0032,464,226
T-Default-1x,7689,26.562,3.22,3.20,0.0032,464,226
T-Default-1x,7690,26.565,3.22,3.20,0.0032,464,226
T-Default-1x,7691,26.568,3.16,3.19,0.0032,464,226
T-Default-1x,7692,26.572,3.31,3.30,0.0033,464,226
T-Default-1x,7693,26.575,3.63,3.60,0.0036,464,226
T-Default-1x,7694,26.579,3.41,3.40,0.0034,464,226
T-Default-1x,7695,26.582,3.75,3.71,0.0037,464,226
T-Default-1x,7696,26.586,3.22,3.28,0.0032,464,226
T-Default-1x,7697,26.589,3.08,3.09,0.0031,464,226
T-Default-1x,7698,26.592,3.13,3.11,0.0031,464,226
T-Default-1x,7699,26.595,3.38,3.38,0.0034,464,226
T-Default-1x,7700,26.598,3.30,3.31,0.0033,516,226
T-Default-1x,7701,26.602,3.18,3.19,0.0032,464,226
T-Default-1x,7702,26.605,2.89,2.89,0.0029,464,226
T-Default-1x,7703,26.608,3.32,3.31,0.0033,464,226
T-Default-1x,7704,26.611,3.22,3.21,0.0032,464,226
T-Default-1x,7705,26.614,2.85,2.88,0.0028,464,226
T-Default-1x,7706,26.617,3.13,3.11,0.0031,464,226
T-Default-1x,7707,26.620,2.99,3.00,0.0030,464,226
T-Default-1x,7708,26.623,3.13,3.10,0.0031,464,226
T-Default-1x,7709,26.626,3.18,3.20,0.0032,464,226
T-Default-1x,7710,26.630,3.21,3.20,0.0032,464,226
T-Default-1x,7711,26.633,3.40,3.39,0.0034,464,226
T-Default-1x,7712,26.636,3.51,3.50,0.0035,464,226
T-Default-1x,7713,26.640,3.19,3.20,0.0032,464,226
T-Default-1x,7714,26.643,3.31,3.30,0.0033,464,226
T-Default-1x,7715,26.646,3.31,3.30,0.0033,464,226
T-Default-1x,7716,26.650,3.39,3.40,0.0034,464,226
T-Default-1x,7717,26.653,3.20,3.20,0.0032,464,226
T-Default-1x,7718,26.656,3.00,3.00,0.0030,464,226
T-Default-1x,7719,26.659,3.21,3.20,0.0032,464,226
T-Default-1x,7720,26.662,3.10,3.10,0.0031,464,226
T-Default-1x,7721,26.666,3.33,3.31,0.0033,464,226
T-Default-1x,7722,26.669,3.27,3.28,0.0033,464,226
T-Default-1x,7723,26.672,3.08,3.10,0.0031,464,226
T-Default-1x,7724,26.675,3.53,3.50,0.0035,464,226
T-Default-1x,7725,26.679,3.95,3.90,0.0040,464,226
T-Default-1x,7726,26.683,3.50,3.49,0.0035,464,226
T-Default-1x,7727,26.686,3.46,3.49,0.0035,464,226
T-Default-1x,7728,26.689,3.19,3.21,0.0032,464,226
T-Default-1x,7729,26.693,3.29,3.27,0.0033,464,226
T-Default-1x,7730,26.696,3.25,3.23,0.0033,464,226
T-Default-1x,7731,26.699,3.28,3.27,0.0033,464,226
T-Default-1x,7732,26.702,3.10,3.09,0.0031,464,226
T-Default-1x,7733,26.706,3.27,3.30,0.0033,464,226
T-Default-1x,7734,26.709,3.40,3.40,0.0034,464,226
T-Default-1x,7735,26.713,3.45,3.40,0.0034,464,226
T-Default-1x,7736,26.716,3.50,3.51,0.0035,464,226
T-Default-1x,7737,26.720,3.57,3.57,0.0036,464,226
T-Default-1x,7738,26.723,3.19,3.22,0.0032,464,226
T-Default-1x,7739,26.726,3.22,3.19,0.0032,464,226
T-Default-1x,7740,26.729,3.30,3.30,0.0033,464,226
T-Default-1x,7741,26.733,3.29,3.29,0.0033,464,226
T-Default-1x,7742,26.736,3.12,3.10,0.0031,464,226
T-Default-1x,7743,26.739,3.16,3.20,0.0032,464,226
T-Default-1x,7744,26.742,3.32,3.30,0.0033,464,226
T-Default-1x,7745,26.746,3.40,3.40,0.0034,464,226
T-Default-1x,7746,26.749,3.41,3.40,0.0034,464,226
T-Default-1x,7747,26.752,3.22,3.21,0.0032,464,226
T-Default-1x,7748,26.755,2.96,2.98,0.0030,464,226
T-Default-1x,7749,26.758,3.32,3.31,0.0033,464,226
T-Default-1x,7750,26.762,3.54,3.51,0.0035,464,226
T-Default-1x,7751,26.765,3.16,3.17,0.0032,464,226
T-Default-1x,7752,26.768,3.11,3.12,0.0031,464,226
T-Default-1x,7753,26.771,2.99,3.00,0.0030,464,226
T-Default-1x,7754,26.774,3.23,3.22,0.0032,464,226
T-Default-1x,7755,26.778,3.06,3.08,0.0031,464,226
T-Default-1x,7756,26.780,2.87,2.89,0.0029,464,226
T-Default-1x,7757,26.784,3.35,3.32,0.0034,464,226
T-Default-1x,7758,26.787,3.11,3.09,0.0031,464,226
T-Default-1x,7759,26.790,3.19,3.19,0.0032,464,226
T-Default-1x,7760,26.793,3.18,3.19,0.0032,464,226
T-Default-1x,7761,26.796,3.14,3.11,0.0031,464,226
T-Default-1x,7762,26.800,3.37,3.39,0.0034,516,226
T-Default-1x,7763,26.803,3.30,3.29,0.0033,464,226
T-Default-1x,7764,26.806,3.08,3.10,0.0031,464,226
T-Default-1x,7765,26.809,3.11,3.10,0.0031,464,226
T-Default-1x,7766,26.812,3.23,3.21,0.0032,464,226
T-Default-1x,7767,26.816,3.19,3.20,0.0032,464,226
T-Default-1x,7768,26.819,3.05,3.06,0.0030,464,226
T-Default-1x,7769,26.822,3.05,3.03,0.0031,464,226
T-Default-1x,7770,26.825,3.27,3.30,0.0033,464,226
T-Default-1x,7771,26.828,3.10,3.09,0.0031,464,226
T-Default-1x,7772,26.832,3.47,3.42,0.0035,464,226
T-Default-1x,7773,26.835,3.39,3.39,0.0034,464,226
T-Default-1x,7774,26.838,3.45,3.49,0.0035,464,226
T-Default-1x,7775,26.842,3.22,3.20,0.0032,464,226
T-Default-1x,7776,26.845,3.29,3.29,0.0033,464,226
T-Default-1x,7777,26.848,3.11,3.11,0.0031,464,226
T-Default-1x,7778,26.851,3.19,3.19,0.0032,464,226
T-Default-1x,7779,26.854,3.12,3.11,0.0031,464,226
T-Default-1x,7780,26.858,3.17,3.19,0.0032,464,226
T-Default-1x,7781,26.861,3.14,3.11,0.0031,464,226
T-Default-1x,7782,26.864,2.84,2.89,0.0028,464,226
T-Default-1x,7783,26.867,3.12,3.11,0.0031,464,226
T-Default-1x,7784,26.870,3.10,3.10,0.0031,464,226
T-Default-1x,7785,26.873,3.01,3.00,0.0030,464,226
T-Default-1x,7786,26.876,3.31,3.31,0.0033,464,226
T-Default-1x,7787,26.879,3.16,3.18,0.0032,464,226
T-Default-1x,7788,26.882,3.22,3.21,0.0032,464,226
T-Default-1x,7789,26.886,3.40,3.39,0.0034,464,226
T-Default-1x,7790,26.889,3.31,3.31,0.0033,464,226
T-Default-1x,7791,26.892,3.08,3.09,0.0031,464,226
T-Default-1x,7792,26.895,3.19,3.19,0.0032,464,226
T-Default-1x,7793,26.899,3.36,3.32,0.0034,464,226
T-Default-1x,7794,26.902,3.27,3.29,0.0033,464,226
T-Default-1x,7795,26.905,3.08,3.09,0.0031,464,226
T-Default-1x,7796,26.909,3.41,3.40,0.0034,464,226
T-Default-1x,7797,26.912,2.98,2.99,0.0030,464,226
T-Default-1x,7798,26.915,3.03,3.02,0.0030,464,226
T-Default-1x,7799,26.918,3.52,3.50,0.0035,464,226
T-Default-1x,7800,26.921,3.27,3.29,0.0033,464,226
T-Default-1x,7801,26.925,3.52,3.50,0.0035,464,226
T-Default-1x,7802,26.928,3.51,3.50,0.0035,464,226
T-Default-1x,7803,26.932,3.32,3.29,0.0033,464,226
T-Default-1x,7804,26.935,3.36,3.39,0.0034,464,226
T-Default-1x,7805,26.939,3.52,3.51,0.0035,464,226
T-Default-1x,7806,26.942,3.58,3.60,0.0036,464,226
T-Default-1x,7807,26.946,3.40,3.39,0.0034,464,226
T-Default-1x,7808,26.949,3.31,3.30,0.0033,464,226
T-Default-1x,7809,26.952,3.21,3.20,0.0032,464,226
T-Default-1x,7810,26.955,3.07,3.09,0.0031,464,226
T-Default-1x,7811,26.959,3.39,3.38,0.0034,464,226
T-Default-1x,7812,26.962,3.22,3.21,0.0032,464,226
T-Default-1x,7813,26.965,3.11,3.10,0.0031,464,226
T-Default-1x,7814,26.968,3.32,3.30,0.0033,464,226
T-Default-1x,7815,26.972,3.34,3.37,0.0033,464,226
T-Default-1x,7816,26.975,3.32,3.31,0.0033,464,226
T-Default-1x,7817,26.978,3.03,3.01,0.0030,464,226
T-Default-1x,7818,26.981,2.87,2.88,0.0029,464,226
T-Default-1x,7819,26.984,3.44,3.42,0.0034,464,226
T-Default-1x,7820,26.987,3.19,3.19,0.0032,464,226
T-Default-1x,7821,26.991,3.39,3.40,0.0034,464,226
T-Default-1x,7822,26.994,3.12,3.09,0.0031,464,226
T-Default-1x,7823,26.997,2.95,3.00,0.0030,464,226
T-Default-1x,7824,27.000,3.01,3.01,0.0030,516,226
T-Default-1x,7825,27.003,2.91,2.89,0.0029,464,226
T-Default-1x,7826,27.006,3.11,3.10,0.0031,464,226
T-Default-1x,7827,27.009,3.37,3.38,0.0034,464,226
T-Default-1x,7828,27.012,3.21,3.20,0.0032,464,226
T-Default-1x,7829,27.016,3.32,3.31,0.0033,464,226
T-Default-1x,7830,27.019,3.06,3.08,0.0031,464,226
T-Default-1x,7831,27.022,2.90,2.90,0.0029,464,226
T-Default-1x,7832,27.025,3.22,3.21,0.0032,464,226
T-Default-1x,7833,27.028,3.04,2.99,0.0030,464,226
T-Default-1x,7834,27.031,3.07,3.09,0.0031,464,226
T-Default-1x,7835,27.034,3.23,3.21,0.0032,464,226
T-Default-1x,7836,27.037,3.18,3.20,0.0032,464,226
T-Default-1x,7837,27.041,3.30,3.31,0.0033,464,226
T-Default-1x,7838,27.044,3.08,3.08,0.0031,464,226
T-Default-1x,7839,27.047,2.80,2.81,0.0028,464,226
T-Default-1x,7840,27.050,3.22,3.20,0.0032,464,226
T-Default-1x,7841,27.053,3.29,3.28,0.0033,464,226
T-Default-1x,7842,27.056,3.00,2.99,0.0030,464,226
T-Default-1x,7843,27.059,3.20,3.21,0.0032,464,226
T-Default-1x,7844,27.062,2.91,2.89,0.0029,464,226
T-Default-1x,7845,27.066,3.30,3.31,0.0033,464,226
T-Default-1x,7846,27.069,3.17,3.18,0.0032,464,226
T-Default-1x,7847,27.072,3.09,3.11,0.0031,464,226
T-Default-1x,7848,27.075,3.10,3.09,0.0031,464,226
T-Default-1x,7849,27.078,3.06,3.01,0.0031,464,226
T-Default-1x,7850,27.081,3.28,3.30,0.0033,464,226
T-Default-1x,7851,27.084,3.18,3.19,0.0032,464,226
T-Default-1x,7852,27.087,3.01,3.01,0.0030,464,226
T-Default-1x,7853,27.091,3.24,3.21,0.0032,464,226
T-Default-1x,7854,27.094,3.48,3.49,0.0035,464,226
T-Default-1x,7855,27.097,3.06,3.08,0.0031,464,226
T-Default-1x,7856,27.100,3.23,3.21,0.0032,464,226
T-Default-1x,7857,27.104,3.09,3.09,0.0031,464,226
T-Default-1x,7858,27.107,3.23,3.20,0.0032,464,226
T-Default-1x,7859,27.110,3.16,3.19,0.0032,464,226
T-Default-1x,7860,27.113,3.12,3.10,0.0031,464,226
T-Default-1x,7861,27.116,3.23,3.20,0.0032,464,226
T-Default-1x,7862,27.119,3.04,3.09,0.0030,464,226
T-Default-1x,7863,27.122,3.12,3.10,0.0031,464,226
T-Default-1x,7864,27.126,3.18,3.19,0.0032,464,226
T-Default-1x,7865,27.129,3.13,3.10,0.0031,464,226
T-Default-1x,7866,27.132,2.99,3.01,0.0030,464,226
T-Default-1x,7867,27.135,3.07,3.09,0.0031,464,226
T-Default-1x,7868,27.138,3.24,3.21,0.0032,464,226
T-Default-1x,7869,27.141,3.39,3.40,0.0034,464,226
T-Default-1x,7870,27.144,2.99,3.00,0.0030,464,226
T-Default-1x,7871,27.147,2.88,2.89,0.0029,464,226
T-Default-1x,7872,27.151,3.22,3.20,0.0032,464,226
T-Default-1x,7873,27.154,2.97,2.98,0.0030,464,226
T-Default-1x,7874,27.157,3.01,3.01,0.0030,464,226
T-Default-1x,7875,27.160,3.20,3.19,0.0032,464,226
T-Default-1x,7876,27.163,3.12,3.11,0.0031,464,226
T-Default-1x,7877,27.166,3.41,3.40,0.0034,464,226
T-Default-1x,7878,27.169,3.07,3.10,0.0031,464,226
T-Default-1x,7879,27.172,2.88,2.88,0.0029,464,226
T-Default-1x,7880,27.175,3.11,3.11,0.0031,464,226
T-Default-1x,7881,27.178,2.94,2.91,0.0029,464,226
T-Default-1x,7882,27.181,3.09,3.10,0.0031,464,226
T-Default-1x,7883,27.184,3.07,3.09,0.0031,464,226
T-Default-1x,7884,27.188,3.22,3.20,0.0032,464,226
T-Default-1x,7885,27.191,3.35,3.33,0.0033,464,226
T-Default-1x,7886,27.195,3.49,3.49,0.0035,464,226
T-Default-1x,7887,27.198,3.29,3.28,0.0033,464,226
T-Default-1x,7888,27.201,3.16,3.20,0.0032,516,226
T-Default-1x,7889,27.204,3.23,3.21,0.0032,464,226
T-Default-1x,7890,27.207,3.08,3.08,0.0031,464,226
T-Default-1x,7891,27.210,3.19,3.19,0.0032,464,226
T-Default-1x,7892,27.214,3.32,3.30,0.0033,464,226
T-Default-1x,7893,27.218,3.90,3.90,0.0039,464,226
T-Default-1x,7894,27.221,3.30,3.30,0.0033,464,226
T-Default-1x,7895,27.224,3.29,3.30,0.0033,464,226
T-Default-1x,7896,27.228,3.43,3.40,0.0034,464,226
T-Default-1x,7897,27.231,3.39,3.41,0.0034,464,226
T-Default-1x,7898,27.234,3.30,3.29,0.0033,464,226
T-Default-1x,7899,27.238,3.18,3.20,0.0032,464,226
T-Default-1x,7900,27.241,3.29,3.30,0.0033,464,226
T-Default-1x,7901,27.244,3.31,3.29,0.0033,464,226
T-Default-1x,7902,27.247,3.19,3.21,0.0032,464,226
T-Default-1x,7903,27.251,3.29,3.29,0.0033,464,226
T-Default-1x,7904,27.254,3.12,3.11,0.0031,464,226
T-Default-1x,7905,27.257,3.32,3.31,0.0033,464,226
T-Default-1x,7906,27.260,3.18,3.18,0.0032,464,226
T-Default-1x,7907,27.263,3.09,3.10,0.0031,464,226
T-Default-1x,7908,27.267,3.18,3.19,0.0032,464,226
T-Default-1x,7909,27.269,2.92,2.91,0.0029,464,226
T-Default-1x,7910,27.273,3.11,3.11,0.0031,464,226
T-Default-1x,7911,27.276,3.29,3.29,0.0033,464,226
T-Default-1x,7912,27.279,3.19,3.18,0.0032,464,226
T-Default-1x,7913,27.282,2.99,3.00,0.0030,464,226
T-Default-1x,7914,27.285,3.12,3.11,0.0031,464,226
T-Default-1x,7915,27.288,3.20,3.19,0.0032,464,226
T-Default-1x,7916,27.292,3.28,3.29,0.0033,464,226
T-Default-1x,7917,27.295,3.02,3.00,0.0030,464,226
T-Default-1x,7918,27.298,3.07,3.10,0.0031,464,226
T-Default-1x,7919,27.301,3.34,3.31,0.0033,464,226
T-Default-1x,7920,27.304,3.08,3.08,0.0031,464,226
T-Default-1x,7921,27.308,3.55,3.50,0.0036,464,226
T-Default-1x,7922,27.311,3.36,3.40,0.0034,464,226
T-Default-1x,7923,27.314,2.97,2.99,0.0030,464,226
T-Default-1x,7924,27.317,3.12,3.09,0.0031,464,226
T-Default-1x,7925,27.320,3.30,3.30,0.0033,464,226
T-Default-1x,7926,27.324,3.44,3.41,0.0034,464,226
T-Default-1x,7927,27.327,3.14,3.18,0.0031,464,226
T-Default-1x,7928,27.330,3.01,3.00,0.0030,464,226
T-Default-1x,7929,27.333,3.14,3.11,0.0031,464,226
T-Default-1x,7930,27.336,3.17,3.19,0.0032,464,226
T-Default-1x,7931,27.340,3.15,3.11,0.0032,464,226
T-Default-1x,7932,27.343,3.14,3.18,0.0031,464,226
T-Default-1x,7933,27.346,3.12,3.11,0.0031,464,226
T-Default-1x,7934,27.349,3.50,3.50,0.0035,464,226
T-Default-1x,7935,27.353,3.30,3.30,0.0033,464,226
T-Default-1x,7936,27.355,2.88,2.89,0.0029,464,226
T-Default-1x,7937,27.359,3.21,3.20,0.0032,464,226
T-Default-1x,7938,27.362,3.04,2.99,0.0030,464,226
T-Default-1x,7939,27.365,3.28,3.31,0.0033,464,226
T-Default-1x,7940,27.368,3.08,3.09,0.0031,464,226
T-Default-1x,7941,27.371,3.09,3.10,0.0031,464,226
T-Default-1x,7942,27.374,3.19,3.19,0.0032,464,226
T-Default-1x,7943,27.377,2.91,2.91,0.0029,464,226
T-Default-1x,7944,27.380,2.91,2.90,0.0029,464,226
T-Default-1x,7945,27.383,3.09,3.09,0.0031,464,226
T-Default-1x,7946,27.386,2.93,2.91,0.0029,464,226
T-Default-1x,7947,27.389,3.00,2.99,0.0030,464,226
T-Default-1x,7948,27.392,3.30,3.31,0.0033,464,226
T-Default-1x,7949,27.396,3.08,3.09,0.0031,464,226
T-Default-1x,7950,27.399,3.13,3.09,0.0031,464,226
T-Default-1x,7951,27.402,2.96,3.00,0.0030,516,226
T-Default-1x,7952,27.405,2.91,2.91,0.0029,464,226
T-Default-1x,7953,27.408,3.14,3.11,0.0031,464,226
T-Default-1x,7954,27.411,3.05,3.08,0.0031,464,226
T-Default-1x,7955,27.414,2.88,2.89,0.0029,464,226
T-Default-1x,7956,27.417,3.03,3.02,0.0030,464,226
T-Default-1x,7957,27.420,3.01,2.99,0.0030,464,226
T-Default-1x,7958,27.423,2.89,2.89,0.0029,464,226
T-Default-1x,7959,27.426,3.31,3.30,0.0033,464,226
T-Default-1x,7960,27.429,3.19,3.20,0.0032,464,226
T-Default-1x,7961,27.432,3.41,3.40,0.0034,464,226
T-Default-1x,7962,27.436,3.20,3.20,0.0032,464,226
T-Default-1x,7963,27.439,2.96,2.99,0.0030,464,226
T-Default-1x,7964,27.442,3.23,3.21,0.0032,464,226
T-Default-1x,7965,27.445,3.09,3.09,0.0031,464,226
T-Default-1x,7966,27.448,3.21,3.20,0.0032,464,226
T-Default-1x,7967,27.451,3.30,3.29,0.0033,464,226
T-Default-1x,7968,27.455,3.18,3.19,0.0032,464,226
T-Default-1x,7969,27.458,3.31,3.30,0.0033,464,226
T-Default-1x,7970,27.461,2.98,3.00,0.0030,464,226
T-Default-1x,7971,27.464,2.90,2.90,0.0029,464,226
T-Default-1x,7972,27.467,3.21,3.20,0.0032,464,226
T-Default-1x,7973,27.471,3.66,3.61,0.0037,464,226
T-Default-1x,7974,27.474,3.46,3.50,0.0035,464,226
T-Default-1x,7975,27.477,2.98,2.99,0.0030,464,226
T-Default-1x,7976,27.480,3.00,2.99,0.0030,464,226
T-Default-1x,7977,27.484,3.41,3.42,0.0034,464,226
T-Default-1x,7978,27.487,3.11,3.09,0.0031,464,226
T-Default-1x,7979,27.490,3.20,3.19,0.0032,464,226
T-Default-1x,7980,27.493,3.08,3.10,0.0031,464,226
T-Default-1x,7981,27.496,3.02,3.01,0.0030,464,226
T-Default-1x,7982,27.499,3.19,3.19,0.0032,464,226
T-Default-1x,7983,27.502,2.99,3.00,0.0030,464,226
T-Default-1x,7984,27.505,2.90,2.90,0.0029,464,226
T-Default-1x,7985,27.508,3.19,3.20,0.0032,464,226
T-Default-1x,7986,27.511,3.12,3.10,0.0031,464,226
T-Default-1x,7987,27.515,3.31,3.30,0.0033,464,226
T-Default-1x,7988,27.518,3.07,3.09,0.0031,464,226
T-Default-1x,7989,27.521,3.11,3.10,0.0031,464,226
T-Default-1x,7990,27.524,3.20,3.19,0.0032,464,226
T-Default-1x,7991,27.527,3.00,3.00,0.0030,464,226
T-Default-1x,7992,27.530,2.88,2.90,0.0029,464,226
T-Default-1x,7993,27.533,3.24,3.22,0.0032,464,226
T-Default-1x,7994,27.536,2.89,2.90,0.0029,464,226
T-Default-1x,7995,27.539,2.87,2.89,0.0029,464,226
T-Default-1x,7996,27.542,3.12,3.10,0.0031,464,226
T-Default-1x,7997,27.545,3.03,3.00,0.0030,464,226
T-Default-1x,7998,27.550,4.80,4.81,0.0048,1476,225
T-Default-1x,7999,27.553,3.60,3.59,0.0036,464,225
T-Default-1x,8000,27.557,3.10,3.10,0.0031,464,225
T-Default-1x,8001,27.560,3.70,3.71,0.0037,1300,224
T-Default-1x,8002,27.564,3.38,3.38,0.0034,464,224
T-Default-1x,8003,27.567,3.21,3.20,0.0032,464,224
T-Default-1x,8004,27.570,3.60,3.59,0.0036,1300,223
T-Default-1x,8005,27.574,3.50,3.50,0.0035,464,223
T-Default-1x,8006,27.577,2.89,2.90,0.0029,464,223
T-Default-1x,8007,27.580,3.40,3.40,0.0034,682,222
T-Default-1x,8008,27.583,3.20,3.19,0.0032,464,222
T-Default-1x,8009,27.587,3.11,3.10,0.0031,464,222
T-Default-1x,8010,27.590,3.62,3.60,0.0036,906,221
T-Default-1x,8011,27.593,3.07,3.10,0.0031,464,221
T-Default-1x,8012,27.596,3.04,3.00,0.0030,464,221
T-Default-1x,8013,27.600,3.56,3.59,0.0036,682,220
T-Default-1x,8014,27.603,2.98,3.00,0.0030,516,220
T-Default-1x,8015,27.606,2.80,2.80,0.0028,464,220
T-Default-1x,8016,27.609,3.51,3.50,0.0035,682,219
T-Default-1x,8017,27.612,3.02,3.00,0.0030,464,219
T-Default-1x,8018,27.615,3.32,3.31,0.0033,464,219
T-Default-1x,8019,27.619,3.40,3.40,0.0034,682,218
T-Default-1x,8020,27.622,2.86,2.88,0.0029,464,218
T-Default-1x,8021,27.625,3.03,3.00,0.0030,464,218
T-Default-1x,8022,27.628,2.78,2.79,0.0028,464,218
T-Default-1x,8023,27.631,3.32,3.31,0.0033,1066,217
T-Default-1x,8024,27.634,3.00,2.99,0.0030,464,217
T-Default-1x,8025,27.637,3.03,3.02,0.0030,464,217
T-Default-1x,8026,27.640,3.47,3.48,0.0035,682,216
T-Default-1x,8027,27.643,3.11,3.11,0.0031,464,216
T-Default-1x,8028,27.646,3.02,3.01,0.0030,464,216
T-Default-1x,8029,27.650,3.56,3.58,0.0036,682,215
T-Default-1x,8030,27.653,3.11,3.10,0.0031,464,215
T-Default-1x,8031,27.656,2.90,2.91,0.0029,464,215
T-Default-1x,8032,27.660,3.51,3.49,0.0035,682,214
T-Default-1x,8033,27.663,3.20,3.20,0.0032,464,214
T-Default-1x,8034,27.666,3.38,3.39,0.0034,464,214
T-Default-1x,8035,27.669,3.29,3.30,0.0033,682,213
T-Default-1x,8036,27.672,3.00,3.00,0.0030,464,213
T-Default-1x,8037,27.676,3.10,3.10,0.0031,464,213
T-Default-1x,8038,27.679,3.52,3.50,0.0035,682,212
T-Default-1x,8039,27.683,3.59,3.60,0.0036,464,212
T-Default-1x,8040,27.686,3.15,3.11,0.0031,464,212
T-Default-1x,8041,27.689,3.55,3.59,0.0036,682,211
T-Default-1x,8042,27.692,3.09,3.10,0.0031,464,211
T-Default-1x,8043,27.696,3.10,3.09,0.0031,464,211
T-Default-1x,8044,27.699,3.62,3.60,0.0036,682,210
T-Default-1x,8045,27.702,3.10,3.10,0.0031,464,210
T-Default-1x,8046,27.705,2.96,2.99,0.0030,464,210
T-Default-1x,8047,27.709,3.72,3.71,0.0037,1386,209
T-Default-1x,8048,27.712,3.08,3.09,0.0031,464,209
T-Default-1x,8049,27.715,3.12,3.10,0.0031,464,209
T-Default-1x,8050,27.719,3.37,3.40,0.0034,682,208
T-Default-1x,8051,27.722,3.01,2.99,0.0030,464,208
T-Default-1x,8052,27.725,3.09,3.10,0.0031,464,208
T-Default-1x,8053,27.727,2.80,2.80,0.0028,464,208
T-Default-1x,8054,27.731,3.20,3.20,0.0032,682,207
T-Default-1x,8055,27.734,3.01,3.00,0.0030,464,207
T-Default-1x,8056,27.737,3.01,3.00,0.0030,464,207
T-Default-1x,8057,27.740,3.40,3.39,0.0034,682,206
T-Default-1x,8058,27.743,3.10,3.11,0.0031,464,206
T-Default-1x,8059,27.746,2.90,2.89,0.0029,464,206
T-Default-1x,8060,27.750,3.61,3.60,0.0036,682,205
T-Default-1x,8061,27.753,3.29,3.30,0.0033,464,205
T-Default-1x,8062,27.756,2.89,2.90,0.0029,464,205
T-Default-1x,8063,27.759,3.40,3.38,0.0034,682,204
T-Default-1x,8064,27.762,3.02,3.01,0.0030,464,204
T-Default-1x,8065,27.765,3.04,3.00,0.0030,464,204
T-Default-1x,8066,27.769,3.45,3.52,0.0035,682,203
T-Default-1x,8067,27.772,2.89,2.88,0.0029,464,203
T-Default-1x,8068,27.775,3.09,3.09,0.0031,464,203
T-Default-1x,8069,27.777,2.69,2.70,0.0027,464,203
T-Default-1x,8070,27.781,3.20,3.20,0.0032,682,202
T-Default-1x,8071,27.784,3.11,3.10,0.0031,464,202
T-Default-1x,8072,27.787,3.01,3.00,0.0030,464,202
T-Default-1x,8073,27.790,3.46,3.40,0.0035,682,201
T-Default-1x,8074,27.793,3.24,3.30,0.0032,464,201
T-Default-1x,8075,27.796,2.87,2.88,0.0029,464,201
T-Default-1x,8076,27.800,3.46,3.41,0.0035,682,200
T-Default-1x,8077,27.803,3.08,3.10,0.0031,464,200
T-Default-1x,8078,27.806,2.76,2.79,0.0028,516,200
T-Default-1x,8079,27.809,3.41,3.41,0.0034,682,199
T-Default-1x,8080,27.812,2.91,2.90,0.0029,464,199
T-Default-1x,8081,27.815,3.01,3.00,0.0030,464,199
T-Default-1x,8082,27.818,3.38,3.39,0.0034,682,198
T-Default-1x,8083,27.821,2.81,2.80,0.0028,464,198
T-Default-1x,8084,27.824,3.01,3.00,0.0030,464,198
T-Default-1x,8085,27.827,2.89,2.90,0.0029,464,198
T-Default-1x,8086,27.830,3.20,3.20,0.0032,682,197
T-Default-1x,8087,27.833,3.21,3.20,0.0032,464,197
T-Default-1x,8088,27.836,2.98,2.99,0.0030,464,197
T-Default-1x,8089,27.840,3.33,3.30,0.0033,682,196
T-Default-1x,8090,27.843,2.99,3.00,0.0030,464,196
T-Default-1x,8091,27.846,3.01,3.00,0.0030,464,196
T-Default-1x,8092,27.849,3.59,3.60,0.0036,682,195
T-Default-1x,8093,27.852,2.82,2.79,0.0028,464,195
T-Default-1x,8094,27.855,2.88,2.90,0.0029,464,195
T-Default-1x,8095,27.858,3.41,3.41,0.0034,682,194
T-Default-1x,8096,27.861,3.03,3.00,0.0030,464,194
T-Default-1x,8097,27.865,3.26,3.30,0.0033,464,194
T-Default-1x,8098,27.868,2.97,2.98,0.0030,464,194
T-Default-1x,8099,27.871,3.43,3.41,0.0034,2026,193
T-Default-1x,8100,27.875,3.54,3.51,0.0035,464,193
T-Default-1x,8101,27.878,3.18,3.20,0.0032,464,193
T-Default-1x,8102,27.882,3.81,3.79,0.0038,682,192
T-Default-1x,8103,27.885,3.18,3.20,0.0032,464,192
T-Default-1x,8104,27.888,3.61,3.60,0.0036,682,191
T-Default-1x,8105,27.892,3.29,3.30,0.0033,464,191
T-Default-1x,8106,27.895,3.00,3.00,0.0030,464,191
T-Default-1x,8107,27.898,2.99,2.99,0.0030,464,191
T-Default-1x,8108,27.901,3.62,3.60,0.0036,682,190
T-Default-1x,8109,27.905,3.45,3.40,0.0035,464,190
T-Default-1x,8110,27.908,3.23,3.29,0.0032,464,190
T-Default-1x,8111,27.912,3.53,3.50,0.0035,682,189
T-Default-1x,8112,27.915,3.18,3.20,0.0032,464,189
T-Default-1x,8113,27.918,2.98,2.99,0.0030,464,189
T-Default-1x,8114,27.921,3.21,3.18,0.0032,682,188
T-Default-1x,8115,27.924,3.13,3.12,0.0031,464,188
T-Default-1x,8116,27.927,2.78,2.80,0.0028,464,188
T-Default-1x,8117,27.930,3.30,3.31,0.0033,682,187
T-Default-1x,8118,27.933,3.00,2.99,0.0030,464,187
T-Default-1x,8119,27.936,2.79,2.79,0.0028,464,187
T-Default-1x,8120,27.939,3.42,3.41,0.0034,682,186
T-Default-1x,8121,27.942,3.01,3.01,0.0030,464,186
T-Default-1x,8122,27.945,3.00,2.98,0.0030,464,186
T-Default-1x,8123,27.949,3.41,3.40,0.0034,682,185
T-Default-1x,8124,27.952,2.79,2.80,0.0028,464,185
T-Default-1x,8125,27.954,2.89,2.91,0.0029,464,185
T-Default-1x,8126,27.957,3.00,2.99,0.0030,464,185
T-Default-1x,8127,27.961,3.18,3.20,0.0032,682,184
T-Default-1x,8128,27.963,2.81,2.80,0.0028,464,184
T-Default-1x,8129,27.966,2.99,2.99,0.0030,464,184
T-Default-1x,8130,27.970,3.11,3.10,0.0031,682,183
T-Default-1x,8131,27.972,2.80,2.80,0.0028,464,183
T-Default-1x,8132,27.975,2.90,2.90,0.0029,464,183
T-Default-1x,8133,27.979,3.32,3.30,0.0033,682,182
T-Default-1x,8134,27.982,3.11,3.10,0.0031,464,182
T-Default-1x,8135,27.985,2.97,3.00,0.0030,464,182
T-Default-1x,8136,27.987,2.78,2.78,0.0028,464,182
T-Default-1x,8137,27.991,3.62,3.61,0.0036,682,181
T-Default-1x,8138,27.994,2.79,2.81,0.0028,464,181
T-Default-1x,8139,27.996,2.59,2.60,0.0026,464,181
T-Default-1x,8140,28.000,3.41,3.40,0.0034,1300,180
T-Default-1x,8141,28.003,3.00,2.99,0.0030,464,180
T-Default-1x,8142,28.006,2.79,2.80,0.0028,464,180
T-Default-1x,8143,28.009,3.73,3.49,0.0037,1352,179
T-Default-1x,8144,28.013,3.18,3.40,0.0032,464,179
T-Default-1x,8145,28.016,3.03,3.01,0.0030,464,179
T-Default-1x,8146,28.019,3.35,3.38,0.0034,1300,178
T-Default-1x,8147,28.022,3.23,3.22,0.0032,464,178
T-Default-1x,8148,28.025,2.79,2.79,0.0028,464,178
T-Default-1x,8149,28.028,2.58,2.59,0.0026,464,178
T-Default-1x,8150,28.030,2.60,2.60,0.0026,464,178
T-Default-1x,8151,28.033,3.13,3.10,0.0031,464,178
T-Default-1x,8152,28.036,2.79,2.81,0.0028,464,178
T-Default-1x,8153,28.039,2.59,2.59,0.0026,464,178
T-Default-1x,8154,28.042,3.03,3.00,0.0030,464,178
T-Default-1x,8155,28.045,2.87,2.89,0.0029,464,178
T-Default-1x,8156,28.047,2.61,2.62,0.0026,464,178
T-Default-1x,8157,28.050,2.92,2.90,0.0029,464,178
T-Default-1x,8158,28.053,2.91,2.89,0.0029,464,178
T-Default-1x,8159,28.056,3.09,3.10,0.0031,464,178
T-Default-1x,8160,28.059,3.00,3.01,0.0030,464,178
T-Default-1x,8161,28.062,2.93,2.88,0.0029,464,178
T-Default-1x,8162,28.065,2.88,2.90,0.0029,464,178
T-Default-1x,8163,28.068,2.98,2.99,0.0030,464,178
T-Default-1x,8164,28.071,2.80,2.81,0.0028,464,178
T-Default-1x,8165,28.074,2.91,2.90,0.0029,464,178
T-Default-1x,8166,28.076,2.89,2.89,0.0029,464,178
T-Default-1x,8167,28.079,2.59,2.59,0.0026,464,178
T-Default-1x,8168,28.082,2.93,2.91,0.0029,464,178
T-Default-1x,8169,28.085,2.92,2.90,0.0029,464,178
T-Default-1x,8170,28.088,2.85,2.90,0.0028,464,178
T-Default-1x,8171,28.091,3.03,3.00,0.0030,464,178
T-Default-1x,8172,28.093,2.68,2.70,0.0027,464,178
T-Default-1x,8173,28.096,2.71,2.69,0.0027,464,178
T-Default-1x,8174,28.099,3.01,2.99,0.0030,464,178
T-Default-1x,8175,28.102,2.79,2.80,0.0028,464,178
T-Default-1x,8176,28.105,2.70,2.70,0.0027,464,178
T-Default-1x,8177,28.108,3.20,3.20,0.0032,464,178
T-Default-1x,8178,28.111,2.69,2.70,0.0027,464,178
T-Default-1x,8179,28.113,2.70,2.69,0.0027,464,178
T-Default-1x,8180,28.116,2.92,2.90,0.0029,464,178
T-Default-1x,8181,28.119,2.67,2.70,0.0027,464,178
T-Default-1x,8182,28.122,2.83,2.81,0.0028,464,178
T-Default-1x,8183,28.125,2.98,2.99,0.0030,464,178
T-Default-1x,8184,28.127,2.84,2.82,0.0028,464,178
T-Default-1x,8185,28.130,2.96,2.99,0.0030,464,178
T-Default-1x,8186,28.133,2.91,2.89,0.0029,464,178
T-Default-1x,8187,28.136,2.80,2.80,0.0028,464,178
T-Default-1x,8188,28.139,2.81,2.80,0.0028,464,178
T-Default-1x,8189,28.142,3.00,3.01,0.0030,464,178
T-Default-1x,8190,28.145,2.90,2.88,0.0029,464,178
T-Default-1x,8191,28.148,3.01,3.01,0.0030,464,178
T-Default-1x,8192,28.151,2.90,2.90,0.0029,464,178
T-Default-1x,8193,28.154,3.10,3.09,0.0031,464,178
T-Default-1x,8194,28.157,3.21,3.20,0.0032,464,178
T-Default-1x,8195,28.160,3.31,3.31,0.0033,464,178
T-Default-1x,8196,28.164,3.18,3.19,0.0032,464,178
T-Default-1x,8197,28.167,2.98,2.99,0.0030,464,178
T-Default-1x,8198,28.169,2.91,2.91,0.0029,464,178
T-Default-1x,8199,28.172,3.00,3.00,0.0030,464,178
T-Default-1x,8200,28.176,3.20,3.19,0.0032,464,178
T-Default-1x,8201,28.179,2.91,2.91,0.0029,464,178
T-Default-1x,8202,28.182,2.99,2.99,0.0030,464,178
T-Default-1x,8203,28.185,3.08,3.09,0.0031,464,178
T-Default-1x,8204,28.187,2.81,2.80,0.0028,464,178
T-Default-1x,8205,28.191,3.12,3.10,0.0031,464,178
T-Default-1x,8206,28.193,2.79,2.80,0.0028,464,178
T-Default-1x,8207,28.196,2.69,2.69,0.0027,464,178
T-Default-1x,8208,28.199,3.21,3.21,0.0032,464,178
T-Default-1x,8209,28.202,2.79,2.79,0.0028,464,178
T-Default-1x,8210,28.205,2.79,2.80,0.0028,464,178
T-Default-1x,8211,28.208,3.03,3.00,0.0030,464,178
T-Default-1x,8212,28.211,2.68,2.70,0.0027,516,178
T-Default-1x,8213,28.213,2.61,2.60,0.0026,464,178
T-Default-1x,8214,28.216,2.91,2.90,0.0029,464,178
T-Default-1x,8215,28.219,2.67,2.70,0.0027,464,178
T-Default-1x,8216,28.221,2.59,2.59,0.0026,464,178
T-Default-1x,8217,28.224,3.05,3.01,0.0030,464,178
T-Default-1x,8218,28.227,2.78,2.80,0.0028,464,178
T-Default-1x,8219,28.230,2.83,2.80,0.0028,464,178
T-Default-1x,8220,28.233,2.95,2.98,0.0030,464,178
T-Default-1x,8221,28.236,2.81,2.81,0.0028,464,178
T-Default-1x,8222,28.239,2.80,2.81,0.0028,464,178
T-Default-1x,8223,28.242,3.01,2.99,0.0030,464,178
T-Default-1x,8224,28.244,2.80,2.79,0.0028,464,178
T-Default-1x,8225,28.247,2.81,2.81,0.0028,464,178
T-Default-1x,8226,28.250,3.10,3.09,0.0031,464,178
T-Default-1x,8227,28.253,2.89,2.89,0.0029,464,178
T-Default-1x,8228,28.256,2.83,2.82,0.0028,464,178
T-Default-1x,8229,28.259,3.09,3.09,0.0031,464,178
T-Default-1x,8230,28.262,2.78,2.79,0.0028,464,178
T-Default-1x,8231,28.265,2.93,2.91,0.0029,464,178
T-Default-1x,8232,28.268,2.89,2.90,0.0029,464,178
T-Default-1x,8233,28.270,2.72,2.71,0.0027,464,178
T-Default-1x,8234,28.274,3.39,3.39,0.0034,464,178
T-Default-1x,8235,28.277,2.98,2.99,0.0030,464,178
T-Default-1x,8236,28.280,2.79,2.80,0.0028,464,178
T-Default-1x,8237,28.283,3.35,3.31,0.0033,464,178
T-Default-1x,8238,28.286,2.98,2.99,0.0030,464,178
T-Default-1x,8239,28.289,2.98,2.99,0.0030,464,178
T-Default-1x,8240,28.292,3.09,3.09,0.0031,464,178
T-Default-1x,8241,28.295,3.06,3.01,0.0031,464,178
T-Default-1x,8242,28.298,3.18,3.19,0.0032,464,178
T-Default-1x,8243,28.301,3.07,3.10,0.0031,464,178
T-Default-1x,8244,28.304,3.14,3.11,0.0031,464,178
T-Default-1x,8245,28.308,3.28,3.28,0.0033,464,178
T-Default-1x,8246,28.311,2.89,2.90,0.0029,464,178
T-Default-1x,8247,28.314,3.40,3.40,0.0034,464,178
T-Default-1x,8248,28.317,3.23,3.21,0.0032,464,178
T-Default-1x,8249,28.320,3.08,3.09,0.0031,464,178
T-Default-1x,8250,28.323,2.98,3.00,0.0030,464,178
T-Default-1x,8251,28.326,2.92,2.89,0.0029,464,178
T-Default-1x,8252,28.329,2.94,2.91,0.0029,464,178
T-Default-1x,8253,28.332,3.06,3.08,0.0031,464,178
T-Default-1x,8254,28.335,2.90,2.91,0.0029,464,178
T-Default-1x,8255,28.338,2.92,2.89,0.0029,464,178
T-Default-1x,8256,28.341,3.09,3.11,0.0031,464,178
T-Default-1x,8257,28.344,2.92,2.90,0.0029,464,178
T-Default-1x,8258,28.347,2.66,2.69,0.0027,464,178
T-Default-1x,8259,28.350,3.23,3.21,0.0032,464,178
T-Default-1x,8260,28.353,2.78,2.78,0.0028,464,178
T-Default-1x,8261,28.355,2.69,2.70,0.0027,464,178
T-Default-1x,8262,28.358,2.92,2.91,0.0029,464,178
T-Default-1x,8263,28.361,2.80,2.79,0.0028,464,178
T-Default-1x,8264,28.364,2.80,2.80,0.0028,464,178
T-Default-1x,8265,28.367,2.99,2.99,0.0030,464,178
T-Default-1x,8266,28.370,2.91,2.91,0.0029,464,178
T-Default-1x,8267,28.373,2.81,2.79,0.0028,464,178
T-Default-1x,8268,28.375,2.89,2.90,0.0029,464,178
T-Default-1x,8269,28.378,2.81,2.80,0.0028,464,178
T-Default-1x,8270,28.381,3.05,3.02,0.0030,464,178
T-Default-1x,8271,28.384,2.96,2.99,0.0030,464,178
T-Default-1x,8272,28.387,2.84,2.80,0.0028,464,178
T-Default-1x,8273,28.390,3.08,3.09,0.0031,464,178
T-Default-1x,8274,28.393,2.98,3.00,0.0030,464,178
T-Default-1x,8275,28.396,2.66,2.68,0.0027,464,178
T-Default-1x,8276,28.399,2.95,2.91,0.0030,464,178
T-Default-1x,8277,28.402,2.78,2.79,0.0028,464,178
T-Default-1x,8278,28.404,2.79,2.80,0.0028,464,178
T-Default-1x,8279,28.407,3.11,3.11,0.0031,464,178
T-Default-1x,8280,28.410,2.79,2.79,0.0028,464,178
T-Default-1x,8281,28.413,2.68,2.69,0.0027,516,178
T-Default-1x,8282,28.416,2.93,2.91,0.0029,464,178
T-Default-1x,8283,28.419,2.78,2.79,0.0028,464,178
T-Default-1x,8284,28.422,2.91,2.90,0.0029,464,178
T-Default-1x,8285,28.424,2.92,2.90,0.0029,464,178
T-Default-1x,8286,28.427,2.92,2.90,0.0029,464,178
T-Default-1x,8287,28.431,3.20,3.19,0.0032,464,178
T-Default-1x,8288,28.434,3.25,3.29,0.0033,464,178
T-Default-1x,8289,28.437,3.35,3.30,0.0033,464,178
T-Default-1x,8290,28.441,3.39,3.41,0.0034,464,178
T-Default-1x,8291,28.444,3.29,3.30,0.0033,464,178
T-Default-1x,8292,28.447,3.11,3.10,0.0031,464,178
T-Default-1x,8293,28.450,3.18,3.19,0.0032,464,178
T-Default-1x,8294,28.453,2.89,2.91,0.0029,464,178
T-Default-1x,8295,28.456,2.91,2.89,0.0029,464,178
T-Default-1x,8296,28.459,2.99,3.00,0.0030,464,178
T-Default-1x,8297,28.462,2.80,2.79,0.0028,464,178
T-Default-1x,8298,28.465,3.03,3.00,0.0030,464,178
T-Default-1x,8299,28.468,3.08,3.10,0.0031,464,178
T-Default-1x,8300,28.471,2.90,2.89,0.0029,464,178
T-Default-1x,8301,28.474,3.31,3.30,0.0033,464,178
T-Default-1x,8302,28.477,2.77,2.79,0.0028,464,178
T-Default-1x,8303,28.480,2.96,2.93,0.0030,464,178
T-Default-1x,8304,28.483,3.17,3.18,0.0032,464,178
T-Default-1x,8305,28.486,2.79,2.79,0.0028,464,178
T-Default-1x,8306,28.489,2.88,2.90,0.0029,464,178
T-Default-1x,8307,28.492,3.02,3.00,0.0030,464,178
T-Default-1x,8308,28.495,2.93,2.91,0.0029,464,178
T-Default-1x,8309,28.497,2.89,2.89,0.0029,464,178
T-Default-1x,8310,28.501,3.08,3.09,0.0031,464,178
T-Default-1x,8311,28.504,3.13,3.11,0.0031,464,178
T-Default-1x,8312,28.507,3.40,3.40,0.0034,464,178
T-Default-1x,8313,28.510,2.95,2.99,0.0030,464,178
T-Default-1x,8314,28.513,3.35,3.31,0.0034,464,178
T-Default-1x,8315,28.517,3.17,3.20,0.0032,464,178
T-Default-1x,8316,28.519,2.88,2.89,0.0029,464,178
T-Default-1x,8317,28.522,2.69,2.69,0.0027,464,178
T-Default-1x,8318,28.525,2.94,2.93,0.0029,464,178
T-Default-1x,8319,28.528,2.78,2.77,0.0028,464,178
T-Default-1x,8320,28.531,2.90,2.90,0.0029,464,178
T-Default-1x,8321,28.534,3.01,3.01,0.0030,464,178
T-Default-1x,8322,28.537,2.89,2.88,0.0029,464,178
T-Default-1x,8323,28.540,2.92,2.90,0.0029,464,178
T-Default-1x,8324,28.543,2.97,3.00,0.0030,464,178
T-Default-1x,8325,28.545,2.91,2.90,0.0029,464,178
T-Default-1x,8326,28.549,3.13,3.10,0.0031,464,178
T-Default-1x,8327,28.552,3.08,3.10,0.0031,464,178
T-Default-1x,8328,28.555,2.99,3.00,0.0030,464,178
T-Default-1x,8329,28.558,3.20,3.20,0.0032,464,178
T-Default-1x,8330,28.561,2.90,2.90,0.0029,464,178
T-Default-1x,8331,28.564,2.90,2.89,0.0029,464,178
T-Default-1x,8332,28.567,3.41,3.41,0.0034,464,178
T-Default-1x,8333,28.570,3.19,3.19,0.0032,464,178
T-Default-1x,8334,28.573,3.00,2.99,0.0030,464,178
T-Default-1x,8335,28.576,3.00,3.02,0.0030,464,178
T-Default-1x,8336,28.579,3.02,2.98,0.0030,464,178
T-Default-1x,8337,28.582,3.11,3.11,0.0031,464,178
T-Default-1x,8338,28.585,2.75,2.79,0.0028,464,178
T-Default-1x,8339,28.588,2.70,2.70,0.0027,464,178
T-Default-1x,8340,28.591,3.12,3.10,0.0031,464,178
T-Default-1x,8341,28.594,2.79,2.80,0.0028,464,178
T-Default-1x,8342,28.596,2.58,2.59,0.0026,464,178
T-Default-1x,8343,28.599,3.03,3.01,0.0030,464,178
T-Default-1x,8344,28.602,2.79,2.80,0.0028,464,178
T-Default-1x,8345,28.605,2.58,2.59,0.0026,464,178
T-Default-1x,8346,28.608,3.02,3.01,0.0030,464,178
T-Default-1x,8347,28.611,2.84,2.80,0.0028,464,178
T-Default-1x,8348,28.613,2.75,2.79,0.0027,516,178
T-Default-1x,8349,28.617,3.33,3.31,0.0033,464,178
T-Default-1x,8350,28.619,2.56,2.59,0.0026,464,178
T-Default-1x,8351,28.622,2.60,2.59,0.0026,464,178
T-Default-1x,8352,28.625,3.12,3.10,0.0031,464,178
T-Default-1x,8353,28.628,2.78,2.80,0.0028,464,178
T-Default-1x,8354,28.630,2.62,2.61,0.0026,464,178
T-Default-1x,8355,28.633,2.83,2.80,0.0028,464,178
T-Default-1x,8356,28.636,2.99,3.00,0.0030,464,178
T-Default-1x,8357,28.639,3.08,3.10,0.0031,464,178
T-Default-1x,8358,28.642,2.90,2.91,0.0029,464,178
T-Default-1x,8359,28.645,3.24,3.18,0.0032,464,178
T-Default-1x,8360,28.648,2.97,2.98,0.0030,464,178
T-Default-1x,8361,28.651,3.09,3.10,0.0031,464,178
T-Default-1x,8362,28.654,2.80,2.81,0.0028,464,178
T-Default-1x,8363,28.657,2.91,2.90,0.0029,464,178
T-Default-1x,8364,28.660,2.78,2.80,0.0028,464,178
T-Default-1x,8365,28.663,2.82,2.80,0.0028,464,178
T-Default-1x,8366,28.666,3.09,3.09,0.0031,464,178
T-Default-1x,8367,28.669,3.30,3.29,0.0033,464,178
T-Default-1x,8368,28.672,3.31,3.30,0.0033,464,178
T-Default-1x,8369,28.676,3.30,3.30,0.0033,464,178
T-Default-1x,8370,28.679,3.13,3.09,0.0031,464,178
T-Default-1x,8371,28.682,2.85,2.89,0.0029,464,178
T-Default-1x,8372,28.685,3.00,3.00,0.0030,464,178
T-Default-1x,8373,28.688,3.02,3.00,0.0030,464,178
T-Default-1x,8374,28.691,3.22,3.20,0.0032,464,178
T-Default-1x,8375,28.694,2.98,3.00,0.0030,464,178
T-Default-1x,8376,28.697,2.78,2.80,0.0028,464,178
T-Default-1x,8377,28.700,3.01,3.00,0.0030,464,178
T-Default-1x,8378,28.703,2.82,2.80,0.0028,464,178
T-Default-1x,8379,28.705,2.87,2.89,0.0029,464,178
T-Default-1x,8380,28.708,2.90,2.90,0.0029,464,178
T-Default-1x,8381,28.711,2.92,2.90,0.0029,464,178
T-Default-1x,8382,28.714,2.99,2.99,0.0030,464,178
T-Default-1x,8383,28.717,2.89,2.90,0.0029,464,178
T-Default-1x,8384,28.720,2.79,2.79,0.0028,464,178
T-Default-1x,8385,28.723,3.06,3.01,0.0031,464,178
T-Default-1x,8386,28.726,2.85,2.89,0.0029,464,178
T-Default-1x,8387,28.729,2.72,2.70,0.0027,464,178
T-Default-1x,8388,28.732,3.00,3.00,0.0030,464,178
T-Default-1x,8389,28.735,2.99,3.00,0.0030,464,178
T-Default-1x,8390,28.737,2.68,2.70,0.0027,464,178
T-Default-1x,8391,28.740,3.04,3.01,0.0030,464,178
T-Default-1x,8392,28.743,3.08,3.10,0.0031,464,178
T-Default-1x,8393,28.746,2.88,2.88,0.0029,464,178
T-Default-1x,8394,28.749,3.01,3.00,0.0030,464,178
T-Default-1x,8395,28.752,2.81,2.80,0.0028,464,178
T-Default-1x,8396,28.755,3.10,3.09,0.0031,464,178
T-Default-1x,8397,28.758,3.19,3.20,0.0032,464,178
T-Default-1x,8398,28.761,2.68,2.70,0.0027,464,178
T-Default-1x,8399,28.764,2.80,2.80,0.0028,464,178
T-Default-1x,8400,28.767,2.82,2.81,0.0028,464,178
T-Default-1x,8401,28.769,2.79,2.79,0.0028,464,178
T-Default-1x,8402,28.772,3.00,2.99,0.0030,464,178
T-Default-1x,8403,28.775,2.91,2.90,0.0029,464,178
T-Default-1x,8404,28.778,2.79,2.80,0.0028,464,178
T-Default-1x,8405,28.781,2.81,2.81,0.0028,464,178
T-Default-1x,8406,28.784,3.01,3.00,0.0030,464,178
T-Default-1x,8407,28.787,2.82,2.81,0.0028,464,178
T-Default-1x,8408,28.790,2.79,2.79,0.0028,464,178
T-Default-1x,8409,28.792,2.87,2.89,0.0029,464,178
T-Default-1x,8410,28.795,2.73,2.70,0.0027,464,178
T-Default-1x,8411,28.798,2.99,3.00,0.0030,464,178
T-Default-1x,8412,28.801,2.98,2.99,0.0030,464,178
T-Default-1x,8413,28.804,2.68,2.69,0.0027,464,178
T-Default-1x,8414,28.807,3.04,3.01,0.0030,464,178
T-Default-1x,8415,28.810,2.89,2.90,0.0029,464,178
T-Default-1x,8416,28.813,2.79,2.79,0.0028,464,178
T-Default-1x,8417,28.816,2.94,2.91,0.0029,516,178
T-Default-1x,8418,28.818,2.88,2.89,0.0029,464,178
T-Default-1x,8419,28.821,2.68,2.69,0.0027,464,178
T-Default-1x,8420,28.824,3.00,3.00,0.0030,464,178
T-Default-1x,8421,28.827,2.58,2.60,0.0026,464,178
T-Default-1x,8422,28.829,2.61,2.60,0.0026,464,178
T-Default-1x,8423,28.832,3.01,3.00,0.0030,464,178
T-Default-1x,8424,28.835,2.72,2.73,0.0027,464,178
T-Default-1x,8425,28.838,2.78,2.77,0.0028,464,178
T-Default-1x,8426,28.841,2.90,2.90,0.0029,464,178
T-Default-1x,8427,28.843,2.78,2.79,0.0028,464,178
T-Default-1x,8428,28.846,2.70,2.70,0.0027,464,178
T-Default-1x,8429,28.849,3.02,3.01,0.0030,464,178
T-Default-1x,8430,28.852,2.80,2.80,0.0028,464,178
T-Default-1x,8431,28.855,2.68,2.69,0.0027,464,178
T-Default-1x,8432,28.858,3.03,3.02,0.0030,464,178
T-Default-1x,8433,28.860,2.57,2.57,0.0026,464,178
T-Default-1x,8434,28.863,2.72,2.72,0.0027,464,178
T-Default-1x,8435,28.866,3.01,3.00,0.0030,464,178
T-Default-1x,8436,28.869,2.70,2.71,0.0027,464,178
T-Default-1x,8437,28.871,2.79,2.77,0.0028,464,178
T-Default-1x,8438,28.875,3.23,3.21,0.0032,464,178
T-Default-1x,8439,28.877,2.66,2.70,0.0027,464,178
T-Default-1x,8440,28.880,2.66,2.59,0.0027,464,178
T-Default-1x,8441,28.883,3.27,3.30,0.0033,464,178
T-Default-1x,8442,28.886,2.99,2.98,0.0030,464,178
T-Default-1x,8443,28.889,2.79,2.80,0.0028,464,178
T-Default-1x,8444,28.892,3.11,3.11,0.0031,464,178
T-Default-1x,8445,28.895,2.78,2.79,0.0028,464,178
T-Default-1x,8446,28.898,3.03,3.00,0.0030,464,178
T-Default-1x,8447,28.901,2.89,2.90,0.0029,464,178
T-Default-1x,8448,28.904,2.89,2.89,0.0029,464,178
T-Default-1x,8449,28.907,3.14,3.11,0.0031,464,178
T-Default-1x,8450,28.910,2.96,3.00,0.0030,464,178
T-Default-1x,8451,28.913,2.70,2.69,0.0027,464,178
T-Default-1x,8452,28.916,2.95,2.92,0.0030,464,178
T-Default-1x,8453,28.919,3.03,3.07,0.0030,464,178
T-Default-1x,8454,28.921,2.93,2.92,0.0029,464,178
T-Default-1x,8455,28.925,3.10,3.10,0.0031,464,178
T-Default-1x,8456,28.927,2.72,2.71,0.0027,464,178
T-Default-1x,8457,28.930,2.56,2.58,0.0026,464,178
T-Default-1x,8458,28.933,3.02,3.00,0.0030,464,178
T-Default-1x,8459,28.936,2.81,2.80,0.0028,464,178
T-Default-1x,8460,28.938,2.79,2.80,0.0028,464,178
T-Default-1x,8461,28.941,3.01,3.00,0.0030,464,178
T-Default-1x,8462,28.944,2.89,2.90,0.0029,464,178
T-Default-1x,8463,28.947,2.58,2.59,0.0026,464,178
T-Default-1x,8464,28.950,2.59,2.60,0.0026,464,178
T-Default-1x,8465,28.952,2.73,2.72,0.0027,464,178
T-Default-1x,8466,28.955,2.79,2.77,0.0028,464,178
T-Default-1x,8467,28.958,3.13,3.13,0.0031,464,178
T-Default-1x,8468,28.961,2.78,2.78,0.0028,464,178
T-Default-1x,8469,28.964,2.71,2.71,0.0027,464,178
T-Default-1x,8470,28.967,2.98,2.99,0.0030,464,178
T-Default-1x,8471,28.969,2.79,2.80,0.0028,464,178
T-Default-1x,8472,28.972,2.79,2.79,0.0028,464,178
T-Default-1x,8473,28.975,2.92,2.91,0.0029,464,178
T-Default-1x,8474,28.978,2.70,2.69,0.0027,464,178
T-Default-1x,8475,28.981,2.91,2.90,0.0029,464,178
T-Default-1x,8476,28.984,2.98,3.01,0.0030,464,178
T-Default-1x,8477,28.987,2.90,2.89,0.0029,464,178
T-Default-1x,8478,28.989,2.84,2.82,0.0028,464,178
T-Default-1x,8479,28.993,3.10,3.08,0.0031,464,178
T-Default-1x,8480,28.996,3.08,3.10,0.0031,464,178
T-Default-1x,8481,28.999,2.90,2.90,0.0029,464,178
T-Default-1x,8482,29.002,3.00,3.00,0.0030,464,178
T-Default-1x,8483,29.004,2.80,2.79,0.0028,464,178
T-Default-1x,8484,29.007,3.09,3.10,0.0031,464,178
T-Default-1x,8485,29.010,2.80,2.79,0.0028,464,178
T-Default-1x,8486,29.013,2.70,2.71,0.0027,464,178
T-Default-1x,8487,29.016,3.11,3.10,0.0031,516,178
T-Default-1x,8488,29.019,2.87,2.89,0.0029,464,178
T-Default-1x,8489,29.022,2.59,2.61,0.0026,464,178
T-Default-1x,8490,29.024,2.71,2.69,0.0027,464,178
T-Default-1x,8491,29.027,2.82,2.80,0.0028,464,178
T-Default-1x,8492,29.030,3.20,3.20,0.0032,464,178
T-Default-1x,8493,29.033,3.21,3.20,0.0032,464,178
T-Default-1x,8494,29.036,2.91,2.90,0.0029,464,178
T-Default-1x,8495,29.039,2.95,2.99,0.0029,464,178
T-Default-1x,8496,29.042,2.74,2.71,0.0027,464,178
T-Default-1x,8497,29.045,2.80,2.79,0.0028,464,178
T-Default-1x,8498,29.048,3.30,3.30,0.0033,464,178
T-Default-1x,8499,29.051,2.99,2.99,0.0030,464,178
T-Default-1x,8500,29.054,2.81,2.80,0.0028,464,178
T-Default-1x,8501,29.057,3.03,3.00,0.0030,464,178
T-Default-1x,8502,29.060,2.75,2.80,0.0028,464,178
T-Default-1x,8503,29.062,2.68,2.70,0.0027,464,178
T-Default-1x,8504,29.065,3.03,3.00,0.0030,464,178
T-Default-1x,8505,29.068,2.67,2.69,0.0027,464,178
T-Default-1x,8506,29.071,2.59,2.60,0.0026,464,178
T-Default-1x,8507,29.074,2.95,2.89,0.0030,464,178
T-Default-1x,8508,29.076,2.76,2.81,0.0028,464,178
T-Default-1x,8509,29.079,2.71,2.70,0.0027,464,178
T-Default-1x,8510,29.082,3.09,3.10,0.0031,464,178
T-Default-1x,8511,29.085,2.70,2.69,0.0027,464,178
T-Default-1x,8512,29.088,2.80,2.80,0.0028,464,178
T-Default-1x,8513,29.091,3.09,3.10,0.0031,464,178
T-Default-1x,8514,29.094,2.69,2.70,0.0027,464,178
T-Default-1x,8515,29.096,2.74,2.71,0.0027,464,178
T-Default-1x,8516,29.099,3.01,3.00,0.0030,464,178
T-Default-1x,8517,29.102,2.88,2.88,0.0029,464,178
T-Default-1x,8518,29.105,2.78,2.80,0.0028,464,178
T-Default-1x,8519,29.108,3.00,3.01,0.0030,464,178
T-Default-1x,8520,29.111,2.79,2.79,0.0028,464,178
T-Default-1x,8521,29.113,2.71,2.70,0.0027,464,178
T-Default-1x,8522,29.116,3.00,3.00,0.0030,464,178
T-Default-1x,8523,29.119,2.68,2.69,0.0027,464,178
T-Default-1x,8524,29.122,2.83,2.81,0.0028,464,178
T-Default-1x,8525,29.125,2.99,3.00,0.0030,464,178
T-Default-1x,8526,29.128,2.61,2.60,0.0026,464,178
T-Default-1x,8527,29.130,2.58,2.60,0.0026,464,178
T-Default-1x,8528,29.133,2.93,2.91,0.0029,464,178
T-Default-1x,8529,29.136,2.88,2.89,0.0029,464,178
T-Default-1x,8530,29.139,2.83,2.81,0.0028,464,178
T-Default-1x,8531,29.142,3.08,3.10,0.0031,464,178
T-Default-1x,8532,29.144,2.58,2.59,0.0026,464,178
T-Default-1x,8533,29.147,2.87,2.80,0.0029,464,178
T-Default-1x,8534,29.150,3.05,3.10,0.0030,464,178
T-Default-1x,8535,29.154,3.14,3.10,0.0031,464,178
T-Default-1x,8536,29.157,3.39,3.39,0.0034,464,178
T-Default-1x,8537,29.160,3.09,3.10,0.0031,464,178
T-Default-1x,8538,29.163,3.01,3.01,0.0030,464,178
T-Default-1x,8539,29.166,2.89,2.88,0.0029,464,178
T-Default-1x,8540,29.169,2.88,2.91,0.0029,464,178
T-Default-1x,8541,29.172,2.93,2.90,0.0029,464,178
T-Default-1x,8542,29.175,2.97,3.00,0.0030,464,178
T-Default-1x,8543,29.177,2.82,2.80,0.0028,464,178
T-Default-1x,8544,29.180,2.67,2.70,0.0027,464,178
T-Default-1x,8545,29.183,3.12,3.10,0.0031,464,178
T-Default-1x,8546,29.186,2.78,2.79,0.0028,464,178
T-Default-1x,8547,29.189,2.80,2.81,0.0028,464,178
T-Default-1x,8548,29.192,3.01,3.00,0.0030,464,178
T-Default-1x,8549,29.195,2.80,2.79,0.0028,464,178
T-Default-1x,8550,29.197,2.81,2.80,0.0028,464,178
T-Default-1x,8551,29.200,2.87,2.89,0.0029,464,178
T-Default-1x,8552,29.203,2.91,2.91,0.0029,464,178
T-Default-1x,8553,29.206,2.80,2.79,0.0028,464,178
T-Default-1x,8554,29.209,3.02,3.01,0.0030,464,178
T-Default-1x,8555,29.212,3.30,3.30,0.0033,464,178
T-Default-1x,8556,29.216,3.23,3.20,0.0032,464,178
T-Default-1x,8557,29.219,3.14,3.17,0.0031,516,178
T-Default-1x,8558,29.222,2.80,2.81,0.0028,464,178
T-Default-1x,8559,29.224,2.93,2.90,0.0029,464,178
T-Default-1x,8560,29.227,2.78,2.80,0.0028,464,178
T-Default-1x,8561,29.230,3.02,3.00,0.0030,464,178
T-Default-1x,8562,29.234,3.42,3.40,0.0034,464,178
T-Default-1x,8563,29.237,2.97,2.99,0.0030,464,178
T-Default-1x,8564,29.240,3.16,3.11,0.0032,464,178
T-Default-1x,8565,29.243,3.05,3.08,0.0031,464,178
T-Default-1x,8566,29.246,2.81,2.80,0.0028,464,178
T-Default-1x,8567,29.249,3.07,3.00,0.0031,464,178
T-Default-1x,8568,29.252,3.11,3.19,0.0031,464,178
T-Default-1x,8569,29.255,2.81,2.80,0.0028,464,178
T-Default-1x,8570,29.258,3.13,3.10,0.0031,464,178
T-Default-1x,8571,29.261,2.75,2.80,0.0028,464,178
T-Default-1x,8572,29.263,2.90,2.89,0.0029,464,178
T-Default-1x,8573,29.267,3.11,3.10,0.0031,464,178
T-Default-1x,8574,29.269,2.78,2.80,0.0028,464,178
T-Default-1x,8575,29.272,2.70,2.71,0.0027,464,178
T-Default-1x,8576,29.275,2.80,2.80,0.0028,464,178
T-Default-1x,8577,29.278,2.82,2.80,0.0028,464,178
T-Default-1x,8578,29.281,3.03,3.00,0.0030,464,178
T-Default-1x,8579,29.284,3.06,3.10,0.0031,464,178
T-Default-1x,8580,29.287,3.01,3.00,0.0030,464,178
T-Default-1x,8581,29.290,2.92,2.90,0.0029,464,178
T-Default-1x,8582,29.293,2.99,3.01,0.0030,464,178
T-Default-1x,8583,29.296,2.91,2.91,0.0029,464,178
T-Default-1x,8584,29.299,2.97,2.97,0.0030,464,178
T-Default-1x,8585,29.301,2.80,2.80,0.0028,464,178
T-Default-1x,8586,29.304,2.81,2.80,0.0028,464,178
T-Default-1x,8587,29.307,3.00,3.01,0.0030,464,178
T-Default-1x,8588,29.310,2.68,2.67,0.0027,464,178
T-Default-1x,8589,29.313,3.14,3.11,0.0031,464,178
T-Default-1x,8590,29.317,3.59,3.61,0.0036,464,178
T-Default-1x,8591,29.320,3.19,3.19,0.0032,464,178
T-Default-1x,8592,29.323,2.87,2.89,0.0029,464,178
T-Default-1x,8593,29.326,3.02,3.00,0.0030,464,178
T-Default-1x,8594,29.328,2.81,2.81,0.0028,464,178
T-Default-1x,8595,29.331,3.02,3.00,0.0030,464,178
T-Default-1x,8596,29.334,2.98,3.00,0.0030,464,178
T-Default-1x,8597,29.337,3.00,2.98,0.0030,464,178
T-Default-1x,8598,29.341,3.11,3.11,0.0031,464,178
T-Default-1x,8599,29.343,2.76,2.79,0.0028,464,178
T-Default-1x,8600,29.346,2.70,2.70,0.0027,464,178
T-Default-1x,8601,29.349,3.02,3.00,0.0030,464,178
T-Default-1x,8602,29.352,3.13,3.10,0.0031,464,178
T-Default-1x,8603,29.355,3.05,3.09,0.0031,464,178
T-Default-1x,8604,29.359,3.70,3.00,0.0037,464,178
T-Default-1x,8605,29.362,2.93,3.60,0.0029,592,178
T-Default-1x,8606,29.365,3.02,3.01,0.0030,464,178
T-Default-1x,8607,29.368,2.97,2.99,0.0030,464,178
T-Default-1x,8608,29.371,2.95,2.88,0.0029,464,178
T-Default-1x,8609,29.374,3.26,3.31,0.0033,464,178
T-Default-1x,8610,29.377,2.78,2.79,0.0028,464,178
T-Default-1x,8611,29.379,2.59,2.60,0.0026,464,178
T-Default-1x,8612,29.383,3.13,3.11,0.0031,464,178
T-Default-1x,8613,29.385,2.78,2.80,0.0028,464,178
T-Default-1x,8614,29.388,2.88,2.89,0.0029,464,178
T-Default-1x,8615,29.391,3.22,3.20,0.0032,464,178
T-Default-1x,8616,29.394,2.79,2.80,0.0028,464,178
T-Default-1x,8617,29.397,2.71,2.70,0.0027,464,178
T-Default-1x,8618,29.400,3.03,3.00,0.0030,464,178
T-Default-1x,8619,29.403,2.80,2.79,0.0028,464,178
T-Default-1x,8620,29.406,2.77,2.80,0.0028,464,178
T-Default-1x,8621,29.408,2.89,2.91,0.0029,464,178
T-Default-1x,8622,29.411,2.72,2.70,0.0027,464,178
T-Default-1x,8623,29.414,2.90,2.89,0.0029,464,178
T-Default-1x,8624,29.417,2.93,2.91,0.0029,464,178
T-Default-1x,8625,29.420,2.64,2.68,0.0026,516,178
T-Default-1x,8626,29.422,2.83,2.82,0.0028,464,178
T-Default-1x,8627,29.425,2.89,2.89,0.0029,464,178
T-Default-1x,8628,29.428,2.81,2.80,0.0028,464,178
T-Default-1x,8629,29.431,2.80,2.80,0.0028,464,178
T-Default-1x,8630,29.434,3.00,2.99,0.0030,464,178
T-Default-1x,8631,29.437,3.26,3.22,0.0033,464,178
T-Default-1x,8632,29.441,3.39,3.40,0.0034,464,178
T-Default-1x,8633,29.443,2.85,2.87,0.0029,464,178
T-Default-1x,8634,29.446,2.79,2.80,0.0028,464,178
T-Default-1x,8635,29.449,2.91,2.90,0.0029,464,178
T-Default-1x,8636,29.452,2.79,2.79,0.0028,464,178
T-Default-1x,8637,29.455,3.04,3.01,0.0030,464,178
T-Default-1x,8638,29.458,3.04,3.09,0.0030,464,178
T-Default-1x,8639,29.461,2.74,2.69,0.0027,464,178
T-Default-1x,8640,29.464,2.99,3.00,0.0030,464,178
T-Default-1x,8641,29.467,3.00,3.01,0.0030,464,178
T-Default-1x,8642,29.470,3.09,3.09,0.0031,464,178
T-Default-1x,8643,29.473,3.46,3.43,0.0035,464,178
T-Default-1x,8644,29.477,3.24,3.27,0.0032,464,178
T-Default-1x,8645,29.480,3.20,3.20,0.0032,464,178
T-Default-1x,8646,29.483,3.03,3.01,0.0030,464,178
T-Default-1x,8647,29.486,2.89,2.88,0.0029,464,178
T-Default-1x,8648,29.488,2.65,2.69,0.0026,464,178
T-Default-1x,8649,29.491,3.04,3.02,0.0030,464,178
T-Default-1x,8650,29.494,2.80,2.78,0.0028,464,178
T-Default-1x,8651,29.497,2.65,2.69,0.0027,464,178
T-Default-1x,8652,29.500,3.03,3.01,0.0030,464,178
T-Default-1x,8653,29.503,2.91,2.89,0.0029,464,178
T-Default-1x,8654,29.506,2.91,2.91,0.0029,464,178
T-Default-1x,8655,29.509,3.20,3.20,0.0032,464,178
T-Default-1x,8656,29.512,2.99,2.99,0.0030,464,178
T-Default-1x,8657,29.515,2.82,2.80,0.0028,464,178
T-Default-1x,8658,29.518,2.87,2.90,0.0029,464,178
T-Default-1x,8659,29.520,2.82,2.81,0.0028,464,178
T-Default-1x,8660,29.523,3.01,2.99,0.0030,464,178
T-Default-1x,8661,29.526,3.01,3.01,0.0030,464,178
T-Default-1x,8662,29.529,2.76,2.79,0.0028,464,178
T-Default-1x,8663,29.532,3.03,3.01,0.0030,464,178
T-Default-1x,8664,29.535,2.83,2.80,0.0028,464,178
T-Default-1x,8665,29.538,2.83,2.88,0.0028,464,178
T-Default-1x,8666,29.541,3.23,3.19,0.0032,464,178
T-Default-1x,8667,29.544,3.30,3.30,0.0033,464,178
T-Default-1x,8668,29.547,2.86,2.89,0.0029,464,178
T-Default-1x,8669,29.550,3.01,2.99,0.0030,464,178
T-Default-1x,8670,29.553,2.70,2.70,0.0027,464,178
T-Default-1x,8671,29.556,3.14,3.11,0.0031,464,178
T-Default-1x,8672,29.559,3.07,3.10,0.0031,464,178
T-Default-1x,8673,29.562,3.01,2.99,0.0030,464,178
T-Default-1x,8674,29.565,3.13,3.11,0.0031,464,178
T-Default-1x,8675,29.568,3.08,3.11,0.0031,464,178
T-Default-1x,8676,29.571,2.86,2.88,0.0029,464,178
T-Default-1x,8677,29.574,3.12,3.11,0.0031,464,178
T-Default-1x,8678,29.577,2.78,2.78,0.0028,464,178
T-Default-1x,8679,29.580,2.69,2.70,0.0027,464,178
T-Default-1x,8680,29.583,3.12,3.10,0.0031,464,178
T-Default-1x,8681,29.586,2.78,2.80,0.0028,464,178
T-Default-1x,8682,29.588,2.60,2.60,0.0026,464,178
T-Default-1x,8683,29.592,3.22,3.20,0.0032,464,178
T-Default-1x,8684,29.595,3.11,3.10,0.0031,464,178
T-Default-1x,8685,29.597,2.77,2.79,0.0028,464,178
T-Default-1x,8686,29.600,3.00,3.00,0.0030,464,178
T-Default-1x,8687,29.603,3.03,3.00,0.0030,464,178
T-Default-1x,8688,29.607,3.22,3.20,0.0032,464,178
T-Default-1x,8689,29.610,3.07,3.10,0.0031,464,178
T-Default-1x,8690,29.612,2.68,2.69,0.0027,464,178
T-Default-1x,8691,29.615,2.92,2.90,0.0029,464,178
T-Default-1x,8692,29.618,2.78,2.79,0.0028,464,178
T-Default-1x,8693,29.621,2.59,2.60,0.0026,516,178
T-Default-1x,8694,29.624,2.85,2.80,0.0029,464,178
T-Default-1x,8695,29.626,2.77,2.80,0.0028,464,178
T-Default-1x,8696,29.629,2.70,2.69,0.0027,464,178
T-Default-1x,8697,29.632,3.23,3.20,0.0032,464,178
T-Default-1x,8698,29.635,2.87,2.90,0.0029,464,178
T-Default-1x,8699,29.638,2.71,2.71,0.0027,464,178
T-Default-1x,8700,29.641,3.14,3.10,0.0031,464,178
T-Default-1x,8701,29.644,2.68,2.70,0.0027,464,178
T-Default-1x,8702,29.646,2.68,2.68,0.0027,464,178
T-Default-1x,8703,29.649,2.98,2.98,0.0030,464,178
T-Default-1x,8704,29.652,2.73,2.71,0.0027,464,178
T-Default-1x,8705,29.655,2.58,2.60,0.0026,464,178
T-Default-1x,8706,29.658,3.03,3.00,0.0030,464,178
T-Default-1x,8707,29.660,2.80,2.80,0.0028,464,178
T-Default-1x,8708,29.663,2.80,2.80,0.0028,464,178
T-Default-1x,8709,29.666,3.10,3.10,0.0031,464,178
T-Default-1x,8710,29.669,2.64,2.61,0.0026,464,178
T-Default-1x,8711,29.672,2.88,2.90,0.0029,464,178
T-Default-1x,8712,29.675,2.99,2.98,0.0030,464,178
T-Default-1x,8713,29.677,2.58,2.59,0.0026,464,178
T-Default-1x,8714,29.680,2.71,2.70,0.0027,464,178
T-Default-1x,8715,29.683,3.01,3.00,0.0030,464,178
T-Default-1x,8716,29.686,2.70,2.70,0.0027,464,178
T-Default-1x,8717,29.689,2.69,2.69,0.0027,464,178
T-Default-1x,8718,29.692,3.04,3.03,0.0030,464,178
T-Default-1x,8719,29.694,2.81,2.78,0.0028,464,178
T-Default-1x,8720,29.697,2.77,2.80,0.0028,464,178
T-Default-1x,8721,29.700,2.99,2.99,0.0030,464,178
T-Default-1x,8722,29.703,3.03,3.01,0.0030,464,178
T-Default-1x,8723,29.706,3.19,3.20,0.0032,464,178
T-Default-1x,8724,29.709,3.10,3.09,0.0031,464,178
T-Default-1x,8725,29.713,3.37,3.31,0.0034,464,178
T-Default-1x,8726,29.716,3.26,3.28,0.0033,464,178
T-Default-1x,8727,29.719,3.04,3.08,0.0030,464,178
T-Default-1x,8728,29.722,3.15,3.11,0.0032,464,178
T-Default-1x,8729,29.725,3.16,3.19,0.0032,464,178
T-Default-1x,8730,29.728,2.79,2.79,0.0028,464,178
T-Default-1x,8731,29.731,2.96,2.91,0.0030,464,178
T-Default-1x,8732,29.734,3.07,3.10,0.0031,464,178
T-Default-1x,8733,29.737,2.79,2.79,0.0028,464,178
T-Default-1x,8734,29.740,3.13,3.11,0.0031,464,178
T-Default-1x,8735,29.743,2.86,2.88,0.0029,464,178
T-Default-1x,8736,29.746,2.81,2.80,0.0028,464,178
T-Default-1x,8737,29.749,3.10,3.11,0.0031,464,178
T-Default-1x,8738,29.752,2.90,2.89,0.0029,464,178
T-Default-1x,8739,29.755,2.79,2.79,0.0028,464,178
T-Default-1x,8740,29.758,3.00,3.01,0.0030,464,178
T-Default-1x,8741,29.760,2.84,2.82,0.0028,464,178
T-Default-1x,8742,29.763,2.77,2.78,0.0028,464,178
T-Default-1x,8743,29.766,2.89,2.89,0.0029,464,178
T-Default-1x,8744,29.769,2.60,2.60,0.0026,464,178
T-Default-1x,8745,29.772,2.79,2.80,0.0028,464,178
T-Default-1x,8746,29.775,3.01,3.00,0.0030,464,178
T-Default-1x,8747,29.777,2.82,2.79,0.0028,464,178
T-Default-1x,8748,29.780,2.97,3.00,0.0030,464,178
T-Default-1x,8749,29.783,3.00,3.00,0.0030,464,178
T-Default-1x,8750,29.786,2.60,2.60,0.0026,464,178
T-Default-1x,8751,29.789,2.72,2.70,0.0027,464,178
T-Default-1x,8752,29.792,3.09,3.09,0.0031,464,178
T-Default-1x,8753,29.795,2.82,2.79,0.0028,464,178
T-Default-1x,8754,29.798,3.29,3.30,0.0033,464,178
T-Default-1x,8755,29.801,3.19,3.20,0.0032,464,178
T-Default-1x,8756,29.804,3.02,2.99,0.0030,464,178
T-Default-1x,8757,29.807,2.94,2.91,0.0029,464,178
T-Default-1x,8758,29.810,3.16,3.19,0.0032,464,178
T-Default-1x,8759,29.813,3.03,3.01,0.0030,464,178
T-Default-1x,8760,29.816,3.18,3.20,0.0032,464,178
T-Default-1x,8761,29.819,2.67,2.68,0.0027,464,178
T-Default-1x,8762,29.822,2.83,2.81,0.0028,516,178
T-Default-1x,8763,29.825,2.97,2.99,0.0030,464,178
T-Default-1x,8764,29.828,2.73,2.70,0.0027,464,178
T-Default-1x,8765,29.830,2.77,2.79,0.0028,464,178
T-Default-1x,8766,29.833,2.92,2.90,0.0029,464,178
T-Default-1x,8767,29.836,2.90,2.90,0.0029,464,178
T-Default-1x,8768,29.839,2.79,2.79,0.0028,464,178
T-Default-1x,8769,29.842,2.91,2.91,0.0029,464,178
T-Default-1x,8770,29.845,2.92,2.90,0.0029,464,178
T-Default-1x,8771,29.848,2.78,2.79,0.0028,464,178
T-Default-1x,8772,29.851,3.03,3.01,0.0030,464,178
T-Default-1x,8773,29.853,2.89,2.89,0.0029,464,178
T-Default-1x,8774,29.856,2.91,2.88,0.0029,464,178
T-Default-1x,8775,29.859,2.98,2.99,0.0030,464,178
T-Default-1x,8776,29.862,2.80,2.80,0.0028,464,178
T-Default-1x,8777,29.865,2.95,2.91,0.0029,464,178
T-Default-1x,8778,29.868,2.96,2.99,0.0030,464,178
T-Default-1x,8779,29.871,2.77,2.79,0.0028,464,178
T-Default-1x,8780,29.874,2.95,2.91,0.0029,464,178
T-Default-1x,8781,29.877,2.76,2.79,0.0028,464,178
T-Default-1x,8782,29.879,2.80,2.79,0.0028,464,178
T-Default-1x,8783,29.882,3.00,3.00,0.0030,464,178
T-Default-1x,8784,29.885,3.13,3.12,0.0031,464,178
T-Default-1x,8785,29.888,2.85,2.88,0.0029,464,178
T-Default-1x,8786,29.892,3.22,3.21,0.0032,464,178
T-Default-1x,8787,29.894,2.80,2.79,0.0028,464,178
T-Default-1x,8788,29.897,2.80,2.80,0.0028,464,178
T-Default-1x,8789,29.900,3.02,3.01,0.0030,464,178
T-Default-1x,8790,29.903,2.92,2.89,0.0029,464,178
T-Default-1x,8791,29.906,2.85,2.88,0.0029,464,178
T-Default-1x,8792,29.909,2.93,2.93,0.0029,464,178
T-Default-1x,8793,29.912,3.00,2.98,0.0030,464,178
T-Default-1x,8794,29.915,3.00,3.00,0.0030,464,178
T-Default-1x,8795,29.918,3.00,2.99,0.0030,464,178
T-Default-1x,8796,29.921,2.76,2.79,0.0028,464,178
T-Default-1x,8797,29.924,3.07,3.02,0.0031,464,178
T-Default-1x,8798,29.926,2.72,2.78,0.0027,464,178
T-Default-1x,8799,29.929,2.62,2.60,0.0026,464,178
T-Default-1x,8800,29.932,2.92,2.89,0.0029,464,178
T-Default-1x,8801,29.935,2.91,2.90,0.0029,464,178
T-Default-1x,8802,29.938,2.66,2.69,0.0027,464,178
T-Default-1x,8803,29.941,2.97,2.92,0.0030,464,178
T-Default-1x,8804,29.943,2.84,2.88,0.0028,464,178
T-Default-1x,8805,29.946,2.80,2.81,0.0028,464,178
T-Default-1x,8806,29.949,3.11,3.09,0.0031,464,178
T-Default-1x,8807,29.952,3.02,3.01,0.0030,464,178
T-Default-1x,8808,29.955,3.07,3.08,0.0031,464,178
T-Default-1x,8809,29.958,3.01,3.01,0.0030,464,178
T-Default-1x,8810,29.961,3.01,3.00,0.0030,464,178
T-Default-1x,8811,29.964,2.88,2.88,0.0029,464,178
T-Default-1x,8812,29.967,3.02,3.01,0.0030,464,178
T-Default-1x,8813,29.970,2.90,2.90,0.0029,464,178
T-Default-1x,8814,29.973,3.01,3.00,0.0030,464,178
T-Default-1x,8815,29.976,2.98,3.00,0.0030,464,178
T-Default-1x,8816,29.979,2.72,2.70,0.0027,464,178
T-Default-1x,8817,29.982,3.00,3.00,0.0030,464,178
T-Default-1x,8818,29.985,2.99,3.00,0.0030,464,178
T-Default-1x,8819,29.988,2.99,2.99,0.0030,464,178
T-Default-1x,8820,29.991,3.10,3.10,0.0031,464,178
T-Default-1x,8821,29.994,2.91,2.90,0.0029,464,178
T-Default-1x,8822,29.997,2.81,2.81,0.0028,464,178
T-Default-1x,8823,30.000,3.10,3.10,0.0031,464,178
T-Default-1x,8824,30.002,2.68,2.69,0.0027,464,178
T-Default-1x,8825,30.005,2.71,2.69,0.0027,464,178
T-Default-1x,8826,30.008,2.99,3.01,0.0030,464,178
T-Default-1x,8827,30.011,2.85,2.59,0.0028,464,178
T-Default-1x,8828,30.014,2.85,3.09,0.0029,464,178
T-Default-1x,8829,30.017,3.13,3.11,0.0031,464,178
T-Default-1x,8830,30.020,3.00,2.99,0.0030,464,178
T-Default-1x,8831,30.023,3.12,3.11,0.0031,516,178
T-Default-1x,8832,30.026,2.96,2.98,0.0030,464,178
T-Default-1x,8833,30.029,2.68,2.69,0.0027,464,178
T-Default-1x,8834,30.032,2.93,2.91,0.0029,464,178
T-Default-1x,8835,30.034,2.76,2.79,0.0028,464,178
T-Default-1x,8836,30.037,2.62,2.60,0.0026,464,178
T-Default-1x,8837,30.040,3.03,3.01,0.0030,464,178
T-Default-1x,8838,30.043,2.87,2.89,0.0029,464,178
T-Default-1x,8839,30.046,2.59,2.59,0.0026,464,178
T-Default-1x,8840,30.049,3.18,3.13,0.0032,464,178
T-Default-1x,8841,30.052,2.95,2.97,0.0030,464,178
T-Default-1x,8842,30.054,2.78,2.79,0.0028,464,178
T-Default-1x,8843,30.057,3.01,3.00,0.0030,464,178
T-Default-1x,8844,30.060,2.91,2.90,0.0029,464,178
T-Default-1x,8845,30.063,2.78,2.79,0.0028,464,178
T-Default-1x,8846,30.066,3.02,3.01,0.0030,464,178
T-Default-1x,8847,30.069,2.56,2.58,0.0026,464,178
T-Default-1x,8848,30.071,2.74,2.71,0.0027,464,178
T-Default-1x,8849,30.075,3.23,3.20,0.0032,464,178
T-Default-1x,8850,30.077,2.78,2.79,0.0028,464,178
T-Default-1x,8851,30.080,2.66,2.69,0.0027,464,178
T-Default-1x,8852,30.083,3.14,3.12,0.0031,464,178
T-Default-1x,8853,30.086,2.77,2.79,0.0028,464,178
T-Default-1x,8854,30.089,2.70,2.70,0.0027,464,178
T-Default-1x,8855,30.092,3.01,3.00,0.0030,464,178
T-Default-1x,8856,30.095,2.80,2.80,0.0028,464,178
T-Default-1x,8857,30.097,2.81,2.80,0.0028,464,178
T-Default-1x,8858,30.100,2.97,3.00,0.0030,464,178
T-Default-1x,8859,30.103,2.81,2.80,0.0028,464,178
T-Default-1x,8860,30.106,2.79,2.79,0.0028,464,178
T-Default-1x,8861,30.109,3.01,3.01,0.0030,464,178
T-Default-1x,8862,30.112,2.79,2.79,0.0028,464,178
T-Default-1x,8863,30.115,2.82,2.80,0.0028,464,178
T-Default-1x,8864,30.117,2.79,2.80,0.0028,464,178
T-Default-1x,8865,30.120,2.68,2.69,0.0027,464,178
T-Default-1x,8866,30.123,2.72,2.70,0.0027,464,178
T-Default-1x,8867,30.126,2.90,2.90,0.0029,464,178
T-Default-1x,8868,30.128,2.70,2.70,0.0027,464,178
T-Default-1x,8869,30.131,2.82,2.79,0.0028,464,178
T-Default-1x,8870,30.134,2.98,3.01,0.0030,464,178
T-Default-1x,8871,30.137,2.82,2.79,0.0028,464,178
T-Default-1x,8872,30.140,2.91,2.90,0.0029,464,178
T-Default-1x,8873,30.143,2.89,2.89,0.0029,464,178
T-Default-1x,8874,30.146,2.79,2.80,0.0028,464,178
T-Default-1x,8875,30.149,3.05,3.00,0.0031,464,178
T-Default-1x,8876,30.151,2.85,2.90,0.0029,464,178
T-Default-1x,8877,30.154,2.70,2.71,0.0027,464,178
T-Default-1x,8878,30.157,3.01,2.99,0.0030,464,178
T-Default-1x,8879,30.160,2.78,2.80,0.0028,464,178
T-Default-1x,8880,30.163,2.70,2.69,0.0027,464,178
T-Default-1x,8881,30.166,3.02,3.01,0.0030,464,178
T-Default-1x,8882,30.168,2.68,2.69,0.0027,464,178
T-Default-1x,8883,30.171,2.59,2.59,0.0026,464,178
T-Default-1x,8884,30.174,3.02,3.00,0.0030,464,178
T-Default-1x,8885,30.177,2.93,2.90,0.0029,464,178
T-Default-1x,8886,30.180,2.87,2.90,0.0029,464,178
T-Default-1x,8887,30.183,3.19,3.20,0.0032,464,178
T-Default-1x,8888,30.186,2.78,2.80,0.0028,464,178
T-Default-1x,8889,30.188,2.60,2.60,0.0026,464,178
T-Default-1x,8890,30.191,3.03,3.01,0.0030,464,178
T-Default-1x,8891,30.194,3.11,3.10,0.0031,464,178
T-Default-1x,8892,30.197,2.77,2.78,0.0028,464,178
T-Default-1x,8893,30.200,3.02,3.00,0.0030,464,178
T-Default-1x,8894,30.203,2.89,2.90,0.0029,464,178
T-Default-1x,8895,30.206,2.69,2.70,0.0027,464,178
T-Default-1x,8896,30.209,2.82,2.80,0.0028,464,178
T-Default-1x,8897,30.211,2.70,2.70,0.0027,464,178
T-Default-1x,8898,30.214,2.80,2.79,0.0028,464,178
T-Default-1x,8899,30.217,2.88,2.90,0.0029,464,178
T-Default-1x,8900,30.220,2.70,2.70,0.0027,464,178
T-Default-1x,8901,30.222,2.61,2.60,0.0026,464,178
T-Default-1x,8902,30.225,2.93,2.90,0.0029,516,178
T-Default-1x,8903,30.228,2.77,2.80,0.0028,464,178
T-Default-1x,8904,30.231,2.80,2.80,0.0028,464,178
T-Default-1x,8905,30.234,2.98,2.98,0.0030,464,178
T-Default-1x,8906,30.237,2.83,2.80,0.0028,464,178
T-Default-1x,8907,30.240,2.99,2.99,0.0030,464,178
T-Default-1x,8908,30.243,2.89,2.90,0.0029,464,178
T-Default-1x,8909,30.245,2.69,2.69,0.0027,464,178
T-Default-1x,8910,30.248,2.84,2.82,0.0028,464,178
T-Default-1x,8911,30.251,2.90,2.91,0.0029,464,178
T-Default-1x,8912,30.254,2.79,2.78,0.0028,464,178
T-Default-1x,8913,30.257,2.90,2.90,0.0029,464,178
T-Default-1x,8914,30.259,2.77,2.79,0.0028,464,178
T-Default-1x,8915,30.262,2.84,2.81,0.0028,464,178
T-Default-1x,8916,30.265,2.99,2.99,0.0030,464,178
T-Default-1x,8917,30.268,2.89,2.90,0.0029,464,178
T-Default-1x,8918,30.271,2.69,2.70,0.0027,464,178
T-Default-1x,8919,30.274,2.83,2.80,0.0028,464,178
T-Default-1x,8920,30.276,2.77,2.79,0.0028,464,178
T-Default-1x,8921,30.279,2.61,2.59,0.0026,464,178
T-Default-1x,8922,30.282,2.97,2.91,0.0030,464,178
T-Default-1x,8923,30.285,2.83,2.90,0.0028,464,178
T-Default-1x,8924,30.288,2.68,2.69,0.0027,464,178
T-Default-1x,8925,30.290,2.94,2.91,0.0029,464,178
T-Default-1x,8926,30.293,2.79,2.80,0.0028,464,178
T-Default-1x,8927,30.296,2.68,2.70,0.0027,464,178
T-Default-1x,8928,30.299,2.92,2.90,0.0029,464,178
T-Default-1x,8929,30.302,2.69,2.70,0.0027,464,178
T-Default-1x,8930,30.304,2.72,2.70,0.0027,464,178
T-Default-1x,8931,30.307,2.89,2.89,0.0029,464,178
T-Default-1x,8932,30.310,2.80,2.80,0.0028,464,178
T-Default-1x,8933,30.313,3.14,3.11,0.0031,464,178
T-Default-1x,8934,30.316,3.19,3.19,0.0032,464,178
T-Default-1x,8935,30.319,2.75,2.78,0.0028,464,178
T-Default-1x,8936,30.322,2.82,2.81,0.0028,464,178
T-Default-1x,8937,30.325,2.70,2.69,0.0027,464,178
T-Default-1x,8938,30.327,2.81,2.80,0.0028,464,178
T-Default-1x,8939,30.330,2.80,2.80,0.0028,464,178
T-Default-1x,8940,30.333,3.10,3.10,0.0031,464,178
T-Default-1x,8941,30.336,2.80,2.81,0.0028,464,178
T-Default-1x,8942,30.339,2.69,2.70,0.0027,464,178
T-Default-1x,8943,30.342,2.91,2.90,0.0029,464,178
T-Default-1x,8944,30.344,2.69,2.68,0.0027,464,178
T-Default-1x,8945,30.347,2.72,2.73,0.0027,464,178
T-Default-1x,8946,30.350,2.99,2.98,0.0030,464,178
T-Default-1x,8947,30.353,2.83,2.81,0.0028,464,178
T-Default-1x,8948,30.356,2.69,2.68,0.0027,464,178
T-Default-1x,8949,30.359,2.99,3.01,0.0030,464,178
T-Default-1x,8950,30.361,2.72,2.69,0.0027,464,178
T-Default-1x,8951,30.364,2.66,2.70,0.0027,464,178
T-Default-1x,8952,30.367,2.91,2.89,0.0029,464,178
T-Default-1x,8953,30.369,2.59,2.60,0.0026,464,178
T-Default-1x,8954,30.372,2.82,2.80,0.0028,464,178
T-Default-1x,8955,30.375,3.10,3.10,0.0031,464,178
T-Default-1x,8956,30.378,2.81,2.81,0.0028,464,178
T-Default-1x,8957,30.381,2.94,2.90,0.0029,464,178
T-Default-1x,8958,30.384,2.95,2.99,0.0030,464,178
T-Default-1x,8959,30.387,2.81,2.80,0.0028,464,178
T-Default-1x,8960,30.390,2.92,2.90,0.0029,464,178
T-Default-1x,8961,30.393,2.98,3.00,0.0030,464,178
T-Default-1x,8962,30.396,2.80,2.79,0.0028,464,178
T-Default-1x,8963,30.399,3.02,3.00,0.0030,464,178
T-Default-1x,8964,30.401,2.85,2.90,0.0029,464,178
T-Default-1x,8965,30.404,2.72,2.70,0.0027,464,178
T-Default-1x,8966,30.407,3.02,3.01,0.0030,464,178
T-Default-1x,8967,30.410,2.77,2.79,0.0028,464,178
T-Default-1x,8968,30.413,2.81,2.79,0.0028,464,178
T-Default-1x,8969,30.416,2.99,2.99,0.0030,464,178
T-Default-1x,8970,30.419,2.94,2.96,0.0029,464,178
T-Default-1x,8971,30.421,2.64,2.65,0.0026,464,178
T-Default-1x,8972,30.424,3.01,2.99,0.0030,464,178
T-Default-1x,8973,30.427,2.71,2.70,0.0027,516,178
T-Default-1x,8974,30.430,2.70,2.70,0.0027,464,178
T-Default-1x,8975,30.433,3.23,3.21,0.0032,464,178
T-Default-1x,8976,30.436,2.87,2.89,0.0029,464,178
T-Default-1x,8977,30.438,2.58,2.59,0.0026,464,178
T-Default-1x,8978,30.441,3.02,3.01,0.0030,464,178
T-Default-1x,8979,30.444,2.58,2.59,0.0026,464,178
T-Default-1x,8980,30.447,2.82,2.81,0.0028,464,178
T-Default-1x,8981,30.450,3.00,3.00,0.0030,464,178
T-Default-1x,8982,30.453,3.13,3.11,0.0031,464,178
T-Default-1x,8983,30.456,3.07,3.07,0.0031,464,178
T-Default-1x,8984,30.459,2.96,3.00,0.0030,464,178
T-Default-1x,8985,30.462,3.25,3.21,0.0033,464,178
T-Default-1x,8986,30.466,3.22,3.20,0.0032,464,178
T-Default-1x,8987,30.469,3.25,3.28,0.0033,464,178
T-Default-1x,8988,30.472,2.88,2.90,0.0029,464,178
T-Default-1x,8989,30.475,3.12,3.11,0.0031,464,178
T-Default-1x,8990,30.478,2.81,2.81,0.0028,464,178
T-Default-1x,8991,30.480,2.68,2.69,0.0027,464,178
T-Default-1x,8992,30.483,2.91,2.88,0.0029,464,178
T-Default-1x,8993,30.486,2.71,2.72,0.0027,464,178
T-Default-1x,8994,30.489,2.89,2.89,0.0029,464,178
T-Default-1x,8995,30.492,3.08,3.09,0.0031,464,178
T-Default-1x,8996,30.495,2.81,2.81,0.0028,464,178
T-Default-1x,8997,30.498,2.88,2.89,0.0029,464,178
T-Default-1x,8998,30.500,2.94,2.90,0.0029,464,178
T-Default-1x,8999,30.504,3.11,3.10,0.0031,464,178
T-Default-1x,9000,30.507,3.09,3.10,0.0031,464,178
T-Default-1x,9001,30.510,3.08,3.09,0.0031,464,178
T-Default-1x,9002,30.513,2.90,2.91,0.0029,464,178
T-Default-1x,9003,30.516,3.00,2.99,0.0030,464,178
T-Default-1x,9004,30.519,3.09,3.09,0.0031,464,178
T-Default-1x,9005,30.522,2.82,2.82,0.0028,464,178
T-Default-1x,9006,30.525,3.10,3.10,0.0031,464,178
T-Default-1x,9007,30.528,2.89,2.90,0.0029,464,178
T-Default-1x,9008,30.530,2.79,2.79,0.0028,464,178
T-Default-1x,9009,30.533,2.92,2.90,0.0029,464,178
T-Default-1x,9010,30.536,2.78,2.80,0.0028,464,178
T-Default-1x,9011,30.539,2.81,2.80,0.0028,464,178
T-Default-1x,9012,30.542,3.00,3.00,0.0030,464,178
T-Default-1x,9013,30.545,2.81,2.80,0.0028,464,178
T-Default-1x,9014,30.547,2.78,2.79,0.0028,464,178
T-Default-1x,9015,30.550,2.79,2.80,0.0028,464,178
T-Default-1x,9016,30.553,2.72,2.70,0.0027,464,178
T-Default-1x,9017,30.556,2.82,2.79,0.0028,464,178
T-Default-1x,9018,30.559,2.88,2.90,0.0029,464,178
T-Default-1x,9019,30.561,2.74,2.70,0.0027,464,178
T-Default-1x,9020,30.564,2.98,3.00,0.0030,464,178
T-Default-1x,9021,30.567,3.01,2.99,0.0030,464,178
T-Default-1x,9022,30.570,2.77,2.79,0.0028,464,178
T-Default-1x,9023,30.573,3.06,3.02,0.0031,464,178
T-Default-1x,9024,30.576,2.85,2.88,0.0029,464,178
T-Default-1x,9025,30.579,2.79,2.79,0.0028,464,178
T-Default-1x,9026,30.582,2.94,2.91,0.0029,464,178
T-Default-1x,9027,30.585,2.89,2.90,0.0029,464,178
T-Default-1x,9028,30.587,2.78,2.80,0.0028,464,178
T-Default-1x,9029,30.591,3.06,3.02,0.0031,464,178
T-Default-1x,9030,30.593,2.96,2.98,0.0030,464,178
T-Default-1x,9031,30.596,2.78,2.79,0.0028,464,178
T-Default-1x,9032,30.599,3.03,3.01,0.0030,464,178
T-Default-1x,9033,30.602,2.68,2.68,0.0027,464,178
T-Default-1x,9034,30.605,2.61,2.61,0.0026,464,178
T-Default-1x,9035,30.607,2.90,2.89,0.0029,464,178
T-Default-1x,9036,30.610,2.69,2.70,0.0027,464,178
T-Default-1x,9037,30.613,2.60,2.59,0.0026,464,178
T-Default-1x,9038,30.616,3.02,3.00,0.0030,464,178
T-Default-1x,9039,30.619,2.95,2.96,0.0029,464,178
T-Default-1x,9040,30.621,2.64,2.63,0.0026,464,178
T-Default-1x,9041,30.624,3.01,3.00,0.0030,464,178
T-Default-1x,9042,30.627,2.58,2.60,0.0026,516,178
T-Default-1x,9043,30.630,2.59,2.59,0.0026,464,178
T-Default-1x,9044,30.633,3.03,3.00,0.0030,464,178
T-Default-1x,9045,30.635,2.69,2.70,0.0027,464,178
T-Default-1x,9046,30.639,3.26,3.21,0.0033,464,178
T-Default-1x,9047,30.642,3.03,3.08,0.0030,464,178
T-Default-1x,9048,30.644,2.81,2.80,0.0028,464,178
T-Default-1x,9049,30.647,2.78,2.80,0.0028,464,178
T-Default-1x,9050,30.650,3.12,3.11,0.0031,464,178
T-Default-1x,9051,30.653,2.79,2.79,0.0028,464,178
T-Default-1x,9052,30.656,2.90,2.90,0.0029,464,178
T-Default-1x,9053,30.659,3.00,3.01,0.0030,464,178
T-Default-1x,9054,30.662,2.80,2.79,0.0028,464,178
T-Default-1x,9055,30.665,3.03,3.01,0.0030,464,178
T-Default-1x,9056,30.668,3.18,3.19,0.0032,464,178
T-Default-1x,9057,30.671,3.20,3.21,0.0032,464,178
T-Default-1x,9058,30.675,3.44,3.41,0.0034,464,178
T-Default-1x,9059,30.678,2.99,2.98,0.0030,464,178
T-Default-1x,9060,30.680,2.85,2.90,0.0028,464,178
T-Default-1x,9061,30.683,2.92,2.90,0.0029,464,178
T-Default-1x,9062,30.686,2.82,2.79,0.0028,464,178
T-Default-1x,9063,30.689,2.88,2.90,0.0029,464,178
T-Default-1x,9064,30.692,2.99,3.00,0.0030,464,178
T-Default-1x,9065,30.695,2.79,2.79,0.0028,464,178
T-Default-1x,9066,30.698,2.80,2.81,0.0028,464,178
T-Default-1x,9067,30.701,3.14,3.11,0.0031,464,178
T-Default-1x,9068,30.704,2.98,2.99,0.0030,464,178
T-Default-1x,9069,30.707,3.03,3.01,0.0030,464,178
T-Default-1x,9070,30.710,2.96,3.00,0.0030,464,178
T-Default-1x,9071,30.713,2.82,2.79,0.0028,464,178
T-Default-1x,9072,30.716,3.00,2.99,0.0030,464,178
T-Default-1x,9073,30.718,2.67,2.70,0.0027,464,178
T-Default-1x,9074,30.721,2.71,2.70,0.0027,464,178
T-Default-1x,9075,30.724,3.12,3.10,0.0031,464,178
T-Default-1x,9076,30.727,2.99,2.98,0.0030,464,178
T-Default-1x,9077,30.730,3.10,3.12,0.0031,464,178
T-Default-1x,9078,30.733,3.30,3.29,0.0033,464,178
T-Default-1x,9079,30.737,3.15,3.10,0.0031,464,178
T-Default-1x,9080,30.740,2.94,2.98,0.0029,464,178
T-Default-1x,9081,30.743,3.11,3.10,0.0031,464,178
T-Default-1x,9082,30.745,2.81,2.80,0.0028,464,178
T-Default-1x,9083,30.749,3.26,3.20,0.0033,464,178
T-Default-1x,9084,30.752,2.84,2.90,0.0028,464,178
T-Default-1x,9085,30.754,2.73,2.69,0.0027,464,178
T-Default-1x,9086,30.758,3.26,3.29,0.0033,464,178
T-Default-1x,9087,30.760,2.72,2.72,0.0027,464,178
T-Default-1x,9088,30.763,2.79,2.78,0.0028,464,178
T-Default-1x,9089,30.766,3.12,3.10,0.0031,464,178
T-Default-1x,9090,30.769,2.87,2.88,0.0029,464,178
T-Default-1x,9091,30.772,2.59,2.61,0.0026,464,178
T-Default-1x,9092,30.775,3.03,3.00,0.0030,464,178
T-Default-1x,9093,30.777,2.80,2.80,0.0028,464,178
T-Default-1x,9094,30.780,3.02,3.00,0.0030,464,178
T-Default-1x,9095,30.784,3.18,3.19,0.0032,464,178
T-Default-1x,9096,30.786,2.80,2.80,0.0028,464,178
T-Default-1x,9097,30.789,2.96,2.90,0.0030,464,178
T-Default-1x,9098,30.793,3.26,3.30,0.0033,464,178
T-Default-1x,9099,30.796,3.20,3.20,0.0032,464,178
T-Default-1x,9100,30.799,3.08,3.08,0.0031,464,178
T-Default-1x,9101,30.802,2.78,2.80,0.0028,464,178
T-Default-1x,9102,30.804,2.72,2.70,0.0027,464,178
T-Default-1x,9103,30.808,3.11,3.10,0.0031,464,178
T-Default-1x,9104,30.810,2.89,2.90,0.0029,464,178
T-Default-1x,9105,30.813,3.03,3.00,0.0030,464,178
T-Default-1x,9106,30.817,3.60,3.59,0.0036,464,178
T-Default-1x,9107,30.820,3.06,3.09,0.0031,464,178
T-Default-1x,9108,30.823,2.79,2.80,0.0028,464,178
T-Default-1x,9109,30.826,3.03,3.01,0.0030,464,178
T-Default-1x,9110,30.829,2.82,2.79,0.0028,516,178
T-Default-1x,9111,30.832,3.21,3.20,0.0032,464,178
T-Default-1x,9112,30.835,2.86,2.90,0.0029,464,178
T-Default-1x,9113,30.838,2.94,2.90,0.0029,464,178
T-Default-1x,9114,30.841,3.08,3.09,0.0031,464,178
T-Default-1x,9115,30.844,2.89,2.91,0.0029,464,178
T-Default-1x,9116,30.846,2.67,2.68,0.0027,464,178
T-Default-1x,9117,30.849,3.03,3.01,0.0030,464,178
T-Default-1x,9118,30.852,2.79,2.81,0.0028,464,178
T-Default-1x,9119,30.855,2.70,2.69,0.0027,464,178
T-Default-1x,9120,30.858,2.91,2.89,0.0029,464,178
T-Default-1x,9121,30.860,2.59,2.60,0.0026,464,178
T-Default-1x,9122,30.863,2.95,2.91,0.0030,464,178
T-Default-1x,9123,30.866,3.06,3.09,0.0031,464,178
T-Default-1x,9124,30.869,2.67,2.68,0.0027,464,178
T-Default-1x,9125,30.872,2.82,2.81,0.0028,464,178
T-Default-1x,9126,30.875,2.92,2.91,0.0029,464,178
T-Default-1x,9127,30.878,2.90,2.90,0.0029,464,178
T-Default-1x,9128,30.881,3.10,3.10,0.0031,464,178
T-Default-1x,9129,30.884,2.92,2.91,0.0029,464,178
T-Default-1x,9130,30.887,2.87,2.89,0.0029,464,178
T-Default-1x,9131,30.890,2.92,2.89,0.0029,464,178
T-Default-1x,9132,30.892,2.89,2.89,0.0029,464,178
T-Default-1x,9133,30.895,2.89,2.90,0.0029,464,178
T-Default-1x,9134,30.898,3.03,3.02,0.0030,464,178
T-Default-1x,9135,30.901,2.86,2.88,0.0029,464,178
T-Default-1x,9136,30.904,2.73,2.71,0.0027,464,178
T-Default-1x,9137,30.907,3.21,3.20,0.0032,464,178
T-Default-1x,9138,30.910,2.77,2.79,0.0028,464,178
T-Default-1x,9139,30.913,2.91,2.89,0.0029,464,178
T-Default-1x,9140,30.916,3.09,3.10,0.0031,464,178
T-Default-1x,9141,30.919,3.12,3.10,0.0031,464,178
T-Default-1x,9142,30.923,3.41,3.40,0.0034,464,178
T-Default-1x,9143,30.926,3.19,3.19,0.0032,464,178
T-Default-1x,9144,30.929,3.49,3.50,0.0035,464,178
T-Default-1x,9145,30.932,3.00,3.00,0.0030,464,178
T-Default-1x,9146,30.935,3.08,3.09,0.0031,464,178
T-Default-1x,9147,30.938,3.02,3.00,0.0030,464,178
T-Default-1x,9148,30.941,3.20,3.20,0.0032,464,178
T-Default-1x,9149,30.944,2.78,2.78,0.0028,464,178
T-Default-1x,9150,30.947,2.68,2.70,0.0027,464,178
T-Default-1x,9151,30.950,2.92,2.90,0.0029,464,178
T-Default-1x,9152,30.952,2.61,2.59,0.0026,464,178
T-Default-1x,9153,30.955,3.01,3.01,0.0030,464,178
T-Default-1x,9154,30.959,3.08,3.09,0.0031,464,178
T-Default-1x,9155,30.961,2.93,2.92,0.0029,464,178
T-Default-1x,9156,30.964,2.91,2.88,0.0029,464,178
T-Default-1x,9157,30.967,2.97,2.99,0.0030,464,178
T-Default-1x,9158,30.970,2.90,2.91,0.0029,464,178
T-Default-1x,9159,30.973,2.90,2.89,0.0029,464,178
T-Default-1x,9160,30.976,3.22,3.21,0.0032,464,178
T-Default-1x,9161,30.979,2.94,2.91,0.0029,464,178
T-Default-1x,9162,30.983,3.45,3.48,0.0034,464,178
T-Default-1x,9163,30.986,2.88,2.90,0.0029,464,178
T-Default-1x,9164,30.989,2.92,2.91,0.0029,464,178
T-Default-1x,9165,30.992,3.08,3.08,0.0031,464,178
T-Default-1x,9166,30.994,2.70,2.69,0.0027,464,178
T-Default-1x,9167,30.997,2.79,2.80,0.0028,464,178
T-Default-1x,9168,31.000,3.12,3.11,0.0031,464,178
T-Default-1x,9169,31.003,2.89,2.89,0.0029,464,178
T-Default-1x,9170,31.006,3.02,3.01,0.0030,464,178
T-Default-1x,9171,31.009,3.20,3.19,0.0032,464,178
T-Default-1x,9172,31.012,2.99,2.99,0.0030,464,178
T-Default-1x,9173,31.015,3.06,3.02,0.0031,464,178
T-Default-1x,9174,31.018,2.98,2.99,0.0030,464,178
T-Default-1x,9175,31.021,2.74,2.78,0.0027,464,178
T-Default-1x,9176,31.024,2.91,2.89,0.0029,464,178
T-Default-1x,9177,31.027,2.70,2.71,0.0027,464,178
T-Default-1x,9178,31.030,2.81,2.80,0.0028,516,178
T-Default-1x,9179,31.033,3.31,3.30,0.0033,464,178
T-Default-1x,9180,31.036,3.00,2.99,0.0030,464,178
T-Default-1x,9181,31.039,2.78,2.80,0.0028,464,178
T-Default-1x,9182,31.042,3.11,3.10,0.0031,464,178
T-Default-1x,9183,31.045,2.93,2.90,0.0029,464,178
T-Default-1x,9184,31.048,2.87,2.89,0.0029,464,178
T-Default-1x,9185,31.051,2.99,3.00,0.0030,464,178
T-Default-1x,9186,31.053,2.80,2.80,0.0028,464,178
T-Default-1x,9187,31.056,2.47,2.49,0.0025,464,178
T-Default-1x,9188,31.059,2.70,2.70,0.0027,464,178
T-Default-1x,9189,31.061,2.71,2.70,0.0027,464,178
T-Default-1x,9190,31.064,2.80,2.80,0.0028,464,178
T-Default-1x,9191,31.067,3.01,2.99,0.0030,464,178
T-Default-1x,9192,31.070,2.68,2.70,0.0027,464,178
T-Default-1x,9193,31.073,2.81,2.80,0.0028,464,178
T-Default-1x,9194,31.075,2.89,2.90,0.0029,464,178
T-Default-1x,9195,31.078,2.81,2.80,0.0028,464,178
T-Default-1x,9196,31.081,2.94,2.91,0.0029,464,178
T-Default-1x,9197,31.084,3.10,3.11,0.0031,464,178
T-Default-1x,9198,31.087,2.87,2.87,0.0029,464,178
T-Default-1x,9199,31.090,3.12,3.11,0.0031,464,178
T-Default-1x,9200,31.093,2.97,3.00,0.0030,464,178
T-Default-1x,9201,31.096,2.81,2.79,0.0028,464,178
T-Default-1x,9202,31.099,3.10,3.11,0.0031,464,178
T-Default-1x,9203,31.102,2.70,2.70,0.0027,464,178
T-Default-1x,9204,31.105,2.69,2.69,0.0027,464,178
T-Default-1x,9205,31.108,3.01,3.01,0.0030,464,178
T-Default-1x,9206,31.110,2.80,2.79,0.0028,464,178
T-Default-1x,9207,31.113,2.69,2.71,0.0027,464,178
T-Default-1x,9208,31.116,3.01,3.00,0.0030,464,178
T-Default-1x,9209,31.119,2.69,2.68,0.0027,464,178
T-Default-1x,9210,31.121,2.61,2.61,0.0026,464,178
T-Default-1x,9211,31.124,2.99,2.99,0.0030,464,178
T-Default-1x,9212,31.127,2.59,2.59,0.0026,464,178
T-Default-1x,9213,31.129,2.50,2.50,0.0025,464,178
T-Default-1x,9214,31.132,3.02,3.01,0.0030,464,178
T-Default-1x,9215,31.135,2.58,2.59,0.0026,464,178
T-Default-1x,9216,31.138,2.62,2.60,0.0026,464,178
T-Default-1x,9217,31.141,3.12,3.10,0.0031,464,178
T-Default-1x,9218,31.144,3.02,3.00,0.0030,464,178
T-Default-1x,9219,31.147,3.31,3.31,0.0033,464,178
T-Default-1x,9220,31.150,3.08,3.09,0.0031,464,178
T-Default-1x,9221,31.154,3.51,3.50,0.0035,464,178
T-Default-1x,9222,31.157,2.95,2.99,0.0029,464,178
T-Default-1x,9223,31.160,3.13,3.11,0.0031,464,178
T-Default-1x,9224,31.163,2.92,2.89,0.0029,464,178
T-Default-1x,9225,31.166,3.18,3.21,0.0032,464,178
T-Default-1x,9226,31.169,2.81,2.82,0.0028,464,178
T-Default-1x,9227,31.172,2.87,2.87,0.0029,464,178
T-Default-1x,9228,31.175,3.00,2.99,0.0030,464,178
T-Default-1x,9229,31.177,2.82,2.81,0.0028,464,178
T-Default-1x,9230,31.180,2.69,2.69,0.0027,464,178
T-Default-1x,9231,31.183,2.89,2.89,0.0029,464,178
T-Default-1x,9232,31.186,2.63,2.60,0.0026,464,178
T-Default-1x,9233,31.188,2.76,2.79,0.0028,464,178
T-Default-1x,9234,31.192,3.28,3.22,0.0033,464,178
T-Default-1x,9235,31.195,3.37,3.39,0.0034,464,178
T-Default-1x,9236,31.198,3.41,3.40,0.0034,464,178
T-Default-1x,9237,31.202,3.31,3.30,0.0033,464,178
T-Default-1x,9238,31.205,3.20,3.19,0.0032,464,178
T-Default-1x,9239,31.208,3.38,3.39,0.0034,464,178
T-Default-1x,9240,31.211,2.99,3.00,0.0030,464,178
T-Default-1x,9241,31.214,3.11,3.10,0.0031,464,178
T-Default-1x,9242,31.217,3.08,3.01,0.0031,464,178
T-Default-1x,9243,31.221,3.34,3.37,0.0033,464,178
T-Default-1x,9244,31.224,3.50,3.50,0.0035,464,178
T-Default-1x,9245,31.227,3.01,2.99,0.0030,464,178
T-Default-1x,9246,31.230,3.17,3.20,0.0032,516,178
T-Default-1x,9247,31.234,3.42,3.41,0.0034,464,178
T-Default-1x,9248,31.237,3.09,3.09,0.0031,464,178
T-Default-1x,9249,31.240,3.24,3.21,0.0032,464,178
T-Default-1x,9250,31.243,3.28,3.30,0.0033,464,178
T-Default-1x,9251,31.247,3.31,3.30,0.0033,464,178
T-Default-1x,9252,31.250,3.48,3.48,0.0035,464,178
T-Default-1x,9253,31.254,3.61,3.60,0.0036,464,178
T-Default-1x,9254,31.257,3.20,3.20,0.0032,464,178
T-Default-1x,9255,31.260,3.17,3.19,0.0032,464,178
T-Default-1x,9256,31.263,3.01,3.01,0.0030,464,178
T-Default-1x,9257,31.266,3.14,3.12,0.0031,464,178
T-Default-1x,9258,31.269,2.93,2.97,0.0029,464,178
T-Default-1x,9259,31.273,3.16,3.11,0.0032,464,178
T-Default-1x,9260,31.276,3.16,3.20,0.0032,464,178
T-Default-1x,9261,31.278,2.83,2.80,0.0028,464,178
T-Default-1x,9262,31.282,3.07,3.10,0.0031,464,178
T-Default-1x,9263,31.285,3.01,3.00,0.0030,464,178
T-Default-1x,9264,31.287,2.78,2.78,0.0028,464,178
T-Default-1x,9265,31.291,3.15,3.11,0.0032,464,178
T-Default-1x,9266,31.294,3.07,3.09,0.0031,464,178
T-Default-1x,9267,31.297,3.19,3.19,0.0032,464,178
T-Default-1x,9268,31.300,3.21,3.21,0.0032,464,178
T-Default-1x,9269,31.303,2.95,2.93,0.0030,464,178
T-Default-1x,9270,31.306,2.94,2.97,0.0029,464,178
T-Default-1x,9271,31.309,3.20,3.19,0.0032,464,178
T-Default-1x,9272,31.312,3.12,3.11,0.0031,464,178
T-Default-1x,9273,31.316,3.35,3.31,0.0034,464,178
T-Default-1x,9274,31.319,3.24,3.29,0.0032,464,178
T-Default-1x,9275,31.322,2.88,2.88,0.0029,464,178
T-Default-1x,9276,31.325,3.22,3.20,0.0032,464,178
T-Default-1x,9277,31.328,2.90,2.89,0.0029,464,178
T-Default-1x,9278,31.331,2.89,2.92,0.0029,464,178
T-Default-1x,9279,31.334,3.12,3.09,0.0031,464,178
T-Default-1x,9280,31.337,3.01,3.01,0.0030,464,178
T-Default-1x,9281,31.340,3.20,3.20,0.0032,464,178
T-Default-1x,9282,31.343,3.06,3.09,0.0031,464,178
T-Default-1x,9283,31.346,3.12,3.10,0.0031,464,178
T-Default-1x,9284,31.349,3.18,3.19,0.0032,464,178
T-Default-1x,9285,31.353,3.15,3.10,0.0032,464,178
T-Default-1x,9286,31.356,3.17,3.19,0.0032,464,178
T-Default-1x,9287,31.359,3.17,3.20,0.0032,464,178
T-Default-1x,9288,31.362,2.93,2.91,0.0029,464,178
T-Default-1x,9289,31.365,3.11,3.10,0.0031,464,178
T-Default-1x,9290,31.368,2.86,2.89,0.0029,464,178
T-Default-1x,9291,31.371,2.91,2.90,0.0029,464,178
T-Default-1x,9292,31.374,3.04,2.99,0.0030,464,178
T-Default-1x,9293,31.377,3.14,3.20,0.0031,464,178
T-Default-1x,9294,31.380,2.90,2.90,0.0029,464,178
T-Default-1x,9295,31.383,3.20,3.19,0.0032,464,178
T-Default-1x,9296,31.386,2.89,2.90,0.0029,464,178
T-Default-1x,9297,31.389,2.69,2.69,0.0027,464,178
T-Default-1x,9298,31.392,3.25,3.21,0.0033,464,178
T-Default-1x,9299,31.395,3.21,3.20,0.0032,464,178
T-Default-1x,9300,31.398,3.28,3.30,0.0033,464,178
T-Default-1x,9301,31.401,3.01,3.00,0.0030,464,178
T-Default-1x,9302,31.404,2.99,3.01,0.0030,464,178
T-Default-1x,9303,31.408,3.32,3.29,0.0033,464,178
T-Default-1x,9304,31.411,3.06,3.09,0.0031,464,178
T-Default-1x,9305,31.413,2.82,2.82,0.0028,464,178
T-Default-1x,9306,31.417,3.17,3.18,0.0032,464,178
T-Default-1x,9307,31.420,3.24,3.21,0.0032,464,178
T-Default-1x,9308,31.423,3.18,3.20,0.0032,464,178
T-Default-1x,9309,31.426,3.09,3.09,0.0031,464,178
T-Default-1x,9310,31.429,2.81,2.79,0.0028,464,178
T-Default-1x,9311,31.432,3.21,3.21,0.0032,516,178
T-Default-1x,9312,31.435,2.87,2.88,0.0029,464,178
T-Default-1x,9313,31.438,2.91,2.90,0.0029,464,178
T-Default-1x,9314,31.441,3.08,3.09,0.0031,464,178
T-Default-1x,9315,31.444,2.93,2.91,0.0029,464,178
T-Default-1x,9316,31.447,2.98,3.00,0.0030,464,178
T-Default-1x,9317,31.450,3.00,2.99,0.0030,464,178
T-Default-1x,9318,31.453,2.92,2.90,0.0029,464,178
T-Default-1x,9319,31.456,2.99,3.00,0.0030,464,178
T-Default-1x,9320,31.459,3.11,3.10,0.0031,464,178
T-Default-1x,9321,31.462,3.19,3.19,0.0032,464,178
T-Default-1x,9322,31.465,3.25,3.21,0.0032,464,178
T-Default-1x,9323,31.469,3.38,3.41,0.0034,464,178
T-Default-1x,9324,31.472,2.90,2.89,0.0029,464,178
T-Default-1x,9325,31.475,3.20,3.20,0.0032,464,178
T-Default-1x,9326,31.478,2.89,2.89,0.0029,464,178
T-Default-1x,9327,31.481,2.78,2.80,0.0028,464,178
T-Default-1x,9328,31.483,2.90,2.89,0.0029,464,178
T-Default-1x,9329,31.486,2.91,2.90,0.0029,464,178
T-Default-1x,9330,31.489,2.91,2.91,0.0029,464,178
T-Default-1x,9331,31.492,2.99,2.99,0.0030,464,178
T-Default-1x,9332,31.495,2.79,2.80,0.0028,464,178
T-Default-1x,9333,31.498,3.05,3.01,0.0031,464,178
T-Default-1x,9334,31.501,3.18,3.19,0.0032,464,178
T-Default-1x,9335,31.504,3.19,3.20,0.0032,464,178
T-Default-1x,9336,31.508,3.28,3.30,0.0033,464,178
T-Default-1x,9337,31.511,3.06,3.00,0.0031,464,178
T-Default-1x,9338,31.514,2.75,2.80,0.0027,464,178
T-Default-1x,9339,31.517,3.01,3.01,0.0030,464,178
T-Default-1x,9340,31.520,3.12,3.09,0.0031,464,178
T-Default-1x,9341,31.523,3.11,3.11,0.0031,464,178
T-Default-1x,9342,31.526,2.96,2.98,0.0030,464,178
T-Default-1x,9343,31.529,2.81,2.79,0.0028,464,178
T-Default-1x,9344,31.532,3.11,3.10,0.0031,464,178
T-Default-1x,9345,31.535,3.00,3.00,0.0030,464,178
T-Default-1x,9346,31.538,2.87,2.90,0.0029,464,178
T-Default-1x,9347,31.540,2.92,2.90,0.0029,464,178
T-Default-1x,9348,31.543,3.00,3.00,0.0030,464,178
T-Default-1x,9349,31.546,2.99,3.00,0.0030,464,178
T-Default-1x,9350,31.550,3.20,3.21,0.0032,464,178
T-Default-1x,9351,31.553,3.02,2.99,0.0030,464,178
T-Default-1x,9352,31.556,2.96,2.99,0.0030,464,178
T-Default-1x,9353,31.559,2.91,2.91,0.0029,464,178
T-Default-1x,9354,31.562,3.04,3.01,0.0030,464,178
T-Default-1x,9355,31.565,3.00,2.99,0.0030,464,178
T-Default-1x,9356,31.568,3.06,3.09,0.0031,464,178
T-Default-1x,9357,31.571,2.90,2.90,0.0029,464,178
T-Default-1x,9358,31.573,2.92,2.89,0.0029,464,178
T-Default-1x,9359,31.577,3.12,3.12,0.0031,464,178
T-Default-1x,9360,31.580,2.98,2.99,0.0030,464,178
T-Default-1x,9361,31.583,3.19,3.19,0.0032,464,178
T-Default-1x,9362,31.586,3.21,3.20,0.0032,464,178
T-Default-1x,9363,31.589,2.87,2.89,0.0029,464,178
T-Default-1x,9364,31.592,2.92,2.91,0.0029,464,178
T-Default-1x,9365,31.595,2.79,2.79,0.0028,464,178
T-Default-1x,9366,31.597,2.93,2.92,0.0029,464,178
T-Default-1x,9367,31.601,3.10,3.09,0.0031,464,178
T-Default-1x,9368,31.603,2.90,2.90,0.0029,464,178
T-Default-1x,9369,31.607,3.11,3.10,0.0031,464,178
T-Default-1x,9370,31.610,3.17,3.18,0.0032,464,178
T-Default-1x,9371,31.613,3.12,3.09,0.0031,464,178
T-Default-1x,9372,31.616,3.08,3.10,0.0031,464,178
T-Default-1x,9373,31.619,2.88,2.91,0.0029,464,178
T-Default-1x,9374,31.622,2.70,2.70,0.0027,464,178
T-Default-1x,9375,31.625,3.10,3.10,0.0031,464,178
T-Default-1x,9376,31.628,3.25,3.21,0.0032,464,178
T-Default-1x,9377,31.631,2.95,2.98,0.0029,464,178
T-Default-1x,9378,31.634,3.11,3.10,0.0031,516,178
T-Default-1x,9379,31.637,3.22,3.19,0.0032,464,178
T-Default-1x,9380,31.640,3.10,3.10,0.0031,464,178
T-Default-1x,9381,31.643,2.89,2.90,0.0029,464,178
T-Default-1x,9382,31.646,2.70,2.70,0.0027,464,178
T-Default-1x,9383,31.649,3.13,3.10,0.0031,464,178
T-Default-1x,9384,31.652,2.99,3.01,0.0030,464,178
T-Default-1x,9385,31.655,2.98,2.99,0.0030,464,178
T-Default-1x,9386,31.658,3.42,3.40,0.0034,464,178
T-Default-1x,9387,31.661,2.88,2.89,0.0029,464,178
T-Default-1x,9388,31.664,2.69,2.70,0.0027,464,178
T-Default-1x,9389,31.667,2.91,2.90,0.0029,464,178
T-Default-1x,9390,31.670,3.12,3.11,0.0031,464,178
T-Default-1x,9391,31.673,3.01,3.00,0.0030,464,178
T-Default-1x,9392,31.676,2.96,2.99,0.0030,464,178
T-Default-1x,9393,31.679,2.89,2.89,0.0029,464,178
T-Default-1x,9394,31.682,3.14,3.10,0.0031,464,178
T-Default-1x,9395,31.685,2.87,2.90,0.0029,464,178
T-Default-1x,9396,31.688,2.80,2.81,0.0028,464,178
T-Default-1x,9397,31.691,3.01,2.99,0.0030,464,178
T-Default-1x,9398,31.693,2.78,2.78,0.0028,464,178
T-Default-1x,9399,31.696,2.83,2.81,0.0028,464,178
T-Default-1x,9400,31.699,3.21,3.20,0.0032,464,178
T-Default-1x,9401,31.702,2.96,2.98,0.0030,464,178
T-Default-1x,9402,31.705,2.48,2.50,0.0025,464,178
T-Default-1x,9403,31.708,2.83,2.82,0.0028,464,178
T-Default-1x,9404,31.710,2.73,2.69,0.0027,464,178
T-Default-1x,9405,31.713,2.89,2.89,0.0029,464,178
T-Default-1x,9406,31.716,2.99,3.00,0.0030,464,178
T-Default-1x,9407,31.719,2.81,2.80,0.0028,464,178
T-Default-1x,9408,31.722,2.88,2.89,0.0029,464,178
T-Default-1x,9409,31.725,3.03,3.00,0.0030,464,178
T-Default-1x,9410,31.728,2.89,2.90,0.0029,464,178
T-Default-1x,9411,31.731,2.68,2.70,0.0027,464,178
T-Default-1x,9412,31.734,2.90,2.89,0.0029,464,178
T-Default-1x,9413,31.736,2.81,2.81,0.0028,464,178
T-Default-1x,9414,31.739,3.00,2.99,0.0030,464,178
T-Default-1x,9415,31.742,2.91,2.92,0.0029,464,178
T-Default-1x,9416,31.745,3.01,2.99,0.0030,464,178
T-Default-1x,9417,31.748,2.91,2.90,0.0029,464,178
T-Default-1x,9418,31.751,2.99,2.99,0.0030,464,178
T-Default-1x,9419,31.754,3.11,3.10,0.0031,464,178
T-Default-1x,9420,31.757,2.92,2.92,0.0029,464,178
T-Default-1x,9421,31.760,2.97,2.98,0.0030,464,178
T-Default-1x,9422,31.763,3.02,3.00,0.0030,464,178
T-Default-1x,9423,31.766,3.01,3.00,0.0030,464,178
T-Default-1x,9424,31.769,2.77,2.80,0.0028,464,178
T-Default-1x,9425,31.772,2.92,2.89,0.0029,464,178
T-Default-1x,9426,31.775,3.18,3.20,0.0032,464,178
T-Default-1x,9427,31.778,2.93,2.91,0.0029,464,178
T-Default-1x,9428,31.781,2.76,2.78,0.0028,464,178
T-Default-1x,9429,31.784,2.91,2.90,0.0029,464,178
T-Default-1x,9430,31.787,2.90,2.89,0.0029,464,178
T-Default-1x,9431,31.790,3.24,3.21,0.0032,464,178
T-Default-1x,9432,31.793,3.18,3.19,0.0032,464,178
T-Default-1x,9433,31.796,3.09,3.10,0.0031,464,178
T-Default-1x,9434,31.799,3.10,3.09,0.0031,464,178
T-Default-1x,9435,31.802,2.76,2.79,0.0028,464,178
T-Default-1x,9436,31.805,2.71,2.71,0.0027,464,178
T-Default-1x,9437,31.808,3.11,3.10,0.0031,464,178
T-Default-1x,9438,31.811,2.91,2.90,0.0029,464,178
T-Default-1x,9439,31.813,2.63,2.68,0.0026,464,178
T-Default-1x,9440,31.816,2.96,2.91,0.0030,464,178
T-Default-1x,9441,31.819,2.79,2.81,0.0028,464,178
T-Default-1x,9442,31.822,2.68,2.69,0.0027,464,178
T-Default-1x,9443,31.825,2.92,2.90,0.0029,464,178
T-Default-1x,9444,31.827,2.77,2.79,0.0028,464,178
T-Default-1x,9445,31.830,2.69,2.70,0.0027,464,178
T-Default-1x,9446,31.833,2.92,2.90,0.0029,464,178
T-Default-1x,9447,31.836,2.90,2.90,0.0029,516,178
T-Default-1x,9448,31.839,3.00,3.00,0.0030,464,178
T-Default-1x,9449,31.842,3.19,3.20,0.0032,464,178
T-Default-1x,9450,31.845,2.78,2.79,0.0028,464,178
T-Default-1x,9451,31.848,2.85,2.81,0.0028,464,178
T-Default-1x,9452,31.851,3.08,3.09,0.0031,464,178
T-Default-1x,9453,31.854,2.78,2.80,0.0028,464,178
T-Default-1x,9454,31.857,2.94,2.90,0.0029,464,178
T-Default-1x,9455,31.860,2.98,3.01,0.0030,464,178
T-Default-1x,9456,31.863,3.00,2.99,0.0030,464,178
T-Default-1x,9457,31.866,3.12,3.11,0.0031,464,178
T-Default-1x,9458,31.869,3.02,3.05,0.0030,464,178
T-Default-1x,9459,31.871,2.75,2.73,0.0027,464,178
T-Default-1x,9460,31.875,3.10,3.10,0.0031,464,178
T-Default-1x,9461,31.878,3.13,3.10,0.0031,464,178
T-Default-1x,9462,31.881,2.86,2.90,0.0029,464,178
T-Default-1x,9463,31.883,2.92,2.91,0.0029,464,178
T-Default-1x,9464,31.886,2.69,2.69,0.0027,464,178
T-Default-1x,9465,31.889,2.92,2.91,0.0029,464,178
T-Default-1x,9466,31.892,3.19,3.19,0.0032,464,178
T-Default-1x,9467,31.896,3.33,3.30,0.0033,464,178
T-Default-1x,9468,31.899,3.72,3.71,0.0037,464,178
T-Default-1x,9469,31.902,2.88,2.88,0.0029,464,178
T-Default-1x,9470,31.906,3.30,3.30,0.0033,464,178
T-Default-1x,9471,31.909,3.38,3.39,0.0034,464,178
T-Default-1x,9472,31.912,3.21,3.20,0.0032,464,178
T-Default-1x,9473,31.915,3.07,3.10,0.0031,464,178
T-Default-1x,9474,31.918,3.11,3.09,0.0031,464,178
T-Default-1x,9475,31.921,3.21,3.20,0.0032,464,178
T-Default-1x,9476,31.925,3.20,3.19,0.0032,464,178
T-Default-1x,9477,31.928,2.82,2.81,0.0028,464,178
T-Default-1x,9478,31.930,2.85,2.89,0.0029,464,178
T-Default-1x,9479,31.934,3.32,3.31,0.0033,464,178
T-Default-1x,9480,31.936,2.80,2.79,0.0028,464,178
T-Default-1x,9481,31.939,2.92,2.90,0.0029,464,178
T-Default-1x,9482,31.942,3.08,3.10,0.0031,464,178
T-Default-1x,9483,31.945,2.90,2.89,0.0029,464,178
T-Default-1x,9484,31.948,3.01,3.00,0.0030,464,178
T-Default-1x,9485,31.951,2.99,3.00,0.0030,464,178
T-Default-1x,9486,31.954,2.80,2.80,0.0028,464,178
T-Default-1x,9487,31.957,3.02,3.00,0.0030,464,178
T-Default-1x,9488,31.960,3.11,3.10,0.0031,464,178
T-Default-1x,9489,31.963,2.96,2.99,0.0030,464,178
T-Default-1x,9490,31.966,3.11,3.10,0.0031,464,178
T-Default-1x,9491,31.969,2.67,2.70,0.0027,464,178
T-Default-1x,9492,31.972,2.74,2.70,0.0027,464,178
T-Default-1x,9493,31.975,3.09,3.10,0.0031,464,178
T-Default-1x,9494,31.978,2.78,2.79,0.0028,464,178
T-Default-1x,9495,31.980,2.80,2.80,0.0028,464,178
T-Default-1x,9496,31.983,3.00,2.99,0.0030,464,178
T-Default-1x,9497,31.986,3.02,3.01,0.0030,464,178
T-Default-1x,9498,31.990,3.03,3.00,0.0030,464,178
T-Default-1x,9499,31.992,2.96,3.00,0.0030,464,178
T-Default-1x,9500,31.995,2.91,2.90,0.0029,464,178
T-Default-1x,9501,31.998,3.01,2.99,0.0030,464,178
T-Default-1x,9502,32.002,3.17,3.20,0.0032,464,178
T-Default-1x,9503,32.005,3.00,3.00,0.0030,464,178
T-Default-1x,9504,32.008,3.11,3.10,0.0031,464,178
T-Default-1x,9505,32.011,2.90,2.90,0.0029,464,178
T-Default-1x,9506,32.014,3.08,2.89,0.0031,464,178
T-Default-1x,9507,32.016,2.82,3.01,0.0028,464,178
T-Default-1x,9508,32.019,2.88,2.88,0.0029,464,178
T-Default-1x,9509,32.022,3.02,3.02,0.0030,464,178
T-Default-1x,9510,32.025,3.09,3.10,0.0031,464,178
T-Default-1x,9511,32.028,2.70,2.69,0.0027,464,178
T-Default-1x,9512,32.031,2.70,2.70,0.0027,464,178
T-Default-1x,9513,32.034,2.71,2.70,0.0027,464,178
T-Default-1x,9514,32.036,2.70,2.70,0.0027,516,178
T-Default-1x,9515,32.039,2.90,2.89,0.0029,464,178
T-Default-1x,9516,32.042,3.00,3.00,0.0030,464,178
T-Default-1x,9517,32.045,3.11,3.09,0.0031,464,178
T-Default-1x,9518,32.048,3.00,3.00,0.0030,464,178
T-Default-1x,9519,32.051,2.87,2.88,0.0029,464,178
T-Default-1x,9520,32.054,2.61,2.60,0.0026,464,178
T-Default-1x,9521,32.057,2.93,2.91,0.0029,464,178
T-Default-1x,9522,32.060,2.87,2.89,0.0029,464,178
T-Default-1x,9523,32.062,2.83,2.80,0.0028,464,178
T-Default-1x,9524,32.065,3.03,3.02,0.0030,464,178
T-Default-1x,9525,32.068,2.72,2.77,0.0027,464,178
T-Default-1x,9526,32.071,2.72,2.70,0.0027,464,178
T-Default-1x,9527,32.074,3.03,3.00,0.0030,464,178
T-Default-1x,9528,32.077,2.97,2.99,0.0030,464,178
T-Default-1x,9529,32.080,3.36,3.31,0.0034,464,178
T-Default-1x,9530,32.083,3.26,3.29,0.0033,464,178
T-Default-1x,9531,32.087,3.21,3.20,0.0032,464,178
T-Default-1x,9532,32.090,2.87,2.89,0.0029,464,178
T-Default-1x,9533,32.093,3.11,3.11,0.0031,464,178
T-Default-1x,9534,32.096,3.01,3.00,0.0030,464,178
T-Default-1x,9535,32.099,3.12,3.11,0.0031,464,178
T-Default-1x,9536,32.102,2.97,3.00,0.0030,464,178
T-Default-1x,9537,32.105,3.02,2.99,0.0030,464,178
T-Default-1x,9538,32.108,3.16,3.19,0.0032,464,178
T-Default-1x,9539,32.111,2.90,2.90,0.0029,464,178
T-Default-1x,9540,32.114,2.79,2.80,0.0028,464,178
T-Default-1x,9541,32.117,2.91,2.90,0.0029,464,178
T-Default-1x,9542,32.120,3.20,3.20,0.0032,464,178
T-Default-1x,9543,32.123,3.12,3.09,0.0031,464,178
T-Default-1x,9544,32.126,3.19,3.19,0.0032,464,178
T-Default-1x,9545,32.129,3.11,3.11,0.0031,464,178
T-Default-1x,9546,32.132,3.01,3.00,0.0030,464,178
T-Default-1x,9547,32.135,3.11,3.10,0.0031,464,178
T-Default-1x,9548,32.138,2.89,2.90,0.0029,464,178
T-Default-1x,9549,32.141,3.17,3.20,0.0032,464,178
T-Default-1x,9550,32.144,2.80,2.79,0.0028,464,178
T-Default-1x,9551,32.147,2.69,2.71,0.0027,464,178
T-Default-1x,9552,32.150,2.90,2.88,0.0029,464,178
T-Default-1x,9553,32.153,3.03,3.02,0.0030,464,178
T-Default-1x,9554,32.156,2.97,2.97,0.0030,464,178
T-Default-1x,9555,32.159,2.99,3.01,0.0030,464,178
T-Default-1x,9556,32.162,3.01,2.99,0.0030,464,178
T-Default-1x,9557,32.165,3.04,3.01,0.0030,464,178
T-Default-1x,9558,32.168,2.98,3.00,0.0030,464,178
T-Default-1x,9559,32.171,3.17,3.18,0.0032,464,178
T-Default-1x,9560,32.174,3.13,3.11,0.0031,464,178
T-Default-1x,9561,32.177,2.89,2.90,0.0029,464,178
T-Default-1x,9562,32.180,2.77,2.79,0.0028,464,178
T-Default-1x,9563,32.183,3.11,3.11,0.0031,464,178
T-Default-1x,9564,32.186,2.92,2.90,0.0029,464,178
T-Default-1x,9565,32.188,2.69,2.70,0.0027,464,178
T-Default-1x,9566,32.192,3.11,3.10,0.0031,464,178
T-Default-1x,9567,32.194,2.87,2.88,0.0029,464,178
T-Default-1x,9568,32.197,2.81,2.80,0.0028,464,178
T-Default-1x,9569,32.200,2.90,2.90,0.0029,464,178
T-Default-1x,9570,32.203,2.81,2.79,0.0028,464,178
T-Default-1x,9571,32.206,2.91,2.91,0.0029,464,178
T-Default-1x,9572,32.209,3.09,3.10,0.0031,464,178
T-Default-1x,9573,32.212,3.22,3.20,0.0032,464,178
T-Default-1x,9574,32.215,3.01,3.00,0.0030,464,178
T-Default-1x,9575,32.218,2.97,3.00,0.0030,464,178
T-Default-1x,9576,32.221,2.79,2.80,0.0028,464,178
T-Default-1x,9577,32.224,3.02,3.00,0.0030,464,178
T-Default-1x,9578,32.227,2.79,2.81,0.0028,464,178
T-Default-1x,9579,32.230,2.79,2.78,0.0028,464,178
T-Default-1x,9580,32.232,2.91,2.91,0.0029,464,178
T-Default-1x,9581,32.235,2.82,2.79,0.0028,464,178
T-Default-1x,9582,32.238,3.20,3.20,0.0032,516,178
T-Default-1x,9583,32.242,3.18,3.20,0.0032,464,178
T-Default-1x,9584,32.245,3.01,2.99,0.0030,464,178
T-Default-1x,9585,32.247,2.78,2.80,0.0028,464,178
T-Default-1x,9586,32.251,3.20,3.19,0.0032,464,178
T-Default-1x,9587,32.254,3.11,3.09,0.0031,464,178
T-Default-1x,9588,32.257,2.93,2.90,0.0029,464,178
T-Default-1x,9589,32.260,3.17,3.19,0.0032,464,178
T-Default-1x,9590,32.263,2.88,2.90,0.0029,464,178
T-Default-1x,9591,32.266,3.13,3.11,0.0031,464,178
T-Default-1x,9592,32.269,2.83,2.83,0.0028,464,178
T-Default-1x,9593,32.271,2.72,2.73,0.0027,464,178
T-Default-1x,9594,32.275,3.13,3.12,0.0031,464,178
T-Default-1x,9595,32.277,2.92,2.91,0.0029,464,178
T-Default-1x,9596,32.280,2.81,2.82,0.0028,464,178
T-Default-1x,9597,32.283,3.07,3.07,0.0031,464,178
T-Default-1x,9598,32.286,2.90,2.90,0.0029,464,178
T-Default-1x,9599,32.289,2.82,2.82,0.0028,464,178
T-Default-1x,9600,32.292,3.28,3.27,0.0033,464,178
T-Default-1x,9601,32.295,3.09,3.10,0.0031,464,178
T-Default-1x,9602,32.299,3.15,3.11,0.0031,464,178
T-Default-1x,9603,32.302,3.17,3.20,0.0032,464,178
T-Default-1x,9604,32.305,2.90,2.90,0.0029,464,178
T-Default-1x,9605,32.308,3.10,3.10,0.0031,464,178
T-Default-1x,9606,32.311,2.80,2.80,0.0028,464,178
T-Default-1x,9607,32.313,2.78,2.79,0.0028,464,178
T-Default-1x,9608,32.316,3.12,3.11,0.0031,464,178
T-Default-1x,9609,32.319,2.76,2.78,0.0028,464,178
T-Default-1x,9610,32.322,2.59,2.60,0.0026,464,178
T-Default-1x,9611,32.325,2.93,2.91,0.0029,464,178
T-Default-1x,9612,32.328,2.91,2.91,0.0029,464,178
T-Default-1x,9613,32.330,2.79,2.79,0.0028,464,178
T-Default-1x,9614,32.333,2.92,2.91,0.0029,464,178
T-Default-1x,9615,32.336,3.11,3.09,0.0031,464,178
T-Default-1x,9616,32.339,2.68,2.69,0.0027,464,178
T-Default-1x,9617,32.342,3.10,3.10,0.0031,464,178
T-Default-1x,9618,32.345,2.90,2.89,0.0029,464,178
T-Default-1x,9619,32.348,3.02,3.00,0.0030,464,178
T-Default-1x,9620,32.351,2.99,3.00,0.0030,464,178
T-Default-1x,9621,32.354,2.99,2.99,0.0030,464,178
T-Default-1x,9622,32.357,3.12,3.11,0.0031,464,178
T-Default-1x,9623,32.360,2.89,2.90,0.0029,464,178
T-Default-1x,9624,32.363,2.81,2.80,0.0028,464,178
T-Default-1x,9625,32.366,3.09,3.10,0.0031,464,178
T-Default-1x,9626,32.369,2.78,2.79,0.0028,464,178
T-Default-1x,9627,32.372,2.70,2.70,0.0027,464,178
T-Default-1x,9628,32.375,3.03,3.02,0.0030,464,178
T-Default-1x,9629,32.377,2.68,2.68,0.0027,464,178
T-Default-1x,9630,32.380,2.70,2.70,0.0027,464,178
T-Default-1x,9631,32.383,3.13,3.11,0.0031,464,178
T-Default-1x,9632,32.386,2.87,2.89,0.0029,464,178
T-Default-1x,9633,32.389,2.59,2.61,0.0026,464,178
T-Default-1x,9634,32.392,3.02,3.01,0.0030,464,178
T-Default-1x,9635,32.394,2.70,2.69,0.0027,464,178
T-Default-1x,9636,32.397,2.80,2.80,0.0028,464,178
T-Default-1x,9637,32.400,3.11,3.10,0.0031,464,178
T-Default-1x,9638,32.403,2.88,2.90,0.0029,464,178
T-Default-1x,9639,32.406,2.53,2.50,0.0025,464,178
T-Default-1x,9640,32.409,2.99,3.00,0.0030,464,178
T-Default-1x,9641,32.411,2.81,2.80,0.0028,464,178
T-Default-1x,9642,32.414,2.70,2.69,0.0027,464,178
T-Default-1x,9643,32.417,3.00,3.01,0.0030,464,178
T-Default-1x,9644,32.420,2.79,2.80,0.0028,464,178
T-Default-1x,9645,32.423,2.69,2.68,0.0027,464,178
T-Default-1x,9646,32.425,2.92,2.92,0.0029,464,178
T-Default-1x,9647,32.428,2.70,2.69,0.0027,464,178
T-Default-1x,9648,32.431,2.80,2.80,0.0028,464,178
T-Default-1x,9649,32.434,2.91,2.90,0.0029,464,178
T-Default-1x,9650,32.437,2.78,2.79,0.0028,464,178
T-Default-1x,9651,32.439,2.85,2.83,0.0028,516,178
T-Default-1x,9652,32.442,2.86,2.87,0.0029,464,178
T-Default-1x,9653,32.445,2.70,2.69,0.0027,464,178
T-Default-1x,9654,32.448,2.72,2.70,0.0027,464,178
T-Default-1x,9655,32.451,2.91,2.91,0.0029,464,178
T-Default-1x,9656,32.454,3.01,3.00,0.0030,464,178
T-Default-1x,9657,32.457,3.09,3.09,0.0031,464,178
T-Default-1x,9658,32.460,2.98,3.01,0.0030,464,178
T-Default-1x,9659,32.462,2.69,2.68,0.0027,464,178
T-Default-1x,9660,32.466,3.14,3.10,0.0031,464,178
T-Default-1x,9661,32.469,2.97,2.99,0.0030,464,178
T-Default-1x,9662,32.472,3.25,3.21,0.0032,464,178
T-Default-1x,9663,32.475,3.35,3.38,0.0033,464,178
T-Default-1x,9664,32.478,2.90,2.90,0.0029,464,178
T-Default-1x,9665,32.481,2.81,2.81,0.0028,464,178
T-Default-1x,9666,32.484,3.02,2.99,0.0030,464,178
T-Default-1x,9667,32.487,2.92,2.90,0.0029,464,178
T-Default-1x,9668,32.490,2.99,3.00,0.0030,464,178
T-Default-1x,9669,32.493,2.89,2.90,0.0029,464,178
T-Default-1x,9670,32.496,2.89,2.88,0.0029,464,178
T-Default-1x,9671,32.499,3.01,3.00,0.0030,464,178
T-Default-1x,9672,32.501,2.88,2.89,0.0029,464,178
T-Default-1x,9673,32.504,2.81,2.81,0.0028,464,178
T-Default-1x,9674,32.507,2.81,2.79,0.0028,464,178
T-Default-1x,9675,32.510,2.91,2.91,0.0029,464,178
T-Default-1x,9676,32.513,3.07,3.09,0.0031,464,178
T-Default-1x,9677,32.516,3.10,3.10,0.0031,464,178
T-Default-1x,9678,32.519,2.70,2.71,0.0027,464,178
T-Default-1x,9679,32.522,2.67,2.69,0.0027,464,178
T-Default-1x,9680,32.525,3.03,3.02,0.0030,464,178
T-Default-1x,9681,32.527,2.70,2.68,0.0027,464,178
T-Default-1x,9682,32.530,2.68,2.70,0.0027,464,178
T-Default-1x,9683,32.533,2.92,2.90,0.0029,464,178
T-Default-1x,9684,32.536,2.69,2.70,0.0027,464,178
T-Default-1x,9685,32.538,2.69,2.70,0.0027,464,178
T-Default-1x,9686,32.541,3.03,3.02,0.0030,464,178
T-Default-1x,9687,32.544,2.88,2.89,0.0029,464,178
T-Default-1x,9688,32.547,2.70,2.69,0.0027,464,178
T-Default-1x,9689,32.550,2.90,2.90,0.0029,464,178
T-Default-1x,9690,32.553,2.90,2.90,0.0029,464,178
T-Default-1x,9691,32.555,2.79,2.79,0.0028,464,178
T-Default-1x,9692,32.558,3.00,3.01,0.0030,464,178
T-Default-1x,9693,32.561,2.68,2.69,0.0027,464,178
T-Default-1x,9694,32.564,2.72,2.70,0.0027,464,178
T-Default-1x,9695,32.567,3.01,3.01,0.0030,464,178
T-Default-1x,9696,32.570,2.69,2.69,0.0027,464,178
T-Default-1x,9697,32.572,2.80,2.80,0.0028,464,178
T-Default-1x,9698,32.575,3.00,3.01,0.0030,464,178
T-Default-1x,9699,32.578,2.91,2.89,0.0029,464,178
T-Default-1x,9700,32.581,2.79,2.80,0.0028,464,178
T-Default-1x,9701,32.584,3.01,3.00,0.0030,464,178
T-Default-1x,9702,32.587,2.89,2.89,0.0029,464,178
T-Default-1x,9703,32.590,2.68,2.70,0.0027,464,178
T-Default-1x,9704,32.593,3.14,3.10,0.0031,464,178
T-Default-1x,9705,32.596,3.18,3.18,0.0032,464,178
T-Default-1x,9706,32.599,3.04,3.02,0.0030,464,178
T-Default-1x,9707,32.602,2.88,2.89,0.0029,464,178
T-Default-1x,9708,32.605,2.79,2.79,0.0028,464,178
T-Default-1x,9709,32.608,3.00,3.00,0.0030,464,178
T-Default-1x,9710,32.610,2.68,2.71,0.0027,464,178
T-Default-1x,9711,32.613,2.63,2.60,0.0026,464,178
T-Default-1x,9712,32.616,2.99,2.99,0.0030,464,178
T-Default-1x,9713,32.619,2.71,2.73,0.0027,464,178
T-Default-1x,9714,32.621,2.66,2.66,0.0027,464,178
T-Default-1x,9715,32.624,2.93,2.91,0.0029,464,178
T-Default-1x,9716,32.627,2.68,2.69,0.0027,464,178
T-Default-1x,9717,32.630,2.70,2.71,0.0027,464,178
T-Default-1x,9718,32.633,3.12,3.10,0.0031,464,178
T-Default-1x,9719,32.636,2.78,2.79,0.0028,464,178
T-Default-1x,9720,32.638,2.70,2.69,0.0027,464,178
T-Default-1x,9721,32.641,3.00,3.00,0.0030,516,178
T-Default-1x,9722,32.644,2.79,2.81,0.0028,464,178
T-Default-1x,9723,32.647,2.60,2.59,0.0026,464,178
T-Default-1x,9724,32.650,3.03,3.01,0.0030,464,178
T-Default-1x,9725,32.652,2.77,2.78,0.0028,464,178
T-Default-1x,9726,32.655,2.60,2.60,0.0026,464,178
T-Default-1x,9727,32.658,3.01,3.00,0.0030,464,178
T-Default-1x,9728,32.661,2.61,2.61,0.0026,464,178
T-Default-1x,9729,32.663,2.58,2.58,0.0026,464,178
T-Default-1x,9730,32.666,3.03,3.01,0.0030,464,178
T-Default-1x,9731,32.669,2.69,2.69,0.0027,464,178
T-Default-1x,9732,32.672,2.69,2.69,0.0027,464,178
T-Default-1x,9733,32.675,3.12,3.11,0.0031,464,178
T-Default-1x,9734,32.677,2.69,2.70,0.0027,464,178
T-Default-1x,9735,32.680,2.69,2.69,0.0027,464,178
T-Default-1x,9736,32.683,2.92,2.91,0.0029,464,178
T-Default-1x,9737,32.686,2.81,2.80,0.0028,464,178
T-Default-1x,9738,32.689,2.78,2.78,0.0028,464,178
T-Default-1x,9739,32.692,3.10,3.11,0.0031,464,178
T-Default-1x,9740,32.695,2.80,2.80,0.0028,464,178
T-Default-1x,9741,32.697,2.68,2.69,0.0027,464,178
T-Default-1x,9742,32.700,2.82,2.80,0.0028,464,178
T-Default-1x,9743,32.703,2.79,2.79,0.0028,464,178
T-Default-1x,9744,32.706,2.91,2.91,0.0029,464,178
T-Default-1x,9745,32.709,2.98,3.00,0.0030,464,178
T-Default-1x,9746,32.711,2.70,2.70,0.0027,464,178
T-Default-1x,9747,32.714,2.80,2.79,0.0028,464,178
T-Default-1x,9748,32.717,2.88,2.90,0.0029,464,178
T-Default-1x,9749,32.720,2.68,2.69,0.0027,464,178
T-Default-1x,9750,32.723,2.87,2.82,0.0029,464,178
T-Default-1x,9751,32.726,2.96,2.99,0.0030,464,178
T-Default-1x,9752,32.728,2.72,2.70,0.0027,464,178
T-Default-1x,9753,32.731,2.89,2.90,0.0029,464,178
T-Default-1x,9754,32.734,2.91,2.89,0.0029,464,178
T-Default-1x,9755,32.737,2.78,2.80,0.0028,464,178
T-Default-1x,9756,32.740,2.94,2.90,0.0029,464,178
T-Default-1x,9757,32.743,2.87,2.89,0.0029,464,178
T-Default-1x,9758,32.745,2.69,2.69,0.0027,464,178
T-Default-1x,9759,32.748,2.92,2.90,0.0029,464,178
T-Default-1x,9760,32.751,2.90,2.92,0.0029,464,178
T-Default-1x,9761,32.754,2.91,2.88,0.0029,464,178
T-Default-1x,9762,32.757,3.10,3.10,0.0031,464,178
T-Default-1x,9763,32.760,2.79,2.79,0.0028,464,178
T-Default-1x,9764,32.763,2.71,2.70,0.0027,464,178
T-Default-1x,9765,32.766,2.88,2.89,0.0029,464,178
T-Default-1x,9766,32.768,2.70,2.71,0.0027,464,178
T-Default-1x,9767,32.771,2.69,2.69,0.0027,464,178
T-Default-1x,9768,32.774,3.02,3.01,0.0030,464,178
T-Default-1x,9769,32.777,2.67,2.69,0.0027,464,178
T-Default-1x,9770,32.779,2.61,2.61,0.0026,464,178
T-Default-1x,9771,32.782,3.02,3.00,0.0030,464,178
T-Default-1x,9772,32.785,2.68,2.70,0.0027,464,178
T-Default-1x,9773,32.788,2.69,2.69,0.0027,464,178
T-Default-1x,9774,32.791,3.01,3.00,0.0030,464,178
T-Default-1x,9775,32.793,2.70,2.70,0.0027,464,178
T-Default-1x,9776,32.796,2.70,2.71,0.0027,464,178
T-Default-1x,9777,32.799,3.01,2.99,0.0030,464,178
T-Default-1x,9778,32.802,2.69,2.70,0.0027,464,178
T-Default-1x,9779,32.805,2.70,2.69,0.0027,464,178
T-Default-1x,9780,32.808,3.02,3.01,0.0030,464,178
T-Default-1x,9781,32.810,2.68,2.70,0.0027,464,178
T-Default-1x,9782,32.813,2.59,2.59,0.0026,464,178
T-Default-1x,9783,32.816,3.03,3.01,0.0030,464,178
T-Default-1x,9784,32.819,2.84,2.84,0.0028,464,178
T-Default-1x,9785,32.822,2.85,2.85,0.0028,464,178
T-Default-1x,9786,32.825,3.10,3.10,0.0031,464,178
T-Default-1x,9787,32.828,2.92,2.90,0.0029,464,178
T-Default-1x,9788,32.830,2.87,2.89,0.0029,464,178
T-Default-1x,9789,32.833,3.03,3.01,0.0030,464,178
T-Default-1x,9790,32.836,3.01,3.00,0.0030,464,178
T-Default-1x,9791,32.839,2.79,2.79,0.0028,464,178
T-Default-1x,9792,32.842,2.99,3.00,0.0030,516,178
T-Default-1x,9793,32.845,2.79,2.80,0.0028,464,178
T-Default-1x,9794,32.848,3.04,3.00,0.0030,464,178
T-Default-1x,9795,32.851,2.86,2.89,0.0029,464,178
T-Default-1x,9796,32.854,2.70,2.70,0.0027,464,178
T-Default-1x,9797,32.857,2.94,2.91,0.0029,464,178
T-Default-1x,9798,32.859,2.86,2.89,0.0029,464,178
T-Default-1x,9799,32.862,2.80,2.79,0.0028,464,178
T-Default-1x,9800,32.865,2.96,2.91,0.0030,464,178
T-Default-1x,9801,32.868,2.73,2.80,0.0027,464,178
T-Default-1x,9802,32.871,2.70,2.69,0.0027,464,178
T-Default-1x,9803,32.874,2.94,2.91,0.0029,464,178
T-Default-1x,9804,32.876,2.85,2.90,0.0029,464,178
T-Default-1x,9805,32.879,2.64,2.60,0.0026,464,178
T-Default-1x,9806,32.882,2.88,2.90,0.0029,464,178
T-Default-1x,9807,32.885,2.67,2.68,0.0027,464,178
T-Default-1x,9808,32.887,2.60,2.60,0.0026,464,178
T-Default-1x,9809,32.890,2.94,2.91,0.0029,464,178
T-Default-1x,9810,32.893,2.89,2.90,0.0029,464,178
T-Default-1x,9811,32.896,2.91,2.91,0.0029,464,178
T-Default-1x,9812,32.899,3.09,3.09,0.0031,464,178
T-Default-1x,9813,32.902,2.90,2.89,0.0029,464,178
T-Default-1x,9814,32.905,2.68,2.70,0.0027,464,178
T-Default-1x,9815,32.908,3.15,3.12,0.0032,464,178
T-Default-1x,9816,32.910,2.65,2.67,0.0026,464,178
T-Default-1x,9817,32.913,2.49,2.50,0.0025,464,178
T-Default-1x,9818,32.916,3.12,3.10,0.0031,464,178
T-Default-1x,9819,32.919,2.68,2.69,0.0027,464,178
T-Default-1x,9820,32.921,2.63,2.60,0.0026,464,178
T-Default-1x,9821,32.924,2.98,3.00,0.0030,464,178
T-Default-1x,9822,32.927,2.60,2.60,0.0026,464,178
T-Default-1x,9823,32.930,2.59,2.60,0.0026,464,178
T-Default-1x,9824,32.933,3.04,3.01,0.0030,464,178
T-Default-1x,9825,32.935,2.90,2.89,0.0029,464,178
T-Default-1x,9826,32.938,2.77,2.80,0.0028,464,178
T-Default-1x,9827,32.941,3.12,3.10,0.0031,464,178
T-Default-1x,9828,32.944,2.79,2.80,0.0028,464,178
T-Default-1x,9829,32.947,2.59,2.61,0.0026,464,178
T-Default-1x,9830,32.950,2.91,2.90,0.0029,464,178
T-Default-1x,9831,32.953,2.94,2.90,0.0029,464,178
T-Default-1x,9832,32.956,3.15,3.18,0.0032,464,178
T-Default-1x,9833,32.959,2.99,3.00,0.0030,464,178
T-Default-1x,9834,32.962,2.79,2.79,0.0028,464,178
T-Default-1x,9835,32.964,2.91,2.90,0.0029,464,178
T-Default-1x,9836,32.967,3.03,3.01,0.0030,464,178
T-Default-1x,9837,32.970,2.75,2.78,0.0028,464,178
T-Default-1x,9838,32.973,2.95,2.91,0.0029,464,178
T-Default-1x,9839,32.976,2.99,3.00,0.0030,464,178
T-Default-1x,9840,32.979,2.80,2.80,0.0028,464,178
T-Default-1x,9841,32.982,3.04,3.01,0.0030,464,178
T-Default-1x,9842,32.985,2.75,2.78,0.0027,464,178
T-Default-1x,9843,32.988,2.79,2.79,0.0028,464,178
T-Default-1x,9844,32.991,3.05,3.01,0.0030,464,178
T-Default-1x,9845,32.993,2.66,2.69,0.0027,464,178
T-Default-1x,9846,32.996,2.71,2.69,0.0027,464,178
T-Default-1x,9847,32.999,3.10,3.10,0.0031,464,178
T-Default-1x,9848,33.002,2.80,2.81,0.0028,464,178
T-Default-1x,9849,33.005,2.68,2.68,0.0027,464,178
T-Default-1x,9850,33.008,3.01,3.00,0.0030,464,178
T-Default-1x,9851,33.010,2.82,2.79,0.0028,464,178
T-Default-1x,9852,33.013,2.89,2.91,0.0029,464,178
T-Default-1x,9853,33.016,3.00,2.99,0.0030,464,178
T-Default-1x,9854,33.019,2.90,2.90,0.0029,464,178
T-Default-1x,9855,33.022,2.90,2.90,0.0029,464,178
T-Default-1x,9856,33.025,2.79,2.79,0.0028,464,178
T-Default-1x,9857,33.027,2.59,2.60,0.0026,464,178
T-Default-1x,9858,33.030,2.81,2.80,0.0028,464,178
T-Default-1x,9859,33.033,3.01,3.00,0.0030,464,178
T-Default-1x,9860,33.036,2.70,2.71,0.0027,464,178
T-Default-1x,9861,33.039,2.79,2.80,0.0028,464,178
T-Default-1x,9862,33.042,3.10,3.10,0.0031,464,178
T-Default-1x,9863,33.045,2.79,2.79,0.0028,516,178
T-Default-1x,9864,33.047,2.81,2.80,0.0028,464,178
T-Default-1x,9865,33.050,2.89,2.89,0.0029,464,178
T-Default-1x,9866,33.054,3.26,3.21,0.0033,464,178
T-Default-1x,9867,33.057,3.37,3.39,0.0034,464,178
T-Default-1x,9868,33.060,3.03,3.01,0.0030,464,178
T-Default-1x,9869,33.063,2.98,2.99,0.0030,464,178
T-Default-1x,9870,33.066,3.00,3.00,0.0030,464,178
T-Default-1x,9871,33.069,2.87,2.89,0.0029,464,178
T-Default-1x,9872,33.072,2.93,2.90,0.0029,464,178
T-Default-1x,9873,33.075,3.41,3.41,0.0034,464,178
T-Default-1x,9874,33.078,2.67,2.68,0.0027,464,178
T-Default-1x,9875,33.081,2.93,2.91,0.0029,464,178
T-Default-1x,9876,33.084,3.00,2.99,0.0030,464,178
T-Default-1x,9877,33.087,3.01,3.01,0.0030,464,178
T-Default-1x,9878,33.090,2.99,2.99,0.0030,464,178
T-Default-1x,9879,33.093,2.98,2.99,0.0030,464,178
T-Default-1x,9880,33.096,2.80,2.80,0.0028,464,178
T-Default-1x,9881,33.099,3.06,3.01,0.0031,464,178
T-Default-1x,9882,33.102,3.03,3.09,0.0030,464,178
T-Default-1x,9883,33.104,2.62,2.61,0.0026,464,178
T-Default-1x,9884,33.107,2.91,2.89,0.0029,464,178
T-Default-1x,9885,33.110,2.77,2.78,0.0028,464,178
T-Default-1x,9886,33.113,2.60,2.61,0.0026,464,178
T-Default-1x,9887,33.116,3.03,2.99,0.0030,464,178
T-Default-1x,9888,33.118,2.80,2.80,0.0028,464,178
T-Default-1x,9889,33.121,2.78,2.80,0.0028,464,178
T-Default-1x,9890,33.124,3.00,2.99,0.0030,464,178
T-Default-1x,9891,33.127,2.82,2.81,0.0028,464,178
T-Default-1x,9892,33.130,2.90,2.89,0.0029,464,178
T-Default-1x,9893,33.133,3.10,3.10,0.0031,464,178
T-Default-1x,9894,33.136,2.82,2.80,0.0028,464,178
T-Default-1x,9895,33.139,2.76,2.80,0.0028,464,178
T-Default-1x,9896,33.142,3.10,3.10,0.0031,464,178
T-Default-1x,9897,33.144,2.79,2.80,0.0028,464,178
T-Default-1x,9898,33.147,2.58,2.59,0.0026,464,178
T-Default-1x,9899,33.150,2.92,2.90,0.0029,464,178
T-Default-1x,9900,33.153,3.05,3.00,0.0031,464,178
T-Default-1x,9901,33.156,3.02,3.01,0.0030,464,178
T-Default-1x,9902,33.159,3.15,3.19,0.0032,464,178
T-Default-1x,9903,33.162,3.31,3.30,0.0033,464,178
T-Default-1x,9904,33.165,2.76,2.79,0.0028,464,178
T-Default-1x,9905,33.169,3.51,3.49,0.0035,464,178
T-Default-1x,9906,33.172,3.01,3.01,0.0030,464,178
T-Default-1x,9907,33.175,3.10,3.10,0.0031,464,178
T-Default-1x,9908,33.178,2.68,2.70,0.0027,464,178
T-Default-1x,9909,33.180,2.79,2.78,0.0028,464,178
T-Default-1x,9910,33.183,2.82,2.81,0.0028,464,178
T-Default-1x,9911,33.186,2.91,2.90,0.0029,464,178
T-Default-1x,9912,33.189,2.89,2.90,0.0029,464,178
T-Default-1x,9913,33.192,3.20,3.19,0.0032,464,178
T-Default-1x,9914,33.195,3.11,3.10,0.0031,464,178
T-Default-1x,9915,33.198,3.14,3.11,0.0031,464,178
T-Default-1x,9916,33.202,3.18,3.20,0.0032,464,178
T-Default-1x,9917,33.205,2.96,2.99,0.0030,464,178
T-Default-1x,9918,33.208,3.14,3.12,0.0031,464,178
T-Default-1x,9919,33.211,2.91,2.88,0.0029,464,178
T-Default-1x,9920,33.213,2.77,2.80,0.0028,464,178
T-Default-1x,9921,33.216,3.00,3.00,0.0030,464,178
T-Default-1x,9922,33.219,2.79,2.79,0.0028,464,178
T-Default-1x,9923,33.222,3.02,3.00,0.0030,464,178
T-Default-1x,9924,33.225,3.20,3.20,0.0032,464,178
T-Default-1x,9925,33.228,2.90,2.90,0.0029,464,178
T-Default-1x,9926,33.231,2.90,2.90,0.0029,464,178
T-Default-1x,9927,33.234,3.30,3.29,0.0033,464,178
T-Default-1x,9928,33.237,2.92,2.90,0.0029,464,178
T-Default-1x,9929,33.240,3.10,3.10,0.0031,464,178
T-Default-1x,9930,33.243,2.91,2.89,0.0029,464,178
T-Default-1x,9931,33.246,2.87,2.89,0.0029,516,178
T-Default-1x,9932,33.249,3.09,3.09,0.0031,464,178
T-Default-1x,9933,33.252,2.85,2.81,0.0028,464,178
T-Default-1x,9934,33.255,2.64,2.69,0.0026,464,178
T-Default-1x,9935,33.258,2.94,2.93,0.0029,464,178
T-Default-1x,9936,33.260,2.66,2.68,0.0027,464,178
T-Default-1x,9937,33.263,2.72,2.70,0.0027,464,178
T-Default-1x,9938,33.266,3.03,3.01,0.0030,464,178
T-Default-1x,9939,33.269,2.65,2.68,0.0026,464,178
T-Default-1x,9940,33.272,2.73,2.70,0.0027,464,178
T-Default-1x,9941,33.275,2.98,2.99,0.0030,464,178
T-Default-1x,9942,33.277,2.64,2.60,0.0026,464,178
T-Default-1x,9943,33.280,2.69,2.70,0.0027,464,178
T-Default-1x,9944,33.283,2.99,2.99,0.0030,464,178
T-Default-1x,9945,33.286,2.73,2.71,0.0027,464,178
T-Default-1x,9946,33.289,2.98,2.99,0.0030,464,178
T-Default-1x,9947,33.292,3.10,3.10,0.0031,464,178
T-Default-1x,9948,33.294,2.71,2.69,0.0027,464,178
T-Default-1x,9949,33.297,2.89,2.89,0.0029,464,178
T-Default-1x,9950,33.300,3.10,3.10,0.0031,464,178
T-Default-1x,9951,33.303,2.85,2.80,0.0028,464,178
T-Default-1x,9952,33.306,2.98,3.00,0.0030,464,178
T-Default-1x,9953,33.309,2.87,2.89,0.0029,464,178
T-Default-1x,9954,33.312,2.93,2.90,0.0029,464,178
T-Default-1x,9955,33.315,3.33,3.31,0.0033,464,178
T-Default-1x,9956,33.319,3.48,3.51,0.0035,464,178
T-Default-1x,9957,33.322,3.31,3.29,0.0033,464,178
T-Default-1x,9958,33.325,3.17,3.20,0.0032,464,178
T-Default-1x,9959,33.328,2.90,2.90,0.0029,464,178
T-Default-1x,9960,33.331,2.97,2.98,0.0030,464,178
T-Default-1x,9961,33.334,3.01,3.00,0.0030,464,178
T-Default-1x,9962,33.337,2.94,2.90,0.0029,464,178
T-Default-1x,9963,33.340,3.10,3.09,0.0031,464,178
T-Default-1x,9964,33.343,2.97,3.00,0.0030,464,178
T-Default-1x,9965,33.346,2.80,2.79,0.0028,464,178
T-Default-1x,9966,33.349,3.00,3.00,0.0030,464,178
T-Default-1x,9967,33.352,2.70,2.69,0.0027,464,178
T-Default-1x,9968,33.354,2.72,2.71,0.0027,464,178
T-Default-1x,9969,33.357,2.98,2.99,0.0030,464,178
T-Default-1x,9970,33.360,2.69,2.69,0.0027,464,178
T-Default-1x,9971,33.363,2.71,2.70,0.0027,464,178
T-Default-1x,9972,33.366,3.02,3.01,0.0030,464,178
T-Default-1x,9973,33.369,2.97,2.96,0.0030,464,178
T-Default-1x,9974,33.372,3.15,3.14,0.0031,464,178
T-Default-1x,9975,33.375,3.27,3.28,0.0033,464,178
T-Default-1x,9976,33.378,3.30,3.30,0.0033,464,178
T-Default-1x,9977,33.382,3.24,3.21,0.0032,464,178
T-Default-1x,9978,33.385,3.05,3.09,0.0031,464,178
T-Default-1x,9979,33.388,3.02,3.00,0.0030,464,178
T-Default-1x,9980,33.391,3.20,3.20,0.0032,464,178
T-Default-1x,9981,33.394,3.12,3.10,0.0031,464,178
T-Default-1x,9982,33.397,3.33,3.30,0.0033,464,178
T-Default-1x,9983,33.401,3.25,3.28,0.0032,464,178
T-Default-1x,9984,33.404,2.99,2.99,0.0030,464,178
T-Default-1x,9985,33.407,3.02,3.02,0.0030,464,178
T-Default-1x,9986,33.410,3.19,3.20,0.0032,464,178
T-Default-1x,9987,33.413,3.02,2.99,0.0030,464,178
T-Default-1x,9988,33.416,3.10,3.10,0.0031,464,178
T-Default-1x,9989,33.419,2.74,2.78,0.0027,464,178
T-Default-1x,9990,33.421,2.72,2.71,0.0027,464,178
T-Default-1x,9991,33.424,3.01,3.00,0.0030,464,178
T-Default-1x,9992,33.427,2.81,2.81,0.0028,464,178
T-Default-1x,9993,33.430,2.90,2.90,0.0029,464,178
T-Default-1x,9994,33.433,3.09,3.09,0.0031,464,178
T-Default-1x,9995,33.436,2.64,2.60,0.0026,464,178
T-Default-1x,9996,33.439,2.65,2.70,0.0026,464,178
T-Default-1x,9997,33.442,3.10,3.10,0.0031,464,178
T-Default-1x,9998,33.444,2.73,2.70,0.0027,464,178
T-Default-1x,9999,33.447,2.81,2.81,0.0028,516,178
T-Default-1x,10000,33.450,2.77,2.78,0.0028,464,178
T-Default-1x,10001,33.453,2.82,2.81,0.0028,464,178
T-Default-1x,10002,33.456,3.11,3.10,0.0031,464,178
T-Default-1x,10003,33.459,3.11,3.10,0.0031,464,178
T-Default-1x,10004,33.462,2.90,2.91,0.0029,464,178
T-Default-1x,10005,33.465,2.90,2.88,0.0029,464,178
T-Default-1x,10006,33.468,2.87,2.90,0.0029,464,178
T-Default-1x,10007,33.470,2.81,2.80,0.0028,464,178
T-Default-1x,10008,33.474,3.12,3.09,0.0031,464,178
T-Default-1x,10009,33.477,3.21,3.21,0.0032,464,178
T-Default-1x,10010,33.480,2.86,2.89,0.0029,464,178
T-Default-1x,10011,33.483,3.11,3.11,0.0031,464,178
T-Default-1x,10012,33.486,2.79,2.79,0.0028,464,178
T-Default-1x,10013,33.488,2.67,2.69,0.0027,464,178
T-Default-1x,10014,33.491,2.82,2.80,0.0028,464,178
T-Default-1x,10015,33.494,2.70,2.71,0.0027,464,178
T-Default-1x,10016,33.497,2.82,2.80,0.0028,464,178
T-Default-1x,10017,33.500,3.08,3.09,0.0031,464,178
T-Default-1x,10018,33.502,2.70,2.70,0.0027,464,178
T-Default-1x,10019,33.505,2.59,2.60,0.0026,464,178
T-Default-1x,10020,33.508,3.02,2.99,0.0030,464,178
T-Default-1x,10021,33.511,2.70,2.70,0.0027,464,178
T-Default-1x,10022,33.513,2.69,2.70,0.0027,464,178
T-Default-1x,10023,33.516,3.13,3.11,0.0031,464,178
T-Default-1x,10024,33.519,2.86,2.89,0.0029,464,178
T-Default-1x,10025,33.522,2.69,2.70,0.0027,464,178
T-Default-1x,10026,33.525,3.00,3.00,0.0030,464,178
T-Default-1x,10027,33.528,2.60,2.59,0.0026,464,178
T-Default-1x,10028,33.530,2.84,2.81,0.0028,464,178
T-Default-1x,10029,33.534,3.07,3.09,0.0031,464,178
T-Default-1x,10030,33.536,2.84,2.84,0.0028,464,178
T-Default-1x,10031,33.539,2.77,2.76,0.0028,464,178
T-Default-1x,10032,33.542,3.11,3.11,0.0031,464,178
T-Default-1x,10033,33.545,3.13,3.09,0.0031,464,178
T-Default-1x,10034,33.549,3.27,3.30,0.0033,464,178
T-Default-1x,10035,33.552,3.03,3.00,0.0030,464,178
T-Default-1x,10036,33.555,3.19,3.20,0.0032,464,178
T-Default-1x,10037,33.558,3.15,3.11,0.0031,464,178
T-Default-1x,10038,33.561,2.84,2.89,0.0028,464,178
T-Default-1x,10039,33.564,2.91,2.89,0.0029,464,178
T-Default-1x,10040,33.567,3.08,3.10,0.0031,464,178
T-Default-1x,10041,33.570,2.69,2.69,0.0027,464,178
T-Default-1x,10042,33.572,2.82,2.80,0.0028,464,178
T-Default-1x,10043,33.575,2.99,3.01,0.0030,464,178
T-Default-1x,10044,33.578,2.90,2.90,0.0029,464,178
T-Default-1x,10045,33.581,2.68,2.70,0.0027,464,178
T-Default-1x,10046,33.584,2.80,2.80,0.0028,464,178
T-Default-1x,10047,33.587,2.96,2.90,0.0030,464,178
T-Default-1x,10048,33.590,3.18,3.19,0.0032,464,178
T-Default-1x,10049,33.593,3.32,3.30,0.0033,464,178
T-Default-1x,10050,33.596,3.28,3.29,0.0033,464,178
T-Default-1x,10051,33.600,3.23,3.20,0.0032,464,178
T-Default-1x,10052,33.603,3.27,3.28,0.0033,464,178
T-Default-1x,10053,33.606,3.08,3.10,0.0031,464,178
T-Default-1x,10054,33.609,3.22,3.20,0.0032,464,178
T-Default-1x,10055,33.612,3.12,3.09,0.0031,464,178
T-Default-1x,10056,33.616,3.17,3.20,0.0032,464,178
T-Default-1x,10057,33.619,3.16,3.18,0.0032,464,178
T-Default-1x,10058,33.622,2.91,2.90,0.0029,464,178
T-Default-1x,10059,33.625,3.24,3.22,0.0032,464,178
T-Default-1x,10060,33.628,2.91,2.91,0.0029,464,178
T-Default-1x,10061,33.631,2.86,2.88,0.0029,464,178
T-Default-1x,10062,33.634,3.01,3.00,0.0030,464,178
T-Default-1x,10063,33.636,2.81,2.81,0.0028,464,178
T-Default-1x,10064,33.640,3.21,3.19,0.0032,464,178
T-Default-1x,10065,33.643,2.99,3.00,0.0030,464,178
T-Default-1x,10066,33.646,3.12,3.11,0.0031,464,178
T-Default-1x,10067,33.649,3.00,2.99,0.0030,516,178
T-Default-1x,10068,33.652,2.97,3.00,0.0030,464,178
T-Default-1x,10069,33.655,3.32,3.30,0.0033,464,178
T-Default-1x,10070,33.658,3.31,3.31,0.0033,464,178
T-Default-1x,10071,33.661,2.99,2.98,0.0030,464,178
T-Default-1x,10072,33.664,2.89,2.89,0.0029,464,178
T-Default-1x,10073,33.667,3.09,3.10,0.0031,464,178
T-Default-1x,10074,33.670,2.90,2.90,0.0029,464,178
T-Default-1x,10075,33.674,3.43,3.39,0.0034,464,178
T-Default-1x,10076,33.677,2.98,3.00,0.0030,464,178
T-Default-1x,10077,33.679,2.68,2.69,0.0027,464,178
T-Default-1x,10078,33.683,3.15,3.11,0.0031,464,178
T-Default-1x,10079,33.685,2.74,2.79,0.0027,464,178
T-Default-1x,10080,33.688,2.72,2.69,0.0027,464,178
T-Default-1x,10081,33.691,3.00,3.00,0.0030,464,178
T-Default-1x,10082,33.694,2.81,2.80,0.0028,464,178
T-Default-1x,10083,33.696,2.69,2.71,0.0027,464,178
T-Default-1x,10084,33.699,3.01,2.98,0.0030,464,178
T-Default-1x,10085,33.702,2.88,2.91,0.0029,464,178
T-Default-1x,10086,33.705,2.70,2.69,0.0027,464,178
T-Default-1x,10087,33.708,3.00,3.00,0.0030,464,178
T-Default-1x,10088,33.711,2.91,2.90,0.0029,464,178
T-Default-1x,10089,33.714,2.57,2.59,0.0026,464,178
T-Default-1x,10090,33.716,2.83,2.82,0.0028,464,178
T-Default-1x,10091,33.719,2.56,2.59,0.0026,464,178
T-Default-1x,10092,33.722,2.74,2.70,0.0027,464,178
T-Default-1x,10093,33.725,3.19,3.20,0.0032,464,178
T-Default-1x,10094,33.728,2.91,2.90,0.0029,464,178
T-Default-1x,10095,33.731,2.78,2.80,0.0028,464,178
T-Default-1x,10096,33.733,2.92,2.90,0.0029,464,178
T-Default-1x,10097,33.736,2.90,2.90,0.0029,464,178
T-Default-1x,10098,33.739,2.80,2.80,0.0028,464,178
T-Default-1x,10099,33.742,2.98,2.99,0.0030,464,178
T-Default-1x,10100,33.745,2.94,2.89,0.0029,464,178
T-Default-1x,10101,33.748,3.09,3.11,0.0031,464,178
T-Default-1x,10102,33.751,2.99,3.00,0.0030,464,178
T-Default-1x,10103,33.754,2.68,2.69,0.0027,464,178
T-Default-1x,10104,33.757,3.01,3.00,0.0030,464,178
T-Default-1x,10105,33.760,3.01,3.01,0.0030,464,178
T-Default-1x,10106,33.763,2.78,2.79,0.0028,464,178
T-Default-1x,10107,33.766,3.01,3.00,0.0030,464,178
T-Default-1x,10108,33.768,2.70,2.69,0.0027,464,178
T-Default-1x,10109,33.771,2.56,2.60,0.0026,464,178
T-Default-1x,10110,33.774,2.99,2.92,0.0030,464,178
T-Default-1x,10111,33.777,2.72,2.77,0.0027,464,178
T-Default-1x,10112,33.779,2.71,2.69,0.0027,464,178
T-Default-1x,10113,33.782,3.12,3.11,0.0031,464,178
T-Default-1x,10114,33.785,2.88,2.90,0.0029,464,178
T-Default-1x,10115,33.788,2.80,2.79,0.0028,464,178
T-Default-1x,10116,33.791,3.11,3.10,0.0031,464,178
T-Default-1x,10117,33.794,3.12,3.09,0.0031,464,178
T-Default-1x,10118,33.797,2.86,2.90,0.0029,464,178
T-Default-1x,10119,33.800,2.91,2.90,0.0029,464,178
T-Default-1x,10120,33.803,2.70,2.69,0.0027,464,178
T-Default-1x,10121,33.806,2.81,2.80,0.0028,464,178
T-Default-1x,10122,33.809,3.09,3.10,0.0031,464,178
T-Default-1x,10123,33.811,2.70,2.69,0.0027,464,178
T-Default-1x,10124,33.814,2.81,2.80,0.0028,464,178
T-Default-1x,10125,33.817,2.79,2.81,0.0028,464,178
T-Default-1x,10126,33.820,2.69,2.69,0.0027,464,178
T-Default-1x,10127,33.822,2.59,2.60,0.0026,464,178
T-Default-1x,10128,33.825,2.81,2.80,0.0028,464,178
T-Default-1x,10129,33.828,2.59,2.61,0.0026,464,178
T-Default-1x,10130,33.830,2.71,2.69,0.0027,464,178
T-Default-1x,10131,33.834,3.12,3.11,0.0031,464,178
T-Default-1x,10132,33.836,2.67,2.69,0.0027,464,178
T-Default-1x,10133,33.839,2.72,2.70,0.0027,464,178
T-Default-1x,10134,33.842,3.00,3.01,0.0030,464,178
T-Default-1x,10135,33.845,3.11,3.09,0.0031,464,178
T-Default-1x,10136,33.848,3.31,3.30,0.0033,464,178
T-Default-1x,10137,33.851,3.10,3.10,0.0031,516,178
T-Default-1x,10138,33.854,2.77,2.79,0.0028,464,178
T-Default-1x,10139,33.857,3.05,3.01,0.0030,464,178
T-Default-1x,10140,33.860,3.07,3.10,0.0031,464,178
T-Default-1x,10141,33.863,3.01,3.00,0.0030,464,178
T-Default-1x,10142,33.867,3.19,3.20,0.0032,464,178
T-Default-1x,10143,33.869,2.77,2.79,0.0028,464,178
T-Default-1x,10144,33.872,2.73,2.70,0.0027,464,178
T-Default-1x,10145,33.875,2.98,3.00,0.0030,464,178
T-Default-1x,10146,33.878,2.49,2.49,0.0025,464,178
T-Default-1x,10147,33.880,2.82,2.80,0.0028,464,178
T-Default-1x,10148,33.884,3.21,3.20,0.0032,464,178
T-Default-1x,10149,33.886,2.80,2.80,0.0028,464,178
T-Default-1x,10150,33.889,2.68,2.70,0.0027,464,178
T-Default-1x,10151,33.892,2.91,2.91,0.0029,464,178
T-Default-1x,10152,33.895,2.69,2.69,0.0027,464,178
T-Default-1x,10153,33.898,2.91,2.91,0.0029,464,178
T-Default-1x,10154,33.901,3.00,2.99,0.0030,464,178
T-Default-1x,10155,33.903,2.81,2.79,0.0028,464,178
T-Default-1x,10156,33.906,2.81,2.80,0.0028,464,178
T-Default-1x,10157,33.909,2.99,3.00,0.0030,464,178
T-Default-1x,10158,33.912,2.80,2.79,0.0028,464,178
T-Default-1x,10159,33.915,3.12,3.11,0.0031,464,178
T-Default-1x,10160,33.918,2.99,2.99,0.0030,464,178
T-Default-1x,10161,33.921,2.68,2.69,0.0027,464,178
T-Default-1x,10162,33.924,2.93,2.90,0.0029,464,178
T-Default-1x,10163,33.927,2.99,3.01,0.0030,464,178
T-Default-1x,10164,33.929,2.79,2.80,0.0028,464,178
T-Default-1x,10165,33.933,3.10,3.10,0.0031,464,178
T-Default-1x,10166,33.935,2.82,2.81,0.0028,464,178
T-Default-1x,10167,33.938,2.77,2.79,0.0028,464,178
T-Default-1x,10168,33.941,3.11,3.10,0.0031,464,178
T-Default-1x,10169,33.944,2.69,2.69,0.0027,464,178
T-Default-1x,10170,33.947,2.70,2.70,0.0027,464,178
T-Default-1x,10171,33.949,2.81,2.80,0.0028,464,178
T-Default-1x,10172,33.952,2.72,2.70,0.0027,464,178
T-Default-1x,10173,33.955,2.56,2.59,0.0026,464,178
T-Default-1x,10174,33.958,2.94,2.91,0.0029,464,178
T-Default-1x,10175,33.960,2.78,2.79,0.0028,464,178
T-Default-1x,10176,33.963,2.71,2.71,0.0027,464,178
T-Default-1x,10177,33.966,3.00,2.99,0.0030,464,178
T-Default-1x,10178,33.969,2.71,2.71,0.0027,464,178
T-Default-1x,10179,33.971,2.59,2.59,0.0026,464,178
T-Default-1x,10180,33.975,3.11,3.10,0.0031,464,178
T-Default-1x,10181,33.977,2.70,2.70,0.0027,464,178
T-Default-1x,10182,33.980,2.56,2.59,0.0026,464,178
T-Default-1x,10183,33.983,3.04,3.01,0.0030,464,178
T-Default-1x,10184,33.986,2.70,2.71,0.0027,464,178
T-Default-1x,10185,33.988,2.58,2.58,0.0026,464,178
T-Default-1x,10186,33.991,3.01,3.00,0.0030,464,178
T-Default-1x,10187,33.994,2.69,2.70,0.0027,464,178
T-Default-1x,10188,33.996,2.58,2.59,0.0026,464,178
T-Default-1x,10189,33.999,3.01,3.00,0.0030,464,178
T-Default-1x,10190,34.002,2.76,2.73,0.0028,464,178
T-Default-1x,10191,34.005,2.59,2.58,0.0026,464,178
T-Default-1x,10192,34.008,2.95,2.99,0.0030,464,178
T-Default-1x,10193,34.011,2.81,2.79,0.0028,464,178
T-Default-1x,10194,34.013,2.59,2.60,0.0026,464,178
T-Default-1x,10195,34.016,3.15,2.91,0.0031,464,178
T-Default-1x,10196,34.019,2.99,3.20,0.0030,464,178
T-Default-1x,10197,34.022,2.87,2.89,0.0029,464,178
T-Default-1x,10198,34.025,2.93,2.89,0.0029,464,178
T-Default-1x,10199,34.028,2.57,2.60,0.0026,464,178
T-Default-1x,10200,34.031,2.92,2.90,0.0029,464,178
T-Default-1x,10201,34.034,3.40,3.41,0.0034,464,178
T-Default-1x,10202,34.037,3.01,3.00,0.0030,464,178
T-Default-1x,10203,34.040,3.00,2.99,0.0030,464,178
T-Default-1x,10204,34.043,2.89,2.91,0.0029,464,178
T-Default-1x,10205,34.046,2.82,2.79,0.0028,464,178
T-Default-1x,10206,34.049,3.03,3.00,0.0030,464,178
T-Default-1x,10207,34.051,2.73,2.79,0.0027,516,178
T-Default-1x,10208,34.054,2.61,2.60,0.0026,464,178
T-Default-1x,10209,34.057,3.06,3.02,0.0031,464,178
T-Default-1x,10210,34.060,2.95,2.97,0.0030,464,178
T-Default-1x,10211,34.063,2.68,2.70,0.0027,464,178
T-Default-1x,10212,34.066,3.12,3.10,0.0031,464,178
T-Default-1x,10213,34.069,2.83,2.84,0.0028,464,178
T-Default-1x,10214,34.071,2.78,2.76,0.0028,464,178
T-Default-1x,10215,34.074,2.99,2.99,0.0030,464,178
T-Default-1x,10216,34.077,2.72,2.69,0.0027,464,178
T-Default-1x,10217,34.080,2.49,2.51,0.0025,464,178
T-Default-1x,10218,34.083,3.10,3.09,0.0031,464,178
T-Default-1x,10219,34.086,2.82,2.80,0.0028,464,178
T-Default-1x,10220,34.088,2.65,2.69,0.0027,464,178
T-Default-1x,10221,34.091,3.01,3.00,0.0030,464,178
T-Default-1x,10222,34.094,2.72,2.71,0.0027,464,178
T-Default-1x,10223,34.097,2.58,2.60,0.0026,464,178
T-Default-1x,10224,34.099,2.81,2.80,0.0028,464,178
T-Default-1x,10225,34.102,2.80,2.79,0.0028,464,178
T-Default-1x,10226,34.105,2.59,2.60,0.0026,464,178
T-Default-1x,10227,34.108,3.02,3.00,0.0030,464,178
T-Default-1x,10228,34.111,2.78,2.79,0.0028,464,178
T-Default-1x,10229,34.113,2.58,2.59,0.0026,464,178
T-Default-1x,10230,34.116,3.04,3.02,0.0030,464,178
T-Default-1x,10231,34.119,2.77,2.78,0.0028,464,178
T-Default-1x,10232,34.122,2.60,2.60,0.0026,464,178
T-Default-1x,10233,34.125,3.01,3.01,0.0030,464,178
T-Default-1x,10234,34.127,2.64,2.60,0.0026,464,178
T-Default-1x,10235,34.130,2.55,2.60,0.0026,464,178
T-Default-1x,10236,34.133,3.01,3.00,0.0030,464,178
T-Default-1x,10237,34.135,2.69,2.70,0.0027,464,178
T-Default-1x,10238,34.138,2.70,2.70,0.0027,464,178
T-Default-1x,10239,34.141,3.01,3.00,0.0030,464,178
T-Default-1x,10240,34.144,2.78,2.80,0.0028,464,178
T-Default-1x,10241,34.147,2.61,2.59,0.0026,464,178
T-Default-1x,10242,34.150,2.99,3.00,0.0030,464,178
T-Default-1x,10243,34.152,2.79,2.80,0.0028,464,178
T-Default-1x,10244,34.155,2.49,2.49,0.0025,464,178
T-Default-1x,10245,34.158,3.14,3.11,0.0031,464,178
T-Default-1x,10246,34.161,2.77,2.79,0.0028,464,178
T-Default-1x,10247,34.163,2.61,2.60,0.0026,464,178
T-Default-1x,10248,34.166,3.04,3.00,0.0030,464,178
T-Default-1x,10249,34.169,2.75,2.79,0.0027,464,178
T-Default-1x,10250,34.172,2.81,2.80,0.0028,464,178
T-Default-1x,10251,34.175,3.10,3.11,0.0031,464,178
T-Default-1x,10252,34.178,2.72,2.70,0.0027,464,178
T-Default-1x,10253,34.180,2.67,2.69,0.0027,464,178
T-Default-1x,10254,34.183,2.81,2.80,0.0028,464,178
T-Default-1x,10255,34.186,2.61,2.61,0.0026,464,178
T-Default-1x,10256,34.189,2.79,2.79,0.0028,464,178
T-Default-1x,10257,34.192,3.01,3.01,0.0030,464,178
T-Default-1x,10258,34.195,2.94,2.90,0.0029,464,178
T-Default-1x,10259,34.198,3.11,3.10,0.0031,464,178
T-Default-1x,10260,34.201,3.17,3.19,0.0032,464,178
T-Default-1x,10261,34.204,2.91,2.91,0.0029,464,178
T-Default-1x,10262,34.207,3.00,2.99,0.0030,464,178
T-Default-1x,10263,34.210,3.00,3.01,0.0030,464,178
T-Default-1x,10264,34.213,2.78,2.79,0.0028,464,178
T-Default-1x,10265,34.216,3.03,3.01,0.0030,464,178
T-Default-1x,10266,34.218,2.66,2.69,0.0027,464,178
T-Default-1x,10267,34.221,2.60,2.60,0.0026,464,178
T-Default-1x,10268,34.224,3.07,3.02,0.0031,464,178
T-Default-1x,10269,34.227,2.86,2.89,0.0029,464,178
T-Default-1x,10270,34.230,2.82,2.80,0.0028,464,178
T-Default-1x,10271,34.233,2.97,2.99,0.0030,464,178
T-Default-1x,10272,34.235,2.70,2.71,0.0027,464,178
T-Default-1x,10273,34.238,2.70,2.69,0.0027,464,178
T-Default-1x,10274,34.241,2.91,2.89,0.0029,464,178
T-Default-1x,10275,34.244,2.72,2.71,0.0027,464,178
T-Default-1x,10276,34.246,2.80,2.80,0.0028,464,178
T-Default-1x,10277,34.249,2.99,2.99,0.0030,464,178
T-Default-1x,10278,34.252,2.69,2.70,0.0027,516,178
T-Default-1x,10279,34.255,2.79,2.80,0.0028,464,178
T-Default-1x,10280,34.258,3.11,3.10,0.0031,464,178
T-Default-1x,10281,34.261,2.67,2.69,0.0027,464,178
T-Default-1x,10282,34.263,2.61,2.60,0.0026,464,178
T-Default-1x,10283,34.266,3.03,3.00,0.0030,464,178
T-Default-1x,10284,34.269,2.65,2.68,0.0026,464,178
T-Default-1x,10285,34.272,2.74,2.71,0.0027,464,178
T-Default-1x,10286,34.275,3.01,3.00,0.0030,464,178
T-Default-1x,10287,34.277,2.67,2.69,0.0027,464,178
T-Default-1x,10288,34.280,2.81,2.79,0.0028,464,178
T-Default-1x,10289,34.283,2.99,3.00,0.0030,464,178
T-Default-1x,10290,34.286,2.83,2.82,0.0028,464,178
T-Default-1x,10291,34.289,2.66,2.68,0.0027,464,178
T-Default-1x,10292,34.292,2.91,2.90,0.0029,464,178
T-Default-1x,10293,34.294,2.72,2.71,0.0027,464,178
T-Default-1x,10294,34.297,2.88,2.89,0.0029,464,178
T-Default-1x,10295,34.300,3.01,3.01,0.0030,464,178
T-Default-1x,10296,34.303,2.90,2.88,0.0029,464,178
T-Default-1x,10297,34.306,2.81,2.82,0.0028,464,178
T-Default-1x,10298,34.309,2.98,2.98,0.0030,464,178
T-Default-1x,10299,34.312,3.23,3.20,0.0032,464,178
T-Default-1x,10300,34.315,3.41,3.41,0.0034,464,178
T-Default-1x,10301,34.319,3.28,3.28,0.0033,464,178
T-Default-1x,10302,34.322,3.00,3.00,0.0030,464,178
T-Default-1x,10303,34.325,3.33,3.30,0.0033,464,178
T-Default-1x,10304,34.328,2.87,2.90,0.0029,464,178
T-Default-1x,10305,34.331,3.05,3.01,0.0030,464,178
T-Default-1x,10306,34.334,3.16,3.20,0.0032,464,178
T-Default-1x,10307,34.337,2.91,2.88,0.0029,464,178
T-Default-1x,10308,34.340,3.00,3.00,0.0030,464,178
T-Default-1x,10309,34.343,2.98,3.00,0.0030,464,178
T-Default-1x,10310,34.346,2.79,2.78,0.0028,464,178
T-Default-1x,10311,34.349,3.04,3.02,0.0030,464,178
T-Default-1x,10312,34.352,2.86,2.88,0.0029,464,178
T-Default-1x,10313,34.354,2.70,2.71,0.0027,464,178
T-Default-1x,10314,34.358,3.11,3.10,0.0031,464,178
T-Default-1x,10315,34.360,2.80,2.79,0.0028,464,178
T-Default-1x,10316,34.363,2.68,2.71,0.0027,464,178
T-Default-1x,10317,34.366,3.01,2.99,0.0030,464,178
T-Default-1x,10318,34.369,2.67,2.70,0.0027,464,178
T-Default-1x,10319,34.371,2.61,2.60,0.0026,464,178
T-Default-1x,10320,34.374,2.93,2.91,0.0029,464,178
T-Default-1x,10321,34.377,2.67,2.69,0.0027,464,178
T-Default-1x,10322,34.380,2.71,2.70,0.0027,464,178
T-Default-1x,10323,34.383,3.02,3.00,0.0030,464,178
T-Default-1x,10324,34.385,2.76,2.79,0.0028,464,178
T-Default-1x,10325,34.388,2.69,2.71,0.0027,464,178
T-Default-1x,10326,34.391,3.14,3.11,0.0031,464,178
T-Default-1x,10327,34.394,3.19,3.19,0.0032,464,178
T-Default-1x,10328,34.397,2.79,2.81,0.0028,464,178
T-Default-1x,10329,34.400,2.89,2.88,0.0029,464,178
T-Default-1x,10330,34.403,2.82,2.81,0.0028,464,178
T-Default-1x,10331,34.406,2.90,2.89,0.0029,464,178
T-Default-1x,10332,34.409,3.10,3.10,0.0031,464,178
T-Default-1x,10333,34.412,2.97,2.99,0.0030,464,178
T-Default-1x,10334,34.415,3.03,3.01,0.0030,464,178
T-Default-1x,10335,34.418,2.91,2.89,0.0029,464,178
T-Default-1x,10336,34.421,2.87,2.90,0.0029,464,178
T-Default-1x,10337,34.424,2.96,2.90,0.0030,464,178
T-Default-1x,10338,34.427,2.82,2.88,0.0028,464,178
T-Default-1x,10339,34.429,2.71,2.70,0.0027,464,178
T-Default-1x,10340,34.432,2.95,2.91,0.0029,464,178
T-Default-1x,10341,34.435,2.79,2.79,0.0028,464,178
T-Default-1x,10342,34.438,2.58,2.60,0.0026,464,178
T-Default-1x,10343,34.441,3.02,3.00,0.0030,464,178
T-Default-1x,10344,34.443,2.78,2.80,0.0028,464,178
T-Default-1x,10345,34.446,2.81,2.80,0.0028,464,178
T-Default-1x,10346,34.449,3.08,3.09,0.0031,464,178
T-Default-1x,10347,34.452,2.72,2.70,0.0027,464,178
T-Default-1x,10348,34.455,2.79,2.80,0.0028,516,178
T-Default-1x,10349,34.458,3.12,3.10,0.0031,464,178
T-Default-1x,10350,34.461,2.80,2.80,0.0028,464,178
T-Default-1x,10351,34.463,2.67,2.69,0.0027,464,178
T-Default-1x,10352,34.466,3.13,3.11,0.0031,464,178
T-Default-1x,10353,34.469,2.88,2.88,0.0029,464,178
T-Default-1x,10354,34.472,2.70,2.71,0.0027,464,178
T-Default-1x,10355,34.475,2.80,2.79,0.0028,464,178
T-Default-1x,10356,34.477,2.59,2.60,0.0026,464,178
T-Default-1x,10357,34.480,2.82,2.80,0.0028,464,178
T-Default-1x,10358,34.483,2.99,3.00,0.0030,464,178
T-Default-1x,10359,34.486,2.80,2.79,0.0028,464,178
T-Default-1x,10360,34.489,2.77,2.80,0.0028,464,178
T-Default-1x,10361,34.492,2.92,2.90,0.0029,464,178
T-Default-1x,10362,34.495,2.91,2.90,0.0029,464,178
T-Default-1x,10363,34.497,2.79,2.79,0.0028,464,178
T-Default-1x,10364,34.501,3.13,3.11,0.0031,464,178
T-Default-1x,10365,34.504,3.10,3.10,0.0031,464,178
T-Default-1x,10366,34.507,3.44,3.41,0.0034,464,178
T-Default-1x,10367,34.510,3.16,3.19,0.0032,464,178
T-Default-1x,10368,34.514,3.39,3.38,0.0034,464,178
T-Default-1x,10369,34.517,3.31,3.31,0.0033,464,178
T-Default-1x,10370,34.520,3.40,3.40,0.0034,464,178
T-Default-1x,10371,34.524,3.31,3.29,0.0033,464,178
T-Default-1x,10372,34.527,3.09,3.10,0.0031,464,178
T-Default-1x,10373,34.530,3.21,3.20,0.0032,464,178
T-Default-1x,10374,34.533,3.41,3.40,0.0034,464,178
T-Default-1x,10375,34.536,3.10,3.09,0.0031,464,178
T-Default-1x,10376,34.540,3.10,3.10,0.0031,464,178
T-Default-1x,10377,34.543,3.19,3.20,0.0032,464,178
T-Default-1x,10378,34.546,3.18,3.19,0.0032,464,178
T-Default-1x,10379,34.549,3.14,3.11,0.0031,464,178
T-Default-1x,10380,34.552,2.85,2.89,0.0029,464,178
T-Default-1x,10381,34.555,2.73,2.70,0.0027,464,178
T-Default-1x,10382,34.558,3.07,3.09,0.0031,464,178
T-Default-1x,10383,34.560,2.70,2.71,0.0027,464,178
T-Default-1x,10384,34.563,2.52,2.49,0.0025,464,178
T-Default-1x,10385,34.566,3.29,3.30,0.0033,464,178
T-Default-1x,10386,34.569,2.98,2.99,0.0030,464,178
T-Default-1x,10387,34.572,2.80,2.80,0.0028,464,178
T-Default-1x,10388,34.575,2.90,2.89,0.0029,464,178
T-Default-1x,10389,34.578,2.70,2.71,0.0027,464,178
T-Default-1x,10390,34.580,2.83,2.81,0.0028,464,178
T-Default-1x,10391,34.583,3.00,3.00,0.0030,464,178
T-Default-1x,10392,34.586,2.78,2.79,0.0028,464,178
T-Default-1x,10393,34.589,2.70,2.69,0.0027,464,178
T-Default-1x,10394,34.592,2.92,2.90,0.0029,464,178
T-Default-1x,10395,34.595,2.70,2.72,0.0027,464,178
T-Default-1x,10396,34.597,2.69,2.67,0.0027,464,178
T-Default-1x,10397,34.600,3.01,3.00,0.0030,464,178
T-Default-1x,10398,34.603,2.75,2.71,0.0028,464,178
T-Default-1x,10399,34.606,2.85,2.88,0.0029,464,178
T-Default-1x,10400,34.609,3.01,3.00,0.0030,464,178
T-Default-1x,10401,34.612,2.78,2.79,0.0028,464,178
T-Default-1x,10402,34.614,2.72,2.70,0.0027,464,178
T-Default-1x,10403,34.617,2.89,2.89,0.0029,464,178
T-Default-1x,10404,34.620,2.67,2.69,0.0027,464,178
T-Default-1x,10405,34.623,2.95,2.91,0.0029,464,178
T-Default-1x,10406,34.626,3.08,3.10,0.0031,464,178
T-Default-1x,10407,34.629,2.78,2.79,0.0028,464,178
T-Default-1x,10408,34.632,3.14,3.10,0.0031,464,178
T-Default-1x,10409,34.635,3.09,3.11,0.0031,464,178
T-Default-1x,10410,34.638,2.77,2.79,0.0028,464,178
T-Default-1x,10411,34.641,3.15,3.11,0.0032,464,178
T-Default-1x,10412,34.644,2.75,2.78,0.0027,464,178
T-Default-1x,10413,34.646,2.72,2.72,0.0027,464,178
T-Default-1x,10414,34.650,3.21,3.19,0.0032,464,178
T-Default-1x,10415,34.652,2.79,2.80,0.0028,464,178
T-Default-1x,10416,34.655,2.59,2.60,0.0026,516,178
T-Default-1x,10417,34.658,2.92,2.90,0.0029,464,178
T-Default-1x,10418,34.661,2.82,2.82,0.0028,464,178
T-Default-1x,10419,34.663,2.57,2.58,0.0026,464,178
T-Default-1x,10420,34.666,3.12,3.10,0.0031,464,178
T-Default-1x,10421,34.669,2.66,2.69,0.0027,464,178
T-Default-1x,10422,34.672,2.50,2.50,0.0025,464,178
T-Default-1x,10423,34.674,2.62,2.60,0.0026,464,178
T-Default-1x,10424,34.677,2.60,2.60,0.0026,464,178
T-Default-1x,10425,34.679,2.59,2.59,0.0026,464,178
T-Default-1x,10426,34.682,2.93,2.90,0.0029,464,178
T-Default-1x,10427,34.685,2.81,2.81,0.0028,464,178
T-Default-1x,10428,34.688,2.81,2.80,0.0028,464,178
T-Default-1x,10429,34.691,3.10,3.09,0.0031,464,178
T-Default-1x,10430,34.694,2.80,2.79,0.0028,464,178
T-Default-1x,10431,34.696,2.66,2.69,0.0027,464,178
T-Default-1x,10432,34.699,3.01,3.00,0.0030,464,178
T-Default-1x,10433,34.702,2.81,2.81,0.0028,464,178
T-Default-1x,10434,34.705,2.68,2.69,0.0027,464,178
T-Default-1x,10435,34.708,2.81,2.81,0.0028,464,178
T-Default-1x,10436,34.710,2.70,2.69,0.0027,464,178
T-Default-1x,10437,34.713,2.61,2.61,0.0026,464,178
T-Default-1x,10438,34.716,3.00,3.00,0.0030,464,178
T-Default-1x,10439,34.719,2.68,2.69,0.0027,464,178
T-Default-1x,10440,34.721,2.48,2.49,0.0025,464,178
T-Default-1x,10441,34.724,2.93,2.90,0.0029,464,178
T-Default-1x,10442,34.727,2.81,2.80,0.0028,464,178
T-Default-1x,10443,34.730,2.79,2.80,0.0028,464,178
T-Default-1x,10444,34.733,3.02,3.01,0.0030,464,178
T-Default-1x,10445,34.736,2.78,2.78,0.0028,464,178
T-Default-1x,10446,34.738,2.69,2.70,0.0027,464,178
T-Default-1x,10447,34.741,3.01,3.00,0.0030,464,178
T-Default-1x,10448,34.744,2.68,2.69,0.0027,464,178
T-Default-1x,10449,34.746,2.49,2.50,0.0025,464,178
T-Default-1x,10450,34.749,2.71,2.69,0.0027,464,178
T-Default-1x,10451,34.752,2.92,2.91,0.0029,464,178
T-Default-1x,10452,34.755,2.90,2.89,0.0029,464,178
T-Default-1x,10453,34.758,3.10,3.10,0.0031,464,178
T-Default-1x,10454,34.761,3.16,3.11,0.0032,464,178
T-Default-1x,10455,34.764,3.03,3.08,0.0030,464,178
T-Default-1x,10456,34.767,2.92,2.90,0.0029,464,178
T-Default-1x,10457,34.770,2.67,2.69,0.0027,464,178
T-Default-1x,10458,34.773,3.22,3.21,0.0032,464,178
T-Default-1x,10459,34.776,3.09,3.09,0.0031,464,178
T-Default-1x,10460,34.779,3.22,3.20,0.0032,464,178
T-Default-1x,10461,34.782,3.10,3.10,0.0031,464,178
T-Default-1x,10462,34.785,3.01,3.02,0.0030,464,178
T-Default-1x,10463,34.788,2.97,2.98,0.0030,464,178
T-Default-1x,10464,34.792,3.10,3.10,0.0031,464,178
T-Default-1x,10465,34.794,2.80,2.80,0.0028,464,178
T-Default-1x,10466,34.797,2.69,2.69,0.0027,464,178
T-Default-1x,10467,34.800,3.00,3.00,0.0030,464,178
T-Default-1x,10468,34.803,2.82,2.81,0.0028,464,178
T-Default-1x,10469,34.806,2.77,2.78,0.0028,464,178
T-Default-1x,10470,34.809,3.12,3.10,0.0031,464,178
T-Default-1x,10471,34.811,2.69,2.70,0.0027,464,178
T-Default-1x,10472,34.814,2.90,2.90,0.0029,464,178
T-Default-1x,10473,34.817,3.02,3.00,0.0030,464,178
T-Default-1x,10474,34.820,2.89,2.89,0.0029,464,178
T-Default-1x,10475,34.823,2.94,2.91,0.0029,464,178
T-Default-1x,10476,34.826,2.96,2.99,0.0030,464,178
T-Default-1x,10477,34.829,2.69,2.69,0.0027,464,178
T-Default-1x,10478,34.832,2.94,2.91,0.0029,464,178
T-Default-1x,10479,34.835,2.89,2.90,0.0029,464,178
T-Default-1x,10480,34.837,2.58,2.59,0.0026,464,178
T-Default-1x,10481,34.840,2.93,2.90,0.0029,464,178
T-Default-1x,10482,34.843,2.90,2.90,0.0029,464,178
T-Default-1x,10483,34.846,2.67,2.69,0.0027,464,178
T-Default-1x,10484,34.849,3.07,3.03,0.0031,464,178
T-Default-1x,10485,34.852,2.96,2.97,0.0030,464,178
T-Default-1x,10486,34.855,2.79,2.80,0.0028,464,178
T-Default-1x,10487,34.858,3.10,3.10,0.0031,516,178
T-Default-1x,10488,34.860,2.70,2.71,0.0027,464,178
T-Default-1x,10489,34.863,2.61,2.59,0.0026,464,178
T-Default-1x,10490,34.866,2.88,2.89,0.0029,464,178
T-Default-1x,10491,34.869,2.84,2.84,0.0028,464,178
T-Default-1x,10492,34.871,2.63,2.64,0.0026,464,178
T-Default-1x,10493,34.874,2.85,2.81,0.0029,464,178
T-Default-1x,10494,34.877,2.80,2.81,0.0028,464,178
T-Default-1x,10495,34.880,3.08,3.09,0.0031,464,178
T-Default-1x,10496,34.883,3.11,3.10,0.0031,464,178
T-Default-1x,10497,34.886,2.92,2.90,0.0029,464,178
T-Default-1x,10498,34.889,2.76,2.79,0.0028,464,178
T-Default-1x,10499,34.892,3.11,3.10,0.0031,464,178
T-Default-1x,10500,34.895,2.70,2.69,0.0027,464,178
T-Default-1x,10501,34.897,2.80,2.80,0.0028,464,178
T-Default-1x,10502,34.900,2.89,2.89,0.0029,464,178
T-Default-1x,10503,34.903,2.70,2.69,0.0027,464,178
T-Default-1x,10504,34.906,2.93,2.92,0.0029,464,178
T-Default-1x,10505,34.909,3.09,3.09,0.0031,464,178
T-Default-1x,10506,34.912,2.82,2.80,0.0028,464,178
T-Default-1x,10507,34.915,2.90,2.89,0.0029,464,178
T-Default-1x,10508,34.918,2.87,2.90,0.0029,464,178
T-Default-1x,10509,34.920,2.68,2.69,0.0027,464,178
T-Default-1x,10510,34.923,2.83,2.80,0.0028,464,178
T-Default-1x,10511,34.926,2.90,2.90,0.0029,464,178
T-Default-1x,10512,34.929,2.90,2.90,0.0029,464,178
T-Default-1x,10513,34.932,3.04,3.00,0.0030,464,178
T-Default-1x,10514,34.935,2.98,3.00,0.0030,464,178
T-Default-1x,10515,34.938,2.75,2.78,0.0027,464,178
T-Default-1x,10516,34.941,3.02,3.00,0.0030,464,178
T-Default-1x,10517,34.943,2.68,2.70,0.0027,464,178
T-Default-1x,10518,34.946,2.72,2.70,0.0027,464,178
T-Default-1x,10519,34.949,3.01,3.01,0.0030,464,178
T-Default-1x,10520,34.952,2.68,2.69,0.0027,464,178
T-Default-1x,10521,34.955,2.69,2.69,0.0027,464,178
T-Default-1x,10522,34.958,3.02,3.01,0.0030,464,178
T-Default-1x,10523,34.960,2.69,2.71,0.0027,464,178
T-Default-1x,10524,34.963,2.59,2.59,0.0026,464,178
T-Default-1x,10525,34.966,3.03,3.01,0.0030,464,178
T-Default-1x,10526,34.969,2.83,2.84,0.0028,464,178
T-Default-1x,10527,34.971,2.64,2.65,0.0026,464,178
T-Default-1x,10528,34.974,3.03,3.00,0.0030,464,178
T-Default-1x,10529,34.977,2.70,2.69,0.0027,464,178
T-Default-1x,10530,34.980,2.69,2.71,0.0027,464,178
T-Default-1x,10531,34.983,3.02,3.00,0.0030,464,178
T-Default-1x,10532,34.986,2.76,2.79,0.0028,464,178
T-Default-1x,10533,34.988,2.71,2.70,0.0027,464,178
T-Default-1x,10534,34.991,3.22,3.19,0.0032,464,178
T-Default-1x,10535,34.995,3.08,3.10,0.0031,464,178
T-Default-1x,10536,34.997,2.80,2.80,0.0028,464,178
T-Default-1x,10537,35.000,3.03,3.01,0.0030,464,178
T-Default-1x,10538,35.003,2.80,2.79,0.0028,464,178
T-Default-1x,10539,35.006,2.78,2.80,0.0028,464,178
T-Default-1x,10540,35.009,3.00,2.99,0.0030,464,178
T-Default-1x,10541,35.012,2.80,2.80,0.0028,464,178
T-Default-1x,10542,35.014,2.69,2.70,0.0027,464,178
T-Default-1x,10543,35.017,2.91,2.89,0.0029,464,178
T-Default-1x,10544,35.020,2.91,2.90,0.0029,464,178
T-Default-1x,10545,35.023,3.12,3.09,0.0031,464,178
T-Default-1x,10546,35.026,2.98,3.00,0.0030,464,178
T-Default-1x,10547,35.029,2.89,2.90,0.0029,464,178
T-Default-1x,10548,35.032,3.13,3.11,0.0031,464,178
T-Default-1x,10549,35.035,2.68,2.69,0.0027,464,178
T-Default-1x,10550,35.038,2.70,2.70,0.0027,464,178
T-Default-1x,10551,35.041,3.01,3.00,0.0030,464,178
T-Default-1x,10552,35.044,2.93,2.91,0.0029,464,178
T-Default-1x,10553,35.046,2.66,2.68,0.0027,464,178
T-Default-1x,10554,35.049,3.02,3.00,0.0030,464,178
T-Default-1x,10555,35.052,2.79,2.80,0.0028,464,178
T-Default-1x,10556,35.055,2.67,2.69,0.0027,464,178
T-Default-1x,10557,35.058,3.01,3.01,0.0030,516,178
T-Default-1x,10558,35.061,2.91,2.90,0.0029,464,178
T-Default-1x,10559,35.063,2.56,2.59,0.0026,464,178
T-Default-1x,10560,35.066,2.62,2.60,0.0026,464,178
T-Default-1x,10561,35.069,2.72,2.73,0.0027,464,178
T-Default-1x,10562,35.071,2.82,2.77,0.0028,464,178
T-Default-1x,10563,35.075,3.07,3.10,0.0031,464,178
T-Default-1x,10564,35.077,2.67,2.68,0.0027,464,178
T-Default-1x,10565,35.080,2.62,2.62,0.0026,464,178
T-Default-1x,10566,35.083,2.91,2.89,0.0029,464,178
T-Default-1x,10567,35.085,2.70,2.70,0.0027,464,178
T-Default-1x,10568,35.088,2.77,2.80,0.0028,464,178
T-Default-1x,10569,35.092,3.28,3.22,0.0033,464,178
T-Default-1x,10570,35.095,3.15,3.17,0.0031,464,178
T-Default-1x,10571,35.098,2.90,2.91,0.0029,464,178
T-Default-1x,10572,35.101,3.11,3.09,0.0031,464,178
T-Default-1x,10573,35.103,2.80,2.80,0.0028,464,178
T-Default-1x,10574,35.106,3.01,3.00,0.0030,464,178
T-Default-1x,10575,35.110,3.37,3.38,0.0034,682,177
T-Default-1x,10576,35.114,3.72,3.71,0.0037,682,176
T-Default-1x,10577,35.117,3.58,3.59,0.0036,682,175
T-Default-1x,10578,35.120,2.89,2.90,0.0029,464,175
T-Default-1x,10579,35.123,2.79,2.80,0.0028,464,175
T-Default-1x,10580,35.126,3.02,3.00,0.0030,464,175
T-Default-1x,10581,35.129,2.80,2.80,0.0028,464,175
T-Default-1x,10582,35.132,3.02,3.00,0.0030,464,175
T-Default-1x,10583,35.135,2.99,3.00,0.0030,464,175
T-Default-1x,10584,35.137,2.68,2.69,0.0027,464,175
T-Default-1x,10585,35.140,2.97,2.93,0.0030,464,175
T-Default-1x,10586,35.143,2.97,2.99,0.0030,464,175
T-Default-1x,10587,35.146,2.68,2.69,0.0027,464,175
T-Default-1x,10588,35.149,3.01,3.01,0.0030,464,175
T-Default-1x,10589,35.152,2.71,2.69,0.0027,464,175
T-Default-1x,10590,35.154,2.68,2.70,0.0027,464,175
T-Default-1x,10591,35.157,3.01,3.01,0.0030,464,175
T-Default-1x,10592,35.160,2.70,2.70,0.0027,464,175
T-Default-1x,10593,35.163,2.68,2.69,0.0027,464,175
T-Default-1x,10594,35.166,3.11,3.11,0.0031,464,175
T-Default-1x,10595,35.169,2.82,2.83,0.0028,464,175
T-Default-1x,10596,35.171,2.69,2.67,0.0027,464,175
T-Default-1x,10597,35.174,3.01,3.00,0.0030,464,175
T-Default-1x,10598,35.177,2.67,2.69,0.0027,464,175
T-Default-1x,10599,35.180,2.72,2.70,0.0027,464,175
T-Default-1x,10600,35.183,3.01,3.00,0.0030,464,175
T-Default-1x,10601,35.185,2.68,2.70,0.0027,464,175
T-Default-1x,10602,35.188,2.70,2.70,0.0027,464,175
T-Default-1x,10603,35.191,3.02,3.00,0.0030,464,175
T-Default-1x,10604,35.194,2.71,2.69,0.0027,464,175
T-Default-1x,10605,35.197,2.67,2.70,0.0027,464,175
T-Default-1x,10606,35.200,3.05,3.01,0.0031,464,175
T-Default-1x,10607,35.202,2.78,2.79,0.0028,464,175
T-Default-1x,10608,35.205,2.77,2.79,0.0028,464,175
T-Default-1x,10609,35.208,3.13,3.11,0.0031,464,175
T-Default-1x,10610,35.211,2.78,2.79,0.0028,464,175
T-Default-1x,10611,35.214,2.71,2.70,0.0027,464,175
T-Default-1x,10612,35.216,2.70,2.70,0.0027,464,175
T-Default-1x,10613,35.219,2.58,2.59,0.0026,464,175
T-Default-1x,10614,35.222,2.73,2.70,0.0027,464,175
T-Default-1x,10615,35.225,2.98,2.99,0.0030,464,175
T-Default-1x,10616,35.228,2.82,2.82,0.0028,464,175
T-Default-1x,10617,35.230,2.80,2.79,0.0028,464,175
T-Default-1x,10618,35.234,3.19,3.19,0.0032,464,175
T-Default-1x,10619,35.237,3.00,3.00,0.0030,464,175
T-Default-1x,10620,35.240,3.02,3.01,0.0030,464,175
T-Default-1x,10621,35.243,3.40,3.39,0.0034,464,175
T-Default-1x,10622,35.246,3.10,3.09,0.0031,464,175
T-Default-1x,10623,35.249,2.77,2.80,0.0028,464,175
T-Default-1x,10624,35.252,2.93,2.92,0.0029,464,175
T-Default-1x,10625,35.255,2.82,2.78,0.0028,464,175
T-Default-1x,10626,35.258,3.08,3.10,0.0031,464,175
T-Default-1x,10627,35.260,2.79,2.80,0.0028,516,175
T-Default-1x,10628,35.263,2.84,2.80,0.0028,464,175
T-Default-1x,10629,35.266,3.09,3.10,0.0031,464,175
T-Default-1x,10630,35.269,2.65,2.68,0.0027,464,175
T-Default-1x,10631,35.272,2.74,2.71,0.0027,464,175
T-Default-1x,10632,35.275,3.20,3.20,0.0032,464,175
T-Default-1x,10633,35.278,2.78,2.79,0.0028,464,175
T-Default-1x,10634,35.280,2.71,2.70,0.0027,464,175
T-Default-1x,10635,35.283,2.90,2.89,0.0029,464,175
T-Default-1x,10636,35.286,2.81,2.80,0.0028,464,175
T-Default-1x,10637,35.289,3.24,3.21,0.0032,464,175
T-Default-1x,10638,35.293,3.16,3.20,0.0032,464,175
T-Default-1x,10639,35.296,3.11,3.09,0.0031,464,175
T-Default-1x,10640,35.299,2.86,2.89,0.0029,464,175
T-Default-1x,10641,35.302,3.14,3.11,0.0031,464,175
T-Default-1x,10642,35.305,3.11,3.08,0.0031,464,175
T-Default-1x,10643,35.308,3.16,3.19,0.0032,464,175
T-Default-1x,10644,35.311,2.84,2.80,0.0028,464,175
T-Default-1x,10645,35.314,2.88,2.90,0.0029,464,175
T-Default-1x,10646,35.317,2.89,2.90,0.0029,464,175
T-Default-1x,10647,35.319,2.67,2.68,0.0027,464,175
T-Default-1x,10648,35.322,2.94,2.90,0.0029,464,175
T-Default-1x,10649,35.325,3.20,3.21,0.0032,464,175
T-Default-1x,10650,35.328,2.79,2.79,0.0028,464,175
T-Default-1x,10651,35.331,2.79,2.80,0.0028,464,175
T-Default-1x,10652,35.334,2.91,2.91,0.0029,464,175
T-Default-1x,10653,35.337,2.73,2.69,0.0027,464,175
T-Default-1x,10654,35.339,2.77,2.80,0.0028,464,175
T-Default-1x,10655,35.342,3.02,3.01,0.0030,464,175
T-Default-1x,10656,35.345,2.67,2.69,0.0027,464,175
T-Default-1x,10657,35.348,2.92,2.90,0.0029,464,175
T-Default-1x,10658,35.351,3.21,3.19,0.0032,464,175
T-Default-1x,10659,35.354,3.08,3.10,0.0031,464,175
T-Default-1x,10660,35.357,3.11,3.09,0.0031,464,175
T-Default-1x,10661,35.360,2.89,2.91,0.0029,464,175
T-Default-1x,10662,35.363,2.93,2.91,0.0029,464,175
T-Default-1x,10663,35.366,3.07,3.09,0.0031,464,175
T-Default-1x,10664,35.369,2.67,2.70,0.0027,464,175
T-Default-1x,10665,35.372,2.71,2.69,0.0027,464,175
T-Default-1x,10666,35.375,3.09,3.10,0.0031,464,175
T-Default-1x,10667,35.377,2.70,2.71,0.0027,464,175
T-Default-1x,10668,35.380,2.69,2.69,0.0027,464,175
T-Default-1x,10669,35.383,3.03,3.02,0.0030,464,175
T-Default-1x,10670,35.386,2.69,2.69,0.0027,464,175
T-Default-1x,10671,35.389,2.69,2.69,0.0027,464,175
T-Default-1x,10672,35.392,3.12,3.10,0.0031,464,175
T-Default-1x,10673,35.394,2.78,2.79,0.0028,464,175
T-Default-1x,10674,35.397,2.82,2.81,0.0028,464,175
T-Default-1x,10675,35.400,3.00,2.99,0.0030,464,175
T-Default-1x,10676,35.403,2.68,2.69,0.0027,464,175
T-Default-1x,10677,35.406,2.83,2.81,0.0028,464,175
T-Default-1x,10678,35.409,3.00,3.00,0.0030,464,175
T-Default-1x,10679,35.412,2.77,2.79,0.0028,464,175
T-Default-1x,10680,35.414,2.39,2.41,0.0024,464,175
T-Default-1x,10681,35.417,2.73,2.70,0.0027,464,175
T-Default-1x,10682,35.419,2.69,2.70,0.0027,464,175
T-Default-1x,10683,35.422,2.71,2.69,0.0027,464,175
T-Default-1x,10684,35.425,3.00,3.01,0.0030,464,175
T-Default-1x,10685,35.428,2.73,2.70,0.0027,464,175
T-Default-1x,10686,35.430,2.69,2.70,0.0027,464,175
T-Default-1x,10687,35.434,3.08,3.10,0.0031,464,175
T-Default-1x,10688,35.436,2.70,2.69,0.0027,464,175
T-Default-1x,10689,35.439,3.00,3.00,0.0030,464,175
T-Default-1x,10690,35.442,3.00,3.00,0.0030,464,175
T-Default-1x,10691,35.445,3.00,2.99,0.0030,464,175
T-Default-1x,10692,35.448,3.02,3.01,0.0030,464,175
T-Default-1x,10693,35.451,3.00,3.00,0.0030,464,175
T-Default-1x,10694,35.454,2.79,2.79,0.0028,464,175
T-Default-1x,10695,35.457,3.01,3.00,0.0030,464,175
T-Default-1x,10696,35.460,2.89,2.89,0.0029,464,175
T-Default-1x,10697,35.463,2.92,2.91,0.0029,516,175
T-Default-1x,10698,35.466,3.07,3.08,0.0031,464,175
T-Default-1x,10699,35.469,2.79,2.80,0.0028,464,175
T-Default-1x,10700,35.472,3.02,3.00,0.0030,464,175
T-Default-1x,10701,35.475,3.20,3.21,0.0032,464,175
T-Default-1x,10702,35.478,2.79,2.79,0.0028,464,175
T-Default-1x,10703,35.481,2.81,2.81,0.0028,464,175
T-Default-1x,10704,35.484,3.12,3.10,0.0031,464,175
T-Default-1x,10705,35.486,2.79,2.80,0.0028,464,175
T-Default-1x,10706,35.489,2.66,2.69,0.0027,464,175
T-Default-1x,10707,35.492,2.82,2.80,0.0028,464,175
T-Default-1x,10708,35.495,2.71,2.70,0.0027,464,175
T-Default-1x,10709,35.498,2.84,2.81,0.0028,464,175
T-Default-1x,10710,35.501,3.05,3.08,0.0031,464,175
T-Default-1x,10711,35.504,3.03,3.00,0.0030,464,175
T-Default-1x,10712,35.507,3.09,3.10,0.0031,464,175
T-Default-1x,10713,35.510,2.89,2.90,0.0029,464,175
T-Default-1x,10714,35.512,2.72,2.70,0.0027,464,175
T-Default-1x,10715,35.515,2.90,2.90,0.0029,464,175
T-Default-1x,10716,35.518,2.88,2.89,0.0029,464,175
T-Default-1x,10717,35.521,2.68,2.69,0.0027,464,175
T-Default-1x,10718,35.524,3.04,3.00,0.0030,464,175
T-Default-1x,10719,35.527,2.98,3.00,0.0030,464,175
T-Default-1x,10720,35.529,2.68,2.69,0.0027,464,175
T-Default-1x,10721,35.532,3.01,3.00,0.0030,464,175
T-Default-1x,10722,35.535,2.69,2.70,0.0027,464,175
T-Default-1x,10723,35.538,2.61,2.60,0.0026,464,175
T-Default-1x,10724,35.541,3.12,3.11,0.0031,464,175
T-Default-1x,10725,35.544,2.79,2.80,0.0028,464,175
T-Default-1x,10726,35.546,2.58,2.58,0.0026,464,175
T-Default-1x,10727,35.549,2.92,2.91,0.0029,464,175
T-Default-1x,10728,35.552,2.59,2.59,0.0026,464,175
T-Default-1x,10729,35.554,2.59,2.60,0.0026,464,175
T-Default-1x,10730,35.557,2.94,2.91,0.0029,464,175
T-Default-1x,10731,35.560,2.91,2.91,0.0029,464,175
T-Default-1x,10732,35.563,2.67,2.68,0.0027,464,175
T-Default-1x,10733,35.566,3.01,3.00,0.0030,464,175
T-Default-1x,10734,35.569,2.82,2.84,0.0028,464,175
T-Default-1x,10735,35.571,2.66,2.67,0.0027,464,175
T-Default-1x,10736,35.574,2.90,2.89,0.0029,464,175
T-Default-1x,10737,35.577,2.61,2.61,0.0026,464,175
T-Default-1x,10738,35.580,2.72,2.69,0.0027,464,175
T-Default-1x,10739,35.583,2.99,3.01,0.0030,464,175
T-Default-1x,10740,35.585,2.68,2.69,0.0027,464,175
T-Default-1x,10741,35.588,2.61,2.60,0.0026,464,175
T-Default-1x,10742,35.591,2.91,2.90,0.0029,464,175
T-Default-1x,10743,35.593,2.69,2.71,0.0027,464,175
T-Default-1x,10744,35.596,2.57,2.58,0.0026,464,175
T-Default-1x,10745,35.599,3.13,3.11,0.0031,464,175
T-Default-1x,10746,35.602,2.69,2.70,0.0027,464,175
T-Default-1x,10747,35.604,2.58,2.59,0.0026,464,175
T-Default-1x,10748,35.607,2.92,2.90,0.0029,464,175
T-Default-1x,10749,35.610,2.70,2.71,0.0027,464,175
T-Default-1x,10750,35.613,2.57,2.58,0.0026,464,175
T-Default-1x,10751,35.615,2.86,2.81,0.0029,464,175
T-Default-1x,10752,35.618,2.66,2.69,0.0027,464,175
T-Default-1x,10753,35.621,2.71,2.70,0.0027,464,175
T-Default-1x,10754,35.624,2.95,2.89,0.0029,464,175
T-Default-1x,10755,35.627,2.74,2.79,0.0027,464,175
T-Default-1x,10756,35.629,2.84,2.82,0.0028,464,175
T-Default-1x,10757,35.632,3.09,3.09,0.0031,464,175
T-Default-1x,10758,35.635,2.68,2.70,0.0027,464,175
T-Default-1x,10759,35.638,2.71,2.70,0.0027,464,175
T-Default-1x,10760,35.641,3.00,3.00,0.0030,464,175
T-Default-1x,10761,35.644,2.64,2.60,0.0026,464,175
T-Default-1x,10762,35.646,2.64,2.68,0.0026,464,175
T-Default-1x,10763,35.649,3.05,3.01,0.0030,464,175
T-Default-1x,10764,35.652,2.78,2.81,0.0028,464,175
T-Default-1x,10765,35.655,2.67,2.68,0.0027,464,175
T-Default-1x,10766,35.658,2.92,2.90,0.0029,464,175
T-Default-1x,10767,35.660,2.91,2.89,0.0029,464,175
T-Default-1x,10768,35.664,3.10,3.12,0.0031,516,175
T-Default-1x,10769,35.666,2.79,2.79,0.0028,464,175
T-Default-1x,10770,35.669,2.94,2.92,0.0029,464,175
T-Default-1x,10771,35.672,2.85,2.88,0.0028,464,175
T-Default-1x,10772,35.675,3.12,3.11,0.0031,464,175
T-Default-1x,10773,35.678,2.68,2.69,0.0027,464,175
T-Default-1x,10774,35.681,2.71,2.71,0.0027,464,175
T-Default-1x,10775,35.684,3.00,3.00,0.0030,464,175
T-Default-1x,10776,35.687,3.14,3.10,0.0031,464,175
T-Default-1x,10777,35.690,3.09,3.09,0.0031,464,175
T-Default-1x,10778,35.693,2.97,2.99,0.0030,464,175
T-Default-1x,10779,35.696,2.81,2.80,0.0028,464,175
T-Default-1x,10780,35.699,3.04,3.01,0.0030,464,175
T-Default-1x,10781,35.702,2.83,2.87,0.0028,464,175
T-Default-1x,10782,35.704,2.60,2.60,0.0026,464,175
T-Default-1x,10783,35.707,2.93,2.91,0.0029,464,175
T-Default-1x,10784,35.710,2.76,2.78,0.0028,464,175
T-Default-1x,10785,35.713,2.98,2.91,0.0030,464,175
T-Default-1x,10786,35.716,3.14,3.19,0.0031,464,175
T-Default-1x,10787,35.719,2.71,2.72,0.0027,464,175
T-Default-1x,10788,35.721,2.79,2.78,0.0028,464,175
T-Default-1x,10789,35.725,3.23,3.20,0.0032,464,175
T-Default-1x,10790,35.728,2.98,3.00,0.0030,464,175
T-Default-1x,10791,35.730,2.78,2.79,0.0028,464,175
T-Default-1x,10792,35.733,3.02,3.00,0.0030,464,175
T-Default-1x,10793,35.737,3.06,3.09,0.0031,464,175
T-Default-1x,10794,35.739,2.73,2.70,0.0027,464,175
T-Default-1x,10795,35.742,3.00,3.00,0.0030,464,175
T-Default-1x,10796,35.745,2.89,2.89,0.0029,464,175
T-Default-1x,10797,35.748,2.91,2.90,0.0029,464,175
T-Default-1x,10798,35.751,2.94,2.91,0.0029,464,175
T-Default-1x,10799,35.754,2.74,2.78,0.0027,464,175
T-Default-1x,10800,35.757,2.93,2.91,0.0029,464,175
T-Default-1x,10801,35.760,2.98,3.00,0.0030,464,175
T-Default-1x,10802,35.762,2.70,2.70,0.0027,464,175
T-Default-1x,10803,35.765,2.81,2.79,0.0028,464,175
T-Default-1x,10804,35.768,2.80,2.80,0.0028,464,175
T-Default-1x,10805,35.771,2.71,2.70,0.0027,464,175
T-Default-1x,10806,35.774,2.90,2.90,0.0029,464,175
T-Default-1x,10807,35.776,2.77,2.79,0.0028,464,175
T-Default-1x,10808,35.779,2.71,2.70,0.0027,464,175
T-Default-1x,10809,35.782,2.92,2.89,0.0029,464,175
T-Default-1x,10810,35.785,2.87,2.89,0.0029,464,175
T-Default-1x,10811,35.787,2.64,2.61,0.0026,464,175
T-Default-1x,10812,35.791,3.10,3.08,0.0031,464,175
T-Default-1x,10813,35.794,3.00,3.01,0.0030,464,175
T-Default-1x,10814,35.797,3.43,3.40,0.0034,464,175
T-Default-1x,10815,35.800,3.07,3.09,0.0031,464,175
T-Default-1x,10816,35.803,2.88,2.90,0.0029,464,175
T-Default-1x,10817,35.806,3.11,3.09,0.0031,464,175
T-Default-1x,10818,35.809,2.98,3.00,0.0030,464,175
T-Default-1x,10819,35.812,2.80,2.80,0.0028,464,175
T-Default-1x,10820,35.815,2.93,2.91,0.0029,464,175
T-Default-1x,10821,35.818,3.09,3.10,0.0031,464,175
T-Default-1x,10822,35.821,2.89,2.89,0.0029,464,175
T-Default-1x,10823,35.824,3.13,3.10,0.0031,464,175
T-Default-1x,10824,35.827,2.74,2.80,0.0027,464,175
T-Default-1x,10825,35.829,2.59,2.59,0.0026,464,175
T-Default-1x,10826,35.832,3.04,3.01,0.0030,464,175
T-Default-1x,10827,35.836,3.25,3.22,0.0032,464,175
T-Default-1x,10828,35.838,2.64,2.69,0.0026,464,175
T-Default-1x,10829,35.841,2.80,2.79,0.0028,464,175
T-Default-1x,10830,35.844,2.61,2.60,0.0026,464,175
T-Default-1x,10831,35.846,2.92,2.91,0.0029,464,175
T-Default-1x,10832,35.850,3.07,3.09,0.0031,464,175
T-Default-1x,10833,35.852,2.80,2.80,0.0028,464,175
T-Default-1x,10834,35.855,2.91,2.90,0.0029,464,175
T-Default-1x,10835,35.858,3.10,3.10,0.0031,464,175
T-Default-1x,10836,35.861,2.67,2.69,0.0027,464,175
T-Default-1x,10837,35.864,2.62,2.61,0.0026,516,175
T-Default-1x,10838,35.867,3.00,3.00,0.0030,464,175
T-Default-1x,10839,35.869,2.57,2.59,0.0026,464,175
T-Default-1x,10840,35.872,2.72,2.70,0.0027,464,175
T-Default-1x,10841,35.875,3.00,3.01,0.0030,464,175
T-Default-1x,10842,35.878,2.79,2.80,0.0028,464,175
T-Default-1x,10843,35.880,2.70,2.70,0.0027,464,175
T-Default-1x,10844,35.883,2.91,2.90,0.0029,464,175
T-Default-1x,10845,35.886,2.72,2.70,0.0027,464,175
T-Default-1x,10846,35.889,2.77,2.79,0.0028,464,175
T-Default-1x,10847,35.892,3.13,3.11,0.0031,464,175
T-Default-1x,10848,35.895,2.86,2.88,0.0029,464,175
T-Default-1x,10849,35.898,2.82,2.80,0.0028,464,175
T-Default-1x,10850,35.901,3.02,3.01,0.0030,464,175
T-Default-1x,10851,35.904,2.89,2.89,0.0029,464,175
T-Default-1x,10852,35.907,2.94,2.91,0.0029,464,175
T-Default-1x,10853,35.909,2.85,2.88,0.0028,464,175
T-Default-1x,10854,35.912,2.80,2.80,0.0028,464,175
T-Default-1x,10855,35.915,3.05,3.01,0.0030,464,175
T-Default-1x,10856,35.918,3.19,3.20,0.0032,464,175
T-Default-1x,10857,35.921,2.87,2.88,0.0029,464,175
T-Default-1x,10858,35.924,3.05,3.01,0.0030,464,175
T-Default-1x,10859,35.927,3.05,3.09,0.0031,464,175
T-Default-1x,10860,35.930,2.81,2.80,0.0028,464,175
T-Default-1x,10861,35.933,3.10,3.10,0.0031,464,175
T-Default-1x,10862,35.936,2.81,2.80,0.0028,464,175
T-Default-1x,10863,35.939,2.76,2.80,0.0028,464,175
T-Default-1x,10864,35.942,3.03,3.01,0.0030,464,175
T-Default-1x,10865,35.944,2.57,2.58,0.0026,464,175
T-Default-1x,10866,35.947,2.82,2.80,0.0028,464,175
T-Default-1x,10867,35.950,3.20,3.20,0.0032,464,175
T-Default-1x,10868,35.954,3.35,3.30,0.0033,464,175
T-Default-1x,10869,35.957,3.18,3.19,0.0032,464,175
T-Default-1x,10870,35.960,2.88,2.90,0.0029,464,175
T-Default-1x,10871,35.963,2.83,2.80,0.0028,464,175
T-Default-1x,10872,35.966,3.11,3.11,0.0031,464,175
T-Default-1x,10873,35.969,2.91,2.93,0.0029,464,175
T-Default-1x,10874,35.971,2.75,2.76,0.0028,464,175
T-Default-1x,10875,35.975,3.22,3.19,0.0032,464,175
T-Default-1x,10876,35.978,2.89,2.91,0.0029,464,175
T-Default-1x,10877,35.980,2.68,2.69,0.0027,464,175
T-Default-1x,10878,35.983,3.02,3.00,0.0030,464,175
T-Default-1x,10879,35.986,2.79,2.81,0.0028,464,175
T-Default-1x,10880,35.989,2.81,2.79,0.0028,464,175
T-Default-1x,10881,35.992,2.98,2.99,0.0030,464,175
T-Default-1x,10882,35.995,2.76,2.71,0.0028,464,175
T-Default-1x,10883,35.997,2.66,2.69,0.0027,464,175
T-Default-1x,10884,36.000,3.00,2.99,0.0030,464,175
T-Default-1x,10885,36.003,2.71,2.71,0.0027,464,175
T-Default-1x,10886,36.006,2.67,2.69,0.0027,464,175
T-Default-1x,10887,36.009,2.92,2.90,0.0029,464,175
T-Default-1x,10888,36.011,2.84,2.80,0.0028,464,175
T-Default-1x,10889,36.014,3.10,3.10,0.0031,464,175
T-Default-1x,10890,36.018,3.40,3.19,0.0034,464,175
T-Default-1x,10891,36.021,3.15,3.39,0.0032,464,175
T-Default-1x,10892,36.024,3.00,3.00,0.0030,464,175
T-Default-1x,10893,36.027,2.70,2.70,0.0027,464,175
T-Default-1x,10894,36.030,2.84,2.81,0.0028,464,175
T-Default-1x,10895,36.033,3.18,3.19,0.0032,464,175
T-Default-1x,10896,36.035,2.70,2.70,0.0027,464,175
T-Default-1x,10897,36.038,2.59,2.59,0.0026,464,175
T-Default-1x,10898,36.041,3.12,3.10,0.0031,464,175
T-Default-1x,10899,36.044,2.88,2.90,0.0029,464,175
T-Default-1x,10900,36.047,2.69,2.70,0.0027,464,175
T-Default-1x,10901,36.050,2.91,2.89,0.0029,464,175
T-Default-1x,10902,36.052,2.61,2.63,0.0026,464,175
T-Default-1x,10903,36.055,2.79,2.77,0.0028,464,175
T-Default-1x,10904,36.058,3.00,3.00,0.0030,464,175
T-Default-1x,10905,36.061,2.68,2.70,0.0027,464,175
T-Default-1x,10906,36.063,2.40,2.40,0.0024,464,175
T-Default-1x,10907,36.066,2.54,2.51,0.0025,516,175
T-Default-1x,10908,36.069,3.05,3.05,0.0031,464,175
T-Default-1x,10909,36.072,2.86,2.84,0.0029,464,175
T-Default-1x,10910,36.075,3.18,3.19,0.0032,464,175
T-Default-1x,10911,36.077,2.59,2.59,0.0026,464,175
T-Default-1x,10912,36.080,2.59,2.60,0.0026,464,175
T-Default-1x,10913,36.083,3.03,3.01,0.0030,464,175
T-Default-1x,10914,36.086,2.79,2.80,0.0028,464,175
T-Default-1x,10915,36.088,2.58,2.59,0.0026,464,175
T-Default-1x,10916,36.091,3.12,3.10,0.0031,464,175
T-Default-1x,10917,36.095,3.05,3.01,0.0030,464,175
T-Default-1x,10918,36.097,2.95,2.98,0.0029,464,175
T-Default-1x,10919,36.100,2.90,2.90,0.0029,464,175
T-Default-1x,10920,36.103,3.01,2.99,0.0030,464,175
T-Default-1x,10921,36.106,3.13,3.11,0.0031,464,175
T-Default-1x,10922,36.110,3.17,3.19,0.0032,464,175
T-Default-1x,10923,36.113,2.91,2.90,0.0029,464,175
T-Default-1x,10924,36.116,3.01,3.00,0.0030,464,175
T-Default-1x,10925,36.119,3.19,3.19,0.0032,464,175
T-Default-1x,10926,36.122,2.77,2.80,0.0028,464,175
T-Default-1x,10927,36.124,2.81,2.80,0.0028,464,175
T-Default-1x,10928,36.127,2.71,2.70,0.0027,464,175
T-Default-1x,10929,36.130,2.59,2.60,0.0026,464,175
T-Default-1x,10930,36.133,2.92,2.89,0.0029,464,175
T-Default-1x,10931,36.135,2.68,2.71,0.0027,464,175
T-Default-1x,10932,36.138,2.82,2.80,0.0028,464,175
T-Default-1x,10933,36.141,3.09,3.09,0.0031,464,175
T-Default-1x,10934,36.144,2.78,2.80,0.0028,464,175
T-Default-1x,10935,36.147,2.70,2.69,0.0027,464,175
T-Default-1x,10936,36.150,3.12,3.11,0.0031,464,175
T-Default-1x,10937,36.152,2.69,2.70,0.0027,464,175
T-Default-1x,10938,36.155,2.91,2.89,0.0029,464,175
T-Default-1x,10939,36.158,2.90,2.91,0.0029,464,175
T-Default-1x,10940,36.161,2.92,2.90,0.0029,464,175
T-Default-1x,10941,36.164,3.21,3.20,0.0032,464,175
T-Default-1x,10942,36.168,3.28,3.29,0.0033,464,175
T-Default-1x,10943,36.171,2.89,2.90,0.0029,464,175
T-Default-1x,10944,36.173,2.78,2.79,0.0028,464,175
T-Default-1x,10945,36.176,3.14,3.11,0.0031,464,175
T-Default-1x,10946,36.179,2.89,2.89,0.0029,464,175
T-Default-1x,10947,36.182,3.12,3.10,0.0031,464,175
T-Default-1x,10948,36.185,2.87,2.90,0.0029,464,175
T-Default-1x,10949,36.188,2.81,2.80,0.0028,464,175
T-Default-1x,10950,36.191,3.30,3.29,0.0033,464,175
T-Default-1x,10951,36.195,3.23,3.20,0.0032,464,175
T-Default-1x,10952,36.198,3.10,3.10,0.0031,464,175
T-Default-1x,10953,36.201,3.06,3.08,0.0031,464,175
T-Default-1x,10954,36.204,2.83,2.80,0.0028,464,175
T-Default-1x,10955,36.207,2.89,2.90,0.0029,464,175
T-Default-1x,10956,36.210,3.00,3.01,0.0030,464,175
T-Default-1x,10957,36.212,2.81,2.80,0.0028,464,175
T-Default-1x,10958,36.215,3.12,3.11,0.0031,464,175
T-Default-1x,10959,36.218,2.76,2.78,0.0028,464,175
T-Default-1x,10960,36.221,2.70,2.69,0.0027,464,175
T-Default-1x,10961,36.224,3.02,3.00,0.0030,464,175
T-Default-1x,10962,36.227,2.70,2.70,0.0027,464,175
T-Default-1x,10963,36.229,2.66,2.70,0.0027,464,175
T-Default-1x,10964,36.232,2.96,2.92,0.0030,464,175
T-Default-1x,10965,36.235,3.01,3.00,0.0030,464,175
T-Default-1x,10966,36.238,2.95,2.98,0.0030,464,175
T-Default-1x,10967,36.241,3.11,3.10,0.0031,464,175
T-Default-1x,10968,36.244,2.88,2.89,0.0029,464,175
T-Default-1x,10969,36.247,2.70,2.69,0.0027,464,175
T-Default-1x,10970,36.250,3.01,3.00,0.0030,464,175
T-Default-1x,10971,36.253,2.91,2.90,0.0029,464,175
T-Default-1x,10972,36.256,2.90,2.90,0.0029,464,175
T-Default-1x,10973,36.259,3.11,3.11,0.0031,464,175
T-Default-1x,10974,36.262,2.87,2.88,0.0029,464,175
T-Default-1x,10975,36.265,2.83,2.81,0.0028,464,175
T-Default-1x,10976,36.267,2.78,2.79,0.0028,516,175
T-Default-1x,10977,36.270,2.58,2.59,0.0026,464,175
T-Default-1x,10978,36.273,2.84,2.81,0.0028,464,175
T-Default-1x,10979,36.276,2.88,2.89,0.0029,464,175
T-Default-1x,10980,36.278,2.77,2.79,0.0028,464,175
T-Default-1x,10981,36.281,2.87,2.82,0.0029,464,175
T-Default-1x,10982,36.284,2.95,2.99,0.0029,464,175
T-Default-1x,10983,36.287,2.93,2.90,0.0029,464,175
T-Default-1x,10984,36.290,3.11,3.10,0.0031,464,175
T-Default-1x,10985,36.294,3.30,3.30,0.0033,464,175
T-Default-1x,10986,36.297,2.97,2.98,0.0030,464,175
T-Default-1x,10987,36.299,2.91,2.90,0.0029,464,175
T-Default-1x,10988,36.302,2.89,2.90,0.0029,464,175
T-Default-1x,10989,36.305,2.79,2.80,0.0028,464,175
T-Default-1x,10990,36.308,2.80,2.80,0.0028,464,175
T-Default-1x,10991,36.311,2.81,2.79,0.0028,464,175
T-Default-1x,10992,36.314,2.81,2.81,0.0028,464,175
T-Default-1x,10993,36.317,3.11,3.10,0.0031,464,175
T-Default-1x,10994,36.320,2.87,2.89,0.0029,464,175
T-Default-1x,10995,36.322,2.69,2.69,0.0027,464,175
T-Default-1x,10996,36.325,2.81,2.79,0.0028,464,175
T-Default-1x,10997,36.328,2.81,2.81,0.0028,464,175
T-Default-1x,10998,36.331,2.92,2.90,0.0029,464,175
T-Default-1x,10999,36.334,2.97,2.99,0.0030,464,175
T-Default-1x,11000,36.336,2.75,2.71,0.0027,464,175
T-Default-1x,11001,36.339,2.79,2.80,0.0028,464,175
T-Default-1x,11002,36.342,2.86,2.88,0.0029,464,175
T-Default-1x,11003,36.345,2.82,2.80,0.0028,464,175
T-Default-1x,11004,36.348,3.04,3.00,0.0030,464,175
T-Default-1x,11005,36.351,2.95,2.99,0.0030,464,175
T-Default-1x,11006,36.354,2.89,2.90,0.0029,464,175
T-Default-1x,11007,36.357,2.92,2.90,0.0029,464,175
T-Default-1x,11008,36.360,2.88,2.90,0.0029,464,175
T-Default-1x,11009,36.362,2.69,2.69,0.0027,464,175
T-Default-1x,11010,36.365,2.99,2.93,0.0030,464,175
T-Default-1x,11011,36.368,2.74,2.78,0.0027,464,175
T-Default-1x,11012,36.371,2.68,2.68,0.0027,464,175
T-Default-1x,11013,36.374,2.95,2.91,0.0029,464,175
T-Default-1x,11014,36.377,2.97,3.00,0.0030,464,175
T-Default-1x,11015,36.379,2.79,2.79,0.0028,464,175
T-Default-1x,11016,36.383,3.20,3.20,0.0032,464,175
T-Default-1x,11017,36.386,2.92,2.90,0.0029,464,175
T-Default-1x,11018,36.389,3.07,3.10,0.0031,464,175
T-Default-1x,11019,36.392,2.92,2.90,0.0029,464,175
T-Default-1x,11020,36.394,2.81,2.82,0.0028,464,175
T-Default-1x,11021,36.397,2.78,2.78,0.0028,464,175
T-Default-1x,11022,36.400,3.20,3.19,0.0032,464,175
T-Default-1x,11023,36.403,2.90,2.90,0.0029,464,175
T-Default-1x,11024,36.406,2.82,2.81,0.0028,464,175
T-Default-1x,11025,36.409,3.00,2.99,0.0030,464,175
T-Default-1x,11026,36.412,2.88,2.90,0.0029,464,175
T-Default-1x,11027,36.415,2.92,2.90,0.0029,464,175
T-Default-1x,11028,36.418,2.98,2.99,0.0030,464,175
T-Default-1x,11029,36.421,2.80,2.80,0.0028,464,175
T-Default-1x,11030,36.424,2.91,2.89,0.0029,464,175
T-Default-1x,11031,36.427,3.14,3.10,0.0031,464,175
T-Default-1x,11032,36.430,3.37,3.40,0.0034,464,175
T-Default-1x,11033,36.433,3.12,3.09,0.0031,464,175
T-Default-1x,11034,36.437,3.31,3.30,0.0033,464,175
T-Default-1x,11035,36.439,2.86,2.89,0.0029,464,175
T-Default-1x,11036,36.442,3.04,3.02,0.0030,464,175
T-Default-1x,11037,36.445,2.78,2.78,0.0028,464,175
T-Default-1x,11038,36.448,3.11,3.10,0.0031,464,175
T-Default-1x,11039,36.451,2.98,2.99,0.0030,464,175
T-Default-1x,11040,36.454,3.01,3.00,0.0030,464,175
T-Default-1x,11041,36.457,3.15,3.11,0.0031,464,175
T-Default-1x,11042,36.460,3.04,3.09,0.0030,464,175
T-Default-1x,11043,36.463,2.80,2.79,0.0028,464,175
T-Default-1x,11044,36.466,3.03,3.01,0.0030,464,175
T-Default-1x,11045,36.470,3.41,3.40,0.0034,516,175
T-Default-1x,11046,36.473,3.10,3.11,0.0031,464,175
T-Default-1x,11047,36.476,2.99,2.99,0.0030,464,175
T-Default-1x,11048,36.479,2.89,2.89,0.0029,464,175
T-Default-1x,11049,36.482,3.13,3.10,0.0031,464,175
T-Default-1x,11050,36.485,3.17,3.20,0.0032,464,175
T-Default-1x,11051,36.488,2.88,2.89,0.0029,464,175
T-Default-1x,11052,36.491,3.14,3.11,0.0031,464,175
T-Default-1x,11053,36.494,2.90,2.89,0.0029,464,175
T-Default-1x,11054,36.497,2.71,2.71,0.0027,464,175
T-Default-1x,11055,36.500,3.05,3.08,0.0030,464,175
T-Default-1x,11056,36.503,3.29,3.22,0.0033,464,175
T-Default-1x,11057,36.506,3.14,3.18,0.0031,464,175
T-Default-1x,11058,36.510,3.43,3.40,0.0034,464,175
T-Default-1x,11059,36.513,3.29,3.30,0.0033,464,175
T-Default-1x,11060,36.516,3.03,3.04,0.0030,464,175
T-Default-1x,11061,36.519,3.14,3.15,0.0031,464,175
T-Default-1x,11062,36.522,3.13,3.11,0.0031,464,175
T-Default-1x,11063,36.526,3.51,3.50,0.0035,464,175
T-Default-1x,11064,36.528,2.75,2.77,0.0027,464,175
T-Default-1x,11065,36.531,2.98,2.92,0.0030,464,175
T-Default-1x,11066,36.534,3.06,3.09,0.0031,464,175
T-Default-1x,11067,36.537,2.78,2.80,0.0028,464,175
T-Default-1x,11068,36.540,2.92,2.90,0.0029,464,175
T-Default-1x,11069,36.543,3.20,3.20,0.0032,464,175
T-Default-1x,11070,36.546,2.79,2.80,0.0028,464,175
T-Default-1x,11071,36.549,3.21,3.21,0.0032,464,175
T-Default-1x,11072,36.553,3.30,3.29,0.0033,464,175
T-Default-1x,11073,36.556,2.98,3.00,0.0030,464,175
T-Default-1x,11074,36.559,3.10,3.09,0.0031,464,175
T-Default-1x,11075,36.562,3.10,3.10,0.0031,464,175
T-Default-1x,11076,36.565,2.88,2.89,0.0029,464,175
T-Default-1x,11077,36.568,2.91,2.91,0.0029,464,175
T-Default-1x,11078,36.570,2.90,2.90,0.0029,464,175
T-Default-1x,11079,36.573,3.02,3.01,0.0030,464,175
T-Default-1x,11080,36.576,2.98,2.99,0.0030,464,175
T-Default-1x,11081,36.579,2.90,2.90,0.0029,464,175
T-Default-1x,11082,36.583,3.22,3.20,0.0032,464,175
T-Default-1x,11083,36.585,2.79,2.81,0.0028,464,175
T-Default-1x,11084,36.588,2.78,2.79,0.0028,464,175
T-Default-1x,11085,36.591,3.02,3.00,0.0030,464,175
T-Default-1x,11086,36.594,3.09,3.10,0.0031,464,175
T-Default-1x,11087,36.597,2.93,2.91,0.0029,464,175
T-Default-1x,11088,36.600,2.99,3.01,0.0030,464,175
T-Default-1x,11089,36.603,2.79,2.78,0.0028,464,175
T-Default-1x,11090,36.606,2.88,2.90,0.0029,464,175
T-Default-1x,11091,36.609,3.01,3.00,0.0030,464,175
T-Default-1x,11092,36.612,2.90,2.89,0.0029,464,175
T-Default-1x,11093,36.615,2.92,2.89,0.0029,464,175
T-Default-1x,11094,36.618,3.07,3.10,0.0031,464,175
T-Default-1x,11095,36.621,2.78,2.79,0.0028,464,175
T-Default-1x,11096,36.623,2.94,2.91,0.0029,464,175
T-Default-1x,11097,36.626,2.88,2.89,0.0029,464,175
T-Default-1x,11098,36.629,2.81,2.80,0.0028,464,175
T-Default-1x,11099,36.632,2.95,2.90,0.0030,464,175
T-Default-1x,11100,36.635,3.27,3.30,0.0033,464,175
T-Default-1x,11101,36.638,2.98,3.00,0.0030,464,175
T-Default-1x,11102,36.641,3.00,3.00,0.0030,464,175
T-Default-1x,11103,36.644,2.77,2.79,0.0028,464,175
T-Default-1x,11104,36.647,2.71,2.71,0.0027,464,175
T-Default-1x,11105,36.650,2.97,2.92,0.0030,464,175
T-Default-1x,11106,36.653,2.84,2.88,0.0028,464,175
T-Default-1x,11107,36.656,2.90,2.90,0.0029,464,175
T-Default-1x,11108,36.659,3.00,3.00,0.0030,464,175
T-Default-1x,11109,36.661,2.91,2.90,0.0029,464,175
T-Default-1x,11110,36.664,2.88,2.89,0.0029,464,175
T-Default-1x,11111,36.667,2.81,2.81,0.0028,464,175
T-Default-1x,11112,36.670,2.69,2.69,0.0027,516,175
T-Default-1x,11113,36.673,2.96,2.92,0.0030,464,175
T-Default-1x,11114,36.676,2.97,2.98,0.0030,464,175
T-Default-1x,11115,36.679,3.11,3.11,0.0031,464,175
T-Default-1x,11116,36.682,3.12,3.10,0.0031,464,175
T-Default-1x,11117,36.685,2.99,3.00,0.0030,464,175
T-Default-1x,11118,36.688,2.86,2.89,0.0029,464,175
T-Default-1x,11119,36.691,3.05,3.01,0.0030,464,175
T-Default-1x,11120,36.694,2.76,2.79,0.0028,464,175
T-Default-1x,11121,36.696,2.80,2.80,0.0028,464,175
T-Default-1x,11122,36.700,3.10,3.09,0.0031,464,175
T-Default-1x,11123,36.702,2.70,2.70,0.0027,464,175
T-Default-1x,11124,36.705,2.71,2.72,0.0027,464,175
T-Default-1x,11125,36.708,3.02,3.00,0.0030,464,175
T-Default-1x,11126,36.711,2.90,2.89,0.0029,464,175
T-Default-1x,11127,36.714,2.87,2.89,0.0029,464,175
T-Default-1x,11128,36.717,3.12,3.11,0.0031,464,175
T-Default-1x,11129,36.720,3.20,3.19,0.0032,464,175
T-Default-1x,11130,36.723,2.79,2.80,0.0028,464,175
T-Default-1x,11131,36.726,3.00,3.00,0.0030,464,175
T-Default-1x,11132,36.729,2.88,2.89,0.0029,464,175
T-Default-1x,11133,36.732,3.14,3.11,0.0031,464,175
T-Default-1x,11134,36.735,2.97,3.00,0.0030,464,175
T-Default-1x,11135,36.738,2.78,2.79,0.0028,464,175
T-Default-1x,11136,36.741,2.95,2.91,0.0030,464,175
T-Default-1x,11137,36.743,2.78,2.79,0.0028,464,175
T-Default-1x,11138,36.746,2.79,2.81,0.0028,464,175
T-Default-1x,11139,36.749,3.12,3.10,0.0031,464,175
T-Default-1x,11140,36.752,2.91,2.90,0.0029,464,175
T-Default-1x,11141,36.755,2.77,2.78,0.0028,464,175
T-Default-1x,11142,36.758,3.11,3.11,0.0031,464,175
T-Default-1x,11143,36.761,2.99,2.98,0.0030,464,175
T-Default-1x,11144,36.764,2.78,2.81,0.0028,464,175
T-Default-1x,11145,36.767,2.81,2.79,0.0028,464,175
T-Default-1x,11146,36.769,2.57,2.59,0.0026,464,175
T-Default-1x,11147,36.772,2.85,2.82,0.0028,464,175
T-Default-1x,11148,36.775,3.00,3.00,0.0030,464,175
T-Default-1x,11149,36.778,2.70,2.71,0.0027,464,175
T-Default-1x,11150,36.781,2.79,2.80,0.0028,464,175
T-Default-1x,11151,36.783,2.90,2.89,0.0029,464,175
T-Default-1x,11152,36.786,2.80,2.80,0.0028,464,175
T-Default-1x,11153,36.789,2.90,2.89,0.0029,464,175
T-Default-1x,11154,36.792,2.90,2.91,0.0029,464,175
T-Default-1x,11155,36.795,3.22,3.21,0.0032,464,175
T-Default-1x,11156,36.798,2.90,2.90,0.0029,464,175
T-Default-1x,11157,36.801,3.19,3.19,0.0032,464,175
T-Default-1x,11158,36.804,3.00,3.00,0.0030,464,175
T-Default-1x,11159,36.807,3.11,3.10,0.0031,464,175
T-Default-1x,11160,36.810,2.78,2.80,0.0028,464,175
T-Default-1x,11161,36.813,2.58,2.58,0.0026,464,175
T-Default-1x,11162,36.816,3.04,3.01,0.0030,464,175
T-Default-1x,11163,36.819,2.83,2.84,0.0028,464,175
T-Default-1x,11164,36.822,2.85,2.85,0.0028,464,175
T-Default-1x,11165,36.825,3.14,3.11,0.0031,464,175
T-Default-1x,11166,36.828,2.87,2.88,0.0029,464,175
T-Default-1x,11167,36.830,2.68,2.70,0.0027,464,175
T-Default-1x,11168,36.833,3.01,3.00,0.0030,464,175
T-Default-1x,11169,36.836,2.94,2.90,0.0029,464,175
T-Default-1x,11170,36.839,2.85,2.89,0.0029,464,175
T-Default-1x,11171,36.842,3.03,3.01,0.0030,464,175
T-Default-1x,11172,36.845,3.08,3.08,0.0031,464,175
T-Default-1x,11173,36.848,3.12,3.11,0.0031,464,175
T-Default-1x,11174,36.851,2.88,2.89,0.0029,464,175
T-Default-1x,11175,36.854,2.70,2.70,0.0027,464,175
T-Default-1x,11176,36.857,2.92,2.91,0.0029,464,175
T-Default-1x,11177,36.860,2.91,2.90,0.0029,464,175
T-Default-1x,11178,36.862,2.78,2.80,0.0028,464,175
T-Default-1x,11179,36.865,2.89,2.89,0.0029,464,175
T-Default-1x,11180,36.868,2.92,2.91,0.0029,464,175
T-Default-1x,11181,36.871,2.66,2.69,0.0027,516,175
T-Default-1x,11182,36.874,3.03,3.00,0.0030,464,175
T-Default-1x,11183,36.877,2.90,2.90,0.0029,464,175
T-Default-1x,11184,36.880,2.78,2.80,0.0028,464,175
T-Default-1x,11185,36.882,2.82,2.80,0.0028,464,175
T-Default-1x,11186,36.885,3.03,3.02,0.0030,464,175
T-Default-1x,11187,36.888,2.86,2.88,0.0029,464,175
T-Default-1x,11188,36.891,3.12,3.11,0.0031,464,175
T-Default-1x,11189,36.894,2.68,2.69,0.0027,464,175
T-Default-1x,11190,36.897,2.59,2.60,0.0026,464,175
T-Default-1x,11191,36.900,3.03,3.01,0.0030,464,175
T-Default-1x,11192,36.902,2.49,2.49,0.0025,464,175
T-Default-1x,11193,36.905,2.79,2.78,0.0028,464,175
T-Default-1x,11194,36.908,2.90,2.90,0.0029,464,175
T-Default-1x,11195,36.911,2.89,2.89,0.0029,464,175
T-Default-1x,11196,36.914,2.70,2.71,0.0027,464,175
T-Default-1x,11197,36.916,2.81,2.79,0.0028,464,175
T-Default-1x,11198,36.919,3.02,3.00,0.0030,464,175
T-Default-1x,11199,36.922,3.08,3.10,0.0031,464,175
T-Default-1x,11200,36.925,2.91,2.90,0.0029,464,175
T-Default-1x,11201,36.928,3.00,3.00,0.0030,464,175
T-Default-1x,11202,36.931,3.02,3.01,0.0030,464,175
T-Default-1x,11203,36.934,2.96,2.99,0.0030,464,175
T-Default-1x,11204,36.937,3.03,3.00,0.0030,464,175
T-Default-1x,11205,36.941,3.13,3.11,0.0031,464,175
T-Default-1x,11206,36.944,3.07,3.10,0.0031,464,175
T-Default-1x,11207,36.946,2.64,2.67,0.0026,464,175
T-Default-1x,11208,36.949,2.72,2.70,0.0027,464,175
T-Default-1x,11209,36.952,2.83,2.80,0.0028,464,175
T-Default-1x,11210,36.955,2.77,2.79,0.0028,464,175
T-Default-1x,11211,36.958,3.13,3.11,0.0031,464,175
T-Default-1x,11212,36.960,2.80,2.80,0.0028,464,175
T-Default-1x,11213,36.963,2.59,2.60,0.0026,464,175
T-Default-1x,11214,36.966,2.89,2.89,0.0029,464,175
T-Default-1x,11215,36.969,3.12,3.11,0.0031,464,175
T-Default-1x,11216,36.972,2.86,2.89,0.0029,464,175
T-Default-1x,11217,36.975,2.92,2.90,0.0029,464,175
T-Default-1x,11218,36.978,2.80,2.81,0.0028,464,175
T-Default-1x,11219,36.980,2.80,2.80,0.0028,464,175
T-Default-1x,11220,36.984,3.08,3.10,0.0031,464,175
T-Default-1x,11221,36.986,2.94,2.90,0.0029,464,175
T-Default-1x,11222,36.989,2.76,2.80,0.0028,464,175
T-Default-1x,11223,36.992,3.01,2.99,0.0030,464,175
T-Default-1x,11224,36.995,2.73,2.72,0.0027,464,175
T-Default-1x,11225,36.998,2.89,2.88,0.0029,464,175
T-Default-1x,11226,37.001,2.98,2.99,0.0030,464,175
T-Default-1x,11227,37.004,2.89,2.90,0.0029,464,175
T-Default-1x,11228,37.007,2.94,2.91,0.0029,464,175
T-Default-1x,11229,37.010,2.87,2.89,0.0029,464,175
T-Default-1x,11230,37.013,3.08,3.08,0.0031,464,175
T-Default-1x,11231,37.016,2.96,2.92,0.0030,464,175
T-Default-1x,11232,37.019,3.14,3.18,0.0031,464,175
T-Default-1x,11233,37.022,3.02,3.01,0.0030,464,175
T-Default-1x,11234,37.025,3.10,3.10,0.0031,464,175
T-Default-1x,11235,37.028,2.80,2.80,0.0028,464,175
T-Default-1x,11236,37.030,2.70,2.69,0.0027,464,175
T-Default-1x,11237,37.033,3.11,3.11,0.0031,464,175
T-Default-1x,11238,37.036,2.82,2.79,0.0028,464,175
T-Default-1x,11239,37.039,2.98,3.00,0.0030,464,175
T-Default-1x,11240,37.042,2.99,2.99,0.0030,464,175
T-Default-1x,11241,37.045,2.89,2.90,0.0029,464,175
T-Default-1x,11242,37.048,2.91,2.90,0.0029,464,175
T-Default-1x,11243,37.051,3.31,3.31,0.0033,464,175
T-Default-1x,11244,37.054,3.08,3.09,0.0031,464,175
T-Default-1x,11245,37.058,3.11,3.10,0.0031,464,175
T-Default-1x,11246,37.060,2.68,2.70,0.0027,464,175
T-Default-1x,11247,37.063,2.58,2.58,0.0026,464,175
T-Default-1x,11248,37.066,3.04,3.01,0.0030,464,175
T-Default-1x,11249,37.069,2.82,2.83,0.0028,464,175
T-Default-1x,11250,37.071,2.65,2.65,0.0027,516,175
T-Default-1x,11251,37.074,3.04,3.02,0.0030,464,175
T-Default-1x,11252,37.077,2.67,2.68,0.0027,464,175
T-Default-1x,11253,37.080,2.70,2.70,0.0027,464,175
T-Default-1x,11254,37.083,3.11,3.10,0.0031,464,175
T-Default-1x,11255,37.086,2.81,2.82,0.0028,464,175
T-Default-1x,11256,37.088,2.67,2.68,0.0027,464,175
T-Default-1x,11257,37.091,3.01,3.00,0.0030,464,175
T-Default-1x,11258,37.094,3.03,3.01,0.0030,464,175
T-Default-1x,11259,37.097,2.76,2.80,0.0028,464,175
T-Default-1x,11260,37.100,3.03,2.99,0.0030,464,175
T-Default-1x,11261,37.103,2.67,2.69,0.0027,464,175
T-Default-1x,11262,37.106,2.91,2.90,0.0029,464,175
T-Default-1x,11263,37.109,3.00,3.01,0.0030,464,175
T-Default-1x,11264,37.112,2.79,2.80,0.0028,464,175
T-Default-1x,11265,37.114,2.94,2.90,0.0029,464,175
T-Default-1x,11266,37.117,2.98,2.99,0.0030,464,175
T-Default-1x,11267,37.120,2.77,2.80,0.0028,464,175
T-Default-1x,11268,37.123,2.96,2.92,0.0030,464,175
T-Default-1x,11269,37.126,3.08,3.09,0.0031,464,175
T-Default-1x,11270,37.129,2.90,2.90,0.0029,464,175
T-Default-1x,11271,37.132,3.01,2.99,0.0030,464,175
T-Default-1x,11272,37.135,2.99,3.00,0.0030,464,175
T-Default-1x,11273,37.138,2.90,2.90,0.0029,464,175
T-Default-1x,11274,37.141,3.00,3.01,0.0030,464,175
T-Default-1x,11275,37.144,2.80,2.79,0.0028,464,175
T-Default-1x,11276,37.147,2.80,2.81,0.0028,464,175
T-Default-1x,11277,37.150,2.99,3.00,0.0030,464,175
T-Default-1x,11278,37.152,2.68,2.68,0.0027,464,175
T-Default-1x,11279,37.155,2.60,2.61,0.0026,464,175
T-Default-1x,11280,37.158,3.05,3.01,0.0031,464,175
T-Default-1x,11281,37.161,3.11,3.09,0.0031,464,175
T-Default-1x,11282,37.164,2.84,2.89,0.0028,464,175
T-Default-1x,11283,37.167,2.91,2.90,0.0029,464,175
T-Default-1x,11284,37.170,2.71,2.70,0.0027,464,175
T-Default-1x,11285,37.172,2.78,2.79,0.0028,464,175
T-Default-1x,11286,37.175,3.02,3.01,0.0030,464,175
T-Default-1x,11287,37.178,3.09,3.08,0.0031,464,175
T-Default-1x,11288,37.182,3.11,3.11,0.0031,464,175
T-Default-1x,11289,37.184,2.90,2.90,0.0029,464,175
T-Default-1x,11290,37.187,2.80,2.79,0.0028,464,175
T-Default-1x,11291,37.190,3.06,3.00,0.0031,464,175
T-Default-1x,11292,37.193,2.95,3.00,0.0030,464,175
T-Default-1x,11293,37.196,2.99,2.99,0.0030,464,175
T-Default-1x,11294,37.200,3.32,3.31,0.0033,464,175
T-Default-1x,11295,37.202,2.89,2.89,0.0029,464,175
T-Default-1x,11296,37.205,2.78,2.81,0.0028,464,175
T-Default-1x,11297,37.208,3.02,2.99,0.0030,464,175
T-Default-1x,11298,37.211,2.89,2.90,0.0029,464,175
T-Default-1x,11299,37.214,2.92,2.90,0.0029,464,175
T-Default-1x,11300,37.217,3.19,3.19,0.0032,464,175
T-Default-1x,11301,37.220,3.10,3.10,0.0031,464,175
T-Default-1x,11302,37.223,2.91,2.91,0.0029,464,175
T-Default-1x,11303,37.226,3.08,3.09,0.0031,464,175
T-Default-1x,11304,37.229,2.90,2.90,0.0029,464,175
T-Default-1x,11305,37.232,3.11,3.10,0.0031,464,175
T-Default-1x,11306,37.235,2.79,2.80,0.0028,464,175
T-Default-1x,11307,37.238,2.89,2.89,0.0029,464,175
T-Default-1x,11308,37.241,3.34,3.32,0.0033,464,175
T-Default-1x,11309,37.244,2.88,2.88,0.0029,464,175
T-Default-1x,11310,37.247,2.78,2.80,0.0028,464,175
T-Default-1x,11311,37.250,2.72,2.70,0.0027,464,175
T-Default-1x,11312,37.253,2.89,2.89,0.0029,464,175
T-Default-1x,11313,37.256,2.91,2.90,0.0029,464,175
T-Default-1x,11314,37.259,3.02,3.01,0.0030,464,175
T-Default-1x,11315,37.261,2.76,2.79,0.0028,464,175
T-Default-1x,11316,37.264,2.70,2.69,0.0027,464,175
T-Default-1x,11317,37.267,2.95,2.92,0.0029,464,175
T-Default-1x,11318,37.270,2.78,2.79,0.0028,464,175
T-Default-1x,11319,37.273,2.90,2.89,0.0029,516,175
T-Default-1x,11320,37.276,2.99,3.00,0.0030,464,175
T-Default-1x,11321,37.279,3.11,3.10,0.0031,464,175
T-Default-1x,11322,37.282,3.01,3.00,0.0030,464,175
T-Default-1x,11323,37.285,2.98,3.00,0.0030,464,175
T-Default-1x,11324,37.288,2.90,2.90,0.0029,464,175
T-Default-1x,11325,37.291,3.03,3.01,0.0030,464,175
T-Default-1x,11326,37.293,2.77,2.77,0.0028,464,175
T-Default-1x,11327,37.296,2.69,2.70,0.0027,464,175
T-Default-1x,11328,37.299,3.03,3.01,0.0030,464,175
T-Default-1x,11329,37.302,2.89,2.89,0.0029,464,175
T-Default-1x,11330,37.305,2.79,2.80,0.0028,464,175
T-Default-1x,11331,37.308,3.11,3.10,0.0031,464,175
T-Default-1x,11332,37.311,2.94,2.91,0.0029,464,175
T-Default-1x,11333,37.314,3.25,3.27,0.0033,464,175
T-Default-1x,11334,37.317,3.09,3.10,0.0031,464,175
T-Default-1x,11335,37.320,2.92,2.91,0.0029,464,175
T-Default-1x,11336,37.323,2.90,2.89,0.0029,464,175
T-Default-1x,11337,37.326,3.10,3.10,0.0031,464,175
T-Default-1x,11338,37.329,2.81,2.80,0.0028,464,175
T-Default-1x,11339,37.332,3.08,3.09,0.0031,464,175
T-Default-1x,11340,37.335,3.02,3.02,0.0030,464,175
T-Default-1x,11341,37.338,2.79,2.80,0.0028,464,175
T-Default-1x,11342,37.341,3.11,3.10,0.0031,464,175
T-Default-1x,11343,37.344,2.68,2.70,0.0027,464,175
T-Default-1x,11344,37.346,2.58,2.58,0.0026,464,175
T-Default-1x,11345,37.349,2.64,2.60,0.0026,464,175
T-Default-1x,11346,37.352,2.78,2.80,0.0028,464,175
T-Default-1x,11347,37.355,2.90,2.90,0.0029,464,175
T-Default-1x,11348,37.358,3.01,3.00,0.0030,464,175
T-Default-1x,11349,37.360,2.68,2.69,0.0027,464,175
T-Default-1x,11350,37.363,2.70,2.71,0.0027,464,175
T-Default-1x,11351,37.366,3.00,3.00,0.0030,464,175
T-Default-1x,11352,37.369,2.81,2.79,0.0028,464,175
T-Default-1x,11353,37.371,2.68,2.70,0.0027,464,175
T-Default-1x,11354,37.375,3.23,3.21,0.0032,464,175
T-Default-1x,11355,37.377,2.67,2.69,0.0027,464,175
T-Default-1x,11356,37.380,2.72,2.70,0.0027,464,175
T-Default-1x,11357,37.383,3.10,3.11,0.0031,464,175
T-Default-1x,11358,37.386,2.68,2.69,0.0027,464,175
T-Default-1x,11359,37.388,2.60,2.60,0.0026,464,175
T-Default-1x,11360,37.391,2.95,2.91,0.0029,464,175
T-Default-1x,11361,37.394,2.87,2.88,0.0029,464,175
T-Default-1x,11362,37.397,2.92,2.90,0.0029,464,175
T-Default-1x,11363,37.400,3.21,3.20,0.0032,464,175
T-Default-1x,11364,37.404,3.34,3.31,0.0033,464,175
T-Default-1x,11365,37.407,3.20,3.20,0.0032,464,175
T-Default-1x,11366,37.410,3.04,3.08,0.0030,464,175
T-Default-1x,11367,37.413,2.80,2.80,0.0028,464,175
T-Default-1x,11368,37.415,2.68,2.69,0.0027,464,175
T-Default-1x,11369,37.419,3.31,3.30,0.0033,464,175
T-Default-1x,11370,37.422,2.88,2.88,0.0029,464,175
T-Default-1x,11371,37.425,3.14,3.13,0.0031,464,175
T-Default-1x,11372,37.427,2.68,2.70,0.0027,464,175
T-Default-1x,11373,37.430,2.81,2.79,0.0028,464,175
T-Default-1x,11374,37.433,3.10,3.10,0.0031,464,175
T-Default-1x,11375,37.436,2.80,2.79,0.0028,464,175
T-Default-1x,11376,37.439,2.98,3.00,0.0030,464,175
T-Default-1x,11377,37.442,3.10,3.09,0.0031,464,175
T-Default-1x,11378,37.445,3.13,3.11,0.0031,464,175
T-Default-1x,11379,37.449,3.13,3.10,0.0031,464,175
T-Default-1x,11380,37.451,2.87,2.89,0.0029,464,175
T-Default-1x,11381,37.454,2.93,2.91,0.0029,464,175
T-Default-1x,11382,37.457,3.11,3.09,0.0031,464,175
T-Default-1x,11383,37.460,2.88,2.92,0.0029,464,175
T-Default-1x,11384,37.463,2.78,2.79,0.0028,464,175
T-Default-1x,11385,37.466,3.21,3.18,0.0032,464,175
T-Default-1x,11386,37.469,3.08,3.10,0.0031,464,175
T-Default-1x,11387,37.472,2.78,2.80,0.0028,464,175
T-Default-1x,11388,37.475,2.92,2.90,0.0029,516,175
T-Default-1x,11389,37.478,2.81,2.81,0.0028,464,175
T-Default-1x,11390,37.481,3.01,3.00,0.0030,464,175
T-Default-1x,11391,37.484,2.97,2.98,0.0030,464,175
T-Default-1x,11392,37.487,2.93,2.90,0.0029,464,175
T-Default-1x,11393,37.490,2.93,2.90,0.0029,464,175
T-Default-1x,11394,37.493,3.25,3.29,0.0033,464,175
T-Default-1x,11395,37.496,3.12,3.10,0.0031,464,175
T-Default-1x,11396,37.499,2.86,2.90,0.0029,464,175
T-Default-1x,11397,37.502,3.02,2.99,0.0030,464,175
T-Default-1x,11398,37.505,3.00,3.00,0.0030,464,175
T-Default-1x,11399,37.508,3.20,3.20,0.0032,464,175
T-Default-1x,11400,37.511,2.92,2.90,0.0029,464,175
T-Default-1x,11401,37.514,3.27,3.30,0.0033,464,175
T-Default-1x,11402,37.518,3.22,3.20,0.0032,464,175
T-Default-1x,11403,37.521,2.96,2.99,0.0030,464,175
T-Default-1x,11404,37.523,2.94,2.91,0.0029,464,175
T-Default-1x,11405,37.526,3.01,2.99,0.0030,464,175
T-Default-1x,11406,37.529,2.89,2.91,0.0029,464,175
T-Default-1x,11407,37.532,3.11,3.10,0.0031,464,175
T-Default-1x,11408,37.535,2.68,2.70,0.0027,464,175
T-Default-1x,11409,37.538,2.92,2.89,0.0029,464,175
T-Default-1x,11410,37.541,2.99,3.00,0.0030,464,175
T-Default-1x,11411,37.544,2.71,2.70,0.0027,464,175
T-Default-1x,11412,37.546,2.68,2.69,0.0027,464,175
T-Default-1x,11413,37.549,3.01,3.00,0.0030,464,175
T-Default-1x,11414,37.552,3.02,2.99,0.0030,464,175
T-Default-1x,11415,37.555,2.86,2.90,0.0029,464,175
T-Default-1x,11416,37.558,2.91,2.91,0.0029,464,175
T-Default-1x,11417,37.561,2.69,2.69,0.0027,464,175
T-Default-1x,11418,37.564,3.03,3.00,0.0030,464,175
T-Default-1x,11419,37.567,3.11,3.10,0.0031,464,175
T-Default-1x,11420,37.571,3.41,3.39,0.0034,464,175
T-Default-1x,11421,37.574,3.18,3.20,0.0032,464,175
T-Default-1x,11422,37.577,2.89,2.90,0.0029,464,175
T-Default-1x,11423,37.580,3.04,3.01,0.0030,464,175
T-Default-1x,11424,37.583,3.08,3.09,0.0031,464,175
T-Default-1x,11425,37.586,3.10,3.10,0.0031,464,175
T-Default-1x,11426,37.589,3.11,3.10,0.0031,464,175
T-Default-1x,11427,37.592,3.30,3.29,0.0033,464,175
T-Default-1x,11428,37.595,2.67,2.69,0.0027,464,175
T-Default-1x,11429,37.598,2.70,2.69,0.0027,464,175
T-Default-1x,11430,37.601,3.00,3.00,0.0030,464,175
T-Default-1x,11431,37.603,2.79,2.78,0.0028,464,175
T-Default-1x,11432,37.606,2.82,2.80,0.0028,464,175
T-Default-1x,11433,37.609,3.03,3.01,0.0030,464,175
T-Default-1x,11434,37.612,2.76,2.79,0.0028,464,175
T-Default-1x,11435,37.615,2.91,2.90,0.0029,464,175
T-Default-1x,11436,37.618,2.90,2.89,0.0029,464,175
T-Default-1x,11437,37.621,2.80,2.80,0.0028,464,175
T-Default-1x,11438,37.624,3.03,3.01,0.0030,464,175
T-Default-1x,11439,37.627,3.18,3.19,0.0032,464,175
T-Default-1x,11440,37.630,2.99,3.00,0.0030,464,175
T-Default-1x,11441,37.633,3.30,3.30,0.0033,464,175
T-Default-1x,11442,37.636,3.22,3.21,0.0032,464,175
T-Default-1x,11443,37.639,2.76,2.79,0.0028,464,175
T-Default-1x,11444,37.642,2.82,2.79,0.0028,464,175
T-Default-1x,11445,37.645,2.78,2.80,0.0028,464,175
T-Default-1x,11446,37.648,3.01,3.01,0.0030,464,175
T-Default-1x,11447,37.651,2.98,2.99,0.0030,464,175
T-Default-1x,11448,37.654,2.95,2.91,0.0029,464,175
T-Default-1x,11449,37.656,2.89,2.89,0.0029,464,175
T-Default-1x,11450,37.659,2.87,2.89,0.0029,464,175
T-Default-1x,11451,37.662,2.72,2.71,0.0027,464,175
T-Default-1x,11452,37.665,3.06,3.00,0.0031,464,175
T-Default-1x,11453,37.668,2.83,2.89,0.0028,464,175
T-Default-1x,11454,37.671,2.68,2.69,0.0027,464,175
T-Default-1x,11455,37.674,2.97,2.91,0.0030,464,175
T-Default-1x,11456,37.676,2.85,2.90,0.0028,516,175
T-Default-1x,11457,37.679,2.62,2.59,0.0026,464,175
T-Default-1x,11458,37.682,2.99,3.01,0.0030,464,175
T-Default-1x,11459,37.685,2.90,2.90,0.0029,464,175
T-Default-1x,11460,37.688,2.80,2.80,0.0028,464,175
T-Default-1x,11461,37.691,3.11,3.10,0.0031,464,175
T-Default-1x,11462,37.694,2.79,2.80,0.0028,464,175
T-Default-1x,11463,37.696,2.69,2.69,0.0027,464,175
T-Default-1x,11464,37.699,3.11,3.10,0.0031,464,175
T-Default-1x,11465,37.702,2.93,2.90,0.0029,464,175
T-Default-1x,11466,37.705,2.76,2.79,0.0028,464,175
T-Default-1x,11467,37.708,2.90,2.90,0.0029,464,175
T-Default-1x,11468,37.711,2.49,2.49,0.0025,464,175
T-Default-1x,11469,37.713,2.60,2.60,0.0026,464,175
T-Default-1x,11470,37.717,3.46,3.42,0.0035,464,175
T-Default-1x,11471,37.720,3.41,3.39,0.0034,464,175
T-Default-1x,11472,37.723,3.38,3.39,0.0034,464,175
T-Default-1x,11473,37.727,3.50,3.50,0.0035,464,175
T-Default-1x,11474,37.730,3.54,3.51,0.0035,464,175
T-Default-1x,11475,37.734,3.56,3.59,0.0036,464,175
T-Default-1x,11476,37.738,3.54,3.50,0.0035,464,175
T-Default-1x,11477,37.741,3.35,3.39,0.0034,464,175
T-Default-1x,11478,37.744,3.33,3.30,0.0033,464,175
T-Default-1x,11479,37.748,3.49,3.50,0.0035,464,175
T-Default-1x,11480,37.751,3.59,3.60,0.0036,464,175
T-Default-1x,11481,37.755,3.40,3.40,0.0034,464,175
T-Default-1x,11482,37.758,3.49,3.51,0.0035,464,175
T-Default-1x,11483,37.761,3.28,3.20,0.0033,464,175
T-Default-1x,11484,37.764,3.03,3.10,0.0030,464,175
T-Default-1x,11485,37.768,3.11,3.09,0.0031,464,175
T-Default-1x,11486,37.771,3.30,3.30,0.0033,464,175
T-Default-1x,11487,37.774,3.12,3.09,0.0031,464,175
T-Default-1x,11488,37.777,3.27,3.29,0.0033,464,175
T-Default-1x,11489,37.781,3.31,3.31,0.0033,464,175
T-Default-1x,11490,37.784,2.99,3.00,0.0030,464,175
T-Default-1x,11491,37.786,2.71,2.69,0.0027,464,175
T-Default-1x,11492,37.789,2.88,2.90,0.0029,464,175
T-Default-1x,11493,37.792,2.88,2.90,0.0029,464,175
T-Default-1x,11494,37.795,2.72,2.71,0.0027,464,175
T-Default-1x,11495,37.798,2.91,2.89,0.0029,464,175
T-Default-1x,11496,37.801,2.90,2.91,0.0029,464,175
T-Default-1x,11497,37.803,2.67,2.68,0.0027,464,175
T-Default-1x,11498,37.806,2.71,2.72,0.0027,464,175
T-Default-1x,11499,37.809,2.90,2.89,0.0029,464,175
T-Default-1x,11500,37.812,2.72,2.70,0.0027,464,175
T-Default-1x,11501,37.814,2.90,2.90,0.0029,464,175
T-Default-1x,11502,37.817,2.89,2.89,0.0029,464,175
T-Default-1x,11503,37.820,2.70,2.70,0.0027,464,175
T-Default-1x,11504,37.823,2.81,2.80,0.0028,464,175
T-Default-1x,11505,37.826,2.90,2.91,0.0029,464,175
T-Default-1x,11506,37.829,2.79,2.79,0.0028,464,175
T-Default-1x,11507,37.832,3.04,3.02,0.0030,464,175
T-Default-1x,11508,37.834,2.87,2.89,0.0029,464,175
T-Default-1x,11509,37.837,2.89,2.89,0.0029,464,175
T-Default-1x,11510,37.840,3.05,3.01,0.0031,464,175
T-Default-1x,11511,37.843,2.86,2.90,0.0029,464,175
T-Default-1x,11512,37.846,2.69,2.69,0.0027,464,175
T-Default-1x,11513,37.849,3.14,3.11,0.0031,464,175
T-Default-1x,11514,37.852,2.76,2.78,0.0028,464,175
T-Default-1x,11515,37.855,2.71,2.71,0.0027,464,175
T-Default-1x,11516,37.858,3.11,3.10,0.0031,464,175
T-Default-1x,11517,37.860,2.78,2.79,0.0028,464,175
T-Default-1x,11518,37.863,2.63,2.61,0.0026,464,175
T-Default-1x,11519,37.866,2.99,2.99,0.0030,464,175
T-Default-1x,11520,37.869,2.69,2.70,0.0027,464,175
T-Default-1x,11521,37.871,2.74,2.69,0.0027,464,175
T-Default-1x,11522,37.875,3.19,3.21,0.0032,464,175
T-Default-1x,11523,37.877,2.70,2.69,0.0027,516,175
T-Default-1x,11524,37.880,2.69,2.69,0.0027,464,175
T-Default-1x,11525,37.883,3.00,3.00,0.0030,464,175
T-Default-1x,11526,37.886,2.80,2.80,0.0028,464,175
T-Default-1x,11527,37.889,2.68,2.70,0.0027,464,175
T-Default-1x,11528,37.891,2.94,2.90,0.0029,464,175
T-Default-1x,11529,37.894,2.67,2.69,0.0027,464,175
T-Default-1x,11530,37.897,2.82,2.81,0.0028,464,175
T-Default-1x,11531,37.900,2.98,2.99,0.0030,464,175
T-Default-1x,11532,37.902,2.50,2.50,0.0025,464,175
T-Default-1x,11533,37.905,2.72,2.70,0.0027,464,175
T-Default-1x,11534,37.908,3.11,3.10,0.0031,464,175
T-Default-1x,11535,37.911,2.68,2.69,0.0027,464,175
T-Default-1x,11536,37.914,2.69,2.70,0.0027,464,175
T-Default-1x,11537,37.916,2.69,2.68,0.0027,464,175
T-Default-1x,11538,37.919,2.53,2.51,0.0025,464,175
T-Default-1x,11539,37.922,2.81,2.80,0.0028,464,175
T-Default-1x,11540,37.925,2.99,3.00,0.0030,464,175
T-Default-1x,11541,37.927,2.61,2.60,0.0026,464,175
T-Default-1x,11542,37.930,2.56,2.58,0.0026,464,175
T-Default-1x,11543,37.933,3.24,3.22,0.0032,464,175
T-Default-1x,11544,37.936,2.77,2.79,0.0028,464,175
T-Default-1x,11545,37.938,2.60,2.59,0.0026,464,175
T-Default-1x,11546,37.941,2.91,2.90,0.0029,464,175
T-Default-1x,11547,37.944,2.59,2.61,0.0026,464,175
T-Default-1x,11548,37.947,2.72,2.71,0.0027,464,175
T-Default-1x,11549,37.950,3.01,2.99,0.0030,464,175
T-Default-1x,11550,37.952,2.81,2.80,0.0028,464,175
T-Default-1x,11551,37.955,3.00,3.00,0.0030,464,175
T-Default-1x,11552,37.959,3.18,3.18,0.0032,464,175
T-Default-1x,11553,37.961,2.77,2.71,0.0028,464,175
T-Default-1x,11554,37.964,3.00,3.08,0.0030,464,175
T-Default-1x,11555,37.967,2.63,2.61,0.0026,464,175
T-Default-1x,11556,37.970,2.76,2.78,0.0028,464,175
T-Default-1x,11557,37.973,2.92,2.90,0.0029,464,175
T-Default-1x,11558,37.976,2.93,2.91,0.0029,464,175
T-Default-1x,11559,37.978,2.77,2.79,0.0028,464,175
T-Default-1x,11560,37.981,2.82,2.80,0.0028,464,175
T-Default-1x,11561,37.984,2.89,2.89,0.0029,464,175
T-Default-1x,11562,37.987,2.81,2.80,0.0028,464,175
T-Default-1x,11563,37.990,3.09,3.08,0.0031,464,175
T-Default-1x,11564,37.993,3.18,3.14,0.0032,464,175
T-Default-1x,11565,37.997,3.27,3.28,0.0033,464,175
T-Default-1x,11566,38.000,3.26,3.29,0.0033,464,175
T-Default-1x,11567,38.003,2.90,2.89,0.0029,464,175
T-Default-1x,11568,38.006,3.06,3.02,0.0031,464,175
T-Default-1x,11569,38.009,3.15,3.19,0.0032,464,175
T-Default-1x,11570,38.012,2.77,2.78,0.0028,464,175
T-Default-1x,11571,38.015,3.15,3.11,0.0031,464,175
T-Default-1x,11572,38.018,3.26,3.09,0.0033,464,175
T-Default-1x,11573,38.021,3.20,3.40,0.0032,464,175
T-Default-1x,11574,38.024,3.11,3.09,0.0031,464,175
T-Default-1x,11575,38.027,2.99,3.01,0.0030,464,175
T-Default-1x,11576,38.030,2.90,2.90,0.0029,464,175
T-Default-1x,11577,38.033,3.20,3.21,0.0032,464,175
T-Default-1x,11578,38.036,2.71,2.70,0.0027,464,175
T-Default-1x,11579,38.039,2.78,2.79,0.0028,464,175
T-Default-1x,11580,38.042,3.01,3.00,0.0030,464,175
T-Default-1x,11581,38.045,3.36,3.30,0.0034,464,175
T-Default-1x,11582,38.049,3.21,3.20,0.0032,464,175
T-Default-1x,11583,38.052,3.14,3.18,0.0031,464,175
T-Default-1x,11584,38.055,2.89,2.90,0.0029,464,175
T-Default-1x,11585,38.058,3.03,3.00,0.0030,464,175
T-Default-1x,11586,38.061,2.97,2.99,0.0030,464,175
T-Default-1x,11587,38.063,2.68,2.69,0.0027,464,175
T-Default-1x,11588,38.066,2.80,2.80,0.0028,464,175
T-Default-1x,11589,38.069,2.70,2.69,0.0027,464,175
T-Default-1x,11590,38.072,2.92,2.92,0.0029,464,175
T-Default-1x,11591,38.075,3.23,3.20,0.0032,464,175
T-Default-1x,11592,38.078,2.75,2.78,0.0028,516,175
T-Default-1x,11593,38.080,2.80,2.81,0.0028,464,175
T-Default-1x,11594,38.083,2.83,2.81,0.0028,464,175
T-Default-1x,11595,38.086,2.78,2.78,0.0028,464,175
T-Default-1x,11596,38.089,2.92,2.90,0.0029,464,175
T-Default-1x,11597,38.092,3.20,3.20,0.0032,464,175
T-Default-1x,11598,38.096,3.48,3.49,0.0035,464,175
T-Default-1x,11599,38.099,3.79,3.74,0.0038,464,175
T-Default-1x,11600,38.103,3.33,3.37,0.0033,464,175
T-Default-1x,11601,38.106,3.00,3.00,0.0030,464,175
T-Default-1x,11602,38.109,3.17,3.18,0.0032,464,175
T-Default-1x,11603,38.112,3.05,3.01,0.0031,464,175
T-Default-1x,11604,38.115,3.14,3.10,0.0031,464,175
T-Default-1x,11605,38.118,3.04,3.09,0.0030,464,175
T-Default-1x,11606,38.121,2.69,2.69,0.0027,464,175
T-Default-1x,11607,38.124,3.17,3.11,0.0032,464,175
T-Default-1x,11608,38.127,2.82,2.89,0.0028,464,175
T-Default-1x,11609,38.130,2.91,2.90,0.0029,464,175
T-Default-1x,11610,38.133,3.08,3.10,0.0031,464,175
T-Default-1x,11611,38.136,2.85,2.81,0.0029,464,175
T-Default-1x,11612,38.139,2.85,2.88,0.0029,464,175
T-Default-1x,11613,38.142,3.02,3.01,0.0030,464,175
T-Default-1x,11614,38.144,2.80,2.79,0.0028,464,175
T-Default-1x,11615,38.147,2.89,2.90,0.0029,464,175
T-Default-1x,11616,38.150,2.98,2.99,0.0030,464,175
T-Default-1x,11617,38.153,2.60,2.59,0.0026,464,175
T-Default-1x,11618,38.156,2.81,2.80,0.0028,464,175
T-Default-1x,11619,38.159,3.00,3.00,0.0030,464,175
T-Default-1x,11620,38.162,3.07,3.02,0.0031,464,175
T-Default-1x,11621,38.165,3.28,3.28,0.0033,464,175
T-Default-1x,11622,38.168,3.19,3.19,0.0032,464,175
T-Default-1x,11623,38.172,3.37,3.40,0.0034,464,175
T-Default-1x,11624,38.175,3.13,3.10,0.0031,464,175
T-Default-1x,11625,38.178,3.07,3.08,0.0031,464,175
T-Default-1x,11626,38.181,3.53,3.51,0.0035,464,175
T-Default-1x,11627,38.184,3.16,3.19,0.0032,464,175
T-Default-1x,11628,38.188,3.15,3.10,0.0032,464,175
T-Default-1x,11629,38.191,3.30,3.31,0.0033,464,175
T-Default-1x,11630,38.194,2.99,2.98,0.0030,464,175
T-Default-1x,11631,38.197,2.87,2.89,0.0029,464,175
T-Default-1x,11632,38.200,3.03,3.01,0.0030,464,175
T-Default-1x,11633,38.203,2.76,2.79,0.0028,464,175
T-Default-1x,11634,38.205,2.69,2.69,0.0027,464,175
T-Default-1x,11635,38.208,3.04,3.01,0.0030,464,175
T-Default-1x,11636,38.211,2.67,2.69,0.0027,464,175
T-Default-1x,11637,38.214,2.83,2.81,0.0028,464,175
T-Default-1x,11638,38.217,3.00,3.00,0.0030,464,175
T-Default-1x,11639,38.219,2.68,2.70,0.0027,464,175
T-Default-1x,11640,38.222,2.80,2.79,0.0028,464,175
T-Default-1x,11641,38.225,3.01,3.00,0.0030,464,175
T-Default-1x,11642,38.228,3.21,3.21,0.0032,464,175
T-Default-1x,11643,38.232,3.12,3.10,0.0031,464,175
T-Default-1x,11644,38.235,3.10,3.11,0.0031,464,175
T-Default-1x,11645,38.238,2.87,2.89,0.0029,464,175
T-Default-1x,11646,38.241,3.25,3.21,0.0033,464,175
T-Default-1x,11647,38.244,3.09,3.09,0.0031,464,175
T-Default-1x,11648,38.247,3.48,3.49,0.0035,464,175
T-Default-1x,11649,38.250,3.08,3.10,0.0031,464,175
T-Default-1x,11650,38.254,3.10,3.09,0.0031,464,175
T-Default-1x,11651,38.257,2.98,3.01,0.0030,464,175
T-Default-1x,11652,38.260,3.05,3.00,0.0031,464,175
T-Default-1x,11653,38.263,3.09,3.09,0.0031,464,175
T-Default-1x,11654,38.266,3.18,3.20,0.0032,464,175
T-Default-1x,11655,38.269,2.82,2.84,0.0028,464,175
T-Default-1x,11656,38.272,2.88,2.86,0.0029,464,175
T-Default-1x,11657,38.275,3.10,3.10,0.0031,464,175
T-Default-1x,11658,38.278,2.99,3.00,0.0030,464,175
T-Default-1x,11659,38.280,2.80,2.80,0.0028,516,175
T-Default-1x,11660,38.283,3.02,3.00,0.0030,464,175
T-Default-1x,11661,38.286,2.99,3.01,0.0030,464,175
T-Default-1x,11662,38.289,2.78,2.77,0.0028,464,175
T-Default-1x,11663,38.292,3.02,3.01,0.0030,464,175
T-Default-1x,11664,38.295,3.01,3.00,0.0030,464,175
T-Default-1x,11665,38.298,2.81,2.79,0.0028,464,175
T-Default-1x,11666,38.301,2.98,3.00,0.0030,464,175
T-Default-1x,11667,38.304,2.91,2.90,0.0029,464,175
T-Default-1x,11668,38.307,3.03,3.00,0.0030,464,175
T-Default-1x,11669,38.310,2.95,2.98,0.0029,464,175
T-Default-1x,11670,38.313,2.75,2.71,0.0027,464,175
T-Default-1x,11671,38.316,3.07,3.08,0.0031,464,175
T-Default-1x,11672,38.319,2.95,2.97,0.0030,464,175
T-Default-1x,11673,38.321,2.55,2.53,0.0026,464,175
T-Default-1x,11674,38.324,2.97,2.99,0.0030,464,175
T-Default-1x,11675,38.327,2.74,2.72,0.0027,464,175
T-Default-1x,11676,38.330,2.68,2.68,0.0027,464,175
T-Default-1x,11677,38.333,3.10,3.10,0.0031,464,175
T-Default-1x,11678,38.336,2.80,2.80,0.0028,464,175
T-Default-1x,11679,38.338,2.59,2.59,0.0026,464,175
T-Default-1x,11680,38.341,3.01,3.00,0.0030,464,175
T-Default-1x,11681,38.344,2.82,2.81,0.0028,464,175
T-Default-1x,11682,38.347,2.67,2.68,0.0027,464,175
T-Default-1x,11683,38.350,2.90,2.90,0.0029,464,175
T-Default-1x,11684,38.353,3.01,3.00,0.0030,464,175
T-Default-1x,11685,38.355,2.82,2.82,0.0028,464,175
T-Default-1x,11686,38.358,2.98,2.97,0.0030,464,175
T-Default-1x,11687,38.361,2.73,2.71,0.0027,464,175
T-Default-1x,11688,38.364,2.80,2.79,0.0028,464,175
T-Default-1x,11689,38.367,3.07,3.09,0.0031,464,175
T-Default-1x,11690,38.370,2.60,2.60,0.0026,464,175
T-Default-1x,11691,38.372,2.73,2.72,0.0027,464,175
T-Default-1x,11692,38.375,2.99,2.99,0.0030,464,175
T-Default-1x,11693,38.378,2.59,2.59,0.0026,464,175
T-Default-1x,11694,38.381,2.68,2.70,0.0027,464,175
T-Default-1x,11695,38.383,2.81,2.80,0.0028,464,175
T-Default-1x,11696,38.386,2.60,2.60,0.0026,464,175
T-Default-1x,11697,38.389,2.90,2.90,0.0029,464,175
T-Default-1x,11698,38.392,3.01,3.01,0.0030,464,175
T-Default-1x,11699,38.395,2.79,2.79,0.0028,464,175
T-Default-1x,11700,38.397,2.60,2.60,0.0026,464,175
T-Default-1x,11701,38.400,2.89,2.89,0.0029,464,175
T-Default-1x,11702,38.403,2.61,2.60,0.0026,464,175
T-Default-1x,11703,38.406,2.82,2.80,0.0028,464,175
T-Default-1x,11704,38.409,2.97,2.99,0.0030,464,175
T-Default-1x,11705,38.411,2.73,2.72,0.0027,464,175
T-Default-1x,11706,38.414,2.77,2.77,0.0028,464,175
T-Default-1x,11707,38.417,3.01,3.01,0.0030,464,175
T-Default-1x,11708,38.420,2.69,2.69,0.0027,464,175
T-Default-1x,11709,38.422,2.61,2.61,0.0026,464,175
T-Default-1x,11710,38.425,2.80,2.79,0.0028,464,175
T-Default-1x,11711,38.428,2.58,2.59,0.0026,464,175
T-Default-1x,11712,38.430,2.74,2.71,0.0027,464,175
T-Default-1x,11713,38.434,3.08,3.10,0.0031,464,175
T-Default-1x,11714,38.436,2.69,2.70,0.0027,464,175
T-Default-1x,11715,38.439,2.71,2.70,0.0027,464,175
T-Default-1x,11716,38.442,3.02,3.01,0.0030,464,175
T-Default-1x,11717,38.445,2.70,2.70,0.0027,464,175
T-Default-1x,11718,38.447,2.79,2.79,0.0028,464,175
T-Default-1x,11719,38.450,2.92,2.91,0.0029,464,175
T-Default-1x,11720,38.453,2.89,2.89,0.0029,464,175
T-Default-1x,11721,38.456,2.67,2.69,0.0027,464,175
T-Default-1x,11722,38.459,2.93,2.92,0.0029,464,175
T-Default-1x,11723,38.462,2.90,2.89,0.0029,464,175
T-Default-1x,11724,38.465,3.03,3.01,0.0030,464,175
T-Default-1x,11725,38.468,2.88,2.90,0.0029,464,175
T-Default-1x,11726,38.471,2.89,2.87,0.0029,464,175
T-Default-1x,11727,38.474,3.16,3.12,0.0032,464,175
T-Default-1x,11728,38.477,3.26,3.29,0.0033,464,175
T-Default-1x,11729,38.480,2.91,2.90,0.0029,464,175
T-Default-1x,11730,38.483,3.07,3.10,0.0031,516,175
T-Default-1x,11731,38.486,2.81,2.80,0.0028,464,175
T-Default-1x,11732,38.489,2.79,2.79,0.0028,464,175
T-Default-1x,11733,38.491,2.89,2.89,0.0029,464,175
T-Default-1x,11734,38.494,2.94,2.91,0.0029,464,175
T-Default-1x,11735,38.498,3.12,3.10,0.0031,464,175
T-Default-1x,11736,38.501,3.17,3.21,0.0032,464,175
T-Default-1x,11737,38.503,2.80,2.78,0.0028,464,175
T-Default-1x,11738,38.506,2.68,2.70,0.0027,464,175
T-Default-1x,11739,38.509,3.00,3.00,0.0030,464,175
T-Default-1x,11740,38.512,2.93,2.90,0.0029,464,175
T-Default-1x,11741,38.515,3.22,3.21,0.0032,464,175
T-Default-1x,11742,38.518,2.84,2.89,0.0028,464,175
T-Default-1x,11743,38.521,2.80,2.80,0.0028,464,175
T-Default-1x,11744,38.524,3.11,3.10,0.0031,464,175
T-Default-1x,11745,38.527,2.92,2.90,0.0029,464,175
T-Default-1x,11746,38.530,2.67,2.69,0.0027,464,175
T-Default-1x,11747,38.533,3.01,3.01,0.0030,464,175
T-Default-1x,11748,38.535,2.81,2.79,0.0028,464,175
T-Default-1x,11749,38.538,2.79,2.80,0.0028,464,175
T-Default-1x,11750,38.541,3.01,3.00,0.0030,464,175
T-Default-1x,11751,38.544,2.67,2.69,0.0027,464,175
T-Default-1x,11752,38.547,2.71,2.70,0.0027,464,175
T-Default-1x,11753,38.550,3.18,3.19,0.0032,464,175
T-Default-1x,11754,38.552,2.61,2.60,0.0026,464,175
T-Default-1x,11755,38.555,2.51,2.50,0.0025,464,175
T-Default-1x,11756,38.558,3.01,3.00,0.0030,464,175
T-Default-1x,11757,38.561,2.79,2.79,0.0028,464,175
T-Default-1x,11758,38.563,2.70,2.70,0.0027,464,175
T-Default-1x,11759,38.566,2.90,2.89,0.0029,464,175
T-Default-1x,11760,38.569,2.90,2.89,0.0029,464,175
T-Default-1x,11761,38.572,2.79,2.81,0.0028,464,175
T-Default-1x,11762,38.575,3.14,3.11,0.0031,464,175
T-Default-1x,11763,38.578,2.75,2.78,0.0028,464,175
T-Default-1x,11764,38.581,2.61,2.61,0.0026,464,175
T-Default-1x,11765,38.583,2.80,2.80,0.0028,464,175
T-Default-1x,11766,38.586,2.80,2.80,0.0028,464,175
T-Default-1x,11767,38.589,2.82,2.80,0.0028,464,175
T-Default-1x,11768,38.592,3.18,3.19,0.0032,464,175
T-Default-1x,11769,38.595,3.12,3.10,0.0031,464,175
T-Default-1x,11770,38.598,3.00,3.01,0.0030,464,175
T-Default-1x,11771,38.601,3.11,3.09,0.0031,464,175
T-Default-1x,11772,38.604,2.98,3.00,0.0030,464,175
T-Default-1x,11773,38.607,3.10,3.10,0.0031,464,175
T-Default-1x,11774,38.610,2.89,2.89,0.0029,464,175
T-Default-1x,11775,38.613,2.58,2.59,0.0026,464,175
T-Default-1x,11776,38.616,2.96,2.91,0.0030,464,175
T-Default-1x,11777,38.619,2.80,2.83,0.0028,464,175
T-Default-1x,11778,38.621,2.67,2.66,0.0027,464,175
T-Default-1x,11779,38.624,3.00,2.99,0.0030,464,175
T-Default-1x,11780,38.627,2.71,2.71,0.0027,464,175
T-Default-1x,11781,38.630,2.61,2.60,0.0026,464,175
T-Default-1x,11782,38.633,2.99,2.99,0.0030,464,175
T-Default-1x,11783,38.636,2.91,2.90,0.0029,464,175
T-Default-1x,11784,38.638,2.66,2.69,0.0027,464,175
T-Default-1x,11785,38.641,3.13,3.12,0.0031,464,175
T-Default-1x,11786,38.644,2.89,2.89,0.0029,464,175
T-Default-1x,11787,38.647,2.59,2.59,0.0026,464,175
T-Default-1x,11788,38.650,2.93,2.91,0.0029,464,175
T-Default-1x,11789,38.652,2.67,2.68,0.0027,464,175
T-Default-1x,11790,38.655,2.80,2.80,0.0028,464,175
T-Default-1x,11791,38.658,3.11,3.10,0.0031,464,175
T-Default-1x,11792,38.661,2.79,2.80,0.0028,464,175
T-Default-1x,11793,38.664,2.79,2.80,0.0028,464,175
T-Default-1x,11794,38.667,2.82,2.80,0.0028,464,175
T-Default-1x,11795,38.669,2.68,2.69,0.0027,464,175
T-Default-1x,11796,38.672,2.81,2.80,0.0028,464,175
T-Default-1x,11797,38.675,3.00,3.00,0.0030,464,175
T-Default-1x,11798,38.678,2.63,2.60,0.0026,464,175
T-Default-1x,11799,38.681,2.82,2.80,0.0028,464,175
T-Default-1x,11800,38.684,3.26,3.30,0.0033,516,175
T-Default-1x,11801,38.687,2.81,2.79,0.0028,464,175
T-Default-1x,11802,38.690,2.91,2.90,0.0029,464,175
T-Default-1x,11803,38.693,2.87,2.90,0.0029,464,175
T-Default-1x,11804,38.695,2.81,2.80,0.0028,464,175
T-Default-1x,11805,38.698,2.92,2.90,0.0029,464,175
T-Default-1x,11806,38.701,2.88,2.90,0.0029,464,175
T-Default-1x,11807,38.704,2.73,2.70,0.0027,464,175
T-Default-1x,11808,38.707,2.88,2.89,0.0029,464,175
T-Default-1x,11809,38.710,2.78,2.79,0.0028,464,175
T-Default-1x,11810,38.712,2.93,2.90,0.0029,464,175
T-Default-1x,11811,38.716,3.31,3.30,0.0033,464,175
T-Default-1x,11812,38.719,2.94,2.95,0.0029,464,175
T-Default-1x,11813,38.722,3.67,3.63,0.0037,464,175
T-Default-1x,11814,38.726,3.47,3.51,0.0035,464,175
T-Default-1x,11815,38.729,3.11,3.10,0.0031,464,175
T-Default-1x,11816,38.732,2.79,2.81,0.0028,464,175
T-Default-1x,11817,38.735,2.98,2.98,0.0030,464,175
T-Default-1x,11818,38.738,2.93,2.90,0.0029,464,175
T-Default-1x,11819,38.741,3.38,3.40,0.0034,464,175
T-Default-1x,11820,38.744,2.80,2.80,0.0028,464,175
T-Default-1x,11821,38.747,2.71,2.69,0.0027,464,175
T-Default-1x,11822,38.750,3.18,3.20,0.0032,464,175
T-Default-1x,11823,38.753,2.91,2.91,0.0029,464,175
T-Default-1x,11824,38.755,2.57,2.58,0.0026,464,175
T-Default-1x,11825,38.758,3.02,3.00,0.0030,464,175
T-Default-1x,11826,38.761,2.79,2.80,0.0028,464,175
T-Default-1x,11827,38.764,2.80,2.80,0.0028,464,175
T-Default-1x,11828,38.767,3.11,3.09,0.0031,464,175
T-Default-1x,11829,38.770,3.06,3.09,0.0031,464,175
T-Default-1x,11830,38.773,3.05,3.02,0.0030,464,175
T-Default-1x,11831,38.776,3.09,3.09,0.0031,464,175
T-Default-1x,11832,38.779,3.10,3.10,0.0031,464,175
T-Default-1x,11833,38.782,3.21,3.20,0.0032,464,175
T-Default-1x,11834,38.785,2.68,2.70,0.0027,464,175
T-Default-1x,11835,38.788,2.68,2.68,0.0027,464,175
T-Default-1x,11836,38.791,3.03,3.02,0.0030,464,175
T-Default-1x,11837,38.794,2.68,2.68,0.0027,464,175
T-Default-1x,11838,38.796,2.61,2.61,0.0026,464,175
T-Default-1x,11839,38.799,3.01,3.00,0.0030,464,175
T-Default-1x,11840,38.802,2.68,2.69,0.0027,464,175
T-Default-1x,11841,38.805,2.71,2.71,0.0027,464,175
T-Default-1x,11842,38.808,3.01,2.98,0.0030,464,175
T-Default-1x,11843,38.810,2.79,2.81,0.0028,464,175
T-Default-1x,11844,38.813,2.70,2.71,0.0027,464,175
T-Default-1x,11845,38.816,3.09,3.09,0.0031,464,175
T-Default-1x,11846,38.819,2.58,2.59,0.0026,464,175
T-Default-1x,11847,38.821,2.59,2.60,0.0026,464,175
T-Default-1x,11848,38.824,2.93,2.91,0.0029,464,175
T-Default-1x,11849,38.827,2.70,2.71,0.0027,464,175
T-Default-1x,11850,38.830,2.70,2.69,0.0027,464,175
T-Default-1x,11851,38.833,3.42,3.39,0.0034,464,175
T-Default-1x,11852,38.836,2.98,3.00,0.0030,464,175
T-Default-1x,11853,38.839,2.77,2.79,0.0028,464,175
T-Default-1x,11854,38.842,3.04,3.01,0.0030,464,175
T-Default-1x,11855,38.845,3.01,3.02,0.0030,464,175
T-Default-1x,11856,38.848,2.90,2.88,0.0029,464,175
T-Default-1x,11857,38.851,3.08,3.08,0.0031,464,175
T-Default-1x,11858,38.854,2.87,2.90,0.0029,464,175
T-Default-1x,11859,38.857,2.90,2.84,0.0029,464,175
T-Default-1x,11860,38.859,2.82,2.86,0.0028,464,175
T-Default-1x,11861,38.862,2.71,2.70,0.0027,464,175
T-Default-1x,11862,38.865,2.92,2.90,0.0029,464,175
T-Default-1x,11863,38.868,2.98,3.00,0.0030,464,175
T-Default-1x,11864,38.871,2.79,2.80,0.0028,464,175
T-Default-1x,11865,38.874,3.05,3.01,0.0031,464,175
T-Default-1x,11866,38.877,2.85,2.89,0.0029,464,175
T-Default-1x,11867,38.879,2.68,2.69,0.0027,464,175
T-Default-1x,11868,38.882,3.03,3.01,0.0030,464,175
T-Default-1x,11869,38.885,2.77,2.79,0.0028,516,175
T-Default-1x,11870,38.888,2.59,2.59,0.0026,464,175
T-Default-1x,11871,38.891,3.14,3.11,0.0031,464,175
T-Default-1x,11872,38.894,2.76,2.79,0.0028,464,175
T-Default-1x,11873,38.896,2.60,2.60,0.0026,464,175
T-Default-1x,11874,38.899,3.01,3.00,0.0030,464,175
T-Default-1x,11875,38.902,2.70,2.70,0.0027,464,175
T-Default-1x,11876,38.905,2.71,2.71,0.0027,464,175
T-Default-1x,11877,38.908,3.11,3.09,0.0031,464,175
T-Default-1x,11878,38.911,2.78,2.79,0.0028,464,175
T-Default-1x,11879,38.913,2.69,2.71,0.0027,464,175
T-Default-1x,11880,38.916,3.00,2.99,0.0030,464,175
T-Default-1x,11881,38.919,2.69,2.70,0.0027,464,175
T-Default-1x,11882,38.922,2.63,2.61,0.0026,464,175
T-Default-1x,11883,38.925,3.08,3.09,0.0031,464,175
T-Default-1x,11884,38.927,2.69,2.69,0.0027,464,175
T-Default-1x,11885,38.930,2.60,2.60,0.0026,464,175
T-Default-1x,11886,38.933,2.90,2.90,0.0029,464,175
T-Default-1x,11887,38.936,2.71,2.70,0.0027,464,175
T-Default-1x,11888,38.938,2.81,2.80,0.0028,464,175
T-Default-1x,11889,38.942,3.10,3.10,0.0031,464,175
T-Default-1x,11890,38.944,2.79,2.80,0.0028,464,175
T-Default-1x,11891,38.947,2.70,2.70,0.0027,464,175
T-Default-1x,11892,38.950,2.90,2.90,0.0029,464,175
T-Default-1x,11893,38.953,3.23,3.20,0.0032,464,175
T-Default-1x,11894,38.956,2.87,2.90,0.0029,464,175
T-Default-1x,11895,38.959,3.01,3.00,0.0030,464,175
T-Default-1x,11896,38.963,3.47,3.41,0.0035,464,175
T-Default-1x,11897,38.966,3.31,3.30,0.0033,464,175
T-Default-1x,11898,38.969,2.90,2.98,0.0029,464,175
T-Default-1x,11899,38.972,2.92,2.90,0.0029,464,175
T-Default-1x,11900,38.975,3.05,3.00,0.0030,464,175
T-Default-1x,11901,38.978,2.96,2.99,0.0030,464,175
T-Default-1x,11902,38.981,3.00,3.01,0.0030,464,175
T-Default-1x,11903,38.984,3.18,3.19,0.0032,464,175
T-Default-1x,11904,38.987,2.88,2.89,0.0029,464,175
T-Default-1x,11905,38.990,2.84,2.82,0.0028,464,175
T-Default-1x,11906,38.993,2.97,2.99,0.0030,464,175
T-Default-1x,11907,38.995,2.92,2.90,0.0029,464,175
T-Default-1x,11908,38.999,3.03,3.01,0.0030,464,175
T-Default-1x,11909,39.001,2.95,2.98,0.0030,464,175
T-Default-1x,11910,39.004,2.99,2.99,0.0030,464,175
T-Default-1x,11911,39.008,3.12,3.10,0.0031,464,175
T-Default-1x,11912,39.010,2.82,2.81,0.0028,464,175
T-Default-1x,11913,39.013,2.70,2.69,0.0027,464,175
T-Default-1x,11914,39.016,3.10,3.11,0.0031,464,175
T-Default-1x,11915,39.019,2.79,2.79,0.0028,464,175
T-Default-1x,11916,39.022,2.67,2.70,0.0027,464,175
T-Default-1x,11917,39.025,3.32,3.31,0.0033,464,175
T-Default-1x,11918,39.028,2.77,2.79,0.0028,464,175
T-Default-1x,11919,39.030,2.60,2.60,0.0026,464,175
T-Default-1x,11920,39.033,3.02,3.01,0.0030,464,175
T-Default-1x,11921,39.036,2.90,2.90,0.0029,464,175
T-Default-1x,11922,39.039,2.78,2.79,0.0028,464,175
T-Default-1x,11923,39.042,3.01,3.01,0.0030,464,175
T-Default-1x,11924,39.045,2.89,2.90,0.0029,464,175
T-Default-1x,11925,39.048,2.81,2.80,0.0028,464,175
T-Default-1x,11926,39.051,3.01,3.01,0.0030,464,175
T-Default-1x,11927,39.054,2.88,2.88,0.0029,464,175
T-Default-1x,11928,39.057,2.92,2.90,0.0029,464,175
T-Default-1x,11929,39.059,2.88,2.90,0.0029,464,175
T-Default-1x,11930,39.062,2.69,2.69,0.0027,464,175
T-Default-1x,11931,39.065,3.04,3.01,0.0030,464,175
T-Default-1x,11932,39.068,2.98,3.00,0.0030,464,175
T-Default-1x,11933,39.071,2.87,2.89,0.0029,464,175
T-Default-1x,11934,39.074,3.25,3.21,0.0033,464,175
T-Default-1x,11935,39.077,2.87,2.90,0.0029,464,175
T-Default-1x,11936,39.081,3.34,3.30,0.0033,464,175
T-Default-1x,11937,39.084,3.26,3.30,0.0033,464,175
T-Default-1x,11938,39.087,3.27,3.20,0.0033,516,175
T-Default-1x,11939,39.090,2.83,2.89,0.0028,464,175
T-Default-1x,11940,39.093,3.21,3.21,0.0032,464,175
T-Default-1x,11941,39.096,3.21,3.19,0.0032,464,175
T-Default-1x,11942,39.099,3.19,3.20,0.0032,464,175
T-Default-1x,11943,39.102,2.91,2.90,0.0029,464,175
T-Default-1x,11944,39.105,2.68,2.68,0.0027,464,175
T-Default-1x,11945,39.108,3.11,3.11,0.0031,464,175
T-Default-1x,11946,39.111,2.87,2.89,0.0029,464,175
T-Default-1x,11947,39.114,2.71,2.69,0.0027,464,175
T-Default-1x,11948,39.117,3.01,3.01,0.0030,464,175
T-Default-1x,11949,39.119,2.68,2.68,0.0027,464,175
T-Default-1x,11950,39.122,2.91,2.91,0.0029,464,175
T-Default-1x,11951,39.125,3.10,3.09,0.0031,464,175
T-Default-1x,11952,39.129,3.35,3.31,0.0034,464,175
T-Default-1x,11953,39.132,3.17,3.19,0.0032,464,175
T-Default-1x,11954,39.135,3.10,3.10,0.0031,464,175
T-Default-1x,11955,39.138,2.97,3.00,0.0030,464,175
T-Default-1x,11956,39.141,2.82,2.80,0.0028,464,175
T-Default-1x,11957,39.144,3.09,3.10,0.0031,464,175
T-Default-1x,11958,39.147,3.33,3.30,0.0033,464,175
T-Default-1x,11959,39.150,3.09,3.09,0.0031,464,175
T-Default-1x,11960,39.153,2.83,2.82,0.0028,464,175
T-Default-1x,11961,39.156,3.00,2.98,0.0030,464,175
T-Default-1x,11962,39.159,2.95,3.00,0.0030,464,175
T-Default-1x,11963,39.162,2.91,2.89,0.0029,464,175
T-Default-1x,11964,39.165,3.13,3.11,0.0031,464,175
T-Default-1x,11965,39.168,2.88,2.90,0.0029,464,175
T-Default-1x,11966,39.171,2.79,2.80,0.0028,464,175
T-Default-1x,11967,39.174,3.26,3.20,0.0033,464,175
T-Default-1x,11968,39.177,3.18,3.19,0.0032,464,175
T-Default-1x,11969,39.180,3.08,3.09,0.0031,464,175
T-Default-1x,11970,39.184,3.27,3.29,0.0033,464,175
T-Default-1x,11971,39.187,3.03,3.00,0.0030,464,175
T-Default-1x,11972,39.190,3.08,3.10,0.0031,464,175
T-Default-1x,11973,39.193,3.09,3.09,0.0031,464,175
T-Default-1x,11974,39.196,3.24,3.21,0.0032,464,175
T-Default-1x,11975,39.199,3.27,3.28,0.0033,464,175
T-Default-1x,11976,39.202,2.90,2.91,0.0029,464,175
T-Default-1x,11977,39.205,3.21,3.20,0.0032,464,175
T-Default-1x,11978,39.209,3.40,3.40,0.0034,464,175
T-Default-1x,11979,39.212,2.86,2.89,0.0029,464,175
T-Default-1x,11980,39.215,2.86,2.81,0.0029,464,175
T-Default-1x,11981,39.218,2.96,2.98,0.0030,464,175
T-Default-1x,11982,39.220,2.81,2.80,0.0028,464,175
T-Default-1x,11983,39.223,2.91,2.90,0.0029,464,175
T-Default-1x,11984,39.226,2.99,3.00,0.0030,464,175
T-Default-1x,11985,39.229,2.98,3.00,0.0030,464,175
T-Default-1x,11986,39.232,3.15,3.11,0.0031,464,175
T-Default-1x,11987,39.235,2.94,2.91,0.0029,464,175
T-Default-1x,11988,39.238,2.83,2.88,0.0028,464,175
T-Default-1x,11989,39.241,3.12,3.10,0.0031,464,175
T-Default-1x,11990,39.244,3.19,3.19,0.0032,464,175
T-Default-1x,11991,39.248,3.29,3.30,0.0033,464,175
T-Default-1x,11992,39.251,3.20,3.20,0.0032,464,175
T-Default-1x,11993,39.254,3.12,3.11,0.0031,464,175
T-Default-1x,11994,39.257,2.97,2.99,0.0030,464,175
T-Default-1x,11995,39.260,3.03,3.00,0.0030,464,175
T-Default-1x,11996,39.263,3.00,2.99,0.0030,464,175
T-Default-1x,11997,39.266,3.08,3.10,0.0031,464,175
T-Default-1x,11998,39.269,2.69,2.70,0.0027,464,175
T-Default-1x,11999,39.272,2.72,2.69,0.0027,464,175
T-Default-1x,12000,39.275,2.99,3.00,0.0030,464,175
T-Default-1x,12001,39.277,2.79,2.80,0.0028,464,175
T-Default-1x,12002,39.280,2.60,2.60,0.0026,464,175
T-Default-1x,12003,39.283,2.93,2.91,0.0029,464,175
T-Default-1x,12004,39.285,2.57,2.58,0.0026,464,175
T-Default-1x,12005,39.288,2.61,2.61,0.0026,516,175
T-Default-1x,12006,39.291,3.01,3.01,0.0030,464,175
T-Default-1x,12007,39.294,2.83,2.80,0.0028,464,175
T-Default-1x,12008,39.297,2.65,2.68,0.0026,464,175
T-Default-1x,12009,39.300,3.13,3.11,0.0031,464,175
T-Default-1x,12010,39.303,2.89,2.89,0.0029,464,175
T-Default-1x,12011,39.306,2.99,3.00,0.0030,464,175
T-Default-1x,12012,39.308,2.91,2.89,0.0029,464,175
T-Default-1x,12013,39.312,3.14,3.10,0.0031,464,175
T-Default-1x,12014,39.315,3.21,3.20,0.0032,464,175
T-Default-1x,12015,39.318,2.96,2.99,0.0030,464,175
T-Default-1x,12016,39.321,3.00,2.99,0.0030,464,175
T-Default-1x,12017,39.324,3.24,3.20,0.0032,464,175
T-Default-1x,12018,39.327,2.85,2.90,0.0029,464,175
T-Default-1x,12019,39.330,2.78,2.79,0.0028,464,175
T-Default-1x,12020,39.333,3.05,3.02,0.0030,464,175
T-Default-1x,12021,39.336,3.00,3.01,0.0030,464,175
T-Default-1x,12022,39.338,2.77,2.78,0.0028,464,175
T-Default-1x,12023,39.342,3.23,3.20,0.0032,464,175
T-Default-1x,12024,39.345,2.98,2.99,0.0030,464,175
T-Default-1x,12025,39.347,2.68,2.69,0.0027,464,175
T-Default-1x,12026,39.350,3.02,3.00,0.0030,464,175
T-Default-1x,12027,39.353,2.82,2.81,0.0028,464,175
T-Default-1x,12028,39.356,2.89,2.89,0.0029,464,175
T-Default-1x,12029,39.359,3.20,3.21,0.0032,464,175
T-Default-1x,12030,39.362,2.90,2.88,0.0029,464,175
T-Default-1x,12031,39.365,3.02,3.01,0.0030,464,175
T-Default-1x,12032,39.368,2.87,2.89,0.0029,464,175
T-Default-1x,12033,39.371,2.69,2.70,0.0027,464,175
T-Default-1x,12034,39.374,3.06,3.03,0.0031,464,175
T-Default-1x,12035,39.376,2.65,2.66,0.0026,464,175
T-Default-1x,12036,39.379,2.60,2.60,0.0026,464,175
T-Default-1x,12037,39.382,3.12,3.11,0.0031,464,175
T-Default-1x,12038,39.385,2.69,2.70,0.0027,464,175
T-Default-1x,12039,39.388,2.78,2.78,0.0028,464,175
T-Default-1x,12040,39.391,3.10,3.10,0.0031,464,175
T-Default-1x,12041,39.394,2.81,2.81,0.0028,464,175
T-Default-1x,12042,39.396,2.69,2.70,0.0027,464,175
T-Default-1x,12043,39.399,3.00,2.99,0.0030,464,175
T-Default-1x,12044,39.402,2.69,2.70,0.0027,464,175
T-Default-1x,12045,39.405,2.73,2.71,0.0027,464,175
T-Default-1x,12046,39.408,3.21,3.20,0.0032,464,175
T-Default-1x,12047,39.411,3.33,3.30,0.0033,464,175
T-Default-1x,12048,39.415,3.42,3.40,0.0034,464,175
T-Default-1x,12049,39.418,3.14,3.19,0.0031,464,175
T-Default-1x,12050,39.421,3.20,3.20,0.0032,464,175
T-Default-1x,12051,39.424,2.91,2.90,0.0029,464,175
T-Default-1x,12052,39.427,3.00,3.01,0.0030,464,175
T-Default-1x,12053,39.430,3.00,2.99,0.0030,464,175
T-Default-1x,12054,39.433,3.60,3.60,0.0036,464,175
T-Default-1x,12055,39.437,3.14,3.10,0.0031,464,175
T-Default-1x,12056,39.440,3.30,3.29,0.0033,464,175
T-Default-1x,12057,39.443,3.06,3.08,0.0031,464,175
T-Default-1x,12058,39.446,2.99,3.01,0.0030,464,175
T-Default-1x,12059,39.449,3.11,3.10,0.0031,464,175
T-Default-1x,12060,39.452,2.88,2.90,0.0029,464,175
T-Default-1x,12061,39.455,3.00,3.00,0.0030,464,175
T-Default-1x,12062,39.458,3.11,3.10,0.0031,464,175
T-Default-1x,12063,39.461,2.91,2.90,0.0029,464,175
T-Default-1x,12064,39.464,2.67,2.70,0.0027,464,175
T-Default-1x,12065,39.467,2.92,2.90,0.0029,464,175
T-Default-1x,12066,39.469,2.88,2.89,0.0029,464,175
T-Default-1x,12067,39.472,2.92,2.91,0.0029,464,175
T-Default-1x,12068,39.475,3.01,3.00,0.0030,464,175
T-Default-1x,12069,39.478,2.79,2.79,0.0028,464,175
T-Default-1x,12070,39.481,2.97,2.91,0.0030,464,175
T-Default-1x,12071,39.484,2.92,2.98,0.0029,464,175
T-Default-1x,12072,39.487,2.81,2.80,0.0028,464,175
T-Default-1x,12073,39.490,3.01,3.00,0.0030,516,175
T-Default-1x,12074,39.493,2.89,2.90,0.0029,464,175
T-Default-1x,12075,39.495,2.69,2.69,0.0027,464,175
T-Default-1x,12076,39.498,2.93,2.90,0.0029,464,175
T-Default-1x,12077,39.501,2.97,3.00,0.0030,464,175
T-Default-1x,12078,39.504,2.81,2.81,0.0028,464,175
T-Default-1x,12079,39.507,2.95,2.91,0.0030,464,175
T-Default-1x,12080,39.510,2.84,2.87,0.0028,464,175
T-Default-1x,12081,39.513,2.80,2.80,0.0028,464,175
T-Default-1x,12082,39.516,2.92,2.91,0.0029,464,175
T-Default-1x,12083,39.518,2.70,2.70,0.0027,464,175
T-Default-1x,12084,39.521,2.68,2.69,0.0027,464,175
T-Default-1x,12085,39.524,2.92,2.90,0.0029,464,175
T-Default-1x,12086,39.527,2.78,2.80,0.0028,464,175
T-Default-1x,12087,39.530,2.81,2.81,0.0028,464,175
T-Default-1x,12088,39.533,3.10,3.09,0.0031,464,175
T-Default-1x,12089,39.535,2.80,2.81,0.0028,464,175
T-Default-1x,12090,39.538,2.68,2.69,0.0027,464,175
T-Default-1x,12091,39.541,3.02,3.00,0.0030,464,175
T-Default-1x,12092,39.544,3.13,3.11,0.0031,464,175
T-Default-1x,12093,39.547,3.07,3.09,0.0031,464,175
T-Default-1x,12094,39.550,3.10,3.10,0.0031,464,175
T-Default-1x,12095,39.554,3.24,3.21,0.0032,464,175
T-Default-1x,12096,39.557,2.84,2.88,0.0028,464,175
T-Default-1x,12097,39.560,3.15,3.11,0.0032,464,175
T-Default-1x,12098,39.563,3.01,3.00,0.0030,464,175
T-Default-1x,12099,39.566,3.20,3.21,0.0032,464,175
T-Default-1x,12100,39.569,2.79,2.83,0.0028,464,175
T-Default-1x,12101,39.571,2.65,2.64,0.0026,464,175
T-Default-1x,12102,39.574,3.13,3.12,0.0031,464,175
T-Default-1x,12103,39.577,2.68,2.69,0.0027,464,175
T-Default-1x,12104,39.580,2.64,2.61,0.0026,464,175
T-Default-1x,12105,39.583,3.30,3.31,0.0033,464,175
T-Default-1x,12106,39.586,2.86,2.88,0.0029,464,175
T-Default-1x,12107,39.589,2.71,2.71,0.0027,464,175
T-Default-1x,12108,39.592,3.02,3.01,0.0030,464,175
T-Default-1x,12109,39.594,2.68,2.68,0.0027,464,175
T-Default-1x,12110,39.597,2.71,2.71,0.0027,464,175
T-Default-1x,12111,39.600,3.01,3.00,0.0030,464,175
T-Default-1x,12112,39.603,2.79,2.79,0.0028,464,175
T-Default-1x,12113,39.606,2.90,2.90,0.0029,464,175
T-Default-1x,12114,39.609,3.01,2.99,0.0030,464,175
T-Default-1x,12115,39.612,2.94,2.90,0.0029,464,175
T-Default-1x,12116,39.615,2.99,3.00,0.0030,464,175
T-Default-1x,12117,39.618,2.97,3.00,0.0030,464,175
T-Default-1x,12118,39.620,2.67,2.68,0.0027,464,175
T-Default-1x,12119,39.623,2.84,2.80,0.0028,464,175
T-Default-1x,12120,39.626,3.00,3.00,0.0030,464,175
T-Default-1x,12121,39.629,2.81,2.80,0.0028,464,175
T-Default-1x,12122,39.632,2.90,2.89,0.0029,464,175
T-Default-1x,12123,39.635,2.90,2.91,0.0029,464,175
T-Default-1x,12124,39.637,2.68,2.69,0.0027,464,175
T-Default-1x,12125,39.640,2.96,2.91,0.0030,464,175
T-Default-1x,12126,39.643,2.77,2.81,0.0028,464,175
T-Default-1x,12127,39.646,2.67,2.68,0.0027,464,175
T-Default-1x,12128,39.649,3.15,3.11,0.0031,464,175
T-Default-1x,12129,39.652,2.76,2.78,0.0028,464,175
T-Default-1x,12130,39.654,2.72,2.71,0.0027,464,175
T-Default-1x,12131,39.657,2.99,2.99,0.0030,464,175
T-Default-1x,12132,39.660,2.78,2.79,0.0028,464,175
T-Default-1x,12133,39.663,2.69,2.70,0.0027,464,175
T-Default-1x,12134,39.666,2.91,2.90,0.0029,464,175
T-Default-1x,12135,39.669,2.83,2.84,0.0028,464,175
T-Default-1x,12136,39.671,2.65,2.65,0.0026,464,175
T-Default-1x,12137,39.675,3.24,3.21,0.0032,464,175
T-Default-1x,12138,39.677,2.66,2.68,0.0027,464,175
T-Default-1x,12139,39.680,2.59,2.59,0.0026,464,175
T-Default-1x,12140,39.683,3.03,3.01,0.0030,464,175
T-Default-1x,12141,39.686,2.68,2.70,0.0027,464,175
T-Default-1x,12142,39.688,2.61,2.59,0.0026,464,175
T-Default-1x,12143,39.691,3.11,3.11,0.0031,516,175
T-Default-1x,12144,39.695,3.25,3.20,0.0032,464,175
T-Default-1x,12145,39.698,3.27,3.30,0.0033,464,175
T-Default-1x,12146,39.701,3.18,3.19,0.0032,464,175
T-Default-1x,12147,39.704,2.83,2.81,0.0028,464,175
T-Default-1x,12148,39.707,2.75,2.78,0.0028,464,175
T-Default-1x,12149,39.709,2.92,2.90,0.0029,464,175
T-Default-1x,12150,39.713,3.05,3.02,0.0031,464,175
T-Default-1x,12151,39.716,3.10,3.09,0.0031,464,175
T-Default-1x,12152,39.719,2.90,2.95,0.0029,464,175
T-Default-1x,12153,39.721,2.73,2.73,0.0027,464,175
T-Default-1x,12154,39.724,3.13,3.11,0.0031,464,175
T-Default-1x,12155,39.727,2.83,2.80,0.0028,464,175
T-Default-1x,12156,39.730,2.97,2.99,0.0030,464,175
T-Default-1x,12157,39.733,3.00,2.99,0.0030,464,175
T-Default-1x,12158,39.736,2.69,2.70,0.0027,464,175
T-Default-1x,12159,39.739,2.81,2.80,0.0028,464,175
T-Default-1x,12160,39.742,3.00,3.00,0.0030,464,175
T-Default-1x,12161,39.745,2.89,2.89,0.0029,464,175
T-Default-1x,12162,39.747,2.79,2.80,0.0028,464,175
T-Default-1x,12163,39.750,2.92,2.90,0.0029,464,175
T-Default-1x,12164,39.753,2.93,2.89,0.0029,464,175
T-Default-1x,12165,39.757,3.43,3.41,0.0034,464,175
T-Default-1x,12166,39.760,3.16,3.20,0.0032,464,175
T-Default-1x,12167,39.763,3.02,3.00,0.0030,464,175
T-Default-1x,12168,39.766,2.85,2.89,0.0028,464,175
T-Default-1x,12169,39.769,3.06,3.05,0.0031,464,175
T-Default-1x,12170,39.772,3.07,3.03,0.0031,464,175
T-Default-1x,12171,39.775,3.10,3.11,0.0031,464,175
T-Default-1x,12172,39.778,3.02,3.01,0.0030,464,175
T-Default-1x,12173,39.781,2.78,2.78,0.0028,464,175
T-Default-1x,12174,39.784,3.02,3.01,0.0030,464,175
T-Default-1x,12175,39.786,2.70,2.69,0.0027,464,175
T-Default-1x,12176,39.789,3.00,3.00,0.0030,464,175
T-Default-1x,12177,39.792,3.10,3.09,0.0031,464,175
T-Default-1x,12178,39.795,3.00,3.00,0.0030,464,175
T-Default-1x,12179,39.798,3.01,2.99,0.0030,464,175
T-Default-1x,12180,39.802,3.09,3.10,0.0031,464,175
T-Default-1x,12181,39.804,2.87,2.90,0.0029,464,175
T-Default-1x,12182,39.807,2.94,2.90,0.0029,464,175
T-Default-1x,12183,39.810,2.76,2.79,0.0028,464,175
T-Default-1x,12184,39.813,2.93,2.90,0.0029,464,175
T-Default-1x,12185,39.816,3.09,3.10,0.0031,464,175
T-Default-1x,12186,39.819,2.68,2.69,0.0027,464,175
T-Default-1x,12187,39.821,2.59,2.60,0.0026,464,175
T-Default-1x,12188,39.825,3.13,3.11,0.0031,464,175
T-Default-1x,12189,39.827,2.82,2.81,0.0028,464,175
T-Default-1x,12190,39.830,2.99,2.99,0.0030,464,175
T-Default-1x,12191,39.833,2.80,2.79,0.0028,464,175
T-Default-1x,12192,39.836,2.91,2.90,0.0029,464,175
T-Default-1x,12193,39.839,2.87,2.89,0.0029,464,175
T-Default-1x,12194,39.842,3.11,3.10,0.0031,464,175
T-Default-1x,12195,39.845,2.79,2.80,0.0028,464,175
T-Default-1x,12196,39.848,2.90,2.90,0.0029,464,175
T-Default-1x,12197,39.851,3.01,3.00,0.0030,464,175
T-Default-1x,12198,39.854,2.91,2.91,0.0029,464,175
T-Default-1x,12199,39.856,2.82,2.79,0.0028,464,175
T-Default-1x,12200,39.859,2.98,3.00,0.0030,464,175
T-Default-1x,12201,39.862,2.68,2.69,0.0027,464,175
T-Default-1x,12202,39.865,2.95,2.92,0.0029,464,175
T-Default-1x,12203,39.868,2.98,3.00,0.0030,464,175
T-Default-1x,12204,39.871,2.78,2.79,0.0028,464,175
T-Default-1x,12205,39.874,2.95,2.90,0.0029,464,175
T-Default-1x,12206,39.876,2.65,2.69,0.0027,464,175
T-Default-1x,12207,39.879,2.49,2.49,0.0025,464,175
T-Default-1x,12208,39.882,2.95,2.91,0.0030,464,175
T-Default-1x,12209,39.885,2.87,2.90,0.0029,464,175
T-Default-1x,12210,39.887,2.60,2.59,0.0026,464,175
T-Default-1x,12211,39.890,2.82,2.81,0.0028,464,175
T-Default-1x,12212,39.893,2.78,2.80,0.0028,516,175
T-Default-1x,12213,39.896,2.80,2.79,0.0028,464,175
T-Default-1x,12214,39.899,3.06,3.02,0.0031,464,175
T-Default-1x,12215,39.902,2.85,2.88,0.0028,464,175
T-Default-1x,12216,39.904,2.68,2.69,0.0027,464,175
T-Default-1x,12217,39.907,3.02,3.01,0.0030,464,175
T-Default-1x,12218,39.910,2.79,2.79,0.0028,464,175
T-Default-1x,12219,39.913,2.79,2.79,0.0028,464,175
T-Default-1x,12220,39.916,3.01,3.01,0.0030,464,175
T-Default-1x,12221,39.919,2.71,2.72,0.0027,464,175
T-Default-1x,12222,39.921,2.58,2.58,0.0026,464,175
T-Default-1x,12223,39.924,3.02,3.00,0.0030,464,175
T-Default-1x,12224,39.927,2.69,2.70,0.0027,464,175
T-Default-1x,12225,39.930,2.59,2.59,0.0026,464,175
T-Default-1x,12226,39.933,3.12,3.10,0.0031,464,175
T-Default-1x,12227,39.935,2.68,2.69,0.0027,464,175
T-Default-1x,12228,39.938,2.49,2.50,0.0025,464,175
T-Default-1x,12229,39.940,2.55,2.50,0.0026,464,175
T-Default-1x,12230,39.943,2.67,2.71,0.0027,464,175
T-Default-1x,12231,39.946,2.70,2.70,0.0027,464,175
T-Default-1x,12232,39.949,3.02,3.01,0.0030,464,175
T-Default-1x,12233,39.952,2.75,2.78,0.0028,464,175
T-Default-1x,12234,39.954,2.50,2.50,0.0025,464,175
T-Default-1x,12235,39.957,2.95,2.90,0.0030,464,175
T-Default-1x,12236,39.960,2.87,2.89,0.0029,464,175
T-Default-1x,12237,39.962,2.48,2.49,0.0025,464,175
T-Default-1x,12238,39.965,2.82,2.80,0.0028,464,175
T-Default-1x,12239,39.968,2.80,2.80,0.0028,464,175
T-Default-1x,12240,39.971,2.68,2.70,0.0027,464,175
T-Default-1x,12241,39.973,2.82,2.80,0.0028,464,175
T-Default-1x,12242,39.976,2.82,2.80,0.0028,464,175
T-Default-1x,12243,39.979,2.87,2.90,0.0029,464,175
T-Default-1x,12244,39.982,2.94,2.90,0.0029,464,175
T-Default-1x,12245,39.985,2.77,2.80,0.0028,464,175
T-Default-1x,12246,39.988,2.71,2.70,0.0027,464,175
T-Default-1x,12247,39.991,3.01,3.01,0.0030,464,175
T-Default-1x,12248,39.993,2.88,2.89,0.0029,464,175
T-Default-1x,12249,39.996,2.68,2.70,0.0027,464,175
T-Default-1x,12250,39.999,2.94,2.90,0.0029,464,175
T-Default-1x,12251,40.002,2.67,2.69,0.0027,464,175
T-Default-1x,12252,40.004,2.70,2.70,0.0027,464,175
T-Default-1x,12253,40.008,3.11,3.10,0.0031,464,175
T-Default-1x,12254,40.010,2.79,2.81,0.0028,464,175
T-Default-1x,12255,40.013,2.59,2.59,0.0026,464,175
T-Default-1x,12256,40.016,2.91,2.90,0.0029,464,175
T-Default-1x,12257,40.019,3.07,2.83,0.0031,464,175
T-Default-1x,12258,40.022,2.63,2.86,0.0026,464,175
T-Default-1x,12259,40.025,3.01,2.99,0.0030,464,175
T-Default-1x,12260,40.027,2.82,2.80,0.0028,464,175
T-Default-1x,12261,40.030,2.67,2.70,0.0027,464,175
T-Default-1x,12262,40.033,3.31,3.30,0.0033,464,175
T-Default-1x,12263,40.036,2.77,2.79,0.0028,464,175
T-Default-1x,12264,40.039,2.61,2.61,0.0026,464,175
T-Default-1x,12265,40.042,2.90,2.90,0.0029,464,175
T-Default-1x,12266,40.044,2.48,2.48,0.0025,464,175
T-Default-1x,12267,40.047,2.72,2.71,0.0027,464,175
T-Default-1x,12268,40.050,3.12,3.09,0.0031,464,175
T-Default-1x,12269,40.053,2.80,2.80,0.0028,464,175
T-Default-1x,12270,40.055,2.59,2.61,0.0026,464,175
T-Default-1x,12271,40.058,2.90,2.89,0.0029,464,175
T-Default-1x,12272,40.061,2.59,2.59,0.0026,464,175
T-Default-1x,12273,40.064,2.75,2.72,0.0027,464,175
T-Default-1x,12274,40.067,3.08,3.09,0.0031,464,175
T-Default-1x,12275,40.069,2.66,2.68,0.0027,464,175
T-Default-1x,12276,40.072,2.62,2.61,0.0026,464,175
T-Default-1x,12277,40.075,2.92,2.91,0.0029,464,175
T-Default-1x,12278,40.078,2.77,2.79,0.0028,464,175
T-Default-1x,12279,40.080,2.73,2.69,0.0027,464,175
T-Default-1x,12280,40.083,2.88,2.90,0.0029,464,175
T-Default-1x,12281,40.086,2.70,2.70,0.0027,464,175
T-Default-1x,12282,40.089,2.59,2.59,0.0026,464,175
T-Default-1x,12283,40.092,3.15,3.12,0.0032,464,175
T-Default-1x,12284,40.094,2.76,2.78,0.0028,516,175
T-Default-1x,12285,40.097,2.60,2.61,0.0026,464,175
T-Default-1x,12286,40.100,2.82,2.81,0.0028,464,175
T-Default-1x,12287,40.103,2.69,2.70,0.0027,464,175
T-Default-1x,12288,40.105,2.81,2.80,0.0028,464,175
T-Default-1x,12289,40.108,3.11,3.11,0.0031,464,175
T-Default-1x,12290,40.111,2.99,2.99,0.0030,464,175
T-Default-1x,12291,40.114,2.70,2.71,0.0027,464,175
T-Default-1x,12292,40.117,2.88,2.88,0.0029,464,175
T-Default-1x,12293,40.120,2.60,2.60,0.0026,464,175
T-Default-1x,12294,40.122,2.83,2.81,0.0028,464,175
T-Default-1x,12295,40.125,2.88,2.89,0.0029,464,175
T-Default-1x,12296,40.128,2.70,2.70,0.0027,464,175
T-Default-1x,12297,40.131,2.82,2.81,0.0028,464,175
T-Default-1x,12298,40.134,2.91,2.90,0.0029,464,175
T-Default-1x,12299,40.136,2.68,2.69,0.0027,464,175
T-Default-1x,12300,40.139,2.73,2.71,0.0027,464,175
T-Default-1x,12301,40.142,2.89,2.89,0.0029,464,175
T-Default-1x,12302,40.145,2.80,2.80,0.0028,464,175
T-Default-1x,12303,40.148,3.02,3.00,0.0030,464,175
T-Default-1x,12304,40.151,3.01,2.99,0.0030,464,175
T-Default-1x,12305,40.154,3.15,3.18,0.0031,464,175
T-Default-1x,12306,40.157,3.03,3.00,0.0030,464,175
T-Default-1x,12307,40.160,2.99,3.01,0.0030,464,175
T-Default-1x,12308,40.163,2.78,2.79,0.0028,464,175
T-Default-1x,12309,40.166,3.02,3.01,0.0030,464,175
T-Default-1x,12310,40.169,2.83,2.84,0.0028,464,175
T-Default-1x,12311,40.171,2.66,2.65,0.0027,464,175
T-Default-1x,12312,40.174,3.02,3.00,0.0030,464,175
T-Default-1x,12313,40.177,2.57,2.59,0.0026,464,175
T-Default-1x,12314,40.180,2.61,2.60,0.0026,464,175
T-Default-1x,12315,40.183,3.01,3.00,0.0030,464,175
T-Default-1x,12316,40.185,2.68,2.69,0.0027,464,175
T-Default-1x,12317,40.188,2.62,2.61,0.0026,464,175
T-Default-1x,12318,40.191,3.00,2.98,0.0030,464,175
T-Default-1x,12319,40.194,2.90,2.91,0.0029,464,175
T-Default-1x,12320,40.196,2.69,2.70,0.0027,464,175
T-Default-1x,12321,40.200,3.11,3.10,0.0031,464,175
T-Default-1x,12322,40.202,2.80,2.79,0.0028,464,175
T-Default-1x,12323,40.205,2.61,2.62,0.0026,464,175
T-Default-1x,12324,40.208,3.09,3.09,0.0031,464,175
T-Default-1x,12325,40.211,2.68,2.68,0.0027,464,175
T-Default-1x,12326,40.213,2.58,2.59,0.0026,464,175
T-Default-1x,12327,40.216,2.84,2.81,0.0028,464,175
T-Default-1x,12328,40.219,2.65,2.68,0.0027,464,175
T-Default-1x,12329,40.222,2.72,2.71,0.0027,464,175
T-Default-1x,12330,40.225,3.03,3.00,0.0030,464,175
T-Default-1x,12331,40.227,2.68,2.70,0.0027,464,175
T-Default-1x,12332,40.230,2.59,2.59,0.0026,464,175
T-Default-1x,12333,40.233,3.11,3.10,0.0031,464,175
T-Default-1x,12334,40.236,2.79,2.79,0.0028,464,175
T-Default-1x,12335,40.238,2.59,2.60,0.0026,464,175
T-Default-1x,12336,40.241,3.14,3.11,0.0031,464,175
T-Default-1x,12337,40.244,2.79,2.80,0.0028,464,175
T-Default-1x,12338,40.247,2.78,2.79,0.0028,464,175
T-Default-1x,12339,40.250,3.11,3.10,0.0031,464,175
T-Default-1x,12340,40.253,2.70,2.70,0.0027,464,175
T-Default-1x,12341,40.256,2.79,2.79,0.0028,464,175
T-Default-1x,12342,40.258,2.81,2.80,0.0028,464,175
T-Default-1x,12343,40.261,2.59,2.60,0.0026,464,175
T-Default-1x,12344,40.264,2.80,2.79,0.0028,464,175
T-Default-1x,12345,40.267,3.12,3.10,0.0031,464,175
T-Default-1x,12346,40.270,2.76,2.79,0.0028,464,175
T-Default-1x,12347,40.273,2.94,2.91,0.0029,464,175
T-Default-1x,12348,40.276,3.19,3.20,0.0032,464,175
T-Default-1x,12349,40.279,2.90,2.90,0.0029,464,175
T-Default-1x,12350,40.282,3.36,3.31,0.0034,464,175
T-Default-1x,12351,40.285,3.17,3.19,0.0032,464,175
T-Default-1x,12352,40.288,3.17,3.19,0.0032,464,175
T-Default-1x,12353,40.292,3.17,3.11,0.0032,464,175
T-Default-1x,12354,40.295,3.07,3.09,0.0031,464,175
T-Default-1x,12355,40.298,3.21,3.20,0.0032,516,175
T-Default-1x,12356,40.301,3.05,3.10,0.0030,464,175
T-Default-1x,12357,40.304,2.80,2.80,0.0028,464,175
T-Default-1x,12358,40.307,3.13,3.10,0.0031,464,175
T-Default-1x,12359,40.310,2.96,2.99,0.0030,464,175
T-Default-1x,12360,40.312,2.59,2.58,0.0026,464,175
T-Default-1x,12361,40.316,3.05,3.01,0.0031,464,175
T-Default-1x,12362,40.318,2.77,2.79,0.0028,464,175
T-Default-1x,12363,40.321,2.82,2.80,0.0028,464,175
T-Default-1x,12364,40.324,3.11,3.11,0.0031,464,175
T-Default-1x,12365,40.327,2.79,2.79,0.0028,464,175
T-Default-1x,12366,40.330,2.57,2.59,0.0026,464,175
T-Default-1x,12367,40.333,3.03,3.01,0.0030,464,175
T-Default-1x,12368,40.335,2.82,2.81,0.0028,464,175
T-Default-1x,12369,40.338,2.89,2.89,0.0029,464,175
T-Default-1x,12370,40.342,3.43,3.39,0.0034,464,175
T-Default-1x,12371,40.345,3.44,3.40,0.0034,464,175
T-Default-1x,12372,40.348,3.04,3.08,0.0030,464,175
T-Default-1x,12373,40.351,2.99,3.00,0.0030,464,175
T-Default-1x,12374,40.354,2.92,2.91,0.0029,464,175
T-Default-1x,12375,40.357,3.30,3.30,0.0033,464,175
T-Default-1x,12376,40.360,2.88,2.89,0.0029,464,175
T-Default-1x,12377,40.363,2.90,2.89,0.0029,464,175
T-Default-1x,12378,40.366,3.11,3.11,0.0031,464,175
T-Default-1x,12379,40.369,2.67,2.69,0.0027,464,175
T-Default-1x,12380,40.372,2.70,2.69,0.0027,464,175
T-Default-1x,12381,40.375,3.01,3.01,0.0030,464,175
T-Default-1x,12382,40.377,2.69,2.70,0.0027,464,175
T-Default-1x,12383,40.380,2.80,2.80,0.0028,464,175
T-Default-1x,12384,40.383,2.89,2.89,0.0029,464,175
T-Default-1x,12385,40.386,3.17,3.11,0.0032,464,175
T-Default-1x,12386,40.389,3.25,3.28,0.0032,464,175
T-Default-1x,12387,40.393,3.22,3.21,0.0032,464,175
T-Default-1x,12388,40.396,3.11,3.09,0.0031,464,175
T-Default-1x,12389,40.399,3.09,3.10,0.0031,464,175
T-Default-1x,12390,40.402,3.00,3.00,0.0030,464,175
T-Default-1x,12391,40.405,2.77,2.78,0.0028,464,175
T-Default-1x,12392,40.408,2.84,2.81,0.0028,464,175
T-Default-1x,12393,40.410,2.75,2.79,0.0027,464,175
T-Default-1x,12394,40.413,2.60,2.59,0.0026,464,175
T-Default-1x,12395,40.416,3.02,3.01,0.0030,464,175
T-Default-1x,12396,40.419,2.84,2.84,0.0028,464,175
T-Default-1x,12397,40.421,2.54,2.55,0.0025,464,175
T-Default-1x,12398,40.424,3.04,3.01,0.0030,464,175
T-Default-1x,12399,40.427,2.68,2.70,0.0027,464,175
T-Default-1x,12400,40.430,2.59,2.58,0.0026,464,175
T-Default-1x,12401,40.432,2.93,2.91,0.0029,464,175
T-Default-1x,12402,40.435,2.81,2.81,0.0028,464,175
T-Default-1x,12403,40.438,2.56,2.59,0.0026,464,175
T-Default-1x,12404,40.441,3.03,3.00,0.0030,464,175
T-Default-1x,12405,40.444,2.79,2.80,0.0028,464,175
T-Default-1x,12406,40.446,2.72,2.71,0.0027,464,175
T-Default-1x,12407,40.449,3.00,2.99,0.0030,464,175
T-Default-1x,12408,40.452,2.70,2.70,0.0027,464,175
T-Default-1x,12409,40.455,2.78,2.79,0.0028,464,175
T-Default-1x,12410,40.458,3.20,3.19,0.0032,464,175
T-Default-1x,12411,40.461,2.92,2.90,0.0029,464,175
T-Default-1x,12412,40.464,3.18,3.19,0.0032,464,175
T-Default-1x,12413,40.467,3.30,3.30,0.0033,464,175
T-Default-1x,12414,40.470,2.78,2.79,0.0028,464,175
T-Default-1x,12415,40.473,3.00,2.97,0.0030,464,175
T-Default-1x,12416,40.476,3.05,3.04,0.0031,464,175
T-Default-1x,12417,40.479,2.99,3.00,0.0030,464,175
T-Default-1x,12418,40.482,3.11,3.09,0.0031,464,175
T-Default-1x,12419,40.485,2.88,2.91,0.0029,464,175
T-Default-1x,12420,40.488,2.67,2.69,0.0027,464,175
T-Default-1x,12421,40.491,3.02,3.01,0.0030,464,175
T-Default-1x,12422,40.494,2.79,2.79,0.0028,464,175
T-Default-1x,12423,40.496,2.61,2.60,0.0026,464,175
T-Default-1x,12424,40.499,3.02,3.00,0.0030,516,175
T-Default-1x,12425,40.502,2.70,2.71,0.0027,464,175
T-Default-1x,12426,40.505,3.12,3.10,0.0031,464,175
T-Default-1x,12427,40.509,3.50,3.51,0.0035,464,175
T-Default-1x,12428,40.512,2.98,2.99,0.0030,464,175
T-Default-1x,12429,40.515,3.26,3.20,0.0033,464,175
T-Default-1x,12430,40.518,3.04,3.09,0.0030,464,175
T-Default-1x,12431,40.521,2.90,2.90,0.0029,464,175
T-Default-1x,12432,40.524,3.13,3.10,0.0031,464,175
T-Default-1x,12433,40.527,3.11,3.11,0.0031,464,175
T-Default-1x,12434,40.530,2.97,2.99,0.0030,464,175
T-Default-1x,12435,40.533,3.09,3.10,0.0031,464,175
T-Default-1x,12436,40.536,2.82,2.79,0.0028,464,175
T-Default-1x,12437,40.539,2.79,2.81,0.0028,464,175
T-Default-1x,12438,40.542,2.93,2.91,0.0029,464,175
T-Default-1x,12439,40.544,2.54,2.57,0.0025,464,175
T-Default-1x,12440,40.547,2.33,2.30,0.0023,464,175
T-Default-1x,12441,40.550,3.01,2.99,0.0030,464,175
T-Default-1x,12442,40.552,2.71,2.71,0.0027,464,175
T-Default-1x,12443,40.555,2.68,2.69,0.0027,464,175
T-Default-1x,12444,40.558,2.90,2.89,0.0029,464,175
T-Default-1x,12445,40.560,2.58,2.60,0.0026,464,175
T-Default-1x,12446,40.563,2.82,2.80,0.0028,464,175
T-Default-1x,12447,40.566,3.21,3.20,0.0032,464,175
T-Default-1x,12448,40.569,2.64,2.68,0.0026,464,175
T-Default-1x,12449,40.572,2.61,2.61,0.0026,464,175
T-Default-1x,12450,40.575,2.92,2.90,0.0029,464,175
T-Default-1x,12451,40.577,2.81,2.80,0.0028,464,175
T-Default-1x,12452,40.581,3.24,3.21,0.0032,464,175
T-Default-1x,12453,40.584,3.35,3.39,0.0033,464,175
T-Default-1x,12454,40.587,3.34,3.30,0.0033,464,175
T-Default-1x,12455,40.590,2.77,2.81,0.0028,464,175
T-Default-1x,12456,40.593,3.10,3.08,0.0031,464,175
T-Default-1x,12457,40.596,3.19,3.20,0.0032,464,175
T-Default-1x,12458,40.600,3.11,3.10,0.0031,464,175
T-Default-1x,12459,40.602,2.83,2.81,0.0028,464,175
T-Default-1x,12460,40.605,2.65,2.69,0.0027,464,175
T-Default-1x,12461,40.608,3.14,3.11,0.0031,464,175
T-Default-1x,12462,40.611,2.77,2.81,0.0028,464,175
T-Default-1x,12463,40.614,2.58,2.58,0.0026,464,175
T-Default-1x,12464,40.616,2.92,2.91,0.0029,464,175
T-Default-1x,12465,40.619,2.67,2.68,0.0027,464,175
T-Default-1x,12466,40.622,2.74,2.72,0.0027,464,175
T-Default-1x,12467,40.625,2.98,2.99,0.0030,464,175
T-Default-1x,12468,40.628,2.69,2.70,0.0027,464,175
T-Default-1x,12469,40.630,2.58,2.59,0.0026,464,175
T-Default-1x,12470,40.633,2.94,2.91,0.0029,464,175
T-Default-1x,12471,40.636,2.59,2.59,0.0026,464,175
T-Default-1x,12472,40.639,3.13,3.11,0.0031,464,175
T-Default-1x,12473,40.642,3.19,3.20,0.0032,464,175
T-Default-1x,12474,40.645,2.89,2.90,0.0029,464,175
T-Default-1x,12475,40.648,2.68,2.69,0.0027,464,175
T-Default-1x,12476,40.651,3.01,3.00,0.0030,464,175
T-Default-1x,12477,40.653,2.91,2.90,0.0029,464,175
T-Default-1x,12478,40.656,2.91,2.91,0.0029,464,175
T-Default-1x,12479,40.659,2.99,3.00,0.0030,464,175
T-Default-1x,12480,40.662,2.68,2.69,0.0027,464,175
T-Default-1x,12481,40.665,3.04,3.00,0.0030,464,175
T-Default-1x,12482,40.668,2.86,2.89,0.0029,464,175
T-Default-1x,12483,40.671,2.79,2.80,0.0028,464,175
T-Default-1x,12484,40.674,2.94,2.91,0.0029,464,175
T-Default-1x,12485,40.677,2.87,2.90,0.0029,464,175
T-Default-1x,12486,40.679,2.71,2.69,0.0027,464,175
T-Default-1x,12487,40.682,3.10,3.10,0.0031,464,175
T-Default-1x,12488,40.685,2.89,2.89,0.0029,464,175
T-Default-1x,12489,40.688,2.80,2.80,0.0028,464,175
T-Default-1x,12490,40.691,3.21,3.20,0.0032,464,175
T-Default-1x,12491,40.694,2.70,2.70,0.0027,464,175
T-Default-1x,12492,40.697,2.58,2.59,0.0026,464,175
T-Default-1x,12493,40.700,3.12,3.10,0.0031,516,175
T-Default-1x,12494,40.703,2.90,2.91,0.0029,464,175
T-Default-1x,12495,40.706,3.15,3.11,0.0031,464,175
T-Default-1x,12496,40.709,2.95,2.98,0.0029,464,175
T-Default-1x,12497,40.711,2.70,2.70,0.0027,464,175
T-Default-1x,12498,40.714,2.79,2.80,0.0028,464,175
T-Default-1x,12499,40.717,3.04,3.01,0.0030,464,175
T-Default-1x,12500,40.720,2.64,2.69,0.0026,464,175
T-Default-1x,12501,40.723,2.83,2.80,0.0028,464,175
T-Default-1x,12502,40.726,3.10,3.10,0.0031,464,175
T-Default-1x,12503,40.729,3.00,3.00,0.0030,464,175
T-Default-1x,12504,40.732,3.09,3.09,0.0031,464,175
T-Default-1x,12505,40.735,2.90,2.90,0.0029,464,175
T-Default-1x,12506,40.738,2.82,2.80,0.0028,464,175
T-Default-1x,12507,40.741,3.10,3.10,0.0031,464,175
T-Default-1x,12508,40.743,2.76,2.79,0.0028,464,175
T-Default-1x,12509,40.746,2.82,2.81,0.0028,464,175
T-Default-1x,12510,40.749,3.01,3.01,0.0030,464,175
T-Default-1x,12511,40.753,3.23,3.19,0.0032,464,175
T-Default-1x,12512,40.756,3.05,3.09,0.0031,464,175
T-Default-1x,12513,40.759,2.96,2.91,0.0030,464,175
T-Default-1x,12514,40.761,2.64,2.68,0.0026,464,175
T-Default-1x,12515,40.764,2.82,2.80,0.0028,464,175
T-Default-1x,12516,40.767,3.08,3.10,0.0031,464,175
T-Default-1x,12517,40.770,2.78,2.79,0.0028,464,175
T-Default-1x,12518,40.773,2.82,2.81,0.0028,464,175
T-Default-1x,12519,40.776,3.01,3.00,0.0030,464,175
T-Default-1x,12520,40.779,2.89,2.89,0.0029,464,175
T-Default-1x,12521,40.781,2.92,2.90,0.0029,464,175
T-Default-1x,12522,40.784,2.91,2.92,0.0029,464,175
T-Default-1x,12523,40.787,2.67,2.68,0.0027,464,175
T-Default-1x,12524,40.790,2.93,2.90,0.0029,464,175
T-Default-1x,12525,40.793,2.88,2.90,0.0029,464,175
T-Default-1x,12526,40.795,2.60,2.60,0.0026,464,175
T-Default-1x,12527,40.798,2.84,2.80,0.0028,464,175
T-Default-1x,12528,40.801,2.98,3.00,0.0030,464,175
T-Default-1x,12529,40.804,2.69,2.68,0.0027,464,175
T-Default-1x,12530,40.807,2.92,2.90,0.0029,464,175
T-Default-1x,12531,40.810,3.01,3.00,0.0030,464,175
T-Default-1x,12532,40.813,2.78,2.80,0.0028,464,175
T-Default-1x,12533,40.816,3.11,3.11,0.0031,464,175
T-Default-1x,12534,40.819,2.97,2.96,0.0030,464,175
T-Default-1x,12535,40.822,2.83,2.84,0.0028,464,175
T-Default-1x,12536,40.825,3.20,3.19,0.0032,464,175
T-Default-1x,12537,40.827,2.69,2.71,0.0027,464,175
T-Default-1x,12538,40.830,2.70,2.69,0.0027,464,175
T-Default-1x,12539,40.833,3.02,3.01,0.0030,464,175
T-Default-1x,12540,40.836,2.68,2.69,0.0027,464,175
T-Default-1x,12541,40.839,2.70,2.70,0.0027,464,175
T-Default-1x,12542,40.842,3.11,3.11,0.0031,464,175
T-Default-1x,12543,40.844,2.82,2.80,0.0028,464,175
T-Default-1x,12544,40.847,2.55,2.59,0.0025,464,175
T-Default-1x,12545,40.850,2.81,2.80,0.0028,464,175
T-Default-1x,12546,40.853,2.72,2.71,0.0027,464,175
T-Default-1x,12547,40.855,2.91,2.89,0.0029,464,175
T-Default-1x,12548,40.859,3.09,3.09,0.0031,464,175
T-Default-1x,12549,40.862,3.02,3.01,0.0030,464,175
T-Default-1x,12550,40.864,2.77,2.79,0.0028,464,175
T-Default-1x,12551,40.867,2.89,2.90,0.0029,464,175
T-Default-1x,12552,40.870,2.79,2.79,0.0028,464,175
T-Default-1x,12553,40.873,3.03,3.00,0.0030,464,175
T-Default-1x,12554,40.876,2.98,3.00,0.0030,464,175
T-Default-1x,12555,40.879,2.79,2.80,0.0028,464,175
T-Default-1x,12556,40.882,3.03,3.00,0.0030,464,175
T-Default-1x,12557,40.885,2.99,3.00,0.0030,464,175
T-Default-1x,12558,40.888,2.80,2.80,0.0028,464,175
T-Default-1x,12559,40.891,3.09,3.09,0.0031,464,175
T-Default-1x,12560,40.894,2.79,2.80,0.0028,464,175
T-Default-1x,12561,40.896,2.70,2.69,0.0027,464,175
T-Default-1x,12562,40.899,3.12,3.10,0.0031,464,175
T-Default-1x,12563,40.902,2.69,2.70,0.0027,516,175
T-Default-1x,12564,40.905,2.59,2.61,0.0026,464,175
T-Default-1x,12565,40.908,3.02,3.01,0.0030,464,175
T-Default-1x,12566,40.911,3.02,2.99,0.0030,464,175
T-Default-1x,12567,40.913,2.65,2.68,0.0027,464,175
T-Default-1x,12568,40.916,3.10,3.10,0.0031,464,175
T-Default-1x,12569,40.919,2.58,2.58,0.0026,464,175
T-Default-1x,12570,40.922,2.61,2.61,0.0026,464,175
T-Default-1x,12571,40.925,3.00,2.99,0.0030,464,175
T-Default-1x,12572,40.927,2.80,2.81,0.0028,464,175
T-Default-1x,12573,40.930,2.59,2.59,0.0026,464,175
T-Default-1x,12574,40.933,2.92,2.89,0.0029,464,175
T-Default-1x,12575,40.936,2.71,2.71,0.0027,464,175
T-Default-1x,12576,40.939,2.84,2.80,0.0028,464,175
T-Default-1x,12577,40.942,3.04,3.09,0.0030,464,175
T-Default-1x,12578,40.944,2.54,2.49,0.0025,464,175
T-Default-1x,12579,40.947,2.67,2.70,0.0027,464,175
T-Default-1x,12580,40.950,3.12,3.11,0.0031,464,175
T-Default-1x,12581,40.953,2.80,2.80,0.0028,464,175
T-Default-1x,12582,40.955,2.77,2.79,0.0028,464,175
T-Default-1x,12583,40.958,2.93,2.90,0.0029,464,175
T-Default-1x,12584,40.961,2.70,2.69,0.0027,464,175
T-Default-1x,12585,40.964,2.83,2.81,0.0028,464,175
T-Default-1x,12586,40.967,3.06,3.10,0.0031,464,175
T-Default-1x,12587,40.970,2.68,2.68,0.0027,464,175
T-Default-1x,12588,40.972,2.73,2.71,0.0027,464,175
T-Default-1x,12589,40.975,2.98,3.00,0.0030,464,175
T-Default-1x,12590,40.978,2.60,2.59,0.0026,464,175
T-Default-1x,12591,40.981,2.69,2.69,0.0027,464,175
T-Default-1x,12592,40.984,3.00,2.99,0.0030,464,175
T-Default-1x,12593,40.986,2.81,2.79,0.0028,464,175
T-Default-1x,12594,40.989,2.69,2.70,0.0027,464,175
T-Default-1x,12595,40.992,3.15,3.11,0.0031,464,175
T-Default-1x,12596,40.995,3.06,3.09,0.0031,464,175
T-Default-1x,12597,40.998,2.94,2.91,0.0029,464,175
T-Default-1x,12598,41.001,2.96,2.98,0.0030,464,175
T-Default-1x,12599,41.004,2.91,2.90,0.0029,464,175
T-Default-1x,12600,41.007,3.04,3.01,0.0030,464,175
T-Default-1x,12601,41.010,2.97,2.99,0.0030,464,175
T-Default-1x,12602,41.013,2.78,2.80,0.0028,464,175
T-Default-1x,12603,41.016,3.13,3.11,0.0031,464,175
T-Default-1x,12604,41.019,2.67,2.69,0.0027,464,175
T-Default-1x,12605,41.021,2.70,2.70,0.0027,464,175
T-Default-1x,12606,41.025,3.12,3.10,0.0031,464,175
T-Default-1x,12607,41.027,2.89,2.91,0.0029,464,175
T-Default-1x,12608,41.030,2.68,2.69,0.0027,464,175
T-Default-1x,12609,41.033,3.04,3.01,0.0030,464,175
T-Default-1x,12610,41.036,2.89,2.89,0.0029,464,175
T-Default-1x,12611,41.039,2.69,2.70,0.0027,464,175
T-Default-1x,12612,41.042,3.00,2.99,0.0030,464,175
T-Default-1x,12613,41.045,2.79,2.80,0.0028,464,175
T-Default-1x,12614,41.047,2.80,2.79,0.0028,464,175
T-Default-1x,12615,41.050,3.13,3.11,0.0031,464,175
T-Default-1x,12616,41.053,2.88,2.89,0.0029,464,175
T-Default-1x,12617,41.056,3.13,3.10,0.0031,464,175
T-Default-1x,12618,41.059,3.01,3.00,0.0030,464,175
T-Default-1x,12619,41.062,2.87,2.90,0.0029,464,175
T-Default-1x,12620,41.065,2.92,2.90,0.0029,464,175
T-Default-1x,12621,41.068,2.77,2.79,0.0028,464,175
T-Default-1x,12622,41.071,2.69,2.70,0.0027,464,175
T-Default-1x,12623,41.074,2.92,2.90,0.0029,464,175
T-Default-1x,12624,41.076,2.80,2.80,0.0028,464,175
T-Default-1x,12625,41.079,2.79,2.79,0.0028,464,175
T-Default-1x,12626,41.082,3.03,3.01,0.0030,464,175
T-Default-1x,12627,41.085,3.01,3.01,0.0030,464,175
T-Default-1x,12628,41.088,2.67,2.70,0.0027,464,175
T-Default-1x,12629,41.091,2.81,2.79,0.0028,464,175
T-Default-1x,12630,41.093,2.67,2.69,0.0027,464,175
T-Default-1x,12631,41.096,2.61,2.60,0.0026,464,175
T-Default-1x,12632,41.099,3.23,3.22,0.0032,464,175
T-Default-1x,12633,41.102,2.80,2.78,0.0028,464,175
T-Default-1x,12634,41.105,2.66,2.69,0.0027,516,175
T-Default-1x,12635,41.108,3.13,3.10,0.0031,464,175
T-Default-1x,12636,41.111,2.80,2.80,0.0028,464,175
T-Default-1x,12637,41.114,3.10,3.10,0.0031,464,175
T-Default-1x,12638,41.117,2.89,2.90,0.0029,464,175
T-Default-1x,12639,41.119,2.78,2.78,0.0028,464,175
T-Default-1x,12640,41.122,2.82,2.81,0.0028,464,175
T-Default-1x,12641,41.125,2.49,2.49,0.0025,464,175
T-Default-1x,12642,41.128,2.80,2.80,0.0028,464,175
T-Default-1x,12643,41.130,2.80,2.79,0.0028,464,175
T-Default-1x,12644,41.133,3.12,3.12,0.0031,464,175
T-Default-1x,12645,41.136,2.77,2.79,0.0028,464,175
T-Default-1x,12646,41.139,2.69,2.69,0.0027,464,175
T-Default-1x,12647,41.142,2.82,2.81,0.0028,464,175
T-Default-1x,12648,41.145,2.80,2.79,0.0028,464,175
T-Default-1x,12649,41.147,2.82,2.81,0.0028,464,175
T-Default-1x,12650,41.151,3.16,3.18,0.0032,464,175
T-Default-1x,12651,41.153,2.85,2.80,0.0028,464,175
T-Default-1x,12652,41.156,2.79,2.81,0.0028,464,175
T-Default-1x,12653,41.159,2.89,2.89,0.0029,464,175
T-Default-1x,12654,41.162,2.91,2.90,0.0029,464,175
T-Default-1x,12655,41.165,2.91,2.90,0.0029,464,175
T-Default-1x,12656,41.168,2.87,2.89,0.0029,464,175
T-Default-1x,12657,41.170,2.72,2.70,0.0027,464,175
T-Default-1x,12658,41.173,3.01,3.00,0.0030,464,175
T-Default-1x,12659,41.176,2.99,2.99,0.0030,464,175
T-Default-1x,12660,41.179,2.81,2.80,0.0028,464,175
T-Default-1x,12661,41.182,3.12,3.13,0.0031,464,175
T-Default-1x,12662,41.185,2.74,2.76,0.0027,464,175
T-Default-1x,12663,41.188,2.71,2.70,0.0027,464,175
T-Default-1x,12664,41.191,3.11,3.10,0.0031,464,175
T-Default-1x,12665,41.194,2.81,2.80,0.0028,464,175
T-Default-1x,12666,41.196,2.68,2.70,0.0027,464,175
T-Default-1x,12667,41.199,3.00,2.99,0.0030,464,175
T-Default-1x,12668,41.202,2.73,2.71,0.0027,464,175
T-Default-1x,12669,41.205,2.68,2.69,0.0027,464,175
T-Default-1x,12670,41.208,3.01,3.00,0.0030,464,175
T-Default-1x,12671,41.211,2.79,2.80,0.0028,464,175
T-Default-1x,12672,41.213,2.57,2.59,0.0026,464,175
T-Default-1x,12673,41.216,3.08,3.02,0.0031,464,175
T-Default-1x,12674,41.219,2.71,2.78,0.0027,464,175
T-Default-1x,12675,41.222,2.73,2.70,0.0027,464,175
T-Default-1x,12676,41.225,2.99,3.01,0.0030,464,175
T-Default-1x,12677,41.227,2.70,2.69,0.0027,464,175
T-Default-1x,12678,41.230,2.69,2.71,0.0027,464,175
T-Default-1x,12679,41.233,3.23,3.20,0.0032,464,175
T-Default-1x,12680,41.236,3.00,3.00,0.0030,464,175
T-Default-1x,12681,41.239,2.77,2.79,0.0028,464,175
T-Default-1x,12682,41.242,3.10,3.10,0.0031,464,175
T-Default-1x,12683,41.245,2.93,2.90,0.0029,464,175
T-Default-1x,12684,41.248,2.99,3.00,0.0030,464,175
T-Default-1x,12685,41.251,2.86,2.89,0.0029,464,175
T-Default-1x,12686,41.254,2.70,2.70,0.0027,464,175
T-Default-1x,12687,41.257,2.96,2.91,0.0030,464,175
T-Default-1x,12688,41.260,2.96,2.99,0.0030,464,175
T-Default-1x,12689,41.262,2.82,2.81,0.0028,464,175
T-Default-1x,12690,41.265,2.89,2.89,0.0029,464,175
T-Default-1x,12691,41.268,2.88,2.91,0.0029,464,175
T-Default-1x,12692,41.271,2.69,2.69,0.0027,464,175
T-Default-1x,12693,41.274,3.05,3.00,0.0031,464,175
T-Default-1x,12694,41.277,2.85,2.89,0.0028,464,175
T-Default-1x,12695,41.280,2.69,2.70,0.0027,464,175
T-Default-1x,12696,41.283,3.03,3.01,0.0030,464,175
T-Default-1x,12697,41.285,2.70,2.71,0.0027,464,175
T-Default-1x,12698,41.288,2.60,2.60,0.0026,464,175
T-Default-1x,12699,41.291,2.99,2.98,0.0030,464,175
T-Default-1x,12700,41.294,2.81,2.81,0.0028,464,175
T-Default-1x,12701,41.296,2.71,2.69,0.0027,464,175
T-Default-1x,12702,41.299,3.10,3.11,0.0031,464,175
T-Default-1x,12703,41.302,2.82,2.80,0.0028,464,175
T-Default-1x,12704,41.305,2.67,2.69,0.0027,516,175
T-Default-1x,12705,41.308,3.11,3.11,0.0031,464,175
T-Default-1x,12706,41.311,2.79,2.80,0.0028,464,175
T-Default-1x,12707,41.313,2.58,2.58,0.0026,464,175
T-Default-1x,12708,41.316,2.83,2.81,0.0028,464,175
T-Default-1x,12709,41.319,2.68,2.68,0.0027,464,175
T-Default-1x,12710,41.322,2.82,2.80,0.0028,464,175
T-Default-1x,12711,41.325,3.12,3.10,0.0031,464,175
T-Default-1x,12712,41.328,2.78,2.80,0.0028,464,175
T-Default-1x,12713,41.330,2.68,2.69,0.0027,464,175
T-Default-1x,12714,41.333,2.92,2.91,0.0029,464,175
T-Default-1x,12715,41.336,2.70,2.70,0.0027,464,175
T-Default-1x,12716,41.339,2.81,2.80,0.0028,464,175
T-Default-1x,12717,41.342,3.09,3.09,0.0031,464,175
T-Default-1x,12718,41.345,2.83,2.81,0.0028,464,175
T-Default-1x,12719,41.347,2.66,2.69,0.0027,464,175
T-Default-1x,12720,41.350,3.01,2.99,0.0030,464,175
T-Default-1x,12721,41.353,2.81,2.80,0.0028,464,175
T-Default-1x,12722,41.356,2.90,2.90,0.0029,464,175
T-Default-1x,12723,41.359,2.99,3.00,0.0030,464,175
T-Default-1x,12724,41.362,2.92,2.91,0.0029,464,175
T-Default-1x,12725,41.365,2.89,2.89,0.0029,464,175
T-Default-1x,12726,41.368,2.88,2.90,0.0029,464,175
T-Default-1x,12727,41.370,2.60,2.59,0.0026,464,175
T-Default-1x,12728,41.373,2.91,2.90,0.0029,464,175
T-Default-1x,12729,41.376,2.90,2.91,0.0029,464,175
T-Default-1x,12730,41.379,2.81,2.80,0.0028,464,175
T-Default-1x,12731,41.382,2.90,2.90,0.0029,464,175
T-Default-1x,12732,41.385,3.00,3.00,0.0030,464,175
T-Default-1x,12733,41.388,3.19,3.19,0.0032,464,175
T-Default-1x,12734,41.391,3.22,3.20,0.0032,464,175
T-Default-1x,12735,41.394,2.91,2.90,0.0029,464,175
T-Default-1x,12736,41.397,2.76,2.80,0.0028,464,175
T-Default-1x,12737,41.400,3.11,3.10,0.0031,464,175
T-Default-1x,12738,41.403,2.80,2.80,0.0028,464,175
T-Default-1x,12739,41.406,2.70,2.70,0.0027,464,175
T-Default-1x,12740,41.409,3.00,3.00,0.0030,464,175
T-Default-1x,12741,41.411,2.93,2.90,0.0029,464,175
T-Default-1x,12742,41.414,2.77,2.79,0.0028,464,175
T-Default-1x,12743,41.417,2.91,2.91,0.0029,464,175
T-Default-1x,12744,41.420,2.67,2.69,0.0027,464,175
T-Default-1x,12745,41.422,2.53,2.51,0.0025,464,175
T-Default-1x,12746,41.425,2.89,2.89,0.0029,464,175
T-Default-1x,12747,41.428,3.14,3.09,0.0031,464,175
T-Default-1x,12748,41.431,3.09,3.11,0.0031,464,175
T-Default-1x,12749,41.435,3.20,3.21,0.0032,464,175
T-Default-1x,12750,41.438,2.87,2.89,0.0029,464,175
T-Default-1x,12751,41.441,2.96,2.90,0.0030,464,175
T-Default-1x,12752,41.443,2.96,3.01,0.0030,464,175
T-Default-1x,12753,41.446,2.68,2.69,0.0027,464,175
T-Default-1x,12754,41.449,3.13,3.10,0.0031,464,175
T-Default-1x,12755,41.452,2.89,2.90,0.0029,464,175
T-Default-1x,12756,41.455,2.77,2.80,0.0028,464,175
T-Default-1x,12757,41.458,3.01,2.99,0.0030,464,175
T-Default-1x,12758,41.461,3.01,3.01,0.0030,464,175
T-Default-1x,12759,41.464,2.67,2.69,0.0027,464,175
T-Default-1x,12760,41.466,2.81,2.80,0.0028,464,175
T-Default-1x,12761,41.470,3.12,3.11,0.0031,464,175
T-Default-1x,12762,41.472,2.89,2.89,0.0029,464,175
T-Default-1x,12763,41.476,3.12,3.11,0.0031,464,175
T-Default-1x,12764,41.479,3.21,3.19,0.0032,464,175
T-Default-1x,12765,41.482,2.98,2.99,0.0030,464,175
T-Default-1x,12766,41.485,2.98,3.00,0.0030,464,175
T-Default-1x,12767,41.488,2.79,2.79,0.0028,464,175
T-Default-1x,12768,41.490,2.91,2.90,0.0029,464,175
T-Default-1x,12769,41.493,2.79,2.81,0.0028,464,175
T-Default-1x,12770,41.496,2.69,2.70,0.0027,464,175
T-Default-1x,12771,41.499,2.86,2.79,0.0029,464,175
T-Default-1x,12772,41.502,2.97,3.01,0.0030,464,175
T-Default-1x,12773,41.505,2.78,2.79,0.0028,464,175
T-Default-1x,12774,41.508,3.11,3.10,0.0031,516,175
T-Default-1x,12775,41.511,3.14,3.11,0.0031,464,175
T-Default-1x,12776,41.514,2.85,2.91,0.0029,464,175
T-Default-1x,12777,41.517,3.12,3.11,0.0031,464,175
T-Default-1x,12778,41.520,3.06,3.07,0.0031,464,175
T-Default-1x,12779,41.523,2.82,2.81,0.0028,464,175
T-Default-1x,12780,41.526,2.99,2.99,0.0030,464,175
T-Default-1x,12781,41.529,3.01,3.01,0.0030,464,175
T-Default-1x,12782,41.532,3.14,3.09,0.0031,464,175
T-Default-1x,12783,41.535,3.04,3.10,0.0030,464,175
T-Default-1x,12784,41.538,2.81,2.80,0.0028,464,175
T-Default-1x,12785,41.541,3.03,3.00,0.0030,464,175
T-Default-1x,12786,41.544,2.88,2.90,0.0029,464,175
T-Default-1x,12787,41.546,2.89,2.89,0.0029,464,175
T-Default-1x,12788,41.549,3.01,3.01,0.0030,464,175
T-Default-1x,12789,41.553,3.19,3.19,0.0032,464,175
T-Default-1x,12790,41.556,2.99,3.00,0.0030,464,175
T-Default-1x,12791,41.559,2.91,2.91,0.0029,464,175
T-Default-1x,12792,41.561,2.81,2.80,0.0028,464,175
T-Default-1x,12793,41.564,2.99,3.00,0.0030,464,175
T-Default-1x,12794,41.567,3.08,3.09,0.0031,464,175
T-Default-1x,12795,41.570,2.89,2.90,0.0029,464,175
T-Default-1x,12796,41.573,2.94,2.90,0.0029,464,175
T-Default-1x,12797,41.576,3.00,3.01,0.0030,464,175
T-Default-1x,12798,41.579,2.89,2.89,0.0029,464,175
T-Default-1x,12799,41.582,3.14,3.10,0.0031,464,175
T-Default-1x,12800,41.585,2.88,2.90,0.0029,464,175
T-Default-1x,12801,41.588,2.77,2.79,0.0028,464,175
T-Default-1x,12802,41.591,3.01,3.00,0.0030,464,175
T-Default-1x,12803,41.594,3.21,3.20,0.0032,464,175
T-Default-1x,12804,41.597,2.87,2.89,0.0029,464,175
T-Default-1x,12805,41.600,3.03,3.01,0.0030,464,175
T-Default-1x,12806,41.603,2.80,2.79,0.0028,464,175
T-Default-1x,12807,41.606,2.89,2.90,0.0029,464,175
T-Default-1x,12808,41.609,3.21,3.20,0.0032,464,175
T-Default-1x,12809,41.612,2.98,2.99,0.0030,464,175
T-Default-1x,12810,41.615,3.01,3.01,0.0030,464,175
T-Default-1x,12811,41.618,2.91,2.90,0.0029,464,175
T-Default-1x,12812,41.621,2.86,2.89,0.0029,464,175
T-Default-1x,12813,41.624,2.95,2.90,0.0030,464,175
T-Default-1x,12814,41.627,2.97,3.00,0.0030,464,175
T-Default-1x,12815,41.629,2.79,2.80,0.0028,464,175
T-Default-1x,12816,41.632,3.01,2.99,0.0030,464,175
T-Default-1x,12817,41.635,2.84,2.81,0.0028,464,175
T-Default-1x,12818,41.638,3.04,3.08,0.0030,464,175
T-Default-1x,12819,41.641,3.13,3.11,0.0031,464,175
T-Default-1x,12820,41.644,2.88,2.89,0.0029,464,175
T-Default-1x,12821,41.647,2.69,2.71,0.0027,464,175
T-Default-1x,12822,41.650,2.92,2.90,0.0029,464,175
T-Default-1x,12823,41.653,3.03,3.00,0.0030,464,175
T-Default-1x,12824,41.656,2.87,2.90,0.0029,464,175
T-Default-1x,12825,41.659,2.91,2.91,0.0029,464,175
T-Default-1x,12826,41.662,2.79,2.78,0.0028,464,175
T-Default-1x,12827,41.664,2.80,2.79,0.0028,464,175
T-Default-1x,12828,41.667,2.88,2.90,0.0029,464,175
T-Default-1x,12829,41.670,2.69,2.70,0.0027,464,175
T-Default-1x,12830,41.673,2.85,2.81,0.0028,464,175
T-Default-1x,12831,41.676,3.11,3.11,0.0031,464,175
T-Default-1x,12832,41.679,3.29,3.29,0.0033,464,175
T-Default-1x,12833,41.682,2.99,2.99,0.0030,464,175
T-Default-1x,12834,41.685,3.03,3.00,0.0030,464,175
T-Default-1x,12835,41.688,2.76,2.80,0.0028,464,175
T-Default-1x,12836,41.691,3.01,3.00,0.0030,464,175
T-Default-1x,12837,41.694,2.68,2.69,0.0027,464,175
T-Default-1x,12838,41.696,2.69,2.70,0.0027,464,175
T-Default-1x,12839,41.699,3.00,3.00,0.0030,464,175
T-Default-1x,12840,41.702,2.82,2.81,0.0028,464,175
T-Default-1x,12841,41.705,2.80,2.80,0.0028,464,175
T-Default-1x,12842,41.708,3.09,3.09,0.0031,516,175
T-Default-1x,12843,41.711,2.69,2.70,0.0027,464,175
T-Default-1x,12844,41.713,2.69,2.70,0.0027,464,175
T-Default-1x,12845,41.717,3.07,3.00,0.0031,464,175
T-Default-1x,12846,41.720,3.04,3.09,0.0030,464,175
T-Default-1x,12847,41.723,3.21,3.21,0.0032,464,175
T-Default-1x,12848,41.726,3.20,3.20,0.0032,464,175
T-Default-1x,12849,41.729,2.70,2.69,0.0027,464,175
T-Default-1x,12850,41.732,3.00,3.00,0.0030,464,175
T-Default-1x,12851,41.735,3.23,3.21,0.0032,464,175
T-Default-1x,12852,41.738,3.03,3.00,0.0030,464,175
T-Default-1x,12853,41.741,3.21,3.20,0.0032,464,175
T-Default-1x,12854,41.744,2.85,2.89,0.0029,464,175
T-Default-1x,12855,41.747,2.88,2.89,0.0029,464,175
T-Default-1x,12856,41.750,3.11,3.11,0.0031,464,175
T-Default-1x,12857,41.753,3.01,3.00,0.0030,464,175
T-Default-1x,12858,41.756,2.87,2.89,0.0029,464,175
T-Default-1x,12859,41.759,3.01,2.99,0.0030,464,175
T-Default-1x,12860,41.762,3.12,3.11,0.0031,464,175
T-Default-1x,12861,41.765,3.01,2.99,0.0030,464,175
T-Default-1x,12862,41.768,2.98,3.00,0.0030,464,175
T-Default-1x,12863,41.771,2.78,2.79,0.0028,464,175
T-Default-1x,12864,41.774,3.04,3.00,0.0030,464,175
T-Default-1x,12865,41.777,2.99,3.00,0.0030,464,175
T-Default-1x,12866,41.780,2.77,2.80,0.0028,464,175
T-Default-1x,12867,41.783,3.13,3.11,0.0031,464,175
T-Default-1x,12868,41.785,2.77,2.78,0.0028,464,175
T-Default-1x,12869,41.788,2.71,2.70,0.0027,464,175
T-Default-1x,12870,41.791,3.11,3.11,0.0031,464,175
T-Default-1x,12871,41.794,2.88,2.90,0.0029,464,175
T-Default-1x,12872,41.797,2.59,2.59,0.0026,464,175
T-Default-1x,12873,41.800,2.93,2.90,0.0029,464,175
T-Default-1x,12874,41.803,3.00,3.00,0.0030,464,175
T-Default-1x,12875,41.806,2.90,2.90,0.0029,464,175
T-Default-1x,12876,41.809,3.21,3.21,0.0032,464,175
T-Default-1x,12877,41.812,2.78,2.79,0.0028,464,175
T-Default-1x,12878,41.815,3.02,3.00,0.0030,464,175
T-Default-1x,12879,41.818,3.00,3.00,0.0030,464,175
T-Default-1x,12880,41.820,2.87,2.89,0.0029,464,175
T-Default-1x,12881,41.823,3.02,3.00,0.0030,464,175
T-Default-1x,12882,41.826,2.89,2.91,0.0029,464,175
T-Default-1x,12883,41.829,2.70,2.69,0.0027,464,175
T-Default-1x,12884,41.832,2.92,2.91,0.0029,464,175
T-Default-1x,12885,41.835,3.13,3.10,0.0031,464,175
T-Default-1x,12886,41.838,2.83,2.89,0.0028,464,175
T-Default-1x,12887,41.841,2.58,2.50,0.0026,464,175
T-Default-1x,12888,41.843,2.85,2.90,0.0028,464,175
T-Default-1x,12889,41.846,3.13,3.11,0.0031,464,175
T-Default-1x,12890,41.850,3.29,3.29,0.0033,464,175
T-Default-1x,12891,41.853,2.99,3.00,0.0030,464,175
T-Default-1x,12892,41.855,2.67,2.69,0.0027,464,175
T-Default-1x,12893,41.858,3.03,3.01,0.0030,464,175
T-Default-1x,12894,41.861,2.66,2.68,0.0027,464,175
T-Default-1x,12895,41.864,2.83,2.81,0.0028,464,175
T-Default-1x,12896,41.867,2.98,2.99,0.0030,464,175
T-Default-1x,12897,41.870,2.70,2.70,0.0027,464,175
T-Default-1x,12898,41.872,2.71,2.70,0.0027,464,175
T-Default-1x,12899,41.875,3.01,2.99,0.0030,464,175
T-Default-1x,12900,41.878,2.78,2.80,0.0028,464,175
T-Default-1x,12901,41.881,2.91,2.90,0.0029,464,175
T-Default-1x,12902,41.884,3.00,2.99,0.0030,464,175
T-Default-1x,12903,41.887,3.31,3.30,0.0033,464,175
T-Default-1x,12904,41.890,2.90,2.90,0.0029,464,175
T-Default-1x,12905,41.893,3.00,3.00,0.0030,464,175
T-Default-1x,12906,41.896,2.90,2.90,0.0029,464,175
T-Default-1x,12907,41.899,3.10,3.10,0.0031,464,175
T-Default-1x,12908,41.902,2.79,2.80,0.0028,464,175
T-Default-1x,12909,41.905,2.68,2.70,0.0027,464,175
T-Default-1x,12910,41.908,3.13,3.10,0.0031,464,175
T-Default-1x,12911,41.911,3.10,3.10,0.0031,516,175
T-Default-1x,12912,41.914,2.66,2.69,0.0027,464,175
T-Default-1x,12913,41.917,2.93,2.90,0.0029,464,175
T-Default-1x,12914,41.919,2.88,2.89,0.0029,464,175
T-Default-1x,12915,41.922,3.01,3.00,0.0030,464,175
T-Default-1x,12916,41.926,3.11,3.10,0.0031,464,175
T-Default-1x,12917,41.929,3.42,3.40,0.0034,464,175
T-Default-1x,12918,41.932,3.17,3.19,0.0032,464,175
T-Default-1x,12919,41.935,3.01,3.01,0.0030,464,175
T-Default-1x,12920,41.938,2.79,2.80,0.0028,464,175
T-Default-1x,12921,41.941,3.10,3.09,0.0031,464,175
T-Default-1x,12922,41.944,2.71,2.70,0.0027,464,175
T-Default-1x,12923,41.946,2.68,2.70,0.0027,464,175
T-Default-1x,12924,41.950,3.13,3.11,0.0031,464,175
T-Default-1x,12925,41.953,2.99,2.99,0.0030,464,175
T-Default-1x,12926,41.955,2.89,2.89,0.0029,464,175
T-Default-1x,12927,41.958,3.03,3.00,0.0030,464,175
T-Default-1x,12928,41.961,3.00,3.00,0.0030,464,175
T-Default-1x,12929,41.964,2.86,2.89,0.0029,464,175
T-Default-1x,12930,41.967,2.81,2.79,0.0028,464,175
T-Default-1x,12931,41.970,3.13,3.11,0.0031,464,175
T-Default-1x,12932,41.973,3.08,3.09,0.0031,464,175
T-Default-1x,12933,41.976,2.90,2.90,0.0029,464,175
T-Default-1x,12934,41.979,2.91,2.91,0.0029,464,175
T-Default-1x,12935,41.982,3.05,3.00,0.0030,464,175
T-Default-1x,12936,41.985,2.85,2.89,0.0028,464,175
T-Default-1x,12937,41.988,2.88,2.90,0.0029,464,175
T-Default-1x,12938,41.991,3.01,3.00,0.0030,464,175
T-Default-1x,12939,41.994,2.82,2.80,0.0028,464,175
T-Default-1x,12940,41.997,2.78,2.80,0.0028,464,175
T-Default-1x,12941,42.000,3.10,3.11,0.0031,464,175
T-Default-1x,12942,42.003,2.89,2.90,0.0029,464,175
T-Default-1x,12943,42.005,2.58,2.59,0.0026,464,175
T-Default-1x,12944,42.008,2.84,2.80,0.0028,464,175
T-Default-1x,12945,42.011,2.68,2.69,0.0027,464,175
T-Default-1x,12946,42.014,2.91,2.91,0.0029,464,175
T-Default-1x,12947,42.017,2.99,2.99,0.0030,464,175
T-Default-1x,12948,42.019,2.92,2.70,0.0029,464,175
T-Default-1x,12949,42.022,2.66,2.90,0.0027,464,175
T-Default-1x,12950,42.025,3.05,3.01,0.0030,464,175
T-Default-1x,12951,42.028,3.19,3.20,0.0032,464,175
T-Default-1x,12952,42.031,2.78,2.79,0.0028,464,175
T-Default-1x,12953,42.034,3.12,3.11,0.0031,464,175
T-Default-1x,12954,42.037,3.20,3.20,0.0032,464,175
T-Default-1x,12955,42.041,3.04,3.00,0.0030,464,175
T-Default-1x,12956,42.043,2.98,2.99,0.0030,464,175
T-Default-1x,12957,42.046,2.90,2.89,0.0029,464,175
T-Default-1x,12958,42.050,3.26,3.30,0.0033,464,175
T-Default-1x,12959,42.053,3.02,2.99,0.0030,464,175
T-Default-1x,12960,42.056,2.90,2.92,0.0029,464,175
T-Default-1x,12961,42.059,3.09,3.08,0.0031,464,175
T-Default-1x,12962,42.061,2.70,2.69,0.0027,464,175
T-Default-1x,12963,42.064,2.81,2.79,0.0028,464,175
T-Default-1x,12964,42.067,3.01,3.02,0.0030,464,175
T-Default-1x,12965,42.070,2.65,2.67,0.0026,464,175
T-Default-1x,12966,42.073,2.99,2.91,0.0030,464,175
T-Default-1x,12967,42.076,2.93,2.99,0.0029,464,175
T-Default-1x,12968,42.078,2.72,2.70,0.0027,464,175
T-Default-1x,12969,42.081,2.89,2.90,0.0029,464,175
T-Default-1x,12970,42.084,2.88,2.90,0.0029,464,175
T-Default-1x,12971,42.087,2.69,2.69,0.0027,464,175
T-Default-1x,12972,42.090,2.85,2.81,0.0028,464,175
T-Default-1x,12973,42.093,3.14,3.12,0.0031,464,175
T-Default-1x,12974,42.096,3.14,3.17,0.0031,464,175
T-Default-1x,12975,42.099,3.21,3.19,0.0032,464,175
T-Default-1x,12976,42.102,2.78,2.80,0.0028,464,175
T-Default-1x,12977,42.105,2.82,2.80,0.0028,464,175
T-Default-1x,12978,42.108,3.12,3.11,0.0031,464,175
T-Default-1x,12979,42.111,2.87,2.89,0.0029,516,175
T-Default-1x,12980,42.114,2.68,2.69,0.0027,464,175
T-Default-1x,12981,42.117,3.11,3.10,0.0031,464,175
T-Default-1x,12982,42.120,2.89,2.89,0.0029,464,175
T-Default-1x,12983,42.122,2.60,2.60,0.0026,464,175
T-Default-1x,12984,42.125,3.02,3.00,0.0030,464,175
T-Default-1x,12985,42.128,3.04,3.01,0.0030,464,175
T-Default-1x,12986,42.131,2.84,2.89,0.0028,464,175
T-Default-1x,12987,42.134,3.12,3.10,0.0031,464,175
T-Default-1x,12988,42.137,3.19,3.20,0.0032,464,175
T-Default-1x,12989,42.140,3.00,3.00,0.0030,464,175
T-Default-1x,12990,42.143,2.90,2.90,0.0029,464,175
T-Default-1x,12991,42.146,2.68,2.69,0.0027,464,175
T-Default-1x,12992,42.149,2.92,2.90,0.0029,464,175
T-Default-1x,12993,42.152,2.94,2.90,0.0029,464,175
T-Default-1x,12994,42.154,2.54,2.59,0.0025,464,175
T-Default-1x,12995,42.157,3.07,3.02,0.0031,464,175
T-Default-1x,12996,42.160,3.06,3.08,0.0031,464,175
T-Default-1x,12997,42.163,2.79,2.80,0.0028,464,175
T-Default-1x,12998,42.166,3.00,3.00,0.0030,464,175
T-Default-1x,12999,42.169,2.68,2.69,0.0027,464,175
T-Default-1x,13000,42.172,2.71,2.71,0.0027,464,175
T-Default-1x,13001,42.175,3.10,3.09,0.0031,464,175
T-Default-1x,13002,42.178,2.80,2.81,0.0028,464,175
T-Default-1x,13003,42.180,2.49,2.49,0.0025,464,175
T-Default-1x,13004,42.183,3.05,3.01,0.0030,464,175
T-Default-1x,13005,42.186,2.87,2.89,0.0029,464,175
T-Default-1x,13006,42.189,2.59,2.60,0.0026,464,175
T-Default-1x,13007,42.191,2.84,2.80,0.0028,464,175
T-Default-1x,13008,42.195,3.11,3.10,0.0031,464,175
T-Default-1x,13009,42.197,2.96,2.99,0.0030,464,175
T-Default-1x,13010,42.200,2.94,2.92,0.0029,464,175
T-Default-1x,13011,42.203,2.90,2.88,0.0029,464,175
T-Default-1x,13012,42.206,2.87,2.89,0.0029,464,175
T-Default-1x,13013,42.209,3.03,3.01,0.0030,464,175
T-Default-1x,13014,42.212,2.86,2.90,0.0029,464,175
T-Default-1x,13015,42.215,2.60,2.59,0.0026,464,175
T-Default-1x,13016,42.218,2.91,2.90,0.0029,464,175
T-Default-1x,13017,42.220,2.70,2.70,0.0027,464,175
T-Default-1x,13018,42.223,3.03,3.01,0.0030,464,175
T-Default-1x,13019,42.226,3.00,3.00,0.0030,464,175
T-Default-1x,13020,42.229,2.88,2.89,0.0029,464,175
T-Default-1x,13021,42.232,3.06,3.03,0.0031,464,175
T-Default-1x,13022,42.235,2.95,2.98,0.0030,464,175
T-Default-1x,13023,42.238,2.91,2.89,0.0029,464,175
T-Default-1x,13024,42.241,3.08,3.10,0.0031,464,175
T-Default-1x,13025,42.244,2.78,2.79,0.0028,464,175
T-Default-1x,13026,42.247,2.81,2.81,0.0028,464,175
T-Default-1x,13027,42.250,3.01,3.00,0.0030,464,175
T-Default-1x,13028,42.253,2.87,2.90,0.0029,464,175
T-Default-1x,13029,42.255,2.62,2.61,0.0026,464,175
T-Default-1x,13030,42.258,2.89,2.88,0.0029,464,175
T-Default-1x,13031,42.261,2.80,2.80,0.0028,464,175
T-Default-1x,13032,42.264,2.80,2.80,0.0028,464,175
T-Default-1x,13033,42.267,2.98,2.99,0.0030,464,175
T-Default-1x,13034,42.269,2.71,2.71,0.0027,464,175
T-Default-1x,13035,42.272,2.59,2.59,0.0026,464,175
T-Default-1x,13036,42.275,2.94,2.91,0.0029,464,175
T-Default-1x,13037,42.278,2.68,2.69,0.0027,464,175
T-Default-1x,13038,42.280,2.71,2.70,0.0027,464,175
T-Default-1x,13039,42.283,2.98,2.99,0.0030,464,175
T-Default-1x,13040,42.286,2.70,2.71,0.0027,464,175
T-Default-1x,13041,42.289,2.59,2.60,0.0026,464,175
T-Default-1x,13042,42.292,2.94,2.91,0.0029,464,175
T-Default-1x,13043,42.294,2.66,2.68,0.0027,464,175
T-Default-1x,13044,42.297,2.60,2.60,0.0026,464,175
T-Default-1x,13045,42.300,2.90,2.89,0.0029,464,175
T-Default-1x,13046,42.303,2.82,2.81,0.0028,464,175
T-Default-1x,13047,42.305,2.66,2.68,0.0027,464,175
T-Default-1x,13048,42.308,3.05,3.01,0.0031,464,175
T-Default-1x,13049,42.311,3.01,3.01,0.0030,516,175
T-Default-1x,13050,42.314,2.75,2.79,0.0028,464,175
T-Default-1x,13051,42.317,3.12,3.11,0.0031,464,175
T-Default-1x,13052,42.321,3.42,3.40,0.0034,464,175
T-Default-1x,13053,42.324,3.22,3.19,0.0032,464,175
T-Default-1x,13054,42.327,2.85,2.89,0.0028,464,175
T-Default-1x,13055,42.329,2.70,2.71,0.0027,464,175
T-Default-1x,13056,42.332,3.05,3.00,0.0030,464,175
T-Default-1x,13057,42.335,2.99,3.01,0.0030,464,175
T-Default-1x,13058,42.339,3.40,3.38,0.0034,464,175
T-Default-1x,13059,42.342,3.39,3.40,0.0034,464,175
T-Default-1x,13060,42.345,2.87,2.90,0.0029,464,175
T-Default-1x,13061,42.348,2.80,2.79,0.0028,464,175
T-Default-1x,13062,42.351,3.31,3.30,0.0033,464,175
T-Default-1x,13063,42.354,2.79,2.79,0.0028,464,175
T-Default-1x,13064,42.357,3.13,3.12,0.0031,464,175
T-Default-1x,13065,42.360,2.99,3.00,0.0030,464,175
T-Default-1x,13066,42.363,2.67,2.69,0.0027,464,175
T-Default-1x,13067,42.366,3.05,3.01,0.0031,464,175
T-Default-1x,13068,42.369,2.94,2.98,0.0029,464,175
T-Default-1x,13069,42.372,2.81,2.81,0.0028,464,175
T-Default-1x,13070,42.375,3.13,3.09,0.0031,464,175
T-Default-1x,13071,42.378,3.00,3.00,0.0030,464,175
T-Default-1x,13072,42.380,2.77,2.79,0.0028,464,175
T-Default-1x,13073,42.383,3.02,3.00,0.0030,464,175
T-Default-1x,13074,42.386,2.89,2.90,0.0029,464,175
T-Default-1x,13075,42.389,2.80,2.79,0.0028,464,175
T-Default-1x,13076,42.392,3.01,3.01,0.0030,464,175
T-Default-1x,13077,42.395,2.78,2.78,0.0028,464,175
T-Default-1x,13078,42.398,2.94,2.90,0.0029,464,175
T-Default-1x,13079,42.401,3.09,3.12,0.0031,464,175
T-Default-1x,13080,42.404,2.90,2.89,0.0029,464,175
T-Default-1x,13081,42.407,2.91,2.90,0.0029,464,175
T-Default-1x,13082,42.410,2.97,2.99,0.0030,464,175
T-Default-1x,13083,42.412,2.69,2.68,0.0027,464,175
T-Default-1x,13084,42.415,2.95,2.92,0.0030,464,175
T-Default-1x,13085,42.418,2.76,2.79,0.0028,464,175
T-Default-1x,13086,42.421,2.67,2.69,0.0027,464,175
T-Default-1x,13087,42.424,2.95,2.90,0.0029,464,175
T-Default-1x,13088,42.426,2.65,2.70,0.0027,464,175
T-Default-1x,13089,42.429,2.62,2.60,0.0026,464,175
T-Default-1x,13090,42.432,3.25,3.20,0.0032,464,175
T-Default-1x,13091,42.435,3.08,3.10,0.0031,464,175
T-Default-1x,13092,42.438,2.76,2.79,0.0028,464,175
T-Default-1x,13093,42.441,3.04,3.00,0.0030,464,175
T-Default-1x,13094,42.444,2.77,2.80,0.0028,464,175
T-Default-1x,13095,42.447,2.68,2.69,0.0027,464,175
T-Default-1x,13096,42.450,3.02,3.01,0.0030,464,175
T-Default-1x,13097,42.452,2.70,2.71,0.0027,464,175
T-Default-1x,13098,42.455,2.67,2.68,0.0027,464,175
T-Default-1x,13099,42.458,3.25,3.21,0.0032,464,175
T-Default-1x,13100,42.461,2.89,2.89,0.0029,464,175
T-Default-1x,13101,42.464,2.92,2.90,0.0029,464,175
T-Default-1x,13102,42.467,2.97,3.00,0.0030,464,175
T-Default-1x,13103,42.470,2.69,2.69,0.0027,464,175
T-Default-1x,13104,42.472,2.71,2.71,0.0027,464,175
T-Default-1x,13105,42.475,3.00,3.00,0.0030,464,175
T-Default-1x,13106,42.478,2.70,2.69,0.0027,464,175
T-Default-1x,13107,42.481,2.81,2.80,0.0028,464,175
T-Default-1x,13108,42.484,3.00,3.00,0.0030,464,175
T-Default-1x,13109,42.487,2.68,2.69,0.0027,464,175
T-Default-1x,13110,42.489,2.80,2.80,0.0028,464,175
T-Default-1x,13111,42.492,3.02,3.00,0.0030,464,175
T-Default-1x,13112,42.495,2.68,2.70,0.0027,464,175
T-Default-1x,13113,42.498,2.75,2.71,0.0027,464,175
T-Default-1x,13114,42.501,2.86,2.89,0.0029,464,175
T-Default-1x,13115,42.503,2.70,2.70,0.0027,464,175
T-Default-1x,13116,42.507,3.13,3.10,0.0031,464,175
T-Default-1x,13117,42.509,2.90,2.90,0.0029,464,175
T-Default-1x,13118,42.512,2.88,2.89,0.0029,516,175
T-Default-1x,13119,42.515,2.93,2.90,0.0029,464,175
T-Default-1x,13120,42.518,3.00,3.00,0.0030,464,175
T-Default-1x,13121,42.521,3.18,3.19,0.0032,464,175
T-Default-1x,13122,42.525,3.32,3.31,0.0033,464,175
T-Default-1x,13123,42.528,2.88,2.90,0.0029,464,175
T-Default-1x,13124,42.530,2.69,2.70,0.0027,464,175
T-Default-1x,13125,42.533,2.92,2.90,0.0029,464,175
T-Default-1x,13126,42.536,2.79,2.81,0.0028,464,175
T-Default-1x,13127,42.539,2.90,2.88,0.0029,464,175
T-Default-1x,13128,42.542,3.09,3.10,0.0031,464,175
T-Default-1x,13129,42.545,2.69,2.69,0.0027,464,175
T-Default-1x,13130,42.547,2.71,2.72,0.0027,464,175
T-Default-1x,13131,42.550,2.99,2.98,0.0030,464,175
T-Default-1x,13132,42.554,3.29,3.21,0.0033,464,175
T-Default-1x,13133,42.557,3.13,3.18,0.0031,464,175
T-Default-1x,13134,42.560,2.91,2.91,0.0029,464,175
T-Default-1x,13135,42.563,2.88,2.89,0.0029,464,175
T-Default-1x,13136,42.566,3.01,2.92,0.0030,464,175
T-Default-1x,13137,42.569,3.06,3.16,0.0031,464,175
T-Default-1x,13138,42.571,2.70,2.69,0.0027,464,175
T-Default-1x,13139,42.574,2.93,2.92,0.0029,464,175
T-Default-1x,13140,42.577,2.70,2.70,0.0027,464,175
T-Default-1x,13141,42.580,2.69,2.69,0.0027,464,175
T-Default-1x,13142,42.583,3.03,3.01,0.0030,464,175
T-Default-1x,13143,42.586,2.78,2.79,0.0028,464,175
T-Default-1x,13144,42.588,2.69,2.69,0.0027,464,175
T-Default-1x,13145,42.591,3.10,3.09,0.0031,464,175
T-Default-1x,13146,42.594,2.78,2.80,0.0028,464,175
T-Default-1x,13147,42.597,2.61,2.60,0.0026,464,175
T-Default-1x,13148,42.600,2.92,2.90,0.0029,464,175
T-Default-1x,13149,42.602,2.60,2.61,0.0026,464,175
T-Default-1x,13150,42.605,2.49,2.49,0.0025,464,175
T-Default-1x,13151,42.608,2.91,2.90,0.0029,464,175
T-Default-1x,13152,42.610,2.60,2.60,0.0026,464,175
T-Default-1x,13153,42.613,2.71,2.69,0.0027,464,175
T-Default-1x,13154,42.616,2.89,2.90,0.0029,464,175
T-Default-1x,13155,42.619,2.68,2.70,0.0027,464,175
T-Default-1x,13156,42.621,2.72,2.70,0.0027,464,175
T-Default-1x,13157,42.624,3.12,3.10,0.0031,464,175
T-Default-1x,13158,42.627,2.78,2.80,0.0028,464,175
T-Default-1x,13159,42.630,2.58,2.58,0.0026,464,175
T-Default-1x,13160,42.633,3.22,3.21,0.0032,464,175
T-Default-1x,13161,42.636,2.84,2.81,0.0028,464,175
T-Default-1x,13162,42.639,2.89,2.90,0.0029,464,175
T-Default-1x,13163,42.642,2.88,2.88,0.0029,464,175
T-Default-1x,13164,42.644,2.70,2.70,0.0027,464,175
T-Default-1x,13165,42.647,2.68,2.68,0.0027,464,175
T-Default-1x,13166,42.650,3.02,3.01,0.0030,464,175
T-Default-1x,13167,42.653,2.72,2.69,0.0027,464,175
T-Default-1x,13168,42.655,2.69,2.71,0.0027,464,175
T-Default-1x,13169,42.658,3.08,3.09,0.0031,464,175
T-Default-1x,13170,42.661,2.72,2.70,0.0027,464,175
T-Default-1x,13171,42.664,2.81,2.80,0.0028,464,175
T-Default-1x,13172,42.667,2.97,2.99,0.0030,464,175
T-Default-1x,13173,42.670,2.58,2.59,0.0026,464,175
T-Default-1x,13174,42.673,3.00,2.92,0.0030,464,175
T-Default-1x,13175,42.676,3.12,3.18,0.0031,464,175
T-Default-1x,13176,42.678,2.71,2.70,0.0027,464,175
T-Default-1x,13177,42.681,2.80,2.80,0.0028,464,175
T-Default-1x,13178,42.684,2.78,2.79,0.0028,464,175
T-Default-1x,13179,42.687,2.72,2.70,0.0027,464,175
T-Default-1x,13180,42.689,2.69,2.70,0.0027,464,175
T-Default-1x,13181,42.692,2.91,2.90,0.0029,464,175
T-Default-1x,13182,42.695,2.81,2.79,0.0028,464,175
T-Default-1x,13183,42.698,2.81,2.79,0.0028,464,175
T-Default-1x,13184,42.701,3.00,3.02,0.0030,464,175
T-Default-1x,13185,42.704,2.78,2.79,0.0028,464,175
T-Default-1x,13186,42.707,3.03,3.00,0.0030,464,175
T-Default-1x,13187,42.710,2.90,2.90,0.0029,464,175
T-Default-1x,13188,42.712,2.78,2.79,0.0028,516,175
T-Default-1x,13189,42.715,2.94,2.91,0.0029,464,175
T-Default-1x,13190,42.718,2.99,3.00,0.0030,464,175
T-Default-1x,13191,42.721,2.65,2.69,0.0027,464,175
T-Default-1x,13192,42.724,2.96,2.92,0.0030,464,175
T-Default-1x,13193,42.727,2.86,2.88,0.0029,464,175
T-Default-1x,13194,42.729,2.69,2.70,0.0027,464,175
T-Default-1x,13195,42.732,3.00,2.99,0.0030,464,175
T-Default-1x,13196,42.735,2.70,2.71,0.0027,464,175
T-Default-1x,13197,42.738,2.69,2.69,0.0027,464,175
T-Default-1x,13198,42.741,3.02,3.00,0.0030,464,175
T-Default-1x,13199,42.744,2.90,2.89,0.0029,464,175
T-Default-1x,13200,42.746,2.68,2.70,0.0027,464,175
T-Default-1x,13201,42.749,3.01,3.00,0.0030,464,175
T-Default-1x,13202,42.752,2.68,2.70,0.0027,464,175
T-Default-1x,13203,42.755,2.60,2.59,0.0026,464,175
T-Default-1x,13204,42.758,3.02,3.01,0.0030,464,175
T-Default-1x,13205,42.760,2.71,2.71,0.0027,464,175
T-Default-1x,13206,42.763,2.58,2.58,0.0026,464,175
T-Default-1x,13207,42.766,3.14,3.11,0.0031,464,175
T-Default-1x,13208,42.769,2.55,2.58,0.0025,464,175
T-Default-1x,13209,42.771,2.60,2.61,0.0026,464,175
T-Default-1x,13210,42.774,2.93,2.90,0.0029,464,175
T-Default-1x,13211,42.777,2.67,2.69,0.0027,464,175
T-Default-1x,13212,42.780,2.71,2.70,0.0027,464,175
T-Default-1x,13213,42.783,2.90,2.90,0.0029,464,175
T-Default-1x,13214,42.785,2.59,2.60,0.0026,464,175
T-Default-1x,13215,42.788,2.59,2.59,0.0026,464,175
T-Default-1x,13216,42.791,2.94,2.90,0.0029,464,175
T-Default-1x,13217,42.793,2.67,2.69,0.0027,464,175
T-Default-1x,13218,42.796,2.50,2.50,0.0025,464,175
T-Default-1x,13219,42.799,2.92,2.89,0.0029,464,175
T-Default-1x,13220,42.802,2.78,2.81,0.0028,464,175
T-Default-1x,13221,42.804,2.62,2.60,0.0026,464,175
T-Default-1x,13222,42.807,2.91,2.90,0.0029,464,175
T-Default-1x,13223,42.810,2.76,2.79,0.0028,464,175
T-Default-1x,13224,42.813,2.71,2.71,0.0027,464,175
T-Default-1x,13225,42.815,2.82,2.79,0.0028,464,175
T-Default-1x,13226,42.818,2.79,2.80,0.0028,464,175
T-Default-1x,13227,42.821,2.58,2.58,0.0026,464,175
T-Default-1x,13228,42.824,2.97,2.92,0.0030,464,175
T-Default-1x,13229,42.827,2.84,2.89,0.0028,464,175
T-Default-1x,13230,42.829,2.57,2.59,0.0026,464,175
T-Default-1x,13231,42.832,2.98,2.93,0.0030,464,175
T-Default-1x,13232,42.835,3.04,3.08,0.0030,464,175
T-Default-1x,13233,42.838,2.48,2.49,0.0025,464,175
T-Default-1x,13234,42.841,2.96,2.90,0.0030,464,175
T-Default-1x,13235,42.843,2.76,2.81,0.0028,464,175
T-Default-1x,13236,42.846,2.70,2.69,0.0027,464,175
T-Default-1x,13237,42.849,2.82,2.80,0.0028,464,175
T-Default-1x,13238,42.852,2.90,2.92,0.0029,464,175
T-Default-1x,13239,42.855,2.89,2.87,0.0029,464,175
T-Default-1x,13240,42.858,3.09,3.10,0.0031,464,175
T-Default-1x,13241,42.861,2.81,2.81,0.0028,464,175
T-Default-1x,13242,42.864,3.33,3.30,0.0033,464,175
T-Default-1x,13243,42.867,3.16,3.19,0.0032,464,175
T-Default-1x,13244,42.870,2.81,2.79,0.0028,464,175
T-Default-1x,13245,42.873,2.94,2.91,0.0029,464,175
T-Default-1x,13246,42.876,3.06,3.09,0.0031,464,175
T-Default-1x,13247,42.879,2.71,2.70,0.0027,464,175
T-Default-1x,13248,42.882,3.02,3.00,0.0030,464,175
T-Default-1x,13249,42.884,2.87,2.90,0.0029,464,175
T-Default-1x,13250,42.887,2.69,2.69,0.0027,464,175
T-Default-1x,13251,42.890,3.03,3.01,0.0030,464,175
T-Default-1x,13252,42.893,2.87,2.90,0.0029,464,175
T-Default-1x,13253,42.896,2.72,2.71,0.0027,464,175
T-Default-1x,13254,42.899,2.93,2.90,0.0029,464,175
T-Default-1x,13255,42.902,2.86,2.89,0.0029,464,175
T-Default-1x,13256,42.904,2.71,2.69,0.0027,464,175
T-Default-1x,13257,42.907,3.02,3.01,0.0030,464,175
T-Default-1x,13258,42.910,2.77,2.79,0.0028,464,175
T-Default-1x,13259,42.913,2.84,2.80,0.0028,516,175
T-Default-1x,13260,42.916,3.17,3.20,0.0032,464,175
T-Default-1x,13261,42.919,2.66,2.69,0.0027,464,175
T-Default-1x,13262,42.921,2.62,2.60,0.0026,464,175
T-Default-1x,13263,42.924,3.14,3.11,0.0031,464,175
T-Default-1x,13264,42.927,2.79,2.80,0.0028,464,175
T-Default-1x,13265,42.930,2.78,2.80,0.0028,464,175
T-Default-1x,13266,42.933,3.00,3.00,0.0030,464,175
T-Default-1x,13267,42.936,2.60,2.60,0.0026,464,175
T-Default-1x,13268,42.938,2.73,2.70,0.0027,464,175
T-Default-1x,13269,42.941,3.06,3.10,0.0031,464,175
T-Default-1x,13270,42.944,2.70,2.70,0.0027,464,175
T-Default-1x,13271,42.947,2.74,2.71,0.0027,464,175
T-Default-1x,13272,42.950,3.17,3.19,0.0032,464,175
T-Default-1x,13273,42.953,2.80,2.80,0.0028,464,175
T-Default-1x,13274,42.955,2.58,2.59,0.0026,464,175
T-Default-1x,13275,42.958,2.82,2.80,0.0028,464,175
T-Default-1x,13276,42.961,2.79,2.80,0.0028,464,175
T-Default-1x,13277,42.964,2.82,2.81,0.0028,464,175
T-Default-1x,13278,42.967,3.08,3.10,0.0031,464,175
T-Default-1x,13279,42.969,2.48,2.48,0.0025,464,175
T-Default-1x,13280,42.972,2.72,2.70,0.0027,464,175
T-Default-1x,13281,42.975,3.01,3.01,0.0030,464,175
T-Default-1x,13282,42.978,2.69,2.70,0.0027,464,175
T-Default-1x,13283,42.981,2.69,2.69,0.0027,464,175
T-Default-1x,13284,42.984,3.00,3.00,0.0030,464,175
T-Default-1x,13285,42.986,2.79,2.79,0.0028,464,175
T-Default-1x,13286,42.989,2.74,2.70,0.0027,464,175
T-Default-1x,13287,42.992,2.98,3.01,0.0030,464,175
T-Default-1x,13288,42.995,2.69,2.69,0.0027,464,175
T-Default-1x,13289,42.997,2.72,2.69,0.0027,464,175
T-Default-1x,13290,43.000,2.99,3.00,0.0030,464,175
T-Default-1x,13291,43.003,2.80,2.80,0.0028,464,175
T-Default-1x,13292,43.006,2.68,2.69,0.0027,464,175
T-Default-1x,13293,43.009,2.71,2.70,0.0027,464,175
T-Default-1x,13294,43.011,2.60,2.60,0.0026,464,175
T-Default-1x,13295,43.014,2.71,2.70,0.0027,464,175
T-Default-1x,13296,43.017,3.01,3.00,0.0030,464,175
T-Default-1x,13297,43.020,2.56,2.58,0.0026,464,175
T-Default-1x,13298,43.022,2.73,2.71,0.0027,464,175
T-Default-1x,13299,43.025,3.01,3.00,0.0030,464,175
T-Default-1x,13300,43.028,2.77,2.78,0.0028,464,175
T-Default-1x,13301,43.031,2.83,2.82,0.0028,464,175
T-Default-1x,13302,43.034,3.29,3.29,0.0033,464,175
T-Default-1x,13303,43.037,2.88,2.89,0.0029,464,175
T-Default-1x,13304,43.040,3.05,3.01,0.0030,464,175
T-Default-1x,13305,43.043,3.01,3.00,0.0030,464,175
T-Default-1x,13306,43.046,2.88,2.89,0.0029,464,175
T-Default-1x,13307,43.049,3.12,3.11,0.0031,464,175
T-Default-1x,13308,43.052,2.76,2.80,0.0028,464,175
T-Default-1x,13309,43.054,2.57,2.58,0.0026,464,175
T-Default-1x,13310,43.058,3.07,3.02,0.0031,464,175
T-Default-1x,13311,43.060,2.75,2.79,0.0027,464,175
T-Default-1x,13312,43.063,2.71,2.70,0.0027,464,175
T-Default-1x,13313,43.066,3.00,2.99,0.0030,464,175
T-Default-1x,13314,43.069,2.72,2.74,0.0027,464,175
T-Default-1x,13315,43.071,2.59,2.57,0.0026,464,175
T-Default-1x,13316,43.074,2.99,2.98,0.0030,464,175
T-Default-1x,13317,43.077,2.69,2.70,0.0027,464,175
T-Default-1x,13318,43.080,2.62,2.60,0.0026,464,175
T-Default-1x,13319,43.083,3.00,2.99,0.0030,464,175
T-Default-1x,13320,43.085,2.69,2.71,0.0027,464,175
T-Default-1x,13321,43.088,2.71,2.70,0.0027,464,175
T-Default-1x,13322,43.091,2.99,2.99,0.0030,464,175
T-Default-1x,13323,43.094,2.70,2.70,0.0027,464,175
T-Default-1x,13324,43.096,2.61,2.61,0.0026,464,175
T-Default-1x,13325,43.099,3.11,3.10,0.0031,464,175
T-Default-1x,13326,43.102,2.81,2.80,0.0028,464,175
T-Default-1x,13327,43.105,2.69,2.70,0.0027,464,175
T-Default-1x,13328,43.108,2.99,2.99,0.0030,464,175
T-Default-1x,13329,43.111,2.71,2.71,0.0027,464,175
T-Default-1x,13330,43.113,2.68,2.69,0.0027,516,175
T-Default-1x,13331,43.116,3.00,3.00,0.0030,464,175
T-Default-1x,13332,43.119,2.70,2.70,0.0027,464,175
T-Default-1x,13333,43.122,2.59,2.60,0.0026,464,175
T-Default-1x,13334,43.124,2.91,2.89,0.0029,464,175
T-Default-1x,13335,43.127,2.70,2.70,0.0027,464,175
T-Default-1x,13336,43.130,2.60,2.60,0.0026,464,175
T-Default-1x,13337,43.133,2.90,2.88,0.0029,464,175
T-Default-1x,13338,43.135,2.61,2.61,0.0026,464,175
T-Default-1x,13339,43.138,2.80,2.79,0.0028,464,175
T-Default-1x,13340,43.141,2.91,2.90,0.0029,464,175
T-Default-1x,13341,43.144,2.58,2.60,0.0026,464,175
T-Default-1x,13342,43.146,2.61,2.61,0.0026,464,175
T-Default-1x,13343,43.149,2.91,2.89,0.0029,464,175
T-Default-1x,13344,43.152,3.14,3.10,0.0031,464,175
T-Default-1x,13345,43.155,2.98,3.01,0.0030,464,175
T-Default-1x,13346,43.158,3.19,3.19,0.0032,464,175
T-Default-1x,13347,43.161,2.89,2.90,0.0029,464,175
T-Default-1x,13348,43.164,2.68,2.69,0.0027,464,175
T-Default-1x,13349,43.167,2.81,2.80,0.0028,464,175
T-Default-1x,13350,43.169,2.68,2.69,0.0027,464,175
T-Default-1x,13351,43.172,2.85,2.83,0.0028,464,175
T-Default-1x,13352,43.175,2.97,2.98,0.0030,464,175
T-Default-1x,13353,43.178,2.81,2.79,0.0028,464,175
T-Default-1x,13354,43.181,2.69,2.70,0.0027,464,175
T-Default-1x,13355,43.184,2.92,2.91,0.0029,464,175
T-Default-1x,13356,43.186,2.69,2.69,0.0027,464,175
T-Default-1x,13357,43.189,2.78,2.79,0.0028,464,175
T-Default-1x,13358,43.192,2.92,2.90,0.0029,464,175
T-Default-1x,13359,43.195,2.78,2.80,0.0028,464,175
T-Default-1x,13360,43.198,2.81,2.79,0.0028,464,175
T-Default-1x,13361,43.201,3.00,3.01,0.0030,464,175
T-Default-1x,13362,43.203,2.68,2.68,0.0027,464,175
T-Default-1x,13363,43.206,2.69,2.70,0.0027,464,175
T-Default-1x,13364,43.209,2.82,2.80,0.0028,464,175
T-Default-1x,13365,43.212,2.70,2.70,0.0027,464,175
T-Default-1x,13366,43.214,2.92,2.90,0.0029,464,175
T-Default-1x,13367,43.217,2.87,2.89,0.0029,464,175
T-Default-1x,13368,43.220,2.70,2.70,0.0027,464,175
T-Default-1x,13369,43.223,2.83,2.80,0.0028,464,175
T-Default-1x,13370,43.226,2.99,3.01,0.0030,464,175
T-Default-1x,13371,43.229,2.92,2.89,0.0029,464,175
T-Default-1x,13372,43.232,3.01,3.00,0.0030,464,175
T-Default-1x,13373,43.235,2.87,2.89,0.0029,464,175
T-Default-1x,13374,43.237,2.69,2.70,0.0027,464,175
T-Default-1x,13375,43.240,2.84,2.80,0.0028,464,175
T-Default-1x,13376,43.243,2.97,3.01,0.0030,464,175
T-Default-1x,13377,43.246,2.69,2.69,0.0027,464,175
T-Default-1x,13378,43.249,2.95,2.91,0.0030,464,175
T-Default-1x,13379,43.252,2.96,2.99,0.0030,464,175
T-Default-1x,13380,43.255,2.77,2.80,0.0028,464,175
T-Default-1x,13381,43.257,2.93,2.90,0.0029,464,175
T-Default-1x,13382,43.260,2.80,2.80,0.0028,464,175
T-Default-1x,13383,43.263,2.91,2.90,0.0029,464,175
T-Default-1x,13384,43.266,2.89,2.90,0.0029,464,175
T-Default-1x,13385,43.269,2.69,2.70,0.0027,464,175
T-Default-1x,13386,43.271,2.71,2.70,0.0027,464,175
T-Default-1x,13387,43.275,3.32,3.30,0.0033,464,175
T-Default-1x,13388,43.278,2.79,2.81,0.0028,464,175
T-Default-1x,13389,43.280,2.58,2.59,0.0026,464,175
T-Default-1x,13390,43.283,3.04,3.02,0.0030,464,175
T-Default-1x,13391,43.286,2.77,2.78,0.0028,464,175
T-Default-1x,13392,43.289,2.61,2.60,0.0026,464,175
T-Default-1x,13393,43.292,3.13,3.11,0.0031,464,175
T-Default-1x,13394,43.294,2.78,2.78,0.0028,464,175
T-Default-1x,13395,43.297,2.58,2.60,0.0026,464,175
T-Default-1x,13396,43.300,2.92,2.90,0.0029,464,175
T-Default-1x,13397,43.303,2.69,2.70,0.0027,464,175
T-Default-1x,13398,43.305,2.79,2.79,0.0028,464,175
T-Default-1x,13399,43.308,3.03,3.00,0.0030,464,175
T-Default-1x,13400,43.311,2.87,2.90,0.0029,464,175
T-Default-1x,13401,43.314,2.64,2.61,0.0026,516,175
T-Default-1x,13402,43.317,2.87,2.89,0.0029,464,175
T-Default-1x,13403,43.319,2.64,2.63,0.0026,464,175
T-Default-1x,13404,43.322,2.78,2.78,0.0028,464,175
T-Default-1x,13405,43.325,3.00,2.99,0.0030,464,175
T-Default-1x,13406,43.328,2.77,2.80,0.0028,464,175
T-Default-1x,13407,43.331,2.62,2.59,0.0026,464,175
T-Default-1x,13408,43.334,2.89,2.90,0.0029,464,175
T-Default-1x,13409,43.336,2.60,2.59,0.0026,464,175
T-Default-1x,13410,43.339,2.70,2.70,0.0027,464,175
T-Default-1x,13411,43.342,2.93,2.92,0.0029,464,175
T-Default-1x,13412,43.345,2.77,2.77,0.0028,464,175
T-Default-1x,13413,43.347,2.70,2.70,0.0027,464,175
T-Default-1x,13414,43.350,3.02,3.00,0.0030,464,175
T-Default-1x,13415,43.353,2.78,2.80,0.0028,464,175
T-Default-1x,13416,43.356,2.92,2.89,0.0029,464,175
T-Default-1x,13417,43.359,3.09,3.11,0.0031,464,175
T-Default-1x,13418,43.362,2.81,2.80,0.0028,464,175
T-Default-1x,13419,43.365,2.82,2.79,0.0028,464,175
T-Default-1x,13420,43.368,2.88,2.91,0.0029,464,175
T-Default-1x,13421,43.370,2.58,2.59,0.0026,464,175
T-Default-1x,13422,43.373,2.70,2.69,0.0027,464,175
T-Default-1x,13423,43.376,2.92,2.91,0.0029,464,175
T-Default-1x,13424,43.379,2.92,2.90,0.0029,464,175
T-Default-1x,13425,43.382,3.22,3.20,0.0032,464,175
T-Default-1x,13426,43.385,2.96,2.99,0.0030,464,175
T-Default-1x,13427,43.388,3.25,3.21,0.0033,464,175
T-Default-1x,13428,43.391,3.16,3.19,0.0032,464,175
T-Default-1x,13429,43.394,3.09,3.10,0.0031,464,175
T-Default-1x,13430,43.397,3.04,3.03,0.0030,464,175
T-Default-1x,13431,43.400,3.08,3.07,0.0031,464,175
T-Default-1x,13432,43.403,2.66,2.69,0.0027,464,175
T-Default-1x,13433,43.406,2.92,2.91,0.0029,464,175
T-Default-1x,13434,43.409,2.99,3.00,0.0030,464,175
T-Default-1x,13435,43.412,3.03,3.01,0.0030,464,175
T-Default-1x,13436,43.415,2.83,2.81,0.0028,464,175
T-Default-1x,13437,43.418,2.96,2.98,0.0030,464,175
T-Default-1x,13438,43.421,2.66,2.69,0.0027,464,175
T-Default-1x,13439,43.423,2.94,2.91,0.0029,464,175
T-Default-1x,13440,43.426,2.99,3.00,0.0030,464,175
T-Default-1x,13441,43.429,2.58,2.59,0.0026,464,175
T-Default-1x,13442,43.432,2.98,2.91,0.0030,464,175
T-Default-1x,13443,43.435,2.85,2.90,0.0028,464,175
T-Default-1x,13444,43.437,2.59,2.60,0.0026,464,175
T-Default-1x,13445,43.440,2.94,2.90,0.0029,464,175
T-Default-1x,13446,43.443,2.86,2.88,0.0029,464,175
T-Default-1x,13447,43.446,2.82,2.80,0.0028,464,175
T-Default-1x,13448,43.449,2.98,3.00,0.0030,464,175
T-Default-1x,13449,43.452,2.71,2.72,0.0027,464,175
T-Default-1x,13450,43.454,2.57,2.58,0.0026,464,175
T-Default-1x,13451,43.457,2.52,2.51,0.0025,464,175
T-Default-1x,13452,43.460,2.68,2.69,0.0027,464,175
T-Default-1x,13453,43.462,2.50,2.50,0.0025,464,175
T-Default-1x,13454,43.465,2.83,2.80,0.0028,464,175
T-Default-1x,13455,43.468,2.77,2.79,0.0028,464,175
T-Default-1x,13456,43.470,2.59,2.60,0.0026,464,175
T-Default-1x,13457,43.473,2.75,2.70,0.0027,464,175
T-Default-1x,13458,43.476,2.89,2.90,0.0029,464,175
T-Default-1x,13459,43.479,2.79,2.79,0.0028,464,175
T-Default-1x,13460,43.482,2.95,2.91,0.0029,464,175
T-Default-1x,13461,43.485,2.96,2.98,0.0030,464,175
T-Default-1x,13462,43.487,2.69,2.70,0.0027,464,175
T-Default-1x,13463,43.490,3.04,3.00,0.0030,464,175
T-Default-1x,13464,43.493,2.86,2.89,0.0029,464,175
T-Default-1x,13465,43.496,2.60,2.59,0.0026,464,175
T-Default-1x,13466,43.499,2.94,2.92,0.0029,464,175
T-Default-1x,13467,43.501,2.77,2.78,0.0028,464,175
T-Default-1x,13468,43.504,2.60,2.59,0.0026,464,175
T-Default-1x,13469,43.507,2.92,2.91,0.0029,464,175
T-Default-1x,13470,43.510,2.89,2.91,0.0029,464,175
T-Default-1x,13471,43.513,2.91,2.89,0.0029,464,175
T-Default-1x,13472,43.516,2.92,2.90,0.0029,516,175
T-Default-1x,13473,43.519,3.05,3.07,0.0030,464,175
T-Default-1x,13474,43.522,3.25,3.23,0.0032,464,175
T-Default-1x,13475,43.525,3.28,3.29,0.0033,464,175
T-Default-1x,13476,43.528,2.64,2.61,0.0026,464,175
T-Default-1x,13477,43.531,2.83,2.86,0.0028,464,175
T-Default-1x,13478,43.534,2.93,2.90,0.0029,464,175
T-Default-1x,13479,43.537,2.90,2.91,0.0029,464,175
T-Default-1x,13480,43.539,2.92,2.89,0.0029,464,175
T-Default-1x,13481,43.542,2.98,3.00,0.0030,464,175
T-Default-1x,13482,43.545,2.89,2.88,0.0029,464,175
T-Default-1x,13483,43.548,3.03,3.01,0.0030,464,175
T-Default-1x,13484,43.551,2.86,2.89,0.0029,464,175
T-Default-1x,13485,43.554,2.61,2.60,0.0026,464,175
T-Default-1x,13486,43.557,2.92,2.91,0.0029,464,175
T-Default-1x,13487,43.560,3.10,3.10,0.0031,464,175
T-Default-1x,13488,43.563,2.78,2.79,0.0028,464,175
T-Default-1x,13489,43.566,3.13,3.11,0.0031,464,175
T-Default-1x,13490,43.569,2.93,2.96,0.0029,464,175
T-Default-1x,13491,43.571,2.65,2.64,0.0026,464,175
T-Default-1x,13492,43.574,2.94,2.89,0.0029,464,175
T-Default-1x,13493,43.577,2.75,2.79,0.0028,464,175
T-Default-1x,13494,43.580,2.59,2.59,0.0026,464,175
T-Default-1x,13495,43.583,3.13,3.11,0.0031,464,175
T-Default-1x,13496,43.586,2.89,2.89,0.0029,464,175
T-Default-1x,13497,43.588,2.52,2.52,0.0025,464,175
T-Default-1x,13498,43.591,2.99,2.97,0.0030,464,175
T-Default-1x,13499,43.594,2.90,2.89,0.0029,464,175
T-Default-1x,13500,43.597,2.78,2.80,0.0028,464,175
T-Default-1x,13501,43.600,3.01,3.00,0.0030,464,175
T-Default-1x,13502,43.603,2.70,2.70,0.0027,464,175
T-Default-1x,13503,43.605,2.60,2.59,0.0026,464,175
T-Default-1x,13504,43.608,3.11,3.10,0.0031,464,175
T-Default-1x,13505,43.611,2.92,2.91,0.0029,464,175
T-Default-1x,13506,43.614,3.31,3.30,0.0033,464,175
T-Default-1x,13507,43.618,3.08,3.10,0.0031,464,175
T-Default-1x,13508,43.620,2.77,2.79,0.0028,464,175
T-Default-1x,13509,43.623,2.59,2.59,0.0026,464,175
T-Default-1x,13510,43.626,3.02,3.01,0.0030,464,175
T-Default-1x,13511,43.629,2.82,2.80,0.0028,464,175
T-Default-1x,13512,43.632,3.33,3.30,0.0033,464,175
T-Default-1x,13513,43.635,3.16,3.19,0.0032,464,175
T-Default-1x,13514,43.638,2.80,2.80,0.0028,464,175
T-Default-1x,13515,43.641,3.00,2.99,0.0030,464,175
T-Default-1x,13516,43.644,2.98,3.00,0.0030,464,175
T-Default-1x,13517,43.647,2.70,2.69,0.0027,464,175
T-Default-1x,13518,43.650,3.03,3.01,0.0030,464,175
T-Default-1x,13519,43.653,2.80,2.79,0.0028,464,175
T-Default-1x,13520,43.655,2.56,2.59,0.0026,464,175
T-Default-1x,13521,43.658,3.12,3.11,0.0031,464,175
T-Default-1x,13522,43.661,2.67,2.69,0.0027,464,175
T-Default-1x,13523,43.663,2.52,2.50,0.0025,464,175
T-Default-1x,13524,43.667,3.10,3.10,0.0031,464,175
T-Default-1x,13525,43.669,2.71,2.69,0.0027,464,175
T-Default-1x,13526,43.672,2.69,2.71,0.0027,464,175
T-Default-1x,13527,43.675,3.02,3.00,0.0030,464,175
T-Default-1x,13528,43.678,2.58,2.59,0.0026,464,175
T-Default-1x,13529,43.680,2.59,2.60,0.0026,464,175
T-Default-1x,13530,43.683,3.01,3.00,0.0030,464,175
T-Default-1x,13531,43.687,3.66,3.61,0.0037,464,175
T-Default-1x,13532,43.690,3.28,3.29,0.0033,464,175
T-Default-1x,13533,43.693,3.10,3.10,0.0031,464,175
T-Default-1x,13534,43.696,2.76,2.79,0.0028,464,175
T-Default-1x,13535,43.699,2.75,2.74,0.0028,464,175
T-Default-1x,13536,43.702,3.07,3.07,0.0031,464,175
T-Default-1x,13537,43.704,2.58,2.60,0.0026,464,175
T-Default-1x,13538,43.707,2.72,2.70,0.0027,464,175
T-Default-1x,13539,43.710,2.80,2.79,0.0028,464,175
T-Default-1x,13540,43.713,2.80,2.80,0.0028,464,175
T-Default-1x,13541,43.716,3.14,3.11,0.0031,464,175
T-Default-1x,13542,43.719,2.90,2.95,0.0029,516,175
T-Default-1x,13543,43.721,2.54,2.54,0.0025,464,175
T-Default-1x,13544,43.724,3.01,3.00,0.0030,464,175
T-Default-1x,13545,43.727,2.79,2.80,0.0028,464,175
T-Default-1x,13546,43.730,2.71,2.70,0.0027,464,175
T-Default-1x,13547,43.733,3.11,3.10,0.0031,464,175
T-Default-1x,13548,43.736,2.69,2.69,0.0027,464,175
T-Default-1x,13549,43.738,2.60,2.60,0.0026,464,175
T-Default-1x,13550,43.741,2.99,2.99,0.0030,464,175
T-Default-1x,13551,43.744,2.96,2.91,0.0030,464,175
T-Default-1x,13552,43.747,2.63,2.69,0.0026,464,175
T-Default-1x,13553,43.750,3.03,3.01,0.0030,464,175
T-Default-1x,13554,43.753,2.79,2.79,0.0028,464,175
T-Default-1x,13555,43.755,2.89,2.90,0.0029,464,175
T-Default-1x,13556,43.759,3.14,3.10,0.0031,464,175
T-Default-1x,13557,43.761,2.78,2.79,0.0028,464,175
T-Default-1x,13558,43.764,2.68,2.69,0.0027,464,175
T-Default-1x,13559,43.767,3.02,3.01,0.0030,464,175
T-Default-1x,13560,43.770,2.67,2.69,0.0027,464,175
T-Default-1x,13561,43.773,2.83,2.80,0.0028,464,175
T-Default-1x,13562,43.776,2.99,3.00,0.0030,464,175
T-Default-1x,13563,43.778,2.62,2.59,0.0026,464,175
T-Default-1x,13564,43.781,2.78,2.81,0.0028,464,175
T-Default-1x,13565,43.784,2.92,2.91,0.0029,464,175
T-Default-1x,13566,43.787,2.80,2.79,0.0028,464,175
T-Default-1x,13567,43.789,2.78,2.79,0.0028,464,175
T-Default-1x,13568,43.792,2.92,2.90,0.0029,464,175
T-Default-1x,13569,43.795,2.59,2.60,0.0026,464,175
T-Default-1x,13570,43.798,2.80,2.80,0.0028,464,175
T-Default-1x,13571,43.801,2.91,2.91,0.0029,464,175
T-Default-1x,13572,43.803,2.69,2.70,0.0027,464,175
T-Default-1x,13573,43.806,2.81,2.79,0.0028,464,175
T-Default-1x,13574,43.809,3.00,3.00,0.0030,464,175
T-Default-1x,13575,43.812,2.79,2.79,0.0028,464,175
T-Default-1x,13576,43.815,2.81,2.80,0.0028,464,175
T-Default-1x,13577,43.818,2.99,3.00,0.0030,464,175
T-Default-1x,13578,43.821,3.05,3.01,0.0030,464,175
T-Default-1x,13579,43.824,3.41,3.39,0.0034,464,175
T-Default-1x,13580,43.827,3.04,3.09,0.0030,464,175
T-Default-1x,13581,43.830,3.00,3.00,0.0030,464,175
T-Default-1x,13582,43.833,3.16,3.11,0.0032,464,175
T-Default-1x,13583,43.836,2.85,2.89,0.0029,464,175
T-Default-1x,13584,43.840,3.33,3.30,0.0033,464,175
T-Default-1x,13585,43.843,2.97,2.99,0.0030,464,175
T-Default-1x,13586,43.846,3.03,3.01,0.0030,464,175
T-Default-1x,13587,43.849,3.10,3.10,0.0031,464,175
T-Default-1x,13588,43.852,2.86,2.88,0.0029,464,175
T-Default-1x,13589,43.854,2.61,2.61,0.0026,464,175
T-Default-1x,13590,43.857,2.90,2.88,0.0029,464,175
T-Default-1x,13591,43.860,2.77,2.79,0.0028,464,175
T-Default-1x,13592,43.863,2.84,2.81,0.0028,464,175
T-Default-1x,13593,43.866,3.29,3.29,0.0033,464,175
T-Default-1x,13594,43.869,2.70,2.73,0.0027,464,175
T-Default-1x,13595,43.871,2.68,2.66,0.0027,464,175
T-Default-1x,13596,43.875,3.21,3.20,0.0032,464,175
T-Default-1x,13597,43.877,2.59,2.61,0.0026,464,175
T-Default-1x,13598,43.880,2.59,2.58,0.0026,464,175
T-Default-1x,13599,43.883,2.83,2.80,0.0028,464,175
T-Default-1x,13600,43.885,2.91,2.90,0.0029,464,175
T-Default-1x,13601,43.888,2.87,2.90,0.0029,464,175
T-Default-1x,13602,43.892,3.21,3.21,0.0032,464,175
T-Default-1x,13603,43.894,2.91,2.89,0.0029,464,175
T-Default-1x,13604,43.897,2.48,2.50,0.0025,464,175
T-Default-1x,13605,43.900,3.01,3.00,0.0030,464,175
T-Default-1x,13606,43.903,2.79,2.80,0.0028,464,175
T-Default-1x,13607,43.906,2.89,2.90,0.0029,464,175
T-Default-1x,13608,43.909,3.02,3.01,0.0030,464,175
T-Default-1x,13609,43.912,2.89,2.88,0.0029,464,175
T-Default-1x,13610,43.914,2.80,2.80,0.0028,464,175
T-Default-1x,13611,43.917,2.91,2.91,0.0029,464,175
T-Default-1x,13612,43.920,2.90,2.89,0.0029,516,175
T-Default-1x,13613,43.923,2.91,2.90,0.0029,464,175
T-Default-1x,13614,43.926,2.87,2.89,0.0029,464,175
T-Default-1x,13615,43.929,2.60,2.60,0.0026,464,175
T-Default-1x,13616,43.931,2.94,2.91,0.0029,464,175
T-Default-1x,13617,43.935,3.08,3.10,0.0031,464,175
T-Default-1x,13618,43.937,2.78,2.79,0.0028,464,175
T-Default-1x,13619,43.940,2.93,2.90,0.0029,464,175
T-Default-1x,13620,43.943,2.99,3.00,0.0030,464,175
T-Default-1x,13621,43.946,2.68,2.68,0.0027,464,175
T-Default-1x,13622,43.949,3.04,3.01,0.0030,464,175
T-Default-1x,13623,43.952,2.78,2.80,0.0028,464,175
T-Default-1x,13624,43.955,3.05,3.01,0.0030,464,175
T-Default-1x,13625,43.958,3.38,3.39,0.0034,464,175
T-Default-1x,13626,43.961,2.92,2.89,0.0029,464,175
T-Default-1x,13627,43.964,2.84,2.89,0.0028,464,175
T-Default-1x,13628,43.967,3.14,3.11,0.0031,464,175
T-Default-1x,13629,43.970,2.87,2.89,0.0029,464,175
T-Default-1x,13630,43.973,3.04,3.01,0.0030,464,175
T-Default-1x,13631,43.976,2.98,3.00,0.0030,464,175
T-Default-1x,13632,43.979,2.88,2.89,0.0029,464,175
T-Default-1x,13633,43.982,3.02,3.00,0.0030,464,175
T-Default-1x,13634,43.985,3.08,3.10,0.0031,464,175
T-Default-1x,13635,43.988,2.68,2.69,0.0027,464,175
T-Default-1x,13636,43.991,3.15,3.11,0.0032,464,175
T-Default-1x,13637,43.994,3.08,3.10,0.0031,464,175
T-Default-1x,13638,43.997,2.87,2.89,0.0029,464,175
T-Default-1x,13639,44.000,3.12,3.09,0.0031,464,175
T-Default-1x,13640,44.003,2.88,2.90,0.0029,464,175
T-Default-1x,13641,44.005,2.58,2.59,0.0026,464,175
T-Default-1x,13642,44.008,2.92,2.90,0.0029,464,175
T-Default-1x,13643,44.011,2.71,2.70,0.0027,464,175
T-Default-1x,13644,44.014,2.80,2.80,0.0028,464,175
T-Default-1x,13645,44.017,2.98,2.99,0.0030,464,175
T-Default-1x,13646,44.020,2.92,2.70,0.0029,464,175
T-Default-1x,13647,44.022,2.67,2.90,0.0027,464,175
T-Default-1x,13648,44.025,2.82,2.79,0.0028,464,175
T-Default-1x,13649,44.028,3.03,3.01,0.0030,464,175
T-Default-1x,13650,44.031,3.20,3.20,0.0032,464,175
T-Default-1x,13651,44.034,2.86,2.90,0.0029,464,175
T-Default-1x,13652,44.037,3.01,3.00,0.0030,464,175
T-Default-1x,13653,44.040,3.02,3.00,0.0030,464,175
T-Default-1x,13654,44.043,2.86,2.90,0.0029,464,175
T-Default-1x,13655,44.046,2.71,2.70,0.0027,464,175
T-Default-1x,13656,44.049,3.03,2.99,0.0030,464,175
T-Default-1x,13657,44.052,2.88,2.90,0.0029,464,175
T-Default-1x,13658,44.054,2.56,2.59,0.0026,464,175
T-Default-1x,13659,44.057,2.52,2.51,0.0025,464,175
T-Default-1x,13660,44.060,2.71,2.70,0.0027,464,175
T-Default-1x,13661,44.062,2.59,2.59,0.0026,464,175
T-Default-1x,13662,44.065,2.82,2.81,0.0028,464,175
T-Default-1x,13663,44.068,2.89,2.89,0.0029,464,175
T-Default-1x,13664,44.070,2.58,2.60,0.0026,464,175
T-Default-1x,13665,44.073,2.93,2.90,0.0029,464,175
T-Default-1x,13666,44.076,2.88,2.90,0.0029,464,175
T-Default-1x,13667,44.079,2.60,2.60,0.0026,464,175
T-Default-1x,13668,44.082,2.82,2.81,0.0028,464,175
T-Default-1x,13669,44.085,3.11,3.10,0.0031,464,175
T-Default-1x,13670,44.088,2.99,2.99,0.0030,464,175
T-Default-1x,13671,44.091,3.30,3.30,0.0033,464,175
T-Default-1x,13672,44.094,3.11,3.10,0.0031,464,175
T-Default-1x,13673,44.097,2.86,2.89,0.0029,464,175
T-Default-1x,13674,44.100,3.08,3.02,0.0031,464,175
T-Default-1x,13675,44.103,2.84,2.88,0.0028,464,175
T-Default-1x,13676,44.106,2.70,2.70,0.0027,464,175
T-Default-1x,13677,44.108,2.79,2.79,0.0028,464,175
T-Default-1x,13678,44.111,2.81,2.79,0.0028,464,175
T-Default-1x,13679,44.115,3.30,3.31,0.0033,464,175
T-Default-1x,13680,44.118,3.12,3.10,0.0031,464,175
T-Default-1x,13681,44.120,2.76,2.79,0.0028,516,175
T-Default-1x,13682,44.123,2.94,2.91,0.0029,464,175
T-Default-1x,13683,44.126,2.87,2.89,0.0029,464,175
T-Default-1x,13684,44.129,2.68,2.69,0.0027,464,175
T-Default-1x,13685,44.132,3.05,3.01,0.0030,464,175
T-Default-1x,13686,44.135,2.87,2.90,0.0029,464,175
T-Default-1x,13687,44.138,2.70,2.69,0.0027,464,175
T-Default-1x,13688,44.141,3.04,3.02,0.0030,464,175
T-Default-1x,13689,44.143,2.88,2.88,0.0029,464,175
T-Default-1x,13690,44.146,2.78,2.80,0.0028,464,175
T-Default-1x,13691,44.149,2.95,2.93,0.0029,464,175
T-Default-1x,13692,44.152,2.74,2.76,0.0027,464,175
T-Default-1x,13693,44.155,2.72,2.70,0.0027,464,175
T-Default-1x,13694,44.158,3.11,3.11,0.0031,464,175
T-Default-1x,13695,44.160,2.70,2.71,0.0027,464,175
T-Default-1x,13696,44.163,2.67,2.67,0.0027,464,175
T-Default-1x,13697,44.166,2.93,2.91,0.0029,464,175
T-Default-1x,13698,44.169,2.64,2.68,0.0026,464,175
T-Default-1x,13699,44.171,2.63,2.62,0.0026,464,175
T-Default-1x,13700,44.174,2.90,2.89,0.0029,464,175
T-Default-1x,13701,44.177,2.82,2.81,0.0028,464,175
T-Default-1x,13702,44.180,2.56,2.58,0.0026,464,175
T-Default-1x,13703,44.183,2.95,2.91,0.0029,464,175
T-Default-1x,13704,44.185,2.68,2.69,0.0027,464,175
T-Default-1x,13705,44.188,2.81,2.81,0.0028,464,175
T-Default-1x,13706,44.191,3.00,3.00,0.0030,464,175
T-Default-1x,13707,44.194,2.79,2.79,0.0028,464,175
T-Default-1x,13708,44.197,2.68,2.69,0.0027,464,175
T-Default-1x,13709,44.200,3.00,3.00,0.0030,464,175
T-Default-1x,13710,44.202,2.81,2.81,0.0028,464,175
T-Default-1x,13711,44.205,2.50,2.49,0.0025,464,175
T-Default-1x,13712,44.208,3.04,3.01,0.0030,464,175
T-Default-1x,13713,44.211,2.86,2.89,0.0029,464,175
T-Default-1x,13714,44.213,2.71,2.70,0.0027,464,175
T-Default-1x,13715,44.216,2.88,2.88,0.0029,464,175
T-Default-1x,13716,44.219,2.59,2.60,0.0026,464,175
T-Default-1x,13717,44.222,2.62,2.60,0.0026,464,175
T-Default-1x,13718,44.225,3.01,2.99,0.0030,464,175
T-Default-1x,13719,44.228,3.13,3.11,0.0031,464,175
T-Default-1x,13720,44.231,3.16,3.19,0.0032,464,175
T-Default-1x,13721,44.234,3.13,3.11,0.0031,464,175
T-Default-1x,13722,44.237,2.92,2.91,0.0029,464,175
T-Default-1x,13723,44.240,2.74,2.78,0.0027,464,175
T-Default-1x,13724,44.243,3.01,3.00,0.0030,464,175
T-Default-1x,13725,44.246,3.03,3.01,0.0030,464,175
T-Default-1x,13726,44.249,3.00,3.00,0.0030,464,175
T-Default-1x,13727,44.252,2.88,2.89,0.0029,464,175
T-Default-1x,13728,44.254,2.80,2.79,0.0028,464,175
T-Default-1x,13729,44.257,2.84,2.80,0.0028,464,175
T-Default-1x,13730,44.260,2.97,2.99,0.0030,464,175
T-Default-1x,13731,44.263,2.92,2.91,0.0029,464,175
T-Default-1x,13732,44.266,3.06,3.09,0.0031,464,175
T-Default-1x,13733,44.269,2.57,2.59,0.0026,464,175
T-Default-1x,13734,44.271,2.63,2.61,0.0026,464,175
T-Default-1x,13735,44.274,3.01,3.01,0.0030,464,175
T-Default-1x,13736,44.277,2.69,2.70,0.0027,464,175
T-Default-1x,13737,44.280,2.60,2.60,0.0026,464,175
T-Default-1x,13738,44.282,2.71,2.69,0.0027,464,175
T-Default-1x,13739,44.285,2.70,2.70,0.0027,464,175
T-Default-1x,13740,44.288,2.58,2.59,0.0026,464,175
T-Default-1x,13741,44.291,3.03,3.00,0.0030,464,175
T-Default-1x,13742,44.293,2.66,2.69,0.0027,464,175
T-Default-1x,13743,44.296,2.62,2.61,0.0026,464,175
T-Default-1x,13744,44.299,2.97,2.91,0.0030,464,175
T-Default-1x,13745,44.302,2.85,2.88,0.0029,464,175
T-Default-1x,13746,44.304,2.69,2.70,0.0027,464,175
T-Default-1x,13747,44.307,3.01,2.99,0.0030,464,175
T-Default-1x,13748,44.311,3.40,3.41,0.0034,1300,174
T-Default-1x,13749,44.314,2.97,2.99,0.0030,464,174
T-Default-1x,13750,44.317,2.82,2.80,0.0028,464,174
T-Default-1x,13751,44.320,3.28,3.28,0.0033,1300,173
T-Default-1x,13752,44.323,3.03,3.00,0.0030,516,173
T-Default-1x,13753,44.326,2.78,2.80,0.0028,464,173
T-Default-1x,13754,44.328,2.60,2.59,0.0026,464,173
T-Default-1x,13755,44.332,3.46,3.41,0.0035,1300,172
T-Default-1x,13756,44.335,3.35,3.39,0.0033,464,172
T-Default-1x,13757,44.338,2.80,2.80,0.0028,464,172
T-Default-1x,13758,44.342,3.71,3.70,0.0037,1300,171
T-Default-1x,13759,44.345,3.73,3.70,0.0037,464,171
T-Default-1x,13760,44.348,3.05,3.09,0.0030,464,171
T-Default-1x,13761,44.352,3.51,3.43,0.0035,1300,170
T-Default-1x,13762,44.356,3.65,3.68,0.0036,464,170
T-Default-1x,13763,44.359,3.17,3.18,0.0032,464,170
T-Default-1x,13764,44.362,3.38,3.40,0.0034,1300,169
T-Default-1x,13765,44.365,3.32,3.30,0.0033,464,169
T-Default-1x,13766,44.368,2.79,2.80,0.0028,464,169
T-Default-1x,13767,44.372,3.51,3.51,0.0035,1300,168
T-Default-1x,13768,44.375,3.28,3.29,0.0033,464,168
T-Default-1x,13769,44.378,2.69,2.70,0.0027,464,168
T-Default-1x,13770,44.381,3.25,3.20,0.0032,1300,167
T-Default-1x,13771,44.384,3.17,3.19,0.0032,464,167
T-Default-1x,13772,44.387,2.81,2.82,0.0028,464,167
T-Default-1x,13773,44.390,3.42,3.38,0.0034,1300,166
T-Default-1x,13774,44.394,3.26,3.29,0.0033,464,166
T-Default-1x,13775,44.396,2.70,2.70,0.0027,464,166
T-Default-1x,13776,44.399,3.00,3.00,0.0030,464,166
T-Default-1x,13777,44.403,3.53,3.51,0.0035,1300,165
T-Default-1x,13778,44.406,2.96,2.98,0.0030,464,165
T-Default-1x,13779,44.409,2.81,2.81,0.0028,464,165
T-Default-1x,13780,44.412,3.25,3.20,0.0032,1300,164
T-Default-1x,13781,44.415,3.32,3.31,0.0033,464,164
T-Default-1x,13782,44.418,3.17,3.19,0.0032,464,164
T-Default-1x,13783,44.422,3.54,3.50,0.0035,1300,163
T-Default-1x,13784,44.426,3.63,3.69,0.0036,464,163
T-Default-1x,13785,44.428,2.79,2.79,0.0028,464,163
T-Default-1x,13786,44.432,3.41,3.40,0.0034,1300,162
T-Default-1x,13787,44.435,3.33,3.31,0.0033,464,162
T-Default-1x,13788,44.438,3.04,3.00,0.0030,464,162
T-Default-1x,13789,44.442,3.94,3.98,0.0039,3924,161
T-Default-1x,13790,44.445,3.31,3.30,0.0033,464,161
T-Default-1x,13791,44.448,3.01,2.99,0.0030,464,161
T-Default-1x,13792,44.452,3.48,3.50,0.0035,1300,160
T-Default-1x,13793,44.455,3.08,3.09,0.0031,464,160
T-Default-1x,13794,44.458,3.00,3.00,0.0030,464,160
T-Default-1x,13795,44.461,3.30,3.31,0.0033,1300,159
T-Default-1x,13796,44.464,2.89,2.89,0.0029,464,159
T-Default-1x,13797,44.467,2.81,2.82,0.0028,464,159
T-Default-1x,13798,44.470,3.39,3.39,0.0034,1300,158
T-Default-1x,13799,44.474,3.66,3.60,0.0037,464,158
T-Default-1x,13800,44.477,3.05,3.09,0.0030,464,158
T-Default-1x,13801,44.480,3.31,3.30,0.0033,1300,157
T-Default-1x,13802,44.484,3.30,3.29,0.0033,464,157
T-Default-1x,13803,44.486,2.69,2.71,0.0027,464,157
T-Default-1x,13804,44.489,2.95,2.90,0.0029,464,157
T-Default-1x,13805,44.493,3.54,3.59,0.0035,1300,156
T-Default-1x,13806,44.496,3.58,3.52,0.0036,464,156
T-Default-1x,13807,44.500,3.35,3.37,0.0034,464,156
T-Default-1x,13808,44.503,3.50,3.50,0.0035,1300,155
T-Default-1x,13809,44.506,2.96,3.00,0.0030,464,155
T-Default-1x,13810,44.509,2.72,2.70,0.0027,464,155
T-Default-1x,13811,44.512,3.31,3.30,0.0033,1300,154
T-Default-1x,13812,44.516,3.34,3.30,0.0033,464,154
T-Default-1x,13813,44.519,3.14,3.19,0.0031,464,154
T-Default-1x,13814,44.522,3.51,3.52,0.0035,1300,153
T-Default-1x,13815,44.525,3.21,3.21,0.0032,516,153
T-Default-1x,13816,44.528,2.72,2.68,0.0027,464,153
T-Default-1x,13817,44.532,3.42,3.41,0.0034,1300,152
T-Default-1x,13818,44.535,3.16,3.20,0.0032,464,152
T-Default-1x,13819,44.538,2.80,2.79,0.0028,464,152
T-Default-1x,13820,44.541,3.69,3.70,0.0037,1300,151
T-Default-1x,13821,44.544,3.09,3.10,0.0031,464,151
T-Default-1x,13822,44.547,2.60,2.61,0.0026,464,151
T-Default-1x,13823,44.550,3.52,3.49,0.0035,1300,150
T-Default-1x,13824,44.554,3.08,3.09,0.0031,464,150
T-Default-1x,13825,44.556,2.75,2.71,0.0028,464,150
T-Default-1x,13826,44.559,2.85,2.89,0.0028,464,150
T-Default-1x,13827,44.562,3.33,3.30,0.0033,1300,149
T-Default-1x,13828,44.566,3.23,3.20,0.0032,464,149
T-Default-1x,13829,44.569,3.03,3.08,0.0030,464,149
T-Default-1x,13830,44.572,3.32,3.32,0.0033,1300,148
T-Default-1x,13831,44.575,3.21,3.21,0.0032,464,148
T-Default-1x,13832,44.578,2.70,2.71,0.0027,464,148
T-Default-1x,13833,44.581,2.97,2.98,0.0030,1300,147
T-Default-1x,13834,44.584,3.01,3.01,0.0030,464,147
T-Default-1x,13835,44.587,2.90,2.89,0.0029,464,147
T-Default-1x,13836,44.590,3.42,3.40,0.0034,1300,146
T-Default-1x,13837,44.594,3.50,3.49,0.0035,464,146
T-Default-1x,13838,44.597,2.77,2.81,0.0028,464,146
T-Default-1x,13839,44.600,3.62,3.60,0.0036,1300,145
T-Default-1x,13840,44.603,2.98,2.98,0.0030,464,145
T-Default-1x,13841,44.606,2.59,2.59,0.0026,464,145
T-Default-1x,13842,44.609,2.82,2.81,0.0028,464,145
T-Default-1x,13843,44.612,3.23,3.22,0.0032,1300,144
T-Default-1x,13844,44.615,3.09,3.09,0.0031,464,144
T-Default-1x,13845,44.618,2.89,2.90,0.0029,464,144
T-Default-1x,13846,44.621,3.15,3.18,0.0032,1300,143
T-Default-1x,13847,44.624,3.08,3.01,0.0031,464,143
T-Default-1x,13848,44.627,2.83,2.90,0.0028,464,143
T-Default-1x,13849,44.630,3.45,3.41,0.0035,1300,142
T-Default-1x,13850,44.634,3.58,3.59,0.0036,464,142
T-Default-1x,13851,44.637,2.99,3.00,0.0030,464,142
T-Default-1x,13852,44.640,3.18,3.20,0.0032,1300,141
T-Default-1x,13853,44.643,3.10,3.09,0.0031,464,141
T-Default-1x,13854,44.646,2.82,2.81,0.0028,464,141
T-Default-1x,13855,44.649,3.35,3.33,0.0034,464,141
T-Default-1x,13856,44.653,3.25,3.26,0.0033,1300,140
T-Default-1x,13857,44.656,2.96,2.99,0.0030,464,140
T-Default-1x,13858,44.658,2.91,2.89,0.0029,464,140
T-Default-1x,13859,44.662,3.85,3.81,0.0038,1300,139
T-Default-1x,13860,44.666,3.71,3.70,0.0037,464,139
T-Default-1x,13861,44.669,2.86,2.89,0.0029,464,139
T-Default-1x,13862,44.672,3.60,3.60,0.0036,1300,138
T-Default-1x,13863,44.676,3.43,3.40,0.0034,464,138
T-Default-1x,13864,44.679,3.00,2.99,0.0030,464,138
T-Default-1x,13865,44.683,3.69,3.71,0.0037,1300,137
T-Default-1x,13866,44.686,3.21,3.19,0.0032,464,137
T-Default-1x,13867,44.689,3.00,3.00,0.0030,464,137
T-Default-1x,13868,44.692,3.59,3.59,0.0036,1300,136
T-Default-1x,13869,44.696,3.48,3.49,0.0035,464,136
T-Default-1x,13870,44.699,3.11,3.10,0.0031,464,136
T-Default-1x,13871,44.703,3.61,3.60,0.0036,1300,135
T-Default-1x,13872,44.706,2.94,2.90,0.0029,464,135
T-Default-1x,13873,44.709,3.44,3.48,0.0034,464,135
T-Default-1x,13874,44.713,3.93,3.90,0.0039,1300,134
T-Default-1x,13875,44.716,3.29,3.29,0.0033,464,134
T-Default-1x,13876,44.719,2.85,2.88,0.0029,464,134
T-Default-1x,13877,44.723,3.60,3.53,0.0036,1300,133
T-Default-1x,13878,44.726,3.33,3.38,0.0033,516,133
T-Default-1x,13879,44.729,2.73,2.70,0.0027,464,133
T-Default-1x,13880,44.732,3.51,3.50,0.0035,1300,132
T-Default-1x,13881,44.735,3.07,3.10,0.0031,464,132
T-Default-1x,13882,44.738,2.79,2.79,0.0028,464,132
T-Default-1x,13883,44.742,3.71,3.70,0.0037,1300,131
T-Default-1x,13884,44.745,3.21,3.20,0.0032,464,131
T-Default-1x,13885,44.748,2.82,2.79,0.0028,464,131
T-Default-1x,13886,44.751,3.38,3.40,0.0034,1300,130
T-Default-1x,13887,44.754,3.10,3.10,0.0031,464,130
T-Default-1x,13888,44.757,2.90,2.90,0.0029,464,130
T-Default-1x,13889,44.761,3.60,3.59,0.0036,1300,129
T-Default-1x,13890,44.764,2.78,2.79,0.0028,464,129
T-Default-1x,13891,44.766,2.71,2.70,0.0027,464,129
T-Default-1x,13892,44.769,2.57,2.59,0.0026,464,129
T-Default-1x,13893,44.772,3.25,3.21,0.0032,1300,128
T-Default-1x,13894,44.775,3.30,3.30,0.0033,464,128
T-Default-1x,13895,44.778,2.67,2.69,0.0027,464,128
T-Default-1x,13896,44.781,3.36,3.31,0.0034,1300,127
T-Default-1x,13897,44.785,3.16,3.18,0.0032,464,127
T-Default-1x,13898,44.787,2.91,2.89,0.0029,464,127
T-Default-1x,13899,44.791,3.28,3.31,0.0033,1300,126
T-Default-1x,13900,44.794,3.20,3.19,0.0032,464,126
T-Default-1x,13901,44.797,2.72,2.70,0.0027,464,126
T-Default-1x,13902,44.800,3.48,3.50,0.0035,1300,125
T-Default-1x,13903,44.803,2.78,2.79,0.0028,464,125
T-Default-1x,13904,44.806,2.61,2.60,0.0026,464,125
T-Default-1x,13905,44.808,2.81,2.81,0.0028,464,125
T-Default-1x,13906,44.812,3.34,3.30,0.0033,1300,124
T-Default-1x,13907,44.815,3.09,3.10,0.0031,464,124
T-Default-1x,13908,44.818,2.78,2.80,0.0028,464,124
T-Default-1x,13909,44.821,3.38,3.39,0.0034,1300,123
T-Default-1x,13910,44.824,3.23,3.19,0.0032,464,123
T-Default-1x,13911,44.827,2.56,2.61,0.0026,464,123
T-Default-1x,13912,44.830,3.00,2.99,0.0030,1300,122
T-Default-1x,13913,44.833,3.17,3.11,0.0032,464,122
T-Default-1x,13914,44.836,3.05,3.08,0.0030,464,122
T-Default-1x,13915,44.839,2.59,2.60,0.0026,464,122
T-Default-1x,13916,44.842,3.41,3.39,0.0034,1300,121
T-Default-1x,13917,44.845,2.91,2.91,0.0029,464,121
T-Default-1x,13918,44.847,2.59,2.58,0.0026,464,121
T-Default-1x,13919,44.851,3.41,3.40,0.0034,1300,120
T-Default-1x,13920,44.854,3.22,3.21,0.0032,464,120
T-Default-1x,13921,44.857,2.90,2.90,0.0029,464,120
T-Default-1x,13922,44.860,3.39,3.39,0.0034,1300,119
T-Default-1x,13923,44.863,2.80,2.80,0.0028,464,119
T-Default-1x,13924,44.866,2.88,2.89,0.0029,464,119
T-Default-1x,13925,44.869,2.59,2.61,0.0026,464,119
T-Default-1x,13926,44.872,3.10,3.08,0.0031,1300,118
T-Default-1x,13927,44.875,3.11,3.10,0.0031,464,118
T-Default-1x,13928,44.877,2.61,2.61,0.0026,464,118
T-Default-1x,13929,44.881,3.18,3.19,0.0032,1300,117
T-Default-1x,13930,44.884,2.90,2.90,0.0029,464,117
T-Default-1x,13931,44.886,2.49,2.48,0.0025,464,117
T-Default-1x,13932,44.889,2.62,2.60,0.0026,464,117
T-Default-1x,13933,44.892,3.70,3.70,0.0037,1300,116
T-Default-1x,13934,44.895,2.91,2.91,0.0029,464,116
T-Default-1x,13935,44.898,2.81,2.79,0.0028,464,116
T-Default-1x,13936,44.901,3.18,3.20,0.0032,1300,115
T-Default-1x,13937,44.904,2.91,2.90,0.0029,464,115
T-Default-1x,13938,44.907,2.81,2.80,0.0028,464,115
T-Default-1x,13939,44.910,3.28,3.29,0.0033,1300,114
T-Default-1x,13940,44.913,2.90,2.90,0.0029,464,114
T-Default-1x,13941,44.916,2.91,2.90,0.0029,464,114
T-Default-1x,13942,44.919,2.59,2.62,0.0026,464,114
T-Default-1x,13943,44.922,2.99,2.99,0.0030,1300,113
T-Default-1x,13944,44.925,3.11,3.09,0.0031,464,113
T-Default-1x,13945,44.927,2.39,2.40,0.0024,516,113
T-Default-1x,13946,44.930,3.00,3.00,0.0030,1300,112
T-Default-1x,13947,44.933,3.10,3.09,0.0031,464,112
T-Default-1x,13948,44.936,2.50,2.51,0.0025,464,112
T-Default-1x,13949,44.938,2.61,2.60,0.0026,464,112
T-Default-1x,13950,44.942,3.62,3.60,0.0036,1300,111
T-Default-1x,13951,44.945,3.00,3.00,0.0030,464,111
T-Default-1x,13952,44.948,2.79,2.81,0.0028,464,111
T-Default-1x,13953,44.951,3.49,3.48,0.0035,1300,110
T-Default-1x,13954,44.954,3.10,3.09,0.0031,464,110
T-Default-1x,13955,44.957,2.92,2.90,0.0029,464,110
T-Default-1x,13956,44.961,3.51,3.52,0.0035,1300,109
T-Default-1x,13957,44.964,2.98,2.99,0.0030,464,109
T-Default-1x,13958,44.967,2.88,2.90,0.0029,464,109
T-Default-1x,13959,44.970,3.08,3.08,0.0031,1300,108
T-Default-1x,13960,44.973,2.83,2.82,0.0028,464,108
T-Default-1x,13961,44.976,3.02,3.00,0.0030,464,108
T-Default-1x,13962,44.979,3.04,2.99,0.0030,464,108
T-Default-1x,13963,44.982,3.47,3.50,0.0035,1300,107
T-Default-1x,13964,44.985,2.96,3.00,0.0030,464,107
T-Default-1x,13965,44.988,2.49,2.49,0.0025,464,107
T-Default-1x,13966,44.991,3.34,3.31,0.0033,1300,106
T-Default-1x,13967,44.994,2.90,2.89,0.0029,464,106
T-Default-1x,13968,44.996,2.66,2.70,0.0027,464,106
T-Default-1x,13969,45.000,3.31,3.30,0.0033,1300,105
T-Default-1x,13970,45.002,2.73,2.70,0.0027,464,105
T-Default-1x,13971,45.005,2.47,2.50,0.0025,464,105
T-Default-1x,13972,45.008,2.90,2.90,0.0029,464,105
T-Default-1x,13973,45.011,3.29,3.30,0.0033,1300,104
T-Default-1x,13974,45.014,2.57,2.59,0.0026,464,104
T-Default-1x,13975,45.016,2.74,2.71,0.0027,464,104
T-Default-1x,13976,45.020,3.18,3.19,0.0032,1300,103
T-Default-1x,13977,45.023,2.95,2.91,0.0030,464,103
T-Default-1x,13978,45.025,2.74,2.78,0.0027,464,103
T-Default-1x,13979,45.028,2.29,2.29,0.0023,464,103
T-Default-1x,13980,45.031,3.03,3.02,0.0030,1300,102
T-Default-1x,13981,45.034,2.99,2.98,0.0030,464,102
T-Default-1x,13982,45.037,2.94,2.89,0.0029,464,102
T-Default-1x,13983,45.040,3.61,3.62,0.0036,1300,101
T-Default-1x,13984,45.043,2.96,2.98,0.0030,464,101
T-Default-1x,13985,45.046,2.37,2.39,0.0024,464,101
T-Default-1x,13986,45.048,2.39,2.39,0.0024,464,101
T-Default-1x,13987,45.051,3.12,3.10,0.0031,1300,100
T-Default-1x,13988,45.054,2.72,2.71,0.0027,464,100
T-Default-1x,13989,45.057,2.83,2.81,0.0028,464,100
T-Default-1x,13990,45.060,3.30,3.29,0.0033,1300,99
T-Default-1x,13991,45.063,2.66,2.68,0.0027,464,99
T-Default-1x,13992,45.065,2.62,2.60,0.0026,464,99
T-Default-1x,13993,45.068,2.47,2.49,0.0025,464,99
T-Default-1x,13994,45.071,2.98,2.99,0.0030,1300,98
T-Default-1x,13995,45.074,3.14,3.11,0.0031,464,98
T-Default-1x,13996,45.076,2.70,2.71,0.0027,464,98
T-Default-1x,13997,45.080,3.11,3.08,0.0031,6484,97
T-Default-1x,13998,45.083,3.00,3.00,0.0030,464,97
T-Default-1x,13999,45.085,2.47,2.50,0.0025,464,97
T-Default-1x,14000,45.088,2.54,2.51,0.0025,464,97
T-Default-1x,14001,45.091,3.33,3.30,0.0033,1300,96
T-Default-1x,14002,45.094,2.75,2.78,0.0027,464,96
T-Default-1x,14003,45.096,2.63,2.62,0.0026,464,96
T-Default-1x,14004,45.099,2.79,2.78,0.0028,464,96
T-Default-1x,14005,45.102,3.19,3.20,0.0032,1300,95
T-Default-1x,14006,45.105,2.69,2.69,0.0027,464,95
T-Default-1x,14007,45.108,2.81,2.80,0.0028,464,95
T-Default-1x,14008,45.111,3.00,3.00,0.0030,1300,94
T-Default-1x,14009,45.114,2.80,2.79,0.0028,464,94
T-Default-1x,14010,45.116,2.79,2.79,0.0028,464,94
T-Default-1x,14011,45.119,2.27,2.29,0.0023,464,94
T-Default-1x,14012,45.122,3.14,3.11,0.0031,1300,93
T-Default-1x,14013,45.125,3.00,3.00,0.0030,464,93
T-Default-1x,14014,45.127,2.29,2.29,0.0023,516,93
T-Default-1x,14015,45.130,3.02,3.00,0.0030,1300,92
T-Default-1x,14016,45.133,3.00,2.99,0.0030,464,92
T-Default-1x,14017,45.135,2.37,2.40,0.0024,464,92
T-Default-1x,14018,45.138,2.32,2.30,0.0023,464,92
T-Default-1x,14019,45.141,3.22,3.20,0.0032,1300,91
T-Default-1x,14020,45.144,2.56,2.59,0.0026,464,91
T-Default-1x,14021,45.146,2.31,2.31,0.0023,464,91
T-Default-1x,14022,45.149,2.65,2.61,0.0027,464,91
T-Default-1x,14023,45.152,3.27,3.30,0.0033,1300,90
T-Default-1x,14024,45.154,2.68,2.68,0.0027,464,90
T-Default-1x,14025,45.157,2.71,2.70,0.0027,464,90
T-Default-1x,14026,45.160,3.10,3.11,0.0031,1300,89
T-Default-1x,14027,45.163,2.61,2.60,0.0026,464,89
T-Default-1x,14028,45.166,2.70,2.69,0.0027,464,89
T-Default-1x,14029,45.168,2.38,2.40,0.0024,464,89
T-Default-1x,14030,45.171,2.79,2.79,0.0028,1300,88
T-Default-1x,14031,45.174,2.85,2.81,0.0028,464,88
T-Default-1x,14032,45.176,2.58,2.60,0.0026,464,88
T-Default-1x,14033,45.178,2.27,2.29,0.0023,464,88
T-Default-1x,14034,45.181,3.04,3.01,0.0030,1300,87
T-Default-1x,14035,45.184,2.67,2.69,0.0027,464,87
T-Default-1x,14036,45.187,2.43,2.40,0.0024,464,87
T-Default-1x,14037,45.189,2.87,2.90,0.0029,1300,86
T-Default-1x,14038,45.192,3.02,3.00,0.0030,464,86
T-Default-1x,14039,45.195,2.60,2.60,0.0026,464,86
T-Default-1x,14040,45.198,2.63,2.62,0.0026,464,86
T-Default-1x,14041,45.201,3.28,3.30,0.0033,1300,85
T-Default-1x,14042,45.204,2.78,2.77,0.0028,464,85
T-Default-1x,14043,45.206,2.60,2.61,0.0026,464,85
T-Default-1x,14044,45.209,2.71,2.70,0.0027,464,85
T-Default-1x,14045,45.212,3.02,3.00,0.0030,1300,84
T-Default-1x,14046,45.215,2.91,2.89,0.0029,464,84
T-Default-1x,14047,45.218,2.56,2.59,0.0026,464,84
T-Default-1x,14048,45.220,2.90,2.90,0.0029,1300,83
T-Default-1x,14049,45.223,2.74,2.70,0.0027,464,83
T-Default-1x,14050,45.226,2.45,2.49,0.0024,464,83
T-Default-1x,14051,45.228,2.20,2.20,0.0022,464,83
T-Default-1x,14052,45.231,3.02,3.01,0.0030,1300,82
T-Default-1x,14053,45.234,2.71,2.70,0.0027,464,82
T-Default-1x,14054,45.236,2.29,2.29,0.0023,464,82
T-Default-1x,14055,45.238,2.55,2.52,0.0025,464,82
T-Default-1x,14056,45.242,3.27,3.29,0.0033,1300,81
T-Default-1x,14057,45.244,2.59,2.60,0.0026,464,81
T-Default-1x,14058,45.247,2.30,2.31,0.0023,464,81
T-Default-1x,14059,45.250,3.21,3.19,0.0032,1300,80
T-Default-1x,14060,45.252,2.63,2.61,0.0026,464,80
T-Default-1x,14061,45.255,2.36,2.41,0.0024,464,80
T-Default-1x,14062,45.257,2.62,2.58,0.0026,464,80
T-Default-1x,14063,45.260,2.97,2.99,0.0030,1300,79
T-Default-1x,14064,45.263,2.61,2.61,0.0026,464,79
T-Default-1x,14065,45.265,2.50,2.50,0.0025,464,79
T-Default-1x,14066,45.268,2.41,2.41,0.0024,464,79
T-Default-1x,14067,45.271,2.88,2.89,0.0029,1300,78
T-Default-1x,14068,45.273,2.74,2.70,0.0027,464,78
T-Default-1x,14069,45.276,2.38,2.41,0.0024,464,78
T-Default-1x,14070,45.278,2.17,2.18,0.0022,464,78
T-Default-1x,14071,45.281,2.82,2.81,0.0028,1300,77
T-Default-1x,14072,45.284,2.68,2.70,0.0027,464,77
T-Default-1x,14073,45.286,2.31,2.29,0.0023,464,77
T-Default-1x,14074,45.288,2.29,2.30,0.0023,464,77
T-Default-1x,14075,45.291,3.23,3.21,0.0032,1300,76
T-Default-1x,14076,45.294,2.48,2.49,0.0025,464,76
T-Default-1x,14077,45.296,2.41,2.40,0.0024,464,76
T-Default-1x,14078,45.299,2.52,2.49,0.0025,464,76
T-Default-1x,14079,45.302,3.09,3.10,0.0031,1300,75
T-Default-1x,14080,45.304,2.57,2.58,0.0026,464,75
T-Default-1x,14081,45.307,2.61,2.60,0.0026,464,75
T-Default-1x,14082,45.310,2.90,2.89,0.0029,1300,74
T-Default-1x,14083,45.313,2.62,2.60,0.0026,464,74
T-Default-1x,14084,45.315,2.82,2.81,0.0028,464,74
T-Default-1x,14085,45.318,2.67,2.69,0.0027,464,74
T-Default-1x,14086,45.321,2.88,2.90,0.0029,1300,73
T-Default-1x,14087,45.324,2.72,2.69,0.0027,464,73
T-Default-1x,14088,45.326,2.51,2.50,0.0025,464,73
T-Default-1x,14089,45.329,2.38,2.40,0.0024,516,73
T-Default-1x,14090,45.331,2.93,2.91,0.0029,1300,72
T-Default-1x,14091,45.334,2.89,2.91,0.0029,464,72
T-Default-1x,14092,45.337,2.39,2.40,0.0024,464,72
T-Default-1x,14093,45.340,3.23,3.20,0.0032,1300,71
T-Default-1x,14094,45.343,2.59,2.61,0.0026,464,71
T-Default-1x,14095,45.345,2.45,2.47,0.0025,464,71
T-Default-1x,14096,45.347,2.31,2.30,0.0023,464,71
T-Default-1x,14097,45.350,3.05,3.01,0.0030,1300,70
T-Default-1x,14098,45.353,2.89,2.89,0.0029,464,70
T-Default-1x,14099,45.356,2.38,2.42,0.0024,464,70
T-Default-1x,14100,45.358,2.71,2.67,0.0027,464,70
T-Default-1x,14101,45.361,3.01,3.00,0.0030,1300,69
T-Default-1x,14102,45.364,2.51,2.52,0.0025,464,69
T-Default-1x,14103,45.366,2.57,2.57,0.0026,464,69
T-Default-1x,14104,45.369,2.92,2.90,0.0029,1300,68
T-Default-1x,14105,45.372,2.51,2.49,0.0025,464,68
T-Default-1x,14106,45.375,2.68,2.69,0.0027,464,68
T-Default-1x,14107,45.377,2.07,2.09,0.0021,464,68
T-Default-1x,14108,45.379,2.72,2.70,0.0027,1300,67
T-Default-1x,14109,45.382,2.64,2.61,0.0026,464,67
T-Default-1x,14110,45.384,2.36,2.39,0.0024,464,67
T-Default-1x,14111,45.387,2.29,2.30,0.0023,464,67
T-Default-1x,14112,45.390,3.06,3.00,0.0031,1300,66
T-Default-1x,14113,45.392,2.65,2.70,0.0027,464,66
T-Default-1x,14114,45.395,2.43,2.39,0.0024,464,66
T-Default-1x,14115,45.397,2.07,2.11,0.0021,464,66
T-Default-1x,14116,45.400,2.91,2.89,0.0029,1300,65
T-Default-1x,14117,45.402,2.62,2.61,0.0026,464,65
T-Default-1x,14118,45.405,2.27,2.28,0.0023,464,65
T-Default-1x,14119,45.407,2.56,2.52,0.0026,464,65
T-Default-1x,14120,45.410,2.95,2.98,0.0030,1300,64
T-Default-1x,14121,45.413,2.69,2.70,0.0027,464,64
T-Default-1x,14122,45.415,2.51,2.50,0.0025,464,64
T-Default-1x,14123,45.418,2.40,2.41,0.0024,464,64
T-Default-1x,14124,45.421,2.78,2.79,0.0028,1300,63
T-Default-1x,14125,45.423,2.64,2.62,0.0026,464,63
T-Default-1x,14126,45.426,2.35,2.38,0.0024,464,63
T-Default-1x,14127,45.428,2.10,2.11,0.0021,464,63
T-Default-1x,14128,45.430,2.82,2.79,0.0028,1300,62
T-Default-1x,14129,45.434,3.15,3.12,0.0032,464,62
T-Default-1x,14130,45.436,2.64,2.67,0.0026,464,62
T-Default-1x,14131,45.439,2.30,2.30,0.0023,464,62
T-Default-1x,14132,45.442,3.22,3.21,0.0032,1300,61
T-Default-1x,14133,45.444,2.47,2.49,0.0025,464,61
T-Default-1x,14134,45.446,2.08,2.09,0.0021,464,61
T-Default-1x,14135,45.449,2.54,2.52,0.0025,464,61
T-Default-1x,14136,45.452,3.02,3.01,0.0030,1300,60
T-Default-1x,14137,45.454,2.57,2.59,0.0026,464,60
T-Default-1x,14138,45.457,2.62,2.59,0.0026,464,60
T-Default-1x,14139,45.460,2.89,2.90,0.0029,1300,59
T-Default-1x,14140,45.462,2.49,2.50,0.0025,464,59
T-Default-1x,14141,45.465,2.43,2.41,0.0024,464,59
T-Default-1x,14142,45.467,2.48,2.50,0.0025,464,59
T-Default-1x,14143,45.470,2.78,2.78,0.0028,1300,58
T-Default-1x,14144,45.473,2.60,2.60,0.0026,464,58
T-Default-1x,14145,45.475,2.40,2.40,0.0024,464,58
T-Default-1x,14146,45.477,2.27,2.21,0.0023,464,58
T-Default-1x,14147,45.481,3.14,3.18,0.0031,1300,57
T-Default-1x,14148,45.483,2.81,2.81,0.0028,464,57
T-Default-1x,14149,45.485,2.08,2.09,0.0021,464,57
T-Default-1x,14150,45.488,2.20,2.20,0.0022,464,57
T-Default-1x,14151,45.491,3.03,3.01,0.0030,1300,56
T-Default-1x,14152,45.493,2.69,2.70,0.0027,464,56
T-Default-1x,14153,45.496,2.29,2.30,0.0023,464,56
T-Default-1x,14154,45.498,2.42,2.41,0.0024,464,56
T-Default-1x,14155,45.501,2.96,2.99,0.0030,1300,55
T-Default-1x,14156,45.503,2.44,2.40,0.0024,464,55
T-Default-1x,14157,45.506,2.27,2.29,0.0023,464,55
T-Default-1x,14158,45.508,2.51,2.50,0.0025,464,55
T-Default-1x,14159,45.511,2.79,2.80,0.0028,1300,54
T-Default-1x,14160,45.514,2.50,2.50,0.0025,464,54
T-Default-1x,14161,45.516,2.52,2.52,0.0025,464,54
T-Default-1x,14162,45.518,2.16,2.17,0.0022,464,54
T-Default-1x,14163,45.521,2.82,2.80,0.0028,1300,53
T-Default-1x,14164,45.524,2.72,2.70,0.0027,464,53
T-Default-1x,14165,45.526,2.39,2.40,0.0024,464,53
T-Default-1x,14166,45.528,2.18,2.20,0.0022,516,53
T-Default-1x,14167,45.531,2.90,2.90,0.0029,1300,52
T-Default-1x,14168,45.534,2.79,2.80,0.0028,464,52
T-Default-1x,14169,45.536,2.29,2.29,0.0023,464,52
T-Default-1x,14170,45.539,2.34,2.30,0.0023,464,52
T-Default-1x,14171,45.542,3.19,3.20,0.0032,1300,51
T-Default-1x,14172,45.544,2.49,2.50,0.0025,464,51
T-Default-1x,14173,45.547,2.24,2.19,0.0022,464,51
T-Default-1x,14174,45.549,2.87,2.89,0.0029,1300,50
T-Default-1x,14175,45.552,2.82,2.81,0.0028,464,50
T-Default-1x,14176,45.555,2.69,2.69,0.0027,464,50
T-Default-1x,14177,45.558,2.63,2.62,0.0026,464,50
T-Default-1x,14178,45.561,2.99,2.99,0.0030,1300,49
T-Default-1x,14179,45.563,2.68,2.70,0.0027,464,49
T-Default-1x,14180,45.566,2.70,2.69,0.0027,464,49
T-Default-1x,14181,45.568,2.30,2.29,0.0023,464,49
T-Default-1x,14182,45.571,2.88,2.90,0.0029,1300,48
T-Default-1x,14183,45.574,2.75,2.71,0.0027,464,48
T-Default-1x,14184,45.576,2.36,2.39,0.0024,464,48
T-Default-1x,14185,45.578,2.20,2.20,0.0022,464,48
T-Default-1x,14186,45.581,2.82,2.80,0.0028,1300,47
T-Default-1x,14187,45.584,2.68,2.70,0.0027,464,47
T-Default-1x,14188,45.586,2.29,2.29,0.0023,464,47
T-Default-1x,14189,45.588,2.20,2.20,0.0022,464,47
T-Default-1x,14190,45.591,3.04,3.00,0.0030,1300,46
T-Default-1x,14191,45.594,2.48,2.50,0.0025,464,46
T-Default-1x,14192,45.596,2.33,2.30,0.0023,464,46
T-Default-1x,14193,45.599,2.59,2.56,0.0026,464,46
T-Default-1x,14194,45.602,2.78,2.83,0.0028,1300,45
T-Default-1x,14195,45.604,2.41,2.40,0.0024,464,45
T-Default-1x,14196,45.606,2.33,2.30,0.0023,464,45
T-Default-1x,14197,45.609,2.35,2.40,0.0024,464,45
T-Default-1x,14198,45.611,2.60,2.59,0.0026,1300,44
T-Default-1x,14199,45.614,2.22,2.20,0.0022,464,44
T-Default-1x,14200,45.616,2.50,2.49,0.0025,464,44
T-Default-1x,14201,45.618,2.10,2.10,0.0021,464,44
T-Default-1x,14202,45.621,2.67,2.69,0.0027,1300,43
T-Default-1x,14203,45.623,2.54,2.50,0.0025,464,43
T-Default-1x,14204,45.626,2.38,2.39,0.0024,464,43
T-Default-1x,14205,45.628,2.20,2.21,0.0022,464,43
T-Default-1x,14206,45.631,2.81,2.81,0.0028,1300,42
T-Default-1x,14207,45.633,2.69,2.69,0.0027,464,42
T-Default-1x,14208,45.636,2.09,2.09,0.0021,464,42
T-Default-1x,14209,45.638,2.32,2.30,0.0023,464,42
T-Default-1x,14210,45.641,3.03,3.02,0.0030,1300,41
T-Default-1x,14211,45.643,2.35,2.39,0.0024,464,41
T-Default-1x,14212,45.645,2.25,2.20,0.0023,464,41
T-Default-1x,14213,45.648,2.17,2.20,0.0022,464,41
T-Default-1x,14214,45.651,2.88,2.89,0.0029,1300,40
T-Default-1x,14215,45.653,2.28,2.30,0.0023,464,40
T-Default-1x,14216,45.655,2.26,2.22,0.0023,464,40
T-Default-1x,14217,45.657,2.38,2.38,0.0024,464,40
T-Default-1x,14218,45.660,2.68,2.70,0.0027,1300,39
T-Default-1x,14219,45.663,2.42,2.40,0.0024,464,39
T-Default-1x,14220,45.665,2.31,2.30,0.0023,464,39
T-Default-1x,14221,45.667,2.16,2.19,0.0022,464,39
T-Default-1x,14222,45.670,2.60,2.59,0.0026,1300,38
T-Default-1x,14223,45.672,2.41,2.40,0.0024,464,38
T-Default-1x,14224,45.675,2.52,2.51,0.0025,464,38
T-Default-1x,14225,45.677,2.07,2.09,0.0021,464,38
T-Default-1x,14226,45.679,2.50,2.49,0.0025,1300,37
T-Default-1x,14227,45.682,2.55,2.52,0.0026,464,37
T-Default-1x,14228,45.684,2.26,2.29,0.0023,464,37
T-Default-1x,14229,45.686,2.11,2.10,0.0021,464,37
T-Default-1x,14230,45.688,2.11,2.10,0.0021,464,37
T-Default-1x,14231,45.691,3.10,3.10,0.0031,1300,36
T-Default-1x,14232,45.694,2.51,2.50,0.0025,464,36
T-Default-1x,14233,45.696,2.19,2.19,0.0022,464,36
T-Default-1x,14234,45.698,2.33,2.31,0.0023,464,36
T-Default-1x,14235,45.701,2.79,2.82,0.0028,1300,35
T-Default-1x,14236,45.704,2.47,2.47,0.0025,464,35
T-Default-1x,14237,45.706,2.19,2.19,0.0022,464,35
T-Default-1x,14238,45.708,2.51,2.50,0.0025,464,35
T-Default-1x,14239,45.711,2.59,2.59,0.0026,1300,34
T-Default-1x,14240,45.713,2.30,2.31,0.0023,464,34
T-Default-1x,14241,45.716,2.33,2.30,0.0023,464,34
T-Default-1x,14242,45.718,2.27,2.29,0.0023,464,34
T-Default-1x,14243,45.720,2.59,2.59,0.0026,1300,33
T-Default-1x,14244,45.723,2.52,2.51,0.0025,464,33
T-Default-1x,14245,45.725,2.39,2.40,0.0024,464,33
T-Default-1x,14246,45.727,2.10,2.10,0.0021,464,33
T-Default-1x,14247,45.730,2.81,2.80,0.0028,1352,32
T-Default-1x,14248,45.733,2.80,2.80,0.0028,464,32
T-Default-1x,14249,45.735,2.07,2.10,0.0021,464,32
T-Default-1x,14250,45.737,2.03,2.00,0.0020,464,32
T-Default-1x,14251,45.740,2.82,2.79,0.0028,1300,31
T-Default-1x,14252,45.742,2.46,2.49,0.0025,464,31
T-Default-1x,14253,45.744,1.99,2.00,0.0020,464,31
T-Default-1x,14254,45.746,2.00,1.99,0.0020,464,31
T-Default-1x,14255,45.749,2.50,2.41,0.0025,464,31
T-Default-1x,14256,45.752,2.84,2.90,0.0028,1300,30
T-Default-1x,14257,45.754,2.27,2.29,0.0023,464,30
T-Default-1x,14258,45.756,2.21,2.20,0.0022,464,30
T-Default-1x,14259,45.758,2.31,2.32,0.0023,464,30
T-Default-1x,14260,45.761,2.48,2.48,0.0025,1300,29
T-Default-1x,14261,45.763,2.30,2.30,0.0023,464,29
T-Default-1x,14262,45.766,2.31,2.30,0.0023,464,29
T-Default-1x,14263,45.768,2.08,2.10,0.0021,464,29
T-Default-1x,14264,45.770,2.60,2.60,0.0026,1300,28
T-Default-1x,14265,45.773,2.30,2.29,0.0023,464,28
T-Default-1x,14266,45.775,2.32,2.31,0.0023,464,28
T-Default-1x,14267,45.777,1.97,1.99,0.0020,464,28
T-Default-1x,14268,45.780,2.73,2.71,0.0027,1300,27
T-Default-1x,14269,45.782,2.50,2.49,0.0025,464,27
T-Default-1x,14270,45.784,2.07,2.10,0.0021,464,27
T-Default-1x,14271,45.786,1.89,1.90,0.0019,464,27
T-Default-1x,14272,45.788,2.01,1.99,0.0020,464,27
T-Default-1x,14273,45.791,3.06,3.01,0.0031,1300,26
T-Default-1x,14274,45.794,2.68,2.69,0.0027,464,26
T-Default-1x,14275,45.796,2.30,2.30,0.0023,464,26
T-Default-1x,14276,45.798,2.32,2.30,0.0023,464,26
T-Default-1x,14277,45.801,2.89,2.89,0.0029,1300,25
T-Default-1x,14278,45.804,2.39,2.40,0.0024,464,25
T-Default-1x,14279,45.806,2.21,2.20,0.0022,464,25
T-Default-1x,14280,45.808,2.41,2.40,0.0024,464,25
T-Default-1x,14281,45.811,2.56,2.60,0.0026,1300,24
T-Default-1x,14282,45.813,2.23,2.21,0.0022,464,24
T-Default-1x,14283,45.815,1.91,1.92,0.0019,464,24
T-Default-1x,14284,45.817,2.06,2.07,0.0021,464,24
T-Default-1x,14285,45.819,2.40,2.40,0.0024,1300,23
T-Default-1x,14286,45.822,2.33,2.30,0.0023,464,23
T-Default-1x,14287,45.824,2.40,2.40,0.0024,464,23
T-Default-1x,14288,45.826,1.97,1.99,0.0020,464,23
T-Default-1x,14289,45.828,1.89,1.89,0.0019,464,23
T-Default-1x,14290,45.831,2.64,2.61,0.0026,1300,22
T-Default-1x,14291,45.833,2.51,2.52,0.0025,464,22
T-Default-1x,14292,45.835,2.06,2.08,0.0021,464,22
T-Default-1x,14293,45.837,2.13,2.10,0.0021,464,22
T-Default-1x,14294,45.840,2.72,2.71,0.0027,1300,21
T-Default-1x,14295,45.843,2.45,2.49,0.0025,464,21
T-Default-1x,14296,45.845,2.01,2.01,0.0020,464,21
T-Default-1x,14297,45.847,2.14,2.10,0.0021,464,21
T-Default-1x,14298,45.850,2.86,2.89,0.0029,1300,20
T-Default-1x,14299,45.852,2.19,2.20,0.0022,464,20
T-Default-1x,14300,45.854,2.10,2.10,0.0021,464,20
T-Default-1x,14301,45.856,2.10,2.10,0.0021,464,20
T-Default-1x,14302,45.858,2.41,2.40,0.0024,464,20
T-Default-1x,14303,45.861,2.70,2.72,0.0027,1300,19
T-Default-1x,14304,45.863,2.41,2.39,0.0024,464,19
T-Default-1x,14305,45.866,2.51,2.50,0.0025,464,19
T-Default-1x,14306,45.868,2.07,2.09,0.0021,464,19
T-Default-1x,14307,45.871,2.51,2.50,0.0025,1300,18
T-Default-1x,14308,45.873,2.42,2.40,0.0024,464,18
T-Default-1x,14309,45.875,2.27,2.30,0.0023,464,18
T-Default-1x,14310,45.877,2.00,2.00,0.0020,464,18
T-Default-1x,14311,45.880,2.63,2.60,0.0026,1300,17
T-Default-1x,14312,45.882,2.50,2.50,0.0025,464,17
T-Default-1x,14313,45.884,1.97,1.99,0.0020,464,17
T-Default-1x,14314,45.886,2.15,2.12,0.0022,464,17
T-Default-1x,14315,45.889,2.87,2.88,0.0029,1300,16
T-Default-1x,14316,45.892,2.51,2.50,0.0025,464,16
T-Default-1x,14317,45.894,1.97,1.99,0.0020,464,16
T-Default-1x,14318,45.896,2.34,2.30,0.0023,464,16
T-Default-1x,14319,45.899,2.40,2.40,0.0024,464,16
T-Default-1x,14320,45.901,2.78,2.80,0.0028,1300,15
T-Default-1x,14321,45.904,2.43,2.40,0.0024,464,15
T-Default-1x,14322,45.906,2.60,2.60,0.0026,464,15
T-Default-1x,14323,45.909,2.60,2.60,0.0026,464,15
T-Default-1x,14324,45.912,3.27,3.20,0.0033,1300,14
T-Default-1x,14325,45.915,2.60,2.68,0.0026,464,14
T-Default-1x,14326,45.917,2.21,2.20,0.0022,464,14
T-Default-1x,14327,45.920,2.81,2.80,0.0028,1300,13
T-Default-1x,14328,45.922,2.62,2.60,0.0026,464,13
T-Default-1x,14329,45.925,2.36,2.39,0.0024,464,13
T-Default-1x,14330,45.927,2.11,2.10,0.0021,464,13
T-Default-1x,14331,45.930,2.73,2.70,0.0027,1300,12
T-Default-1x,14332,45.932,2.81,2.80,0.0028,516,12
T-Default-1x,14333,45.935,2.16,2.19,0.0022,464,12
T-Default-1x,14334,45.937,2.08,2.10,0.0021,464,12
T-Default-1x,14335,45.939,2.63,2.59,0.0026,1300,11
T-Default-1x,14336,45.942,2.61,2.61,0.0026,464,11
T-Default-1x,14337,45.944,2.09,2.10,0.0021,464,11
T-Default-1x,14338,45.946,2.34,2.31,0.0023,464,11
T-Default-1x,14339,45.949,2.38,2.38,0.0024,464,11
T-Default-1x,14340,45.952,3.00,3.01,0.0030,1300,10
T-Default-1x,14341,45.954,2.38,2.38,0.0024,464,10
T-Default-1x,14342,45.956,2.22,2.21,0.0022,464,10
T-Default-1x,14343,45.959,2.26,2.29,0.0023,464,10
T-Default-1x,14344,45.961,2.73,2.71,0.0027,1300,9
T-Default-1x,14345,45.964,2.38,2.39,0.0024,464,9
T-Default-1x,14346,45.966,2.43,2.41,0.0024,464,9
T-Default-1x,14347,45.968,1.96,1.99,0.0020,464,9
T-Default-1x,14348,45.970,1.88,1.89,0.0019,464,9
T-Default-1x,14349,45.972,2.00,2.00,0.0020,464,9
T-Default-1x,14350,45.974,2.36,2.32,0.0024,464,9
T-Default-1x,14351,45.977,2.15,2.19,0.0022,464,9
T-Default-1x,14352,45.979,2.00,2.00,0.0020,464,9
T-Default-1x,14353,45.981,2.03,2.02,0.0020,464,9
T-Default-1x,14354,45.983,2.30,2.29,0.0023,464,9
T-Default-1x,14355,45.985,2.19,2.22,0.0022,464,9
T-Default-1x,14356,45.987,2.09,2.07,0.0021,464,9
T-Default-1x,14357,45.989,1.99,1.99,0.0020,464,9
T-Default-1x,14358,45.991,2.34,2.31,0.0023,464,9
T-Default-1x,14359,45.994,2.07,2.09,0.0021,464,9
T-Default-1x,14360,45.996,2.24,2.21,0.0022,464,9
T-Default-1x,14361,45.998,2.28,2.29,0.0023,464,9
T-Default-1x,14362,46.000,2.31,2.31,0.0023,464,9
T-Default-1x,14363,46.002,2.09,2.09,0.0021,464,9
T-Default-1x,14364,46.005,2.12,2.09,0.0021,464,9
T-Default-1x,14365,46.007,2.20,2.20,0.0022,464,9
T-Default-1x,14366,46.009,2.16,2.19,0.0022,464,9
T-Default-1x,14367,46.011,2.02,2.02,0.0020,464,9
T-Default-1x,14368,46.013,1.99,1.98,0.0020,464,9
T-Default-1x,14369,46.015,2.24,2.21,0.0022,464,9
T-Default-1x,14370,46.017,2.26,2.30,0.0023,464,9
T-Default-1x,14371,46.019,1.89,1.90,0.0019,464,9
T-Default-1x,14372,46.022,2.29,1.99,0.0023,464,9
T-Default-1x,14373,46.024,2.40,2.63,0.0024,464,9
T-Default-1x,14374,46.026,2.13,2.17,0.0021,464,9
T-Default-1x,14375,46.028,1.89,1.90,0.0019,464,9
T-Default-1x,14376,46.030,2.26,2.21,0.0023,464,9
T-Default-1x,14377,46.033,2.49,2.49,0.0025,464,9
T-Default-1x,14378,46.035,2.28,2.31,0.0023,464,9
T-Default-1x,14379,46.037,2.30,2.29,0.0023,464,9
T-Default-1x,14380,46.040,2.21,2.22,0.0022,464,9
T-Default-1x,14381,46.042,2.27,2.27,0.0023,464,9
T-Default-1x,14382,46.044,2.09,2.10,0.0021,464,9
T-Default-1x,14383,46.046,2.02,2.00,0.0020,464,9
T-Default-1x,14384,46.048,2.23,2.21,0.0022,464,9
T-Default-1x,14385,46.051,2.36,2.39,0.0024,464,9
T-Default-1x,14386,46.053,2.22,2.20,0.0022,464,9
T-Default-1x,14387,46.055,2.55,2.50,0.0026,464,9
T-Default-1x,14388,46.058,2.57,2.60,0.0026,464,9
T-Default-1x,14389,46.060,2.17,2.20,0.0022,464,9
T-Default-1x,14390,46.062,2.40,2.39,0.0024,464,9
T-Default-1x,14391,46.065,2.08,2.10,0.0021,464,9
T-Default-1x,14392,46.067,2.33,2.30,0.0023,464,9
T-Default-1x,14393,46.069,2.16,2.19,0.0022,464,9
T-Default-1x,14394,46.071,2.01,2.00,0.0020,464,9
T-Default-1x,14395,46.073,2.00,2.00,0.0020,464,9
T-Default-1x,14396,46.075,1.99,1.99,0.0020,464,9
T-Default-1x,14397,46.077,1.90,1.90,0.0019,464,9
T-Default-1x,14398,46.079,2.14,2.10,0.0021,464,9
T-Default-1x,14399,46.081,2.21,2.19,0.0022,464,9
T-Default-1x,14400,46.083,2.15,2.20,0.0021,464,9
T-Default-1x,14401,46.085,2.00,1.99,0.0020,464,9
T-Default-1x,14402,46.087,2.03,2.02,0.0020,464,9
T-Default-1x,14403,46.090,2.08,2.08,0.0021,464,9
T-Default-1x,14404,46.092,2.38,2.41,0.0024,464,9
T-Default-1x,14405,46.094,1.90,1.89,0.0019,464,9
T-Default-1x,14406,46.096,2.13,2.10,0.0021,464,9
T-Default-1x,14407,46.098,2.22,2.19,0.0022,464,9
T-Default-1x,14408,46.100,2.27,2.30,0.0023,464,9
T-Default-1x,14409,46.102,2.00,2.01,0.0020,464,9
T-Default-1x,14410,46.105,2.12,2.09,0.0021,464,9
T-Default-1x,14411,46.107,2.33,2.30,0.0023,464,9
T-Default-1x,14412,46.109,2.26,2.29,0.0023,464,9
T-Default-1x,14413,46.111,2.10,2.11,0.0021,464,9
T-Default-1x,14414,46.113,2.00,2.00,0.0020,464,9
T-Default-1x,14415,46.115,2.23,2.20,0.0022,464,9
T-Default-1x,14416,46.118,2.06,2.09,0.0021,464,9
T-Default-1x,14417,46.119,1.90,1.90,0.0019,464,9
T-Default-1x,14418,46.121,2.01,2.00,0.0020,464,9
T-Default-1x,14419,46.124,2.33,2.30,0.0023,464,9
T-Default-1x,14420,46.126,2.17,2.19,0.0022,464,9
T-Default-1x,14421,46.128,1.98,2.00,0.0020,464,9
T-Default-1x,14422,46.130,2.13,2.10,0.0021,464,9
T-Default-1x,14423,46.132,2.19,2.19,0.0022,516,9
T-Default-1x,14424,46.134,2.10,2.10,0.0021,464,9
T-Default-1x,14425,46.136,1.88,1.89,0.0019,464,9
T-Default-1x,14426,46.138,2.05,2.02,0.0021,464,9
T-Default-1x,14427,46.141,2.52,2.49,0.0025,464,9
T-Default-1x,14428,46.143,2.04,2.09,0.0020,464,9
T-Default-1x,14429,46.145,1.91,1.90,0.0019,464,9
T-Default-1x,14430,46.147,1.98,1.99,0.0020,464,9
T-Default-1x,14431,46.149,2.15,2.11,0.0022,464,9
T-Default-1x,14432,46.151,2.18,2.19,0.0022,464,9
T-Default-1x,14433,46.153,2.31,2.31,0.0023,464,9
T-Default-1x,14434,46.156,2.18,2.20,0.0022,464,9
T-Default-1x,14435,46.158,2.53,2.49,0.0025,464,9
T-Default-1x,14436,46.160,1.94,1.99,0.0019,464,9
T-Default-1x,14437,46.162,2.01,2.00,0.0020,464,9
T-Default-1x,14438,46.164,1.98,2.00,0.0020,464,9
T-Default-1x,14439,46.166,2.34,2.31,0.0023,464,9
T-Default-1x,14440,46.169,2.25,2.27,0.0023,464,9
T-Default-1x,14441,46.171,2.04,2.02,0.0020,464,9
T-Default-1x,14442,46.173,2.09,2.09,0.0021,464,9
T-Default-1x,14443,46.175,2.20,2.20,0.0022,464,9
T-Default-1x,14444,46.177,1.88,1.90,0.0019,464,9
T-Default-1x,14445,46.179,1.94,1.91,0.0019,464,9
T-Default-1x,14446,46.181,2.19,2.19,0.0022,464,9
T-Default-1x,14447,46.183,2.31,2.30,0.0023,464,9
T-Default-1x,14448,46.185,2.08,2.09,0.0021,464,9
T-Default-1x,14449,46.188,2.37,2.30,0.0024,464,9
T-Default-1x,14450,46.190,2.63,2.60,0.0026,464,9
T-Default-1x,14451,46.193,2.55,2.60,0.0026,464,9
T-Default-1x,14452,46.195,2.22,2.19,0.0022,464,9
T-Default-1x,14453,46.198,2.44,2.48,0.0024,464,9
T-Default-1x,14454,46.200,2.14,2.10,0.0021,464,9
T-Default-1x,14455,46.202,2.35,2.39,0.0024,464,9
T-Default-1x,14456,46.204,2.11,2.09,0.0021,464,9
T-Default-1x,14457,46.207,2.42,2.41,0.0024,464,9
T-Default-1x,14458,46.209,2.40,2.40,0.0024,464,9
T-Default-1x,14459,46.211,2.30,2.31,0.0023,464,9
T-Default-1x,14460,46.213,2.19,2.18,0.0022,464,9
T-Default-1x,14461,46.216,2.22,2.20,0.0022,464,9
T-Default-1x,14462,46.218,1.95,1.98,0.0019,464,9
T-Default-1x,14463,46.220,2.00,2.01,0.0020,464,9
T-Default-1x,14464,46.222,2.06,2.01,0.0021,464,9
T-Default-1x,14465,46.224,2.18,2.19,0.0022,464,9
T-Default-1x,14466,46.226,1.96,1.99,0.0020,464,9
T-Default-1x,14467,46.228,1.91,1.91,0.0019,464,9
T-Default-1x,14468,46.230,2.11,2.09,0.0021,464,9
T-Default-1x,14469,46.232,2.33,2.31,0.0023,464,9
T-Default-1x,14470,46.234,2.17,2.20,0.0022,464,9
T-Default-1x,14471,46.236,1.99,1.99,0.0020,464,9
T-Default-1x,14472,46.238,2.13,2.11,0.0021,464,9
T-Default-1x,14473,46.241,2.20,2.19,0.0022,464,9
T-Default-1x,14474,46.243,2.09,2.10,0.0021,464,9
T-Default-1x,14475,46.245,1.88,1.90,0.0019,464,9
T-Default-1x,14476,46.247,2.03,2.00,0.0020,464,9
T-Default-1x,14477,46.249,2.50,2.51,0.0025,464,9
T-Default-1x,14478,46.251,2.08,2.08,0.0021,464,9
T-Default-1x,14479,46.253,1.95,1.94,0.0020,464,9
T-Default-1x,14480,46.255,2.04,2.05,0.0020,464,9
T-Default-1x,14481,46.258,2.33,2.31,0.0023,464,9
T-Default-1x,14482,46.259,1.88,1.91,0.0019,464,9
T-Default-1x,14483,46.261,1.89,1.89,0.0019,464,9
T-Default-1x,14484,46.263,2.00,1.99,0.0020,464,9
T-Default-1x,14485,46.266,2.22,2.20,0.0022,464,9
T-Default-1x,14486,46.268,2.19,2.21,0.0022,464,9
T-Default-1x,14487,46.270,2.00,1.99,0.0020,464,9
T-Default-1x,14488,46.272,2.42,2.40,0.0024,464,9
T-Default-1x,14489,46.275,2.54,2.51,0.0025,464,9
T-Default-1x,14490,46.277,2.24,2.28,0.0022,464,9
T-Default-1x,14491,46.279,2.31,2.30,0.0023,464,9
T-Default-1x,14492,46.282,2.30,2.30,0.0023,464,9
T-Default-1x,14493,46.284,2.28,2.30,0.0023,464,9
T-Default-1x,14494,46.286,2.12,2.11,0.0021,464,9
T-Default-1x,14495,46.288,2.10,2.09,0.0021,464,9
T-Default-1x,14496,46.290,2.43,2.41,0.0024,464,9
T-Default-1x,14497,46.293,2.16,2.20,0.0022,464,9
T-Default-1x,14498,46.294,1.89,1.89,0.0019,464,9
T-Default-1x,14499,46.297,2.13,2.10,0.0021,464,9
T-Default-1x,14500,46.299,2.34,2.30,0.0023,464,9
T-Default-1x,14501,46.301,2.04,2.09,0.0020,464,9
T-Default-1x,14502,46.303,1.91,1.92,0.0019,464,9
T-Default-1x,14503,46.305,1.98,1.97,0.0020,464,9
T-Default-1x,14504,46.307,2.23,2.22,0.0022,464,9
T-Default-1x,14505,46.309,2.19,2.18,0.0022,464,9
T-Default-1x,14506,46.312,2.34,2.31,0.0023,464,9
T-Default-1x,14507,46.314,2.08,2.09,0.0021,464,9
T-Default-1x,14508,46.316,2.32,2.31,0.0023,464,9
T-Default-1x,14509,46.318,1.98,2.01,0.0020,464,9
T-Default-1x,14510,46.320,1.87,1.86,0.0019,464,9
T-Default-1x,14511,46.322,2.10,2.11,0.0021,464,9
T-Default-1x,14512,46.324,2.22,2.20,0.0022,464,9
T-Default-1x,14513,46.326,1.98,2.00,0.0020,464,9
T-Default-1x,14514,46.328,1.79,1.80,0.0018,464,9
T-Default-1x,14515,46.330,2.01,2.00,0.0020,464,9
T-Default-1x,14516,46.332,2.22,2.20,0.0022,464,9
T-Default-1x,14517,46.334,1.97,2.00,0.0020,516,9
T-Default-1x,14518,46.336,1.92,1.91,0.0019,464,9
T-Default-1x,14519,46.338,2.02,2.01,0.0020,464,9
T-Default-1x,14520,46.340,2.31,2.28,0.0023,464,9
T-Default-1x,14521,46.343,2.05,2.09,0.0021,464,9
T-Default-1x,14522,46.345,2.03,2.03,0.0020,464,9
T-Default-1x,14523,46.347,1.98,1.98,0.0020,464,9
T-Default-1x,14524,46.349,2.16,2.11,0.0022,464,9
T-Default-1x,14525,46.351,2.03,2.08,0.0020,464,9
T-Default-1x,14526,46.353,1.99,2.00,0.0020,464,9
T-Default-1x,14527,46.354,1.79,1.80,0.0018,464,9
T-Default-1x,14528,46.356,1.81,1.80,0.0018,464,9
T-Default-1x,14529,46.358,1.90,1.90,0.0019,464,9
T-Default-1x,14530,46.360,1.81,1.81,0.0018,464,9
T-Default-1x,14531,46.362,2.07,2.00,0.0021,464,9
T-Default-1x,14532,46.364,2.03,2.09,0.0020,464,9
T-Default-1x,14533,46.366,2.13,2.12,0.0021,464,9
T-Default-1x,14534,46.368,1.89,1.89,0.0019,464,9
T-Default-1x,14535,46.370,2.01,2.02,0.0020,464,9
T-Default-1x,14536,46.372,2.20,2.18,0.0022,464,9
T-Default-1x,14537,46.375,2.20,2.20,0.0022,464,9
T-Default-1x,14538,46.376,1.88,1.90,0.0019,464,9
T-Default-1x,14539,46.378,1.82,1.80,0.0018,464,9
T-Default-1x,14540,46.381,2.31,2.30,0.0023,464,9
T-Default-1x,14541,46.383,2.28,2.29,0.0023,464,9
T-Default-1x,14542,46.385,2.26,2.21,0.0023,464,9
T-Default-1x,14543,46.388,2.56,2.59,0.0026,464,9
T-Default-1x,14544,46.390,2.30,2.30,0.0023,464,9
T-Default-1x,14545,46.392,2.47,2.49,0.0025,464,9
T-Default-1x,14546,46.394,2.00,2.00,0.0020,464,9
T-Default-1x,14547,46.397,2.12,2.10,0.0021,464,9
T-Default-1x,14548,46.399,2.32,2.30,0.0023,464,9
T-Default-1x,14549,46.401,2.17,2.20,0.0022,464,9
T-Default-1x,14550,46.403,2.00,2.00,0.0020,464,9
T-Default-1x,14551,46.405,2.03,2.01,0.0020,464,9
T-Default-1x,14552,46.408,2.44,2.41,0.0024,464,9
T-Default-1x,14553,46.410,2.19,2.20,0.0022,464,9
T-Default-1x,14554,46.412,2.04,2.08,0.0020,464,9
T-Default-1x,14555,46.414,2.10,2.08,0.0021,464,9
T-Default-1x,14556,46.416,2.31,2.32,0.0023,464,9
T-Default-1x,14557,46.418,2.00,1.99,0.0020,464,9
T-Default-1x,14558,46.420,1.98,2.00,0.0020,464,9
T-Default-1x,14559,46.422,2.00,1.99,0.0020,464,9
T-Default-1x,14560,46.424,2.33,2.31,0.0023,464,9
T-Default-1x,14561,46.427,2.43,2.39,0.0024,464,9
T-Default-1x,14562,46.429,2.39,2.40,0.0024,464,9
T-Default-1x,14563,46.431,2.18,2.20,0.0022,464,9
T-Default-1x,14564,46.434,2.29,2.31,0.0023,464,9
T-Default-1x,14565,46.436,1.97,1.98,0.0020,464,9
T-Default-1x,14566,46.438,2.16,2.12,0.0022,464,9
T-Default-1x,14567,46.440,2.30,2.30,0.0023,464,9
T-Default-1x,14568,46.442,2.28,2.30,0.0023,464,9
T-Default-1x,14569,46.445,2.07,2.09,0.0021,464,9
T-Default-1x,14570,46.447,2.01,1.98,0.0020,464,9
T-Default-1x,14571,46.449,2.43,2.42,0.0024,464,9
T-Default-1x,14572,46.451,2.17,2.19,0.0022,464,9
T-Default-1x,14573,46.453,1.98,2.00,0.0020,464,9
T-Default-1x,14574,46.455,2.00,1.99,0.0020,464,9
T-Default-1x,14575,46.457,2.23,2.21,0.0022,464,9
T-Default-1x,14576,46.459,2.09,2.11,0.0021,464,9
T-Default-1x,14577,46.462,2.09,2.08,0.0021,464,9
T-Default-1x,14578,46.464,2.11,2.10,0.0021,464,9
T-Default-1x,14579,46.466,2.41,2.40,0.0024,464,9
T-Default-1x,14580,46.468,2.09,2.10,0.0021,464,9
T-Default-1x,14581,46.471,2.42,2.39,0.0024,464,9
T-Default-1x,14582,46.473,2.30,2.30,0.0023,464,9
T-Default-1x,14583,46.475,2.28,2.30,0.0023,464,9
T-Default-1x,14584,46.477,1.99,2.00,0.0020,464,9
T-Default-1x,14585,46.479,2.01,2.00,0.0020,464,9
T-Default-1x,14586,46.481,2.10,2.11,0.0021,464,9
T-Default-1x,14587,46.484,2.33,2.32,0.0023,464,9
T-Default-1x,14588,46.486,2.04,2.06,0.0020,464,9
T-Default-1x,14589,46.488,2.04,2.01,0.0020,464,9
T-Default-1x,14590,46.490,2.20,2.18,0.0022,464,9
T-Default-1x,14591,46.492,2.48,2.50,0.0025,464,9
T-Default-1x,14592,46.495,2.33,2.31,0.0023,464,9
T-Default-1x,14593,46.497,2.19,2.20,0.0022,464,9
T-Default-1x,14594,46.499,2.21,2.19,0.0022,464,9
T-Default-1x,14595,46.501,2.19,2.20,0.0022,464,9
T-Default-1x,14596,46.503,2.08,2.10,0.0021,464,9
T-Default-1x,14597,46.505,2.10,2.09,0.0021,464,9
T-Default-1x,14598,46.508,2.31,2.30,0.0023,464,9
T-Default-1x,14599,46.510,2.09,2.10,0.0021,464,9
T-Default-1x,14600,46.512,2.54,2.51,0.0025,464,9
T-Default-1x,14601,46.515,2.38,2.39,0.0024,464,9
T-Default-1x,14602,46.517,2.52,2.50,0.0025,464,9
T-Default-1x,14603,46.520,2.57,2.59,0.0026,464,9
T-Default-1x,14604,46.522,2.30,2.31,0.0023,464,9
T-Default-1x,14605,46.524,2.32,2.32,0.0023,464,9
T-Default-1x,14606,46.527,2.07,2.09,0.0021,464,9
T-Default-1x,14607,46.529,1.99,1.98,0.0020,464,9
T-Default-1x,14608,46.531,2.25,2.24,0.0022,464,9
T-Default-1x,14609,46.533,2.20,2.16,0.0022,464,9
T-Default-1x,14610,46.535,1.95,1.99,0.0019,516,9
T-Default-1x,14611,46.537,2.03,2.01,0.0020,464,9
T-Default-1x,14612,46.539,2.29,2.29,0.0023,464,9
T-Default-1x,14613,46.542,2.42,2.41,0.0024,464,9
T-Default-1x,14614,46.544,2.07,2.08,0.0021,464,9
T-Default-1x,14615,46.546,2.00,1.99,0.0020,464,9
T-Default-1x,14616,46.548,2.11,2.10,0.0021,464,9
T-Default-1x,14617,46.550,2.18,2.20,0.0022,464,9
T-Default-1x,14618,46.552,2.26,2.20,0.0023,464,9
T-Default-1x,14619,46.555,2.62,2.60,0.0026,464,9
T-Default-1x,14620,46.557,2.37,2.40,0.0024,464,9
T-Default-1x,14621,46.560,2.30,2.30,0.0023,464,9
T-Default-1x,14622,46.562,2.06,2.07,0.0021,464,9
T-Default-1x,14623,46.564,2.09,2.10,0.0021,464,9
T-Default-1x,14624,46.566,2.56,2.52,0.0026,464,9
T-Default-1x,14625,46.569,2.36,2.38,0.0024,464,9
T-Default-1x,14626,46.571,2.11,2.11,0.0021,464,9
T-Default-1x,14627,46.573,2.11,2.10,0.0021,464,9
T-Default-1x,14628,46.575,2.27,2.29,0.0023,464,9
T-Default-1x,14629,46.577,2.23,2.21,0.0022,464,9
T-Default-1x,14630,46.580,2.20,2.20,0.0022,464,9
T-Default-1x,14631,46.582,2.40,2.39,0.0024,464,9
T-Default-1x,14632,46.584,2.08,2.09,0.0021,464,9
T-Default-1x,14633,46.586,2.22,2.22,0.0022,464,9
T-Default-1x,14634,46.589,2.30,2.29,0.0023,464,9
T-Default-1x,14635,46.591,2.52,2.50,0.0025,464,9
T-Default-1x,14636,46.593,2.07,2.09,0.0021,464,9
T-Default-1x,14637,46.596,2.75,2.71,0.0028,464,9
T-Default-1x,14638,46.598,2.38,2.39,0.0024,464,9
T-Default-1x,14639,46.601,2.36,2.41,0.0024,464,9
T-Default-1x,14640,46.603,2.17,2.16,0.0022,464,9
T-Default-1x,14641,46.605,2.13,2.12,0.0021,464,9
T-Default-1x,14642,46.607,2.33,2.31,0.0023,464,9
T-Default-1x,14643,46.609,2.20,2.22,0.0022,464,9
T-Default-1x,14644,46.612,2.29,2.28,0.0023,464,9
T-Default-1x,14645,46.614,2.30,2.32,0.0023,464,9
T-Default-1x,14646,46.616,2.28,2.27,0.0023,464,9
T-Default-1x,14647,46.618,2.00,2.00,0.0020,464,9
T-Default-1x,14648,46.620,2.02,2.01,0.0020,464,9
T-Default-1x,14649,46.622,2.06,2.08,0.0021,464,9
T-Default-1x,14650,46.625,2.43,2.40,0.0024,464,9
T-Default-1x,14651,46.627,2.05,2.09,0.0021,464,9
T-Default-1x,14652,46.629,2.12,2.10,0.0021,464,9
T-Default-1x,14653,46.631,2.20,2.20,0.0022,464,9
T-Default-1x,14654,46.634,2.41,2.40,0.0024,464,9
T-Default-1x,14655,46.636,2.51,2.50,0.0025,464,9
T-Default-1x,14656,46.638,2.31,2.30,0.0023,464,9
T-Default-1x,14657,46.641,2.30,2.29,0.0023,464,9
T-Default-1x,14658,46.643,2.20,2.21,0.0022,464,9
T-Default-1x,14659,46.645,1.99,1.99,0.0020,464,9
T-Default-1x,14660,46.647,2.30,2.30,0.0023,464,9
T-Default-1x,14661,46.650,2.40,2.41,0.0024,464,9
T-Default-1x,14662,46.652,2.09,2.09,0.0021,464,9
T-Default-1x,14663,46.654,2.10,2.10,0.0021,464,9
T-Default-1x,14664,46.656,2.25,2.24,0.0023,464,9
T-Default-1x,14665,46.658,2.24,2.25,0.0022,464,9
T-Default-1x,14666,46.660,1.88,1.89,0.0019,464,9
T-Default-1x,14667,46.662,1.91,1.90,0.0019,464,9
T-Default-1x,14668,46.664,2.01,2.01,0.0020,464,9
T-Default-1x,14669,46.666,2.20,2.18,0.0022,464,9
T-Default-1x,14670,46.668,1.88,1.90,0.0019,464,9
T-Default-1x,14671,46.670,1.79,1.79,0.0018,464,9
T-Default-1x,14672,46.672,2.17,2.12,0.0022,464,9
T-Default-1x,14673,46.675,2.38,2.39,0.0024,464,9
T-Default-1x,14674,46.677,2.30,2.30,0.0023,464,9
T-Default-1x,14675,46.679,2.20,2.21,0.0022,464,9
T-Default-1x,14676,46.681,2.30,2.29,0.0023,464,9
T-Default-1x,14677,46.684,2.40,2.40,0.0024,464,9
T-Default-1x,14678,46.686,2.00,1.99,0.0020,464,9
T-Default-1x,14679,46.688,2.01,2.01,0.0020,464,9
T-Default-1x,14680,46.690,2.22,2.19,0.0022,464,9
T-Default-1x,14681,46.692,2.29,2.31,0.0023,464,9
T-Default-1x,14682,46.694,1.89,1.91,0.0019,464,9
T-Default-1x,14683,46.696,1.91,1.90,0.0019,464,9
T-Default-1x,14684,46.698,2.01,2.00,0.0020,464,9
T-Default-1x,14685,46.701,2.58,2.58,0.0026,464,9
T-Default-1x,14686,46.703,2.07,2.10,0.0021,464,9
T-Default-1x,14687,46.705,2.01,1.99,0.0020,464,9
T-Default-1x,14688,46.707,2.35,2.32,0.0024,464,9
T-Default-1x,14689,46.709,2.14,2.19,0.0021,464,9
T-Default-1x,14690,46.711,1.99,2.00,0.0020,464,9
T-Default-1x,14691,46.713,2.01,1.99,0.0020,464,9
T-Default-1x,14692,46.715,2.25,2.21,0.0022,464,9
T-Default-1x,14693,46.718,2.48,2.49,0.0025,464,9
T-Default-1x,14694,46.720,2.49,2.50,0.0025,464,9
T-Default-1x,14695,46.723,2.18,2.19,0.0022,464,9
T-Default-1x,14696,46.725,2.24,2.22,0.0022,464,9
T-Default-1x,14697,46.727,1.95,1.97,0.0019,464,9
T-Default-1x,14698,46.729,2.16,2.10,0.0022,464,9
T-Default-1x,14699,46.731,2.42,2.43,0.0024,464,9
T-Default-1x,14700,46.734,2.26,2.30,0.0023,464,9
T-Default-1x,14701,46.736,1.97,1.97,0.0020,516,9
T-Default-1x,14702,46.738,2.13,2.10,0.0021,464,9
T-Default-1x,14703,46.740,2.22,2.21,0.0022,464,9
T-Default-1x,14704,46.742,2.25,2.27,0.0022,464,9
T-Default-1x,14705,46.744,1.89,1.89,0.0019,464,9
T-Default-1x,14706,46.746,2.15,2.12,0.0022,464,9
T-Default-1x,14707,46.749,2.32,2.31,0.0023,464,9
T-Default-1x,14708,46.751,2.28,2.28,0.0023,464,9
T-Default-1x,14709,46.753,2.40,2.40,0.0024,464,9
T-Default-1x,14710,46.755,1.96,1.99,0.0020,464,9
T-Default-1x,14711,46.757,2.02,2.00,0.0020,464,9
T-Default-1x,14712,46.759,2.21,2.20,0.0022,464,9
T-Default-1x,14713,46.762,2.43,2.40,0.0024,464,9
T-Default-1x,14714,46.764,2.14,2.19,0.0021,464,9
T-Default-1x,14715,46.766,2.33,2.31,0.0023,464,9
T-Default-1x,14716,46.768,1.97,1.99,0.0020,464,9
T-Default-1x,14717,46.770,1.91,1.89,0.0019,464,9
T-Default-1x,14718,46.772,2.09,2.10,0.0021,464,9
T-Default-1x,14719,46.775,2.31,2.29,0.0023,464,9
T-Default-1x,14720,46.777,2.08,2.10,0.0021,464,9
T-Default-1x,14721,46.779,1.93,1.90,0.0019,464,9
T-Default-1x,14722,46.781,2.07,2.10,0.0021,464,9
T-Default-1x,14723,46.783,2.22,2.21,0.0022,464,9
T-Default-1x,14724,46.785,1.88,1.89,0.0019,464,9
T-Default-1x,14725,46.787,1.90,1.90,0.0019,464,9
T-Default-1x,14726,46.789,2.11,2.10,0.0021,464,9
T-Default-1x,14727,46.791,2.32,2.30,0.0023,464,9
T-Default-1x,14728,46.793,1.98,2.00,0.0020,464,9
T-Default-1x,14729,46.795,1.91,1.91,0.0019,464,9
T-Default-1x,14730,46.797,2.00,2.00,0.0020,464,9
T-Default-1x,14731,46.799,2.34,2.31,0.0023,464,9
T-Default-1x,14732,46.802,2.19,2.19,0.0022,464,9
T-Default-1x,14733,46.804,2.28,2.29,0.0023,464,9
T-Default-1x,14734,46.806,2.09,2.10,0.0021,464,9
T-Default-1x,14735,46.808,2.33,2.31,0.0023,464,9
T-Default-1x,14736,46.810,2.08,2.09,0.0021,464,9
T-Default-1x,14737,46.812,2.04,2.01,0.0020,464,9
T-Default-1x,14738,46.815,2.18,2.20,0.0022,464,9
T-Default-1x,14739,46.817,2.30,2.31,0.0023,464,9
T-Default-1x,14740,46.819,1.96,1.98,0.0020,464,9
T-Default-1x,14741,46.821,1.92,1.90,0.0019,464,9
T-Default-1x,14742,46.823,2.11,2.10,0.0021,464,9
T-Default-1x,14743,46.825,2.21,2.20,0.0022,464,9
T-Default-1x,14744,46.827,1.89,1.90,0.0019,464,9
T-Default-1x,14745,46.829,1.91,1.90,0.0019,464,9
T-Default-1x,14746,46.831,2.29,2.30,0.0023,464,9
T-Default-1x,14747,46.833,2.19,2.19,0.0022,464,9
T-Default-1x,14748,46.835,1.90,1.90,0.0019,464,9
T-Default-1x,14749,46.837,1.95,1.90,0.0019,464,9
T-Default-1x,14750,46.839,2.07,2.09,0.0021,464,9
T-Default-1x,14751,46.841,2.22,2.23,0.0022,464,9
T-Default-1x,14752,46.844,2.30,2.27,0.0023,464,9
T-Default-1x,14753,46.846,2.30,2.29,0.0023,464,9
T-Default-1x,14754,46.848,2.31,2.31,0.0023,464,9
T-Default-1x,14755,46.851,2.27,2.29,0.0023,464,9
T-Default-1x,14756,46.853,2.01,2.01,0.0020,464,9
T-Default-1x,14757,46.855,2.01,1.99,0.0020,464,9
T-Default-1x,14758,46.857,2.33,2.31,0.0023,464,9
T-Default-1x,14759,46.859,2.04,2.09,0.0020,464,9
T-Default-1x,14760,46.861,1.99,1.99,0.0020,464,9
T-Default-1x,14761,46.863,1.92,1.90,0.0019,464,9
T-Default-1x,14762,46.865,2.23,2.20,0.0022,464,9
T-Default-1x,14763,46.867,2.26,2.30,0.0023,464,9
T-Default-1x,14764,46.869,1.88,1.89,0.0019,464,9
T-Default-1x,14765,46.871,2.15,2.11,0.0021,464,9
T-Default-1x,14766,46.874,2.29,2.29,0.0023,464,9
T-Default-1x,14767,46.876,2.33,2.30,0.0023,464,9
T-Default-1x,14768,46.878,2.25,2.30,0.0023,464,9
T-Default-1x,14769,46.880,2.11,2.11,0.0021,464,9
T-Default-1x,14770,46.883,2.32,2.30,0.0023,464,9
T-Default-1x,14771,46.885,2.30,2.28,0.0023,464,9
T-Default-1x,14772,46.887,2.26,2.29,0.0023,464,9
T-Default-1x,14773,46.889,2.12,2.10,0.0021,464,9
T-Default-1x,14774,46.892,2.19,2.20,0.0022,464,9
T-Default-1x,14775,46.893,1.88,1.89,0.0019,464,9
T-Default-1x,14776,46.896,2.04,2.00,0.0020,464,9
T-Default-1x,14777,46.898,2.29,2.30,0.0023,464,9
T-Default-1x,14778,46.900,2.19,2.20,0.0022,464,9
T-Default-1x,14779,46.902,1.87,1.89,0.0019,464,9
T-Default-1x,14780,46.904,2.03,2.00,0.0020,464,9
T-Default-1x,14781,46.906,2.21,2.21,0.0022,464,9
T-Default-1x,14782,46.908,2.33,2.32,0.0023,464,9
T-Default-1x,14783,46.911,2.05,2.07,0.0021,464,9
T-Default-1x,14784,46.913,2.13,2.10,0.0021,464,9
T-Default-1x,14785,46.915,2.10,2.09,0.0021,464,9
T-Default-1x,14786,46.917,2.30,2.31,0.0023,464,9
T-Default-1x,14787,46.919,1.98,1.98,0.0020,464,9
T-Default-1x,14788,46.921,2.00,2.00,0.0020,464,9
T-Default-1x,14789,46.923,2.25,2.21,0.0022,464,9
T-Default-1x,14790,46.925,2.17,2.21,0.0022,464,9
T-Default-1x,14791,46.927,2.00,1.98,0.0020,464,9
T-Default-1x,14792,46.929,2.00,1.99,0.0020,464,9
T-Default-1x,14793,46.932,2.21,2.20,0.0022,464,9
T-Default-1x,14794,46.934,2.12,2.10,0.0021,464,9
T-Default-1x,14795,46.936,1.97,1.99,0.0020,516,9
T-Default-1x,14796,46.938,1.97,2.00,0.0020,464,9
T-Default-1x,14797,46.939,1.68,1.69,0.0017,464,9
T-Default-1x,14798,46.941,1.94,1.92,0.0019,464,9
T-Default-1x,14799,46.943,2.00,1.99,0.0020,464,9
T-Default-1x,14800,46.946,2.46,2.41,0.0025,464,9
T-Default-1x,14801,46.948,2.57,2.58,0.0026,464,9
T-Default-1x,14802,46.951,2.48,2.50,0.0025,464,9
T-Default-1x,14803,46.953,2.53,2.51,0.0025,464,9
T-Default-1x,14804,46.956,2.50,2.49,0.0025,464,9
T-Default-1x,14805,46.958,2.52,2.53,0.0025,464,9
T-Default-1x,14806,46.961,2.16,2.17,0.0022,464,9
T-Default-1x,14807,46.963,2.20,2.19,0.0022,464,9
T-Default-1x,14808,46.965,2.31,2.30,0.0023,464,9
T-Default-1x,14809,46.967,2.38,2.39,0.0024,464,9
T-Default-1x,14810,46.970,2.16,2.18,0.0022,464,9
T-Default-1x,14811,46.972,2.26,2.22,0.0023,464,9
T-Default-1x,14812,46.974,2.44,2.40,0.0024,464,9
T-Default-1x,14813,46.977,2.24,2.30,0.0022,464,9
T-Default-1x,14814,46.979,2.31,2.29,0.0023,464,9
T-Default-1x,14815,46.981,2.17,2.20,0.0022,464,9
T-Default-1x,14816,46.983,2.31,2.30,0.0023,464,9
T-Default-1x,14817,46.985,2.08,2.09,0.0021,464,9
T-Default-1x,14818,46.988,2.22,2.20,0.0022,464,9
T-Default-1x,14819,46.990,2.41,2.40,0.0024,464,9
T-Default-1x,14820,46.993,2.51,2.50,0.0025,464,9
T-Default-1x,14821,46.995,2.48,2.49,0.0025,464,9
T-Default-1x,14822,46.997,2.21,2.23,0.0022,464,9
T-Default-1x,14823,47.000,2.40,2.37,0.0024,464,9
T-Default-1x,14824,47.002,2.07,2.09,0.0021,464,9
T-Default-1x,14825,47.004,2.13,2.10,0.0021,464,9
T-Default-1x,14826,47.006,2.07,2.10,0.0021,464,9
T-Default-1x,14827,47.008,2.25,2.23,0.0023,464,9
T-Default-1x,14828,47.010,2.04,2.07,0.0020,464,9
T-Default-1x,14829,47.012,2.23,2.21,0.0022,464,9
T-Default-1x,14830,47.015,2.20,2.20,0.0022,464,9
T-Default-1x,14831,47.017,2.28,2.30,0.0023,464,9
T-Default-1x,14832,47.019,2.05,2.00,0.0020,464,9
T-Default-1x,14833,47.021,2.06,2.09,0.0021,464,9
T-Default-1x,14834,47.023,2.23,2.20,0.0022,464,9
T-Default-1x,14835,47.025,2.17,2.20,0.0022,464,9
T-Default-1x,14836,47.027,1.98,2.00,0.0020,464,9
T-Default-1x,14837,47.029,2.07,2.00,0.0021,464,9
T-Default-1x,14838,47.032,2.51,2.51,0.0025,464,9
T-Default-1x,14839,47.034,2.24,2.29,0.0022,464,9
T-Default-1x,14840,47.036,1.89,1.90,0.0019,464,9
T-Default-1x,14841,47.038,2.12,2.09,0.0021,464,9
T-Default-1x,14842,47.041,2.33,2.32,0.0023,464,9
T-Default-1x,14843,47.043,2.29,2.30,0.0023,464,9
T-Default-1x,14844,47.045,2.05,2.07,0.0021,464,9
T-Default-1x,14845,47.047,2.11,2.11,0.0021,464,9
T-Default-1x,14846,47.049,2.33,2.31,0.0023,464,9
T-Default-1x,14847,47.052,2.17,2.18,0.0022,464,9
T-Default-1x,14848,47.054,2.10,2.10,0.0021,464,9
T-Default-1x,14849,47.056,2.09,2.10,0.0021,464,9
T-Default-1x,14850,47.058,2.32,2.30,0.0023,464,9
T-Default-1x,14851,47.060,2.08,2.09,0.0021,464,9
T-Default-1x,14852,47.062,1.99,1.99,0.0020,464,9
T-Default-1x,14853,47.064,2.13,2.11,0.0021,464,9
T-Default-1x,14854,47.067,2.28,2.29,0.0023,464,9
T-Default-1x,14855,47.069,2.04,2.06,0.0020,464,9
T-Default-1x,14856,47.070,1.89,1.84,0.0019,464,9
T-Default-1x,14857,47.073,2.08,2.10,0.0021,464,9
T-Default-1x,14858,47.075,2.20,2.20,0.0022,464,9
T-Default-1x,14859,47.077,1.99,2.00,0.0020,464,9
T-Default-1x,14860,47.079,1.91,1.91,0.0019,464,9
T-Default-1x,14861,47.081,2.12,2.09,0.0021,464,9
T-Default-1x,14862,47.083,2.30,2.30,0.0023,464,9
T-Default-1x,14863,47.085,2.11,2.10,0.0021,464,9
T-Default-1x,14864,47.087,2.11,2.10,0.0021,464,9
T-Default-1x,14865,47.089,2.18,2.20,0.0022,464,9
T-Default-1x,14866,47.092,2.20,2.20,0.0022,464,9
T-Default-1x,14867,47.094,1.88,1.90,0.0019,464,9
T-Default-1x,14868,47.096,2.03,2.00,0.0020,464,9
T-Default-1x,14869,47.098,2.18,2.18,0.0022,464,9
T-Default-1x,14870,47.100,2.39,2.41,0.0024,464,9
T-Default-1x,14871,47.102,2.02,1.99,0.0020,464,9
T-Default-1x,14872,47.105,2.58,2.51,0.0026,464,9
T-Default-1x,14873,47.107,2.70,2.71,0.0027,464,9
T-Default-1x,14874,47.110,2.53,2.57,0.0025,464,9
T-Default-1x,14875,47.112,2.40,2.40,0.0024,464,9
T-Default-1x,14876,47.115,2.31,2.30,0.0023,464,9
T-Default-1x,14877,47.117,2.49,2.50,0.0025,464,9
T-Default-1x,14878,47.119,2.06,2.09,0.0021,464,9
T-Default-1x,14879,47.121,2.14,2.11,0.0021,464,9
T-Default-1x,14880,47.124,2.44,2.42,0.0024,464,9
T-Default-1x,14881,47.126,2.35,2.37,0.0024,464,9
T-Default-1x,14882,47.129,2.40,2.40,0.0024,464,9
T-Default-1x,14883,47.131,2.34,2.31,0.0023,464,9
T-Default-1x,14884,47.133,2.28,2.31,0.0023,464,9
T-Default-1x,14885,47.135,1.96,1.97,0.0020,464,9
T-Default-1x,14886,47.137,1.90,1.90,0.0019,516,9
T-Default-1x,14887,47.139,2.20,2.19,0.0022,464,9
T-Default-1x,14888,47.142,2.40,2.40,0.0024,464,9
T-Default-1x,14889,47.144,1.99,2.00,0.0020,464,9
T-Default-1x,14890,47.146,1.93,1.89,0.0019,464,9
T-Default-1x,14891,47.148,2.40,2.42,0.0024,464,9
T-Default-1x,14892,47.150,2.28,2.29,0.0023,464,9
T-Default-1x,14893,47.152,1.90,1.91,0.0019,464,9
T-Default-1x,14894,47.154,2.02,1.99,0.0020,464,9
T-Default-1x,14895,47.156,2.08,2.10,0.0021,464,9
T-Default-1x,14896,47.158,2.20,2.20,0.0022,464,9
T-Default-1x,14897,47.160,2.02,2.02,0.0020,464,9
T-Default-1x,14898,47.163,2.21,2.18,0.0022,464,9
T-Default-1x,14899,47.165,2.20,2.20,0.0022,464,9
T-Default-1x,14900,47.167,2.19,2.22,0.0022,464,9
T-Default-1x,14901,47.169,1.88,1.87,0.0019,464,9
T-Default-1x,14902,47.171,2.02,2.00,0.0020,464,9
T-Default-1x,14903,47.173,2.23,2.20,0.0022,464,9
T-Default-1x,14904,47.176,2.39,2.40,0.0024,464,9
T-Default-1x,14905,47.178,1.99,1.99,0.0020,464,9
T-Default-1x,14906,47.180,2.14,2.10,0.0021,464,9
T-Default-1x,14907,47.182,2.49,2.49,0.0025,464,9
T-Default-1x,14908,47.184,1.94,1.99,0.0019,464,9
T-Default-1x,14909,47.186,2.21,2.20,0.0022,464,9
T-Default-1x,14910,47.188,2.10,2.09,0.0021,464,9
T-Default-1x,14911,47.191,2.25,2.21,0.0022,464,9
T-Default-1x,14912,47.193,2.15,2.19,0.0021,464,9
T-Default-1x,14913,47.195,2.14,2.11,0.0021,464,9
T-Default-1x,14914,47.197,2.29,2.29,0.0023,464,9
T-Default-1x,14915,47.200,2.41,2.40,0.0024,464,9
T-Default-1x,14916,47.202,2.28,2.30,0.0023,464,9
T-Default-1x,14917,47.204,2.20,2.19,0.0022,464,9
T-Default-1x,14918,47.207,2.64,2.61,0.0026,464,9
T-Default-1x,14919,47.209,2.45,2.49,0.0025,464,9
T-Default-1x,14920,47.212,2.41,2.41,0.0024,464,9
T-Default-1x,14921,47.214,2.20,2.20,0.0022,464,9
T-Default-1x,14922,47.216,2.20,2.19,0.0022,464,9
T-Default-1x,14923,47.218,2.00,2.01,0.0020,464,9
T-Default-1x,14924,47.220,2.17,2.18,0.0022,464,9
T-Default-1x,14925,47.222,2.22,2.20,0.0022,464,9
T-Default-1x,14926,47.225,2.40,2.41,0.0024,464,9
T-Default-1x,14927,47.227,2.21,2.20,0.0022,464,9
T-Default-1x,14928,47.229,2.19,2.19,0.0022,464,9
T-Default-1x,14929,47.231,2.14,2.10,0.0021,464,9
T-Default-1x,14930,47.234,2.36,2.38,0.0024,464,9
T-Default-1x,14931,47.236,2.43,2.41,0.0024,464,9
T-Default-1x,14932,47.239,2.39,2.40,0.0024,464,9
T-Default-1x,14933,47.241,2.43,2.40,0.0024,464,9
T-Default-1x,14934,47.243,2.26,2.30,0.0023,464,9
T-Default-1x,14935,47.245,2.08,2.08,0.0021,464,9
T-Default-1x,14936,47.247,2.10,2.11,0.0021,464,9
T-Default-1x,14937,47.250,2.52,2.50,0.0025,464,9
T-Default-1x,14938,47.252,2.08,2.10,0.0021,464,9
T-Default-1x,14939,47.254,2.15,2.11,0.0021,464,9
T-Default-1x,14940,47.256,2.16,2.18,0.0022,464,9
T-Default-1x,14941,47.258,1.99,2.01,0.0020,464,9
T-Default-1x,14942,47.260,2.02,2.01,0.0020,464,9
T-Default-1x,14943,47.262,2.12,2.08,0.0021,464,9
T-Default-1x,14944,47.265,2.18,2.19,0.0022,464,9
T-Default-1x,14945,47.267,2.30,2.30,0.0023,464,9
T-Default-1x,14946,47.269,1.98,2.00,0.0020,464,9
T-Default-1x,14947,47.271,1.91,1.89,0.0019,464,9
T-Default-1x,14948,47.273,2.03,2.01,0.0020,464,9
T-Default-1x,14949,47.275,2.19,2.20,0.0022,464,9
T-Default-1x,14950,47.277,1.98,2.00,0.0020,464,9
T-Default-1x,14951,47.279,2.04,2.00,0.0020,464,9
T-Default-1x,14952,47.281,2.17,2.20,0.0022,464,9
T-Default-1x,14953,47.283,2.19,2.19,0.0022,464,9
T-Default-1x,14954,47.285,1.90,1.90,0.0019,464,9
T-Default-1x,14955,47.287,2.14,2.10,0.0021,464,9
T-Default-1x,14956,47.290,2.18,2.19,0.0022,464,9
T-Default-1x,14957,47.292,2.20,2.20,0.0022,464,9
T-Default-1x,14958,47.294,1.89,1.89,0.0019,464,9
T-Default-1x,14959,47.296,2.02,2.00,0.0020,464,9
T-Default-1x,14960,47.298,2.20,2.19,0.0022,464,9
T-Default-1x,14961,47.300,2.18,2.20,0.0022,464,9
T-Default-1x,14962,47.302,1.89,1.90,0.0019,464,9
T-Default-1x,14963,47.304,1.91,1.89,0.0019,464,9
T-Default-1x,14964,47.306,2.11,2.11,0.0021,464,9
T-Default-1x,14965,47.308,2.20,2.20,0.0022,464,9
T-Default-1x,14966,47.310,2.11,2.10,0.0021,464,9
T-Default-1x,14967,47.312,2.00,1.99,0.0020,464,9
T-Default-1x,14968,47.315,2.20,2.20,0.0022,464,9
T-Default-1x,14969,47.317,2.19,2.20,0.0022,464,9
T-Default-1x,14970,47.319,1.87,1.88,0.0019,464,9
T-Default-1x,14971,47.321,1.93,1.91,0.0019,464,9
T-Default-1x,14972,47.323,2.22,2.21,0.0022,464,9
T-Default-1x,14973,47.325,2.19,2.19,0.0022,464,9
T-Default-1x,14974,47.327,1.99,2.00,0.0020,464,9
T-Default-1x,14975,47.329,1.90,1.89,0.0019,464,9
T-Default-1x,14976,47.331,2.00,2.00,0.0020,464,9
T-Default-1x,14977,47.333,2.05,2.03,0.0020,464,9
T-Default-1x,14978,47.335,2.15,2.16,0.0022,464,9
T-Default-1x,14979,47.337,1.92,1.90,0.0019,464,9
T-Default-1x,14980,47.339,2.20,2.20,0.0022,516,9
T-Default-1x,14981,47.341,2.21,2.22,0.0022,464,9
T-Default-1x,14982,47.343,1.97,1.98,0.0020,464,9
T-Default-1x,14983,47.346,2.35,2.30,0.0024,464,9
T-Default-1x,14984,47.348,2.49,2.51,0.0025,464,9
T-Default-1x,14985,47.351,2.49,2.49,0.0025,464,9
T-Default-1x,14986,47.353,2.19,2.21,0.0022,464,9
T-Default-1x,14987,47.355,1.99,1.96,0.0020,464,9
T-Default-1x,14988,47.357,2.51,2.51,0.0025,464,9
T-Default-1x,14989,47.360,2.22,2.20,0.0022,464,9
T-Default-1x,14990,47.362,2.82,2.81,0.0028,464,9
T-Default-1x,14991,47.365,2.36,2.38,0.0024,464,9
T-Default-1x,14992,47.367,2.40,2.41,0.0024,464,9
T-Default-1x,14993,47.369,2.19,2.20,0.0022,464,9
T-Default-1x,14994,47.372,2.45,2.39,0.0025,464,9
T-Default-1x,14995,47.374,2.61,2.62,0.0026,464,9
T-Default-1x,14996,47.377,2.15,2.18,0.0022,464,9
T-Default-1x,14997,47.379,2.22,2.20,0.0022,464,9
T-Default-1x,14998,47.381,2.27,2.29,0.0023,464,9
T-Default-1x,14999,47.383,2.44,2.41,0.0024,464,9
T-Default-1x,15000,47.386,2.06,2.09,0.0021,464,9
T-Default-1x,15001,47.388,2.16,2.10,0.0022,464,9
T-Default-1x,15002,47.390,2.38,2.40,0.0024,464,9
T-Default-1x,15003,47.392,2.26,2.29,0.0023,464,9
T-Default-1x,15004,47.394,1.89,1.89,0.0019,464,9
T-Default-1x,15005,47.396,2.02,1.99,0.0020,464,9
T-Default-1x,15006,47.399,2.32,2.31,0.0023,464,9
T-Default-1x,15007,47.401,2.17,2.19,0.0022,464,9
T-Default-1x,15008,47.403,1.89,1.89,0.0019,464,9
T-Default-1x,15009,47.405,2.03,2.01,0.0020,464,9
T-Default-1x,15010,47.407,2.32,2.30,0.0023,464,9
T-Default-1x,15011,47.409,2.06,2.09,0.0021,464,9
T-Default-1x,15012,47.411,2.00,1.99,0.0020,464,9
T-Default-1x,15013,47.413,2.02,2.01,0.0020,464,9
T-Default-1x,15014,47.415,2.35,2.30,0.0023,464,9
T-Default-1x,15015,47.418,2.14,2.19,0.0021,464,9
T-Default-1x,15016,47.419,1.90,1.90,0.0019,464,9
T-Default-1x,15017,47.422,2.15,2.11,0.0021,464,9
T-Default-1x,15018,47.424,2.17,2.18,0.0022,464,9
T-Default-1x,15019,47.426,2.08,2.10,0.0021,464,9
T-Default-1x,15020,47.428,1.89,1.89,0.0019,464,9
T-Default-1x,15021,47.430,2.02,2.00,0.0020,464,9
T-Default-1x,15022,47.432,2.34,2.32,0.0023,464,9
T-Default-1x,15023,47.434,2.16,2.18,0.0022,464,9
T-Default-1x,15024,47.436,1.99,1.99,0.0020,464,9
T-Default-1x,15025,47.438,2.04,2.01,0.0020,464,9
T-Default-1x,15026,47.441,2.30,2.30,0.0023,464,9
T-Default-1x,15027,47.443,2.08,2.10,0.0021,464,9
T-Default-1x,15028,47.445,2.00,2.01,0.0020,464,9
T-Default-1x,15029,47.447,2.00,1.98,0.0020,464,9
T-Default-1x,15030,47.449,2.33,2.31,0.0023,464,9
T-Default-1x,15031,47.451,2.07,2.09,0.0021,464,9
T-Default-1x,15032,47.453,1.90,1.91,0.0019,464,9
T-Default-1x,15033,47.455,2.11,2.09,0.0021,464,9
T-Default-1x,15034,47.457,2.22,2.20,0.0022,464,9
T-Default-1x,15035,47.459,2.07,2.10,0.0021,464,9
T-Default-1x,15036,47.461,2.08,2.10,0.0021,464,9
T-Default-1x,15037,47.463,2.03,2.01,0.0020,464,9
T-Default-1x,15038,47.466,2.20,2.18,0.0022,464,9
T-Default-1x,15039,47.468,1.98,1.99,0.0020,464,9
T-Default-1x,15040,47.469,1.88,1.90,0.0019,464,9
T-Default-1x,15041,47.472,2.18,2.10,0.0022,464,9
T-Default-1x,15042,47.474,2.29,2.30,0.0023,464,9
T-Default-1x,15043,47.476,2.28,2.29,0.0023,464,9
T-Default-1x,15044,47.478,2.00,1.99,0.0020,464,9
T-Default-1x,15045,47.480,2.10,2.10,0.0021,464,9
T-Default-1x,15046,47.483,2.31,2.30,0.0023,464,9
T-Default-1x,15047,47.485,2.08,2.09,0.0021,464,9
T-Default-1x,15048,47.487,1.90,1.89,0.0019,464,9
T-Default-1x,15049,47.489,1.91,1.90,0.0019,464,9
T-Default-1x,15050,47.491,2.40,2.39,0.0024,464,9
T-Default-1x,15051,47.493,1.92,1.94,0.0019,464,9
T-Default-1x,15052,47.495,1.89,1.87,0.0019,464,9
T-Default-1x,15053,47.497,1.98,1.99,0.0020,464,9
T-Default-1x,15054,47.499,2.23,2.21,0.0022,464,9
T-Default-1x,15055,47.501,2.08,2.10,0.0021,464,9
T-Default-1x,15056,47.503,2.15,2.12,0.0021,464,9
T-Default-1x,15057,47.506,2.50,2.48,0.0025,464,9
T-Default-1x,15058,47.508,2.51,2.50,0.0025,464,9
T-Default-1x,15059,47.510,2.27,2.31,0.0023,464,9
T-Default-1x,15060,47.513,2.18,2.17,0.0022,464,9
T-Default-1x,15061,47.515,2.22,2.21,0.0022,464,9
T-Default-1x,15062,47.517,2.27,2.29,0.0023,464,9
T-Default-1x,15063,47.519,2.00,2.00,0.0020,464,9
T-Default-1x,15064,47.521,2.33,2.30,0.0023,464,9
T-Default-1x,15065,47.524,2.40,2.39,0.0024,464,9
T-Default-1x,15066,47.526,2.26,2.29,0.0023,464,9
T-Default-1x,15067,47.528,2.10,2.11,0.0021,464,9
T-Default-1x,15068,47.530,2.23,2.20,0.0022,464,9
T-Default-1x,15069,47.533,2.29,2.30,0.0023,464,9
T-Default-1x,15070,47.535,2.00,2.00,0.0020,464,9
T-Default-1x,15071,47.537,2.12,2.11,0.0021,464,9
T-Default-1x,15072,47.539,2.31,2.29,0.0023,464,9
T-Default-1x,15073,47.541,2.34,2.39,0.0023,516,9
T-Default-1x,15074,47.544,2.01,2.01,0.0020,464,9
T-Default-1x,15075,47.545,1.92,1.90,0.0019,464,9
T-Default-1x,15076,47.548,2.07,2.08,0.0021,464,9
T-Default-1x,15077,47.550,2.20,2.20,0.0022,464,9
T-Default-1x,15078,47.552,1.90,1.91,0.0019,464,9
T-Default-1x,15079,47.554,1.99,1.99,0.0020,464,9
T-Default-1x,15080,47.556,2.11,2.10,0.0021,464,9
T-Default-1x,15081,47.558,2.33,2.30,0.0023,464,9
T-Default-1x,15082,47.560,1.98,2.01,0.0020,464,9
T-Default-1x,15083,47.562,1.90,1.89,0.0019,464,9
T-Default-1x,15084,47.564,2.20,2.20,0.0022,464,9
T-Default-1x,15085,47.566,2.29,2.30,0.0023,464,9
T-Default-1x,15086,47.568,1.78,1.79,0.0018,464,9
T-Default-1x,15087,47.570,1.92,1.90,0.0019,464,9
T-Default-1x,15088,47.572,2.22,2.20,0.0022,464,9
T-Default-1x,15089,47.575,2.30,2.30,0.0023,464,9
T-Default-1x,15090,47.577,1.99,1.99,0.0020,464,9
T-Default-1x,15091,47.579,2.01,2.01,0.0020,464,9
T-Default-1x,15092,47.581,2.18,2.18,0.0022,464,9
T-Default-1x,15093,47.583,2.31,2.31,0.0023,464,9
T-Default-1x,15094,47.585,1.90,1.91,0.0019,464,9
T-Default-1x,15095,47.587,2.13,2.09,0.0021,464,9
T-Default-1x,15096,47.589,2.10,2.10,0.0021,464,9
T-Default-1x,15097,47.592,2.27,2.28,0.0023,464,9
T-Default-1x,15098,47.594,2.42,2.41,0.0024,464,9
T-Default-1x,15099,47.596,2.28,2.29,0.0023,464,9
T-Default-1x,15100,47.599,2.33,2.30,0.0023,464,9
T-Default-1x,15101,47.601,2.25,2.30,0.0023,464,9
T-Default-1x,15102,47.603,2.00,2.00,0.0020,464,9
T-Default-1x,15103,47.605,2.13,2.11,0.0021,464,9
T-Default-1x,15104,47.607,2.30,2.30,0.0023,464,9
T-Default-1x,15105,47.609,2.08,2.08,0.0021,464,9
T-Default-1x,15106,47.611,1.91,1.92,0.0019,464,9
T-Default-1x,15107,47.613,1.89,1.87,0.0019,464,9
T-Default-1x,15108,47.615,2.13,2.10,0.0021,464,9
T-Default-1x,15109,47.617,2.21,2.23,0.0022,464,9
T-Default-1x,15110,47.619,1.89,1.90,0.0019,464,9
T-Default-1x,15111,47.621,1.96,1.97,0.0020,464,9
T-Default-1x,15112,47.623,1.79,1.80,0.0018,464,9
T-Default-1x,15113,47.625,2.02,2.00,0.0020,464,9
T-Default-1x,15114,47.627,1.90,1.90,0.0019,464,9
T-Default-1x,15115,47.629,1.95,1.90,0.0019,464,9
T-Default-1x,15116,47.631,2.17,2.20,0.0022,464,9
T-Default-1x,15117,47.633,2.32,2.31,0.0023,464,9
T-Default-1x,15118,47.635,1.98,1.98,0.0020,464,9
T-Default-1x,15119,47.637,2.03,2.00,0.0020,464,9
T-Default-1x,15120,47.640,2.18,2.20,0.0022,464,9
T-Default-1x,15121,47.642,2.20,2.22,0.0022,464,9
T-Default-1x,15122,47.644,1.97,1.97,0.0020,464,9
T-Default-1x,15123,47.646,2.02,2.00,0.0020,464,9
T-Default-1x,15124,47.648,2.09,2.09,0.0021,464,9
T-Default-1x,15125,47.650,2.20,2.21,0.0022,464,9
T-Default-1x,15126,47.652,1.99,1.99,0.0020,464,9
T-Default-1x,15127,47.654,2.03,2.00,0.0020,464,9
T-Default-1x,15128,47.656,2.18,2.20,0.0022,464,9
T-Default-1x,15129,47.659,2.29,2.30,0.0023,464,9
T-Default-1x,15130,47.661,1.99,2.00,0.0020,464,9
T-Default-1x,15131,47.663,2.04,2.00,0.0020,464,9
T-Default-1x,15132,47.665,2.10,2.11,0.0021,464,9
T-Default-1x,15133,47.667,2.27,2.29,0.0023,464,9
T-Default-1x,15134,47.669,1.89,1.90,0.0019,464,9
T-Default-1x,15135,47.671,2.03,2.00,0.0020,464,9
T-Default-1x,15136,47.673,2.22,2.20,0.0022,464,9
T-Default-1x,15137,47.675,2.17,2.20,0.0022,464,9
T-Default-1x,15138,47.677,1.80,1.79,0.0018,464,9
T-Default-1x,15139,47.679,1.90,1.89,0.0019,464,9
T-Default-1x,15140,47.681,2.01,2.01,0.0020,464,9
T-Default-1x,15141,47.683,2.10,2.10,0.0021,464,9
T-Default-1x,15142,47.685,1.90,1.91,0.0019,464,9
T-Default-1x,15143,47.687,2.01,1.99,0.0020,464,9
T-Default-1x,15144,47.689,2.07,2.09,0.0021,464,9
T-Default-1x,15145,47.691,2.03,2.01,0.0020,464,9
T-Default-1x,15146,47.693,1.88,1.90,0.0019,464,9
T-Default-1x,15147,47.695,1.83,1.83,0.0018,464,9
T-Default-1x,15148,47.697,2.09,2.07,0.0021,464,9
T-Default-1x,15149,47.699,2.12,2.10,0.0021,464,9
T-Default-1x,15150,47.701,2.16,2.19,0.0022,464,9
T-Default-1x,15151,47.703,1.99,2.00,0.0020,464,9
T-Default-1x,15152,47.705,2.14,2.10,0.0021,464,9
T-Default-1x,15153,47.708,2.31,2.30,0.0023,464,9
T-Default-1x,15154,47.710,2.05,2.10,0.0021,464,9
T-Default-1x,15155,47.712,2.04,2.00,0.0020,464,9
T-Default-1x,15156,47.714,2.49,2.51,0.0025,464,9
T-Default-1x,15157,47.717,2.39,2.39,0.0024,464,9
T-Default-1x,15158,47.719,1.91,1.94,0.0019,464,9
T-Default-1x,15159,47.721,2.11,2.07,0.0021,464,9
T-Default-1x,15160,47.723,2.18,2.18,0.0022,464,9
T-Default-1x,15161,47.725,2.18,2.20,0.0022,464,9
T-Default-1x,15162,47.727,1.92,1.90,0.0019,464,9
T-Default-1x,15163,47.729,2.19,2.20,0.0022,464,9
T-Default-1x,15164,47.731,2.21,2.21,0.0022,464,9
T-Default-1x,15165,47.734,2.37,2.39,0.0024,464,9
T-Default-1x,15166,47.736,1.98,1.99,0.0020,464,9
T-Default-1x,15167,47.738,2.14,2.10,0.0021,464,9
T-Default-1x,15168,47.740,2.31,2.30,0.0023,464,9
T-Default-1x,15169,47.742,2.18,2.21,0.0022,516,9
T-Default-1x,15170,47.744,1.90,1.89,0.0019,464,9
T-Default-1x,15171,47.746,1.99,1.99,0.0020,464,9
T-Default-1x,15172,47.748,2.22,2.20,0.0022,464,9
T-Default-1x,15173,47.751,2.16,2.20,0.0022,464,9
T-Default-1x,15174,47.753,1.90,1.91,0.0019,464,9
T-Default-1x,15175,47.755,2.01,1.99,0.0020,464,9
T-Default-1x,15176,47.757,2.31,2.30,0.0023,464,9
T-Default-1x,15177,47.759,2.17,2.20,0.0022,464,9
T-Default-1x,15178,47.761,1.81,1.80,0.0018,464,9
T-Default-1x,15179,47.763,1.89,1.89,0.0019,464,9
T-Default-1x,15180,47.765,2.13,2.10,0.0021,464,9
T-Default-1x,15181,47.767,2.16,2.20,0.0022,464,9
T-Default-1x,15182,47.769,1.90,1.90,0.0019,464,9
T-Default-1x,15183,47.771,1.92,1.89,0.0019,464,9
T-Default-1x,15184,47.773,2.11,2.10,0.0021,464,9
T-Default-1x,15185,47.775,2.20,2.21,0.0022,464,9
T-Default-1x,15186,47.777,1.88,1.89,0.0019,464,9
T-Default-1x,15187,47.779,2.12,2.10,0.0021,464,9
T-Default-1x,15188,47.781,2.09,2.10,0.0021,464,9
T-Default-1x,15189,47.783,2.20,2.20,0.0022,464,9
T-Default-1x,15190,47.785,1.89,1.90,0.0019,464,9
T-Default-1x,15191,47.787,1.91,1.88,0.0019,464,9
T-Default-1x,15192,47.789,2.18,2.20,0.0022,464,9
T-Default-1x,15193,47.792,2.21,2.20,0.0022,464,9
T-Default-1x,15194,47.794,1.90,1.91,0.0019,464,9
T-Default-1x,15195,47.795,1.90,1.90,0.0019,464,9
T-Default-1x,15196,47.798,2.11,2.10,0.0021,464,9
T-Default-1x,15197,47.800,2.31,2.30,0.0023,464,9
T-Default-1x,15198,47.802,1.89,1.92,0.0019,464,9
T-Default-1x,15199,47.804,1.89,1.88,0.0019,464,9
T-Default-1x,15200,47.806,2.20,2.20,0.0022,464,9
T-Default-1x,15201,47.808,2.30,2.31,0.0023,464,9
T-Default-1x,15202,47.810,1.87,1.89,0.0019,464,9
T-Default-1x,15203,47.812,1.80,1.79,0.0018,464,9
T-Default-1x,15204,47.814,2.02,2.01,0.0020,464,9
T-Default-1x,15205,47.816,2.42,2.41,0.0024,464,9
T-Default-1x,15206,47.818,1.96,1.99,0.0020,464,9
T-Default-1x,15207,47.820,1.78,1.78,0.0018,464,9
T-Default-1x,15208,47.822,2.03,2.02,0.0020,464,9
T-Default-1x,15209,47.824,2.31,2.30,0.0023,464,9
T-Default-1x,15210,47.826,1.99,2.01,0.0020,464,9
T-Default-1x,15211,47.828,1.78,1.79,0.0018,464,9
T-Default-1x,15212,47.830,2.11,2.10,0.0021,464,9
T-Default-1x,15213,47.833,2.32,2.30,0.0023,464,9
T-Default-1x,15214,47.835,2.08,2.11,0.0021,464,9
T-Default-1x,15215,47.837,1.91,1.91,0.0019,464,9
T-Default-1x,15216,47.839,2.09,2.07,0.0021,464,9
T-Default-1x,15217,47.841,2.22,2.21,0.0022,464,9
T-Default-1x,15218,47.843,2.07,2.09,0.0021,464,9
T-Default-1x,15219,47.845,1.93,1.89,0.0019,464,9
T-Default-1x,15220,47.847,2.07,2.11,0.0021,464,9
T-Default-1x,15221,47.849,2.33,2.30,0.0023,464,9
T-Default-1x,15222,47.851,1.98,2.01,0.0020,464,9
T-Default-1x,15223,47.853,2.00,1.99,0.0020,464,9
T-Default-1x,15224,47.855,1.98,1.99,0.0020,464,9
T-Default-1x,15225,47.857,2.23,2.21,0.0022,464,9
T-Default-1x,15226,47.859,1.89,1.90,0.0019,464,9
T-Default-1x,15227,47.861,1.87,1.89,0.0019,464,9
T-Default-1x,15228,47.863,1.93,1.91,0.0019,464,9
T-Default-1x,15229,47.865,2.22,2.20,0.0022,464,9
T-Default-1x,15230,47.867,2.07,2.11,0.0021,464,9
T-Default-1x,15231,47.869,1.89,1.89,0.0019,464,9
T-Default-1x,15232,47.871,1.91,1.90,0.0019,464,9
T-Default-1x,15233,47.873,2.22,2.20,0.0022,464,9
T-Default-1x,15234,47.876,2.07,2.10,0.0021,464,9
T-Default-1x,15235,47.877,1.93,1.90,0.0019,464,9
T-Default-1x,15236,47.879,2.00,1.99,0.0020,464,9
T-Default-1x,15237,47.882,2.20,2.19,0.0022,464,9
T-Default-1x,15238,47.884,2.17,2.20,0.0022,464,9
T-Default-1x,15239,47.886,2.00,2.00,0.0020,464,9
T-Default-1x,15240,47.888,2.01,2.00,0.0020,464,9
T-Default-1x,15241,47.890,2.23,2.21,0.0022,464,9
T-Default-1x,15242,47.892,2.18,2.20,0.0022,464,9
T-Default-1x,15243,47.894,1.87,1.88,0.0019,464,9
T-Default-1x,15244,47.896,2.15,2.11,0.0022,464,9
T-Default-1x,15245,47.898,2.09,2.10,0.0021,464,9
T-Default-1x,15246,47.901,2.18,2.20,0.0022,464,9
T-Default-1x,15247,47.902,1.88,1.89,0.0019,464,9
T-Default-1x,15248,47.904,2.04,2.00,0.0020,464,9
T-Default-1x,15249,47.907,2.20,2.20,0.0022,464,9
T-Default-1x,15250,47.909,2.05,2.09,0.0021,464,9
T-Default-1x,15251,47.910,1.79,1.80,0.0018,464,9
T-Default-1x,15252,47.912,1.94,1.90,0.0019,464,9
T-Default-1x,15253,47.915,2.09,2.09,0.0021,464,9
T-Default-1x,15254,47.917,2.09,2.11,0.0021,464,9
T-Default-1x,15255,47.919,1.93,1.93,0.0019,464,9
T-Default-1x,15256,47.921,2.08,2.06,0.0021,464,9
T-Default-1x,15257,47.923,2.10,2.11,0.0021,464,9
T-Default-1x,15258,47.925,2.32,2.30,0.0023,464,9
T-Default-1x,15259,47.927,2.10,2.11,0.0021,464,9
T-Default-1x,15260,47.929,2.14,2.09,0.0021,464,9
T-Default-1x,15261,47.931,2.14,2.19,0.0021,464,9
T-Default-1x,15262,47.934,2.11,2.12,0.0021,464,9
T-Default-1x,15263,47.935,1.85,1.86,0.0019,464,9
T-Default-1x,15264,47.937,2.04,2.01,0.0020,464,9
T-Default-1x,15265,47.940,2.10,2.09,0.0021,464,9
T-Default-1x,15266,47.942,2.20,2.21,0.0022,464,9
T-Default-1x,15267,47.944,1.90,1.90,0.0019,516,9
T-Default-1x,15268,47.946,1.99,1.98,0.0020,464,9
T-Default-1x,15269,47.948,2.00,2.00,0.0020,464,9
T-Default-1x,15270,47.950,2.42,2.41,0.0024,464,9
T-Default-1x,15271,47.952,2.20,2.20,0.0022,464,9
T-Default-1x,15272,47.955,2.29,2.29,0.0023,464,9
T-Default-1x,15273,47.957,2.43,2.41,0.0024,464,9
T-Default-1x,15274,47.959,2.06,2.08,0.0021,464,9
T-Default-1x,15275,47.961,1.92,1.91,0.0019,464,9
T-Default-1x,15276,47.963,1.98,1.99,0.0020,464,9
T-Default-1x,15277,47.966,2.58,2.52,0.0026,464,9
T-Default-1x,15278,47.968,2.23,2.28,0.0022,464,9
T-Default-1x,15279,47.970,2.08,2.10,0.0021,464,9
T-Default-1x,15280,47.972,2.13,2.10,0.0021,464,9
T-Default-1x,15281,47.974,2.23,2.21,0.0022,464,9
T-Default-1x,15282,47.976,2.15,2.18,0.0022,464,9
T-Default-1x,15283,47.978,2.00,2.01,0.0020,464,9
T-Default-1x,15284,47.980,2.09,2.09,0.0021,464,9
T-Default-1x,15285,47.983,2.41,2.40,0.0024,464,9
T-Default-1x,15286,47.985,1.99,2.01,0.0020,464,9
T-Default-1x,15287,47.987,1.90,1.89,0.0019,464,9
T-Default-1x,15288,47.989,2.02,2.03,0.0020,464,9
T-Default-1x,15289,47.991,2.30,2.28,0.0023,464,9
T-Default-1x,15290,47.993,1.88,1.90,0.0019,464,9
T-Default-1x,15291,47.995,1.90,1.89,0.0019,464,9
T-Default-1x,15292,47.997,2.13,2.10,0.0021,464,9
T-Default-1x,15293,47.999,2.41,2.40,0.0024,464,9
T-Default-1x,15294,48.001,1.95,1.99,0.0019,464,9
T-Default-1x,15295,48.003,2.01,2.00,0.0020,464,9
T-Default-1x,15296,48.005,1.99,1.99,0.0020,464,9
T-Default-1x,15297,48.007,2.13,2.10,0.0021,464,9
T-Default-1x,15298,48.009,1.97,2.01,0.0020,464,9
T-Default-1x,15299,48.011,1.78,1.78,0.0018,464,9
T-Default-1x,15300,48.013,2.04,2.01,0.0020,464,9
T-Default-1x,15301,48.016,2.31,2.30,0.0023,464,9
T-Default-1x,15302,48.018,2.20,2.21,0.0022,464,9
T-Default-1x,15303,48.020,1.97,1.99,0.0020,464,9
T-Default-1x,15304,48.022,2.25,1.99,0.0023,464,9
T-Default-1x,15305,48.024,2.48,2.71,0.0025,464,9
T-Default-1x,15306,48.026,1.98,2.00,0.0020,464,9
T-Default-1x,15307,48.028,2.00,2.00,0.0020,464,9
T-Default-1x,15308,48.031,2.10,2.09,0.0021,464,9
T-Default-1x,15309,48.033,2.31,2.30,0.0023,464,9
T-Default-1x,15310,48.035,2.07,2.09,0.0021,464,9
T-Default-1x,15311,48.037,2.05,2.01,0.0020,464,9
T-Default-1x,15312,48.039,2.08,2.12,0.0021,464,9
T-Default-1x,15313,48.041,2.30,2.28,0.0023,464,9
T-Default-1x,15314,48.043,1.91,1.90,0.0019,464,9
T-Default-1x,15315,48.045,1.96,1.99,0.0020,464,9
T-Default-1x,15316,48.047,2.11,2.10,0.0021,464,9
T-Default-1x,15317,48.050,2.43,2.41,0.0024,464,9
T-Default-1x,15318,48.052,1.95,1.99,0.0020,464,9
T-Default-1x,15319,48.054,2.04,2.01,0.0020,464,9
T-Default-1x,15320,48.056,2.20,2.19,0.0022,464,9
T-Default-1x,15321,48.058,2.25,2.29,0.0023,464,9
T-Default-1x,15322,48.060,1.85,1.81,0.0019,464,9
T-Default-1x,15323,48.062,2.01,2.02,0.0020,464,9
T-Default-1x,15324,48.064,2.08,2.07,0.0021,464,9
T-Default-1x,15325,48.066,2.23,2.22,0.0022,464,9
T-Default-1x,15326,48.068,1.96,1.97,0.0020,464,9
T-Default-1x,15327,48.070,1.89,1.89,0.0019,464,9
T-Default-1x,15328,48.073,2.45,2.41,0.0025,464,9
T-Default-1x,15329,48.075,2.58,2.60,0.0026,464,9
T-Default-1x,15330,48.077,1.97,1.98,0.0020,464,9
T-Default-1x,15331,48.079,2.03,2.00,0.0020,464,9
T-Default-1x,15332,48.081,1.98,1.99,0.0020,464,9
T-Default-1x,15333,48.084,2.30,2.30,0.0023,464,9
T-Default-1x,15334,48.085,1.88,1.89,0.0019,464,9
T-Default-1x,15335,48.087,2.03,1.99,0.0020,464,9
T-Default-1x,15336,48.089,1.91,1.91,0.0019,464,9
T-Default-1x,15337,48.092,2.37,2.38,0.0024,464,9
T-Default-1x,15338,48.094,1.89,1.90,0.0019,464,9
T-Default-1x,15339,48.096,2.04,2.01,0.0020,464,9
T-Default-1x,15340,48.098,2.16,2.19,0.0022,464,9
T-Default-1x,15341,48.100,1.89,1.90,0.0019,464,9
T-Default-1x,15342,48.102,2.21,2.20,0.0022,464,9
T-Default-1x,15343,48.104,2.01,2.00,0.0020,464,9
T-Default-1x,15344,48.106,2.11,2.10,0.0021,464,9
T-Default-1x,15345,48.108,2.30,2.30,0.0023,464,9
T-Default-1x,15346,48.110,1.87,1.89,0.0019,464,9
T-Default-1x,15347,48.112,1.92,1.90,0.0019,464,9
T-Default-1x,15348,48.114,2.22,2.22,0.0022,464,9
T-Default-1x,15349,48.117,2.17,2.18,0.0022,464,9
T-Default-1x,15350,48.119,2.03,2.05,0.0020,464,9
T-Default-1x,15351,48.120,1.87,1.85,0.0019,464,9
T-Default-1x,15352,48.123,2.22,2.20,0.0022,464,9
T-Default-1x,15353,48.125,2.39,2.40,0.0024,464,9
T-Default-1x,15354,48.127,1.98,2.00,0.0020,464,9
T-Default-1x,15355,48.129,1.92,1.90,0.0019,464,9
T-Default-1x,15356,48.131,2.09,2.09,0.0021,464,9
T-Default-1x,15357,48.133,1.87,1.90,0.0019,464,9
T-Default-1x,15358,48.135,2.00,2.00,0.0020,464,9
T-Default-1x,15359,48.137,1.90,1.90,0.0019,464,9
T-Default-1x,15360,48.139,2.14,2.10,0.0021,464,9
T-Default-1x,15361,48.141,2.30,2.30,0.0023,464,9
T-Default-1x,15362,48.143,1.89,1.90,0.0019,464,9
T-Default-1x,15363,48.145,2.02,2.00,0.0020,516,9
T-Default-1x,15364,48.147,2.09,2.11,0.0021,464,9
T-Default-1x,15365,48.150,2.39,2.39,0.0024,464,9
T-Default-1x,15366,48.152,1.98,2.00,0.0020,464,9
T-Default-1x,15367,48.154,1.93,1.91,0.0019,464,9
T-Default-1x,15368,48.156,2.07,2.08,0.0021,464,9
T-Default-1x,15369,48.158,2.31,2.30,0.0023,464,9
T-Default-1x,15370,48.160,1.93,1.91,0.0019,464,9
T-Default-1x,15371,48.162,1.85,1.88,0.0019,464,9
T-Default-1x,15372,48.164,2.03,2.01,0.0020,464,9
T-Default-1x,15373,48.166,2.31,2.30,0.0023,464,9
T-Default-1x,15374,48.168,2.10,2.10,0.0021,464,9
T-Default-1x,15375,48.171,2.51,2.49,0.0025,464,9
T-Default-1x,15376,48.173,2.38,2.40,0.0024,464,9
T-Default-1x,15377,48.175,2.36,2.29,0.0024,464,9
T-Default-1x,15378,48.178,2.16,2.20,0.0022,464,9
T-Default-1x,15379,48.180,2.13,2.10,0.0021,464,9
T-Default-1x,15380,48.182,2.39,2.39,0.0024,464,9
T-Default-1x,15381,48.184,2.06,2.10,0.0021,464,9
T-Default-1x,15382,48.186,1.86,1.88,0.0019,464,9
T-Default-1x,15383,48.188,2.08,2.03,0.0021,464,9
T-Default-1x,15384,48.190,2.21,2.22,0.0022,464,9
T-Default-1x,15385,48.193,2.35,2.37,0.0024,464,9
T-Default-1x,15386,48.195,2.22,2.19,0.0022,464,9
T-Default-1x,15387,48.197,2.22,2.22,0.0022,464,9
T-Default-1x,15388,48.200,2.58,2.58,0.0026,464,9
T-Default-1x,15389,48.202,2.08,2.10,0.0021,464,9
T-Default-1x,15390,48.204,2.02,2.00,0.0020,464,9
T-Default-1x,15391,48.206,2.10,2.11,0.0021,464,9
T-Default-1x,15392,48.208,2.31,2.28,0.0023,464,9
T-Default-1x,15393,48.210,2.07,2.11,0.0021,464,9
T-Default-1x,15394,48.212,2.22,2.20,0.0022,464,9
T-Default-1x,15395,48.215,2.19,2.20,0.0022,464,9
T-Default-1x,15396,48.217,2.18,2.20,0.0022,464,9
T-Default-1x,15397,48.219,1.91,1.91,0.0019,464,9
T-Default-1x,15398,48.221,2.00,1.98,0.0020,464,9
T-Default-1x,15399,48.223,2.20,2.20,0.0022,464,9
T-Default-1x,15400,48.225,2.19,2.20,0.0022,464,9
T-Default-1x,15401,48.227,2.00,2.00,0.0020,464,9
T-Default-1x,15402,48.229,1.93,1.90,0.0019,464,9
T-Default-1x,15403,48.231,2.08,2.09,0.0021,464,9
T-Default-1x,15404,48.233,2.19,2.21,0.0022,464,9
T-Default-1x,15405,48.235,2.10,2.10,0.0021,464,9
T-Default-1x,15406,48.238,2.18,2.12,0.0022,464,9
T-Default-1x,15407,48.240,2.23,2.26,0.0022,464,9
T-Default-1x,15408,48.242,2.18,2.20,0.0022,464,9
T-Default-1x,15409,48.244,1.90,1.90,0.0019,464,9
T-Default-1x,15410,48.246,2.13,2.11,0.0021,464,9
T-Default-1x,15411,48.248,2.30,2.30,0.0023,464,9
T-Default-1x,15412,48.251,2.29,2.30,0.0023,464,9
T-Default-1x,15413,48.253,2.08,2.09,0.0021,464,9
T-Default-1x,15414,48.255,2.00,1.99,0.0020,464,9
T-Default-1x,15415,48.257,1.93,1.91,0.0019,464,9
T-Default-1x,15416,48.259,1.96,1.98,0.0020,464,9
T-Default-1x,15417,48.261,1.91,1.91,0.0019,464,9
T-Default-1x,15418,48.263,2.13,2.10,0.0021,464,9
T-Default-1x,15419,48.265,2.32,2.30,0.0023,464,9
T-Default-1x,15420,48.267,2.35,2.39,0.0024,464,9
T-Default-1x,15421,48.269,2.09,2.10,0.0021,464,9
T-Default-1x,15422,48.271,2.01,1.99,0.0020,464,9
T-Default-1x,15423,48.273,2.00,2.00,0.0020,464,9
T-Default-1x,15424,48.275,1.99,2.00,0.0020,464,9
T-Default-1x,15425,48.277,1.88,1.81,0.0019,464,9
T-Default-1x,15426,48.279,2.05,2.09,0.0020,464,9
T-Default-1x,15427,48.282,2.22,2.20,0.0022,464,9
T-Default-1x,15428,48.284,2.27,2.30,0.0023,464,9
T-Default-1x,15429,48.286,2.10,2.11,0.0021,464,9
T-Default-1x,15430,48.288,2.01,1.99,0.0020,464,9
T-Default-1x,15431,48.290,2.32,2.29,0.0023,464,9
T-Default-1x,15432,48.292,2.14,2.19,0.0021,464,9
T-Default-1x,15433,48.294,1.91,1.90,0.0019,464,9
T-Default-1x,15434,48.296,2.01,1.99,0.0020,464,9
T-Default-1x,15435,48.299,2.25,2.23,0.0022,464,9
T-Default-1x,15436,48.301,2.26,2.28,0.0023,464,9
T-Default-1x,15437,48.303,2.11,2.10,0.0021,464,9
T-Default-1x,15438,48.305,2.42,2.39,0.0024,464,9
T-Default-1x,15439,48.308,2.52,2.52,0.0025,464,9
T-Default-1x,15440,48.310,2.06,2.10,0.0021,464,9
T-Default-1x,15441,48.312,2.42,2.38,0.0024,464,9
T-Default-1x,15442,48.315,2.47,2.49,0.0025,464,9
T-Default-1x,15443,48.317,2.33,2.31,0.0023,464,9
T-Default-1x,15444,48.319,2.16,2.19,0.0022,464,9
T-Default-1x,15445,48.322,2.24,2.21,0.0022,464,9
T-Default-1x,15446,48.324,2.40,2.40,0.0024,464,9
T-Default-1x,15447,48.326,2.26,2.29,0.0023,464,9
T-Default-1x,15448,48.328,1.99,1.99,0.0020,464,9
T-Default-1x,15449,48.330,2.21,2.20,0.0022,464,9
T-Default-1x,15450,48.333,2.42,2.40,0.0024,464,9
T-Default-1x,15451,48.335,2.09,2.11,0.0021,464,9
T-Default-1x,15452,48.337,2.18,2.18,0.0022,464,9
T-Default-1x,15453,48.339,2.31,2.31,0.0023,464,9
T-Default-1x,15454,48.342,2.37,2.40,0.0024,464,9
T-Default-1x,15455,48.344,2.00,1.99,0.0020,464,9
T-Default-1x,15456,48.346,2.13,2.11,0.0021,516,9
T-Default-1x,15457,48.348,2.09,2.09,0.0021,464,9
T-Default-1x,15458,48.350,2.20,2.21,0.0022,464,9
T-Default-1x,15459,48.352,1.99,1.99,0.0020,464,9
T-Default-1x,15460,48.355,2.44,2.40,0.0024,464,9
T-Default-1x,15461,48.357,2.42,2.40,0.0024,464,9
T-Default-1x,15462,48.359,2.24,2.29,0.0022,464,9
T-Default-1x,15463,48.361,1.89,1.90,0.0019,464,9
T-Default-1x,15464,48.363,2.01,2.00,0.0020,464,9
T-Default-1x,15465,48.365,2.00,2.00,0.0020,464,9
T-Default-1x,15466,48.368,2.33,2.31,0.0023,464,9
T-Default-1x,15467,48.369,1.97,2.00,0.0020,464,9
T-Default-1x,15468,48.372,2.13,2.09,0.0021,464,9
T-Default-1x,15469,48.374,2.31,2.30,0.0023,464,9
T-Default-1x,15470,48.376,2.06,2.09,0.0021,464,9
T-Default-1x,15471,48.378,2.02,2.01,0.0020,464,9
T-Default-1x,15472,48.380,2.10,2.10,0.0021,464,9
T-Default-1x,15473,48.382,2.22,2.21,0.0022,464,9
T-Default-1x,15474,48.385,2.20,2.20,0.0022,464,9
T-Default-1x,15475,48.387,2.08,2.09,0.0021,464,9
T-Default-1x,15476,48.389,2.09,2.09,0.0021,464,9
T-Default-1x,15477,48.391,2.22,2.21,0.0022,464,9
T-Default-1x,15478,48.393,2.10,2.09,0.0021,464,9
T-Default-1x,15479,48.395,1.98,2.00,0.0020,464,9
T-Default-1x,15480,48.397,2.11,2.10,0.0021,464,9
T-Default-1x,15481,48.399,2.32,2.30,0.0023,464,9
T-Default-1x,15482,48.401,1.96,2.00,0.0020,464,9
T-Default-1x,15483,48.403,1.92,1.90,0.0019,464,9
T-Default-1x,15484,48.405,2.08,2.09,0.0021,464,9
T-Default-1x,15485,48.408,2.34,2.30,0.0023,464,9
T-Default-1x,15486,48.410,2.07,2.11,0.0021,464,9
T-Default-1x,15487,48.412,1.89,1.89,0.0019,464,9
T-Default-1x,15488,48.414,2.00,1.99,0.0020,464,9
T-Default-1x,15489,48.416,2.21,2.20,0.0022,464,9
T-Default-1x,15490,48.418,1.99,2.00,0.0020,464,9
T-Default-1x,15491,48.420,1.89,1.89,0.0019,464,9
T-Default-1x,15492,48.422,2.02,2.00,0.0020,464,9
T-Default-1x,15493,48.424,2.26,2.20,0.0023,464,9
T-Default-1x,15494,48.426,2.15,2.20,0.0022,464,9
T-Default-1x,15495,48.428,2.08,2.10,0.0021,464,9
T-Default-1x,15496,48.430,2.01,2.00,0.0020,464,9
T-Default-1x,15497,48.433,2.41,2.40,0.0024,464,9
T-Default-1x,15498,48.435,2.08,2.11,0.0021,464,9
T-Default-1x,15499,48.437,1.99,1.99,0.0020,464,9
T-Default-1x,15500,48.439,2.13,2.11,0.0021,464,9
T-Default-1x,15501,48.441,2.31,2.30,0.0023,464,9
T-Default-1x,15502,48.443,1.96,1.99,0.0020,464,9
T-Default-1x,15503,48.445,1.84,1.83,0.0018,464,9
T-Default-1x,15504,48.447,2.18,2.17,0.0022,464,9
T-Default-1x,15505,48.450,2.30,2.30,0.0023,464,9
T-Default-1x,15506,48.451,1.87,1.89,0.0019,464,9
T-Default-1x,15507,48.453,1.80,1.80,0.0018,464,9
T-Default-1x,15508,48.455,1.82,1.82,0.0018,464,9
T-Default-1x,15509,48.457,2.27,2.19,0.0023,464,9
T-Default-1x,15510,48.459,2.06,2.11,0.0021,464,9
T-Default-1x,15511,48.461,1.97,1.98,0.0020,464,9
T-Default-1x,15512,48.463,1.79,1.80,0.0018,464,9
T-Default-1x,15513,48.465,2.34,2.30,0.0023,464,9
T-Default-1x,15514,48.468,2.08,2.10,0.0021,464,9
T-Default-1x,15515,48.469,1.88,1.89,0.0019,464,9
T-Default-1x,15516,48.471,1.90,1.88,0.0019,464,9
T-Default-1x,15517,48.474,2.25,2.22,0.0023,464,9
T-Default-1x,15518,48.476,2.18,2.20,0.0022,464,9
T-Default-1x,15519,48.478,2.08,2.08,0.0021,464,9
T-Default-1x,15520,48.480,2.02,2.00,0.0020,464,9
T-Default-1x,15521,48.482,2.22,2.19,0.0022,464,9
T-Default-1x,15522,48.484,2.16,2.20,0.0022,464,9
T-Default-1x,15523,48.486,1.90,1.90,0.0019,464,9
T-Default-1x,15524,48.488,2.02,2.00,0.0020,464,9
T-Default-1x,15525,48.490,2.32,2.31,0.0023,464,9
T-Default-1x,15526,48.493,2.06,2.09,0.0021,464,9
T-Default-1x,15527,48.494,1.90,1.90,0.0019,464,9
T-Default-1x,15528,48.497,2.12,2.10,0.0021,464,9
T-Default-1x,15529,48.499,2.32,2.31,0.0023,464,9
T-Default-1x,15530,48.501,2.06,2.09,0.0021,464,9
T-Default-1x,15531,48.503,2.21,2.20,0.0022,464,9
T-Default-1x,15532,48.506,2.52,2.50,0.0025,464,9
T-Default-1x,15533,48.508,2.50,2.50,0.0025,464,9
T-Default-1x,15534,48.510,2.08,2.09,0.0021,464,9
T-Default-1x,15535,48.512,2.20,2.20,0.0022,464,9
T-Default-1x,15536,48.515,2.21,2.19,0.0022,464,9
T-Default-1x,15537,48.517,2.29,2.31,0.0023,464,9
T-Default-1x,15538,48.519,2.10,2.08,0.0021,464,9
T-Default-1x,15539,48.521,2.28,2.28,0.0023,464,9
T-Default-1x,15540,48.524,2.35,2.32,0.0023,464,9
T-Default-1x,15541,48.526,2.26,2.29,0.0023,464,9
T-Default-1x,15542,48.528,2.09,2.10,0.0021,464,9
T-Default-1x,15543,48.530,2.13,2.11,0.0021,464,9
T-Default-1x,15544,48.533,2.41,2.40,0.0024,464,9
T-Default-1x,15545,48.535,2.07,2.10,0.0021,464,9
T-Default-1x,15546,48.537,1.98,1.99,0.0020,464,9
T-Default-1x,15547,48.539,2.25,2.21,0.0022,464,9
T-Default-1x,15548,48.541,2.42,2.40,0.0024,464,9
T-Default-1x,15549,48.543,2.04,2.08,0.0020,464,9
T-Default-1x,15550,48.545,2.02,2.01,0.0020,464,9
T-Default-1x,15551,48.547,2.02,2.02,0.0020,516,9
T-Default-1x,15552,48.550,2.38,2.36,0.0024,464,9
T-Default-1x,15553,48.552,1.99,2.00,0.0020,464,9
T-Default-1x,15554,48.554,1.90,1.90,0.0019,464,9
T-Default-1x,15555,48.556,2.11,2.10,0.0021,464,9
T-Default-1x,15556,48.558,2.32,2.30,0.0023,464,9
T-Default-1x,15557,48.560,2.32,2.32,0.0023,464,9
T-Default-1x,15558,48.563,2.18,2.19,0.0022,464,9
T-Default-1x,15559,48.565,2.18,2.20,0.0022,464,9
T-Default-1x,15560,48.567,2.29,2.30,0.0023,464,9
T-Default-1x,15561,48.569,2.01,1.99,0.0020,464,9
T-Default-1x,15562,48.571,2.12,2.10,0.0021,464,9
T-Default-1x,15563,48.573,2.20,2.20,0.0022,464,9
T-Default-1x,15564,48.575,2.15,2.19,0.0022,464,9
T-Default-1x,15565,48.577,1.91,1.91,0.0019,464,9
T-Default-1x,15566,48.579,2.01,1.99,0.0020,464,9
T-Default-1x,15567,48.582,2.33,2.31,0.0023,464,9
T-Default-1x,15568,48.584,2.33,2.38,0.0023,464,9
T-Default-1x,15569,48.586,2.01,2.00,0.0020,464,9
T-Default-1x,15570,48.588,2.01,2.00,0.0020,464,9
T-Default-1x,15571,48.590,2.33,2.31,0.0023,464,9
T-Default-1x,15572,48.593,2.17,2.19,0.0022,464,9
T-Default-1x,15573,48.595,1.91,1.92,0.0019,464,9
T-Default-1x,15574,48.597,2.12,2.08,0.0021,464,9
T-Default-1x,15575,48.599,2.42,2.41,0.0024,464,9
T-Default-1x,15576,48.601,2.09,2.08,0.0021,464,9
T-Default-1x,15577,48.603,1.96,1.99,0.0020,464,9
T-Default-1x,15578,48.605,2.01,2.00,0.0020,464,9
T-Default-1x,15579,48.607,2.20,2.19,0.0022,464,9
T-Default-1x,15580,48.609,2.09,2.10,0.0021,464,9
T-Default-1x,15581,48.612,2.27,2.21,0.0023,464,9
T-Default-1x,15582,48.614,2.12,2.18,0.0021,464,9
T-Default-1x,15583,48.616,2.34,2.31,0.0023,464,9
T-Default-1x,15584,48.618,1.96,1.99,0.0020,464,9
T-Default-1x,15585,48.620,1.80,1.80,0.0018,464,9
T-Default-1x,15586,48.622,2.02,2.00,0.0020,464,9
T-Default-1x,15587,48.624,2.33,2.31,0.0023,464,9
T-Default-1x,15588,48.626,2.20,2.20,0.0022,464,9
T-Default-1x,15589,48.628,1.97,1.99,0.0020,464,9
T-Default-1x,15590,48.631,2.12,2.12,0.0021,464,9
T-Default-1x,15591,48.633,2.28,2.28,0.0023,464,9
T-Default-1x,15592,48.635,1.99,1.99,0.0020,464,9
T-Default-1x,15593,48.637,2.33,2.30,0.0023,464,9
T-Default-1x,15594,48.640,2.38,2.40,0.0024,464,9
T-Default-1x,15595,48.642,2.53,2.50,0.0025,464,9
T-Default-1x,15596,48.644,2.07,2.10,0.0021,464,9
T-Default-1x,15597,48.646,2.22,2.19,0.0022,464,9
T-Default-1x,15598,48.649,2.30,2.30,0.0023,464,9
T-Default-1x,15599,48.651,2.30,2.31,0.0023,464,9
T-Default-1x,15600,48.653,2.50,2.50,0.0025,464,9
T-Default-1x,15601,48.656,2.41,2.40,0.0024,464,9
T-Default-1x,15602,48.659,2.71,2.70,0.0027,464,9
T-Default-1x,15603,48.661,2.50,2.49,0.0025,464,9
T-Default-1x,15604,48.664,2.64,2.61,0.0026,464,9
T-Default-1x,15605,48.666,2.76,2.79,0.0028,464,9
T-Default-1x,15606,48.669,2.47,2.49,0.0025,464,9
T-Default-1x,15607,48.672,2.76,2.71,0.0028,464,9
T-Default-1x,15608,48.674,2.66,2.68,0.0027,464,9
T-Default-1x,15609,48.677,2.60,2.60,0.0026,464,9
T-Default-1x,15610,48.680,2.63,2.61,0.0026,464,9
T-Default-1x,15611,48.682,2.68,2.69,0.0027,464,9
T-Default-1x,15612,48.685,2.62,2.60,0.0026,464,9
T-Default-1x,15613,48.688,2.61,2.60,0.0026,464,9
T-Default-1x,15614,48.690,2.49,2.52,0.0025,464,9
T-Default-1x,15615,48.692,2.51,2.50,0.0025,464,9
T-Default-1x,15616,48.695,2.50,2.48,0.0025,464,9
T-Default-1x,15617,48.698,2.59,2.60,0.0026,464,9
T-Default-1x,15618,48.700,2.92,2.89,0.0029,464,9
T-Default-1x,15619,48.703,2.66,2.60,0.0027,464,9
T-Default-1x,15620,48.706,2.51,2.59,0.0025,464,9
T-Default-1x,15621,48.708,2.70,2.69,0.0027,464,9
T-Default-1x,15622,48.711,2.50,2.49,0.0025,464,9
T-Default-1x,15623,48.714,2.73,2.71,0.0027,464,9
T-Default-1x,15624,48.716,2.62,2.61,0.0026,464,9
T-Default-1x,15625,48.719,2.45,2.49,0.0025,464,9
T-Default-1x,15626,48.721,2.49,2.49,0.0025,464,9
T-Default-1x,15627,48.724,2.72,2.70,0.0027,464,9
T-Default-1x,15628,48.727,2.81,2.81,0.0028,464,9
T-Default-1x,15629,48.729,2.63,2.60,0.0026,464,9
T-Default-1x,15630,48.732,2.77,2.79,0.0028,464,9
T-Default-1x,15631,48.734,2.36,2.40,0.0024,464,9
T-Default-1x,15632,48.737,2.08,2.09,0.0021,464,9
T-Default-1x,15633,48.739,2.10,2.09,0.0021,464,9
T-Default-1x,15634,48.741,2.34,2.32,0.0023,464,9
T-Default-1x,15635,48.743,2.17,2.18,0.0022,464,9
T-Default-1x,15636,48.745,1.99,2.00,0.0020,464,9
T-Default-1x,15637,48.747,2.11,2.10,0.0021,464,9
T-Default-1x,15638,48.750,2.32,2.30,0.0023,516,9
T-Default-1x,15639,48.752,2.07,2.10,0.0021,464,9
T-Default-1x,15640,48.754,2.01,2.00,0.0020,464,9
T-Default-1x,15641,48.756,2.08,2.09,0.0021,464,9
T-Default-1x,15642,48.758,2.35,2.31,0.0024,464,9
T-Default-1x,15643,48.760,2.08,2.11,0.0021,464,9
T-Default-1x,15644,48.762,2.02,1.99,0.0020,464,9
T-Default-1x,15645,48.764,2.16,2.20,0.0022,464,9
T-Default-1x,15646,48.767,2.33,2.31,0.0023,464,9
T-Default-1x,15647,48.769,1.89,1.93,0.0019,464,9
T-Default-1x,15648,48.771,1.99,1.96,0.0020,464,9
T-Default-1x,15649,48.773,2.08,2.09,0.0021,464,9
T-Default-1x,15650,48.775,2.33,2.31,0.0023,464,9
T-Default-1x,15651,48.777,1.97,2.00,0.0020,464,9
T-Default-1x,15652,48.779,2.03,2.00,0.0020,464,9
T-Default-1x,15653,48.781,2.18,2.19,0.0022,464,9
T-Default-1x,15654,48.783,2.20,2.21,0.0022,464,9
T-Default-1x,15655,48.785,1.89,1.90,0.0019,464,9
T-Default-1x,15656,48.787,2.03,2.00,0.0020,464,9
T-Default-1x,15657,48.789,2.21,2.20,0.0022,464,9
T-Default-1x,15658,48.792,2.50,2.49,0.0025,464,9
T-Default-1x,15659,48.794,2.06,2.09,0.0021,464,9
T-Default-1x,15660,48.796,2.03,2.00,0.0020,464,9
T-Default-1x,15661,48.798,2.21,2.20,0.0022,464,9
T-Default-1x,15662,48.801,2.29,2.30,0.0023,464,9
T-Default-1x,15663,48.803,2.10,2.10,0.0021,464,9
T-Default-1x,15664,48.805,2.00,1.99,0.0020,464,9
T-Default-1x,15665,48.807,2.12,2.10,0.0021,464,9
T-Default-1x,15666,48.809,2.17,2.20,0.0022,464,9
T-Default-1x,15667,48.811,1.89,1.90,0.0019,464,9
T-Default-1x,15668,48.813,2.15,2.11,0.0022,464,9
T-Default-1x,15669,48.815,2.19,2.19,0.0022,464,9
T-Default-1x,15670,48.818,2.37,2.40,0.0024,464,9
T-Default-1x,15671,48.820,2.07,2.08,0.0021,464,9
T-Default-1x,15672,48.822,2.16,2.12,0.0022,464,9
T-Default-1x,15673,48.824,2.61,2.60,0.0026,464,9
T-Default-1x,15674,48.826,2.07,2.09,0.0021,464,9
T-Default-1x,15675,48.828,1.98,2.00,0.0020,464,9
T-Default-1x,15676,48.830,2.00,1.99,0.0020,464,9
T-Default-1x,15677,48.832,1.91,1.90,0.0019,464,9
T-Default-1x,15678,48.835,2.19,2.20,0.0022,464,9
T-Default-1x,15679,48.836,1.90,1.90,0.0019,464,9
T-Default-1x,15680,48.838,2.02,1.99,0.0020,464,9
T-Default-1x,15681,48.840,2.02,2.01,0.0020,464,9
T-Default-1x,15682,48.843,2.28,2.29,0.0023,464,9
T-Default-1x,15683,48.845,2.00,2.00,0.0020,464,9
T-Default-1x,15684,48.847,1.89,1.89,0.0019,464,9
T-Default-1x,15685,48.848,1.69,1.70,0.0017,464,9
T-Default-1x,15686,48.850,1.93,1.92,0.0019,464,9
T-Default-1x,15687,48.852,1.90,1.89,0.0019,464,9
T-Default-1x,15688,48.854,1.92,1.89,0.0019,464,9
T-Default-1x,15689,48.856,2.17,2.20,0.0022,464,9
T-Default-1x,15690,48.858,2.20,2.19,0.0022,464,9
T-Default-1x,15691,48.860,1.88,1.89,0.0019,464,9
T-Default-1x,15692,48.862,1.92,1.90,0.0019,464,9
T-Default-1x,15693,48.864,2.10,2.10,0.0021,464,9
T-Default-1x,15694,48.867,2.28,2.29,0.0023,464,9
T-Default-1x,15695,48.869,1.93,1.93,0.0019,464,9
T-Default-1x,15696,48.870,1.88,1.86,0.0019,464,9
T-Default-1x,15697,48.873,2.11,2.10,0.0021,464,9
T-Default-1x,15698,48.875,2.11,2.11,0.0021,464,9
T-Default-1x,15699,48.877,1.98,1.99,0.0020,464,9
T-Default-1x,15700,48.879,1.90,1.90,0.0019,464,9
T-Default-1x,15701,48.881,2.11,2.10,0.0021,464,9
T-Default-1x,15702,48.883,2.31,2.30,0.0023,464,9
T-Default-1x,15703,48.885,2.01,2.03,0.0020,464,9
T-Default-1x,15704,48.887,1.99,1.96,0.0020,464,9
T-Default-1x,15705,48.889,1.96,1.99,0.0020,464,9
T-Default-1x,15706,48.891,2.34,2.32,0.0023,464,9
T-Default-1x,15707,48.893,1.96,1.98,0.0020,464,9
T-Default-1x,15708,48.895,2.12,2.10,0.0021,464,9
T-Default-1x,15709,48.897,2.09,2.10,0.0021,464,9
T-Default-1x,15710,48.900,2.19,2.20,0.0022,464,9
T-Default-1x,15711,48.902,1.92,1.92,0.0019,464,9
T-Default-1x,15712,48.903,1.88,1.88,0.0019,464,9
T-Default-1x,15713,48.906,2.11,2.10,0.0021,464,9
T-Default-1x,15714,48.908,2.34,2.30,0.0023,464,9
T-Default-1x,15715,48.910,1.83,1.88,0.0018,464,9
T-Default-1x,15716,48.912,2.24,2.21,0.0022,464,9
T-Default-1x,15717,48.914,2.30,2.30,0.0023,464,9
T-Default-1x,15718,48.917,2.39,2.39,0.0024,464,9
T-Default-1x,15719,48.919,1.92,1.94,0.0019,464,9
T-Default-1x,15720,48.920,1.88,1.87,0.0019,464,9
T-Default-1x,15721,48.923,2.09,2.09,0.0021,464,9
T-Default-1x,15722,48.925,2.32,2.31,0.0023,464,9
T-Default-1x,15723,48.927,1.96,2.00,0.0020,464,9
T-Default-1x,15724,48.929,2.04,2.00,0.0020,464,9
T-Default-1x,15725,48.931,2.07,2.10,0.0021,464,9
T-Default-1x,15726,48.933,2.20,2.20,0.0022,464,9
T-Default-1x,15727,48.935,2.09,2.09,0.0021,464,9
T-Default-1x,15728,48.937,1.90,1.90,0.0019,464,9
T-Default-1x,15729,48.939,2.00,2.00,0.0020,464,9
T-Default-1x,15730,48.942,2.41,2.41,0.0024,464,9
T-Default-1x,15731,48.943,1.88,1.90,0.0019,464,9
T-Default-1x,15732,48.945,1.92,1.89,0.0019,464,9
T-Default-1x,15733,48.948,2.21,2.21,0.0022,464,9
T-Default-1x,15734,48.950,2.31,2.29,0.0023,516,9
T-Default-1x,15735,48.952,1.97,2.00,0.0020,464,9
T-Default-1x,15736,48.954,2.06,2.01,0.0021,464,9
T-Default-1x,15737,48.956,2.27,2.28,0.0023,464,9
T-Default-1x,15738,48.959,2.51,2.50,0.0025,464,9
T-Default-1x,15739,48.961,2.16,2.19,0.0022,464,9
T-Default-1x,15740,48.963,2.06,2.02,0.0021,464,9
T-Default-1x,15741,48.965,2.28,2.28,0.0023,464,9
T-Default-1x,15742,48.967,2.19,2.23,0.0022,464,9
T-Default-1x,15743,48.969,1.88,1.88,0.0019,464,9
T-Default-1x,15744,48.971,2.13,2.09,0.0021,464,9
T-Default-1x,15745,48.974,2.31,2.30,0.0023,464,9
T-Default-1x,15746,48.976,2.16,2.19,0.0022,464,9
T-Default-1x,15747,48.978,1.90,1.89,0.0019,464,9
T-Default-1x,15748,48.980,2.01,2.01,0.0020,464,9
T-Default-1x,15749,48.982,2.25,2.21,0.0023,464,9
T-Default-1x,15750,48.984,2.24,2.29,0.0022,464,9
T-Default-1x,15751,48.986,2.09,2.10,0.0021,464,9
T-Default-1x,15752,48.988,2.13,2.12,0.0021,464,9
T-Default-1x,15753,48.991,2.30,2.29,0.0023,464,9
T-Default-1x,15754,48.993,2.08,2.09,0.0021,464,9
T-Default-1x,15755,48.995,2.00,2.01,0.0020,464,9
T-Default-1x,15756,48.997,2.02,1.99,0.0020,464,9
T-Default-1x,15757,48.999,2.31,2.30,0.0023,464,9
T-Default-1x,15758,49.001,2.09,2.11,0.0021,464,9
T-Default-1x,15759,49.003,2.08,2.09,0.0021,464,9
T-Default-1x,15760,49.005,1.81,1.79,0.0018,464,9
T-Default-1x,15761,49.007,2.24,2.21,0.0022,464,9
T-Default-1x,15762,49.009,1.95,1.98,0.0020,464,9
T-Default-1x,15763,49.011,1.89,1.89,0.0019,464,9
T-Default-1x,15764,49.013,1.92,1.91,0.0019,464,9
T-Default-1x,15765,49.015,2.10,2.09,0.0021,464,9
T-Default-1x,15766,49.017,1.98,2.00,0.0020,464,9
T-Default-1x,15767,49.019,1.71,1.72,0.0017,464,9
T-Default-1x,15768,49.021,1.95,1.90,0.0020,464,9
T-Default-1x,15769,49.023,2.19,2.18,0.0022,464,9
T-Default-1x,15770,49.025,2.16,2.21,0.0022,464,9
T-Default-1x,15771,49.027,1.82,1.83,0.0018,464,9
T-Default-1x,15772,49.029,1.90,1.86,0.0019,464,9
T-Default-1x,15773,49.031,2.19,2.19,0.0022,464,9
T-Default-1x,15774,49.034,2.74,2.71,0.0027,464,9
T-Default-1x,15775,49.036,2.37,2.40,0.0024,464,9
T-Default-1x,15776,49.038,2.19,2.19,0.0022,464,9
T-Default-1x,15777,49.041,2.24,2.22,0.0022,464,9
T-Default-1x,15778,49.043,2.17,2.19,0.0022,464,9
T-Default-1x,15779,49.045,1.98,1.99,0.0020,464,9
T-Default-1x,15780,49.047,2.12,2.11,0.0021,464,9
T-Default-1x,15781,49.049,2.46,2.42,0.0025,464,9
T-Default-1x,15782,49.052,2.13,2.17,0.0021,464,9
T-Default-1x,15783,49.053,1.95,1.91,0.0019,464,9
T-Default-1x,15784,49.056,2.06,2.09,0.0021,464,9
T-Default-1x,15785,49.058,2.32,2.30,0.0023,464,9
T-Default-1x,15786,49.060,1.88,1.90,0.0019,464,9
T-Default-1x,15787,49.062,1.92,1.89,0.0019,464,9
T-Default-1x,15788,49.064,1.99,2.00,0.0020,464,9
T-Default-1x,15789,49.066,2.24,2.21,0.0022,464,9
T-Default-1x,15790,49.068,1.96,1.99,0.0020,464,9
T-Default-1x,15791,49.070,1.88,1.89,0.0019,464,9
T-Default-1x,15792,49.072,1.92,1.89,0.0019,464,9
T-Default-1x,15793,49.074,2.22,2.20,0.0022,464,9
T-Default-1x,15794,49.076,2.08,2.11,0.0021,464,9
T-Default-1x,15795,49.078,1.90,1.90,0.0019,464,9
T-Default-1x,15796,49.080,2.11,2.10,0.0021,464,9
T-Default-1x,15797,49.082,2.33,2.31,0.0023,464,9
T-Default-1x,15798,49.084,2.17,2.19,0.0022,464,9
T-Default-1x,15799,49.086,1.99,2.01,0.0020,464,9
T-Default-1x,15800,49.088,2.00,1.99,0.0020,464,9
T-Default-1x,15801,49.091,2.22,2.20,0.0022,464,9
T-Default-1x,15802,49.093,1.97,2.00,0.0020,464,9
T-Default-1x,15803,49.095,1.92,1.91,0.0019,464,9
T-Default-1x,15804,49.097,1.99,1.98,0.0020,464,9
T-Default-1x,15805,49.099,2.24,2.23,0.0022,464,9
T-Default-1x,15806,49.101,2.06,2.08,0.0021,464,9
T-Default-1x,15807,49.103,1.87,1.88,0.0019,464,9
T-Default-1x,15808,49.105,1.95,1.91,0.0019,464,9
T-Default-1x,15809,49.107,2.21,2.21,0.0022,464,9
T-Default-1x,15810,49.109,2.05,2.08,0.0021,464,9
T-Default-1x,15811,49.111,1.93,1.93,0.0019,464,9
T-Default-1x,15812,49.113,1.99,1.97,0.0020,464,9
T-Default-1x,15813,49.115,2.11,2.10,0.0021,464,9
T-Default-1x,15814,49.117,2.16,2.20,0.0022,464,9
T-Default-1x,15815,49.119,1.79,1.79,0.0018,464,9
T-Default-1x,15816,49.121,1.94,1.91,0.0019,464,9
T-Default-1x,15817,49.123,2.11,2.10,0.0021,464,9
T-Default-1x,15818,49.125,2.08,2.10,0.0021,464,9
T-Default-1x,15819,49.127,1.78,1.78,0.0018,464,9
T-Default-1x,15820,49.129,1.80,1.80,0.0018,464,9
T-Default-1x,15821,49.131,2.12,2.10,0.0021,464,9
T-Default-1x,15822,49.133,2.19,2.20,0.0022,464,9
T-Default-1x,15823,49.135,1.78,1.79,0.0018,464,9
T-Default-1x,15824,49.137,1.92,1.91,0.0019,464,9
T-Default-1x,15825,49.139,1.96,1.93,0.0020,464,9
T-Default-1x,15826,49.141,2.25,2.25,0.0023,464,9
T-Default-1x,15827,49.143,1.98,2.00,0.0020,464,9
T-Default-1x,15828,49.145,2.00,2.00,0.0020,464,9
T-Default-1x,15829,49.147,1.89,1.89,0.0019,464,9
T-Default-1x,15830,49.149,1.93,1.91,0.0019,464,9
T-Default-1x,15831,49.151,2.00,1.99,0.0020,516,9
T-Default-1x,15832,49.153,2.32,2.29,0.0023,464,9
T-Default-1x,15833,49.155,2.31,2.30,0.0023,464,9
T-Default-1x,15834,49.158,2.43,2.41,0.0024,464,9
T-Default-1x,15835,49.160,2.04,2.08,0.0020,464,9
T-Default-1x,15836,49.162,2.02,2.00,0.0020,464,9
T-Default-1x,15837,49.164,1.97,1.99,0.0020,464,9
T-Default-1x,15838,49.166,2.12,2.11,0.0021,464,9
T-Default-1x,15839,49.168,1.99,1.99,0.0020,464,9
T-Default-1x,15840,49.170,1.78,1.77,0.0018,464,9
T-Default-1x,15841,49.172,2.04,2.02,0.0020,464,9
T-Default-1x,15842,49.174,2.24,2.21,0.0022,464,9
T-Default-1x,15843,49.176,2.14,2.18,0.0021,464,9
T-Default-1x,15844,49.178,1.88,1.88,0.0019,464,9
T-Default-1x,15845,49.180,2.04,2.02,0.0020,464,9
T-Default-1x,15846,49.182,2.13,2.12,0.0021,464,9
T-Default-1x,15847,49.184,2.15,2.17,0.0022,464,9
T-Default-1x,15848,49.186,1.99,1.99,0.0020,464,9
T-Default-1x,15849,49.188,2.04,2.01,0.0020,464,9
T-Default-1x,15850,49.191,2.34,2.32,0.0023,464,9
T-Default-1x,15851,49.193,2.02,2.06,0.0020,464,9
T-Default-1x,15852,49.195,2.02,2.02,0.0020,464,9
T-Default-1x,15853,49.197,2.01,2.01,0.0020,464,9
T-Default-1x,15854,49.199,2.41,2.38,0.0024,464,9
T-Default-1x,15855,49.201,1.98,2.01,0.0020,464,9
T-Default-1x,15856,49.203,1.97,1.98,0.0020,464,9
T-Default-1x,15857,49.205,1.90,1.89,0.0019,464,9
T-Default-1x,15858,49.207,2.12,2.11,0.0021,464,9
T-Default-1x,15859,49.209,2.18,2.19,0.0022,464,9
T-Default-1x,15860,49.211,1.98,1.99,0.0020,464,9
T-Default-1x,15861,49.213,2.05,2.02,0.0021,464,9
T-Default-1x,15862,49.216,2.98,2.99,0.0030,1300,8
T-Default-1x,15863,49.219,2.37,2.39,0.0024,464,8
T-Default-1x,15864,49.221,1.90,1.90,0.0019,464,8
T-Default-1x,15865,49.223,2.04,2.02,0.0020,464,8
T-Default-1x,15866,49.225,2.90,2.89,0.0029,1300,7
T-Default-1x,15867,49.228,2.06,2.09,0.0021,464,7
T-Default-1x,15868,49.229,1.92,1.90,0.0019,464,7
T-Default-1x,15869,49.232,2.11,2.11,0.0021,464,7
T-Default-1x,15870,49.234,2.80,2.80,0.0028,1300,6
T-Default-1x,15871,49.237,2.32,2.30,0.0023,464,6
T-Default-1x,15872,49.239,2.18,2.18,0.0022,464,6
T-Default-1x,15873,49.241,2.41,2.41,0.0024,464,6
T-Default-1x,15874,49.243,1.97,1.99,0.0020,464,6
T-Default-1x,15875,49.245,2.00,1.99,0.0020,464,6
T-Default-1x,15876,49.247,1.90,1.91,0.0019,464,6
T-Default-1x,15877,49.249,1.91,1.89,0.0019,464,6
T-Default-1x,15878,49.251,1.89,1.89,0.0019,464,6
T-Default-1x,15879,49.253,2.11,2.10,0.0021,464,6
T-Default-1x,15880,49.255,2.11,2.10,0.0021,464,6
T-Default-1x,15881,49.258,2.47,2.41,0.0025,464,6
T-Default-1x,15882,49.260,2.03,2.09,0.0020,464,6
T-Default-1x,15883,49.262,1.89,1.90,0.0019,464,6
T-Default-1x,15884,49.264,2.01,1.99,0.0020,464,6
T-Default-1x,15885,49.266,2.24,2.21,0.0022,464,6
T-Default-1x,15886,49.268,2.06,2.09,0.0021,464,6
T-Default-1x,15887,49.270,1.89,1.90,0.0019,464,6
T-Default-1x,15888,49.272,2.02,2.00,0.0020,464,6
T-Default-1x,15889,49.274,2.11,2.09,0.0021,464,6
T-Default-1x,15890,49.276,2.09,2.10,0.0021,464,6
T-Default-1x,15891,49.278,1.79,1.81,0.0018,464,6
T-Default-1x,15892,49.280,2.12,2.09,0.0021,464,6
T-Default-1x,15893,49.282,2.43,2.41,0.0024,464,6
T-Default-1x,15894,49.284,2.16,2.20,0.0022,464,6
T-Default-1x,15895,49.286,1.98,1.99,0.0020,464,6
T-Default-1x,15896,49.288,1.92,1.91,0.0019,464,6
T-Default-1x,15897,49.291,2.32,2.29,0.0023,464,6
T-Default-1x,15898,49.293,2.06,2.09,0.0021,464,6
T-Default-1x,15899,49.295,1.88,1.90,0.0019,464,6
T-Default-1x,15900,49.297,2.04,2.01,0.0020,464,6
T-Default-1x,15901,49.299,2.21,2.20,0.0022,464,6
T-Default-1x,15902,49.301,2.09,2.09,0.0021,464,6
T-Default-1x,15903,49.303,1.99,2.00,0.0020,464,6
T-Default-1x,15904,49.305,2.13,2.10,0.0021,464,6
T-Default-1x,15905,49.308,2.99,2.99,0.0030,1300,5
T-Default-1x,15906,49.310,2.18,2.20,0.0022,464,5
T-Default-1x,15907,49.312,2.05,2.01,0.0020,464,5
T-Default-1x,15908,49.314,2.07,2.08,0.0021,464,5
T-Default-1x,15909,49.317,2.21,2.21,0.0022,464,5
T-Default-1x,15910,49.319,2.48,2.49,0.0025,1300,4
T-Default-1x,15911,49.321,2.24,2.21,0.0022,464,4
T-Default-1x,15912,49.323,2.20,2.19,0.0022,464,4
T-Default-1x,15913,49.326,2.06,2.09,0.0021,464,4
T-Default-1x,15914,49.328,2.42,2.40,0.0024,1300,3
T-Default-1x,15915,49.330,2.18,2.19,0.0022,464,3
T-Default-1x,15916,49.332,2.22,2.21,0.0022,464,3
T-Default-1x,15917,49.334,1.98,2.00,0.0020,464,3
T-Default-1x,15918,49.336,1.89,1.89,0.0019,464,3
T-Default-1x,15919,49.338,2.04,2.01,0.0020,464,3
T-Default-1x,15920,49.340,2.24,2.20,0.0022,464,3
T-Default-1x,15921,49.342,2.02,2.08,0.0020,464,3
T-Default-1x,15922,49.344,1.94,1.91,0.0019,464,3
T-Default-1x,15923,49.346,2.00,2.00,0.0020,464,3
T-Default-1x,15924,49.349,2.22,2.20,0.0022,464,3
T-Default-1x,15925,49.351,2.06,2.08,0.0021,516,3
T-Default-1x,15926,49.353,1.88,1.89,0.0019,464,3
T-Default-1x,15927,49.355,2.04,2.01,0.0020,464,3
T-Default-1x,15928,49.357,2.14,2.09,0.0021,464,3
T-Default-1x,15929,49.359,2.14,2.20,0.0021,464,3
T-Default-1x,15930,49.361,1.90,1.90,0.0019,464,3
T-Default-1x,15931,49.363,2.04,2.00,0.0020,464,3
T-Default-1x,15932,49.365,2.09,2.09,0.0021,464,3
T-Default-1x,15933,49.367,2.17,2.20,0.0022,464,3
T-Default-1x,15934,49.369,1.98,1.99,0.0020,464,3
T-Default-1x,15935,49.371,2.05,2.00,0.0020,464,3
T-Default-1x,15936,49.373,2.12,2.10,0.0021,464,3
T-Default-1x,15937,49.375,2.15,2.19,0.0022,464,3
T-Default-1x,15938,49.377,1.78,1.79,0.0018,464,3
T-Default-1x,15939,49.379,2.05,2.01,0.0020,464,3
T-Default-1x,15940,49.381,2.08,2.10,0.0021,464,3
T-Default-1x,15941,49.383,2.08,2.09,0.0021,464,3
T-Default-1x,15942,49.385,1.90,1.90,0.0019,464,3
T-Default-1x,15943,49.387,2.05,2.02,0.0021,464,3
T-Default-1x,15944,49.389,2.06,2.07,0.0021,464,3
T-Default-1x,15945,49.392,2.22,2.20,0.0022,464,3
T-Default-1x,15946,49.394,1.99,2.00,0.0020,464,3
T-Default-1x,15947,49.396,2.41,2.40,0.0024,464,3
T-Default-1x,15948,49.398,2.23,2.21,0.0022,464,3
T-Default-1x,15949,49.401,2.25,2.29,0.0022,464,3
T-Default-1x,15950,49.402,1.89,1.90,0.0019,464,3
T-Default-1x,15951,49.404,1.93,1.90,0.0019,464,3
T-Default-1x,15952,49.406,2.08,2.10,0.0021,464,3
T-Default-1x,15953,49.409,2.19,2.19,0.0022,464,3
T-Default-1x,15954,49.411,1.91,1.91,0.0019,464,3
T-Default-1x,15955,49.413,2.01,1.99,0.0020,464,3
T-Default-1x,15956,49.415,2.09,2.09,0.0021,464,3
T-Default-1x,15957,49.416,1.88,1.90,0.0019,464,3
T-Default-1x,15958,49.419,2.06,2.05,0.0021,464,3
T-Default-1x,15959,49.420,1.85,1.83,0.0018,464,3
T-Default-1x,15960,49.423,2.11,2.10,0.0021,464,3
T-Default-1x,15961,49.425,2.20,2.19,0.0022,464,3
T-Default-1x,15962,49.426,1.79,1.81,0.0018,464,3
T-Default-1x,15963,49.428,1.89,1.89,0.0019,464,3
T-Default-1x,15964,49.430,2.04,2.00,0.0020,464,3
T-Default-1x,15965,49.433,2.29,2.30,0.0023,464,3
T-Default-1x,15966,49.435,1.89,1.90,0.0019,464,3
T-Default-1x,15967,49.436,1.79,1.78,0.0018,464,3
T-Default-1x,15968,49.438,1.91,1.90,0.0019,464,3
T-Default-1x,15969,49.441,2.24,2.21,0.0022,464,3
T-Default-1x,15970,49.443,2.06,2.09,0.0021,464,3
T-Default-1x,15971,49.445,1.99,2.00,0.0020,464,3
T-Default-1x,15972,49.447,2.02,2.00,0.0020,464,3
T-Default-1x,15973,49.449,2.21,2.20,0.0022,464,3
T-Default-1x,15974,49.451,2.09,2.11,0.0021,464,3
T-Default-1x,15975,49.453,2.01,1.99,0.0020,464,3
T-Default-1x,15976,49.455,2.43,2.40,0.0024,464,3
T-Default-1x,15977,49.458,2.50,2.49,0.0025,464,3
T-Default-1x,15978,49.461,2.69,2.70,0.0027,464,3
T-Default-1x,15979,49.463,2.57,2.51,0.0026,464,3
T-Default-1x,15980,49.466,2.75,2.79,0.0028,464,3
T-Default-1x,15981,49.468,2.26,2.29,0.0023,464,3
T-Default-1x,15982,49.471,2.42,2.41,0.0024,464,3
T-Default-1x,15983,49.473,2.37,2.39,0.0024,464,3
T-Default-1x,15984,49.475,2.01,2.01,0.0020,464,3
T-Default-1x,15985,49.477,2.20,2.18,0.0022,464,3
T-Default-1x,15986,49.480,2.43,2.40,0.0024,464,3
T-Default-1x,15987,49.482,2.64,2.61,0.0026,464,3
T-Default-1x,15988,49.485,2.47,2.49,0.0025,464,3
T-Default-1x,15989,49.487,2.59,2.60,0.0026,464,3
T-Default-1x,15990,49.490,2.79,2.79,0.0028,464,3
T-Default-1x,15991,49.492,2.41,2.41,0.0024,464,3
T-Default-1x,15992,49.495,2.27,2.29,0.0023,464,3
T-Default-1x,15993,49.497,2.44,2.40,0.0024,464,3
T-Default-1x,15994,49.500,2.32,2.30,0.0023,464,3
T-Default-1x,15995,49.502,2.03,2.09,0.0020,464,3
T-Default-1x,15996,49.504,2.76,2.70,0.0028,464,3
T-Default-1x,15997,49.507,2.68,2.67,0.0027,464,3
T-Default-1x,15998,49.509,2.37,2.41,0.0024,464,3
T-Default-1x,15999,49.512,2.34,2.30,0.0023,464,3
T-Default-1x,16000,49.514,2.41,2.40,0.0024,464,3
T-Default-1x,16001,49.517,2.56,2.59,0.0026,464,3
T-Default-1x,16002,49.519,2.07,2.08,0.0021,464,3
T-Default-1x,16003,49.521,2.04,2.01,0.0020,464,3
T-Default-1x,16004,49.523,1.89,1.91,0.0019,464,3
T-Default-1x,16005,49.525,2.39,2.38,0.0024,464,3
T-Default-1x,16006,49.527,2.11,2.11,0.0021,464,3
T-Default-1x,16007,49.530,2.42,2.39,0.0024,464,3
T-Default-1x,16008,49.532,2.41,2.40,0.0024,464,3
T-Default-1x,16009,49.534,2.15,2.18,0.0022,464,3
T-Default-1x,16010,49.536,2.20,2.14,0.0022,464,3
T-Default-1x,16011,49.539,2.37,2.37,0.0024,464,3
T-Default-1x,16012,49.541,2.42,2.41,0.0024,464,3
T-Default-1x,16013,49.544,2.74,2.79,0.0027,464,3
T-Default-1x,16014,49.546,2.52,2.50,0.0025,464,3
T-Default-1x,16015,49.549,2.73,2.69,0.0027,464,3
T-Default-1x,16016,49.551,2.34,2.40,0.0023,516,3
T-Default-1x,16017,49.554,2.19,2.19,0.0022,464,3
T-Default-1x,16018,49.556,2.20,2.20,0.0022,464,3
T-Default-1x,16019,49.558,2.33,2.30,0.0023,464,3
T-Default-1x,16020,49.560,2.28,2.30,0.0023,464,3
T-Default-1x,16021,49.563,2.09,2.09,0.0021,464,3
T-Default-1x,16022,49.565,2.32,2.30,0.0023,464,3
T-Default-1x,16023,49.567,2.53,2.51,0.0025,464,3
T-Default-1x,16024,49.570,2.45,2.48,0.0025,464,3
T-Default-1x,16025,49.572,2.52,2.50,0.0025,464,3
T-Default-1x,16026,49.575,2.63,2.60,0.0026,464,3
T-Default-1x,16027,49.577,2.27,2.30,0.0023,464,3
T-Default-1x,16028,49.580,2.32,2.29,0.0023,464,3
T-Default-1x,16029,49.582,2.38,2.39,0.0024,464,3
T-Default-1x,16030,49.584,2.29,2.31,0.0023,464,3
T-Default-1x,16031,49.586,2.08,2.09,0.0021,464,3
T-Default-1x,16032,49.589,2.21,2.20,0.0022,464,3
T-Default-1x,16033,49.591,2.42,2.41,0.0024,464,3
T-Default-1x,16034,49.593,2.09,2.10,0.0021,464,3
T-Default-1x,16035,49.595,2.09,2.09,0.0021,464,3
T-Default-1x,16036,49.597,2.20,2.21,0.0022,464,3
T-Default-1x,16037,49.600,2.40,2.40,0.0024,464,3
T-Default-1x,16038,49.602,1.99,2.00,0.0020,464,3
T-Default-1x,16039,49.604,2.01,1.99,0.0020,464,3
T-Default-1x,16040,49.606,2.20,2.20,0.0022,464,3
T-Default-1x,16041,49.608,2.50,2.50,0.0025,464,3
T-Default-1x,16042,49.610,1.98,1.99,0.0020,464,3
T-Default-1x,16043,49.613,2.25,2.20,0.0023,464,3
T-Default-1x,16044,49.615,2.16,2.19,0.0022,464,3
T-Default-1x,16045,49.617,2.20,2.20,0.0022,464,3
T-Default-1x,16046,49.619,2.31,2.29,0.0023,464,3
T-Default-1x,16047,49.622,2.38,2.33,0.0024,464,3
T-Default-1x,16048,49.624,2.45,2.48,0.0024,464,3
T-Default-1x,16049,49.626,2.09,2.10,0.0021,464,3
T-Default-1x,16050,49.628,2.21,2.19,0.0022,464,3
T-Default-1x,16051,49.631,2.08,2.09,0.0021,464,3
T-Default-1x,16052,49.633,2.12,2.10,0.0021,464,3
T-Default-1x,16053,49.635,2.29,2.29,0.0023,464,3
T-Default-1x,16054,49.637,2.10,2.11,0.0021,464,3
T-Default-1x,16055,49.639,2.19,2.19,0.0022,464,3
T-Default-1x,16056,49.642,2.42,2.41,0.0024,464,3
T-Default-1x,16057,49.644,1.98,2.00,0.0020,464,3
T-Default-1x,16058,49.646,2.11,2.09,0.0021,464,3
T-Default-1x,16059,49.648,2.10,2.10,0.0021,464,3
T-Default-1x,16060,49.650,2.18,2.20,0.0022,464,3
T-Default-1x,16061,49.652,1.90,1.90,0.0019,464,3
T-Default-1x,16062,49.654,1.91,1.89,0.0019,464,3
T-Default-1x,16063,49.656,2.10,2.10,0.0021,464,3
T-Default-1x,16064,49.658,2.33,2.31,0.0023,464,3
T-Default-1x,16065,49.660,2.08,2.10,0.0021,464,3
T-Default-1x,16066,49.663,2.31,2.30,0.0023,464,3
T-Default-1x,16067,49.665,2.30,2.29,0.0023,464,3
T-Default-1x,16068,49.667,2.40,2.41,0.0024,464,3
T-Default-1x,16069,49.669,2.08,2.08,0.0021,464,3
T-Default-1x,16070,49.672,2.23,2.20,0.0022,464,3
T-Default-1x,16071,49.674,2.46,2.42,0.0025,464,3
T-Default-1x,16072,49.676,2.35,2.37,0.0023,464,3
T-Default-1x,16073,49.678,1.98,2.00,0.0020,464,3
T-Default-1x,16074,49.680,2.00,2.00,0.0020,464,3
T-Default-1x,16075,49.683,2.32,2.30,0.0023,464,3
T-Default-1x,16076,49.685,1.97,1.99,0.0020,464,3
T-Default-1x,16077,49.687,1.93,1.90,0.0019,464,3
T-Default-1x,16078,49.689,2.09,2.10,0.0021,464,3
T-Default-1x,16079,49.691,2.50,2.41,0.0025,464,3
T-Default-1x,16080,49.693,2.10,2.17,0.0021,464,3
T-Default-1x,16081,49.695,2.11,2.12,0.0021,464,3
T-Default-1x,16082,49.698,2.07,2.08,0.0021,464,3
T-Default-1x,16083,49.700,2.23,2.20,0.0022,464,3
T-Default-1x,16084,49.702,2.42,2.40,0.0024,464,3
T-Default-1x,16085,49.705,2.38,2.40,0.0024,464,3
T-Default-1x,16086,49.707,2.07,2.09,0.0021,464,3
T-Default-1x,16087,49.709,2.12,2.10,0.0021,464,3
T-Default-1x,16088,49.711,2.09,2.11,0.0021,464,3
T-Default-1x,16089,49.713,2.34,2.30,0.0023,464,3
T-Default-1x,16090,49.715,2.16,2.19,0.0022,464,3
T-Default-1x,16091,49.717,2.09,2.10,0.0021,464,3
T-Default-1x,16092,49.719,1.89,1.89,0.0019,464,3
T-Default-1x,16093,49.721,2.01,2.00,0.0020,464,3
T-Default-1x,16094,49.723,2.13,2.11,0.0021,464,3
T-Default-1x,16095,49.726,2.18,2.20,0.0022,464,3
T-Default-1x,16096,49.728,2.00,1.99,0.0020,464,3
T-Default-1x,16097,49.730,2.11,2.11,0.0021,464,3
T-Default-1x,16098,49.732,2.12,2.10,0.0021,464,3
T-Default-1x,16099,49.734,2.16,2.18,0.0022,464,3
T-Default-1x,16100,49.736,2.15,2.10,0.0022,464,3
T-Default-1x,16101,49.739,2.37,2.39,0.0024,464,3
T-Default-1x,16102,49.741,2.41,2.40,0.0024,464,3
T-Default-1x,16103,49.743,2.18,2.21,0.0022,464,3
T-Default-1x,16104,49.745,2.12,2.10,0.0021,464,3
T-Default-1x,16105,49.747,2.16,2.20,0.0022,464,3
T-Default-1x,16106,49.750,2.43,2.40,0.0024,464,3
T-Default-1x,16107,49.752,2.22,2.20,0.0022,516,3
T-Default-1x,16108,49.755,2.47,2.49,0.0025,464,3
T-Default-1x,16109,49.757,2.31,2.30,0.0023,464,3
T-Default-1x,16110,49.759,2.16,2.19,0.0022,464,3
T-Default-1x,16111,49.761,2.01,2.01,0.0020,464,3
T-Default-1x,16112,49.763,2.01,2.00,0.0020,464,3
T-Default-1x,16113,49.765,2.22,2.21,0.0022,464,3
T-Default-1x,16114,49.767,2.18,2.20,0.0022,464,3
T-Default-1x,16115,49.769,1.76,1.77,0.0018,464,3
T-Default-1x,16116,49.771,1.97,1.92,0.0020,464,3
T-Default-1x,16117,49.773,2.17,2.19,0.0022,464,3
T-Default-1x,16118,49.776,2.19,2.20,0.0022,464,3
T-Default-1x,16119,49.777,1.78,1.80,0.0018,464,3
T-Default-1x,16120,49.780,2.27,2.21,0.0023,464,3
T-Default-1x,16121,49.782,2.30,2.30,0.0023,464,3
T-Default-1x,16122,49.784,2.26,2.30,0.0023,464,3
T-Default-1x,16123,49.786,2.19,2.19,0.0022,464,3
T-Default-1x,16124,49.789,2.32,2.30,0.0023,464,3
T-Default-1x,16125,49.791,2.29,2.31,0.0023,464,3
T-Default-1x,16126,49.793,2.40,2.40,0.0024,464,3
T-Default-1x,16127,49.795,2.08,2.09,0.0021,464,3
T-Default-1x,16128,49.798,2.33,2.30,0.0023,464,3
T-Default-1x,16129,49.800,2.38,2.40,0.0024,464,3
T-Default-1x,16130,49.802,1.98,2.00,0.0020,464,3
T-Default-1x,16131,49.804,1.92,1.89,0.0019,464,3
T-Default-1x,16132,49.806,2.07,2.10,0.0021,464,3
T-Default-1x,16133,49.808,2.22,2.21,0.0022,464,3
T-Default-1x,16134,49.810,1.88,1.90,0.0019,464,3
T-Default-1x,16135,49.812,1.91,1.90,0.0019,464,3
T-Default-1x,16136,49.814,2.10,2.09,0.0021,464,3
T-Default-1x,16137,49.816,2.20,2.20,0.0022,464,3
T-Default-1x,16138,49.818,1.78,1.80,0.0018,464,3
T-Default-1x,16139,49.820,1.92,1.90,0.0019,464,3
T-Default-1x,16140,49.822,2.23,2.20,0.0022,464,3
T-Default-1x,16141,49.825,2.40,2.40,0.0024,464,3
T-Default-1x,16142,49.827,1.97,2.00,0.0020,464,3
T-Default-1x,16143,49.829,1.90,1.89,0.0019,464,3
T-Default-1x,16144,49.831,2.01,2.00,0.0020,464,3
T-Default-1x,16145,49.833,2.43,2.41,0.0024,464,3
T-Default-1x,16146,49.835,1.97,1.99,0.0020,464,3
T-Default-1x,16147,49.837,1.91,1.91,0.0019,464,3
T-Default-1x,16148,49.839,1.99,1.98,0.0020,464,3
T-Default-1x,16149,49.841,2.37,2.32,0.0024,464,3
T-Default-1x,16150,49.843,1.92,1.98,0.0019,464,3
T-Default-1x,16151,49.845,1.90,1.90,0.0019,464,3
T-Default-1x,16152,49.847,2.01,2.00,0.0020,464,3
T-Default-1x,16153,49.849,2.31,2.30,0.0023,464,3
T-Default-1x,16154,49.851,1.98,2.00,0.0020,464,3
T-Default-1x,16155,49.854,2.20,2.20,0.0022,464,3
T-Default-1x,16156,49.856,2.01,2.00,0.0020,464,3
T-Default-1x,16157,49.858,2.21,2.20,0.0022,464,3
T-Default-1x,16158,49.860,1.89,1.90,0.0019,464,3
T-Default-1x,16159,49.861,1.78,1.79,0.0018,464,3
T-Default-1x,16160,49.863,1.93,1.91,0.0019,464,3
T-Default-1x,16161,49.866,2.31,2.29,0.0023,464,3
T-Default-1x,16162,49.868,2.09,2.09,0.0021,464,3
T-Default-1x,16163,49.870,2.10,2.10,0.0021,464,3
T-Default-1x,16164,49.872,2.36,2.30,0.0024,464,3
T-Default-1x,16165,49.875,2.55,2.60,0.0026,464,3
T-Default-1x,16166,49.877,2.18,2.20,0.0022,464,3
T-Default-1x,16167,49.879,2.23,2.20,0.0022,464,3
T-Default-1x,16168,49.882,2.40,2.40,0.0024,464,3
T-Default-1x,16169,49.884,2.37,2.40,0.0024,464,3
T-Default-1x,16170,49.886,2.08,2.09,0.0021,464,3
T-Default-1x,16171,49.888,2.02,1.99,0.0020,464,3
T-Default-1x,16172,49.891,2.43,2.41,0.0024,464,3
T-Default-1x,16173,49.893,2.14,2.18,0.0021,464,3
T-Default-1x,16174,49.895,1.90,1.90,0.0019,464,3
T-Default-1x,16175,49.897,2.13,2.11,0.0021,464,3
T-Default-1x,16176,49.899,2.39,2.40,0.0024,464,3
T-Default-1x,16177,49.901,2.10,2.10,0.0021,464,3
T-Default-1x,16178,49.903,2.08,2.09,0.0021,464,3
T-Default-1x,16179,49.905,1.89,1.90,0.0019,464,3
T-Default-1x,16180,49.907,1.80,1.79,0.0018,464,3
T-Default-1x,16181,49.909,1.90,1.91,0.0019,464,3
T-Default-1x,16182,49.911,1.79,1.79,0.0018,464,3
T-Default-1x,16183,49.913,1.95,1.91,0.0019,464,3
T-Default-1x,16184,49.915,2.12,2.09,0.0021,464,3
T-Default-1x,16185,49.917,2.13,2.19,0.0021,464,3
T-Default-1x,16186,49.919,2.14,2.11,0.0021,464,3
T-Default-1x,16187,49.922,2.48,2.41,0.0025,464,3
T-Default-1x,16188,49.924,2.41,2.48,0.0024,464,3
T-Default-1x,16189,49.926,2.08,2.09,0.0021,464,3
T-Default-1x,16190,49.928,2.01,2.01,0.0020,464,3
T-Default-1x,16191,49.930,2.01,2.00,0.0020,464,3
T-Default-1x,16192,49.932,2.32,2.30,0.0023,464,3
T-Default-1x,16193,49.935,2.17,2.20,0.0022,464,3
T-Default-1x,16194,49.937,2.00,2.00,0.0020,464,3
T-Default-1x,16195,49.939,2.00,2.00,0.0020,464,3
T-Default-1x,16196,49.941,2.25,2.20,0.0023,464,3
T-Default-1x,16197,49.943,2.05,2.10,0.0021,464,3
T-Default-1x,16198,49.945,1.87,1.89,0.0019,464,3
T-Default-1x,16199,49.947,2.03,2.00,0.0020,464,3
T-Default-1x,16200,49.949,2.32,2.31,0.0023,464,3
T-Default-1x,16201,49.951,2.08,2.08,0.0021,464,3
T-Default-1x,16202,49.954,2.43,2.41,0.0024,516,3
T-Default-1x,16203,49.956,2.17,2.19,0.0022,464,3
T-Default-1x,16204,49.958,2.52,2.50,0.0025,464,3
T-Default-1x,16205,49.961,2.27,2.28,0.0023,464,3
T-Default-1x,16206,49.963,2.15,2.12,0.0021,464,3
T-Default-1x,16207,49.965,2.29,2.30,0.0023,464,3
T-Default-1x,16208,49.967,2.04,2.08,0.0020,464,3
T-Default-1x,16209,49.969,1.80,1.80,0.0018,464,3
T-Default-1x,16210,49.971,2.16,2.11,0.0022,464,3
T-Default-1x,16211,49.973,2.18,2.19,0.0022,464,3
T-Default-1x,16212,49.975,2.19,2.20,0.0022,464,3
T-Default-1x,16213,49.977,1.99,1.99,0.0020,464,3
T-Default-1x,16214,49.979,2.01,1.99,0.0020,464,3
T-Default-1x,16215,49.981,2.11,2.11,0.0021,464,3
T-Default-1x,16216,49.984,2.17,2.18,0.0022,464,3
T-Default-1x,16217,49.986,1.92,1.92,0.0019,464,3
T-Default-1x,16218,49.988,2.01,1.99,0.0020,464,3
T-Default-1x,16219,49.990,2.10,2.08,0.0021,464,3
T-Default-1x,16220,49.992,2.21,2.21,0.0022,464,3
T-Default-1x,16221,49.994,2.00,2.01,0.0020,464,3
T-Default-1x,16222,49.996,1.98,1.99,0.0020,464,3
T-Default-1x,16223,49.998,1.99,1.99,0.0020,464,3
T-Default-1x,16224,50.000,2.40,2.41,0.0024,464,3
T-Default-1x,16225,50.002,2.00,1.99,0.0020,464,3
T-Default-1x,16226,50.004,1.93,1.90,0.0019,464,3
T-Default-1x,16227,50.006,2.10,2.09,0.0021,464,3
T-Default-1x,16228,50.008,2.18,2.20,0.0022,464,3
T-Default-1x,16229,50.010,1.78,1.79,0.0018,464,3
T-Default-1x,16230,50.012,1.91,1.90,0.0019,464,3
T-Default-1x,16231,50.014,2.13,2.10,0.0021,464,3
T-Default-1x,16232,50.016,2.20,2.20,0.0022,464,3
T-Default-1x,16233,50.018,1.90,1.90,0.0019,464,3
T-Default-1x,16234,50.020,1.99,2.00,0.0020,464,3
T-Default-1x,16235,50.023,2.40,2.09,0.0024,464,3
T-Default-1x,16236,50.025,2.20,2.50,0.0022,464,3
T-Default-1x,16237,50.027,1.90,1.90,0.0019,464,3
T-Default-1x,16238,50.029,1.82,1.79,0.0018,464,3
T-Default-1x,16239,50.031,1.98,2.00,0.0020,464,3
T-Default-1x,16240,50.033,2.16,2.12,0.0022,464,3
T-Default-1x,16241,50.035,2.27,2.29,0.0023,464,3
T-Default-1x,16242,50.037,2.39,2.39,0.0024,464,3
T-Default-1x,16243,50.040,2.19,2.20,0.0022,464,3
T-Default-1x,16244,50.042,2.46,2.40,0.0025,464,3
T-Default-1x,16245,50.044,2.14,2.21,0.0021,464,3
T-Default-1x,16246,50.046,2.11,2.09,0.0021,464,3
T-Default-1x,16247,50.049,2.53,2.50,0.0025,464,3
T-Default-1x,16248,50.051,2.16,2.20,0.0022,464,3
T-Default-1x,16249,50.053,1.98,2.00,0.0020,464,3
T-Default-1x,16250,50.055,2.29,2.30,0.0023,464,3
T-Default-1x,16251,50.057,1.92,1.90,0.0019,464,3
T-Default-1x,16252,50.059,2.10,2.10,0.0021,464,3
T-Default-1x,16253,50.061,1.99,2.00,0.0020,464,3
T-Default-1x,16254,50.063,2.12,2.10,0.0021,464,3
T-Default-1x,16255,50.066,2.31,2.31,0.0023,464,3
T-Default-1x,16256,50.068,1.97,1.99,0.0020,464,3
T-Default-1x,16257,50.070,1.90,1.91,0.0019,464,3
T-Default-1x,16258,50.072,2.04,1.99,0.0020,464,3
T-Default-1x,16259,50.074,2.30,2.31,0.0023,464,3
T-Default-1x,16260,50.076,2.06,2.08,0.0021,464,3
T-Default-1x,16261,50.078,1.90,1.91,0.0019,464,3
T-Default-1x,16262,50.080,2.03,2.00,0.0020,464,3
T-Default-1x,16263,50.082,2.08,2.09,0.0021,464,3
T-Default-1x,16264,50.084,2.20,2.20,0.0022,464,3
T-Default-1x,16265,50.086,1.99,2.01,0.0020,464,3
T-Default-1x,16266,50.088,1.90,1.88,0.0019,464,3
T-Default-1x,16267,50.091,2.44,2.40,0.0024,464,3
T-Default-1x,16268,50.093,2.07,2.10,0.0021,464,3
T-Default-1x,16269,50.095,1.99,2.00,0.0020,464,3
T-Default-1x,16270,50.097,2.02,2.00,0.0020,464,3
T-Default-1x,16271,50.099,2.21,2.19,0.0022,464,3
T-Default-1x,16272,50.101,1.97,1.99,0.0020,464,3
T-Default-1x,16273,50.103,1.90,1.91,0.0019,464,3
T-Default-1x,16274,50.105,1.93,1.90,0.0019,464,3
T-Default-1x,16275,50.107,2.12,2.10,0.0021,464,3
T-Default-1x,16276,50.109,2.07,2.10,0.0021,464,3
T-Default-1x,16277,50.111,1.78,1.79,0.0018,464,3
T-Default-1x,16278,50.113,2.28,2.22,0.0023,464,3
T-Default-1x,16279,50.115,2.16,2.19,0.0022,464,3
T-Default-1x,16280,50.117,2.39,2.39,0.0024,464,3
T-Default-1x,16281,50.119,1.96,1.97,0.0020,464,3
T-Default-1x,16282,50.122,2.46,2.43,0.0025,464,3
T-Default-1x,16283,50.124,2.49,2.50,0.0025,464,3
T-Default-1x,16284,50.127,2.27,2.28,0.0023,464,3
T-Default-1x,16285,50.129,1.90,1.91,0.0019,464,3
T-Default-1x,16286,50.131,2.22,2.19,0.0022,464,3
T-Default-1x,16287,50.133,2.28,2.31,0.0023,464,3
T-Default-1x,16288,50.135,1.88,1.89,0.0019,464,3
T-Default-1x,16289,50.137,1.79,1.80,0.0018,464,3
T-Default-1x,16290,50.139,2.14,2.10,0.0021,464,3
T-Default-1x,16291,50.141,2.33,2.31,0.0023,464,3
T-Default-1x,16292,50.143,2.18,2.21,0.0022,464,3
T-Default-1x,16293,50.145,1.91,1.89,0.0019,464,3
T-Default-1x,16294,50.147,2.07,2.09,0.0021,464,3
T-Default-1x,16295,50.150,2.31,2.31,0.0023,464,3
T-Default-1x,16296,50.152,1.99,1.99,0.0020,464,3
T-Default-1x,16297,50.154,1.98,1.99,0.0020,516,3
T-Default-1x,16298,50.156,2.01,2.00,0.0020,464,3
T-Default-1x,16299,50.158,2.32,2.30,0.0023,464,3
T-Default-1x,16300,50.160,2.10,2.10,0.0021,464,3
T-Default-1x,16301,50.162,2.32,2.31,0.0023,464,3
T-Default-1x,16302,50.164,2.07,2.09,0.0021,464,3
T-Default-1x,16303,50.167,2.41,2.40,0.0024,464,3
T-Default-1x,16304,50.169,2.08,2.09,0.0021,464,3
T-Default-1x,16305,50.171,2.12,2.10,0.0021,464,3
T-Default-1x,16306,50.173,2.30,2.30,0.0023,464,3
T-Default-1x,16307,50.176,2.29,2.31,0.0023,464,3
T-Default-1x,16308,50.177,1.78,1.79,0.0018,464,3
T-Default-1x,16309,50.180,2.25,2.20,0.0023,464,3
T-Default-1x,16310,50.182,2.29,2.30,0.0023,464,3
T-Default-1x,16311,50.184,2.06,2.09,0.0021,464,3
T-Default-1x,16312,50.187,2.73,2.70,0.0027,1300,2
T-Default-1x,16313,50.189,2.40,2.41,0.0024,464,2
T-Default-1x,16314,50.192,2.40,2.39,0.0024,464,2
T-Default-1x,16315,50.194,2.08,2.10,0.0021,464,2
T-Default-1x,16316,50.196,2.00,2.00,0.0020,464,2
T-Default-1x,16317,50.198,2.33,2.30,0.0023,464,2
T-Default-1x,16318,50.201,2.88,2.90,0.0029,1300,1
T-Default-1x,16319,50.203,2.63,2.59,0.0026,464,1
T-Default-1x,16320,50.206,2.39,2.40,0.0024,464,1
T-Default-1x,16321,50.208,2.29,2.29,0.0023,464,1
T-Default-1x,16322,50.211,2.69,2.70,0.0027,1300,0
S1-5x,0,0.000,20.54,20.49,0.1027,305936,7
S1-5x,1,0.014,14.11,14.20,0.0706,280192,18
S1-5x,2,0.026,11.73,11.72,0.0587,232768,25
S1-5x,3,0.042,16.07,16.08,0.0804,262432,31
S1-5x,4,0.057,14.93,14.91,0.0746,732380,39
S1-5x,5,0.073,15.69,15.69,0.0784,705102,46
S1-5x,6,0.092,19.20,19.20,0.0960,799199,54
S1-5x,7,0.113,21.64,21.61,0.1082,1018956,64
S1-5x,8,0.131,17.77,17.80,0.0888,1017218,74
S1-5x,9,0.147,15.50,15.50,0.0775,890492,83
S1-5x,10,0.164,17.34,17.29,0.0867,836251,91
S1-5x,11,0.181,17.46,17.50,0.0873,894631,100
S1-5x,12,0.196,14.90,14.90,0.0745,791336,108
S1-5x,13,0.212,16.01,16.01,0.0801,791176,116
S1-5x,14,0.231,18.91,18.89,0.0946,811093,124
S1-5x,15,0.251,19.45,19.49,0.0973,939080,133
S1-5x,16,0.269,18.42,18.41,0.0921,989028,143
S1-5x,17,0.287,18.35,18.29,0.0917,896322,152
S1-5x,18,0.307,19.60,19.59,0.0980,908696,161
S1-5x,19,0.324,17.38,17.39,0.0869,994672,171
S1-5x,20,0.342,17.10,17.09,0.0855,889220,180
S1-5x,21,0.358,16.46,16.49,0.0823,896360,189
S1-5x,22,0.375,17.33,17.31,0.0866,793948,197
S1-5x,23,0.391,15.89,15.89,0.0795,861804,205
S1-5x,24,0.410,18.53,18.49,0.0927,802080,213
S1-5x,25,0.429,19.58,19.61,0.0979,994512,223
S1-5x,26,0.448,18.29,18.30,0.0915,910888,232
S1-5x,27,0.470,22.71,22.71,0.1135,1011394,241
S1-5x,28,0.495,24.56,24.57,0.1228,1109775,252
S1-5x,29,0.516,21.47,21.42,0.1073,1251776,262
S1-5x,30,0.540,23.99,23.99,0.1199,1105843,273
S1-5x,31,0.562,21.30,21.31,0.1065,1189932,285
S1-5x,32,0.584,21.91,21.90,0.1095,1120180,296
S1-5x,33,0.604,20.58,20.57,0.1029,998704,307
S1-5x,34,0.627,22.70,22.71,0.1135,994298,317
S1-5x,35,0.649,21.96,21.99,0.1098,1098460,328
S1-5x,36,0.671,22.64,22.61,0.1132,1097323,339
S1-5x,37,0.696,24.41,24.41,0.1220,1113945,350
S1-5x,38,0.726,30.60,30.59,0.1530,1322368,361
S1-5x,39,0.758,31.19,31.21,0.1560,1501945,374
S1-5x,40,0.791,32.83,32.81,0.1641,1616101,389
S1-5x,41,0.821,30.30,30.28,0.1515,1604690,404
S1-5x,42,0.851,30.38,30.40,0.1519,1510663,418
S1-5x,43,0.879,27.78,27.78,0.1389,1588516,431
S1-5x,44,0.907,27.91,27.91,0.1395,1401386,445
S1-5x,45,0.932,25.51,25.50,0.1275,1408579,459
S1-5x,46,0.959,26.41,26.40,0.1320,1332766,471
S1-5x,47,0.984,25.59,25.59,0.1280,1300060,482
S1-5x,48,1.012,27.79,27.80,0.1390,1301376,492
S1-5x,49,1.040,27.79,27.80,0.1390,1397064,505
S1-5x,50,1.068,27.65,27.60,0.1383,1504176,518
S1-5x,51,1.095,27.75,27.80,0.1387,1331092,530
S1-5x,52,1.125,29.74,29.70,0.1487,1110793,539
S1-5x,53,1.156,31.07,31.09,0.1553,1507912,535
S1-5x,54,1.196,39.64,39.61,0.1982,1594284,511
S1-5x,55,1.230,34.18,34.20,0.1709,1976272,528
S1-5x,56,1.265,35.31,35.28,0.1766,1692752,540
S1-5x,57,1.294,29.01,28.81,0.1451,1701528,557
S1-5x,58,1.322,27.81,28.00,0.1390,1508336,571
S1-5x,59,1.346,24.14,24.18,0.1207,1019296,579
S1-5x,60,1.369,22.49,22.42,0.1124,208352,546
S1-5x,61,1.387,18.34,18.38,0.0917,192272,542
S1-5x,62,1.403,16.31,16.30,0.0815,188752,540
S1-5x,63,1.420,16.58,16.59,0.0829,2360,538
S1-5x,64,1.438,18.11,18.09,0.0906,29866,537
S1-5x,65,1.454,15.92,15.91,0.0796,4108,534
S1-5x,66,1.470,16.39,16.39,0.0820,20208,530
S1-5x,67,1.489,18.27,18.28,0.0913,35776,518
S1-5x,68,1.507,18.20,18.20,0.0910,28383,512
S1-5x,69,1.525,17.78,17.79,0.0889,1828,503
S1-5x,70,1.543,18.12,18.10,0.0906,15800,500
S1-5x,71,1.561,18.53,18.51,0.0927,1918,495
S1-5x,72,1.582,20.51,20.49,0.1025,39140,480
S1-5x,73,1.602,20.44,20.41,0.1022,7567,477
S1-5x,74,1.624,21.54,21.57,0.1077,47093,475
S1-5x,75,1.646,21.98,22.00,0.1099,37496,472
S1-5x,76,1.668,21.85,21.79,0.1092,19175,472
S1-5x,77,1.686,18.34,18.40,0.0917,19232,469
S1-5x,78,1.704,17.85,17.81,0.0892,22073,463
S1-5x,79,1.720,16.59,16.59,0.0829,7623,463
S1-5x,80,1.738,17.18,17.19,0.0859,7501,463
S1-5x,81,1.755,17.77,17.80,0.0889,43525,463
S1-5x,82,1.776,20.21,20.18,0.1010,19476,461
S1-5x,83,1.795,19.89,19.90,0.0995,21132,455
S1-5x,84,1.814,18.12,18.11,0.0906,18176,454
S1-5x,85,1.835,21.27,21.21,0.1064,35804,448
S1-5x,86,1.855,19.83,19.89,0.0992,13144,437
S1-5x,87,1.875,20.10,20.10,0.1005,4754,426
S1-5x,88,1.896,21.58,21.59,0.1079,42037,403
S1-5x,89,1.917,20.43,20.41,0.1022,9550,403
S1-5x,90,1.936,19.20,19.21,0.0960,11336,401
S1-5x,91,1.959,22.59,22.58,0.1130,21980,394
S1-5x,92,1.979,20.30,20.31,0.1015,29712,386
S1-5x,93,2.000,20.95,20.95,0.1048,14464,365
S1-5x,94,2.017,17.65,17.63,0.0882,5362,356
S1-5x,95,2.034,16.20,16.20,0.0810,6364,348
S1-5x,96,2.055,20.97,20.99,0.1049,38468,325
S1-5x,97,2.070,14.97,14.91,0.0749,4566,325
S1-5x,98,2.085,15.79,15.79,0.0790,32668,321
S1-5x,99,2.105,19.17,19.20,0.0959,25568,315
S1-5x,100,2.122,17.49,17.50,0.0875,15360,315
S1-5x,101,2.139,17.07,17.09,0.0854,33024,315
S1-5x,102,2.159,19.56,19.52,0.0978,8348,306
S1-5x,103,2.180,21.00,20.99,0.1050,19178,303
S1-5x,104,2.199,19.34,19.39,0.0967,35760,298
S1-5x,105,2.221,21.91,21.89,0.1095,15654,292
S1-5x,106,2.241,20.20,20.20,0.1010,35234,284
S1-5x,107,2.261,19.43,19.41,0.0971,18743,284
S1-5x,108,2.281,20.77,20.79,0.1038,8428,276
S1-5x,109,2.305,23.25,23.20,0.1162,36668,268
S1-5x,110,2.322,17.36,17.40,0.0868,1876,268
S1-5x,111,2.343,20.78,20.78,0.1039,29284,267
S1-5x,112,2.359,16.72,16.71,0.0836,1916,265
S1-5x,113,2.375,15.20,15.19,0.0760,1788,262
S1-5x,114,2.392,17.27,17.29,0.0863,5020,260
S1-5x,115,2.412,19.98,19.93,0.0999,8072,237
S1-5x,116,2.429,17.37,17.38,0.0868,2709,232
S1-5x,117,2.446,16.30,16.30,0.0815,4505,231
S1-5x,118,2.462,16.11,16.11,0.0805,3822,230
S1-5x,119,2.475,13.70,13.69,0.0685,1748,230
S1-5x,120,2.489,13.66,13.69,0.0683,1788,229
S1-5x,121,2.502,12.88,12.80,0.0644,944,229
S1-5x,122,2.515,13.14,13.20,0.0657,1748,229
S1-5x,123,2.529,14.23,14.20,0.0711,3667,229
S1-5x,124,2.545,15.36,15.40,0.0768,1602,229
S1-5x,125,2.559,14.74,14.70,0.0737,2621,229
S1-5x,126,2.574,14.17,14.19,0.0708,1748,229
S1-5x,127,2.587,13.25,13.22,0.0662,1844,229
S1-5x,128,2.600,12.83,12.88,0.0641,1992,229
S1-5x,129,2.612,12.73,12.71,0.0636,1104,229
S1-5x,130,2.625,12.90,12.90,0.0645,3156,229
S1-5x,131,2.639,13.50,13.49,0.0675,2120,229
S1-5x,132,2.652,13.61,13.60,0.0680,3572,226
S1-5x,133,2.667,14.62,14.60,0.0731,3252,223
S1-5x,134,2.680,13.48,13.49,0.0674,3244,223
S1-5x,135,2.694,14.00,14.01,0.0700,6404,223
S1-5x,136,2.708,13.59,13.60,0.0680,2324,222
S1-5x,137,2.722,14.31,14.30,0.0716,4953,222
S1-5x,138,2.735,12.90,12.90,0.0645,2040,222
S1-5x,139,2.749,14.18,14.19,0.0709,9592,220
S1-5x,140,2.764,14.45,14.41,0.0723,3948,220
S1-5x,141,2.873,26.08,26.09,0.1304,28772,145
S1-5x,142,2.889,15.47,15.50,0.0773,4052,143
S1-5x,143,2.903,14.13,14.12,0.0707,1916,143
S1-5x,144,2.917,13.74,13.71,0.0687,3165,142
S1-5x,145,2.931,14.59,14.59,0.0730,2917,142
S1-5x,146,2.945,13.70,13.69,0.0685,1788,142
S1-5x,147,2.959,13.61,13.60,0.0681,1868,142
S1-5x,148,2.975,16.85,16.88,0.0842,11820,142
S1-5x,149,2.991,15.71,15.71,0.0786,3244,142
S1-5x,150,3.005,14.29,14.29,0.0715,2043,142
S1-5x,151,3.020,14.82,14.80,0.0741,4529,142
S1-5x,152,3.033,13.18,13.19,0.0659,8281,142
S1-5x,153,3.048,14.50,14.50,0.0725,4441,142
S1-5x,154,3.067,18.79,18.80,0.0940,6615,142
S1-5x,155,3.081,14.82,14.80,0.0741,10331,142
S1-5x,156,3.094,12.41,12.40,0.0621,1828,142
S1-5x,157,3.107,12.90,12.90,0.0645,5450,142
S1-5x,158,3.119,12.18,12.19,0.0609,1152,142
S1-5x,159,3.130,11.48,11.50,0.0574,1828,142
S1-5x,160,3.143,12.52,12.50,0.0626,8330,142
S1-5x,161,3.155,11.90,11.89,0.0595,2368,141
S1-5x,162,3.168,13.43,13.41,0.0671,10732,141
S1-5x,163,3.182,13.45,13.49,0.0673,2516,141
S1-5x,164,3.193,11.51,11.49,0.0575,5152,141
S1-5x,165,3.207,14.01,14.02,0.0701,16145,141
S1-5x,166,3.220,13.10,13.09,0.0655,3888,141
S1-5x,167,3.235,15.09,15.10,0.0754,21975,140
S1-5x,168,3.247,11.10,11.10,0.0555,7012,140
S1-5x,169,3.264,17.33,17.30,0.0866,48613,140
S1-5x,170,3.276,12.18,12.20,0.0609,1670,140
S1-5x,171,3.295,19.27,19.08,0.0963,48023,140
S1-5x,172,3.309,13.62,13.80,0.0681,1956,140
S1-5x,173,3.330,21.32,21.30,0.1066,57178,139
S1-5x,174,3.343,13.03,13.01,0.0651,3104,139
S1-5x,175,3.369,25.69,25.70,0.1285,83110,138
S1-5x,176,3.396,27.26,27.29,0.1363,75628,138
S1-5x,177,3.427,30.33,30.30,0.1516,87526,137
S1-5x,178,3.461,34.78,34.80,0.1739,98338,136
S1-5x,179,3.496,34.20,34.19,0.1710,98009,136
S1-5x,180,3.524,28.31,28.30,0.1415,52105,136
S1-5x,181,3.555,31.39,31.39,0.1570,69606,136
S1-5x,182,3.584,29.12,29.10,0.1456,61309,135
S1-5x,183,3.613,28.28,28.27,0.1414,44926,135
S1-5x,184,3.646,33.58,33.61,0.1679,46073,135
S1-5x,185,3.675,28.33,28.30,0.1416,38347,133
S1-5x,186,3.703,28.19,28.21,0.1410,31553,132
S1-5x,187,3.732,29.32,29.29,0.1466,34956,129
S1-5x,188,3.777,44.78,44.79,0.2239,147394,129
S1-5x,189,3.804,27.20,27.21,0.1360,25561,129
S1-5x,190,3.827,22.94,22.89,0.1147,2683,126
S1-5x,191,3.849,21.94,22.00,0.1097,1668,126
S1-5x,192,3.870,21.22,21.19,0.1061,1828,126
S1-5x,193,3.901,30.61,30.61,0.1530,50003,126
S1-5x,194,3.926,25.54,25.50,0.1277,9003,123
S1-5x,195,3.948,22.12,22.19,0.1106,2424,121
S1-5x,196,3.970,22.02,22.00,0.1101,1956,117
S1-5x,197,3.992,21.19,21.20,0.1060,1956,112
S1-5x,198,4.015,23.01,23.00,0.1150,1804,111
S1-5x,199,4.035,20.51,20.50,0.1025,5378,110
S1-5x,200,4.055,20.20,20.20,0.1010,1466,106
S1-5x,201,4.077,21.53,21.50,0.1077,1828,102
S1-5x,202,4.099,22.06,22.09,0.1103,1956,95
S1-5x,203,4.119,19.91,19.90,0.0996,3020,95
S1-5x,204,4.139,19.89,19.89,0.0994,1828,95
S1-5x,205,4.159,20.01,20.00,0.1000,1880,91
S1-5x,206,4.176,17.22,17.20,0.0861,1828,91
S1-5x,207,4.195,18.66,18.70,0.0933,1828,88
S1-5x,208,4.215,20.61,20.60,0.1031,1748,82
S1-5x,209,4.236,21.00,21.00,0.1050,1668,73
S1-5x,210,4.255,18.51,18.49,0.0925,1788,69
S1-5x,211,4.275,20.00,20.00,0.1000,5956,66
S1-5x,212,4.293,18.20,18.20,0.0910,9972,66
S1-5x,213,4.311,18.49,18.49,0.0924,1908,66
S1-5x,214,4.328,16.49,16.50,0.0825,1828,66
S1-5x,215,4.345,17.31,17.31,0.0866,1956,66
S1-5x,216,4.363,18.23,18.20,0.0911,2136,66
S1-5x,217,4.381,17.58,17.59,0.0879,2124,65
S1-5x,218,4.398,17.09,17.10,0.0854,1788,63
S1-5x,219,4.415,16.80,16.80,0.0840,2084,63
S1-5x,220,4.432,17.21,17.20,0.0860,1788,57
S1-5x,221,4.448,15.49,15.50,0.0774,1828,57
S1-5x,222,4.464,16.62,16.59,0.0831,2212,53
S1-5x,223,4.481,16.29,16.30,0.0815,1788,52
S1-5x,224,4.495,14.97,14.99,0.0748,1828,52
S1-5x,225,4.511,15.35,15.32,0.0767,1916,51
S1-5x,226,4.526,15.50,15.49,0.0775,1828,49
S1-5x,227,4.542,15.27,15.30,0.0764,1788,45
S1-5x,228,4.557,15.01,15.00,0.0750,2300,44
S1-5x,229,4.572,14.90,14.90,0.0745,1262,44
S1-5x,230,4.585,13.75,13.71,0.0687,1828,44
S1-5x,231,4.600,14.25,14.29,0.0712,1828,43
S1-5x,232,4.613,13.50,13.49,0.0675,1024,43
S1-5x,233,4.626,13.01,13.00,0.0650,1828,43
S1-5x,234,4.640,13.59,13.59,0.0680,1868,42
S1-5x,235,4.652,12.05,12.02,0.0603,1024,42
S1-5x,236,4.665,13.46,13.48,0.0673,1828,40
S1-5x,237,4.678,13.29,13.30,0.0665,1828,39
S1-5x,238,4.691,12.84,12.80,0.0642,1876,39
S1-5x,239,4.704,12.95,13.00,0.0648,1828,39
S1-5x,240,4.717,12.32,12.29,0.0616,1828,39
S1-5x,241,4.729,12.89,12.89,0.0644,1868,39
S1-5x,242,4.741,12.09,12.09,0.0604,1956,39
S1-5x,243,4.754,12.81,12.80,0.0641,1828,38
S1-5x,244,4.766,11.60,11.60,0.0580,1788,37
S1-5x,245,4.778,12.41,12.41,0.0620,1880,37
S1-5x,246,4.791,12.18,12.19,0.0609,1956,37
S1-5x,247,4.803,12.71,12.70,0.0636,5956,37
S1-5x,248,4.816,12.30,12.29,0.0615,1828,37
S1-5x,249,4.828,12.71,12.71,0.0636,1828,37
S1-5x,250,4.841,12.78,12.78,0.0639,1828,36
S1-5x,251,4.854,13.14,13.11,0.0657,1170,36
S1-5x,252,4.867,13.17,13.19,0.0658,1788,35
S1-5x,253,4.881,13.52,13.50,0.0676,1828,35
S1-5x,254,4.894,13.17,13.19,0.0658,1828,35
S1-5x,255,4.908,13.82,13.80,0.0691,1788,33
S1-5x,256,4.920,12.61,12.60,0.0630,1788,31
S1-5x,257,4.933,12.28,12.29,0.0614,1788,31
S1-5x,258,4.945,12.40,12.40,0.0620,1828,31
S1-5x,259,4.958,12.42,12.40,0.0621,1788,30
S1-5x,260,4.970,12.12,12.10,0.0606,1828,30
S1-5x,261,4.981,11.67,11.69,0.0583,1880,30
S1-5x,262,4.993,11.40,11.40,0.0570,1828,28
S1-5x,263,5.004,11.09,11.10,0.0554,1828,28
S1-5x,264,5.015,10.81,10.80,0.0540,18244,27
S1-5x,265,5.025,10.72,10.70,0.0536,1748,25
S1-5x,266,5.036,10.69,10.71,0.0535,1708,25
S1-5x,267,5.047,10.68,10.68,0.0534,1828,21
S1-5x,268,5.058,11.70,11.70,0.0585,1876,17
S1-5x,269,5.070,11.72,11.71,0.0586,1668,14
S1-5x,270,5.081,11.20,11.19,0.0560,1748,11
S1-5x,271,5.091,9.68,9.71,0.0484,1024,11
S1-5x,272,5.101,10.22,10.20,0.0511,1828,9
S1-5x,273,5.111,10.19,10.20,0.0509,1788,6
S1-5x,274,5.122,10.12,10.10,0.0506,1668,4
S1-5x,275,5.131,9.79,9.79,0.0490,1588,0
S1-5x,276,5.143,11.58,11.50,0.0579,5579,1
S1-5x,277,5.155,12.52,12.59,0.0626,188244,6
S1-5x,278,5.167,12.04,12.00,0.0602,187440,13
S1-5x,279,5.179,11.90,11.90,0.0595,187440,19
S1-5x,280,5.190,10.94,10.99,0.0547,187492,25
S1-5x,281,5.201,10.62,10.59,0.0531,187440,30
S1-5x,282,5.211,10.40,10.41,0.0520,94232,35
S1-5x,283,5.221,9.80,9.80,0.0490,944,41
S1-5x,284,5.230,9.40,9.40,0.0470,1024,45
S1-5x,285,5.240,9.28,9.29,0.0464,1024,50
S1-5x,286,5.250,9.90,9.90,0.0495,1828,55
S1-5x,287,5.260,9.96,9.90,0.0498,1568,60
S1-5x,288,5.271,10.96,10.99,0.0548,1024,65
S1-5x,289,5.281,10.10,10.11,0.0505,1024,70
S1-5x,290,5.290,9.58,9.59,0.0479,1024,75
S1-5x,291,5.301,10.47,10.21,0.0523,1924,80
S1-5x,292,5.311,10.09,10.30,0.0505,1024,85
S1-5x,293,5.321,10.66,10.70,0.0533,1828,90
S1-5x,294,5.332,10.52,10.50,0.0526,1152,96
S1-5x,295,5.343,10.55,10.58,0.0527,1828,101
S1-5x,296,5.353,10.34,10.32,0.0517,1828,106
S1-5x,297,5.363,10.20,10.18,0.0510,1828,111
S1-5x,298,5.373,9.88,9.90,0.0494,1152,116
S1-5x,299,5.383,10.51,10.50,0.0526,1024,121
S1-5x,300,5.394,10.88,10.90,0.0544,2008,127
S1-5x,301,5.405,10.22,10.20,0.0511,1024,132
S1-5x,302,5.416,11.00,11.00,0.0550,1996,137
S1-5x,303,5.426,10.37,10.40,0.0519,960,143
S1-5x,304,5.436,10.11,10.09,0.0506,1152,148
S1-5x,305,5.448,11.59,11.60,0.0580,1828,153
S1-5x,306,5.460,11.93,11.91,0.0596,1828,159
S1-5x,307,5.472,12.40,12.39,0.0620,1898,163
S1-5x,308,5.484,12.00,12.00,0.0600,1796,168
S1-5x,309,5.495,11.39,11.40,0.0569,984,174
S1-5x,310,5.507,11.81,11.79,0.0590,1210,180
S1-5x,311,5.519,12.19,12.20,0.0609,1828,185
S1-5x,312,5.531,11.40,11.39,0.0570,1024,192
S1-5x,313,5.542,11.60,11.61,0.0580,1828,197
S1-5x,314,5.554,11.20,11.19,0.0560,1788,203
S1-5x,315,5.565,11.09,11.09,0.0555,1024,209
S1-5x,316,5.576,11.72,11.71,0.0586,1828,214
S1-5x,317,5.588,11.94,11.93,0.0597,1828,220
S1-5x,318,5.600,11.36,11.37,0.0568,1880,226
S1-5x,319,5.611,10.92,10.90,0.0546,1024,232
S1-5x,320,5.622,11.78,11.78,0.0589,1024,237
S1-5x,321,5.634,11.71,11.71,0.0585,1024,243
S1-5x,322,5.645,11.38,11.38,0.0569,1024,249
S1-5x,323,5.657,12.01,12.00,0.0600,1828,255
S1-5x,324,5.671,13.32,13.31,0.0666,1210,261
S1-5x,325,5.685,14.43,14.39,0.0722,1828,267
S1-5x,326,5.700,15.06,15.09,0.0753,1828,273
S1-5x,327,5.716,15.38,15.41,0.0769,1788,280
S1-5x,328,5.730,14.42,14.40,0.0721,1828,286
S1-5x,329,5.745,15.00,15.00,0.0750,1748,290
S1-5x,330,5.761,15.73,15.69,0.0786,1628,295
S1-5x,331,5.775,14.37,14.39,0.0718,1828,303
S1-5x,332,5.790,14.59,14.59,0.0729,1956,308
S1-5x,333,5.804,14.00,14.00,0.0700,1720,314
S1-5x,334,5.817,13.64,13.59,0.0682,1828,321
S1-5x,335,5.832,14.47,14.51,0.0724,1210,323
S1-5x,336,5.844,12.49,12.50,0.0625,1748,329
S1-5x,337,5.857,12.26,12.22,0.0613,1748,334
S1-5x,338,5.870,13.85,13.87,0.0692,1828,340
S1-5x,339,5.886,15.03,15.00,0.0751,1956,344
S1-5x,340,5.899,13.56,13.59,0.0678,1788,350
S1-5x,341,5.911,12.29,12.28,0.0614,904,356
S1-5x,342,5.925,13.83,13.82,0.0692,2172,363
S1-5x,343,5.939,13.78,13.79,0.0689,1828,369
S1-5x,344,5.953,14.41,14.40,0.0720,1828,371
S1-5x,345,5.967,13.79,13.80,0.0689,1748,379
S1-5x,346,5.981,13.61,13.59,0.0680,1024,385
S1-5x,347,5.994,12.94,12.92,0.0647,1024,392
S1-5x,348,6.007,12.89,12.89,0.0645,996,399
S1-5x,349,6.020,13.47,13.50,0.0673,1828,403
S1-5x,350,6.035,14.44,14.40,0.0722,1788,400
S1-5x,351,6.049,14.94,15.00,0.0747,1748,404
S1-5x,352,6.065,15.05,15.00,0.0753,1828,400
S1-5x,353,6.079,14.25,14.28,0.0712,1668,398
S1-5x,354,6.091,12.66,12.61,0.0633,1708,399
S1-5x,355,6.107,15.47,15.49,0.0774,1708,397
S1-5x,356,6.122,15.02,15.01,0.0751,1708,402
S1-5x,357,6.135,12.96,12.97,0.0648,904,410
S1-5x,358,6.148,13.12,13.10,0.0656,1828,415
S1-5x,359,6.162,14.30,14.31,0.0715,984,422
S1-5x,360,6.176,13.98,13.99,0.0699,1828,429
S1-5x,361,6.190,13.87,13.88,0.0694,1828,435
S1-5x,362,6.204,13.53,13.51,0.0676,1828,442
S1-5x,363,6.218,14.52,14.50,0.0726,1204,449
S1-5x,364,6.233,14.98,14.99,0.0749,1196,456
S1-5x,365,6.248,14.99,15.00,0.0750,1956,461
S1-5x,366,6.265,16.61,16.58,0.0831,1338,466
S1-5x,367,6.282,17.39,17.42,0.0870,1876,470
S1-5x,368,6.303,20.60,20.60,0.1030,10893,478
S1-5x,369,6.326,23.64,23.61,0.1182,10816,468
S1-5x,370,6.357,30.14,30.18,0.1507,36492,456
S1-5x,371,6.386,29.24,29.20,0.1462,26912,467
S1-5x,372,6.406,20.27,20.30,0.1013,1668,467
S1-5x,373,6.423,16.83,16.80,0.0842,916,477
S1-5x,374,6.439,15.66,15.68,0.0783,1991,485
S1-5x,375,6.454,15.32,15.31,0.0766,1828,493
S1-5x,376,6.470,16.33,16.32,0.0817,1828,501
S1-5x,377,6.487,16.87,16.88,0.0843,1828,509
S1-5x,378,6.504,16.73,16.70,0.0836,1788,515
S1-5x,379,6.521,17.07,17.08,0.0853,1748,518
S1-5x,380,6.537,16.27,16.29,0.0814,1872,520
S1-5x,381,6.553,15.52,15.51,0.0776,1828,520
S1-5x,382,6.568,15.75,15.71,0.0787,1956,520
S1-5x,383,6.586,17.58,17.60,0.0879,3908,518
S1-5x,384,6.603,17.46,17.48,0.0873,1828,510
S1-5x,385,6.622,18.08,18.02,0.0904,1588,477
S1-5x,386,6.639,17.13,17.18,0.0857,1640,474
S1-5x,387,6.654,15.71,15.70,0.0786,1668,464
S1-5x,388,6.669,14.34,14.32,0.0717,1024,464
S1-5x,389,6.683,13.86,13.86,0.0693,1788,463
S1-5x,390,6.698,15.09,15.11,0.0754,1828,463
S1-5x,391,6.712,14.70,14.69,0.0735,3104,463
S1-5x,392,6.728,15.15,15.12,0.0758,1788,453
S1-5x,393,6.744,16.66,16.68,0.0833,1756,445
S1-5x,394,6.761,17.29,17.30,0.0864,1588,438
S1-5x,395,6.779,17.06,17.02,0.0853,1588,435
S1-5x,396,6.795,16.54,16.56,0.0827,1796,434
S1-5x,397,6.812,16.89,16.90,0.0845,1708,425
S1-5x,398,6.829,17.24,17.21,0.0862,1588,409
S1-5x,399,6.847,17.41,17.40,0.0870,1728,393
S1-5x,400,6.862,15.67,15.70,0.0783,1588,393
S1-5x,401,6.878,15.91,15.90,0.0795,1828,388
S1-5x,402,6.895,16.91,16.90,0.0846,1130,388
S1-5x,403,6.911,15.80,15.79,0.0790,1828,388
S1-5x,404,6.928,17.03,17.00,0.0852,1828,386
S1-5x,405,6.945,17.51,17.53,0.0875,1668,373
S1-5x,406,6.963,17.66,17.65,0.0883,1628,359
S1-5x,407,6.980,16.79,16.81,0.0839,1628,352
S1-5x,408,6.996,15.69,15.70,0.0785,1588,344
S1-5x,409,7.013,17.50,17.50,0.0875,1828,329
S1-5x,410,7.032,18.54,18.50,0.0927,1828,307
S1-5x,411,7.048,15.86,15.88,0.0793,1880,307
S1-5x,412,7.063,15.31,15.31,0.0765,1868,305
S1-5x,413,7.078,15.50,15.50,0.0775,1828,302
S1-5x,414,7.092,13.89,13.89,0.0694,1828,302
S1-5x,415,7.108,15.39,15.39,0.0770,1828,302
S1-5x,416,7.124,16.02,16.01,0.0801,1956,298
S1-5x,417,7.140,16.08,16.08,0.0804,1828,292
S1-5x,418,7.156,16.23,16.21,0.0811,1210,289
S1-5x,419,7.173,17.09,17.10,0.0854,2084,286
S1-5x,420,7.191,18.47,18.48,0.0923,1956,261
S1-5x,421,7.209,17.17,17.11,0.0858,1828,244
S1-5x,422,7.225,16.24,16.28,0.0812,2044,236
S1-5x,423,7.240,15.34,15.32,0.0767,1828,224
S1-5x,424,7.254,14.07,14.09,0.0703,1880,224
S1-5x,425,7.270,15.60,15.58,0.0780,1956,217
S1-5x,426,7.284,14.51,14.51,0.0726,1828,211
S1-5x,427,7.298,13.69,13.69,0.0685,1210,211
S1-5x,428,7.314,15.46,15.21,0.0773,1828,201
S1-5x,429,7.330,16.17,16.39,0.0809,1828,200
S1-5x,430,7.345,15.66,15.70,0.0783,1828,200
S1-5x,431,7.361,15.99,15.99,0.0800,1828,198
S1-5x,432,7.377,15.47,15.41,0.0774,1708,197
S1-5x,433,7.392,15.53,15.57,0.0776,1828,192
S1-5x,434,7.407,14.82,14.82,0.0741,1788,191
S1-5x,435,7.422,14.80,14.80,0.0740,1788,191
S1-5x,436,7.437,15.09,15.09,0.0754,1788,177
S1-5x,437,7.452,14.53,14.51,0.0727,1788,173
S1-5x,438,7.465,13.49,13.49,0.0675,1840,173
S1-5x,439,7.480,15.02,15.00,0.0751,1788,170
S1-5x,440,7.495,15.15,15.18,0.0758,1916,166
S1-5x,441,7.510,14.54,14.50,0.0727,1788,166
S1-5x,442,7.525,14.95,14.99,0.0748,1756,165
S1-5x,443,7.541,15.83,15.80,0.0791,1788,163
S1-5x,444,7.556,15.29,15.30,0.0765,1916,163
S1-5x,445,7.572,15.73,15.70,0.0786,1916,163
S1-5x,446,7.586,14.77,14.80,0.0739,1916,162
S1-5x,447,7.601,14.22,14.21,0.0711,2212,162
S1-5x,448,7.616,14.88,14.88,0.0744,1170,161
S1-5x,449,7.631,15.80,15.78,0.0790,1756,159
S1-5x,450,7.647,16.07,16.10,0.0804,2212,159
S1-5x,451,7.663,15.93,15.91,0.0796,1956,159
S1-5x,452,7.679,15.31,15.31,0.0766,2016,157
S1-5x,453,7.695,15.89,15.89,0.0794,1916,157
S1-5x,454,7.710,15.62,15.60,0.0781,1426,157
S1-5x,455,7.726,15.60,15.59,0.0780,1828,157
S1-5x,456,7.742,15.85,15.89,0.0792,1466,157
S1-5x,457,7.758,16.24,16.20,0.0812,2212,154
S1-5x,458,7.774,16.11,16.12,0.0806,1828,153
S1-5x,459,7.791,17.04,17.07,0.0852,2212,152
S1-5x,460,7.808,16.61,16.61,0.0830,1956,152
S1-5x,461,7.823,15.83,15.80,0.0792,1956,149
S1-5x,462,7.840,16.99,17.00,0.0849,2004,145
S1-5x,463,7.858,17.13,17.11,0.0856,5236,144
S1-5x,464,7.873,15.08,15.09,0.0754,1708,140
S1-5x,465,7.886,13.58,13.60,0.0679,1840,140
S1-5x,466,7.901,14.29,14.30,0.0715,1956,135
S1-5x,467,7.914,13.80,13.79,0.0690,1708,135
S1-5x,468,7.928,13.79,13.80,0.0690,2795,134
S1-5x,469,7.943,15.25,15.21,0.0763,1748,133
S1-5x,470,7.958,14.76,14.79,0.0738,1788,132
S1-5x,471,7.973,14.50,14.49,0.0725,1828,132
S1-5x,472,7.987,13.93,13.90,0.0696,1828,129
S1-5x,473,8.000,13.48,13.49,0.0674,1828,128
S1-5x,474,8.014,14.10,14.10,0.0705,1170,126
S1-5x,475,8.027,13.15,13.11,0.0657,1788,125
S1-5x,476,8.041,13.37,13.39,0.0668,1748,122
S1-5x,477,8.055,13.91,13.90,0.0695,1170,119
S1-5x,478,8.067,12.97,12.99,0.0648,1828,116
S1-5x,479,8.080,12.42,12.40,0.0621,1748,116
S1-5x,480,8.094,14.10,14.10,0.0705,1880,116
S1-5x,481,8.108,13.62,13.59,0.0681,1828,116
S1-5x,482,8.121,13.67,13.70,0.0684,1828,114
S1-5x,483,8.136,14.40,14.40,0.0720,1828,112
S1-5x,484,8.150,14.19,14.20,0.0710,1170,110
S1-5x,485,8.164,14.01,13.99,0.0701,1708,109
S1-5x,486,8.178,14.03,14.02,0.0701,1828,108
S1-5x,487,8.190,12.36,12.38,0.0618,1788,108
S1-5x,488,8.203,13.00,12.99,0.0650,1828,108
S1-5x,489,8.216,12.42,12.40,0.0621,1956,108
S1-5x,490,8.228,12.20,12.21,0.0610,1828,108
S1-5x,491,8.240,11.67,11.69,0.0583,1024,108
S1-5x,492,8.251,11.74,11.71,0.0587,1828,108
S1-5x,493,8.264,12.29,12.29,0.0615,1956,108
S1-5x,494,8.277,13.14,13.10,0.0657,1828,108
S1-5x,495,8.290,12.76,12.79,0.0638,1828,108
S1-5x,496,8.302,12.63,12.60,0.0632,1880,107
S1-5x,497,8.315,13.28,13.30,0.0664,1956,105
S1-5x,498,8.328,12.60,12.60,0.0630,1788,103
S1-5x,499,8.340,12.07,12.10,0.0603,1788,99
S1-5x,500,8.351,11.13,11.10,0.0557,1788,99
S1-5x,501,8.362,11.08,11.09,0.0554,1788,99
S1-5x,502,8.373,10.71,10.70,0.0535,1788,99
S1-5x,503,8.383,10.05,10.01,0.0502,984,99
S1-5x,504,8.394,11.24,11.28,0.0562,1748,97
S1-5x,505,8.404,10.12,10.10,0.0506,1024,97
S1-5x,506,8.415,10.77,10.79,0.0539,1828,94
S1-5x,507,8.426,10.81,10.80,0.0540,1828,91
S1-5x,508,8.437,10.92,10.91,0.0546,1828,91
S1-5x,509,8.447,9.88,9.89,0.0494,1828,91
S1-5x,510,8.458,10.89,10.88,0.0544,1828,79
S1-5x,511,8.468,10.22,10.20,0.0511,1788,79
S1-5x,512,8.478,10.60,10.61,0.0530,1788,63
S1-5x,513,8.488,10.00,10.00,0.0500,1748,54
S1-5x,514,8.497,8.88,8.90,0.0444,1668,54
S1-5x,515,8.507,9.32,9.29,0.0466,1880,54
S1-5x,516,8.515,8.71,8.70,0.0435,1024,54
S1-5x,517,8.524,8.59,8.60,0.0430,1024,54
S1-5x,518,8.533,8.90,8.90,0.0445,1956,54
S1-5x,519,8.541,8.41,8.40,0.0420,1024,54
S1-5x,520,8.549,8.19,8.21,0.0410,1024,54
S1-5x,521,8.558,8.78,8.79,0.0439,1748,50
S1-5x,522,8.567,9.07,9.00,0.0454,1828,48
S1-5x,523,8.577,9.39,9.40,0.0469,1788,42
S1-5x,524,8.586,9.06,9.09,0.0453,1788,42
S1-5x,525,8.595,9.10,9.10,0.0455,1210,39
S1-5x,526,8.604,8.90,8.90,0.0445,1788,38
S1-5x,527,8.612,8.60,8.60,0.0430,1024,38
S1-5x,528,8.621,8.40,8.41,0.0420,1024,38
S1-5x,529,8.630,8.90,8.89,0.0445,1828,38
S1-5x,530,8.638,8.62,8.63,0.0431,1024,38
S1-5x,531,8.646,7.98,7.97,0.0399,1024,38
S1-5x,532,8.655,8.61,8.60,0.0430,1828,37
S1-5x,533,8.664,9.08,9.09,0.0454,1828,37
S1-5x,534,8.672,8.51,8.50,0.0425,1024,37
S1-5x,535,8.681,8.32,8.30,0.0416,1024,37
S1-5x,536,8.689,8.67,8.70,0.0434,1956,37
S1-5x,537,8.699,9.31,9.29,0.0466,1828,35
S1-5x,538,8.707,8.59,8.60,0.0430,1076,35
S1-5x,539,8.716,8.85,8.81,0.0442,1828,33
S1-5x,540,8.726,9.39,9.39,0.0469,1916,31
S1-5x,541,8.736,10.26,10.29,0.0513,1956,18
S1-5x,542,8.745,9.04,9.01,0.0452,1210,17
S1-5x,543,8.755,9.61,9.59,0.0481,1828,14
S1-5x,544,8.765,10.15,10.18,0.0508,1828,9
S1-5x,545,8.774,9.70,9.71,0.0485,1788,7
S1-5x,546,8.784,9.29,9.30,0.0465,1956,7
S1-5x,547,8.793,9.42,9.40,0.0471,1828,5
S1-5x,548,8.803,9.78,9.79,0.0489,1748,3
S1-5x,549,8.812,9.01,8.99,0.0450,1708,2
S1-5x,550,8.821,8.73,8.72,0.0437,1024,2
S1-5x,551,8.829,8.08,8.09,0.0404,1024,2
S1-5x,552,8.837,8.59,8.60,0.0429,1828,0
S1-5x,553,8.846,8.79,8.79,0.0440,4352,1
S1-5x,554,8.857,10.83,10.81,0.0542,188244,4
S1-5x,555,8.868,10.81,10.80,0.0541,188244,9
S1-5x,556,8.878,10.48,10.50,0.0524,187440,15
S1-5x,557,8.888,10.11,10.13,0.0506,187440,20
S1-5x,558,8.899,10.20,10.16,0.0510,187440,25
S1-5x,559,8.909,10.61,10.60,0.0531,187440,30
S1-5x,560,8.919,9.43,9.40,0.0471,1880,35
S1-5x,561,8.928,9.35,9.39,0.0467,944,40
S1-5x,562,8.936,8.58,8.59,0.0429,1024,45
S1-5x,563,8.945,8.41,8.41,0.0421,1024,49
S1-5x,564,8.954,8.70,8.70,0.0435,1024,53
S1-5x,565,8.963,9.41,9.40,0.0471,1828,58
S1-5x,566,8.972,9.49,9.50,0.0475,1024,62
S1-5x,567,8.982,9.80,9.80,0.0490,1024,67
S1-5x,568,8.992,9.49,9.50,0.0475,1024,72
S1-5x,569,9.001,9.30,9.30,0.0465,1024,77
S1-5x,570,9.011,10.01,10.01,0.0501,1828,81
S1-5x,571,9.020,9.38,9.39,0.0469,1024,86
S1-5x,572,9.030,9.95,9.91,0.0497,1280,91
S1-5x,573,9.041,10.14,10.18,0.0507,1828,96
S1-5x,574,9.051,10.13,10.11,0.0507,1024,101
S1-5x,575,9.060,9.20,9.20,0.0460,1024,106
S1-5x,576,9.069,9.08,9.09,0.0454,1024,111
S1-5x,577,9.078,9.29,9.30,0.0465,1280,115
S1-5x,578,9.088,9.91,9.90,0.0495,1024,120
S1-5x,579,9.098,9.39,9.40,0.0470,1024,125
S1-5x,580,9.108,10.21,10.20,0.0511,1024,130
S1-5x,581,9.118,10.54,10.51,0.0527,1828,135
S1-5x,582,9.129,10.36,10.38,0.0518,1332,140
S1-5x,583,9.139,10.12,10.10,0.0506,1828,145
S1-5x,584,9.149,10.27,10.29,0.0513,1024,150
S1-5x,585,9.160,11.05,11.03,0.0553,1828,155
S1-5x,586,9.172,11.57,11.58,0.0578,1668,161
S1-5x,587,9.182,10.69,10.68,0.0535,1828,167
S1-5x,588,9.193,10.71,10.71,0.0535,1828,172
S1-5x,589,9.203,10.38,10.40,0.0519,1868,177
S1-5x,590,9.215,11.24,11.21,0.0562,1024,183
S1-5x,591,9.226,11.19,11.19,0.0559,1024,188
S1-5x,592,9.238,11.69,11.70,0.0584,1828,194
S1-5x,593,9.248,10.91,10.89,0.0545,1828,200
S1-5x,594,9.260,11.10,11.11,0.0555,1788,205
S1-5x,595,9.271,11.42,11.41,0.0571,1024,211
S1-5x,596,9.282,11.08,11.07,0.0554,1024,216
S1-5x,597,9.293,11.18,11.21,0.0559,1828,222
S1-5x,598,9.305,11.61,11.60,0.0580,1828,228
S1-5x,599,9.316,11.42,11.20,0.0571,1210,233
S1-5x,600,9.329,12.57,12.78,0.0629,1210,238
S1-5x,601,9.342,12.79,12.80,0.0640,1880,244
S1-5x,602,9.354,12.80,12.80,0.0640,1828,251
S1-5x,603,9.368,13.45,13.39,0.0672,1828,257
S1-5x,604,9.382,13.76,13.79,0.0688,1828,264
S1-5x,605,9.397,15.17,15.19,0.0759,1828,271
S1-5x,606,9.411,14.62,14.61,0.0731,1828,276
S1-5x,607,9.427,15.32,15.29,0.0766,1916,280
S1-5x,608,9.441,14.36,14.39,0.0718,1748,285
S1-5x,609,9.456,14.67,14.63,0.0733,1210,291
S1-5x,610,9.470,14.10,14.09,0.0705,1828,297
S1-5x,611,9.484,14.09,14.08,0.0704,1828,304
S1-5x,612,9.498,13.67,13.71,0.0684,1828,310
S1-5x,613,9.512,14.30,14.29,0.0715,1828,316
S1-5x,614,9.525,12.73,12.71,0.0637,1024,323
S1-5x,615,9.540,14.99,14.99,0.0750,1828,326
S1-5x,616,9.553,12.89,12.89,0.0644,1840,331
S1-5x,617,9.566,13.39,13.40,0.0669,2884,335
S1-5x,618,9.579,13.12,13.10,0.0656,1828,342
S1-5x,619,9.593,13.41,13.41,0.0671,1828,347
S1-5x,620,9.605,12.87,12.89,0.0644,1024,354
S1-5x,621,9.618,12.32,12.31,0.0616,1828,361
S1-5x,622,9.631,12.79,12.79,0.0639,1024,367
S1-5x,623,9.643,12.40,12.40,0.0620,1024,373
S1-5x,624,9.656,12.92,12.91,0.0646,1828,378
S1-5x,625,9.669,12.81,12.78,0.0641,1072,385
S1-5x,626,9.682,13.56,13.61,0.0678,1828,387
S1-5x,627,9.696,13.71,13.70,0.0686,1748,392
S1-5x,628,9.711,14.87,14.88,0.0744,1876,397
S1-5x,629,9.725,13.70,13.70,0.0685,1668,404
S1-5x,630,9.739,14.24,14.21,0.0712,1828,411
S1-5x,631,9.756,17.48,17.48,0.0874,1956,412
S1-5x,632,9.774,17.50,17.50,0.0875,1880,409
S1-5x,633,9.790,16.30,16.31,0.0815,1788,417
S1-5x,634,9.807,17.42,17.39,0.0871,1828,411
S1-5x,635,9.825,17.27,17.28,0.0863,1916,414
S1-5x,636,9.842,16.92,16.90,0.0846,1708,414
S1-5x,637,9.858,15.88,15.88,0.0794,1828,421
S1-5x,638,9.873,15.89,15.90,0.0794,1956,429
S1-5x,639,9.891,17.34,17.31,0.0867,1956,430
S1-5x,640,9.907,16.07,16.08,0.0804,1828,437
S1-5x,641,9.924,17.41,17.41,0.0871,1956,426
S1-5x,642,9.942,17.57,17.60,0.0878,1956,423
S1-5x,643,9.959,16.80,16.80,0.0840,1832,417
S1-5x,644,9.975,16.12,16.10,0.0806,1102,418
S1-5x,645,9.992,16.78,16.80,0.0839,1836,424
S1-5x,646,10.008,16.31,16.30,0.0816,1828,421
S1-5x,647,10.024,15.92,15.91,0.0796,1668,416
S1-5x,648,10.038,13.99,13.98,0.0700,1708,423
S1-5x,649,10.053,14.96,15.01,0.0748,1828,429
S1-5x,650,10.067,14.01,14.00,0.0701,1024,436
S1-5x,651,10.081,14.22,14.20,0.0711,1788,443
S1-5x,652,10.095,13.88,13.89,0.0694,1828,450
S1-5x,653,10.110,15.22,15.21,0.0761,1788,456
S1-5x,654,10.127,16.72,16.70,0.0836,1828,455
S1-5x,655,10.142,15.44,15.48,0.0772,1788,461
S1-5x,656,10.159,16.63,16.61,0.0832,1828,464
S1-5x,657,10.176,17.50,17.49,0.0875,1840,469
S1-5x,658,10.194,17.51,17.51,0.0876,1748,478
S1-5x,659,10.211,17.49,17.50,0.0874,1210,476
S1-5x,660,10.228,16.41,16.40,0.0821,1916,485
S1-5x,661,10.245,16.77,16.79,0.0839,1828,492
S1-5x,662,10.262,17.41,17.40,0.0871,22872,493
S1-5x,663,10.278,16.19,16.19,0.0809,1796,489
S1-5x,664,10.294,16.19,16.20,0.0810,1708,489
S1-5x,665,10.311,17.01,17.00,0.0850,1210,480
S1-5x,666,10.328,16.32,16.30,0.0816,1956,475
S1-5x,667,10.344,16.38,16.40,0.0819,1668,473
S1-5x,668,10.361,17.11,17.10,0.0856,1828,463
S1-5x,669,10.376,15.30,15.30,0.0765,1760,463
S1-5x,670,10.391,14.54,14.51,0.0727,1828,463
S1-5x,671,10.406,15.36,15.38,0.0768,1828,462
S1-5x,672,10.421,14.62,14.61,0.0731,1788,462
S1-5x,673,10.436,15.03,15.01,0.0751,1828,461
S1-5x,674,10.451,14.76,14.78,0.0738,1588,450
S1-5x,675,10.467,16.42,16.40,0.0821,1828,445
S1-5x,676,10.484,16.67,16.69,0.0833,1668,437
S1-5x,677,10.500,15.79,15.79,0.0789,1668,434
S1-5x,678,10.515,15.83,15.81,0.0791,1588,426
S1-5x,679,10.532,16.32,16.30,0.0816,1588,425
S1-5x,680,10.547,15.31,15.31,0.0766,1668,425
S1-5x,681,10.562,15.06,15.08,0.0753,1628,424
S1-5x,682,10.578,15.72,15.70,0.0786,1880,424
S1-5x,683,10.593,14.75,14.78,0.0738,1828,423
S1-5x,684,10.609,16.33,16.32,0.0817,1828,422
S1-5x,685,10.625,16.30,16.30,0.0815,1828,420
S1-5x,686,10.640,15.19,15.19,0.0760,1588,418
S1-5x,687,10.658,17.40,17.40,0.0870,1748,413
S1-5x,688,10.675,17.01,17.00,0.0850,1170,413
S1-5x,689,10.692,17.02,16.99,0.0851,1828,410
S1-5x,690,10.710,17.71,17.71,0.0886,1628,408
S1-5x,691,10.727,17.23,17.18,0.0861,1628,408
S1-5x,692,10.746,19.04,19.09,0.0952,1828,403
S1-5x,693,10.764,18.32,18.30,0.0916,1668,396
S1-5x,694,10.785,20.59,20.60,0.1030,1968,396
S1-5x,695,10.804,19.49,19.49,0.0975,1788,390
S1-5x,696,10.825,20.89,20.90,0.1045,2044,373
S1-5x,697,10.844,18.98,18.93,0.0949,1788,369
S1-5x,698,10.865,20.74,20.78,0.1037,1916,369
S1-5x,699,10.886,21.12,21.10,0.1056,2044,369
S1-5x,700,10.908,21.54,21.57,0.1077,1916,363
S1-5x,701,10.932,24.33,24.31,0.1216,2851,340
S1-5x,702,10.955,23.50,23.51,0.1175,2004,326
S1-5x,703,10.977,21.81,21.80,0.1090,1788,294
S1-5x,704,10.996,18.77,18.78,0.0938,2512,294
S1-5x,705,11.017,20.82,20.82,0.1041,4932,264
S1-5x,706,11.034,17.32,17.30,0.0866,1916,262
S1-5x,707,11.051,16.90,16.90,0.0845,4932,261
S1-5x,708,11.070,18.90,18.90,0.0945,3488,253
S1-5x,709,11.088,18.55,18.54,0.0927,4892,253
S1-5x,710,11.106,17.95,17.95,0.0898,1876,250
S1-5x,711,11.123,16.67,16.69,0.0834,1876,250
S1-5x,712,11.140,16.71,16.70,0.0836,2004,250
S1-5x,713,11.157,16.91,16.89,0.0845,1876,249
S1-5x,714,11.174,17.38,17.40,0.0869,1562,249
S1-5x,715,11.191,16.55,16.52,0.0827,1916,249
S1-5x,716,11.209,18.38,18.38,0.0919,2096,240
S1-5x,717,11.229,20.02,20.01,0.1001,2340,239
S1-5x,718,11.248,19.03,19.07,0.0952,2004,239
S1-5x,719,11.267,19.47,19.41,0.0973,1916,239
S1-5x,720,11.288,20.89,20.94,0.1044,2172,235
S1-5x,721,11.309,21.06,21.06,0.1053,5775,235
S1-5x,722,11.328,18.79,18.59,0.0940,1916,233
S1-5x,723,11.347,18.61,18.81,0.0930,3364,226
S1-5x,724,11.365,17.72,17.69,0.0886,1298,215
S1-5x,725,11.382,17.30,17.30,0.0865,1788,206
S1-5x,726,11.398,16.53,16.50,0.0827,1788,205
S1-5x,727,11.415,16.36,16.39,0.0818,1800,205
S1-5x,728,11.431,16.40,16.40,0.0820,1788,204
S1-5x,729,11.448,16.79,16.78,0.0839,1788,197
S1-5x,730,11.466,18.41,18.41,0.0920,9668,193
S1-5x,731,11.482,16.11,16.11,0.0805,1916,193
S1-5x,732,11.498,15.69,15.69,0.0784,1788,193
S1-5x,733,11.513,15.29,15.30,0.0765,1916,192
S1-5x,734,11.529,15.10,15.10,0.0755,1788,192
S1-5x,735,11.545,16.03,16.01,0.0802,1876,191
S1-5x,736,11.560,15.41,15.40,0.0771,1748,190
S1-5x,737,11.575,15.54,15.58,0.0777,1748,189
S1-5x,738,11.590,14.52,14.51,0.0726,1748,189
S1-5x,739,11.605,14.81,14.79,0.0741,1748,188
S1-5x,740,11.620,15.07,15.08,0.0753,1800,185
S1-5x,741,11.634,14.10,14.11,0.0705,1748,185
S1-5x,742,11.648,14.21,14.20,0.0711,1130,180
S1-5x,743,11.664,15.41,15.41,0.0771,1876,173
S1-5x,744,11.678,14.42,14.40,0.0721,1836,169
S1-5x,745,11.692,14.28,14.29,0.0714,1258,165
S1-5x,746,11.706,14.02,14.00,0.0701,1748,165
S1-5x,747,11.720,13.67,13.69,0.0684,1258,165
S1-5x,748,11.733,13.21,13.20,0.0660,1836,163
S1-5x,749,11.747,13.40,13.40,0.0670,1748,160
S1-5x,750,11.760,13.73,13.70,0.0686,2004,147
S1-5x,751,11.774,13.54,13.58,0.0677,1876,147
S1-5x,752,11.787,13.11,13.10,0.0656,1170,147
S1-5x,753,11.798,11.46,11.49,0.0573,1788,147
S1-5x,754,11.810,11.55,11.51,0.0577,1788,147
S1-5x,755,11.822,12.09,12.10,0.0605,1840,147
S1-5x,756,11.835,12.43,12.41,0.0621,1828,147
S1-5x,757,11.848,12.97,12.97,0.0649,1788,147
S1-5x,758,11.860,12.49,12.50,0.0624,1828,147
S1-5x,759,11.873,12.93,12.91,0.0647,1788,147
S1-5x,760,11.886,12.90,12.90,0.0645,1788,147
S1-5x,761,11.898,12.47,12.49,0.0623,1788,147
S1-5x,762,11.910,12.03,12.01,0.0601,1788,147
S1-5x,763,11.923,12.88,12.90,0.0644,1788,147
S1-5x,764,11.936,12.82,12.80,0.0641,1748,147
S1-5x,765,11.948,11.85,11.88,0.0593,1024,147
S1-5x,766,11.960,11.74,11.71,0.0587,1828,147
S1-5x,767,11.971,11.59,11.60,0.0580,1956,147
S1-5x,768,11.983,11.79,11.80,0.0589,1828,147
S1-5x,769,11.995,11.57,11.59,0.0579,1956,146
S1-5x,770,12.006,11.52,11.50,0.0576,1828,146
S1-5x,771,12.018,11.72,11.70,0.0586,1828,146
S1-5x,772,12.030,11.71,11.70,0.0585,1880,146
S1-5x,773,12.041,11.35,11.39,0.0567,1828,146
S1-5x,774,12.053,11.72,11.70,0.0586,1828,146
S1-5x,775,12.063,10.80,10.80,0.0540,1024,146
S1-5x,776,12.074,10.92,10.90,0.0546,1828,146
S1-5x,777,12.086,11.41,11.41,0.0570,1828,146
S1-5x,778,12.097,11.58,11.59,0.0579,1828,146
S1-5x,779,12.109,11.34,11.32,0.0567,1956,146
S1-5x,780,12.120,11.66,11.68,0.0583,1956,146
S1-5x,781,12.132,11.71,11.69,0.0585,1828,145
S1-5x,782,12.143,11.09,11.11,0.0554,1748,144
S1-5x,783,12.155,11.41,11.40,0.0571,1956,144
S1-5x,784,12.166,11.30,11.30,0.0565,1828,143
S1-5x,785,12.177,11.32,11.31,0.0566,1828,142
S1-5x,786,12.188,11.26,11.28,0.0563,1828,142
S1-5x,787,12.199,10.21,10.21,0.0510,1152,142
S1-5x,788,12.209,9.91,9.90,0.0495,1024,142
S1-5x,789,12.220,11.59,11.59,0.0580,1956,142
S1-5x,790,12.231,11.30,11.30,0.0565,1880,142
S1-5x,791,12.242,10.59,10.59,0.0529,1828,142
S1-5x,792,12.253,11.43,11.41,0.0572,1828,140
S1-5x,793,12.265,11.81,11.81,0.0591,1956,139
S1-5x,794,12.277,11.28,11.29,0.0564,1828,138
S1-5x,795,12.287,10.79,10.79,0.0539,1828,138
S1-5x,796,12.298,10.70,10.70,0.0535,1828,138
S1-5x,797,12.309,10.52,10.51,0.0526,1152,138
S1-5x,798,12.320,11.09,11.09,0.0554,1788,137
S1-5x,799,12.332,12.41,12.40,0.0621,1828,133
S1-5x,800,12.344,11.51,11.51,0.0576,984,133
S1-5x,801,12.356,12.09,12.09,0.0604,1828,133
S1-5x,802,12.368,12.72,12.70,0.0636,1828,133
S1-5x,803,12.381,12.75,12.78,0.0637,1956,131
S1-5x,804,12.396,14.80,14.79,0.0740,1828,129
S1-5x,805,12.410,14.48,14.41,0.0724,1210,125
S1-5x,806,12.426,16.04,16.09,0.0802,1956,121
S1-5x,807,12.441,14.76,14.79,0.0738,1880,121
S1-5x,808,12.458,16.74,16.71,0.0837,1828,121
S1-5x,809,12.475,16.73,16.71,0.0837,1956,121
S1-5x,810,12.492,17.15,17.19,0.0858,1170,120
S1-5x,811,12.511,18.93,18.90,0.0947,1828,119
S1-5x,812,12.530,18.80,18.80,0.0940,1828,116
S1-5x,813,12.548,18.86,18.89,0.0943,1828,111
S1-5x,814,12.568,19.93,19.91,0.0997,1828,110
S1-5x,815,12.587,19.00,19.01,0.0950,1956,110
S1-5x,816,12.608,20.28,20.30,0.1014,1828,108
S1-5x,817,12.629,21.76,21.71,0.1088,1788,103
S1-5x,818,12.648,18.96,18.98,0.0948,1800,103
S1-5x,819,12.667,19.11,19.11,0.0955,1748,98
S1-5x,820,12.688,20.39,20.40,0.1020,1828,96
S1-5x,821,12.706,18.31,18.29,0.0915,1828,96
S1-5x,822,12.725,18.81,18.81,0.0940,1828,96
S1-5x,823,12.742,17.39,17.40,0.0869,1828,96
S1-5x,824,12.760,18.06,18.01,0.0903,1828,96
S1-5x,825,12.780,19.14,19.18,0.0957,1956,95
S1-5x,826,12.797,17.79,17.80,0.0890,1828,94
S1-5x,827,12.816,18.73,18.70,0.0936,1828,94
S1-5x,828,12.837,20.80,20.81,0.1040,1956,94
S1-5x,829,12.855,18.27,18.29,0.0913,1880,93
S1-5x,830,12.874,18.92,18.90,0.0946,1828,93
S1-5x,831,12.893,19.19,19.20,0.0959,1996,84
S1-5x,832,12.914,20.32,20.30,0.1016,1298,80
S1-5x,833,12.933,19.12,19.10,0.0956,1788,73
S1-5x,834,12.952,18.99,18.99,0.0949,1828,68
S1-5x,835,12.970,18.48,18.49,0.0924,1956,62
S1-5x,836,12.988,17.41,17.39,0.0871,1828,62
S1-5x,837,13.003,15.57,15.60,0.0778,1828,61
S1-5x,838,13.019,15.67,15.61,0.0783,1956,59
S1-5x,839,13.035,16.08,16.11,0.0804,1876,53
S1-5x,840,13.050,15.39,15.39,0.0769,1788,49
S1-5x,841,13.064,14.08,14.09,0.0704,1880,47
S1-5x,842,13.079,14.52,14.50,0.0726,1956,46
S1-5x,843,13.093,14.29,14.30,0.0714,1828,42
S1-5x,844,13.107,14.30,14.29,0.0715,1828,40
S1-5x,845,13.122,14.40,14.40,0.0720,1796,39
S1-5x,846,13.136,13.91,13.90,0.0695,970,27
S1-5x,847,13.149,13.29,13.30,0.0664,1668,24
S1-5x,848,13.163,13.72,13.70,0.0686,1548,12
S1-5x,849,13.176,12.87,12.89,0.0644,1748,5
S1-5x,850,13.187,11.73,11.71,0.0586,1708,5
S1-5x,851,13.199,11.48,11.48,0.0574,1748,2
S1-5x,852,13.209,10.42,10.40,0.0521,984,2
S1-5x,853,13.220,10.69,10.69,0.0535,1828,2
S1-5x,854,13.230,9.98,10.00,0.0499,1024,2
S1-5x,855,13.239,9.59,9.60,0.0479,1956,2
S1-5x,856,13.249,9.40,9.40,0.0470,1668,0
