run,frame,time,realMs,mainMs,gameDt,gcBytes,enemies
S1-1x,0,0.000,40.56,41.01,0.0406,1193376,10
S1-1x,1,0.017,24.29,24.39,0.0243,523532,14
S1-1x,2,0.035,14.26,14.30,0.0143,281994,16
S1-1x,3,0.049,16.70,16.69,0.0167,184598,17
S1-1x,4,0.062,15.13,15.12,0.0151,279110,19
S1-1x,5,0.081,13.49,13.49,0.0135,258840,21
S1-1x,6,0.099,17.77,17.79,0.0178,189934,22
S1-1x,7,0.114,19.60,19.61,0.0196,286300,24
S1-1x,8,0.136,21.92,21.90,0.0219,687674,26
S1-1x,9,0.161,19.55,19.51,0.0196,279762,28
S1-1x,10,0.184,27.93,27.98,0.0279,295768,30
S1-1x,11,0.210,16.43,16.40,0.0164,393648,32
S1-1x,12,0.228,27.28,27.30,0.0273,507638,33
S1-1x,13,0.262,19.22,19.20,0.0192,410616,36
S1-1x,14,0.282,35.61,35.60,0.0356,319354,38
S1-1x,15,0.310,20.26,20.28,0.0203,396658,41
S1-1x,16,0.329,25.82,25.82,0.0258,302796,43
S1-1x,17,0.350,21.02,20.99,0.0210,416628,46
S1-1x,18,0.377,21.12,21.11,0.0211,292774,48
S1-1x,19,0.397,26.53,26.57,0.0265,295304,50
S1-1x,20,0.417,20.44,20.42,0.0204,396994,53
S1-1x,21,0.436,18.88,18.89,0.0189,289374,55
S1-1x,22,0.463,19.01,19.01,0.0190,290092,57
S1-1x,23,0.491,34.50,34.48,0.0345,331732,58
S1-1x,24,0.510,20.28,20.30,0.0203,433216,61
S1-1x,25,0.541,19.81,19.80,0.0198,302550,63
S1-1x,26,0.579,32.33,32.31,0.0323,321234,65
S1-1x,27,0.614,42.91,42.90,0.0429,435534,68
S1-1x,28,0.643,35.11,35.11,0.0351,653158,73
S1-1x,29,0.678,27.69,27.70,0.0277,443466,76
S1-1x,30,0.714,34.64,34.60,0.0346,448324,48
S1-1x,31,0.740,36.65,36.68,0.0367,988218,52
S1-1x,32,0.770,24.62,24.61,0.0246,435316,55
S1-1x,33,0.801,35.86,35.89,0.0359,439402,58
S1-1x,34,0.836,25.85,25.81,0.0258,457208,61
S1-1x,35,0.872,33.86,33.89,0.0339,430240,64
S1-1x,36,0.910,38.52,38.50,0.0385,480080,67
S1-1x,37,0.941,39.02,39.00,0.0390,567862,71
S1-1x,38,0.978,31.60,31.59,0.0316,567042,75
S1-1x,39,1.005,36.08,36.10,0.0361,473706,78
S1-1x,40,1.039,25.31,25.29,0.0253,496922,82
S1-1x,41,1.063,32.96,32.99,0.0330,344464,84
S1-1x,42,1.107,34.04,34.01,0.0340,525134,88
S1-1x,43,1.135,36.77,36.79,0.0368,468070,91
S1-1x,44,1.195,31.03,31.00,0.0310,551744,95
S1-1x,45,1.228,61.01,61.01,0.0610,459828,98
S1-1x,46,1.302,33.68,33.68,0.0337,763896,56
S1-1x,47,1.338,75.80,75.80,0.0758,1649632,58
S1-1x,48,1.381,34.18,34.12,0.0342,988120,66
S1-1x,49,1.434,53.31,53.36,0.0533,748140,69
S1-1x,50,1.503,48.24,48.22,0.0482,767436,69
S1-1x,51,1.567,67.58,67.60,0.0676,680316,68
S1-1x,52,1.623,70.30,70.29,0.0703,923210,75
S1-1x,53,1.677,55.53,55.50,0.0555,912988,81
S1-1x,54,1.740,61.54,61.51,0.0615,758334,87
S1-1x,55,1.827,50.93,50.99,0.0509,813520,85
S1-1x,56,1.900,92.11,92.09,0.0921,781472,90
S1-1x,57,1.964,76.31,76.31,0.0763,1158748,93
S1-1x,58,2.035,72.14,71.89,0.0721,1028122,101
S1-1x,59,2.143,58.65,58.90,0.0586,961762,108
S1-1x,60,2.218,119.67,119.61,0.1000,886650,114
S1-1x,61,2.290,75.24,75.30,0.0752,1302340,124
S1-1x,62,2.364,74.11,74.09,0.0741,961322,131
S1-1x,63,2.493,62.50,62.50,0.0625,1027948,139
S1-1x,64,2.583,140.59,140.59,0.1000,933430,145
S1-1x,65,2.686,100.60,100.60,0.1000,1351237,154
S1-1x,66,2.842,102.04,102.01,0.1000,1295476,23
S1-1x,67,2.918,147.98,147.99,0.1000,4237886,33
S1-1x,68,2.990,71.69,71.70,0.0717,1256348,43
S1-1x,69,3.072,82.22,82.20,0.0822,905030,50
S1-1x,70,3.161,68.97,69.00,0.0690,1070992,58
S1-1x,71,3.233,89.47,89.48,0.0895,894252,65
S1-1x,72,3.313,75.22,75.21,0.0752,1127102,74
S1-1x,73,3.410,90.05,90.00,0.0900,1070148,82
S1-1x,74,3.552,87.16,87.19,0.0872,1181942,91
S1-1x,75,3.688,162.45,162.40,0.1000,1332392,98
S1-1x,76,3.826,155.08,155.11,0.1000,1349206,107
S1-1x,77,4.060,101.01,101.00,0.1000,1279448,117
S1-1x,78,4.176,266.45,266.19,0.1000,1502007,127
S1-1x,79,4.297,103.52,103.77,0.1000,328014,137
S1-1x,80,4.512,104.19,104.22,0.1000,405402,147
S1-1x,81,4.641,238.91,238.89,0.1000,615958,137
S1-1x,82,4.778,131.91,131.91,0.1000,1499234,147
S1-1x,83,5.013,115.18,115.18,0.1000,1379122,157
S1-1x,84,5.179,257.20,257.20,0.1000,462776,167
S1-1x,85,5.304,170.50,170.51,0.1000,373700,177
S1-1x,86,5.605,91.10,91.11,0.0911,387556,113
S1-1x,87,5.755,339.84,339.80,0.1000,2484191,121
S1-1x,88,6.328,94.13,94.18,0.0941,382488,140
S1-1x,89,6.479,338.65,338.42,0.1000,480846,148
S1-1x,90,6.648,180.79,180.99,0.1000,639145,157
S1-1x,91,7.060,110.61,110.60,0.1000,1350796,167
S1-1x,92,7.353,459.20,459.20,0.1000,1493102,30
S1-1x,93,7.548,289.10,289.10,0.1000,3624938,40
S1-1x,94,7.735,157.97,158.00,0.1000,1368660,50
S1-1x,95,7.859,202.85,202.78,0.1000,1373212,60
S1-1x,96,8.017,144.27,144.32,0.1000,1178974,70
S1-1x,97,8.251,109.90,109.90,0.1000,360840,80
S1-1x,98,8.397,259.70,259.68,0.1000,426522,90
S1-1x,99,8.649,161.58,161.40,0.1000,325748,65
S1-1x,100,8.869,227.11,227.30,0.1000,1947996,75
S1-1x,101,9.082,239.31,239.29,0.1000,395934,85
S1-1x,102,9.270,258.37,258.29,0.1000,467370,95
S1-1x,103,9.513,127.34,127.43,0.1000,365286,105
S1-1x,104,9.683,250.20,250.20,0.1000,383100,115
S1-1x,105,9.837,192.96,192.98,0.1000,635238,125
S1-1x,106,10.077,114.22,114.18,0.1000,363066,135
S1-1x,107,10.235,256.51,256.53,0.1000,398392,144
S1-1x,108,10.449,180.69,180.70,0.1000,349928,144
S1-1x,109,10.621,179.62,179.39,0.1000,390232,144
S1-1x,110,10.872,164.57,164.80,0.1000,374962,144
S1-1x,111,11.099,340.61,340.59,0.1000,428568,144
S1-1x,112,11.408,149.79,149.80,0.1000,461246,144
S1-1x,113,11.773,323.05,323.02,0.1000,575806,144
S1-1x,114,12.013,432.58,432.55,0.1000,507850,144
S1-1x,115,12.211,148.15,148.22,0.1000,514824,100
S1-1x,116,12.357,200.81,200.78,0.1000,2083028,83
S1-1x,117,12.642,193.61,193.62,0.1000,987792,58
S1-1x,118,12.801,254.73,254.49,0.1000,1499190,35
S1-1x,119,12.906,156.35,156.59,0.1000,1140882,34
S1-1x,120,13.091,130.44,130.41,0.1000,398128,32
S1-1x,121,13.187,134.98,135.00,0.1000,420398,21
S1-1x,122,13.266,88.70,88.67,0.0887,410202,21
S1-1x,123,13.402,125.69,125.72,0.1000,375198,21
S1-1x,124,13.491,88.30,88.30,0.0883,414716,21
S1-1x,125,13.576,89.91,89.90,0.0899,353282,21
S1-1x,126,13.700,122.99,122.92,0.1000,359210,21
S1-1x,127,13.787,85.07,85.17,0.0851,405888,21
S1-1x,128,13.862,89.54,89.52,0.0895,388128,21
S1-1x,129,13.924,66.48,66.49,0.0665,277896,21
S1-1x,130,13.990,56.79,56.79,0.0568,234762,21
S1-1x,131,14.086,69.10,69.10,0.0691,240580,21
S1-1x,132,14.146,93.34,93.30,0.0933,313306,21
S1-1x,133,14.214,62.25,62.29,0.0622,255158,21
S1-1x,134,14.280,60.83,60.82,0.0608,270508,21
S1-1x,135,14.337,69.22,69.20,0.0692,274484,21
S1-1x,136,14.392,52.29,52.28,0.0523,210224,21
S1-1x,137,14.438,50.45,50.49,0.0505,180036,21
S1-1x,138,14.490,44.66,44.62,0.0447,139654,21
S1-1x,139,14.540,57.19,57.17,0.0572,143474,19
S1-1x,140,14.596,51.59,51.60,0.0516,189542,19
S1-1x,141,14.648,52.99,52.99,0.0530,171618,19
S1-1x,142,14.693,47.40,47.41,0.0474,139056,19
S1-1x,143,14.731,40.60,40.60,0.0406,102994,19
S1-1x,144,14.774,39.78,39.59,0.0398,97880,19
S1-1x,145,14.815,41.52,41.70,0.0415,102468,19
S1-1x,146,14.859,42.68,42.68,0.0427,104206,19
S1-1x,147,14.901,45.40,45.40,0.0454,98442,19
S1-1x,148,14.942,34.44,34.42,0.0344,100442,19
S1-1x,149,14.980,43.67,43.67,0.0437,119054,19
S1-1x,150,15.014,34.91,34.91,0.0349,97850,19
S1-1x,151,15.046,33.36,33.37,0.0334,95640,19
S1-1x,152,15.080,32.03,32.02,0.0320,87484,19
S1-1x,153,15.112,36.70,36.69,0.0367,93716,18
S1-1x,154,15.150,27.87,27.89,0.0279,83600,18
S1-1x,155,15.187,46.49,46.45,0.0465,86304,18
S1-1x,156,15.211,25.72,25.75,0.0257,82832,18
S1-1x,157,15.243,26.41,26.38,0.0264,75292,18
S1-1x,158,15.277,33.09,33.09,0.0331,72840,18
S1-1x,159,15.301,29.73,29.73,0.0297,88250,18
S1-1x,160,15.324,23.09,23.09,0.0231,75708,18
S1-1x,161,15.354,27.75,27.71,0.0278,70806,18
S1-1x,162,15.378,26.34,26.38,0.0263,71800,18
S1-1x,163,15.403,22.50,22.51,0.0225,71396,18
S1-1x,164,15.425,24.34,24.29,0.0243,79910,18
S1-1x,165,15.453,28.74,28.78,0.0287,68742,18
S1-1x,166,15.480,26.01,26.00,0.0260,73288,18
S1-1x,167,15.504,24.38,24.40,0.0244,82776,18
S1-1x,168,15.525,21.53,21.49,0.0215,72416,18
S1-1x,169,15.549,24.10,24.11,0.0241,73784,18
S1-1x,170,15.571,20.99,21.01,0.0210,73278,18
S1-1x,171,15.596,25.72,25.70,0.0257,72796,18
S1-1x,172,15.617,20.61,20.60,0.0206,72540,18
S1-1x,173,15.652,21.87,21.88,0.0219,73492,18
S1-1x,174,15.676,37.53,37.51,0.0375,84452,18
S1-1x,175,15.740,25.78,25.80,0.0258,87368,6
S1-1x,176,15.770,63.71,63.69,0.0637,435528,6
S1-1x,177,15.811,36.69,36.70,0.0367,110604,6
S1-1x,178,15.843,37.11,37.09,0.0371,103932,6
S1-1x,179,15.877,32.69,32.70,0.0327,117378,3
S1-1x,180,15.909,32.01,32.00,0.0320,108774,3
S1-1x,181,15.935,30.89,30.92,0.0309,103354,3
S1-1x,182,15.964,29.01,28.98,0.0290,83204,3
S1-1x,183,15.996,28.41,28.43,0.0284,137810,2
S1-1x,184,16.026,29.89,29.87,0.0299,92194,2
S1-1x,185,16.061,36.28,36.29,0.0363,111412,1
S1-1x,186,16.091,27.70,27.70,0.0277,97802,1
S1-1x,187,16.115,28.19,28.19,0.0282,114464,1
S1-1x,188,16.140,23.04,23.01,0.0230,87736,1
S1-1x,189,16.171,30.67,30.69,0.0307,92190,1
S1-1x,190,16.199,28.59,28.60,0.0286,115248,1
S1-1x,191,16.227,26.42,26.41,0.0264,93774,1
S1-1x,192,16.255,28.18,28.19,0.0282,112626,1
S1-1x,193,16.278,26.70,26.69,0.0267,88222,1
S1-1x,194,16.305,23.41,23.41,0.0234,85814,1
S1-1x,195,16.332,27.94,27.90,0.0279,112682,1
S1-1x,196,16.364,31.21,31.20,0.0312,85474,1
S1-1x,197,16.391,28.56,28.61,0.0286,122566,0
S1-5x,0,0.000,28.99,29.00,0.1450,1084872,10
S1-5x,1,0.043,28.66,28.61,0.1433,1588844,24
S1-5x,2,0.110,52.58,52.60,0.2629,1626312,0
S1-5x,3,0.161,77.18,77.19,0.3859,4295122,27
S1-5x,4,0.288,69.72,69.70,0.3486,4494908,65
S1-5x,5,0.446,122.61,122.60,0.5000,4707306,0
S1-5x,6,0.534,170.13,170.10,0.5000,8546346,50
S1-5x,7,0.761,105.10,105.11,0.5000,6587794,99
S1-5x,8,1.048,232.76,232.79,0.5000,7176766,18
S1-5x,9,1.307,294.31,294.31,0.5000,9344094,68
S1-5x,10,1.565,230.70,230.69,0.5000,3941778,118
S1-5x,11,1.879,299.50,299.51,0.5000,7427600,166
S1-5x,12,2.187,284.24,284.00,0.5000,2502710,215
S1-5x,13,2.512,302.76,302.99,0.5000,2650588,264
S1-5x,14,2.922,380.92,380.90,0.5000,7507536,314
S1-5x,15,3.979,478.57,478.57,0.5000,3252652,393
S1-5x,16,4.344,542.37,542.12,0.5000,4029804,390
S1-5x,17,5.000,336.71,336.97,0.5000,4222962,79
S1-5x,18,5.235,661.29,661.24,0.5000,13261354,79
S1-5x,19,5.600,206.14,206.17,0.5000,3580180,48
S1-5x,20,5.891,325.85,325.81,0.5000,4278152,45
S1-5x,21,6.050,275.26,275.30,0.5000,2398506,39
S1-5x,22,6.230,160.36,160.38,0.5000,2135968,39
S1-5x,23,6.438,197.40,197.12,0.5000,1420880,0
S2,0,0.000,78.33,78.31,0.0783,669636,4
S2,1,0.042,26.40,26.41,0.0264,1530876,12
S2,2,0.076,47.89,47.88,0.0479,756720,14
S2,3,0.107,34.60,34.61,0.0346,1043276,19
S2,4,0.139,23.94,23.90,0.0239,963136,23
S2,5,0.160,31.17,31.19,0.0312,642778,25
S2,6,0.180,20.51,20.49,0.0205,707566,28
S2,7,0.199,19.66,19.69,0.0197,616478,30
S2,8,0.302,87.23,87.15,0.0872,695848,32
S2,9,0.428,43.69,43.77,0.0437,2399920,41
S2,10,0.509,155.06,154.99,0.1000,1329874,45
S2,11,0.579,73.79,73.80,0.0738,2641432,55
S2,12,0.731,140.61,140.40,0.1000,2476366,63
S2,13,0.994,77.58,77.78,0.0776,3189392,73
S2,14,1.172,313.82,313.81,0.1000,2817355,80
S2,15,1.462,327.19,327.18,0.1000,3648074,90
S2,16,1.907,92.52,92.53,0.0925,4018908,100
S2,17,2.283,591.35,591.20,0.1000,3755542,110
S2,18,2.799,633.83,633.69,0.1000,4006852,120
S2,19,3.568,132.03,132.29,0.1000,4393630,130
S2,20,4.284,1111.17,1111.18,0.1000,4588648,140
S2,21,5.076,960.00,959.12,0.1000,4329508,150
S2,22,6.683,330.78,331.58,0.1000,4503820,160
S2,23,9.981,1989.14,1989.29,0.1000,4489452,180
S2,24,13.475,624.78,624.42,0.1000,5030304,189
S2,25,17.059,4607.57,4607.79,0.1000,5519145,199
S2,26,20.813,4304.12,4304.09,0.1000,4996686,199
S2,27,31.341,2094.05,2094.11,0.1000,5437196,208
S2,28,39.097,12420.15,12420.11,0.1000,5243666,217
S2,29,48.087,8247.71,8247.68,0.1000,5263902,212
S2,30,68.295,7120.68,7120.71,0.1000,5671540,216
S2,31,79.981,22524.68,22524.37,0.1000,5634582,225
S2,32,94.790,12745.43,12745.70,0.1000,5501376,221
S2,33,122.900,11721.21,11721.02,0.1000,6052024,230
S2,34,143.132,31418.62,31418.78,0.1000,5770748,222
S2,35,158.084,21564.57,21564.64,0.1000,6152908,222
S2,36,193.391,10530.03,10530.00,0.1000,6118400,227
S2,37,216.561,38553.83,38553.79,0.1000,6024312,227
S2,38,236.647,26383.34,26383.30,0.1000,6151590,224
S2,39,278.755,14028.48,14028.44,0.1000,6168204,226
S3,0,0.000,97.29,97.36,0.4864,1556604,13
S3,1,0.289,247.68,247.59,0.5000,8366544,62
S3,2,0.592,267.82,267.86,0.5000,14320628,112
S3,3,1.452,773.89,773.66,0.5000,18978880,162
S3,4,2.633,1086.21,1086.49,0.5000,24348452,212
S3,5,5.748,1898.67,1898.89,0.5000,31505712,312
S3,6,8.935,2821.23,2821.00,0.5000,34812562,362
S3,7,13.452,3997.11,3997.08,0.5000,39637526,412
S3,8,23.452,9207.88,9207.90,0.5000,45313754,462
S3,9,42.509,13940.88,13940.81,0.5000,55659926,512
S3,10,75.020,25430.03,25429.93,0.5000,66282394,562
S3,11,125.420,44247.31,44247.31,0.5000,77999960,612
S3,12,198.368,59722.68,59722.80,0.5000,84475160,662
P-1x,0,0.000,12.07,12.09,0.0121,118568,2
P-1x,1,0.017,14.01,14.01,0.0140,115536,3
P-1x,2,0.143,127.96,127.91,0.1000,217270,5
P-1x,3,0.156,13.72,13.77,0.0137,1007518,15
P-1x,4,0.169,12.76,12.73,0.0128,123138,16
P-1x,5,0.175,6.28,6.25,0.0063,115784,17
P-1x,6,0.182,6.27,6.33,0.0063,115496,18
P-1x,7,0.189,7.64,7.62,0.0076,118040,19
P-1x,8,0.213,24.00,23.98,0.0240,16952,19
P-1x,9,0.232,13.31,13.32,0.0133,313760,22
P-1x,10,0.265,37.11,37.09,0.0371,124904,23
P-1x,11,0.277,12.92,12.95,0.0129,413148,27
P-1x,12,0.301,24.84,24.83,0.0248,118802,28
P-1x,13,0.309,8.56,8.60,0.0086,313922,31
P-1x,14,0.326,16.45,16.40,0.0164,16952,31
P-1x,15,0.341,14.22,14.21,0.0142,217314,33
P-1x,16,0.362,20.99,20.99,0.0210,216440,35
P-1x,17,0.370,9.02,9.00,0.0090,215404,37
P-1x,18,0.401,29.99,29.99,0.0300,182760,38
P-1x,19,0.409,8.78,8.80,0.0088,314712,41
P-1x,20,0.418,8.37,8.30,0.0084,16992,41
P-1x,21,0.447,29.24,29.29,0.0292,117504,42
P-1x,22,0.455,8.27,8.28,0.0083,313800,45
P-1x,23,0.471,5.92,5.80,0.0059,115536,46
P-1x,24,0.495,33.98,34.04,0.0340,130778,47
P-1x,25,0.508,12.29,12.29,0.0123,313962,50
P-1x,26,0.515,7.74,7.76,0.0077,118186,51
P-1x,27,0.523,7.36,7.38,0.0074,115536,52
P-1x,28,0.530,7.51,7.52,0.0075,117530,53
P-1x,29,0.537,6.71,6.69,0.0067,115536,54
P-1x,30,0.543,6.51,6.50,0.0065,18986,54
P-1x,31,0.550,7.01,7.00,0.0070,115536,55
P-1x,32,0.561,10.49,10.49,0.0105,115616,56
P-1x,33,0.568,7.76,7.79,0.0078,116848,57
P-1x,34,0.574,5.57,5.51,0.0056,17044,57
P-1x,35,0.580,6.10,6.17,0.0061,115536,58
P-1x,36,0.587,7.26,7.21,0.0073,116848,59
P-1x,37,0.593,5.43,5.48,0.0054,16992,59
P-1x,38,0.600,6.84,6.82,0.0068,115536,60
P-1x,39,0.606,6.40,6.32,0.0064,18304,60
P-1x,40,0.613,6.75,6.78,0.0067,115536,61
P-1x,41,0.620,6.34,6.38,0.0063,115536,62
P-1x,42,0.625,5.99,5.99,0.0060,18304,62
P-1x,43,0.631,6.59,6.61,0.0066,115536,63
P-1x,44,0.639,6.83,6.79,0.0068,115536,64
P-1x,45,0.645,6.89,6.91,0.0069,18824,64
P-1x,46,0.652,6.60,6.59,0.0066,116592,65
P-1x,47,0.667,6.37,6.39,0.0064,115536,66
P-1x,48,0.674,15.97,15.93,0.0160,31564,66
P-1x,49,0.683,7.61,7.59,0.0076,214080,68
P-1x,50,0.689,7.66,7.69,0.0077,117530,69
P-1x,51,0.695,5.73,5.71,0.0057,16992,69
P-1x,52,0.703,6.59,6.57,0.0066,115536,70
P-1x,53,0.710,7.93,7.93,0.0079,117530,71
P-1x,54,0.718,7.38,7.38,0.0074,115536,72
P-1x,55,0.724,7.32,7.30,0.0073,18986,72
P-1x,56,0.731,6.49,6.51,0.0065,115536,73
P-1x,57,0.739,6.87,6.89,0.0069,115536,74
P-1x,58,0.745,7.48,7.49,0.0075,18986,74
P-1x,59,0.753,7.30,7.29,0.0073,115536,75
P-1x,60,0.764,10.36,10.39,0.0104,115616,76
P-1x,61,0.772,9.38,9.33,0.0094,116848,77
P-1x,62,0.780,6.80,6.79,0.0068,115588,78
P-1x,63,0.786,6.57,6.59,0.0066,18304,78
P-1x,64,0.793,6.86,6.88,0.0069,115536,79
P-1x,65,0.801,7.23,7.21,0.0072,115536,80
P-1x,66,0.808,8.18,8.19,0.0082,116840,81
P-1x,67,0.814,6.14,6.03,0.0061,19200,81
P-1x,68,0.822,7.08,7.17,0.0071,115536,82
P-1x,69,0.829,7.61,7.60,0.0076,116848,83
P-1x,70,0.835,6.00,6.00,0.0060,16992,83
P-1x,71,0.843,7.09,7.11,0.0071,115536,84
P-1x,72,0.850,7.98,7.97,0.0080,116848,85
P-1x,73,0.858,7.44,7.43,0.0074,115536,86
P-1x,74,0.865,7.50,7.48,0.0075,18824,86
P-1x,75,0.872,6.75,6.78,0.0068,115536,87
P-1x,76,0.887,6.94,6.92,0.0069,115536,88
P-1x,77,0.894,15.17,15.18,0.0152,29532,88
P-1x,78,0.903,8.24,8.22,0.0082,214080,90
P-1x,79,0.910,8.32,8.37,0.0083,117530,91
P-1x,80,0.918,7.14,7.12,0.0071,115536,92
P-1x,81,0.926,8.32,8.31,0.0083,18986,92
P-1x,82,0.934,8.00,7.98,0.0080,115536,93
P-1x,83,0.942,7.47,7.50,0.0075,115536,94
P-1x,84,0.950,8.70,8.60,0.0087,117530,95
P-1x,85,0.958,7.53,7.61,0.0075,115536,96
P-1x,86,0.965,7.70,7.71,0.0077,18986,96
P-1x,87,0.972,7.22,7.19,0.0072,115536,97
P-1x,88,0.984,10.69,10.69,0.0107,115616,98
P-1x,89,0.992,8.54,8.50,0.0085,116900,99
P-1x,90,1.000,7.44,7.49,0.0074,115536,100
P-1x,91,1.007,8.26,8.14,0.0083,18304,100
P-1x,92,1.014,7.12,7.25,0.0071,115536,101
P-1x,93,1.023,7.72,7.71,0.0077,115536,102
P-1x,94,1.031,8.72,8.70,0.0087,116848,103
P-1x,95,1.039,7.59,7.60,0.0076,115536,104
P-1x,96,1.046,7.46,7.40,0.0075,18304,104
P-1x,97,1.053,7.34,7.38,0.0073,115536,105
P-1x,98,1.062,7.65,7.62,0.0077,115536,106
P-1x,99,1.070,8.64,8.67,0.0086,116848,107
P-1x,100,1.085,7.43,7.41,0.0074,17520,107
P-1x,101,1.093,16.18,16.20,0.0162,128126,108
P-1x,102,1.103,8.30,8.28,0.0083,214080,110
P-1x,103,1.111,9.05,9.01,0.0090,118186,111
P-1x,104,1.119,7.56,7.57,0.0076,115536,112
P-1x,105,1.126,8.30,8.32,0.0083,18986,112
P-1x,106,1.134,7.51,7.49,0.0075,115536,113
P-1x,107,1.143,8.00,8.01,0.0080,115536,114
P-1x,108,1.151,8.83,8.80,0.0088,117530,115
P-1x,109,1.160,7.62,7.61,0.0076,115536,116
P-1x,110,1.167,8.43,8.47,0.0084,18986,116
P-1x,111,1.179,10.81,10.80,0.0108,115624,117
P-1x,112,1.187,9.32,9.31,0.0093,116192,118
P-1x,113,1.194,7.37,7.39,0.0074,115588,119
P-1x,114,1.203,7.35,7.31,0.0073,115536,120
P-1x,115,1.212,10.05,10.08,0.0100,117504,121
P-1x,116,1.221,7.70,7.70,0.0077,115536,122
P-1x,117,1.228,8.96,8.91,0.0090,18304,122
P-1x,118,1.237,7.43,7.49,0.0074,115536,123
P-1x,119,1.246,10.23,10.20,0.0102,116192,124
P-1x,120,1.254,7.77,7.79,0.0078,115536,125
P-1x,121,1.263,7.51,7.50,0.0075,115536,126
P-1x,122,1.272,10.70,10.69,0.0107,117504,127
P-1x,123,1.281,7.74,7.70,0.0077,115536,128
P-1x,124,1.288,8.58,8.62,0.0086,18832,128
P-1x,125,1.305,7.41,7.38,0.0074,117616,129
P-1x,126,1.313,17.21,17.22,0.0172,135934,130
P-1x,127,1.324,9.26,9.28,0.0093,214080,132
P-1x,128,1.333,10.36,10.33,0.0104,118186,133
P-1x,129,1.342,8.37,8.38,0.0084,115536,134
P-1x,130,1.351,9.59,9.59,0.0096,117530,135
P-1x,131,1.360,8.04,8.07,0.0080,115536,136
P-1x,132,1.367,8.31,8.31,0.0083,18986,136
P-1x,133,1.375,8.54,8.51,0.0085,115536,137
P-1x,134,1.385,8.60,8.59,0.0086,115536,138
P-1x,135,1.394,9.48,9.50,0.0095,117530,139
P-1x,136,1.406,10.80,10.79,0.0108,115676,140
P-1x,137,1.414,9.87,9.90,0.0099,116848,141
P-1x,138,1.424,8.40,8.39,0.0084,115536,142
P-1x,139,1.433,10.07,10.02,0.0101,116848,143
P-1x,140,1.443,8.49,8.50,0.0085,115536,144
P-1x,141,1.451,9.90,9.90,0.0099,116848,145
P-1x,142,1.461,8.64,8.67,0.0086,115536,146
P-1x,143,1.469,8.93,8.91,0.0089,18304,146
P-1x,144,1.479,8.40,8.41,0.0084,115536,147
P-1x,145,1.487,9.82,9.80,0.0098,116192,148
P-1x,146,1.495,8.38,8.40,0.0084,115536,149
P-1x,147,1.512,8.69,8.69,0.0087,116064,150
P-1x,148,1.522,16.77,16.79,0.0168,129518,151
P-1x,149,1.532,11.55,11.52,0.0115,215418,153
P-1x,150,1.543,8.79,8.80,0.0088,115536,154
P-1x,151,1.552,10.42,10.40,0.0104,118186,155
P-1x,152,1.562,8.41,8.47,0.0084,115536,156
P-1x,153,1.570,10.14,10.12,0.0101,117530,157
P-1x,154,1.580,8.59,8.59,0.0086,115536,158
P-1x,155,1.588,9.21,9.21,0.0092,18986,158
P-1x,156,1.598,8.28,8.27,0.0083,115536,159
P-1x,157,1.609,12.52,12.51,0.0125,117014,160
P-1x,158,1.619,9.01,9.00,0.0090,115536,161
P-1x,159,1.627,9.67,9.68,0.0097,116848,162
P-1x,160,1.639,9.80,9.80,0.0098,182696,163
P-1x,161,1.647,10.11,10.11,0.0101,116888,164
P-1x,162,1.658,8.71,8.70,0.0087,115576,165
P-1x,163,1.666,10.19,10.19,0.0102,116888,166
P-1x,164,1.675,9.13,9.11,0.0091,115576,167
P-1x,165,1.686,8.76,8.78,0.0088,115576,168
P-1x,166,1.695,10.54,10.52,0.0105,117544,169
P-1x,167,1.706,9.52,9.50,0.0095,115576,170
P-1x,168,1.714,10.28,10.30,0.0103,117416,171
P-1x,169,1.733,8.40,8.38,0.0084,115576,172
P-1x,170,1.743,18.90,18.91,0.0189,130390,173
P-1x,171,1.753,11.02,10.99,0.0110,215458,175
P-1x,172,1.765,9.71,9.69,0.0097,115576,176
P-1x,173,1.775,12.27,12.28,0.0123,118226,177
P-1x,174,1.786,9.40,9.41,0.0094,115620,178
P-1x,175,1.798,11.60,11.58,0.0116,117570,179
P-1x,176,1.808,11.80,11.81,0.0118,116914,180
P-1x,177,1.819,9.41,9.41,0.0094,115628,181
P-1x,178,1.830,13.02,12.98,0.0130,117658,182
P-1x,179,1.841,9.28,9.31,0.0093,115576,183
P-1x,180,1.850,10.67,10.67,0.0107,116888,184
P-1x,181,1.861,8.78,8.79,0.0088,115576,185
P-1x,182,1.870,11.26,11.23,0.0113,116888,186
P-1x,183,1.881,9.08,9.09,0.0091,115576,187
P-1x,184,1.891,11.23,11.21,0.0112,116888,188
P-1x,185,1.903,10.57,10.58,0.0106,214120,190
P-1x,186,1.913,12.09,12.09,0.0121,117544,191
P-1x,187,1.925,9.72,9.71,0.0097,115576,192
P-1x,188,1.935,12.10,11.87,0.0121,117416,193
P-1x,189,1.954,8.88,9.12,0.0089,115576,194
P-1x,190,1.966,20.39,20.39,0.0204,130752,195
P-1x,191,1.979,12.40,12.41,0.0124,215458,197
P-1x,192,1.989,12.45,12.40,0.0124,117570,198
P-1x,193,2.001,9.41,9.40,0.0094,115576,199
P-1x,194,2.011,12.16,12.18,0.0122,117570,200
P-1x,195,2.026,12.12,12.11,0.0121,214172,202
P-1x,196,2.039,13.96,13.98,0.0140,118226,203
P-1x,197,2.050,12.97,12.93,0.0130,116914,204
P-1x,198,2.064,12.26,12.29,0.0123,116080,205
P-1x,199,2.075,12.80,12.79,0.0128,215432,207
P-1x,200,2.087,9.66,9.68,0.0097,115576,208
P-1x,201,2.102,14.44,14.42,0.0144,119624,209
P-1x,202,2.112,12.66,12.66,0.0127,119120,210
P-1x,203,2.124,10.20,10.22,0.0102,214120,212
P-1x,204,2.134,12.44,12.41,0.0124,120272,213
P-1x,205,2.152,10.18,10.19,0.0102,116112,214
P-1x,206,2.165,17.89,17.89,0.0179,128626,215
P-1x,207,2.179,14.00,14.01,0.0140,218186,217
P-1x,208,2.189,12.92,12.90,0.0129,120298,218
P-1x,209,2.202,10.39,10.40,0.0104,115576,219
P-1x,210,2.212,12.61,12.61,0.0126,120298,220
P-1x,211,2.225,10.60,10.59,0.0106,214172,222
P-1x,212,2.236,13.02,13.01,0.0130,120954,223
P-1x,213,2.252,11.59,11.59,0.0116,116616,224
P-1x,214,2.273,16.76,16.80,0.0168,123500,225
P-1x,215,2.295,20.45,20.41,0.0205,127008,226
P-1x,216,2.312,20.37,20.38,0.0204,29992,226
P-1x,217,2.328,18.12,18.12,0.0181,26616,226
P-1x,218,2.353,16.49,16.47,0.0165,23874,226
P-1x,219,2.371,26.02,26.01,0.0260,33540,226
P-1x,220,2.388,19.58,19.59,0.0196,26198,226
P-1x,221,2.406,18.09,18.10,0.0181,21284,226
P-1x,222,2.423,16.49,16.51,0.0165,19840,226
P-1x,223,2.440,17.50,17.49,0.0175,19210,226
P-1x,224,2.455,17.31,17.29,0.0173,18476,226
P-1x,225,2.470,11.79,11.81,0.0118,17032,226
P-1x,226,2.486,16.51,16.51,0.0165,17810,226
P-1x,227,2.500,14.31,14.29,0.0143,17032,226
P-1x,228,2.512,14.00,14.00,0.0140,17032,226
P-1x,229,2.526,11.89,11.90,0.0119,17032,226
P-1x,230,2.540,13.72,13.70,0.0137,17032,226
P-1x,231,2.549,12.43,12.37,0.0124,17032,226
P-1x,232,2.562,10.12,10.20,0.0101,17032,226
P-1x,233,2.573,13.74,13.71,0.0137,17568,226
P-1x,234,2.586,9.97,9.99,0.0100,17032,226
P-1x,235,2.599,13.25,13.21,0.0133,17714,226
P-1x,236,2.609,12.50,12.50,0.0125,17714,226
P-1x,237,2.622,9.87,9.89,0.0099,17032,226
P-1x,238,2.632,13.22,13.20,0.0132,17714,226
P-1x,239,2.646,10.68,10.70,0.0107,17084,226
P-1x,240,2.661,15.42,15.41,0.0154,17714,226
P-1x,241,2.673,14.58,14.58,0.0146,17754,226
P-1x,242,2.687,10.73,10.72,0.0107,17032,226
P-1x,243,2.700,13.76,13.79,0.0138,17818,226
P-1x,244,2.710,13.11,13.11,0.0131,17818,226
P-1x,245,2.725,10.00,9.98,0.0100,17032,226
P-1x,246,2.736,15.61,15.59,0.0156,20072,226
P-1x,247,2.749,10.05,10.09,0.0100,17032,226
P-1x,248,2.762,12.72,12.71,0.0127,17714,226
P-1x,249,2.773,14.88,14.82,0.0149,17714,226
P-1x,250,2.788,11.15,11.19,0.0112,17568,226
P-1x,251,2.800,13.04,12.99,0.0130,18396,226
P-1x,252,2.811,12.74,12.79,0.0127,18396,226
P-1x,253,2.824,10.41,10.40,0.0104,17032,226
P-1x,254,2.836,15.00,14.99,0.0150,18492,226
P-1x,255,2.849,10.48,10.50,0.0105,17084,226
P-1x,256,2.862,13.10,13.09,0.0131,17714,226
P-1x,257,2.872,12.42,12.40,0.0124,17714,226
P-1x,258,2.886,10.11,10.10,0.0101,17032,226
P-1x,259,2.896,14.05,14.01,0.0141,17714,226
P-1x,260,2.911,11.86,11.86,0.0119,17032,226
P-1x,261,2.925,13.55,13.60,0.0136,17714,226
P-1x,262,2.935,13.30,13.32,0.0133,17714,226
P-1x,263,2.948,10.02,10.00,0.0100,17032,226
P-1x,264,2.962,13.49,13.50,0.0135,17714,226
P-1x,265,2.972,13.75,13.70,0.0137,17714,226
P-1x,266,2.985,9.37,9.39,0.0094,17032,226
P-1x,267,2.996,14.22,14.21,0.0142,18250,226
P-1x,268,3.008,9.45,9.49,0.0094,17032,226
P-1x,269,3.021,12.64,12.59,0.0126,18396,226
P-1x,270,3.031,12.88,12.89,0.0129,18396,226
P-1x,271,3.046,10.38,10.39,0.0104,17032,226
P-1x,272,3.061,15.33,15.31,0.0153,18656,226
P-1x,273,3.071,14.58,14.60,0.0146,20292,226
P-1x,274,3.084,10.20,10.19,0.0102,17032,226
P-1x,275,3.094,12.62,12.60,0.0126,18396,226
P-1x,276,3.106,9.21,9.20,0.0092,17032,226
P-1x,277,3.120,13.58,13.59,0.0136,18396,226
P-1x,278,3.129,12.96,12.98,0.0130,18396,226
P-1x,279,3.142,9.39,9.32,0.0094,17032,226
P-1x,280,3.154,15.33,15.37,0.0153,20476,226
P-1x,281,3.169,11.41,11.41,0.0114,17128,226
P-1x,282,3.182,13.19,13.18,0.0132,20602,226
P-1x,283,3.192,12.82,12.79,0.0128,21050,226
P-1x,284,3.206,10.79,10.80,0.0108,17568,226
P-1x,285,3.220,14.01,14.02,0.0140,22036,226
P-1x,286,3.230,13.03,12.99,0.0130,21124,226
P-1x,287,3.243,10.41,10.41,0.0104,17032,226
P-1x,288,3.254,14.08,14.08,0.0141,21124,226
P-1x,289,3.267,9.57,9.59,0.0096,17084,226
P-1x,290,3.281,13.94,13.91,0.0139,21124,226
P-1x,291,3.290,12.76,12.80,0.0128,21124,226
P-1x,292,3.305,11.30,11.30,0.0113,18072,226
P-1x,293,3.315,13.70,13.69,0.0137,25608,226
P-1x,294,3.377,10.20,10.21,0.0102,17032,226
P-1x,295,3.402,66.64,66.59,0.0666,73832,226
P-1x,296,3.457,25.30,25.32,0.0253,33704,226
P-1x,297,3.487,59.97,59.89,0.0600,60792,226
P-1x,298,3.511,30.57,30.64,0.0306,37434,226
P-1x,299,3.537,25.53,25.51,0.0255,23360,226
P-1x,300,3.557,20.41,20.40,0.0204,24840,226
P-1x,301,3.575,18.10,18.11,0.0181,22652,226
P-1x,302,3.594,18.13,18.12,0.0181,22036,226
P-1x,303,3.612,18.64,18.69,0.0186,21428,226
P-1x,304,3.631,16.83,16.78,0.0168,22140,226
P-1x,305,3.647,18.62,18.61,0.0186,24730,226
P-1x,306,3.663,15.27,15.30,0.0153,25086,226
P-1x,307,3.681,17.93,17.90,0.0179,25302,226
P-1x,308,3.694,16.28,16.30,0.0163,25390,226
P-1x,309,3.709,12.27,12.28,0.0123,17032,226
P-1x,310,3.725,15.08,15.10,0.0151,26538,226
P-1x,311,3.741,17.13,17.11,0.0171,24498,226
P-1x,312,3.754,15.51,15.50,0.0155,24016,226
P-1x,313,3.822,12.55,12.51,0.0126,17032,226
P-1x,314,3.851,74.05,74.07,0.0740,70844,226
P-1x,315,3.876,32.63,32.63,0.0326,41384,226
P-1x,316,3.906,27.25,27.19,0.0273,41526,226
P-1x,317,3.931,26.30,26.39,0.0263,54832,226
P-1x,318,3.958,23.69,23.28,0.0237,33518,226
P-1x,319,3.983,26.43,26.80,0.0264,37516,226
P-1x,320,4.000,20.39,20.39,0.0204,46820,226
P-1x,321,4.015,18.00,18.01,0.0180,36982,226
P-1x,322,4.033,15.33,15.29,0.0153,17032,226
P-1x,323,4.052,17.71,17.71,0.0177,39902,226
P-1x,324,4.071,20.04,20.08,0.0200,33382,226
P-1x,325,4.089,18.04,18.00,0.0180,34262,226
P-1x,326,4.107,17.31,17.30,0.0173,33022,226
P-1x,327,4.125,17.98,18.00,0.0180,34906,226
P-1x,328,4.142,17.33,17.31,0.0173,32726,226
P-1x,329,4.166,23.12,23.17,0.0231,40718,226
P-1x,330,4.183,18.33,18.32,0.0183,40694,226
P-1x,331,4.202,17.44,17.41,0.0174,43406,226
P-1x,332,4.223,19.47,19.50,0.0195,41270,226
P-1x,333,4.241,20.32,20.30,0.0203,44082,226
P-1x,334,4.255,17.69,17.69,0.0177,42110,226
P-1x,335,4.275,16.28,16.31,0.0163,17568,226
P-1x,336,4.293,19.11,19.09,0.0191,46304,226
P-1x,337,4.311,17.42,17.41,0.0174,42336,226
P-1x,338,4.329,18.69,18.70,0.0187,42676,226
P-1x,339,4.348,18.21,18.20,0.0182,47392,226
P-1x,340,4.365,17.89,17.88,0.0179,41966,226
P-1x,341,4.383,16.40,16.41,0.0164,41326,226
P-1x,342,4.403,18.98,18.99,0.0190,41182,226
P-1x,343,4.421,20.11,20.12,0.0201,40728,226
P-1x,344,4.434,16.31,16.30,0.0163,39802,226
P-1x,345,4.452,14.28,14.28,0.0143,17032,226
P-1x,346,4.476,23.71,23.71,0.0237,48994,226
P-1x,347,4.496,19.02,19.01,0.0190,50182,226
P-1x,348,4.518,20.69,20.69,0.0207,51684,226
P-1x,349,4.536,21.00,20.99,0.0210,54908,226
P-1x,350,4.554,17.80,17.80,0.0178,50150,226
P-1x,351,4.571,17.58,17.59,0.0176,50758,226
P-1x,352,4.590,18.71,18.70,0.0187,50310,226
P-1x,353,4.608,17.38,17.39,0.0174,49034,226
P-1x,354,4.628,17.72,17.72,0.0177,48970,226
P-1x,355,4.646,21.23,21.21,0.0212,50804,226
P-1x,356,4.666,19.86,19.89,0.0199,51056,226
P-1x,357,4.685,17.71,17.68,0.0177,50308,226
P-1x,358,4.704,19.73,19.71,0.0197,49876,226
P-1x,359,4.722,17.85,17.89,0.0179,50294,226
P-1x,360,4.739,17.41,17.41,0.0174,50026,226
P-1x,361,4.820,23.98,23.91,0.0240,70670,226
P-1x,362,4.854,80.00,79.99,0.0800,101504,226
P-1x,363,4.888,37.71,37.77,0.0377,181492,226
P-1x,364,4.921,30.37,30.32,0.0304,109790,226
P-1x,365,4.951,37.18,37.18,0.0372,67998,226
P-1x,366,4.970,22.22,22.21,0.0222,79608,226
P-1x,367,4.991,19.88,19.90,0.0199,50278,226
P-1x,368,5.010,20.55,20.53,0.0206,48100,226
P-1x,369,5.029,18.77,18.76,0.0188,45916,226
P-1x,370,5.077,19.19,19.20,0.0192,46316,226
P-1x,371,5.112,55.09,55.09,0.0551,90530,226
P-1x,372,5.138,30.09,30.10,0.0301,128706,226
P-1x,373,5.172,27.15,27.10,0.0271,59602,226
P-1x,374,5.199,33.07,33.09,0.0331,98032,226
P-1x,375,5.224,26.98,26.99,0.0270,48372,226
P-1x,376,5.246,25.62,25.62,0.0256,72168,226
P-1x,377,5.267,20.29,20.27,0.0203,44882,226
P-1x,378,5.287,20.38,20.40,0.0204,44280,226
P-1x,379,5.307,20.32,20.30,0.0203,42866,226
P-1x,380,5.327,19.29,19.30,0.0193,42322,226
P-1x,381,5.348,20.25,20.21,0.0202,41540,226
P-1x,382,5.378,28.61,28.66,0.0286,64384,226
P-1x,383,5.401,23.14,23.12,0.0231,54656,226
P-1x,384,5.431,22.48,22.49,0.0225,81932,226
P-1x,385,5.465,30.21,30.21,0.0302,56356,226
P-1x,386,5.489,35.33,35.31,0.0353,59748,226
P-1x,387,5.530,26.39,26.37,0.0264,82812,226
P-1x,388,5.554,39.01,39.00,0.0390,53438,226
P-1x,389,5.578,25.61,25.59,0.0256,64356,226
P-1x,390,5.602,22.41,22.43,0.0224,40628,226
P-1x,391,5.624,23.78,23.77,0.0238,60032,226
P-1x,392,5.649,21.58,21.59,0.0216,38852,226
P-1x,393,5.681,33.32,33.31,0.0333,48132,226
P-1x,394,5.708,26.30,26.29,0.0263,73912,226
P-1x,395,5.731,23.45,23.49,0.0234,47758,226
P-1x,396,5.757,22.65,22.62,0.0226,47396,226
P-1x,397,5.782,29.30,29.28,0.0293,51904,226
P-1x,398,5.824,23.12,23.10,0.0231,57760,226
P-1x,399,5.846,41.67,41.70,0.0417,57694,226
P-1x,400,5.872,26.71,26.71,0.0267,60500,226
P-1x,401,5.892,20.28,20.28,0.0203,41292,226
P-1x,402,5.913,21.95,21.92,0.0219,39240,226
P-1x,403,5.936,20.77,20.78,0.0208,38480,226
P-1x,404,5.967,27.26,27.08,0.0273,43652,226
P-1x,405,5.986,24.40,24.58,0.0244,77704,226
P-1x,406,6.220,44.25,44.28,0.0442,150028,226
P-1x,407,6.261,134.52,134.50,0.1000,189284,226
P-1x,408,6.308,40.30,40.30,0.0403,136462,226
P-1x,409,6.374,53.38,53.39,0.0534,88808,226
P-1x,410,6.422,54.78,54.78,0.0548,89264,226
P-1x,411,6.525,46.58,46.53,0.0466,119148,226
P-1x,412,6.590,112.65,112.67,0.1000,133992,226
P-1x,413,6.659,64.71,64.71,0.0647,150162,226
P-1x,414,6.705,73.18,73.19,0.0732,116816,226
P-1x,415,6.796,33.60,33.61,0.0336,136904,226
P-1x,416,6.842,99.36,99.31,0.0994,260454,226
P-1x,417,6.923,41.60,41.66,0.0416,133390,226
P-1x,418,6.994,97.72,97.70,0.0977,98580,226
P-1x,419,7.102,58.77,58.72,0.0588,163418,226
P-1x,420,7.175,114.75,114.79,0.1000,158094,226
P-1x,421,7.218,69.80,69.81,0.0698,158360,226
P-1x,422,7.266,48.18,48.21,0.0482,84538,226
P-1x,423,7.314,32.04,32.00,0.0320,98370,226
P-1x,424,7.376,52.38,52.38,0.0524,60886,226
P-1x,425,7.432,64.81,64.79,0.0648,114944,226
P-1x,426,7.473,58.07,58.09,0.0581,103560,226
P-1x,427,7.506,34.51,34.51,0.0345,83052,226
P-1x,428,7.547,41.18,41.17,0.0412,64604,226
P-1x,429,7.586,31.74,31.73,0.0317,72644,226
P-1x,430,7.635,39.48,39.50,0.0395,53344,226
P-1x,431,7.691,50.31,50.28,0.0503,83864,226
P-1x,432,7.728,57.10,57.08,0.0571,237720,226
P-1x,433,7.758,34.79,34.81,0.0348,79548,226
P-1x,434,7.790,29.29,29.30,0.0293,40566,226
P-1x,435,7.833,42.42,42.42,0.0424,63044,226
P-1x,436,7.867,32.08,32.08,0.0321,68940,226
P-1x,437,7.901,33.31,33.32,0.0333,75180,226
P-1x,438,7.932,34.45,34.38,0.0344,49386,226
P-1x,439,7.980,29.62,29.69,0.0296,59488,226
P-1x,440,8.014,49.08,48.79,0.0491,61370,226
P-1x,441,8.046,34.62,34.89,0.0346,78356,226
P-1x,442,8.076,33.02,33.01,0.0330,59116,226
P-1x,443,8.121,42.77,42.78,0.0428,46108,226
P-1x,444,8.154,31.25,31.23,0.0313,75156,226
P-1x,445,8.187,31.90,31.92,0.0319,73708,226
P-1x,446,8.216,33.70,33.68,0.0337,75400,226
P-1x,447,8.258,26.67,26.69,0.0267,47562,226
P-1x,448,8.287,42.20,42.20,0.0422,75300,226
P-1x,449,8.314,29.56,29.58,0.0296,60900,226
P-1x,450,8.343,26.48,26.43,0.0265,41606,226
P-1x,451,8.372,28.96,28.98,0.0290,59184,226
P-1x,452,8.421,45.26,45.21,0.0453,45104,226
P-1x,453,8.457,38.88,38.90,0.0389,76700,226
P-1x,454,8.487,28.92,28.90,0.0289,76576,226
P-1x,455,8.518,34.16,34.19,0.0342,75260,226
P-1x,456,8.549,26.63,26.62,0.0266,48610,226
P-1x,457,8.575,30.85,30.88,0.0308,66168,226
P-1x,458,8.600,25.10,25.09,0.0251,42578,226
P-1x,459,8.627,25.01,25.03,0.0250,40674,226
P-1x,460,8.652,27.02,26.98,0.0270,63388,226
P-1x,461,8.678,26.30,26.30,0.0263,40474,226
P-1x,462,8.712,32.22,32.21,0.0322,46768,226
P-1x,463,8.737,26.83,26.86,0.0268,80588,226
P-1x,464,8.763,23.90,23.89,0.0239,50076,226
P-1x,465,8.787,26.12,26.12,0.0261,77984,226
P-1x,466,8.810,23.00,22.99,0.0230,48812,226
P-1x,467,8.836,23.43,23.40,0.0234,49348,226
P-1x,468,8.867,31.12,31.11,0.0311,42624,226
P-1x,469,8.888,23.68,23.70,0.0237,64628,226
P-1x,470,8.912,23.19,23.19,0.0232,42778,226
P-1x,471,8.932,20.52,20.50,0.0205,42094,226
P-1x,472,8.953,20.58,20.59,0.0206,41774,226
P-1x,473,8.973,20.28,20.30,0.0203,41558,226
P-1x,474,9.008,30.84,30.79,0.0308,46896,226
P-1x,475,9.032,28.37,28.39,0.0284,83264,226
P-1x,476,9.057,24.03,23.97,0.0240,52162,226
P-1x,477,9.083,24.15,24.22,0.0242,55010,226
P-1x,478,9.105,22.68,22.68,0.0227,93164,226
P-1x,479,9.126,22.50,22.44,0.0225,61632,226
P-1x,480,9.146,19.22,19.28,0.0192,47990,226
P-1x,481,9.198,21.44,21.41,0.0214,47782,226
P-1x,482,9.236,52.85,52.79,0.0528,69700,226
P-1x,483,9.353,44.15,44.20,0.0441,88784,226
P-1x,484,9.451,137.38,137.38,0.1000,169912,226
P-1x,485,9.499,91.32,91.32,0.0913,243750,226
P-1x,486,9.529,31.85,31.87,0.0318,178096,226
P-1x,487,9.565,30.64,30.62,0.0306,74058,226
P-1x,488,9.587,31.42,31.40,0.0314,54572,226
P-1x,489,9.608,22.31,22.30,0.0223,71136,226
P-1x,490,9.642,32.36,32.38,0.0324,51728,226
P-1x,491,9.664,23.14,23.11,0.0231,90460,226
P-1x,492,9.686,22.36,22.39,0.0224,54570,226
P-1x,493,9.708,21.43,21.40,0.0214,51798,226
P-1x,494,9.730,22.30,22.30,0.0223,51494,226
P-1x,495,9.751,21.61,21.59,0.0216,51494,226
P-1x,496,9.772,20.95,20.99,0.0209,52822,226
P-1x,497,9.791,19.04,19.02,0.0190,42596,226
P-1x,498,9.811,19.70,19.69,0.0197,43196,226
P-1x,499,9.831,20.10,20.11,0.0201,42640,226
P-1x,500,9.851,19.44,19.39,0.0194,43500,226
P-1x,501,9.873,19.74,19.79,0.0197,42900,226
P-1x,502,9.896,25.91,25.90,0.0259,42892,226
P-1x,503,9.931,32.20,32.19,0.0322,49708,226
P-1x,504,9.952,22.60,22.61,0.0226,88292,226
P-1x,505,9.971,20.36,20.38,0.0204,52500,226
P-1x,506,9.990,19.64,19.59,0.0196,52500,226
P-1x,507,10.010,19.18,18.95,0.0192,52196,226
P-1x,508,10.030,19.93,20.18,0.0199,52192,226
P-1x,509,10.049,18.36,18.30,0.0184,53096,226
P-1x,510,10.066,17.71,17.78,0.0177,43674,226
P-1x,511,10.085,19.24,19.20,0.0192,43370,226
P-1x,512,10.104,18.01,18.00,0.0180,43978,226
P-1x,513,10.122,18.37,18.39,0.0184,43682,226
P-1x,514,10.140,18.10,18.10,0.0181,43762,226
P-1x,515,10.161,20.91,20.91,0.0209,42944,226
P-1x,516,10.179,17.69,17.69,0.0177,42304,226
P-1x,517,10.194,17.40,17.40,0.0174,43208,226
P-1x,518,10.211,15.29,15.30,0.0153,17032,226
P-1x,519,10.228,17.34,17.30,0.0173,46808,226
P-1x,520,10.246,17.58,17.60,0.0176,43864,226
P-1x,521,10.264,18.09,18.08,0.0181,43916,226
P-1x,522,10.282,17.60,17.61,0.0176,43264,226
P-1x,523,10.299,17.20,17.19,0.0172,43864,226
P-1x,524,10.313,16.60,16.60,0.0166,43864,226
P-1x,525,10.331,15.41,15.41,0.0154,19152,226
P-1x,526,10.348,17.47,17.48,0.0175,34784,226
P-1x,527,10.366,17.40,17.40,0.0174,34480,226
P-1x,528,10.382,16.32,16.32,0.0163,34480,226
P-1x,529,10.399,16.74,16.70,0.0167,34176,226
P-1x,530,10.413,16.57,16.58,0.0166,34480,226
P-1x,531,10.431,15.22,15.20,0.0152,17032,226
P-1x,532,10.448,17.10,17.10,0.0171,35544,226
P-1x,533,10.465,17.14,17.18,0.0171,34228,226
P-1x,534,10.482,17.19,17.13,0.0172,34176,226
P-1x,535,10.498,16.12,16.18,0.0161,34784,226
P-1x,536,10.513,17.31,17.28,0.0173,35000,226
P-1x,537,10.531,15.24,15.23,0.0152,20632,226
P-1x,538,10.547,15.78,15.79,0.0158,36178,226
P-1x,539,10.566,19.19,19.20,0.0192,35834,226
P-1x,540,10.582,16.14,16.09,0.0161,36138,226
P-1x,541,10.595,15.28,15.31,0.0153,36138,226
P-1x,542,10.613,14.90,14.89,0.0149,17992,226
P-1x,543,10.630,17.17,17.18,0.0172,36442,226
P-1x,544,10.646,16.74,16.72,0.0167,37314,226
P-1x,545,10.662,15.64,15.66,0.0156,26754,226
P-1x,546,10.679,16.95,16.92,0.0170,26806,226
P-1x,547,10.693,16.06,16.09,0.0161,26450,226
P-1x,548,10.708,12.84,12.83,0.0128,17032,226
P-1x,549,10.722,14.85,14.79,0.0148,27666,226
P-1x,550,10.738,15.41,15.48,0.0154,26450,226
P-1x,551,10.751,15.66,15.61,0.0157,26450,226
P-1x,552,10.767,13.96,13.99,0.0140,17032,226
P-1x,553,10.783,15.36,15.31,0.0154,27058,226
P-1x,554,10.795,14.44,14.48,0.0144,26450,226
P-1x,555,10.812,14.51,14.50,0.0145,20632,226
P-1x,556,10.828,16.23,16.20,0.0162,28322,226
P-1x,557,10.843,15.10,15.09,0.0151,27410,226
P-1x,558,10.860,17.16,17.20,0.0172,27666,226
P-1x,559,10.873,15.50,15.50,0.0155,27970,226
P-1x,560,10.888,12.77,12.79,0.0128,18044,226
P-1x,561,10.904,14.63,14.59,0.0146,28274,226
P-1x,562,10.920,17.47,17.49,0.0175,28602,226
P-1x,563,10.932,13.77,13.80,0.0138,18282,226
P-1x,564,10.946,12.06,12.01,0.0121,17032,226
P-1x,565,10.960,14.28,14.30,0.0143,18586,226
P-1x,566,10.971,12.96,12.97,0.0130,18410,226
P-1x,567,10.985,11.81,11.81,0.0118,17032,226
P-1x,568,10.999,13.18,13.20,0.0132,18890,226
P-1x,569,11.011,14.03,14.01,0.0140,18026,226
P-1x,570,11.025,12.31,12.31,0.0123,17032,226
P-1x,571,11.039,14.61,14.60,0.0146,18890,226
P-1x,572,11.052,14.79,14.79,0.0148,18282,226
P-1x,573,11.067,13.19,13.19,0.0132,17032,226
P-1x,574,11.081,13.99,13.99,0.0140,19066,226
P-1x,575,11.093,13.71,13.71,0.0137,18334,226
P-1x,576,11.108,12.21,12.20,0.0122,17032,226
P-1x,577,11.124,16.11,16.07,0.0161,18458,226
P-1x,578,11.135,13.46,13.52,0.0135,17730,226
P-1x,579,11.149,12.13,12.10,0.0121,17032,226
P-1x,580,11.163,14.27,14.29,0.0143,18410,226
P-1x,581,11.178,14.82,14.80,0.0148,17986,226
P-1x,582,11.198,19.52,19.52,0.0195,18282,226
P-1x,583,11.212,15.95,15.96,0.0159,17730,226
P-1x,584,11.226,12.00,11.99,0.0120,17032,226
P-1x,585,11.241,15.25,15.22,0.0153,18242,226
P-1x,586,11.253,13.65,13.70,0.0137,17730,226
P-1x,587,11.266,11.81,11.81,0.0118,17032,226
P-1x,588,11.280,13.60,13.60,0.0136,17986,226
P-1x,589,11.292,14.14,14.10,0.0141,17730,226
P-1x,590,11.305,11.59,11.59,0.0116,17084,226
P-1x,591,11.318,12.97,12.99,0.0130,19170,226
P-1x,592,11.330,13.23,13.20,0.0132,17858,226
P-1x,593,11.344,12.04,12.00,0.0120,17032,226
P-1x,594,11.357,13.36,13.41,0.0134,18242,226
P-1x,595,11.368,12.89,12.89,0.0129,17730,226
P-1x,596,11.383,11.90,11.89,0.0119,17032,226
P-1x,597,11.398,15.91,15.90,0.0159,18410,226
P-1x,598,11.409,12.82,12.80,0.0128,17730,226
P-1x,599,11.422,11.30,11.30,0.0113,17032,226
P-1x,600,11.434,14.39,14.39,0.0144,17730,226
P-1x,601,11.447,10.46,10.49,0.0105,17032,226
P-1x,602,11.460,13.62,13.60,0.0136,18026,226
P-1x,603,11.471,12.59,12.58,0.0126,17730,226
P-1x,604,11.487,10.90,10.90,0.0109,17032,226
P-1x,605,11.502,18.14,18.10,0.0181,17730,226
P-1x,606,11.527,17.95,17.98,0.0179,19862,226
P-1x,607,11.542,22.36,22.32,0.0224,158044,226
P-1x,608,11.558,14.84,14.88,0.0148,20882,226
P-1x,609,11.569,13.41,13.42,0.0134,20498,226
P-1x,610,11.582,11.62,11.59,0.0116,17032,226
P-1x,611,11.593,12.70,12.70,0.0127,21058,226
P-1x,612,11.605,10.76,10.72,0.0108,17032,226
P-1x,613,11.618,12.70,12.77,0.0127,20458,226
P-1x,614,11.632,15.07,15.02,0.0151,20490,226
P-1x,615,11.647,11.46,11.48,0.0115,17032,226
P-1x,616,11.661,15.70,15.71,0.0157,22848,226
P-1x,617,11.672,12.91,12.90,0.0129,19760,226
P-1x,618,11.685,11.28,11.29,0.0113,17032,226
P-1x,619,11.695,12.24,12.21,0.0122,19760,226
P-1x,620,11.707,10.46,10.49,0.0105,17032,226
P-1x,621,11.720,12.03,12.00,0.0120,20116,226
P-1x,622,11.730,12.31,12.31,0.0123,19760,226
P-1x,623,11.742,10.15,10.18,0.0102,17032,226
P-1x,624,11.752,12.31,12.29,0.0123,20080,226
P-1x,625,11.766,10.77,10.81,0.0108,17032,226
P-1x,626,11.782,17.29,17.21,0.0173,17032,226
P-1x,627,11.791,10.55,10.59,0.0106,17336,226
P-1x,628,11.801,8.72,8.70,0.0087,17032,226
P-1x,629,11.811,10.84,10.88,0.0108,17032,226
P-1x,630,11.821,8.29,8.28,0.0083,17032,226
P-1x,631,11.829,10.21,10.20,0.0102,17032,226
P-1x,632,11.839,8.14,8.12,0.0081,17032,226
P-1x,633,11.847,9.78,9.79,0.0098,17032,226
P-1x,634,11.855,8.08,8.08,0.0081,17032,226
P-1x,635,11.865,8.30,8.30,0.0083,17032,226
P-1x,636,11.873,9.85,9.83,0.0098,17032,226
P-1x,637,11.884,8.74,8.77,0.0087,17032,226
P-1x,638,11.892,10.23,10.21,0.0102,17032,226
P-1x,639,11.906,11.17,11.19,0.0112,17072,226
P-1x,640,11.914,10.80,10.80,0.0108,17032,226
P-1x,641,11.927,10.57,10.53,0.0106,19164,226
P-1x,642,11.935,9.82,9.87,0.0098,19920,226
P-1x,643,11.945,8.74,8.69,0.0087,17032,226
P-1x,644,11.953,9.40,9.41,0.0094,19760,226
P-1x,645,11.963,8.07,8.09,0.0081,17032,226
P-1x,646,11.971,10.51,10.48,0.0105,19760,226
P-1x,647,11.983,9.33,9.31,0.0093,17552,226
P-1x,648,11.991,9.99,9.99,0.0100,20498,226
P-1x,649,12.001,8.41,8.40,0.0084,17032,226
P-1x,650,12.009,10.16,9.89,0.0102,20458,226
P-1x,651,12.033,8.76,9.03,0.0088,18664,226
P-1x,652,12.044,24.67,24.69,0.0247,570892,226
P-1x,653,12.061,15.42,15.40,0.0154,20762,226
P-1x,654,12.071,12.82,12.80,0.0128,21626,226
P-1x,655,12.082,8.76,8.78,0.0088,17032,226
P-1x,656,12.089,9.90,9.90,0.0099,21902,226
P-1x,657,12.101,9.39,9.40,0.0094,17032,226
P-1x,658,12.109,10.39,10.38,0.0104,21822,226
P-1x,659,12.120,8.40,8.42,0.0084,17064,226
P-1x,660,12.128,10.11,10.03,0.0101,21176,226
P-1x,661,12.138,7.80,7.86,0.0078,17032,226
P-1x,662,12.146,10.00,9.92,0.0100,21084,226
P-1x,663,12.153,7.69,7.78,0.0077,17032,226
P-1x,664,12.164,8.11,8.09,0.0081,16992,226
P-1x,665,12.173,11.64,11.61,0.0116,21228,226
P-1x,666,12.185,8.06,8.10,0.0081,17032,226
P-1x,667,12.193,11.78,11.77,0.0118,21436,226
P-1x,668,12.203,7.61,7.61,0.0076,17032,226
P-1x,669,12.211,10.30,10.30,0.0103,21124,226
P-1x,670,12.221,7.79,7.79,0.0078,17032,226
P-1x,671,12.229,10.75,10.71,0.0108,21124,226
P-1x,672,12.239,7.61,7.60,0.0076,17032,226
P-1x,673,12.247,10.05,10.08,0.0101,21124,226
P-1x,674,12.259,8.41,8.41,0.0084,17032,226
P-1x,675,12.268,12.07,12.07,0.0121,23886,226
P-1x,676,12.279,8.14,8.12,0.0081,17032,226
P-1x,677,12.287,10.88,10.89,0.0109,21228,226
P-1x,678,12.295,8.02,8.02,0.0080,17032,226
P-1x,679,12.305,7.95,7.97,0.0080,17032,226
P-1x,680,12.313,10.23,10.21,0.0102,21124,226
P-1x,681,12.324,9.19,9.18,0.0092,17032,226
P-1x,682,12.332,9.83,9.82,0.0098,21176,226
P-1x,683,12.342,7.77,7.79,0.0078,17032,226
P-1x,684,12.351,11.73,11.70,0.0117,21124,226
P-1x,685,12.361,7.67,7.68,0.0077,17032,226
P-1x,686,12.369,9.94,9.92,0.0099,21124,226
P-1x,687,12.379,8.38,8.40,0.0084,17032,226
P-1x,688,12.388,10.41,10.39,0.0104,21124,226
P-1x,689,12.398,7.67,7.69,0.0077,17032,226
P-1x,690,12.406,11.13,11.11,0.0111,21124,226
P-1x,691,12.414,7.96,7.98,0.0080,17032,226
P-1x,692,12.424,7.72,7.72,0.0077,17032,226
P-1x,693,12.432,10.00,9.99,0.0100,21124,226
P-1x,694,12.441,7.31,7.29,0.0073,17032,226
P-1x,695,12.448,9.19,9.20,0.0092,21124,226
P-1x,696,12.458,7.50,7.50,0.0075,17032,226
P-1x,697,12.466,9.80,9.79,0.0098,21124,226
P-1x,698,12.473,7.47,7.50,0.0075,17032,226
P-1x,699,12.484,8.26,8.20,0.0083,17032,226
P-1x,700,12.492,10.39,10.40,0.0104,21124,226
P-1x,701,12.502,7.97,7.91,0.0080,17032,226
P-1x,702,12.511,10.39,10.47,0.0104,21124,226
P-1x,703,12.521,8.15,8.11,0.0082,17032,226
P-1x,704,12.528,9.77,9.79,0.0098,22324,226
P-1x,705,12.538,7.38,7.39,0.0074,17404,226
P-1x,706,12.546,10.26,10.21,0.0103,21444,226
P-1x,707,12.554,7.73,7.78,0.0077,17352,226
P-1x,708,12.563,7.00,7.00,0.0070,17352,226
P-1x,709,12.570,9.40,9.39,0.0094,21444,226
P-1x,710,12.580,7.63,7.61,0.0076,17352,226
P-1x,711,12.588,9.64,9.60,0.0096,21444,226
P-1x,712,12.595,7.63,7.69,0.0076,17352,226
P-1x,713,12.606,8.27,8.20,0.0083,17352,226
P-1x,714,12.613,9.81,9.82,0.0098,21444,226
P-1x,715,12.623,6.93,6.99,0.0069,17352,226
P-1x,716,12.631,11.06,11.01,0.0111,21764,226
P-1x,717,12.640,6.86,6.86,0.0069,17032,226
P-1x,718,12.647,9.39,9.40,0.0094,18396,226
P-1x,719,12.655,7.40,7.39,0.0074,17032,226
P-1x,720,12.664,6.87,6.89,0.0069,17032,226
P-1x,721,12.672,10.46,10.42,0.0105,18996,226
P-1x,722,12.681,7.16,7.19,0.0072,17192,226
P-1x,723,12.688,8.80,8.79,0.0088,18556,226
P-1x,724,12.695,6.58,6.60,0.0066,17192,226
P-1x,725,12.704,7.02,7.00,0.0070,17192,226
P-1x,726,12.711,9.09,9.08,0.0091,18556,226
P-1x,727,12.721,7.60,7.62,0.0076,17192,226
P-1x,728,12.728,9.71,9.70,0.0097,18556,226
P-1x,729,12.735,6.99,6.99,0.0070,17192,226
P-1x,730,12.743,6.58,6.60,0.0066,17244,226
P-1x,731,12.750,8.77,8.71,0.0088,18556,226
P-1x,732,12.760,7.81,7.77,0.0078,17192,226
P-1x,733,12.767,9.07,9.12,0.0091,18556,226
P-1x,734,12.774,7.03,7.01,0.0070,17352,226
P-1x,735,12.783,7.25,7.29,0.0072,17032,226
P-1x,736,12.790,8.55,8.51,0.0085,17032,226
P-1x,737,12.799,6.65,6.67,0.0066,17032,226
P-1x,738,12.806,9.29,9.30,0.0093,17032,226
P-1x,739,12.813,6.99,6.99,0.0070,17032,226
P-1x,740,12.822,7.15,7.02,0.0071,17032,226
P-1x,741,12.829,8.71,8.78,0.0087,17032,226
P-1x,742,12.838,6.98,7.01,0.0070,17032,226
P-1x,743,12.844,8.54,8.49,0.0085,17032,226
P-1x,744,12.851,6.75,6.79,0.0067,17032,226
P-1x,745,12.861,7.49,7.50,0.0075,17032,226
P-1x,746,12.868,8.93,8.90,0.0089,17032,226
P-1x,747,12.875,7.37,7.31,0.0074,17032,226
P-1x,748,12.884,7.25,7.30,0.0073,17032,226
P-1x,749,12.891,8.66,8.69,0.0087,17032,226
P-1x,750,12.900,6.77,6.78,0.0068,17032,226
P-1x,751,12.908,10.63,10.50,0.0106,17032,226
P-1x,752,12.918,7.11,7.21,0.0071,17032,226
P-1x,753,12.925,10.01,10.00,0.0100,17032,226
P-1x,754,12.933,7.05,7.09,0.0071,17032,226
P-1x,755,12.941,7.02,7.01,0.0070,17032,226
P-1x,756,12.948,8.22,8.20,0.0082,17084,226
P-1x,757,12.954,6.49,6.51,0.0065,17032,226
P-1x,758,12.964,7.68,7.66,0.0077,17032,226
P-1x,759,12.971,9.61,9.63,0.0096,17032,226
P-1x,760,12.981,6.82,6.79,0.0068,17032,226
P-1x,761,12.989,10.60,10.59,0.0106,17032,226
P-1x,762,12.997,6.67,6.70,0.0067,17032,226
P-1x,763,13.004,8.90,8.90,0.0089,17032,226
P-1x,764,13.011,6.47,6.50,0.0065,17032,226
P-1x,765,13.020,6.82,6.80,0.0068,17032,226
P-1x,766,13.027,9.25,9.22,0.0093,17032,226
P-1x,767,13.034,6.86,6.82,0.0069,17032,226
P-1x,768,13.043,6.55,6.58,0.0066,17032,226
P-1x,769,13.050,9.38,9.39,0.0094,17032,226
P-1x,770,13.058,6.60,6.60,0.0066,17032,226
P-1x,771,13.065,8.41,8.40,0.0084,17032,226
P-1x,772,13.071,6.48,6.50,0.0065,17032,226
P-1x,773,13.080,7.07,7.08,0.0071,17032,226
P-1x,774,13.087,9.13,9.11,0.0091,17032,226
P-1x,775,13.094,6.57,6.59,0.0066,17032,226
P-1x,776,13.103,7.41,7.40,0.0074,17032,226
P-1x,777,13.110,8.43,8.40,0.0084,17032,226
P-1x,778,13.119,7.07,7.09,0.0071,17032,226
P-1x,779,13.126,8.69,8.70,0.0087,17032,226
P-1x,780,13.133,7.00,6.93,0.0070,17032,226
P-1x,781,13.141,6.53,6.56,0.0065,17032,226
P-1x,782,13.148,8.59,8.61,0.0086,17032,226
P-1x,783,13.155,7.00,7.02,0.0070,17084,226
P-1x,784,13.163,6.44,6.46,0.0064,17032,226
P-1x,785,13.169,8.43,8.43,0.0084,17032,226
P-1x,786,13.178,6.69,6.68,0.0067,17032,226
P-1x,787,13.185,8.54,8.51,0.0085,17032,226
P-1x,788,13.192,7.52,7.50,0.0075,17032,226
P-1x,789,13.201,6.40,6.41,0.0064,17032,226
P-1x,790,13.208,9.38,9.37,0.0094,17032,226
P-1x,791,13.215,6.96,7.00,0.0070,17032,226
P-1x,792,13.224,7.56,7.52,0.0076,17032,226
P-1x,793,13.231,8.26,8.30,0.0083,17032,226
P-1x,794,13.239,6.88,6.90,0.0069,17032,226
P-1x,795,13.246,8.55,8.50,0.0086,17032,226
P-1x,796,13.253,6.46,6.50,0.0065,17032,226
P-1x,797,13.262,7.10,7.11,0.0071,17032,226
P-1x,798,13.270,10.32,10.28,0.0103,17032,226
P-1x,799,13.279,6.69,6.72,0.0067,17032,226
P-1x,800,13.286,8.71,8.69,0.0087,17032,226
P-1x,801,13.293,6.98,7.00,0.0070,17032,226
P-1x,802,13.301,6.60,6.59,0.0066,17032,226
P-1x,803,13.308,8.46,8.48,0.0085,17032,226
P-1x,804,13.315,6.85,6.83,0.0069,17032,226
P-1x,805,13.324,7.08,7.09,0.0071,17032,226
P-1x,806,13.330,8.74,8.70,0.0087,17032,226
P-1x,807,13.339,6.86,6.88,0.0069,17032,226
P-1x,808,13.345,8.29,8.29,0.0083,17032,226
P-1x,809,13.352,6.23,6.22,0.0062,17032,226
P-1x,810,13.360,6.87,6.89,0.0069,17084,226
P-1x,811,13.367,7.99,7.99,0.0080,17032,226
P-1x,812,13.373,6.80,6.80,0.0068,17032,226
P-1x,813,13.382,7.04,7.01,0.0070,17032,226
P-1x,814,13.389,8.71,8.71,0.0087,17032,226
P-1x,815,13.397,6.48,6.41,0.0065,17032,226
P-1x,816,13.404,8.11,8.17,0.0081,17032,226
P-1x,817,13.410,6.47,6.49,0.0065,17032,226
P-1x,818,13.419,6.71,6.70,0.0067,17032,226
P-1x,819,13.425,7.76,7.78,0.0078,17032,226
P-1x,820,13.432,6.91,6.83,0.0069,17032,226
P-1x,821,13.440,6.94,6.98,0.0069,17032,226
P-1x,822,13.448,9.09,9.01,0.0091,17032,226
P-1x,823,13.457,8.24,8.29,0.0082,17552,226
P-1x,824,13.464,8.45,8.47,0.0084,17730,226
P-1x,825,13.471,6.63,6.61,0.0066,17032,226
P-1x,826,13.479,6.63,6.61,0.0066,17032,226
P-1x,827,13.485,8.01,8.01,0.0080,17730,226
P-1x,828,13.492,6.16,6.17,0.0062,17032,226
P-1x,829,13.505,7.09,7.10,0.0071,17032,226
P-1x,830,13.513,14.41,14.40,0.0144,167796,226
P-1x,831,13.522,7.36,7.32,0.0074,17032,226
P-1x,832,13.530,9.38,9.40,0.0094,17730,226
P-1x,833,13.538,6.83,6.86,0.0068,17032,226
P-1x,834,13.545,8.89,8.82,0.0089,17730,226
P-1x,835,13.553,7.06,7.09,0.0071,17032,226
P-1x,836,13.562,7.77,7.79,0.0078,17084,226
P-1x,837,13.571,10.26,10.21,0.0103,17730,226
P-1x,838,13.579,7.02,7.09,0.0070,17032,226
P-1x,839,13.586,8.61,8.59,0.0086,17730,226
P-1x,840,13.594,7.36,7.33,0.0074,17032,226
P-1x,841,13.602,7.15,7.17,0.0071,17064,226
P-1x,842,13.610,8.89,8.90,0.0089,17032,226
P-1x,843,13.618,7.32,7.29,0.0073,17032,226
P-1x,844,13.625,8.52,8.51,0.0085,17032,226
P-1x,845,13.632,6.86,6.89,0.0069,17032,226
P-1x,846,13.641,6.81,6.80,0.0068,17032,226
P-1x,847,13.648,8.70,8.68,0.0087,17032,226
P-1x,848,13.656,7.29,7.30,0.0073,17032,226
P-1x,849,13.663,8.02,8.01,0.0080,17032,226
P-1x,850,13.671,7.38,7.39,0.0074,17032,226
P-1x,851,13.679,7.20,7.20,0.0072,17032,226
P-1x,852,13.686,8.45,8.42,0.0084,17032,226
P-1x,853,13.694,7.39,7.39,0.0074,17032,226
P-1x,854,13.702,7.51,7.50,0.0075,17032,226
P-1x,855,13.709,8.10,8.09,0.0081,17032,226
P-1x,856,13.718,7.37,7.40,0.0074,17032,226
P-1x,857,13.725,8.69,8.68,0.0087,17032,226
P-1x,858,13.733,7.52,7.51,0.0075,17032,226
P-1x,859,13.741,6.89,6.90,0.0069,17032,226
P-1x,860,13.748,8.21,8.18,0.0082,17032,226
P-1x,861,13.757,7.61,7.60,0.0076,17032,226
P-1x,862,13.764,8.48,8.49,0.0085,17084,226
P-1x,863,13.771,7.11,7.11,0.0071,17032,226
P-1x,864,13.779,6.57,6.58,0.0066,17032,226
P-1x,865,13.786,8.43,8.40,0.0084,17288,226
P-1x,866,13.793,6.98,7.00,0.0070,17032,226
P-1x,867,13.802,7.03,7.00,0.0070,17032,226
P-1x,868,13.809,8.89,8.91,0.0089,17416,226
P-1x,869,13.817,6.68,6.69,0.0067,17032,226
P-1x,870,13.825,9.21,9.19,0.0092,17456,226
P-1x,871,13.832,6.98,7.00,0.0070,17072,226
P-1x,872,13.840,7.13,7.11,0.0071,17032,226
P-1x,873,13.847,8.00,7.99,0.0080,17032,226
P-1x,874,13.854,7.07,7.09,0.0071,17032,226
P-1x,875,13.862,6.80,6.81,0.0068,17032,226
P-1x,876,13.870,9.07,9.01,0.0091,18568,226
P-1x,877,13.878,6.73,6.78,0.0067,17032,226
P-1x,878,13.885,8.52,8.50,0.0085,17288,226
P-1x,879,13.892,7.02,7.01,0.0070,17032,226
P-1x,880,13.900,6.57,6.60,0.0066,17032,226
P-1x,881,13.908,9.27,9.22,0.0093,17544,226
P-1x,882,13.915,7.00,7.06,0.0070,17032,226
P-1x,883,13.923,7.13,7.11,0.0071,17032,226
P-1x,884,13.931,8.51,8.49,0.0085,17032,226
P-1x,885,13.939,6.80,6.81,0.0068,17032,226
P-1x,886,13.946,8.81,8.80,0.0088,17672,226
P-1x,887,13.953,6.77,6.79,0.0068,17032,226
P-1x,888,13.961,6.91,6.91,0.0069,17032,226
P-1x,889,13.968,8.29,8.29,0.0083,17980,226
P-1x,890,13.977,7.32,7.30,0.0073,17032,226
P-1x,891,13.985,9.74,9.71,0.0097,17032,226
P-1x,892,13.993,7.80,7.81,0.0078,17032,226
P-1x,893,14.002,7.29,7.29,0.0073,17032,226
P-1x,894,14.009,8.27,8.28,0.0083,17800,226
P-1x,895,14.017,7.25,7.01,0.0073,17032,226
P-1x,896,14.024,8.05,8.30,0.0080,17288,226
P-1x,897,14.031,7.14,7.11,0.0071,17032,226
P-1x,898,14.039,6.84,6.78,0.0068,17032,226
P-1x,899,14.046,8.16,8.20,0.0082,17672,226
P-1x,900,14.053,7.04,6.99,0.0070,17032,226
P-1x,901,14.061,7.14,7.19,0.0071,17032,226
P-1x,902,14.068,7.72,7.70,0.0077,17416,226
P-1x,903,14.075,6.60,6.59,0.0066,17032,226
P-1x,904,14.082,6.10,6.10,0.0061,17032,226
P-1x,905,14.089,8.20,8.20,0.0082,17672,226
P-1x,906,14.095,5.87,5.88,0.0059,17032,226
P-1x,907,14.103,6.59,6.60,0.0066,17032,226
P-1x,908,14.109,7.43,7.42,0.0074,17544,226
P-1x,909,14.115,6.04,6.00,0.0060,17032,226
P-1x,910,14.123,6.68,6.69,0.0067,17032,226
P-1x,911,14.130,7.98,7.99,0.0080,17416,226
P-1x,912,14.138,6.76,6.78,0.0068,17032,226
P-1x,913,14.145,8.13,8.11,0.0081,17160,226
P-1x,914,14.151,6.91,6.90,0.0069,17032,226
P-1x,915,14.159,6.58,6.60,0.0066,17032,226
P-1x,916,14.166,7.94,7.89,0.0079,17160,226
P-1x,917,14.173,6.74,6.79,0.0067,17124,226
P-1x,918,14.181,6.90,6.90,0.0069,17032,226
P-1x,919,14.187,7.93,7.91,0.0079,17160,226
P-1x,920,14.194,6.61,6.60,0.0066,17032,226
P-1x,921,14.205,9.31,9.31,0.0093,17032,226
P-1x,922,14.211,7.90,7.90,0.0079,17032,226
P-1x,923,14.220,7.80,7.78,0.0078,17032,226
P-1x,924,14.227,7.87,7.90,0.0079,17032,226
P-1x,925,14.233,5.97,5.90,0.0060,17032,226
P-1x,926,14.241,6.14,6.21,0.0061,17032,226
P-1x,927,14.247,7.99,7.98,0.0080,17032,226
P-1x,928,14.253,6.00,6.01,0.0060,17032,226
P-1x,929,14.261,6.68,6.68,0.0067,17032,226
P-1x,930,14.272,12.20,12.12,0.0122,17032,226
P-1x,931,14.282,8.81,8.81,0.0088,17032,226
P-1x,932,14.289,8.22,8.28,0.0082,17032,226
P-1x,933,14.295,5.78,5.78,0.0058,17032,226
P-1x,934,14.303,6.25,6.22,0.0062,17032,226
P-1x,935,14.308,7.47,7.49,0.0075,17032,226
P-1x,936,14.319,8.90,8.81,0.0089,17032,226
P-1x,937,14.325,7.90,7.98,0.0079,17032,226
P-1x,938,14.331,5.42,5.41,0.0054,17032,226
P-1x,939,14.338,6.00,6.00,0.0060,17032,226
P-1x,940,14.344,7.09,7.09,0.0071,17032,226
P-1x,941,14.349,5.50,5.50,0.0055,17032,226
P-1x,942,14.357,6.01,6.01,0.0060,17032,226
P-1x,943,14.362,7.30,7.28,0.0073,17032,226
P-1x,944,14.368,5.99,6.01,0.0060,17032,226
P-1x,945,14.374,5.70,5.69,0.0057,17084,226
P-1x,946,14.382,6.52,6.52,0.0065,17032,226
P-1x,947,14.388,7.30,7.28,0.0073,17032,226
P-1x,948,14.394,5.67,5.69,0.0057,17032,226
P-1x,949,14.401,6.41,6.41,0.0064,17032,226
P-1x,950,14.407,7.48,7.48,0.0075,17032,226
P-1x,951,14.413,5.48,5.49,0.0055,17032,226
P-1x,952,14.420,5.93,5.92,0.0059,17032,226
P-1x,953,14.426,7.11,7.11,0.0071,17032,226
P-1x,954,14.432,5.83,5.81,0.0058,17032,226
P-1x,955,14.439,5.79,5.79,0.0058,17032,226
P-1x,956,14.445,6.91,6.90,0.0069,17032,226
P-1x,957,14.451,5.98,5.99,0.0060,17032,226
P-1x,958,14.458,5.50,5.50,0.0055,17032,226
P-1x,959,14.464,7.61,7.60,0.0076,17032,226
P-1x,960,14.470,5.89,5.90,0.0059,17032,226
P-1x,961,14.477,6.19,6.20,0.0062,17032,226
P-1x,962,14.483,7.51,7.50,0.0075,17544,226
P-1x,963,14.489,5.71,5.71,0.0057,17032,226
P-1x,964,14.494,5.56,5.58,0.0056,17032,226
P-1x,965,14.502,5.63,5.61,0.0056,17032,226
P-1x,966,14.508,7.32,7.34,0.0073,17672,226
P-1x,967,14.514,6.28,6.25,0.0063,17032,226
P-1x,968,14.521,5.61,5.62,0.0056,17032,226
P-1x,969,14.527,8.07,8.07,0.0081,17416,226
P-1x,970,14.533,5.82,5.81,0.0058,17032,226
P-1x,971,14.541,6.10,6.11,0.0061,17032,226
P-1x,972,14.547,7.29,7.29,0.0073,17544,226
P-1x,973,14.552,5.71,5.71,0.0057,17032,226
P-1x,974,14.559,5.42,5.45,0.0054,17032,226
P-1x,975,14.565,7.27,7.23,0.0073,17288,226
P-1x,976,14.571,6.10,6.10,0.0061,17032,226
P-1x,977,14.578,5.68,5.69,0.0057,17084,226
P-1x,978,14.584,6.74,6.71,0.0067,17416,226
P-1x,979,14.589,5.37,5.40,0.0054,17032,226
P-1x,980,14.594,5.42,5.41,0.0054,17032,226
P-1x,981,14.601,5.50,5.49,0.0055,17032,226
P-1x,982,14.608,8.17,8.13,0.0082,17544,226
P-1x,983,14.614,5.61,5.66,0.0056,17032,226
P-1x,984,14.620,5.30,5.28,0.0053,17032,226
P-1x,985,14.626,6.79,6.73,0.0068,17288,226
P-1x,986,14.632,5.96,5.99,0.0060,17032,226
P-1x,987,14.639,5.89,5.89,0.0059,17032,226
P-1x,988,14.644,6.77,6.78,0.0068,17672,226
P-1x,989,14.650,5.41,5.41,0.0054,17032,226
P-1x,990,14.658,6.38,6.30,0.0064,17032,226
P-1x,991,14.663,7.04,7.11,0.0070,17288,226
P-1x,992,14.668,5.26,5.26,0.0053,17032,226
P-1x,993,14.674,5.32,5.32,0.0053,17032,226
P-1x,994,14.681,5.72,5.72,0.0057,17032,226
P-1x,995,14.686,6.46,6.47,0.0065,17032,226
P-1x,996,14.691,5.54,5.52,0.0055,17032,226
P-1x,997,14.698,5.36,5.39,0.0054,17032,226
P-1x,998,14.704,7.02,7.01,0.0070,17032,226
P-1x,999,14.709,5.28,5.29,0.0053,17032,226
P-1x,1000,14.714,5.21,5.19,0.0052,17032,226
P-1x,1001,14.721,5.18,5.20,0.0052,17032,226
P-1x,1002,14.726,6.67,6.61,0.0067,17416,226
P-1x,1003,14.732,5.55,5.59,0.0055,17032,226
P-1x,1004,14.739,5.83,5.80,0.0058,17032,226
P-1x,1005,14.744,6.62,6.61,0.0066,17032,226
P-1x,1006,14.750,6.13,6.10,0.0061,17032,226
P-1x,1007,14.757,5.56,5.58,0.0056,17032,226
P-1x,1008,14.762,6.61,6.59,0.0066,17160,226
P-1x,1009,14.768,5.89,5.91,0.0059,17032,226
P-1x,1010,14.774,5.68,5.68,0.0057,17032,226
P-1x,1011,14.781,6.01,6.02,0.0060,17084,226
P-1x,1012,14.787,7.15,7.08,0.0071,17032,226
P-1x,1013,14.793,5.54,5.61,0.0055,17032,226
P-1x,1014,14.800,5.57,5.51,0.0056,17032,226
P-1x,1015,14.805,6.73,6.77,0.0067,17032,226
P-1x,1016,14.810,5.28,5.29,0.0053,17032,226
P-1x,1017,14.817,5.41,5.41,0.0054,17032,226
P-1x,1018,14.823,7.11,7.10,0.0071,17032,226
P-1x,1019,14.828,5.48,5.49,0.0055,17032,226
P-1x,1020,14.834,6.18,6.12,0.0062,17032,226
P-1x,1021,14.841,5.35,5.40,0.0053,17032,226
P-1x,1022,14.847,7.10,7.09,0.0071,17032,226
P-1x,1023,14.852,5.19,5.20,0.0052,17032,226
P-1x,1024,14.859,5.81,5.81,0.0058,17032,226
P-1x,1025,14.864,6.49,6.50,0.0065,17032,226
P-1x,1026,14.870,5.59,5.59,0.0056,17032,226
P-1x,1027,14.877,5.71,5.70,0.0057,17032,226
P-1x,1028,14.883,6.76,6.71,0.0068,17032,226
P-1x,1029,14.888,5.82,5.79,0.0058,17032,226
P-1x,1030,14.894,5.85,5.89,0.0059,17032,226
P-1x,1031,14.901,5.98,6.00,0.0060,17032,226
P-1x,1032,14.908,7.38,7.35,0.0074,17640,226
P-1x,1033,14.913,5.50,5.43,0.0055,17032,226
P-1x,1034,14.920,5.50,5.59,0.0055,17032,226
P-1x,1035,14.927,8.25,8.22,0.0083,18416,226
P-1x,1036,14.933,5.87,5.88,0.0059,17032,226
P-1x,1037,14.939,5.48,5.50,0.0055,17032,226
P-1x,1038,14.945,6.83,6.80,0.0068,18594,226
P-1x,1039,14.951,5.79,5.81,0.0058,17032,226
P-1x,1040,14.957,5.28,5.29,0.0053,17032,226
P-1x,1041,14.963,6.73,6.70,0.0067,17730,226
P-1x,1042,14.968,5.57,5.59,0.0056,17032,226
P-1x,1043,14.974,5.49,5.50,0.0055,17032,226
P-1x,1044,14.981,5.84,5.82,0.0058,17032,226
P-1x,1045,14.986,6.56,6.58,0.0066,18646,226
P-1x,1046,14.992,5.63,5.60,0.0056,17032,226
P-1x,1047,14.999,5.62,5.60,0.0056,17032,226
P-1x,1048,15.004,6.73,6.71,0.0067,17986,226
P-1x,1049,15.011,6.34,6.38,0.0063,17032,226
P-1x,1050,15.017,5.10,5.09,0.0051,17032,226
P-1x,1051,15.023,7.09,7.09,0.0071,18338,226
P-1x,1052,15.028,5.50,5.50,0.0055,17032,226
P-1x,1053,15.034,6.12,6.09,0.0061,17032,226
P-1x,1054,15.042,5.75,5.80,0.0058,17032,226
P-1x,1055,15.047,7.42,7.40,0.0074,18642,226
P-1x,1056,15.053,5.59,5.58,0.0056,17032,226
P-1x,1057,15.061,6.45,6.42,0.0065,17032,226
P-1x,1058,15.067,7.29,7.30,0.0073,17730,226
P-1x,1059,15.073,5.86,5.88,0.0059,17032,226
P-1x,1060,15.080,5.69,5.69,0.0057,17032,226
P-1x,1061,15.086,7.29,7.30,0.0073,18338,226
P-1x,1062,15.092,5.86,5.83,0.0059,17032,226
P-1x,1063,15.098,5.49,5.49,0.0055,17032,226
P-1x,1064,15.104,6.77,6.70,0.0068,18338,226
P-1x,1065,15.109,5.39,5.47,0.0054,17032,226
P-1x,1066,15.116,5.82,5.81,0.0058,17032,226
P-1x,1067,15.122,6.75,6.72,0.0068,17730,226
P-1x,1068,15.128,5.97,5.97,0.0060,17032,226
P-1x,1069,15.134,6.18,6.20,0.0062,17032,226
P-1x,1070,15.141,6.02,6.00,0.0060,17032,226
P-1x,1071,15.147,7.30,7.31,0.0073,18338,226
P-1x,1072,15.153,5.78,5.79,0.0058,17032,226
P-1x,1073,15.160,5.98,5.98,0.0060,17032,226
P-1x,1074,15.166,6.79,6.79,0.0068,18034,226
P-1x,1075,15.172,5.90,5.89,0.0059,17032,226
P-1x,1076,15.179,5.64,5.60,0.0056,17032,226
P-1x,1077,15.185,7.19,7.19,0.0072,18338,226
P-1x,1078,15.190,5.19,5.22,0.0052,17084,226
P-1x,1079,15.197,5.40,5.40,0.0054,17032,226
P-1x,1080,15.203,7.50,7.49,0.0075,17730,226
P-1x,1081,15.208,5.65,5.61,0.0056,17032,226
P-1x,1082,15.214,5.47,5.51,0.0055,17032,226
P-1x,1083,15.221,5.58,5.58,0.0056,17032,226
P-1x,1084,15.226,6.85,6.81,0.0068,18034,226
P-1x,1085,15.231,5.34,5.38,0.0053,17032,226
P-1x,1086,15.238,5.56,5.52,0.0056,17032,226
P-1x,1087,15.244,6.97,6.98,0.0070,17730,226
P-1x,1088,15.250,6.01,6.01,0.0060,17032,226
P-1x,1089,15.257,5.57,5.58,0.0056,17032,226
P-1x,1090,15.263,7.09,7.10,0.0071,18338,226
P-1x,1091,15.268,5.30,5.29,0.0053,17032,226
P-1x,1092,15.274,5.52,5.51,0.0055,17032,226
P-1x,1093,15.281,5.91,5.91,0.0059,17032,226
P-1x,1094,15.286,6.32,6.29,0.0063,18770,226
P-1x,1095,15.292,5.83,5.82,0.0058,17032,226
P-1x,1096,15.298,5.29,5.28,0.0053,17032,226
P-1x,1097,15.304,6.75,6.78,0.0068,17730,226
P-1x,1098,15.310,6.27,6.30,0.0063,17032,226
P-1x,1099,15.317,5.63,5.61,0.0056,17032,226
P-1x,1100,15.323,7.39,7.39,0.0074,18338,226
P-1x,1101,15.328,5.60,5.60,0.0056,17032,226
P-1x,1102,15.334,5.91,5.90,0.0059,17032,226
P-1x,1103,15.341,5.61,5.60,0.0056,17032,226
P-1x,1104,15.347,6.98,6.99,0.0070,18034,226
P-1x,1105,15.353,5.70,5.70,0.0057,17032,226
P-1x,1106,15.360,5.98,6.00,0.0060,17032,226
P-1x,1107,15.366,6.96,6.89,0.0070,18642,226
P-1x,1108,15.372,6.15,6.19,0.0062,17032,226
P-1x,1109,15.379,5.74,5.71,0.0057,17032,226
P-1x,1110,15.384,6.87,6.90,0.0069,17730,226
P-1x,1111,15.390,5.72,5.70,0.0057,17032,226
P-1x,1112,15.397,5.71,5.70,0.0057,17084,226
P-1x,1113,15.403,7.01,7.00,0.0070,17730,226
P-1x,1114,15.408,5.46,5.48,0.0055,17032,226
P-1x,1115,15.414,5.85,5.81,0.0058,17032,226
P-1x,1116,15.422,5.85,5.89,0.0059,17032,226
P-1x,1117,15.427,7.33,7.31,0.0073,18338,226
P-1x,1118,15.433,6.09,6.09,0.0061,17032,226
P-1x,1119,15.440,5.66,5.69,0.0057,17032,226
P-1x,1120,15.446,7.26,7.23,0.0073,18770,226
P-1x,1121,15.452,5.64,5.67,0.0056,17032,226
P-1x,1122,15.459,5.98,5.98,0.0060,17032,226
P-1x,1123,15.465,6.53,6.52,0.0065,17730,226
P-1x,1124,15.470,5.83,5.80,0.0058,17032,226
P-1x,1125,15.478,5.87,5.88,0.0059,17032,226
P-1x,1126,15.483,6.81,6.81,0.0068,17730,226
P-1x,1127,15.489,6.27,6.28,0.0063,17032,226
P-1x,1128,15.497,6.04,6.01,0.0060,17032,226
P-1x,1129,15.502,7.02,7.01,0.0070,17730,226
P-1x,1130,15.508,5.79,5.78,0.0058,17032,226
P-1x,1131,15.514,5.57,5.60,0.0056,17032,226
P-1x,1132,15.521,5.48,5.49,0.0055,17032,226
P-1x,1133,15.526,7.24,7.20,0.0072,19250,226
P-1x,1134,15.532,5.90,5.90,0.0059,17032,226
P-1x,1135,15.540,6.07,6.09,0.0061,17032,226
P-1x,1136,15.545,6.64,6.61,0.0066,17730,226
P-1x,1137,15.551,5.77,5.78,0.0058,17032,226
P-1x,1138,15.559,6.74,6.67,0.0067,17032,226
P-1x,1139,15.565,7.31,7.34,0.0073,17730,226
P-1x,1140,15.571,6.18,6.19,0.0062,17032,226
P-1x,1141,15.579,6.19,6.19,0.0062,17032,226
P-1x,1142,15.584,7.02,7.00,0.0070,18642,226
P-1x,1143,15.590,5.38,5.41,0.0054,17032,226
P-1x,1144,15.597,5.99,5.97,0.0060,17032,226
P-1x,1145,15.603,7.02,7.02,0.0070,17782,226
P-1x,1146,15.609,6.37,6.38,0.0064,17032,226
P-1x,1147,15.615,5.94,5.91,0.0059,17032,226
P-1x,1148,15.622,5.70,5.70,0.0057,17032,226
P-1x,1149,15.627,6.87,6.89,0.0069,17730,226
P-1x,1150,15.633,5.79,5.79,0.0058,17032,226
P-1x,1151,15.640,5.23,5.21,0.0052,17032,226
P-1x,1152,15.645,6.83,6.81,0.0068,17730,226
P-1x,1153,15.651,5.56,5.59,0.0056,17032,226
P-1x,1154,15.659,6.58,6.58,0.0066,17032,226
P-1x,1155,15.665,7.10,7.09,0.0071,18762,226
P-1x,1156,15.671,5.96,5.93,0.0060,17032,226
P-1x,1157,15.683,5.57,5.60,0.0056,17032,226
P-1x,1158,15.692,14.95,14.82,0.0150,92932,226
P-1x,1159,15.701,7.83,7.87,0.0078,17032,226
P-1x,1160,15.708,9.19,9.18,0.0092,18354,226
P-1x,1161,15.715,6.29,6.33,0.0063,17032,226
P-1x,1162,15.722,6.62,6.65,0.0066,17032,226
P-1x,1163,15.729,8.10,8.11,0.0081,17730,226
P-1x,1164,15.737,6.43,6.41,0.0064,17032,226
P-1x,1165,15.743,7.11,7.10,0.0071,17730,226
P-1x,1166,15.748,5.67,5.69,0.0057,17032,226
P-1x,1167,15.755,6.51,6.50,0.0065,17032,226
P-1x,1168,15.762,5.77,5.78,0.0058,17032,226
P-1x,1169,15.768,7.03,7.02,0.0070,18354,226
P-1x,1170,15.774,6.33,6.30,0.0063,17064,226
P-1x,1171,15.782,6.55,6.57,0.0065,17032,226
P-1x,1172,15.788,7.15,7.12,0.0072,17656,226
P-1x,1173,15.794,6.07,6.09,0.0061,17032,226
P-1x,1174,15.801,5.58,5.58,0.0056,17032,226
P-1x,1175,15.808,8.69,8.69,0.0087,17084,226
P-1x,1176,15.815,6.42,6.42,0.0064,17032,226
P-1x,1177,15.822,6.48,6.49,0.0065,17032,226
P-1x,1178,15.829,7.85,7.74,0.0078,17968,226
P-1x,1179,15.835,6.07,6.16,0.0061,17032,226
P-1x,1180,15.842,5.78,5.79,0.0058,17032,226
P-1x,1181,15.849,7.82,7.83,0.0078,17656,226
P-1x,1182,15.855,6.21,6.19,0.0062,17032,226
P-1x,1183,15.862,5.67,5.69,0.0057,17032,226
P-1x,1184,15.867,7.23,7.21,0.0072,17032,226
P-1x,1185,15.874,6.19,6.20,0.0062,17032,226
P-1x,1186,15.881,6.30,6.29,0.0063,17032,226
P-1x,1187,15.887,6.89,6.91,0.0069,17344,226
P-1x,1188,15.893,6.02,5.99,0.0060,17032,226
P-1x,1189,15.900,5.98,6.01,0.0060,17032,226
P-1x,1190,15.908,9.15,9.08,0.0091,17344,226
P-1x,1191,15.914,6.16,6.21,0.0062,17032,226
P-1x,1192,15.922,6.03,5.91,0.0060,17032,226
P-1x,1193,15.927,7.25,7.39,0.0072,17656,226
P-1x,1194,15.934,6.38,6.33,0.0064,17032,226
P-1x,1195,15.941,5.85,5.88,0.0058,17032,226
P-1x,1196,15.947,7.48,7.49,0.0075,17472,226
P-1x,1197,15.953,6.00,6.00,0.0060,17032,226
P-1x,1198,15.960,6.19,6.21,0.0062,17032,226
P-1x,1199,15.967,7.30,7.29,0.0073,17032,226
P-1x,1200,15.973,6.10,6.11,0.0061,17032,226
P-1x,1201,15.980,6.53,6.50,0.0065,17032,226
P-1x,1202,15.986,7.11,7.10,0.0071,17656,226
P-1x,1203,15.993,6.26,6.30,0.0063,17032,226
P-1x,1204,16.000,6.03,5.99,0.0060,17032,226
P-1x,1205,16.006,7.49,7.51,0.0075,17032,226
P-1x,1206,16.012,6.15,6.17,0.0061,17084,226
P-1x,1207,16.020,6.02,5.81,0.0060,17032,226
P-1x,1208,16.025,6.93,7.11,0.0069,17344,226
P-1x,1209,16.031,5.93,5.90,0.0059,17032,226
P-1x,1210,16.038,5.91,5.89,0.0059,17032,226
P-1x,1211,16.044,7.08,7.11,0.0071,17032,226
P-1x,1212,16.050,5.86,5.87,0.0059,17032,226
P-1x,1213,16.059,7.44,7.40,0.0074,17032,226
P-1x,1214,16.065,7.67,7.71,0.0077,18040,226
P-1x,1215,16.071,6.25,6.21,0.0063,17032,226
P-1x,1216,16.079,6.08,6.09,0.0061,17032,226
P-1x,1217,16.085,7.41,7.38,0.0074,17160,226
P-1x,1218,16.090,5.48,5.49,0.0055,17032,226
P-1x,1219,16.099,7.01,7.02,0.0070,17032,226
P-1x,1220,16.105,7.88,7.88,0.0079,18224,226
P-1x,1221,16.112,6.35,6.38,0.0064,17456,226
P-1x,1222,16.120,6.52,6.44,0.0065,17072,226
P-1x,1223,16.126,7.71,7.76,0.0077,18088,226
P-1x,1224,16.132,6.23,6.22,0.0062,17032,226
P-1x,1225,16.139,5.82,5.80,0.0058,17032,226
P-1x,1226,16.148,9.68,9.68,0.0097,19112,226
P-1x,1227,16.154,6.19,6.20,0.0062,17032,226
P-1x,1228,16.161,6.00,5.99,0.0060,17032,226
P-1x,1229,16.167,7.21,7.21,0.0072,20072,226
P-1x,1230,16.173,6.09,6.10,0.0061,18120,226
P-1x,1231,16.181,6.18,6.18,0.0062,17032,226
P-1x,1232,16.187,7.31,7.30,0.0073,20824,226
P-1x,1233,16.192,5.61,5.62,0.0056,17032,226
P-1x,1234,16.199,5.71,5.68,0.0057,17032,226
P-1x,1235,16.205,7.02,7.01,0.0070,19760,226
P-1x,1236,16.211,6.06,6.07,0.0061,17032,226
P-1x,1237,16.218,5.73,5.73,0.0057,17084,226
P-1x,1238,16.224,7.54,7.57,0.0075,19760,226
P-1x,1239,16.230,6.20,6.19,0.0062,17032,226
P-1x,1240,16.238,5.59,5.60,0.0056,17032,226
P-1x,1241,16.243,7.31,7.31,0.0073,20512,226
P-1x,1242,16.250,6.06,6.01,0.0061,17032,226
P-1x,1243,16.257,6.20,6.20,0.0062,17032,226
P-1x,1244,16.263,7.01,7.02,0.0070,19888,226
P-1x,1245,16.268,5.55,5.57,0.0056,17032,226
P-1x,1246,16.274,5.78,5.79,0.0058,17032,226
P-1x,1247,16.282,6.22,6.20,0.0062,17032,226
P-1x,1248,16.288,7.74,7.69,0.0077,23104,226
P-1x,1249,16.294,5.55,5.59,0.0055,17032,226
P-1x,1250,16.301,6.18,6.13,0.0062,17032,226
P-1x,1251,16.308,7.84,7.87,0.0078,19760,226
P-1x,1252,16.313,5.94,5.91,0.0059,17032,226
P-1x,1253,16.321,5.95,5.98,0.0060,17032,226
P-1x,1254,16.327,7.49,7.49,0.0075,20616,226
P-1x,1255,16.333,6.23,6.21,0.0062,17032,226
P-1x,1256,16.340,5.78,5.79,0.0058,17032,226
P-1x,1257,16.346,7.20,7.20,0.0072,22048,226
P-1x,1258,16.352,5.92,5.91,0.0059,17032,226
P-1x,1259,16.359,5.98,5.98,0.0060,17032,226
P-1x,1260,16.365,7.02,7.01,0.0070,19888,226
P-1x,1261,16.371,5.77,5.80,0.0058,17032,226
P-1x,1262,16.378,5.92,5.91,0.0059,17192,226
P-1x,1263,16.384,7.16,7.10,0.0072,19124,226
P-1x,1264,16.389,5.42,5.47,0.0054,17032,226
P-1x,1265,16.395,5.51,5.51,0.0055,17032,226
P-1x,1266,16.411,6.63,6.58,0.0066,17552,226
P-1x,1267,16.419,16.32,16.31,0.0163,30796,226
P-1x,1268,16.426,8.00,7.99,0.0080,19146,226
P-1x,1269,16.433,7.08,7.02,0.0071,17032,226
P-1x,1270,16.440,5.95,6.04,0.0060,17032,226
P-1x,1271,16.447,8.31,8.31,0.0083,20886,226
P-1x,1272,16.454,6.35,6.31,0.0064,17032,226
P-1x,1273,16.461,6.74,6.78,0.0067,17032,226
P-1x,1274,16.468,8.16,8.12,0.0082,19862,226
P-1x,1275,16.476,6.68,6.71,0.0067,17032,226
P-1x,1276,16.483,8.09,8.09,0.0081,19222,226
P-1x,1277,16.490,6.39,6.40,0.0064,17032,226
P-1x,1278,16.498,6.82,6.79,0.0068,17192,226
P-1x,1279,16.504,7.99,8.00,0.0080,19074,226
P-1x,1280,16.511,6.40,6.40,0.0064,17032,226
P-1x,1281,16.519,6.72,6.70,0.0067,17032,226
P-1x,1282,16.526,8.15,8.17,0.0082,18330,226
P-1x,1283,16.532,6.70,6.71,0.0067,17032,226
P-1x,1284,16.540,5.93,5.91,0.0059,17032,226
P-1x,1285,16.547,8.38,8.39,0.0084,17986,226
P-1x,1286,16.553,6.27,6.30,0.0063,17032,226
P-1x,1287,16.561,6.62,6.60,0.0066,17032,226
P-1x,1288,16.568,8.13,8.11,0.0081,18330,226
P-1x,1289,16.574,6.50,6.50,0.0065,17032,226
P-1x,1290,16.582,6.50,6.49,0.0065,17032,226
P-1x,1291,16.588,7.29,7.29,0.0073,17858,226
P-1x,1292,16.594,6.42,6.41,0.0064,17032,226
P-1x,1293,16.602,6.19,6.18,0.0062,17032,226
P-1x,1294,16.608,7.77,7.79,0.0078,19194,226
P-1x,1295,16.614,5.84,5.82,0.0058,17032,226
P-1x,1296,16.622,6.05,6.07,0.0060,17032,226
P-1x,1297,16.627,7.05,7.02,0.0070,18990,226
P-1x,1298,16.633,6.21,6.20,0.0062,17032,226
P-1x,1299,16.640,5.73,5.78,0.0057,17032,226
P-1x,1300,16.647,7.86,7.82,0.0079,22020,226
P-1x,1301,16.653,6.28,6.30,0.0063,17032,226
P-1x,1302,16.661,6.57,6.59,0.0066,17032,226
P-1x,1303,16.667,7.27,7.22,0.0073,19850,226
P-1x,1304,16.673,6.14,6.17,0.0061,17032,226
P-1x,1305,16.681,6.30,6.29,0.0063,17032,226
P-1x,1306,16.687,7.73,7.71,0.0077,21770,226
P-1x,1307,16.693,5.92,5.91,0.0059,17032,226
P-1x,1308,16.700,5.71,5.71,0.0057,17032,226
P-1x,1309,16.706,6.94,6.97,0.0069,19970,226
P-1x,1310,16.712,6.38,6.33,0.0064,17032,226
P-1x,1311,16.719,5.86,5.89,0.0059,17032,226
P-1x,1312,16.726,7.56,7.57,0.0076,18162,226
P-1x,1313,16.732,5.91,5.92,0.0059,17032,226
P-1x,1314,16.739,6.30,6.30,0.0063,17032,226
P-1x,1315,16.745,7.01,7.00,0.0070,18954,226
P-1x,1316,16.751,6.30,6.29,0.0063,17032,226
P-1x,1317,16.759,6.28,6.30,0.0063,17032,226
P-1x,1318,16.765,7.19,7.18,0.0072,21978,226
P-1x,1319,16.771,6.51,6.51,0.0065,17032,226
P-1x,1320,16.779,6.01,5.99,0.0060,17032,226
P-1x,1321,16.784,7.20,7.21,0.0072,17858,226
P-1x,1322,16.790,5.83,5.81,0.0058,17032,226
P-1x,1323,16.797,5.97,5.97,0.0060,17032,226
P-1x,1324,16.804,7.88,7.91,0.0079,21698,226
P-1x,1325,16.810,5.82,5.80,0.0058,17032,226
P-1x,1326,16.818,6.11,6.10,0.0061,17032,226
P-1x,1327,16.824,7.83,7.81,0.0078,17858,226
P-1x,1328,16.830,6.60,6.60,0.0066,17084,226
P-1x,1329,16.837,5.58,5.60,0.0056,17032,226
P-1x,1330,16.843,6.82,6.79,0.0068,19866,226
P-1x,1331,16.849,5.96,5.98,0.0060,17032,226
P-1x,1332,16.855,5.89,5.89,0.0059,17032,226
P-1x,1333,16.862,5.80,5.80,0.0058,17032,226
P-1x,1334,16.868,7.38,7.30,0.0074,21066,226
P-1x,1335,16.874,6.02,6.08,0.0060,17032,226
P-1x,1336,16.881,6.42,6.41,0.0064,17032,226
P-1x,1337,16.887,7.09,7.10,0.0071,19378,226
P-1x,1338,16.894,6.20,6.19,0.0062,17032,226
P-1x,1339,16.901,5.95,5.90,0.0059,17032,226
P-1x,1340,16.908,8.01,8.02,0.0080,18946,226
P-1x,1341,16.914,6.45,6.48,0.0065,17032,226
P-1x,1342,16.922,6.28,6.29,0.0063,17032,226
P-1x,1343,16.928,7.50,7.50,0.0075,19866,226
P-1x,1344,16.934,6.31,6.31,0.0063,17032,226
P-1x,1345,16.941,5.68,5.69,0.0057,17032,226
P-1x,1346,16.947,7.37,7.31,0.0074,19570,226
P-1x,1347,16.953,6.05,6.10,0.0060,17032,226
P-1x,1348,16.961,6.09,6.09,0.0061,17032,226
P-1x,1349,16.968,8.16,8.11,0.0082,19866,226
P-1x,1350,16.974,6.28,6.29,0.0063,17032,226
P-1x,1351,16.982,6.48,6.49,0.0065,17032,226
P-1x,1352,16.988,7.82,7.82,0.0078,17730,226
P-1x,1353,16.994,5.98,5.98,0.0060,17032,226
P-1x,1354,17.001,6.11,6.10,0.0061,17032,226
P-1x,1355,17.008,7.43,7.44,0.0074,18170,226
P-1x,1356,17.013,5.77,5.78,0.0058,17032,226
P-1x,1357,17.021,5.89,5.87,0.0059,17032,226
P-1x,1358,17.027,7.82,7.81,0.0078,19242,226
P-1x,1359,17.033,6.28,6.29,0.0063,17084,226
P-1x,1360,17.042,6.73,6.70,0.0067,17032,226
P-1x,1361,17.048,7.49,7.49,0.0075,18794,226
P-1x,1362,17.055,7.02,7.01,0.0070,17032,226
P-1x,1363,17.062,6.15,6.19,0.0061,17032,226
P-1x,1364,17.069,8.06,8.02,0.0081,17730,226
P-1x,1365,17.077,6.45,6.47,0.0064,17032,226
P-1x,1366,17.083,7.41,7.41,0.0074,18666,226
P-1x,1367,17.089,6.20,6.21,0.0062,17032,226
P-1x,1368,17.095,5.89,5.90,0.0059,17032,226
P-1x,1369,17.102,5.99,5.99,0.0060,17032,226
P-1x,1370,17.108,6.88,6.82,0.0069,19826,226
P-1x,1371,17.113,5.92,5.96,0.0059,17032,226
P-1x,1372,17.134,6.13,6.11,0.0061,17032,226
P-1x,1373,17.144,22.89,22.89,0.0229,676700,226
P-1x,1374,17.151,8.59,8.59,0.0086,17730,226
P-1x,1375,17.160,7.26,7.21,0.0073,17032,226
P-1x,1376,17.167,8.37,8.40,0.0084,18842,226
P-1x,1377,17.174,6.99,7.01,0.0070,17032,226
P-1x,1378,17.182,6.98,6.99,0.0070,17032,226
P-1x,1379,17.189,8.41,8.39,0.0084,18666,226
P-1x,1380,17.197,6.76,6.71,0.0068,17032,226
P-1x,1381,17.204,7.86,7.90,0.0079,17858,226
P-1x,1382,17.211,6.86,6.88,0.0069,17032,226
P-1x,1383,17.219,7.03,7.01,0.0070,17064,226
P-1x,1384,17.226,8.17,8.18,0.0082,20152,226
P-1x,1385,17.232,6.40,6.41,0.0064,17032,226
P-1x,1386,17.240,6.81,6.80,0.0068,17084,226
P-1x,1387,17.247,8.20,8.19,0.0082,17968,226
P-1x,1388,17.254,6.30,6.31,0.0063,17032,226
P-1x,1389,17.262,6.79,6.80,0.0068,17032,226
P-1x,1390,17.269,8.52,8.50,0.0085,18352,226
P-1x,1391,17.277,6.68,6.70,0.0067,17032,226
P-1x,1392,17.284,8.82,8.80,0.0088,18080,226
P-1x,1393,17.291,6.75,6.72,0.0067,17032,226
P-1x,1394,17.299,6.45,6.47,0.0065,17032,226
P-1x,1395,17.306,8.29,8.30,0.0083,19488,226
P-1x,1396,17.313,6.79,6.81,0.0068,17032,226
P-1x,1397,17.320,6.29,6.29,0.0063,17032,226
P-1x,1398,17.327,7.75,7.71,0.0078,18880,226
P-1x,1399,17.334,6.80,6.80,0.0068,17032,226
P-1x,1400,17.342,6.55,6.57,0.0065,17032,226
P-1x,1401,17.349,8.45,8.41,0.0084,18888,226
P-1x,1402,17.357,7.08,7.10,0.0071,17032,226
P-1x,1403,17.364,8.21,8.19,0.0082,18376,226
P-1x,1404,17.371,6.99,6.92,0.0070,17032,226
P-1x,1405,17.379,6.88,6.97,0.0069,17032,226
P-1x,1406,17.385,7.65,7.61,0.0076,17952,226
P-1x,1407,17.392,6.66,6.68,0.0067,17032,226
P-1x,1408,17.400,6.59,6.59,0.0066,17032,226
P-1x,1409,17.408,9.07,9.06,0.0091,19312,226
P-1x,1410,17.414,6.34,6.33,0.0063,17032,226
P-1x,1411,17.422,7.01,6.99,0.0070,17032,226
P-1x,1412,17.429,7.69,7.62,0.0077,19808,226
P-1x,1413,17.435,6.21,6.29,0.0062,17032,226
P-1x,1414,17.443,6.81,6.82,0.0068,17084,226
P-1x,1415,17.450,8.43,8.41,0.0084,18584,226
P-1x,1416,17.459,7.50,7.53,0.0075,17032,226
P-1x,1417,17.466,8.09,8.07,0.0081,19192,226
P-1x,1418,17.472,6.77,6.77,0.0068,17032,226
P-1x,1419,17.481,6.80,6.82,0.0068,17032,226
P-1x,1420,17.487,8.00,7.98,0.0080,19216,226
P-1x,1421,17.494,6.47,6.50,0.0065,17032,226
P-1x,1422,17.502,6.84,6.82,0.0068,17032,226
P-1x,1423,17.509,8.20,8.19,0.0082,17032,226
P-1x,1424,17.517,6.57,6.60,0.0066,17032,226
P-1x,1425,17.525,9.25,9.21,0.0092,18592,226
P-1x,1426,17.531,6.26,6.30,0.0063,17032,226
P-1x,1427,17.539,7.01,6.99,0.0070,17032,226
P-1x,1428,17.546,8.05,8.03,0.0080,20168,226
P-1x,1429,17.552,6.15,6.17,0.0061,17032,226
P-1x,1430,17.560,6.29,6.29,0.0063,17032,226
P-1x,1431,17.567,8.53,8.52,0.0085,17336,226
P-1x,1432,17.573,6.57,6.58,0.0066,17032,226
P-1x,1433,17.581,6.73,6.71,0.0067,17032,226
P-1x,1434,17.588,7.73,7.71,0.0077,17160,226
P-1x,1435,17.594,6.05,6.09,0.0060,17032,226
P-1x,1436,17.602,6.18,6.18,0.0062,17032,226
P-1x,1437,17.609,8.63,8.61,0.0086,18592,226
P-1x,1438,17.617,6.36,6.38,0.0064,17576,226
P-1x,1439,17.623,8.12,8.11,0.0081,18600,226
P-1x,1440,17.630,6.51,6.50,0.0065,17032,226
P-1x,1441,17.638,6.26,6.21,0.0063,17032,226
P-1x,1442,17.644,8.55,8.59,0.0085,17708,226
P-1x,1443,17.651,6.20,6.18,0.0062,17032,226
P-1x,1444,17.659,6.94,6.89,0.0069,17032,226
P-1x,1445,17.665,7.44,7.50,0.0074,17032,226
P-1x,1446,17.671,6.24,6.21,0.0062,17032,226
P-1x,1447,17.679,5.90,5.90,0.0059,17032,226
P-1x,1448,17.686,8.21,8.20,0.0082,17976,226
P-1x,1449,17.691,5.75,5.77,0.0057,17032,226
P-1x,1450,17.699,6.21,6.21,0.0062,17032,226
P-1x,1451,17.706,8.11,8.09,0.0081,17344,226
P-1x,1452,17.711,5.86,5.90,0.0059,17032,226
P-1x,1453,17.719,5.93,5.91,0.0059,17032,226
P-1x,1454,17.726,8.08,8.01,0.0081,18096,226
P-1x,1455,17.731,5.82,5.88,0.0058,17032,226
P-1x,1456,17.739,6.43,6.40,0.0064,17032,226
P-1x,1457,17.745,7.64,7.60,0.0076,17344,226
P-1x,1458,17.751,5.99,6.01,0.0060,17032,226
P-1x,1459,17.760,6.31,6.34,0.0063,17032,226
P-1x,1460,17.767,8.64,8.64,0.0086,18616,226
P-1x,1461,17.773,6.59,6.60,0.0066,17032,226
P-1x,1462,17.781,6.27,6.21,0.0063,17064,226
P-1x,1463,17.787,8.23,8.28,0.0082,18360,226
P-1x,1464,17.794,6.20,6.21,0.0062,17032,226
P-1x,1465,17.802,6.32,6.28,0.0063,17032,226
P-1x,1466,17.808,8.30,8.31,0.0083,18592,226
P-1x,1467,17.814,6.05,6.09,0.0061,17032,226
P-1x,1468,17.823,6.50,6.49,0.0065,17032,226
P-1x,1469,17.829,8.21,8.21,0.0082,17968,226
P-1x,1470,17.837,6.51,6.50,0.0065,19834,226
P-1x,1471,17.844,8.75,8.71,0.0087,18296,226
P-1x,1472,17.851,6.66,6.68,0.0067,17084,226
P-1x,1473,17.860,6.79,6.77,0.0068,17032,226
P-1x,1474,17.866,8.69,8.72,0.0087,19232,226
P-1x,1475,17.873,6.49,6.50,0.0065,17032,226
P-1x,1476,17.882,6.94,6.92,0.0069,17552,226
P-1x,1477,17.889,8.88,8.90,0.0089,19562,226
P-1x,1478,17.897,6.41,6.40,0.0064,17032,226
P-1x,1479,17.903,8.03,7.99,0.0080,18978,226
P-1x,1480,17.910,6.73,6.77,0.0067,17032,226
P-1x,1481,17.918,6.27,6.22,0.0063,17032,226
P-1x,1482,17.924,7.79,7.81,0.0078,19922,226
P-1x,1483,17.930,6.46,6.47,0.0065,17032,226
P-1x,1484,17.938,6.04,6.02,0.0060,17032,226
P-1x,1485,17.944,7.70,7.70,0.0077,18978,226
P-1x,1486,17.951,6.37,6.39,0.0064,17032,226
P-1x,1487,17.960,7.18,7.16,0.0072,17032,226
P-1x,1488,17.966,8.27,8.30,0.0083,19290,226
P-1x,1489,17.973,6.76,6.74,0.0068,17032,226
P-1x,1490,17.980,5.89,5.89,0.0059,17032,226
P-1x,1491,17.987,8.21,8.20,0.0082,19122,226
P-1x,1492,17.994,6.88,6.89,0.0069,17032,226
P-1x,1493,18.002,6.69,6.70,0.0067,17032,226
P-1x,1494,18.008,7.50,7.48,0.0075,20770,226
P-1x,1495,18.014,6.20,6.22,0.0062,17032,226
P-1x,1496,18.023,7.03,6.80,0.0070,17032,226
P-1x,1497,18.030,8.48,8.69,0.0085,20314,226
P-1x,1498,18.038,6.63,6.60,0.0066,17032,226
P-1x,1499,18.044,7.98,8.00,0.0080,18354,226
P-1x,1500,18.051,6.40,6.31,0.0064,17032,226
P-1x,1501,18.060,7.05,7.14,0.0070,17084,226
P-1x,1502,18.066,8.74,8.75,0.0087,18162,226
P-1x,1503,18.073,6.88,6.88,0.0069,17032,226
P-1x,1504,18.081,6.49,6.45,0.0065,17032,226
P-1x,1505,18.088,8.15,8.16,0.0082,19594,226
P-1x,1506,18.094,6.20,6.20,0.0062,17032,226
P-1x,1507,18.102,6.13,6.11,0.0061,17032,226
P-1x,1508,18.108,7.78,7.79,0.0078,17730,226
P-1x,1509,18.114,6.26,6.28,0.0063,17032,226
P-1x,1510,18.123,6.62,6.60,0.0066,17032,226
P-1x,1511,18.129,8.50,8.51,0.0085,18050,226
P-1x,1512,18.138,6.40,6.40,0.0064,17032,226
P-1x,1513,18.144,8.22,8.20,0.0082,18690,226
P-1x,1514,18.151,6.68,6.70,0.0067,17032,226
P-1x,1515,18.160,7.03,6.98,0.0070,17032,226
P-1x,1516,18.166,7.78,7.81,0.0078,18042,226
P-1x,1517,18.172,6.50,6.50,0.0065,17032,226
P-1x,1518,18.181,6.49,6.50,0.0065,17032,226
P-1x,1519,18.187,8.61,8.60,0.0086,20194,226
P-1x,1520,18.194,6.59,6.60,0.0066,17032,226
P-1x,1521,18.202,6.60,6.60,0.0066,17032,226
P-1x,1522,18.208,8.07,8.07,0.0081,18946,226
P-1x,1523,18.215,6.22,6.22,0.0062,17032,226
P-1x,1524,18.223,6.61,6.60,0.0066,17032,226
P-1x,1525,18.229,8.05,8.00,0.0080,19250,226
P-1x,1526,18.237,6.14,6.18,0.0061,17032,226
P-1x,1527,18.244,8.14,8.12,0.0081,20186,226
P-1x,1528,18.250,5.96,5.99,0.0060,17032,226
P-1x,1529,18.261,8.29,8.20,0.0083,17032,226
P-1x,1530,18.267,9.41,9.48,0.0094,22654,226
P-1x,1531,18.274,6.32,6.32,0.0063,17032,226
P-1x,1532,18.282,6.32,6.31,0.0063,17032,226
P-1x,1533,18.288,8.35,8.37,0.0084,19554,226
P-1x,1534,18.294,6.13,6.11,0.0061,17032,226
P-1x,1535,18.302,6.07,6.09,0.0061,17032,226
P-1x,1536,18.309,8.25,8.21,0.0083,20162,226
P-1x,1537,18.315,6.07,6.10,0.0061,17032,226
P-1x,1538,18.323,5.69,5.69,0.0057,17032,226
P-1x,1539,18.329,8.70,8.60,0.0087,19858,226
P-1x,1540,18.338,6.35,6.40,0.0064,17032,226
P-1x,1541,18.344,8.07,8.09,0.0081,20226,226
P-1x,1542,18.350,6.35,6.30,0.0064,17032,226
P-1x,1543,18.358,5.99,6.01,0.0060,17064,226
P-1x,1544,18.364,8.52,8.49,0.0085,20088,226
P-1x,1545,18.371,6.84,6.89,0.0068,17032,226
P-1x,1546,18.380,6.38,6.39,0.0064,17032,226
P-1x,1547,18.386,8.02,7.99,0.0080,25512,226
P-1x,1548,18.393,7.22,7.21,0.0072,17616,226
P-1x,1549,18.401,5.86,5.88,0.0059,17072,226
P-1x,1550,18.408,9.55,9.50,0.0095,20152,226
P-1x,1551,18.414,5.95,5.97,0.0060,17032,226
P-1x,1552,18.422,6.11,6.13,0.0061,17032,226
P-1x,1553,18.428,7.71,7.69,0.0077,18880,226
P-1x,1554,18.435,6.52,6.51,0.0065,17032,226
P-1x,1555,18.443,6.30,6.30,0.0063,17032,226
P-1x,1556,18.449,7.98,8.00,0.0080,19824,226
P-1x,1557,18.457,6.60,6.59,0.0066,17032,226
P-1x,1558,18.464,8.29,8.30,0.0083,17344,226
P-1x,1559,18.470,6.30,6.30,0.0063,17084,226
P-1x,1560,18.478,6.15,6.10,0.0061,17032,226
P-1x,1561,18.485,8.49,8.51,0.0085,19808,226
P-1x,1562,18.491,6.24,6.20,0.0062,17032,226
P-1x,1563,18.499,6.35,6.38,0.0063,17032,226
P-1x,1564,18.506,8.32,8.31,0.0083,18880,226
P-1x,1565,18.512,6.05,6.09,0.0061,17032,226
P-1x,1566,18.520,6.23,6.20,0.0062,17032,226
P-1x,1567,18.526,8.40,8.39,0.0084,19880,226
P-1x,1568,18.532,5.98,6.01,0.0060,17032,226
P-1x,1569,18.540,6.21,6.20,0.0062,17032,226
P-1x,1570,18.546,7.91,7.90,0.0079,18584,226
P-1x,1571,18.553,6.16,6.18,0.0062,17032,226
P-1x,1572,18.561,7.12,7.09,0.0071,17032,226
P-1x,1573,18.568,8.61,8.60,0.0086,19504,226
P-1x,1574,18.575,6.18,6.21,0.0062,17032,226
P-1x,1575,18.583,6.52,6.50,0.0065,17032,226
P-1x,1576,18.589,7.85,7.82,0.0078,17464,226
P-1x,1577,18.597,6.46,6.48,0.0065,17032,226
P-1x,1578,18.603,8.19,8.20,0.0082,17344,226
P-1x,1579,18.610,6.41,6.40,0.0064,17032,226
P-1x,1580,18.618,6.20,6.19,0.0062,17032,226
P-1x,1581,18.625,8.70,8.70,0.0087,20176,226
P-1x,1582,18.630,5.69,5.71,0.0057,17032,226
P-1x,1583,18.638,5.92,5.90,0.0059,17032,226
P-1x,1584,18.645,8.20,8.20,0.0082,17968,226
P-1x,1585,18.650,5.65,5.68,0.0057,17032,226
P-1x,1586,18.660,7.60,7.49,0.0076,17032,226
P-1x,1587,18.666,8.15,8.22,0.0082,17344,226
P-1x,1588,18.672,6.36,6.38,0.0064,17084,226
P-1x,1589,18.680,5.70,5.70,0.0057,17032,226
P-1x,1590,18.686,8.24,8.22,0.0082,20048,226
P-1x,1591,18.692,6.18,6.19,0.0062,17032,226
P-1x,1592,18.700,5.88,5.89,0.0059,17032,226
P-1x,1593,18.708,9.44,9.42,0.0094,17344,226
P-1x,1594,18.714,6.48,6.48,0.0065,17032,226
P-1x,1595,18.722,5.99,6.00,0.0060,17032,226
P-1x,1596,18.728,8.02,8.01,0.0080,17032,226
P-1x,1597,18.735,6.58,6.58,0.0066,17032,226
P-1x,1598,18.742,5.59,5.59,0.0056,17032,226
P-1x,1599,18.748,7.85,7.81,0.0079,18632,226
P-1x,1600,18.754,5.90,5.91,0.0059,17032,226
P-1x,1601,18.762,6.17,6.19,0.0062,17032,226
P-1x,1602,18.769,8.51,8.49,0.0085,17648,226
P-1x,1603,18.777,6.38,6.39,0.0064,17032,226
P-1x,1604,18.784,8.30,8.30,0.0083,17968,226
P-1x,1605,18.789,5.78,5.80,0.0058,17032,226
P-1x,1606,18.797,6.00,6.01,0.0060,17032,226
P-1x,1607,18.804,8.32,8.30,0.0083,17656,226
P-1x,1608,18.810,6.33,6.31,0.0063,17032,226
P-1x,1609,18.819,6.58,6.48,0.0066,17032,226
P-1x,1610,18.825,8.69,8.79,0.0087,18616,226
P-1x,1611,18.832,6.41,6.40,0.0064,17032,226
P-1x,1612,18.840,6.17,6.19,0.0062,17032,226
P-1x,1613,18.846,8.43,8.40,0.0084,18752,226
P-1x,1614,18.852,5.89,5.91,0.0059,17032,226
P-1x,1615,18.860,5.76,5.77,0.0058,17032,226
P-1x,1616,18.866,8.25,8.22,0.0082,18304,226
P-1x,1617,18.872,6.31,6.28,0.0063,17084,226
P-1x,1618,18.880,5.90,5.92,0.0059,17032,226
P-1x,1619,18.886,7.59,7.57,0.0076,18296,226
P-1x,1620,18.892,6.41,6.40,0.0064,17032,226
P-1x,1621,18.901,6.09,6.09,0.0061,17032,226
P-1x,1622,18.908,9.87,9.81,0.0099,19248,226
P-1x,1623,18.914,5.52,5.58,0.0055,17032,226
P-1x,1624,18.921,5.58,5.59,0.0056,17032,226
P-1x,1625,18.927,7.86,7.82,0.0079,19680,226
P-1x,1626,18.933,6.15,6.11,0.0061,17032,226
P-1x,1627,18.941,5.61,5.67,0.0056,17032,226
P-1x,1628,18.947,7.72,7.71,0.0077,18632,226
P-1x,1629,18.953,5.98,5.99,0.0060,17032,226
P-1x,1630,18.961,6.09,6.09,0.0061,17032,226
P-1x,1631,18.967,8.40,8.33,0.0084,18608,226
P-1x,1632,18.973,5.65,5.67,0.0057,17032,226
P-1x,1633,18.981,5.79,5.78,0.0058,17032,226
P-1x,1634,18.986,7.76,7.80,0.0078,18936,226
P-1x,1635,18.992,6.11,6.11,0.0061,17032,226
P-1x,1636,19.000,5.70,5.69,0.0057,17032,226
P-1x,1637,19.006,7.71,7.70,0.0077,17992,226
P-1x,1638,19.012,5.92,5.90,0.0059,17032,226
P-1x,1639,19.020,6.37,6.40,0.0064,17032,226
P-1x,1640,19.027,8.81,8.80,0.0088,22818,226
P-1x,1641,19.034,6.32,6.30,0.0063,17032,226
P-1x,1642,19.041,6.57,6.59,0.0066,17032,226
P-1x,1643,19.048,8.00,8.00,0.0080,17352,226
P-1x,1644,19.054,5.89,5.89,0.0059,17032,226
P-1x,1645,19.062,6.59,6.59,0.0066,17032,226
P-1x,1646,19.071,10.18,10.12,0.0102,19752,226
P-1x,1647,19.079,6.49,6.50,0.0065,17084,226
P-1x,1648,19.086,8.49,8.48,0.0085,20400,226
P-1x,1649,19.091,5.97,6.00,0.0060,17032,226
P-1x,1650,19.100,6.08,6.08,0.0061,17032,226
P-1x,1651,19.105,7.82,7.80,0.0078,20336,226
P-1x,1652,19.111,5.99,6.01,0.0060,17032,226
P-1x,1653,19.120,6.31,6.28,0.0063,17032,226
P-1x,1654,19.126,8.01,8.02,0.0080,21040,226
P-1x,1655,19.132,5.88,5.89,0.0059,17032,226
P-1x,1656,19.139,6.07,6.01,0.0061,17032,226
P-1x,1657,19.146,7.96,7.98,0.0080,20400,226
P-1x,1658,19.152,6.18,6.20,0.0062,17032,226
P-1x,1659,19.159,5.76,5.78,0.0058,17032,226
P-1x,1660,19.165,7.94,7.92,0.0079,21024,226
P-1x,1661,19.172,6.29,6.29,0.0063,17032,226
P-1x,1662,19.179,5.59,5.58,0.0056,17032,226
P-1x,1663,19.185,7.55,7.53,0.0075,19760,226
P-1x,1664,19.191,6.20,6.18,0.0062,17032,226
P-1x,1665,19.200,6.47,6.50,0.0065,17032,226
P-1x,1666,19.206,8.40,8.41,0.0084,19760,226
P-1x,1667,19.214,7.76,7.70,0.0078,18072,226
P-1x,1668,19.236,5.87,5.90,0.0059,17032,226
P-1x,1669,19.246,24.80,24.79,0.0248,46758,226
P-1x,1670,19.254,9.25,9.26,0.0092,21124,226
P-1x,1671,19.269,7.70,7.73,0.0077,17032,226
P-1x,1672,19.280,17.05,17.00,0.0170,32244,226
P-1x,1673,19.288,9.68,9.69,0.0097,21176,226
P-1x,1674,19.304,8.21,8.20,0.0082,17032,226
P-1x,1675,19.313,16.72,16.71,0.0167,32742,226
P-1x,1676,19.323,8.58,8.59,0.0086,17032,226
P-1x,1677,19.332,10.59,10.59,0.0106,21684,226
P-1x,1678,19.343,8.78,8.80,0.0088,17032,226
P-1x,1679,19.352,10.66,10.59,0.0107,20350,226
P-1x,1680,19.363,9.84,9.89,0.0098,17552,226
P-1x,1681,19.375,12.95,12.91,0.0130,21936,226
P-1x,1682,19.386,9.14,9.18,0.0091,17032,226
P-1x,1683,19.394,10.74,10.72,0.0107,22750,226
P-1x,1684,19.405,8.76,8.78,0.0088,17192,226
P-1x,1685,19.414,10.60,10.60,0.0106,21066,226
P-1x,1686,19.423,8.11,8.10,0.0081,17032,226
P-1x,1687,19.432,10.00,10.00,0.0100,20762,226
P-1x,1688,19.442,8.01,8.00,0.0080,17032,226
P-1x,1689,19.450,10.25,10.20,0.0102,21386,226
P-1x,1690,19.460,7.96,7.99,0.0080,17032,226
P-1x,1691,19.468,9.90,9.91,0.0099,21722,226
P-1x,1692,19.477,7.78,7.80,0.0078,17032,226
P-1x,1693,19.485,9.24,9.21,0.0092,20458,226
P-1x,1694,19.493,7.76,7.78,0.0078,17084,226
P-1x,1695,19.502,7.61,7.59,0.0076,17032,226
P-1x,1696,19.509,9.18,9.18,0.0092,20458,226
P-1x,1697,19.520,9.11,9.04,0.0091,18072,226
P-1x,1698,19.528,8.91,8.99,0.0089,23102,226
P-1x,1699,19.535,7.38,7.39,0.0074,17032,226
P-1x,1700,19.544,7.13,7.10,0.0071,17032,226
P-1x,1701,19.551,8.67,8.68,0.0087,22782,226
P-1x,1702,19.560,7.02,7.03,0.0070,17032,226
P-1x,1703,19.567,9.58,9.56,0.0096,21822,226
P-1x,1704,19.574,6.98,7.01,0.0070,17032,226
P-1x,1705,19.583,7.24,7.21,0.0072,17032,226
P-1x,1706,19.590,8.79,8.79,0.0088,23094,226
P-1x,1707,19.599,7.29,7.29,0.0073,17032,226
P-1x,1708,19.606,8.75,8.72,0.0087,22454,226
P-1x,1709,19.614,7.35,7.38,0.0073,17032,226
P-1x,1710,19.623,7.31,7.29,0.0073,17032,226
P-1x,1711,19.631,9.74,9.72,0.0097,22446,226
P-1x,1712,19.639,7.06,7.08,0.0071,17032,226
P-1x,1713,19.646,8.42,8.42,0.0084,23734,226
P-1x,1714,19.653,6.58,6.59,0.0066,17032,226
P-1x,1715,19.663,8.49,8.49,0.0085,18072,226
P-1x,1716,19.670,8.89,8.88,0.0089,24114,226
P-1x,1717,19.680,7.32,7.31,0.0073,17032,226
P-1x,1718,19.687,9.52,9.51,0.0095,24458,226
P-1x,1719,19.695,7.51,7.50,0.0075,17084,226
P-1x,1720,19.704,7.20,7.18,0.0072,17032,226
P-1x,1721,19.711,8.75,8.78,0.0087,24138,226
P-1x,1722,19.719,7.33,7.32,0.0073,17032,226
P-1x,1723,19.727,8.88,8.90,0.0089,23826,226
P-1x,1724,19.734,7.41,7.40,0.0074,17032,226
P-1x,1725,19.743,6.67,6.70,0.0067,17032,226
P-1x,1726,19.750,9.25,9.20,0.0093,23186,226
P-1x,1727,19.760,7.73,7.76,0.0077,17032,226
P-1x,1728,19.767,8.86,8.78,0.0089,23506,226
P-1x,1729,19.774,7.01,7.05,0.0070,17032,226
P-1x,1730,19.782,7.06,7.09,0.0071,17032,226
P-1x,1731,19.789,8.82,8.79,0.0088,24146,226
P-1x,1732,19.798,7.19,7.20,0.0072,17032,226
P-1x,1733,19.808,11.56,11.55,0.0116,24554,226
P-1x,1734,19.817,7.53,7.55,0.0075,17032,226
P-1x,1735,19.824,8.30,8.30,0.0083,24870,226
P-1x,1736,19.831,7.30,7.30,0.0073,17032,226
P-1x,1737,19.848,7.31,7.30,0.0073,17032,226
P-1x,1738,19.858,17.49,17.49,0.0175,37470,226
P-1x,1739,19.866,9.38,9.40,0.0094,24550,226
P-1x,1740,19.873,7.91,7.90,0.0079,17032,226
P-1x,1741,19.883,7.99,8.01,0.0080,17032,226
P-1x,1742,19.891,9.28,9.23,0.0093,24870,226
P-1x,1743,19.900,7.72,7.76,0.0077,17084,226
P-1x,1744,19.908,9.76,9.75,0.0098,24550,226
P-1x,1745,19.919,8.64,8.64,0.0086,17032,226
P-1x,1746,19.927,9.72,9.71,0.0097,24862,226
P-1x,1747,19.935,8.09,8.12,0.0081,17032,226
P-1x,1748,19.957,8.10,8.09,0.0081,17192,196
P-1x,1749,19.968,23.43,23.41,0.0234,728348,196
P-1x,1750,19.980,10.51,10.49,0.0105,24386,196
P-1x,1751,19.989,12.09,12.11,0.0121,25272,196
P-1x,1752,20.001,8.16,8.18,0.0082,17352,196
P-1x,1753,20.010,13.00,12.98,0.0130,27202,196
P-1x,1754,20.020,8.53,8.42,0.0085,17352,196
P-1x,1755,20.029,10.22,10.11,0.0102,24130,196
P-1x,1756,20.039,8.54,8.71,0.0085,17384,196
P-1x,1757,20.046,9.21,9.20,0.0092,23994,196
P-1x,1758,20.057,9.24,9.27,0.0092,17352,196
P-1x,1759,20.066,10.08,10.11,0.0101,23128,196
P-1x,1760,20.075,8.98,8.90,0.0090,17032,196
P-1x,1761,20.084,7.97,8.00,0.0080,17112,196
P-1x,1762,20.092,9.27,9.28,0.0093,19078,196
P-1x,1763,20.101,8.16,8.12,0.0082,17172,196
P-1x,1764,20.109,9.21,9.25,0.0092,18396,196
P-1x,1765,20.119,8.24,8.22,0.0082,17032,196
P-1x,1766,20.127,9.79,9.79,0.0098,18996,196
P-1x,1767,20.137,8.27,8.30,0.0083,17192,196
P-1x,1768,20.145,9.41,9.39,0.0094,19196,196
P-1x,1769,20.153,8.22,8.21,0.0082,17192,196
P-1x,1770,20.163,8.37,8.39,0.0084,17192,196
P-1x,1771,20.171,9.67,9.63,0.0097,19196,196
P-1x,1772,20.181,8.08,8.07,0.0081,17192,196
P-1x,1773,20.188,9.18,9.20,0.0092,18876,196
P-1x,1774,20.197,7.37,7.32,0.0074,17192,196
P-1x,1775,20.205,8.86,8.88,0.0089,18556,196
P-1x,1776,20.213,8.04,8.06,0.0080,17192,196
P-1x,1777,20.222,8.27,8.23,0.0083,19850,196
P-1x,1778,20.230,9.29,9.28,0.0093,20604,196
P-1x,1779,20.240,8.18,8.19,0.0082,17032,196
P-1x,1780,20.248,9.20,9.20,0.0092,17032,196
P-1x,1781,20.257,7.91,7.92,0.0079,17032,196
P-1x,1782,20.265,9.14,9.16,0.0091,17344,196
P-1x,1783,20.273,7.72,7.71,0.0077,17032,196
P-1x,1784,20.282,8.11,8.11,0.0081,17032,196
P-1x,1785,20.289,8.63,8.61,0.0086,17032,196
P-1x,1786,20.298,7.77,7.77,0.0078,17032,196
P-1x,1787,20.308,10.77,10.69,0.0108,17404,196
P-1x,1788,20.317,8.01,8.08,0.0080,17032,196
P-1x,1789,20.326,9.66,9.63,0.0097,17656,196
P-1x,1790,20.333,7.39,7.39,0.0074,17032,196
P-1x,1791,20.343,8.18,8.19,0.0082,17032,196
P-1x,1792,20.351,9.51,9.50,0.0095,17968,196
P-1x,1793,20.360,8.38,8.40,0.0084,17032,196
P-1x,1794,20.369,9.85,9.82,0.0099,18280,196
P-1x,1795,20.379,8.30,8.29,0.0083,17032,196
P-1x,1796,20.387,9.60,9.59,0.0096,17656,196
P-1x,1797,20.396,8.37,8.40,0.0084,17032,196
P-1x,1798,20.405,9.76,9.78,0.0098,17968,196
P-1x,1799,20.413,8.12,8.10,0.0081,17032,196
P-1x,1800,20.422,7.80,7.80,0.0078,17032,196
P-1x,1801,20.430,8.93,8.91,0.0089,17968,196
P-1x,1802,20.438,7.13,7.10,0.0071,17032,196
P-1x,1803,20.446,9.07,9.09,0.0091,18568,196
P-1x,1804,20.453,6.97,7.00,0.0070,17032,196
P-1x,1805,20.462,7.52,7.51,0.0075,17032,196
P-1x,1806,20.469,8.92,8.90,0.0089,17968,196
P-1x,1807,20.478,7.90,7.91,0.0079,17032,196
P-1x,1808,20.486,8.98,8.98,0.0090,19216,196
P-1x,1809,20.493,7.34,7.30,0.0073,17032,196
P-1x,1810,20.502,7.56,7.58,0.0076,17032,196
P-1x,1811,20.510,8.70,8.70,0.0087,18956,196
P-1x,1812,20.518,7.24,7.20,0.0072,17032,196
P-1x,1813,20.526,8.61,8.60,0.0086,17656,196
P-1x,1814,20.533,7.82,7.84,0.0078,17032,196
P-1x,1815,20.542,6.67,6.65,0.0067,17032,196
P-1x,1816,20.551,11.09,11.08,0.0111,20672,196
P-1x,1817,20.560,7.66,7.71,0.0077,17032,196
P-1x,1818,20.568,8.84,8.79,0.0088,20696,196
P-1x,1819,20.577,7.75,7.79,0.0078,17032,196
P-1x,1820,20.584,9.01,8.99,0.0090,20696,196
P-1x,1821,20.592,7.69,7.71,0.0077,17032,196
P-1x,1822,20.601,7.54,7.49,0.0075,17032,196
P-1x,1823,20.610,10.16,10.20,0.0102,21952,196
P-1x,1824,20.619,7.44,7.42,0.0074,17032,196
P-1x,1825,20.626,8.91,8.90,0.0089,21106,196
P-1x,1826,20.634,7.90,7.88,0.0079,17032,196
P-1x,1827,20.643,7.36,7.32,0.0074,17032,196
P-1x,1828,20.650,8.77,8.77,0.0088,20754,196
P-1x,1829,20.660,7.49,7.56,0.0075,17032,196
P-1x,1830,20.667,9.32,9.34,0.0093,21690,196
P-1x,1831,20.675,7.92,7.90,0.0079,17032,196
P-1x,1832,20.685,8.21,8.18,0.0082,17456,196
P-1x,1833,20.694,10.79,10.82,0.0108,22146,196
P-1x,1834,20.703,7.91,7.91,0.0079,17032,196
P-1x,1835,20.711,8.94,8.97,0.0089,22490,196
P-1x,1836,20.723,7.88,7.82,0.0079,17032,196
P-1x,1837,20.732,12.83,12.86,0.0128,29028,196
P-1x,1838,20.743,8.46,8.43,0.0085,17032,196
P-1x,1839,20.751,11.06,11.03,0.0111,25832,196
P-1x,1840,20.761,8.64,8.66,0.0086,17032,196
P-1x,1841,20.769,9.57,9.57,0.0096,21806,196
P-1x,1842,20.779,8.51,8.52,0.0085,17032,196
P-1x,1843,20.787,8.80,8.80,0.0088,21806,196
P-1x,1844,20.794,7.76,7.78,0.0078,17032,196
P-1x,1845,20.804,8.00,7.94,0.0080,17032,196
P-1x,1846,20.812,10.01,10.06,0.0100,22222,196
P-1x,1847,20.822,8.64,8.59,0.0086,17272,196
P-1x,1848,20.831,10.09,10.12,0.0101,20280,196
P-1x,1849,20.842,9.21,9.20,0.0092,18152,196
P-1x,1850,20.850,10.00,9.99,0.0100,23220,196
P-1x,1851,20.871,8.05,8.09,0.0081,17032,196
P-1x,1852,20.882,22.05,21.99,0.0220,33866,196
P-1x,1853,20.892,11.16,11.11,0.0112,21460,196
P-1x,1854,20.902,9.14,9.21,0.0091,17032,196
P-1x,1855,20.911,10.03,10.00,0.0100,24308,196
P-1x,1856,20.922,9.57,9.58,0.0096,17084,196
P-1x,1857,20.931,10.74,10.70,0.0107,22420,196
P-1x,1858,20.942,9.33,9.40,0.0093,17032,196
P-1x,1859,20.950,10.08,10.09,0.0101,21780,196
P-1x,1860,20.972,8.68,8.70,0.0087,17192,196
P-1x,1861,20.984,23.58,23.51,0.0236,35282,196
P-1x,1862,20.994,11.57,11.60,0.0116,20728,196
P-1x,1863,21.006,9.99,10.00,0.0100,17032,196
P-1x,1864,21.017,11.32,11.31,0.0113,22976,196
P-1x,1865,21.027,11.28,11.27,0.0113,19776,196
P-1x,1866,21.038,9.81,9.82,0.0098,17032,196
P-1x,1867,21.048,11.79,11.78,0.0118,21688,196
P-1x,1868,21.060,9.81,9.81,0.0098,17032,196
P-1x,1869,21.069,11.11,11.11,0.0111,21848,196
P-1x,1870,21.081,10.01,9.98,0.0100,17032,196
P-1x,1871,21.090,10.69,10.69,0.0107,20012,196
P-1x,1872,21.101,9.11,9.11,0.0091,17032,196
P-1x,1873,21.110,10.86,10.88,0.0109,19052,196
P-1x,1874,21.121,9.14,9.12,0.0091,17032,196
P-1x,1875,21.130,10.78,10.78,0.0108,20472,196
P-1x,1876,21.140,9.18,9.20,0.0092,17032,196
P-1x,1877,21.149,10.05,10.01,0.0101,18732,196
P-1x,1878,21.160,9.12,9.10,0.0091,17032,196
P-1x,1879,21.168,9.31,9.29,0.0093,18412,196
P-1x,1880,21.179,9.65,9.68,0.0097,17552,196
P-1x,1881,21.187,9.55,9.58,0.0096,19454,196
P-1x,1882,21.197,9.31,9.24,0.0093,17032,196
P-1x,1883,21.206,10.04,10.07,0.0100,19094,196
P-1x,1884,21.214,7.99,8.01,0.0080,17032,196
P-1x,1885,21.224,8.22,8.19,0.0082,17032,196
P-1x,1886,21.232,9.78,9.79,0.0098,19406,196
P-1x,1887,21.242,8.79,8.80,0.0088,17032,196
P-1x,1888,21.251,9.51,9.50,0.0095,19414,196
P-1x,1889,21.260,8.12,8.11,0.0081,17032,196
P-1x,1890,21.268,9.83,9.81,0.0098,19094,196
P-1x,1891,21.278,8.14,8.17,0.0081,17032,196
P-1x,1892,21.286,9.88,9.89,0.0099,19094,196
P-1x,1893,21.295,8.30,8.30,0.0083,17032,196
P-1x,1894,21.304,8.31,8.30,0.0083,17032,196
P-1x,1895,21.313,10.01,10.00,0.0100,19094,196
P-1x,1896,21.323,8.27,8.29,0.0083,17032,196
P-1x,1897,21.331,9.48,9.41,0.0095,19146,196
P-1x,1898,21.341,8.75,8.80,0.0087,17032,196
P-1x,1899,21.349,9.48,9.48,0.0095,19094,196
P-1x,1900,21.359,8.71,8.70,0.0087,17032,196
P-1x,1901,21.367,9.57,9.51,0.0096,19734,196
P-1x,1902,21.378,8.44,8.50,0.0084,17032,196
P-1x,1903,21.387,10.70,10.69,0.0107,19866,196
P-1x,1904,21.395,8.13,8.11,0.0081,17032,196
P-1x,1905,21.404,8.16,8.17,0.0082,17032,196
P-1x,1906,21.414,11.60,11.61,0.0116,19094,196
P-1x,1907,21.424,8.52,8.49,0.0085,17032,196
P-1x,1908,21.432,9.47,9.49,0.0095,19094,196
P-1x,1909,21.442,8.20,8.21,0.0082,17032,196
P-1x,1910,21.450,9.03,8.93,0.0090,19094,196
P-1x,1911,21.459,8.16,8.25,0.0082,17032,196
P-1x,1912,21.467,9.30,9.28,0.0093,19094,196
P-1x,1913,21.477,8.65,8.62,0.0086,17112,196
P-1x,1914,21.485,9.48,9.50,0.0095,18444,196
P-1x,1915,21.494,8.40,8.41,0.0084,17032,196
P-1x,1916,21.503,8.18,8.18,0.0082,17032,196
P-1x,1917,21.511,8.95,8.91,0.0089,18412,196
P-1x,1918,21.520,8.53,8.50,0.0085,17032,196
P-1x,1919,21.529,9.84,9.84,0.0098,18412,196
P-1x,1920,21.537,7.24,7.25,0.0072,17084,196
P-1x,1921,21.546,9.48,9.49,0.0095,18412,196
P-1x,1922,21.554,8.28,8.30,0.0083,17032,196
P-1x,1923,21.579,7.46,7.48,0.0075,17032,158
P-1x,1924,21.591,27.97,27.92,0.0280,887590,158
P-1x,1925,21.600,10.01,10.00,0.0100,18412,158
P-1x,1926,21.610,10.17,10.19,0.0102,18732,158
P-1x,1927,21.619,8.42,8.39,0.0084,17032,158
P-1x,1928,21.627,9.46,9.48,0.0095,18412,158
P-1x,1929,21.637,8.51,8.51,0.0085,17032,158
P-1x,1930,21.645,9.48,9.41,0.0095,19036,158
P-1x,1931,21.654,8.82,8.87,0.0088,17032,158
P-1x,1932,21.664,8.62,8.61,0.0086,17064,158
P-1x,1933,21.672,9.47,9.47,0.0095,19570,158
P-1x,1934,21.682,8.59,8.60,0.0086,17032,158
P-1x,1935,21.691,9.83,9.82,0.0098,17714,158
P-1x,1936,21.700,7.98,7.98,0.0080,17032,158
P-1x,1937,21.708,9.70,9.70,0.0097,18634,158
P-1x,1938,21.718,8.53,8.50,0.0085,17032,158
P-1x,1939,21.727,9.78,9.80,0.0098,18322,158
P-1x,1940,21.734,7.61,7.61,0.0076,17032,158
P-1x,1941,21.744,8.50,8.50,0.0085,17084,158
P-1x,1942,21.752,9.43,9.41,0.0094,18538,158
P-1x,1943,21.761,8.16,8.18,0.0082,17032,158
P-1x,1944,21.769,8.88,8.90,0.0089,18436,158
P-1x,1945,21.778,7.77,7.78,0.0078,17032,158
P-1x,1946,21.786,8.47,8.41,0.0085,18396,158
P-1x,1947,21.793,7.85,7.89,0.0079,17032,158
P-1x,1948,21.802,8.12,8.10,0.0081,17032,158
P-1x,1949,21.810,8.57,8.57,0.0086,19324,158
P-1x,1950,21.818,7.33,7.32,0.0073,17032,158
P-1x,1951,21.826,8.48,8.49,0.0085,18708,158
P-1x,1952,21.834,7.73,7.71,0.0077,17032,158
P-1x,1953,21.843,7.99,7.99,0.0080,17032,158
P-1x,1954,21.850,8.70,8.70,0.0087,18396,158
P-1x,1955,21.859,8.14,8.12,0.0081,17332,158
P-1x,1956,21.867,8.59,8.59,0.0086,19100,158
P-1x,1957,21.874,7.36,7.29,0.0074,17112,158
P-1x,1958,21.883,7.47,7.58,0.0075,17112,158
P-1x,1959,21.890,8.55,8.52,0.0086,19708,158
P-1x,1960,21.899,7.48,7.49,0.0075,17112,158
P-1x,1961,21.908,10.25,10.24,0.0103,19708,158
P-1x,1962,21.916,6.93,6.93,0.0069,17112,158
P-1x,1963,21.923,8.17,8.14,0.0082,18476,158
P-1x,1964,21.931,7.74,7.79,0.0077,17112,158
P-1x,1965,21.940,7.84,7.79,0.0078,17112,158
P-1x,1966,21.948,8.88,8.90,0.0089,19472,158
P-1x,1967,21.957,7.90,7.90,0.0079,17112,158
P-1x,1968,21.966,10.01,10.01,0.0100,21848,158
P-1x,1969,21.974,8.01,7.99,0.0080,17032,158
P-1x,1970,21.982,7.59,7.60,0.0076,17032,158
P-1x,1971,21.990,8.32,8.29,0.0083,18634,158
P-1x,1972,21.998,7.66,7.70,0.0077,17032,158
P-1x,1973,22.006,8.90,8.90,0.0089,18018,158
P-1x,1974,22.014,7.59,7.59,0.0076,17032,158
P-1x,1975,22.022,7.41,7.39,0.0074,17032,158
P-1x,1976,22.030,8.42,8.19,0.0084,18322,158
P-1x,1977,22.038,7.86,8.10,0.0079,17032,158
P-1x,1978,22.047,9.18,9.11,0.0092,17714,158
P-1x,1979,22.055,8.06,8.11,0.0081,17112,158
P-1x,1980,22.063,7.08,7.08,0.0071,18312,158
P-1x,1981,22.069,7.63,7.60,0.0076,17640,158
P-1x,1982,22.078,7.46,7.49,0.0075,17032,158
P-1x,1983,22.085,8.32,8.29,0.0083,17032,158
P-1x,1984,22.092,7.27,7.30,0.0073,17032,158
P-1x,1985,22.100,6.80,6.80,0.0068,17032,158
P-1x,1986,22.108,8.48,8.44,0.0085,17960,158
P-1x,1987,22.116,7.53,7.57,0.0075,17032,158
P-1x,1988,22.124,8.62,8.60,0.0086,17336,158
P-1x,1989,22.131,6.93,6.89,0.0069,17032,158
P-1x,1990,22.139,7.26,7.29,0.0073,17032,158
P-1x,1991,22.146,8.33,8.32,0.0083,17032,158
P-1x,1992,22.153,6.78,6.78,0.0068,17084,158
P-1x,1993,22.161,7.27,7.30,0.0073,17032,158
P-1x,1994,22.169,8.74,8.70,0.0087,17336,158
P-1x,1995,22.177,7.53,7.51,0.0075,17032,158
P-1x,1996,22.185,8.76,8.78,0.0088,17960,158
P-1x,1997,22.193,7.60,7.59,0.0076,17032,158
P-1x,1998,22.201,7.46,7.49,0.0075,17032,158
P-1x,1999,22.209,8.30,8.29,0.0083,17336,158
P-1x,2000,22.217,7.25,7.20,0.0072,17032,158
P-1x,2001,22.224,8.07,8.09,0.0081,18576,158
P-1x,2002,22.231,7.20,7.21,0.0072,17032,158
P-1x,2003,22.239,7.20,7.20,0.0072,17032,158
P-1x,2004,22.247,8.19,8.10,0.0082,17968,158
P-1x,2005,22.254,7.01,7.03,0.0070,17032,158
P-1x,2006,22.262,7.71,7.75,0.0077,17032,158
P-1x,2007,22.272,10.74,10.71,0.0107,21288,158
P-1x,2008,22.280,7.10,7.10,0.0071,17032,158
P-1x,2009,22.287,7.59,7.60,0.0076,21336,158
P-1x,2010,22.294,7.18,7.19,0.0072,17032,158
P-1x,2011,22.302,7.03,7.00,0.0070,17032,158
P-1x,2012,22.310,9.29,9.30,0.0093,20904,158
P-1x,2013,22.318,6.96,6.98,0.0070,17032,158
P-1x,2014,22.326,9.02,9.01,0.0090,22346,158
P-1x,2015,22.333,7.00,7.01,0.0070,17032,158
P-1x,2016,22.342,7.20,7.20,0.0072,17032,158
P-1x,2017,22.348,7.90,7.88,0.0079,22026,158
P-1x,2018,22.356,7.21,7.22,0.0072,17084,158
P-1x,2019,22.363,7.78,7.80,0.0078,21722,158
P-1x,2020,22.370,6.90,6.89,0.0069,17032,158
P-1x,2021,22.379,7.20,7.20,0.0072,17032,158
P-1x,2022,22.385,7.75,7.72,0.0077,22650,158
P-1x,2023,22.392,6.86,6.87,0.0069,17032,158
P-1x,2024,22.400,6.81,6.81,0.0068,17032,158
P-1x,2025,22.408,8.79,8.73,0.0088,21394,158
P-1x,2026,22.414,6.86,6.94,0.0069,17032,158
P-1x,2027,22.422,6.61,6.60,0.0066,17032,158
P-1x,2028,22.429,7.91,7.82,0.0079,21706,158
P-1x,2029,22.436,6.30,6.38,0.0063,17032,158
P-1x,2030,22.443,7.77,7.70,0.0078,20458,158
P-1x,2031,22.451,7.70,7.72,0.0077,17032,158
P-1x,2032,22.459,7.07,7.09,0.0071,17032,158
P-1x,2033,22.465,7.36,7.37,0.0074,22642,158
P-1x,2034,22.472,6.62,6.62,0.0066,17032,158
P-1x,2035,22.480,6.84,6.81,0.0068,17032,158
P-1x,2036,22.486,7.77,7.79,0.0078,21706,158
P-1x,2037,22.493,6.70,6.69,0.0067,17032,158
P-1x,2038,22.502,6.88,6.89,0.0069,17032,158
P-1x,2039,22.509,9.01,8.99,0.0090,24020,158
P-1x,2040,22.525,7.49,7.51,0.0075,17032,158
P-1x,2041,22.532,15.80,15.79,0.0158,30012,158
P-1x,2042,22.541,7.29,7.31,0.0073,17032,158
P-1x,2043,22.548,8.72,8.70,0.0087,21706,158
P-1x,2044,22.559,9.27,9.24,0.0093,17084,158
P-1x,2045,22.566,8.20,8.23,0.0082,20770,158
P-1x,2046,22.573,7.51,7.52,0.0075,17032,158
P-1x,2047,22.582,7.61,7.60,0.0076,17032,158
P-1x,2048,22.589,8.29,8.30,0.0083,21394,158
P-1x,2049,22.598,7.49,7.49,0.0075,17032,158
P-1x,2050,22.605,8.32,8.30,0.0083,20458,158
P-1x,2051,22.612,7.39,7.41,0.0074,17352,158
P-1x,2052,22.620,6.91,6.89,0.0069,17032,158
P-1x,2053,22.627,7.87,7.88,0.0079,18986,158
P-1x,2054,22.634,7.19,7.19,0.0072,17032,158
P-1x,2055,22.642,7.04,7.02,0.0070,17032,158
P-1x,2056,22.649,7.69,7.69,0.0077,17730,158
P-1x,2057,22.659,8.52,8.46,0.0085,17032,158
P-1x,2058,22.667,8.69,8.74,0.0087,17730,158
P-1x,2059,22.674,7.39,7.39,0.0074,17032,158
P-1x,2060,22.682,7.51,7.51,0.0075,17032,158
P-1x,2061,22.689,7.88,7.88,0.0079,18354,158
P-1x,2062,22.698,7.60,7.60,0.0076,17032,158
P-1x,2063,22.705,8.28,8.28,0.0083,18666,158
P-1x,2064,22.712,7.44,7.42,0.0074,17032,158
P-1x,2065,22.720,6.67,6.68,0.0067,17032,158
P-1x,2066,22.727,7.84,7.80,0.0078,18354,158
P-1x,2067,22.734,6.87,6.90,0.0069,17032,158
P-1x,2068,22.741,6.46,6.48,0.0065,17032,158
P-1x,2069,22.748,7.76,7.73,0.0078,18354,158
P-1x,2070,22.755,6.70,6.70,0.0067,17032,158
P-1x,2071,22.763,7.07,7.08,0.0071,17084,158
P-1x,2072,22.770,7.78,7.78,0.0078,17730,158
P-1x,2073,22.777,6.86,6.83,0.0069,17032,158
P-1x,2074,22.784,7.91,7.89,0.0079,17730,158
P-1x,2075,22.791,6.64,6.68,0.0066,17032,158
P-1x,2076,22.800,7.17,7.12,0.0072,17032,158
P-1x,2077,22.808,9.97,9.98,0.0100,17730,158
P-1x,2078,22.815,6.36,6.39,0.0064,17032,158
P-1x,2079,22.822,6.75,6.72,0.0068,17032,158
P-1x,2080,22.829,8.02,8.00,0.0080,18346,158
P-1x,2081,22.837,6.86,6.88,0.0069,17032,158
P-1x,2082,22.846,10.10,10.09,0.0101,19826,158
P-1x,2083,22.853,6.67,6.70,0.0067,17032,158
P-1x,2084,22.861,6.86,6.81,0.0069,17032,158
P-1x,2085,22.868,7.88,7.88,0.0079,20458,158
P-1x,2086,22.874,6.64,6.63,0.0066,17032,158
P-1x,2087,22.882,6.81,6.86,0.0068,17032,158
P-1x,2088,22.889,7.94,7.91,0.0079,21690,158
P-1x,2089,22.897,6.73,6.70,0.0067,17032,158
P-1x,2090,22.904,8.70,8.70,0.0087,40596,158
P-1x,2091,22.912,7.15,7.18,0.0072,17032,158
P-1x,2092,22.920,7.53,7.52,0.0075,17032,158
P-1x,2093,22.927,8.31,8.28,0.0083,20770,158
P-1x,2094,22.935,7.14,7.11,0.0071,17032,158
P-1x,2095,22.943,7.35,7.38,0.0073,17032,158
P-1x,2096,22.950,7.68,7.61,0.0077,20458,158
P-1x,2097,22.959,8.03,8.07,0.0080,17032,158
P-1x,2098,22.966,8.39,8.42,0.0084,22070,158
P-1x,2099,22.973,7.39,7.40,0.0074,17032,158
P-1x,2100,22.982,7.28,7.29,0.0073,17032,158
P-1x,2101,22.989,8.03,8.00,0.0080,20770,158
P-1x,2102,22.997,7.22,7.23,0.0072,17032,158
P-1x,2103,23.003,7.53,7.55,0.0075,22018,158
P-1x,2104,23.010,6.91,6.91,0.0069,17032,158
P-1x,2105,23.021,7.13,7.12,0.0071,17032,156
P-1x,2106,23.030,11.91,11.88,0.0119,112228,156
P-1x,2107,23.039,7.99,8.01,0.0080,17032,156
P-1x,2108,23.047,9.70,9.62,0.0097,21730,156
P-1x,2109,23.061,11.97,12.02,0.0120,18096,156
P-1x,2110,23.069,10.06,10.06,0.0101,22134,156
P-1x,2111,23.082,8.78,8.79,0.0088,17032,154
P-1x,2112,23.092,13.42,13.41,0.0134,42224,154
P-1x,2113,23.102,9.49,9.49,0.0095,17032,154
P-1x,2114,23.110,8.77,8.80,0.0088,22446,154
P-1x,2115,23.118,8.09,8.09,0.0081,17064,154
P-1x,2116,23.127,8.86,8.82,0.0089,22716,154
P-1x,2117,23.137,9.26,9.28,0.0093,18072,154
P-1x,2118,23.145,9.00,9.00,0.0090,24088,154
P-1x,2119,23.153,7.79,7.79,0.0078,17032,154
P-1x,2120,23.161,7.77,7.79,0.0078,17032,154
P-1x,2121,23.169,8.92,8.91,0.0089,22852,154
P-1x,2122,23.178,7.80,7.81,0.0078,17368,154
P-1x,2123,23.186,8.61,8.60,0.0086,20392,154
P-1x,2124,23.193,7.78,7.79,0.0078,17032,154
P-1x,2125,23.202,7.50,7.49,0.0075,17032,154
P-1x,2126,23.209,8.30,8.30,0.0083,20720,154
P-1x,2127,23.218,7.83,7.82,0.0078,17032,154
P-1x,2128,23.226,8.70,8.70,0.0087,20712,154
P-1x,2129,23.234,7.80,7.81,0.0078,17032,154
P-1x,2130,23.243,7.38,7.38,0.0074,17032,154
P-1x,2131,23.251,9.90,9.90,0.0099,22040,154
P-1x,2132,23.259,7.51,7.50,0.0075,17032,154
P-1x,2133,23.267,8.23,8.19,0.0082,19760,154
P-1x,2134,23.282,8.91,8.92,0.0089,18072,154
P-1x,2135,23.290,14.19,14.19,0.0142,32328,154
P-1x,2136,23.299,7.96,7.98,0.0080,17032,154
P-1x,2137,23.308,10.44,10.39,0.0104,21764,154
P-1x,2138,23.317,8.07,8.04,0.0081,17032,154
P-1x,2139,23.325,8.84,8.86,0.0088,21156,154
P-1x,2140,23.332,7.39,7.40,0.0074,17032,154
P-1x,2141,23.341,7.96,7.99,0.0080,17128,154
P-1x,2142,23.349,8.72,8.70,0.0087,21082,154
P-1x,2143,23.359,8.60,8.49,0.0086,17032,154
P-1x,2144,23.367,9.05,9.11,0.0090,20754,154
P-1x,2145,23.378,8.24,8.29,0.0082,17332,154
P-1x,2146,23.386,10.91,10.89,0.0109,21264,154
P-1x,2147,23.394,8.08,8.10,0.0081,17032,154
P-1x,2148,23.405,8.22,8.20,0.0082,17032,154
P-1x,2149,23.413,11.20,11.21,0.0112,20624,154
P-1x,2150,23.423,9.18,9.18,0.0092,18072,154
P-1x,2151,23.431,8.71,8.70,0.0087,21024,154
P-1x,2152,23.440,7.84,7.81,0.0078,17032,154
P-1x,2153,23.448,8.55,8.57,0.0086,19760,154
P-1x,2154,23.456,7.42,7.41,0.0074,17032,154
P-1x,2155,23.464,8.50,8.51,0.0085,19760,154
P-1x,2156,23.472,7.91,7.89,0.0079,17112,154
P-1x,2157,23.480,6.90,6.90,0.0069,17032,154
P-1x,2158,23.486,7.87,7.88,0.0079,21238,154
P-1x,2159,23.494,7.31,7.30,0.0073,17032,154
P-1x,2160,23.502,7.51,7.50,0.0075,17112,154
P-1x,2161,23.510,8.42,8.40,0.0084,19308,154
P-1x,2162,23.518,7.10,7.09,0.0071,17032,154
P-1x,2163,23.525,8.28,8.29,0.0083,19004,154
P-1x,2164,23.532,6.91,6.89,0.0069,17032,154
P-1x,2165,23.540,7.19,7.21,0.0072,17032,154
P-1x,2166,23.547,7.61,7.60,0.0076,18700,154
P-1x,2167,23.554,6.96,6.90,0.0070,17032,154
P-1x,2168,23.563,8.93,9.00,0.0089,18072,154
P-1x,2169,23.570,7.74,7.69,0.0077,20064,154
P-1x,2170,23.584,7.14,7.20,0.0071,17084,154
P-1x,2171,23.591,13.71,13.70,0.0137,26228,154
P-1x,2172,23.599,7.20,7.20,0.0072,17032,154
P-1x,2173,23.608,9.31,9.28,0.0093,20064,154
P-1x,2174,23.616,7.29,7.31,0.0073,17032,154
P-1x,2175,23.623,8.42,8.42,0.0084,20064,154
P-1x,2176,23.631,7.47,7.48,0.0075,17032,154
P-1x,2177,23.639,7.42,7.41,0.0074,17032,154
P-1x,2178,23.647,8.59,8.60,0.0086,20064,154
P-1x,2179,23.654,7.60,7.58,0.0076,17032,154
P-1x,2180,23.663,7.19,7.21,0.0072,17032,154
P-1x,2181,23.670,7.88,7.87,0.0079,20368,154
P-1x,2182,23.681,7.19,7.21,0.0072,17192,154
P-1x,2183,23.688,11.53,11.50,0.0115,21630,154
P-1x,2184,23.700,7.02,6.92,0.0070,17032,154
P-1x,2185,23.708,12.37,12.46,0.0124,22720,154
P-1x,2186,23.717,7.90,7.92,0.0079,17032,154
P-1x,2187,23.724,8.68,8.68,0.0087,19004,154
P-1x,2188,23.732,7.63,7.62,0.0076,17032,154
P-1x,2189,23.740,7.35,7.31,0.0073,17032,154
P-1x,2190,23.747,8.10,8.08,0.0081,19004,154
P-1x,2191,23.756,7.60,7.59,0.0076,17032,154
P-1x,2192,23.764,9.13,9.09,0.0091,19004,154
P-1x,2193,23.772,8.05,8.10,0.0080,17032,154
P-1x,2194,23.780,6.97,7.00,0.0070,17164,154
P-1x,2195,23.789,9.71,9.69,0.0097,19146,154
P-1x,2196,23.797,7.49,7.49,0.0075,17112,154
P-1x,2197,23.805,8.59,8.55,0.0086,18338,154
P-1x,2198,23.812,7.14,7.15,0.0071,17032,154
P-1x,2199,23.821,7.57,7.60,0.0076,17032,154
P-1x,2200,23.828,8.56,8.49,0.0086,18338,154
P-1x,2201,23.836,7.01,7.10,0.0070,17032,154
P-1x,2202,23.843,8.10,7.99,0.0081,19274,154
P-1x,2203,23.850,7.31,7.40,0.0073,17032,154
P-1x,2204,23.859,7.21,7.21,0.0072,17032,154
P-1x,2205,23.866,7.92,7.90,0.0079,18962,154
P-1x,2206,23.873,7.82,7.79,0.0078,17032,154
P-1x,2207,23.881,7.27,7.30,0.0073,17032,154
P-1x,2208,23.889,8.01,8.00,0.0080,20490,154
P-1x,2209,23.897,7.06,7.00,0.0071,17032,154
P-1x,2210,23.903,7.62,7.69,0.0076,19274,154
P-1x,2211,23.911,7.29,7.29,0.0073,17032,154
P-1x,2212,23.919,7.10,7.09,0.0071,17032,154
P-1x,2213,23.926,7.76,7.72,0.0078,19250,154
P-1x,2214,23.932,6.57,6.60,0.0066,17032,154
P-1x,2215,23.940,6.98,6.99,0.0070,17032,154
P-1x,2216,23.947,7.80,7.79,0.0078,18946,154
P-1x,2217,23.954,6.92,6.91,0.0069,17032,154
P-1x,2218,23.962,6.93,6.96,0.0069,17032,154
P-1x,2219,23.969,7.84,7.83,0.0078,18954,154
P-1x,2220,23.977,7.17,7.13,0.0072,17032,154
P-1x,2221,23.983,7.59,7.57,0.0076,17782,154
P-1x,2222,23.990,6.64,6.69,0.0066,17032,154
P-1x,2223,23.998,7.03,6.99,0.0070,17032,154
P-1x,2224,24.005,8.17,8.19,0.0082,18642,154
P-1x,2225,24.012,6.80,6.81,0.0068,17032,154
P-1x,2226,24.020,7.25,7.21,0.0072,17032,154
P-1x,2227,24.027,8.05,8.07,0.0080,19554,154
P-1x,2228,24.034,6.73,6.50,0.0067,17032,154
P-1x,2229,24.042,7.00,7.22,0.0070,17032,154
P-1x,2230,24.049,7.53,7.48,0.0075,19890,154
P-1x,2231,24.056,6.67,6.69,0.0067,17032,154
P-1x,2232,24.064,8.27,8.29,0.0083,18954,154
P-1x,2233,24.072,8.30,8.24,0.0083,17032,154
P-1x,2234,24.080,7.32,7.36,0.0073,17032,154
P-1x,2235,24.087,8.01,8.00,0.0080,19570,154
P-1x,2236,24.095,7.59,7.62,0.0076,25090,154
P-1x,2237,24.103,7.19,7.18,0.0072,17032,154
P-1x,2238,24.110,7.55,7.52,0.0075,18954,154
P-1x,2239,24.118,7.39,7.40,0.0074,17032,154
P-1x,2240,24.125,8.12,8.10,0.0081,18666,154
P-1x,2241,24.132,7.07,7.09,0.0071,17032,154
P-1x,2242,24.140,7.39,7.40,0.0074,17032,154
P-1x,2243,24.148,8.10,8.09,0.0081,18970,154
P-1x,2244,24.155,6.99,7.00,0.0070,17032,154
P-1x,2245,24.162,6.80,6.80,0.0068,17032,154
P-1x,2246,24.170,8.22,8.20,0.0082,18802,154
P-1x,2247,24.178,7.31,7.31,0.0073,17032,154
P-1x,2248,24.185,7.91,7.88,0.0079,18702,154
P-1x,2249,24.192,6.98,7.01,0.0070,17032,154
P-1x,2250,24.200,6.83,6.80,0.0068,17032,154
P-1x,2251,24.208,9.15,9.14,0.0092,18346,154
P-1x,2252,24.216,7.11,7.14,0.0071,17032,154
P-1x,2253,24.225,10.50,10.49,0.0105,18354,154
P-1x,2254,24.232,6.85,6.82,0.0069,17032,154
P-1x,2255,24.241,7.40,7.39,0.0074,17032,154
P-1x,2256,24.248,8.42,8.39,0.0084,19266,154
P-1x,2257,24.256,7.46,7.51,0.0075,17032,154
P-1x,2258,24.264,8.98,8.99,0.0090,18354,154
P-1x,2259,24.272,6.99,6.99,0.0070,17032,154
P-1x,2260,24.279,6.88,6.89,0.0069,17032,154
P-1x,2261,24.286,7.72,7.72,0.0077,18042,154
P-1x,2262,24.293,6.70,6.69,0.0067,17032,154
P-1x,2263,24.301,6.62,6.60,0.0066,17032,154
P-1x,2264,24.308,9.08,9.09,0.0091,18042,154
P-1x,2265,24.316,6.40,6.40,0.0064,17032,154
P-1x,2266,24.323,8.16,8.13,0.0082,18346,154
P-1x,2267,24.330,6.93,6.98,0.0069,17032,154
P-1x,2268,24.337,6.18,6.18,0.0062,17032,154
P-1x,2269,24.344,7.97,7.92,0.0080,18042,154
P-1x,2270,24.351,6.48,6.50,0.0065,17032,154
P-1x,2271,24.358,6.45,6.47,0.0065,17032,154
P-1x,2272,24.364,7.22,7.16,0.0072,17730,154
P-1x,2273,24.372,7.39,7.45,0.0074,17032,154
P-1x,2274,24.379,6.18,6.19,0.0062,17032,154
P-1x,2275,24.386,7.74,7.71,0.0077,18718,154
P-1x,2276,24.392,6.79,6.81,0.0068,17032,154
P-1x,2277,24.400,6.43,6.40,0.0064,17032,154
P-1x,2278,24.408,9.00,8.93,0.0090,17730,154
P-1x,2279,24.414,6.75,6.83,0.0067,17032,154
P-1x,2280,24.421,6.09,6.10,0.0061,17032,154
P-1x,2281,24.429,8.04,8.02,0.0080,18682,154
P-1x,2282,24.436,6.39,6.39,0.0064,17032,154
P-1x,2283,24.442,7.39,7.39,0.0074,17730,154
P-1x,2284,24.449,6.42,6.41,0.0064,17032,154
P-1x,2285,24.457,6.99,7.01,0.0070,17032,154
P-1x,2286,24.464,7.69,7.69,0.0077,18034,154
P-1x,2287,24.470,6.51,6.48,0.0065,17032,154
P-1x,2288,24.478,7.20,7.21,0.0072,17032,154
P-1x,2289,24.485,7.26,7.21,0.0073,17730,154
P-1x,2290,24.492,7.28,7.30,0.0073,17032,154
P-1x,2291,24.499,6.39,6.39,0.0064,17032,154
P-1x,2292,24.506,7.50,7.49,0.0075,18034,154
P-1x,2293,24.512,6.62,6.59,0.0066,17032,154
P-1x,2294,24.519,6.38,6.41,0.0064,17032,154
P-1x,2295,24.526,7.43,7.39,0.0074,18650,154
P-1x,2296,24.533,6.55,6.59,0.0065,17032,154
P-1x,2297,24.540,6.79,6.80,0.0068,17032,154
P-1x,2298,24.547,7.63,7.61,0.0076,17730,154
P-1x,2299,24.554,7.15,7.11,0.0071,17032,154
P-1x,2300,24.562,6.52,6.57,0.0065,17032,154
P-1x,2301,24.574,13.42,13.41,0.0134,24826,154
P-1x,2302,24.589,7.61,7.60,0.0076,17032,150
P-1x,2303,24.598,15.17,15.18,0.0152,411430,150
P-1x,2304,24.606,8.90,8.90,0.0089,26466,150
P-1x,2305,24.614,7.89,7.88,0.0079,17032,150
P-1x,2306,24.622,7.31,7.32,0.0073,17032,150
P-1x,2307,24.630,8.81,8.80,0.0088,27074,150
P-1x,2308,24.638,7.37,7.39,0.0074,17032,150
P-1x,2309,24.646,8.55,8.52,0.0085,26466,150
P-1x,2310,24.653,7.57,7.57,0.0076,17032,150
P-1x,2311,24.662,7.87,7.89,0.0079,17032,150
P-1x,2312,24.669,8.27,8.22,0.0083,26154,150
P-1x,2313,24.678,7.20,7.20,0.0072,17032,150
P-1x,2314,24.685,8.48,8.50,0.0085,27106,150
P-1x,2315,24.693,7.48,7.48,0.0075,17032,150
P-1x,2316,24.701,7.35,7.32,0.0074,17032,150
P-1x,2317,24.709,8.44,8.46,0.0084,25760,150
P-1x,2318,24.717,7.77,7.71,0.0078,17032,150
P-1x,2319,24.725,8.65,8.63,0.0087,25768,150
P-1x,2320,24.732,7.43,7.47,0.0074,17032,150
P-1x,2321,24.740,7.37,7.39,0.0074,17032,150
P-1x,2322,24.748,8.51,8.49,0.0085,26072,150
P-1x,2323,24.757,7.69,7.70,0.0077,17032,150
P-1x,2324,24.765,8.80,8.79,0.0088,26096,150
P-1x,2325,24.772,7.31,7.31,0.0073,17032,150
P-1x,2326,24.780,7.61,7.61,0.0076,17032,150
P-1x,2327,24.788,8.41,8.40,0.0084,26704,150
P-1x,2328,24.796,7.16,7.18,0.0072,17084,150
P-1x,2329,24.804,8.72,8.71,0.0087,26384,150
P-1x,2330,24.811,7.18,7.20,0.0072,17032,150
P-1x,2331,24.821,8.40,8.40,0.0084,17552,150
P-1x,2332,24.829,9.58,9.51,0.0096,27532,150
P-1x,2333,24.838,7.67,7.69,0.0077,17032,150
P-1x,2334,24.846,9.81,9.80,0.0098,26450,150
P-1x,2335,24.855,8.06,8.07,0.0081,17032,150
P-1x,2336,24.869,13.47,13.49,0.0135,23496,150
P-1x,2337,24.878,9.55,9.52,0.0095,35506,150
P-1x,2338,24.886,8.88,8.89,0.0089,34562,150
P-1x,2339,24.895,8.13,8.10,0.0081,17032,150
P-1x,2340,24.904,8.16,8.18,0.0082,17032,150
P-1x,2341,24.912,9.67,9.63,0.0097,34562,150
P-1x,2342,24.921,7.64,7.68,0.0076,17112,150
P-1x,2343,24.929,9.29,9.29,0.0093,33880,150
P-1x,2344,24.938,7.99,7.93,0.0080,17032,150
P-1x,2345,24.946,8.82,8.87,0.0088,34520,150
P-1x,2346,24.954,8.26,8.21,0.0083,17032,150
P-1x,2347,24.964,8.63,8.68,0.0086,17032,150
P-1x,2348,24.973,9.60,9.60,0.0096,34512,150
P-1x,2349,24.981,7.86,7.82,0.0079,17032,150
P-1x,2350,24.990,9.47,9.48,0.0095,34512,150
P-1x,2351,24.999,7.90,7.90,0.0079,17084,150
P-1x,2352,25.008,9.85,9.86,0.0099,34192,150
P-1x,2353,25.016,7.62,7.63,0.0076,17032,150
P-1x,2354,25.024,8.92,8.89,0.0089,34856,150
P-1x,2355,25.032,7.69,7.71,0.0077,17032,150
P-1x,2356,25.041,7.80,7.80,0.0078,17032,150
P-1x,2357,25.048,8.46,8.40,0.0085,35136,150
P-1x,2358,25.059,9.48,9.53,0.0095,17032,150
P-1x,2359,25.067,9.18,9.17,0.0092,35136,150
P-1x,2360,25.076,8.40,8.39,0.0084,17032,150
P-1x,2361,25.084,9.22,9.21,0.0092,36144,150
P-1x,2362,25.092,7.43,7.40,0.0074,17032,150
P-1x,2363,25.100,6.98,6.98,0.0070,17032,150
P-1x,2364,25.108,8.82,8.83,0.0088,34824,150
P-1x,2365,25.116,7.21,7.25,0.0072,17032,150
P-1x,2366,25.123,7.96,7.91,0.0080,34824,150
P-1x,2367,25.130,7.10,7.09,0.0071,17032,150
P-1x,2368,25.138,7.56,7.51,0.0076,17032,150
P-1x,2369,25.146,8.51,8.56,0.0085,33880,150
P-1x,2370,25.154,7.49,7.41,0.0075,17032,150
P-1x,2371,25.168,13.69,13.78,0.0137,23552,150
P-1x,2372,25.177,8.87,8.82,0.0089,42624,150
P-1x,2373,25.185,9.15,9.18,0.0091,42944,150
P-1x,2374,25.194,8.83,8.80,0.0088,17032,150
P-1x,2375,25.205,8.38,8.38,0.0084,17084,150
P-1x,2376,25.213,10.70,10.71,0.0107,45128,150
P-1x,2377,25.222,7.79,7.79,0.0078,17032,150
P-1x,2378,25.230,8.73,8.70,0.0087,42936,150
P-1x,2379,25.239,8.31,8.31,0.0083,17032,150
P-1x,2380,25.247,9.20,9.20,0.0092,42936,150
P-1x,2381,25.256,8.37,8.37,0.0084,17032,150
P-1x,2382,25.265,9.53,9.51,0.0095,43136,150
P-1x,2383,25.273,7.95,7.99,0.0080,17032,150
P-1x,2384,25.282,8.21,8.21,0.0082,17032,150
P-1x,2385,25.292,10.40,10.31,0.0104,52380,150
P-1x,2386,25.302,8.92,8.98,0.0089,17032,150
P-1x,2387,25.310,8.96,8.99,0.0090,45602,150
P-1x,2388,25.319,8.55,8.50,0.0085,17032,150
P-1x,2389,25.330,11.89,11.91,0.0119,45956,150
P-1x,2390,25.339,8.48,8.47,0.0085,17032,150
P-1x,2391,25.347,8.87,8.84,0.0089,46276,150
P-1x,2392,25.357,8.76,8.77,0.0088,17032,150
P-1x,2393,25.366,9.91,9.89,0.0099,46276,150
P-1x,2394,25.374,7.91,7.91,0.0079,17032,150
P-1x,2395,25.383,8.22,8.27,0.0082,17032,150
P-1x,2396,25.393,10.52,10.50,0.0105,46788,150
P-1x,2397,25.402,8.41,8.41,0.0084,17032,150
P-1x,2398,25.411,9.89,9.90,0.0099,45802,150
P-1x,2399,25.421,8.81,8.80,0.0088,17032,150
P-1x,2400,25.429,9.16,9.11,0.0092,46022,150
P-1x,2401,25.438,8.64,8.68,0.0086,17032,150
P-1x,2402,25.447,9.40,9.42,0.0094,46334,150
P-1x,2403,25.458,8.26,8.20,0.0083,17032,150
P-1x,2404,25.472,16.65,16.68,0.0166,54462,150
P-1x,2405,25.484,11.04,11.01,0.0110,21388,150
P-1x,2406,25.494,10.66,10.69,0.0107,57002,150
P-1x,2407,25.504,8.89,8.90,0.0089,17912,150
P-1x,2408,25.519,15.10,15.09,0.0151,61508,150
P-1x,2409,25.529,11.91,11.90,0.0119,58320,150
P-1x,2410,25.539,9.04,9.01,0.0090,17912,150
P-1x,2411,25.548,9.85,9.88,0.0098,59154,150
P-1x,2412,25.559,9.37,9.39,0.0094,17992,150
P-1x,2413,25.569,11.04,11.02,0.0110,56000,150
P-1x,2414,25.579,9.41,9.39,0.0094,19000,150
P-1x,2415,25.588,9.41,9.39,0.0094,47702,150
P-1x,2416,25.597,8.89,8.90,0.0089,17032,150
P-1x,2417,25.606,9.16,9.11,0.0092,49246,150
P-1x,2418,25.618,11.12,11.18,0.0111,18124,150
P-1x,2419,25.626,9.59,9.58,0.0096,48562,150
P-1x,2420,25.639,10.33,10.31,0.0103,19112,150
P-1x,2421,25.647,10.35,10.32,0.0104,52662,150
P-1x,2422,25.659,10.74,10.75,0.0107,17112,150
P-1x,2423,25.668,9.81,9.82,0.0098,51396,150
P-1x,2424,25.678,9.29,9.30,0.0093,17032,150
P-1x,2425,25.687,9.81,9.79,0.0098,52940,150
P-1x,2426,25.697,9.27,9.27,0.0093,17032,150
P-1x,2427,25.706,10.04,10.02,0.0100,51092,150
P-1x,2428,25.714,8.45,8.50,0.0085,17032,150
P-1x,2429,25.725,9.04,9.00,0.0090,17032,150
P-1x,2430,25.734,10.75,10.71,0.0107,52012,150
P-1x,2431,25.744,9.14,9.19,0.0091,17200,150
P-1x,2432,25.753,9.33,9.31,0.0093,51674,150
P-1x,2433,25.770,15.95,15.97,0.0160,24608,150
P-1x,2434,25.781,11.74,11.72,0.0117,63842,150
P-1x,2435,25.792,11.58,11.59,0.0116,63046,150
P-1x,2436,25.804,9.98,9.99,0.0100,17912,150
P-1x,2437,25.814,11.70,11.70,0.0117,63544,150
P-1x,2438,25.826,10.06,10.02,0.0101,18044,150
P-1x,2439,25.837,11.30,11.30,0.0113,63934,150
P-1x,2440,25.846,11.39,11.40,0.0114,63794,150
P-1x,2441,25.858,8.99,8.99,0.0090,17912,150
P-1x,2442,25.868,13.06,13.09,0.0131,63838,150
P-1x,2443,25.879,9.26,9.20,0.0093,18992,150
P-1x,2444,25.888,9.82,9.83,0.0098,53856,150
P-1x,2445,25.897,8.50,8.54,0.0085,17032,150
P-1x,2446,25.908,11.88,11.77,0.0119,57792,150
P-1x,2447,25.922,8.93,8.97,0.0089,17032,150
P-1x,2448,25.932,15.05,15.08,0.0151,60798,150
P-1x,2449,25.942,8.94,8.98,0.0089,17932,150
P-1x,2450,25.951,10.23,10.20,0.0102,56260,150
P-1x,2451,25.963,10.18,10.20,0.0102,17872,150
P-1x,2452,25.973,11.94,11.92,0.0119,54132,150
P-1x,2453,25.985,8.99,8.99,0.0090,17272,150
P-1x,2454,25.995,12.38,12.38,0.0124,58396,150
P-1x,2455,26.011,8.96,8.92,0.0090,17272,150
P-1x,2456,26.022,17.70,17.70,0.0177,64684,150
P-1x,2457,26.032,10.99,10.98,0.0110,55072,150
P-1x,2458,26.048,10.47,10.19,0.0105,17536,150
P-1x,2459,26.068,24.00,24.30,0.0240,61892,150
P-1x,2460,26.081,13.71,13.71,0.0137,63110,150
P-1x,2461,26.093,12.40,12.39,0.0124,60098,150
P-1x,2462,26.114,10.69,10.70,0.0107,18072,150
P-1x,2463,26.127,22.28,22.29,0.0223,74060,150
P-1x,2464,26.141,13.80,13.79,0.0138,60234,150
P-1x,2465,26.153,12.96,12.90,0.0130,60650,150
P-1x,2466,26.166,12.55,12.60,0.0125,18072,150
P-1x,2467,26.179,13.01,13.00,0.0130,58610,150
P-1x,2468,26.190,11.80,11.79,0.0118,48248,150
P-1x,2469,26.206,11.24,11.20,0.0112,17448,150
P-1x,2470,26.220,15.76,15.80,0.0158,52236,150
P-1x,2471,26.231,14.06,14.02,0.0141,49764,150
P-1x,2472,26.243,10.83,10.88,0.0108,17164,150
P-1x,2473,26.254,12.72,12.69,0.0127,47170,150
P-1x,2474,26.266,10.89,10.91,0.0109,17032,150
P-1x,2475,26.279,13.03,13.00,0.0130,49420,150
P-1x,2476,26.291,12.17,12.19,0.0122,43274,150
P-1x,2477,26.302,10.80,10.81,0.0108,17032,150
P-1x,2478,26.312,10.79,10.79,0.0108,43970,150
P-1x,2479,26.325,10.65,10.61,0.0106,17120,150
P-1x,2480,26.338,13.53,13.51,0.0135,43484,150
P-1x,2481,26.349,12.51,12.50,0.0125,41910,150
P-1x,2482,26.361,10.70,10.71,0.0107,17456,150
P-1x,2483,26.371,11.66,11.68,0.0117,44690,150
P-1x,2484,26.382,9.41,9.40,0.0094,17832,150
P-1x,2485,26.391,10.74,10.70,0.0107,42710,150
P-1x,2486,26.405,11.68,11.68,0.0117,23642,150
P-1x,2487,26.417,13.20,13.19,0.0132,45050,150
P-1x,2488,26.430,13.27,13.28,0.0133,42494,150
P-1x,2489,26.443,11.08,11.10,0.0111,17752,150
P-1x,2490,26.453,12.22,12.20,0.0122,43844,150
P-1x,2491,26.463,9.25,9.30,0.0093,17752,150
P-1x,2492,26.473,10.75,10.71,0.0107,42944,150
P-1x,2493,26.483,9.60,9.61,0.0096,22162,150
P-1x,2494,26.493,10.20,10.18,0.0102,34882,150
P-1x,2495,26.502,8.46,8.49,0.0085,17032,150
P-1x,2496,26.511,9.49,9.42,0.0095,35314,150
P-1x,2497,26.521,9.62,9.67,0.0096,17032,150
P-1x,2498,26.531,10.40,10.40,0.0104,34180,150
P-1x,2499,26.540,8.51,8.50,0.0085,17032,150
P-1x,2500,26.549,9.51,9.50,0.0095,34284,150
P-1x,2501,26.561,9.34,9.39,0.0093,17112,150
P-1x,2502,26.571,13.40,13.32,0.0134,41546,150
P-1x,2503,26.581,8.95,8.99,0.0089,17064,150
P-1x,2504,26.592,11.63,11.61,0.0116,36048,150
P-1x,2505,26.602,8.87,8.88,0.0089,17032,150
P-1x,2506,26.611,10.39,10.41,0.0104,33486,150
P-1x,2507,26.621,8.50,8.49,0.0085,17032,150
P-1x,2508,26.630,10.05,10.01,0.0100,33790,150
P-1x,2509,26.640,9.36,9.38,0.0094,17032,150
P-1x,2510,26.650,10.52,10.49,0.0105,33486,150
P-1x,2511,26.659,9.05,9.10,0.0090,17196,150
P-1x,2512,26.669,10.53,10.49,0.0105,35172,150
P-1x,2513,26.681,10.33,10.23,0.0103,17752,150
P-1x,2514,26.690,10.91,10.98,0.0109,33192,150
P-1x,2515,26.704,8.93,8.90,0.0089,17752,137
P-1x,2516,26.714,14.67,14.68,0.0147,139218,137
P-1x,2517,26.724,9.54,9.57,0.0095,17752,137
P-1x,2518,26.734,10.28,10.29,0.0103,33888,137
P-1x,2519,26.746,10.25,10.23,0.0102,18416,137
P-1x,2520,26.756,10.99,11.00,0.0110,36534,137
P-1x,2521,26.766,10.43,10.40,0.0104,34194,137
P-1x,2522,26.776,9.49,9.47,0.0095,18784,137
P-1x,2523,26.784,9.31,9.32,0.0093,26852,137
P-1x,2524,26.793,8.66,8.69,0.0087,17032,137
P-1x,2525,26.802,8.65,8.61,0.0086,17064,137
P-1x,2526,26.811,9.95,9.99,0.0100,27162,137
P-1x,2527,26.821,8.42,8.40,0.0084,17032,137
P-1x,2528,26.829,9.63,9.62,0.0096,26474,137
P-1x,2529,26.838,8.06,8.07,0.0081,17032,137
P-1x,2530,26.847,9.12,9.11,0.0091,26266,137
P-1x,2531,26.857,8.20,8.19,0.0082,17032,137
P-1x,2532,26.866,11.38,11.39,0.0114,30430,137
P-1x,2533,26.875,8.33,8.30,0.0083,17032,137
P-1x,2534,26.885,9.49,9.50,0.0095,17112,137
P-1x,2535,26.895,10.52,10.50,0.0105,26452,137
P-1x,2536,26.904,8.68,8.69,0.0087,17192,137
P-1x,2537,26.913,9.70,9.71,0.0097,25452,137
P-1x,2538,26.922,8.69,8.68,0.0087,17032,137
P-1x,2539,26.931,9.43,9.43,0.0094,26676,137
P-1x,2540,26.940,8.29,8.30,0.0083,17032,137
P-1x,2541,26.949,9.63,9.59,0.0096,25756,137
P-1x,2542,26.960,9.73,9.77,0.0097,20224,137
P-1x,2543,26.970,11.55,11.51,0.0116,25630,137
P-1x,2544,26.980,8.87,8.91,0.0089,17832,137
P-1x,2545,26.988,9.06,9.00,0.0091,25854,137
P-1x,2546,26.998,8.97,8.99,0.0090,17832,137
P-1x,2547,27.008,10.58,10.53,0.0106,25550,137
P-1x,2548,27.018,9.37,9.42,0.0094,17832,137
P-1x,2549,27.026,9.18,9.13,0.0092,25854,137
P-1x,2550,27.035,8.47,8.50,0.0085,17832,137
P-1x,2551,27.044,8.94,8.91,0.0089,26254,137
P-1x,2552,27.052,7.90,7.90,0.0079,17832,137
P-1x,2553,27.061,8.74,8.78,0.0087,18904,137
P-1x,2554,27.069,9.02,9.00,0.0090,19038,137
P-1x,2555,27.078,8.12,8.10,0.0081,17032,137
P-1x,2556,27.086,8.38,8.39,0.0084,18050,137
P-1x,2557,27.094,8.31,8.30,0.0083,17032,137
P-1x,2558,27.102,7.57,7.57,0.0076,17032,137
P-1x,2559,27.110,8.72,8.71,0.0087,17730,137
P-1x,2560,27.119,8.03,8.02,0.0080,17032,137
P-1x,2561,27.128,9.02,8.98,0.0090,18362,137
P-1x,2562,27.136,7.76,7.80,0.0078,17032,137
P-1x,2563,27.144,8.53,8.49,0.0085,17730,137
P-1x,2564,27.151,7.49,7.50,0.0075,17032,137
P-1x,2565,27.160,7.88,7.89,0.0079,17032,137
P-1x,2566,27.168,8.50,8.51,0.0085,18370,137
P-1x,2567,27.176,8.03,7.99,0.0080,17032,137
P-1x,2568,27.184,8.60,8.60,0.0086,18050,137
P-1x,2569,27.192,7.59,7.61,0.0076,17032,137
P-1x,2570,27.200,7.38,7.39,0.0074,17032,137
P-1x,2571,27.209,9.25,9.22,0.0093,18050,137
P-1x,2572,27.217,7.49,7.48,0.0075,17032,137
P-1x,2573,27.224,8.46,8.49,0.0085,18042,137
P-1x,2574,27.232,7.54,7.51,0.0075,17032,137
P-1x,2575,27.240,7.53,7.50,0.0075,17032,137
P-1x,2576,27.248,8.78,8.79,0.0088,18050,137
P-1x,2577,27.257,7.65,7.70,0.0077,17032,137
P-1x,2578,27.264,7.93,7.90,0.0079,17730,137
P-1x,2579,27.271,6.96,7.00,0.0070,17084,137
P-1x,2580,27.279,7.57,7.52,0.0076,17032,137
P-1x,2581,27.287,8.23,8.28,0.0082,17730,137
P-1x,2582,27.294,7.45,7.41,0.0075,17032,137
P-1x,2583,27.303,7.95,7.99,0.0080,17032,137
P-1x,2584,27.310,8.04,8.01,0.0080,18050,137
P-1x,2585,27.319,7.98,7.99,0.0080,17032,137
P-1x,2586,27.326,8.40,8.40,0.0084,18042,137
P-1x,2587,27.334,7.03,6.99,0.0070,17032,137
P-1x,2588,27.342,7.28,7.31,0.0073,17032,137
P-1x,2589,27.349,8.62,8.60,0.0086,17730,137
P-1x,2590,27.358,8.29,8.32,0.0083,17032,137
P-1x,2591,27.366,7.86,7.86,0.0079,17730,137
P-1x,2592,27.373,7.41,7.39,0.0074,17032,137
P-1x,2593,27.381,7.60,7.59,0.0076,17032,137
P-1x,2594,27.389,8.09,8.09,0.0081,18042,137
P-1x,2595,27.396,7.01,7.01,0.0070,17032,137
P-1x,2596,27.404,8.66,8.61,0.0087,18346,137
P-1x,2597,27.411,6.94,6.98,0.0069,17032,137
P-1x,2598,27.420,7.82,7.81,0.0078,17032,137
P-1x,2599,27.429,9.30,9.28,0.0093,18682,137
P-1x,2600,27.437,7.72,7.72,0.0077,17032,137
P-1x,2601,27.445,9.07,9.09,0.0091,18050,137
P-1x,2602,27.453,7.80,7.78,0.0078,17032,137
P-1x,2603,27.461,7.73,7.71,0.0077,17032,137
P-1x,2604,27.469,8.22,8.20,0.0082,17730,137
P-1x,2605,27.477,7.43,7.49,0.0074,17084,137
P-1x,2606,27.484,8.11,8.08,0.0081,18050,137
P-1x,2607,27.492,7.22,7.24,0.0072,17032,137
P-1x,2608,27.499,6.86,6.88,0.0069,17032,137
P-1x,2609,27.508,9.21,9.14,0.0092,17730,137
P-1x,2610,27.516,7.43,7.45,0.0074,17032,137
P-1x,2611,27.524,8.56,8.52,0.0086,17730,137
P-1x,2612,27.531,7.63,7.68,0.0076,17032,137
P-1x,2613,27.541,7.46,7.42,0.0075,17032,132
P-1x,2614,27.550,11.64,11.67,0.0116,37340,132
P-1x,2615,27.559,7.78,7.80,0.0078,17032,132
P-1x,2616,27.567,8.55,8.51,0.0086,17730,132
P-1x,2617,27.576,8.76,8.79,0.0088,20458,132
P-1x,2618,27.584,8.11,8.09,0.0081,18042,132
P-1x,2619,27.591,7.73,7.71,0.0077,17032,132
P-1x,2620,27.600,7.30,7.30,0.0073,17032,132
P-1x,2621,27.608,9.15,9.08,0.0092,18994,132
P-1x,2622,27.616,7.61,7.70,0.0076,17032,132
P-1x,2623,27.624,8.10,8.09,0.0081,17730,132
P-1x,2624,27.630,6.68,6.69,0.0067,17032,132
P-1x,2625,27.638,7.45,7.42,0.0074,17064,132
P-1x,2626,27.646,8.37,8.38,0.0084,17032,132
P-1x,2627,27.654,7.79,7.81,0.0078,17112,132
P-1x,2628,27.663,7.99,7.99,0.0080,17032,132
P-1x,2629,27.670,7.95,7.92,0.0080,17344,132
P-1x,2630,27.678,7.39,7.39,0.0074,17084,132
P-1x,2631,27.685,7.78,7.79,0.0078,17656,132
P-1x,2632,27.692,7.10,7.12,0.0071,17032,132
P-1x,2633,27.700,6.77,6.78,0.0068,17032,132
P-1x,2634,27.708,9.02,8.93,0.0090,17032,132
P-1x,2635,27.716,7.05,7.08,0.0070,17032,132
P-1x,2636,27.723,7.95,7.98,0.0080,17032,132
P-1x,2637,27.731,8.30,8.29,0.0083,17112,132
P-1x,2638,27.739,7.42,7.42,0.0074,17032,132
P-1x,2639,27.747,8.02,7.99,0.0080,17960,132
P-1x,2640,27.754,6.99,6.99,0.0070,17032,132
P-1x,2641,27.762,7.56,7.59,0.0076,17032,132
P-1x,2642,27.769,8.13,8.10,0.0081,17344,132
P-1x,2643,27.777,7.60,7.62,0.0076,17032,132
P-1x,2644,27.785,8.12,8.09,0.0081,17664,132
P-1x,2645,27.793,7.65,7.61,0.0077,17112,132
P-1x,2646,27.802,8.83,8.86,0.0088,22602,132
P-1x,2647,27.810,8.38,8.39,0.0084,17032,132
P-1x,2648,27.818,7.39,7.41,0.0074,17032,132
P-1x,2649,27.826,8.22,8.20,0.0082,18280,132
P-1x,2650,27.832,6.97,7.00,0.0070,17032,132
P-1x,2651,27.841,7.45,7.40,0.0075,17032,132
P-1x,2652,27.848,8.10,8.10,0.0081,17344,132
P-1x,2653,27.856,7.78,7.78,0.0078,17032,132
P-1x,2654,27.864,8.49,8.51,0.0085,17344,132
P-1x,2655,27.871,7.14,7.11,0.0071,17032,132
P-1x,2656,27.879,6.77,6.78,0.0068,17084,132
P-1x,2657,27.886,8.01,8.00,0.0080,17656,132
P-1x,2658,27.893,7.20,7.19,0.0072,17032,132
P-1x,2659,27.901,7.49,7.51,0.0075,17032,132
P-1x,2660,27.909,8.12,8.10,0.0081,17344,132
P-1x,2661,27.917,7.54,7.50,0.0075,17032,132
P-1x,2662,27.924,7.77,7.80,0.0078,17344,132
P-1x,2663,27.931,7.07,7.09,0.0071,17032,132
P-1x,2664,27.939,7.37,7.31,0.0074,17032,132
P-1x,2665,27.948,9.22,9.20,0.0092,17424,132
P-1x,2666,27.956,7.81,7.87,0.0078,17032,132
P-1x,2667,27.964,8.42,8.42,0.0084,17032,132
P-1x,2668,27.972,7.30,7.30,0.0073,17032,132
P-1x,2669,27.979,6.97,6.98,0.0070,17032,132
P-1x,2670,27.987,8.51,8.50,0.0085,17968,132
P-1x,2671,27.997,9.73,9.71,0.0097,19112,132
P-1x,2672,28.006,8.89,8.89,0.0089,19760,132
P-1x,2673,28.013,7.95,8.00,0.0079,17032,132
P-1x,2674,28.022,7.53,7.43,0.0075,17032,132
P-1x,2675,28.029,8.44,8.48,0.0084,21080,132
P-1x,2676,28.038,7.36,7.38,0.0074,17032,132
P-1x,2677,28.045,8.46,8.19,0.0085,20384,132
P-1x,2678,28.053,7.54,7.80,0.0075,17032,132
P-1x,2679,28.062,7.92,7.90,0.0079,17032,132
P-1x,2680,28.070,8.80,8.80,0.0088,20072,132
P-1x,2681,28.079,8.18,8.19,0.0082,17032,132
P-1x,2682,28.086,8.45,8.42,0.0085,20436,132
P-1x,2683,28.094,7.44,7.46,0.0074,17032,132
P-1x,2684,28.101,6.97,6.84,0.0070,17032,132
P-1x,2685,28.110,9.04,9.17,0.0090,19840,132
P-1x,2686,28.118,7.25,7.12,0.0072,17032,132
P-1x,2687,28.125,7.94,8.07,0.0079,20072,132
P-1x,2688,28.133,7.85,7.81,0.0079,17032,132
P-1x,2689,28.141,7.31,7.30,0.0073,17032,132
P-1x,2690,28.150,10.30,10.20,0.0103,30674,132
P-1x,2691,28.160,9.21,9.29,0.0092,18080,132
P-1x,2692,28.168,8.55,8.58,0.0085,21428,132
P-1x,2693,28.176,7.57,7.52,0.0076,17032,132
P-1x,2694,28.191,15.35,15.38,0.0153,28332,132
P-1x,2695,28.201,8.96,8.91,0.0090,17032,132
P-1x,2696,28.209,9.51,9.60,0.0095,29548,132
P-1x,2697,28.224,9.72,9.70,0.0097,17552,132
P-1x,2698,28.233,13.73,13.69,0.0137,35118,132
P-1x,2699,28.243,9.77,9.82,0.0098,17520,132
P-1x,2700,28.253,9.99,9.99,0.0100,30886,132
P-1x,2701,28.262,8.96,8.99,0.0090,17032,132
P-1x,2702,28.272,9.87,9.80,0.0099,30558,132
P-1x,2703,28.282,8.30,8.31,0.0083,17032,132
P-1x,2704,28.292,12.38,12.38,0.0124,33678,132
P-1x,2705,28.302,9.47,9.50,0.0095,17112,132
P-1x,2706,28.311,9.43,9.39,0.0094,31610,132
P-1x,2707,28.321,8.77,8.79,0.0088,17352,132
P-1x,2708,28.329,9.54,9.51,0.0095,28882,132
P-1x,2709,28.338,8.26,8.29,0.0083,17032,132
P-1x,2710,28.346,8.63,8.61,0.0086,29818,132
P-1x,2711,28.354,8.14,8.14,0.0081,17032,132
P-1x,2712,28.364,8.32,8.34,0.0083,17032,132
P-1x,2713,28.373,9.91,9.91,0.0099,28962,132
P-1x,2714,28.383,8.94,8.90,0.0089,17224,132
P-1x,2715,28.391,8.97,9.00,0.0090,29140,132
P-1x,2716,28.399,8.19,8.20,0.0082,17032,132
P-1x,2717,28.408,9.08,9.10,0.0091,28500,132
P-1x,2718,28.419,8.69,8.60,0.0087,17032,132
P-1x,2719,28.427,10.76,10.80,0.0108,30242,132
P-1x,2720,28.440,7.97,7.99,0.0080,17032,132
P-1x,2721,28.450,14.23,14.18,0.0142,35242,132
P-1x,2722,28.460,9.45,9.50,0.0094,17264,132
P-1x,2723,28.468,9.04,9.00,0.0090,29444,132
P-1x,2724,28.484,15.08,15.09,0.0151,23584,132
P-1x,2725,28.493,10.03,10.00,0.0100,36976,132
P-1x,2726,28.503,8.99,9.01,0.0090,17032,132
P-1x,2727,28.512,9.61,9.60,0.0096,36604,132
P-1x,2728,28.521,8.97,8.98,0.0090,17120,132
P-1x,2729,28.530,9.19,9.19,0.0092,36882,132
P-1x,2730,28.540,9.12,9.10,0.0091,17192,132
P-1x,2731,28.548,9.50,9.50,0.0095,35880,132
P-1x,2732,28.559,9.39,9.35,0.0094,17032,132
P-1x,2733,28.568,9.89,9.93,0.0099,36192,132
P-1x,2734,28.578,9.02,9.02,0.0090,17032,132
P-1x,2735,28.588,10.80,10.81,0.0108,36892,132
P-1x,2736,28.597,9.00,8.99,0.0090,17032,132
P-1x,2737,28.608,11.23,11.22,0.0112,36192,132
P-1x,2738,28.617,8.26,8.27,0.0083,17032,132
P-1x,2739,28.625,9.10,9.10,0.0091,35560,132
P-1x,2740,28.633,8.08,8.11,0.0081,17032,132
P-1x,2741,28.642,8.01,8.00,0.0080,17032,132
P-1x,2742,28.650,9.02,9.00,0.0090,35656,132
P-1x,2743,28.663,10.41,10.39,0.0104,19136,132
P-1x,2744,28.672,11.19,11.19,0.0112,41716,132
P-1x,2745,28.681,8.56,8.59,0.0086,17136,132
P-1x,2746,28.690,9.64,9.61,0.0096,37586,132
P-1x,2747,28.699,8.09,8.10,0.0081,17084,132
P-1x,2748,28.708,9.70,9.69,0.0097,37898,132
P-1x,2749,28.717,8.61,8.49,0.0086,17032,132
P-1x,2750,28.726,9.00,9.12,0.0090,37266,132
P-1x,2751,28.733,7.54,7.52,0.0075,17032,132
P-1x,2752,28.742,7.73,7.76,0.0077,17032,132
P-1x,2753,28.750,9.33,9.32,0.0093,38834,132
P-1x,2754,28.759,8.16,8.10,0.0082,17136,132
P-1x,2755,28.767,9.08,9.09,0.0091,38436,132
P-1x,2756,28.783,14.96,14.99,0.0150,23816,132
P-1x,2757,28.792,9.61,9.59,0.0096,46108,132
P-1x,2758,28.802,9.09,9.10,0.0091,17192,132
P-1x,2759,28.812,11.18,11.19,0.0112,47148,132
P-1x,2760,28.823,9.62,9.60,0.0096,17192,132
P-1x,2761,28.832,9.80,9.80,0.0098,47136,132
P-1x,2762,28.841,8.51,8.51,0.0085,17192,132
P-1x,2763,28.850,9.90,9.82,0.0099,46512,132
P-1x,2764,28.862,8.88,8.96,0.0089,17192,132
P-1x,2765,28.871,12.31,12.29,0.0123,56506,132
P-1x,2766,28.884,10.12,10.10,0.0101,22962,132
P-1x,2767,28.893,11.42,11.42,0.0114,48726,132
P-1x,2768,28.902,8.86,8.88,0.0089,17084,132
P-1x,2769,28.911,9.62,9.62,0.0096,44988,132
P-1x,2770,28.921,9.10,9.09,0.0091,17032,132
P-1x,2771,28.930,9.47,9.48,0.0095,45308,132
P-1x,2772,28.940,8.71,8.70,0.0087,17064,132
P-1x,2773,28.949,10.99,11.00,0.0110,47520,132
P-1x,2774,28.960,9.39,9.40,0.0094,17032,132
P-1x,2775,28.968,9.63,9.61,0.0096,47400,132
P-1x,2776,28.982,8.90,8.89,0.0089,17032,122
P-1x,2777,28.992,14.49,14.48,0.0145,70182,122
P-1x,2778,29.001,8.80,8.81,0.0088,17032,122
P-1x,2779,29.011,9.89,9.90,0.0099,44948,122
P-1x,2780,29.020,9.10,9.09,0.0091,17112,122
P-1x,2781,29.029,9.65,9.61,0.0096,45268,122
P-1x,2782,29.041,10.61,10.61,0.0106,17664,122
P-1x,2783,29.049,9.51,9.50,0.0095,44928,122
P-1x,2784,29.060,9.27,9.29,0.0093,17032,122
P-1x,2785,29.069,10.21,10.18,0.0102,45560,122
P-1x,2786,29.085,15.42,15.43,0.0154,23760,122
P-1x,2787,29.095,10.39,10.39,0.0104,55350,122
P-1x,2788,29.107,11.02,11.00,0.0110,22726,122
P-1x,2789,29.118,10.99,10.98,0.0110,54330,122
P-1x,2790,29.127,10.68,10.70,0.0107,54010,122
P-1x,2791,29.138,9.38,9.38,0.0094,17752,122
P-1x,2792,29.147,10.50,10.49,0.0105,54010,122
P-1x,2793,29.159,10.70,10.64,0.0107,17752,122
P-1x,2794,29.170,11.93,11.97,0.0119,59140,122
P-1x,2795,29.182,9.93,9.90,0.0099,17832,122
P-1x,2796,29.191,11.22,11.22,0.0112,58640,122
P-1x,2797,29.202,9.35,9.36,0.0093,17032,122
P-1x,2798,29.212,11.59,11.52,0.0116,46508,122
P-1x,2799,29.222,9.00,9.07,0.0090,17032,122
P-1x,2800,29.230,9.45,9.41,0.0095,46972,122
P-1x,2801,29.240,8.87,8.87,0.0089,17032,122
P-1x,2802,29.248,9.21,9.21,0.0092,46332,122
P-1x,2803,29.259,9.44,9.37,0.0094,17032,122
P-1x,2804,29.268,10.01,10.04,0.0100,48812,122
P-1x,2805,29.279,8.96,8.99,0.0090,17352,122
P-1x,2806,29.288,11.51,11.48,0.0115,56278,122
P-1x,2807,29.300,9.57,9.61,0.0096,17352,122
P-1x,2808,29.310,11.48,11.49,0.0115,49758,122
P-1x,2809,29.319,8.91,8.89,0.0089,17352,122
P-1x,2810,29.328,9.69,9.69,0.0097,46590,122
P-1x,2811,29.338,8.52,8.52,0.0085,17352,122
P-1x,2812,29.347,10.21,10.19,0.0102,46590,122
P-1x,2813,29.356,8.67,8.68,0.0087,17352,122
P-1x,2814,29.365,9.91,9.91,0.0099,46270,122
P-1x,2815,29.383,16.12,16.09,0.0161,24344,122
P-1x,2816,29.393,11.90,11.90,0.0119,58164,122
P-1x,2817,29.406,10.37,10.39,0.0104,17872,121
P-1x,2818,29.417,12.80,12.81,0.0128,57244,121
P-1x,2819,29.428,11.14,11.11,0.0111,50802,121
P-1x,2820,29.438,9.76,9.69,0.0098,17912,121
P-1x,2821,29.448,10.40,10.48,0.0104,51434,121
P-1x,2822,29.461,9.97,9.98,0.0100,17912,121
P-1x,2823,29.471,13.20,13.15,0.0132,58466,121
P-1x,2824,29.482,9.84,9.88,0.0098,17912,121
P-1x,2825,29.491,10.23,10.20,0.0102,52426,121
P-1x,2826,29.501,9.07,9.08,0.0091,17192,121
P-1x,2827,29.510,9.81,9.81,0.0098,43198,121
P-1x,2828,29.520,9.04,9.01,0.0090,17368,121
P-1x,2829,29.529,9.53,9.50,0.0095,41180,121
P-1x,2830,29.539,8.93,8.97,0.0089,17032,121
P-1x,2831,29.550,12.50,12.49,0.0125,48314,121
P-1x,2832,29.562,11.28,11.32,0.0113,19720,121
P-1x,2833,29.571,10.22,10.20,0.0102,44292,121
P-1x,2834,29.582,8.73,8.70,0.0087,17192,119
P-1x,2835,29.592,12.06,12.08,0.0121,48424,119
P-1x,2836,29.603,9.83,9.81,0.0098,17720,119
P-1x,2837,29.612,10.31,10.30,0.0103,43338,119
P-1x,2838,29.622,8.29,8.29,0.0083,17192,119
P-1x,2839,29.630,9.58,9.58,0.0096,43026,119
P-1x,2840,29.640,9.08,9.10,0.0091,17312,119
P-1x,2841,29.649,9.65,9.62,0.0096,42636,119
P-1x,2842,29.659,9.17,9.18,0.0092,17352,119
P-1x,2843,29.676,16.62,16.60,0.0166,47456,119
P-1x,2844,29.686,11.16,11.18,0.0112,51704,119
P-1x,2845,29.698,10.92,10.91,0.0109,18464,119
P-1x,2846,29.709,12.40,12.40,0.0124,53108,119
P-1x,2847,29.725,9.68,9.68,0.0097,17724,119
P-1x,2848,29.735,15.64,15.61,0.0156,59006,119
P-1x,2849,29.749,10.17,10.20,0.0102,17672,119
P-1x,2850,29.761,15.25,15.19,0.0152,58174,119
P-1x,2851,29.773,12.64,12.67,0.0126,54106,119
P-1x,2852,29.785,10.56,10.51,0.0106,18560,119
P-1x,2853,29.796,12.37,12.39,0.0124,46492,119
P-1x,2854,29.808,12.35,12.30,0.0123,44968,119
P-1x,2855,29.822,9.37,9.41,0.0094,17032,119
P-1x,2856,29.833,15.39,15.41,0.0154,50844,119
P-1x,2857,29.845,10.11,10.10,0.0101,17032,119
P-1x,2858,29.859,15.21,15.13,0.0152,48880,119
P-1x,2859,29.870,11.82,11.87,0.0118,42240,119
P-1x,2860,29.882,11.07,11.11,0.0111,17032,119
P-1x,2861,29.892,11.37,11.37,0.0114,42640,119
P-1x,2862,29.902,9.51,9.52,0.0095,17032,119
P-1x,2863,29.913,11.02,10.99,0.0110,41558,119
P-1x,2864,29.923,9.79,9.80,0.0098,17260,119
P-1x,2865,29.933,10.34,10.31,0.0103,40194,119
P-1x,2866,29.944,9.88,9.87,0.0099,17032,119
P-1x,2867,29.953,10.43,10.42,0.0104,40314,119
P-1x,2868,29.965,10.63,10.65,0.0106,17032,119
P-1x,2869,29.983,17.81,17.80,0.0178,46140,119
P-1x,2870,29.994,12.20,12.22,0.0122,50916,119
P-1x,2871,30.005,10.61,10.58,0.0106,17832,119
P-1x,2872,30.018,12.02,12.02,0.0120,48716,119
P-1x,2873,30.028,11.48,11.49,0.0115,48716,119
P-1x,2874,30.040,10.81,10.78,0.0108,17832,119
P-1x,2875,30.051,12.03,11.72,0.0120,48716,119
P-1x,2876,30.064,10.86,11.19,0.0109,17832,119
P-1x,2877,30.074,12.60,12.60,0.0126,52074,119
P-1x,2878,30.086,10.96,10.98,0.0110,17912,119
P-1x,2879,30.097,10.94,10.91,0.0109,51860,119
P-1x,2880,30.108,11.79,11.79,0.0118,41840,119
P-1x,2881,30.118,9.50,9.50,0.0095,17032,119
P-1x,2882,30.128,10.39,10.40,0.0104,41564,119
P-1x,2883,30.138,9.80,9.81,0.0098,17032,119
P-1x,2884,30.148,10.42,10.39,0.0104,40896,119
P-1x,2885,30.159,9.89,9.81,0.0099,17032,119
P-1x,2886,30.168,10.28,10.39,0.0103,41320,119
P-1x,2887,30.180,10.28,10.28,0.0103,17552,119
P-1x,2888,30.190,11.66,11.62,0.0117,43974,119
P-1x,2889,30.200,9.07,9.09,0.0091,17032,119
P-1x,2890,30.210,10.49,10.49,0.0105,42412,119
P-1x,2891,30.220,9.42,9.39,0.0094,17032,119
P-1x,2892,30.230,10.92,10.91,0.0109,41500,119
P-1x,2893,30.241,10.07,10.08,0.0101,17032,119
P-1x,2894,30.250,9.76,9.72,0.0098,41812,119
P-1x,2895,30.260,9.02,9.08,0.0090,17032,119
P-1x,2896,30.277,17.65,17.62,0.0176,49396,119
P-1x,2897,30.288,11.04,11.00,0.0110,51900,119
P-1x,2898,30.298,9.85,9.87,0.0098,17672,119
P-1x,2899,30.309,11.71,11.70,0.0117,50166,119
P-1x,2900,30.320,10.31,10.30,0.0103,17672,119
P-1x,2901,30.331,11.57,11.59,0.0116,50522,119
P-1x,2902,30.342,9.80,9.80,0.0098,17672,119
P-1x,2903,30.351,10.35,10.30,0.0103,49550,119
P-1x,2904,30.363,11.38,11.39,0.0114,22802,119
P-1x,2905,30.374,11.19,11.19,0.0112,50614,119
P-1x,2906,30.385,10.30,10.30,0.0103,18552,119
P-1x,2907,30.396,10.92,10.90,0.0109,43550,119
P-1x,2908,30.406,10.67,10.70,0.0107,43286,119
P-1x,2909,30.416,9.30,9.28,0.0093,17032,119
P-1x,2910,30.426,10.86,10.83,0.0109,43294,119
P-1x,2911,30.437,9.05,9.09,0.0091,17072,119
P-1x,2912,30.447,11.70,11.70,0.0117,45640,119
P-1x,2913,30.457,9.38,9.38,0.0094,17032,119
P-1x,2914,30.467,10.76,10.72,0.0108,43910,119
P-1x,2915,30.477,9.26,9.28,0.0093,17032,119
P-1x,2916,30.487,10.66,10.68,0.0107,42982,119
P-1x,2917,30.510,9.61,9.61,0.0096,17032,116
P-1x,2918,30.523,25.64,25.60,0.0256,515322,116
P-1x,2919,30.534,12.42,12.42,0.0124,43034,116
P-1x,2920,30.545,9.95,9.98,0.0100,17144,116
P-1x,2921,30.559,13.71,13.64,0.0137,43216,116
P-1x,2922,30.580,20.72,20.75,0.0207,49008,116
P-1x,2923,30.592,12.98,13.01,0.0130,54096,116
P-1x,2924,30.606,13.80,13.79,0.0138,26986,116
P-1x,2925,30.619,13.09,13.10,0.0131,51640,116
P-1x,2926,30.631,12.15,12.11,0.0121,50104,116
P-1x,2927,30.643,11.07,11.10,0.0111,17832,116
P-1x,2928,30.654,12.44,12.40,0.0124,50416,116
P-1x,2929,30.667,11.65,11.68,0.0116,17832,116
P-1x,2930,30.681,12.83,12.81,0.0128,50544,116
P-1x,2931,30.693,13.81,13.79,0.0138,54088,116
P-1x,2932,30.704,10.77,10.80,0.0108,17032,116
P-1x,2933,30.716,11.48,11.50,0.0115,42284,116
P-1x,2934,30.727,12.62,12.60,0.0126,42540,116
P-1x,2935,30.738,9.70,9.70,0.0097,17084,116
P-1x,2936,30.749,12.22,12.20,0.0122,51774,116
P-1x,2937,30.761,10.96,10.99,0.0110,17032,116
P-1x,2938,30.772,11.94,11.92,0.0119,42588,116
P-1x,2939,30.784,10.49,10.50,0.0105,17272,116
P-1x,2940,30.794,11.61,11.59,0.0116,42240,116
P-1x,2941,30.806,11.01,11.00,0.0110,17032,116
P-1x,2942,30.818,11.77,11.80,0.0118,42128,115
P-1x,2943,30.829,11.92,11.89,0.0119,42452,115
P-1x,2944,30.841,10.64,10.62,0.0106,17032,115
P-1x,2945,30.851,11.56,11.59,0.0116,41928,115
P-1x,2946,30.870,17.91,17.90,0.0179,23736,115
P-1x,2947,30.883,12.81,12.80,0.0128,53220,115
P-1x,2948,30.894,12.17,12.19,0.0122,50496,115
P-1x,2949,30.909,13.94,13.85,0.0139,25090,115
P-1x,2950,30.921,12.17,12.24,0.0122,51240,115
P-1x,2951,30.933,12.39,12.40,0.0124,51112,115
P-1x,2952,30.944,10.81,10.80,0.0108,17964,115
P-1x,2953,30.959,14.57,14.54,0.0146,53824,115
P-1x,2954,30.970,12.14,12.15,0.0121,53520,115
P-1x,2955,30.981,9.98,9.99,0.0100,19160,115
P-1x,2956,30.992,12.00,11.99,0.0120,45350,115
P-1x,2957,31.003,9.80,9.81,0.0098,17032,115
P-1x,2958,31.013,11.37,11.39,0.0114,45222,115
P-1x,2959,31.023,9.12,9.11,0.0091,17032,115
P-1x,2960,31.033,10.83,10.81,0.0108,44918,115
P-1x,2961,31.044,9.87,9.90,0.0099,17032,115
P-1x,2962,31.054,11.31,11.29,0.0113,44926,115
P-1x,2963,31.065,9.96,9.98,0.0100,17032,115
P-1x,2964,31.077,10.74,10.63,0.0107,44742,115
P-1x,2965,31.086,11.41,11.48,0.0114,47344,115
P-1x,2966,31.096,9.02,9.01,0.0090,17032,115
P-1x,2967,31.108,12.44,12.46,0.0124,44998,115
P-1x,2968,31.119,9.62,9.63,0.0096,17032,114
P-1x,2969,31.128,10.84,10.81,0.0108,45306,114
P-1x,2970,31.140,9.69,9.68,0.0097,17032,114
P-1x,2971,31.149,11.19,11.21,0.0112,46546,114
P-1x,2972,31.168,17.36,17.38,0.0174,23856,114
P-1x,2973,31.181,13.52,13.51,0.0135,58014,112
P-1x,2974,31.193,12.63,12.60,0.0126,55678,112
P-1x,2975,31.204,10.47,10.49,0.0105,17912,112
P-1x,2976,31.214,11.04,11.01,0.0110,54674,112
P-1x,2977,31.227,11.92,11.91,0.0119,17912,112
P-1x,2978,31.239,11.76,11.78,0.0118,53866,112
P-1x,2979,31.249,11.21,11.20,0.0112,54042,112
P-1x,2980,31.262,10.56,10.59,0.0106,17912,112
P-1x,2981,31.272,12.23,12.21,0.0122,56002,112
P-1x,2982,31.283,9.97,9.98,0.0100,19176,112
P-1x,2983,31.293,10.96,10.92,0.0110,43586,112
P-1x,2984,31.303,9.45,9.48,0.0095,17032,112
P-1x,2985,31.313,10.06,10.01,0.0101,43218,112
P-1x,2986,31.323,9.67,9.69,0.0097,17032,112
P-1x,2987,31.334,11.71,11.68,0.0117,43906,112
P-1x,2988,31.344,9.37,9.40,0.0094,17032,110
P-1x,2989,31.353,10.00,9.99,0.0100,43954,110
P-1x,2990,31.363,9.44,9.39,0.0094,17152,110
P-1x,2991,31.373,10.38,10.42,0.0104,43004,110
P-1x,2992,31.383,8.97,8.99,0.0090,17032,110
P-1x,2993,31.392,10.24,10.20,0.0102,42564,110
P-1x,2994,31.401,8.12,8.18,0.0081,17032,110
P-1x,2995,31.411,10.45,10.40,0.0105,42260,110
P-1x,2996,31.421,9.09,9.10,0.0091,17032,110
P-1x,2997,31.430,10.03,10.01,0.0100,42992,110
P-1x,2998,31.440,8.98,8.99,0.0090,17112,110
P-1x,2999,31.449,9.86,9.82,0.0099,42964,110
P-1x,3000,31.466,16.46,16.47,0.0165,23864,109
P-1x,3001,31.478,11.73,11.70,0.0117,55560,109
P-1x,3002,31.488,10.84,10.88,0.0108,51884,109
P-1x,3003,31.498,9.44,9.42,0.0094,17912,109
P-1x,3004,31.508,10.84,10.78,0.0108,53244,109
P-1x,3005,31.519,9.73,9.78,0.0097,17912,107
P-1x,3006,31.529,11.20,11.22,0.0112,53122,107
P-1x,3007,31.542,10.10,10.09,0.0101,17992,107
P-1x,3008,31.552,13.20,13.21,0.0132,61958,107
P-1x,3009,31.564,10.77,10.78,0.0108,18184,107
P-1x,3010,31.574,11.18,11.12,0.0112,52402,107
P-1x,3011,31.584,8.88,8.85,0.0089,17112,106
P-1x,3012,31.593,10.28,10.34,0.0103,44554,106
P-1x,3013,31.603,8.68,8.70,0.0087,17112,106
P-1x,3014,31.612,9.50,9.51,0.0095,43694,106
P-1x,3015,31.621,8.90,8.89,0.0089,17112,106
P-1x,3016,31.630,9.69,9.61,0.0097,43374,106
P-1x,3017,31.640,8.83,8.89,0.0088,17264,104
P-1x,3018,31.649,9.79,9.80,0.0098,44414,104
P-1x,3019,31.659,9.13,9.12,0.0091,17112,101
P-1x,3020,31.669,11.18,11.17,0.0112,43944,101
P-1x,3021,31.680,9.90,9.90,0.0099,17032,101
P-1x,3022,31.688,9.59,9.59,0.0096,42038,101
P-1x,3023,31.698,8.21,8.22,0.0082,17032,97
P-1x,3024,31.708,11.20,11.20,0.0112,47344,97
P-1x,3025,31.720,11.38,11.39,0.0114,19144,96
P-1x,3026,31.730,10.72,10.72,0.0107,46882,96
P-1x,3027,31.740,8.79,8.78,0.0088,17032,95
P-1x,3028,31.749,10.01,10.01,0.0100,45514,95
P-1x,3029,31.767,17.01,17.00,0.0170,23768,95
P-1x,3030,31.779,11.60,11.60,0.0116,55930,94
P-1x,3031,31.788,10.89,10.89,0.0109,55050,94
P-1x,3032,31.800,10.02,10.01,0.0100,17832,91
P-1x,3033,31.809,11.14,11.17,0.0111,55662,91
P-1x,3034,31.821,9.41,9.40,0.0094,17832,88
P-1x,3035,31.831,12.45,12.43,0.0125,55646,88
P-1x,3036,31.845,9.78,9.77,0.0098,17832,86
P-1x,3037,31.856,14.26,14.22,0.0143,64584,86
P-1x,3038,31.866,10.92,10.98,0.0109,53550,86
P-1x,3039,31.877,9.82,9.80,0.0098,19008,83
P-1x,3040,31.886,10.33,10.32,0.0103,47098,83
P-1x,3041,31.896,9.16,9.18,0.0092,17032,81
P-1x,3042,31.905,9.74,9.71,0.0097,47800,81
P-1x,3043,31.916,9.68,9.70,0.0097,17032,81
P-1x,3044,31.924,9.29,9.30,0.0093,45730,81
P-1x,3045,31.933,8.63,8.60,0.0086,17032,81
P-1x,3046,31.944,9.87,9.89,0.0099,17160,81
P-1x,3047,31.953,9.71,9.69,0.0097,45348,81
P-1x,3048,31.963,9.24,9.23,0.0092,17032,80
P-1x,3049,31.972,9.89,9.88,0.0099,45896,80
P-1x,3050,31.982,9.36,9.38,0.0094,17084,80
P-1x,3051,31.991,9.83,9.82,0.0098,45348,80
P-1x,3052,32.000,8.42,8.39,0.0084,17032,80
P-1x,3053,32.009,9.44,9.48,0.0094,45028,80
P-1x,3054,32.019,9.43,9.41,0.0094,17032,80
P-1x,3055,32.027,9.02,9.00,0.0090,45028,80
P-1x,3056,32.037,9.06,9.08,0.0091,17032,79
P-1x,3057,32.046,9.84,9.81,0.0098,46480,79
P-1x,3058,32.056,9.54,9.30,0.0095,17032,79
P-1x,3059,32.065,9.79,10.01,0.0098,48328,79
P-1x,3060,32.074,8.64,8.67,0.0086,17912,79
P-1x,3061,32.083,8.38,8.38,0.0084,17912,79
P-1x,3062,32.092,9.33,9.31,0.0093,46228,79
P-1x,3063,32.101,8.51,8.50,0.0085,17912,79
P-1x,3064,32.109,8.85,8.89,0.0089,45908,79
P-1x,3065,32.118,8.06,8.02,0.0081,17912,79
P-1x,3066,32.126,9.26,9.27,0.0093,45908,79
P-1x,3067,32.137,8.80,8.80,0.0088,17912,79
P-1x,3068,32.154,18.92,18.90,0.0189,58194,79
P-1x,3069,32.165,9.69,9.71,0.0097,17944,79
P-1x,3070,32.183,11.42,11.38,0.0114,55620,51
P-1x,3071,32.193,18.33,18.31,0.0183,461264,51
P-1x,3072,32.204,9.56,9.60,0.0096,17032,50
P-1x,3073,32.214,10.86,10.89,0.0109,47222,50
P-1x,3074,32.224,9.40,9.40,0.0094,17032,49
P-1x,3075,32.233,10.04,10.00,0.0100,46918,49
P-1x,3076,32.245,9.78,9.79,0.0098,17152,49
P-1x,3077,32.255,11.49,11.49,0.0115,51072,48
P-1x,3078,32.265,9.98,10.00,0.0100,45896,48
P-1x,3079,32.274,9.37,9.32,0.0094,17032,48
P-1x,3080,32.284,9.16,9.19,0.0092,17064,48
P-1x,3081,32.293,10.09,10.09,0.0101,44330,48
P-1x,3082,32.302,8.62,8.60,0.0086,17032,47
P-1x,3083,32.312,10.32,10.28,0.0103,45518,47
P-1x,3084,32.321,8.84,8.91,0.0088,18232,47
P-1x,3085,32.331,9.57,9.51,0.0096,44650,47
P-1x,3086,32.340,8.81,8.87,0.0088,17352,46
P-1x,3087,32.350,10.30,10.21,0.0103,45638,46
P-1x,3088,32.359,9.02,9.10,0.0090,20652,46
P-1x,3089,32.368,9.54,9.49,0.0095,44908,46
P-1x,3090,32.378,8.88,8.90,0.0089,18272,46
P-1x,3091,32.386,9.17,9.20,0.0092,45008,46
P-1x,3092,32.396,9.01,8.99,0.0090,18232,46
P-1x,3093,32.405,9.33,9.32,0.0093,44828,46
P-1x,3094,32.414,9.47,9.49,0.0095,18232,46
P-1x,3095,32.424,8.92,8.90,0.0089,18584,46
P-1x,3096,32.433,9.89,9.89,0.0099,43342,46
P-1x,3097,32.450,16.46,16.47,0.0165,24736,46
P-1x,3098,32.461,10.84,10.83,0.0108,50524,46
P-1x,3099,32.470,9.59,9.59,0.0096,51844,46
P-1x,3100,32.479,9.01,8.99,0.0090,17032,46
P-1x,3101,32.487,8.48,8.50,0.0085,41602,46
P-1x,3102,32.497,9.05,9.01,0.0090,17032,46
P-1x,3103,32.506,9.18,9.20,0.0092,41602,46
P-1x,3104,32.514,8.76,8.77,0.0088,17032,46
P-1x,3105,32.523,8.34,8.31,0.0083,17152,46
P-1x,3106,32.532,9.05,9.02,0.0091,40900,46
P-1x,3107,32.540,8.31,8.36,0.0083,17032,46
P-1x,3108,32.549,9.03,9.00,0.0090,41212,46
P-1x,3109,32.558,8.60,8.62,0.0086,17032,46
P-1x,3110,32.567,8.96,8.95,0.0090,40900,46
P-1x,3111,32.575,8.18,8.13,0.0082,17032,46
P-1x,3112,32.583,8.60,8.59,0.0086,40900,46
P-1x,3113,32.591,8.17,8.19,0.0082,17084,46
P-1x,3114,32.601,8.54,8.52,0.0085,17032,46
P-1x,3115,32.609,8.91,8.96,0.0089,40900,46
P-1x,3116,32.619,8.31,8.31,0.0083,17032,46
P-1x,3117,32.627,9.86,9.81,0.0099,44012,46
P-1x,3118,32.636,8.40,8.41,0.0084,17032,46
P-1x,3119,32.646,10.00,10.00,0.0100,41732,46
P-1x,3120,32.654,7.99,7.97,0.0080,17032,46
P-1x,3121,32.663,8.77,8.80,0.0088,20332,46
P-1x,3122,32.672,9.30,9.29,0.0093,42478,46
P-1x,3123,32.681,8.69,8.70,0.0087,18744,46
P-1x,3124,32.689,8.48,8.44,0.0085,42478,46
P-1x,3125,32.697,7.46,7.46,0.0075,17912,46
P-1x,3126,32.705,8.30,8.31,0.0083,42790,46
P-1x,3127,32.713,8.46,8.48,0.0085,17912,46
P-1x,3128,32.721,7.70,7.71,0.0077,18080,46
P-1x,3129,32.729,8.33,8.30,0.0083,41776,46
P-1x,3130,32.746,16.32,16.31,0.0163,31938,46
P-1x,3131,32.756,10.49,10.49,0.0105,50520,46
P-1x,3132,32.766,10.23,10.21,0.0102,50520,46
P-1x,3133,32.776,9.04,9.07,0.0090,19216,46
P-1x,3134,32.784,8.82,8.80,0.0088,41598,46
P-1x,3135,32.792,8.31,8.31,0.0083,17084,46
P-1x,3136,32.801,8.30,8.29,0.0083,17032,46
P-1x,3137,32.809,8.85,8.89,0.0089,43126,46
P-1x,3138,32.819,8.21,8.20,0.0082,17032,46
P-1x,3139,32.828,10.33,10.30,0.0103,48394,46
P-1x,3140,32.837,8.36,8.40,0.0084,17032,46
P-1x,3141,32.846,9.39,9.32,0.0094,41598,46
P-1x,3142,32.854,8.16,8.18,0.0082,17032,46
P-1x,3143,32.863,8.58,8.61,0.0086,17032,46
P-1x,3144,32.870,8.09,8.08,0.0081,41598,46
P-1x,3145,32.880,9.02,9.00,0.0090,17032,46
P-1x,3146,32.888,8.80,8.79,0.0088,41598,46
P-1x,3147,32.900,10.69,10.71,0.0107,19112,46
P-1x,3148,32.907,8.49,8.49,0.0085,44326,46
P-1x,3149,32.917,8.41,8.41,0.0084,17288,45
P-1x,3150,32.925,9.28,9.29,0.0093,43790,45
P-1x,3151,32.933,8.20,8.20,0.0082,17032,45
P-1x,3152,32.942,7.82,7.80,0.0078,17032,45
P-1x,3153,32.950,9.11,9.11,0.0091,43234,45
P-1x,3154,32.959,8.19,8.19,0.0082,17032,45
P-1x,3155,32.966,7.89,7.90,0.0079,42922,45
P-1x,3156,32.975,8.60,8.59,0.0086,17032,45
P-1x,3157,32.984,8.54,8.51,0.0085,42922,45
P-1x,3158,32.992,8.14,8.12,0.0081,17032,45
P-1x,3159,33.001,8.32,8.36,0.0083,17084,45
P-1x,3160,33.010,9.82,9.81,0.0098,42922,45
P-1x,3161,33.018,8.10,8.10,0.0081,17032,45
P-1x,3162,33.026,8.29,8.29,0.0083,42922,45
P-1x,3163,33.043,16.29,16.21,0.0163,23832,45
P-1x,3164,33.054,11.11,11.20,0.0111,55386,45
P-1x,3165,33.064,9.24,9.20,0.0092,17832,45
P-1x,3166,33.072,9.30,9.29,0.0093,53822,45
P-1x,3167,33.083,8.28,8.30,0.0083,17832,45
P-1x,3168,33.092,11.39,11.40,0.0114,56146,45
P-1x,3169,33.102,8.68,8.69,0.0087,17832,45
P-1x,3170,33.111,10.39,10.39,0.0104,55218,45
P-1x,3171,33.122,9.53,9.51,0.0095,17832,45
P-1x,3172,33.131,10.70,10.70,0.0107,56694,45
P-1x,3173,33.141,9.09,9.10,0.0091,17832,45
P-1x,3174,33.149,9.19,9.20,0.0092,54718,45
P-1x,3175,33.158,7.98,7.99,0.0080,17032,45
P-1x,3176,33.166,8.80,8.80,0.0088,45690,45
P-1x,3177,33.174,7.75,7.69,0.0077,17032,45
P-1x,3178,33.183,8.58,8.60,0.0086,17272,45
P-1x,3179,33.193,10.05,10.02,0.0100,45004,45
P-1x,3180,33.202,8.67,8.69,0.0087,17164,45
P-1x,3181,33.211,9.59,9.61,0.0096,44958,45
P-1x,3182,33.219,7.79,7.78,0.0078,17160,45
P-1x,3183,33.227,8.74,8.71,0.0087,43624,45
P-1x,3184,33.237,9.39,9.38,0.0094,19906,45
P-1x,3185,33.247,10.32,10.32,0.0103,44144,45
P-1x,3186,33.256,8.44,8.47,0.0084,17032,45
P-1x,3187,33.264,8.80,8.81,0.0088,44306,45
P-1x,3188,33.272,8.00,7.99,0.0080,17032,45
P-1x,3189,33.281,7.90,7.90,0.0079,17032,45
P-1x,3190,33.289,8.94,8.91,0.0089,44930,45
P-1x,3191,33.298,7.79,7.80,0.0078,17032,45
P-1x,3192,33.308,10.95,10.94,0.0109,44898,45
P-1x,3193,33.317,7.80,7.83,0.0078,17032,44
P-1x,3194,33.326,10.54,10.51,0.0105,48552,44
P-1x,3195,33.344,17.12,17.09,0.0171,24904,43
P-1x,3196,33.359,14.52,14.53,0.0145,60074,43
P-1x,3197,33.368,10.33,10.36,0.0103,57622,43
P-1x,3198,33.379,9.82,9.80,0.0098,17832,43
P-1x,3199,33.390,11.79,11.79,0.0118,60536,43
P-1x,3200,33.401,10.05,9.99,0.0100,17832,43
P-1x,3201,33.410,10.36,10.42,0.0104,58090,43
P-1x,3202,33.422,9.44,9.41,0.0094,17912,43
P-1x,3203,33.431,11.23,11.25,0.0112,59354,43
P-1x,3204,33.441,9.30,9.31,0.0093,17832,43
P-1x,3205,33.451,10.94,10.91,0.0109,58508,43
P-1x,3206,33.461,8.91,8.91,0.0089,17112,43
P-1x,3207,33.469,9.20,9.18,0.0092,49432,43
P-1x,3208,33.479,8.89,8.91,0.0089,17032,43
P-1x,3209,33.488,9.39,9.38,0.0094,49424,43
P-1x,3210,33.498,10.41,10.40,0.0104,18088,43
P-1x,3211,33.508,10.09,9.97,0.0101,50484,43
P-1x,3212,33.518,8.39,8.53,0.0084,17032,43
P-1x,3213,33.527,10.14,10.10,0.0101,52258,43
P-1x,3214,33.536,8.78,8.79,0.0088,17032,43
P-1x,3215,33.545,9.79,9.80,0.0098,49934,43
P-1x,3216,33.554,8.57,8.51,0.0086,17032,43
P-1x,3217,33.562,7.94,7.99,0.0079,17032,43
P-1x,3218,33.571,9.02,9.01,0.0090,50102,43
P-1x,3219,33.580,8.60,8.59,0.0086,17032,43
P-1x,3220,33.589,9.38,9.31,0.0094,49782,43
P-1x,3221,33.597,8.29,8.32,0.0083,17032,43
P-1x,3222,33.608,10.93,10.99,0.0109,49782,43
P-1x,3223,33.618,9.09,9.05,0.0091,17212,43
P-1x,3224,33.636,18.43,18.44,0.0184,58826,43
P-1x,3225,33.648,12.90,12.90,0.0129,61576,43
P-1x,3226,33.660,10.06,10.08,0.0101,18432,43
P-1x,3227,33.670,11.43,11.41,0.0114,68142,43
P-1x,3228,33.680,9.58,9.59,0.0096,17992,43
P-1x,3229,33.690,10.42,10.41,0.0104,59828,43
P-1x,3230,33.700,9.27,9.28,0.0093,17992,43
P-1x,3231,33.709,9.99,9.99,0.0100,59828,43
P-1x,3232,33.720,9.06,9.01,0.0091,17992,43
P-1x,3233,33.732,13.46,13.47,0.0135,68794,43
P-1x,3234,33.742,10.40,10.42,0.0104,19248,43
P-1x,3235,33.751,9.45,9.41,0.0095,52008,43
P-1x,3236,33.761,9.26,9.29,0.0093,17384,43
P-1x,3237,33.770,9.02,9.00,0.0090,49786,43
P-1x,3238,33.780,9.46,9.48,0.0095,17032,43
P-1x,3239,33.790,10.60,10.60,0.0106,50850,43
P-1x,3240,33.799,8.70,8.70,0.0087,17632,43
P-1x,3241,33.808,10.01,10.01,0.0100,52222,43
P-1x,3242,33.819,10.01,9.99,0.0100,17884,43
P-1x,3243,33.828,9.53,9.51,0.0095,51290,43
P-1x,3244,33.839,8.71,8.70,0.0087,17192,43
P-1x,3245,33.849,12.09,12.09,0.0121,59764,43
P-1x,3246,33.859,9.54,9.57,0.0095,17192,43
P-1x,3247,33.868,9.52,9.52,0.0095,51602,43
P-1x,3248,33.878,9.23,9.19,0.0092,17192,43
P-1x,3249,33.887,9.79,9.80,0.0098,51290,43
P-1x,3250,33.897,9.27,9.29,0.0093,17192,43
P-1x,3251,33.905,9.25,9.20,0.0092,51754,43
P-1x,3252,33.914,8.77,8.81,0.0088,17032,43
P-1x,3253,33.932,17.38,17.37,0.0174,23872,43
P-1x,3254,33.943,11.01,11.01,0.0110,62402,43
P-1x,3255,33.953,10.37,10.32,0.0104,59422,43
P-1x,3256,33.963,9.62,9.57,0.0096,19272,43
P-1x,3257,33.973,10.54,10.61,0.0105,58186,43
P-1x,3258,33.984,9.02,8.99,0.0090,18392,43
P-1x,3259,33.994,11.76,11.78,0.0118,58594,43
P-1x,3260,34.004,9.59,9.59,0.0096,18392,43
P-1x,3261,34.014,10.71,10.71,0.0107,58186,43
P-1x,3262,34.024,9.59,9.60,0.0096,18444,43
P-1x,3263,34.034,10.22,10.20,0.0102,59730,43
P-1x,3264,34.043,8.67,8.69,0.0087,17352,43
P-1x,3265,34.052,8.92,8.89,0.0089,48060,43
P-1x,3266,34.061,8.74,8.57,0.0087,17704,43
P-1x,3267,34.069,9.18,9.33,0.0092,45012,43
P-1x,3268,34.079,8.70,8.70,0.0087,17032,43
P-1x,3269,34.087,8.90,8.89,0.0089,45396,43
P-1x,3270,34.096,8.89,8.91,0.0089,17032,43
P-1x,3271,34.105,9.10,9.10,0.0091,45612,43
P-1x,3272,34.114,8.55,8.58,0.0086,17192,43
P-1x,3273,34.124,9.95,9.90,0.0100,17712,43
P-1x,3274,34.133,9.23,9.14,0.0092,45998,43
P-1x,3275,34.143,8.47,8.56,0.0085,17192,43
P-1x,3276,34.152,10.29,10.30,0.0103,50334,43
P-1x,3277,34.160,8.24,8.27,0.0082,17192,43
P-1x,3278,34.169,9.25,9.21,0.0093,45998,43
P-1x,3279,34.178,8.30,8.30,0.0083,17192,43
P-1x,3280,34.187,9.72,9.70,0.0097,46494,43
P-1x,3281,34.196,8.74,8.71,0.0087,17192,43
P-1x,3282,34.205,9.56,9.59,0.0096,46622,43
P-1x,3283,34.214,9.17,9.17,0.0092,17368,43
P-1x,3284,34.232,16.58,16.53,0.0166,23956,43
P-1x,3285,34.243,11.06,11.09,0.0111,56162,43
P-1x,3286,34.252,10.19,10.20,0.0102,53786,43
P-1x,3287,34.263,9.06,9.09,0.0091,17832,43
P-1x,3288,34.272,11.02,11.01,0.0110,53952,43
P-1x,3289,34.283,9.35,9.31,0.0093,17832,43
P-1x,3290,34.292,10.47,10.50,0.0105,52868,43
P-1x,3291,34.303,9.07,9.08,0.0091,17832,43
P-1x,3292,34.312,10.61,10.59,0.0106,54820,43
P-1x,3293,34.323,10.34,10.31,0.0103,17832,43
P-1x,3294,34.333,10.76,10.77,0.0108,52868,43
P-1x,3295,34.343,9.05,9.03,0.0091,19112,43
P-1x,3296,34.351,8.58,8.58,0.0086,45048,43
P-1x,3297,34.359,8.28,8.29,0.0083,17112,43
P-1x,3298,34.367,8.29,8.29,0.0083,44366,43
P-1x,3299,34.377,8.81,8.82,0.0088,17032,43
P-1x,3300,34.385,8.86,8.77,0.0089,44366,43
P-1x,3301,34.395,9.66,9.72,0.0097,18152,43
P-1x,3302,34.403,8.40,8.41,0.0084,17280,43
P-1x,3303,34.412,9.15,9.16,0.0091,44506,43
P-1x,3304,34.420,7.92,7.92,0.0079,17192,43
P-1x,3305,34.429,8.93,8.90,0.0089,44558,43
P-1x,3306,34.438,8.64,8.61,0.0086,17192,43
P-1x,3307,34.446,8.48,8.50,0.0085,44506,43
P-1x,3308,34.455,8.78,8.78,0.0088,17192,43
P-1x,3309,34.463,8.46,8.48,0.0085,44770,43
P-1x,3310,34.471,8.13,8.12,0.0081,17192,43
P-1x,3311,34.480,7.91,7.89,0.0079,17192,43
P-1x,3312,34.487,7.97,7.99,0.0080,44506,43
P-1x,3313,34.496,8.53,8.50,0.0085,17376,43
P-1x,3314,34.504,8.19,8.21,0.0082,42982,43
P-1x,3315,34.512,8.22,8.19,0.0082,17032,43
P-1x,3316,34.530,16.67,16.68,0.0167,23904,40
P-1x,3317,34.541,11.32,11.32,0.0113,56374,39
P-1x,3318,34.551,10.79,10.78,0.0108,53234,39
P-1x,3319,34.562,10.19,10.21,0.0102,17992,39
P-1x,3320,34.571,9.82,9.80,0.0098,52366,39
P-1x,3321,34.581,9.76,9.77,0.0098,17992,39
P-1x,3322,34.590,9.73,9.73,0.0097,52366,39
P-1x,3323,34.600,9.03,9.01,0.0090,17992,39
P-1x,3324,34.610,10.18,10.18,0.0102,52366,39
P-1x,3325,34.619,8.58,8.60,0.0086,17992,38
P-1x,3326,34.629,10.40,10.38,0.0104,53234,38
P-1x,3327,34.638,8.69,8.72,0.0087,19564,38
P-1x,3328,34.646,8.92,8.89,0.0089,43062,38
P-1x,3329,34.654,7.59,7.62,0.0076,17072,38
P-1x,3330,34.663,8.47,8.38,0.0085,17032,38
P-1x,3331,34.671,8.46,8.53,0.0085,43110,38
P-1x,3332,34.679,7.28,7.27,0.0073,17032,38
P-1x,3333,34.687,8.51,8.50,0.0085,43294,38
P-1x,3334,34.695,8.03,8.00,0.0080,17032,38
P-1x,3335,34.703,8.35,8.38,0.0083,42982,38
P-1x,3336,34.711,8.09,8.10,0.0081,17032,38
P-1x,3337,34.720,8.00,7.99,0.0080,17032,38
P-1x,3338,34.729,9.43,9.41,0.0094,43286,38
P-1x,3339,34.738,7.87,7.90,0.0079,17032,38
P-1x,3340,34.747,10.82,10.78,0.0108,49750,38
P-1x,3341,34.756,8.50,8.51,0.0085,17032,38
P-1x,3342,34.764,8.30,8.30,0.0083,42982,38
P-1x,3343,34.772,8.03,8.01,0.0080,17032,38
P-1x,3344,34.782,7.98,7.97,0.0080,17032,38
P-1x,3345,34.790,9.72,9.72,0.0097,44350,38
P-1x,3346,34.798,7.63,7.61,0.0076,17032,38
P-1x,3347,34.806,8.22,8.26,0.0082,42982,38
P-1x,3348,34.823,16.68,16.63,0.0167,23928,38
P-1x,3349,34.834,11.26,11.28,0.0113,54786,38
P-1x,3350,34.843,9.22,9.19,0.0092,18172,38
P-1x,3351,34.852,9.77,9.79,0.0098,51584,38
P-1x,3352,34.862,8.71,8.70,0.0087,17912,38
P-1x,3353,34.871,9.99,9.99,0.0100,51584,38
P-1x,3354,34.881,8.73,8.71,0.0087,17992,38
P-1x,3355,34.892,12.01,12.02,0.0120,61976,38
P-1x,3356,34.901,8.97,8.98,0.0090,17912,38
P-1x,3357,34.911,9.79,9.80,0.0098,50902,38
P-1x,3358,34.921,9.28,9.21,0.0093,17912,38
P-1x,3359,34.930,9.57,9.58,0.0096,52630,38
P-1x,3360,34.938,7.96,7.97,0.0080,17032,38
P-1x,3361,34.946,8.40,8.41,0.0084,42300,38
P-1x,3362,34.953,7.50,7.50,0.0075,17032,38
P-1x,3363,34.962,8.19,8.15,0.0082,17032,38
P-1x,3364,34.970,8.50,8.55,0.0085,42612,38
P-1x,3365,34.979,8.14,8.09,0.0081,17064,38
P-1x,3366,34.987,8.77,8.80,0.0088,41906,38
P-1x,3367,34.996,8.34,8.31,0.0083,17032,37
P-1x,3368,35.005,9.36,9.39,0.0094,42510,37
P-1x,3369,35.012,7.57,7.59,0.0076,17032,37
P-1x,3370,35.021,8.39,8.33,0.0084,17032,37
P-1x,3371,35.029,7.96,7.97,0.0080,41602,37
P-1x,3372,35.037,8.16,8.11,0.0082,17032,37
P-1x,3373,35.045,8.35,8.38,0.0084,41654,37
P-1x,3374,35.054,8.43,8.40,0.0084,17032,37
P-1x,3375,35.063,8.52,8.51,0.0085,17032,37
P-1x,3376,35.071,9.06,9.07,0.0091,41602,37
P-1x,3377,35.081,9.07,9.10,0.0091,17032,37
P-1x,3378,35.090,9.60,9.59,0.0096,42226,37
P-1x,3379,35.099,8.59,8.60,0.0086,17032,37
P-1x,3380,35.108,9.37,9.30,0.0094,41914,37
P-1x,3381,35.126,17.76,17.81,0.0178,23952,37
P-1x,3382,35.137,10.39,10.39,0.0104,53638,37
P-1x,3383,35.146,10.19,10.20,0.0102,51530,37
P-1x,3384,35.156,9.20,9.20,0.0092,17912,37
P-1x,3385,35.166,10.40,10.39,0.0104,51530,37
P-1x,3386,35.176,9.60,9.61,0.0096,17912,37
P-1x,3387,35.185,9.61,9.59,0.0096,50906,37
P-1x,3388,35.194,9.51,9.50,0.0095,17912,37
P-1x,3389,35.204,9.07,9.09,0.0091,17912,37
P-1x,3390,35.213,9.69,9.69,0.0097,51842,37
P-1x,3391,35.223,9.23,9.22,0.0092,17912,37
P-1x,3392,35.232,9.38,9.38,0.0094,52666,37
P-1x,3393,35.241,8.38,8.40,0.0084,17032,37
P-1x,3394,35.249,9.01,9.00,0.0090,42668,37
P-1x,3395,35.258,8.39,8.38,0.0084,17032,37
P-1x,3396,35.266,8.73,8.73,0.0087,42304,37
P-1x,3397,35.274,8.06,8.08,0.0081,17032,37
P-1x,3398,35.283,8.21,8.22,0.0082,17032,37
P-1x,3399,35.291,8.62,8.59,0.0086,42616,37
P-1x,3400,35.302,9.89,9.90,0.0099,19978,37
P-1x,3401,35.310,9.00,9.00,0.0090,42304,37
P-1x,3402,35.320,8.39,8.40,0.0084,17032,37
P-1x,3403,35.329,10.58,10.58,0.0106,48536,37
P-1x,3404,35.338,8.55,8.52,0.0085,17032,37
P-1x,3405,35.347,8.84,8.87,0.0088,42304,37
P-1x,3406,35.356,8.60,8.62,0.0086,17032,37
P-1x,3407,35.364,8.82,8.80,0.0088,42304,37
P-1x,3408,35.372,8.25,8.21,0.0083,17032,37
P-1x,3409,35.381,8.33,8.29,0.0083,17032,37
P-1x,3410,35.389,8.51,8.58,0.0085,42616,37
P-1x,3411,35.397,7.81,7.80,0.0078,17032,37
P-1x,3412,35.408,11.27,11.17,0.0113,42304,37
P-1x,3413,35.416,7.73,7.81,0.0077,17032,37
P-1x,3414,35.424,8.48,8.47,0.0085,45820,37
P-1x,3415,35.432,7.97,7.95,0.0080,17912,37
P-1x,3416,35.441,8.39,8.39,0.0084,17912,37
P-1x,3417,35.450,8.90,8.89,0.0089,42614,37
P-1x,3418,35.459,8.69,8.67,0.0087,17912,37
P-1x,3419,35.466,7.98,8.02,0.0080,42482,37
P-1x,3420,35.474,8.02,8.01,0.0080,17912,37
P-1x,3421,35.483,8.14,8.10,0.0081,17912,37
P-1x,3422,35.491,8.36,8.39,0.0084,42482,37
P-1x,3423,35.499,7.71,7.68,0.0077,17912,37
P-1x,3424,35.507,8.60,8.61,0.0086,42482,37
P-1x,3425,35.516,8.37,8.38,0.0084,17912,37
P-1x,3426,35.524,9.00,9.00,0.0090,42866,37
P-1x,3427,35.532,7.68,7.69,0.0077,19360,37
P-1x,3428,35.539,7.00,6.98,0.0070,17032,37
P-1x,3429,35.546,7.11,7.12,0.0071,33880,37
P-1x,3430,35.553,7.21,7.21,0.0072,17032,37
P-1x,3431,35.561,7.30,7.29,0.0073,17032,37
P-1x,3432,35.568,7.57,7.51,0.0076,33880,37
P-1x,3433,35.576,6.86,6.88,0.0069,17032,37
P-1x,3434,35.583,7.70,7.70,0.0077,33880,37
P-1x,3435,35.591,7.79,7.78,0.0078,17552,37
P-1x,3436,35.598,6.90,6.89,0.0069,17032,37
P-1x,3437,35.606,8.28,8.29,0.0083,34730,37
P-1x,3438,35.613,7.62,7.61,0.0076,17032,37
P-1x,3439,35.621,7.48,7.49,0.0075,17032,37
P-1x,3440,35.629,7.79,7.80,0.0078,34882,37
P-1x,3441,35.636,6.64,6.60,0.0066,17032,37
P-1x,3442,35.643,8.12,8.10,0.0081,34578,37
P-1x,3443,35.651,7.65,7.68,0.0076,17084,37
P-1x,3444,35.659,7.18,7.12,0.0072,17032,37
P-1x,3445,35.667,8.58,8.60,0.0086,34578,37
P-1x,3446,35.674,7.02,7.08,0.0070,17032,37
P-1x,3447,35.682,7.45,7.41,0.0075,17032,37
P-1x,3448,35.689,7.73,7.70,0.0077,34578,37
P-1x,3449,35.698,8.08,8.09,0.0081,17032,37
P-1x,3450,35.707,9.83,9.80,0.0098,34578,37
P-1x,3451,35.718,10.63,10.68,0.0106,20632,37
P-1x,3452,35.726,8.60,8.60,0.0086,35538,37
P-1x,3453,35.734,7.71,7.70,0.0077,17992,37
P-1x,3454,35.742,7.56,7.53,0.0076,17992,37
P-1x,3455,35.749,7.26,7.26,0.0073,35538,37
P-1x,3456,35.757,7.97,8.00,0.0080,17992,37
P-1x,3457,35.765,8.09,8.09,0.0081,35538,37
P-1x,3458,35.772,7.10,7.11,0.0071,17992,37
P-1x,3459,35.780,7.59,7.58,0.0076,17992,37
P-1x,3460,35.798,17.65,17.63,0.0177,44866,37
P-1x,3461,35.807,9.71,9.70,0.0097,46690,37
P-1x,3462,35.816,8.60,8.58,0.0086,19592,37
P-1x,3463,35.824,8.77,8.79,0.0088,37306,37
P-1x,3464,35.831,7.01,6.99,0.0070,17032,37
P-1x,3465,35.839,7.77,7.80,0.0078,17032,37
P-1x,3466,35.847,8.24,8.20,0.0082,37306,37
P-1x,3467,35.855,7.46,7.49,0.0075,17084,37
P-1x,3468,35.863,8.09,8.03,0.0081,37306,37
P-1x,3469,35.870,7.63,7.66,0.0076,17032,37
P-1x,3470,35.879,8.30,8.30,0.0083,17032,37
P-1x,3471,35.887,8.37,8.39,0.0084,37618,37
P-1x,3472,35.894,7.25,7.19,0.0072,17032,37
P-1x,3473,35.903,7.87,7.90,0.0079,17032,37
P-1x,3474,35.913,10.63,10.59,0.0106,39698,37
P-1x,3475,35.921,7.17,7.22,0.0072,17032,37
P-1x,3476,35.928,7.68,7.67,0.0077,40338,37
P-1x,3477,35.938,8.86,8.82,0.0089,18080,37
P-1x,3478,35.946,8.93,8.96,0.0089,41502,37
P-1x,3479,35.953,7.72,7.71,0.0077,17032,37
P-1x,3480,35.962,7.26,7.29,0.0073,17032,37
P-1x,3481,35.970,9.95,9.90,0.0099,46602,37
P-1x,3482,35.979,7.70,7.70,0.0077,17032,37
P-1x,3483,35.986,8.01,8.01,0.0080,41710,37
P-1x,3484,35.993,7.26,7.28,0.0073,17032,37
P-1x,3485,36.001,7.27,7.28,0.0073,17032,37
P-1x,3486,36.010,8.91,8.90,0.0089,41702,37
P-1x,3487,36.018,7.91,7.91,0.0079,20632,37
P-1x,3488,36.025,7.39,7.39,0.0074,42662,37
P-1x,3489,36.032,7.27,7.22,0.0073,17992,37
P-1x,3490,36.043,8.12,8.11,0.0081,17992,37
P-1x,3491,36.052,11.52,11.56,0.0115,50004,37
P-1x,3492,36.061,7.79,7.80,0.0078,18044,37
P-1x,3493,36.071,11.05,10.72,0.0110,46156,37
P-1x,3494,36.089,16.61,16.89,0.0166,24912,37
P-1x,3495,36.098,10.58,10.59,0.0106,51816,37
P-1x,3496,36.107,9.66,9.68,0.0097,50100,37
P-1x,3497,36.117,8.81,8.82,0.0088,17992,37
P-1x,3498,36.126,9.42,9.39,0.0094,51724,37
P-1x,3499,36.134,8.00,8.01,0.0080,17032,37
P-1x,3500,36.141,7.22,7.19,0.0072,17272,37
P-1x,3501,36.150,9.01,9.01,0.0090,38670,37
P-1x,3502,36.158,7.44,7.49,0.0074,17112,37
P-1x,3503,36.167,9.47,9.41,0.0095,37988,37
P-1x,3504,36.174,7.16,7.19,0.0072,17032,37
P-1x,3505,36.182,7.60,7.60,0.0076,17032,37
P-1x,3506,36.190,8.07,8.08,0.0081,38764,37
P-1x,3507,36.198,7.63,7.62,0.0076,17032,37
P-1x,3508,36.205,8.00,8.00,0.0080,36624,37
P-1x,3509,36.212,7.11,7.10,0.0071,17032,37
P-1x,3510,36.221,7.99,7.99,0.0080,17032,37
P-1x,3511,36.229,8.21,8.20,0.0082,36928,37
P-1x,3512,36.237,7.59,7.59,0.0076,17032,37
P-1x,3513,36.244,8.28,8.29,0.0083,36936,37
P-1x,3514,36.251,6.63,6.61,0.0066,17032,37
P-1x,3515,36.259,7.88,7.91,0.0079,17032,37
P-1x,3516,36.267,8.22,8.19,0.0082,37300,37
P-1x,3517,36.275,7.68,7.61,0.0077,17032,37
P-1x,3518,36.282,7.50,7.59,0.0075,36928,37
P-1x,3519,36.290,7.12,7.09,0.0071,17032,37
P-1x,3520,36.297,7.22,7.21,0.0072,17032,37
P-1x,3521,36.305,8.39,8.39,0.0084,36624,37
P-1x,3522,36.312,6.94,6.99,0.0069,17032,37
P-1x,3523,36.320,7.22,7.21,0.0072,17032,37
P-1x,3524,36.327,7.60,7.60,0.0076,36624,37
P-1x,3525,36.334,6.61,6.60,0.0066,17032,37
P-1x,3526,36.341,7.49,7.49,0.0075,17032,37
P-1x,3527,36.348,7.51,7.49,0.0075,36928,37
P-1x,3528,36.356,7.32,7.30,0.0073,17032,37
P-1x,3529,36.364,7.79,7.80,0.0078,36752,37
P-1x,3530,36.371,7.51,7.52,0.0075,17032,37
P-1x,3531,36.388,15.83,15.80,0.0158,23984,37
P-1x,3532,36.397,9.17,9.17,0.0092,46076,37
P-1x,3533,36.405,8.59,8.60,0.0086,45600,37
P-1x,3534,36.413,7.98,7.98,0.0080,17272,37
P-1x,3535,36.421,8.09,8.10,0.0081,17272,37
P-1x,3536,36.429,8.12,8.12,0.0081,46224,37
P-1x,3537,36.437,7.92,7.91,0.0079,17272,37
P-1x,3538,36.446,9.14,9.10,0.0091,45288,37
P-1x,3539,36.454,7.65,7.68,0.0077,17272,37
P-1x,3540,36.462,8.16,8.11,0.0082,17272,37
P-1x,3541,36.470,8.59,8.59,0.0086,45340,37
P-1x,3542,36.480,8.42,8.39,0.0084,17272,37
P-1x,3543,36.490,10.84,10.90,0.0108,55898,37
P-1x,3544,36.499,8.47,8.49,0.0085,17552,37
P-1x,3545,36.507,8.71,8.70,0.0087,43002,37
P-1x,3546,36.516,8.23,8.21,0.0082,17032,37
P-1x,3547,36.524,8.72,8.69,0.0087,43002,37
P-1x,3548,36.532,7.98,8.01,0.0080,17032,37
P-1x,3549,36.540,8.22,8.20,0.0082,17032,37
P-1x,3550,36.549,9.07,9.08,0.0091,43002,37
P-1x,3551,36.559,8.75,8.66,0.0087,17032,37
P-1x,3552,36.568,10.24,10.34,0.0102,47304,37
P-1x,3553,36.577,8.13,8.10,0.0081,17032,37
P-1x,3554,36.585,8.89,8.91,0.0089,43034,37
P-1x,3555,36.593,7.93,7.90,0.0079,17032,37
P-1x,3556,36.603,8.57,8.59,0.0086,17032,37
P-1x,3557,36.612,10.18,10.18,0.0102,46874,37
P-1x,3558,36.621,8.45,8.41,0.0085,17032,37
P-1x,3559,36.628,8.35,8.39,0.0084,42928,37
P-1x,3560,36.637,8.18,8.20,0.0082,17032,37
P-1x,3561,36.646,9.15,9.11,0.0091,42432,37
P-1x,3562,36.654,8.07,8.09,0.0081,17032,37
P-1x,3563,36.662,8.03,8.01,0.0080,17176,37
P-1x,3564,36.670,8.37,8.39,0.0084,41966,37
P-1x,3565,36.688,17.41,17.39,0.0174,23992,37
P-1x,3566,36.698,10.10,10.11,0.0101,53406,37
P-1x,3567,36.708,9.68,9.68,0.0097,51426,37
P-1x,3568,36.718,9.89,9.88,0.0099,17912,37
P-1x,3569,36.727,10.13,10.12,0.0101,50204,37
P-1x,3570,36.737,9.03,9.01,0.0090,17912,37
P-1x,3571,36.747,10.21,10.18,0.0102,50508,37
P-1x,3572,36.756,9.09,9.11,0.0091,17912,37
P-1x,3573,36.765,9.37,9.40,0.0094,50508,37
P-1x,3574,36.774,8.65,8.62,0.0087,17912,37
P-1x,3575,36.784,9.36,9.38,0.0094,17912,37
P-1x,3576,36.792,9.04,9.00,0.0090,51980,37
P-1x,3577,36.801,8.56,8.58,0.0086,17032,37
P-1x,3578,36.809,8.59,8.61,0.0086,41602,37
P-1x,3579,36.818,8.43,8.42,0.0084,17032,37
P-1x,3580,36.827,9.09,9.08,0.0091,41602,37
P-1x,3581,36.835,7.98,7.99,0.0080,17032,37
P-1x,3582,36.844,8.90,8.90,0.0089,41602,37
P-1x,3583,36.852,7.90,7.89,0.0079,17032,37
P-1x,3584,36.860,7.60,7.62,0.0076,17032,37
P-1x,3585,36.868,8.61,8.60,0.0086,41906,37
P-1x,3586,36.877,8.50,8.49,0.0085,17084,37
P-1x,3587,36.885,8.99,9.00,0.0090,44248,37
P-1x,3588,36.893,7.68,7.68,0.0077,17032,37
P-1x,3589,36.901,7.93,7.92,0.0079,17032,37
P-1x,3590,36.909,8.39,8.39,0.0084,41906,37
P-1x,3591,36.918,7.99,8.00,0.0080,17032,37
P-1x,3592,36.926,8.20,8.19,0.0082,41602,37
P-1x,3593,36.935,8.98,8.99,0.0090,17112,37
P-1x,3594,36.943,7.78,7.73,0.0078,17072,37
P-1x,3595,36.950,8.00,8.00,0.0080,41914,37
P-1x,3596,36.959,8.56,8.58,0.0086,17032,37
P-1x,3597,36.967,8.09,8.10,0.0081,41602,37
P-1x,3598,36.986,17.98,17.98,0.0180,24152,37
P-1x,3599,36.994,9.51,9.52,0.0095,52624,37
P-1x,3600,37.004,8.62,8.60,0.0086,17912,37
P-1x,3601,37.013,9.99,10.01,0.0100,50516,37
P-1x,3602,37.022,8.79,8.78,0.0088,17912,37
P-1x,3603,37.032,10.02,10.01,0.0100,50204,37
P-1x,3604,37.041,8.59,8.60,0.0086,17912,37
P-1x,3605,37.050,9.78,9.78,0.0098,50508,37
P-1x,3606,37.060,8.99,9.01,0.0090,17912,37
P-1x,3607,37.069,9.26,9.20,0.0093,50204,37
P-1x,3608,37.078,9.38,9.40,0.0094,17964,37
P-1x,3609,37.088,9.98,9.99,0.0100,51700,37
P-1x,3610,37.097,8.21,8.21,0.0082,17032,37
P-1x,3611,37.105,8.98,8.90,0.0090,41602,37
P-1x,3612,37.114,9.01,9.09,0.0090,17032,37
P-1x,3613,37.122,7.82,7.80,0.0078,17032,37
P-1x,3614,37.130,8.32,8.29,0.0083,42234,37
P-1x,3615,37.139,7.57,7.59,0.0076,17032,37
P-1x,3616,37.147,9.41,9.41,0.0094,41602,37
P-1x,3617,37.155,7.81,7.79,0.0078,17032,37
P-1x,3618,37.164,8.56,8.61,0.0086,41922,37
P-1x,3619,37.172,8.03,8.00,0.0080,17032,37
P-1x,3620,37.180,7.49,7.50,0.0075,17032,36
P-1x,3621,37.188,9.33,9.19,0.0093,42470,36
P-1x,3622,37.198,8.65,8.73,0.0086,17032,36
P-1x,3623,37.208,10.95,10.98,0.0109,43698,36
P-1x,3624,37.216,7.61,7.60,0.0076,17032,36
P-1x,3625,37.224,8.17,8.18,0.0082,44650,36
P-1x,3626,37.232,8.05,8.02,0.0080,17032,36
P-1x,3627,37.240,7.71,7.68,0.0077,17032,36
P-1x,3628,37.249,9.10,9.10,0.0091,44634,36
P-1x,3629,37.257,7.90,7.97,0.0079,17032,36
P-1x,3630,37.265,8.65,8.62,0.0087,44650,36
P-1x,3631,37.283,16.99,16.99,0.0170,24040,36
P-1x,3632,37.293,10.95,10.92,0.0109,56466,36
P-1x,3633,37.303,8.95,8.98,0.0089,17912,36
P-1x,3634,37.312,9.68,9.70,0.0097,53954,36
P-1x,3635,37.322,9.62,9.60,0.0096,17912,36
P-1x,3636,37.334,12.45,12.40,0.0124,55722,36
P-1x,3637,37.344,9.78,9.78,0.0098,17912,36
P-1x,3638,37.357,11.77,11.80,0.0118,57450,36
P-1x,3639,37.366,10.59,10.60,0.0106,61060,36
P-1x,3640,37.376,9.22,9.20,0.0092,17912,36
P-1x,3641,37.385,9.69,9.70,0.0097,59238,36
P-1x,3642,37.393,8.38,8.39,0.0084,17032,36
P-1x,3643,37.402,8.01,8.01,0.0080,17032,36
P-1x,3644,37.410,8.89,8.89,0.0089,49156,36
P-1x,3645,37.419,8.14,8.11,0.0081,17032,36
P-1x,3646,37.427,8.97,8.98,0.0090,49124,36
P-1x,3647,37.439,8.23,8.21,0.0082,17032,36
P-1x,3648,37.448,12.57,12.59,0.0126,60404,36
P-1x,3649,37.458,9.20,9.20,0.0092,17176,36
P-1x,3650,37.467,9.72,9.71,0.0097,49398,36
P-1x,3651,37.480,10.49,10.50,0.0105,18096,36
P-1x,3652,37.489,11.28,11.29,0.0113,59670,36
P-1x,3653,37.499,9.89,9.89,0.0099,18140,36
P-1x,3654,37.508,9.58,9.52,0.0096,51832,36
P-1x,3655,37.517,8.16,8.20,0.0082,17032,36
P-1x,3656,37.526,9.38,9.38,0.0094,52144,36
P-1x,3657,37.538,9.12,9.11,0.0091,17368,34
P-1x,3658,37.548,13.19,13.20,0.0132,79822,34
P-1x,3659,37.560,9.37,9.39,0.0094,17032,34
P-1x,3660,37.572,14.07,14.02,0.0141,63534,34
P-1x,3661,37.592,19.46,19.50,0.0195,27396,34
P-1x,3662,37.603,11.47,11.47,0.0115,59240,34
P-1x,3663,37.614,11.59,11.61,0.0116,58314,34
P-1x,3664,37.626,11.33,11.29,0.0113,17912,34
P-1x,3665,37.637,11.20,11.20,0.0112,57706,34
P-1x,3666,37.648,11.42,11.41,0.0114,58338,34
P-1x,3667,37.663,10.04,10.01,0.0100,17912,34
P-1x,3668,37.674,16.35,16.37,0.0164,68952,34
P-1x,3669,37.687,12.50,12.49,0.0125,20496,34
P-1x,3670,37.698,10.69,10.70,0.0107,46376,34
P-1x,3671,37.707,9.77,9.79,0.0098,46428,34
P-1x,3672,37.719,11.25,11.22,0.0112,19842,34
P-1x,3673,37.729,10.38,10.38,0.0104,46376,34
P-1x,3674,37.739,9.52,9.49,0.0095,17032,33
P-1x,3675,37.749,10.69,10.71,0.0107,47244,33
P-1x,3676,37.760,9.79,9.80,0.0098,17392,33
P-1x,3677,37.769,9.90,9.88,0.0099,43960,33
P-1x,3678,37.779,9.83,9.81,0.0098,17032,33
P-1x,3679,37.790,11.53,11.50,0.0115,46458,33
P-1x,3680,37.802,10.06,10.09,0.0101,17032,32
P-1x,3681,37.811,11.09,11.10,0.0111,44360,32
P-1x,3682,37.822,9.52,9.50,0.0095,17032,32
P-1x,3683,37.833,12.17,12.20,0.0122,45024,32
P-1x,3684,37.843,9.84,9.81,0.0098,17032,32
P-1x,3685,37.853,9.59,9.59,0.0096,45012,32
P-1x,3686,37.862,8.95,8.98,0.0089,17032,32
P-1x,3687,37.882,19.79,19.72,0.0198,52172,32
P-1x,3688,37.893,11.36,11.39,0.0114,57036,32
P-1x,3689,37.904,10.69,10.71,0.0107,17992,32
P-1x,3690,37.915,11.48,11.49,0.0115,54448,32
P-1x,3691,37.927,11.71,11.71,0.0117,54700,32
P-1x,3692,37.938,10.73,10.70,0.0107,17992,32
P-1x,3693,37.948,11.08,11.10,0.0111,54396,32
P-1x,3694,37.960,10.99,10.99,0.0110,17992,32
P-1x,3695,37.970,10.98,10.98,0.0110,54708,32
P-1x,3696,37.983,10.46,10.41,0.0105,17992,32
P-1x,3697,37.993,12.67,12.70,0.0127,57912,32
P-1x,3698,38.004,9.05,9.07,0.0091,17032,32
P-1x,3699,38.014,11.48,11.41,0.0115,51634,32
P-1x,3700,38.024,9.67,9.71,0.0097,17032,32
P-1x,3701,38.035,11.27,11.29,0.0113,45852,32
P-1x,3702,38.045,10.57,10.52,0.0106,45694,32
P-1x,3703,38.057,10.04,10.07,0.0100,17032,32
P-1x,3704,38.068,12.40,12.39,0.0124,51814,32
P-1x,3705,38.080,9.62,9.42,0.0096,17032,32
P-1x,3706,38.090,12.51,12.70,0.0125,49664,32
P-1x,3707,38.101,9.39,9.40,0.0094,17032,32
P-1x,3708,38.110,10.79,10.78,0.0108,48758,32
P-1x,3709,38.120,9.51,9.52,0.0095,17084,32
P-1x,3710,38.130,10.00,9.99,0.0100,44310,32
P-1x,3711,38.140,9.78,9.80,0.0098,17032,32
P-1x,3712,38.149,9.34,9.31,0.0093,44310,32
P-1x,3713,38.159,9.31,9.30,0.0093,17176,32
P-1x,3714,38.179,20.38,20.37,0.0204,50968,32
P-1x,3715,38.190,11.38,11.40,0.0114,55288,32
P-1x,3716,38.201,10.60,10.61,0.0106,17912,32
P-1x,3717,38.211,10.88,10.88,0.0109,52316,32
P-1x,3718,38.222,10.22,10.21,0.0102,17832,32
P-1x,3719,38.232,10.33,10.30,0.0103,50766,32
P-1x,3720,38.243,10.49,10.50,0.0105,17832,32
P-1x,3721,38.253,10.80,10.81,0.0108,50766,32
P-1x,3722,38.264,9.87,9.89,0.0099,17832,32
P-1x,3723,38.274,10.91,10.90,0.0109,51078,32
P-1x,3724,38.284,9.61,9.59,0.0096,19264,32
P-1x,3725,38.293,9.89,9.91,0.0099,43546,32
P-1x,3726,38.303,8.81,8.80,0.0088,17192,32
P-1x,3727,38.313,10.17,10.11,0.0102,43722,32
P-1x,3728,38.321,8.42,8.47,0.0084,17244,32
P-1x,3729,38.331,9.81,9.81,0.0098,43730,32
P-1x,3730,38.340,8.61,8.60,0.0086,17192,32
P-1x,3731,38.349,9.23,9.21,0.0092,43410,32
P-1x,3732,38.358,8.94,8.98,0.0089,17192,32
P-1x,3733,38.366,8.81,8.79,0.0088,43106,32
P-1x,3734,38.376,8.90,8.91,0.0089,17192,32
P-1x,3735,38.385,9.52,9.51,0.0095,43418,32
P-1x,3736,38.394,9.29,9.28,0.0093,17368,32
P-1x,3737,38.404,9.01,9.01,0.0090,17032,32
P-1x,3738,38.413,10.22,10.20,0.0102,44416,32
P-1x,3739,38.423,9.48,9.50,0.0095,17032,32
P-1x,3740,38.433,9.91,9.89,0.0099,41582,32
P-1x,3741,38.442,9.05,9.02,0.0091,17032,32
P-1x,3742,38.451,9.27,9.27,0.0093,42206,32
P-1x,3743,38.471,19.17,19.19,0.0192,24088,32
P-1x,3744,38.482,11.33,11.31,0.0113,50622,32
P-1x,3745,38.493,11.40,11.40,0.0114,53910,32
P-1x,3746,38.503,9.99,9.99,0.0100,17992,32
P-1x,3747,38.514,11.42,11.42,0.0114,51422,32
P-1x,3748,38.526,10.81,10.79,0.0108,18044,32
P-1x,3749,38.537,10.97,10.98,0.0110,50264,32
P-1x,3750,38.547,10.92,10.91,0.0109,50264,32
P-1x,3751,38.558,9.68,9.70,0.0097,17992,32
P-1x,3752,38.568,11.79,11.79,0.0118,51136,32
P-1x,3753,38.579,9.82,9.81,0.0098,17992,32
P-1x,3754,38.589,10.66,10.68,0.0107,50568,32
P-1x,3755,38.598,9.19,9.20,0.0092,19688,32
P-1x,3756,38.608,9.44,9.39,0.0094,41184,32
P-1x,3757,38.617,8.78,8.74,0.0088,17032,32
P-1x,3758,38.625,9.10,9.16,0.0091,40880,32
P-1x,3759,38.636,9.22,9.19,0.0092,17032,32
P-1x,3760,38.645,10.49,10.52,0.0105,44618,32
P-1x,3761,38.655,9.58,9.58,0.0096,17032,32
P-1x,3762,38.664,9.01,8.99,0.0090,40968,32
P-1x,3763,38.672,8.49,8.51,0.0085,17032,32
P-1x,3764,38.681,8.22,8.21,0.0082,17032,32
P-1x,3765,38.689,9.05,9.07,0.0090,40198,32
P-1x,3766,38.698,8.24,8.21,0.0082,17032,32
P-1x,3767,38.707,9.36,9.39,0.0094,40198,32
P-1x,3768,38.716,8.42,8.41,0.0084,17032,32
P-1x,3769,38.725,9.80,9.79,0.0098,40250,32
P-1x,3770,38.734,9.18,9.19,0.0092,17184,32
P-1x,3771,38.743,8.31,8.31,0.0083,17032,32
P-1x,3772,38.752,8.77,8.72,0.0088,39496,32
P-1x,3773,38.771,19.26,19.29,0.0193,24096,32
P-1x,3774,38.783,11.20,11.19,0.0112,51536,32
P-1x,3775,38.792,10.21,10.19,0.0102,49032,32
P-1x,3776,38.803,10.00,9.99,0.0100,17832,32
P-1x,3777,38.812,9.76,9.80,0.0098,49704,32
P-1x,3778,38.823,10.12,10.09,0.0101,17832,32
P-1x,3779,38.833,10.81,10.80,0.0108,49040,32
P-1x,3780,38.844,10.17,10.19,0.0102,17832,32
P-1x,3781,38.854,10.62,10.60,0.0106,49040,32
P-1x,3782,38.865,9.97,10.00,0.0100,17832,32
P-1x,3783,38.876,11.67,11.61,0.0117,54748,32
P-1x,3784,38.884,9.06,9.07,0.0091,40900,32
P-1x,3785,38.894,9.32,9.32,0.0093,17032,32
P-1x,3786,38.903,8.37,8.38,0.0084,17032,32
P-1x,3787,38.911,9.07,9.10,0.0091,41212,32
P-1x,3788,38.920,8.44,8.41,0.0084,17032,32
P-1x,3789,38.929,9.69,9.62,0.0097,41264,32
P-1x,3790,38.938,8.20,8.27,0.0082,17032,32
P-1x,3791,38.947,9.61,9.60,0.0096,40900,32
P-1x,3792,38.956,8.20,8.19,0.0082,17032,32
P-1x,3793,38.965,9.66,9.68,0.0097,41052,32
P-1x,3794,38.973,8.32,8.31,0.0083,17032,32
P-1x,3795,38.983,8.34,8.32,0.0083,17032,32
P-1x,3796,38.992,9.99,9.99,0.0100,44502,32
P-1x,3797,39.001,9.02,8.99,0.0090,17032,32
P-1x,3798,39.010,9.16,9.21,0.0092,40822,32
P-1x,3799,39.019,8.57,8.58,0.0086,17032,32
P-1x,3800,39.028,9.12,9.10,0.0091,40198,32
P-1x,3801,39.037,8.96,8.93,0.0090,17032,32
P-1x,3802,39.045,8.65,8.67,0.0086,40822,32
P-1x,3803,39.054,8.93,8.90,0.0089,17032,32
P-1x,3804,39.074,19.15,19.18,0.0192,24120,32
P-1x,3805,39.085,11.39,11.38,0.0114,52546,32
P-1x,3806,39.095,10.34,10.32,0.0103,49654,32
P-1x,3807,39.105,10.50,10.51,0.0105,48800,32
P-1x,3808,39.116,9.86,9.89,0.0099,17912,32
P-1x,3809,39.126,11.23,11.20,0.0112,48800,32
P-1x,3810,39.137,9.56,9.51,0.0096,17964,32
P-1x,3811,39.147,11.19,11.21,0.0112,49096,32
P-1x,3812,39.157,9.22,9.26,0.0092,17912,32
P-1x,3813,39.167,10.55,10.52,0.0105,49096,32
P-1x,3814,39.177,9.88,9.89,0.0099,19528,32
P-1x,3815,39.186,9.30,9.30,0.0093,40198,32
P-1x,3816,39.194,8.09,8.09,0.0081,17032,32
P-1x,3817,39.204,8.92,8.91,0.0089,17032,32
P-1x,3818,39.213,9.47,9.49,0.0095,40198,32
P-1x,3819,39.222,8.71,8.71,0.0087,17112,32
P-1x,3820,39.231,9.13,9.09,0.0091,40238,32
P-1x,3821,39.239,8.34,8.30,0.0083,17032,32
P-1x,3822,39.248,9.32,9.30,0.0093,40198,32
P-1x,3823,39.258,8.81,8.88,0.0088,17032,32
P-1x,3824,39.268,10.75,10.72,0.0107,42160,32
P-1x,3825,39.276,8.37,8.39,0.0084,17032,32
P-1x,3826,39.285,9.11,9.10,0.0091,40198,32
P-1x,3827,39.294,8.69,8.70,0.0087,17032,32
P-1x,3828,39.303,8.30,8.30,0.0083,17032,32
P-1x,3829,39.311,9.20,9.19,0.0092,41110,32
P-1x,3830,39.320,8.14,8.12,0.0081,17032,32
P-1x,3831,39.329,9.62,9.60,0.0096,40198,32
P-1x,3832,39.339,9.14,9.11,0.0091,20014,32
P-1x,3833,39.349,10.24,10.29,0.0102,40806,32
P-1x,3834,39.368,18.66,18.66,0.0187,24264,32
P-1x,3835,39.379,11.01,11.02,0.0110,51220,32
P-1x,3836,39.389,10.41,10.41,0.0104,49104,32
P-1x,3837,39.399,9.78,9.79,0.0098,17912,32
P-1x,3838,39.409,10.27,10.22,0.0103,49056,32
P-1x,3839,39.419,9.87,9.87,0.0099,17912,32
P-1x,3840,39.428,9.91,9.89,0.0099,48800,32
P-1x,3841,39.439,9.98,10.00,0.0100,17912,32
P-1x,3842,39.449,10.60,10.59,0.0106,49424,32
P-1x,3843,39.459,9.51,9.49,0.0095,17912,32
P-1x,3844,39.469,10.32,10.31,0.0103,50424,32
P-1x,3845,39.478,8.65,8.68,0.0087,17032,32
P-1x,3846,39.487,9.93,9.92,0.0099,40198,32
P-1x,3847,39.497,8.86,8.87,0.0089,17032,32
P-1x,3848,39.509,12.42,12.41,0.0124,42358,32
P-1x,3849,39.518,8.49,8.50,0.0085,17032,32
P-1x,3850,39.527,9.41,9.38,0.0094,42926,32
P-1x,3851,39.535,8.28,8.31,0.0083,17032,32
P-1x,3852,39.544,9.41,9.40,0.0094,43602,32
P-1x,3853,39.552,8.19,8.20,0.0082,17032,32
P-1x,3854,39.561,8.18,8.19,0.0082,17032,32
P-1x,3855,39.571,9.93,9.90,0.0099,43238,32
P-1x,3856,39.580,9.25,9.22,0.0093,17072,32
P-1x,3857,39.589,9.04,9.01,0.0090,42926,32
P-1x,3858,39.598,9.09,9.09,0.0091,17032,32
P-1x,3859,39.607,9.16,9.19,0.0092,43238,32
P-1x,3860,39.617,9.67,9.68,0.0097,17032,32
P-1x,3861,39.626,8.83,8.81,0.0088,43550,32
P-1x,3862,39.634,8.79,8.78,0.0088,17032,32
P-1x,3863,39.644,8.68,8.70,0.0087,17032,32
P-1x,3864,39.664,20.34,20.31,0.0203,51710,32
P-1x,3865,39.678,11.27,11.29,0.0113,55714,32
P-1x,3866,39.689,14.16,14.10,0.0142,68622,32
P-1x,3867,39.700,10.84,10.89,0.0108,17832,32
P-1x,3868,39.710,10.78,10.80,0.0108,53514,32
P-1x,3869,39.721,10.12,10.10,0.0101,17832,32
P-1x,3870,39.732,11.42,11.41,0.0114,53514,32
P-1x,3871,39.743,10.12,10.08,0.0101,17832,31
P-1x,3872,39.755,12.65,12.69,0.0127,54746,31
P-1x,3873,39.766,11.03,11.01,0.0110,53514,31
P-1x,3874,39.778,10.08,10.10,0.0101,19512,31
P-1x,3875,39.789,12.93,12.91,0.0129,50532,31
P-1x,3876,39.801,11.57,11.58,0.0116,18104,31
P-1x,3877,39.810,10.08,10.10,0.0101,46006,31
P-1x,3878,39.820,9.29,9.29,0.0093,17032,31
P-1x,3879,39.830,9.76,9.71,0.0098,45694,31
P-1x,3880,39.842,11.61,11.61,0.0116,19112,31
P-1x,3881,39.851,10.08,10.09,0.0101,48422,31
P-1x,3882,39.862,10.43,10.46,0.0104,17032,30
P-1x,3883,39.872,10.19,10.14,0.0102,49290,30
P-1x,3884,39.884,9.56,9.59,0.0096,17208,30
P-1x,3885,39.895,13.51,13.50,0.0135,66234,30
P-1x,3886,39.905,10.60,10.58,0.0106,47058,30
P-1x,3887,39.915,9.39,9.40,0.0094,17032,30
P-1x,3888,39.925,10.34,10.31,0.0103,47058,30
P-1x,3889,39.939,12.36,12.38,0.0124,27610,30
P-1x,3890,39.950,12.03,12.01,0.0120,49706,30
P-1x,3891,39.974,21.57,21.58,0.0216,24228,29
P-1x,3892,39.989,15.33,15.32,0.0153,73292,27
P-1x,3893,40.004,16.57,16.58,0.0166,69364,27
P-1x,3894,40.016,12.49,12.49,0.0125,57044,27
P-1x,3895,40.028,12.36,12.32,0.0124,57044,27
P-1x,3896,40.041,12.22,12.27,0.0122,17912,27
P-1x,3897,40.053,12.53,12.50,0.0125,57444,27
P-1x,3898,40.065,11.82,11.82,0.0118,17912,27
P-1x,3899,40.078,12.59,12.58,0.0126,58330,27
P-1x,3900,40.091,14.14,13.90,0.0141,49194,27
P-1x,3901,40.102,10.75,10.99,0.0107,17232,27
P-1x,3902,40.113,10.91,10.90,0.0109,45640,27
P-1x,3903,40.123,9.72,9.71,0.0097,16992,27
P-1x,3904,40.134,11.12,11.10,0.0111,45032,27
P-1x,3905,40.147,9.89,9.90,0.0099,17032,27
P-1x,3906,40.158,13.59,13.59,0.0136,51576,27
P-1x,3907,40.169,11.53,11.51,0.0115,45484,27
P-1x,3908,40.180,10.16,10.20,0.0102,17032,27
P-1x,3909,40.190,10.77,10.77,0.0108,45032,27
P-1x,3910,40.200,9.57,9.51,0.0096,17032,27
P-1x,3911,40.210,10.36,10.41,0.0104,45352,27
P-1x,3912,40.220,9.81,9.79,0.0098,17032,27
P-1x,3913,40.230,10.29,10.30,0.0103,45032,27
P-1x,3914,40.241,10.68,10.67,0.0107,17184,27
P-1x,3915,40.263,21.53,21.51,0.0215,52424,27
P-1x,3916,40.274,11.59,11.59,0.0116,55010,27
P-1x,3917,40.286,11.40,11.41,0.0114,17992,27
P-1x,3918,40.297,12.10,12.10,0.0121,52370,27
P-1x,3919,40.309,11.82,11.80,0.0118,52370,27
P-1x,3920,40.320,10.63,10.61,0.0106,17992,27
P-1x,3921,40.332,12.96,12.99,0.0130,52370,27
P-1x,3922,40.345,11.91,11.89,0.0119,17992,27
P-1x,3923,40.356,11.40,11.39,0.0114,52682,27
P-1x,3924,40.367,11.57,11.59,0.0116,54298,27
P-1x,3925,40.378,9.63,9.61,0.0096,17084,27
P-1x,3926,40.388,11.39,11.40,0.0114,47078,27
P-1x,3927,40.399,9.71,9.70,0.0097,17032,27
P-1x,3928,40.409,11.09,11.11,0.0111,43114,27
P-1x,3929,40.418,8.78,8.78,0.0088,17032,27
P-1x,3930,40.427,9.46,9.41,0.0095,43114,27
P-1x,3931,40.438,10.26,10.29,0.0103,17032,27
P-1x,3932,40.448,10.49,10.50,0.0105,43306,27
P-1x,3933,40.459,9.79,9.79,0.0098,19890,27
P-1x,3934,40.469,10.84,10.81,0.0108,43306,27
P-1x,3935,40.478,8.98,8.98,0.0090,17192,27
P-1x,3936,40.487,9.74,9.72,0.0097,42284,27
P-1x,3937,40.498,9.66,9.69,0.0097,17032,27
P-1x,3938,40.506,9.27,9.25,0.0093,42284,27
P-1x,3939,40.516,9.13,9.13,0.0091,17032,27
P-1x,3940,40.526,10.15,10.11,0.0101,42284,27
P-1x,3941,40.535,8.91,8.89,0.0089,17032,27
P-1x,3942,40.556,20.73,20.70,0.0207,24200,27
P-1x,3943,40.568,12.59,12.66,0.0126,87984,27
P-1x,3944,40.579,10.91,10.91,0.0109,18044,27
P-1x,3945,40.589,10.64,10.60,0.0106,51668,27
P-1x,3946,40.601,11.07,11.08,0.0111,18292,27
P-1x,3947,40.611,10.98,10.99,0.0110,51748,27
P-1x,3948,40.623,10.73,10.71,0.0107,18072,27
P-1x,3949,40.633,10.89,10.89,0.0109,51748,27
P-1x,3950,40.647,12.52,12.50,0.0125,18072,27
P-1x,3951,40.661,14.64,14.61,0.0146,55740,27
P-1x,3952,40.672,12.18,12.20,0.0122,53564,27
P-1x,3953,40.682,9.19,9.21,0.0092,17112,27
P-1x,3954,40.691,9.87,9.89,0.0099,42364,27
P-1x,3955,40.701,9.44,9.39,0.0094,17200,27
P-1x,3956,40.711,9.94,9.99,0.0099,41602,27
P-1x,3957,40.721,9.16,9.11,0.0092,17032,27
P-1x,3958,40.730,9.92,9.91,0.0099,41602,27
P-1x,3959,40.740,9.07,9.09,0.0091,17032,27
P-1x,3960,40.749,10.00,10.01,0.0100,42074,27
P-1x,3961,40.759,9.11,9.08,0.0091,17032,27
P-1x,3962,40.768,9.98,10.01,0.0100,40900,27
P-1x,3963,40.778,9.09,9.11,0.0091,17084,27
P-1x,3964,40.787,9.49,9.48,0.0095,40900,27
P-1x,3965,40.796,8.99,9.00,0.0090,17032,27
P-1x,3966,40.806,10.12,10.09,0.0101,41204,27
P-1x,3967,40.816,9.52,9.51,0.0095,17032,26
P-1x,3968,40.826,10.50,10.51,0.0105,41768,26
P-1x,3969,40.835,8.79,8.78,0.0088,17032,26
P-1x,3970,40.856,21.22,21.19,0.0212,48068,26
P-1x,3971,40.868,12.49,12.50,0.0125,52924,26
P-1x,3972,40.879,9.98,10.01,0.0100,17992,26
P-1x,3973,40.890,11.68,11.69,0.0117,50284,26
P-1x,3974,40.900,9.69,9.70,0.0097,17992,26
P-1x,3975,40.911,11.40,11.40,0.0114,50284,26
P-1x,3976,40.922,10.84,10.79,0.0108,17992,26
P-1x,3977,40.933,11.24,11.30,0.0112,50284,26
P-1x,3978,40.945,10.94,10.91,0.0109,17992,26
P-1x,3979,40.956,11.42,11.40,0.0114,50284,26
P-1x,3980,40.966,10.55,10.59,0.0106,52148,26
P-1x,3981,40.976,9.07,9.00,0.0091,17032,26
P-1x,3982,40.984,9.13,9.19,0.0091,40952,26
P-1x,3983,40.992,8.11,8.11,0.0081,17032,26
P-1x,3984,41.001,8.29,8.29,0.0083,17032,26
P-1x,3985,41.010,9.48,9.48,0.0095,40900,26
P-1x,3986,41.020,7.94,7.94,0.0079,17032,25
P-1x,3987,41.029,11.01,10.99,0.0110,45236,25
P-1x,3988,41.040,9.84,9.80,0.0098,17032,24
P-1x,3989,41.049,9.84,9.87,0.0098,41768,24
P-1x,3990,41.059,9.42,9.42,0.0094,17032,24
P-1x,3991,41.069,10.36,10.32,0.0104,40900,24
P-1x,3992,41.078,9.42,9.46,0.0094,17032,24
P-1x,3993,41.088,9.52,9.51,0.0095,40900,24
P-1x,3994,41.096,8.37,8.29,0.0084,17032,24
P-1x,3995,41.105,8.81,8.89,0.0088,40900,24
P-1x,3996,41.114,8.97,9.00,0.0090,17032,24
P-1x,3997,41.123,8.61,8.60,0.0086,17192,24
P-1x,3998,41.131,8.84,8.81,0.0088,40198,24
P-1x,3999,41.152,19.99,19.98,0.0200,24208,24
P-1x,4000,41.163,11.56,11.59,0.0116,52242,24
P-1x,4001,41.173,10.70,10.71,0.0107,49814,24
P-1x,4002,41.186,11.65,11.61,0.0116,18984,24
P-1x,4003,41.196,11.00,10.97,0.0110,50918,24
P-1x,4004,41.210,14.08,14.11,0.0141,55708,24
P-1x,4005,41.221,10.62,10.61,0.0106,17912,24
P-1x,4006,41.231,10.69,10.70,0.0107,53722,24
P-1x,4007,41.243,10.48,10.49,0.0105,17912,24
P-1x,4008,41.253,11.26,11.28,0.0113,60344,24
P-1x,4009,41.263,9.32,9.30,0.0093,17032,24
P-1x,4010,41.272,9.81,9.82,0.0098,44992,24
P-1x,4011,41.282,9.29,9.30,0.0093,17032,24
P-1x,4012,41.292,10.23,10.20,0.0102,44992,24
P-1x,4013,41.301,8.37,8.39,0.0084,17032,24
P-1x,4014,41.310,9.53,9.50,0.0095,44992,24
P-1x,4015,41.320,9.61,9.59,0.0096,17032,24
P-1x,4016,41.329,9.99,10.01,0.0100,44992,24
P-1x,4017,41.339,8.69,8.69,0.0087,17032,24
P-1x,4018,41.348,9.78,9.79,0.0098,45160,24
P-1x,4019,41.359,10.20,10.18,0.0102,18072,24
P-1x,4020,41.367,9.22,9.23,0.0092,45654,24
P-1x,4021,41.377,8.89,8.88,0.0089,17032,24
P-1x,4022,41.385,9.31,9.30,0.0093,45654,24
P-1x,4023,41.396,9.51,9.52,0.0095,17084,24
P-1x,4024,41.406,10.80,10.78,0.0108,48488,24
P-1x,4025,41.417,10.07,10.10,0.0101,17032,24
P-1x,4026,41.426,10.13,10.10,0.0101,45758,24
P-1x,4027,41.437,9.10,9.09,0.0091,17032,24
P-1x,4028,41.459,22.09,22.11,0.0221,56570,24
P-1x,4029,41.470,13.18,13.19,0.0132,58560,24
P-1x,4030,41.484,11.49,11.49,0.0115,17912,24
P-1x,4031,41.497,14.41,14.39,0.0144,59660,24
P-1x,4032,41.509,12.36,12.33,0.0124,56402,24
P-1x,4033,41.522,11.23,11.21,0.0112,17952,24
P-1x,4034,41.534,14.35,14.36,0.0144,59156,24
P-1x,4035,41.547,10.94,10.99,0.0109,17912,24
P-1x,4036,41.559,13.46,13.39,0.0135,67108,24
P-1x,4037,41.569,10.75,10.80,0.0108,47808,24
P-1x,4038,41.579,9.59,9.61,0.0096,17032,24
P-1x,4039,41.589,10.25,10.19,0.0102,47302,24
P-1x,4040,41.599,9.86,9.92,0.0099,17084,24
P-1x,4041,41.610,10.58,10.56,0.0106,45304,24
P-1x,4042,41.619,9.28,9.31,0.0093,17032,24
P-1x,4043,41.629,10.09,10.01,0.0101,45304,24
P-1x,4044,41.640,9.41,9.39,0.0094,17032,24
P-1x,4045,41.651,12.31,12.30,0.0123,48378,24
P-1x,4046,41.661,10.03,10.08,0.0100,17032,24
P-1x,4047,41.671,10.11,10.10,0.0101,43940,24
P-1x,4048,41.680,8.90,8.91,0.0089,17032,24
P-1x,4049,41.690,10.21,10.20,0.0102,43628,24
P-1x,4050,41.700,9.69,9.70,0.0097,17032,24
P-1x,4051,41.710,10.06,10.08,0.0101,43628,24
P-1x,4052,41.719,9.34,9.31,0.0093,17032,24
P-1x,4053,41.728,9.28,9.30,0.0093,43628,24
P-1x,4054,41.750,21.03,21.00,0.0210,24424,24
P-1x,4055,41.763,13.18,13.20,0.0132,54962,24
P-1x,4056,41.774,11.52,11.49,0.0115,52230,24
P-1x,4057,41.786,11.08,11.10,0.0111,18212,24
P-1x,4058,41.797,11.73,11.70,0.0117,52310,24
P-1x,4059,41.808,11.35,11.39,0.0113,52662,24
P-1x,4060,41.820,11.32,11.31,0.0113,18072,24
P-1x,4061,41.831,11.12,11.10,0.0111,52390,24
P-1x,4062,41.841,10.27,10.29,0.0103,18072,24
P-1x,4063,41.852,10.71,10.71,0.0107,54734,24
P-1x,4064,41.861,9.28,9.29,0.0093,17232,24
P-1x,4065,41.871,10.22,10.19,0.0102,43788,24
P-1x,4066,41.881,9.31,9.31,0.0093,17192,24
P-1x,4067,41.890,9.95,9.92,0.0100,43892,24
P-1x,4068,41.900,9.18,9.19,0.0092,17112,24
P-1x,4069,41.910,10.25,10.27,0.0103,43114,24
P-1x,4070,41.919,8.92,8.91,0.0089,17032,24
P-1x,4071,41.928,9.61,9.61,0.0096,42264,24
P-1x,4072,41.938,9.19,9.18,0.0092,17032,24
P-1x,4073,41.947,9.90,9.90,0.0099,42584,24
P-1x,4074,41.957,8.97,8.99,0.0090,17032,24
P-1x,4075,41.966,9.75,9.71,0.0098,42264,24
P-1x,4076,41.976,9.37,9.40,0.0094,17032,24
P-1x,4077,41.985,9.80,9.79,0.0098,42584,24
P-1x,4078,41.994,8.69,8.71,0.0087,17032,24
P-1x,4079,42.003,8.82,8.80,0.0088,17032,23
P-1x,4080,42.013,9.85,9.80,0.0099,43504,23
P-1x,4081,42.024,10.43,10.49,0.0104,17032,23
P-1x,4082,42.047,23.75,23.71,0.0237,58978,23
P-1x,4083,42.060,12.77,12.80,0.0128,53988,23
P-1x,4084,42.071,11.17,11.19,0.0112,51888,23
P-1x,4085,42.083,11.35,11.31,0.0113,17912,23
P-1x,4086,42.094,11.50,11.28,0.0115,52488,23
P-1x,4087,42.105,10.96,11.21,0.0110,18072,23
P-1x,4088,42.117,11.19,11.18,0.0112,51728,23
P-1x,4089,42.129,12.79,12.79,0.0128,55978,23
P-1x,4090,42.140,10.83,10.83,0.0108,18072,23
P-1x,4091,42.150,10.62,10.60,0.0106,53456,23
P-1x,4092,42.159,8.98,8.99,0.0090,17192,23
P-1x,4093,42.169,9.92,9.92,0.0099,43126,23
P-1x,4094,42.180,10.81,10.79,0.0108,20002,23
P-1x,4095,42.190,10.05,10.09,0.0100,43126,23
P-1x,4096,42.199,8.79,8.78,0.0088,17352,23
P-1x,4097,42.209,10.35,10.32,0.0104,41602,23
P-1x,4098,42.219,8.86,8.88,0.0089,17244,23
P-1x,4099,42.228,10.63,10.59,0.0106,43732,23
P-1x,4100,42.238,9.48,9.49,0.0095,17032,23
P-1x,4101,42.247,9.42,9.42,0.0094,40900,23
P-1x,4102,42.258,10.46,10.49,0.0105,17112,23
P-1x,4103,42.267,9.72,9.71,0.0097,41220,23
P-1x,4104,42.277,8.99,9.00,0.0090,17032,23
P-1x,4105,42.286,9.41,9.39,0.0094,40900,23
P-1x,4106,42.295,8.99,9.01,0.0090,17032,23
P-1x,4107,42.304,9.42,9.41,0.0094,40900,23
P-1x,4108,42.314,9.45,9.47,0.0094,17032,23
P-1x,4109,42.323,8.77,8.72,0.0088,17184,23
P-1x,4110,42.345,21.51,21.49,0.0215,47462,23
P-1x,4111,42.359,13.76,13.79,0.0138,55236,22
P-1x,4112,42.370,12.48,12.50,0.0125,49814,22
P-1x,4113,42.381,10.59,10.58,0.0106,17912,22
P-1x,4114,42.393,11.96,11.90,0.0120,49814,22
P-1x,4115,42.404,10.49,10.50,0.0105,17912,22
P-1x,4116,42.415,11.25,11.30,0.0113,49502,22
P-1x,4117,42.426,10.99,10.99,0.0110,49554,22
P-1x,4118,42.437,10.49,10.49,0.0105,17912,22
P-1x,4119,42.447,10.94,10.92,0.0109,51262,22
P-1x,4120,42.457,9.36,9.38,0.0094,17032,22
P-1x,4121,42.466,9.51,9.51,0.0095,40900,22
P-1x,4122,42.476,9.20,9.13,0.0092,17032,22
P-1x,4123,42.485,10.03,10.07,0.0100,41204,22
P-1x,4124,42.494,8.98,8.99,0.0090,17032,22
P-1x,4125,42.504,8.74,8.70,0.0087,17032,22
P-1x,4126,42.513,10.00,10.00,0.0100,43556,22
P-1x,4127,42.523,9.28,9.31,0.0093,17032,22
P-1x,4128,42.531,9.38,9.38,0.0094,40900,22
P-1x,4129,42.541,9.13,9.12,0.0091,17032,22
P-1x,4130,42.551,10.79,10.79,0.0108,40900,22
P-1x,4131,42.561,9.17,9.20,0.0092,17032,22
P-1x,4132,42.570,9.81,9.71,0.0098,41220,22
P-1x,4133,42.580,9.54,9.58,0.0095,17032,21
P-1x,4134,42.590,9.97,9.99,0.0100,41768,21
P-1x,4135,42.600,9.34,9.31,0.0093,17032,21
P-1x,4136,42.608,9.14,9.19,0.0091,41060,21
P-1x,4137,42.617,8.55,8.50,0.0085,17032,21
P-1x,4138,42.626,9.42,9.41,0.0094,40250,21
P-1x,4139,42.647,19.98,19.98,0.0200,24280,21
P-1x,4140,42.659,11.77,11.79,0.0118,52222,21
P-1x,4141,42.670,11.62,11.61,0.0116,49582,21
P-1x,4142,42.681,11.04,10.98,0.0110,17992,21
P-1x,4143,42.692,11.35,11.40,0.0113,52744,21
P-1x,4144,42.703,10.30,10.32,0.0103,17992,21
P-1x,4145,42.714,11.61,11.60,0.0116,49582,21
P-1x,4146,42.725,9.80,9.80,0.0098,17992,21
P-1x,4147,42.737,12.40,12.38,0.0124,54354,21
P-1x,4148,42.747,10.67,10.68,0.0107,49582,21
P-1x,4149,42.757,9.72,9.73,0.0097,19936,21
P-1x,4150,42.767,9.92,9.88,0.0099,40198,21
P-1x,4151,42.778,11.01,11.00,0.0110,17032,21
P-1x,4152,42.789,11.64,11.60,0.0116,40518,21
P-1x,4153,42.799,9.25,9.28,0.0092,17032,21
P-1x,4154,42.808,10.08,10.10,0.0101,41150,21
P-1x,4155,42.819,9.72,9.71,0.0097,17032,21
P-1x,4156,42.827,8.70,8.69,0.0087,41058,21
P-1x,4157,42.837,9.10,9.12,0.0091,17032,21
P-1x,4158,42.846,9.69,9.68,0.0097,39624,21
P-1x,4159,42.855,8.98,9.00,0.0090,17032,21
P-1x,4160,42.863,8.32,8.32,0.0083,39816,21
P-1x,4161,42.872,8.73,8.70,0.0087,17032,21
P-1x,4162,42.881,8.64,8.67,0.0086,17032,21
P-1x,4163,42.889,8.62,8.60,0.0086,39624,21
P-1x,4164,42.898,8.43,8.42,0.0084,17032,21
P-1x,4165,42.906,8.36,8.39,0.0084,39496,21
P-1x,4166,42.914,8.61,8.61,0.0086,17032,21
P-1x,4167,42.923,8.40,8.39,0.0084,17032,21
P-1x,4168,42.944,20.42,20.40,0.0204,47072,21
P-1x,4169,42.954,11.23,11.19,0.0112,51232,21
P-1x,4170,42.966,10.69,10.71,0.0107,17832,21
P-1x,4171,42.977,11.66,11.69,0.0117,49032,21
P-1x,4172,42.987,10.48,10.48,0.0105,48720,21
P-1x,4173,42.998,10.21,10.21,0.0102,17832,21
P-1x,4174,43.008,10.99,10.99,0.0110,48720,21
P-1x,4175,43.020,10.64,10.62,0.0106,17832,21
P-1x,4176,43.030,10.36,10.37,0.0104,48772,21
P-1x,4177,43.041,10.84,10.82,0.0108,17832,21
P-1x,4178,43.051,10.18,10.19,0.0102,50952,21
P-1x,4179,43.060,9.09,9.10,0.0091,17032,21
P-1x,4180,43.069,9.22,9.20,0.0092,41212,21
P-1x,4181,43.079,9.65,9.60,0.0096,17032,21
P-1x,4182,43.088,9.43,9.49,0.0094,41340,21
P-1x,4183,43.098,9.10,9.10,0.0091,17032,21
P-1x,4184,43.107,9.82,9.80,0.0098,43542,21
P-1x,4185,43.116,8.66,8.64,0.0087,17032,21
P-1x,4186,43.125,9.11,9.15,0.0091,40932,21
P-1x,4187,43.133,8.72,8.70,0.0087,17032,21
P-1x,4188,43.142,8.17,8.21,0.0082,17032,21
P-1x,4189,43.151,9.75,9.69,0.0097,40900,21
P-1x,4190,43.160,8.54,8.58,0.0085,17032,21
P-1x,4191,43.169,9.45,9.41,0.0095,40900,21
P-1x,4192,43.178,8.69,8.71,0.0087,17032,21
P-1x,4193,43.187,9.00,9.00,0.0090,40900,21
P-1x,4194,43.196,8.79,8.79,0.0088,17192,21
P-1x,4195,43.205,9.66,9.62,0.0097,40198,21
P-1x,4196,43.214,9.16,9.18,0.0092,17032,21
P-1x,4197,43.236,20.63,20.60,0.0206,24320,21
P-1x,4198,43.248,12.35,12.38,0.0124,83876,21
P-1x,4199,43.259,10.40,10.40,0.0104,17912,21
P-1x,4200,43.269,10.80,10.80,0.0108,49502,21
P-1x,4201,43.279,10.23,10.21,0.0102,17912,21
P-1x,4202,43.290,10.70,10.70,0.0107,49502,21
P-1x,4203,43.300,10.09,10.09,0.0101,17912,21
P-1x,4204,43.311,11.02,11.02,0.0110,49502,21
P-1x,4205,43.322,10.99,10.99,0.0110,17912,21
P-1x,4206,43.333,11.03,11.00,0.0110,49630,21
P-1x,4207,43.343,9.63,9.62,0.0096,19736,21
P-1x,4208,43.352,9.76,9.77,0.0098,40900,21
P-1x,4209,43.362,9.12,9.17,0.0091,17032,21
P-1x,4210,43.371,9.46,9.43,0.0095,40900,21
P-1x,4211,43.379,8.14,8.17,0.0081,17032,21
P-1x,4212,43.388,8.99,8.93,0.0090,40900,21
P-1x,4213,43.397,8.70,8.70,0.0087,17032,21
P-1x,4214,43.406,9.20,9.20,0.0092,40900,21
P-1x,4215,43.415,8.85,8.88,0.0089,17032,21
P-1x,4216,43.424,9.70,9.61,0.0097,41204,21
P-1x,4217,43.434,9.28,9.32,0.0093,17032,21
P-1x,4218,43.443,9.07,8.97,0.0091,17032,20
P-1x,4219,43.452,9.81,9.88,0.0098,41820,20
P-1x,4220,43.462,8.81,8.88,0.0088,17032,20
P-1x,4221,43.471,10.00,9.93,0.0100,40900,20
P-1x,4222,43.480,8.77,8.79,0.0088,17032,20
P-1x,4223,43.489,9.05,9.07,0.0091,40900,20
P-1x,4224,43.501,11.10,11.10,0.0111,19120,20
P-1x,4225,43.510,9.79,9.79,0.0098,43932,20
P-1x,4226,43.519,8.38,8.40,0.0084,17032,20
P-1x,4227,43.542,22.56,22.52,0.0226,51276,20
P-1x,4228,43.553,11.68,11.70,0.0117,55352,20
P-1x,4229,43.564,10.55,10.50,0.0105,17912,19
P-1x,4230,43.577,12.66,12.69,0.0127,53800,19
P-1x,4231,43.589,12.79,12.80,0.0128,53212,19
P-1x,4232,43.604,10.28,10.28,0.0103,17912,19
P-1x,4233,43.616,16.65,16.62,0.0167,64062,19
P-1x,4234,43.628,11.97,12.00,0.0120,53236,19
P-1x,4235,43.640,11.09,11.10,0.0111,17912,19
P-1x,4236,43.651,12.92,12.90,0.0129,60102,19
P-1x,4237,43.661,9.37,9.38,0.0094,17084,19
P-1x,4238,43.671,9.70,9.69,0.0097,45998,19
P-1x,4239,43.681,10.34,10.31,0.0103,17032,19
P-1x,4240,43.692,10.69,10.70,0.0107,45694,19
P-1x,4241,43.702,9.59,9.60,0.0096,17360,19
P-1x,4242,43.711,9.69,9.70,0.0097,42966,19
P-1x,4243,43.721,9.48,9.48,0.0095,17032,19
P-1x,4244,43.730,9.66,9.61,0.0097,43270,19
P-1x,4245,43.740,9.45,9.48,0.0094,17208,19
P-1x,4246,43.749,9.55,9.51,0.0095,42880,19
P-1x,4247,43.759,9.16,9.20,0.0092,17032,18
P-1x,4248,43.769,10.69,10.70,0.0107,43884,18
P-1x,4249,43.780,9.62,9.59,0.0096,17032,17
P-1x,4250,43.790,11.93,11.90,0.0119,46068,17
P-1x,4251,43.802,11.58,11.59,0.0116,17112,17
P-1x,4252,43.814,11.79,11.79,0.0118,45858,17
P-1x,4253,43.837,21.89,21.91,0.0219,24344,17
P-1x,4254,43.848,12.57,12.50,0.0126,87644,17
P-1x,4255,43.863,13.83,13.90,0.0138,20032,17
P-1x,4256,43.876,13.24,13.21,0.0132,54788,17
P-1x,4257,43.887,11.36,11.38,0.0114,54296,17
P-1x,4258,43.898,10.79,10.81,0.0108,17912,17
P-1x,4259,43.909,11.89,11.88,0.0119,54424,17
P-1x,4260,43.921,11.33,11.31,0.0113,17912,17
P-1x,4261,43.933,12.18,12.20,0.0122,54728,17
P-1x,4262,43.944,10.40,10.39,0.0104,19728,17
P-1x,4263,43.953,9.52,9.51,0.0095,45822,17
P-1x,4264,43.963,9.66,9.67,0.0097,17032,17
P-1x,4265,43.972,9.71,9.71,0.0097,45694,17
P-1x,4266,43.982,9.11,9.10,0.0091,17032,17
P-1x,4267,43.991,9.76,9.78,0.0098,45694,17
P-1x,4268,44.001,9.33,9.31,0.0093,17032,17
P-1x,4269,44.011,10.93,10.91,0.0109,46878,17
P-1x,4270,44.022,9.89,9.81,0.0099,17032,17
P-1x,4271,44.031,9.49,9.58,0.0095,47186,17
P-1x,4272,44.042,9.79,9.78,0.0098,17032,17
P-1x,4273,44.051,10.91,10.91,0.0109,51222,17
P-1x,4274,44.063,9.56,9.58,0.0096,17032,17
P-1x,4275,44.073,12.15,12.12,0.0121,52340,17
P-1x,4276,44.084,9.68,9.70,0.0097,17084,17
P-1x,4277,44.093,10.60,10.58,0.0106,47162,17
P-1x,4278,44.103,9.19,9.00,0.0092,17032,17
P-1x,4279,44.112,9.51,9.70,0.0095,47058,17
P-1x,4280,44.135,22.07,22.02,0.0221,24424,17
P-1x,4281,44.152,14.05,14.08,0.0140,60170,17
P-1x,4282,44.165,16.69,16.69,0.0167,65466,17
P-1x,4283,44.178,12.81,12.79,0.0128,57104,17
P-1x,4284,44.190,12.28,12.30,0.0123,57104,17
P-1x,4285,44.202,11.40,11.40,0.0114,17992,17
P-1x,4286,44.213,11.69,11.69,0.0117,57232,17
P-1x,4287,44.229,11.49,11.50,0.0115,17992,16
P-1x,4288,44.242,16.67,16.59,0.0167,68932,16
P-1x,4289,44.252,11.07,11.11,0.0111,48320,16
P-1x,4290,44.263,10.16,10.18,0.0102,17368,16
P-1x,4291,44.274,11.27,11.22,0.0113,46516,16
P-1x,4292,44.284,9.62,9.61,0.0096,17244,16
P-1x,4293,44.297,13.45,13.46,0.0135,47876,16
P-1x,4294,44.307,10.27,10.29,0.0103,47880,16
P-1x,4295,44.318,10.37,10.33,0.0104,17192,16
P-1x,4296,44.328,10.48,10.49,0.0105,48088,16
P-1x,4297,44.338,9.89,9.90,0.0099,17192,15
P-1x,4298,44.348,10.51,10.49,0.0105,47568,15
P-1x,4299,44.360,9.96,9.99,0.0100,17032,14
P-1x,4300,44.370,11.49,11.50,0.0115,45346,14
P-1x,4301,44.381,10.03,10.00,0.0100,17032,13
P-1x,4302,44.391,11.12,11.11,0.0111,45650,13
P-1x,4303,44.402,10.60,10.59,0.0106,17032,13
P-1x,4304,44.412,10.51,10.52,0.0105,45296,13
P-1x,4305,44.436,23.07,23.06,0.0231,24384,13
P-1x,4306,44.448,12.53,12.53,0.0125,93100,13
P-1x,4307,44.459,10.68,10.68,0.0107,17912,12
P-1x,4308,44.471,12.51,12.51,0.0125,56354,12
P-1x,4309,44.483,11.89,11.89,0.0119,18232,11
P-1x,4310,44.494,11.80,11.80,0.0118,55222,11
P-1x,4311,44.507,11.76,11.74,0.0118,18232,10
P-1x,4312,44.520,13.28,13.26,0.0133,55306,10
P-1x,4313,44.532,12.19,12.21,0.0122,54616,10
P-1x,4314,44.543,10.98,10.98,0.0110,20104,10
P-1x,4315,44.553,9.90,9.91,0.0099,46142,10
P-1x,4316,44.563,9.79,9.80,0.0098,17352,10
P-1x,4317,44.572,10.12,10.10,0.0101,46374,10
P-1x,4318,44.582,9.46,9.48,0.0095,17032,10
P-1x,4319,44.591,9.20,9.20,0.0092,43094,10
P-1x,4320,44.601,9.52,9.50,0.0095,17032,10
P-1x,4321,44.610,9.39,9.40,0.0094,43094,10
P-1x,4322,44.620,9.22,9.20,0.0092,17032,9
P-1x,4323,44.630,10.34,10.29,0.0103,43834,9
P-1x,4324,44.640,9.60,9.61,0.0096,17032,9
P-1x,4325,44.649,10.14,10.10,0.0101,42966,9
P-1x,4326,44.660,9.81,9.88,0.0098,17032,8
P-1x,4327,44.669,9.79,9.77,0.0098,43834,8
P-1x,4328,44.679,9.71,9.73,0.0097,17032,8
P-1x,4329,44.689,10.44,10.38,0.0104,42966,8
P-1x,4330,44.698,8.85,8.89,0.0089,17084,8
P-1x,4331,44.708,9.62,9.60,0.0096,42966,8
P-1x,4332,44.718,9.69,9.70,0.0097,17032,8
P-1x,4333,44.727,10.22,10.19,0.0102,46266,8
P-1x,4334,44.737,9.57,9.61,0.0096,17912,8
P-1x,4335,44.748,10.45,10.40,0.0105,44102,8
P-1x,4336,44.758,9.97,10.00,0.0100,17912,8
P-1x,4337,44.767,9.71,9.70,0.0097,43974,8
P-1x,4338,44.777,9.48,9.49,0.0095,17912,8
P-1x,4339,44.786,9.76,9.70,0.0098,43846,8
P-1x,4340,44.796,8.77,8.80,0.0088,17912,8
P-1x,4341,44.804,9.17,9.18,0.0092,43846,8
P-1x,4342,44.814,9.42,9.41,0.0094,17912,8
P-1x,4343,44.823,9.16,9.17,0.0092,17912,8
P-1x,4344,44.832,9.15,9.11,0.0092,45710,8
P-1x,4345,44.840,7.58,7.60,0.0076,17032,7
P-1x,4346,44.848,8.48,8.49,0.0085,36112,7
P-1x,4347,44.857,8.09,8.04,0.0081,17032,7
P-1x,4348,44.864,8.16,8.22,0.0082,35244,7
P-1x,4349,44.873,8.15,8.14,0.0081,17032,7
P-1x,4350,44.881,7.77,7.72,0.0078,17032,7
P-1x,4351,44.890,9.16,9.17,0.0092,35244,7
P-1x,4352,44.898,8.27,8.30,0.0083,17684,7
P-1x,4353,44.906,8.02,8.00,0.0080,35404,7
P-1x,4354,44.914,7.79,7.80,0.0078,17192,7
P-1x,4355,44.922,7.74,7.71,0.0077,17192,7
P-1x,4356,44.930,8.37,8.39,0.0084,35404,7
P-1x,4357,44.938,7.46,7.40,0.0075,17192,6
P-1x,4358,44.946,9.27,9.30,0.0093,36272,6
P-1x,4359,44.954,7.46,7.50,0.0075,17192,6
P-1x,4360,44.962,7.91,7.91,0.0079,17192,5
P-1x,4361,44.971,9.10,9.08,0.0091,36272,5
P-1x,4362,44.980,8.40,8.40,0.0084,17192,5
P-1x,4363,44.988,8.82,8.80,0.0088,35708,5
P-1x,4364,44.996,7.66,7.69,0.0077,17192,5
P-1x,4365,45.005,8.92,8.90,0.0089,35580,5
P-1x,4366,45.013,8.09,8.10,0.0081,17032,5
P-1x,4367,45.021,8.15,8.11,0.0082,20664,5
P-1x,4368,45.030,8.97,8.99,0.0090,34840,5
P-1x,4369,45.038,7.38,7.40,0.0074,17992,5
P-1x,4370,45.045,8.14,8.09,0.0081,34840,5
P-1x,4371,45.053,7.67,7.70,0.0077,17992,5
P-1x,4372,45.061,7.80,7.80,0.0078,17992,5
P-1x,4373,45.070,8.83,8.80,0.0088,34840,5
P-1x,4374,45.078,7.90,7.88,0.0079,17992,5
P-1x,4375,45.086,8.29,8.32,0.0083,34840,5
P-1x,4376,45.093,7.40,7.39,0.0074,17992,5
P-1x,4377,45.101,7.59,7.59,0.0076,18044,5
P-1x,4378,45.109,8.06,8.09,0.0081,34840,5
P-1x,4379,45.117,7.61,7.61,0.0076,17992,5
P-1x,4380,45.125,8.34,8.30,0.0083,36912,5
P-1x,4381,45.132,6.71,6.70,0.0067,17032,5
P-1x,4382,45.138,6.37,6.39,0.0064,17032,5
P-1x,4383,45.146,7.54,7.50,0.0075,25456,5
P-1x,4384,45.152,6.45,6.49,0.0064,17032,5
P-1x,4385,45.159,6.37,6.38,0.0064,17032,5
P-1x,4386,45.165,6.77,6.73,0.0068,25456,5
P-1x,4387,45.172,6.57,6.59,0.0066,17032,5
P-1x,4388,45.179,6.42,6.41,0.0064,17032,3
P-1x,4389,45.185,7.41,7.39,0.0074,26574,3
P-1x,4390,45.191,5.96,6.00,0.0060,17032,3
P-1x,4391,45.198,6.20,6.19,0.0062,17032,3
P-1x,4392,45.204,6.21,6.19,0.0062,25752,3
P-1x,4393,45.210,6.17,6.19,0.0062,17032,3
P-1x,4394,45.217,6.15,6.12,0.0061,17032,2
P-1x,4395,45.224,7.81,7.80,0.0078,26324,2
P-1x,4396,45.231,6.88,6.90,0.0069,17032,2
P-1x,4397,45.237,6.30,6.29,0.0063,17032,2
P-1x,4398,45.245,7.45,7.41,0.0075,25456,2
P-1x,4399,45.252,7.04,7.09,0.0070,17032,2
P-1x,4400,45.258,5.87,5.89,0.0059,17032,2
P-1x,4401,45.264,6.83,6.80,0.0068,25456,2
P-1x,4402,45.271,6.55,6.52,0.0066,17032,2
P-1x,4403,45.278,6.43,6.47,0.0064,17032,2
P-1x,4404,45.284,7.17,7.11,0.0072,25456,2
P-1x,4405,45.291,6.75,6.78,0.0067,17032,2
P-1x,4406,45.298,6.27,6.30,0.0063,17032,2
P-1x,4407,45.306,8.02,7.92,0.0080,25508,2
P-1x,4408,45.312,6.37,6.48,0.0064,17032,2
P-1x,4409,45.319,6.27,6.21,0.0063,17032,2
P-1x,4410,45.326,7.39,7.39,0.0074,29056,2
P-1x,4411,45.333,6.99,7.00,0.0070,17992,2
P-1x,4412,45.340,7.07,7.08,0.0071,17992,2
P-1x,4413,45.347,7.13,7.10,0.0071,26416,2
P-1x,4414,45.353,6.16,6.20,0.0062,17992,2
P-1x,4415,45.360,6.40,6.40,0.0064,17992,2
P-1x,4416,45.366,6.68,6.63,0.0067,26416,2
P-1x,4417,45.373,6.45,6.48,0.0065,17992,2
P-1x,4418,45.380,6.97,6.99,0.0070,17992,2
P-1x,4419,45.386,7.02,7.00,0.0070,26416,2
P-1x,4420,45.393,6.80,6.79,0.0068,17992,2
P-1x,4421,45.400,6.69,6.63,0.0067,17992,2
P-1x,4422,45.406,6.50,6.57,0.0065,26416,2
P-1x,4423,45.413,6.20,6.18,0.0062,17992,2
P-1x,4424,45.419,6.15,6.13,0.0062,17992,2
P-1x,4425,45.425,6.74,6.70,0.0067,28480,2
P-1x,4426,45.431,5.10,5.17,0.0051,17032,2
P-1x,4427,45.436,4.92,4.80,0.0049,17032,2
P-1x,4428,45.440,4.90,4.99,0.0049,17032,2
P-1x,4429,45.446,5.40,5.40,0.0054,17032,2
P-1x,4430,45.451,5.32,5.31,0.0053,17032,2
P-1x,4431,45.457,5.38,5.40,0.0054,17032,2
P-1x,4432,45.462,5.49,5.49,0.0055,17288,2
P-1x,4433,45.466,4.37,4.39,0.0044,17032,2
P-1x,4434,45.472,5.24,5.21,0.0052,17032,2
P-1x,4435,45.477,5.47,5.43,0.0055,17032,2
P-1x,4436,45.483,5.43,5.46,0.0054,17032,2
P-1x,4437,45.488,5.48,5.49,0.0055,17032,2
P-1x,4438,45.493,5.00,5.00,0.0050,17032,2
P-1x,4439,45.498,5.12,5.11,0.0051,17032,2
P-1x,4440,45.504,5.71,5.69,0.0057,17084,2
P-1x,4441,45.509,4.77,4.80,0.0048,17032,2
P-1x,4442,45.513,4.90,4.90,0.0049,17032,2
P-1x,4443,45.518,4.80,4.80,0.0048,17032,2
P-1x,4444,45.524,5.20,5.20,0.0052,17032,2
P-1x,4445,45.528,4.70,4.70,0.0047,17032,2
P-1x,4446,45.534,5.39,5.31,0.0054,17032,2
P-1x,4447,45.539,4.69,4.70,0.0047,17032,2
P-1x,4448,45.544,5.35,5.39,0.0054,17032,2
P-1x,4449,45.548,4.78,4.79,0.0048,17032,2
P-1x,4450,45.553,4.71,4.70,0.0047,17032,2
P-1x,4451,45.558,4.91,4.89,0.0049,17032,2
P-1x,4452,45.563,5.39,5.40,0.0054,17032,2
P-1x,4453,45.568,4.47,4.47,0.0045,17032,2
P-1x,4454,45.573,5.12,5.11,0.0051,17032,2
P-1x,4455,45.578,5.14,5.11,0.0051,17032,2
P-1x,4456,45.584,5.66,5.69,0.0057,17032,2
P-1x,4457,45.589,4.71,4.70,0.0047,17032,2
P-1x,4458,45.594,5.52,5.51,0.0055,17032,2
P-1x,4459,45.599,4.88,4.90,0.0049,17032,2
P-1x,4460,45.604,5.26,5.29,0.0053,17032,2
P-1x,4461,45.609,4.85,4.81,0.0048,17032,2
P-1x,4462,45.614,4.90,4.90,0.0049,17032,2
P-1x,4463,45.619,4.98,4.97,0.0050,17032,2
P-1x,4464,45.624,5.59,5.61,0.0056,17032,2
P-1x,4465,45.629,4.81,4.80,0.0048,17032,2
P-1x,4466,45.635,5.31,5.24,0.0053,17032,2
P-1x,4467,45.640,5.63,5.66,0.0056,17032,2
P-1x,4468,45.645,5.17,5.19,0.0052,17032,2
P-1x,4469,45.650,4.58,4.59,0.0046,17032,2
P-1x,4470,45.656,5.73,5.72,0.0057,17032,2
P-1x,4471,45.661,5.12,5.11,0.0051,17032,2
P-1x,4472,45.666,5.41,5.38,0.0054,17032,2
P-1x,4473,45.671,4.63,4.68,0.0046,17032,2
P-1x,4474,45.676,5.11,5.10,0.0051,17032,2
P-1x,4475,45.681,4.72,4.70,0.0047,17032,2
P-1x,4476,45.685,4.73,4.72,0.0047,17032,2
P-1x,4477,45.690,4.88,4.89,0.0049,17032,2
P-1x,4478,45.695,4.89,4.90,0.0049,17032,2
P-1x,4479,45.701,5.43,5.40,0.0054,17032,2
P-1x,4480,45.706,5.00,4.99,0.0050,17084,2
P-1x,4481,45.710,4.69,4.71,0.0047,17032,2
P-1x,4482,45.715,4.69,4.67,0.0047,17032,2
P-1x,4483,45.720,5.39,5.41,0.0054,17032,2
P-1x,4484,45.726,5.22,5.22,0.0052,17032,2
P-1x,4485,45.731,5.34,5.29,0.0053,17032,2
P-1x,4486,45.736,4.84,4.88,0.0048,17032,2
P-1x,4487,45.741,5.40,5.39,0.0054,17032,2
P-1x,4488,45.746,5.24,5.21,0.0052,17032,2
P-1x,4489,45.751,4.79,4.80,0.0048,17032,2
P-1x,4490,45.756,5.04,5.06,0.0050,17032,2
P-1x,4491,45.761,4.93,4.93,0.0049,17032,2
P-1x,4492,45.766,4.91,4.90,0.0049,17032,2
P-1x,4493,45.770,4.38,4.40,0.0044,17032,2
P-1x,4494,45.776,5.14,5.10,0.0051,17032,2
P-1x,4495,45.781,5.52,5.48,0.0055,17032,2
P-1x,4496,45.786,4.65,4.70,0.0046,17032,2
P-1x,4497,45.791,4.78,4.78,0.0048,17032,2
P-1x,4498,45.795,4.71,4.72,0.0047,17032,2
P-1x,4499,45.801,5.22,5.19,0.0052,17032,2
P-1x,4500,45.805,4.88,4.90,0.0049,17032,2
P-1x,4501,45.810,4.41,4.41,0.0044,17032,2
P-1x,4502,45.815,4.91,4.91,0.0049,17032,2
P-1x,4503,45.820,4.92,4.89,0.0049,17032,2
P-1x,4504,45.824,4.68,4.69,0.0047,17032,2
P-1x,4505,45.829,4.58,4.59,0.0046,17032,2
P-1x,4506,45.834,4.84,4.81,0.0048,17032,2
P-1x,4507,45.839,5.19,5.19,0.0052,17032,2
P-1x,4508,45.844,5.10,5.09,0.0051,17032,2
P-1x,4509,45.849,4.67,4.68,0.0047,17032,2
P-1x,4510,45.853,4.81,4.81,0.0048,17032,2
P-1x,4511,45.859,5.52,5.51,0.0055,17032,2
P-1x,4512,45.864,4.65,4.67,0.0047,17032,2
P-1x,4513,45.869,4.84,4.81,0.0048,17032,2
P-1x,4514,45.873,4.98,4.99,0.0050,17032,2
P-1x,4515,45.878,4.52,4.52,0.0045,17032,2
P-1x,4516,45.883,4.98,4.98,0.0050,17032,2
P-1x,4517,45.888,5.21,5.20,0.0052,17032,2
P-1x,4518,45.893,4.93,4.91,0.0049,17032,2
P-1x,4519,45.898,4.76,4.77,0.0048,17032,2
P-1x,4520,45.903,5.11,5.12,0.0051,17032,2
P-1x,4521,45.908,4.86,4.86,0.0049,17084,2
P-1x,4522,45.913,5.13,5.13,0.0051,17032,2
P-1x,4523,45.918,4.41,4.40,0.0044,17032,1
P-1x,4524,45.923,5.52,5.51,0.0055,17900,1
P-1x,4525,45.928,5.14,5.09,0.0051,17032,1
P-1x,4526,45.933,4.88,4.88,0.0049,17032,1
P-1x,4527,45.937,4.34,4.39,0.0043,17032,1
P-1x,4528,45.943,5.52,5.52,0.0055,17032,1
P-1x,4529,45.948,4.78,4.78,0.0048,17032,1
P-1x,4530,45.952,4.75,4.72,0.0048,17032,1
P-1x,4531,45.957,4.58,4.58,0.0046,17032,1
P-1x,4532,45.962,4.65,4.69,0.0046,17032,1
P-1x,4533,45.966,4.54,4.52,0.0045,17032,1
P-1x,4534,45.971,4.80,4.80,0.0048,17032,1
P-1x,4535,45.976,4.58,4.59,0.0046,17032,1
P-1x,4536,45.980,5.02,5.00,0.0050,17032,1
P-1x,4537,45.985,4.36,4.38,0.0044,17032,1
P-1x,4538,45.989,4.01,4.00,0.0040,17032,1
P-1x,4539,45.993,4.60,4.60,0.0046,17032,1
P-1x,4540,45.998,4.54,4.51,0.0045,17032,1
P-1x,4541,46.003,5.19,5.20,0.0052,17032,1
P-1x,4542,46.007,4.25,4.29,0.0042,17032,1
P-1x,4543,46.012,4.37,4.31,0.0044,17032,1
P-1x,4544,46.017,4.68,4.69,0.0047,17032,1
P-1x,4545,46.022,5.55,5.51,0.0055,17032,1
P-1x,4546,46.027,4.65,4.70,0.0047,17032,1
P-1x,4547,46.032,4.85,4.81,0.0048,17032,1
P-1x,4548,46.036,4.48,4.49,0.0045,17032,1
P-1x,4549,46.042,5.43,5.39,0.0054,17032,1
P-1x,4550,46.046,4.98,5.01,0.0050,17032,1
P-1x,4551,46.051,4.76,4.79,0.0048,17032,1
P-1x,4552,46.056,5.08,5.08,0.0051,17032,1
P-1x,4553,46.061,4.85,4.82,0.0048,17032,1
P-1x,4554,46.066,4.78,4.78,0.0048,17032,1
P-1x,4555,46.072,5.82,5.80,0.0058,17112,1
P-1x,4556,46.077,4.88,4.89,0.0049,17072,1
P-1x,4557,46.082,5.34,5.32,0.0053,17032,1
P-1x,4558,46.087,4.96,4.99,0.0050,17032,1
P-1x,4559,46.092,4.69,4.70,0.0047,17032,1
P-1x,4560,46.097,4.91,4.90,0.0049,17032,1
P-1x,4561,46.102,5.05,5.03,0.0050,17032,1
P-1x,4562,46.107,5.02,4.76,0.0050,17032,1
P-1x,4563,46.112,4.93,5.22,0.0049,17084,1
P-1x,4564,46.116,4.07,4.09,0.0041,17032,1
P-1x,4565,46.120,4.63,4.61,0.0046,17032,1
P-1x,4566,46.125,4.88,4.82,0.0049,17032,1
P-1x,4567,46.129,4.15,4.17,0.0041,17032,1
P-1x,4568,46.133,4.16,4.20,0.0042,17032,1
P-1x,4569,46.138,4.42,4.35,0.0044,17032,1
P-1x,4570,46.143,5.06,5.06,0.0051,17032,1
P-1x,4571,46.147,4.37,4.39,0.0044,17032,1
P-1x,4572,46.152,4.85,4.86,0.0048,17032,1
P-1x,4573,46.156,4.27,4.29,0.0043,17032,1
P-1x,4574,46.161,4.57,4.52,0.0046,17032,1
P-1x,4575,46.165,4.40,4.42,0.0044,17032,1
P-1x,4576,46.170,4.35,4.38,0.0043,17032,1
P-1x,4577,46.174,4.19,4.19,0.0042,17032,1
P-1x,4578,46.178,4.09,4.10,0.0041,17032,1
P-1x,4579,46.182,4.48,4.42,0.0045,17032,1
P-1x,4580,46.187,4.47,4.49,0.0045,17032,1
P-1x,4581,46.191,4.17,4.20,0.0042,17032,1
P-1x,4582,46.196,4.19,4.11,0.0042,17032,1
P-1x,4583,46.200,4.94,4.97,0.0049,17032,1
P-1x,4584,46.205,4.60,4.61,0.0046,17032,1
P-1x,4585,46.209,3.88,3.89,0.0039,17032,1
P-1x,4586,46.213,4.61,4.60,0.0046,17032,1
P-1x,4587,46.218,4.38,4.38,0.0044,17032,1
P-1x,4588,46.222,4.66,4.62,0.0047,17032,1
P-1x,4589,46.227,4.58,4.60,0.0046,17032,1
P-1x,4590,46.232,4.83,4.81,0.0048,17032,1
P-1x,4591,46.237,5.01,5.00,0.0050,17032,0
P-3x,0,0.000,6.83,6.80,0.0205,217112,3
P-3x,1,0.006,6.83,6.79,0.0205,217310,5
P-3x,2,0.013,6.66,6.69,0.0200,216226,7
P-3x,3,0.019,6.28,6.30,0.0188,216194,9
P-3x,4,0.025,6.62,6.61,0.0199,216354,11
P-3x,5,0.032,6.35,6.38,0.0191,216034,13
P-3x,6,0.038,6.01,6.01,0.0180,216034,15
P-3x,7,0.045,6.74,6.71,0.0202,216402,17
P-3x,8,0.051,6.88,6.89,0.0207,215928,19
P-3x,9,0.058,6.49,6.50,0.0195,215352,21
P-3x,10,0.070,6.76,6.78,0.0203,215872,23
P-3x,11,0.077,11.79,11.73,0.0354,223094,25
P-3x,12,0.085,7.93,7.98,0.0238,314578,28
P-3x,13,0.093,8.30,8.29,0.0249,315916,31
P-3x,14,0.100,6.80,6.81,0.0204,217234,33
P-3x,15,0.107,7.02,6.99,0.0210,217202,35
P-3x,16,0.114,7.13,7.12,0.0214,215352,37
P-3x,17,0.121,6.76,6.79,0.0203,215392,39
P-3x,18,0.128,7.63,7.61,0.0229,282576,41
P-3x,19,0.143,7.90,7.90,0.0237,314576,44
P-3x,20,0.152,14.61,14.60,0.0438,225926,46
P-3x,21,0.161,9.65,9.59,0.0289,414526,50
P-3x,22,0.168,7.67,7.69,0.0230,315982,53
P-3x,23,0.176,7.97,8.00,0.0239,315274,56
P-3x,24,0.183,7.29,7.30,0.0219,216810,58
P-3x,25,0.191,7.20,7.20,0.0216,215392,60
P-3x,26,0.199,7.52,7.49,0.0225,215392,62
P-3x,27,0.214,9.15,9.12,0.0274,315512,65
P-3x,28,0.222,14.32,14.30,0.0430,228038,67
P-3x,29,0.233,10.22,10.27,0.0307,512388,72
P-3x,30,0.242,9.68,9.69,0.0291,317268,75
P-3x,31,0.251,8.94,8.91,0.0268,315274,78
P-3x,32,0.260,8.30,8.23,0.0249,216810,80
P-3x,33,0.269,9.89,9.95,0.0297,313936,83
P-3x,34,0.286,9.14,9.12,0.0274,315112,86
P-3x,35,0.296,16.55,16.58,0.0496,324882,89
P-3x,36,0.307,11.80,11.80,0.0354,515252,94
P-3x,37,0.318,10.53,10.52,0.0316,317268,97
P-3x,38,0.328,9.88,9.88,0.0296,315354,100
P-3x,39,0.338,10.69,10.62,0.0321,314592,103
P-3x,40,0.348,9.07,9.08,0.0272,314592,106
P-3x,41,0.366,11.16,11.19,0.0335,315120,109
P-3x,42,0.377,17.58,17.59,0.0527,327730,112
P-3x,43,0.390,12.90,12.90,0.0387,611640,118
P-3x,44,0.402,12.03,12.00,0.0361,416468,122
P-3x,45,0.413,10.91,10.90,0.0327,316700,125
P-3x,46,0.430,11.80,11.76,0.0354,315120,128
P-3x,47,0.445,18.76,18.82,0.0563,427512,132
P-3x,48,0.459,15.41,15.39,0.0462,619166,138
P-3x,49,0.473,13.71,13.71,0.0411,416468,142
P-3x,50,0.486,12.88,12.89,0.0386,415244,146
P-3x,51,0.505,12.60,12.59,0.0378,414320,150
P-3x,52,0.520,20.10,20.10,0.0603,426890,154
P-3x,53,0.536,15.64,15.63,0.0469,612926,160
P-3x,54,0.550,15.99,15.99,0.0480,515694,165
P-3x,55,0.567,15.19,15.19,0.0456,581604,170
P-3x,56,0.590,15.03,15.01,0.0451,415016,174
P-3x,57,0.606,23.88,23.88,0.0716,526332,179
P-3x,58,0.625,17.40,17.41,0.0522,712166,186
P-3x,59,0.640,16.99,16.97,0.0510,516390,191
P-3x,60,0.664,15.81,15.81,0.0474,515012,196
P-3x,61,0.683,25.02,25.01,0.0750,526772,201
P-3x,62,0.703,19.87,19.86,0.0596,712166,208
P-3x,63,0.727,18.93,18.93,0.0568,615470,214
P-3x,64,0.752,26.47,26.49,0.0794,627738,220
P-3x,65,0.775,23.59,23.53,0.0708,626076,226
P-3x,66,0.839,18.42,18.46,0.0553,36608,226
P-3x,67,0.884,73.10,73.10,0.2193,92508,226
P-3x,68,0.909,38.29,38.30,0.1149,70082,226
P-3x,69,0.930,24.02,24.00,0.0721,44768,226
P-3x,70,0.951,21.27,21.29,0.0638,25752,226
P-3x,71,0.969,20.80,20.81,0.0624,27782,226
P-3x,72,0.987,18.62,18.59,0.0559,25216,226
P-3x,73,1.006,18.27,18.29,0.0548,26352,226
P-3x,74,1.021,17.41,17.41,0.0522,27570,226
P-3x,75,1.043,15.53,15.52,0.0466,22808,226
P-3x,76,1.061,20.97,20.99,0.0629,24614,226
P-3x,77,1.081,19.82,19.81,0.0594,21660,226
P-3x,78,1.102,20.08,20.08,0.0603,27378,226
P-3x,79,1.121,18.80,18.81,0.0564,33434,226
P-3x,80,1.181,19.85,19.80,0.0595,32774,226
P-3x,81,1.226,68.12,68.12,0.2043,72940,226
P-3x,82,1.262,40.43,40.48,0.1213,67184,226
P-3x,83,1.291,36.65,36.59,0.1099,69616,226
P-3x,84,1.314,26.77,26.82,0.0803,53798,226
P-3x,85,1.353,29.00,28.97,0.0870,60376,226
P-3x,86,1.379,33.49,33.51,0.1005,109508,226
P-3x,87,1.404,25.49,25.28,0.0765,112788,226
P-3x,88,1.436,29.94,30.13,0.0898,102344,226
P-3x,89,1.462,28.81,28.80,0.0864,122202,226
P-3x,90,1.485,23.58,23.60,0.0707,131844,226
P-3x,91,1.518,24.80,24.79,0.0744,121440,226
P-3x,92,1.553,37.89,37.89,0.1137,131446,226
P-3x,93,1.583,32.36,32.33,0.0971,179406,226
P-3x,94,1.624,27.96,27.97,0.0839,191932,226
P-3x,95,1.666,48.59,48.59,0.1458,185038,226
P-3x,96,1.710,37.09,37.09,0.1113,348476,226
P-3x,97,1.752,48.15,48.12,0.1445,279636,226
P-3x,98,1.814,33.76,33.78,0.1013,324164,226
P-3x,99,1.880,68.07,68.03,0.2042,313940,226
P-3x,100,1.927,71.34,71.37,0.2140,397188,226
P-3x,101,1.993,45.08,45.10,0.1352,419992,226
P-3x,102,2.067,62.72,62.69,0.1882,296616,226
P-3x,103,2.124,79.46,79.43,0.2384,330400,226
P-3x,104,2.178,58.08,58.08,0.1742,456506,226
P-3x,105,2.231,46.23,46.28,0.1387,335602,226
P-3x,106,2.273,61.67,61.62,0.1850,265648,226
P-3x,107,2.316,32.03,32.09,0.0961,303192,226
P-3x,108,2.364,53.13,53.10,0.1594,193440,226
P-3x,109,2.421,40.81,40.81,0.1224,394722,226
P-3x,110,2.470,67.08,67.08,0.2012,249778,226
P-3x,111,2.523,41.76,41.78,0.1253,344052,226
P-3x,112,2.565,57.75,57.72,0.1733,282426,226
P-3x,113,2.609,33.71,33.71,0.1011,267344,226
P-3x,114,2.661,53.39,53.39,0.1602,207080,226
P-3x,115,2.710,41.50,41.50,0.1245,392618,226
P-3x,116,2.752,58.74,58.71,0.1762,279834,226
P-3x,117,2.789,31.18,31.18,0.0935,297380,226
P-3x,118,2.831,47.10,47.08,0.1413,217998,226
P-3x,119,2.865,35.85,35.88,0.1075,250634,226
P-3x,120,2.886,27.56,27.53,0.0827,224722,226
P-3x,121,2.917,29.76,29.78,0.0893,125608,226
P-3x,122,2.936,22.16,22.11,0.0665,153232,226
P-3x,123,2.957,19.98,20.01,0.0599,113118,226
P-3x,124,2.976,19.68,19.67,0.0590,116278,226
P-3x,125,3.004,26.66,26.62,0.0800,95834,226
P-3x,126,3.027,23.04,23.10,0.0691,149092,226
P-3x,127,3.046,20.39,20.39,0.0612,150684,226
P-3x,128,3.066,19.22,19.19,0.0577,116718,226
P-3x,129,3.083,18.40,18.41,0.0552,91776,226
P-3x,130,3.110,26.38,26.39,0.0791,99968,226
P-3x,131,3.128,18.81,18.80,0.0564,118728,226
P-3x,132,3.156,18.48,18.49,0.0555,119432,226
P-3x,133,3.181,30.20,30.19,0.0906,217644,226
P-3x,134,3.211,31.95,31.92,0.0959,161438,226
P-3x,135,3.246,20.41,20.39,0.0612,166596,226
P-3x,136,3.277,35.44,35.42,0.1063,138826,226
P-3x,137,3.302,33.09,33.16,0.0993,235792,226
P-3x,138,3.332,31.47,31.41,0.0944,166598,226
P-3x,139,3.482,53.80,54.01,0.1614,493436,226
P-3x,140,3.505,29.60,29.60,0.0888,296988,226
P-3x,141,3.522,20.31,20.31,0.0609,126792,226
P-3x,142,3.537,15.26,15.27,0.0458,98974,226
P-3x,143,3.551,15.06,15.03,0.0452,98342,226
P-3x,144,3.565,13.77,13.78,0.0413,53940,226
P-3x,145,3.578,13.56,13.59,0.0407,53332,226
P-3x,146,3.594,16.35,16.32,0.0491,53332,226
P-3x,147,3.610,13.65,13.68,0.0409,53332,226
P-3x,148,3.623,14.70,14.62,0.0441,74478,226
P-3x,149,3.644,18.60,18.66,0.0558,57284,226
P-3x,150,3.658,16.42,16.41,0.0493,80486,226
P-3x,151,3.670,12.39,12.40,0.0372,61252,226
P-3x,152,3.682,11.62,11.60,0.0348,42068,226
P-3x,153,3.701,14.57,14.59,0.0437,42120,226
P-3x,154,3.716,18.25,18.21,0.0547,52790,226
P-3x,155,3.731,14.38,14.39,0.0431,57570,226
P-3x,156,3.747,15.45,15.49,0.0464,48308,226
P-3x,157,3.761,15.45,15.41,0.0464,50256,226
P-3x,158,3.776,13.58,13.53,0.0407,41900,226
P-3x,159,3.797,16.26,16.31,0.0488,45640,226
P-3x,160,3.812,20.44,20.41,0.0613,142168,226
P-3x,161,3.824,14.73,14.74,0.0442,23642,226
P-3x,162,3.838,13.60,13.59,0.0408,21868,226
P-3x,163,3.850,11.35,11.40,0.0341,18460,226
P-3x,164,3.863,12.42,12.40,0.0373,17032,226
P-3x,165,3.872,11.69,11.69,0.0351,17800,226
P-3x,166,3.884,9.84,9.80,0.0295,17032,226
P-3x,167,3.895,11.02,11.07,0.0331,17084,226
P-3x,168,3.905,12.46,12.41,0.0374,17032,226
P-3x,169,3.917,9.48,9.50,0.0284,18856,226
P-3x,170,3.928,12.02,12.00,0.0360,17032,226
P-3x,171,3.942,12.78,12.79,0.0383,17456,226
P-3x,172,3.951,11.71,11.71,0.0351,17032,226
P-3x,173,3.962,9.01,9.01,0.0270,17032,226
P-3x,174,3.972,10.60,10.50,0.0318,17800,226
P-3x,175,3.984,11.12,11.19,0.0334,17032,226
P-3x,176,3.997,12.99,12.99,0.0390,17856,226
P-3x,177,4.008,11.12,11.10,0.0334,18772,226
P-3x,178,4.017,11.26,11.28,0.0338,18428,226
P-3x,179,4.031,11.69,11.70,0.0351,17730,226
P-3x,180,4.103,10.98,10.93,0.0329,18428,119
P-3x,181,4.119,74.65,74.59,0.2240,3218054,119
P-3x,182,4.128,13.67,13.77,0.0410,24762,119
P-3x,183,4.137,10.51,10.51,0.0315,18764,119
P-3x,184,4.146,7.71,7.70,0.0231,17032,119
P-3x,185,4.154,8.60,8.60,0.0258,17032,119
P-3x,186,4.161,7.33,7.30,0.0220,17032,119
P-3x,187,4.169,7.89,7.90,0.0237,17032,119
P-3x,188,4.176,7.26,7.20,0.0218,17032,119
P-3x,189,4.183,7.09,7.17,0.0213,17032,119
P-3x,190,4.192,8.09,8.10,0.0243,17032,119
P-3x,191,4.199,8.14,8.12,0.0244,17032,119
P-3x,192,4.207,7.19,7.19,0.0216,17032,119
P-3x,193,4.214,7.27,7.20,0.0218,17032,119
P-3x,194,4.221,6.97,7.00,0.0209,17032,119
P-3x,195,4.229,8.41,8.41,0.0252,17032,119
P-3x,196,4.237,7.26,7.28,0.0218,17032,119
P-3x,197,4.244,7.31,7.31,0.0219,17032,119
P-3x,198,4.251,6.77,6.78,0.0203,17032,119
P-3x,199,4.258,6.93,6.91,0.0208,17032,119
P-3x,200,4.265,6.97,6.98,0.0209,17032,119
P-3x,201,4.273,7.85,7.82,0.0236,17032,119
P-3x,202,4.280,6.96,6.98,0.0209,17032,119
P-3x,203,4.286,7.08,7.11,0.0212,17032,119
P-3x,204,4.294,7.32,7.29,0.0220,17032,119
P-3x,205,4.301,6.91,6.90,0.0207,17032,119
P-3x,206,4.307,6.82,6.80,0.0205,17032,119
P-3x,207,4.317,9.29,9.29,0.0279,17032,119
P-3x,208,4.324,7.07,6.94,0.0212,17084,119
P-3x,209,4.332,7.34,7.46,0.0220,17032,119
P-3x,210,4.339,7.26,7.28,0.0218,17032,119
P-3x,211,4.346,7.33,7.31,0.0220,17032,119
P-3x,212,4.353,7.30,7.30,0.0219,17032,119
P-3x,213,4.360,6.63,6.61,0.0199,17032,119
P-3x,214,4.366,6.45,6.48,0.0194,17032,119
P-3x,215,4.373,6.71,6.70,0.0201,17032,119
P-3x,216,4.380,6.60,6.60,0.0198,17032,119
P-3x,217,4.386,6.93,6.92,0.0208,17032,119
P-3x,218,4.393,6.24,6.20,0.0187,17032,119
P-3x,219,4.400,7.14,7.18,0.0214,17032,119
P-3x,220,4.407,7.30,7.28,0.0219,17032,119
P-3x,221,4.415,7.98,8.01,0.0240,17032,119
P-3x,222,4.421,6.34,6.30,0.0190,17032,119
P-3x,223,4.428,6.68,6.71,0.0200,17032,119
P-3x,224,4.435,7.00,6.98,0.0210,17032,119
P-3x,225,4.442,6.31,6.31,0.0189,17032,119
P-3x,226,4.448,7.08,7.08,0.0212,17032,119
P-3x,227,4.455,6.32,6.30,0.0190,17032,119
P-3x,228,4.461,6.78,6.80,0.0203,17032,119
P-3x,229,4.468,6.73,6.71,0.0202,17032,119
P-3x,230,4.475,6.21,6.20,0.0186,17032,119
P-3x,231,4.482,7.98,7.99,0.0239,17552,119
P-3x,232,4.490,7.17,7.19,0.0215,17730,119
P-3x,233,4.497,6.91,6.90,0.0207,17730,119
P-3x,234,4.503,6.80,6.79,0.0204,17730,119
P-3x,235,4.510,6.78,6.79,0.0203,17730,119
P-3x,236,4.517,6.52,6.50,0.0196,17730,119
P-3x,237,4.523,6.28,6.22,0.0188,17730,119
P-3x,238,4.529,6.21,6.28,0.0186,17782,119
P-3x,239,4.536,7.06,7.07,0.0212,17730,119
P-3x,240,4.543,6.28,6.23,0.0188,17730,119
P-3x,241,4.549,6.25,6.27,0.0188,17730,119
P-3x,242,4.555,6.40,6.41,0.0192,17730,119
P-3x,243,4.562,6.62,6.61,0.0199,17730,119
P-3x,244,4.569,7.18,7.19,0.0215,18154,119
P-3x,245,4.575,6.42,6.40,0.0193,17770,119
P-3x,246,4.582,6.50,6.50,0.0195,17730,119
P-3x,247,4.588,6.38,6.39,0.0191,17730,119
P-3x,248,4.595,6.51,6.49,0.0195,17730,119
P-3x,249,4.601,6.20,6.20,0.0186,17730,119
P-3x,250,4.608,6.69,6.71,0.0201,17730,119
P-3x,251,4.614,6.71,6.70,0.0201,17730,119
P-3x,252,4.621,6.38,6.39,0.0191,17730,119
P-3x,253,4.627,6.22,6.20,0.0187,17730,119
P-3x,254,4.633,6.27,6.29,0.0188,17730,119
P-3x,255,4.640,6.26,6.20,0.0188,17730,119
P-3x,256,4.646,6.20,6.18,0.0186,17730,119
P-3x,257,4.652,6.46,6.51,0.0194,17730,119
P-3x,258,4.658,6.29,6.30,0.0189,17730,119
P-3x,259,4.665,6.20,6.20,0.0186,17730,119
P-3x,260,4.670,6.12,6.10,0.0184,17730,119
P-3x,261,4.677,5.80,5.81,0.0174,17032,119
P-3x,262,4.682,5.88,5.88,0.0177,17730,119
P-3x,263,4.690,6.55,6.53,0.0197,17770,119
P-3x,264,4.697,8.37,8.37,0.0251,53852,119
P-3x,265,4.704,6.53,6.52,0.0196,17730,119
P-3x,266,4.710,6.46,6.48,0.0194,17858,119
P-3x,267,4.716,5.98,5.99,0.0179,17858,119
P-3x,268,4.723,6.65,6.61,0.0199,17730,119
P-3x,269,4.729,6.07,6.10,0.0182,18326,119
P-3x,270,4.735,5.78,5.78,0.0173,17416,119
P-3x,271,4.741,6.33,6.32,0.0190,17672,119
P-3x,272,4.748,6.94,6.90,0.0208,17032,119
P-3x,273,4.755,6.30,6.30,0.0189,17416,119
P-3x,274,4.761,6.19,6.18,0.0186,17288,119
P-3x,275,4.767,6.07,6.10,0.0182,17544,119
P-3x,276,4.773,6.79,6.78,0.0204,17416,119
P-3x,277,4.780,6.11,6.11,0.0183,17800,119
P-3x,278,4.786,6.67,6.69,0.0200,17032,119
P-3x,279,4.793,6.59,6.53,0.0198,17544,119
P-3x,280,4.799,6.55,6.58,0.0196,17416,119
P-3x,281,4.805,5.56,5.58,0.0167,17416,119
P-3x,282,4.812,7.02,7.00,0.0211,17416,119
P-3x,283,4.818,6.20,6.20,0.0186,17032,119
P-3x,284,4.823,5.70,5.70,0.0171,17032,119
P-3x,285,4.829,5.12,5.11,0.0154,17032,119
P-3x,286,4.835,6.48,6.50,0.0194,17032,119
P-3x,287,4.842,6.08,6.10,0.0182,17032,119
P-3x,288,4.848,6.42,6.40,0.0193,17032,119
P-3x,289,4.854,6.28,6.21,0.0188,17416,119
P-3x,290,4.861,6.61,6.69,0.0198,17032,119
P-3x,291,4.867,5.81,5.79,0.0174,17544,119
P-3x,292,4.873,6.24,6.21,0.0187,17160,119
P-3x,293,4.882,9.20,9.20,0.0276,17032,119
P-3x,294,4.889,6.89,6.89,0.0207,17288,119
P-3x,295,4.896,6.58,6.59,0.0197,17800,119
P-3x,296,4.902,6.73,6.71,0.0202,17032,119
P-3x,297,4.908,5.88,5.89,0.0176,17288,119
P-3x,298,4.915,6.30,6.29,0.0189,17672,119
P-3x,299,4.920,5.90,5.90,0.0177,17032,119
P-3x,300,4.926,5.38,5.39,0.0161,17032,119
P-3x,301,4.931,5.65,5.62,0.0169,17084,119
P-3x,302,4.937,5.95,5.97,0.0178,17032,119
P-3x,303,4.943,5.04,5.02,0.0151,17032,119
P-3x,304,4.948,6.17,6.18,0.0185,17032,119
P-3x,305,4.954,5.60,5.60,0.0168,17032,119
P-3x,306,4.960,6.03,6.01,0.0181,17032,119
P-3x,307,4.966,5.76,5.80,0.0173,17032,119
P-3x,308,4.972,6.53,6.50,0.0196,17552,119
P-3x,309,4.978,5.68,5.69,0.0170,17730,119
P-3x,310,4.983,5.99,5.99,0.0180,17730,119
P-3x,311,4.989,5.20,5.20,0.0156,17032,119
P-3x,312,4.996,6.05,6.01,0.0181,17730,119
P-3x,313,5.003,7.36,7.39,0.0221,21212,119
P-3x,314,5.009,6.55,6.49,0.0196,17730,119
P-3x,315,5.015,5.66,5.69,0.0170,17730,119
P-3x,316,5.021,5.79,5.80,0.0174,17730,119
P-3x,317,5.027,5.82,5.81,0.0175,17730,119
P-3x,318,5.032,5.76,5.79,0.0173,17730,119
P-3x,319,5.038,5.51,5.50,0.0165,17762,119
P-3x,320,5.043,5.81,5.81,0.0174,17032,119
P-3x,321,5.049,5.04,5.00,0.0151,17032,119
P-3x,322,5.054,5.44,5.48,0.0163,17032,119
P-3x,323,5.060,6.12,6.10,0.0184,17032,119
P-3x,324,5.066,5.58,5.59,0.0167,17032,119
P-3x,325,5.072,5.95,5.92,0.0179,17032,119
P-3x,326,5.077,5.66,5.68,0.0170,17032,119
P-3x,327,5.082,4.89,4.90,0.0147,17032,119
P-3x,328,5.088,5.53,5.51,0.0166,17032,119
P-3x,329,5.094,5.82,5.80,0.0175,17032,119
P-3x,330,5.099,5.24,5.21,0.0157,17032,119
P-3x,331,5.105,5.72,5.77,0.0171,17032,119
P-3x,332,5.110,5.77,5.71,0.0173,17032,119
P-3x,333,5.115,4.98,4.99,0.0149,17032,119
P-3x,334,5.121,5.89,5.90,0.0177,17032,119
P-3x,335,5.128,6.29,6.19,0.0189,17032,119
P-3x,336,5.133,5.88,6.00,0.0177,17084,119
P-3x,337,5.139,5.79,5.79,0.0174,17032,119
P-3x,338,5.145,5.80,5.80,0.0174,17032,119
P-3x,339,5.151,6.15,6.12,0.0185,17032,119
P-3x,340,5.156,5.87,5.89,0.0176,17032,119
P-3x,341,5.162,5.00,4.98,0.0150,17032,119
P-3x,342,5.168,6.16,6.11,0.0185,17032,119
P-3x,343,5.174,5.64,5.68,0.0169,17032,119
P-3x,344,5.179,5.49,5.51,0.0165,17032,119
P-3x,345,5.185,5.79,5.79,0.0174,17032,119
P-3x,346,5.190,5.25,5.20,0.0157,17032,119
P-3x,347,5.195,4.85,4.89,0.0145,17032,119
P-3x,348,5.202,6.24,6.21,0.0187,17032,119
P-3x,349,5.207,5.67,5.68,0.0170,17032,119
P-3x,350,5.213,5.60,5.62,0.0168,17032,119
P-3x,351,5.219,5.80,5.79,0.0174,17032,119
P-3x,352,5.223,5.49,5.49,0.0165,17032,119
P-3x,353,5.229,5.01,5.01,0.0150,17032,119
P-3x,354,5.235,6.20,6.18,0.0186,17032,119
P-3x,355,5.241,5.59,5.61,0.0168,17032,119
P-3x,356,5.247,5.92,5.89,0.0178,17032,119
P-3x,357,5.253,5.88,5.91,0.0176,17032,119
P-3x,358,5.258,5.75,5.71,0.0172,17032,119
P-3x,359,5.263,5.77,5.79,0.0173,17032,119
P-3x,360,5.269,4.78,4.78,0.0143,17032,119
P-3x,361,5.275,5.62,5.59,0.0169,17032,119
P-3x,362,5.280,5.73,5.73,0.0172,17032,119
P-3x,363,5.286,5.98,5.98,0.0179,17032,119
P-3x,364,5.292,5.65,5.68,0.0169,17032,119
P-3x,365,5.298,6.14,6.11,0.0184,17032,119
P-3x,366,5.303,5.81,5.80,0.0174,17032,119
P-3x,367,5.309,4.76,4.78,0.0143,17032,119
P-3x,368,5.315,5.88,5.83,0.0177,17032,119
P-3x,369,5.320,5.96,5.99,0.0179,17032,119
P-3x,370,5.327,6.71,6.69,0.0201,17456,119
P-3x,371,5.333,5.77,5.79,0.0173,17072,119
P-3x,372,5.339,5.54,5.51,0.0166,17084,119
P-3x,373,5.345,6.18,6.18,0.0185,17032,119
P-3x,374,5.350,5.92,5.90,0.0178,17032,119
P-3x,375,5.357,5.68,5.69,0.0170,17032,119
P-3x,376,5.363,6.89,6.90,0.0207,17032,119
P-3x,377,5.369,5.80,5.80,0.0174,17032,119
P-3x,378,5.375,6.21,6.20,0.0186,17032,119
P-3x,379,5.381,5.90,5.89,0.0177,17032,119
P-3x,380,5.387,6.07,6.11,0.0182,17032,119
P-3x,381,5.394,6.20,6.18,0.0186,17032,119
P-3x,382,5.400,6.51,6.51,0.0195,17032,119
P-3x,383,5.406,6.29,6.28,0.0189,17032,119
P-3x,384,5.413,6.22,6.22,0.0187,17032,119
P-3x,385,5.419,6.29,6.09,0.0189,17336,119
P-3x,386,5.425,5.93,6.11,0.0178,17032,119
P-3x,387,5.430,6.27,6.29,0.0188,17032,119
P-3x,388,5.437,5.43,5.42,0.0163,17032,119
P-3x,389,5.443,5.89,5.89,0.0177,17032,119
P-3x,390,5.449,6.28,6.29,0.0188,17072,119
P-3x,391,5.456,6.57,6.58,0.0197,17032,119
P-3x,392,5.462,6.54,6.52,0.0196,17032,119
P-3x,393,5.469,7.31,7.30,0.0219,17552,119
P-3x,394,5.476,6.18,6.18,0.0185,17730,119
P-3x,395,5.482,6.72,6.71,0.0202,17730,119
P-3x,396,5.489,6.57,6.51,0.0197,17730,119
P-3x,397,5.495,6.59,6.65,0.0198,18034,119
P-3x,398,5.501,6.29,6.26,0.0189,17730,119
P-3x,399,5.507,5.82,5.85,0.0175,17730,119
P-3x,400,5.513,6.11,6.12,0.0183,17730,119
P-3x,401,5.519,6.11,6.09,0.0183,17730,119
P-3x,402,5.526,6.01,6.01,0.0180,17730,119
P-3x,403,5.532,6.03,6.01,0.0181,17730,119
P-3x,404,5.536,5.64,5.67,0.0169,17730,119
P-3x,405,5.542,4.81,4.81,0.0144,17084,119
P-3x,406,5.548,6.22,6.20,0.0186,20578,119
P-3x,407,5.555,5.99,5.98,0.0180,17730,119
P-3x,408,5.561,6.39,6.41,0.0192,17730,119
P-3x,409,5.567,6.24,6.20,0.0187,18642,119
P-3x,410,5.574,6.56,6.60,0.0197,18946,119
P-3x,411,5.580,6.12,6.10,0.0184,18034,119
P-3x,412,5.586,6.21,6.20,0.0186,17730,119
P-3x,413,5.593,6.48,6.49,0.0194,17730,119
P-3x,414,5.599,6.56,6.51,0.0197,19250,119
P-3x,415,5.606,6.84,6.87,0.0205,17730,119
P-3x,416,5.612,6.58,6.61,0.0197,17730,119
P-3x,417,5.619,6.42,6.39,0.0193,17730,119
P-3x,418,5.624,5.88,5.89,0.0176,17730,119
P-3x,419,5.630,5.13,5.12,0.0154,17032,119
P-3x,420,5.637,6.94,6.92,0.0208,19250,119
P-3x,421,5.643,6.00,5.98,0.0180,17730,119
P-3x,422,5.649,6.26,6.29,0.0188,18018,119
P-3x,423,5.655,6.20,6.20,0.0186,18034,119
P-3x,424,5.661,6.20,6.20,0.0186,17730,119
P-3x,425,5.668,6.07,6.08,0.0182,20466,119
P-3x,426,5.674,6.06,6.03,0.0182,18642,119
P-3x,427,5.680,6.03,5.99,0.0181,17730,119
P-3x,428,5.686,6.35,6.38,0.0190,19378,119
P-3x,429,5.693,6.89,6.90,0.0207,29140,119
P-3x,430,5.700,6.79,6.79,0.0204,18978,119
P-3x,431,5.706,6.16,6.00,0.0185,19866,119
P-3x,432,5.712,6.64,6.80,0.0199,19074,119
P-3x,433,5.719,6.44,6.41,0.0193,18642,119
P-3x,434,5.727,6.29,6.29,0.0189,19554,119
P-3x,435,5.734,8.48,8.47,0.0255,53932,119
P-3x,436,5.740,6.31,6.31,0.0189,18946,119
P-3x,437,5.746,6.42,6.39,0.0193,21430,119
P-3x,438,5.753,6.57,6.60,0.0197,17730,119
P-3x,439,5.759,5.99,5.99,0.0180,18642,119
P-3x,440,5.765,6.51,6.42,0.0195,17762,119
P-3x,441,5.772,6.40,6.48,0.0192,17032,119
P-3x,442,5.778,6.50,6.49,0.0195,17032,119
P-3x,443,5.783,6.00,6.01,0.0180,17032,119
P-3x,444,5.789,4.70,4.70,0.0141,17032,119
P-3x,445,5.796,6.60,6.59,0.0198,18048,119
P-3x,446,5.802,6.23,6.12,0.0187,17032,119
P-3x,447,5.808,6.30,6.38,0.0189,17328,119
P-3x,448,5.815,6.79,6.79,0.0204,17032,119
P-3x,449,5.821,6.10,6.10,0.0183,19280,119
P-3x,450,5.827,6.19,6.19,0.0186,18560,119
P-3x,451,5.834,6.32,6.31,0.0190,17968,119
P-3x,452,5.840,6.21,6.20,0.0186,24664,119
P-3x,453,5.845,5.76,5.78,0.0173,17952,119
P-3x,454,5.852,6.65,6.62,0.0200,18592,119
P-3x,455,5.858,6.04,6.08,0.0181,19176,119
P-3x,456,5.863,5.96,5.93,0.0179,17032,119
P-3x,457,5.869,4.74,4.76,0.0142,17032,119
P-3x,458,5.874,5.72,5.70,0.0172,20560,119
P-3x,459,5.881,6.24,6.20,0.0187,17968,119
P-3x,460,5.887,6.25,6.30,0.0187,19688,119
P-3x,461,5.893,5.90,5.90,0.0177,18904,119
P-3x,462,5.899,5.94,5.90,0.0178,18280,119
P-3x,463,5.903,5.62,5.59,0.0169,17032,119
P-3x,464,5.909,4.84,4.90,0.0145,17032,119
P-3x,465,5.916,6.61,6.59,0.0198,18904,119
P-3x,466,5.922,5.59,5.59,0.0168,18984,119
P-3x,467,5.928,6.44,6.41,0.0193,17032,119
P-3x,468,5.934,5.85,5.88,0.0175,19312,119
P-3x,469,5.940,6.21,6.20,0.0186,17032,119
P-3x,470,5.946,5.83,5.82,0.0175,17084,119
P-3x,471,5.952,6.59,6.58,0.0198,17032,119
P-3x,472,5.960,7.00,7.00,0.0210,18192,119
P-3x,473,5.966,6.89,6.89,0.0207,18650,119
P-3x,474,5.973,6.25,6.21,0.0187,20922,119
P-3x,475,5.979,6.15,6.19,0.0184,18346,119
P-3x,476,5.984,6.00,5.99,0.0180,17730,119
P-3x,477,5.990,5.38,5.40,0.0161,17032,119
P-3x,478,5.996,6.32,6.31,0.0190,19874,119
P-3x,479,6.003,6.22,6.20,0.0187,19898,119
P-3x,480,6.009,6.03,6.00,0.0181,20210,119
P-3x,481,6.015,6.26,6.28,0.0188,19570,119
P-3x,482,6.021,5.79,5.80,0.0174,18954,119
P-3x,483,6.027,5.99,5.99,0.0180,22714,119
P-3x,484,6.032,5.90,5.92,0.0177,19266,119
P-3x,485,6.038,5.81,5.80,0.0174,20506,119
P-3x,486,6.045,6.32,6.31,0.0190,19282,119
P-3x,487,6.050,6.08,6.09,0.0182,20202,119
P-3x,488,6.056,5.30,5.29,0.0159,17032,119
P-3x,489,6.062,5.83,5.81,0.0175,19266,119
P-3x,490,6.068,6.29,6.30,0.0189,18354,119
P-3x,491,6.074,6.08,6.09,0.0182,18978,119
P-3x,492,6.081,6.52,6.50,0.0196,21082,119
P-3x,493,6.088,6.94,6.98,0.0208,27564,119
P-3x,494,6.095,7.40,7.38,0.0222,27372,119
P-3x,495,6.102,6.76,6.75,0.0203,20234,119
P-3x,496,6.108,6.07,6.09,0.0182,18970,119
P-3x,497,6.114,5.74,5.69,0.0172,17730,119
P-3x,498,6.119,5.70,5.70,0.0171,18666,119
P-3x,499,6.125,5.90,5.90,0.0177,17730,119
P-3x,500,6.131,6.28,6.29,0.0188,18370,119
P-3x,501,6.136,5.57,5.59,0.0167,17032,119
P-3x,502,6.142,4.45,4.42,0.0133,17032,119
P-3x,503,6.147,6.09,6.09,0.0183,21644,119
P-3x,504,6.153,6.09,6.09,0.0183,17032,119
P-3x,505,6.160,5.93,5.82,0.0178,18552,119
P-3x,506,6.166,6.47,6.59,0.0194,17032,119
P-3x,507,6.172,6.06,6.00,0.0182,17032,119
P-3x,508,6.178,5.81,5.87,0.0174,21712,119
P-3x,509,6.183,5.77,5.72,0.0173,17032,119
P-3x,510,6.189,4.93,4.98,0.0148,17032,119
P-3x,511,6.195,6.65,6.62,0.0200,19576,119
P-3x,512,6.202,6.56,6.58,0.0197,18904,119
P-3x,513,6.208,6.11,6.11,0.0183,20816,119
P-3x,514,6.214,6.47,6.42,0.0194,17672,119
P-3x,515,6.221,6.22,6.26,0.0187,19960,119
P-3x,516,6.227,6.25,6.22,0.0188,18952,119
P-3x,517,6.233,5.96,6.00,0.0179,18552,119
P-3x,518,6.238,5.54,5.58,0.0166,19912,119
P-3x,519,6.245,6.34,6.31,0.0190,17032,119
P-3x,520,6.250,5.98,5.98,0.0180,18312,119
P-3x,521,6.256,5.42,5.41,0.0163,17032,119
P-3x,522,6.262,5.71,5.71,0.0171,18952,119
P-3x,523,6.267,5.51,5.50,0.0165,19216,119
P-3x,524,6.273,5.77,5.80,0.0173,19512,119
P-3x,525,6.279,5.93,5.90,0.0178,17032,119
P-3x,526,6.285,6.09,6.09,0.0183,17032,119
P-3x,527,6.290,5.88,5.91,0.0176,17032,119
P-3x,528,6.296,5.09,5.08,0.0153,17032,119
P-3x,529,6.302,5.92,5.91,0.0178,18248,119
P-3x,530,6.308,5.71,5.69,0.0171,17032,119
P-3x,531,6.314,5.83,5.83,0.0175,17032,119
P-3x,532,6.320,6.37,6.37,0.0191,17032,119
P-3x,533,6.326,5.90,5.90,0.0177,18592,119
P-3x,534,6.332,6.26,6.21,0.0188,17032,119
P-3x,535,6.337,5.69,5.75,0.0171,17672,119
P-3x,536,6.342,4.51,4.45,0.0135,17032,119
P-3x,537,6.348,5.66,5.68,0.0170,20828,119
P-3x,538,6.353,5.50,5.50,0.0165,18592,119
P-3x,539,6.359,5.67,5.69,0.0170,17672,119
P-3x,540,6.365,6.17,6.18,0.0185,17032,119
P-3x,541,6.370,5.62,5.59,0.0169,17032,119
P-3x,542,6.376,4.97,5.00,0.0149,17032,119
P-3x,543,6.382,5.93,5.92,0.0178,18944,119
P-3x,544,6.388,5.91,5.89,0.0177,18592,119
P-3x,545,6.394,6.08,6.09,0.0182,17032,119
P-3x,546,6.402,8.13,8.12,0.0244,19112,119
P-3x,547,6.408,5.99,6.00,0.0180,19840,119
P-3x,548,6.414,6.46,6.42,0.0194,19760,119
P-3x,549,6.420,5.94,5.99,0.0178,19760,119
P-3x,550,6.426,5.88,5.88,0.0176,21008,119
P-3x,551,6.432,6.10,6.10,0.0183,20072,119
P-3x,552,6.438,6.10,6.09,0.0183,24320,119
P-3x,553,6.445,6.29,6.29,0.0189,19760,119
P-3x,554,6.452,7.32,7.30,0.0220,20320,119
P-3x,555,6.461,6.07,6.09,0.0182,20458,119
P-3x,556,6.471,9.35,9.33,0.0280,27960,119
P-3x,557,6.479,10.89,10.88,0.0327,32182,119
P-3x,558,6.486,8.17,8.17,0.0245,28582,119
P-3x,559,6.493,6.81,6.74,0.0204,20458,119
P-3x,560,6.500,6.39,6.48,0.0192,22098,119
P-3x,561,6.507,7.20,7.19,0.0216,20720,119
P-3x,562,6.514,6.63,6.62,0.0199,21050,119
P-3x,563,6.520,6.49,6.50,0.0195,18724,119
P-3x,564,6.526,6.34,6.29,0.0190,18412,119
P-3x,565,6.532,6.17,6.21,0.0185,18732,119
P-3x,566,6.538,5.85,5.87,0.0176,18732,119
P-3x,567,6.545,6.67,6.62,0.0200,19036,119
P-3x,568,6.552,6.65,6.60,0.0199,18464,119
P-3x,569,6.557,6.03,6.09,0.0181,18412,119
P-3x,570,6.564,5.83,5.80,0.0175,17032,119
P-3x,571,6.570,6.62,6.60,0.0199,25644,119
P-3x,572,6.577,6.95,6.99,0.0208,18412,119
P-3x,573,6.583,6.18,6.19,0.0185,18412,119
P-3x,574,6.590,6.48,6.49,0.0194,18412,119
P-3x,575,6.596,6.22,6.20,0.0187,18412,119
P-3x,576,6.602,6.42,6.42,0.0193,18412,119
P-3x,577,6.609,6.02,6.00,0.0181,18412,119
P-3x,578,6.615,6.46,6.49,0.0194,18412,119
P-3x,579,6.621,6.49,6.50,0.0195,18540,119
P-3x,580,6.628,6.41,6.40,0.0192,21388,119
P-3x,581,6.634,6.10,6.10,0.0183,18716,119
P-3x,582,6.640,6.28,6.30,0.0188,18732,119
P-3x,583,6.646,5.83,5.80,0.0175,18412,119
P-3x,584,6.652,6.53,6.52,0.0196,20276,119
P-3x,585,6.659,6.26,6.27,0.0188,20012,119
P-3x,586,6.665,6.45,6.42,0.0193,18412,119
P-3x,587,6.671,6.05,6.07,0.0182,20772,119
P-3x,588,6.678,6.72,6.70,0.0202,19036,119
P-3x,589,6.683,5.95,5.99,0.0179,18412,119
P-3x,590,6.692,6.39,6.39,0.0192,17552,119
P-3x,591,6.699,8.18,8.13,0.0245,97056,119
P-3x,592,6.705,6.96,6.98,0.0209,23484,119
P-3x,593,6.712,6.30,6.30,0.0189,20030,119
P-3x,594,6.718,6.63,6.58,0.0199,20350,119
P-3x,595,6.723,5.96,6.01,0.0179,20998,119
P-3x,596,6.730,5.40,5.39,0.0162,17064,119
P-3x,597,6.736,6.68,6.67,0.0200,20268,119
P-3x,598,6.742,5.98,6.01,0.0179,18708,119
P-3x,599,6.749,6.34,6.30,0.0190,19020,119
P-3x,600,6.755,6.09,6.11,0.0183,18448,119
P-3x,601,6.762,6.51,6.50,0.0195,20596,119
P-3x,602,6.768,7.03,7.02,0.0211,19480,119
P-3x,603,6.774,6.17,6.19,0.0185,21916,119
P-3x,604,6.781,6.36,6.30,0.0191,19036,119
P-3x,605,6.787,6.23,6.27,0.0187,19348,119
P-3x,606,6.794,6.44,6.42,0.0193,21236,119
P-3x,607,6.800,6.99,7.00,0.0210,23796,119
P-3x,608,6.807,6.29,6.28,0.0189,19840,119
P-3x,609,6.813,6.54,6.53,0.0196,20998,119
P-3x,610,6.819,5.83,5.87,0.0175,19710,119
P-3x,611,6.825,5.82,5.81,0.0175,20038,119
P-3x,612,6.832,7.19,7.18,0.0216,19078,119
P-3x,613,6.840,7.85,7.82,0.0235,21158,119
P-3x,614,6.847,6.30,6.29,0.0189,22590,119
P-3x,615,6.854,7.14,7.11,0.0214,22870,119
P-3x,616,6.864,6.84,6.87,0.0205,22806,119
P-3x,617,6.870,9.98,9.92,0.0299,31502,119
P-3x,618,6.878,7.41,7.46,0.0222,24784,119
P-3x,619,6.886,7.65,7.62,0.0229,22966,119
P-3x,620,6.894,8.44,8.48,0.0253,31264,119
P-3x,621,6.901,6.82,6.81,0.0205,25308,119
P-3x,622,6.907,6.57,6.51,0.0197,24012,119
P-3x,623,6.921,7.13,7.18,0.0214,22488,119
P-3x,624,6.937,14.51,14.49,0.0435,31052,119
P-3x,625,6.947,17.18,17.20,0.0515,37848,119
P-3x,626,6.967,9.47,9.40,0.0284,39028,119
P-3x,627,6.977,19.96,19.99,0.0599,39722,119
P-3x,628,6.996,9.77,9.79,0.0293,35654,119
P-3x,629,7.006,19.75,19.72,0.0593,41008,119
P-3x,630,7.016,10.97,10.97,0.0329,29908,119
P-3x,631,7.024,8.29,8.31,0.0249,19406,119
P-3x,632,7.035,10.15,10.10,0.0305,20606,119
P-3x,633,7.044,9.43,9.48,0.0283,21156,119
P-3x,634,7.052,7.92,7.92,0.0238,19094,119
P-3x,635,7.060,8.50,8.49,0.0255,21156,119
P-3x,636,7.067,7.01,7.01,0.0210,19094,119
P-3x,637,7.077,7.53,7.50,0.0226,19094,119
P-3x,638,7.086,10.68,10.68,0.0320,26068,119
P-3x,639,7.094,8.57,8.60,0.0257,21156,119
P-3x,640,7.102,7.64,7.61,0.0229,19094,119
P-3x,641,7.110,7.86,7.80,0.0236,19094,119
P-3x,642,7.117,7.59,7.69,0.0228,20814,119
P-3x,643,7.126,7.73,7.70,0.0232,19290,119
P-3x,644,7.134,8.53,8.51,0.0256,19364,119
P-3x,645,7.141,7.77,7.79,0.0233,19602,119
P-3x,646,7.149,7.86,7.83,0.0236,18666,119
P-3x,647,7.157,7.79,7.79,0.0234,20850,119
P-3x,648,7.165,7.94,7.98,0.0238,19038,119
P-3x,649,7.173,8.59,8.60,0.0258,20308,119
P-3x,650,7.181,7.50,7.48,0.0225,18666,119
P-3x,651,7.189,8.32,8.32,0.0250,18042,119
P-3x,652,7.197,7.69,7.68,0.0231,18354,119
P-3x,653,7.208,8.08,8.09,0.0242,17730,118
P-3x,654,7.217,12.33,12.29,0.0370,114678,118
P-3x,655,7.226,7.83,7.82,0.0235,17730,118
P-3x,656,7.236,11.39,11.40,0.0342,18740,118
P-3x,657,7.244,7.77,7.78,0.0233,17730,118
P-3x,658,7.253,8.30,8.29,0.0249,19322,118
P-3x,659,7.261,8.12,8.11,0.0244,17344,118
P-3x,660,7.269,8.11,8.09,0.0243,17344,118
P-3x,661,7.277,8.08,8.10,0.0242,17032,118
P-3x,662,7.285,7.98,7.99,0.0239,17032,118
P-3x,663,7.293,8.59,8.60,0.0258,17032,118
P-3x,664,7.301,7.60,7.60,0.0228,17032,118
P-3x,665,7.308,6.95,6.91,0.0208,17032,118
P-3x,666,7.316,7.85,7.88,0.0235,17032,118
P-3x,667,7.324,7.91,7.91,0.0237,17968,118
P-3x,668,7.332,7.88,7.89,0.0236,17032,118
P-3x,669,7.340,8.64,8.60,0.0259,17032,118
P-3x,670,7.348,7.79,7.81,0.0234,17032,118
P-3x,671,7.357,8.64,8.59,0.0259,17032,118
P-3x,672,7.365,7.88,7.90,0.0236,17344,118
P-3x,673,7.373,8.57,8.60,0.0257,17084,118
P-3x,674,7.382,8.68,8.60,0.0261,17032,118
P-3x,675,7.390,8.43,8.51,0.0253,17032,118
P-3x,676,7.399,8.35,8.36,0.0250,17656,118
P-3x,677,7.407,8.16,8.13,0.0245,17064,118
P-3x,678,7.415,8.20,8.19,0.0246,17032,118
P-3x,679,7.422,7.36,7.09,0.0221,17032,118
P-3x,680,7.429,7.09,7.38,0.0213,17032,118
P-3x,681,7.438,8.34,8.31,0.0250,17552,118
P-3x,682,7.446,7.65,7.69,0.0230,17730,118
P-3x,683,7.454,8.44,8.40,0.0253,18740,118
P-3x,684,7.461,7.33,7.31,0.0220,17730,118
P-3x,685,7.468,7.38,7.39,0.0221,17730,118
P-3x,686,7.476,7.20,7.21,0.0216,17730,118
P-3x,687,7.483,7.16,7.18,0.0215,18042,118
P-3x,688,7.491,7.81,7.80,0.0234,17730,118
P-3x,689,7.499,7.41,7.40,0.0222,18034,118
P-3x,690,7.507,8.22,8.21,0.0247,18428,118
P-3x,691,7.514,7.78,7.78,0.0233,19290,118
P-3x,692,7.522,7.81,7.79,0.0234,17730,118
P-3x,693,7.530,7.80,7.81,0.0234,18042,118
P-3x,694,7.538,7.98,7.99,0.0239,17730,118
P-3x,695,7.546,7.69,7.71,0.0231,17730,118
P-3x,696,7.553,8.11,8.10,0.0243,18428,118
P-3x,697,7.561,7.30,7.30,0.0219,19602,118
P-3x,698,7.569,7.81,7.80,0.0234,17730,118
P-3x,699,7.576,7.39,7.41,0.0222,17782,118
P-3x,700,7.583,7.27,7.28,0.0218,17730,118
P-3x,701,7.591,7.61,7.60,0.0228,19290,118
P-3x,702,7.599,7.50,7.49,0.0225,17730,118
P-3x,703,7.606,7.60,7.60,0.0228,18428,118
P-3x,704,7.614,7.63,7.62,0.0229,17730,118
P-3x,705,7.621,7.28,7.28,0.0218,17730,118
P-3x,706,7.629,7.72,7.69,0.0231,19602,118
P-3x,707,7.636,7.79,7.81,0.0234,19874,118
P-3x,708,7.644,7.47,7.47,0.0224,18042,118
P-3x,709,7.653,8.03,8.02,0.0241,17730,118
P-3x,710,7.660,8.10,8.09,0.0243,22116,118
P-3x,711,7.667,7.32,7.31,0.0219,20010,118
P-3x,712,7.674,6.87,6.87,0.0206,18042,118
P-3x,713,7.682,7.35,7.32,0.0220,18642,118
P-3x,714,7.689,7.53,7.51,0.0226,19554,118
P-3x,715,7.697,7.33,7.38,0.0220,17730,118
P-3x,716,7.705,8.11,8.11,0.0243,18642,118
P-3x,717,7.713,8.00,7.98,0.0240,21212,118
P-3x,718,7.720,7.39,7.40,0.0222,18642,118
P-3x,719,7.727,7.25,7.22,0.0217,17730,118
P-3x,720,7.735,7.49,7.48,0.0225,17730,118
P-3x,721,7.742,7.05,7.10,0.0212,17730,118
P-3x,722,7.749,7.58,7.57,0.0228,18050,118
P-3x,723,7.756,7.22,7.22,0.0216,18034,118
P-3x,724,7.763,7.00,7.00,0.0210,17730,118
P-3x,725,7.771,7.01,6.98,0.0210,19650,118
P-3x,726,7.779,8.10,8.12,0.0243,20440,118
P-3x,727,7.786,7.91,7.88,0.0237,18428,118
P-3x,728,7.793,6.46,6.50,0.0194,18034,118
P-3x,729,7.800,7.15,7.12,0.0215,17730,118
P-3x,730,7.808,6.68,6.69,0.0200,23610,118
P-3x,731,7.815,8.09,8.08,0.0243,26220,118
P-3x,732,7.822,6.80,6.80,0.0204,19330,118
P-3x,733,7.828,6.40,6.40,0.0192,17730,118
P-3x,734,7.834,6.30,6.30,0.0189,17730,118
P-3x,735,7.841,6.82,6.80,0.0204,17730,118
P-3x,736,7.848,6.50,6.49,0.0195,17762,118
P-3x,737,7.853,5.89,5.90,0.0177,18936,118
P-3x,738,7.860,6.50,6.48,0.0195,17640,118
P-3x,739,7.866,6.30,6.30,0.0189,17032,118
P-3x,740,7.873,6.39,6.40,0.0192,17032,118
P-3x,741,7.879,6.46,6.42,0.0194,17944,118
P-3x,742,7.885,6.07,6.08,0.0182,17032,118
P-3x,743,7.892,6.50,6.50,0.0195,18632,118
P-3x,744,7.898,6.50,6.49,0.0195,17032,118
P-3x,745,7.906,7.52,7.51,0.0226,18768,118
P-3x,746,7.912,6.57,6.59,0.0197,17754,118
P-3x,747,7.919,6.10,6.02,0.0183,18994,118
P-3x,748,7.926,7.04,7.08,0.0211,18842,118
P-3x,749,7.932,6.35,6.38,0.0191,18716,118
P-3x,750,7.938,6.32,6.31,0.0190,18412,118
P-3x,751,7.945,6.81,6.78,0.0204,19052,118
P-3x,752,7.952,6.70,6.70,0.0201,18412,118
P-3x,753,7.958,6.61,6.62,0.0198,18412,118
P-3x,754,7.965,6.70,6.69,0.0201,20332,118
P-3x,755,7.977,11.71,11.69,0.0351,25556,118
P-3x,756,7.984,7.47,7.51,0.0224,27192,118
P-3x,757,7.992,7.00,7.00,0.0210,26836,118
P-3x,758,7.999,7.72,7.70,0.0232,36640,118
P-3x,759,8.007,7.78,7.79,0.0233,26836,118
P-3x,760,8.014,7.25,7.20,0.0218,26836,118
P-3x,761,8.021,6.99,7.02,0.0210,27140,118
P-3x,762,8.028,7.34,7.38,0.0220,26836,118
P-3x,763,8.035,7.22,7.20,0.0217,26836,118
P-3x,764,8.044,7.24,7.22,0.0217,26836,118
P-3x,765,8.050,7.59,7.58,0.0228,27608,118
P-3x,766,8.057,6.75,6.73,0.0202,26836,118
P-3x,767,8.064,6.98,6.97,0.0209,30996,118
P-3x,768,8.071,6.84,6.89,0.0205,27140,118
P-3x,769,8.079,7.46,7.49,0.0224,26836,118
P-3x,770,8.086,8.03,8.02,0.0241,37024,118
P-3x,771,8.093,7.08,7.08,0.0212,26154,118
P-3x,772,8.102,8.00,8.00,0.0240,26674,118
P-3x,773,8.116,13.62,13.59,0.0408,34948,118
P-3x,774,8.123,8.26,8.29,0.0248,53488,118
P-3x,775,8.132,7.71,7.70,0.0231,38084,118
P-3x,776,8.141,9.51,9.50,0.0285,53488,118
P-3x,777,8.149,8.00,8.01,0.0240,37132,118
P-3x,778,8.156,7.33,7.30,0.0220,36500,118
P-3x,779,8.166,9.75,9.78,0.0292,37364,118
P-3x,780,8.174,8.03,8.00,0.0241,60816,118
P-3x,781,8.181,7.49,7.50,0.0225,40172,118
P-3x,782,8.189,7.63,7.62,0.0229,38040,118
P-3x,783,8.197,7.38,7.39,0.0221,38924,118
P-3x,784,8.214,15.30,15.28,0.0459,47406,118
P-3x,785,8.225,12.81,12.80,0.0384,109406,118
P-3x,786,8.235,9.49,9.49,0.0285,49296,118
P-3x,787,8.244,9.27,9.30,0.0278,80960,118
P-3x,788,8.256,10.33,10.31,0.0310,50112,118
P-3x,789,8.277,12.52,12.51,0.0376,84742,118
P-3x,790,8.289,21.55,21.57,0.0647,106196,118
P-3x,791,8.301,12.53,12.53,0.0376,119132,118
P-3x,792,8.318,17.32,17.29,0.0519,93684,118
P-3x,793,8.329,11.09,11.09,0.0333,81588,118
P-3x,794,8.339,9.89,9.91,0.0297,78684,118
P-3x,795,8.351,11.31,11.22,0.0339,77748,118
P-3x,796,8.363,12.20,12.26,0.0366,50328,118
P-3x,797,8.374,11.33,11.32,0.0340,81132,118
P-3x,798,8.383,9.89,9.90,0.0297,79004,118
P-3x,799,8.393,9.13,9.18,0.0274,50530,118
P-3x,800,8.409,16.24,16.21,0.0487,85988,118
P-3x,801,8.420,10.65,10.60,0.0320,90752,118
P-3x,802,8.430,11.04,11.09,0.0331,89232,118
P-3x,803,8.443,12.38,12.42,0.0372,56630,118
P-3x,804,8.453,10.30,10.28,0.0309,96356,118
P-3x,805,8.462,9.12,9.11,0.0274,78404,118
P-3x,806,8.472,9.17,9.18,0.0275,46042,118
P-3x,807,8.481,9.96,9.91,0.0299,74428,118
P-3x,808,8.493,10.62,10.68,0.0319,48802,118
P-3x,809,8.513,16.68,16.62,0.0500,84396,118
P-3x,810,8.526,14.75,14.77,0.0443,104166,118
P-3x,811,8.539,13.35,13.35,0.0400,96626,118
P-3x,812,8.553,13.75,13.76,0.0412,101480,118
P-3x,813,8.564,13.28,13.28,0.0398,105478,118
P-3x,814,8.579,10.22,10.21,0.0307,76792,118
P-3x,815,8.592,16.57,16.51,0.0497,84642,118
P-3x,816,8.617,21.92,21.88,0.0657,85180,118
P-3x,817,8.631,16.76,16.81,0.0503,177518,118
P-3x,818,8.644,14.30,14.29,0.0429,93324,118
P-3x,819,8.656,10.98,11.00,0.0329,91428,118
P-3x,820,8.668,12.58,12.58,0.0377,71876,118
P-3x,821,8.681,11.31,11.30,0.0339,70628,118
P-3x,822,8.692,13.26,13.28,0.0398,76654,118
P-3x,823,8.710,17.88,17.83,0.0536,83828,118
P-3x,824,8.734,11.24,11.28,0.0337,95568,118
P-3x,825,8.756,28.22,28.21,0.0847,429254,118
P-3x,826,8.770,20.05,19.99,0.0602,168278,118
P-3x,827,8.788,15.87,15.90,0.0476,131614,118
P-3x,828,8.800,14.30,14.28,0.0429,111506,118
P-3x,829,8.821,20.34,20.33,0.0610,96894,118
P-3x,830,8.836,15.63,15.66,0.0469,139046,118
P-3x,831,8.849,12.38,12.40,0.0371,98560,118
P-3x,832,8.866,11.97,11.92,0.0359,81146,118
P-3x,833,8.880,18.89,18.88,0.0567,96980,118
P-3x,834,8.892,12.00,12.01,0.0360,110120,118
P-3x,835,8.907,13.58,13.60,0.0407,50934,118
P-3x,836,8.922,16.22,16.20,0.0487,83898,118
P-3x,837,8.935,12.76,12.77,0.0383,102220,118
P-3x,838,8.946,12.87,12.90,0.0386,73298,118
P-3x,839,8.960,13.77,13.72,0.0413,108526,118
P-3x,840,8.979,18.40,18.40,0.0552,59476,118
P-3x,841,8.990,12.61,12.58,0.0378,95254,118
P-3x,842,9.004,12.86,12.88,0.0386,60756,118
P-3x,843,9.016,11.86,11.80,0.0356,70920,118
P-3x,844,9.028,11.90,11.91,0.0357,75266,118
P-3x,845,9.040,12.84,12.88,0.0385,70390,118
P-3x,846,9.054,13.71,13.69,0.0411,117426,118
P-3x,847,9.074,18.68,18.61,0.0560,58788,118
P-3x,848,9.086,12.68,12.71,0.0381,94942,118
P-3x,849,9.097,12.62,12.69,0.0379,69188,118
P-3x,850,9.109,11.15,11.10,0.0334,42300,118
P-3x,851,9.122,12.59,12.59,0.0378,85846,118
P-3x,852,9.134,11.76,11.80,0.0353,68752,118
P-3x,853,9.144,10.92,10.90,0.0328,68528,118
P-3x,854,9.155,9.95,9.91,0.0298,44444,118
P-3x,855,9.164,9.74,9.77,0.0292,52124,118
P-3x,856,9.174,9.63,9.61,0.0289,34578,118
P-3x,857,9.184,10.29,10.28,0.0309,52124,118
P-3x,858,9.194,9.56,9.52,0.0287,34578,118
P-3x,859,9.204,10.51,10.55,0.0315,52124,118
P-3x,860,9.214,9.51,9.43,0.0285,34630,118
P-3x,861,9.223,9.63,9.68,0.0289,52124,118
P-3x,862,9.236,10.06,10.11,0.0302,34578,118
P-3x,863,9.246,12.46,12.47,0.0374,56814,118
P-3x,864,9.264,18.21,18.19,0.0546,59148,118
P-3x,865,9.276,11.95,11.93,0.0358,72664,118
P-3x,866,9.289,12.88,12.89,0.0386,97118,118
P-3x,867,9.300,10.93,10.89,0.0328,70280,118
P-3x,868,9.310,10.92,10.91,0.0328,71264,118
P-3x,869,9.321,10.60,10.59,0.0318,35098,118
P-3x,870,9.335,11.44,11.41,0.0343,60306,118
P-3x,871,9.356,21.59,21.66,0.0648,67524,118
P-3x,872,9.372,15.72,15.70,0.0472,122928,118
P-3x,873,9.384,13.44,13.40,0.0403,95730,118
P-3x,874,9.395,11.46,11.50,0.0344,80264,118
P-3x,875,9.435,12.94,12.91,0.0388,90858,118
P-3x,876,9.454,43.64,43.30,0.1309,93008,118
P-3x,877,9.474,16.85,17.19,0.0505,156292,118
P-3x,878,9.489,18.85,18.87,0.0565,121226,118
P-3x,879,9.506,14.55,14.53,0.0436,82014,118
P-3x,880,9.519,16.77,16.78,0.0503,65494,118
P-3x,881,9.532,12.72,12.70,0.0381,82106,118
P-3x,882,9.544,12.47,12.49,0.0374,41632,118
P-3x,883,9.556,11.63,11.59,0.0349,56376,118
P-3x,884,9.568,12.37,12.41,0.0371,56868,118
P-3x,885,9.581,12.99,12.90,0.0390,91930,118
P-3x,886,9.592,10.94,11.00,0.0328,55480,118
P-3x,887,9.601,10.32,10.29,0.0309,54276,118
P-3x,888,9.611,8.52,8.44,0.0256,26836,118
P-3x,889,9.623,12.49,12.56,0.0375,53724,118
P-3x,890,9.633,10.15,10.09,0.0304,36944,118
P-3x,891,9.645,11.81,11.89,0.0354,65198,118
P-3x,892,9.655,10.15,10.12,0.0304,29268,118
P-3x,893,9.667,11.01,10.98,0.0330,46578,118
P-3x,894,9.678,12.11,12.11,0.0363,44490,118
P-3x,895,9.687,9.42,9.47,0.0282,28254,118
P-3x,896,9.706,17.73,17.71,0.0532,39018,118
P-3x,897,9.717,11.80,11.79,0.0354,49128,118
P-3x,898,9.729,10.15,10.12,0.0304,26858,118
P-3x,899,9.740,13.04,13.09,0.0391,46266,118
P-3x,900,9.749,9.79,9.79,0.0294,33880,118
P-3x,901,9.759,9.22,9.20,0.0276,27016,118
P-3x,902,9.768,9.36,9.34,0.0281,34200,118
P-3x,903,9.777,9.34,9.37,0.0280,25576,118
P-3x,904,9.795,16.54,16.50,0.0496,34618,118
P-3x,905,9.809,13.88,13.90,0.0416,160504,117
P-3x,906,9.820,10.62,10.59,0.0319,51204,117
P-3x,907,9.834,14.74,14.78,0.0442,58124,117
P-3x,908,9.849,12.40,12.39,0.0372,69198,113
P-3x,909,9.860,13.25,13.22,0.0397,70838,113
P-3x,910,9.872,12.63,12.60,0.0379,103710,112
P-3x,911,9.884,12.12,12.17,0.0364,56064,112
P-3x,912,9.904,18.40,18.41,0.0552,47752,112
P-3x,913,9.932,14.12,14.11,0.0424,102840,112
P-3x,914,9.951,29.14,29.10,0.0874,98978,112
P-3x,915,9.975,20.45,20.47,0.0613,183308,111
P-3x,916,9.990,23.41,23.41,0.0702,142272,111
P-3x,917,10.015,23.97,23.91,0.0719,203770,107
P-3x,918,10.031,15.86,15.88,0.0476,153096,107
P-3x,919,10.047,16.66,16.70,0.0500,102506,107
P-3x,920,10.061,14.41,14.40,0.0432,139600,101
P-3x,921,10.078,13.13,13.11,0.0394,64804,97
P-3x,922,10.091,17.48,17.51,0.0524,103406,97
P-3x,923,10.116,23.35,23.28,0.0701,90146,96
P-3x,924,10.131,14.84,14.89,0.0445,141400,96
P-3x,925,10.144,15.29,15.29,0.0459,92924,96
P-3x,926,10.159,12.70,12.73,0.0381,63832,96
P-3x,927,10.171,14.11,14.09,0.0423,67116,96
P-3x,928,10.186,13.98,13.99,0.0419,64168,96
P-3x,929,10.209,22.55,22.53,0.0677,100534,96
P-3x,930,10.224,14.46,14.47,0.0434,119806,96
P-3x,931,10.237,14.66,14.59,0.0440,88614,96
P-3x,932,10.250,12.95,13.01,0.0388,70900,96
P-3x,933,10.263,10.70,10.69,0.0321,71120,96
P-3x,934,10.274,13.63,13.61,0.0409,75718,96
P-3x,935,10.297,21.87,21.88,0.0656,76596,96
P-3x,936,10.314,13.10,13.10,0.0393,127894,96
P-3x,937,10.327,16.81,16.81,0.0504,93160,96
P-3x,938,10.344,16.62,16.60,0.0498,202998,83
P-3x,939,10.360,13.10,13.10,0.0393,79032,83
P-3x,940,10.372,15.77,15.79,0.0473,81692,83
P-3x,941,10.390,13.97,13.90,0.0419,107826,83
P-3x,942,10.415,28.41,28.49,0.0852,116010,83
P-3x,943,10.434,18.85,18.83,0.0566,182626,83
P-3x,944,10.447,14.57,14.58,0.0437,134924,83
P-3x,945,10.464,12.16,12.18,0.0365,85920,83
P-3x,946,10.476,17.04,17.02,0.0511,80848,83
P-3x,947,10.504,21.59,21.59,0.0648,77164,83
P-3x,948,10.520,21.02,21.00,0.0631,171384,83
P-3x,949,10.536,14.90,14.90,0.0447,118856,83
P-3x,950,10.550,15.07,15.09,0.0452,90886,83
P-3x,951,10.562,13.52,13.50,0.0406,73968,83
P-3x,952,10.574,11.91,11.92,0.0357,64612,83
P-3x,953,10.596,20.68,20.67,0.0620,73624,83
P-3x,954,10.610,14.12,14.10,0.0424,111208,83
P-3x,955,10.623,13.59,13.61,0.0408,80144,83
P-3x,956,10.635,12.72,12.69,0.0382,80004,83
P-3x,957,10.649,11.68,11.71,0.0351,62568,83
P-3x,958,10.661,14.05,14.00,0.0421,69970,83
P-3x,959,10.672,10.92,10.98,0.0327,61960,83
P-3x,960,10.694,20.99,21.00,0.0630,69160,83
P-3x,961,10.707,14.04,14.01,0.0421,113320,83
P-3x,962,10.720,13.05,12.99,0.0392,79744,83
P-3x,963,10.734,13.43,13.50,0.0403,84926,83
P-3x,964,10.747,11.70,11.70,0.0351,64596,83
P-3x,965,10.758,13.03,13.00,0.0391,68132,83
P-3x,966,10.768,10.29,10.31,0.0309,63364,83
P-3x,967,10.780,10.74,10.77,0.0322,40510,83
P-3x,968,10.801,20.41,20.40,0.0612,73492,83
P-3x,969,10.812,11.88,11.81,0.0356,114354,83
P-3x,970,10.823,11.33,11.39,0.0340,79864,83
P-3x,971,10.835,11.70,11.70,0.0351,51420,83
P-3x,972,10.847,11.27,11.27,0.0338,69594,83
P-3x,973,10.857,11.82,11.81,0.0355,68420,83
P-3x,974,10.867,9.55,9.52,0.0286,41272,83
P-3x,975,10.878,10.78,10.78,0.0323,64896,83
P-3x,976,10.900,20.90,20.90,0.0627,73536,83
P-3x,977,10.912,12.23,12.22,0.0367,112818,80
P-3x,978,10.924,12.74,12.76,0.0382,81056,80
P-3x,979,10.936,11.71,11.70,0.0351,51780,80
P-3x,980,10.947,9.98,10.00,0.0299,64228,80
P-3x,981,10.956,11.06,11.01,0.0332,65316,80
P-3x,982,10.966,9.18,9.19,0.0275,40502,80
P-3x,983,10.976,10.12,10.10,0.0303,63508,80
P-3x,984,10.996,19.86,19.89,0.0596,50004,80
P-3x,985,11.009,12.90,12.90,0.0387,110784,79
P-3x,986,11.023,14.54,14.52,0.0436,81416,79
P-3x,987,11.034,10.69,10.69,0.0321,85508,79
P-3x,988,11.045,10.06,10.08,0.0302,69320,77
P-3x,989,11.055,11.09,11.09,0.0333,45226,77
P-3x,990,11.066,10.63,10.61,0.0319,71240,77
P-3x,991,11.082,15.30,15.31,0.0459,68652,77
P-3x,992,11.103,20.89,20.88,0.0627,81016,77
P-3x,993,11.130,15.39,15.40,0.0462,128254,77
P-3x,994,11.152,26.33,26.33,0.0790,108938,76
P-3x,995,11.169,22.60,22.60,0.0678,160982,76
P-3x,996,11.198,27.87,27.89,0.0836,160132,72
P-3x,997,11.215,18.30,18.29,0.0549,195498,72
P-3x,998,11.229,15.94,15.90,0.0478,145444,72
P-3x,999,11.243,12.86,12.90,0.0386,92288,72
P-3x,1000,11.255,14.00,13.99,0.0420,103382,72
P-3x,1001,11.267,11.40,11.39,0.0342,70624,72
P-3x,1002,11.288,20.41,20.41,0.0612,76480,72
P-3x,1003,11.302,14.29,14.30,0.0429,134404,71
P-3x,1004,11.315,13.10,13.10,0.0393,89144,70
P-3x,1005,11.328,14.10,14.09,0.0423,94820,68
P-3x,1006,11.344,11.59,11.51,0.0348,67128,68
P-3x,1007,11.355,14.92,14.99,0.0448,89908,68
P-3x,1008,11.366,11.27,11.30,0.0338,66444,67
P-3x,1009,11.389,21.71,21.70,0.0651,75500,67
P-3x,1010,11.402,13.63,13.60,0.0409,123046,67
P-3x,1011,11.415,12.81,12.80,0.0384,84676,67
P-3x,1012,11.429,12.46,12.41,0.0374,84472,67
P-3x,1013,11.439,12.14,12.21,0.0364,70292,66
P-3x,1014,11.450,11.19,11.18,0.0336,65146,66
P-3x,1015,11.461,10.31,10.09,0.0309,40900,66
P-3x,1016,11.472,10.92,11.11,0.0328,67426,66
P-3x,1017,11.494,22.11,22.16,0.0663,75512,66
P-3x,1018,11.506,12.54,12.52,0.0376,115554,66
P-3x,1019,11.518,11.78,11.79,0.0353,81540,66
P-3x,1020,11.532,11.32,11.30,0.0340,82588,66
P-3x,1021,11.545,15.37,15.39,0.0461,55384,65
P-3x,1022,11.556,11.72,11.70,0.0352,98312,63
P-3x,1023,11.567,10.33,10.32,0.0310,45834,63
P-3x,1024,11.589,20.59,20.57,0.0618,80652,63
P-3x,1025,11.606,17.72,17.71,0.0532,124530,62
P-3x,1026,11.623,16.48,16.49,0.0494,129762,62
P-3x,1027,11.641,15.21,15.19,0.0456,105324,62
P-3x,1028,11.657,17.03,17.01,0.0511,87994,62
P-3x,1029,11.673,14.65,14.68,0.0439,124514,62
P-3x,1030,11.697,27.90,27.90,0.0837,97080,62
P-3x,1031,11.712,14.43,14.40,0.0433,177516,61
P-3x,1032,11.726,14.86,14.89,0.0446,101776,61
P-3x,1033,11.738,12.14,12.17,0.0364,103670,61
P-3x,1034,11.750,11.91,11.92,0.0357,51228,59
P-3x,1035,11.762,11.96,11.90,0.0359,76346,58
P-3x,1036,11.784,21.97,21.99,0.0659,82896,58
P-3x,1037,11.797,13.29,13.30,0.0399,132854,58
P-3x,1038,11.811,13.11,13.10,0.0393,86192,58
P-3x,1039,11.822,12.29,12.29,0.0369,90474,58
P-3x,1040,11.834,11.66,11.62,0.0350,67696,58
P-3x,1041,11.845,11.24,11.28,0.0337,67824,54
P-3x,1042,11.857,11.60,11.60,0.0348,69554,44
P-3x,1043,11.867,10.81,10.80,0.0324,45282,44
P-3x,1044,11.889,21.56,21.50,0.0647,72496,44
P-3x,1045,11.902,12.37,12.41,0.0371,113160,43
P-3x,1046,11.914,13.30,13.31,0.0399,80848,43
P-3x,1047,11.926,11.37,11.39,0.0341,81976,43
P-3x,1048,11.938,11.17,11.18,0.0335,65216,43
P-3x,1049,11.949,11.86,11.81,0.0356,45182,42
P-3x,1050,11.960,11.18,11.20,0.0336,65954,42
P-3x,1051,11.982,20.75,20.71,0.0622,74746,41
P-3x,1052,11.994,13.33,13.32,0.0400,120396,41
P-3x,1053,12.007,12.63,12.65,0.0379,83352,41
P-3x,1054,12.019,11.33,11.32,0.0340,82964,39
P-3x,1055,12.031,11.59,11.59,0.0348,68006,39
P-3x,1056,12.041,11.13,11.10,0.0334,45486,39
P-3x,1057,12.050,9.54,9.59,0.0286,64768,38
P-3x,1058,12.061,11.03,11.00,0.0331,41768,38
P-3x,1059,12.082,20.41,20.42,0.0612,75076,38
P-3x,1060,12.095,12.84,12.86,0.0385,115068,38
P-3x,1061,12.108,12.92,12.90,0.0387,82644,38
P-3x,1062,12.118,10.86,10.82,0.0326,85472,38
P-3x,1063,12.129,10.57,10.59,0.0317,67496,37
P-3x,1064,12.139,10.13,10.10,0.0304,43132,37
P-3x,1065,12.151,10.03,10.08,0.0301,67496,29
P-3x,1066,12.164,12.44,12.43,0.0373,51590,29
P-3x,1067,12.187,25.00,24.97,0.0750,77368,29
P-3x,1068,12.201,13.60,13.62,0.0408,154956,27
P-3x,1069,12.213,12.69,12.68,0.0381,86926,27
P-3x,1070,12.224,11.07,11.09,0.0332,85556,27
P-3x,1071,12.233,9.30,9.31,0.0279,41812,27
P-3x,1072,12.242,9.15,9.12,0.0275,64768,27
P-3x,1073,12.252,9.47,9.48,0.0284,41028,27
P-3x,1074,12.261,9.07,9.08,0.0272,65088,22
P-3x,1075,12.282,20.43,20.42,0.0613,54220,22
P-3x,1076,12.293,11.12,11.10,0.0334,115092,22
P-3x,1077,12.304,11.48,11.48,0.0344,82800,22
P-3x,1078,12.316,10.72,10.70,0.0322,51828,22
P-3x,1079,12.326,11.68,11.69,0.0350,70506,22
P-3x,1080,12.337,10.72,10.72,0.0322,71382,22
P-3x,1081,12.347,9.78,9.78,0.0294,41914,22
P-3x,1082,12.357,10.27,10.29,0.0308,67108,22
P-3x,1083,12.378,19.91,19.90,0.0597,48890,21
P-3x,1084,12.393,15.01,15.01,0.0450,120156,21
P-3x,1085,12.404,11.72,11.68,0.0352,123100,21
P-3x,1086,12.414,10.78,10.82,0.0324,54508,21
P-3x,1087,12.424,9.87,9.88,0.0296,71788,21
P-3x,1088,12.435,10.28,10.20,0.0309,71628,21
P-3x,1089,12.446,11.04,11.10,0.0331,45370,13
P-3x,1090,12.456,10.61,10.60,0.0318,76974,13
P-3x,1091,12.479,19.80,19.79,0.0594,52782,13
P-3x,1092,12.491,14.69,14.71,0.0441,137004,13
P-3x,1093,12.504,12.05,12.00,0.0361,129250,13
P-3x,1094,12.515,11.68,11.69,0.0351,64072,11
P-3x,1095,12.525,9.89,9.91,0.0297,75474,11
P-3x,1096,12.536,11.90,11.91,0.0357,76640,10
P-3x,1097,12.546,9.33,9.33,0.0280,46602,10
P-3x,1098,12.555,9.65,9.63,0.0290,74356,10
P-3x,1099,12.576,19.92,19.89,0.0598,52838,10
P-3x,1100,12.587,11.24,11.29,0.0337,131734,9
P-3x,1101,12.599,11.95,11.93,0.0359,92748,9
P-3x,1102,12.610,11.21,11.20,0.0336,91000,8
P-3x,1103,12.620,10.78,10.78,0.0323,57172,7
P-3x,1104,12.631,10.72,10.70,0.0322,75992,7
P-3x,1105,12.641,9.75,9.79,0.0293,68900,6
P-3x,1106,12.652,10.93,10.91,0.0328,49324,6
P-3x,1107,12.661,9.90,9.91,0.0297,70012,6
P-3x,1108,12.671,9.62,9.60,0.0289,46726,6
P-3x,1109,12.681,9.65,9.68,0.0290,70020,6
P-3x,1110,12.690,9.31,9.30,0.0279,44382,6
P-3x,1111,12.699,8.61,8.61,0.0258,41860,6
P-3x,1112,12.707,8.58,8.59,0.0258,67704,6
P-3x,1113,12.714,7.42,7.40,0.0223,32476,6
P-3x,1114,12.722,7.89,7.90,0.0237,32508,6
P-3x,1115,12.730,7.51,7.50,0.0225,32476,6
P-3x,1116,12.738,7.47,7.50,0.0224,32528,6
P-3x,1117,12.745,7.19,7.19,0.0216,47920,6
P-3x,1118,12.752,7.70,7.71,0.0231,32476,6
P-3x,1119,12.760,7.35,7.31,0.0221,32604,6
P-3x,1120,12.767,7.57,7.57,0.0227,35776,6
P-3x,1121,12.774,7.29,7.31,0.0219,33740,6
P-3x,1122,12.784,9.08,9.10,0.0272,33356,6
P-3x,1123,12.792,7.95,7.92,0.0238,33356,6
P-3x,1124,12.800,8.39,8.37,0.0252,48800,6
P-3x,1125,12.812,11.73,11.72,0.0352,37124,6
P-3x,1126,12.820,7.79,7.79,0.0234,37932,5
P-3x,1127,12.828,8.02,8.00,0.0241,28350,5
P-3x,1128,12.835,7.28,7.29,0.0218,27482,5
P-3x,1129,12.841,6.19,6.19,0.0186,27482,5
P-3x,1130,12.848,6.93,6.90,0.0208,27482,5
P-3x,1131,12.854,6.35,6.38,0.0191,27482,5
P-3x,1132,12.861,6.53,6.52,0.0196,27482,5
P-3x,1133,12.867,6.46,6.47,0.0194,30782,5
P-3x,1134,12.874,6.53,6.52,0.0196,28362,5
P-3x,1135,12.880,6.46,6.48,0.0194,28362,5
P-3x,1136,12.888,6.41,6.41,0.0192,28362,5
P-3x,1137,12.895,8.11,8.11,0.0243,33268,5
P-3x,1138,12.901,5.76,5.79,0.0173,28362,5
P-3x,1139,12.907,6.97,6.92,0.0209,30074,5
P-3x,1140,12.913,5.49,5.50,0.0165,19760,5
P-3x,1141,12.918,5.62,5.59,0.0169,19760,5
P-3x,1142,12.934,14.80,14.80,0.0444,27184,5
P-3x,1143,12.940,7.07,7.09,0.0212,39388,5
P-3x,1144,12.947,6.60,6.59,0.0198,28184,5
P-3x,1145,12.954,6.28,6.30,0.0188,28184,5
P-3x,1146,12.962,8.33,8.31,0.0250,34834,4
P-3x,1147,12.969,6.93,6.89,0.0208,29052,1
P-3x,1148,12.975,6.49,6.50,0.0195,29552,1
P-3x,1149,12.982,7.08,7.10,0.0212,28184,1
P-3x,1150,12.989,6.79,6.79,0.0204,28184,1
P-3x,1151,12.995,5.90,5.89,0.0177,28336,1
P-3x,1152,13.001,6.53,6.51,0.0196,27482,1
P-3x,1153,13.008,6.64,6.60,0.0199,28682,1
P-3x,1154,13.014,6.45,6.46,0.0193,27802,1
P-3x,1155,13.031,16.29,16.31,0.0489,34946,1
P-3x,1156,13.041,10.24,10.21,0.0307,76070,1
P-3x,1157,13.049,7.54,7.57,0.0226,39306,1
P-3x,1158,13.056,7.42,7.40,0.0223,35906,1
P-3x,1159,13.064,7.90,7.89,0.0237,35906,1
P-3x,1160,13.071,6.83,6.81,0.0205,54780,1
P-3x,1161,13.078,7.34,7.38,0.0220,35906,1
P-3x,1162,13.087,8.05,7.99,0.0241,35906,1
P-3x,1163,13.097,9.30,9.32,0.0279,41626,1
P-3x,1164,13.104,8.72,8.70,0.0261,44216,1
P-3x,1165,13.112,7.69,7.69,0.0231,57508,1
P-3x,1166,13.130,18.21,18.21,0.0546,44462,1
P-3x,1167,13.141,9.25,9.28,0.0278,74356,0
P-5x,0,0.000,8.48,8.40,0.0424,321376,4
P-5x,1,0.008,9.09,9.10,0.0455,416038,8
P-5x,2,0.018,9.91,9.92,0.0496,514694,13
P-5x,3,0.026,8.65,8.67,0.0433,514924,18
P-5x,4,0.040,8.46,8.39,0.0423,416948,22
P-5x,5,0.050,15.13,15.20,0.0757,520378,27
P-5x,6,0.062,11.84,11.80,0.0592,713312,34
P-5x,7,0.073,10.59,10.60,0.0529,615982,40
P-5x,8,0.092,11.71,11.69,0.0586,583478,45
P-5x,9,0.104,18.57,18.60,0.0928,623240,51
P-5x,10,0.118,13.58,13.59,0.0679,910552,60
P-5x,11,0.138,13.07,13.09,0.0653,717088,67
P-5x,12,0.153,20.72,20.71,0.1036,725310,74
P-5x,13,0.170,17.04,17.00,0.0852,1010434,84
P-5x,14,0.193,16.09,16.10,0.0804,913828,93
P-5x,15,0.211,22.78,22.78,0.1139,823888,101
P-5x,16,0.240,20.76,20.73,0.1038,1113052,112
P-5x,17,0.262,28.19,28.19,0.1410,1031058,122
P-5x,18,0.296,25.70,25.70,0.1285,1509094,137
P-5x,19,0.333,34.02,34.06,0.1701,1239790,149
P-5x,20,0.368,39.92,39.90,0.1996,1724892,166
P-5x,21,0.417,38.05,37.96,0.1903,2080484,186
P-5x,22,0.472,48.07,48.16,0.2404,1931664,205
P-5x,23,0.533,56.03,55.99,0.2802,2128268,226
P-5x,24,0.569,47.08,47.11,0.2354,70988,226
P-5x,25,0.624,35.59,35.57,0.1779,50432,226
P-5x,26,0.676,57.81,57.79,0.2890,85276,226
P-5x,27,0.738,50.01,50.01,0.2500,59920,226
P-5x,28,0.815,62.99,63.00,0.3149,97100,226
P-5x,29,0.896,78.08,78.08,0.3904,103708,226
P-5x,30,0.976,80.73,80.72,0.4037,136428,226
P-5x,31,1.094,91.80,91.79,0.4590,201106,226
P-5x,32,1.185,112.96,112.98,0.5000,691874,226
P-5x,33,1.286,96.42,96.40,0.4821,951420,226
P-5x,34,1.368,101.42,101.41,0.5000,1309036,226
P-5x,35,1.463,75.58,75.59,0.3779,1204090,226
P-5x,36,1.540,103.25,103.23,0.5000,963694,226
P-5x,37,1.601,70.16,70.17,0.3508,1216326,226
P-5x,38,1.664,65.84,65.80,0.3292,1117656,226
P-5x,39,1.715,54.42,54.42,0.2721,1059664,226
P-5x,40,1.774,52.26,52.28,0.2613,835310,226
P-5x,41,1.823,54.69,54.69,0.2735,612600,226
P-5x,42,1.868,52.49,52.49,0.2624,545782,226
P-5x,43,1.915,48.30,48.30,0.2415,595288,226
P-5x,44,1.953,44.39,44.40,0.2219,446380,226
P-5x,45,1.995,40.82,40.60,0.2041,421824,226
P-5x,46,2.017,30.56,30.78,0.1528,424402,226
P-5x,47,2.047,22.65,22.62,0.1132,275434,226
P-5x,48,2.072,30.93,30.90,0.1546,365870,226
P-5x,49,2.089,22.79,22.77,0.1139,241164,226
P-5x,50,2.107,17.21,17.29,0.0861,114610,226
P-5x,51,2.122,17.36,17.32,0.0868,109152,226
P-5x,52,2.138,15.20,15.19,0.0760,57880,226
P-5x,53,2.154,16.47,16.48,0.0823,54520,226
P-5x,54,2.168,15.13,15.11,0.0756,60184,226
P-5x,55,2.180,13.08,13.08,0.0654,19824,226
P-5x,56,2.191,10.98,11.02,0.0549,22766,226
P-5x,57,2.204,12.84,12.81,0.0642,21814,226
P-5x,58,2.217,12.23,12.20,0.0611,24286,226
P-5x,59,2.229,11.85,11.88,0.0593,19582,226
P-5x,60,2.240,11.93,11.91,0.0596,19126,226
P-5x,61,2.253,12.30,12.28,0.0615,22758,226
P-5x,62,2.264,12.18,12.20,0.0609,19126,226
P-5x,63,2.276,11.29,11.31,0.0565,19178,226
P-5x,64,2.286,11.19,11.18,0.0559,19126,226
P-5x,65,2.299,11.92,11.89,0.0596,19126,226
P-5x,66,2.311,12.60,12.62,0.0630,19550,226
P-5x,67,2.323,11.19,11.20,0.0560,19166,226
P-5x,68,2.338,14.51,14.49,0.0725,19126,226
P-5x,69,2.363,13.82,13.80,0.0691,19126,226
P-5x,70,2.381,24.58,24.59,0.1229,195346,226
P-5x,71,2.393,17.61,17.54,0.0881,21260,226
P-5x,72,2.404,11.78,11.86,0.0589,19856,226
P-5x,73,2.417,11.50,11.50,0.0575,17552,226
P-5x,74,2.429,11.90,11.89,0.0595,19166,226
P-5x,75,2.464,11.70,11.70,0.0585,19126,226
P-5x,76,2.488,37.09,37.02,0.1854,1400696,226
P-5x,77,2.505,23.01,23.09,0.1150,23366,226
P-5x,78,2.519,16.72,16.69,0.0836,21252,226
P-5x,79,2.534,14.11,14.10,0.0705,17032,226
P-5x,80,2.547,15.10,15.10,0.0755,17032,226
P-5x,81,2.559,12.17,12.19,0.0608,17032,226
P-5x,82,2.572,11.92,11.90,0.0596,17032,226
P-5x,83,2.585,12.29,12.29,0.0615,17032,226
P-5x,84,2.598,14.22,14.19,0.0711,17032,226
P-5x,85,2.610,12.68,12.70,0.0634,17032,226
P-5x,86,2.622,12.53,12.51,0.0627,17032,226
P-5x,87,2.634,11.74,11.71,0.0587,17032,226
P-5x,88,2.646,11.54,11.57,0.0577,17032,226
P-5x,89,2.659,12.10,12.11,0.0605,17032,226
P-5x,90,2.672,13.04,13.01,0.0652,17032,226
P-5x,91,2.687,12.66,12.67,0.0633,17032,226
P-5x,92,2.702,15.91,15.89,0.0795,17084,226
P-5x,93,2.719,16.89,16.91,0.0844,17552,226
P-5x,94,2.733,14.63,14.60,0.0732,19824,226
P-5x,95,2.746,14.22,14.20,0.0711,19824,226
P-5x,96,2.759,13.43,13.47,0.0671,19126,226
P-5x,97,2.773,12.73,12.72,0.0636,19550,226
P-5x,98,2.784,13.50,13.50,0.0675,19864,226
P-5x,99,2.936,38.20,38.21,0.1910,29636,122
P-5x,100,2.951,52.57,52.56,0.2628,2229928,122
P-5x,101,2.960,13.32,13.32,0.0666,26106,122
P-5x,102,2.969,9.30,9.31,0.0465,19158,122
P-5x,103,2.976,7.90,7.88,0.0395,19464,122
P-5x,104,2.981,6.52,6.51,0.0326,17032,122
P-5x,105,2.988,5.80,5.81,0.0290,17032,122
P-5x,106,2.996,7.92,7.90,0.0396,17552,122
P-5x,107,3.003,6.68,6.70,0.0334,18428,122
P-5x,108,3.009,6.97,6.98,0.0349,18428,122
P-5x,109,3.016,6.28,6.29,0.0314,17730,122
P-5x,110,3.022,6.39,6.40,0.0319,18428,122
P-5x,111,3.028,6.21,6.20,0.0310,17730,122
P-5x,112,3.035,7.00,7.00,0.0350,18428,122
P-5x,113,3.042,6.81,6.80,0.0340,18428,122
P-5x,114,3.048,6.19,6.18,0.0309,17730,122
P-5x,115,3.055,6.79,6.81,0.0340,18428,122
P-5x,116,3.061,6.94,6.90,0.0347,18428,122
P-5x,117,3.068,5.98,5.99,0.0299,17730,122
P-5x,118,3.075,7.11,7.10,0.0355,18428,122
P-5x,119,3.082,7.13,7.10,0.0357,18428,122
P-5x,120,3.089,6.45,6.48,0.0323,17730,122
P-5x,121,3.096,7.00,7.01,0.0350,18428,122
P-5x,122,3.103,6.79,6.71,0.0339,18480,122
P-5x,123,3.108,6.29,6.38,0.0315,18428,122
P-5x,124,3.115,6.16,6.12,0.0308,23506,122
P-5x,125,3.121,6.75,6.77,0.0338,18428,122
P-5x,126,3.128,6.12,6.11,0.0306,17730,122
P-5x,127,3.134,6.49,6.49,0.0325,18812,122
P-5x,128,3.141,6.23,6.21,0.0311,17730,122
P-5x,129,3.152,6.89,6.83,0.0344,18428,122
P-5x,130,3.161,12.21,12.25,0.0610,135278,122
P-5x,131,3.168,8.30,8.30,0.0415,22030,122
P-5x,132,3.175,6.89,6.91,0.0345,18428,122
P-5x,133,3.183,7.70,7.70,0.0385,18460,122
P-5x,134,3.189,7.20,7.19,0.0360,17672,122
P-5x,135,3.196,6.16,6.19,0.0308,18952,122
P-5x,136,3.203,6.95,6.91,0.0348,24440,122
P-5x,137,3.210,7.39,7.38,0.0370,17456,122
P-5x,138,3.217,5.98,6.01,0.0299,17072,122
P-5x,139,3.223,6.99,6.98,0.0350,19848,122
P-5x,140,3.230,6.90,6.92,0.0345,17032,122
P-5x,141,3.237,6.81,6.80,0.0340,23088,122
P-5x,142,3.245,8.01,8.01,0.0400,17032,122
P-5x,143,3.252,6.49,6.49,0.0324,20512,122
P-5x,144,3.259,7.12,7.09,0.0356,17032,122
P-5x,145,3.265,6.95,6.90,0.0347,17032,122
P-5x,146,3.272,6.10,6.10,0.0305,17032,122
P-5x,147,3.279,7.18,7.19,0.0359,17032,122
P-5x,148,3.287,7.97,7.99,0.0399,22514,122
P-5x,149,3.296,8.50,8.49,0.0425,17552,122
P-5x,150,3.303,7.64,7.61,0.0382,18428,122
P-5x,151,3.310,7.21,7.19,0.0360,25288,122
P-5x,152,3.316,6.31,6.32,0.0315,17730,122
P-5x,153,3.323,6.53,6.56,0.0326,24612,122
P-5x,154,3.329,6.44,6.42,0.0322,18428,122
P-5x,155,3.336,6.17,6.18,0.0308,17730,122
P-5x,156,3.342,6.71,6.72,0.0336,18428,122
P-5x,157,3.348,6.18,6.19,0.0309,17730,122
P-5x,158,3.355,6.62,6.60,0.0331,24804,122
P-5x,159,3.361,6.90,6.91,0.0345,18428,122
P-5x,160,3.369,7.21,7.19,0.0361,17730,122
P-5x,161,3.376,6.61,6.60,0.0331,20988,122
P-5x,162,3.381,6.34,6.30,0.0317,18428,122
P-5x,163,3.388,5.86,5.90,0.0293,17730,122
P-5x,164,3.395,6.98,7.00,0.0349,24764,122
P-5x,165,3.401,6.73,6.62,0.0336,18428,122
P-5x,166,3.408,5.87,5.97,0.0293,17730,122
P-5x,167,3.414,7.03,6.99,0.0351,18428,122
P-5x,168,3.424,6.56,6.52,0.0328,18428,122
P-5x,169,3.432,10.72,10.77,0.0536,84956,122
P-5x,170,3.439,7.09,7.11,0.0355,19126,122
P-5x,171,3.445,7.12,7.09,0.0356,18428,122
P-5x,172,3.452,6.24,6.22,0.0312,23842,122
P-5x,173,3.459,6.66,6.68,0.0333,17032,122
P-5x,174,3.465,6.52,6.49,0.0326,17032,122
P-5x,175,3.472,6.25,6.21,0.0312,17032,122
P-5x,176,3.479,7.25,7.29,0.0363,17032,122
P-5x,177,3.485,6.81,6.80,0.0340,17160,122
P-5x,178,3.492,6.09,6.09,0.0305,17032,122
P-5x,179,3.498,6.56,6.57,0.0328,17032,122
P-5x,180,3.504,5.73,5.72,0.0286,17032,122
P-5x,181,3.511,6.84,6.80,0.0342,17084,122
P-5x,182,3.517,7.32,7.30,0.0366,26410,122
P-5x,183,3.524,6.04,6.09,0.0302,17032,122
P-5x,184,3.531,6.60,6.61,0.0330,17032,122
P-5x,185,3.537,6.59,6.58,0.0330,17032,122
P-5x,186,3.544,7.43,7.43,0.0372,17032,122
P-5x,187,3.551,6.16,6.18,0.0308,17032,122
P-5x,188,3.557,6.31,6.30,0.0316,17032,122
P-5x,189,3.563,6.00,5.99,0.0300,17032,122
P-5x,190,3.570,7.04,7.01,0.0352,17032,122
P-5x,191,3.576,6.36,6.29,0.0318,17032,122
P-5x,192,3.583,6.10,6.18,0.0305,17032,122
P-5x,193,3.590,7.72,7.71,0.0386,17552,122
P-5x,194,3.596,6.28,6.29,0.0314,18740,122
P-5x,195,3.603,6.00,6.00,0.0300,17730,122
P-5x,196,3.608,6.19,6.20,0.0309,18428,122
P-5x,197,3.615,5.92,5.91,0.0296,17730,122
P-5x,198,3.620,6.12,6.10,0.0306,18740,122
P-5x,199,3.627,6.00,5.99,0.0300,18042,122
P-5x,200,3.632,6.08,6.10,0.0304,18428,122
P-5x,201,3.639,5.59,5.60,0.0280,17730,122
P-5x,202,3.644,6.40,6.40,0.0320,18428,122
P-5x,203,3.651,6.10,6.11,0.0305,19290,122
P-5x,204,3.660,8.18,8.17,0.0409,19372,122
P-5x,205,3.667,7.72,7.71,0.0386,21188,122
P-5x,206,3.673,6.93,6.92,0.0347,19832,122
P-5x,207,3.680,6.30,6.29,0.0315,18732,122
P-5x,208,3.687,6.47,6.50,0.0324,19792,122
P-5x,209,3.693,6.75,6.71,0.0338,19872,122
P-5x,210,3.700,5.79,5.78,0.0290,17858,122
P-5x,211,3.705,6.16,6.18,0.0308,18748,122
P-5x,212,3.712,5.79,5.80,0.0289,17782,122
P-5x,213,3.719,7.85,7.80,0.0392,34150,122
P-5x,214,3.727,7.16,7.19,0.0358,18428,122
P-5x,215,3.733,7.11,7.09,0.0355,26052,122
P-5x,216,3.739,5.97,5.99,0.0298,17770,122
P-5x,217,3.745,6.49,6.49,0.0324,18460,122
P-5x,218,3.752,5.83,5.81,0.0292,17032,122
P-5x,219,3.759,7.41,7.41,0.0370,19690,122
P-5x,220,3.765,6.62,6.60,0.0331,17032,122
P-5x,221,3.772,6.51,6.50,0.0325,17552,122
P-5x,222,3.779,6.41,6.39,0.0321,19372,122
P-5x,223,3.785,6.68,6.69,0.0334,19828,122
P-5x,224,3.791,6.28,6.30,0.0314,17714,122
P-5x,225,3.798,6.84,6.81,0.0342,23700,122
P-5x,226,3.804,6.44,6.48,0.0322,23804,122
P-5x,227,3.812,6.43,6.39,0.0321,17746,122
P-5x,228,3.818,6.99,7.00,0.0349,20080,122
P-5x,229,3.824,6.78,6.80,0.0339,18396,122
P-5x,230,3.831,6.10,6.02,0.0305,17714,122
P-5x,231,3.836,5.92,5.97,0.0296,22396,122
P-5x,232,3.843,5.83,5.80,0.0292,17794,122
P-5x,233,3.849,6.54,6.59,0.0327,17032,122
P-5x,234,3.855,6.01,6.00,0.0301,17032,122
P-5x,235,3.861,6.31,6.31,0.0315,17352,122
P-5x,236,3.868,5.81,5.79,0.0290,17032,122
P-5x,237,3.875,7.00,7.01,0.0350,27576,122
P-5x,238,3.883,8.12,8.10,0.0406,18072,122
P-5x,239,3.889,6.99,6.98,0.0350,19832,122
P-5x,240,3.895,5.88,5.91,0.0294,18412,122
P-5x,241,3.901,6.50,6.50,0.0325,23440,122
P-5x,242,3.912,9.40,9.38,0.0470,22572,122
P-5x,243,3.919,7.20,7.21,0.0360,38224,122
P-5x,244,3.925,6.99,7.00,0.0350,31476,122
P-5x,245,3.932,6.51,6.50,0.0326,23868,122
P-5x,246,3.942,8.79,8.78,0.0439,34032,122
P-5x,247,3.949,7.33,7.31,0.0367,36736,122
P-5x,248,3.956,8.17,8.20,0.0408,40340,122
P-5x,249,3.967,6.70,6.69,0.0335,34796,122
P-5x,250,3.983,12.01,11.80,0.0600,42088,122
P-5x,251,3.994,17.32,17.50,0.0866,58250,122
P-5x,252,4.007,9.44,9.39,0.0472,53096,122
P-5x,253,4.017,13.74,13.82,0.0687,47406,122
P-5x,254,4.025,8.68,8.69,0.0434,39856,122
P-5x,255,4.037,7.40,7.40,0.0370,33220,122
P-5x,256,4.046,13.89,13.89,0.0695,177514,122
P-5x,257,4.055,8.73,8.71,0.0436,32706,122
P-5x,258,4.063,8.40,8.40,0.0420,33438,122
P-5x,259,4.071,7.74,7.70,0.0387,22944,122
P-5x,260,4.078,7.78,7.79,0.0389,18476,122
P-5x,261,4.087,8.39,8.39,0.0419,26230,122
P-5x,262,4.095,8.36,8.41,0.0418,17032,122
P-5x,263,4.102,7.45,7.40,0.0373,25144,122
P-5x,264,4.109,7.23,7.28,0.0361,21592,122
P-5x,265,4.117,6.76,6.72,0.0338,20680,122
P-5x,266,4.124,8.07,8.10,0.0403,17508,122
P-5x,267,4.132,7.70,7.68,0.0385,17072,122
P-5x,268,4.140,7.18,7.12,0.0359,17032,122
P-5x,269,4.147,7.67,7.71,0.0383,21712,122
P-5x,270,4.154,7.19,7.18,0.0359,18280,122
P-5x,271,4.161,7.36,7.38,0.0368,21088,122
P-5x,272,4.168,6.77,6.73,0.0339,20984,122
P-5x,273,4.177,8.21,8.19,0.0411,20984,122
P-5x,274,4.184,7.50,7.49,0.0375,18740,122
P-5x,275,4.191,7.06,7.09,0.0353,19364,122
P-5x,276,4.198,6.86,6.88,0.0343,21468,122
P-5x,277,4.205,6.84,6.81,0.0342,17730,122
P-5x,278,4.215,9.58,9.59,0.0479,22028,122
P-5x,279,4.222,7.64,7.62,0.0382,30670,122
P-5x,280,4.229,6.46,6.48,0.0323,20458,122
P-5x,281,4.236,6.83,6.79,0.0341,23884,122
P-5x,282,4.245,9.45,9.46,0.0472,24924,122
P-5x,283,4.252,7.36,7.35,0.0368,32132,122
P-5x,284,4.274,7.27,7.29,0.0363,26916,122
P-5x,285,4.286,24.30,24.28,0.1215,48628,122
P-5x,286,4.296,11.09,11.06,0.0555,45772,122
P-5x,287,4.303,8.35,8.35,0.0417,31722,122
P-5x,288,4.311,7.61,7.58,0.0380,21156,122
P-5x,289,4.319,7.58,7.60,0.0379,21156,122
P-5x,290,4.327,8.59,8.61,0.0430,21208,122
P-5x,291,4.334,7.32,7.31,0.0366,22716,122
P-5x,292,4.341,7.45,7.47,0.0372,23652,122
P-5x,293,4.349,7.30,7.29,0.0365,19094,122
P-5x,294,4.357,8.11,8.10,0.0406,21156,122
P-5x,295,4.365,8.00,8.00,0.0400,22060,122
P-5x,296,4.373,8.22,8.21,0.0411,25348,122
P-5x,297,4.382,8.42,8.40,0.0421,21316,122
P-5x,298,4.390,8.16,8.19,0.0408,23340,122
P-5x,299,4.398,7.80,7.80,0.0390,18428,122
P-5x,300,4.413,13.70,13.69,0.0685,25476,122
P-5x,301,4.421,9.63,9.60,0.0481,54432,122
P-5x,302,4.430,8.59,8.61,0.0429,35580,122
P-5x,303,4.439,8.09,8.08,0.0405,35276,122
P-5x,304,4.448,9.53,9.52,0.0477,39366,122
P-5x,305,4.456,8.87,8.88,0.0443,45614,122
P-5x,306,4.464,8.29,8.30,0.0415,35276,122
P-5x,307,4.474,9.54,9.50,0.0477,35828,122
P-5x,308,4.484,8.92,8.93,0.0446,35276,122
P-5x,309,4.492,8.86,8.87,0.0443,46230,122
P-5x,310,4.501,9.26,9.28,0.0463,43092,122
P-5x,311,4.510,8.52,8.50,0.0426,36680,122
P-5x,312,4.517,7.78,7.80,0.0389,39680,122
P-5x,313,4.525,7.84,7.82,0.0392,38160,122
P-5x,314,4.534,7.89,7.90,0.0394,37004,122
P-5x,315,4.542,8.59,8.59,0.0429,38504,122
P-5x,316,4.557,13.40,13.39,0.0670,45856,122
P-5x,317,4.566,10.00,10.01,0.0500,93976,122
P-5x,318,4.575,8.35,8.30,0.0417,54408,122
P-5x,319,4.584,9.62,9.61,0.0481,63032,122
P-5x,320,4.606,11.80,11.84,0.0590,77696,120
P-5x,321,4.624,26.02,26.01,0.1301,713290,120
P-5x,322,4.636,13.41,13.42,0.0671,202970,119
P-5x,323,4.645,10.66,10.60,0.0533,97320,119
P-5x,324,4.656,9.76,9.81,0.0488,56180,119
P-5x,325,4.666,11.49,11.48,0.0575,78034,119
P-5x,326,4.677,9.54,9.52,0.0477,61788,119
P-5x,327,4.686,9.05,9.08,0.0453,82218,119
P-5x,328,4.704,12.18,12.18,0.0609,65622,119
P-5x,329,4.717,17.55,17.53,0.0878,125742,119
P-5x,330,4.729,13.61,13.59,0.0680,136178,119
P-5x,331,4.751,16.91,16.90,0.0845,105294,112
P-5x,332,4.763,16.76,16.79,0.0838,173186,112
P-5x,333,4.775,11.94,11.91,0.0597,144880,112
P-5x,334,4.785,10.38,10.39,0.0519,91282,112
P-5x,335,4.804,16.19,16.19,0.0809,95200,112
P-5x,336,4.816,14.48,14.49,0.0724,148754,112
P-5x,337,4.826,11.20,11.21,0.0560,146534,112
P-5x,338,4.836,9.40,9.38,0.0470,58964,112
P-5x,339,4.853,16.00,16.01,0.0800,86150,112
P-5x,340,4.865,13.31,13.29,0.0665,147386,111
P-5x,341,4.876,10.62,10.60,0.0531,100762,111
P-5x,342,4.885,9.10,9.09,0.0455,96566,111
P-5x,343,4.895,10.46,10.48,0.0523,70068,111
P-5x,344,4.912,16.23,16.22,0.0812,102310,111
P-5x,345,4.929,11.56,11.51,0.0578,158680,81
P-5x,346,4.941,17.44,17.47,0.0872,244536,81
P-5x,347,4.952,11.47,11.51,0.0573,160748,81
P-5x,348,4.961,9.98,9.91,0.0499,94974,81
P-5x,349,4.981,16.90,16.90,0.0845,74728,81
P-5x,350,4.994,14.38,14.40,0.0719,190264,81
P-5x,351,5.004,10.54,10.57,0.0527,124768,81
P-5x,352,5.014,10.89,10.89,0.0545,120544,81
P-5x,353,5.032,16.12,16.12,0.0806,78920,81
P-5x,354,5.044,12.41,12.42,0.0621,189192,81
P-5x,355,5.055,11.87,11.89,0.0594,122336,81
P-5x,356,5.066,11.55,11.49,0.0577,121992,81
P-5x,357,5.077,10.42,10.40,0.0521,72788,81
P-5x,358,5.094,16.29,16.30,0.0815,105666,81
P-5x,359,5.107,13.07,13.08,0.0654,170938,80
P-5x,360,5.119,11.60,11.59,0.0580,122330,80
P-5x,361,5.130,12.21,12.22,0.0610,99612,80
P-5x,362,5.143,10.70,10.69,0.0535,103438,80
P-5x,363,5.161,18.58,18.59,0.0929,110514,80
P-5x,364,5.171,11.27,11.22,0.0563,202536,80
P-5x,365,5.193,9.88,9.88,0.0494,126042,52
P-5x,366,5.205,23.50,23.49,0.1175,535182,52
P-5x,367,5.226,21.29,21.30,0.1065,197360,52
P-5x,368,5.237,12.22,12.21,0.0611,218054,52
P-5x,369,5.248,10.41,10.40,0.0521,107270,52
P-5x,370,5.260,9.88,9.87,0.0494,108390,52
P-5x,371,5.281,21.82,21.80,0.1091,93394,52
P-5x,372,5.292,12.86,12.90,0.0643,249364,52
P-5x,373,5.301,9.67,9.69,0.0483,126838,52
P-5x,374,5.310,8.66,8.60,0.0433,67888,52
P-5x,375,5.319,9.19,9.19,0.0459,93160,52
P-5x,376,5.328,9.00,9.01,0.0450,67576,52
P-5x,377,5.345,16.23,16.19,0.0811,106642,50
P-5x,378,5.357,11.18,11.22,0.0559,152828,50
P-5x,379,5.367,10.95,10.98,0.0548,122750,50
P-5x,380,5.376,9.20,9.20,0.0460,95294,50
P-5x,381,5.385,9.29,9.22,0.0465,68972,50
P-5x,382,5.402,15.91,15.97,0.0795,79204,50
P-5x,383,5.412,10.30,10.30,0.0515,152760,50
P-5x,384,5.421,9.53,9.51,0.0477,120452,50
P-5x,385,5.431,9.30,9.30,0.0465,67888,50
P-5x,386,5.440,9.72,9.69,0.0486,94778,50
P-5x,387,5.458,16.48,16.41,0.0824,77776,50
P-5x,388,5.469,11.92,12.00,0.0596,158362,50
P-5x,389,5.479,10.40,10.40,0.0520,120500,50
P-5x,390,5.487,8.51,8.50,0.0425,90730,50
P-5x,391,5.495,8.36,8.36,0.0418,66492,50
P-5x,392,5.507,11.32,11.32,0.0566,66880,50
P-5x,393,5.524,16.38,16.39,0.0819,103444,50
P-5x,394,5.534,10.17,10.13,0.0508,160868,50
P-5x,395,5.544,9.65,9.66,0.0483,87952,50
P-5x,396,5.553,10.06,10.08,0.0503,124108,50
P-5x,397,5.566,11.83,11.81,0.0591,73840,50
P-5x,398,5.576,10.33,10.31,0.0516,107750,50
P-5x,399,5.585,9.56,9.60,0.0478,110410,50
P-5x,400,5.596,10.42,10.42,0.0521,79004,50
P-5x,401,5.605,9.38,9.37,0.0469,112162,50
P-5x,402,5.614,9.00,8.95,0.0450,81836,50
P-5x,403,5.624,9.51,9.54,0.0476,65408,50
P-5x,404,5.632,9.29,9.31,0.0464,97176,50
P-5x,405,5.641,8.28,8.28,0.0414,68376,50
P-5x,406,5.658,16.12,16.12,0.0806,77112,50
P-5x,407,5.671,11.84,11.81,0.0592,162466,50
P-5x,408,5.679,10.51,10.49,0.0525,95170,50
P-5x,409,5.689,8.76,8.79,0.0438,91330,49
P-5x,410,5.700,11.40,11.41,0.0570,70552,49
P-5x,411,5.717,16.91,16.89,0.0845,109100,49
P-5x,412,5.726,9.44,9.40,0.0472,148912,49
P-5x,413,5.734,8.04,8.01,0.0402,59784,49
P-5x,414,5.744,8.25,8.27,0.0412,60088,49
P-5x,415,5.753,11.61,11.61,0.0581,97556,49
P-5x,416,5.770,15.65,15.68,0.0782,63052,49
P-5x,417,5.779,9.41,9.40,0.0471,129968,49
P-5x,418,5.788,8.72,8.71,0.0436,100720,49
P-5x,419,5.798,9.92,9.89,0.0496,76342,49
P-5x,420,5.807,9.39,9.42,0.0469,69158,49
P-5x,421,5.816,9.40,9.39,0.0470,90858,49
P-5x,422,5.832,15.46,15.48,0.0773,72812,49
P-5x,423,5.842,10.43,10.41,0.0522,150572,49
P-5x,424,5.853,9.46,9.49,0.0473,113002,49
P-5x,425,5.869,12.64,12.60,0.0632,100072,49
P-5x,426,5.879,14.68,14.70,0.0734,114826,48
P-5x,427,5.896,16.29,16.29,0.0814,121792,48
P-5x,428,5.906,9.60,9.60,0.0480,152856,48
P-5x,429,5.915,10.04,10.02,0.0502,84586,48
P-5x,430,5.928,9.38,9.39,0.0469,111548,48
P-5x,431,5.937,13.01,12.98,0.0650,74538,47
P-5x,432,5.957,18.30,18.30,0.0915,101544,47
P-5x,433,5.969,12.81,12.79,0.0641,189974,47
P-5x,434,5.981,11.75,11.52,0.0587,125764,47
P-5x,435,5.993,9.50,9.77,0.0475,103206,47
P-5x,436,6.004,12.28,12.28,0.0614,84826,47
P-5x,437,6.022,18.85,18.82,0.0943,115146,47
P-5x,438,6.034,11.69,11.71,0.0584,203122,47
P-5x,439,6.045,12.21,12.21,0.0611,136152,47
P-5x,440,6.057,11.49,11.48,0.0574,106428,47
P-5x,441,6.087,17.60,17.59,0.0880,117900,47
P-5x,442,6.103,26.57,26.59,0.1328,197740,47
P-5x,443,6.117,14.12,14.10,0.0706,304834,46
P-5x,444,6.137,21.82,21.81,0.1091,194542,46
P-5x,445,6.150,12.66,12.68,0.0633,214044,46
P-5x,446,6.162,12.13,12.10,0.0606,130572,46
P-5x,447,6.172,11.18,11.19,0.0559,96412,46
P-5x,448,6.192,18.63,18.61,0.0932,100124,46
P-5x,449,6.204,12.76,12.79,0.0638,188712,46
P-5x,450,6.215,10.72,10.70,0.0536,117434,46
P-5x,451,6.226,11.30,11.30,0.0565,121508,46
P-5x,452,6.235,9.58,9.60,0.0479,69716,43
P-5x,453,6.254,18.31,18.28,0.0916,96070,43
P-5x,454,6.265,11.52,11.53,0.0576,146688,43
P-5x,455,6.277,11.24,11.21,0.0562,111660,40
P-5x,456,6.287,10.58,10.57,0.0529,116876,39
P-5x,457,6.298,10.27,10.29,0.0514,89444,39
P-5x,458,6.316,17.74,17.71,0.0887,78650,39
P-5x,459,6.326,11.24,11.27,0.0562,179832,39
P-5x,460,6.339,13.06,13.02,0.0653,118660,39
P-5x,461,6.348,9.19,9.18,0.0460,99674,39
P-5x,462,6.366,17.26,17.29,0.0863,80300,39
P-5x,463,6.378,11.50,11.50,0.0575,160592,37
P-5x,464,6.388,10.73,10.70,0.0536,123472,37
P-5x,465,6.397,9.73,9.77,0.0486,124284,37
P-5x,466,6.410,11.95,11.94,0.0598,73908,37
P-5x,467,6.429,17.50,17.48,0.0875,113790,26
P-5x,468,6.444,14.80,14.81,0.0740,217006,21
P-5x,469,6.454,11.75,11.77,0.0587,139950,21
P-5x,470,6.465,10.45,10.42,0.0522,140114,17
P-5x,471,6.475,10.61,10.61,0.0531,114916,6
P-5x,472,6.485,10.70,10.69,0.0535,117388,6
P-5x,473,6.494,9.32,9.34,0.0466,79664,6
P-5x,474,6.503,8.58,8.56,0.0429,106084,6
P-5x,475,6.511,8.43,8.41,0.0421,78096,5
P-5x,476,6.519,8.44,8.48,0.0422,59908,5
P-5x,477,6.528,8.22,8.19,0.0411,60240,5
P-5x,478,6.535,7.35,7.31,0.0367,59232,5
P-5x,479,6.544,8.99,9.03,0.0449,63176,5
P-5x,480,6.551,7.05,7.04,0.0352,60544,5
P-5x,481,6.559,7.46,7.42,0.0373,55320,5
P-5x,482,6.566,7.35,7.38,0.0368,56128,5
P-5x,483,6.572,6.73,6.71,0.0336,36820,5
P-5x,484,6.579,6.11,6.10,0.0305,27156,5
P-5x,485,6.585,6.42,6.39,0.0321,33880,5
P-5x,486,6.592,6.83,6.88,0.0342,25728,5
P-5x,487,6.598,6.41,6.42,0.0320,37480,5
P-5x,488,6.605,6.73,6.70,0.0336,34840,5
P-5x,489,6.610,5.36,5.38,0.0268,26416,5
P-5x,490,6.616,6.10,6.09,0.0305,34920,5
P-5x,491,6.622,5.54,5.52,0.0277,27944,5
P-5x,492,6.627,4.88,4.89,0.0244,17032,5
P-5x,493,6.632,5.49,5.51,0.0275,17240,4
P-5x,494,6.638,5.42,5.38,0.0271,17900,4
P-5x,495,6.644,5.98,6.00,0.0299,17032,4
P-5x,496,6.649,5.55,5.52,0.0277,17112,4
P-5x,497,6.655,5.86,5.88,0.0293,17032,4
P-5x,498,6.660,4.85,4.82,0.0243,17032,4
P-5x,499,6.665,5.15,5.16,0.0257,17032,4
P-5x,500,6.670,5.00,5.01,0.0250,17336,4
P-5x,501,6.675,5.02,5.00,0.0251,17032,4
P-5x,502,6.680,5.20,5.20,0.0260,17032,4
P-5x,503,6.685,5.10,5.10,0.0255,17032,4
P-5x,504,6.690,5.21,5.19,0.0261,17032,3
P-5x,505,6.696,5.65,5.64,0.0283,17900,3
P-5x,506,6.701,5.40,5.45,0.0270,17032,3
P-5x,507,6.706,4.82,4.80,0.0241,17032,3
P-5x,508,6.711,4.99,5.00,0.0249,17032,3
P-5x,509,6.716,4.92,4.91,0.0246,17032,3
P-5x,510,6.721,4.77,4.79,0.0239,17032,3
P-5x,511,6.726,4.52,4.51,0.0226,17032,3
P-5x,512,6.730,4.52,4.48,0.0226,17032,3
P-5x,513,6.735,5.18,5.20,0.0259,17032,3
P-5x,514,6.740,5.18,5.18,0.0259,17032,3
P-5x,515,6.746,5.11,5.11,0.0255,17032,3
P-5x,516,6.751,5.50,5.50,0.0275,17032,3
P-5x,517,6.756,4.97,4.92,0.0249,17032,2
P-5x,518,6.761,5.34,5.37,0.0267,17900,1
P-5x,519,6.767,6.02,6.00,0.0301,17900,1
P-5x,520,6.772,5.07,5.11,0.0254,17084,1
P-5x,521,6.777,4.59,4.57,0.0230,17160,1
P-5x,522,6.782,4.69,4.71,0.0235,17032,1
P-5x,523,6.786,4.92,4.91,0.0246,17032,1
P-5x,524,6.792,5.19,5.19,0.0260,17032,1
P-5x,525,6.797,5.09,5.10,0.0255,17032,1
P-5x,526,6.802,4.80,4.80,0.0240,17032,1
P-5x,527,6.806,4.39,4.39,0.0219,17032,1
P-5x,528,6.811,5.33,5.32,0.0267,17032,1
P-5x,529,6.817,5.28,5.28,0.0264,17032,1
P-5x,530,6.822,4.92,4.90,0.0246,17032,1
P-5x,531,6.826,4.69,4.70,0.0234,17032,1
P-5x,532,6.831,4.70,4.70,0.0235,17032,1
P-5x,533,6.835,4.28,4.29,0.0214,17032,1
P-5x,534,6.840,4.49,4.49,0.0224,17032,1
P-5x,535,6.844,4.63,4.62,0.0231,17032,1
P-5x,536,6.849,4.70,4.68,0.0235,17032,1
P-5x,537,6.854,4.91,4.93,0.0246,17032,1
P-5x,538,6.860,5.67,5.69,0.0284,17032,1
P-5x,539,6.864,4.59,4.60,0.0230,17032,1
P-5x,540,6.869,4.64,4.60,0.0232,17032,1
P-5x,541,6.873,4.57,4.58,0.0228,17032,1
P-5x,542,6.878,4.71,4.71,0.0235,17032,1
P-5x,543,6.883,4.71,4.70,0.0236,17032,1
P-5x,544,6.888,5.39,5.40,0.0269,17032,1
P-5x,545,6.893,4.74,4.75,0.0237,17032,1
P-5x,546,6.898,4.87,4.84,0.0243,17032,1
P-5x,547,6.903,5.56,5.51,0.0278,17032,1
P-5x,548,6.908,4.52,4.59,0.0226,17032,1
P-5x,549,6.912,4.28,4.29,0.0214,17032,1
P-5x,550,6.917,4.91,4.83,0.0246,17032,1
P-5x,551,6.922,5.02,5.06,0.0251,17032,1
P-5x,552,6.927,5.11,5.12,0.0255,17112,1
P-5x,553,6.932,4.70,4.69,0.0235,17072,1
P-5x,554,6.937,4.84,4.83,0.0242,17032,1
P-5x,555,6.941,4.36,4.37,0.0218,17032,1
P-5x,556,6.945,4.24,4.30,0.0212,17032,1
P-5x,557,6.950,4.54,4.50,0.0227,17032,1
P-5x,558,6.954,4.31,4.31,0.0216,17032,1
P-5x,559,6.959,4.72,4.71,0.0236,17032,0
