run,frame,time,realMs,mainMs,gameDt,gcBytes,enemies
T-BulletDispenser-1x,0,0.000,9.45,9.63,0.0094,244956,11
T-BulletDispenser-1x,1,0.005,5.33,5.56,0.0053,190218,11
T-BulletDispenser-1x,2,0.015,9.90,9.90,0.0099,192160,12
T-BulletDispenser-1x,3,0.020,4.78,4.79,0.0048,192160,13
T-BulletDispenser-1x,4,0.024,4.33,4.31,0.0043,186880,13
T-BulletDispenser-1x,5,0.029,4.28,4.30,0.0043,192160,14
T-BulletDispenser-1x,6,0.033,4.30,4.30,0.0043,186880,14
T-BulletDispenser-1x,7,0.038,4.90,4.89,0.0049,192160,15
T-BulletDispenser-1x,8,0.042,4.50,4.49,0.0045,186880,15
T-BulletDispenser-1x,9,0.046,4.22,4.21,0.0042,192160,16
T-BulletDispenser-1x,10,0.050,3.85,3.88,0.0039,186880,16
T-BulletDispenser-1x,11,0.054,4.14,4.11,0.0041,187424,16
T-BulletDispenser-1x,12,0.059,4.58,4.57,0.0046,193312,17
T-BulletDispenser-1x,13,0.063,4.12,4.11,0.0041,186880,17
T-BulletDispenser-1x,14,0.067,3.99,3.99,0.0040,192160,18
T-BulletDispenser-1x,15,0.071,4.22,4.22,0.0042,186880,18
T-BulletDispenser-1x,16,0.075,3.86,3.81,0.0039,192160,19
T-BulletDispenser-1x,17,0.079,4.22,4.26,0.0042,186880,19
T-BulletDispenser-1x,18,0.083,3.49,3.52,0.0035,186880,19
T-BulletDispenser-1x,19,0.087,4.10,4.09,0.0041,192160,20
T-BulletDispenser-1x,20,0.091,3.67,3.69,0.0037,186880,20
T-BulletDispenser-1x,21,0.095,4.47,4.41,0.0045,192160,21
T-BulletDispenser-1x,22,0.099,3.53,3.59,0.0035,186880,21
T-BulletDispenser-1x,23,0.103,3.85,3.79,0.0039,186880,21
T-BulletDispenser-1x,24,0.107,4.08,4.10,0.0041,192160,22
T-BulletDispenser-1x,25,0.111,3.94,3.91,0.0039,186880,22
T-BulletDispenser-1x,26,0.115,4.20,4.19,0.0042,192160,23
T-BulletDispenser-1x,27,0.118,3.67,3.69,0.0037,186880,23
T-BulletDispenser-1x,28,0.122,3.70,3.70,0.0037,186880,23
T-BulletDispenser-1x,29,0.126,4.22,4.20,0.0042,192160,24
T-BulletDispenser-1x,30,0.130,3.69,3.70,0.0037,186880,24
T-BulletDispenser-1x,31,0.134,3.88,3.88,0.0039,187936,24
T-BulletDispenser-1x,32,0.138,3.84,3.80,0.0038,192160,25
T-BulletDispenser-1x,33,0.142,3.86,3.81,0.0039,186880,25
T-BulletDispenser-1x,34,0.145,3.58,3.69,0.0036,192160,26
T-BulletDispenser-1x,35,0.149,3.74,3.71,0.0037,186880,26
T-BulletDispenser-1x,36,0.152,3.57,3.60,0.0036,186880,26
T-BulletDispenser-1x,37,0.157,4.04,3.99,0.0040,192160,27
T-BulletDispenser-1x,38,0.160,3.89,3.91,0.0039,186880,27
T-BulletDispenser-1x,39,0.164,3.55,3.57,0.0035,186880,27
T-BulletDispenser-1x,40,0.168,3.95,3.91,0.0039,192160,28
T-BulletDispenser-1x,41,0.172,3.79,3.80,0.0038,186880,28
T-BulletDispenser-1x,42,0.176,4.11,4.11,0.0041,192160,29
T-BulletDispenser-1x,43,0.179,3.59,3.59,0.0036,186880,29
T-BulletDispenser-1x,44,0.183,3.91,3.91,0.0039,186880,29
T-BulletDispenser-1x,45,0.187,3.88,3.89,0.0039,192160,30
T-BulletDispenser-1x,46,0.191,3.69,3.70,0.0037,186880,30
T-BulletDispenser-1x,47,0.195,4.04,4.01,0.0040,192212,31
T-BulletDispenser-1x,48,0.199,3.66,3.68,0.0037,186880,31
T-BulletDispenser-1x,49,0.202,3.84,3.83,0.0038,186880,31
T-BulletDispenser-1x,50,0.206,3.93,3.97,0.0039,192160,32
T-BulletDispenser-1x,51,0.210,3.85,3.82,0.0038,186880,32
T-BulletDispenser-1x,52,0.214,4.00,3.99,0.0040,186880,32
T-BulletDispenser-1x,53,0.218,3.81,3.80,0.0038,194336,33
T-BulletDispenser-1x,54,0.222,3.78,3.79,0.0038,186880,33
T-BulletDispenser-1x,55,0.226,3.92,3.91,0.0039,192160,34
T-BulletDispenser-1x,56,0.230,4.19,4.20,0.0042,186880,34
T-BulletDispenser-1x,57,0.234,3.66,3.61,0.0037,186880,34
T-BulletDispenser-1x,58,0.238,4.27,4.29,0.0043,192160,35
T-BulletDispenser-1x,59,0.241,3.35,3.41,0.0034,186880,35
T-BulletDispenser-1x,60,0.245,4.01,3.99,0.0040,192160,36
T-BulletDispenser-1x,61,0.249,3.48,3.50,0.0035,186880,36
T-BulletDispenser-1x,62,0.253,3.85,3.80,0.0039,186880,36
T-BulletDispenser-1x,63,0.257,4.17,4.18,0.0042,192160,37
T-BulletDispenser-1x,64,0.261,3.92,3.91,0.0039,186880,37
T-BulletDispenser-1x,65,0.265,3.96,3.98,0.0040,192160,38
T-BulletDispenser-1x,66,0.269,4.84,4.82,0.0048,186880,38
T-BulletDispenser-1x,67,0.273,3.78,3.80,0.0038,186880,38
T-BulletDispenser-1x,68,0.278,4.36,4.30,0.0044,192160,39
T-BulletDispenser-1x,69,0.282,4.05,4.08,0.0040,186880,39
T-BulletDispenser-1x,70,0.286,3.99,4.00,0.0040,192160,40
T-BulletDispenser-1x,71,0.290,3.94,3.91,0.0039,188960,40
T-BulletDispenser-1x,72,0.294,4.18,4.18,0.0042,186880,40
T-BulletDispenser-1x,73,0.299,5.02,5.00,0.0050,192160,41
T-BulletDispenser-1x,74,0.303,4.20,4.21,0.0042,186880,41
T-BulletDispenser-1x,75,0.307,3.85,3.89,0.0039,192160,42
T-BulletDispenser-1x,76,0.311,3.92,3.89,0.0039,186880,42
T-BulletDispenser-1x,77,0.315,4.08,4.10,0.0041,192160,43
T-BulletDispenser-1x,78,0.319,3.83,3.80,0.0038,186880,43
T-BulletDispenser-1x,79,0.323,4.09,4.10,0.0041,186880,43
T-BulletDispenser-1x,80,0.327,4.08,4.10,0.0041,192160,44
T-BulletDispenser-1x,81,0.331,3.83,3.80,0.0038,186880,44
T-BulletDispenser-1x,82,0.335,4.56,4.52,0.0046,192160,45
T-BulletDispenser-1x,83,0.339,4.12,4.17,0.0041,186880,45
T-BulletDispenser-1x,84,0.343,4.01,4.01,0.0040,186880,45
T-BulletDispenser-1x,85,0.348,4.20,4.20,0.0042,192160,46
T-BulletDispenser-1x,86,0.352,3.99,3.90,0.0040,186880,46
T-BulletDispenser-1x,87,0.356,4.31,4.39,0.0043,192160,47
T-BulletDispenser-1x,88,0.360,3.90,3.91,0.0039,186880,47
T-BulletDispenser-1x,89,0.364,3.99,3.98,0.0040,186880,47
T-BulletDispenser-1x,90,0.368,3.92,3.91,0.0039,192160,48
T-BulletDispenser-1x,91,0.372,4.20,4.21,0.0042,186880,48
T-BulletDispenser-1x,92,0.376,4.09,4.08,0.0041,192160,49
T-BulletDispenser-1x,93,0.380,3.69,3.69,0.0037,186880,49
T-BulletDispenser-1x,94,0.384,3.94,3.92,0.0039,186880,49
T-BulletDispenser-1x,95,0.388,4.01,4.00,0.0040,192160,50
T-BulletDispenser-1x,96,0.392,4.31,4.29,0.0043,186880,50
T-BulletDispenser-1x,97,0.396,4.17,4.18,0.0042,192212,51
T-BulletDispenser-1x,98,0.400,4.23,4.21,0.0042,186880,51
T-BulletDispenser-1x,99,0.404,4.20,4.20,0.0042,186880,51
T-BulletDispenser-1x,100,0.408,3.57,3.60,0.0036,98952,52
T-BulletDispenser-1x,101,0.411,2.90,2.89,0.0029,464,52
T-BulletDispenser-1x,102,0.414,2.64,2.60,0.0026,5744,53
T-BulletDispenser-1x,103,0.416,2.77,2.80,0.0028,464,53
T-BulletDispenser-1x,104,0.420,3.42,3.39,0.0034,464,53
T-BulletDispenser-1x,105,0.423,3.09,3.11,0.0031,464,53
T-BulletDispenser-1x,106,0.426,3.08,3.08,0.0031,5744,54
T-BulletDispenser-1x,107,0.429,2.63,2.61,0.0026,464,54
T-BulletDispenser-1x,108,0.431,2.72,2.71,0.0027,464,54
T-BulletDispenser-1x,109,0.434,3.07,3.09,0.0031,5744,55
T-BulletDispenser-1x,110,0.437,2.59,2.60,0.0026,464,55
T-BulletDispenser-1x,111,0.440,2.89,2.88,0.0029,464,55
T-BulletDispenser-1x,112,0.443,2.68,2.70,0.0027,464,55
T-BulletDispenser-1x,113,0.445,2.59,2.60,0.0026,5744,56
T-BulletDispenser-1x,114,0.448,2.73,2.71,0.0027,464,56
T-BulletDispenser-1x,115,0.451,2.92,2.90,0.0029,464,56
T-BulletDispenser-1x,116,0.453,2.65,2.69,0.0026,5744,57
T-BulletDispenser-1x,117,0.456,2.59,2.52,0.0026,464,57
T-BulletDispenser-1x,118,0.459,2.85,2.88,0.0029,464,57
T-BulletDispenser-1x,119,0.461,2.24,2.28,0.0022,464,57
T-BulletDispenser-1x,120,0.464,2.83,2.80,0.0028,5744,58
T-BulletDispenser-1x,121,0.467,2.71,2.70,0.0027,464,58
T-BulletDispenser-1x,122,0.469,2.58,2.61,0.0026,464,58
T-BulletDispenser-1x,123,0.472,2.54,2.49,0.0025,464,58
T-BulletDispenser-1x,124,0.475,2.92,2.91,0.0029,5744,59
T-BulletDispenser-1x,125,0.477,2.52,2.57,0.0025,464,59
T-BulletDispenser-1x,126,0.480,2.55,2.52,0.0025,464,59
T-BulletDispenser-1x,127,0.482,2.58,2.59,0.0026,464,59
T-BulletDispenser-1x,128,0.485,2.87,2.89,0.0029,5744,60
T-BulletDispenser-1x,129,0.488,2.49,2.41,0.0025,464,60
T-BulletDispenser-1x,130,0.490,2.54,2.60,0.0025,464,60
T-BulletDispenser-1x,131,0.493,2.71,2.69,0.0027,464,60
T-BulletDispenser-1x,132,0.496,2.71,2.70,0.0027,5744,61
T-BulletDispenser-1x,133,0.498,2.78,2.78,0.0028,464,61
T-BulletDispenser-1x,134,0.501,2.40,2.40,0.0024,464,61
T-BulletDispenser-1x,135,0.504,2.79,2.81,0.0028,5744,62
T-BulletDispenser-1x,136,0.506,2.81,2.78,0.0028,464,62
T-BulletDispenser-1x,137,0.509,2.74,2.72,0.0027,464,62
T-BulletDispenser-1x,138,0.511,2.30,2.36,0.0023,464,62
T-BulletDispenser-1x,139,0.514,2.97,2.92,0.0030,5744,63
T-BulletDispenser-1x,140,0.517,2.82,2.80,0.0028,464,63
T-BulletDispenser-1x,141,0.520,2.57,2.59,0.0026,464,63
T-BulletDispenser-1x,142,0.523,2.82,2.81,0.0028,464,63
T-BulletDispenser-1x,143,0.526,3.12,3.10,0.0031,5744,64
T-BulletDispenser-1x,144,0.529,2.76,2.78,0.0028,464,64
T-BulletDispenser-1x,145,0.531,2.50,2.51,0.0025,464,64
T-BulletDispenser-1x,146,0.534,3.20,3.18,0.0032,9968,65
T-BulletDispenser-1x,147,0.537,2.59,2.61,0.0026,464,65
T-BulletDispenser-1x,148,0.539,2.68,2.68,0.0027,464,65
T-BulletDispenser-1x,149,0.542,2.63,2.62,0.0026,464,65
T-BulletDispenser-1x,150,0.545,2.61,2.58,0.0026,5744,66
T-BulletDispenser-1x,151,0.547,2.65,2.69,0.0027,464,66
T-BulletDispenser-1x,152,0.550,2.45,2.41,0.0024,464,66
T-BulletDispenser-1x,153,0.552,2.56,2.59,0.0026,464,66
T-BulletDispenser-1x,154,0.555,2.90,2.90,0.0029,5744,67
T-BulletDispenser-1x,155,0.558,2.63,2.60,0.0026,464,67
T-BulletDispenser-1x,156,0.560,2.54,2.61,0.0025,464,67
T-BulletDispenser-1x,157,0.563,2.84,2.80,0.0028,5744,68
T-BulletDispenser-1x,158,0.566,2.57,2.59,0.0026,464,68
T-BulletDispenser-1x,159,0.568,2.60,2.60,0.0026,464,68
T-BulletDispenser-1x,160,0.571,2.41,2.39,0.0024,464,68
T-BulletDispenser-1x,161,0.574,2.71,2.71,0.0027,5744,69
T-BulletDispenser-1x,162,0.576,2.67,2.70,0.0027,464,69
T-BulletDispenser-1x,163,0.579,2.89,2.81,0.0029,464,69
T-BulletDispenser-1x,164,0.582,2.49,2.57,0.0025,464,69
T-BulletDispenser-1x,165,0.585,2.85,2.81,0.0028,5744,70
T-BulletDispenser-1x,166,0.587,2.61,2.61,0.0026,464,70
T-BulletDispenser-1x,167,0.590,2.69,2.69,0.0027,464,70
T-BulletDispenser-1x,168,0.593,2.81,2.81,0.0028,464,70
T-BulletDispenser-1x,169,0.595,2.56,2.59,0.0026,5796,71
T-BulletDispenser-1x,170,0.598,2.85,2.81,0.0029,464,71
T-BulletDispenser-1x,171,0.601,2.89,2.90,0.0029,464,71
T-BulletDispenser-1x,172,0.603,2.44,2.47,0.0024,5744,72
T-BulletDispenser-1x,173,0.606,2.76,2.71,0.0028,464,72
T-BulletDispenser-1x,174,0.609,2.82,2.81,0.0028,464,72
T-BulletDispenser-1x,175,0.611,2.11,2.17,0.0021,464,72
T-BulletDispenser-1x,176,0.614,3.12,3.01,0.0031,5744,73
T-BulletDispenser-1x,177,0.617,2.84,2.89,0.0028,464,73
T-BulletDispenser-1x,178,0.619,2.27,2.31,0.0023,464,73
T-BulletDispenser-1x,179,0.622,2.45,2.41,0.0025,464,73
T-BulletDispenser-1x,180,0.625,3.20,3.19,0.0032,5744,74
T-BulletDispenser-1x,181,0.627,2.47,2.49,0.0025,464,74
T-BulletDispenser-1x,182,0.630,2.82,2.81,0.0028,464,74
T-BulletDispenser-1x,183,0.633,2.35,2.38,0.0023,464,74
T-BulletDispenser-1x,184,0.636,3.18,3.12,0.0032,5744,75
T-BulletDispenser-1x,185,0.639,2.91,2.90,0.0029,464,75
T-BulletDispenser-1x,186,0.641,2.43,2.48,0.0024,464,75
T-BulletDispenser-1x,187,0.644,3.24,3.20,0.0032,5744,76
T-BulletDispenser-1x,188,0.647,2.55,2.51,0.0026,464,76
T-BulletDispenser-1x,189,0.650,3.11,3.08,0.0031,464,76
T-BulletDispenser-1x,190,0.653,2.71,2.80,0.0027,464,76
T-BulletDispenser-1x,191,0.656,3.04,3.00,0.0030,5744,77
T-BulletDispenser-1x,192,0.659,3.09,3.10,0.0031,464,77
T-BulletDispenser-1x,193,0.661,2.34,2.38,0.0023,464,77
T-BulletDispenser-1x,194,0.664,2.93,2.90,0.0029,5744,78
T-BulletDispenser-1x,195,0.667,2.84,2.81,0.0028,464,78
T-BulletDispenser-1x,196,0.669,2.42,2.48,0.0024,464,78
T-BulletDispenser-1x,197,0.672,2.62,2.59,0.0026,464,78
T-BulletDispenser-1x,198,0.675,3.24,3.22,0.0032,5744,79
T-BulletDispenser-1x,199,0.677,2.25,2.30,0.0022,464,79
T-BulletDispenser-1x,200,0.680,2.31,2.28,0.0023,464,79
T-BulletDispenser-1x,201,0.682,2.54,2.52,0.0025,464,79
T-BulletDispenser-1x,202,0.685,2.97,2.98,0.0030,5744,80
T-BulletDispenser-1x,203,0.688,2.50,2.49,0.0025,464,80
T-BulletDispenser-1x,204,0.690,2.52,2.52,0.0025,464,80
T-BulletDispenser-1x,205,0.693,2.69,2.70,0.0027,464,80
T-BulletDispenser-1x,206,0.696,2.73,2.70,0.0027,5744,81
T-BulletDispenser-1x,207,0.699,2.79,2.79,0.0028,464,81
T-BulletDispenser-1x,208,0.701,2.77,2.79,0.0028,464,81
T-BulletDispenser-1x,209,0.704,3.15,3.11,0.0032,5744,82
T-BulletDispenser-1x,210,0.707,2.36,2.42,0.0024,464,82
T-BulletDispenser-1x,211,0.709,2.38,2.36,0.0024,464,82
T-BulletDispenser-1x,212,0.712,2.62,2.61,0.0026,464,82
T-BulletDispenser-1x,213,0.715,2.94,2.97,0.0029,5744,83
T-BulletDispenser-1x,214,0.718,2.76,2.72,0.0028,464,83
T-BulletDispenser-1x,215,0.720,2.37,2.40,0.0024,464,83
T-BulletDispenser-1x,216,0.723,2.62,2.61,0.0026,464,83
T-BulletDispenser-1x,217,0.725,2.91,2.88,0.0029,5744,84
T-BulletDispenser-1x,218,0.728,2.59,2.59,0.0026,464,84
T-BulletDispenser-1x,219,0.731,2.58,2.59,0.0026,464,84
T-BulletDispenser-1x,220,0.733,2.86,2.83,0.0029,5744,85
T-BulletDispenser-1x,221,0.736,2.60,2.58,0.0026,464,85
T-BulletDispenser-1x,222,0.739,2.75,2.79,0.0028,464,85
T-BulletDispenser-1x,223,0.741,2.18,2.19,0.0022,464,85
T-BulletDispenser-1x,224,0.744,2.92,2.90,0.0029,5744,86
T-BulletDispenser-1x,225,0.747,2.60,2.60,0.0026,464,86
T-BulletDispenser-1x,226,0.749,2.16,2.19,0.0022,464,86
T-BulletDispenser-1x,227,0.751,2.53,2.50,0.0025,464,86
T-BulletDispenser-1x,228,0.754,3.06,3.02,0.0031,5744,87
T-BulletDispenser-1x,229,0.757,2.52,2.58,0.0025,464,87
T-BulletDispenser-1x,230,0.760,3.19,3.10,0.0032,464,87
T-BulletDispenser-1x,231,0.763,2.96,2.99,0.0030,464,87
T-BulletDispenser-1x,232,0.766,2.98,3.02,0.0030,5744,88
T-BulletDispenser-1x,233,0.769,3.12,3.09,0.0031,464,88
T-BulletDispenser-1x,234,0.772,2.70,2.70,0.0027,464,88
T-BulletDispenser-1x,235,0.775,3.71,3.70,0.0037,5744,89
T-BulletDispenser-1x,236,0.778,2.24,2.30,0.0022,464,89
T-BulletDispenser-1x,237,0.780,2.44,2.39,0.0024,464,89
T-BulletDispenser-1x,238,0.783,2.57,2.60,0.0026,464,89
T-BulletDispenser-1x,239,0.785,2.78,2.79,0.0028,5744,90
T-BulletDispenser-1x,240,0.788,2.74,2.71,0.0027,464,90
T-BulletDispenser-1x,241,0.791,2.39,2.39,0.0024,464,90
T-BulletDispenser-1x,242,0.794,3.00,3.00,0.0030,5744,91
T-BulletDispenser-1x,243,0.796,2.49,2.49,0.0025,516,91
T-BulletDispenser-1x,244,0.799,2.42,2.41,0.0024,464,91
T-BulletDispenser-1x,245,0.801,2.78,2.80,0.0028,464,91
T-BulletDispenser-1x,246,0.804,2.82,2.80,0.0028,5744,92
T-BulletDispenser-1x,247,0.807,2.80,2.80,0.0028,464,92
T-BulletDispenser-1x,248,0.810,2.93,2.92,0.0029,464,92
T-BulletDispenser-1x,249,0.812,2.56,2.56,0.0026,464,92
T-BulletDispenser-1x,250,0.815,2.91,2.92,0.0029,5744,93
T-BulletDispenser-1x,251,0.818,2.69,2.69,0.0027,464,93
T-BulletDispenser-1x,252,0.821,2.74,2.73,0.0027,464,93
T-BulletDispenser-1x,253,0.823,2.73,2.76,0.0027,5744,94
T-BulletDispenser-1x,254,0.826,2.41,2.40,0.0024,464,94
T-BulletDispenser-1x,255,0.829,3.27,3.25,0.0033,464,94
T-BulletDispenser-1x,256,0.832,2.55,2.56,0.0026,464,94
T-BulletDispenser-1x,257,0.835,3.00,3.00,0.0030,5744,95
T-BulletDispenser-1x,258,0.837,2.59,2.59,0.0026,464,95
T-BulletDispenser-1x,259,0.840,2.50,2.50,0.0025,464,95
T-BulletDispenser-1x,260,0.843,2.79,2.80,0.0028,464,95
T-BulletDispenser-1x,261,0.845,2.57,2.59,0.0026,5744,96
T-BulletDispenser-1x,262,0.848,2.78,2.73,0.0028,464,96
T-BulletDispenser-1x,263,0.851,2.89,2.89,0.0029,464,96
T-BulletDispenser-1x,264,0.853,2.65,2.70,0.0027,5744,97
T-BulletDispenser-1x,265,0.856,2.74,2.70,0.0027,464,97
T-BulletDispenser-1x,266,0.859,2.89,2.89,0.0029,464,97
T-BulletDispenser-1x,267,0.861,2.26,2.29,0.0023,464,97
T-BulletDispenser-1x,268,0.865,3.19,3.12,0.0032,5744,98
T-BulletDispenser-1x,269,0.867,2.76,2.78,0.0028,464,98
T-BulletDispenser-1x,270,0.870,2.26,2.30,0.0023,464,98
T-BulletDispenser-1x,271,0.872,2.54,2.51,0.0025,464,98
T-BulletDispenser-1x,272,0.875,3.32,3.31,0.0033,5744,99
T-BulletDispenser-1x,273,0.878,2.34,2.38,0.0023,464,99
T-BulletDispenser-1x,274,0.880,2.51,2.49,0.0025,464,99
T-BulletDispenser-1x,275,0.883,2.98,2.93,0.0030,464,99
T-BulletDispenser-1x,276,0.886,2.81,2.87,0.0028,5744,100
T-BulletDispenser-1x,277,0.889,2.53,2.50,0.0025,464,100
T-BulletDispenser-1x,278,0.891,2.64,2.63,0.0026,464,100
T-BulletDispenser-1x,279,0.894,2.94,2.97,0.0029,5744,101
T-BulletDispenser-1x,280,0.897,2.66,2.61,0.0027,464,101
T-BulletDispenser-1x,281,0.900,2.71,2.71,0.0027,464,101
T-BulletDispenser-1x,282,0.902,2.84,2.88,0.0028,464,101
T-BulletDispenser-1x,283,0.905,2.93,2.90,0.0029,5744,102
T-BulletDispenser-1x,284,0.908,2.61,2.60,0.0026,464,102
T-BulletDispenser-1x,285,0.911,2.66,2.69,0.0027,464,102
T-BulletDispenser-1x,286,0.914,3.00,2.99,0.0030,5744,103
T-BulletDispenser-1x,287,0.916,2.61,2.61,0.0026,464,103
T-BulletDispenser-1x,288,0.919,2.69,2.71,0.0027,464,103
T-BulletDispenser-1x,289,0.921,2.51,2.49,0.0025,464,103
T-BulletDispenser-1x,290,0.924,3.03,3.02,0.0030,5744,104
T-BulletDispenser-1x,291,0.927,3.00,2.99,0.0030,464,104
T-BulletDispenser-1x,292,0.930,2.77,2.79,0.0028,464,104
T-BulletDispenser-1x,293,0.933,2.63,2.59,0.0026,464,104
T-BulletDispenser-1x,294,0.936,2.99,3.00,0.0030,5744,105
T-BulletDispenser-1x,295,0.939,3.00,3.01,0.0030,464,105
T-BulletDispenser-1x,296,0.942,2.81,2.80,0.0028,464,105
T-BulletDispenser-1x,297,0.945,2.99,3.00,0.0030,5744,106
T-BulletDispenser-1x,298,0.947,2.70,2.70,0.0027,464,106
T-BulletDispenser-1x,299,0.950,2.91,2.89,0.0029,464,106
T-BulletDispenser-1x,300,0.953,2.36,2.40,0.0024,464,106
T-BulletDispenser-1x,301,0.956,3.04,3.01,0.0030,5744,107
T-BulletDispenser-1x,302,0.959,3.04,3.00,0.0030,464,107
T-BulletDispenser-1x,303,0.961,2.30,2.37,0.0023,464,107
T-BulletDispenser-1x,304,0.964,2.95,2.92,0.0030,5744,108
T-BulletDispenser-1x,305,0.967,3.14,3.10,0.0031,464,108
T-BulletDispenser-1x,306,0.969,2.42,2.47,0.0024,464,108
T-BulletDispenser-1x,307,0.972,2.63,2.62,0.0026,464,108
T-BulletDispenser-1x,308,0.975,3.12,3.10,0.0031,5744,109
T-BulletDispenser-1x,309,0.978,2.55,2.59,0.0026,464,109
T-BulletDispenser-1x,310,0.980,2.60,2.59,0.0026,464,109
T-BulletDispenser-1x,311,0.983,2.54,2.52,0.0025,464,109
T-BulletDispenser-1x,312,0.986,2.87,2.88,0.0029,5744,110
T-BulletDispenser-1x,313,0.989,2.83,2.82,0.0028,464,110
T-BulletDispenser-1x,314,0.991,2.59,2.58,0.0026,464,110
T-BulletDispenser-1x,315,0.994,3.09,3.11,0.0031,5744,111
T-BulletDispenser-1x,316,0.997,2.65,2.59,0.0026,516,111
T-BulletDispenser-1x,317,1.000,3.00,3.01,0.0030,464,111
T-BulletDispenser-1x,318,1.003,2.78,2.79,0.0028,464,111
T-BulletDispenser-1x,319,1.006,3.32,3.30,0.0033,5744,112
T-BulletDispenser-1x,320,1.009,3.18,3.20,0.0032,464,112
T-BulletDispenser-1x,321,1.012,2.92,2.90,0.0029,464,112
T-BulletDispenser-1x,322,1.015,2.96,2.99,0.0030,5744,113
T-BulletDispenser-1x,323,1.018,3.14,3.01,0.0031,464,113
T-BulletDispenser-1x,324,1.021,3.01,3.10,0.0030,464,113
T-BulletDispenser-1x,325,1.025,3.35,3.30,0.0033,5744,114
T-BulletDispenser-1x,326,1.027,2.73,2.79,0.0027,464,114
T-BulletDispenser-1x,327,1.030,2.77,2.79,0.0028,464,114
T-BulletDispenser-1x,328,1.032,2.29,2.30,0.0023,464,114
T-BulletDispenser-1x,329,1.036,3.21,3.19,0.0032,5744,115
T-BulletDispenser-1x,330,1.038,2.71,2.69,0.0027,464,115
T-BulletDispenser-1x,331,1.041,2.39,2.42,0.0024,464,115
T-BulletDispenser-1x,332,1.044,3.02,3.00,0.0030,5744,116
T-BulletDispenser-1x,333,1.047,2.90,2.90,0.0029,464,116
T-BulletDispenser-1x,334,1.049,2.27,2.29,0.0023,464,116
T-BulletDispenser-1x,335,1.052,2.93,2.91,0.0029,464,116
T-BulletDispenser-1x,336,1.055,3.17,3.17,0.0032,5744,117
T-BulletDispenser-1x,337,1.057,2.50,2.51,0.0025,464,117
T-BulletDispenser-1x,338,1.060,2.83,2.80,0.0028,464,117
T-BulletDispenser-1x,339,1.063,2.90,2.89,0.0029,464,117
T-BulletDispenser-1x,340,1.066,2.87,2.90,0.0029,5744,118
T-BulletDispenser-1x,341,1.069,3.02,2.99,0.0030,464,118
T-BulletDispenser-1x,342,1.072,3.03,3.01,0.0030,464,118
T-BulletDispenser-1x,343,1.076,3.41,3.41,0.0034,5744,119
T-BulletDispenser-1x,344,1.079,3.67,3.63,0.0037,464,119
T-BulletDispenser-1x,345,1.082,2.69,2.74,0.0027,464,119
T-BulletDispenser-1x,346,1.085,3.43,3.40,0.0034,5744,120
T-BulletDispenser-1x,347,1.088,2.67,2.68,0.0027,464,120
T-BulletDispenser-1x,348,1.091,2.72,2.73,0.0027,464,120
T-BulletDispenser-1x,349,1.094,3.06,3.08,0.0031,5744,121
T-BulletDispenser-1x,350,1.097,2.78,2.72,0.0028,464,121
T-BulletDispenser-1x,351,1.099,2.74,2.78,0.0027,464,121
T-BulletDispenser-1x,352,1.102,3.05,3.02,0.0031,464,121
T-BulletDispenser-1x,353,1.106,3.27,3.28,0.0033,5744,122
T-BulletDispenser-1x,354,1.108,2.72,2.70,0.0027,464,122
T-BulletDispenser-1x,355,1.111,2.88,2.88,0.0029,464,122
T-BulletDispenser-1x,356,1.115,3.42,3.42,0.0034,5744,123
T-BulletDispenser-1x,357,1.118,3.13,3.10,0.0031,464,123
T-BulletDispenser-1x,358,1.120,2.55,2.58,0.0026,464,123
T-BulletDispenser-1x,359,1.123,3.17,3.12,0.0032,464,123
T-BulletDispenser-1x,360,1.127,3.52,3.57,0.0035,5744,124
T-BulletDispenser-1x,361,1.130,2.84,2.81,0.0028,464,124
T-BulletDispenser-1x,362,1.133,3.20,3.21,0.0032,464,124
T-BulletDispenser-1x,363,1.137,3.62,3.58,0.0036,5744,125
T-BulletDispenser-1x,364,1.140,2.86,2.90,0.0029,464,125
T-BulletDispenser-1x,365,1.142,2.89,2.91,0.0029,464,125
T-BulletDispenser-1x,366,1.145,2.66,2.68,0.0027,5744,126
T-BulletDispenser-1x,367,1.148,2.72,2.70,0.0027,464,126
T-BulletDispenser-1x,368,1.151,2.91,2.90,0.0029,464,126
T-BulletDispenser-1x,369,1.153,2.66,2.70,0.0027,5744,127
T-BulletDispenser-1x,370,1.156,2.87,2.82,0.0029,464,127
T-BulletDispenser-1x,371,1.159,2.99,2.99,0.0030,464,127
T-BulletDispenser-1x,372,1.162,2.44,2.48,0.0024,464,127
T-BulletDispenser-1x,373,1.165,3.26,3.21,0.0033,5744,128
T-BulletDispenser-1x,374,1.168,2.88,2.90,0.0029,464,128
T-BulletDispenser-1x,375,1.170,2.35,2.38,0.0024,464,128
T-BulletDispenser-1x,376,1.173,2.97,2.93,0.0030,464,128
T-BulletDispenser-1x,377,1.176,3.27,3.28,0.0033,14064,129
T-BulletDispenser-1x,378,1.179,2.80,2.81,0.0028,464,129
T-BulletDispenser-1x,379,1.182,2.77,2.78,0.0028,464,129
T-BulletDispenser-1x,380,1.186,3.55,3.53,0.0036,5744,130
T-BulletDispenser-1x,381,1.188,2.94,2.98,0.0029,464,130
T-BulletDispenser-1x,382,1.191,2.59,2.59,0.0026,464,130
T-BulletDispenser-1x,383,1.194,3.00,3.01,0.0030,5744,131
T-BulletDispenser-1x,384,1.197,2.74,2.70,0.0027,464,131
T-BulletDispenser-1x,385,1.200,2.99,2.99,0.0030,516,131
T-BulletDispenser-1x,386,1.202,2.62,2.61,0.0026,464,131
T-BulletDispenser-1x,387,1.205,2.99,2.99,0.0030,5744,132
T-BulletDispenser-1x,388,1.208,2.82,2.81,0.0028,464,132
T-BulletDispenser-1x,389,1.211,2.89,2.90,0.0029,464,132
T-BulletDispenser-1x,390,1.214,3.19,3.19,0.0032,5744,133
T-BulletDispenser-1x,391,1.217,2.66,2.68,0.0027,464,133
T-BulletDispenser-1x,392,1.220,2.63,2.61,0.0026,464,133
T-BulletDispenser-1x,393,1.222,2.88,2.89,0.0029,464,133
T-BulletDispenser-1x,394,1.226,3.14,3.10,0.0031,5744,134
T-BulletDispenser-1x,395,1.229,2.90,2.91,0.0029,464,134
T-BulletDispenser-1x,396,1.231,2.74,2.79,0.0027,464,134
T-BulletDispenser-1x,397,1.234,3.12,3.10,0.0031,5744,135
T-BulletDispenser-1x,398,1.237,2.82,2.81,0.0028,464,135
T-BulletDispenser-1x,399,1.240,2.87,2.88,0.0029,464,135
T-BulletDispenser-1x,400,1.243,2.82,2.81,0.0028,464,135
T-BulletDispenser-1x,401,1.247,3.66,3.61,0.0037,5744,136
T-BulletDispenser-1x,402,1.249,2.85,2.88,0.0029,464,136
T-BulletDispenser-1x,403,1.253,3.25,3.22,0.0032,464,136
T-BulletDispenser-1x,404,1.256,3.30,3.28,0.0033,5744,137
T-BulletDispenser-1x,405,1.259,3.04,3.08,0.0030,464,137
T-BulletDispenser-1x,406,1.262,2.91,2.91,0.0029,464,137
T-BulletDispenser-1x,407,1.265,3.29,3.31,0.0033,5744,138
T-BulletDispenser-1x,408,1.268,2.82,2.80,0.0028,464,138
T-BulletDispenser-1x,409,1.271,2.92,2.90,0.0029,464,138
T-BulletDispenser-1x,410,1.274,2.85,2.89,0.0028,5744,139
T-BulletDispenser-1x,411,1.277,2.81,2.80,0.0028,464,139
T-BulletDispenser-1x,412,1.280,3.04,3.01,0.0030,464,139
T-BulletDispenser-1x,413,1.282,2.46,2.50,0.0025,464,139
T-BulletDispenser-1x,414,1.286,3.44,3.39,0.0034,5744,140
T-BulletDispenser-1x,415,1.289,2.98,2.99,0.0030,464,140
T-BulletDispenser-1x,416,1.291,2.48,2.52,0.0025,464,140
T-BulletDispenser-1x,417,1.294,3.40,3.37,0.0034,5744,141
T-BulletDispenser-1x,418,1.297,2.92,2.91,0.0029,464,141
T-BulletDispenser-1x,419,1.300,2.89,2.89,0.0029,464,141
T-BulletDispenser-1x,420,1.303,2.70,2.69,0.0027,464,141
T-BulletDispenser-1x,421,1.306,3.41,3.41,0.0034,5744,142
T-BulletDispenser-1x,422,1.309,2.69,2.68,0.0027,464,142
T-BulletDispenser-1x,423,1.312,2.90,2.90,0.0029,464,142
T-BulletDispenser-1x,424,1.315,3.06,3.09,0.0031,5744,143
T-BulletDispenser-1x,425,1.317,2.34,2.30,0.0023,464,143
T-BulletDispenser-1x,426,1.320,2.77,2.79,0.0028,464,143
T-BulletDispenser-1x,427,1.323,2.81,2.81,0.0028,464,143
T-BulletDispenser-1x,428,1.326,2.74,2.70,0.0027,5744,144
T-BulletDispenser-1x,429,1.329,3.62,3.58,0.0036,464,144
T-BulletDispenser-1x,430,1.332,2.65,2.71,0.0026,464,144
T-BulletDispenser-1x,431,1.335,3.33,3.30,0.0033,5744,145
T-BulletDispenser-1x,432,1.338,3.09,3.09,0.0031,464,145
T-BulletDispenser-1x,433,1.341,2.45,2.49,0.0024,464,145
T-BulletDispenser-1x,434,1.344,3.35,3.31,0.0034,5744,146
T-BulletDispenser-1x,435,1.347,2.97,2.98,0.0030,464,146
T-BulletDispenser-1x,436,1.350,2.46,2.43,0.0025,464,146
T-BulletDispenser-1x,437,1.353,3.09,3.10,0.0031,464,146
T-BulletDispenser-1x,438,1.356,3.34,3.37,0.0033,5744,147
T-BulletDispenser-1x,439,1.359,3.04,3.01,0.0030,464,147
T-BulletDispenser-1x,440,1.362,3.11,3.10,0.0031,464,147
T-BulletDispenser-1x,441,1.365,3.18,3.19,0.0032,5744,148
T-BulletDispenser-1x,442,1.369,3.42,3.41,0.0034,464,148
T-BulletDispenser-1x,443,1.372,2.81,2.79,0.0028,464,148
T-BulletDispenser-1x,444,1.375,3.57,3.59,0.0036,5744,149
T-BulletDispenser-1x,445,1.378,3.08,3.02,0.0031,464,149
T-BulletDispenser-1x,446,1.381,2.79,2.87,0.0028,464,149
T-BulletDispenser-1x,447,1.384,3.25,3.19,0.0032,5744,150
T-BulletDispenser-1x,448,1.387,2.54,2.60,0.0025,464,150
T-BulletDispenser-1x,449,1.390,2.93,2.90,0.0029,464,150
T-BulletDispenser-1x,450,1.393,2.91,2.90,0.0029,464,150
T-BulletDispenser-1x,451,1.396,3.31,3.29,0.0033,5744,151
T-BulletDispenser-1x,452,1.399,2.92,2.92,0.0029,464,151
T-BulletDispenser-1x,453,1.402,3.02,2.99,0.0030,516,151
T-BulletDispenser-1x,454,1.405,3.58,3.59,0.0036,5744,152
T-BulletDispenser-1x,455,1.409,3.21,3.19,0.0032,464,152
T-BulletDispenser-1x,456,1.412,3.21,3.21,0.0032,464,152
T-BulletDispenser-1x,457,1.415,3.35,3.36,0.0034,5744,153
T-BulletDispenser-1x,458,1.419,3.28,3.31,0.0033,464,153
T-BulletDispenser-1x,459,1.422,3.01,2.99,0.0030,464,153
T-BulletDispenser-1x,460,1.425,3.32,3.31,0.0033,5744,154
T-BulletDispenser-1x,461,1.428,2.85,2.89,0.0029,464,154
T-BulletDispenser-1x,462,1.431,3.10,3.09,0.0031,464,154
T-BulletDispenser-1x,463,1.434,3.46,3.42,0.0035,5744,155
T-BulletDispenser-1x,464,1.437,2.84,2.89,0.0028,464,155
T-BulletDispenser-1x,465,1.440,3.22,3.18,0.0032,464,155
T-BulletDispenser-1x,466,1.443,2.99,3.00,0.0030,464,155
T-BulletDispenser-1x,467,1.447,3.36,3.30,0.0034,5744,156
T-BulletDispenser-1x,468,1.450,3.11,3.11,0.0031,464,156
T-BulletDispenser-1x,469,1.453,2.83,2.88,0.0028,464,156
T-BulletDispenser-1x,470,1.456,3.41,3.39,0.0034,5744,157
T-BulletDispenser-1x,471,1.459,3.10,3.11,0.0031,464,157
T-BulletDispenser-1x,472,1.462,3.01,2.99,0.0030,464,157
T-BulletDispenser-1x,473,1.465,3.17,3.20,0.0032,5744,158
T-BulletDispenser-1x,474,1.468,3.07,3.02,0.0031,464,158
T-BulletDispenser-1x,475,1.472,3.18,3.19,0.0032,464,158
T-BulletDispenser-1x,476,1.474,2.95,2.98,0.0030,5744,159
T-BulletDispenser-1x,477,1.478,3.07,3.01,0.0031,464,159
T-BulletDispenser-1x,478,1.481,3.27,3.30,0.0033,464,159
T-BulletDispenser-1x,479,1.484,3.55,3.51,0.0035,5744,160
T-BulletDispenser-1x,480,1.487,2.61,2.68,0.0026,464,160
T-BulletDispenser-1x,481,1.490,3.15,3.11,0.0031,464,160
T-BulletDispenser-1x,482,1.494,3.49,3.48,0.0035,464,160
T-BulletDispenser-1x,483,1.497,3.41,3.41,0.0034,5744,161
T-BulletDispenser-1x,484,1.500,3.39,3.32,0.0034,464,161
T-BulletDispenser-1x,485,1.504,3.22,3.28,0.0032,464,161
T-BulletDispenser-1x,486,1.507,3.51,3.50,0.0035,5744,162
T-BulletDispenser-1x,487,1.510,3.05,3.08,0.0030,464,162
T-BulletDispenser-1x,488,1.513,2.92,2.91,0.0029,464,162
T-BulletDispenser-1x,489,1.516,3.34,3.30,0.0033,5744,163
T-BulletDispenser-1x,490,1.519,2.94,3.00,0.0029,464,163
T-BulletDispenser-1x,491,1.522,2.82,2.79,0.0028,464,163
T-BulletDispenser-1x,492,1.526,3.33,3.30,0.0033,5744,164
T-BulletDispenser-1x,493,1.528,2.64,2.69,0.0026,464,164
T-BulletDispenser-1x,494,1.531,3.03,3.00,0.0030,464,164
T-BulletDispenser-1x,495,1.535,3.40,3.39,0.0034,5744,165
T-BulletDispenser-1x,496,1.537,2.46,2.49,0.0025,464,165
T-BulletDispenser-1x,497,1.540,3.07,3.02,0.0031,464,165
T-BulletDispenser-1x,498,1.543,3.28,3.30,0.0033,464,165
T-BulletDispenser-1x,499,1.547,3.41,3.39,0.0034,5744,166
T-BulletDispenser-1x,500,1.549,2.55,2.59,0.0025,464,166
T-BulletDispenser-1x,501,1.553,3.25,3.21,0.0033,464,166
T-BulletDispenser-1x,502,1.556,3.56,3.59,0.0036,5744,167
T-BulletDispenser-1x,503,1.559,2.81,2.80,0.0028,464,167
T-BulletDispenser-1x,504,1.562,3.23,3.20,0.0032,464,167
T-BulletDispenser-1x,505,1.565,3.05,3.09,0.0030,5744,168
T-BulletDispenser-1x,506,1.568,2.85,2.81,0.0028,464,168
T-BulletDispenser-1x,507,1.571,3.09,3.09,0.0031,464,168
T-BulletDispenser-1x,508,1.574,3.19,3.19,0.0032,5744,169
T-BulletDispenser-1x,509,1.577,2.87,2.90,0.0029,464,169
T-BulletDispenser-1x,510,1.580,3.01,2.99,0.0030,464,169
T-BulletDispenser-1x,511,1.583,2.94,2.92,0.0029,464,169
T-BulletDispenser-1x,512,1.586,3.17,3.19,0.0032,5744,170
T-BulletDispenser-1x,513,1.590,3.15,3.10,0.0032,464,170
T-BulletDispenser-1x,514,1.593,3.15,3.18,0.0032,464,170
T-BulletDispenser-1x,515,1.596,2.91,2.89,0.0029,5744,171
T-BulletDispenser-1x,516,1.599,3.21,3.21,0.0032,464,171
T-BulletDispenser-1x,517,1.602,3.07,3.09,0.0031,464,171
T-BulletDispenser-1x,518,1.605,3.14,3.11,0.0031,5796,172
T-BulletDispenser-1x,519,1.608,3.10,3.09,0.0031,464,172
T-BulletDispenser-1x,520,1.611,2.95,3.00,0.0030,464,172
T-BulletDispenser-1x,521,1.615,3.44,3.39,0.0034,5744,173
T-BulletDispenser-1x,522,1.618,3.11,3.10,0.0031,464,173
T-BulletDispenser-1x,523,1.620,2.54,2.60,0.0025,464,173
T-BulletDispenser-1x,524,1.623,3.05,2.99,0.0030,464,173
T-BulletDispenser-1x,525,1.627,3.38,3.40,0.0034,5744,174
T-BulletDispenser-1x,526,1.630,3.02,3.00,0.0030,464,174
T-BulletDispenser-1x,527,1.633,2.88,2.89,0.0029,464,174
T-BulletDispenser-1x,528,1.636,3.29,3.30,0.0033,5744,175
T-BulletDispenser-1x,529,1.639,3.01,3.00,0.0030,464,175
T-BulletDispenser-1x,530,1.642,2.82,2.80,0.0028,464,175
T-BulletDispenser-1x,531,1.645,3.16,3.20,0.0032,5744,176
T-BulletDispenser-1x,532,1.648,3.13,3.09,0.0031,464,176
T-BulletDispenser-1x,533,1.651,3.10,3.11,0.0031,464,176
T-BulletDispenser-1x,534,1.654,2.88,2.90,0.0029,5744,177
T-BulletDispenser-1x,535,1.657,3.14,3.11,0.0031,464,177
T-BulletDispenser-1x,536,1.660,3.17,3.19,0.0032,464,177
T-BulletDispenser-1x,537,1.663,2.92,2.90,0.0029,464,177
T-BulletDispenser-1x,538,1.667,3.48,3.48,0.0035,5788,178
T-BulletDispenser-1x,539,1.670,2.94,2.92,0.0029,464,178
T-BulletDispenser-1x,540,1.673,3.05,3.10,0.0030,464,178
T-BulletDispenser-1x,541,1.676,3.33,3.30,0.0033,12920,179
T-BulletDispenser-1x,542,1.679,3.31,3.26,0.0033,464,179
T-BulletDispenser-1x,543,1.682,2.74,2.83,0.0027,464,179
T-BulletDispenser-1x,544,1.685,3.35,3.29,0.0034,5744,180
T-BulletDispenser-1x,545,1.688,3.08,3.10,0.0031,464,180
T-BulletDispenser-1x,546,1.691,2.59,2.59,0.0026,464,180
T-BulletDispenser-1x,547,1.694,3.29,3.29,0.0033,5744,181
T-BulletDispenser-1x,548,1.697,3.11,3.11,0.0031,464,181
T-BulletDispenser-1x,549,1.700,3.02,2.99,0.0030,464,181
T-BulletDispenser-1x,550,1.703,2.99,3.01,0.0030,464,181
T-BulletDispenser-1x,551,1.707,3.35,3.38,0.0034,5744,182
T-BulletDispenser-1x,552,1.710,2.94,2.92,0.0029,464,182
T-BulletDispenser-1x,553,1.713,3.17,3.09,0.0032,464,182
T-BulletDispenser-1x,554,1.716,3.02,3.09,0.0030,5744,183
T-BulletDispenser-1x,555,1.719,3.54,3.51,0.0035,464,183
T-BulletDispenser-1x,556,1.723,3.27,3.29,0.0033,464,183
T-BulletDispenser-1x,557,1.726,3.42,3.40,0.0034,5744,184
T-BulletDispenser-1x,558,1.729,3.10,3.09,0.0031,464,184
T-BulletDispenser-1x,559,1.732,2.89,2.90,0.0029,464,184
T-BulletDispenser-1x,560,1.736,3.65,3.62,0.0037,5744,185
T-BulletDispenser-1x,561,1.739,3.05,3.08,0.0031,464,185
T-BulletDispenser-1x,562,1.742,2.89,2.80,0.0029,464,185
T-BulletDispenser-1x,563,1.746,3.88,3.90,0.0039,5744,186
T-BulletDispenser-1x,564,1.749,3.35,3.40,0.0034,464,186
T-BulletDispenser-1x,565,1.752,3.23,3.21,0.0032,464,186
T-BulletDispenser-1x,566,1.756,3.85,3.89,0.0039,5744,187
T-BulletDispenser-1x,567,1.759,3.23,3.20,0.0032,464,187
T-BulletDispenser-1x,568,1.762,2.73,2.78,0.0027,464,187
T-BulletDispenser-1x,569,1.765,3.45,3.41,0.0035,5744,188
T-BulletDispenser-1x,570,1.769,3.19,3.20,0.0032,464,188
T-BulletDispenser-1x,571,1.772,3.11,3.09,0.0031,464,188
T-BulletDispenser-1x,572,1.775,2.96,2.98,0.0030,5744,189
T-BulletDispenser-1x,573,1.778,3.01,3.01,0.0030,464,189
T-BulletDispenser-1x,574,1.781,2.99,2.98,0.0030,464,189
T-BulletDispenser-1x,575,1.784,3.52,3.50,0.0035,5744,190
T-BulletDispenser-1x,576,1.787,2.89,2.90,0.0029,464,190
T-BulletDispenser-1x,577,1.790,2.99,3.00,0.0030,464,190
T-BulletDispenser-1x,578,1.793,3.03,3.01,0.0030,464,190
T-BulletDispenser-1x,579,1.797,3.63,3.60,0.0036,5744,191
T-BulletDispenser-1x,580,1.799,2.65,2.69,0.0027,464,191
T-BulletDispenser-1x,581,1.803,3.14,3.10,0.0031,464,191
T-BulletDispenser-1x,582,1.806,3.48,3.50,0.0035,5796,192
T-BulletDispenser-1x,583,1.809,2.93,2.90,0.0029,464,192
T-BulletDispenser-1x,584,1.812,2.87,2.89,0.0029,464,192
T-BulletDispenser-1x,585,1.815,3.49,3.48,0.0035,5744,193
T-BulletDispenser-1x,586,1.818,3.09,3.10,0.0031,464,193
T-BulletDispenser-1x,587,1.822,3.14,3.10,0.0031,464,193
T-BulletDispenser-1x,588,1.825,3.59,3.59,0.0036,5744,194
T-BulletDispenser-1x,589,1.828,2.76,2.80,0.0028,464,194
T-BulletDispenser-1x,590,1.831,3.11,3.10,0.0031,464,194
T-BulletDispenser-1x,591,1.834,3.45,3.41,0.0034,5744,195
T-BulletDispenser-1x,592,1.837,3.00,3.00,0.0030,464,195
T-BulletDispenser-1x,593,1.841,3.29,3.29,0.0033,464,195
T-BulletDispenser-1x,594,1.844,3.38,3.40,0.0034,5744,196
T-BulletDispenser-1x,595,1.847,3.06,3.00,0.0031,464,196
T-BulletDispenser-1x,596,1.851,3.57,3.60,0.0036,464,196
T-BulletDispenser-1x,597,1.854,3.32,3.29,0.0033,5744,197
T-BulletDispenser-1x,598,1.857,3.06,3.08,0.0031,464,197
T-BulletDispenser-1x,599,1.861,3.51,3.50,0.0035,464,197
T-BulletDispenser-1x,600,1.864,3.58,3.60,0.0036,5744,198
T-BulletDispenser-1x,601,1.867,3.02,3.00,0.0030,464,198
T-BulletDispenser-1x,602,1.870,2.97,3.00,0.0030,464,198
T-BulletDispenser-1x,603,1.873,2.90,2.91,0.0029,464,198
T-BulletDispenser-1x,604,1.876,3.04,2.99,0.0030,5744,199
T-BulletDispenser-1x,605,1.879,3.31,3.31,0.0033,464,199
T-BulletDispenser-1x,606,1.882,2.73,2.78,0.0027,464,199
T-BulletDispenser-1x,607,1.886,3.33,3.29,0.0033,5744,200
T-BulletDispenser-1x,608,1.889,3.09,3.10,0.0031,464,200
T-BulletDispenser-1x,609,1.891,2.58,2.60,0.0026,464,200
T-BulletDispenser-1x,610,1.895,3.44,3.40,0.0034,5744,201
T-BulletDispenser-1x,611,1.898,3.52,3.52,0.0035,464,201
T-BulletDispenser-1x,612,1.901,3.28,3.29,0.0033,464,201
T-BulletDispenser-1x,613,1.905,3.49,3.50,0.0035,5744,202
T-BulletDispenser-1x,614,1.909,3.55,3.51,0.0036,464,202
T-BulletDispenser-1x,615,1.911,2.92,3.00,0.0029,464,202
T-BulletDispenser-1x,616,1.915,3.54,3.50,0.0035,5744,203
T-BulletDispenser-1x,617,1.918,3.17,3.18,0.0032,464,203
T-BulletDispenser-1x,618,1.921,3.02,3.00,0.0030,464,203
T-BulletDispenser-1x,619,1.925,3.41,3.41,0.0034,5744,204
T-BulletDispenser-1x,620,1.927,2.95,2.99,0.0030,464,204
T-BulletDispenser-1x,621,1.930,2.99,2.99,0.0030,464,204
T-BulletDispenser-1x,622,1.934,3.55,3.52,0.0036,5744,205
T-BulletDispenser-1x,623,1.937,2.76,2.79,0.0028,464,205
T-BulletDispenser-1x,624,1.940,3.14,3.10,0.0031,464,205
T-BulletDispenser-1x,625,1.943,3.26,3.28,0.0033,464,205
T-BulletDispenser-1x,626,1.947,3.33,3.31,0.0033,5744,206
T-BulletDispenser-1x,627,1.950,3.04,3.03,0.0030,464,206
T-BulletDispenser-1x,628,1.953,3.24,3.28,0.0032,464,206
T-BulletDispenser-1x,629,1.956,3.54,3.49,0.0035,5744,207
T-BulletDispenser-1x,630,1.960,3.49,3.51,0.0035,464,207
T-BulletDispenser-1x,631,1.963,3.11,3.09,0.0031,464,207
T-BulletDispenser-1x,632,1.967,3.56,3.49,0.0036,5744,208
T-BulletDispenser-1x,633,1.970,3.55,3.61,0.0035,464,208
T-BulletDispenser-1x,634,1.973,3.13,3.09,0.0031,464,208
T-BulletDispenser-1x,635,1.977,3.46,3.50,0.0035,5744,209
T-BulletDispenser-1x,636,1.980,3.32,3.30,0.0033,464,209
T-BulletDispenser-1x,637,1.983,3.19,3.18,0.0032,464,209
T-BulletDispenser-1x,638,1.987,3.60,3.62,0.0036,5744,210
T-BulletDispenser-1x,639,1.990,3.12,3.09,0.0031,464,210
T-BulletDispenser-1x,640,1.993,3.46,3.28,0.0035,464,210
T-BulletDispenser-1x,641,1.997,3.39,3.60,0.0034,5744,211
T-BulletDispenser-1x,642,2.000,3.34,3.31,0.0033,464,211
T-BulletDispenser-1x,643,2.003,2.81,2.88,0.0028,464,211
T-BulletDispenser-1x,644,2.006,3.54,3.50,0.0035,5796,212
T-BulletDispenser-1x,645,2.010,3.20,3.20,0.0032,464,212
T-BulletDispenser-1x,646,2.013,3.17,3.11,0.0032,464,212
T-BulletDispenser-1x,647,2.016,3.42,3.48,0.0034,5744,213
T-BulletDispenser-1x,648,2.020,3.31,3.31,0.0033,464,213
T-BulletDispenser-1x,649,2.023,3.28,3.30,0.0033,464,213
T-BulletDispenser-1x,650,2.026,3.09,3.08,0.0031,5744,214
T-BulletDispenser-1x,651,2.029,3.38,3.31,0.0034,464,214
T-BulletDispenser-1x,652,2.032,3.02,3.11,0.0030,464,214
T-BulletDispenser-1x,653,2.036,3.55,3.50,0.0036,5744,215
T-BulletDispenser-1x,654,2.039,3.27,3.29,0.0033,464,215
T-BulletDispenser-1x,655,2.042,3.12,3.10,0.0031,464,215
T-BulletDispenser-1x,656,2.046,3.41,3.39,0.0034,5744,216
T-BulletDispenser-1x,657,2.049,3.20,3.20,0.0032,464,216
T-BulletDispenser-1x,658,2.052,3.26,3.30,0.0033,464,216
T-BulletDispenser-1x,659,2.056,3.41,3.38,0.0034,5744,217
T-BulletDispenser-1x,660,2.059,3.32,3.31,0.0033,464,217
T-BulletDispenser-1x,661,2.062,2.79,2.81,0.0028,464,217
T-BulletDispenser-1x,662,2.065,3.65,3.60,0.0037,5744,218
T-BulletDispenser-1x,663,2.069,3.38,3.40,0.0034,464,218
T-BulletDispenser-1x,664,2.072,3.18,3.17,0.0032,464,218
T-BulletDispenser-1x,665,2.075,3.61,3.60,0.0036,5744,219
T-BulletDispenser-1x,666,2.079,3.93,3.91,0.0039,464,219
T-BulletDispenser-1x,667,2.082,3.03,3.09,0.0030,464,219
T-BulletDispenser-1x,668,2.086,3.76,3.71,0.0038,5744,220
T-BulletDispenser-1x,669,2.090,3.57,3.59,0.0036,464,220
T-BulletDispenser-1x,670,2.093,3.73,3.71,0.0037,464,220
T-BulletDispenser-1x,671,2.097,3.54,3.50,0.0035,5744,221
T-BulletDispenser-1x,672,2.101,3.76,3.78,0.0038,464,221
T-BulletDispenser-1x,673,2.104,3.15,3.19,0.0032,5744,222
T-BulletDispenser-1x,674,2.107,3.34,3.31,0.0033,464,222
T-BulletDispenser-1x,675,2.110,3.26,3.29,0.0033,464,222
T-BulletDispenser-1x,676,2.114,3.20,3.19,0.0032,5744,223
T-BulletDispenser-1x,677,2.117,3.44,3.41,0.0034,464,223
T-BulletDispenser-1x,678,2.120,2.96,2.98,0.0030,464,223
T-BulletDispenser-1x,679,2.123,3.18,3.21,0.0032,464,223
T-BulletDispenser-1x,680,2.127,3.42,3.38,0.0034,5744,224
T-BulletDispenser-1x,681,2.130,3.32,3.31,0.0033,464,224
T-BulletDispenser-1x,682,2.134,3.51,3.49,0.0035,464,224
T-BulletDispenser-1x,683,2.137,3.41,3.41,0.0034,5744,225
T-BulletDispenser-1x,684,2.140,3.14,3.18,0.0031,464,225
T-BulletDispenser-1x,685,2.144,3.45,3.41,0.0035,464,225
T-BulletDispenser-1x,686,2.147,3.79,3.80,0.0038,5788,226
T-BulletDispenser-1x,687,2.151,3.31,3.29,0.0033,464,226
T-BulletDispenser-1x,688,2.154,3.20,3.19,0.0032,464,226
T-BulletDispenser-1x,689,2.157,3.16,3.20,0.0032,464,226
T-BulletDispenser-1x,690,2.160,3.34,3.30,0.0033,464,226
T-BulletDispenser-1x,691,2.164,3.38,3.39,0.0034,464,226
T-BulletDispenser-1x,692,2.167,3.18,3.11,0.0032,464,226
T-BulletDispenser-1x,693,2.170,3.03,3.09,0.0030,464,226
T-BulletDispenser-1x,694,2.173,3.20,3.21,0.0032,464,226
T-BulletDispenser-1x,695,2.176,3.20,3.20,0.0032,464,226
T-BulletDispenser-1x,696,2.180,3.32,3.32,0.0033,464,226
T-BulletDispenser-1x,697,2.182,2.75,2.78,0.0028,464,226
T-BulletDispenser-1x,698,2.186,3.32,3.29,0.0033,464,226
T-BulletDispenser-1x,699,2.189,3.31,3.31,0.0033,464,226
T-BulletDispenser-1x,700,2.192,3.21,3.20,0.0032,464,226
T-BulletDispenser-1x,701,2.196,3.37,3.36,0.0034,464,226
T-BulletDispenser-1x,702,2.199,3.57,3.54,0.0036,464,226
T-BulletDispenser-1x,703,2.203,3.46,3.50,0.0035,464,226
T-BulletDispenser-1x,704,2.206,3.76,3.70,0.0038,464,226
T-BulletDispenser-1x,705,2.210,3.36,3.40,0.0034,516,226
T-BulletDispenser-1x,706,2.213,3.26,3.28,0.0033,464,226
T-BulletDispenser-1x,707,2.217,3.76,3.71,0.0038,464,226
T-BulletDispenser-1x,708,2.220,3.04,3.10,0.0030,464,226
T-BulletDispenser-1x,709,2.223,3.09,3.09,0.0031,464,226
T-BulletDispenser-1x,710,2.226,3.02,3.00,0.0030,464,226
T-BulletDispenser-1x,711,2.229,3.29,3.30,0.0033,464,226
T-BulletDispenser-1x,712,2.232,3.12,3.12,0.0031,464,226
T-BulletDispenser-1x,713,2.236,3.28,3.28,0.0033,464,226
T-BulletDispenser-1x,714,2.239,3.09,3.10,0.0031,464,226
T-BulletDispenser-1x,715,2.242,3.21,3.12,0.0032,464,226
T-BulletDispenser-1x,716,2.245,2.99,3.09,0.0030,464,226
T-BulletDispenser-1x,717,2.248,3.36,3.30,0.0034,464,226
T-BulletDispenser-1x,718,2.252,3.48,3.50,0.0035,464,226
T-BulletDispenser-1x,719,2.255,3.21,3.20,0.0032,464,226
T-BulletDispenser-1x,720,2.258,3.40,3.38,0.0034,464,226
T-BulletDispenser-1x,721,2.261,3.09,3.10,0.0031,464,226
T-BulletDispenser-1x,722,2.265,3.29,3.31,0.0033,464,226
T-BulletDispenser-1x,723,2.268,3.22,3.21,0.0032,464,226
T-BulletDispenser-1x,724,2.271,3.19,3.18,0.0032,464,226
T-BulletDispenser-1x,725,2.274,2.77,2.80,0.0028,464,226
T-BulletDispenser-1x,726,2.277,3.23,3.19,0.0032,464,226
T-BulletDispenser-1x,727,2.280,3.28,3.31,0.0033,464,226
T-BulletDispenser-1x,728,2.284,3.18,3.12,0.0032,464,226
T-BulletDispenser-1x,729,2.287,3.03,3.06,0.0030,464,226
T-BulletDispenser-1x,730,2.290,3.19,3.21,0.0032,464,226
T-BulletDispenser-1x,731,2.293,2.90,2.88,0.0029,464,226
T-BulletDispenser-1x,732,2.296,3.46,3.43,0.0035,464,226
T-BulletDispenser-1x,733,2.299,2.92,2.98,0.0029,464,226
T-BulletDispenser-1x,734,2.303,3.47,3.40,0.0035,464,226
T-BulletDispenser-1x,735,2.306,3.13,3.18,0.0031,464,226
T-BulletDispenser-1x,736,2.309,3.34,3.30,0.0033,464,226
T-BulletDispenser-1x,737,2.312,2.87,2.90,0.0029,464,226
T-BulletDispenser-1x,738,2.315,3.33,3.31,0.0033,464,226
T-BulletDispenser-1x,739,2.318,3.27,3.28,0.0033,464,226
T-BulletDispenser-1x,740,2.322,3.14,3.11,0.0031,464,226
T-BulletDispenser-1x,741,2.325,3.18,3.19,0.0032,464,226
T-BulletDispenser-1x,742,2.328,2.99,3.00,0.0030,464,226
T-BulletDispenser-1x,743,2.331,3.00,3.00,0.0030,464,226
T-BulletDispenser-1x,744,2.334,3.44,3.42,0.0034,464,226
T-BulletDispenser-1x,745,2.337,2.86,2.89,0.0029,464,226
T-BulletDispenser-1x,746,2.340,3.19,3.19,0.0032,464,226
T-BulletDispenser-1x,747,2.344,3.29,3.30,0.0033,464,226
T-BulletDispenser-1x,748,2.347,3.01,3.00,0.0030,464,226
T-BulletDispenser-1x,749,2.350,3.45,3.41,0.0035,464,226
T-BulletDispenser-1x,750,2.353,3.03,3.09,0.0030,464,226
T-BulletDispenser-1x,751,2.356,3.22,3.19,0.0032,464,226
T-BulletDispenser-1x,752,2.360,3.32,3.31,0.0033,464,226
T-BulletDispenser-1x,753,2.363,3.08,3.10,0.0031,464,226
T-BulletDispenser-1x,754,2.366,3.02,3.01,0.0030,464,226
T-BulletDispenser-1x,755,2.369,3.27,3.29,0.0033,464,226
T-BulletDispenser-1x,756,2.372,3.11,3.10,0.0031,464,226
T-BulletDispenser-1x,757,2.375,3.13,3.10,0.0031,464,226
T-BulletDispenser-1x,758,2.378,2.85,2.88,0.0028,464,226
T-BulletDispenser-1x,759,2.381,3.22,3.20,0.0032,464,226
T-BulletDispenser-1x,760,2.385,3.30,3.29,0.0033,464,226
T-BulletDispenser-1x,761,2.388,3.26,3.21,0.0033,464,226
T-BulletDispenser-1x,762,2.391,3.02,3.09,0.0030,464,226
T-BulletDispenser-1x,763,2.394,3.25,3.20,0.0033,464,226
T-BulletDispenser-1x,764,2.397,3.30,3.32,0.0033,464,226
T-BulletDispenser-1x,765,2.401,3.18,3.19,0.0032,464,226
T-BulletDispenser-1x,766,2.404,3.53,3.49,0.0035,464,226
T-BulletDispenser-1x,767,2.407,2.94,3.00,0.0029,464,226
T-BulletDispenser-1x,768,2.411,3.48,3.42,0.0035,516,226
T-BulletDispenser-1x,769,2.414,3.59,3.60,0.0036,464,226
T-BulletDispenser-1x,770,2.418,3.57,3.59,0.0036,464,226
T-BulletDispenser-1x,771,2.421,3.24,3.20,0.0032,464,226
T-BulletDispenser-1x,772,2.424,3.14,3.18,0.0031,464,226
T-BulletDispenser-1x,773,2.427,3.18,3.20,0.0032,464,226
T-BulletDispenser-1x,774,2.430,2.99,2.99,0.0030,464,226
T-BulletDispenser-1x,775,2.434,3.25,3.23,0.0033,464,226
T-BulletDispenser-1x,776,2.437,3.38,3.40,0.0034,464,226
T-BulletDispenser-1x,777,2.440,3.38,3.39,0.0034,464,226
T-BulletDispenser-1x,778,2.444,3.39,3.39,0.0034,464,226
T-BulletDispenser-1x,779,2.447,3.14,3.10,0.0031,464,226
T-BulletDispenser-1x,780,2.451,3.64,3.61,0.0036,464,226
T-BulletDispenser-1x,781,2.454,3.38,3.39,0.0034,464,226
T-BulletDispenser-1x,782,2.457,3.15,3.19,0.0031,464,226
T-BulletDispenser-1x,783,2.462,5.37,5.30,0.0054,464,226
T-BulletDispenser-1x,784,2.466,3.97,3.99,0.0040,464,226
T-BulletDispenser-1x,785,2.470,3.50,3.50,0.0035,464,226
T-BulletDispenser-1x,786,2.473,3.27,3.29,0.0033,464,226
T-BulletDispenser-1x,787,2.476,2.93,2.90,0.0029,464,226
T-BulletDispenser-1x,788,2.479,3.37,3.38,0.0034,464,226
T-BulletDispenser-1x,789,2.482,2.89,2.91,0.0029,464,226
T-BulletDispenser-1x,790,2.486,3.23,3.20,0.0032,464,226
T-BulletDispenser-1x,791,2.489,3.12,3.10,0.0031,464,226
T-BulletDispenser-1x,792,2.492,3.60,3.60,0.0036,464,226
T-BulletDispenser-1x,793,2.495,2.84,2.88,0.0028,464,226
T-BulletDispenser-1x,794,2.498,3.24,3.20,0.0032,464,226
T-BulletDispenser-1x,795,2.502,3.29,3.31,0.0033,464,226
T-BulletDispenser-1x,796,2.505,3.35,3.31,0.0034,464,226
T-BulletDispenser-1x,797,2.508,3.34,3.36,0.0033,464,226
T-BulletDispenser-1x,798,2.511,3.01,3.02,0.0030,464,226
T-BulletDispenser-1x,799,2.515,3.31,3.29,0.0033,464,226
T-BulletDispenser-1x,800,2.518,3.10,3.11,0.0031,464,226
T-BulletDispenser-1x,801,2.521,3.63,3.59,0.0036,464,226
T-BulletDispenser-1x,802,2.524,2.82,2.88,0.0028,464,226
T-BulletDispenser-1x,803,2.527,3.13,3.10,0.0031,464,226
T-BulletDispenser-1x,804,2.531,3.20,3.20,0.0032,464,226
T-BulletDispenser-1x,805,2.534,3.00,3.00,0.0030,464,226
T-BulletDispenser-1x,806,2.537,3.01,3.00,0.0030,464,226
T-BulletDispenser-1x,807,2.540,3.18,3.20,0.0032,464,226
T-BulletDispenser-1x,808,2.543,2.92,2.90,0.0029,464,226
T-BulletDispenser-1x,809,2.546,3.52,3.49,0.0035,464,226
T-BulletDispenser-1x,810,2.549,2.85,2.90,0.0028,464,226
T-BulletDispenser-1x,811,2.552,3.45,3.41,0.0035,464,226
T-BulletDispenser-1x,812,2.556,3.38,3.40,0.0034,464,226
T-BulletDispenser-1x,813,2.559,3.50,3.48,0.0035,464,226
T-BulletDispenser-1x,814,2.562,2.89,2.90,0.0029,464,226
T-BulletDispenser-1x,815,2.566,3.42,3.40,0.0034,464,226
T-BulletDispenser-1x,816,2.569,3.53,3.53,0.0035,464,226
T-BulletDispenser-1x,817,2.572,3.17,3.17,0.0032,464,226
T-BulletDispenser-1x,818,2.576,3.50,3.51,0.0035,464,226
T-BulletDispenser-1x,819,2.579,3.53,3.51,0.0035,464,226
T-BulletDispenser-1x,820,2.582,2.83,2.87,0.0028,464,226
T-BulletDispenser-1x,821,2.585,3.24,3.20,0.0032,464,226
T-BulletDispenser-1x,822,2.589,3.30,3.31,0.0033,464,226
T-BulletDispenser-1x,823,2.592,3.30,3.29,0.0033,464,226
T-BulletDispenser-1x,824,2.595,3.09,3.09,0.0031,464,226
T-BulletDispenser-1x,825,2.598,3.26,3.29,0.0033,464,226
T-BulletDispenser-1x,826,2.602,3.25,3.21,0.0032,464,226
T-BulletDispenser-1x,827,2.605,3.41,3.40,0.0034,464,226
T-BulletDispenser-1x,828,2.608,2.96,2.99,0.0030,464,226
T-BulletDispenser-1x,829,2.611,3.32,3.29,0.0033,516,226
T-BulletDispenser-1x,830,2.615,3.30,3.30,0.0033,464,226
T-BulletDispenser-1x,831,2.618,3.11,3.10,0.0031,464,226
T-BulletDispenser-1x,832,2.621,3.37,3.31,0.0034,464,226
T-BulletDispenser-1x,833,2.624,2.81,2.89,0.0028,464,226
T-BulletDispenser-1x,834,2.627,3.33,3.30,0.0033,464,226
T-BulletDispenser-1x,835,2.630,3.17,3.19,0.0032,464,226
T-BulletDispenser-1x,836,2.633,3.08,3.01,0.0031,464,226
T-BulletDispenser-1x,837,2.637,3.15,3.18,0.0031,464,226
T-BulletDispenser-1x,838,2.640,3.17,3.20,0.0032,464,226
T-BulletDispenser-1x,839,2.643,3.09,3.10,0.0031,464,226
T-BulletDispenser-1x,840,2.646,3.33,3.30,0.0033,464,226
T-BulletDispenser-1x,841,2.649,2.86,2.91,0.0029,464,226
T-BulletDispenser-1x,842,2.652,3.35,3.31,0.0033,464,226
T-BulletDispenser-1x,843,2.656,3.51,3.50,0.0035,464,226
T-BulletDispenser-1x,844,2.659,3.17,3.18,0.0032,464,226
T-BulletDispenser-1x,845,2.662,3.20,3.20,0.0032,464,226
T-BulletDispenser-1x,846,2.665,2.99,3.02,0.0030,464,226
T-BulletDispenser-1x,847,2.669,3.33,3.29,0.0033,464,226
T-BulletDispenser-1x,848,2.672,3.29,3.30,0.0033,464,226
T-BulletDispenser-1x,849,2.675,2.91,2.92,0.0029,464,226
T-BulletDispenser-1x,850,2.678,3.61,3.57,0.0036,464,226
T-BulletDispenser-1x,851,2.682,3.37,3.40,0.0034,464,226
T-BulletDispenser-1x,852,2.685,3.55,3.51,0.0036,464,226
T-BulletDispenser-1x,853,2.689,3.23,3.18,0.0032,464,226
T-BulletDispenser-1x,854,2.692,3.61,3.69,0.0036,464,226
T-BulletDispenser-1x,855,2.695,2.77,2.81,0.0028,464,226
T-BulletDispenser-1x,856,2.698,3.24,3.20,0.0032,464,226
T-BulletDispenser-1x,857,2.702,3.40,3.41,0.0034,464,226
T-BulletDispenser-1x,858,2.705,3.24,3.20,0.0032,464,226
T-BulletDispenser-1x,859,2.708,3.21,3.21,0.0032,464,226
T-BulletDispenser-1x,860,2.711,3.23,3.29,0.0032,464,226
T-BulletDispenser-1x,861,2.715,3.21,3.19,0.0032,464,226
T-BulletDispenser-1x,862,2.718,3.30,3.30,0.0033,464,226
T-BulletDispenser-1x,863,2.721,2.79,2.80,0.0028,464,226
T-BulletDispenser-1x,864,2.724,3.22,3.20,0.0032,464,226
T-BulletDispenser-1x,865,2.727,3.17,3.19,0.0032,464,226
T-BulletDispenser-1x,866,2.730,3.04,3.02,0.0030,464,226
T-BulletDispenser-1x,867,2.733,3.17,3.17,0.0032,464,226
T-BulletDispenser-1x,868,2.736,3.19,3.22,0.0032,464,226
T-BulletDispenser-1x,869,2.740,3.31,3.29,0.0033,464,226
T-BulletDispenser-1x,870,2.743,3.19,3.19,0.0032,464,226
T-BulletDispenser-1x,871,2.746,3.26,3.22,0.0033,464,226
T-BulletDispenser-1x,872,2.750,3.57,3.59,0.0036,464,226
T-BulletDispenser-1x,873,2.753,3.09,3.11,0.0031,464,226
T-BulletDispenser-1x,874,2.756,3.40,3.39,0.0034,464,226
T-BulletDispenser-1x,875,2.759,3.10,3.10,0.0031,464,226
T-BulletDispenser-1x,876,2.763,3.41,3.41,0.0034,464,226
T-BulletDispenser-1x,877,2.766,3.20,3.19,0.0032,464,226
T-BulletDispenser-1x,878,2.769,3.27,3.30,0.0033,464,226
T-BulletDispenser-1x,879,2.772,3.28,3.19,0.0033,464,226
T-BulletDispenser-1x,880,2.776,3.35,3.40,0.0034,464,226
T-BulletDispenser-1x,881,2.779,3.45,3.44,0.0035,464,226
T-BulletDispenser-1x,882,2.783,3.25,3.27,0.0033,464,226
T-BulletDispenser-1x,883,2.786,3.17,3.20,0.0032,464,226
T-BulletDispenser-1x,884,2.789,3.04,3.00,0.0030,464,226
T-BulletDispenser-1x,885,2.792,3.42,3.40,0.0034,464,226
T-BulletDispenser-1x,886,2.795,2.93,2.98,0.0029,464,226
T-BulletDispenser-1x,887,2.798,3.31,3.29,0.0033,464,226
T-BulletDispenser-1x,888,2.802,3.42,3.41,0.0034,464,226
T-BulletDispenser-1x,889,2.805,3.44,3.41,0.0034,464,226
T-BulletDispenser-1x,890,2.809,3.62,3.60,0.0036,464,226
T-BulletDispenser-1x,891,2.812,3.34,3.38,0.0033,516,226
T-BulletDispenser-1x,892,2.816,3.50,3.49,0.0035,464,226
T-BulletDispenser-1x,893,2.819,3.28,3.30,0.0033,464,226
T-BulletDispenser-1x,894,2.822,2.92,2.90,0.0029,464,226
T-BulletDispenser-1x,895,2.825,3.34,3.30,0.0033,464,226
T-BulletDispenser-1x,896,2.828,2.83,2.89,0.0028,464,226
T-BulletDispenser-1x,897,2.831,3.13,3.10,0.0031,464,226
T-BulletDispenser-1x,898,2.834,3.20,3.20,0.0032,464,226
T-BulletDispenser-1x,899,2.837,2.78,2.80,0.0028,464,226
T-BulletDispenser-1x,900,2.840,3.24,3.20,0.0032,464,226
T-BulletDispenser-1x,901,2.844,3.26,3.29,0.0033,464,226
T-BulletDispenser-1x,902,2.847,3.13,3.10,0.0031,464,226
T-BulletDispenser-1x,903,2.850,3.40,3.39,0.0034,464,226
T-BulletDispenser-1x,904,2.853,2.95,2.99,0.0030,464,226
T-BulletDispenser-1x,905,2.856,3.24,3.20,0.0032,464,226
T-BulletDispenser-1x,906,2.860,3.48,3.42,0.0035,464,226
T-BulletDispenser-1x,907,2.863,3.32,3.39,0.0033,464,226
T-BulletDispenser-1x,908,2.867,3.30,3.29,0.0033,464,226
T-BulletDispenser-1x,909,2.870,3.00,3.01,0.0030,464,226
T-BulletDispenser-1x,910,2.873,3.28,3.29,0.0033,464,226
T-BulletDispenser-1x,911,2.876,2.96,2.91,0.0030,464,226
T-BulletDispenser-1x,912,2.879,3.50,3.51,0.0035,464,226
T-BulletDispenser-1x,913,2.882,2.94,2.98,0.0029,464,226
T-BulletDispenser-1x,914,2.885,3.25,3.21,0.0033,464,226
T-BulletDispenser-1x,915,2.889,3.16,3.19,0.0032,464,226
T-BulletDispenser-1x,916,2.892,3.06,3.01,0.0031,464,226
T-BulletDispenser-1x,917,2.895,3.36,3.39,0.0034,464,226
T-BulletDispenser-1x,918,2.898,3.40,3.40,0.0034,464,226
T-BulletDispenser-1x,919,2.902,3.56,3.50,0.0036,464,226
T-BulletDispenser-1x,920,2.906,3.53,3.59,0.0035,464,226
T-BulletDispenser-1x,921,2.909,3.24,3.20,0.0032,464,226
T-BulletDispenser-1x,922,2.912,3.16,3.18,0.0032,464,226
T-BulletDispenser-1x,923,2.915,3.19,3.20,0.0032,464,226
T-BulletDispenser-1x,924,2.919,3.53,3.49,0.0035,464,226
T-BulletDispenser-1x,925,2.922,3.42,3.42,0.0034,464,226
T-BulletDispenser-1x,926,2.926,3.53,3.49,0.0035,464,226
T-BulletDispenser-1x,927,2.929,3.67,3.71,0.0037,464,226
T-BulletDispenser-1x,928,2.933,3.38,3.38,0.0034,464,226
T-BulletDispenser-1x,929,2.936,3.18,3.20,0.0032,464,226
T-BulletDispenser-1x,930,2.939,3.00,2.99,0.0030,464,226
T-BulletDispenser-1x,931,2.942,3.54,3.52,0.0035,464,226
T-BulletDispenser-1x,932,2.945,2.85,2.88,0.0029,464,226
T-BulletDispenser-1x,933,2.949,3.46,3.41,0.0035,464,226
T-BulletDispenser-1x,934,2.952,3.23,3.28,0.0032,464,226
T-BulletDispenser-1x,935,2.955,3.23,3.22,0.0032,464,226
T-BulletDispenser-1x,936,2.958,2.87,2.89,0.0029,464,226
T-BulletDispenser-1x,937,2.961,3.33,3.29,0.0033,464,226
T-BulletDispenser-1x,938,2.965,3.28,3.30,0.0033,464,226
T-BulletDispenser-1x,939,2.968,3.02,2.99,0.0030,464,226
T-BulletDispenser-1x,940,2.971,3.31,3.32,0.0033,464,226
T-BulletDispenser-1x,941,2.974,2.95,2.98,0.0029,464,226
T-BulletDispenser-1x,942,2.977,3.24,3.21,0.0032,464,226
T-BulletDispenser-1x,943,2.980,3.20,3.19,0.0032,464,226
T-BulletDispenser-1x,944,2.983,3.05,3.01,0.0030,464,226
T-BulletDispenser-1x,945,2.987,3.16,3.19,0.0032,464,226
T-BulletDispenser-1x,946,2.990,3.26,3.28,0.0033,464,226
T-BulletDispenser-1x,947,2.993,3.21,3.20,0.0032,464,226
T-BulletDispenser-1x,948,2.996,3.44,3.40,0.0034,464,226
T-BulletDispenser-1x,949,2.999,2.76,2.81,0.0028,464,226
T-BulletDispenser-1x,950,3.003,3.32,3.29,0.0033,464,226
T-BulletDispenser-1x,951,3.006,3.29,3.30,0.0033,464,226
T-BulletDispenser-1x,952,3.009,3.20,3.19,0.0032,464,226
T-BulletDispenser-1x,953,3.012,3.32,3.32,0.0033,516,226
T-BulletDispenser-1x,954,3.015,2.95,2.98,0.0029,464,226
T-BulletDispenser-1x,955,3.018,3.15,3.12,0.0032,464,226
T-BulletDispenser-1x,956,3.022,3.29,3.29,0.0033,464,226
T-BulletDispenser-1x,957,3.024,2.77,2.80,0.0028,464,226
T-BulletDispenser-1x,958,3.028,3.23,3.20,0.0032,464,226
T-BulletDispenser-1x,959,3.031,3.40,3.41,0.0034,464,226
T-BulletDispenser-1x,960,3.034,3.00,2.98,0.0030,464,226
T-BulletDispenser-1x,961,3.037,3.33,3.31,0.0033,464,226
T-BulletDispenser-1x,962,3.040,2.93,2.98,0.0029,464,226
T-BulletDispenser-1x,963,3.044,3.38,3.32,0.0034,464,226
T-BulletDispenser-1x,964,3.047,3.17,3.17,0.0032,464,226
T-BulletDispenser-1x,965,3.050,3.05,3.01,0.0031,464,226
T-BulletDispenser-1x,966,3.053,3.13,3.19,0.0031,464,226
T-BulletDispenser-1x,967,3.057,3.42,3.41,0.0034,464,226
T-BulletDispenser-1x,968,3.060,3.30,3.30,0.0033,464,226
T-BulletDispenser-1x,969,3.063,3.34,3.28,0.0033,464,226
T-BulletDispenser-1x,970,3.066,2.92,3.00,0.0029,464,226
T-BulletDispenser-1x,971,3.069,3.26,3.22,0.0033,464,226
T-BulletDispenser-1x,972,3.073,3.27,3.29,0.0033,464,226
T-BulletDispenser-1x,973,3.076,3.13,3.10,0.0031,464,226
T-BulletDispenser-1x,974,3.079,3.51,3.52,0.0035,464,226
T-BulletDispenser-1x,975,3.082,3.04,3.07,0.0030,464,226
T-BulletDispenser-1x,976,3.086,3.22,3.21,0.0032,464,226
T-BulletDispenser-1x,977,3.089,3.18,3.20,0.0032,464,226
T-BulletDispenser-1x,978,3.092,3.35,3.31,0.0033,464,226
T-BulletDispenser-1x,979,3.095,3.17,3.20,0.0032,464,226
T-BulletDispenser-1x,980,3.098,3.18,3.20,0.0032,464,226
T-BulletDispenser-1x,981,3.102,3.28,3.23,0.0033,464,226
T-BulletDispenser-1x,982,3.105,3.34,3.37,0.0033,464,226
T-BulletDispenser-1x,983,3.108,2.88,2.90,0.0029,464,226
T-BulletDispenser-1x,984,3.111,3.25,3.21,0.0032,464,226
T-BulletDispenser-1x,985,3.114,3.27,3.29,0.0033,464,226
T-BulletDispenser-1x,986,3.117,2.91,2.90,0.0029,464,226
T-BulletDispenser-1x,987,3.120,2.99,3.00,0.0030,464,226
T-BulletDispenser-1x,988,3.123,2.98,2.99,0.0030,464,226
T-BulletDispenser-1x,989,3.126,3.05,3.01,0.0030,464,226
T-BulletDispenser-1x,990,3.130,3.17,3.18,0.0032,464,226
T-BulletDispenser-1x,991,3.132,3.01,3.01,0.0030,464,226
T-BulletDispenser-1x,992,3.136,3.31,3.30,0.0033,464,226
T-BulletDispenser-1x,993,3.139,3.17,3.19,0.0032,464,226
T-BulletDispenser-1x,994,3.142,3.21,3.20,0.0032,464,226
T-BulletDispenser-1x,995,3.145,3.21,3.21,0.0032,464,226
T-BulletDispenser-1x,996,3.149,3.18,3.19,0.0032,464,226
T-BulletDispenser-1x,997,3.152,3.21,3.20,0.0032,464,226
T-BulletDispenser-1x,998,3.155,3.41,3.40,0.0034,464,226
T-BulletDispenser-1x,999,3.159,3.52,3.51,0.0035,464,226
T-BulletDispenser-1x,1000,3.162,3.39,3.40,0.0034,464,226
T-BulletDispenser-1x,1001,3.166,3.52,3.49,0.0035,464,226
T-BulletDispenser-1x,1002,3.169,3.56,3.60,0.0036,464,226
T-BulletDispenser-1x,1003,3.172,3.02,3.00,0.0030,464,226
T-BulletDispenser-1x,1004,3.175,3.02,3.00,0.0030,464,226
T-BulletDispenser-1x,1005,3.179,4.06,4.04,0.0041,464,226
T-BulletDispenser-1x,1006,3.183,3.52,3.54,0.0035,464,226
T-BulletDispenser-1x,1007,3.186,3.28,3.30,0.0033,464,226
T-BulletDispenser-1x,1008,3.189,3.21,3.20,0.0032,464,226
T-BulletDispenser-1x,1009,3.193,3.20,3.20,0.0032,464,226
T-BulletDispenser-1x,1010,3.195,2.81,2.83,0.0028,464,226
T-BulletDispenser-1x,1011,3.199,3.21,3.19,0.0032,464,226
T-BulletDispenser-1x,1012,3.202,3.39,3.39,0.0034,464,226
T-BulletDispenser-1x,1013,3.205,3.11,3.10,0.0031,464,226
T-BulletDispenser-1x,1014,3.208,3.32,3.30,0.0033,464,226
T-BulletDispenser-1x,1015,3.212,3.26,3.30,0.0033,464,226
T-BulletDispenser-1x,1016,3.215,3.30,3.29,0.0033,516,226
T-BulletDispenser-1x,1017,3.218,3.40,3.40,0.0034,464,226
T-BulletDispenser-1x,1018,3.222,3.22,3.20,0.0032,464,226
T-BulletDispenser-1x,1019,3.225,3.34,3.30,0.0033,464,226
T-BulletDispenser-1x,1020,3.228,3.12,3.20,0.0031,464,226
T-BulletDispenser-1x,1021,3.231,3.31,3.28,0.0033,464,226
T-BulletDispenser-1x,1022,3.235,3.32,3.30,0.0033,464,226
T-BulletDispenser-1x,1023,3.238,3.13,3.11,0.0031,464,226
T-BulletDispenser-1x,1024,3.241,3.10,3.09,0.0031,464,226
T-BulletDispenser-1x,1025,3.244,3.15,3.20,0.0031,464,226
T-BulletDispenser-1x,1026,3.247,3.19,3.18,0.0032,464,226
T-BulletDispenser-1x,1027,3.250,3.16,3.11,0.0032,464,226
T-BulletDispenser-1x,1028,3.253,3.04,3.09,0.0030,464,226
T-BulletDispenser-1x,1029,3.257,3.32,3.30,0.0033,464,226
T-BulletDispenser-1x,1030,3.260,3.29,3.29,0.0033,464,226
T-BulletDispenser-1x,1031,3.263,3.13,3.11,0.0031,464,226
T-BulletDispenser-1x,1032,3.266,3.12,3.10,0.0031,464,226
T-BulletDispenser-1x,1033,3.270,3.41,3.40,0.0034,464,226
T-BulletDispenser-1x,1034,3.273,3.36,3.38,0.0034,464,226
T-BulletDispenser-1x,1035,3.276,2.89,2.90,0.0029,464,226
T-BulletDispenser-1x,1036,3.280,3.76,3.72,0.0038,464,226
T-BulletDispenser-1x,1037,3.283,2.93,2.99,0.0029,464,226
T-BulletDispenser-1x,1038,3.286,3.24,3.18,0.0032,464,226
T-BulletDispenser-1x,1039,3.289,3.34,3.31,0.0033,464,226
T-BulletDispenser-1x,1040,3.293,3.56,3.58,0.0036,464,226
T-BulletDispenser-1x,1041,3.296,3.39,3.41,0.0034,464,226
T-BulletDispenser-1x,1042,3.300,3.64,3.60,0.0036,464,226
T-BulletDispenser-1x,1043,3.303,3.25,3.30,0.0032,464,226
T-BulletDispenser-1x,1044,3.306,3.12,3.08,0.0031,464,226
T-BulletDispenser-1x,1045,3.309,3.09,3.11,0.0031,464,226
T-BulletDispenser-1x,1046,3.312,2.68,2.70,0.0027,464,226
T-BulletDispenser-1x,1047,3.315,3.22,3.19,0.0032,464,226
T-BulletDispenser-1x,1048,3.319,3.52,3.51,0.0035,464,226
T-BulletDispenser-1x,1049,3.322,3.62,3.60,0.0036,464,226
T-BulletDispenser-1x,1050,3.326,3.26,3.28,0.0033,464,226
T-BulletDispenser-1x,1051,3.328,2.88,2.91,0.0029,464,226
T-BulletDispenser-1x,1052,3.332,3.23,3.19,0.0032,464,226
T-BulletDispenser-1x,1053,3.335,3.29,3.29,0.0033,464,226
T-BulletDispenser-1x,1054,3.338,3.14,3.11,0.0031,464,226
T-BulletDispenser-1x,1055,3.341,3.07,3.10,0.0031,464,226
T-BulletDispenser-1x,1056,3.344,3.27,3.30,0.0033,464,226
T-BulletDispenser-1x,1057,3.348,3.10,2.99,0.0031,464,226
T-BulletDispenser-1x,1058,3.351,3.41,3.49,0.0034,464,226
T-BulletDispenser-1x,1059,3.354,2.78,2.80,0.0028,464,226
T-BulletDispenser-1x,1060,3.357,3.35,3.31,0.0034,464,226
T-BulletDispenser-1x,1061,3.360,3.38,3.39,0.0034,464,226
T-BulletDispenser-1x,1062,3.364,3.11,3.09,0.0031,464,226
T-BulletDispenser-1x,1063,3.367,3.34,3.32,0.0033,464,226
T-BulletDispenser-1x,1064,3.370,3.05,3.09,0.0030,464,226
T-BulletDispenser-1x,1065,3.373,3.21,3.18,0.0032,464,226
T-BulletDispenser-1x,1066,3.376,3.10,3.11,0.0031,464,226
T-BulletDispenser-1x,1067,3.379,2.95,2.93,0.0029,464,226
T-BulletDispenser-1x,1068,3.382,3.26,3.26,0.0033,464,226
T-BulletDispenser-1x,1069,3.386,3.19,3.22,0.0032,464,226
T-BulletDispenser-1x,1070,3.389,3.15,3.10,0.0032,464,226
T-BulletDispenser-1x,1071,3.392,3.48,3.49,0.0035,464,226
T-BulletDispenser-1x,1072,3.395,2.96,3.00,0.0030,464,226
T-BulletDispenser-1x,1073,3.399,3.44,3.40,0.0034,464,226
T-BulletDispenser-1x,1074,3.402,3.49,3.50,0.0035,464,226
T-BulletDispenser-1x,1075,3.406,3.41,3.39,0.0034,464,226
T-BulletDispenser-1x,1076,3.409,3.73,3.72,0.0037,464,226
T-BulletDispenser-1x,1077,3.413,3.51,3.48,0.0035,464,226
T-BulletDispenser-1x,1078,3.417,3.92,3.87,0.0039,516,226
T-BulletDispenser-1x,1079,3.420,3.26,3.32,0.0033,464,226
T-BulletDispenser-1x,1080,3.423,3.27,3.28,0.0033,464,226
T-BulletDispenser-1x,1081,3.426,3.11,3.11,0.0031,464,226
T-BulletDispenser-1x,1082,3.430,3.49,3.49,0.0035,464,226
T-BulletDispenser-1x,1083,3.433,3.59,3.52,0.0036,464,226
T-BulletDispenser-1x,1084,3.436,2.85,2.97,0.0029,464,226
T-BulletDispenser-1x,1085,3.440,3.47,3.42,0.0035,464,226
T-BulletDispenser-1x,1086,3.443,3.28,3.29,0.0033,464,226
T-BulletDispenser-1x,1087,3.446,3.17,3.09,0.0032,464,226
T-BulletDispenser-1x,1088,3.450,3.35,3.40,0.0034,464,226
T-BulletDispenser-1x,1089,3.453,3.45,3.47,0.0035,464,226
T-BulletDispenser-1x,1090,3.457,3.52,3.52,0.0035,464,226
T-BulletDispenser-1x,1091,3.460,3.19,3.19,0.0032,464,226
T-BulletDispenser-1x,1092,3.463,3.51,3.51,0.0035,464,226
T-BulletDispenser-1x,1093,3.466,2.87,2.89,0.0029,464,226
T-BulletDispenser-1x,1094,3.470,3.46,3.41,0.0035,464,226
T-BulletDispenser-1x,1095,3.473,3.48,3.51,0.0035,464,226
T-BulletDispenser-1x,1096,3.476,3.12,3.09,0.0031,464,226
T-BulletDispenser-1x,1097,3.480,3.40,3.40,0.0034,464,226
T-BulletDispenser-1x,1098,3.483,3.16,3.18,0.0032,464,226
T-BulletDispenser-1x,1099,3.486,3.31,3.30,0.0033,464,226
T-BulletDispenser-1x,1100,3.489,3.39,3.40,0.0034,464,226
T-BulletDispenser-1x,1101,3.492,3.01,2.99,0.0030,464,226
T-BulletDispenser-1x,1102,3.496,3.49,3.49,0.0035,464,226
T-BulletDispenser-1x,1103,3.499,3.12,3.12,0.0031,464,226
T-BulletDispenser-1x,1104,3.502,3.39,3.40,0.0034,464,226
T-BulletDispenser-1x,1105,3.506,3.08,3.08,0.0031,464,226
T-BulletDispenser-1x,1106,3.509,3.44,3.41,0.0034,464,226
T-BulletDispenser-1x,1107,3.512,3.15,3.18,0.0032,464,226
T-BulletDispenser-1x,1108,3.516,3.45,3.42,0.0035,464,226
T-BulletDispenser-1x,1109,3.519,3.49,3.49,0.0035,464,226
T-BulletDispenser-1x,1110,3.522,3.17,3.12,0.0032,464,226
T-BulletDispenser-1x,1111,3.526,3.54,3.58,0.0035,464,226
T-BulletDispenser-1x,1112,3.529,3.53,3.53,0.0035,464,226
T-BulletDispenser-1x,1113,3.533,3.61,3.54,0.0036,464,226
T-BulletDispenser-1x,1114,3.536,3.44,3.51,0.0034,464,226
T-BulletDispenser-1x,1115,3.540,3.28,3.30,0.0033,464,226
T-BulletDispenser-1x,1116,3.543,3.14,3.10,0.0031,464,226
T-BulletDispenser-1x,1117,3.546,3.27,3.22,0.0033,464,226
T-BulletDispenser-1x,1118,3.549,2.98,3.07,0.0030,464,226
T-BulletDispenser-1x,1119,3.552,3.34,3.31,0.0033,464,226
T-BulletDispenser-1x,1120,3.556,3.28,3.28,0.0033,464,226
T-BulletDispenser-1x,1121,3.559,3.12,3.10,0.0031,464,226
T-BulletDispenser-1x,1122,3.562,3.18,3.19,0.0032,464,226
T-BulletDispenser-1x,1123,3.565,3.18,3.21,0.0032,464,226
T-BulletDispenser-1x,1124,3.568,2.95,2.90,0.0029,464,226
T-BulletDispenser-1x,1125,3.571,3.29,3.30,0.0033,464,226
T-BulletDispenser-1x,1126,3.574,2.77,2.80,0.0028,464,226
T-BulletDispenser-1x,1127,3.577,3.22,3.19,0.0032,464,226
T-BulletDispenser-1x,1128,3.581,3.29,3.31,0.0033,464,226
T-BulletDispenser-1x,1129,3.584,3.22,3.20,0.0032,464,226
T-BulletDispenser-1x,1130,3.587,3.18,3.19,0.0032,464,226
T-BulletDispenser-1x,1131,3.590,3.28,3.30,0.0033,464,226
T-BulletDispenser-1x,1132,3.593,3.16,3.12,0.0032,464,226
T-BulletDispenser-1x,1133,3.597,3.36,3.38,0.0034,464,226
T-BulletDispenser-1x,1134,3.600,2.79,2.81,0.0028,464,226
T-BulletDispenser-1x,1135,3.603,3.33,3.29,0.0033,464,226
T-BulletDispenser-1x,1136,3.606,3.38,3.40,0.0034,464,226
T-BulletDispenser-1x,1137,3.609,3.02,3.00,0.0030,464,226
T-BulletDispenser-1x,1138,3.613,3.41,3.40,0.0034,464,226
T-BulletDispenser-1x,1139,3.616,3.08,3.12,0.0031,464,226
T-BulletDispenser-1x,1140,3.619,3.31,3.28,0.0033,516,226
T-BulletDispenser-1x,1141,3.622,3.29,3.29,0.0033,464,226
T-BulletDispenser-1x,1142,3.626,3.14,3.11,0.0031,464,226
T-BulletDispenser-1x,1143,3.629,3.79,3.77,0.0038,464,226
T-BulletDispenser-1x,1144,3.632,2.92,2.99,0.0029,464,226
T-BulletDispenser-1x,1145,3.635,3.18,3.12,0.0032,464,226
T-BulletDispenser-1x,1146,3.639,3.39,3.40,0.0034,464,226
T-BulletDispenser-1x,1147,3.642,3.32,3.31,0.0033,464,226
T-BulletDispenser-1x,1148,3.645,3.20,3.19,0.0032,464,226
T-BulletDispenser-1x,1149,3.649,3.35,3.38,0.0033,464,226
T-BulletDispenser-1x,1150,3.652,3.42,3.40,0.0034,464,226
T-BulletDispenser-1x,1151,3.655,3.34,3.32,0.0033,464,226
T-BulletDispenser-1x,1152,3.659,3.98,3.99,0.0040,464,226
T-BulletDispenser-1x,1153,3.663,3.72,3.70,0.0037,464,226
T-BulletDispenser-1x,1154,3.666,2.94,2.99,0.0029,464,226
T-BulletDispenser-1x,1155,3.670,3.44,3.41,0.0034,464,226
T-BulletDispenser-1x,1156,3.673,3.48,3.49,0.0035,464,226
T-BulletDispenser-1x,1157,3.676,3.01,3.01,0.0030,464,226
T-BulletDispenser-1x,1158,3.679,3.28,3.28,0.0033,464,226
T-BulletDispenser-1x,1159,3.682,3.08,3.11,0.0031,464,226
T-BulletDispenser-1x,1160,3.686,3.32,3.29,0.0033,464,226
T-BulletDispenser-1x,1161,3.689,3.21,3.21,0.0032,464,226
T-BulletDispenser-1x,1162,3.692,3.10,3.08,0.0031,464,226
T-BulletDispenser-1x,1163,3.695,3.11,3.10,0.0031,464,226
T-BulletDispenser-1x,1164,3.698,3.18,3.21,0.0032,464,226
T-BulletDispenser-1x,1165,3.701,3.12,3.10,0.0031,464,226
T-BulletDispenser-1x,1166,3.705,3.49,3.49,0.0035,464,226
T-BulletDispenser-1x,1167,3.708,2.87,2.90,0.0029,464,226
T-BulletDispenser-1x,1168,3.711,3.34,3.30,0.0033,464,226
T-BulletDispenser-1x,1169,3.715,3.47,3.49,0.0035,464,226
T-BulletDispenser-1x,1170,3.718,3.13,3.11,0.0031,464,226
T-BulletDispenser-1x,1171,3.721,3.61,3.60,0.0036,464,226
T-BulletDispenser-1x,1172,3.724,2.85,2.88,0.0028,464,226
T-BulletDispenser-1x,1173,3.727,3.24,3.21,0.0032,464,226
T-BulletDispenser-1x,1174,3.731,3.28,3.30,0.0033,464,226
T-BulletDispenser-1x,1175,3.734,3.14,3.10,0.0031,464,226
T-BulletDispenser-1x,1176,3.737,3.06,3.08,0.0031,464,226
T-BulletDispenser-1x,1177,3.740,3.17,3.20,0.0032,464,226
T-BulletDispenser-1x,1178,3.743,3.13,3.09,0.0031,464,226
T-BulletDispenser-1x,1179,3.747,3.40,3.40,0.0034,464,226
T-BulletDispenser-1x,1180,3.749,2.90,2.90,0.0029,464,226
T-BulletDispenser-1x,1181,3.753,3.40,3.39,0.0034,464,226
T-BulletDispenser-1x,1182,3.756,3.33,3.30,0.0033,464,226
T-BulletDispenser-1x,1183,3.760,3.29,3.30,0.0033,464,226
T-BulletDispenser-1x,1184,3.763,3.19,3.21,0.0032,464,226
T-BulletDispenser-1x,1185,3.766,3.00,2.99,0.0030,464,226
T-BulletDispenser-1x,1186,3.769,3.32,3.31,0.0033,464,226
T-BulletDispenser-1x,1187,3.772,3.05,3.08,0.0031,464,226
T-BulletDispenser-1x,1188,3.775,3.37,3.32,0.0034,464,226
T-BulletDispenser-1x,1189,3.778,2.73,2.79,0.0027,464,226
T-BulletDispenser-1x,1190,3.782,3.37,3.32,0.0034,464,226
T-BulletDispenser-1x,1191,3.785,3.08,3.08,0.0031,464,226
T-BulletDispenser-1x,1192,3.788,3.20,3.20,0.0032,464,226
T-BulletDispenser-1x,1193,3.791,3.31,3.30,0.0033,464,226
T-BulletDispenser-1x,1194,3.794,3.04,3.08,0.0030,464,226
T-BulletDispenser-1x,1195,3.797,3.11,3.10,0.0031,464,226
T-BulletDispenser-1x,1196,3.800,3.15,3.01,0.0031,464,226
T-BulletDispenser-1x,1197,3.803,2.95,3.10,0.0030,464,226
T-BulletDispenser-1x,1198,3.807,3.14,3.10,0.0031,464,226
T-BulletDispenser-1x,1199,3.810,3.44,3.42,0.0034,464,226
T-BulletDispenser-1x,1200,3.813,3.35,3.37,0.0034,464,226
T-BulletDispenser-1x,1201,3.816,2.90,2.92,0.0029,464,226
T-BulletDispenser-1x,1202,3.820,3.33,3.29,0.0033,516,226
T-BulletDispenser-1x,1203,3.823,3.26,3.28,0.0033,464,226
T-BulletDispenser-1x,1204,3.826,3.02,3.01,0.0030,464,226
T-BulletDispenser-1x,1205,3.829,3.43,3.43,0.0034,464,226
T-BulletDispenser-1x,1206,3.832,3.05,3.08,0.0030,464,226
T-BulletDispenser-1x,1207,3.836,3.24,3.19,0.0032,464,226
T-BulletDispenser-1x,1208,3.839,3.27,3.29,0.0033,464,226
T-BulletDispenser-1x,1209,3.842,3.27,3.23,0.0033,464,226
T-BulletDispenser-1x,1210,3.845,3.14,3.17,0.0031,464,226
T-BulletDispenser-1x,1211,3.848,3.19,3.21,0.0032,464,226
T-BulletDispenser-1x,1212,3.852,3.13,3.08,0.0031,464,226
T-BulletDispenser-1x,1213,3.855,3.39,3.40,0.0034,464,226
T-BulletDispenser-1x,1214,3.858,2.80,2.83,0.0028,464,226
T-BulletDispenser-1x,1215,3.861,3.19,3.17,0.0032,464,226
T-BulletDispenser-1x,1216,3.864,3.31,3.30,0.0033,464,226
T-BulletDispenser-1x,1217,3.868,3.33,3.31,0.0033,464,226
T-BulletDispenser-1x,1218,3.870,2.89,2.89,0.0029,464,226
T-BulletDispenser-1x,1219,3.874,3.16,3.19,0.0032,464,226
T-BulletDispenser-1x,1220,3.877,3.35,3.32,0.0034,464,226
T-BulletDispenser-1x,1221,3.880,3.45,3.46,0.0034,464,226
T-BulletDispenser-1x,1222,3.884,3.12,3.11,0.0031,464,226
T-BulletDispenser-1x,1223,3.887,3.15,3.12,0.0031,464,226
T-BulletDispenser-1x,1224,3.890,3.45,3.49,0.0035,464,226
T-BulletDispenser-1x,1225,3.894,3.51,3.49,0.0035,464,226
T-BulletDispenser-1x,1226,3.897,3.20,3.20,0.0032,464,226
T-BulletDispenser-1x,1227,3.900,3.51,3.50,0.0035,464,226
T-BulletDispenser-1x,1228,3.904,3.46,3.40,0.0035,464,226
T-BulletDispenser-1x,1229,3.907,3.47,3.51,0.0035,464,226
T-BulletDispenser-1x,1230,3.911,3.37,3.39,0.0034,464,226
T-BulletDispenser-1x,1231,3.914,3.08,3.08,0.0031,464,226
T-BulletDispenser-1x,1232,3.917,3.49,3.43,0.0035,464,226
T-BulletDispenser-1x,1233,3.920,3.02,3.08,0.0030,464,226
T-BulletDispenser-1x,1234,3.924,3.34,3.31,0.0033,464,226
T-BulletDispenser-1x,1235,3.927,3.47,3.48,0.0035,464,226
T-BulletDispenser-1x,1236,3.930,3.45,3.42,0.0034,464,226
T-BulletDispenser-1x,1237,3.934,3.58,3.58,0.0036,464,226
T-BulletDispenser-1x,1238,3.938,3.50,3.49,0.0035,464,226
T-BulletDispenser-1x,1239,3.941,3.40,3.40,0.0034,464,226
T-BulletDispenser-1x,1240,3.945,3.81,3.80,0.0038,464,226
T-BulletDispenser-1x,1241,3.948,3.35,3.39,0.0033,464,226
T-BulletDispenser-1x,1242,3.951,3.11,3.10,0.0031,464,226
T-BulletDispenser-1x,1243,3.955,3.49,3.39,0.0035,464,226
T-BulletDispenser-1x,1244,3.958,2.90,3.01,0.0029,464,226
T-BulletDispenser-1x,1245,3.961,3.37,3.31,0.0034,464,226
T-BulletDispenser-1x,1246,3.964,3.46,3.50,0.0035,464,226
T-BulletDispenser-1x,1247,3.968,3.29,3.28,0.0033,464,226
T-BulletDispenser-1x,1248,3.971,3.41,3.40,0.0034,464,226
T-BulletDispenser-1x,1249,3.975,3.57,3.52,0.0036,464,226
T-BulletDispenser-1x,1250,3.978,3.33,3.38,0.0033,464,226
T-BulletDispenser-1x,1251,3.982,3.67,3.62,0.0037,464,226
T-BulletDispenser-1x,1252,3.985,3.54,3.58,0.0035,464,226
T-BulletDispenser-1x,1253,3.988,3.11,3.10,0.0031,464,226
T-BulletDispenser-1x,1254,3.992,3.60,3.59,0.0036,464,226
T-BulletDispenser-1x,1255,3.995,3.16,3.00,0.0032,464,226
T-BulletDispenser-1x,1256,3.998,3.34,3.51,0.0033,464,226
T-BulletDispenser-1x,1257,4.002,3.38,3.38,0.0034,464,226
T-BulletDispenser-1x,1258,4.005,3.45,3.41,0.0035,464,226
T-BulletDispenser-1x,1259,4.009,3.69,3.71,0.0037,464,226
T-BulletDispenser-1x,1260,4.013,3.65,3.67,0.0037,464,226
T-BulletDispenser-1x,1261,4.016,3.72,3.70,0.0037,464,226
T-BulletDispenser-1x,1262,4.020,3.25,3.30,0.0033,516,226
T-BulletDispenser-1x,1263,4.023,3.36,3.31,0.0034,464,226
T-BulletDispenser-1x,1264,4.027,3.52,3.51,0.0035,464,226
T-BulletDispenser-1x,1265,4.030,3.57,3.59,0.0036,464,226
T-BulletDispenser-1x,1266,4.034,3.54,3.49,0.0035,464,226
T-BulletDispenser-1x,1267,4.037,3.24,3.29,0.0032,464,226
T-BulletDispenser-1x,1268,4.040,3.20,3.20,0.0032,464,226
T-BulletDispenser-1x,1269,4.044,3.53,3.50,0.0035,464,226
T-BulletDispenser-1x,1270,4.047,3.29,3.30,0.0033,464,226
T-BulletDispenser-1x,1271,4.050,3.30,3.29,0.0033,464,226
T-BulletDispenser-1x,1272,4.054,3.42,3.39,0.0034,464,226
T-BulletDispenser-1x,1273,4.057,3.41,3.41,0.0034,464,226
T-BulletDispenser-1x,1274,4.060,3.37,3.38,0.0034,464,226
T-BulletDispenser-1x,1275,4.064,3.75,3.71,0.0038,464,226
T-BulletDispenser-1x,1276,4.068,3.72,3.78,0.0037,464,226
T-BulletDispenser-1x,1277,4.071,3.06,3.00,0.0031,464,226
T-BulletDispenser-1x,1278,4.074,3.57,3.61,0.0036,464,226
T-BulletDispenser-1x,1279,4.078,3.48,3.51,0.0035,464,226
T-BulletDispenser-1x,1280,4.081,3.48,3.48,0.0035,464,226
T-BulletDispenser-1x,1281,4.085,3.41,3.40,0.0034,464,226
T-BulletDispenser-1x,1282,4.088,3.26,3.22,0.0033,464,226
T-BulletDispenser-1x,1283,4.091,3.28,3.28,0.0033,464,226
T-BulletDispenser-1x,1284,4.095,3.48,3.51,0.0035,464,226
T-BulletDispenser-1x,1285,4.098,3.42,3.41,0.0034,464,226
T-BulletDispenser-1x,1286,4.102,3.48,3.48,0.0035,464,226
T-BulletDispenser-1x,1287,4.105,3.31,3.31,0.0033,464,226
T-BulletDispenser-1x,1288,4.109,3.85,3.80,0.0039,464,226
T-BulletDispenser-1x,1289,4.112,3.01,3.10,0.0030,464,226
T-BulletDispenser-1x,1290,4.115,3.24,3.21,0.0032,464,226
T-BulletDispenser-1x,1291,4.119,3.37,3.37,0.0034,464,226
T-BulletDispenser-1x,1292,4.122,3.32,3.30,0.0033,464,226
T-BulletDispenser-1x,1293,4.125,3.41,3.41,0.0034,464,226
T-BulletDispenser-1x,1294,4.128,3.07,3.10,0.0031,464,226
T-BulletDispenser-1x,1295,4.132,3.38,3.38,0.0034,464,226
T-BulletDispenser-1x,1296,4.135,3.72,3.72,0.0037,464,226
T-BulletDispenser-1x,1297,4.139,3.64,3.61,0.0036,464,226
T-BulletDispenser-1x,1298,4.143,3.81,3.79,0.0038,464,226
T-BulletDispenser-1x,1299,4.147,3.68,3.69,0.0037,464,226
T-BulletDispenser-1x,1300,4.150,3.62,3.59,0.0036,464,226
T-BulletDispenser-1x,1301,4.154,3.76,3.80,0.0038,464,226
T-BulletDispenser-1x,1302,4.157,3.31,3.29,0.0033,464,226
T-BulletDispenser-1x,1303,4.161,3.38,3.41,0.0034,464,226
T-BulletDispenser-1x,1304,4.164,2.90,2.90,0.0029,464,226
T-BulletDispenser-1x,1305,4.167,3.53,3.49,0.0035,464,226
T-BulletDispenser-1x,1306,4.170,2.84,2.90,0.0028,464,226
T-BulletDispenser-1x,1307,4.173,3.11,3.10,0.0031,464,226
T-BulletDispenser-1x,1308,4.176,3.43,3.40,0.0034,464,226
T-BulletDispenser-1x,1309,4.180,3.52,3.51,0.0035,464,226
T-BulletDispenser-1x,1310,4.184,3.52,3.50,0.0035,464,226
T-BulletDispenser-1x,1311,4.187,3.45,3.48,0.0035,464,226
T-BulletDispenser-1x,1312,4.190,3.52,3.50,0.0035,464,226
T-BulletDispenser-1x,1313,4.194,3.50,3.49,0.0035,464,226
T-BulletDispenser-1x,1314,4.197,3.39,3.39,0.0034,464,226
T-BulletDispenser-1x,1315,4.201,3.54,3.51,0.0035,464,226
T-BulletDispenser-1x,1316,4.204,2.93,2.99,0.0029,464,226
T-BulletDispenser-1x,1317,4.207,3.25,3.21,0.0032,464,226
T-BulletDispenser-1x,1318,4.210,3.38,3.40,0.0034,464,226
T-BulletDispenser-1x,1319,4.213,3.02,2.99,0.0030,464,226
T-BulletDispenser-1x,1320,4.217,3.42,3.41,0.0034,464,226
T-BulletDispenser-1x,1321,4.220,3.15,3.19,0.0031,516,226
T-BulletDispenser-1x,1322,4.224,3.53,3.48,0.0035,464,226
T-BulletDispenser-1x,1323,4.227,3.15,3.19,0.0032,464,226
T-BulletDispenser-1x,1324,4.230,3.46,3.41,0.0035,464,226
T-BulletDispenser-1x,1325,4.234,3.73,3.70,0.0037,464,226
T-BulletDispenser-1x,1326,4.237,3.38,3.41,0.0034,464,226
T-BulletDispenser-1x,1327,4.241,3.26,3.26,0.0033,464,226
T-BulletDispenser-1x,1328,4.244,3.29,3.30,0.0033,464,226
T-BulletDispenser-1x,1329,4.247,3.43,3.40,0.0034,464,226
T-BulletDispenser-1x,1330,4.251,3.53,3.52,0.0035,464,226
T-BulletDispenser-1x,1331,4.255,3.78,3.78,0.0038,464,226
T-BulletDispenser-1x,1332,4.258,3.28,3.31,0.0033,464,226
T-BulletDispenser-1x,1333,4.261,3.27,3.28,0.0033,464,226
T-BulletDispenser-1x,1334,4.265,3.64,3.61,0.0036,464,226
T-BulletDispenser-1x,1335,4.268,3.52,3.40,0.0035,464,226
T-BulletDispenser-1x,1336,4.271,3.19,3.29,0.0032,464,226
T-BulletDispenser-1x,1337,4.275,3.09,3.10,0.0031,464,226
T-BulletDispenser-1x,1338,4.278,3.16,3.18,0.0032,464,226
T-BulletDispenser-1x,1339,4.281,2.99,2.98,0.0030,464,226
T-BulletDispenser-1x,1340,4.284,3.32,3.31,0.0033,464,226
T-BulletDispenser-1x,1341,4.287,2.78,2.80,0.0028,464,226
T-BulletDispenser-1x,1342,4.290,3.14,3.12,0.0031,464,226
T-BulletDispenser-1x,1343,4.293,3.28,3.28,0.0033,464,226
T-BulletDispenser-1x,1344,4.296,3.23,3.22,0.0032,464,226
T-BulletDispenser-1x,1345,4.300,3.23,3.20,0.0032,464,226
T-BulletDispenser-1x,1346,4.303,3.23,3.28,0.0032,464,226
T-BulletDispenser-1x,1347,4.306,3.44,3.39,0.0034,464,226
T-BulletDispenser-1x,1348,4.310,3.19,3.21,0.0032,464,226
T-BulletDispenser-1x,1349,4.312,2.79,2.80,0.0028,464,226
T-BulletDispenser-1x,1350,4.316,3.32,3.28,0.0033,464,226
T-BulletDispenser-1x,1351,4.319,3.61,3.61,0.0036,464,226
T-BulletDispenser-1x,1352,4.323,3.38,3.31,0.0034,464,226
T-BulletDispenser-1x,1353,4.326,3.53,3.59,0.0035,464,226
T-BulletDispenser-1x,1354,4.330,3.50,3.49,0.0035,464,226
T-BulletDispenser-1x,1355,4.332,2.86,2.90,0.0029,464,226
T-BulletDispenser-1x,1356,4.336,3.45,3.40,0.0035,464,226
T-BulletDispenser-1x,1357,4.339,3.46,3.49,0.0035,464,226
T-BulletDispenser-1x,1358,4.343,3.12,3.11,0.0031,464,226
T-BulletDispenser-1x,1359,4.346,3.55,3.51,0.0036,464,226
T-BulletDispenser-1x,1360,4.349,3.12,3.18,0.0031,464,226
T-BulletDispenser-1x,1361,4.353,3.46,3.41,0.0035,464,226
T-BulletDispenser-1x,1362,4.356,3.52,3.50,0.0035,464,226
T-BulletDispenser-1x,1363,4.360,3.45,3.48,0.0035,464,226
T-BulletDispenser-1x,1364,4.363,3.49,3.50,0.0035,464,226
T-BulletDispenser-1x,1365,4.367,3.68,3.58,0.0037,464,226
T-BulletDispenser-1x,1366,4.370,2.89,3.00,0.0029,464,226
T-BulletDispenser-1x,1367,4.373,3.45,3.42,0.0035,464,226
T-BulletDispenser-1x,1368,4.377,3.34,3.29,0.0033,464,226
T-BulletDispenser-1x,1369,4.380,3.51,3.58,0.0035,464,226
T-BulletDispenser-1x,1370,4.384,3.54,3.51,0.0035,464,226
T-BulletDispenser-1x,1371,4.387,3.32,3.32,0.0033,464,226
T-BulletDispenser-1x,1372,4.390,3.35,3.39,0.0034,464,226
T-BulletDispenser-1x,1373,4.394,3.42,3.40,0.0034,464,226
T-BulletDispenser-1x,1374,4.397,3.51,3.48,0.0035,464,226
T-BulletDispenser-1x,1375,4.401,3.82,3.82,0.0038,464,226
T-BulletDispenser-1x,1376,4.404,3.40,3.39,0.0034,464,226
T-BulletDispenser-1x,1377,4.408,3.67,3.68,0.0037,464,226
T-BulletDispenser-1x,1378,4.411,3.30,3.30,0.0033,464,226
T-BulletDispenser-1x,1379,4.415,3.48,3.49,0.0035,464,226
T-BulletDispenser-1x,1380,4.418,3.49,3.42,0.0035,464,226
T-BulletDispenser-1x,1381,4.422,3.22,3.27,0.0032,516,226
T-BulletDispenser-1x,1382,4.425,3.33,3.30,0.0033,464,226
T-BulletDispenser-1x,1383,4.428,3.26,3.30,0.0033,464,226
T-BulletDispenser-1x,1384,4.432,3.52,3.50,0.0035,464,226
T-BulletDispenser-1x,1385,4.435,3.83,3.80,0.0038,464,226
T-BulletDispenser-1x,1386,4.439,3.46,3.50,0.0035,464,226
T-BulletDispenser-1x,1387,4.443,3.75,3.71,0.0038,464,226
T-BulletDispenser-1x,1388,4.446,3.21,3.19,0.0032,464,226
T-BulletDispenser-1x,1389,4.450,3.67,3.69,0.0037,464,226
T-BulletDispenser-1x,1390,4.453,3.35,3.39,0.0034,464,226
T-BulletDispenser-1x,1391,4.456,3.41,3.37,0.0034,464,226
T-BulletDispenser-1x,1392,4.460,3.51,3.51,0.0035,464,226
T-BulletDispenser-1x,1393,4.463,3.33,3.31,0.0033,464,226
T-BulletDispenser-1x,1394,4.467,3.49,3.49,0.0035,464,226
T-BulletDispenser-1x,1395,4.470,3.42,3.40,0.0034,464,226
T-BulletDispenser-1x,1396,4.474,3.43,3.48,0.0034,464,226
T-BulletDispenser-1x,1397,4.477,3.54,3.52,0.0035,464,226
T-BulletDispenser-1x,1398,4.480,3.31,3.29,0.0033,464,226
T-BulletDispenser-1x,1399,4.484,3.68,3.69,0.0037,464,226
T-BulletDispenser-1x,1400,4.487,2.85,2.89,0.0028,464,226
T-BulletDispenser-1x,1401,4.490,3.32,3.29,0.0033,464,226
T-BulletDispenser-1x,1402,4.493,3.29,3.31,0.0033,464,226
T-BulletDispenser-1x,1403,4.497,3.21,3.21,0.0032,464,226
T-BulletDispenser-1x,1404,4.500,3.61,3.59,0.0036,464,226
T-BulletDispenser-1x,1405,4.504,3.24,3.20,0.0032,464,226
T-BulletDispenser-1x,1406,4.507,3.25,3.30,0.0033,464,226
T-BulletDispenser-1x,1407,4.510,3.35,3.31,0.0034,464,226
T-BulletDispenser-1x,1408,4.514,3.81,3.79,0.0038,464,226
T-BulletDispenser-1x,1409,4.517,3.49,3.50,0.0035,464,226
T-BulletDispenser-1x,1410,4.521,3.27,3.29,0.0033,464,226
T-BulletDispenser-1x,1411,4.524,3.71,3.71,0.0037,464,226
T-BulletDispenser-1x,1412,4.528,3.26,3.29,0.0033,464,226
T-BulletDispenser-1x,1413,4.531,3.22,3.22,0.0032,464,226
T-BulletDispenser-1x,1414,4.534,3.53,3.50,0.0035,464,226
T-BulletDispenser-1x,1415,4.537,2.83,2.88,0.0028,464,226
T-BulletDispenser-1x,1416,4.541,3.34,3.31,0.0033,464,226
T-BulletDispenser-1x,1417,4.544,3.16,3.18,0.0032,464,226
T-BulletDispenser-1x,1418,4.547,3.13,3.11,0.0031,464,226
T-BulletDispenser-1x,1419,4.550,3.53,3.51,0.0035,464,226
T-BulletDispenser-1x,1420,4.553,2.95,3.00,0.0030,464,226
T-BulletDispenser-1x,1421,4.557,3.43,3.39,0.0034,464,226
T-BulletDispenser-1x,1422,4.560,3.42,3.42,0.0034,464,226
T-BulletDispenser-1x,1423,4.564,3.36,3.37,0.0034,464,226
T-BulletDispenser-1x,1424,4.567,3.13,3.09,0.0031,464,226
T-BulletDispenser-1x,1425,4.570,3.38,3.42,0.0034,464,226
T-BulletDispenser-1x,1426,4.573,3.33,3.29,0.0033,464,226
T-BulletDispenser-1x,1427,4.577,3.35,3.38,0.0033,464,226
T-BulletDispenser-1x,1428,4.580,3.31,3.31,0.0033,464,226
T-BulletDispenser-1x,1429,4.584,3.66,3.62,0.0037,464,226
T-BulletDispenser-1x,1430,4.587,3.04,3.10,0.0030,464,226
T-BulletDispenser-1x,1431,4.590,3.42,3.39,0.0034,464,226
T-BulletDispenser-1x,1432,4.594,3.58,3.59,0.0036,464,226
T-BulletDispenser-1x,1433,4.597,3.20,3.19,0.0032,464,226
T-BulletDispenser-1x,1434,4.601,3.64,3.62,0.0036,464,226
T-BulletDispenser-1x,1435,4.604,3.57,3.58,0.0036,464,226
T-BulletDispenser-1x,1436,4.608,3.92,3.92,0.0039,464,226
T-BulletDispenser-1x,1437,4.611,3.17,3.18,0.0032,464,226
T-BulletDispenser-1x,1438,4.615,3.64,3.61,0.0036,464,226
T-BulletDispenser-1x,1439,4.619,3.59,3.59,0.0036,464,226
T-BulletDispenser-1x,1440,4.622,3.31,3.30,0.0033,516,226
T-BulletDispenser-1x,1441,4.626,3.81,3.81,0.0038,464,226
T-BulletDispenser-1x,1442,4.629,3.65,3.67,0.0036,464,226
T-BulletDispenser-1x,1443,4.632,3.11,3.12,0.0031,464,226
T-BulletDispenser-1x,1444,4.636,3.26,3.29,0.0033,464,226
T-BulletDispenser-1x,1445,4.639,3.14,3.12,0.0031,464,226
T-BulletDispenser-1x,1446,4.642,3.61,3.60,0.0036,464,226
T-BulletDispenser-1x,1447,4.646,3.58,3.51,0.0036,464,226
T-BulletDispenser-1x,1448,4.649,2.98,3.06,0.0030,464,226
T-BulletDispenser-1x,1449,4.653,3.54,3.50,0.0035,464,226
T-BulletDispenser-1x,1450,4.656,3.49,3.51,0.0035,464,226
T-BulletDispenser-1x,1451,4.659,3.21,3.20,0.0032,464,226
T-BulletDispenser-1x,1452,4.663,3.30,3.30,0.0033,464,226
T-BulletDispenser-1x,1453,4.666,3.17,3.20,0.0032,464,226
T-BulletDispenser-1x,1454,4.669,3.38,3.38,0.0034,464,226
T-BulletDispenser-1x,1455,4.673,3.41,3.40,0.0034,464,226
T-BulletDispenser-1x,1456,4.676,3.37,3.32,0.0034,464,226
T-BulletDispenser-1x,1457,4.679,3.44,3.40,0.0034,464,226
T-BulletDispenser-1x,1458,4.683,3.21,3.29,0.0032,464,226
T-BulletDispenser-1x,1459,4.686,3.16,3.18,0.0032,464,226
T-BulletDispenser-1x,1460,4.689,3.00,2.98,0.0030,464,226
T-BulletDispenser-1x,1461,4.692,3.42,3.40,0.0034,464,226
T-BulletDispenser-1x,1462,4.695,2.91,2.92,0.0029,464,226
T-BulletDispenser-1x,1463,4.698,3.44,3.40,0.0034,464,226
T-BulletDispenser-1x,1464,4.702,3.25,3.28,0.0033,464,226
T-BulletDispenser-1x,1465,4.705,3.14,3.10,0.0031,464,226
T-BulletDispenser-1x,1466,4.708,3.37,3.40,0.0034,464,226
T-BulletDispenser-1x,1467,4.711,3.09,3.10,0.0031,464,226
T-BulletDispenser-1x,1468,4.715,3.44,3.41,0.0034,464,226
T-BulletDispenser-1x,1469,4.718,3.59,3.59,0.0036,464,226
T-BulletDispenser-1x,1470,4.722,3.59,3.59,0.0036,464,226
T-BulletDispenser-1x,1471,4.725,3.52,3.50,0.0035,464,226
T-BulletDispenser-1x,1472,4.729,3.87,3.89,0.0039,464,226
T-BulletDispenser-1x,1473,4.733,3.62,3.62,0.0036,464,226
T-BulletDispenser-1x,1474,4.736,3.14,3.18,0.0031,464,226
T-BulletDispenser-1x,1475,4.739,3.23,3.12,0.0032,464,226
T-BulletDispenser-1x,1476,4.743,3.23,3.29,0.0032,464,226
T-BulletDispenser-1x,1477,4.745,2.86,2.88,0.0029,464,226
T-BulletDispenser-1x,1478,4.749,3.35,3.30,0.0033,464,226
T-BulletDispenser-1x,1479,4.752,3.46,3.49,0.0035,464,226
T-BulletDispenser-1x,1480,4.755,3.12,3.11,0.0031,464,226
T-BulletDispenser-1x,1481,4.759,3.61,3.59,0.0036,464,226
T-BulletDispenser-1x,1482,4.762,3.09,3.11,0.0031,464,226
T-BulletDispenser-1x,1483,4.766,3.51,3.49,0.0035,464,226
T-BulletDispenser-1x,1484,4.769,3.39,3.40,0.0034,464,226
T-BulletDispenser-1x,1485,4.772,3.02,3.00,0.0030,464,226
T-BulletDispenser-1x,1486,4.775,3.37,3.37,0.0034,464,226
T-BulletDispenser-1x,1487,4.778,3.11,3.10,0.0031,464,226
T-BulletDispenser-1x,1488,4.782,3.30,3.31,0.0033,464,226
T-BulletDispenser-1x,1489,4.785,3.18,3.19,0.0032,464,226
T-BulletDispenser-1x,1490,4.788,3.31,3.30,0.0033,464,226
T-BulletDispenser-1x,1491,4.791,2.89,2.91,0.0029,464,226
T-BulletDispenser-1x,1492,4.795,3.42,3.39,0.0034,464,226
T-BulletDispenser-1x,1493,4.798,3.37,3.39,0.0034,464,226
T-BulletDispenser-1x,1494,4.801,3.34,3.31,0.0033,464,226
T-BulletDispenser-1x,1495,4.805,3.51,3.50,0.0035,464,226
T-BulletDispenser-1x,1496,4.807,2.74,2.78,0.0027,464,226
T-BulletDispenser-1x,1497,4.811,3.23,3.19,0.0032,464,226
T-BulletDispenser-1x,1498,4.814,3.40,3.40,0.0034,464,226
T-BulletDispenser-1x,1499,4.818,3.42,3.40,0.0034,464,226
T-BulletDispenser-1x,1500,4.820,2.87,2.91,0.0029,464,226
T-BulletDispenser-1x,1501,4.824,3.44,3.40,0.0034,516,226
T-BulletDispenser-1x,1502,4.827,3.29,3.28,0.0033,464,226
T-BulletDispenser-1x,1503,4.830,3.31,3.31,0.0033,464,226
T-BulletDispenser-1x,1504,4.834,3.17,3.10,0.0032,464,226
T-BulletDispenser-1x,1505,4.837,3.11,3.18,0.0031,464,226
T-BulletDispenser-1x,1506,4.840,3.09,3.10,0.0031,464,226
T-BulletDispenser-1x,1507,4.843,3.20,3.20,0.0032,464,226
T-BulletDispenser-1x,1508,4.847,3.57,3.52,0.0036,464,226
T-BulletDispenser-1x,1509,4.850,3.05,3.09,0.0030,464,226
T-BulletDispenser-1x,1510,4.853,3.33,3.30,0.0033,464,226
T-BulletDispenser-1x,1511,4.856,3.49,3.49,0.0035,464,226
T-BulletDispenser-1x,1512,4.860,3.59,3.60,0.0036,464,226
T-BulletDispenser-1x,1513,4.863,2.99,2.99,0.0030,464,226
T-BulletDispenser-1x,1514,4.866,2.97,2.91,0.0030,464,226
T-BulletDispenser-1x,1515,4.869,3.44,3.48,0.0034,464,226
T-BulletDispenser-1x,1516,4.873,3.46,3.43,0.0035,464,226
T-BulletDispenser-1x,1517,4.876,3.16,3.17,0.0032,464,226
T-BulletDispenser-1x,1518,4.879,3.35,3.32,0.0034,464,226
T-BulletDispenser-1x,1519,4.882,2.81,2.89,0.0028,464,226
T-BulletDispenser-1x,1520,4.885,3.09,3.00,0.0031,464,226
T-BulletDispenser-1x,1521,4.889,3.55,3.59,0.0036,464,226
T-BulletDispenser-1x,1522,4.892,3.60,3.58,0.0036,464,226
T-BulletDispenser-1x,1523,4.895,2.96,3.01,0.0030,464,226
T-BulletDispenser-1x,1524,4.899,3.32,3.29,0.0033,464,226
T-BulletDispenser-1x,1525,4.902,3.39,3.40,0.0034,464,226
T-BulletDispenser-1x,1526,4.905,3.20,3.20,0.0032,464,226
T-BulletDispenser-1x,1527,4.909,3.53,3.51,0.0035,464,226
T-BulletDispenser-1x,1528,4.912,3.28,3.29,0.0033,464,226
T-BulletDispenser-1x,1529,4.915,3.15,3.19,0.0032,464,226
T-BulletDispenser-1x,1530,4.919,3.35,3.32,0.0033,464,226
T-BulletDispenser-1x,1531,4.922,3.29,3.29,0.0033,464,226
T-BulletDispenser-1x,1532,4.925,3.00,2.99,0.0030,464,226
T-BulletDispenser-1x,1533,4.928,3.31,3.32,0.0033,464,226
T-BulletDispenser-1x,1534,4.931,3.27,3.28,0.0033,464,226
T-BulletDispenser-1x,1535,4.935,3.04,3.01,0.0030,464,226
T-BulletDispenser-1x,1536,4.938,3.49,3.40,0.0035,464,226
T-BulletDispenser-1x,1537,4.941,2.76,2.89,0.0028,464,226
T-BulletDispenser-1x,1538,4.944,3.14,3.11,0.0031,464,226
T-BulletDispenser-1x,1539,4.947,3.29,3.29,0.0033,464,226
T-BulletDispenser-1x,1540,4.951,3.33,3.29,0.0033,464,226
T-BulletDispenser-1x,1541,4.954,3.18,3.21,0.0032,464,226
T-BulletDispenser-1x,1542,4.957,3.68,3.62,0.0037,464,226
T-BulletDispenser-1x,1543,4.961,3.19,3.26,0.0032,464,226
T-BulletDispenser-1x,1544,4.964,3.18,3.13,0.0032,464,226
T-BulletDispenser-1x,1545,4.967,3.55,3.58,0.0036,464,226
T-BulletDispenser-1x,1546,4.971,3.29,3.29,0.0033,464,226
T-BulletDispenser-1x,1547,4.974,2.99,2.99,0.0030,464,226
T-BulletDispenser-1x,1548,4.977,3.63,3.61,0.0036,464,226
T-BulletDispenser-1x,1549,4.981,3.38,3.40,0.0034,464,226
T-BulletDispenser-1x,1550,4.984,3.35,3.31,0.0033,464,226
T-BulletDispenser-1x,1551,4.987,2.94,3.00,0.0029,464,226
T-BulletDispenser-1x,1552,4.990,3.26,3.19,0.0033,464,226
T-BulletDispenser-1x,1553,4.993,3.35,3.39,0.0033,464,226
T-BulletDispenser-1x,1554,4.996,2.94,2.91,0.0029,464,226
T-BulletDispenser-1x,1555,5.000,3.19,3.20,0.0032,464,226
T-BulletDispenser-1x,1556,5.003,3.50,3.51,0.0035,464,226
T-BulletDispenser-1x,1557,5.007,3.50,3.49,0.0035,464,226
T-BulletDispenser-1x,1558,5.010,3.49,3.50,0.0035,464,226
T-BulletDispenser-1x,1559,5.013,2.97,2.98,0.0030,464,226
T-BulletDispenser-1x,1560,5.016,3.23,3.22,0.0032,464,226
T-BulletDispenser-1x,1561,5.019,3.15,3.19,0.0032,464,226
T-BulletDispenser-1x,1562,5.023,3.25,3.22,0.0033,464,226
T-BulletDispenser-1x,1563,5.026,3.28,3.28,0.0033,516,226
T-BulletDispenser-1x,1564,5.029,3.17,3.17,0.0032,464,226
T-BulletDispenser-1x,1565,5.033,3.43,3.43,0.0034,464,226
T-BulletDispenser-1x,1566,5.036,3.20,3.19,0.0032,464,226
T-BulletDispenser-1x,1567,5.039,3.21,3.22,0.0032,464,226
T-BulletDispenser-1x,1568,5.042,3.12,3.08,0.0031,464,226
T-BulletDispenser-1x,1569,5.045,3.08,3.10,0.0031,464,226
T-BulletDispenser-1x,1570,5.048,3.15,3.20,0.0032,464,226
T-BulletDispenser-1x,1571,5.052,3.14,3.11,0.0031,464,226
T-BulletDispenser-1x,1572,5.055,3.53,3.50,0.0035,464,226
T-BulletDispenser-1x,1573,5.058,3.30,3.30,0.0033,464,226
T-BulletDispenser-1x,1574,5.061,2.97,2.99,0.0030,464,226
T-BulletDispenser-1x,1575,5.065,3.39,3.39,0.0034,464,226
T-BulletDispenser-1x,1576,5.068,3.22,3.20,0.0032,464,226
T-BulletDispenser-1x,1577,5.071,3.51,3.50,0.0035,464,226
T-BulletDispenser-1x,1578,5.074,2.84,2.89,0.0028,464,226
T-BulletDispenser-1x,1579,5.078,3.36,3.31,0.0034,464,226
T-BulletDispenser-1x,1580,5.081,3.39,3.40,0.0034,464,226
T-BulletDispenser-1x,1581,5.084,3.22,3.20,0.0032,464,226
T-BulletDispenser-1x,1582,5.088,3.65,3.62,0.0036,464,226
T-BulletDispenser-1x,1583,5.091,3.24,3.28,0.0032,464,226
T-BulletDispenser-1x,1584,5.095,3.56,3.51,0.0036,464,226
T-BulletDispenser-1x,1585,5.098,3.32,3.28,0.0033,464,226
T-BulletDispenser-1x,1586,5.102,3.61,3.69,0.0036,464,226
T-BulletDispenser-1x,1587,5.105,3.58,3.52,0.0036,464,226
T-BulletDispenser-1x,1588,5.109,3.47,3.47,0.0035,464,226
T-BulletDispenser-1x,1589,5.112,3.03,3.10,0.0030,464,226
T-BulletDispenser-1x,1590,5.115,3.12,3.09,0.0031,464,226
T-BulletDispenser-1x,1591,5.118,3.34,3.32,0.0033,464,226
T-BulletDispenser-1x,1592,5.121,3.20,3.20,0.0032,464,226
T-BulletDispenser-1x,1593,5.124,3.08,3.09,0.0031,464,226
T-BulletDispenser-1x,1594,5.128,3.15,3.19,0.0032,464,226
T-BulletDispenser-1x,1595,5.131,3.21,3.19,0.0032,464,226
T-BulletDispenser-1x,1596,5.134,3.47,3.43,0.0035,464,226
T-BulletDispenser-1x,1597,5.137,3.14,3.18,0.0031,464,226
T-BulletDispenser-1x,1598,5.141,3.11,3.11,0.0031,464,226
T-BulletDispenser-1x,1599,5.144,3.32,3.29,0.0033,464,226
T-BulletDispenser-1x,1600,5.147,3.19,3.20,0.0032,464,226
T-BulletDispenser-1x,1601,5.150,2.78,2.80,0.0028,464,226
T-BulletDispenser-1x,1602,5.153,3.43,3.40,0.0034,464,226
T-BulletDispenser-1x,1603,5.156,3.16,3.20,0.0032,464,226
T-BulletDispenser-1x,1604,5.159,3.11,3.09,0.0031,464,226
T-BulletDispenser-1x,1605,5.163,3.14,3.09,0.0031,464,226
T-BulletDispenser-1x,1606,5.166,2.95,3.01,0.0030,464,226
T-BulletDispenser-1x,1607,5.169,3.28,3.21,0.0033,464,226
T-BulletDispenser-1x,1608,5.172,3.47,3.50,0.0035,464,226
T-BulletDispenser-1x,1609,5.176,3.20,3.19,0.0032,464,226
T-BulletDispenser-1x,1610,5.179,3.91,3.82,0.0039,464,226
T-BulletDispenser-1x,1611,5.182,2.95,3.07,0.0029,464,226
T-BulletDispenser-1x,1612,5.186,3.33,3.29,0.0033,464,226
T-BulletDispenser-1x,1613,5.189,3.39,3.40,0.0034,464,226
T-BulletDispenser-1x,1614,5.192,3.24,3.21,0.0032,464,226
T-BulletDispenser-1x,1615,5.196,3.27,3.29,0.0033,464,226
T-BulletDispenser-1x,1616,5.199,3.50,3.50,0.0035,464,226
T-BulletDispenser-1x,1617,5.202,3.26,3.28,0.0033,464,226
T-BulletDispenser-1x,1618,5.205,3.02,3.00,0.0030,464,226
T-BulletDispenser-1x,1619,5.209,3.43,3.41,0.0034,464,226
T-BulletDispenser-1x,1620,5.212,2.85,2.88,0.0029,464,226
T-BulletDispenser-1x,1621,5.215,3.44,3.42,0.0034,464,226
T-BulletDispenser-1x,1622,5.218,3.26,3.28,0.0033,464,226
T-BulletDispenser-1x,1623,5.221,2.95,2.91,0.0030,464,226
T-BulletDispenser-1x,1624,5.225,3.18,3.20,0.0032,464,226
T-BulletDispenser-1x,1625,5.228,3.33,3.30,0.0033,516,226
T-BulletDispenser-1x,1626,5.231,3.37,3.39,0.0034,464,226
T-BulletDispenser-1x,1627,5.235,3.40,3.40,0.0034,464,226
T-BulletDispenser-1x,1628,5.237,2.75,2.78,0.0027,464,226
T-BulletDispenser-1x,1629,5.241,3.47,3.41,0.0035,464,226
T-BulletDispenser-1x,1630,5.244,3.26,3.28,0.0033,464,226
T-BulletDispenser-1x,1631,5.247,3.33,3.30,0.0033,464,226
T-BulletDispenser-1x,1632,5.251,3.42,3.42,0.0034,464,226
T-BulletDispenser-1x,1633,5.254,2.93,2.99,0.0029,464,226
T-BulletDispenser-1x,1634,5.257,3.36,3.31,0.0034,464,226
T-BulletDispenser-1x,1635,5.261,3.38,3.39,0.0034,464,226
T-BulletDispenser-1x,1636,5.264,3.38,3.39,0.0034,464,226
T-BulletDispenser-1x,1637,5.267,3.53,3.51,0.0035,464,226
T-BulletDispenser-1x,1638,5.270,2.83,2.88,0.0028,464,226
T-BulletDispenser-1x,1639,5.274,3.36,3.31,0.0034,464,226
T-BulletDispenser-1x,1640,5.277,3.36,3.39,0.0034,464,226
T-BulletDispenser-1x,1641,5.280,3.01,3.00,0.0030,464,226
T-BulletDispenser-1x,1642,5.283,3.33,3.31,0.0033,464,226
T-BulletDispenser-1x,1643,5.286,2.94,2.98,0.0029,464,226
T-BulletDispenser-1x,1644,5.290,3.24,3.21,0.0032,464,226
T-BulletDispenser-1x,1645,5.293,3.40,3.39,0.0034,464,226
T-BulletDispenser-1x,1646,5.296,3.34,3.32,0.0033,464,226
T-BulletDispenser-1x,1647,5.299,2.82,2.88,0.0028,464,226
T-BulletDispenser-1x,1648,5.302,3.37,3.31,0.0034,464,226
T-BulletDispenser-1x,1649,5.306,3.25,3.29,0.0033,464,226
T-BulletDispenser-1x,1650,5.309,3.12,3.10,0.0031,464,226
T-BulletDispenser-1x,1651,5.312,3.20,3.21,0.0032,464,226
T-BulletDispenser-1x,1652,5.315,3.39,3.38,0.0034,464,226
T-BulletDispenser-1x,1653,5.319,3.65,3.62,0.0037,464,226
T-BulletDispenser-1x,1654,5.322,3.01,2.99,0.0030,464,226
T-BulletDispenser-1x,1655,5.325,3.16,3.18,0.0032,464,226
T-BulletDispenser-1x,1656,5.329,3.28,3.30,0.0033,464,226
T-BulletDispenser-1x,1657,5.332,3.22,3.20,0.0032,464,226
T-BulletDispenser-1x,1658,5.335,3.60,3.61,0.0036,464,226
T-BulletDispenser-1x,1659,5.339,3.32,3.29,0.0033,464,226
T-BulletDispenser-1x,1660,5.342,2.98,3.01,0.0030,464,226
T-BulletDispenser-1x,1661,5.345,3.41,3.38,0.0034,464,226
T-BulletDispenser-1x,1662,5.348,3.41,3.42,0.0034,464,226
T-BulletDispenser-1x,1663,5.352,3.38,3.38,0.0034,464,226
T-BulletDispenser-1x,1664,5.355,3.13,3.11,0.0031,464,226
T-BulletDispenser-1x,1665,5.358,3.11,3.11,0.0031,464,226
T-BulletDispenser-1x,1666,5.361,3.34,3.37,0.0033,464,226
T-BulletDispenser-1x,1667,5.365,3.29,3.30,0.0033,464,226
T-BulletDispenser-1x,1668,5.368,3.03,3.00,0.0030,464,226
T-BulletDispenser-1x,1669,5.371,3.30,3.30,0.0033,464,226
T-BulletDispenser-1x,1670,5.374,2.75,2.80,0.0028,464,226
T-BulletDispenser-1x,1671,5.377,3.37,3.31,0.0034,464,226
T-BulletDispenser-1x,1672,5.380,3.29,3.30,0.0033,464,226
T-BulletDispenser-1x,1673,5.383,2.87,2.89,0.0029,464,226
T-BulletDispenser-1x,1674,5.387,3.21,3.19,0.0032,464,226
T-BulletDispenser-1x,1675,5.390,3.32,3.31,0.0033,464,226
T-BulletDispenser-1x,1676,5.393,3.17,3.19,0.0032,464,226
T-BulletDispenser-1x,1677,5.396,3.33,3.29,0.0033,464,226
T-BulletDispenser-1x,1678,5.399,3.08,3.11,0.0031,464,226
T-BulletDispenser-1x,1679,5.403,3.20,3.20,0.0032,464,226
T-BulletDispenser-1x,1680,5.406,3.12,3.08,0.0031,464,226
T-BulletDispenser-1x,1681,5.409,3.60,3.61,0.0036,464,226
T-BulletDispenser-1x,1682,5.412,2.87,2.90,0.0029,464,226
T-BulletDispenser-1x,1683,5.416,3.32,3.30,0.0033,464,226
T-BulletDispenser-1x,1684,5.419,3.41,3.41,0.0034,464,226
T-BulletDispenser-1x,1685,5.422,3.09,3.07,0.0031,464,226
T-BulletDispenser-1x,1686,5.426,3.54,3.52,0.0035,464,226
T-BulletDispenser-1x,1687,5.428,2.83,2.88,0.0028,516,226
T-BulletDispenser-1x,1688,5.432,3.33,3.32,0.0033,464,226
T-BulletDispenser-1x,1689,5.435,3.52,3.49,0.0035,464,226
T-BulletDispenser-1x,1690,5.439,3.39,3.39,0.0034,464,226
T-BulletDispenser-1x,1691,5.442,3.31,3.29,0.0033,464,226
T-BulletDispenser-1x,1692,5.445,3.17,3.20,0.0032,464,226
T-BulletDispenser-1x,1693,5.449,3.50,3.50,0.0035,464,226
T-BulletDispenser-1x,1694,5.452,3.62,3.59,0.0036,464,226
T-BulletDispenser-1x,1695,5.456,3.39,3.41,0.0034,464,226
T-BulletDispenser-1x,1696,5.459,3.61,3.59,0.0036,464,226
T-BulletDispenser-1x,1697,5.463,3.70,3.70,0.0037,464,226
T-BulletDispenser-1x,1698,5.466,3.37,3.40,0.0034,464,226
T-BulletDispenser-1x,1699,5.470,3.36,3.30,0.0034,464,226
T-BulletDispenser-1x,1700,5.473,3.24,3.29,0.0032,464,226
T-BulletDispenser-1x,1701,5.476,3.22,3.20,0.0032,464,226
T-BulletDispenser-1x,1702,5.479,3.02,3.04,0.0030,464,226
T-BulletDispenser-1x,1703,5.482,3.19,3.16,0.0032,464,226
T-BulletDispenser-1x,1704,5.486,3.25,3.28,0.0033,464,226
T-BulletDispenser-1x,1705,5.489,2.94,2.91,0.0029,464,226
T-BulletDispenser-1x,1706,5.492,3.10,3.10,0.0031,464,226
T-BulletDispenser-1x,1707,5.495,3.04,3.08,0.0030,464,226
T-BulletDispenser-1x,1708,5.498,3.38,3.32,0.0034,464,226
T-BulletDispenser-1x,1709,5.501,3.25,3.27,0.0032,464,226
T-BulletDispenser-1x,1710,5.504,2.95,2.92,0.0029,464,226
T-BulletDispenser-1x,1711,5.508,3.48,3.49,0.0035,464,226
T-BulletDispenser-1x,1712,5.511,3.53,3.50,0.0035,464,226
T-BulletDispenser-1x,1713,5.515,3.47,3.50,0.0035,464,226
T-BulletDispenser-1x,1714,5.518,3.23,3.20,0.0032,464,226
T-BulletDispenser-1x,1715,5.522,3.60,3.60,0.0036,464,226
T-BulletDispenser-1x,1716,5.524,2.73,2.77,0.0027,464,226
T-BulletDispenser-1x,1717,5.528,3.27,3.23,0.0033,464,226
T-BulletDispenser-1x,1718,5.531,3.24,3.27,0.0032,464,226
T-BulletDispenser-1x,1719,5.534,3.13,3.11,0.0031,464,226
T-BulletDispenser-1x,1720,5.537,3.01,2.99,0.0030,464,226
T-BulletDispenser-1x,1721,5.540,3.16,3.21,0.0032,464,226
T-BulletDispenser-1x,1722,5.543,3.13,3.10,0.0031,464,226
T-BulletDispenser-1x,1723,5.547,3.38,3.38,0.0034,464,226
T-BulletDispenser-1x,1724,5.549,2.89,2.91,0.0029,464,226
T-BulletDispenser-1x,1725,5.553,3.22,3.18,0.0032,464,226
T-BulletDispenser-1x,1726,5.556,3.52,3.51,0.0035,464,226
T-BulletDispenser-1x,1727,5.560,3.29,3.30,0.0033,464,226
T-BulletDispenser-1x,1728,5.563,3.47,3.40,0.0035,464,226
T-BulletDispenser-1x,1729,5.566,3.35,3.41,0.0034,464,226
T-BulletDispenser-1x,1730,5.570,3.61,3.60,0.0036,464,226
T-BulletDispenser-1x,1731,5.573,3.06,3.08,0.0031,464,226
T-BulletDispenser-1x,1732,5.577,3.50,3.50,0.0035,464,226
T-BulletDispenser-1x,1733,5.580,3.40,3.40,0.0034,464,226
T-BulletDispenser-1x,1734,5.583,2.76,2.80,0.0028,464,226
T-BulletDispenser-1x,1735,5.586,3.37,3.30,0.0034,464,226
T-BulletDispenser-1x,1736,5.589,3.35,3.39,0.0034,464,226
T-BulletDispenser-1x,1737,5.593,3.26,3.22,0.0033,464,226
T-BulletDispenser-1x,1738,5.596,3.04,3.07,0.0030,464,226
T-BulletDispenser-1x,1739,5.599,3.21,3.22,0.0032,464,226
T-BulletDispenser-1x,1740,5.602,3.34,3.30,0.0033,464,226
T-BulletDispenser-1x,1741,5.606,3.41,3.41,0.0034,464,226
T-BulletDispenser-1x,1742,5.609,3.18,3.19,0.0032,464,226
T-BulletDispenser-1x,1743,5.612,3.19,3.20,0.0032,464,226
T-BulletDispenser-1x,1744,5.615,3.19,3.20,0.0032,464,226
T-BulletDispenser-1x,1745,5.618,3.11,3.10,0.0031,464,226
T-BulletDispenser-1x,1746,5.622,3.30,3.29,0.0033,464,226
T-BulletDispenser-1x,1747,5.625,3.11,3.10,0.0031,464,226
T-BulletDispenser-1x,1748,5.628,3.05,3.09,0.0031,464,226
T-BulletDispenser-1x,1749,5.631,2.99,2.99,0.0030,516,226
T-BulletDispenser-1x,1750,5.634,3.36,3.33,0.0034,464,226
T-BulletDispenser-1x,1751,5.637,2.85,2.88,0.0029,464,226
T-BulletDispenser-1x,1752,5.640,3.24,3.20,0.0032,464,226
T-BulletDispenser-1x,1753,5.643,3.27,3.30,0.0033,464,226
T-BulletDispenser-1x,1754,5.647,3.21,3.20,0.0032,464,226
T-BulletDispenser-1x,1755,5.649,2.78,2.80,0.0028,464,226
T-BulletDispenser-1x,1756,5.653,3.34,3.30,0.0033,464,226
T-BulletDispenser-1x,1757,5.656,3.44,3.42,0.0034,464,226
T-BulletDispenser-1x,1758,5.660,3.26,3.28,0.0033,464,226
T-BulletDispenser-1x,1759,5.662,2.75,2.79,0.0027,464,226
T-BulletDispenser-1x,1760,5.666,3.36,3.30,0.0034,464,226
T-BulletDispenser-1x,1761,5.669,3.37,3.42,0.0034,464,226
T-BulletDispenser-1x,1762,5.672,2.92,2.89,0.0029,464,226
T-BulletDispenser-1x,1763,5.675,3.10,3.10,0.0031,464,226
T-BulletDispenser-1x,1764,5.678,3.29,3.29,0.0033,464,226
T-BulletDispenser-1x,1765,5.682,3.44,3.41,0.0034,464,226
T-BulletDispenser-1x,1766,5.685,3.46,3.48,0.0035,464,226
T-BulletDispenser-1x,1767,5.689,3.41,3.41,0.0034,464,226
T-BulletDispenser-1x,1768,5.693,3.91,3.89,0.0039,464,226
T-BulletDispenser-1x,1769,5.760,3.60,3.62,0.0036,464,226
T-BulletDispenser-1x,1770,5.763,3.29,3.29,0.0033,464,226
T-BulletDispenser-1x,1771,5.767,3.83,3.81,0.0038,464,226
T-BulletDispenser-1x,1772,5.770,3.04,3.08,0.0030,464,226
T-BulletDispenser-1x,1773,5.774,3.45,3.41,0.0035,464,226
T-BulletDispenser-1x,1774,5.777,3.49,3.48,0.0035,464,226
T-BulletDispenser-1x,1775,5.780,3.27,3.30,0.0033,464,226
T-BulletDispenser-1x,1776,5.784,3.66,3.62,0.0037,464,226
T-BulletDispenser-1x,1777,5.787,2.81,2.86,0.0028,464,226
T-BulletDispenser-1x,1778,5.790,3.35,3.32,0.0034,464,226
T-BulletDispenser-1x,1779,5.794,3.59,3.58,0.0036,464,226
T-BulletDispenser-1x,1780,5.797,3.40,3.39,0.0034,464,226
T-BulletDispenser-1x,1781,5.801,3.39,3.40,0.0034,464,226
T-BulletDispenser-1x,1782,5.804,3.57,3.52,0.0036,464,226
T-BulletDispenser-1x,1783,5.808,3.37,3.39,0.0034,464,226
T-BulletDispenser-1x,1784,5.811,3.60,3.60,0.0036,464,226
T-BulletDispenser-1x,1785,5.815,3.48,3.39,0.0035,464,226
T-BulletDispenser-1x,1786,5.818,3.60,3.70,0.0036,464,226
T-BulletDispenser-1x,1787,5.821,3.22,3.20,0.0032,464,226
T-BulletDispenser-1x,1788,5.825,3.17,3.18,0.0032,464,226
T-BulletDispenser-1x,1789,5.828,3.09,3.11,0.0031,464,226
T-BulletDispenser-1x,1790,5.831,2.93,2.89,0.0029,464,226
T-BulletDispenser-1x,1791,5.834,3.30,3.31,0.0033,516,226
T-BulletDispenser-1x,1792,5.837,2.85,2.89,0.0029,464,226
T-BulletDispenser-1x,1793,5.840,3.16,3.11,0.0032,464,226
T-BulletDispenser-1x,1794,5.843,3.37,3.39,0.0034,464,226
T-BulletDispenser-1x,1795,5.847,3.32,3.30,0.0033,464,226
T-BulletDispenser-1x,1796,5.850,3.49,3.48,0.0035,464,226
T-BulletDispenser-1x,1797,5.853,3.15,3.20,0.0032,464,226
T-BulletDispenser-1x,1798,5.857,3.23,3.20,0.0032,464,226
T-BulletDispenser-1x,1799,5.860,3.53,3.51,0.0035,464,226
T-BulletDispenser-1x,1800,5.863,3.16,3.19,0.0032,464,226
T-BulletDispenser-1x,1801,5.866,3.09,3.09,0.0031,464,226
T-BulletDispenser-1x,1802,5.869,3.19,3.21,0.0032,464,226
T-BulletDispenser-1x,1803,5.873,3.22,3.15,0.0032,464,226
T-BulletDispenser-1x,1804,5.876,3.31,3.33,0.0033,464,226
T-BulletDispenser-1x,1805,5.879,3.15,3.17,0.0031,464,226
T-BulletDispenser-1x,1806,5.883,3.41,3.40,0.0034,464,226
T-BulletDispenser-1x,1807,5.886,3.25,3.24,0.0032,464,226
T-BulletDispenser-1x,1808,5.889,3.09,3.10,0.0031,464,226
T-BulletDispenser-1x,1809,5.892,3.21,3.19,0.0032,464,226
T-BulletDispenser-1x,1810,5.896,3.51,3.50,0.0035,464,226
T-BulletDispenser-1x,1811,5.899,2.95,3.01,0.0029,464,226
T-BulletDispenser-1x,1812,5.902,3.17,3.10,0.0032,464,226
T-BulletDispenser-1x,1813,5.905,3.48,3.50,0.0035,464,226
T-BulletDispenser-1x,1814,5.909,3.52,3.50,0.0035,464,226
T-BulletDispenser-1x,1815,5.912,3.03,3.08,0.0030,464,226
T-BulletDispenser-1x,1816,5.915,3.35,3.31,0.0034,464,226
T-BulletDispenser-1x,1817,5.919,3.36,3.40,0.0034,464,226
T-BulletDispenser-1x,1818,5.922,3.32,3.29,0.0033,464,226
T-BulletDispenser-1x,1819,5.925,2.86,2.90,0.0029,464,226
T-BulletDispenser-1x,1820,5.928,3.22,3.19,0.0032,464,226
T-BulletDispenser-1x,1821,5.931,3.28,3.30,0.0033,464,226
T-BulletDispenser-1x,1822,5.934,3.14,3.11,0.0031,464,226
T-BulletDispenser-1x,1823,5.938,3.60,3.61,0.0036,464,226
T-BulletDispenser-1x,1824,5.941,3.19,3.19,0.0032,464,226
T-BulletDispenser-1x,1825,5.944,3.27,3.29,0.0033,464,226
T-BulletDispenser-1x,1826,5.948,3.27,3.21,0.0033,464,226
T-BulletDispenser-1x,1827,5.951,3.36,3.39,0.0034,464,226
T-BulletDispenser-1x,1828,5.954,3.22,3.19,0.0032,464,226
T-BulletDispenser-1x,1829,5.957,2.96,3.00,0.0030,464,226
T-BulletDispenser-1x,1830,5.960,2.91,2.80,0.0029,464,226
T-BulletDispenser-1x,1831,5.963,3.32,3.38,0.0033,464,226
T-BulletDispenser-1x,1832,5.967,3.19,3.19,0.0032,464,226
T-BulletDispenser-1x,1833,5.970,3.18,3.21,0.0032,464,226
T-BulletDispenser-1x,1834,5.973,3.12,3.09,0.0031,464,226
T-BulletDispenser-1x,1835,5.976,3.23,3.22,0.0032,464,226
T-BulletDispenser-1x,1836,5.979,2.99,3.03,0.0030,464,226
T-BulletDispenser-1x,1837,5.982,3.29,3.26,0.0033,464,226
T-BulletDispenser-1x,1838,5.986,3.30,3.30,0.0033,464,226
T-BulletDispenser-1x,1839,5.989,3.11,3.10,0.0031,464,226
T-BulletDispenser-1x,1840,5.992,3.51,3.50,0.0035,464,226
T-BulletDispenser-1x,1841,5.995,3.05,2.89,0.0031,464,226
T-BulletDispenser-1x,1842,5.999,3.42,3.59,0.0034,464,226
T-BulletDispenser-1x,1843,6.002,3.29,3.30,0.0033,464,226
T-BulletDispenser-1x,1844,6.006,3.44,3.41,0.0034,464,226
T-BulletDispenser-1x,1845,6.009,3.08,3.08,0.0031,464,226
T-BulletDispenser-1x,1846,6.012,3.28,3.29,0.0033,464,226
T-BulletDispenser-1x,1847,6.015,2.95,2.92,0.0029,464,226
T-BulletDispenser-1x,1848,6.018,3.16,3.18,0.0032,464,226
T-BulletDispenser-1x,1849,6.021,3.33,3.31,0.0033,464,226
T-BulletDispenser-1x,1850,6.024,2.86,2.89,0.0029,464,226
T-BulletDispenser-1x,1851,6.027,3.13,3.10,0.0031,464,226
T-BulletDispenser-1x,1852,6.030,2.90,2.90,0.0029,464,226
T-BulletDispenser-1x,1853,6.033,3.15,3.11,0.0031,464,226
T-BulletDispenser-1x,1854,6.037,3.27,3.29,0.0033,516,226
T-BulletDispenser-1x,1855,6.040,3.38,3.41,0.0034,464,226
T-BulletDispenser-1x,1856,6.043,3.00,2.99,0.0030,464,226
T-BulletDispenser-1x,1857,6.047,3.54,3.51,0.0035,464,226
T-BulletDispenser-1x,1858,6.050,3.27,3.30,0.0033,464,226
T-BulletDispenser-1x,1859,6.053,3.08,3.09,0.0031,464,226
T-BulletDispenser-1x,1860,6.056,2.77,2.79,0.0028,464,226
T-BulletDispenser-1x,1861,6.058,2.61,2.60,0.0026,464,226
T-BulletDispenser-1x,1862,6.062,3.41,3.40,0.0034,464,226
T-BulletDispenser-1x,1863,6.065,3.36,3.31,0.0034,464,226
T-BulletDispenser-1x,1864,6.069,3.88,3.89,0.0039,464,226
T-BulletDispenser-1x,1865,6.072,3.38,3.40,0.0034,464,226
T-BulletDispenser-1x,1866,6.076,3.40,3.38,0.0034,464,226
T-BulletDispenser-1x,1867,6.079,3.58,3.55,0.0036,464,226
T-BulletDispenser-1x,1868,6.082,3.20,3.24,0.0032,464,226
T-BulletDispenser-1x,1869,6.086,3.13,3.11,0.0031,464,226
T-BulletDispenser-1x,1870,6.089,3.32,3.30,0.0033,464,226
T-BulletDispenser-1x,1871,6.092,3.50,3.50,0.0035,464,226
T-BulletDispenser-1x,1872,6.095,2.94,2.91,0.0029,464,226
T-BulletDispenser-1x,1873,6.099,3.24,3.28,0.0032,464,226
T-BulletDispenser-1x,1874,6.102,3.10,3.10,0.0031,464,226
T-BulletDispenser-1x,1875,6.104,2.70,2.69,0.0027,464,226
T-BulletDispenser-1x,1876,6.108,3.15,3.10,0.0031,464,226
T-BulletDispenser-1x,1877,6.111,3.47,3.48,0.0035,464,226
T-BulletDispenser-1x,1878,6.115,3.49,3.51,0.0035,464,226
T-BulletDispenser-1x,1879,6.118,3.61,3.59,0.0036,464,226
T-BulletDispenser-1x,1880,6.121,3.06,3.09,0.0031,464,226
T-BulletDispenser-1x,1881,6.124,2.78,2.79,0.0028,464,226
T-BulletDispenser-1x,1882,6.127,3.03,3.00,0.0030,464,226
T-BulletDispenser-1x,1883,6.130,3.32,3.30,0.0033,464,226
T-BulletDispenser-1x,1884,6.133,2.75,2.79,0.0027,464,226
T-BulletDispenser-1x,1885,6.137,3.49,3.43,0.0035,464,226
T-BulletDispenser-1x,1886,6.140,3.34,3.37,0.0033,464,226
T-BulletDispenser-1x,1887,6.143,2.72,2.71,0.0027,464,226
T-BulletDispenser-1x,1888,6.146,3.71,3.69,0.0037,464,226
T-BulletDispenser-1x,1889,6.150,3.21,3.20,0.0032,464,226
T-BulletDispenser-1x,1890,6.153,3.25,3.29,0.0033,464,226
T-BulletDispenser-1x,1891,6.156,3.35,3.32,0.0034,464,226
T-BulletDispenser-1x,1892,6.159,3.20,3.19,0.0032,464,226
T-BulletDispenser-1x,1893,6.163,3.38,3.37,0.0034,464,226
T-BulletDispenser-1x,1894,6.166,3.21,3.22,0.0032,464,226
T-BulletDispenser-1x,1895,6.170,3.90,3.89,0.0039,464,226
T-BulletDispenser-1x,1896,6.173,3.38,3.38,0.0034,464,226
T-BulletDispenser-1x,1897,6.176,3.11,3.12,0.0031,464,226
T-BulletDispenser-1x,1898,6.179,2.80,2.79,0.0028,464,226
T-BulletDispenser-1x,1899,6.182,3.27,3.30,0.0033,464,226
T-BulletDispenser-1x,1900,6.186,3.19,3.19,0.0032,464,226
T-BulletDispenser-1x,1901,6.189,3.03,3.02,0.0030,464,226
T-BulletDispenser-1x,1902,6.192,3.30,3.29,0.0033,464,226
T-BulletDispenser-1x,1903,6.195,2.76,2.80,0.0028,464,226
T-BulletDispenser-1x,1904,6.197,2.74,2.71,0.0027,464,226
T-BulletDispenser-1x,1905,6.201,3.42,3.39,0.0034,464,226
T-BulletDispenser-1x,1906,6.204,3.18,3.20,0.0032,464,226
T-BulletDispenser-1x,1907,6.208,3.51,3.50,0.0035,464,226
T-BulletDispenser-1x,1908,6.211,3.27,3.30,0.0033,464,226
T-BulletDispenser-1x,1909,6.213,2.60,2.59,0.0026,464,226
T-BulletDispenser-1x,1910,6.217,3.32,3.30,0.0033,464,226
T-BulletDispenser-1x,1911,6.220,3.51,3.50,0.0035,464,226
T-BulletDispenser-1x,1912,6.223,3.27,3.30,0.0033,464,226
T-BulletDispenser-1x,1913,6.227,3.05,3.01,0.0030,464,226
T-BulletDispenser-1x,1914,6.230,3.03,3.06,0.0030,464,226
T-BulletDispenser-1x,1915,6.232,2.81,2.83,0.0028,464,226
T-BulletDispenser-1x,1916,6.236,3.25,3.20,0.0033,464,226
T-BulletDispenser-1x,1917,6.239,3.14,3.18,0.0031,516,226
T-BulletDispenser-1x,1918,6.242,3.25,3.22,0.0032,464,226
T-BulletDispenser-1x,1919,6.245,2.94,2.99,0.0029,464,226
T-BulletDispenser-1x,1920,6.248,3.02,2.91,0.0030,464,226
T-BulletDispenser-1x,1921,6.252,3.66,3.70,0.0037,464,226
T-BulletDispenser-1x,1922,6.255,3.47,3.50,0.0035,464,226
T-BulletDispenser-1x,1923,6.258,2.97,3.00,0.0030,464,226
T-BulletDispenser-1x,1924,6.261,3.21,3.18,0.0032,464,226
T-BulletDispenser-1x,1925,6.264,2.89,2.90,0.0029,464,226
T-BulletDispenser-1x,1926,6.267,2.47,2.49,0.0025,464,226
T-BulletDispenser-1x,1927,6.270,3.02,3.00,0.0030,464,226
T-BulletDispenser-1x,1928,6.273,3.65,3.62,0.0037,464,226
T-BulletDispenser-1x,1929,6.277,3.58,3.60,0.0036,464,226
T-BulletDispenser-1x,1930,6.280,3.39,3.40,0.0034,464,226
T-BulletDispenser-1x,1931,6.283,2.64,2.68,0.0026,464,226
T-BulletDispenser-1x,1932,6.286,2.95,2.90,0.0030,464,226
T-BulletDispenser-1x,1933,6.289,3.31,3.30,0.0033,464,226
T-BulletDispenser-1x,1934,6.292,3.10,3.11,0.0031,464,226
T-BulletDispenser-1x,1935,6.296,3.30,3.30,0.0033,464,226
T-BulletDispenser-1x,1936,6.299,3.69,3.68,0.0037,464,226
T-BulletDispenser-1x,1937,6.303,3.50,3.50,0.0035,464,226
T-BulletDispenser-1x,1938,6.306,3.27,3.30,0.0033,464,226
T-BulletDispenser-1x,1939,6.309,3.25,3.22,0.0033,464,226
T-BulletDispenser-1x,1940,6.312,2.76,2.79,0.0028,464,226
T-BulletDispenser-1x,1941,6.315,2.85,2.80,0.0028,464,226
T-BulletDispenser-1x,1942,6.318,3.50,3.50,0.0035,464,226
T-BulletDispenser-1x,1943,6.322,3.49,3.50,0.0035,464,226
T-BulletDispenser-1x,1944,6.325,3.21,3.18,0.0032,464,226
T-BulletDispenser-1x,1945,6.328,2.97,3.01,0.0030,464,226
T-BulletDispenser-1x,1946,6.331,3.20,3.20,0.0032,464,226
T-BulletDispenser-1x,1947,6.334,2.89,2.89,0.0029,464,226
T-BulletDispenser-1x,1948,6.337,3.08,3.10,0.0031,464,226
T-BulletDispenser-1x,1949,6.340,3.00,3.00,0.0030,464,226
T-BulletDispenser-1x,1950,6.343,2.94,2.92,0.0029,464,226
T-BulletDispenser-1x,1951,6.347,3.41,3.40,0.0034,464,226
T-BulletDispenser-1x,1952,6.350,3.10,3.10,0.0031,464,226
T-BulletDispenser-1x,1953,6.353,2.95,2.98,0.0029,464,226
T-BulletDispenser-1x,1954,6.356,3.12,3.10,0.0031,464,226
T-BulletDispenser-1x,1955,6.359,3.32,3.30,0.0033,464,226
T-BulletDispenser-1x,1956,6.362,2.77,2.80,0.0028,464,226
T-BulletDispenser-1x,1957,6.365,3.34,3.31,0.0033,464,226
T-BulletDispenser-1x,1958,6.369,3.31,3.30,0.0033,464,226
T-BulletDispenser-1x,1959,6.371,2.85,2.90,0.0029,464,226
T-BulletDispenser-1x,1960,6.375,3.23,3.18,0.0032,464,226
T-BulletDispenser-1x,1961,6.378,3.30,3.31,0.0033,464,226
T-BulletDispenser-1x,1962,6.381,3.18,3.19,0.0032,464,226
T-BulletDispenser-1x,1963,6.384,3.12,3.10,0.0031,464,226
T-BulletDispenser-1x,1964,6.387,3.11,3.11,0.0031,464,226
T-BulletDispenser-1x,1965,6.390,2.85,2.88,0.0029,464,226
T-BulletDispenser-1x,1966,6.393,2.68,2.61,0.0027,464,226
T-BulletDispenser-1x,1967,6.396,2.94,2.98,0.0029,464,226
T-BulletDispenser-1x,1968,6.399,3.66,3.62,0.0037,464,226
T-BulletDispenser-1x,1969,6.403,3.70,3.70,0.0037,464,226
T-BulletDispenser-1x,1970,6.407,3.68,3.68,0.0037,464,226
T-BulletDispenser-1x,1971,6.411,3.85,3.80,0.0039,464,226
T-BulletDispenser-1x,1972,6.414,3.32,3.33,0.0033,464,226
T-BulletDispenser-1x,1973,6.418,3.74,3.77,0.0037,464,226
T-BulletDispenser-1x,1974,6.421,3.62,3.61,0.0036,464,226
T-BulletDispenser-1x,1975,6.424,2.94,2.99,0.0029,464,226
T-BulletDispenser-1x,1976,6.428,3.36,3.31,0.0034,464,226
T-BulletDispenser-1x,1977,6.431,3.40,3.38,0.0034,464,226
T-BulletDispenser-1x,1978,6.434,3.19,3.20,0.0032,464,226
T-BulletDispenser-1x,1979,6.437,3.06,3.10,0.0031,464,226
T-BulletDispenser-1x,1980,6.441,3.24,3.20,0.0032,516,226
T-BulletDispenser-1x,1981,6.444,3.36,3.38,0.0034,464,226
T-BulletDispenser-1x,1982,6.447,3.52,3.51,0.0035,464,226
T-BulletDispenser-1x,1983,6.451,3.10,3.10,0.0031,464,226
T-BulletDispenser-1x,1984,6.454,3.17,3.18,0.0032,464,226
T-BulletDispenser-1x,1985,6.457,3.09,3.10,0.0031,464,226
T-BulletDispenser-1x,1986,6.460,2.73,2.71,0.0027,464,226
T-BulletDispenser-1x,1987,6.463,3.32,3.32,0.0033,464,226
T-BulletDispenser-1x,1988,6.466,3.37,3.37,0.0034,464,226
T-BulletDispenser-1x,1989,6.470,3.51,3.51,0.0035,464,226
T-BulletDispenser-1x,1990,6.473,2.98,2.98,0.0030,464,226
T-BulletDispenser-1x,1991,6.475,2.56,2.60,0.0026,464,226
T-BulletDispenser-1x,1992,6.478,3.06,3.01,0.0031,464,226
T-BulletDispenser-1x,1993,6.482,3.31,3.31,0.0033,464,226
T-BulletDispenser-1x,1994,6.485,3.28,3.28,0.0033,464,226
T-BulletDispenser-1x,1995,6.488,3.40,3.39,0.0034,464,226
T-BulletDispenser-1x,1996,6.491,2.97,3.00,0.0030,464,226
T-BulletDispenser-1x,1997,6.495,3.56,3.50,0.0036,464,226
T-BulletDispenser-1x,1998,6.498,3.23,3.28,0.0032,464,226
T-BulletDispenser-1x,1999,6.501,3.14,3.11,0.0031,464,226
T-BulletDispenser-1x,2000,6.505,3.42,3.40,0.0034,464,226
T-BulletDispenser-1x,2001,6.508,3.28,3.30,0.0033,464,226
T-BulletDispenser-1x,2002,6.511,3.51,3.50,0.0035,464,226
T-BulletDispenser-1x,2003,6.515,3.40,3.40,0.0034,464,226
T-BulletDispenser-1x,2004,6.518,3.32,3.27,0.0033,464,226
T-BulletDispenser-1x,2005,6.522,3.60,3.62,0.0036,464,226
T-BulletDispenser-1x,2006,6.525,3.18,3.19,0.0032,464,226
T-BulletDispenser-1x,2007,6.528,3.07,3.10,0.0031,464,226
T-BulletDispenser-1x,2008,6.531,3.44,3.40,0.0034,464,226
T-BulletDispenser-1x,2009,6.535,3.41,3.39,0.0034,464,226
T-BulletDispenser-1x,2010,6.538,3.30,3.31,0.0033,464,226
T-BulletDispenser-1x,2011,6.542,3.43,3.41,0.0034,464,226
T-BulletDispenser-1x,2012,6.546,3.95,3.98,0.0039,464,226
T-BulletDispenser-1x,2013,6.549,3.52,3.49,0.0035,464,226
T-BulletDispenser-1x,2014,6.552,3.38,3.41,0.0034,464,226
T-BulletDispenser-1x,2015,6.555,2.69,2.69,0.0027,464,226
T-BulletDispenser-1x,2016,6.559,3.48,3.42,0.0035,464,226
T-BulletDispenser-1x,2017,6.562,3.41,3.47,0.0034,464,226
T-BulletDispenser-1x,2018,6.565,3.30,3.30,0.0033,464,226
T-BulletDispenser-1x,2019,6.569,3.38,3.40,0.0034,464,226
T-BulletDispenser-1x,2020,6.571,2.74,2.72,0.0027,464,226
T-BulletDispenser-1x,2021,6.575,3.71,3.69,0.0037,464,226
T-BulletDispenser-1x,2022,6.578,3.16,3.19,0.0032,464,226
T-BulletDispenser-1x,2023,6.582,3.31,3.32,0.0033,464,226
T-BulletDispenser-1x,2024,6.585,3.13,3.09,0.0031,464,226
T-BulletDispenser-1x,2025,6.588,3.22,3.21,0.0032,464,226
T-BulletDispenser-1x,2026,6.591,3.03,3.09,0.0030,464,226
T-BulletDispenser-1x,2027,6.594,3.25,3.22,0.0033,464,226
T-BulletDispenser-1x,2028,6.597,3.08,3.08,0.0031,464,226
T-BulletDispenser-1x,2029,6.601,3.28,3.28,0.0033,464,226
T-BulletDispenser-1x,2030,6.604,3.23,3.23,0.0032,464,226
T-BulletDispenser-1x,2031,6.607,3.04,3.08,0.0030,464,226
T-BulletDispenser-1x,2032,6.610,3.05,3.00,0.0030,464,226
T-BulletDispenser-1x,2033,6.613,3.52,3.51,0.0035,464,226
T-BulletDispenser-1x,2034,6.617,3.17,3.18,0.0032,464,226
T-BulletDispenser-1x,2035,6.620,3.18,3.21,0.0032,464,226
T-BulletDispenser-1x,2036,6.623,2.83,2.81,0.0028,464,226
T-BulletDispenser-1x,2037,6.626,2.99,2.98,0.0030,464,226
T-BulletDispenser-1x,2038,6.629,3.76,3.69,0.0038,464,226
T-BulletDispenser-1x,2039,6.633,3.20,3.29,0.0032,464,226
T-BulletDispenser-1x,2040,6.636,3.23,3.23,0.0032,464,226
T-BulletDispenser-1x,2041,6.639,3.16,3.10,0.0032,464,226
T-BulletDispenser-1x,2042,6.642,3.29,3.30,0.0033,516,226
T-BulletDispenser-1x,2043,6.645,2.94,2.98,0.0029,464,226
T-BulletDispenser-1x,2044,6.649,3.35,3.31,0.0034,464,226
T-BulletDispenser-1x,2045,6.652,3.38,3.39,0.0034,464,226
T-BulletDispenser-1x,2046,6.655,3.11,3.10,0.0031,464,226
T-BulletDispenser-1x,2047,6.659,3.53,3.53,0.0035,464,226
T-BulletDispenser-1x,2048,6.662,3.18,3.18,0.0032,464,226
T-BulletDispenser-1x,2049,6.665,2.89,2.89,0.0029,464,226
T-BulletDispenser-1x,2050,6.668,3.10,3.09,0.0031,464,226
T-BulletDispenser-1x,2051,6.671,3.32,3.31,0.0033,464,226
T-BulletDispenser-1x,2052,6.674,3.05,3.10,0.0031,464,226
T-BulletDispenser-1x,2053,6.677,3.34,3.29,0.0033,464,226
T-BulletDispenser-1x,2054,6.681,3.14,3.09,0.0031,464,226
T-BulletDispenser-1x,2055,6.683,2.82,2.90,0.0028,464,226
T-BulletDispenser-1x,2056,6.687,3.23,3.21,0.0032,464,226
T-BulletDispenser-1x,2057,6.690,3.09,3.08,0.0031,464,226
T-BulletDispenser-1x,2058,6.693,3.42,3.41,0.0034,464,226
T-BulletDispenser-1x,2059,6.697,3.38,3.38,0.0034,464,226
T-BulletDispenser-1x,2060,6.699,2.76,2.81,0.0028,464,226
T-BulletDispenser-1x,2061,6.702,2.74,2.70,0.0027,464,226
T-BulletDispenser-1x,2062,6.705,3.44,3.41,0.0034,464,226
T-BulletDispenser-1x,2063,6.709,3.59,3.59,0.0036,464,226
T-BulletDispenser-1x,2064,6.712,2.84,2.89,0.0028,464,226
T-BulletDispenser-1x,2065,6.715,3.23,3.20,0.0032,464,226
T-BulletDispenser-1x,2066,6.718,2.99,2.99,0.0030,464,226
T-BulletDispenser-1x,2067,6.721,2.48,2.51,0.0025,464,226
T-BulletDispenser-1x,2068,6.724,3.02,2.98,0.0030,464,226
T-BulletDispenser-1x,2069,6.727,3.33,3.31,0.0033,464,226
T-BulletDispenser-1x,2070,6.730,3.40,3.40,0.0034,464,226
T-BulletDispenser-1x,2071,6.734,3.26,3.30,0.0033,464,226
T-BulletDispenser-1x,2072,6.736,2.78,2.78,0.0028,464,226
T-BulletDispenser-1x,2073,6.739,2.95,2.91,0.0030,464,226
T-BulletDispenser-1x,2074,6.743,3.50,3.50,0.0035,464,226
T-BulletDispenser-1x,2075,6.746,3.40,3.40,0.0034,464,226
T-BulletDispenser-1x,2076,6.749,2.86,2.89,0.0029,464,226
T-BulletDispenser-1x,2077,6.752,3.25,3.20,0.0033,464,226
T-BulletDispenser-1x,2078,6.756,3.28,3.29,0.0033,464,226
T-BulletDispenser-1x,2079,6.759,3.05,3.09,0.0031,464,226
T-BulletDispenser-1x,2080,6.762,3.35,3.31,0.0034,464,226
T-BulletDispenser-1x,2081,6.766,3.61,3.62,0.0036,464,226
T-BulletDispenser-1x,2082,6.769,3.60,3.58,0.0036,464,226
T-BulletDispenser-1x,2083,6.773,3.26,3.28,0.0033,464,226
T-BulletDispenser-1x,2084,6.776,3.51,3.50,0.0035,464,226
T-BulletDispenser-1x,2085,6.779,3.17,3.18,0.0032,464,226
T-BulletDispenser-1x,2086,6.783,3.49,3.45,0.0035,464,226
T-BulletDispenser-1x,2087,6.786,3.35,3.38,0.0033,464,226
T-BulletDispenser-1x,2088,6.789,3.31,3.31,0.0033,464,226
T-BulletDispenser-1x,2089,6.792,2.64,2.67,0.0026,464,226
T-BulletDispenser-1x,2090,6.795,3.10,3.02,0.0031,464,226
T-BulletDispenser-1x,2091,6.799,3.47,3.50,0.0035,464,226
T-BulletDispenser-1x,2092,6.802,3.38,3.39,0.0034,464,226
T-BulletDispenser-1x,2093,6.805,3.20,3.19,0.0032,464,226
T-BulletDispenser-1x,2094,6.808,2.84,2.89,0.0028,464,226
T-BulletDispenser-1x,2095,6.811,3.24,3.20,0.0032,464,226
T-BulletDispenser-1x,2096,6.815,3.40,3.41,0.0034,464,226
T-BulletDispenser-1x,2097,6.818,2.99,2.99,0.0030,464,226
T-BulletDispenser-1x,2098,6.821,3.52,3.51,0.0035,464,226
T-BulletDispenser-1x,2099,6.824,2.86,2.91,0.0029,464,226
T-BulletDispenser-1x,2100,6.827,2.79,2.77,0.0028,464,226
T-BulletDispenser-1x,2101,6.830,3.34,3.32,0.0033,464,226
T-BulletDispenser-1x,2102,6.833,3.10,3.08,0.0031,464,226
T-BulletDispenser-1x,2103,6.837,3.40,3.40,0.0034,464,226
T-BulletDispenser-1x,2104,6.840,3.27,3.28,0.0033,464,226
T-BulletDispenser-1x,2105,6.842,2.61,2.62,0.0026,516,226
T-BulletDispenser-1x,2106,6.846,3.24,3.19,0.0032,464,226
T-BulletDispenser-1x,2107,6.849,3.44,3.41,0.0034,464,226
T-BulletDispenser-1x,2108,6.853,3.61,3.62,0.0036,464,226
T-BulletDispenser-1x,2109,6.856,3.43,3.47,0.0034,464,226
T-BulletDispenser-1x,2110,6.860,3.30,3.28,0.0033,464,226
T-BulletDispenser-1x,2111,6.862,2.67,2.71,0.0027,464,226
T-BulletDispenser-1x,2112,6.865,2.85,2.80,0.0028,464,226
T-BulletDispenser-1x,2113,6.868,3.43,3.42,0.0034,464,226
T-BulletDispenser-1x,2114,6.872,3.37,3.38,0.0034,464,226
T-BulletDispenser-1x,2115,6.875,2.85,2.90,0.0029,464,226
T-BulletDispenser-1x,2116,6.878,3.32,3.28,0.0033,464,226
T-BulletDispenser-1x,2117,6.881,3.29,3.32,0.0033,464,226
T-BulletDispenser-1x,2118,6.884,2.66,2.68,0.0027,464,226
T-BulletDispenser-1x,2119,6.887,3.13,3.10,0.0031,464,226
T-BulletDispenser-1x,2120,6.891,3.64,3.62,0.0036,464,226
T-BulletDispenser-1x,2121,6.894,3.60,3.58,0.0036,464,226
T-BulletDispenser-1x,2122,6.898,3.30,3.29,0.0033,464,226
T-BulletDispenser-1x,2123,6.901,3.64,3.63,0.0036,464,226
T-BulletDispenser-1x,2124,6.905,3.68,3.68,0.0037,464,226
T-BulletDispenser-1x,2125,6.908,3.40,3.40,0.0034,464,226
T-BulletDispenser-1x,2126,6.912,3.41,3.41,0.0034,464,226
T-BulletDispenser-1x,2127,6.915,3.15,3.19,0.0032,464,226
T-BulletDispenser-1x,2128,6.918,3.01,2.97,0.0030,464,226
T-BulletDispenser-1x,2129,6.921,2.97,3.00,0.0030,464,226
T-BulletDispenser-1x,2130,6.924,2.90,2.89,0.0029,464,226
T-BulletDispenser-1x,2131,6.927,2.83,2.80,0.0028,464,226
T-BulletDispenser-1x,2132,6.929,2.85,2.88,0.0028,464,226
T-BulletDispenser-1x,2133,6.933,3.13,3.12,0.0031,464,226
T-BulletDispenser-1x,2134,6.936,3.15,3.12,0.0032,464,226
T-BulletDispenser-1x,2135,6.939,2.98,2.99,0.0030,464,226
T-BulletDispenser-1x,2136,6.942,3.51,3.50,0.0035,464,226
T-BulletDispenser-1x,2137,6.945,3.18,3.19,0.0032,464,226
T-BulletDispenser-1x,2138,6.949,3.33,3.30,0.0033,464,226
T-BulletDispenser-1x,2139,6.952,2.96,2.99,0.0030,464,226
T-BulletDispenser-1x,2140,6.955,3.03,2.98,0.0030,464,226
T-BulletDispenser-1x,2141,6.958,3.20,3.23,0.0032,464,226
T-BulletDispenser-1x,2142,6.961,3.39,3.39,0.0034,464,226
T-BulletDispenser-1x,2143,6.965,3.51,3.50,0.0035,464,226
T-BulletDispenser-1x,2144,6.968,3.14,3.09,0.0031,464,226
T-BulletDispenser-1x,2145,6.971,3.04,3.09,0.0030,464,226
T-BulletDispenser-1x,2146,6.974,3.24,3.21,0.0032,464,226
T-BulletDispenser-1x,2147,6.978,3.38,3.38,0.0034,464,226
T-BulletDispenser-1x,2148,6.981,3.18,3.20,0.0032,464,226
T-BulletDispenser-1x,2149,6.984,3.11,3.08,0.0031,464,226
T-BulletDispenser-1x,2150,6.987,3.09,3.09,0.0031,464,226
T-BulletDispenser-1x,2151,6.990,3.18,3.21,0.0032,464,226
T-BulletDispenser-1x,2152,6.993,2.73,2.70,0.0027,464,226
T-BulletDispenser-1x,2153,6.996,3.44,3.40,0.0034,464,226
T-BulletDispenser-1x,2154,7.000,3.49,3.49,0.0035,464,226
T-BulletDispenser-1x,2155,7.003,3.04,3.09,0.0030,464,226
T-BulletDispenser-1x,2156,7.006,3.40,3.33,0.0034,464,226
T-BulletDispenser-1x,2157,7.010,3.59,3.58,0.0036,464,226
T-BulletDispenser-1x,2158,7.013,3.48,3.50,0.0035,464,226
T-BulletDispenser-1x,2159,7.017,3.80,3.79,0.0038,464,226
T-BulletDispenser-1x,2160,7.020,3.19,3.20,0.0032,464,226
T-BulletDispenser-1x,2161,7.023,3.08,3.08,0.0031,464,226
T-BulletDispenser-1x,2162,7.026,2.90,2.90,0.0029,464,226
T-BulletDispenser-1x,2163,7.029,3.11,3.10,0.0031,464,226
T-BulletDispenser-1x,2164,7.033,3.46,3.42,0.0035,464,226
T-BulletDispenser-1x,2165,7.036,3.34,3.36,0.0033,464,226
T-BulletDispenser-1x,2166,7.040,3.32,3.32,0.0033,464,226
T-BulletDispenser-1x,2167,7.043,3.09,3.08,0.0031,464,226
T-BulletDispenser-1x,2168,7.046,3.33,3.30,0.0033,516,226
T-BulletDispenser-1x,2169,7.049,3.17,3.21,0.0032,464,226
T-BulletDispenser-1x,2170,7.052,3.30,3.29,0.0033,464,226
T-BulletDispenser-1x,2171,7.055,2.99,2.99,0.0030,464,226
T-BulletDispenser-1x,2172,7.058,2.98,3.00,0.0030,464,226
T-BulletDispenser-1x,2173,7.061,3.01,3.00,0.0030,464,226
T-BulletDispenser-1x,2174,7.065,3.33,3.29,0.0033,464,226
T-BulletDispenser-1x,2175,7.068,3.38,3.40,0.0034,464,226
T-BulletDispenser-1x,2176,7.071,2.99,3.00,0.0030,464,226
T-BulletDispenser-1x,2177,7.074,2.88,2.89,0.0029,464,226
T-BulletDispenser-1x,2178,7.077,3.27,3.22,0.0033,464,226
T-BulletDispenser-1x,2179,7.080,3.04,3.07,0.0030,464,226
T-BulletDispenser-1x,2180,7.083,2.83,2.82,0.0028,464,226
T-BulletDispenser-1x,2181,7.086,3.19,3.19,0.0032,464,226
T-BulletDispenser-1x,2182,7.089,2.89,2.90,0.0029,464,226
T-BulletDispenser-1x,2183,7.092,3.15,3.11,0.0031,464,226
T-BulletDispenser-1x,2184,7.096,3.20,3.21,0.0032,464,226
T-BulletDispenser-1x,2185,7.099,3.37,3.38,0.0034,464,226
T-BulletDispenser-1x,2186,7.102,3.31,3.31,0.0033,464,226
T-BulletDispenser-1x,2187,7.105,2.78,2.78,0.0028,464,226
T-BulletDispenser-1x,2188,7.108,3.25,3.22,0.0032,464,226
T-BulletDispenser-1x,2189,7.112,3.27,3.29,0.0033,464,226
T-BulletDispenser-1x,2190,7.115,3.62,3.60,0.0036,464,226
T-BulletDispenser-1x,2191,7.119,3.81,3.80,0.0038,464,226
T-BulletDispenser-1x,2192,7.122,3.41,3.40,0.0034,464,226
T-BulletDispenser-1x,2193,7.126,3.17,3.19,0.0032,464,226
T-BulletDispenser-1x,2194,7.129,3.80,3.80,0.0038,464,226
T-BulletDispenser-1x,2195,7.133,3.70,3.69,0.0037,464,226
T-BulletDispenser-1x,2196,7.136,3.40,3.40,0.0034,464,226
T-BulletDispenser-1x,2197,7.140,3.40,3.40,0.0034,464,226
T-BulletDispenser-1x,2198,7.143,3.23,3.21,0.0032,464,226
T-BulletDispenser-1x,2199,7.146,2.92,2.97,0.0029,464,226
T-BulletDispenser-1x,2200,7.149,2.93,2.92,0.0029,464,226
T-BulletDispenser-1x,2201,7.152,2.90,2.88,0.0029,464,226
T-BulletDispenser-1x,2202,7.155,3.02,3.01,0.0030,464,226
T-BulletDispenser-1x,2203,7.158,3.28,3.28,0.0033,464,226
T-BulletDispenser-1x,2204,7.161,3.30,3.29,0.0033,464,226
T-BulletDispenser-1x,2205,7.165,3.16,3.11,0.0032,464,226
T-BulletDispenser-1x,2206,7.168,3.04,3.09,0.0030,464,226
T-BulletDispenser-1x,2207,7.171,3.53,3.51,0.0035,464,226
T-BulletDispenser-1x,2208,7.174,3.36,3.39,0.0034,464,226
T-BulletDispenser-1x,2209,7.178,3.21,3.20,0.0032,464,226
T-BulletDispenser-1x,2210,7.181,3.24,3.21,0.0032,464,226
T-BulletDispenser-1x,2211,7.184,3.29,3.30,0.0033,464,226
T-BulletDispenser-1x,2212,7.187,2.77,2.79,0.0028,464,226
T-BulletDispenser-1x,2213,7.190,3.33,3.31,0.0033,464,226
T-BulletDispenser-1x,2214,7.194,3.37,3.39,0.0034,464,226
T-BulletDispenser-1x,2215,7.196,2.59,2.61,0.0026,464,226
T-BulletDispenser-1x,2216,7.200,3.24,3.21,0.0032,464,226
T-BulletDispenser-1x,2217,7.203,3.42,3.40,0.0034,464,226
T-BulletDispenser-1x,2218,7.206,3.25,3.29,0.0032,464,226
T-BulletDispenser-1x,2219,7.209,3.13,3.09,0.0031,464,226
T-BulletDispenser-1x,2220,7.212,3.05,3.09,0.0030,464,226
T-BulletDispenser-1x,2221,7.215,2.92,2.91,0.0029,464,226
T-BulletDispenser-1x,2222,7.218,2.92,2.89,0.0029,464,226
T-BulletDispenser-1x,2223,7.221,2.87,2.90,0.0029,464,226
T-BulletDispenser-1x,2224,7.224,3.12,3.09,0.0031,464,226
T-BulletDispenser-1x,2225,7.227,2.90,2.90,0.0029,464,226
T-BulletDispenser-1x,2226,7.230,2.90,2.90,0.0029,464,226
T-BulletDispenser-1x,2227,7.233,3.10,3.10,0.0031,464,226
T-BulletDispenser-1x,2228,7.236,3.32,3.30,0.0033,464,226
T-BulletDispenser-1x,2229,7.240,3.69,3.69,0.0037,464,226
T-BulletDispenser-1x,2230,7.243,3.10,3.10,0.0031,464,226
T-BulletDispenser-1x,2231,7.246,2.90,2.89,0.0029,516,226
T-BulletDispenser-1x,2232,7.250,4.02,4.01,0.0040,464,226
T-BulletDispenser-1x,2233,7.253,3.29,3.30,0.0033,464,226
T-BulletDispenser-1x,2234,7.257,3.21,3.21,0.0032,464,226
T-BulletDispenser-1x,2235,7.260,3.44,3.41,0.0034,464,226
T-BulletDispenser-1x,2236,7.263,3.05,3.08,0.0031,464,226
T-BulletDispenser-1x,2237,7.266,3.16,3.19,0.0032,464,226
T-BulletDispenser-1x,2238,7.269,3.18,3.19,0.0032,464,226
T-BulletDispenser-1x,2239,7.273,3.23,3.21,0.0032,464,226
T-BulletDispenser-1x,2240,7.276,3.42,3.41,0.0034,464,226
T-BulletDispenser-1x,2241,7.279,2.98,3.02,0.0030,464,226
T-BulletDispenser-1x,2242,7.282,3.11,3.07,0.0031,464,226
T-BulletDispenser-1x,2243,7.286,3.41,3.40,0.0034,464,226
T-BulletDispenser-1x,2244,7.289,3.30,3.30,0.0033,464,226
T-BulletDispenser-1x,2245,7.292,3.43,3.41,0.0034,464,226
T-BulletDispenser-1x,2246,7.295,2.74,2.77,0.0027,464,226
T-BulletDispenser-1x,2247,7.298,3.01,2.99,0.0030,464,226
T-BulletDispenser-1x,2248,7.301,2.90,2.90,0.0029,464,226
T-BulletDispenser-1x,2249,7.304,3.30,3.30,0.0033,464,226
T-BulletDispenser-1x,2250,7.308,3.40,3.40,0.0034,464,226
T-BulletDispenser-1x,2251,7.311,3.43,3.40,0.0034,464,226
T-BulletDispenser-1x,2252,7.315,3.59,3.60,0.0036,464,226
T-BulletDispenser-1x,2253,7.318,2.86,2.88,0.0029,464,226
T-BulletDispenser-1x,2254,7.320,2.90,2.90,0.0029,464,226
T-BulletDispenser-1x,2255,7.324,3.04,3.00,0.0030,464,226
T-BulletDispenser-1x,2256,7.327,3.39,3.40,0.0034,464,226
T-BulletDispenser-1x,2257,7.330,3.17,3.19,0.0032,464,226
T-BulletDispenser-1x,2258,7.333,2.81,2.82,0.0028,464,226
T-BulletDispenser-1x,2259,7.336,3.32,3.29,0.0033,464,226
T-BulletDispenser-1x,2260,7.339,3.19,3.20,0.0032,464,226
T-BulletDispenser-1x,2261,7.343,3.10,3.09,0.0031,464,226
T-BulletDispenser-1x,2262,7.346,3.19,3.19,0.0032,464,226
T-BulletDispenser-1x,2263,7.349,3.43,3.42,0.0034,464,226
T-BulletDispenser-1x,2264,7.353,3.37,3.38,0.0034,464,226
T-BulletDispenser-1x,2265,7.356,3.42,3.41,0.0034,464,226
T-BulletDispenser-1x,2266,7.359,2.75,2.79,0.0028,464,226
T-BulletDispenser-1x,2267,7.362,3.03,2.99,0.0030,464,226
T-BulletDispenser-1x,2268,7.365,3.31,3.31,0.0033,464,226
T-BulletDispenser-1x,2269,7.368,3.41,3.42,0.0034,464,226
T-BulletDispenser-1x,2270,7.372,3.41,3.38,0.0034,464,226
T-BulletDispenser-1x,2271,7.375,3.54,3.43,0.0035,464,226
T-BulletDispenser-1x,2272,7.379,3.87,4.01,0.0039,464,226
T-BulletDispenser-1x,2273,7.382,3.12,3.13,0.0031,464,226
T-BulletDispenser-1x,2274,7.386,3.49,3.43,0.0035,464,226
T-BulletDispenser-1x,2275,7.389,3.46,3.50,0.0035,464,226
T-BulletDispenser-1x,2276,7.393,3.32,3.31,0.0033,464,226
T-BulletDispenser-1x,2277,7.395,2.86,2.89,0.0029,464,226
T-BulletDispenser-1x,2278,7.398,2.92,2.90,0.0029,464,226
T-BulletDispenser-1x,2279,7.402,3.30,3.30,0.0033,464,226
T-BulletDispenser-1x,2280,7.405,3.60,3.60,0.0036,464,226
T-BulletDispenser-1x,2281,7.408,2.99,3.00,0.0030,464,226
T-BulletDispenser-1x,2282,7.412,3.37,3.39,0.0034,464,226
T-BulletDispenser-1x,2283,7.415,3.34,3.30,0.0033,464,226
T-BulletDispenser-1x,2284,7.418,3.02,3.02,0.0030,464,226
T-BulletDispenser-1x,2285,7.421,2.94,2.89,0.0029,464,226
T-BulletDispenser-1x,2286,7.424,3.02,3.09,0.0030,464,226
T-BulletDispenser-1x,2287,7.427,3.43,3.39,0.0034,464,226
T-BulletDispenser-1x,2288,7.431,3.28,3.27,0.0033,464,226
T-BulletDispenser-1x,2289,7.434,3.60,3.61,0.0036,464,226
T-BulletDispenser-1x,2290,7.437,3.03,3.02,0.0030,464,226
T-BulletDispenser-1x,2291,7.441,3.28,3.29,0.0033,464,226
T-BulletDispenser-1x,2292,7.444,3.33,3.28,0.0033,464,226
T-BulletDispenser-1x,2293,7.447,3.27,3.30,0.0033,516,226
T-BulletDispenser-1x,2294,7.451,3.23,3.21,0.0032,464,226
T-BulletDispenser-1x,2295,7.454,3.45,3.39,0.0035,464,226
T-BulletDispenser-1x,2296,7.457,3.21,3.29,0.0032,464,226
T-BulletDispenser-1x,2297,7.461,3.43,3.41,0.0034,464,226
T-BulletDispenser-1x,2298,7.464,3.18,3.17,0.0032,464,226
T-BulletDispenser-1x,2299,7.467,2.99,3.01,0.0030,464,226
T-BulletDispenser-1x,2300,7.470,2.87,2.90,0.0029,464,226
T-BulletDispenser-1x,2301,7.472,2.78,2.73,0.0028,464,226
T-BulletDispenser-1x,2302,7.476,3.15,3.18,0.0032,464,226
T-BulletDispenser-1x,2303,7.479,3.83,3.81,0.0038,464,226
T-BulletDispenser-1x,2304,7.483,3.19,3.19,0.0032,464,226
T-BulletDispenser-1x,2305,7.486,3.26,3.28,0.0033,464,226
T-BulletDispenser-1x,2306,7.489,3.20,3.11,0.0032,464,226
T-BulletDispenser-1x,2307,7.492,3.41,3.48,0.0034,464,226
T-BulletDispenser-1x,2308,7.496,3.24,3.22,0.0032,464,226
T-BulletDispenser-1x,2309,7.499,3.16,3.09,0.0032,464,226
T-BulletDispenser-1x,2310,7.503,3.73,3.81,0.0037,464,226
T-BulletDispenser-1x,2311,7.506,3.29,3.29,0.0033,464,226
T-BulletDispenser-1x,2312,7.508,2.63,2.67,0.0026,464,226
T-BulletDispenser-1x,2313,7.512,3.17,3.12,0.0032,464,226
T-BulletDispenser-1x,2314,7.515,3.40,3.40,0.0034,464,226
T-BulletDispenser-1x,2315,7.519,3.52,3.51,0.0035,464,226
T-BulletDispenser-1x,2316,7.522,3.20,3.20,0.0032,464,226
T-BulletDispenser-1x,2317,7.525,3.17,3.19,0.0032,464,226
T-BulletDispenser-1x,2318,7.528,3.10,3.10,0.0031,464,226
T-BulletDispenser-1x,2319,7.531,2.92,2.90,0.0029,464,226
T-BulletDispenser-1x,2320,7.534,3.28,3.27,0.0033,464,226
T-BulletDispenser-1x,2321,7.537,3.09,3.11,0.0031,464,226
T-BulletDispenser-1x,2322,7.540,3.19,3.20,0.0032,464,226
T-BulletDispenser-1x,2323,7.544,3.45,3.41,0.0035,464,226
T-BulletDispenser-1x,2324,7.547,3.18,3.19,0.0032,464,226
T-BulletDispenser-1x,2325,7.550,2.65,2.68,0.0027,464,226
T-BulletDispenser-1x,2326,7.553,3.07,3.02,0.0031,464,226
T-BulletDispenser-1x,2327,7.556,3.49,3.48,0.0035,464,226
T-BulletDispenser-1x,2328,7.559,3.17,3.20,0.0032,464,226
T-BulletDispenser-1x,2329,7.562,2.78,2.80,0.0028,464,226
T-BulletDispenser-1x,2330,7.565,3.15,3.10,0.0031,464,226
T-BulletDispenser-1x,2331,7.568,2.99,3.01,0.0030,464,226
T-BulletDispenser-1x,2332,7.571,2.58,2.59,0.0026,464,226
T-BulletDispenser-1x,2333,7.574,2.90,2.89,0.0029,464,226
T-BulletDispenser-1x,2334,7.577,3.03,3.02,0.0030,464,226
T-BulletDispenser-1x,2335,7.580,3.29,3.28,0.0033,464,226
T-BulletDispenser-1x,2336,7.583,3.21,3.22,0.0032,464,226
T-BulletDispenser-1x,2337,7.587,3.41,3.39,0.0034,464,226
T-BulletDispenser-1x,2338,7.590,3.29,3.31,0.0033,464,226
T-BulletDispenser-1x,2339,7.593,2.96,2.98,0.0030,464,226
T-BulletDispenser-1x,2340,7.596,3.27,3.22,0.0033,464,226
T-BulletDispenser-1x,2341,7.600,3.48,3.48,0.0035,464,226
T-BulletDispenser-1x,2342,7.603,3.10,3.11,0.0031,464,226
T-BulletDispenser-1x,2343,7.606,3.51,3.49,0.0035,464,226
T-BulletDispenser-1x,2344,7.610,3.30,3.31,0.0033,464,226
T-BulletDispenser-1x,2345,7.613,3.06,3.08,0.0031,464,226
T-BulletDispenser-1x,2346,7.616,3.61,3.60,0.0036,464,226
T-BulletDispenser-1x,2347,7.620,3.19,3.19,0.0032,464,226
T-BulletDispenser-1x,2348,7.623,3.45,3.40,0.0034,464,226
T-BulletDispenser-1x,2349,7.626,3.18,3.20,0.0032,464,226
T-BulletDispenser-1x,2350,7.630,3.37,3.39,0.0034,464,226
T-BulletDispenser-1x,2351,7.633,3.00,3.01,0.0030,464,226
T-BulletDispenser-1x,2352,7.636,3.22,3.19,0.0032,464,226
T-BulletDispenser-1x,2353,7.639,3.27,3.29,0.0033,464,226
T-BulletDispenser-1x,2354,7.642,3.23,3.21,0.0032,464,226
T-BulletDispenser-1x,2355,7.645,3.09,3.09,0.0031,464,226
T-BulletDispenser-1x,2356,7.649,3.39,3.42,0.0034,516,226
T-BulletDispenser-1x,2357,7.652,3.06,2.99,0.0031,464,226
T-BulletDispenser-1x,2358,7.655,2.81,2.89,0.0028,464,226
T-BulletDispenser-1x,2359,7.657,2.78,2.79,0.0028,464,226
T-BulletDispenser-1x,2360,7.660,2.76,2.72,0.0028,464,226
T-BulletDispenser-1x,2361,7.663,2.86,2.89,0.0029,464,226
T-BulletDispenser-1x,2362,7.666,3.24,3.22,0.0032,464,226
T-BulletDispenser-1x,2363,7.670,3.30,3.29,0.0033,464,226
T-BulletDispenser-1x,2364,7.673,2.96,2.97,0.0030,464,226
T-BulletDispenser-1x,2365,7.676,3.22,3.12,0.0032,464,226
T-BulletDispenser-1x,2366,7.679,3.57,3.58,0.0036,464,226
T-BulletDispenser-1x,2367,7.683,3.34,3.41,0.0033,464,226
T-BulletDispenser-1x,2368,7.686,3.40,3.39,0.0034,464,226
T-BulletDispenser-1x,2369,7.690,3.41,3.40,0.0034,464,226
T-BulletDispenser-1x,2370,7.692,2.69,2.71,0.0027,464,226
T-BulletDispenser-1x,2371,7.696,3.51,3.49,0.0035,464,226
T-BulletDispenser-1x,2372,7.699,3.12,3.11,0.0031,464,226
T-BulletDispenser-1x,2373,7.702,3.17,3.19,0.0032,464,226
T-BulletDispenser-1x,2374,7.705,3.32,3.30,0.0033,464,226
T-BulletDispenser-1x,2375,7.708,3.08,3.11,0.0031,464,226
T-BulletDispenser-1x,2376,7.711,2.89,2.89,0.0029,464,226
T-BulletDispenser-1x,2377,7.714,2.60,2.59,0.0026,464,226
T-BulletDispenser-1x,2378,7.717,3.36,3.31,0.0034,464,226
T-BulletDispenser-1x,2379,7.720,3.21,3.19,0.0032,464,226
T-BulletDispenser-1x,2380,7.724,3.13,3.19,0.0031,464,226
T-BulletDispenser-1x,2381,7.727,3.15,3.10,0.0032,464,226
T-BulletDispenser-1x,2382,7.730,3.29,3.31,0.0033,464,226
T-BulletDispenser-1x,2383,7.734,3.61,3.59,0.0036,464,226
T-BulletDispenser-1x,2384,7.737,3.40,3.40,0.0034,464,226
T-BulletDispenser-1x,2385,7.740,3.39,3.41,0.0034,464,226
T-BulletDispenser-1x,2386,7.744,3.27,3.28,0.0033,464,226
T-BulletDispenser-1x,2387,7.747,3.40,3.39,0.0034,464,226
T-BulletDispenser-1x,2388,7.750,3.09,3.12,0.0031,464,226
T-BulletDispenser-1x,2389,7.753,2.90,2.90,0.0029,464,226
T-BulletDispenser-1x,2390,7.756,2.78,2.79,0.0028,464,226
T-BulletDispenser-1x,2391,7.759,3.48,3.42,0.0035,464,226
T-BulletDispenser-1x,2392,7.763,3.37,3.39,0.0034,464,226
T-BulletDispenser-1x,2393,7.766,3.30,3.30,0.0033,464,226
T-BulletDispenser-1x,2394,7.769,3.26,3.30,0.0033,464,226
T-BulletDispenser-1x,2395,7.772,2.53,2.50,0.0025,464,226
T-BulletDispenser-1x,2396,7.775,3.31,3.30,0.0033,464,226
T-BulletDispenser-1x,2397,7.778,3.36,3.31,0.0034,464,226
T-BulletDispenser-1x,2398,7.782,3.07,3.15,0.0031,464,226
T-BulletDispenser-1x,2399,7.784,2.74,2.70,0.0027,464,226
T-BulletDispenser-1x,2400,7.787,3.13,3.12,0.0031,464,226
T-BulletDispenser-1x,2401,7.790,3.06,3.09,0.0031,464,226
T-BulletDispenser-1x,2402,7.794,3.46,3.41,0.0035,464,226
T-BulletDispenser-1x,2403,7.797,3.38,3.40,0.0034,464,226
T-BulletDispenser-1x,2404,7.801,3.62,3.61,0.0036,464,226
T-BulletDispenser-1x,2405,7.804,2.84,2.88,0.0028,464,226
T-BulletDispenser-1x,2406,7.807,3.23,3.20,0.0032,464,226
T-BulletDispenser-1x,2407,7.810,2.97,2.98,0.0030,464,226
T-BulletDispenser-1x,2408,7.813,2.59,2.60,0.0026,464,226
T-BulletDispenser-1x,2409,7.816,2.93,2.91,0.0029,464,226
T-BulletDispenser-1x,2410,7.819,3.42,3.41,0.0034,464,226
T-BulletDispenser-1x,2411,7.822,3.30,3.29,0.0033,464,226
T-BulletDispenser-1x,2412,7.826,3.52,3.51,0.0035,464,226
T-BulletDispenser-1x,2413,7.829,3.62,3.57,0.0036,464,226
T-BulletDispenser-1x,2414,7.833,3.25,3.31,0.0033,464,226
T-BulletDispenser-1x,2415,7.836,2.90,2.89,0.0029,464,226
T-BulletDispenser-1x,2416,7.839,3.30,3.30,0.0033,464,226
T-BulletDispenser-1x,2417,7.842,3.36,3.31,0.0034,464,226
T-BulletDispenser-1x,2418,7.845,2.91,2.99,0.0029,464,226
T-BulletDispenser-1x,2419,7.848,3.34,3.29,0.0033,464,226
T-BulletDispenser-1x,2420,7.852,3.09,3.10,0.0031,516,226
T-BulletDispenser-1x,2421,7.855,3.20,3.20,0.0032,464,226
T-BulletDispenser-1x,2422,7.858,3.52,3.51,0.0035,464,226
T-BulletDispenser-1x,2423,7.862,3.39,3.38,0.0034,464,226
T-BulletDispenser-1x,2424,7.865,3.51,3.51,0.0035,464,226
T-BulletDispenser-1x,2425,7.868,3.27,3.28,0.0033,464,226
T-BulletDispenser-1x,2426,7.871,2.58,2.60,0.0026,464,226
T-BulletDispenser-1x,2427,7.874,3.26,3.21,0.0033,464,226
T-BulletDispenser-1x,2428,7.878,3.51,3.50,0.0035,464,226
T-BulletDispenser-1x,2429,7.881,3.06,3.07,0.0031,464,226
T-BulletDispenser-1x,2430,7.884,3.13,3.12,0.0031,464,226
T-BulletDispenser-1x,2431,7.887,3.17,3.18,0.0032,464,226
T-BulletDispenser-1x,2432,7.890,3.22,3.21,0.0032,464,226
T-BulletDispenser-1x,2433,7.894,3.39,3.39,0.0034,464,226
T-BulletDispenser-1x,2434,7.897,3.38,3.39,0.0034,464,226
T-BulletDispenser-1x,2435,7.900,3.02,3.00,0.0030,464,226
T-BulletDispenser-1x,2436,7.903,3.06,3.10,0.0031,464,226
T-BulletDispenser-1x,2437,7.906,3.26,3.22,0.0033,464,226
T-BulletDispenser-1x,2438,7.909,2.88,2.89,0.0029,464,226
T-BulletDispenser-1x,2439,7.912,2.87,2.89,0.0029,464,226
T-BulletDispenser-1x,2440,7.915,3.24,3.21,0.0032,464,226
T-BulletDispenser-1x,2441,7.919,3.39,3.39,0.0034,464,226
T-BulletDispenser-1x,2442,7.922,3.13,3.12,0.0031,464,226
T-BulletDispenser-1x,2443,7.925,2.96,2.99,0.0030,464,226
T-BulletDispenser-1x,2444,7.928,2.99,3.00,0.0030,464,226
T-BulletDispenser-1x,2445,7.931,3.20,3.09,0.0032,464,226
T-BulletDispenser-1x,2446,7.934,3.34,3.40,0.0033,464,226
T-BulletDispenser-1x,2447,7.938,3.09,3.10,0.0031,464,226
T-BulletDispenser-1x,2448,7.941,3.08,3.11,0.0031,464,226
T-BulletDispenser-1x,2449,7.943,2.80,2.78,0.0028,464,226
T-BulletDispenser-1x,2450,7.947,3.33,3.32,0.0033,464,226
T-BulletDispenser-1x,2451,7.950,3.11,3.09,0.0031,464,226
T-BulletDispenser-1x,2452,7.953,3.16,3.21,0.0032,464,226
T-BulletDispenser-1x,2453,7.956,3.44,3.40,0.0034,464,226
T-BulletDispenser-1x,2454,7.960,3.39,3.40,0.0034,464,226
T-BulletDispenser-1x,2455,7.963,2.84,2.88,0.0028,464,226
T-BulletDispenser-1x,2456,7.966,3.33,3.31,0.0033,464,226
T-BulletDispenser-1x,2457,7.970,3.61,3.60,0.0036,464,226
T-BulletDispenser-1x,2458,7.973,3.24,3.21,0.0032,464,226
T-BulletDispenser-1x,2459,7.976,3.37,3.40,0.0034,464,226
T-BulletDispenser-1x,2460,7.979,2.94,2.97,0.0029,464,226
T-BulletDispenser-1x,2461,7.982,3.04,3.01,0.0030,464,226
T-BulletDispenser-1x,2462,7.986,3.33,3.32,0.0033,464,226
T-BulletDispenser-1x,2463,7.989,3.26,3.27,0.0033,464,226
T-BulletDispenser-1x,2464,7.993,3.85,3.83,0.0039,464,226
T-BulletDispenser-1x,2465,7.996,3.16,2.97,0.0032,464,226
T-BulletDispenser-1x,2466,8.000,3.90,4.02,0.0039,464,226
T-BulletDispenser-1x,2467,8.003,3.31,3.38,0.0033,464,226
T-BulletDispenser-1x,2468,8.007,3.49,3.51,0.0035,464,226
T-BulletDispenser-1x,2469,8.010,3.40,3.39,0.0034,464,226
T-BulletDispenser-1x,2470,8.013,3.43,3.41,0.0034,464,226
T-BulletDispenser-1x,2471,8.016,2.94,2.97,0.0029,464,226
T-BulletDispenser-1x,2472,8.019,2.82,2.80,0.0028,464,226
T-BulletDispenser-1x,2473,8.022,3.23,3.20,0.0032,464,226
T-BulletDispenser-1x,2474,8.026,3.59,3.60,0.0036,464,226
T-BulletDispenser-1x,2475,8.029,3.27,3.30,0.0033,464,226
T-BulletDispenser-1x,2476,8.033,3.34,3.30,0.0033,464,226
T-BulletDispenser-1x,2477,8.035,2.96,3.00,0.0030,464,226
T-BulletDispenser-1x,2478,8.039,3.06,3.00,0.0031,464,226
T-BulletDispenser-1x,2479,8.042,3.47,3.48,0.0035,464,226
T-BulletDispenser-1x,2480,8.045,3.02,3.01,0.0030,464,226
T-BulletDispenser-1x,2481,8.048,3.28,3.31,0.0033,464,226
T-BulletDispenser-1x,2482,8.052,3.21,3.19,0.0032,464,226
T-BulletDispenser-1x,2483,8.055,3.30,3.30,0.0033,516,226
T-BulletDispenser-1x,2484,8.057,2.65,2.69,0.0027,464,226
T-BulletDispenser-1x,2485,8.060,2.86,2.80,0.0029,464,226
T-BulletDispenser-1x,2486,8.064,3.48,3.50,0.0035,464,226
T-BulletDispenser-1x,2487,8.067,3.30,3.29,0.0033,464,226
T-BulletDispenser-1x,2488,8.070,3.11,3.11,0.0031,464,226
T-BulletDispenser-1x,2489,8.073,2.97,2.98,0.0030,464,226
T-BulletDispenser-1x,2490,8.076,3.03,3.01,0.0030,464,226
T-BulletDispenser-1x,2491,8.080,3.53,3.51,0.0035,464,226
T-BulletDispenser-1x,2492,8.083,3.29,3.29,0.0033,464,226
T-BulletDispenser-1x,2493,8.086,3.27,3.31,0.0033,464,226
T-BulletDispenser-1x,2494,8.089,2.80,2.79,0.0028,464,226
T-BulletDispenser-1x,2495,8.092,3.34,3.31,0.0033,464,226
T-BulletDispenser-1x,2496,8.096,3.17,3.18,0.0032,464,226
T-BulletDispenser-1x,2497,8.099,3.41,3.40,0.0034,464,226
T-BulletDispenser-1x,2498,8.103,3.53,3.50,0.0035,464,226
T-BulletDispenser-1x,2499,8.106,3.25,3.30,0.0033,464,226
T-BulletDispenser-1x,2500,8.109,3.10,3.09,0.0031,464,226
T-BulletDispenser-1x,2501,8.112,2.92,2.91,0.0029,464,226
T-BulletDispenser-1x,2502,8.115,3.29,3.30,0.0033,464,226
T-BulletDispenser-1x,2503,8.118,3.18,3.18,0.0032,464,226
T-BulletDispenser-1x,2504,8.121,3.11,3.10,0.0031,464,226
T-BulletDispenser-1x,2505,8.124,2.98,3.00,0.0030,464,226
T-BulletDispenser-1x,2506,8.128,3.38,3.31,0.0034,464,226
T-BulletDispenser-1x,2507,8.131,3.29,3.36,0.0033,464,226
T-BulletDispenser-1x,2508,8.134,3.03,2.93,0.0030,464,226
T-BulletDispenser-1x,2509,8.137,3.22,3.30,0.0032,464,226
T-BulletDispenser-1x,2510,8.141,3.18,3.19,0.0032,464,226
T-BulletDispenser-1x,2511,8.143,3.00,3.00,0.0030,464,226
T-BulletDispenser-1x,2512,8.146,2.58,2.60,0.0026,464,226
T-BulletDispenser-1x,2513,8.149,3.06,3.01,0.0031,464,226
T-BulletDispenser-1x,2514,8.153,3.49,3.48,0.0035,464,226
T-BulletDispenser-1x,2515,8.156,3.43,3.42,0.0034,464,226
T-BulletDispenser-1x,2516,8.159,3.14,3.18,0.0031,464,226
T-BulletDispenser-1x,2517,8.162,2.68,2.70,0.0027,464,226
T-BulletDispenser-1x,2518,8.165,3.34,3.31,0.0033,464,226
T-BulletDispenser-1x,2519,8.169,3.41,3.41,0.0034,464,226
T-BulletDispenser-1x,2520,8.172,2.99,2.99,0.0030,464,226
T-BulletDispenser-1x,2521,8.175,2.97,2.99,0.0030,464,226
T-BulletDispenser-1x,2522,8.177,2.89,2.89,0.0029,464,226
T-BulletDispenser-1x,2523,8.180,2.50,2.51,0.0025,464,226
T-BulletDispenser-1x,2524,8.183,3.35,3.31,0.0034,464,226
T-BulletDispenser-1x,2525,8.187,3.31,3.30,0.0033,464,226
T-BulletDispenser-1x,2526,8.190,3.26,3.28,0.0033,464,226
T-BulletDispenser-1x,2527,8.193,3.12,3.11,0.0031,464,226
T-BulletDispenser-1x,2528,8.196,3.21,3.20,0.0032,464,226
T-BulletDispenser-1x,2529,8.200,3.48,3.49,0.0035,464,226
T-BulletDispenser-1x,2530,8.203,3.40,3.40,0.0034,464,226
T-BulletDispenser-1x,2531,8.207,3.40,3.40,0.0034,464,226
T-BulletDispenser-1x,2532,8.210,3.31,3.30,0.0033,464,226
T-BulletDispenser-1x,2533,8.213,3.20,3.20,0.0032,464,226
T-BulletDispenser-1x,2534,8.216,2.90,2.89,0.0029,464,226
T-BulletDispenser-1x,2535,8.219,3.47,3.41,0.0035,464,226
T-BulletDispenser-1x,2536,8.223,3.43,3.48,0.0034,464,226
T-BulletDispenser-1x,2537,8.226,3.42,3.42,0.0034,464,226
T-BulletDispenser-1x,2538,8.230,3.37,3.38,0.0034,464,226
T-BulletDispenser-1x,2539,8.233,3.09,3.10,0.0031,464,226
T-BulletDispenser-1x,2540,8.236,3.14,3.11,0.0031,464,226
T-BulletDispenser-1x,2541,8.239,3.12,3.10,0.0031,464,226
T-BulletDispenser-1x,2542,8.242,3.40,3.41,0.0034,464,226
T-BulletDispenser-1x,2543,8.245,2.74,2.78,0.0027,464,226
T-BulletDispenser-1x,2544,8.248,3.13,3.10,0.0031,464,226
T-BulletDispenser-1x,2545,8.251,3.19,3.19,0.0032,464,226
T-BulletDispenser-1x,2546,8.254,3.04,3.02,0.0030,464,226
T-BulletDispenser-1x,2547,8.258,3.50,3.49,0.0035,516,226
T-BulletDispenser-1x,2548,8.261,3.25,3.27,0.0032,464,226
T-BulletDispenser-1x,2549,8.265,3.33,3.33,0.0033,464,226
T-BulletDispenser-1x,2550,8.267,2.68,2.68,0.0027,464,226
T-BulletDispenser-1x,2551,8.270,3.22,3.21,0.0032,464,226
T-BulletDispenser-1x,2552,8.274,3.11,3.10,0.0031,464,226
T-BulletDispenser-1x,2553,8.277,3.20,3.18,0.0032,464,226
T-BulletDispenser-1x,2554,8.280,3.62,3.62,0.0036,464,226
T-BulletDispenser-1x,2555,8.284,3.27,3.28,0.0033,464,226
T-BulletDispenser-1x,2556,8.287,3.01,3.01,0.0030,464,226
T-BulletDispenser-1x,2557,8.290,2.91,2.90,0.0029,464,226
T-BulletDispenser-1x,2558,8.293,2.99,2.99,0.0030,464,226
T-BulletDispenser-1x,2559,8.296,3.20,3.20,0.0032,464,226
T-BulletDispenser-1x,2560,8.299,3.27,3.30,0.0033,464,226
T-BulletDispenser-1x,2561,8.302,3.36,3.31,0.0034,464,226
T-BulletDispenser-1x,2562,8.306,3.45,3.48,0.0034,464,226
T-BulletDispenser-1x,2563,8.309,3.02,3.01,0.0030,464,226
T-BulletDispenser-1x,2564,8.312,2.74,2.78,0.0027,464,226
T-BulletDispenser-1x,2565,8.314,2.76,2.71,0.0028,464,226
T-BulletDispenser-1x,2566,8.318,3.63,3.61,0.0036,464,226
T-BulletDispenser-1x,2567,8.322,3.64,3.61,0.0036,464,226
T-BulletDispenser-1x,2568,8.325,3.12,3.17,0.0031,464,226
T-BulletDispenser-1x,2569,8.328,3.42,3.40,0.0034,464,226
T-BulletDispenser-1x,2570,8.331,3.30,3.31,0.0033,464,226
T-BulletDispenser-1x,2571,8.335,3.62,3.60,0.0036,464,226
T-BulletDispenser-1x,2572,8.338,3.24,3.19,0.0032,464,226
T-BulletDispenser-1x,2573,8.342,3.71,3.69,0.0037,464,226
T-BulletDispenser-1x,2574,8.345,3.22,3.31,0.0032,464,226
T-BulletDispenser-1x,2575,8.349,3.42,3.39,0.0034,464,226
T-BulletDispenser-1x,2576,8.352,2.96,2.99,0.0030,464,226
T-BulletDispenser-1x,2577,8.355,2.94,2.91,0.0029,464,226
T-BulletDispenser-1x,2578,8.358,3.70,3.70,0.0037,464,226
T-BulletDispenser-1x,2579,8.361,2.89,2.91,0.0029,464,226
T-BulletDispenser-1x,2580,8.365,3.38,3.38,0.0034,464,226
T-BulletDispenser-1x,2581,8.367,2.67,2.69,0.0027,464,226
T-BulletDispenser-1x,2582,8.370,3.16,3.13,0.0032,464,226
T-BulletDispenser-1x,2583,8.374,3.22,3.20,0.0032,464,226
T-BulletDispenser-1x,2584,8.377,3.34,3.28,0.0033,464,226
T-BulletDispenser-1x,2585,8.380,3.25,3.32,0.0033,464,226
T-BulletDispenser-1x,2586,8.383,2.85,2.88,0.0028,464,226
T-BulletDispenser-1x,2587,8.386,3.23,3.20,0.0032,464,226
T-BulletDispenser-1x,2588,8.390,3.30,3.30,0.0033,464,226
T-BulletDispenser-1x,2589,8.392,2.65,2.61,0.0026,464,226
T-BulletDispenser-1x,2590,8.395,3.07,3.08,0.0031,464,226
T-BulletDispenser-1x,2591,8.398,3.00,2.99,0.0030,464,226
T-BulletDispenser-1x,2592,8.402,3.39,3.40,0.0034,464,226
T-BulletDispenser-1x,2593,8.405,3.49,3.49,0.0035,464,226
T-BulletDispenser-1x,2594,8.408,3.00,3.02,0.0030,464,226
T-BulletDispenser-1x,2595,8.411,3.17,3.18,0.0032,464,226
T-BulletDispenser-1x,2596,8.414,3.04,3.02,0.0030,464,226
T-BulletDispenser-1x,2597,8.418,3.53,3.49,0.0035,464,226
T-BulletDispenser-1x,2598,8.421,3.57,3.51,0.0036,464,226
T-BulletDispenser-1x,2599,8.425,3.33,3.40,0.0033,464,226
T-BulletDispenser-1x,2600,8.428,2.94,2.98,0.0029,464,226
T-BulletDispenser-1x,2601,8.431,3.05,3.01,0.0030,464,226
T-BulletDispenser-1x,2602,8.434,3.61,3.60,0.0036,464,226
T-BulletDispenser-1x,2603,8.437,3.06,3.08,0.0031,464,226
T-BulletDispenser-1x,2604,8.441,3.53,3.51,0.0035,464,226
T-BulletDispenser-1x,2605,8.444,3.52,3.50,0.0035,464,226
T-BulletDispenser-1x,2606,8.448,3.60,3.61,0.0036,464,226
T-BulletDispenser-1x,2607,8.451,3.19,3.20,0.0032,464,226
T-BulletDispenser-1x,2608,8.455,3.33,3.29,0.0033,464,226
T-BulletDispenser-1x,2609,8.458,3.66,3.69,0.0037,516,226
T-BulletDispenser-1x,2610,8.462,3.39,3.39,0.0034,464,226
T-BulletDispenser-1x,2611,8.465,3.72,3.71,0.0037,464,226
T-BulletDispenser-1x,2612,8.469,3.48,3.50,0.0035,464,226
T-BulletDispenser-1x,2613,8.472,3.11,3.09,0.0031,464,226
T-BulletDispenser-1x,2614,8.475,3.40,3.40,0.0034,464,226
T-BulletDispenser-1x,2615,8.478,3.11,3.10,0.0031,464,226
T-BulletDispenser-1x,2616,8.482,3.26,3.29,0.0033,464,226
T-BulletDispenser-1x,2617,8.485,3.20,3.19,0.0032,464,226
T-BulletDispenser-1x,2618,8.488,3.16,3.12,0.0032,464,226
T-BulletDispenser-1x,2619,8.491,2.95,2.99,0.0029,464,226
T-BulletDispenser-1x,2620,8.494,3.30,3.29,0.0033,464,226
T-BulletDispenser-1x,2621,8.498,3.34,3.31,0.0033,464,226
T-BulletDispenser-1x,2622,8.501,3.29,3.30,0.0033,464,226
T-BulletDispenser-1x,2623,8.504,3.07,3.09,0.0031,464,226
T-BulletDispenser-1x,2624,8.507,3.07,3.09,0.0031,464,226
T-BulletDispenser-1x,2625,8.510,3.24,3.21,0.0032,464,226
T-BulletDispenser-1x,2626,8.514,3.41,3.39,0.0034,464,226
T-BulletDispenser-1x,2627,8.517,3.22,3.21,0.0032,464,226
T-BulletDispenser-1x,2628,8.520,3.03,3.09,0.0030,464,226
T-BulletDispenser-1x,2629,8.523,2.62,2.60,0.0026,464,226
T-BulletDispenser-1x,2630,8.526,3.21,3.19,0.0032,464,226
T-BulletDispenser-1x,2631,8.529,3.47,3.47,0.0035,464,226
T-BulletDispenser-1x,2632,8.533,3.55,3.53,0.0036,464,226
T-BulletDispenser-1x,2633,8.536,3.19,3.19,0.0032,464,226
T-BulletDispenser-1x,2634,8.539,3.19,3.20,0.0032,464,226
T-BulletDispenser-1x,2635,8.542,2.67,2.69,0.0027,464,226
T-BulletDispenser-1x,2636,8.545,3.22,3.18,0.0032,464,226
T-BulletDispenser-1x,2637,8.548,3.31,3.31,0.0033,464,226
T-BulletDispenser-1x,2638,8.552,3.31,3.32,0.0033,464,226
T-BulletDispenser-1x,2639,8.555,3.10,3.09,0.0031,464,226
T-BulletDispenser-1x,2640,8.558,3.25,3.20,0.0033,464,226
T-BulletDispenser-1x,2641,8.561,3.21,3.29,0.0032,464,226
T-BulletDispenser-1x,2642,8.564,2.91,2.89,0.0029,464,226
T-BulletDispenser-1x,2643,8.567,3.10,3.10,0.0031,464,226
T-BulletDispenser-1x,2644,8.571,3.41,3.41,0.0034,464,226
T-BulletDispenser-1x,2645,8.574,3.07,3.08,0.0031,464,226
T-BulletDispenser-1x,2646,8.577,3.15,3.12,0.0032,464,226
T-BulletDispenser-1x,2647,8.580,3.07,3.09,0.0031,464,226
T-BulletDispenser-1x,2648,8.583,3.08,3.09,0.0031,464,226
T-BulletDispenser-1x,2649,8.586,3.15,3.11,0.0031,464,226
T-BulletDispenser-1x,2650,8.589,3.18,3.18,0.0032,464,226
T-BulletDispenser-1x,2651,8.593,3.43,3.41,0.0034,464,226
T-BulletDispenser-1x,2652,8.596,3.51,3.52,0.0035,464,226
T-BulletDispenser-1x,2653,8.599,2.95,2.99,0.0029,464,226
T-BulletDispenser-1x,2654,8.603,3.45,3.40,0.0034,464,226
T-BulletDispenser-1x,2655,8.606,3.38,3.39,0.0034,464,226
T-BulletDispenser-1x,2656,8.609,2.63,2.68,0.0026,464,226
T-BulletDispenser-1x,2657,8.612,3.04,3.00,0.0030,464,226
T-BulletDispenser-1x,2658,8.615,3.41,3.39,0.0034,464,226
T-BulletDispenser-1x,2659,8.619,3.31,3.32,0.0033,464,226
T-BulletDispenser-1x,2660,8.622,3.22,3.20,0.0032,464,226
T-BulletDispenser-1x,2661,8.625,3.07,3.10,0.0031,464,226
T-BulletDispenser-1x,2662,8.628,3.07,3.09,0.0031,464,226
T-BulletDispenser-1x,2663,8.631,2.93,2.90,0.0029,464,226
T-BulletDispenser-1x,2664,8.634,3.30,3.29,0.0033,464,226
T-BulletDispenser-1x,2665,8.637,3.19,3.20,0.0032,464,226
T-BulletDispenser-1x,2666,8.640,3.08,3.10,0.0031,464,226
T-BulletDispenser-1x,2667,8.643,2.92,2.89,0.0029,464,226
T-BulletDispenser-1x,2668,8.646,2.86,2.89,0.0029,464,226
T-BulletDispenser-1x,2669,8.649,3.12,3.10,0.0031,464,226
T-BulletDispenser-1x,2670,8.653,3.33,3.31,0.0033,464,226
T-BulletDispenser-1x,2671,8.656,3.20,3.20,0.0032,464,226
T-BulletDispenser-1x,2672,8.659,2.99,3.00,0.0030,516,226
T-BulletDispenser-1x,2673,8.662,3.34,3.31,0.0033,464,226
T-BulletDispenser-1x,2674,8.665,2.95,2.99,0.0030,464,226
T-BulletDispenser-1x,2675,8.668,2.92,2.90,0.0029,464,226
T-BulletDispenser-1x,2676,8.672,3.53,3.51,0.0035,464,226
T-BulletDispenser-1x,2677,8.674,2.84,2.89,0.0028,464,226
T-BulletDispenser-1x,2678,8.678,3.35,3.29,0.0034,464,226
T-BulletDispenser-1x,2679,8.681,3.27,3.30,0.0033,464,226
T-BulletDispenser-1x,2680,8.684,2.67,2.70,0.0027,464,226
T-BulletDispenser-1x,2681,8.687,3.26,3.20,0.0033,464,226
T-BulletDispenser-1x,2682,8.690,3.45,3.49,0.0035,464,226
T-BulletDispenser-1x,2683,8.694,3.11,3.09,0.0031,464,226
T-BulletDispenser-1x,2684,8.697,3.45,3.42,0.0035,464,226
T-BulletDispenser-1x,2685,8.701,3.97,3.99,0.0040,464,226
T-BulletDispenser-1x,2686,8.704,3.31,3.28,0.0033,464,226
T-BulletDispenser-1x,2687,8.707,3.14,3.19,0.0031,464,226
T-BulletDispenser-1x,2688,8.711,3.23,3.19,0.0032,464,226
T-BulletDispenser-1x,2689,8.714,3.10,3.12,0.0031,464,226
T-BulletDispenser-1x,2690,8.716,2.56,2.59,0.0026,464,226
T-BulletDispenser-1x,2691,8.719,2.61,2.59,0.0026,464,226
T-BulletDispenser-1x,2692,8.722,3.15,3.11,0.0031,464,226
T-BulletDispenser-1x,2693,8.726,3.47,3.49,0.0035,464,226
T-BulletDispenser-1x,2694,8.729,3.92,3.85,0.0039,464,226
T-BulletDispenser-1x,2695,8.732,2.84,2.94,0.0028,464,226
T-BulletDispenser-1x,2696,8.735,3.12,3.02,0.0031,464,226
T-BulletDispenser-1x,2697,8.739,3.25,3.28,0.0033,464,226
T-BulletDispenser-1x,2698,8.742,3.01,3.00,0.0030,464,226
T-BulletDispenser-1x,2699,8.745,3.08,3.10,0.0031,464,226
T-BulletDispenser-1x,2700,8.748,3.09,3.10,0.0031,464,226
T-BulletDispenser-1x,2701,8.751,3.01,2.99,0.0030,464,226
T-BulletDispenser-1x,2702,8.754,3.23,3.22,0.0032,464,226
T-BulletDispenser-1x,2703,8.757,3.36,3.38,0.0034,464,226
T-BulletDispenser-1x,2704,8.761,3.39,3.41,0.0034,464,226
T-BulletDispenser-1x,2705,8.764,3.34,3.30,0.0033,464,226
T-BulletDispenser-1x,2706,8.767,3.29,3.29,0.0033,464,226
T-BulletDispenser-1x,2707,8.770,2.65,2.69,0.0026,464,226
T-BulletDispenser-1x,2708,8.773,2.71,2.69,0.0027,464,226
T-BulletDispenser-1x,2709,8.776,3.44,3.42,0.0034,464,226
T-BulletDispenser-1x,2710,8.780,3.28,3.29,0.0033,464,226
T-BulletDispenser-1x,2711,8.782,2.88,2.90,0.0029,464,226
T-BulletDispenser-1x,2712,8.785,2.59,2.58,0.0026,464,226
T-BulletDispenser-1x,2713,8.788,2.89,2.90,0.0029,464,226
T-BulletDispenser-1x,2714,8.791,3.25,3.22,0.0032,464,226
T-BulletDispenser-1x,2715,8.794,2.99,2.98,0.0030,464,226
T-BulletDispenser-1x,2716,8.797,3.11,3.10,0.0031,464,226
T-BulletDispenser-1x,2717,8.801,3.39,3.39,0.0034,464,226
T-BulletDispenser-1x,2718,8.804,3.62,3.62,0.0036,464,226
T-BulletDispenser-1x,2719,8.807,3.08,3.09,0.0031,464,226
T-BulletDispenser-1x,2720,8.811,3.41,3.40,0.0034,464,226
T-BulletDispenser-1x,2721,8.814,2.98,2.99,0.0030,464,226
T-BulletDispenser-1x,2722,8.817,2.88,2.90,0.0029,464,226
T-BulletDispenser-1x,2723,8.820,3.01,3.02,0.0030,464,226
T-BulletDispenser-1x,2724,8.823,3.17,3.09,0.0032,464,226
T-BulletDispenser-1x,2725,8.826,3.46,3.50,0.0035,464,226
T-BulletDispenser-1x,2726,8.829,3.24,3.26,0.0032,464,226
T-BulletDispenser-1x,2727,8.832,2.93,2.92,0.0029,464,226
T-BulletDispenser-1x,2728,8.835,2.90,2.90,0.0029,464,226
T-BulletDispenser-1x,2729,8.838,2.57,2.60,0.0026,464,226
T-BulletDispenser-1x,2730,8.841,2.93,2.90,0.0029,464,226
T-BulletDispenser-1x,2731,8.844,3.33,3.31,0.0033,464,226
T-BulletDispenser-1x,2732,8.847,3.09,3.07,0.0031,464,226
T-BulletDispenser-1x,2733,8.851,3.44,3.44,0.0034,464,226
T-BulletDispenser-1x,2734,8.854,3.15,3.18,0.0031,464,226
T-BulletDispenser-1x,2735,8.857,3.11,3.10,0.0031,464,226
T-BulletDispenser-1x,2736,8.860,3.19,3.19,0.0032,516,226
T-BulletDispenser-1x,2737,8.864,3.43,3.41,0.0034,464,226
T-BulletDispenser-1x,2738,8.867,3.41,3.41,0.0034,464,226
T-BulletDispenser-1x,2739,8.870,3.08,3.08,0.0031,464,226
T-BulletDispenser-1x,2740,8.874,3.48,3.51,0.0035,464,226
T-BulletDispenser-1x,2741,8.877,3.07,3.08,0.0031,464,226
T-BulletDispenser-1x,2742,8.880,3.03,3.01,0.0030,464,226
T-BulletDispenser-1x,2743,8.883,2.96,3.00,0.0030,464,226
T-BulletDispenser-1x,2744,8.885,2.82,2.79,0.0028,464,226
T-BulletDispenser-1x,2745,8.889,3.31,3.30,0.0033,464,226
T-BulletDispenser-1x,2746,8.892,3.09,3.09,0.0031,464,226
T-BulletDispenser-1x,2747,8.895,3.23,3.22,0.0032,464,226
T-BulletDispenser-1x,2748,8.898,3.21,3.21,0.0032,464,226
T-BulletDispenser-1x,2749,8.902,3.27,3.29,0.0033,464,226
T-BulletDispenser-1x,2750,8.904,2.99,2.98,0.0030,464,226
T-BulletDispenser-1x,2751,8.907,2.76,2.79,0.0028,464,226
T-BulletDispenser-1x,2752,8.910,2.80,2.73,0.0028,464,226
T-BulletDispenser-1x,2753,8.913,3.35,3.38,0.0034,464,226
T-BulletDispenser-1x,2754,8.917,3.62,3.61,0.0036,464,226
T-BulletDispenser-1x,2755,8.920,3.06,3.08,0.0031,464,226
T-BulletDispenser-1x,2756,8.924,3.42,3.40,0.0034,464,226
T-BulletDispenser-1x,2757,8.927,3.32,3.31,0.0033,464,226
T-BulletDispenser-1x,2758,8.930,3.25,3.29,0.0032,464,226
T-BulletDispenser-1x,2759,8.933,3.16,3.13,0.0032,464,226
T-BulletDispenser-1x,2760,8.937,3.56,3.58,0.0036,464,226
T-BulletDispenser-1x,2761,8.940,3.65,3.59,0.0036,464,226
T-BulletDispenser-1x,2762,8.944,3.36,3.40,0.0034,464,226
T-BulletDispenser-1x,2763,8.947,2.89,2.90,0.0029,464,226
T-BulletDispenser-1x,2764,8.950,3.10,3.11,0.0031,464,226
T-BulletDispenser-1x,2765,8.953,3.39,3.38,0.0034,464,226
T-BulletDispenser-1x,2766,8.956,3.22,3.21,0.0032,464,226
T-BulletDispenser-1x,2767,8.960,3.61,3.61,0.0036,464,226
T-BulletDispenser-1x,2768,8.963,2.74,2.79,0.0027,464,226
T-BulletDispenser-1x,2769,8.966,3.01,2.99,0.0030,464,226
T-BulletDispenser-1x,2770,8.969,3.14,3.02,0.0031,464,226
T-BulletDispenser-1x,2771,8.972,3.26,3.29,0.0033,464,226
T-BulletDispenser-1x,2772,8.976,3.40,3.40,0.0034,464,226
T-BulletDispenser-1x,2773,8.979,3.79,3.80,0.0038,464,226
T-BulletDispenser-1x,2774,8.982,3.09,3.16,0.0031,464,226
T-BulletDispenser-1x,2775,8.985,3.01,2.92,0.0030,464,226
T-BulletDispenser-1x,2776,8.989,3.34,3.38,0.0033,464,226
T-BulletDispenser-1x,2777,8.992,3.58,3.52,0.0036,464,226
T-BulletDispenser-1x,2778,8.996,3.31,3.39,0.0033,464,226
T-BulletDispenser-1x,2779,8.999,3.31,3.31,0.0033,464,226
T-BulletDispenser-1x,2780,9.002,3.20,3.18,0.0032,464,226
T-BulletDispenser-1x,2781,9.005,3.23,3.22,0.0032,464,226
T-BulletDispenser-1x,2782,9.009,3.49,3.48,0.0035,464,226
T-BulletDispenser-1x,2783,9.012,3.27,3.30,0.0033,464,226
T-BulletDispenser-1x,2784,9.015,3.19,3.22,0.0032,464,226
T-BulletDispenser-1x,2785,9.018,2.95,2.89,0.0029,464,226
T-BulletDispenser-1x,2786,9.022,3.49,3.49,0.0035,464,226
T-BulletDispenser-1x,2787,9.025,3.32,3.31,0.0033,464,226
T-BulletDispenser-1x,2788,9.028,3.27,3.29,0.0033,464,226
T-BulletDispenser-1x,2789,9.032,3.37,3.38,0.0034,464,226
T-BulletDispenser-1x,2790,9.035,3.15,3.11,0.0032,464,226
T-BulletDispenser-1x,2791,9.038,3.05,3.09,0.0030,464,226
T-BulletDispenser-1x,2792,9.041,3.00,2.99,0.0030,464,226
T-BulletDispenser-1x,2793,9.044,3.39,3.31,0.0034,464,226
T-BulletDispenser-1x,2794,9.048,3.76,3.80,0.0038,464,226
T-BulletDispenser-1x,2795,9.052,3.37,3.37,0.0034,464,226
T-BulletDispenser-1x,2796,9.055,3.43,3.41,0.0034,464,226
T-BulletDispenser-1x,2797,9.058,2.99,3.00,0.0030,464,226
T-BulletDispenser-1x,2798,9.062,3.60,3.59,0.0036,516,226
T-BulletDispenser-1x,2799,9.065,3.49,3.50,0.0035,464,226
T-BulletDispenser-1x,2800,9.069,3.92,3.90,0.0039,464,226
T-BulletDispenser-1x,2801,9.072,3.49,3.49,0.0035,464,226
T-BulletDispenser-1x,2802,9.076,3.49,3.51,0.0035,464,226
T-BulletDispenser-1x,2803,9.080,3.79,3.79,0.0038,464,226
T-BulletDispenser-1x,2804,9.083,3.06,3.10,0.0031,464,226
T-BulletDispenser-1x,2805,9.086,2.93,2.90,0.0029,464,226
T-BulletDispenser-1x,2806,9.089,3.12,3.09,0.0031,464,226
T-BulletDispenser-1x,2807,9.092,2.95,2.99,0.0029,464,226
T-BulletDispenser-1x,2808,9.095,3.40,3.31,0.0034,464,226
T-BulletDispenser-1x,2809,9.099,3.45,3.49,0.0034,464,226
T-BulletDispenser-1x,2810,9.102,3.19,3.17,0.0032,464,226
T-BulletDispenser-1x,2811,9.105,3.62,3.61,0.0036,464,226
T-BulletDispenser-1x,2812,9.109,3.72,3.70,0.0037,464,226
T-BulletDispenser-1x,2813,9.113,3.37,3.39,0.0034,464,226
T-BulletDispenser-1x,2814,9.116,3.53,3.51,0.0035,464,226
T-BulletDispenser-1x,2815,9.120,3.58,3.59,0.0036,464,226
T-BulletDispenser-1x,2816,9.123,3.09,3.08,0.0031,464,226
T-BulletDispenser-1x,2817,9.127,3.90,3.91,0.0039,464,226
T-BulletDispenser-1x,2818,9.130,3.47,3.49,0.0035,464,226
T-BulletDispenser-1x,2819,9.134,3.62,3.60,0.0036,464,226
T-BulletDispenser-1x,2820,9.137,3.10,3.10,0.0031,464,226
T-BulletDispenser-1x,2821,9.140,2.96,2.98,0.0030,464,226
T-BulletDispenser-1x,2822,9.143,2.84,2.82,0.0028,464,226
T-BulletDispenser-1x,2823,9.146,3.48,3.49,0.0035,464,226
T-BulletDispenser-1x,2824,9.149,3.32,3.31,0.0033,464,226
T-BulletDispenser-1x,2825,9.153,3.31,3.30,0.0033,464,226
T-BulletDispenser-1x,2826,9.156,3.28,3.28,0.0033,464,226
T-BulletDispenser-1x,2827,9.159,3.19,3.21,0.0032,464,226
T-BulletDispenser-1x,2828,9.163,3.54,3.51,0.0035,464,226
T-BulletDispenser-1x,2829,9.166,3.56,3.57,0.0036,464,226
T-BulletDispenser-1x,2830,9.170,3.41,3.40,0.0034,464,226
T-BulletDispenser-1x,2831,9.173,3.51,3.42,0.0035,464,226
T-BulletDispenser-1x,2832,9.177,3.60,3.70,0.0036,464,226
T-BulletDispenser-1x,2833,9.180,3.14,3.16,0.0031,464,226
T-BulletDispenser-1x,2834,9.183,3.13,3.11,0.0031,464,226
T-BulletDispenser-1x,2835,9.187,3.45,3.42,0.0035,464,226
T-BulletDispenser-1x,2836,9.190,3.68,3.67,0.0037,464,226
T-BulletDispenser-1x,2837,9.194,3.73,3.73,0.0037,464,226
T-BulletDispenser-1x,2838,9.197,3.28,3.28,0.0033,464,226
T-BulletDispenser-1x,2839,9.200,2.95,2.99,0.0030,464,226
T-BulletDispenser-1x,2840,9.203,2.90,2.89,0.0029,464,226
T-BulletDispenser-1x,2841,9.206,3.07,3.02,0.0031,464,226
T-BulletDispenser-1x,2842,9.210,3.44,3.47,0.0034,464,226
T-BulletDispenser-1x,2843,9.213,3.17,3.13,0.0032,464,226
T-BulletDispenser-1x,2844,9.216,3.15,3.18,0.0031,464,226
T-BulletDispenser-1x,2845,9.219,3.40,3.41,0.0034,464,226
T-BulletDispenser-1x,2846,9.222,2.95,2.88,0.0030,464,226
T-BulletDispenser-1x,2847,9.226,3.60,3.60,0.0036,464,226
T-BulletDispenser-1x,2848,9.229,3.59,3.60,0.0036,464,226
T-BulletDispenser-1x,2849,9.233,3.18,3.19,0.0032,464,226
T-BulletDispenser-1x,2850,9.236,3.09,3.08,0.0031,464,226
T-BulletDispenser-1x,2851,9.239,3.33,3.32,0.0033,464,226
T-BulletDispenser-1x,2852,9.243,3.61,3.60,0.0036,464,226
T-BulletDispenser-1x,2853,9.246,3.26,3.28,0.0033,464,226
T-BulletDispenser-1x,2854,9.249,3.39,3.39,0.0034,464,226
T-BulletDispenser-1x,2855,9.252,3.11,3.11,0.0031,464,226
T-BulletDispenser-1x,2856,9.256,3.10,3.10,0.0031,464,226
T-BulletDispenser-1x,2857,9.259,3.51,3.49,0.0035,464,226
T-BulletDispenser-1x,2858,9.262,3.19,3.19,0.0032,516,226
T-BulletDispenser-1x,2859,9.266,3.28,3.31,0.0033,464,226
T-BulletDispenser-1x,2860,9.269,3.46,3.40,0.0035,464,226
T-BulletDispenser-1x,2861,9.272,3.44,3.40,0.0034,464,226
T-BulletDispenser-1x,2862,9.276,3.65,3.69,0.0037,464,226
T-BulletDispenser-1x,2863,9.279,3.36,3.39,0.0034,464,226
T-BulletDispenser-1x,2864,9.283,3.39,3.39,0.0034,464,226
T-BulletDispenser-1x,2865,9.286,3.27,3.29,0.0033,464,226
T-BulletDispenser-1x,2866,9.289,3.16,3.12,0.0032,464,226
T-BulletDispenser-1x,2867,9.293,3.19,3.18,0.0032,464,226
T-BulletDispenser-1x,2868,9.296,4.01,4.00,0.0040,464,226
T-BulletDispenser-1x,2869,9.300,3.16,3.19,0.0032,464,226
T-BulletDispenser-1x,2870,9.303,3.14,3.18,0.0031,464,226
T-BulletDispenser-1x,2871,9.306,3.20,3.14,0.0032,464,226
T-BulletDispenser-1x,2872,9.309,3.09,3.09,0.0031,464,226
T-BulletDispenser-1x,2873,9.312,3.29,3.30,0.0033,464,226
T-BulletDispenser-1x,2874,9.316,3.34,3.29,0.0033,464,226
T-BulletDispenser-1x,2875,9.319,3.34,3.39,0.0033,464,226
T-BulletDispenser-1x,2876,9.322,3.36,3.32,0.0034,464,226
T-BulletDispenser-1x,2877,9.325,3.05,3.10,0.0031,464,226
T-BulletDispenser-1x,2878,9.329,3.94,3.92,0.0039,464,226
T-BulletDispenser-1x,2879,9.332,3.06,3.05,0.0031,464,226
T-BulletDispenser-1x,2880,9.336,3.55,3.53,0.0035,464,226
T-BulletDispenser-1x,2881,9.340,3.58,3.58,0.0036,464,226
T-BulletDispenser-1x,2882,9.343,3.38,3.39,0.0034,464,226
T-BulletDispenser-1x,2883,9.346,2.78,2.81,0.0028,464,226
T-BulletDispenser-1x,2884,9.349,3.15,3.10,0.0032,464,226
T-BulletDispenser-1x,2885,9.352,3.54,3.51,0.0035,464,226
T-BulletDispenser-1x,2886,9.356,3.19,3.19,0.0032,464,226
T-BulletDispenser-1x,2887,9.359,3.46,3.48,0.0035,464,226
T-BulletDispenser-1x,2888,9.362,2.86,2.90,0.0029,464,226
T-BulletDispenser-1x,2889,9.365,3.13,3.09,0.0031,464,226
T-BulletDispenser-1x,2890,9.369,3.50,3.50,0.0035,464,226
T-BulletDispenser-1x,2891,9.372,3.29,3.30,0.0033,464,226
T-BulletDispenser-1x,2892,9.375,3.50,3.49,0.0035,464,226
T-BulletDispenser-1x,2893,9.379,4.05,4.05,0.0040,464,226
T-BulletDispenser-1x,2894,9.382,2.95,2.96,0.0029,464,226
T-BulletDispenser-1x,2895,9.385,2.99,2.99,0.0030,464,226
T-BulletDispenser-1x,2896,9.388,2.69,2.70,0.0027,464,226
T-BulletDispenser-1x,2897,9.391,3.14,3.10,0.0031,464,226
T-BulletDispenser-1x,2898,9.395,3.51,3.50,0.0035,464,226
T-BulletDispenser-1x,2899,9.398,3.59,3.56,0.0036,464,226
T-BulletDispenser-1x,2900,9.402,3.52,3.53,0.0035,464,226
T-BulletDispenser-1x,2901,9.405,3.60,3.59,0.0036,464,226
T-BulletDispenser-1x,2902,9.409,3.97,3.99,0.0040,464,226
T-BulletDispenser-1x,2903,9.413,3.30,3.30,0.0033,464,226
T-BulletDispenser-1x,2904,9.416,3.53,3.50,0.0035,464,226
T-BulletDispenser-1x,2905,9.420,3.47,3.51,0.0035,464,226
T-BulletDispenser-1x,2906,9.423,3.12,3.07,0.0031,464,226
T-BulletDispenser-1x,2907,9.426,3.14,3.10,0.0031,464,226
T-BulletDispenser-1x,2908,9.429,3.47,3.50,0.0035,464,226
T-BulletDispenser-1x,2909,9.432,3.12,3.10,0.0031,464,226
T-BulletDispenser-1x,2910,9.436,3.47,3.49,0.0035,464,226
T-BulletDispenser-1x,2911,9.439,3.24,3.21,0.0032,464,226
T-BulletDispenser-1x,2912,9.442,3.30,3.30,0.0033,464,226
T-BulletDispenser-1x,2913,9.446,3.38,3.39,0.0034,464,226
T-BulletDispenser-1x,2914,9.449,3.51,3.50,0.0035,464,226
T-BulletDispenser-1x,2915,9.453,3.40,3.39,0.0034,464,226
T-BulletDispenser-1x,2916,9.456,3.58,3.51,0.0036,464,226
T-BulletDispenser-1x,2917,9.460,3.62,3.69,0.0036,464,226
T-BulletDispenser-1x,2918,9.464,3.60,3.60,0.0036,516,226
T-BulletDispenser-1x,2919,9.467,3.71,3.70,0.0037,464,226
T-BulletDispenser-1x,2920,9.470,3.15,3.18,0.0032,464,226
T-BulletDispenser-1x,2921,9.475,4.26,4.22,0.0043,756,226
T-BulletDispenser-1x,2922,9.500,25.24,25.19,0.0252,257600,226
T-BulletDispenser-1x,2923,9.505,4.69,4.78,0.0047,3172,226
T-BulletDispenser-1x,2924,9.509,4.31,4.29,0.0043,464,226
T-BulletDispenser-1x,2925,9.514,4.85,4.82,0.0048,624,226
T-BulletDispenser-1x,2926,9.518,4.68,4.68,0.0047,464,226
T-BulletDispenser-1x,2927,9.523,4.27,4.29,0.0043,464,226
T-BulletDispenser-1x,2928,9.527,4.02,4.01,0.0040,464,226
T-BulletDispenser-1x,2929,9.531,4.34,4.30,0.0043,464,226
T-BulletDispenser-1x,2930,9.536,4.69,4.71,0.0047,464,226
T-BulletDispenser-1x,2931,9.541,4.80,4.80,0.0048,464,226
T-BulletDispenser-1x,2932,9.545,4.26,4.28,0.0043,1004,226
T-BulletDispenser-1x,2933,9.549,4.35,4.31,0.0043,464,226
T-BulletDispenser-1x,2934,9.554,4.49,4.49,0.0045,752,226
T-BulletDispenser-1x,2935,9.558,4.16,4.19,0.0042,464,226
T-BulletDispenser-1x,2936,9.563,4.82,4.79,0.0048,464,226
T-BulletDispenser-1x,2937,9.567,4.25,4.29,0.0043,464,226
T-BulletDispenser-1x,2938,9.571,4.15,4.11,0.0041,464,226
T-BulletDispenser-1x,2939,9.576,4.54,4.52,0.0045,464,226
T-BulletDispenser-1x,2940,9.580,4.46,4.48,0.0045,464,226
T-BulletDispenser-1x,2941,9.584,4.29,4.30,0.0043,464,226
T-BulletDispenser-1x,2942,9.588,3.78,3.80,0.0038,464,226
T-BulletDispenser-1x,2943,9.593,4.53,4.49,0.0045,464,226
T-BulletDispenser-1x,2944,9.597,4.69,4.69,0.0047,464,226
T-BulletDispenser-1x,2945,9.602,4.49,4.50,0.0045,464,226
T-BulletDispenser-1x,2946,9.606,4.21,4.20,0.0042,464,226
T-BulletDispenser-1x,2947,9.610,4.34,4.32,0.0043,464,226
T-BulletDispenser-1x,2948,9.615,4.25,4.29,0.0043,464,226
T-BulletDispenser-1x,2949,9.619,4.52,4.49,0.0045,464,226
T-BulletDispenser-1x,2950,9.624,4.60,4.60,0.0046,464,226
T-BulletDispenser-1x,2951,9.628,4.27,4.29,0.0043,464,226
T-BulletDispenser-1x,2952,9.632,4.20,4.19,0.0042,1008,226
T-BulletDispenser-1x,2953,9.636,4.19,4.21,0.0042,464,226
T-BulletDispenser-1x,2954,9.641,4.25,4.23,0.0042,464,226
T-BulletDispenser-1x,2955,9.645,4.49,4.48,0.0045,1564,226
T-BulletDispenser-1x,2956,9.649,4.31,4.30,0.0043,464,226
T-BulletDispenser-1x,2957,9.654,4.32,4.30,0.0043,464,226
T-BulletDispenser-1x,2958,9.658,4.51,4.50,0.0045,464,226
T-BulletDispenser-1x,2959,9.662,4.13,4.19,0.0041,464,226
T-BulletDispenser-1x,2960,9.667,4.19,4.18,0.0042,516,226
T-BulletDispenser-1x,2961,9.671,4.02,4.03,0.0040,464,226
T-BulletDispenser-1x,2962,9.675,4.14,4.10,0.0041,464,226
T-BulletDispenser-1x,2963,9.680,4.81,4.80,0.0048,464,226
T-BulletDispenser-1x,2964,9.684,4.02,4.06,0.0040,464,226
T-BulletDispenser-1x,2965,9.688,4.12,4.10,0.0041,464,226
T-BulletDispenser-1x,2966,9.692,4.67,4.61,0.0047,464,226
T-BulletDispenser-1x,2967,9.697,4.27,4.30,0.0043,464,226
T-BulletDispenser-1x,2968,9.701,4.00,3.99,0.0040,464,226
T-BulletDispenser-1x,2969,9.704,3.83,3.89,0.0038,464,226
T-BulletDispenser-1x,2970,9.709,4.24,4.20,0.0042,464,226
T-BulletDispenser-1x,2971,9.713,4.70,4.70,0.0047,464,226
T-BulletDispenser-1x,2972,9.718,4.42,4.42,0.0044,464,226
T-BulletDispenser-1x,2973,9.722,4.56,4.58,0.0046,464,226
T-BulletDispenser-1x,2974,9.727,4.13,4.11,0.0041,464,226
T-BulletDispenser-1x,2975,9.730,3.86,3.88,0.0039,464,226
T-BulletDispenser-1x,2976,9.735,4.35,4.33,0.0044,464,226
T-BulletDispenser-1x,2977,9.739,4.09,4.10,0.0041,464,226
T-BulletDispenser-1x,2978,9.743,4.07,4.07,0.0041,464,226
T-BulletDispenser-1x,2979,9.747,4.21,4.21,0.0042,464,226
T-BulletDispenser-1x,2980,9.751,4.30,4.30,0.0043,464,226
T-BulletDispenser-1x,2981,9.756,4.11,4.11,0.0041,464,226
T-BulletDispenser-1x,2982,9.760,4.31,4.29,0.0043,464,226
T-BulletDispenser-1x,2983,9.764,4.49,4.50,0.0045,464,226
T-BulletDispenser-1x,2984,9.769,4.90,4.90,0.0049,464,226
T-BulletDispenser-1x,2985,9.780,11.07,11.07,0.0111,39300,226
T-BulletDispenser-1x,2986,9.786,5.38,5.35,0.0054,464,226
T-BulletDispenser-1x,2987,9.791,5.33,5.37,0.0053,464,226
T-BulletDispenser-1x,2988,9.796,5.02,5.00,0.0050,1520,226
T-BulletDispenser-1x,2989,9.801,5.30,5.27,0.0053,464,226
T-BulletDispenser-1x,2990,9.807,5.31,5.31,0.0053,464,226
T-BulletDispenser-1x,2991,9.813,6.29,6.28,0.0063,3948,226
T-BulletDispenser-1x,2992,9.818,5.20,5.21,0.0052,464,226
T-BulletDispenser-1x,2993,9.824,5.52,5.50,0.0055,464,226
T-BulletDispenser-1x,2994,9.830,6.05,5.99,0.0061,464,226
T-BulletDispenser-1x,2995,9.835,5.10,5.18,0.0051,464,226
T-BulletDispenser-1x,2996,9.840,5.12,5.11,0.0051,464,226
T-BulletDispenser-1x,2997,9.845,5.31,5.31,0.0053,3020,226
T-BulletDispenser-1x,2998,9.850,5.10,5.09,0.0051,464,226
T-BulletDispenser-1x,2999,9.855,5.07,5.00,0.0051,464,226
T-BulletDispenser-1x,3000,9.861,5.20,5.22,0.0052,464,226
T-BulletDispenser-1x,3001,9.866,5.04,5.08,0.0050,464,226
T-BulletDispenser-1x,3002,9.871,5.06,5.10,0.0051,516,226
T-BulletDispenser-1x,3003,9.877,5.83,5.80,0.0058,1072,226
T-BulletDispenser-1x,3004,9.882,5.17,5.19,0.0052,464,226
T-BulletDispenser-1x,3005,9.887,5.05,5.02,0.0050,464,226
T-BulletDispenser-1x,3006,9.892,5.31,5.29,0.0053,464,226
T-BulletDispenser-1x,3007,9.897,5.04,5.09,0.0050,464,226
T-BulletDispenser-1x,3008,9.902,5.13,5.10,0.0051,464,226
T-BulletDispenser-1x,3009,9.907,5.08,5.09,0.0051,464,226
T-BulletDispenser-1x,3010,9.912,5.15,5.13,0.0051,464,226
T-BulletDispenser-1x,3011,9.917,4.76,4.78,0.0048,464,226
T-BulletDispenser-1x,3012,9.922,4.95,4.90,0.0050,464,226
T-BulletDispenser-1x,3013,9.927,4.86,4.91,0.0049,464,226
T-BulletDispenser-1x,3014,9.932,5.01,4.99,0.0050,464,226
T-BulletDispenser-1x,3015,9.937,4.79,4.79,0.0048,464,226
T-BulletDispenser-1x,3016,9.942,4.84,4.78,0.0048,464,226
T-BulletDispenser-1x,3017,9.947,5.17,5.21,0.0052,464,226
T-BulletDispenser-1x,3018,9.952,5.09,5.10,0.0051,464,226
T-BulletDispenser-1x,3019,9.956,4.50,4.50,0.0045,464,226
T-BulletDispenser-1x,3020,9.962,5.21,5.20,0.0052,464,226
T-BulletDispenser-1x,3021,9.967,5.12,5.10,0.0051,464,226
T-BulletDispenser-1x,3022,9.971,4.65,4.67,0.0046,464,226
T-BulletDispenser-1x,3023,9.976,4.65,4.62,0.0047,464,226
T-BulletDispenser-1x,3024,9.981,4.76,4.79,0.0048,464,226
T-BulletDispenser-1x,3025,9.986,4.83,4.80,0.0048,464,226
T-BulletDispenser-1x,3026,9.990,4.67,4.69,0.0047,464,226
T-BulletDispenser-1x,3027,9.995,4.63,4.59,0.0046,464,226
T-BulletDispenser-1x,3028,10.001,5.52,5.22,0.0055,464,226
T-BulletDispenser-1x,3029,10.006,5.10,5.39,0.0051,464,226
T-BulletDispenser-1x,3030,10.010,4.90,4.90,0.0049,464,226
T-BulletDispenser-1x,3031,10.016,5.15,5.18,0.0051,464,226
T-BulletDispenser-1x,3032,10.021,5.21,5.20,0.0052,464,226
T-BulletDispenser-1x,3033,10.025,4.51,4.51,0.0045,464,226
T-BulletDispenser-1x,3034,10.030,4.56,4.59,0.0046,464,226
T-BulletDispenser-1x,3035,10.035,4.93,4.91,0.0049,464,226
T-BulletDispenser-1x,3036,10.040,4.97,4.98,0.0050,464,226
T-BulletDispenser-1x,3037,10.044,4.53,4.51,0.0045,464,226
T-BulletDispenser-1x,3038,10.049,4.80,4.80,0.0048,464,226
T-BulletDispenser-1x,3039,10.055,5.45,5.40,0.0055,464,226
T-BulletDispenser-1x,3040,10.060,5.27,5.30,0.0053,464,226
T-BulletDispenser-1x,3041,10.065,4.98,5.00,0.0050,464,226
T-BulletDispenser-1x,3042,10.070,4.71,4.70,0.0047,464,226
T-BulletDispenser-1x,3043,10.080,10.06,10.05,0.0101,18246,226
T-BulletDispenser-1x,3044,10.085,5.76,5.74,0.0058,464,226
T-BulletDispenser-1x,3045,10.091,5.70,5.70,0.0057,464,226
T-BulletDispenser-1x,3046,10.097,6.20,6.19,0.0062,464,226
T-BulletDispenser-1x,3047,10.103,5.58,5.60,0.0056,464,226
T-BulletDispenser-1x,3048,10.109,5.83,5.81,0.0058,464,226
T-BulletDispenser-1x,3049,10.114,5.57,5.58,0.0056,464,226
T-BulletDispenser-1x,3050,10.121,6.43,6.41,0.0064,464,226
T-BulletDispenser-1x,3051,10.127,6.28,6.28,0.0063,464,226
T-BulletDispenser-1x,3052,10.133,6.12,6.12,0.0061,464,226
T-BulletDispenser-1x,3053,10.139,5.68,5.69,0.0057,464,226
T-BulletDispenser-1x,3054,10.145,5.88,5.90,0.0059,464,226
T-BulletDispenser-1x,3055,10.150,5.63,5.61,0.0056,464,226
T-BulletDispenser-1x,3056,10.156,5.52,5.50,0.0055,464,226
T-BulletDispenser-1x,3057,10.161,5.67,5.69,0.0057,464,226
T-BulletDispenser-1x,3058,10.168,6.33,6.30,0.0063,464,226
T-BulletDispenser-1x,3059,10.174,5.78,5.81,0.0058,464,226
T-BulletDispenser-1x,3060,10.180,6.16,6.09,0.0062,464,226
T-BulletDispenser-1x,3061,10.186,5.83,5.89,0.0058,464,226
T-BulletDispenser-1x,3062,10.191,5.39,5.40,0.0054,464,226
T-BulletDispenser-1x,3063,10.196,5.40,5.38,0.0054,464,226
T-BulletDispenser-1x,3064,10.202,5.62,5.62,0.0056,464,226
T-BulletDispenser-1x,3065,10.207,5.40,5.39,0.0054,464,226
T-BulletDispenser-1x,3066,10.213,5.73,5.71,0.0057,464,226
T-BulletDispenser-1x,3067,10.219,5.76,5.79,0.0058,464,226
T-BulletDispenser-1x,3068,10.224,5.29,5.30,0.0053,464,226
T-BulletDispenser-1x,3069,10.230,5.51,5.48,0.0055,464,226
T-BulletDispenser-1x,3070,10.235,5.11,5.10,0.0051,464,226
T-BulletDispenser-1x,3071,10.240,5.50,5.50,0.0055,464,226
T-BulletDispenser-1x,3072,10.245,5.08,5.10,0.0051,464,226
T-BulletDispenser-1x,3073,10.251,5.45,5.40,0.0054,464,226
T-BulletDispenser-1x,3074,10.256,5.38,5.40,0.0054,464,226
T-BulletDispenser-1x,3075,10.261,5.28,5.29,0.0053,464,226
T-BulletDispenser-1x,3076,10.267,5.08,5.09,0.0051,464,226
T-BulletDispenser-1x,3077,10.272,5.35,5.32,0.0053,464,226
T-BulletDispenser-1x,3078,10.277,5.37,5.39,0.0054,516,226
T-BulletDispenser-1x,3079,10.283,5.49,5.49,0.0055,464,226
T-BulletDispenser-1x,3080,10.288,5.00,5.00,0.0050,464,226
T-BulletDispenser-1x,3081,10.293,5.43,5.40,0.0054,464,226
T-BulletDispenser-1x,3082,10.299,5.80,5.81,0.0058,464,226
T-BulletDispenser-1x,3083,10.305,5.66,5.62,0.0057,464,226
T-BulletDispenser-1x,3084,10.310,5.45,5.47,0.0055,464,226
T-BulletDispenser-1x,3085,10.315,5.37,5.39,0.0054,464,226
T-BulletDispenser-1x,3086,10.321,5.30,5.29,0.0053,464,226
T-BulletDispenser-1x,3087,10.326,5.09,5.09,0.0051,464,226
T-BulletDispenser-1x,3088,10.331,5.33,5.31,0.0053,464,226
T-BulletDispenser-1x,3089,10.336,5.30,5.31,0.0053,464,226
T-BulletDispenser-1x,3090,10.342,5.27,5.29,0.0053,464,226
T-BulletDispenser-1x,3091,10.347,5.62,5.60,0.0056,464,226
T-BulletDispenser-1x,3092,10.353,5.30,5.31,0.0053,464,226
T-BulletDispenser-1x,3093,10.358,5.62,5.60,0.0056,464,226
T-BulletDispenser-1x,3094,10.364,5.67,5.67,0.0057,464,226
T-BulletDispenser-1x,3095,10.373,9.40,9.42,0.0094,23442,226
T-BulletDispenser-1x,3096,10.380,6.61,6.60,0.0066,464,226
T-BulletDispenser-1x,3097,10.386,6.50,6.50,0.0065,464,226
T-BulletDispenser-1x,3098,10.393,6.19,6.19,0.0062,464,226
T-BulletDispenser-1x,3099,10.399,6.21,6.21,0.0062,464,226
T-BulletDispenser-1x,3100,10.405,6.49,6.49,0.0065,464,226
T-BulletDispenser-1x,3101,10.411,5.91,5.89,0.0059,464,226
T-BulletDispenser-1x,3102,10.418,6.61,6.60,0.0066,464,226
T-BulletDispenser-1x,3103,10.424,6.24,6.21,0.0062,464,226
T-BulletDispenser-1x,3104,10.430,6.02,6.06,0.0060,464,226
T-BulletDispenser-1x,3105,10.436,5.93,5.93,0.0059,464,226
T-BulletDispenser-1x,3106,10.443,6.50,6.49,0.0065,464,226
T-BulletDispenser-1x,3107,10.449,6.12,6.11,0.0061,464,226
T-BulletDispenser-1x,3108,10.455,6.42,6.41,0.0064,464,226
T-BulletDispenser-1x,3109,10.461,6.26,6.28,0.0063,464,226
T-BulletDispenser-1x,3110,10.468,6.22,6.21,0.0062,464,226
T-BulletDispenser-1x,3111,10.474,6.72,6.71,0.0067,4130,226
T-BulletDispenser-1x,3112,10.481,6.56,6.57,0.0066,1124,226
T-BulletDispenser-1x,3113,10.488,7.12,7.10,0.0071,3912,226
T-BulletDispenser-1x,3114,10.494,6.31,6.30,0.0063,1686,226
T-BulletDispenser-1x,3115,10.500,5.89,5.90,0.0059,464,226
T-BulletDispenser-1x,3116,10.506,6.01,6.00,0.0060,464,226
T-BulletDispenser-1x,3117,10.512,6.00,6.01,0.0060,464,226
T-BulletDispenser-1x,3118,10.517,5.30,5.30,0.0053,464,226
T-BulletDispenser-1x,3119,10.523,5.36,5.37,0.0054,464,226
T-BulletDispenser-1x,3120,10.529,5.75,5.71,0.0058,464,226
T-BulletDispenser-1x,3121,10.534,5.68,5.69,0.0057,464,226
T-BulletDispenser-1x,3122,10.540,5.49,5.51,0.0055,464,226
T-BulletDispenser-1x,3123,10.545,5.50,5.50,0.0055,464,226
T-BulletDispenser-1x,3124,10.551,5.63,5.60,0.0056,464,226
T-BulletDispenser-1x,3125,10.557,5.81,5.79,0.0058,464,226
T-BulletDispenser-1x,3126,10.562,5.53,5.59,0.0055,464,226
T-BulletDispenser-1x,3127,10.568,6.03,6.01,0.0060,464,226
T-BulletDispenser-1x,3128,10.574,5.67,5.68,0.0057,464,226
T-BulletDispenser-1x,3129,10.580,5.76,5.70,0.0058,464,226
T-BulletDispenser-1x,3130,10.586,5.95,6.01,0.0060,464,226
T-BulletDispenser-1x,3131,10.591,5.69,5.69,0.0057,464,226
T-BulletDispenser-1x,3132,10.597,5.63,5.60,0.0056,464,226
T-BulletDispenser-1x,3133,10.603,5.97,6.00,0.0060,464,226
T-BulletDispenser-1x,3134,10.609,5.83,5.79,0.0058,464,226
T-BulletDispenser-1x,3135,10.615,6.20,6.12,0.0062,464,226
T-BulletDispenser-1x,3136,10.621,6.23,6.30,0.0062,464,226
T-BulletDispenser-1x,3137,10.627,5.47,5.48,0.0055,464,226
T-BulletDispenser-1x,3138,10.632,5.47,5.50,0.0055,464,226
T-BulletDispenser-1x,3139,10.637,5.32,5.29,0.0053,464,226
T-BulletDispenser-1x,3140,10.643,5.99,6.00,0.0060,464,226
T-BulletDispenser-1x,3141,10.649,5.30,5.30,0.0053,464,226
T-BulletDispenser-1x,3142,10.654,5.71,5.69,0.0057,464,226
T-BulletDispenser-1x,3143,10.661,6.17,6.11,0.0062,464,226
T-BulletDispenser-1x,3144,10.666,5.23,5.31,0.0052,464,226
T-BulletDispenser-1x,3145,10.676,9.94,9.89,0.0099,18194,226
T-BulletDispenser-1x,3146,10.682,6.13,6.18,0.0061,516,226
T-BulletDispenser-1x,3147,10.688,5.93,5.92,0.0059,464,226
T-BulletDispenser-1x,3148,10.694,6.44,6.39,0.0064,464,226
T-BulletDispenser-1x,3149,10.701,6.26,6.29,0.0063,464,226
T-BulletDispenser-1x,3150,10.706,5.91,5.90,0.0059,464,226
T-BulletDispenser-1x,3151,10.713,6.29,6.28,0.0063,464,226
T-BulletDispenser-1x,3152,10.719,6.37,6.39,0.0064,464,226
T-BulletDispenser-1x,3153,10.725,6.32,6.31,0.0063,464,226
T-BulletDispenser-1x,3154,10.732,6.30,6.31,0.0063,1072,226
T-BulletDispenser-1x,3155,10.738,6.18,6.17,0.0062,464,226
T-BulletDispenser-1x,3156,10.744,6.22,6.21,0.0062,464,226
T-BulletDispenser-1x,3157,10.750,6.17,6.12,0.0062,464,226
T-BulletDispenser-1x,3158,10.757,6.26,6.29,0.0063,464,226
T-BulletDispenser-1x,3159,10.763,6.58,6.59,0.0066,3004,226
T-BulletDispenser-1x,3160,10.769,6.29,6.29,0.0063,464,226
T-BulletDispenser-1x,3161,10.775,5.85,5.89,0.0059,464,226
T-BulletDispenser-1x,3162,10.781,5.62,5.61,0.0056,464,226
T-BulletDispenser-1x,3163,10.788,6.72,6.69,0.0067,2908,226
T-BulletDispenser-1x,3164,10.793,5.60,5.60,0.0056,464,226
T-BulletDispenser-1x,3165,10.799,5.99,5.99,0.0060,464,226
T-BulletDispenser-1x,3166,10.805,5.74,5.70,0.0057,464,226
T-BulletDispenser-1x,3167,10.811,6.00,6.01,0.0060,464,226
T-BulletDispenser-1x,3168,10.817,5.57,5.60,0.0056,464,226
T-BulletDispenser-1x,3169,10.822,5.29,5.28,0.0053,464,226
T-BulletDispenser-1x,3170,10.827,5.61,5.60,0.0056,464,226
T-BulletDispenser-1x,3171,10.833,5.27,5.29,0.0053,464,226
T-BulletDispenser-1x,3172,10.839,5.79,5.78,0.0058,464,226
T-BulletDispenser-1x,3173,10.844,5.62,5.62,0.0056,464,226
T-BulletDispenser-1x,3174,10.850,5.73,5.71,0.0057,464,226
T-BulletDispenser-1x,3175,10.855,5.51,5.49,0.0055,464,226
T-BulletDispenser-1x,3176,10.861,5.77,5.81,0.0058,464,226
T-BulletDispenser-1x,3177,10.867,5.70,5.68,0.0057,464,226
T-BulletDispenser-1x,3178,10.872,5.52,5.51,0.0055,464,226
T-BulletDispenser-1x,3179,10.878,5.69,5.70,0.0057,464,226
T-BulletDispenser-1x,3180,10.883,5.38,5.40,0.0054,516,226
T-BulletDispenser-1x,3181,10.889,5.72,5.71,0.0057,464,226
T-BulletDispenser-1x,3182,10.894,5.22,5.20,0.0052,464,226
T-BulletDispenser-1x,3183,10.900,5.34,5.38,0.0053,464,226
T-BulletDispenser-1x,3184,10.905,5.31,5.30,0.0053,464,226
T-BulletDispenser-1x,3185,10.911,5.60,5.54,0.0056,464,226
T-BulletDispenser-1x,3186,10.916,5.50,5.56,0.0055,464,226
T-BulletDispenser-1x,3187,10.922,5.68,5.61,0.0057,464,226
T-BulletDispenser-1x,3188,10.927,5.21,5.27,0.0052,464,226
T-BulletDispenser-1x,3189,10.932,5.43,5.41,0.0054,464,226
T-BulletDispenser-1x,3190,10.938,5.50,5.50,0.0055,464,226
T-BulletDispenser-1x,3191,10.943,5.28,5.28,0.0053,464,226
T-BulletDispenser-1x,3192,10.948,5.21,5.20,0.0052,464,226
T-BulletDispenser-1x,3193,10.954,5.51,5.51,0.0055,464,226
T-BulletDispenser-1x,3194,10.959,5.08,5.10,0.0051,464,226
T-BulletDispenser-1x,3195,10.966,6.76,6.71,0.0068,464,226
T-BulletDispenser-1x,3196,10.972,6.52,6.51,0.0065,464,226
T-BulletDispenser-1x,3197,10.978,6.16,6.18,0.0062,464,226
T-BulletDispenser-1x,3198,10.985,6.08,6.10,0.0061,464,226
T-BulletDispenser-1x,3199,10.990,5.92,5.90,0.0059,464,226
T-BulletDispenser-1x,3200,10.997,6.41,6.38,0.0064,464,226
T-BulletDispenser-1x,3201,11.003,6.19,6.20,0.0062,464,226
T-BulletDispenser-1x,3202,11.009,5.66,5.69,0.0057,464,226
T-BulletDispenser-1x,3203,11.015,5.83,5.80,0.0058,464,226
T-BulletDispenser-1x,3204,11.021,6.19,6.21,0.0062,464,226
T-BulletDispenser-1x,3205,11.027,5.93,5.91,0.0059,464,226
T-BulletDispenser-1x,3206,11.033,6.07,6.09,0.0061,464,226
T-BulletDispenser-1x,3207,11.039,5.79,5.78,0.0058,528,226
T-BulletDispenser-1x,3208,11.045,6.02,6.00,0.0060,464,226
T-BulletDispenser-1x,3209,11.050,5.85,5.81,0.0058,464,226
T-BulletDispenser-1x,3210,11.056,6.07,6.10,0.0061,464,226
T-BulletDispenser-1x,3211,11.063,6.56,6.51,0.0066,464,226
T-BulletDispenser-1x,3212,11.069,5.93,5.98,0.0059,464,226
T-BulletDispenser-1x,3213,11.075,6.01,6.00,0.0060,464,226
T-BulletDispenser-1x,3214,11.081,6.01,5.98,0.0060,464,226
T-BulletDispenser-1x,3215,11.087,5.83,5.81,0.0058,516,226
T-BulletDispenser-1x,3216,11.093,5.77,5.79,0.0058,464,226
T-BulletDispenser-1x,3217,11.099,6.01,6.00,0.0060,464,226
T-BulletDispenser-1x,3218,11.104,5.25,5.29,0.0053,464,226
T-BulletDispenser-1x,3219,11.109,5.22,5.21,0.0052,464,226
T-BulletDispenser-1x,3220,11.115,5.83,5.74,0.0058,464,226
T-BulletDispenser-1x,3221,11.120,5.58,5.64,0.0056,464,226
T-BulletDispenser-1x,3222,11.126,5.60,5.60,0.0056,464,226
T-BulletDispenser-1x,3223,11.131,5.39,5.39,0.0054,464,226
T-BulletDispenser-1x,3224,11.137,5.51,5.50,0.0055,464,226
T-BulletDispenser-1x,3225,11.143,5.62,5.61,0.0056,464,226
T-BulletDispenser-1x,3226,11.148,5.29,5.31,0.0053,464,226
T-BulletDispenser-1x,3227,11.153,5.52,5.48,0.0055,464,226
T-BulletDispenser-1x,3228,11.159,5.69,5.71,0.0057,464,226
T-BulletDispenser-1x,3229,11.164,5.27,5.28,0.0053,464,226
T-BulletDispenser-1x,3230,11.169,5.02,5.00,0.0050,464,226
T-BulletDispenser-1x,3231,11.175,5.37,5.39,0.0054,3638,226
T-BulletDispenser-1x,3232,11.180,5.52,5.50,0.0055,464,226
T-BulletDispenser-1x,3233,11.185,5.18,5.19,0.0052,464,226
T-BulletDispenser-1x,3234,11.191,5.41,5.41,0.0054,464,226
T-BulletDispenser-1x,3235,11.197,5.88,5.80,0.0059,464,226
T-BulletDispenser-1x,3236,11.202,5.43,5.50,0.0054,464,226
T-BulletDispenser-1x,3237,11.208,5.47,5.48,0.0055,464,226
T-BulletDispenser-1x,3238,11.213,5.66,5.62,0.0057,464,226
T-BulletDispenser-1x,3239,11.219,5.66,5.69,0.0057,464,226
T-BulletDispenser-1x,3240,11.224,5.40,5.39,0.0054,464,226
T-BulletDispenser-1x,3241,11.230,5.50,5.50,0.0055,464,226
T-BulletDispenser-1x,3242,11.235,5.23,5.21,0.0052,464,226
T-BulletDispenser-1x,3243,11.241,5.50,5.48,0.0055,464,226
T-BulletDispenser-1x,3244,11.246,5.02,5.08,0.0050,464,226
T-BulletDispenser-1x,3245,11.251,5.34,5.30,0.0053,464,226
T-BulletDispenser-1x,3246,11.256,5.50,5.51,0.0055,464,226
T-BulletDispenser-1x,3247,11.263,6.08,6.09,0.0061,4592,226
T-BulletDispenser-1x,3248,11.269,6.13,6.10,0.0061,464,226
T-BulletDispenser-1x,3249,11.275,6.39,6.41,0.0064,464,226
T-BulletDispenser-1x,3250,11.281,5.89,5.89,0.0059,464,226
T-BulletDispenser-1x,3251,11.287,5.99,5.98,0.0060,516,226
T-BulletDispenser-1x,3252,11.293,6.33,6.32,0.0063,464,226
T-BulletDispenser-1x,3253,11.299,6.11,6.10,0.0061,464,226
T-BulletDispenser-1x,3254,11.306,6.27,6.29,0.0063,464,226
T-BulletDispenser-1x,3255,11.311,5.80,5.80,0.0058,464,226
T-BulletDispenser-1x,3256,11.318,6.32,6.29,0.0063,560,226
T-BulletDispenser-1x,3257,11.324,6.50,6.51,0.0065,464,226
T-BulletDispenser-1x,3258,11.330,5.81,5.82,0.0058,464,226
T-BulletDispenser-1x,3259,11.336,5.96,5.96,0.0060,464,226
T-BulletDispenser-1x,3260,11.342,6.06,6.02,0.0061,464,226
T-BulletDispenser-1x,3261,11.349,6.67,6.69,0.0067,464,226
T-BulletDispenser-1x,3262,11.355,6.09,6.10,0.0061,464,226
T-BulletDispenser-1x,3263,11.361,6.11,6.10,0.0061,464,226
T-BulletDispenser-1x,3264,11.367,5.97,6.00,0.0060,464,226
T-BulletDispenser-1x,3265,11.373,5.91,5.82,0.0059,464,226
T-BulletDispenser-1x,3266,11.380,6.86,6.91,0.0069,464,226
T-BulletDispenser-1x,3267,11.385,5.54,5.55,0.0055,464,226
T-BulletDispenser-1x,3268,11.390,5.21,5.19,0.0052,464,226
T-BulletDispenser-1x,3269,11.396,5.40,5.41,0.0054,464,226
T-BulletDispenser-1x,3270,11.402,6.05,6.01,0.0060,464,226
T-BulletDispenser-1x,3271,11.407,5.33,5.38,0.0053,464,226
T-BulletDispenser-1x,3272,11.413,5.95,5.91,0.0060,464,226
T-BulletDispenser-1x,3273,11.419,5.85,5.80,0.0059,464,226
T-BulletDispenser-1x,3274,11.424,5.21,5.29,0.0052,464,226
T-BulletDispenser-1x,3275,11.430,5.47,5.43,0.0055,464,226
T-BulletDispenser-1x,3276,11.436,5.84,5.86,0.0058,464,226
T-BulletDispenser-1x,3277,11.441,5.71,5.71,0.0057,464,226
T-BulletDispenser-1x,3278,11.447,5.62,5.58,0.0056,464,226
T-BulletDispenser-1x,3279,11.453,5.79,5.81,0.0058,464,226
T-BulletDispenser-1x,3280,11.458,5.69,5.69,0.0057,464,226
T-BulletDispenser-1x,3281,11.464,5.71,5.70,0.0057,464,226
T-BulletDispenser-1x,3282,11.470,5.62,5.61,0.0056,464,226
T-BulletDispenser-1x,3283,11.475,5.41,5.40,0.0054,464,226
T-BulletDispenser-1x,3284,11.480,5.27,5.29,0.0053,464,226
T-BulletDispenser-1x,3285,11.486,5.39,5.39,0.0054,464,226
T-BulletDispenser-1x,3286,11.491,5.39,5.39,0.0054,516,226
T-BulletDispenser-1x,3287,11.496,5.32,5.31,0.0053,464,226
T-BulletDispenser-1x,3288,11.502,5.45,5.42,0.0055,464,226
T-BulletDispenser-1x,3289,11.507,5.44,5.48,0.0054,464,226
T-BulletDispenser-1x,3290,11.513,5.49,5.49,0.0055,464,226
T-BulletDispenser-1x,3291,11.518,5.43,5.40,0.0054,464,226
T-BulletDispenser-1x,3292,11.524,5.56,5.60,0.0056,464,226
T-BulletDispenser-1x,3293,11.530,5.83,5.83,0.0058,464,226
T-BulletDispenser-1x,3294,11.535,5.22,5.16,0.0052,464,226
T-BulletDispenser-1x,3295,11.540,5.06,5.11,0.0051,464,226
T-BulletDispenser-1x,3296,11.545,5.32,5.31,0.0053,464,226
T-BulletDispenser-1x,3297,11.551,5.71,5.69,0.0057,464,226
T-BulletDispenser-1x,3298,11.556,5.48,5.49,0.0055,464,226
T-BulletDispenser-1x,3299,11.563,6.87,6.82,0.0069,464,226
T-BulletDispenser-1x,3300,11.570,6.43,6.47,0.0064,464,226
T-BulletDispenser-1x,3301,11.576,6.29,6.29,0.0063,464,226
T-BulletDispenser-1x,3302,11.582,6.35,6.34,0.0063,464,226
T-BulletDispenser-1x,3303,11.588,6.08,6.07,0.0061,464,226
T-BulletDispenser-1x,3304,11.595,6.31,6.32,0.0063,464,226
T-BulletDispenser-1x,3305,11.601,6.61,6.60,0.0066,464,226
T-BulletDispenser-1x,3306,11.608,6.19,6.18,0.0062,464,226
T-BulletDispenser-1x,3307,11.614,6.43,6.41,0.0064,464,226
T-BulletDispenser-1x,3308,11.620,6.25,6.29,0.0062,464,226
T-BulletDispenser-1x,3309,11.626,6.01,6.01,0.0060,464,226
T-BulletDispenser-1x,3310,11.633,6.80,6.79,0.0068,464,226
T-BulletDispenser-1x,3311,11.639,6.20,6.19,0.0062,464,226
T-BulletDispenser-1x,3312,11.645,6.07,6.09,0.0061,464,226
T-BulletDispenser-1x,3313,11.652,6.17,6.13,0.0062,464,226
T-BulletDispenser-1x,3314,11.657,5.95,5.98,0.0059,464,226
T-BulletDispenser-1x,3315,11.664,6.42,6.41,0.0064,464,226
T-BulletDispenser-1x,3316,11.669,5.60,5.58,0.0056,464,226
T-BulletDispenser-1x,3317,11.675,5.82,5.82,0.0058,464,226
T-BulletDispenser-1x,3318,11.681,5.77,5.79,0.0058,464,226
T-BulletDispenser-1x,3319,11.687,5.50,5.49,0.0055,464,226
T-BulletDispenser-1x,3320,11.692,5.70,5.71,0.0057,516,226
T-BulletDispenser-1x,3321,11.698,5.48,5.48,0.0055,464,226
T-BulletDispenser-1x,3322,11.704,5.91,5.91,0.0059,464,226
T-BulletDispenser-1x,3323,11.709,5.45,5.41,0.0054,464,226
T-BulletDispenser-1x,3324,11.715,5.66,5.69,0.0057,464,226
T-BulletDispenser-1x,3325,11.720,5.50,5.50,0.0055,464,226
T-BulletDispenser-1x,3326,11.726,5.50,5.48,0.0055,464,226
T-BulletDispenser-1x,3327,11.731,5.18,5.21,0.0052,464,226
T-BulletDispenser-1x,3328,11.736,5.31,5.30,0.0053,464,226
T-BulletDispenser-1x,3329,11.742,5.40,5.41,0.0054,464,226
T-BulletDispenser-1x,3330,11.747,5.30,5.29,0.0053,464,226
T-BulletDispenser-1x,3331,11.753,5.63,5.60,0.0056,464,226
T-BulletDispenser-1x,3332,11.758,5.47,5.50,0.0055,464,226
T-BulletDispenser-1x,3333,11.764,5.63,5.61,0.0056,464,226
T-BulletDispenser-1x,3334,11.769,5.37,5.39,0.0054,464,226
T-BulletDispenser-1x,3335,11.774,5.32,5.31,0.0053,464,226
T-BulletDispenser-1x,3336,11.780,5.30,5.30,0.0053,464,226
T-BulletDispenser-1x,3337,11.785,5.39,5.38,0.0054,464,226
T-BulletDispenser-1x,3338,11.790,5.38,5.40,0.0054,464,226
T-BulletDispenser-1x,3339,11.796,5.20,5.19,0.0052,464,226
T-BulletDispenser-1x,3340,11.801,5.11,5.10,0.0051,464,226
T-BulletDispenser-1x,3341,11.806,5.41,5.40,0.0054,464,226
T-BulletDispenser-1x,3342,11.812,5.41,5.41,0.0054,464,226
T-BulletDispenser-1x,3343,11.818,6.04,5.99,0.0060,464,226
T-BulletDispenser-1x,3344,11.823,5.71,5.71,0.0057,464,226
T-BulletDispenser-1x,3345,11.829,5.24,5.28,0.0052,464,226
T-BulletDispenser-1x,3346,11.834,5.40,5.41,0.0054,464,226
T-BulletDispenser-1x,3347,11.839,5.41,5.40,0.0054,464,226
T-BulletDispenser-1x,3348,11.845,5.41,5.40,0.0054,464,226
T-BulletDispenser-1x,3349,11.850,5.37,5.40,0.0054,464,226
T-BulletDispenser-1x,3350,11.856,5.44,5.42,0.0054,464,226
T-BulletDispenser-1x,3351,11.862,6.45,6.47,0.0065,3614,226
T-BulletDispenser-1x,3352,11.868,6.34,6.32,0.0063,464,226
T-BulletDispenser-1x,3353,11.875,6.30,6.30,0.0063,464,226
T-BulletDispenser-1x,3354,11.881,5.87,5.88,0.0059,464,226
T-BulletDispenser-1x,3355,11.887,6.33,6.31,0.0063,464,226
T-BulletDispenser-1x,3356,11.893,6.21,6.21,0.0062,516,226
T-BulletDispenser-1x,3357,11.899,6.06,6.09,0.0061,464,226
T-BulletDispenser-1x,3358,11.905,6.13,6.10,0.0061,464,226
T-BulletDispenser-1x,3359,11.912,6.35,6.37,0.0063,464,226
T-BulletDispenser-1x,3360,11.918,6.06,6.01,0.0061,464,226
T-BulletDispenser-1x,3361,11.924,6.51,6.51,0.0065,464,226
T-BulletDispenser-1x,3362,11.930,6.22,6.26,0.0062,464,226
T-BulletDispenser-1x,3363,11.937,6.32,6.30,0.0063,464,226
T-BulletDispenser-1x,3364,11.943,6.12,6.12,0.0061,464,226
T-BulletDispenser-1x,3365,11.949,6.09,6.11,0.0061,464,226
T-BulletDispenser-1x,3366,11.955,6.12,6.08,0.0061,464,226
T-BulletDispenser-1x,3367,11.961,6.42,6.41,0.0064,464,226
T-BulletDispenser-1x,3368,11.967,5.86,5.89,0.0059,464,226
T-BulletDispenser-1x,3369,11.973,5.83,5.79,0.0058,464,226
T-BulletDispenser-1x,3370,11.980,6.59,6.59,0.0066,464,226
T-BulletDispenser-1x,3371,11.985,5.57,5.61,0.0056,464,226
T-BulletDispenser-1x,3372,11.991,5.43,5.41,0.0054,464,226
T-BulletDispenser-1x,3373,11.997,5.99,5.99,0.0060,464,226
T-BulletDispenser-1x,3374,12.002,5.61,5.39,0.0056,464,226
T-BulletDispenser-1x,3375,12.009,6.30,6.50,0.0063,464,226
T-BulletDispenser-1x,3376,12.015,6.07,6.10,0.0061,464,226
T-BulletDispenser-1x,3377,12.021,5.93,5.91,0.0059,464,226
T-BulletDispenser-1x,3378,12.026,5.29,5.30,0.0053,464,226
T-BulletDispenser-1x,3379,12.032,5.59,5.60,0.0056,464,226
T-BulletDispenser-1x,3380,12.037,5.76,5.69,0.0058,464,226
T-BulletDispenser-1x,3381,12.043,5.97,5.99,0.0060,464,226
T-BulletDispenser-1x,3382,12.049,5.61,5.60,0.0056,464,226
T-BulletDispenser-1x,3383,12.055,5.75,5.78,0.0058,464,226
T-BulletDispenser-1x,3384,12.061,6.00,5.93,0.0060,464,226
T-BulletDispenser-1x,3385,12.066,5.72,5.79,0.0057,464,226
T-BulletDispenser-1x,3386,12.072,5.68,5.68,0.0057,464,226
T-BulletDispenser-1x,3387,12.078,5.65,5.60,0.0056,464,226
T-BulletDispenser-1x,3388,12.083,5.21,5.28,0.0052,464,226
T-BulletDispenser-1x,3389,12.088,5.15,5.13,0.0051,464,226
T-BulletDispenser-1x,3390,12.094,5.59,5.50,0.0056,516,226
T-BulletDispenser-1x,3391,12.099,5.39,5.49,0.0054,464,226
T-BulletDispenser-1x,3392,12.105,5.54,5.50,0.0055,464,226
T-BulletDispenser-1x,3393,12.110,5.72,5.70,0.0057,464,226
T-BulletDispenser-1x,3394,12.116,5.47,5.50,0.0055,464,226
T-BulletDispenser-1x,3395,12.121,5.40,5.40,0.0054,464,226
T-BulletDispenser-1x,3396,12.126,5.29,5.30,0.0053,464,226
T-BulletDispenser-1x,3397,12.132,5.67,5.67,0.0057,464,226
T-BulletDispenser-1x,3398,12.138,5.51,5.51,0.0055,464,226
T-BulletDispenser-1x,3399,12.143,5.22,5.20,0.0052,464,226
T-BulletDispenser-1x,3400,12.148,5.61,5.59,0.0056,464,226
T-BulletDispenser-1x,3401,12.154,5.27,5.30,0.0053,464,226
T-BulletDispenser-1x,3402,12.159,5.32,5.31,0.0053,464,226
T-BulletDispenser-1x,3403,12.165,5.75,5.71,0.0058,464,226
T-BulletDispenser-1x,3404,12.170,5.65,5.68,0.0057,464,226
T-BulletDispenser-1x,3405,12.176,5.21,5.20,0.0052,464,226
T-BulletDispenser-1x,3406,12.181,5.14,5.17,0.0051,464,226
T-BulletDispenser-1x,3407,12.186,5.47,5.43,0.0055,464,226
T-BulletDispenser-1x,3408,12.192,5.25,5.28,0.0052,464,226
T-BulletDispenser-1x,3409,12.196,4.89,4.90,0.0049,464,226
T-BulletDispenser-1x,3410,12.202,5.24,5.21,0.0052,464,226
T-BulletDispenser-1x,3411,12.207,5.51,5.51,0.0055,464,226
T-BulletDispenser-1x,3412,12.212,5.05,5.08,0.0051,464,226
T-BulletDispenser-1x,3413,12.217,4.91,4.90,0.0049,464,226
T-BulletDispenser-1x,3414,12.222,5.13,5.10,0.0051,464,226
T-BulletDispenser-1x,3415,12.228,5.28,5.30,0.0053,1008,226
T-BulletDispenser-1x,3416,12.233,5.20,5.20,0.0052,464,226
T-BulletDispenser-1x,3417,12.238,5.53,5.50,0.0055,464,226
T-BulletDispenser-1x,3418,12.243,5.06,5.10,0.0051,464,226
T-BulletDispenser-1x,3419,12.248,4.92,4.90,0.0049,464,226
T-BulletDispenser-1x,3420,12.254,5.40,5.39,0.0054,464,226
T-BulletDispenser-1x,3421,12.259,5.04,5.01,0.0050,1008,226
T-BulletDispenser-1x,3422,12.264,5.18,5.19,0.0052,464,226
T-BulletDispenser-1x,3423,12.268,4.55,4.57,0.0046,464,226
T-BulletDispenser-1x,3424,12.273,4.52,4.51,0.0045,464,226
T-BulletDispenser-1x,3425,12.278,5.00,5.00,0.0050,464,226
T-BulletDispenser-1x,3426,12.283,4.97,4.99,0.0050,464,226
T-BulletDispenser-1x,3427,12.288,4.71,4.70,0.0047,464,226
T-BulletDispenser-1x,3428,12.292,4.49,4.49,0.0045,464,226
T-BulletDispenser-1x,3429,12.297,4.78,4.71,0.0048,516,226
T-BulletDispenser-1x,3430,12.302,5.32,5.30,0.0053,464,226
T-BulletDispenser-1x,3431,12.307,4.62,4.69,0.0046,464,226
T-BulletDispenser-1x,3432,12.312,4.78,4.80,0.0048,464,226
T-BulletDispenser-1x,3433,12.316,4.49,4.48,0.0045,464,226
T-BulletDispenser-1x,3434,12.320,4.38,4.40,0.0044,464,226
T-BulletDispenser-1x,3435,12.325,4.33,4.30,0.0043,464,226
T-BulletDispenser-1x,3436,12.330,5.02,5.01,0.0050,464,226
T-BulletDispenser-1x,3437,12.335,4.68,4.69,0.0047,464,226
T-BulletDispenser-1x,3438,12.339,4.51,4.49,0.0045,464,226
T-BulletDispenser-1x,3439,12.344,4.50,4.51,0.0045,464,226
T-BulletDispenser-1x,3440,12.349,5.07,5.07,0.0051,464,226
T-BulletDispenser-1x,3441,12.353,4.62,4.61,0.0046,464,226
T-BulletDispenser-1x,3442,12.358,4.40,4.40,0.0044,464,226
T-BulletDispenser-1x,3443,12.363,4.93,4.88,0.0049,464,226
T-BulletDispenser-1x,3444,12.367,4.89,4.92,0.0049,464,226
T-BulletDispenser-1x,3445,12.372,4.69,4.69,0.0047,464,226
T-BulletDispenser-1x,3446,12.377,4.52,4.51,0.0045,464,226
T-BulletDispenser-1x,3447,12.381,4.15,4.18,0.0042,464,226
T-BulletDispenser-1x,3448,12.386,4.73,4.71,0.0047,464,226
T-BulletDispenser-1x,3449,12.390,4.50,4.49,0.0045,464,226
T-BulletDispenser-1x,3450,12.394,4.39,4.39,0.0044,464,226
T-BulletDispenser-1x,3451,12.399,4.39,4.39,0.0044,464,226
T-BulletDispenser-1x,3452,12.404,4.73,4.71,0.0047,464,226
T-BulletDispenser-1x,3453,12.408,4.83,4.80,0.0048,464,226
T-BulletDispenser-1x,3454,12.413,5.07,5.09,0.0051,464,226
T-BulletDispenser-1x,3455,12.418,4.80,4.81,0.0048,464,226
T-BulletDispenser-1x,3456,12.423,4.60,4.58,0.0046,464,226
T-BulletDispenser-1x,3457,12.427,4.40,4.41,0.0044,464,226
T-BulletDispenser-1x,3458,12.432,4.77,4.79,0.0048,464,226
T-BulletDispenser-1x,3459,12.437,4.52,4.49,0.0045,464,226
T-BulletDispenser-1x,3460,12.441,4.69,4.70,0.0047,464,226
T-BulletDispenser-1x,3461,12.446,4.70,4.70,0.0047,464,226
T-BulletDispenser-1x,3462,12.450,4.49,4.42,0.0045,464,226
T-BulletDispenser-1x,3463,12.455,4.93,4.98,0.0049,464,226
T-BulletDispenser-1x,3464,12.460,4.76,4.78,0.0048,464,226
T-BulletDispenser-1x,3465,12.464,4.33,4.31,0.0043,464,226
T-BulletDispenser-1x,3466,12.469,4.08,4.10,0.0041,464,226
T-BulletDispenser-1x,3467,12.473,4.71,4.71,0.0047,464,226
T-BulletDispenser-1x,3468,12.478,4.38,4.38,0.0044,464,226
T-BulletDispenser-1x,3469,12.482,4.41,4.41,0.0044,464,226
T-BulletDispenser-1x,3470,12.486,4.37,4.38,0.0044,464,226
T-BulletDispenser-1x,3471,12.491,4.40,4.39,0.0044,3638,226
T-BulletDispenser-1x,3472,12.495,4.54,4.51,0.0045,464,226
T-BulletDispenser-1x,3473,12.500,4.17,4.20,0.0042,516,226
T-BulletDispenser-1x,3474,12.504,4.11,4.10,0.0041,464,226
T-BulletDispenser-1x,3475,12.508,4.51,4.51,0.0045,464,226
T-BulletDispenser-1x,3476,12.512,4.18,4.18,0.0042,464,226
T-BulletDispenser-1x,3477,12.516,4.11,4.09,0.0041,464,226
T-BulletDispenser-1x,3478,12.521,4.51,4.52,0.0045,464,226
T-BulletDispenser-1x,3479,12.525,4.38,4.39,0.0044,464,226
T-BulletDispenser-1x,3480,12.530,4.62,4.59,0.0046,464,226
T-BulletDispenser-1x,3481,12.534,4.48,4.50,0.0045,464,226
T-BulletDispenser-1x,3482,12.539,4.07,4.02,0.0041,464,226
T-BulletDispenser-1x,3483,12.543,4.78,4.79,0.0048,464,226
T-BulletDispenser-1x,3484,12.548,4.24,4.27,0.0042,464,226
T-BulletDispenser-1x,3485,12.552,4.21,4.21,0.0042,464,226
T-BulletDispenser-1x,3486,12.556,4.54,4.50,0.0045,464,226
T-BulletDispenser-1x,3487,12.561,5.05,5.09,0.0050,464,226
T-BulletDispenser-1x,3488,12.566,4.37,4.32,0.0044,464,226
T-BulletDispenser-1x,3489,12.570,4.16,4.19,0.0042,464,226
T-BulletDispenser-1x,3490,12.574,3.96,3.98,0.0040,464,226
T-BulletDispenser-1x,3491,12.578,3.82,3.81,0.0038,464,226
T-BulletDispenser-1x,3492,12.581,3.86,3.87,0.0039,464,226
T-BulletDispenser-1x,3493,12.586,4.17,4.13,0.0042,464,226
T-BulletDispenser-1x,3494,12.590,3.90,3.91,0.0039,464,226
T-BulletDispenser-1x,3495,12.594,4.17,4.19,0.0042,464,226
T-BulletDispenser-1x,3496,12.597,3.70,3.68,0.0037,464,226
T-BulletDispenser-1x,3497,12.602,4.10,4.11,0.0041,464,226
T-BulletDispenser-1x,3498,12.606,4.10,4.10,0.0041,464,226
T-BulletDispenser-1x,3499,12.610,3.99,3.99,0.0040,464,226
T-BulletDispenser-1x,3500,12.613,3.77,3.72,0.0038,464,226
T-BulletDispenser-1x,3501,12.618,4.10,4.09,0.0041,464,226
T-BulletDispenser-1x,3502,12.622,4.36,4.40,0.0044,464,226
T-BulletDispenser-1x,3503,12.626,3.94,3.89,0.0039,464,226
T-BulletDispenser-1x,3504,12.630,3.80,3.88,0.0038,464,226
T-BulletDispenser-1x,3505,12.633,3.50,3.51,0.0035,464,226
T-BulletDispenser-1x,3506,12.637,4.08,4.02,0.0041,464,226
T-BulletDispenser-1x,3507,12.641,4.09,4.08,0.0041,464,226
T-BulletDispenser-1x,3508,12.645,3.97,4.00,0.0040,464,226
T-BulletDispenser-1x,3509,12.649,4.26,4.29,0.0043,464,226
T-BulletDispenser-1x,3510,12.653,3.94,3.90,0.0039,464,226
T-BulletDispenser-1x,3511,12.657,3.89,3.89,0.0039,464,226
T-BulletDispenser-1x,3512,12.662,4.21,4.20,0.0042,464,226
T-BulletDispenser-1x,3513,12.666,4.32,4.30,0.0043,464,226
T-BulletDispenser-1x,3514,12.670,4.08,4.10,0.0041,464,226
T-BulletDispenser-1x,3515,12.674,3.70,3.69,0.0037,464,226
T-BulletDispenser-1x,3516,12.678,4.20,4.19,0.0042,464,226
T-BulletDispenser-1x,3517,12.682,4.22,4.22,0.0042,464,226
T-BulletDispenser-1x,3518,12.686,3.94,3.97,0.0039,464,226
T-BulletDispenser-1x,3519,12.690,3.66,3.62,0.0037,464,226
T-BulletDispenser-1x,3520,12.694,4.40,4.40,0.0044,464,226
T-BulletDispenser-1x,3521,12.698,4.17,4.18,0.0042,464,226
T-BulletDispenser-1x,3522,12.702,4.09,4.11,0.0041,516,226
T-BulletDispenser-1x,3523,12.706,3.90,3.89,0.0039,464,226
T-BulletDispenser-1x,3524,12.710,3.81,3.81,0.0038,464,226
T-BulletDispenser-1x,3525,12.714,3.99,3.99,0.0040,464,226
T-BulletDispenser-1x,3526,12.718,3.81,3.80,0.0038,464,226
T-BulletDispenser-1x,3527,12.721,3.67,3.69,0.0037,464,226
T-BulletDispenser-1x,3528,12.725,3.49,3.50,0.0035,464,226
T-BulletDispenser-1x,3529,12.730,4.50,4.39,0.0045,464,226
T-BulletDispenser-1x,3530,12.733,3.82,3.90,0.0038,464,226
T-BulletDispenser-1x,3531,12.737,3.92,3.90,0.0039,464,226
T-BulletDispenser-1x,3532,12.741,3.65,3.69,0.0036,464,226
T-BulletDispenser-1x,3533,12.744,3.53,3.50,0.0035,464,226
T-BulletDispenser-1x,3534,12.749,4.33,4.32,0.0043,464,226
T-BulletDispenser-1x,3535,12.753,4.19,4.20,0.0042,464,226
T-BulletDispenser-1x,3536,12.757,4.22,4.20,0.0042,464,226
T-BulletDispenser-1x,3537,12.761,3.67,3.68,0.0037,464,226
T-BulletDispenser-1x,3538,12.765,3.71,3.69,0.0037,464,226
T-BulletDispenser-1x,3539,12.769,4.10,4.11,0.0041,464,226
T-BulletDispenser-1x,3540,12.773,4.14,4.01,0.0041,464,226
T-BulletDispenser-1x,3541,12.776,3.66,3.79,0.0037,464,226
T-BulletDispenser-1x,3542,12.780,3.23,3.27,0.0032,464,226
T-BulletDispenser-1x,3543,12.783,3.30,3.29,0.0033,464,226
T-BulletDispenser-1x,3544,12.787,3.77,3.72,0.0038,464,226
T-BulletDispenser-1x,3545,12.790,3.77,3.80,0.0038,464,226
T-BulletDispenser-1x,3546,12.794,3.60,3.59,0.0036,464,226
T-BulletDispenser-1x,3547,12.798,3.63,3.60,0.0036,464,226
T-BulletDispenser-1x,3548,12.802,3.88,3.90,0.0039,464,226
T-BulletDispenser-1x,3549,12.805,3.81,3.80,0.0038,464,226
T-BulletDispenser-1x,3550,12.809,3.70,3.69,0.0037,464,226
T-BulletDispenser-1x,3551,12.813,3.56,3.59,0.0036,1520,226
T-BulletDispenser-1x,3552,12.816,3.28,3.29,0.0033,464,226
T-BulletDispenser-1x,3553,12.819,3.35,3.31,0.0033,464,226
T-BulletDispenser-1x,3554,12.823,3.51,3.49,0.0035,464,226
T-BulletDispenser-1x,3555,12.826,3.39,3.41,0.0034,464,226
T-BulletDispenser-1x,3556,12.830,4.10,4.09,0.0041,464,226
T-BulletDispenser-1x,3557,12.834,3.81,3.81,0.0038,464,226
T-BulletDispenser-1x,3558,12.837,3.15,3.19,0.0031,464,226
T-BulletDispenser-1x,3559,12.841,3.22,3.20,0.0032,464,226
T-BulletDispenser-1x,3560,12.844,3.81,3.81,0.0038,464,226
T-BulletDispenser-1x,3561,12.848,3.81,3.80,0.0038,464,226
T-BulletDispenser-1x,3562,12.852,3.37,3.38,0.0034,464,226
T-BulletDispenser-1x,3563,12.855,3.29,3.30,0.0033,464,226
T-BulletDispenser-1x,3564,12.858,3.33,3.31,0.0033,464,226
T-BulletDispenser-1x,3565,12.862,3.48,3.49,0.0035,464,226
T-BulletDispenser-1x,3566,12.865,3.41,3.39,0.0034,464,226
T-BulletDispenser-1x,3567,12.868,3.42,3.42,0.0034,464,226
T-BulletDispenser-1x,3568,12.872,3.40,3.39,0.0034,464,226
T-BulletDispenser-1x,3569,12.875,2.76,2.79,0.0028,464,226
T-BulletDispenser-1x,3570,12.878,3.52,3.49,0.0035,464,226
T-BulletDispenser-1x,3571,12.882,3.37,3.40,0.0034,464,226
T-BulletDispenser-1x,3572,12.885,3.55,3.51,0.0036,464,226
T-BulletDispenser-1x,3573,12.888,3.38,3.39,0.0034,464,226
T-BulletDispenser-1x,3574,12.892,3.28,3.30,0.0033,464,226
T-BulletDispenser-1x,3575,12.895,3.52,3.50,0.0035,464,226
T-BulletDispenser-1x,3576,12.899,3.72,3.71,0.0037,464,226
T-BulletDispenser-1x,3577,12.903,3.69,3.69,0.0037,516,226
T-BulletDispenser-1x,3578,12.906,3.43,3.42,0.0034,464,226
T-BulletDispenser-1x,3579,12.909,2.94,2.99,0.0029,464,226
T-BulletDispenser-1x,3580,12.912,3.13,3.09,0.0031,464,226
T-BulletDispenser-1x,3581,12.916,3.60,3.59,0.0036,464,226
T-BulletDispenser-1x,3582,12.919,3.37,3.39,0.0034,464,226
T-BulletDispenser-1x,3583,12.922,3.13,3.11,0.0031,464,226
T-BulletDispenser-1x,3584,12.925,3.08,3.10,0.0031,464,226
T-BulletDispenser-1x,3585,12.928,2.99,2.99,0.0030,464,226
T-BulletDispenser-1x,3586,12.931,3.06,3.02,0.0031,464,226
T-BulletDispenser-1x,3587,12.935,3.38,3.40,0.0034,464,226
T-BulletDispenser-1x,3588,12.938,3.38,3.37,0.0034,464,226
T-BulletDispenser-1x,3589,12.941,3.09,3.12,0.0031,464,226
T-BulletDispenser-1x,3590,12.945,3.41,3.39,0.0034,464,226
T-BulletDispenser-1x,3591,12.948,3.09,3.09,0.0031,464,226
T-BulletDispenser-1x,3592,12.951,3.14,3.12,0.0031,464,226
T-BulletDispenser-1x,3593,12.954,3.38,3.39,0.0034,464,226
T-BulletDispenser-1x,3594,12.958,3.52,3.50,0.0035,464,226
T-BulletDispenser-1x,3595,12.961,3.17,3.19,0.0032,464,226
T-BulletDispenser-1x,3596,12.964,3.14,3.12,0.0031,464,226
T-BulletDispenser-1x,3597,12.968,3.57,3.57,0.0036,464,226
T-BulletDispenser-1x,3598,12.971,3.18,3.20,0.0032,464,226
T-BulletDispenser-1x,3599,12.974,3.34,3.31,0.0033,464,226
T-BulletDispenser-1x,3600,12.978,3.62,3.60,0.0036,464,226
T-BulletDispenser-1x,3601,12.981,2.92,2.96,0.0029,464,226
T-BulletDispenser-1x,3602,12.983,2.62,2.63,0.0026,464,226
T-BulletDispenser-1x,3603,12.986,3.13,3.09,0.0031,464,226
T-BulletDispenser-1x,3604,12.990,3.52,3.51,0.0035,464,226
T-BulletDispenser-1x,3605,12.993,3.48,3.49,0.0035,464,226
T-BulletDispenser-1x,3606,12.997,3.61,3.60,0.0036,464,226
T-BulletDispenser-1x,3607,13.000,3.09,3.11,0.0031,464,226
T-BulletDispenser-1x,3608,13.003,3.23,3.20,0.0032,464,226
T-BulletDispenser-1x,3609,13.007,3.60,3.59,0.0036,464,226
T-BulletDispenser-1x,3610,13.011,3.79,3.80,0.0038,464,226
T-BulletDispenser-1x,3611,13.014,2.99,2.99,0.0030,464,226
T-BulletDispenser-1x,3612,13.017,3.47,3.48,0.0035,464,226
T-BulletDispenser-1x,3613,13.020,3.11,3.11,0.0031,464,226
T-BulletDispenser-1x,3614,13.023,3.12,3.10,0.0031,464,226
T-BulletDispenser-1x,3615,13.027,3.30,3.30,0.0033,464,226
T-BulletDispenser-1x,3616,13.030,3.51,3.50,0.0035,464,226
T-BulletDispenser-1x,3617,13.034,3.43,3.42,0.0034,464,226
T-BulletDispenser-1x,3618,13.037,3.17,3.18,0.0032,464,226
T-BulletDispenser-1x,3619,13.040,3.19,3.18,0.0032,464,226
T-BulletDispenser-1x,3620,13.043,3.12,3.10,0.0031,464,226
T-BulletDispenser-1x,3621,13.047,3.51,3.51,0.0035,464,226
T-BulletDispenser-1x,3622,13.049,2.84,2.88,0.0028,464,226
T-BulletDispenser-1x,3623,13.053,3.45,3.42,0.0035,464,226
T-BulletDispenser-1x,3624,13.056,3.38,3.39,0.0034,464,226
T-BulletDispenser-1x,3625,13.059,3.03,3.01,0.0030,464,226
T-BulletDispenser-1x,3626,13.062,3.04,3.07,0.0030,464,226
T-BulletDispenser-1x,3627,13.066,3.36,3.31,0.0034,464,226
T-BulletDispenser-1x,3628,13.069,3.39,3.40,0.0034,464,226
T-BulletDispenser-1x,3629,13.073,3.56,3.59,0.0036,464,226
T-BulletDispenser-1x,3630,13.076,2.98,3.00,0.0030,464,226
T-BulletDispenser-1x,3631,13.079,3.66,3.55,0.0037,464,226
T-BulletDispenser-1x,3632,13.082,3.03,3.12,0.0030,464,226
T-BulletDispenser-1x,3633,13.086,3.33,3.33,0.0033,464,226
T-BulletDispenser-1x,3634,13.089,3.30,3.29,0.0033,464,226
T-BulletDispenser-1x,3635,13.092,3.01,3.01,0.0030,464,226
T-BulletDispenser-1x,3636,13.095,2.97,2.99,0.0030,464,226
T-BulletDispenser-1x,3637,13.098,3.22,3.19,0.0032,464,226
T-BulletDispenser-1x,3638,13.101,3.10,3.09,0.0031,464,226
T-BulletDispenser-1x,3639,13.105,3.25,3.22,0.0032,516,226
T-BulletDispenser-1x,3640,13.107,2.93,2.98,0.0029,464,226
T-BulletDispenser-1x,3641,13.110,2.81,2.79,0.0028,464,226
T-BulletDispenser-1x,3642,13.113,2.89,2.90,0.0029,464,226
T-BulletDispenser-1x,3643,13.116,3.10,3.09,0.0031,464,226
T-BulletDispenser-1x,3644,13.120,3.24,3.22,0.0032,464,226
T-BulletDispenser-1x,3645,13.123,3.21,3.20,0.0032,464,226
T-BulletDispenser-1x,3646,13.126,3.42,3.40,0.0034,464,226
T-BulletDispenser-1x,3647,13.130,3.93,3.89,0.0039,464,226
T-BulletDispenser-1x,3648,13.133,3.22,3.29,0.0032,464,226
T-BulletDispenser-1x,3649,13.136,2.97,2.99,0.0030,464,226
T-BulletDispenser-1x,3650,13.139,3.02,3.00,0.0030,464,226
T-BulletDispenser-1x,3651,13.143,3.45,3.42,0.0035,464,226
T-BulletDispenser-1x,3652,13.146,3.05,3.09,0.0030,464,226
T-BulletDispenser-1x,3653,13.149,3.44,3.41,0.0034,464,226
T-BulletDispenser-1x,3654,13.152,2.96,2.98,0.0030,464,226
T-BulletDispenser-1x,3655,13.155,2.74,2.72,0.0027,464,226
T-BulletDispenser-1x,3656,13.158,2.99,2.97,0.0030,464,226
T-BulletDispenser-1x,3657,13.162,3.59,3.60,0.0036,464,226
T-BulletDispenser-1x,3658,13.165,3.40,3.40,0.0034,464,226
T-BulletDispenser-1x,3659,13.168,2.78,2.80,0.0028,464,226
T-BulletDispenser-1x,3660,13.170,2.78,2.80,0.0028,464,226
T-BulletDispenser-1x,3661,13.173,2.73,2.70,0.0027,464,226
T-BulletDispenser-1x,3662,13.176,2.80,2.79,0.0028,464,226
T-BulletDispenser-1x,3663,13.180,3.51,3.51,0.0035,464,226
T-BulletDispenser-1x,3664,13.183,3.42,3.41,0.0034,464,226
T-BulletDispenser-1x,3665,13.186,3.47,3.48,0.0035,464,226
T-BulletDispenser-1x,3666,13.190,3.42,3.40,0.0034,464,226
T-BulletDispenser-1x,3667,13.193,3.01,3.01,0.0030,464,226
T-BulletDispenser-1x,3668,13.196,3.10,3.10,0.0031,464,226
T-BulletDispenser-1x,3669,13.199,2.96,2.98,0.0030,464,226
T-BulletDispenser-1x,3670,13.202,3.13,3.10,0.0031,464,226
T-BulletDispenser-1x,3671,13.206,3.69,3.70,0.0037,464,226
T-BulletDispenser-1x,3672,13.209,3.10,3.10,0.0031,464,226
T-BulletDispenser-1x,3673,13.212,2.90,2.89,0.0029,464,226
T-BulletDispenser-1x,3674,13.215,3.34,3.31,0.0033,464,226
T-BulletDispenser-1x,3675,13.218,3.27,3.29,0.0033,464,226
T-BulletDispenser-1x,3676,13.221,3.12,3.11,0.0031,464,226
T-BulletDispenser-1x,3677,13.224,2.86,2.88,0.0029,464,226
T-BulletDispenser-1x,3678,13.227,2.91,2.90,0.0029,464,226
T-BulletDispenser-1x,3679,13.230,2.57,2.60,0.0026,464,226
T-BulletDispenser-1x,3680,13.233,3.17,3.11,0.0032,464,226
T-BulletDispenser-1x,3681,13.236,3.50,3.49,0.0035,464,226
T-BulletDispenser-1x,3682,13.240,3.59,3.60,0.0036,464,226
T-BulletDispenser-1x,3683,13.243,3.21,3.20,0.0032,464,226
T-BulletDispenser-1x,3684,13.246,3.20,3.21,0.0032,464,226
T-BulletDispenser-1x,3685,13.250,3.59,3.59,0.0036,464,226
T-BulletDispenser-1x,3686,13.254,3.51,3.49,0.0035,464,226
T-BulletDispenser-1x,3687,13.257,3.28,3.31,0.0033,464,226
T-BulletDispenser-1x,3688,13.260,3.60,3.58,0.0036,464,226
T-BulletDispenser-1x,3689,13.264,3.33,3.31,0.0033,464,226
T-BulletDispenser-1x,3690,13.268,4.49,4.50,0.0045,464,226
T-BulletDispenser-1x,3691,13.273,4.49,4.50,0.0045,464,226
T-BulletDispenser-1x,3692,13.277,4.26,4.28,0.0043,464,226
T-BulletDispenser-1x,3693,13.281,4.37,4.32,0.0044,464,226
T-BulletDispenser-1x,3694,13.286,4.24,4.28,0.0042,464,226
T-BulletDispenser-1x,3695,13.290,4.36,4.31,0.0044,464,226
T-BulletDispenser-1x,3696,13.294,4.39,4.40,0.0044,464,226
T-BulletDispenser-1x,3697,13.299,4.48,4.48,0.0045,464,226
T-BulletDispenser-1x,3698,13.303,4.16,4.19,0.0042,464,226
T-BulletDispenser-1x,3699,13.307,4.14,4.12,0.0041,516,226
T-BulletDispenser-1x,3700,13.312,4.71,4.71,0.0047,464,226
T-BulletDispenser-1x,3701,13.316,4.39,4.39,0.0044,464,226
T-BulletDispenser-1x,3702,13.320,3.97,3.99,0.0040,464,226
T-BulletDispenser-1x,3703,13.324,4.22,4.20,0.0042,464,226
T-BulletDispenser-1x,3704,13.330,5.28,5.22,0.0053,464,226
T-BulletDispenser-1x,3705,13.334,4.62,4.67,0.0046,464,226
T-BulletDispenser-1x,3706,13.339,4.29,4.29,0.0043,464,226
T-BulletDispenser-1x,3707,13.343,4.41,4.40,0.0044,464,226
T-BulletDispenser-1x,3708,13.348,4.50,4.50,0.0045,464,226
T-BulletDispenser-1x,3709,13.352,4.00,3.99,0.0040,464,226
T-BulletDispenser-1x,3710,13.356,4.31,4.31,0.0043,464,226
T-BulletDispenser-1x,3711,13.361,4.76,4.71,0.0048,3630,226
T-BulletDispenser-1x,3712,13.365,4.59,4.62,0.0046,464,226
T-BulletDispenser-1x,3713,13.370,4.56,4.57,0.0046,464,226
T-BulletDispenser-1x,3714,13.374,4.27,4.30,0.0043,464,226
T-BulletDispenser-1x,3715,13.378,4.43,4.41,0.0044,464,226
T-BulletDispenser-1x,3716,13.383,4.48,4.50,0.0045,464,226
T-BulletDispenser-1x,3717,13.387,4.17,4.19,0.0042,464,226
T-BulletDispenser-1x,3718,13.391,4.35,4.32,0.0044,464,226
T-BulletDispenser-1x,3719,13.396,4.19,4.19,0.0042,464,226
T-BulletDispenser-1x,3720,13.400,4.56,4.60,0.0046,464,226
T-BulletDispenser-1x,3721,13.404,4.04,3.99,0.0040,464,226
T-BulletDispenser-1x,3722,13.408,4.18,4.21,0.0042,464,226
T-BulletDispenser-1x,3723,13.413,4.09,4.08,0.0041,464,226
T-BulletDispenser-1x,3724,13.417,4.37,4.31,0.0044,464,226
T-BulletDispenser-1x,3725,13.421,4.47,4.49,0.0045,464,226
T-BulletDispenser-1x,3726,13.426,4.23,4.22,0.0042,464,226
T-BulletDispenser-1x,3727,13.430,4.45,4.48,0.0045,464,226
T-BulletDispenser-1x,3728,13.434,3.99,4.00,0.0040,464,226
T-BulletDispenser-1x,3729,13.438,4.27,4.21,0.0043,464,226
T-BulletDispenser-1x,3730,13.443,4.46,4.49,0.0045,464,226
T-BulletDispenser-1x,3731,13.447,4.33,4.29,0.0043,464,226
T-BulletDispenser-1x,3732,13.451,4.34,4.38,0.0043,464,226
T-BulletDispenser-1x,3733,13.456,4.31,4.31,0.0043,464,226
T-BulletDispenser-1x,3734,13.460,4.30,4.29,0.0043,464,226
T-BulletDispenser-1x,3735,13.465,4.55,4.53,0.0046,464,226
T-BulletDispenser-1x,3736,13.469,4.05,4.06,0.0040,464,226
T-BulletDispenser-1x,3737,13.473,4.53,4.51,0.0045,464,226
T-BulletDispenser-1x,3738,13.478,4.59,4.61,0.0046,464,226
T-BulletDispenser-1x,3739,13.482,4.26,4.27,0.0043,464,226
T-BulletDispenser-1x,3740,13.486,4.22,4.20,0.0042,464,226
T-BulletDispenser-1x,3741,13.491,4.72,4.72,0.0047,464,226
T-BulletDispenser-1x,3742,13.496,4.53,4.50,0.0045,464,226
T-BulletDispenser-1x,3743,13.500,4.71,4.69,0.0047,464,226
T-BulletDispenser-1x,3744,13.504,3.91,3.99,0.0039,464,226
T-BulletDispenser-1x,3745,13.509,4.42,4.31,0.0044,516,226
T-BulletDispenser-1x,3746,13.513,4.80,4.81,0.0048,464,226
T-BulletDispenser-1x,3747,13.518,4.34,4.37,0.0043,464,226
T-BulletDispenser-1x,3748,13.522,4.49,4.50,0.0045,464,226
T-BulletDispenser-1x,3749,13.526,3.89,3.90,0.0039,464,226
T-BulletDispenser-1x,3750,13.531,4.70,4.70,0.0047,464,226
T-BulletDispenser-1x,3751,13.535,4.42,4.41,0.0044,464,226
T-BulletDispenser-1x,3752,13.539,3.91,3.91,0.0039,464,226
T-BulletDispenser-1x,3753,13.543,4.28,4.28,0.0043,464,226
T-BulletDispenser-1x,3754,13.548,4.37,4.39,0.0044,464,226
T-BulletDispenser-1x,3755,13.552,4.54,4.53,0.0045,464,226
T-BulletDispenser-1x,3756,13.556,4.16,4.18,0.0042,464,226
T-BulletDispenser-1x,3757,13.561,4.10,4.11,0.0041,464,226
T-BulletDispenser-1x,3758,13.566,5.10,5.09,0.0051,464,226
T-BulletDispenser-1x,3759,13.571,5.45,5.42,0.0054,464,226
T-BulletDispenser-1x,3760,13.576,5.05,5.07,0.0050,464,226
T-BulletDispenser-1x,3761,13.581,4.80,4.81,0.0048,464,226
T-BulletDispenser-1x,3762,13.586,5.01,4.98,0.0050,464,226
T-BulletDispenser-1x,3763,13.591,5.34,5.31,0.0053,464,226
T-BulletDispenser-1x,3764,13.597,5.56,5.58,0.0056,464,226
T-BulletDispenser-1x,3765,13.602,5.14,5.12,0.0051,464,226
T-BulletDispenser-1x,3766,13.607,5.49,5.49,0.0055,464,226
T-BulletDispenser-1x,3767,13.613,5.58,5.59,0.0056,464,226
T-BulletDispenser-1x,3768,13.619,5.80,5.82,0.0058,464,226
T-BulletDispenser-1x,3769,13.624,5.29,5.30,0.0053,464,226
T-BulletDispenser-1x,3770,13.630,5.39,5.38,0.0054,464,226
T-BulletDispenser-1x,3771,13.634,4.90,4.91,0.0049,464,226
T-BulletDispenser-1x,3772,13.639,5.02,5.00,0.0050,464,226
T-BulletDispenser-1x,3773,13.645,5.17,5.19,0.0052,464,226
T-BulletDispenser-1x,3774,13.650,5.23,5.21,0.0052,464,226
T-BulletDispenser-1x,3775,13.655,5.34,5.30,0.0053,464,226
T-BulletDispenser-1x,3776,13.660,5.26,5.28,0.0053,464,226
T-BulletDispenser-1x,3777,13.666,5.50,5.51,0.0055,464,226
T-BulletDispenser-1x,3778,13.671,4.68,4.70,0.0047,464,226
T-BulletDispenser-1x,3779,13.675,4.63,4.61,0.0046,464,226
T-BulletDispenser-1x,3780,13.680,4.93,4.89,0.0049,464,226
T-BulletDispenser-1x,3781,13.685,4.82,4.81,0.0048,464,226
T-BulletDispenser-1x,3782,13.690,4.95,4.98,0.0050,464,226
T-BulletDispenser-1x,3783,13.695,5.12,5.09,0.0051,464,226
T-BulletDispenser-1x,3784,13.700,4.88,4.89,0.0049,464,226
T-BulletDispenser-1x,3785,13.705,5.12,5.10,0.0051,464,226
T-BulletDispenser-1x,3786,13.710,5.01,5.01,0.0050,516,226
T-BulletDispenser-1x,3787,13.715,5.02,5.00,0.0050,464,226
T-BulletDispenser-1x,3788,13.720,5.06,5.09,0.0051,464,226
T-BulletDispenser-1x,3789,13.725,5.01,5.01,0.0050,464,226
T-BulletDispenser-1x,3790,13.730,4.78,4.79,0.0048,464,226
T-BulletDispenser-1x,3791,13.735,5.19,5.12,0.0052,464,226
T-BulletDispenser-1x,3792,13.740,5.13,5.17,0.0051,464,226
T-BulletDispenser-1x,3793,13.745,4.70,4.71,0.0047,464,226
T-BulletDispenser-1x,3794,13.750,4.62,4.60,0.0046,464,226
T-BulletDispenser-1x,3795,13.755,5.30,5.29,0.0053,464,226
T-BulletDispenser-1x,3796,13.760,4.79,4.79,0.0048,464,226
T-BulletDispenser-1x,3797,13.764,4.82,4.81,0.0048,464,226
T-BulletDispenser-1x,3798,13.769,4.89,4.88,0.0049,464,226
T-BulletDispenser-1x,3799,13.774,4.88,4.90,0.0049,464,226
T-BulletDispenser-1x,3800,13.779,5.15,5.15,0.0052,464,226
T-BulletDispenser-1x,3801,13.784,4.35,4.35,0.0043,464,226
T-BulletDispenser-1x,3802,13.789,4.93,4.90,0.0049,464,226
T-BulletDispenser-1x,3803,13.794,4.99,4.99,0.0050,464,226
T-BulletDispenser-1x,3804,13.799,4.89,4.89,0.0049,464,226
T-BulletDispenser-1x,3805,13.803,4.82,4.81,0.0048,464,226
T-BulletDispenser-1x,3806,13.808,4.89,4.89,0.0049,464,226
T-BulletDispenser-1x,3807,13.813,4.56,4.59,0.0046,464,226
T-BulletDispenser-1x,3808,13.818,4.84,4.80,0.0048,464,226
T-BulletDispenser-1x,3809,13.822,4.81,4.80,0.0048,464,226
T-BulletDispenser-1x,3810,13.827,4.78,4.80,0.0048,464,226
T-BulletDispenser-1x,3811,13.832,4.47,4.48,0.0045,464,226
T-BulletDispenser-1x,3812,13.837,5.05,5.02,0.0050,464,226
T-BulletDispenser-1x,3813,13.841,4.68,4.69,0.0047,464,226
T-BulletDispenser-1x,3814,13.846,4.80,4.78,0.0048,464,226
T-BulletDispenser-1x,3815,13.851,4.56,4.59,0.0046,464,226
T-BulletDispenser-1x,3816,13.856,4.78,4.72,0.0048,464,226
T-BulletDispenser-1x,3817,13.861,4.98,4.98,0.0050,464,226
T-BulletDispenser-1x,3818,13.867,6.20,6.21,0.0062,464,226
T-BulletDispenser-1x,3819,13.873,5.83,5.81,0.0058,464,226
T-BulletDispenser-1x,3820,13.880,7.17,7.21,0.0072,464,226
T-BulletDispenser-1x,3821,13.886,6.09,6.08,0.0061,464,226
T-BulletDispenser-1x,3822,13.892,5.80,5.82,0.0058,464,226
T-BulletDispenser-1x,3823,13.897,5.82,5.79,0.0058,464,226
T-BulletDispenser-1x,3824,13.903,5.87,5.88,0.0059,2544,226
T-BulletDispenser-1x,3825,13.909,5.83,5.81,0.0058,464,226
T-BulletDispenser-1x,3826,13.915,6.00,6.00,0.0060,516,226
T-BulletDispenser-1x,3827,13.921,5.99,5.99,0.0060,464,226
T-BulletDispenser-1x,3828,13.927,6.05,5.99,0.0060,464,226
T-BulletDispenser-1x,3829,13.933,5.73,5.80,0.0057,464,226
T-BulletDispenser-1x,3830,13.939,6.04,6.00,0.0060,464,226
T-BulletDispenser-1x,3831,13.945,6.07,6.09,0.0061,3638,226
T-BulletDispenser-1x,3832,13.951,6.44,6.42,0.0064,464,226
T-BulletDispenser-1x,3833,13.958,6.20,6.19,0.0062,464,226
T-BulletDispenser-1x,3834,13.964,6.49,6.49,0.0065,464,226
T-BulletDispenser-1x,3835,13.970,6.07,6.09,0.0061,464,226
T-BulletDispenser-1x,3836,13.976,5.71,5.70,0.0057,464,226
T-BulletDispenser-1x,3837,13.982,6.23,6.21,0.0062,464,226
T-BulletDispenser-1x,3838,13.988,5.56,5.59,0.0056,464,226
T-BulletDispenser-1x,3839,13.994,5.83,5.82,0.0058,464,226
T-BulletDispenser-1x,3840,13.999,5.55,5.58,0.0056,464,226
T-BulletDispenser-1x,3841,14.005,5.78,5.51,0.0058,464,226
T-BulletDispenser-1x,3842,14.011,6.06,6.30,0.0061,464,226
T-BulletDispenser-1x,3843,14.017,5.89,5.89,0.0059,464,226
T-BulletDispenser-1x,3844,14.023,5.97,5.92,0.0060,464,226
T-BulletDispenser-1x,3845,14.030,7.02,7.03,0.0070,464,226
T-BulletDispenser-1x,3846,14.036,5.68,5.63,0.0057,464,226
T-BulletDispenser-1x,3847,14.041,5.55,5.61,0.0055,464,226
T-BulletDispenser-1x,3848,14.046,5.28,5.28,0.0053,464,226
T-BulletDispenser-1x,3849,14.052,5.41,5.40,0.0054,464,226
T-BulletDispenser-1x,3850,14.057,5.68,5.70,0.0057,464,226
T-BulletDispenser-1x,3851,14.063,5.93,5.88,0.0059,464,226
T-BulletDispenser-1x,3852,14.069,5.80,5.82,0.0058,464,226
T-BulletDispenser-1x,3853,14.075,6.03,5.99,0.0060,464,226
T-BulletDispenser-1x,3854,14.081,5.83,5.87,0.0058,464,226
T-BulletDispenser-1x,3855,14.087,5.48,5.42,0.0055,464,226
T-BulletDispenser-1x,3856,14.092,5.83,5.78,0.0058,464,226
T-BulletDispenser-1x,3857,14.098,6.03,6.09,0.0060,464,226
T-BulletDispenser-1x,3858,14.104,5.47,5.49,0.0055,464,226
T-BulletDispenser-1x,3859,14.110,6.09,6.02,0.0061,464,226
T-BulletDispenser-1x,3860,14.116,6.05,6.09,0.0060,516,226
T-BulletDispenser-1x,3861,14.121,5.36,5.39,0.0054,464,226
T-BulletDispenser-1x,3862,14.127,5.72,5.71,0.0057,464,226
T-BulletDispenser-1x,3863,14.133,5.45,5.47,0.0054,464,226
T-BulletDispenser-1x,3864,14.138,5.47,5.43,0.0055,464,226
T-BulletDispenser-1x,3865,14.144,5.69,5.69,0.0057,464,226
T-BulletDispenser-1x,3866,14.149,5.71,5.71,0.0057,464,226
T-BulletDispenser-1x,3867,14.155,5.93,5.90,0.0059,6044,226
T-BulletDispenser-1x,3868,14.162,6.67,6.70,0.0067,464,226
T-BulletDispenser-1x,3869,14.169,6.60,6.58,0.0066,464,226
T-BulletDispenser-1x,3870,14.175,6.27,6.30,0.0063,464,226
T-BulletDispenser-1x,3871,14.181,6.47,6.48,0.0065,464,226
T-BulletDispenser-1x,3872,14.188,6.47,6.41,0.0065,464,226
T-BulletDispenser-1x,3873,14.195,6.86,6.89,0.0069,464,226
T-BulletDispenser-1x,3874,14.201,6.62,6.60,0.0066,464,226
T-BulletDispenser-1x,3875,14.208,6.47,6.50,0.0065,464,226
T-BulletDispenser-1x,3876,14.215,6.84,6.80,0.0068,464,226
T-BulletDispenser-1x,3877,14.221,6.68,6.69,0.0067,464,226
T-BulletDispenser-1x,3878,14.228,6.96,6.92,0.0070,464,226
T-BulletDispenser-1x,3879,14.235,6.56,6.57,0.0066,464,226
T-BulletDispenser-1x,3880,14.241,6.24,6.30,0.0062,464,226
T-BulletDispenser-1x,3881,14.248,6.53,6.50,0.0065,464,226
T-BulletDispenser-1x,3882,14.254,6.20,6.21,0.0062,464,226
T-BulletDispenser-1x,3883,14.260,6.35,6.31,0.0064,464,226
T-BulletDispenser-1x,3884,14.267,6.69,6.69,0.0067,464,226
T-BulletDispenser-1x,3885,14.273,6.57,6.58,0.0066,464,226
T-BulletDispenser-1x,3886,14.280,6.39,6.43,0.0064,464,226
T-BulletDispenser-1x,3887,14.286,5.84,5.77,0.0058,464,226
T-BulletDispenser-1x,3888,14.292,6.08,6.10,0.0061,464,226
T-BulletDispenser-1x,3889,14.298,5.83,5.81,0.0058,464,226
T-BulletDispenser-1x,3890,14.303,5.87,5.89,0.0059,464,226
T-BulletDispenser-1x,3891,14.309,5.56,5.60,0.0056,464,226
T-BulletDispenser-1x,3892,14.315,5.84,5.80,0.0058,464,226
T-BulletDispenser-1x,3893,14.321,5.78,5.80,0.0058,516,226
T-BulletDispenser-1x,3894,14.326,5.79,5.79,0.0058,464,226
T-BulletDispenser-1x,3895,14.332,5.67,5.69,0.0057,464,226
T-BulletDispenser-1x,3896,14.338,6.07,6.02,0.0061,464,226
T-BulletDispenser-1x,3897,14.344,5.84,5.78,0.0058,464,226
T-BulletDispenser-1x,3898,14.350,5.71,5.81,0.0057,464,226
T-BulletDispenser-1x,3899,14.356,5.92,5.88,0.0059,464,226
T-BulletDispenser-1x,3900,14.361,5.66,5.70,0.0057,464,226
T-BulletDispenser-1x,3901,14.367,5.96,5.91,0.0060,464,226
T-BulletDispenser-1x,3902,14.373,5.94,5.98,0.0059,464,226
T-BulletDispenser-1x,3903,14.380,6.64,6.63,0.0066,464,226
T-BulletDispenser-1x,3904,14.385,5.44,5.45,0.0054,464,226
T-BulletDispenser-1x,3905,14.391,5.65,5.62,0.0057,464,226
T-BulletDispenser-1x,3906,14.396,5.42,5.40,0.0054,464,226
T-BulletDispenser-1x,3907,14.403,6.31,6.29,0.0063,464,226
T-BulletDispenser-1x,3908,14.409,6.09,6.10,0.0061,464,226
T-BulletDispenser-1x,3909,14.415,5.83,5.88,0.0058,464,226
T-BulletDispenser-1x,3910,14.420,5.78,5.72,0.0058,464,226
T-BulletDispenser-1x,3911,14.426,5.59,5.59,0.0056,464,226
T-BulletDispenser-1x,3912,14.432,5.79,5.81,0.0058,464,226
T-BulletDispenser-1x,3913,14.437,5.62,5.59,0.0056,464,226
T-BulletDispenser-1x,3914,14.443,6.00,5.99,0.0060,464,226
T-BulletDispenser-1x,3915,14.449,5.95,5.97,0.0059,464,226
T-BulletDispenser-1x,3916,14.455,5.56,5.53,0.0056,464,226
T-BulletDispenser-1x,3917,14.462,6.99,6.98,0.0070,8688,226
T-BulletDispenser-1x,3918,14.469,6.76,6.79,0.0068,464,226
T-BulletDispenser-1x,3919,14.475,6.39,6.40,0.0064,464,226
T-BulletDispenser-1x,3920,14.481,6.16,6.11,0.0062,464,226
T-BulletDispenser-1x,3921,14.487,6.35,6.38,0.0063,464,226
T-BulletDispenser-1x,3922,14.494,6.22,6.20,0.0062,464,226
T-BulletDispenser-1x,3923,14.500,5.97,5.98,0.0060,464,226
T-BulletDispenser-1x,3924,14.506,6.43,6.42,0.0064,464,226
T-BulletDispenser-1x,3925,14.513,6.50,6.50,0.0065,464,226
T-BulletDispenser-1x,3926,14.519,6.43,6.42,0.0064,464,226
T-BulletDispenser-1x,3927,14.526,6.97,6.96,0.0070,516,226
T-BulletDispenser-1x,3928,14.532,6.25,6.31,0.0063,464,226
T-BulletDispenser-1x,3929,14.538,6.03,5.99,0.0060,464,226
T-BulletDispenser-1x,3930,14.544,6.08,6.11,0.0061,4592,226
T-BulletDispenser-1x,3931,14.551,6.15,6.10,0.0061,464,226
T-BulletDispenser-1x,3932,14.557,6.34,6.38,0.0063,464,226
T-BulletDispenser-1x,3933,14.563,6.13,6.10,0.0061,464,226
T-BulletDispenser-1x,3934,14.569,6.00,6.00,0.0060,464,226
T-BulletDispenser-1x,3935,14.575,5.99,5.99,0.0060,464,226
T-BulletDispenser-1x,3936,14.581,6.09,6.11,0.0061,464,226
T-BulletDispenser-1x,3937,14.587,5.57,5.59,0.0056,464,226
T-BulletDispenser-1x,3938,14.592,5.73,5.71,0.0057,464,226
T-BulletDispenser-1x,3939,14.598,5.70,5.70,0.0057,464,226
T-BulletDispenser-1x,3940,14.604,5.60,5.61,0.0056,464,226
T-BulletDispenser-1x,3941,14.609,5.79,5.79,0.0058,464,226
T-BulletDispenser-1x,3942,14.615,5.52,5.49,0.0055,464,226
T-BulletDispenser-1x,3943,14.621,5.90,5.91,0.0059,464,226
T-BulletDispenser-1x,3944,14.627,5.88,5.91,0.0059,464,226
T-BulletDispenser-1x,3945,14.632,5.47,5.48,0.0055,464,226
T-BulletDispenser-1x,3946,14.638,5.39,5.40,0.0054,464,226
T-BulletDispenser-1x,3947,14.643,5.63,5.60,0.0056,464,226
T-BulletDispenser-1x,3948,14.649,5.70,5.69,0.0057,464,226
T-BulletDispenser-1x,3949,14.654,5.27,5.31,0.0053,464,226
T-BulletDispenser-1x,3950,14.660,5.52,5.49,0.0055,464,226
T-BulletDispenser-1x,3951,14.666,6.23,6.21,0.0062,3638,226
T-BulletDispenser-1x,3952,14.672,5.69,5.71,0.0057,464,226
T-BulletDispenser-1x,3953,14.677,5.59,5.49,0.0056,464,226
T-BulletDispenser-1x,3954,14.683,5.29,5.38,0.0053,464,226
T-BulletDispenser-1x,3955,14.688,5.31,5.31,0.0053,464,226
T-BulletDispenser-1x,3956,14.693,5.63,5.60,0.0056,464,226
T-BulletDispenser-1x,3957,14.699,5.82,5.81,0.0058,464,226
T-BulletDispenser-1x,3958,14.705,6.17,6.18,0.0062,464,226
T-BulletDispenser-1x,3959,14.711,5.50,5.51,0.0055,464,226
T-BulletDispenser-1x,3960,14.717,5.75,5.71,0.0058,464,226
T-BulletDispenser-1x,3961,14.722,5.67,5.69,0.0057,464,226
T-BulletDispenser-1x,3962,14.728,5.48,5.49,0.0055,516,226
T-BulletDispenser-1x,3963,14.733,5.48,5.50,0.0055,464,226
T-BulletDispenser-1x,3964,14.739,5.53,5.49,0.0055,464,226
T-BulletDispenser-1x,3965,14.745,5.70,5.70,0.0057,464,226
T-BulletDispenser-1x,3966,14.750,5.38,5.40,0.0054,464,226
T-BulletDispenser-1x,3967,14.757,6.74,6.71,0.0067,464,226
T-BulletDispenser-1x,3968,14.764,6.83,6.80,0.0068,464,226
T-BulletDispenser-1x,3969,14.770,6.06,6.09,0.0061,464,226
T-BulletDispenser-1x,3970,14.776,6.28,6.30,0.0063,464,226
T-BulletDispenser-1x,3971,14.782,6.40,6.40,0.0064,464,226
T-BulletDispenser-1x,3972,14.789,6.29,6.28,0.0063,464,226
T-BulletDispenser-1x,3973,14.795,6.74,6.72,0.0067,464,226
T-BulletDispenser-1x,3974,14.801,6.19,6.20,0.0062,464,226
T-BulletDispenser-1x,3975,14.808,6.50,6.50,0.0065,464,226
T-BulletDispenser-1x,3976,14.815,6.58,6.57,0.0066,464,226
T-BulletDispenser-1x,3977,14.821,6.21,6.21,0.0062,464,226
T-BulletDispenser-1x,3978,14.827,6.68,6.68,0.0067,464,226
T-BulletDispenser-1x,3979,14.834,6.20,6.21,0.0062,464,226
T-BulletDispenser-1x,3980,14.840,5.92,5.90,0.0059,464,226
T-BulletDispenser-1x,3981,14.846,6.32,6.29,0.0063,464,226
T-BulletDispenser-1x,3982,14.852,6.40,6.41,0.0064,464,226
T-BulletDispenser-1x,3983,14.859,6.29,6.28,0.0063,464,226
T-BulletDispenser-1x,3984,14.865,6.19,6.21,0.0062,464,226
T-BulletDispenser-1x,3985,14.871,5.89,5.90,0.0059,464,226
T-BulletDispenser-1x,3986,14.876,5.41,5.39,0.0054,464,226
T-BulletDispenser-1x,3987,14.882,5.89,5.91,0.0059,464,226
T-BulletDispenser-1x,3988,14.888,5.89,5.88,0.0059,464,226
T-BulletDispenser-1x,3989,14.894,5.88,5.89,0.0059,464,226
T-BulletDispenser-1x,3990,14.899,5.60,5.59,0.0056,464,226
T-BulletDispenser-1x,3991,14.905,5.60,5.54,0.0056,464,226
T-BulletDispenser-1x,3992,14.911,5.71,5.76,0.0057,464,226
T-BulletDispenser-1x,3993,14.916,5.49,5.52,0.0055,464,226
T-BulletDispenser-1x,3994,14.922,5.68,5.61,0.0057,464,226
T-BulletDispenser-1x,3995,14.928,5.86,5.88,0.0059,464,226
T-BulletDispenser-1x,3996,14.933,5.75,5.78,0.0057,516,226
T-BulletDispenser-1x,3997,14.939,5.65,5.62,0.0056,464,226
T-BulletDispenser-1x,3998,14.945,6.00,6.00,0.0060,464,226
T-BulletDispenser-1x,3999,14.951,5.84,5.79,0.0058,464,226
T-BulletDispenser-1x,4000,14.956,5.47,5.51,0.0055,464,226
T-BulletDispenser-1x,4001,14.962,5.70,5.71,0.0057,464,226
T-BulletDispenser-1x,4002,14.968,5.90,5.90,0.0059,464,226
T-BulletDispenser-1x,4003,14.973,5.37,5.39,0.0054,464,226
T-BulletDispenser-1x,4004,14.980,6.54,6.44,0.0065,464,226
T-BulletDispenser-1x,4005,14.986,5.83,5.91,0.0058,464,226
T-BulletDispenser-1x,4006,14.991,5.52,5.54,0.0055,464,226
T-BulletDispenser-1x,4007,14.997,5.72,5.69,0.0057,464,226
T-BulletDispenser-1x,4008,15.003,5.77,5.80,0.0058,464,226
T-BulletDispenser-1x,4009,15.008,5.61,5.59,0.0056,464,226
T-BulletDispenser-1x,4010,15.014,5.50,5.50,0.0055,464,226
T-BulletDispenser-1x,4011,15.020,5.86,5.81,0.0059,464,226
T-BulletDispenser-1x,4012,15.025,5.42,5.48,0.0054,464,226
T-BulletDispenser-1x,4013,15.030,5.23,5.21,0.0052,464,226
T-BulletDispenser-1x,4014,15.036,5.64,5.61,0.0056,464,226
T-BulletDispenser-1x,4015,15.041,5.25,5.28,0.0053,464,226
T-BulletDispenser-1x,4016,15.046,5.21,5.19,0.0052,464,226
T-BulletDispenser-1x,4017,15.054,7.05,7.02,0.0070,464,226
T-BulletDispenser-1x,4018,15.060,6.63,6.67,0.0066,464,226
T-BulletDispenser-1x,4019,15.066,6.32,6.31,0.0063,464,226
T-BulletDispenser-1x,4020,15.072,6.00,6.00,0.0060,464,226
T-BulletDispenser-1x,4021,15.080,7.38,7.35,0.0074,464,226
T-BulletDispenser-1x,4022,15.086,6.51,6.54,0.0065,464,226
T-BulletDispenser-1x,4023,15.093,6.41,6.40,0.0064,464,226
T-BulletDispenser-1x,4024,15.099,6.21,6.20,0.0062,464,226
T-BulletDispenser-1x,4025,15.105,5.86,5.89,0.0059,464,226
T-BulletDispenser-1x,4026,15.111,5.90,5.89,0.0059,464,226
T-BulletDispenser-1x,4027,15.117,6.42,6.40,0.0064,464,226
T-BulletDispenser-1x,4028,15.123,6.23,6.22,0.0062,464,226
T-BulletDispenser-1x,4029,15.130,6.73,6.68,0.0067,464,226
T-BulletDispenser-1x,4030,15.137,6.44,6.50,0.0064,516,226
T-BulletDispenser-1x,4031,15.143,6.42,6.41,0.0064,464,226
T-BulletDispenser-1x,4032,15.149,6.16,6.19,0.0062,464,226
T-BulletDispenser-1x,4033,15.156,6.73,6.69,0.0067,464,226
T-BulletDispenser-1x,4034,15.162,6.20,6.21,0.0062,464,226
T-BulletDispenser-1x,4035,15.168,5.97,6.00,0.0060,464,226
T-BulletDispenser-1x,4036,15.174,5.84,5.81,0.0058,464,226
T-BulletDispenser-1x,4037,15.180,6.32,6.28,0.0063,464,226
T-BulletDispenser-1x,4038,15.186,5.74,5.80,0.0057,464,226
T-BulletDispenser-1x,4039,15.192,5.96,5.91,0.0060,464,226
T-BulletDispenser-1x,4040,15.197,5.35,5.39,0.0054,464,226
T-BulletDispenser-1x,4041,15.203,6.01,6.01,0.0060,464,226
T-BulletDispenser-1x,4042,15.209,5.80,5.79,0.0058,464,226
T-BulletDispenser-1x,4043,15.215,5.58,5.59,0.0056,464,226
T-BulletDispenser-1x,4044,15.220,5.74,5.72,0.0057,464,226
T-BulletDispenser-1x,4045,15.226,5.57,5.59,0.0056,464,226
T-BulletDispenser-1x,4046,15.232,5.89,5.88,0.0059,464,226
T-BulletDispenser-1x,4047,15.237,5.37,5.39,0.0054,464,226
T-BulletDispenser-1x,4048,15.243,5.77,5.72,0.0058,464,226
T-BulletDispenser-1x,4049,15.249,5.57,5.59,0.0056,464,226
T-BulletDispenser-1x,4050,15.254,5.28,5.31,0.0053,464,226
T-BulletDispenser-1x,4051,15.260,5.71,5.69,0.0057,464,226
T-BulletDispenser-1x,4052,15.265,5.39,5.31,0.0054,464,226
T-BulletDispenser-1x,4053,15.270,5.29,5.39,0.0053,464,226
T-BulletDispenser-1x,4054,15.275,5.21,5.20,0.0052,464,226
T-BulletDispenser-1x,4055,15.281,5.69,5.70,0.0057,464,226
T-BulletDispenser-1x,4056,15.287,5.60,5.59,0.0056,464,226
T-BulletDispenser-1x,4057,15.292,5.40,5.41,0.0054,464,226
T-BulletDispenser-1x,4058,15.298,5.48,5.41,0.0055,464,226
T-BulletDispenser-1x,4059,15.303,5.54,5.59,0.0055,464,226
T-BulletDispenser-1x,4060,15.308,5.31,5.29,0.0053,464,226
T-BulletDispenser-1x,4061,15.313,5.01,5.01,0.0050,464,226
T-BulletDispenser-1x,4062,15.319,5.67,5.61,0.0057,464,226
T-BulletDispenser-1x,4063,15.325,5.66,5.69,0.0057,464,226
T-BulletDispenser-1x,4064,15.330,5.45,5.48,0.0055,464,226
T-BulletDispenser-1x,4065,15.336,5.63,5.61,0.0056,516,226
T-BulletDispenser-1x,4066,15.341,5.48,5.50,0.0055,464,226
T-BulletDispenser-1x,4067,15.347,5.30,5.30,0.0053,464,226
T-BulletDispenser-1x,4068,15.353,6.46,6.40,0.0065,464,226
T-BulletDispenser-1x,4069,15.360,6.74,6.78,0.0067,464,226
T-BulletDispenser-1x,4070,15.366,6.19,6.20,0.0062,464,226
T-BulletDispenser-1x,4071,15.372,6.43,6.41,0.0064,3638,226
T-BulletDispenser-1x,4072,15.380,7.38,7.37,0.0074,464,226
T-BulletDispenser-1x,4073,15.386,6.10,6.12,0.0061,464,226
T-BulletDispenser-1x,4074,15.393,6.64,6.61,0.0066,464,226
T-BulletDispenser-1x,4075,15.399,6.45,6.48,0.0065,464,226
T-BulletDispenser-1x,4076,15.406,6.77,6.71,0.0068,464,226
T-BulletDispenser-1x,4077,15.412,6.57,6.60,0.0066,464,226
T-BulletDispenser-1x,4078,15.419,6.42,6.39,0.0064,464,226
T-BulletDispenser-1x,4079,15.425,6.48,6.51,0.0065,464,226
T-BulletDispenser-1x,4080,15.431,6.10,6.08,0.0061,464,226
T-BulletDispenser-1x,4081,15.438,6.39,6.39,0.0064,464,226
T-BulletDispenser-1x,4082,15.444,6.47,6.49,0.0065,464,226
T-BulletDispenser-1x,4083,15.450,6.12,6.10,0.0061,464,226
T-BulletDispenser-1x,4084,15.456,6.01,6.00,0.0060,464,226
T-BulletDispenser-1x,4085,15.462,6.09,6.11,0.0061,464,226
T-BulletDispenser-1x,4086,15.469,6.18,6.17,0.0062,1686,226
T-BulletDispenser-1x,4087,15.474,5.79,5.80,0.0058,464,226
T-BulletDispenser-1x,4088,15.480,5.71,5.71,0.0057,464,226
T-BulletDispenser-1x,4089,15.486,5.56,5.49,0.0056,464,226
T-BulletDispenser-1x,4090,15.491,5.76,5.81,0.0058,464,226
T-BulletDispenser-1x,4091,15.497,5.91,5.90,0.0059,464,226
T-BulletDispenser-1x,4092,15.503,5.65,5.69,0.0057,464,226
T-BulletDispenser-1x,4093,15.509,5.73,5.70,0.0057,464,226
T-BulletDispenser-1x,4094,15.514,5.69,5.70,0.0057,464,226
T-BulletDispenser-1x,4095,15.520,5.90,5.91,0.0059,464,226
T-BulletDispenser-1x,4096,15.526,5.70,5.68,0.0057,464,226
T-BulletDispenser-1x,4097,15.531,5.38,5.40,0.0054,464,226
T-BulletDispenser-1x,4098,15.538,6.13,6.10,0.0061,516,226
T-BulletDispenser-1x,4099,15.544,6.07,6.09,0.0061,464,226
T-BulletDispenser-1x,4100,15.549,5.40,5.41,0.0054,464,226
T-BulletDispenser-1x,4101,15.555,5.69,5.68,0.0057,464,226
T-BulletDispenser-1x,4102,15.560,5.55,5.52,0.0055,464,226
T-BulletDispenser-1x,4103,15.566,5.50,5.50,0.0055,464,226
T-BulletDispenser-1x,4104,15.571,5.58,5.58,0.0056,464,226
T-BulletDispenser-1x,4105,15.577,5.61,5.61,0.0056,464,226
T-BulletDispenser-1x,4106,15.582,5.27,5.28,0.0053,464,226
T-BulletDispenser-1x,4107,15.588,5.30,5.32,0.0053,464,226
T-BulletDispenser-1x,4108,15.593,5.74,5.70,0.0057,464,226
T-BulletDispenser-1x,4109,15.599,5.38,5.39,0.0054,464,226
T-BulletDispenser-1x,4110,15.604,5.30,5.30,0.0053,464,226
T-BulletDispenser-1x,4111,15.610,5.72,5.70,0.0057,464,226
T-BulletDispenser-1x,4112,15.615,5.51,5.50,0.0055,464,226
T-BulletDispenser-1x,4113,15.620,5.26,5.29,0.0053,464,226
T-BulletDispenser-1x,4114,15.626,5.37,5.31,0.0054,464,226
T-BulletDispenser-1x,4115,15.631,5.36,5.38,0.0054,464,226
T-BulletDispenser-1x,4116,15.637,5.39,5.40,0.0054,464,226
T-BulletDispenser-1x,4117,15.642,5.79,5.79,0.0058,464,226
T-BulletDispenser-1x,4118,15.649,6.85,6.83,0.0068,464,226
T-BulletDispenser-1x,4119,15.656,6.58,6.59,0.0066,464,226
T-BulletDispenser-1x,4120,15.662,6.51,6.49,0.0065,464,226
T-BulletDispenser-1x,4121,15.669,6.42,6.40,0.0064,464,226
T-BulletDispenser-1x,4122,15.675,6.13,6.20,0.0061,464,226
T-BulletDispenser-1x,4123,15.681,5.95,5.90,0.0059,464,226
T-BulletDispenser-1x,4124,15.687,6.40,6.41,0.0064,464,226
T-BulletDispenser-1x,4125,15.693,6.09,6.09,0.0061,464,226
T-BulletDispenser-1x,4126,15.699,5.97,5.99,0.0060,464,226
T-BulletDispenser-1x,4127,15.706,6.34,6.32,0.0063,464,226
T-BulletDispenser-1x,4128,15.712,6.27,6.30,0.0063,464,226
T-BulletDispenser-1x,4129,15.718,5.92,5.90,0.0059,464,226
T-BulletDispenser-1x,4130,15.724,6.22,6.20,0.0062,464,226
T-BulletDispenser-1x,4131,15.730,5.93,5.98,0.0059,464,226
T-BulletDispenser-1x,4132,15.736,5.78,5.71,0.0058,464,226
T-BulletDispenser-1x,4133,15.742,6.06,6.09,0.0061,516,226
T-BulletDispenser-1x,4134,15.748,6.02,6.01,0.0060,464,226
T-BulletDispenser-1x,4135,15.754,6.52,6.51,0.0065,464,226
T-BulletDispenser-1x,4136,15.761,6.33,6.32,0.0063,464,226
T-BulletDispenser-1x,4137,15.767,5.97,5.97,0.0060,464,226
T-BulletDispenser-1x,4138,15.773,6.09,6.10,0.0061,464,226
T-BulletDispenser-1x,4139,15.780,7.29,7.23,0.0073,464,226
T-BulletDispenser-1x,4140,15.786,5.57,5.64,0.0056,464,226
T-BulletDispenser-1x,4141,15.791,5.40,5.40,0.0054,464,226
T-BulletDispenser-1x,4142,15.796,5.41,5.40,0.0054,464,226
T-BulletDispenser-1x,4143,15.802,5.93,5.93,0.0059,464,226
T-BulletDispenser-1x,4144,15.808,5.46,5.48,0.0055,464,226
T-BulletDispenser-1x,4145,15.813,5.66,5.61,0.0057,464,226
T-BulletDispenser-1x,4146,15.819,5.50,5.48,0.0055,464,226
T-BulletDispenser-1x,4147,15.824,5.46,5.50,0.0055,464,226
T-BulletDispenser-1x,4148,15.830,5.38,5.35,0.0054,464,226
T-BulletDispenser-1x,4149,15.835,5.75,5.76,0.0058,464,226
T-BulletDispenser-1x,4150,15.841,5.57,5.58,0.0056,464,226
T-BulletDispenser-1x,4151,15.846,4.98,5.00,0.0050,464,226
T-BulletDispenser-1x,4152,15.852,5.63,5.60,0.0056,464,226
T-BulletDispenser-1x,4153,15.857,5.61,5.61,0.0056,464,226
T-BulletDispenser-1x,4154,15.862,5.12,5.12,0.0051,464,226
T-BulletDispenser-1x,4155,15.868,5.47,5.48,0.0055,464,226
T-BulletDispenser-1x,4156,15.873,5.22,5.20,0.0052,464,226
T-BulletDispenser-1x,4157,15.879,5.48,5.49,0.0055,464,226
T-BulletDispenser-1x,4158,15.884,5.52,5.51,0.0055,464,226
T-BulletDispenser-1x,4159,15.890,5.82,5.80,0.0058,464,226
T-BulletDispenser-1x,4160,15.896,5.77,5.79,0.0058,464,226
T-BulletDispenser-1x,4161,15.901,5.14,5.12,0.0051,464,226
T-BulletDispenser-1x,4162,15.907,6.06,6.07,0.0061,464,226
T-BulletDispenser-1x,4163,15.912,5.50,5.50,0.0055,464,226
T-BulletDispenser-1x,4164,15.918,5.52,5.51,0.0055,464,226
T-BulletDispenser-1x,4165,15.923,5.30,5.28,0.0053,464,226
T-BulletDispenser-1x,4166,15.928,5.28,5.30,0.0053,464,226
T-BulletDispenser-1x,4167,15.933,4.96,4.97,0.0050,464,226
T-BulletDispenser-1x,4168,15.938,5.03,5.01,0.0050,464,226
T-BulletDispenser-1x,4169,15.944,5.44,5.41,0.0054,516,226
T-BulletDispenser-1x,4170,15.950,6.58,6.61,0.0066,464,226
T-BulletDispenser-1x,4171,15.957,6.50,6.49,0.0065,464,226
T-BulletDispenser-1x,4172,15.963,5.89,5.90,0.0059,464,226
T-BulletDispenser-1x,4173,15.969,6.28,6.28,0.0063,464,226
T-BulletDispenser-1x,4174,15.975,6.01,6.00,0.0060,464,226
T-BulletDispenser-1x,4175,15.981,5.68,5.70,0.0057,464,226
T-BulletDispenser-1x,4176,15.987,6.13,6.11,0.0061,464,226
T-BulletDispenser-1x,4177,15.993,5.89,5.89,0.0059,464,226
T-BulletDispenser-1x,4178,15.999,6.44,6.42,0.0064,464,226
T-BulletDispenser-1x,4179,16.006,6.38,6.19,0.0064,464,226
T-BulletDispenser-1x,4180,16.012,5.87,6.10,0.0059,464,226
T-BulletDispenser-1x,4181,16.018,6.04,6.00,0.0060,464,226
T-BulletDispenser-1x,4182,16.024,6.29,6.30,0.0063,464,226
T-BulletDispenser-1x,4183,16.030,5.98,5.99,0.0060,464,226
T-BulletDispenser-1x,4184,16.036,6.01,6.01,0.0060,464,226
T-BulletDispenser-1x,4185,16.042,6.40,6.38,0.0064,464,226
T-BulletDispenser-1x,4186,16.048,5.98,6.00,0.0060,464,226
T-BulletDispenser-1x,4187,16.054,5.91,5.90,0.0059,464,226
T-BulletDispenser-1x,4188,16.060,5.90,5.90,0.0059,464,226
T-BulletDispenser-1x,4189,16.066,5.49,5.50,0.0055,464,226
T-BulletDispenser-1x,4190,16.071,5.55,5.51,0.0055,464,226
T-BulletDispenser-1x,4191,16.077,5.86,5.89,0.0059,3638,226
T-BulletDispenser-1x,4192,16.083,5.69,5.70,0.0057,464,226
T-BulletDispenser-1x,4193,16.088,5.16,5.17,0.0052,464,226
T-BulletDispenser-1x,4194,16.093,5.51,5.50,0.0055,464,226
T-BulletDispenser-1x,4195,16.099,5.55,5.53,0.0055,464,226
T-BulletDispenser-1x,4196,16.104,5.03,5.07,0.0050,464,226
T-BulletDispenser-1x,4197,16.109,5.24,5.21,0.0052,464,226
T-BulletDispenser-1x,4198,16.115,5.41,5.40,0.0054,464,226
T-BulletDispenser-1x,4199,16.120,5.93,5.91,0.0059,464,226
T-BulletDispenser-1x,4200,16.126,5.39,5.40,0.0054,464,226
T-BulletDispenser-1x,4201,16.132,5.78,5.78,0.0058,464,226
T-BulletDispenser-1x,4202,16.137,5.80,5.79,0.0058,464,226
T-BulletDispenser-1x,4203,16.143,5.08,5.09,0.0051,464,226
T-BulletDispenser-1x,4204,16.148,5.40,5.40,0.0054,516,226
T-BulletDispenser-1x,4205,16.154,5.62,5.61,0.0056,464,226
T-BulletDispenser-1x,4206,16.159,5.36,5.32,0.0054,464,226
T-BulletDispenser-1x,4207,16.164,5.51,5.50,0.0055,464,226
T-BulletDispenser-1x,4208,16.170,5.62,5.67,0.0056,464,226
T-BulletDispenser-1x,4209,16.176,5.54,5.50,0.0055,464,226
T-BulletDispenser-1x,4210,16.181,5.55,5.59,0.0055,464,226
T-BulletDispenser-1x,4211,16.187,5.62,5.61,0.0056,464,226
T-BulletDispenser-1x,4212,16.192,5.28,5.29,0.0053,464,226
T-BulletDispenser-1x,4213,16.198,5.51,5.51,0.0055,464,226
T-BulletDispenser-1x,4214,16.203,5.45,5.40,0.0054,464,226
T-BulletDispenser-1x,4215,16.208,5.44,5.49,0.0054,464,226
T-BulletDispenser-1x,4216,16.214,5.52,5.49,0.0055,464,226
T-BulletDispenser-1x,4217,16.219,5.25,5.20,0.0052,464,226
T-BulletDispenser-1x,4218,16.225,5.46,5.51,0.0055,464,226
T-BulletDispenser-1x,4219,16.230,5.43,5.38,0.0054,464,226
T-BulletDispenser-1x,4220,16.235,5.25,5.30,0.0052,464,226
T-BulletDispenser-1x,4221,16.241,5.76,5.72,0.0058,464,226
T-BulletDispenser-1x,4222,16.248,6.59,6.59,0.0066,464,226
T-BulletDispenser-1x,4223,16.254,6.58,6.60,0.0066,464,226
T-BulletDispenser-1x,4224,16.261,6.41,6.38,0.0064,464,226
T-BulletDispenser-1x,4225,16.267,6.36,6.40,0.0064,464,226
T-BulletDispenser-1x,4226,16.273,6.02,6.00,0.0060,464,226
T-BulletDispenser-1x,4227,16.280,6.81,6.80,0.0068,464,226
T-BulletDispenser-1x,4228,16.286,6.28,6.31,0.0063,464,226
T-BulletDispenser-1x,4229,16.292,5.91,5.89,0.0059,464,226
T-BulletDispenser-1x,4230,16.298,5.89,5.88,0.0059,464,226
T-BulletDispenser-1x,4231,16.304,6.11,6.11,0.0061,464,226
T-BulletDispenser-1x,4232,16.310,6.31,6.29,0.0063,464,226
T-BulletDispenser-1x,4233,16.317,6.30,6.31,0.0063,464,226
T-BulletDispenser-1x,4234,16.323,6.40,6.39,0.0064,464,226
T-BulletDispenser-1x,4235,16.330,6.77,6.80,0.0068,464,226
T-BulletDispenser-1x,4236,16.336,5.73,5.71,0.0057,464,226
T-BulletDispenser-1x,4237,16.342,6.28,6.28,0.0063,464,226
T-BulletDispenser-1x,4238,16.348,6.23,6.20,0.0062,464,226
T-BulletDispenser-1x,4239,16.354,6.10,6.10,0.0061,516,226
T-BulletDispenser-1x,4240,16.360,6.30,6.30,0.0063,464,226
T-BulletDispenser-1x,4241,16.367,6.08,6.08,0.0061,464,226
T-BulletDispenser-1x,4242,16.372,5.70,5.71,0.0057,464,226
T-BulletDispenser-1x,4243,16.378,5.80,5.79,0.0058,464,226
T-BulletDispenser-1x,4244,16.384,5.72,5.71,0.0057,464,226
T-BulletDispenser-1x,4245,16.389,5.28,5.30,0.0053,464,226
T-BulletDispenser-1x,4246,16.395,5.70,5.69,0.0057,464,226
T-BulletDispenser-1x,4247,16.401,6.15,6.12,0.0061,464,226
T-BulletDispenser-1x,4248,16.407,5.80,5.80,0.0058,464,226
T-BulletDispenser-1x,4249,16.412,5.75,5.77,0.0058,464,226
T-BulletDispenser-1x,4250,16.418,5.63,5.61,0.0056,464,226
T-BulletDispenser-1x,4251,16.424,5.75,5.78,0.0057,464,226
T-BulletDispenser-1x,4252,16.430,6.08,5.98,0.0061,464,226
T-BulletDispenser-1x,4253,16.436,5.74,5.83,0.0057,464,226
T-BulletDispenser-1x,4254,16.441,5.52,5.49,0.0055,464,226
T-BulletDispenser-1x,4255,16.446,5.03,5.08,0.0050,464,226
T-BulletDispenser-1x,4256,16.452,5.43,5.40,0.0054,464,226
T-BulletDispenser-1x,4257,16.457,5.71,5.71,0.0057,464,226
T-BulletDispenser-1x,4258,16.463,5.39,5.40,0.0054,464,226
T-BulletDispenser-1x,4259,16.468,5.13,5.09,0.0051,464,226
T-BulletDispenser-1x,4260,16.474,5.78,5.80,0.0058,464,226
T-BulletDispenser-1x,4261,16.480,6.20,6.18,0.0062,464,226
T-BulletDispenser-1x,4262,16.485,5.42,5.43,0.0054,464,226
T-BulletDispenser-1x,4263,16.491,5.74,5.69,0.0057,464,226
T-BulletDispenser-1x,4264,16.497,5.64,5.69,0.0056,464,226
T-BulletDispenser-1x,4265,16.502,5.35,5.31,0.0054,464,226
T-BulletDispenser-1x,4266,16.507,5.35,5.37,0.0054,464,226
T-BulletDispenser-1x,4267,16.513,5.66,5.62,0.0057,464,226
T-BulletDispenser-1x,4268,16.519,5.95,6.00,0.0060,464,226
T-BulletDispenser-1x,4269,16.525,5.61,5.60,0.0056,464,226
T-BulletDispenser-1x,4270,16.530,5.15,5.19,0.0051,464,226
T-BulletDispenser-1x,4271,16.535,5.46,5.41,0.0055,464,226
T-BulletDispenser-1x,4272,16.542,6.58,6.60,0.0066,464,226
T-BulletDispenser-1x,4273,16.548,6.40,6.39,0.0064,464,226
T-BulletDispenser-1x,4274,16.554,6.10,6.10,0.0061,516,226
T-BulletDispenser-1x,4275,16.560,5.99,5.99,0.0060,464,226
T-BulletDispenser-1x,4276,16.566,6.04,6.02,0.0060,464,226
T-BulletDispenser-1x,4277,16.573,6.29,6.29,0.0063,464,226
T-BulletDispenser-1x,4278,16.579,5.96,5.98,0.0060,464,226
T-BulletDispenser-1x,4279,16.585,6.33,6.30,0.0063,464,226
T-BulletDispenser-1x,4280,16.591,6.29,6.30,0.0063,464,226
T-BulletDispenser-1x,4281,16.597,6.11,6.10,0.0061,464,226
T-BulletDispenser-1x,4282,16.604,6.39,6.40,0.0064,464,226
T-BulletDispenser-1x,4283,16.610,6.11,6.09,0.0061,464,226
T-BulletDispenser-1x,4284,16.616,6.10,6.11,0.0061,464,226
T-BulletDispenser-1x,4285,16.622,6.51,6.49,0.0065,464,226
T-BulletDispenser-1x,4286,16.628,5.97,6.00,0.0060,464,226
T-BulletDispenser-1x,4287,16.634,5.82,5.77,0.0058,464,226
T-BulletDispenser-1x,4288,16.640,6.18,6.23,0.0062,464,226
T-BulletDispenser-1x,4289,16.647,6.53,6.49,0.0065,464,226
T-BulletDispenser-1x,4290,16.653,5.65,5.68,0.0057,464,226
T-BulletDispenser-1x,4291,16.658,5.93,5.91,0.0059,464,226
T-BulletDispenser-1x,4292,16.664,5.60,5.61,0.0056,464,226
T-BulletDispenser-1x,4293,16.670,5.81,5.81,0.0058,464,226
T-BulletDispenser-1x,4294,16.675,5.46,5.48,0.0055,464,226
T-BulletDispenser-1x,4295,16.681,5.73,5.71,0.0057,464,226
T-BulletDispenser-1x,4296,16.687,5.60,5.60,0.0056,464,226
T-BulletDispenser-1x,4297,16.693,5.91,5.90,0.0059,464,226
T-BulletDispenser-1x,4298,16.698,5.47,5.48,0.0055,464,226
T-BulletDispenser-1x,4299,16.704,5.50,5.49,0.0055,464,226
T-BulletDispenser-1x,4300,16.709,5.55,5.51,0.0055,464,226
T-BulletDispenser-1x,4301,16.715,5.57,5.60,0.0056,464,226
T-BulletDispenser-1x,4302,16.720,5.61,5.60,0.0056,464,226
T-BulletDispenser-1x,4303,16.726,5.51,5.51,0.0055,464,226
T-BulletDispenser-1x,4304,16.731,5.46,5.48,0.0055,464,226
T-BulletDispenser-1x,4305,16.737,5.62,5.60,0.0056,464,226
T-BulletDispenser-1x,4306,16.742,5.28,5.20,0.0053,464,226
T-BulletDispenser-1x,4307,16.748,5.46,5.50,0.0055,464,226
T-BulletDispenser-1x,4308,16.753,5.54,5.58,0.0055,464,226
T-BulletDispenser-1x,4309,16.758,5.17,5.20,0.0052,516,226
T-BulletDispenser-1x,4310,16.763,5.11,5.10,0.0051,464,226
T-BulletDispenser-1x,4311,16.769,5.77,5.71,0.0058,3638,226
T-BulletDispenser-1x,4312,16.775,5.33,5.39,0.0053,464,226
T-BulletDispenser-1x,4313,16.780,5.20,5.19,0.0052,464,226
T-BulletDispenser-1x,4314,16.785,5.12,5.11,0.0051,464,226
T-BulletDispenser-1x,4315,16.790,5.35,5.37,0.0054,464,226
T-BulletDispenser-1x,4316,16.795,5.22,5.21,0.0052,464,226
T-BulletDispenser-1x,4317,16.800,4.77,4.79,0.0048,464,226
T-BulletDispenser-1x,4318,16.805,5.28,5.23,0.0053,464,226
T-BulletDispenser-1x,4319,16.811,5.59,5.59,0.0056,464,226
T-BulletDispenser-1x,4320,16.816,5.30,5.30,0.0053,464,226
T-BulletDispenser-1x,4321,16.822,5.61,5.60,0.0056,464,226
T-BulletDispenser-1x,4322,16.827,5.26,5.29,0.0053,464,226
T-BulletDispenser-1x,4323,16.833,5.31,5.31,0.0053,464,226
T-BulletDispenser-1x,4324,16.839,6.40,6.39,0.0064,464,226
T-BulletDispenser-1x,4325,16.845,6.39,6.40,0.0064,464,226
T-BulletDispenser-1x,4326,16.852,6.44,6.41,0.0064,464,226
T-BulletDispenser-1x,4327,16.858,6.02,5.98,0.0060,464,226
T-BulletDispenser-1x,4328,16.864,6.38,6.41,0.0064,464,226
T-BulletDispenser-1x,4329,16.871,6.37,6.39,0.0064,464,226
T-BulletDispenser-1x,4330,16.876,5.70,5.69,0.0057,464,226
T-BulletDispenser-1x,4331,16.883,6.41,6.42,0.0064,464,226
T-BulletDispenser-1x,4332,16.889,6.30,6.29,0.0063,464,226
T-BulletDispenser-1x,4333,16.895,5.83,5.84,0.0058,464,226
T-BulletDispenser-1x,4334,16.901,6.48,6.44,0.0065,464,226
T-BulletDispenser-1x,4335,16.908,6.51,6.50,0.0065,464,226
T-BulletDispenser-1x,4336,16.913,5.68,5.71,0.0057,464,226
T-BulletDispenser-1x,4337,16.920,6.18,6.18,0.0062,464,226
T-BulletDispenser-1x,4338,16.925,5.72,5.72,0.0057,464,226
T-BulletDispenser-1x,4339,16.931,5.79,5.78,0.0058,464,226
T-BulletDispenser-1x,4340,16.937,6.16,6.11,0.0062,464,226
T-BulletDispenser-1x,4341,16.944,6.37,6.39,0.0064,464,226
T-BulletDispenser-1x,4342,16.950,5.99,6.00,0.0060,464,226
T-BulletDispenser-1x,4343,16.955,5.80,5.78,0.0058,464,226
T-BulletDispenser-1x,4344,16.961,5.63,5.61,0.0056,516,226
T-BulletDispenser-1x,4345,16.967,5.58,5.59,0.0056,464,226
T-BulletDispenser-1x,4346,16.972,5.58,5.60,0.0056,464,226
T-BulletDispenser-1x,4347,16.978,5.81,5.80,0.0058,464,226
T-BulletDispenser-1x,4348,16.984,5.46,5.48,0.0055,464,226
T-BulletDispenser-1x,4349,16.989,5.63,5.63,0.0056,464,226
T-BulletDispenser-1x,4350,16.995,5.82,5.79,0.0058,464,226
T-BulletDispenser-1x,4351,17.001,5.79,5.79,0.0058,464,226
T-BulletDispenser-1x,4352,17.006,5.65,5.61,0.0056,464,226
T-BulletDispenser-1x,4353,17.012,5.20,5.26,0.0052,464,226
T-BulletDispenser-1x,4354,17.017,5.66,5.61,0.0057,464,226
T-BulletDispenser-1x,4355,17.023,5.73,5.70,0.0057,464,226
T-BulletDispenser-1x,4356,17.028,5.31,5.39,0.0053,464,226
T-BulletDispenser-1x,4357,17.034,5.21,5.19,0.0052,464,226
T-BulletDispenser-1x,4358,17.039,5.84,5.82,0.0058,464,226
T-BulletDispenser-1x,4359,17.045,5.51,5.49,0.0055,464,226
T-BulletDispenser-1x,4360,17.051,5.71,5.71,0.0057,464,226
T-BulletDispenser-1x,4361,17.056,5.38,5.39,0.0054,464,226
T-BulletDispenser-1x,4362,17.061,5.55,5.58,0.0056,464,226
T-BulletDispenser-1x,4363,17.067,5.34,5.32,0.0053,464,226
T-BulletDispenser-1x,4364,17.073,5.72,5.70,0.0057,464,226
T-BulletDispenser-1x,4365,17.078,5.81,5.81,0.0058,464,226
T-BulletDispenser-1x,4366,17.084,5.35,5.38,0.0054,464,226
T-BulletDispenser-1x,4367,17.089,5.61,5.59,0.0056,464,226
T-BulletDispenser-1x,4368,17.095,5.70,5.69,0.0057,464,226
T-BulletDispenser-1x,4369,17.100,5.36,5.32,0.0054,464,226
T-BulletDispenser-1x,4370,17.106,5.84,5.87,0.0058,464,226
T-BulletDispenser-1x,4371,17.112,5.73,5.72,0.0057,464,226
T-BulletDispenser-1x,4372,17.117,5.38,5.39,0.0054,464,226
T-BulletDispenser-1x,4373,17.123,5.35,5.31,0.0053,464,226
T-BulletDispenser-1x,4374,17.128,5.26,5.27,0.0053,464,226
T-BulletDispenser-1x,4375,17.134,5.68,5.69,0.0057,464,226
T-BulletDispenser-1x,4376,17.140,6.70,6.70,0.0067,464,226
T-BulletDispenser-1x,4377,17.147,6.71,6.71,0.0067,464,226
T-BulletDispenser-1x,4378,17.153,6.38,6.40,0.0064,464,226
T-BulletDispenser-1x,4379,17.160,6.10,6.08,0.0061,464,226
T-BulletDispenser-1x,4380,17.166,6.43,6.43,0.0064,516,226
T-BulletDispenser-1x,4381,17.172,6.39,6.38,0.0064,464,226
T-BulletDispenser-1x,4382,17.178,5.89,5.90,0.0059,464,226
T-BulletDispenser-1x,4383,17.184,5.96,5.99,0.0060,464,226
T-BulletDispenser-1x,4384,17.191,6.37,6.32,0.0064,464,226
T-BulletDispenser-1x,4385,17.197,5.95,5.97,0.0059,464,226
T-BulletDispenser-1x,4386,17.203,6.21,6.19,0.0062,464,226
T-BulletDispenser-1x,4387,17.209,6.60,6.60,0.0066,464,226
T-BulletDispenser-1x,4388,17.215,6.00,6.00,0.0060,464,226
T-BulletDispenser-1x,4389,17.222,6.32,6.30,0.0063,464,226
T-BulletDispenser-1x,4390,17.228,6.19,6.21,0.0062,464,226
T-BulletDispenser-1x,4391,17.234,6.01,6.00,0.0060,464,226
T-BulletDispenser-1x,4392,17.240,6.16,6.09,0.0062,464,226
T-BulletDispenser-1x,4393,17.246,5.93,5.99,0.0059,464,226
T-BulletDispenser-1x,4394,17.252,6.37,6.33,0.0064,464,226
T-BulletDispenser-1x,4395,17.258,5.72,5.77,0.0057,464,226
T-BulletDispenser-1x,4396,17.264,5.71,5.69,0.0057,464,226
T-BulletDispenser-1x,4397,17.269,5.39,5.40,0.0054,464,226
T-BulletDispenser-1x,4398,17.275,5.49,5.51,0.0055,464,226
T-BulletDispenser-1x,4399,17.280,5.69,5.68,0.0057,464,226
T-BulletDispenser-1x,4400,17.286,5.31,5.30,0.0053,464,226
T-BulletDispenser-1x,4401,17.291,5.50,5.51,0.0055,464,226
T-BulletDispenser-1x,4402,17.296,5.31,5.30,0.0053,464,226
T-BulletDispenser-1x,4403,17.302,5.39,5.39,0.0054,464,226
T-BulletDispenser-1x,4404,17.307,5.60,5.61,0.0056,464,226
T-BulletDispenser-1x,4405,17.313,5.19,5.18,0.0052,464,226
T-BulletDispenser-1x,4406,17.318,5.73,5.71,0.0057,464,226
T-BulletDispenser-1x,4407,17.324,5.58,5.59,0.0056,464,226
T-BulletDispenser-1x,4408,17.329,5.49,5.48,0.0055,464,226
T-BulletDispenser-1x,4409,17.335,5.65,5.63,0.0056,464,226
T-BulletDispenser-1x,4410,17.341,5.72,5.71,0.0057,464,226
T-BulletDispenser-1x,4411,17.346,5.45,5.48,0.0054,464,226
T-BulletDispenser-1x,4412,17.352,5.61,5.59,0.0056,464,226
T-BulletDispenser-1x,4413,17.358,5.81,5.81,0.0058,464,226
T-BulletDispenser-1x,4414,17.363,5.50,5.49,0.0055,464,226
T-BulletDispenser-1x,4415,17.369,5.52,5.49,0.0055,516,226
T-BulletDispenser-1x,4416,17.374,5.48,5.50,0.0055,464,226
T-BulletDispenser-1x,4417,17.380,5.53,5.54,0.0055,464,226
T-BulletDispenser-1x,4418,17.385,5.43,5.43,0.0054,464,226
T-BulletDispenser-1x,4419,17.391,5.65,5.62,0.0056,464,226
T-BulletDispenser-1x,4420,17.396,5.30,5.30,0.0053,464,226
T-BulletDispenser-1x,4421,17.401,5.29,5.28,0.0053,464,226
T-BulletDispenser-1x,4422,17.407,5.59,5.61,0.0056,464,226
T-BulletDispenser-1x,4423,17.413,5.87,5.82,0.0059,464,226
T-BulletDispenser-1x,4424,17.418,5.33,5.37,0.0053,464,226
T-BulletDispenser-1x,4425,17.423,5.28,5.21,0.0053,464,226
T-BulletDispenser-1x,4426,17.430,6.56,6.60,0.0066,464,226
T-BulletDispenser-1x,4427,17.436,6.47,6.49,0.0065,464,226
T-BulletDispenser-1x,4428,17.443,6.60,6.60,0.0066,464,226
T-BulletDispenser-1x,4429,17.449,6.24,6.20,0.0062,464,226
T-BulletDispenser-1x,4430,17.455,5.86,5.91,0.0059,464,226
T-BulletDispenser-1x,4431,17.462,6.72,6.69,0.0067,3638,226
T-BulletDispenser-1x,4432,17.468,6.31,6.30,0.0063,464,226
T-BulletDispenser-1x,4433,17.474,5.98,6.01,0.0060,464,226
T-BulletDispenser-1x,4434,17.480,6.30,6.29,0.0063,464,226
T-BulletDispenser-1x,4435,17.487,6.11,6.11,0.0061,464,226
T-BulletDispenser-1x,4436,17.492,5.86,5.87,0.0059,464,226
T-BulletDispenser-1x,4437,17.499,6.23,6.20,0.0062,464,226
T-BulletDispenser-1x,4438,17.505,6.71,6.71,0.0067,464,226
T-BulletDispenser-1x,4439,17.511,5.98,5.99,0.0060,464,226
T-BulletDispenser-1x,4440,17.518,6.44,6.41,0.0064,464,226
T-BulletDispenser-1x,4441,17.524,6.07,6.08,0.0061,464,226
T-BulletDispenser-1x,4442,17.530,6.09,6.12,0.0061,464,226
T-BulletDispenser-1x,4443,17.536,6.09,6.09,0.0061,464,226
T-BulletDispenser-1x,4444,17.542,5.78,5.78,0.0058,464,226
T-BulletDispenser-1x,4445,17.547,5.66,5.62,0.0057,464,226
T-BulletDispenser-1x,4446,17.553,5.96,5.98,0.0060,464,226
T-BulletDispenser-1x,4447,17.560,6.13,6.10,0.0061,464,226
T-BulletDispenser-1x,4448,17.565,5.57,5.61,0.0056,464,226
T-BulletDispenser-1x,4449,17.571,5.51,5.50,0.0055,516,226
T-BulletDispenser-1x,4450,17.576,5.38,5.41,0.0054,464,226
T-BulletDispenser-1x,4451,17.582,5.62,5.52,0.0056,464,226
T-BulletDispenser-1x,4452,17.588,6.28,6.36,0.0063,464,226
T-BulletDispenser-1x,4453,17.594,5.84,5.82,0.0058,464,226
T-BulletDispenser-1x,4454,17.599,5.57,5.59,0.0056,464,226
T-BulletDispenser-1x,4455,17.605,6.01,6.00,0.0060,464,226
T-BulletDispenser-1x,4456,17.611,5.51,5.50,0.0055,464,226
T-BulletDispenser-1x,4457,17.616,5.47,5.49,0.0055,464,226
T-BulletDispenser-1x,4458,17.622,5.61,5.59,0.0056,464,226
T-BulletDispenser-1x,4459,17.627,5.38,5.32,0.0054,464,226
T-BulletDispenser-1x,4460,17.633,5.38,5.47,0.0054,464,226
T-BulletDispenser-1x,4461,17.638,5.31,5.29,0.0053,464,226
T-BulletDispenser-1x,4462,17.644,5.51,5.51,0.0055,464,226
T-BulletDispenser-1x,4463,17.649,5.41,5.40,0.0054,464,226
T-BulletDispenser-1x,4464,17.655,5.54,5.51,0.0055,464,226
T-BulletDispenser-1x,4465,17.660,5.56,5.58,0.0056,464,226
T-BulletDispenser-1x,4466,17.665,5.34,5.32,0.0053,464,226
T-BulletDispenser-1x,4467,17.671,5.38,5.39,0.0054,464,226
T-BulletDispenser-1x,4468,17.676,5.70,5.70,0.0057,464,226
T-BulletDispenser-1x,4469,17.682,5.80,5.80,0.0058,464,226
T-BulletDispenser-1x,4470,17.688,5.30,5.30,0.0053,464,226
T-BulletDispenser-1x,4471,17.693,5.71,5.69,0.0057,464,226
T-BulletDispenser-1x,4472,17.699,5.79,5.79,0.0058,464,226
T-BulletDispenser-1x,4473,17.705,5.51,5.51,0.0055,464,226
T-BulletDispenser-1x,4474,17.710,5.10,5.10,0.0051,464,226
T-BulletDispenser-1x,4475,17.715,5.39,5.39,0.0054,464,226
T-BulletDispenser-1x,4476,17.721,5.50,5.50,0.0055,464,226
T-BulletDispenser-1x,4477,17.726,5.16,5.10,0.0052,464,226
T-BulletDispenser-1x,4478,17.732,6.50,6.57,0.0065,464,226
T-BulletDispenser-1x,4479,17.739,6.23,6.21,0.0062,464,226
T-BulletDispenser-1x,4480,17.745,6.49,6.49,0.0065,464,226
T-BulletDispenser-1x,4481,17.751,6.33,6.31,0.0063,464,226
T-BulletDispenser-1x,4482,17.757,6.08,6.10,0.0061,464,226
T-BulletDispenser-1x,4483,17.764,6.31,6.30,0.0063,464,226
T-BulletDispenser-1x,4484,17.770,6.39,6.40,0.0064,464,226
T-BulletDispenser-1x,4485,17.776,6.30,6.20,0.0063,516,226
T-BulletDispenser-1x,4486,17.783,6.28,6.37,0.0063,464,226
T-BulletDispenser-1x,4487,17.789,5.91,5.92,0.0059,464,226
T-BulletDispenser-1x,4488,17.794,5.90,5.89,0.0059,464,226
T-BulletDispenser-1x,4489,17.801,6.41,6.41,0.0064,464,226
T-BulletDispenser-1x,4490,17.807,6.49,6.49,0.0065,464,226
T-BulletDispenser-1x,4491,17.814,6.41,6.39,0.0064,464,226
T-BulletDispenser-1x,4492,17.820,6.52,6.51,0.0065,464,226
T-BulletDispenser-1x,4493,17.827,6.32,6.30,0.0063,464,226
T-BulletDispenser-1x,4494,17.833,6.26,6.31,0.0063,464,226
T-BulletDispenser-1x,4495,17.839,6.20,6.18,0.0062,464,226
T-BulletDispenser-1x,4496,17.845,5.69,5.71,0.0057,464,226
T-BulletDispenser-1x,4497,17.850,5.51,5.49,0.0055,464,226
T-BulletDispenser-1x,4498,17.855,5.20,5.20,0.0052,464,226
T-BulletDispenser-1x,4499,17.861,5.69,5.69,0.0057,464,226
T-BulletDispenser-1x,4500,17.867,5.69,5.69,0.0057,464,226
T-BulletDispenser-1x,4501,17.873,5.93,5.91,0.0059,464,226
T-BulletDispenser-1x,4502,17.878,5.62,5.61,0.0056,464,226
T-BulletDispenser-1x,4503,17.883,5.12,5.15,0.0051,464,226
T-BulletDispenser-1x,4504,17.889,5.38,5.34,0.0054,464,226
T-BulletDispenser-1x,4505,17.894,5.21,5.18,0.0052,464,226
T-BulletDispenser-1x,4506,17.900,5.86,5.91,0.0059,464,226
T-BulletDispenser-1x,4507,17.905,5.38,5.38,0.0054,464,226
T-BulletDispenser-1x,4508,17.911,5.61,5.62,0.0056,464,226
T-BulletDispenser-1x,4509,17.916,5.47,5.48,0.0055,464,226
T-BulletDispenser-1x,4510,17.922,5.52,5.51,0.0055,464,226
T-BulletDispenser-1x,4511,17.928,5.84,5.81,0.0058,464,226
T-BulletDispenser-1x,4512,17.934,5.75,5.78,0.0058,464,226
T-BulletDispenser-1x,4513,17.939,5.78,5.73,0.0058,464,226
T-BulletDispenser-1x,4514,17.945,5.74,5.78,0.0057,464,226
T-BulletDispenser-1x,4515,17.950,5.26,5.27,0.0053,464,226
T-BulletDispenser-1x,4516,17.956,5.72,5.70,0.0057,464,226
T-BulletDispenser-1x,4517,17.962,5.50,5.50,0.0055,464,226
T-BulletDispenser-1x,4518,17.967,5.17,5.19,0.0052,464,226
T-BulletDispenser-1x,4519,17.972,5.02,5.01,0.0050,464,226
T-BulletDispenser-1x,4520,17.977,5.22,5.20,0.0052,516,226
T-BulletDispenser-1x,4521,17.982,5.25,5.28,0.0053,464,226
T-BulletDispenser-1x,4522,17.988,5.49,5.43,0.0055,464,226
T-BulletDispenser-1x,4523,17.993,5.55,5.58,0.0055,464,226
T-BulletDispenser-1x,4524,17.999,5.42,5.40,0.0054,464,226
T-BulletDispenser-1x,4525,18.004,5.40,5.41,0.0054,464,226
T-BulletDispenser-1x,4526,18.010,5.48,5.29,0.0055,464,226
T-BulletDispenser-1x,4527,18.015,5.34,5.51,0.0053,464,226
T-BulletDispenser-1x,4528,18.020,5.56,5.58,0.0056,464,226
T-BulletDispenser-1x,4529,18.026,5.82,5.80,0.0058,464,226
T-BulletDispenser-1x,4530,18.032,6.15,6.18,0.0061,464,226
T-BulletDispenser-1x,4531,18.039,6.56,6.52,0.0066,464,226
T-BulletDispenser-1x,4532,18.045,6.18,6.20,0.0062,464,226
T-BulletDispenser-1x,4533,18.051,6.15,6.12,0.0062,464,226
T-BulletDispenser-1x,4534,18.058,6.27,6.28,0.0063,464,226
T-BulletDispenser-1x,4535,18.064,6.82,6.79,0.0068,464,226
T-BulletDispenser-1x,4536,18.071,6.17,6.21,0.0062,464,226
T-BulletDispenser-1x,4537,18.077,6.01,5.99,0.0060,464,226
T-BulletDispenser-1x,4538,18.083,6.17,6.19,0.0062,464,226
T-BulletDispenser-1x,4539,18.089,6.06,6.02,0.0061,464,226
T-BulletDispenser-1x,4540,18.095,6.20,6.19,0.0062,464,226
T-BulletDispenser-1x,4541,18.101,6.27,6.28,0.0063,464,226
T-BulletDispenser-1x,4542,18.107,6.08,6.10,0.0061,464,226
T-BulletDispenser-1x,4543,18.114,6.17,6.12,0.0062,464,226
T-BulletDispenser-1x,4544,18.120,6.24,6.28,0.0062,464,226
T-BulletDispenser-1x,4545,18.126,5.95,5.93,0.0059,464,226
T-BulletDispenser-1x,4546,18.132,6.43,6.46,0.0064,464,226
T-BulletDispenser-1x,4547,18.138,5.83,5.81,0.0058,464,226
T-BulletDispenser-1x,4548,18.144,5.90,5.90,0.0059,464,226
T-BulletDispenser-1x,4549,18.150,5.69,5.70,0.0057,464,226
T-BulletDispenser-1x,4550,18.155,5.39,5.40,0.0054,464,226
T-BulletDispenser-1x,4551,18.161,5.62,5.60,0.0056,3638,226
T-BulletDispenser-1x,4552,18.166,5.78,5.79,0.0058,464,226
T-BulletDispenser-1x,4553,18.171,4.96,4.99,0.0050,464,226
T-BulletDispenser-1x,4554,18.177,5.55,5.50,0.0056,464,226
T-BulletDispenser-1x,4555,18.182,5.58,5.61,0.0056,516,226
T-BulletDispenser-1x,4556,18.188,5.20,5.19,0.0052,464,226
T-BulletDispenser-1x,4557,18.193,5.61,5.60,0.0056,464,226
T-BulletDispenser-1x,4558,18.199,5.48,5.49,0.0055,464,226
T-BulletDispenser-1x,4559,18.204,5.45,5.40,0.0054,464,226
T-BulletDispenser-1x,4560,18.210,5.76,5.79,0.0058,464,226
T-BulletDispenser-1x,4561,18.216,5.63,5.61,0.0056,464,226
T-BulletDispenser-1x,4562,18.221,5.79,5.79,0.0058,464,226
T-BulletDispenser-1x,4563,18.227,5.51,5.50,0.0055,464,226
T-BulletDispenser-1x,4564,18.233,5.68,5.70,0.0057,464,226
T-BulletDispenser-1x,4565,18.238,5.42,5.39,0.0054,464,226
T-BulletDispenser-1x,4566,18.243,5.40,5.40,0.0054,464,226
T-BulletDispenser-1x,4567,18.249,5.68,5.69,0.0057,464,226
T-BulletDispenser-1x,4568,18.255,5.48,5.41,0.0055,464,226
T-BulletDispenser-1x,4569,18.260,5.66,5.71,0.0057,464,226
T-BulletDispenser-1x,4570,18.266,5.38,5.39,0.0054,464,226
T-BulletDispenser-1x,4571,18.271,5.60,5.60,0.0056,464,226
T-BulletDispenser-1x,4572,18.277,5.60,5.60,0.0056,464,226
T-BulletDispenser-1x,4573,18.282,5.69,5.70,0.0057,464,226
T-BulletDispenser-1x,4574,18.288,5.27,5.30,0.0053,464,226
T-BulletDispenser-1x,4575,18.293,5.42,5.39,0.0054,464,226
T-BulletDispenser-1x,4576,18.298,5.21,5.21,0.0052,464,226
T-BulletDispenser-1x,4577,18.303,4.90,4.90,0.0049,464,226
T-BulletDispenser-1x,4578,18.309,5.30,5.30,0.0053,464,226
T-BulletDispenser-1x,4579,18.314,5.74,5.72,0.0057,464,226
T-BulletDispenser-1x,4580,18.320,5.70,5.68,0.0057,464,226
T-BulletDispenser-1x,4581,18.327,6.79,6.81,0.0068,16880,226
T-BulletDispenser-1x,4582,18.333,6.45,6.48,0.0065,464,226
T-BulletDispenser-1x,4583,18.340,6.45,6.42,0.0065,464,226
T-BulletDispenser-1x,4584,18.346,6.49,6.48,0.0065,464,226
T-BulletDispenser-1x,4585,18.353,6.35,6.30,0.0064,464,226
T-BulletDispenser-1x,4586,18.358,5.80,5.88,0.0058,464,226
T-BulletDispenser-1x,4587,18.364,5.76,5.72,0.0058,464,226
T-BulletDispenser-1x,4588,18.370,6.27,6.29,0.0063,464,226
T-BulletDispenser-1x,4589,18.377,6.32,6.31,0.0063,464,226
T-BulletDispenser-1x,4590,18.383,6.06,6.09,0.0061,464,226
T-BulletDispenser-1x,4591,18.389,6.26,6.22,0.0063,516,226
T-BulletDispenser-1x,4592,18.395,6.27,6.29,0.0063,464,226
T-BulletDispenser-1x,4593,18.402,6.78,6.71,0.0068,464,226
T-BulletDispenser-1x,4594,18.409,7.09,7.09,0.0071,464,226
T-BulletDispenser-1x,4595,18.417,7.59,7.59,0.0076,464,226
T-BulletDispenser-1x,4596,18.424,7.60,7.60,0.0076,464,226
T-BulletDispenser-1x,4597,18.432,7.27,7.28,0.0073,464,226
T-BulletDispenser-1x,4598,18.439,7.23,7.20,0.0072,464,226
T-BulletDispenser-1x,4599,18.445,6.56,6.59,0.0066,464,226
T-BulletDispenser-1x,4600,18.452,6.19,6.18,0.0062,464,226
T-BulletDispenser-1x,4601,18.458,5.95,5.92,0.0059,464,226
T-BulletDispenser-1x,4602,18.464,6.17,6.19,0.0062,464,226
T-BulletDispenser-1x,4603,18.469,5.69,5.68,0.0057,464,226
T-BulletDispenser-1x,4604,18.475,5.49,5.51,0.0055,464,226
T-BulletDispenser-1x,4605,18.480,5.50,5.50,0.0055,464,226
T-BulletDispenser-1x,4606,18.486,5.34,5.29,0.0053,464,226
T-BulletDispenser-1x,4607,18.491,5.33,5.39,0.0053,464,226
T-BulletDispenser-1x,4608,18.497,5.62,5.60,0.0056,464,226
T-BulletDispenser-1x,4609,18.502,5.68,5.69,0.0057,464,226
T-BulletDispenser-1x,4610,18.508,5.41,5.41,0.0054,464,226
T-BulletDispenser-1x,4611,18.514,5.75,5.71,0.0057,464,226
T-BulletDispenser-1x,4612,18.519,5.90,5.90,0.0059,464,226
T-BulletDispenser-1x,4613,18.525,5.87,5.89,0.0059,464,226
T-BulletDispenser-1x,4614,18.531,5.96,5.90,0.0060,464,226
T-BulletDispenser-1x,4615,18.537,5.42,5.48,0.0054,464,226
T-BulletDispenser-1x,4616,18.542,5.45,5.42,0.0054,464,226
T-BulletDispenser-1x,4617,18.548,5.58,5.59,0.0056,464,226
T-BulletDispenser-1x,4618,18.553,5.58,5.59,0.0056,464,226
T-BulletDispenser-1x,4619,18.559,5.44,5.41,0.0054,464,226
T-BulletDispenser-1x,4620,18.564,5.78,5.78,0.0058,464,226
T-BulletDispenser-1x,4621,18.570,5.57,5.60,0.0056,464,226
T-BulletDispenser-1x,4622,18.576,5.90,5.84,0.0059,464,226
T-BulletDispenser-1x,4623,18.581,5.33,5.38,0.0053,464,226
T-BulletDispenser-1x,4624,18.587,5.48,5.48,0.0055,464,226
T-BulletDispenser-1x,4625,18.592,5.35,5.32,0.0054,516,226
T-BulletDispenser-1x,4626,18.598,5.65,5.67,0.0056,464,226
T-BulletDispenser-1x,4627,18.603,5.71,5.71,0.0057,464,226
T-BulletDispenser-1x,4628,18.609,5.34,5.31,0.0053,464,226
T-BulletDispenser-1x,4629,18.614,5.57,5.59,0.0056,464,226
T-BulletDispenser-1x,4630,18.620,5.59,5.60,0.0056,464,226
T-BulletDispenser-1x,4631,18.627,6.65,6.61,0.0066,464,226
T-BulletDispenser-1x,4632,18.633,6.51,6.51,0.0065,464,226
T-BulletDispenser-1x,4633,18.639,6.39,6.39,0.0064,464,226
T-BulletDispenser-1x,4634,18.646,6.40,6.38,0.0064,464,226
T-BulletDispenser-1x,4635,18.653,6.83,6.82,0.0068,464,226
T-BulletDispenser-1x,4636,18.660,6.84,6.86,0.0068,464,226
T-BulletDispenser-1x,4637,18.666,6.41,6.41,0.0064,464,226
T-BulletDispenser-1x,4638,18.672,6.21,6.20,0.0062,464,226
T-BulletDispenser-1x,4639,18.678,6.32,6.30,0.0063,464,226
T-BulletDispenser-1x,4640,18.685,6.33,6.37,0.0063,464,226
T-BulletDispenser-1x,4641,18.691,6.34,6.33,0.0063,464,226
T-BulletDispenser-1x,4642,18.697,6.29,6.28,0.0063,464,226
T-BulletDispenser-1x,4643,18.703,5.78,5.79,0.0058,464,226
T-BulletDispenser-1x,4644,18.710,6.31,6.30,0.0063,464,226
T-BulletDispenser-1x,4645,18.716,6.10,6.09,0.0061,464,226
T-BulletDispenser-1x,4646,18.722,6.12,6.12,0.0061,464,226
T-BulletDispenser-1x,4647,18.728,5.80,5.78,0.0058,464,226
T-BulletDispenser-1x,4648,18.733,5.77,5.81,0.0058,464,226
T-BulletDispenser-1x,4649,18.739,5.52,5.51,0.0055,464,226
T-BulletDispenser-1x,4650,18.745,5.89,5.88,0.0059,464,226
T-BulletDispenser-1x,4651,18.750,5.51,5.51,0.0055,464,226
T-BulletDispenser-1x,4652,18.756,5.60,5.59,0.0056,464,226
T-BulletDispenser-1x,4653,18.762,5.69,5.70,0.0057,464,226
T-BulletDispenser-1x,4654,18.767,5.70,5.69,0.0057,464,226
T-BulletDispenser-1x,4655,18.773,5.59,5.59,0.0056,464,226
T-BulletDispenser-1x,4656,18.780,7.09,7.10,0.0071,464,226
T-BulletDispenser-1x,4657,18.785,5.46,5.41,0.0055,464,226
T-BulletDispenser-1x,4658,18.791,5.78,5.79,0.0058,464,226
T-BulletDispenser-1x,4659,18.797,5.42,5.41,0.0054,516,226
T-BulletDispenser-1x,4660,18.802,5.57,5.58,0.0056,464,226
T-BulletDispenser-1x,4661,18.808,5.59,5.60,0.0056,464,226
T-BulletDispenser-1x,4662,18.813,5.50,5.50,0.0055,464,226
T-BulletDispenser-1x,4663,18.819,5.35,5.29,0.0054,464,226
T-BulletDispenser-1x,4664,18.824,5.56,5.62,0.0056,464,226
T-BulletDispenser-1x,4665,18.830,5.55,5.55,0.0056,464,226
T-BulletDispenser-1x,4666,18.835,5.60,5.60,0.0056,464,226
T-BulletDispenser-1x,4667,18.841,5.25,5.23,0.0053,464,226
T-BulletDispenser-1x,4668,18.846,5.52,5.51,0.0055,464,226
T-BulletDispenser-1x,4669,18.851,5.36,5.37,0.0054,464,226
T-BulletDispenser-1x,4670,18.857,5.08,5.10,0.0051,464,226
T-BulletDispenser-1x,4671,18.862,5.75,5.70,0.0057,3638,226
T-BulletDispenser-1x,4672,18.868,5.60,5.61,0.0056,464,226
T-BulletDispenser-1x,4673,18.873,5.20,5.21,0.0052,464,226
T-BulletDispenser-1x,4674,18.878,5.08,5.08,0.0051,464,226
T-BulletDispenser-1x,4675,18.884,5.52,5.50,0.0055,464,226
T-BulletDispenser-1x,4676,18.889,5.41,5.41,0.0054,464,226
T-BulletDispenser-1x,4677,18.894,5.29,5.29,0.0053,464,226
T-BulletDispenser-1x,4678,18.900,5.50,5.49,0.0055,464,226
T-BulletDispenser-1x,4679,18.906,5.90,5.91,0.0059,464,226
T-BulletDispenser-1x,4680,18.911,5.48,5.49,0.0055,464,226
T-BulletDispenser-1x,4681,18.917,5.31,5.30,0.0053,464,226
T-BulletDispenser-1x,4682,18.922,5.50,5.50,0.0055,464,226
T-BulletDispenser-1x,4683,18.928,5.64,5.60,0.0056,464,226
T-BulletDispenser-1x,4684,18.933,5.53,5.57,0.0055,464,226
T-BulletDispenser-1x,4685,18.938,5.13,5.11,0.0051,464,226
T-BulletDispenser-1x,4686,18.944,5.39,5.39,0.0054,464,226
T-BulletDispenser-1x,4687,18.949,5.73,5.72,0.0057,464,226
T-BulletDispenser-1x,4688,18.955,5.38,5.39,0.0054,464,226
T-BulletDispenser-1x,4689,18.960,5.40,5.39,0.0054,464,226
T-BulletDispenser-1x,4690,18.965,5.17,5.19,0.0052,464,226
T-BulletDispenser-1x,4691,18.971,5.35,5.32,0.0053,464,226
T-BulletDispenser-1x,4692,18.976,5.57,5.58,0.0056,464,226
T-BulletDispenser-1x,4693,18.982,5.19,5.19,0.0052,464,226
T-BulletDispenser-1x,4694,18.987,5.24,5.22,0.0052,464,226
T-BulletDispenser-1x,4695,18.992,5.20,5.18,0.0052,464,226
T-BulletDispenser-1x,4696,18.997,5.49,5.51,0.0055,516,226
T-BulletDispenser-1x,4697,19.003,5.42,5.40,0.0054,464,226
T-BulletDispenser-1x,4698,19.008,5.03,5.08,0.0050,464,226
T-BulletDispenser-1x,4699,19.014,5.77,5.71,0.0058,464,226
T-BulletDispenser-1x,4700,19.019,5.70,5.70,0.0057,464,226
T-BulletDispenser-1x,4701,19.025,5.36,5.39,0.0054,464,226
T-BulletDispenser-1x,4702,19.030,4.88,4.89,0.0049,464,226
T-BulletDispenser-1x,4703,19.034,4.82,4.80,0.0048,464,226
T-BulletDispenser-1x,4704,19.039,5.03,5.00,0.0050,464,226
T-BulletDispenser-1x,4705,19.044,4.84,4.81,0.0048,464,226
T-BulletDispenser-1x,4706,19.049,5.08,5.10,0.0051,464,226
T-BulletDispenser-1x,4707,19.054,4.80,4.78,0.0048,464,226
T-BulletDispenser-1x,4708,19.059,5.30,5.30,0.0053,464,226
T-BulletDispenser-1x,4709,19.064,4.90,4.90,0.0049,464,226
T-BulletDispenser-1x,4710,19.069,5.08,5.10,0.0051,464,226
T-BulletDispenser-1x,4711,19.074,4.79,4.79,0.0048,464,226
T-BulletDispenser-1x,4712,19.080,5.42,5.43,0.0054,464,226
T-BulletDispenser-1x,4713,19.085,4.89,4.87,0.0049,464,226
T-BulletDispenser-1x,4714,19.090,5.01,5.01,0.0050,464,226
T-BulletDispenser-1x,4715,19.094,4.74,4.69,0.0047,464,226
T-BulletDispenser-1x,4716,19.099,4.84,4.89,0.0048,464,226
T-BulletDispenser-1x,4717,19.104,4.62,4.59,0.0046,464,226
T-BulletDispenser-1x,4718,19.109,5.32,5.29,0.0053,464,226
T-BulletDispenser-1x,4719,19.114,5.03,5.02,0.0050,464,226
T-BulletDispenser-1x,4720,19.119,4.78,4.79,0.0048,464,226
T-BulletDispenser-1x,4721,19.124,4.90,4.90,0.0049,464,226
T-BulletDispenser-1x,4722,19.129,4.76,4.77,0.0048,464,226
T-BulletDispenser-1x,4723,19.133,4.80,4.81,0.0048,464,226
T-BulletDispenser-1x,4724,19.138,4.71,4.69,0.0047,464,226
T-BulletDispenser-1x,4725,19.143,5.09,5.09,0.0051,464,226
T-BulletDispenser-1x,4726,19.148,4.93,4.91,0.0049,464,226
T-BulletDispenser-1x,4727,19.153,4.56,4.59,0.0046,464,226
T-BulletDispenser-1x,4728,19.158,5.01,5.01,0.0050,464,226
T-BulletDispenser-1x,4729,19.163,5.35,5.30,0.0054,464,226
T-BulletDispenser-1x,4730,19.168,4.53,4.60,0.0045,464,226
T-BulletDispenser-1x,4731,19.172,4.51,4.48,0.0045,464,226
T-BulletDispenser-1x,4732,19.177,4.81,4.81,0.0048,464,226
T-BulletDispenser-1x,4733,19.182,4.89,4.89,0.0049,464,226
T-BulletDispenser-1x,4734,19.186,4.59,4.60,0.0046,464,226
T-BulletDispenser-1x,4735,19.191,4.59,4.60,0.0046,464,226
T-BulletDispenser-1x,4736,19.196,4.64,4.61,0.0046,464,226
T-BulletDispenser-1x,4737,19.200,4.45,4.48,0.0045,516,226
T-BulletDispenser-1x,4738,19.205,4.47,4.42,0.0045,464,226
T-BulletDispenser-1x,4739,19.209,4.74,4.78,0.0047,464,226
T-BulletDispenser-1x,4740,19.213,4.09,4.11,0.0041,464,226
T-BulletDispenser-1x,4741,19.218,4.73,4.69,0.0047,464,226
T-BulletDispenser-1x,4742,19.223,5.00,5.01,0.0050,464,226
T-BulletDispenser-1x,4743,19.228,4.85,4.82,0.0048,464,226
T-BulletDispenser-1x,4744,19.232,4.33,4.36,0.0043,464,226
T-BulletDispenser-1x,4745,19.237,4.55,4.53,0.0045,464,226
T-BulletDispenser-1x,4746,19.241,4.68,4.69,0.0047,464,226
T-BulletDispenser-1x,4747,19.246,4.85,4.82,0.0049,464,226
T-BulletDispenser-1x,4748,19.250,4.12,4.15,0.0041,464,226
T-BulletDispenser-1x,4749,19.255,4.23,4.21,0.0042,464,226
T-BulletDispenser-1x,4750,19.259,4.29,4.30,0.0043,464,226
T-BulletDispenser-1x,4751,19.263,4.54,4.51,0.0045,464,226
T-BulletDispenser-1x,4752,19.268,4.59,4.59,0.0046,464,226
T-BulletDispenser-1x,4753,19.273,4.77,4.79,0.0048,464,226
T-BulletDispenser-1x,4754,19.277,4.56,4.51,0.0046,464,226
T-BulletDispenser-1x,4755,19.282,4.44,4.48,0.0044,464,226
T-BulletDispenser-1x,4756,19.286,4.41,4.41,0.0044,464,226
T-BulletDispenser-1x,4757,19.290,4.04,3.99,0.0040,464,226
T-BulletDispenser-1x,4758,19.295,4.29,4.31,0.0043,464,226
T-BulletDispenser-1x,4759,19.299,4.60,4.60,0.0046,464,226
T-BulletDispenser-1x,4760,19.304,4.51,4.50,0.0045,464,226
T-BulletDispenser-1x,4761,19.308,4.36,4.38,0.0044,464,226
T-BulletDispenser-1x,4762,19.313,4.53,4.50,0.0045,464,226
T-BulletDispenser-1x,4763,19.317,4.67,4.69,0.0047,464,226
T-BulletDispenser-1x,4764,19.322,4.84,4.72,0.0048,464,226
T-BulletDispenser-1x,4765,19.327,4.76,4.87,0.0048,464,226
T-BulletDispenser-1x,4766,19.331,4.37,4.39,0.0044,464,226
T-BulletDispenser-1x,4767,19.335,3.82,3.81,0.0038,464,226
T-BulletDispenser-1x,4768,19.339,3.68,3.70,0.0037,464,226
T-BulletDispenser-1x,4769,19.343,4.06,4.01,0.0041,464,226
T-BulletDispenser-1x,4770,19.347,4.37,4.39,0.0044,464,226
T-BulletDispenser-1x,4771,19.351,4.32,4.31,0.0043,464,226
T-BulletDispenser-1x,4772,19.355,3.87,3.88,0.0039,464,226
T-BulletDispenser-1x,4773,19.360,4.51,4.50,0.0045,464,226
T-BulletDispenser-1x,4774,19.364,4.60,4.60,0.0046,464,226
T-BulletDispenser-1x,4775,19.369,4.13,4.10,0.0041,464,226
T-BulletDispenser-1x,4776,19.373,4.21,4.19,0.0042,464,226
T-BulletDispenser-1x,4777,19.377,4.24,4.29,0.0042,464,226
T-BulletDispenser-1x,4778,19.381,4.12,4.11,0.0041,464,226
T-BulletDispenser-1x,4779,19.385,4.21,4.18,0.0042,464,226
T-BulletDispenser-1x,4780,19.389,4.09,4.10,0.0041,464,226
T-BulletDispenser-1x,4781,19.393,3.80,3.81,0.0038,464,226
T-BulletDispenser-1x,4782,19.397,3.69,3.69,0.0037,464,226
T-BulletDispenser-1x,4783,19.401,4.05,3.91,0.0040,516,226
T-BulletDispenser-1x,4784,19.405,4.22,4.28,0.0042,464,226
T-BulletDispenser-1x,4785,19.410,4.49,4.50,0.0045,464,226
T-BulletDispenser-1x,4786,19.414,3.92,3.97,0.0039,464,226
T-BulletDispenser-1x,4787,19.418,4.36,4.32,0.0044,464,226
T-BulletDispenser-1x,4788,19.422,4.14,4.10,0.0041,464,226
T-BulletDispenser-1x,4789,19.426,4.03,3.93,0.0040,464,226
T-BulletDispenser-1x,4790,19.430,4.28,4.37,0.0043,464,226
T-BulletDispenser-1x,4791,19.435,4.34,4.38,0.0043,3638,226
T-BulletDispenser-1x,4792,19.439,4.18,4.10,0.0042,464,226
T-BulletDispenser-1x,4793,19.444,4.72,4.79,0.0047,464,226
T-BulletDispenser-1x,4794,19.448,4.11,4.10,0.0041,464,226
T-BulletDispenser-1x,4795,19.452,4.37,4.39,0.0044,464,226
T-BulletDispenser-1x,4796,19.456,3.92,3.91,0.0039,464,226
T-BulletDispenser-1x,4797,19.460,4.20,4.19,0.0042,464,226
T-BulletDispenser-1x,4798,19.464,4.08,4.09,0.0041,464,226
T-BulletDispenser-1x,4799,19.468,4.12,4.10,0.0041,464,226
T-BulletDispenser-1x,4800,19.473,4.12,4.10,0.0041,464,226
T-BulletDispenser-1x,4801,19.477,4.23,4.22,0.0042,464,226
T-BulletDispenser-1x,4802,19.481,3.92,3.95,0.0039,464,226
T-BulletDispenser-1x,4803,19.485,4.29,4.23,0.0043,464,226
T-BulletDispenser-1x,4804,19.489,4.32,4.37,0.0043,464,226
T-BulletDispenser-1x,4805,19.494,4.71,4.70,0.0047,464,226
T-BulletDispenser-1x,4806,19.499,4.51,4.50,0.0045,464,226
T-BulletDispenser-1x,4807,19.503,4.20,4.20,0.0042,464,226
T-BulletDispenser-1x,4808,19.507,3.78,3.80,0.0038,464,226
T-BulletDispenser-1x,4809,19.510,3.90,3.89,0.0039,464,226
T-BulletDispenser-1x,4810,19.515,4.11,4.10,0.0041,464,226
T-BulletDispenser-1x,4811,19.519,3.99,4.00,0.0040,464,226
T-BulletDispenser-1x,4812,19.523,4.17,4.11,0.0042,464,226
T-BulletDispenser-1x,4813,19.527,4.06,4.11,0.0041,464,226
T-BulletDispenser-1x,4814,19.530,3.64,3.66,0.0036,464,226
T-BulletDispenser-1x,4815,19.535,4.44,4.42,0.0044,464,226
T-BulletDispenser-1x,4816,19.538,3.61,3.58,0.0036,464,226
T-BulletDispenser-1x,4817,19.542,3.57,3.61,0.0036,464,226
T-BulletDispenser-1x,4818,19.546,3.57,3.59,0.0036,464,226
T-BulletDispenser-1x,4819,19.549,3.75,3.71,0.0038,464,226
T-BulletDispenser-1x,4820,19.553,3.97,3.98,0.0040,464,226
T-BulletDispenser-1x,4821,19.557,3.81,3.81,0.0038,464,226
T-BulletDispenser-1x,4822,19.561,3.51,3.49,0.0035,464,226
T-BulletDispenser-1x,4823,19.564,3.81,3.81,0.0038,464,226
T-BulletDispenser-1x,4824,19.568,3.99,3.99,0.0040,464,226
T-BulletDispenser-1x,4825,19.572,3.47,3.49,0.0035,464,226
T-BulletDispenser-1x,4826,19.576,3.62,3.61,0.0036,464,226
T-BulletDispenser-1x,4827,19.579,3.80,3.80,0.0038,464,226
T-BulletDispenser-1x,4828,19.583,4.00,4.00,0.0040,464,226
T-BulletDispenser-1x,4829,19.587,3.58,3.60,0.0036,464,226
T-BulletDispenser-1x,4830,19.590,3.53,3.49,0.0035,464,226
T-BulletDispenser-1x,4831,19.594,4.00,4.00,0.0040,464,226
T-BulletDispenser-1x,4832,19.599,4.08,4.00,0.0041,464,226
T-BulletDispenser-1x,4833,19.602,3.94,4.00,0.0039,516,226
T-BulletDispenser-1x,4834,19.606,3.65,3.61,0.0036,464,226
T-BulletDispenser-1x,4835,19.610,4.03,4.08,0.0040,464,226
T-BulletDispenser-1x,4836,19.614,3.80,3.79,0.0038,464,226
T-BulletDispenser-1x,4837,19.618,4.02,4.00,0.0040,464,226
T-BulletDispenser-1x,4838,19.622,3.78,3.81,0.0038,464,226
T-BulletDispenser-1x,4839,19.625,3.46,3.48,0.0035,464,226
T-BulletDispenser-1x,4840,19.628,3.25,3.20,0.0032,464,226
T-BulletDispenser-1x,4841,19.632,3.60,3.62,0.0036,464,226
T-BulletDispenser-1x,4842,19.635,3.39,3.38,0.0034,464,226
T-BulletDispenser-1x,4843,19.639,3.34,3.31,0.0033,464,226
T-BulletDispenser-1x,4844,19.642,3.35,3.39,0.0033,464,226
T-BulletDispenser-1x,4845,19.645,3.38,3.39,0.0034,464,226
T-BulletDispenser-1x,4846,19.648,2.82,2.79,0.0028,464,226
T-BulletDispenser-1x,4847,19.652,3.62,3.62,0.0036,464,226
T-BulletDispenser-1x,4848,19.656,3.61,3.60,0.0036,464,226
T-BulletDispenser-1x,4849,19.659,3.05,3.09,0.0031,464,226
T-BulletDispenser-1x,4850,19.662,3.64,3.59,0.0036,464,226
T-BulletDispenser-1x,4851,19.665,3.18,3.21,0.0032,464,226
T-BulletDispenser-1x,4852,19.668,2.90,2.90,0.0029,464,226
T-BulletDispenser-1x,4853,19.672,3.51,3.49,0.0035,464,226
T-BulletDispenser-1x,4854,19.675,3.22,3.21,0.0032,464,226
T-BulletDispenser-1x,4855,19.678,3.26,3.29,0.0033,464,226
T-BulletDispenser-1x,4856,19.682,3.40,3.38,0.0034,464,226
T-BulletDispenser-1x,4857,19.685,3.09,3.10,0.0031,464,226
T-BulletDispenser-1x,4858,19.688,3.30,3.29,0.0033,464,226
T-BulletDispenser-1x,4859,19.691,3.10,3.11,0.0031,464,226
T-BulletDispenser-1x,4860,19.695,3.61,3.61,0.0036,464,226
T-BulletDispenser-1x,4861,19.698,3.50,3.50,0.0035,464,226
T-BulletDispenser-1x,4862,19.702,3.38,3.38,0.0034,464,226
T-BulletDispenser-1x,4863,19.705,3.00,3.01,0.0030,464,226
T-BulletDispenser-1x,4864,19.708,3.46,3.41,0.0035,464,226
T-BulletDispenser-1x,4865,19.712,3.47,3.49,0.0035,464,226
T-BulletDispenser-1x,4866,19.715,3.60,3.59,0.0036,464,226
T-BulletDispenser-1x,4867,19.719,3.31,3.30,0.0033,464,226
T-BulletDispenser-1x,4868,19.722,3.35,3.38,0.0033,464,226
T-BulletDispenser-1x,4869,19.725,3.10,3.11,0.0031,464,226
T-BulletDispenser-1x,4870,19.728,3.43,3.40,0.0034,464,226
T-BulletDispenser-1x,4871,19.732,3.72,3.70,0.0037,464,226
T-BulletDispenser-1x,4872,19.736,3.57,3.58,0.0036,464,226
T-BulletDispenser-1x,4873,19.739,3.31,3.31,0.0033,464,226
T-BulletDispenser-1x,4874,19.743,4.01,3.99,0.0040,464,226
T-BulletDispenser-1x,4875,19.747,3.66,3.61,0.0037,464,226
T-BulletDispenser-1x,4876,19.750,3.56,3.58,0.0036,464,226
T-BulletDispenser-1x,4877,19.754,3.31,3.30,0.0033,464,226
T-BulletDispenser-1x,4878,19.757,3.64,3.69,0.0036,464,226
T-BulletDispenser-1x,4879,19.761,3.87,3.81,0.0039,464,226
T-BulletDispenser-1x,4880,19.765,3.85,3.88,0.0039,464,226
T-BulletDispenser-1x,4881,19.768,3.39,3.40,0.0034,464,226
T-BulletDispenser-1x,4882,19.772,3.60,3.60,0.0036,464,226
T-BulletDispenser-1x,4883,19.775,2.95,3.00,0.0030,464,226
T-BulletDispenser-1x,4884,19.778,2.94,2.89,0.0029,464,226
T-BulletDispenser-1x,4885,19.781,3.04,3.02,0.0030,464,226
T-BulletDispenser-1x,4886,19.785,3.71,3.69,0.0037,464,226
T-BulletDispenser-1x,4887,19.788,3.26,3.29,0.0033,464,226
T-BulletDispenser-1x,4888,19.791,3.15,3.19,0.0032,464,226
T-BulletDispenser-1x,4889,19.794,3.45,3.40,0.0035,464,226
T-BulletDispenser-1x,4890,19.798,3.19,3.21,0.0032,464,226
T-BulletDispenser-1x,4891,19.800,2.55,2.58,0.0026,464,226
T-BulletDispenser-1x,4892,19.803,3.14,3.11,0.0031,516,226
T-BulletDispenser-1x,4893,19.807,3.41,3.41,0.0034,464,226
T-BulletDispenser-1x,4894,19.810,3.50,3.48,0.0035,464,226
T-BulletDispenser-1x,4895,19.814,3.60,3.61,0.0036,464,226
T-BulletDispenser-1x,4896,19.817,3.06,3.09,0.0031,464,226
T-BulletDispenser-1x,4897,19.820,3.57,3.51,0.0036,464,226
T-BulletDispenser-1x,4898,19.824,3.45,3.49,0.0035,464,226
T-BulletDispenser-1x,4899,19.827,3.41,3.40,0.0034,464,226
T-BulletDispenser-1x,4900,19.830,3.00,3.00,0.0030,464,226
T-BulletDispenser-1x,4901,19.833,2.96,2.98,0.0030,464,226
T-BulletDispenser-1x,4902,19.836,3.00,3.00,0.0030,464,226
T-BulletDispenser-1x,4903,19.839,3.15,3.11,0.0032,464,226
T-BulletDispenser-1x,4904,19.843,3.51,3.51,0.0035,464,226
T-BulletDispenser-1x,4905,19.846,3.15,3.19,0.0032,464,226
T-BulletDispenser-1x,4906,19.850,3.65,3.60,0.0036,464,226
T-BulletDispenser-1x,4907,19.853,3.27,3.30,0.0033,464,226
T-BulletDispenser-1x,4908,19.856,3.22,3.20,0.0032,464,226
T-BulletDispenser-1x,4909,19.859,2.96,2.99,0.0030,464,226
T-BulletDispenser-1x,4910,19.863,3.51,3.49,0.0035,464,226
T-BulletDispenser-1x,4911,19.866,3.39,3.39,0.0034,464,226
T-BulletDispenser-1x,4912,19.870,3.39,3.40,0.0034,464,226
T-BulletDispenser-1x,4913,19.872,2.84,2.83,0.0028,464,226
T-BulletDispenser-1x,4914,19.876,3.54,3.49,0.0035,464,226
T-BulletDispenser-1x,4915,19.879,3.36,3.40,0.0034,464,226
T-BulletDispenser-1x,4916,19.883,3.51,3.48,0.0035,464,226
T-BulletDispenser-1x,4917,19.886,3.35,3.39,0.0034,464,226
T-BulletDispenser-1x,4918,19.889,3.14,3.11,0.0031,464,226
T-BulletDispenser-1x,4919,19.892,3.06,3.09,0.0031,464,226
T-BulletDispenser-1x,4920,19.895,2.97,2.98,0.0030,464,226
T-BulletDispenser-1x,4921,19.898,2.71,2.69,0.0027,464,226
T-BulletDispenser-1x,4922,19.901,2.91,2.92,0.0029,464,226
T-BulletDispenser-1x,4923,19.904,3.00,2.99,0.0030,464,226
T-BulletDispenser-1x,4924,19.907,3.01,3.00,0.0030,464,226
T-BulletDispenser-1x,4925,19.910,3.33,3.30,0.0033,464,226
T-BulletDispenser-1x,4926,19.914,3.56,3.59,0.0036,464,226
T-BulletDispenser-1x,4927,19.917,3.44,3.42,0.0034,464,226
T-BulletDispenser-1x,4928,19.920,2.85,2.90,0.0028,464,226
T-BulletDispenser-1x,4929,19.923,2.73,2.70,0.0027,464,226
T-BulletDispenser-1x,4930,19.926,3.28,3.28,0.0033,464,226
T-BulletDispenser-1x,4931,19.929,3.18,3.19,0.0032,464,226
T-BulletDispenser-1x,4932,19.932,3.11,3.11,0.0031,464,226
T-BulletDispenser-1x,4933,19.936,3.14,3.12,0.0031,464,226
T-BulletDispenser-1x,4934,19.938,2.97,3.00,0.0030,464,226
T-BulletDispenser-1x,4935,19.942,3.03,2.99,0.0030,464,226
T-BulletDispenser-1x,4936,19.945,3.61,3.61,0.0036,464,226
T-BulletDispenser-1x,4937,19.948,3.35,3.38,0.0034,464,226
T-BulletDispenser-1x,4938,19.952,3.03,3.00,0.0030,464,226
T-BulletDispenser-1x,4939,19.955,3.62,3.60,0.0036,464,226
T-BulletDispenser-1x,4940,19.959,3.41,3.40,0.0034,464,226
T-BulletDispenser-1x,4941,19.961,2.94,2.98,0.0029,464,226
T-BulletDispenser-1x,4942,19.965,3.45,3.41,0.0035,464,226
T-BulletDispenser-1x,4943,19.969,3.57,3.59,0.0036,464,226
T-BulletDispenser-1x,4944,19.972,3.24,3.20,0.0032,464,226
T-BulletDispenser-1x,4945,19.975,3.57,3.60,0.0036,464,226
T-BulletDispenser-1x,4946,19.979,4.04,4.03,0.0040,464,226
T-BulletDispenser-1x,4947,19.983,3.48,3.46,0.0035,464,226
T-BulletDispenser-1x,4948,19.986,3.14,3.18,0.0031,464,226
T-BulletDispenser-1x,4949,19.989,3.13,3.10,0.0031,464,226
T-BulletDispenser-1x,4950,19.992,2.89,2.90,0.0029,464,226
T-BulletDispenser-1x,4951,19.996,3.54,3.50,0.0035,464,226
T-BulletDispenser-1x,4952,19.999,3.60,3.59,0.0036,464,226
T-BulletDispenser-1x,4953,20.002,3.30,3.30,0.0033,464,226
T-BulletDispenser-1x,4954,20.006,3.61,3.61,0.0036,516,226
T-BulletDispenser-1x,4955,20.010,3.93,3.70,0.0039,464,226
T-BulletDispenser-1x,4956,20.014,3.73,3.92,0.0037,464,226
T-BulletDispenser-1x,4957,20.017,3.32,3.37,0.0033,464,226
T-BulletDispenser-1x,4958,20.020,3.27,3.30,0.0033,464,226
T-BulletDispenser-1x,4959,20.024,3.36,3.30,0.0034,464,226
T-BulletDispenser-1x,4960,20.027,3.40,3.41,0.0034,464,226
T-BulletDispenser-1x,4961,20.030,3.14,3.17,0.0031,464,226
T-BulletDispenser-1x,4962,20.033,3.14,3.12,0.0031,464,226
T-BulletDispenser-1x,4963,20.037,3.36,3.40,0.0034,464,226
T-BulletDispenser-1x,4964,20.040,2.92,2.88,0.0029,464,226
T-BulletDispenser-1x,4965,20.043,3.09,3.10,0.0031,464,226
T-BulletDispenser-1x,4966,20.046,3.21,3.21,0.0032,464,226
T-BulletDispenser-1x,4967,20.049,3.20,3.18,0.0032,464,226
T-BulletDispenser-1x,4968,20.053,3.73,3.72,0.0037,464,226
T-BulletDispenser-1x,4969,20.056,3.47,3.48,0.0035,464,226
T-BulletDispenser-1x,4970,20.059,3.10,3.10,0.0031,464,226
T-BulletDispenser-1x,4971,20.062,2.98,3.01,0.0030,464,226
T-BulletDispenser-1x,4972,20.066,3.43,3.39,0.0034,464,226
T-BulletDispenser-1x,4973,20.069,3.49,3.50,0.0035,464,226
T-BulletDispenser-1x,4974,20.073,3.21,3.19,0.0032,464,226
T-BulletDispenser-1x,4975,20.076,3.30,3.30,0.0033,464,226
T-BulletDispenser-1x,4976,20.079,3.16,3.20,0.0032,464,226
T-BulletDispenser-1x,4977,20.082,2.92,2.90,0.0029,464,226
T-BulletDispenser-1x,4978,20.085,3.02,2.99,0.0030,464,226
T-BulletDispenser-1x,4979,20.088,3.26,3.29,0.0033,464,226
T-BulletDispenser-1x,4980,20.091,3.12,3.11,0.0031,464,226
T-BulletDispenser-1x,4981,20.095,3.45,3.41,0.0035,464,226
T-BulletDispenser-1x,4982,20.098,3.71,3.71,0.0037,464,226
T-BulletDispenser-1x,4983,20.102,3.86,3.88,0.0039,464,226
T-BulletDispenser-1x,4984,20.106,3.16,3.19,0.0032,464,226
T-BulletDispenser-1x,4985,20.109,3.79,3.73,0.0038,464,226
T-BulletDispenser-1x,4986,20.113,3.35,3.37,0.0033,464,226
T-BulletDispenser-1x,4987,20.116,3.48,3.49,0.0035,464,226
T-BulletDispenser-1x,4988,20.120,3.44,3.40,0.0034,464,226
T-BulletDispenser-1x,4989,20.123,3.48,3.50,0.0035,464,226
T-BulletDispenser-1x,4990,20.126,3.10,3.10,0.0031,464,226
T-BulletDispenser-1x,4991,20.129,3.00,3.04,0.0030,464,226
T-BulletDispenser-1x,4992,20.132,3.00,2.96,0.0030,464,226
T-BulletDispenser-1x,4993,20.135,3.09,3.09,0.0031,464,226
T-BulletDispenser-1x,4994,20.138,3.10,3.12,0.0031,464,226
T-BulletDispenser-1x,4995,20.142,3.31,3.29,0.0033,464,226
T-BulletDispenser-1x,4996,20.145,3.40,3.39,0.0034,464,226
T-BulletDispenser-1x,4997,20.148,3.22,3.22,0.0032,464,226
T-BulletDispenser-1x,4998,20.151,3.18,3.18,0.0032,464,226
T-BulletDispenser-1x,4999,20.155,3.62,3.61,0.0036,464,226
T-BulletDispenser-1x,5000,20.158,3.27,3.28,0.0033,464,226
T-BulletDispenser-1x,5001,20.162,3.50,3.51,0.0035,464,226
T-BulletDispenser-1x,5002,20.165,3.40,3.38,0.0034,464,226
T-BulletDispenser-1x,5003,20.168,3.00,3.00,0.0030,464,226
T-BulletDispenser-1x,5004,20.171,2.99,3.01,0.0030,464,226
T-BulletDispenser-1x,5005,20.174,3.12,3.08,0.0031,464,226
T-BulletDispenser-1x,5006,20.177,3.00,3.01,0.0030,464,226
T-BulletDispenser-1x,5007,20.181,3.41,3.40,0.0034,464,226
T-BulletDispenser-1x,5008,20.184,3.41,3.39,0.0034,464,226
T-BulletDispenser-1x,5009,20.188,3.53,3.51,0.0035,464,226
T-BulletDispenser-1x,5010,20.191,3.24,3.30,0.0032,464,226
T-BulletDispenser-1x,5011,20.194,3.27,3.18,0.0033,464,226
T-BulletDispenser-1x,5012,20.197,3.31,3.31,0.0033,464,226
T-BulletDispenser-1x,5013,20.201,3.38,3.40,0.0034,464,226
T-BulletDispenser-1x,5014,20.204,3.13,3.18,0.0031,464,226
T-BulletDispenser-1x,5015,20.207,3.43,3.40,0.0034,516,226
T-BulletDispenser-1x,5016,20.211,3.21,3.19,0.0032,464,226
T-BulletDispenser-1x,5017,20.214,3.51,3.52,0.0035,464,226
T-BulletDispenser-1x,5018,20.217,3.35,3.38,0.0034,464,226
T-BulletDispenser-1x,5019,20.221,3.44,3.41,0.0034,464,226
T-BulletDispenser-1x,5020,20.224,3.47,3.49,0.0035,464,226
T-BulletDispenser-1x,5021,20.228,3.51,3.49,0.0035,464,226
T-BulletDispenser-1x,5022,20.231,3.19,3.20,0.0032,464,226
T-BulletDispenser-1x,5023,20.235,3.45,3.42,0.0035,464,226
T-BulletDispenser-1x,5024,20.238,3.14,3.18,0.0031,464,226
T-BulletDispenser-1x,5025,20.241,3.52,3.50,0.0035,464,226
T-BulletDispenser-1x,5026,20.244,3.26,3.28,0.0033,464,226
T-BulletDispenser-1x,5027,20.248,3.49,3.42,0.0035,464,226
T-BulletDispenser-1x,5028,20.251,3.05,3.08,0.0031,464,226
T-BulletDispenser-1x,5029,20.254,2.87,2.91,0.0029,464,226
T-BulletDispenser-1x,5030,20.257,3.32,3.29,0.0033,464,226
T-BulletDispenser-1x,5031,20.261,3.47,3.40,0.0035,464,226
T-BulletDispenser-1x,5032,20.264,3.15,3.21,0.0032,464,226
T-BulletDispenser-1x,5033,20.267,2.88,2.91,0.0029,464,226
T-BulletDispenser-1x,5034,20.270,2.90,2.88,0.0029,464,226
T-BulletDispenser-1x,5035,20.273,3.20,3.19,0.0032,464,226
T-BulletDispenser-1x,5036,20.276,3.53,3.51,0.0035,464,226
T-BulletDispenser-1x,5037,20.279,2.83,2.87,0.0028,464,226
T-BulletDispenser-1x,5038,20.283,3.36,3.32,0.0034,464,226
T-BulletDispenser-1x,5039,20.286,3.00,3.01,0.0030,464,226
T-BulletDispenser-1x,5040,20.288,2.91,2.90,0.0029,464,226
T-BulletDispenser-1x,5041,20.292,3.41,3.39,0.0034,464,226
T-BulletDispenser-1x,5042,20.295,3.47,3.49,0.0035,464,226
T-BulletDispenser-1x,5043,20.299,3.53,3.50,0.0035,464,226
T-BulletDispenser-1x,5044,20.302,3.19,3.20,0.0032,464,226
T-BulletDispenser-1x,5045,20.305,3.38,3.39,0.0034,464,226
T-BulletDispenser-1x,5046,20.308,2.77,2.80,0.0028,464,226
T-BulletDispenser-1x,5047,20.312,3.47,3.41,0.0035,464,226
T-BulletDispenser-1x,5048,20.315,3.47,3.50,0.0035,464,226
T-BulletDispenser-1x,5049,20.318,2.67,2.70,0.0027,464,226
T-BulletDispenser-1x,5050,20.321,3.25,3.21,0.0032,464,226
T-BulletDispenser-1x,5051,20.324,3.38,3.39,0.0034,464,226
T-BulletDispenser-1x,5052,20.328,3.30,3.30,0.0033,464,226
T-BulletDispenser-1x,5053,20.331,2.99,3.00,0.0030,464,226
T-BulletDispenser-1x,5054,20.334,3.11,3.08,0.0031,464,226
T-BulletDispenser-1x,5055,20.337,2.86,2.90,0.0029,464,226
T-BulletDispenser-1x,5056,20.340,2.95,2.90,0.0029,464,226
T-BulletDispenser-1x,5057,20.343,3.50,3.51,0.0035,464,226
T-BulletDispenser-1x,5058,20.347,3.68,3.61,0.0037,464,226
T-BulletDispenser-1x,5059,20.350,2.89,2.98,0.0029,464,226
T-BulletDispenser-1x,5060,20.353,3.00,2.93,0.0030,464,226
T-BulletDispenser-1x,5061,20.356,3.43,3.45,0.0034,464,226
T-BulletDispenser-1x,5062,20.360,3.63,3.62,0.0036,464,226
T-BulletDispenser-1x,5063,20.363,2.95,2.99,0.0029,464,226
T-BulletDispenser-1x,5064,20.366,3.31,3.29,0.0033,464,226
T-BulletDispenser-1x,5065,20.369,3.39,3.40,0.0034,464,226
T-BulletDispenser-1x,5066,20.372,2.80,2.81,0.0028,464,226
T-BulletDispenser-1x,5067,20.376,3.44,3.40,0.0034,464,226
T-BulletDispenser-1x,5068,20.379,3.44,3.46,0.0034,464,226
T-BulletDispenser-1x,5069,20.382,3.22,3.24,0.0032,464,226
T-BulletDispenser-1x,5070,20.386,3.21,3.20,0.0032,464,226
T-BulletDispenser-1x,5071,20.388,2.85,2.87,0.0029,464,226
T-BulletDispenser-1x,5072,20.391,2.81,2.82,0.0028,464,226
T-BulletDispenser-1x,5073,20.394,2.84,2.80,0.0028,464,226
T-BulletDispenser-1x,5074,20.397,3.13,3.11,0.0031,464,226
T-BulletDispenser-1x,5075,20.400,3.19,3.20,0.0032,464,226
T-BulletDispenser-1x,5076,20.404,3.18,3.18,0.0032,464,226
T-BulletDispenser-1x,5077,20.407,3.55,3.52,0.0036,464,226
T-BulletDispenser-1x,5078,20.410,3.18,3.20,0.0032,516,226
T-BulletDispenser-1x,5079,20.414,3.23,3.19,0.0032,464,226
T-BulletDispenser-1x,5080,20.417,3.48,3.49,0.0035,464,226
T-BulletDispenser-1x,5081,20.420,3.47,3.49,0.0035,464,226
T-BulletDispenser-1x,5082,20.424,3.27,3.29,0.0033,464,226
T-BulletDispenser-1x,5083,20.427,3.15,3.11,0.0031,464,226
T-BulletDispenser-1x,5084,20.430,3.48,3.49,0.0035,464,226
T-BulletDispenser-1x,5085,20.434,3.31,3.31,0.0033,464,226
T-BulletDispenser-1x,5086,20.437,3.49,3.50,0.0035,464,226
T-BulletDispenser-1x,5087,20.441,3.62,3.60,0.0036,464,226
T-BulletDispenser-1x,5088,20.444,3.57,3.59,0.0036,464,226
T-BulletDispenser-1x,5089,20.448,3.44,3.41,0.0034,464,226
T-BulletDispenser-1x,5090,20.451,3.58,3.58,0.0036,464,226
T-BulletDispenser-1x,5091,20.455,3.51,3.51,0.0035,464,226
T-BulletDispenser-1x,5092,20.459,3.66,3.63,0.0037,464,226
T-BulletDispenser-1x,5093,20.462,3.57,3.58,0.0036,464,226
T-BulletDispenser-1x,5094,20.466,3.62,3.59,0.0036,464,226
T-BulletDispenser-1x,5095,20.469,3.43,3.49,0.0034,464,226
T-BulletDispenser-1x,5096,20.473,3.43,3.40,0.0034,464,226
T-BulletDispenser-1x,5097,20.476,3.38,3.38,0.0034,464,226
T-BulletDispenser-1x,5098,20.479,3.28,3.29,0.0033,464,226
T-BulletDispenser-1x,5099,20.482,3.08,3.10,0.0031,464,226
T-BulletDispenser-1x,5100,20.485,2.86,2.81,0.0029,464,226
T-BulletDispenser-1x,5101,20.489,3.54,3.51,0.0035,464,226
T-BulletDispenser-1x,5102,20.492,3.37,3.38,0.0034,464,226
T-BulletDispenser-1x,5103,20.496,3.69,3.70,0.0037,464,226
T-BulletDispenser-1x,5104,20.499,3.37,3.39,0.0034,464,226
T-BulletDispenser-1x,5105,20.502,2.94,2.91,0.0029,464,226
T-BulletDispenser-1x,5106,20.505,2.92,2.96,0.0029,464,226
T-BulletDispenser-1x,5107,20.508,3.22,3.21,0.0032,464,226
T-BulletDispenser-1x,5108,20.511,3.23,3.21,0.0032,464,226
T-BulletDispenser-1x,5109,20.515,3.41,3.39,0.0034,464,226
T-BulletDispenser-1x,5110,20.518,3.56,3.58,0.0036,464,226
T-BulletDispenser-1x,5111,20.521,2.89,2.91,0.0029,464,226
T-BulletDispenser-1x,5112,20.524,3.13,3.10,0.0031,464,226
T-BulletDispenser-1x,5113,20.528,3.49,3.48,0.0035,464,226
T-BulletDispenser-1x,5114,20.531,3.21,3.22,0.0032,464,226
T-BulletDispenser-1x,5115,20.534,2.90,2.89,0.0029,464,226
T-BulletDispenser-1x,5116,20.537,3.40,3.40,0.0034,464,226
T-BulletDispenser-1x,5117,20.541,3.38,3.39,0.0034,464,226
T-BulletDispenser-1x,5118,20.544,2.99,3.00,0.0030,464,226
T-BulletDispenser-1x,5119,20.546,2.59,2.60,0.0026,464,226
T-BulletDispenser-1x,5120,20.549,3.04,3.01,0.0030,464,226
T-BulletDispenser-1x,5121,20.552,3.00,2.99,0.0030,464,226
T-BulletDispenser-1x,5122,20.556,3.08,3.10,0.0031,464,226
T-BulletDispenser-1x,5123,20.559,3.64,3.61,0.0036,464,226
T-BulletDispenser-1x,5124,20.563,3.49,3.49,0.0035,464,226
T-BulletDispenser-1x,5125,20.566,3.45,3.48,0.0035,464,226
T-BulletDispenser-1x,5126,20.569,3.23,3.22,0.0032,464,226
T-BulletDispenser-1x,5127,20.573,3.40,3.40,0.0034,464,226
T-BulletDispenser-1x,5128,20.576,3.51,3.49,0.0035,464,226
T-BulletDispenser-1x,5129,20.580,3.27,3.31,0.0033,464,226
T-BulletDispenser-1x,5130,20.583,3.31,3.29,0.0033,464,226
T-BulletDispenser-1x,5131,20.586,2.99,2.99,0.0030,464,226
T-BulletDispenser-1x,5132,20.589,3.10,3.10,0.0031,464,226
T-BulletDispenser-1x,5133,20.592,3.22,3.22,0.0032,464,226
T-BulletDispenser-1x,5134,20.595,3.09,3.11,0.0031,464,226
T-BulletDispenser-1x,5135,20.599,3.28,3.27,0.0033,464,226
T-BulletDispenser-1x,5136,20.602,3.31,3.30,0.0033,464,226
T-BulletDispenser-1x,5137,20.605,2.79,2.81,0.0028,464,226
T-BulletDispenser-1x,5138,20.608,3.03,3.00,0.0030,464,226
T-BulletDispenser-1x,5139,20.611,2.97,2.98,0.0030,516,226
T-BulletDispenser-1x,5140,20.613,2.88,2.90,0.0029,464,226
T-BulletDispenser-1x,5141,20.617,3.37,3.32,0.0034,464,226
T-BulletDispenser-1x,5142,20.620,3.47,3.48,0.0035,464,226
T-BulletDispenser-1x,5143,20.624,3.40,3.41,0.0034,464,226
T-BulletDispenser-1x,5144,20.627,3.00,2.99,0.0030,464,226
T-BulletDispenser-1x,5145,20.630,3.28,3.29,0.0033,464,226
T-BulletDispenser-1x,5146,20.633,3.22,3.19,0.0032,464,226
T-BulletDispenser-1x,5147,20.637,3.50,3.51,0.0035,464,226
T-BulletDispenser-1x,5148,20.640,3.30,3.30,0.0033,464,226
T-BulletDispenser-1x,5149,20.643,3.08,3.09,0.0031,464,226
T-BulletDispenser-1x,5150,20.646,3.09,3.10,0.0031,464,226
T-BulletDispenser-1x,5151,20.649,3.08,3.09,0.0031,464,226
T-BulletDispenser-1x,5152,20.652,2.93,2.92,0.0029,464,226
T-BulletDispenser-1x,5153,20.655,2.89,2.88,0.0029,464,226
T-BulletDispenser-1x,5154,20.658,3.11,3.10,0.0031,464,226
T-BulletDispenser-1x,5155,20.661,3.00,3.00,0.0030,464,226
T-BulletDispenser-1x,5156,20.664,2.90,2.90,0.0029,464,226
T-BulletDispenser-1x,5157,20.667,2.98,3.00,0.0030,464,226
T-BulletDispenser-1x,5158,20.670,3.35,3.32,0.0034,464,226
T-BulletDispenser-1x,5159,20.674,3.27,3.28,0.0033,464,226
T-BulletDispenser-1x,5160,20.677,3.01,3.00,0.0030,464,226
T-BulletDispenser-1x,5161,20.680,3.51,3.50,0.0035,464,226
T-BulletDispenser-1x,5162,20.683,3.20,3.20,0.0032,464,226
T-BulletDispenser-1x,5163,20.687,3.28,3.30,0.0033,464,226
T-BulletDispenser-1x,5164,20.690,3.44,3.41,0.0034,464,226
T-BulletDispenser-1x,5165,20.694,3.39,3.39,0.0034,464,226
T-BulletDispenser-1x,5166,20.697,3.20,3.19,0.0032,464,226
T-BulletDispenser-1x,5167,20.700,3.27,3.29,0.0033,464,226
T-BulletDispenser-1x,5168,20.704,3.55,3.51,0.0035,464,226
T-BulletDispenser-1x,5169,20.707,3.47,3.49,0.0035,464,226
T-BulletDispenser-1x,5170,20.710,3.27,3.30,0.0033,464,226
T-BulletDispenser-1x,5171,20.713,2.91,2.89,0.0029,464,226
T-BulletDispenser-1x,5172,20.716,2.87,2.91,0.0029,464,226
T-BulletDispenser-1x,5173,20.719,3.05,3.00,0.0030,464,226
T-BulletDispenser-1x,5174,20.723,3.43,3.40,0.0034,464,226
T-BulletDispenser-1x,5175,20.725,2.92,2.97,0.0029,464,226
T-BulletDispenser-1x,5176,20.728,3.02,3.02,0.0030,464,226
T-BulletDispenser-1x,5177,20.732,3.45,3.41,0.0034,464,226
T-BulletDispenser-1x,5178,20.735,3.20,3.19,0.0032,464,226
T-BulletDispenser-1x,5179,20.738,2.85,2.89,0.0029,464,226
T-BulletDispenser-1x,5180,20.741,3.30,3.29,0.0033,464,226
T-BulletDispenser-1x,5181,20.745,3.30,3.30,0.0033,464,226
T-BulletDispenser-1x,5182,20.747,2.61,2.60,0.0026,464,226
T-BulletDispenser-1x,5183,20.751,3.40,3.39,0.0034,464,226
T-BulletDispenser-1x,5184,20.754,3.50,3.51,0.0035,464,226
T-BulletDispenser-1x,5185,20.757,3.33,3.30,0.0033,464,226
T-BulletDispenser-1x,5186,20.761,3.35,3.39,0.0034,464,226
T-BulletDispenser-1x,5187,20.763,2.49,2.50,0.0025,464,226
T-BulletDispenser-1x,5188,20.766,3.02,2.99,0.0030,464,226
T-BulletDispenser-1x,5189,20.770,3.22,3.20,0.0032,464,226
T-BulletDispenser-1x,5190,20.773,3.30,3.30,0.0033,464,226
T-BulletDispenser-1x,5191,20.776,3.30,3.30,0.0033,464,226
T-BulletDispenser-1x,5192,20.779,2.75,2.78,0.0027,464,226
T-BulletDispenser-1x,5193,20.782,3.25,3.21,0.0032,464,226
T-BulletDispenser-1x,5194,20.785,3.10,3.11,0.0031,464,226
T-BulletDispenser-1x,5195,20.788,2.93,2.91,0.0029,464,226
T-BulletDispenser-1x,5196,20.791,3.17,3.18,0.0032,464,226
T-BulletDispenser-1x,5197,20.795,3.30,3.31,0.0033,464,226
T-BulletDispenser-1x,5198,20.798,3.12,3.08,0.0031,464,226
T-BulletDispenser-1x,5199,20.801,3.29,3.31,0.0033,464,226
T-BulletDispenser-1x,5200,20.804,2.94,2.97,0.0029,464,226
T-BulletDispenser-1x,5201,20.807,3.26,3.22,0.0033,464,226
T-BulletDispenser-1x,5202,20.810,3.12,3.09,0.0031,464,226
T-BulletDispenser-1x,5203,20.814,3.27,3.31,0.0033,516,226
T-BulletDispenser-1x,5204,20.817,3.27,3.29,0.0033,464,226
T-BulletDispenser-1x,5205,20.820,3.16,3.12,0.0032,464,226
T-BulletDispenser-1x,5206,20.824,3.48,3.49,0.0035,464,226
T-BulletDispenser-1x,5207,20.827,3.29,3.29,0.0033,464,226
T-BulletDispenser-1x,5208,20.830,2.74,2.80,0.0027,464,226
T-BulletDispenser-1x,5209,20.833,2.94,2.90,0.0029,464,226
T-BulletDispenser-1x,5210,20.836,3.65,3.62,0.0037,464,226
T-BulletDispenser-1x,5211,20.839,3.26,3.28,0.0033,464,226
T-BulletDispenser-1x,5212,20.843,3.33,3.31,0.0033,464,226
T-BulletDispenser-1x,5213,20.846,3.17,3.20,0.0032,464,226
T-BulletDispenser-1x,5214,20.849,2.90,2.90,0.0029,464,226
T-BulletDispenser-1x,5215,20.851,2.57,2.58,0.0026,464,226
T-BulletDispenser-1x,5216,20.855,3.11,3.10,0.0031,464,226
T-BulletDispenser-1x,5217,20.858,3.33,3.32,0.0033,464,226
T-BulletDispenser-1x,5218,20.861,3.48,3.47,0.0035,464,226
T-BulletDispenser-1x,5219,20.865,3.26,3.23,0.0033,464,226
T-BulletDispenser-1x,5220,20.868,3.37,3.37,0.0034,464,226
T-BulletDispenser-1x,5221,20.871,2.83,2.89,0.0028,464,226
T-BulletDispenser-1x,5222,20.874,2.83,2.81,0.0028,464,226
T-BulletDispenser-1x,5223,20.877,3.12,3.10,0.0031,464,226
T-BulletDispenser-1x,5224,20.880,3.43,3.40,0.0034,464,226
T-BulletDispenser-1x,5225,20.883,2.96,3.00,0.0030,464,226
T-BulletDispenser-1x,5226,20.886,3.24,3.23,0.0032,464,226
T-BulletDispenser-1x,5227,20.889,2.99,2.98,0.0030,464,226
T-BulletDispenser-1x,5228,20.893,3.43,3.40,0.0034,464,226
T-BulletDispenser-1x,5229,20.896,3.17,3.18,0.0032,464,226
T-BulletDispenser-1x,5230,20.899,3.26,3.31,0.0033,464,226
T-BulletDispenser-1x,5231,20.902,3.01,2.99,0.0030,464,226
T-BulletDispenser-1x,5232,20.905,2.99,3.00,0.0030,464,226
T-BulletDispenser-1x,5233,20.908,2.80,2.80,0.0028,464,226
T-BulletDispenser-1x,5234,20.911,3.45,3.39,0.0034,464,226
T-BulletDispenser-1x,5235,20.915,3.37,3.39,0.0034,464,226
T-BulletDispenser-1x,5236,20.918,3.24,3.20,0.0032,464,226
T-BulletDispenser-1x,5237,20.921,2.93,2.99,0.0029,464,226
T-BulletDispenser-1x,5238,20.924,3.13,3.10,0.0031,464,226
T-BulletDispenser-1x,5239,20.927,3.10,3.09,0.0031,464,226
T-BulletDispenser-1x,5240,20.930,2.65,2.69,0.0027,464,226
T-BulletDispenser-1x,5241,20.933,3.34,3.32,0.0033,464,226
T-BulletDispenser-1x,5242,20.936,3.06,3.02,0.0031,464,226
T-BulletDispenser-1x,5243,20.940,3.36,3.37,0.0034,464,226
T-BulletDispenser-1x,5244,20.943,3.82,3.82,0.0038,464,226
T-BulletDispenser-1x,5245,20.947,3.59,3.60,0.0036,464,226
T-BulletDispenser-1x,5246,20.950,2.85,2.89,0.0028,464,226
T-BulletDispenser-1x,5247,20.953,2.84,2.80,0.0028,464,226
T-BulletDispenser-1x,5248,20.956,3.39,3.39,0.0034,464,226
T-BulletDispenser-1x,5249,20.960,3.41,3.39,0.0034,464,226
T-BulletDispenser-1x,5250,20.963,3.20,3.20,0.0032,464,226
T-BulletDispenser-1x,5251,20.966,3.17,3.21,0.0032,464,226
T-BulletDispenser-1x,5252,20.969,2.83,2.80,0.0028,464,226
T-BulletDispenser-1x,5253,20.972,3.06,3.08,0.0031,464,226
T-BulletDispenser-1x,5254,20.975,3.15,3.12,0.0032,464,226
T-BulletDispenser-1x,5255,20.978,3.21,3.20,0.0032,464,226
T-BulletDispenser-1x,5256,20.981,3.14,3.17,0.0031,464,226
T-BulletDispenser-1x,5257,20.985,3.33,3.30,0.0033,464,226
T-BulletDispenser-1x,5258,20.988,2.99,3.00,0.0030,464,226
T-BulletDispenser-1x,5259,20.990,2.90,2.90,0.0029,464,226
T-BulletDispenser-1x,5260,20.994,3.24,3.21,0.0032,464,226
T-BulletDispenser-1x,5261,20.997,3.51,3.50,0.0035,464,226
T-BulletDispenser-1x,5262,21.000,2.85,2.88,0.0028,464,226
T-BulletDispenser-1x,5263,21.003,3.35,3.31,0.0033,464,226
T-BulletDispenser-1x,5264,21.007,3.40,3.40,0.0034,464,226
T-BulletDispenser-1x,5265,21.010,2.77,2.79,0.0028,464,226
T-BulletDispenser-1x,5266,21.013,3.24,3.21,0.0032,464,226
T-BulletDispenser-1x,5267,21.016,3.41,3.41,0.0034,516,226
T-BulletDispenser-1x,5268,21.020,3.49,3.49,0.0035,464,226
T-BulletDispenser-1x,5269,21.023,3.28,3.29,0.0033,464,226
T-BulletDispenser-1x,5270,21.026,2.99,3.00,0.0030,464,226
T-BulletDispenser-1x,5271,21.029,3.18,3.18,0.0032,464,226
T-BulletDispenser-1x,5272,21.032,2.96,2.93,0.0030,464,226
T-BulletDispenser-1x,5273,21.036,3.39,3.39,0.0034,464,226
T-BulletDispenser-1x,5274,21.039,3.31,3.30,0.0033,464,226
T-BulletDispenser-1x,5275,21.042,2.84,2.89,0.0028,464,226
T-BulletDispenser-1x,5276,21.045,2.85,2.80,0.0028,464,226
T-BulletDispenser-1x,5277,21.048,3.52,3.51,0.0035,464,226
T-BulletDispenser-1x,5278,21.052,3.61,3.60,0.0036,464,226
T-BulletDispenser-1x,5279,21.055,3.07,2.99,0.0031,464,226
T-BulletDispenser-1x,5280,21.058,3.21,3.30,0.0032,464,226
T-BulletDispenser-1x,5281,21.061,3.38,3.40,0.0034,464,226
T-BulletDispenser-1x,5282,21.064,2.71,2.69,0.0027,464,226
T-BulletDispenser-1x,5283,21.067,3.32,3.31,0.0033,464,226
T-BulletDispenser-1x,5284,21.071,3.40,3.39,0.0034,464,226
T-BulletDispenser-1x,5285,21.074,3.39,3.40,0.0034,464,226
T-BulletDispenser-1x,5286,21.078,3.37,3.38,0.0034,464,226
T-BulletDispenser-1x,5287,21.081,3.25,3.21,0.0032,464,226
T-BulletDispenser-1x,5288,21.084,2.96,3.00,0.0030,464,226
T-BulletDispenser-1x,5289,21.087,3.14,3.12,0.0031,464,226
T-BulletDispenser-1x,5290,21.090,3.27,3.29,0.0033,464,226
T-BulletDispenser-1x,5291,21.093,3.21,3.20,0.0032,464,226
T-BulletDispenser-1x,5292,21.096,3.10,3.10,0.0031,464,226
T-BulletDispenser-1x,5293,21.099,3.06,3.09,0.0031,464,226
T-BulletDispenser-1x,5294,21.102,2.84,2.80,0.0028,464,226
T-BulletDispenser-1x,5295,21.106,3.41,3.41,0.0034,464,226
T-BulletDispenser-1x,5296,21.109,3.51,3.50,0.0035,464,226
T-BulletDispenser-1x,5297,21.112,2.95,2.99,0.0030,464,226
T-BulletDispenser-1x,5298,21.116,3.35,3.28,0.0033,464,226
T-BulletDispenser-1x,5299,21.119,3.13,3.13,0.0031,464,226
T-BulletDispenser-1x,5300,21.121,2.51,2.57,0.0025,464,226
T-BulletDispenser-1x,5301,21.124,3.04,3.00,0.0030,464,226
T-BulletDispenser-1x,5302,21.127,3.13,3.11,0.0031,464,226
T-BulletDispenser-1x,5303,21.131,3.38,3.40,0.0034,464,226
T-BulletDispenser-1x,5304,21.134,3.21,3.20,0.0032,464,226
T-BulletDispenser-1x,5305,21.137,3.05,3.08,0.0030,464,226
T-BulletDispenser-1x,5306,21.140,3.07,2.99,0.0031,464,226
T-BulletDispenser-1x,5307,21.143,2.83,2.92,0.0028,464,226
T-BulletDispenser-1x,5308,21.146,3.01,3.00,0.0030,464,226
T-BulletDispenser-1x,5309,21.149,3.42,3.40,0.0034,464,226
T-BulletDispenser-1x,5310,21.153,3.50,3.51,0.0035,464,226
T-BulletDispenser-1x,5311,21.156,3.19,3.18,0.0032,464,226
T-BulletDispenser-1x,5312,21.159,3.30,3.31,0.0033,464,226
T-BulletDispenser-1x,5313,21.162,3.00,2.99,0.0030,464,226
T-BulletDispenser-1x,5314,21.166,3.21,3.21,0.0032,464,226
T-BulletDispenser-1x,5315,21.169,2.98,2.99,0.0030,464,226
T-BulletDispenser-1x,5316,21.172,3.11,3.10,0.0031,464,226
T-BulletDispenser-1x,5317,21.175,2.91,2.89,0.0029,464,226
T-BulletDispenser-1x,5318,21.178,3.83,3.80,0.0038,464,226
T-BulletDispenser-1x,5319,21.182,3.75,3.79,0.0038,464,226
T-BulletDispenser-1x,5320,21.185,3.29,3.22,0.0033,464,226
T-BulletDispenser-1x,5321,21.189,3.57,3.59,0.0036,464,226
T-BulletDispenser-1x,5322,21.192,3.35,3.38,0.0034,464,226
T-BulletDispenser-1x,5323,21.196,3.30,3.31,0.0033,464,226
T-BulletDispenser-1x,5324,21.199,3.51,3.50,0.0035,464,226
T-BulletDispenser-1x,5325,21.202,3.07,3.08,0.0031,464,226
T-BulletDispenser-1x,5326,21.205,2.90,2.91,0.0029,464,226
T-BulletDispenser-1x,5327,21.208,3.00,2.99,0.0030,464,226
T-BulletDispenser-1x,5328,21.212,3.73,3.70,0.0037,464,226
T-BulletDispenser-1x,5329,21.215,3.61,3.61,0.0036,464,226
T-BulletDispenser-1x,5330,21.219,3.50,3.50,0.0035,516,226
T-BulletDispenser-1x,5331,21.222,3.07,3.08,0.0031,464,226
T-BulletDispenser-1x,5332,21.225,2.90,2.91,0.0029,464,226
T-BulletDispenser-1x,5333,21.228,2.90,2.89,0.0029,464,226
T-BulletDispenser-1x,5334,21.231,3.42,3.40,0.0034,464,226
T-BulletDispenser-1x,5335,21.235,3.51,3.49,0.0035,464,226
T-BulletDispenser-1x,5336,21.238,2.96,3.00,0.0030,464,226
T-BulletDispenser-1x,5337,21.241,3.24,3.19,0.0032,464,226
T-BulletDispenser-1x,5338,21.244,2.97,3.00,0.0030,464,226
T-BulletDispenser-1x,5339,21.247,3.43,3.41,0.0034,464,226
T-BulletDispenser-1x,5340,21.251,3.49,3.49,0.0035,464,226
T-BulletDispenser-1x,5341,21.254,3.12,3.10,0.0031,464,226
T-BulletDispenser-1x,5342,21.257,3.28,3.31,0.0033,464,226
T-BulletDispenser-1x,5343,21.260,2.80,2.79,0.0028,464,226
T-BulletDispenser-1x,5344,21.263,3.08,3.10,0.0031,464,226
T-BulletDispenser-1x,5345,21.266,3.10,3.09,0.0031,464,226
T-BulletDispenser-1x,5346,21.269,3.20,3.12,0.0032,464,226
T-BulletDispenser-1x,5347,21.272,3.00,3.08,0.0030,464,226
T-BulletDispenser-1x,5348,21.275,2.99,2.98,0.0030,464,226
T-BulletDispenser-1x,5349,21.279,3.97,3.95,0.0040,464,226
T-BulletDispenser-1x,5350,21.283,3.26,3.27,0.0033,464,226
T-BulletDispenser-1x,5351,21.286,3.07,3.07,0.0031,464,226
T-BulletDispenser-1x,5352,21.289,3.36,3.33,0.0034,464,226
T-BulletDispenser-1x,5353,21.292,3.02,3.06,0.0030,464,226
T-BulletDispenser-1x,5354,21.295,3.25,3.22,0.0032,464,226
T-BulletDispenser-1x,5355,21.299,3.58,3.59,0.0036,464,226
T-BulletDispenser-1x,5356,21.303,3.75,3.71,0.0038,464,226
T-BulletDispenser-1x,5357,21.306,3.48,3.49,0.0035,464,226
T-BulletDispenser-1x,5358,21.310,3.49,3.49,0.0035,464,226
T-BulletDispenser-1x,5359,21.312,2.88,2.91,0.0029,464,226
T-BulletDispenser-1x,5360,21.315,2.82,2.79,0.0028,464,226
T-BulletDispenser-1x,5361,21.319,3.29,3.29,0.0033,464,226
T-BulletDispenser-1x,5362,21.322,3.54,3.51,0.0035,464,226
T-BulletDispenser-1x,5363,21.325,3.20,3.20,0.0032,464,226
T-BulletDispenser-1x,5364,21.329,3.16,3.20,0.0032,464,226
T-BulletDispenser-1x,5365,21.331,2.78,2.77,0.0028,464,226
T-BulletDispenser-1x,5366,21.334,2.78,2.80,0.0028,464,226
T-BulletDispenser-1x,5367,21.337,3.14,3.11,0.0031,464,226
T-BulletDispenser-1x,5368,21.340,3.00,2.99,0.0030,464,226
T-BulletDispenser-1x,5369,21.343,3.00,3.01,0.0030,464,226
T-BulletDispenser-1x,5370,21.347,3.53,3.50,0.0035,464,226
T-BulletDispenser-1x,5371,21.350,3.27,3.29,0.0033,464,226
T-BulletDispenser-1x,5372,21.353,3.29,3.31,0.0033,464,226
T-BulletDispenser-1x,5373,21.356,2.91,2.89,0.0029,464,226
T-BulletDispenser-1x,5374,21.360,3.52,3.50,0.0035,464,226
T-BulletDispenser-1x,5375,21.363,3.38,3.39,0.0034,464,226
T-BulletDispenser-1x,5376,21.366,3.31,3.30,0.0033,464,226
T-BulletDispenser-1x,5377,21.370,3.27,3.30,0.0033,464,226
T-BulletDispenser-1x,5378,21.373,3.05,3.01,0.0030,464,226
T-BulletDispenser-1x,5379,21.376,2.95,2.99,0.0030,464,226
T-BulletDispenser-1x,5380,21.379,3.54,3.55,0.0035,464,226
T-BulletDispenser-1x,5381,21.382,2.86,2.83,0.0029,464,226
T-BulletDispenser-1x,5382,21.385,3.22,3.22,0.0032,464,226
T-BulletDispenser-1x,5383,21.389,3.55,3.51,0.0035,464,226
T-BulletDispenser-1x,5384,21.392,3.15,3.19,0.0031,464,226
T-BulletDispenser-1x,5385,21.395,2.97,2.99,0.0030,464,226
T-BulletDispenser-1x,5386,21.398,3.07,3.02,0.0031,464,226
T-BulletDispenser-1x,5387,21.401,3.40,3.40,0.0034,464,226
T-BulletDispenser-1x,5388,21.405,3.89,3.88,0.0039,464,226
T-BulletDispenser-1x,5389,21.409,3.32,3.32,0.0033,464,226
T-BulletDispenser-1x,5390,21.412,3.40,3.39,0.0034,464,226
T-BulletDispenser-1x,5391,21.416,3.61,3.60,0.0036,464,226
T-BulletDispenser-1x,5392,21.419,3.47,3.50,0.0035,516,226
T-BulletDispenser-1x,5393,21.422,3.19,3.19,0.0032,464,226
T-BulletDispenser-1x,5394,21.426,3.47,3.42,0.0035,464,226
T-BulletDispenser-1x,5395,21.429,3.43,3.52,0.0034,464,226
T-BulletDispenser-1x,5396,21.432,3.24,3.17,0.0032,464,226
T-BulletDispenser-1x,5397,21.436,3.18,3.19,0.0032,464,226
T-BulletDispenser-1x,5398,21.439,3.51,3.51,0.0035,464,226
T-BulletDispenser-1x,5399,21.443,3.54,3.49,0.0035,464,226
T-BulletDispenser-1x,5400,21.446,3.43,3.49,0.0034,464,226
T-BulletDispenser-1x,5401,21.450,3.60,3.60,0.0036,464,226
T-BulletDispenser-1x,5402,21.453,3.24,3.28,0.0032,464,226
T-BulletDispenser-1x,5403,21.456,2.76,2.72,0.0028,464,226
T-BulletDispenser-1x,5404,21.459,3.42,3.41,0.0034,464,226
T-BulletDispenser-1x,5405,21.462,3.30,3.29,0.0033,464,226
T-BulletDispenser-1x,5406,21.466,3.35,3.38,0.0033,464,226
T-BulletDispenser-1x,5407,21.469,3.52,3.50,0.0035,464,226
T-BulletDispenser-1x,5408,21.473,3.40,3.41,0.0034,464,226
T-BulletDispenser-1x,5409,21.476,3.32,3.29,0.0033,464,226
T-BulletDispenser-1x,5410,21.479,3.19,3.21,0.0032,464,226
T-BulletDispenser-1x,5411,21.483,3.36,3.40,0.0034,464,226
T-BulletDispenser-1x,5412,21.486,3.04,2.99,0.0030,464,226
T-BulletDispenser-1x,5413,21.489,3.32,3.29,0.0033,464,226
T-BulletDispenser-1x,5414,21.492,3.07,3.10,0.0031,464,226
T-BulletDispenser-1x,5415,21.495,3.08,3.09,0.0031,464,226
T-BulletDispenser-1x,5416,21.498,3.02,3.01,0.0030,464,226
T-BulletDispenser-1x,5417,21.502,3.51,3.50,0.0035,464,226
T-BulletDispenser-1x,5418,21.505,3.52,3.51,0.0035,464,226
T-BulletDispenser-1x,5419,21.509,3.48,3.48,0.0035,464,226
T-BulletDispenser-1x,5420,21.512,3.08,3.09,0.0031,464,226
T-BulletDispenser-1x,5421,21.515,3.01,3.02,0.0030,464,226
T-BulletDispenser-1x,5422,21.518,2.96,2.90,0.0030,464,226
T-BulletDispenser-1x,5423,21.522,3.87,3.89,0.0039,464,226
T-BulletDispenser-1x,5424,21.525,3.06,3.08,0.0031,464,226
T-BulletDispenser-1x,5425,21.528,3.43,3.41,0.0034,464,226
T-BulletDispenser-1x,5426,21.531,3.16,3.18,0.0032,464,226
T-BulletDispenser-1x,5427,21.534,2.99,3.00,0.0030,464,226
T-BulletDispenser-1x,5428,21.537,3.23,3.20,0.0032,464,226
T-BulletDispenser-1x,5429,21.541,3.40,3.33,0.0034,464,226
T-BulletDispenser-1x,5430,21.545,3.72,3.78,0.0037,464,226
T-BulletDispenser-1x,5431,21.548,3.60,3.59,0.0036,464,226
T-BulletDispenser-1x,5432,21.551,2.84,2.89,0.0028,464,226
T-BulletDispenser-1x,5433,21.554,3.03,2.99,0.0030,464,226
T-BulletDispenser-1x,5434,21.557,3.09,3.10,0.0031,464,226
T-BulletDispenser-1x,5435,21.560,3.03,3.01,0.0030,464,226
T-BulletDispenser-1x,5436,21.563,3.29,3.30,0.0033,464,226
T-BulletDispenser-1x,5437,21.567,3.76,3.70,0.0038,464,226
T-BulletDispenser-1x,5438,21.570,3.14,3.19,0.0031,464,226
T-BulletDispenser-1x,5439,21.573,2.88,2.89,0.0029,464,226
T-BulletDispenser-1x,5440,21.576,2.48,2.50,0.0025,464,226
T-BulletDispenser-1x,5441,21.579,3.60,3.55,0.0036,464,226
T-BulletDispenser-1x,5442,21.583,3.43,3.44,0.0034,464,226
T-BulletDispenser-1x,5443,21.586,3.62,3.61,0.0036,464,226
T-BulletDispenser-1x,5444,21.590,3.38,3.40,0.0034,464,226
T-BulletDispenser-1x,5445,21.593,3.24,3.20,0.0032,464,226
T-BulletDispenser-1x,5446,21.596,3.14,3.18,0.0031,464,226
T-BulletDispenser-1x,5447,21.599,3.33,3.30,0.0033,464,226
T-BulletDispenser-1x,5448,21.603,3.41,3.41,0.0034,464,226
T-BulletDispenser-1x,5449,21.606,3.29,3.29,0.0033,464,226
T-BulletDispenser-1x,5450,21.609,2.76,2.80,0.0028,464,226
T-BulletDispenser-1x,5451,21.612,3.15,3.11,0.0032,464,226
T-BulletDispenser-1x,5452,21.615,3.16,3.11,0.0032,464,226
T-BulletDispenser-1x,5453,21.618,3.25,3.28,0.0033,464,226
T-BulletDispenser-1x,5454,21.622,3.40,3.40,0.0034,516,226
T-BulletDispenser-1x,5455,21.625,2.98,2.99,0.0030,464,226
T-BulletDispenser-1x,5456,21.628,3.29,3.30,0.0033,464,226
T-BulletDispenser-1x,5457,21.631,2.92,2.90,0.0029,464,226
T-BulletDispenser-1x,5458,21.634,3.43,3.40,0.0034,464,226
T-BulletDispenser-1x,5459,21.638,3.60,3.59,0.0036,464,226
T-BulletDispenser-1x,5460,21.641,3.15,3.20,0.0032,464,226
T-BulletDispenser-1x,5461,21.645,3.33,3.28,0.0033,464,226
T-BulletDispenser-1x,5462,21.648,3.30,3.30,0.0033,464,226
T-BulletDispenser-1x,5463,21.651,3.19,3.21,0.0032,464,226
T-BulletDispenser-1x,5464,21.654,3.12,3.09,0.0031,464,226
T-BulletDispenser-1x,5465,21.658,3.82,3.81,0.0038,464,226
T-BulletDispenser-1x,5466,21.662,3.56,3.58,0.0036,464,226
T-BulletDispenser-1x,5467,21.665,3.41,3.41,0.0034,464,226
T-BulletDispenser-1x,5468,21.668,3.20,3.19,0.0032,464,226
T-BulletDispenser-1x,5469,21.672,3.61,3.61,0.0036,464,226
T-BulletDispenser-1x,5470,21.675,3.08,3.08,0.0031,464,226
T-BulletDispenser-1x,5471,21.678,3.17,3.20,0.0032,464,226
T-BulletDispenser-1x,5472,21.681,2.94,2.92,0.0029,464,226
T-BulletDispenser-1x,5473,21.684,3.44,3.40,0.0034,464,226
T-BulletDispenser-1x,5474,21.688,3.50,3.48,0.0035,464,226
T-BulletDispenser-1x,5475,21.691,3.15,3.20,0.0032,464,226
T-BulletDispenser-1x,5476,21.694,3.42,3.41,0.0034,464,226
T-BulletDispenser-1x,5477,21.698,3.28,3.28,0.0033,464,226
T-BulletDispenser-1x,5478,21.701,3.01,3.00,0.0030,464,226
T-BulletDispenser-1x,5479,21.704,3.25,3.28,0.0033,464,226
T-BulletDispenser-1x,5480,21.707,2.81,2.81,0.0028,464,226
T-BulletDispenser-1x,5481,21.709,2.65,2.61,0.0026,464,226
T-BulletDispenser-1x,5482,21.713,3.18,3.19,0.0032,464,226
T-BulletDispenser-1x,5483,21.716,3.40,3.40,0.0034,464,226
T-BulletDispenser-1x,5484,21.720,3.48,3.50,0.0035,464,226
T-BulletDispenser-1x,5485,21.723,3.03,3.01,0.0030,464,226
T-BulletDispenser-1x,5486,21.726,2.96,2.98,0.0030,464,226
T-BulletDispenser-1x,5487,21.728,2.87,2.89,0.0029,464,226
T-BulletDispenser-1x,5488,21.731,2.93,2.91,0.0029,464,226
T-BulletDispenser-1x,5489,21.735,3.45,3.40,0.0034,464,226
T-BulletDispenser-1x,5490,21.738,3.16,3.19,0.0032,464,226
T-BulletDispenser-1x,5491,21.741,3.11,3.11,0.0031,464,226
T-BulletDispenser-1x,5492,21.744,2.92,2.90,0.0029,464,226
T-BulletDispenser-1x,5493,21.747,3.39,3.39,0.0034,464,226
T-BulletDispenser-1x,5494,21.751,3.34,3.32,0.0033,464,226
T-BulletDispenser-1x,5495,21.754,3.15,3.19,0.0031,464,226
T-BulletDispenser-1x,5496,21.757,3.21,3.19,0.0032,464,226
T-BulletDispenser-1x,5497,21.760,3.00,3.01,0.0030,464,226
T-BulletDispenser-1x,5498,21.763,2.66,2.70,0.0027,464,226
T-BulletDispenser-1x,5499,21.766,2.84,2.80,0.0028,464,226
T-BulletDispenser-1x,5500,21.769,3.30,3.30,0.0033,464,226
T-BulletDispenser-1x,5501,21.772,3.41,3.40,0.0034,464,226
T-BulletDispenser-1x,5502,21.775,2.79,2.81,0.0028,464,226
T-BulletDispenser-1x,5503,21.778,3.19,3.18,0.0032,464,226
T-BulletDispenser-1x,5504,21.782,3.33,3.30,0.0033,464,226
T-BulletDispenser-1x,5505,21.784,2.67,2.70,0.0027,464,226
T-BulletDispenser-1x,5506,21.787,3.13,3.09,0.0031,464,226
T-BulletDispenser-1x,5507,21.791,3.42,3.40,0.0034,464,226
T-BulletDispenser-1x,5508,21.794,3.46,3.50,0.0035,464,226
T-BulletDispenser-1x,5509,21.798,3.40,3.39,0.0034,464,226
T-BulletDispenser-1x,5510,21.800,2.76,2.80,0.0028,464,226
T-BulletDispenser-1x,5511,21.803,2.96,2.91,0.0030,464,226
T-BulletDispenser-1x,5512,21.806,3.00,2.99,0.0030,464,226
T-BulletDispenser-1x,5513,21.809,3.08,3.10,0.0031,464,226
T-BulletDispenser-1x,5514,21.813,3.42,3.41,0.0034,464,226
T-BulletDispenser-1x,5515,21.816,3.38,3.39,0.0034,464,226
T-BulletDispenser-1x,5516,21.819,3.01,3.00,0.0030,464,226
T-BulletDispenser-1x,5517,21.822,3.09,3.08,0.0031,516,226
T-BulletDispenser-1x,5518,21.826,3.32,3.32,0.0033,464,226
T-BulletDispenser-1x,5519,21.829,3.65,3.66,0.0036,464,226
T-BulletDispenser-1x,5520,21.833,3.34,3.33,0.0033,464,226
T-BulletDispenser-1x,5521,21.836,3.40,3.40,0.0034,464,226
T-BulletDispenser-1x,5522,21.839,3.22,3.20,0.0032,464,226
T-BulletDispenser-1x,5523,21.842,2.96,2.99,0.0030,464,226
T-BulletDispenser-1x,5524,21.845,3.08,3.10,0.0031,464,226
T-BulletDispenser-1x,5525,21.848,3.03,2.99,0.0030,464,226
T-BulletDispenser-1x,5526,21.852,3.52,3.50,0.0035,464,226
T-BulletDispenser-1x,5527,21.855,3.52,3.50,0.0035,464,226
T-BulletDispenser-1x,5528,21.858,2.93,2.99,0.0029,464,226
T-BulletDispenser-1x,5529,21.862,3.34,3.31,0.0033,464,226
T-BulletDispenser-1x,5530,21.865,2.99,3.00,0.0030,464,226
T-BulletDispenser-1x,5531,21.868,3.02,3.00,0.0030,464,226
T-BulletDispenser-1x,5532,21.871,3.29,3.31,0.0033,464,226
T-BulletDispenser-1x,5533,21.874,3.19,3.19,0.0032,464,226
T-BulletDispenser-1x,5534,21.878,3.55,3.52,0.0035,464,226
T-BulletDispenser-1x,5535,21.880,2.71,2.77,0.0027,464,226
T-BulletDispenser-1x,5536,21.884,3.39,3.31,0.0034,464,226
T-BulletDispenser-1x,5537,21.887,3.45,3.51,0.0034,464,226
T-BulletDispenser-1x,5538,21.891,3.43,3.40,0.0034,464,226
T-BulletDispenser-1x,5539,21.894,3.52,3.48,0.0035,464,226
T-BulletDispenser-1x,5540,21.897,3.05,3.08,0.0030,464,226
T-BulletDispenser-1x,5541,21.900,2.93,2.90,0.0029,464,226
T-BulletDispenser-1x,5542,21.904,3.89,3.82,0.0039,464,226
T-BulletDispenser-1x,5543,21.908,3.60,3.67,0.0036,464,226
T-BulletDispenser-1x,5544,21.911,3.48,3.50,0.0035,464,226
T-BulletDispenser-1x,5545,21.914,3.01,3.00,0.0030,464,226
T-BulletDispenser-1x,5546,21.918,3.43,3.41,0.0034,464,226
T-BulletDispenser-1x,5547,21.921,3.07,3.09,0.0031,464,226
T-BulletDispenser-1x,5548,21.923,2.78,2.79,0.0028,464,226
T-BulletDispenser-1x,5549,21.927,3.13,3.10,0.0031,464,226
T-BulletDispenser-1x,5550,21.930,3.34,3.32,0.0033,464,226
T-BulletDispenser-1x,5551,21.933,2.88,2.95,0.0029,464,226
T-BulletDispenser-1x,5552,21.936,3.12,3.06,0.0031,464,226
T-BulletDispenser-1x,5553,21.939,2.97,2.97,0.0030,464,226
T-BulletDispenser-1x,5554,21.942,2.81,2.81,0.0028,464,226
T-BulletDispenser-1x,5555,21.945,3.39,3.39,0.0034,464,226
T-BulletDispenser-1x,5556,21.948,3.27,3.29,0.0033,464,226
T-BulletDispenser-1x,5557,21.952,3.24,3.20,0.0032,464,226
T-BulletDispenser-1x,5558,21.955,3.16,3.18,0.0032,464,226
T-BulletDispenser-1x,5559,21.958,2.98,3.00,0.0030,464,226
T-BulletDispenser-1x,5560,21.961,2.83,2.81,0.0028,464,226
T-BulletDispenser-1x,5561,21.964,3.02,3.01,0.0030,464,226
T-BulletDispenser-1x,5562,21.967,3.31,3.30,0.0033,464,226
T-BulletDispenser-1x,5563,21.970,3.50,3.49,0.0035,464,226
T-BulletDispenser-1x,5564,21.974,3.49,3.50,0.0035,464,226
T-BulletDispenser-1x,5565,21.977,3.01,2.99,0.0030,464,226
T-BulletDispenser-1x,5566,21.980,3.43,3.41,0.0034,464,226
T-BulletDispenser-1x,5567,21.984,3.54,3.49,0.0035,464,226
T-BulletDispenser-1x,5568,21.987,3.23,3.28,0.0032,464,226
T-BulletDispenser-1x,5569,21.990,3.40,3.40,0.0034,464,226
T-BulletDispenser-1x,5570,21.993,2.81,2.80,0.0028,464,226
T-BulletDispenser-1x,5571,21.997,3.56,3.51,0.0036,464,226
T-BulletDispenser-1x,5572,22.001,3.75,3.78,0.0037,464,226
T-BulletDispenser-1x,5573,22.004,3.28,3.29,0.0033,464,226
T-BulletDispenser-1x,5574,22.007,3.62,3.61,0.0036,464,226
T-BulletDispenser-1x,5575,22.011,3.85,3.60,0.0039,464,226
T-BulletDispenser-1x,5576,22.014,2.92,3.19,0.0029,464,226
T-BulletDispenser-1x,5577,22.018,3.32,3.31,0.0033,464,226
T-BulletDispenser-1x,5578,22.021,3.40,3.39,0.0034,464,226
T-BulletDispenser-1x,5579,22.024,3.42,3.41,0.0034,516,226
T-BulletDispenser-1x,5580,22.028,3.49,3.50,0.0035,464,226
T-BulletDispenser-1x,5581,22.031,2.96,2.97,0.0030,464,226
T-BulletDispenser-1x,5582,22.034,3.02,3.01,0.0030,464,226
T-BulletDispenser-1x,5583,22.037,2.99,3.00,0.0030,464,226
T-BulletDispenser-1x,5584,22.040,3.35,3.32,0.0033,464,226
T-BulletDispenser-1x,5585,22.043,3.30,3.28,0.0033,464,226
T-BulletDispenser-1x,5586,22.047,3.23,3.23,0.0032,464,226
T-BulletDispenser-1x,5587,22.050,2.91,2.95,0.0029,464,226
T-BulletDispenser-1x,5588,22.052,2.83,2.81,0.0028,464,226
T-BulletDispenser-1x,5589,22.056,3.43,3.41,0.0034,464,226
T-BulletDispenser-1x,5590,22.060,3.73,3.71,0.0037,464,226
T-BulletDispenser-1x,5591,22.063,3.26,3.29,0.0033,464,226
T-BulletDispenser-1x,5592,22.066,3.17,3.20,0.0032,464,226
T-BulletDispenser-1x,5593,22.069,2.95,2.89,0.0030,464,226
T-BulletDispenser-1x,5594,22.072,2.83,2.88,0.0028,464,226
T-BulletDispenser-1x,5595,22.075,3.37,3.32,0.0034,464,226
T-BulletDispenser-1x,5596,22.080,4.36,4.34,0.0044,464,226
T-BulletDispenser-1x,5597,22.082,2.94,3.02,0.0029,464,226
T-BulletDispenser-1x,5598,22.085,2.98,2.93,0.0030,464,226
T-BulletDispenser-1x,5599,22.088,2.96,3.00,0.0030,464,226
T-BulletDispenser-1x,5600,22.091,3.04,3.02,0.0030,464,226
T-BulletDispenser-1x,5601,22.095,3.42,3.39,0.0034,464,226
T-BulletDispenser-1x,5602,22.098,3.43,3.40,0.0034,464,226
T-BulletDispenser-1x,5603,22.102,3.57,3.61,0.0036,464,226
T-BulletDispenser-1x,5604,22.105,2.84,2.89,0.0028,464,226
T-BulletDispenser-1x,5605,22.108,2.92,2.88,0.0029,464,226
T-BulletDispenser-1x,5606,22.111,3.02,3.01,0.0030,464,226
T-BulletDispenser-1x,5607,22.114,3.51,3.50,0.0035,464,226
T-BulletDispenser-1x,5608,22.118,3.51,3.50,0.0035,464,226
T-BulletDispenser-1x,5609,22.121,3.58,3.60,0.0036,464,226
T-BulletDispenser-1x,5610,22.125,3.48,3.49,0.0035,464,226
T-BulletDispenser-1x,5611,22.128,3.04,3.01,0.0030,464,226
T-BulletDispenser-1x,5612,22.131,3.59,3.61,0.0036,464,226
T-BulletDispenser-1x,5613,22.135,3.60,3.59,0.0036,464,226
T-BulletDispenser-1x,5614,22.138,3.39,3.39,0.0034,464,226
T-BulletDispenser-1x,5615,22.141,2.95,2.99,0.0029,464,226
T-BulletDispenser-1x,5616,22.145,3.25,3.21,0.0033,464,226
T-BulletDispenser-1x,5617,22.148,3.12,3.11,0.0031,464,226
T-BulletDispenser-1x,5618,22.150,2.66,2.68,0.0027,464,226
T-BulletDispenser-1x,5619,22.154,3.43,3.42,0.0034,464,226
T-BulletDispenser-1x,5620,22.157,3.45,3.47,0.0035,464,226
T-BulletDispenser-1x,5621,22.161,3.42,3.42,0.0034,464,226
T-BulletDispenser-1x,5622,22.163,2.67,2.69,0.0027,464,226
T-BulletDispenser-1x,5623,22.166,3.13,3.11,0.0031,464,226
T-BulletDispenser-1x,5624,22.170,3.45,3.40,0.0034,464,226
T-BulletDispenser-1x,5625,22.173,3.56,3.58,0.0036,464,226
T-BulletDispenser-1x,5626,22.177,3.71,3.71,0.0037,464,226
T-BulletDispenser-1x,5627,22.180,3.06,3.10,0.0031,464,226
T-BulletDispenser-1x,5628,22.183,3.23,3.20,0.0032,464,226
T-BulletDispenser-1x,5629,22.187,3.53,3.51,0.0035,464,226
T-BulletDispenser-1x,5630,22.191,3.55,3.58,0.0036,464,226
T-BulletDispenser-1x,5631,22.193,2.92,2.91,0.0029,464,226
T-BulletDispenser-1x,5632,22.197,3.31,3.29,0.0033,464,226
T-BulletDispenser-1x,5633,22.200,2.94,2.99,0.0029,464,226
T-BulletDispenser-1x,5634,22.203,2.86,2.81,0.0029,464,226
T-BulletDispenser-1x,5635,22.206,3.16,3.18,0.0032,464,226
T-BulletDispenser-1x,5636,22.209,3.00,2.99,0.0030,464,226
T-BulletDispenser-1x,5637,22.212,3.53,3.51,0.0035,464,226
T-BulletDispenser-1x,5638,22.216,3.49,3.50,0.0035,464,226
T-BulletDispenser-1x,5639,22.219,3.02,2.99,0.0030,464,226
T-BulletDispenser-1x,5640,22.221,2.52,2.58,0.0025,464,226
T-BulletDispenser-1x,5641,22.224,3.05,3.02,0.0031,516,226
T-BulletDispenser-1x,5642,22.227,3.11,3.10,0.0031,464,226
T-BulletDispenser-1x,5643,22.230,2.95,2.99,0.0029,464,226
T-BulletDispenser-1x,5644,22.234,3.23,3.20,0.0032,464,226
T-BulletDispenser-1x,5645,22.237,3.66,3.61,0.0037,464,226
T-BulletDispenser-1x,5646,22.241,3.57,3.60,0.0036,464,226
T-BulletDispenser-1x,5647,22.244,3.09,3.07,0.0031,464,226
T-BulletDispenser-1x,5648,22.247,3.52,3.50,0.0035,464,226
T-BulletDispenser-1x,5649,22.251,3.46,3.40,0.0035,464,226
T-BulletDispenser-1x,5650,22.255,3.61,3.69,0.0036,464,226
T-BulletDispenser-1x,5651,22.258,3.43,3.41,0.0034,464,226
T-BulletDispenser-1x,5652,22.261,3.51,3.51,0.0035,464,226
T-BulletDispenser-1x,5653,22.265,3.07,3.08,0.0031,464,226
T-BulletDispenser-1x,5654,22.267,2.75,2.79,0.0027,464,226
T-BulletDispenser-1x,5655,22.270,2.96,2.92,0.0030,464,226
T-BulletDispenser-1x,5656,22.274,3.37,3.38,0.0034,464,226
T-BulletDispenser-1x,5657,22.277,3.52,3.51,0.0035,464,226
T-BulletDispenser-1x,5658,22.280,3.11,3.11,0.0031,464,226
T-BulletDispenser-1x,5659,22.283,2.98,2.98,0.0030,464,226
T-BulletDispenser-1x,5660,22.286,2.90,2.89,0.0029,464,226
T-BulletDispenser-1x,5661,22.289,2.69,2.70,0.0027,464,226
T-BulletDispenser-1x,5662,22.292,2.91,2.90,0.0029,464,226
T-BulletDispenser-1x,5663,22.295,3.21,3.20,0.0032,464,226
T-BulletDispenser-1x,5664,22.298,3.29,3.30,0.0033,464,226
T-BulletDispenser-1x,5665,22.301,3.26,3.22,0.0033,464,226
T-BulletDispenser-1x,5666,22.305,3.15,3.19,0.0032,464,226
T-BulletDispenser-1x,5667,22.308,2.98,3.00,0.0030,464,226
T-BulletDispenser-1x,5668,22.311,3.30,3.23,0.0033,464,226
T-BulletDispenser-1x,5669,22.314,3.43,3.46,0.0034,464,226
T-BulletDispenser-1x,5670,22.317,2.76,2.80,0.0028,464,226
T-BulletDispenser-1x,5671,22.320,3.24,3.21,0.0032,464,226
T-BulletDispenser-1x,5672,22.323,2.97,2.98,0.0030,464,226
T-BulletDispenser-1x,5673,22.326,2.96,2.92,0.0030,464,226
T-BulletDispenser-1x,5674,22.329,2.95,2.98,0.0030,464,226
T-BulletDispenser-1x,5675,22.333,3.30,3.29,0.0033,464,226
T-BulletDispenser-1x,5676,22.336,3.29,3.29,0.0033,464,226
T-BulletDispenser-1x,5677,22.339,3.15,3.12,0.0032,464,226
T-BulletDispenser-1x,5678,22.342,3.07,3.09,0.0031,464,226
T-BulletDispenser-1x,5679,22.345,2.98,3.00,0.0030,464,226
T-BulletDispenser-1x,5680,22.348,3.10,3.09,0.0031,464,226
T-BulletDispenser-1x,5681,22.352,3.44,3.42,0.0034,464,226
T-BulletDispenser-1x,5682,22.354,2.75,2.80,0.0027,464,226
T-BulletDispenser-1x,5683,22.358,3.45,3.40,0.0034,464,226
T-BulletDispenser-1x,5684,22.361,3.19,3.19,0.0032,464,226
T-BulletDispenser-1x,5685,22.364,2.67,2.69,0.0027,464,226
T-BulletDispenser-1x,5686,22.367,3.52,3.51,0.0035,464,226
T-BulletDispenser-1x,5687,22.371,3.72,3.70,0.0037,464,226
T-BulletDispenser-1x,5688,22.374,3.54,3.51,0.0035,464,226
T-BulletDispenser-1x,5689,22.378,3.46,3.47,0.0035,464,226
T-BulletDispenser-1x,5690,22.381,2.97,2.99,0.0030,464,226
T-BulletDispenser-1x,5691,22.384,3.00,3.00,0.0030,464,226
T-BulletDispenser-1x,5692,22.387,3.31,3.30,0.0033,464,226
T-BulletDispenser-1x,5693,22.390,3.30,3.30,0.0033,464,226
T-BulletDispenser-1x,5694,22.394,3.11,3.11,0.0031,464,226
T-BulletDispenser-1x,5695,22.397,3.09,3.10,0.0031,464,226
T-BulletDispenser-1x,5696,22.400,3.09,3.09,0.0031,464,226
T-BulletDispenser-1x,5697,22.403,3.42,3.41,0.0034,464,226
T-BulletDispenser-1x,5698,22.407,3.40,3.39,0.0034,464,226
T-BulletDispenser-1x,5699,22.410,3.55,3.52,0.0036,464,226
T-BulletDispenser-1x,5700,22.414,3.39,3.40,0.0034,464,226
T-BulletDispenser-1x,5701,22.417,3.12,3.16,0.0031,464,226
T-BulletDispenser-1x,5702,22.420,2.98,2.99,0.0030,464,226
T-BulletDispenser-1x,5703,22.423,3.14,3.11,0.0031,464,226
T-BulletDispenser-1x,5704,22.426,3.52,3.51,0.0035,516,226
T-BulletDispenser-1x,5705,22.430,3.31,3.32,0.0033,464,226
T-BulletDispenser-1x,5706,22.433,3.15,3.17,0.0031,464,226
T-BulletDispenser-1x,5707,22.436,3.22,3.19,0.0032,464,226
T-BulletDispenser-1x,5708,22.439,3.10,3.11,0.0031,464,226
T-BulletDispenser-1x,5709,22.442,3.22,3.20,0.0032,464,226
T-BulletDispenser-1x,5710,22.445,3.20,3.20,0.0032,464,226
T-BulletDispenser-1x,5711,22.449,3.42,3.43,0.0034,464,226
T-BulletDispenser-1x,5712,22.452,3.25,3.26,0.0033,464,226
T-BulletDispenser-1x,5713,22.455,3.11,3.11,0.0031,464,226
T-BulletDispenser-1x,5714,22.458,2.86,2.87,0.0029,464,226
T-BulletDispenser-1x,5715,22.461,2.73,2.70,0.0027,464,226
T-BulletDispenser-1x,5716,22.464,2.88,2.90,0.0029,464,226
T-BulletDispenser-1x,5717,22.467,3.01,3.00,0.0030,464,226
T-BulletDispenser-1x,5718,22.470,3.14,3.12,0.0031,464,226
T-BulletDispenser-1x,5719,22.473,3.53,3.51,0.0035,464,226
T-BulletDispenser-1x,5720,22.477,3.27,3.28,0.0033,464,226
T-BulletDispenser-1x,5721,22.479,2.85,2.89,0.0029,464,226
T-BulletDispenser-1x,5722,22.483,3.05,3.01,0.0031,464,226
T-BulletDispenser-1x,5723,22.486,3.39,3.38,0.0034,464,226
T-BulletDispenser-1x,5724,22.489,3.39,3.40,0.0034,464,226
T-BulletDispenser-1x,5725,22.493,3.32,3.31,0.0033,464,226
T-BulletDispenser-1x,5726,22.496,3.06,3.10,0.0031,464,226
T-BulletDispenser-1x,5727,22.499,3.34,3.30,0.0033,464,226
T-BulletDispenser-1x,5728,22.502,3.10,3.09,0.0031,464,226
T-BulletDispenser-1x,5729,22.505,2.68,2.69,0.0027,464,226
T-BulletDispenser-1x,5730,22.508,3.01,3.00,0.0030,464,226
T-BulletDispenser-1x,5731,22.511,3.53,3.51,0.0035,464,226
T-BulletDispenser-1x,5732,22.515,3.38,3.38,0.0034,464,226
T-BulletDispenser-1x,5733,22.518,3.39,3.40,0.0034,464,226
T-BulletDispenser-1x,5734,22.521,3.10,3.11,0.0031,464,226
T-BulletDispenser-1x,5735,22.524,2.99,2.99,0.0030,464,226
T-BulletDispenser-1x,5736,22.527,3.12,3.11,0.0031,464,226
T-BulletDispenser-1x,5737,22.531,3.29,3.29,0.0033,464,226
T-BulletDispenser-1x,5738,22.533,2.89,2.90,0.0029,464,226
T-BulletDispenser-1x,5739,22.537,3.23,3.19,0.0032,464,226
T-BulletDispenser-1x,5740,22.540,3.00,3.00,0.0030,464,226
T-BulletDispenser-1x,5741,22.543,3.09,3.09,0.0031,464,226
T-BulletDispenser-1x,5742,22.546,3.19,3.20,0.0032,464,226
T-BulletDispenser-1x,5743,22.549,3.31,3.30,0.0033,464,226
T-BulletDispenser-1x,5744,22.553,3.29,3.30,0.0033,464,226
T-BulletDispenser-1x,5745,22.556,3.31,3.29,0.0033,464,226
T-BulletDispenser-1x,5746,22.559,2.97,2.98,0.0030,464,226
T-BulletDispenser-1x,5747,22.562,2.68,2.70,0.0027,464,226
T-BulletDispenser-1x,5748,22.565,3.05,3.01,0.0030,464,226
T-BulletDispenser-1x,5749,22.568,3.33,3.29,0.0033,464,226
T-BulletDispenser-1x,5750,22.571,2.83,2.90,0.0028,464,226
T-BulletDispenser-1x,5751,22.574,3.03,2.99,0.0030,464,226
T-BulletDispenser-1x,5752,22.577,3.19,3.20,0.0032,464,226
T-BulletDispenser-1x,5753,22.580,3.21,3.20,0.0032,464,226
T-BulletDispenser-1x,5754,22.584,3.40,3.39,0.0034,464,226
T-BulletDispenser-1x,5755,22.587,3.40,3.42,0.0034,464,226
T-BulletDispenser-1x,5756,22.590,3.32,3.28,0.0033,464,226
T-BulletDispenser-1x,5757,22.594,3.17,3.19,0.0032,464,226
T-BulletDispenser-1x,5758,22.597,3.20,3.20,0.0032,464,226
T-BulletDispenser-1x,5759,22.600,3.40,3.40,0.0034,464,226
T-BulletDispenser-1x,5760,22.604,3.69,3.69,0.0037,464,226
T-BulletDispenser-1x,5761,22.607,3.62,3.61,0.0036,464,226
T-BulletDispenser-1x,5762,22.611,3.40,3.39,0.0034,464,226
T-BulletDispenser-1x,5763,22.614,3.28,3.30,0.0033,464,226
T-BulletDispenser-1x,5764,22.617,3.11,3.11,0.0031,464,226
T-BulletDispenser-1x,5765,22.621,4.08,4.01,0.0041,464,226
T-BulletDispenser-1x,5766,22.625,3.54,3.59,0.0035,464,226
T-BulletDispenser-1x,5767,22.628,3.26,3.28,0.0033,516,226
T-BulletDispenser-1x,5768,22.631,3.12,3.11,0.0031,464,226
T-BulletDispenser-1x,5769,22.635,3.53,3.50,0.0035,464,226
T-BulletDispenser-1x,5770,22.638,3.39,3.39,0.0034,464,226
T-BulletDispenser-1x,5771,22.641,3.26,3.29,0.0033,464,226
T-BulletDispenser-1x,5772,22.645,3.34,3.31,0.0033,464,226
T-BulletDispenser-1x,5773,22.648,3.40,3.39,0.0034,464,226
T-BulletDispenser-1x,5774,22.651,3.19,3.20,0.0032,464,226
T-BulletDispenser-1x,5775,22.655,3.30,3.29,0.0033,464,226
T-BulletDispenser-1x,5776,22.658,3.41,3.41,0.0034,464,226
T-BulletDispenser-1x,5777,22.661,3.31,3.28,0.0033,464,226
T-BulletDispenser-1x,5778,22.664,2.85,2.90,0.0028,464,226
T-BulletDispenser-1x,5779,22.667,3.26,3.23,0.0033,464,226
T-BulletDispenser-1x,5780,22.671,3.39,3.38,0.0034,464,226
T-BulletDispenser-1x,5781,22.674,3.60,3.60,0.0036,464,226
T-BulletDispenser-1x,5782,22.678,3.39,3.39,0.0034,464,226
T-BulletDispenser-1x,5783,22.681,2.79,2.80,0.0028,464,226
T-BulletDispenser-1x,5784,22.684,3.29,3.29,0.0033,464,226
T-BulletDispenser-1x,5785,22.687,3.32,3.31,0.0033,464,226
T-BulletDispenser-1x,5786,22.691,3.59,3.59,0.0036,464,226
T-BulletDispenser-1x,5787,22.694,3.40,3.40,0.0034,464,226
T-BulletDispenser-1x,5788,22.698,3.42,3.41,0.0034,464,226
T-BulletDispenser-1x,5789,22.700,2.85,2.89,0.0029,464,226
T-BulletDispenser-1x,5790,22.703,2.95,2.90,0.0029,464,226
T-BulletDispenser-1x,5791,22.707,3.20,3.21,0.0032,464,226
T-BulletDispenser-1x,5792,22.710,3.51,3.50,0.0035,464,226
T-BulletDispenser-1x,5793,22.714,3.43,3.40,0.0034,464,226
T-BulletDispenser-1x,5794,22.717,3.14,3.19,0.0031,464,226
T-BulletDispenser-1x,5795,22.720,3.63,3.60,0.0036,464,226
T-BulletDispenser-1x,5796,22.723,3.04,3.08,0.0030,464,226
T-BulletDispenser-1x,5797,22.726,2.51,2.51,0.0025,464,226
T-BulletDispenser-1x,5798,22.729,3.33,3.30,0.0033,464,226
T-BulletDispenser-1x,5799,22.733,3.34,3.30,0.0033,464,226
T-BulletDispenser-1x,5800,22.736,3.34,3.38,0.0033,464,226
T-BulletDispenser-1x,5801,22.739,3.48,3.42,0.0035,464,226
T-BulletDispenser-1x,5802,22.742,3.04,3.08,0.0030,464,226
T-BulletDispenser-1x,5803,22.746,3.20,3.20,0.0032,464,226
T-BulletDispenser-1x,5804,22.749,3.32,3.30,0.0033,464,226
T-BulletDispenser-1x,5805,22.753,3.81,3.79,0.0038,464,226
T-BulletDispenser-1x,5806,22.757,4.09,4.03,0.0041,464,226
T-BulletDispenser-1x,5807,22.761,3.87,3.87,0.0039,464,226
T-BulletDispenser-1x,5808,22.764,3.44,3.48,0.0034,464,226
T-BulletDispenser-1x,5809,22.768,3.63,3.61,0.0036,464,226
T-BulletDispenser-1x,5810,22.771,3.59,3.59,0.0036,464,226
T-BulletDispenser-1x,5811,22.775,3.50,3.51,0.0035,464,226
T-BulletDispenser-1x,5812,22.778,3.35,3.39,0.0034,464,226
T-BulletDispenser-1x,5813,22.781,2.94,2.90,0.0029,464,226
T-BulletDispenser-1x,5814,22.784,2.96,2.98,0.0030,464,226
T-BulletDispenser-1x,5815,22.787,3.24,3.19,0.0032,464,226
T-BulletDispenser-1x,5816,22.791,3.58,3.59,0.0036,464,226
T-BulletDispenser-1x,5817,22.794,3.50,3.52,0.0035,464,226
T-BulletDispenser-1x,5818,22.798,3.23,3.20,0.0032,464,226
T-BulletDispenser-1x,5819,22.801,3.15,3.18,0.0031,464,226
T-BulletDispenser-1x,5820,22.804,2.98,2.99,0.0030,464,226
T-BulletDispenser-1x,5821,22.807,2.83,2.81,0.0028,464,226
T-BulletDispenser-1x,5822,22.810,3.53,3.50,0.0035,464,226
T-BulletDispenser-1x,5823,22.814,3.63,3.60,0.0036,464,226
T-BulletDispenser-1x,5824,22.817,2.86,2.88,0.0029,464,226
T-BulletDispenser-1x,5825,22.820,3.51,3.51,0.0035,464,226
T-BulletDispenser-1x,5826,22.823,3.08,3.09,0.0031,464,226
T-BulletDispenser-1x,5827,22.826,2.59,2.60,0.0026,464,226
T-BulletDispenser-1x,5828,22.829,3.45,3.42,0.0035,516,226
T-BulletDispenser-1x,5829,22.833,3.40,3.38,0.0034,464,226
T-BulletDispenser-1x,5830,22.836,3.40,3.38,0.0034,464,226
T-BulletDispenser-1x,5831,22.840,3.60,3.60,0.0036,464,226
T-BulletDispenser-1x,5832,22.842,2.84,2.89,0.0028,464,226
T-BulletDispenser-1x,5833,22.846,3.36,3.32,0.0034,464,226
T-BulletDispenser-1x,5834,22.849,3.39,3.39,0.0034,464,226
T-BulletDispenser-1x,5835,22.853,3.28,3.29,0.0033,464,226
T-BulletDispenser-1x,5836,22.856,3.56,3.53,0.0036,464,226
T-BulletDispenser-1x,5837,22.860,3.85,3.86,0.0039,464,226
T-BulletDispenser-1x,5838,22.863,3.07,3.11,0.0031,464,226
T-BulletDispenser-1x,5839,22.866,3.33,3.30,0.0033,464,226
T-BulletDispenser-1x,5840,22.870,3.53,3.50,0.0035,464,226
T-BulletDispenser-1x,5841,22.873,2.89,2.89,0.0029,464,226
T-BulletDispenser-1x,5842,22.876,3.09,3.08,0.0031,464,226
T-BulletDispenser-1x,5843,22.879,3.39,3.43,0.0034,464,226
T-BulletDispenser-1x,5844,22.883,3.35,3.28,0.0033,464,226
T-BulletDispenser-1x,5845,22.886,3.05,3.09,0.0030,464,226
T-BulletDispenser-1x,5846,22.889,3.22,3.20,0.0032,464,226
T-BulletDispenser-1x,5847,22.892,3.28,3.30,0.0033,464,226
T-BulletDispenser-1x,5848,22.895,3.28,3.31,0.0033,464,226
T-BulletDispenser-1x,5849,22.899,3.42,3.38,0.0034,464,226
T-BulletDispenser-1x,5850,22.902,3.21,3.22,0.0032,464,226
T-BulletDispenser-1x,5851,22.905,2.54,2.58,0.0025,464,226
T-BulletDispenser-1x,5852,22.908,3.06,3.01,0.0031,464,226
T-BulletDispenser-1x,5853,22.911,3.09,3.10,0.0031,464,226
T-BulletDispenser-1x,5854,22.914,3.54,3.50,0.0035,464,226
T-BulletDispenser-1x,5855,22.918,3.46,3.49,0.0035,464,226
T-BulletDispenser-1x,5856,22.921,3.11,3.10,0.0031,464,226
T-BulletDispenser-1x,5857,22.924,2.97,2.99,0.0030,464,226
T-BulletDispenser-1x,5858,22.927,3.12,3.10,0.0031,464,226
T-BulletDispenser-1x,5859,22.930,3.46,3.42,0.0035,464,226
T-BulletDispenser-1x,5860,22.933,2.82,2.88,0.0028,464,226
T-BulletDispenser-1x,5861,22.937,3.45,3.42,0.0035,464,226
T-BulletDispenser-1x,5862,22.940,3.19,3.19,0.0032,464,226
T-BulletDispenser-1x,5863,22.942,2.64,2.68,0.0026,464,226
T-BulletDispenser-1x,5864,22.946,3.16,3.12,0.0032,464,226
T-BulletDispenser-1x,5865,22.949,3.19,3.18,0.0032,464,226
T-BulletDispenser-1x,5866,22.952,3.13,3.09,0.0031,464,226
T-BulletDispenser-1x,5867,22.955,2.94,3.01,0.0029,464,226
T-BulletDispenser-1x,5868,22.958,3.36,3.30,0.0034,464,226
T-BulletDispenser-1x,5869,22.962,3.47,3.48,0.0035,464,226
T-BulletDispenser-1x,5870,22.965,3.54,3.52,0.0035,464,226
T-BulletDispenser-1x,5871,22.969,3.36,3.39,0.0034,464,226
T-BulletDispenser-1x,5872,22.972,3.47,3.40,0.0035,464,226
T-BulletDispenser-1x,5873,22.976,3.74,3.79,0.0037,464,226
T-BulletDispenser-1x,5874,22.979,3.41,3.44,0.0034,464,226
T-BulletDispenser-1x,5875,22.982,3.24,3.25,0.0032,464,226
T-BulletDispenser-1x,5876,22.986,3.24,3.22,0.0032,464,226
T-BulletDispenser-1x,5877,22.989,2.97,2.98,0.0030,464,226
T-BulletDispenser-1x,5878,22.992,3.29,3.22,0.0033,464,226
T-BulletDispenser-1x,5879,22.995,3.03,3.09,0.0030,464,226
T-BulletDispenser-1x,5880,22.999,3.52,3.50,0.0035,464,226
T-BulletDispenser-1x,5881,23.002,3.20,3.18,0.0032,464,226
T-BulletDispenser-1x,5882,23.005,3.41,3.42,0.0034,464,226
T-BulletDispenser-1x,5883,23.009,3.40,3.39,0.0034,464,226
T-BulletDispenser-1x,5884,23.012,3.59,3.59,0.0036,464,226
T-BulletDispenser-1x,5885,23.015,3.38,3.41,0.0034,464,226
T-BulletDispenser-1x,5886,23.019,3.01,2.99,0.0030,464,226
T-BulletDispenser-1x,5887,23.022,3.09,3.10,0.0031,464,226
T-BulletDispenser-1x,5888,23.025,3.00,2.99,0.0030,464,226
T-BulletDispenser-1x,5889,23.028,3.32,3.30,0.0033,464,226
T-BulletDispenser-1x,5890,23.031,3.41,3.42,0.0034,516,226
T-BulletDispenser-1x,5891,23.035,3.42,3.40,0.0034,464,226
T-BulletDispenser-1x,5892,23.037,2.72,2.77,0.0027,464,226
T-BulletDispenser-1x,5893,23.041,3.15,3.12,0.0031,464,226
T-BulletDispenser-1x,5894,23.044,3.37,3.37,0.0034,464,226
T-BulletDispenser-1x,5895,23.048,3.54,3.53,0.0035,464,226
T-BulletDispenser-1x,5896,23.050,2.85,2.89,0.0029,464,226
T-BulletDispenser-1x,5897,23.054,3.36,3.30,0.0034,464,226
T-BulletDispenser-1x,5898,23.057,2.96,2.99,0.0030,464,226
T-BulletDispenser-1x,5899,23.060,3.12,3.10,0.0031,464,226
T-BulletDispenser-1x,5900,23.063,3.18,3.20,0.0032,464,226
T-BulletDispenser-1x,5901,23.066,3.30,3.30,0.0033,464,226
T-BulletDispenser-1x,5902,23.070,3.51,3.51,0.0035,464,226
T-BulletDispenser-1x,5903,23.073,3.29,3.29,0.0033,464,226
T-BulletDispenser-1x,5904,23.076,3.02,3.00,0.0030,464,226
T-BulletDispenser-1x,5905,23.079,3.26,3.29,0.0033,464,226
T-BulletDispenser-1x,5906,23.083,3.25,3.20,0.0032,464,226
T-BulletDispenser-1x,5907,23.086,3.20,3.20,0.0032,464,226
T-BulletDispenser-1x,5908,23.089,3.09,3.09,0.0031,464,226
T-BulletDispenser-1x,5909,23.092,3.27,3.29,0.0033,464,226
T-BulletDispenser-1x,5910,23.096,3.54,3.51,0.0035,464,226
T-BulletDispenser-1x,5911,23.099,3.60,3.60,0.0036,464,226
T-BulletDispenser-1x,5912,23.103,3.72,3.72,0.0037,464,226
T-BulletDispenser-1x,5913,23.106,3.32,3.33,0.0033,464,226
T-BulletDispenser-1x,5914,23.110,3.16,3.16,0.0032,464,226
T-BulletDispenser-1x,5915,23.113,3.09,3.10,0.0031,464,226
T-BulletDispenser-1x,5916,23.116,3.00,3.00,0.0030,464,226
T-BulletDispenser-1x,5917,23.119,3.32,3.32,0.0033,464,226
T-BulletDispenser-1x,5918,23.122,3.41,3.38,0.0034,464,226
T-BulletDispenser-1x,5919,23.125,2.73,2.78,0.0027,464,226
T-BulletDispenser-1x,5920,23.128,3.30,3.23,0.0033,464,226
T-BulletDispenser-1x,5921,23.131,3.05,3.08,0.0030,464,226
T-BulletDispenser-1x,5922,23.134,2.67,2.69,0.0027,464,226
T-BulletDispenser-1x,5923,23.137,3.25,3.21,0.0033,464,226
T-BulletDispenser-1x,5924,23.141,3.26,3.29,0.0033,464,226
T-BulletDispenser-1x,5925,23.144,3.02,2.99,0.0030,464,226
T-BulletDispenser-1x,5926,23.147,2.99,3.02,0.0030,464,226
T-BulletDispenser-1x,5927,23.149,2.87,2.87,0.0029,464,226
T-BulletDispenser-1x,5928,23.152,2.85,2.81,0.0029,464,226
T-BulletDispenser-1x,5929,23.155,2.98,3.01,0.0030,464,226
T-BulletDispenser-1x,5930,23.159,3.21,3.19,0.0032,464,226
T-BulletDispenser-1x,5931,23.162,3.20,3.20,0.0032,464,226
T-BulletDispenser-1x,5932,23.165,2.98,2.99,0.0030,464,226
T-BulletDispenser-1x,5933,23.168,3.00,3.01,0.0030,464,226
T-BulletDispenser-1x,5934,23.171,3.41,3.40,0.0034,464,226
T-BulletDispenser-1x,5935,23.174,3.29,3.29,0.0033,464,226
T-BulletDispenser-1x,5936,23.178,3.12,3.10,0.0031,464,226
T-BulletDispenser-1x,5937,23.181,3.21,3.21,0.0032,464,226
T-BulletDispenser-1x,5938,23.184,3.62,3.60,0.0036,464,226
T-BulletDispenser-1x,5939,23.188,3.36,3.39,0.0034,464,226
T-BulletDispenser-1x,5940,23.191,3.17,3.19,0.0032,464,226
T-BulletDispenser-1x,5941,23.194,3.05,3.01,0.0030,464,226
T-BulletDispenser-1x,5942,23.197,3.52,3.50,0.0035,464,226
T-BulletDispenser-1x,5943,23.201,3.28,3.29,0.0033,464,226
T-BulletDispenser-1x,5944,23.204,3.06,3.10,0.0031,464,226
T-BulletDispenser-1x,5945,23.207,3.35,3.31,0.0033,464,226
T-BulletDispenser-1x,5946,23.210,3.02,2.98,0.0030,464,226
T-BulletDispenser-1x,5947,23.213,2.93,2.99,0.0029,464,226
T-BulletDispenser-1x,5948,23.216,3.33,3.29,0.0033,464,226
T-BulletDispenser-1x,5949,23.220,3.19,3.19,0.0032,464,226
T-BulletDispenser-1x,5950,23.223,3.42,3.42,0.0034,464,226
T-BulletDispenser-1x,5951,23.226,3.40,3.40,0.0034,464,226
T-BulletDispenser-1x,5952,23.230,3.37,3.38,0.0034,464,226
T-BulletDispenser-1x,5953,23.233,3.43,3.41,0.0034,516,226
T-BulletDispenser-1x,5954,23.237,3.35,3.40,0.0034,464,226
T-BulletDispenser-1x,5955,23.240,3.20,3.19,0.0032,464,226
T-BulletDispenser-1x,5956,23.243,3.55,3.52,0.0036,464,226
T-BulletDispenser-1x,5957,23.246,2.95,3.00,0.0029,464,226
T-BulletDispenser-1x,5958,23.250,3.42,3.39,0.0034,464,226
T-BulletDispenser-1x,5959,23.253,3.27,3.30,0.0033,464,226
T-BulletDispenser-1x,5960,23.256,2.85,2.82,0.0029,464,226
T-BulletDispenser-1x,5961,23.259,3.47,3.48,0.0035,464,226
T-BulletDispenser-1x,5962,23.262,3.10,3.11,0.0031,464,226
T-BulletDispenser-1x,5963,23.266,3.19,3.20,0.0032,464,226
T-BulletDispenser-1x,5964,23.269,3.05,2.99,0.0031,464,226
T-BulletDispenser-1x,5965,23.272,2.91,2.98,0.0029,464,226
T-BulletDispenser-1x,5966,23.275,3.35,3.31,0.0034,464,226
T-BulletDispenser-1x,5967,23.278,3.41,3.39,0.0034,464,226
T-BulletDispenser-1x,5968,23.282,3.37,3.41,0.0034,464,226
T-BulletDispenser-1x,5969,23.285,3.05,2.99,0.0030,464,226
T-BulletDispenser-1x,5970,23.288,2.95,3.00,0.0029,464,226
T-BulletDispenser-1x,5971,23.291,2.99,3.00,0.0030,464,226
T-BulletDispenser-1x,5972,23.294,2.95,2.90,0.0029,464,226
T-BulletDispenser-1x,5973,23.297,3.48,3.42,0.0035,464,226
T-BulletDispenser-1x,5974,23.300,3.21,3.27,0.0032,464,226
T-BulletDispenser-1x,5975,23.303,3.06,3.09,0.0031,464,226
T-BulletDispenser-1x,5976,23.306,2.87,2.83,0.0029,464,226
T-BulletDispenser-1x,5977,23.310,3.49,3.48,0.0035,464,226
T-BulletDispenser-1x,5978,23.313,3.19,3.22,0.0032,464,226
T-BulletDispenser-1x,5979,23.316,3.39,3.37,0.0034,464,226
T-BulletDispenser-1x,5980,23.320,3.48,3.50,0.0035,464,226
T-BulletDispenser-1x,5981,23.323,3.34,3.31,0.0033,464,226
T-BulletDispenser-1x,5982,23.326,3.06,3.09,0.0031,464,226
T-BulletDispenser-1x,5983,23.330,3.32,3.32,0.0033,464,226
T-BulletDispenser-1x,5984,23.333,3.13,3.10,0.0031,464,226
T-BulletDispenser-1x,5985,23.337,4.01,3.98,0.0040,464,226
T-BulletDispenser-1x,5986,23.341,3.91,3.92,0.0039,464,226
T-BulletDispenser-1x,5987,23.344,3.03,3.08,0.0030,464,226
T-BulletDispenser-1x,5988,23.346,2.69,2.71,0.0027,464,226
T-BulletDispenser-1x,5989,23.349,2.93,2.90,0.0029,464,226
T-BulletDispenser-1x,5990,23.352,3.22,3.20,0.0032,464,226
T-BulletDispenser-1x,5991,23.356,3.41,3.40,0.0034,464,226
T-BulletDispenser-1x,5992,23.359,3.50,3.50,0.0035,464,226
T-BulletDispenser-1x,5993,23.362,2.93,2.97,0.0029,464,226
T-BulletDispenser-1x,5994,23.365,3.06,2.97,0.0031,464,226
T-BulletDispenser-1x,5995,23.369,3.41,3.45,0.0034,464,226
T-BulletDispenser-1x,5996,23.372,3.59,3.58,0.0036,464,226
T-BulletDispenser-1x,5997,23.376,3.31,3.31,0.0033,464,226
T-BulletDispenser-1x,5998,23.379,3.67,3.66,0.0037,464,226
T-BulletDispenser-1x,5999,23.383,3.40,3.44,0.0034,464,226
T-BulletDispenser-1x,6000,23.386,2.79,2.79,0.0028,464,226
T-BulletDispenser-1x,6001,23.388,3.01,2.99,0.0030,464,226
T-BulletDispenser-1x,6002,23.392,3.30,3.31,0.0033,464,226
T-BulletDispenser-1x,6003,23.395,3.54,3.51,0.0035,464,226
T-BulletDispenser-1x,6004,23.399,3.48,3.48,0.0035,464,226
T-BulletDispenser-1x,6005,23.402,3.24,3.22,0.0032,464,226
T-BulletDispenser-1x,6006,23.405,3.15,3.19,0.0031,464,226
T-BulletDispenser-1x,6007,23.408,3.22,3.19,0.0032,464,226
T-BulletDispenser-1x,6008,23.412,3.42,3.40,0.0034,464,226
T-BulletDispenser-1x,6009,23.416,3.64,3.62,0.0036,464,226
T-BulletDispenser-1x,6010,23.419,3.54,3.57,0.0035,464,226
T-BulletDispenser-1x,6011,23.423,3.61,3.60,0.0036,464,226
T-BulletDispenser-1x,6012,23.426,3.11,3.02,0.0031,464,226
T-BulletDispenser-1x,6013,23.429,3.56,3.65,0.0036,464,226
T-BulletDispenser-1x,6014,23.433,3.51,3.52,0.0035,464,226
T-BulletDispenser-1x,6015,23.436,3.58,3.53,0.0036,516,226
T-BulletDispenser-1x,6016,23.440,3.48,3.47,0.0035,464,226
T-BulletDispenser-1x,6017,23.443,2.87,2.88,0.0029,464,226
T-BulletDispenser-1x,6018,23.446,3.10,3.10,0.0031,464,226
T-BulletDispenser-1x,6019,23.449,3.50,3.51,0.0035,464,226
T-BulletDispenser-1x,6020,23.453,3.42,3.39,0.0034,464,226
T-BulletDispenser-1x,6021,23.456,3.31,3.29,0.0033,464,226
T-BulletDispenser-1x,6022,23.459,3.34,3.38,0.0033,464,226
T-BulletDispenser-1x,6023,23.463,3.51,3.51,0.0035,464,226
T-BulletDispenser-1x,6024,23.466,3.52,3.50,0.0035,464,226
T-BulletDispenser-1x,6025,23.470,3.68,3.70,0.0037,464,226
T-BulletDispenser-1x,6026,23.473,3.30,3.29,0.0033,464,226
T-BulletDispenser-1x,6027,23.477,3.52,3.50,0.0035,464,226
T-BulletDispenser-1x,6028,23.480,3.30,3.29,0.0033,464,226
T-BulletDispenser-1x,6029,23.484,3.32,3.29,0.0033,464,226
T-BulletDispenser-1x,6030,23.487,3.37,3.40,0.0034,464,226
T-BulletDispenser-1x,6031,23.490,3.49,3.50,0.0035,464,226
T-BulletDispenser-1x,6032,23.493,3.01,2.99,0.0030,464,226
T-BulletDispenser-1x,6033,23.497,3.50,3.50,0.0035,464,226
T-BulletDispenser-1x,6034,23.500,3.31,3.31,0.0033,464,226
T-BulletDispenser-1x,6035,23.504,3.50,3.50,0.0035,464,226
T-BulletDispenser-1x,6036,23.508,3.74,3.71,0.0037,464,226
T-BulletDispenser-1x,6037,23.511,3.56,3.59,0.0036,464,226
T-BulletDispenser-1x,6038,23.514,3.31,3.29,0.0033,464,226
T-BulletDispenser-1x,6039,23.517,2.74,2.79,0.0027,464,226
T-BulletDispenser-1x,6040,23.520,2.82,2.80,0.0028,464,226
T-BulletDispenser-1x,6041,23.523,3.36,3.32,0.0034,464,226
T-BulletDispenser-1x,6042,23.527,3.26,3.27,0.0033,464,226
T-BulletDispenser-1x,6043,23.529,2.96,3.00,0.0030,464,226
T-BulletDispenser-1x,6044,23.533,3.20,3.21,0.0032,464,226
T-BulletDispenser-1x,6045,23.536,2.83,2.80,0.0028,464,226
T-BulletDispenser-1x,6046,23.539,3.12,3.10,0.0031,464,226
T-BulletDispenser-1x,6047,23.542,3.40,3.41,0.0034,464,226
T-BulletDispenser-1x,6048,23.546,3.60,3.58,0.0036,464,226
T-BulletDispenser-1x,6049,23.549,3.50,3.50,0.0035,464,226
T-BulletDispenser-1x,6050,23.552,3.28,3.30,0.0033,464,226
T-BulletDispenser-1x,6051,23.555,2.77,2.80,0.0028,464,226
T-BulletDispenser-1x,6052,23.559,3.46,3.40,0.0035,464,226
T-BulletDispenser-1x,6053,23.562,3.48,3.49,0.0035,464,226
T-BulletDispenser-1x,6054,23.566,3.69,3.69,0.0037,464,226
T-BulletDispenser-1x,6055,23.570,3.72,3.71,0.0037,464,226
T-BulletDispenser-1x,6056,23.573,3.09,3.10,0.0031,464,226
T-BulletDispenser-1x,6057,23.576,3.72,3.70,0.0037,464,226
T-BulletDispenser-1x,6058,23.580,3.27,3.28,0.0033,464,226
T-BulletDispenser-1x,6059,23.583,3.28,3.29,0.0033,464,226
T-BulletDispenser-1x,6060,23.586,3.33,3.30,0.0033,464,226
T-BulletDispenser-1x,6061,23.589,3.21,3.22,0.0032,464,226
T-BulletDispenser-1x,6062,23.592,2.79,2.78,0.0028,464,226
T-BulletDispenser-1x,6063,23.595,3.17,3.18,0.0032,464,226
T-BulletDispenser-1x,6064,23.599,3.22,3.22,0.0032,464,226
T-BulletDispenser-1x,6065,23.602,3.13,3.10,0.0031,464,226
T-BulletDispenser-1x,6066,23.605,3.05,3.10,0.0030,464,226
T-BulletDispenser-1x,6067,23.608,2.90,2.91,0.0029,464,226
T-BulletDispenser-1x,6068,23.610,2.73,2.69,0.0027,464,226
T-BulletDispenser-1x,6069,23.613,2.86,2.89,0.0029,464,226
T-BulletDispenser-1x,6070,23.616,3.13,3.11,0.0031,464,226
T-BulletDispenser-1x,6071,23.619,2.99,2.98,0.0030,464,226
T-BulletDispenser-1x,6072,23.623,3.21,3.21,0.0032,464,226
T-BulletDispenser-1x,6073,23.626,3.14,3.13,0.0031,464,226
T-BulletDispenser-1x,6074,23.629,3.48,3.51,0.0035,464,226
T-BulletDispenser-1x,6075,23.633,3.40,3.37,0.0034,464,226
T-BulletDispenser-1x,6076,23.636,3.27,3.29,0.0033,464,226
T-BulletDispenser-1x,6077,23.639,3.39,3.38,0.0034,516,226
T-BulletDispenser-1x,6078,23.642,3.17,3.05,0.0032,464,226
T-BulletDispenser-1x,6079,23.646,3.34,3.45,0.0033,464,226
T-BulletDispenser-1x,6080,23.649,3.16,3.19,0.0032,464,226
T-BulletDispenser-1x,6081,23.652,2.63,2.62,0.0026,464,226
T-BulletDispenser-1x,6082,23.655,3.21,3.20,0.0032,464,226
T-BulletDispenser-1x,6083,23.658,3.40,3.39,0.0034,464,226
T-BulletDispenser-1x,6084,23.662,3.54,3.50,0.0035,464,226
T-BulletDispenser-1x,6085,23.665,3.46,3.50,0.0035,464,226
T-BulletDispenser-1x,6086,23.668,2.65,2.68,0.0027,464,226
T-BulletDispenser-1x,6087,23.671,3.03,3.00,0.0030,464,226
T-BulletDispenser-1x,6088,23.674,3.04,3.01,0.0030,464,226
T-BulletDispenser-1x,6089,23.677,3.30,3.30,0.0033,464,226
T-BulletDispenser-1x,6090,23.680,3.17,3.21,0.0032,464,226
T-BulletDispenser-1x,6091,23.684,3.35,3.30,0.0034,464,226
T-BulletDispenser-1x,6092,23.687,3.45,3.48,0.0035,464,226
T-BulletDispenser-1x,6093,23.691,3.46,3.42,0.0035,464,226
T-BulletDispenser-1x,6094,23.694,3.17,3.18,0.0032,464,226
T-BulletDispenser-1x,6095,23.697,3.25,3.23,0.0033,464,226
T-BulletDispenser-1x,6096,23.700,3.26,3.29,0.0033,464,226
T-BulletDispenser-1x,6097,23.704,3.69,3.68,0.0037,464,226
T-BulletDispenser-1x,6098,23.708,3.52,3.51,0.0035,464,226
T-BulletDispenser-1x,6099,23.711,3.59,3.59,0.0036,464,226
T-BulletDispenser-1x,6100,23.714,3.08,3.10,0.0031,464,226
T-BulletDispenser-1x,6101,23.717,2.65,2.69,0.0027,464,226
T-BulletDispenser-1x,6102,23.720,2.95,2.91,0.0030,464,226
T-BulletDispenser-1x,6103,23.723,3.24,3.20,0.0032,464,226
T-BulletDispenser-1x,6104,23.727,3.45,3.48,0.0035,464,226
T-BulletDispenser-1x,6105,23.730,3.08,3.11,0.0031,464,226
T-BulletDispenser-1x,6106,23.733,2.97,2.98,0.0030,464,226
T-BulletDispenser-1x,6107,23.736,3.04,3.01,0.0030,464,226
T-BulletDispenser-1x,6108,23.739,3.43,3.40,0.0034,464,226
T-BulletDispenser-1x,6109,23.742,2.85,2.90,0.0029,464,226
T-BulletDispenser-1x,6110,23.745,3.25,3.20,0.0033,464,226
T-BulletDispenser-1x,6111,23.749,3.37,3.40,0.0034,464,226
T-BulletDispenser-1x,6112,23.751,2.67,2.70,0.0027,464,226
T-BulletDispenser-1x,6113,23.755,3.48,3.41,0.0035,464,226
T-BulletDispenser-1x,6114,23.758,3.48,3.49,0.0035,464,226
T-BulletDispenser-1x,6115,23.762,3.46,3.49,0.0035,464,226
T-BulletDispenser-1x,6116,23.765,3.12,3.11,0.0031,464,226
T-BulletDispenser-1x,6117,23.768,2.97,2.99,0.0030,464,226
T-BulletDispenser-1x,6118,23.771,3.18,3.20,0.0032,464,226
T-BulletDispenser-1x,6119,23.774,3.23,3.19,0.0032,464,226
T-BulletDispenser-1x,6120,23.777,3.31,3.31,0.0033,464,226
T-BulletDispenser-1x,6121,23.781,3.22,3.21,0.0032,464,226
T-BulletDispenser-1x,6122,23.784,3.65,3.58,0.0036,464,226
T-BulletDispenser-1x,6123,23.787,3.11,3.20,0.0031,464,226
T-BulletDispenser-1x,6124,23.791,3.10,3.09,0.0031,464,226
T-BulletDispenser-1x,6125,23.794,3.30,3.30,0.0033,464,226
T-BulletDispenser-1x,6126,23.797,3.56,3.50,0.0036,464,226
T-BulletDispenser-1x,6127,23.800,3.13,3.20,0.0031,464,226
T-BulletDispenser-1x,6128,23.804,3.44,3.40,0.0034,464,226
T-BulletDispenser-1x,6129,23.807,3.39,3.40,0.0034,464,226
T-BulletDispenser-1x,6130,23.811,3.73,3.70,0.0037,464,226
T-BulletDispenser-1x,6131,23.815,3.47,3.50,0.0035,464,226
T-BulletDispenser-1x,6132,23.818,3.62,3.60,0.0036,464,226
T-BulletDispenser-1x,6133,23.822,3.76,3.70,0.0038,464,226
T-BulletDispenser-1x,6134,23.825,3.25,3.30,0.0033,464,226
T-BulletDispenser-1x,6135,23.829,3.36,3.38,0.0034,464,226
T-BulletDispenser-1x,6136,23.832,3.32,3.30,0.0033,464,226
T-BulletDispenser-1x,6137,23.835,3.38,3.38,0.0034,464,226
T-BulletDispenser-1x,6138,23.838,2.87,2.90,0.0029,464,226
T-BulletDispenser-1x,6139,23.841,3.15,3.11,0.0032,516,226
T-BulletDispenser-1x,6140,23.845,3.61,3.60,0.0036,464,226
T-BulletDispenser-1x,6141,23.848,3.31,3.30,0.0033,464,226
T-BulletDispenser-1x,6142,23.852,3.48,3.50,0.0035,464,226
T-BulletDispenser-1x,6143,23.855,2.95,2.99,0.0030,464,226
T-BulletDispenser-1x,6144,23.858,3.34,3.31,0.0033,464,226
T-BulletDispenser-1x,6145,23.861,3.25,3.19,0.0033,464,226
T-BulletDispenser-1x,6146,23.865,3.43,3.49,0.0034,464,226
T-BulletDispenser-1x,6147,23.868,3.46,3.42,0.0035,464,226
T-BulletDispenser-1x,6148,23.871,3.02,3.08,0.0030,464,226
T-BulletDispenser-1x,6149,23.874,3.35,3.31,0.0033,464,226
T-BulletDispenser-1x,6150,23.878,3.08,3.09,0.0031,464,226
T-BulletDispenser-1x,6151,23.880,2.66,2.69,0.0027,464,226
T-BulletDispenser-1x,6152,23.883,3.15,3.11,0.0032,464,226
T-BulletDispenser-1x,6153,23.887,3.40,3.39,0.0034,464,226
T-BulletDispenser-1x,6154,23.890,3.28,3.30,0.0033,464,226
T-BulletDispenser-1x,6155,23.893,3.12,3.10,0.0031,464,226
T-BulletDispenser-1x,6156,23.896,3.08,3.09,0.0031,464,226
T-BulletDispenser-1x,6157,23.899,3.00,3.00,0.0030,464,226
T-BulletDispenser-1x,6158,23.902,2.92,2.91,0.0029,464,226
T-BulletDispenser-1x,6159,23.905,3.00,3.00,0.0030,464,226
T-BulletDispenser-1x,6160,23.909,3.34,3.30,0.0033,464,226
T-BulletDispenser-1x,6161,23.912,3.43,3.48,0.0034,464,226
T-BulletDispenser-1x,6162,23.915,3.41,3.40,0.0034,464,226
T-BulletDispenser-1x,6163,23.918,2.87,2.89,0.0029,464,226
T-BulletDispenser-1x,6164,23.921,3.16,3.13,0.0032,464,226
T-BulletDispenser-1x,6165,23.925,3.18,3.19,0.0032,464,226
T-BulletDispenser-1x,6166,23.928,3.27,3.29,0.0033,464,226
T-BulletDispenser-1x,6167,23.930,2.58,2.60,0.0026,464,226
T-BulletDispenser-1x,6168,23.934,3.15,3.12,0.0032,464,226
T-BulletDispenser-1x,6169,23.937,3.43,3.39,0.0034,464,226
T-BulletDispenser-1x,6170,23.941,3.66,3.69,0.0037,464,226
T-BulletDispenser-1x,6171,23.944,3.20,3.19,0.0032,464,226
T-BulletDispenser-1x,6172,23.947,3.62,3.60,0.0036,464,226
T-BulletDispenser-1x,6173,23.951,3.32,3.30,0.0033,464,226
T-BulletDispenser-1x,6174,23.954,3.36,3.39,0.0034,464,226
T-BulletDispenser-1x,6175,23.957,3.23,3.20,0.0032,464,226
T-BulletDispenser-1x,6176,23.961,3.51,3.52,0.0035,464,226
T-BulletDispenser-1x,6177,23.964,3.47,3.47,0.0035,464,226
T-BulletDispenser-1x,6178,23.967,2.96,2.99,0.0030,464,226
T-BulletDispenser-1x,6179,23.971,3.44,3.41,0.0034,464,226
T-BulletDispenser-1x,6180,23.974,3.37,3.41,0.0034,464,226
T-BulletDispenser-1x,6181,23.977,3.25,3.20,0.0033,464,226
T-BulletDispenser-1x,6182,23.981,3.68,3.69,0.0037,464,226
T-BulletDispenser-1x,6183,23.984,3.07,3.10,0.0031,464,226
T-BulletDispenser-1x,6184,23.987,2.99,2.99,0.0030,464,226
T-BulletDispenser-1x,6185,23.991,3.47,3.40,0.0035,464,226
T-BulletDispenser-1x,6186,23.994,3.56,3.59,0.0036,464,226
T-BulletDispenser-1x,6187,23.997,3.24,3.22,0.0032,464,226
T-BulletDispenser-1x,6188,24.001,3.36,3.40,0.0034,464,226
T-BulletDispenser-1x,6189,24.004,3.20,3.18,0.0032,464,226
T-BulletDispenser-1x,6190,24.007,3.17,3.10,0.0032,464,226
T-BulletDispenser-1x,6191,24.010,3.35,3.40,0.0034,464,226
T-BulletDispenser-1x,6192,24.014,3.75,3.50,0.0038,464,226
T-BulletDispenser-1x,6193,24.017,3.24,3.49,0.0032,464,226
T-BulletDispenser-1x,6194,24.021,3.49,3.49,0.0035,464,226
T-BulletDispenser-1x,6195,24.024,3.30,3.31,0.0033,464,226
T-BulletDispenser-1x,6196,24.028,3.44,3.40,0.0034,464,226
T-BulletDispenser-1x,6197,24.031,3.59,3.60,0.0036,464,226
T-BulletDispenser-1x,6198,24.035,3.70,3.69,0.0037,464,226
T-BulletDispenser-1x,6199,24.039,3.59,3.60,0.0036,464,226
T-BulletDispenser-1x,6200,24.042,3.59,3.58,0.0036,516,226
T-BulletDispenser-1x,6201,24.046,3.53,3.52,0.0035,464,226
T-BulletDispenser-1x,6202,24.049,3.59,3.59,0.0036,464,226
T-BulletDispenser-1x,6203,24.053,3.22,3.21,0.0032,464,226
T-BulletDispenser-1x,6204,24.056,3.70,3.68,0.0037,464,226
T-BulletDispenser-1x,6205,24.060,3.59,3.61,0.0036,464,226
T-BulletDispenser-1x,6206,24.064,3.88,3.89,0.0039,464,226
T-BulletDispenser-1x,6207,24.067,3.59,3.61,0.0036,464,226
T-BulletDispenser-1x,6208,24.071,3.40,3.38,0.0034,464,226
T-BulletDispenser-1x,6209,24.074,3.50,3.51,0.0035,464,226
T-BulletDispenser-1x,6210,24.078,3.83,3.79,0.0038,464,226
T-BulletDispenser-1x,6211,24.081,3.33,3.38,0.0033,464,226
T-BulletDispenser-1x,6212,24.085,3.65,3.62,0.0037,464,226
T-BulletDispenser-1x,6213,24.088,2.95,3.00,0.0030,464,226
T-BulletDispenser-1x,6214,24.091,3.25,3.21,0.0032,464,226
T-BulletDispenser-1x,6215,24.095,3.57,3.60,0.0036,464,226
T-BulletDispenser-1x,6216,24.098,3.23,3.20,0.0032,464,226
T-BulletDispenser-1x,6217,24.101,2.96,2.90,0.0030,464,226
T-BulletDispenser-1x,6218,24.104,3.50,3.57,0.0035,464,226
T-BulletDispenser-1x,6219,24.108,3.25,3.22,0.0033,464,226
T-BulletDispenser-1x,6220,24.111,3.09,3.10,0.0031,464,226
T-BulletDispenser-1x,6221,24.114,3.41,3.40,0.0034,464,226
T-BulletDispenser-1x,6222,24.117,3.28,3.29,0.0033,464,226
T-BulletDispenser-1x,6223,24.121,3.70,3.68,0.0037,464,226
T-BulletDispenser-1x,6224,24.125,3.59,3.60,0.0036,464,226
T-BulletDispenser-1x,6225,24.128,3.64,3.61,0.0036,464,226
T-BulletDispenser-1x,6226,24.131,3.14,3.18,0.0031,464,226
T-BulletDispenser-1x,6227,24.135,3.26,3.20,0.0033,464,226
T-BulletDispenser-1x,6228,24.138,3.40,3.41,0.0034,464,226
T-BulletDispenser-1x,6229,24.142,3.39,3.40,0.0034,464,226
T-BulletDispenser-1x,6230,24.145,3.57,3.59,0.0036,464,226
T-BulletDispenser-1x,6231,24.148,3.30,3.29,0.0033,464,226
T-BulletDispenser-1x,6232,24.151,3.08,3.09,0.0031,464,226
T-BulletDispenser-1x,6233,24.155,3.35,3.33,0.0034,464,226
T-BulletDispenser-1x,6234,24.159,3.69,3.70,0.0037,464,226
T-BulletDispenser-1x,6235,24.162,3.91,3.89,0.0039,464,226
T-BulletDispenser-1x,6236,24.166,3.38,3.40,0.0034,464,226
T-BulletDispenser-1x,6237,24.169,3.58,3.60,0.0036,464,226
T-BulletDispenser-1x,6238,24.172,2.82,2.80,0.0028,464,226
T-BulletDispenser-1x,6239,24.175,3.08,3.09,0.0031,464,226
T-BulletDispenser-1x,6240,24.179,4.07,4.05,0.0041,464,226
T-BulletDispenser-1x,6241,24.183,3.47,3.45,0.0035,464,226
T-BulletDispenser-1x,6242,24.186,3.60,3.60,0.0036,464,226
T-BulletDispenser-1x,6243,24.190,3.27,3.28,0.0033,464,226
T-BulletDispenser-1x,6244,24.193,3.53,3.52,0.0035,464,226
T-BulletDispenser-1x,6245,24.196,3.17,3.17,0.0032,464,226
T-BulletDispenser-1x,6246,24.199,2.96,2.99,0.0030,464,226
T-BulletDispenser-1x,6247,24.203,3.86,3.83,0.0039,464,226
T-BulletDispenser-1x,6248,24.207,3.37,3.38,0.0034,464,226
T-BulletDispenser-1x,6249,24.210,3.77,3.72,0.0038,464,226
T-BulletDispenser-1x,6250,24.214,3.48,3.49,0.0035,464,226
T-BulletDispenser-1x,6251,24.217,2.92,2.98,0.0029,464,226
T-BulletDispenser-1x,6252,24.220,3.05,3.01,0.0031,464,226
T-BulletDispenser-1x,6253,24.223,3.09,3.10,0.0031,464,226
T-BulletDispenser-1x,6254,24.226,3.21,3.20,0.0032,464,226
T-BulletDispenser-1x,6255,24.230,3.52,3.50,0.0035,464,226
T-BulletDispenser-1x,6256,24.233,3.25,3.29,0.0033,464,226
T-BulletDispenser-1x,6257,24.236,3.41,3.40,0.0034,464,226
T-BulletDispenser-1x,6258,24.239,3.14,3.11,0.0031,464,226
T-BulletDispenser-1x,6259,24.243,3.27,3.31,0.0033,516,226
T-BulletDispenser-1x,6260,24.246,3.10,3.08,0.0031,464,226
T-BulletDispenser-1x,6261,24.249,3.60,3.59,0.0036,464,226
T-BulletDispenser-1x,6262,24.253,3.53,3.50,0.0035,464,226
T-BulletDispenser-1x,6263,24.256,3.40,3.41,0.0034,464,226
T-BulletDispenser-1x,6264,24.260,3.24,3.19,0.0032,464,226
T-BulletDispenser-1x,6265,24.263,3.26,3.29,0.0033,464,226
T-BulletDispenser-1x,6266,24.266,3.16,3.19,0.0032,464,226
T-BulletDispenser-1x,6267,24.269,3.31,3.30,0.0033,464,226
T-BulletDispenser-1x,6268,24.273,3.50,3.50,0.0035,464,226
T-BulletDispenser-1x,6269,24.276,3.63,3.61,0.0036,464,226
T-BulletDispenser-1x,6270,24.279,3.06,3.09,0.0031,464,226
T-BulletDispenser-1x,6271,24.283,3.21,3.21,0.0032,464,226
T-BulletDispenser-1x,6272,24.286,3.12,3.10,0.0031,464,226
T-BulletDispenser-1x,6273,24.289,3.20,3.19,0.0032,464,226
T-BulletDispenser-1x,6274,24.292,3.39,3.41,0.0034,464,226
T-BulletDispenser-1x,6275,24.296,3.47,3.41,0.0035,464,226
T-BulletDispenser-1x,6276,24.299,3.57,3.59,0.0036,464,226
T-BulletDispenser-1x,6277,24.303,3.50,3.49,0.0035,464,226
T-BulletDispenser-1x,6278,24.306,2.87,2.88,0.0029,464,226
T-BulletDispenser-1x,6279,24.309,3.57,3.52,0.0036,464,226
T-BulletDispenser-1x,6280,24.313,3.44,3.48,0.0034,464,226
T-BulletDispenser-1x,6281,24.316,3.40,3.40,0.0034,464,226
T-BulletDispenser-1x,6282,24.320,3.54,3.51,0.0035,464,226
T-BulletDispenser-1x,6283,24.323,3.24,3.28,0.0032,464,226
T-BulletDispenser-1x,6284,24.326,2.80,2.82,0.0028,464,226
T-BulletDispenser-1x,6285,24.329,3.47,3.43,0.0035,464,226
T-BulletDispenser-1x,6286,24.333,3.46,3.46,0.0035,464,226
T-BulletDispenser-1x,6287,24.336,3.56,3.58,0.0036,464,226
T-BulletDispenser-1x,6288,24.340,3.21,3.21,0.0032,464,226
T-BulletDispenser-1x,6289,24.343,3.63,3.62,0.0036,464,226
T-BulletDispenser-1x,6290,24.346,2.95,2.98,0.0029,464,226
T-BulletDispenser-1x,6291,24.349,3.34,3.29,0.0033,464,226
T-BulletDispenser-1x,6292,24.353,3.60,3.60,0.0036,464,226
T-BulletDispenser-1x,6293,24.356,3.22,3.20,0.0032,464,226
T-BulletDispenser-1x,6294,24.359,2.93,2.98,0.0029,464,226
T-BulletDispenser-1x,6295,24.363,3.70,3.63,0.0037,464,226
T-BulletDispenser-1x,6296,24.366,3.03,3.01,0.0030,464,226
T-BulletDispenser-1x,6297,24.369,3.27,3.29,0.0033,464,226
T-BulletDispenser-1x,6298,24.373,3.41,3.40,0.0034,464,226
T-BulletDispenser-1x,6299,24.376,3.12,3.17,0.0031,464,226
T-BulletDispenser-1x,6300,24.379,3.58,3.56,0.0036,464,226
T-BulletDispenser-1x,6301,24.383,3.32,3.25,0.0033,464,226
T-BulletDispenser-1x,6302,24.386,3.25,3.29,0.0032,464,226
T-BulletDispenser-1x,6303,24.389,3.18,3.20,0.0032,464,226
T-BulletDispenser-1x,6304,24.393,3.85,3.81,0.0039,464,226
T-BulletDispenser-1x,6305,24.396,3.39,3.39,0.0034,464,226
T-BulletDispenser-1x,6306,24.400,3.53,3.51,0.0035,464,226
T-BulletDispenser-1x,6307,24.404,3.70,3.69,0.0037,464,226
T-BulletDispenser-1x,6308,24.407,3.44,3.49,0.0034,464,226
T-BulletDispenser-1x,6309,24.410,3.45,3.40,0.0035,464,226
T-BulletDispenser-1x,6310,24.414,4.00,4.01,0.0040,464,226
T-BulletDispenser-1x,6311,24.418,3.55,3.51,0.0036,464,226
T-BulletDispenser-1x,6312,24.421,3.44,3.47,0.0034,464,226
T-BulletDispenser-1x,6313,24.425,3.70,3.69,0.0037,464,226
T-BulletDispenser-1x,6314,24.429,3.48,3.48,0.0035,464,226
T-BulletDispenser-1x,6315,24.432,3.80,3.81,0.0038,464,226
T-BulletDispenser-1x,6316,24.436,3.63,3.59,0.0036,464,226
T-BulletDispenser-1x,6317,24.439,3.43,3.48,0.0034,464,226
T-BulletDispenser-1x,6318,24.443,3.16,3.12,0.0032,464,226
T-BulletDispenser-1x,6319,24.446,3.27,3.28,0.0033,516,226
T-BulletDispenser-1x,6320,24.449,3.20,3.21,0.0032,464,226
T-BulletDispenser-1x,6321,24.452,2.94,2.90,0.0029,464,226
T-BulletDispenser-1x,6322,24.456,3.79,3.80,0.0038,464,226
T-BulletDispenser-1x,6323,24.460,3.81,3.79,0.0038,464,226
T-BulletDispenser-1x,6324,24.463,3.45,3.49,0.0034,464,226
T-BulletDispenser-1x,6325,24.467,3.57,3.51,0.0036,464,226
T-BulletDispenser-1x,6326,24.470,3.51,3.58,0.0035,464,226
T-BulletDispenser-1x,6327,24.474,3.63,3.60,0.0036,464,226
T-BulletDispenser-1x,6328,24.477,3.31,3.30,0.0033,464,226
T-BulletDispenser-1x,6329,24.481,3.70,3.71,0.0037,464,226
T-BulletDispenser-1x,6330,24.484,3.13,3.11,0.0031,464,226
T-BulletDispenser-1x,6331,24.487,3.53,3.50,0.0035,464,226
T-BulletDispenser-1x,6332,24.491,3.23,3.27,0.0032,464,226
T-BulletDispenser-1x,6333,24.494,3.24,3.20,0.0032,464,226
T-BulletDispenser-1x,6334,24.497,3.59,3.60,0.0036,464,226
T-BulletDispenser-1x,6335,24.501,3.17,3.22,0.0032,464,226
T-BulletDispenser-1x,6336,24.504,3.44,3.40,0.0034,464,226
T-BulletDispenser-1x,6337,24.508,3.73,3.77,0.0037,464,226
T-BulletDispenser-1x,6338,24.511,3.23,3.20,0.0032,464,226
T-BulletDispenser-1x,6339,24.515,3.49,3.50,0.0035,464,226
T-BulletDispenser-1x,6340,24.518,3.42,3.41,0.0034,464,226
T-BulletDispenser-1x,6341,24.521,3.50,3.49,0.0035,464,226
T-BulletDispenser-1x,6342,24.525,3.27,3.30,0.0033,464,226
T-BulletDispenser-1x,6343,24.528,3.69,3.63,0.0037,464,226
T-BulletDispenser-1x,6344,24.532,3.18,3.24,0.0032,464,226
T-BulletDispenser-1x,6345,24.535,3.55,3.50,0.0035,464,226
T-BulletDispenser-1x,6346,24.539,3.52,3.52,0.0035,464,226
T-BulletDispenser-1x,6347,24.542,3.41,3.41,0.0034,464,226
T-BulletDispenser-1x,6348,24.546,4.08,4.08,0.0041,464,226
T-BulletDispenser-1x,6349,24.550,3.60,3.61,0.0036,464,226
T-BulletDispenser-1x,6350,24.553,3.57,3.59,0.0036,464,226
T-BulletDispenser-1x,6351,24.556,3.11,3.09,0.0031,464,226
T-BulletDispenser-1x,6352,24.560,3.44,3.40,0.0034,464,226
T-BulletDispenser-1x,6353,24.563,3.04,3.09,0.0030,464,226
T-BulletDispenser-1x,6354,24.566,3.48,3.42,0.0035,464,226
T-BulletDispenser-1x,6355,24.570,3.66,3.70,0.0037,464,226
T-BulletDispenser-1x,6356,24.573,3.26,3.27,0.0033,464,226
T-BulletDispenser-1x,6357,24.577,3.43,3.41,0.0034,464,226
T-BulletDispenser-1x,6358,24.580,3.30,3.29,0.0033,464,226
T-BulletDispenser-1x,6359,24.583,3.33,3.32,0.0033,464,226
T-BulletDispenser-1x,6360,24.587,3.35,3.37,0.0033,464,226
T-BulletDispenser-1x,6361,24.590,3.21,3.21,0.0032,464,226
T-BulletDispenser-1x,6362,24.594,3.83,3.82,0.0038,464,226
T-BulletDispenser-1x,6363,24.597,3.09,3.09,0.0031,464,226
T-BulletDispenser-1x,6364,24.600,3.39,3.40,0.0034,464,226
T-BulletDispenser-1x,6365,24.603,3.19,3.19,0.0032,464,226
T-BulletDispenser-1x,6366,24.607,3.51,3.50,0.0035,464,226
T-BulletDispenser-1x,6367,24.610,3.51,3.50,0.0035,464,226
T-BulletDispenser-1x,6368,24.614,3.48,3.49,0.0035,464,226
T-BulletDispenser-1x,6369,24.617,3.23,3.21,0.0032,464,226
T-BulletDispenser-1x,6370,24.620,3.04,3.08,0.0030,464,226
T-BulletDispenser-1x,6371,24.623,2.80,2.79,0.0028,464,226
T-BulletDispenser-1x,6372,24.626,3.11,3.12,0.0031,464,226
T-BulletDispenser-1x,6373,24.630,3.41,3.38,0.0034,464,226
T-BulletDispenser-1x,6374,24.633,3.62,3.60,0.0036,464,226
T-BulletDispenser-1x,6375,24.637,3.61,3.61,0.0036,464,226
T-BulletDispenser-1x,6376,24.640,3.31,3.30,0.0033,464,226
T-BulletDispenser-1x,6377,24.643,3.30,3.30,0.0033,464,226
T-BulletDispenser-1x,6378,24.647,3.50,3.49,0.0035,516,226
T-BulletDispenser-1x,6379,24.650,3.06,3.10,0.0031,464,226
T-BulletDispenser-1x,6380,24.653,3.39,3.39,0.0034,464,226
T-BulletDispenser-1x,6381,24.656,3.13,3.11,0.0031,464,226
T-BulletDispenser-1x,6382,24.659,3.07,3.09,0.0031,464,226
T-BulletDispenser-1x,6383,24.663,3.12,3.09,0.0031,464,226
T-BulletDispenser-1x,6384,24.666,3.43,3.41,0.0034,464,226
T-BulletDispenser-1x,6385,24.670,3.47,3.49,0.0035,464,226
T-BulletDispenser-1x,6386,24.673,3.40,3.39,0.0034,464,226
T-BulletDispenser-1x,6387,24.677,3.63,3.62,0.0036,464,226
T-BulletDispenser-1x,6388,24.679,2.85,2.89,0.0028,464,226
T-BulletDispenser-1x,6389,24.682,3.10,3.02,0.0031,464,226
T-BulletDispenser-1x,6390,24.686,3.63,3.67,0.0036,464,226
T-BulletDispenser-1x,6391,24.689,3.24,3.20,0.0032,464,226
T-BulletDispenser-1x,6392,24.692,2.95,2.99,0.0030,464,226
T-BulletDispenser-1x,6393,24.696,3.29,3.30,0.0033,464,226
T-BulletDispenser-1x,6394,24.699,2.95,2.90,0.0029,464,226
T-BulletDispenser-1x,6395,24.701,2.65,2.69,0.0027,464,226
T-BulletDispenser-1x,6396,24.704,3.10,3.09,0.0031,464,226
T-BulletDispenser-1x,6397,24.708,3.22,3.21,0.0032,464,226
T-BulletDispenser-1x,6398,24.711,3.29,3.29,0.0033,464,226
T-BulletDispenser-1x,6399,24.714,3.42,3.40,0.0034,464,226
T-BulletDispenser-1x,6400,24.718,3.51,3.49,0.0035,464,226
T-BulletDispenser-1x,6401,24.721,2.95,3.01,0.0030,464,226
T-BulletDispenser-1x,6402,24.723,2.80,2.78,0.0028,464,226
T-BulletDispenser-1x,6403,24.727,3.34,3.30,0.0033,464,226
T-BulletDispenser-1x,6404,24.730,3.40,3.41,0.0034,464,226
T-BulletDispenser-1x,6405,24.733,2.96,2.99,0.0030,464,226
T-BulletDispenser-1x,6406,24.736,2.93,2.89,0.0029,464,226
T-BulletDispenser-1x,6407,24.740,3.61,3.62,0.0036,464,226
T-BulletDispenser-1x,6408,24.743,3.61,3.60,0.0036,464,226
T-BulletDispenser-1x,6409,24.746,3.06,3.10,0.0031,464,226
T-BulletDispenser-1x,6410,24.750,3.43,3.39,0.0034,464,226
T-BulletDispenser-1x,6411,24.753,2.97,2.99,0.0030,464,226
T-BulletDispenser-1x,6412,24.756,2.81,2.80,0.0028,464,226
T-BulletDispenser-1x,6413,24.759,3.48,3.43,0.0035,464,226
T-BulletDispenser-1x,6414,24.763,3.75,3.77,0.0038,464,226
T-BulletDispenser-1x,6415,24.766,3.49,3.49,0.0035,464,226
T-BulletDispenser-1x,6416,24.770,3.49,3.52,0.0035,464,226
T-BulletDispenser-1x,6417,24.773,3.27,3.20,0.0033,464,226
T-BulletDispenser-1x,6418,24.776,3.37,3.39,0.0034,464,226
T-BulletDispenser-1x,6419,24.780,3.32,3.37,0.0033,464,226
T-BulletDispenser-1x,6420,24.783,3.32,3.23,0.0033,464,226
T-BulletDispenser-1x,6421,24.787,3.68,3.70,0.0037,464,226
T-BulletDispenser-1x,6422,24.790,3.34,3.39,0.0033,464,226
T-BulletDispenser-1x,6423,24.793,2.76,2.79,0.0028,464,226
T-BulletDispenser-1x,6424,24.796,3.26,3.21,0.0033,464,226
T-BulletDispenser-1x,6425,24.800,3.53,3.51,0.0035,464,226
T-BulletDispenser-1x,6426,24.803,3.33,3.38,0.0033,464,226
T-BulletDispenser-1x,6427,24.806,3.13,3.11,0.0031,464,226
T-BulletDispenser-1x,6428,24.809,3.07,3.09,0.0031,464,226
T-BulletDispenser-1x,6429,24.812,3.11,3.11,0.0031,464,226
T-BulletDispenser-1x,6430,24.816,3.45,3.40,0.0034,464,226
T-BulletDispenser-1x,6431,24.819,3.46,3.48,0.0035,464,226
T-BulletDispenser-1x,6432,24.822,2.77,2.79,0.0028,464,226
T-BulletDispenser-1x,6433,24.825,3.24,3.20,0.0032,464,226
T-BulletDispenser-1x,6434,24.829,3.29,3.30,0.0033,464,226
T-BulletDispenser-1x,6435,24.832,3.32,3.31,0.0033,464,226
T-BulletDispenser-1x,6436,24.835,3.29,3.30,0.0033,464,226
T-BulletDispenser-1x,6437,24.838,3.31,3.29,0.0033,464,226
T-BulletDispenser-1x,6438,24.841,3.06,3.12,0.0031,464,226
T-BulletDispenser-1x,6439,24.845,2.94,2.90,0.0029,464,226
T-BulletDispenser-1x,6440,24.848,3.28,3.29,0.0033,516,226
T-BulletDispenser-1x,6441,24.851,3.22,3.20,0.0032,464,226
T-BulletDispenser-1x,6442,24.854,3.25,3.29,0.0033,464,226
T-BulletDispenser-1x,6443,24.858,3.32,3.28,0.0033,464,226
T-BulletDispenser-1x,6444,24.861,3.01,3.03,0.0030,464,226
T-BulletDispenser-1x,6445,24.863,2.67,2.68,0.0027,464,226
T-BulletDispenser-1x,6446,24.866,3.05,3.01,0.0031,464,226
T-BulletDispenser-1x,6447,24.870,3.38,3.39,0.0034,464,226
T-BulletDispenser-1x,6448,24.873,3.38,3.39,0.0034,464,226
T-BulletDispenser-1x,6449,24.877,3.57,3.54,0.0036,464,226
T-BulletDispenser-1x,6450,24.879,2.91,2.96,0.0029,464,226
T-BulletDispenser-1x,6451,24.883,3.46,3.41,0.0035,464,226
T-BulletDispenser-1x,6452,24.887,4.11,4.11,0.0041,464,226
T-BulletDispenser-1x,6453,24.891,3.47,3.48,0.0035,464,226
T-BulletDispenser-1x,6454,24.894,3.20,3.20,0.0032,464,226
T-BulletDispenser-1x,6455,24.897,3.43,3.40,0.0034,464,226
T-BulletDispenser-1x,6456,24.901,3.60,3.62,0.0036,464,226
T-BulletDispenser-1x,6457,24.904,3.27,3.28,0.0033,464,226
T-BulletDispenser-1x,6458,24.908,3.50,3.50,0.0035,464,226
T-BulletDispenser-1x,6459,24.911,3.93,3.90,0.0039,464,226
T-BulletDispenser-1x,6460,24.915,3.27,3.29,0.0033,464,226
T-BulletDispenser-1x,6461,24.918,2.87,2.90,0.0029,464,226
T-BulletDispenser-1x,6462,24.921,2.91,2.89,0.0029,464,226
T-BulletDispenser-1x,6463,24.924,3.02,3.01,0.0030,464,226
T-BulletDispenser-1x,6464,24.927,2.98,2.98,0.0030,464,226
T-BulletDispenser-1x,6465,24.930,3.29,3.30,0.0033,464,226
T-BulletDispenser-1x,6466,24.933,3.22,3.20,0.0032,464,226
T-BulletDispenser-1x,6467,24.937,3.63,3.61,0.0036,464,226
T-BulletDispenser-1x,6468,24.940,3.45,3.49,0.0035,464,226
T-BulletDispenser-1x,6469,24.943,2.98,2.98,0.0030,464,226
T-BulletDispenser-1x,6470,24.946,2.88,2.90,0.0029,464,226
T-BulletDispenser-1x,6471,24.949,2.94,2.90,0.0029,464,226
T-BulletDispenser-1x,6472,24.952,3.39,3.40,0.0034,464,226
T-BulletDispenser-1x,6473,24.956,3.49,3.49,0.0035,464,226
T-BulletDispenser-1x,6474,24.959,3.22,3.22,0.0032,464,226
T-BulletDispenser-1x,6475,24.962,3.13,3.17,0.0031,464,226
T-BulletDispenser-1x,6476,24.965,2.86,2.82,0.0029,464,226
T-BulletDispenser-1x,6477,24.969,3.49,3.49,0.0035,464,226
T-BulletDispenser-1x,6478,24.972,3.23,3.20,0.0032,464,226
T-BulletDispenser-1x,6479,24.975,3.13,3.19,0.0031,464,226
T-BulletDispenser-1x,6480,24.978,3.36,3.32,0.0034,464,226
T-BulletDispenser-1x,6481,24.982,3.47,3.48,0.0035,464,226
T-BulletDispenser-1x,6482,24.985,3.13,3.11,0.0031,464,226
T-BulletDispenser-1x,6483,24.988,3.08,3.08,0.0031,464,226
T-BulletDispenser-1x,6484,24.991,3.08,3.10,0.0031,464,226
T-BulletDispenser-1x,6485,24.994,3.14,3.09,0.0031,464,226
T-BulletDispenser-1x,6486,24.998,3.62,3.61,0.0036,464,226
T-BulletDispenser-1x,6487,25.001,3.50,3.51,0.0035,464,226
T-BulletDispenser-1x,6488,25.004,3.07,3.08,0.0031,464,226
T-BulletDispenser-1x,6489,25.008,3.49,3.50,0.0035,464,226
T-BulletDispenser-1x,6490,25.011,2.99,2.99,0.0030,464,226
T-BulletDispenser-1x,6491,25.014,3.31,3.30,0.0033,464,226
T-BulletDispenser-1x,6492,25.018,3.95,3.81,0.0039,464,226
T-BulletDispenser-1x,6493,25.022,3.76,3.88,0.0038,464,226
T-BulletDispenser-1x,6494,25.025,3.40,3.41,0.0034,464,226
T-BulletDispenser-1x,6495,25.029,3.28,3.29,0.0033,464,226
T-BulletDispenser-1x,6496,25.032,3.30,3.24,0.0033,464,226
T-BulletDispenser-1x,6497,25.035,3.41,3.45,0.0034,464,226
T-BulletDispenser-1x,6498,25.039,3.53,3.52,0.0035,464,226
T-BulletDispenser-1x,6499,25.042,3.17,3.19,0.0032,464,226
T-BulletDispenser-1x,6500,25.045,2.96,2.98,0.0030,464,226
T-BulletDispenser-1x,6501,25.048,2.83,2.82,0.0028,516,226
T-BulletDispenser-1x,6502,25.051,3.12,3.10,0.0031,464,226
T-BulletDispenser-1x,6503,25.054,3.38,3.39,0.0034,464,226
T-BulletDispenser-1x,6504,25.058,3.51,3.52,0.0035,464,226
T-BulletDispenser-1x,6505,25.061,3.27,3.28,0.0033,464,226
T-BulletDispenser-1x,6506,25.064,3.01,2.99,0.0030,464,226
T-BulletDispenser-1x,6507,25.067,3.11,3.12,0.0031,464,226
T-BulletDispenser-1x,6508,25.070,3.17,3.17,0.0032,464,226
T-BulletDispenser-1x,6509,25.074,3.45,3.41,0.0034,464,226
T-BulletDispenser-1x,6510,25.077,3.38,3.40,0.0034,464,226
T-BulletDispenser-1x,6511,25.080,3.28,3.29,0.0033,464,226
T-BulletDispenser-1x,6512,25.084,3.13,3.10,0.0031,464,226
T-BulletDispenser-1x,6513,25.086,2.96,2.99,0.0030,464,226
T-BulletDispenser-1x,6514,25.090,3.21,3.20,0.0032,464,226
T-BulletDispenser-1x,6515,25.093,3.35,3.31,0.0033,464,226
T-BulletDispenser-1x,6516,25.096,3.07,3.11,0.0031,464,226
T-BulletDispenser-1x,6517,25.100,3.37,3.31,0.0034,464,226
T-BulletDispenser-1x,6518,25.103,3.20,3.26,0.0032,464,226
T-BulletDispenser-1x,6519,25.106,3.26,3.21,0.0033,464,226
T-BulletDispenser-1x,6520,25.109,3.31,3.32,0.0033,464,226
T-BulletDispenser-1x,6521,25.112,2.95,2.97,0.0029,464,226
T-BulletDispenser-1x,6522,25.116,3.45,3.41,0.0035,464,226
T-BulletDispenser-1x,6523,25.119,3.28,3.29,0.0033,464,226
T-BulletDispenser-1x,6524,25.122,3.08,3.09,0.0031,464,226
T-BulletDispenser-1x,6525,25.126,3.50,3.41,0.0035,464,226
T-BulletDispenser-1x,6526,25.129,3.84,3.92,0.0038,464,226
T-BulletDispenser-1x,6527,25.133,3.68,3.67,0.0037,464,226
T-BulletDispenser-1x,6528,25.137,3.49,3.48,0.0035,464,226
T-BulletDispenser-1x,6529,25.140,3.03,3.00,0.0030,464,226
T-BulletDispenser-1x,6530,25.143,3.60,3.60,0.0036,464,226
T-BulletDispenser-1x,6531,25.147,3.42,3.41,0.0034,464,226
T-BulletDispenser-1x,6532,25.150,3.14,3.19,0.0031,464,226
T-BulletDispenser-1x,6533,25.153,3.34,3.31,0.0033,464,226
T-BulletDispenser-1x,6534,25.156,3.29,3.28,0.0033,464,226
T-BulletDispenser-1x,6535,25.159,2.87,2.90,0.0029,464,226
T-BulletDispenser-1x,6536,25.162,2.92,2.89,0.0029,464,226
T-BulletDispenser-1x,6537,25.165,3.20,3.20,0.0032,464,226
T-BulletDispenser-1x,6538,25.168,3.00,3.00,0.0030,464,226
T-BulletDispenser-1x,6539,25.172,3.59,3.59,0.0036,464,226
T-BulletDispenser-1x,6540,25.175,3.19,3.20,0.0032,464,226
T-BulletDispenser-1x,6541,25.178,3.31,3.31,0.0033,464,226
T-BulletDispenser-1x,6542,25.181,3.04,3.02,0.0030,464,226
T-BulletDispenser-1x,6543,25.184,3.05,3.07,0.0031,464,226
T-BulletDispenser-1x,6544,25.188,3.34,3.30,0.0033,464,226
T-BulletDispenser-1x,6545,25.191,3.38,3.39,0.0034,464,226
T-BulletDispenser-1x,6546,25.195,3.47,3.48,0.0035,464,226
T-BulletDispenser-1x,6547,25.198,3.03,3.01,0.0030,464,226
T-BulletDispenser-1x,6548,25.201,3.07,3.09,0.0031,464,226
T-BulletDispenser-1x,6549,25.204,2.99,3.01,0.0030,464,226
T-BulletDispenser-1x,6550,25.207,3.34,3.30,0.0033,464,226
T-BulletDispenser-1x,6551,25.211,3.62,3.60,0.0036,464,226
T-BulletDispenser-1x,6552,25.214,3.49,3.49,0.0035,464,226
T-BulletDispenser-1x,6553,25.217,2.84,2.90,0.0028,464,226
T-BulletDispenser-1x,6554,25.220,3.12,3.09,0.0031,464,226
T-BulletDispenser-1x,6555,25.224,3.56,3.52,0.0036,464,226
T-BulletDispenser-1x,6556,25.227,3.44,3.47,0.0034,464,226
T-BulletDispenser-1x,6557,25.231,3.72,3.71,0.0037,464,226
T-BulletDispenser-1x,6558,25.235,3.63,3.61,0.0036,464,226
T-BulletDispenser-1x,6559,25.238,3.48,3.49,0.0035,464,226
T-BulletDispenser-1x,6560,25.241,3.26,3.30,0.0033,464,226
T-BulletDispenser-1x,6561,25.245,3.36,3.29,0.0034,464,226
T-BulletDispenser-1x,6562,25.248,3.69,3.68,0.0037,464,226
T-BulletDispenser-1x,6563,25.252,3.48,3.50,0.0035,516,226
T-BulletDispenser-1x,6564,25.255,3.29,3.30,0.0033,464,226
T-BulletDispenser-1x,6565,25.259,3.52,3.50,0.0035,464,226
T-BulletDispenser-1x,6566,25.262,3.80,3.78,0.0038,464,226
T-BulletDispenser-1x,6567,25.266,3.69,3.71,0.0037,464,226
T-BulletDispenser-1x,6568,25.270,3.46,3.49,0.0035,464,226
T-BulletDispenser-1x,6569,25.273,3.14,3.11,0.0031,464,226
T-BulletDispenser-1x,6570,25.276,3.05,3.08,0.0030,464,226
T-BulletDispenser-1x,6571,25.279,3.49,3.44,0.0035,464,226
T-BulletDispenser-1x,6572,25.283,3.42,3.45,0.0034,464,226
T-BulletDispenser-1x,6573,25.286,3.32,3.31,0.0033,464,226
T-BulletDispenser-1x,6574,25.289,3.20,3.19,0.0032,464,226
T-BulletDispenser-1x,6575,25.292,3.19,3.19,0.0032,464,226
T-BulletDispenser-1x,6576,25.295,3.08,3.11,0.0031,464,226
T-BulletDispenser-1x,6577,25.298,2.72,2.69,0.0027,464,226
T-BulletDispenser-1x,6578,25.301,2.98,2.99,0.0030,464,226
T-BulletDispenser-1x,6579,25.304,3.21,3.19,0.0032,464,226
T-BulletDispenser-1x,6580,25.308,3.11,3.11,0.0031,464,226
T-BulletDispenser-1x,6581,25.311,3.12,3.11,0.0031,464,226
T-BulletDispenser-1x,6582,25.314,3.41,3.40,0.0034,464,226
T-BulletDispenser-1x,6583,25.317,3.30,3.29,0.0033,464,226
T-BulletDispenser-1x,6584,25.321,3.25,3.28,0.0033,464,226
T-BulletDispenser-1x,6585,25.324,3.00,3.00,0.0030,464,226
T-BulletDispenser-1x,6586,25.326,2.73,2.72,0.0027,464,226
T-BulletDispenser-1x,6587,25.330,3.41,3.39,0.0034,464,226
T-BulletDispenser-1x,6588,25.333,3.59,3.59,0.0036,464,226
T-BulletDispenser-1x,6589,25.337,3.41,3.41,0.0034,464,226
T-BulletDispenser-1x,6590,25.340,3.38,3.39,0.0034,464,226
T-BulletDispenser-1x,6591,25.343,2.77,2.81,0.0028,464,226
T-BulletDispenser-1x,6592,25.346,3.11,3.08,0.0031,464,226
T-BulletDispenser-1x,6593,25.349,3.14,3.13,0.0031,464,226
T-BulletDispenser-1x,6594,25.352,3.16,3.17,0.0032,464,226
T-BulletDispenser-1x,6595,25.356,3.35,3.32,0.0033,464,226
T-BulletDispenser-1x,6596,25.359,3.36,3.39,0.0034,464,226
T-BulletDispenser-1x,6597,25.362,3.32,3.30,0.0033,464,226
T-BulletDispenser-1x,6598,25.366,3.18,3.20,0.0032,464,226
T-BulletDispenser-1x,6599,25.369,3.13,3.10,0.0031,464,226
T-BulletDispenser-1x,6600,25.372,3.44,3.40,0.0034,464,226
T-BulletDispenser-1x,6601,25.375,3.25,3.30,0.0033,464,226
T-BulletDispenser-1x,6602,25.378,3.15,3.18,0.0032,464,226
T-BulletDispenser-1x,6603,25.381,2.85,2.81,0.0028,464,226
T-BulletDispenser-1x,6604,25.385,3.51,3.50,0.0035,464,226
T-BulletDispenser-1x,6605,25.388,3.18,3.20,0.0032,464,226
T-BulletDispenser-1x,6606,25.391,3.16,3.18,0.0032,464,226
T-BulletDispenser-1x,6607,25.394,3.20,3.15,0.0032,464,226
T-BulletDispenser-1x,6608,25.397,2.91,2.95,0.0029,464,226
T-BulletDispenser-1x,6609,25.400,2.90,2.89,0.0029,464,226
T-BulletDispenser-1x,6610,25.404,3.45,3.41,0.0035,464,226
T-BulletDispenser-1x,6611,25.407,3.58,3.60,0.0036,464,226
T-BulletDispenser-1x,6612,25.411,3.31,3.30,0.0033,464,226
T-BulletDispenser-1x,6613,25.414,3.62,3.61,0.0036,464,226
T-BulletDispenser-1x,6614,25.417,2.85,2.89,0.0028,464,226
T-BulletDispenser-1x,6615,25.420,2.95,2.90,0.0030,464,226
T-BulletDispenser-1x,6616,25.423,3.44,3.39,0.0034,464,226
T-BulletDispenser-1x,6617,25.427,3.57,3.61,0.0036,464,226
T-BulletDispenser-1x,6618,25.430,3.35,3.38,0.0034,464,226
T-BulletDispenser-1x,6619,25.434,3.21,3.20,0.0032,464,226
T-BulletDispenser-1x,6620,25.437,3.08,3.10,0.0031,464,226
T-BulletDispenser-1x,6621,25.440,3.52,3.50,0.0035,464,226
T-BulletDispenser-1x,6622,25.444,3.38,3.38,0.0034,464,226
T-BulletDispenser-1x,6623,25.446,2.88,2.90,0.0029,464,226
T-BulletDispenser-1x,6624,25.450,3.34,3.30,0.0033,464,226
T-BulletDispenser-1x,6625,25.453,3.38,3.40,0.0034,516,226
T-BulletDispenser-1x,6626,25.456,2.83,2.79,0.0028,464,226
T-BulletDispenser-1x,6627,25.459,2.95,2.99,0.0030,464,226
T-BulletDispenser-1x,6628,25.462,2.92,2.91,0.0029,464,226
T-BulletDispenser-1x,6629,25.465,3.43,3.41,0.0034,464,226
T-BulletDispenser-1x,6630,25.469,3.28,3.29,0.0033,464,226
T-BulletDispenser-1x,6631,25.471,2.97,3.01,0.0030,464,226
T-BulletDispenser-1x,6632,25.475,3.22,3.18,0.0032,464,226
T-BulletDispenser-1x,6633,25.478,3.19,3.19,0.0032,464,226
T-BulletDispenser-1x,6634,25.481,3.41,3.41,0.0034,464,226
T-BulletDispenser-1x,6635,25.485,3.73,3.70,0.0037,464,226
T-BulletDispenser-1x,6636,25.488,3.27,3.29,0.0033,464,226
T-BulletDispenser-1x,6637,25.492,3.50,3.51,0.0035,464,226
T-BulletDispenser-1x,6638,25.495,3.14,3.11,0.0031,464,226
T-BulletDispenser-1x,6639,25.498,3.16,3.19,0.0032,464,226
T-BulletDispenser-1x,6640,25.502,3.72,3.70,0.0037,464,226
T-BulletDispenser-1x,6641,25.506,4.13,4.10,0.0041,464,226
T-BulletDispenser-1x,6642,25.509,3.14,3.20,0.0031,464,226
T-BulletDispenser-1x,6643,25.512,2.96,2.98,0.0030,464,226
T-BulletDispenser-1x,6644,25.515,3.24,3.20,0.0032,464,226
T-BulletDispenser-1x,6645,25.519,3.41,3.40,0.0034,464,226
T-BulletDispenser-1x,6646,25.522,3.62,3.61,0.0036,464,226
T-BulletDispenser-1x,6647,25.525,2.86,2.89,0.0029,464,226
T-BulletDispenser-1x,6648,25.528,3.01,2.99,0.0030,464,226
T-BulletDispenser-1x,6649,25.532,3.43,3.41,0.0034,464,226
T-BulletDispenser-1x,6650,25.535,3.38,3.39,0.0034,464,226
T-BulletDispenser-1x,6651,25.538,3.30,3.30,0.0033,464,226
T-BulletDispenser-1x,6652,25.541,3.18,3.20,0.0032,464,226
T-BulletDispenser-1x,6653,25.545,3.11,3.08,0.0031,464,226
T-BulletDispenser-1x,6654,25.548,3.22,3.21,0.0032,464,226
T-BulletDispenser-1x,6655,25.551,2.95,2.98,0.0029,464,226
T-BulletDispenser-1x,6656,25.554,3.02,3.01,0.0030,464,226
T-BulletDispenser-1x,6657,25.557,3.55,3.51,0.0036,464,226
T-BulletDispenser-1x,6658,25.561,3.40,3.40,0.0034,464,226
T-BulletDispenser-1x,6659,25.564,3.29,3.30,0.0033,464,226
T-BulletDispenser-1x,6660,25.567,3.18,3.18,0.0032,464,226
T-BulletDispenser-1x,6661,25.570,2.98,3.00,0.0030,464,226
T-BulletDispenser-1x,6662,25.573,2.87,2.80,0.0029,464,226
T-BulletDispenser-1x,6663,25.576,3.34,3.38,0.0033,464,226
T-BulletDispenser-1x,6664,25.579,3.07,3.09,0.0031,464,226
T-BulletDispenser-1x,6665,25.583,3.23,3.22,0.0032,464,226
T-BulletDispenser-1x,6666,25.586,3.34,3.30,0.0033,464,226
T-BulletDispenser-1x,6667,25.589,2.81,2.86,0.0028,464,226
T-BulletDispenser-1x,6668,25.592,2.79,2.80,0.0028,464,226
T-BulletDispenser-1x,6669,25.594,2.82,2.72,0.0028,464,226
T-BulletDispenser-1x,6670,25.598,3.45,3.50,0.0035,464,226
T-BulletDispenser-1x,6671,25.602,3.62,3.60,0.0036,464,226
T-BulletDispenser-1x,6672,25.605,3.19,3.20,0.0032,464,226
T-BulletDispenser-1x,6673,25.608,3.59,3.58,0.0036,464,226
T-BulletDispenser-1x,6674,25.612,3.20,3.21,0.0032,464,226
T-BulletDispenser-1x,6675,25.615,3.25,3.19,0.0032,464,226
T-BulletDispenser-1x,6676,25.619,3.76,3.81,0.0038,464,226
T-BulletDispenser-1x,6677,25.622,3.29,3.29,0.0033,464,226
T-BulletDispenser-1x,6678,25.625,3.15,3.19,0.0032,464,226
T-BulletDispenser-1x,6679,25.628,3.01,2.99,0.0030,464,226
T-BulletDispenser-1x,6680,25.631,3.30,3.29,0.0033,464,226
T-BulletDispenser-1x,6681,25.635,3.42,3.41,0.0034,464,226
T-BulletDispenser-1x,6682,25.638,3.08,3.09,0.0031,464,226
T-BulletDispenser-1x,6683,25.641,3.19,3.21,0.0032,464,226
T-BulletDispenser-1x,6684,25.644,2.91,2.89,0.0029,464,226
T-BulletDispenser-1x,6685,25.647,3.02,3.01,0.0030,464,226
T-BulletDispenser-1x,6686,25.650,3.21,3.19,0.0032,464,226
T-BulletDispenser-1x,6687,25.654,3.41,3.41,0.0034,516,226
T-BulletDispenser-1x,6688,25.657,3.17,3.19,0.0032,464,226
T-BulletDispenser-1x,6689,25.660,3.36,3.31,0.0034,464,226
T-BulletDispenser-1x,6690,25.664,3.51,3.51,0.0035,464,226
T-BulletDispenser-1x,6691,25.667,3.59,3.59,0.0036,464,226
T-BulletDispenser-1x,6692,25.670,3.15,3.18,0.0031,464,226
T-BulletDispenser-1x,6693,25.674,3.52,3.51,0.0035,464,226
T-BulletDispenser-1x,6694,25.677,3.10,3.09,0.0031,464,226
T-BulletDispenser-1x,6695,25.680,3.07,3.10,0.0031,464,226
T-BulletDispenser-1x,6696,25.683,3.19,3.19,0.0032,464,226
T-BulletDispenser-1x,6697,25.686,3.23,3.21,0.0032,464,226
T-BulletDispenser-1x,6698,25.690,3.42,3.39,0.0034,464,226
T-BulletDispenser-1x,6699,25.693,3.31,3.31,0.0033,464,226
T-BulletDispenser-1x,6700,25.696,3.19,3.20,0.0032,464,226
T-BulletDispenser-1x,6701,25.700,3.51,3.49,0.0035,464,226
T-BulletDispenser-1x,6702,25.704,3.69,3.70,0.0037,464,226
T-BulletDispenser-1x,6703,25.707,3.27,3.29,0.0033,464,226
T-BulletDispenser-1x,6704,25.710,3.53,3.50,0.0035,464,226
T-BulletDispenser-1x,6705,25.714,3.42,3.41,0.0034,464,226
T-BulletDispenser-1x,6706,25.717,3.36,3.37,0.0034,464,226
T-BulletDispenser-1x,6707,25.721,3.48,3.50,0.0035,464,226
T-BulletDispenser-1x,6708,25.724,3.37,3.32,0.0034,464,226
T-BulletDispenser-1x,6709,25.727,3.38,3.39,0.0034,464,226
T-BulletDispenser-1x,6710,25.731,3.57,3.58,0.0036,464,226
T-BulletDispenser-1x,6711,25.735,3.77,3.73,0.0038,464,226
T-BulletDispenser-1x,6712,25.738,3.33,3.38,0.0033,464,226
T-BulletDispenser-1x,6713,25.741,3.16,3.18,0.0032,464,226
T-BulletDispenser-1x,6714,25.744,3.21,3.11,0.0032,464,226
T-BulletDispenser-1x,6715,25.748,3.44,3.49,0.0034,464,226
T-BulletDispenser-1x,6716,25.751,3.34,3.33,0.0033,464,226
T-BulletDispenser-1x,6717,25.754,3.16,3.17,0.0032,464,226
T-BulletDispenser-1x,6718,25.757,3.15,3.19,0.0031,464,226
T-BulletDispenser-1x,6719,25.760,2.64,2.61,0.0026,464,226
T-BulletDispenser-1x,6720,25.764,3.74,3.71,0.0037,464,226
T-BulletDispenser-1x,6721,25.767,3.06,3.09,0.0031,464,226
T-BulletDispenser-1x,6722,25.770,3.28,3.30,0.0033,464,226
T-BulletDispenser-1x,6723,25.773,3.09,3.09,0.0031,464,226
T-BulletDispenser-1x,6724,25.776,3.14,3.12,0.0031,464,226
T-BulletDispenser-1x,6725,25.779,2.96,2.99,0.0030,464,226
T-BulletDispenser-1x,6726,25.782,3.04,3.01,0.0030,464,226
T-BulletDispenser-1x,6727,25.786,3.21,3.20,0.0032,464,226
T-BulletDispenser-1x,6728,25.789,2.93,2.97,0.0029,464,226
T-BulletDispenser-1x,6729,25.792,3.04,3.02,0.0030,464,226
T-BulletDispenser-1x,6730,25.795,2.99,2.99,0.0030,464,226
T-BulletDispenser-1x,6731,25.798,2.91,2.90,0.0029,464,226
T-BulletDispenser-1x,6732,25.801,3.08,3.09,0.0031,464,226
T-BulletDispenser-1x,6733,25.804,3.13,3.12,0.0031,464,226
T-BulletDispenser-1x,6734,25.807,2.97,2.98,0.0030,464,226
T-BulletDispenser-1x,6735,25.810,3.12,3.10,0.0031,464,226
T-BulletDispenser-1x,6736,25.813,3.31,3.32,0.0033,464,226
T-BulletDispenser-1x,6737,25.816,3.32,3.30,0.0033,464,226
T-BulletDispenser-1x,6738,25.820,3.18,3.18,0.0032,464,226
T-BulletDispenser-1x,6739,25.823,3.18,3.19,0.0032,464,226
T-BulletDispenser-1x,6740,25.826,3.32,3.31,0.0033,464,226
T-BulletDispenser-1x,6741,25.829,3.06,3.08,0.0031,464,226
T-BulletDispenser-1x,6742,25.832,2.93,2.92,0.0029,464,226
T-BulletDispenser-1x,6743,25.835,3.23,3.21,0.0032,464,226
T-BulletDispenser-1x,6744,25.839,3.57,3.58,0.0036,464,226
T-BulletDispenser-1x,6745,25.842,3.32,3.31,0.0033,464,226
T-BulletDispenser-1x,6746,25.845,3.18,3.19,0.0032,464,226
T-BulletDispenser-1x,6747,25.849,3.12,3.09,0.0031,464,226
T-BulletDispenser-1x,6748,25.852,3.42,3.39,0.0034,464,226
T-BulletDispenser-1x,6749,25.855,3.28,3.30,0.0033,516,226
T-BulletDispenser-1x,6750,25.859,3.81,3.79,0.0038,464,226
T-BulletDispenser-1x,6751,25.862,3.25,3.31,0.0033,464,226
T-BulletDispenser-1x,6752,25.865,2.84,2.81,0.0028,464,226
T-BulletDispenser-1x,6753,25.868,2.98,2.99,0.0030,464,226
T-BulletDispenser-1x,6754,25.871,3.22,3.21,0.0032,464,226
T-BulletDispenser-1x,6755,25.875,3.50,3.47,0.0035,464,226
T-BulletDispenser-1x,6756,25.878,3.43,3.42,0.0034,464,226
T-BulletDispenser-1x,6757,25.882,3.26,3.29,0.0033,464,226
T-BulletDispenser-1x,6758,25.885,3.40,3.38,0.0034,464,226
T-BulletDispenser-1x,6759,25.888,3.31,3.30,0.0033,464,226
T-BulletDispenser-1x,6760,25.891,3.05,3.10,0.0031,464,226
T-BulletDispenser-1x,6761,25.894,2.72,2.69,0.0027,464,226
T-BulletDispenser-1x,6762,25.897,3.42,3.40,0.0034,464,226
T-BulletDispenser-1x,6763,25.901,3.21,3.21,0.0032,464,226
T-BulletDispenser-1x,6764,25.904,3.38,3.38,0.0034,464,226
T-BulletDispenser-1x,6765,25.907,3.39,3.41,0.0034,464,226
T-BulletDispenser-1x,6766,25.910,2.94,2.91,0.0029,464,226
T-BulletDispenser-1x,6767,25.914,3.20,3.19,0.0032,464,226
T-BulletDispenser-1x,6768,25.917,3.29,3.31,0.0033,464,226
T-BulletDispenser-1x,6769,25.920,3.35,3.28,0.0033,464,226
T-BulletDispenser-1x,6770,25.924,3.57,3.61,0.0036,464,226
T-BulletDispenser-1x,6771,25.927,3.69,3.70,0.0037,464,226
T-BulletDispenser-1x,6772,25.930,3.07,3.10,0.0031,464,226
T-BulletDispenser-1x,6773,25.933,2.87,2.88,0.0029,464,226
T-BulletDispenser-1x,6774,25.936,2.92,2.83,0.0029,464,226
T-BulletDispenser-1x,6775,25.940,3.26,3.29,0.0033,464,226
T-BulletDispenser-1x,6776,25.943,3.72,3.69,0.0037,464,226
T-BulletDispenser-1x,6777,25.947,3.38,3.40,0.0034,464,226
T-BulletDispenser-1x,6778,25.950,2.93,2.98,0.0029,464,226
T-BulletDispenser-1x,6779,25.953,2.95,2.91,0.0029,464,226
T-BulletDispenser-1x,6780,25.956,3.62,3.62,0.0036,464,226
T-BulletDispenser-1x,6781,25.960,3.75,3.70,0.0037,464,226
T-BulletDispenser-1x,6782,25.963,3.14,3.20,0.0031,464,226
T-BulletDispenser-1x,6783,25.967,3.49,3.48,0.0035,464,226
T-BulletDispenser-1x,6784,25.970,3.73,3.71,0.0037,464,226
T-BulletDispenser-1x,6785,25.974,3.61,3.59,0.0036,464,226
T-BulletDispenser-1x,6786,25.977,3.54,3.51,0.0035,464,226
T-BulletDispenser-1x,6787,25.981,3.39,3.39,0.0034,464,226
T-BulletDispenser-1x,6788,25.984,3.23,3.28,0.0032,464,226
T-BulletDispenser-1x,6789,25.987,3.20,3.20,0.0032,464,226
T-BulletDispenser-1x,6790,25.991,3.73,3.70,0.0037,464,226
T-BulletDispenser-1x,6791,25.995,3.60,3.61,0.0036,464,226
T-BulletDispenser-1x,6792,25.997,2.88,2.89,0.0029,464,226
T-BulletDispenser-1x,6793,26.001,3.27,3.22,0.0033,464,226
T-BulletDispenser-1x,6794,26.004,3.33,3.37,0.0033,464,226
T-BulletDispenser-1x,6795,26.007,3.27,3.29,0.0033,464,226
T-BulletDispenser-1x,6796,26.010,2.93,2.91,0.0029,464,226
T-BulletDispenser-1x,6797,26.013,2.88,2.89,0.0029,464,226
T-BulletDispenser-1x,6798,26.016,3.22,3.01,0.0032,464,226
T-BulletDispenser-1x,6799,26.019,3.00,3.20,0.0030,464,226
T-BulletDispenser-1x,6800,26.023,3.43,3.41,0.0034,464,226
T-BulletDispenser-1x,6801,26.026,3.51,3.49,0.0035,464,226
T-BulletDispenser-1x,6802,26.029,3.04,3.10,0.0030,464,226
T-BulletDispenser-1x,6803,26.033,3.44,3.40,0.0034,464,226
T-BulletDispenser-1x,6804,26.036,3.06,3.08,0.0031,464,226
T-BulletDispenser-1x,6805,26.039,3.00,3.00,0.0030,464,226
T-BulletDispenser-1x,6806,26.042,3.02,3.01,0.0030,464,226
T-BulletDispenser-1x,6807,26.045,3.38,3.40,0.0034,464,226
T-BulletDispenser-1x,6808,26.048,2.70,2.67,0.0027,464,226
T-BulletDispenser-1x,6809,26.051,3.44,3.42,0.0034,464,226
T-BulletDispenser-1x,6810,26.055,3.28,3.30,0.0033,464,226
T-BulletDispenser-1x,6811,26.058,3.50,3.49,0.0035,516,226
T-BulletDispenser-1x,6812,26.062,3.62,3.60,0.0036,464,226
T-BulletDispenser-1x,6813,26.065,3.06,3.09,0.0031,464,226
T-BulletDispenser-1x,6814,26.067,2.69,2.71,0.0027,464,226
T-BulletDispenser-1x,6815,26.071,3.15,3.11,0.0031,464,226
T-BulletDispenser-1x,6816,26.074,3.60,3.59,0.0036,464,226
T-BulletDispenser-1x,6817,26.078,3.40,3.40,0.0034,464,226
T-BulletDispenser-1x,6818,26.081,3.19,3.19,0.0032,464,226
T-BulletDispenser-1x,6819,26.084,3.30,3.31,0.0033,464,226
T-BulletDispenser-1x,6820,26.087,3.19,3.20,0.0032,464,226
T-BulletDispenser-1x,6821,26.090,2.78,2.77,0.0028,464,226
T-BulletDispenser-1x,6822,26.093,3.03,3.01,0.0030,464,226
T-BulletDispenser-1x,6823,26.096,3.07,3.09,0.0031,464,226
T-BulletDispenser-1x,6824,26.099,3.23,3.21,0.0032,464,226
T-BulletDispenser-1x,6825,26.103,3.11,3.10,0.0031,464,226
T-BulletDispenser-1x,6826,26.106,3.52,3.51,0.0035,464,226
T-BulletDispenser-1x,6827,26.110,3.49,3.50,0.0035,464,226
T-BulletDispenser-1x,6828,26.113,3.28,3.29,0.0033,464,226
T-BulletDispenser-1x,6829,26.116,2.92,2.92,0.0029,464,226
T-BulletDispenser-1x,6830,26.119,3.11,3.09,0.0031,464,226
T-BulletDispenser-1x,6831,26.122,3.40,3.37,0.0034,464,226
T-BulletDispenser-1x,6832,26.125,2.96,3.01,0.0030,464,226
T-BulletDispenser-1x,6833,26.129,4.19,4.17,0.0042,464,226
T-BulletDispenser-1x,6834,26.132,3.10,3.12,0.0031,464,226
T-BulletDispenser-1x,6835,26.136,3.33,3.31,0.0033,464,226
T-BulletDispenser-1x,6836,26.139,3.33,3.30,0.0033,464,226
T-BulletDispenser-1x,6837,26.142,2.84,2.89,0.0028,464,226
T-BulletDispenser-1x,6838,26.145,3.13,3.10,0.0031,464,226
T-BulletDispenser-1x,6839,26.148,2.99,2.99,0.0030,464,226
T-BulletDispenser-1x,6840,26.151,2.70,2.70,0.0027,464,226
T-BulletDispenser-1x,6841,26.154,3.41,3.40,0.0034,464,226
T-BulletDispenser-1x,6842,26.157,3.06,3.09,0.0031,464,226
T-BulletDispenser-1x,6843,26.160,2.92,2.91,0.0029,464,226
T-BulletDispenser-1x,6844,26.164,3.29,3.29,0.0033,464,226
T-BulletDispenser-1x,6845,26.166,2.79,2.81,0.0028,464,226
T-BulletDispenser-1x,6846,26.169,2.81,2.80,0.0028,464,226
T-BulletDispenser-1x,6847,26.172,3.32,3.29,0.0033,464,226
T-BulletDispenser-1x,6848,26.176,3.12,3.12,0.0031,464,226
T-BulletDispenser-1x,6849,26.179,3.79,3.78,0.0038,464,226
T-BulletDispenser-1x,6850,26.182,3.11,3.12,0.0031,464,226
T-BulletDispenser-1x,6851,26.186,3.35,3.37,0.0034,464,226
T-BulletDispenser-1x,6852,26.189,3.32,3.30,0.0033,464,226
T-BulletDispenser-1x,6853,26.192,2.87,2.90,0.0029,464,226
T-BulletDispenser-1x,6854,26.195,3.23,3.19,0.0032,464,226
T-BulletDispenser-1x,6855,26.199,3.39,3.40,0.0034,464,226
T-BulletDispenser-1x,6856,26.201,2.88,2.91,0.0029,464,226
T-BulletDispenser-1x,6857,26.205,3.21,3.19,0.0032,464,226
T-BulletDispenser-1x,6858,26.208,3.52,3.50,0.0035,464,226
T-BulletDispenser-1x,6859,26.212,3.52,3.52,0.0035,464,226
T-BulletDispenser-1x,6860,26.215,3.05,3.07,0.0031,464,226
T-BulletDispenser-1x,6861,26.218,3.41,3.41,0.0034,464,226
T-BulletDispenser-1x,6862,26.222,3.49,3.49,0.0035,464,226
T-BulletDispenser-1x,6863,26.225,3.64,3.61,0.0036,464,226
T-BulletDispenser-1x,6864,26.229,4.04,4.05,0.0040,464,226
T-BulletDispenser-1x,6865,26.233,3.19,3.23,0.0032,464,226
T-BulletDispenser-1x,6866,26.236,2.94,2.91,0.0029,464,226
T-BulletDispenser-1x,6867,26.239,3.50,3.50,0.0035,464,226
T-BulletDispenser-1x,6868,26.242,2.87,2.91,0.0029,464,226
T-BulletDispenser-1x,6869,26.245,2.81,2.79,0.0028,464,226
T-BulletDispenser-1x,6870,26.247,2.70,2.70,0.0027,464,226
T-BulletDispenser-1x,6871,26.250,3.10,3.09,0.0031,464,226
T-BulletDispenser-1x,6872,26.253,3.00,2.99,0.0030,464,226
T-BulletDispenser-1x,6873,26.256,2.85,2.82,0.0029,464,226
T-BulletDispenser-1x,6874,26.260,3.51,3.50,0.0035,516,226
T-BulletDispenser-1x,6875,26.263,3.26,3.29,0.0033,464,226
T-BulletDispenser-1x,6876,26.266,3.08,3.09,0.0031,464,226
T-BulletDispenser-1x,6877,26.269,3.27,3.23,0.0033,464,226
T-BulletDispenser-1x,6878,26.273,3.37,3.38,0.0034,464,226
T-BulletDispenser-1x,6879,26.276,3.30,3.29,0.0033,464,226
T-BulletDispenser-1x,6880,26.280,3.41,3.41,0.0034,464,226
T-BulletDispenser-1x,6881,26.283,3.46,3.49,0.0035,464,226
T-BulletDispenser-1x,6882,26.286,3.32,3.28,0.0033,464,226
T-BulletDispenser-1x,6883,26.290,3.31,3.32,0.0033,464,226
T-BulletDispenser-1x,6884,26.293,3.05,3.01,0.0031,464,226
T-BulletDispenser-1x,6885,26.296,3.24,3.28,0.0032,464,226
T-BulletDispenser-1x,6886,26.299,2.86,2.89,0.0029,464,226
T-BulletDispenser-1x,6887,26.302,2.71,2.70,0.0027,464,226
T-BulletDispenser-1x,6888,26.304,2.90,2.89,0.0029,464,226
T-BulletDispenser-1x,6889,26.308,3.32,3.30,0.0033,464,226
T-BulletDispenser-1x,6890,26.311,3.52,3.50,0.0035,464,226
T-BulletDispenser-1x,6891,26.314,3.17,3.20,0.0032,464,226
T-BulletDispenser-1x,6892,26.317,2.92,2.91,0.0029,464,226
T-BulletDispenser-1x,6893,26.321,3.51,3.49,0.0035,464,226
T-BulletDispenser-1x,6894,26.324,3.62,3.60,0.0036,464,226
T-BulletDispenser-1x,6895,26.328,3.21,3.20,0.0032,464,226
T-BulletDispenser-1x,6896,26.331,3.38,3.40,0.0034,464,226
T-BulletDispenser-1x,6897,26.334,3.36,3.38,0.0034,464,226
T-BulletDispenser-1x,6898,26.337,2.98,3.00,0.0030,464,226
T-BulletDispenser-1x,6899,26.341,3.24,3.21,0.0032,464,226
T-BulletDispenser-1x,6900,26.344,3.40,3.40,0.0034,464,226
T-BulletDispenser-1x,6901,26.347,3.23,3.19,0.0032,464,226
T-BulletDispenser-1x,6902,26.350,3.18,3.20,0.0032,464,226
T-BulletDispenser-1x,6903,26.353,3.05,3.08,0.0031,464,226
T-BulletDispenser-1x,6904,26.356,2.84,2.82,0.0028,464,226
T-BulletDispenser-1x,6905,26.359,2.98,3.00,0.0030,464,226
T-BulletDispenser-1x,6906,26.363,3.33,3.29,0.0033,464,226
T-BulletDispenser-1x,6907,26.366,3.58,3.59,0.0036,464,226
T-BulletDispenser-1x,6908,26.370,3.51,3.51,0.0035,464,226
T-BulletDispenser-1x,6909,26.373,3.19,3.19,0.0032,464,226
T-BulletDispenser-1x,6910,26.376,3.30,3.31,0.0033,464,226
T-BulletDispenser-1x,6911,26.380,3.39,3.40,0.0034,464,226
T-BulletDispenser-1x,6912,26.383,3.56,3.49,0.0036,464,226
T-BulletDispenser-1x,6913,26.387,3.57,3.59,0.0036,464,226
T-BulletDispenser-1x,6914,26.390,3.48,3.50,0.0035,464,226
T-BulletDispenser-1x,6915,26.393,2.66,2.70,0.0027,464,226
T-BulletDispenser-1x,6916,26.396,3.16,3.11,0.0032,464,226
T-BulletDispenser-1x,6917,26.399,3.18,3.19,0.0032,464,226
T-BulletDispenser-1x,6918,26.402,3.21,3.21,0.0032,464,226
T-BulletDispenser-1x,6919,26.406,3.39,3.40,0.0034,464,226
T-BulletDispenser-1x,6920,26.409,3.23,3.19,0.0032,464,226
T-BulletDispenser-1x,6921,26.412,3.25,3.30,0.0032,464,226
T-BulletDispenser-1x,6922,26.416,3.62,3.59,0.0036,464,226
T-BulletDispenser-1x,6923,26.419,3.19,3.20,0.0032,464,226
T-BulletDispenser-1x,6924,26.422,3.23,3.22,0.0032,464,226
T-BulletDispenser-1x,6925,26.426,3.20,3.21,0.0032,464,226
T-BulletDispenser-1x,6926,26.429,3.77,3.78,0.0038,464,226
T-BulletDispenser-1x,6927,26.433,3.51,3.49,0.0035,464,226
T-BulletDispenser-1x,6928,26.436,3.63,3.60,0.0036,464,226
T-BulletDispenser-1x,6929,26.440,3.19,3.20,0.0032,464,226
T-BulletDispenser-1x,6930,26.443,3.51,3.50,0.0035,464,226
T-BulletDispenser-1x,6931,26.447,3.71,3.70,0.0037,464,226
T-BulletDispenser-1x,6932,26.450,3.30,3.30,0.0033,464,226
T-BulletDispenser-1x,6933,26.454,3.72,3.70,0.0037,464,226
T-BulletDispenser-1x,6934,26.457,3.36,3.37,0.0034,464,226
T-BulletDispenser-1x,6935,26.461,3.41,3.41,0.0034,516,226
T-BulletDispenser-1x,6936,26.464,3.14,3.18,0.0031,464,226
T-BulletDispenser-1x,6937,26.467,3.34,3.32,0.0033,464,226
T-BulletDispenser-1x,6938,26.471,3.52,3.50,0.0035,464,226
T-BulletDispenser-1x,6939,26.474,3.37,3.39,0.0034,464,226
T-BulletDispenser-1x,6940,26.477,3.25,3.21,0.0033,464,226
T-BulletDispenser-1x,6941,26.481,3.67,3.68,0.0037,464,226
T-BulletDispenser-1x,6942,26.485,4.00,4.00,0.0040,464,226
T-BulletDispenser-1x,6943,26.488,3.07,3.09,0.0031,464,226
T-BulletDispenser-1x,6944,26.492,3.53,3.52,0.0035,464,226
T-BulletDispenser-1x,6945,26.495,3.39,3.39,0.0034,464,226
T-BulletDispenser-1x,6946,26.498,3.42,3.39,0.0034,464,226
T-BulletDispenser-1x,6947,26.502,3.28,3.29,0.0033,464,226
T-BulletDispenser-1x,6948,26.505,3.51,3.51,0.0035,464,226
T-BulletDispenser-1x,6949,26.509,3.69,3.70,0.0037,464,226
T-BulletDispenser-1x,6950,26.513,3.69,3.68,0.0037,464,226
T-BulletDispenser-1x,6951,26.516,3.29,3.31,0.0033,464,226
T-BulletDispenser-1x,6952,26.519,3.28,3.28,0.0033,464,226
T-BulletDispenser-1x,6953,26.522,3.35,3.33,0.0034,464,226
T-BulletDispenser-1x,6954,26.525,2.83,2.87,0.0028,464,226
T-BulletDispenser-1x,6955,26.530,4.24,4.10,0.0042,464,226
T-BulletDispenser-1x,6956,26.533,3.20,3.30,0.0032,464,226
T-BulletDispenser-1x,6957,26.536,3.38,3.40,0.0034,464,226
T-BulletDispenser-1x,6958,26.539,2.97,2.90,0.0030,464,226
T-BulletDispenser-1x,6959,26.542,3.21,3.28,0.0032,464,226
T-BulletDispenser-1x,6960,26.546,3.33,3.31,0.0033,464,226
T-BulletDispenser-1x,6961,26.549,3.29,3.30,0.0033,464,226
T-BulletDispenser-1x,6962,26.552,3.45,3.41,0.0034,464,226
T-BulletDispenser-1x,6963,26.556,3.69,3.70,0.0037,464,226
T-BulletDispenser-1x,6964,26.560,3.48,3.50,0.0035,464,226
T-BulletDispenser-1x,6965,26.563,3.15,3.18,0.0032,464,226
T-BulletDispenser-1x,6966,26.566,3.43,3.40,0.0034,464,226
T-BulletDispenser-1x,6967,26.570,3.68,3.61,0.0037,464,226
T-BulletDispenser-1x,6968,26.573,3.31,3.29,0.0033,464,226
T-BulletDispenser-1x,6969,26.577,3.82,3.89,0.0038,464,226
T-BulletDispenser-1x,6970,26.580,3.16,3.19,0.0032,464,226
T-BulletDispenser-1x,6971,26.583,3.15,3.12,0.0031,464,226
T-BulletDispenser-1x,6972,26.587,3.28,3.29,0.0033,464,226
T-BulletDispenser-1x,6973,26.590,3.32,3.28,0.0033,464,226
T-BulletDispenser-1x,6974,26.593,3.47,3.49,0.0035,464,226
T-BulletDispenser-1x,6975,26.596,3.09,3.11,0.0031,464,226
T-BulletDispenser-1x,6976,26.600,3.12,3.11,0.0031,464,226
T-BulletDispenser-1x,6977,26.602,2.90,2.90,0.0029,464,226
T-BulletDispenser-1x,6978,26.606,3.53,3.50,0.0035,464,226
T-BulletDispenser-1x,6979,26.609,3.52,3.50,0.0035,464,226
T-BulletDispenser-1x,6980,26.613,3.62,3.59,0.0036,464,226
T-BulletDispenser-1x,6981,26.616,3.25,3.29,0.0032,464,226
T-BulletDispenser-1x,6982,26.620,3.19,3.20,0.0032,464,226
T-BulletDispenser-1x,6983,26.623,3.30,3.30,0.0033,464,226
T-BulletDispenser-1x,6984,26.626,3.08,3.10,0.0031,464,226
T-BulletDispenser-1x,6985,26.629,3.28,3.28,0.0033,464,226
T-BulletDispenser-1x,6986,26.633,3.32,3.30,0.0033,464,226
T-BulletDispenser-1x,6987,26.636,3.02,3.01,0.0030,464,226
T-BulletDispenser-1x,6988,26.638,2.66,2.69,0.0027,464,226
T-BulletDispenser-1x,6989,26.641,2.93,2.89,0.0029,464,226
T-BulletDispenser-1x,6990,26.644,2.99,3.01,0.0030,464,226
T-BulletDispenser-1x,6991,26.647,3.34,3.30,0.0033,464,226
T-BulletDispenser-1x,6992,26.651,3.19,3.20,0.0032,464,226
T-BulletDispenser-1x,6993,26.654,3.28,3.29,0.0033,464,226
T-BulletDispenser-1x,6994,26.657,3.09,3.09,0.0031,464,226
T-BulletDispenser-1x,6995,26.660,2.94,2.92,0.0029,464,226
T-BulletDispenser-1x,6996,26.663,2.96,2.98,0.0030,516,226
T-BulletDispenser-1x,6997,26.666,3.33,3.30,0.0033,464,226
T-BulletDispenser-1x,6998,26.670,3.48,3.49,0.0035,464,226
T-BulletDispenser-1x,6999,26.673,3.14,3.10,0.0031,464,226
T-BulletDispenser-1x,7000,26.676,3.05,3.09,0.0031,464,226
T-BulletDispenser-1x,7001,26.679,3.31,3.30,0.0033,464,226
T-BulletDispenser-1x,7002,26.683,3.44,3.42,0.0034,464,226
T-BulletDispenser-1x,7003,26.686,3.08,3.08,0.0031,464,226
T-BulletDispenser-1x,7004,26.689,3.09,3.09,0.0031,464,226
T-BulletDispenser-1x,7005,26.692,3.50,3.51,0.0035,464,226
T-BulletDispenser-1x,7006,26.696,3.62,3.60,0.0036,464,226
T-BulletDispenser-1x,7007,26.699,3.46,3.48,0.0035,464,226
T-BulletDispenser-1x,7008,26.703,3.41,3.40,0.0034,464,226
T-BulletDispenser-1x,7009,26.706,3.50,3.50,0.0035,464,226
T-BulletDispenser-1x,7010,26.710,3.43,3.41,0.0034,464,226
T-BulletDispenser-1x,7011,26.713,2.87,2.89,0.0029,464,226
T-BulletDispenser-1x,7012,26.716,3.34,3.30,0.0033,464,226
T-BulletDispenser-1x,7013,26.719,3.27,3.29,0.0033,464,226
T-BulletDispenser-1x,7014,26.723,3.34,3.32,0.0033,464,226
T-BulletDispenser-1x,7015,26.726,3.48,3.49,0.0035,464,226
T-BulletDispenser-1x,7016,26.729,3.16,3.17,0.0032,464,226
T-BulletDispenser-1x,7017,26.733,3.40,3.42,0.0034,464,226
T-BulletDispenser-1x,7018,26.736,3.11,3.10,0.0031,464,226
T-BulletDispenser-1x,7019,26.739,2.90,2.90,0.0029,464,226
T-BulletDispenser-1x,7020,26.742,2.92,2.90,0.0029,464,226
T-BulletDispenser-1x,7021,26.745,3.38,3.38,0.0034,464,226
T-BulletDispenser-1x,7022,26.748,3.23,3.21,0.0032,464,226
T-BulletDispenser-1x,7023,26.751,3.32,3.30,0.0033,464,226
T-BulletDispenser-1x,7024,26.755,3.15,3.19,0.0032,464,226
T-BulletDispenser-1x,7025,26.758,2.91,2.90,0.0029,464,226
T-BulletDispenser-1x,7026,26.760,2.83,2.82,0.0028,464,226
T-BulletDispenser-1x,7027,26.764,3.61,3.59,0.0036,464,226
T-BulletDispenser-1x,7028,26.768,3.62,3.61,0.0036,464,226
T-BulletDispenser-1x,7029,26.771,3.27,3.28,0.0033,464,226
T-BulletDispenser-1x,7030,26.774,3.36,3.39,0.0034,464,226
T-BulletDispenser-1x,7031,26.777,2.71,2.70,0.0027,464,226
T-BulletDispenser-1x,7032,26.780,2.99,3.00,0.0030,464,226
T-BulletDispenser-1x,7033,26.783,2.99,2.99,0.0030,464,226
T-BulletDispenser-1x,7034,26.786,3.46,3.43,0.0035,464,226
T-BulletDispenser-1x,7035,26.790,3.16,3.17,0.0032,464,226
T-BulletDispenser-1x,7036,26.792,2.77,2.79,0.0028,464,226
T-BulletDispenser-1x,7037,26.796,3.26,3.22,0.0033,464,226
T-BulletDispenser-1x,7038,26.799,2.99,3.00,0.0030,464,226
T-BulletDispenser-1x,7039,26.801,2.47,2.49,0.0025,464,226
T-BulletDispenser-1x,7040,26.804,3.01,2.99,0.0030,464,226
T-BulletDispenser-1x,7041,26.807,3.06,3.01,0.0031,464,226
T-BulletDispenser-1x,7042,26.810,3.40,3.41,0.0034,464,226
T-BulletDispenser-1x,7043,26.814,3.40,3.38,0.0034,464,226
T-BulletDispenser-1x,7044,26.817,3.26,3.30,0.0033,464,226
T-BulletDispenser-1x,7045,26.820,2.97,2.99,0.0030,464,226
T-BulletDispenser-1x,7046,26.823,3.01,3.00,0.0030,464,226
T-BulletDispenser-1x,7047,26.826,3.33,3.31,0.0033,464,226
T-BulletDispenser-1x,7048,26.829,2.72,2.78,0.0027,464,226
T-BulletDispenser-1x,7049,26.832,3.16,3.11,0.0032,464,226
T-BulletDispenser-1x,7050,26.835,3.12,3.12,0.0031,464,226
T-BulletDispenser-1x,7051,26.838,2.66,2.69,0.0027,464,226
T-BulletDispenser-1x,7052,26.841,3.15,3.11,0.0032,464,226
T-BulletDispenser-1x,7053,26.845,3.50,3.50,0.0035,464,226
T-BulletDispenser-1x,7054,26.848,3.31,3.28,0.0033,464,226
T-BulletDispenser-1x,7055,26.851,3.17,3.20,0.0032,464,226
T-BulletDispenser-1x,7056,26.854,2.98,2.99,0.0030,464,226
T-BulletDispenser-1x,7057,26.857,2.94,2.91,0.0029,464,226
T-BulletDispenser-1x,7058,26.860,3.11,3.09,0.0031,464,226
T-BulletDispenser-1x,7059,26.864,3.29,3.30,0.0033,516,226
T-BulletDispenser-1x,7060,26.867,3.17,3.20,0.0032,464,226
T-BulletDispenser-1x,7061,26.870,3.13,3.10,0.0031,464,226
T-BulletDispenser-1x,7062,26.873,3.09,3.08,0.0031,464,226
T-BulletDispenser-1x,7063,26.876,3.00,3.02,0.0030,464,226
T-BulletDispenser-1x,7064,26.879,3.40,3.39,0.0034,464,226
T-BulletDispenser-1x,7065,26.883,3.40,3.41,0.0034,464,226
T-BulletDispenser-1x,7066,26.886,3.29,3.28,0.0033,464,226
T-BulletDispenser-1x,7067,26.889,3.40,3.40,0.0034,464,226
T-BulletDispenser-1x,7068,26.893,3.10,3.10,0.0031,464,226
T-BulletDispenser-1x,7069,26.895,2.89,2.90,0.0029,464,226
T-BulletDispenser-1x,7070,26.898,2.67,2.59,0.0027,464,226
T-BulletDispenser-1x,7071,26.901,3.29,3.31,0.0033,464,226
T-BulletDispenser-1x,7072,26.905,3.15,3.18,0.0031,464,226
T-BulletDispenser-1x,7073,26.908,3.19,3.21,0.0032,464,226
T-BulletDispenser-1x,7074,26.911,2.91,2.90,0.0029,464,226
T-BulletDispenser-1x,7075,26.914,3.44,3.40,0.0034,464,226
T-BulletDispenser-1x,7076,26.917,3.17,3.19,0.0032,464,226
T-BulletDispenser-1x,7077,26.921,3.59,3.61,0.0036,464,226
T-BulletDispenser-1x,7078,26.924,3.50,3.49,0.0035,464,226
T-BulletDispenser-1x,7079,26.928,3.32,3.30,0.0033,464,226
T-BulletDispenser-1x,7080,26.931,2.96,2.98,0.0030,464,226
T-BulletDispenser-1x,7081,26.933,2.62,2.62,0.0026,464,226
T-BulletDispenser-1x,7082,26.937,3.38,3.31,0.0034,464,226
T-BulletDispenser-1x,7083,26.940,3.56,3.61,0.0036,464,226
T-BulletDispenser-1x,7084,26.944,3.37,3.37,0.0034,464,226
T-BulletDispenser-1x,7085,26.947,3.37,3.32,0.0034,464,226
T-BulletDispenser-1x,7086,26.950,3.37,3.39,0.0034,464,226
T-BulletDispenser-1x,7087,26.954,3.27,3.28,0.0033,464,226
T-BulletDispenser-1x,7088,26.957,3.28,3.29,0.0033,464,226
T-BulletDispenser-1x,7089,26.960,3.21,3.20,0.0032,464,226
T-BulletDispenser-1x,7090,26.963,3.33,3.32,0.0033,464,226
T-BulletDispenser-1x,7091,26.966,3.05,3.08,0.0031,464,226
T-BulletDispenser-1x,7092,26.969,2.84,2.81,0.0028,464,226
T-BulletDispenser-1x,7093,26.973,3.38,3.38,0.0034,464,226
T-BulletDispenser-1x,7094,26.976,3.31,3.31,0.0033,464,226
T-BulletDispenser-1x,7095,26.979,3.25,3.29,0.0033,464,226
T-BulletDispenser-1x,7096,26.982,3.26,3.20,0.0033,464,226
T-BulletDispenser-1x,7097,26.985,2.98,3.00,0.0030,464,226
T-BulletDispenser-1x,7098,26.988,2.71,2.71,0.0027,464,226
T-BulletDispenser-1x,7099,26.991,3.01,2.99,0.0030,464,226
T-BulletDispenser-1x,7100,26.994,3.29,3.21,0.0033,464,226
T-BulletDispenser-1x,7101,26.998,3.32,3.38,0.0033,464,226
T-BulletDispenser-1x,7102,27.001,2.88,2.90,0.0029,464,226
T-BulletDispenser-1x,7103,27.004,3.41,3.39,0.0034,464,226
T-BulletDispenser-1x,7104,27.007,2.97,3.00,0.0030,464,226
T-BulletDispenser-1x,7105,27.010,3.13,3.09,0.0031,464,226
T-BulletDispenser-1x,7106,27.013,3.33,3.31,0.0033,464,226
T-BulletDispenser-1x,7107,27.017,3.28,3.30,0.0033,464,226
T-BulletDispenser-1x,7108,27.020,3.34,3.37,0.0033,464,226
T-BulletDispenser-1x,7109,27.023,2.73,2.71,0.0027,464,226
T-BulletDispenser-1x,7110,27.026,2.86,2.89,0.0029,464,226
T-BulletDispenser-1x,7111,27.029,3.68,3.59,0.0037,464,226
T-BulletDispenser-1x,7112,27.033,3.39,3.42,0.0034,464,226
T-BulletDispenser-1x,7113,27.036,3.39,3.38,0.0034,464,226
T-BulletDispenser-1x,7114,27.039,3.32,3.31,0.0033,464,226
T-BulletDispenser-1x,7115,27.042,3.05,3.08,0.0030,464,226
T-BulletDispenser-1x,7116,27.046,3.22,3.20,0.0032,464,226
T-BulletDispenser-1x,7117,27.049,3.51,3.51,0.0035,464,226
T-BulletDispenser-1x,7118,27.053,3.62,3.59,0.0036,464,226
T-BulletDispenser-1x,7119,27.056,3.47,3.42,0.0035,464,226
T-BulletDispenser-1x,7120,27.059,3.06,3.16,0.0031,464,226
T-BulletDispenser-1x,7121,27.063,3.26,3.21,0.0033,464,226
T-BulletDispenser-1x,7122,27.066,3.59,3.60,0.0036,516,226
T-BulletDispenser-1x,7123,27.070,3.49,3.50,0.0035,464,226
T-BulletDispenser-1x,7124,27.073,3.41,3.41,0.0034,464,226
T-BulletDispenser-1x,7125,27.076,3.19,3.18,0.0032,464,226
T-BulletDispenser-1x,7126,27.079,3.07,3.11,0.0031,464,226
T-BulletDispenser-1x,7127,27.083,3.31,3.28,0.0033,464,226
T-BulletDispenser-1x,7128,27.086,3.53,3.51,0.0035,464,226
T-BulletDispenser-1x,7129,27.090,3.28,3.29,0.0033,464,226
T-BulletDispenser-1x,7130,27.092,2.99,3.01,0.0030,464,226
T-BulletDispenser-1x,7131,27.095,2.90,2.89,0.0029,464,226
T-BulletDispenser-1x,7132,27.098,2.82,2.79,0.0028,464,226
T-BulletDispenser-1x,7133,27.101,3.10,3.11,0.0031,464,226
T-BulletDispenser-1x,7134,27.105,3.42,3.41,0.0034,464,226
T-BulletDispenser-1x,7135,27.108,3.53,3.50,0.0035,464,226
T-BulletDispenser-1x,7136,27.112,3.64,3.68,0.0036,464,226
T-BulletDispenser-1x,7137,27.115,2.89,2.90,0.0029,464,226
T-BulletDispenser-1x,7138,27.118,2.79,2.79,0.0028,464,226
T-BulletDispenser-1x,7139,27.121,3.36,3.31,0.0034,464,226
T-BulletDispenser-1x,7140,27.124,3.13,3.18,0.0031,464,226
T-BulletDispenser-1x,7141,27.127,2.86,2.82,0.0029,464,226
T-BulletDispenser-1x,7142,27.130,3.47,3.48,0.0035,464,226
T-BulletDispenser-1x,7143,27.133,2.78,2.81,0.0028,464,226
T-BulletDispenser-1x,7144,27.136,2.72,2.69,0.0027,464,226
T-BulletDispenser-1x,7145,27.139,3.32,3.31,0.0033,464,226
T-BulletDispenser-1x,7146,27.142,3.06,3.09,0.0031,464,226
T-BulletDispenser-1x,7147,27.145,3.18,3.20,0.0032,464,226
T-BulletDispenser-1x,7148,27.149,3.47,3.41,0.0035,464,226
T-BulletDispenser-1x,7149,27.152,3.06,3.09,0.0031,464,226
T-BulletDispenser-1x,7150,27.155,2.56,2.59,0.0026,464,226
T-BulletDispenser-1x,7151,27.158,2.98,2.90,0.0030,464,226
T-BulletDispenser-1x,7152,27.161,3.49,3.53,0.0035,464,226
T-BulletDispenser-1x,7153,27.165,3.64,3.59,0.0036,464,226
T-BulletDispenser-1x,7154,27.168,3.13,3.17,0.0031,464,226
T-BulletDispenser-1x,7155,27.171,3.12,3.12,0.0031,464,226
T-BulletDispenser-1x,7156,27.174,3.29,3.28,0.0033,464,226
T-BulletDispenser-1x,7157,27.177,3.13,3.11,0.0031,464,226
T-BulletDispenser-1x,7158,27.181,3.27,3.28,0.0033,464,226
T-BulletDispenser-1x,7159,27.184,3.35,3.32,0.0034,464,226
T-BulletDispenser-1x,7160,27.187,3.24,3.29,0.0032,464,226
T-BulletDispenser-1x,7161,27.190,2.91,2.89,0.0029,464,226
T-BulletDispenser-1x,7162,27.193,3.32,3.31,0.0033,464,226
T-BulletDispenser-1x,7163,27.197,3.60,3.59,0.0036,464,226
T-BulletDispenser-1x,7164,27.200,2.85,2.89,0.0029,464,226
T-BulletDispenser-1x,7165,27.203,3.37,3.32,0.0034,464,226
T-BulletDispenser-1x,7166,27.207,3.47,3.49,0.0035,464,226
T-BulletDispenser-1x,7167,27.209,2.67,2.68,0.0027,464,226
T-BulletDispenser-1x,7168,27.213,3.14,3.11,0.0031,464,226
T-BulletDispenser-1x,7169,27.216,3.51,3.51,0.0035,464,226
T-BulletDispenser-1x,7170,27.219,3.27,3.29,0.0033,464,226
T-BulletDispenser-1x,7171,27.223,3.32,3.30,0.0033,464,226
T-BulletDispenser-1x,7172,27.226,3.04,3.08,0.0030,464,226
T-BulletDispenser-1x,7173,27.229,3.58,3.56,0.0036,464,226
T-BulletDispenser-1x,7174,27.232,2.95,2.86,0.0029,464,226
T-BulletDispenser-1x,7175,27.235,3.23,3.29,0.0032,464,226
T-BulletDispenser-1x,7176,27.239,3.42,3.40,0.0034,464,226
T-BulletDispenser-1x,7177,27.242,2.85,2.88,0.0028,464,226
T-BulletDispenser-1x,7178,27.245,3.22,3.19,0.0032,464,226
T-BulletDispenser-1x,7179,27.248,2.92,2.92,0.0029,464,226
T-BulletDispenser-1x,7180,27.251,3.00,2.99,0.0030,464,226
T-BulletDispenser-1x,7181,27.254,3.28,3.30,0.0033,464,226
T-BulletDispenser-1x,7182,27.257,3.40,3.41,0.0034,464,226
T-BulletDispenser-1x,7183,27.261,3.11,3.08,0.0031,464,226
T-BulletDispenser-1x,7184,27.264,3.08,3.10,0.0031,464,226
T-BulletDispenser-1x,7185,27.267,2.82,2.80,0.0028,516,226
T-BulletDispenser-1x,7186,27.269,2.88,2.90,0.0029,464,226
T-BulletDispenser-1x,7187,27.272,2.78,2.79,0.0028,464,226
T-BulletDispenser-1x,7188,27.275,3.26,3.23,0.0033,464,226
T-BulletDispenser-1x,7189,27.279,3.89,3.90,0.0039,464,226
T-BulletDispenser-1x,7190,27.283,3.39,3.38,0.0034,464,226
T-BulletDispenser-1x,7191,27.286,3.61,3.60,0.0036,464,226
T-BulletDispenser-1x,7192,27.290,3.60,3.52,0.0036,464,226
T-BulletDispenser-1x,7193,27.293,3.05,3.15,0.0031,464,226
T-BulletDispenser-1x,7194,27.296,3.32,3.31,0.0033,464,226
T-BulletDispenser-1x,7195,27.300,3.29,3.29,0.0033,464,226
T-BulletDispenser-1x,7196,27.303,3.51,3.51,0.0035,464,226
T-BulletDispenser-1x,7197,27.306,3.33,3.30,0.0033,464,226
T-BulletDispenser-1x,7198,27.310,3.48,3.48,0.0035,464,226
T-BulletDispenser-1x,7199,27.313,2.87,2.90,0.0029,464,226
T-BulletDispenser-1x,7200,27.316,3.05,3.02,0.0030,464,226
T-BulletDispenser-1x,7201,27.319,3.07,3.08,0.0031,464,226
T-BulletDispenser-1x,7202,27.322,3.52,3.50,0.0035,464,226
T-BulletDispenser-1x,7203,27.326,3.07,3.10,0.0031,464,226
T-BulletDispenser-1x,7204,27.329,3.59,3.58,0.0036,464,226
T-BulletDispenser-1x,7205,27.332,3.23,3.22,0.0032,464,226
T-BulletDispenser-1x,7206,27.336,3.59,3.59,0.0036,464,226
T-BulletDispenser-1x,7207,27.340,3.64,3.61,0.0036,464,226
T-BulletDispenser-1x,7208,27.343,3.20,3.20,0.0032,464,226
T-BulletDispenser-1x,7209,27.346,3.17,3.20,0.0032,464,226
T-BulletDispenser-1x,7210,27.349,3.30,3.30,0.0033,464,226
T-BulletDispenser-1x,7211,27.352,2.90,2.88,0.0029,464,226
T-BulletDispenser-1x,7212,27.355,3.07,3.11,0.0031,464,226
T-BulletDispenser-1x,7213,27.358,3.14,3.11,0.0031,464,226
T-BulletDispenser-1x,7214,27.362,3.21,3.20,0.0032,464,226
T-BulletDispenser-1x,7215,27.364,2.89,2.89,0.0029,464,226
T-BulletDispenser-1x,7216,27.368,3.07,3.09,0.0031,464,226
T-BulletDispenser-1x,7217,27.371,3.21,3.19,0.0032,464,226
T-BulletDispenser-1x,7218,27.374,3.22,3.22,0.0032,464,226
T-BulletDispenser-1x,7219,27.377,3.11,3.10,0.0031,464,226
T-BulletDispenser-1x,7220,27.380,3.24,3.27,0.0032,464,226
T-BulletDispenser-1x,7221,27.384,3.23,3.21,0.0032,464,226
T-BulletDispenser-1x,7222,27.387,3.11,3.10,0.0031,464,226
T-BulletDispenser-1x,7223,27.390,3.30,3.30,0.0033,464,226
T-BulletDispenser-1x,7224,27.393,3.50,3.51,0.0035,464,226
T-BulletDispenser-1x,7225,27.397,3.34,3.30,0.0033,464,226
T-BulletDispenser-1x,7226,27.400,3.46,3.49,0.0035,464,226
T-BulletDispenser-1x,7227,27.404,3.39,3.38,0.0034,464,226
T-BulletDispenser-1x,7228,27.407,3.31,3.30,0.0033,464,226
T-BulletDispenser-1x,7229,27.410,3.20,3.21,0.0032,464,226
T-BulletDispenser-1x,7230,27.413,3.10,3.09,0.0031,464,226
T-BulletDispenser-1x,7231,27.417,3.49,3.48,0.0035,464,226
T-BulletDispenser-1x,7232,27.420,3.12,3.12,0.0031,464,226
T-BulletDispenser-1x,7233,27.423,3.02,2.99,0.0030,464,226
T-BulletDispenser-1x,7234,27.426,3.39,3.41,0.0034,464,226
T-BulletDispenser-1x,7235,27.430,3.28,3.29,0.0033,464,226
T-BulletDispenser-1x,7236,27.433,3.49,3.49,0.0035,464,226
T-BulletDispenser-1x,7237,27.436,3.31,3.31,0.0033,464,226
T-BulletDispenser-1x,7238,27.440,3.41,3.41,0.0034,464,226
T-BulletDispenser-1x,7239,27.443,3.47,3.48,0.0035,464,226
T-BulletDispenser-1x,7240,27.446,2.77,2.80,0.0028,464,226
T-BulletDispenser-1x,7241,27.449,3.46,3.41,0.0035,464,226
T-BulletDispenser-1x,7242,27.453,3.61,3.60,0.0036,464,226
T-BulletDispenser-1x,7243,27.456,3.18,3.20,0.0032,464,226
T-BulletDispenser-1x,7244,27.459,3.20,3.19,0.0032,464,226
T-BulletDispenser-1x,7245,27.463,3.21,3.21,0.0032,464,226
T-BulletDispenser-1x,7246,27.466,3.51,3.50,0.0035,464,226
T-BulletDispenser-1x,7247,27.469,3.29,3.30,0.0033,516,226
T-BulletDispenser-1x,7248,27.472,2.76,2.79,0.0028,464,226
T-BulletDispenser-1x,7249,27.475,2.91,2.90,0.0029,464,226
T-BulletDispenser-1x,7250,27.478,2.91,2.89,0.0029,464,226
T-BulletDispenser-1x,7251,27.481,3.18,3.19,0.0032,464,226
T-BulletDispenser-1x,7252,27.484,3.06,3.01,0.0031,464,226
T-BulletDispenser-1x,7253,27.487,3.18,3.20,0.0032,464,226
T-BulletDispenser-1x,7254,27.491,3.49,3.50,0.0035,464,226
T-BulletDispenser-1x,7255,27.494,3.32,3.30,0.0033,464,226
T-BulletDispenser-1x,7256,27.497,3.04,3.08,0.0030,464,226
T-BulletDispenser-1x,7257,27.500,2.91,2.91,0.0029,464,226
T-BulletDispenser-1x,7258,27.504,3.30,3.29,0.0033,464,226
T-BulletDispenser-1x,7259,27.507,3.53,3.52,0.0035,464,226
T-BulletDispenser-1x,7260,27.510,3.21,3.20,0.0032,464,226
T-BulletDispenser-1x,7261,27.513,3.07,3.10,0.0031,464,226
T-BulletDispenser-1x,7262,27.516,2.98,3.00,0.0030,464,226
T-BulletDispenser-1x,7263,27.519,2.83,2.79,0.0028,464,226
T-BulletDispenser-1x,7264,27.522,2.88,2.90,0.0029,464,226
T-BulletDispenser-1x,7265,27.525,3.10,3.10,0.0031,464,226
T-BulletDispenser-1x,7266,27.528,3.08,2.99,0.0031,464,226
T-BulletDispenser-1x,7267,27.531,3.25,3.32,0.0032,464,226
T-BulletDispenser-1x,7268,27.535,3.59,3.58,0.0036,464,226
T-BulletDispenser-1x,7269,27.539,3.54,3.51,0.0035,464,226
T-BulletDispenser-1x,7270,27.542,3.35,3.40,0.0033,464,226
T-BulletDispenser-1x,7271,27.545,2.98,2.98,0.0030,464,226
T-BulletDispenser-1x,7272,27.548,3.02,2.99,0.0030,464,226
T-BulletDispenser-1x,7273,27.552,3.57,3.51,0.0036,464,226
T-BulletDispenser-1x,7274,27.555,3.22,3.29,0.0032,464,226
T-BulletDispenser-1x,7275,27.558,3.42,3.41,0.0034,464,226
T-BulletDispenser-1x,7276,27.562,3.48,3.49,0.0035,464,226
T-BulletDispenser-1x,7277,27.564,2.71,2.70,0.0027,464,226
T-BulletDispenser-1x,7278,27.568,3.30,3.29,0.0033,464,226
T-BulletDispenser-1x,7279,27.571,3.32,3.32,0.0033,464,226
T-BulletDispenser-1x,7280,27.574,3.29,3.30,0.0033,464,226
T-BulletDispenser-1x,7281,27.577,3.11,3.10,0.0031,464,226
T-BulletDispenser-1x,7282,27.580,3.05,3.07,0.0031,464,226
T-BulletDispenser-1x,7283,27.583,2.90,2.91,0.0029,464,226
T-BulletDispenser-1x,7284,27.587,3.27,3.22,0.0033,464,226
T-BulletDispenser-1x,7285,27.590,3.46,3.48,0.0035,464,226
T-BulletDispenser-1x,7286,27.593,3.33,3.30,0.0033,464,226
T-BulletDispenser-1x,7287,27.596,2.85,2.89,0.0029,464,226
T-BulletDispenser-1x,7288,27.600,3.36,3.31,0.0034,464,226
T-BulletDispenser-1x,7289,27.603,3.36,3.41,0.0034,464,226
T-BulletDispenser-1x,7290,27.606,3.42,3.39,0.0034,464,226
T-BulletDispenser-1x,7291,27.609,2.96,2.98,0.0030,464,226
T-BulletDispenser-1x,7292,27.614,4.68,4.65,0.0047,1476,225
T-BulletDispenser-1x,7293,27.618,3.68,3.67,0.0037,464,225
T-BulletDispenser-1x,7294,27.621,3.56,3.60,0.0036,682,224
T-BulletDispenser-1x,7295,27.625,3.33,3.30,0.0033,464,224
T-BulletDispenser-1x,7296,27.628,3.05,3.08,0.0031,464,224
T-BulletDispenser-1x,7297,27.632,4.02,4.00,0.0040,5518,223
T-BulletDispenser-1x,7298,27.635,3.35,3.30,0.0033,464,223
T-BulletDispenser-1x,7299,27.638,3.38,3.42,0.0034,464,223
T-BulletDispenser-1x,7300,27.642,3.99,4.00,0.0040,682,222
T-BulletDispenser-1x,7301,27.646,3.49,3.50,0.0035,464,222
T-BulletDispenser-1x,7302,27.649,3.45,3.48,0.0034,464,222
T-BulletDispenser-1x,7303,27.653,3.99,3.90,0.0040,1022,221
T-BulletDispenser-1x,7304,27.656,2.94,2.98,0.0029,464,221
T-BulletDispenser-1x,7305,27.659,3.13,3.12,0.0031,464,221
T-BulletDispenser-1x,7306,27.664,4.21,4.17,0.0042,682,220
T-BulletDispenser-1x,7307,27.667,3.62,3.61,0.0036,464,220
T-BulletDispenser-1x,7308,27.671,3.88,3.90,0.0039,734,219
T-BulletDispenser-1x,7309,27.674,3.06,3.09,0.0031,464,219
T-BulletDispenser-1x,7310,27.677,2.47,2.47,0.0025,464,219
T-BulletDispenser-1x,7311,27.680,3.12,3.11,0.0031,464,219
T-BulletDispenser-1x,7312,27.683,3.74,3.71,0.0037,682,218
T-BulletDispenser-1x,7313,27.687,3.36,3.39,0.0034,464,218
T-BulletDispenser-1x,7314,27.690,2.93,2.91,0.0029,464,218
T-BulletDispenser-1x,7315,27.693,3.64,3.61,0.0036,1066,217
T-BulletDispenser-1x,7316,27.696,2.92,2.97,0.0029,464,217
T-BulletDispenser-1x,7317,27.699,3.04,3.01,0.0030,464,217
T-BulletDispenser-1x,7318,27.703,3.92,3.90,0.0039,682,216
T-BulletDispenser-1x,7319,27.707,3.27,3.29,0.0033,464,216
T-BulletDispenser-1x,7320,27.710,3.28,3.22,0.0033,464,216
T-BulletDispenser-1x,7321,27.713,3.66,3.69,0.0037,682,215
T-BulletDispenser-1x,7322,27.717,3.49,3.50,0.0035,464,215
T-BulletDispenser-1x,7323,27.720,3.35,3.40,0.0033,464,215
T-BulletDispenser-1x,7324,27.724,3.75,3.70,0.0037,682,214
T-BulletDispenser-1x,7325,27.727,3.29,3.29,0.0033,464,214
T-BulletDispenser-1x,7326,27.731,3.41,3.40,0.0034,682,213
T-BulletDispenser-1x,7327,27.734,3.06,3.08,0.0031,464,213
T-BulletDispenser-1x,7328,27.737,2.99,3.00,0.0030,464,213
T-BulletDispenser-1x,7329,27.740,3.05,3.01,0.0030,464,213
T-BulletDispenser-1x,7330,27.743,3.59,3.59,0.0036,682,212
T-BulletDispenser-1x,7331,27.746,2.65,2.69,0.0026,464,212
T-BulletDispenser-1x,7332,27.749,2.85,2.81,0.0028,464,212
T-BulletDispenser-1x,7333,27.753,3.76,3.70,0.0038,682,211
T-BulletDispenser-1x,7334,27.756,3.59,3.61,0.0036,464,211
T-BulletDispenser-1x,7335,27.760,3.47,3.49,0.0035,464,211
T-BulletDispenser-1x,7336,27.763,3.47,3.48,0.0035,682,210
T-BulletDispenser-1x,7337,27.767,3.54,3.52,0.0035,464,210
T-BulletDispenser-1x,7338,27.770,3.11,3.09,0.0031,464,210
T-BulletDispenser-1x,7339,27.773,3.40,3.41,0.0034,1386,209
T-BulletDispenser-1x,7340,27.777,3.67,3.69,0.0037,464,209
T-BulletDispenser-1x,7341,27.780,2.96,2.99,0.0030,464,209
T-BulletDispenser-1x,7342,27.783,3.51,3.51,0.0035,682,208
T-BulletDispenser-1x,7343,27.787,3.22,3.19,0.0032,464,208
T-BulletDispenser-1x,7344,27.790,3.23,3.21,0.0032,464,208
T-BulletDispenser-1x,7345,27.793,3.49,3.48,0.0035,682,207
T-BulletDispenser-1x,7346,27.796,3.12,3.12,0.0031,464,207
T-BulletDispenser-1x,7347,27.799,3.04,3.08,0.0030,464,207
T-BulletDispenser-1x,7348,27.803,3.13,3.09,0.0031,682,206
T-BulletDispenser-1x,7349,27.806,3.41,3.40,0.0034,464,206
T-BulletDispenser-1x,7350,27.810,3.51,3.51,0.0035,464,206
T-BulletDispenser-1x,7351,27.813,3.48,3.50,0.0035,682,205
T-BulletDispenser-1x,7352,27.816,3.17,3.20,0.0032,464,205
T-BulletDispenser-1x,7353,27.819,2.51,2.49,0.0025,464,205
T-BulletDispenser-1x,7354,27.822,3.42,3.39,0.0034,682,204
T-BulletDispenser-1x,7355,27.826,3.54,3.51,0.0035,464,204
T-BulletDispenser-1x,7356,27.829,3.63,3.66,0.0036,464,204
T-BulletDispenser-1x,7357,27.833,3.61,3.63,0.0036,682,203
T-BulletDispenser-1x,7358,27.836,3.21,3.19,0.0032,464,203
T-BulletDispenser-1x,7359,27.839,3.23,3.21,0.0032,464,203
T-BulletDispenser-1x,7360,27.843,3.46,3.48,0.0035,682,202
T-BulletDispenser-1x,7361,27.846,3.13,3.10,0.0031,464,202
T-BulletDispenser-1x,7362,27.849,3.20,3.21,0.0032,464,202
T-BulletDispenser-1x,7363,27.853,3.59,3.60,0.0036,682,201
T-BulletDispenser-1x,7364,27.856,3.22,3.19,0.0032,464,201
T-BulletDispenser-1x,7365,27.859,3.35,3.39,0.0034,464,201
T-BulletDispenser-1x,7366,27.863,3.41,3.41,0.0034,682,200
T-BulletDispenser-1x,7367,27.866,3.07,3.08,0.0031,464,200
T-BulletDispenser-1x,7368,27.869,3.07,3.04,0.0031,464,200
T-BulletDispenser-1x,7369,27.873,3.68,3.70,0.0037,734,199
T-BulletDispenser-1x,7370,27.875,2.74,2.78,0.0027,464,199
T-BulletDispenser-1x,7371,27.879,4.12,4.06,0.0041,464,199
T-BulletDispenser-1x,7372,27.883,3.85,3.84,0.0038,682,198
T-BulletDispenser-1x,7373,27.886,2.98,3.00,0.0030,464,198
T-BulletDispenser-1x,7374,27.889,2.69,2.70,0.0027,464,198
T-BulletDispenser-1x,7375,27.893,3.58,3.59,0.0036,682,197
T-BulletDispenser-1x,7376,27.896,3.13,3.11,0.0031,464,197
T-BulletDispenser-1x,7377,27.899,3.60,3.59,0.0036,464,197
T-BulletDispenser-1x,7378,27.903,3.80,3.80,0.0038,682,196
T-BulletDispenser-1x,7379,27.906,3.08,3.09,0.0031,464,196
T-BulletDispenser-1x,7380,27.909,2.84,2.80,0.0028,464,196
T-BulletDispenser-1x,7381,27.913,3.71,3.71,0.0037,682,195
T-BulletDispenser-1x,7382,27.916,3.26,3.31,0.0033,464,195
T-BulletDispenser-1x,7383,27.919,3.02,2.99,0.0030,464,195
T-BulletDispenser-1x,7384,27.923,3.73,3.71,0.0037,682,194
T-BulletDispenser-1x,7385,27.926,2.85,2.89,0.0029,464,194
T-BulletDispenser-1x,7386,27.928,2.81,2.78,0.0028,464,194
T-BulletDispenser-1x,7387,27.932,3.30,3.31,0.0033,2026,193
T-BulletDispenser-1x,7388,27.935,3.41,3.38,0.0034,464,193
T-BulletDispenser-1x,7389,27.938,2.99,3.01,0.0030,464,193
T-BulletDispenser-1x,7390,27.942,3.57,3.60,0.0036,682,192
T-BulletDispenser-1x,7391,27.945,3.15,3.11,0.0032,464,192
T-BulletDispenser-1x,7392,27.948,3.29,3.29,0.0033,464,192
T-BulletDispenser-1x,7393,27.952,3.52,3.51,0.0035,682,191
T-BulletDispenser-1x,7394,27.954,2.53,2.59,0.0025,464,191
T-BulletDispenser-1x,7395,27.957,3.20,3.12,0.0032,464,191
T-BulletDispenser-1x,7396,27.961,3.55,3.58,0.0035,682,190
T-BulletDispenser-1x,7397,27.964,2.88,2.89,0.0029,464,190
T-BulletDispenser-1x,7398,27.967,2.89,2.91,0.0029,464,190
T-BulletDispenser-1x,7399,27.970,3.03,2.98,0.0030,464,190
T-BulletDispenser-1x,7400,27.973,3.39,3.41,0.0034,682,189
T-BulletDispenser-1x,7401,27.976,2.67,2.69,0.0027,464,189
T-BulletDispenser-1x,7402,27.979,3.64,3.59,0.0036,464,189
T-BulletDispenser-1x,7403,27.983,3.48,3.50,0.0035,682,188
T-BulletDispenser-1x,7404,27.986,2.98,2.99,0.0030,464,188
T-BulletDispenser-1x,7405,27.988,2.38,2.40,0.0024,464,188
T-BulletDispenser-1x,7406,27.992,3.49,3.42,0.0035,682,187
T-BulletDispenser-1x,7407,27.995,3.18,3.18,0.0032,464,187
T-BulletDispenser-1x,7408,27.998,3.48,3.49,0.0035,464,187
T-BulletDispenser-1x,7409,28.002,4.11,4.12,0.0041,682,186
T-BulletDispenser-1x,7410,28.006,3.45,3.41,0.0035,464,186
T-BulletDispenser-1x,7411,28.009,3.18,3.18,0.0032,464,186
T-BulletDispenser-1x,7412,28.013,3.86,3.89,0.0039,682,185
T-BulletDispenser-1x,7413,28.017,3.77,3.50,0.0038,464,185
T-BulletDispenser-1x,7414,28.020,3.36,3.58,0.0034,464,185
T-BulletDispenser-1x,7415,28.024,3.57,3.61,0.0036,682,184
T-BulletDispenser-1x,7416,28.026,2.87,2.89,0.0029,464,184
T-BulletDispenser-1x,7417,28.029,2.79,2.80,0.0028,464,184
T-BulletDispenser-1x,7418,28.033,3.46,3.40,0.0035,682,183
T-BulletDispenser-1x,7419,28.036,3.31,3.31,0.0033,464,183
T-BulletDispenser-1x,7420,28.039,2.96,2.98,0.0030,464,183
T-BulletDispenser-1x,7421,28.042,3.28,3.30,0.0033,682,182
T-BulletDispenser-1x,7422,28.045,2.81,2.82,0.0028,464,182
T-BulletDispenser-1x,7423,28.048,2.50,2.50,0.0025,464,182
T-BulletDispenser-1x,7424,28.052,3.93,3.88,0.0039,682,181
T-BulletDispenser-1x,7425,28.055,3.10,3.11,0.0031,464,181
T-BulletDispenser-1x,7426,28.058,3.05,3.09,0.0031,464,181
T-BulletDispenser-1x,7427,28.061,3.23,3.19,0.0032,682,180
T-BulletDispenser-1x,7428,28.064,3.31,3.30,0.0033,464,180
T-BulletDispenser-1x,7429,28.067,3.10,3.10,0.0031,464,180
T-BulletDispenser-1x,7430,28.071,3.39,3.39,0.0034,682,179
T-BulletDispenser-1x,7431,28.074,3.22,3.21,0.0032,516,179
T-BulletDispenser-1x,7432,28.077,2.96,2.97,0.0030,464,179
T-BulletDispenser-1x,7433,28.079,2.59,2.61,0.0026,464,179
T-BulletDispenser-1x,7434,28.083,3.19,3.19,0.0032,682,178
T-BulletDispenser-1x,7435,28.086,3.08,3.02,0.0031,464,178
T-BulletDispenser-1x,7436,28.089,3.30,3.29,0.0033,464,178
T-BulletDispenser-1x,7437,28.092,2.62,2.67,0.0026,464,178
T-BulletDispenser-1x,7438,28.095,3.17,3.11,0.0032,464,178
T-BulletDispenser-1x,7439,28.098,2.87,2.90,0.0029,464,178
T-BulletDispenser-1x,7440,28.101,2.96,2.90,0.0030,464,178
T-BulletDispenser-1x,7441,28.104,2.83,2.90,0.0028,464,178
T-BulletDispenser-1x,7442,28.107,3.13,3.10,0.0031,464,178
T-BulletDispenser-1x,7443,28.110,2.95,2.99,0.0030,464,178
T-BulletDispenser-1x,7444,28.112,2.83,2.80,0.0028,464,178
T-BulletDispenser-1x,7445,28.115,2.78,2.80,0.0028,464,178
T-BulletDispenser-1x,7446,28.118,3.15,3.11,0.0031,464,178
T-BulletDispenser-1x,7447,28.122,3.70,3.69,0.0037,464,178
T-BulletDispenser-1x,7448,28.125,2.98,3.01,0.0030,464,178
T-BulletDispenser-1x,7449,28.128,3.20,3.20,0.0032,464,178
T-BulletDispenser-1x,7450,28.131,3.03,2.99,0.0030,464,178
T-BulletDispenser-1x,7451,28.134,3.07,3.10,0.0031,464,178
T-BulletDispenser-1x,7452,28.137,3.08,3.09,0.0031,464,178
T-BulletDispenser-1x,7453,28.141,3.17,3.11,0.0032,464,178
T-BulletDispenser-1x,7454,28.144,3.28,3.29,0.0033,464,178
T-BulletDispenser-1x,7455,28.147,3.10,3.09,0.0031,464,178
T-BulletDispenser-1x,7456,28.150,3.37,3.39,0.0034,464,178
T-BulletDispenser-1x,7457,28.154,3.41,3.41,0.0034,464,178
T-BulletDispenser-1x,7458,28.157,2.98,2.98,0.0030,464,178
T-BulletDispenser-1x,7459,28.160,2.94,2.89,0.0029,464,178
T-BulletDispenser-1x,7460,28.163,3.07,3.11,0.0031,464,178
T-BulletDispenser-1x,7461,28.166,3.18,3.19,0.0032,464,178
T-BulletDispenser-1x,7462,28.169,3.22,3.20,0.0032,464,178
T-BulletDispenser-1x,7463,28.172,2.89,2.89,0.0029,464,178
T-BulletDispenser-1x,7464,28.175,3.00,3.01,0.0030,464,178
T-BulletDispenser-1x,7465,28.178,2.97,2.99,0.0030,464,178
T-BulletDispenser-1x,7466,28.180,2.37,2.39,0.0024,464,178
T-BulletDispenser-1x,7467,28.183,3.02,3.01,0.0030,464,178
T-BulletDispenser-1x,7468,28.186,3.04,2.98,0.0030,464,178
T-BulletDispenser-1x,7469,28.190,3.12,3.13,0.0031,464,178
T-BulletDispenser-1x,7470,28.192,2.65,2.67,0.0026,464,178
T-BulletDispenser-1x,7471,28.195,3.13,3.10,0.0031,464,178
T-BulletDispenser-1x,7472,28.198,2.90,2.89,0.0029,464,178
T-BulletDispenser-1x,7473,28.201,2.35,2.39,0.0023,464,178
T-BulletDispenser-1x,7474,28.203,2.77,2.72,0.0028,464,178
T-BulletDispenser-1x,7475,28.206,2.98,3.00,0.0030,464,178
T-BulletDispenser-1x,7476,28.210,3.15,3.10,0.0032,464,178
T-BulletDispenser-1x,7477,28.212,2.91,2.98,0.0029,464,178
T-BulletDispenser-1x,7478,28.216,3.13,3.10,0.0031,464,178
T-BulletDispenser-1x,7479,28.218,2.88,2.89,0.0029,464,178
T-BulletDispenser-1x,7480,28.221,2.39,2.42,0.0024,464,178
T-BulletDispenser-1x,7481,28.223,2.67,2.61,0.0027,464,178
T-BulletDispenser-1x,7482,28.227,3.16,3.18,0.0032,464,178
T-BulletDispenser-1x,7483,28.230,3.00,3.01,0.0030,464,178
T-BulletDispenser-1x,7484,28.233,2.97,2.99,0.0030,464,178
T-BulletDispenser-1x,7485,28.235,2.73,2.70,0.0027,464,178
T-BulletDispenser-1x,7486,28.238,2.78,2.79,0.0028,464,178
T-BulletDispenser-1x,7487,28.241,2.80,2.80,0.0028,464,178
T-BulletDispenser-1x,7488,28.243,2.51,2.50,0.0025,464,178
T-BulletDispenser-1x,7489,28.246,2.78,2.79,0.0028,464,178
T-BulletDispenser-1x,7490,28.249,2.95,2.92,0.0029,464,178
T-BulletDispenser-1x,7491,28.252,3.08,3.07,0.0031,464,178
T-BulletDispenser-1x,7492,28.256,3.32,3.31,0.0033,464,178
T-BulletDispenser-1x,7493,28.259,2.97,2.99,0.0030,464,178
T-BulletDispenser-1x,7494,28.261,2.81,2.81,0.0028,464,178
T-BulletDispenser-1x,7495,28.264,3.02,3.00,0.0030,464,178
T-BulletDispenser-1x,7496,28.267,2.98,2.99,0.0030,464,178
T-BulletDispenser-1x,7497,28.270,2.88,2.90,0.0029,464,178
T-BulletDispenser-1x,7498,28.273,3.00,2.98,0.0030,464,178
T-BulletDispenser-1x,7499,28.276,2.94,2.91,0.0029,516,178
T-BulletDispenser-1x,7500,28.279,3.03,3.04,0.0030,464,178
T-BulletDispenser-1x,7501,28.282,2.76,2.75,0.0028,464,178
T-BulletDispenser-1x,7502,28.285,3.21,3.21,0.0032,464,178
T-BulletDispenser-1x,7503,28.288,2.89,2.90,0.0029,464,178
T-BulletDispenser-1x,7504,28.291,3.06,3.09,0.0031,464,178
T-BulletDispenser-1x,7505,28.294,2.87,2.81,0.0029,464,178
T-BulletDispenser-1x,7506,28.297,3.18,3.19,0.0032,464,178
T-BulletDispenser-1x,7507,28.300,2.66,2.69,0.0027,464,178
T-BulletDispenser-1x,7508,28.303,2.79,2.79,0.0028,464,178
T-BulletDispenser-1x,7509,28.306,3.20,3.13,0.0032,464,178
T-BulletDispenser-1x,7510,28.309,3.02,3.07,0.0030,464,178
T-BulletDispenser-1x,7511,28.312,3.12,3.10,0.0031,464,178
T-BulletDispenser-1x,7512,28.315,2.90,2.90,0.0029,464,178
T-BulletDispenser-1x,7513,28.317,2.59,2.59,0.0026,464,178
T-BulletDispenser-1x,7514,28.321,3.09,3.09,0.0031,464,178
T-BulletDispenser-1x,7515,28.324,3.09,3.10,0.0031,464,178
T-BulletDispenser-1x,7516,28.327,3.15,3.11,0.0032,464,178
T-BulletDispenser-1x,7517,28.330,3.26,3.29,0.0033,464,178
T-BulletDispenser-1x,7518,28.333,3.09,3.09,0.0031,464,178
T-BulletDispenser-1x,7519,28.336,2.79,2.80,0.0028,464,178
T-BulletDispenser-1x,7520,28.339,2.82,2.79,0.0028,464,178
T-BulletDispenser-1x,7521,28.342,2.99,2.99,0.0030,464,178
T-BulletDispenser-1x,7522,28.345,3.21,3.21,0.0032,464,178
T-BulletDispenser-1x,7523,28.348,2.92,2.91,0.0029,464,178
T-BulletDispenser-1x,7524,28.351,2.86,2.88,0.0029,464,178
T-BulletDispenser-1x,7525,28.353,2.58,2.60,0.0026,464,178
T-BulletDispenser-1x,7526,28.356,2.37,2.31,0.0024,464,178
T-BulletDispenser-1x,7527,28.359,3.27,3.30,0.0033,464,178
T-BulletDispenser-1x,7528,28.362,3.02,3.00,0.0030,464,178
T-BulletDispenser-1x,7529,28.365,3.13,3.11,0.0031,464,178
T-BulletDispenser-1x,7530,28.368,3.36,3.38,0.0034,464,178
T-BulletDispenser-1x,7531,28.372,3.22,3.20,0.0032,464,178
T-BulletDispenser-1x,7532,28.375,3.43,3.41,0.0034,464,178
T-BulletDispenser-1x,7533,28.378,3.15,3.17,0.0032,464,178
T-BulletDispenser-1x,7534,28.381,2.70,2.70,0.0027,464,178
T-BulletDispenser-1x,7535,28.384,3.13,3.12,0.0031,464,178
T-BulletDispenser-1x,7536,28.387,3.19,3.19,0.0032,464,178
T-BulletDispenser-1x,7537,28.390,3.19,3.19,0.0032,464,178
T-BulletDispenser-1x,7538,28.394,3.10,3.10,0.0031,464,178
T-BulletDispenser-1x,7539,28.397,3.43,3.40,0.0034,464,178
T-BulletDispenser-1x,7540,28.400,2.86,2.89,0.0029,464,178
T-BulletDispenser-1x,7541,28.403,2.86,2.82,0.0029,464,178
T-BulletDispenser-1x,7542,28.405,2.43,2.49,0.0024,464,178
T-BulletDispenser-1x,7543,28.409,3.39,3.32,0.0034,464,178
T-BulletDispenser-1x,7544,28.412,3.18,3.18,0.0032,464,178
T-BulletDispenser-1x,7545,28.414,2.70,2.69,0.0027,464,178
T-BulletDispenser-1x,7546,28.417,2.85,2.90,0.0028,464,178
T-BulletDispenser-1x,7547,28.421,3.33,3.31,0.0033,464,178
T-BulletDispenser-1x,7548,28.424,3.39,3.40,0.0034,464,178
T-BulletDispenser-1x,7549,28.427,3.10,3.09,0.0031,464,178
T-BulletDispenser-1x,7550,28.430,2.88,2.89,0.0029,464,178
T-BulletDispenser-1x,7551,28.433,3.09,3.09,0.0031,464,178
T-BulletDispenser-1x,7552,28.436,2.84,2.81,0.0028,464,178
T-BulletDispenser-1x,7553,28.439,3.37,3.38,0.0034,464,178
T-BulletDispenser-1x,7554,28.443,3.32,3.30,0.0033,464,178
T-BulletDispenser-1x,7555,28.446,3.10,3.11,0.0031,464,178
T-BulletDispenser-1x,7556,28.449,3.18,3.18,0.0032,464,178
T-BulletDispenser-1x,7557,28.452,2.90,2.90,0.0029,464,178
T-BulletDispenser-1x,7558,28.455,2.89,2.92,0.0029,464,178
T-BulletDispenser-1x,7559,28.457,2.82,2.81,0.0028,464,178
T-BulletDispenser-1x,7560,28.460,2.92,2.90,0.0029,464,178
T-BulletDispenser-1x,7561,28.463,2.84,2.88,0.0028,464,178
T-BulletDispenser-1x,7562,28.466,3.02,3.01,0.0030,464,178
T-BulletDispenser-1x,7563,28.469,3.06,3.01,0.0031,464,178
T-BulletDispenser-1x,7564,28.472,3.04,3.07,0.0030,464,178
T-BulletDispenser-1x,7565,28.475,2.58,2.61,0.0026,464,178
T-BulletDispenser-1x,7566,28.478,2.96,2.90,0.0030,516,178
T-BulletDispenser-1x,7567,28.481,3.41,3.41,0.0034,464,178
T-BulletDispenser-1x,7568,28.485,3.45,3.40,0.0034,464,178
T-BulletDispenser-1x,7569,28.488,2.99,3.08,0.0030,464,178
T-BulletDispenser-1x,7570,28.491,3.44,3.40,0.0034,464,178
T-BulletDispenser-1x,7571,28.494,3.00,3.01,0.0030,464,178
T-BulletDispenser-1x,7572,28.497,3.19,3.20,0.0032,464,178
T-BulletDispenser-1x,7573,28.501,3.30,3.30,0.0033,464,178
T-BulletDispenser-1x,7574,28.504,3.18,3.19,0.0032,464,178
T-BulletDispenser-1x,7575,28.507,3.44,3.41,0.0034,464,178
T-BulletDispenser-1x,7576,28.511,3.47,3.50,0.0035,464,178
T-BulletDispenser-1x,7577,28.514,3.39,3.38,0.0034,464,178
T-BulletDispenser-1x,7578,28.518,3.44,3.42,0.0034,464,178
T-BulletDispenser-1x,7579,28.521,2.99,3.00,0.0030,464,178
T-BulletDispenser-1x,7580,28.524,3.07,3.08,0.0031,464,178
T-BulletDispenser-1x,7581,28.527,3.09,3.10,0.0031,464,178
T-BulletDispenser-1x,7582,28.529,2.79,2.79,0.0028,464,178
T-BulletDispenser-1x,7583,28.532,2.69,2.70,0.0027,464,178
T-BulletDispenser-1x,7584,28.535,2.85,2.81,0.0029,464,178
T-BulletDispenser-1x,7585,28.538,2.98,3.00,0.0030,464,178
T-BulletDispenser-1x,7586,28.541,3.08,3.11,0.0031,464,178
T-BulletDispenser-1x,7587,28.544,2.85,2.80,0.0028,464,178
T-BulletDispenser-1x,7588,28.547,2.74,2.77,0.0027,464,178
T-BulletDispenser-1x,7589,28.549,2.72,2.72,0.0027,464,178
T-BulletDispenser-1x,7590,28.552,2.40,2.38,0.0024,464,178
T-BulletDispenser-1x,7591,28.555,3.24,3.22,0.0032,464,178
T-BulletDispenser-1x,7592,28.558,3.09,3.09,0.0031,464,178
T-BulletDispenser-1x,7593,28.561,3.17,3.20,0.0032,464,178
T-BulletDispenser-1x,7594,28.564,3.12,3.11,0.0031,464,178
T-BulletDispenser-1x,7595,28.568,3.12,3.10,0.0031,464,178
T-BulletDispenser-1x,7596,28.570,2.95,2.99,0.0030,464,178
T-BulletDispenser-1x,7597,28.573,2.65,2.59,0.0027,464,178
T-BulletDispenser-1x,7598,28.577,3.48,3.50,0.0035,464,178
T-BulletDispenser-1x,7599,28.580,3.06,3.08,0.0031,464,178
T-BulletDispenser-1x,7600,28.583,3.13,3.13,0.0031,464,178
T-BulletDispenser-1x,7601,28.586,3.10,3.09,0.0031,464,178
T-BulletDispenser-1x,7602,28.589,2.78,2.79,0.0028,464,178
T-BulletDispenser-1x,7603,28.591,2.81,2.82,0.0028,464,178
T-BulletDispenser-1x,7604,28.595,3.26,3.20,0.0033,464,178
T-BulletDispenser-1x,7605,28.598,3.47,3.49,0.0035,464,178
T-BulletDispenser-1x,7606,28.602,3.31,3.31,0.0033,464,178
T-BulletDispenser-1x,7607,28.604,2.79,2.81,0.0028,464,178
T-BulletDispenser-1x,7608,28.608,3.36,3.30,0.0034,464,178
T-BulletDispenser-1x,7609,28.611,3.21,3.20,0.0032,464,178
T-BulletDispenser-1x,7610,28.614,3.17,3.18,0.0032,464,178
T-BulletDispenser-1x,7611,28.617,3.17,3.20,0.0032,464,178
T-BulletDispenser-1x,7612,28.620,3.24,3.20,0.0032,464,178
T-BulletDispenser-1x,7613,28.623,2.97,2.98,0.0030,464,178
T-BulletDispenser-1x,7614,28.626,2.80,2.79,0.0028,464,178
T-BulletDispenser-1x,7615,28.629,2.92,2.92,0.0029,464,178
T-BulletDispenser-1x,7616,28.632,3.25,3.27,0.0033,464,178
T-BulletDispenser-1x,7617,28.635,2.93,2.90,0.0029,464,178
T-BulletDispenser-1x,7618,28.638,2.99,3.00,0.0030,464,178
T-BulletDispenser-1x,7619,28.641,3.08,3.09,0.0031,464,178
T-BulletDispenser-1x,7620,28.645,3.12,3.10,0.0031,464,178
T-BulletDispenser-1x,7621,28.648,3.25,3.22,0.0032,464,178
T-BulletDispenser-1x,7622,28.651,2.84,2.88,0.0028,464,178
T-BulletDispenser-1x,7623,28.653,2.81,2.81,0.0028,464,178
T-BulletDispenser-1x,7624,28.656,3.03,3.00,0.0030,464,178
T-BulletDispenser-1x,7625,28.659,2.74,2.77,0.0027,464,178
T-BulletDispenser-1x,7626,28.662,2.81,2.80,0.0028,464,178
T-BulletDispenser-1x,7627,28.665,2.92,2.84,0.0029,464,178
T-BulletDispenser-1x,7628,28.668,3.22,3.26,0.0032,464,178
T-BulletDispenser-1x,7629,28.671,3.11,3.11,0.0031,464,178
T-BulletDispenser-1x,7630,28.674,3.15,3.18,0.0031,464,178
T-BulletDispenser-1x,7631,28.677,2.95,2.92,0.0030,464,178
T-BulletDispenser-1x,7632,28.681,3.41,3.40,0.0034,516,178
T-BulletDispenser-1x,7633,28.684,2.84,2.88,0.0028,464,178
T-BulletDispenser-1x,7634,28.687,3.12,3.11,0.0031,464,178
T-BulletDispenser-1x,7635,28.690,2.81,2.80,0.0028,464,178
T-BulletDispenser-1x,7636,28.693,3.01,2.99,0.0030,464,178
T-BulletDispenser-1x,7637,28.695,2.87,2.91,0.0029,464,178
T-BulletDispenser-1x,7638,28.698,2.52,2.50,0.0025,464,178
T-BulletDispenser-1x,7639,28.701,3.13,3.10,0.0031,464,178
T-BulletDispenser-1x,7640,28.704,3.18,3.20,0.0032,464,178
T-BulletDispenser-1x,7641,28.707,3.06,3.08,0.0031,464,178
T-BulletDispenser-1x,7642,28.710,2.92,2.91,0.0029,464,178
T-BulletDispenser-1x,7643,28.713,2.89,2.90,0.0029,464,178
T-BulletDispenser-1x,7644,28.716,3.18,3.10,0.0032,464,178
T-BulletDispenser-1x,7645,28.719,3.16,3.19,0.0032,464,178
T-BulletDispenser-1x,7646,28.723,3.18,3.19,0.0032,464,178
T-BulletDispenser-1x,7647,28.726,2.87,2.91,0.0029,464,178
T-BulletDispenser-1x,7648,28.729,3.82,3.78,0.0038,464,178
T-BulletDispenser-1x,7649,28.733,3.42,3.42,0.0034,464,178
T-BulletDispenser-1x,7650,28.736,2.88,2.88,0.0029,464,178
T-BulletDispenser-1x,7651,28.739,3.11,3.10,0.0031,464,178
T-BulletDispenser-1x,7652,28.742,3.72,3.71,0.0037,464,178
T-BulletDispenser-1x,7653,28.746,3.32,3.30,0.0033,464,178
T-BulletDispenser-1x,7654,28.749,3.23,3.27,0.0032,464,178
T-BulletDispenser-1x,7655,28.752,2.93,2.90,0.0029,464,178
T-BulletDispenser-1x,7656,28.755,2.68,2.72,0.0027,464,178
T-BulletDispenser-1x,7657,28.758,3.25,3.20,0.0032,464,178
T-BulletDispenser-1x,7658,28.761,3.26,3.29,0.0033,464,178
T-BulletDispenser-1x,7659,28.764,2.89,2.89,0.0029,464,178
T-BulletDispenser-1x,7660,28.767,2.82,2.81,0.0028,464,178
T-BulletDispenser-1x,7661,28.770,3.18,3.20,0.0032,464,178
T-BulletDispenser-1x,7662,28.773,2.71,2.70,0.0027,464,178
T-BulletDispenser-1x,7663,28.776,2.77,2.79,0.0028,464,178
T-BulletDispenser-1x,7664,28.779,3.18,3.17,0.0032,464,178
T-BulletDispenser-1x,7665,28.782,3.13,3.14,0.0031,464,178
T-BulletDispenser-1x,7666,28.785,2.90,2.88,0.0029,464,178
T-BulletDispenser-1x,7667,28.788,3.12,3.12,0.0031,464,178
T-BulletDispenser-1x,7668,28.790,2.67,2.69,0.0027,464,178
T-BulletDispenser-1x,7669,28.793,2.81,2.79,0.0028,464,178
T-BulletDispenser-1x,7670,28.796,3.11,3.12,0.0031,464,178
T-BulletDispenser-1x,7671,28.799,2.97,2.99,0.0030,464,178
T-BulletDispenser-1x,7672,28.802,2.71,2.69,0.0027,464,178
T-BulletDispenser-1x,7673,28.805,2.79,2.81,0.0028,464,178
T-BulletDispenser-1x,7674,28.807,2.57,2.58,0.0026,464,178
T-BulletDispenser-1x,7675,28.810,2.31,2.31,0.0023,464,178
T-BulletDispenser-1x,7676,28.813,2.84,2.82,0.0028,464,178
T-BulletDispenser-1x,7677,28.816,3.02,3.00,0.0030,464,178
T-BulletDispenser-1x,7678,28.819,2.97,2.98,0.0030,464,178
T-BulletDispenser-1x,7679,28.822,3.33,3.31,0.0033,464,178
T-BulletDispenser-1x,7680,28.825,2.99,3.01,0.0030,464,178
T-BulletDispenser-1x,7681,28.828,2.79,2.79,0.0028,464,178
T-BulletDispenser-1x,7682,28.831,2.90,2.88,0.0029,464,178
T-BulletDispenser-1x,7683,28.834,2.91,2.92,0.0029,464,178
T-BulletDispenser-1x,7684,28.837,3.19,3.20,0.0032,464,178
T-BulletDispenser-1x,7685,28.840,3.05,3.00,0.0030,464,178
T-BulletDispenser-1x,7686,28.843,3.18,3.21,0.0032,464,178
T-BulletDispenser-1x,7687,28.846,2.78,2.79,0.0028,464,178
T-BulletDispenser-1x,7688,28.849,3.11,3.08,0.0031,464,178
T-BulletDispenser-1x,7689,28.852,3.32,3.32,0.0033,464,178
T-BulletDispenser-1x,7690,28.855,2.86,2.89,0.0029,464,178
T-BulletDispenser-1x,7691,28.858,3.10,3.10,0.0031,464,178
T-BulletDispenser-1x,7692,28.861,3.24,3.21,0.0032,464,178
T-BulletDispenser-1x,7693,28.864,2.89,2.90,0.0029,464,178
T-BulletDispenser-1x,7694,28.867,3.12,3.10,0.0031,464,178
T-BulletDispenser-1x,7695,28.870,2.93,2.90,0.0029,464,178
T-BulletDispenser-1x,7696,28.873,3.02,3.08,0.0030,464,178
T-BulletDispenser-1x,7697,28.876,2.92,2.89,0.0029,464,178
T-BulletDispenser-1x,7698,28.879,2.99,3.00,0.0030,464,178
T-BulletDispenser-1x,7699,28.882,2.73,2.70,0.0027,516,178
T-BulletDispenser-1x,7700,28.885,3.07,3.08,0.0031,464,178
T-BulletDispenser-1x,7701,28.888,2.92,2.92,0.0029,464,178
T-BulletDispenser-1x,7702,28.891,2.97,3.00,0.0030,464,178
T-BulletDispenser-1x,7703,28.894,2.84,2.80,0.0028,464,178
T-BulletDispenser-1x,7704,28.897,3.11,3.10,0.0031,464,178
T-BulletDispenser-1x,7705,28.900,2.95,2.99,0.0029,464,178
T-BulletDispenser-1x,7706,28.902,2.52,2.49,0.0025,464,178
T-BulletDispenser-1x,7707,28.905,2.78,2.79,0.0028,464,178
T-BulletDispenser-1x,7708,28.908,2.92,2.91,0.0029,464,178
T-BulletDispenser-1x,7709,28.911,3.20,3.20,0.0032,464,178
T-BulletDispenser-1x,7710,28.914,3.13,3.10,0.0031,464,178
T-BulletDispenser-1x,7711,28.918,3.28,3.30,0.0033,464,178
T-BulletDispenser-1x,7712,28.921,2.90,2.90,0.0029,464,178
T-BulletDispenser-1x,7713,28.923,2.97,3.00,0.0030,464,178
T-BulletDispenser-1x,7714,28.926,2.85,2.81,0.0028,464,178
T-BulletDispenser-1x,7715,28.929,2.86,2.88,0.0029,464,178
T-BulletDispenser-1x,7716,28.932,3.24,3.22,0.0032,464,178
T-BulletDispenser-1x,7717,28.936,3.08,3.08,0.0031,464,178
T-BulletDispenser-1x,7718,28.939,3.23,3.21,0.0032,464,178
T-BulletDispenser-1x,7719,28.942,3.28,3.30,0.0033,464,178
T-BulletDispenser-1x,7720,28.945,3.20,3.19,0.0032,464,178
T-BulletDispenser-1x,7721,28.948,2.98,2.99,0.0030,464,178
T-BulletDispenser-1x,7722,28.952,3.42,3.42,0.0034,464,178
T-BulletDispenser-1x,7723,28.954,2.86,2.88,0.0029,464,178
T-BulletDispenser-1x,7724,28.957,2.70,2.61,0.0027,464,178
T-BulletDispenser-1x,7725,28.960,3.12,3.18,0.0031,464,178
T-BulletDispenser-1x,7726,28.963,3.10,3.09,0.0031,464,178
T-BulletDispenser-1x,7727,28.966,3.01,3.03,0.0030,464,178
T-BulletDispenser-1x,7728,28.969,2.90,2.88,0.0029,464,178
T-BulletDispenser-1x,7729,28.972,2.88,2.89,0.0029,464,178
T-BulletDispenser-1x,7730,28.975,2.76,2.79,0.0028,464,178
T-BulletDispenser-1x,7731,28.978,3.38,3.32,0.0034,464,178
T-BulletDispenser-1x,7732,28.982,3.24,3.27,0.0032,464,178
T-BulletDispenser-1x,7733,28.985,2.94,2.92,0.0029,464,178
T-BulletDispenser-1x,7734,28.987,2.85,2.88,0.0029,464,178
T-BulletDispenser-1x,7735,28.990,3.08,3.02,0.0031,464,178
T-BulletDispenser-1x,7736,28.994,3.46,3.47,0.0035,464,178
T-BulletDispenser-1x,7737,28.997,3.33,3.32,0.0033,464,178
T-BulletDispenser-1x,7738,29.000,3.18,3.20,0.0032,464,178
T-BulletDispenser-1x,7739,29.004,3.20,3.19,0.0032,464,178
T-BulletDispenser-1x,7740,29.007,2.99,2.99,0.0030,464,178
T-BulletDispenser-1x,7741,29.009,2.69,2.69,0.0027,464,178
T-BulletDispenser-1x,7742,29.013,3.17,3.12,0.0032,464,178
T-BulletDispenser-1x,7743,29.015,3.02,3.07,0.0030,464,178
T-BulletDispenser-1x,7744,29.019,3.38,3.31,0.0034,464,178
T-BulletDispenser-1x,7745,29.022,2.82,2.88,0.0028,464,178
T-BulletDispenser-1x,7746,29.025,3.23,3.20,0.0032,464,178
T-BulletDispenser-1x,7747,29.028,3.49,3.49,0.0035,464,178
T-BulletDispenser-1x,7748,29.032,3.15,3.12,0.0031,464,178
T-BulletDispenser-1x,7749,29.035,3.27,3.29,0.0033,464,178
T-BulletDispenser-1x,7750,29.038,2.85,2.88,0.0029,464,178
T-BulletDispenser-1x,7751,29.040,2.70,2.70,0.0027,464,178
T-BulletDispenser-1x,7752,29.043,2.83,2.80,0.0028,464,178
T-BulletDispenser-1x,7753,29.046,3.23,3.22,0.0032,464,178
T-BulletDispenser-1x,7754,29.050,3.14,3.19,0.0031,464,178
T-BulletDispenser-1x,7755,29.053,2.93,2.91,0.0029,464,178
T-BulletDispenser-1x,7756,29.056,3.15,3.10,0.0031,464,178
T-BulletDispenser-1x,7757,29.058,2.81,2.88,0.0028,464,178
T-BulletDispenser-1x,7758,29.061,2.83,2.79,0.0028,464,178
T-BulletDispenser-1x,7759,29.064,3.02,3.01,0.0030,464,178
T-BulletDispenser-1x,7760,29.067,3.07,3.08,0.0031,464,178
T-BulletDispenser-1x,7761,29.070,3.01,3.00,0.0030,464,178
T-BulletDispenser-1x,7762,29.074,3.12,3.10,0.0031,464,178
T-BulletDispenser-1x,7763,29.077,3.33,3.31,0.0033,464,178
T-BulletDispenser-1x,7764,29.080,3.04,3.10,0.0030,464,178
T-BulletDispenser-1x,7765,29.083,3.26,3.21,0.0033,516,178
T-BulletDispenser-1x,7766,29.086,2.85,2.87,0.0028,464,178
T-BulletDispenser-1x,7767,29.090,3.65,3.62,0.0037,464,178
T-BulletDispenser-1x,7768,29.093,3.39,3.40,0.0034,464,178
T-BulletDispenser-1x,7769,29.096,2.84,2.89,0.0028,464,178
T-BulletDispenser-1x,7770,29.099,3.16,3.11,0.0032,464,178
T-BulletDispenser-1x,7771,29.102,3.08,3.09,0.0031,464,178
T-BulletDispenser-1x,7772,29.105,3.18,3.18,0.0032,464,178
T-BulletDispenser-1x,7773,29.109,3.30,3.31,0.0033,464,178
T-BulletDispenser-1x,7774,29.112,3.31,3.30,0.0033,464,178
T-BulletDispenser-1x,7775,29.115,3.33,3.30,0.0033,464,178
T-BulletDispenser-1x,7776,29.118,3.08,3.02,0.0031,464,178
T-BulletDispenser-1x,7777,29.122,3.40,3.48,0.0034,464,178
T-BulletDispenser-1x,7778,29.125,3.22,3.20,0.0032,464,178
T-BulletDispenser-1x,7779,29.128,2.96,2.97,0.0030,464,178
T-BulletDispenser-1x,7780,29.131,2.79,2.82,0.0028,464,178
T-BulletDispenser-1x,7781,29.134,3.03,3.00,0.0030,464,178
T-BulletDispenser-1x,7782,29.137,3.29,3.29,0.0033,464,178
T-BulletDispenser-1x,7783,29.140,3.23,3.21,0.0032,464,178
T-BulletDispenser-1x,7784,29.144,3.38,3.39,0.0034,464,178
T-BulletDispenser-1x,7785,29.147,3.51,3.51,0.0035,464,178
T-BulletDispenser-1x,7786,29.150,3.08,3.09,0.0031,464,178
T-BulletDispenser-1x,7787,29.153,2.88,2.88,0.0029,464,178
T-BulletDispenser-1x,7788,29.156,3.02,3.00,0.0030,464,178
T-BulletDispenser-1x,7789,29.159,2.96,3.01,0.0030,464,178
T-BulletDispenser-1x,7790,29.162,3.23,3.20,0.0032,464,178
T-BulletDispenser-1x,7791,29.166,3.62,3.61,0.0036,464,178
T-BulletDispenser-1x,7792,29.169,3.08,3.08,0.0031,464,178
T-BulletDispenser-1x,7793,29.172,2.88,2.91,0.0029,464,178
T-BulletDispenser-1x,7794,29.175,2.80,2.82,0.0028,464,178
T-BulletDispenser-1x,7795,29.177,2.73,2.69,0.0027,464,178
T-BulletDispenser-1x,7796,29.180,2.85,2.88,0.0029,464,178
T-BulletDispenser-1x,7797,29.184,3.25,3.21,0.0032,464,178
T-BulletDispenser-1x,7798,29.187,3.42,3.39,0.0034,464,178
T-BulletDispenser-1x,7799,29.190,3.16,3.21,0.0032,464,178
T-BulletDispenser-1x,7800,29.193,3.05,3.00,0.0030,464,178
T-BulletDispenser-1x,7801,29.196,3.05,3.08,0.0031,464,178
T-BulletDispenser-1x,7802,29.199,3.21,3.19,0.0032,464,178
T-BulletDispenser-1x,7803,29.203,3.48,3.42,0.0035,464,178
T-BulletDispenser-1x,7804,29.206,3.46,3.49,0.0035,464,178
T-BulletDispenser-1x,7805,29.210,3.27,3.29,0.0033,464,178
T-BulletDispenser-1x,7806,29.213,3.60,3.52,0.0036,464,178
T-BulletDispenser-1x,7807,29.217,3.39,3.48,0.0034,464,178
T-BulletDispenser-1x,7808,29.220,3.20,3.18,0.0032,464,178
T-BulletDispenser-1x,7809,29.222,2.58,2.60,0.0026,464,178
T-BulletDispenser-1x,7810,29.226,3.24,3.20,0.0032,464,178
T-BulletDispenser-1x,7811,29.229,3.68,3.67,0.0037,464,178
T-BulletDispenser-1x,7812,29.232,3.15,3.19,0.0032,464,178
T-BulletDispenser-1x,7813,29.235,2.65,2.63,0.0027,464,178
T-BulletDispenser-1x,7814,29.238,2.84,2.80,0.0028,464,178
T-BulletDispenser-1x,7815,29.241,3.48,3.50,0.0035,464,178
T-BulletDispenser-1x,7816,29.245,3.50,3.49,0.0035,464,178
T-BulletDispenser-1x,7817,29.248,3.30,3.29,0.0033,464,178
T-BulletDispenser-1x,7818,29.252,3.50,3.50,0.0035,464,178
T-BulletDispenser-1x,7819,29.255,2.84,2.89,0.0028,464,178
T-BulletDispenser-1x,7820,29.257,2.73,2.70,0.0027,464,178
T-BulletDispenser-1x,7821,29.260,3.11,3.10,0.0031,464,178
T-BulletDispenser-1x,7822,29.264,3.15,3.11,0.0031,464,178
T-BulletDispenser-1x,7823,29.267,3.08,3.10,0.0031,464,178
T-BulletDispenser-1x,7824,29.270,3.14,3.17,0.0031,464,178
T-BulletDispenser-1x,7825,29.273,2.96,2.90,0.0030,464,178
T-BulletDispenser-1x,7826,29.276,3.30,3.29,0.0033,464,178
T-BulletDispenser-1x,7827,29.279,3.36,3.38,0.0034,464,178
T-BulletDispenser-1x,7828,29.283,3.33,3.32,0.0033,464,178
T-BulletDispenser-1x,7829,29.286,3.30,3.27,0.0033,516,178
T-BulletDispenser-1x,7830,29.289,2.86,2.90,0.0029,464,178
T-BulletDispenser-1x,7831,29.292,2.89,2.90,0.0029,464,178
T-BulletDispenser-1x,7832,29.295,3.13,3.11,0.0031,464,178
T-BulletDispenser-1x,7833,29.298,3.11,3.09,0.0031,464,178
T-BulletDispenser-1x,7834,29.301,3.21,3.20,0.0032,464,178
T-BulletDispenser-1x,7835,29.304,3.08,3.10,0.0031,464,178
T-BulletDispenser-1x,7836,29.308,3.20,3.20,0.0032,464,178
T-BulletDispenser-1x,7837,29.310,2.75,2.71,0.0028,464,178
T-BulletDispenser-1x,7838,29.313,3.17,3.20,0.0032,464,178
T-BulletDispenser-1x,7839,29.317,3.20,3.20,0.0032,464,178
T-BulletDispenser-1x,7840,29.320,2.91,2.89,0.0029,464,178
T-BulletDispenser-1x,7841,29.323,3.44,3.40,0.0034,464,178
T-BulletDispenser-1x,7842,29.326,2.92,2.99,0.0029,464,178
T-BulletDispenser-1x,7843,29.329,3.41,3.38,0.0034,464,178
T-BulletDispenser-1x,7844,29.333,3.39,3.39,0.0034,464,178
T-BulletDispenser-1x,7845,29.336,3.02,3.00,0.0030,464,178
T-BulletDispenser-1x,7846,29.339,3.29,3.30,0.0033,464,178
T-BulletDispenser-1x,7847,29.342,3.19,3.20,0.0032,464,178
T-BulletDispenser-1x,7848,29.346,3.92,3.10,0.0039,464,178
T-BulletDispenser-1x,7849,29.349,3.07,3.91,0.0031,592,178
T-BulletDispenser-1x,7850,29.353,3.39,3.29,0.0034,464,178
T-BulletDispenser-1x,7851,29.355,2.82,2.89,0.0028,464,178
T-BulletDispenser-1x,7852,29.359,3.19,3.20,0.0032,464,178
T-BulletDispenser-1x,7853,29.362,3.03,2.99,0.0030,464,178
T-BulletDispenser-1x,7854,29.365,3.07,3.09,0.0031,464,178
T-BulletDispenser-1x,7855,29.368,3.11,3.12,0.0031,464,178
T-BulletDispenser-1x,7856,29.371,3.02,3.00,0.0030,464,178
T-BulletDispenser-1x,7857,29.374,3.08,3.00,0.0031,464,178
T-BulletDispenser-1x,7858,29.377,3.32,3.40,0.0033,464,178
T-BulletDispenser-1x,7859,29.381,3.30,3.30,0.0033,464,178
T-BulletDispenser-1x,7860,29.383,2.87,2.87,0.0029,464,178
T-BulletDispenser-1x,7861,29.386,3.01,3.02,0.0030,464,178
T-BulletDispenser-1x,7862,29.389,3.04,3.01,0.0030,464,178
T-BulletDispenser-1x,7863,29.393,3.24,3.20,0.0032,464,178
T-BulletDispenser-1x,7864,29.396,3.54,3.58,0.0035,464,178
T-BulletDispenser-1x,7865,29.399,3.27,3.30,0.0033,464,178
T-BulletDispenser-1x,7866,29.403,3.00,2.99,0.0030,464,178
T-BulletDispenser-1x,7867,29.406,3.05,3.01,0.0031,464,178
T-BulletDispenser-1x,7868,29.409,3.14,3.19,0.0031,464,178
T-BulletDispenser-1x,7869,29.412,3.44,3.40,0.0034,464,178
T-BulletDispenser-1x,7870,29.415,3.32,3.30,0.0033,464,178
T-BulletDispenser-1x,7871,29.419,3.14,3.18,0.0031,464,178
T-BulletDispenser-1x,7872,29.422,3.34,3.33,0.0033,464,178
T-BulletDispenser-1x,7873,29.425,2.87,2.88,0.0029,464,178
T-BulletDispenser-1x,7874,29.428,2.84,2.80,0.0028,464,178
T-BulletDispenser-1x,7875,29.431,3.17,3.20,0.0032,464,178
T-BulletDispenser-1x,7876,29.434,3.02,3.00,0.0030,464,178
T-BulletDispenser-1x,7877,29.437,3.33,3.31,0.0033,464,178
T-BulletDispenser-1x,7878,29.440,3.12,3.09,0.0031,464,178
T-BulletDispenser-1x,7879,29.444,3.17,3.20,0.0032,464,178
T-BulletDispenser-1x,7880,29.447,3.39,3.37,0.0034,464,178
T-BulletDispenser-1x,7881,29.450,3.47,3.50,0.0035,464,178
T-BulletDispenser-1x,7882,29.454,3.30,3.29,0.0033,464,178
T-BulletDispenser-1x,7883,29.457,3.70,3.70,0.0037,464,178
T-BulletDispenser-1x,7884,29.461,3.52,3.51,0.0035,464,178
T-BulletDispenser-1x,7885,29.464,3.18,3.20,0.0032,464,178
T-BulletDispenser-1x,7886,29.467,2.77,2.79,0.0028,464,178
T-BulletDispenser-1x,7887,29.470,2.84,2.81,0.0028,464,178
T-BulletDispenser-1x,7888,29.473,3.59,3.60,0.0036,464,178
T-BulletDispenser-1x,7889,29.477,3.51,3.48,0.0035,464,178
T-BulletDispenser-1x,7890,29.480,3.06,3.10,0.0031,464,178
T-BulletDispenser-1x,7891,29.483,3.33,3.32,0.0033,464,178
T-BulletDispenser-1x,7892,29.486,3.32,3.29,0.0033,516,178
T-BulletDispenser-1x,7893,29.490,3.58,3.59,0.0036,464,178
T-BulletDispenser-1x,7894,29.494,3.51,3.51,0.0035,464,178
T-BulletDispenser-1x,7895,29.497,3.30,3.30,0.0033,464,178
T-BulletDispenser-1x,7896,29.500,3.16,3.18,0.0032,464,178
T-BulletDispenser-1x,7897,29.503,3.15,3.12,0.0031,464,178
T-BulletDispenser-1x,7898,29.506,3.28,3.29,0.0033,464,178
T-BulletDispenser-1x,7899,29.510,3.29,3.28,0.0033,464,178
T-BulletDispenser-1x,7900,29.513,3.01,3.02,0.0030,464,178
T-BulletDispenser-1x,7901,29.516,3.16,3.18,0.0032,464,178
T-BulletDispenser-1x,7902,29.519,3.16,3.11,0.0032,464,178
T-BulletDispenser-1x,7903,29.522,3.04,3.08,0.0030,464,178
T-BulletDispenser-1x,7904,29.526,3.41,3.32,0.0034,464,178
T-BulletDispenser-1x,7905,29.529,3.88,3.91,0.0039,464,178
T-BulletDispenser-1x,7906,29.533,3.23,3.26,0.0032,464,178
T-BulletDispenser-1x,7907,29.536,3.42,3.41,0.0034,464,178
T-BulletDispenser-1x,7908,29.539,2.88,2.90,0.0029,464,178
T-BulletDispenser-1x,7909,29.542,3.20,3.19,0.0032,464,178
T-BulletDispenser-1x,7910,29.545,3.22,3.20,0.0032,464,178
T-BulletDispenser-1x,7911,29.548,3.05,3.08,0.0030,464,178
T-BulletDispenser-1x,7912,29.552,3.22,3.11,0.0032,464,178
T-BulletDispenser-1x,7913,29.554,2.79,2.90,0.0028,464,178
T-BulletDispenser-1x,7914,29.558,3.13,3.09,0.0031,464,178
T-BulletDispenser-1x,7915,29.560,2.78,2.78,0.0028,464,178
T-BulletDispenser-1x,7916,29.564,3.43,3.32,0.0034,464,178
T-BulletDispenser-1x,7917,29.567,3.07,3.18,0.0031,464,178
T-BulletDispenser-1x,7918,29.570,3.06,3.09,0.0031,464,178
T-BulletDispenser-1x,7919,29.573,3.37,3.32,0.0034,464,178
T-BulletDispenser-1x,7920,29.576,2.95,2.98,0.0029,464,178
T-BulletDispenser-1x,7921,29.579,3.01,3.00,0.0030,464,178
T-BulletDispenser-1x,7922,29.583,3.62,3.60,0.0036,464,178
T-BulletDispenser-1x,7923,29.586,3.28,3.22,0.0033,464,178
T-BulletDispenser-1x,7924,29.589,2.78,2.88,0.0028,464,178
T-BulletDispenser-1x,7925,29.592,2.81,2.80,0.0028,464,178
T-BulletDispenser-1x,7926,29.595,2.85,2.82,0.0028,464,178
T-BulletDispenser-1x,7927,29.598,3.07,3.08,0.0031,464,178
T-BulletDispenser-1x,7928,29.601,2.90,2.90,0.0029,464,178
T-BulletDispenser-1x,7929,29.604,3.20,3.20,0.0032,464,178
T-BulletDispenser-1x,7930,29.607,3.13,3.11,0.0031,464,178
T-BulletDispenser-1x,7931,29.610,2.95,2.99,0.0029,464,178
T-BulletDispenser-1x,7932,29.613,3.16,3.11,0.0032,464,178
T-BulletDispenser-1x,7933,29.617,3.69,3.70,0.0037,464,178
T-BulletDispenser-1x,7934,29.620,3.41,3.40,0.0034,464,178
T-BulletDispenser-1x,7935,29.623,3.27,3.29,0.0033,464,178
T-BulletDispenser-1x,7936,29.626,3.04,3.01,0.0030,464,178
T-BulletDispenser-1x,7937,29.629,2.83,2.87,0.0028,464,178
T-BulletDispenser-1x,7938,29.632,2.73,2.71,0.0027,464,178
T-BulletDispenser-1x,7939,29.635,2.91,2.91,0.0029,464,178
T-BulletDispenser-1x,7940,29.638,3.20,3.19,0.0032,464,178
T-BulletDispenser-1x,7941,29.641,3.09,3.09,0.0031,464,178
T-BulletDispenser-1x,7942,29.644,2.99,3.01,0.0030,464,178
T-BulletDispenser-1x,7943,29.647,2.75,2.72,0.0028,464,178
T-BulletDispenser-1x,7944,29.650,3.61,3.59,0.0036,464,178
T-BulletDispenser-1x,7945,29.654,3.18,3.18,0.0032,464,178
T-BulletDispenser-1x,7946,29.657,2.86,2.88,0.0029,464,178
T-BulletDispenser-1x,7947,29.659,2.89,2.82,0.0029,464,178
T-BulletDispenser-1x,7948,29.663,3.14,3.18,0.0031,464,178
T-BulletDispenser-1x,7949,29.666,3.17,3.18,0.0032,464,178
T-BulletDispenser-1x,7950,29.668,2.59,2.59,0.0026,464,178
T-BulletDispenser-1x,7951,29.671,3.02,3.01,0.0030,464,178
T-BulletDispenser-1x,7952,29.675,3.20,3.19,0.0032,464,178
T-BulletDispenser-1x,7953,29.678,3.30,3.31,0.0033,464,178
T-BulletDispenser-1x,7954,29.681,2.88,2.89,0.0029,464,178
T-BulletDispenser-1x,7955,29.684,2.93,2.91,0.0029,464,178
T-BulletDispenser-1x,7956,29.686,2.79,2.80,0.0028,516,178
T-BulletDispenser-1x,7957,29.689,2.47,2.50,0.0025,464,178
T-BulletDispenser-1x,7958,29.692,3.16,3.09,0.0032,464,178
T-BulletDispenser-1x,7959,29.695,3.37,3.39,0.0034,464,178
T-BulletDispenser-1x,7960,29.699,3.22,3.21,0.0032,464,178
T-BulletDispenser-1x,7961,29.702,2.99,2.99,0.0030,464,178
T-BulletDispenser-1x,7962,29.705,2.90,2.90,0.0029,464,178
T-BulletDispenser-1x,7963,29.707,2.75,2.77,0.0027,464,178
T-BulletDispenser-1x,7964,29.710,2.86,2.84,0.0029,464,178
T-BulletDispenser-1x,7965,29.713,2.98,2.98,0.0030,464,178
T-BulletDispenser-1x,7966,29.716,3.08,3.11,0.0031,464,178
T-BulletDispenser-1x,7967,29.719,2.85,2.78,0.0029,464,178
T-BulletDispenser-1x,7968,29.722,2.95,3.00,0.0030,464,178
T-BulletDispenser-1x,7969,29.725,2.78,2.79,0.0028,464,178
T-BulletDispenser-1x,7970,29.728,3.02,2.99,0.0030,464,178
T-BulletDispenser-1x,7971,29.731,3.20,3.20,0.0032,464,178
T-BulletDispenser-1x,7972,29.734,3.31,3.30,0.0033,464,178
T-BulletDispenser-1x,7973,29.737,3.00,2.99,0.0030,464,178
T-BulletDispenser-1x,7974,29.740,2.77,2.80,0.0028,464,178
T-BulletDispenser-1x,7975,29.743,3.05,3.02,0.0031,464,178
T-BulletDispenser-1x,7976,29.746,2.97,2.98,0.0030,464,178
T-BulletDispenser-1x,7977,29.749,3.09,3.10,0.0031,464,178
T-BulletDispenser-1x,7978,29.752,3.05,3.02,0.0030,464,178
T-BulletDispenser-1x,7979,29.755,2.84,2.88,0.0028,464,178
T-BulletDispenser-1x,7980,29.758,2.81,2.80,0.0028,464,178
T-BulletDispenser-1x,7981,29.761,3.00,3.00,0.0030,464,178
T-BulletDispenser-1x,7982,29.764,3.14,3.11,0.0031,464,178
T-BulletDispenser-1x,7983,29.767,2.85,2.88,0.0029,464,178
T-BulletDispenser-1x,7984,29.770,3.23,3.22,0.0032,464,178
T-BulletDispenser-1x,7985,29.773,2.58,2.58,0.0026,464,178
T-BulletDispenser-1x,7986,29.776,3.55,3.51,0.0035,464,178
T-BulletDispenser-1x,7987,29.779,2.97,3.00,0.0030,464,178
T-BulletDispenser-1x,7988,29.782,3.23,3.21,0.0032,464,178
T-BulletDispenser-1x,7989,29.786,3.27,3.29,0.0033,464,178
T-BulletDispenser-1x,7990,29.789,3.13,3.09,0.0031,464,178
T-BulletDispenser-1x,7991,29.792,2.77,2.80,0.0028,464,178
T-BulletDispenser-1x,7992,29.795,2.96,2.92,0.0030,464,178
T-BulletDispenser-1x,7993,29.797,2.51,2.57,0.0025,464,178
T-BulletDispenser-1x,7994,29.800,2.95,2.90,0.0029,464,178
T-BulletDispenser-1x,7995,29.804,3.54,3.52,0.0035,464,178
T-BulletDispenser-1x,7996,29.807,3.14,3.16,0.0031,464,178
T-BulletDispenser-1x,7997,29.809,2.78,2.80,0.0028,464,178
T-BulletDispenser-1x,7998,29.812,2.81,2.81,0.0028,464,178
T-BulletDispenser-1x,7999,29.816,3.45,3.40,0.0035,464,178
T-BulletDispenser-1x,8000,29.819,3.59,3.62,0.0036,464,178
T-BulletDispenser-1x,8001,29.822,3.10,3.09,0.0031,464,178
T-BulletDispenser-1x,8002,29.826,3.40,3.40,0.0034,464,178
T-BulletDispenser-1x,8003,29.829,3.44,3.41,0.0034,464,178
T-BulletDispenser-1x,8004,29.832,2.81,2.87,0.0028,464,178
T-BulletDispenser-1x,8005,29.835,2.48,2.50,0.0025,464,178
T-BulletDispenser-1x,8006,29.838,3.03,3.00,0.0030,464,178
T-BulletDispenser-1x,8007,29.841,3.31,3.26,0.0033,464,178
T-BulletDispenser-1x,8008,29.844,3.39,3.44,0.0034,464,178
T-BulletDispenser-1x,8009,29.847,2.70,2.69,0.0027,464,178
T-BulletDispenser-1x,8010,29.850,3.09,3.09,0.0031,464,178
T-BulletDispenser-1x,8011,29.853,3.00,3.01,0.0030,464,178
T-BulletDispenser-1x,8012,29.856,3.12,3.10,0.0031,464,178
T-BulletDispenser-1x,8013,29.859,3.01,3.01,0.0030,464,178
T-BulletDispenser-1x,8014,29.862,3.07,3.10,0.0031,464,178
T-BulletDispenser-1x,8015,29.865,3.08,3.00,0.0031,464,178
T-BulletDispenser-1x,8016,29.869,3.16,3.19,0.0032,464,178
T-BulletDispenser-1x,8017,29.871,2.85,2.89,0.0028,464,178
T-BulletDispenser-1x,8018,29.874,3.00,2.99,0.0030,464,178
T-BulletDispenser-1x,8019,29.878,3.12,3.11,0.0031,464,178
T-BulletDispenser-1x,8020,29.881,3.09,3.09,0.0031,464,178
T-BulletDispenser-1x,8021,29.884,2.89,2.90,0.0029,464,178
T-BulletDispenser-1x,8022,29.886,2.90,2.91,0.0029,464,178
T-BulletDispenser-1x,8023,29.890,3.22,3.19,0.0032,516,178
T-BulletDispenser-1x,8024,29.893,3.34,3.30,0.0033,464,178
T-BulletDispenser-1x,8025,29.896,3.03,3.09,0.0030,464,178
T-BulletDispenser-1x,8026,29.899,3.25,3.20,0.0032,464,178
T-BulletDispenser-1x,8027,29.902,3.09,3.10,0.0031,464,178
T-BulletDispenser-1x,8028,29.905,2.97,3.00,0.0030,464,178
T-BulletDispenser-1x,8029,29.909,3.21,3.19,0.0032,464,178
T-BulletDispenser-1x,8030,29.912,3.07,3.09,0.0031,464,178
T-BulletDispenser-1x,8031,29.915,3.13,3.10,0.0031,464,178
T-BulletDispenser-1x,8032,29.918,3.04,3.02,0.0030,464,178
T-BulletDispenser-1x,8033,29.921,3.14,3.17,0.0031,464,178
T-BulletDispenser-1x,8034,29.924,2.68,2.70,0.0027,464,178
T-BulletDispenser-1x,8035,29.926,2.69,2.62,0.0027,464,178
T-BulletDispenser-1x,8036,29.929,3.15,3.17,0.0031,464,178
T-BulletDispenser-1x,8037,29.933,3.28,3.29,0.0033,464,178
T-BulletDispenser-1x,8038,29.936,3.34,3.30,0.0033,464,178
T-BulletDispenser-1x,8039,29.939,2.98,3.01,0.0030,464,178
T-BulletDispenser-1x,8040,29.942,3.31,3.31,0.0033,464,178
T-BulletDispenser-1x,8041,29.945,2.67,2.67,0.0027,464,178
T-BulletDispenser-1x,8042,29.948,2.82,2.82,0.0028,464,178
T-BulletDispenser-1x,8043,29.951,2.93,2.90,0.0029,464,178
T-BulletDispenser-1x,8044,29.954,2.93,2.98,0.0029,464,178
T-BulletDispenser-1x,8045,29.957,2.86,2.81,0.0029,464,178
T-BulletDispenser-1x,8046,29.959,2.95,2.98,0.0029,464,178
T-BulletDispenser-1x,8047,29.962,2.70,2.70,0.0027,464,178
T-BulletDispenser-1x,8048,29.965,2.63,2.61,0.0026,464,178
T-BulletDispenser-1x,8049,29.967,2.67,2.68,0.0027,464,178
T-BulletDispenser-1x,8050,29.970,2.91,2.91,0.0029,464,178
T-BulletDispenser-1x,8051,29.973,2.94,2.90,0.0029,464,178
T-BulletDispenser-1x,8052,29.976,3.11,3.10,0.0031,464,178
T-BulletDispenser-1x,8053,29.979,2.85,2.89,0.0029,464,178
T-BulletDispenser-1x,8054,29.982,2.69,2.69,0.0027,464,178
T-BulletDispenser-1x,8055,29.985,2.83,2.80,0.0028,464,178
T-BulletDispenser-1x,8056,29.988,2.81,2.81,0.0028,464,178
T-BulletDispenser-1x,8057,29.991,3.16,3.18,0.0032,464,178
T-BulletDispenser-1x,8058,29.994,2.91,2.90,0.0029,464,178
T-BulletDispenser-1x,8059,29.997,2.90,2.91,0.0029,464,178
T-BulletDispenser-1x,8060,29.999,2.88,2.90,0.0029,464,178
T-BulletDispenser-1x,8061,30.002,2.46,2.41,0.0025,464,178
T-BulletDispenser-1x,8062,30.005,3.01,3.00,0.0030,464,178
T-BulletDispenser-1x,8063,30.008,3.08,3.09,0.0031,464,178
T-BulletDispenser-1x,8064,30.011,3.26,3.28,0.0033,464,178
T-BulletDispenser-1x,8065,30.014,3.05,3.01,0.0030,464,178
T-BulletDispenser-1x,8066,30.018,3.17,2.98,0.0032,464,178
T-BulletDispenser-1x,8067,30.020,2.87,3.09,0.0029,464,178
T-BulletDispenser-1x,8068,30.023,2.60,2.59,0.0026,464,178
T-BulletDispenser-1x,8069,30.026,3.17,3.13,0.0032,464,178
T-BulletDispenser-1x,8070,30.029,3.02,3.04,0.0030,464,178
T-BulletDispenser-1x,8071,30.032,2.99,3.02,0.0030,464,178
T-BulletDispenser-1x,8072,30.035,2.84,2.81,0.0028,464,178
T-BulletDispenser-1x,8073,30.038,3.23,3.22,0.0032,464,178
T-BulletDispenser-1x,8074,30.041,3.06,3.10,0.0031,464,178
T-BulletDispenser-1x,8075,30.045,3.14,3.11,0.0031,464,178
T-BulletDispenser-1x,8076,30.048,3.38,3.39,0.0034,464,178
T-BulletDispenser-1x,8077,30.051,2.90,2.91,0.0029,464,178
T-BulletDispenser-1x,8078,30.054,3.43,3.40,0.0034,464,178
T-BulletDispenser-1x,8079,30.057,3.30,3.20,0.0033,464,178
T-BulletDispenser-1x,8080,30.061,3.06,3.19,0.0031,464,178
T-BulletDispenser-1x,8081,30.063,2.67,2.70,0.0027,464,178
T-BulletDispenser-1x,8082,30.066,2.62,2.58,0.0026,464,178
T-BulletDispenser-1x,8083,30.069,3.22,3.21,0.0032,464,178
T-BulletDispenser-1x,8084,30.072,3.32,3.31,0.0033,464,178
T-BulletDispenser-1x,8085,30.075,2.68,2.68,0.0027,464,178
T-BulletDispenser-1x,8086,30.078,2.80,2.81,0.0028,464,178
T-BulletDispenser-1x,8087,30.080,2.37,2.40,0.0024,464,178
T-BulletDispenser-1x,8088,30.083,2.82,2.79,0.0028,464,178
T-BulletDispenser-1x,8089,30.086,3.24,3.22,0.0032,464,178
T-BulletDispenser-1x,8090,30.090,3.29,3.29,0.0033,464,178
T-BulletDispenser-1x,8091,30.093,3.13,3.11,0.0031,516,178
T-BulletDispenser-1x,8092,30.096,3.02,3.08,0.0030,464,178
T-BulletDispenser-1x,8093,30.098,2.63,2.59,0.0026,464,178
T-BulletDispenser-1x,8094,30.102,3.33,3.31,0.0033,464,178
T-BulletDispenser-1x,8095,30.105,3.09,3.10,0.0031,464,178
T-BulletDispenser-1x,8096,30.108,3.03,3.07,0.0030,464,178
T-BulletDispenser-1x,8097,30.111,3.02,3.00,0.0030,464,178
T-BulletDispenser-1x,8098,30.114,2.78,2.80,0.0028,464,178
T-BulletDispenser-1x,8099,30.116,2.70,2.70,0.0027,464,178
T-BulletDispenser-1x,8100,30.119,2.95,2.91,0.0029,464,178
T-BulletDispenser-1x,8101,30.123,3.32,3.30,0.0033,464,178
T-BulletDispenser-1x,8102,30.126,2.97,2.99,0.0030,464,178
T-BulletDispenser-1x,8103,30.129,3.78,3.79,0.0038,464,178
T-BulletDispenser-1x,8104,30.132,2.88,2.90,0.0029,464,178
T-BulletDispenser-1x,8105,30.135,2.85,2.82,0.0029,464,178
T-BulletDispenser-1x,8106,30.138,2.98,2.99,0.0030,464,178
T-BulletDispenser-1x,8107,30.141,2.95,3.00,0.0030,464,178
T-BulletDispenser-1x,8108,30.144,2.72,2.69,0.0027,464,178
T-BulletDispenser-1x,8109,30.147,2.90,2.91,0.0029,464,178
T-BulletDispenser-1x,8110,30.149,2.90,2.90,0.0029,464,178
T-BulletDispenser-1x,8111,30.152,2.80,2.79,0.0028,464,178
T-BulletDispenser-1x,8112,30.155,3.14,3.10,0.0031,464,178
T-BulletDispenser-1x,8113,30.159,3.09,3.11,0.0031,464,178
T-BulletDispenser-1x,8114,30.162,3.11,3.09,0.0031,464,178
T-BulletDispenser-1x,8115,30.165,3.39,3.40,0.0034,464,178
T-BulletDispenser-1x,8116,30.168,2.91,2.90,0.0029,464,178
T-BulletDispenser-1x,8117,30.171,3.22,3.20,0.0032,464,178
T-BulletDispenser-1x,8118,30.174,3.22,3.20,0.0032,464,178
T-BulletDispenser-1x,8119,30.178,3.51,3.48,0.0035,464,178
T-BulletDispenser-1x,8120,30.181,3.13,3.19,0.0031,464,178
T-BulletDispenser-1x,8121,30.184,2.81,2.82,0.0028,464,178
T-BulletDispenser-1x,8122,30.187,3.02,2.99,0.0030,464,178
T-BulletDispenser-1x,8123,30.190,2.77,2.78,0.0028,464,178
T-BulletDispenser-1x,8124,30.193,3.43,3.42,0.0034,464,178
T-BulletDispenser-1x,8125,30.196,2.88,2.89,0.0029,464,178
T-BulletDispenser-1x,8126,30.199,3.19,3.19,0.0032,464,178
T-BulletDispenser-1x,8127,30.202,3.03,3.00,0.0030,464,178
T-BulletDispenser-1x,8128,30.205,2.75,2.80,0.0028,464,178
T-BulletDispenser-1x,8129,30.208,2.71,2.70,0.0027,464,178
T-BulletDispenser-1x,8130,30.211,3.03,3.01,0.0030,464,178
T-BulletDispenser-1x,8131,30.214,3.12,3.11,0.0031,464,178
T-BulletDispenser-1x,8132,30.217,2.83,2.88,0.0028,464,178
T-BulletDispenser-1x,8133,30.220,3.14,3.10,0.0031,464,178
T-BulletDispenser-1x,8134,30.222,2.67,2.70,0.0027,464,178
T-BulletDispenser-1x,8135,30.225,2.58,2.58,0.0026,464,178
T-BulletDispenser-1x,8136,30.228,3.15,3.10,0.0031,464,178
T-BulletDispenser-1x,8137,30.231,3.08,3.10,0.0031,464,178
T-BulletDispenser-1x,8138,30.234,2.69,2.71,0.0027,464,178
T-BulletDispenser-1x,8139,30.237,3.14,3.09,0.0031,464,178
T-BulletDispenser-1x,8140,30.240,3.08,3.09,0.0031,464,178
T-BulletDispenser-1x,8141,30.243,2.83,2.82,0.0028,464,178
T-BulletDispenser-1x,8142,30.246,2.75,2.78,0.0027,464,178
T-BulletDispenser-1x,8143,30.248,2.74,2.70,0.0027,464,178
T-BulletDispenser-1x,8144,30.252,3.10,3.10,0.0031,464,178
T-BulletDispenser-1x,8145,30.254,2.88,2.90,0.0029,464,178
T-BulletDispenser-1x,8146,30.257,2.91,2.89,0.0029,464,178
T-BulletDispenser-1x,8147,30.260,2.49,2.51,0.0025,464,178
T-BulletDispenser-1x,8148,30.263,2.81,2.79,0.0028,464,178
T-BulletDispenser-1x,8149,30.266,3.04,3.02,0.0030,464,178
T-BulletDispenser-1x,8150,30.269,2.87,2.88,0.0029,464,178
T-BulletDispenser-1x,8151,30.271,2.60,2.60,0.0026,464,178
T-BulletDispenser-1x,8152,30.274,3.00,3.00,0.0030,464,178
T-BulletDispenser-1x,8153,30.277,2.72,2.70,0.0027,464,178
T-BulletDispenser-1x,8154,30.280,3.51,3.50,0.0035,464,178
T-BulletDispenser-1x,8155,30.283,2.87,2.89,0.0029,464,178
T-BulletDispenser-1x,8156,30.286,3.22,3.20,0.0032,464,178
T-BulletDispenser-1x,8157,30.290,3.21,3.19,0.0032,464,178
T-BulletDispenser-1x,8158,30.292,2.83,2.88,0.0028,516,178
T-BulletDispenser-1x,8159,30.296,3.04,3.01,0.0030,464,178
T-BulletDispenser-1x,8160,30.299,3.19,3.13,0.0032,464,178
T-BulletDispenser-1x,8161,30.302,3.25,3.29,0.0033,464,178
T-BulletDispenser-1x,8162,30.305,2.97,2.99,0.0030,464,178
T-BulletDispenser-1x,8163,30.308,2.87,2.89,0.0029,464,178
T-BulletDispenser-1x,8164,30.311,2.93,2.91,0.0029,464,178
T-BulletDispenser-1x,8165,30.313,2.77,2.78,0.0028,464,178
T-BulletDispenser-1x,8166,30.316,2.89,2.91,0.0029,464,178
T-BulletDispenser-1x,8167,30.319,3.05,2.99,0.0031,464,178
T-BulletDispenser-1x,8168,30.323,3.28,3.29,0.0033,464,178
T-BulletDispenser-1x,8169,30.326,2.87,2.90,0.0029,464,178
T-BulletDispenser-1x,8170,30.329,3.69,3.68,0.0037,464,178
T-BulletDispenser-1x,8171,30.332,3.15,3.13,0.0031,464,178
T-BulletDispenser-1x,8172,30.335,2.99,2.99,0.0030,464,178
T-BulletDispenser-1x,8173,30.338,2.68,2.70,0.0027,464,178
T-BulletDispenser-1x,8174,30.341,3.11,3.08,0.0031,464,178
T-BulletDispenser-1x,8175,30.344,3.11,3.10,0.0031,464,178
T-BulletDispenser-1x,8176,30.348,3.17,3.20,0.0032,464,178
T-BulletDispenser-1x,8177,30.350,2.83,2.82,0.0028,464,178
T-BulletDispenser-1x,8178,30.353,2.67,2.68,0.0027,464,178
T-BulletDispenser-1x,8179,30.356,2.94,2.90,0.0029,464,178
T-BulletDispenser-1x,8180,30.359,2.88,2.91,0.0029,464,178
T-BulletDispenser-1x,8181,30.362,2.98,3.00,0.0030,464,178
T-BulletDispenser-1x,8182,30.365,2.83,2.80,0.0028,464,178
T-BulletDispenser-1x,8183,30.368,2.88,2.91,0.0029,464,178
T-BulletDispenser-1x,8184,30.370,2.57,2.58,0.0026,464,178
T-BulletDispenser-1x,8185,30.373,2.64,2.61,0.0026,464,178
T-BulletDispenser-1x,8186,30.376,2.80,2.80,0.0028,464,178
T-BulletDispenser-1x,8187,30.379,3.80,3.79,0.0038,464,178
T-BulletDispenser-1x,8188,30.382,3.12,3.11,0.0031,464,178
T-BulletDispenser-1x,8189,30.385,2.98,2.98,0.0030,464,178
T-BulletDispenser-1x,8190,30.388,3.01,3.00,0.0030,464,178
T-BulletDispenser-1x,8191,30.391,2.90,2.90,0.0029,464,178
T-BulletDispenser-1x,8192,30.394,2.77,2.79,0.0028,464,178
T-BulletDispenser-1x,8193,30.397,2.51,2.52,0.0025,464,178
T-BulletDispenser-1x,8194,30.400,3.10,3.08,0.0031,464,178
T-BulletDispenser-1x,8195,30.403,3.31,3.31,0.0033,464,178
T-BulletDispenser-1x,8196,30.406,3.22,3.18,0.0032,464,178
T-BulletDispenser-1x,8197,30.409,2.88,2.91,0.0029,464,178
T-BulletDispenser-1x,8198,30.412,2.80,2.79,0.0028,464,178
T-BulletDispenser-1x,8199,30.415,3.31,3.29,0.0033,464,178
T-BulletDispenser-1x,8200,30.419,3.33,3.31,0.0033,464,178
T-BulletDispenser-1x,8201,30.421,2.65,2.69,0.0026,464,178
T-BulletDispenser-1x,8202,30.424,3.13,3.10,0.0031,464,178
T-BulletDispenser-1x,8203,30.427,3.10,3.11,0.0031,464,178
T-BulletDispenser-1x,8204,30.430,2.55,2.58,0.0026,464,178
T-BulletDispenser-1x,8205,30.433,2.63,2.58,0.0026,464,178
T-BulletDispenser-1x,8206,30.436,3.21,3.21,0.0032,464,178
T-BulletDispenser-1x,8207,30.439,3.26,3.22,0.0033,464,178
T-BulletDispenser-1x,8208,30.442,3.04,3.08,0.0030,464,178
T-BulletDispenser-1x,8209,30.445,3.08,3.09,0.0031,464,178
T-BulletDispenser-1x,8210,30.448,2.71,2.69,0.0027,464,178
T-BulletDispenser-1x,8211,30.451,3.12,3.11,0.0031,464,178
T-BulletDispenser-1x,8212,30.454,3.06,3.08,0.0031,464,178
T-BulletDispenser-1x,8213,30.457,3.13,3.10,0.0031,464,178
T-BulletDispenser-1x,8214,30.460,3.20,3.21,0.0032,464,178
T-BulletDispenser-1x,8215,30.463,2.67,2.69,0.0027,464,178
T-BulletDispenser-1x,8216,30.466,3.15,3.11,0.0031,464,178
T-BulletDispenser-1x,8217,30.470,3.40,3.40,0.0034,464,178
T-BulletDispenser-1x,8218,30.473,3.12,3.10,0.0031,464,178
T-BulletDispenser-1x,8219,30.476,3.18,3.19,0.0032,464,178
T-BulletDispenser-1x,8220,30.479,3.27,3.29,0.0033,464,178
T-BulletDispenser-1x,8221,30.482,2.81,2.80,0.0028,464,178
T-BulletDispenser-1x,8222,30.485,3.31,3.30,0.0033,464,178
T-BulletDispenser-1x,8223,30.489,3.32,3.30,0.0033,464,178
T-BulletDispenser-1x,8224,30.492,3.46,3.48,0.0035,464,178
T-BulletDispenser-1x,8225,30.496,3.42,3.41,0.0034,516,178
T-BulletDispenser-1x,8226,30.498,2.87,2.89,0.0029,464,178
T-BulletDispenser-1x,8227,30.501,2.48,2.50,0.0025,464,178
T-BulletDispenser-1x,8228,30.504,3.06,3.00,0.0031,464,178
T-BulletDispenser-1x,8229,30.507,3.51,3.49,0.0035,464,178
T-BulletDispenser-1x,8230,30.511,3.37,3.41,0.0034,464,178
T-BulletDispenser-1x,8231,30.514,3.20,3.19,0.0032,464,178
T-BulletDispenser-1x,8232,30.517,2.90,2.91,0.0029,464,178
T-BulletDispenser-1x,8233,30.520,3.09,3.07,0.0031,464,178
T-BulletDispenser-1x,8234,30.523,3.24,3.22,0.0032,464,178
T-BulletDispenser-1x,8235,30.526,3.20,3.21,0.0032,464,178
T-BulletDispenser-1x,8236,30.530,3.26,3.28,0.0033,464,178
T-BulletDispenser-1x,8237,30.533,3.29,3.21,0.0033,464,178
T-BulletDispenser-1x,8238,30.536,3.08,3.09,0.0031,464,178
T-BulletDispenser-1x,8239,30.540,3.43,3.48,0.0034,464,178
T-BulletDispenser-1x,8240,30.543,3.21,3.21,0.0032,464,178
T-BulletDispenser-1x,8241,30.546,3.24,3.21,0.0032,464,178
T-BulletDispenser-1x,8242,30.549,3.39,3.40,0.0034,464,178
T-BulletDispenser-1x,8243,30.552,3.06,3.08,0.0031,464,178
T-BulletDispenser-1x,8244,30.555,2.47,2.50,0.0025,464,178
T-BulletDispenser-1x,8245,30.558,2.76,2.71,0.0028,464,178
T-BulletDispenser-1x,8246,30.561,2.89,2.90,0.0029,464,178
T-BulletDispenser-1x,8247,30.563,2.87,2.89,0.0029,464,178
T-BulletDispenser-1x,8248,30.566,2.78,2.79,0.0028,464,178
T-BulletDispenser-1x,8249,30.569,2.88,2.82,0.0029,464,178
T-BulletDispenser-1x,8250,30.572,3.26,3.28,0.0033,464,178
T-BulletDispenser-1x,8251,30.575,2.91,2.91,0.0029,464,178
T-BulletDispenser-1x,8252,30.578,2.85,2.87,0.0028,464,178
T-BulletDispenser-1x,8253,30.581,2.81,2.80,0.0028,464,178
T-BulletDispenser-1x,8254,30.584,3.29,3.24,0.0033,464,178
T-BulletDispenser-1x,8255,30.587,2.93,2.96,0.0029,464,178
T-BulletDispenser-1x,8256,30.590,3.01,3.00,0.0030,464,178
T-BulletDispenser-1x,8257,30.593,2.70,2.69,0.0027,464,178
T-BulletDispenser-1x,8258,30.596,3.12,3.11,0.0031,464,178
T-BulletDispenser-1x,8259,30.599,2.77,2.78,0.0028,464,178
T-BulletDispenser-1x,8260,30.601,2.80,2.82,0.0028,464,178
T-BulletDispenser-1x,8261,30.604,2.90,2.88,0.0029,464,178
T-BulletDispenser-1x,8262,30.607,2.70,2.70,0.0027,464,178
T-BulletDispenser-1x,8263,30.610,3.13,3.10,0.0031,464,178
T-BulletDispenser-1x,8264,30.613,2.97,3.00,0.0030,464,178
T-BulletDispenser-1x,8265,30.617,3.30,3.30,0.0033,464,178
T-BulletDispenser-1x,8266,30.620,3.32,3.31,0.0033,464,178
T-BulletDispenser-1x,8267,30.622,2.47,2.50,0.0025,464,178
T-BulletDispenser-1x,8268,30.625,2.92,2.89,0.0029,464,178
T-BulletDispenser-1x,8269,30.628,3.11,3.11,0.0031,464,178
T-BulletDispenser-1x,8270,30.631,2.97,2.99,0.0030,464,178
T-BulletDispenser-1x,8271,30.634,2.71,2.69,0.0027,464,178
T-BulletDispenser-1x,8272,30.637,3.40,3.40,0.0034,464,178
T-BulletDispenser-1x,8273,30.640,3.01,3.02,0.0030,464,178
T-BulletDispenser-1x,8274,30.643,3.00,2.98,0.0030,464,178
T-BulletDispenser-1x,8275,30.647,3.11,3.11,0.0031,464,178
T-BulletDispenser-1x,8276,30.650,3.37,3.40,0.0034,464,178
T-BulletDispenser-1x,8277,30.653,3.52,3.50,0.0035,464,178
T-BulletDispenser-1x,8278,30.656,3.01,3.00,0.0030,464,178
T-BulletDispenser-1x,8279,30.660,3.18,3.19,0.0032,464,178
T-BulletDispenser-1x,8280,30.662,2.80,2.81,0.0028,464,178
T-BulletDispenser-1x,8281,30.665,2.60,2.59,0.0026,464,178
T-BulletDispenser-1x,8282,30.668,3.03,3.01,0.0030,464,178
T-BulletDispenser-1x,8283,30.671,3.17,3.18,0.0032,464,178
T-BulletDispenser-1x,8284,30.674,3.21,3.20,0.0032,464,178
T-BulletDispenser-1x,8285,30.678,3.19,3.19,0.0032,464,178
T-BulletDispenser-1x,8286,30.680,2.56,2.59,0.0026,464,178
T-BulletDispenser-1x,8287,30.683,2.96,2.93,0.0030,464,178
T-BulletDispenser-1x,8288,30.686,3.17,3.17,0.0032,464,178
T-BulletDispenser-1x,8289,30.689,3.12,3.11,0.0031,464,178
T-BulletDispenser-1x,8290,30.692,2.99,2.99,0.0030,464,178
T-BulletDispenser-1x,8291,30.695,2.86,2.89,0.0029,516,178
T-BulletDispenser-1x,8292,30.698,2.30,2.30,0.0023,464,178
T-BulletDispenser-1x,8293,30.701,3.04,3.01,0.0030,464,178
T-BulletDispenser-1x,8294,30.704,3.23,3.20,0.0032,464,178
T-BulletDispenser-1x,8295,30.707,3.19,3.20,0.0032,464,178
T-BulletDispenser-1x,8296,30.710,3.29,3.29,0.0033,464,178
T-BulletDispenser-1x,8297,30.713,3.12,3.10,0.0031,464,178
T-BulletDispenser-1x,8298,30.716,2.85,2.91,0.0028,464,178
T-BulletDispenser-1x,8299,30.719,3.03,2.99,0.0030,464,178
T-BulletDispenser-1x,8300,30.723,3.27,3.24,0.0033,464,178
T-BulletDispenser-1x,8301,30.725,2.61,2.66,0.0026,464,178
T-BulletDispenser-1x,8302,30.728,3.03,2.99,0.0030,464,178
T-BulletDispenser-1x,8303,30.731,2.53,2.58,0.0025,464,178
T-BulletDispenser-1x,8304,30.733,2.74,2.73,0.0027,464,178
T-BulletDispenser-1x,8305,30.737,3.24,3.20,0.0032,464,178
T-BulletDispenser-1x,8306,30.740,3.18,3.20,0.0032,464,178
T-BulletDispenser-1x,8307,30.743,2.66,2.69,0.0027,464,178
T-BulletDispenser-1x,8308,30.746,3.02,2.99,0.0030,464,178
T-BulletDispenser-1x,8309,30.748,2.67,2.70,0.0027,464,178
T-BulletDispenser-1x,8310,30.751,2.40,2.41,0.0024,464,178
T-BulletDispenser-1x,8311,30.753,2.64,2.60,0.0026,464,178
T-BulletDispenser-1x,8312,30.756,3.13,3.10,0.0031,464,178
T-BulletDispenser-1x,8313,30.760,3.58,3.60,0.0036,464,178
T-BulletDispenser-1x,8314,30.763,2.81,2.81,0.0028,464,178
T-BulletDispenser-1x,8315,30.766,3.40,3.39,0.0034,464,178
T-BulletDispenser-1x,8316,30.769,2.68,2.70,0.0027,464,178
T-BulletDispenser-1x,8317,30.772,3.15,3.12,0.0032,464,178
T-BulletDispenser-1x,8318,30.776,3.56,3.58,0.0036,464,178
T-BulletDispenser-1x,8319,30.779,3.65,3.66,0.0036,464,178
T-BulletDispenser-1x,8320,30.783,3.38,3.34,0.0034,464,178
T-BulletDispenser-1x,8321,30.785,2.73,2.77,0.0027,464,178
T-BulletDispenser-1x,8322,30.788,2.72,2.72,0.0027,464,178
T-BulletDispenser-1x,8323,30.791,2.98,2.98,0.0030,464,178
T-BulletDispenser-1x,8324,30.794,3.14,3.11,0.0031,464,178
T-BulletDispenser-1x,8325,30.797,2.85,2.82,0.0028,464,178
T-BulletDispenser-1x,8326,30.800,3.04,3.08,0.0030,464,178
T-BulletDispenser-1x,8327,30.803,2.69,2.70,0.0027,464,178
T-BulletDispenser-1x,8328,30.806,2.95,2.91,0.0029,464,178
T-BulletDispenser-1x,8329,30.809,3.06,3.10,0.0031,464,178
T-BulletDispenser-1x,8330,30.812,3.21,3.19,0.0032,464,178
T-BulletDispenser-1x,8331,30.815,3.30,3.31,0.0033,464,178
T-BulletDispenser-1x,8332,30.818,2.93,2.89,0.0029,464,178
T-BulletDispenser-1x,8333,30.821,3.08,3.10,0.0031,464,178
T-BulletDispenser-1x,8334,30.824,2.95,2.97,0.0030,464,178
T-BulletDispenser-1x,8335,30.827,3.14,3.13,0.0031,464,178
T-BulletDispenser-1x,8336,30.830,2.87,2.88,0.0029,464,178
T-BulletDispenser-1x,8337,30.833,2.88,2.90,0.0029,464,178
T-BulletDispenser-1x,8338,30.836,3.03,3.01,0.0030,464,178
T-BulletDispenser-1x,8339,30.839,3.11,3.09,0.0031,464,178
T-BulletDispenser-1x,8340,30.842,2.44,2.48,0.0024,464,178
T-BulletDispenser-1x,8341,30.844,2.52,2.51,0.0025,464,178
T-BulletDispenser-1x,8342,30.847,2.79,2.80,0.0028,464,178
T-BulletDispenser-1x,8343,30.850,2.94,2.90,0.0029,464,178
T-BulletDispenser-1x,8344,30.853,3.01,3.01,0.0030,464,178
T-BulletDispenser-1x,8345,30.856,3.09,3.08,0.0031,464,178
T-BulletDispenser-1x,8346,30.859,2.91,2.91,0.0029,464,178
T-BulletDispenser-1x,8347,30.862,2.88,2.90,0.0029,464,178
T-BulletDispenser-1x,8348,30.864,2.50,2.50,0.0025,464,178
T-BulletDispenser-1x,8349,30.868,3.32,3.28,0.0033,464,178
T-BulletDispenser-1x,8350,30.871,3.21,3.22,0.0032,464,178
T-BulletDispenser-1x,8351,30.874,3.27,3.28,0.0033,464,178
T-BulletDispenser-1x,8352,30.877,3.02,3.00,0.0030,464,178
T-BulletDispenser-1x,8353,30.880,2.77,2.79,0.0028,464,178
T-BulletDispenser-1x,8354,30.883,2.82,2.81,0.0028,464,178
T-BulletDispenser-1x,8355,30.885,2.60,2.59,0.0026,464,178
T-BulletDispenser-1x,8356,30.889,3.44,3.40,0.0034,464,178
T-BulletDispenser-1x,8357,30.892,3.18,3.21,0.0032,464,178
T-BulletDispenser-1x,8358,30.895,3.41,3.39,0.0034,464,178
T-BulletDispenser-1x,8359,30.899,3.22,3.20,0.0032,516,178
T-BulletDispenser-1x,8360,30.902,3.02,3.07,0.0030,464,178
T-BulletDispenser-1x,8361,30.904,2.68,2.70,0.0027,464,178
T-BulletDispenser-1x,8362,30.907,2.75,2.70,0.0028,464,178
T-BulletDispenser-1x,8363,30.910,3.22,3.21,0.0032,464,178
T-BulletDispenser-1x,8364,30.914,3.48,3.49,0.0035,464,178
T-BulletDispenser-1x,8365,30.917,3.13,3.11,0.0031,464,178
T-BulletDispenser-1x,8366,30.920,3.28,3.31,0.0033,464,178
T-BulletDispenser-1x,8367,30.923,3.01,2.99,0.0030,464,178
T-BulletDispenser-1x,8368,30.926,2.55,2.59,0.0025,464,178
T-BulletDispenser-1x,8369,30.929,3.43,3.41,0.0034,464,178
T-BulletDispenser-1x,8370,30.932,2.90,2.88,0.0029,464,178
T-BulletDispenser-1x,8371,30.935,3.33,3.31,0.0033,464,178
T-BulletDispenser-1x,8372,30.938,2.84,2.88,0.0028,464,178
T-BulletDispenser-1x,8373,30.941,3.02,3.01,0.0030,464,178
T-BulletDispenser-1x,8374,30.944,2.83,2.80,0.0028,464,178
T-BulletDispenser-1x,8375,30.947,2.74,2.78,0.0027,464,178
T-BulletDispenser-1x,8376,30.950,3.06,3.01,0.0031,464,178
T-BulletDispenser-1x,8377,30.953,3.01,2.99,0.0030,464,178
T-BulletDispenser-1x,8378,30.956,3.20,3.20,0.0032,464,178
T-BulletDispenser-1x,8379,30.960,3.37,3.39,0.0034,464,178
T-BulletDispenser-1x,8380,30.962,2.92,2.91,0.0029,464,178
T-BulletDispenser-1x,8381,30.966,3.26,3.29,0.0033,464,178
T-BulletDispenser-1x,8382,30.968,2.39,2.40,0.0024,464,178
T-BulletDispenser-1x,8383,30.971,2.93,2.90,0.0029,464,178
T-BulletDispenser-1x,8384,30.974,3.21,3.21,0.0032,464,178
T-BulletDispenser-1x,8385,30.977,3.11,3.10,0.0031,464,178
T-BulletDispenser-1x,8386,30.980,2.78,2.79,0.0028,464,178
T-BulletDispenser-1x,8387,30.983,2.96,2.99,0.0030,464,178
T-BulletDispenser-1x,8388,30.986,2.75,2.71,0.0028,464,178
T-BulletDispenser-1x,8389,30.989,2.77,2.80,0.0028,464,178
T-BulletDispenser-1x,8390,30.992,2.92,2.88,0.0029,464,178
T-BulletDispenser-1x,8391,30.994,2.89,2.90,0.0029,464,178
T-BulletDispenser-1x,8392,30.998,3.26,3.21,0.0033,464,178
T-BulletDispenser-1x,8393,31.001,3.13,3.20,0.0031,464,178
T-BulletDispenser-1x,8394,31.004,3.12,3.08,0.0031,464,178
T-BulletDispenser-1x,8395,31.007,3.51,3.50,0.0035,464,178
T-BulletDispenser-1x,8396,31.010,2.98,3.00,0.0030,464,178
T-BulletDispenser-1x,8397,31.014,3.15,3.11,0.0032,464,178
T-BulletDispenser-1x,8398,31.017,3.56,3.60,0.0036,464,178
T-BulletDispenser-1x,8399,31.020,3.10,3.09,0.0031,464,178
T-BulletDispenser-1x,8400,31.023,3.10,3.11,0.0031,464,178
T-BulletDispenser-1x,8401,31.026,2.70,2.69,0.0027,464,178
T-BulletDispenser-1x,8402,31.029,3.19,3.18,0.0032,464,178
T-BulletDispenser-1x,8403,31.032,2.91,2.93,0.0029,464,178
T-BulletDispenser-1x,8404,31.035,3.01,2.99,0.0030,464,178
T-BulletDispenser-1x,8405,31.038,2.88,2.90,0.0029,464,178
T-BulletDispenser-1x,8406,31.041,2.97,3.00,0.0030,464,178
T-BulletDispenser-1x,8407,31.044,2.73,2.71,0.0027,464,178
T-BulletDispenser-1x,8408,31.047,2.88,2.89,0.0029,464,178
T-BulletDispenser-1x,8409,31.049,2.71,2.71,0.0027,464,178
T-BulletDispenser-1x,8410,31.052,2.48,2.48,0.0025,464,178
T-BulletDispenser-1x,8411,31.055,2.94,2.92,0.0029,464,178
T-BulletDispenser-1x,8412,31.058,3.22,3.21,0.0032,464,178
T-BulletDispenser-1x,8413,31.061,3.07,3.08,0.0031,464,178
T-BulletDispenser-1x,8414,31.064,3.21,3.19,0.0032,464,178
T-BulletDispenser-1x,8415,31.067,2.69,2.71,0.0027,464,178
T-BulletDispenser-1x,8416,31.070,2.88,2.89,0.0029,464,178
T-BulletDispenser-1x,8417,31.073,2.92,2.90,0.0029,464,178
T-BulletDispenser-1x,8418,31.076,2.91,2.90,0.0029,464,178
T-BulletDispenser-1x,8419,31.079,3.71,3.71,0.0037,464,178
T-BulletDispenser-1x,8420,31.082,2.97,2.98,0.0030,464,178
T-BulletDispenser-1x,8421,31.085,2.58,2.61,0.0026,464,178
T-BulletDispenser-1x,8422,31.088,2.81,2.80,0.0028,464,178
T-BulletDispenser-1x,8423,31.090,2.61,2.59,0.0026,464,178
T-BulletDispenser-1x,8424,31.093,2.78,2.79,0.0028,464,178
T-BulletDispenser-1x,8425,31.096,3.03,3.00,0.0030,464,178
T-BulletDispenser-1x,8426,31.099,2.90,2.90,0.0029,516,178
T-BulletDispenser-1x,8427,31.102,2.77,2.79,0.0028,464,178
T-BulletDispenser-1x,8428,31.105,2.90,2.90,0.0029,464,178
T-BulletDispenser-1x,8429,31.108,2.96,2.93,0.0030,464,178
T-BulletDispenser-1x,8430,31.111,2.98,2.98,0.0030,464,178
T-BulletDispenser-1x,8431,31.114,3.00,3.00,0.0030,464,178
T-BulletDispenser-1x,8432,31.117,3.08,3.10,0.0031,464,178
T-BulletDispenser-1x,8433,31.120,3.12,3.11,0.0031,464,178
T-BulletDispenser-1x,8434,31.123,2.90,2.89,0.0029,464,178
T-BulletDispenser-1x,8435,31.126,2.90,2.90,0.0029,464,178
T-BulletDispenser-1x,8436,31.129,3.67,3.66,0.0037,464,178
T-BulletDispenser-1x,8437,31.133,3.35,3.34,0.0033,464,178
T-BulletDispenser-1x,8438,31.136,3.18,3.20,0.0032,464,178
T-BulletDispenser-1x,8439,31.138,2.55,2.58,0.0025,464,178
T-BulletDispenser-1x,8440,31.141,2.77,2.71,0.0028,464,178
T-BulletDispenser-1x,8441,31.144,3.10,3.09,0.0031,464,178
T-BulletDispenser-1x,8442,31.148,3.29,3.30,0.0033,464,178
T-BulletDispenser-1x,8443,31.150,2.64,2.68,0.0026,464,178
T-BulletDispenser-1x,8444,31.153,3.17,3.12,0.0032,464,178
T-BulletDispenser-1x,8445,31.156,2.76,2.80,0.0028,464,178
T-BulletDispenser-1x,8446,31.159,2.57,2.59,0.0026,464,178
T-BulletDispenser-1x,8447,31.161,2.64,2.61,0.0026,464,178
T-BulletDispenser-1x,8448,31.164,2.78,2.80,0.0028,464,178
T-BulletDispenser-1x,8449,31.167,3.03,3.01,0.0030,464,178
T-BulletDispenser-1x,8450,31.170,3.29,3.29,0.0033,464,178
T-BulletDispenser-1x,8451,31.174,3.14,3.12,0.0031,464,178
T-BulletDispenser-1x,8452,31.177,3.16,3.18,0.0032,464,178
T-BulletDispenser-1x,8453,31.179,2.58,2.58,0.0026,464,178
T-BulletDispenser-1x,8454,31.182,2.72,2.70,0.0027,464,178
T-BulletDispenser-1x,8455,31.185,3.24,3.20,0.0032,464,178
T-BulletDispenser-1x,8456,31.188,2.95,2.98,0.0029,464,178
T-BulletDispenser-1x,8457,31.191,3.00,3.01,0.0030,464,178
T-BulletDispenser-1x,8458,31.194,3.12,3.11,0.0031,464,178
T-BulletDispenser-1x,8459,31.197,2.73,2.75,0.0027,464,178
T-BulletDispenser-1x,8460,31.200,2.52,2.52,0.0025,464,178
T-BulletDispenser-1x,8461,31.202,2.47,2.42,0.0025,464,178
T-BulletDispenser-1x,8462,31.205,2.96,2.98,0.0030,464,178
T-BulletDispenser-1x,8463,31.208,2.93,2.91,0.0029,464,178
T-BulletDispenser-1x,8464,31.211,2.78,2.79,0.0028,464,178
T-BulletDispenser-1x,8465,31.214,2.81,2.81,0.0028,464,178
T-BulletDispenser-1x,8466,31.216,2.91,2.89,0.0029,464,178
T-BulletDispenser-1x,8467,31.219,2.89,2.90,0.0029,464,178
T-BulletDispenser-1x,8468,31.223,3.20,3.18,0.0032,464,178
T-BulletDispenser-1x,8469,31.225,2.89,2.89,0.0029,464,178
T-BulletDispenser-1x,8470,31.228,2.81,2.82,0.0028,464,178
T-BulletDispenser-1x,8471,31.231,2.79,2.78,0.0028,464,178
T-BulletDispenser-1x,8472,31.234,2.90,2.90,0.0029,464,178
T-BulletDispenser-1x,8473,31.237,3.01,3.00,0.0030,464,178
T-BulletDispenser-1x,8474,31.240,3.11,3.09,0.0031,464,178
T-BulletDispenser-1x,8475,31.243,2.77,2.80,0.0028,464,178
T-BulletDispenser-1x,8476,31.245,2.70,2.70,0.0027,464,178
T-BulletDispenser-1x,8477,31.249,3.34,3.30,0.0033,464,178
T-BulletDispenser-1x,8478,31.252,3.27,3.29,0.0033,464,178
T-BulletDispenser-1x,8479,31.255,3.11,3.10,0.0031,464,178
T-BulletDispenser-1x,8480,31.258,2.69,2.72,0.0027,464,178
T-BulletDispenser-1x,8481,31.261,3.50,3.48,0.0035,464,178
T-BulletDispenser-1x,8482,31.265,3.20,3.20,0.0032,464,178
T-BulletDispenser-1x,8483,31.268,3.01,3.00,0.0030,464,178
T-BulletDispenser-1x,8484,31.271,3.08,3.11,0.0031,464,178
T-BulletDispenser-1x,8485,31.274,3.02,3.01,0.0030,464,178
T-BulletDispenser-1x,8486,31.277,3.10,3.09,0.0031,464,178
T-BulletDispenser-1x,8487,31.279,2.67,2.70,0.0027,464,178
T-BulletDispenser-1x,8488,31.282,2.92,2.90,0.0029,464,178
T-BulletDispenser-1x,8489,31.286,3.09,3.09,0.0031,464,178
T-BulletDispenser-1x,8490,31.288,2.58,2.59,0.0026,464,178
T-BulletDispenser-1x,8491,31.291,3.03,3.01,0.0030,464,178
T-BulletDispenser-1x,8492,31.294,2.77,2.78,0.0028,464,178
T-BulletDispenser-1x,8493,31.296,2.49,2.50,0.0025,464,178
T-BulletDispenser-1x,8494,31.299,2.53,2.51,0.0025,516,178
T-BulletDispenser-1x,8495,31.301,2.58,2.59,0.0026,464,178
T-BulletDispenser-1x,8496,31.304,2.92,2.90,0.0029,464,178
T-BulletDispenser-1x,8497,31.307,3.01,3.00,0.0030,464,178
T-BulletDispenser-1x,8498,31.311,3.21,3.20,0.0032,464,178
T-BulletDispenser-1x,8499,31.314,3.30,3.30,0.0033,464,178
T-BulletDispenser-1x,8500,31.317,2.98,3.00,0.0030,464,178
T-BulletDispenser-1x,8501,31.320,2.78,2.79,0.0028,464,178
T-BulletDispenser-1x,8502,31.323,2.82,2.80,0.0028,464,178
T-BulletDispenser-1x,8503,31.325,2.79,2.80,0.0028,464,178
T-BulletDispenser-1x,8504,31.328,2.90,2.89,0.0029,464,178
T-BulletDispenser-1x,8505,31.331,2.93,2.91,0.0029,464,178
T-BulletDispenser-1x,8506,31.334,2.98,2.99,0.0030,464,178
T-BulletDispenser-1x,8507,31.337,2.86,2.89,0.0029,464,178
T-BulletDispenser-1x,8508,31.339,2.43,2.40,0.0024,464,178
T-BulletDispenser-1x,8509,31.342,2.99,2.99,0.0030,464,178
T-BulletDispenser-1x,8510,31.346,3.33,3.31,0.0033,464,178
T-BulletDispenser-1x,8511,31.349,3.29,3.29,0.0033,464,178
T-BulletDispenser-1x,8512,31.352,3.11,3.10,0.0031,464,178
T-BulletDispenser-1x,8513,31.355,2.75,2.78,0.0028,464,178
T-BulletDispenser-1x,8514,31.358,2.83,2.81,0.0028,464,178
T-BulletDispenser-1x,8515,31.361,3.42,3.42,0.0034,464,178
T-BulletDispenser-1x,8516,31.364,3.16,3.10,0.0032,464,178
T-BulletDispenser-1x,8517,31.368,3.34,3.37,0.0033,464,178
T-BulletDispenser-1x,8518,31.371,3.27,3.29,0.0033,464,178
T-BulletDispenser-1x,8519,31.374,2.94,2.92,0.0029,464,178
T-BulletDispenser-1x,8520,31.377,3.28,3.27,0.0033,464,178
T-BulletDispenser-1x,8521,31.380,3.02,3.01,0.0030,464,178
T-BulletDispenser-1x,8522,31.383,3.19,3.21,0.0032,464,178
T-BulletDispenser-1x,8523,31.386,3.06,3.07,0.0031,464,178
T-BulletDispenser-1x,8524,31.389,2.91,2.90,0.0029,464,178
T-BulletDispenser-1x,8525,31.392,3.01,3.01,0.0030,464,178
T-BulletDispenser-1x,8526,31.396,3.24,3.21,0.0032,464,178
T-BulletDispenser-1x,8527,31.399,3.37,3.39,0.0034,464,178
T-BulletDispenser-1x,8528,31.402,3.32,3.29,0.0033,464,178
T-BulletDispenser-1x,8529,31.405,2.93,2.99,0.0029,464,178
T-BulletDispenser-1x,8530,31.408,2.59,2.59,0.0026,464,178
T-BulletDispenser-1x,8531,31.411,3.05,3.00,0.0030,464,178
T-BulletDispenser-1x,8532,31.414,3.42,3.40,0.0034,464,178
T-BulletDispenser-1x,8533,31.417,2.75,2.80,0.0028,464,178
T-BulletDispenser-1x,8534,31.420,3.33,3.31,0.0033,464,178
T-BulletDispenser-1x,8535,31.424,3.17,3.19,0.0032,464,178
T-BulletDispenser-1x,8536,31.426,2.47,2.50,0.0025,464,178
T-BulletDispenser-1x,8537,31.429,3.21,3.18,0.0032,464,178
T-BulletDispenser-1x,8538,31.433,3.37,3.34,0.0034,464,178
T-BulletDispenser-1x,8539,31.436,3.16,3.18,0.0032,464,178
T-BulletDispenser-1x,8540,31.439,3.26,3.21,0.0033,464,178
T-BulletDispenser-1x,8541,31.442,2.89,2.98,0.0029,464,178
T-BulletDispenser-1x,8542,31.445,2.77,2.72,0.0028,464,178
T-BulletDispenser-1x,8543,31.448,3.21,3.19,0.0032,464,178
T-BulletDispenser-1x,8544,31.451,2.95,2.99,0.0029,464,178
T-BulletDispenser-1x,8545,31.454,3.11,3.11,0.0031,464,178
T-BulletDispenser-1x,8546,31.457,3.02,3.00,0.0030,464,178
T-BulletDispenser-1x,8547,31.460,2.75,2.79,0.0028,464,178
T-BulletDispenser-1x,8548,31.462,2.72,2.71,0.0027,464,178
T-BulletDispenser-1x,8549,31.466,3.26,3.20,0.0033,464,178
T-BulletDispenser-1x,8550,31.469,3.16,3.18,0.0032,464,178
T-BulletDispenser-1x,8551,31.472,3.42,3.41,0.0034,464,178
T-BulletDispenser-1x,8552,31.475,2.75,2.78,0.0028,464,178
T-BulletDispenser-1x,8553,31.478,3.32,3.21,0.0033,464,178
T-BulletDispenser-1x,8554,31.482,3.21,3.30,0.0032,464,178
T-BulletDispenser-1x,8555,31.484,2.66,2.70,0.0027,464,178
T-BulletDispenser-1x,8556,31.487,2.75,2.71,0.0028,464,178
T-BulletDispenser-1x,8557,31.490,3.07,3.07,0.0031,464,178
T-BulletDispenser-1x,8558,31.493,3.02,3.02,0.0030,464,178
T-BulletDispenser-1x,8559,31.496,3.11,3.09,0.0031,464,178
T-BulletDispenser-1x,8560,31.499,3.24,3.20,0.0032,464,178
T-BulletDispenser-1x,8561,31.502,2.98,3.02,0.0030,516,178
T-BulletDispenser-1x,8562,31.505,2.83,2.87,0.0028,464,178
T-BulletDispenser-1x,8563,31.508,3.13,3.11,0.0031,464,178
T-BulletDispenser-1x,8564,31.511,2.77,2.79,0.0028,464,178
T-BulletDispenser-1x,8565,31.514,2.92,2.91,0.0029,464,178
T-BulletDispenser-1x,8566,31.517,2.98,2.98,0.0030,464,178
T-BulletDispenser-1x,8567,31.520,3.17,3.14,0.0032,464,178
T-BulletDispenser-1x,8568,31.524,3.29,3.28,0.0033,464,178
T-BulletDispenser-1x,8569,31.527,3.37,3.39,0.0034,464,178
T-BulletDispenser-1x,8570,31.530,3.10,3.11,0.0031,464,178
T-BulletDispenser-1x,8571,31.533,2.78,2.79,0.0028,464,178
T-BulletDispenser-1x,8572,31.536,3.03,3.00,0.0030,464,178
T-BulletDispenser-1x,8573,31.539,3.34,3.32,0.0033,464,178
T-BulletDispenser-1x,8574,31.542,2.61,2.67,0.0026,464,178
T-BulletDispenser-1x,8575,31.545,3.15,3.11,0.0031,464,178
T-BulletDispenser-1x,8576,31.548,2.91,2.90,0.0029,464,178
T-BulletDispenser-1x,8577,31.550,2.75,2.79,0.0027,464,178
T-BulletDispenser-1x,8578,31.553,2.84,2.81,0.0028,464,178
T-BulletDispenser-1x,8579,31.556,2.80,2.79,0.0028,464,178
T-BulletDispenser-1x,8580,31.559,3.08,3.09,0.0031,464,178
T-BulletDispenser-1x,8581,31.562,3.14,3.10,0.0031,464,178
T-BulletDispenser-1x,8582,31.565,2.86,2.89,0.0029,464,178
T-BulletDispenser-1x,8583,31.569,3.44,3.40,0.0034,464,178
T-BulletDispenser-1x,8584,31.572,3.08,3.10,0.0031,464,178
T-BulletDispenser-1x,8585,31.575,3.19,3.19,0.0032,464,178
T-BulletDispenser-1x,8586,31.578,3.01,3.01,0.0030,464,178
T-BulletDispenser-1x,8587,31.581,3.12,3.10,0.0031,464,178
T-BulletDispenser-1x,8588,31.584,2.99,2.98,0.0030,464,178
T-BulletDispenser-1x,8589,31.587,3.17,3.21,0.0032,464,178
T-BulletDispenser-1x,8590,31.590,2.91,2.88,0.0029,464,178
T-BulletDispenser-1x,8591,31.593,3.33,3.31,0.0033,464,178
T-BulletDispenser-1x,8592,31.596,2.98,2.99,0.0030,464,178
T-BulletDispenser-1x,8593,31.600,3.10,3.10,0.0031,464,178
T-BulletDispenser-1x,8594,31.602,2.81,2.81,0.0028,464,178
T-BulletDispenser-1x,8595,31.605,2.86,2.88,0.0029,464,178
T-BulletDispenser-1x,8596,31.608,3.11,3.11,0.0031,464,178
T-BulletDispenser-1x,8597,31.611,3.01,2.98,0.0030,464,178
T-BulletDispenser-1x,8598,31.614,2.91,2.91,0.0029,464,178
T-BulletDispenser-1x,8599,31.617,3.07,3.09,0.0031,464,178
T-BulletDispenser-1x,8600,31.620,2.85,2.82,0.0029,464,178
T-BulletDispenser-1x,8601,31.623,3.03,3.00,0.0030,464,178
T-BulletDispenser-1x,8602,31.626,2.72,2.78,0.0027,464,178
T-BulletDispenser-1x,8603,31.629,3.33,3.31,0.0033,464,178
T-BulletDispenser-1x,8604,31.633,3.38,3.38,0.0034,464,178
T-BulletDispenser-1x,8605,31.636,3.25,3.24,0.0033,464,178
T-BulletDispenser-1x,8606,31.639,3.20,3.16,0.0032,464,178
T-BulletDispenser-1x,8607,31.642,2.84,2.93,0.0028,464,178
T-BulletDispenser-1x,8608,31.645,2.65,2.61,0.0026,464,178
T-BulletDispenser-1x,8609,31.648,3.31,3.29,0.0033,464,178
T-BulletDispenser-1x,8610,31.651,3.09,3.10,0.0031,464,178
T-BulletDispenser-1x,8611,31.654,3.29,3.29,0.0033,464,178
T-BulletDispenser-1x,8612,31.657,3.18,3.21,0.0032,464,178
T-BulletDispenser-1x,8613,31.660,2.48,2.50,0.0025,464,178
T-BulletDispenser-1x,8614,31.663,3.05,3.01,0.0030,464,178
T-BulletDispenser-1x,8615,31.666,3.45,3.40,0.0035,464,178
T-BulletDispenser-1x,8616,31.670,3.20,3.27,0.0032,464,178
T-BulletDispenser-1x,8617,31.673,2.97,2.91,0.0030,464,178
T-BulletDispenser-1x,8618,31.676,2.94,2.99,0.0029,464,178
T-BulletDispenser-1x,8619,31.678,2.70,2.70,0.0027,464,178
T-BulletDispenser-1x,8620,31.681,2.35,2.38,0.0024,464,178
T-BulletDispenser-1x,8621,31.684,2.97,2.94,0.0030,464,178
T-BulletDispenser-1x,8622,31.686,2.66,2.67,0.0027,464,178
T-BulletDispenser-1x,8623,31.689,3.25,3.22,0.0032,464,178
T-BulletDispenser-1x,8624,31.692,2.88,2.91,0.0029,464,178
T-BulletDispenser-1x,8625,31.696,3.21,3.18,0.0032,464,178
T-BulletDispenser-1x,8626,31.699,3.19,3.21,0.0032,464,178
T-BulletDispenser-1x,8627,31.701,2.48,2.50,0.0025,464,178
T-BulletDispenser-1x,8628,31.704,2.83,2.81,0.0028,516,178
T-BulletDispenser-1x,8629,31.707,3.42,3.39,0.0034,464,178
T-BulletDispenser-1x,8630,31.711,3.38,3.39,0.0034,464,178
T-BulletDispenser-1x,8631,31.714,3.00,3.00,0.0030,464,178
T-BulletDispenser-1x,8632,31.717,2.97,2.99,0.0030,464,178
T-BulletDispenser-1x,8633,31.720,2.98,2.90,0.0030,464,178
T-BulletDispenser-1x,8634,31.723,3.07,3.12,0.0031,464,178
T-BulletDispenser-1x,8635,31.726,2.87,2.88,0.0029,464,178
T-BulletDispenser-1x,8636,31.729,3.59,3.57,0.0036,464,178
T-BulletDispenser-1x,8637,31.733,3.43,3.44,0.0034,464,178
T-BulletDispenser-1x,8638,31.736,3.21,3.20,0.0032,464,178
T-BulletDispenser-1x,8639,31.739,3.07,3.08,0.0031,464,178
T-BulletDispenser-1x,8640,31.742,3.32,3.32,0.0033,464,178
T-BulletDispenser-1x,8641,31.746,3.42,3.40,0.0034,464,178
T-BulletDispenser-1x,8642,31.749,3.37,3.39,0.0034,464,178
T-BulletDispenser-1x,8643,31.752,3.03,2.99,0.0030,464,178
T-BulletDispenser-1x,8644,31.755,3.20,3.21,0.0032,464,178
T-BulletDispenser-1x,8645,31.758,2.76,2.82,0.0028,464,178
T-BulletDispenser-1x,8646,31.761,2.65,2.56,0.0026,464,178
T-BulletDispenser-1x,8647,31.764,3.07,3.02,0.0031,464,178
T-BulletDispenser-1x,8648,31.767,3.17,3.21,0.0032,464,178
T-BulletDispenser-1x,8649,31.770,3.36,3.37,0.0034,464,178
T-BulletDispenser-1x,8650,31.774,3.18,3.19,0.0032,464,178
T-BulletDispenser-1x,8651,31.777,3.13,3.10,0.0031,464,178
T-BulletDispenser-1x,8652,31.779,2.54,2.58,0.0025,464,178
T-BulletDispenser-1x,8653,31.782,3.24,3.22,0.0032,464,178
T-BulletDispenser-1x,8654,31.785,2.99,2.99,0.0030,464,178
T-BulletDispenser-1x,8655,31.788,2.66,2.69,0.0027,464,178
T-BulletDispenser-1x,8656,31.791,3.26,3.21,0.0033,464,178
T-BulletDispenser-1x,8657,31.794,3.08,3.10,0.0031,464,178
T-BulletDispenser-1x,8658,31.797,2.61,2.60,0.0026,464,178
T-BulletDispenser-1x,8659,31.800,3.18,3.19,0.0032,464,178
T-BulletDispenser-1x,8660,31.803,3.20,3.19,0.0032,464,178
T-BulletDispenser-1x,8661,31.807,3.30,3.31,0.0033,464,178
T-BulletDispenser-1x,8662,31.810,3.12,3.10,0.0031,464,178
T-BulletDispenser-1x,8663,31.813,2.97,2.99,0.0030,464,178
T-BulletDispenser-1x,8664,31.816,2.79,2.80,0.0028,464,178
T-BulletDispenser-1x,8665,31.819,2.91,2.89,0.0029,464,178
T-BulletDispenser-1x,8666,31.821,2.88,2.90,0.0029,464,178
T-BulletDispenser-1x,8667,31.824,2.90,2.89,0.0029,464,178
T-BulletDispenser-1x,8668,31.827,3.11,3.11,0.0031,464,178
T-BulletDispenser-1x,8669,31.831,3.20,3.20,0.0032,464,178
T-BulletDispenser-1x,8670,31.833,2.68,2.69,0.0027,464,178
T-BulletDispenser-1x,8671,31.836,3.05,3.00,0.0030,464,178
T-BulletDispenser-1x,8672,31.839,3.08,3.09,0.0031,464,178
T-BulletDispenser-1x,8673,31.842,2.65,2.66,0.0026,464,178
T-BulletDispenser-1x,8674,31.845,3.17,3.15,0.0032,464,178
T-BulletDispenser-1x,8675,31.848,2.99,2.99,0.0030,464,178
T-BulletDispenser-1x,8676,31.851,2.59,2.61,0.0026,464,178
T-BulletDispenser-1x,8677,31.854,3.23,3.18,0.0032,464,178
T-BulletDispenser-1x,8678,31.857,3.28,3.31,0.0033,464,178
T-BulletDispenser-1x,8679,31.860,2.90,2.90,0.0029,464,178
T-BulletDispenser-1x,8680,31.863,3.10,3.09,0.0031,464,178
T-BulletDispenser-1x,8681,31.866,2.86,2.90,0.0029,464,178
T-BulletDispenser-1x,8682,31.869,2.64,2.61,0.0026,464,178
T-BulletDispenser-1x,8683,31.871,2.69,2.70,0.0027,464,178
T-BulletDispenser-1x,8684,31.874,2.82,2.80,0.0028,464,178
T-BulletDispenser-1x,8685,31.877,2.92,2.91,0.0029,464,178
T-BulletDispenser-1x,8686,31.880,2.88,2.88,0.0029,464,178
T-BulletDispenser-1x,8687,31.883,2.86,2.90,0.0029,464,178
T-BulletDispenser-1x,8688,31.886,2.74,2.70,0.0027,464,178
T-BulletDispenser-1x,8689,31.889,2.87,2.90,0.0029,464,178
T-BulletDispenser-1x,8690,31.891,2.80,2.80,0.0028,464,178
T-BulletDispenser-1x,8691,31.894,3.03,3.01,0.0030,464,178
T-BulletDispenser-1x,8692,31.898,3.31,3.20,0.0033,464,178
T-BulletDispenser-1x,8693,31.901,2.87,2.96,0.0029,464,178
T-BulletDispenser-1x,8694,31.904,3.32,3.30,0.0033,464,178
T-BulletDispenser-1x,8695,31.907,3.11,3.12,0.0031,516,178
T-BulletDispenser-1x,8696,31.909,2.43,2.48,0.0024,464,178
T-BulletDispenser-1x,8697,31.912,2.96,2.92,0.0030,464,178
T-BulletDispenser-1x,8698,31.916,3.43,3.41,0.0034,464,178
T-BulletDispenser-1x,8699,31.919,3.38,3.39,0.0034,464,178
T-BulletDispenser-1x,8700,31.923,3.29,3.29,0.0033,464,178
T-BulletDispenser-1x,8701,31.925,2.65,2.69,0.0026,464,178
T-BulletDispenser-1x,8702,31.928,2.64,2.61,0.0026,464,178
T-BulletDispenser-1x,8703,31.931,2.78,2.80,0.0028,464,178
T-BulletDispenser-1x,8704,31.934,3.14,3.11,0.0031,464,178
T-BulletDispenser-1x,8705,31.937,3.27,3.28,0.0033,464,178
T-BulletDispenser-1x,8706,31.940,3.11,3.10,0.0031,464,178
T-BulletDispenser-1x,8707,31.943,3.23,3.21,0.0032,464,178
T-BulletDispenser-1x,8708,31.946,2.97,3.00,0.0030,464,178
T-BulletDispenser-1x,8709,31.949,2.68,2.69,0.0027,464,178
T-BulletDispenser-1x,8710,31.952,3.02,3.00,0.0030,464,178
T-BulletDispenser-1x,8711,31.955,3.21,3.21,0.0032,464,178
T-BulletDispenser-1x,8712,31.959,3.32,3.28,0.0033,464,178
T-BulletDispenser-1x,8713,31.962,3.38,3.42,0.0034,464,178
T-BulletDispenser-1x,8714,31.965,2.57,2.57,0.0026,464,178
T-BulletDispenser-1x,8715,31.968,3.55,3.51,0.0035,464,178
T-BulletDispenser-1x,8716,31.971,3.37,3.39,0.0034,464,178
T-BulletDispenser-1x,8717,31.975,3.52,3.51,0.0035,464,178
T-BulletDispenser-1x,8718,31.978,3.01,2.99,0.0030,464,178
T-BulletDispenser-1x,8719,31.981,2.82,2.87,0.0028,464,178
T-BulletDispenser-1x,8720,31.984,3.25,3.22,0.0033,464,178
T-BulletDispenser-1x,8721,31.987,3.08,3.09,0.0031,464,178
T-BulletDispenser-1x,8722,31.990,2.73,2.70,0.0027,464,178
T-BulletDispenser-1x,8723,31.993,3.08,3.07,0.0031,464,178
T-BulletDispenser-1x,8724,31.996,3.08,3.10,0.0031,464,178
T-BulletDispenser-1x,8725,31.999,3.34,3.33,0.0033,464,178
T-BulletDispenser-1x,8726,32.002,3.08,3.08,0.0031,464,178
T-BulletDispenser-1x,8727,32.005,2.45,2.48,0.0024,464,178
T-BulletDispenser-1x,8728,32.008,2.65,2.61,0.0026,464,178
T-BulletDispenser-1x,8729,32.010,2.91,2.90,0.0029,464,178
T-BulletDispenser-1x,8730,32.014,3.30,3.30,0.0033,464,178
T-BulletDispenser-1x,8731,32.017,2.87,2.89,0.0029,464,178
T-BulletDispenser-1x,8732,32.020,3.32,3.12,0.0033,464,178
T-BulletDispenser-1x,8733,32.023,3.22,3.39,0.0032,464,178
T-BulletDispenser-1x,8734,32.026,2.76,2.79,0.0028,464,178
T-BulletDispenser-1x,8735,32.029,3.30,3.30,0.0033,464,178
T-BulletDispenser-1x,8736,32.032,3.24,3.20,0.0032,464,178
T-BulletDispenser-1x,8737,32.036,3.08,3.10,0.0031,464,178
T-BulletDispenser-1x,8738,32.039,3.00,2.99,0.0030,464,178
T-BulletDispenser-1x,8739,32.042,2.98,3.01,0.0030,464,178
T-BulletDispenser-1x,8740,32.044,2.76,2.70,0.0028,464,178
T-BulletDispenser-1x,8741,32.048,3.27,3.28,0.0033,464,178
T-BulletDispenser-1x,8742,32.051,2.98,3.00,0.0030,464,178
T-BulletDispenser-1x,8743,32.054,3.19,3.19,0.0032,464,178
T-BulletDispenser-1x,8744,32.057,3.11,3.11,0.0031,464,178
T-BulletDispenser-1x,8745,32.059,2.57,2.59,0.0026,464,178
T-BulletDispenser-1x,8746,32.062,2.82,2.79,0.0028,464,178
T-BulletDispenser-1x,8747,32.065,2.81,2.83,0.0028,464,178
T-BulletDispenser-1x,8748,32.068,3.00,2.98,0.0030,464,178
T-BulletDispenser-1x,8749,32.071,3.22,3.21,0.0032,464,178
T-BulletDispenser-1x,8750,32.075,3.31,3.31,0.0033,464,178
T-BulletDispenser-1x,8751,32.078,3.46,3.48,0.0035,464,178
T-BulletDispenser-1x,8752,32.081,2.70,2.70,0.0027,464,178
T-BulletDispenser-1x,8753,32.084,3.55,3.51,0.0035,464,178
T-BulletDispenser-1x,8754,32.087,3.15,3.18,0.0032,464,178
T-BulletDispenser-1x,8755,32.091,3.17,3.11,0.0032,464,178
T-BulletDispenser-1x,8756,32.094,3.25,3.30,0.0033,464,178
T-BulletDispenser-1x,8757,32.097,2.87,2.89,0.0029,464,178
T-BulletDispenser-1x,8758,32.099,2.77,2.79,0.0028,464,178
T-BulletDispenser-1x,8759,32.102,2.72,2.69,0.0027,464,178
T-BulletDispenser-1x,8760,32.105,2.92,2.90,0.0029,464,178
T-BulletDispenser-1x,8761,32.108,2.97,3.00,0.0030,516,178
T-BulletDispenser-1x,8762,32.111,2.99,3.00,0.0030,464,178
T-BulletDispenser-1x,8763,32.114,2.84,2.81,0.0028,464,178
T-BulletDispenser-1x,8764,32.117,2.77,2.79,0.0028,464,178
T-BulletDispenser-1x,8765,32.120,3.37,3.31,0.0034,464,178
T-BulletDispenser-1x,8766,32.123,3.17,3.20,0.0032,464,178
T-BulletDispenser-1x,8767,32.126,2.66,2.69,0.0027,464,178
T-BulletDispenser-1x,8768,32.129,3.33,3.29,0.0033,464,178
T-BulletDispenser-1x,8769,32.132,2.78,2.80,0.0028,464,178
T-BulletDispenser-1x,8770,32.134,2.42,2.39,0.0024,464,178
T-BulletDispenser-1x,8771,32.137,2.92,2.90,0.0029,464,178
T-BulletDispenser-1x,8772,32.141,3.32,3.32,0.0033,464,178
T-BulletDispenser-1x,8773,32.144,3.07,3.08,0.0031,464,178
T-BulletDispenser-1x,8774,32.147,3.03,3.02,0.0030,464,178
T-BulletDispenser-1x,8775,32.150,3.06,3.09,0.0031,464,178
T-BulletDispenser-1x,8776,32.152,2.50,2.48,0.0025,464,178
T-BulletDispenser-1x,8777,32.155,3.17,3.12,0.0032,464,178
T-BulletDispenser-1x,8778,32.159,3.07,3.09,0.0031,464,178
T-BulletDispenser-1x,8779,32.162,3.15,3.19,0.0031,464,178
T-BulletDispenser-1x,8780,32.165,2.93,2.90,0.0029,464,178
T-BulletDispenser-1x,8781,32.167,2.66,2.70,0.0027,464,178
T-BulletDispenser-1x,8782,32.170,2.71,2.69,0.0027,464,178
T-BulletDispenser-1x,8783,32.173,2.58,2.60,0.0026,464,178
T-BulletDispenser-1x,8784,32.175,2.71,2.70,0.0027,464,178
T-BulletDispenser-1x,8785,32.178,3.14,3.10,0.0031,464,178
T-BulletDispenser-1x,8786,32.181,2.98,3.00,0.0030,464,178
T-BulletDispenser-1x,8787,32.184,2.46,2.49,0.0025,464,178
T-BulletDispenser-1x,8788,32.187,2.93,2.90,0.0029,464,178
T-BulletDispenser-1x,8789,32.190,2.94,2.91,0.0029,464,178
T-BulletDispenser-1x,8790,32.192,2.53,2.59,0.0025,464,178
T-BulletDispenser-1x,8791,32.195,2.67,2.62,0.0027,464,178
T-BulletDispenser-1x,8792,32.198,3.19,3.19,0.0032,464,178
T-BulletDispenser-1x,8793,32.201,2.85,2.89,0.0029,464,178
T-BulletDispenser-1x,8794,32.204,2.94,2.91,0.0029,464,178
T-BulletDispenser-1x,8795,32.207,3.22,3.21,0.0032,464,178
T-BulletDispenser-1x,8796,32.211,3.43,3.39,0.0034,464,178
T-BulletDispenser-1x,8797,32.214,3.04,3.08,0.0030,464,178
T-BulletDispenser-1x,8798,32.217,3.21,3.22,0.0032,464,178
T-BulletDispenser-1x,8799,32.220,2.80,2.79,0.0028,464,178
T-BulletDispenser-1x,8800,32.223,3.29,3.29,0.0033,464,178
T-BulletDispenser-1x,8801,32.226,3.01,3.00,0.0030,464,178
T-BulletDispenser-1x,8802,32.229,3.29,3.30,0.0033,464,178
T-BulletDispenser-1x,8803,32.232,3.20,3.21,0.0032,464,178
T-BulletDispenser-1x,8804,32.235,2.90,2.89,0.0029,464,178
T-BulletDispenser-1x,8805,32.238,3.02,3.00,0.0030,464,178
T-BulletDispenser-1x,8806,32.241,2.76,2.79,0.0028,464,178
T-BulletDispenser-1x,8807,32.244,2.73,2.70,0.0027,464,178
T-BulletDispenser-1x,8808,32.247,2.89,2.91,0.0029,464,178
T-BulletDispenser-1x,8809,32.250,2.98,2.99,0.0030,464,178
T-BulletDispenser-1x,8810,32.252,2.71,2.69,0.0027,464,178
T-BulletDispenser-1x,8811,32.255,2.90,2.91,0.0029,464,178
T-BulletDispenser-1x,8812,32.258,2.79,2.81,0.0028,464,178
T-BulletDispenser-1x,8813,32.261,2.57,2.49,0.0026,464,178
T-BulletDispenser-1x,8814,32.263,2.73,2.80,0.0027,464,178
T-BulletDispenser-1x,8815,32.266,3.03,3.00,0.0030,464,178
T-BulletDispenser-1x,8816,32.269,2.78,2.79,0.0028,464,178
T-BulletDispenser-1x,8817,32.272,3.11,3.11,0.0031,464,178
T-BulletDispenser-1x,8818,32.275,2.97,2.98,0.0030,464,178
T-BulletDispenser-1x,8819,32.278,2.93,2.92,0.0029,464,178
T-BulletDispenser-1x,8820,32.281,2.88,2.89,0.0029,464,178
T-BulletDispenser-1x,8821,32.284,2.70,2.68,0.0027,464,178
T-BulletDispenser-1x,8822,32.287,2.77,2.80,0.0028,464,178
T-BulletDispenser-1x,8823,32.289,2.29,2.30,0.0023,464,178
T-BulletDispenser-1x,8824,32.292,2.96,2.91,0.0030,464,178
T-BulletDispenser-1x,8825,32.295,3.21,3.20,0.0032,464,178
T-BulletDispenser-1x,8826,32.298,2.97,2.99,0.0030,464,178
T-BulletDispenser-1x,8827,32.300,2.47,2.49,0.0025,464,178
T-BulletDispenser-1x,8828,32.303,2.52,2.50,0.0025,464,178
T-BulletDispenser-1x,8829,32.306,3.24,3.21,0.0032,464,178
T-BulletDispenser-1x,8830,32.309,2.98,3.01,0.0030,516,178
T-BulletDispenser-1x,8831,32.312,3.20,3.18,0.0032,464,178
T-BulletDispenser-1x,8832,32.316,3.30,3.31,0.0033,464,178
T-BulletDispenser-1x,8833,32.319,3.43,3.41,0.0034,464,178
T-BulletDispenser-1x,8834,32.322,3.01,3.00,0.0030,464,178
T-BulletDispenser-1x,8835,32.325,3.14,3.18,0.0031,464,178
T-BulletDispenser-1x,8836,32.329,3.26,3.21,0.0033,464,178
T-BulletDispenser-1x,8837,32.332,3.37,3.32,0.0034,464,178
T-BulletDispenser-1x,8838,32.335,3.41,3.47,0.0034,464,178
T-BulletDispenser-1x,8839,32.338,2.65,2.69,0.0026,464,178
T-BulletDispenser-1x,8840,32.341,2.62,2.59,0.0026,464,178
T-BulletDispenser-1x,8841,32.344,3.21,3.20,0.0032,464,178
T-BulletDispenser-1x,8842,32.347,3.21,3.20,0.0032,464,178
T-BulletDispenser-1x,8843,32.350,2.97,3.00,0.0030,464,178
T-BulletDispenser-1x,8844,32.353,2.92,2.91,0.0029,464,178
T-BulletDispenser-1x,8845,32.356,2.67,2.69,0.0027,464,178
T-BulletDispenser-1x,8846,32.358,2.86,2.82,0.0029,464,178
T-BulletDispenser-1x,8847,32.361,2.97,2.98,0.0030,464,178
T-BulletDispenser-1x,8848,32.365,3.23,3.21,0.0032,464,178
T-BulletDispenser-1x,8849,32.367,2.67,2.71,0.0027,464,178
T-BulletDispenser-1x,8850,32.371,3.23,3.19,0.0032,464,178
T-BulletDispenser-1x,8851,32.374,3.17,3.18,0.0032,464,178
T-BulletDispenser-1x,8852,32.376,2.78,2.80,0.0028,464,178
T-BulletDispenser-1x,8853,32.379,2.65,2.67,0.0027,464,178
T-BulletDispenser-1x,8854,32.382,2.56,2.52,0.0026,464,178
T-BulletDispenser-1x,8855,32.385,3.26,3.22,0.0033,464,178
T-BulletDispenser-1x,8856,32.388,2.94,2.98,0.0029,464,178
T-BulletDispenser-1x,8857,32.391,3.20,3.19,0.0032,464,178
T-BulletDispenser-1x,8858,32.394,2.71,2.71,0.0027,464,178
T-BulletDispenser-1x,8859,32.397,2.68,2.70,0.0027,464,178
T-BulletDispenser-1x,8860,32.400,3.33,3.29,0.0033,464,178
T-BulletDispenser-1x,8861,32.403,3.21,3.20,0.0032,464,178
T-BulletDispenser-1x,8862,32.406,2.96,2.98,0.0030,464,178
T-BulletDispenser-1x,8863,32.409,3.00,3.00,0.0030,464,178
T-BulletDispenser-1x,8864,32.412,2.68,2.68,0.0027,464,178
T-BulletDispenser-1x,8865,32.415,2.87,2.81,0.0029,464,178
T-BulletDispenser-1x,8866,32.418,3.36,3.39,0.0034,464,178
T-BulletDispenser-1x,8867,32.421,3.32,3.31,0.0033,464,178
T-BulletDispenser-1x,8868,32.425,3.41,3.40,0.0034,464,178
T-BulletDispenser-1x,8869,32.428,3.18,3.19,0.0032,464,178
T-BulletDispenser-1x,8870,32.431,3.09,3.09,0.0031,464,178
T-BulletDispenser-1x,8871,32.434,3.00,3.00,0.0030,464,178
T-BulletDispenser-1x,8872,32.437,2.88,2.89,0.0029,464,178
T-BulletDispenser-1x,8873,32.440,3.34,3.32,0.0033,464,178
T-BulletDispenser-1x,8874,32.444,3.38,3.38,0.0034,464,178
T-BulletDispenser-1x,8875,32.447,3.24,3.22,0.0032,464,178
T-BulletDispenser-1x,8876,32.450,2.93,2.97,0.0029,464,178
T-BulletDispenser-1x,8877,32.453,2.93,2.90,0.0029,464,178
T-BulletDispenser-1x,8878,32.456,3.40,3.40,0.0034,464,178
T-BulletDispenser-1x,8879,32.459,3.45,3.43,0.0035,464,178
T-BulletDispenser-1x,8880,32.463,3.05,3.07,0.0031,464,178
T-BulletDispenser-1x,8881,32.466,3.20,3.20,0.0032,464,178
T-BulletDispenser-1x,8882,32.469,3.10,3.09,0.0031,464,178
T-BulletDispenser-1x,8883,32.472,3.15,3.11,0.0031,464,178
T-BulletDispenser-1x,8884,32.475,3.44,3.39,0.0034,464,178
T-BulletDispenser-1x,8885,32.480,4.05,4.07,0.0041,464,178
T-BulletDispenser-1x,8886,32.483,3.28,3.32,0.0033,464,178
T-BulletDispenser-1x,8887,32.486,3.26,3.29,0.0033,464,178
T-BulletDispenser-1x,8888,32.488,2.50,2.51,0.0025,464,178
T-BulletDispenser-1x,8889,32.491,2.85,2.80,0.0028,464,178
T-BulletDispenser-1x,8890,32.495,3.61,3.60,0.0036,464,178
T-BulletDispenser-1x,8891,32.498,3.40,3.40,0.0034,464,178
T-BulletDispenser-1x,8892,32.502,3.28,3.29,0.0033,464,178
T-BulletDispenser-1x,8893,32.504,2.74,2.78,0.0027,464,178
T-BulletDispenser-1x,8894,32.507,2.64,2.61,0.0026,464,178
T-BulletDispenser-1x,8895,32.510,3.31,3.30,0.0033,516,178
T-BulletDispenser-1x,8896,32.514,3.21,3.20,0.0032,464,178
T-BulletDispenser-1x,8897,32.516,2.94,2.99,0.0029,464,178
T-BulletDispenser-1x,8898,32.520,2.99,2.93,0.0030,464,178
T-BulletDispenser-1x,8899,32.522,2.72,2.77,0.0027,464,178
T-BulletDispenser-1x,8900,32.525,2.82,2.82,0.0028,464,178
T-BulletDispenser-1x,8901,32.528,2.83,2.78,0.0028,464,178
T-BulletDispenser-1x,8902,32.531,3.31,3.32,0.0033,464,178
T-BulletDispenser-1x,8903,32.534,2.98,2.99,0.0030,464,178
T-BulletDispenser-1x,8904,32.537,3.00,3.01,0.0030,464,178
T-BulletDispenser-1x,8905,32.540,3.09,3.08,0.0031,464,178
T-BulletDispenser-1x,8906,32.543,2.78,2.79,0.0028,464,178
T-BulletDispenser-1x,8907,32.546,2.81,2.80,0.0028,464,178
T-BulletDispenser-1x,8908,32.549,2.90,2.88,0.0029,464,178
T-BulletDispenser-1x,8909,32.552,3.22,3.22,0.0032,464,178
T-BulletDispenser-1x,8910,32.555,2.88,2.89,0.0029,464,178
T-BulletDispenser-1x,8911,32.558,2.98,3.00,0.0030,464,178
T-BulletDispenser-1x,8912,32.560,2.52,2.51,0.0025,464,178
T-BulletDispenser-1x,8913,32.563,2.84,2.80,0.0028,464,178
T-BulletDispenser-1x,8914,32.566,3.00,3.01,0.0030,464,178
T-BulletDispenser-1x,8915,32.569,2.46,2.47,0.0025,464,178
T-BulletDispenser-1x,8916,32.571,2.90,2.90,0.0029,464,178
T-BulletDispenser-1x,8917,32.574,2.94,2.92,0.0029,464,178
T-BulletDispenser-1x,8918,32.577,2.99,3.00,0.0030,464,178
T-BulletDispenser-1x,8919,32.581,3.25,3.19,0.0032,464,178
T-BulletDispenser-1x,8920,32.584,3.02,3.08,0.0030,464,178
T-BulletDispenser-1x,8921,32.587,2.90,2.90,0.0029,464,178
T-BulletDispenser-1x,8922,32.590,2.91,2.90,0.0029,464,178
T-BulletDispenser-1x,8923,32.593,3.00,3.01,0.0030,464,178
T-BulletDispenser-1x,8924,32.596,3.08,3.10,0.0031,464,178
T-BulletDispenser-1x,8925,32.599,2.90,2.89,0.0029,464,178
T-BulletDispenser-1x,8926,32.602,3.20,3.20,0.0032,464,178
T-BulletDispenser-1x,8927,32.604,2.56,2.60,0.0026,464,178
T-BulletDispenser-1x,8928,32.607,2.66,2.61,0.0027,464,178
T-BulletDispenser-1x,8929,32.610,2.76,2.79,0.0028,464,178
T-BulletDispenser-1x,8930,32.613,3.02,3.01,0.0030,464,178
T-BulletDispenser-1x,8931,32.616,3.43,3.40,0.0034,464,178
T-BulletDispenser-1x,8932,32.620,3.30,3.30,0.0033,464,178
T-BulletDispenser-1x,8933,32.623,3.28,3.30,0.0033,464,178
T-BulletDispenser-1x,8934,32.625,2.65,2.69,0.0026,464,178
T-BulletDispenser-1x,8935,32.628,2.64,2.61,0.0026,464,178
T-BulletDispenser-1x,8936,32.631,2.79,2.79,0.0028,464,178
T-BulletDispenser-1x,8937,32.634,3.01,3.00,0.0030,464,178
T-BulletDispenser-1x,8938,32.637,3.04,3.01,0.0030,464,178
T-BulletDispenser-1x,8939,32.640,3.29,3.29,0.0033,464,178
T-BulletDispenser-1x,8940,32.644,3.38,3.39,0.0034,464,178
T-BulletDispenser-1x,8941,32.646,2.89,2.90,0.0029,464,178
T-BulletDispenser-1x,8942,32.649,2.79,2.80,0.0028,464,178
T-BulletDispenser-1x,8943,32.652,2.92,2.90,0.0029,464,178
T-BulletDispenser-1x,8944,32.655,3.09,3.10,0.0031,464,178
T-BulletDispenser-1x,8945,32.658,2.87,2.90,0.0029,464,178
T-BulletDispenser-1x,8946,32.661,2.72,2.68,0.0027,464,178
T-BulletDispenser-1x,8947,32.664,2.78,2.80,0.0028,464,178
T-BulletDispenser-1x,8948,32.666,2.73,2.70,0.0027,464,178
T-BulletDispenser-1x,8949,32.669,2.82,2.81,0.0028,464,178
T-BulletDispenser-1x,8950,32.672,2.77,2.79,0.0028,464,178
T-BulletDispenser-1x,8951,32.675,2.92,2.89,0.0029,464,178
T-BulletDispenser-1x,8952,32.678,3.12,3.09,0.0031,464,178
T-BulletDispenser-1x,8953,32.681,2.84,2.89,0.0028,464,178
T-BulletDispenser-1x,8954,32.684,2.92,2.91,0.0029,464,178
T-BulletDispenser-1x,8955,32.687,2.83,2.80,0.0028,464,178
T-BulletDispenser-1x,8956,32.690,3.34,3.32,0.0033,464,178
T-BulletDispenser-1x,8957,32.693,3.02,3.08,0.0030,464,178
T-BulletDispenser-1x,8958,32.696,3.03,3.00,0.0030,464,178
T-BulletDispenser-1x,8959,32.699,2.90,2.89,0.0029,464,178
T-BulletDispenser-1x,8960,32.702,3.63,3.62,0.0036,464,178
T-BulletDispenser-1x,8961,32.706,3.48,3.48,0.0035,464,178
T-BulletDispenser-1x,8962,32.709,2.99,3.00,0.0030,464,178
T-BulletDispenser-1x,8963,32.712,3.13,3.10,0.0031,516,178
T-BulletDispenser-1x,8964,32.715,2.77,2.79,0.0028,464,178
T-BulletDispenser-1x,8965,32.718,2.99,2.99,0.0030,464,178
T-BulletDispenser-1x,8966,32.721,3.36,3.34,0.0034,464,178
T-BulletDispenser-1x,8967,32.724,3.13,3.16,0.0031,464,178
T-BulletDispenser-1x,8968,32.727,3.09,3.09,0.0031,464,178
T-BulletDispenser-1x,8969,32.730,2.70,2.69,0.0027,464,178
T-BulletDispenser-1x,8970,32.733,2.60,2.60,0.0026,464,178
T-BulletDispenser-1x,8971,32.735,2.64,2.61,0.0026,464,178
T-BulletDispenser-1x,8972,32.738,3.08,3.10,0.0031,464,178
T-BulletDispenser-1x,8973,32.741,3.00,2.99,0.0030,464,178
T-BulletDispenser-1x,8974,32.744,2.93,2.91,0.0029,464,178
T-BulletDispenser-1x,8975,32.747,2.74,2.78,0.0027,464,178
T-BulletDispenser-1x,8976,32.750,3.02,3.00,0.0030,464,178
T-BulletDispenser-1x,8977,32.753,2.92,2.92,0.0029,464,178
T-BulletDispenser-1x,8978,32.756,3.20,3.18,0.0032,464,178
T-BulletDispenser-1x,8979,32.759,2.99,3.00,0.0030,464,178
T-BulletDispenser-1x,8980,32.762,2.86,2.89,0.0029,464,178
T-BulletDispenser-1x,8981,32.765,2.94,2.91,0.0029,464,178
T-BulletDispenser-1x,8982,32.768,3.37,3.31,0.0034,464,178
T-BulletDispenser-1x,8983,32.771,3.05,3.10,0.0030,464,178
T-BulletDispenser-1x,8984,32.775,3.29,3.29,0.0033,464,178
T-BulletDispenser-1x,8985,32.778,3.21,3.21,0.0032,464,178
T-BulletDispenser-1x,8986,32.781,2.80,2.80,0.0028,464,178
T-BulletDispenser-1x,8987,32.784,2.81,2.80,0.0028,464,178
T-BulletDispenser-1x,8988,32.787,3.09,3.08,0.0031,464,178
T-BulletDispenser-1x,8989,32.790,2.99,2.99,0.0030,464,178
T-BulletDispenser-1x,8990,32.792,2.68,2.71,0.0027,464,178
T-BulletDispenser-1x,8991,32.795,3.01,2.99,0.0030,464,178
T-BulletDispenser-1x,8992,32.798,3.02,3.02,0.0030,464,178
T-BulletDispenser-1x,8993,32.801,2.65,2.67,0.0027,464,178
T-BulletDispenser-1x,8994,32.804,3.35,3.32,0.0033,464,178
T-BulletDispenser-1x,8995,32.808,3.32,3.32,0.0033,464,178
T-BulletDispenser-1x,8996,32.811,3.31,3.27,0.0033,464,178
T-BulletDispenser-1x,8997,32.814,2.97,3.00,0.0030,464,178
T-BulletDispenser-1x,8998,32.817,3.09,3.09,0.0031,464,178
T-BulletDispenser-1x,8999,32.820,2.78,2.78,0.0028,464,178
T-BulletDispenser-1x,9000,32.823,2.93,2.92,0.0029,464,178
T-BulletDispenser-1x,9001,32.826,2.98,3.00,0.0030,464,178
T-BulletDispenser-1x,9002,32.829,3.51,3.52,0.0035,464,178
T-BulletDispenser-1x,9003,32.832,2.99,2.96,0.0030,464,178
T-BulletDispenser-1x,9004,32.835,2.77,2.79,0.0028,464,178
T-BulletDispenser-1x,9005,32.838,2.83,2.82,0.0028,464,178
T-BulletDispenser-1x,9006,32.841,3.12,3.09,0.0031,464,178
T-BulletDispenser-1x,9007,32.844,3.27,3.29,0.0033,464,178
T-BulletDispenser-1x,9008,32.847,3.23,3.22,0.0032,464,178
T-BulletDispenser-1x,9009,32.850,2.79,2.78,0.0028,464,178
T-BulletDispenser-1x,9010,32.853,2.67,2.69,0.0027,464,178
T-BulletDispenser-1x,9011,32.855,2.40,2.42,0.0024,464,178
T-BulletDispenser-1x,9012,32.858,2.93,2.89,0.0029,464,178
T-BulletDispenser-1x,9013,32.862,3.43,3.40,0.0034,464,178
T-BulletDispenser-1x,9014,32.865,3.26,3.29,0.0033,464,178
T-BulletDispenser-1x,9015,32.868,3.14,3.12,0.0031,464,178
T-BulletDispenser-1x,9016,32.871,3.04,3.09,0.0030,464,178
T-BulletDispenser-1x,9017,32.874,2.79,2.72,0.0028,464,178
T-BulletDispenser-1x,9018,32.877,3.16,3.18,0.0032,464,178
T-BulletDispenser-1x,9019,32.880,2.97,3.00,0.0030,464,178
T-BulletDispenser-1x,9020,32.883,2.97,2.99,0.0030,464,178
T-BulletDispenser-1x,9021,32.886,2.96,2.92,0.0030,464,178
T-BulletDispenser-1x,9022,32.889,2.89,2.90,0.0029,464,178
T-BulletDispenser-1x,9023,32.892,2.76,2.79,0.0028,464,178
T-BulletDispenser-1x,9024,32.895,3.00,2.90,0.0030,464,178
T-BulletDispenser-1x,9025,32.898,3.35,3.40,0.0034,464,178
T-BulletDispenser-1x,9026,32.901,3.10,3.09,0.0031,464,178
T-BulletDispenser-1x,9027,32.904,3.41,3.40,0.0034,464,178
T-BulletDispenser-1x,9028,32.907,3.04,3.09,0.0030,464,178
T-BulletDispenser-1x,9029,32.910,2.40,2.40,0.0024,464,178
T-BulletDispenser-1x,9030,32.913,2.92,2.90,0.0029,516,178
T-BulletDispenser-1x,9031,32.916,2.90,2.90,0.0029,464,178
T-BulletDispenser-1x,9032,32.919,3.41,3.39,0.0034,464,178
T-BulletDispenser-1x,9033,32.923,3.41,3.32,0.0034,464,178
T-BulletDispenser-1x,9034,32.926,3.10,3.20,0.0031,464,178
T-BulletDispenser-1x,9035,32.929,2.89,2.87,0.0029,464,178
T-BulletDispenser-1x,9036,32.932,2.93,2.90,0.0029,464,178
T-BulletDispenser-1x,9037,32.935,3.50,3.52,0.0035,464,178
T-BulletDispenser-1x,9038,32.938,3.17,3.18,0.0032,464,178
T-BulletDispenser-1x,9039,32.941,3.18,3.20,0.0032,464,178
T-BulletDispenser-1x,9040,32.944,2.92,2.90,0.0029,464,178
T-BulletDispenser-1x,9041,32.947,2.89,2.89,0.0029,464,178
T-BulletDispenser-1x,9042,32.950,2.99,2.99,0.0030,464,178
T-BulletDispenser-1x,9043,32.953,2.91,2.90,0.0029,464,178
T-BulletDispenser-1x,9044,32.956,2.81,2.83,0.0028,464,178
T-BulletDispenser-1x,9045,32.959,3.10,3.08,0.0031,464,178
T-BulletDispenser-1x,9046,32.962,2.89,2.88,0.0029,464,178
T-BulletDispenser-1x,9047,32.965,2.69,2.70,0.0027,464,178
T-BulletDispenser-1x,9048,32.968,3.01,3.01,0.0030,464,178
T-BulletDispenser-1x,9049,32.971,3.00,2.99,0.0030,464,178
T-BulletDispenser-1x,9050,32.973,2.80,2.79,0.0028,464,178
T-BulletDispenser-1x,9051,32.976,2.77,2.80,0.0028,464,178
T-BulletDispenser-1x,9052,32.979,3.07,3.05,0.0031,464,178
T-BulletDispenser-1x,9053,32.982,2.86,2.86,0.0029,464,178
T-BulletDispenser-1x,9054,32.985,3.21,3.20,0.0032,464,178
T-BulletDispenser-1x,9055,32.988,2.76,2.79,0.0028,464,178
T-BulletDispenser-1x,9056,32.991,3.00,3.01,0.0030,464,178
T-BulletDispenser-1x,9057,32.994,2.73,2.69,0.0027,464,178
T-BulletDispenser-1x,9058,32.997,2.89,2.91,0.0029,464,178
T-BulletDispenser-1x,9059,32.999,2.56,2.58,0.0026,464,178
T-BulletDispenser-1x,9060,33.002,2.85,2.82,0.0029,464,178
T-BulletDispenser-1x,9061,33.005,3.23,3.19,0.0032,464,178
T-BulletDispenser-1x,9062,33.008,2.95,3.01,0.0030,464,178
T-BulletDispenser-1x,9063,33.011,2.99,3.00,0.0030,464,178
T-BulletDispenser-1x,9064,33.014,2.95,2.90,0.0029,464,178
T-BulletDispenser-1x,9065,33.017,2.96,3.00,0.0030,464,178
T-BulletDispenser-1x,9066,33.020,2.78,2.79,0.0028,464,178
T-BulletDispenser-1x,9067,33.023,2.94,2.91,0.0029,464,178
T-BulletDispenser-1x,9068,33.026,2.98,3.00,0.0030,464,178
T-BulletDispenser-1x,9069,33.029,3.41,3.41,0.0034,464,178
T-BulletDispenser-1x,9070,33.032,3.20,3.18,0.0032,464,178
T-BulletDispenser-1x,9071,33.035,2.91,2.91,0.0029,464,178
T-BulletDispenser-1x,9072,33.038,3.07,3.08,0.0031,464,178
T-BulletDispenser-1x,9073,33.041,2.89,2.89,0.0029,464,178
T-BulletDispenser-1x,9074,33.044,2.96,2.92,0.0030,464,178
T-BulletDispenser-1x,9075,33.048,3.43,3.40,0.0034,464,178
T-BulletDispenser-1x,9076,33.051,3.16,3.19,0.0032,464,178
T-BulletDispenser-1x,9077,33.054,3.27,3.28,0.0033,464,178
T-BulletDispenser-1x,9078,33.057,3.20,3.21,0.0032,464,178
T-BulletDispenser-1x,9079,33.060,2.77,2.79,0.0028,464,178
T-BulletDispenser-1x,9080,33.063,2.69,2.69,0.0027,464,178
T-BulletDispenser-1x,9081,33.066,3.14,3.11,0.0031,464,178
T-BulletDispenser-1x,9082,33.069,2.99,3.00,0.0030,464,178
T-BulletDispenser-1x,9083,33.071,2.57,2.60,0.0026,464,178
T-BulletDispenser-1x,9084,33.075,3.15,3.11,0.0032,464,178
T-BulletDispenser-1x,9085,33.077,2.78,2.80,0.0028,464,178
T-BulletDispenser-1x,9086,33.081,3.10,3.08,0.0031,464,178
T-BulletDispenser-1x,9087,33.083,2.90,2.91,0.0029,464,178
T-BulletDispenser-1x,9088,33.087,3.10,3.10,0.0031,464,178
T-BulletDispenser-1x,9089,33.090,3.11,3.11,0.0031,464,178
T-BulletDispenser-1x,9090,33.093,2.88,2.89,0.0029,464,178
T-BulletDispenser-1x,9091,33.095,2.83,2.82,0.0028,464,178
T-BulletDispenser-1x,9092,33.098,2.89,2.89,0.0029,464,178
T-BulletDispenser-1x,9093,33.101,2.88,2.88,0.0029,464,178
T-BulletDispenser-1x,9094,33.104,2.91,2.92,0.0029,464,178
T-BulletDispenser-1x,9095,33.107,3.01,2.99,0.0030,464,178
T-BulletDispenser-1x,9096,33.110,3.42,3.40,0.0034,464,178
T-BulletDispenser-1x,9097,33.113,2.94,2.99,0.0029,516,178
T-BulletDispenser-1x,9098,33.116,2.72,2.70,0.0027,464,178
T-BulletDispenser-1x,9099,33.119,2.91,2.90,0.0029,464,178
T-BulletDispenser-1x,9100,33.122,2.80,2.79,0.0028,464,178
T-BulletDispenser-1x,9101,33.125,3.01,3.01,0.0030,464,178
T-BulletDispenser-1x,9102,33.128,3.00,2.99,0.0030,464,178
T-BulletDispenser-1x,9103,33.131,2.74,2.78,0.0027,464,178
T-BulletDispenser-1x,9104,33.133,2.72,2.72,0.0027,464,178
T-BulletDispenser-1x,9105,33.136,3.02,2.99,0.0030,464,178
T-BulletDispenser-1x,9106,33.139,3.10,3.09,0.0031,464,178
T-BulletDispenser-1x,9107,33.143,3.22,3.20,0.0032,464,178
T-BulletDispenser-1x,9108,33.146,2.97,2.99,0.0030,464,178
T-BulletDispenser-1x,9109,33.148,2.73,2.71,0.0027,464,178
T-BulletDispenser-1x,9110,33.152,3.40,3.40,0.0034,464,178
T-BulletDispenser-1x,9111,33.155,3.03,3.01,0.0030,464,178
T-BulletDispenser-1x,9112,33.158,3.34,3.38,0.0033,464,178
T-BulletDispenser-1x,9113,33.161,3.11,3.09,0.0031,464,178
T-BulletDispenser-1x,9114,33.164,3.16,3.12,0.0032,464,178
T-BulletDispenser-1x,9115,33.167,3.02,3.08,0.0030,464,178
T-BulletDispenser-1x,9116,33.170,3.05,3.00,0.0031,464,178
T-BulletDispenser-1x,9117,33.174,3.18,3.13,0.0032,464,178
T-BulletDispenser-1x,9118,33.177,3.54,3.59,0.0035,464,178
T-BulletDispenser-1x,9119,33.180,2.73,2.79,0.0027,464,178
T-BulletDispenser-1x,9120,33.183,3.00,2.98,0.0030,464,178
T-BulletDispenser-1x,9121,33.186,2.92,2.91,0.0029,464,178
T-BulletDispenser-1x,9122,33.188,2.68,2.70,0.0027,464,178
T-BulletDispenser-1x,9123,33.192,3.11,3.10,0.0031,464,178
T-BulletDispenser-1x,9124,33.195,3.19,3.20,0.0032,464,178
T-BulletDispenser-1x,9125,33.198,3.15,3.11,0.0032,464,178
T-BulletDispenser-1x,9126,33.201,3.10,3.08,0.0031,464,178
T-BulletDispenser-1x,9127,33.204,3.16,3.20,0.0032,464,178
T-BulletDispenser-1x,9128,33.207,2.80,2.81,0.0028,464,178
T-BulletDispenser-1x,9129,33.209,2.46,2.49,0.0025,464,178
T-BulletDispenser-1x,9130,33.212,2.96,2.92,0.0030,464,178
T-BulletDispenser-1x,9131,33.215,2.76,2.78,0.0028,464,178
T-BulletDispenser-1x,9132,33.218,2.70,2.71,0.0027,464,178
T-BulletDispenser-1x,9133,33.221,3.04,2.99,0.0030,464,178
T-BulletDispenser-1x,9134,33.224,3.10,3.11,0.0031,464,178
T-BulletDispenser-1x,9135,33.227,2.69,2.70,0.0027,464,178
T-BulletDispenser-1x,9136,33.229,2.66,2.69,0.0027,464,178
T-BulletDispenser-1x,9137,33.232,2.67,2.61,0.0027,464,178
T-BulletDispenser-1x,9138,33.235,2.63,2.67,0.0026,464,178
T-BulletDispenser-1x,9139,33.238,3.06,3.03,0.0031,464,178
T-BulletDispenser-1x,9140,33.241,3.20,3.17,0.0032,464,178
T-BulletDispenser-1x,9141,33.244,2.99,3.00,0.0030,464,178
T-BulletDispenser-1x,9142,33.247,2.68,2.70,0.0027,464,178
T-BulletDispenser-1x,9143,33.250,3.13,3.09,0.0031,464,178
T-BulletDispenser-1x,9144,33.253,3.19,3.21,0.0032,464,178
T-BulletDispenser-1x,9145,33.255,2.46,2.50,0.0025,464,178
T-BulletDispenser-1x,9146,33.258,2.86,2.82,0.0029,464,178
T-BulletDispenser-1x,9147,33.262,3.30,3.28,0.0033,464,178
T-BulletDispenser-1x,9148,33.265,3.21,3.21,0.0032,464,178
T-BulletDispenser-1x,9149,33.268,2.98,2.98,0.0030,464,178
T-BulletDispenser-1x,9150,33.271,2.96,3.00,0.0030,464,178
T-BulletDispenser-1x,9151,33.273,2.62,2.60,0.0026,464,178
T-BulletDispenser-1x,9152,33.276,2.79,2.80,0.0028,464,178
T-BulletDispenser-1x,9153,33.279,3.11,3.06,0.0031,464,178
T-BulletDispenser-1x,9154,33.282,2.83,2.85,0.0028,464,178
T-BulletDispenser-1x,9155,33.285,2.67,2.68,0.0027,464,178
T-BulletDispenser-1x,9156,33.288,2.93,2.91,0.0029,464,178
T-BulletDispenser-1x,9157,33.291,2.93,2.90,0.0029,464,178
T-BulletDispenser-1x,9158,33.293,2.86,2.87,0.0029,464,178
T-BulletDispenser-1x,9159,33.296,2.91,2.92,0.0029,464,178
T-BulletDispenser-1x,9160,33.299,3.08,3.10,0.0031,464,178
T-BulletDispenser-1x,9161,33.302,2.79,2.71,0.0028,464,178
T-BulletDispenser-1x,9162,33.305,3.22,3.27,0.0032,464,178
T-BulletDispenser-1x,9163,33.308,3.04,3.03,0.0030,464,178
T-BulletDispenser-1x,9164,33.312,3.27,3.29,0.0033,464,178
T-BulletDispenser-1x,9165,33.315,2.99,3.00,0.0030,516,178
T-BulletDispenser-1x,9166,33.317,2.76,2.80,0.0028,464,178
T-BulletDispenser-1x,9167,33.321,3.02,2.99,0.0030,464,178
T-BulletDispenser-1x,9168,33.323,2.90,2.91,0.0029,464,178
T-BulletDispenser-1x,9169,33.326,2.36,2.38,0.0024,464,178
T-BulletDispenser-1x,9170,33.328,2.45,2.42,0.0024,464,178
T-BulletDispenser-1x,9171,33.331,2.91,2.90,0.0029,464,178
T-BulletDispenser-1x,9172,33.334,2.88,2.88,0.0029,464,178
T-BulletDispenser-1x,9173,33.337,2.98,3.01,0.0030,464,178
T-BulletDispenser-1x,9174,33.339,2.41,2.39,0.0024,464,178
T-BulletDispenser-1x,9175,33.342,2.92,2.91,0.0029,464,178
T-BulletDispenser-1x,9176,33.345,2.91,2.89,0.0029,464,178
T-BulletDispenser-1x,9177,33.348,2.89,2.90,0.0029,464,178
T-BulletDispenser-1x,9178,33.351,2.78,2.80,0.0028,464,178
T-BulletDispenser-1x,9179,33.354,3.16,3.10,0.0032,464,178
T-BulletDispenser-1x,9180,33.357,2.88,2.91,0.0029,464,178
T-BulletDispenser-1x,9181,33.360,2.75,2.78,0.0027,464,178
T-BulletDispenser-1x,9182,33.363,3.04,3.00,0.0030,464,178
T-BulletDispenser-1x,9183,33.366,3.22,3.22,0.0032,464,178
T-BulletDispenser-1x,9184,33.369,3.00,2.99,0.0030,464,178
T-BulletDispenser-1x,9185,33.372,2.75,2.77,0.0028,464,178
T-BulletDispenser-1x,9186,33.375,3.12,3.13,0.0031,464,178
T-BulletDispenser-1x,9187,33.378,3.09,3.09,0.0031,464,178
T-BulletDispenser-1x,9188,33.381,2.93,2.90,0.0029,464,178
T-BulletDispenser-1x,9189,33.384,2.97,2.99,0.0030,464,178
T-BulletDispenser-1x,9190,33.387,2.99,2.99,0.0030,464,178
T-BulletDispenser-1x,9191,33.390,2.70,2.71,0.0027,464,178
T-BulletDispenser-1x,9192,33.392,2.79,2.80,0.0028,464,178
T-BulletDispenser-1x,9193,33.395,3.14,3.10,0.0031,464,178
T-BulletDispenser-1x,9194,33.398,2.94,2.90,0.0029,464,178
T-BulletDispenser-1x,9195,33.402,3.21,3.19,0.0032,464,178
T-BulletDispenser-1x,9196,33.405,3.14,3.20,0.0031,464,178
T-BulletDispenser-1x,9197,33.408,3.08,3.09,0.0031,464,178
T-BulletDispenser-1x,9198,33.411,2.93,2.91,0.0029,464,178
T-BulletDispenser-1x,9199,33.414,2.90,2.90,0.0029,464,178
T-BulletDispenser-1x,9200,33.417,3.09,3.09,0.0031,464,178
T-BulletDispenser-1x,9201,33.420,3.34,3.32,0.0033,464,178
T-BulletDispenser-1x,9202,33.423,3.26,3.28,0.0033,464,178
T-BulletDispenser-1x,9203,33.427,3.41,3.40,0.0034,464,178
T-BulletDispenser-1x,9204,33.429,2.64,2.69,0.0026,464,178
T-BulletDispenser-1x,9205,33.432,2.95,2.91,0.0029,464,178
T-BulletDispenser-1x,9206,33.435,3.11,3.10,0.0031,464,178
T-BulletDispenser-1x,9207,33.438,2.66,2.68,0.0027,464,178
T-BulletDispenser-1x,9208,33.441,3.34,3.31,0.0033,464,178
T-BulletDispenser-1x,9209,33.444,2.99,2.99,0.0030,464,178
T-BulletDispenser-1x,9210,33.447,2.57,2.61,0.0026,464,178
T-BulletDispenser-1x,9211,33.450,2.60,2.58,0.0026,464,178
T-BulletDispenser-1x,9212,33.453,3.13,3.11,0.0031,464,178
T-BulletDispenser-1x,9213,33.456,3.33,3.30,0.0033,464,178
T-BulletDispenser-1x,9214,33.459,2.74,2.80,0.0027,464,178
T-BulletDispenser-1x,9215,33.462,3.11,3.08,0.0031,464,178
T-BulletDispenser-1x,9216,33.465,2.97,2.92,0.0030,464,178
T-BulletDispenser-1x,9217,33.467,2.51,2.59,0.0025,464,178
T-BulletDispenser-1x,9218,33.470,2.95,2.91,0.0030,464,178
T-BulletDispenser-1x,9219,33.474,3.23,3.21,0.0032,464,178
T-BulletDispenser-1x,9220,33.476,2.83,2.88,0.0028,464,178
T-BulletDispenser-1x,9221,33.480,3.12,3.10,0.0031,464,178
T-BulletDispenser-1x,9222,33.482,2.91,2.90,0.0029,464,178
T-BulletDispenser-1x,9223,33.485,2.88,2.89,0.0029,464,178
T-BulletDispenser-1x,9224,33.488,2.97,2.98,0.0030,464,178
T-BulletDispenser-1x,9225,33.491,3.16,3.12,0.0032,464,178
T-BulletDispenser-1x,9226,33.494,2.96,2.97,0.0030,464,178
T-BulletDispenser-1x,9227,33.498,3.32,3.31,0.0033,464,178
T-BulletDispenser-1x,9228,33.501,3.21,3.20,0.0032,464,178
T-BulletDispenser-1x,9229,33.504,3.16,3.20,0.0032,464,178
T-BulletDispenser-1x,9230,33.507,3.07,2.99,0.0031,464,178
T-BulletDispenser-1x,9231,33.510,3.28,3.30,0.0033,464,178
T-BulletDispenser-1x,9232,33.513,2.54,2.60,0.0025,464,178
T-BulletDispenser-1x,9233,33.516,2.62,2.50,0.0026,516,178
T-BulletDispenser-1x,9234,33.519,3.13,3.19,0.0031,464,178
T-BulletDispenser-1x,9235,33.522,2.96,2.99,0.0030,464,178
T-BulletDispenser-1x,9236,33.525,3.24,3.22,0.0032,464,178
T-BulletDispenser-1x,9237,33.528,2.78,2.79,0.0028,464,178
T-BulletDispenser-1x,9238,33.531,2.90,2.89,0.0029,464,178
T-BulletDispenser-1x,9239,33.534,3.31,3.31,0.0033,464,178
T-BulletDispenser-1x,9240,33.537,3.02,3.01,0.0030,464,178
T-BulletDispenser-1x,9241,33.540,2.96,2.88,0.0030,464,178
T-BulletDispenser-1x,9242,33.543,2.80,2.89,0.0028,464,178
T-BulletDispenser-1x,9243,33.546,3.05,3.02,0.0030,464,178
T-BulletDispenser-1x,9244,33.549,3.28,3.28,0.0033,464,178
T-BulletDispenser-1x,9245,33.552,3.36,3.31,0.0034,464,178
T-BulletDispenser-1x,9246,33.556,3.24,3.26,0.0032,464,178
T-BulletDispenser-1x,9247,33.558,2.79,2.81,0.0028,464,178
T-BulletDispenser-1x,9248,33.561,2.97,2.90,0.0030,464,178
T-BulletDispenser-1x,9249,33.565,3.37,3.40,0.0034,464,178
T-BulletDispenser-1x,9250,33.568,2.81,2.81,0.0028,464,178
T-BulletDispenser-1x,9251,33.571,3.38,3.39,0.0034,464,178
T-BulletDispenser-1x,9252,33.574,3.09,3.09,0.0031,464,178
T-BulletDispenser-1x,9253,33.577,2.78,2.79,0.0028,464,178
T-BulletDispenser-1x,9254,33.580,2.79,2.79,0.0028,464,178
T-BulletDispenser-1x,9255,33.583,3.23,3.20,0.0032,464,178
T-BulletDispenser-1x,9256,33.586,3.23,3.21,0.0032,464,178
T-BulletDispenser-1x,9257,33.589,3.31,3.29,0.0033,464,178
T-BulletDispenser-1x,9258,33.592,3.06,3.08,0.0031,464,178
T-BulletDispenser-1x,9259,33.595,2.77,2.80,0.0028,464,178
T-BulletDispenser-1x,9260,33.598,2.50,2.49,0.0025,464,178
T-BulletDispenser-1x,9261,33.601,3.15,3.12,0.0032,464,178
T-BulletDispenser-1x,9262,33.604,3.06,3.08,0.0031,464,178
T-BulletDispenser-1x,9263,33.607,3.10,3.09,0.0031,464,178
T-BulletDispenser-1x,9264,33.610,3.15,3.11,0.0031,464,178
T-BulletDispenser-1x,9265,33.613,2.94,2.98,0.0029,464,178
T-BulletDispenser-1x,9266,33.616,2.89,2.91,0.0029,464,178
T-BulletDispenser-1x,9267,33.619,2.88,2.82,0.0029,464,178
T-BulletDispenser-1x,9268,33.622,2.99,2.99,0.0030,464,178
T-BulletDispenser-1x,9269,33.625,3.20,3.21,0.0032,464,178
T-BulletDispenser-1x,9270,33.628,3.09,3.11,0.0031,464,178
T-BulletDispenser-1x,9271,33.631,2.98,2.97,0.0030,464,178
T-BulletDispenser-1x,9272,33.634,2.87,2.89,0.0029,464,178
T-BulletDispenser-1x,9273,33.637,3.04,3.00,0.0030,464,178
T-BulletDispenser-1x,9274,33.640,3.19,3.20,0.0032,464,178
T-BulletDispenser-1x,9275,33.643,3.21,3.20,0.0032,464,178
T-BulletDispenser-1x,9276,33.646,3.05,3.04,0.0030,464,178
T-BulletDispenser-1x,9277,33.650,3.47,3.48,0.0035,464,178
T-BulletDispenser-1x,9278,33.653,3.31,3.30,0.0033,464,178
T-BulletDispenser-1x,9279,33.656,3.00,2.99,0.0030,464,178
T-BulletDispenser-1x,9280,33.660,3.70,3.69,0.0037,464,178
T-BulletDispenser-1x,9281,33.663,3.11,3.11,0.0031,464,178
T-BulletDispenser-1x,9282,33.666,3.13,3.19,0.0031,464,178
T-BulletDispenser-1x,9283,33.669,2.51,2.49,0.0025,464,178
T-BulletDispenser-1x,9284,33.672,3.52,3.50,0.0035,464,178
T-BulletDispenser-1x,9285,33.675,2.91,2.89,0.0029,464,178
T-BulletDispenser-1x,9286,33.678,3.05,3.10,0.0030,464,178
T-BulletDispenser-1x,9287,33.681,2.83,2.79,0.0028,464,178
T-BulletDispenser-1x,9288,33.684,2.99,3.01,0.0030,464,178
T-BulletDispenser-1x,9289,33.687,3.21,3.21,0.0032,464,178
T-BulletDispenser-1x,9290,33.690,2.91,2.90,0.0029,464,178
T-BulletDispenser-1x,9291,33.693,2.44,2.49,0.0024,464,178
T-BulletDispenser-1x,9292,33.695,2.88,2.83,0.0029,464,178
T-BulletDispenser-1x,9293,33.698,2.79,2.79,0.0028,464,178
T-BulletDispenser-1x,9294,33.701,3.21,3.20,0.0032,464,178
T-BulletDispenser-1x,9295,33.705,3.07,3.09,0.0031,464,178
T-BulletDispenser-1x,9296,33.708,3.19,3.20,0.0032,464,178
T-BulletDispenser-1x,9297,33.710,2.41,2.40,0.0024,464,178
T-BulletDispenser-1x,9298,33.713,2.90,2.89,0.0029,464,178
T-BulletDispenser-1x,9299,33.716,2.92,2.89,0.0029,516,178
T-BulletDispenser-1x,9300,33.719,2.66,2.68,0.0027,464,178
T-BulletDispenser-1x,9301,33.722,3.00,3.01,0.0030,464,178
T-BulletDispenser-1x,9302,33.724,2.83,2.80,0.0028,464,178
T-BulletDispenser-1x,9303,33.728,3.07,3.09,0.0031,464,178
T-BulletDispenser-1x,9304,33.731,3.03,3.03,0.0030,464,178
T-BulletDispenser-1x,9305,33.733,2.86,2.89,0.0029,464,178
T-BulletDispenser-1x,9306,33.736,2.93,2.89,0.0029,464,178
T-BulletDispenser-1x,9307,33.739,2.78,2.80,0.0028,464,178
T-BulletDispenser-1x,9308,33.742,2.81,2.81,0.0028,464,178
T-BulletDispenser-1x,9309,33.745,2.68,2.68,0.0027,464,178
T-BulletDispenser-1x,9310,33.748,3.05,3.02,0.0031,464,178
T-BulletDispenser-1x,9311,33.751,2.96,2.98,0.0030,464,178
T-BulletDispenser-1x,9312,33.754,3.09,3.10,0.0031,464,178
T-BulletDispenser-1x,9313,33.757,2.86,2.81,0.0029,464,178
T-BulletDispenser-1x,9314,33.760,3.08,3.09,0.0031,464,178
T-BulletDispenser-1x,9315,33.762,2.74,2.77,0.0027,464,178
T-BulletDispenser-1x,9316,33.765,2.97,2.92,0.0030,464,178
T-BulletDispenser-1x,9317,33.768,3.09,3.09,0.0031,464,178
T-BulletDispenser-1x,9318,33.772,3.08,3.10,0.0031,464,178
T-BulletDispenser-1x,9319,33.775,3.46,3.40,0.0035,464,178
T-BulletDispenser-1x,9320,33.778,2.73,2.79,0.0027,464,178
T-BulletDispenser-1x,9321,33.781,3.20,3.19,0.0032,464,178
T-BulletDispenser-1x,9322,33.784,3.01,3.02,0.0030,464,178
T-BulletDispenser-1x,9323,33.787,3.08,3.10,0.0031,464,178
T-BulletDispenser-1x,9324,33.790,2.71,2.68,0.0027,464,178
T-BulletDispenser-1x,9325,33.793,2.91,2.91,0.0029,464,178
T-BulletDispenser-1x,9326,33.795,2.87,2.88,0.0029,464,178
T-BulletDispenser-1x,9327,33.798,2.84,2.82,0.0028,464,178
T-BulletDispenser-1x,9328,33.802,3.44,3.41,0.0034,464,178
T-BulletDispenser-1x,9329,33.804,2.72,2.77,0.0027,464,178
T-BulletDispenser-1x,9330,33.808,3.16,3.11,0.0032,464,178
T-BulletDispenser-1x,9331,33.811,3.10,3.11,0.0031,464,178
T-BulletDispenser-1x,9332,33.813,2.44,2.48,0.0024,464,178
T-BulletDispenser-1x,9333,33.816,2.72,2.70,0.0027,464,178
T-BulletDispenser-1x,9334,33.818,2.48,2.50,0.0025,464,178
T-BulletDispenser-1x,9335,33.821,2.65,2.61,0.0026,464,178
T-BulletDispenser-1x,9336,33.824,3.18,3.19,0.0032,464,178
T-BulletDispenser-1x,9337,33.827,3.02,3.00,0.0030,464,178
T-BulletDispenser-1x,9338,33.830,2.66,2.69,0.0027,464,178
T-BulletDispenser-1x,9339,33.833,2.95,2.91,0.0029,464,178
T-BulletDispenser-1x,9340,33.836,2.79,2.80,0.0028,464,178
T-BulletDispenser-1x,9341,33.838,2.48,2.50,0.0025,464,178
T-BulletDispenser-1x,9342,33.841,2.84,2.80,0.0028,464,178
T-BulletDispenser-1x,9343,33.844,3.17,3.18,0.0032,464,178
T-BulletDispenser-1x,9344,33.847,3.35,3.32,0.0033,464,178
T-BulletDispenser-1x,9345,33.851,3.07,3.08,0.0031,464,178
T-BulletDispenser-1x,9346,33.853,2.67,2.70,0.0027,464,178
T-BulletDispenser-1x,9347,33.856,2.39,2.39,0.0024,464,178
T-BulletDispenser-1x,9348,33.859,2.94,2.90,0.0029,464,178
T-BulletDispenser-1x,9349,33.862,3.42,3.40,0.0034,464,178
T-BulletDispenser-1x,9350,33.865,2.99,2.99,0.0030,464,178
T-BulletDispenser-1x,9351,33.868,3.30,3.29,0.0033,464,178
T-BulletDispenser-1x,9352,33.871,2.77,2.81,0.0028,464,178
T-BulletDispenser-1x,9353,33.874,3.13,3.09,0.0031,464,178
T-BulletDispenser-1x,9354,33.877,2.81,2.79,0.0028,464,178
T-BulletDispenser-1x,9355,33.880,3.02,3.08,0.0030,464,178
T-BulletDispenser-1x,9356,33.883,3.36,3.32,0.0034,464,178
T-BulletDispenser-1x,9357,33.886,3.10,3.08,0.0031,464,178
T-BulletDispenser-1x,9358,33.890,3.42,3.41,0.0034,464,178
T-BulletDispenser-1x,9359,33.893,3.05,3.09,0.0030,464,178
T-BulletDispenser-1x,9360,33.896,2.94,2.92,0.0029,464,178
T-BulletDispenser-1x,9361,33.899,2.76,2.77,0.0028,464,178
T-BulletDispenser-1x,9362,33.901,2.81,2.82,0.0028,464,178
T-BulletDispenser-1x,9363,33.904,2.99,2.98,0.0030,464,178
T-BulletDispenser-1x,9364,33.907,2.82,2.80,0.0028,464,178
T-BulletDispenser-1x,9365,33.910,3.21,3.20,0.0032,464,178
T-BulletDispenser-1x,9366,33.913,2.68,2.69,0.0027,464,178
T-BulletDispenser-1x,9367,33.916,3.12,3.10,0.0031,516,178
T-BulletDispenser-1x,9368,33.919,2.99,3.00,0.0030,464,178
T-BulletDispenser-1x,9369,33.922,2.47,2.49,0.0025,464,178
T-BulletDispenser-1x,9370,33.925,3.04,3.00,0.0030,464,178
T-BulletDispenser-1x,9371,33.928,3.20,3.21,0.0032,464,178
T-BulletDispenser-1x,9372,33.931,2.98,2.98,0.0030,464,178
T-BulletDispenser-1x,9373,33.934,3.13,3.12,0.0031,464,178
T-BulletDispenser-1x,9374,33.938,3.48,3.49,0.0035,464,178
T-BulletDispenser-1x,9375,33.941,3.10,3.09,0.0031,464,178
T-BulletDispenser-1x,9376,33.944,3.26,3.22,0.0033,464,178
T-BulletDispenser-1x,9377,33.947,3.27,3.29,0.0033,464,178
T-BulletDispenser-1x,9378,33.951,3.38,3.39,0.0034,464,178
T-BulletDispenser-1x,9379,33.954,3.38,3.39,0.0034,464,178
T-BulletDispenser-1x,9380,33.957,2.79,2.79,0.0028,464,178
T-BulletDispenser-1x,9381,33.959,2.62,2.62,0.0026,464,178
T-BulletDispenser-1x,9382,33.962,3.14,3.08,0.0031,464,178
T-BulletDispenser-1x,9383,33.965,2.95,3.00,0.0030,464,178
T-BulletDispenser-1x,9384,33.969,3.16,3.10,0.0032,464,178
T-BulletDispenser-1x,9385,33.971,2.72,2.78,0.0027,464,178
T-BulletDispenser-1x,9386,33.974,2.95,2.90,0.0030,464,178
T-BulletDispenser-1x,9387,33.977,3.22,3.21,0.0032,464,178
T-BulletDispenser-1x,9388,33.981,3.60,3.59,0.0036,464,178
T-BulletDispenser-1x,9389,33.984,3.05,3.08,0.0030,464,178
T-BulletDispenser-1x,9390,33.987,2.99,3.00,0.0030,464,178
T-BulletDispenser-1x,9391,33.990,3.36,3.32,0.0034,464,178
T-BulletDispenser-1x,9392,33.993,2.99,2.99,0.0030,464,178
T-BulletDispenser-1x,9393,33.996,3.01,3.00,0.0030,464,178
T-BulletDispenser-1x,9394,34.000,3.52,3.51,0.0035,464,178
T-BulletDispenser-1x,9395,34.003,3.48,3.49,0.0035,464,178
T-BulletDispenser-1x,9396,34.007,3.17,3.18,0.0032,464,178
T-BulletDispenser-1x,9397,34.010,3.02,3.01,0.0030,464,178
T-BulletDispenser-1x,9398,34.013,3.19,3.20,0.0032,464,178
T-BulletDispenser-1x,9399,34.016,3.21,3.20,0.0032,464,178
T-BulletDispenser-1x,9400,34.019,3.31,3.30,0.0033,464,178
T-BulletDispenser-1x,9401,34.023,3.81,3.60,0.0038,464,178
T-BulletDispenser-1x,9402,34.027,3.47,3.69,0.0035,464,178
T-BulletDispenser-1x,9403,34.030,3.34,3.32,0.0033,464,178
T-BulletDispenser-1x,9404,34.033,3.43,3.47,0.0034,464,178
T-BulletDispenser-1x,9405,34.037,3.35,3.30,0.0034,464,178
T-BulletDispenser-1x,9406,34.040,2.97,3.00,0.0030,464,178
T-BulletDispenser-1x,9407,34.043,3.42,3.40,0.0034,464,178
T-BulletDispenser-1x,9408,34.046,3.07,3.09,0.0031,464,178
T-BulletDispenser-1x,9409,34.049,3.07,3.10,0.0031,464,178
T-BulletDispenser-1x,9410,34.052,2.93,2.90,0.0029,464,178
T-BulletDispenser-1x,9411,34.055,2.85,2.89,0.0028,464,178
T-BulletDispenser-1x,9412,34.058,2.84,2.82,0.0028,464,178
T-BulletDispenser-1x,9413,34.061,2.61,2.59,0.0026,464,178
T-BulletDispenser-1x,9414,34.064,3.40,3.40,0.0034,464,178
T-BulletDispenser-1x,9415,34.068,3.83,3.80,0.0038,464,178
T-BulletDispenser-1x,9416,34.072,3.81,3.81,0.0038,464,178
T-BulletDispenser-1x,9417,34.076,3.91,3.90,0.0039,464,178
T-BulletDispenser-1x,9418,34.079,3.88,3.91,0.0039,464,178
T-BulletDispenser-1x,9419,34.083,3.25,3.24,0.0032,464,178
T-BulletDispenser-1x,9420,34.086,3.42,3.42,0.0034,464,178
T-BulletDispenser-1x,9421,34.089,3.33,3.32,0.0033,464,178
T-BulletDispenser-1x,9422,34.092,2.84,2.88,0.0028,464,178
T-BulletDispenser-1x,9423,34.096,3.46,3.42,0.0035,464,178
T-BulletDispenser-1x,9424,34.099,3.34,3.38,0.0033,464,178
T-BulletDispenser-1x,9425,34.102,2.58,2.60,0.0026,464,178
T-BulletDispenser-1x,9426,34.105,3.15,3.10,0.0031,464,178
T-BulletDispenser-1x,9427,34.108,3.26,3.30,0.0033,464,178
T-BulletDispenser-1x,9428,34.111,3.36,3.30,0.0034,464,178
T-BulletDispenser-1x,9429,34.115,3.30,3.29,0.0033,464,178
T-BulletDispenser-1x,9430,34.118,3.02,3.02,0.0030,516,178
T-BulletDispenser-1x,9431,34.121,3.54,3.57,0.0035,464,178
T-BulletDispenser-1x,9432,34.125,3.42,3.41,0.0034,464,178
T-BulletDispenser-1x,9433,34.128,3.19,3.20,0.0032,464,178
T-BulletDispenser-1x,9434,34.131,3.30,3.28,0.0033,464,178
T-BulletDispenser-1x,9435,34.134,3.15,3.13,0.0031,464,178
T-BulletDispenser-1x,9436,34.137,3.23,3.28,0.0032,464,178
T-BulletDispenser-1x,9437,34.141,3.11,3.09,0.0031,464,178
T-BulletDispenser-1x,9438,34.143,2.57,2.60,0.0026,464,178
T-BulletDispenser-1x,9439,34.147,3.41,3.32,0.0034,464,178
T-BulletDispenser-1x,9440,34.150,3.38,3.45,0.0034,464,178
T-BulletDispenser-1x,9441,34.153,3.16,3.14,0.0032,464,178
T-BulletDispenser-1x,9442,34.156,3.31,3.27,0.0033,464,178
T-BulletDispenser-1x,9443,34.159,2.97,3.00,0.0030,464,178
T-BulletDispenser-1x,9444,34.163,3.31,3.30,0.0033,464,178
T-BulletDispenser-1x,9445,34.166,3.22,3.11,0.0032,464,178
T-BulletDispenser-1x,9446,34.169,3.44,3.49,0.0034,464,178
T-BulletDispenser-1x,9447,34.173,3.27,3.30,0.0033,464,178
T-BulletDispenser-1x,9448,34.176,2.96,2.99,0.0030,464,178
T-BulletDispenser-1x,9449,34.179,3.72,3.68,0.0037,464,178
T-BulletDispenser-1x,9450,34.182,2.69,2.73,0.0027,464,178
T-BulletDispenser-1x,9451,34.185,3.22,3.20,0.0032,464,178
T-BulletDispenser-1x,9452,34.188,3.09,3.09,0.0031,464,178
T-BulletDispenser-1x,9453,34.191,3.17,3.21,0.0032,464,178
T-BulletDispenser-1x,9454,34.195,3.00,2.97,0.0030,464,178
T-BulletDispenser-1x,9455,34.197,2.81,2.81,0.0028,464,178
T-BulletDispenser-1x,9456,34.200,3.09,3.09,0.0031,464,178
T-BulletDispenser-1x,9457,34.203,3.02,3.00,0.0030,464,178
T-BulletDispenser-1x,9458,34.207,3.12,3.11,0.0031,464,178
T-BulletDispenser-1x,9459,34.210,3.63,3.62,0.0036,464,178
T-BulletDispenser-1x,9460,34.213,2.73,2.76,0.0027,464,178
T-BulletDispenser-1x,9461,34.216,3.13,3.11,0.0031,464,178
T-BulletDispenser-1x,9462,34.219,2.89,2.89,0.0029,464,178
T-BulletDispenser-1x,9463,34.222,3.28,3.22,0.0033,464,178
T-BulletDispenser-1x,9464,34.225,3.16,3.19,0.0032,464,178
T-BulletDispenser-1x,9465,34.229,3.34,3.39,0.0033,464,178
T-BulletDispenser-1x,9466,34.232,3.24,3.21,0.0032,464,178
T-BulletDispenser-1x,9467,34.235,2.97,2.98,0.0030,464,178
T-BulletDispenser-1x,9468,34.238,3.25,3.22,0.0032,464,178
T-BulletDispenser-1x,9469,34.241,3.12,3.11,0.0031,464,178
T-BulletDispenser-1x,9470,34.245,3.53,3.58,0.0035,464,178
T-BulletDispenser-1x,9471,34.248,3.10,3.09,0.0031,464,178
T-BulletDispenser-1x,9472,34.251,3.01,3.02,0.0030,464,178
T-BulletDispenser-1x,9473,34.254,2.76,2.78,0.0028,464,178
T-BulletDispenser-1x,9474,34.257,3.16,3.12,0.0032,464,178
T-BulletDispenser-1x,9475,34.260,3.51,3.49,0.0035,464,178
T-BulletDispenser-1x,9476,34.264,3.58,3.59,0.0036,464,178
T-BulletDispenser-1x,9477,34.267,2.78,2.79,0.0028,464,178
T-BulletDispenser-1x,9478,34.270,3.13,3.10,0.0031,464,178
T-BulletDispenser-1x,9479,34.273,3.33,3.30,0.0033,464,178
T-BulletDispenser-1x,9480,34.276,3.28,3.31,0.0033,464,178
T-BulletDispenser-1x,9481,34.279,2.96,3.00,0.0030,464,178
T-BulletDispenser-1x,9482,34.283,3.22,3.19,0.0032,464,178
T-BulletDispenser-1x,9483,34.286,3.24,3.21,0.0032,464,178
T-BulletDispenser-1x,9484,34.289,2.94,2.98,0.0029,464,178
T-BulletDispenser-1x,9485,34.292,3.32,3.30,0.0033,464,178
T-BulletDispenser-1x,9486,34.295,3.19,3.19,0.0032,464,178
T-BulletDispenser-1x,9487,34.298,3.00,2.99,0.0030,464,178
T-BulletDispenser-1x,9488,34.302,3.22,3.20,0.0032,464,178
T-BulletDispenser-1x,9489,34.305,3.18,3.21,0.0032,464,178
T-BulletDispenser-1x,9490,34.308,2.78,2.79,0.0028,464,178
T-BulletDispenser-1x,9491,34.310,2.49,2.49,0.0025,464,178
T-BulletDispenser-1x,9492,34.313,3.28,3.22,0.0033,464,178
T-BulletDispenser-1x,9493,34.317,3.35,3.38,0.0034,464,178
T-BulletDispenser-1x,9494,34.320,3.19,3.20,0.0032,516,178
T-BulletDispenser-1x,9495,34.323,3.13,3.10,0.0031,464,178
T-BulletDispenser-1x,9496,34.326,2.95,2.99,0.0030,464,178
T-BulletDispenser-1x,9497,34.329,3.30,3.29,0.0033,464,178
T-BulletDispenser-1x,9498,34.333,3.36,3.31,0.0034,464,178
T-BulletDispenser-1x,9499,34.336,3.29,3.30,0.0033,464,178
T-BulletDispenser-1x,9500,34.339,3.40,3.38,0.0034,464,178
T-BulletDispenser-1x,9501,34.342,2.73,2.80,0.0027,464,178
T-BulletDispenser-1x,9502,34.345,2.63,2.59,0.0026,464,178
T-BulletDispenser-1x,9503,34.348,2.89,2.91,0.0029,464,178
T-BulletDispenser-1x,9504,34.351,3.13,3.10,0.0031,464,178
T-BulletDispenser-1x,9505,34.354,3.23,3.21,0.0032,464,178
T-BulletDispenser-1x,9506,34.357,3.19,3.19,0.0032,464,178
T-BulletDispenser-1x,9507,34.360,2.85,2.89,0.0029,464,178
T-BulletDispenser-1x,9508,34.364,3.86,3.80,0.0039,464,178
T-BulletDispenser-1x,9509,34.367,3.07,3.10,0.0031,464,178
T-BulletDispenser-1x,9510,34.370,3.53,3.51,0.0035,464,178
T-BulletDispenser-1x,9511,34.374,3.38,3.37,0.0034,464,178
T-BulletDispenser-1x,9512,34.377,3.18,3.20,0.0032,464,178
T-BulletDispenser-1x,9513,34.380,2.97,2.99,0.0030,464,178
T-BulletDispenser-1x,9514,34.383,2.68,2.69,0.0027,464,178
T-BulletDispenser-1x,9515,34.386,2.96,2.92,0.0030,464,178
T-BulletDispenser-1x,9516,34.389,3.07,3.09,0.0031,464,178
T-BulletDispenser-1x,9517,34.392,3.00,3.01,0.0030,464,178
T-BulletDispenser-1x,9518,34.395,3.35,3.31,0.0033,464,178
T-BulletDispenser-1x,9519,34.398,3.20,3.20,0.0032,464,178
T-BulletDispenser-1x,9520,34.401,2.93,2.89,0.0029,464,178
T-BulletDispenser-1x,9521,34.404,3.24,3.28,0.0032,464,178
T-BulletDispenser-1x,9522,34.408,3.49,3.49,0.0035,464,178
T-BulletDispenser-1x,9523,34.411,3.62,3.61,0.0036,464,178
T-BulletDispenser-1x,9524,34.415,3.11,3.09,0.0031,464,178
T-BulletDispenser-1x,9525,34.418,3.39,3.40,0.0034,464,178
T-BulletDispenser-1x,9526,34.421,3.40,3.40,0.0034,464,178
T-BulletDispenser-1x,9527,34.425,3.41,3.41,0.0034,464,178
T-BulletDispenser-1x,9528,34.428,3.29,3.29,0.0033,464,178
T-BulletDispenser-1x,9529,34.431,3.10,3.10,0.0031,464,178
T-BulletDispenser-1x,9530,34.434,2.96,2.98,0.0030,464,178
T-BulletDispenser-1x,9531,34.437,3.03,3.01,0.0030,464,178
T-BulletDispenser-1x,9532,34.441,3.31,3.31,0.0033,464,178
T-BulletDispenser-1x,9533,34.444,3.19,3.18,0.0032,464,178
T-BulletDispenser-1x,9534,34.447,3.09,3.12,0.0031,464,178
T-BulletDispenser-1x,9535,34.450,3.27,3.29,0.0033,464,178
T-BulletDispenser-1x,9536,34.453,2.85,2.81,0.0028,464,178
T-BulletDispenser-1x,9537,34.456,2.81,2.80,0.0028,464,178
T-BulletDispenser-1x,9538,34.459,3.36,3.39,0.0034,464,178
T-BulletDispenser-1x,9539,34.462,3.21,3.20,0.0032,464,178
T-BulletDispenser-1x,9540,34.466,3.41,3.40,0.0034,464,178
T-BulletDispenser-1x,9541,34.469,3.11,3.11,0.0031,464,178
T-BulletDispenser-1x,9542,34.472,3.07,3.09,0.0031,464,178
T-BulletDispenser-1x,9543,34.475,2.98,2.99,0.0030,464,178
T-BulletDispenser-1x,9544,34.478,3.32,3.30,0.0033,464,178
T-BulletDispenser-1x,9545,34.482,3.42,3.41,0.0034,464,178
T-BulletDispenser-1x,9546,34.484,2.77,2.78,0.0028,464,178
T-BulletDispenser-1x,9547,34.488,3.44,3.41,0.0034,464,178
T-BulletDispenser-1x,9548,34.491,3.42,3.40,0.0034,464,178
T-BulletDispenser-1x,9549,34.494,3.22,3.19,0.0032,464,178
T-BulletDispenser-1x,9550,34.498,3.16,3.20,0.0032,464,178
T-BulletDispenser-1x,9551,34.501,3.72,3.71,0.0037,464,178
T-BulletDispenser-1x,9552,34.504,3.03,3.09,0.0030,464,178
T-BulletDispenser-1x,9553,34.507,3.15,3.12,0.0032,464,178
T-BulletDispenser-1x,9554,34.510,2.99,2.99,0.0030,464,178
T-BulletDispenser-1x,9555,34.513,2.65,2.69,0.0026,464,178
T-BulletDispenser-1x,9556,34.516,2.70,2.61,0.0027,464,178
T-BulletDispenser-1x,9557,34.519,3.37,3.39,0.0034,464,178
T-BulletDispenser-1x,9558,34.522,3.06,3.10,0.0031,516,178
T-BulletDispenser-1x,9559,34.526,3.40,3.39,0.0034,464,178
T-BulletDispenser-1x,9560,34.529,3.71,3.68,0.0037,464,178
T-BulletDispenser-1x,9561,34.532,2.99,3.01,0.0030,464,178
T-BulletDispenser-1x,9562,34.536,3.38,3.33,0.0034,464,178
T-BulletDispenser-1x,9563,34.539,3.75,3.78,0.0037,464,178
T-BulletDispenser-1x,9564,34.543,3.52,3.51,0.0035,464,178
T-BulletDispenser-1x,9565,34.546,3.03,3.00,0.0030,464,178
T-BulletDispenser-1x,9566,34.549,3.25,3.28,0.0033,464,178
T-BulletDispenser-1x,9567,34.552,2.98,3.00,0.0030,464,178
T-BulletDispenser-1x,9568,34.555,2.75,2.78,0.0028,464,178
T-BulletDispenser-1x,9569,34.558,3.16,3.12,0.0032,464,178
T-BulletDispenser-1x,9570,34.562,3.49,3.49,0.0035,464,178
T-BulletDispenser-1x,9571,34.565,3.20,3.20,0.0032,464,178
T-BulletDispenser-1x,9572,34.568,3.31,3.28,0.0033,464,178
T-BulletDispenser-1x,9573,34.571,3.07,3.11,0.0031,464,178
T-BulletDispenser-1x,9574,34.574,2.96,2.90,0.0030,464,178
T-BulletDispenser-1x,9575,34.577,2.73,2.79,0.0027,464,178
T-BulletDispenser-1x,9576,34.580,3.01,3.01,0.0030,464,178
T-BulletDispenser-1x,9577,34.583,3.13,3.10,0.0031,464,178
T-BulletDispenser-1x,9578,34.586,3.01,3.00,0.0030,464,178
T-BulletDispenser-1x,9579,34.589,3.07,3.08,0.0031,464,178
T-BulletDispenser-1x,9580,34.592,3.10,3.11,0.0031,464,178
T-BulletDispenser-1x,9581,34.595,2.67,2.68,0.0027,464,178
T-BulletDispenser-1x,9582,34.598,3.17,3.11,0.0032,464,178
T-BulletDispenser-1x,9583,34.602,3.57,3.59,0.0036,464,178
T-BulletDispenser-1x,9584,34.605,2.90,2.92,0.0029,464,178
T-BulletDispenser-1x,9585,34.608,3.28,3.27,0.0033,464,178
T-BulletDispenser-1x,9586,34.611,3.14,3.10,0.0031,464,178
T-BulletDispenser-1x,9587,34.614,3.17,3.19,0.0032,464,178
T-BulletDispenser-1x,9588,34.618,3.42,3.41,0.0034,464,178
T-BulletDispenser-1x,9589,34.621,3.31,3.30,0.0033,464,178
T-BulletDispenser-1x,9590,34.624,3.28,3.29,0.0033,464,178
T-BulletDispenser-1x,9591,34.627,3.02,3.00,0.0030,464,178
T-BulletDispenser-1x,9592,34.630,2.96,2.99,0.0030,464,178
T-BulletDispenser-1x,9593,34.633,2.81,2.79,0.0028,464,178
T-BulletDispenser-1x,9594,34.636,2.97,2.98,0.0030,464,178
T-BulletDispenser-1x,9595,34.639,3.26,3.22,0.0033,464,178
T-BulletDispenser-1x,9596,34.642,3.19,3.20,0.0032,464,178
T-BulletDispenser-1x,9597,34.646,3.25,3.28,0.0033,464,178
T-BulletDispenser-1x,9598,34.648,2.66,2.61,0.0027,464,178
T-BulletDispenser-1x,9599,34.651,2.72,2.78,0.0027,464,178
T-BulletDispenser-1x,9600,34.654,2.84,2.80,0.0028,464,178
T-BulletDispenser-1x,9601,34.657,3.27,3.21,0.0033,464,178
T-BulletDispenser-1x,9602,34.660,3.34,3.40,0.0033,464,178
T-BulletDispenser-1x,9603,34.663,2.67,2.71,0.0027,464,178
T-BulletDispenser-1x,9604,34.666,3.14,3.09,0.0031,464,178
T-BulletDispenser-1x,9605,34.669,2.97,3.00,0.0030,464,178
T-BulletDispenser-1x,9606,34.672,2.95,2.90,0.0030,464,178
T-BulletDispenser-1x,9607,34.675,3.05,3.09,0.0030,464,178
T-BulletDispenser-1x,9608,34.678,3.13,3.11,0.0031,464,178
T-BulletDispenser-1x,9609,34.681,3.07,3.09,0.0031,464,178
T-BulletDispenser-1x,9610,34.685,3.30,3.30,0.0033,464,178
T-BulletDispenser-1x,9611,34.688,2.94,2.93,0.0029,464,178
T-BulletDispenser-1x,9612,34.691,3.15,3.19,0.0032,464,178
T-BulletDispenser-1x,9613,34.694,2.92,2.89,0.0029,464,178
T-BulletDispenser-1x,9614,34.697,2.98,3.00,0.0030,464,178
T-BulletDispenser-1x,9615,34.700,2.89,2.89,0.0029,464,178
T-BulletDispenser-1x,9616,34.702,2.75,2.71,0.0027,464,178
T-BulletDispenser-1x,9617,34.705,2.98,3.00,0.0030,464,178
T-BulletDispenser-1x,9618,34.708,3.10,3.10,0.0031,464,178
T-BulletDispenser-1x,9619,34.712,3.02,3.00,0.0030,464,178
T-BulletDispenser-1x,9620,34.715,3.19,3.20,0.0032,464,178
T-BulletDispenser-1x,9621,34.718,3.33,3.30,0.0033,464,178
T-BulletDispenser-1x,9622,34.721,2.96,2.98,0.0030,464,178
T-BulletDispenser-1x,9623,34.724,2.90,2.90,0.0029,516,178
T-BulletDispenser-1x,9624,34.726,2.37,2.40,0.0024,464,178
T-BulletDispenser-1x,9625,34.729,2.96,2.93,0.0030,464,178
T-BulletDispenser-1x,9626,34.732,2.88,2.88,0.0029,464,178
T-BulletDispenser-1x,9627,34.735,3.31,3.30,0.0033,464,178
T-BulletDispenser-1x,9628,34.738,2.96,2.99,0.0030,464,178
T-BulletDispenser-1x,9629,34.741,3.09,3.09,0.0031,464,178
T-BulletDispenser-1x,9630,34.745,3.13,3.11,0.0031,464,178
T-BulletDispenser-1x,9631,34.747,2.87,2.89,0.0029,464,178
T-BulletDispenser-1x,9632,34.750,2.69,2.69,0.0027,464,178
T-BulletDispenser-1x,9633,34.753,3.26,3.21,0.0033,464,178
T-BulletDispenser-1x,9634,34.757,3.19,3.19,0.0032,464,178
T-BulletDispenser-1x,9635,34.760,3.24,3.22,0.0032,464,178
T-BulletDispenser-1x,9636,34.763,2.82,2.87,0.0028,464,178
T-BulletDispenser-1x,9637,34.766,2.92,2.90,0.0029,464,178
T-BulletDispenser-1x,9638,34.768,2.78,2.80,0.0028,464,178
T-BulletDispenser-1x,9639,34.771,2.80,2.80,0.0028,464,178
T-BulletDispenser-1x,9640,34.774,2.87,2.81,0.0029,464,178
T-BulletDispenser-1x,9641,34.777,2.96,2.98,0.0030,464,178
T-BulletDispenser-1x,9642,34.780,2.99,3.01,0.0030,464,178
T-BulletDispenser-1x,9643,34.783,2.92,2.90,0.0029,464,178
T-BulletDispenser-1x,9644,34.786,2.80,2.80,0.0028,464,178
T-BulletDispenser-1x,9645,34.789,3.07,3.08,0.0031,464,178
T-BulletDispenser-1x,9646,34.792,3.01,3.01,0.0030,464,178
T-BulletDispenser-1x,9647,34.795,3.02,2.99,0.0030,464,178
T-BulletDispenser-1x,9648,34.798,3.34,3.32,0.0033,464,178
T-BulletDispenser-1x,9649,34.802,3.49,3.49,0.0035,464,178
T-BulletDispenser-1x,9650,34.804,2.93,2.98,0.0029,464,178
T-BulletDispenser-1x,9651,34.808,3.02,2.99,0.0030,464,178
T-BulletDispenser-1x,9652,34.811,3.12,3.11,0.0031,464,178
T-BulletDispenser-1x,9653,34.813,2.65,2.68,0.0027,464,178
T-BulletDispenser-1x,9654,34.816,2.64,2.60,0.0026,464,178
T-BulletDispenser-1x,9655,34.819,3.10,3.11,0.0031,464,178
T-BulletDispenser-1x,9656,34.822,3.21,3.20,0.0032,464,178
T-BulletDispenser-1x,9657,34.825,2.75,2.79,0.0027,464,178
T-BulletDispenser-1x,9658,34.828,2.94,2.91,0.0029,464,178
T-BulletDispenser-1x,9659,34.831,2.76,2.78,0.0028,464,178
T-BulletDispenser-1x,9660,34.834,2.83,2.82,0.0028,464,178
T-BulletDispenser-1x,9661,34.836,2.67,2.60,0.0027,464,178
T-BulletDispenser-1x,9662,34.839,2.71,2.78,0.0027,464,178
T-BulletDispenser-1x,9663,34.842,2.93,2.92,0.0029,464,178
T-BulletDispenser-1x,9664,34.845,3.04,3.00,0.0030,464,178
T-BulletDispenser-1x,9665,34.848,3.44,3.48,0.0034,464,178
T-BulletDispenser-1x,9666,34.852,3.55,3.51,0.0036,464,178
T-BulletDispenser-1x,9667,34.855,2.92,2.97,0.0029,464,178
T-BulletDispenser-1x,9668,34.858,3.28,3.23,0.0033,464,178
T-BulletDispenser-1x,9669,34.862,3.43,3.39,0.0034,464,178
T-BulletDispenser-1x,9670,34.865,3.04,3.09,0.0030,464,178
T-BulletDispenser-1x,9671,34.868,3.19,3.10,0.0032,464,178
T-BulletDispenser-1x,9672,34.871,3.43,3.49,0.0034,464,178
T-BulletDispenser-1x,9673,34.875,3.50,3.50,0.0035,464,178
T-BulletDispenser-1x,9674,34.878,2.90,2.90,0.0029,464,178
T-BulletDispenser-1x,9675,34.881,3.14,3.10,0.0031,464,178
T-BulletDispenser-1x,9676,34.884,2.95,2.99,0.0030,464,178
T-BulletDispenser-1x,9677,34.887,2.89,2.89,0.0029,464,178
T-BulletDispenser-1x,9678,34.889,2.58,2.60,0.0026,464,178
T-BulletDispenser-1x,9679,34.892,3.02,2.99,0.0030,464,178
T-BulletDispenser-1x,9680,34.896,3.43,3.41,0.0034,464,178
T-BulletDispenser-1x,9681,34.899,3.32,3.32,0.0033,464,178
T-BulletDispenser-1x,9682,34.902,3.26,3.26,0.0033,464,178
T-BulletDispenser-1x,9683,34.905,2.66,2.71,0.0027,464,178
T-BulletDispenser-1x,9684,34.908,2.84,2.79,0.0028,464,178
T-BulletDispenser-1x,9685,34.911,3.21,3.21,0.0032,464,178
T-BulletDispenser-1x,9686,34.914,3.12,3.11,0.0031,464,178
T-BulletDispenser-1x,9687,34.917,2.85,2.88,0.0028,464,178
T-BulletDispenser-1x,9688,34.920,3.23,3.21,0.0032,464,178
T-BulletDispenser-1x,9689,34.923,2.98,2.98,0.0030,464,178
T-BulletDispenser-1x,9690,34.926,2.57,2.60,0.0026,516,178
T-BulletDispenser-1x,9691,34.928,2.69,2.61,0.0027,464,178
T-BulletDispenser-1x,9692,34.932,3.25,3.29,0.0032,464,178
T-BulletDispenser-1x,9693,34.935,2.99,2.99,0.0030,464,178
T-BulletDispenser-1x,9694,34.937,2.99,3.02,0.0030,464,178
T-BulletDispenser-1x,9695,34.941,3.11,3.09,0.0031,464,178
T-BulletDispenser-1x,9696,34.943,2.67,2.69,0.0027,464,178
T-BulletDispenser-1x,9697,34.946,2.70,2.70,0.0027,464,178
T-BulletDispenser-1x,9698,34.949,2.64,2.61,0.0026,464,178
T-BulletDispenser-1x,9699,34.952,3.13,3.10,0.0031,464,178
T-BulletDispenser-1x,9700,34.955,2.98,2.99,0.0030,464,178
T-BulletDispenser-1x,9701,34.958,2.90,2.89,0.0029,464,178
T-BulletDispenser-1x,9702,34.961,3.21,3.21,0.0032,464,178
T-BulletDispenser-1x,9703,34.965,3.73,3.70,0.0037,464,178
T-BulletDispenser-1x,9704,34.968,3.03,3.08,0.0030,464,178
T-BulletDispenser-1x,9705,34.971,3.45,3.42,0.0034,464,178
T-BulletDispenser-1x,9706,34.974,3.14,3.12,0.0031,464,178
T-BulletDispenser-1x,9707,34.977,3.05,3.07,0.0031,464,178
T-BulletDispenser-1x,9708,34.981,3.28,3.29,0.0033,464,178
T-BulletDispenser-1x,9709,34.984,3.12,3.11,0.0031,464,178
T-BulletDispenser-1x,9710,34.987,3.08,3.10,0.0031,464,178
T-BulletDispenser-1x,9711,34.990,2.81,2.78,0.0028,464,178
T-BulletDispenser-1x,9712,34.992,2.91,2.92,0.0029,464,178
T-BulletDispenser-1x,9713,34.995,2.77,2.78,0.0028,464,178
T-BulletDispenser-1x,9714,34.998,2.89,2.88,0.0029,464,178
T-BulletDispenser-1x,9715,35.001,3.07,3.03,0.0031,464,178
T-BulletDispenser-1x,9716,35.004,3.02,3.08,0.0030,464,178
T-BulletDispenser-1x,9717,35.007,3.13,3.09,0.0031,464,178
T-BulletDispenser-1x,9718,35.010,2.78,2.82,0.0028,464,178
T-BulletDispenser-1x,9719,35.013,2.66,2.68,0.0027,464,178
T-BulletDispenser-1x,9720,35.015,2.52,2.49,0.0025,464,178
T-BulletDispenser-1x,9721,35.018,2.82,2.82,0.0028,464,178
T-BulletDispenser-1x,9722,35.021,3.13,3.10,0.0031,464,178
T-BulletDispenser-1x,9723,35.024,3.17,3.19,0.0032,464,178
T-BulletDispenser-1x,9724,35.028,3.10,3.09,0.0031,464,178
T-BulletDispenser-1x,9725,35.030,2.56,2.59,0.0026,464,178
T-BulletDispenser-1x,9726,35.033,3.07,3.02,0.0031,464,178
T-BulletDispenser-1x,9727,35.037,3.49,3.49,0.0035,464,178
T-BulletDispenser-1x,9728,35.040,3.23,3.21,0.0032,464,178
T-BulletDispenser-1x,9729,35.043,2.73,2.79,0.0027,464,178
T-BulletDispenser-1x,9730,35.046,3.25,3.20,0.0033,464,178
T-BulletDispenser-1x,9731,35.049,3.18,3.21,0.0032,464,178
T-BulletDispenser-1x,9732,35.051,2.45,2.47,0.0024,464,178
T-BulletDispenser-1x,9733,35.054,2.98,2.92,0.0030,464,178
T-BulletDispenser-1x,9734,35.058,3.28,3.29,0.0033,464,178
T-BulletDispenser-1x,9735,35.061,3.10,3.10,0.0031,464,178
T-BulletDispenser-1x,9736,35.063,2.58,2.60,0.0026,464,178
T-BulletDispenser-1x,9737,35.067,3.24,3.20,0.0032,464,178
T-BulletDispenser-1x,9738,35.070,2.88,2.90,0.0029,464,178
T-BulletDispenser-1x,9739,35.072,2.35,2.37,0.0023,464,178
T-BulletDispenser-1x,9740,35.075,2.75,2.71,0.0027,464,178
T-BulletDispenser-1x,9741,35.078,3.06,3.10,0.0031,464,178
T-BulletDispenser-1x,9742,35.081,2.94,2.90,0.0029,464,178
T-BulletDispenser-1x,9743,35.084,3.10,3.09,0.0031,464,178
T-BulletDispenser-1x,9744,35.087,3.32,3.31,0.0033,464,178
T-BulletDispenser-1x,9745,35.090,3.16,3.09,0.0032,464,178
T-BulletDispenser-1x,9746,35.093,3.13,3.19,0.0031,464,178
T-BulletDispenser-1x,9747,35.096,3.01,2.99,0.0030,464,178
T-BulletDispenser-1x,9748,35.100,3.69,3.69,0.0037,464,178
T-BulletDispenser-1x,9749,35.103,3.31,3.31,0.0033,464,178
T-BulletDispenser-1x,9750,35.107,3.21,3.20,0.0032,464,178
T-BulletDispenser-1x,9751,35.109,2.75,2.79,0.0028,464,178
T-BulletDispenser-1x,9752,35.112,3.14,3.10,0.0031,464,178
T-BulletDispenser-1x,9753,35.115,2.87,2.88,0.0029,464,178
T-BulletDispenser-1x,9754,35.118,2.83,2.81,0.0028,464,178
T-BulletDispenser-1x,9755,35.121,3.03,3.02,0.0030,464,178
T-BulletDispenser-1x,9756,35.124,3.28,3.28,0.0033,464,178
T-BulletDispenser-1x,9757,35.127,2.97,2.97,0.0030,516,178
T-BulletDispenser-1x,9758,35.130,2.57,2.60,0.0026,464,178
T-BulletDispenser-1x,9759,35.133,2.74,2.70,0.0027,464,178
T-BulletDispenser-1x,9760,35.136,3.03,3.01,0.0030,464,178
T-BulletDispenser-1x,9761,35.139,2.88,2.89,0.0029,464,178
T-BulletDispenser-1x,9762,35.142,3.00,2.98,0.0030,464,178
T-BulletDispenser-1x,9763,35.145,3.21,3.20,0.0032,464,178
T-BulletDispenser-1x,9764,35.148,2.81,2.80,0.0028,464,178
T-BulletDispenser-1x,9765,35.150,2.66,2.69,0.0027,464,178
T-BulletDispenser-1x,9766,35.154,3.24,3.19,0.0032,464,178
T-BulletDispenser-1x,9767,35.157,3.10,3.11,0.0031,464,178
T-BulletDispenser-1x,9768,35.159,2.66,2.69,0.0027,464,178
T-BulletDispenser-1x,9769,35.162,3.16,3.11,0.0032,464,178
T-BulletDispenser-1x,9770,35.166,3.18,3.19,0.0032,464,178
T-BulletDispenser-1x,9771,35.168,2.46,2.49,0.0025,464,178
T-BulletDispenser-1x,9772,35.171,2.82,2.79,0.0028,464,178
T-BulletDispenser-1x,9773,35.174,2.82,2.82,0.0028,464,178
T-BulletDispenser-1x,9774,35.177,3.19,3.19,0.0032,464,178
T-BulletDispenser-1x,9775,35.180,3.01,3.01,0.0030,464,178
T-BulletDispenser-1x,9776,35.183,3.10,3.09,0.0031,464,178
T-BulletDispenser-1x,9777,35.186,3.10,3.12,0.0031,464,178
T-BulletDispenser-1x,9778,35.189,2.44,2.47,0.0024,464,178
T-BulletDispenser-1x,9779,35.191,2.88,2.82,0.0029,464,178
T-BulletDispenser-1x,9780,35.195,3.28,3.29,0.0033,464,178
T-BulletDispenser-1x,9781,35.198,3.34,3.30,0.0033,464,178
T-BulletDispenser-1x,9782,35.201,2.93,2.99,0.0029,464,178
T-BulletDispenser-1x,9783,35.204,3.35,3.30,0.0033,464,178
T-BulletDispenser-1x,9784,35.207,3.08,3.08,0.0031,464,178
T-BulletDispenser-1x,9785,35.211,3.30,3.31,0.0033,464,178
T-BulletDispenser-1x,9786,35.214,3.02,3.01,0.0030,464,178
T-BulletDispenser-1x,9787,35.217,3.40,3.41,0.0034,464,178
T-BulletDispenser-1x,9788,35.220,3.07,3.08,0.0031,464,178
T-BulletDispenser-1x,9789,35.223,2.70,2.68,0.0027,464,178
T-BulletDispenser-1x,9790,35.226,2.99,3.00,0.0030,464,178
T-BulletDispenser-1x,9791,35.229,3.31,3.30,0.0033,464,178
T-BulletDispenser-1x,9792,35.232,3.19,3.20,0.0032,464,178
T-BulletDispenser-1x,9793,35.236,3.24,3.21,0.0032,464,178
T-BulletDispenser-1x,9794,35.239,2.91,2.90,0.0029,464,178
T-BulletDispenser-1x,9795,35.241,2.94,2.99,0.0029,464,178
T-BulletDispenser-1x,9796,35.244,2.74,2.70,0.0027,464,178
T-BulletDispenser-1x,9797,35.247,3.10,3.08,0.0031,464,178
T-BulletDispenser-1x,9798,35.251,3.30,3.32,0.0033,464,178
T-BulletDispenser-1x,9799,35.254,3.28,3.28,0.0033,464,178
T-BulletDispenser-1x,9800,35.257,3.19,3.20,0.0032,464,178
T-BulletDispenser-1x,9801,35.260,2.99,2.91,0.0030,464,178
T-BulletDispenser-1x,9802,35.263,2.90,2.98,0.0029,464,178
T-BulletDispenser-1x,9803,35.266,2.71,2.70,0.0027,464,178
T-BulletDispenser-1x,9804,35.269,2.92,2.91,0.0029,464,178
T-BulletDispenser-1x,9805,35.272,3.01,3.00,0.0030,464,178
T-BulletDispenser-1x,9806,35.275,2.96,2.99,0.0030,464,178
T-BulletDispenser-1x,9807,35.277,2.74,2.70,0.0027,464,178
T-BulletDispenser-1x,9808,35.280,2.66,2.68,0.0027,464,178
T-BulletDispenser-1x,9809,35.283,2.61,2.60,0.0026,464,178
T-BulletDispenser-1x,9810,35.285,2.40,2.41,0.0024,464,178
T-BulletDispenser-1x,9811,35.288,2.82,2.79,0.0028,464,178
T-BulletDispenser-1x,9812,35.291,3.01,2.96,0.0030,464,178
T-BulletDispenser-1x,9813,35.294,3.32,3.34,0.0033,464,178
T-BulletDispenser-1x,9814,35.297,3.09,3.08,0.0031,464,178
T-BulletDispenser-1x,9815,35.300,3.07,3.11,0.0031,464,178
T-BulletDispenser-1x,9816,35.303,2.78,2.79,0.0028,464,178
T-BulletDispenser-1x,9817,35.306,2.72,2.70,0.0027,464,178
T-BulletDispenser-1x,9818,35.309,2.80,2.80,0.0028,464,178
T-BulletDispenser-1x,9819,35.312,3.13,3.09,0.0031,464,178
T-BulletDispenser-1x,9820,35.315,3.08,3.09,0.0031,464,178
T-BulletDispenser-1x,9821,35.318,2.71,2.71,0.0027,464,178
T-BulletDispenser-1x,9822,35.321,3.24,3.22,0.0032,464,178
T-BulletDispenser-1x,9823,35.324,3.19,3.18,0.0032,464,178
T-BulletDispenser-1x,9824,35.327,3.37,3.39,0.0034,464,178
T-BulletDispenser-1x,9825,35.330,2.89,2.91,0.0029,516,178
T-BulletDispenser-1x,9826,35.333,3.12,3.09,0.0031,464,178
T-BulletDispenser-1x,9827,35.337,3.19,3.20,0.0032,464,178
T-BulletDispenser-1x,9828,35.339,2.57,2.59,0.0026,464,178
T-BulletDispenser-1x,9829,35.342,3.02,3.00,0.0030,464,178
T-BulletDispenser-1x,9830,35.346,3.43,3.42,0.0034,464,178
T-BulletDispenser-1x,9831,35.349,3.16,3.18,0.0032,464,178
T-BulletDispenser-1x,9832,35.352,3.24,3.21,0.0032,464,178
T-BulletDispenser-1x,9833,35.355,2.96,2.98,0.0030,464,178
T-BulletDispenser-1x,9834,35.358,3.00,3.01,0.0030,464,178
T-BulletDispenser-1x,9835,35.360,2.52,2.50,0.0025,464,178
T-BulletDispenser-1x,9836,35.363,2.88,2.89,0.0029,464,178
T-BulletDispenser-1x,9837,35.366,3.05,3.01,0.0030,464,178
T-BulletDispenser-1x,9838,35.369,3.00,3.01,0.0030,464,178
T-BulletDispenser-1x,9839,35.373,3.19,3.18,0.0032,464,178
T-BulletDispenser-1x,9840,35.376,3.00,3.02,0.0030,464,178
T-BulletDispenser-1x,9841,35.379,3.79,3.78,0.0038,464,178
T-BulletDispenser-1x,9842,35.382,2.81,2.81,0.0028,464,178
T-BulletDispenser-1x,9843,35.385,3.18,3.18,0.0032,464,178
T-BulletDispenser-1x,9844,35.389,3.31,3.30,0.0033,464,178
T-BulletDispenser-1x,9845,35.392,3.00,3.01,0.0030,464,178
T-BulletDispenser-1x,9846,35.395,3.20,3.20,0.0032,464,178
T-BulletDispenser-1x,9847,35.398,2.69,2.68,0.0027,464,178
T-BulletDispenser-1x,9848,35.401,3.33,3.32,0.0033,464,178
T-BulletDispenser-1x,9849,35.404,3.29,3.29,0.0033,464,178
T-BulletDispenser-1x,9850,35.407,3.21,3.19,0.0032,464,178
T-BulletDispenser-1x,9851,35.411,3.17,3.19,0.0032,464,178
T-BulletDispenser-1x,9852,35.413,2.99,3.00,0.0030,464,178
T-BulletDispenser-1x,9853,35.417,3.11,3.11,0.0031,464,178
T-BulletDispenser-1x,9854,35.419,2.76,2.72,0.0028,464,178
T-BulletDispenser-1x,9855,35.423,3.25,3.16,0.0032,464,178
T-BulletDispenser-1x,9856,35.426,3.02,3.12,0.0030,464,178
T-BulletDispenser-1x,9857,35.429,3.69,3.67,0.0037,464,178
T-BulletDispenser-1x,9858,35.433,3.29,3.31,0.0033,464,178
T-BulletDispenser-1x,9859,35.435,2.58,2.60,0.0026,464,178
T-BulletDispenser-1x,9860,35.438,2.90,2.88,0.0029,464,178
T-BulletDispenser-1x,9861,35.441,3.01,3.01,0.0030,464,178
T-BulletDispenser-1x,9862,35.444,3.12,3.11,0.0031,464,178
T-BulletDispenser-1x,9863,35.447,2.90,2.89,0.0029,464,178
T-BulletDispenser-1x,9864,35.450,3.28,3.31,0.0033,464,178
T-BulletDispenser-1x,9865,35.454,3.14,3.09,0.0031,464,178
T-BulletDispenser-1x,9866,35.457,3.19,3.20,0.0032,464,178
T-BulletDispenser-1x,9867,35.459,2.67,2.69,0.0027,464,178
T-BulletDispenser-1x,9868,35.463,3.11,3.09,0.0031,464,178
T-BulletDispenser-1x,9869,35.465,2.90,2.91,0.0029,464,178
T-BulletDispenser-1x,9870,35.468,3.05,3.02,0.0030,464,178
T-BulletDispenser-1x,9871,35.471,2.95,2.97,0.0030,464,178
T-BulletDispenser-1x,9872,35.475,3.20,3.21,0.0032,464,178
T-BulletDispenser-1x,9873,35.478,3.12,3.09,0.0031,464,178
T-BulletDispenser-1x,9874,35.480,2.75,2.80,0.0027,464,178
T-BulletDispenser-1x,9875,35.484,3.17,3.11,0.0032,464,178
T-BulletDispenser-1x,9876,35.487,3.27,3.28,0.0033,464,178
T-BulletDispenser-1x,9877,35.490,3.23,3.20,0.0032,464,178
T-BulletDispenser-1x,9878,35.494,3.34,3.31,0.0033,464,178
T-BulletDispenser-1x,9879,35.497,3.13,3.19,0.0031,464,178
T-BulletDispenser-1x,9880,35.499,2.88,2.89,0.0029,464,178
T-BulletDispenser-1x,9881,35.502,2.50,2.50,0.0025,464,178
T-BulletDispenser-1x,9882,35.505,3.25,3.22,0.0032,464,178
T-BulletDispenser-1x,9883,35.508,3.17,3.19,0.0032,464,178
T-BulletDispenser-1x,9884,35.512,3.30,3.29,0.0033,464,178
T-BulletDispenser-1x,9885,35.515,3.13,3.12,0.0031,464,178
T-BulletDispenser-1x,9886,35.518,3.18,3.17,0.0032,464,178
T-BulletDispenser-1x,9887,35.521,3.12,3.12,0.0031,464,178
T-BulletDispenser-1x,9888,35.524,2.77,2.77,0.0028,464,178
T-BulletDispenser-1x,9889,35.527,3.06,3.02,0.0031,464,178
T-BulletDispenser-1x,9890,35.530,2.96,2.99,0.0030,464,178
T-BulletDispenser-1x,9891,35.533,3.19,3.19,0.0032,516,178
T-BulletDispenser-1x,9892,35.536,3.21,3.21,0.0032,464,178
T-BulletDispenser-1x,9893,35.539,2.76,2.77,0.0028,464,178
T-BulletDispenser-1x,9894,35.542,2.80,2.80,0.0028,464,178
T-BulletDispenser-1x,9895,35.545,2.74,2.72,0.0027,464,178
T-BulletDispenser-1x,9896,35.548,3.27,3.21,0.0033,464,178
T-BulletDispenser-1x,9897,35.551,3.03,3.09,0.0030,464,178
T-BulletDispenser-1x,9898,35.554,2.93,2.89,0.0029,464,178
T-BulletDispenser-1x,9899,35.557,3.29,3.31,0.0033,464,178
T-BulletDispenser-1x,9900,35.560,2.99,2.99,0.0030,464,178
T-BulletDispenser-1x,9901,35.563,3.19,3.20,0.0032,464,178
T-BulletDispenser-1x,9902,35.567,3.39,3.39,0.0034,464,178
T-BulletDispenser-1x,9903,35.570,3.41,3.39,0.0034,464,178
T-BulletDispenser-1x,9904,35.573,3.08,3.11,0.0031,464,178
T-BulletDispenser-1x,9905,35.576,2.70,2.68,0.0027,464,178
T-BulletDispenser-1x,9906,35.579,3.39,3.40,0.0034,464,178
T-BulletDispenser-1x,9907,35.582,3.15,3.13,0.0032,464,178
T-BulletDispenser-1x,9908,35.586,3.16,3.17,0.0032,464,178
T-BulletDispenser-1x,9909,35.588,2.80,2.80,0.0028,464,178
T-BulletDispenser-1x,9910,35.591,2.87,2.90,0.0029,464,178
T-BulletDispenser-1x,9911,35.594,2.82,2.80,0.0028,464,178
T-BulletDispenser-1x,9912,35.597,3.02,3.00,0.0030,464,178
T-BulletDispenser-1x,9913,35.600,2.88,2.90,0.0029,464,178
T-BulletDispenser-1x,9914,35.603,2.71,2.69,0.0027,464,178
T-BulletDispenser-1x,9915,35.606,3.20,3.20,0.0032,464,178
T-BulletDispenser-1x,9916,35.609,3.03,3.00,0.0030,464,178
T-BulletDispenser-1x,9917,35.612,3.15,3.19,0.0031,464,178
T-BulletDispenser-1x,9918,35.615,2.94,2.91,0.0029,464,178
T-BulletDispenser-1x,9919,35.618,2.87,2.90,0.0029,464,178
T-BulletDispenser-1x,9920,35.621,2.80,2.80,0.0028,464,178
T-BulletDispenser-1x,9921,35.624,2.83,2.80,0.0028,464,178
T-BulletDispenser-1x,9922,35.627,3.36,3.30,0.0034,464,178
T-BulletDispenser-1x,9923,35.630,2.70,2.78,0.0027,464,178
T-BulletDispenser-1x,9924,35.633,3.05,3.01,0.0031,464,178
T-BulletDispenser-1x,9925,35.635,2.68,2.69,0.0027,464,178
T-BulletDispenser-1x,9926,35.638,2.57,2.61,0.0026,464,178
T-BulletDispenser-1x,9927,35.641,3.05,2.99,0.0030,464,178
T-BulletDispenser-1x,9928,35.644,3.08,3.10,0.0031,464,178
T-BulletDispenser-1x,9929,35.647,2.57,2.60,0.0026,464,178
T-BulletDispenser-1x,9930,35.650,3.13,3.10,0.0031,464,178
T-BulletDispenser-1x,9931,35.653,2.87,2.82,0.0029,464,178
T-BulletDispenser-1x,9932,35.655,2.38,2.47,0.0024,464,178
T-BulletDispenser-1x,9933,35.658,2.56,2.51,0.0026,464,178
T-BulletDispenser-1x,9934,35.660,2.70,2.70,0.0027,464,178
T-BulletDispenser-1x,9935,35.663,2.88,2.90,0.0029,464,178
T-BulletDispenser-1x,9936,35.666,2.92,2.90,0.0029,464,178
T-BulletDispenser-1x,9937,35.669,3.11,3.09,0.0031,464,178
T-BulletDispenser-1x,9938,35.672,3.32,3.32,0.0033,464,178
T-BulletDispenser-1x,9939,35.675,2.87,2.88,0.0029,464,178
T-BulletDispenser-1x,9940,35.678,3.03,3.01,0.0030,464,178
T-BulletDispenser-1x,9941,35.682,3.31,3.30,0.0033,464,178
T-BulletDispenser-1x,9942,35.685,3.21,3.19,0.0032,464,178
T-BulletDispenser-1x,9943,35.688,3.20,3.20,0.0032,464,178
T-BulletDispenser-1x,9944,35.692,3.56,3.59,0.0036,464,178
T-BulletDispenser-1x,9945,35.695,3.30,3.29,0.0033,464,178
T-BulletDispenser-1x,9946,35.698,2.77,2.81,0.0028,464,178
T-BulletDispenser-1x,9947,35.700,2.69,2.70,0.0027,464,178
T-BulletDispenser-1x,9948,35.703,2.51,2.49,0.0025,464,178
T-BulletDispenser-1x,9949,35.706,2.69,2.69,0.0027,464,178
T-BulletDispenser-1x,9950,35.709,3.03,3.00,0.0030,464,178
T-BulletDispenser-1x,9951,35.712,3.30,3.29,0.0033,464,178
T-BulletDispenser-1x,9952,35.715,3.20,3.21,0.0032,464,178
T-BulletDispenser-1x,9953,35.718,2.55,2.59,0.0025,464,178
T-BulletDispenser-1x,9954,35.721,2.96,2.91,0.0030,464,178
T-BulletDispenser-1x,9955,35.724,3.15,3.11,0.0032,464,178
T-BulletDispenser-1x,9956,35.727,3.25,3.28,0.0033,464,178
T-BulletDispenser-1x,9957,35.730,2.65,2.69,0.0026,464,178
T-BulletDispenser-1x,9958,35.733,3.16,3.13,0.0032,464,178
T-BulletDispenser-1x,9959,35.736,2.87,2.89,0.0029,516,178
T-BulletDispenser-1x,9960,35.738,2.46,2.49,0.0025,464,178
T-BulletDispenser-1x,9961,35.741,2.58,2.50,0.0026,464,178
T-BulletDispenser-1x,9962,35.744,3.06,3.09,0.0031,464,178
T-BulletDispenser-1x,9963,35.747,3.04,3.02,0.0030,464,178
T-BulletDispenser-1x,9964,35.750,3.12,3.17,0.0031,464,178
T-BulletDispenser-1x,9965,35.753,3.16,3.13,0.0032,464,178
T-BulletDispenser-1x,9966,35.756,2.75,2.78,0.0028,464,178
T-BulletDispenser-1x,9967,35.759,2.69,2.69,0.0027,464,178
T-BulletDispenser-1x,9968,35.762,3.04,3.01,0.0030,464,178
T-BulletDispenser-1x,9969,35.765,3.20,3.20,0.0032,464,178
T-BulletDispenser-1x,9970,35.767,2.66,2.69,0.0027,464,178
T-BulletDispenser-1x,9971,35.771,3.15,3.11,0.0031,464,178
T-BulletDispenser-1x,9972,35.774,2.88,2.88,0.0029,464,178
T-BulletDispenser-1x,9973,35.776,2.46,2.49,0.0025,464,178
T-BulletDispenser-1x,9974,35.779,3.22,3.19,0.0032,464,178
T-BulletDispenser-1x,9975,35.782,3.22,3.22,0.0032,464,178
T-BulletDispenser-1x,9976,35.785,2.82,2.81,0.0028,464,178
T-BulletDispenser-1x,9977,35.788,2.88,2.89,0.0029,464,178
T-BulletDispenser-1x,9978,35.791,2.70,2.70,0.0027,464,178
T-BulletDispenser-1x,9979,35.794,2.80,2.79,0.0028,464,178
T-BulletDispenser-1x,9980,35.797,3.17,3.12,0.0032,464,178
T-BulletDispenser-1x,9981,35.800,3.21,3.29,0.0032,464,178
T-BulletDispenser-1x,9982,35.803,2.93,2.90,0.0029,464,178
T-BulletDispenser-1x,9983,35.807,3.57,3.51,0.0036,464,178
T-BulletDispenser-1x,9984,35.810,3.03,3.10,0.0030,464,178
T-BulletDispenser-1x,9985,35.812,2.89,2.88,0.0029,464,178
T-BulletDispenser-1x,9986,35.816,3.28,3.21,0.0033,464,178
T-BulletDispenser-1x,9987,35.819,3.24,3.30,0.0032,464,178
T-BulletDispenser-1x,9988,35.822,3.22,3.19,0.0032,464,178
T-BulletDispenser-1x,9989,35.825,2.95,3.02,0.0030,464,178
T-BulletDispenser-1x,9990,35.828,2.95,2.89,0.0029,464,178
T-BulletDispenser-1x,9991,35.831,3.27,3.29,0.0033,464,178
T-BulletDispenser-1x,9992,35.834,2.94,2.90,0.0029,464,178
T-BulletDispenser-1x,9993,35.837,3.05,3.09,0.0030,464,178
T-BulletDispenser-1x,9994,35.840,2.93,2.91,0.0029,464,178
T-BulletDispenser-1x,9995,35.843,3.21,3.19,0.0032,464,178
T-BulletDispenser-1x,9996,35.846,2.86,2.87,0.0029,464,178
T-BulletDispenser-1x,9997,35.849,2.70,2.71,0.0027,464,178
T-BulletDispenser-1x,9998,35.852,2.84,2.81,0.0028,464,178
T-BulletDispenser-1x,9999,35.855,2.88,2.89,0.0029,464,178
T-BulletDispenser-1x,10000,35.858,2.96,2.99,0.0030,464,178
T-BulletDispenser-1x,10001,35.861,2.83,2.80,0.0028,464,178
T-BulletDispenser-1x,10002,35.864,3.52,3.51,0.0035,464,178
T-BulletDispenser-1x,10003,35.867,2.65,2.70,0.0027,464,178
T-BulletDispenser-1x,10004,35.870,3.08,3.00,0.0031,464,178
T-BulletDispenser-1x,10005,35.873,3.05,3.08,0.0030,464,178
T-BulletDispenser-1x,10006,35.875,2.55,2.58,0.0025,464,178
T-BulletDispenser-1x,10007,35.878,2.77,2.72,0.0028,464,178
T-BulletDispenser-1x,10008,35.881,3.19,3.19,0.0032,464,178
T-BulletDispenser-1x,10009,35.884,3.00,3.01,0.0030,464,178
T-BulletDispenser-1x,10010,35.887,2.98,3.00,0.0030,464,178
T-BulletDispenser-1x,10011,35.890,2.99,2.98,0.0030,464,178
T-BulletDispenser-1x,10012,35.893,2.93,2.90,0.0029,464,178
T-BulletDispenser-1x,10013,35.896,2.88,2.90,0.0029,464,178
T-BulletDispenser-1x,10014,35.899,3.15,3.09,0.0031,464,178
T-BulletDispenser-1x,10015,35.902,2.97,3.01,0.0030,464,178
T-BulletDispenser-1x,10016,35.905,2.46,2.48,0.0025,464,178
T-BulletDispenser-1x,10017,35.908,3.03,3.00,0.0030,464,178
T-BulletDispenser-1x,10018,35.910,2.71,2.71,0.0027,464,178
T-BulletDispenser-1x,10019,35.913,2.46,2.50,0.0025,464,178
T-BulletDispenser-1x,10020,35.916,3.26,3.20,0.0033,464,178
T-BulletDispenser-1x,10021,35.920,3.53,3.48,0.0035,464,178
T-BulletDispenser-1x,10022,35.923,3.14,3.19,0.0031,464,178
T-BulletDispenser-1x,10023,35.926,2.89,2.90,0.0029,464,178
T-BulletDispenser-1x,10024,35.928,2.80,2.81,0.0028,464,178
T-BulletDispenser-1x,10025,35.931,2.95,2.90,0.0029,464,178
T-BulletDispenser-1x,10026,35.935,3.05,3.01,0.0030,464,178
T-BulletDispenser-1x,10027,35.938,3.25,3.29,0.0033,516,178
T-BulletDispenser-1x,10028,35.941,3.39,3.37,0.0034,464,178
T-BulletDispenser-1x,10029,35.944,3.11,3.13,0.0031,464,178
T-BulletDispenser-1x,10030,35.947,2.83,2.87,0.0028,464,178
T-BulletDispenser-1x,10031,35.950,2.82,2.81,0.0028,464,178
T-BulletDispenser-1x,10032,35.953,3.10,3.09,0.0031,464,178
T-BulletDispenser-1x,10033,35.956,3.22,3.19,0.0032,464,178
T-BulletDispenser-1x,10034,35.959,2.78,2.81,0.0028,464,178
T-BulletDispenser-1x,10035,35.962,2.90,2.90,0.0029,464,178
T-BulletDispenser-1x,10036,35.965,2.89,2.88,0.0029,464,178
T-BulletDispenser-1x,10037,35.967,2.58,2.61,0.0026,464,178
T-BulletDispenser-1x,10038,35.970,2.58,2.51,0.0026,464,178
T-BulletDispenser-1x,10039,35.973,2.85,2.88,0.0029,464,178
T-BulletDispenser-1x,10040,35.976,3.33,3.32,0.0033,464,178
T-BulletDispenser-1x,10041,35.979,3.03,3.04,0.0030,464,178
T-BulletDispenser-1x,10042,35.982,3.09,3.11,0.0031,464,178
T-BulletDispenser-1x,10043,35.985,3.10,3.05,0.0031,464,178
T-BulletDispenser-1x,10044,35.988,2.84,2.89,0.0028,464,178
T-BulletDispenser-1x,10045,35.991,2.87,2.88,0.0029,464,178
T-BulletDispenser-1x,10046,35.993,2.19,2.20,0.0022,464,178
T-BulletDispenser-1x,10047,35.996,2.96,2.90,0.0030,464,178
T-BulletDispenser-1x,10048,36.000,3.39,3.41,0.0034,464,178
T-BulletDispenser-1x,10049,36.003,3.29,3.29,0.0033,464,178
T-BulletDispenser-1x,10050,36.006,3.24,3.22,0.0032,464,178
T-BulletDispenser-1x,10051,36.009,2.73,2.78,0.0027,464,178
T-BulletDispenser-1x,10052,36.012,3.05,3.01,0.0030,464,178
T-BulletDispenser-1x,10053,36.015,2.78,2.78,0.0028,464,178
T-BulletDispenser-1x,10054,36.017,2.46,2.50,0.0025,464,178
T-BulletDispenser-1x,10055,36.020,2.56,2.52,0.0026,464,178
T-BulletDispenser-1x,10056,36.023,3.08,3.08,0.0031,464,178
T-BulletDispenser-1x,10057,36.026,3.12,2.90,0.0031,464,178
T-BulletDispenser-1x,10058,36.029,3.30,3.55,0.0033,464,178
T-BulletDispenser-1x,10059,36.032,3.20,3.17,0.0032,464,178
T-BulletDispenser-1x,10060,36.035,2.68,2.68,0.0027,464,178
T-BulletDispenser-1x,10061,36.038,3.00,3.00,0.0030,464,178
T-BulletDispenser-1x,10062,36.041,2.92,2.90,0.0029,464,178
T-BulletDispenser-1x,10063,36.044,3.12,3.11,0.0031,464,178
T-BulletDispenser-1x,10064,36.048,3.31,3.29,0.0033,464,178
T-BulletDispenser-1x,10065,36.051,3.16,3.19,0.0032,464,178
T-BulletDispenser-1x,10066,36.054,3.12,3.11,0.0031,464,178
T-BulletDispenser-1x,10067,36.057,3.14,3.09,0.0031,464,178
T-BulletDispenser-1x,10068,36.061,3.78,3.80,0.0038,464,178
T-BulletDispenser-1x,10069,36.064,3.20,3.21,0.0032,464,178
T-BulletDispenser-1x,10070,36.067,3.18,3.19,0.0032,464,178
T-BulletDispenser-1x,10071,36.070,3.14,3.17,0.0031,464,178
T-BulletDispenser-1x,10072,36.072,2.29,2.30,0.0023,464,178
T-BulletDispenser-1x,10073,36.075,2.96,2.92,0.0030,464,178
T-BulletDispenser-1x,10074,36.079,3.16,3.18,0.0032,464,178
T-BulletDispenser-1x,10075,36.082,2.94,2.92,0.0029,464,178
T-BulletDispenser-1x,10076,36.084,2.66,2.70,0.0027,464,178
T-BulletDispenser-1x,10077,36.087,3.12,3.08,0.0031,464,178
T-BulletDispenser-1x,10078,36.091,3.25,3.23,0.0032,464,178
T-BulletDispenser-1x,10079,36.093,2.53,2.59,0.0025,464,178
T-BulletDispenser-1x,10080,36.096,2.91,2.88,0.0029,464,178
T-BulletDispenser-1x,10081,36.099,2.81,2.81,0.0028,464,178
T-BulletDispenser-1x,10082,36.101,2.67,2.69,0.0027,464,178
T-BulletDispenser-1x,10083,36.105,3.16,3.13,0.0032,464,178
T-BulletDispenser-1x,10084,36.107,2.77,2.78,0.0028,464,178
T-BulletDispenser-1x,10085,36.111,3.13,3.10,0.0031,464,178
T-BulletDispenser-1x,10086,36.113,2.96,2.99,0.0030,464,178
T-BulletDispenser-1x,10087,36.116,2.88,2.90,0.0029,464,178
T-BulletDispenser-1x,10088,36.119,2.73,2.70,0.0027,464,178
T-BulletDispenser-1x,10089,36.122,3.03,3.03,0.0030,464,178
T-BulletDispenser-1x,10090,36.125,2.84,2.87,0.0028,464,178
T-BulletDispenser-1x,10091,36.128,2.74,2.70,0.0027,464,178
T-BulletDispenser-1x,10092,36.131,3.25,3.21,0.0032,464,178
T-BulletDispenser-1x,10093,36.134,2.72,2.80,0.0027,464,178
T-BulletDispenser-1x,10094,36.136,2.63,2.59,0.0026,464,178
T-BulletDispenser-1x,10095,36.140,3.34,3.32,0.0033,516,178
T-BulletDispenser-1x,10096,36.143,2.96,2.97,0.0030,464,178
T-BulletDispenser-1x,10097,36.146,3.09,3.12,0.0031,464,178
T-BulletDispenser-1x,10098,36.149,2.80,2.79,0.0028,464,178
T-BulletDispenser-1x,10099,36.151,2.89,2.88,0.0029,464,178
T-BulletDispenser-1x,10100,36.154,2.80,2.82,0.0028,464,178
T-BulletDispenser-1x,10101,36.157,2.75,2.70,0.0028,464,178
T-BulletDispenser-1x,10102,36.160,3.27,3.29,0.0033,464,178
T-BulletDispenser-1x,10103,36.163,2.76,2.78,0.0028,464,178
T-BulletDispenser-1x,10104,36.166,3.10,3.10,0.0031,464,178
T-BulletDispenser-1x,10105,36.169,3.03,3.01,0.0030,464,178
T-BulletDispenser-1x,10106,36.172,2.87,2.90,0.0029,464,178
T-BulletDispenser-1x,10107,36.175,2.58,2.59,0.0026,464,178
T-BulletDispenser-1x,10108,36.177,2.19,2.19,0.0022,464,178
T-BulletDispenser-1x,10109,36.180,2.98,2.92,0.0030,464,178
T-BulletDispenser-1x,10110,36.183,3.30,3.30,0.0033,464,178
T-BulletDispenser-1x,10111,36.186,3.19,3.20,0.0032,464,178
T-BulletDispenser-1x,10112,36.189,2.92,2.90,0.0029,464,178
T-BulletDispenser-1x,10113,36.192,2.95,2.97,0.0029,464,178
T-BulletDispenser-1x,10114,36.195,2.73,2.72,0.0027,464,178
T-BulletDispenser-1x,10115,36.198,2.86,2.80,0.0029,464,178
T-BulletDispenser-1x,10116,36.201,3.04,3.09,0.0030,464,178
T-BulletDispenser-1x,10117,36.204,3.50,3.50,0.0035,464,178
T-BulletDispenser-1x,10118,36.208,3.40,3.39,0.0034,464,178
T-BulletDispenser-1x,10119,36.210,2.76,2.79,0.0028,464,178
T-BulletDispenser-1x,10120,36.213,2.70,2.71,0.0027,464,178
T-BulletDispenser-1x,10121,36.216,2.61,2.59,0.0026,464,178
T-BulletDispenser-1x,10122,36.218,2.79,2.79,0.0028,464,178
T-BulletDispenser-1x,10123,36.221,2.82,2.80,0.0028,464,178
T-BulletDispenser-1x,10124,36.224,3.12,3.10,0.0031,464,178
T-BulletDispenser-1x,10125,36.227,2.98,2.99,0.0030,464,178
T-BulletDispenser-1x,10126,36.230,2.67,2.70,0.0027,464,178
T-BulletDispenser-1x,10127,36.233,3.18,3.12,0.0032,464,178
T-BulletDispenser-1x,10128,36.236,3.16,3.19,0.0032,464,178
T-BulletDispenser-1x,10129,36.239,3.03,3.00,0.0030,464,178
T-BulletDispenser-1x,10130,36.243,3.13,3.09,0.0031,464,178
T-BulletDispenser-1x,10131,36.245,2.86,2.89,0.0029,464,178
T-BulletDispenser-1x,10132,36.248,2.77,2.80,0.0028,464,178
T-BulletDispenser-1x,10133,36.251,2.58,2.61,0.0026,464,178
T-BulletDispenser-1x,10134,36.253,2.53,2.50,0.0025,464,178
T-BulletDispenser-1x,10135,36.256,2.66,2.68,0.0027,464,178
T-BulletDispenser-1x,10136,36.259,3.03,3.00,0.0030,464,178
T-BulletDispenser-1x,10137,36.262,2.68,2.69,0.0027,464,178
T-BulletDispenser-1x,10138,36.265,3.02,3.00,0.0030,464,178
T-BulletDispenser-1x,10139,36.268,2.88,2.90,0.0029,464,178
T-BulletDispenser-1x,10140,36.271,3.09,3.10,0.0031,464,178
T-BulletDispenser-1x,10141,36.274,2.83,2.81,0.0028,464,178
T-BulletDispenser-1x,10142,36.276,2.88,2.89,0.0029,464,178
T-BulletDispenser-1x,10143,36.280,3.22,3.22,0.0032,464,178
T-BulletDispenser-1x,10144,36.283,3.11,3.09,0.0031,464,178
T-BulletDispenser-1x,10145,36.286,3.11,3.11,0.0031,464,178
T-BulletDispenser-1x,10146,36.289,2.90,2.89,0.0029,464,178
T-BulletDispenser-1x,10147,36.292,3.27,3.30,0.0033,464,178
T-BulletDispenser-1x,10148,36.295,2.80,2.80,0.0028,464,178
T-BulletDispenser-1x,10149,36.298,2.70,2.70,0.0027,464,178
T-BulletDispenser-1x,10150,36.300,2.89,2.83,0.0029,464,178
T-BulletDispenser-1x,10151,36.304,3.45,3.47,0.0035,464,178
T-BulletDispenser-1x,10152,36.307,3.27,3.29,0.0033,464,178
T-BulletDispenser-1x,10153,36.310,3.19,3.19,0.0032,464,178
T-BulletDispenser-1x,10154,36.313,2.65,2.69,0.0027,464,178
T-BulletDispenser-1x,10155,36.316,2.88,2.84,0.0029,464,178
T-BulletDispenser-1x,10156,36.319,2.84,2.85,0.0028,464,178
T-BulletDispenser-1x,10157,36.321,2.79,2.81,0.0028,464,178
T-BulletDispenser-1x,10158,36.324,2.95,2.92,0.0030,464,178
T-BulletDispenser-1x,10159,36.327,2.97,2.98,0.0030,464,178
T-BulletDispenser-1x,10160,36.330,2.66,2.70,0.0027,464,178
T-BulletDispenser-1x,10161,36.333,2.60,2.59,0.0026,464,178
T-BulletDispenser-1x,10162,36.335,2.63,2.61,0.0026,464,178
T-BulletDispenser-1x,10163,36.338,3.00,3.00,0.0030,464,178
T-BulletDispenser-1x,10164,36.341,3.10,3.09,0.0031,516,178
T-BulletDispenser-1x,10165,36.345,3.09,3.10,0.0031,464,178
T-BulletDispenser-1x,10166,36.347,2.82,2.80,0.0028,464,178
T-BulletDispenser-1x,10167,36.350,3.02,3.01,0.0030,464,178
T-BulletDispenser-1x,10168,36.353,2.97,3.00,0.0030,464,178
T-BulletDispenser-1x,10169,36.356,2.92,2.88,0.0029,464,178
T-BulletDispenser-1x,10170,36.360,3.38,3.32,0.0034,464,178
T-BulletDispenser-1x,10171,36.363,3.03,3.09,0.0030,464,178
T-BulletDispenser-1x,10172,36.366,2.98,2.99,0.0030,464,178
T-BulletDispenser-1x,10173,36.368,2.73,2.70,0.0027,464,178
T-BulletDispenser-1x,10174,36.371,2.96,2.97,0.0030,464,178
T-BulletDispenser-1x,10175,36.375,3.21,3.20,0.0032,464,178
T-BulletDispenser-1x,10176,36.378,3.10,3.10,0.0031,464,178
T-BulletDispenser-1x,10177,36.380,2.70,2.70,0.0027,464,178
T-BulletDispenser-1x,10178,36.383,3.12,3.10,0.0031,464,178
T-BulletDispenser-1x,10179,36.387,3.08,3.10,0.0031,464,178
T-BulletDispenser-1x,10180,36.389,2.37,2.38,0.0024,464,178
T-BulletDispenser-1x,10181,36.392,2.85,2.82,0.0028,464,178
T-BulletDispenser-1x,10182,36.395,3.44,3.41,0.0034,464,178
T-BulletDispenser-1x,10183,36.399,3.41,3.39,0.0034,464,178
T-BulletDispenser-1x,10184,36.402,3.50,3.48,0.0035,464,178
T-BulletDispenser-1x,10185,36.405,2.70,2.79,0.0027,464,178
T-BulletDispenser-1x,10186,36.408,3.06,3.02,0.0031,464,178
T-BulletDispenser-1x,10187,36.411,3.50,3.49,0.0035,464,178
T-BulletDispenser-1x,10188,36.414,3.12,3.11,0.0031,464,178
T-BulletDispenser-1x,10189,36.418,3.72,3.71,0.0037,464,178
T-BulletDispenser-1x,10190,36.422,3.35,3.38,0.0033,464,178
T-BulletDispenser-1x,10191,36.425,3.11,3.10,0.0031,464,178
T-BulletDispenser-1x,10192,36.428,3.08,3.09,0.0031,464,178
T-BulletDispenser-1x,10193,36.431,3.01,3.00,0.0030,464,178
T-BulletDispenser-1x,10194,36.434,3.20,3.20,0.0032,464,178
T-BulletDispenser-1x,10195,36.437,3.32,3.31,0.0033,464,178
T-BulletDispenser-1x,10196,36.440,3.00,3.00,0.0030,464,178
T-BulletDispenser-1x,10197,36.443,3.19,3.18,0.0032,464,178
T-BulletDispenser-1x,10198,36.446,2.98,2.99,0.0030,464,178
T-BulletDispenser-1x,10199,36.450,3.17,3.20,0.0032,464,178
T-BulletDispenser-1x,10200,36.452,2.53,2.49,0.0025,464,178
T-BulletDispenser-1x,10201,36.455,2.97,3.00,0.0030,464,178
T-BulletDispenser-1x,10202,36.458,3.15,3.12,0.0032,464,178
T-BulletDispenser-1x,10203,36.461,2.84,2.87,0.0028,464,178
T-BulletDispenser-1x,10204,36.464,2.82,2.82,0.0028,464,178
T-BulletDispenser-1x,10205,36.467,3.01,2.99,0.0030,464,178
T-BulletDispenser-1x,10206,36.470,2.89,2.90,0.0029,464,178
T-BulletDispenser-1x,10207,36.473,2.81,2.80,0.0028,464,178
T-BulletDispenser-1x,10208,36.476,3.12,3.11,0.0031,464,178
T-BulletDispenser-1x,10209,36.479,2.98,2.98,0.0030,464,178
T-BulletDispenser-1x,10210,36.482,2.90,2.90,0.0029,464,178
T-BulletDispenser-1x,10211,36.485,3.13,3.12,0.0031,464,178
T-BulletDispenser-1x,10212,36.488,3.09,3.10,0.0031,464,178
T-BulletDispenser-1x,10213,36.491,3.30,3.29,0.0033,464,178
T-BulletDispenser-1x,10214,36.494,2.98,2.98,0.0030,464,178
T-BulletDispenser-1x,10215,36.497,2.90,2.91,0.0029,464,178
T-BulletDispenser-1x,10216,36.500,3.09,3.10,0.0031,464,178
T-BulletDispenser-1x,10217,36.503,2.73,2.69,0.0027,464,178
T-BulletDispenser-1x,10218,36.506,3.01,3.01,0.0030,464,178
T-BulletDispenser-1x,10219,36.509,3.01,3.00,0.0030,464,178
T-BulletDispenser-1x,10220,36.512,3.27,3.28,0.0033,464,178
T-BulletDispenser-1x,10221,36.515,3.12,3.12,0.0031,464,178
T-BulletDispenser-1x,10222,36.518,3.21,3.19,0.0032,464,178
T-BulletDispenser-1x,10223,36.522,3.20,3.19,0.0032,464,178
T-BulletDispenser-1x,10224,36.525,3.50,3.51,0.0035,464,178
T-BulletDispenser-1x,10225,36.529,3.61,3.59,0.0036,464,178
T-BulletDispenser-1x,10226,36.532,3.37,3.32,0.0034,464,178
T-BulletDispenser-1x,10227,36.535,2.86,2.96,0.0029,464,178
T-BulletDispenser-1x,10228,36.538,2.94,2.91,0.0029,464,178
T-BulletDispenser-1x,10229,36.541,3.34,3.32,0.0033,464,178
T-BulletDispenser-1x,10230,36.544,3.19,3.19,0.0032,516,178
T-BulletDispenser-1x,10231,36.548,3.29,3.29,0.0033,464,178
T-BulletDispenser-1x,10232,36.550,2.76,2.80,0.0028,464,178
T-BulletDispenser-1x,10233,36.554,3.17,3.10,0.0032,464,178
T-BulletDispenser-1x,10234,36.557,2.98,3.00,0.0030,464,178
T-BulletDispenser-1x,10235,36.559,2.65,2.67,0.0026,464,178
T-BulletDispenser-1x,10236,36.562,2.86,2.83,0.0029,464,178
T-BulletDispenser-1x,10237,36.565,3.09,3.09,0.0031,464,178
T-BulletDispenser-1x,10238,36.568,2.85,2.89,0.0028,464,178
T-BulletDispenser-1x,10239,36.571,2.94,2.90,0.0029,464,178
T-BulletDispenser-1x,10240,36.574,2.98,2.99,0.0030,464,178
T-BulletDispenser-1x,10241,36.577,2.92,2.91,0.0029,464,178
T-BulletDispenser-1x,10242,36.580,3.10,3.10,0.0031,464,178
T-BulletDispenser-1x,10243,36.583,3.11,3.10,0.0031,464,178
T-BulletDispenser-1x,10244,36.586,2.98,2.99,0.0030,464,178
T-BulletDispenser-1x,10245,36.589,3.32,3.31,0.0033,464,178
T-BulletDispenser-1x,10246,36.592,2.96,2.99,0.0030,464,178
T-BulletDispenser-1x,10247,36.596,3.11,3.10,0.0031,464,178
T-BulletDispenser-1x,10248,36.599,3.01,2.99,0.0030,464,178
T-BulletDispenser-1x,10249,36.602,3.00,3.01,0.0030,464,178
T-BulletDispenser-1x,10250,36.604,2.79,2.79,0.0028,464,178
T-BulletDispenser-1x,10251,36.608,3.35,3.31,0.0033,464,178
T-BulletDispenser-1x,10252,36.611,3.20,3.20,0.0032,464,178
T-BulletDispenser-1x,10253,36.614,2.95,2.97,0.0030,464,178
T-BulletDispenser-1x,10254,36.617,2.99,3.01,0.0030,464,178
T-BulletDispenser-1x,10255,36.619,2.64,2.61,0.0026,464,178
T-BulletDispenser-1x,10256,36.622,2.75,2.77,0.0027,464,178
T-BulletDispenser-1x,10257,36.625,3.04,3.02,0.0030,464,178
T-BulletDispenser-1x,10258,36.628,2.88,2.88,0.0029,464,178
T-BulletDispenser-1x,10259,36.632,3.43,3.42,0.0034,464,178
T-BulletDispenser-1x,10260,36.635,3.09,3.09,0.0031,464,178
T-BulletDispenser-1x,10261,36.638,3.10,3.10,0.0031,464,178
T-BulletDispenser-1x,10262,36.641,3.63,3.60,0.0036,464,178
T-BulletDispenser-1x,10263,36.644,2.97,3.00,0.0030,464,178
T-BulletDispenser-1x,10264,36.647,2.49,2.49,0.0025,464,178
T-BulletDispenser-1x,10265,36.650,3.22,3.21,0.0032,464,178
T-BulletDispenser-1x,10266,36.653,3.34,3.31,0.0033,464,178
T-BulletDispenser-1x,10267,36.657,3.49,3.40,0.0035,464,178
T-BulletDispenser-1x,10268,36.660,3.35,3.39,0.0034,464,178
T-BulletDispenser-1x,10269,36.663,3.02,3.09,0.0030,464,178
T-BulletDispenser-1x,10270,36.666,2.77,2.77,0.0028,464,178
T-BulletDispenser-1x,10271,36.669,2.60,2.61,0.0026,464,178
T-BulletDispenser-1x,10272,36.671,2.81,2.80,0.0028,464,178
T-BulletDispenser-1x,10273,36.674,2.77,2.79,0.0028,464,178
T-BulletDispenser-1x,10274,36.677,3.15,3.12,0.0032,464,178
T-BulletDispenser-1x,10275,36.680,2.88,2.89,0.0029,464,178
T-BulletDispenser-1x,10276,36.683,3.08,3.10,0.0031,464,178
T-BulletDispenser-1x,10277,36.686,2.84,2.81,0.0028,464,178
T-BulletDispenser-1x,10278,36.689,3.22,3.20,0.0032,464,178
T-BulletDispenser-1x,10279,36.692,2.74,2.78,0.0027,464,178
T-BulletDispenser-1x,10280,36.695,3.02,3.01,0.0030,464,178
T-BulletDispenser-1x,10281,36.698,3.24,3.21,0.0032,464,178
T-BulletDispenser-1x,10282,36.701,3.02,2.98,0.0030,464,178
T-BulletDispenser-1x,10283,36.704,2.86,2.91,0.0029,464,178
T-BulletDispenser-1x,10284,36.707,2.81,2.80,0.0028,464,178
T-BulletDispenser-1x,10285,36.710,2.93,2.90,0.0029,464,178
T-BulletDispenser-1x,10286,36.713,3.07,3.09,0.0031,464,178
T-BulletDispenser-1x,10287,36.716,3.30,3.30,0.0033,464,178
T-BulletDispenser-1x,10288,36.719,3.08,3.09,0.0031,464,178
T-BulletDispenser-1x,10289,36.722,2.45,2.49,0.0025,464,178
T-BulletDispenser-1x,10290,36.725,2.63,2.60,0.0026,464,178
T-BulletDispenser-1x,10291,36.728,3.22,3.22,0.0032,464,178
T-BulletDispenser-1x,10292,36.731,3.21,3.20,0.0032,464,178
T-BulletDispenser-1x,10293,36.733,2.55,2.59,0.0025,464,178
T-BulletDispenser-1x,10294,36.736,2.85,2.79,0.0028,464,178
T-BulletDispenser-1x,10295,36.739,2.89,2.90,0.0029,464,178
T-BulletDispenser-1x,10296,36.742,2.76,2.79,0.0028,464,178
T-BulletDispenser-1x,10297,36.745,3.16,3.11,0.0032,516,178
T-BulletDispenser-1x,10298,36.748,3.20,3.21,0.0032,464,178
T-BulletDispenser-1x,10299,36.751,2.98,2.99,0.0030,464,178
T-BulletDispenser-1x,10300,36.754,2.88,2.91,0.0029,464,178
T-BulletDispenser-1x,10301,36.757,2.99,2.91,0.0030,464,178
T-BulletDispenser-1x,10302,36.761,3.47,3.48,0.0035,464,178
T-BulletDispenser-1x,10303,36.764,3.00,3.00,0.0030,464,178
T-BulletDispenser-1x,10304,36.767,3.26,3.29,0.0033,464,178
T-BulletDispenser-1x,10305,36.770,3.32,3.30,0.0033,464,178
T-BulletDispenser-1x,10306,36.773,3.21,3.19,0.0032,464,178
T-BulletDispenser-1x,10307,36.777,3.27,3.28,0.0033,464,178
T-BulletDispenser-1x,10308,36.780,2.98,2.98,0.0030,464,178
T-BulletDispenser-1x,10309,36.783,3.05,3.03,0.0031,464,178
T-BulletDispenser-1x,10310,36.786,3.08,3.09,0.0031,464,178
T-BulletDispenser-1x,10311,36.789,3.34,3.30,0.0033,464,178
T-BulletDispenser-1x,10312,36.792,2.62,2.68,0.0026,464,178
T-BulletDispenser-1x,10313,36.795,2.84,2.81,0.0028,464,178
T-BulletDispenser-1x,10314,36.798,3.32,3.30,0.0033,464,178
T-BulletDispenser-1x,10315,36.801,3.16,3.19,0.0032,464,178
T-BulletDispenser-1x,10316,36.804,3.08,3.09,0.0031,464,178
T-BulletDispenser-1x,10317,36.807,3.18,3.12,0.0032,464,178
T-BulletDispenser-1x,10318,36.810,2.97,2.99,0.0030,464,178
T-BulletDispenser-1x,10319,36.813,2.77,2.80,0.0028,464,178
T-BulletDispenser-1x,10320,36.816,3.25,3.21,0.0033,464,178
T-BulletDispenser-1x,10321,36.820,3.24,3.26,0.0032,464,178
T-BulletDispenser-1x,10322,36.823,3.25,3.22,0.0032,464,178
T-BulletDispenser-1x,10323,36.825,2.63,2.67,0.0026,464,178
T-BulletDispenser-1x,10324,36.829,3.12,3.09,0.0031,464,178
T-BulletDispenser-1x,10325,36.832,3.11,3.11,0.0031,464,178
T-BulletDispenser-1x,10326,36.835,2.91,2.90,0.0029,464,178
T-BulletDispenser-1x,10327,36.838,2.99,3.00,0.0030,464,178
T-BulletDispenser-1x,10328,36.841,3.00,2.99,0.0030,464,178
T-BulletDispenser-1x,10329,36.844,2.92,2.91,0.0029,464,178
T-BulletDispenser-1x,10330,36.846,2.89,2.89,0.0029,464,178
T-BulletDispenser-1x,10331,36.850,3.46,3.41,0.0035,464,178
T-BulletDispenser-1x,10332,36.853,3.43,3.49,0.0034,464,178
T-BulletDispenser-1x,10333,36.857,3.23,3.20,0.0032,464,178
T-BulletDispenser-1x,10334,36.859,2.65,2.68,0.0026,464,178
T-BulletDispenser-1x,10335,36.862,2.72,2.69,0.0027,464,178
T-BulletDispenser-1x,10336,36.865,3.20,3.20,0.0032,464,178
T-BulletDispenser-1x,10337,36.868,3.35,3.32,0.0033,464,178
T-BulletDispenser-1x,10338,36.871,2.65,2.71,0.0027,464,178
T-BulletDispenser-1x,10339,36.874,3.01,2.99,0.0030,464,178
T-BulletDispenser-1x,10340,36.877,2.69,2.70,0.0027,464,178
T-BulletDispenser-1x,10341,36.879,2.65,2.67,0.0027,464,178
T-BulletDispenser-1x,10342,36.882,2.85,2.82,0.0028,464,178
T-BulletDispenser-1x,10343,36.885,3.12,3.11,0.0031,464,178
T-BulletDispenser-1x,10344,36.888,2.68,2.70,0.0027,464,178
T-BulletDispenser-1x,10345,36.891,3.23,3.20,0.0032,464,178
T-BulletDispenser-1x,10346,36.894,3.11,3.09,0.0031,464,178
T-BulletDispenser-1x,10347,36.897,2.65,2.69,0.0026,464,178
T-BulletDispenser-1x,10348,36.900,2.94,2.91,0.0029,464,178
T-BulletDispenser-1x,10349,36.903,2.79,2.79,0.0028,464,178
T-BulletDispenser-1x,10350,36.906,2.79,2.80,0.0028,464,178
T-BulletDispenser-1x,10351,36.909,2.94,2.91,0.0029,464,178
T-BulletDispenser-1x,10352,36.912,3.32,3.29,0.0033,464,178
T-BulletDispenser-1x,10353,36.915,3.06,3.09,0.0031,464,178
T-BulletDispenser-1x,10354,36.918,2.68,2.71,0.0027,464,178
T-BulletDispenser-1x,10355,36.921,2.96,2.90,0.0030,464,178
T-BulletDispenser-1x,10356,36.924,3.15,3.19,0.0032,464,178
T-BulletDispenser-1x,10357,36.927,3.13,3.10,0.0031,464,178
T-BulletDispenser-1x,10358,36.930,2.89,2.90,0.0029,464,178
T-BulletDispenser-1x,10359,36.933,3.09,3.10,0.0031,464,178
T-BulletDispenser-1x,10360,36.935,2.69,2.70,0.0027,464,178
T-BulletDispenser-1x,10361,36.938,2.70,2.70,0.0027,464,178
T-BulletDispenser-1x,10362,36.941,2.71,2.70,0.0027,464,178
T-BulletDispenser-1x,10363,36.944,2.91,2.89,0.0029,464,178
T-BulletDispenser-1x,10364,36.947,3.01,3.01,0.0030,516,178
T-BulletDispenser-1x,10365,36.950,2.96,2.99,0.0030,464,178
T-BulletDispenser-1x,10366,36.952,2.71,2.69,0.0027,464,178
T-BulletDispenser-1x,10367,36.955,2.80,2.79,0.0028,464,178
T-BulletDispenser-1x,10368,36.959,3.25,3.22,0.0032,464,178
T-BulletDispenser-1x,10369,36.962,3.28,3.29,0.0033,464,178
T-BulletDispenser-1x,10370,36.965,3.12,3.10,0.0031,464,178
T-BulletDispenser-1x,10371,36.968,3.09,3.10,0.0031,464,178
T-BulletDispenser-1x,10372,36.971,2.96,3.00,0.0030,464,178
T-BulletDispenser-1x,10373,36.974,2.73,2.70,0.0027,464,178
T-BulletDispenser-1x,10374,36.976,2.77,2.79,0.0028,464,178
T-BulletDispenser-1x,10375,36.980,3.02,3.00,0.0030,464,178
T-BulletDispenser-1x,10376,36.983,3.20,3.20,0.0032,464,178
T-BulletDispenser-1x,10377,36.986,3.23,3.22,0.0032,464,178
T-BulletDispenser-1x,10378,36.989,2.63,2.59,0.0026,464,178
T-BulletDispenser-1x,10379,36.992,3.15,3.18,0.0031,464,178
T-BulletDispenser-1x,10380,36.995,2.79,2.80,0.0028,464,178
T-BulletDispenser-1x,10381,36.997,2.61,2.59,0.0026,464,178
T-BulletDispenser-1x,10382,37.001,3.53,3.51,0.0035,464,178
T-BulletDispenser-1x,10383,37.004,3.06,3.08,0.0031,464,178
T-BulletDispenser-1x,10384,37.007,3.24,3.22,0.0032,464,178
T-BulletDispenser-1x,10385,37.010,2.97,2.98,0.0030,464,178
T-BulletDispenser-1x,10386,37.013,2.82,2.80,0.0028,464,178
T-BulletDispenser-1x,10387,37.016,3.02,3.01,0.0030,464,178
T-BulletDispenser-1x,10388,37.020,4.70,4.70,0.0047,464,178
T-BulletDispenser-1x,10389,37.024,3.69,3.69,0.0037,464,178
T-BulletDispenser-1x,10390,37.027,2.88,2.89,0.0029,464,178
T-BulletDispenser-1x,10391,37.030,3.13,3.11,0.0031,464,178
T-BulletDispenser-1x,10392,37.033,3.08,3.07,0.0031,464,178
T-BulletDispenser-1x,10393,37.036,2.99,3.00,0.0030,464,178
T-BulletDispenser-1x,10394,37.039,3.01,2.99,0.0030,464,178
T-BulletDispenser-1x,10395,37.042,3.01,3.02,0.0030,464,178
T-BulletDispenser-1x,10396,37.045,2.96,3.00,0.0030,464,178
T-BulletDispenser-1x,10397,37.048,2.91,2.88,0.0029,464,178
T-BulletDispenser-1x,10398,37.051,2.88,2.89,0.0029,464,178
T-BulletDispenser-1x,10399,37.054,3.00,3.01,0.0030,464,178
T-BulletDispenser-1x,10400,37.057,2.86,2.81,0.0029,464,178
T-BulletDispenser-1x,10401,37.060,2.83,2.87,0.0028,464,178
T-BulletDispenser-1x,10402,37.062,2.68,2.69,0.0027,464,178
T-BulletDispenser-1x,10403,37.065,2.66,2.62,0.0027,464,178
T-BulletDispenser-1x,10404,37.068,3.01,3.00,0.0030,464,178
T-BulletDispenser-1x,10405,37.071,3.18,3.19,0.0032,464,178
T-BulletDispenser-1x,10406,37.075,3.32,3.31,0.0033,464,178
T-BulletDispenser-1x,10407,37.078,3.10,3.09,0.0031,464,178
T-BulletDispenser-1x,10408,37.080,2.54,2.58,0.0025,464,178
T-BulletDispenser-1x,10409,37.083,3.05,3.02,0.0031,464,178
T-BulletDispenser-1x,10410,37.086,2.88,2.89,0.0029,464,178
T-BulletDispenser-1x,10411,37.089,2.67,2.68,0.0027,464,178
T-BulletDispenser-1x,10412,37.092,2.99,2.92,0.0030,464,178
T-BulletDispenser-1x,10413,37.095,3.25,3.29,0.0032,464,178
T-BulletDispenser-1x,10414,37.098,3.13,3.11,0.0031,464,178
T-BulletDispenser-1x,10415,37.101,2.74,2.77,0.0027,464,178
T-BulletDispenser-1x,10416,37.104,3.16,3.12,0.0032,464,178
T-BulletDispenser-1x,10417,37.107,2.80,2.80,0.0028,464,178
T-BulletDispenser-1x,10418,37.109,2.44,2.49,0.0024,464,178
T-BulletDispenser-1x,10419,37.112,2.72,2.70,0.0027,464,178
T-BulletDispenser-1x,10420,37.115,3.23,3.21,0.0032,464,178
T-BulletDispenser-1x,10421,37.119,3.50,3.48,0.0035,464,178
T-BulletDispenser-1x,10422,37.122,2.97,3.01,0.0030,464,178
T-BulletDispenser-1x,10423,37.125,3.22,3.20,0.0032,464,178
T-BulletDispenser-1x,10424,37.128,3.42,3.41,0.0034,464,178
T-BulletDispenser-1x,10425,37.132,3.33,3.31,0.0033,464,178
T-BulletDispenser-1x,10426,37.135,3.26,3.28,0.0033,464,178
T-BulletDispenser-1x,10427,37.138,2.85,2.89,0.0029,464,178
T-BulletDispenser-1x,10428,37.141,3.02,3.00,0.0030,464,178
T-BulletDispenser-1x,10429,37.143,2.69,2.71,0.0027,464,178
T-BulletDispenser-1x,10430,37.146,2.69,2.69,0.0027,464,178
T-BulletDispenser-1x,10431,37.149,3.17,3.12,0.0032,516,178
T-BulletDispenser-1x,10432,37.152,3.09,3.09,0.0031,464,178
T-BulletDispenser-1x,10433,37.155,2.75,2.79,0.0027,464,178
T-BulletDispenser-1x,10434,37.158,3.04,3.00,0.0030,464,178
T-BulletDispenser-1x,10435,37.161,2.95,2.90,0.0029,464,178
T-BulletDispenser-1x,10436,37.164,2.61,2.70,0.0026,464,178
T-BulletDispenser-1x,10437,37.167,3.08,3.01,0.0031,464,178
T-BulletDispenser-1x,10438,37.170,3.27,3.27,0.0033,464,178
T-BulletDispenser-1x,10439,37.173,3.21,3.23,0.0032,464,178
T-BulletDispenser-1x,10440,37.177,3.18,3.18,0.0032,464,178
T-BulletDispenser-1x,10441,37.179,2.90,2.90,0.0029,464,178
T-BulletDispenser-1x,10442,37.182,2.78,2.79,0.0028,464,178
T-BulletDispenser-1x,10443,37.185,2.75,2.69,0.0028,464,178
T-BulletDispenser-1x,10444,37.188,2.97,3.01,0.0030,464,178
T-BulletDispenser-1x,10445,37.191,3.10,3.09,0.0031,464,178
T-BulletDispenser-1x,10446,37.194,2.79,2.81,0.0028,464,178
T-BulletDispenser-1x,10447,37.197,2.79,2.78,0.0028,464,178
T-BulletDispenser-1x,10448,37.199,2.59,2.59,0.0026,464,178
T-BulletDispenser-1x,10449,37.202,2.38,2.39,0.0024,464,178
T-BulletDispenser-1x,10450,37.204,2.84,2.81,0.0028,464,178
T-BulletDispenser-1x,10451,37.207,2.80,2.80,0.0028,464,178
T-BulletDispenser-1x,10452,37.210,2.93,2.91,0.0029,464,178
T-BulletDispenser-1x,10453,37.213,3.08,3.09,0.0031,464,178
T-BulletDispenser-1x,10454,37.216,3.22,3.20,0.0032,464,178
T-BulletDispenser-1x,10455,37.220,3.20,3.20,0.0032,464,178
T-BulletDispenser-1x,10456,37.222,2.46,2.48,0.0025,464,178
T-BulletDispenser-1x,10457,37.225,2.95,2.91,0.0030,464,178
T-BulletDispenser-1x,10458,37.228,3.17,3.19,0.0032,464,178
T-BulletDispenser-1x,10459,37.231,3.10,3.10,0.0031,464,178
T-BulletDispenser-1x,10460,37.234,2.70,2.71,0.0027,464,178
T-BulletDispenser-1x,10461,37.237,3.36,3.30,0.0034,464,178
T-BulletDispenser-1x,10462,37.240,3.06,3.09,0.0031,464,178
T-BulletDispenser-1x,10463,37.244,3.13,3.10,0.0031,464,178
T-BulletDispenser-1x,10464,37.247,3.07,3.10,0.0031,464,178
T-BulletDispenser-1x,10465,37.250,3.19,3.19,0.0032,464,178
T-BulletDispenser-1x,10466,37.253,3.02,3.01,0.0030,464,178
T-BulletDispenser-1x,10467,37.256,3.06,3.08,0.0031,464,178
T-BulletDispenser-1x,10468,37.259,3.15,3.10,0.0032,464,178
T-BulletDispenser-1x,10469,37.262,3.14,3.20,0.0031,464,178
T-BulletDispenser-1x,10470,37.265,3.02,2.99,0.0030,464,178
T-BulletDispenser-1x,10471,37.269,3.24,3.22,0.0032,464,178
T-BulletDispenser-1x,10472,37.271,2.97,3.00,0.0030,464,178
T-BulletDispenser-1x,10473,37.274,2.76,2.77,0.0028,464,178
T-BulletDispenser-1x,10474,37.277,2.50,2.51,0.0025,464,178
T-BulletDispenser-1x,10475,37.280,2.92,2.90,0.0029,464,178
T-BulletDispenser-1x,10476,37.283,3.11,3.11,0.0031,464,178
T-BulletDispenser-1x,10477,37.286,3.00,2.99,0.0030,464,178
T-BulletDispenser-1x,10478,37.288,2.78,2.80,0.0028,464,178
T-BulletDispenser-1x,10479,37.292,3.15,3.11,0.0032,464,178
T-BulletDispenser-1x,10480,37.295,3.05,3.08,0.0031,464,178
T-BulletDispenser-1x,10481,37.297,2.68,2.69,0.0027,464,178
T-BulletDispenser-1x,10482,37.300,2.70,2.70,0.0027,464,178
T-BulletDispenser-1x,10483,37.303,3.20,3.15,0.0032,464,178
T-BulletDispenser-1x,10484,37.306,3.16,3.15,0.0032,464,178
T-BulletDispenser-1x,10485,37.309,3.00,3.02,0.0030,464,178
T-BulletDispenser-1x,10486,37.312,2.95,2.98,0.0029,464,178
T-BulletDispenser-1x,10487,37.315,2.76,2.72,0.0028,464,178
T-BulletDispenser-1x,10488,37.318,2.67,2.68,0.0027,464,178
T-BulletDispenser-1x,10489,37.321,3.11,3.09,0.0031,464,178
T-BulletDispenser-1x,10490,37.324,3.44,3.41,0.0034,464,178
T-BulletDispenser-1x,10491,37.327,3.04,3.07,0.0030,464,178
T-BulletDispenser-1x,10492,37.330,2.91,2.91,0.0029,464,178
T-BulletDispenser-1x,10493,37.333,2.87,2.90,0.0029,464,178
T-BulletDispenser-1x,10494,37.336,2.62,2.60,0.0026,464,178
T-BulletDispenser-1x,10495,37.339,2.80,2.81,0.0028,464,178
T-BulletDispenser-1x,10496,37.342,3.01,2.99,0.0030,464,178
T-BulletDispenser-1x,10497,37.345,3.22,3.20,0.0032,464,178
T-BulletDispenser-1x,10498,37.348,2.92,2.90,0.0029,464,178
T-BulletDispenser-1x,10499,37.351,2.94,2.98,0.0029,516,178
T-BulletDispenser-1x,10500,37.354,2.92,2.91,0.0029,464,178
T-BulletDispenser-1x,10501,37.356,2.59,2.59,0.0026,464,178
T-BulletDispenser-1x,10502,37.359,3.24,3.22,0.0032,464,178
T-BulletDispenser-1x,10503,37.363,3.24,3.27,0.0032,464,178
T-BulletDispenser-1x,10504,37.366,2.92,2.90,0.0029,464,178
T-BulletDispenser-1x,10505,37.369,3.25,3.22,0.0033,464,178
T-BulletDispenser-1x,10506,37.372,2.74,2.78,0.0027,464,178
T-BulletDispenser-1x,10507,37.375,3.00,2.98,0.0030,464,178
T-BulletDispenser-1x,10508,37.378,3.23,3.23,0.0032,464,178
T-BulletDispenser-1x,10509,37.380,2.62,2.67,0.0026,464,178
T-BulletDispenser-1x,10510,37.383,2.97,2.90,0.0030,464,178
T-BulletDispenser-1x,10511,37.386,2.84,2.80,0.0028,464,178
T-BulletDispenser-1x,10512,37.390,3.36,3.39,0.0034,464,178
T-BulletDispenser-1x,10513,37.393,3.01,3.01,0.0030,464,178
T-BulletDispenser-1x,10514,37.395,2.84,2.88,0.0028,464,178
T-BulletDispenser-1x,10515,37.398,2.54,2.50,0.0025,464,178
T-BulletDispenser-1x,10516,37.401,3.01,3.03,0.0030,464,178
T-BulletDispenser-1x,10517,37.404,3.40,3.39,0.0034,464,178
T-BulletDispenser-1x,10518,37.408,3.43,3.41,0.0034,464,178
T-BulletDispenser-1x,10519,37.411,3.18,3.18,0.0032,464,178
T-BulletDispenser-1x,10520,37.414,3.25,3.21,0.0033,464,178
T-BulletDispenser-1x,10521,37.417,3.02,3.07,0.0030,464,178
T-BulletDispenser-1x,10522,37.420,2.77,2.79,0.0028,464,178
T-BulletDispenser-1x,10523,37.423,2.47,2.49,0.0025,464,178
T-BulletDispenser-1x,10524,37.425,2.88,2.82,0.0029,464,178
T-BulletDispenser-1x,10525,37.429,3.18,3.20,0.0032,464,178
T-BulletDispenser-1x,10526,37.432,3.19,3.19,0.0032,464,178
T-BulletDispenser-1x,10527,37.435,3.07,3.02,0.0031,464,178
T-BulletDispenser-1x,10528,37.438,3.03,3.07,0.0030,464,178
T-BulletDispenser-1x,10529,37.441,3.07,3.03,0.0031,464,178
T-BulletDispenser-1x,10530,37.444,3.23,3.27,0.0032,464,178
T-BulletDispenser-1x,10531,37.447,3.01,3.00,0.0030,464,178
T-BulletDispenser-1x,10532,37.450,2.97,2.99,0.0030,464,178
T-BulletDispenser-1x,10533,37.453,3.25,3.22,0.0033,464,178
T-BulletDispenser-1x,10534,37.457,3.19,3.19,0.0032,464,178
T-BulletDispenser-1x,10535,37.459,2.78,2.80,0.0028,464,178
T-BulletDispenser-1x,10536,37.463,3.12,3.10,0.0031,464,178
T-BulletDispenser-1x,10537,37.466,3.19,3.20,0.0032,464,178
T-BulletDispenser-1x,10538,37.468,2.58,2.59,0.0026,464,178
T-BulletDispenser-1x,10539,37.471,2.92,2.90,0.0029,464,178
T-BulletDispenser-1x,10540,37.475,3.32,3.32,0.0033,464,178
T-BulletDispenser-1x,10541,37.478,3.32,3.29,0.0033,464,178
T-BulletDispenser-1x,10542,37.481,3.06,3.10,0.0031,464,178
T-BulletDispenser-1x,10543,37.484,2.91,2.88,0.0029,464,178
T-BulletDispenser-1x,10544,37.487,2.98,3.00,0.0030,464,178
T-BulletDispenser-1x,10545,37.490,2.95,2.91,0.0030,464,178
T-BulletDispenser-1x,10546,37.493,3.19,3.19,0.0032,464,178
T-BulletDispenser-1x,10547,37.496,3.06,3.09,0.0031,464,178
T-BulletDispenser-1x,10548,37.500,3.63,3.61,0.0036,464,178
T-BulletDispenser-1x,10549,37.503,3.18,3.19,0.0032,464,178
T-BulletDispenser-1x,10550,37.506,2.90,2.91,0.0029,464,178
T-BulletDispenser-1x,10551,37.509,2.88,2.90,0.0029,464,178
T-BulletDispenser-1x,10552,37.511,2.71,2.69,0.0027,464,178
T-BulletDispenser-1x,10553,37.514,2.80,2.81,0.0028,464,178
T-BulletDispenser-1x,10554,37.517,3.14,3.10,0.0031,464,178
T-BulletDispenser-1x,10555,37.521,3.30,3.29,0.0033,464,178
T-BulletDispenser-1x,10556,37.524,3.00,3.01,0.0030,464,178
T-BulletDispenser-1x,10557,37.527,3.30,3.29,0.0033,464,178
T-BulletDispenser-1x,10558,37.530,2.84,2.89,0.0028,464,178
T-BulletDispenser-1x,10559,37.532,2.70,2.69,0.0027,464,178
T-BulletDispenser-1x,10560,37.536,3.23,3.20,0.0032,464,178
T-BulletDispenser-1x,10561,37.539,3.30,3.30,0.0033,464,178
T-BulletDispenser-1x,10562,37.542,2.91,2.92,0.0029,464,178
T-BulletDispenser-1x,10563,37.545,3.20,3.19,0.0032,464,178
T-BulletDispenser-1x,10564,37.548,3.19,3.19,0.0032,464,178
T-BulletDispenser-1x,10565,37.551,2.87,2.89,0.0029,516,178
T-BulletDispenser-1x,10566,37.554,2.62,2.60,0.0026,464,178
T-BulletDispenser-1x,10567,37.556,2.59,2.62,0.0026,464,178
T-BulletDispenser-1x,10568,37.559,3.02,2.99,0.0030,464,178
T-BulletDispenser-1x,10569,37.562,3.08,3.08,0.0031,464,178
T-BulletDispenser-1x,10570,37.566,3.11,3.10,0.0031,464,178
T-BulletDispenser-1x,10571,37.568,2.89,2.89,0.0029,464,178
T-BulletDispenser-1x,10572,37.571,3.00,3.02,0.0030,464,178
T-BulletDispenser-1x,10573,37.575,3.22,3.19,0.0032,464,178
T-BulletDispenser-1x,10574,37.578,2.96,2.98,0.0030,464,178
T-BulletDispenser-1x,10575,37.580,2.62,2.61,0.0026,464,178
T-BulletDispenser-1x,10576,37.583,3.21,3.20,0.0032,464,178
T-BulletDispenser-1x,10577,37.587,3.21,3.21,0.0032,464,178
T-BulletDispenser-1x,10578,37.590,3.12,3.10,0.0031,464,178
T-BulletDispenser-1x,10579,37.593,3.19,3.19,0.0032,464,178
T-BulletDispenser-1x,10580,37.596,2.85,2.89,0.0029,464,178
T-BulletDispenser-1x,10581,37.599,2.74,2.72,0.0027,464,178
T-BulletDispenser-1x,10582,37.602,3.13,3.10,0.0031,464,178
T-BulletDispenser-1x,10583,37.605,3.15,3.19,0.0032,464,178
T-BulletDispenser-1x,10584,37.608,3.34,3.30,0.0033,464,178
T-BulletDispenser-1x,10585,37.611,3.17,3.20,0.0032,464,178
T-BulletDispenser-1x,10586,37.614,2.44,2.48,0.0024,464,178
T-BulletDispenser-1x,10587,37.617,2.87,2.81,0.0029,464,178
T-BulletDispenser-1x,10588,37.620,2.88,2.89,0.0029,464,178
T-BulletDispenser-1x,10589,37.622,2.65,2.68,0.0027,464,178
T-BulletDispenser-1x,10590,37.625,2.84,2.81,0.0028,464,178
T-BulletDispenser-1x,10591,37.628,2.86,2.81,0.0029,464,178
T-BulletDispenser-1x,10592,37.631,2.95,2.99,0.0029,464,178
T-BulletDispenser-1x,10593,37.634,2.89,2.90,0.0029,464,178
T-BulletDispenser-1x,10594,37.637,3.21,3.19,0.0032,464,178
T-BulletDispenser-1x,10595,37.640,3.21,3.21,0.0032,464,178
T-BulletDispenser-1x,10596,37.644,3.42,3.40,0.0034,464,178
T-BulletDispenser-1x,10597,37.646,2.63,2.68,0.0026,464,178
T-BulletDispenser-1x,10598,37.649,3.15,3.11,0.0031,464,178
T-BulletDispenser-1x,10599,37.652,2.90,2.90,0.0029,464,178
T-BulletDispenser-1x,10600,37.655,2.67,2.69,0.0027,464,178
T-BulletDispenser-1x,10601,37.658,3.14,3.10,0.0031,464,178
T-BulletDispenser-1x,10602,37.661,3.33,3.30,0.0033,464,178
T-BulletDispenser-1x,10603,37.665,3.29,3.29,0.0033,464,178
T-BulletDispenser-1x,10604,37.667,2.65,2.71,0.0027,464,178
T-BulletDispenser-1x,10605,37.671,3.25,3.20,0.0033,464,178
T-BulletDispenser-1x,10606,37.673,2.68,2.69,0.0027,464,178
T-BulletDispenser-1x,10607,37.676,2.56,2.60,0.0026,464,178
T-BulletDispenser-1x,10608,37.679,2.74,2.70,0.0027,464,178
T-BulletDispenser-1x,10609,37.682,2.99,2.98,0.0030,464,178
T-BulletDispenser-1x,10610,37.685,2.99,3.00,0.0030,464,178
T-BulletDispenser-1x,10611,37.687,2.98,3.00,0.0030,464,178
T-BulletDispenser-1x,10612,37.690,2.93,2.90,0.0029,464,178
T-BulletDispenser-1x,10613,37.693,2.77,2.79,0.0028,464,178
T-BulletDispenser-1x,10614,37.696,2.69,2.70,0.0027,464,178
T-BulletDispenser-1x,10615,37.698,2.55,2.51,0.0026,464,178
T-BulletDispenser-1x,10616,37.702,3.20,3.20,0.0032,464,178
T-BulletDispenser-1x,10617,37.705,3.09,3.08,0.0031,464,178
T-BulletDispenser-1x,10618,37.708,3.30,3.30,0.0033,464,178
T-BulletDispenser-1x,10619,37.711,3.10,3.11,0.0031,464,178
T-BulletDispenser-1x,10620,37.714,2.58,2.60,0.0026,464,178
T-BulletDispenser-1x,10621,37.716,2.71,2.68,0.0027,464,178
T-BulletDispenser-1x,10622,37.720,3.19,3.20,0.0032,464,178
T-BulletDispenser-1x,10623,37.723,3.14,3.11,0.0031,464,178
T-BulletDispenser-1x,10624,37.725,2.74,2.79,0.0027,464,178
T-BulletDispenser-1x,10625,37.729,3.08,3.01,0.0031,464,178
T-BulletDispenser-1x,10626,37.732,2.98,2.98,0.0030,464,178
T-BulletDispenser-1x,10627,37.735,3.37,3.40,0.0034,464,178
T-BulletDispenser-1x,10628,37.738,3.01,3.01,0.0030,464,178
T-BulletDispenser-1x,10629,37.741,2.65,2.68,0.0026,464,178
T-BulletDispenser-1x,10630,37.745,4.04,3.94,0.0040,464,178
T-BulletDispenser-1x,10631,37.748,3.09,3.17,0.0031,464,178
T-BulletDispenser-1x,10632,37.751,3.31,3.30,0.0033,464,178
T-BulletDispenser-1x,10633,37.754,3.24,3.22,0.0032,516,178
T-BulletDispenser-1x,10634,37.757,3.17,3.18,0.0032,464,178
T-BulletDispenser-1x,10635,37.760,2.88,2.89,0.0029,464,178
T-BulletDispenser-1x,10636,37.764,3.24,3.22,0.0032,464,178
T-BulletDispenser-1x,10637,37.767,2.98,3.00,0.0030,464,178
T-BulletDispenser-1x,10638,37.770,3.00,3.00,0.0030,464,178
T-BulletDispenser-1x,10639,37.772,2.69,2.68,0.0027,464,178
T-BulletDispenser-1x,10640,37.775,3.09,3.10,0.0031,464,178
T-BulletDispenser-1x,10641,37.779,3.21,3.20,0.0032,464,178
T-BulletDispenser-1x,10642,37.781,2.80,2.81,0.0028,464,178
T-BulletDispenser-1x,10643,37.784,2.57,2.59,0.0026,464,178
T-BulletDispenser-1x,10644,37.787,2.81,2.79,0.0028,464,178
T-BulletDispenser-1x,10645,37.790,3.01,3.00,0.0030,464,178
T-BulletDispenser-1x,10646,37.793,2.97,3.00,0.0030,464,178
T-BulletDispenser-1x,10647,37.796,3.34,3.30,0.0033,464,178
T-BulletDispenser-1x,10648,37.799,3.18,3.20,0.0032,464,178
T-BulletDispenser-1x,10649,37.802,2.37,2.38,0.0024,464,178
T-BulletDispenser-1x,10650,37.805,3.06,3.02,0.0031,464,178
T-BulletDispenser-1x,10651,37.808,2.91,2.90,0.0029,464,178
T-BulletDispenser-1x,10652,37.811,3.07,3.07,0.0031,464,178
T-BulletDispenser-1x,10653,37.814,3.15,3.11,0.0031,464,178
T-BulletDispenser-1x,10654,37.817,2.97,3.03,0.0030,464,178
T-BulletDispenser-1x,10655,37.820,2.88,2.85,0.0029,464,178
T-BulletDispenser-1x,10656,37.822,2.80,2.82,0.0028,464,178
T-BulletDispenser-1x,10657,37.825,2.78,2.79,0.0028,464,178
T-BulletDispenser-1x,10658,37.828,3.08,3.03,0.0031,464,178
T-BulletDispenser-1x,10659,37.831,3.16,3.18,0.0032,464,178
T-BulletDispenser-1x,10660,37.835,3.26,3.21,0.0033,464,178
T-BulletDispenser-1x,10661,37.838,3.14,3.17,0.0031,464,178
T-BulletDispenser-1x,10662,37.841,3.01,3.01,0.0030,464,178
T-BulletDispenser-1x,10663,37.844,3.00,3.00,0.0030,464,178
T-BulletDispenser-1x,10664,37.847,3.00,2.99,0.0030,464,178
T-BulletDispenser-1x,10665,37.850,3.37,3.39,0.0034,464,178
T-BulletDispenser-1x,10666,37.853,3.21,3.20,0.0032,464,178
T-BulletDispenser-1x,10667,37.857,3.30,3.24,0.0033,464,178
T-BulletDispenser-1x,10668,37.860,3.08,3.16,0.0031,464,178
T-BulletDispenser-1x,10669,37.863,2.90,2.91,0.0029,464,178
T-BulletDispenser-1x,10670,37.866,3.07,3.01,0.0031,464,178
T-BulletDispenser-1x,10671,37.869,3.18,3.19,0.0032,464,178
T-BulletDispenser-1x,10672,37.872,2.97,2.99,0.0030,464,178
T-BulletDispenser-1x,10673,37.875,3.06,3.10,0.0031,464,178
T-BulletDispenser-1x,10674,37.878,2.53,2.50,0.0025,464,178
T-BulletDispenser-1x,10675,37.880,2.68,2.69,0.0027,464,178
T-BulletDispenser-1x,10676,37.883,2.92,2.90,0.0029,464,178
T-BulletDispenser-1x,10677,37.886,2.92,2.90,0.0029,464,178
T-BulletDispenser-1x,10678,37.889,3.32,3.30,0.0033,464,178
T-BulletDispenser-1x,10679,37.892,2.75,2.79,0.0028,464,178
T-BulletDispenser-1x,10680,37.895,3.11,3.10,0.0031,464,178
T-BulletDispenser-1x,10681,37.898,2.58,2.58,0.0026,464,178
T-BulletDispenser-1x,10682,37.900,2.58,2.61,0.0026,464,178
T-BulletDispenser-1x,10683,37.903,2.50,2.49,0.0025,464,178
T-BulletDispenser-1x,10684,37.906,3.08,3.01,0.0031,464,178
T-BulletDispenser-1x,10685,37.909,3.16,3.18,0.0032,464,178
T-BulletDispenser-1x,10686,37.913,3.39,3.40,0.0034,464,178
T-BulletDispenser-1x,10687,37.916,3.09,3.10,0.0031,464,178
T-BulletDispenser-1x,10688,37.918,2.42,2.39,0.0024,464,178
T-BulletDispenser-1x,10689,37.921,3.10,3.10,0.0031,464,178
T-BulletDispenser-1x,10690,37.924,3.31,3.30,0.0033,464,178
T-BulletDispenser-1x,10691,37.927,2.99,3.00,0.0030,464,178
T-BulletDispenser-1x,10692,37.930,2.81,2.81,0.0028,464,178
T-BulletDispenser-1x,10693,37.933,3.13,3.11,0.0031,464,178
T-BulletDispenser-1x,10694,37.936,3.08,3.08,0.0031,464,178
T-BulletDispenser-1x,10695,37.939,2.46,2.50,0.0025,464,178
T-BulletDispenser-1x,10696,37.942,2.85,2.79,0.0028,464,178
T-BulletDispenser-1x,10697,37.945,3.30,3.31,0.0033,464,178
T-BulletDispenser-1x,10698,37.948,3.20,3.20,0.0032,464,178
T-BulletDispenser-1x,10699,37.951,2.64,2.68,0.0026,464,178
T-BulletDispenser-1x,10700,37.954,3.16,3.11,0.0032,464,178
T-BulletDispenser-1x,10701,37.957,2.90,2.90,0.0029,516,178
T-BulletDispenser-1x,10702,37.960,3.12,3.11,0.0031,464,178
T-BulletDispenser-1x,10703,37.963,3.20,3.19,0.0032,464,178
T-BulletDispenser-1x,10704,37.967,3.40,3.40,0.0034,464,178
T-BulletDispenser-1x,10705,37.970,2.91,2.88,0.0029,464,178
T-BulletDispenser-1x,10706,37.973,3.18,3.20,0.0032,464,178
T-BulletDispenser-1x,10707,37.976,3.41,3.39,0.0034,464,178
T-BulletDispenser-1x,10708,37.979,2.89,2.90,0.0029,464,178
T-BulletDispenser-1x,10709,37.982,3.00,3.00,0.0030,464,178
T-BulletDispenser-1x,10710,37.985,2.87,2.87,0.0029,464,178
T-BulletDispenser-1x,10711,37.988,2.85,2.82,0.0028,464,178
T-BulletDispenser-1x,10712,37.990,2.75,2.79,0.0028,464,178
T-BulletDispenser-1x,10713,37.993,2.38,2.40,0.0024,464,178
T-BulletDispenser-1x,10714,37.995,2.50,2.49,0.0025,464,178
T-BulletDispenser-1x,10715,37.998,2.50,2.50,0.0025,464,178
T-BulletDispenser-1x,10716,38.001,3.04,3.02,0.0030,464,178
T-BulletDispenser-1x,10717,38.004,2.91,2.90,0.0029,464,178
T-BulletDispenser-1x,10718,38.007,2.91,2.91,0.0029,464,178
T-BulletDispenser-1x,10719,38.010,3.12,3.08,0.0031,464,178
T-BulletDispenser-1x,10720,38.013,3.27,3.30,0.0033,464,178
T-BulletDispenser-1x,10721,38.016,3.30,3.30,0.0033,464,178
T-BulletDispenser-1x,10722,38.019,2.90,2.91,0.0029,464,178
T-BulletDispenser-1x,10723,38.022,2.47,2.48,0.0025,464,178
T-BulletDispenser-1x,10724,38.025,3.03,3.00,0.0030,464,178
T-BulletDispenser-1x,10725,38.028,3.45,3.21,0.0035,464,178
T-BulletDispenser-1x,10726,38.031,2.97,3.20,0.0030,464,178
T-BulletDispenser-1x,10727,38.034,2.96,2.99,0.0030,464,178
T-BulletDispenser-1x,10728,38.037,2.81,2.81,0.0028,464,178
T-BulletDispenser-1x,10729,38.039,2.50,2.50,0.0025,464,178
T-BulletDispenser-1x,10730,38.043,3.24,3.20,0.0032,464,178
T-BulletDispenser-1x,10731,38.046,3.27,3.30,0.0033,464,178
T-BulletDispenser-1x,10732,38.049,3.19,3.19,0.0032,464,178
T-BulletDispenser-1x,10733,38.052,3.02,3.00,0.0030,464,178
T-BulletDispenser-1x,10734,38.055,2.97,2.99,0.0030,464,178
T-BulletDispenser-1x,10735,38.058,2.81,2.82,0.0028,464,178
T-BulletDispenser-1x,10736,38.061,2.58,2.58,0.0026,464,178
T-BulletDispenser-1x,10737,38.064,2.90,2.83,0.0029,464,178
T-BulletDispenser-1x,10738,38.066,2.92,2.96,0.0029,464,178
T-BulletDispenser-1x,10739,38.069,3.02,3.00,0.0030,464,178
T-BulletDispenser-1x,10740,38.072,2.99,2.99,0.0030,464,178
T-BulletDispenser-1x,10741,38.075,2.99,3.01,0.0030,464,178
T-BulletDispenser-1x,10742,38.078,2.92,2.90,0.0029,464,178
T-BulletDispenser-1x,10743,38.082,3.22,3.21,0.0032,464,178
T-BulletDispenser-1x,10744,38.085,3.11,3.10,0.0031,464,178
T-BulletDispenser-1x,10745,38.088,3.25,3.28,0.0033,464,178
T-BulletDispenser-1x,10746,38.091,3.45,3.42,0.0034,464,178
T-BulletDispenser-1x,10747,38.094,3.07,3.07,0.0031,464,178
T-BulletDispenser-1x,10748,38.097,2.79,2.81,0.0028,464,178
T-BulletDispenser-1x,10749,38.100,3.14,3.11,0.0031,464,178
T-BulletDispenser-1x,10750,38.104,3.59,3.59,0.0036,464,178
T-BulletDispenser-1x,10751,38.107,3.35,3.30,0.0033,464,178
T-BulletDispenser-1x,10752,38.111,3.36,3.40,0.0034,464,178
T-BulletDispenser-1x,10753,38.114,2.95,2.99,0.0030,464,178
T-BulletDispenser-1x,10754,38.117,3.02,3.01,0.0030,464,178
T-BulletDispenser-1x,10755,38.119,2.79,2.79,0.0028,464,178
T-BulletDispenser-1x,10756,38.122,2.67,2.68,0.0027,464,178
T-BulletDispenser-1x,10757,38.125,3.05,3.01,0.0030,464,178
T-BulletDispenser-1x,10758,38.129,3.43,3.42,0.0034,464,178
T-BulletDispenser-1x,10759,38.132,3.07,3.09,0.0031,464,178
T-BulletDispenser-1x,10760,38.135,2.87,2.88,0.0029,464,178
T-BulletDispenser-1x,10761,38.137,2.87,2.91,0.0029,464,178
T-BulletDispenser-1x,10762,38.140,2.59,2.52,0.0026,464,178
T-BulletDispenser-1x,10763,38.143,2.90,2.88,0.0029,464,178
T-BulletDispenser-1x,10764,38.146,3.24,3.28,0.0032,464,178
T-BulletDispenser-1x,10765,38.149,3.34,3.31,0.0033,464,178
T-BulletDispenser-1x,10766,38.153,3.09,3.10,0.0031,464,178
T-BulletDispenser-1x,10767,38.155,2.76,2.78,0.0028,464,178
T-BulletDispenser-1x,10768,38.158,2.70,2.71,0.0027,516,178
T-BulletDispenser-1x,10769,38.161,2.54,2.51,0.0025,464,178
T-BulletDispenser-1x,10770,38.163,2.79,2.79,0.0028,464,178
T-BulletDispenser-1x,10771,38.167,3.31,3.29,0.0033,464,178
T-BulletDispenser-1x,10772,38.170,3.19,3.21,0.0032,464,178
T-BulletDispenser-1x,10773,38.173,2.92,2.91,0.0029,464,178
T-BulletDispenser-1x,10774,38.176,2.91,2.89,0.0029,464,178
T-BulletDispenser-1x,10775,38.179,3.15,3.20,0.0032,464,178
T-BulletDispenser-1x,10776,38.182,2.74,2.70,0.0027,464,178
T-BulletDispenser-1x,10777,38.184,2.96,2.98,0.0030,464,178
T-BulletDispenser-1x,10778,38.187,2.92,2.93,0.0029,464,178
T-BulletDispenser-1x,10779,38.190,2.42,2.39,0.0024,464,178
T-BulletDispenser-1x,10780,38.193,3.52,3.49,0.0035,464,178
T-BulletDispenser-1x,10781,38.196,2.95,2.98,0.0029,464,178
T-BulletDispenser-1x,10782,38.200,3.20,3.21,0.0032,464,178
T-BulletDispenser-1x,10783,38.203,2.99,2.91,0.0030,464,178
T-BulletDispenser-1x,10784,38.206,3.19,3.20,0.0032,464,178
T-BulletDispenser-1x,10785,38.209,3.12,3.17,0.0031,464,178
T-BulletDispenser-1x,10786,38.212,3.41,3.40,0.0034,464,178
T-BulletDispenser-1x,10787,38.215,3.16,3.09,0.0032,464,178
T-BulletDispenser-1x,10788,38.219,3.35,3.39,0.0033,464,178
T-BulletDispenser-1x,10789,38.222,2.78,2.80,0.0028,464,178
T-BulletDispenser-1x,10790,38.224,2.78,2.80,0.0028,464,178
T-BulletDispenser-1x,10791,38.227,2.41,2.41,0.0024,464,178
T-BulletDispenser-1x,10792,38.230,2.92,2.90,0.0029,464,178
T-BulletDispenser-1x,10793,38.233,3.18,3.18,0.0032,464,178
T-BulletDispenser-1x,10794,38.236,3.02,3.00,0.0030,464,178
T-BulletDispenser-1x,10795,38.238,2.68,2.70,0.0027,464,178
T-BulletDispenser-1x,10796,38.242,3.14,3.11,0.0031,464,178
T-BulletDispenser-1x,10797,38.244,2.81,2.79,0.0028,464,178
T-BulletDispenser-1x,10798,38.247,2.32,2.38,0.0023,464,178
T-BulletDispenser-1x,10799,38.249,2.63,2.60,0.0026,464,178
T-BulletDispenser-1x,10800,38.252,2.70,2.71,0.0027,464,178
T-BulletDispenser-1x,10801,38.255,3.01,3.00,0.0030,464,178
T-BulletDispenser-1x,10802,38.259,3.46,3.42,0.0035,464,178
T-BulletDispenser-1x,10803,38.262,3.25,3.29,0.0032,464,178
T-BulletDispenser-1x,10804,38.265,3.01,2.99,0.0030,464,178
T-BulletDispenser-1x,10805,38.268,3.41,3.40,0.0034,464,178
T-BulletDispenser-1x,10806,38.271,2.64,2.69,0.0026,464,178
T-BulletDispenser-1x,10807,38.273,2.50,2.49,0.0025,464,178
T-BulletDispenser-1x,10808,38.276,2.73,2.72,0.0027,464,178
T-BulletDispenser-1x,10809,38.279,2.89,2.88,0.0029,464,178
T-BulletDispenser-1x,10810,38.282,2.98,2.92,0.0030,464,178
T-BulletDispenser-1x,10811,38.285,2.70,2.78,0.0027,464,178
T-BulletDispenser-1x,10812,38.288,2.82,2.80,0.0028,464,178
T-BulletDispenser-1x,10813,38.290,2.82,2.81,0.0028,464,178
T-BulletDispenser-1x,10814,38.293,2.66,2.69,0.0027,464,178
T-BulletDispenser-1x,10815,38.296,2.85,2.80,0.0028,464,178
T-BulletDispenser-1x,10816,38.299,2.68,2.70,0.0027,464,178
T-BulletDispenser-1x,10817,38.301,2.78,2.80,0.0028,464,178
T-BulletDispenser-1x,10818,38.304,3.00,2.98,0.0030,464,178
T-BulletDispenser-1x,10819,38.308,3.21,3.20,0.0032,464,178
T-BulletDispenser-1x,10820,38.311,3.11,3.11,0.0031,464,178
T-BulletDispenser-1x,10821,38.314,2.99,3.01,0.0030,464,178
T-BulletDispenser-1x,10822,38.317,3.32,3.29,0.0033,464,178
T-BulletDispenser-1x,10823,38.320,3.07,3.09,0.0031,464,178
T-BulletDispenser-1x,10824,38.322,2.39,2.40,0.0024,464,178
T-BulletDispenser-1x,10825,38.325,2.83,2.81,0.0028,464,178
T-BulletDispenser-1x,10826,38.328,3.21,3.19,0.0032,464,178
T-BulletDispenser-1x,10827,38.332,3.08,3.09,0.0031,464,178
T-BulletDispenser-1x,10828,38.334,2.88,2.90,0.0029,464,178
T-BulletDispenser-1x,10829,38.337,2.98,3.00,0.0030,464,178
T-BulletDispenser-1x,10830,38.340,2.45,2.44,0.0025,464,178
T-BulletDispenser-1x,10831,38.343,2.98,2.97,0.0030,464,178
T-BulletDispenser-1x,10832,38.346,3.05,3.00,0.0030,464,178
T-BulletDispenser-1x,10833,38.349,2.87,2.89,0.0029,464,178
T-BulletDispenser-1x,10834,38.352,3.24,3.19,0.0032,464,178
T-BulletDispenser-1x,10835,38.355,2.97,3.01,0.0030,464,178
T-BulletDispenser-1x,10836,38.358,3.32,3.30,0.0033,464,178
T-BulletDispenser-1x,10837,38.361,3.14,3.18,0.0031,516,178
T-BulletDispenser-1x,10838,38.364,2.74,2.72,0.0027,464,178
T-BulletDispenser-1x,10839,38.367,2.78,2.80,0.0028,464,178
T-BulletDispenser-1x,10840,38.370,3.23,3.19,0.0032,464,178
T-BulletDispenser-1x,10841,38.373,3.07,3.08,0.0031,464,178
T-BulletDispenser-1x,10842,38.376,3.04,3.02,0.0030,464,178
T-BulletDispenser-1x,10843,38.379,2.87,2.89,0.0029,464,178
T-BulletDispenser-1x,10844,38.382,2.58,2.59,0.0026,464,178
T-BulletDispenser-1x,10845,38.384,2.50,2.49,0.0025,464,178
T-BulletDispenser-1x,10846,38.387,2.93,2.90,0.0029,464,178
T-BulletDispenser-1x,10847,38.390,2.98,3.00,0.0030,464,178
T-BulletDispenser-1x,10848,38.393,2.72,2.70,0.0027,464,178
T-BulletDispenser-1x,10849,38.396,3.24,3.22,0.0032,464,178
T-BulletDispenser-1x,10850,38.399,3.07,3.10,0.0031,464,178
T-BulletDispenser-1x,10851,38.402,3.10,3.08,0.0031,464,178
T-BulletDispenser-1x,10852,38.405,2.97,3.00,0.0030,464,178
T-BulletDispenser-1x,10853,38.408,3.11,3.12,0.0031,464,178
T-BulletDispenser-1x,10854,38.411,2.92,2.89,0.0029,464,178
T-BulletDispenser-1x,10855,38.415,3.44,3.42,0.0034,464,178
T-BulletDispenser-1x,10856,38.418,3.07,3.07,0.0031,464,178
T-BulletDispenser-1x,10857,38.421,3.15,3.18,0.0032,464,178
T-BulletDispenser-1x,10858,38.424,3.33,3.30,0.0033,464,178
T-BulletDispenser-1x,10859,38.427,2.67,2.69,0.0027,464,178
T-BulletDispenser-1x,10860,38.430,2.92,2.92,0.0029,464,178
T-BulletDispenser-1x,10861,38.433,3.32,3.28,0.0033,464,178
T-BulletDispenser-1x,10862,38.436,3.19,3.20,0.0032,464,178
T-BulletDispenser-1x,10863,38.440,3.27,3.22,0.0033,464,178
T-BulletDispenser-1x,10864,38.443,3.14,3.18,0.0031,464,178
T-BulletDispenser-1x,10865,38.446,3.21,3.19,0.0032,464,178
T-BulletDispenser-1x,10866,38.449,3.23,3.20,0.0032,464,178
T-BulletDispenser-1x,10867,38.453,3.57,3.61,0.0036,464,178
T-BulletDispenser-1x,10868,38.456,3.11,3.11,0.0031,464,178
T-BulletDispenser-1x,10869,38.459,3.39,3.37,0.0034,464,178
T-BulletDispenser-1x,10870,38.463,3.37,3.39,0.0034,464,178
T-BulletDispenser-1x,10871,38.465,2.85,2.81,0.0028,464,178
T-BulletDispenser-1x,10872,38.468,2.54,2.61,0.0025,464,178
T-BulletDispenser-1x,10873,38.471,2.92,2.89,0.0029,464,178
T-BulletDispenser-1x,10874,38.474,3.20,3.20,0.0032,464,178
T-BulletDispenser-1x,10875,38.477,3.24,3.21,0.0032,464,178
T-BulletDispenser-1x,10876,38.480,3.03,3.06,0.0030,464,178
T-BulletDispenser-1x,10877,38.483,2.90,2.91,0.0029,464,178
T-BulletDispenser-1x,10878,38.486,2.60,2.60,0.0026,464,178
T-BulletDispenser-1x,10879,38.489,2.69,2.69,0.0027,464,178
T-BulletDispenser-1x,10880,38.491,2.84,2.82,0.0028,464,178
T-BulletDispenser-1x,10881,38.495,3.09,3.08,0.0031,464,178
T-BulletDispenser-1x,10882,38.498,3.13,3.12,0.0031,464,178
T-BulletDispenser-1x,10883,38.500,2.76,2.79,0.0028,464,178
T-BulletDispenser-1x,10884,38.504,3.36,3.31,0.0034,464,178
T-BulletDispenser-1x,10885,38.507,3.11,3.10,0.0031,464,178
T-BulletDispenser-1x,10886,38.509,2.52,2.59,0.0025,464,178
T-BulletDispenser-1x,10887,38.513,3.14,3.09,0.0031,464,178
T-BulletDispenser-1x,10888,38.515,2.88,2.89,0.0029,464,178
T-BulletDispenser-1x,10889,38.518,2.88,2.90,0.0029,464,178
T-BulletDispenser-1x,10890,38.521,3.15,3.12,0.0031,464,178
T-BulletDispenser-1x,10891,38.525,3.07,3.08,0.0031,464,178
T-BulletDispenser-1x,10892,38.528,3.34,3.30,0.0033,464,178
T-BulletDispenser-1x,10893,38.531,2.96,3.00,0.0030,464,178
T-BulletDispenser-1x,10894,38.534,2.78,2.79,0.0028,464,178
T-BulletDispenser-1x,10895,38.537,3.14,3.10,0.0031,464,178
T-BulletDispenser-1x,10896,38.540,3.29,3.30,0.0033,464,178
T-BulletDispenser-1x,10897,38.543,3.31,3.30,0.0033,464,178
T-BulletDispenser-1x,10898,38.546,2.88,2.91,0.0029,464,178
T-BulletDispenser-1x,10899,38.549,2.73,2.70,0.0027,464,178
T-BulletDispenser-1x,10900,38.552,2.89,2.89,0.0029,464,178
T-BulletDispenser-1x,10901,38.555,3.00,3.01,0.0030,464,178
T-BulletDispenser-1x,10902,38.558,2.99,2.98,0.0030,464,178
T-BulletDispenser-1x,10903,38.561,3.28,3.21,0.0033,464,178
T-BulletDispenser-1x,10904,38.564,2.91,2.98,0.0029,516,178
T-BulletDispenser-1x,10905,38.567,3.39,3.40,0.0034,464,178
T-BulletDispenser-1x,10906,38.571,3.54,3.51,0.0035,464,178
T-BulletDispenser-1x,10907,38.574,3.16,3.12,0.0032,464,178
T-BulletDispenser-1x,10908,38.577,2.80,2.88,0.0028,464,178
T-BulletDispenser-1x,10909,38.580,3.12,3.09,0.0031,464,178
T-BulletDispenser-1x,10910,38.583,3.29,3.31,0.0033,464,178
T-BulletDispenser-1x,10911,38.586,3.18,3.18,0.0032,464,178
T-BulletDispenser-1x,10912,38.590,3.25,3.22,0.0032,464,178
T-BulletDispenser-1x,10913,38.592,2.75,2.78,0.0028,464,178
T-BulletDispenser-1x,10914,38.596,3.24,3.20,0.0032,464,178
T-BulletDispenser-1x,10915,38.599,2.89,2.91,0.0029,464,178
T-BulletDispenser-1x,10916,38.601,2.56,2.60,0.0026,464,178
T-BulletDispenser-1x,10917,38.604,2.84,2.79,0.0028,464,178
T-BulletDispenser-1x,10918,38.607,2.91,2.91,0.0029,464,178
T-BulletDispenser-1x,10919,38.610,2.91,2.89,0.0029,464,178
T-BulletDispenser-1x,10920,38.613,3.07,3.09,0.0031,464,178
T-BulletDispenser-1x,10921,38.616,3.44,3.42,0.0034,464,178
T-BulletDispenser-1x,10922,38.619,2.99,2.99,0.0030,464,178
T-BulletDispenser-1x,10923,38.622,3.10,3.09,0.0031,464,178
T-BulletDispenser-1x,10924,38.625,2.88,2.90,0.0029,464,178
T-BulletDispenser-1x,10925,38.629,3.21,3.20,0.0032,464,178
T-BulletDispenser-1x,10926,38.632,2.98,2.99,0.0030,464,178
T-BulletDispenser-1x,10927,38.634,2.98,3.00,0.0030,464,178
T-BulletDispenser-1x,10928,38.637,2.90,2.90,0.0029,464,178
T-BulletDispenser-1x,10929,38.641,3.11,3.10,0.0031,464,178
T-BulletDispenser-1x,10930,38.644,3.22,3.18,0.0032,464,178
T-BulletDispenser-1x,10931,38.646,2.66,2.70,0.0027,464,178
T-BulletDispenser-1x,10932,38.650,3.23,3.20,0.0032,464,178
T-BulletDispenser-1x,10933,38.653,3.20,3.20,0.0032,464,178
T-BulletDispenser-1x,10934,38.656,2.79,2.80,0.0028,464,178
T-BulletDispenser-1x,10935,38.658,2.57,2.59,0.0026,464,178
T-BulletDispenser-1x,10936,38.661,2.51,2.49,0.0025,464,178
T-BulletDispenser-1x,10937,38.664,2.84,2.82,0.0028,464,178
T-BulletDispenser-1x,10938,38.667,3.17,3.19,0.0032,464,178
T-BulletDispenser-1x,10939,38.670,3.33,3.30,0.0033,464,178
T-BulletDispenser-1x,10940,38.673,3.12,3.10,0.0031,464,178
T-BulletDispenser-1x,10941,38.676,2.97,3.00,0.0030,464,178
T-BulletDispenser-1x,10942,38.679,3.20,3.20,0.0032,464,178
T-BulletDispenser-1x,10943,38.682,2.89,2.88,0.0029,464,178
T-BulletDispenser-1x,10944,38.685,3.21,3.21,0.0032,464,178
T-BulletDispenser-1x,10945,38.688,2.99,3.00,0.0030,464,178
T-BulletDispenser-1x,10946,38.692,3.52,3.51,0.0035,464,178
T-BulletDispenser-1x,10947,38.695,3.52,3.50,0.0035,464,178
T-BulletDispenser-1x,10948,38.699,3.19,3.12,0.0032,464,178
T-BulletDispenser-1x,10949,38.702,2.98,3.07,0.0030,464,178
T-BulletDispenser-1x,10950,38.705,3.00,2.99,0.0030,464,178
T-BulletDispenser-1x,10951,38.708,3.32,3.30,0.0033,464,178
T-BulletDispenser-1x,10952,38.711,2.97,3.00,0.0030,464,178
T-BulletDispenser-1x,10953,38.714,2.70,2.71,0.0027,464,178
T-BulletDispenser-1x,10954,38.717,3.12,3.10,0.0031,464,178
T-BulletDispenser-1x,10955,38.720,2.85,2.80,0.0028,464,178
T-BulletDispenser-1x,10956,38.722,2.54,2.59,0.0025,464,178
T-BulletDispenser-1x,10957,38.725,3.10,3.11,0.0031,464,178
T-BulletDispenser-1x,10958,38.728,3.21,3.20,0.0032,464,178
T-BulletDispenser-1x,10959,38.731,2.88,2.89,0.0029,464,178
T-BulletDispenser-1x,10960,38.734,2.79,2.80,0.0028,464,178
T-BulletDispenser-1x,10961,38.737,2.58,2.58,0.0026,464,178
T-BulletDispenser-1x,10962,38.739,2.29,2.30,0.0023,464,178
T-BulletDispenser-1x,10963,38.742,2.87,2.83,0.0029,464,178
T-BulletDispenser-1x,10964,38.745,2.87,2.88,0.0029,464,178
T-BulletDispenser-1x,10965,38.748,3.32,3.30,0.0033,464,178
T-BulletDispenser-1x,10966,38.751,3.00,3.01,0.0030,464,178
T-BulletDispenser-1x,10967,38.754,3.21,3.20,0.0032,464,178
T-BulletDispenser-1x,10968,38.757,3.18,3.20,0.0032,464,178
T-BulletDispenser-1x,10969,38.760,2.46,2.47,0.0025,464,178
T-BulletDispenser-1x,10970,38.763,2.87,2.83,0.0029,464,178
T-BulletDispenser-1x,10971,38.766,3.20,3.19,0.0032,516,178
T-BulletDispenser-1x,10972,38.769,3.30,3.30,0.0033,464,178
T-BulletDispenser-1x,10973,38.772,2.89,2.89,0.0029,464,178
T-BulletDispenser-1x,10974,38.775,2.97,3.00,0.0030,464,178
T-BulletDispenser-1x,10975,38.778,2.59,2.49,0.0026,464,178
T-BulletDispenser-1x,10976,38.780,2.83,2.91,0.0028,464,178
T-BulletDispenser-1x,10977,38.783,2.90,2.88,0.0029,464,178
T-BulletDispenser-1x,10978,38.786,2.81,2.81,0.0028,464,178
T-BulletDispenser-1x,10979,38.789,3.16,3.10,0.0032,464,178
T-BulletDispenser-1x,10980,38.792,3.01,3.01,0.0030,464,178
T-BulletDispenser-1x,10981,38.795,3.01,3.07,0.0030,464,178
T-BulletDispenser-1x,10982,38.798,2.92,2.90,0.0029,464,178
T-BulletDispenser-1x,10983,38.801,3.00,3.01,0.0030,464,178
T-BulletDispenser-1x,10984,38.804,2.78,2.79,0.0028,464,178
T-BulletDispenser-1x,10985,38.807,3.25,3.21,0.0032,464,178
T-BulletDispenser-1x,10986,38.811,3.38,3.38,0.0034,464,178
T-BulletDispenser-1x,10987,38.814,3.09,3.11,0.0031,464,178
T-BulletDispenser-1x,10988,38.817,3.40,3.40,0.0034,464,178
T-BulletDispenser-1x,10989,38.820,3.00,2.99,0.0030,464,178
T-BulletDispenser-1x,10990,38.823,3.23,3.22,0.0032,464,178
T-BulletDispenser-1x,10991,38.827,3.21,3.19,0.0032,464,178
T-BulletDispenser-1x,10992,38.830,2.97,3.00,0.0030,464,178
T-BulletDispenser-1x,10993,38.833,3.20,3.19,0.0032,464,178
T-BulletDispenser-1x,10994,38.836,2.68,2.69,0.0027,464,178
T-BulletDispenser-1x,10995,38.838,2.78,2.79,0.0028,464,178
T-BulletDispenser-1x,10996,38.841,3.13,3.11,0.0031,464,178
T-BulletDispenser-1x,10997,38.845,3.10,3.09,0.0031,464,178
T-BulletDispenser-1x,10998,38.847,2.92,2.91,0.0029,464,178
T-BulletDispenser-1x,10999,38.850,2.99,2.99,0.0030,464,178
T-BulletDispenser-1x,11000,38.853,3.08,3.09,0.0031,464,178
T-BulletDispenser-1x,11001,38.856,2.37,2.39,0.0024,464,178
T-BulletDispenser-1x,11002,38.859,2.83,2.81,0.0028,464,178
T-BulletDispenser-1x,11003,38.862,2.94,2.91,0.0029,464,178
T-BulletDispenser-1x,11004,38.865,3.20,3.19,0.0032,464,178
T-BulletDispenser-1x,11005,38.868,3.30,3.30,0.0033,464,178
T-BulletDispenser-1x,11006,38.871,2.87,2.88,0.0029,464,178
T-BulletDispenser-1x,11007,38.874,2.69,2.70,0.0027,464,178
T-BulletDispenser-1x,11008,38.876,2.54,2.52,0.0025,464,178
T-BulletDispenser-1x,11009,38.879,3.06,3.07,0.0031,464,178
T-BulletDispenser-1x,11010,38.882,3.11,3.11,0.0031,464,178
T-BulletDispenser-1x,11011,38.885,3.03,3.01,0.0030,464,178
T-BulletDispenser-1x,11012,38.888,2.96,2.98,0.0030,464,178
T-BulletDispenser-1x,11013,38.891,2.89,2.90,0.0029,464,178
T-BulletDispenser-1x,11014,38.894,2.41,2.39,0.0024,464,178
T-BulletDispenser-1x,11015,38.897,2.95,2.92,0.0030,464,178
T-BulletDispenser-1x,11016,38.900,3.28,3.29,0.0033,464,178
T-BulletDispenser-1x,11017,38.903,3.29,3.30,0.0033,464,178
T-BulletDispenser-1x,11018,38.906,3.12,3.10,0.0031,464,178
T-BulletDispenser-1x,11019,38.909,2.54,2.58,0.0025,464,178
T-BulletDispenser-1x,11020,38.911,2.54,2.50,0.0025,464,178
T-BulletDispenser-1x,11021,38.915,3.52,3.50,0.0035,464,178
T-BulletDispenser-1x,11022,38.918,3.30,3.32,0.0033,464,178
T-BulletDispenser-1x,11023,38.921,2.97,2.99,0.0030,464,178
T-BulletDispenser-1x,11024,38.925,3.36,3.31,0.0034,464,178
T-BulletDispenser-1x,11025,38.928,3.34,3.37,0.0033,464,178
T-BulletDispenser-1x,11026,38.931,2.79,2.80,0.0028,464,178
T-BulletDispenser-1x,11027,38.934,3.18,3.13,0.0032,464,178
T-BulletDispenser-1x,11028,38.937,3.33,3.38,0.0033,464,178
T-BulletDispenser-1x,11029,38.940,3.12,3.11,0.0031,464,178
T-BulletDispenser-1x,11030,38.943,2.95,2.89,0.0030,464,178
T-BulletDispenser-1x,11031,38.946,2.83,2.89,0.0028,464,178
T-BulletDispenser-1x,11032,38.949,3.01,2.99,0.0030,464,178
T-BulletDispenser-1x,11033,38.952,3.31,3.31,0.0033,464,178
T-BulletDispenser-1x,11034,38.956,3.25,3.22,0.0033,464,178
T-BulletDispenser-1x,11035,38.959,3.45,3.49,0.0035,464,178
T-BulletDispenser-1x,11036,38.962,3.16,3.19,0.0032,464,178
T-BulletDispenser-1x,11037,38.965,2.78,2.71,0.0028,464,178
T-BulletDispenser-1x,11038,38.968,2.94,2.99,0.0029,516,178
T-BulletDispenser-1x,11039,38.971,3.24,3.21,0.0032,464,178
T-BulletDispenser-1x,11040,38.974,3.05,3.09,0.0031,464,178
T-BulletDispenser-1x,11041,38.978,3.53,3.50,0.0035,464,178
T-BulletDispenser-1x,11042,38.981,3.16,3.13,0.0032,464,178
T-BulletDispenser-1x,11043,38.984,3.37,3.38,0.0034,464,178
T-BulletDispenser-1x,11044,38.987,3.11,3.17,0.0031,464,178
T-BulletDispenser-1x,11045,38.991,3.47,3.42,0.0035,464,178
T-BulletDispenser-1x,11046,38.994,3.01,2.99,0.0030,464,178
T-BulletDispenser-1x,11047,38.997,2.98,2.99,0.0030,464,178
T-BulletDispenser-1x,11048,39.000,2.95,2.98,0.0029,464,178
T-BulletDispenser-1x,11049,39.002,2.54,2.51,0.0025,464,178
T-BulletDispenser-1x,11050,39.006,3.31,3.30,0.0033,464,178
T-BulletDispenser-1x,11051,39.009,3.23,3.20,0.0032,464,178
T-BulletDispenser-1x,11052,39.012,3.46,3.49,0.0035,464,178
T-BulletDispenser-1x,11053,39.016,3.18,3.19,0.0032,464,178
T-BulletDispenser-1x,11054,39.019,3.04,3.01,0.0030,464,178
T-BulletDispenser-1x,11055,39.022,3.06,3.09,0.0031,464,178
T-BulletDispenser-1x,11056,39.025,2.80,2.80,0.0028,464,178
T-BulletDispenser-1x,11057,39.027,2.61,2.61,0.0026,464,178
T-BulletDispenser-1x,11058,39.030,3.31,3.30,0.0033,464,178
T-BulletDispenser-1x,11059,39.034,3.10,3.09,0.0031,464,178
T-BulletDispenser-1x,11060,39.037,3.30,3.29,0.0033,464,178
T-BulletDispenser-1x,11061,39.040,3.02,2.99,0.0030,464,178
T-BulletDispenser-1x,11062,39.044,3.62,3.61,0.0036,464,178
T-BulletDispenser-1x,11063,39.047,3.29,3.29,0.0033,464,178
T-BulletDispenser-1x,11064,39.050,3.49,3.50,0.0035,464,178
T-BulletDispenser-1x,11065,39.054,3.27,3.28,0.0033,464,178
T-BulletDispenser-1x,11066,39.057,3.12,3.11,0.0031,464,178
T-BulletDispenser-1x,11067,39.059,2.86,2.88,0.0029,464,178
T-BulletDispenser-1x,11068,39.063,3.02,3.01,0.0030,464,178
T-BulletDispenser-1x,11069,39.065,2.92,2.89,0.0029,464,178
T-BulletDispenser-1x,11070,39.069,3.52,3.51,0.0035,464,178
T-BulletDispenser-1x,11071,39.072,3.48,3.49,0.0035,464,178
T-BulletDispenser-1x,11072,39.075,2.96,3.00,0.0030,464,178
T-BulletDispenser-1x,11073,39.078,2.81,2.79,0.0028,464,178
T-BulletDispenser-1x,11074,39.081,3.18,3.11,0.0032,464,178
T-BulletDispenser-1x,11075,39.085,3.49,3.50,0.0035,464,178
T-BulletDispenser-1x,11076,39.088,3.13,3.18,0.0031,464,178
T-BulletDispenser-1x,11077,39.091,3.12,3.14,0.0031,464,178
T-BulletDispenser-1x,11078,39.094,2.99,2.95,0.0030,464,178
T-BulletDispenser-1x,11079,39.097,3.13,3.12,0.0031,464,178
T-BulletDispenser-1x,11080,39.100,2.72,2.78,0.0027,464,178
T-BulletDispenser-1x,11081,39.103,2.91,2.82,0.0029,464,178
T-BulletDispenser-1x,11082,39.106,2.92,2.97,0.0029,464,178
T-BulletDispenser-1x,11083,39.109,3.05,3.02,0.0031,464,178
T-BulletDispenser-1x,11084,39.112,3.42,3.38,0.0034,464,178
T-BulletDispenser-1x,11085,39.116,3.48,3.49,0.0035,464,178
T-BulletDispenser-1x,11086,39.119,2.88,2.90,0.0029,464,178
T-BulletDispenser-1x,11087,39.122,3.11,3.11,0.0031,464,178
T-BulletDispenser-1x,11088,39.125,3.27,3.29,0.0033,464,178
T-BulletDispenser-1x,11089,39.128,2.70,2.70,0.0027,464,178
T-BulletDispenser-1x,11090,39.131,2.91,2.91,0.0029,464,178
T-BulletDispenser-1x,11091,39.134,2.93,2.90,0.0029,464,178
T-BulletDispenser-1x,11092,39.137,3.16,3.17,0.0032,464,178
T-BulletDispenser-1x,11093,39.140,3.02,3.00,0.0030,464,178
T-BulletDispenser-1x,11094,39.143,2.89,2.89,0.0029,464,178
T-BulletDispenser-1x,11095,39.146,2.96,2.99,0.0030,464,178
T-BulletDispenser-1x,11096,39.148,2.74,2.72,0.0027,464,178
T-BulletDispenser-1x,11097,39.152,3.28,3.20,0.0033,464,178
T-BulletDispenser-1x,11098,39.155,2.99,3.08,0.0030,464,178
T-BulletDispenser-1x,11099,39.158,3.25,3.22,0.0033,464,178
T-BulletDispenser-1x,11100,39.161,3.39,3.39,0.0034,464,178
T-BulletDispenser-1x,11101,39.164,2.98,2.99,0.0030,464,178
T-BulletDispenser-1x,11102,39.167,3.10,3.10,0.0031,464,178
T-BulletDispenser-1x,11103,39.170,3.13,3.11,0.0031,516,178
T-BulletDispenser-1x,11104,39.173,2.98,2.97,0.0030,464,178
T-BulletDispenser-1x,11105,39.177,3.50,3.44,0.0035,464,178
T-BulletDispenser-1x,11106,39.180,3.27,3.36,0.0033,464,178
T-BulletDispenser-1x,11107,39.183,3.12,3.11,0.0031,464,178
T-BulletDispenser-1x,11108,39.187,3.49,3.49,0.0035,464,178
T-BulletDispenser-1x,11109,39.190,3.20,3.20,0.0032,464,178
T-BulletDispenser-1x,11110,39.193,2.78,2.80,0.0028,464,178
T-BulletDispenser-1x,11111,39.196,2.83,2.81,0.0028,464,178
T-BulletDispenser-1x,11112,39.199,3.33,3.30,0.0033,464,178
T-BulletDispenser-1x,11113,39.202,3.39,3.38,0.0034,464,178
T-BulletDispenser-1x,11114,39.205,2.98,3.00,0.0030,464,178
T-BulletDispenser-1x,11115,39.209,3.33,3.29,0.0033,464,178
T-BulletDispenser-1x,11116,39.212,2.99,3.00,0.0030,464,178
T-BulletDispenser-1x,11117,39.215,2.87,2.90,0.0029,464,178
T-BulletDispenser-1x,11118,39.218,3.09,3.10,0.0031,464,178
T-BulletDispenser-1x,11119,39.221,3.03,2.98,0.0030,464,178
T-BulletDispenser-1x,11120,39.224,3.18,3.12,0.0032,464,178
T-BulletDispenser-1x,11121,39.227,3.29,3.37,0.0033,464,178
T-BulletDispenser-1x,11122,39.230,3.08,3.10,0.0031,464,178
T-BulletDispenser-1x,11123,39.233,2.98,3.00,0.0030,464,178
T-BulletDispenser-1x,11124,39.236,2.53,2.50,0.0025,464,178
T-BulletDispenser-1x,11125,39.239,3.10,3.10,0.0031,464,178
T-BulletDispenser-1x,11126,39.242,3.30,3.30,0.0033,464,178
T-BulletDispenser-1x,11127,39.245,3.25,3.21,0.0032,464,178
T-BulletDispenser-1x,11128,39.248,3.07,3.08,0.0031,464,178
T-BulletDispenser-1x,11129,39.252,3.30,3.31,0.0033,464,178
T-BulletDispenser-1x,11130,39.254,2.77,2.80,0.0028,464,178
T-BulletDispenser-1x,11131,39.257,2.99,2.98,0.0030,464,178
T-BulletDispenser-1x,11132,39.261,3.35,3.31,0.0034,464,178
T-BulletDispenser-1x,11133,39.264,3.00,3.01,0.0030,464,178
T-BulletDispenser-1x,11134,39.267,3.07,3.10,0.0031,464,178
T-BulletDispenser-1x,11135,39.270,3.22,3.19,0.0032,464,178
T-BulletDispenser-1x,11136,39.273,2.97,2.98,0.0030,464,178
T-BulletDispenser-1x,11137,39.276,3.15,3.11,0.0031,464,178
T-BulletDispenser-1x,11138,39.279,2.97,2.99,0.0030,464,178
T-BulletDispenser-1x,11139,39.282,3.04,3.01,0.0030,464,178
T-BulletDispenser-1x,11140,39.286,3.41,3.38,0.0034,464,178
T-BulletDispenser-1x,11141,39.289,3.17,3.21,0.0032,464,178
T-BulletDispenser-1x,11142,39.292,3.10,3.09,0.0031,464,178
T-BulletDispenser-1x,11143,39.295,2.98,3.00,0.0030,464,178
T-BulletDispenser-1x,11144,39.298,3.33,3.29,0.0033,464,178
T-BulletDispenser-1x,11145,39.301,3.22,3.20,0.0032,464,178
T-BulletDispenser-1x,11146,39.305,3.58,3.60,0.0036,464,178
T-BulletDispenser-1x,11147,39.308,3.15,3.19,0.0032,464,178
T-BulletDispenser-1x,11148,39.311,3.12,3.10,0.0031,464,178
T-BulletDispenser-1x,11149,39.314,3.11,3.11,0.0031,464,178
T-BulletDispenser-1x,11150,39.317,2.78,2.79,0.0028,464,178
T-BulletDispenser-1x,11151,39.320,3.21,3.20,0.0032,464,178
T-BulletDispenser-1x,11152,39.324,3.35,3.31,0.0034,464,178
T-BulletDispenser-1x,11153,39.327,3.48,3.49,0.0035,464,178
T-BulletDispenser-1x,11154,39.330,2.97,2.99,0.0030,464,178
T-BulletDispenser-1x,11155,39.333,2.86,2.82,0.0029,464,178
T-BulletDispenser-1x,11156,39.336,3.17,3.20,0.0032,464,178
T-BulletDispenser-1x,11157,39.339,3.20,3.18,0.0032,464,178
T-BulletDispenser-1x,11158,39.343,3.09,3.11,0.0031,464,178
T-BulletDispenser-1x,11159,39.346,3.16,3.19,0.0032,464,178
T-BulletDispenser-1x,11160,39.349,2.93,2.89,0.0029,464,178
T-BulletDispenser-1x,11161,39.352,2.99,3.00,0.0030,464,178
T-BulletDispenser-1x,11162,39.355,3.07,3.09,0.0031,464,178
T-BulletDispenser-1x,11163,39.358,3.27,3.23,0.0033,464,178
T-BulletDispenser-1x,11164,39.361,3.22,3.20,0.0032,464,178
T-BulletDispenser-1x,11165,39.365,3.37,3.39,0.0034,464,178
T-BulletDispenser-1x,11166,39.368,3.43,3.39,0.0034,464,178
T-BulletDispenser-1x,11167,39.371,2.82,2.89,0.0028,516,178
T-BulletDispenser-1x,11168,39.374,3.00,3.00,0.0030,464,178
T-BulletDispenser-1x,11169,39.377,3.36,3.30,0.0034,464,178
T-BulletDispenser-1x,11170,39.380,3.13,3.19,0.0031,464,178
T-BulletDispenser-1x,11171,39.384,3.35,3.32,0.0034,464,178
T-BulletDispenser-1x,11172,39.387,3.29,3.30,0.0033,464,178
T-BulletDispenser-1x,11173,39.390,3.00,2.99,0.0030,464,178
T-BulletDispenser-1x,11174,39.393,3.19,3.20,0.0032,464,178
T-BulletDispenser-1x,11175,39.396,3.05,3.08,0.0031,464,178
T-BulletDispenser-1x,11176,39.399,3.03,2.99,0.0030,464,178
T-BulletDispenser-1x,11177,39.403,3.31,3.30,0.0033,464,178
T-BulletDispenser-1x,11178,39.406,3.64,3.52,0.0036,464,178
T-BulletDispenser-1x,11179,39.410,3.68,3.78,0.0037,464,178
T-BulletDispenser-1x,11180,39.413,3.19,3.20,0.0032,464,178
T-BulletDispenser-1x,11181,39.416,3.29,3.30,0.0033,464,178
T-BulletDispenser-1x,11182,39.420,3.40,3.40,0.0034,464,178
T-BulletDispenser-1x,11183,39.423,3.30,3.29,0.0033,464,178
T-BulletDispenser-1x,11184,39.426,3.13,3.11,0.0031,464,178
T-BulletDispenser-1x,11185,39.429,3.24,3.30,0.0032,464,178
T-BulletDispenser-1x,11186,39.432,3.01,2.98,0.0030,464,178
T-BulletDispenser-1x,11187,39.436,3.11,3.10,0.0031,464,178
T-BulletDispenser-1x,11188,39.439,3.12,3.12,0.0031,464,178
T-BulletDispenser-1x,11189,39.442,3.42,3.41,0.0034,464,178
T-BulletDispenser-1x,11190,39.446,3.42,3.39,0.0034,464,178
T-BulletDispenser-1x,11191,39.449,3.42,3.40,0.0034,464,178
T-BulletDispenser-1x,11192,39.452,3.22,3.27,0.0032,464,178
T-BulletDispenser-1x,11193,39.455,2.98,2.99,0.0030,464,178
T-BulletDispenser-1x,11194,39.458,2.81,2.82,0.0028,464,178
T-BulletDispenser-1x,11195,39.461,3.02,2.99,0.0030,464,178
T-BulletDispenser-1x,11196,39.464,3.49,3.48,0.0035,464,178
T-BulletDispenser-1x,11197,39.467,2.80,2.82,0.0028,464,178
T-BulletDispenser-1x,11198,39.470,2.99,2.98,0.0030,464,178
T-BulletDispenser-1x,11199,39.473,2.94,2.92,0.0029,464,178
T-BulletDispenser-1x,11200,39.476,2.79,2.78,0.0028,464,178
T-BulletDispenser-1x,11201,39.479,3.48,3.50,0.0035,464,178
T-BulletDispenser-1x,11202,39.483,3.32,3.30,0.0033,464,178
T-BulletDispenser-1x,11203,39.486,2.89,2.89,0.0029,464,178
T-BulletDispenser-1x,11204,39.489,2.89,2.91,0.0029,464,178
T-BulletDispenser-1x,11205,39.492,3.20,3.19,0.0032,464,178
T-BulletDispenser-1x,11206,39.494,2.69,2.69,0.0027,464,178
T-BulletDispenser-1x,11207,39.497,3.01,2.93,0.0030,464,178
T-BulletDispenser-1x,11208,39.501,3.75,3.77,0.0038,464,178
T-BulletDispenser-1x,11209,39.505,3.50,3.50,0.0035,464,178
T-BulletDispenser-1x,11210,39.508,3.15,3.18,0.0031,464,178
T-BulletDispenser-1x,11211,39.511,2.92,2.91,0.0029,464,178
T-BulletDispenser-1x,11212,39.514,2.99,3.00,0.0030,464,178
T-BulletDispenser-1x,11213,39.517,3.08,3.09,0.0031,464,178
T-BulletDispenser-1x,11214,39.520,3.58,3.52,0.0036,464,178
T-BulletDispenser-1x,11215,39.524,3.37,3.38,0.0034,464,178
T-BulletDispenser-1x,11216,39.527,3.62,3.62,0.0036,464,178
T-BulletDispenser-1x,11217,39.531,3.17,3.17,0.0032,464,178
T-BulletDispenser-1x,11218,39.534,3.18,3.20,0.0032,464,178
T-BulletDispenser-1x,11219,39.537,2.90,2.89,0.0029,464,178
T-BulletDispenser-1x,11220,39.540,3.05,3.01,0.0031,464,178
T-BulletDispenser-1x,11221,39.543,3.46,3.50,0.0035,464,178
T-BulletDispenser-1x,11222,39.546,3.03,3.01,0.0030,464,178
T-BulletDispenser-1x,11223,39.549,3.04,3.01,0.0030,464,178
T-BulletDispenser-1x,11224,39.552,3.25,3.26,0.0033,464,178
T-BulletDispenser-1x,11225,39.556,3.28,3.23,0.0033,464,178
T-BulletDispenser-1x,11226,39.559,3.31,3.36,0.0033,464,178
T-BulletDispenser-1x,11227,39.562,3.18,3.20,0.0032,464,178
T-BulletDispenser-1x,11228,39.565,2.91,2.90,0.0029,464,178
T-BulletDispenser-1x,11229,39.568,3.00,2.90,0.0030,464,178
T-BulletDispenser-1x,11230,39.571,3.09,3.18,0.0031,516,178
T-BulletDispenser-1x,11231,39.575,3.39,3.39,0.0034,464,178
T-BulletDispenser-1x,11232,39.578,3.04,3.01,0.0030,464,178
T-BulletDispenser-1x,11233,39.581,3.49,3.49,0.0035,464,178
T-BulletDispenser-1x,11234,39.584,2.66,2.71,0.0027,464,178
T-BulletDispenser-1x,11235,39.586,2.50,2.48,0.0025,464,178
T-BulletDispenser-1x,11236,39.589,2.77,2.78,0.0028,464,178
T-BulletDispenser-1x,11237,39.592,3.16,3.13,0.0032,464,178
T-BulletDispenser-1x,11238,39.595,3.00,3.01,0.0030,464,178
T-BulletDispenser-1x,11239,39.598,2.91,2.90,0.0029,464,178
T-BulletDispenser-1x,11240,39.601,3.08,3.09,0.0031,464,178
T-BulletDispenser-1x,11241,39.604,3.20,3.19,0.0032,464,178
T-BulletDispenser-1x,11242,39.607,2.79,2.79,0.0028,464,178
T-BulletDispenser-1x,11243,39.610,2.78,2.79,0.0028,464,178
T-BulletDispenser-1x,11244,39.613,3.03,3.01,0.0030,464,178
T-BulletDispenser-1x,11245,39.616,2.96,2.90,0.0030,464,178
T-BulletDispenser-1x,11246,39.619,2.86,2.90,0.0029,464,178
T-BulletDispenser-1x,11247,39.622,3.09,3.09,0.0031,464,178
T-BulletDispenser-1x,11248,39.625,3.22,3.19,0.0032,464,178
T-BulletDispenser-1x,11249,39.629,3.59,3.59,0.0036,464,178
T-BulletDispenser-1x,11250,39.632,3.20,3.21,0.0032,464,178
T-BulletDispenser-1x,11251,39.635,3.21,3.18,0.0032,464,178
T-BulletDispenser-1x,11252,39.638,2.74,2.80,0.0027,464,178
T-BulletDispenser-1x,11253,39.641,2.65,2.61,0.0027,464,178
T-BulletDispenser-1x,11254,39.644,3.40,3.39,0.0034,464,178
T-BulletDispenser-1x,11255,39.647,3.42,3.40,0.0034,464,178
T-BulletDispenser-1x,11256,39.651,3.15,3.20,0.0032,464,178
T-BulletDispenser-1x,11257,39.654,3.33,3.30,0.0033,464,178
T-BulletDispenser-1x,11258,39.657,2.82,2.80,0.0028,464,178
T-BulletDispenser-1x,11259,39.660,2.96,3.00,0.0030,464,178
T-BulletDispenser-1x,11260,39.663,3.20,3.19,0.0032,464,178
T-BulletDispenser-1x,11261,39.666,3.31,3.29,0.0033,464,178
T-BulletDispenser-1x,11262,39.669,3.10,3.11,0.0031,464,178
T-BulletDispenser-1x,11263,39.672,3.16,3.11,0.0032,464,178
T-BulletDispenser-1x,11264,39.675,3.03,3.08,0.0030,464,178
T-BulletDispenser-1x,11265,39.678,2.88,2.90,0.0029,464,178
T-BulletDispenser-1x,11266,39.681,2.98,2.99,0.0030,464,178
T-BulletDispenser-1x,11267,39.684,3.02,3.01,0.0030,464,178
T-BulletDispenser-1x,11268,39.687,3.11,3.12,0.0031,464,178
T-BulletDispenser-1x,11269,39.691,3.09,3.08,0.0031,464,178
T-BulletDispenser-1x,11270,39.694,3.32,3.30,0.0033,464,178
T-BulletDispenser-1x,11271,39.696,2.64,2.69,0.0026,464,178
T-BulletDispenser-1x,11272,39.699,2.51,2.50,0.0025,464,178
T-BulletDispenser-1x,11273,39.702,3.13,3.10,0.0031,464,178
T-BulletDispenser-1x,11274,39.705,2.88,2.90,0.0029,464,178
T-BulletDispenser-1x,11275,39.708,3.19,3.21,0.0032,464,178
T-BulletDispenser-1x,11276,39.711,3.00,2.99,0.0030,464,178
T-BulletDispenser-1x,11277,39.714,2.80,2.81,0.0028,464,178
T-BulletDispenser-1x,11278,39.717,2.69,2.69,0.0027,464,178
T-BulletDispenser-1x,11279,39.719,2.67,2.63,0.0027,464,178
T-BulletDispenser-1x,11280,39.722,2.63,2.66,0.0026,464,178
T-BulletDispenser-1x,11281,39.725,3.07,3.02,0.0031,464,178
T-BulletDispenser-1x,11282,39.728,3.38,3.38,0.0034,464,178
T-BulletDispenser-1x,11283,39.731,2.99,3.00,0.0030,464,178
T-BulletDispenser-1x,11284,39.734,2.46,2.50,0.0025,464,178
T-BulletDispenser-1x,11285,39.737,3.16,3.11,0.0032,464,178
T-BulletDispenser-1x,11286,39.740,3.41,3.40,0.0034,464,178
T-BulletDispenser-1x,11287,39.744,3.39,3.39,0.0034,464,178
T-BulletDispenser-1x,11288,39.747,3.06,3.09,0.0031,464,178
T-BulletDispenser-1x,11289,39.750,3.01,3.01,0.0030,464,178
T-BulletDispenser-1x,11290,39.753,2.89,2.89,0.0029,464,178
T-BulletDispenser-1x,11291,39.756,3.24,3.21,0.0032,464,178
T-BulletDispenser-1x,11292,39.759,2.83,2.88,0.0028,464,178
T-BulletDispenser-1x,11293,39.762,3.24,3.20,0.0032,464,178
T-BulletDispenser-1x,11294,39.765,3.11,3.11,0.0031,464,178
T-BulletDispenser-1x,11295,39.768,2.54,2.58,0.0025,464,178
T-BulletDispenser-1x,11296,39.771,2.73,2.69,0.0027,464,178
T-BulletDispenser-1x,11297,39.774,3.01,3.01,0.0030,516,178
T-BulletDispenser-1x,11298,39.777,3.22,3.20,0.0032,464,178
T-BulletDispenser-1x,11299,39.780,2.85,2.90,0.0028,464,178
T-BulletDispenser-1x,11300,39.783,3.04,3.00,0.0030,464,178
T-BulletDispenser-1x,11301,39.785,2.77,2.79,0.0028,464,178
T-BulletDispenser-1x,11302,39.788,2.70,2.70,0.0027,464,178
T-BulletDispenser-1x,11303,39.791,2.64,2.60,0.0026,464,178
T-BulletDispenser-1x,11304,39.793,2.66,2.69,0.0027,464,178
T-BulletDispenser-1x,11305,39.796,3.04,3.01,0.0030,464,178
T-BulletDispenser-1x,11306,39.799,2.79,2.80,0.0028,464,178
T-BulletDispenser-1x,11307,39.802,3.21,3.20,0.0032,464,178
T-BulletDispenser-1x,11308,39.806,3.20,3.19,0.0032,464,178
T-BulletDispenser-1x,11309,39.809,2.91,2.91,0.0029,464,178
T-BulletDispenser-1x,11310,39.812,2.97,2.98,0.0030,464,178
T-BulletDispenser-1x,11311,39.815,3.21,3.20,0.0032,464,178
T-BulletDispenser-1x,11312,39.818,2.88,2.89,0.0029,464,178
T-BulletDispenser-1x,11313,39.821,3.00,3.01,0.0030,464,178
T-BulletDispenser-1x,11314,39.823,2.70,2.68,0.0027,464,178
T-BulletDispenser-1x,11315,39.826,2.89,2.90,0.0029,464,178
T-BulletDispenser-1x,11316,39.829,2.47,2.49,0.0025,464,178
T-BulletDispenser-1x,11317,39.832,3.16,3.11,0.0032,464,178
T-BulletDispenser-1x,11318,39.835,3.44,3.42,0.0034,464,178
T-BulletDispenser-1x,11319,39.839,3.25,3.27,0.0033,464,178
T-BulletDispenser-1x,11320,39.842,3.23,3.22,0.0032,464,178
T-BulletDispenser-1x,11321,39.845,3.28,3.29,0.0033,464,178
T-BulletDispenser-1x,11322,39.848,2.88,2.88,0.0029,464,178
T-BulletDispenser-1x,11323,39.851,2.88,2.90,0.0029,464,178
T-BulletDispenser-1x,11324,39.854,3.00,3.02,0.0030,464,178
T-BulletDispenser-1x,11325,39.857,2.82,2.79,0.0028,464,178
T-BulletDispenser-1x,11326,39.859,2.76,2.78,0.0028,464,178
T-BulletDispenser-1x,11327,39.862,2.71,2.70,0.0027,464,178
T-BulletDispenser-1x,11328,39.865,2.83,2.81,0.0028,464,178
T-BulletDispenser-1x,11329,39.868,3.31,3.30,0.0033,464,178
T-BulletDispenser-1x,11330,39.871,2.66,2.70,0.0027,464,178
T-BulletDispenser-1x,11331,39.874,3.01,3.00,0.0030,464,178
T-BulletDispenser-1x,11332,39.877,3.07,3.01,0.0031,464,178
T-BulletDispenser-1x,11333,39.880,3.16,3.20,0.0032,464,178
T-BulletDispenser-1x,11334,39.883,3.11,3.08,0.0031,464,178
T-BulletDispenser-1x,11335,39.886,2.90,2.90,0.0029,464,178
T-BulletDispenser-1x,11336,39.890,3.42,3.41,0.0034,464,178
T-BulletDispenser-1x,11337,39.892,2.84,2.88,0.0028,464,178
T-BulletDispenser-1x,11338,39.895,2.88,2.82,0.0029,464,178
T-BulletDispenser-1x,11339,39.898,2.72,2.78,0.0027,464,178
T-BulletDispenser-1x,11340,39.901,3.29,3.22,0.0033,464,178
T-BulletDispenser-1x,11341,39.905,3.32,3.31,0.0033,464,178
T-BulletDispenser-1x,11342,39.908,3.42,3.48,0.0034,464,178
T-BulletDispenser-1x,11343,39.911,3.13,3.11,0.0031,464,178
T-BulletDispenser-1x,11344,39.914,2.53,2.57,0.0025,464,178
T-BulletDispenser-1x,11345,39.917,3.35,3.31,0.0034,464,178
T-BulletDispenser-1x,11346,39.920,2.81,2.78,0.0028,464,178
T-BulletDispenser-1x,11347,39.923,3.10,3.13,0.0031,464,178
T-BulletDispenser-1x,11348,39.926,2.96,2.98,0.0030,464,178
T-BulletDispenser-1x,11349,39.929,2.98,3.00,0.0030,464,178
T-BulletDispenser-1x,11350,39.932,2.94,2.91,0.0029,464,178
T-BulletDispenser-1x,11351,39.935,2.90,2.90,0.0029,464,178
T-BulletDispenser-1x,11352,39.937,2.76,2.78,0.0028,464,178
T-BulletDispenser-1x,11353,39.940,2.51,2.50,0.0025,464,178
T-BulletDispenser-1x,11354,39.943,2.80,2.79,0.0028,464,178
T-BulletDispenser-1x,11355,39.946,2.92,2.91,0.0029,464,178
T-BulletDispenser-1x,11356,39.949,2.91,2.90,0.0029,464,178
T-BulletDispenser-1x,11357,39.952,3.10,3.10,0.0031,464,178
T-BulletDispenser-1x,11358,39.955,3.20,3.21,0.0032,464,178
T-BulletDispenser-1x,11359,39.958,3.28,3.29,0.0033,464,178
T-BulletDispenser-1x,11360,39.961,2.89,2.90,0.0029,464,178
T-BulletDispenser-1x,11361,39.964,2.49,2.50,0.0025,464,178
T-BulletDispenser-1x,11362,39.967,3.20,3.19,0.0032,464,178
T-BulletDispenser-1x,11363,39.970,3.11,3.10,0.0031,464,178
T-BulletDispenser-1x,11364,39.973,2.95,2.91,0.0029,464,178
T-BulletDispenser-1x,11365,39.976,2.87,2.90,0.0029,516,178
T-BulletDispenser-1x,11366,39.979,3.08,3.09,0.0031,464,178
T-BulletDispenser-1x,11367,39.982,2.85,2.80,0.0029,464,178
T-BulletDispenser-1x,11368,39.984,2.53,2.59,0.0025,464,178
T-BulletDispenser-1x,11369,39.987,2.92,2.90,0.0029,464,178
T-BulletDispenser-1x,11370,39.990,3.25,3.22,0.0033,464,178
T-BulletDispenser-1x,11371,39.994,3.19,3.19,0.0032,464,178
T-BulletDispenser-1x,11372,39.996,2.86,2.89,0.0029,464,178
T-BulletDispenser-1x,11373,40.000,3.25,3.21,0.0033,464,178
T-BulletDispenser-1x,11374,40.002,2.75,2.79,0.0027,464,178
T-BulletDispenser-1x,11375,40.005,2.71,2.71,0.0027,464,178
T-BulletDispenser-1x,11376,40.008,3.19,3.18,0.0032,464,178
T-BulletDispenser-1x,11377,40.011,3.13,3.10,0.0031,464,178
T-BulletDispenser-1x,11378,40.014,3.02,3.00,0.0030,464,178
T-BulletDispenser-1x,11379,40.018,3.45,3.48,0.0034,464,178
T-BulletDispenser-1x,11380,40.021,3.21,3.21,0.0032,464,178
T-BulletDispenser-1x,11381,40.024,2.90,2.91,0.0029,464,178
T-BulletDispenser-1x,11382,40.027,2.91,2.91,0.0029,464,178
T-BulletDispenser-1x,11383,40.030,3.00,2.78,0.0030,464,178
T-BulletDispenser-1x,11384,40.033,3.18,3.40,0.0032,464,178
T-BulletDispenser-1x,11385,40.036,2.84,2.80,0.0028,464,178
T-BulletDispenser-1x,11386,40.039,3.08,3.09,0.0031,464,178
T-BulletDispenser-1x,11387,40.042,2.86,2.90,0.0029,464,178
T-BulletDispenser-1x,11388,40.045,2.76,2.70,0.0028,464,178
T-BulletDispenser-1x,11389,40.048,2.98,3.00,0.0030,464,178
T-BulletDispenser-1x,11390,40.051,2.98,2.99,0.0030,464,178
T-BulletDispenser-1x,11391,40.054,3.41,3.40,0.0034,464,178
T-BulletDispenser-1x,11392,40.057,3.24,3.22,0.0032,464,178
T-BulletDispenser-1x,11393,40.060,2.83,2.87,0.0028,464,178
T-BulletDispenser-1x,11394,40.063,3.01,3.01,0.0030,464,178
T-BulletDispenser-1x,11395,40.066,3.03,2.99,0.0030,464,178
T-BulletDispenser-1x,11396,40.069,2.98,3.00,0.0030,464,178
T-BulletDispenser-1x,11397,40.072,2.57,2.59,0.0026,464,178
T-BulletDispenser-1x,11398,40.075,2.95,2.91,0.0030,464,178
T-BulletDispenser-1x,11399,40.078,2.99,2.99,0.0030,464,178
T-BulletDispenser-1x,11400,40.080,2.46,2.48,0.0025,464,178
T-BulletDispenser-1x,11401,40.083,2.74,2.72,0.0027,464,178
T-BulletDispenser-1x,11402,40.086,3.02,3.00,0.0030,464,178
T-BulletDispenser-1x,11403,40.089,3.37,3.38,0.0034,464,178
T-BulletDispenser-1x,11404,40.092,2.90,2.90,0.0029,464,178
T-BulletDispenser-1x,11405,40.095,3.24,3.21,0.0032,464,178
T-BulletDispenser-1x,11406,40.098,2.77,2.80,0.0028,464,178
T-BulletDispenser-1x,11407,40.101,3.11,3.09,0.0031,464,178
T-BulletDispenser-1x,11408,40.104,2.86,2.91,0.0029,464,178
T-BulletDispenser-1x,11409,40.107,2.76,2.71,0.0028,464,178
T-BulletDispenser-1x,11410,40.110,3.01,2.99,0.0030,464,178
T-BulletDispenser-1x,11411,40.113,3.21,3.20,0.0032,464,178
T-BulletDispenser-1x,11412,40.116,2.95,2.98,0.0030,464,178
T-BulletDispenser-1x,11413,40.119,3.26,3.22,0.0033,464,178
T-BulletDispenser-1x,11414,40.123,3.39,3.40,0.0034,464,178
T-BulletDispenser-1x,11415,40.126,2.96,2.99,0.0030,464,178
T-BulletDispenser-1x,11416,40.129,3.30,3.29,0.0033,464,178
T-BulletDispenser-1x,11417,40.132,2.82,2.80,0.0028,464,178
T-BulletDispenser-1x,11418,40.135,2.95,2.98,0.0029,464,178
T-BulletDispenser-1x,11419,40.138,2.94,2.91,0.0029,464,178
T-BulletDispenser-1x,11420,40.141,3.30,3.28,0.0033,464,178
T-BulletDispenser-1x,11421,40.144,3.19,3.20,0.0032,464,178
T-BulletDispenser-1x,11422,40.147,2.57,2.60,0.0026,464,178
T-BulletDispenser-1x,11423,40.149,2.76,2.71,0.0028,464,178
T-BulletDispenser-1x,11424,40.152,2.88,2.89,0.0029,464,178
T-BulletDispenser-1x,11425,40.155,2.95,2.98,0.0030,464,178
T-BulletDispenser-1x,11426,40.158,3.05,3.02,0.0031,464,178
T-BulletDispenser-1x,11427,40.161,2.87,2.89,0.0029,464,178
T-BulletDispenser-1x,11428,40.164,2.92,2.89,0.0029,464,178
T-BulletDispenser-1x,11429,40.167,3.32,3.30,0.0033,464,178
T-BulletDispenser-1x,11430,40.171,3.19,3.21,0.0032,464,178
T-BulletDispenser-1x,11431,40.173,2.70,2.69,0.0027,464,178
T-BulletDispenser-1x,11432,40.176,2.54,2.58,0.0025,516,178
T-BulletDispenser-1x,11433,40.179,2.85,2.82,0.0028,464,178
T-BulletDispenser-1x,11434,40.182,3.03,3.00,0.0030,464,178
T-BulletDispenser-1x,11435,40.185,2.88,2.87,0.0029,464,178
T-BulletDispenser-1x,11436,40.188,2.97,3.01,0.0030,464,178
T-BulletDispenser-1x,11437,40.190,2.86,2.80,0.0029,464,178
T-BulletDispenser-1x,11438,40.193,2.95,2.98,0.0029,464,178
T-BulletDispenser-1x,11439,40.196,2.81,2.81,0.0028,464,178
T-BulletDispenser-1x,11440,40.199,3.04,3.00,0.0030,464,178
T-BulletDispenser-1x,11441,40.202,3.16,3.18,0.0032,464,178
T-BulletDispenser-1x,11442,40.205,2.56,2.59,0.0026,464,178
T-BulletDispenser-1x,11443,40.208,3.16,3.12,0.0032,464,178
T-BulletDispenser-1x,11444,40.211,2.87,2.89,0.0029,464,178
T-BulletDispenser-1x,11445,40.213,2.36,2.39,0.0024,464,178
T-BulletDispenser-1x,11446,40.216,2.64,2.53,0.0026,464,178
T-BulletDispenser-1x,11447,40.219,3.10,3.17,0.0031,464,178
T-BulletDispenser-1x,11448,40.222,2.90,2.90,0.0029,464,178
T-BulletDispenser-1x,11449,40.225,2.99,3.00,0.0030,464,178
T-BulletDispenser-1x,11450,40.228,2.74,2.71,0.0027,464,178
T-BulletDispenser-1x,11451,40.230,2.64,2.68,0.0026,464,178
T-BulletDispenser-1x,11452,40.233,2.96,2.92,0.0030,464,178
T-BulletDispenser-1x,11453,40.236,2.89,2.89,0.0029,464,178
T-BulletDispenser-1x,11454,40.240,3.29,3.20,0.0033,464,178
T-BulletDispenser-1x,11455,40.243,3.10,3.18,0.0031,464,178
T-BulletDispenser-1x,11456,40.246,3.22,3.20,0.0032,464,178
T-BulletDispenser-1x,11457,40.249,3.62,3.60,0.0036,464,178
T-BulletDispenser-1x,11458,40.252,3.00,3.02,0.0030,464,178
T-BulletDispenser-1x,11459,40.256,3.15,3.17,0.0031,464,178
T-BulletDispenser-1x,11460,40.259,3.15,3.11,0.0031,464,178
T-BulletDispenser-1x,11461,40.262,3.40,3.40,0.0034,464,178
T-BulletDispenser-1x,11462,40.265,3.29,3.31,0.0033,464,178
T-BulletDispenser-1x,11463,40.268,2.96,2.98,0.0030,464,178
T-BulletDispenser-1x,11464,40.271,2.80,2.81,0.0028,464,178
T-BulletDispenser-1x,11465,40.274,3.03,2.99,0.0030,464,178
T-BulletDispenser-1x,11466,40.277,3.21,3.20,0.0032,464,178
T-BulletDispenser-1x,11467,40.280,2.76,2.79,0.0028,464,178
T-BulletDispenser-1x,11468,40.283,2.97,2.99,0.0030,464,178
T-BulletDispenser-1x,11469,40.286,3.06,3.02,0.0031,464,178
T-BulletDispenser-1x,11470,40.289,2.76,2.79,0.0028,464,178
T-BulletDispenser-1x,11471,40.292,2.68,2.70,0.0027,464,178
T-BulletDispenser-1x,11472,40.294,2.66,2.62,0.0027,464,178
T-BulletDispenser-1x,11473,40.297,2.90,2.87,0.0029,464,178
T-BulletDispenser-1x,11474,40.300,3.09,3.08,0.0031,464,178
T-BulletDispenser-1x,11475,40.304,3.18,3.22,0.0032,464,178
T-BulletDispenser-1x,11476,40.307,2.94,2.91,0.0029,464,178
T-BulletDispenser-1x,11477,40.310,3.06,3.09,0.0031,464,178
T-BulletDispenser-1x,11478,40.313,3.13,3.11,0.0031,464,178
T-BulletDispenser-1x,11479,40.316,3.39,3.39,0.0034,464,178
T-BulletDispenser-1x,11480,40.319,3.09,3.10,0.0031,464,178
T-BulletDispenser-1x,11481,40.322,2.67,2.69,0.0027,464,178
T-BulletDispenser-1x,11482,40.325,3.14,3.11,0.0031,464,178
T-BulletDispenser-1x,11483,40.328,2.91,2.91,0.0029,464,178
T-BulletDispenser-1x,11484,40.330,2.33,2.37,0.0023,464,178
T-BulletDispenser-1x,11485,40.333,2.55,2.50,0.0025,464,178
T-BulletDispenser-1x,11486,40.336,3.01,3.01,0.0030,464,178
T-BulletDispenser-1x,11487,40.339,3.36,3.31,0.0034,464,178
T-BulletDispenser-1x,11488,40.342,3.03,3.09,0.0030,464,178
T-BulletDispenser-1x,11489,40.345,3.22,3.21,0.0032,464,178
T-BulletDispenser-1x,11490,40.348,2.88,2.88,0.0029,464,178
T-BulletDispenser-1x,11491,40.351,3.00,2.99,0.0030,464,178
T-BulletDispenser-1x,11492,40.354,2.98,3.00,0.0030,464,178
T-BulletDispenser-1x,11493,40.357,3.11,3.02,0.0031,464,178
T-BulletDispenser-1x,11494,40.361,3.28,3.28,0.0033,464,178
T-BulletDispenser-1x,11495,40.363,2.59,2.69,0.0026,464,178
T-BulletDispenser-1x,11496,40.366,3.05,3.01,0.0031,464,178
T-BulletDispenser-1x,11497,40.369,3.09,3.09,0.0031,464,178
T-BulletDispenser-1x,11498,40.373,3.38,3.30,0.0034,464,178
T-BulletDispenser-1x,11499,40.376,3.53,3.60,0.0035,464,178
T-BulletDispenser-1x,11500,40.380,3.40,3.40,0.0034,516,178
T-BulletDispenser-1x,11501,40.383,3.30,3.21,0.0033,464,178
T-BulletDispenser-1x,11502,40.386,3.38,3.48,0.0034,464,178
T-BulletDispenser-1x,11503,40.390,3.44,3.41,0.0034,464,178
T-BulletDispenser-1x,11504,40.393,2.87,2.90,0.0029,464,178
T-BulletDispenser-1x,11505,40.396,3.19,3.19,0.0032,464,178
T-BulletDispenser-1x,11506,40.399,2.82,2.80,0.0028,464,178
T-BulletDispenser-1x,11507,40.401,2.47,2.50,0.0025,464,178
T-BulletDispenser-1x,11508,40.404,2.88,2.81,0.0029,464,178
T-BulletDispenser-1x,11509,40.407,2.99,3.00,0.0030,464,178
T-BulletDispenser-1x,11510,40.410,3.13,3.10,0.0031,464,178
T-BulletDispenser-1x,11511,40.413,3.25,3.27,0.0032,464,178
T-BulletDispenser-1x,11512,40.417,3.24,3.21,0.0032,464,178
T-BulletDispenser-1x,11513,40.420,2.98,2.99,0.0030,464,178
T-BulletDispenser-1x,11514,40.423,3.41,3.39,0.0034,464,178
T-BulletDispenser-1x,11515,40.426,2.98,2.99,0.0030,464,178
T-BulletDispenser-1x,11516,40.429,2.87,2.88,0.0029,464,178
T-BulletDispenser-1x,11517,40.432,3.15,3.12,0.0031,464,178
T-BulletDispenser-1x,11518,40.435,3.48,3.48,0.0035,464,178
T-BulletDispenser-1x,11519,40.439,3.20,3.21,0.0032,464,178
T-BulletDispenser-1x,11520,40.442,3.16,3.19,0.0032,464,178
T-BulletDispenser-1x,11521,40.445,3.18,3.13,0.0032,464,178
T-BulletDispenser-1x,11522,40.448,3.25,3.28,0.0033,464,178
T-BulletDispenser-1x,11523,40.451,2.67,2.69,0.0027,464,178
T-BulletDispenser-1x,11524,40.454,3.17,3.11,0.0032,464,178
T-BulletDispenser-1x,11525,40.457,2.91,2.89,0.0029,464,178
T-BulletDispenser-1x,11526,40.460,2.62,2.70,0.0026,464,178
T-BulletDispenser-1x,11527,40.463,3.35,3.29,0.0033,464,178
T-BulletDispenser-1x,11528,40.466,3.20,3.22,0.0032,464,178
T-BulletDispenser-1x,11529,40.469,3.10,3.11,0.0031,464,178
T-BulletDispenser-1x,11530,40.472,2.64,2.68,0.0026,464,178
T-BulletDispenser-1x,11531,40.475,3.06,3.01,0.0031,464,178
T-BulletDispenser-1x,11532,40.478,3.07,3.08,0.0031,464,178
T-BulletDispenser-1x,11533,40.481,3.33,3.31,0.0033,464,178
T-BulletDispenser-1x,11534,40.484,2.75,2.79,0.0027,464,178
T-BulletDispenser-1x,11535,40.487,3.04,3.01,0.0030,464,178
T-BulletDispenser-1x,11536,40.490,2.98,2.98,0.0030,464,178
T-BulletDispenser-1x,11537,40.493,2.55,2.59,0.0025,464,178
T-BulletDispenser-1x,11538,40.495,2.74,2.72,0.0027,464,178
T-BulletDispenser-1x,11539,40.499,3.12,3.10,0.0031,464,178
T-BulletDispenser-1x,11540,40.502,3.33,3.30,0.0033,464,178
T-BulletDispenser-1x,11541,40.505,3.06,3.09,0.0031,464,178
T-BulletDispenser-1x,11542,40.508,2.87,2.89,0.0029,464,178
T-BulletDispenser-1x,11543,40.510,2.51,2.51,0.0025,464,178
T-BulletDispenser-1x,11544,40.513,2.91,2.88,0.0029,464,178
T-BulletDispenser-1x,11545,40.516,2.75,2.71,0.0028,464,178
T-BulletDispenser-1x,11546,40.519,2.85,2.88,0.0029,464,178
T-BulletDispenser-1x,11547,40.522,2.99,2.98,0.0030,464,178
T-BulletDispenser-1x,11548,40.525,3.41,3.40,0.0034,464,178
T-BulletDispenser-1x,11549,40.529,3.33,3.31,0.0033,464,178
T-BulletDispenser-1x,11550,40.531,2.86,2.88,0.0029,464,178
T-BulletDispenser-1x,11551,40.534,2.91,2.92,0.0029,464,178
T-BulletDispenser-1x,11552,40.538,3.22,3.18,0.0032,464,178
T-BulletDispenser-1x,11553,40.541,3.22,3.22,0.0032,464,178
T-BulletDispenser-1x,11554,40.544,3.17,3.18,0.0032,464,178
T-BulletDispenser-1x,11555,40.547,2.87,2.91,0.0029,464,178
T-BulletDispenser-1x,11556,40.550,3.24,3.21,0.0032,464,178
T-BulletDispenser-1x,11557,40.553,2.96,2.98,0.0030,464,178
T-BulletDispenser-1x,11558,40.556,2.75,2.71,0.0028,464,178
T-BulletDispenser-1x,11559,40.559,3.41,3.41,0.0034,464,178
T-BulletDispenser-1x,11560,40.563,3.39,3.38,0.0034,464,178
T-BulletDispenser-1x,11561,40.566,3.37,3.40,0.0034,464,178
T-BulletDispenser-1x,11562,40.569,2.78,2.79,0.0028,464,178
T-BulletDispenser-1x,11563,40.571,2.80,2.80,0.0028,464,178
T-BulletDispenser-1x,11564,40.574,2.82,2.79,0.0028,464,178
T-BulletDispenser-1x,11565,40.578,3.23,3.21,0.0032,464,178
T-BulletDispenser-1x,11566,40.581,3.17,3.11,0.0032,516,178
T-BulletDispenser-1x,11567,40.584,2.84,2.96,0.0028,464,178
T-BulletDispenser-1x,11568,40.587,3.16,3.12,0.0032,464,178
T-BulletDispenser-1x,11569,40.590,3.09,3.10,0.0031,464,178
T-BulletDispenser-1x,11570,40.593,3.11,3.11,0.0031,464,178
T-BulletDispenser-1x,11571,40.596,3.28,3.27,0.0033,464,178
T-BulletDispenser-1x,11572,40.600,3.51,3.52,0.0035,464,178
T-BulletDispenser-1x,11573,40.603,3.10,3.09,0.0031,464,178
T-BulletDispenser-1x,11574,40.606,2.87,2.82,0.0029,464,178
T-BulletDispenser-1x,11575,40.609,3.44,3.46,0.0034,464,178
T-BulletDispenser-1x,11576,40.612,2.98,3.01,0.0030,464,178
T-BulletDispenser-1x,11577,40.615,2.70,2.69,0.0027,464,178
T-BulletDispenser-1x,11578,40.617,2.47,2.49,0.0025,464,178
T-BulletDispenser-1x,11579,40.622,4.51,4.50,0.0045,464,178
T-BulletDispenser-1x,11580,40.625,3.11,3.11,0.0031,464,178
T-BulletDispenser-1x,11581,40.629,3.63,3.60,0.0036,464,178
T-BulletDispenser-1x,11582,40.632,3.30,3.30,0.0033,464,178
T-BulletDispenser-1x,11583,40.635,2.86,2.90,0.0029,464,178
T-BulletDispenser-1x,11584,40.638,2.88,2.88,0.0029,464,178
T-BulletDispenser-1x,11585,40.640,2.60,2.60,0.0026,464,178
T-BulletDispenser-1x,11586,40.643,3.25,3.21,0.0033,464,178
T-BulletDispenser-1x,11587,40.647,3.08,3.10,0.0031,464,178
T-BulletDispenser-1x,11588,40.650,3.28,3.29,0.0033,464,178
T-BulletDispenser-1x,11589,40.653,2.94,2.91,0.0029,464,178
T-BulletDispenser-1x,11590,40.656,3.29,3.29,0.0033,464,178
T-BulletDispenser-1x,11591,40.659,3.09,3.10,0.0031,464,178
T-BulletDispenser-1x,11592,40.662,2.83,2.81,0.0028,464,178
T-BulletDispenser-1x,11593,40.665,3.00,3.00,0.0030,464,178
T-BulletDispenser-1x,11594,40.668,3.10,3.09,0.0031,464,178
T-BulletDispenser-1x,11595,40.671,3.37,3.39,0.0034,464,178
T-BulletDispenser-1x,11596,40.675,3.25,3.22,0.0032,464,178
T-BulletDispenser-1x,11597,40.678,3.10,3.09,0.0031,464,178
T-BulletDispenser-1x,11598,40.681,2.75,2.80,0.0027,464,178
T-BulletDispenser-1x,11599,40.684,3.23,3.19,0.0032,464,178
T-BulletDispenser-1x,11600,40.687,3.30,3.29,0.0033,464,178
T-BulletDispenser-1x,11601,40.690,3.01,3.01,0.0030,464,178
T-BulletDispenser-1x,11602,40.693,3.33,3.30,0.0033,464,178
T-BulletDispenser-1x,11603,40.696,2.83,2.89,0.0028,464,178
T-BulletDispenser-1x,11604,40.699,2.64,2.60,0.0026,464,178
T-BulletDispenser-1x,11605,40.702,2.79,2.81,0.0028,464,178
T-BulletDispenser-1x,11606,40.705,3.13,3.10,0.0031,464,178
T-BulletDispenser-1x,11607,40.708,3.06,3.08,0.0031,464,178
T-BulletDispenser-1x,11608,40.711,3.11,3.10,0.0031,464,178
T-BulletDispenser-1x,11609,40.714,3.01,3.00,0.0030,464,178
T-BulletDispenser-1x,11610,40.717,3.11,3.11,0.0031,464,178
T-BulletDispenser-1x,11611,40.720,3.32,3.30,0.0033,464,178
T-BulletDispenser-1x,11612,40.724,3.31,3.30,0.0033,464,178
T-BulletDispenser-1x,11613,40.727,3.12,3.10,0.0031,464,178
T-BulletDispenser-1x,11614,40.730,3.22,3.27,0.0032,464,178
T-BulletDispenser-1x,11615,40.733,3.18,3.19,0.0032,464,178
T-BulletDispenser-1x,11616,40.736,2.92,2.90,0.0029,464,178
T-BulletDispenser-1x,11617,40.739,2.77,2.80,0.0028,464,178
T-BulletDispenser-1x,11618,40.742,3.04,3.02,0.0030,464,178
T-BulletDispenser-1x,11619,40.745,3.19,3.19,0.0032,464,178
T-BulletDispenser-1x,11620,40.748,3.23,3.22,0.0032,464,178
T-BulletDispenser-1x,11621,40.751,3.09,3.09,0.0031,464,178
T-BulletDispenser-1x,11622,40.754,2.86,2.88,0.0029,464,178
T-BulletDispenser-1x,11623,40.757,3.03,3.01,0.0030,464,178
T-BulletDispenser-1x,11624,40.760,2.89,2.90,0.0029,464,178
T-BulletDispenser-1x,11625,40.763,2.90,2.90,0.0029,464,178
T-BulletDispenser-1x,11626,40.766,3.14,3.10,0.0031,464,178
T-BulletDispenser-1x,11627,40.769,2.99,2.99,0.0030,464,178
T-BulletDispenser-1x,11628,40.772,2.67,2.71,0.0027,464,178
T-BulletDispenser-1x,11629,40.775,2.99,2.98,0.0030,464,178
T-BulletDispenser-1x,11630,40.778,2.76,2.70,0.0028,464,178
T-BulletDispenser-1x,11631,40.780,2.52,2.60,0.0025,516,178
T-BulletDispenser-1x,11632,40.783,2.77,2.70,0.0028,464,178
T-BulletDispenser-1x,11633,40.786,2.79,2.81,0.0028,464,178
T-BulletDispenser-1x,11634,40.789,3.34,3.30,0.0033,464,178
T-BulletDispenser-1x,11635,40.792,3.07,3.08,0.0031,464,178
T-BulletDispenser-1x,11636,40.795,3.18,3.21,0.0032,464,178
T-BulletDispenser-1x,11637,40.798,3.02,3.01,0.0030,464,178
T-BulletDispenser-1x,11638,40.801,2.55,2.59,0.0025,464,178
T-BulletDispenser-1x,11639,40.804,3.26,3.21,0.0033,464,178
T-BulletDispenser-1x,11640,40.807,3.15,3.18,0.0032,464,178
T-BulletDispenser-1x,11641,40.810,3.04,3.01,0.0030,464,178
T-BulletDispenser-1x,11642,40.813,3.10,3.10,0.0031,464,178
T-BulletDispenser-1x,11643,40.816,2.97,3.01,0.0030,464,178
T-BulletDispenser-1x,11644,40.819,2.57,2.58,0.0026,464,178
T-BulletDispenser-1x,11645,40.822,2.72,2.69,0.0027,464,178
T-BulletDispenser-1x,11646,40.825,2.93,2.90,0.0029,464,178
T-BulletDispenser-1x,11647,40.827,2.67,2.69,0.0027,464,178
T-BulletDispenser-1x,11648,40.830,2.88,2.90,0.0029,464,178
T-BulletDispenser-1x,11649,40.833,3.08,3.03,0.0031,464,178
T-BulletDispenser-1x,11650,40.836,3.17,3.17,0.0032,464,178
T-BulletDispenser-1x,11651,40.839,3.07,3.08,0.0031,464,178
T-BulletDispenser-1x,11652,40.842,2.77,2.80,0.0028,464,178
T-BulletDispenser-1x,11653,40.845,2.64,2.61,0.0026,464,178
T-BulletDispenser-1x,11654,40.848,3.45,3.41,0.0035,464,178
T-BulletDispenser-1x,11655,40.852,3.19,3.20,0.0032,464,178
T-BulletDispenser-1x,11656,40.855,3.48,3.49,0.0035,464,178
T-BulletDispenser-1x,11657,40.858,3.40,3.41,0.0034,464,178
T-BulletDispenser-1x,11658,40.861,2.79,2.78,0.0028,464,178
T-BulletDispenser-1x,11659,40.864,3.18,3.16,0.0032,464,178
T-BulletDispenser-1x,11660,40.868,3.13,3.13,0.0031,464,178
T-BulletDispenser-1x,11661,40.871,3.31,3.30,0.0033,464,178
T-BulletDispenser-1x,11662,40.874,3.18,3.19,0.0032,464,178
T-BulletDispenser-1x,11663,40.877,3.22,3.20,0.0032,464,178
T-BulletDispenser-1x,11664,40.880,2.65,2.69,0.0026,464,178
T-BulletDispenser-1x,11665,40.883,2.63,2.59,0.0026,464,178
T-BulletDispenser-1x,11666,40.885,2.81,2.82,0.0028,464,178
T-BulletDispenser-1x,11667,40.889,3.21,3.19,0.0032,464,178
T-BulletDispenser-1x,11668,40.892,3.07,3.09,0.0031,464,178
T-BulletDispenser-1x,11669,40.894,2.85,2.82,0.0028,464,178
T-BulletDispenser-1x,11670,40.897,2.73,2.78,0.0027,464,178
T-BulletDispenser-1x,11671,40.900,2.96,2.93,0.0030,464,178
T-BulletDispenser-1x,11672,40.904,3.37,3.36,0.0034,464,178
T-BulletDispenser-1x,11673,40.907,3.20,3.21,0.0032,464,178
T-BulletDispenser-1x,11674,40.909,2.66,2.69,0.0027,464,178
T-BulletDispenser-1x,11675,40.913,3.14,3.10,0.0031,464,178
T-BulletDispenser-1x,11676,40.916,3.18,3.19,0.0032,464,178
T-BulletDispenser-1x,11677,40.918,2.49,2.52,0.0025,464,178
T-BulletDispenser-1x,11678,40.921,2.78,2.67,0.0028,464,178
T-BulletDispenser-1x,11679,40.924,3.23,3.32,0.0032,464,178
T-BulletDispenser-1x,11680,40.927,3.11,3.09,0.0031,464,178
T-BulletDispenser-1x,11681,40.931,3.21,3.21,0.0032,464,178
T-BulletDispenser-1x,11682,40.933,2.86,2.90,0.0029,464,178
T-BulletDispenser-1x,11683,40.936,2.80,2.78,0.0028,464,178
T-BulletDispenser-1x,11684,40.939,3.28,3.21,0.0033,464,178
T-BulletDispenser-1x,11685,40.942,2.80,2.89,0.0028,464,178
T-BulletDispenser-1x,11686,40.946,3.25,3.20,0.0033,464,178
T-BulletDispenser-1x,11687,40.949,3.16,3.19,0.0032,464,178
T-BulletDispenser-1x,11688,40.951,2.79,2.81,0.0028,464,178
T-BulletDispenser-1x,11689,40.954,2.69,2.69,0.0027,464,178
T-BulletDispenser-1x,11690,40.957,2.95,2.91,0.0029,464,178
T-BulletDispenser-1x,11691,40.961,3.50,3.49,0.0035,464,178
T-BulletDispenser-1x,11692,40.964,3.10,3.12,0.0031,464,178
T-BulletDispenser-1x,11693,40.967,3.28,3.28,0.0033,464,178
T-BulletDispenser-1x,11694,40.970,3.32,3.30,0.0033,464,178
T-BulletDispenser-1x,11695,40.973,2.77,2.79,0.0028,464,178
T-BulletDispenser-1x,11696,40.976,3.22,3.21,0.0032,464,178
T-BulletDispenser-1x,11697,40.979,2.97,2.99,0.0030,464,178
T-BulletDispenser-1x,11698,40.983,3.43,3.41,0.0034,516,178
T-BulletDispenser-1x,11699,40.986,3.10,3.09,0.0031,464,178
T-BulletDispenser-1x,11700,40.989,3.00,3.01,0.0030,464,178
T-BulletDispenser-1x,11701,40.992,2.77,2.79,0.0028,464,178
T-BulletDispenser-1x,11702,40.994,2.56,2.51,0.0026,464,178
T-BulletDispenser-1x,11703,40.997,3.19,3.19,0.0032,464,178
T-BulletDispenser-1x,11704,41.000,2.96,2.99,0.0030,464,178
T-BulletDispenser-1x,11705,41.004,3.35,3.31,0.0033,464,178
T-BulletDispenser-1x,11706,41.007,2.88,2.89,0.0029,464,178
T-BulletDispenser-1x,11707,41.010,2.99,3.01,0.0030,464,178
T-BulletDispenser-1x,11708,41.012,2.89,2.91,0.0029,464,178
T-BulletDispenser-1x,11709,41.015,2.59,2.58,0.0026,464,178
T-BulletDispenser-1x,11710,41.018,2.70,2.70,0.0027,464,178
T-BulletDispenser-1x,11711,41.020,2.72,2.69,0.0027,464,178
T-BulletDispenser-1x,11712,41.024,3.21,3.21,0.0032,464,178
T-BulletDispenser-1x,11713,41.027,3.00,2.99,0.0030,464,178
T-BulletDispenser-1x,11714,41.029,2.85,2.90,0.0029,464,178
T-BulletDispenser-1x,11715,41.032,2.83,2.79,0.0028,464,178
T-BulletDispenser-1x,11716,41.035,2.77,2.79,0.0028,464,178
T-BulletDispenser-1x,11717,41.038,2.61,2.60,0.0026,464,178
T-BulletDispenser-1x,11718,41.040,2.62,2.60,0.0026,464,178
T-BulletDispenser-1x,11719,41.043,3.12,3.09,0.0031,464,178
T-BulletDispenser-1x,11720,41.047,3.09,3.11,0.0031,464,178
T-BulletDispenser-1x,11721,41.050,3.29,3.28,0.0033,464,178
T-BulletDispenser-1x,11722,41.053,2.96,2.91,0.0030,464,178
T-BulletDispenser-1x,11723,41.055,2.51,2.59,0.0025,464,178
T-BulletDispenser-1x,11724,41.058,3.12,3.10,0.0031,464,178
T-BulletDispenser-1x,11725,41.062,3.11,3.10,0.0031,464,178
T-BulletDispenser-1x,11726,41.065,3.02,3.01,0.0030,464,178
T-BulletDispenser-1x,11727,41.067,2.90,2.90,0.0029,464,178
T-BulletDispenser-1x,11728,41.070,2.77,2.79,0.0028,464,178
T-BulletDispenser-1x,11729,41.073,2.38,2.39,0.0024,464,178
T-BulletDispenser-1x,11730,41.076,2.95,2.92,0.0029,464,178
T-BulletDispenser-1x,11731,41.079,3.25,3.25,0.0033,464,178
T-BulletDispenser-1x,11732,41.082,2.94,2.94,0.0029,464,178
T-BulletDispenser-1x,11733,41.085,3.32,3.29,0.0033,464,178
T-BulletDispenser-1x,11734,41.088,2.96,2.99,0.0030,464,178
T-BulletDispenser-1x,11735,41.091,3.35,3.30,0.0033,464,178
T-BulletDispenser-1x,11736,41.095,3.37,3.39,0.0034,464,178
T-BulletDispenser-1x,11737,41.098,2.87,2.90,0.0029,464,178
T-BulletDispenser-1x,11738,41.100,2.83,2.81,0.0028,464,178
T-BulletDispenser-1x,11739,41.104,3.54,3.53,0.0035,464,178
T-BulletDispenser-1x,11740,41.107,3.05,3.07,0.0030,464,178
T-BulletDispenser-1x,11741,41.110,3.31,3.29,0.0033,464,178
T-BulletDispenser-1x,11742,41.113,2.64,2.70,0.0026,464,178
T-BulletDispenser-1x,11743,41.116,2.63,2.59,0.0026,464,178
T-BulletDispenser-1x,11744,41.119,3.25,3.23,0.0032,464,178
T-BulletDispenser-1x,11745,41.122,2.97,2.98,0.0030,464,178
T-BulletDispenser-1x,11746,41.125,2.98,3.00,0.0030,464,178
T-BulletDispenser-1x,11747,41.128,2.73,2.70,0.0027,464,178
T-BulletDispenser-1x,11748,41.130,2.77,2.80,0.0028,464,178
T-BulletDispenser-1x,11749,41.133,2.70,2.69,0.0027,464,178
T-BulletDispenser-1x,11750,41.135,2.50,2.50,0.0025,464,178
T-BulletDispenser-1x,11751,41.138,2.83,2.82,0.0028,464,178
T-BulletDispenser-1x,11752,41.141,2.90,2.89,0.0029,464,178
T-BulletDispenser-1x,11753,41.144,3.23,3.22,0.0032,464,178
T-BulletDispenser-1x,11754,41.148,3.19,3.19,0.0032,464,178
T-BulletDispenser-1x,11755,41.150,2.77,2.81,0.0028,464,178
T-BulletDispenser-1x,11756,41.153,3.01,2.99,0.0030,464,178
T-BulletDispenser-1x,11757,41.156,2.79,2.79,0.0028,464,178
T-BulletDispenser-1x,11758,41.159,3.11,3.11,0.0031,464,178
T-BulletDispenser-1x,11759,41.163,3.31,3.30,0.0033,464,178
T-BulletDispenser-1x,11760,41.166,3.42,3.39,0.0034,464,178
T-BulletDispenser-1x,11761,41.169,3.08,3.10,0.0031,464,178
T-BulletDispenser-1x,11762,41.172,2.56,2.60,0.0026,464,178
T-BulletDispenser-1x,11763,41.174,2.69,2.60,0.0027,464,178
T-BulletDispenser-1x,11764,41.178,3.29,3.31,0.0033,464,178
T-BulletDispenser-1x,11765,41.181,3.17,3.19,0.0032,464,178
T-BulletDispenser-1x,11766,41.184,2.74,2.79,0.0027,516,178
T-BulletDispenser-1x,11767,41.186,2.66,2.62,0.0027,464,178
T-BulletDispenser-1x,11768,41.189,2.68,2.68,0.0027,464,178
T-BulletDispenser-1x,11769,41.192,3.10,3.09,0.0031,464,178
T-BulletDispenser-1x,11770,41.195,3.32,3.31,0.0033,464,178
T-BulletDispenser-1x,11771,41.199,3.21,3.20,0.0032,464,178
T-BulletDispenser-1x,11772,41.202,3.18,3.18,0.0032,464,178
T-BulletDispenser-1x,11773,41.204,2.76,2.80,0.0028,464,178
T-BulletDispenser-1x,11774,41.207,2.62,2.60,0.0026,464,178
T-BulletDispenser-1x,11775,41.210,3.27,3.22,0.0033,464,178
T-BulletDispenser-1x,11776,41.213,3.06,3.09,0.0031,464,178
T-BulletDispenser-1x,11777,41.217,3.30,3.30,0.0033,464,178
T-BulletDispenser-1x,11778,41.220,3.06,3.08,0.0031,464,178
T-BulletDispenser-1x,11779,41.222,2.49,2.50,0.0025,464,178
T-BulletDispenser-1x,11780,41.225,2.95,2.89,0.0030,464,178
T-BulletDispenser-1x,11781,41.229,3.34,3.31,0.0033,464,178
T-BulletDispenser-1x,11782,41.232,3.14,3.19,0.0031,464,178
T-BulletDispenser-1x,11783,41.235,3.01,3.00,0.0030,464,178
T-BulletDispenser-1x,11784,41.238,2.81,2.80,0.0028,464,178
T-BulletDispenser-1x,11785,41.241,3.08,3.10,0.0031,464,178
T-BulletDispenser-1x,11786,41.243,2.46,2.49,0.0025,464,178
T-BulletDispenser-1x,11787,41.246,2.85,2.81,0.0029,464,178
T-BulletDispenser-1x,11788,41.249,3.43,3.41,0.0034,464,178
T-BulletDispenser-1x,11789,41.252,3.07,3.09,0.0031,464,178
T-BulletDispenser-1x,11790,41.255,2.58,2.62,0.0026,464,178
T-BulletDispenser-1x,11791,41.258,3.04,2.99,0.0030,464,178
T-BulletDispenser-1x,11792,41.261,2.99,2.98,0.0030,464,178
T-BulletDispenser-1x,11793,41.264,2.54,2.59,0.0025,464,178
T-BulletDispenser-1x,11794,41.266,2.53,2.50,0.0025,464,178
T-BulletDispenser-1x,11795,41.269,2.61,2.62,0.0026,464,178
T-BulletDispenser-1x,11796,41.272,3.24,3.20,0.0032,464,178
T-BulletDispenser-1x,11797,41.275,3.17,3.18,0.0032,464,178
T-BulletDispenser-1x,11798,41.278,3.22,3.22,0.0032,464,178
T-BulletDispenser-1x,11799,41.281,2.67,2.68,0.0027,464,178
T-BulletDispenser-1x,11800,41.284,2.85,2.80,0.0029,464,178
T-BulletDispenser-1x,11801,41.287,3.18,3.21,0.0032,464,178
T-BulletDispenser-1x,11802,41.290,2.99,2.97,0.0030,464,178
T-BulletDispenser-1x,11803,41.293,3.34,3.33,0.0033,464,178
T-BulletDispenser-1x,11804,41.296,2.82,2.88,0.0028,464,178
T-BulletDispenser-1x,11805,41.299,2.49,2.48,0.0025,464,178
T-BulletDispenser-1x,11806,41.301,2.73,2.72,0.0027,464,178
T-BulletDispenser-1x,11807,41.304,2.91,2.89,0.0029,464,178
T-BulletDispenser-1x,11808,41.308,3.30,3.30,0.0033,464,178
T-BulletDispenser-1x,11809,41.311,3.26,3.22,0.0033,464,178
T-BulletDispenser-1x,11810,41.314,2.82,2.88,0.0028,464,178
T-BulletDispenser-1x,11811,41.317,3.35,3.30,0.0034,464,178
T-BulletDispenser-1x,11812,41.320,3.05,3.08,0.0030,464,178
T-BulletDispenser-1x,11813,41.323,2.85,2.81,0.0029,464,178
T-BulletDispenser-1x,11814,41.326,3.06,3.08,0.0031,464,178
T-BulletDispenser-1x,11815,41.329,3.20,3.19,0.0032,464,178
T-BulletDispenser-1x,11816,41.333,3.46,3.42,0.0035,464,178
T-BulletDispenser-1x,11817,41.336,3.08,3.09,0.0031,464,178
T-BulletDispenser-1x,11818,41.339,2.97,2.98,0.0030,464,178
T-BulletDispenser-1x,11819,41.342,3.48,3.52,0.0035,464,178
T-BulletDispenser-1x,11820,41.345,3.11,3.07,0.0031,464,178
T-BulletDispenser-1x,11821,41.348,3.13,3.10,0.0031,464,178
T-BulletDispenser-1x,11822,41.351,2.74,2.79,0.0027,464,178
T-BulletDispenser-1x,11823,41.354,2.73,2.70,0.0027,464,178
T-BulletDispenser-1x,11824,41.357,3.11,3.11,0.0031,464,178
T-BulletDispenser-1x,11825,41.360,3.32,3.31,0.0033,464,178
T-BulletDispenser-1x,11826,41.363,2.65,2.68,0.0026,464,178
T-BulletDispenser-1x,11827,41.366,3.15,3.11,0.0031,464,178
T-BulletDispenser-1x,11828,41.369,3.00,2.99,0.0030,464,178
T-BulletDispenser-1x,11829,41.372,2.85,2.88,0.0028,464,178
T-BulletDispenser-1x,11830,41.375,3.12,3.11,0.0031,464,178
T-BulletDispenser-1x,11831,41.378,3.09,3.10,0.0031,464,178
T-BulletDispenser-1x,11832,41.381,2.90,2.88,0.0029,464,178
T-BulletDispenser-1x,11833,41.384,2.95,2.93,0.0030,516,178
T-BulletDispenser-1x,11834,41.387,2.76,2.79,0.0028,464,178
T-BulletDispenser-1x,11835,41.390,2.80,2.80,0.0028,464,178
T-BulletDispenser-1x,11836,41.393,2.92,2.92,0.0029,464,178
T-BulletDispenser-1x,11837,41.396,3.06,3.08,0.0031,464,178
T-BulletDispenser-1x,11838,41.399,2.94,2.90,0.0029,464,178
T-BulletDispenser-1x,11839,41.402,3.10,3.09,0.0031,464,178
T-BulletDispenser-1x,11840,41.405,2.94,2.99,0.0029,464,178
T-BulletDispenser-1x,11841,41.407,2.68,2.63,0.0027,464,178
T-BulletDispenser-1x,11842,41.411,3.27,3.26,0.0033,464,178
T-BulletDispenser-1x,11843,41.414,3.09,3.12,0.0031,464,178
T-BulletDispenser-1x,11844,41.417,3.31,3.29,0.0033,464,178
T-BulletDispenser-1x,11845,41.420,3.19,3.20,0.0032,464,178
T-BulletDispenser-1x,11846,41.423,3.08,3.08,0.0031,464,178
T-BulletDispenser-1x,11847,41.426,3.12,3.12,0.0031,464,178
T-BulletDispenser-1x,11848,41.429,3.05,3.08,0.0031,464,178
T-BulletDispenser-1x,11849,41.432,2.95,2.90,0.0030,464,178
T-BulletDispenser-1x,11850,41.436,3.22,3.22,0.0032,464,178
T-BulletDispenser-1x,11851,41.439,3.06,3.08,0.0031,464,178
T-BulletDispenser-1x,11852,41.441,2.78,2.80,0.0028,464,178
T-BulletDispenser-1x,11853,41.444,2.82,2.79,0.0028,464,178
T-BulletDispenser-1x,11854,41.447,2.96,2.91,0.0030,464,178
T-BulletDispenser-1x,11855,41.450,3.26,3.29,0.0033,464,178
T-BulletDispenser-1x,11856,41.454,3.22,3.21,0.0032,464,178
T-BulletDispenser-1x,11857,41.457,2.85,2.88,0.0029,464,178
T-BulletDispenser-1x,11858,41.460,3.21,3.22,0.0032,464,178
T-BulletDispenser-1x,11859,41.463,2.99,2.97,0.0030,464,178
T-BulletDispenser-1x,11860,41.466,3.19,3.20,0.0032,464,178
T-BulletDispenser-1x,11861,41.469,3.21,3.20,0.0032,464,178
T-BulletDispenser-1x,11862,41.472,3.02,3.01,0.0030,464,178
T-BulletDispenser-1x,11863,41.475,3.06,3.10,0.0031,464,178
T-BulletDispenser-1x,11864,41.478,2.86,2.80,0.0029,464,178
T-BulletDispenser-1x,11865,41.481,3.30,3.31,0.0033,464,178
T-BulletDispenser-1x,11866,41.484,3.08,3.09,0.0031,464,178
T-BulletDispenser-1x,11867,41.488,3.21,3.20,0.0032,464,178
T-BulletDispenser-1x,11868,41.491,3.08,3.09,0.0031,464,178
T-BulletDispenser-1x,11869,41.493,2.47,2.50,0.0025,464,178
T-BulletDispenser-1x,11870,41.496,2.94,2.90,0.0029,464,178
T-BulletDispenser-1x,11871,41.499,3.04,3.01,0.0030,464,178
T-BulletDispenser-1x,11872,41.502,2.84,2.88,0.0028,464,178
T-BulletDispenser-1x,11873,41.505,3.13,3.10,0.0031,464,178
T-BulletDispenser-1x,11874,41.508,3.11,3.10,0.0031,464,178
T-BulletDispenser-1x,11875,41.511,3.10,3.10,0.0031,464,178
T-BulletDispenser-1x,11876,41.515,3.36,3.32,0.0034,464,178
T-BulletDispenser-1x,11877,41.518,3.15,3.18,0.0032,464,178
T-BulletDispenser-1x,11878,41.521,3.19,3.19,0.0032,464,178
T-BulletDispenser-1x,11879,41.524,2.90,2.91,0.0029,464,178
T-BulletDispenser-1x,11880,41.527,2.80,2.79,0.0028,464,178
T-BulletDispenser-1x,11881,41.530,3.09,3.10,0.0031,464,178
T-BulletDispenser-1x,11882,41.533,3.42,3.40,0.0034,464,178
T-BulletDispenser-1x,11883,41.536,3.17,3.18,0.0032,464,178
T-BulletDispenser-1x,11884,41.539,2.78,2.80,0.0028,464,178
T-BulletDispenser-1x,11885,41.542,2.79,2.80,0.0028,464,178
T-BulletDispenser-1x,11886,41.545,3.06,3.01,0.0031,464,178
T-BulletDispenser-1x,11887,41.548,3.09,3.10,0.0031,464,178
T-BulletDispenser-1x,11888,41.551,2.54,2.58,0.0025,464,178
T-BulletDispenser-1x,11889,41.554,3.05,3.01,0.0031,464,178
T-BulletDispenser-1x,11890,41.557,3.12,3.11,0.0031,464,178
T-BulletDispenser-1x,11891,41.560,2.84,2.89,0.0028,464,178
T-BulletDispenser-1x,11892,41.563,3.05,3.01,0.0031,464,178
T-BulletDispenser-1x,11893,41.566,3.22,3.19,0.0032,464,178
T-BulletDispenser-1x,11894,41.569,3.37,3.39,0.0034,464,178
T-BulletDispenser-1x,11895,41.572,3.14,3.11,0.0031,464,178
T-BulletDispenser-1x,11896,41.576,3.56,3.60,0.0036,464,178
T-BulletDispenser-1x,11897,41.579,3.16,3.19,0.0032,464,178
T-BulletDispenser-1x,11898,41.582,2.92,2.82,0.0029,464,178
T-BulletDispenser-1x,11899,41.586,3.53,3.58,0.0035,516,178
T-BulletDispenser-1x,11900,41.589,2.94,2.98,0.0029,464,178
T-BulletDispenser-1x,11901,41.592,2.94,2.89,0.0029,464,178
T-BulletDispenser-1x,11902,41.595,3.41,3.42,0.0034,464,178
T-BulletDispenser-1x,11903,41.598,3.00,2.98,0.0030,464,178
T-BulletDispenser-1x,11904,41.601,2.77,2.79,0.0028,464,178
T-BulletDispenser-1x,11905,41.604,2.92,2.90,0.0029,464,178
T-BulletDispenser-1x,11906,41.607,2.89,2.89,0.0029,464,178
T-BulletDispenser-1x,11907,41.610,3.08,3.10,0.0031,464,178
T-BulletDispenser-1x,11908,41.613,3.00,3.00,0.0030,464,178
T-BulletDispenser-1x,11909,41.616,3.32,3.24,0.0033,464,178
T-BulletDispenser-1x,11910,41.619,3.04,3.06,0.0030,464,178
T-BulletDispenser-1x,11911,41.622,2.84,2.89,0.0028,464,178
T-BulletDispenser-1x,11912,41.625,2.85,2.81,0.0029,464,178
T-BulletDispenser-1x,11913,41.628,3.30,3.29,0.0033,464,178
T-BulletDispenser-1x,11914,41.631,3.50,3.51,0.0035,464,178
T-BulletDispenser-1x,11915,41.634,2.74,2.78,0.0027,464,178
T-BulletDispenser-1x,11916,41.637,2.96,2.91,0.0030,464,178
T-BulletDispenser-1x,11917,41.640,3.19,3.20,0.0032,464,178
T-BulletDispenser-1x,11918,41.644,3.48,3.40,0.0035,464,178
T-BulletDispenser-1x,11919,41.647,2.79,2.89,0.0028,464,178
T-BulletDispenser-1x,11920,41.650,3.28,3.21,0.0033,464,178
T-BulletDispenser-1x,11921,41.653,3.05,3.08,0.0030,464,178
T-BulletDispenser-1x,11922,41.655,2.45,2.48,0.0024,464,178
T-BulletDispenser-1x,11923,41.658,2.77,2.73,0.0028,464,178
T-BulletDispenser-1x,11924,41.661,2.87,2.88,0.0029,464,178
T-BulletDispenser-1x,11925,41.664,2.89,2.90,0.0029,464,178
T-BulletDispenser-1x,11926,41.667,3.23,3.21,0.0032,464,178
T-BulletDispenser-1x,11927,41.671,3.51,3.50,0.0035,464,178
T-BulletDispenser-1x,11928,41.673,2.81,2.80,0.0028,464,178
T-BulletDispenser-1x,11929,41.676,3.01,2.99,0.0030,464,178
T-BulletDispenser-1x,11930,41.680,3.29,3.28,0.0033,464,178
T-BulletDispenser-1x,11931,41.683,3.63,3.64,0.0036,464,178
T-BulletDispenser-1x,11932,41.687,3.48,3.49,0.0035,464,178
T-BulletDispenser-1x,11933,41.690,3.17,3.17,0.0032,464,178
T-BulletDispenser-1x,11934,41.693,3.42,3.41,0.0034,464,178
T-BulletDispenser-1x,11935,41.696,2.86,2.88,0.0029,464,178
T-BulletDispenser-1x,11936,41.699,3.13,3.11,0.0031,464,178
T-BulletDispenser-1x,11937,41.703,3.12,3.12,0.0031,464,178
T-BulletDispenser-1x,11938,41.705,2.75,2.78,0.0027,464,178
T-BulletDispenser-1x,11939,41.708,3.13,3.09,0.0031,464,178
T-BulletDispenser-1x,11940,41.712,3.19,3.20,0.0032,464,178
T-BulletDispenser-1x,11941,41.714,2.47,2.50,0.0025,464,178
T-BulletDispenser-1x,11942,41.717,2.83,2.79,0.0028,464,178
T-BulletDispenser-1x,11943,41.720,2.93,2.92,0.0029,464,178
T-BulletDispenser-1x,11944,41.723,3.28,3.28,0.0033,464,178
T-BulletDispenser-1x,11945,41.726,2.97,3.00,0.0030,464,178
T-BulletDispenser-1x,11946,41.729,2.86,2.89,0.0029,464,178
T-BulletDispenser-1x,11947,41.732,2.73,2.70,0.0027,464,178
T-BulletDispenser-1x,11948,41.734,2.80,2.81,0.0028,464,178
T-BulletDispenser-1x,11949,41.737,2.70,2.70,0.0027,464,178
T-BulletDispenser-1x,11950,41.740,2.94,2.91,0.0029,464,178
T-BulletDispenser-1x,11951,41.744,3.40,3.40,0.0034,464,178
T-BulletDispenser-1x,11952,41.747,2.99,2.99,0.0030,464,178
T-BulletDispenser-1x,11953,41.750,3.08,3.10,0.0031,464,178
T-BulletDispenser-1x,11954,41.752,2.82,2.80,0.0028,464,178
T-BulletDispenser-1x,11955,41.755,2.77,2.79,0.0028,464,178
T-BulletDispenser-1x,11956,41.758,2.77,2.79,0.0028,464,178
T-BulletDispenser-1x,11957,41.761,2.98,2.93,0.0030,464,178
T-BulletDispenser-1x,11958,41.764,3.06,3.08,0.0031,464,178
T-BulletDispenser-1x,11959,41.767,3.10,3.10,0.0031,464,178
T-BulletDispenser-1x,11960,41.770,3.13,3.12,0.0031,464,178
T-BulletDispenser-1x,11961,41.773,3.08,3.08,0.0031,464,178
T-BulletDispenser-1x,11962,41.776,2.54,2.59,0.0025,464,178
T-BulletDispenser-1x,11963,41.778,2.54,2.50,0.0025,464,178
T-BulletDispenser-1x,11964,41.781,2.80,2.82,0.0028,464,178
T-BulletDispenser-1x,11965,41.784,3.00,2.98,0.0030,464,178
T-BulletDispenser-1x,11966,41.787,3.02,3.00,0.0030,516,178
T-BulletDispenser-1x,11967,41.790,2.98,3.00,0.0030,464,178
T-BulletDispenser-1x,11968,41.793,3.14,3.10,0.0031,464,178
T-BulletDispenser-1x,11969,41.796,2.99,3.02,0.0030,464,178
T-BulletDispenser-1x,11970,41.800,3.43,3.39,0.0034,464,178
T-BulletDispenser-1x,11971,41.803,2.77,2.80,0.0028,464,178
T-BulletDispenser-1x,11972,41.805,2.94,2.92,0.0029,464,178
T-BulletDispenser-1x,11973,41.809,3.32,3.36,0.0033,464,178
T-BulletDispenser-1x,11974,41.812,3.28,3.25,0.0033,464,178
T-BulletDispenser-1x,11975,41.815,3.20,3.17,0.0032,464,178
T-BulletDispenser-1x,11976,41.819,3.29,3.30,0.0033,464,178
T-BulletDispenser-1x,11977,41.822,3.05,3.08,0.0031,464,178
T-BulletDispenser-1x,11978,41.825,3.34,3.32,0.0033,464,178
T-BulletDispenser-1x,11979,41.828,3.08,3.08,0.0031,464,178
T-BulletDispenser-1x,11980,41.831,3.30,3.30,0.0033,464,178
T-BulletDispenser-1x,11981,41.834,2.88,2.88,0.0029,464,178
T-BulletDispenser-1x,11982,41.837,2.70,2.71,0.0027,464,178
T-BulletDispenser-1x,11983,41.840,2.94,2.91,0.0029,464,178
T-BulletDispenser-1x,11984,41.843,2.96,2.98,0.0030,464,178
T-BulletDispenser-1x,11985,41.846,2.92,2.93,0.0029,464,178
T-BulletDispenser-1x,11986,41.849,2.80,2.77,0.0028,464,178
T-BulletDispenser-1x,11987,41.852,3.25,3.20,0.0032,464,178
T-BulletDispenser-1x,11988,41.854,2.73,2.80,0.0027,464,178
T-BulletDispenser-1x,11989,41.857,2.63,2.60,0.0026,464,178
T-BulletDispenser-1x,11990,41.860,2.77,2.79,0.0028,464,178
T-BulletDispenser-1x,11991,41.863,3.01,2.99,0.0030,464,178
T-BulletDispenser-1x,11992,41.866,2.78,2.79,0.0028,464,178
T-BulletDispenser-1x,11993,41.868,2.78,2.80,0.0028,464,178
T-BulletDispenser-1x,11994,41.871,2.94,2.91,0.0029,464,178
T-BulletDispenser-1x,11995,41.875,3.33,3.31,0.0033,464,178
T-BulletDispenser-1x,11996,41.878,3.08,3.08,0.0031,464,178
T-BulletDispenser-1x,11997,41.880,2.56,2.59,0.0026,464,178
T-BulletDispenser-1x,11998,41.884,3.15,3.11,0.0032,464,178
T-BulletDispenser-1x,11999,41.887,3.30,3.30,0.0033,464,178
T-BulletDispenser-1x,12000,41.890,3.00,2.99,0.0030,464,178
T-BulletDispenser-1x,12001,41.893,2.99,3.00,0.0030,464,178
T-BulletDispenser-1x,12002,41.896,2.95,2.98,0.0029,464,178
T-BulletDispenser-1x,12003,41.899,2.88,2.82,0.0029,464,178
T-BulletDispenser-1x,12004,41.902,3.30,3.29,0.0033,464,178
T-BulletDispenser-1x,12005,41.905,2.98,3.01,0.0030,464,178
T-BulletDispenser-1x,12006,41.908,3.07,3.08,0.0031,464,178
T-BulletDispenser-1x,12007,41.911,2.96,2.92,0.0030,464,178
T-BulletDispenser-1x,12008,41.914,2.96,3.00,0.0030,464,178
T-BulletDispenser-1x,12009,41.917,2.89,2.89,0.0029,464,178
T-BulletDispenser-1x,12010,41.920,2.79,2.79,0.0028,464,178
T-BulletDispenser-1x,12011,41.923,3.15,3.13,0.0032,464,178
T-BulletDispenser-1x,12012,41.926,2.88,2.88,0.0029,464,178
T-BulletDispenser-1x,12013,41.929,3.17,3.18,0.0032,464,178
T-BulletDispenser-1x,12014,41.932,2.97,2.99,0.0030,464,178
T-BulletDispenser-1x,12015,41.935,2.75,2.74,0.0028,464,178
T-BulletDispenser-1x,12016,41.937,2.68,2.68,0.0027,464,178
T-BulletDispenser-1x,12017,41.940,2.83,2.81,0.0028,464,178
T-BulletDispenser-1x,12018,41.943,3.10,3.09,0.0031,464,178
T-BulletDispenser-1x,12019,41.946,2.87,2.91,0.0029,464,178
T-BulletDispenser-1x,12020,41.949,3.05,2.98,0.0031,464,178
T-BulletDispenser-1x,12021,41.952,2.86,2.91,0.0029,464,178
T-BulletDispenser-1x,12022,41.955,2.68,2.69,0.0027,464,178
T-BulletDispenser-1x,12023,41.958,3.02,3.00,0.0030,464,178
T-BulletDispenser-1x,12024,41.961,3.34,3.32,0.0033,464,178
T-BulletDispenser-1x,12025,41.964,2.64,2.68,0.0026,464,178
T-BulletDispenser-1x,12026,41.967,3.13,3.10,0.0031,464,178
T-BulletDispenser-1x,12027,41.970,2.89,2.90,0.0029,464,178
T-BulletDispenser-1x,12028,41.972,2.37,2.39,0.0024,464,178
T-BulletDispenser-1x,12029,41.975,2.64,2.60,0.0026,464,178
T-BulletDispenser-1x,12030,41.977,2.71,2.71,0.0027,464,178
T-BulletDispenser-1x,12031,41.980,2.86,2.88,0.0029,464,178
T-BulletDispenser-1x,12032,41.983,2.82,2.80,0.0028,464,178
T-BulletDispenser-1x,12033,41.986,2.83,2.82,0.0028,464,178
T-BulletDispenser-1x,12034,41.989,2.86,2.87,0.0029,516,178
T-BulletDispenser-1x,12035,41.992,3.02,3.01,0.0030,464,178
T-BulletDispenser-1x,12036,41.995,3.26,3.21,0.0033,464,178
T-BulletDispenser-1x,12037,41.998,2.60,2.67,0.0026,464,178
T-BulletDispenser-1x,12038,42.000,2.83,2.81,0.0028,464,178
T-BulletDispenser-1x,12039,42.003,3.03,3.00,0.0030,464,178
T-BulletDispenser-1x,12040,42.007,3.21,3.21,0.0032,464,178
T-BulletDispenser-1x,12041,42.010,2.96,2.99,0.0030,464,178
T-BulletDispenser-1x,12042,42.013,2.96,2.98,0.0030,464,178
T-BulletDispenser-1x,12043,42.015,2.63,2.60,0.0026,464,178
T-BulletDispenser-1x,12044,42.018,2.82,2.81,0.0028,464,178
T-BulletDispenser-1x,12045,42.021,2.98,2.98,0.0030,464,178
T-BulletDispenser-1x,12046,42.024,2.81,2.82,0.0028,464,178
T-BulletDispenser-1x,12047,42.027,3.04,3.01,0.0030,464,178
T-BulletDispenser-1x,12048,42.030,3.37,3.18,0.0034,464,178
T-BulletDispenser-1x,12049,42.033,3.20,3.40,0.0032,464,178
T-BulletDispenser-1x,12050,42.036,3.04,3.01,0.0030,464,178
T-BulletDispenser-1x,12051,42.040,3.21,3.20,0.0032,464,178
T-BulletDispenser-1x,12052,42.043,2.96,2.98,0.0030,464,178
T-BulletDispenser-1x,12053,42.046,3.24,3.21,0.0032,464,178
T-BulletDispenser-1x,12054,42.049,3.59,3.59,0.0036,464,178
T-BulletDispenser-1x,12055,42.053,3.13,3.09,0.0031,464,178
T-BulletDispenser-1x,12056,42.056,3.16,3.19,0.0032,464,178
T-BulletDispenser-1x,12057,42.059,2.80,2.80,0.0028,464,178
T-BulletDispenser-1x,12058,42.062,3.49,3.49,0.0035,464,178
T-BulletDispenser-1x,12059,42.066,3.76,3.72,0.0038,464,178
T-BulletDispenser-1x,12060,42.069,3.56,3.58,0.0036,464,178
T-BulletDispenser-1x,12061,42.073,3.66,3.62,0.0037,464,178
T-BulletDispenser-1x,12062,42.076,3.36,3.38,0.0034,464,178
T-BulletDispenser-1x,12063,42.080,3.28,3.30,0.0033,464,178
T-BulletDispenser-1x,12064,42.083,3.18,3.19,0.0032,464,178
T-BulletDispenser-1x,12065,42.086,2.79,2.79,0.0028,464,178
T-BulletDispenser-1x,12066,42.089,3.05,3.02,0.0030,464,178
T-BulletDispenser-1x,12067,42.092,3.24,3.28,0.0032,464,178
T-BulletDispenser-1x,12068,42.095,2.82,2.80,0.0028,464,178
T-BulletDispenser-1x,12069,42.098,2.98,3.00,0.0030,464,178
T-BulletDispenser-1x,12070,42.101,3.12,3.10,0.0031,464,178
T-BulletDispenser-1x,12071,42.104,3.41,3.41,0.0034,464,178
T-BulletDispenser-1x,12072,42.108,3.31,3.29,0.0033,464,178
T-BulletDispenser-1x,12073,42.111,3.08,3.08,0.0031,464,178
T-BulletDispenser-1x,12074,42.114,3.11,3.11,0.0031,464,178
T-BulletDispenser-1x,12075,42.117,3.07,3.09,0.0031,464,178
T-BulletDispenser-1x,12076,42.120,3.05,3.01,0.0030,464,178
T-BulletDispenser-1x,12077,42.123,3.40,3.40,0.0034,464,178
T-BulletDispenser-1x,12078,42.126,2.98,2.99,0.0030,464,178
T-BulletDispenser-1x,12079,42.129,3.17,3.20,0.0032,464,178
T-BulletDispenser-1x,12080,42.132,3.03,3.00,0.0030,464,178
T-BulletDispenser-1x,12081,42.135,2.88,2.90,0.0029,464,178
T-BulletDispenser-1x,12082,42.138,2.80,2.79,0.0028,464,178
T-BulletDispenser-1x,12083,42.141,3.25,3.21,0.0032,464,178
T-BulletDispenser-1x,12084,42.145,3.29,3.30,0.0033,464,178
T-BulletDispenser-1x,12085,42.147,2.56,2.60,0.0026,464,178
T-BulletDispenser-1x,12086,42.150,2.82,2.79,0.0028,464,178
T-BulletDispenser-1x,12087,42.153,3.27,3.19,0.0033,464,178
T-BulletDispenser-1x,12088,42.157,3.38,3.42,0.0034,464,178
T-BulletDispenser-1x,12089,42.160,3.28,3.28,0.0033,464,178
T-BulletDispenser-1x,12090,42.163,3.17,3.19,0.0032,464,178
T-BulletDispenser-1x,12091,42.166,3.12,3.09,0.0031,464,178
T-BulletDispenser-1x,12092,42.169,3.12,3.12,0.0031,464,178
T-BulletDispenser-1x,12093,42.172,2.86,2.89,0.0029,464,178
T-BulletDispenser-1x,12094,42.175,3.22,3.21,0.0032,464,178
T-BulletDispenser-1x,12095,42.178,2.89,2.89,0.0029,464,178
T-BulletDispenser-1x,12096,42.182,3.31,3.30,0.0033,464,178
T-BulletDispenser-1x,12097,42.185,3.11,3.11,0.0031,464,178
T-BulletDispenser-1x,12098,42.188,2.95,2.97,0.0030,464,178
T-BulletDispenser-1x,12099,42.191,3.03,3.01,0.0030,516,178
T-BulletDispenser-1x,12100,42.193,2.67,2.69,0.0027,464,178
T-BulletDispenser-1x,12101,42.196,2.79,2.80,0.0028,464,178
T-BulletDispenser-1x,12102,42.199,3.15,3.11,0.0032,464,178
T-BulletDispenser-1x,12103,42.202,3.02,3.00,0.0030,464,178
T-BulletDispenser-1x,12104,42.206,3.27,3.28,0.0033,464,178
T-BulletDispenser-1x,12105,42.209,2.91,2.90,0.0029,464,178
T-BulletDispenser-1x,12106,42.211,2.80,2.81,0.0028,464,178
T-BulletDispenser-1x,12107,42.214,2.35,2.39,0.0023,464,178
T-BulletDispenser-1x,12108,42.216,2.76,2.71,0.0028,464,178
T-BulletDispenser-1x,12109,42.219,3.00,3.01,0.0030,464,178
T-BulletDispenser-1x,12110,42.223,3.11,3.10,0.0031,464,178
T-BulletDispenser-1x,12111,42.226,3.32,3.30,0.0033,464,178
T-BulletDispenser-1x,12112,42.229,3.27,3.29,0.0033,464,178
T-BulletDispenser-1x,12113,42.232,2.92,2.90,0.0029,464,178
T-BulletDispenser-1x,12114,42.235,2.67,2.68,0.0027,464,178
T-BulletDispenser-1x,12115,42.238,3.09,3.10,0.0031,464,178
T-BulletDispenser-1x,12116,42.241,3.20,3.20,0.0032,464,178
T-BulletDispenser-1x,12117,42.244,3.04,3.02,0.0030,464,178
T-BulletDispenser-1x,12118,42.247,3.07,3.08,0.0031,464,178
T-BulletDispenser-1x,12119,42.250,2.86,2.89,0.0029,464,178
T-BulletDispenser-1x,12120,42.253,2.63,2.61,0.0026,464,178
T-BulletDispenser-1x,12121,42.255,2.77,2.79,0.0028,464,178
T-BulletDispenser-1x,12122,42.258,2.74,2.70,0.0027,464,178
T-BulletDispenser-1x,12123,42.261,3.20,3.20,0.0032,464,178
T-BulletDispenser-1x,12124,42.265,3.25,3.22,0.0033,464,178
T-BulletDispenser-1x,12125,42.267,2.83,2.87,0.0028,464,178
T-BulletDispenser-1x,12126,42.271,3.11,3.11,0.0031,464,178
T-BulletDispenser-1x,12127,42.273,2.98,2.99,0.0030,464,178
T-BulletDispenser-1x,12128,42.276,2.80,2.80,0.0028,464,178
T-BulletDispenser-1x,12129,42.280,3.30,3.30,0.0033,464,178
T-BulletDispenser-1x,12130,42.283,3.38,3.31,0.0034,464,178
T-BulletDispenser-1x,12131,42.286,3.16,3.19,0.0032,464,178
T-BulletDispenser-1x,12132,42.289,2.99,3.01,0.0030,464,178
T-BulletDispenser-1x,12133,42.292,2.97,2.99,0.0030,464,178
T-BulletDispenser-1x,12134,42.295,3.33,3.31,0.0033,464,178
T-BulletDispenser-1x,12135,42.299,3.10,3.10,0.0031,464,178
T-BulletDispenser-1x,12136,42.302,3.17,3.18,0.0032,464,178
T-BulletDispenser-1x,12137,42.305,2.81,2.81,0.0028,464,178
T-BulletDispenser-1x,12138,42.307,2.81,2.80,0.0028,464,178
T-BulletDispenser-1x,12139,42.310,2.36,2.40,0.0024,464,178
T-BulletDispenser-1x,12140,42.312,2.64,2.60,0.0026,464,178
T-BulletDispenser-1x,12141,42.315,2.60,2.60,0.0026,464,178
T-BulletDispenser-1x,12142,42.318,3.31,3.29,0.0033,464,178
T-BulletDispenser-1x,12143,42.321,3.08,3.09,0.0031,464,178
T-BulletDispenser-1x,12144,42.324,2.89,2.90,0.0029,464,178
T-BulletDispenser-1x,12145,42.327,2.89,2.82,0.0029,464,178
T-BulletDispenser-1x,12146,42.330,2.69,2.77,0.0027,464,178
T-BulletDispenser-1x,12147,42.333,2.78,2.72,0.0028,464,178
T-BulletDispenser-1x,12148,42.335,2.63,2.68,0.0026,464,178
T-BulletDispenser-1x,12149,42.338,2.80,2.79,0.0028,464,178
T-BulletDispenser-1x,12150,42.341,3.25,3.20,0.0032,464,178
T-BulletDispenser-1x,12151,42.344,3.22,3.22,0.0032,464,178
T-BulletDispenser-1x,12152,42.348,3.42,3.41,0.0034,464,178
T-BulletDispenser-1x,12153,42.350,2.61,2.67,0.0026,464,178
T-BulletDispenser-1x,12154,42.353,2.51,2.49,0.0025,464,178
T-BulletDispenser-1x,12155,42.356,2.60,2.62,0.0026,464,178
T-BulletDispenser-1x,12156,42.358,2.82,2.78,0.0028,464,178
T-BulletDispenser-1x,12157,42.361,2.92,2.92,0.0029,464,178
T-BulletDispenser-1x,12158,42.365,3.32,3.29,0.0033,464,178
T-BulletDispenser-1x,12159,42.368,3.21,3.19,0.0032,464,178
T-BulletDispenser-1x,12160,42.371,3.18,3.21,0.0032,464,178
T-BulletDispenser-1x,12161,42.374,3.18,3.19,0.0032,464,178
T-BulletDispenser-1x,12162,42.377,2.56,2.60,0.0026,464,178
T-BulletDispenser-1x,12163,42.380,2.93,2.90,0.0029,464,178
T-BulletDispenser-1x,12164,42.383,3.41,3.41,0.0034,464,178
T-BulletDispenser-1x,12165,42.386,2.97,2.99,0.0030,464,178
T-BulletDispenser-1x,12166,42.389,2.58,2.60,0.0026,464,178
T-BulletDispenser-1x,12167,42.392,3.13,3.10,0.0031,516,178
T-BulletDispenser-1x,12168,42.395,2.81,2.82,0.0028,464,178
T-BulletDispenser-1x,12169,42.397,2.47,2.48,0.0025,464,178
T-BulletDispenser-1x,12170,42.401,3.58,3.51,0.0036,464,178
T-BulletDispenser-1x,12171,42.404,3.42,3.47,0.0034,464,178
T-BulletDispenser-1x,12172,42.408,3.43,3.41,0.0034,464,178
T-BulletDispenser-1x,12173,42.411,3.50,3.50,0.0035,464,178
T-BulletDispenser-1x,12174,42.414,3.39,3.38,0.0034,464,178
T-BulletDispenser-1x,12175,42.418,3.53,3.50,0.0035,464,178
T-BulletDispenser-1x,12176,42.421,3.25,3.30,0.0033,464,178
T-BulletDispenser-1x,12177,42.424,3.24,3.19,0.0032,464,178
T-BulletDispenser-1x,12178,42.428,3.11,3.12,0.0031,464,178
T-BulletDispenser-1x,12179,42.430,2.75,2.79,0.0027,464,178
T-BulletDispenser-1x,12180,42.434,3.34,3.28,0.0033,464,178
T-BulletDispenser-1x,12181,42.437,3.17,3.21,0.0032,464,178
T-BulletDispenser-1x,12182,42.440,3.18,3.12,0.0032,464,178
T-BulletDispenser-1x,12183,42.443,2.82,2.88,0.0028,464,178
T-BulletDispenser-1x,12184,42.446,3.24,3.19,0.0032,464,178
T-BulletDispenser-1x,12185,42.449,2.98,3.00,0.0030,464,178
T-BulletDispenser-1x,12186,42.451,2.38,2.40,0.0024,464,178
T-BulletDispenser-1x,12187,42.454,2.83,2.79,0.0028,464,178
T-BulletDispenser-1x,12188,42.457,2.88,2.89,0.0029,464,178
T-BulletDispenser-1x,12189,42.460,3.24,3.21,0.0032,464,178
T-BulletDispenser-1x,12190,42.463,2.95,2.92,0.0029,464,178
T-BulletDispenser-1x,12191,42.467,3.23,3.29,0.0032,464,178
T-BulletDispenser-1x,12192,42.469,2.79,2.76,0.0028,464,178
T-BulletDispenser-1x,12193,42.472,3.04,3.02,0.0030,464,178
T-BulletDispenser-1x,12194,42.475,3.05,3.08,0.0030,464,178
T-BulletDispenser-1x,12195,42.479,3.13,3.11,0.0031,464,178
T-BulletDispenser-1x,12196,42.481,2.91,2.89,0.0029,464,178
T-BulletDispenser-1x,12197,42.484,2.96,2.99,0.0030,464,178
T-BulletDispenser-1x,12198,42.487,2.97,3.00,0.0030,464,178
T-BulletDispenser-1x,12199,42.490,2.29,2.29,0.0023,464,178
T-BulletDispenser-1x,12200,42.493,2.97,2.93,0.0030,464,178
T-BulletDispenser-1x,12201,42.496,3.31,3.28,0.0033,464,178
T-BulletDispenser-1x,12202,42.499,3.17,3.20,0.0032,464,178
T-BulletDispenser-1x,12203,42.502,3.25,3.20,0.0033,464,178
T-BulletDispenser-1x,12204,42.505,2.73,2.80,0.0027,464,178
T-BulletDispenser-1x,12205,42.508,2.69,2.61,0.0027,464,178
T-BulletDispenser-1x,12206,42.511,3.34,3.38,0.0033,464,178
T-BulletDispenser-1x,12207,42.515,3.34,3.30,0.0033,464,178
T-BulletDispenser-1x,12208,42.518,3.27,3.29,0.0033,464,178
T-BulletDispenser-1x,12209,42.521,3.42,3.41,0.0034,464,178
T-BulletDispenser-1x,12210,42.524,3.29,3.30,0.0033,464,178
T-BulletDispenser-1x,12211,42.527,2.77,2.81,0.0028,464,178
T-BulletDispenser-1x,12212,42.530,3.13,3.10,0.0031,464,178
T-BulletDispenser-1x,12213,42.534,3.23,3.22,0.0032,464,178
T-BulletDispenser-1x,12214,42.537,3.48,3.48,0.0035,464,178
T-BulletDispenser-1x,12215,42.540,3.09,3.10,0.0031,464,178
T-BulletDispenser-1x,12216,42.543,2.98,3.00,0.0030,464,178
T-BulletDispenser-1x,12217,42.546,2.66,2.68,0.0027,464,178
T-BulletDispenser-1x,12218,42.549,2.75,2.72,0.0027,464,178
T-BulletDispenser-1x,12219,42.551,2.94,2.91,0.0029,464,178
T-BulletDispenser-1x,12220,42.555,3.20,3.20,0.0032,464,178
T-BulletDispenser-1x,12221,42.558,3.07,3.09,0.0031,464,178
T-BulletDispenser-1x,12222,42.561,3.00,2.98,0.0030,464,178
T-BulletDispenser-1x,12223,42.564,2.99,3.00,0.0030,464,178
T-BulletDispenser-1x,12224,42.567,2.86,2.89,0.0029,464,178
T-BulletDispenser-1x,12225,42.569,2.82,2.80,0.0028,464,178
T-BulletDispenser-1x,12226,42.572,3.07,3.01,0.0031,464,178
T-BulletDispenser-1x,12227,42.575,2.81,2.89,0.0028,464,178
T-BulletDispenser-1x,12228,42.579,3.55,3.51,0.0036,464,178
T-BulletDispenser-1x,12229,42.582,3.08,3.10,0.0031,464,178
T-BulletDispenser-1x,12230,42.585,2.79,2.81,0.0028,464,178
T-BulletDispenser-1x,12231,42.588,3.23,3.20,0.0032,464,178
T-BulletDispenser-1x,12232,42.591,3.26,3.29,0.0033,464,178
T-BulletDispenser-1x,12233,42.594,2.92,2.90,0.0029,516,178
T-BulletDispenser-1x,12234,42.597,2.98,2.99,0.0030,464,178
T-BulletDispenser-1x,12235,42.600,2.99,3.02,0.0030,464,178
T-BulletDispenser-1x,12236,42.603,2.52,2.49,0.0025,464,178
T-BulletDispenser-1x,12237,42.606,2.90,2.90,0.0029,464,178
T-BulletDispenser-1x,12238,42.609,3.23,3.21,0.0032,464,178
T-BulletDispenser-1x,12239,42.612,3.29,3.27,0.0033,464,178
T-BulletDispenser-1x,12240,42.615,3.11,3.11,0.0031,464,178
T-BulletDispenser-1x,12241,42.618,2.96,3.00,0.0030,464,178
T-BulletDispenser-1x,12242,42.621,3.02,3.00,0.0030,464,178
T-BulletDispenser-1x,12243,42.625,3.45,3.41,0.0035,464,178
T-BulletDispenser-1x,12244,42.628,3.28,3.29,0.0033,464,178
T-BulletDispenser-1x,12245,42.630,2.64,2.69,0.0026,464,178
T-BulletDispenser-1x,12246,42.634,3.12,3.09,0.0031,464,178
T-BulletDispenser-1x,12247,42.637,3.08,3.09,0.0031,464,178
T-BulletDispenser-1x,12248,42.639,2.60,2.61,0.0026,464,178
T-BulletDispenser-1x,12249,42.642,2.70,2.70,0.0027,464,178
T-BulletDispenser-1x,12250,42.645,3.11,3.03,0.0031,464,178
T-BulletDispenser-1x,12251,42.648,3.11,3.15,0.0031,464,178
T-BulletDispenser-1x,12252,42.651,3.24,3.22,0.0032,464,178
T-BulletDispenser-1x,12253,42.654,2.93,2.98,0.0029,464,178
T-BulletDispenser-1x,12254,42.657,2.63,2.60,0.0026,464,178
T-BulletDispenser-1x,12255,42.660,2.80,2.81,0.0028,464,178
T-BulletDispenser-1x,12256,42.663,3.12,3.10,0.0031,464,178
T-BulletDispenser-1x,12257,42.666,3.30,3.29,0.0033,464,178
T-BulletDispenser-1x,12258,42.669,2.98,2.99,0.0030,464,178
T-BulletDispenser-1x,12259,42.672,2.90,2.92,0.0029,464,178
T-BulletDispenser-1x,12260,42.675,2.66,2.67,0.0027,464,178
T-BulletDispenser-1x,12261,42.677,2.49,2.51,0.0025,464,178
T-BulletDispenser-1x,12262,42.680,2.51,2.50,0.0025,464,178
T-BulletDispenser-1x,12263,42.682,2.61,2.59,0.0026,464,178
T-BulletDispenser-1x,12264,42.685,2.80,2.81,0.0028,464,178
T-BulletDispenser-1x,12265,42.688,2.95,2.91,0.0029,464,178
T-BulletDispenser-1x,12266,42.692,3.39,3.39,0.0034,464,178
T-BulletDispenser-1x,12267,42.695,3.08,3.08,0.0031,464,178
T-BulletDispenser-1x,12268,42.697,2.81,2.81,0.0028,464,178
T-BulletDispenser-1x,12269,42.701,3.10,3.10,0.0031,464,178
T-BulletDispenser-1x,12270,42.703,2.90,2.91,0.0029,464,178
T-BulletDispenser-1x,12271,42.706,2.91,2.88,0.0029,464,178
T-BulletDispenser-1x,12272,42.709,3.10,3.12,0.0031,464,178
T-BulletDispenser-1x,12273,42.713,3.30,3.30,0.0033,464,178
T-BulletDispenser-1x,12274,42.716,3.09,3.11,0.0031,464,178
T-BulletDispenser-1x,12275,42.718,2.34,2.37,0.0023,464,178
T-BulletDispenser-1x,12276,42.721,2.86,2.81,0.0029,464,178
T-BulletDispenser-1x,12277,42.724,2.76,2.79,0.0028,464,178
T-BulletDispenser-1x,12278,42.727,2.96,2.92,0.0030,464,178
T-BulletDispenser-1x,12279,42.730,3.16,3.20,0.0032,464,178
T-BulletDispenser-1x,12280,42.733,3.01,2.98,0.0030,464,178
T-BulletDispenser-1x,12281,42.736,2.99,3.00,0.0030,464,178
T-BulletDispenser-1x,12282,42.738,2.56,2.59,0.0026,464,178
T-BulletDispenser-1x,12283,42.741,2.63,2.61,0.0026,464,178
T-BulletDispenser-1x,12284,42.744,3.12,3.11,0.0031,464,178
T-BulletDispenser-1x,12285,42.747,3.12,3.10,0.0031,464,178
T-BulletDispenser-1x,12286,42.750,2.96,2.99,0.0030,464,178
T-BulletDispenser-1x,12287,42.753,3.08,3.03,0.0031,464,178
T-BulletDispenser-1x,12288,42.756,2.73,2.77,0.0027,464,178
T-BulletDispenser-1x,12289,42.759,3.17,3.09,0.0032,464,178
T-BulletDispenser-1x,12290,42.763,3.29,3.31,0.0033,464,178
T-BulletDispenser-1x,12291,42.766,3.35,3.37,0.0034,464,178
T-BulletDispenser-1x,12292,42.769,3.32,3.30,0.0033,464,178
T-BulletDispenser-1x,12293,42.772,3.11,3.09,0.0031,464,178
T-BulletDispenser-1x,12294,42.776,3.14,3.12,0.0031,464,178
T-BulletDispenser-1x,12295,42.779,3.06,3.07,0.0031,464,178
T-BulletDispenser-1x,12296,42.781,2.92,2.91,0.0029,464,178
T-BulletDispenser-1x,12297,42.784,2.96,2.99,0.0030,464,178
T-BulletDispenser-1x,12298,42.788,3.23,3.21,0.0032,464,178
T-BulletDispenser-1x,12299,42.791,3.19,3.21,0.0032,464,178
T-BulletDispenser-1x,12300,42.794,3.04,2.99,0.0030,464,178
T-BulletDispenser-1x,12301,42.797,2.70,2.77,0.0027,516,178
T-BulletDispenser-1x,12302,42.799,2.52,2.50,0.0025,464,178
T-BulletDispenser-1x,12303,42.802,3.25,3.22,0.0032,464,178
T-BulletDispenser-1x,12304,42.805,3.09,3.10,0.0031,464,178
T-BulletDispenser-1x,12305,42.808,2.99,3.02,0.0030,464,178
T-BulletDispenser-1x,12306,42.811,2.90,2.86,0.0029,464,178
T-BulletDispenser-1x,12307,42.814,2.89,2.91,0.0029,464,178
T-BulletDispenser-1x,12308,42.817,2.70,2.71,0.0027,464,178
T-BulletDispenser-1x,12309,42.820,2.64,2.60,0.0026,464,178
T-BulletDispenser-1x,12310,42.822,2.74,2.77,0.0027,464,178
T-BulletDispenser-1x,12311,42.825,2.91,2.90,0.0029,464,178
T-BulletDispenser-1x,12312,42.828,2.90,2.90,0.0029,464,178
T-BulletDispenser-1x,12313,42.831,3.19,3.11,0.0032,464,178
T-BulletDispenser-1x,12314,42.834,3.02,3.09,0.0030,464,178
T-BulletDispenser-1x,12315,42.837,3.11,3.08,0.0031,464,178
T-BulletDispenser-1x,12316,42.840,2.59,2.60,0.0026,464,178
T-BulletDispenser-1x,12317,42.843,2.79,2.80,0.0028,464,178
T-BulletDispenser-1x,12318,42.846,3.23,3.20,0.0032,464,178
T-BulletDispenser-1x,12319,42.849,3.16,3.19,0.0032,464,178
T-BulletDispenser-1x,12320,42.852,3.15,3.10,0.0032,464,178
T-BulletDispenser-1x,12321,42.855,2.98,3.01,0.0030,464,178
T-BulletDispenser-1x,12322,42.858,2.77,2.79,0.0028,464,178
T-BulletDispenser-1x,12323,42.861,2.82,2.79,0.0028,464,178
T-BulletDispenser-1x,12324,42.864,3.09,3.09,0.0031,464,178
T-BulletDispenser-1x,12325,42.867,2.79,2.83,0.0028,464,178
T-BulletDispenser-1x,12326,42.870,2.69,2.66,0.0027,464,178
T-BulletDispenser-1x,12327,42.873,3.24,3.22,0.0032,464,178
T-BulletDispenser-1x,12328,42.876,2.90,2.90,0.0029,464,178
T-BulletDispenser-1x,12329,42.879,2.89,2.89,0.0029,464,178
T-BulletDispenser-1x,12330,42.881,2.35,2.39,0.0023,464,178
T-BulletDispenser-1x,12331,42.884,2.94,2.90,0.0029,464,178
T-BulletDispenser-1x,12332,42.887,3.51,3.51,0.0035,464,178
T-BulletDispenser-1x,12333,42.891,3.42,3.41,0.0034,464,178
T-BulletDispenser-1x,12334,42.894,3.11,3.10,0.0031,464,178
T-BulletDispenser-1x,12335,42.897,2.84,2.88,0.0028,464,178
T-BulletDispenser-1x,12336,42.900,3.05,3.01,0.0030,464,178
T-BulletDispenser-1x,12337,42.903,3.29,3.28,0.0033,464,178
T-BulletDispenser-1x,12338,42.906,3.32,3.29,0.0033,464,178
T-BulletDispenser-1x,12339,42.910,3.15,3.20,0.0031,464,178
T-BulletDispenser-1x,12340,42.913,3.04,3.01,0.0030,464,178
T-BulletDispenser-1x,12341,42.915,2.79,2.80,0.0028,464,178
T-BulletDispenser-1x,12342,42.918,3.00,2.99,0.0030,464,178
T-BulletDispenser-1x,12343,42.921,3.10,3.10,0.0031,464,178
T-BulletDispenser-1x,12344,42.925,3.31,3.30,0.0033,464,178
T-BulletDispenser-1x,12345,42.928,3.10,3.10,0.0031,464,178
T-BulletDispenser-1x,12346,42.931,2.72,2.76,0.0027,464,178
T-BulletDispenser-1x,12347,42.933,2.54,2.53,0.0025,464,178
T-BulletDispenser-1x,12348,42.936,2.42,2.40,0.0024,464,178
T-BulletDispenser-1x,12349,42.939,3.03,3.00,0.0030,464,178
T-BulletDispenser-1x,12350,42.942,3.27,3.29,0.0033,464,178
T-BulletDispenser-1x,12351,42.945,3.21,3.22,0.0032,464,178
T-BulletDispenser-1x,12352,42.948,3.02,2.99,0.0030,464,178
T-BulletDispenser-1x,12353,42.951,3.04,3.07,0.0030,464,178
T-BulletDispenser-1x,12354,42.954,2.99,3.01,0.0030,464,178
T-BulletDispenser-1x,12355,42.956,2.34,2.30,0.0023,464,178
T-BulletDispenser-1x,12356,42.959,2.98,2.99,0.0030,464,178
T-BulletDispenser-1x,12357,42.963,3.10,3.09,0.0031,464,178
T-BulletDispenser-1x,12358,42.966,3.31,3.31,0.0033,464,178
T-BulletDispenser-1x,12359,42.969,3.12,3.10,0.0031,464,178
T-BulletDispenser-1x,12360,42.972,2.86,2.88,0.0029,464,178
T-BulletDispenser-1x,12361,42.974,2.58,2.60,0.0026,464,178
T-BulletDispenser-1x,12362,42.977,2.29,2.30,0.0023,464,178
T-BulletDispenser-1x,12363,42.980,2.95,2.91,0.0029,464,178
T-BulletDispenser-1x,12364,42.983,3.33,3.30,0.0033,464,178
T-BulletDispenser-1x,12365,42.986,3.17,3.18,0.0032,464,178
T-BulletDispenser-1x,12366,42.989,2.99,2.99,0.0030,464,178
T-BulletDispenser-1x,12367,42.992,2.79,2.83,0.0028,464,178
T-BulletDispenser-1x,12368,42.995,3.01,2.97,0.0030,464,178
T-BulletDispenser-1x,12369,42.998,3.52,3.51,0.0035,516,178
T-BulletDispenser-1x,12370,43.001,2.65,2.69,0.0027,464,178
T-BulletDispenser-1x,12371,43.004,3.14,3.10,0.0031,464,178
T-BulletDispenser-1x,12372,43.008,3.41,3.40,0.0034,464,178
T-BulletDispenser-1x,12373,43.010,2.87,2.91,0.0029,464,178
T-BulletDispenser-1x,12374,43.013,2.90,2.89,0.0029,464,178
T-BulletDispenser-1x,12375,43.017,3.63,3.60,0.0036,464,178
T-BulletDispenser-1x,12376,43.020,2.99,2.99,0.0030,464,178
T-BulletDispenser-1x,12377,43.023,2.90,2.90,0.0029,464,178
T-BulletDispenser-1x,12378,43.026,3.08,3.08,0.0031,464,178
T-BulletDispenser-1x,12379,43.029,2.82,2.82,0.0028,464,178
T-BulletDispenser-1x,12380,43.032,3.32,3.29,0.0033,464,178
T-BulletDispenser-1x,12381,43.035,3.21,3.19,0.0032,464,178
T-BulletDispenser-1x,12382,43.038,2.76,2.78,0.0028,464,178
T-BulletDispenser-1x,12383,43.041,2.84,2.82,0.0028,464,178
T-BulletDispenser-1x,12384,43.044,3.10,3.09,0.0031,464,178
T-BulletDispenser-1x,12385,43.047,2.96,2.98,0.0030,464,178
T-BulletDispenser-1x,12386,43.050,2.98,3.01,0.0030,464,178
T-BulletDispenser-1x,12387,43.053,3.14,3.10,0.0031,464,178
T-BulletDispenser-1x,12388,43.056,2.98,3.00,0.0030,464,178
T-BulletDispenser-1x,12389,43.059,2.68,2.69,0.0027,464,178
T-BulletDispenser-1x,12390,43.061,2.54,2.51,0.0025,464,178
T-BulletDispenser-1x,12391,43.064,2.67,2.69,0.0027,464,178
T-BulletDispenser-1x,12392,43.067,2.92,2.89,0.0029,464,178
T-BulletDispenser-1x,12393,43.070,3.00,3.01,0.0030,464,178
T-BulletDispenser-1x,12394,43.073,3.35,3.31,0.0033,464,178
T-BulletDispenser-1x,12395,43.076,2.94,2.98,0.0029,464,178
T-BulletDispenser-1x,12396,43.079,3.13,3.10,0.0031,464,178
T-BulletDispenser-1x,12397,43.082,2.89,2.89,0.0029,464,178
T-BulletDispenser-1x,12398,43.085,2.60,2.59,0.0026,464,178
T-BulletDispenser-1x,12399,43.088,3.11,3.12,0.0031,464,178
T-BulletDispenser-1x,12400,43.091,3.19,3.18,0.0032,464,178
T-BulletDispenser-1x,12401,43.094,2.89,2.90,0.0029,464,178
T-BulletDispenser-1x,12402,43.097,3.01,3.01,0.0030,464,178
T-BulletDispenser-1x,12403,43.100,2.65,2.68,0.0027,464,178
T-BulletDispenser-1x,12404,43.102,2.29,2.30,0.0023,464,178
T-BulletDispenser-1x,12405,43.105,2.84,2.81,0.0028,464,178
T-BulletDispenser-1x,12406,43.108,2.91,2.91,0.0029,464,178
T-BulletDispenser-1x,12407,43.110,2.67,2.69,0.0027,464,178
T-BulletDispenser-1x,12408,43.113,3.01,2.99,0.0030,464,178
T-BulletDispenser-1x,12409,43.116,2.78,2.79,0.0028,464,178
T-BulletDispenser-1x,12410,43.119,3.04,3.02,0.0030,464,178
T-BulletDispenser-1x,12411,43.122,3.17,3.19,0.0032,464,178
T-BulletDispenser-1x,12412,43.126,3.20,3.20,0.0032,464,178
T-BulletDispenser-1x,12413,43.128,2.81,2.80,0.0028,464,178
T-BulletDispenser-1x,12414,43.131,2.81,2.79,0.0028,464,178
T-BulletDispenser-1x,12415,43.135,3.40,3.39,0.0034,464,178
T-BulletDispenser-1x,12416,43.138,3.32,3.31,0.0033,464,178
T-BulletDispenser-1x,12417,43.141,3.05,3.08,0.0030,464,178
T-BulletDispenser-1x,12418,43.144,3.14,3.10,0.0031,464,178
T-BulletDispenser-1x,12419,43.147,2.98,3.00,0.0030,464,178
T-BulletDispenser-1x,12420,43.150,2.98,3.01,0.0030,464,178
T-BulletDispenser-1x,12421,43.153,2.51,2.48,0.0025,464,178
T-BulletDispenser-1x,12422,43.156,2.96,2.92,0.0030,464,178
T-BulletDispenser-1x,12423,43.159,3.26,3.28,0.0033,464,178
T-BulletDispenser-1x,12424,43.162,3.21,3.19,0.0032,464,178
T-BulletDispenser-1x,12425,43.165,3.09,3.10,0.0031,464,178
T-BulletDispenser-1x,12426,43.168,2.68,2.69,0.0027,464,178
T-BulletDispenser-1x,12427,43.171,2.85,2.82,0.0028,464,178
T-BulletDispenser-1x,12428,43.173,2.78,2.79,0.0028,464,178
T-BulletDispenser-1x,12429,43.176,2.76,2.79,0.0028,464,178
T-BulletDispenser-1x,12430,43.179,3.15,3.12,0.0031,464,178
T-BulletDispenser-1x,12431,43.183,3.20,3.19,0.0032,464,178
T-BulletDispenser-1x,12432,43.186,3.21,3.20,0.0032,464,178
T-BulletDispenser-1x,12433,43.188,2.54,2.58,0.0025,464,178
T-BulletDispenser-1x,12434,43.191,2.52,2.50,0.0025,464,178
T-BulletDispenser-1x,12435,43.193,2.70,2.71,0.0027,464,178
T-BulletDispenser-1x,12436,43.197,3.02,2.99,0.0030,464,178
T-BulletDispenser-1x,12437,43.200,3.24,3.21,0.0032,516,178
T-BulletDispenser-1x,12438,43.203,3.05,3.10,0.0031,464,178
T-BulletDispenser-1x,12439,43.205,2.68,2.70,0.0027,464,178
T-BulletDispenser-1x,12440,43.209,3.04,2.99,0.0030,464,178
T-BulletDispenser-1x,12441,43.211,2.89,2.90,0.0029,464,178
T-BulletDispenser-1x,12442,43.215,3.33,3.30,0.0033,464,178
T-BulletDispenser-1x,12443,43.218,2.96,3.00,0.0030,464,178
T-BulletDispenser-1x,12444,43.221,3.32,3.30,0.0033,464,178
T-BulletDispenser-1x,12445,43.224,3.19,3.20,0.0032,464,178
T-BulletDispenser-1x,12446,43.227,2.44,2.48,0.0024,464,178
T-BulletDispenser-1x,12447,43.229,2.73,2.71,0.0027,464,178
T-BulletDispenser-1x,12448,43.233,3.12,3.11,0.0031,464,178
T-BulletDispenser-1x,12449,43.236,3.21,3.20,0.0032,464,178
T-BulletDispenser-1x,12450,43.239,2.89,2.89,0.0029,464,178
T-BulletDispenser-1x,12451,43.242,3.08,3.10,0.0031,464,178
T-BulletDispenser-1x,12452,43.244,2.65,2.61,0.0027,464,178
T-BulletDispenser-1x,12453,43.247,2.79,2.80,0.0028,464,178
T-BulletDispenser-1x,12454,43.250,3.27,3.29,0.0033,464,178
T-BulletDispenser-1x,12455,43.254,3.20,3.20,0.0032,464,178
T-BulletDispenser-1x,12456,43.257,3.41,3.39,0.0034,464,178
T-BulletDispenser-1x,12457,43.261,3.45,3.41,0.0035,464,178
T-BulletDispenser-1x,12458,43.264,3.02,3.07,0.0030,464,178
T-BulletDispenser-1x,12459,43.266,2.79,2.79,0.0028,464,178
T-BulletDispenser-1x,12460,43.269,3.13,3.11,0.0031,464,178
T-BulletDispenser-1x,12461,43.273,3.59,3.51,0.0036,464,178
T-BulletDispenser-1x,12462,43.276,3.33,3.38,0.0033,464,178
T-BulletDispenser-1x,12463,43.280,3.59,3.59,0.0036,464,178
T-BulletDispenser-1x,12464,43.283,2.98,3.00,0.0030,464,178
T-BulletDispenser-1x,12465,43.286,3.16,3.12,0.0032,464,178
T-BulletDispenser-1x,12466,43.289,2.83,2.87,0.0028,464,178
T-BulletDispenser-1x,12467,43.292,3.10,3.10,0.0031,464,178
T-BulletDispenser-1x,12468,43.295,3.34,3.31,0.0033,464,178
T-BulletDispenser-1x,12469,43.299,3.40,3.39,0.0034,464,178
T-BulletDispenser-1x,12470,43.302,3.20,3.20,0.0032,464,178
T-BulletDispenser-1x,12471,43.306,3.66,3.60,0.0037,464,178
T-BulletDispenser-1x,12472,43.309,3.03,3.12,0.0030,464,178
T-BulletDispenser-1x,12473,43.312,3.45,3.40,0.0035,464,178
T-BulletDispenser-1x,12474,43.315,2.99,2.99,0.0030,464,178
T-BulletDispenser-1x,12475,43.319,3.58,3.60,0.0036,464,178
T-BulletDispenser-1x,12476,43.322,3.28,3.29,0.0033,464,178
T-BulletDispenser-1x,12477,43.325,3.31,3.30,0.0033,464,178
T-BulletDispenser-1x,12478,43.329,3.67,3.68,0.0037,464,178
T-BulletDispenser-1x,12479,43.332,3.00,3.01,0.0030,464,178
T-BulletDispenser-1x,12480,43.335,3.43,3.39,0.0034,464,178
T-BulletDispenser-1x,12481,43.338,2.97,3.01,0.0030,464,178
T-BulletDispenser-1x,12482,43.341,3.01,3.01,0.0030,464,178
T-BulletDispenser-1x,12483,43.344,3.10,3.08,0.0031,464,178
T-BulletDispenser-1x,12484,43.348,3.21,3.21,0.0032,464,178
T-BulletDispenser-1x,12485,43.351,3.23,3.20,0.0032,464,178
T-BulletDispenser-1x,12486,43.354,3.27,3.30,0.0033,464,178
T-BulletDispenser-1x,12487,43.357,3.21,3.20,0.0032,464,178
T-BulletDispenser-1x,12488,43.361,3.20,3.20,0.0032,464,178
T-BulletDispenser-1x,12489,43.364,3.01,3.01,0.0030,464,178
T-BulletDispenser-1x,12490,43.367,3.14,3.18,0.0031,464,178
T-BulletDispenser-1x,12491,43.370,2.91,2.90,0.0029,464,178
T-BulletDispenser-1x,12492,43.373,3.24,3.23,0.0032,464,178
T-BulletDispenser-1x,12493,43.376,3.17,3.17,0.0032,464,178
T-BulletDispenser-1x,12494,43.379,3.23,3.21,0.0032,464,178
T-BulletDispenser-1x,12495,43.382,3.16,3.18,0.0032,464,178
T-BulletDispenser-1x,12496,43.385,3.02,3.00,0.0030,464,178
T-BulletDispenser-1x,12497,43.389,3.11,3.11,0.0031,464,178
T-BulletDispenser-1x,12498,43.391,2.89,2.90,0.0029,464,178
T-BulletDispenser-1x,12499,43.394,3.03,3.00,0.0030,464,178
T-BulletDispenser-1x,12500,43.398,3.40,3.40,0.0034,464,178
T-BulletDispenser-1x,12501,43.401,3.11,3.10,0.0031,516,178
T-BulletDispenser-1x,12502,43.404,3.37,3.40,0.0034,464,178
T-BulletDispenser-1x,12503,43.407,2.88,2.88,0.0029,464,178
T-BulletDispenser-1x,12504,43.410,2.78,2.80,0.0028,464,178
T-BulletDispenser-1x,12505,43.413,3.16,3.11,0.0032,464,178
T-BulletDispenser-1x,12506,43.417,3.61,3.60,0.0036,464,178
T-BulletDispenser-1x,12507,43.420,3.50,3.49,0.0035,464,178
T-BulletDispenser-1x,12508,43.423,3.19,3.20,0.0032,464,178
T-BulletDispenser-1x,12509,43.427,3.07,3.10,0.0031,464,178
T-BulletDispenser-1x,12510,43.430,3.07,3.07,0.0031,464,178
T-BulletDispenser-1x,12511,43.433,3.50,3.43,0.0035,464,178
T-BulletDispenser-1x,12512,43.436,3.33,3.38,0.0033,464,178
T-BulletDispenser-1x,12513,43.440,3.33,3.29,0.0033,464,178
T-BulletDispenser-1x,12514,43.443,3.06,3.09,0.0031,464,178
T-BulletDispenser-1x,12515,43.446,2.91,2.91,0.0029,464,178
T-BulletDispenser-1x,12516,43.449,3.13,3.10,0.0031,464,178
T-BulletDispenser-1x,12517,43.452,3.24,3.21,0.0032,464,178
T-BulletDispenser-1x,12518,43.455,2.74,2.79,0.0027,464,178
T-BulletDispenser-1x,12519,43.458,3.24,3.20,0.0032,464,178
T-BulletDispenser-1x,12520,43.461,2.97,2.98,0.0030,464,178
T-BulletDispenser-1x,12521,43.464,3.29,3.29,0.0033,464,178
T-BulletDispenser-1x,12522,43.467,2.77,2.79,0.0028,464,178
T-BulletDispenser-1x,12523,43.470,3.24,3.21,0.0032,464,178
T-BulletDispenser-1x,12524,43.473,3.10,3.11,0.0031,464,178
T-BulletDispenser-1x,12525,43.477,3.10,3.09,0.0031,464,178
T-BulletDispenser-1x,12526,43.480,3.32,3.31,0.0033,464,178
T-BulletDispenser-1x,12527,43.483,3.28,3.29,0.0033,464,178
T-BulletDispenser-1x,12528,43.486,3.20,3.19,0.0032,464,178
T-BulletDispenser-1x,12529,43.490,3.28,3.29,0.0033,464,178
T-BulletDispenser-1x,12530,43.492,2.88,2.90,0.0029,464,178
T-BulletDispenser-1x,12531,43.496,3.37,3.32,0.0034,464,178
T-BulletDispenser-1x,12532,43.499,2.99,2.98,0.0030,464,178
T-BulletDispenser-1x,12533,43.502,3.06,3.10,0.0031,464,178
T-BulletDispenser-1x,12534,43.505,3.21,3.19,0.0032,464,178
T-BulletDispenser-1x,12535,43.509,3.42,3.41,0.0034,464,178
T-BulletDispenser-1x,12536,43.512,3.56,3.50,0.0036,464,178
T-BulletDispenser-1x,12537,43.516,3.51,3.58,0.0035,464,178
T-BulletDispenser-1x,12538,43.519,3.44,3.32,0.0034,464,178
T-BulletDispenser-1x,12539,43.522,2.84,2.98,0.0028,464,178
T-BulletDispenser-1x,12540,43.525,2.92,2.88,0.0029,464,178
T-BulletDispenser-1x,12541,43.528,3.13,3.12,0.0031,464,178
T-BulletDispenser-1x,12542,43.531,3.26,3.28,0.0033,464,178
T-BulletDispenser-1x,12543,43.534,3.13,3.10,0.0031,464,178
T-BulletDispenser-1x,12544,43.538,3.27,3.31,0.0033,464,178
T-BulletDispenser-1x,12545,43.541,3.01,3.00,0.0030,464,178
T-BulletDispenser-1x,12546,43.544,2.89,2.90,0.0029,464,178
T-BulletDispenser-1x,12547,43.546,2.77,2.79,0.0028,464,178
T-BulletDispenser-1x,12548,43.549,2.63,2.61,0.0026,464,178
T-BulletDispenser-1x,12549,43.552,3.22,3.20,0.0032,464,178
T-BulletDispenser-1x,12550,43.555,3.02,3.01,0.0030,464,178
T-BulletDispenser-1x,12551,43.558,3.06,3.09,0.0031,464,178
T-BulletDispenser-1x,12552,43.561,3.12,3.10,0.0031,464,178
T-BulletDispenser-1x,12553,43.564,3.00,2.99,0.0030,464,178
T-BulletDispenser-1x,12554,43.567,2.88,2.90,0.0029,464,178
T-BulletDispenser-1x,12555,43.571,3.32,3.29,0.0033,464,178
T-BulletDispenser-1x,12556,43.574,3.21,3.21,0.0032,464,178
T-BulletDispenser-1x,12557,43.577,3.21,3.21,0.0032,464,178
T-BulletDispenser-1x,12558,43.580,2.71,2.77,0.0027,464,178
T-BulletDispenser-1x,12559,43.582,2.67,2.63,0.0027,464,178
T-BulletDispenser-1x,12560,43.586,3.30,3.28,0.0033,464,178
T-BulletDispenser-1x,12561,43.589,3.08,3.10,0.0031,464,178
T-BulletDispenser-1x,12562,43.592,2.97,2.99,0.0030,464,178
T-BulletDispenser-1x,12563,43.595,3.02,3.00,0.0030,464,178
T-BulletDispenser-1x,12564,43.598,3.40,3.33,0.0034,464,178
T-BulletDispenser-1x,12565,43.601,3.01,3.07,0.0030,516,178
T-BulletDispenser-1x,12566,43.604,2.89,2.90,0.0029,464,178
T-BulletDispenser-1x,12567,43.607,3.38,3.30,0.0034,464,178
T-BulletDispenser-1x,12568,43.611,3.38,3.41,0.0034,464,178
T-BulletDispenser-1x,12569,43.614,3.16,3.11,0.0032,464,178
T-BulletDispenser-1x,12570,43.617,3.42,3.47,0.0034,464,178
T-BulletDispenser-1x,12571,43.620,3.11,3.12,0.0031,464,178
T-BulletDispenser-1x,12572,43.624,3.21,3.19,0.0032,464,178
T-BulletDispenser-1x,12573,43.627,3.27,3.29,0.0033,464,178
T-BulletDispenser-1x,12574,43.630,2.87,2.88,0.0029,464,178
T-BulletDispenser-1x,12575,43.633,3.34,3.33,0.0033,464,178
T-BulletDispenser-1x,12576,43.636,3.18,3.18,0.0032,464,178
T-BulletDispenser-1x,12577,43.639,2.90,2.91,0.0029,464,178
T-BulletDispenser-1x,12578,43.642,2.77,2.80,0.0028,464,178
T-BulletDispenser-1x,12579,43.645,3.00,2.98,0.0030,464,178
T-BulletDispenser-1x,12580,43.648,3.24,3.20,0.0032,464,178
T-BulletDispenser-1x,12581,43.651,3.00,3.01,0.0030,464,178
T-BulletDispenser-1x,12582,43.654,3.07,3.09,0.0031,464,178
T-BulletDispenser-1x,12583,43.657,2.62,2.61,0.0026,464,178
T-BulletDispenser-1x,12584,43.660,3.33,3.29,0.0033,464,178
T-BulletDispenser-1x,12585,43.664,3.56,3.51,0.0036,464,178
T-BulletDispenser-1x,12586,43.667,3.02,3.09,0.0030,464,178
T-BulletDispenser-1x,12587,43.670,3.20,3.18,0.0032,464,178
T-BulletDispenser-1x,12588,43.673,2.68,2.71,0.0027,464,178
T-BulletDispenser-1x,12589,43.676,3.01,2.99,0.0030,464,178
T-BulletDispenser-1x,12590,43.679,3.42,3.40,0.0034,464,178
T-BulletDispenser-1x,12591,43.682,3.30,3.30,0.0033,464,178
T-BulletDispenser-1x,12592,43.685,3.00,3.00,0.0030,464,178
T-BulletDispenser-1x,12593,43.689,3.53,3.51,0.0035,464,178
T-BulletDispenser-1x,12594,43.692,2.98,2.99,0.0030,464,178
T-BulletDispenser-1x,12595,43.695,2.70,2.70,0.0027,464,178
T-BulletDispenser-1x,12596,43.697,2.58,2.58,0.0026,464,178
T-BulletDispenser-1x,12597,43.700,3.21,3.20,0.0032,464,178
T-BulletDispenser-1x,12598,43.704,3.17,3.20,0.0032,464,178
T-BulletDispenser-1x,12599,43.707,3.04,3.01,0.0030,464,178
T-BulletDispenser-1x,12600,43.709,2.85,2.88,0.0029,464,178
T-BulletDispenser-1x,12601,43.712,2.72,2.71,0.0027,464,178
T-BulletDispenser-1x,12602,43.715,2.38,2.40,0.0024,464,178
T-BulletDispenser-1x,12603,43.718,3.34,3.31,0.0033,464,178
T-BulletDispenser-1x,12604,43.721,3.21,3.20,0.0032,464,178
T-BulletDispenser-1x,12605,43.725,3.52,3.51,0.0035,464,178
T-BulletDispenser-1x,12606,43.728,3.58,3.59,0.0036,464,178
T-BulletDispenser-1x,12607,43.731,3.15,3.18,0.0032,464,178
T-BulletDispenser-1x,12608,43.734,3.03,3.01,0.0030,464,178
T-BulletDispenser-1x,12609,43.737,2.99,2.98,0.0030,464,178
T-BulletDispenser-1x,12610,43.741,3.32,3.32,0.0033,464,178
T-BulletDispenser-1x,12611,43.744,3.41,3.40,0.0034,464,178
T-BulletDispenser-1x,12612,43.747,3.18,3.18,0.0032,464,178
T-BulletDispenser-1x,12613,43.750,2.66,2.69,0.0027,464,178
T-BulletDispenser-1x,12614,43.753,2.72,2.71,0.0027,464,178
T-BulletDispenser-1x,12615,43.755,2.68,2.69,0.0027,464,178
T-BulletDispenser-1x,12616,43.759,3.12,3.10,0.0031,464,178
T-BulletDispenser-1x,12617,43.762,3.19,3.19,0.0032,464,178
T-BulletDispenser-1x,12618,43.765,3.16,3.11,0.0032,464,178
T-BulletDispenser-1x,12619,43.768,3.18,3.20,0.0032,464,178
T-BulletDispenser-1x,12620,43.771,3.28,3.30,0.0033,464,178
T-BulletDispenser-1x,12621,43.774,2.80,2.79,0.0028,464,178
T-BulletDispenser-1x,12622,43.777,3.33,3.31,0.0033,464,178
T-BulletDispenser-1x,12623,43.781,3.06,3.08,0.0031,464,178
T-BulletDispenser-1x,12624,43.784,3.08,3.11,0.0031,464,178
T-BulletDispenser-1x,12625,43.787,3.03,3.00,0.0030,464,178
T-BulletDispenser-1x,12626,43.789,2.87,2.89,0.0029,464,178
T-BulletDispenser-1x,12627,43.792,2.80,2.81,0.0028,464,178
T-BulletDispenser-1x,12628,43.796,3.34,3.27,0.0033,464,178
T-BulletDispenser-1x,12629,43.799,3.31,3.33,0.0033,464,178
T-BulletDispenser-1x,12630,43.802,3.20,3.18,0.0032,516,178
T-BulletDispenser-1x,12631,43.806,3.50,3.51,0.0035,464,178
T-BulletDispenser-1x,12632,43.809,3.00,3.00,0.0030,464,178
T-BulletDispenser-1x,12633,43.812,2.87,2.89,0.0029,464,178
T-BulletDispenser-1x,12634,43.814,2.72,2.69,0.0027,464,178
T-BulletDispenser-1x,12635,43.818,3.32,3.30,0.0033,464,178
T-BulletDispenser-1x,12636,43.821,3.50,3.51,0.0035,464,178
T-BulletDispenser-1x,12637,43.824,3.38,3.40,0.0034,464,178
T-BulletDispenser-1x,12638,43.827,2.90,2.90,0.0029,464,178
T-BulletDispenser-1x,12639,43.830,2.67,2.70,0.0027,464,178
T-BulletDispenser-1x,12640,43.833,2.89,2.79,0.0029,464,178
T-BulletDispenser-1x,12641,43.836,3.36,3.41,0.0034,464,178
T-BulletDispenser-1x,12642,43.840,3.60,3.59,0.0036,464,178
T-BulletDispenser-1x,12643,43.843,3.37,3.39,0.0034,464,178
T-BulletDispenser-1x,12644,43.846,3.01,3.00,0.0030,464,178
T-BulletDispenser-1x,12645,43.850,3.53,3.51,0.0035,464,178
T-BulletDispenser-1x,12646,43.853,3.37,3.37,0.0034,464,178
T-BulletDispenser-1x,12647,43.856,2.90,2.91,0.0029,464,178
T-BulletDispenser-1x,12648,43.860,3.50,3.49,0.0035,464,178
T-BulletDispenser-1x,12649,43.863,3.09,3.11,0.0031,464,178
T-BulletDispenser-1x,12650,43.866,3.22,3.20,0.0032,464,178
T-BulletDispenser-1x,12651,43.869,3.30,3.30,0.0033,464,178
T-BulletDispenser-1x,12652,43.872,3.12,3.11,0.0031,464,178
T-BulletDispenser-1x,12653,43.875,2.93,2.98,0.0029,464,178
T-BulletDispenser-1x,12654,43.878,2.82,2.79,0.0028,464,178
T-BulletDispenser-1x,12655,43.881,2.77,2.78,0.0028,464,178
T-BulletDispenser-1x,12656,43.883,2.70,2.71,0.0027,464,178
T-BulletDispenser-1x,12657,43.886,2.86,2.82,0.0029,464,178
T-BulletDispenser-1x,12658,43.890,3.32,3.30,0.0033,464,178
T-BulletDispenser-1x,12659,43.893,2.96,2.99,0.0030,464,178
T-BulletDispenser-1x,12660,43.896,3.52,3.50,0.0035,464,178
T-BulletDispenser-1x,12661,43.899,2.87,2.90,0.0029,464,178
T-BulletDispenser-1x,12662,43.901,2.40,2.40,0.0024,464,178
T-BulletDispenser-1x,12663,43.904,2.97,2.90,0.0030,464,178
T-BulletDispenser-1x,12664,43.908,3.26,3.29,0.0033,464,178
T-BulletDispenser-1x,12665,43.911,3.20,3.20,0.0032,464,178
T-BulletDispenser-1x,12666,43.913,2.64,2.68,0.0026,464,178
T-BulletDispenser-1x,12667,43.916,2.84,2.81,0.0028,464,178
T-BulletDispenser-1x,12668,43.919,3.04,3.00,0.0030,464,178
T-BulletDispenser-1x,12669,43.922,2.95,2.98,0.0030,464,178
T-BulletDispenser-1x,12670,43.925,2.88,2.92,0.0029,464,178
T-BulletDispenser-1x,12671,43.928,3.05,3.00,0.0030,464,178
T-BulletDispenser-1x,12672,43.931,2.84,2.89,0.0028,464,178
T-BulletDispenser-1x,12673,43.934,2.81,2.79,0.0028,464,178
T-BulletDispenser-1x,12674,43.937,3.47,3.41,0.0035,464,178
T-BulletDispenser-1x,12675,43.941,3.35,3.39,0.0034,464,178
T-BulletDispenser-1x,12676,43.944,3.02,3.01,0.0030,464,178
T-BulletDispenser-1x,12677,43.947,3.29,3.28,0.0033,464,178
T-BulletDispenser-1x,12678,43.950,3.37,3.39,0.0034,464,178
T-BulletDispenser-1x,12679,43.953,2.81,2.80,0.0028,464,178
T-BulletDispenser-1x,12680,43.956,2.76,2.80,0.0028,464,178
T-BulletDispenser-1x,12681,43.959,3.01,3.00,0.0030,464,178
T-BulletDispenser-1x,12682,43.962,3.03,3.01,0.0030,464,178
T-BulletDispenser-1x,12683,43.965,3.30,3.30,0.0033,464,178
T-BulletDispenser-1x,12684,43.969,3.41,3.40,0.0034,464,178
T-BulletDispenser-1x,12685,43.971,2.77,2.80,0.0028,464,178
T-BulletDispenser-1x,12686,43.975,3.04,3.01,0.0030,464,178
T-BulletDispenser-1x,12687,43.978,3.21,3.20,0.0032,464,178
T-BulletDispenser-1x,12688,43.981,3.52,3.49,0.0035,464,178
T-BulletDispenser-1x,12689,43.984,3.13,3.19,0.0031,464,178
T-BulletDispenser-1x,12690,43.988,3.22,3.20,0.0032,464,178
T-BulletDispenser-1x,12691,43.991,3.52,3.50,0.0035,464,178
T-BulletDispenser-1x,12692,43.994,3.19,3.20,0.0032,464,178
T-BulletDispenser-1x,12693,43.998,3.41,3.40,0.0034,464,178
T-BulletDispenser-1x,12694,44.001,2.81,2.79,0.0028,464,178
T-BulletDispenser-1x,12695,44.004,3.41,3.40,0.0034,516,178
T-BulletDispenser-1x,12696,44.007,3.26,3.28,0.0033,464,178
T-BulletDispenser-1x,12697,44.010,2.75,2.78,0.0028,464,178
T-BulletDispenser-1x,12698,44.013,3.18,3.13,0.0032,464,178
T-BulletDispenser-1x,12699,44.017,3.35,3.37,0.0033,464,178
T-BulletDispenser-1x,12700,44.020,3.34,3.32,0.0033,464,178
T-BulletDispenser-1x,12701,44.024,3.74,3.70,0.0037,464,178
T-BulletDispenser-1x,12702,44.026,2.80,2.87,0.0028,464,178
T-BulletDispenser-1x,12703,44.030,3.21,3.20,0.0032,464,178
T-BulletDispenser-1x,12704,44.034,3.95,3.62,0.0039,464,178
T-BulletDispenser-1x,12705,44.037,3.52,3.79,0.0035,464,178
T-BulletDispenser-1x,12706,44.040,3.21,3.20,0.0032,464,178
T-BulletDispenser-1x,12707,44.044,3.67,3.68,0.0037,464,178
T-BulletDispenser-1x,12708,44.047,3.20,3.22,0.0032,464,178
T-BulletDispenser-1x,12709,44.050,3.03,3.07,0.0030,464,178
T-BulletDispenser-1x,12710,44.053,2.96,2.92,0.0030,464,178
T-BulletDispenser-1x,12711,44.056,3.20,3.20,0.0032,464,178
T-BulletDispenser-1x,12712,44.059,3.10,3.10,0.0031,464,178
T-BulletDispenser-1x,12713,44.063,3.42,3.40,0.0034,464,178
T-BulletDispenser-1x,12714,44.066,3.40,3.39,0.0034,464,178
T-BulletDispenser-1x,12715,44.069,3.19,3.20,0.0032,464,178
T-BulletDispenser-1x,12716,44.073,3.55,3.52,0.0035,464,178
T-BulletDispenser-1x,12717,44.076,2.92,2.97,0.0029,464,178
T-BulletDispenser-1x,12718,44.079,3.03,3.01,0.0030,464,178
T-BulletDispenser-1x,12719,44.082,3.23,3.20,0.0032,464,178
T-BulletDispenser-1x,12720,44.085,3.13,3.18,0.0031,464,178
T-BulletDispenser-1x,12721,44.088,3.05,3.01,0.0030,464,178
T-BulletDispenser-1x,12722,44.092,3.38,3.38,0.0034,464,178
T-BulletDispenser-1x,12723,44.095,3.63,3.61,0.0036,464,178
T-BulletDispenser-1x,12724,44.099,3.39,3.39,0.0034,464,178
T-BulletDispenser-1x,12725,44.102,2.87,2.91,0.0029,464,178
T-BulletDispenser-1x,12726,44.105,3.23,3.19,0.0032,464,178
T-BulletDispenser-1x,12727,44.108,3.30,3.30,0.0033,464,178
T-BulletDispenser-1x,12728,44.112,3.59,3.51,0.0036,464,178
T-BulletDispenser-1x,12729,44.115,3.45,3.49,0.0034,464,178
T-BulletDispenser-1x,12730,44.118,3.27,3.30,0.0033,464,178
T-BulletDispenser-1x,12731,44.122,3.18,3.18,0.0032,464,178
T-BulletDispenser-1x,12732,44.125,3.51,3.51,0.0035,464,178
T-BulletDispenser-1x,12733,44.128,3.22,3.19,0.0032,464,178
T-BulletDispenser-1x,12734,44.132,3.63,3.61,0.0036,464,178
T-BulletDispenser-1x,12735,44.135,3.30,3.31,0.0033,464,178
T-BulletDispenser-1x,12736,44.138,3.04,3.07,0.0030,464,178
T-BulletDispenser-1x,12737,44.141,2.68,2.70,0.0027,464,178
T-BulletDispenser-1x,12738,44.144,2.94,2.91,0.0029,464,178
T-BulletDispenser-1x,12739,44.147,3.10,3.12,0.0031,464,178
T-BulletDispenser-1x,12740,44.150,2.95,2.97,0.0030,464,178
T-BulletDispenser-1x,12741,44.153,3.28,3.22,0.0033,464,178
T-BulletDispenser-1x,12742,44.157,3.49,3.49,0.0035,464,178
T-BulletDispenser-1x,12743,44.160,2.98,3.01,0.0030,464,178
T-BulletDispenser-1x,12744,44.163,2.97,2.97,0.0030,464,178
T-BulletDispenser-1x,12745,44.166,3.48,3.40,0.0035,464,178
T-BulletDispenser-1x,12746,44.170,3.65,3.69,0.0037,464,178
T-BulletDispenser-1x,12747,44.173,3.16,3.13,0.0032,464,178
T-BulletDispenser-1x,12748,44.177,3.55,3.59,0.0036,464,178
T-BulletDispenser-1x,12749,44.180,3.15,3.17,0.0032,464,178
T-BulletDispenser-1x,12750,44.183,2.85,2.82,0.0028,464,178
T-BulletDispenser-1x,12751,44.186,3.39,3.40,0.0034,464,178
T-BulletDispenser-1x,12752,44.189,3.36,3.31,0.0034,464,178
T-BulletDispenser-1x,12753,44.192,3.00,3.09,0.0030,464,178
T-BulletDispenser-1x,12754,44.195,3.12,3.07,0.0031,464,178
T-BulletDispenser-1x,12755,44.199,3.40,3.40,0.0034,464,178
T-BulletDispenser-1x,12756,44.202,2.88,2.89,0.0029,464,178
T-BulletDispenser-1x,12757,44.205,3.20,3.20,0.0032,516,178
T-BulletDispenser-1x,12758,44.208,3.39,3.40,0.0034,464,178
T-BulletDispenser-1x,12759,44.212,3.33,3.30,0.0033,464,178
T-BulletDispenser-1x,12760,44.215,3.46,3.42,0.0035,464,178
T-BulletDispenser-1x,12761,44.218,3.22,3.29,0.0032,464,178
T-BulletDispenser-1x,12762,44.222,3.32,3.28,0.0033,464,178
T-BulletDispenser-1x,12763,44.225,3.29,3.31,0.0033,464,178
T-BulletDispenser-1x,12764,44.228,3.29,3.29,0.0033,464,178
T-BulletDispenser-1x,12765,44.231,3.12,3.10,0.0031,464,178
T-BulletDispenser-1x,12766,44.234,2.88,2.89,0.0029,464,178
T-BulletDispenser-1x,12767,44.237,3.18,3.19,0.0032,464,178
T-BulletDispenser-1x,12768,44.240,3.02,3.01,0.0030,464,178
T-BulletDispenser-1x,12769,44.244,3.23,3.20,0.0032,464,178
T-BulletDispenser-1x,12770,44.247,2.90,2.91,0.0029,464,178
T-BulletDispenser-1x,12771,44.250,3.49,3.49,0.0035,464,178
T-BulletDispenser-1x,12772,44.253,3.13,3.09,0.0031,464,178
T-BulletDispenser-1x,12773,44.257,3.44,3.34,0.0034,464,178
T-BulletDispenser-1x,12774,44.260,3.36,3.47,0.0034,464,178
T-BulletDispenser-1x,12775,44.263,3.08,3.09,0.0031,464,178
T-BulletDispenser-1x,12776,44.266,3.35,3.30,0.0034,464,178
T-BulletDispenser-1x,12777,44.270,3.32,3.38,0.0033,464,178
T-BulletDispenser-1x,12778,44.273,2.91,2.91,0.0029,464,178
T-BulletDispenser-1x,12779,44.275,2.88,2.90,0.0029,464,178
T-BulletDispenser-1x,12780,44.278,2.83,2.79,0.0028,464,178
T-BulletDispenser-1x,12781,44.282,3.30,3.30,0.0033,464,178
T-BulletDispenser-1x,12782,44.285,3.09,3.09,0.0031,464,178
T-BulletDispenser-1x,12783,44.288,3.11,3.11,0.0031,464,178
T-BulletDispenser-1x,12784,44.291,3.39,3.39,0.0034,464,178
T-BulletDispenser-1x,12785,44.295,3.35,3.30,0.0033,464,178
T-BulletDispenser-1x,12786,44.298,3.17,3.20,0.0032,464,178
T-BulletDispenser-1x,12787,44.301,2.96,2.98,0.0030,464,178
T-BulletDispenser-1x,12788,44.304,3.25,3.21,0.0033,464,178
T-BulletDispenser-1x,12789,44.307,3.16,3.19,0.0032,464,178
T-BulletDispenser-1x,12790,44.310,3.11,3.09,0.0031,464,178
T-BulletDispenser-1x,12791,44.313,3.20,3.22,0.0032,464,178
T-BulletDispenser-1x,12792,44.316,2.77,2.78,0.0028,464,178
T-BulletDispenser-1x,12793,44.319,2.93,2.89,0.0029,464,178
T-BulletDispenser-1x,12794,44.323,3.70,3.72,0.0037,464,178
T-BulletDispenser-1x,12795,44.326,3.21,3.19,0.0032,464,178
T-BulletDispenser-1x,12796,44.329,3.06,3.09,0.0031,464,178
T-BulletDispenser-1x,12797,44.332,3.36,3.31,0.0034,464,178
T-BulletDispenser-1x,12798,44.336,3.58,3.60,0.0036,464,178
T-BulletDispenser-1x,12799,44.339,3.00,2.99,0.0030,464,178
T-BulletDispenser-1x,12800,44.342,3.30,3.29,0.0033,464,178
T-BulletDispenser-1x,12801,44.346,3.63,3.61,0.0036,464,178
T-BulletDispenser-1x,12802,44.349,3.31,3.31,0.0033,464,178
T-BulletDispenser-1x,12803,44.352,2.83,2.87,0.0028,464,178
T-BulletDispenser-1x,12804,44.355,2.79,2.80,0.0028,464,178
T-BulletDispenser-1x,12805,44.359,3.65,3.61,0.0037,1300,177
T-BulletDispenser-1x,12806,44.362,3.70,3.69,0.0037,464,177
T-BulletDispenser-1x,12807,44.365,3.21,3.19,0.0032,464,177
T-BulletDispenser-1x,12808,44.369,3.71,3.69,0.0037,1300,176
T-BulletDispenser-1x,12809,44.373,3.62,3.61,0.0036,464,176
T-BulletDispenser-1x,12810,44.376,3.13,3.18,0.0031,464,176
T-BulletDispenser-1x,12811,44.380,3.75,3.72,0.0038,1300,175
T-BulletDispenser-1x,12812,44.383,3.25,3.27,0.0033,464,175
T-BulletDispenser-1x,12813,44.386,3.24,3.21,0.0032,464,175
T-BulletDispenser-1x,12814,44.390,3.78,3.80,0.0038,1300,174
T-BulletDispenser-1x,12815,44.393,3.19,3.21,0.0032,464,174
T-BulletDispenser-1x,12816,44.396,2.98,2.99,0.0030,464,174
T-BulletDispenser-1x,12817,44.400,3.76,3.70,0.0038,1300,173
T-BulletDispenser-1x,12818,44.404,3.80,3.80,0.0038,464,173
T-BulletDispenser-1x,12819,44.408,4.18,4.20,0.0042,1352,172
T-BulletDispenser-1x,12820,44.412,3.91,3.91,0.0039,464,172
T-BulletDispenser-1x,12821,44.415,3.40,3.31,0.0034,464,172
T-BulletDispenser-1x,12822,44.419,4.01,4.08,0.0040,1300,171
T-BulletDispenser-1x,12823,44.422,3.27,3.29,0.0033,464,171
T-BulletDispenser-1x,12824,44.426,3.62,3.62,0.0036,464,171
T-BulletDispenser-1x,12825,44.430,3.64,3.69,0.0036,1300,170
T-BulletDispenser-1x,12826,44.433,3.51,3.40,0.0035,464,170
T-BulletDispenser-1x,12827,44.437,3.33,3.40,0.0033,464,170
T-BulletDispenser-1x,12828,44.440,3.80,3.79,0.0038,1300,169
T-BulletDispenser-1x,12829,44.444,3.31,3.30,0.0033,464,169
T-BulletDispenser-1x,12830,44.448,4.22,4.22,0.0042,1300,168
T-BulletDispenser-1x,12831,44.451,3.03,3.08,0.0030,464,168
T-BulletDispenser-1x,12832,44.454,3.16,3.11,0.0032,464,168
T-BulletDispenser-1x,12833,44.458,3.71,3.70,0.0037,1300,167
T-BulletDispenser-1x,12834,44.461,3.68,3.70,0.0037,464,167
T-BulletDispenser-1x,12835,44.465,3.32,3.31,0.0033,464,167
T-BulletDispenser-1x,12836,44.469,4.09,4.08,0.0041,1300,166
T-BulletDispenser-1x,12837,44.472,3.16,3.19,0.0032,464,166
T-BulletDispenser-1x,12838,44.475,2.71,2.71,0.0027,464,166
T-BulletDispenser-1x,12839,44.478,3.22,3.19,0.0032,1300,165
T-BulletDispenser-1x,12840,44.482,3.62,3.61,0.0036,464,165
T-BulletDispenser-1x,12841,44.484,2.85,2.87,0.0029,464,165
T-BulletDispenser-1x,12842,44.488,3.72,3.71,0.0037,1300,164
T-BulletDispenser-1x,12843,44.491,3.36,3.39,0.0034,464,164
T-BulletDispenser-1x,12844,44.494,2.55,2.51,0.0025,464,164
T-BulletDispenser-1x,12845,44.498,4.06,4.00,0.0041,1300,163
T-BulletDispenser-1x,12846,44.502,3.41,3.48,0.0034,464,163
T-BulletDispenser-1x,12847,44.505,3.32,3.29,0.0033,464,163
T-BulletDispenser-1x,12848,44.509,4.01,4.01,0.0040,1300,162
T-BulletDispenser-1x,12849,44.513,3.74,3.71,0.0037,464,162
T-BulletDispenser-1x,12850,44.516,2.97,3.01,0.0030,464,162
T-BulletDispenser-1x,12851,44.518,2.96,2.98,0.0030,3924,161
T-BulletDispenser-1x,12852,44.522,3.13,3.10,0.0031,464,161
T-BulletDispenser-1x,12853,44.525,3.01,3.01,0.0030,464,161
T-BulletDispenser-1x,12854,44.528,3.48,3.48,0.0035,1300,160
T-BulletDispenser-1x,12855,44.532,3.66,3.62,0.0037,464,160
T-BulletDispenser-1x,12856,44.535,3.06,3.08,0.0031,464,160
T-BulletDispenser-1x,12857,44.539,3.84,3.81,0.0038,1300,159
T-BulletDispenser-1x,12858,44.542,3.36,3.38,0.0034,464,159
T-BulletDispenser-1x,12859,44.545,3.32,3.29,0.0033,464,159
T-BulletDispenser-1x,12860,44.549,3.99,4.00,0.0040,1300,158
T-BulletDispenser-1x,12861,44.553,3.49,3.50,0.0035,464,158
T-BulletDispenser-1x,12862,44.555,2.56,2.59,0.0026,464,158
T-BulletDispenser-1x,12863,44.559,3.45,3.42,0.0034,1300,157
T-BulletDispenser-1x,12864,44.562,3.57,3.52,0.0036,464,157
T-BulletDispenser-1x,12865,44.566,3.18,3.18,0.0032,464,157
T-BulletDispenser-1x,12866,44.569,3.49,3.48,0.0035,1300,156
T-BulletDispenser-1x,12867,44.572,3.04,3.08,0.0030,464,156
T-BulletDispenser-1x,12868,44.575,3.31,3.31,0.0033,464,156
T-BulletDispenser-1x,12869,44.579,3.71,3.69,0.0037,1300,155
T-BulletDispenser-1x,12870,44.583,3.88,3.81,0.0039,464,155
T-BulletDispenser-1x,12871,44.586,3.24,3.30,0.0032,464,155
T-BulletDispenser-1x,12872,44.590,3.74,3.71,0.0037,1300,154
T-BulletDispenser-1x,12873,44.593,3.02,3.08,0.0030,464,154
T-BulletDispenser-1x,12874,44.596,2.82,2.80,0.0028,464,154
T-BulletDispenser-1x,12875,44.599,3.53,3.50,0.0035,1300,153
T-BulletDispenser-1x,12876,44.602,2.76,2.78,0.0028,464,153
T-BulletDispenser-1x,12877,44.605,2.92,2.91,0.0029,464,153
T-BulletDispenser-1x,12878,44.609,3.68,3.69,0.0037,1352,152
T-BulletDispenser-1x,12879,44.612,3.72,3.71,0.0037,464,152
T-BulletDispenser-1x,12880,44.616,3.08,3.08,0.0031,464,152
T-BulletDispenser-1x,12881,44.619,3.30,3.32,0.0033,1300,151
T-BulletDispenser-1x,12882,44.622,2.90,2.90,0.0029,464,151
T-BulletDispenser-1x,12883,44.624,2.57,2.58,0.0026,464,151
T-BulletDispenser-1x,12884,44.628,3.65,3.61,0.0037,1300,150
T-BulletDispenser-1x,12885,44.631,3.41,3.40,0.0034,464,150
T-BulletDispenser-1x,12886,44.634,3.08,3.10,0.0031,464,150
T-BulletDispenser-1x,12887,44.638,3.49,3.52,0.0035,1300,149
T-BulletDispenser-1x,12888,44.641,2.79,2.77,0.0028,464,149
T-BulletDispenser-1x,12889,44.644,3.20,3.12,0.0032,464,149
T-BulletDispenser-1x,12890,44.648,3.91,3.90,0.0039,1300,148
T-BulletDispenser-1x,12891,44.651,3.31,3.39,0.0033,464,148
T-BulletDispenser-1x,12892,44.655,3.50,3.48,0.0035,464,148
T-BulletDispenser-1x,12893,44.658,3.71,3.64,0.0037,1300,147
T-BulletDispenser-1x,12894,44.662,3.30,3.36,0.0033,464,147
T-BulletDispenser-1x,12895,44.665,3.25,3.22,0.0032,464,147
T-BulletDispenser-1x,12896,44.669,3.63,3.59,0.0036,1300,146
T-BulletDispenser-1x,12897,44.672,3.43,3.50,0.0034,464,146
T-BulletDispenser-1x,12898,44.675,2.95,2.99,0.0029,464,146
T-BulletDispenser-1x,12899,44.678,3.48,3.41,0.0035,1300,145
T-BulletDispenser-1x,12900,44.682,3.56,3.59,0.0036,464,145
T-BulletDispenser-1x,12901,44.685,3.32,3.30,0.0033,464,145
T-BulletDispenser-1x,12902,44.689,3.87,3.81,0.0039,1300,144
T-BulletDispenser-1x,12903,44.692,3.19,3.28,0.0032,464,144
T-BulletDispenser-1x,12904,44.696,3.22,3.20,0.0032,464,144
T-BulletDispenser-1x,12905,44.699,3.29,3.30,0.0033,1300,143
T-BulletDispenser-1x,12906,44.702,3.40,3.31,0.0034,464,143
T-BulletDispenser-1x,12907,44.706,3.58,3.61,0.0036,464,143
T-BulletDispenser-1x,12908,44.710,4.28,4.29,0.0043,1300,142
T-BulletDispenser-1x,12909,44.714,3.86,3.89,0.0039,464,142
T-BulletDispenser-1x,12910,44.718,3.59,3.61,0.0036,1300,141
T-BulletDispenser-1x,12911,44.721,3.24,3.20,0.0032,464,141
T-BulletDispenser-1x,12912,44.724,2.80,2.80,0.0028,464,141
T-BulletDispenser-1x,12913,44.728,3.99,3.99,0.0040,1300,140
T-BulletDispenser-1x,12914,44.731,3.18,3.19,0.0032,464,140
T-BulletDispenser-1x,12915,44.734,3.09,3.09,0.0031,464,140
T-BulletDispenser-1x,12916,44.738,3.74,3.70,0.0037,1300,139
T-BulletDispenser-1x,12917,44.741,3.17,3.20,0.0032,464,139
T-BulletDispenser-1x,12918,44.743,2.66,2.69,0.0027,464,139
T-BulletDispenser-1x,12919,44.747,3.41,3.41,0.0034,1300,138
T-BulletDispenser-1x,12920,44.750,3.33,3.30,0.0033,464,138
T-BulletDispenser-1x,12921,44.753,2.90,2.90,0.0029,464,138
T-BulletDispenser-1x,12922,44.756,2.81,2.80,0.0028,464,138
T-BulletDispenser-1x,12923,44.759,3.47,3.49,0.0035,1300,137
T-BulletDispenser-1x,12924,44.762,2.88,2.89,0.0029,464,137
T-BulletDispenser-1x,12925,44.765,2.86,2.82,0.0029,464,137
T-BulletDispenser-1x,12926,44.769,3.57,3.51,0.0036,1300,136
T-BulletDispenser-1x,12927,44.772,3.08,3.17,0.0031,464,136
T-BulletDispenser-1x,12928,44.775,3.04,3.00,0.0030,464,136
T-BulletDispenser-1x,12929,44.778,3.68,3.69,0.0037,1300,135
T-BulletDispenser-1x,12930,44.782,3.39,3.39,0.0034,464,135
T-BulletDispenser-1x,12931,44.785,3.01,3.01,0.0030,464,135
T-BulletDispenser-1x,12932,44.789,3.92,3.91,0.0039,1300,134
T-BulletDispenser-1x,12933,44.793,3.94,3.91,0.0039,464,134
T-BulletDispenser-1x,12934,44.796,3.70,3.69,0.0037,464,134
T-BulletDispenser-1x,12935,44.800,3.96,3.99,0.0040,1300,133
T-BulletDispenser-1x,12936,44.804,3.83,3.81,0.0038,464,133
T-BulletDispenser-1x,12937,44.808,3.93,3.90,0.0039,1300,132
T-BulletDispenser-1x,12938,44.811,3.35,3.38,0.0034,516,132
T-BulletDispenser-1x,12939,44.814,2.54,2.59,0.0025,464,132
T-BulletDispenser-1x,12940,44.817,3.43,3.40,0.0034,1300,131
T-BulletDispenser-1x,12941,44.821,3.51,3.50,0.0035,464,131
T-BulletDispenser-1x,12942,44.824,3.14,3.12,0.0031,464,131
T-BulletDispenser-1x,12943,44.827,3.37,3.38,0.0034,1300,130
T-BulletDispenser-1x,12944,44.831,3.50,3.50,0.0035,464,130
T-BulletDispenser-1x,12945,44.834,2.67,2.69,0.0027,464,130
T-BulletDispenser-1x,12946,44.837,3.32,3.31,0.0033,1300,129
T-BulletDispenser-1x,12947,44.840,3.11,3.09,0.0031,464,129
T-BulletDispenser-1x,12948,44.843,2.78,2.79,0.0028,464,129
T-BulletDispenser-1x,12949,44.846,2.77,2.80,0.0028,464,129
T-BulletDispenser-1x,12950,44.849,3.04,3.01,0.0030,1300,128
T-BulletDispenser-1x,12951,44.852,3.02,3.02,0.0030,464,128
T-BulletDispenser-1x,12952,44.854,2.55,2.58,0.0026,464,128
T-BulletDispenser-1x,12953,44.857,2.82,2.78,0.0028,1300,127
T-BulletDispenser-1x,12954,44.860,3.11,3.11,0.0031,464,127
T-BulletDispenser-1x,12955,44.863,3.02,3.00,0.0030,464,127
T-BulletDispenser-1x,12956,44.866,3.22,3.22,0.0032,464,127
T-BulletDispenser-1x,12957,44.870,3.70,3.68,0.0037,1300,126
T-BulletDispenser-1x,12958,44.873,3.28,3.30,0.0033,464,126
T-BulletDispenser-1x,12959,44.876,2.93,2.89,0.0029,464,126
T-BulletDispenser-1x,12960,44.880,3.27,3.30,0.0033,1300,125
T-BulletDispenser-1x,12961,44.883,3.18,3.20,0.0032,464,125
T-BulletDispenser-1x,12962,44.885,2.60,2.60,0.0026,464,125
T-BulletDispenser-1x,12963,44.889,3.21,3.21,0.0032,1300,124
T-BulletDispenser-1x,12964,44.892,3.08,3.09,0.0031,464,124
T-BulletDispenser-1x,12965,44.894,2.54,2.51,0.0025,464,124
T-BulletDispenser-1x,12966,44.897,3.08,3.09,0.0031,1300,123
T-BulletDispenser-1x,12967,44.900,3.14,3.09,0.0031,464,123
T-BulletDispenser-1x,12968,44.903,2.87,2.90,0.0029,464,123
T-BulletDispenser-1x,12969,44.906,2.58,2.60,0.0026,464,123
T-BulletDispenser-1x,12970,44.909,3.54,3.51,0.0035,1300,122
T-BulletDispenser-1x,12971,44.913,3.30,3.30,0.0033,464,122
T-BulletDispenser-1x,12972,44.915,2.75,2.77,0.0027,464,122
T-BulletDispenser-1x,12973,44.918,3.10,3.10,0.0031,1300,121
T-BulletDispenser-1x,12974,44.922,3.26,3.22,0.0033,464,121
T-BulletDispenser-1x,12975,44.925,3.10,3.09,0.0031,464,121
T-BulletDispenser-1x,12976,44.928,3.46,3.48,0.0035,1300,120
T-BulletDispenser-1x,12977,44.932,3.30,3.30,0.0033,464,120
T-BulletDispenser-1x,12978,44.935,2.91,2.91,0.0029,464,120
T-BulletDispenser-1x,12979,44.938,3.51,3.49,0.0035,1300,119
T-BulletDispenser-1x,12980,44.941,2.77,2.81,0.0028,464,119
T-BulletDispenser-1x,12981,44.944,3.24,3.23,0.0032,464,119
T-BulletDispenser-1x,12982,44.948,4.19,4.17,0.0042,1300,118
T-BulletDispenser-1x,12983,44.951,3.18,3.19,0.0032,464,118
T-BulletDispenser-1x,12984,44.954,3.02,3.01,0.0030,464,118
T-BulletDispenser-1x,12985,44.958,3.45,3.47,0.0034,1300,117
T-BulletDispenser-1x,12986,44.961,3.06,3.01,0.0031,464,117
T-BulletDispenser-1x,12987,44.964,2.86,2.89,0.0029,464,117
T-BulletDispenser-1x,12988,44.967,3.40,3.41,0.0034,1300,116
T-BulletDispenser-1x,12989,44.970,3.20,3.19,0.0032,464,116
T-BulletDispenser-1x,12990,44.973,2.95,2.92,0.0029,464,116
T-BulletDispenser-1x,12991,44.976,2.92,2.96,0.0029,1300,115
T-BulletDispenser-1x,12992,44.979,2.92,2.90,0.0029,464,115
T-BulletDispenser-1x,12993,44.982,2.39,2.41,0.0024,464,115
T-BulletDispenser-1x,12994,44.984,2.85,2.82,0.0029,464,115
T-BulletDispenser-1x,12995,44.988,3.60,3.60,0.0036,1300,114
T-BulletDispenser-1x,12996,44.991,3.26,3.28,0.0033,464,114
T-BulletDispenser-1x,12997,44.994,2.81,2.80,0.0028,464,114
T-BulletDispenser-1x,12998,44.997,3.20,3.19,0.0032,1300,113
T-BulletDispenser-1x,12999,45.000,3.00,3.01,0.0030,464,113
T-BulletDispenser-1x,13000,45.003,2.71,2.68,0.0027,464,113
T-BulletDispenser-1x,13001,45.006,2.58,2.60,0.0026,464,113
T-BulletDispenser-1x,13002,45.009,3.21,3.21,0.0032,1300,112
T-BulletDispenser-1x,13003,45.012,3.22,3.20,0.0032,516,112
T-BulletDispenser-1x,13004,45.015,3.10,3.09,0.0031,464,112
T-BulletDispenser-1x,13005,45.018,3.06,3.09,0.0031,1300,111
T-BulletDispenser-1x,13006,45.021,2.79,2.80,0.0028,464,111
T-BulletDispenser-1x,13007,45.024,2.64,2.60,0.0026,464,111
T-BulletDispenser-1x,13008,45.027,3.52,3.50,0.0035,1300,110
T-BulletDispenser-1x,13009,45.030,2.72,2.78,0.0027,464,110
T-BulletDispenser-1x,13010,45.032,2.56,2.51,0.0026,464,110
T-BulletDispenser-1x,13011,45.035,2.99,2.99,0.0030,464,110
T-BulletDispenser-1x,13012,45.039,3.45,3.42,0.0034,1300,109
T-BulletDispenser-1x,13013,45.042,3.05,3.08,0.0030,464,109
T-BulletDispenser-1x,13014,45.045,2.92,2.91,0.0029,464,109
T-BulletDispenser-1x,13015,45.048,3.51,3.49,0.0035,1300,108
T-BulletDispenser-1x,13016,45.051,2.98,3.00,0.0030,464,108
T-BulletDispenser-1x,13017,45.054,2.39,2.39,0.0024,464,108
T-BulletDispenser-1x,13018,45.057,3.11,3.10,0.0031,1300,107
T-BulletDispenser-1x,13019,45.060,3.07,3.09,0.0031,464,107
T-BulletDispenser-1x,13020,45.063,3.04,3.02,0.0030,464,107
T-BulletDispenser-1x,13021,45.066,3.30,3.29,0.0033,464,107
T-BulletDispenser-1x,13022,45.070,3.37,3.39,0.0034,1300,106
T-BulletDispenser-1x,13023,45.072,2.57,2.60,0.0026,464,106
T-BulletDispenser-1x,13024,45.074,2.31,2.29,0.0023,464,106
T-BulletDispenser-1x,13025,45.078,3.44,3.41,0.0034,1300,105
T-BulletDispenser-1x,13026,45.081,3.14,3.09,0.0031,464,105
T-BulletDispenser-1x,13027,45.084,2.73,2.81,0.0027,464,105
T-BulletDispenser-1x,13028,45.087,3.35,3.30,0.0034,1300,104
T-BulletDispenser-1x,13029,45.090,2.53,2.58,0.0025,464,104
T-BulletDispenser-1x,13030,45.092,2.39,2.39,0.0024,464,104
T-BulletDispenser-1x,13031,45.095,2.65,2.62,0.0026,464,104
T-BulletDispenser-1x,13032,45.098,3.44,3.40,0.0034,1300,103
T-BulletDispenser-1x,13033,45.102,3.42,3.41,0.0034,464,103
T-BulletDispenser-1x,13034,45.104,2.65,2.68,0.0026,464,103
T-BulletDispenser-1x,13035,45.107,3.04,3.00,0.0030,1300,102
T-BulletDispenser-1x,13036,45.110,3.04,3.01,0.0030,464,102
T-BulletDispenser-1x,13037,45.113,2.82,2.89,0.0028,464,102
T-BulletDispenser-1x,13038,45.116,2.83,2.81,0.0028,464,102
T-BulletDispenser-1x,13039,45.119,3.49,3.48,0.0035,1300,101
T-BulletDispenser-1x,13040,45.122,2.99,3.00,0.0030,464,101
T-BulletDispenser-1x,13041,45.125,2.65,2.69,0.0026,464,101
T-BulletDispenser-1x,13042,45.128,3.26,3.21,0.0033,1300,100
T-BulletDispenser-1x,13043,45.132,3.18,3.19,0.0032,464,100
T-BulletDispenser-1x,13044,45.134,2.48,2.49,0.0025,464,100
T-BulletDispenser-1x,13045,45.137,3.42,3.39,0.0034,1300,99
T-BulletDispenser-1x,13046,45.140,2.91,2.91,0.0029,464,99
T-BulletDispenser-1x,13047,45.143,2.56,2.59,0.0026,464,99
T-BulletDispenser-1x,13048,45.145,2.51,2.50,0.0025,464,99
T-BulletDispenser-1x,13049,45.149,3.12,3.09,0.0031,1300,98
T-BulletDispenser-1x,13050,45.152,3.23,3.20,0.0032,464,98
T-BulletDispenser-1x,13051,45.154,2.66,2.69,0.0027,464,98
T-BulletDispenser-1x,13052,45.158,3.53,3.52,0.0035,6484,97
T-BulletDispenser-1x,13053,45.161,2.98,2.97,0.0030,464,97
T-BulletDispenser-1x,13054,45.163,2.46,2.50,0.0025,464,97
T-BulletDispenser-1x,13055,45.167,3.54,3.51,0.0035,1300,96
T-BulletDispenser-1x,13056,45.170,3.12,3.10,0.0031,464,96
T-BulletDispenser-1x,13057,45.173,2.88,2.80,0.0029,464,96
T-BulletDispenser-1x,13058,45.176,3.02,3.10,0.0030,464,96
T-BulletDispenser-1x,13059,45.179,3.47,3.49,0.0035,1300,95
T-BulletDispenser-1x,13060,45.182,2.88,2.89,0.0029,464,95
T-BulletDispenser-1x,13061,45.184,2.07,2.09,0.0021,464,95
T-BulletDispenser-1x,13062,45.187,2.85,2.81,0.0028,1300,94
T-BulletDispenser-1x,13063,45.190,3.14,3.11,0.0031,464,94
T-BulletDispenser-1x,13064,45.193,2.69,2.70,0.0027,464,94
T-BulletDispenser-1x,13065,45.196,3.12,3.09,0.0031,464,94
T-BulletDispenser-1x,13066,45.200,3.49,3.50,0.0035,1300,93
T-BulletDispenser-1x,13067,45.202,2.81,2.79,0.0028,464,93
T-BulletDispenser-1x,13068,45.205,2.50,2.51,0.0025,464,93
T-BulletDispenser-1x,13069,45.208,3.37,3.38,0.0034,1300,92
T-BulletDispenser-1x,13070,45.211,3.13,3.12,0.0031,464,92
T-BulletDispenser-1x,13071,45.214,2.59,2.60,0.0026,516,92
T-BulletDispenser-1x,13072,45.217,3.38,3.37,0.0034,1300,91
T-BulletDispenser-1x,13073,45.221,3.11,3.11,0.0031,464,91
T-BulletDispenser-1x,13074,45.223,2.62,2.60,0.0026,464,91
T-BulletDispenser-1x,13075,45.226,2.59,2.59,0.0026,464,91
T-BulletDispenser-1x,13076,45.229,3.40,3.40,0.0034,1300,90
T-BulletDispenser-1x,13077,45.232,2.99,2.99,0.0030,464,90
T-BulletDispenser-1x,13078,45.234,2.36,2.40,0.0024,464,90
T-BulletDispenser-1x,13079,45.238,3.15,3.11,0.0032,1300,89
T-BulletDispenser-1x,13080,45.241,2.98,2.98,0.0030,464,89
T-BulletDispenser-1x,13081,45.243,2.70,2.70,0.0027,464,89
T-BulletDispenser-1x,13082,45.246,2.47,2.49,0.0025,464,89
T-BulletDispenser-1x,13083,45.249,3.23,3.21,0.0032,1300,88
T-BulletDispenser-1x,13084,45.252,2.81,2.80,0.0028,464,88
T-BulletDispenser-1x,13085,45.254,2.34,2.38,0.0023,464,88
T-BulletDispenser-1x,13086,45.257,2.63,2.61,0.0026,1300,87
T-BulletDispenser-1x,13087,45.260,2.90,2.90,0.0029,464,87
T-BulletDispenser-1x,13088,45.263,2.86,2.83,0.0029,464,87
T-BulletDispenser-1x,13089,45.265,2.79,2.77,0.0028,464,87
T-BulletDispenser-1x,13090,45.269,3.40,3.39,0.0034,1300,86
T-BulletDispenser-1x,13091,45.271,2.74,2.79,0.0027,464,86
T-BulletDispenser-1x,13092,45.274,2.50,2.51,0.0025,464,86
T-BulletDispenser-1x,13093,45.277,3.37,3.31,0.0034,1300,85
T-BulletDispenser-1x,13094,45.280,2.84,2.88,0.0028,464,85
T-BulletDispenser-1x,13095,45.283,3.05,3.01,0.0031,464,85
T-BulletDispenser-1x,13096,45.286,2.87,2.91,0.0029,464,85
T-BulletDispenser-1x,13097,45.290,3.41,3.39,0.0034,1300,84
T-BulletDispenser-1x,13098,45.292,2.87,2.89,0.0029,464,84
T-BulletDispenser-1x,13099,45.296,3.14,3.12,0.0031,464,84
T-BulletDispenser-1x,13100,45.299,3.40,3.38,0.0034,1300,83
T-BulletDispenser-1x,13101,45.302,3.19,3.22,0.0032,464,83
T-BulletDispenser-1x,13102,45.305,2.51,2.48,0.0025,464,83
T-BulletDispenser-1x,13103,45.308,2.86,2.89,0.0029,1300,82
T-BulletDispenser-1x,13104,45.310,2.84,2.81,0.0028,464,82
T-BulletDispenser-1x,13105,45.313,2.69,2.71,0.0027,464,82
T-BulletDispenser-1x,13106,45.316,2.80,2.80,0.0028,464,82
T-BulletDispenser-1x,13107,45.319,2.86,2.89,0.0029,1300,81
T-BulletDispenser-1x,13108,45.322,2.87,2.81,0.0029,464,81
T-BulletDispenser-1x,13109,45.324,2.88,2.88,0.0029,464,81
T-BulletDispenser-1x,13110,45.328,3.31,3.31,0.0033,1300,80
T-BulletDispenser-1x,13111,45.331,2.77,2.78,0.0028,464,80
T-BulletDispenser-1x,13112,45.333,2.53,2.51,0.0025,464,80
T-BulletDispenser-1x,13113,45.336,2.80,2.79,0.0028,464,80
T-BulletDispenser-1x,13114,45.339,2.86,2.90,0.0029,1300,79
T-BulletDispenser-1x,13115,45.342,3.01,2.99,0.0030,464,79
T-BulletDispenser-1x,13116,45.344,2.71,2.71,0.0027,464,79
T-BulletDispenser-1x,13117,45.347,2.78,2.80,0.0028,1300,78
T-BulletDispenser-1x,13118,45.350,3.14,3.10,0.0031,464,78
T-BulletDispenser-1x,13119,45.353,2.44,2.48,0.0024,464,78
T-BulletDispenser-1x,13120,45.355,2.21,2.20,0.0022,464,78
T-BulletDispenser-1x,13121,45.359,3.55,3.50,0.0035,1300,77
T-BulletDispenser-1x,13122,45.362,3.06,3.10,0.0031,464,77
T-BulletDispenser-1x,13123,45.364,2.51,2.50,0.0025,464,77
T-BulletDispenser-1x,13124,45.367,3.00,3.01,0.0030,1300,76
T-BulletDispenser-1x,13125,45.370,2.93,2.91,0.0029,464,76
T-BulletDispenser-1x,13126,45.372,2.47,2.49,0.0025,464,76
T-BulletDispenser-1x,13127,45.375,2.39,2.40,0.0024,464,76
T-BulletDispenser-1x,13128,45.377,2.59,2.59,0.0026,1300,75
T-BulletDispenser-1x,13129,45.380,2.95,2.89,0.0030,464,75
T-BulletDispenser-1x,13130,45.383,2.78,2.80,0.0028,464,75
T-BulletDispenser-1x,13131,45.386,2.73,2.71,0.0027,464,75
T-BulletDispenser-1x,13132,45.389,2.95,2.99,0.0029,1300,74
T-BulletDispenser-1x,13133,45.392,2.92,2.88,0.0029,464,74
T-BulletDispenser-1x,13134,45.394,2.53,2.52,0.0025,464,74
T-BulletDispenser-1x,13135,45.397,2.87,2.90,0.0029,1300,73
T-BulletDispenser-1x,13136,45.400,3.19,3.11,0.0032,464,73
T-BulletDispenser-1x,13137,45.403,2.98,3.00,0.0030,464,73
T-BulletDispenser-1x,13138,45.407,3.61,3.59,0.0036,1300,72
T-BulletDispenser-1x,13139,45.410,2.82,2.88,0.0028,464,72
T-BulletDispenser-1x,13140,45.412,2.63,2.62,0.0026,464,72
T-BulletDispenser-1x,13141,45.415,2.68,2.61,0.0027,516,72
T-BulletDispenser-1x,13142,45.419,4.13,4.19,0.0041,1300,71
T-BulletDispenser-1x,13143,45.422,2.88,2.91,0.0029,464,71
T-BulletDispenser-1x,13144,45.425,2.79,2.80,0.0028,464,71
T-BulletDispenser-1x,13145,45.428,3.19,3.18,0.0032,1300,70
T-BulletDispenser-1x,13146,45.431,2.68,2.70,0.0027,464,70
T-BulletDispenser-1x,13147,45.433,2.29,2.30,0.0023,464,70
T-BulletDispenser-1x,13148,45.435,2.24,2.22,0.0022,464,70
T-BulletDispenser-1x,13149,45.439,3.24,3.21,0.0032,1300,69
T-BulletDispenser-1x,13150,45.442,3.39,3.39,0.0034,464,69
T-BulletDispenser-1x,13151,45.445,2.87,2.88,0.0029,464,69
T-BulletDispenser-1x,13152,45.448,3.44,3.39,0.0034,1300,68
T-BulletDispenser-1x,13153,45.451,2.66,2.71,0.0027,464,68
T-BulletDispenser-1x,13154,45.453,2.51,2.50,0.0025,464,68
T-BulletDispenser-1x,13155,45.457,3.40,3.39,0.0034,1300,67
T-BulletDispenser-1x,13156,45.460,2.82,2.82,0.0028,464,67
T-BulletDispenser-1x,13157,45.462,2.76,2.79,0.0028,464,67
T-BulletDispenser-1x,13158,45.465,2.54,2.50,0.0025,464,67
T-BulletDispenser-1x,13159,45.468,3.09,3.09,0.0031,1300,66
T-BulletDispenser-1x,13160,45.471,2.86,2.89,0.0029,464,66
T-BulletDispenser-1x,13161,45.474,2.64,2.61,0.0026,464,66
T-BulletDispenser-1x,13162,45.477,3.31,3.30,0.0033,1300,65
T-BulletDispenser-1x,13163,45.480,2.77,2.79,0.0028,464,65
T-BulletDispenser-1x,13164,45.482,2.62,2.61,0.0026,464,65
T-BulletDispenser-1x,13165,45.485,2.50,2.49,0.0025,464,65
T-BulletDispenser-1x,13166,45.488,2.90,2.90,0.0029,1300,64
T-BulletDispenser-1x,13167,45.490,2.48,2.50,0.0025,464,64
T-BulletDispenser-1x,13168,45.492,2.16,2.19,0.0022,464,64
T-BulletDispenser-1x,13169,45.494,2.05,1.99,0.0020,464,64
T-BulletDispenser-1x,13170,45.498,3.28,3.23,0.0033,1300,63
T-BulletDispenser-1x,13171,45.500,2.83,2.89,0.0028,464,63
T-BulletDispenser-1x,13172,45.503,2.78,2.81,0.0028,464,63
T-BulletDispenser-1x,13173,45.506,2.37,2.38,0.0024,464,63
T-BulletDispenser-1x,13174,45.508,2.92,2.91,0.0029,1300,62
T-BulletDispenser-1x,13175,45.511,2.83,2.79,0.0028,464,62
T-BulletDispenser-1x,13176,45.514,2.92,2.91,0.0029,464,62
T-BulletDispenser-1x,13177,45.517,3.07,3.09,0.0031,1300,61
T-BulletDispenser-1x,13178,45.520,2.79,2.80,0.0028,464,61
T-BulletDispenser-1x,13179,45.522,2.26,2.20,0.0023,464,61
T-BulletDispenser-1x,13180,45.525,2.64,2.68,0.0026,464,61
T-BulletDispenser-1x,13181,45.528,2.88,2.89,0.0029,1300,60
T-BulletDispenser-1x,13182,45.530,2.50,2.52,0.0025,464,60
T-BulletDispenser-1x,13183,45.533,2.33,2.30,0.0023,464,60
T-BulletDispenser-1x,13184,45.535,2.76,2.72,0.0028,464,60
T-BulletDispenser-1x,13185,45.539,3.15,3.18,0.0031,1300,59
T-BulletDispenser-1x,13186,45.542,3.12,3.11,0.0031,464,59
T-BulletDispenser-1x,13187,45.544,2.68,2.68,0.0027,464,59
T-BulletDispenser-1x,13188,45.547,2.86,2.89,0.0029,1300,58
T-BulletDispenser-1x,13189,45.550,2.69,2.71,0.0027,464,58
T-BulletDispenser-1x,13190,45.552,1.98,1.98,0.0020,464,58
T-BulletDispenser-1x,13191,45.554,2.46,2.41,0.0025,464,58
T-BulletDispenser-1x,13192,45.557,2.90,2.91,0.0029,1300,57
T-BulletDispenser-1x,13193,45.560,3.02,2.99,0.0030,464,57
T-BulletDispenser-1x,13194,45.563,2.59,2.59,0.0026,464,57
T-BulletDispenser-1x,13195,45.566,2.76,2.79,0.0028,464,57
T-BulletDispenser-1x,13196,45.569,2.93,2.91,0.0029,1300,56
T-BulletDispenser-1x,13197,45.571,2.67,2.71,0.0027,464,56
T-BulletDispenser-1x,13198,45.574,2.53,2.49,0.0025,464,56
T-BulletDispenser-1x,13199,45.577,3.33,3.31,0.0033,1300,55
T-BulletDispenser-1x,13200,45.580,2.77,2.78,0.0028,464,55
T-BulletDispenser-1x,13201,45.583,2.68,2.69,0.0027,464,55
T-BulletDispenser-1x,13202,45.585,2.12,2.11,0.0021,464,55
T-BulletDispenser-1x,13203,45.588,3.22,3.20,0.0032,1300,54
T-BulletDispenser-1x,13204,45.591,2.67,2.68,0.0027,464,54
T-BulletDispenser-1x,13205,45.593,2.09,2.12,0.0021,464,54
T-BulletDispenser-1x,13206,45.595,2.21,2.18,0.0022,464,54
T-BulletDispenser-1x,13207,45.598,2.89,2.90,0.0029,1300,53
T-BulletDispenser-1x,13208,45.601,2.82,2.79,0.0028,464,53
T-BulletDispenser-1x,13209,45.603,2.87,2.85,0.0029,464,53
T-BulletDispenser-1x,13210,45.607,3.32,3.34,0.0033,1300,52
T-BulletDispenser-1x,13211,45.609,2.57,2.60,0.0026,464,52
T-BulletDispenser-1x,13212,45.612,2.41,2.40,0.0024,464,52
T-BulletDispenser-1x,13213,45.614,2.42,2.39,0.0024,464,52
T-BulletDispenser-1x,13214,45.617,2.88,2.91,0.0029,1352,51
T-BulletDispenser-1x,13215,45.619,2.30,2.29,0.0023,464,51
T-BulletDispenser-1x,13216,45.622,2.50,2.50,0.0025,464,51
T-BulletDispenser-1x,13217,45.625,2.73,2.71,0.0027,464,51
T-BulletDispenser-1x,13218,45.628,3.31,3.30,0.0033,1300,50
T-BulletDispenser-1x,13219,45.630,2.47,2.49,0.0025,464,50
T-BulletDispenser-1x,13220,45.633,2.61,2.60,0.0026,464,50
T-BulletDispenser-1x,13221,45.635,2.29,2.30,0.0023,464,50
T-BulletDispenser-1x,13222,45.638,2.91,2.89,0.0029,1300,49
T-BulletDispenser-1x,13223,45.641,2.55,2.52,0.0025,464,49
T-BulletDispenser-1x,13224,45.643,2.57,2.58,0.0026,464,49
T-BulletDispenser-1x,13225,45.646,2.83,2.81,0.0028,464,49
T-BulletDispenser-1x,13226,45.650,3.39,3.39,0.0034,1300,48
T-BulletDispenser-1x,13227,45.653,3.00,3.00,0.0030,464,48
T-BulletDispenser-1x,13228,45.655,2.71,2.71,0.0027,464,48
T-BulletDispenser-1x,13229,45.658,3.18,3.19,0.0032,1300,47
T-BulletDispenser-1x,13230,45.661,2.88,2.89,0.0029,464,47
T-BulletDispenser-1x,13231,45.664,2.73,2.71,0.0027,464,47
T-BulletDispenser-1x,13232,45.667,3.10,3.08,0.0031,1300,46
T-BulletDispenser-1x,13233,45.670,3.07,3.10,0.0031,464,46
T-BulletDispenser-1x,13234,45.672,1.99,2.00,0.0020,464,46
T-BulletDispenser-1x,13235,45.675,2.31,2.28,0.0023,464,46
T-BulletDispenser-1x,13236,45.678,3.32,3.31,0.0033,1300,45
T-BulletDispenser-1x,13237,45.681,3.00,3.01,0.0030,464,45
T-BulletDispenser-1x,13238,45.683,2.28,2.31,0.0023,464,45
T-BulletDispenser-1x,13239,45.685,2.20,2.17,0.0022,464,45
T-BulletDispenser-1x,13240,45.688,3.01,3.01,0.0030,1300,44
T-BulletDispenser-1x,13241,45.691,3.04,3.01,0.0030,464,44
T-BulletDispenser-1x,13242,45.694,2.78,2.79,0.0028,464,44
T-BulletDispenser-1x,13243,45.697,2.85,2.88,0.0028,1300,43
T-BulletDispenser-1x,13244,45.700,2.75,2.72,0.0028,464,43
T-BulletDispenser-1x,13245,45.702,2.70,2.70,0.0027,464,43
T-BulletDispenser-1x,13246,45.705,2.13,2.17,0.0021,464,43
T-BulletDispenser-1x,13247,45.708,3.07,3.02,0.0031,1300,42
T-BulletDispenser-1x,13248,45.711,3.10,3.08,0.0031,464,42
T-BulletDispenser-1x,13249,45.713,2.16,2.21,0.0022,464,42
T-BulletDispenser-1x,13250,45.715,2.30,2.27,0.0023,464,42
T-BulletDispenser-1x,13251,45.718,2.81,2.80,0.0028,1300,41
T-BulletDispenser-1x,13252,45.720,2.38,2.40,0.0024,464,41
T-BulletDispenser-1x,13253,45.722,1.78,1.79,0.0018,464,41
T-BulletDispenser-1x,13254,45.724,2.04,2.02,0.0020,464,41
T-BulletDispenser-1x,13255,45.727,2.69,2.69,0.0027,1300,40
T-BulletDispenser-1x,13256,45.729,2.60,2.59,0.0026,464,40
T-BulletDispenser-1x,13257,45.732,2.42,2.40,0.0024,464,40
T-BulletDispenser-1x,13258,45.734,2.29,2.29,0.0023,464,40
T-BulletDispenser-1x,13259,45.738,3.31,3.30,0.0033,1300,39
T-BulletDispenser-1x,13260,45.740,2.93,2.92,0.0029,464,39
T-BulletDispenser-1x,13261,45.743,2.61,2.61,0.0026,464,39
T-BulletDispenser-1x,13262,45.745,2.15,2.17,0.0022,464,39
T-BulletDispenser-1x,13263,45.748,2.60,2.60,0.0026,1300,38
T-BulletDispenser-1x,13264,45.750,2.29,2.29,0.0023,464,38
T-BulletDispenser-1x,13265,45.752,1.89,1.90,0.0019,464,38
T-BulletDispenser-1x,13266,45.754,2.37,2.32,0.0024,464,38
T-BulletDispenser-1x,13267,45.758,3.21,3.18,0.0032,1300,37
T-BulletDispenser-1x,13268,45.761,3.20,3.22,0.0032,464,37
T-BulletDispenser-1x,13269,45.763,2.46,2.47,0.0025,464,37
T-BulletDispenser-1x,13270,45.766,2.43,2.40,0.0024,464,37
T-BulletDispenser-1x,13271,45.768,2.84,2.80,0.0028,1300,36
T-BulletDispenser-1x,13272,45.771,2.62,2.67,0.0026,464,36
T-BulletDispenser-1x,13273,45.774,2.60,2.52,0.0026,464,36
T-BulletDispenser-1x,13274,45.777,2.95,2.99,0.0029,1300,35
T-BulletDispenser-1x,13275,45.780,2.98,3.00,0.0030,464,35
T-BulletDispenser-1x,13276,45.782,2.18,2.20,0.0022,464,35
T-BulletDispenser-1x,13277,45.784,2.16,2.17,0.0022,464,35
T-BulletDispenser-1x,13278,45.787,2.73,2.71,0.0027,1300,34
T-BulletDispenser-1x,13279,45.790,2.89,2.81,0.0029,464,34
T-BulletDispenser-1x,13280,45.792,2.48,2.51,0.0025,464,34
T-BulletDispenser-1x,13281,45.795,2.56,2.59,0.0026,464,34
T-BulletDispenser-1x,13282,45.798,3.31,3.29,0.0033,1300,33
T-BulletDispenser-1x,13283,45.801,2.57,2.60,0.0026,464,33
T-BulletDispenser-1x,13284,45.803,2.07,2.09,0.0021,464,33
T-BulletDispenser-1x,13285,45.805,1.97,1.99,0.0020,464,33
T-BulletDispenser-1x,13286,45.807,2.58,2.53,0.0026,1300,32
T-BulletDispenser-1x,13287,45.810,2.45,2.49,0.0025,464,32
T-BulletDispenser-1x,13288,45.812,2.22,2.21,0.0022,464,32
T-BulletDispenser-1x,13289,45.814,2.18,2.19,0.0022,464,32
T-BulletDispenser-1x,13290,45.817,3.11,3.09,0.0031,1300,31
T-BulletDispenser-1x,13291,45.820,2.59,2.59,0.0026,516,31
T-BulletDispenser-1x,13292,45.822,2.44,2.41,0.0024,464,31
T-BulletDispenser-1x,13293,45.825,2.68,2.69,0.0027,464,31
T-BulletDispenser-1x,13294,45.828,3.13,3.12,0.0031,1300,30
T-BulletDispenser-1x,13295,45.830,2.56,2.59,0.0026,464,30
T-BulletDispenser-1x,13296,45.833,2.17,2.19,0.0022,464,30
T-BulletDispenser-1x,13297,45.834,1.79,1.79,0.0018,464,30
T-BulletDispenser-1x,13298,45.837,2.55,2.52,0.0025,1300,29
T-BulletDispenser-1x,13299,45.840,2.71,2.68,0.0027,464,29
T-BulletDispenser-1x,13300,45.842,2.29,2.31,0.0023,464,29
T-BulletDispenser-1x,13301,45.845,2.62,2.61,0.0026,464,29
T-BulletDispenser-1x,13302,45.847,2.77,2.79,0.0028,1300,28
T-BulletDispenser-1x,13303,45.850,2.70,2.69,0.0027,464,28
T-BulletDispenser-1x,13304,45.852,2.21,2.21,0.0022,464,28
T-BulletDispenser-1x,13305,45.854,1.98,2.00,0.0020,464,28
T-BulletDispenser-1x,13306,45.857,2.41,2.39,0.0024,1300,27
T-BulletDispenser-1x,13307,45.859,2.61,2.60,0.0026,464,27
T-BulletDispenser-1x,13308,45.861,2.19,2.19,0.0022,464,27
T-BulletDispenser-1x,13309,45.864,2.18,2.20,0.0022,464,27
T-BulletDispenser-1x,13310,45.867,2.86,2.82,0.0029,1300,26
T-BulletDispenser-1x,13311,45.869,2.80,2.78,0.0028,464,26
T-BulletDispenser-1x,13312,45.872,2.40,2.41,0.0024,464,26
T-BulletDispenser-1x,13313,45.874,2.51,2.50,0.0025,464,26
T-BulletDispenser-1x,13314,45.877,2.74,2.77,0.0027,1300,25
T-BulletDispenser-1x,13315,45.880,2.70,2.71,0.0027,464,25
T-BulletDispenser-1x,13316,45.882,2.37,2.31,0.0024,464,25
T-BulletDispenser-1x,13317,45.885,2.46,2.49,0.0025,464,25
T-BulletDispenser-1x,13318,45.888,3.02,2.99,0.0030,1300,24
T-BulletDispenser-1x,13319,45.891,3.14,3.11,0.0031,464,24
T-BulletDispenser-1x,13320,45.893,2.12,2.19,0.0021,464,24
T-BulletDispenser-1x,13321,45.895,2.01,2.00,0.0020,464,24
T-BulletDispenser-1x,13322,45.897,2.70,2.70,0.0027,1300,23
T-BulletDispenser-1x,13323,45.900,2.52,2.50,0.0025,464,23
T-BulletDispenser-1x,13324,45.902,1.96,1.99,0.0020,464,23
T-BulletDispenser-1x,13325,45.904,2.19,2.11,0.0022,464,23
T-BulletDispenser-1x,13326,45.907,2.63,2.68,0.0026,1300,22
T-BulletDispenser-1x,13327,45.910,2.72,2.72,0.0027,464,22
T-BulletDispenser-1x,13328,45.912,2.30,2.29,0.0023,464,22
T-BulletDispenser-1x,13329,45.914,2.32,2.30,0.0023,464,22
T-BulletDispenser-1x,13330,45.917,2.85,2.89,0.0028,1300,21
T-BulletDispenser-1x,13331,45.920,2.64,2.59,0.0026,464,21
T-BulletDispenser-1x,13332,45.922,2.27,2.30,0.0023,464,21
T-BulletDispenser-1x,13333,45.924,2.04,2.01,0.0020,464,21
T-BulletDispenser-1x,13334,45.926,2.38,2.41,0.0024,1300,20
T-BulletDispenser-1x,13335,45.929,2.72,2.68,0.0027,464,20
T-BulletDispenser-1x,13336,45.931,2.46,2.46,0.0025,464,20
T-BulletDispenser-1x,13337,45.934,2.13,2.13,0.0021,464,20
T-BulletDispenser-1x,13338,45.936,2.88,2.88,0.0029,1300,19
T-BulletDispenser-1x,13339,45.939,2.08,2.11,0.0021,464,19
T-BulletDispenser-1x,13340,45.941,2.05,2.00,0.0021,464,19
T-BulletDispenser-1x,13341,45.943,2.15,2.19,0.0021,464,19
T-BulletDispenser-1x,13342,45.945,2.22,2.21,0.0022,464,19
T-BulletDispenser-1x,13343,45.948,2.57,2.58,0.0026,1300,18
T-BulletDispenser-1x,13344,45.950,2.54,2.51,0.0025,464,18
T-BulletDispenser-1x,13345,45.952,2.14,2.12,0.0021,464,18
T-BulletDispenser-1x,13346,45.954,2.17,2.17,0.0022,464,18
T-BulletDispenser-1x,13347,45.958,3.11,3.11,0.0031,1300,17
T-BulletDispenser-1x,13348,45.960,2.71,2.69,0.0027,464,17
T-BulletDispenser-1x,13349,45.963,2.38,2.40,0.0024,464,17
T-BulletDispenser-1x,13350,45.965,1.95,1.98,0.0019,464,17
T-BulletDispenser-1x,13351,45.967,2.78,2.71,0.0028,1300,16
T-BulletDispenser-1x,13352,45.970,2.64,2.70,0.0026,464,16
T-BulletDispenser-1x,13353,45.972,2.42,2.40,0.0024,464,16
T-BulletDispenser-1x,13354,45.975,2.38,2.41,0.0024,464,16
T-BulletDispenser-1x,13355,45.978,2.93,2.88,0.0029,1300,15
T-BulletDispenser-1x,13356,45.980,2.69,2.69,0.0027,464,15
T-BulletDispenser-1x,13357,45.983,2.15,2.13,0.0021,464,15
T-BulletDispenser-1x,13358,45.985,2.02,2.07,0.0020,464,15
T-BulletDispenser-1x,13359,45.987,2.51,2.50,0.0025,1300,14
T-BulletDispenser-1x,13360,45.990,2.55,2.52,0.0026,464,14
T-BulletDispenser-1x,13361,45.992,2.16,2.18,0.0022,464,14
T-BulletDispenser-1x,13362,45.994,2.42,2.40,0.0024,464,14
T-BulletDispenser-1x,13363,45.997,2.68,2.69,0.0027,1300,13
T-BulletDispenser-1x,13364,46.000,2.84,2.80,0.0028,464,13
T-BulletDispenser-1x,13365,46.002,2.42,2.40,0.0024,464,13
T-BulletDispenser-1x,13366,46.004,2.25,2.30,0.0022,464,13
T-BulletDispenser-1x,13367,46.008,3.36,3.29,0.0034,1300,12
T-BulletDispenser-1x,13368,46.011,2.91,2.91,0.0029,464,12
T-BulletDispenser-1x,13369,46.013,2.55,2.58,0.0026,464,12
T-BulletDispenser-1x,13370,46.016,2.28,2.30,0.0023,464,12
T-BulletDispenser-1x,13371,46.019,3.35,3.31,0.0033,1300,11
T-BulletDispenser-1x,13372,46.021,2.57,2.59,0.0026,516,11
T-BulletDispenser-1x,13373,46.024,2.52,2.50,0.0025,464,11
T-BulletDispenser-1x,13374,46.027,2.58,2.60,0.0026,1300,10
T-BulletDispenser-1x,13375,46.029,2.80,2.80,0.0028,464,10
T-BulletDispenser-1x,13376,46.032,2.42,2.41,0.0024,464,10
T-BulletDispenser-1x,13377,46.034,2.30,2.08,0.0023,464,10
T-BulletDispenser-1x,13378,46.037,2.86,3.09,0.0029,1300,9
T-BulletDispenser-1x,13379,46.039,2.43,2.40,0.0024,464,9
T-BulletDispenser-1x,13380,46.042,2.36,2.40,0.0024,464,9
T-BulletDispenser-1x,13381,46.044,2.47,2.41,0.0025,464,9
T-BulletDispenser-1x,13382,46.047,2.78,2.80,0.0028,1300,8
T-BulletDispenser-1x,13383,46.049,2.46,2.48,0.0025,464,8
T-BulletDispenser-1x,13384,46.051,2.04,2.02,0.0020,464,8
T-BulletDispenser-1x,13385,46.054,2.51,2.48,0.0025,464,8
T-BulletDispenser-1x,13386,46.057,2.99,3.00,0.0030,1300,7
T-BulletDispenser-1x,13387,46.059,2.38,2.42,0.0024,464,7
T-BulletDispenser-1x,13388,46.062,2.38,2.38,0.0024,464,7
T-BulletDispenser-1x,13389,46.064,2.44,2.41,0.0024,464,7
T-BulletDispenser-1x,13390,46.067,2.75,2.78,0.0027,1300,6
T-BulletDispenser-1x,13391,46.070,2.66,2.63,0.0027,464,6
T-BulletDispenser-1x,13392,46.072,2.68,2.60,0.0027,464,6
T-BulletDispenser-1x,13393,46.074,2.20,2.27,0.0022,464,6
T-BulletDispenser-1x,13394,46.077,3.04,3.00,0.0030,1300,5
T-BulletDispenser-1x,13395,46.080,2.35,2.41,0.0023,464,5
T-BulletDispenser-1x,13396,46.082,2.23,2.21,0.0022,464,5
T-BulletDispenser-1x,13397,46.084,2.18,2.19,0.0022,464,5
T-BulletDispenser-1x,13398,46.087,2.67,2.69,0.0027,1300,4
T-BulletDispenser-1x,13399,46.089,1.99,2.00,0.0020,464,4
T-BulletDispenser-1x,13400,46.091,2.11,2.02,0.0021,464,4
T-BulletDispenser-1x,13401,46.094,2.55,2.58,0.0026,464,4
T-BulletDispenser-1x,13402,46.096,2.80,2.82,0.0028,1300,3
T-BulletDispenser-1x,13403,46.099,2.30,2.29,0.0023,464,3
T-BulletDispenser-1x,13404,46.101,2.17,2.19,0.0022,464,3
T-BulletDispenser-1x,13405,46.103,2.30,2.28,0.0023,464,3
T-BulletDispenser-1x,13406,46.105,2.08,2.08,0.0021,464,3
T-BulletDispenser-1x,13407,46.108,2.52,2.52,0.0025,1300,2
T-BulletDispenser-1x,13408,46.110,2.54,2.52,0.0025,464,2
T-BulletDispenser-1x,13409,46.112,2.07,2.08,0.0021,464,2
T-BulletDispenser-1x,13410,46.114,2.12,2.11,0.0021,464,2
T-BulletDispenser-1x,13411,46.117,2.79,2.80,0.0028,1300,1
T-BulletDispenser-1x,13412,46.120,2.51,2.48,0.0025,464,1
T-BulletDispenser-1x,13413,46.122,2.26,2.29,0.0023,464,1
T-BulletDispenser-1x,13414,46.124,2.43,2.40,0.0024,464,1
T-BulletDispenser-1x,13415,46.127,3.00,3.01,0.0030,1300,0
