run,frame,time,realMs,mainMs,gameDt,gcBytes,enemies
S1-1x,0,0.000,44.91,45.19,0.0449,587170,10
S1-1x,1,0.014,14.22,14.33,0.0142,229332,14
S1-1x,2,0.023,8.94,8.99,0.0089,195660,15
S1-1x,3,0.031,7.58,7.60,0.0076,192160,16
S1-1x,4,0.038,7.63,7.59,0.0076,196576,17
S1-1x,5,0.046,7.61,7.61,0.0076,198760,18
S1-1x,6,0.054,8.31,8.30,0.0083,192160,19
S1-1x,7,0.062,7.50,7.49,0.0075,186880,19
S1-1x,8,0.070,8.11,8.09,0.0081,192160,20
S1-1x,9,0.079,8.73,8.79,0.0087,197804,21
S1-1x,10,0.086,7.65,7.61,0.0076,192160,22
S1-1x,11,0.096,9.76,9.78,0.0098,196592,23
S1-1x,12,0.104,7.90,7.89,0.0079,192160,24
S1-1x,13,0.112,7.82,7.80,0.0078,186944,24
S1-1x,14,0.119,7.49,7.50,0.0075,192160,25
S1-1x,15,0.127,7.60,7.59,0.0076,192600,26
S1-1x,16,0.134,7.40,7.41,0.0074,192160,27
S1-1x,17,0.141,6.99,6.99,0.0070,187424,27
S1-1x,18,0.150,8.70,8.70,0.0087,198092,28
S1-1x,19,0.157,7.51,7.51,0.0075,192160,29
S1-1x,20,0.171,13.80,13.80,0.0138,229992,30
S1-1x,21,0.179,7.78,7.78,0.0078,192160,31
S1-1x,22,0.188,9.43,9.42,0.0094,200302,32
S1-1x,23,0.201,12.38,12.39,0.0124,203032,33
S1-1x,24,0.209,7.91,7.90,0.0079,192440,34
S1-1x,25,0.217,8.48,8.49,0.0085,192644,35
S1-1x,26,0.227,9.40,9.39,0.0094,198044,36
S1-1x,27,0.236,9.11,9.10,0.0091,197548,37
S1-1x,28,0.244,8.10,8.11,0.0081,207896,38
S1-1x,29,0.252,8.12,8.10,0.0081,187120,38
S1-1x,30,0.260,8.09,8.09,0.0081,192940,39
S1-1x,31,0.268,8.11,8.11,0.0081,193008,40
S1-1x,32,0.276,7.91,7.90,0.0079,192688,41
S1-1x,33,0.284,8.27,8.28,0.0083,196046,42
S1-1x,34,0.293,9.12,9.10,0.0091,192993,42
S1-1x,35,0.301,8.01,8.01,0.0080,192400,43
S1-1x,36,0.309,7.88,7.89,0.0079,192400,44
S1-1x,37,0.317,7.89,7.89,0.0079,192400,45
S1-1x,38,0.325,7.90,7.90,0.0079,192400,46
S1-1x,39,0.333,7.89,7.89,0.0079,192400,47
S1-1x,40,0.341,7.61,7.60,0.0076,187280,47
S1-1x,41,0.349,8.01,8.00,0.0080,192400,48
S1-1x,42,0.356,7.78,7.80,0.0078,192944,49
S1-1x,43,0.366,9.31,9.31,0.0093,198759,50
S1-1x,44,0.374,8.69,8.69,0.0087,197176,51
S1-1x,45,0.383,8.29,8.30,0.0083,188272,51
S1-1x,46,0.390,7.71,7.70,0.0077,192400,52
S1-1x,47,0.398,7.90,7.91,0.0079,192400,53
S1-1x,48,0.406,7.80,7.78,0.0078,192400,54
S1-1x,49,0.414,7.89,7.91,0.0079,192400,55
S1-1x,50,0.422,7.71,7.69,0.0077,187120,55
S1-1x,51,0.430,8.22,8.21,0.0082,192400,56
S1-1x,52,0.439,9.16,9.18,0.0092,196066,57
S1-1x,53,0.448,9.23,9.21,0.0092,193276,58
S1-1x,54,0.457,8.81,8.79,0.0088,192400,59
S1-1x,55,0.469,11.89,11.91,0.0119,205277,60
S1-1x,56,0.478,8.91,8.90,0.0089,192400,61
S1-1x,57,0.487,8.81,8.79,0.0088,192400,62
S1-1x,58,0.496,9.58,9.59,0.0096,194844,63
S1-1x,59,0.507,10.57,10.58,0.0106,199347,64
S1-1x,60,0.517,10.42,10.40,0.0104,213480,65
S1-1x,61,0.527,9.90,9.91,0.0099,194844,66
S1-1x,62,0.538,10.36,10.31,0.0104,194844,67
S1-1x,63,0.547,9.46,9.48,0.0095,192400,68
S1-1x,64,0.556,9.29,9.31,0.0093,192400,69
S1-1x,65,0.566,9.20,9.19,0.0092,195276,70
S1-1x,66,0.575,9.02,9.00,0.0090,192400,71
S1-1x,67,0.583,8.65,8.68,0.0086,192420,71
S1-1x,68,0.592,8.74,8.72,0.0087,192400,72
S1-1x,69,0.601,9.08,9.09,0.0091,192400,73
S1-1x,70,0.610,9.21,9.20,0.0092,192400,74
S1-1x,71,0.619,9.11,9.10,0.0091,192464,75
S1-1x,72,0.628,8.93,8.90,0.0089,192400,76
S1-1x,73,0.637,8.55,8.60,0.0086,192400,77
S1-1x,74,0.647,9.70,9.69,0.0097,197968,78
S1-1x,75,0.655,8.69,8.69,0.0087,192400,79
S1-1x,76,0.664,8.51,8.51,0.0085,192400,80
S1-1x,77,0.672,8.39,8.38,0.0084,187120,80
S1-1x,78,0.681,8.73,8.71,0.0087,192400,81
S1-1x,79,0.689,8.56,8.59,0.0086,192400,82
S1-1x,80,0.698,8.73,8.70,0.0087,192400,83
S1-1x,81,0.707,8.71,8.71,0.0087,192480,84
S1-1x,82,0.715,8.70,8.70,0.0087,192560,85
S1-1x,83,0.724,8.69,8.70,0.0087,192400,86
S1-1x,84,0.733,8.61,8.59,0.0086,187160,86
S1-1x,85,0.742,8.78,8.80,0.0088,192400,87
S1-1x,86,0.750,8.84,8.80,0.0088,192400,88
S1-1x,87,0.762,11.26,11.29,0.0113,206190,89
S1-1x,88,0.771,9.22,9.21,0.0092,225880,90
S1-1x,89,0.780,9.20,9.19,0.0092,192400,91
S1-1x,90,0.789,9.29,9.31,0.0093,193681,92
S1-1x,91,0.800,10.29,10.29,0.0103,193900,93
S1-1x,92,0.810,10.71,10.71,0.0107,193552,94
S1-1x,93,0.820,9.20,9.20,0.0092,192400,95
S1-1x,94,0.829,8.99,9.00,0.0090,192400,96
S1-1x,95,0.838,9.19,9.19,0.0092,194480,97
S1-1x,96,0.847,9.23,9.21,0.0092,193456,98
S1-1x,97,0.856,9.37,9.40,0.0094,192544,99
S1-1x,98,0.866,9.20,9.19,0.0092,192400,100
S1-1x,99,0.875,9.10,9.10,0.0091,192688,101
S1-1x,100,0.883,8.71,8.70,0.0087,187120,101
S1-1x,101,0.893,9.89,9.89,0.0099,192400,102
S1-1x,102,0.902,8.59,8.59,0.0086,192820,103
S1-1x,103,0.910,8.61,8.62,0.0086,194480,104
S1-1x,104,0.919,8.49,8.49,0.0085,192940,105
S1-1x,105,0.928,8.69,8.69,0.0087,192688,106
S1-1x,106,0.936,8.71,8.70,0.0087,192400,107
S1-1x,107,0.945,8.70,8.70,0.0087,192400,108
S1-1x,108,0.954,8.76,8.73,0.0088,192400,109
S1-1x,109,0.963,9.03,9.06,0.0090,188748,108
S1-1x,110,0.972,8.91,8.90,0.0089,192400,109
S1-1x,111,0.980,8.60,8.60,0.0086,192400,110
S1-1x,112,0.989,8.49,8.50,0.0085,192996,111
S1-1x,113,0.998,8.91,8.90,0.0089,193500,112
S1-1x,114,1.007,8.91,8.90,0.0089,192400,113
S1-1x,115,1.015,8.59,8.60,0.0086,192400,114
S1-1x,116,1.024,8.59,8.59,0.0086,192400,115
S1-1x,117,1.033,8.97,8.94,0.0090,187120,115
S1-1x,118,1.041,8.63,8.64,0.0086,192400,116
S1-1x,119,1.050,8.41,8.41,0.0084,192400,117
S1-1x,120,1.061,11.23,11.20,0.0112,204220,118
S1-1x,121,1.071,9.59,9.60,0.0096,193385,119
S1-1x,122,1.080,9.80,9.80,0.0098,193348,120
S1-1x,123,1.090,9.27,9.29,0.0093,192400,121
S1-1x,124,1.099,9.31,9.30,0.0093,197980,122
S1-1x,125,1.108,9.10,9.10,0.0091,192440,123
S1-1x,126,1.117,9.01,9.00,0.0090,192400,124
S1-1x,127,1.127,9.29,9.30,0.0093,192560,125
S1-1x,128,1.136,9.18,9.18,0.0092,193456,126
S1-1x,129,1.145,9.21,9.20,0.0092,192400,127
S1-1x,130,1.154,9.30,9.30,0.0093,187504,127
S1-1x,131,1.164,9.50,9.50,0.0095,192400,128
S1-1x,132,1.173,9.83,9.81,0.0098,226710,129
S1-1x,133,1.183,9.48,9.49,0.0095,196178,130
S1-1x,134,1.192,9.42,9.41,0.0094,193674,131
S1-1x,135,1.201,8.78,8.79,0.0088,192400,132
S1-1x,136,1.211,10.20,10.20,0.0102,202664,133
S1-1x,137,1.221,9.45,9.42,0.0095,192400,134
S1-1x,138,1.230,8.97,8.98,0.0090,192400,135
S1-1x,139,1.239,9.49,9.50,0.0095,193548,136
S1-1x,140,1.248,9.01,9.00,0.0090,192400,137
S1-1x,141,1.257,8.90,8.90,0.0089,192400,138
S1-1x,142,1.266,8.78,8.79,0.0088,192400,139
S1-1x,143,1.275,8.82,8.82,0.0088,192400,140
S1-1x,144,1.285,10.10,10.10,0.0101,187120,140
S1-1x,145,1.294,8.69,8.69,0.0087,192400,141
S1-1x,146,1.303,9.52,9.50,0.0095,192400,142
S1-1x,147,1.313,9.70,9.70,0.0097,192400,143
S1-1x,148,1.323,10.11,10.11,0.0101,192400,144
S1-1x,149,1.332,9.46,9.48,0.0095,192400,145
S1-1x,150,1.342,9.94,9.91,0.0099,192400,146
S1-1x,151,1.351,9.07,9.09,0.0091,192464,147
S1-1x,152,1.361,9.81,9.81,0.0098,192400,148
S1-1x,153,1.372,10.51,10.50,0.0105,192400,149
S1-1x,154,1.382,9.99,9.99,0.0100,192400,150
S1-1x,155,1.392,10.11,10.10,0.0101,192400,151
S1-1x,156,1.402,10.31,10.30,0.0103,193112,152
S1-1x,157,1.412,9.78,9.80,0.0098,192360,153
S1-1x,158,1.422,10.32,10.29,0.0103,193956,154
S1-1x,159,1.433,10.62,10.62,0.0106,192488,155
S1-1x,160,1.443,9.76,9.77,0.0098,197456,156
S1-1x,161,1.452,9.91,9.90,0.0099,192820,157
S1-1x,162,1.463,10.58,10.58,0.0106,196364,158
S1-1x,163,1.473,9.73,9.71,0.0097,192656,159
S1-1x,164,1.483,9.91,9.91,0.0099,197910,160
S1-1x,165,1.492,9.29,9.28,0.0093,195468,161
S1-1x,166,1.502,10.20,10.21,0.0102,193942,162
S1-1x,167,1.512,9.50,9.50,0.0095,192560,163
S1-1x,168,1.521,9.49,9.49,0.0095,192560,164
S1-1x,169,1.531,9.50,9.50,0.0095,192560,165
S1-1x,170,1.540,9.01,9.01,0.0090,192560,166
S1-1x,171,1.549,9.09,9.09,0.0091,194204,167
S1-1x,172,1.558,9.71,9.70,0.0097,194068,168
S1-1x,173,1.568,9.64,9.62,0.0096,192560,169
S1-1x,174,1.577,9.24,9.26,0.0092,192560,170
S1-1x,175,1.587,9.19,9.20,0.0092,192560,171
S1-1x,176,1.596,9.14,9.11,0.0091,192560,172
S1-1x,177,1.605,9.09,9.11,0.0091,192612,173
S1-1x,178,1.614,8.90,8.90,0.0089,187280,173
S1-1x,179,1.623,8.82,8.80,0.0088,192560,174
S1-1x,180,1.632,9.08,9.09,0.0091,192560,175
S1-1x,181,1.641,9.19,9.21,0.0092,193616,176
S1-1x,182,1.650,9.48,9.48,0.0095,193104,177
S1-1x,183,1.660,9.52,9.52,0.0095,192560,178
S1-1x,184,1.669,9.49,9.48,0.0095,192804,179
S1-1x,185,1.679,9.63,9.61,0.0096,192640,180
S1-1x,186,1.688,9.48,9.50,0.0095,195116,181
S1-1x,187,1.698,9.40,9.41,0.0094,192904,182
S1-1x,188,1.707,9.60,9.59,0.0096,198140,183
S1-1x,189,1.717,9.42,9.41,0.0094,193008,184
S1-1x,190,1.726,9.18,9.19,0.0092,192560,185
S1-1x,191,1.735,9.50,9.49,0.0095,192560,186
S1-1x,192,1.745,9.72,9.71,0.0097,192560,187
S1-1x,193,1.755,9.47,9.49,0.0095,192560,188
S1-1x,194,1.764,9.13,9.11,0.0091,187280,188
S1-1x,195,1.773,9.49,9.48,0.0095,192560,189
S1-1x,196,1.783,10.09,10.10,0.0101,194856,190
S1-1x,197,1.793,9.84,9.82,0.0098,192804,191
S1-1x,198,1.803,9.67,9.69,0.0097,192520,192
S1-1x,199,1.813,9.91,9.91,0.0099,192676,193
S1-1x,200,1.823,10.00,9.99,0.0100,192560,194
S1-1x,201,1.834,11.07,11.09,0.0111,204252,195
S1-1x,202,1.844,10.13,10.09,0.0101,192560,196
S1-1x,203,1.854,9.56,9.61,0.0096,192560,197
S1-1x,204,1.863,9.72,9.72,0.0097,265312,198
S1-1x,205,1.873,9.90,9.89,0.0099,192560,199
S1-1x,206,1.883,9.78,9.78,0.0098,192560,200
S1-1x,207,1.893,10.33,10.31,0.0103,192560,201
S1-1x,208,1.904,11.03,11.00,0.0110,192560,202
S1-1x,209,1.916,11.40,11.41,0.0114,192560,203
S1-1x,210,1.928,11.78,11.78,0.0118,197840,205
S1-1x,211,1.938,10.90,10.91,0.0109,192560,206
S1-1x,212,1.951,12.24,12.21,0.0122,198518,207
S1-1x,213,1.962,11.36,11.18,0.0114,193824,208
S1-1x,214,1.973,11.11,11.30,0.0111,194111,209
S1-1x,215,1.984,11.17,11.19,0.0112,194036,210
S1-1x,216,1.995,11.11,11.10,0.0111,194640,211
S1-1x,217,2.006,11.01,11.00,0.0110,198896,213
S1-1x,218,2.018,11.70,11.69,0.0117,195860,213
S1-1x,219,2.031,12.71,12.71,0.0127,199394,214
S1-1x,220,2.042,10.78,10.80,0.0108,193388,215
S1-1x,221,2.052,10.60,10.57,0.0106,192520,216
S1-1x,222,2.064,11.61,11.62,0.0116,195084,217
S1-1x,223,2.075,11.05,11.00,0.0111,195768,218
S1-1x,224,2.086,10.79,10.80,0.0108,193104,219
S1-1x,225,2.100,14.67,14.69,0.0147,200162,221
S1-1x,226,2.112,12.09,12.09,0.0121,200280,222
S1-1x,227,2.123,10.67,10.69,0.0107,192560,223
S1-1x,228,2.133,10.41,10.40,0.0104,196688,224
S1-1x,229,2.143,9.99,10.00,0.0100,192560,225
S1-1x,230,2.154,10.23,10.20,0.0102,194280,226
S1-1x,231,2.165,10.90,10.90,0.0109,194838,227
S1-1x,232,2.175,10.17,10.19,0.0102,193616,228
S1-1x,233,2.185,10.51,10.50,0.0105,205914,229
S1-1x,234,2.196,11.01,11.00,0.0110,199062,231
S1-1x,235,2.207,10.31,10.32,0.0103,192560,232
S1-1x,236,2.217,10.78,10.78,0.0108,195056,233
S1-1x,237,2.228,10.22,10.22,0.0102,195360,234
S1-1x,238,2.239,11.08,11.08,0.0111,194666,235
S1-1x,239,2.251,12.72,12.71,0.0127,199933,235
S1-1x,240,2.263,11.09,11.09,0.0111,192560,236
S1-1x,241,2.273,10.90,10.91,0.0109,192560,237
S1-1x,242,2.284,10.62,10.60,0.0106,192560,238
S1-1x,243,2.295,10.79,10.79,0.0108,192560,239
S1-1x,244,2.305,10.39,10.41,0.0104,192560,240
S1-1x,245,2.317,11.54,11.50,0.0115,200284,242
S1-1x,246,2.329,11.89,11.89,0.0119,195004,243
S1-1x,247,2.340,11.47,11.50,0.0115,193104,244
S1-1x,248,2.351,10.82,10.79,0.0108,192560,245
S1-1x,249,2.362,11.18,11.18,0.0112,193540,246
S1-1x,250,2.374,11.48,11.50,0.0115,193052,247
S1-1x,251,2.386,12.11,12.10,0.0121,194177,248
S1-1x,252,2.397,11.20,11.19,0.0112,198668,250
S1-1x,253,2.408,10.63,10.61,0.0106,192720,251
S1-1x,254,2.419,11.52,11.50,0.0115,195004,252
S1-1x,255,2.431,11.76,11.77,0.0118,192560,253
S1-1x,256,2.443,12.23,12.21,0.0122,195548,254
S1-1x,257,2.455,12.25,12.28,0.0123,197484,255
S1-1x,258,2.467,11.73,11.71,0.0117,263696,257
S1-1x,259,2.478,11.08,11.11,0.0111,192560,258
S1-1x,260,2.491,12.51,12.50,0.0125,199812,259
S1-1x,261,2.502,11.77,11.71,0.0118,192560,260
S1-1x,262,2.514,12.06,12.08,0.0121,194884,261
S1-1x,263,2.527,12.90,12.89,0.0129,195004,262
S1-1x,264,2.539,11.28,11.29,0.0113,198896,264
S1-1x,265,2.550,11.39,11.40,0.0114,193104,265
S1-1x,266,2.562,11.70,11.70,0.0117,195444,266
S1-1x,267,2.573,11.49,11.50,0.0115,192560,267
S1-1x,268,2.585,11.34,11.29,0.0113,193527,268
S1-1x,269,2.596,11.75,11.79,0.0117,193655,269
S1-1x,270,2.607,11.02,11.00,0.0110,200396,271
S1-1x,271,2.619,11.60,11.59,0.0116,192904,272
S1-1x,272,2.631,11.59,11.60,0.0116,196740,273
S1-1x,273,2.642,11.94,11.92,0.0119,194640,274
S1-1x,274,2.655,12.78,12.78,0.0128,192560,275
S1-1x,275,2.668,12.71,12.70,0.0127,197840,277
S1-1x,276,2.681,13.49,13.49,0.0135,193768,278
S1-1x,277,2.694,12.42,12.40,0.0124,192820,279
S1-1x,278,2.705,11.35,11.39,0.0113,195088,280
S1-1x,279,2.716,11.12,11.10,0.0111,197920,282
S1-1x,280,2.729,12.39,12.39,0.0124,195016,283
S1-1x,281,2.740,11.26,11.29,0.0113,192800,284
S1-1x,282,2.752,11.85,11.80,0.0118,200852,285
S1-1x,283,2.763,11.48,11.50,0.0115,193468,286
S1-1x,284,2.774,10.91,10.91,0.0109,193756,287
S1-1x,285,2.785,11.19,11.19,0.0112,200864,288
S1-1x,286,2.797,11.71,11.69,0.0117,202176,290
S1-1x,287,2.808,11.03,11.02,0.0110,205272,291
S1-1x,288,2.820,11.79,11.80,0.0118,198776,292
S1-1x,289,2.831,10.67,10.69,0.0107,193792,293
S1-1x,290,2.841,10.61,10.59,0.0106,192640,294
S1-1x,291,2.853,11.43,11.42,0.0114,192800,295
S1-1x,292,2.864,11.28,11.28,0.0113,192884,296
S1-1x,293,2.875,11.28,11.29,0.0113,192720,297
S1-1x,294,2.888,12.34,12.31,0.0123,200216,299
S1-1x,295,2.899,11.36,11.38,0.0114,194236,300
S1-1x,296,2.912,12.89,12.89,0.0129,197436,301
S1-1x,297,2.923,11.63,11.62,0.0116,193024,302
S1-1x,298,2.935,11.47,11.49,0.0115,194880,303
S1-1x,299,2.947,11.93,11.91,0.0119,194500,304
S1-1x,300,2.959,11.90,11.90,0.0119,205480,306
S1-1x,301,2.970,11.73,11.70,0.0117,187360,307
S1-1x,302,2.981,11.06,11.07,0.0111,192640,308
S1-1x,303,2.993,11.29,11.31,0.0113,192896,309
S1-1x,304,3.006,12.89,12.89,0.0129,211428,310
S1-1x,305,3.017,11.52,11.51,0.0115,197920,312
S1-1x,306,3.029,11.99,11.99,0.0120,195392,313
S1-1x,307,3.040,11.19,11.20,0.0112,193748,314
S1-1x,308,3.052,11.30,11.30,0.0113,192640,315
S1-1x,309,3.064,12.31,12.30,0.0123,196580,316
S1-1x,310,3.076,11.63,11.61,0.0116,195196,317
S1-1x,311,3.087,11.76,11.78,0.0118,197920,319
S1-1x,312,3.099,11.34,11.31,0.0113,192640,320
S1-1x,313,3.111,11.98,12.00,0.0120,193588,321
S1-1x,314,3.123,11.79,11.79,0.0118,192640,322
S1-1x,315,3.136,13.18,13.18,0.0132,201640,323
S1-1x,316,3.148,12.42,12.41,0.0124,204556,325
S1-1x,317,3.160,12.01,12.00,0.0120,196768,326
S1-1x,318,3.172,11.78,11.79,0.0118,195196,327
S1-1x,319,3.184,12.50,12.50,0.0125,194004,328
S1-1x,320,3.197,12.12,12.11,0.0121,193607,329
S1-1x,321,3.208,11.78,11.79,0.0118,197920,331
S1-1x,322,3.220,11.72,11.69,0.0117,192640,332
S1-1x,323,3.234,13.97,14.00,0.0140,194955,332
S1-1x,324,3.246,11.91,11.89,0.0119,192692,333
S1-1x,325,3.258,11.69,11.70,0.0117,200000,335
S1-1x,326,3.269,11.00,11.00,0.0110,99432,336
S1-1x,327,3.279,10.62,10.61,0.0106,7553,337
S1-1x,328,3.290,11.22,11.19,0.0112,8840,337
S1-1x,329,3.301,10.87,10.90,0.0109,6488,338
S1-1x,330,3.313,11.20,11.20,0.0112,8600,339
S1-1x,331,3.323,10.30,10.30,0.0103,18356,340
S1-1x,332,3.334,11.49,11.48,0.0115,9977,341
S1-1x,333,3.345,10.72,10.72,0.0107,7028,342
S1-1x,334,3.355,10.39,10.40,0.0104,6224,343
S1-1x,335,3.365,10.08,10.08,0.0101,13584,345
S1-1x,336,3.376,10.14,10.11,0.0101,6224,346
S1-1x,337,3.386,10.48,10.48,0.0105,12048,347
S1-1x,338,3.397,10.88,10.88,0.0109,12899,348
S1-1x,339,3.407,10.03,10.03,0.0100,6224,349
S1-1x,340,3.419,12.48,12.49,0.0125,18079,350
S1-1x,341,3.430,10.32,10.30,0.0103,6224,351
S1-1x,342,3.443,12.91,12.90,0.0129,9940,352
S1-1x,343,3.456,13.10,13.10,0.0131,11292,353
S1-1x,344,3.468,11.73,11.70,0.0117,11504,355
S1-1x,345,3.479,11.60,11.59,0.0116,7572,356
S1-1x,346,3.491,11.74,11.77,0.0117,9392,357
S1-1x,347,3.503,11.65,11.61,0.0116,7553,358
S1-1x,348,3.515,12.07,12.08,0.0121,15832,359
S1-1x,349,3.526,11.62,11.61,0.0116,10856,360
S1-1x,350,3.539,12.56,12.57,0.0126,15233,362
S1-1x,351,3.551,11.93,11.92,0.0119,7052,363
S1-1x,352,3.562,11.50,11.49,0.0115,6584,364
S1-1x,353,3.574,11.81,11.81,0.0118,8835,365
S1-1x,354,3.587,13.00,12.98,0.0130,21080,366
S1-1x,355,3.599,11.62,11.61,0.0116,11504,368
S1-1x,356,3.610,11.68,11.69,0.0117,6224,369
S1-1x,357,3.623,12.39,12.40,0.0124,13261,370
S1-1x,358,3.635,12.28,12.30,0.0123,8501,370
S1-1x,359,3.647,12.35,12.30,0.0124,8520,371
S1-1x,360,3.660,12.19,12.19,0.0122,11556,373
S1-1x,361,3.671,11.25,11.28,0.0113,7280,374
S1-1x,362,3.683,12.43,12.40,0.0124,8116,375
S1-1x,363,3.696,13.08,13.09,0.0131,8600,376
S1-1x,364,3.710,13.89,13.90,0.0139,17568,378
S1-1x,365,3.723,12.69,12.69,0.0127,7028,379
S1-1x,366,3.736,13.43,13.41,0.0134,8600,380
S1-1x,367,3.752,15.52,15.51,0.0155,22192,381
S1-1x,368,3.765,13.35,13.38,0.0134,8480,382
S1-1x,369,3.779,13.43,13.40,0.0134,12489,384
S1-1x,370,3.792,13.29,13.30,0.0133,7028,385
S1-1x,371,3.806,14.42,14.41,0.0144,19160,385
S1-1x,372,3.820,13.90,13.89,0.0139,13800,387
S1-1x,373,3.833,12.77,12.79,0.0128,6224,388
S1-1x,374,3.847,13.60,13.60,0.0136,8021,389
S1-1x,375,3.860,13.04,13.01,0.0130,11504,391
S1-1x,376,3.873,13.14,13.18,0.0131,6276,392
S1-1x,377,3.886,13.00,13.01,0.0130,8888,392
S1-1x,378,3.898,12.26,12.22,0.0123,11544,394
S1-1x,379,3.913,14.47,14.48,0.0145,10662,394
S1-1x,380,3.927,14.29,14.29,0.0143,14360,395
S1-1x,381,3.940,13.18,13.19,0.0132,11464,396
S1-1x,382,3.954,13.61,13.60,0.0136,12728,397
S1-1x,383,3.968,14.51,14.30,0.0145,15472,397
S1-1x,384,3.981,13.13,13.32,0.0131,9606,399
S1-1x,385,3.995,13.27,13.27,0.0133,17516,399
S1-1x,386,4.007,12.61,12.60,0.0126,10472,400
S1-1x,387,4.019,12.23,12.21,0.0122,11584,402
S1-1x,388,4.033,13.20,13.20,0.0132,7092,403
S1-1x,389,4.047,14.51,14.49,0.0145,11271,404
S1-1x,390,4.063,16.27,16.28,0.0163,16837,404
S1-1x,391,4.078,14.53,14.50,0.0145,7160,405
S1-1x,392,4.093,14.80,14.80,0.0148,14212,404
S1-1x,393,4.106,13.48,13.49,0.0135,8748,405
S1-1x,394,4.119,13.40,13.40,0.0134,15128,407
S1-1x,395,4.133,13.02,13.01,0.0130,6592,408
S1-1x,396,4.147,14.49,14.48,0.0145,24516,404
S1-1x,397,4.160,12.52,12.50,0.0125,11544,406
S1-1x,398,4.173,13.77,13.78,0.0138,9112,407
S1-1x,399,4.186,12.98,13.00,0.0130,7770,408
S1-1x,400,4.199,12.35,12.31,0.0124,11712,410
S1-1x,401,4.211,11.85,11.87,0.0118,6464,411
S1-1x,402,4.222,11.81,11.81,0.0118,6304,412
S1-1x,403,4.234,12.19,12.18,0.0122,6304,413
S1-1x,404,4.246,11.84,11.82,0.0118,6724,414
S1-1x,405,4.258,11.75,11.77,0.0118,12604,416
S1-1x,406,4.270,11.82,11.81,0.0118,18756,417
S1-1x,407,4.281,11.59,11.60,0.0116,6356,418
S1-1x,408,4.293,11.61,11.58,0.0116,6304,419
S1-1x,409,4.306,12.92,12.92,0.0129,7360,420
S1-1x,410,4.318,12.39,12.40,0.0124,12672,422
S1-1x,411,4.330,11.69,11.70,0.0117,12108,423
S1-1x,412,4.343,12.70,12.70,0.0127,6304,424
S1-1x,413,4.356,13.66,13.60,0.0137,9172,418
S1-1x,414,4.370,13.06,13.09,0.0131,12348,418
S1-1x,415,4.383,13.62,13.60,0.0136,7068,418
S1-1x,416,4.396,12.89,12.89,0.0129,6224,419
S1-1x,417,4.410,13.84,13.83,0.0138,13444,420
S1-1x,418,4.426,16.19,16.19,0.0162,6506,411
S1-1x,419,4.441,14.89,14.90,0.0149,12388,411
S1-1x,420,4.455,13.91,13.89,0.0139,8336,412
S1-1x,421,4.469,14.42,14.41,0.0144,7068,412
S1-1x,422,4.483,13.61,13.58,0.0136,11640,414
S1-1x,423,4.496,12.94,12.99,0.0129,6356,415
S1-1x,424,4.510,14.32,14.30,0.0143,12874,411
S1-1x,425,4.523,12.44,12.42,0.0124,6224,412
S1-1x,426,4.535,12.28,12.28,0.0123,6304,413
S1-1x,427,4.547,12.45,12.48,0.0125,6304,414
S1-1x,428,4.560,12.75,12.71,0.0128,12128,416
S1-1x,429,4.572,12.00,12.00,0.0120,6304,417
S1-1x,430,4.585,12.46,12.48,0.0125,6304,418
S1-1x,431,4.597,12.86,12.81,0.0129,7028,418
S1-1x,432,4.610,12.74,12.78,0.0127,14140,420
S1-1x,433,4.622,11.85,11.81,0.0118,6304,421
S1-1x,434,4.635,13.38,13.38,0.0134,7028,421
S1-1x,435,4.649,13.39,13.40,0.0134,12512,423
S1-1x,436,4.661,12.41,12.40,0.0124,6304,424
S1-1x,437,4.678,16.55,16.58,0.0166,16952,411
S1-1x,438,4.691,13.61,13.60,0.0136,11504,413
S1-1x,439,4.705,13.89,13.89,0.0139,7576,414
S1-1x,440,4.718,12.75,12.72,0.0127,11744,416
S1-1x,441,4.731,12.97,12.99,0.0130,6344,417
S1-1x,442,4.744,12.74,12.70,0.0127,6304,418
S1-1x,443,4.756,12.63,12.67,0.0126,6304,419
S1-1x,444,4.769,12.54,12.50,0.0125,11584,421
S1-1x,445,4.784,14.78,14.80,0.0148,6304,422
S1-1x,446,4.798,14.49,14.49,0.0145,7108,418
S1-1x,447,4.811,12.62,12.62,0.0126,11584,420
S1-1x,448,4.823,12.28,12.28,0.0123,6304,421
S1-1x,449,4.836,12.80,12.80,0.0128,6304,422
S1-1x,450,4.848,12.12,12.10,0.0121,11584,424
S1-1x,451,4.860,12.00,11.99,0.0120,6304,425
S1-1x,452,4.872,12.08,12.10,0.0121,6304,426
S1-1x,453,4.884,11.91,11.89,0.0119,6304,427
S1-1x,454,4.896,12.01,12.00,0.0120,6304,428
S1-1x,455,4.909,12.78,12.79,0.0128,17200,430
S1-1x,456,4.922,13.53,13.51,0.0135,8508,427
S1-1x,457,4.936,13.88,13.88,0.0139,7028,427
S1-1x,458,4.949,12.68,12.69,0.0127,11584,429
S1-1x,459,4.962,12.71,12.70,0.0127,6304,430
S1-1x,460,4.975,12.94,12.90,0.0129,6304,431
S1-1x,461,4.987,12.30,12.30,0.0123,109584,432
S1-1x,462,4.999,12.60,12.60,0.0126,11584,434
S1-1x,463,5.013,13.09,13.09,0.0131,6504,435
S1-1x,464,5.025,12.17,12.17,0.0122,1024,436
S1-1x,465,5.039,14.18,14.20,0.0142,7940,436
S1-1x,466,5.052,12.95,12.91,0.0129,11544,438
S1-1x,467,5.065,12.97,12.99,0.0130,6548,439
S1-1x,468,5.077,12.51,12.49,0.0125,6264,440
S1-1x,469,5.090,12.44,12.42,0.0124,11648,442
S1-1x,470,5.102,12.75,12.79,0.0128,6564,443
S1-1x,471,5.115,12.68,12.69,0.0127,6640,444
S1-1x,472,5.128,12.96,12.92,0.0130,21500,446
S1-1x,473,5.141,12.64,12.68,0.0126,19360,447
S1-1x,474,5.153,12.73,12.71,0.0127,19202,448
S1-1x,475,5.166,12.50,12.49,0.0125,6844,449
S1-1x,476,5.178,12.48,12.49,0.0125,12128,451
S1-1x,477,5.192,13.33,13.31,0.0133,6432,452
S1-1x,478,5.204,12.50,12.49,0.0125,8152,453
S1-1x,479,5.216,11.90,11.89,0.0119,7136,454
S1-1x,480,5.229,13.21,13.19,0.0132,14670,456
S1-1x,481,5.241,11.98,11.99,0.0120,6304,457
S1-1x,482,5.254,12.37,12.39,0.0124,2112,458
S1-1x,483,5.266,12.73,12.71,0.0127,7684,458
S1-1x,484,5.281,14.97,14.99,0.0150,17020,455
S1-1x,485,5.295,13.08,13.09,0.0131,6304,456
S1-1x,486,5.308,13.75,13.72,0.0137,32904,456
S1-1x,487,5.322,13.78,13.79,0.0138,12440,457
S1-1x,488,5.336,13.57,13.58,0.0136,7108,455
S1-1x,489,5.350,14.23,14.22,0.0142,12388,457
S1-1x,490,5.365,14.71,14.70,0.0147,7796,453
S1-1x,491,5.378,13.13,13.10,0.0131,6304,454
S1-1x,492,5.392,14.16,14.18,0.0142,12388,451
S1-1x,493,5.407,14.72,14.71,0.0147,7236,449
S1-1x,494,5.421,14.38,14.38,0.0144,12552,451
S1-1x,495,5.435,13.58,13.59,0.0136,7412,450
S1-1x,496,5.450,15.44,15.40,0.0154,9696,449
S1-1x,497,5.463,13.39,13.39,0.0134,11584,451
S1-1x,498,5.478,14.42,14.41,0.0144,9552,452
S1-1x,499,5.493,14.87,14.85,0.0149,11584,454
S1-1x,500,5.507,14.43,14.43,0.0144,9552,454
S1-1x,501,5.522,14.60,14.60,0.0146,11464,456
S1-1x,502,5.540,17.79,17.79,0.0178,17966,453
S1-1x,503,5.555,15.76,15.77,0.0158,14342,455
S1-1x,504,5.571,15.36,15.32,0.0154,12676,456
S1-1x,505,5.584,13.46,13.49,0.0135,6224,457
S1-1x,506,5.601,16.91,16.90,0.0169,11996,458
S1-1x,507,5.728,21.33,21.30,0.0213,74364,453
S1-1x,508,5.742,13.62,13.61,0.0136,11516,455
S1-1x,509,5.756,14.08,14.09,0.0141,11584,457
S1-1x,510,5.770,13.63,13.60,0.0136,6304,458
S1-1x,511,5.784,14.56,14.60,0.0146,11236,458
S1-1x,512,5.797,12.84,12.80,0.0128,11680,460
S1-1x,513,5.812,14.74,14.77,0.0147,13404,458
S1-1x,514,5.826,14.24,14.21,0.0142,12388,459
S1-1x,515,5.841,15.24,15.28,0.0152,6490,456
S1-1x,516,5.855,14.02,14.01,0.0140,11464,458
S1-1x,517,5.870,14.54,14.51,0.0145,6988,458
S1-1x,518,5.884,14.26,14.26,0.0143,6304,459
S1-1x,519,5.900,15.24,15.22,0.0152,12388,456
S1-1x,520,5.914,14.33,14.32,0.0143,6988,457
S1-1x,521,5.928,14.29,14.28,0.0143,11584,459
S1-1x,522,5.943,14.88,14.88,0.0149,7108,459
S1-1x,523,5.957,14.37,14.40,0.0144,12728,460
S1-1x,524,5.972,14.86,14.61,0.0149,6514,460
S1-1x,525,5.986,13.67,13.89,0.0137,11584,462
S1-1x,526,5.999,13.10,13.08,0.0131,6304,463
S1-1x,527,6.012,12.51,12.49,0.0125,6304,464
S1-1x,528,6.025,13.58,13.59,0.0136,12388,462
S1-1x,529,6.039,14.00,14.00,0.0140,6948,462
S1-1x,530,6.052,12.90,12.88,0.0129,6304,463
S1-1x,531,6.064,12.39,12.40,0.0124,11544,465
S1-1x,532,6.077,12.89,12.89,0.0129,6304,466
S1-1x,533,6.092,14.49,14.49,0.0145,10624,461
S1-1x,534,6.105,13.64,13.61,0.0136,11584,463
S1-1x,535,6.118,12.38,12.40,0.0124,7108,464
S1-1x,536,6.131,13.69,13.68,0.0137,6304,465
S1-1x,537,6.145,13.14,13.11,0.0131,11584,467
S1-1x,538,6.158,13.77,13.78,0.0138,6356,468
S1-1x,539,6.172,13.80,13.80,0.0138,6304,469
S1-1x,540,6.186,13.69,13.70,0.0137,11584,471
S1-1x,541,6.200,13.78,13.78,0.0138,6304,472
S1-1x,542,6.214,14.62,14.61,0.0146,6432,473
S1-1x,543,6.228,13.70,13.70,0.0137,19808,475
S1-1x,544,6.240,12.50,12.49,0.0125,1024,476
S1-1x,545,6.253,12.94,12.90,0.0129,6304,477
S1-1x,546,6.268,14.27,14.28,0.0143,13964,477
S1-1x,547,6.281,13.68,13.69,0.0137,10272,478
S1-1x,548,6.295,13.29,13.29,0.0133,11584,480
S1-1x,549,6.309,14.02,14.00,0.0140,1152,481
S1-1x,550,6.322,13.52,13.50,0.0135,6720,482
S1-1x,551,6.335,13.15,13.18,0.0132,11584,484
S1-1x,552,6.349,13.44,13.41,0.0134,6304,485
S1-1x,553,6.361,12.61,12.61,0.0126,44284,486
S1-1x,554,6.374,12.60,12.59,0.0126,11872,488
S1-1x,555,6.387,13.09,13.10,0.0131,7180,489
S1-1x,556,6.401,13.50,13.50,0.0135,6304,490
S1-1x,557,6.414,13.77,13.78,0.0138,6432,491
S1-1x,558,6.428,13.64,13.61,0.0136,11496,492
S1-1x,559,6.441,12.79,12.80,0.0128,11884,493
S1-1x,560,6.455,13.99,13.98,0.0140,6304,494
S1-1x,561,6.469,14.49,14.50,0.0145,11584,496
S1-1x,562,6.483,13.49,13.49,0.0135,6304,497
S1-1x,563,6.497,14.37,14.32,0.0144,16564,499
S1-1x,564,6.512,14.95,14.99,0.0150,6432,500
S1-1x,565,6.526,13.61,13.59,0.0136,11584,502
S1-1x,566,6.540,14.03,13.99,0.0140,6304,503
S1-1x,567,6.553,13.39,13.41,0.0134,6304,504
S1-1x,568,6.568,14.45,14.47,0.0145,20664,506
S1-1x,569,6.581,13.32,13.30,0.0133,14788,507
S1-1x,570,6.594,13.39,13.39,0.0134,6304,508
S1-1x,571,6.608,13.62,13.61,0.0136,11584,510
S1-1x,572,6.622,14.61,14.59,0.0146,7066,511
S1-1x,573,6.637,14.69,14.69,0.0147,94532,513
S1-1x,574,6.651,13.84,13.80,0.0138,1068,514
S1-1x,575,6.666,15.16,15.19,0.0152,28808,514
S1-1x,576,6.681,15.01,15.00,0.0150,2372,514
S1-1x,577,6.694,13.23,13.27,0.0132,2080,514
S1-1x,578,6.707,13.08,13.02,0.0131,1852,514
S1-1x,579,6.723,15.80,15.80,0.0158,1956,513
S1-1x,580,6.737,13.48,13.49,0.0135,2928,513
S1-1x,581,6.750,13.59,13.58,0.0136,3766,513
S1-1x,582,6.764,13.41,13.41,0.0134,5152,513
S1-1x,583,6.777,13.35,13.38,0.0134,3876,513
S1-1x,584,6.792,14.50,14.50,0.0145,1104,513
S1-1x,585,6.806,13.91,13.90,0.0139,3908,512
S1-1x,586,6.819,13.15,13.11,0.0131,14344,512
S1-1x,587,6.833,14.17,14.20,0.0142,1828,512
S1-1x,588,6.847,14.00,13.99,0.0140,3472,512
S1-1x,589,6.860,13.00,13.00,0.0130,6604,512
S1-1x,590,6.874,14.29,14.29,0.0143,1280,512
S1-1x,591,6.887,12.68,12.69,0.0127,1024,512
S1-1x,592,6.901,14.14,14.11,0.0141,1828,511
S1-1x,593,6.914,12.97,12.99,0.0130,1064,511
S1-1x,594,6.927,12.74,12.70,0.0127,1900,511
S1-1x,595,6.940,13.46,13.49,0.0135,4160,511
S1-1x,596,6.953,13.01,13.00,0.0130,3216,511
S1-1x,597,6.966,13.05,13.00,0.0130,1024,511
S1-1x,598,6.979,12.67,12.69,0.0127,3632,511
S1-1x,599,6.992,13.07,13.09,0.0131,10124,511
S1-1x,600,7.005,13.00,12.99,0.0130,6604,511
S1-1x,601,7.020,14.81,14.81,0.0148,3412,510
S1-1x,602,7.038,17.92,17.90,0.0179,42508,508
S1-1x,603,7.053,15.01,15.00,0.0150,2821,508
S1-1x,604,7.067,14.01,13.99,0.0140,1828,507
S1-1x,605,7.083,16.24,16.29,0.0162,2997,507
S1-1x,606,7.096,13.04,13.01,0.0130,5232,507
S1-1x,607,7.109,13.15,13.17,0.0132,3344,507
S1-1x,608,7.123,13.60,13.60,0.0136,2368,507
S1-1x,609,7.136,13.40,13.40,0.0134,2072,507
S1-1x,610,7.151,14.54,14.51,0.0145,1282,490
S1-1x,611,7.165,13.96,13.98,0.0140,1828,485
S1-1x,612,7.178,13.63,13.61,0.0136,944,485
S1-1x,613,7.192,13.37,13.38,0.0134,1516,485
S1-1x,614,7.205,13.23,13.21,0.0132,1024,485
S1-1x,615,7.218,13.17,13.19,0.0132,4151,485
S1-1x,616,7.233,14.65,14.66,0.0147,2116,481
S1-1x,617,7.246,13.15,13.13,0.0131,1024,481
S1-1x,618,7.260,13.81,13.80,0.0138,1868,480
S1-1x,619,7.275,14.93,14.91,0.0149,1828,477
S1-1x,620,7.289,14.56,14.59,0.0146,28559,474
S1-1x,621,7.303,13.71,13.69,0.0137,2000,474
S1-1x,622,7.322,18.81,18.80,0.0188,22812,469
S1-1x,623,7.337,15.37,15.40,0.0154,4875,466
S1-1x,624,7.351,14.40,14.40,0.0144,1708,463
S1-1x,625,7.365,13.92,13.90,0.0139,864,463
S1-1x,626,7.379,13.30,13.29,0.0133,1024,463
S1-1x,627,7.392,13.78,13.79,0.0138,3028,463
S1-1x,628,7.405,12.90,12.90,0.0129,1024,463
S1-1x,629,7.419,13.30,13.30,0.0133,1708,462
S1-1x,630,7.431,12.83,12.81,0.0128,1024,462
S1-1x,631,7.446,14.71,14.70,0.0147,7480,451
S1-1x,632,7.459,13.17,13.19,0.0132,1628,451
S1-1x,633,7.472,12.99,12.99,0.0130,1024,451
S1-1x,634,7.485,12.50,12.50,0.0125,1024,451
S1-1x,635,7.498,12.81,12.80,0.0128,1024,451
S1-1x,636,7.510,12.18,12.19,0.0122,1024,451
S1-1x,637,7.523,12.85,12.81,0.0128,1440,451
S1-1x,638,7.537,14.26,14.28,0.0143,4245,451
S1-1x,639,7.550,13.23,13.21,0.0132,3320,451
S1-1x,640,7.562,12.08,12.08,0.0121,1024,451
S1-1x,641,7.575,12.30,12.31,0.0123,1024,451
S1-1x,642,7.589,14.18,14.17,0.0142,7420,445
S1-1x,643,7.602,13.42,13.42,0.0134,2727,445
S1-1x,644,7.615,13.09,13.09,0.0131,1104,445
S1-1x,645,7.630,14.61,14.60,0.0146,3400,435
S1-1x,646,7.644,14.40,14.40,0.0144,2702,429
S1-1x,647,7.657,12.88,12.88,0.0129,2236,429
S1-1x,648,7.670,13.40,13.40,0.0134,2172,428
S1-1x,649,7.683,12.59,12.59,0.0126,904,428
S1-1x,650,7.697,13.73,13.71,0.0137,3400,427
S1-1x,651,7.709,12.59,12.60,0.0126,1024,427
S1-1x,652,7.722,12.32,12.30,0.0123,1568,427
S1-1x,653,7.734,11.88,11.89,0.0119,1024,427
S1-1x,654,7.746,12.80,12.79,0.0128,6852,427
S1-1x,655,7.758,11.84,11.81,0.0118,1064,427
S1-1x,656,7.770,11.75,11.78,0.0117,1024,427
S1-1x,657,7.783,12.92,12.90,0.0129,1828,427
S1-1x,658,7.795,12.02,12.00,0.0120,1024,427
S1-1x,659,7.807,12.49,12.50,0.0125,2043,427
S1-1x,660,7.820,12.29,12.29,0.0123,1024,427
S1-1x,661,7.832,11.89,11.90,0.0119,1024,427
S1-1x,662,7.844,11.98,11.98,0.0120,4071,427
S1-1x,663,7.856,12.63,12.60,0.0126,1828,427
S1-1x,664,7.868,11.80,11.80,0.0118,1024,427
S1-1x,665,7.880,11.91,11.90,0.0119,1024,427
S1-1x,666,7.892,12.38,12.40,0.0124,1828,427
S1-1x,667,7.905,12.69,12.69,0.0127,7408,427
S1-1x,668,7.918,13.30,13.29,0.0133,1788,425
S1-1x,669,7.932,13.44,13.44,0.0134,1828,425
S1-1x,670,7.945,13.09,13.08,0.0131,1828,425
S1-1x,671,7.958,13.58,13.59,0.0136,1696,425
S1-1x,672,7.974,16.00,15.81,0.0160,6144,419
S1-1x,673,7.988,13.80,13.98,0.0138,944,419
S1-1x,674,8.001,12.63,12.62,0.0126,2080,419
S1-1x,675,8.013,12.38,12.39,0.0124,1076,419
S1-1x,676,8.026,12.80,12.79,0.0128,1828,419
S1-1x,677,8.039,12.79,12.79,0.0128,1828,419
S1-1x,678,8.052,13.01,13.01,0.0130,1964,418
S1-1x,679,8.064,12.10,12.09,0.0121,1268,418
S1-1x,680,8.076,12.12,12.10,0.0121,1152,418
S1-1x,681,8.089,13.08,13.09,0.0131,11340,407
S1-1x,682,8.105,16.14,16.11,0.0161,15148,388
S1-1x,683,8.118,12.88,12.90,0.0129,2052,388
S1-1x,684,8.131,12.49,12.49,0.0125,1024,388
S1-1x,685,8.143,12.00,11.99,0.0120,1024,388
S1-1x,686,8.155,12.10,12.11,0.0121,1024,388
S1-1x,687,8.166,11.81,11.80,0.0118,1024,388
S1-1x,688,8.179,11.98,11.98,0.0120,1024,388
S1-1x,689,8.190,11.80,11.81,0.0118,1024,388
S1-1x,690,8.203,13.02,13.00,0.0130,2116,388
S1-1x,691,8.217,13.67,13.69,0.0137,2061,388
S1-1x,692,8.230,13.22,13.20,0.0132,1024,388
S1-1x,693,8.243,13.23,13.21,0.0132,1828,388
S1-1x,694,8.258,14.59,14.59,0.0146,4920,385
S1-1x,695,8.275,17.10,17.09,0.0171,8012,381
S1-1x,696,8.289,13.87,13.89,0.0139,904,381
S1-1x,697,8.302,13.33,13.31,0.0133,7708,381
S1-1x,698,8.315,13.03,13.00,0.0130,5184,381
S1-1x,699,8.328,12.18,12.19,0.0122,1024,381
S1-1x,700,8.340,12.56,12.58,0.0126,1024,381
S1-1x,701,8.352,12.25,12.21,0.0123,1024,381
S1-1x,702,8.365,12.70,12.69,0.0127,1828,380
S1-1x,703,8.378,12.68,12.69,0.0127,864,380
S1-1x,704,8.390,12.11,12.10,0.0121,1024,380
S1-1x,705,8.402,12.12,12.10,0.0121,1024,380
S1-1x,706,8.415,12.86,12.88,0.0129,1828,379
S1-1x,707,8.427,12.51,12.50,0.0125,1880,379
S1-1x,708,8.440,13.10,13.10,0.0131,1828,372
S1-1x,709,8.455,14.62,14.60,0.0146,6844,350
S1-1x,710,8.468,13.27,13.29,0.0133,3244,350
S1-1x,711,8.480,11.93,11.90,0.0119,1024,350
S1-1x,712,8.492,11.59,11.59,0.0116,1024,350
S1-1x,713,8.503,11.29,11.29,0.0113,1024,350
S1-1x,714,8.514,11.30,11.31,0.0113,1024,350
S1-1x,715,8.527,12.72,12.70,0.0127,1900,346
S1-1x,716,8.538,11.36,11.38,0.0114,864,346
S1-1x,717,8.551,12.46,12.42,0.0125,1210,335
S1-1x,718,8.562,10.97,10.98,0.0110,864,335
S1-1x,719,8.573,11.19,11.20,0.0112,1024,335
S1-1x,720,8.584,11.10,11.10,0.0111,1024,335
S1-1x,721,8.597,12.41,12.40,0.0124,2464,335
S1-1x,722,8.609,12.21,12.19,0.0122,2348,334
S1-1x,723,8.620,11.31,11.30,0.0113,864,334
S1-1x,724,8.634,13.78,13.80,0.0138,19876,322
S1-1x,725,8.646,12.60,12.60,0.0126,1668,312
S1-1x,726,8.658,11.52,11.51,0.0115,824,312
S1-1x,727,8.669,10.99,10.99,0.0110,1024,312
S1-1x,728,8.680,11.20,11.20,0.0112,1024,312
S1-1x,729,8.691,11.09,11.09,0.0111,1024,312
S1-1x,730,8.703,11.61,11.60,0.0116,1024,312
S1-1x,731,8.716,12.60,12.59,0.0126,3692,311
S1-1x,732,8.727,11.41,11.39,0.0114,864,311
S1-1x,733,8.738,11.07,11.09,0.0111,1024,311
S1-1x,734,8.749,10.65,10.62,0.0106,1024,311
S1-1x,735,8.759,10.86,10.88,0.0109,1024,311
S1-1x,736,8.770,10.92,10.91,0.0109,1024,311
S1-1x,737,8.783,12.30,12.30,0.0123,1828,309
S1-1x,738,8.795,11.90,11.90,0.0119,1250,307
S1-1x,739,8.806,11.69,11.69,0.0117,1024,307
S1-1x,740,8.819,12.24,12.20,0.0122,4232,306
S1-1x,741,8.831,12.90,12.90,0.0129,9428,305
S1-1x,742,8.844,12.29,12.28,0.0123,3156,305
S1-1x,743,8.855,11.37,11.39,0.0114,5152,305
S1-1x,744,8.866,11.22,11.20,0.0112,1024,305
S1-1x,745,8.878,11.62,11.61,0.0116,1024,305
S1-1x,746,8.889,11.35,11.37,0.0114,1024,305
S1-1x,747,8.902,12.44,12.41,0.0124,1250,305
S1-1x,748,8.914,12.28,12.29,0.0123,1828,305
S1-1x,749,8.926,12.30,12.30,0.0123,1024,305
S1-1x,750,8.938,11.80,11.78,0.0118,1024,305
S1-1x,751,8.951,12.73,12.72,0.0127,1024,305
S1-1x,752,8.963,12.57,12.57,0.0126,1024,305
S1-1x,753,8.976,12.84,12.81,0.0128,1024,305
S1-1x,754,8.989,12.21,12.20,0.0122,1024,305
S1-1x,755,9.000,11.84,11.88,0.0118,1024,305
S1-1x,756,9.012,11.41,11.40,0.0114,1024,305
S1-1x,757,9.024,12.60,12.60,0.0126,20568,305
S1-1x,758,9.036,11.54,11.51,0.0115,1024,305
S1-1x,759,9.048,12.56,12.59,0.0126,1952,305
S1-1x,760,9.060,11.69,11.69,0.0117,1024,305
S1-1x,761,9.072,11.52,11.50,0.0115,2372,305
S1-1x,762,9.083,11.51,11.49,0.0115,1268,305
S1-1x,763,9.095,12.28,12.28,0.0123,3952,305
S1-1x,764,9.107,11.30,11.31,0.0113,2892,305
S1-1x,765,9.118,10.91,10.90,0.0109,1808,305
S1-1x,766,9.129,11.61,11.60,0.0116,2744,305
S1-1x,767,9.140,11.28,11.29,0.0113,1600,305
S1-1x,768,9.152,11.71,11.70,0.0117,14392,305
S1-1x,769,9.165,12.63,12.60,0.0126,2728,305
S1-1x,770,9.178,13.47,13.49,0.0135,7460,305
S1-1x,771,9.190,12.09,12.11,0.0121,3648,305
S1-1x,772,9.203,12.22,12.20,0.0122,2404,303
S1-1x,773,9.215,12.50,12.49,0.0125,3212,303
S1-1x,774,9.227,11.78,11.79,0.0118,1908,303
S1-1x,775,9.239,11.90,11.90,0.0119,2660,303
S1-1x,776,9.253,13.70,13.69,0.0137,7780,303
S1-1x,777,9.266,14.01,14.00,0.0140,11352,297
S1-1x,778,9.280,13.60,13.60,0.0136,2548,297
S1-1x,779,9.295,14.39,14.39,0.0144,1152,297
S1-1x,780,9.307,12.73,12.71,0.0127,2012,297
S1-1x,781,9.321,13.79,13.79,0.0138,1828,297
S1-1x,782,9.335,13.80,13.80,0.0138,1024,297
S1-1x,783,9.348,13.10,13.10,0.0131,1568,297
S1-1x,784,9.361,13.51,13.51,0.0135,3984,297
S1-1x,785,9.375,13.25,13.19,0.0133,2112,297
S1-1x,786,9.388,13.42,13.48,0.0134,4384,297
S1-1x,787,9.403,14.88,14.84,0.0149,3741,297
S1-1x,788,9.419,15.60,15.58,0.0156,3472,284
S1-1x,789,9.433,14.64,14.60,0.0146,4384,284
S1-1x,790,9.450,16.98,16.99,0.0170,17112,269
S1-1x,791,9.464,13.88,13.89,0.0139,1036,269
S1-1x,792,9.479,14.60,14.59,0.0146,3717,269
S1-1x,793,9.493,14.35,14.38,0.0144,1788,269
S1-1x,794,9.508,15.01,15.00,0.0150,3012,269
S1-1x,795,9.523,14.75,14.72,0.0147,1024,269
S1-1x,796,9.536,13.55,13.58,0.0135,984,269
S1-1x,797,9.549,13.00,12.93,0.0130,3540,269
S1-1x,798,9.563,14.06,14.08,0.0141,3757,269
S1-1x,799,9.578,14.96,14.99,0.0150,6300,259
S1-1x,800,9.592,13.34,13.31,0.0133,3540,259
S1-1x,801,9.612,20.58,20.57,0.0206,984,259
S1-1x,802,9.627,14.27,14.28,0.0143,2844,259
S1-1x,803,9.640,13.68,13.70,0.0137,1788,259
S1-1x,804,9.658,17.56,17.52,0.0176,12268,255
S1-1x,805,9.672,14.38,14.38,0.0144,3952,255
S1-1x,806,9.685,12.96,12.99,0.0130,1080,255
S1-1x,807,9.698,12.65,12.62,0.0127,3104,255
S1-1x,808,9.711,13.01,12.99,0.0130,1112,255
S1-1x,809,9.724,13.69,13.69,0.0137,4756,255
S1-1x,810,9.740,15.15,15.17,0.0152,5540,253
S1-1x,811,9.752,12.57,12.52,0.0126,984,253
S1-1x,812,9.766,13.44,13.48,0.0134,984,253
S1-1x,813,9.778,12.67,12.61,0.0127,1024,253
S1-1x,814,9.792,13.77,13.80,0.0138,6117,253
S1-1x,815,9.807,14.76,14.78,0.0148,1788,253
S1-1x,816,9.821,14.39,14.39,0.0144,984,253
S1-1x,817,9.834,13.11,13.09,0.0131,984,253
S1-1x,818,9.846,11.88,11.90,0.0119,3104,253
S1-1x,819,9.860,13.84,13.81,0.0138,1828,250
S1-1x,820,9.874,13.72,13.70,0.0137,8389,248
S1-1x,821,9.886,12.07,12.09,0.0121,984,248
S1-1x,822,9.899,12.69,12.71,0.0127,6564,248
S1-1x,823,9.911,12.51,12.49,0.0125,984,248
S1-1x,824,9.925,13.85,13.81,0.0138,1788,244
S1-1x,825,9.940,15.38,15.38,0.0154,10212,244
S1-1x,826,9.954,13.52,13.50,0.0135,2661,244
S1-1x,827,9.967,13.25,13.28,0.0132,984,244
S1-1x,828,9.979,12.21,12.00,0.0122,984,244
S1-1x,829,9.992,12.83,13.00,0.0128,6564,244
S1-1x,830,10.004,12.23,12.20,0.0122,1024,244
S1-1x,831,10.017,12.72,12.77,0.0127,984,244
S1-1x,832,10.030,12.76,12.73,0.0128,984,244
S1-1x,833,10.044,13.95,13.96,0.0140,6756,244
S1-1x,834,10.056,12.41,12.40,0.0124,1788,244
S1-1x,835,10.070,13.44,13.41,0.0134,1788,239
S1-1x,836,10.083,13.66,13.68,0.0137,1140,239
S1-1x,837,10.096,12.84,12.79,0.0128,984,239
S1-1x,838,10.111,14.88,14.89,0.0149,2132,239
S1-1x,839,10.125,13.67,13.68,0.0137,13920,238
S1-1x,840,10.137,12.55,12.58,0.0126,984,238
S1-1x,841,10.149,12.16,12.11,0.0122,1268,238
S1-1x,842,10.162,13.01,13.01,0.0130,2140,238
S1-1x,843,10.177,14.49,14.49,0.0145,15772,238
S1-1x,844,10.190,13.49,13.49,0.0135,1870,238
S1-1x,845,10.205,14.45,14.42,0.0145,2172,238
S1-1x,846,10.218,13.57,13.58,0.0136,1948,238
S1-1x,847,10.231,13.02,13.01,0.0130,1448,238
S1-1x,848,10.245,13.28,13.29,0.0133,1432,238
S1-1x,849,10.258,12.91,12.89,0.0129,1024,238
S1-1x,850,10.272,14.21,14.20,0.0142,17916,238
S1-1x,851,10.285,13.43,13.47,0.0134,1036,238
S1-1x,852,10.297,12.17,12.12,0.0122,5152,238
S1-1x,853,10.310,12.87,12.88,0.0129,5688,238
S1-1x,854,10.323,12.81,12.80,0.0128,1272,238
S1-1x,855,10.336,12.66,12.70,0.0127,6284,238
S1-1x,856,10.348,12.13,12.11,0.0121,1024,238
S1-1x,857,10.361,13.35,13.31,0.0134,984,238
S1-1x,858,10.374,12.36,12.38,0.0124,1024,238
S1-1x,859,10.387,13.42,13.40,0.0134,16712,238
S1-1x,860,10.400,13.41,13.40,0.0134,19020,238
S1-1x,861,10.413,12.81,12.79,0.0128,2604,238
S1-1x,862,10.426,12.46,12.49,0.0125,5112,238
S1-1x,863,10.438,11.95,11.98,0.0119,984,238
S1-1x,864,10.450,12.50,12.49,0.0125,15820,238
S1-1x,865,10.462,11.94,11.92,0.0119,4148,238
S1-1x,866,10.475,12.53,12.51,0.0125,984,238
S1-1x,867,10.486,11.37,11.40,0.0114,1108,238
S1-1x,868,10.497,11.19,11.19,0.0112,1024,238
S1-1x,869,10.508,11.13,11.10,0.0111,1088,238
S1-1x,870,10.520,11.86,11.88,0.0119,984,238
S1-1x,871,10.533,12.73,12.73,0.0127,1932,238
S1-1x,872,10.546,12.93,12.95,0.0129,6180,238
S1-1x,873,10.562,16.36,16.32,0.0164,35236,238
S1-1x,874,10.575,12.58,12.59,0.0126,1024,238
S1-1x,875,10.587,12.19,12.20,0.0122,984,238
S1-1x,876,10.600,12.65,12.61,0.0127,1916,238
S1-1x,877,10.613,13.03,13.08,0.0130,1384,238
S1-1x,878,10.625,12.03,12.01,0.0120,1024,238
S1-1x,879,10.637,12.77,12.79,0.0128,17688,238
S1-1x,880,10.651,13.34,13.30,0.0133,2924,238
S1-1x,881,10.663,11.86,11.89,0.0119,1024,238
S1-1x,882,10.675,12.21,12.20,0.0122,1024,238
S1-1x,883,10.688,12.73,12.71,0.0127,15772,238
S1-1x,884,10.701,13.37,13.38,0.0134,1972,238
S1-1x,885,10.714,13.28,13.29,0.0133,1828,238
S1-1x,886,10.727,12.91,12.90,0.0129,6732,238
S1-1x,887,10.739,12.18,12.20,0.0122,1024,238
S1-1x,888,10.751,12.09,12.09,0.0121,1024,238
S1-1x,889,10.764,12.91,12.90,0.0129,1860,238
S1-1x,890,10.777,12.49,12.50,0.0125,1024,238
S1-1x,891,10.790,13.12,13.10,0.0131,1224,238
S1-1x,892,10.804,13.92,13.91,0.0139,4140,236
S1-1x,893,10.820,16.22,16.19,0.0162,22742,236
S1-1x,894,10.834,13.55,13.59,0.0136,984,236
S1-1x,895,10.848,14.05,14.00,0.0140,2612,236
S1-1x,896,10.861,13.64,13.69,0.0136,1024,236
S1-1x,897,10.876,14.42,14.40,0.0144,4252,236
S1-1x,898,10.891,15.04,15.00,0.0150,15524,236
S1-1x,899,10.905,14.08,14.10,0.0141,3692,236
S1-1x,900,10.918,13.21,13.20,0.0132,1024,236
S1-1x,901,10.933,14.77,14.78,0.0148,3748,236
S1-1x,902,10.947,13.99,14.00,0.0140,5152,236
S1-1x,903,10.961,14.13,14.10,0.0141,4537,236
S1-1x,904,10.975,14.00,14.01,0.0140,1988,236
S1-1x,905,10.988,13.26,13.28,0.0133,984,236
S1-1x,906,11.002,14.15,14.11,0.0142,1788,236
S1-1x,907,11.016,13.15,13.10,0.0131,1024,236
S1-1x,908,11.031,15.35,15.38,0.0153,5975,236
S1-1x,909,11.044,13.20,13.19,0.0132,984,236
S1-1x,910,11.058,13.91,13.90,0.0139,13542,236
S1-1x,911,11.074,15.97,15.98,0.0160,6965,234
S1-1x,912,11.089,15.47,15.49,0.0155,8092,234
S1-1x,913,11.104,14.32,14.31,0.0143,13232,234
S1-1x,914,11.118,14.42,14.40,0.0144,1788,234
S1-1x,915,11.133,14.81,14.79,0.0148,2441,234
S1-1x,916,11.148,14.57,14.59,0.0146,2859,234
S1-1x,917,11.162,14.69,14.69,0.0147,15464,234
S1-1x,918,11.178,15.33,15.30,0.0153,2883,234
S1-1x,919,11.193,14.98,14.99,0.0150,13920,234
S1-1x,920,11.207,14.45,14.41,0.0144,5475,234
S1-1x,921,11.221,14.05,14.08,0.0140,1056,234
S1-1x,922,11.234,13.39,13.39,0.0134,13116,234
S1-1x,923,11.249,14.72,14.70,0.0147,2860,234
S1-1x,924,11.262,13.34,13.32,0.0133,984,234
S1-1x,925,11.276,13.94,13.97,0.0139,1788,234
S1-1x,926,11.290,13.29,13.30,0.0133,1056,234
S1-1x,927,11.303,13.29,13.28,0.0133,1840,234
S1-1x,928,11.320,16.64,16.64,0.0166,9716,234
S1-1x,929,11.333,13.59,13.59,0.0136,1112,234
S1-1x,930,11.346,12.43,12.40,0.0124,984,234
S1-1x,931,11.360,14.29,14.30,0.0143,4644,232
S1-1x,932,11.375,15.27,15.28,0.0153,8092,232
S1-1x,933,11.389,14.00,14.00,0.0140,1916,232
S1-1x,934,11.403,13.42,13.40,0.0134,984,232
S1-1x,935,11.416,13.10,13.10,0.0131,1440,232
S1-1x,936,11.428,12.59,12.60,0.0126,1024,232
S1-1x,937,11.442,13.48,13.49,0.0135,2532,232
S1-1x,938,11.456,14.02,14.00,0.0140,3045,232
S1-1x,939,11.469,13.03,13.01,0.0130,1024,232
S1-1x,940,11.482,12.88,12.89,0.0129,1024,232
S1-1x,941,11.495,13.18,13.19,0.0132,1712,232
S1-1x,942,11.507,12.35,12.30,0.0123,1036,232
S1-1x,943,11.520,12.80,12.80,0.0128,1900,232
S1-1x,944,11.534,14.30,14.29,0.0143,2957,232
S1-1x,945,11.549,15.00,14.99,0.0150,3476,232
S1-1x,946,11.564,14.79,14.78,0.0148,1024,232
S1-1x,947,11.579,14.91,14.91,0.0149,1216,232
S1-1x,948,11.594,14.56,14.58,0.0146,1152,232
S1-1x,949,11.608,14.76,14.73,0.0148,6834,232
S1-1x,950,11.623,14.91,14.89,0.0149,2861,232
S1-1x,951,11.638,14.85,14.88,0.0149,1024,232
S1-1x,952,11.653,14.33,14.31,0.0143,1024,232
S1-1x,953,11.668,15.17,15.19,0.0152,1828,232
S1-1x,954,11.684,16.18,16.20,0.0162,2132,232
S1-1x,955,11.699,15.34,15.30,0.0153,1828,232
S1-1x,956,11.714,15.28,15.30,0.0153,2008,232
S1-1x,957,11.731,16.59,16.60,0.0166,6540,232
S1-1x,958,11.746,14.82,14.80,0.0148,1152,232
S1-1x,959,11.761,15.49,15.48,0.0155,3904,232
S1-1x,960,11.778,16.28,16.30,0.0163,4815,232
S1-1x,961,11.794,16.00,15.99,0.0160,984,232
S1-1x,962,11.810,16.71,16.71,0.0167,3404,231
S1-1x,963,11.826,15.72,15.70,0.0157,1900,231
S1-1x,964,11.840,14.22,14.21,0.0142,1024,231
S1-1x,965,11.855,14.79,14.79,0.0148,1860,231
S1-1x,966,11.871,15.47,15.49,0.0155,3740,230
S1-1x,967,11.885,14.80,14.79,0.0148,2476,230
S1-1x,968,11.901,15.54,15.52,0.0155,2060,230
S1-1x,969,11.915,14.59,14.60,0.0146,1076,230
S1-1x,970,11.931,15.37,15.38,0.0154,3268,230
S1-1x,971,11.946,15.50,15.49,0.0155,13920,230
S1-1x,972,11.961,14.14,14.11,0.0141,1024,230
S1-1x,973,11.976,15.19,15.19,0.0152,2292,230
S1-1x,974,11.990,14.72,14.50,0.0147,1024,230
S1-1x,975,12.004,13.50,13.70,0.0135,2001,230
S1-1x,976,12.019,14.56,14.58,0.0146,1972,230
S1-1x,977,12.035,16.13,16.10,0.0161,1828,230
S1-1x,978,12.048,13.70,13.71,0.0137,1024,230
S1-1x,979,12.062,13.61,13.59,0.0136,1024,230
S1-1x,980,12.076,14.16,14.19,0.0142,1972,230
S1-1x,981,12.091,14.48,14.50,0.0145,3084,229
S1-1x,982,12.103,12.68,12.69,0.0127,1024,229
S1-1x,983,12.117,13.73,13.70,0.0137,2232,227
S1-1x,984,12.130,12.58,12.60,0.0126,1024,227
S1-1x,985,12.142,12.51,12.49,0.0125,1024,227
S1-1x,986,12.154,11.89,11.90,0.0119,984,227
S1-1x,987,12.167,12.62,12.60,0.0126,2842,227
S1-1x,988,12.181,14.22,14.21,0.0142,3900,220
S1-1x,989,12.193,12.57,12.59,0.0126,984,220
S1-1x,990,12.205,12.06,12.02,0.0121,1024,220
S1-1x,991,12.217,11.85,11.88,0.0119,984,220
S1-1x,992,12.229,11.81,11.80,0.0118,1096,220
S1-1x,993,12.243,13.79,13.78,0.0138,2701,202
S1-1x,994,12.255,11.70,11.71,0.0117,1024,202
S1-1x,995,12.267,12.30,12.29,0.0123,1956,202
S1-1x,996,12.280,13.01,13.00,0.0130,3468,202
S1-1x,997,12.292,12.08,12.11,0.0121,1024,202
S1-1x,998,12.305,12.94,12.90,0.0129,2044,200
S1-1x,999,12.318,12.98,13.00,0.0130,1076,200
S1-1x,1000,12.330,12.40,12.41,0.0124,1024,200
S1-1x,1001,12.343,13.02,12.99,0.0130,2172,200
S1-1x,1002,12.357,13.98,13.98,0.0140,1828,193
S1-1x,1003,12.371,14.20,14.21,0.0142,3476,190
S1-1x,1004,12.385,14.07,14.09,0.0141,2036,190
S1-1x,1005,12.399,13.06,13.02,0.0131,1224,190
S1-1x,1006,12.412,13.69,13.69,0.0137,2044,190
S1-1x,1007,12.426,13.80,13.80,0.0138,1788,190
S1-1x,1008,12.440,13.97,13.99,0.0140,1828,189
S1-1x,1009,12.455,14.80,14.79,0.0148,2748,189
S1-1x,1010,12.468,13.31,13.30,0.0133,1024,189
S1-1x,1011,12.483,14.44,14.45,0.0144,1972,189
S1-1x,1012,12.497,13.96,13.95,0.0140,1714,187
S1-1x,1013,12.511,13.98,13.99,0.0140,1828,187
S1-1x,1014,12.524,13.27,13.22,0.0133,1076,187
S1-1x,1015,12.537,13.00,13.06,0.0130,1024,187
S1-1x,1016,12.550,13.34,13.32,0.0133,1096,187
S1-1x,1017,12.563,12.61,12.60,0.0126,1900,187
S1-1x,1018,12.576,13.09,13.08,0.0131,1828,187
S1-1x,1019,12.589,13.00,13.01,0.0130,2845,187
S1-1x,1020,12.602,13.09,13.10,0.0131,1828,187
S1-1x,1021,12.615,12.73,12.70,0.0127,1828,187
S1-1x,1022,12.627,12.57,12.58,0.0126,1828,187
S1-1x,1023,12.639,12.18,12.20,0.0122,1152,187
S1-1x,1024,12.651,11.99,11.99,0.0120,1024,187
S1-1x,1025,12.664,12.35,12.31,0.0123,1828,186
S1-1x,1026,12.676,12.46,12.49,0.0125,1368,186
S1-1x,1027,12.688,11.91,11.90,0.0119,1024,186
S1-1x,1028,12.700,11.68,11.69,0.0117,1024,186
S1-1x,1029,12.712,12.06,12.02,0.0121,2652,186
S1-1x,1030,12.724,12.39,12.39,0.0124,1108,186
S1-1x,1031,12.737,12.48,12.49,0.0125,984,186
S1-1x,1032,12.749,12.51,12.50,0.0125,1024,186
S1-1x,1033,12.761,11.88,11.89,0.0119,1024,186
S1-1x,1034,12.774,12.62,12.60,0.0126,1900,186
S1-1x,1035,12.785,11.73,11.70,0.0117,1024,186
S1-1x,1036,12.798,12.26,12.29,0.0123,1024,186
S1-1x,1037,12.810,12.71,12.69,0.0127,2692,186
S1-1x,1038,12.823,12.62,12.62,0.0126,1900,186
S1-1x,1039,12.835,12.35,12.38,0.0124,1296,186
S1-1x,1040,12.848,12.51,12.49,0.0125,2004,186
S1-1x,1041,12.862,13.91,13.90,0.0139,2732,186
S1-1x,1042,12.875,13.05,13.01,0.0130,1828,186
S1-1x,1043,12.887,12.48,12.49,0.0125,1064,186
S1-1x,1044,12.900,12.52,12.50,0.0125,1024,186
S1-1x,1045,12.912,12.09,12.09,0.0121,1024,186
S1-1x,1046,12.924,12.20,12.19,0.0122,1076,186
S1-1x,1047,12.937,13.15,13.19,0.0131,2188,186
S1-1x,1048,12.952,14.33,14.30,0.0143,7514,186
S1-1x,1049,12.964,12.03,12.00,0.0120,1312,186
S1-1x,1050,12.977,13.24,13.28,0.0132,1972,186
S1-1x,1051,12.990,12.83,12.81,0.0128,1312,186
S1-1x,1052,13.002,12.57,12.57,0.0126,1024,186
S1-1x,1053,13.015,13.04,13.01,0.0130,2188,184
S1-1x,1054,13.029,13.79,13.80,0.0138,2748,178
S1-1x,1055,13.042,13.15,13.17,0.0132,1024,178
S1-1x,1056,13.055,13.12,13.10,0.0131,1828,177
S1-1x,1057,13.068,12.74,12.71,0.0127,1900,177
S1-1x,1058,13.082,13.49,13.51,0.0135,1024,177
S1-1x,1059,13.094,12.46,12.47,0.0125,1192,177
S1-1x,1060,13.108,14.21,14.21,0.0142,2068,177
S1-1x,1061,13.122,13.91,13.89,0.0139,1828,177
S1-1x,1062,13.136,13.23,13.21,0.0132,1880,176
S1-1x,1063,13.149,13.77,13.78,0.0138,1828,174
S1-1x,1064,13.162,13.08,13.09,0.0131,1024,174
S1-1x,1065,13.176,13.69,13.70,0.0137,1828,172
S1-1x,1066,13.190,13.80,13.80,0.0138,1828,171
S1-1x,1067,13.203,13.12,13.09,0.0131,1192,171
S1-1x,1068,13.216,12.99,13.00,0.0130,1268,171
S1-1x,1069,13.229,12.80,12.79,0.0128,1416,171
S1-1x,1070,13.242,13.69,13.71,0.0137,4596,171
S1-1x,1071,13.256,13.63,13.59,0.0136,1828,171
S1-1x,1072,13.271,14.98,14.99,0.0150,5494,168
S1-1x,1073,13.285,13.90,13.90,0.0139,1988,168
S1-1x,1074,13.299,13.62,13.60,0.0136,2172,168
S1-1x,1075,13.312,13.90,13.90,0.0139,2246,167
S1-1x,1076,13.326,14.10,14.09,0.0141,4272,167
S1-1x,1077,13.339,12.40,12.40,0.0124,1076,167
S1-1x,1078,13.351,11.83,11.81,0.0118,1024,167
S1-1x,1079,13.363,12.30,12.29,0.0123,1900,167
S1-1x,1080,13.376,12.47,12.49,0.0125,1096,167
S1-1x,1081,13.388,12.50,12.51,0.0125,3008,166
S1-1x,1082,13.400,12.25,12.21,0.0122,1184,166
S1-1x,1083,13.412,11.46,11.48,0.0115,1024,166
S1-1x,1084,13.423,11.31,11.30,0.0113,1024,166
S1-1x,1085,13.434,11.38,11.41,0.0114,1024,166
S1-1x,1086,13.446,11.22,11.19,0.0112,1924,165
S1-1x,1087,13.458,11.89,11.89,0.0119,1972,165
S1-1x,1088,13.469,11.51,11.50,0.0115,1168,165
S1-1x,1089,13.481,12.01,12.00,0.0120,2404,165
S1-1x,1090,13.492,11.19,11.19,0.0112,1024,165
S1-1x,1091,13.504,11.70,11.70,0.0117,2260,165
S1-1x,1092,13.516,12.02,11.99,0.0120,1828,164
S1-1x,1093,13.527,11.38,11.39,0.0114,1024,164
S1-1x,1094,13.539,11.42,11.42,0.0114,2364,164
S1-1x,1095,13.550,10.98,10.98,0.0110,1768,164
S1-1x,1096,13.561,11.00,11.00,0.0110,2124,164
S1-1x,1097,13.572,11.13,11.10,0.0111,1168,164
S1-1x,1098,13.583,10.99,11.02,0.0110,1024,164
S1-1x,1099,13.595,12.17,12.16,0.0122,5253,164
S1-1x,1100,13.607,11.72,11.70,0.0117,2204,164
S1-1x,1101,13.618,10.89,10.90,0.0109,1216,164
S1-1x,1102,13.629,10.91,10.91,0.0109,1564,164
S1-1x,1103,13.639,10.68,10.69,0.0107,1096,164
S1-1x,1104,13.650,11.12,11.11,0.0111,1900,164
S1-1x,1105,13.661,10.89,10.90,0.0109,1024,164
S1-1x,1106,13.673,11.40,11.40,0.0114,2116,164
S1-1x,1107,13.683,10.89,10.89,0.0109,2440,164
S1-1x,1108,13.694,10.41,10.41,0.0104,3900,164
S1-1x,1109,13.705,11.13,11.10,0.0111,2044,164
S1-1x,1110,13.716,10.58,10.60,0.0106,1024,164
S1-1x,1111,13.726,10.80,10.78,0.0108,1024,164
S1-1x,1112,13.738,11.52,11.50,0.0115,1900,164
S1-1x,1113,13.749,11.38,11.40,0.0114,1984,164
S1-1x,1114,13.760,11.14,11.11,0.0111,1024,164
S1-1x,1115,13.772,10.99,11.00,0.0110,1024,164
S1-1x,1116,13.783,11.24,11.27,0.0112,2708,164
S1-1x,1117,13.792,9.71,9.70,0.0097,1600,164
S1-1x,1118,13.803,10.21,10.22,0.0102,1024,164
S1-1x,1119,13.814,11.01,10.99,0.0110,3036,164
S1-1x,1120,13.824,10.52,10.51,0.0105,1024,164
S1-1x,1121,13.835,11.01,10.99,0.0110,1312,164
S1-1x,1122,13.846,11.00,10.99,0.0110,1828,164
S1-1x,1123,13.857,11.03,11.02,0.0110,1024,164
S1-1x,1124,13.869,11.46,11.48,0.0115,1828,163
S1-1x,1125,13.880,11.30,11.30,0.0113,3176,163
S1-1x,1126,13.891,11.38,11.40,0.0114,1900,162
S1-1x,1127,13.904,12.30,12.29,0.0123,2132,162
S1-1x,1128,13.915,11.39,11.40,0.0114,3132,161
S1-1x,1129,13.928,12.67,12.63,0.0127,8772,160
S1-1x,1130,13.940,12.24,12.27,0.0122,1828,159
S1-1x,1131,13.951,11.51,11.50,0.0115,1880,159
S1-1x,1132,13.963,11.84,11.80,0.0118,3780,159
S1-1x,1133,13.975,11.66,11.69,0.0117,6604,159
S1-1x,1134,13.987,11.89,11.89,0.0119,2116,159
S1-1x,1135,13.999,11.84,11.61,0.0118,1024,159
S1-1x,1136,14.010,11.27,11.49,0.0113,1024,159
S1-1x,1137,14.021,11.10,11.10,0.0111,1024,159
S1-1x,1138,14.033,11.81,11.83,0.0118,1024,159
S1-1x,1139,14.044,11.56,11.56,0.0116,1024,159
S1-1x,1140,14.056,11.77,11.73,0.0118,1024,159
S1-1x,1141,14.069,12.25,12.28,0.0123,2644,159
S1-1x,1142,14.081,12.95,12.91,0.0130,19212,158
S1-1x,1143,14.093,11.73,11.78,0.0117,1024,158
S1-1x,1144,14.105,11.51,11.51,0.0115,1152,158
S1-1x,1145,14.117,12.03,12.00,0.0120,2044,149
S1-1x,1146,14.129,12.49,12.49,0.0125,2004,147
S1-1x,1147,14.141,11.93,11.90,0.0119,984,147
S1-1x,1148,14.153,11.96,12.00,0.0120,1976,147
S1-1x,1149,14.164,11.19,11.19,0.0112,1152,147
S1-1x,1150,14.175,10.78,10.81,0.0108,1024,147
S1-1x,1151,14.185,10.09,10.08,0.0101,984,147
S1-1x,1152,14.196,10.83,10.82,0.0108,944,147
S1-1x,1153,14.208,11.99,12.00,0.0120,4480,145
S1-1x,1154,14.219,11.20,11.19,0.0112,2044,145
S1-1x,1155,14.230,10.49,10.50,0.0105,1024,145
S1-1x,1156,14.240,10.45,10.41,0.0105,1064,145
S1-1x,1157,14.251,11.09,11.08,0.0111,1024,145
S1-1x,1158,14.262,10.58,10.60,0.0106,1024,145
S1-1x,1159,14.273,11.10,11.09,0.0111,1024,145
S1-1x,1160,14.284,11.09,11.10,0.0111,1024,145
S1-1x,1161,14.294,10.30,10.30,0.0103,1024,145
S1-1x,1162,14.305,11.11,11.09,0.0111,2028,145
S1-1x,1163,14.316,10.37,10.40,0.0104,1128,145
S1-1x,1164,14.326,9.90,9.90,0.0099,1024,145
S1-1x,1165,14.337,11.20,11.19,0.0112,5756,145
S1-1x,1166,14.348,11.15,11.12,0.0112,1852,143
S1-1x,1167,14.358,10.49,10.49,0.0105,3116,143
S1-1x,1168,14.370,11.59,11.60,0.0116,4028,143
S1-1x,1169,14.381,10.51,10.50,0.0105,984,143
S1-1x,1170,14.391,10.72,10.71,0.0107,1900,143
S1-1x,1171,14.403,11.46,11.48,0.0115,1860,143
S1-1x,1172,14.414,11.53,11.51,0.0115,2276,143
S1-1x,1173,14.425,11.17,11.19,0.0112,1788,143
S1-1x,1174,14.436,10.59,10.58,0.0106,1056,142
S1-1x,1175,14.446,9.80,9.82,0.0098,984,142
S1-1x,1176,14.456,10.03,10.00,0.0100,1024,142
S1-1x,1177,14.466,10.70,10.70,0.0107,2116,142
S1-1x,1178,14.477,10.00,10.01,0.0100,1024,142
S1-1x,1179,14.487,10.77,10.78,0.0108,2116,142
S1-1x,1180,14.498,10.32,10.31,0.0103,1024,142
S1-1x,1181,14.508,10.52,10.50,0.0105,7180,142
S1-1x,1182,14.519,10.79,10.80,0.0108,1426,142
S1-1x,1183,14.530,10.90,10.89,0.0109,1828,142
S1-1x,1184,14.540,10.57,10.59,0.0106,1024,142
S1-1x,1185,14.551,10.82,10.81,0.0108,1828,141
S1-1x,1186,14.563,11.30,11.30,0.0113,1880,141
S1-1x,1187,14.573,10.62,10.61,0.0106,1024,141
S1-1x,1188,14.583,10.07,10.08,0.0101,1096,141
S1-1x,1189,14.593,9.71,9.69,0.0097,1024,141
S1-1x,1190,14.603,9.80,9.81,0.0098,1024,141
S1-1x,1191,14.614,11.24,11.20,0.0112,2548,141
S1-1x,1192,14.625,11.38,11.39,0.0114,2188,141
S1-1x,1193,14.636,10.85,10.88,0.0109,1900,141
S1-1x,1194,14.648,11.33,11.32,0.0113,1024,141
S1-1x,1195,14.658,9.98,9.99,0.0100,1024,141
S1-1x,1196,14.667,9.71,9.70,0.0097,1024,141
S1-1x,1197,14.678,10.82,10.80,0.0108,2044,141
S1-1x,1198,14.688,10.07,10.10,0.0101,1096,141
S1-1x,1199,14.698,10.02,10.00,0.0100,1096,141
S1-1x,1200,14.709,10.48,10.49,0.0105,1828,141
S1-1x,1201,14.718,9.90,9.90,0.0099,1096,141
S1-1x,1202,14.729,10.13,10.10,0.0101,1024,141
S1-1x,1203,14.738,9.56,9.59,0.0096,1024,141
S1-1x,1204,14.748,9.92,9.91,0.0099,1024,141
S1-1x,1205,14.758,10.26,10.21,0.0103,1024,141
S1-1x,1206,14.768,9.84,9.88,0.0098,1076,141
S1-1x,1207,14.778,9.89,9.90,0.0099,1024,141
S1-1x,1208,14.788,10.33,10.29,0.0103,1900,141
S1-1x,1209,14.799,10.62,10.62,0.0106,1024,141
S1-1x,1210,14.809,9.55,9.57,0.0095,1024,141
S1-1x,1211,14.818,9.44,9.41,0.0094,1024,141
S1-1x,1212,14.828,9.56,9.59,0.0096,1024,141
S1-1x,1213,14.838,10.60,10.61,0.0106,4092,141
S1-1x,1214,14.850,11.44,11.40,0.0114,5212,141
S1-1x,1215,14.860,10.38,10.39,0.0104,1024,141
S1-1x,1216,14.870,9.88,9.90,0.0099,1024,141
S1-1x,1217,14.880,10.31,10.30,0.0103,1828,141
S1-1x,1218,14.890,10.18,10.19,0.0102,1024,141
S1-1x,1219,14.901,10.23,10.21,0.0102,1024,141
S1-1x,1220,14.910,9.79,9.80,0.0098,1024,141
S1-1x,1221,14.920,9.53,9.50,0.0095,1024,141
S1-1x,1222,14.930,10.10,10.09,0.0101,1024,141
S1-1x,1223,14.940,10.25,10.29,0.0103,1024,141
S1-1x,1224,14.951,10.52,10.50,0.0105,5296,141
S1-1x,1225,14.962,10.95,10.92,0.0109,1024,141
S1-1x,1226,14.972,10.26,10.28,0.0103,1076,141
S1-1x,1227,14.983,10.83,10.82,0.0108,1024,141
S1-1x,1228,14.994,10.70,10.68,0.0107,1024,141
S1-1x,1229,15.004,10.18,10.18,0.0102,1024,141
S1-1x,1230,15.013,9.56,9.59,0.0096,1024,141
S1-1x,1231,15.024,11.01,11.00,0.0110,3060,141
S1-1x,1232,15.036,11.24,11.21,0.0112,1900,141
S1-1x,1233,15.046,10.68,10.69,0.0107,1096,141
S1-1x,1234,15.057,10.60,10.61,0.0106,1900,141
S1-1x,1235,15.067,10.51,10.49,0.0105,1152,141
S1-1x,1236,15.079,11.60,11.60,0.0116,4380,141
S1-1x,1237,15.091,11.80,11.80,0.0118,1828,141
S1-1x,1238,15.102,10.88,10.88,0.0109,5152,141
S1-1x,1239,15.113,10.90,10.90,0.0109,6100,141
S1-1x,1240,15.123,10.50,10.50,0.0105,1120,141
S1-1x,1241,15.133,9.98,9.99,0.0100,1024,141
S1-1x,1242,15.143,9.68,9.69,0.0097,1024,141
S1-1x,1243,15.153,9.75,9.71,0.0098,1024,141
S1-1x,1244,15.162,9.77,9.79,0.0098,1024,141
S1-1x,1245,15.173,11.03,10.99,0.0110,3304,141
S1-1x,1246,15.184,10.35,10.40,0.0104,1312,141
S1-1x,1247,15.194,10.54,10.50,0.0105,1024,141
S1-1x,1248,15.204,10.29,10.29,0.0103,1096,141
S1-1x,1249,15.215,10.39,10.40,0.0104,1024,141
S1-1x,1250,15.226,11.53,11.50,0.0115,1900,141
S1-1x,1251,15.239,12.09,12.09,0.0121,2116,141
S1-1x,1252,15.250,11.20,11.20,0.0112,1828,141
S1-1x,1253,15.262,11.87,11.88,0.0119,1024,141
S1-1x,1254,15.272,10.64,10.61,0.0106,1152,141
S1-1x,1255,15.283,10.80,10.79,0.0108,1024,141
S1-1x,1256,15.294,11.48,11.50,0.0115,1828,140
S1-1x,1257,15.305,10.77,10.72,0.0108,984,140
S1-1x,1258,15.317,11.31,11.36,0.0113,1024,140
S1-1x,1259,15.327,10.30,10.30,0.0103,1024,140
S1-1x,1260,15.338,10.72,10.70,0.0107,1900,140
S1-1x,1261,15.349,11.03,11.01,0.0110,1924,139
S1-1x,1262,15.359,10.88,10.89,0.0109,1280,139
S1-1x,1263,15.369,9.97,9.99,0.0100,1024,139
S1-1x,1264,15.379,9.90,9.90,0.0099,1076,139
S1-1x,1265,15.390,10.25,10.20,0.0103,1024,139
S1-1x,1266,15.400,10.16,10.20,0.0102,1024,139
S1-1x,1267,15.410,10.09,10.10,0.0101,1024,139
S1-1x,1268,15.419,9.51,9.51,0.0095,1168,139
S1-1x,1269,15.430,10.58,10.59,0.0106,1900,139
S1-1x,1270,15.440,10.02,10.00,0.0100,1024,139
S1-1x,1271,15.450,9.77,9.79,0.0098,1168,139
S1-1x,1272,15.459,9.81,9.79,0.0098,1024,139
S1-1x,1273,15.469,9.81,9.81,0.0098,1024,139
S1-1x,1274,15.481,11.43,11.41,0.0114,2460,139
S1-1x,1275,15.492,11.33,11.30,0.0113,2188,138
S1-1x,1276,15.503,11.18,11.19,0.0112,1900,138
S1-1x,1277,15.515,11.29,11.29,0.0113,1024,138
S1-1x,1278,15.526,11.00,11.00,0.0110,1024,138
S1-1x,1279,15.536,10.77,10.79,0.0108,1024,138
S1-1x,1280,15.547,10.23,10.21,0.0102,1024,138
S1-1x,1281,15.557,10.37,10.38,0.0104,1096,138
S1-1x,1282,15.567,10.40,10.33,0.0104,1152,138
S1-1x,1283,15.578,11.03,11.08,0.0110,1472,138
S1-1x,1284,15.588,10.01,10.00,0.0100,1148,138
S1-1x,1285,15.599,10.94,10.90,0.0109,1900,138
S1-1x,1286,15.612,13.09,13.10,0.0131,5312,136
S1-1x,1287,15.624,11.75,11.78,0.0118,1024,136
S1-1x,1288,15.635,10.77,10.79,0.0108,1900,135
S1-1x,1289,15.646,10.84,10.81,0.0108,1024,135
S1-1x,1290,15.656,10.55,10.51,0.0106,1024,135
S1-1x,1291,15.667,11.15,11.18,0.0112,1828,135
S1-1x,1292,15.678,10.16,10.19,0.0102,1024,135
S1-1x,1293,15.687,9.79,9.80,0.0098,1024,135
S1-1x,1294,15.697,9.61,9.60,0.0096,1168,135
S1-1x,1295,15.708,10.53,10.50,0.0105,2260,135
S1-1x,1296,15.719,11.18,11.20,0.0112,2748,134
S1-1x,1297,15.730,11.09,11.10,0.0111,1828,131
S1-1x,1298,15.740,10.30,10.29,0.0103,1096,131
S1-1x,1299,15.751,10.52,10.49,0.0105,2116,131
S1-1x,1300,15.761,10.44,10.41,0.0104,1024,131
S1-1x,1301,15.772,10.89,10.90,0.0109,1956,129
S1-1x,1302,15.782,10.46,10.47,0.0105,1024,129
S1-1x,1303,15.792,10.02,10.02,0.0100,1076,129
S1-1x,1304,15.803,10.28,10.29,0.0103,1828,129
S1-1x,1305,15.812,9.65,9.60,0.0096,1024,129
S1-1x,1306,15.823,10.56,10.59,0.0106,1210,128
S1-1x,1307,15.833,10.29,10.29,0.0103,1828,128
S1-1x,1308,15.843,10.21,10.21,0.0102,1268,128
S1-1x,1309,15.859,15.20,15.19,0.0152,3861,128
S1-1x,1310,15.869,10.33,10.31,0.0103,1024,128
S1-1x,1311,15.879,10.37,10.39,0.0104,2056,128
S1-1x,1312,15.890,10.33,10.31,0.0103,1224,128
S1-1x,1313,15.900,10.66,10.68,0.0107,1828,128
S1-1x,1314,15.911,10.91,10.90,0.0109,1828,128
S1-1x,1315,15.921,10.14,10.11,0.0101,1024,128
S1-1x,1316,15.932,10.27,10.28,0.0103,1024,128
S1-1x,1317,15.942,10.28,10.30,0.0103,1024,128
S1-1x,1318,15.952,9.78,9.78,0.0098,1096,128
S1-1x,1319,15.962,10.02,10.01,0.0100,1024,128
S1-1x,1320,15.973,11.03,11.01,0.0110,2244,128
S1-1x,1321,15.983,10.34,10.38,0.0103,1024,128
S1-1x,1322,15.995,11.63,11.61,0.0116,4706,128
S1-1x,1323,16.005,10.65,10.40,0.0106,1024,128
S1-1x,1324,16.016,10.58,10.80,0.0106,1284,128
S1-1x,1325,16.027,10.61,10.59,0.0106,1024,128
S1-1x,1326,16.037,10.46,10.50,0.0105,1024,128
S1-1x,1327,16.047,9.90,9.90,0.0099,1024,128
S1-1x,1328,16.058,10.60,10.60,0.0106,2044,128
S1-1x,1329,16.068,10.23,10.21,0.0102,1024,128
S1-1x,1330,16.079,11.07,11.09,0.0111,2116,128
S1-1x,1331,16.089,10.48,10.49,0.0105,1024,128
S1-1x,1332,16.099,10.13,10.11,0.0101,1152,128
S1-1x,1333,16.109,9.69,9.70,0.0097,1024,128
S1-1x,1334,16.119,9.49,9.49,0.0095,1024,128
S1-1x,1335,16.128,9.14,9.11,0.0091,1024,128
S1-1x,1336,16.138,10.25,10.29,0.0103,1900,127
S1-1x,1337,16.149,11.31,11.31,0.0113,6125,127
S1-1x,1338,16.159,9.80,9.80,0.0098,1024,127
S1-1x,1339,16.168,9.20,9.20,0.0092,1024,127
S1-1x,1340,16.177,9.18,9.19,0.0092,1024,127
S1-1x,1341,16.187,9.21,9.19,0.0092,1024,127
S1-1x,1342,16.196,9.39,9.41,0.0094,1076,127
S1-1x,1343,16.205,9.41,9.40,0.0094,1024,127
S1-1x,1344,16.215,9.09,9.11,0.0091,1024,127
S1-1x,1345,16.224,9.10,9.09,0.0091,1024,127
S1-1x,1346,16.233,8.89,8.91,0.0089,1024,127
S1-1x,1347,16.241,8.69,8.68,0.0087,1024,127
S1-1x,1348,16.251,9.94,9.91,0.0099,4842,127
S1-1x,1349,16.260,9.08,9.10,0.0091,1024,127
S1-1x,1350,16.269,9.10,9.08,0.0091,1024,127
S1-1x,1351,16.279,9.21,9.21,0.0092,1024,127
S1-1x,1352,16.288,8.97,9.00,0.0090,1024,127
S1-1x,1353,16.298,10.48,10.42,0.0105,7449,127
S1-1x,1354,16.309,11.17,11.17,0.0112,1152,127
S1-1x,1355,16.320,10.51,10.51,0.0105,1972,127
S1-1x,1356,16.331,10.77,10.78,0.0108,2172,127
S1-1x,1357,16.340,9.73,9.70,0.0097,1024,127
S1-1x,1358,16.350,9.99,10.01,0.0100,1564,127
S1-1x,1359,16.360,9.81,9.79,0.0098,1024,127
S1-1x,1360,16.371,10.48,10.50,0.0105,1828,126
S1-1x,1361,16.380,9.60,9.59,0.0096,1312,126
S1-1x,1362,16.390,9.99,10.00,0.0100,1024,126
S1-1x,1363,16.400,9.90,9.90,0.0099,1076,126
S1-1x,1364,16.410,10.20,10.20,0.0102,1152,126
S1-1x,1365,16.420,10.28,10.30,0.0103,1064,126
S1-1x,1366,16.430,9.60,9.61,0.0096,1024,126
S1-1x,1367,16.442,11.68,11.69,0.0117,14055,126
S1-1x,1368,16.452,10.33,10.31,0.0103,1828,126
S1-1x,1369,16.462,9.60,9.59,0.0096,1024,126
S1-1x,1370,16.471,9.40,9.40,0.0094,1024,126
S1-1x,1371,16.480,9.22,9.20,0.0092,1024,126
S1-1x,1372,16.490,9.88,9.90,0.0099,1972,126
S1-1x,1373,16.500,9.60,9.59,0.0096,1024,126
S1-1x,1374,16.510,10.12,10.10,0.0101,2202,126
S1-1x,1375,16.519,9.08,9.08,0.0091,1024,126
S1-1x,1376,16.529,9.46,9.42,0.0095,1828,126
S1-1x,1377,16.538,9.64,9.68,0.0096,1024,126
S1-1x,1378,16.547,9.31,9.30,0.0093,1024,126
S1-1x,1379,16.556,8.98,8.99,0.0090,1024,126
S1-1x,1380,16.565,8.90,8.90,0.0089,1024,126
S1-1x,1381,16.574,8.93,8.91,0.0089,1024,126
S1-1x,1382,16.583,8.99,9.00,0.0090,1024,126
S1-1x,1383,16.595,12.19,12.20,0.0122,16113,126
S1-1x,1384,16.605,9.40,9.40,0.0094,1076,126
S1-1x,1385,16.615,10.38,10.39,0.0104,2588,126
S1-1x,1386,16.625,9.64,9.61,0.0096,1024,126
S1-1x,1387,16.634,9.16,9.19,0.0092,2668,126
S1-1x,1388,16.643,9.00,8.99,0.0090,1024,126
S1-1x,1389,16.652,8.90,8.90,0.0089,1024,126
S1-1x,1390,16.661,8.81,8.80,0.0088,1024,126
S1-1x,1391,16.670,8.79,8.80,0.0088,1024,126
S1-1x,1392,16.680,10.39,10.39,0.0104,3324,126
S1-1x,1393,16.689,9.40,9.39,0.0094,1024,126
S1-1x,1394,16.699,9.91,9.91,0.0099,1900,126
S1-1x,1395,16.709,9.30,9.30,0.0093,1096,126
S1-1x,1396,16.718,9.89,9.89,0.0099,1426,126
S1-1x,1397,16.728,9.30,9.30,0.0093,1024,126
S1-1x,1398,16.740,12.71,12.70,0.0127,23125,126
S1-1x,1399,16.750,9.41,9.41,0.0094,1064,126
S1-1x,1400,16.759,9.51,9.50,0.0095,1120,126
S1-1x,1401,16.769,9.37,9.39,0.0094,1024,126
S1-1x,1402,16.780,10.92,10.91,0.0109,3940,126
S1-1x,1403,16.790,10.47,10.48,0.0105,1828,126
S1-1x,1404,16.800,9.84,9.82,0.0098,1024,126
S1-1x,1405,16.809,9.37,9.39,0.0094,1076,126
S1-1x,1406,16.819,9.82,9.80,0.0098,2208,126
S1-1x,1407,16.829,9.78,9.79,0.0098,1024,126
S1-1x,1408,16.838,9.40,9.41,0.0094,1024,126
S1-1x,1409,16.848,9.31,9.29,0.0093,1096,126
S1-1x,1410,16.858,10.11,10.10,0.0101,1972,126
S1-1x,1411,16.867,9.69,9.70,0.0097,1024,126
S1-1x,1412,16.877,9.52,9.50,0.0095,1024,126
S1-1x,1413,16.893,15.98,16.00,0.0160,44525,126
S1-1x,1414,16.904,10.92,10.91,0.0109,1828,126
S1-1x,1415,16.914,10.09,10.09,0.0101,1088,126
S1-1x,1416,16.924,9.79,9.80,0.0098,1024,126
S1-1x,1417,16.934,10.19,10.20,0.0102,1892,126
S1-1x,1418,16.944,9.80,9.79,0.0098,1024,126
S1-1x,1419,16.954,9.81,9.80,0.0098,1024,126
S1-1x,1420,16.963,9.69,9.70,0.0097,1024,126
S1-1x,1421,16.973,9.62,9.60,0.0096,1024,126
S1-1x,1422,16.983,10.28,10.28,0.0103,1024,126
S1-1x,1423,16.993,9.60,9.61,0.0096,1024,126
S1-1x,1424,17.002,9.62,9.60,0.0096,1024,126
S1-1x,1425,17.013,10.27,10.29,0.0103,2096,125
S1-1x,1426,17.024,11.22,11.19,0.0112,2636,123
S1-1x,1427,17.043,19.07,19.10,0.0191,56183,123
S1-1x,1428,17.054,10.83,10.80,0.0108,1024,123
S1-1x,1429,17.064,10.18,10.19,0.0102,1024,123
S1-1x,1430,17.075,10.73,10.70,0.0107,1024,123
S1-1x,1431,17.085,10.37,10.40,0.0104,1024,123
S1-1x,1432,17.095,10.02,10.00,0.0100,1024,123
S1-1x,1433,17.105,10.41,10.41,0.0104,1096,123
S1-1x,1434,17.116,10.70,10.68,0.0107,1900,123
S1-1x,1435,17.126,10.40,10.41,0.0104,3200,123
S1-1x,1436,17.137,10.05,10.08,0.0101,1024,123
S1-1x,1437,17.147,10.24,10.22,0.0102,1024,123
S1-1x,1438,17.157,9.98,9.98,0.0100,1024,123
S1-1x,1439,17.168,11.12,11.10,0.0111,2188,123
S1-1x,1440,17.180,11.91,11.91,0.0119,1828,122
S1-1x,1441,17.203,23.36,23.37,0.0234,75690,120
S1-1x,1442,17.215,12.11,12.11,0.0121,1068,120
S1-1x,1443,17.227,11.61,11.61,0.0116,1024,120
S1-1x,1444,17.240,12.60,12.60,0.0126,3612,120
S1-1x,1445,17.251,11.69,11.69,0.0117,1024,120
S1-1x,1446,17.263,11.39,11.41,0.0114,1024,120
S1-1x,1447,17.274,11.63,11.60,0.0116,1024,120
S1-1x,1448,17.286,11.68,11.69,0.0117,1280,120
S1-1x,1449,17.299,12.74,12.71,0.0127,3396,120
S1-1x,1450,17.310,11.66,11.69,0.0117,1024,120
S1-1x,1451,17.322,11.69,11.68,0.0117,1024,120
S1-1x,1452,17.348,25.54,25.52,0.0255,87956,120
S1-1x,1453,17.362,13.97,13.97,0.0140,1924,120
S1-1x,1454,17.375,13.50,13.51,0.0135,1024,120
S1-1x,1455,17.388,12.97,12.97,0.0130,6644,120
S1-1x,1456,17.401,13.22,13.21,0.0132,1168,120
S1-1x,1457,17.414,12.61,12.59,0.0126,1096,120
S1-1x,1458,17.426,12.40,12.42,0.0124,1076,120
S1-1x,1459,17.438,11.96,11.97,0.0120,1024,120
S1-1x,1460,17.451,12.73,12.72,0.0127,1900,120
S1-1x,1461,17.463,12.39,12.39,0.0124,1024,120
S1-1x,1462,17.476,13.12,13.10,0.0131,1828,120
S1-1x,1463,17.506,29.19,29.20,0.0292,97153,120
S1-1x,1464,17.520,14.20,14.19,0.0142,1988,120
S1-1x,1465,17.534,14.58,14.59,0.0146,1828,120
S1-1x,1466,17.548,13.41,13.41,0.0134,1024,120
S1-1x,1467,17.561,13.11,13.10,0.0131,1024,120
S1-1x,1468,17.575,14.10,14.09,0.0141,2146,120
S1-1x,1469,17.589,13.46,13.42,0.0135,1024,120
S1-1x,1470,17.602,13.87,13.88,0.0139,1024,120
S1-1x,1471,17.616,13.88,13.89,0.0139,1024,120
S1-1x,1472,17.630,13.39,13.39,0.0134,1076,120
S1-1x,1473,17.661,30.92,30.90,0.0309,103447,120
S1-1x,1474,17.677,15.99,15.99,0.0160,1828,119
S1-1x,1475,17.692,15.69,15.71,0.0157,1828,119
S1-1x,1476,17.708,15.52,15.50,0.0155,1096,119
S1-1x,1477,17.722,14.52,14.51,0.0145,1024,119
S1-1x,1478,17.737,15.05,15.09,0.0151,1024,119
S1-1x,1479,17.753,15.61,15.60,0.0156,2348,117
S1-1x,1480,17.768,15.09,15.09,0.0151,1024,117
S1-1x,1481,17.807,39.34,39.30,0.0393,116114,117
S1-1x,1482,17.824,16.43,16.41,0.0164,1312,117
S1-1x,1483,17.840,16.44,16.48,0.0164,1976,117
S1-1x,1484,17.857,16.51,16.49,0.0165,3396,117
S1-1x,1485,17.872,15.09,15.10,0.0151,1024,117
S1-1x,1486,17.886,14.49,14.51,0.0145,1024,117
S1-1x,1487,17.902,15.42,15.40,0.0154,1828,116
S1-1x,1488,17.917,15.69,15.69,0.0157,1828,115
S1-1x,1489,17.951,33.12,33.10,0.0331,96544,115
S1-1x,1490,17.967,16.98,17.00,0.0170,2444,114
S1-1x,1491,17.984,16.39,16.39,0.0164,1828,114
S1-1x,1492,18.000,15.90,15.90,0.0159,1900,114
S1-1x,1493,18.016,15.71,15.50,0.0157,1024,114
S1-1x,1494,18.032,16.00,16.20,0.0160,1828,113
S1-1x,1495,18.047,15.38,15.38,0.0154,1116,113
S1-1x,1496,18.062,14.70,14.70,0.0147,1024,113
S1-1x,1497,18.077,15.03,15.01,0.0150,1024,113
S1-1x,1498,18.106,29.68,29.70,0.0297,79110,112
S1-1x,1499,18.123,16.64,16.61,0.0166,2620,112
S1-1x,1500,18.140,17.31,17.30,0.0173,1932,111
S1-1x,1501,18.157,16.57,16.58,0.0166,1024,111
S1-1x,1502,18.174,17.29,17.31,0.0173,4690,111
S1-1x,1503,18.191,16.41,16.39,0.0164,1972,111
S1-1x,1504,18.207,16.32,16.31,0.0163,1064,111
S1-1x,1505,18.223,16.08,16.09,0.0161,1024,111
S1-1x,1506,18.251,27.80,27.79,0.0278,61757,111
S1-1x,1507,18.268,17.20,17.20,0.0172,2132,111
S1-1x,1508,18.283,15.50,15.50,0.0155,1024,111
S1-1x,1509,18.300,16.31,16.30,0.0163,2076,110
S1-1x,1510,18.316,15.80,15.80,0.0158,1024,110
S1-1x,1511,18.332,16.00,16.00,0.0160,2372,110
S1-1x,1512,18.347,15.98,15.99,0.0160,1024,110
S1-1x,1513,18.363,15.53,15.50,0.0155,1024,110
S1-1x,1514,18.388,25.18,25.20,0.0252,42322,109
S1-1x,1515,18.406,18.00,18.01,0.0180,1152,109
S1-1x,1516,18.422,16.17,16.19,0.0162,1024,109
S1-1x,1517,18.438,15.91,15.90,0.0159,1024,109
S1-1x,1518,18.454,15.40,15.40,0.0154,1024,109
S1-1x,1519,18.470,16.11,16.11,0.0161,3160,108
S1-1x,1520,18.485,15.48,15.50,0.0155,1024,108
S1-1x,1521,18.501,15.43,15.40,0.0154,1024,108
S1-1x,1522,18.516,15.59,15.61,0.0156,1900,106
S1-1x,1523,18.539,22.71,22.69,0.0227,24785,102
S1-1x,1524,18.557,17.50,17.49,0.0175,1748,102
S1-1x,1525,18.573,16.62,16.61,0.0166,1024,102
S1-1x,1526,18.591,17.47,17.48,0.0175,1828,100
S1-1x,1527,18.608,17.42,17.39,0.0174,1956,99
S1-1x,1528,18.624,15.87,15.90,0.0159,1024,99
S1-1x,1529,18.642,17.80,17.79,0.0178,3020,95
S1-1x,1530,18.659,17.53,17.50,0.0175,1024,95
S1-1x,1531,18.677,17.68,17.71,0.0177,1076,95
S1-1x,1532,18.696,18.61,18.60,0.0186,2244,95
S1-1x,1533,18.713,17.32,17.30,0.0173,1024,95
S1-1x,1534,18.729,15.82,15.80,0.0158,1024,95
S1-1x,1535,18.744,15.55,15.58,0.0155,1064,95
S1-1x,1536,18.762,17.60,17.60,0.0176,2044,94
S1-1x,1537,18.778,16.33,16.30,0.0163,1024,94
S1-1x,1538,18.794,16.06,16.10,0.0161,1024,94
S1-1x,1539,18.810,15.82,15.80,0.0158,1152,94
S1-1x,1540,18.827,17.49,17.50,0.0175,1498,93
S1-1x,1541,18.845,17.12,17.10,0.0171,3360,93
S1-1x,1542,18.861,16.39,16.40,0.0164,1024,93
S1-1x,1543,18.878,16.50,16.49,0.0165,1952,93
S1-1x,1544,18.894,16.69,16.70,0.0167,1024,93
S1-1x,1545,18.912,17.72,17.69,0.0177,4116,91
S1-1x,1546,18.928,16.48,16.49,0.0165,1024,91
S1-1x,1547,18.944,15.40,15.41,0.0154,1828,91
S1-1x,1548,18.960,15.92,15.90,0.0159,1828,91
S1-1x,1549,18.978,18.40,18.40,0.0184,1828,85
S1-1x,1550,18.996,17.59,17.60,0.0176,2218,78
S1-1x,1551,19.011,15.39,15.39,0.0154,1024,78
S1-1x,1552,19.026,15.01,15.00,0.0150,1024,78
S1-1x,1553,19.043,16.39,16.40,0.0164,1554,75
S1-1x,1554,19.058,15.49,15.50,0.0155,1240,75
S1-1x,1555,19.073,14.80,14.80,0.0148,1024,75
S1-1x,1556,19.089,15.91,15.90,0.0159,1880,74
S1-1x,1557,19.104,15.81,15.78,0.0158,1748,73
S1-1x,1558,19.119,14.78,14.81,0.0148,1024,73
S1-1x,1559,19.135,15.80,15.79,0.0158,1210,73
S1-1x,1560,19.151,16.31,16.30,0.0163,1828,68
S1-1x,1561,19.166,14.94,14.91,0.0149,1932,68
S1-1x,1562,19.182,15.48,15.49,0.0155,2476,68
S1-1x,1563,19.198,15.96,15.99,0.0160,1828,63
S1-1x,1564,19.213,15.05,15.01,0.0151,1024,63
S1-1x,1565,19.227,14.47,14.49,0.0145,1024,63
S1-1x,1566,19.242,14.30,14.30,0.0143,1024,63
S1-1x,1567,19.256,14.80,14.80,0.0148,1932,62
S1-1x,1568,19.273,16.43,16.41,0.0164,1956,52
S1-1x,1569,19.288,15.07,15.08,0.0151,1148,52
S1-1x,1570,19.303,15.13,15.12,0.0151,1024,52
S1-1x,1571,19.317,13.59,13.58,0.0136,1024,52
S1-1x,1572,19.331,13.98,14.01,0.0140,1152,52
S1-1x,1573,19.344,13.70,13.68,0.0137,1024,52
S1-1x,1574,19.358,13.51,13.51,0.0135,1024,52
S1-1x,1575,19.371,12.88,12.89,0.0129,1024,52
S1-1x,1576,19.384,13.58,13.59,0.0136,1096,52
S1-1x,1577,19.398,13.43,13.41,0.0134,1024,52
S1-1x,1578,19.412,13.91,13.91,0.0139,1972,52
S1-1x,1579,19.427,14.99,14.99,0.0150,3124,49
S1-1x,1580,19.442,14.96,14.99,0.0150,6346,47
S1-1x,1581,19.455,13.35,13.32,0.0133,1024,47
S1-1x,1582,19.469,14.27,14.29,0.0143,1828,42
S1-1x,1583,19.483,13.51,13.50,0.0135,1024,42
S1-1x,1584,19.496,13.20,13.21,0.0132,1076,42
S1-1x,1585,19.510,14.12,14.10,0.0141,2836,41
S1-1x,1586,19.524,13.69,13.71,0.0137,1828,37
S1-1x,1587,19.537,13.17,13.18,0.0132,1152,37
S1-1x,1588,19.550,12.92,12.91,0.0129,1024,37
S1-1x,1589,19.563,13.40,13.39,0.0134,2316,35
S1-1x,1590,19.577,13.79,13.80,0.0138,1828,35
S1-1x,1591,19.591,13.69,13.70,0.0137,1788,34
S1-1x,1592,19.604,13.12,13.10,0.0131,1828,34
S1-1x,1593,19.617,13.50,13.50,0.0135,1828,33
S1-1x,1594,19.630,12.58,12.59,0.0126,1024,33
S1-1x,1595,19.642,12.40,12.39,0.0124,1024,33
S1-1x,1596,19.655,12.20,12.21,0.0122,1024,33
S1-1x,1597,19.667,12.52,12.50,0.0125,1024,33
S1-1x,1598,19.679,12.19,12.20,0.0122,1024,33
S1-1x,1599,19.692,12.79,12.79,0.0128,2620,32
S1-1x,1600,19.705,12.91,12.90,0.0129,1880,32
S1-1x,1601,19.719,13.80,13.80,0.0138,1828,31
S1-1x,1602,19.731,12.51,12.50,0.0125,1024,31
S1-1x,1603,19.743,12.18,12.19,0.0122,1152,31
S1-1x,1604,19.755,11.32,11.30,0.0113,1024,31
S1-1x,1605,19.767,12.18,12.19,0.0122,1972,30
S1-1x,1606,19.779,12.01,12.01,0.0120,1828,28
S1-1x,1607,19.790,11.30,11.30,0.0113,1024,28
S1-1x,1608,19.802,11.59,11.59,0.0116,1900,26
S1-1x,1609,19.814,12.01,12.00,0.0120,1828,25
S1-1x,1610,19.826,12.00,12.00,0.0120,1828,24
S1-1x,1611,19.837,11.30,11.31,0.0113,1024,24
S1-1x,1612,19.849,11.80,11.79,0.0118,1828,22
S1-1x,1613,19.861,12.31,12.31,0.0123,1828,17
S1-1x,1614,19.874,12.37,12.38,0.0124,10052,17
S1-1x,1615,19.886,12.11,12.10,0.0121,1828,15
S1-1x,1616,19.897,11.42,11.41,0.0114,1024,15
S1-1x,1617,19.908,11.15,11.09,0.0111,1076,15
S1-1x,1618,19.920,11.87,11.89,0.0119,1024,15
S1-1x,1619,19.932,11.68,11.69,0.0117,1972,15
S1-1x,1620,19.944,11.89,11.90,0.0119,2892,15
S1-1x,1621,19.955,11.41,11.40,0.0114,1024,15
S1-1x,1622,19.966,10.84,10.80,0.0108,1024,15
S1-1x,1623,19.977,10.56,10.60,0.0106,1024,15
S1-1x,1624,19.988,11.08,11.10,0.0111,1828,15
S1-1x,1625,19.998,10.83,10.79,0.0108,1024,15
S1-1x,1626,20.009,10.18,10.20,0.0102,1024,15
S1-1x,1627,20.020,11.31,11.10,0.0113,2620,14
S1-1x,1628,20.031,10.88,11.08,0.0109,1024,14
S1-1x,1629,20.041,10.53,10.51,0.0105,1972,14
S1-1x,1630,20.052,10.50,10.49,0.0105,1024,14
S1-1x,1631,20.062,10.29,10.30,0.0103,1024,14
S1-1x,1632,20.072,9.80,9.79,0.0098,1024,14
S1-1x,1633,20.083,10.94,10.94,0.0109,1024,14
S1-1x,1634,20.093,10.37,10.36,0.0104,1024,14
S1-1x,1635,20.104,10.32,10.31,0.0103,1024,14
S1-1x,1636,20.113,9.86,9.89,0.0099,1076,14
S1-1x,1637,20.123,9.72,9.69,0.0097,1024,14
S1-1x,1638,20.133,9.69,9.73,0.0097,1024,14
S1-1x,1639,20.142,9.70,9.68,0.0097,1152,14
S1-1x,1640,20.152,9.60,9.60,0.0096,1024,14
S1-1x,1641,20.162,10.21,10.20,0.0102,2116,14
S1-1x,1642,20.173,10.51,10.51,0.0105,1024,14
S1-1x,1643,20.183,10.02,10.01,0.0100,1024,14
S1-1x,1644,20.192,8.87,8.87,0.0089,1024,14
S1-1x,1645,20.201,9.40,9.39,0.0094,1972,14
S1-1x,1646,20.210,9.00,9.00,0.0090,1024,14
S1-1x,1647,20.219,9.11,9.11,0.0091,1024,14
S1-1x,1648,20.229,9.47,9.48,0.0095,2388,14
S1-1x,1649,20.238,9.12,9.11,0.0091,1024,14
S1-1x,1650,20.247,8.90,8.90,0.0089,1024,14
S1-1x,1651,20.256,9.62,9.59,0.0096,1972,14
S1-1x,1652,20.266,9.79,9.80,0.0098,1024,14
S1-1x,1653,20.275,9.19,9.20,0.0092,1024,14
S1-1x,1654,20.284,8.77,8.78,0.0088,1024,14
S1-1x,1655,20.293,9.03,9.02,0.0090,1024,14
S1-1x,1656,20.302,8.89,8.90,0.0089,1024,14
S1-1x,1657,20.312,9.81,9.80,0.0098,2684,13
S1-1x,1658,20.321,9.49,9.50,0.0095,1076,13
S1-1x,1659,20.330,8.58,8.59,0.0086,1024,13
S1-1x,1660,20.339,9.30,9.30,0.0093,3020,13
S1-1x,1661,20.348,8.93,8.90,0.0089,1152,13
S1-1x,1662,20.357,9.28,9.30,0.0093,1748,12
S1-1x,1663,20.366,8.91,8.90,0.0089,1024,12
S1-1x,1664,20.375,8.68,8.69,0.0087,1024,12
S1-1x,1665,20.384,8.59,8.60,0.0086,1024,12
S1-1x,1666,20.392,8.32,8.30,0.0083,1024,12
S1-1x,1667,20.401,9.20,9.19,0.0092,1828,12
S1-1x,1668,20.410,8.48,8.49,0.0085,1024,12
S1-1x,1669,20.418,8.20,8.20,0.0082,1024,12
S1-1x,1670,20.426,8.11,8.10,0.0081,1024,12
S1-1x,1671,20.434,8.09,8.11,0.0081,1152,12
S1-1x,1672,20.443,9.41,9.40,0.0094,3164,12
S1-1x,1673,20.453,9.61,9.59,0.0096,2548,11
S1-1x,1674,20.463,9.68,9.70,0.0097,1964,11
S1-1x,1675,20.472,9.51,9.50,0.0095,1024,11
S1-1x,1676,20.481,8.60,8.60,0.0086,1024,11
S1-1x,1677,20.490,8.70,8.71,0.0087,1024,11
S1-1x,1678,20.498,8.82,8.80,0.0088,1024,11
S1-1x,1679,20.507,8.52,8.49,0.0085,1024,11
S1-1x,1680,20.516,9.17,9.20,0.0092,1828,11
S1-1x,1681,20.525,8.80,8.79,0.0088,1076,11
S1-1x,1682,20.533,8.60,8.61,0.0086,1024,11
S1-1x,1683,20.542,8.90,8.89,0.0089,2116,11
S1-1x,1684,20.551,8.90,8.89,0.0089,1024,11
S1-1x,1685,20.560,9.01,9.00,0.0090,1024,11
S1-1x,1686,20.569,9.11,9.11,0.0091,1024,11
S1-1x,1687,20.578,8.86,8.89,0.0089,1168,11
S1-1x,1688,20.586,8.29,8.30,0.0083,1024,11
S1-1x,1689,20.595,8.23,8.20,0.0082,1024,11
S1-1x,1690,20.603,8.39,8.40,0.0084,1024,11
S1-1x,1691,20.612,8.73,8.71,0.0087,1096,10
S1-1x,1692,20.620,8.49,8.49,0.0085,1024,10
S1-1x,1693,20.629,8.38,8.40,0.0084,1024,10
S1-1x,1694,20.637,8.30,8.28,0.0083,1152,10
S1-1x,1695,20.646,8.74,8.71,0.0087,1024,10
S1-1x,1696,20.655,9.49,9.49,0.0095,1024,10
S1-1x,1697,20.665,9.49,9.49,0.0095,1024,10
S1-1x,1698,20.675,9.89,9.90,0.0099,1900,10
S1-1x,1699,20.684,9.30,9.30,0.0093,1024,10
S1-1x,1700,20.693,8.91,8.90,0.0089,1024,10
S1-1x,1701,20.702,8.99,9.00,0.0090,1096,10
S1-1x,1702,20.710,8.60,8.60,0.0086,1024,10
S1-1x,1703,20.719,8.50,8.50,0.0085,1024,10
S1-1x,1704,20.727,8.30,8.30,0.0083,1076,10
S1-1x,1705,20.736,8.28,8.29,0.0083,1024,10
S1-1x,1706,20.744,8.30,8.30,0.0083,1024,10
S1-1x,1707,20.752,8.30,8.30,0.0083,1024,10
S1-1x,1708,20.761,9.20,9.20,0.0092,2044,10
S1-1x,1709,20.770,8.71,8.70,0.0087,1024,10
S1-1x,1710,20.779,9.18,9.20,0.0092,2620,10
S1-1x,1711,20.788,8.49,8.48,0.0085,1024,10
S1-1x,1712,20.796,8.22,8.22,0.0082,1024,10
S1-1x,1713,20.804,8.29,8.29,0.0083,1024,10
S1-1x,1714,20.812,8.10,8.10,0.0081,1024,10
S1-1x,1715,20.821,8.24,8.21,0.0082,1024,10
S1-1x,1716,20.829,7.97,8.00,0.0080,1024,10
S1-1x,1717,20.836,8.00,7.99,0.0080,1024,10
S1-1x,1718,20.845,8.49,8.50,0.0085,2116,10
S1-1x,1719,20.854,8.60,8.60,0.0086,1900,10
S1-1x,1720,20.862,8.52,8.51,0.0085,1024,10
S1-1x,1721,20.870,8.09,8.08,0.0081,1024,10
S1-1x,1722,20.879,8.48,8.49,0.0085,2548,10
S1-1x,1723,20.887,8.12,8.11,0.0081,1024,10
S1-1x,1724,20.895,8.09,8.09,0.0081,1024,10
S1-1x,1725,20.904,8.80,8.80,0.0088,2188,10
S1-1x,1726,20.913,8.91,8.90,0.0089,1972,10
S1-1x,1727,20.922,9.29,9.29,0.0093,2116,9
S1-1x,1728,20.930,8.49,8.49,0.0085,1036,9
S1-1x,1729,20.939,8.91,8.92,0.0089,1828,9
S1-1x,1730,20.948,8.49,8.49,0.0085,1024,9
S1-1x,1731,20.956,8.31,8.30,0.0083,1024,9
S1-1x,1732,20.964,8.39,8.40,0.0084,1024,9
S1-1x,1733,20.973,8.93,8.90,0.0089,2404,9
S1-1x,1734,20.982,8.38,8.39,0.0084,1152,9
S1-1x,1735,20.990,8.19,8.20,0.0082,1024,9
S1-1x,1736,20.999,9.00,9.00,0.0090,2188,9
S1-1x,1737,21.007,8.28,8.28,0.0083,1024,9
S1-1x,1738,21.016,8.33,8.31,0.0083,1024,9
S1-1x,1739,21.025,9.01,9.00,0.0090,1932,7
S1-1x,1740,21.034,9.19,9.20,0.0092,1828,6
S1-1x,1741,21.043,8.79,8.79,0.0088,1024,6
S1-1x,1742,21.052,8.93,8.92,0.0089,1828,6
S1-1x,1743,21.060,8.88,8.89,0.0089,2044,6
S1-1x,1744,21.070,9.09,9.09,0.0091,1900,6
S1-1x,1745,21.079,9.21,9.21,0.0092,1828,6
S1-1x,1746,21.088,9.61,9.60,0.0096,1972,6
S1-1x,1747,21.098,9.49,9.49,0.0095,1828,6
S1-1x,1748,21.107,8.79,8.79,0.0088,1024,6
S1-1x,1749,21.115,8.40,8.41,0.0084,1024,6
S1-1x,1750,21.124,8.91,8.90,0.0089,1900,6
S1-1x,1751,21.133,8.88,8.89,0.0089,1076,6
S1-1x,1752,21.141,8.61,8.60,0.0086,1024,6
S1-1x,1753,21.150,8.42,8.40,0.0084,1024,6
S1-1x,1754,21.158,8.49,8.50,0.0085,1024,6
S1-1x,1755,21.168,9.28,9.29,0.0093,1788,5
S1-1x,1756,21.176,8.82,8.81,0.0088,1024,5
S1-1x,1757,21.185,8.38,8.39,0.0084,1024,5
S1-1x,1758,21.193,8.43,8.40,0.0084,1024,5
S1-1x,1759,21.202,8.98,9.00,0.0090,1900,5
S1-1x,1760,21.211,8.50,8.49,0.0085,1024,5
S1-1x,1761,21.219,8.20,8.20,0.0082,1024,5
S1-1x,1762,21.227,8.20,8.20,0.0082,1024,5
S1-1x,1763,21.235,7.88,7.89,0.0079,1024,5
S1-1x,1764,21.243,8.53,8.50,0.0085,1900,5
S1-1x,1765,21.252,8.78,8.80,0.0088,1828,3
S1-1x,1766,21.261,8.41,8.41,0.0084,1024,3
S1-1x,1767,21.269,7.91,7.90,0.0079,1024,3
S1-1x,1768,21.277,7.99,8.00,0.0080,1024,3
S1-1x,1769,21.284,7.68,7.69,0.0077,1024,3
S1-1x,1770,21.292,7.81,7.80,0.0078,1024,3
S1-1x,1771,21.300,8.01,8.00,0.0080,1024,3
S1-1x,1772,21.309,8.69,8.70,0.0087,2620,3
S1-1x,1773,21.318,9.02,9.00,0.0090,2044,3
S1-1x,1774,21.327,8.89,8.90,0.0089,1748,2
S1-1x,1775,21.335,8.08,8.10,0.0081,1076,2
S1-1x,1776,21.343,8.53,8.51,0.0085,6084,1
S1-1x,1777,21.351,8.10,8.10,0.0081,984,0
S1-1x,1778,21.372,20.68,20.69,0.0207,47562,1
S1-1x,1779,21.383,11.40,11.40,0.0114,188604,2
S1-1x,1780,21.394,10.60,10.60,0.0106,188244,3
S1-1x,1781,21.404,10.31,10.30,0.0103,187440,4
S1-1x,1782,21.414,9.89,9.90,0.0099,187440,5
S1-1x,1783,21.424,9.60,9.59,0.0096,187440,6
S1-1x,1784,21.433,9.40,9.40,0.0094,94232,7
S1-1x,1785,21.442,8.63,8.61,0.0086,1024,8
S1-1x,1786,21.450,8.50,8.50,0.0085,1024,9
S1-1x,1787,21.459,8.60,8.59,0.0086,1024,9
S1-1x,1788,21.467,8.47,8.49,0.0085,1024,10
S1-1x,1789,21.476,8.61,8.61,0.0086,1024,11
S1-1x,1790,21.485,8.99,8.99,0.0090,1024,12
S1-1x,1791,21.494,8.65,8.64,0.0087,1024,13
S1-1x,1792,21.502,8.47,8.47,0.0085,1024,14
S1-1x,1793,21.510,8.20,8.20,0.0082,1024,15
S1-1x,1794,21.518,8.09,8.10,0.0081,1024,15
S1-1x,1795,21.527,8.42,8.40,0.0084,1024,16
S1-1x,1796,21.535,7.96,7.99,0.0080,1076,17
S1-1x,1797,21.543,7.91,7.91,0.0079,1024,18
S1-1x,1798,21.551,8.20,8.19,0.0082,1024,19
S1-1x,1799,21.559,8.12,8.11,0.0081,1024,19
S1-1x,1800,21.567,8.08,8.08,0.0081,1024,20
S1-1x,1801,21.576,8.39,8.41,0.0084,1024,21
S1-1x,1802,21.583,7.70,7.70,0.0077,1024,22
S1-1x,1803,21.592,8.31,8.30,0.0083,1972,23
S1-1x,1804,21.600,8.20,8.19,0.0082,1024,24
S1-1x,1805,21.607,7.71,7.71,0.0077,1024,24
S1-1x,1806,21.615,7.79,7.80,0.0078,1024,25
S1-1x,1807,21.623,8.03,8.00,0.0080,1024,26
S1-1x,1808,21.631,7.66,7.69,0.0077,1024,27
S1-1x,1809,21.639,7.69,7.70,0.0077,1024,27
S1-1x,1810,21.646,7.70,7.70,0.0077,1024,28
S1-1x,1811,21.654,7.50,7.50,0.0075,1024,29
S1-1x,1812,21.662,8.31,8.30,0.0083,1024,30
S1-1x,1813,21.670,7.80,7.79,0.0078,1024,31
S1-1x,1814,21.678,7.91,7.90,0.0079,1024,31
S1-1x,1815,21.686,7.90,7.91,0.0079,1024,32
S1-1x,1816,21.694,7.88,7.89,0.0079,1024,33
S1-1x,1817,21.702,8.14,8.12,0.0081,1024,34
S1-1x,1818,21.710,8.08,8.09,0.0081,1024,35
S1-1x,1819,21.718,7.90,7.89,0.0079,944,35
S1-1x,1820,21.726,8.21,8.20,0.0082,1096,36
S1-1x,1821,21.734,7.89,7.89,0.0079,1024,37
S1-1x,1822,21.742,7.90,7.90,0.0079,1076,38
S1-1x,1823,21.750,7.80,7.80,0.0078,1024,39
S1-1x,1824,21.758,7.99,8.00,0.0080,1024,39
S1-1x,1825,21.766,7.98,7.99,0.0080,1024,40
S1-1x,1826,21.773,7.73,7.71,0.0077,1024,41
S1-1x,1827,21.781,7.79,7.80,0.0078,1024,42
S1-1x,1828,21.789,7.69,7.68,0.0077,1024,42
S1-1x,1829,21.797,8.01,8.01,0.0080,1024,43
S1-1x,1830,21.805,7.90,7.90,0.0079,1024,44
S1-1x,1831,21.813,8.73,8.72,0.0087,2723,45
S1-1x,1832,21.821,8.08,8.08,0.0081,1024,46
S1-1x,1833,21.829,7.71,7.70,0.0077,1024,47
S1-1x,1834,21.837,7.58,7.59,0.0076,1024,47
S1-1x,1835,21.845,7.82,7.80,0.0078,1024,48
S1-1x,1836,21.852,7.48,7.50,0.0075,1024,49
S1-1x,1837,21.860,7.71,7.69,0.0077,1024,50
S1-1x,1838,21.867,7.49,7.50,0.0075,1024,50
S1-1x,1839,21.875,7.61,7.60,0.0076,1024,51
S1-1x,1840,21.883,7.67,7.69,0.0077,1168,52
S1-1x,1841,21.890,7.53,7.51,0.0075,1024,53
S1-1x,1842,21.898,7.50,7.49,0.0075,1024,53
S1-1x,1843,21.905,7.61,7.61,0.0076,1024,54
S1-1x,1844,21.913,7.58,7.59,0.0076,1024,55
S1-1x,1845,21.920,7.42,7.41,0.0074,1024,56
S1-1x,1846,21.928,7.49,7.49,0.0075,1024,56
S1-1x,1847,21.935,7.61,7.60,0.0076,1024,57
S1-1x,1848,21.943,7.60,7.60,0.0076,1076,58
S1-1x,1849,21.950,7.43,7.41,0.0074,1024,59
S1-1x,1850,21.959,8.27,8.29,0.0083,1024,59
S1-1x,1851,21.966,7.91,7.90,0.0079,1024,60
S1-1x,1852,21.974,7.89,7.89,0.0079,1024,61
S1-1x,1853,21.983,8.34,8.35,0.0083,1024,62
S1-1x,1854,21.990,7.75,7.75,0.0077,1024,63
S1-1x,1855,21.998,7.82,7.81,0.0078,1024,63
S1-1x,1856,22.006,7.81,7.79,0.0078,1024,64
S1-1x,1857,22.014,7.71,7.70,0.0077,1024,65
S1-1x,1858,22.022,8.17,7.99,0.0082,1024,66
S1-1x,1859,22.030,8.12,8.31,0.0081,1024,67
S1-1x,1860,22.038,8.20,8.20,0.0082,1024,67
S1-1x,1861,22.046,8.21,8.20,0.0082,1024,68
S1-1x,1862,22.055,7.99,8.00,0.0080,1024,69
S1-1x,1863,22.063,8.13,8.10,0.0081,1024,70
S1-1x,1864,22.071,7.97,8.00,0.0080,1024,71
S1-1x,1865,22.079,8.00,8.00,0.0080,1024,71
S1-1x,1866,22.086,7.89,7.90,0.0079,1024,72
S1-1x,1867,22.095,8.00,8.00,0.0080,1024,73
S1-1x,1868,22.102,7.81,7.80,0.0078,1024,74
S1-1x,1869,22.110,7.80,7.80,0.0078,1024,75
S1-1x,1870,22.118,7.61,7.60,0.0076,1024,75
S1-1x,1871,22.125,7.69,7.70,0.0077,1024,76
S1-1x,1872,22.133,7.72,7.69,0.0077,1024,77
S1-1x,1873,22.142,8.47,8.48,0.0085,2260,78
S1-1x,1874,22.149,7.80,7.81,0.0078,1076,79
S1-1x,1875,22.157,7.91,7.91,0.0079,1024,79
S1-1x,1876,22.165,7.79,7.79,0.0078,1024,80
S1-1x,1877,22.173,7.71,7.70,0.0077,1024,81
S1-1x,1878,22.180,7.38,7.39,0.0074,1024,82
S1-1x,1879,22.187,7.29,7.30,0.0073,1024,82
S1-1x,1880,22.196,8.04,8.01,0.0080,1024,83
S1-1x,1881,22.203,7.88,7.89,0.0079,1024,84
S1-1x,1882,22.211,7.80,7.79,0.0078,1024,85
S1-1x,1883,22.219,7.59,7.59,0.0076,1024,85
S1-1x,1884,22.226,7.52,7.50,0.0075,1024,86
S1-1x,1885,22.234,7.49,7.51,0.0075,1024,87
S1-1x,1886,22.241,7.60,7.58,0.0076,1024,88
S1-1x,1887,22.249,7.60,7.61,0.0076,1024,88
S1-1x,1888,22.257,8.40,8.40,0.0084,1024,89
S1-1x,1889,22.266,8.20,8.20,0.0082,1024,90
S1-1x,1890,22.274,8.20,8.20,0.0082,1096,91
S1-1x,1891,22.283,9.12,9.03,0.0091,1024,92
S1-1x,1892,22.291,8.08,8.16,0.0081,1024,93
S1-1x,1893,22.299,8.20,8.20,0.0082,1024,93
S1-1x,1894,22.308,8.42,8.41,0.0084,1024,94
S1-1x,1895,22.316,8.29,8.30,0.0083,1024,95
S1-1x,1896,22.325,9.01,9.00,0.0090,1972,96
S1-1x,1897,22.333,8.50,8.50,0.0085,1568,97
S1-1x,1898,22.342,8.41,8.40,0.0084,1024,98
S1-1x,1899,22.350,8.19,8.19,0.0082,1076,99
S1-1x,1900,22.358,8.22,8.21,0.0082,1024,99
S1-1x,1901,22.366,8.19,8.20,0.0082,1024,100
S1-1x,1902,22.375,8.19,8.19,0.0082,1096,101
S1-1x,1903,22.383,8.49,8.50,0.0085,2548,102
S1-1x,1904,22.391,8.33,8.30,0.0083,1024,103
S1-1x,1905,22.399,7.89,7.90,0.0079,1024,103
S1-1x,1906,22.407,7.90,7.90,0.0079,1024,104
S1-1x,1907,22.415,7.92,7.89,0.0079,1024,105
S1-1x,1908,22.423,7.87,7.89,0.0079,1024,106
S1-1x,1909,22.431,8.11,8.09,0.0081,1972,107
S1-1x,1910,22.439,8.00,8.01,0.0080,1024,107
S1-1x,1911,22.447,7.93,7.90,0.0079,1024,108
S1-1x,1912,22.455,8.09,8.10,0.0081,1024,109
S1-1x,1913,22.463,7.80,7.80,0.0078,1024,110
S1-1x,1914,22.471,7.98,7.98,0.0080,1024,111
S1-1x,1915,22.479,7.80,7.79,0.0078,1024,111
S1-1x,1916,22.486,7.69,7.70,0.0077,1024,112
S1-1x,1917,22.494,7.80,7.79,0.0078,1024,113
S1-1x,1918,22.502,7.82,7.81,0.0078,1024,114
S1-1x,1919,22.510,8.00,8.00,0.0080,1024,115
S1-1x,1920,22.518,7.80,7.80,0.0078,1024,115
S1-1x,1921,22.526,7.90,7.90,0.0079,1024,116
S1-1x,1922,22.533,7.58,7.60,0.0076,1024,117
S1-1x,1923,22.541,7.91,7.89,0.0079,1024,118
S1-1x,1924,22.549,7.71,7.71,0.0077,1024,118
S1-1x,1925,22.557,8.21,8.20,0.0082,1076,119
S1-1x,1926,22.565,8.17,8.19,0.0082,1024,120
S1-1x,1927,22.574,8.42,8.41,0.0084,1024,121
S1-1x,1928,22.582,8.17,8.18,0.0082,1024,122
S1-1x,1929,22.590,8.35,8.30,0.0084,1168,123
S1-1x,1930,22.599,8.36,8.40,0.0084,1024,123
S1-1x,1931,22.607,8.10,8.10,0.0081,1024,124
S1-1x,1932,22.615,8.21,8.20,0.0082,1152,125
S1-1x,1933,22.623,8.39,8.39,0.0084,1024,126
S1-1x,1934,22.631,8.09,8.10,0.0081,1024,127
S1-1x,1935,22.640,8.30,8.30,0.0083,1024,127
S1-1x,1936,22.648,8.63,8.61,0.0086,1024,128
S1-1x,1937,22.657,8.48,8.48,0.0085,1152,129
S1-1x,1938,22.665,8.40,8.39,0.0084,1024,130
S1-1x,1939,22.674,8.82,8.81,0.0088,1740,131
S1-1x,1940,22.683,9.27,9.29,0.0093,3268,132
S1-1x,1941,22.692,8.81,8.81,0.0088,1024,133
S1-1x,1942,22.700,8.20,8.19,0.0082,1024,134
S1-1x,1943,22.709,8.42,8.41,0.0084,1024,134
S1-1x,1944,22.717,8.30,8.30,0.0083,1024,135
S1-1x,1945,22.725,8.28,8.29,0.0083,1024,136
S1-1x,1946,22.734,8.97,8.98,0.0090,2516,137
S1-1x,1947,22.743,8.53,8.52,0.0085,1024,138
S1-1x,1948,22.752,8.80,8.79,0.0088,1972,139
S1-1x,1949,22.760,8.48,8.49,0.0085,1076,140
S1-1x,1950,22.768,8.22,8.22,0.0082,1024,140
S1-1x,1951,22.776,8.19,8.19,0.0082,1024,141
S1-1x,1952,22.785,8.08,8.09,0.0081,1024,142
S1-1x,1953,22.793,8.12,8.10,0.0081,1024,143
S1-1x,1954,22.801,8.10,8.10,0.0081,1024,144
S1-1x,1955,22.809,8.09,8.09,0.0081,1024,144
S1-1x,1956,22.817,8.30,8.30,0.0083,1152,145
S1-1x,1957,22.825,8.13,8.10,0.0081,1024,146
S1-1x,1958,22.833,7.86,7.89,0.0079,1024,147
S1-1x,1959,22.841,8.02,8.00,0.0080,1024,148
S1-1x,1960,22.850,8.70,8.70,0.0087,1024,148
S1-1x,1961,22.859,8.81,8.81,0.0088,1152,149
S1-1x,1962,22.867,8.60,8.59,0.0086,1024,150
S1-1x,1963,22.877,9.32,9.30,0.0093,2044,151
S1-1x,1964,22.886,8.96,9.00,0.0090,1024,152
S1-1x,1965,22.894,8.73,8.71,0.0087,1024,153
S1-1x,1966,22.903,8.60,8.59,0.0086,1024,154
S1-1x,1967,22.913,9.88,9.90,0.0099,5636,155
S1-1x,1968,22.922,9.09,9.09,0.0091,1024,156
S1-1x,1969,22.931,9.22,9.21,0.0092,1024,157
S1-1x,1970,22.940,8.87,8.89,0.0089,1024,157
S1-1x,1971,22.949,8.94,8.92,0.0089,1024,158
S1-1x,1972,22.958,8.99,8.99,0.0090,1024,159
S1-1x,1973,22.967,8.89,8.89,0.0089,1076,160
S1-1x,1974,22.975,8.69,8.68,0.0087,1024,161
S1-1x,1975,22.985,9.22,9.22,0.0092,1972,162
S1-1x,1976,22.994,8.99,8.99,0.0090,1024,163
S1-1x,1977,23.002,8.70,8.69,0.0087,1024,164
S1-1x,1978,23.011,8.80,8.80,0.0088,1024,165
S1-1x,1979,23.020,8.90,8.91,0.0089,1152,165
S1-1x,1980,23.030,9.59,9.59,0.0096,1828,166
S1-1x,1981,23.039,9.42,9.40,0.0094,1024,167
S1-1x,1982,23.048,9.20,9.20,0.0092,1024,168
S1-1x,1983,23.057,9.11,9.11,0.0091,1024,169
S1-1x,1984,23.067,9.18,9.19,0.0092,1152,170
S1-1x,1985,23.075,8.80,8.80,0.0088,1024,171
S1-1x,1986,23.084,8.71,8.70,0.0087,1024,172
S1-1x,1987,23.093,8.83,8.80,0.0088,1024,173
S1-1x,1988,23.102,9.10,9.11,0.0091,1024,174
S1-1x,1989,23.111,8.98,8.98,0.0090,1024,175
S1-1x,1990,23.120,8.90,8.89,0.0089,1024,175
S1-1x,1991,23.129,8.99,9.00,0.0090,1024,176
S1-1x,1992,23.139,9.69,9.70,0.0097,1972,177
S1-1x,1993,23.148,9.82,9.81,0.0098,1024,178
S1-1x,1994,23.159,10.19,10.19,0.0102,1828,179
S1-1x,1995,23.168,9.60,9.60,0.0096,1076,180
S1-1x,1996,23.178,10.19,10.20,0.0102,1828,181
S1-1x,1997,23.188,9.80,9.80,0.0098,1024,182
S1-1x,1998,23.198,9.71,9.70,0.0097,1024,183
S1-1x,1999,23.208,9.71,9.69,0.0097,1024,184
S1-1x,2000,23.218,10.39,10.41,0.0104,2260,184
S1-1x,2001,23.229,10.60,10.59,0.0106,1932,185
S1-1x,2002,23.239,10.18,10.19,0.0102,1096,186
S1-1x,2003,23.249,10.11,10.11,0.0101,1024,187
S1-1x,2004,23.259,10.01,10.00,0.0100,1064,188
S1-1x,2005,23.269,9.79,9.80,0.0098,984,189
S1-1x,2006,23.279,9.99,10.00,0.0100,1024,190
S1-1x,2007,23.289,9.79,9.80,0.0098,1024,191
S1-1x,2008,23.298,9.81,9.80,0.0098,1024,192
S1-1x,2009,23.309,10.31,10.29,0.0103,2188,193
S1-1x,2010,23.319,10.10,10.10,0.0101,1024,194
S1-1x,2011,23.329,10.70,10.71,0.0107,2476,195
S1-1x,2012,23.340,11.00,10.99,0.0110,1828,195
S1-1x,2013,23.351,10.31,10.32,0.0103,904,196
S1-1x,2014,23.361,10.11,10.10,0.0101,1024,197
S1-1x,2015,23.372,10.70,10.69,0.0107,1880,198
S1-1x,2016,23.382,10.19,10.20,0.0102,1024,200
S1-1x,2017,23.392,10.41,10.40,0.0104,2044,201
S1-1x,2018,23.403,10.48,10.49,0.0105,1828,202
S1-1x,2019,23.413,10.50,10.49,0.0105,1828,203
S1-1x,2020,23.424,10.63,10.60,0.0106,1828,204
S1-1x,2021,23.434,9.98,10.00,0.0100,984,205
S1-1x,2022,23.443,9.69,9.69,0.0097,1024,206
S1-1x,2023,23.454,10.21,10.19,0.0102,1024,207
S1-1x,2024,23.464,10.10,10.10,0.0101,1024,208
S1-1x,2025,23.474,10.11,10.10,0.0101,1024,209
S1-1x,2026,23.484,10.69,10.70,0.0107,1972,209
S1-1x,2027,23.495,10.50,10.50,0.0105,1056,210
S1-1x,2028,23.506,11.03,11.01,0.0110,1972,211
S1-1x,2029,23.517,10.80,10.80,0.0108,1168,212
S1-1x,2030,23.527,10.48,10.48,0.0105,1024,213
S1-1x,2031,23.537,10.09,10.10,0.0101,1024,214
S1-1x,2032,23.548,10.41,10.41,0.0104,1024,215
S1-1x,2033,23.558,10.09,10.08,0.0101,1024,216
S1-1x,2034,23.569,10.84,10.82,0.0108,2476,217
S1-1x,2035,23.579,10.68,10.68,0.0107,1076,218
S1-1x,2036,23.590,10.38,10.39,0.0104,1064,219
S1-1x,2037,23.600,10.70,10.70,0.0107,1972,220
S1-1x,2038,23.611,10.51,10.51,0.0105,1024,221
S1-1x,2039,23.621,10.20,10.19,0.0102,1024,222
S1-1x,2040,23.631,10.00,9.99,0.0100,1024,223
S1-1x,2041,23.641,10.17,10.18,0.0102,1024,224
S1-1x,2042,23.652,10.62,10.61,0.0106,1828,225
S1-1x,2043,23.662,10.50,10.51,0.0105,1024,227
S1-1x,2044,23.673,10.91,10.90,0.0109,1972,228
S1-1x,2045,23.684,10.51,10.49,0.0105,1024,229
S1-1x,2046,23.694,10.29,10.30,0.0103,1024,230
S1-1x,2047,23.705,10.70,10.70,0.0107,1972,231
S1-1x,2048,23.715,10.12,10.11,0.0101,1024,232
S1-1x,2049,23.725,10.08,10.08,0.0101,1024,233
S1-1x,2050,23.735,9.51,9.50,0.0095,1024,234
S1-1x,2051,23.746,11.39,11.41,0.0114,2938,234
S1-1x,2052,23.757,10.51,10.49,0.0105,1024,235
S1-1x,2053,23.767,10.57,10.59,0.0106,1024,236
S1-1x,2054,23.778,10.72,10.70,0.0107,1024,237
S1-1x,2055,23.789,11.08,11.08,0.0111,1952,238
S1-1x,2056,23.800,10.71,10.71,0.0107,1024,239
S1-1x,2057,23.810,10.61,10.60,0.0106,1024,240
S1-1x,2058,23.821,11.22,11.20,0.0112,1972,241
S1-1x,2059,23.833,11.71,11.69,0.0117,2044,243
S1-1x,2060,23.844,11.01,11.01,0.0110,1024,244
S1-1x,2061,23.855,10.86,10.88,0.0109,1024,245
S1-1x,2062,23.866,11.02,11.01,0.0110,2188,246
S1-1x,2063,23.877,10.59,10.59,0.0106,1024,247
S1-1x,2064,23.887,10.47,10.49,0.0105,1024,248
S1-1x,2065,23.898,10.43,10.41,0.0104,1024,249
S1-1x,2066,23.908,10.28,10.29,0.0103,1024,250
S1-1x,2067,23.919,11.00,10.99,0.0110,1714,251
S1-1x,2068,23.929,10.42,10.41,0.0104,1024,252
S1-1x,2069,23.939,10.28,10.30,0.0103,1024,253
S1-1x,2070,23.950,10.23,10.20,0.0102,1024,254
S1-1x,2071,23.960,10.28,10.28,0.0103,1024,255
S1-1x,2072,23.970,10.09,10.10,0.0101,1024,256
S1-1x,2073,23.981,10.45,10.42,0.0104,1024,257
S1-1x,2074,23.990,9.94,9.97,0.0099,1076,258
S1-1x,2075,24.001,10.15,10.11,0.0102,1024,259
S1-1x,2076,24.012,10.86,10.90,0.0109,2044,260
S1-1x,2077,24.022,10.62,10.39,0.0106,1024,262
S1-1x,2078,24.033,10.64,10.87,0.0106,1024,263
S1-1x,2079,24.044,10.92,10.93,0.0109,1096,264
S1-1x,2080,24.056,11.83,11.80,0.0118,2044,265
S1-1x,2081,24.067,11.18,11.20,0.0112,1024,266
S1-1x,2082,24.077,10.69,10.69,0.0107,1024,267
S1-1x,2083,24.088,10.80,10.80,0.0108,1024,268
S1-1x,2084,24.099,10.61,10.61,0.0106,1024,269
S1-1x,2085,24.110,10.72,10.70,0.0107,1024,270
S1-1x,2086,24.120,10.68,10.69,0.0107,1024,271
S1-1x,2087,24.131,10.49,10.49,0.0105,1024,272
S1-1x,2088,24.142,11.70,11.70,0.0117,2620,272
S1-1x,2089,24.153,10.90,10.90,0.0109,984,274
S1-1x,2090,24.164,10.63,10.61,0.0106,1024,275
S1-1x,2091,24.174,10.47,10.49,0.0105,1024,276
S1-1x,2092,24.184,10.08,10.08,0.0101,1024,277
S1-1x,2093,24.194,10.02,10.01,0.0100,1076,278
S1-1x,2094,24.205,10.20,10.20,0.0102,1024,279
S1-1x,2095,24.215,10.22,10.21,0.0102,1024,280
S1-1x,2096,24.227,11.79,11.79,0.0118,1498,281
S1-1x,2097,24.237,10.48,10.50,0.0105,1024,282
S1-1x,2098,24.248,10.81,10.80,0.0108,1210,283
S1-1x,2099,24.258,10.00,10.00,0.0100,1024,284
S1-1x,2100,24.268,10.12,10.10,0.0101,1024,285
S1-1x,2101,24.278,10.06,10.09,0.0101,1024,286
S1-1x,2102,24.288,9.89,9.90,0.0099,1024,287
S1-1x,2103,24.300,11.52,11.51,0.0115,3628,285
S1-1x,2104,24.310,10.30,10.30,0.0103,944,286
S1-1x,2105,24.320,10.10,10.09,0.0101,1024,287
S1-1x,2106,24.330,10.10,10.11,0.0101,1024,288
S1-1x,2107,24.341,11.28,11.29,0.0113,1972,289
S1-1x,2108,24.352,10.72,10.69,0.0107,1024,290
S1-1x,2109,24.363,11.40,11.40,0.0114,2044,292
S1-1x,2110,24.375,11.72,11.69,0.0117,1828,293
S1-1x,2111,24.387,11.47,11.49,0.0115,2188,291
S1-1x,2112,24.398,10.82,10.81,0.0108,996,292
S1-1x,2113,24.408,10.79,10.80,0.0108,1024,293
S1-1x,2114,24.419,10.81,10.80,0.0108,1024,294
S1-1x,2115,24.430,10.41,10.40,0.0104,1024,295
S1-1x,2116,24.441,11.46,11.48,0.0115,2332,294
S1-1x,2117,24.452,11.20,11.19,0.0112,1828,295
S1-1x,2118,24.463,10.51,10.50,0.0105,1024,297
S1-1x,2119,24.473,10.42,10.41,0.0104,1024,298
S1-1x,2120,24.483,10.20,10.19,0.0102,1024,299
S1-1x,2121,24.494,10.43,10.39,0.0104,1828,299
S1-1x,2122,24.504,10.55,10.59,0.0106,944,299
S1-1x,2123,24.515,11.12,11.12,0.0111,1828,300
S1-1x,2124,24.526,10.49,10.49,0.0105,1024,301
S1-1x,2125,24.536,9.99,9.99,0.0100,1024,302
S1-1x,2126,24.547,10.71,10.71,0.0107,2044,303
S1-1x,2127,24.557,10.71,10.70,0.0107,1024,304
S1-1x,2128,24.568,10.69,10.69,0.0107,1828,305
S1-1x,2129,24.579,10.61,10.61,0.0106,1024,306
S1-1x,2130,24.590,11.01,10.99,0.0110,2116,306
S1-1x,2131,24.600,10.32,10.30,0.0103,1036,307
S1-1x,2132,24.611,11.37,11.38,0.0114,1828,296
S1-1x,2133,24.622,10.61,10.60,0.0106,944,297
S1-1x,2134,24.632,10.57,10.59,0.0106,1828,299
S1-1x,2135,24.643,11.04,11.02,0.0110,1024,300
S1-1x,2136,24.655,11.59,11.60,0.0116,2620,296
S1-1x,2137,24.666,11.29,11.29,0.0113,1748,296
S1-1x,2138,24.677,11.08,11.09,0.0111,1024,297
S1-1x,2139,24.688,10.50,10.51,0.0105,1024,298
S1-1x,2140,24.699,10.71,10.69,0.0107,1024,299
S1-1x,2141,24.710,11.70,11.71,0.0117,1828,283
S1-1x,2142,24.722,11.32,11.30,0.0113,944,284
S1-1x,2143,24.732,10.69,10.69,0.0107,1024,286
S1-1x,2144,24.743,10.49,10.49,0.0105,1024,287
S1-1x,2145,24.754,11.52,11.50,0.0115,2116,285
S1-1x,2146,24.765,10.68,10.69,0.0107,1024,286
S1-1x,2147,24.775,10.20,10.20,0.0102,1024,287
S1-1x,2148,24.786,10.28,10.29,0.0103,1024,288
S1-1x,2149,24.796,10.02,10.00,0.0100,1024,289
S1-1x,2150,24.806,10.23,10.21,0.0102,1076,290
S1-1x,2151,24.816,10.06,10.09,0.0101,1024,291
S1-1x,2152,24.826,10.50,10.50,0.0105,1892,291
S1-1x,2153,24.836,9.68,9.69,0.0097,1024,292
S1-1x,2154,24.846,9.62,9.61,0.0096,1064,293
S1-1x,2155,24.855,9.60,9.60,0.0096,1016,293
S1-1x,2156,24.865,9.74,9.70,0.0097,1024,294
S1-1x,2157,24.875,9.88,9.90,0.0099,1024,295
S1-1x,2158,24.884,9.51,9.49,0.0095,1024,296
S1-1x,2159,24.894,9.37,9.39,0.0094,1024,297
S1-1x,2160,24.903,9.49,9.49,0.0095,1024,298
S1-1x,2161,24.913,9.40,9.40,0.0094,1024,299
S1-1x,2162,24.922,9.42,9.41,0.0094,1024,300
S1-1x,2163,24.931,9.27,9.29,0.0093,1024,301
S1-1x,2164,24.942,10.19,10.20,0.0102,1024,301
S1-1x,2165,24.952,9.92,9.90,0.0099,1024,303
S1-1x,2166,24.962,10.14,10.11,0.0101,1024,304
S1-1x,2167,24.972,9.97,9.99,0.0100,1024,305
S1-1x,2168,24.982,10.59,10.60,0.0106,2188,306
S1-1x,2169,24.992,10.08,10.07,0.0101,1024,307
S1-1x,2170,25.002,10.13,10.11,0.0101,1096,308
S1-1x,2171,25.012,9.88,9.89,0.0099,1076,309
S1-1x,2172,25.023,10.71,10.71,0.0107,1828,310
S1-1x,2173,25.033,10.39,10.39,0.0104,1024,311
S1-1x,2174,25.044,10.73,10.69,0.0107,1024,312
S1-1x,2175,25.054,10.08,10.10,0.0101,1024,313
S1-1x,2176,25.064,9.80,9.80,0.0098,1024,314
S1-1x,2177,25.074,9.70,9.70,0.0097,1024,315
S1-1x,2178,25.083,9.79,9.80,0.0098,1024,316
S1-1x,2179,25.093,9.74,9.71,0.0097,1024,317
S1-1x,2180,25.103,10.01,9.99,0.0100,1024,318
S1-1x,2181,25.114,10.25,10.28,0.0103,1972,319
S1-1x,2182,25.124,10.60,10.60,0.0106,2476,319
S1-1x,2183,25.135,11.09,11.09,0.0111,2436,319
S1-1x,2184,25.146,10.39,10.39,0.0104,984,320
S1-1x,2185,25.156,10.11,10.11,0.0101,1024,321
S1-1x,2186,25.166,10.12,10.11,0.0101,1024,322
S1-1x,2187,25.176,9.98,9.99,0.0100,1024,323
S1-1x,2188,25.186,9.89,9.89,0.0099,1024,324
S1-1x,2189,25.196,9.90,9.90,0.0099,1024,325
S1-1x,2190,25.206,10.72,10.70,0.0107,2116,324
S1-1x,2191,25.217,10.78,10.80,0.0108,2128,324
S1-1x,2192,25.227,10.31,10.31,0.0103,984,325
S1-1x,2193,25.238,10.69,10.69,0.0107,1024,326
S1-1x,2194,25.249,10.89,10.89,0.0109,1024,327
S1-1x,2195,25.260,10.82,10.82,0.0108,1024,328
S1-1x,2196,25.270,10.61,10.60,0.0106,1024,329
S1-1x,2197,25.282,11.67,11.69,0.0117,2188,330
S1-1x,2198,25.293,10.95,10.92,0.0109,1024,332
S1-1x,2199,25.304,10.76,10.77,0.0108,1024,333
S1-1x,2200,25.315,10.70,10.71,0.0107,1024,334
S1-1x,2201,25.326,11.20,11.19,0.0112,2116,335
S1-1x,2202,25.337,10.88,10.89,0.0109,1024,336
S1-1x,2203,25.347,10.44,10.41,0.0104,1024,337
S1-1x,2204,25.358,10.89,10.90,0.0109,2620,337
S1-1x,2205,25.369,10.92,10.91,0.0109,1024,338
S1-1x,2206,25.379,10.59,10.59,0.0106,1024,339
S1-1x,2207,25.390,10.26,10.29,0.0103,1024,340
S1-1x,2208,25.400,10.12,10.10,0.0101,1024,341
S1-1x,2209,25.410,10.14,10.10,0.0101,1024,342
S1-1x,2210,25.420,10.14,10.18,0.0101,1076,343
S1-1x,2211,25.431,10.42,10.40,0.0104,1064,344
S1-1x,2212,25.442,11.70,11.71,0.0117,3052,344
S1-1x,2213,25.453,10.45,10.40,0.0105,984,346
S1-1x,2214,25.464,11.16,11.19,0.0112,1828,347
S1-1x,2215,25.475,10.99,10.99,0.0110,1828,348
S1-1x,2216,25.485,10.71,10.70,0.0107,1024,349
S1-1x,2217,25.496,10.30,10.30,0.0103,1024,350
S1-1x,2218,25.507,10.91,10.90,0.0109,2116,350
S1-1x,2219,25.517,10.62,10.64,0.0106,984,351
S1-1x,2220,25.528,10.69,10.67,0.0107,1972,351
S1-1x,2221,25.539,11.37,11.38,0.0114,1130,349
S1-1x,2222,25.551,11.39,11.40,0.0114,1788,349
S1-1x,2223,25.562,10.91,10.90,0.0109,984,350
S1-1x,2224,25.573,10.89,10.90,0.0109,1024,352
S1-1x,2225,25.583,10.78,10.79,0.0108,1024,353
S1-1x,2226,25.594,10.92,10.91,0.0109,1024,354
S1-1x,2227,25.605,11.00,11.01,0.0110,1024,355
S1-1x,2228,25.617,11.49,11.48,0.0115,1828,356
S1-1x,2229,25.628,11.11,11.10,0.0111,1076,357
S1-1x,2230,25.639,10.78,10.80,0.0108,1024,358
S1-1x,2231,25.649,10.61,10.61,0.0106,1024,359
S1-1x,2232,25.660,10.69,10.69,0.0107,1024,360
S1-1x,2233,25.671,10.52,10.49,0.0105,1024,361
S1-1x,2234,25.681,10.39,10.41,0.0104,1024,362
S1-1x,2235,25.691,10.40,10.40,0.0104,1024,363
S1-1x,2236,25.702,10.31,10.30,0.0103,1024,364
S1-1x,2237,25.712,10.18,10.19,0.0102,1024,366
S1-1x,2238,25.722,10.11,10.10,0.0101,1024,367
S1-1x,2239,25.732,10.20,10.20,0.0102,1168,368
S1-1x,2240,25.742,10.10,10.11,0.0101,1024,369
S1-1x,2241,25.752,10.13,10.10,0.0101,1168,370
S1-1x,2242,25.762,10.08,10.09,0.0101,1024,371
S1-1x,2243,25.773,10.12,10.11,0.0101,1024,372
S1-1x,2244,25.783,10.68,10.70,0.0107,2076,372
S1-1x,2245,25.793,10.20,10.19,0.0102,1024,373
S1-1x,2246,25.804,11.01,11.01,0.0110,2244,374
S1-1x,2247,25.815,10.30,10.29,0.0103,1024,375
S1-1x,2248,25.825,10.20,10.19,0.0102,1024,376
S1-1x,2249,25.836,10.79,10.81,0.0108,1076,377
S1-1x,2250,25.846,10.63,10.61,0.0106,1024,378
S1-1x,2251,25.858,11.58,11.59,0.0116,2548,378
S1-1x,2252,25.869,11.10,11.10,0.0111,1024,379
S1-1x,2253,25.880,10.93,10.90,0.0109,1024,380
S1-1x,2254,25.892,11.80,11.81,0.0118,3196,381
S1-1x,2255,25.903,11.49,11.49,0.0115,1024,383
S1-1x,2256,25.914,11.11,11.10,0.0111,1024,384
S1-1x,2257,25.925,11.19,11.19,0.0112,1024,385
S1-1x,2258,25.937,11.93,11.91,0.0119,1828,386
S1-1x,2259,25.948,10.98,10.99,0.0110,1024,387
S1-1x,2260,25.959,10.70,10.70,0.0107,1024,388
S1-1x,2261,25.970,10.82,10.81,0.0108,1024,389
S1-1x,2262,25.981,11.51,11.49,0.0115,3052,390
S1-1x,2263,25.992,10.96,10.98,0.0110,1024,392
S1-1x,2264,26.003,10.91,10.92,0.0109,1024,393
S1-1x,2265,26.014,11.11,11.10,0.0111,1152,394
S1-1x,2266,26.026,11.51,11.29,0.0115,2116,395
S1-1x,2267,26.037,10.97,11.20,0.0110,996,396
S1-1x,2268,26.048,10.73,10.71,0.0107,1024,397
S1-1x,2269,26.058,10.58,10.60,0.0106,1024,398
S1-1x,2270,26.069,10.51,10.51,0.0105,1024,399
S1-1x,2271,26.080,11.38,11.38,0.0114,1972,400
S1-1x,2272,26.091,10.71,10.70,0.0107,1024,401
S1-1x,2273,26.102,11.21,11.20,0.0112,1828,402
S1-1x,2274,26.114,11.91,11.90,0.0119,1210,402
S1-1x,2275,26.126,11.78,11.79,0.0118,1828,399
S1-1x,2276,26.137,11.17,11.19,0.0112,984,400
S1-1x,2277,26.148,11.34,11.31,0.0113,1024,401
S1-1x,2278,26.159,11.09,11.09,0.0111,1024,402
S1-1x,2279,26.172,12.22,12.20,0.0122,1828,399
S1-1x,2280,26.183,11.26,11.29,0.0113,1024,401
S1-1x,2281,26.195,12.41,12.40,0.0124,1210,396
S1-1x,2282,26.207,12.00,12.00,0.0120,1828,397
S1-1x,2283,26.220,12.39,12.38,0.0124,1828,389
S1-1x,2284,26.231,11.30,11.30,0.0113,1024,390
S1-1x,2285,26.242,10.69,10.69,0.0107,1076,391
S1-1x,2286,26.252,10.81,10.81,0.0108,1024,393
S1-1x,2287,26.263,11.11,11.10,0.0111,1852,393
S1-1x,2288,26.275,11.83,11.80,0.0118,1972,385
S1-1x,2289,26.286,10.89,10.90,0.0109,1024,386
S1-1x,2290,26.297,10.30,10.30,0.0103,1024,387
S1-1x,2291,26.308,11.58,11.58,0.0116,2116,374
S1-1x,2292,26.320,11.61,11.60,0.0116,2388,368
S1-1x,2293,26.330,10.51,10.50,0.0105,984,369
S1-1x,2294,26.341,10.82,10.81,0.0108,1828,364
S1-1x,2295,26.352,11.06,11.07,0.0111,1668,364
S1-1x,2296,26.362,10.31,10.30,0.0103,1024,366
S1-1x,2297,26.372,10.00,9.99,0.0100,1024,367
S1-1x,2298,26.382,10.01,10.00,0.0100,1024,368
S1-1x,2299,26.392,9.88,9.89,0.0099,1024,369
S1-1x,2300,26.402,9.94,9.92,0.0099,1024,370
S1-1x,2301,26.412,9.67,9.68,0.0097,1024,371
S1-1x,2302,26.422,10.40,10.40,0.0104,1024,372
S1-1x,2303,26.433,10.31,10.30,0.0103,1024,373
S1-1x,2304,26.443,10.19,10.20,0.0102,1076,374
S1-1x,2305,26.453,9.99,9.99,0.0100,1024,375
S1-1x,2306,26.463,9.91,9.90,0.0099,1024,376
S1-1x,2307,26.473,10.20,10.20,0.0102,1024,377
S1-1x,2308,26.483,10.00,9.99,0.0100,1024,378
S1-1x,2309,26.493,10.21,10.21,0.0102,1024,379
S1-1x,2310,26.503,10.28,10.28,0.0103,1024,380
S1-1x,2311,26.514,10.34,10.32,0.0103,1024,381
S1-1x,2312,26.524,10.27,10.28,0.0103,1024,382
S1-1x,2313,26.534,10.02,10.00,0.0100,1024,383
S1-1x,2314,26.544,9.98,9.99,0.0100,1024,384
S1-1x,2315,26.554,10.01,10.01,0.0100,1024,385
S1-1x,2316,26.565,10.58,10.58,0.0106,1152,386
S1-1x,2317,26.575,10.02,10.01,0.0100,1024,387
S1-1x,2318,26.584,9.88,9.89,0.0099,1024,388
S1-1x,2319,26.594,9.70,9.70,0.0097,1024,389
S1-1x,2320,26.605,10.50,10.51,0.0105,1972,390
S1-1x,2321,26.615,10.00,10.00,0.0100,1064,391
S1-1x,2322,26.624,9.80,9.80,0.0098,1024,392
S1-1x,2323,26.634,9.63,9.61,0.0096,1024,393
S1-1x,2324,26.644,9.98,9.99,0.0100,1076,394
S1-1x,2325,26.654,9.70,9.70,0.0097,1024,395
S1-1x,2326,26.663,9.58,9.58,0.0096,1024,396
S1-1x,2327,26.673,9.72,9.71,0.0097,1024,397
S1-1x,2328,26.683,9.81,9.80,0.0098,1024,398
S1-1x,2329,26.693,9.59,9.59,0.0096,1024,399
S1-1x,2330,26.702,9.61,9.60,0.0096,1024,400
S1-1x,2331,26.712,9.50,9.51,0.0095,1024,401
S1-1x,2332,26.722,10.29,10.29,0.0103,1024,402
S1-1x,2333,26.732,10.39,10.39,0.0104,1972,403
S1-1x,2334,26.742,10.12,10.10,0.0101,1024,404
S1-1x,2335,26.753,10.23,10.21,0.0102,1024,405
S1-1x,2336,26.763,10.19,10.19,0.0102,1024,406
S1-1x,2337,26.774,10.89,10.89,0.0109,1152,407
S1-1x,2338,26.784,10.09,10.09,0.0101,1068,408
S1-1x,2339,26.794,10.24,10.22,0.0102,1024,409
S1-1x,2340,26.804,10.18,10.18,0.0102,1024,410
S1-1x,2341,26.814,10.09,10.09,0.0101,1024,411
S1-1x,2342,26.826,11.40,11.40,0.0114,6020,412
S1-1x,2343,26.837,11.39,11.39,0.0114,2116,413
S1-1x,2344,26.848,11.20,11.19,0.0112,1840,413
S1-1x,2345,26.859,10.92,10.91,0.0109,1024,414
S1-1x,2346,26.870,10.59,10.59,0.0106,1024,415
S1-1x,2347,26.880,10.42,10.41,0.0104,1024,416
S1-1x,2348,26.891,10.66,10.68,0.0107,1828,417
S1-1x,2349,26.902,10.66,10.61,0.0107,1024,418
S1-1x,2350,26.912,10.47,10.49,0.0105,1024,420
S1-1x,2351,26.922,10.30,10.31,0.0103,1024,421
S1-1x,2352,26.933,10.29,10.28,0.0103,1024,422
S1-1x,2353,26.943,10.20,10.20,0.0102,1024,423
S1-1x,2354,26.953,10.21,10.21,0.0102,984,424
S1-1x,2355,26.963,10.21,10.20,0.0102,1024,425
S1-1x,2356,26.975,11.69,11.68,0.0117,1956,426
S1-1x,2357,26.986,11.58,11.59,0.0116,1828,426
S1-1x,2358,26.998,11.10,11.09,0.0111,1788,427
S1-1x,2359,27.008,10.71,10.71,0.0107,1024,428
S1-1x,2360,27.019,11.13,11.10,0.0111,1024,429
S1-1x,2361,27.031,11.08,11.10,0.0111,1024,430
S1-1x,2362,27.043,12.19,12.19,0.0122,1828,429
S1-1x,2363,27.055,12.21,12.20,0.0122,1760,429
S1-1x,2364,27.066,11.43,11.41,0.0114,904,430
S1-1x,2365,27.078,11.87,11.88,0.0119,1828,430
S1-1x,2366,27.090,11.90,11.91,0.0119,1024,431
S1-1x,2367,27.102,11.72,11.70,0.0117,1024,432
S1-1x,2368,27.113,11.59,11.59,0.0116,1024,434
S1-1x,2369,27.125,12.08,12.09,0.0121,1972,435
S1-1x,2370,27.137,11.81,11.80,0.0118,1024,436
S1-1x,2371,27.149,11.81,11.81,0.0118,1024,437
S1-1x,2372,27.160,11.28,11.29,0.0113,1024,438
S1-1x,2373,27.172,11.40,11.40,0.0114,1024,439
S1-1x,2374,27.183,11.41,11.40,0.0114,1024,441
S1-1x,2375,27.195,12.22,12.20,0.0122,1748,441
S1-1x,2376,27.208,12.77,12.79,0.0128,1828,442
S1-1x,2377,27.220,11.60,11.60,0.0116,1024,443
S1-1x,2378,27.231,11.11,11.10,0.0111,1024,444
S1-1x,2379,27.242,11.57,11.58,0.0116,1828,445
S1-1x,2380,27.255,12.26,12.22,0.0123,1972,447
S1-1x,2381,27.268,13.36,13.38,0.0134,1076,448
S1-1x,2382,27.282,13.94,13.91,0.0139,1828,449
S1-1x,2383,27.295,13.18,13.19,0.0132,1024,451
S1-1x,2384,27.309,13.47,13.48,0.0135,1828,452
S1-1x,2385,27.324,15.09,15.10,0.0151,7786,452
S1-1x,2386,27.337,13.29,13.30,0.0133,1828,450
S1-1x,2387,27.351,13.84,13.81,0.0138,4852,451
S1-1x,2388,27.367,15.93,15.90,0.0159,9891,451
S1-1x,2389,27.380,13.05,13.08,0.0130,1168,453
S1-1x,2390,27.393,13.01,13.00,0.0130,1024,454
S1-1x,2391,27.406,13.60,13.60,0.0136,1972,456
S1-1x,2392,27.420,13.39,13.39,0.0134,1828,457
S1-1x,2393,27.434,14.39,14.40,0.0144,4272,456
S1-1x,2394,27.450,16.12,16.10,0.0161,7818,457
S1-1x,2395,27.467,16.22,16.19,0.0162,13684,458
S1-1x,2396,27.480,13.39,13.39,0.0134,1076,460
S1-1x,2397,27.493,13.28,13.30,0.0133,1024,461
S1-1x,2398,27.509,15.22,15.21,0.0152,1956,463
S1-1x,2399,27.524,15.61,15.60,0.0156,6716,464
S1-1x,2400,27.541,16.59,16.59,0.0166,11604,466
S1-1x,2401,27.554,13.60,13.61,0.0136,1024,467
S1-1x,2402,27.568,13.81,13.80,0.0138,1152,469
S1-1x,2403,27.583,14.74,14.73,0.0147,1828,470
S1-1x,2404,27.598,15.13,15.14,0.0151,4272,471
S1-1x,2405,27.611,13.32,13.32,0.0133,944,472
S1-1x,2406,27.627,15.91,15.90,0.0159,10874,473
S1-1x,2407,27.641,14.08,14.10,0.0141,1708,474
S1-1x,2408,27.655,14.13,14.10,0.0141,1972,475
S1-1x,2409,27.671,15.19,15.19,0.0152,1828,477
S1-1x,2410,27.685,14.77,14.79,0.0148,2298,478
S1-1x,2411,27.701,15.95,15.92,0.0159,6716,480
S1-1x,2412,27.716,15.07,15.08,0.0151,1956,481
S1-1x,2413,27.731,14.78,14.79,0.0148,1828,483
S1-1x,2414,27.747,16.09,16.10,0.0161,8356,484
S1-1x,2415,27.762,14.92,14.91,0.0149,1828,484
S1-1x,2416,27.778,16.01,15.99,0.0160,3202,486
S1-1x,2417,27.794,15.77,15.79,0.0158,5912,487
S1-1x,2418,27.810,15.63,15.61,0.0156,1828,489
S1-1x,2419,27.825,15.19,15.20,0.0152,2795,490
S1-1x,2420,27.840,15.31,15.30,0.0153,1828,488
S1-1x,2421,27.855,14.99,15.00,0.0150,1748,489
S1-1x,2422,27.869,13.79,13.80,0.0138,1024,491
S1-1x,2423,27.884,15.41,15.40,0.0154,9124,492
S1-1x,2424,27.899,14.23,14.20,0.0142,1076,494
S1-1x,2425,27.912,13.47,13.49,0.0135,1024,495
S1-1x,2426,27.927,15.03,15.00,0.0150,1152,497
S1-1x,2427,27.941,13.66,13.68,0.0137,1024,498
S1-1x,2428,27.954,13.60,13.59,0.0136,984,499
S1-1x,2429,27.969,14.64,14.62,0.0146,2116,500
S1-1x,2430,27.984,14.84,14.87,0.0148,1210,499
S1-1x,2431,27.998,13.72,13.71,0.0137,984,501
S1-1x,2432,28.012,14.02,14.00,0.0140,1828,502
S1-1x,2433,28.025,13.60,13.60,0.0136,1024,504
S1-1x,2434,28.039,13.43,13.21,0.0134,1024,505
S1-1x,2435,28.052,13.10,13.29,0.0131,1024,506
S1-1x,2436,28.065,13.59,13.59,0.0136,1828,508
S1-1x,2437,28.078,12.80,12.80,0.0128,1024,509
S1-1x,2438,28.092,13.72,13.70,0.0137,1828,506
S1-1x,2439,28.105,13.26,13.28,0.0133,1076,508
S1-1x,2440,28.119,14.10,14.09,0.0141,1828,505
S1-1x,2441,28.134,15.09,15.10,0.0151,1708,497
S1-1x,2442,28.150,16.01,16.00,0.0160,1828,466
S1-1x,2443,28.164,13.80,13.80,0.0138,1828,437
S1-1x,2444,28.177,12.91,12.90,0.0129,1812,439
S1-1x,2445,28.189,12.31,12.31,0.0123,1024,440
S1-1x,2446,28.201,11.88,11.88,0.0119,1024,441
S1-1x,2447,28.214,12.62,12.62,0.0126,1024,442
S1-1x,2448,28.226,12.29,12.29,0.0123,1024,444
S1-1x,2449,28.238,12.19,12.20,0.0122,1024,445
S1-1x,2450,28.251,12.62,12.60,0.0126,1068,446
S1-1x,2451,28.263,12.22,12.21,0.0122,1024,446
S1-1x,2452,28.275,12.08,12.10,0.0121,1024,446
S1-1x,2453,28.287,12.29,12.30,0.0123,1024,446
S1-1x,2454,28.300,12.44,12.40,0.0124,1024,446
S1-1x,2455,28.312,11.86,11.88,0.0119,1076,446
S1-1x,2456,28.324,12.41,12.40,0.0124,1972,446
S1-1x,2457,28.336,12.36,12.38,0.0124,1748,445
S1-1x,2458,28.348,11.95,11.92,0.0120,1024,445
S1-1x,2459,28.360,11.49,11.50,0.0115,1024,445
S1-1x,2460,28.371,11.38,11.39,0.0114,1024,445
S1-1x,2461,28.383,11.40,11.40,0.0114,1472,445
S1-1x,2462,28.394,11.20,11.20,0.0112,1024,445
S1-1x,2463,28.405,11.10,11.10,0.0111,1024,445
S1-1x,2464,28.416,11.11,11.09,0.0111,1024,445
S1-1x,2465,28.427,11.11,11.11,0.0111,1064,445
S1-1x,2466,28.439,11.98,12.00,0.0120,1152,445
S1-1x,2467,28.450,11.00,10.99,0.0110,1024,445
S1-1x,2468,28.463,12.41,12.41,0.0124,7220,445
S1-1x,2469,28.474,11.42,11.40,0.0114,1024,445
S1-1x,2470,28.486,12.07,12.09,0.0121,1152,445
S1-1x,2471,28.497,11.11,11.10,0.0111,1024,445
S1-1x,2472,28.509,11.69,11.69,0.0117,1024,445
S1-1x,2473,28.520,11.41,11.41,0.0114,1076,445
S1-1x,2474,28.532,11.41,11.40,0.0114,1024,445
S1-1x,2475,28.543,11.47,11.50,0.0115,1024,445
S1-1x,2476,28.555,11.62,11.60,0.0116,1024,445
S1-1x,2477,28.567,11.79,11.79,0.0118,1024,445
S1-1x,2478,28.578,11.49,11.49,0.0115,1024,445
S1-1x,2479,28.590,11.65,11.60,0.0116,1024,445
S1-1x,2480,28.601,11.76,11.79,0.0118,1024,445
S1-1x,2481,28.613,11.40,11.40,0.0114,1024,445
S1-1x,2482,28.624,11.43,11.42,0.0114,1024,445
S1-1x,2483,28.636,11.26,11.27,0.0113,1024,445
S1-1x,2484,28.649,12.94,12.91,0.0129,2244,445
S1-1x,2485,28.660,11.47,11.49,0.0115,1024,445
S1-1x,2486,28.672,11.49,11.50,0.0115,1024,445
S1-1x,2487,28.683,11.33,11.32,0.0113,1024,445
S1-1x,2488,28.696,13.28,13.28,0.0133,2332,445
S1-1x,2489,28.709,13.10,13.08,0.0131,1828,444
S1-1x,2490,28.721,11.89,11.90,0.0119,1204,444
S1-1x,2491,28.734,13.19,13.20,0.0132,1828,440
S1-1x,2492,28.746,11.71,11.70,0.0117,904,440
S1-1x,2493,28.758,12.00,12.00,0.0120,1828,440
S1-1x,2494,28.770,11.62,11.60,0.0116,1024,440
S1-1x,2495,28.781,11.47,11.49,0.0115,1024,440
S1-1x,2496,28.793,11.70,11.70,0.0117,1024,440
S1-1x,2497,28.805,12.11,12.10,0.0121,1024,440
S1-1x,2498,28.817,11.72,11.70,0.0117,1024,440
S1-1x,2499,28.830,13.50,13.50,0.0135,3908,434
S1-1x,2500,28.842,12.28,12.30,0.0123,1024,434
S1-1x,2501,28.855,12.43,12.40,0.0124,1900,434
S1-1x,2502,28.867,11.98,11.99,0.0120,1024,434
S1-1x,2503,28.879,12.10,12.10,0.0121,1024,434
S1-1x,2504,28.891,11.91,11.90,0.0119,1024,434
S1-1x,2505,28.904,12.79,12.79,0.0128,1152,434
S1-1x,2506,28.916,11.91,11.91,0.0119,1096,434
S1-1x,2507,28.927,11.78,11.79,0.0118,1204,434
S1-1x,2508,28.939,11.60,11.60,0.0116,1024,434
S1-1x,2509,28.952,12.63,12.61,0.0126,1828,428
S1-1x,2510,28.964,12.67,12.69,0.0127,1788,428
S1-1x,2511,28.976,11.91,11.90,0.0119,1184,428
S1-1x,2512,28.987,11.39,11.40,0.0114,1024,428
S1-1x,2513,28.999,11.50,11.49,0.0115,1024,428
S1-1x,2514,29.010,11.41,11.40,0.0114,1024,428
S1-1x,2515,29.022,11.29,11.30,0.0113,1024,428
S1-1x,2516,29.033,11.29,11.30,0.0113,1024,428
S1-1x,2517,29.044,11.12,11.10,0.0111,1024,428
S1-1x,2518,29.055,11.21,11.21,0.0112,1024,428
S1-1x,2519,29.068,13.00,12.99,0.0130,7220,427
S1-1x,2520,29.082,13.39,13.40,0.0134,1828,422
S1-1x,2521,29.095,13.09,13.09,0.0131,1748,420
S1-1x,2522,29.108,12.93,12.90,0.0129,1024,420
S1-1x,2523,29.121,12.99,12.98,0.0130,1828,419
S1-1x,2524,29.134,13.08,13.12,0.0131,2008,418
S1-1x,2525,29.147,13.21,13.19,0.0132,1210,416
S1-1x,2526,29.159,12.41,12.40,0.0124,1024,416
S1-1x,2527,29.172,12.08,12.09,0.0121,1024,416
S1-1x,2528,29.186,14.28,14.30,0.0143,2116,389
S1-1x,2529,29.198,12.45,12.41,0.0125,864,389
S1-1x,2530,29.212,13.43,12.69,0.0134,1972,387
S1-1x,2531,29.224,12.21,12.88,0.0122,1152,387
S1-1x,2532,29.236,12.61,12.71,0.0126,1828,386
S1-1x,2533,29.250,13.04,13.00,0.0130,1024,386
S1-1x,2534,29.262,12.79,12.80,0.0128,1828,383
S1-1x,2535,29.274,12.12,12.09,0.0121,1024,383
S1-1x,2536,29.287,12.37,12.40,0.0124,1708,382
S1-1x,2537,29.299,12.61,12.60,0.0126,1828,380
S1-1x,2538,29.311,12.00,11.98,0.0120,1024,380
S1-1x,2539,29.323,12.00,12.01,0.0120,1748,379
S1-1x,2540,29.335,11.69,11.70,0.0117,1076,379
S1-1x,2541,29.347,11.54,11.51,0.0115,1024,379
S1-1x,2542,29.359,11.89,11.89,0.0119,1024,379
S1-1x,2543,29.370,11.59,11.59,0.0116,1024,379
S1-1x,2544,29.383,12.71,12.72,0.0127,2172,379
S1-1x,2545,29.395,11.79,11.78,0.0118,1024,379
S1-1x,2546,29.407,12.61,12.60,0.0126,1024,379
S1-1x,2547,29.422,14.28,14.28,0.0143,1828,356
S1-1x,2548,29.435,13.29,13.30,0.0133,2052,350
S1-1x,2549,29.447,12.13,12.11,0.0121,944,350
S1-1x,2550,29.459,11.90,11.91,0.0119,1024,350
S1-1x,2551,29.471,11.79,11.80,0.0118,1024,350
S1-1x,2552,29.482,11.88,11.89,0.0119,1024,350
S1-1x,2553,29.494,11.73,11.70,0.0117,1024,350
S1-1x,2554,29.506,12.09,12.10,0.0121,1024,350
S1-1x,2555,29.519,12.28,12.29,0.0123,1828,348
S1-1x,2556,29.530,11.64,11.61,0.0116,1024,348
S1-1x,2557,29.542,12.06,12.09,0.0121,1880,348
S1-1x,2558,29.555,12.94,12.91,0.0129,1828,345
S1-1x,2559,29.567,11.78,11.78,0.0118,984,345
S1-1x,2560,29.580,13.10,13.10,0.0131,1828,329
S1-1x,2561,29.593,12.80,12.80,0.0128,1876,329
S1-1x,2562,29.605,11.89,11.89,0.0119,1024,329
S1-1x,2563,29.616,11.20,11.20,0.0112,1024,329
S1-1x,2564,29.629,12.64,12.60,0.0126,2764,323
S1-1x,2565,29.640,11.78,11.80,0.0118,944,323
S1-1x,2566,29.652,11.23,11.21,0.0112,1024,323
S1-1x,2567,29.663,11.69,11.69,0.0117,1024,323
S1-1x,2568,29.675,11.57,11.59,0.0116,1024,323
S1-1x,2569,29.687,11.69,11.69,0.0117,1024,323
S1-1x,2570,29.700,13.10,13.10,0.0131,3452,322
S1-1x,2571,29.712,11.91,11.91,0.0119,944,322
S1-1x,2572,29.724,12.24,12.21,0.0122,1024,322
S1-1x,2573,29.737,13.06,13.07,0.0131,3164,322
S1-1x,2574,29.750,12.62,12.61,0.0126,1076,322
S1-1x,2575,29.763,13.52,13.50,0.0135,4012,322
S1-1x,2576,29.776,12.70,12.70,0.0127,1024,322
S1-1x,2577,29.788,12.56,12.59,0.0126,1024,322
S1-1x,2578,29.802,13.60,13.60,0.0136,2164,321
S1-1x,2579,29.814,12.41,12.39,0.0124,1024,321
S1-1x,2580,29.827,12.42,12.41,0.0124,1024,321
S1-1x,2581,29.839,12.48,12.49,0.0125,1828,321
S1-1x,2582,29.851,12.18,12.19,0.0122,1024,321
S1-1x,2583,29.864,12.31,12.30,0.0123,1828,321
S1-1x,2584,29.877,13.30,13.30,0.0133,1828,321
S1-1x,2585,29.890,12.90,12.89,0.0129,1828,321
S1-1x,2586,29.902,12.41,12.40,0.0124,1024,321
S1-1x,2587,29.915,12.89,12.89,0.0129,1900,321
S1-1x,2588,29.927,12.19,12.20,0.0122,1024,321
S1-1x,2589,29.941,13.41,13.39,0.0134,1828,321
S1-1x,2590,29.953,12.30,12.31,0.0123,1076,321
S1-1x,2591,29.966,12.70,12.69,0.0127,1900,321
S1-1x,2592,29.978,12.24,12.21,0.0122,1024,321
S1-1x,2593,29.990,11.84,11.87,0.0118,1024,321
S1-1x,2594,30.003,13.43,13.41,0.0134,1956,321
S1-1x,2595,30.016,12.60,12.60,0.0126,1828,321
S1-1x,2596,30.028,12.02,12.00,0.0120,1024,321
S1-1x,2597,30.041,13.17,13.00,0.0132,1828,321
S1-1x,2598,30.054,13.11,13.29,0.0131,1956,321
S1-1x,2599,30.066,12.10,12.10,0.0121,1024,321
S1-1x,2600,30.079,12.20,12.20,0.0122,1024,321
S1-1x,2601,30.090,11.88,11.89,0.0119,1024,321
S1-1x,2602,30.103,12.25,12.21,0.0123,1024,321
S1-1x,2603,30.115,11.91,11.89,0.0119,1024,321
S1-1x,2604,30.127,12.07,12.10,0.0121,1024,321
S1-1x,2605,30.138,11.67,11.69,0.0117,1472,321
S1-1x,2606,30.150,11.50,11.48,0.0115,1024,321
S1-1x,2607,30.161,11.51,11.52,0.0115,1076,321
S1-1x,2608,30.173,11.61,11.60,0.0116,1024,321
S1-1x,2609,30.184,11.50,11.49,0.0115,1024,321
S1-1x,2610,30.196,11.59,11.61,0.0116,1024,321
S1-1x,2611,30.207,11.51,11.50,0.0115,1024,321
S1-1x,2612,30.219,11.51,11.50,0.0115,1024,321
S1-1x,2613,30.230,10.98,10.99,0.0110,1024,321
S1-1x,2614,30.242,12.40,12.40,0.0124,4116,321
S1-1x,2615,30.255,12.14,12.10,0.0121,1152,321
S1-1x,2616,30.266,11.35,11.38,0.0113,1120,321
S1-1x,2617,30.277,11.50,11.50,0.0115,1024,321
S1-1x,2618,30.289,11.20,11.20,0.0112,1024,321
S1-1x,2619,30.300,11.32,11.31,0.0113,1024,321
S1-1x,2620,30.311,11.29,11.29,0.0113,1024,321
S1-1x,2621,30.323,12.11,12.10,0.0121,2188,321
S1-1x,2622,30.336,12.27,12.30,0.0123,1900,321
S1-1x,2623,30.348,12.15,12.10,0.0121,1024,321
S1-1x,2624,30.360,11.90,11.90,0.0119,1024,321
S1-1x,2625,30.371,11.78,11.79,0.0118,1148,321
S1-1x,2626,30.383,11.98,12.00,0.0120,1096,321
S1-1x,2627,30.396,12.31,12.30,0.0123,1900,321
S1-1x,2628,30.408,12.26,12.21,0.0123,1024,321
S1-1x,2629,30.421,12.79,12.79,0.0128,5676,321
S1-1x,2630,30.433,11.99,11.99,0.0120,1024,321
S1-1x,2631,30.445,12.27,12.29,0.0123,1024,321
S1-1x,2632,30.457,12.41,12.40,0.0124,1152,321
S1-1x,2633,30.469,11.71,11.69,0.0117,1024,321
S1-1x,2634,30.481,11.88,11.90,0.0119,1024,321
S1-1x,2635,30.494,13.09,13.10,0.0131,1972,321
S1-1x,2636,30.506,12.30,12.28,0.0123,1024,321
S1-1x,2637,30.518,11.91,11.92,0.0119,2080,321
S1-1x,2638,30.531,12.97,12.94,0.0130,1828,319
S1-1x,2639,30.544,12.60,12.63,0.0126,984,319
S1-1x,2640,30.556,12.32,12.30,0.0123,1828,319
S1-1x,2641,30.568,12.01,12.00,0.0120,1024,319
S1-1x,2642,30.581,12.78,12.80,0.0128,1880,316
S1-1x,2643,30.594,13.02,13.01,0.0130,1828,305
S1-1x,2644,30.607,13.42,13.39,0.0134,1828,299
S1-1x,2645,30.620,12.79,12.80,0.0128,1828,298
S1-1x,2646,30.632,12.23,12.22,0.0122,1024,298
S1-1x,2647,30.645,12.33,12.33,0.0123,1828,298
S1-1x,2648,30.657,11.94,11.93,0.0119,1024,298
S1-1x,2649,30.669,11.79,11.80,0.0118,1024,298
S1-1x,2650,30.681,12.91,12.89,0.0129,1828,290
S1-1x,2651,30.693,11.97,11.99,0.0120,1024,290
S1-1x,2652,30.705,11.82,11.80,0.0118,1024,290
S1-1x,2653,30.717,11.89,11.90,0.0119,1024,290
S1-1x,2654,30.730,12.71,12.70,0.0127,1828,289
S1-1x,2655,30.742,12.17,12.19,0.0122,1828,289
S1-1x,2656,30.755,13.02,13.00,0.0130,1828,278
S1-1x,2657,30.767,11.91,11.90,0.0119,1024,278
S1-1x,2658,30.779,11.80,11.80,0.0118,1024,278
S1-1x,2659,30.790,11.71,11.70,0.0117,1076,278
S1-1x,2660,30.804,13.19,13.19,0.0132,7612,275
S1-1x,2661,30.816,12.80,12.80,0.0128,1828,274
S1-1x,2662,30.828,11.91,11.89,0.0119,1024,274
S1-1x,2663,30.840,11.48,11.50,0.0115,1024,274
S1-1x,2664,30.851,11.49,11.49,0.0115,1024,274
S1-1x,2665,30.863,12.21,12.21,0.0122,1972,274
S1-1x,2666,30.876,12.81,12.80,0.0128,2116,272
S1-1x,2667,30.889,12.50,12.49,0.0125,1900,272
S1-1x,2668,30.901,12.39,12.40,0.0124,1900,272
S1-1x,2669,30.915,13.60,13.60,0.0136,4108,264
S1-1x,2670,30.926,11.69,11.69,0.0117,1024,264
S1-1x,2671,30.938,11.28,11.28,0.0113,1024,264
S1-1x,2672,30.949,11.15,11.12,0.0112,1024,264
S1-1x,2673,30.961,11.78,11.80,0.0118,1972,264
S1-1x,2674,30.972,11.79,11.79,0.0118,1024,264
S1-1x,2675,30.984,11.42,11.41,0.0114,1024,264
S1-1x,2676,30.997,12.62,12.59,0.0126,4896,264
S1-1x,2677,31.008,11.56,11.59,0.0116,1024,264
S1-1x,2678,31.019,11.09,11.10,0.0111,1024,264
S1-1x,2679,31.030,11.21,11.21,0.0112,1024,264
S1-1x,2680,31.041,11.09,11.08,0.0111,1024,264
S1-1x,2681,31.053,11.71,11.70,0.0117,1972,263
S1-1x,2682,31.064,11.01,11.00,0.0110,1024,263
S1-1x,2683,31.076,11.99,12.00,0.0120,1828,262
S1-1x,2684,31.088,12.29,12.30,0.0123,1210,262
S1-1x,2685,31.100,11.62,11.60,0.0116,1024,262
S1-1x,2686,31.111,11.09,11.10,0.0111,1024,262
S1-1x,2687,31.123,11.47,11.42,0.0115,1152,262
S1-1x,2688,31.135,12.23,12.29,0.0122,1828,262
S1-1x,2689,31.147,12.51,12.50,0.0125,1828,260
S1-1x,2690,31.159,11.20,11.19,0.0112,1024,260
S1-1x,2691,31.170,11.24,11.22,0.0112,1024,260
S1-1x,2692,31.181,11.02,10.99,0.0110,1024,260
S1-1x,2693,31.192,11.25,11.28,0.0112,1024,260
S1-1x,2694,31.203,11.08,11.09,0.0111,1076,260
S1-1x,2695,31.216,12.52,12.50,0.0125,1828,259
S1-1x,2696,31.227,11.69,11.70,0.0117,1024,259
S1-1x,2697,31.240,12.21,12.20,0.0122,1828,259
S1-1x,2698,31.252,11.99,12.00,0.0120,1024,259
S1-1x,2699,31.263,11.81,11.80,0.0118,1024,259
S1-1x,2700,31.277,13.30,13.30,0.0133,1828,256
S1-1x,2701,31.289,12.49,12.50,0.0125,1024,256
S1-1x,2702,31.302,13.32,13.30,0.0133,1828,255
S1-1x,2703,31.315,12.80,12.80,0.0128,1988,255
S1-1x,2704,31.329,13.50,13.50,0.0135,2316,255
S1-1x,2705,31.342,12.99,13.00,0.0130,1900,255
S1-1x,2706,31.354,12.51,12.49,0.0125,1168,255
S1-1x,2707,31.366,12.10,12.10,0.0121,1024,255
S1-1x,2708,31.380,13.58,13.59,0.0136,3956,255
S1-1x,2709,31.394,13.54,13.51,0.0135,2932,255
S1-1x,2710,31.407,13.90,13.89,0.0139,1952,253
S1-1x,2711,31.421,13.09,13.10,0.0131,1900,253
S1-1x,2712,31.433,12.36,12.38,0.0124,1024,253
S1-1x,2713,31.446,13.15,13.12,0.0131,1900,252
S1-1x,2714,31.459,12.92,12.88,0.0129,1152,252
S1-1x,2715,31.472,12.97,13.01,0.0130,1828,252
S1-1x,2716,31.484,12.47,12.47,0.0125,1024,252
S1-1x,2717,31.497,12.67,12.62,0.0127,1024,252
S1-1x,2718,31.510,12.55,12.57,0.0125,1632,252
S1-1x,2719,31.522,12.10,12.11,0.0121,2080,252
S1-1x,2720,31.534,12.58,12.58,0.0126,2332,252
S1-1x,2721,31.548,13.99,14.00,0.0140,4212,250
S1-1x,2722,31.561,12.85,12.82,0.0129,1024,250
S1-1x,2723,31.574,12.67,12.68,0.0127,1024,250
S1-1x,2724,31.586,12.49,12.50,0.0125,1024,250
S1-1x,2725,31.600,13.53,13.50,0.0135,1972,248
S1-1x,2726,31.613,12.84,12.80,0.0128,1076,248
S1-1x,2727,31.625,12.54,12.59,0.0125,3540,248
S1-1x,2728,31.638,13.19,13.20,0.0132,1210,244
S1-1x,2729,31.651,12.33,12.30,0.0123,1024,244
S1-1x,2730,31.665,14.75,14.71,0.0147,1338,228
S1-1x,2731,31.679,13.87,13.89,0.0139,1828,211
S1-1x,2732,31.692,12.65,12.67,0.0126,1024,211
S1-1x,2733,31.705,12.83,12.81,0.0128,1828,211
S1-1x,2734,31.717,12.32,12.30,0.0123,1024,211
S1-1x,2735,31.730,12.67,12.69,0.0127,1828,211
S1-1x,2736,31.743,12.84,12.80,0.0128,1828,211
S1-1x,2737,31.755,12.28,12.30,0.0123,1024,211
S1-1x,2738,31.767,12.01,11.99,0.0120,1024,211
S1-1x,2739,31.779,12.40,12.39,0.0124,1788,211
S1-1x,2740,31.792,12.86,12.90,0.0129,1828,211
S1-1x,2741,31.805,12.85,12.80,0.0128,1828,211
S1-1x,2742,31.819,13.56,13.59,0.0136,3412,211
S1-1x,2743,31.831,12.83,12.80,0.0128,1828,211
S1-1x,2744,31.844,13.06,13.09,0.0131,2188,210
S1-1x,2745,31.857,12.90,12.90,0.0129,1900,210
S1-1x,2746,31.871,13.54,13.50,0.0135,3067,210
S1-1x,2747,31.884,12.94,12.96,0.0129,1828,210
S1-1x,2748,31.896,12.12,12.12,0.0121,1144,210
S1-1x,2749,31.908,11.89,11.88,0.0119,984,210
S1-1x,2750,31.919,11.62,11.61,0.0116,1024,210
S1-1x,2751,31.931,11.68,11.69,0.0117,984,210
S1-1x,2752,31.944,12.42,12.40,0.0124,2796,210
S1-1x,2753,31.956,11.98,12.00,0.0120,984,210
S1-1x,2754,31.969,13.81,13.81,0.0138,2908,203
S1-1x,2755,31.983,13.38,13.38,0.0134,1788,203
S1-1x,2756,31.995,12.51,12.50,0.0125,1024,203
S1-1x,2757,32.008,12.42,12.41,0.0124,984,203
S1-1x,2758,32.020,12.29,12.29,0.0123,1076,203
S1-1x,2759,32.033,12.81,12.82,0.0128,1024,203
S1-1x,2760,32.046,12.81,12.59,0.0128,1788,203
S1-1x,2761,32.059,13.20,13.40,0.0132,3108,203
S1-1x,2762,32.072,13.41,13.40,0.0134,5844,203
S1-1x,2763,32.086,13.46,13.48,0.0135,1828,203
S1-1x,2764,32.098,12.73,12.70,0.0127,984,203
S1-1x,2765,32.112,13.19,13.20,0.0132,1828,198
S1-1x,2766,32.124,12.59,12.60,0.0126,984,198
S1-1x,2767,32.136,12.08,12.09,0.0121,1056,198
S1-1x,2768,32.148,12.22,12.20,0.0122,984,198
S1-1x,2769,32.162,13.11,13.11,0.0131,1900,195
S1-1x,2770,32.175,13.09,13.09,0.0131,1828,195
S1-1x,2771,32.187,12.59,12.59,0.0126,984,195
S1-1x,2772,32.200,12.72,12.70,0.0127,1024,195
S1-1x,2773,32.213,13.30,13.30,0.0133,1828,195
S1-1x,2774,32.227,13.61,13.60,0.0136,3452,195
S1-1x,2775,32.241,14.07,14.08,0.0141,3400,191
S1-1x,2776,32.254,12.51,12.49,0.0125,984,191
S1-1x,2777,32.266,12.60,12.61,0.0126,1828,191
S1-1x,2778,32.279,13.16,13.11,0.0132,1828,191
S1-1x,2779,32.292,13.03,13.08,0.0130,1788,190
S1-1x,2780,32.306,13.87,13.81,0.0139,3360,190
S1-1x,2781,32.319,12.34,12.38,0.0123,1024,190
S1-1x,2782,32.332,13.10,13.11,0.0131,3400,190
S1-1x,2783,32.344,11.98,11.99,0.0120,984,190
S1-1x,2784,32.356,11.94,11.91,0.0119,1024,190
S1-1x,2785,32.367,11.70,11.70,0.0117,1024,190
S1-1x,2786,32.379,11.59,11.59,0.0116,984,190
S1-1x,2787,32.391,12.07,12.08,0.0121,2364,189
S1-1x,2788,32.403,11.72,11.71,0.0117,984,189
S1-1x,2789,32.414,11.41,11.39,0.0114,1024,189
S1-1x,2790,32.426,11.55,11.50,0.0116,1036,189
S1-1x,2791,32.437,11.23,11.29,0.0112,1024,189
S1-1x,2792,32.448,11.20,11.19,0.0112,984,189
S1-1x,2793,32.459,11.39,11.40,0.0114,984,189
S1-1x,2794,32.471,11.51,11.51,0.0115,984,189
S1-1x,2795,32.482,11.38,11.37,0.0114,1024,189
S1-1x,2796,32.494,11.52,11.52,0.0115,984,189
S1-1x,2797,32.505,11.49,11.49,0.0115,984,189
S1-1x,2798,32.517,12.01,12.01,0.0120,1024,189
S1-1x,2799,32.530,12.40,12.39,0.0124,2116,188
S1-1x,2800,32.542,12.21,12.21,0.0122,1860,188
S1-1x,2801,32.554,12.20,12.19,0.0122,1024,188
S1-1x,2802,32.566,12.30,12.31,0.0123,1080,188
S1-1x,2803,32.578,11.68,11.68,0.0117,1144,188
S1-1x,2804,32.590,11.80,11.81,0.0118,1024,188
S1-1x,2805,32.603,12.85,12.80,0.0129,4772,188
S1-1x,2806,32.615,12.38,12.41,0.0124,1024,188
S1-1x,2807,32.627,12.27,12.29,0.0123,1952,188
S1-1x,2808,32.639,11.68,11.68,0.0117,1024,188
S1-1x,2809,32.651,11.70,11.71,0.0117,1024,188
S1-1x,2810,32.663,11.84,11.81,0.0118,984,188
S1-1x,2811,32.674,11.37,11.39,0.0114,984,188
S1-1x,2812,32.685,11.20,11.19,0.0112,984,188
S1-1x,2813,32.697,11.31,11.30,0.0113,1024,188
S1-1x,2814,32.708,11.52,11.50,0.0115,984,188
S1-1x,2815,32.719,11.18,11.18,0.0112,984,188
S1-1x,2816,32.731,11.91,11.90,0.0119,1056,188
S1-1x,2817,32.742,11.27,11.29,0.0113,984,188
S1-1x,2818,32.754,11.44,11.42,0.0114,1024,188
S1-1x,2819,32.766,11.77,11.78,0.0118,1096,188
S1-1x,2820,32.779,12.91,12.89,0.0129,3924,188
S1-1x,2821,32.792,13.09,13.11,0.0131,1932,188
S1-1x,2822,32.806,14.32,14.29,0.0143,2044,188
S1-1x,2823,32.820,13.70,13.70,0.0137,1056,188
S1-1x,2824,32.833,13.10,13.09,0.0131,1076,188
S1-1x,2825,32.845,12.62,12.61,0.0126,864,188
S1-1x,2826,32.859,13.29,13.30,0.0133,3004,188
S1-1x,2827,32.872,13.51,13.50,0.0135,1900,182
S1-1x,2828,32.885,13.08,13.09,0.0131,1828,180
S1-1x,2829,32.898,13.20,13.20,0.0132,1828,180
S1-1x,2830,32.912,13.31,13.31,0.0133,2364,180
S1-1x,2831,32.924,12.80,12.80,0.0128,1152,180
S1-1x,2832,32.937,12.50,12.49,0.0125,1024,180
S1-1x,2833,32.950,13.18,13.19,0.0132,1828,180
S1-1x,2834,32.964,13.51,13.51,0.0135,1828,180
S1-1x,2835,32.977,13.70,13.70,0.0137,1868,180
S1-1x,2836,32.990,13.00,12.99,0.0130,1024,180
S1-1x,2837,33.003,12.61,12.60,0.0126,1024,180
S1-1x,2838,33.015,12.29,12.29,0.0123,1024,180
S1-1x,2839,33.028,12.33,12.31,0.0123,1024,180
S1-1x,2840,33.040,12.07,12.08,0.0121,1036,180
S1-1x,2841,33.054,14.49,14.49,0.0145,3944,171
S1-1x,2842,33.067,12.33,12.31,0.0123,1056,171
S1-1x,2843,33.079,12.38,12.38,0.0124,1024,171
S1-1x,2844,33.091,12.08,12.09,0.0121,984,171
S1-1x,2845,33.104,13.05,13.02,0.0130,2108,171
S1-1x,2846,33.116,11.88,11.88,0.0119,984,171
S1-1x,2847,33.129,13.21,13.21,0.0132,3412,167
S1-1x,2848,33.143,14.27,14.29,0.0143,1900,164
S1-1x,2849,33.157,13.12,13.10,0.0131,1828,164
S1-1x,2850,33.169,12.28,12.28,0.0123,984,164
S1-1x,2851,33.181,12.41,12.42,0.0124,984,164
S1-1x,2852,33.194,13.11,13.10,0.0131,1828,161
S1-1x,2853,33.207,12.38,12.39,0.0124,984,161
S1-1x,2854,33.219,11.93,11.91,0.0119,984,161
S1-1x,2855,33.231,12.32,12.29,0.0123,984,161
S1-1x,2856,33.243,11.72,11.77,0.0117,1036,161
S1-1x,2857,33.255,11.98,11.93,0.0120,1312,161
S1-1x,2858,33.267,12.44,12.48,0.0124,1828,160
S1-1x,2859,33.281,13.41,13.39,0.0134,1820,158
S1-1x,2860,33.294,13.31,13.30,0.0133,2524,158
S1-1x,2861,33.307,13.01,12.99,0.0130,984,158
S1-1x,2862,33.319,11.99,12.00,0.0120,984,158
S1-1x,2863,33.331,12.20,12.20,0.0122,984,158
S1-1x,2864,33.343,11.88,11.89,0.0119,984,158
S1-1x,2865,33.356,12.94,12.92,0.0129,2380,156
S1-1x,2866,33.369,12.98,12.99,0.0130,1330,151
S1-1x,2867,33.382,13.00,12.99,0.0130,2148,148
S1-1x,2868,33.394,12.50,12.50,0.0125,1016,148
S1-1x,2869,33.407,13.12,13.10,0.0131,1788,146
S1-1x,2870,33.420,12.40,12.40,0.0124,984,146
S1-1x,2871,33.433,12.87,12.89,0.0129,2324,143
S1-1x,2872,33.445,12.09,12.09,0.0121,1036,143
S1-1x,2873,33.457,12.51,12.50,0.0125,1916,143
S1-1x,2874,33.470,12.71,12.70,0.0127,1788,143
S1-1x,2875,33.483,12.55,12.58,0.0126,1916,143
S1-1x,2876,33.496,13.03,13.01,0.0130,984,143
S1-1x,2877,33.508,12.61,12.61,0.0126,984,143
S1-1x,2878,33.521,13.11,13.09,0.0131,1788,142
S1-1x,2879,33.535,13.52,13.51,0.0135,1788,141
S1-1x,2880,33.549,14.07,14.08,0.0141,944,141
S1-1x,2881,33.563,14.12,14.11,0.0141,984,141
S1-1x,2882,33.576,12.88,12.89,0.0129,1024,141
S1-1x,2883,33.589,13.01,13.01,0.0130,2148,141
S1-1x,2884,33.602,12.63,12.59,0.0126,1828,141
S1-1x,2885,33.615,13.56,13.59,0.0136,4420,141
S1-1x,2886,33.627,12.02,12.00,0.0120,984,141
S1-1x,2887,33.639,11.68,11.69,0.0117,984,141
S1-1x,2888,33.651,12.39,12.39,0.0124,3280,141
S1-1x,2889,33.663,12.02,12.01,0.0120,1152,141
S1-1x,2890,33.675,11.89,11.89,0.0119,984,141
S1-1x,2891,33.687,11.51,11.50,0.0115,1024,141
S1-1x,2892,33.699,12.00,11.99,0.0120,2044,141
S1-1x,2893,33.711,12.60,12.61,0.0126,1828,141
S1-1x,2894,33.724,12.41,12.39,0.0124,1828,141
S1-1x,2895,33.736,11.88,11.90,0.0119,1024,141
S1-1x,2896,33.747,11.40,11.38,0.0114,1024,141
S1-1x,2897,33.759,12.41,12.42,0.0124,1828,141
S1-1x,2898,33.772,12.20,12.19,0.0122,1900,141
S1-1x,2899,33.783,11.83,11.79,0.0118,1024,141
S1-1x,2900,33.795,11.86,11.89,0.0119,1900,141
S1-1x,2901,33.807,11.55,11.51,0.0116,1024,141
S1-1x,2902,33.819,12.06,12.09,0.0121,2476,141
S1-1x,2903,33.831,12.10,12.10,0.0121,1828,141
S1-1x,2904,33.843,11.91,11.91,0.0119,1956,141
S1-1x,2905,33.855,12.50,12.50,0.0125,1880,141
S1-1x,2906,33.868,12.31,12.28,0.0123,1828,141
S1-1x,2907,33.879,11.50,11.51,0.0115,1024,141
S1-1x,2908,33.890,11.28,11.30,0.0113,1024,141
S1-1x,2909,33.901,11.10,11.09,0.0111,1024,141
S1-1x,2910,33.914,12.20,12.20,0.0122,3252,141
S1-1x,2911,33.925,11.63,11.60,0.0116,1152,141
S1-1x,2912,33.937,11.35,11.38,0.0114,1024,141
S1-1x,2913,33.948,11.61,11.61,0.0116,1900,141
S1-1x,2914,33.960,11.30,11.29,0.0113,1096,141
S1-1x,2915,33.972,11.93,11.92,0.0119,2332,141
S1-1x,2916,33.983,11.98,11.99,0.0120,1828,141
S1-1x,2917,33.995,11.32,11.30,0.0113,1024,141
S1-1x,2918,34.006,11.27,11.29,0.0113,1024,141
S1-1x,2919,34.017,11.11,11.10,0.0111,1024,141
S1-1x,2920,34.029,11.61,11.60,0.0116,1956,141
S1-1x,2921,34.040,11.39,11.39,0.0114,1024,141
S1-1x,2922,34.051,11.20,11.00,0.0112,1024,141
S1-1x,2923,34.062,11.01,11.20,0.0110,1076,141
S1-1x,2924,34.073,10.88,10.89,0.0109,1024,141
S1-1x,2925,34.085,11.68,11.68,0.0117,1828,141
S1-1x,2926,34.096,11.14,11.11,0.0111,1024,141
S1-1x,2927,34.107,11.12,11.11,0.0111,1024,141
S1-1x,2928,34.118,10.76,10.78,0.0108,1024,141
S1-1x,2929,34.130,11.70,11.71,0.0117,2316,141
S1-1x,2930,34.141,11.59,11.59,0.0116,1828,141
S1-1x,2931,34.152,10.92,10.90,0.0109,1024,141
S1-1x,2932,34.163,11.31,11.30,0.0113,1828,141
S1-1x,2933,34.174,10.78,10.78,0.0108,1024,141
S1-1x,2934,34.185,10.50,10.51,0.0105,1024,141
S1-1x,2935,34.195,10.52,10.50,0.0105,1024,141
S1-1x,2936,34.207,11.39,11.39,0.0114,3396,141
S1-1x,2937,34.218,11.21,11.20,0.0112,2028,141
S1-1x,2938,34.229,10.79,10.79,0.0108,1024,141
S1-1x,2939,34.240,10.90,10.90,0.0109,1972,141
S1-1x,2940,34.250,10.61,10.61,0.0106,1024,141
S1-1x,2941,34.262,11.41,11.39,0.0114,1024,141
S1-1x,2942,34.273,11.00,11.00,0.0110,1076,141
S1-1x,2943,34.284,11.46,11.49,0.0115,1900,141
S1-1x,2944,34.295,11.00,10.99,0.0110,1024,141
S1-1x,2945,34.306,10.91,10.91,0.0109,1024,141
S1-1x,2946,34.318,11.80,11.79,0.0118,2172,141
S1-1x,2947,34.329,11.30,11.30,0.0113,1024,141
S1-1x,2948,34.341,11.68,11.69,0.0117,2100,141
S1-1x,2949,34.353,12.23,12.20,0.0122,2044,141
S1-1x,2950,34.365,12.30,12.31,0.0123,2116,141
S1-1x,2951,34.378,12.49,12.49,0.0125,1828,141
S1-1x,2952,34.389,11.62,11.61,0.0116,1024,141
S1-1x,2953,34.401,11.48,11.48,0.0115,1152,141
S1-1x,2954,34.412,10.99,11.00,0.0110,1152,141
S1-1x,2955,34.423,10.91,10.90,0.0109,1024,141
S1-1x,2956,34.434,11.62,11.60,0.0116,2980,141
S1-1x,2957,34.446,11.80,11.80,0.0118,1024,141
S1-1x,2958,34.458,11.39,11.40,0.0114,1024,141
S1-1x,2959,34.469,11.12,11.10,0.0111,1024,141
S1-1x,2960,34.480,11.20,11.21,0.0112,1076,141
S1-1x,2961,34.491,10.90,10.89,0.0109,1024,141
S1-1x,2962,34.502,11.28,11.29,0.0113,1024,141
S1-1x,2963,34.513,11.01,11.00,0.0110,1024,141
S1-1x,2964,34.525,11.89,11.89,0.0119,2980,141
S1-1x,2965,34.537,11.51,11.50,0.0115,1828,141
S1-1x,2966,34.548,11.71,11.70,0.0117,1828,140
S1-1x,2967,34.559,11.22,11.20,0.0112,904,140
S1-1x,2968,34.571,11.55,11.58,0.0116,1828,140
S1-1x,2969,34.585,14.31,14.31,0.0143,9708,140
S1-1x,2970,34.598,12.21,12.20,0.0122,1956,140
S1-1x,2971,34.611,13.22,13.20,0.0132,3404,140
S1-1x,2972,34.623,12.18,12.19,0.0122,1828,140
S1-1x,2973,34.634,11.58,11.59,0.0116,1024,140
S1-1x,2974,34.646,11.93,11.92,0.0119,1852,139
S1-1x,2975,34.658,11.60,11.60,0.0116,1024,139
S1-1x,2976,34.670,11.91,11.89,0.0119,2276,139
S1-1x,2977,34.683,12.76,12.75,0.0128,1880,139
S1-1x,2978,34.694,11.43,11.45,0.0114,984,139
S1-1x,2979,34.706,11.89,11.89,0.0119,1788,139
S1-1x,2980,34.718,12.12,12.10,0.0121,1788,139
S1-1x,2981,34.730,11.50,11.50,0.0115,984,139
S1-1x,2982,34.741,10.96,10.98,0.0110,984,139
S1-1x,2983,34.753,12.14,12.11,0.0121,3180,138
S1-1x,2984,34.765,12.49,12.50,0.0125,2260,138
S1-1x,2985,34.777,12.08,12.09,0.0121,1956,137
S1-1x,2986,34.789,12.03,12.00,0.0120,1668,136
S1-1x,2987,34.801,11.37,11.39,0.0114,984,136
S1-1x,2988,34.812,11.62,11.59,0.0116,1860,136
S1-1x,2989,34.824,11.68,11.70,0.0117,1024,136
S1-1x,2990,34.835,11.21,11.20,0.0112,1024,136
S1-1x,2991,34.847,11.80,11.79,0.0118,1900,136
S1-1x,2992,34.859,12.02,12.01,0.0120,1972,136
S1-1x,2993,34.871,11.49,11.49,0.0115,1096,136
S1-1x,2994,34.881,10.98,11.00,0.0110,1036,136
S1-1x,2995,34.893,11.01,10.99,0.0110,1024,136
S1-1x,2996,34.904,11.80,11.80,0.0118,2220,136
S1-1x,2997,34.917,12.31,12.30,0.0123,1828,135
S1-1x,2998,34.928,11.39,11.40,0.0114,1024,135
S1-1x,2999,34.940,11.70,11.70,0.0117,1884,135
S1-1x,3000,34.951,11.51,11.50,0.0115,1024,135
S1-1x,3001,34.963,11.91,11.89,0.0119,2476,135
S1-1x,3002,34.975,12.19,12.20,0.0122,2548,135
S1-1x,3003,34.987,11.79,11.79,0.0118,984,135
S1-1x,3004,34.999,11.71,11.70,0.0117,1024,135
S1-1x,3005,35.011,11.99,12.00,0.0120,1788,135
S1-1x,3006,35.024,13.12,13.10,0.0131,1788,135
S1-1x,3007,35.036,12.39,12.40,0.0124,984,135
S1-1x,3008,35.049,12.80,12.80,0.0128,2436,135
S1-1x,3009,35.061,12.41,12.41,0.0124,984,135
S1-1x,3010,35.074,12.93,12.89,0.0129,1828,135
S1-1x,3011,35.088,13.48,13.50,0.0135,1880,135
S1-1x,3012,35.101,12.69,12.69,0.0127,984,135
S1-1x,3013,35.113,12.37,12.38,0.0124,1112,135
S1-1x,3014,35.126,12.93,12.90,0.0129,1828,135
S1-1x,3015,35.139,13.27,13.30,0.0133,1956,135
S1-1x,3016,35.152,12.74,12.72,0.0127,1112,135
S1-1x,3017,35.166,13.88,13.88,0.0139,2100,130
S1-1x,3018,35.178,12.60,12.59,0.0126,784,130
S1-1x,3019,35.191,13.07,13.10,0.0131,2004,130
S1-1x,3020,35.204,12.63,12.61,0.0126,1024,130
S1-1x,3021,35.217,12.89,12.90,0.0129,1828,130
S1-1x,3022,35.229,12.51,12.50,0.0125,1024,130
S1-1x,3023,35.242,12.69,12.69,0.0127,1828,130
S1-1x,3024,35.255,12.50,12.49,0.0125,1024,130
S1-1x,3025,35.267,12.13,12.11,0.0121,1024,130
S1-1x,3026,35.280,12.80,12.80,0.0128,2980,130
S1-1x,3027,35.292,12.66,12.68,0.0127,2384,130
S1-1x,3028,35.305,12.42,12.42,0.0124,1024,130
S1-1x,3029,35.317,12.20,12.20,0.0122,1024,130
S1-1x,3030,35.329,12.51,12.49,0.0125,1900,130
S1-1x,3031,35.342,12.59,12.59,0.0126,1956,130
S1-1x,3032,35.354,12.09,12.09,0.0121,1024,130
S1-1x,3033,35.366,11.79,11.80,0.0118,1024,130
S1-1x,3034,35.379,12.91,12.90,0.0129,2316,130
S1-1x,3035,35.391,12.59,12.60,0.0126,1900,130
S1-1x,3036,35.404,12.31,12.30,0.0123,1024,130
S1-1x,3037,35.416,12.39,12.40,0.0124,1828,130
S1-1x,3038,35.428,11.91,11.91,0.0119,1024,130
S1-1x,3039,35.439,11.38,11.39,0.0114,1024,130
S1-1x,3040,35.452,12.30,12.30,0.0123,2260,130
S1-1x,3041,35.463,11.84,11.79,0.0118,1024,130
S1-1x,3042,35.475,11.57,11.60,0.0116,1024,130
S1-1x,3043,35.486,11.11,11.11,0.0111,1024,130
S1-1x,3044,35.498,11.30,11.29,0.0113,1148,130
S1-1x,3045,35.510,12.00,11.99,0.0120,2908,130
S1-1x,3046,35.522,12.62,12.60,0.0126,1956,129
S1-1x,3047,35.534,12.25,12.28,0.0122,1828,129
S1-1x,3048,35.546,11.54,11.52,0.0115,1024,129
S1-1x,3049,35.557,11.50,11.50,0.0115,1024,129
S1-1x,3050,35.569,11.21,11.20,0.0112,1024,129
S1-1x,3051,35.581,12.71,12.70,0.0127,4052,129
S1-1x,3052,35.593,11.79,11.79,0.0118,1828,129
S1-1x,3053,35.605,12.10,12.09,0.0121,1828,129
S1-1x,3054,35.617,11.41,11.40,0.0114,1024,129
S1-1x,3055,35.628,11.20,11.20,0.0112,1024,129
S1-1x,3056,35.639,10.90,10.91,0.0109,1024,129
S1-1x,3057,35.650,11.29,11.29,0.0113,1024,129
S1-1x,3058,35.661,11.38,11.38,0.0114,1828,129
S1-1x,3059,35.673,11.23,11.21,0.0112,1024,129
S1-1x,3060,35.684,11.24,11.28,0.0112,1972,129
S1-1x,3061,35.695,11.45,11.41,0.0114,1024,129
S1-1x,3062,35.707,11.71,11.71,0.0117,2224,129
S1-1x,3063,35.719,11.78,11.79,0.0118,1828,127
S1-1x,3064,35.730,11.00,10.99,0.0110,984,127
S1-1x,3065,35.741,11.60,11.60,0.0116,1828,127
S1-1x,3066,35.753,11.35,11.31,0.0114,1024,127
S1-1x,3067,35.764,11.17,11.19,0.0112,1024,127
S1-1x,3068,35.776,12.18,12.19,0.0122,1748,126
S1-1x,3069,35.788,12.10,12.09,0.0121,1210,125
S1-1x,3070,35.800,11.70,11.70,0.0117,1096,125
S1-1x,3071,35.812,12.13,12.11,0.0121,2908,125
S1-1x,3072,35.824,11.88,11.90,0.0119,1024,125
S1-1x,3073,35.836,12.40,12.40,0.0124,2332,124
S1-1x,3074,35.848,12.11,12.10,0.0121,1024,124
S1-1x,3075,35.860,11.90,11.90,0.0119,1024,124
S1-1x,3076,35.873,12.49,12.49,0.0125,1860,124
S1-1x,3077,35.885,12.48,12.50,0.0125,1788,124
S1-1x,3078,35.898,13.13,13.10,0.0131,2004,120
S1-1x,3079,35.911,12.20,12.19,0.0122,1036,120
S1-1x,3080,35.922,11.70,11.71,0.0117,984,120
S1-1x,3081,35.934,12.12,12.10,0.0121,1860,120
S1-1x,3082,35.946,11.67,11.69,0.0117,1024,120
S1-1x,3083,35.958,11.52,11.50,0.0115,984,120
S1-1x,3084,35.970,12.28,12.29,0.0123,2180,119
S1-1x,3085,35.982,11.79,11.80,0.0118,984,119
S1-1x,3086,35.994,11.92,11.91,0.0119,1788,119
S1-1x,3087,36.006,12.22,12.21,0.0122,1788,119
S1-1x,3088,36.017,11.51,11.49,0.0115,984,119
S1-1x,3089,36.028,10.97,10.98,0.0110,984,119
S1-1x,3090,36.039,10.59,10.60,0.0106,984,119
S1-1x,3091,36.051,11.80,11.79,0.0118,3484,119
S1-1x,3092,36.063,12.40,12.20,0.0124,1788,117
S1-1x,3093,36.074,11.09,11.30,0.0111,984,117
S1-1x,3094,36.085,11.01,11.00,0.0110,1112,117
S1-1x,3095,36.097,11.31,11.30,0.0113,2036,116
S1-1x,3096,36.108,11.21,11.20,0.0112,984,116
S1-1x,3097,36.118,10.58,10.60,0.0106,1108,116
S1-1x,3098,36.130,11.30,11.30,0.0113,1860,116
S1-1x,3099,36.141,11.19,11.19,0.0112,984,116
S1-1x,3100,36.152,10.71,10.70,0.0107,1024,116
S1-1x,3101,36.162,10.61,10.60,0.0106,1024,116
S1-1x,3102,36.173,10.38,10.40,0.0104,1024,116
S1-1x,3103,36.183,10.51,10.50,0.0105,984,116
S1-1x,3104,36.193,10.40,10.39,0.0104,984,116
S1-1x,3105,36.204,10.30,10.31,0.0103,1024,116
S1-1x,3106,36.214,10.22,10.20,0.0102,984,116
S1-1x,3107,36.225,10.88,10.90,0.0109,2364,116
S1-1x,3108,36.235,10.16,10.17,0.0102,1024,116
S1-1x,3109,36.245,10.13,10.11,0.0101,1024,116
S1-1x,3110,36.255,10.01,10.01,0.0100,1024,116
S1-1x,3111,36.265,10.12,10.10,0.0101,984,116
S1-1x,3112,36.275,9.96,9.98,0.0100,984,116
S1-1x,3113,36.286,10.41,10.40,0.0104,1170,114
S1-1x,3114,36.296,10.80,10.80,0.0108,1828,112
S1-1x,3115,36.307,10.92,10.91,0.0109,1748,111
S1-1x,3116,36.317,10.11,10.09,0.0101,984,111
S1-1x,3117,36.327,9.90,9.90,0.0099,1076,111
S1-1x,3118,36.337,9.58,9.60,0.0096,984,111
S1-1x,3119,36.347,9.82,9.81,0.0098,984,111
S1-1x,3120,36.357,10.48,10.49,0.0105,3444,111
S1-1x,3121,36.367,10.01,10.00,0.0100,984,111
S1-1x,3122,36.377,10.01,10.00,0.0100,984,111
S1-1x,3123,36.387,9.78,9.80,0.0098,1024,111
S1-1x,3124,36.397,9.59,9.59,0.0096,1096,111
S1-1x,3125,36.407,10.61,10.61,0.0106,2004,105
S1-1x,3126,36.418,10.30,10.29,0.0103,1828,104
S1-1x,3127,36.427,9.69,9.69,0.0097,1024,104
S1-1x,3128,36.437,9.40,9.40,0.0094,1024,104
S1-1x,3129,36.446,9.90,9.90,0.0099,1828,104
S1-1x,3130,36.456,9.60,9.60,0.0096,1024,104
S1-1x,3131,36.466,10.10,10.09,0.0101,1282,99
S1-1x,3132,36.476,9.40,9.40,0.0094,1024,99
S1-1x,3133,36.485,9.28,9.29,0.0093,1024,99
S1-1x,3134,36.494,9.34,9.32,0.0093,1024,99
S1-1x,3135,36.503,9.29,9.29,0.0093,1024,99
S1-1x,3136,36.513,9.20,9.20,0.0092,1024,99
S1-1x,3137,36.522,9.41,9.41,0.0094,1024,99
S1-1x,3138,36.531,9.18,9.18,0.0092,1076,99
S1-1x,3139,36.541,9.68,9.69,0.0097,1024,99
S1-1x,3140,36.552,10.64,10.61,0.0106,2260,95
S1-1x,3141,36.563,11.40,11.41,0.0114,2980,95
S1-1x,3142,36.574,10.71,10.70,0.0107,1024,95
S1-1x,3143,36.584,10.17,10.19,0.0102,1024,95
S1-1x,3144,36.595,11.04,11.00,0.0110,1828,95
S1-1x,3145,36.605,10.59,10.59,0.0106,1024,95
S1-1x,3146,36.616,10.49,10.50,0.0105,1024,95
S1-1x,3147,36.626,10.32,10.30,0.0103,1024,95
S1-1x,3148,36.637,10.76,10.79,0.0108,1570,94
S1-1x,3149,36.647,10.43,10.41,0.0104,1024,94
S1-1x,3150,36.658,10.53,10.50,0.0105,1024,94
S1-1x,3151,36.669,10.45,10.48,0.0105,1024,94
S1-1x,3152,36.679,10.19,10.19,0.0102,1024,94
S1-1x,3153,36.689,10.10,10.11,0.0101,1024,94
S1-1x,3154,36.699,10.13,10.10,0.0101,1024,94
S1-1x,3155,36.709,10.28,10.29,0.0103,1900,94
S1-1x,3156,36.719,10.30,10.31,0.0103,1024,94
S1-1x,3157,36.729,9.79,9.79,0.0098,1024,94
S1-1x,3158,36.739,9.67,9.69,0.0097,1076,94
S1-1x,3159,36.749,9.62,9.61,0.0096,1024,94
S1-1x,3160,36.758,9.71,9.71,0.0097,1024,94
S1-1x,3161,36.769,10.31,10.30,0.0103,1972,94
S1-1x,3162,36.778,9.88,9.89,0.0099,1024,94
S1-1x,3163,36.789,10.20,10.21,0.0102,2188,94
S1-1x,3164,36.798,9.82,9.80,0.0098,1024,94
S1-1x,3165,36.809,10.01,9.99,0.0100,1024,94
S1-1x,3166,36.819,10.61,10.61,0.0106,1024,94
S1-1x,3167,36.829,10.29,10.30,0.0103,1024,94
S1-1x,3168,36.839,9.34,9.37,0.0093,1024,94
S1-1x,3169,36.849,10.11,10.10,0.0101,1900,94
S1-1x,3170,36.859,10.14,10.12,0.0101,1828,94
S1-1x,3171,36.870,11.01,11.00,0.0110,4300,92
S1-1x,3172,36.880,9.79,9.80,0.0098,1024,92
S1-1x,3173,36.889,9.50,9.51,0.0095,1024,92
S1-1x,3174,36.899,9.50,9.49,0.0095,1024,92
S1-1x,3175,36.908,9.28,9.29,0.0093,1024,92
S1-1x,3176,36.918,9.61,9.61,0.0096,1152,92
S1-1x,3177,36.927,9.32,9.29,0.0093,1024,92
S1-1x,3178,36.937,10.26,10.29,0.0103,2660,92
S1-1x,3179,36.947,9.41,9.41,0.0094,1076,92
S1-1x,3180,36.956,9.30,9.29,0.0093,1024,92
S1-1x,3181,36.965,9.51,9.50,0.0095,1024,92
S1-1x,3182,36.975,9.50,9.50,0.0095,1024,92
S1-1x,3183,36.984,9.27,9.28,0.0093,1024,92
S1-1x,3184,36.993,9.10,9.09,0.0091,1024,92
S1-1x,3185,37.003,9.83,9.82,0.0098,1282,91
S1-1x,3186,37.013,9.29,9.29,0.0093,1024,91
S1-1x,3187,37.022,9.41,9.40,0.0094,1024,91
S1-1x,3188,37.032,9.79,9.80,0.0098,1210,90
S1-1x,3189,37.041,9.19,9.20,0.0092,1024,90
S1-1x,3190,37.050,9.60,9.61,0.0096,1828,90
S1-1x,3191,37.060,9.42,9.39,0.0094,1024,90
S1-1x,3192,37.070,9.89,9.90,0.0099,2260,89
S1-1x,3193,37.079,9.32,9.30,0.0093,1024,89
S1-1x,3194,37.088,9.36,9.38,0.0094,1096,89
S1-1x,3195,37.098,9.13,9.11,0.0091,1024,89
S1-1x,3196,37.107,8.99,9.00,0.0090,1024,89
S1-1x,3197,37.116,9.10,9.10,0.0091,1024,89
S1-1x,3198,37.126,10.00,10.00,0.0100,3036,88
S1-1x,3199,37.135,9.16,9.17,0.0092,1024,88
S1-1x,3200,37.145,9.85,9.83,0.0099,1828,87
S1-1x,3201,37.155,10.51,10.49,0.0105,2512,87
S1-1x,3202,37.166,10.37,10.39,0.0104,1828,86
S1-1x,3203,37.175,9.62,9.60,0.0096,1024,86
S1-1x,3204,37.185,9.77,9.79,0.0098,1828,86
S1-1x,3205,37.194,9.42,9.41,0.0094,1024,86
S1-1x,3206,37.204,9.38,9.39,0.0094,1024,86
S1-1x,3207,37.213,9.41,9.39,0.0094,984,86
S1-1x,3208,37.223,9.41,9.41,0.0094,1024,86
S1-1x,3209,37.233,10.03,10.03,0.0100,1900,86
S1-1x,3210,37.242,9.87,9.88,0.0099,1828,86
S1-1x,3211,37.253,10.30,10.30,0.0103,1828,84
S1-1x,3212,37.263,10.00,9.99,0.0100,1828,84
S1-1x,3213,37.273,10.12,10.10,0.0101,1828,84
S1-1x,3214,37.282,9.47,9.49,0.0095,1024,84
S1-1x,3215,37.292,9.52,9.50,0.0095,2132,84
S1-1x,3216,37.302,10.11,10.10,0.0101,1024,84
S1-1x,3217,37.312,9.58,9.59,0.0096,1024,84
S1-1x,3218,37.321,9.79,9.79,0.0098,1024,84
S1-1x,3219,37.331,9.72,9.70,0.0097,1152,84
S1-1x,3220,37.341,10.09,10.10,0.0101,1972,84
S1-1x,3221,37.352,10.58,10.58,0.0106,2316,84
S1-1x,3222,37.362,10.12,10.12,0.0101,1076,84
S1-1x,3223,37.372,9.79,9.79,0.0098,1024,84
S1-1x,3224,37.381,9.44,9.40,0.0094,1024,84
S1-1x,3225,37.391,9.49,9.50,0.0095,1096,84
S1-1x,3226,37.400,9.69,9.69,0.0097,1024,84
S1-1x,3227,37.410,9.51,9.51,0.0095,1024,84
S1-1x,3228,37.419,9.58,9.60,0.0096,1024,84
S1-1x,3229,37.430,10.51,10.50,0.0105,3468,84
S1-1x,3230,37.440,9.79,9.80,0.0098,1024,84
S1-1x,3231,37.449,9.70,9.70,0.0097,1024,84
S1-1x,3232,37.459,10.11,10.10,0.0101,1900,84
S1-1x,3233,37.469,9.88,9.89,0.0099,1240,84
S1-1x,3234,37.480,10.31,10.30,0.0103,1972,84
S1-1x,3235,37.490,9.80,9.80,0.0098,1024,84
S1-1x,3236,37.500,10.41,10.40,0.0104,1828,84
S1-1x,3237,37.510,9.90,9.90,0.0099,1024,84
S1-1x,3238,37.519,9.69,9.69,0.0097,1024,84
S1-1x,3239,37.530,10.19,10.20,0.0102,1900,83
S1-1x,3240,37.539,9.70,9.70,0.0097,1024,83
S1-1x,3241,37.550,10.10,10.09,0.0101,1828,83
S1-1x,3242,37.559,9.61,9.60,0.0096,1024,83
S1-1x,3243,37.569,9.70,9.70,0.0097,1076,83
S1-1x,3244,37.578,9.29,9.29,0.0093,1024,83
S1-1x,3245,37.588,9.99,10.00,0.0100,1828,83
S1-1x,3246,37.598,9.82,9.81,0.0098,1024,83
S1-1x,3247,37.607,9.51,9.49,0.0095,1096,83
S1-1x,3248,37.617,9.30,9.30,0.0093,1168,83
S1-1x,3249,37.626,9.78,9.79,0.0098,2100,83
S1-1x,3250,37.636,9.30,9.31,0.0093,1152,83
S1-1x,3251,37.645,9.30,9.29,0.0093,1024,83
S1-1x,3252,37.654,9.00,9.00,0.0090,1024,83
S1-1x,3253,37.664,10.20,10.20,0.0102,3412,82
S1-1x,3254,37.674,10.00,9.99,0.0100,1828,82
S1-1x,3255,37.684,9.38,9.40,0.0094,1024,82
S1-1x,3256,37.693,9.71,9.70,0.0097,1828,82
S1-1x,3257,37.703,9.72,9.71,0.0097,1024,82
S1-1x,3258,37.713,9.40,9.39,0.0094,1024,82
S1-1x,3259,37.722,9.09,9.10,0.0091,1024,82
S1-1x,3260,37.731,9.31,9.30,0.0093,1024,82
S1-1x,3261,37.740,8.98,8.99,0.0090,1024,82
S1-1x,3262,37.749,9.11,9.10,0.0091,1024,82
S1-1x,3263,37.759,9.84,9.81,0.0098,1900,82
S1-1x,3264,37.768,9.37,9.39,0.0094,1024,82
S1-1x,3265,37.778,9.40,9.40,0.0094,1076,82
S1-1x,3266,37.787,8.99,8.99,0.0090,1024,82
S1-1x,3267,37.795,8.82,8.81,0.0088,1024,82
S1-1x,3268,37.804,8.99,8.99,0.0090,1024,82
S1-1x,3269,37.813,8.91,8.90,0.0089,1024,82
S1-1x,3270,37.822,8.79,8.79,0.0088,1024,82
S1-1x,3271,37.832,9.62,9.61,0.0096,2100,82
S1-1x,3272,37.842,10.10,10.09,0.0101,1956,80
S1-1x,3273,37.852,10.10,10.11,0.0101,1972,79
S1-1x,3274,37.862,10.22,10.22,0.0102,2044,79
S1-1x,3275,37.872,9.46,9.47,0.0095,1024,79
S1-1x,3276,37.881,9.40,9.40,0.0094,1024,79
S1-1x,3277,37.891,9.61,9.61,0.0096,1828,79
S1-1x,3278,37.900,9.74,9.70,0.0097,1024,79
S1-1x,3279,37.910,9.26,9.29,0.0093,1024,79
S1-1x,3280,37.919,9.20,9.19,0.0092,1024,79
S1-1x,3281,37.928,9.11,9.10,0.0091,1024,79
S1-1x,3282,37.937,9.09,9.10,0.0091,1024,79
S1-1x,3283,37.947,9.60,9.59,0.0096,2548,79
S1-1x,3284,37.956,9.33,9.31,0.0093,1024,79
S1-1x,3285,37.965,9.09,9.10,0.0091,1024,79
S1-1x,3286,37.974,9.20,9.19,0.0092,1024,79
S1-1x,3287,37.983,8.87,8.90,0.0089,1076,79
S1-1x,3288,37.992,8.81,8.80,0.0088,1024,79
S1-1x,3289,38.001,8.90,8.90,0.0089,1024,79
S1-1x,3290,38.010,9.62,9.60,0.0096,3124,79
S1-1x,3291,38.019,8.97,8.99,0.0090,1024,79
S1-1x,3292,38.029,9.12,9.11,0.0091,1064,79
S1-1x,3293,38.038,9.28,9.30,0.0093,2028,79
S1-1x,3294,38.047,9.01,8.99,0.0090,1024,79
S1-1x,3295,38.056,8.90,8.90,0.0089,1024,79
S1-1x,3296,38.066,10.05,9.80,0.0101,1024,79
S1-1x,3297,38.075,9.55,9.79,0.0096,1024,79
S1-1x,3298,38.085,9.90,9.90,0.0099,1024,79
S1-1x,3299,38.095,10.12,10.09,0.0101,984,79
S1-1x,3300,38.105,10.01,10.00,0.0100,1024,79
S1-1x,3301,38.115,9.78,9.80,0.0098,1024,79
S1-1x,3302,38.125,10.42,10.40,0.0104,1900,79
S1-1x,3303,38.136,10.17,10.19,0.0102,1900,79
S1-1x,3304,38.145,9.80,9.79,0.0098,1024,79
S1-1x,3305,38.155,9.72,9.70,0.0097,1024,79
S1-1x,3306,38.166,10.70,10.71,0.0107,2204,77
S1-1x,3307,38.176,10.31,10.29,0.0103,2116,77
S1-1x,3308,38.186,9.77,9.80,0.0098,1076,77
S1-1x,3309,38.197,11.03,11.01,0.0110,3084,76
S1-1x,3310,38.207,9.69,9.69,0.0097,984,76
S1-1x,3311,38.216,9.41,9.40,0.0094,1024,76
S1-1x,3312,38.226,9.48,9.50,0.0095,984,76
S1-1x,3313,38.235,9.10,9.09,0.0091,1024,76
S1-1x,3314,38.244,9.32,9.31,0.0093,1024,76
S1-1x,3315,38.253,9.30,9.30,0.0093,1024,76
S1-1x,3316,38.263,9.28,9.29,0.0093,984,76
S1-1x,3317,38.272,9.62,9.60,0.0096,1828,76
S1-1x,3318,38.282,9.38,9.40,0.0094,984,76
S1-1x,3319,38.291,9.13,9.09,0.0091,984,76
S1-1x,3320,38.300,9.26,9.29,0.0093,1024,76
S1-1x,3321,38.310,10.01,10.00,0.0100,1820,75
S1-1x,3322,38.320,9.53,9.52,0.0095,1024,75
S1-1x,3323,38.328,8.88,8.88,0.0089,1024,75
S1-1x,3324,38.337,8.88,8.90,0.0089,1024,75
S1-1x,3325,38.346,8.94,8.90,0.0089,1024,75
S1-1x,3326,38.355,9.08,9.10,0.0091,984,75
S1-1x,3327,38.364,9.00,8.99,0.0090,1024,75
S1-1x,3328,38.373,8.89,8.89,0.0089,984,75
S1-1x,3329,38.383,9.62,9.62,0.0096,1024,75
S1-1x,3330,38.393,9.75,9.76,0.0098,2928,75
S1-1x,3331,38.401,8.94,8.92,0.0089,1024,75
S1-1x,3332,38.411,9.28,9.30,0.0093,1788,75
S1-1x,3333,38.420,9.11,9.10,0.0091,1024,75
S1-1x,3334,38.429,9.08,9.09,0.0091,1210,75
S1-1x,3335,38.438,8.59,8.59,0.0086,1024,75
S1-1x,3336,38.446,8.80,8.79,0.0088,984,75
S1-1x,3337,38.455,8.63,8.62,0.0086,984,75
S1-1x,3338,38.464,9.08,9.09,0.0091,2044,75
S1-1x,3339,38.473,8.92,8.91,0.0089,1168,75
S1-1x,3340,38.482,9.45,9.47,0.0095,2188,74
S1-1x,3341,38.491,8.73,8.70,0.0087,1024,74
S1-1x,3342,38.500,8.80,8.81,0.0088,1024,74
S1-1x,3343,38.509,8.75,8.71,0.0087,1024,74
S1-1x,3344,38.518,9.05,9.09,0.0091,1828,74
S1-1x,3345,38.527,9.51,9.50,0.0095,1972,74
S1-1x,3346,38.537,9.28,9.29,0.0093,1152,74
S1-1x,3347,38.546,9.91,9.91,0.0099,2980,70
S1-1x,3348,38.556,9.32,9.30,0.0093,1024,70
S1-1x,3349,38.565,9.08,9.08,0.0091,984,70
S1-1x,3350,38.574,9.33,9.32,0.0093,1024,70
S1-1x,3351,38.583,9.08,9.08,0.0091,1024,70
S1-1x,3352,38.593,9.61,9.61,0.0096,1952,70
S1-1x,3353,38.602,9.33,9.31,0.0093,1024,70
S1-1x,3354,38.611,9.07,9.08,0.0091,1024,70
S1-1x,3355,38.620,8.93,8.91,0.0089,1024,70
S1-1x,3356,38.630,9.36,9.39,0.0094,1788,70
S1-1x,3357,38.639,9.59,9.59,0.0096,1900,70
S1-1x,3358,38.649,9.90,9.91,0.0099,1900,69
S1-1x,3359,38.658,9.30,9.29,0.0093,1024,69
S1-1x,3360,38.667,9.01,9.01,0.0090,1024,69
S1-1x,3361,38.676,8.83,8.80,0.0088,1024,69
S1-1x,3362,38.685,8.85,8.89,0.0089,1024,69
S1-1x,3363,38.694,9.24,9.21,0.0092,1096,69
S1-1x,3364,38.703,8.98,8.99,0.0090,1024,69
S1-1x,3365,38.713,9.41,9.40,0.0094,1900,69
S1-1x,3366,38.722,9.09,9.09,0.0091,1024,69
S1-1x,3367,38.731,9.52,9.51,0.0095,1828,69
S1-1x,3368,38.740,9.17,9.18,0.0092,1152,69
S1-1x,3369,38.750,9.21,9.20,0.0092,1972,69
S1-1x,3370,38.759,9.22,9.21,0.0092,1024,69
S1-1x,3371,38.768,9.51,9.50,0.0095,1024,69
S1-1x,3372,38.779,10.77,10.78,0.0108,3340,69
S1-1x,3373,38.789,10.11,10.11,0.0101,1828,69
S1-1x,3374,38.799,9.70,9.70,0.0097,1076,69
S1-1x,3375,38.808,9.41,9.40,0.0094,1024,69
S1-1x,3376,38.818,9.78,9.80,0.0098,1024,69
S1-1x,3377,38.828,10.20,10.20,0.0102,2028,69
S1-1x,3378,38.838,9.60,9.60,0.0096,1024,69
S1-1x,3379,38.847,9.44,9.40,0.0094,1024,69
S1-1x,3380,38.856,8.96,8.99,0.0090,1024,69
S1-1x,3381,38.865,8.95,8.91,0.0089,1024,69
S1-1x,3382,38.875,9.76,9.79,0.0098,1828,69
S1-1x,3383,38.884,9.30,9.29,0.0093,1024,69
S1-1x,3384,38.894,9.31,9.31,0.0093,1024,69
S1-1x,3385,38.903,9.31,9.29,0.0093,1024,69
S1-1x,3386,38.913,10.22,10.21,0.0102,2332,69
S1-1x,3387,38.923,9.68,9.69,0.0097,1024,69
S1-1x,3388,38.933,9.77,9.77,0.0098,1828,69
S1-1x,3389,38.942,9.41,9.43,0.0094,1152,69
S1-1x,3390,38.952,9.41,9.40,0.0094,1024,69
S1-1x,3391,38.961,9.22,9.20,0.0092,1024,69
S1-1x,3392,38.970,9.41,9.41,0.0094,1024,69
S1-1x,3393,38.980,9.98,10.00,0.0100,2044,68
S1-1x,3394,38.990,9.67,9.68,0.0097,1024,68
S1-1x,3395,39.000,10.22,10.21,0.0102,2312,68
S1-1x,3396,39.009,9.10,9.11,0.0091,1096,68
S1-1x,3397,39.018,9.00,8.99,0.0090,1024,68
S1-1x,3398,39.028,9.48,9.49,0.0095,1828,68
S1-1x,3399,39.037,9.78,9.79,0.0098,1972,67
S1-1x,3400,39.047,9.33,9.31,0.0093,944,67
S1-1x,3401,39.057,10.04,10.01,0.0100,2476,67
S1-1x,3402,39.066,9.26,9.28,0.0093,1024,67
S1-1x,3403,39.075,9.15,9.12,0.0092,1024,67
S1-1x,3404,39.085,9.63,9.68,0.0096,1900,67
S1-1x,3405,39.094,8.93,8.91,0.0089,1024,67
S1-1x,3406,39.103,9.09,9.10,0.0091,1024,67
S1-1x,3407,39.113,9.89,9.89,0.0099,2604,66
S1-1x,3408,39.122,9.70,9.70,0.0097,1210,66
S1-1x,3409,39.133,10.31,10.29,0.0103,1828,66
S1-1x,3410,39.142,9.19,9.21,0.0092,1024,66
S1-1x,3411,39.151,8.89,8.88,0.0089,1024,66
S1-1x,3412,39.160,9.72,9.71,0.0097,1972,66
S1-1x,3413,39.170,9.11,9.11,0.0091,1024,66
S1-1x,3414,39.179,9.80,9.79,0.0098,1828,66
S1-1x,3415,39.189,9.30,9.28,0.0093,1024,66
S1-1x,3416,39.198,9.00,9.02,0.0090,1024,66
S1-1x,3417,39.206,8.60,8.59,0.0086,1076,66
S1-1x,3418,39.215,8.48,8.50,0.0085,1096,66
S1-1x,3419,39.224,9.61,9.60,0.0096,1900,66
S1-1x,3420,39.233,8.98,9.00,0.0090,1024,66
S1-1x,3421,39.243,9.55,9.51,0.0095,1828,66
S1-1x,3422,39.252,8.97,9.00,0.0090,1024,66
S1-1x,3423,39.261,8.70,8.69,0.0087,1024,66
S1-1x,3424,39.269,8.70,8.70,0.0087,1024,66
S1-1x,3425,39.278,9.09,9.09,0.0091,1024,66
S1-1x,3426,39.287,8.60,8.61,0.0086,1168,66
S1-1x,3427,39.296,8.84,8.80,0.0088,1024,66
S1-1x,3428,39.304,8.57,8.60,0.0086,1024,66
S1-1x,3429,39.314,9.11,9.09,0.0091,2404,65
S1-1x,3430,39.323,9.12,9.10,0.0091,1024,65
S1-1x,3431,39.333,10.11,10.13,0.0101,1932,64
S1-1x,3432,39.342,9.27,9.27,0.0093,1024,64
S1-1x,3433,39.351,8.61,8.59,0.0086,1024,64
S1-1x,3434,39.359,8.60,8.61,0.0086,1024,64
S1-1x,3435,39.368,8.50,8.49,0.0085,1024,64
S1-1x,3436,39.376,8.51,8.50,0.0085,1024,64
S1-1x,3437,39.385,8.57,8.59,0.0086,1024,64
S1-1x,3438,39.393,8.62,8.60,0.0086,1168,64
S1-1x,3439,39.402,8.52,8.51,0.0085,1024,64
S1-1x,3440,39.410,8.37,8.39,0.0084,1204,64
S1-1x,3441,39.419,8.41,8.41,0.0084,1024,64
S1-1x,3442,39.427,8.31,8.30,0.0083,1024,64
S1-1x,3443,39.436,8.58,8.59,0.0086,1024,64
S1-1x,3444,39.444,8.84,8.81,0.0088,1024,64
S1-1x,3445,39.453,8.77,8.78,0.0088,1900,64
S1-1x,3446,39.462,8.60,8.60,0.0086,1024,64
S1-1x,3447,39.470,8.41,8.41,0.0084,1096,64
S1-1x,3448,39.478,8.31,8.30,0.0083,1024,64
S1-1x,3449,39.487,8.16,8.17,0.0082,1024,64
S1-1x,3450,39.495,8.22,8.21,0.0082,1024,64
S1-1x,3451,39.503,8.33,8.30,0.0083,1096,64
S1-1x,3452,39.511,8.08,8.10,0.0081,1024,64
S1-1x,3453,39.519,8.03,8.01,0.0080,1024,64
S1-1x,3454,39.527,8.08,8.09,0.0081,1024,64
S1-1x,3455,39.535,8.07,8.09,0.0081,1024,64
S1-1x,3456,39.543,7.92,7.91,0.0079,1024,64
S1-1x,3457,39.551,7.81,7.80,0.0078,1024,64
S1-1x,3458,39.559,7.90,7.90,0.0079,1024,64
S1-1x,3459,39.567,7.98,7.99,0.0080,1024,64
S1-1x,3460,39.575,7.95,7.91,0.0079,1024,64
S1-1x,3461,39.583,8.16,8.19,0.0082,1024,64
S1-1x,3462,39.591,8.00,8.00,0.0080,1024,64
S1-1x,3463,39.599,7.60,7.59,0.0076,1024,64
S1-1x,3464,39.606,7.71,7.70,0.0077,1024,64
S1-1x,3465,39.614,7.72,7.71,0.0077,1300,64
S1-1x,3466,39.622,7.68,7.69,0.0077,1024,64
S1-1x,3467,39.630,7.69,7.70,0.0077,1024,64
S1-1x,3468,39.637,7.69,7.70,0.0077,1024,64
S1-1x,3469,39.645,7.61,7.60,0.0076,1024,64
S1-1x,3470,39.653,7.70,7.69,0.0077,1024,64
S1-1x,3471,39.660,7.52,7.50,0.0075,1024,64
S1-1x,3472,39.668,7.59,7.59,0.0076,1024,64
S1-1x,3473,39.675,7.50,7.50,0.0075,1024,64
S1-1x,3474,39.683,7.57,7.59,0.0076,1024,64
S1-1x,3475,39.690,7.62,7.61,0.0076,1024,64
S1-1x,3476,39.698,7.39,7.39,0.0074,1024,64
S1-1x,3477,39.706,8.31,8.29,0.0083,3948,63
S1-1x,3478,39.714,8.09,8.10,0.0081,1024,63
S1-1x,3479,39.722,7.93,7.91,0.0079,1024,63
S1-1x,3480,39.730,8.07,8.09,0.0081,2100,63
S1-1x,3481,39.738,7.93,7.91,0.0079,1024,63
S1-1x,3482,39.746,7.68,7.68,0.0077,1024,63
S1-1x,3483,39.753,7.59,7.59,0.0076,1024,63
S1-1x,3484,39.762,8.32,8.32,0.0083,2332,63
S1-1x,3485,39.770,7.89,7.88,0.0079,1024,63
S1-1x,3486,39.778,8.40,8.41,0.0084,2532,63
S1-1x,3487,39.786,8.29,8.29,0.0083,1024,63
S1-1x,3488,39.794,8.11,8.10,0.0081,1024,63
S1-1x,3489,39.802,7.89,7.89,0.0079,1024,63
S1-1x,3490,39.810,7.91,7.90,0.0079,1024,63
S1-1x,3491,39.818,8.00,8.00,0.0080,1276,63
S1-1x,3492,39.827,8.40,8.40,0.0084,2404,63
S1-1x,3493,39.835,7.99,7.99,0.0080,1024,63
S1-1x,3494,39.843,8.14,8.12,0.0081,1024,63
S1-1x,3495,39.851,7.99,8.00,0.0080,1096,63
S1-1x,3496,39.858,7.80,7.80,0.0078,1024,63
S1-1x,3497,39.866,7.79,7.80,0.0078,1024,63
S1-1x,3498,39.874,7.90,7.89,0.0079,1024,63
S1-1x,3499,39.883,8.50,8.50,0.0085,1972,63
S1-1x,3500,39.891,8.14,8.12,0.0081,1024,63
S1-1x,3501,39.899,7.96,7.99,0.0080,1024,63
S1-1x,3502,39.907,7.83,7.80,0.0078,1024,63
S1-1x,3503,39.914,7.68,7.70,0.0077,1024,63
S1-1x,3504,39.922,7.60,7.60,0.0076,1024,63
S1-1x,3505,39.930,7.61,7.60,0.0076,1024,63
S1-1x,3506,39.937,7.88,7.90,0.0079,1224,63
S1-1x,3507,39.945,7.70,7.68,0.0077,1024,63
S1-1x,3508,39.953,7.79,7.81,0.0078,1024,63
S1-1x,3509,39.961,8.32,8.30,0.0083,1972,62
S1-1x,3510,39.969,8.09,8.09,0.0081,1024,62
S1-1x,3511,39.978,8.81,8.80,0.0088,1828,62
S1-1x,3512,39.986,8.41,8.41,0.0084,1096,62
S1-1x,3513,39.995,8.00,8.00,0.0080,1024,62
S1-1x,3514,40.003,8.62,8.60,0.0086,1828,62
S1-1x,3515,40.012,8.57,8.59,0.0086,1828,62
S1-1x,3516,40.020,8.00,8.00,0.0080,1076,62
S1-1x,3517,40.028,7.90,7.90,0.0079,1024,62
S1-1x,3518,40.035,7.69,7.70,0.0077,1024,62
S1-1x,3519,40.043,7.82,7.81,0.0078,1024,62
S1-1x,3520,40.051,8.20,8.19,0.0082,1900,60
S1-1x,3521,40.059,8.02,8.01,0.0080,1024,60
S1-1x,3522,40.067,7.99,7.80,0.0080,1024,60
S1-1x,3523,40.075,7.80,7.99,0.0078,1024,60
S1-1x,3524,40.083,7.70,7.70,0.0077,1024,60
S1-1x,3525,40.091,7.99,8.00,0.0080,1024,60
S1-1x,3526,40.099,8.60,8.60,0.0086,1828,60
S1-1x,3527,40.107,8.11,8.10,0.0081,1024,60
S1-1x,3528,40.116,8.50,8.49,0.0085,1828,59
S1-1x,3529,40.124,8.10,8.11,0.0081,984,59
S1-1x,3530,40.133,8.59,8.52,0.0086,1024,59
S1-1x,3531,40.141,8.12,8.18,0.0081,1152,59
S1-1x,3532,40.149,7.78,7.78,0.0078,1024,59
S1-1x,3533,40.156,7.71,7.71,0.0077,1024,59
S1-1x,3534,40.164,7.80,7.80,0.0078,1024,59
S1-1x,3535,40.173,8.61,8.58,0.0086,1828,59
S1-1x,3536,40.181,8.70,8.72,0.0087,1210,57
S1-1x,3537,40.190,8.68,8.68,0.0087,1828,55
S1-1x,3538,40.199,8.91,8.90,0.0089,1024,54
S1-1x,3539,40.207,8.03,8.01,0.0080,1024,54
S1-1x,3540,40.215,7.69,7.69,0.0077,1024,54
S1-1x,3541,40.223,7.91,7.90,0.0079,1076,54
S1-1x,3542,40.231,8.00,7.99,0.0080,1024,54
S1-1x,3543,40.238,7.67,7.70,0.0077,1024,54
S1-1x,3544,40.246,7.71,7.71,0.0077,1024,54
S1-1x,3545,40.254,7.81,7.79,0.0078,1024,54
S1-1x,3546,40.261,7.70,7.70,0.0077,1024,54
S1-1x,3547,40.270,8.29,8.29,0.0083,1900,54
S1-1x,3548,40.278,8.18,8.19,0.0082,1024,54
S1-1x,3549,40.286,7.99,7.98,0.0080,1096,54
S1-1x,3550,40.294,7.60,7.60,0.0076,1024,54
S1-1x,3551,40.301,7.60,7.61,0.0076,1024,54
S1-1x,3552,40.309,8.04,8.01,0.0080,1024,54
S1-1x,3553,40.317,7.78,7.79,0.0078,1024,54
S1-1x,3554,40.325,7.70,7.70,0.0077,1024,54
S1-1x,3555,40.333,8.50,8.50,0.0085,1900,54
S1-1x,3556,40.341,8.11,8.10,0.0081,1024,54
S1-1x,3557,40.349,7.69,7.70,0.0077,1024,54
S1-1x,3558,40.357,7.71,7.70,0.0077,1024,54
S1-1x,3559,40.364,7.67,7.69,0.0077,1024,54
S1-1x,3560,40.372,7.40,7.40,0.0074,1024,54
S1-1x,3561,40.380,7.74,7.71,0.0077,1096,54
S1-1x,3562,40.388,8.46,8.49,0.0085,2116,54
S1-1x,3563,40.396,7.92,7.89,0.0079,1024,54
S1-1x,3564,40.404,7.68,7.69,0.0077,1024,54
S1-1x,3565,40.412,8.40,8.40,0.0084,3268,53
S1-1x,3566,40.420,7.81,7.80,0.0078,1024,53
S1-1x,3567,40.428,8.20,8.19,0.0082,2168,53
S1-1x,3568,40.436,7.77,7.80,0.0078,1024,53
S1-1x,3569,40.443,7.73,7.71,0.0077,1024,53
S1-1x,3570,40.451,7.72,7.70,0.0077,1168,53
S1-1x,3571,40.460,8.39,8.40,0.0084,1900,53
S1-1x,3572,40.468,8.20,8.19,0.0082,1224,53
S1-1x,3573,40.476,8.10,8.10,0.0081,1168,53
S1-1x,3574,40.485,8.98,8.99,0.0090,3556,51
S1-1x,3575,40.494,9.11,9.10,0.0091,1828,50
S1-1x,3576,40.502,8.41,8.39,0.0084,1024,50
S1-1x,3577,40.510,7.90,7.91,0.0079,1024,50
S1-1x,3578,40.519,8.30,8.30,0.0083,1152,50
S1-1x,3579,40.527,8.10,8.09,0.0081,1024,50
S1-1x,3580,40.535,8.09,8.09,0.0081,1024,50
S1-1x,3581,40.543,8.00,7.99,0.0080,1024,50
S1-1x,3582,40.551,7.99,7.99,0.0080,1024,50
S1-1x,3583,40.559,8.13,8.11,0.0081,1096,50
S1-1x,3584,40.567,8.29,8.30,0.0083,1024,50
S1-1x,3585,40.576,8.92,8.91,0.0089,1900,50
S1-1x,3586,40.585,8.96,8.98,0.0090,1828,50
S1-1x,3587,40.594,8.52,8.50,0.0085,1024,50
S1-1x,3588,40.602,8.19,8.20,0.0082,1024,50
S1-1x,3589,40.610,8.10,8.09,0.0081,1024,50
S1-1x,3590,40.618,7.90,7.91,0.0079,1024,50
S1-1x,3591,40.626,8.50,8.50,0.0085,1828,50
S1-1x,3592,40.635,8.88,8.90,0.0089,1880,50
S1-1x,3593,40.644,8.71,8.69,0.0087,1024,50
S1-1x,3594,40.653,8.80,8.81,0.0088,1828,50
S1-1x,3595,40.661,8.44,8.39,0.0084,1024,50
S1-1x,3596,40.669,8.07,8.10,0.0081,1152,50
S1-1x,3597,40.677,7.90,7.90,0.0079,1024,50
S1-1x,3598,40.685,7.89,7.89,0.0079,1024,50
S1-1x,3599,40.693,8.00,8.00,0.0080,1024,50
S1-1x,3600,40.701,8.00,8.00,0.0080,1024,50
S1-1x,3601,40.709,7.81,7.80,0.0078,1024,50
S1-1x,3602,40.717,8.10,8.10,0.0081,1024,50
S1-1x,3603,40.725,8.13,8.11,0.0081,1152,50
S1-1x,3604,40.733,8.16,8.19,0.0082,1024,50
S1-1x,3605,40.741,8.11,8.10,0.0081,1024,50
S1-1x,3606,40.749,7.88,7.88,0.0079,1024,50
S1-1x,3607,40.757,8.02,8.02,0.0080,1024,50
S1-1x,3608,40.765,8.10,8.09,0.0081,1024,50
S1-1x,3609,40.773,8.12,8.11,0.0081,1024,50
S1-1x,3610,40.782,8.77,8.79,0.0088,1900,50
S1-1x,3611,40.791,8.52,8.51,0.0085,1024,50
S1-1x,3612,40.799,8.80,8.79,0.0088,1900,50
S1-1x,3613,40.809,9.08,9.09,0.0091,1828,50
S1-1x,3614,40.817,8.49,8.49,0.0085,1024,50
S1-1x,3615,40.825,8.33,8.31,0.0083,1024,50
S1-1x,3616,40.834,8.30,8.30,0.0083,1024,50
S1-1x,3617,40.842,8.29,8.30,0.0083,1076,50
S1-1x,3618,40.850,8.08,8.08,0.0081,1096,50
S1-1x,3619,40.859,8.81,8.81,0.0088,1828,50
S1-1x,3620,40.867,8.62,8.61,0.0086,1024,50
S1-1x,3621,40.876,8.59,8.59,0.0086,1152,50
S1-1x,3622,40.884,8.18,8.19,0.0082,1024,50
S1-1x,3623,40.892,8.21,8.21,0.0082,1024,50
S1-1x,3624,40.901,8.10,8.09,0.0081,1024,50
S1-1x,3625,40.909,8.02,8.01,0.0080,1024,50
S1-1x,3626,40.917,8.09,8.09,0.0081,1024,50
S1-1x,3627,40.925,7.90,7.89,0.0079,1024,50
S1-1x,3628,40.933,8.09,8.10,0.0081,1152,50
S1-1x,3629,40.941,8.21,8.21,0.0082,1024,50
S1-1x,3630,40.949,7.80,7.80,0.0078,1024,50
S1-1x,3631,40.957,7.91,7.91,0.0079,1024,50
S1-1x,3632,40.965,8.68,8.69,0.0087,1900,50
S1-1x,3633,40.973,8.10,8.09,0.0081,1024,50
S1-1x,3634,40.981,8.00,8.00,0.0080,1024,50
S1-1x,3635,40.990,8.51,8.50,0.0085,2116,49
S1-1x,3636,40.998,7.98,7.99,0.0080,1072,49
S1-1x,3637,41.005,7.60,7.60,0.0076,1024,49
S1-1x,3638,41.014,8.09,8.10,0.0081,1900,49
S1-1x,3639,41.021,7.81,7.80,0.0078,1096,49
S1-1x,3640,41.029,7.40,7.40,0.0074,1024,49
S1-1x,3641,41.036,7.49,7.49,0.0075,1024,49
S1-1x,3642,41.044,7.52,7.50,0.0075,1076,49
S1-1x,3643,41.051,7.59,7.60,0.0076,1024,49
S1-1x,3644,41.059,7.49,7.50,0.0075,1024,49
S1-1x,3645,41.066,7.49,7.49,0.0075,1152,49
S1-1x,3646,41.074,7.51,7.51,0.0075,1024,49
S1-1x,3647,41.082,7.80,7.80,0.0078,1024,49
S1-1x,3648,41.089,7.58,7.60,0.0076,1168,49
S1-1x,3649,41.097,7.64,7.61,0.0076,1024,49
S1-1x,3650,41.104,7.38,7.39,0.0074,1024,49
S1-1x,3651,41.112,8.10,8.11,0.0081,2332,49
S1-1x,3652,41.120,7.69,7.69,0.0077,1024,49
S1-1x,3653,41.128,7.60,7.60,0.0076,1024,49
S1-1x,3654,41.136,8.40,8.40,0.0084,3412,49
S1-1x,3655,41.144,8.11,8.10,0.0081,1024,49
S1-1x,3656,41.152,7.71,7.70,0.0077,1024,49
S1-1x,3657,41.161,8.68,8.70,0.0087,3484,48
S1-1x,3658,41.169,8.90,8.90,0.0089,1788,47
S1-1x,3659,41.178,8.72,8.70,0.0087,1828,47
S1-1x,3660,41.187,8.87,8.88,0.0089,1828,46
S1-1x,3661,41.195,8.22,8.22,0.0082,944,46
S1-1x,3662,41.203,8.10,8.09,0.0081,1152,46
S1-1x,3663,41.211,7.98,7.99,0.0080,1024,46
S1-1x,3664,41.219,7.81,7.81,0.0078,1024,46
S1-1x,3665,41.227,7.69,7.70,0.0077,1024,46
S1-1x,3666,41.235,7.90,7.89,0.0079,1024,46
S1-1x,3667,41.242,7.71,7.71,0.0077,1024,46
S1-1x,3668,41.250,7.79,7.78,0.0078,1076,46
S1-1x,3669,41.258,8.11,8.11,0.0081,1024,46
S1-1x,3670,41.266,7.87,7.88,0.0079,1024,46
S1-1x,3671,41.274,8.11,8.11,0.0081,1152,46
S1-1x,3672,41.283,8.39,8.36,0.0084,1024,46
S1-1x,3673,41.291,7.82,7.84,0.0078,1024,46
S1-1x,3674,41.298,7.79,7.79,0.0078,1024,46
S1-1x,3675,41.306,7.72,7.72,0.0077,1024,46
S1-1x,3676,41.314,8.30,8.29,0.0083,1900,46
S1-1x,3677,41.323,8.30,8.30,0.0083,1024,46
S1-1x,3678,41.331,8.08,8.09,0.0081,1024,46
S1-1x,3679,41.339,8.19,8.20,0.0082,1096,46
S1-1x,3680,41.347,8.12,8.10,0.0081,1024,46
S1-1x,3681,41.355,8.01,8.01,0.0080,1024,46
S1-1x,3682,41.363,7.99,7.99,0.0080,1024,46
S1-1x,3683,41.371,8.12,8.09,0.0081,1024,46
S1-1x,3684,41.379,8.28,8.31,0.0083,1024,46
S1-1x,3685,41.387,7.99,7.99,0.0080,1096,46
S1-1x,3686,41.395,7.90,7.90,0.0079,1024,46
S1-1x,3687,41.403,7.79,7.79,0.0078,1152,46
S1-1x,3688,41.411,7.70,7.71,0.0077,1024,46
S1-1x,3689,41.419,7.81,7.80,0.0078,1024,46
S1-1x,3690,41.426,7.61,7.60,0.0076,1024,46
S1-1x,3691,41.434,7.77,7.79,0.0078,1024,46
S1-1x,3692,41.442,8.01,8.00,0.0080,1024,46
S1-1x,3693,41.450,8.02,8.00,0.0080,1024,46
S1-1x,3694,41.458,7.78,7.79,0.0078,1076,46
S1-1x,3695,41.466,7.78,7.79,0.0078,1024,46
S1-1x,3696,41.474,7.93,7.91,0.0079,1024,46
S1-1x,3697,41.483,9.10,9.06,0.0091,2028,46
S1-1x,3698,41.491,8.68,8.73,0.0087,1828,46
S1-1x,3699,41.500,8.22,8.20,0.0082,1024,46
S1-1x,3700,41.507,7.78,7.79,0.0078,1024,46
S1-1x,3701,41.515,7.90,7.91,0.0079,1024,46
S1-1x,3702,41.523,7.90,7.90,0.0079,1024,46
S1-1x,3703,41.531,8.21,8.19,0.0082,1024,46
S1-1x,3704,41.539,7.89,7.89,0.0079,1024,46
S1-1x,3705,41.548,8.60,8.61,0.0086,1972,46
S1-1x,3706,41.556,8.10,8.10,0.0081,1024,46
S1-1x,3707,41.564,7.80,7.79,0.0078,1024,46
S1-1x,3708,41.572,7.80,7.80,0.0078,1024,46
S1-1x,3709,41.580,8.29,8.30,0.0083,2116,46
S1-1x,3710,41.588,7.99,8.00,0.0080,1024,46
S1-1x,3711,41.596,7.84,7.81,0.0078,1024,46
S1-1x,3712,41.604,8.39,8.40,0.0084,1972,46
S1-1x,3713,41.612,8.00,7.99,0.0080,1024,46
S1-1x,3714,41.620,8.30,8.30,0.0083,1828,45
S1-1x,3715,41.628,7.80,7.80,0.0078,1024,45
S1-1x,3716,41.637,8.48,8.50,0.0085,2332,44
S1-1x,3717,41.644,7.81,7.79,0.0078,1024,44
S1-1x,3718,41.652,7.62,7.60,0.0076,1024,44
S1-1x,3719,41.660,7.69,7.70,0.0077,1076,44
S1-1x,3720,41.667,7.38,7.39,0.0074,1024,44
S1-1x,3721,41.675,7.53,7.52,0.0075,1024,44
S1-1x,3722,41.683,8.07,8.09,0.0081,2116,44
S1-1x,3723,41.691,8.52,8.50,0.0085,2116,43
S1-1x,3724,41.700,8.49,8.50,0.0085,2004,43
S1-1x,3725,41.709,8.81,8.80,0.0088,3556,41
S1-1x,3726,41.716,7.88,7.89,0.0079,944,41
S1-1x,3727,41.724,8.01,8.00,0.0080,1024,41
S1-1x,3728,41.733,8.24,8.24,0.0082,1024,41
S1-1x,3729,41.741,7.96,7.96,0.0080,1024,41
S1-1x,3730,41.749,7.89,7.89,0.0079,1024,41
S1-1x,3731,41.757,7.94,7.91,0.0079,1024,41
S1-1x,3732,41.764,7.98,7.99,0.0080,1024,41
S1-1x,3733,41.773,8.60,8.61,0.0086,1930,41
S1-1x,3734,41.781,8.41,8.40,0.0084,1024,41
S1-1x,3735,41.790,8.28,8.29,0.0083,1024,41
S1-1x,3736,41.799,8.80,8.79,0.0088,1828,41
S1-1x,3737,41.807,8.80,8.80,0.0088,1828,41
S1-1x,3738,41.816,8.52,8.50,0.0085,1024,41
S1-1x,3739,41.824,8.29,8.30,0.0083,1024,41
S1-1x,3740,41.833,8.58,8.59,0.0086,1900,40
S1-1x,3741,41.841,8.42,8.41,0.0084,1024,40
S1-1x,3742,41.849,8.20,8.20,0.0082,1024,40
S1-1x,3743,41.858,8.21,8.19,0.0082,1024,40
S1-1x,3744,41.866,8.79,8.80,0.0088,1952,40
S1-1x,3745,41.876,9.18,9.19,0.0092,1828,40
S1-1x,3746,41.885,9.00,9.01,0.0090,1828,40
S1-1x,3747,41.894,9.01,8.99,0.0090,1828,40
S1-1x,3748,41.902,8.39,8.40,0.0084,1024,40
S1-1x,3749,41.910,8.01,8.00,0.0080,1024,40
S1-1x,3750,41.918,8.11,8.11,0.0081,1024,40
S1-1x,3751,41.927,8.60,8.60,0.0086,1900,40
S1-1x,3752,41.936,8.97,8.98,0.0090,1828,40
S1-1x,3753,41.945,9.22,9.21,0.0092,1828,39
S1-1x,3754,41.954,9.29,9.29,0.0093,1828,38
S1-1x,3755,41.963,8.82,8.81,0.0088,1024,38
S1-1x,3756,41.972,8.49,8.49,0.0085,1024,38
S1-1x,3757,41.980,8.59,8.59,0.0086,1024,38
S1-1x,3758,41.989,8.60,8.61,0.0086,1024,38
S1-1x,3759,41.997,8.71,8.71,0.0087,1024,38
S1-1x,3760,42.006,9.08,9.08,0.0091,1900,38
S1-1x,3761,42.015,8.71,8.71,0.0087,1024,38
S1-1x,3762,42.024,8.40,8.39,0.0084,1024,38
S1-1x,3763,42.033,9.20,9.21,0.0092,1828,38
S1-1x,3764,42.042,9.39,9.40,0.0094,1828,38
S1-1x,3765,42.051,8.91,8.90,0.0089,1024,38
S1-1x,3766,42.060,8.62,8.61,0.0086,1024,38
S1-1x,3767,42.068,8.68,8.48,0.0087,1076,38
S1-1x,3768,42.077,8.42,8.61,0.0084,1024,38
S1-1x,3769,42.085,8.38,8.39,0.0084,1024,38
S1-1x,3770,42.094,8.92,8.90,0.0089,2260,38
S1-1x,3771,42.103,8.80,8.80,0.0088,1024,38
S1-1x,3772,42.111,8.40,8.40,0.0084,1024,38
S1-1x,3773,42.119,8.19,8.20,0.0082,1024,38
S1-1x,3774,42.128,8.22,8.21,0.0082,1024,38
S1-1x,3775,42.136,8.27,8.29,0.0083,1024,38
S1-1x,3776,42.144,8.20,8.20,0.0082,1024,38
S1-1x,3777,42.152,8.01,8.00,0.0080,1024,38
S1-1x,3778,42.160,8.19,8.19,0.0082,1024,38
S1-1x,3779,42.169,8.22,8.21,0.0082,1024,38
S1-1x,3780,42.177,8.89,8.90,0.0089,2116,38
S1-1x,3781,42.187,9.12,9.10,0.0091,2188,37
S1-1x,3782,42.195,8.60,8.60,0.0086,1096,37
S1-1x,3783,42.204,8.32,8.31,0.0083,1024,37
S1-1x,3784,42.212,8.08,8.09,0.0081,1024,37
S1-1x,3785,42.219,7.79,7.79,0.0078,1024,37
S1-1x,3786,42.229,9.11,9.10,0.0091,4196,32
S1-1x,3787,42.237,8.40,8.39,0.0084,1024,32
S1-1x,3788,42.245,8.20,8.20,0.0082,1024,32
S1-1x,3789,42.253,8.11,8.10,0.0081,1024,32
S1-1x,3790,42.262,8.39,8.39,0.0084,1828,32
S1-1x,3791,42.270,8.61,8.60,0.0086,1076,32
S1-1x,3792,42.278,8.19,8.20,0.0082,1024,32
S1-1x,3793,42.286,7.68,7.69,0.0077,1024,32
S1-1x,3794,42.294,7.72,7.71,0.0077,1024,32
S1-1x,3795,42.302,7.89,7.90,0.0079,1024,32
S1-1x,3796,42.309,7.70,7.70,0.0077,1024,32
S1-1x,3797,42.317,7.60,7.59,0.0076,1024,32
S1-1x,3798,42.325,8.51,8.51,0.0085,1972,32
S1-1x,3799,42.334,8.39,8.40,0.0084,1024,32
S1-1x,3800,42.342,8.10,8.10,0.0081,1024,32
S1-1x,3801,42.350,7.91,7.89,0.0079,1024,32
S1-1x,3802,42.359,8.68,8.70,0.0087,2476,32
S1-1x,3803,42.367,8.21,8.20,0.0082,1024,32
S1-1x,3804,42.375,8.09,8.09,0.0081,1096,32
S1-1x,3805,42.383,7.99,7.99,0.0080,1024,32
S1-1x,3806,42.391,8.02,8.01,0.0080,1024,32
S1-1x,3807,42.399,8.01,8.00,0.0080,1024,32
S1-1x,3808,42.407,7.73,7.70,0.0077,1024,32
S1-1x,3809,42.414,7.78,7.80,0.0078,1024,32
S1-1x,3810,42.423,8.50,8.50,0.0085,1828,31
S1-1x,3811,42.431,8.09,8.09,0.0081,1024,31
S1-1x,3812,42.439,8.20,8.21,0.0082,1024,31
S1-1x,3813,42.447,8.09,8.09,0.0081,1024,31
S1-1x,3814,42.456,8.72,8.71,0.0087,1900,30
S1-1x,3815,42.464,8.00,7.99,0.0080,1024,30
S1-1x,3816,42.473,8.59,8.61,0.0086,1880,30
S1-1x,3817,42.481,8.91,8.90,0.0089,1828,29
S1-1x,3818,42.490,8.28,8.29,0.0083,1024,29
S1-1x,3819,42.498,8.03,8.01,0.0080,1024,29
S1-1x,3820,42.506,8.10,8.09,0.0081,1024,29
S1-1x,3821,42.514,7.87,7.89,0.0079,1024,29
S1-1x,3822,42.522,7.78,7.72,0.0078,1152,29
S1-1x,3823,42.530,7.92,7.99,0.0079,1024,29
S1-1x,3824,42.538,8.19,8.18,0.0082,1900,29
S1-1x,3825,42.546,8.82,8.81,0.0088,1828,27
S1-1x,3826,42.555,8.09,8.10,0.0081,1024,27
S1-1x,3827,42.562,7.71,7.69,0.0077,1024,27
S1-1x,3828,42.570,7.81,7.81,0.0078,1024,27
S1-1x,3829,42.578,7.90,7.89,0.0079,1024,27
S1-1x,3830,42.586,7.88,7.90,0.0079,1024,27
S1-1x,3831,42.594,8.20,8.19,0.0082,1024,27
S1-1x,3832,42.603,8.99,8.99,0.0090,2260,22
S1-1x,3833,42.612,9.10,9.11,0.0091,1828,21
S1-1x,3834,42.621,8.70,8.69,0.0087,1748,21
S1-1x,3835,42.629,8.32,8.30,0.0083,1024,21
S1-1x,3836,42.637,8.08,8.10,0.0081,1024,21
S1-1x,3837,42.645,8.21,8.20,0.0082,1024,21
S1-1x,3838,42.654,8.20,8.21,0.0082,1024,21
S1-1x,3839,42.662,8.59,8.59,0.0086,1828,21
S1-1x,3840,42.670,8.09,8.08,0.0081,1024,21
S1-1x,3841,42.678,8.01,8.01,0.0080,1076,21
S1-1x,3842,42.686,7.79,7.79,0.0078,1024,21
S1-1x,3843,42.695,8.31,8.30,0.0083,2044,21
S1-1x,3844,42.702,8.00,8.01,0.0080,1024,21
S1-1x,3845,42.711,8.00,8.00,0.0080,1024,21
S1-1x,3846,42.718,7.99,7.99,0.0080,1024,21
S1-1x,3847,42.726,7.79,7.78,0.0078,1024,21
S1-1x,3848,42.734,7.69,7.70,0.0077,1024,21
S1-1x,3849,42.742,7.56,7.51,0.0076,1024,21
S1-1x,3850,42.749,7.55,7.59,0.0075,1024,21
S1-1x,3851,42.756,7.40,7.40,0.0074,1064,21
S1-1x,3852,42.764,7.61,7.60,0.0076,1024,21
S1-1x,3853,42.773,8.51,8.51,0.0085,2404,21
S1-1x,3854,42.781,8.29,8.29,0.0083,1024,21
S1-1x,3855,42.789,8.39,8.39,0.0084,1900,21
S1-1x,3856,42.798,8.62,8.61,0.0086,1224,21
S1-1x,3857,42.806,7.98,7.99,0.0080,1024,21
S1-1x,3858,42.814,8.10,8.10,0.0081,1096,21
S1-1x,3859,42.822,7.80,7.80,0.0078,1024,21
S1-1x,3860,42.830,7.91,7.91,0.0079,1024,21
S1-1x,3861,42.838,8.20,8.20,0.0082,1024,21
S1-1x,3862,42.846,8.00,7.99,0.0080,1024,21
S1-1x,3863,42.854,7.91,7.90,0.0079,1024,21
S1-1x,3864,42.862,7.79,7.80,0.0078,1024,21
S1-1x,3865,42.870,8.02,8.01,0.0080,1024,21
S1-1x,3866,42.877,7.88,7.88,0.0079,1024,21
S1-1x,3867,42.885,7.79,7.80,0.0078,1076,21
S1-1x,3868,42.893,7.80,7.79,0.0078,1024,21
S1-1x,3869,42.901,7.80,7.80,0.0078,1024,21
S1-1x,3870,42.909,7.72,7.70,0.0077,1024,21
S1-1x,3871,42.917,8.68,8.70,0.0087,3052,20
S1-1x,3872,42.925,8.00,7.99,0.0080,1024,20
S1-1x,3873,42.933,7.78,7.79,0.0078,1024,20
S1-1x,3874,42.941,7.83,7.81,0.0078,1024,20
S1-1x,3875,42.949,8.57,8.58,0.0086,3196,19
S1-1x,3876,42.958,8.22,8.21,0.0082,1024,19
S1-1x,3877,42.966,7.88,7.88,0.0079,1024,19
S1-1x,3878,42.974,7.94,7.93,0.0079,1024,19
S1-1x,3879,42.983,9.30,9.31,0.0093,2044,19
S1-1x,3880,42.992,8.98,8.97,0.0090,2388,19
S1-1x,3881,43.001,8.79,8.79,0.0088,1956,19
S1-1x,3882,43.009,8.00,8.00,0.0080,1024,19
S1-1x,3883,43.017,8.03,8.01,0.0080,1024,19
S1-1x,3884,43.024,7.88,7.89,0.0079,1024,19
S1-1x,3885,43.033,8.24,8.24,0.0082,1024,19
S1-1x,3886,43.041,7.99,7.97,0.0080,1024,19
S1-1x,3887,43.049,7.87,7.88,0.0079,1024,19
S1-1x,3888,43.057,8.01,8.01,0.0080,1024,19
S1-1x,3889,43.064,7.89,7.90,0.0079,1024,19
S1-1x,3890,43.073,8.80,8.79,0.0088,1900,18
S1-1x,3891,43.082,8.40,8.40,0.0084,1024,18
S1-1x,3892,43.090,8.79,8.80,0.0088,1880,15
S1-1x,3893,43.099,8.22,8.22,0.0082,1024,15
S1-1x,3894,43.107,8.09,8.08,0.0081,1024,15
S1-1x,3895,43.116,8.91,8.91,0.0089,2260,9
S1-1x,3896,43.124,8.10,8.10,0.0081,944,9
S1-1x,3897,43.132,7.91,7.91,0.0079,1024,9
S1-1x,3898,43.139,7.76,7.78,0.0078,1152,9
S1-1x,3899,43.147,8.02,8.00,0.0080,1024,9
S1-1x,3900,43.156,8.60,8.61,0.0086,1828,5
S1-1x,3901,43.164,8.10,8.08,0.0081,944,5
S1-1x,3902,43.172,7.80,7.81,0.0078,1024,5
S1-1x,3903,43.180,7.72,7.70,0.0077,1024,5
S1-1x,3904,43.188,8.26,8.29,0.0083,1828,5
S1-1x,3905,43.196,8.52,8.51,0.0085,1828,5
S1-1x,3906,43.205,8.90,8.90,0.0089,2044,5
S1-1x,3907,43.213,8.08,8.08,0.0081,1024,5
S1-1x,3908,43.222,8.19,8.19,0.0082,1828,5
S1-1x,3909,43.230,8.26,8.23,0.0083,1024,5
S1-1x,3910,43.238,7.86,7.89,0.0079,1024,5
S1-1x,3911,43.246,8.61,8.60,0.0086,1828,3
S1-1x,3912,43.255,8.19,8.19,0.0082,1024,3
S1-1x,3913,43.263,8.41,8.40,0.0084,1956,3
S1-1x,3914,43.271,8.32,8.31,0.0083,1024,3
S1-1x,3915,43.279,8.08,8.09,0.0081,1024,3
S1-1x,3916,43.287,8.12,8.10,0.0081,1024,3
S1-1x,3917,43.295,7.77,7.79,0.0078,1076,3
S1-1x,3918,43.304,8.30,8.31,0.0083,1828,3
S1-1x,3919,43.312,8.69,8.69,0.0087,2044,2
S1-1x,3920,43.320,8.12,8.11,0.0081,944,2
S1-1x,3921,43.328,7.69,7.69,0.0077,1024,2
S1-1x,3922,43.336,7.80,7.81,0.0078,1024,2
S1-1x,3923,43.344,7.81,7.78,0.0078,1064,2
S1-1x,3924,43.352,7.79,7.80,0.0078,1096,2
S1-1x,3925,43.359,7.81,7.80,0.0078,1024,2
S1-1x,3926,43.368,8.29,8.29,0.0083,1972,2
S1-1x,3927,43.375,7.90,7.90,0.0079,1168,2
S1-1x,3928,43.384,8.30,8.31,0.0083,2044,2
S1-1x,3929,43.392,8.10,8.10,0.0081,1024,2
S1-1x,3930,43.400,7.82,7.80,0.0078,1024,2
S1-1x,3931,43.407,7.57,7.58,0.0076,1024,2
S1-1x,3932,43.415,8.11,8.11,0.0081,1828,2
S1-1x,3933,43.424,8.39,8.39,0.0084,1828,0
S1-1x,3934,43.440,16.20,16.21,0.0162,26955,1
S1-1x,3935,43.451,11.01,10.99,0.0110,189468,1
S1-1x,3936,43.461,10.01,10.01,0.0100,187440,2
S1-1x,3937,43.471,9.88,9.90,0.0099,187440,3
S1-1x,3938,43.481,9.70,9.70,0.0097,187440,4
S1-1x,3939,43.490,9.68,9.68,0.0097,187440,5
S1-1x,3940,43.500,9.92,9.91,0.0099,187492,6
S1-1x,3941,43.509,8.71,8.70,0.0087,1024,7
S1-1x,3942,43.517,8.30,8.29,0.0083,1024,8
S1-1x,3943,43.526,8.40,8.41,0.0084,1024,9
S1-1x,3944,43.534,8.19,8.20,0.0082,1024,10
S1-1x,3945,43.542,8.10,8.09,0.0081,1024,11
S1-1x,3946,43.550,8.00,8.00,0.0080,1024,11
S1-1x,3947,43.558,8.22,8.21,0.0082,1024,12
S1-1x,3948,43.566,8.31,8.29,0.0083,1024,13
S1-1x,3949,43.575,8.37,8.39,0.0084,1024,14
S1-1x,3950,43.583,7.98,7.99,0.0080,1024,15
S1-1x,3951,43.591,7.82,7.81,0.0078,1024,15
S1-1x,3952,43.599,8.12,8.11,0.0081,1024,16
S1-1x,3953,43.607,7.94,7.90,0.0079,1024,17
S1-1x,3954,43.615,8.55,8.59,0.0086,1900,18
S1-1x,3955,43.623,8.22,8.20,0.0082,1024,19
S1-1x,3956,43.631,7.78,7.80,0.0078,1024,19
S1-1x,3957,43.639,7.90,7.90,0.0079,1024,20
S1-1x,3958,43.647,8.01,8.00,0.0080,1024,21
S1-1x,3959,43.655,7.89,7.89,0.0079,1024,22
S1-1x,3960,43.663,7.90,7.90,0.0079,1024,23
S1-1x,3961,43.671,7.92,7.91,0.0079,1024,23
S1-1x,3962,43.679,7.91,7.89,0.0079,1024,24
S1-1x,3963,43.686,7.65,7.68,0.0077,1024,25
S1-1x,3964,43.694,7.62,7.60,0.0076,1024,26
S1-1x,3965,43.702,8.24,8.23,0.0082,1076,27
S1-1x,3966,43.710,7.65,7.67,0.0076,1024,27
S1-1x,3967,43.718,7.92,7.91,0.0079,1024,28
S1-1x,3968,43.726,7.99,8.00,0.0080,1024,29
S1-1x,3969,43.734,8.40,8.40,0.0084,1024,30
S1-1x,3970,43.742,8.20,8.20,0.0082,1024,31
S1-1x,3971,43.750,7.90,7.89,0.0079,1024,31
S1-1x,3972,43.760,9.31,9.31,0.0093,3714,32
S1-1x,3973,43.768,8.10,8.10,0.0081,1024,33
S1-1x,3974,43.776,8.48,8.49,0.0085,1900,34
S1-1x,3975,43.784,8.32,8.31,0.0083,1024,35
S1-1x,3976,43.793,8.09,8.10,0.0081,944,36
S1-1x,3977,43.801,7.99,7.99,0.0080,1024,36
S1-1x,3978,43.809,8.01,8.00,0.0080,1024,37
S1-1x,3979,43.817,8.12,8.11,0.0081,1024,38
S1-1x,3980,43.825,8.10,8.10,0.0081,1024,39
S1-1x,3981,43.833,7.98,7.99,0.0080,1024,40
S1-1x,3982,43.840,7.53,7.50,0.0075,1024,40
S1-1x,3983,43.848,7.99,8.00,0.0080,1024,41
S1-1x,3984,43.856,7.70,7.70,0.0077,1024,42
S1-1x,3985,43.864,8.00,8.00,0.0080,1024,43
S1-1x,3986,43.872,7.78,7.79,0.0078,1024,44
S1-1x,3987,43.879,7.61,7.61,0.0076,1024,44
S1-1x,3988,43.887,7.70,7.70,0.0077,1024,45
S1-1x,3989,43.895,7.91,7.89,0.0079,1024,46
S1-1x,3990,43.903,7.59,7.61,0.0076,1076,47
S1-1x,3991,43.910,7.40,7.40,0.0074,1024,47
S1-1x,3992,43.917,7.49,7.49,0.0075,1024,48
S1-1x,3993,43.925,7.49,7.49,0.0075,1024,49
S1-1x,3994,43.933,7.80,7.80,0.0078,1096,50
S1-1x,3995,43.940,7.31,7.29,0.0073,1024,50
S1-1x,3996,43.948,8.12,8.10,0.0081,1900,51
S1-1x,3997,43.956,7.69,7.71,0.0077,1024,52
S1-1x,3998,43.964,7.70,7.70,0.0077,1024,53
S1-1x,3999,43.971,7.39,7.40,0.0074,1024,53
S1-1x,4000,43.978,7.30,7.30,0.0073,1024,54
S1-1x,4001,43.985,7.18,7.19,0.0072,1024,55
S1-1x,4002,43.993,7.32,7.30,0.0073,1024,56
S1-1x,4003,44.000,7.51,7.50,0.0075,1024,56
S1-1x,4004,44.008,7.60,7.60,0.0076,1024,57
S1-1x,4005,44.015,7.49,7.49,0.0075,1024,58
S1-1x,4006,44.023,7.61,7.60,0.0076,1024,59
S1-1x,4007,44.031,7.88,7.89,0.0079,1024,59
S1-1x,4008,44.039,7.90,7.90,0.0079,1024,60
S1-1x,4009,44.047,7.90,7.90,0.0079,1024,61
S1-1x,4010,44.055,7.82,7.80,0.0078,1024,62
S1-1x,4011,44.062,7.57,7.58,0.0076,1024,63
S1-1x,4012,44.070,8.04,7.81,0.0080,1024,63
S1-1x,4013,44.078,7.97,8.19,0.0080,1096,64
S1-1x,4014,44.086,7.79,7.79,0.0078,1024,65
S1-1x,4015,44.094,8.00,8.01,0.0080,1024,66
S1-1x,4016,44.102,7.93,7.91,0.0079,1024,67
S1-1x,4017,44.109,7.67,7.67,0.0077,1076,67
S1-1x,4018,44.117,7.91,7.92,0.0079,1024,68
S1-1x,4019,44.125,7.80,7.80,0.0078,1024,69
S1-1x,4020,44.133,7.58,7.59,0.0076,1024,70
S1-1x,4021,44.140,7.52,7.50,0.0075,1024,70
S1-1x,4022,44.148,7.49,7.50,0.0075,1024,71
S1-1x,4023,44.155,7.51,7.50,0.0075,1024,72
S1-1x,4024,44.163,7.60,7.59,0.0076,1024,73
S1-1x,4025,44.171,7.70,7.71,0.0077,1024,73
S1-1x,4026,44.178,7.48,7.48,0.0075,1024,74
S1-1x,4027,44.186,7.51,7.52,0.0075,1024,75
S1-1x,4028,44.193,7.51,7.50,0.0075,1024,76
S1-1x,4029,44.201,7.59,7.59,0.0076,1024,76
S1-1x,4030,44.208,7.50,7.50,0.0075,1024,77
S1-1x,4031,44.216,8.11,8.09,0.0081,2332,78
S1-1x,4032,44.224,7.90,7.91,0.0079,1024,79
S1-1x,4033,44.232,7.59,7.59,0.0076,1024,80
S1-1x,4034,44.239,7.40,7.40,0.0074,1024,80
S1-1x,4035,44.247,7.50,7.49,0.0075,1024,81
S1-1x,4036,44.254,7.49,7.50,0.0075,1024,82
S1-1x,4037,44.262,7.71,7.70,0.0077,1024,83
S1-1x,4038,44.269,7.41,7.39,0.0074,1024,83
S1-1x,4039,44.277,7.49,7.51,0.0075,1024,84
S1-1x,4040,44.284,7.48,7.49,0.0075,1024,85
S1-1x,4041,44.292,7.51,7.50,0.0075,1024,86
S1-1x,4042,44.299,7.40,7.40,0.0074,1024,86
S1-1x,4043,44.307,7.60,7.60,0.0076,1024,87
S1-1x,4044,44.314,7.51,7.50,0.0075,1076,88
S1-1x,4045,44.321,7.20,7.20,0.0072,1024,89
S1-1x,4046,44.329,7.99,8.00,0.0080,1024,89
S1-1x,4047,44.337,7.90,7.90,0.0079,1024,90
S1-1x,4048,44.346,8.20,8.19,0.0082,1024,91
S1-1x,4049,44.354,7.98,8.00,0.0080,1024,92
S1-1x,4050,44.362,8.02,8.00,0.0080,1024,92
S1-1x,4051,44.370,8.09,8.09,0.0081,1024,93
S1-1x,4052,44.378,8.11,8.10,0.0081,1024,94
S1-1x,4053,44.386,7.98,7.99,0.0080,1024,95
S1-1x,4054,44.394,8.44,8.42,0.0084,1096,96
S1-1x,4055,44.403,8.39,8.39,0.0084,1024,97
S1-1x,4056,44.411,8.20,8.20,0.0082,1024,97
S1-1x,4057,44.419,8.31,8.29,0.0083,1024,98
S1-1x,4058,44.427,8.20,8.20,0.0082,1024,99
S1-1x,4059,44.435,8.00,7.99,0.0080,1024,100
S1-1x,4060,44.444,8.99,8.99,0.0090,2044,101
S1-1x,4061,44.453,8.40,8.40,0.0084,1024,102
S1-1x,4062,44.461,8.02,8.01,0.0080,1024,102
S1-1x,4063,44.469,8.10,8.10,0.0081,1024,103
S1-1x,4064,44.477,7.88,7.89,0.0079,1024,104
S1-1x,4065,44.484,7.69,7.70,0.0077,1024,105
S1-1x,4066,44.492,8.05,8.01,0.0080,1024,106
S1-1x,4067,44.500,7.86,7.89,0.0079,1024,106
S1-1x,4068,44.508,7.81,7.81,0.0078,1024,107
S1-1x,4069,44.516,7.70,7.69,0.0077,1172,108
S1-1x,4070,44.524,7.80,7.81,0.0078,1024,109
S1-1x,4071,44.531,7.40,7.40,0.0074,1024,109
S1-1x,4072,44.539,7.60,7.60,0.0076,1024,110
S1-1x,4073,44.546,7.71,7.69,0.0077,1024,111
S1-1x,4074,44.554,7.49,7.51,0.0075,1024,112
S1-1x,4075,44.561,7.60,7.59,0.0076,1024,112
S1-1x,4076,44.570,8.19,8.19,0.0082,1972,113
S1-1x,4077,44.577,7.81,7.81,0.0078,1024,114
S1-1x,4078,44.585,7.47,7.48,0.0075,1024,115
S1-1x,4079,44.592,7.62,7.62,0.0076,1024,116
S1-1x,4080,44.600,7.61,7.60,0.0076,1024,116
S1-1x,4081,44.608,7.90,7.90,0.0079,1024,117
S1-1x,4082,44.616,7.64,7.61,0.0076,1024,118
S1-1x,4083,44.624,8.26,8.29,0.0083,1024,119
S1-1x,4084,44.633,8.82,8.76,0.0088,1024,120
S1-1x,4085,44.641,8.18,8.23,0.0082,1024,120
S1-1x,4086,44.649,8.10,8.10,0.0081,1024,121
S1-1x,4087,44.657,8.01,7.99,0.0080,1024,122
S1-1x,4088,44.665,8.09,8.10,0.0081,1024,123
S1-1x,4089,44.673,8.34,8.31,0.0083,1024,124
S1-1x,4090,44.681,7.87,7.89,0.0079,1024,124
S1-1x,4091,44.690,8.19,8.19,0.0082,864,125
S1-1x,4092,44.698,8.40,8.40,0.0084,1024,126
S1-1x,4093,44.706,8.21,8.20,0.0082,1024,127
S1-1x,4094,44.714,8.40,8.39,0.0084,1024,128
S1-1x,4095,44.723,8.30,8.30,0.0083,1076,129
S1-1x,4096,44.731,8.41,8.40,0.0084,1096,129
S1-1x,4097,44.739,8.00,7.99,0.0080,1024,130
S1-1x,4098,44.747,8.09,8.09,0.0081,1024,131
S1-1x,4099,44.756,8.81,8.80,0.0088,3154,132
S1-1x,4100,44.764,8.30,8.30,0.0083,1024,133
S1-1x,4101,44.772,8.10,8.10,0.0081,1024,134
S1-1x,4102,44.781,8.11,8.10,0.0081,1024,134
S1-1x,4103,44.789,8.29,8.31,0.0083,1024,135
S1-1x,4104,44.797,8.31,8.29,0.0083,1024,136
S1-1x,4105,44.806,8.79,8.79,0.0088,1900,137
S1-1x,4106,44.814,8.50,8.50,0.0085,1168,138
S1-1x,4107,44.823,8.21,8.20,0.0082,1024,139
S1-1x,4108,44.831,8.10,8.10,0.0081,1024,139
S1-1x,4109,44.839,8.30,8.30,0.0083,1024,140
S1-1x,4110,44.847,8.39,8.39,0.0084,1024,141
S1-1x,4111,44.856,8.44,8.41,0.0084,1024,142
S1-1x,4112,44.864,8.28,8.29,0.0083,1024,143
S1-1x,4113,44.873,8.51,8.51,0.0085,1024,144
S1-1x,4114,44.881,8.08,8.09,0.0081,1024,144
S1-1x,4115,44.889,8.57,8.59,0.0086,1972,145
S1-1x,4116,44.898,8.71,8.71,0.0087,1024,146
S1-1x,4117,44.906,7.99,7.99,0.0080,1024,147
S1-1x,4118,44.914,7.91,7.90,0.0079,1024,148
S1-1x,4119,44.923,8.93,8.90,0.0089,1096,149
S1-1x,4120,44.933,9.92,9.91,0.0099,1952,149
S1-1x,4121,44.942,9.42,9.46,0.0094,2044,150
S1-1x,4122,44.951,8.84,8.82,0.0088,1024,151
S1-1x,4123,44.960,8.89,8.90,0.0089,1152,152
S1-1x,4124,44.969,8.82,8.81,0.0088,1024,153
S1-1x,4125,44.978,8.81,8.80,0.0088,1024,154
S1-1x,4126,44.986,8.65,8.68,0.0087,1024,155
S1-1x,4127,44.995,8.82,8.82,0.0088,1096,156
S1-1x,4128,45.004,8.98,8.98,0.0090,1024,157
S1-1x,4129,45.013,8.82,8.81,0.0088,1024,158
S1-1x,4130,45.022,8.82,8.81,0.0088,1024,158
S1-1x,4131,45.031,8.90,8.89,0.0089,1024,159
S1-1x,4132,45.039,8.57,8.59,0.0086,1024,160
S1-1x,4133,45.049,9.42,9.42,0.0094,2836,161
S1-1x,4134,45.058,9.01,9.00,0.0090,1024,162
S1-1x,4135,45.066,8.77,8.78,0.0088,1024,163
S1-1x,4136,45.075,8.61,8.60,0.0086,1024,164
S1-1x,4137,45.084,8.61,8.61,0.0086,1024,165
S1-1x,4138,45.092,8.59,8.59,0.0086,1152,165
S1-1x,4139,45.101,8.71,8.71,0.0087,1024,166
S1-1x,4140,45.109,8.49,8.49,0.0085,1024,167
S1-1x,4141,45.118,8.41,8.41,0.0084,1024,168
S1-1x,4142,45.126,8.61,8.60,0.0086,1024,169
S1-1x,4143,45.135,8.49,8.49,0.0085,1076,170
S1-1x,4144,45.143,8.61,8.60,0.0086,1024,171
S1-1x,4145,45.152,8.38,8.39,0.0084,1024,171
S1-1x,4146,45.161,8.70,8.70,0.0087,1152,172
S1-1x,4147,45.169,8.71,8.71,0.0087,1024,173
S1-1x,4148,45.178,8.59,8.58,0.0086,1024,174
S1-1x,4149,45.186,8.40,8.40,0.0084,1024,175
S1-1x,4150,45.195,8.42,8.42,0.0084,1024,176
S1-1x,4151,45.203,8.49,8.48,0.0085,1024,177
S1-1x,4152,45.212,8.60,8.60,0.0086,1096,177
S1-1x,4153,45.221,9.21,9.20,0.0092,1024,178
S1-1x,4154,45.230,9.18,9.20,0.0092,1024,179
S1-1x,4155,45.239,9.00,8.99,0.0090,1024,180
S1-1x,4156,45.248,9.12,9.11,0.0091,1024,181
S1-1x,4157,45.257,9.07,9.09,0.0091,1024,182
S1-1x,4158,45.266,8.71,8.70,0.0087,1024,183
S1-1x,4159,45.275,9.20,9.21,0.0092,1024,184
S1-1x,4160,45.284,8.89,8.90,0.0089,984,185
S1-1x,4161,45.293,9.30,9.28,0.0093,1152,186
S1-1x,4162,45.302,8.90,8.90,0.0089,1024,186
S1-1x,4163,45.311,9.10,9.11,0.0091,1024,187
S1-1x,4164,45.321,9.21,9.19,0.0092,1024,188
S1-1x,4165,45.331,10.32,10.32,0.0103,4132,189
S1-1x,4166,45.340,9.47,9.49,0.0095,1076,190
S1-1x,4167,45.350,9.22,9.20,0.0092,1024,191
S1-1x,4168,45.359,9.52,9.49,0.0095,1024,192
S1-1x,4169,45.369,9.27,9.28,0.0093,1152,193
S1-1x,4170,45.378,10.00,9.99,0.0100,2476,193
S1-1x,4171,45.388,9.39,9.40,0.0094,984,194
S1-1x,4172,45.397,9.44,9.41,0.0094,1024,195
S1-1x,4173,45.407,9.89,9.89,0.0099,1354,196
S1-1x,4174,45.416,9.20,9.20,0.0092,1024,197
S1-1x,4175,45.426,9.90,9.90,0.0099,1828,198
S1-1x,4176,45.436,10.08,10.09,0.0101,1820,198
S1-1x,4177,45.446,9.70,9.70,0.0097,1024,199
S1-1x,4178,45.455,9.30,9.30,0.0093,1024,200
S1-1x,4179,45.465,9.34,9.31,0.0093,1024,201
S1-1x,4180,45.474,9.27,9.29,0.0093,1024,202
S1-1x,4181,45.483,9.08,9.09,0.0091,1024,203
S1-1x,4182,45.493,9.83,9.82,0.0098,2116,203
S1-1x,4183,45.503,9.98,9.98,0.0100,1152,204
S1-1x,4184,45.513,9.62,9.61,0.0096,1024,205
S1-1x,4185,45.523,10.60,10.59,0.0106,1900,206
S1-1x,4186,45.534,10.78,10.79,0.0108,1828,207
S1-1x,4187,45.545,10.73,10.72,0.0107,1880,209
S1-1x,4188,45.555,10.27,10.28,0.0103,1024,210
S1-1x,4189,45.565,10.20,10.20,0.0102,1024,211
S1-1x,4190,45.576,10.90,10.89,0.0109,2044,212
S1-1x,4191,45.587,11.21,11.21,0.0112,2044,213
S1-1x,4192,45.599,11.49,11.49,0.0115,2404,214
S1-1x,4193,45.609,10.79,10.80,0.0108,1024,215
S1-1x,4194,45.620,10.50,10.49,0.0105,1024,216
S1-1x,4195,45.630,10.33,10.30,0.0103,1024,217
S1-1x,4196,45.641,10.27,10.29,0.0103,1024,218
S1-1x,4197,45.651,10.31,10.30,0.0103,1024,219
S1-1x,4198,45.662,11.01,11.01,0.0110,1828,220
S1-1x,4199,45.672,10.40,10.40,0.0104,1024,221
S1-1x,4200,45.683,11.09,11.08,0.0111,1916,222
S1-1x,4201,45.695,11.10,11.11,0.0111,1828,223
S1-1x,4202,45.705,10.80,10.80,0.0108,1024,225
S1-1x,4203,45.716,10.38,10.39,0.0104,1024,226
S1-1x,4204,45.726,10.50,10.50,0.0105,1024,227
S1-1x,4205,45.736,10.15,10.10,0.0102,1024,228
S1-1x,4206,45.747,10.65,10.69,0.0107,1952,229
S1-1x,4207,45.757,10.31,10.30,0.0103,1024,230
S1-1x,4208,45.767,9.90,9.90,0.0099,1024,231
S1-1x,4209,45.778,10.33,10.30,0.0103,1024,232
S1-1x,4210,45.788,10.25,10.27,0.0102,1024,233
S1-1x,4211,45.798,10.32,10.32,0.0103,1024,234
S1-1x,4212,45.808,9.90,9.90,0.0099,1024,235
S1-1x,4213,45.819,11.19,11.19,0.0112,1170,235
S1-1x,4214,45.830,11.00,11.00,0.0110,1828,236
S1-1x,4215,45.842,11.50,11.49,0.0115,1210,237
S1-1x,4216,45.853,10.82,10.81,0.0108,2188,238
S1-1x,4217,45.864,11.19,11.19,0.0112,2044,239
S1-1x,4218,45.874,10.59,10.59,0.0106,1024,240
S1-1x,4219,45.885,10.60,10.61,0.0106,1152,242
S1-1x,4220,45.896,10.74,10.70,0.0107,1024,243
S1-1x,4221,45.906,10.46,10.48,0.0105,1024,244
S1-1x,4222,45.917,10.61,10.60,0.0106,1024,245
S1-1x,4223,45.929,12.10,12.11,0.0121,8156,246
S1-1x,4224,45.940,11.09,11.09,0.0111,1828,247
S1-1x,4225,45.951,10.62,10.61,0.0106,1076,248
S1-1x,4226,45.961,10.29,10.29,0.0103,1024,249
S1-1x,4227,45.971,10.31,10.31,0.0103,1024,250
S1-1x,4228,45.982,10.49,10.49,0.0105,1096,251
S1-1x,4229,45.992,10.80,10.80,0.0108,1828,252
S1-1x,4230,46.004,11.52,11.50,0.0115,1828,253
S1-1x,4231,46.016,12.29,12.31,0.0123,2660,255
S1-1x,4232,46.027,10.72,10.71,0.0107,1024,256
S1-1x,4233,46.037,10.46,10.47,0.0105,1024,257
S1-1x,4234,46.048,10.63,10.62,0.0106,1024,258
S1-1x,4235,46.058,10.30,10.29,0.0103,1024,259
S1-1x,4236,46.069,10.97,10.99,0.0110,1900,260
S1-1x,4237,46.080,11.02,10.81,0.0110,1024,261
S1-1x,4238,46.092,11.68,11.89,0.0117,2172,260
S1-1x,4239,46.103,10.93,10.90,0.0109,904,261
S1-1x,4240,46.115,12.10,12.10,0.0121,2620,262
S1-1x,4241,46.126,11.30,11.30,0.0113,1024,264
S1-1x,4242,46.137,10.98,10.99,0.0110,1024,265
S1-1x,4243,46.148,11.15,11.11,0.0112,1024,266
S1-1x,4244,46.159,10.96,10.99,0.0110,1076,267
S1-1x,4245,46.171,11.32,11.30,0.0113,1828,268
S1-1x,4246,46.182,10.97,10.99,0.0110,1024,269
S1-1x,4247,46.193,10.90,10.90,0.0109,1024,270
S1-1x,4248,46.203,10.80,10.80,0.0108,1024,271
S1-1x,4249,46.214,10.80,10.80,0.0108,1024,272
S1-1x,4250,46.225,10.71,10.70,0.0107,1024,274
S1-1x,4251,46.236,11.08,11.09,0.0111,1828,275
S1-1x,4252,46.247,10.81,10.82,0.0108,1024,276
S1-1x,4253,46.257,10.42,10.39,0.0104,1024,277
S1-1x,4254,46.268,10.38,10.39,0.0104,1024,278
S1-1x,4255,46.278,10.32,10.31,0.0103,1024,279
S1-1x,4256,46.288,10.27,10.29,0.0103,1024,280
S1-1x,4257,46.299,10.43,10.42,0.0104,1024,281
S1-1x,4258,46.309,10.49,10.49,0.0105,1024,282
S1-1x,4259,46.320,11.30,11.30,0.0113,1900,283
S1-1x,4260,46.331,10.40,10.39,0.0104,1024,284
S1-1x,4261,46.341,10.27,10.29,0.0103,1024,285
S1-1x,4262,46.352,10.63,10.60,0.0106,1152,286
S1-1x,4263,46.362,10.18,10.19,0.0102,1076,287
S1-1x,4264,46.372,10.02,10.01,0.0100,1024,288
S1-1x,4265,46.383,10.97,10.93,0.0110,1024,289
S1-1x,4266,46.394,11.00,11.05,0.0110,2404,290
S1-1x,4267,46.404,10.42,10.41,0.0104,1024,292
S1-1x,4268,46.415,10.80,10.80,0.0108,1024,293
S1-1x,4269,46.426,10.50,10.49,0.0105,1024,294
S1-1x,4270,46.437,11.01,11.00,0.0110,2276,294
S1-1x,4271,46.447,10.70,10.70,0.0107,1024,295
S1-1x,4272,46.459,11.89,11.89,0.0119,7340,296
S1-1x,4273,46.470,10.81,10.80,0.0108,1024,297
S1-1x,4274,46.480,10.28,10.29,0.0103,1024,298
S1-1x,4275,46.491,10.60,10.59,0.0106,1024,299
S1-1x,4276,46.502,11.05,11.02,0.0111,1828,300
S1-1x,4277,46.513,11.35,11.38,0.0114,1900,301
S1-1x,4278,46.524,10.90,10.90,0.0109,1024,302
S1-1x,4279,46.536,11.57,11.58,0.0116,1770,302
S1-1x,4280,46.546,10.37,10.32,0.0104,1024,303
S1-1x,4281,46.557,11.17,11.19,0.0112,1956,304
S1-1x,4282,46.568,10.60,10.60,0.0106,1076,305
S1-1x,4283,46.579,10.70,10.69,0.0107,1024,306
S1-1x,4284,46.589,10.20,10.20,0.0102,1024,307
S1-1x,4285,46.600,11.01,11.00,0.0110,1900,307
S1-1x,4286,46.610,10.52,10.50,0.0105,1024,308
S1-1x,4287,46.621,10.29,10.29,0.0103,1024,309
S1-1x,4288,46.631,10.18,10.20,0.0102,1024,310
S1-1x,4289,46.641,10.19,10.19,0.0102,1096,311
S1-1x,4290,46.652,10.91,10.90,0.0109,2764,309
S1-1x,4291,46.662,10.40,10.40,0.0104,1024,310
S1-1x,4292,46.672,10.11,10.10,0.0101,1024,311
S1-1x,4293,46.683,10.41,10.42,0.0104,1024,312
S1-1x,4294,46.694,10.77,10.77,0.0108,1828,313
S1-1x,4295,46.704,10.92,10.90,0.0109,1828,313
S1-1x,4296,46.716,11.70,11.70,0.0117,1828,315
S1-1x,4297,46.727,10.79,10.79,0.0108,1024,316
S1-1x,4298,46.738,11.21,11.21,0.0112,1828,317
S1-1x,4299,46.750,11.39,11.40,0.0114,1828,318
S1-1x,4300,46.760,10.72,10.68,0.0107,1152,319
S1-1x,4301,46.771,10.48,10.51,0.0105,1076,320
S1-1x,4302,46.783,12.24,12.21,0.0122,1828,318
S1-1x,4303,46.795,11.51,11.50,0.0115,984,319
S1-1x,4304,46.806,11.88,11.89,0.0119,1170,319
S1-1x,4305,46.819,12.53,12.49,0.0125,1788,307
S1-1x,4306,46.830,10.99,11.00,0.0110,984,308
S1-1x,4307,46.840,10.54,10.57,0.0105,1024,309
S1-1x,4308,46.852,11.52,11.51,0.0115,1900,292
S1-1x,4309,46.864,11.60,11.60,0.0116,1788,277
S1-1x,4310,46.874,10.52,10.50,0.0105,984,278
S1-1x,4311,46.884,10.27,10.30,0.0103,1024,280
S1-1x,4312,46.895,10.50,10.49,0.0105,1210,281
S1-1x,4313,46.905,9.91,9.91,0.0099,1024,282
S1-1x,4314,46.915,9.89,9.89,0.0099,1024,283
S1-1x,4315,46.925,10.43,10.40,0.0104,2004,283
S1-1x,4316,46.936,10.65,10.69,0.0107,2044,284
S1-1x,4317,46.947,11.32,11.31,0.0113,1972,283
S1-1x,4318,46.957,10.20,10.19,0.0102,2080,284
S1-1x,4319,46.968,10.70,10.70,0.0107,2116,282
S1-1x,4320,46.978,10.30,10.30,0.0103,1036,283
S1-1x,4321,46.990,11.19,11.20,0.0112,4348,283
S1-1x,4322,47.000,10.30,10.30,0.0103,984,284
S1-1x,4323,47.011,10.92,10.90,0.0109,1024,285
S1-1x,4324,47.021,10.60,10.60,0.0106,1024,286
S1-1x,4325,47.033,11.50,11.51,0.0115,1860,286
S1-1x,4326,47.044,10.87,10.86,0.0109,1024,287
S1-1x,4327,47.055,11.30,11.31,0.0113,1972,288
S1-1x,4328,47.067,12.41,12.40,0.0124,1972,287
S1-1x,4329,47.079,11.30,11.29,0.0113,984,288
S1-1x,4330,47.090,11.02,11.01,0.0110,1024,289
S1-1x,4331,47.101,10.89,10.90,0.0109,1024,290
S1-1x,4332,47.111,10.50,10.48,0.0105,1024,291
S1-1x,4333,47.122,10.88,10.89,0.0109,1900,292
S1-1x,4334,47.133,10.82,10.82,0.0108,1024,293
S1-1x,4335,47.143,10.70,10.68,0.0107,1024,294
S1-1x,4336,47.154,10.19,10.19,0.0102,1024,295
S1-1x,4337,47.164,10.20,10.20,0.0102,1024,296
S1-1x,4338,47.174,10.11,10.10,0.0101,1024,298
S1-1x,4339,47.184,10.10,10.10,0.0101,1076,299
S1-1x,4340,47.194,9.92,9.90,0.0099,1024,300
S1-1x,4341,47.204,9.97,9.99,0.0100,1024,301
S1-1x,4342,47.214,9.90,9.90,0.0099,1024,302
S1-1x,4343,47.224,10.01,10.01,0.0100,1024,303
S1-1x,4344,47.234,10.46,10.47,0.0105,2332,303
S1-1x,4345,47.245,10.86,10.83,0.0109,2332,303
S1-1x,4346,47.256,10.57,10.59,0.0106,1828,302
S1-1x,4347,47.266,10.72,10.71,0.0107,1828,302
S1-1x,4348,47.277,10.68,10.69,0.0107,1828,302
S1-1x,4349,47.287,10.10,10.10,0.0101,1024,303
S1-1x,4350,47.298,10.43,10.40,0.0104,1828,304
S1-1x,4351,47.308,10.58,10.59,0.0106,1024,305
S1-1x,4352,47.319,10.49,10.50,0.0105,1024,306
S1-1x,4353,47.329,10.20,10.20,0.0102,1024,307
S1-1x,4354,47.339,10.20,10.20,0.0102,1024,308
S1-1x,4355,47.350,10.42,10.39,0.0104,1024,309
S1-1x,4356,47.361,11.19,11.20,0.0112,1828,310
S1-1x,4357,47.372,11.20,11.20,0.0112,1900,311
S1-1x,4358,47.384,12.19,12.20,0.0122,1828,302
S1-1x,4359,47.395,10.83,10.80,0.0108,1036,304
S1-1x,4360,47.406,10.58,10.59,0.0106,1024,305
S1-1x,4361,47.417,10.98,10.99,0.0110,1828,306
S1-1x,4362,47.428,11.03,11.01,0.0110,1788,305
S1-1x,4363,47.438,10.61,10.60,0.0106,1024,306
S1-1x,4364,47.450,11.56,11.58,0.0116,2260,292
S1-1x,4365,47.460,10.52,10.51,0.0105,1024,293
S1-1x,4366,47.471,10.19,10.19,0.0102,1024,294
S1-1x,4367,47.481,10.21,10.20,0.0102,1024,295
S1-1x,4368,47.491,9.98,9.99,0.0100,1064,296
S1-1x,4369,47.500,9.83,9.81,0.0098,1024,297
S1-1x,4370,47.510,9.83,9.80,0.0098,1024,298
S1-1x,4371,47.521,10.18,10.19,0.0102,1024,299
S1-1x,4372,47.530,9.80,9.81,0.0098,1024,300
S1-1x,4373,47.540,9.87,9.88,0.0099,1024,301
S1-1x,4374,47.550,9.61,9.61,0.0096,1024,302
S1-1x,4375,47.560,10.62,10.60,0.0106,1024,303
S1-1x,4376,47.570,9.88,9.90,0.0099,1972,304
S1-1x,4377,47.580,10.01,10.00,0.0100,1972,305
S1-1x,4378,47.590,9.51,9.51,0.0095,1024,306
S1-1x,4379,47.599,9.17,9.18,0.0092,1076,307
S1-1x,4380,47.609,10.34,10.31,0.0103,1024,308
S1-1x,4381,47.619,9.99,9.99,0.0100,1024,309
S1-1x,4382,47.629,9.90,9.90,0.0099,1024,310
S1-1x,4383,47.639,9.67,9.68,0.0097,1024,311
S1-1x,4384,47.649,10.13,10.11,0.0101,1024,312
S1-1x,4385,47.659,9.99,10.00,0.0100,1024,313
S1-1x,4386,47.669,10.01,9.99,0.0100,1024,314
S1-1x,4387,47.679,10.10,10.10,0.0101,1024,315
S1-1x,4388,47.689,10.20,10.20,0.0102,1024,316
S1-1x,4389,47.699,10.00,10.00,0.0100,1024,317
S1-1x,4390,47.709,10.05,10.00,0.0101,1024,318
S1-1x,4391,47.719,9.86,9.90,0.0099,1024,319
S1-1x,4392,47.729,10.03,10.00,0.0100,1024,320
S1-1x,4393,47.739,9.86,9.89,0.0099,1024,321
S1-1x,4394,47.749,9.62,9.61,0.0096,1024,322
S1-1x,4395,47.758,9.49,9.48,0.0095,1024,323
S1-1x,4396,47.768,9.50,9.51,0.0095,1024,324
S1-1x,4397,47.778,9.91,9.90,0.0099,1024,325
S1-1x,4398,47.789,10.89,10.89,0.0109,3052,324
S1-1x,4399,47.799,10.29,10.29,0.0103,1024,325
S1-1x,4400,47.809,10.39,10.39,0.0104,2600,325
S1-1x,4401,47.819,10.11,10.11,0.0101,1024,326
S1-1x,4402,47.830,10.80,10.81,0.0108,3700,324
S1-1x,4403,47.840,10.11,10.10,0.0101,1024,325
S1-1x,4404,47.850,10.09,10.09,0.0101,1024,326
S1-1x,4405,47.860,10.12,10.10,0.0101,1024,327
S1-1x,4406,47.871,10.10,10.10,0.0101,1024,328
S1-1x,4407,47.881,10.38,10.39,0.0104,1828,329
S1-1x,4408,47.891,9.80,9.79,0.0098,1024,330
S1-1x,4409,47.901,10.62,10.61,0.0106,1024,331
S1-1x,4410,47.912,10.39,10.39,0.0104,1024,332
S1-1x,4411,47.922,10.78,10.79,0.0108,1900,332
S1-1x,4412,47.933,10.32,10.33,0.0103,1024,333
S1-1x,4413,47.943,10.09,10.08,0.0101,1024,334
S1-1x,4414,47.953,10.22,10.19,0.0102,1024,335
S1-1x,4415,47.963,10.28,10.29,0.0103,1024,336
S1-1x,4416,47.974,10.61,10.60,0.0106,1024,337
S1-1x,4417,47.984,10.47,10.49,0.0105,1024,339
S1-1x,4418,47.995,10.33,10.31,0.0103,1024,340
S1-1x,4419,48.005,10.30,10.29,0.0103,1024,341
S1-1x,4420,48.016,10.40,10.40,0.0104,1076,342
S1-1x,4421,48.026,10.10,10.09,0.0101,1024,343
S1-1x,4422,48.036,9.95,9.98,0.0100,1024,344
S1-1x,4423,48.045,9.95,9.92,0.0100,1024,345
S1-1x,4424,48.056,9.99,9.99,0.0100,1024,346
S1-1x,4425,48.066,10.78,10.80,0.0108,2260,346
S1-1x,4426,48.077,10.53,10.50,0.0105,1024,347
S1-1x,4427,48.087,10.18,9.99,0.0102,1024,348
S1-1x,4428,48.097,10.01,10.21,0.0100,1024,349
S1-1x,4429,48.107,9.88,9.89,0.0099,1024,350
S1-1x,4430,48.118,10.81,10.81,0.0108,2116,348
S1-1x,4431,48.128,10.20,10.20,0.0102,984,349
S1-1x,4432,48.138,9.89,9.90,0.0099,1024,350
S1-1x,4433,48.148,10.02,9.99,0.0100,1024,351
S1-1x,4434,48.159,10.78,10.81,0.0108,1748,352
S1-1x,4435,48.169,10.10,10.09,0.0101,1024,353
S1-1x,4436,48.179,10.39,10.40,0.0104,1152,354
S1-1x,4437,48.189,10.29,10.30,0.0103,1828,355
S1-1x,4438,48.201,11.63,11.61,0.0116,1170,355
S1-1x,4439,48.212,10.60,10.59,0.0106,1024,356
S1-1x,4440,48.223,11.54,11.51,0.0115,1880,355
S1-1x,4441,48.234,10.95,10.98,0.0109,1024,356
S1-1x,4442,48.245,10.71,10.70,0.0107,1024,358
S1-1x,4443,48.255,10.60,10.61,0.0106,1024,359
S1-1x,4444,48.266,10.58,10.59,0.0106,1024,360
S1-1x,4445,48.277,10.82,10.80,0.0108,1024,361
S1-1x,4446,48.288,11.17,11.19,0.0112,1828,360
S1-1x,4447,48.299,11.32,11.31,0.0113,1828,361
S1-1x,4448,48.310,11.01,10.99,0.0110,1024,362
S1-1x,4449,48.321,10.38,10.40,0.0104,1024,363
S1-1x,4450,48.331,10.11,10.11,0.0101,1024,364
S1-1x,4451,48.342,10.80,10.80,0.0108,2980,365
S1-1x,4452,48.352,10.59,10.59,0.0106,1024,366
S1-1x,4453,48.362,10.31,10.30,0.0103,1024,367
S1-1x,4454,48.373,10.58,10.59,0.0106,1024,368
S1-1x,4455,48.384,10.79,10.80,0.0108,1152,369
S1-1x,4456,48.395,10.91,10.90,0.0109,3628,369
S1-1x,4457,48.405,10.72,10.69,0.0107,1024,370
S1-1x,4458,48.416,10.89,10.89,0.0109,2476,371
S1-1x,4459,48.427,10.50,10.51,0.0105,1076,372
S1-1x,4460,48.437,10.09,10.09,0.0101,1024,373
S1-1x,4461,48.447,10.32,10.31,0.0103,1024,374
S1-1x,4462,48.458,10.99,10.99,0.0110,2116,375
S1-1x,4463,48.469,10.86,10.81,0.0109,1024,376
S1-1x,4464,48.480,11.24,11.27,0.0112,1828,377
S1-1x,4465,48.491,10.69,10.70,0.0107,1024,378
S1-1x,4466,48.503,11.52,11.50,0.0115,1024,379
S1-1x,4467,48.514,11.80,11.80,0.0118,1828,379
S1-1x,4468,48.526,11.51,11.49,0.0115,984,381
S1-1x,4469,48.537,10.95,10.99,0.0110,1024,382
S1-1x,4470,48.548,10.96,10.92,0.0110,1024,383
S1-1x,4471,48.560,11.88,11.90,0.0119,1828,384
S1-1x,4472,48.572,12.20,12.21,0.0122,1828,385
S1-1x,4473,48.584,11.90,11.88,0.0119,1024,386
S1-1x,4474,48.597,12.78,12.79,0.0128,2388,387
S1-1x,4475,48.609,12.52,12.52,0.0125,1788,385
S1-1x,4476,48.621,12.29,12.29,0.0123,1788,385
S1-1x,4477,48.633,11.44,11.43,0.0114,1076,386
S1-1x,4478,48.644,10.96,10.97,0.0110,1024,387
S1-1x,4479,48.655,10.90,10.89,0.0109,1024,389
S1-1x,4480,48.665,10.79,10.79,0.0108,1024,390
S1-1x,4481,48.677,11.00,11.01,0.0110,1024,391
S1-1x,4482,48.687,10.91,10.90,0.0109,1024,392
S1-1x,4483,48.698,10.71,10.69,0.0107,984,393
S1-1x,4484,48.709,10.80,10.80,0.0108,1024,394
S1-1x,4485,48.721,11.80,11.79,0.0118,2116,394
S1-1x,4486,48.732,11.10,11.10,0.0111,1024,395
S1-1x,4487,48.742,10.68,10.69,0.0107,1024,396
S1-1x,4488,48.754,11.54,11.51,0.0115,1828,397
S1-1x,4489,48.765,11.38,11.39,0.0114,1024,399
S1-1x,4490,48.776,10.64,10.61,0.0106,1024,400
S1-1x,4491,48.788,11.54,11.57,0.0115,1748,400
S1-1x,4492,48.799,11.75,11.72,0.0117,1024,401
S1-1x,4493,48.810,11.07,11.08,0.0111,1024,402
S1-1x,4494,48.822,11.32,11.31,0.0113,1024,403
S1-1x,4495,48.833,11.11,11.12,0.0111,1076,404
S1-1x,4496,48.845,11.98,11.97,0.0120,1828,402
S1-1x,4497,48.856,11.52,11.51,0.0115,984,404
S1-1x,4498,48.867,11.20,11.19,0.0112,1024,405
S1-1x,4499,48.879,11.39,11.40,0.0114,1024,406
S1-1x,4500,48.890,11.49,11.50,0.0115,1024,407
S1-1x,4501,48.903,12.63,12.61,0.0126,2980,403
S1-1x,4502,48.916,12.47,12.48,0.0125,2716,400
S1-1x,4503,48.927,11.42,11.40,0.0114,1016,401
S1-1x,4504,48.939,11.67,11.69,0.0117,2036,402
S1-1x,4505,48.950,11.41,11.40,0.0114,1068,403
S1-1x,4506,48.961,11.30,11.31,0.0113,984,404
S1-1x,4507,48.974,12.23,12.20,0.0122,2578,405
S1-1x,4508,48.986,12.06,12.07,0.0121,1828,405
S1-1x,4509,48.998,12.33,12.32,0.0123,1828,406
S1-1x,4510,49.011,12.59,12.60,0.0126,1748,406
S1-1x,4511,49.022,11.90,11.90,0.0119,1024,407
S1-1x,4512,49.034,11.98,11.99,0.0120,1076,408
S1-1x,4513,49.046,11.95,11.92,0.0119,1024,410
S1-1x,4514,49.059,12.47,12.48,0.0125,1828,411
S1-1x,4515,49.071,12.61,12.61,0.0126,1024,412
S1-1x,4516,49.083,11.99,11.99,0.0120,1024,413
S1-1x,4517,49.097,13.21,13.20,0.0132,1828,414
S1-1x,4518,49.109,12.71,12.70,0.0127,1024,416
S1-1x,4519,49.122,12.72,12.71,0.0127,1096,417
S1-1x,4520,49.134,12.46,12.49,0.0125,1096,418
S1-1x,4521,49.147,12.84,12.80,0.0128,2116,419
S1-1x,4522,49.160,12.46,12.48,0.0125,1024,420
S1-1x,4523,49.172,12.40,12.40,0.0124,1024,421
S1-1x,4524,49.185,12.79,12.80,0.0128,1708,421
S1-1x,4525,49.198,13.33,13.30,0.0133,1828,423
S1-1x,4526,49.211,12.88,12.90,0.0129,1024,424
S1-1x,4527,49.224,13.32,13.30,0.0133,1152,425
S1-1x,4528,49.238,13.19,13.19,0.0132,2168,427
S1-1x,4529,49.251,13.21,13.20,0.0132,1828,428
S1-1x,4530,49.264,13.09,13.10,0.0131,1708,428
S1-1x,4531,49.277,12.79,12.79,0.0128,1024,430
S1-1x,4532,49.289,12.54,12.51,0.0125,1024,431
S1-1x,4533,49.302,12.49,12.48,0.0125,1024,432
S1-1x,4534,49.314,12.10,12.11,0.0121,1024,433
S1-1x,4535,49.326,12.28,12.29,0.0123,1024,435
S1-1x,4536,49.339,12.88,12.89,0.0129,1828,435
S1-1x,4537,49.352,12.84,12.81,0.0128,1828,436
S1-1x,4538,49.364,12.58,12.59,0.0126,1024,437
S1-1x,4539,49.377,12.41,12.39,0.0124,1024,439
S1-1x,4540,49.390,12.78,12.80,0.0128,1024,440
S1-1x,4541,49.402,12.74,12.69,0.0127,1024,441
S1-1x,4542,49.416,13.17,13.20,0.0132,1828,442
S1-1x,4543,49.429,13.69,13.68,0.0137,1152,444
S1-1x,4544,49.442,12.29,12.30,0.0123,1076,445
S1-1x,4545,49.454,12.51,12.49,0.0125,1024,446
S1-1x,4546,49.468,13.72,13.71,0.0137,4348,446
S1-1x,4547,49.482,13.90,13.89,0.0139,1748,447
S1-1x,4548,49.495,13.00,13.01,0.0130,1024,448
S1-1x,4549,49.507,12.62,12.59,0.0126,1024,450
S1-1x,4550,49.520,12.39,12.39,0.0124,1024,451
S1-1x,4551,49.532,11.99,11.99,0.0120,1024,452
S1-1x,4552,49.545,13.00,13.00,0.0130,3196,453
S1-1x,4553,49.559,14.11,14.10,0.0141,1828,452
S1-1x,4554,49.572,12.90,12.90,0.0129,1024,453
S1-1x,4555,49.585,13.57,13.59,0.0136,1708,450
S1-1x,4556,49.598,13.02,13.00,0.0130,904,452
S1-1x,4557,49.611,12.72,12.70,0.0127,1024,453
S1-1x,4558,49.624,12.98,12.99,0.0130,1828,452
S1-1x,4559,49.637,13.39,13.40,0.0134,1032,454
S1-1x,4560,49.650,12.52,12.50,0.0125,1076,455
S1-1x,4561,49.662,12.40,12.40,0.0124,1024,456
S1-1x,4562,49.675,13.10,13.11,0.0131,2044,456
S1-1x,4563,49.689,13.89,13.88,0.0139,1964,457
S1-1x,4564,49.703,13.79,13.78,0.0138,1748,458
S1-1x,4565,49.717,13.73,13.72,0.0137,1828,459
S1-1x,4566,49.730,13.02,13.01,0.0130,1024,461
S1-1x,4567,49.742,12.66,12.68,0.0127,1024,462
S1-1x,4568,49.756,13.10,13.10,0.0131,1972,462
S1-1x,4569,49.769,13.74,13.70,0.0137,1892,464
S1-1x,4570,49.783,13.52,13.52,0.0135,1024,465
S1-1x,4571,49.797,13.67,13.67,0.0137,1024,466
S1-1x,4572,49.811,14.39,14.39,0.0144,1828,468
S1-1x,4573,49.824,13.02,13.00,0.0130,1024,469
S1-1x,4574,49.837,12.77,12.80,0.0128,1024,471
S1-1x,4575,49.850,13.11,13.09,0.0131,1024,472
S1-1x,4576,49.862,12.50,12.50,0.0125,1076,473
S1-1x,4577,49.875,12.81,12.80,0.0128,1024,474
S1-1x,4578,49.888,13.28,13.29,0.0133,1828,476
S1-1x,4579,49.901,13.01,13.01,0.0130,1024,477
S1-1x,4580,49.915,13.19,13.19,0.0132,1828,478
S1-1x,4581,49.927,12.91,12.90,0.0129,1024,480
S1-1x,4582,49.940,12.30,12.30,0.0123,1024,481
S1-1x,4583,49.952,12.49,12.50,0.0125,1024,482
S1-1x,4584,49.966,13.41,13.40,0.0134,1828,483
S1-1x,4585,49.980,13.91,13.90,0.0139,1210,482
S1-1x,4586,49.993,12.96,12.98,0.0130,1024,483
S1-1x,4587,50.005,12.73,12.71,0.0127,1024,484
S1-1x,4588,50.019,13.94,13.90,0.0139,4132,483
S1-1x,4589,50.033,13.67,13.64,0.0137,1024,484
S1-1x,4590,50.047,13.91,13.96,0.0139,2044,482
S1-1x,4591,50.060,12.99,12.99,0.0130,1024,484
S1-1x,4592,50.074,13.69,13.70,0.0137,3248,481
S1-1x,4593,50.087,13.12,13.10,0.0131,904,482
S1-1x,4594,50.100,13.11,12.90,0.0131,1024,484
S1-1x,4595,50.113,12.86,13.09,0.0129,1788,485
S1-1x,4596,50.126,13.43,13.41,0.0134,1828,486
S1-1x,4597,50.140,13.92,13.89,0.0139,1828,487
S1-1x,4598,50.155,14.67,14.69,0.0147,1828,473
S1-1x,4599,50.168,13.12,13.11,0.0131,1828,475
S1-1x,4600,50.181,13.39,13.40,0.0134,1828,475
S1-1x,4601,50.194,12.67,12.67,0.0127,1024,476
S1-1x,4602,50.207,13.03,13.02,0.0130,2260,476
S1-1x,4603,50.219,12.59,12.59,0.0126,1024,478
S1-1x,4604,50.233,13.46,13.43,0.0135,1210,477
S1-1x,4605,50.245,12.25,12.26,0.0122,1024,478
S1-1x,4606,50.257,12.29,12.30,0.0123,1024,480
S1-1x,4607,50.270,12.71,12.69,0.0127,1972,480
S1-1x,4608,50.283,12.98,12.99,0.0130,1076,481
S1-1x,4609,50.295,12.34,12.31,0.0123,1024,482
S1-1x,4610,50.309,13.71,13.71,0.0137,1852,483
S1-1x,4611,50.323,13.46,13.48,0.0135,1828,483
S1-1x,4612,50.337,14.61,14.60,0.0146,1956,478
S1-1x,4613,50.350,13.21,13.21,0.0132,944,480
S1-1x,4614,50.363,13.00,13.01,0.0130,1024,481
S1-1x,4615,50.376,12.50,12.49,0.0125,1024,482
S1-1x,4616,50.388,12.49,12.49,0.0125,1024,484
S1-1x,4617,50.402,13.30,13.30,0.0133,1788,484
S1-1x,4618,50.414,12.53,12.52,0.0125,1024,485
S1-1x,4619,50.426,12.28,12.28,0.0123,1024,487
S1-1x,4620,50.439,12.39,12.40,0.0124,1068,488
S1-1x,4621,50.452,12.82,12.80,0.0128,1828,488
S1-1x,4622,50.465,12.98,13.00,0.0130,1828,488
S1-1x,4623,50.477,12.14,12.10,0.0121,984,488
S1-1x,4624,50.489,11.86,11.89,0.0119,1076,488
S1-1x,4625,50.500,11.80,11.79,0.0118,1024,488
S1-1x,4626,50.512,11.60,11.60,0.0116,1024,488
S1-1x,4627,50.524,11.68,11.70,0.0117,1024,488
S1-1x,4628,50.535,11.40,11.40,0.0114,1024,488
S1-1x,4629,50.548,12.60,12.59,0.0126,4116,488
S1-1x,4630,50.560,11.80,11.80,0.0118,1024,488
S1-1x,4631,50.571,11.63,11.61,0.0116,1024,488
S1-1x,4632,50.584,12.97,12.99,0.0130,2436,487
S1-1x,4633,50.597,12.41,12.40,0.0124,1024,487
S1-1x,4634,50.609,12.21,12.20,0.0122,1024,487
S1-1x,4635,50.621,12.11,12.10,0.0121,1024,487
S1-1x,4636,50.633,12.41,12.40,0.0124,2044,487
S1-1x,4637,50.647,13.38,13.39,0.0134,2836,486
S1-1x,4638,50.659,12.59,12.59,0.0126,1024,486
S1-1x,4639,50.672,12.31,12.31,0.0123,1024,486
S1-1x,4640,50.684,12.20,12.19,0.0122,1024,486
S1-1x,4641,50.696,11.79,11.80,0.0118,1076,486
S1-1x,4642,50.707,11.91,11.90,0.0119,1024,486
S1-1x,4643,50.719,11.70,11.70,0.0117,1024,486
S1-1x,4644,50.731,11.48,11.49,0.0115,1024,486
S1-1x,4645,50.743,12.42,12.40,0.0124,2260,485
S1-1x,4646,50.755,11.61,11.59,0.0116,1024,485
S1-1x,4647,50.766,11.49,11.50,0.0115,1024,485
S1-1x,4648,50.778,11.52,11.51,0.0115,1024,485
S1-1x,4649,50.790,12.35,12.37,0.0123,1972,485
S1-1x,4650,50.803,12.65,12.62,0.0127,1828,483
S1-1x,4651,50.815,12.68,12.69,0.0127,1828,482
S1-1x,4652,50.827,11.70,11.70,0.0117,984,482
S1-1x,4653,50.840,12.70,12.70,0.0127,1972,480
S1-1x,4654,50.852,11.91,11.90,0.0119,1024,480
S1-1x,4655,50.863,11.60,11.60,0.0116,1024,480
S1-1x,4656,50.875,11.58,11.59,0.0116,1024,480
S1-1x,4657,50.888,12.90,12.91,0.0129,1828,479
S1-1x,4658,50.901,12.89,12.89,0.0129,1840,479
S1-1x,4659,50.914,13.12,13.11,0.0131,1828,477
S1-1x,4660,50.926,12.33,12.30,0.0123,944,477
S1-1x,4661,50.939,13.05,13.09,0.0131,1828,477
S1-1x,4662,50.952,12.43,12.41,0.0124,1024,477
S1-1x,4663,50.964,12.29,12.29,0.0123,1024,477
S1-1x,4664,50.976,12.29,12.30,0.0123,1024,477
S1-1x,4665,50.988,12.08,12.09,0.0121,1024,477
S1-1x,4666,51.001,12.53,12.51,0.0125,1828,476
S1-1x,4667,51.014,12.80,12.79,0.0128,1828,474
S1-1x,4668,51.026,12.00,11.99,0.0120,1024,474
S1-1x,4669,51.038,11.89,11.91,0.0119,1024,474
S1-1x,4670,51.049,11.50,11.50,0.0115,1024,474
S1-1x,4671,51.060,11.50,11.50,0.0115,1024,474
S1-1x,4672,51.072,11.40,11.40,0.0114,1024,474
S1-1x,4673,51.084,12.00,12.01,0.0120,1828,474
S1-1x,4674,51.095,11.50,11.50,0.0115,1024,474
S1-1x,4675,51.107,11.19,11.20,0.0112,1076,474
S1-1x,4676,51.118,11.41,11.40,0.0114,1024,474
S1-1x,4677,51.129,11.08,11.09,0.0111,1024,474
S1-1x,4678,51.140,11.12,11.10,0.0111,1096,474
S1-1x,4679,51.151,11.18,11.19,0.0112,1024,474
S1-1x,4680,51.163,11.30,11.29,0.0113,1024,474
S1-1x,4681,51.175,12.01,12.00,0.0120,1024,474
S1-1x,4682,51.186,11.57,11.58,0.0116,1024,474
S1-1x,4683,51.198,12.06,12.03,0.0121,1024,474
S1-1x,4684,51.210,11.90,11.90,0.0119,1024,474
S1-1x,4685,51.222,12.07,12.08,0.0121,1024,474
S1-1x,4686,51.234,11.70,11.70,0.0117,1024,474
S1-1x,4687,51.246,12.00,12.00,0.0120,1024,474
S1-1x,4688,51.258,12.02,12.01,0.0120,1024,474
S1-1x,4689,51.270,12.39,12.40,0.0124,2044,474
S1-1x,4690,51.283,12.42,12.43,0.0124,1024,474
S1-1x,4691,51.295,11.87,11.86,0.0119,1900,474
S1-1x,4692,51.307,12.32,12.30,0.0123,1828,474
S1-1x,4693,51.320,12.49,12.49,0.0125,3752,472
S1-1x,4694,51.332,12.29,12.29,0.0123,2116,472
S1-1x,4695,51.343,11.70,11.69,0.0117,1024,472
S1-1x,4696,51.355,11.39,11.40,0.0114,1024,472
S1-1x,4697,51.368,12.64,12.61,0.0126,1224,472
S1-1x,4698,51.379,11.78,11.79,0.0118,1024,472
S1-1x,4699,51.392,12.39,12.40,0.0124,2044,472
S1-1x,4700,51.404,11.91,11.89,0.0119,1024,472
S1-1x,4701,51.415,11.50,11.49,0.0115,1024,472
S1-1x,4702,51.427,12.20,12.21,0.0122,1972,472
S1-1x,4703,51.439,11.98,11.97,0.0120,1024,472
S1-1x,4704,51.451,11.60,11.61,0.0116,1096,472
S1-1x,4705,51.464,12.82,12.81,0.0128,3292,471
S1-1x,4706,51.476,12.60,12.59,0.0126,1024,471
S1-1x,4707,51.489,12.20,12.20,0.0122,1024,471
S1-1x,4708,51.501,12.34,12.30,0.0123,1024,471
S1-1x,4709,51.513,12.09,12.10,0.0121,52616,471
S1-1x,4710,51.525,12.29,12.29,0.0123,1076,471
S1-1x,4711,51.538,12.57,12.58,0.0126,1828,471
S1-1x,4712,51.552,14.03,14.02,0.0140,1828,471
S1-1x,4713,51.565,12.80,12.81,0.0128,1024,471
S1-1x,4714,51.578,13.48,13.48,0.0135,1152,471
S1-1x,4715,51.591,12.61,12.61,0.0126,1210,471
S1-1x,4716,51.604,12.92,12.90,0.0129,1210,470
S1-1x,4717,51.616,12.08,12.09,0.0121,1024,470
S1-1x,4718,51.628,12.10,12.09,0.0121,1024,470
S1-1x,4719,51.640,11.79,11.80,0.0118,1024,470
S1-1x,4720,51.652,12.81,12.80,0.0128,1828,469
S1-1x,4721,51.665,12.33,12.30,0.0123,1024,469
S1-1x,4722,51.677,12.09,12.09,0.0121,26820,469
S1-1x,4723,51.690,12.86,12.88,0.0129,1900,467
S1-1x,4724,51.704,14.13,14.12,0.0141,1828,467
S1-1x,4725,51.717,13.11,13.09,0.0131,1828,467
S1-1x,4726,51.730,12.80,12.81,0.0128,1076,467
S1-1x,4727,51.743,13.12,13.10,0.0131,1748,466
S1-1x,4728,51.755,12.47,12.49,0.0125,1024,466
S1-1x,4729,51.769,13.31,13.30,0.0133,1828,462
S1-1x,4730,51.783,14.19,14.18,0.0142,1152,462
S1-1x,4731,51.797,14.01,14.02,0.0140,2044,462
S1-1x,4732,51.811,13.90,13.90,0.0139,1828,462
S1-1x,4733,51.825,14.42,14.39,0.0144,1900,462
S1-1x,4734,51.840,14.77,14.79,0.0148,3700,460
S1-1x,4735,51.855,15.21,15.20,0.0152,2036,460
S1-1x,4736,51.869,13.90,13.90,0.0139,26820,460
S1-1x,4737,51.883,13.91,13.90,0.0139,1024,460
S1-1x,4738,51.897,14.49,14.50,0.0145,1900,459
S1-1x,4739,51.911,13.50,13.49,0.0135,1024,459
S1-1x,4740,51.925,13.95,13.91,0.0139,2044,457
S1-1x,4741,51.939,14.26,14.29,0.0143,1262,457
S1-1x,4742,51.952,13.29,13.30,0.0133,1024,457
S1-1x,4743,51.966,14.11,14.10,0.0141,1972,457
S1-1x,4744,51.980,13.90,13.90,0.0139,1024,457
S1-1x,4745,51.994,13.79,13.79,0.0138,1900,456
S1-1x,4746,52.009,14.79,14.80,0.0148,1112,456
S1-1x,4747,52.023,14.52,14.51,0.0145,3412,452
S1-1x,4748,52.038,14.01,13.99,0.0140,1024,452
S1-1x,4749,52.052,14.82,14.79,0.0148,1170,440
S1-1x,4750,52.066,14.06,14.08,0.0141,1828,440
S1-1x,4751,52.082,15.42,15.42,0.0154,1956,432
S1-1x,4752,52.096,14.28,14.28,0.0143,1708,432
S1-1x,4753,52.110,14.21,14.00,0.0142,1024,432
S1-1x,4754,52.124,13.99,14.19,0.0140,1024,432
S1-1x,4755,52.138,13.79,13.80,0.0138,1828,432
S1-1x,4756,52.153,15.01,14.99,0.0150,1880,432
S1-1x,4757,52.168,15.32,15.31,0.0153,1828,428
S1-1x,4758,52.184,15.17,15.20,0.0152,1788,425
S1-1x,4759,52.197,13.63,13.60,0.0136,1024,425
S1-1x,4760,52.211,14.09,14.10,0.0141,1152,425
S1-1x,4761,52.226,14.61,14.59,0.0146,1900,423
S1-1x,4762,52.240,13.58,13.60,0.0136,1024,423
S1-1x,4763,52.253,13.10,13.10,0.0131,1024,423
S1-1x,4764,52.266,13.10,13.10,0.0131,1024,423
S1-1x,4765,52.280,14.52,14.50,0.0145,1788,420
S1-1x,4766,52.294,13.80,13.80,0.0138,1024,420
S1-1x,4767,52.307,13.29,13.30,0.0133,1024,420
S1-1x,4768,52.322,14.59,14.59,0.0146,2044,414
S1-1x,4769,52.337,14.69,14.70,0.0147,1788,404
S1-1x,4770,52.350,13.21,13.20,0.0132,984,404
S1-1x,4771,52.362,12.70,12.71,0.0127,1076,404
S1-1x,4772,52.377,14.91,14.89,0.0149,3442,403
S1-1x,4773,52.391,13.70,13.69,0.0137,1788,401
S1-1x,4774,52.405,13.42,13.40,0.0134,1024,401
S1-1x,4775,52.420,15.16,15.18,0.0152,2028,398
S1-1x,4776,52.435,15.41,15.41,0.0154,1956,396
S1-1x,4777,52.449,14.02,14.00,0.0140,1828,396
S1-1x,4778,52.463,14.18,14.19,0.0142,2044,396
S1-1x,4779,52.477,14.02,14.01,0.0140,1828,396
S1-1x,4780,52.490,13.00,12.99,0.0130,1024,396
S1-1x,4781,52.504,13.38,13.38,0.0134,10196,396
S1-1x,4782,52.517,13.21,13.21,0.0132,5152,396
S1-1x,4783,52.530,12.88,12.88,0.0129,1024,396
S1-1x,4784,52.543,12.90,12.91,0.0129,1096,396
S1-1x,4785,52.555,12.72,12.70,0.0127,1024,396
S1-1x,4786,52.568,12.58,12.59,0.0126,1076,396
S1-1x,4787,52.583,14.84,14.83,0.0148,4500,390
S1-1x,4788,52.599,15.86,15.88,0.0159,1210,368
S1-1x,4789,52.614,15.50,15.49,0.0155,1828,331
S1-1x,4790,52.627,12.79,12.80,0.0128,944,331
S1-1x,4791,52.641,14.23,14.21,0.0142,1828,305
S1-1x,4792,52.654,12.37,12.38,0.0124,1024,305
S1-1x,4793,52.666,11.99,11.99,0.0120,1024,305
S1-1x,4794,52.677,11.71,11.71,0.0117,1024,305
S1-1x,4795,52.689,11.47,11.48,0.0115,1024,305
S1-1x,4796,52.702,13.22,13.21,0.0132,1828,301
S1-1x,4797,52.715,12.71,12.69,0.0127,1828,301
S1-1x,4798,52.727,12.51,12.50,0.0125,1024,301
S1-1x,4799,52.740,13.08,13.10,0.0131,1900,295
S1-1x,4800,52.754,13.31,13.30,0.0133,1828,288
S1-1x,4801,52.766,12.81,12.80,0.0128,1828,288
S1-1x,4802,52.779,12.29,12.29,0.0123,1076,288
S1-1x,4803,52.791,12.28,12.30,0.0123,1024,288
S1-1x,4804,52.804,13.41,13.40,0.0134,1210,286
S1-1x,4805,52.816,11.80,11.80,0.0118,984,286
S1-1x,4806,52.830,13.31,13.30,0.0133,1828,282
S1-1x,4807,52.842,12.02,12.01,0.0120,1024,282
S1-1x,4808,52.853,11.89,11.90,0.0119,1440,282
S1-1x,4809,52.865,11.59,11.59,0.0116,1024,282
S1-1x,4810,52.877,12.43,12.39,0.0124,1900,278
S1-1x,4811,52.890,12.46,12.49,0.0125,2044,278
S1-1x,4812,52.902,12.31,12.31,0.0123,1828,278
S1-1x,4813,52.914,11.69,11.69,0.0117,1024,278
S1-1x,4814,52.927,13.21,13.21,0.0132,3844,271
S1-1x,4815,52.939,11.81,11.80,0.0118,1024,271
S1-1x,4816,52.950,11.39,11.39,0.0114,1024,271
S1-1x,4817,52.963,12.59,12.60,0.0126,1900,265
S1-1x,4818,52.975,12.51,12.50,0.0125,2044,263
S1-1x,4819,52.987,11.90,11.90,0.0119,1076,263
S1-1x,4820,53.000,12.21,12.20,0.0122,1828,263
S1-1x,4821,53.012,12.01,11.99,0.0120,1024,263
S1-1x,4822,53.024,12.41,12.39,0.0124,1024,263
S1-1x,4823,53.035,11.56,11.59,0.0116,1024,263
S1-1x,4824,53.047,11.55,11.52,0.0115,1024,263
S1-1x,4825,53.060,12.57,12.58,0.0126,2044,261
S1-1x,4826,53.071,11.80,11.79,0.0118,1024,261
S1-1x,4827,53.083,11.42,11.42,0.0114,1024,261
S1-1x,4828,53.095,11.70,11.69,0.0117,1024,261
S1-1x,4829,53.106,11.48,11.49,0.0115,1024,261
S1-1x,4830,53.117,11.31,11.30,0.0113,1024,261
S1-1x,4831,53.128,10.89,10.89,0.0109,1024,261
S1-1x,4832,53.139,10.99,11.01,0.0110,1024,261
S1-1x,4833,53.150,11.10,11.09,0.0111,1024,261
S1-1x,4834,53.162,11.59,11.60,0.0116,2116,261
S1-1x,4835,53.173,11.21,11.19,0.0112,1096,261
S1-1x,4836,53.184,11.10,11.10,0.0111,1024,261
S1-1x,4837,53.197,12.61,12.61,0.0126,3376,256
S1-1x,4838,53.208,11.49,11.50,0.0115,1024,256
S1-1x,4839,53.220,11.39,11.39,0.0114,1024,256
S1-1x,4840,53.231,11.01,11.01,0.0110,1024,256
S1-1x,4841,53.242,11.70,11.69,0.0117,1828,256
S1-1x,4842,53.254,11.90,11.91,0.0119,1900,256
S1-1x,4843,53.266,11.50,11.49,0.0115,1024,256
S1-1x,4844,53.278,12.03,12.01,0.0120,1828,255
S1-1x,4845,53.289,11.48,11.48,0.0115,1024,255
S1-1x,4846,53.301,11.92,11.90,0.0119,1828,255
S1-1x,4847,53.313,11.78,11.79,0.0118,1024,255
S1-1x,4848,53.326,12.91,12.90,0.0129,1828,244
S1-1x,4849,53.337,11.50,11.50,0.0115,1024,244
S1-1x,4850,53.349,11.19,11.19,0.0112,1024,244
S1-1x,4851,53.360,11.62,11.60,0.0116,1024,244
S1-1x,4852,53.371,11.27,11.29,0.0113,1024,244
S1-1x,4853,53.383,11.32,11.32,0.0113,1024,244
S1-1x,4854,53.394,11.18,11.17,0.0112,1024,244
S1-1x,4855,53.405,11.31,11.30,0.0113,1148,244
S1-1x,4856,53.417,12.00,12.00,0.0120,1900,244
S1-1x,4857,53.429,11.79,11.79,0.0118,1498,244
S1-1x,4858,53.440,11.00,11.01,0.0110,1024,244
S1-1x,4859,53.451,11.21,11.20,0.0112,1096,244
S1-1x,4860,53.463,12.19,12.18,0.0122,3154,237
S1-1x,4861,53.476,11.97,11.91,0.0120,1900,237
S1-1x,4862,53.488,12.15,12.19,0.0121,1168,237
S1-1x,4863,53.500,12.61,12.61,0.0126,1900,237
S1-1x,4864,53.512,11.38,11.38,0.0114,1024,237
S1-1x,4865,53.524,12.81,12.81,0.0128,1828,237
S1-1x,4866,53.537,12.59,12.60,0.0126,1828,237
S1-1x,4867,53.549,12.32,12.30,0.0123,1024,237
S1-1x,4868,53.562,12.41,12.41,0.0124,1024,237
S1-1x,4869,53.575,13.58,13.59,0.0136,2172,237
S1-1x,4870,53.589,13.39,13.40,0.0134,1828,235
S1-1x,4871,53.602,13.30,13.29,0.0133,1828,234
S1-1x,4872,53.615,12.61,12.61,0.0126,1076,234
S1-1x,4873,53.627,12.53,12.51,0.0125,1024,234
S1-1x,4874,53.640,12.97,12.97,0.0130,1828,234
S1-1x,4875,53.653,13.18,13.20,0.0132,1828,234
S1-1x,4876,53.666,12.61,12.60,0.0126,1024,234
S1-1x,4877,53.678,12.42,12.41,0.0124,1096,234
S1-1x,4878,53.691,13.17,13.18,0.0132,2116,234
S1-1x,4879,53.704,12.80,12.80,0.0128,1024,234
S1-1x,4880,53.717,13.13,13.11,0.0131,3052,234
S1-1x,4881,53.730,12.28,12.29,0.0123,1024,234
S1-1x,4882,53.742,12.68,12.69,0.0127,1828,234
S1-1x,4883,53.755,12.52,12.51,0.0125,1152,234
S1-1x,4884,53.767,12.08,12.09,0.0121,1024,234
S1-1x,4885,53.780,13.30,13.29,0.0133,2028,234
S1-1x,4886,53.793,12.87,12.81,0.0129,1024,234
S1-1x,4887,53.806,12.47,12.49,0.0125,984,234
S1-1x,4888,53.818,12.26,12.29,0.0123,1076,234
S1-1x,4889,53.830,12.10,12.09,0.0121,1024,234
S1-1x,4890,53.843,12.89,12.90,0.0129,1828,234
S1-1x,4891,53.856,13.21,13.20,0.0132,1828,234
S1-1x,4892,53.869,12.51,12.50,0.0125,1024,234
S1-1x,4893,53.881,12.80,12.80,0.0128,1024,234
S1-1x,4894,53.894,13.09,13.10,0.0131,1828,234
S1-1x,4895,53.907,12.73,12.71,0.0127,1024,234
S1-1x,4896,53.921,13.39,13.39,0.0134,1828,234
S1-1x,4897,53.933,12.77,12.79,0.0128,1024,234
S1-1x,4898,53.947,13.33,13.30,0.0133,2532,234
S1-1x,4899,53.960,12.80,12.80,0.0128,1024,234
S1-1x,4900,53.973,13.28,13.29,0.0133,1900,232
S1-1x,4901,53.986,13.49,13.51,0.0135,2100,232
S1-1x,4902,54.000,13.21,13.20,0.0132,2548,231
S1-1x,4903,54.012,12.95,12.91,0.0130,1096,231
S1-1x,4904,54.026,13.28,13.29,0.0133,1076,231
S1-1x,4905,54.038,12.56,12.59,0.0126,1024,231
S1-1x,4906,54.051,12.71,12.69,0.0127,1152,231
S1-1x,4907,54.064,13.02,13.00,0.0130,1900,231
S1-1x,4908,54.078,14.20,14.20,0.0142,3324,231
S1-1x,4909,54.092,13.29,13.30,0.0133,2044,231
S1-1x,4910,54.107,15.10,15.10,0.0151,1828,221
S1-1x,4911,54.120,13.13,12.89,0.0131,1024,221
S1-1x,4912,54.133,13.46,13.69,0.0135,1828,221
S1-1x,4913,54.147,13.71,13.70,0.0137,1828,220
S1-1x,4914,54.160,13.31,13.31,0.0133,1828,220
S1-1x,4915,54.174,13.40,13.40,0.0134,1828,220
S1-1x,4916,54.186,12.78,12.79,0.0128,1024,220
S1-1x,4917,54.199,12.42,12.40,0.0124,1024,220
S1-1x,4918,54.212,13.11,13.10,0.0131,2116,220
S1-1x,4919,54.224,12.52,12.50,0.0125,1024,220
S1-1x,4920,54.237,12.16,12.20,0.0122,1076,220
S1-1x,4921,54.249,12.79,12.79,0.0128,3124,220
S1-1x,4922,54.262,12.82,12.80,0.0128,1152,220
S1-1x,4923,54.276,13.77,13.72,0.0138,1024,220
S1-1x,4924,54.290,14.31,14.37,0.0143,1828,220
S1-1x,4925,54.305,14.56,14.52,0.0146,2172,220
S1-1x,4926,54.320,14.68,14.69,0.0147,1828,220
S1-1x,4927,54.334,14.58,14.59,0.0146,1828,220
S1-1x,4928,54.348,14.22,14.20,0.0142,1828,220
S1-1x,4929,54.362,14.10,14.09,0.0141,1828,220
S1-1x,4930,54.376,13.38,13.39,0.0134,1024,220
S1-1x,4931,54.389,13.38,13.39,0.0134,1024,220
S1-1x,4932,54.403,14.05,14.02,0.0140,1828,220
S1-1x,4933,54.417,13.55,13.58,0.0136,1024,220
S1-1x,4934,54.430,13.53,13.50,0.0135,1828,220
S1-1x,4935,54.443,12.89,12.89,0.0129,1076,220
S1-1x,4936,54.457,13.31,13.30,0.0133,1828,220
S1-1x,4937,54.471,14.30,14.29,0.0143,2388,220
S1-1x,4938,54.485,14.37,14.39,0.0144,1828,214
S1-1x,4939,54.499,13.41,13.39,0.0134,1096,214
S1-1x,4940,54.512,13.30,13.31,0.0133,1096,214
S1-1x,4941,54.525,12.84,12.81,0.0128,864,214
S1-1x,4942,54.538,13.06,13.09,0.0131,1900,214
S1-1x,4943,54.551,13.23,13.21,0.0132,1224,214
S1-1x,4944,54.565,13.68,13.69,0.0137,2548,214
S1-1x,4945,54.578,13.20,13.21,0.0132,1024,214
S1-1x,4946,54.591,12.69,12.69,0.0127,1024,214
S1-1x,4947,54.604,13.22,13.19,0.0132,1900,214
S1-1x,4948,54.618,14.19,14.21,0.0142,3268,210
S1-1x,4949,54.631,13.14,13.10,0.0131,1024,210
S1-1x,4950,54.645,13.37,13.39,0.0134,1880,210
S1-1x,4951,54.657,12.89,12.88,0.0129,1024,210
S1-1x,4952,54.671,13.29,13.31,0.0133,1828,210
S1-1x,4953,54.684,13.03,13.00,0.0130,1152,210
S1-1x,4954,54.696,12.57,12.58,0.0126,1024,210
S1-1x,4955,54.709,12.52,12.50,0.0125,1024,210
S1-1x,4956,54.722,12.99,12.99,0.0130,1828,210
S1-1x,4957,54.735,13.28,13.29,0.0133,2116,210
S1-1x,4958,54.748,13.15,13.13,0.0131,1828,210
S1-1x,4959,54.761,12.70,12.67,0.0127,1152,210
S1-1x,4960,54.773,12.47,12.50,0.0125,1096,210
S1-1x,4961,54.786,12.51,12.50,0.0125,1024,210
S1-1x,4962,54.799,12.82,12.81,0.0128,1024,210
S1-1x,4963,54.811,12.42,12.39,0.0124,1024,210
S1-1x,4964,54.824,13.37,13.39,0.0134,3124,208
S1-1x,4965,54.837,12.68,12.68,0.0127,1152,208
S1-1x,4966,54.850,12.52,12.51,0.0125,1076,208
S1-1x,4967,54.863,13.01,13.00,0.0130,1756,207
S1-1x,4968,54.877,13.78,13.79,0.0138,1828,206
S1-1x,4969,54.889,12.99,12.99,0.0130,1828,206
S1-1x,4970,54.902,12.93,12.93,0.0129,1024,206
S1-1x,4971,54.915,12.30,12.28,0.0123,984,206
S1-1x,4972,54.927,12.69,12.70,0.0127,1828,206
S1-1x,4973,54.940,12.89,12.89,0.0129,1828,206
S1-1x,4974,54.953,12.61,12.61,0.0126,1024,206
S1-1x,4975,54.966,12.80,12.79,0.0128,1956,206
S1-1x,4976,54.978,12.40,12.41,0.0124,1024,206
S1-1x,4977,54.990,12.38,12.39,0.0124,1152,206
S1-1x,4978,55.003,12.70,12.69,0.0127,2188,206
S1-1x,4979,55.016,12.30,12.31,0.0123,1024,206
S1-1x,4980,55.028,12.33,12.30,0.0123,1024,206
S1-1x,4981,55.041,13.08,13.09,0.0131,1024,206
S1-1x,4982,55.055,14.41,14.40,0.0144,2296,203
S1-1x,4983,55.069,13.21,13.20,0.0132,1024,203
S1-1x,4984,55.081,12.78,12.78,0.0128,1024,203
S1-1x,4985,55.095,13.82,13.81,0.0138,2620,201
S1-1x,4986,55.110,14.61,14.60,0.0146,1788,201
S1-1x,4987,55.123,13.50,13.50,0.0135,1900,201
S1-1x,4988,55.137,13.67,13.68,0.0137,2764,201
S1-1x,4989,55.151,14.01,14.00,0.0140,1714,201
S1-1x,4990,55.165,13.68,13.69,0.0137,1024,201
S1-1x,4991,55.178,13.00,13.00,0.0130,1024,201
S1-1x,4992,55.190,12.74,12.71,0.0127,1024,201
S1-1x,4993,55.204,13.58,13.60,0.0136,1956,201
S1-1x,4994,55.217,13.50,13.49,0.0135,1828,201
S1-1x,4995,55.230,12.91,12.91,0.0129,1024,201
S1-1x,4996,55.243,12.70,12.68,0.0127,1152,201
S1-1x,4997,55.257,14.39,14.41,0.0144,2368,201
S1-1x,4998,55.271,13.11,13.09,0.0131,1024,201
S1-1x,4999,55.284,13.70,13.71,0.0137,1900,198
S1-1x,5000,55.298,13.44,13.39,0.0134,1900,198
S1-1x,5001,55.311,13.48,13.49,0.0135,1828,198
S1-1x,5002,55.324,12.97,12.98,0.0130,1024,198
S1-1x,5003,55.337,13.19,13.21,0.0132,1210,197
S1-1x,5004,55.351,13.81,13.79,0.0138,4756,197
S1-1x,5005,55.365,13.98,14.00,0.0140,1828,197
S1-1x,5006,55.379,14.00,14.00,0.0140,1956,197
S1-1x,5007,55.392,13.21,13.20,0.0132,1024,197
S1-1x,5008,55.405,12.81,12.80,0.0128,1152,197
S1-1x,5009,55.418,13.27,13.29,0.0133,1828,192
S1-1x,5010,55.431,12.63,12.62,0.0126,1112,192
S1-1x,5011,55.443,12.47,12.49,0.0125,1024,192
S1-1x,5012,55.457,13.14,13.10,0.0131,1840,190
S1-1x,5013,55.469,12.17,12.20,0.0122,984,190
S1-1x,5014,55.481,12.21,12.21,0.0122,984,190
S1-1x,5015,55.493,12.06,12.07,0.0121,984,190
S1-1x,5016,55.505,11.82,11.82,0.0118,1024,190
S1-1x,5017,55.518,13.12,13.10,0.0131,2732,189
S1-1x,5018,55.531,13.28,13.30,0.0133,1788,189
S1-1x,5019,55.544,12.59,12.59,0.0126,1024,189
S1-1x,5020,55.557,12.82,12.80,0.0128,1956,189
S1-1x,5021,55.570,12.91,12.89,0.0129,2116,189
S1-1x,5022,55.583,13.28,13.26,0.0133,1152,189
S1-1x,5023,55.596,12.99,13.04,0.0130,1828,189
S1-1x,5024,55.610,13.91,13.90,0.0139,2748,189
S1-1x,5025,55.623,13.53,13.51,0.0135,1828,189
S1-1x,5026,55.637,13.20,13.20,0.0132,1900,189
S1-1x,5027,55.649,12.27,12.29,0.0123,984,189
S1-1x,5028,55.661,12.00,12.00,0.0120,1076,189
S1-1x,5029,55.673,11.72,11.70,0.0117,1024,189
S1-1x,5030,55.686,13.19,13.20,0.0132,3268,189
S1-1x,5031,55.698,12.68,12.69,0.0127,1210,189
S1-1x,5032,55.711,12.92,12.91,0.0129,1828,188
S1-1x,5033,55.724,12.59,12.60,0.0126,1024,188
S1-1x,5034,55.736,11.88,11.88,0.0119,1024,188
S1-1x,5035,55.748,12.04,12.03,0.0120,1024,188
S1-1x,5036,55.760,12.47,12.48,0.0125,1956,188
S1-1x,5037,55.773,12.80,12.80,0.0128,2044,188
S1-1x,5038,55.786,12.91,12.90,0.0129,1152,188
S1-1x,5039,55.800,13.72,13.70,0.0137,2156,188
S1-1x,5040,55.813,13.09,13.10,0.0131,1024,188
S1-1x,5041,55.826,13.18,13.19,0.0132,1900,187
S1-1x,5042,55.840,13.60,13.60,0.0136,1828,186
S1-1x,5043,55.853,13.63,13.61,0.0136,1956,186
S1-1x,5044,55.867,14.26,14.28,0.0143,3176,186
S1-1x,5045,55.881,13.81,13.80,0.0138,1828,186
S1-1x,5046,55.896,14.20,14.21,0.0142,1828,186
S1-1x,5047,55.910,14.00,13.99,0.0140,1828,185
S1-1x,5048,55.923,13.23,13.20,0.0132,1024,185
S1-1x,5049,55.936,13.24,13.27,0.0132,1024,185
S1-1x,5050,55.949,12.94,12.91,0.0129,1024,185
S1-1x,5051,55.962,13.41,13.40,0.0134,2119,185
S1-1x,5052,55.976,13.69,13.69,0.0137,1991,185
S1-1x,5053,55.990,13.78,13.79,0.0138,1956,185
S1-1x,5054,56.004,13.94,13.91,0.0139,2119,185
S1-1x,5055,56.017,13.49,13.49,0.0135,1828,185
S1-1x,5056,56.031,14.17,14.19,0.0142,1828,185
S1-1x,5057,56.045,13.91,13.89,0.0139,2044,185
S1-1x,5058,56.060,14.71,14.69,0.0147,3067,185
S1-1x,5059,56.074,13.60,13.60,0.0136,1880,185
S1-1x,5060,56.088,14.17,14.18,0.0142,2076,185
S1-1x,5061,56.102,14.53,14.52,0.0145,1828,185
S1-1x,5062,56.117,14.54,14.50,0.0145,1828,183
S1-1x,5063,56.132,14.89,14.71,0.0149,2892,183
S1-1x,5064,56.147,14.86,15.08,0.0149,1828,182
S1-1x,5065,56.162,15.21,15.19,0.0152,1554,181
S1-1x,5066,56.176,14.41,14.40,0.0144,1916,180
S1-1x,5067,56.191,14.68,14.70,0.0147,1828,180
S1-1x,5068,56.206,14.71,14.69,0.0147,2172,180
S1-1x,5069,56.220,13.91,13.90,0.0139,1024,180
S1-1x,5070,56.233,13.69,13.70,0.0137,1152,180
S1-1x,5071,56.246,13.31,13.31,0.0133,1024,180
S1-1x,5072,56.261,14.51,14.50,0.0145,3324,179
S1-1x,5073,56.276,14.61,14.59,0.0146,2847,179
S1-1x,5074,56.290,14.57,14.59,0.0146,1828,178
S1-1x,5075,56.304,13.81,13.80,0.0138,1024,178
S1-1x,5076,56.318,13.83,13.81,0.0138,2116,177
S1-1x,5077,56.332,14.35,14.37,0.0144,1828,177
S1-1x,5078,56.346,14.13,14.12,0.0141,1900,177
S1-1x,5079,56.360,14.09,14.10,0.0141,1956,177
S1-1x,5080,56.374,14.02,14.01,0.0140,1828,177
S1-1x,5081,56.388,13.87,13.89,0.0139,2260,176
S1-1x,5082,56.403,14.53,14.50,0.0145,2692,171
S1-1x,5083,56.416,13.08,13.09,0.0131,1024,171
S1-1x,5084,56.429,13.51,13.50,0.0135,1828,171
S1-1x,5085,56.443,13.68,13.69,0.0137,1956,170
S1-1x,5086,56.456,13.11,13.09,0.0131,1024,170
S1-1x,5087,56.469,13.23,13.20,0.0132,1828,170
S1-1x,5088,56.483,13.45,13.43,0.0134,1076,170
S1-1x,5089,56.495,12.44,12.47,0.0124,1024,170
S1-1x,5090,56.508,12.38,12.39,0.0124,1024,170
S1-1x,5091,56.521,12.79,12.80,0.0128,1828,170
S1-1x,5092,56.533,12.89,12.90,0.0129,1024,170
S1-1x,5093,56.548,14.53,14.50,0.0145,1956,168
S1-1x,5094,56.562,14.23,14.21,0.0142,1788,168
S1-1x,5095,56.577,14.86,14.90,0.0149,2188,168
S1-1x,5096,56.593,15.42,15.40,0.0154,1024,168
S1-1x,5097,56.608,15.19,15.20,0.0152,2116,167
S1-1x,5098,56.623,15.19,15.12,0.0152,1024,167
S1-1x,5099,56.637,14.28,14.36,0.0143,1828,167
S1-1x,5100,56.652,14.39,14.33,0.0144,2748,166
S1-1x,5101,56.667,15.22,15.27,0.0152,1828,166
S1-1x,5102,56.681,14.21,14.12,0.0142,1024,166
S1-1x,5103,56.695,14.42,14.49,0.0144,1952,166
S1-1x,5104,56.710,14.91,14.89,0.0149,1828,166
S1-1x,5105,56.725,14.32,14.32,0.0143,1152,166
S1-1x,5106,56.738,13.11,13.09,0.0131,1024,166
S1-1x,5107,56.751,13.05,13.09,0.0130,1024,166
S1-1x,5108,56.764,13.35,13.30,0.0134,2044,166
S1-1x,5109,56.778,13.90,13.89,0.0139,3052,166
S1-1x,5110,56.792,14.38,14.39,0.0144,1828,162
S1-1x,5111,56.806,13.57,13.59,0.0136,1024,162
S1-1x,5112,56.819,13.02,12.99,0.0130,1024,162
S1-1x,5113,56.833,13.92,13.93,0.0139,1168,161
S1-1x,5114,56.847,13.95,13.95,0.0139,1354,160
S1-1x,5115,56.861,13.89,13.91,0.0139,1900,160
S1-1x,5116,56.874,12.96,12.92,0.0130,1024,160
S1-1x,5117,56.886,12.64,12.67,0.0126,1024,160
S1-1x,5118,56.899,12.68,12.62,0.0127,1076,160
S1-1x,5119,56.912,12.89,12.90,0.0129,2100,160
S1-1x,5120,56.926,13.77,13.79,0.0138,3178,160
S1-1x,5121,56.938,12.36,12.38,0.0124,1024,160
S1-1x,5122,56.950,11.70,11.68,0.0117,1024,160
S1-1x,5123,56.962,12.34,12.33,0.0123,1828,152
S1-1x,5124,56.975,13.00,12.99,0.0130,1210,152
S1-1x,5125,56.988,12.55,12.59,0.0125,1024,152
S1-1x,5126,57.000,12.04,12.01,0.0120,1024,152
S1-1x,5127,57.012,12.00,12.00,0.0120,1024,152
S1-1x,5128,57.024,12.38,12.39,0.0124,1828,152
S1-1x,5129,57.036,11.89,11.89,0.0119,1024,152
S1-1x,5130,57.048,11.61,11.60,0.0116,1024,152
S1-1x,5131,57.059,11.23,11.21,0.0112,1024,152
S1-1x,5132,57.071,12.69,12.69,0.0127,1828,152
S1-1x,5133,57.084,12.39,12.40,0.0124,1024,152
S1-1x,5134,57.096,12.59,12.59,0.0126,2316,152
S1-1x,5135,57.108,11.42,11.41,0.0114,1076,152
S1-1x,5136,57.119,11.58,11.59,0.0116,1024,152
S1-1x,5137,57.131,11.11,11.10,0.0111,1024,152
S1-1x,5138,57.143,12.18,12.18,0.0122,2116,152
S1-1x,5139,57.155,11.80,11.81,0.0118,1024,152
S1-1x,5140,57.165,10.84,10.81,0.0108,1024,152
S1-1x,5141,57.177,11.17,11.19,0.0112,1024,152
S1-1x,5142,57.188,11.80,11.79,0.0118,2620,152
S1-1x,5143,57.200,11.50,11.50,0.0115,1024,152
S1-1x,5144,57.212,12.19,12.20,0.0122,1900,152
S1-1x,5145,57.225,12.52,12.51,0.0125,1828,151
S1-1x,5146,57.237,12.68,12.70,0.0127,1828,151
S1-1x,5147,57.249,11.62,11.60,0.0116,1024,151
S1-1x,5148,57.261,11.89,11.90,0.0119,1024,151
S1-1x,5149,57.272,11.69,11.69,0.0117,1024,151
S1-1x,5150,57.284,11.80,11.81,0.0118,1900,151
S1-1x,5151,57.296,11.89,11.89,0.0119,3196,151
S1-1x,5152,57.309,12.66,12.62,0.0127,1828,151
S1-1x,5153,57.321,11.77,11.79,0.0118,1880,151
S1-1x,5154,57.333,12.23,12.18,0.0122,1024,151
S1-1x,5155,57.345,12.55,12.61,0.0126,1972,150
S1-1x,5156,57.358,12.88,12.89,0.0129,1972,150
S1-1x,5157,57.370,11.94,11.91,0.0119,1024,150
S1-1x,5158,57.383,12.59,12.59,0.0126,1900,150
S1-1x,5159,57.395,12.37,12.39,0.0124,1024,150
S1-1x,5160,57.408,12.52,12.51,0.0125,1024,150
S1-1x,5161,57.420,12.63,12.59,0.0126,1828,149
S1-1x,5162,57.433,12.58,12.60,0.0126,2092,149
S1-1x,5163,57.445,12.47,12.48,0.0125,1972,149
S1-1x,5164,57.457,11.92,11.92,0.0119,1104,149
S1-1x,5165,57.470,12.53,12.50,0.0125,1024,149
S1-1x,5166,57.483,13.12,13.12,0.0131,1900,149
S1-1x,5167,57.495,12.16,12.18,0.0122,1024,149
S1-1x,5168,57.507,12.03,12.00,0.0120,1024,149
S1-1x,5169,57.519,11.90,11.90,0.0119,1024,149
S1-1x,5170,57.531,11.59,11.59,0.0116,1076,149
S1-1x,5171,57.542,11.40,11.39,0.0114,1024,149
S1-1x,5172,57.553,10.93,10.92,0.0109,1024,149
S1-1x,5173,57.564,11.67,11.68,0.0117,1024,149
S1-1x,5174,57.577,12.30,12.30,0.0123,2188,148
S1-1x,5175,57.588,11.08,11.09,0.0111,1024,148
S1-1x,5176,57.599,10.86,10.80,0.0109,984,148
S1-1x,5177,57.610,10.84,10.89,0.0108,984,148
S1-1x,5178,57.620,10.82,10.81,0.0108,984,148
S1-1x,5179,57.631,10.59,10.59,0.0106,1024,148
S1-1x,5180,57.641,10.48,10.49,0.0105,984,148
S1-1x,5181,57.652,10.54,10.51,0.0105,984,148
S1-1x,5182,57.663,10.60,10.60,0.0106,1024,148
S1-1x,5183,57.674,11.68,11.68,0.0117,3052,147
S1-1x,5184,57.685,10.65,10.62,0.0106,984,147
S1-1x,5185,57.696,10.86,10.88,0.0109,1024,147
S1-1x,5186,57.706,10.51,10.51,0.0105,1024,147
S1-1x,5187,57.717,10.78,10.80,0.0108,1024,147
S1-1x,5188,57.728,10.52,10.50,0.0105,1024,147
S1-1x,5189,57.738,10.69,10.69,0.0107,1148,147
S1-1x,5190,57.750,11.39,11.39,0.0114,2620,145
S1-1x,5191,57.760,10.35,10.31,0.0104,1024,145
S1-1x,5192,57.771,10.98,10.99,0.0110,1828,145
S1-1x,5193,57.783,11.82,11.82,0.0118,1024,145
S1-1x,5194,57.794,10.86,10.84,0.0109,1024,145
S1-1x,5195,57.805,10.84,10.82,0.0108,984,145
S1-1x,5196,57.816,11.47,11.49,0.0115,2692,142
S1-1x,5197,57.827,11.19,11.20,0.0112,984,142
S1-1x,5198,57.839,11.49,11.49,0.0115,2404,141
S1-1x,5199,57.850,11.22,11.21,0.0112,984,141
S1-1x,5200,57.860,10.58,10.59,0.0106,1024,141
S1-1x,5201,57.871,10.53,10.50,0.0105,1024,141
S1-1x,5202,57.881,10.11,10.10,0.0101,984,141
S1-1x,5203,57.893,11.38,11.39,0.0114,1570,140
S1-1x,5204,57.904,11.18,11.18,0.0112,1788,140
S1-1x,5205,57.915,11.22,11.21,0.0112,1024,140
S1-1x,5206,57.926,10.61,10.61,0.0106,1024,140
S1-1x,5207,57.936,10.14,10.17,0.0101,1024,140
S1-1x,5208,57.947,11.10,11.03,0.0111,2024,139
S1-1x,5209,57.958,11.54,11.57,0.0115,1972,139
S1-1x,5210,57.969,11.07,11.09,0.0111,1828,139
S1-1x,5211,57.981,11.23,11.21,0.0112,1024,139
S1-1x,5212,57.991,10.40,10.40,0.0104,1024,139
S1-1x,5213,58.001,10.30,10.29,0.0103,1024,139
S1-1x,5214,58.012,10.48,10.50,0.0105,1024,139
S1-1x,5215,58.022,10.30,10.30,0.0103,1024,139
S1-1x,5216,58.033,10.88,10.88,0.0109,1900,139
S1-1x,5217,58.043,9.83,9.81,0.0098,1024,139
S1-1x,5218,58.054,10.67,10.69,0.0107,1828,139
S1-1x,5219,58.064,10.83,10.81,0.0108,1024,139
S1-1x,5220,58.075,10.27,10.28,0.0103,1024,139
S1-1x,5221,58.085,10.82,10.81,0.0108,1024,139
S1-1x,5222,58.097,11.64,11.61,0.0116,2188,138
S1-1x,5223,58.109,12.35,12.38,0.0124,1210,138
S1-1x,5224,58.120,11.10,11.10,0.0111,1024,138
S1-1x,5225,58.133,12.53,12.33,0.0125,1828,138
S1-1x,5226,58.145,11.92,12.07,0.0119,1828,138
S1-1x,5227,58.157,11.96,11.99,0.0120,1076,138
S1-1x,5228,58.169,12.28,12.28,0.0123,1828,138
S1-1x,5229,58.182,12.53,12.52,0.0125,1828,138
S1-1x,5230,58.193,11.69,11.69,0.0117,1024,138
S1-1x,5231,58.206,12.30,12.29,0.0123,3052,137
S1-1x,5232,58.217,11.40,11.39,0.0114,1024,137
S1-1x,5233,58.229,11.71,11.71,0.0117,1828,137
S1-1x,5234,58.240,11.08,11.08,0.0111,1024,137
S1-1x,5235,58.251,11.11,11.11,0.0111,1024,137
S1-1x,5236,58.261,10.50,10.50,0.0105,1024,137
S1-1x,5237,58.273,11.13,11.11,0.0111,2116,137
S1-1x,5238,58.283,10.88,10.88,0.0109,1024,137
S1-1x,5239,58.295,11.71,11.71,0.0117,2404,137
S1-1x,5240,58.307,11.32,11.30,0.0113,1024,137
S1-1x,5241,58.318,10.98,10.97,0.0110,1024,137
S1-1x,5242,58.328,10.88,10.91,0.0109,1024,137
S1-1x,5243,58.339,10.89,10.90,0.0109,2180,136
S1-1x,5244,58.350,10.82,10.80,0.0108,1024,136
S1-1x,5245,58.361,10.81,10.80,0.0108,2888,136
S1-1x,5246,58.372,10.70,10.69,0.0107,1024,136
S1-1x,5247,58.383,11.21,11.23,0.0112,1828,135
S1-1x,5248,58.395,12.06,12.07,0.0121,1828,133
S1-1x,5249,58.406,11.52,11.50,0.0115,2188,133
S1-1x,5250,58.418,11.10,11.09,0.0111,1024,133
S1-1x,5251,58.429,11.31,11.31,0.0113,1828,133
S1-1x,5252,58.440,10.70,10.69,0.0107,1024,133
S1-1x,5253,58.451,11.23,11.20,0.0112,1828,133
S1-1x,5254,58.463,12.27,12.29,0.0123,1972,133
S1-1x,5255,58.475,11.84,11.80,0.0118,1972,131
S1-1x,5256,58.486,11.61,11.59,0.0116,904,131
S1-1x,5257,58.498,11.86,11.89,0.0119,1828,127
S1-1x,5258,58.511,12.68,12.69,0.0127,1748,121
S1-1x,5259,58.522,11.42,11.40,0.0114,1828,119
S1-1x,5260,58.533,10.67,10.69,0.0107,944,119
S1-1x,5261,58.544,10.65,10.61,0.0107,1024,119
S1-1x,5262,58.555,10.81,10.80,0.0108,1024,119
S1-1x,5263,58.566,10.95,10.98,0.0110,1076,119
S1-1x,5264,58.576,10.49,10.49,0.0105,1024,119
S1-1x,5265,58.587,11.00,10.99,0.0110,1900,119
S1-1x,5266,58.599,11.63,11.60,0.0116,1828,118
S1-1x,5267,58.610,11.13,11.12,0.0111,2188,118
S1-1x,5268,58.620,10.54,10.57,0.0105,1024,118
S1-1x,5269,58.631,10.32,10.30,0.0103,1024,118
S1-1x,5270,58.641,10.18,10.19,0.0102,1024,118
S1-1x,5271,58.651,10.24,10.21,0.0102,1024,118
S1-1x,5272,58.662,11.07,11.09,0.0111,1828,115
S1-1x,5273,58.674,12.13,12.10,0.0121,1828,99
S1-1x,5274,58.685,11.07,11.09,0.0111,1024,99
S1-1x,5275,58.696,10.29,10.30,0.0103,1024,99
S1-1x,5276,58.705,9.91,9.90,0.0099,1024,99
S1-1x,5277,58.715,9.85,9.82,0.0099,1024,99
S1-1x,5278,58.726,10.43,10.47,0.0104,1972,99
S1-1x,5279,58.736,10.11,10.10,0.0101,1024,99
S1-1x,5280,58.746,9.70,9.69,0.0097,1024,99
S1-1x,5281,58.755,9.30,9.30,0.0093,1024,99
S1-1x,5282,58.766,10.92,10.89,0.0109,2960,96
S1-1x,5283,58.776,10.34,10.32,0.0103,1024,96
S1-1x,5284,58.786,9.76,9.78,0.0098,1024,96
S1-1x,5285,58.796,9.90,9.90,0.0099,1024,96
S1-1x,5286,58.806,9.98,10.00,0.0100,1024,96
S1-1x,5287,58.816,9.82,9.80,0.0098,1024,96
S1-1x,5288,58.826,10.78,10.79,0.0108,2692,93
S1-1x,5289,58.837,10.18,10.19,0.0102,1828,93
S1-1x,5290,58.847,10.63,10.62,0.0106,1024,93
S1-1x,5291,58.857,9.84,9.80,0.0098,984,93
S1-1x,5292,58.867,10.38,10.39,0.0104,1056,93
S1-1x,5293,58.877,10.00,10.00,0.0100,984,93
S1-1x,5294,58.887,9.87,9.88,0.0099,984,93
S1-1x,5295,58.897,10.00,10.01,0.0100,984,93
S1-1x,5296,58.907,9.91,9.90,0.0099,984,93
S1-1x,5297,58.917,9.91,9.91,0.0099,984,93
S1-1x,5298,58.927,9.79,9.80,0.0098,1024,93
S1-1x,5299,58.938,11.12,11.11,0.0111,3516,92
S1-1x,5300,58.950,11.77,11.78,0.0118,1828,82
S1-1x,5301,58.960,10.61,10.60,0.0106,984,82
S1-1x,5302,58.971,10.20,10.21,0.0102,1076,82
S1-1x,5303,58.981,10.31,10.30,0.0103,1168,82
S1-1x,5304,58.991,10.40,10.40,0.0104,1860,82
S1-1x,5305,59.002,11.09,11.09,0.0111,1282,80
S1-1x,5306,59.013,10.10,10.10,0.0101,1024,80
S1-1x,5307,59.022,9.91,9.91,0.0099,984,80
S1-1x,5308,59.032,9.78,9.79,0.0098,1024,80
S1-1x,5309,59.042,9.62,9.59,0.0096,1024,80
S1-1x,5310,59.052,9.70,9.71,0.0097,1024,80
S1-1x,5311,59.062,10.49,10.50,0.0105,1788,79
S1-1x,5312,59.073,10.50,10.49,0.0105,1828,79
S1-1x,5313,59.083,10.18,10.19,0.0102,1024,79
S1-1x,5314,59.093,10.12,10.10,0.0101,1788,79
S1-1x,5315,59.103,10.19,10.20,0.0102,1024,79
S1-1x,5316,59.113,9.51,9.50,0.0095,1024,79
S1-1x,5317,59.122,9.29,9.31,0.0093,1024,79
S1-1x,5318,59.132,10.09,10.08,0.0101,2260,79
S1-1x,5319,59.142,10.28,10.29,0.0103,1788,79
S1-1x,5320,59.152,9.74,9.71,0.0097,1024,79
S1-1x,5321,59.162,9.73,9.71,0.0097,1024,79
S1-1x,5322,59.172,10.26,10.29,0.0103,1880,78
S1-1x,5323,59.183,10.92,10.92,0.0109,1828,78
S1-1x,5324,59.194,10.69,10.67,0.0107,1828,78
S1-1x,5325,59.204,10.10,10.09,0.0101,1024,78
S1-1x,5326,59.213,9.79,9.79,0.0098,1024,78
S1-1x,5327,59.224,10.21,10.21,0.0102,1828,78
S1-1x,5328,59.234,9.86,9.88,0.0099,1024,78
S1-1x,5329,59.244,10.43,10.41,0.0104,1972,78
S1-1x,5330,59.254,9.68,9.69,0.0097,1024,78
S1-1x,5331,59.264,10.53,10.51,0.0105,1828,77
S1-1x,5332,59.274,9.77,9.79,0.0098,1024,77
S1-1x,5333,59.283,9.59,9.61,0.0096,1024,77
S1-1x,5334,59.293,9.30,9.29,0.0093,1024,77
S1-1x,5335,59.303,10.00,9.99,0.0100,2908,77
S1-1x,5336,59.313,9.72,9.70,0.0097,1024,77
S1-1x,5337,59.322,9.69,9.70,0.0097,1024,77
S1-1x,5338,59.333,10.62,10.63,0.0106,1828,77
S1-1x,5339,59.342,9.65,9.66,0.0097,1056,77
S1-1x,5340,59.352,9.81,9.80,0.0098,1900,77
S1-1x,5341,59.362,9.31,9.30,0.0093,984,77
S1-1x,5342,59.371,9.62,9.60,0.0096,1932,77
S1-1x,5343,59.381,10.19,10.19,0.0102,2160,77
S1-1x,5344,59.391,9.26,9.28,0.0093,984,77
S1-1x,5345,59.400,9.06,9.03,0.0091,1024,77
S1-1x,5346,59.409,9.26,9.28,0.0093,1024,77
S1-1x,5347,59.418,9.31,9.30,0.0093,1152,77
S1-1x,5348,59.427,9.09,9.09,0.0091,1024,77
S1-1x,5349,59.436,8.71,8.71,0.0087,1024,77
S1-1x,5350,59.445,8.79,8.80,0.0088,1024,77
S1-1x,5351,59.454,8.91,8.90,0.0089,1024,77
S1-1x,5352,59.463,8.80,8.80,0.0088,1024,77
S1-1x,5353,59.472,9.20,9.20,0.0092,1024,77
S1-1x,5354,59.481,9.61,9.60,0.0096,1024,77
S1-1x,5355,59.491,9.60,9.59,0.0096,1024,77
S1-1x,5356,59.501,10.29,10.29,0.0103,4060,75
S1-1x,5357,59.511,9.41,9.41,0.0094,1024,75
S1-1x,5358,59.520,9.10,9.09,0.0091,1024,75
S1-1x,5359,59.529,9.10,9.11,0.0091,1096,75
S1-1x,5360,59.537,8.59,8.59,0.0086,1024,75
S1-1x,5361,59.546,8.89,8.88,0.0089,1024,75
S1-1x,5362,59.555,8.81,8.81,0.0088,1024,75
S1-1x,5363,59.564,8.70,8.70,0.0087,1024,75
S1-1x,5364,59.573,8.89,8.89,0.0089,1024,75
S1-1x,5365,59.581,8.64,8.61,0.0086,1076,75
S1-1x,5366,59.590,8.78,8.78,0.0088,1024,75
S1-1x,5367,59.601,10.53,10.49,0.0105,1024,75
S1-1x,5368,59.611,9.99,10.01,0.0100,1024,75
S1-1x,5369,59.621,10.48,10.49,0.0105,1152,75
S1-1x,5370,59.631,9.48,9.50,0.0095,1024,75
S1-1x,5371,59.640,8.99,9.00,0.0090,1024,75
S1-1x,5372,59.649,9.13,9.11,0.0091,1024,75
S1-1x,5373,59.659,10.53,10.50,0.0105,2044,75
S1-1x,5374,59.670,10.40,10.40,0.0104,1024,75
S1-1x,5375,59.680,9.79,9.80,0.0098,1024,75
S1-1x,5376,59.689,9.32,9.30,0.0093,1024,75
S1-1x,5377,59.699,10.31,10.30,0.0103,1426,75
S1-1x,5378,59.709,9.88,9.89,0.0099,1024,75
S1-1x,5379,59.719,9.80,9.79,0.0098,984,75
S1-1x,5380,59.729,9.69,9.70,0.0097,1024,75
S1-1x,5381,59.738,9.48,9.49,0.0095,1024,75
S1-1x,5382,59.747,9.41,9.40,0.0094,1024,75
S1-1x,5383,59.757,9.29,9.29,0.0093,1024,75
S1-1x,5384,59.766,9.29,9.30,0.0093,1024,75
S1-1x,5385,59.775,8.96,8.91,0.0090,1024,75
S1-1x,5386,59.784,9.51,9.50,0.0095,1076,75
S1-1x,5387,59.794,9.48,9.49,0.0095,1024,75
S1-1x,5388,59.803,9.48,9.49,0.0095,1024,75
S1-1x,5389,59.813,9.23,9.21,0.0092,1024,75
S1-1x,5390,59.823,10.35,10.38,0.0103,2172,75
S1-1x,5391,59.834,10.74,10.71,0.0107,2836,72
S1-1x,5392,59.844,9.98,9.99,0.0100,944,72
S1-1x,5393,59.853,9.33,9.31,0.0093,1024,72
S1-1x,5394,59.862,9.27,9.28,0.0093,1024,72
S1-1x,5395,59.871,9.11,9.10,0.0091,1024,72
S1-1x,5396,59.881,9.19,9.20,0.0092,1024,72
S1-1x,5397,59.890,9.07,9.01,0.0091,984,72
S1-1x,5398,59.899,9.13,9.18,0.0091,984,72
S1-1x,5399,59.908,9.31,9.30,0.0093,1024,72
S1-1x,5400,59.917,8.59,8.60,0.0086,1024,72
S1-1x,5401,59.926,8.84,8.83,0.0088,984,72
S1-1x,5402,59.934,8.67,8.68,0.0087,1024,72
S1-1x,5403,59.943,8.80,8.78,0.0088,1024,72
S1-1x,5404,59.952,9.39,9.40,0.0094,1858,72
S1-1x,5405,59.961,8.72,8.72,0.0087,1024,72
S1-1x,5406,59.971,9.63,9.61,0.0096,984,72
S1-1x,5407,59.981,9.77,9.78,0.0098,1828,69
S1-1x,5408,59.989,8.92,8.91,0.0089,1076,69
S1-1x,5409,59.998,8.66,8.68,0.0087,984,69
S1-1x,5410,60.008,9.71,9.71,0.0097,1828,68
S1-1x,5411,60.016,8.49,8.49,0.0085,1024,68
S1-1x,5412,60.025,8.71,8.70,0.0087,1024,68
S1-1x,5413,60.033,8.35,8.39,0.0084,984,68
S1-1x,5414,60.041,7.94,7.92,0.0079,984,68
S1-1x,5415,60.049,8.02,7.99,0.0080,984,68
S1-1x,5416,60.058,8.28,8.29,0.0083,1128,68
S1-1x,5417,60.067,9.67,9.68,0.0097,3948,66
S1-1x,5418,60.076,8.91,8.91,0.0089,1024,66
S1-1x,5419,60.085,8.90,8.90,0.0089,984,66
S1-1x,5420,60.094,8.80,8.80,0.0088,1024,66
S1-1x,5421,60.103,8.91,8.90,0.0089,1024,66
S1-1x,5422,60.112,8.69,8.70,0.0087,1024,66
S1-1x,5423,60.120,8.60,8.60,0.0086,1024,66
S1-1x,5424,60.129,8.72,8.70,0.0087,1024,66
S1-1x,5425,60.139,9.87,9.70,0.0099,1828,63
S1-1x,5426,60.149,10.32,10.49,0.0103,1828,58
S1-1x,5427,60.158,9.02,9.00,0.0090,1024,58
S1-1x,5428,60.167,9.09,9.10,0.0091,984,58
S1-1x,5429,60.176,8.90,8.90,0.0089,1128,58
S1-1x,5430,60.185,9.18,9.19,0.0092,1900,58
S1-1x,5431,60.194,9.20,9.20,0.0092,1076,58
S1-1x,5432,60.203,8.80,8.79,0.0088,984,58
S1-1x,5433,60.212,8.84,8.80,0.0088,1024,58
S1-1x,5434,60.221,9.36,9.40,0.0094,1828,58
S1-1x,5435,60.230,8.91,8.90,0.0089,1024,58
S1-1x,5436,60.239,8.60,8.60,0.0086,984,58
S1-1x,5437,60.247,8.32,8.31,0.0083,1024,58
S1-1x,5438,60.256,8.59,8.59,0.0086,984,58
S1-1x,5439,60.264,8.53,8.50,0.0085,984,58
S1-1x,5440,60.273,8.37,8.39,0.0084,1024,58
S1-1x,5441,60.281,8.50,8.50,0.0085,1096,58
S1-1x,5442,60.290,8.49,8.49,0.0085,944,58
S1-1x,5443,60.299,9.09,9.10,0.0091,1972,58
S1-1x,5444,60.308,9.24,9.21,0.0092,1828,58
S1-1x,5445,60.318,9.90,9.90,0.0099,1828,58
S1-1x,5446,60.328,9.98,9.99,0.0100,1748,49
S1-1x,5447,60.337,9.17,9.18,0.0092,2044,49
S1-1x,5448,60.346,8.62,8.62,0.0086,1024,49
S1-1x,5449,60.354,8.68,8.69,0.0087,1168,49
S1-1x,5450,60.363,9.14,9.11,0.0091,1900,49
S1-1x,5451,60.373,9.61,9.58,0.0096,1024,49
S1-1x,5452,60.382,9.06,9.10,0.0091,1024,49
S1-1x,5453,60.391,8.99,8.98,0.0090,1024,49
S1-1x,5454,60.400,9.34,9.33,0.0093,1076,49
S1-1x,5455,60.410,9.18,9.18,0.0092,1024,49
S1-1x,5456,60.419,9.01,9.01,0.0090,1024,49
S1-1x,5457,60.429,9.81,9.80,0.0098,2116,49
S1-1x,5458,60.438,9.48,9.49,0.0095,1024,49
S1-1x,5459,60.447,9.11,9.11,0.0091,1024,49
S1-1x,5460,60.457,10.12,10.09,0.0101,1024,49
S1-1x,5461,60.467,9.67,9.69,0.0097,1024,49
S1-1x,5462,60.477,10.42,10.39,0.0104,2836,49
S1-1x,5463,60.487,10.09,10.10,0.0101,1024,49
S1-1x,5464,60.498,10.62,10.60,0.0106,1892,48
S1-1x,5465,60.508,9.88,9.89,0.0099,1024,48
S1-1x,5466,60.518,9.99,9.99,0.0100,1828,48
S1-1x,5467,60.528,10.17,10.12,0.0102,1024,48
S1-1x,5468,60.538,10.17,10.18,0.0102,1024,48
S1-1x,5469,60.549,10.52,10.51,0.0105,1828,46
S1-1x,5470,60.559,10.02,9.99,0.0100,1152,46
S1-1x,5471,60.569,10.55,10.58,0.0105,1828,45
S1-1x,5472,60.579,10.04,10.00,0.0100,1892,45
S1-1x,5473,60.590,10.75,10.78,0.0108,2836,43
S1-1x,5474,60.599,9.38,9.40,0.0094,984,43
S1-1x,5475,60.609,9.11,9.11,0.0091,1148,43
S1-1x,5476,60.618,9.04,9.01,0.0090,1096,43
S1-1x,5477,60.627,9.24,9.27,0.0092,1900,42
S1-1x,5478,60.636,9.22,9.21,0.0092,1152,42
S1-1x,5479,60.645,8.84,8.79,0.0088,1024,42
S1-1x,5480,60.655,9.71,9.73,0.0097,2188,42
S1-1x,5481,60.665,10.26,10.28,0.0103,2404,41
S1-1x,5482,60.674,9.32,9.29,0.0093,984,41
S1-1x,5483,60.684,9.28,9.27,0.0093,1024,41
S1-1x,5484,60.693,9.59,9.61,0.0096,1972,41
S1-1x,5485,60.703,9.55,9.51,0.0095,1024,41
S1-1x,5486,60.712,9.56,9.59,0.0096,1860,40
S1-1x,5487,60.721,9.09,9.02,0.0091,1024,40
S1-1x,5488,60.731,9.54,9.57,0.0095,1876,38
S1-1x,5489,60.740,9.41,9.40,0.0094,1024,38
S1-1x,5490,60.749,8.70,8.69,0.0087,1024,38
S1-1x,5491,60.758,9.08,9.09,0.0091,1024,38
S1-1x,5492,60.767,8.61,8.60,0.0086,1024,38
S1-1x,5493,60.775,8.68,8.70,0.0087,1024,38
S1-1x,5494,60.784,8.69,8.69,0.0087,1024,38
S1-1x,5495,60.792,8.36,8.31,0.0084,1024,38
S1-1x,5496,60.801,8.86,8.89,0.0089,1024,38
S1-1x,5497,60.810,8.90,8.89,0.0089,1076,38
S1-1x,5498,60.819,8.73,8.71,0.0087,1024,38
S1-1x,5499,60.828,8.67,8.69,0.0087,1024,38
S1-1x,5500,60.837,8.98,8.99,0.0090,1152,38
S1-1x,5501,60.845,8.83,8.80,0.0088,1024,38
S1-1x,5502,60.854,9.08,9.10,0.0091,1024,38
S1-1x,5503,60.863,8.84,8.80,0.0088,1024,38
S1-1x,5504,60.873,9.56,9.59,0.0096,1972,38
S1-1x,5505,60.883,10.02,10.02,0.0100,2260,37
S1-1x,5506,60.892,9.31,9.28,0.0093,1820,37
S1-1x,5507,60.901,9.27,9.29,0.0093,1024,37
S1-1x,5508,60.910,8.33,8.30,0.0083,1024,37
S1-1x,5509,60.918,8.28,8.29,0.0083,1024,37
S1-1x,5510,60.926,8.24,8.23,0.0082,1024,37
S1-1x,5511,60.935,8.66,8.67,0.0087,1024,37
S1-1x,5512,60.944,8.91,8.90,0.0089,1024,37
S1-1x,5513,60.953,9.58,9.59,0.0096,2116,35
S1-1x,5514,60.962,8.91,8.90,0.0089,984,35
S1-1x,5515,60.972,9.20,9.20,0.0092,1024,35
S1-1x,5516,60.980,8.69,8.70,0.0087,1024,35
S1-1x,5517,60.988,8.19,8.19,0.0082,1024,35
S1-1x,5518,60.997,8.21,8.21,0.0082,1024,35
S1-1x,5519,61.005,8.10,8.10,0.0081,1024,35
S1-1x,5520,61.013,8.21,8.20,0.0082,1076,35
S1-1x,5521,61.021,8.48,8.50,0.0085,1024,35
S1-1x,5522,61.029,8.02,7.99,0.0080,1024,35
S1-1x,5523,61.038,8.47,8.50,0.0085,1224,35
S1-1x,5524,61.046,8.46,8.41,0.0085,1096,35
S1-1x,5525,61.055,9.06,9.08,0.0091,1900,35
S1-1x,5526,61.064,8.82,8.80,0.0088,1024,35
S1-1x,5527,61.073,9.08,9.09,0.0091,1096,35
S1-1x,5528,61.082,8.37,8.32,0.0084,1024,35
S1-1x,5529,61.091,8.92,8.98,0.0089,1024,35
S1-1x,5530,61.099,8.63,8.60,0.0086,1024,35
S1-1x,5531,61.108,8.48,8.50,0.0085,1024,35
S1-1x,5532,61.116,8.01,8.00,0.0080,1024,35
S1-1x,5533,61.125,9.41,9.41,0.0094,2164,34
S1-1x,5534,61.134,8.40,8.38,0.0084,1024,34
S1-1x,5535,61.142,8.88,8.91,0.0089,3116,32
S1-1x,5536,61.151,8.31,8.30,0.0083,1024,32
S1-1x,5537,61.160,8.79,8.80,0.0088,2404,32
S1-1x,5538,61.168,8.53,8.51,0.0085,1024,32
S1-1x,5539,61.177,8.89,8.89,0.0089,1024,32
S1-1x,5540,61.185,8.16,8.19,0.0082,1024,32
S1-1x,5541,61.193,8.30,8.29,0.0083,1024,32
S1-1x,5542,61.202,8.12,8.11,0.0081,1024,32
S1-1x,5543,61.210,7.99,7.99,0.0080,1024,32
S1-1x,5544,61.218,8.88,8.90,0.0089,3032,29
S1-1x,5545,61.227,8.43,8.41,0.0084,984,29
S1-1x,5546,61.235,7.96,7.98,0.0080,1024,29
S1-1x,5547,61.243,7.93,7.90,0.0079,1024,29
S1-1x,5548,61.250,7.61,7.62,0.0076,1024,29
S1-1x,5549,61.258,8.15,8.09,0.0082,1024,29
S1-1x,5550,61.267,8.23,8.28,0.0082,1024,29
S1-1x,5551,61.276,8.91,8.89,0.0089,1828,29
S1-1x,5552,61.284,8.75,8.71,0.0088,1024,29
S1-1x,5553,61.293,8.96,8.99,0.0090,1788,28
S1-1x,5554,61.302,8.29,8.29,0.0083,1024,28
S1-1x,5555,61.310,8.11,8.11,0.0081,1024,28
S1-1x,5556,61.319,9.11,9.10,0.0091,1828,27
S1-1x,5557,61.328,8.88,8.89,0.0089,1152,27
S1-1x,5558,61.337,9.22,9.21,0.0092,1828,26
S1-1x,5559,61.346,9.39,9.38,0.0094,1828,25
S1-1x,5560,61.355,9.08,9.11,0.0091,1828,25
S1-1x,5561,61.364,8.51,8.50,0.0085,1024,25
S1-1x,5562,61.372,8.48,8.49,0.0085,1024,25
S1-1x,5563,61.380,7.83,7.81,0.0078,1024,25
S1-1x,5564,61.389,8.38,8.40,0.0084,1024,25
S1-1x,5565,61.397,8.54,8.50,0.0085,1024,25
S1-1x,5566,61.405,8.16,8.19,0.0082,1024,25
S1-1x,5567,61.413,7.81,7.80,0.0078,1024,25
S1-1x,5568,61.421,7.92,7.90,0.0079,1076,25
S1-1x,5569,61.429,7.98,7.99,0.0080,1024,25
S1-1x,5570,61.437,7.99,8.00,0.0080,1024,25
S1-1x,5571,61.445,8.01,8.00,0.0080,1024,25
S1-1x,5572,61.453,7.82,7.80,0.0078,1096,25
S1-1x,5573,61.460,7.58,7.59,0.0076,1024,25
S1-1x,5574,61.468,7.59,7.60,0.0076,1024,25
S1-1x,5575,61.476,7.60,7.60,0.0076,1024,25
S1-1x,5576,61.483,7.40,7.40,0.0074,1024,25
S1-1x,5577,61.490,7.40,7.39,0.0074,1024,25
S1-1x,5578,61.498,7.59,7.60,0.0076,1096,25
S1-1x,5579,61.506,7.96,7.91,0.0080,1900,25
S1-1x,5580,61.514,7.75,7.78,0.0078,1024,25
S1-1x,5581,61.522,8.10,8.10,0.0081,2044,25
S1-1x,5582,61.530,8.05,8.01,0.0080,1152,25
S1-1x,5583,61.538,8.25,8.27,0.0082,1024,25
S1-1x,5584,61.546,8.12,8.11,0.0081,1024,25
S1-1x,5585,61.554,8.03,8.00,0.0080,1024,25
S1-1x,5586,61.562,8.15,8.15,0.0081,1024,25
S1-1x,5587,61.571,8.42,8.44,0.0084,1024,25
S1-1x,5588,61.580,9.31,9.30,0.0093,2548,25
S1-1x,5589,61.590,9.84,9.81,0.0098,1282,22
S1-1x,5590,61.599,8.90,8.90,0.0089,1024,22
S1-1x,5591,61.608,8.86,8.88,0.0089,1024,22
S1-1x,5592,61.617,9.32,9.29,0.0093,1828,22
S1-1x,5593,61.626,8.70,8.70,0.0087,1076,22
S1-1x,5594,61.634,8.29,8.30,0.0083,1152,22
S1-1x,5595,61.642,8.39,8.39,0.0084,1024,22
S1-1x,5596,61.651,9.00,8.99,0.0090,2252,21
S1-1x,5597,61.661,9.11,9.10,0.0091,1972,21
S1-1x,5598,61.670,8.91,8.90,0.0089,1024,21
S1-1x,5599,61.678,8.84,8.80,0.0088,1024,21
S1-1x,5600,61.688,9.17,9.20,0.0092,3468,21
S1-1x,5601,61.697,9.62,9.59,0.0096,1900,21
S1-1x,5602,61.706,8.75,8.78,0.0087,1024,21
S1-1x,5603,61.715,8.71,8.71,0.0087,1024,21
S1-1x,5604,61.723,8.30,8.28,0.0083,1024,21
S1-1x,5605,61.731,7.89,7.91,0.0079,1024,21
S1-1x,5606,61.739,8.40,8.39,0.0084,1024,21
S1-1x,5607,61.747,8.21,8.20,0.0082,1024,21
S1-1x,5608,61.756,8.40,8.39,0.0084,1024,21
S1-1x,5609,61.764,8.59,8.60,0.0086,2980,19
S1-1x,5610,61.773,9.10,9.09,0.0091,1828,17
S1-1x,5611,61.783,9.26,9.30,0.0093,1828,17
S1-1x,5612,61.791,8.10,8.11,0.0081,1024,17
S1-1x,5613,61.799,8.50,8.49,0.0085,1828,15
S1-1x,5614,61.807,8.12,8.11,0.0081,904,15
S1-1x,5615,61.815,7.68,7.68,0.0077,1024,15
S1-1x,5616,61.823,8.12,8.11,0.0081,1024,15
S1-1x,5617,61.831,8.11,8.10,0.0081,1076,15
S1-1x,5618,61.839,7.93,7.98,0.0079,1024,15
S1-1x,5619,61.847,8.13,8.11,0.0081,1024,15
S1-1x,5620,61.856,8.75,8.71,0.0088,1828,11
S1-1x,5621,61.865,8.36,8.39,0.0084,1024,10
S1-1x,5622,61.873,8.30,8.30,0.0083,984,10
S1-1x,5623,61.881,8.30,8.30,0.0083,1828,10
S1-1x,5624,61.889,8.07,8.08,0.0081,1024,10
S1-1x,5625,61.898,8.36,8.32,0.0084,1828,10
S1-1x,5626,61.906,8.46,8.49,0.0085,1024,10
S1-1x,5627,61.914,7.69,7.69,0.0077,1024,10
S1-1x,5628,61.922,8.13,8.10,0.0081,1788,7
S1-1x,5629,61.930,7.89,7.90,0.0079,984,7
S1-1x,5630,61.938,8.17,8.19,0.0082,1828,7
S1-1x,5631,61.946,7.83,7.80,0.0078,1024,7
S1-1x,5632,61.954,7.79,7.79,0.0078,1024,7
S1-1x,5633,61.961,7.59,7.59,0.0076,1024,7
S1-1x,5634,61.969,7.72,7.71,0.0077,1024,7
S1-1x,5635,61.977,8.40,8.39,0.0084,1900,5
S1-1x,5636,61.985,7.78,7.80,0.0078,1024,5
S1-1x,5637,61.993,7.72,7.70,0.0077,1024,5
S1-1x,5638,62.001,7.80,7.80,0.0078,1024,5
S1-1x,5639,62.008,7.80,7.80,0.0078,1024,5
S1-1x,5640,62.016,7.78,7.79,0.0078,1024,5
S1-1x,5641,62.024,7.82,7.81,0.0078,1024,5
S1-1x,5642,62.032,7.57,7.59,0.0076,1076,5
S1-1x,5643,62.039,7.54,7.50,0.0075,1024,5
S1-1x,5644,62.048,8.99,8.99,0.0090,1828,5
S1-1x,5645,62.056,8.45,8.41,0.0085,1024,5
S1-1x,5646,62.065,8.45,8.49,0.0085,1096,5
S1-1x,5647,62.074,8.79,8.79,0.0088,1900,4
S1-1x,5648,62.083,9.17,9.14,0.0092,944,4
S1-1x,5649,62.092,9.24,9.26,0.0092,2404,4
S1-1x,5650,62.101,8.40,8.40,0.0084,1024,4
S1-1x,5651,62.109,8.01,7.99,0.0080,1024,4
S1-1x,5652,62.116,7.98,8.00,0.0080,1096,3
S1-1x,5653,62.124,7.80,7.81,0.0078,1056,3
S1-1x,5654,62.132,7.28,7.29,0.0073,1024,3
S1-1x,5655,62.139,7.42,7.19,0.0074,1024,3
S1-1x,5656,62.146,7.32,7.52,0.0073,1024,3
S1-1x,5657,62.154,7.69,7.69,0.0077,1024,3
S1-1x,5658,62.161,7.29,7.29,0.0073,1024,3
S1-1x,5659,62.170,8.19,8.20,0.0082,1900,2
S1-1x,5660,62.177,7.50,7.48,0.0075,984,2
S1-1x,5661,62.184,7.08,7.11,0.0071,1024,2
S1-1x,5662,62.191,7.24,7.21,0.0072,1024,2
S1-1x,5663,62.199,7.42,7.40,0.0074,1024,2
S1-1x,5664,62.206,7.31,7.30,0.0073,1024,2
S1-1x,5665,62.213,7.28,7.29,0.0073,1024,2
S1-1x,5666,62.220,7.10,7.09,0.0071,1024,2
S1-1x,5667,62.228,7.37,7.39,0.0074,1024,2
S1-1x,5668,62.235,7.02,7.01,0.0070,1076,2
S1-1x,5669,62.242,6.98,6.99,0.0070,1152,2
S1-1x,5670,62.249,7.10,7.10,0.0071,1096,1
S1-1x,5671,62.256,7.13,7.11,0.0071,904,1
S1-1x,5672,62.263,6.99,6.99,0.0070,1024,1
S1-1x,5673,62.270,7.22,7.19,0.0072,1024,1
S1-1x,5674,62.278,7.27,7.29,0.0073,1024,1
S1-1x,5675,62.284,6.97,6.92,0.0070,1024,1
S1-1x,5676,62.292,7.15,7.17,0.0071,1024,1
S1-1x,5677,62.299,7.51,7.50,0.0075,1024,1
S1-1x,5678,62.306,6.97,6.99,0.0070,1096,0
S1-5x,0,0.000,14.70,14.69,0.0735,263414,3
S1-5x,1,0.011,10.80,10.81,0.0540,250034,11
S1-5x,2,0.020,9.49,9.49,0.0475,222584,16
S1-5x,3,0.028,7.78,7.80,0.0389,224360,21
S1-5x,4,0.037,8.69,8.70,0.0435,216648,25
S1-5x,5,0.045,8.72,8.70,0.0436,214028,29
S1-5x,6,0.058,12.98,12.99,0.0649,254292,33
S1-5x,7,0.069,10.80,10.80,0.0540,251044,40
S1-5x,8,0.080,10.63,10.61,0.0531,508431,45
S1-5x,9,0.091,10.69,10.69,0.0535,500943,50
S1-5x,10,0.102,10.99,10.99,0.0549,592572,56
S1-5x,11,0.115,13.32,13.31,0.0666,511144,61
S1-5x,12,0.131,15.68,15.69,0.0784,725619,68
S1-5x,13,0.144,13.02,13.01,0.0651,791388,76
S1-5x,14,0.156,12.29,12.30,0.0614,594964,82
S1-5x,15,0.167,11.49,11.48,0.0575,591632,88
S1-5x,16,0.182,14.59,14.61,0.0730,644048,94
S1-5x,17,0.197,15.51,15.50,0.0775,800553,102
S1-5x,18,0.211,13.72,13.70,0.0686,692688,109
S1-5x,19,0.225,13.59,13.60,0.0679,692064,116
S1-5x,20,0.240,15.61,15.60,0.0780,711698,123
S1-5x,21,0.257,16.48,16.49,0.0824,838656,131
S1-5x,22,0.272,14.90,14.90,0.0745,791936,139
S1-5x,23,0.285,13.24,13.21,0.0662,690184,146
S1-5x,24,0.299,13.78,13.78,0.0689,690988,153
S1-5x,25,0.313,13.88,13.89,0.0694,694004,160
S1-5x,26,0.326,13.73,13.73,0.0686,697324,167
S1-5x,27,0.340,13.40,13.39,0.0670,697836,174
S1-5x,28,0.353,13.31,13.29,0.0665,592848,180
S1-5x,29,0.367,14.17,14.19,0.0709,700770,187
S1-5x,30,0.381,14.00,14.00,0.0700,692536,194
S1-5x,31,0.395,14.03,14.02,0.0701,763940,201
S1-5x,32,0.410,14.60,14.58,0.0730,691084,208
S1-5x,33,0.424,14.50,14.51,0.0725,694096,215
S1-5x,34,0.439,15.08,15.09,0.0754,796320,222
S1-5x,35,0.454,14.42,14.41,0.0721,704896,229
S1-5x,36,0.468,13.82,13.80,0.0691,699472,236
S1-5x,37,0.483,15.67,15.69,0.0783,694884,242
S1-5x,38,0.499,16.11,16.10,0.0805,792696,250
S1-5x,39,0.515,15.75,15.72,0.0788,858319,258
S1-5x,40,0.532,16.37,16.38,0.0818,794568,266
S1-5x,41,0.550,18.08,18.09,0.0904,808311,274
S1-5x,42,0.567,17.51,17.50,0.0876,897657,283
S1-5x,43,0.584,16.90,16.90,0.0845,914409,292
S1-5x,44,0.602,17.83,17.80,0.0892,899012,300
S1-5x,45,0.619,17.56,17.59,0.0878,802435,309
S1-5x,46,0.638,18.12,18.10,0.0906,798194,317
S1-5x,47,0.657,18.98,19.00,0.0949,902113,326
S1-5x,48,0.679,22.90,22.89,0.1145,1005807,336
S1-5x,49,0.700,20.75,20.73,0.1038,1107727,347
S1-5x,50,0.722,21.79,21.78,0.1089,1109745,358
S1-5x,51,0.744,22.16,22.19,0.1108,1107126,369
S1-5x,52,0.766,21.64,21.62,0.1082,1092743,378
S1-5x,53,0.788,22.65,22.67,0.1133,1016192,386
S1-5x,54,0.812,23.80,23.80,0.1190,1208454,396
S1-5x,55,0.836,23.33,23.31,0.1167,1196741,407
S1-5x,56,0.860,24.50,24.51,0.1225,1129412,418
S1-5x,57,0.886,26.37,26.37,0.1318,1294664,431
S1-5x,58,0.912,25.92,25.92,0.1296,1402605,443
S1-5x,59,0.938,25.34,25.31,0.1267,1326062,453
S1-5x,60,0.964,25.88,25.88,0.1294,1218308,452
S1-5x,61,0.989,25.18,25.19,0.1259,1292636,451
S1-5x,62,1.012,23.21,23.21,0.1161,1285856,461
S1-5x,63,1.036,23.48,23.48,0.1174,1200944,469
S1-5x,64,1.055,19.64,19.62,0.0982,999604,475
S1-5x,65,1.075,20.07,20.08,0.1004,991440,481
S1-5x,66,1.097,21.31,21.30,0.1065,906740,487
S1-5x,67,1.117,20.91,20.90,0.1045,1089056,497
S1-5x,68,1.139,21.18,21.20,0.1059,1013248,500
S1-5x,69,1.160,21.23,21.21,0.1062,1084956,511
S1-5x,70,1.180,20.58,20.58,0.1029,1096916,520
S1-5x,71,1.205,24.41,24.42,0.1221,1107744,513
S1-5x,72,1.228,23.19,23.20,0.1159,1084956,501
S1-5x,73,1.252,23.60,23.39,0.1180,1183732,495
S1-5x,74,1.274,21.92,22.10,0.1096,1089124,496
S1-5x,75,1.294,20.37,20.40,0.1018,1084152,507
S1-5x,76,1.314,20.31,20.28,0.1015,986508,516
S1-5x,77,1.335,20.62,20.62,0.1031,1112824,527
S1-5x,78,1.355,20.28,20.29,0.1014,905884,536
S1-5x,79,1.373,17.61,17.60,0.0880,210660,531
S1-5x,80,1.388,15.19,15.20,0.0759,190520,531
S1-5x,81,1.402,14.46,14.47,0.0723,31576,531
S1-5x,82,1.417,14.44,14.42,0.0722,4209,531
S1-5x,83,1.441,24.55,24.52,0.1228,75935,530
S1-5x,84,1.466,24.96,24.97,0.1248,75046,529
S1-5x,85,1.488,21.69,21.70,0.1084,48514,529
S1-5x,86,1.512,23.83,23.79,0.1191,102078,529
S1-5x,87,1.533,21.47,21.49,0.1074,22504,527
S1-5x,88,1.554,21.03,21.01,0.1052,26456,526
S1-5x,89,1.577,22.79,22.80,0.1139,56120,510
S1-5x,90,1.600,22.88,22.89,0.1144,55456,484
S1-5x,91,1.620,19.81,19.81,0.0991,26267,478
S1-5x,92,1.637,16.77,16.78,0.0839,3630,477
S1-5x,93,1.652,15.72,15.71,0.0786,20512,476
S1-5x,94,1.668,16.01,16.01,0.0801,17090,475
S1-5x,95,1.683,14.66,14.67,0.0733,11496,475
S1-5x,96,1.698,15.15,15.11,0.0758,35292,473
S1-5x,97,1.713,15.08,15.10,0.0754,13728,472
S1-5x,98,1.728,15.18,15.19,0.0759,13766,471
S1-5x,99,1.742,13.21,13.22,0.0661,968,471
S1-5x,100,1.757,15.23,15.20,0.0761,18340,471
S1-5x,101,1.774,17.60,17.60,0.0880,9396,470
S1-5x,102,1.791,16.46,16.48,0.0823,22184,468
S1-5x,103,1.807,16.07,16.01,0.0803,6592,468
S1-5x,104,1.824,17.26,17.30,0.0863,7960,464
S1-5x,105,1.840,15.37,15.38,0.0769,16440,463
S1-5x,106,1.857,17.66,17.62,0.0883,21480,455
S1-5x,107,1.875,17.55,17.58,0.0877,16752,441
S1-5x,108,1.895,20.20,20.20,0.1010,16776,394
S1-5x,109,1.915,20.42,20.40,0.1021,1956,337
S1-5x,110,1.934,18.17,18.19,0.0909,6791,322
S1-5x,111,1.951,17.22,17.21,0.0861,2884,294
S1-5x,112,1.971,20.40,20.39,0.1020,16624,267
S1-5x,113,1.989,17.47,17.48,0.0873,10363,260
S1-5x,114,2.006,17.02,17.01,0.0851,11320,260
S1-5x,115,2.023,17.81,17.79,0.0891,15792,256
S1-5x,116,2.039,15.28,15.31,0.0764,2008,246
S1-5x,117,2.054,15.06,15.01,0.0753,6673,246
S1-5x,118,2.068,14.24,14.28,0.0712,5056,246
S1-5x,119,2.081,12.99,12.99,0.0649,1210,246
S1-5x,120,2.095,14.23,14.22,0.0711,4972,243
S1-5x,121,2.112,16.69,16.70,0.0835,16084,243
S1-5x,122,2.127,15.16,15.17,0.0758,10340,243
S1-5x,123,2.142,14.65,14.62,0.0733,3996,243
S1-5x,124,2.156,14.57,14.59,0.0728,8552,242
S1-5x,125,2.173,16.31,16.29,0.0816,10468,242
S1-5x,126,2.188,15.61,15.61,0.0781,2828,242
S1-5x,127,2.204,15.82,15.80,0.0791,3460,242
S1-5x,128,2.222,17.48,17.50,0.0874,5492,242
S1-5x,129,2.241,19.70,19.70,0.0985,20868,242
S1-5x,130,2.257,15.72,15.70,0.0786,9072,242
S1-5x,131,2.274,16.77,16.79,0.0838,3378,242
S1-5x,132,2.292,18.09,18.09,0.0904,9004,241
S1-5x,133,2.310,18.52,18.51,0.0926,3452,241
S1-5x,134,2.330,19.59,19.59,0.0979,35596,241
S1-5x,135,2.347,16.93,16.92,0.0846,14008,240
S1-5x,136,2.365,18.11,18.09,0.0906,13676,240
S1-5x,137,2.381,15.50,15.51,0.0775,1836,240
S1-5x,138,2.394,13.50,13.49,0.0675,944,240
S1-5x,139,2.409,14.68,14.68,0.0734,1876,240
S1-5x,140,2.425,16.20,16.20,0.0810,13920,240
S1-5x,141,2.441,16.40,16.40,0.0820,3795,240
S1-5x,142,2.458,16.29,16.29,0.0815,2749,240
S1-5x,143,2.474,16.73,16.70,0.0836,2833,235
S1-5x,144,2.491,16.66,16.68,0.0833,1964,223
S1-5x,145,2.507,15.62,15.62,0.0781,1876,210
S1-5x,146,2.522,15.30,15.29,0.0765,3627,207
S1-5x,147,2.537,15.50,15.50,0.0775,9013,206
S1-5x,148,2.552,14.62,14.60,0.0731,2709,206
S1-5x,149,2.565,13.18,13.19,0.0659,2180,206
S1-5x,150,2.580,14.63,14.59,0.0731,1314,204
S1-5x,151,2.595,14.82,14.82,0.0741,2164,202
S1-5x,152,2.609,13.88,13.88,0.0694,1748,202
S1-5x,153,2.622,13.58,13.61,0.0679,2452,202
S1-5x,154,2.635,13.17,13.18,0.0658,2576,201
S1-5x,155,2.648,13.07,13.02,0.0653,2204,201
S1-5x,156,2.660,12.11,12.09,0.0606,15564,201
S1-5x,157,2.673,12.76,12.80,0.0638,2212,201
S1-5x,158,2.686,12.32,12.30,0.0616,3392,201
S1-5x,159,2.698,12.68,12.69,0.0634,5324,200
S1-5x,160,2.711,12.79,12.79,0.0640,3880,200
S1-5x,161,2.724,13.11,13.10,0.0656,2284,198
S1-5x,162,2.738,14.28,14.29,0.0714,7849,198
S1-5x,163,2.753,14.32,14.30,0.0716,5512,198
S1-5x,164,2.767,13.80,13.79,0.0690,1748,198
S1-5x,165,2.781,14.10,14.10,0.0705,1804,196
S1-5x,166,2.894,28.77,28.80,0.1438,32152,144
S1-5x,167,2.908,14.50,14.49,0.0725,4347,142
S1-5x,168,2.921,12.40,12.39,0.0620,8745,142
S1-5x,169,2.932,11.47,11.49,0.0574,1897,142
S1-5x,170,2.944,11.32,11.31,0.0566,2123,142
S1-5x,171,2.955,11.71,11.70,0.0585,1956,142
S1-5x,172,2.967,11.90,11.90,0.0595,1868,142
S1-5x,173,2.978,10.98,11.00,0.0549,1788,142
S1-5x,174,2.990,11.49,11.49,0.0575,1828,142
S1-5x,175,3.001,11.31,11.30,0.0565,1152,142
S1-5x,176,3.013,11.69,11.71,0.0585,7117,142
S1-5x,177,3.026,13.59,13.58,0.0680,8132,142
S1-5x,178,3.038,12.12,12.11,0.0606,3373,142
S1-5x,179,3.052,13.12,13.11,0.0656,8405,142
S1-5x,180,3.065,13.20,13.20,0.0660,6116,142
S1-5x,181,3.080,15.48,15.48,0.0774,11200,141
S1-5x,182,3.095,15.30,15.31,0.0765,10004,141
S1-5x,183,3.108,12.69,12.70,0.0635,4634,141
S1-5x,184,3.120,12.22,12.21,0.0611,2088,141
S1-5x,185,3.133,12.79,12.79,0.0639,6728,141
S1-5x,186,3.145,11.64,11.61,0.0582,5988,141
S1-5x,187,3.157,11.87,11.88,0.0594,7305,141
S1-5x,188,3.168,11.30,11.31,0.0565,2408,140
S1-5x,189,3.179,10.87,10.89,0.0544,2116,140
S1-5x,190,3.191,12.42,12.40,0.0621,12693,140
S1-5x,191,3.203,11.59,11.59,0.0580,2372,140
S1-5x,192,3.216,13.41,13.41,0.0671,21473,140
S1-5x,193,3.228,11.29,11.29,0.0564,1152,140
S1-5x,194,3.238,10.30,10.30,0.0515,2116,140
S1-5x,195,3.253,15.23,15.01,0.0762,31584,140
S1-5x,196,3.264,10.98,11.19,0.0549,2080,140
S1-5x,197,3.280,16.40,16.39,0.0820,37894,140
S1-5x,198,3.292,11.61,11.60,0.0581,4908,140
S1-5x,199,3.309,16.78,16.80,0.0839,43883,140
S1-5x,200,3.321,12.33,12.30,0.0617,1402,140
S1-5x,201,3.340,18.78,18.78,0.0939,47600,140
S1-5x,202,3.355,14.78,14.80,0.0739,3688,140
S1-5x,203,3.377,22.00,22.01,0.1100,65536,140
S1-5x,204,3.392,15.43,15.40,0.0771,7760,139
S1-5x,205,3.419,26.37,26.39,0.1319,98492,139
S1-5x,206,3.450,31.50,31.50,0.1575,98594,139
S1-5x,207,3.481,30.59,30.60,0.1529,104352,137
S1-5x,208,3.512,31.35,31.32,0.1567,85705,136
S1-5x,209,3.543,30.46,30.48,0.1523,83828,134
S1-5x,210,3.577,34.40,34.40,0.1720,79856,134
S1-5x,211,3.610,33.31,33.30,0.1665,84801,132
S1-5x,212,3.644,33.73,33.71,0.1686,75847,130
S1-5x,213,3.673,28.68,28.70,0.1434,32245,112
S1-5x,214,3.694,21.60,21.59,0.1080,4294,101
S1-5x,215,3.714,19.50,19.50,0.0975,1222,97
S1-5x,216,3.732,17.89,17.90,0.0895,1828,97
S1-5x,217,3.749,17.84,17.81,0.0892,3908,96
S1-5x,218,3.768,18.26,18.28,0.0913,1828,96
S1-5x,219,3.797,28.89,28.90,0.1444,58243,95
S1-5x,220,3.816,19.43,19.41,0.0972,1868,94
S1-5x,221,3.833,17.46,17.48,0.0873,1828,94
S1-5x,222,3.852,19.03,19.00,0.0951,1956,94
S1-5x,223,3.870,17.79,17.80,0.0890,1948,94
S1-5x,224,3.888,17.79,17.80,0.0890,1828,94
S1-5x,225,3.907,18.73,18.71,0.0936,1796,94
S1-5x,226,3.924,17.50,17.50,0.0875,6088,94
S1-5x,227,3.942,17.38,17.39,0.0869,1338,94
S1-5x,228,3.957,15.12,15.10,0.0756,2084,92
S1-5x,229,3.974,17.39,17.40,0.0869,1996,90
S1-5x,230,3.993,18.60,18.59,0.0930,1956,89
S1-5x,231,4.010,16.91,16.90,0.0845,1152,89
S1-5x,232,4.027,17.50,17.50,0.0875,1338,86
S1-5x,233,4.044,17.22,17.20,0.0861,1338,84
S1-5x,234,4.063,18.08,18.10,0.0904,1956,83
S1-5x,235,4.082,19.89,19.89,0.0995,1956,80
S1-5x,236,4.100,17.80,17.80,0.0890,1828,79
S1-5x,237,4.118,17.92,17.91,0.0896,2980,79
S1-5x,238,4.134,15.96,15.98,0.0798,1640,77
S1-5x,239,4.151,17.04,17.01,0.0852,1828,76
S1-5x,240,4.167,15.78,15.80,0.0789,1024,76
S1-5x,241,4.182,15.38,15.38,0.0769,1828,76
S1-5x,242,4.199,16.33,16.31,0.0817,1828,75
S1-5x,243,4.215,16.30,16.30,0.0815,1828,75
S1-5x,244,4.230,15.59,15.60,0.0779,1828,75
S1-5x,245,4.246,15.50,15.50,0.0775,1828,75
S1-5x,246,4.262,16.00,16.00,0.0800,1828,75
S1-5x,247,4.277,15.20,15.19,0.0760,1828,75
S1-5x,248,4.293,16.10,16.10,0.0805,1828,75
S1-5x,249,4.307,14.19,14.20,0.0709,1828,75
S1-5x,250,4.323,15.71,15.70,0.0786,1788,73
S1-5x,251,4.338,15.29,15.30,0.0764,1880,71
S1-5x,252,4.354,15.90,15.91,0.0795,2924,69
S1-5x,253,4.369,15.09,15.09,0.0754,1170,68
S1-5x,254,4.385,15.20,15.20,0.0760,1916,67
S1-5x,255,4.399,14.54,14.50,0.0727,2804,65
S1-5x,256,4.414,15.07,15.10,0.0754,1828,65
S1-5x,257,4.428,14.19,14.20,0.0710,1996,62
S1-5x,258,4.443,14.91,14.90,0.0746,1868,61
S1-5x,259,4.457,13.92,13.90,0.0696,1828,61
S1-5x,260,4.472,15.07,15.10,0.0754,2084,61
S1-5x,261,4.486,13.69,13.69,0.0684,1868,61
S1-5x,262,4.501,14.61,14.61,0.0730,1828,61
S1-5x,263,4.515,14.62,14.60,0.0731,10180,61
S1-5x,264,4.530,14.59,14.61,0.0730,1948,59
S1-5x,265,4.544,14.50,14.50,0.0725,1840,57
S1-5x,266,4.559,14.70,14.69,0.0735,1876,55
S1-5x,267,4.573,14.40,14.39,0.0720,2012,53
S1-5x,268,4.588,14.88,14.91,0.0744,1250,50
S1-5x,269,4.603,14.50,14.50,0.0725,1708,47
S1-5x,270,4.617,14.10,14.10,0.0705,1828,47
S1-5x,271,4.631,14.34,14.30,0.0717,1828,46
S1-5x,272,4.646,14.21,14.20,0.0710,1708,38
S1-5x,273,4.659,13.47,13.49,0.0673,1828,38
S1-5x,274,4.673,13.53,13.50,0.0676,1748,37
S1-5x,275,4.686,13.69,13.70,0.0685,1828,36
S1-5x,276,4.699,12.89,12.90,0.0645,1788,28
S1-5x,277,4.712,12.92,12.90,0.0646,1828,27
S1-5x,278,4.724,12.18,12.18,0.0609,1828,24
S1-5x,279,4.736,11.77,11.78,0.0589,5916,23
S1-5x,280,4.748,11.73,11.71,0.0586,1880,21
S1-5x,281,4.759,11.29,11.31,0.0564,1828,21
S1-5x,282,4.769,10.39,10.39,0.0520,1024,21
S1-5x,283,4.780,10.18,10.19,0.0509,1828,21
S1-5x,284,4.789,9.44,9.42,0.0472,1152,21
S1-5x,285,4.799,9.69,9.69,0.0484,1828,21
S1-5x,286,4.808,9.60,9.60,0.0480,1788,20
S1-5x,287,4.818,9.68,9.70,0.0484,1708,19
S1-5x,288,4.827,8.99,9.00,0.0450,1024,19
S1-5x,289,4.836,9.10,9.09,0.0455,1788,18
S1-5x,290,4.845,8.60,8.60,0.0430,1828,18
S1-5x,291,4.854,9.43,9.41,0.0471,1828,16
S1-5x,292,4.863,8.79,8.80,0.0439,1788,15
S1-5x,293,4.871,8.19,8.20,0.0410,3104,15
S1-5x,294,4.880,8.48,8.48,0.0424,1788,14
S1-5x,295,4.888,8.11,8.11,0.0406,1152,14
S1-5x,296,4.896,8.00,8.00,0.0400,1828,14
S1-5x,297,4.904,8.51,8.50,0.0426,1828,14
S1-5x,298,4.912,7.89,7.89,0.0394,1024,14
S1-5x,299,4.920,8.41,8.41,0.0420,1828,13
S1-5x,300,4.929,8.47,8.48,0.0424,1916,12
S1-5x,301,4.937,8.24,8.22,0.0412,1788,12
S1-5x,302,4.947,9.39,9.40,0.0470,6008,6
S1-5x,303,4.956,9.00,8.99,0.0450,1668,0
S1-5x,304,4.964,8.79,8.80,0.0440,4312,1
S1-5x,305,4.974,9.80,9.80,0.0490,187440,5
S1-5x,306,4.984,9.99,10.00,0.0499,187440,10
S1-5x,307,4.995,10.42,10.40,0.0521,187440,15
S1-5x,308,5.005,10.42,10.41,0.0521,187440,20
S1-5x,309,5.016,10.90,10.89,0.0545,188244,25
S1-5x,310,5.028,12.17,12.20,0.0609,96922,31
S1-5x,311,5.039,10.56,10.52,0.0528,1828,37
S1-5x,312,5.048,9.54,9.57,0.0477,944,42
S1-5x,313,5.057,9.20,9.19,0.0460,1024,47
S1-5x,314,5.066,9.11,9.10,0.0455,1064,51
S1-5x,315,5.075,8.90,8.91,0.0445,1064,56
S1-5x,316,5.085,9.70,9.70,0.0485,1024,60
S1-5x,317,5.095,9.43,9.40,0.0471,1024,65
S1-5x,318,5.104,9.57,9.60,0.0479,1152,70
S1-5x,319,5.114,9.81,9.79,0.0491,1828,75
S1-5x,320,5.124,10.20,10.19,0.0510,1828,80
S1-5x,321,5.134,9.98,10.00,0.0499,1828,85
S1-5x,322,5.144,9.56,9.51,0.0478,1024,90
S1-5x,323,5.154,10.16,10.19,0.0508,1204,95
S1-5x,324,5.164,10.59,10.58,0.0529,1828,100
S1-5x,325,5.174,9.73,9.71,0.0487,1024,105
S1-5x,326,5.183,9.08,9.10,0.0454,1024,110
S1-5x,327,5.193,9.40,9.40,0.0470,1828,114
S1-5x,328,5.203,10.48,10.49,0.0524,1956,119
S1-5x,329,5.214,10.79,10.78,0.0540,864,124
S1-5x,330,5.224,10.43,10.41,0.0521,1828,130
S1-5x,331,5.235,10.97,10.99,0.0549,1828,135
S1-5x,332,5.246,10.73,10.71,0.0537,1828,140
S1-5x,333,5.257,10.77,10.59,0.0538,1828,145
S1-5x,334,5.268,11.52,11.70,0.0576,1724,150
S1-5x,335,5.280,11.21,11.20,0.0561,1828,156
S1-5x,336,5.289,9.88,9.89,0.0494,1024,161
S1-5x,337,5.299,9.49,9.49,0.0475,1064,166
S1-5x,338,5.308,9.20,9.21,0.0460,1112,171
S1-5x,339,5.317,8.80,8.79,0.0440,1024,176
S1-5x,340,5.327,9.70,9.70,0.0485,1024,180
S1-5x,341,5.337,10.21,10.19,0.0510,1828,185
S1-5x,342,5.348,10.79,10.80,0.0540,1828,190
S1-5x,343,5.358,10.90,10.91,0.0545,2008,195
S1-5x,344,5.369,10.95,10.90,0.0548,970,200
S1-5x,345,5.380,10.64,10.68,0.0532,1828,205
S1-5x,346,5.391,11.02,10.99,0.0551,1024,211
S1-5x,347,5.403,11.69,11.70,0.0584,1828,216
S1-5x,348,5.415,11.81,11.80,0.0591,1828,222
S1-5x,349,5.425,10.51,10.51,0.0525,1064,228
S1-5x,350,5.436,11.19,11.19,0.0559,1828,233
S1-5x,351,5.448,12.21,12.20,0.0611,1828,239
S1-5x,352,5.462,13.29,13.30,0.0665,1828,245
S1-5x,353,5.475,13.01,13.00,0.0650,1828,252
S1-5x,354,5.489,13.68,13.69,0.0684,2516,257
S1-5x,355,5.501,12.85,12.81,0.0643,1748,263
S1-5x,356,5.515,14.00,14.00,0.0700,1788,268
S1-5x,357,5.529,13.93,13.96,0.0696,1828,275
S1-5x,358,5.543,13.53,13.52,0.0676,1788,281
S1-5x,359,5.555,12.50,12.49,0.0625,1828,288
S1-5x,360,5.569,13.99,14.00,0.0700,2008,293
S1-5x,361,5.583,13.99,14.00,0.0699,1788,299
S1-5x,362,5.597,14.23,14.20,0.0711,1788,301
S1-5x,363,5.611,13.50,13.50,0.0675,1748,299
S1-5x,364,5.624,12.87,12.89,0.0643,1708,305
S1-5x,365,5.637,12.70,12.71,0.0635,1828,311
S1-5x,366,5.651,14.93,14.91,0.0746,1956,301
S1-5x,367,5.664,12.41,12.40,0.0620,1708,306
S1-5x,368,5.676,12.53,12.52,0.0627,1748,308
S1-5x,369,5.690,13.75,13.76,0.0687,1748,312
S1-5x,370,5.704,14.11,14.10,0.0705,1788,319
S1-5x,371,5.718,13.25,13.20,0.0663,1828,326
S1-5x,372,5.729,11.88,11.90,0.0594,984,331
S1-5x,373,5.742,12.18,12.19,0.0609,1024,337
S1-5x,374,5.753,11.75,11.71,0.0588,1024,344
S1-5x,375,5.765,11.79,11.80,0.0590,1024,349
S1-5x,376,5.777,11.95,11.97,0.0598,1880,355
S1-5x,377,5.789,11.58,11.59,0.0579,1828,361
S1-5x,378,5.800,11.73,11.71,0.0587,1828,367
S1-5x,379,5.812,11.72,11.69,0.0586,1024,373
S1-5x,380,5.824,12.15,12.19,0.0608,1828,379
S1-5x,381,5.837,13.12,13.10,0.0656,1828,384
S1-5x,382,5.851,14.05,14.02,0.0702,1170,386
S1-5x,383,5.866,14.90,14.89,0.0745,1748,391
S1-5x,384,5.882,15.73,15.78,0.0787,1828,391
S1-5x,385,5.897,14.84,14.80,0.0742,1748,385
S1-5x,386,5.910,13.29,13.29,0.0664,1748,390
S1-5x,387,5.928,17.62,17.60,0.0881,1828,371
S1-5x,388,5.943,14.80,14.80,0.0740,1668,379
S1-5x,389,5.956,13.85,13.81,0.0692,1024,386
S1-5x,390,5.970,13.77,13.78,0.0688,1828,390
S1-5x,391,5.985,14.42,14.40,0.0721,1262,394
S1-5x,392,5.999,14.38,14.38,0.0719,944,401
S1-5x,393,6.014,14.48,14.49,0.0724,1152,408
S1-5x,394,6.028,14.25,14.28,0.0713,1788,415
S1-5x,395,6.044,16.16,16.12,0.0808,1828,423
S1-5x,396,6.060,16.49,16.48,0.0825,2000,430
S1-5x,397,6.077,16.90,16.88,0.0845,1956,429
S1-5x,398,6.094,17.10,17.11,0.0855,1828,436
S1-5x,399,6.114,19.91,19.91,0.0995,2084,443
S1-5x,400,6.134,20.00,20.00,0.1000,1956,448
S1-5x,401,6.152,17.82,17.80,0.0891,1828,452
S1-5x,402,6.173,20.73,20.69,0.1036,1996,459
S1-5x,403,6.195,21.74,21.79,0.1087,1310,462
S1-5x,404,6.218,23.50,23.50,0.1175,4534,459
S1-5x,405,6.237,19.20,19.20,0.0960,1668,468
S1-5x,406,6.255,17.93,17.88,0.0896,1708,477
S1-5x,407,6.272,16.47,16.51,0.0824,1828,486
S1-5x,408,6.291,18.92,18.90,0.0946,1828,494
S1-5x,409,6.309,18.65,18.60,0.0932,1708,496
S1-5x,410,6.328,18.88,18.97,0.0944,1668,493
S1-5x,411,6.346,17.77,17.73,0.0888,1708,497
S1-5x,412,6.363,16.71,16.70,0.0835,1832,498
S1-5x,413,6.379,16.39,16.38,0.0820,1828,493
S1-5x,414,6.394,15.09,15.09,0.0754,1880,491
S1-5x,415,6.411,17.20,17.20,0.0860,2372,481
S1-5x,416,6.427,16.13,16.10,0.0806,1748,480
S1-5x,417,6.442,14.20,14.20,0.0710,1024,480
S1-5x,418,6.457,14.96,14.97,0.0748,1828,480
S1-5x,419,6.472,15.03,15.01,0.0751,1828,479
S1-5x,420,6.487,15.40,15.39,0.0770,1152,479
S1-5x,421,6.504,16.48,16.49,0.0824,1828,471
S1-5x,422,6.522,18.23,18.20,0.0911,1338,471
S1-5x,423,6.539,17.31,17.29,0.0865,1876,470
S1-5x,424,6.556,17.00,16.99,0.0850,1828,464
S1-5x,425,6.572,16.38,16.39,0.0819,1828,456
S1-5x,426,6.592,19.42,19.39,0.0971,1956,447
S1-5x,427,6.614,22.39,22.40,0.1120,1968,418
S1-5x,428,6.633,18.49,18.49,0.0924,1748,393
S1-5x,429,6.652,19.21,19.19,0.0961,13928,387
S1-5x,430,6.670,17.77,17.79,0.0889,1748,383
S1-5x,431,6.686,16.29,16.30,0.0815,1748,380
S1-5x,432,6.703,16.84,16.80,0.0842,1836,380
S1-5x,433,6.720,16.70,16.71,0.0835,1828,380
S1-5x,434,6.736,16.06,16.08,0.0803,5620,379
S1-5x,435,6.751,15.72,15.70,0.0786,1828,379
S1-5x,436,6.768,16.61,16.60,0.0830,1828,379
S1-5x,437,6.784,16.38,16.39,0.0819,10052,378
S1-5x,438,6.804,19.35,19.31,0.0967,1828,369
S1-5x,439,6.821,16.86,16.88,0.0843,1800,366
S1-5x,440,6.837,16.06,16.09,0.0803,1828,364
S1-5x,441,6.856,19.85,19.82,0.0993,3948,335
S1-5x,442,6.873,16.36,16.38,0.0818,1828,335
S1-5x,443,6.891,17.69,17.70,0.0885,1210,320
S1-5x,444,6.906,15.80,15.79,0.0790,1828,320
S1-5x,445,6.923,16.82,16.81,0.0841,1828,318
S1-5x,446,6.941,18.16,18.18,0.0908,1956,318
S1-5x,447,6.959,17.96,17.93,0.0898,1828,317
S1-5x,448,6.977,17.98,17.97,0.0899,1828,314
S1-5x,449,6.995,17.74,17.72,0.0887,1956,314
S1-5x,450,7.014,19.01,18.99,0.0951,1828,310
S1-5x,451,7.034,20.10,20.10,0.1005,6040,295
S1-5x,452,7.053,18.85,18.88,0.0942,9736,295
S1-5x,453,7.071,17.73,17.71,0.0886,1788,293
S1-5x,454,7.089,18.52,18.50,0.0926,1788,269
S1-5x,455,7.108,18.59,18.59,0.0930,1916,257
S1-5x,456,7.126,18.19,18.19,0.0910,1788,234
S1-5x,457,7.141,15.56,15.57,0.0778,1788,234
S1-5x,458,7.160,18.71,18.72,0.0936,1916,217
S1-5x,459,7.178,17.38,17.39,0.0869,1788,202
S1-5x,460,7.195,17.03,17.00,0.0852,1788,190
S1-5x,461,7.211,16.13,16.11,0.0806,1788,188
S1-5x,462,7.226,15.70,15.72,0.0785,1788,188
S1-5x,463,7.241,14.67,14.67,0.0733,1968,188
S1-5x,464,7.256,14.96,14.90,0.0748,1788,184
S1-5x,465,7.271,15.09,14.89,0.0755,1828,184
S1-5x,466,7.287,15.35,15.59,0.0768,2052,184
S1-5x,467,7.304,17.19,17.18,0.0859,1788,179
S1-5x,468,7.320,16.54,16.51,0.0827,1956,179
S1-5x,469,7.338,17.50,17.51,0.0875,1956,171
S1-5x,470,7.356,18.28,18.29,0.0914,1956,164
S1-5x,471,7.374,18.00,17.99,0.0900,1828,160
S1-5x,472,7.391,16.87,16.89,0.0843,1876,153
S1-5x,473,7.407,16.54,16.51,0.0827,1548,151
S1-5x,474,7.424,16.48,16.49,0.0824,1828,150
S1-5x,475,7.440,16.04,16.01,0.0802,1956,150
S1-5x,476,7.456,16.09,16.10,0.0805,1880,148
S1-5x,477,7.472,15.41,15.40,0.0771,1956,148
S1-5x,478,7.487,15.56,15.59,0.0778,1828,146
S1-5x,479,7.502,15.02,14.99,0.0751,1956,146
S1-5x,480,7.516,14.30,14.31,0.0715,1828,146
S1-5x,481,7.532,15.41,15.38,0.0770,2084,145
S1-5x,482,7.547,14.75,14.79,0.0738,1956,145
S1-5x,483,7.562,15.07,15.01,0.0753,1916,145
S1-5x,484,7.577,15.49,15.49,0.0774,2548,141
S1-5x,485,7.592,14.88,14.88,0.0744,1788,141
S1-5x,486,7.608,15.70,15.71,0.0785,2044,141
S1-5x,487,7.625,17.05,16.99,0.0852,2172,141
S1-5x,488,7.642,16.81,16.79,0.0840,1788,141
S1-5x,489,7.659,17.97,18.01,0.0899,2184,133
S1-5x,490,7.675,15.39,15.38,0.0770,1050,133
S1-5x,491,7.690,14.74,14.78,0.0737,1788,132
S1-5x,492,7.705,15.15,15.11,0.0758,1916,131
S1-5x,493,7.719,13.78,13.79,0.0689,1788,131
S1-5x,494,7.732,13.73,13.70,0.0686,1828,130
S1-5x,495,7.746,13.37,13.39,0.0668,1298,128
S1-5x,496,7.761,15.12,15.10,0.0756,1788,124
S1-5x,497,7.777,16.06,16.09,0.0803,1668,124
S1-5x,498,7.791,14.02,14.00,0.0701,984,124
S1-5x,499,7.804,12.82,12.80,0.0641,1788,124
S1-5x,500,7.817,13.66,13.68,0.0683,1788,123
S1-5x,501,7.830,12.70,12.71,0.0635,1788,123
S1-5x,502,7.843,13.13,13.09,0.0657,1788,123
S1-5x,503,7.856,12.61,12.61,0.0631,1350,123
S1-5x,504,7.868,12.50,12.50,0.0625,1828,123
S1-5x,505,7.881,12.67,12.69,0.0634,1788,122
S1-5x,506,7.894,13.50,13.50,0.0675,1788,120
S1-5x,507,7.907,12.40,12.40,0.0620,1876,120
S1-5x,508,7.920,12.89,12.90,0.0644,1828,120
S1-5x,509,7.933,12.94,12.91,0.0647,1828,120
S1-5x,510,7.946,13.56,13.57,0.0678,1956,120
S1-5x,511,7.960,14.01,14.01,0.0700,1788,116
S1-5x,512,7.973,13.23,13.20,0.0661,1708,115
S1-5x,513,7.986,12.45,12.48,0.0623,1828,115
S1-5x,514,7.998,12.24,12.21,0.0612,1828,115
S1-5x,515,8.012,14.38,14.40,0.0719,1828,101
S1-5x,516,8.025,12.19,12.19,0.0610,1708,98
S1-5x,517,8.036,11.11,11.09,0.0555,1828,97
S1-5x,518,8.048,12.12,12.12,0.0606,1828,93
S1-5x,519,8.061,12.64,12.60,0.0632,2008,84
S1-5x,520,8.073,12.11,12.10,0.0606,1170,83
S1-5x,521,8.085,12.31,12.38,0.0616,1828,80
S1-5x,522,8.097,12.12,12.11,0.0606,1828,74
S1-5x,523,8.108,11.30,11.30,0.0565,1338,74
S1-5x,524,8.119,10.93,10.89,0.0547,1788,74
S1-5x,525,8.130,10.94,10.98,0.0547,1170,67
S1-5x,526,8.141,10.70,10.69,0.0535,1668,65
S1-5x,527,8.152,11.02,11.01,0.0551,1788,58
S1-5x,528,8.162,9.84,9.82,0.0492,1788,58
S1-5x,529,8.172,10.58,10.58,0.0529,1170,55
S1-5x,530,8.182,9.70,9.70,0.0485,1836,52
S1-5x,531,8.192,9.58,9.60,0.0479,1748,51
S1-5x,532,8.201,8.91,8.90,0.0446,984,51
S1-5x,533,8.211,10.19,10.19,0.0510,1788,51
S1-5x,534,8.221,9.91,9.89,0.0496,1788,51
S1-5x,535,8.230,9.49,9.51,0.0475,1112,51
S1-5x,536,8.240,9.91,9.91,0.0496,1788,50
S1-5x,537,8.250,10.07,10.09,0.0504,1788,49
S1-5x,538,8.261,10.52,10.51,0.0526,1840,44
S1-5x,539,8.271,10.20,10.19,0.0510,1130,34
S1-5x,540,8.280,9.49,9.49,0.0475,1956,32
S1-5x,541,8.290,9.30,9.30,0.0465,1828,32
S1-5x,542,8.299,9.32,9.31,0.0466,1828,30
S1-5x,543,8.308,8.79,8.80,0.0440,1024,30
S1-5x,544,8.318,9.90,9.90,0.0495,1828,28
S1-5x,545,8.327,9.09,9.10,0.0454,1828,25
S1-5x,546,8.336,9.21,9.20,0.0461,1788,23
S1-5x,547,8.345,9.40,9.40,0.0470,1868,20
S1-5x,548,8.355,9.17,9.18,0.0459,1024,20
S1-5x,549,8.364,9.23,9.21,0.0461,1956,19
S1-5x,550,8.373,9.27,9.30,0.0464,1828,19
S1-5x,551,8.382,9.00,8.99,0.0450,1024,19
S1-5x,552,8.391,8.74,8.70,0.0437,1668,12
S1-5x,553,8.400,9.00,8.99,0.0450,1828,11
S1-5x,554,8.409,9.18,9.19,0.0459,1708,10
S1-5x,555,8.419,9.95,9.92,0.0497,1828,10
S1-5x,556,8.428,9.35,9.37,0.0468,1876,7
S1-5x,557,8.437,8.84,8.81,0.0442,1788,7
S1-5x,558,8.446,9.18,9.18,0.0459,1024,7
S1-5x,559,8.455,8.60,8.60,0.0430,1828,6
S1-5x,560,8.464,9.26,9.28,0.0463,1800,5
S1-5x,561,8.473,8.43,8.41,0.0422,1788,4
S1-5x,562,8.481,8.03,7.99,0.0401,1024,4
S1-5x,563,8.489,8.57,8.59,0.0429,1828,4
S1-5x,564,8.499,9.30,9.29,0.0465,1828,4
S1-5x,565,8.508,9.01,9.00,0.0450,1788,3
S1-5x,566,8.516,8.20,8.20,0.0410,1024,3
S1-5x,567,8.524,8.76,8.78,0.0438,1748,2
S1-5x,568,8.533,8.57,8.59,0.0429,1748,0
S1-5x,569,8.542,9.12,9.11,0.0456,4352,1
S1-5x,570,8.554,11.43,11.40,0.0572,188244,4
S1-5x,571,8.564,10.41,10.41,0.0520,187440,10
S1-5x,572,8.574,10.06,10.08,0.0503,187440,15
S1-5x,573,8.584,9.69,9.70,0.0484,187440,20
S1-5x,574,8.593,9.45,9.41,0.0472,187440,25
S1-5x,575,8.603,10.28,10.30,0.0514,187440,30
S1-5x,576,8.612,8.81,8.80,0.0440,1024,35
S1-5x,577,8.621,9.09,9.09,0.0455,1748,39
S1-5x,578,8.630,9.07,9.09,0.0454,1024,44
S1-5x,579,8.639,8.11,8.10,0.0405,1024,48
S1-5x,580,8.647,8.53,8.51,0.0427,1024,52
S1-5x,581,8.656,8.88,8.90,0.0444,1828,57
S1-5x,582,8.665,9.22,9.20,0.0461,1204,61
S1-5x,583,8.675,9.49,9.50,0.0474,1828,66
S1-5x,584,8.684,9.09,9.11,0.0455,1024,70
S1-5x,585,8.693,8.90,8.89,0.0445,1828,75
S1-5x,586,8.702,9.60,9.59,0.0480,1828,79
S1-5x,587,8.711,9.00,9.01,0.0450,1152,84
S1-5x,588,8.720,8.51,8.50,0.0425,1024,89
S1-5x,589,8.729,9.58,9.59,0.0479,1828,93
S1-5x,590,8.739,9.42,9.40,0.0471,1024,98
S1-5x,591,8.748,9.60,9.59,0.0480,1024,102
S1-5x,592,8.758,9.61,9.60,0.0480,1956,107
S1-5x,593,8.768,9.89,9.89,0.0494,1828,112
S1-5x,594,8.777,9.11,9.10,0.0456,1024,117
S1-5x,595,8.787,9.89,9.89,0.0495,1152,121
S1-5x,596,8.797,10.00,10.00,0.0500,1024,126
S1-5x,597,8.807,9.91,9.90,0.0496,1024,131
S1-5x,598,8.817,9.98,10.00,0.0499,1828,136
S1-5x,599,8.827,9.82,9.79,0.0491,864,141
S1-5x,600,8.837,10.82,10.80,0.0541,1956,146
S1-5x,601,8.848,10.79,10.80,0.0540,1828,152
S1-5x,602,8.859,10.98,10.99,0.0549,1210,157
S1-5x,603,8.870,11.00,10.99,0.0550,1880,163
S1-5x,604,8.881,10.38,10.38,0.0519,1152,168
S1-5x,605,8.892,10.94,10.92,0.0547,1024,173
S1-5x,606,8.903,11.82,11.80,0.0591,1828,179
S1-5x,607,8.915,11.98,11.99,0.0599,1210,184
S1-5x,608,8.927,12.18,12.19,0.0609,1708,190
S1-5x,609,8.940,12.32,12.30,0.0616,1828,196
S1-5x,610,8.952,11.98,11.99,0.0599,1828,202
S1-5x,611,8.964,12.69,12.70,0.0635,1788,207
S1-5x,612,8.977,12.72,12.70,0.0636,1828,213
S1-5x,613,8.990,12.40,12.40,0.0620,1788,220
S1-5x,614,9.002,12.30,12.30,0.0615,1828,226
S1-5x,615,9.014,12.01,12.00,0.0600,1828,232
S1-5x,616,9.026,12.50,12.50,0.0625,1788,237
S1-5x,617,9.039,12.96,12.97,0.0648,1024,243
S1-5x,618,9.052,12.76,12.72,0.0638,1828,250
S1-5x,619,9.066,13.68,13.69,0.0684,1828,256
S1-5x,620,9.079,12.99,12.99,0.0649,1880,263
S1-5x,621,9.095,15.85,15.80,0.0792,1828,269
S1-5x,622,9.109,14.17,14.19,0.0709,1828,277
S1-5x,623,9.122,13.48,13.49,0.0674,1828,284
S1-5x,624,9.136,13.77,13.72,0.0688,1828,290
S1-5x,625,9.151,14.93,14.97,0.0747,1828,296
S1-5x,626,9.166,14.61,14.60,0.0730,1748,298
S1-5x,627,9.179,13.27,13.29,0.0664,1788,304
S1-5x,628,9.191,12.51,12.51,0.0626,1748,308
S1-5x,629,9.205,13.89,13.89,0.0695,1748,313
S1-5x,630,9.218,13.18,13.19,0.0659,1828,320
S1-5x,631,9.232,13.46,13.42,0.0673,1828,318
S1-5x,632,9.244,11.87,11.88,0.0594,1668,323
S1-5x,633,9.256,11.81,11.80,0.0591,1748,328
S1-5x,634,9.268,12.20,12.19,0.0610,1828,332
S1-5x,635,9.281,12.88,12.69,0.0644,1800,337
S1-5x,636,9.292,11.59,11.80,0.0579,984,343
S1-5x,637,9.302,10.20,10.19,0.0510,1024,349
S1-5x,638,9.313,10.22,10.20,0.0511,1024,354
S1-5x,639,9.324,11.71,11.70,0.0586,1828,359
S1-5x,640,9.337,12.32,12.30,0.0616,1828,365
S1-5x,641,9.350,12.97,12.99,0.0648,1916,370
S1-5x,642,9.362,12.27,12.29,0.0614,1130,374
S1-5x,643,9.375,12.60,12.60,0.0630,1708,364
S1-5x,644,9.387,12.02,12.00,0.0601,864,370
S1-5x,645,9.399,12.18,12.19,0.0609,904,375
S1-5x,646,9.410,11.61,11.60,0.0580,1024,381
S1-5x,647,9.422,11.62,11.60,0.0581,1828,387
S1-5x,648,9.435,12.70,12.69,0.0635,1748,387
S1-5x,649,9.448,13.07,13.08,0.0654,1748,392
S1-5x,650,9.461,13.54,13.51,0.0677,1090,395
S1-5x,651,9.474,12.97,12.99,0.0649,1708,389
S1-5x,652,9.487,12.98,13.00,0.0649,1760,392
S1-5x,653,9.501,13.95,13.90,0.0697,1708,399
S1-5x,654,9.515,14.19,14.20,0.0710,1748,404
S1-5x,655,9.531,15.43,15.40,0.0771,1828,390
S1-5x,656,9.546,14.98,14.99,0.0749,1828,395
S1-5x,657,9.561,14.81,14.80,0.0740,1708,402
S1-5x,658,9.575,13.89,13.88,0.0694,1024,409
S1-5x,659,9.588,13.51,13.51,0.0676,984,416
S1-5x,660,9.604,15.48,15.49,0.0774,1466,423
S1-5x,661,9.617,13.93,13.91,0.0696,1024,431
S1-5x,662,9.633,15.22,15.20,0.0761,1788,437
S1-5x,663,9.650,16.88,16.89,0.0844,1466,444
S1-5x,664,9.665,15.32,15.30,0.0766,1832,447
S1-5x,665,9.682,17.35,17.38,0.0868,1748,444
S1-5x,666,9.702,19.63,19.62,0.0981,2056,435
S1-5x,667,9.719,17.15,17.18,0.0858,1010,440
S1-5x,668,9.735,16.41,16.39,0.0820,1868,448
S1-5x,669,9.752,16.93,16.90,0.0847,1708,456
S1-5x,670,9.775,22.39,22.39,0.1120,11604,460
S1-5x,671,9.795,20.12,20.11,0.1006,1748,455
S1-5x,672,9.817,21.97,21.98,0.1099,12666,464
S1-5x,673,9.834,16.89,16.91,0.0845,984,475
S1-5x,674,9.850,15.89,15.89,0.0794,1828,483
S1-5x,675,9.866,16.31,16.30,0.0815,1210,491
S1-5x,676,9.883,16.73,16.72,0.0836,1828,499
S1-5x,677,9.899,16.48,16.50,0.0824,1840,503
S1-5x,678,9.915,15.81,15.80,0.0790,1024,512
S1-5x,679,9.932,17.48,17.50,0.0874,18244,519
S1-5x,680,9.950,17.54,17.50,0.0877,1828,517
S1-5x,681,9.966,15.87,15.89,0.0794,1832,516
S1-5x,682,9.982,16.50,16.50,0.0825,1748,507
S1-5x,683,9.997,14.87,14.88,0.0744,1828,507
S1-5x,684,10.013,16.14,16.10,0.0807,1828,507
S1-5x,685,10.029,15.25,15.30,0.0762,1956,502
S1-5x,686,10.045,16.16,16.11,0.0808,1588,501
S1-5x,687,10.059,14.58,14.61,0.0729,1668,498
S1-5x,688,10.073,14.10,14.08,0.0705,992,498
S1-5x,689,10.087,14.08,14.09,0.0704,1828,498
S1-5x,690,10.103,15.83,15.81,0.0792,1880,498
S1-5x,691,10.119,15.99,16.00,0.0800,1796,497
S1-5x,692,10.135,15.49,15.48,0.0774,1828,497
S1-5x,693,10.150,15.19,15.20,0.0759,1828,495
S1-5x,694,10.166,16.51,16.50,0.0825,1828,494
S1-5x,695,10.183,16.68,16.70,0.0834,1828,481
S1-5x,696,10.200,16.54,16.50,0.0827,1956,480
S1-5x,697,10.216,15.88,15.90,0.0794,1628,474
S1-5x,698,10.232,16.47,16.49,0.0824,1050,467
S1-5x,699,10.248,16.11,16.11,0.0806,1668,458
S1-5x,700,10.264,15.51,15.49,0.0776,1010,449
S1-5x,701,10.280,15.99,16.00,0.0799,1668,448
S1-5x,702,10.295,15.71,15.70,0.0785,1828,448
S1-5x,703,10.310,14.80,14.80,0.0740,1076,448
S1-5x,704,10.325,14.80,14.80,0.0740,1210,448
S1-5x,705,10.341,16.37,16.39,0.0818,1828,442
S1-5x,706,10.358,16.62,16.61,0.0831,1210,437
S1-5x,707,10.372,14.40,14.40,0.0720,864,437
S1-5x,708,10.388,16.10,16.08,0.0805,1828,437
S1-5x,709,10.407,18.13,18.14,0.0906,1956,426
S1-5x,710,10.423,16.59,16.57,0.0830,1788,426
S1-5x,711,10.444,20.31,20.29,0.1015,1210,410
S1-5x,712,10.468,23.98,24.00,0.1199,1636,347
S1-5x,713,10.486,18.95,18.92,0.0947,1828,347
S1-5x,714,10.507,20.14,20.09,0.1007,2044,346
S1-5x,715,10.524,17.84,17.88,0.0892,1840,345
S1-5x,716,10.542,17.38,17.39,0.0869,1788,344
S1-5x,717,10.562,19.91,19.90,0.0995,2044,335
S1-5x,718,10.579,17.53,17.51,0.0877,1788,335
S1-5x,719,10.599,19.23,19.20,0.0962,1788,331
S1-5x,720,10.620,21.56,21.59,0.1078,2044,330
S1-5x,721,10.643,22.60,22.59,0.1130,1756,320
S1-5x,722,10.662,19.30,19.31,0.0965,1916,320
S1-5x,723,10.684,22.13,22.09,0.1107,1916,303
S1-5x,724,10.705,20.88,20.90,0.1044,1170,291
S1-5x,725,10.723,18.39,18.39,0.0920,1298,280
S1-5x,726,10.741,17.36,17.39,0.0868,1968,280
S1-5x,727,10.758,17.01,17.01,0.0851,1748,280
S1-5x,728,10.777,18.74,18.70,0.0937,1788,259
S1-5x,729,10.795,18.16,18.19,0.0908,1916,257
S1-5x,730,10.812,17.69,17.71,0.0885,2172,250
S1-5x,731,10.829,16.58,16.59,0.0829,1386,250
S1-5x,732,10.845,16.08,16.01,0.0804,1748,250
S1-5x,733,10.862,17.27,17.29,0.0864,2300,250
S1-5x,734,10.879,17.15,17.19,0.0857,1876,249
S1-5x,735,10.895,16.09,16.08,0.0805,1876,249
S1-5x,736,10.914,18.22,18.22,0.0911,2260,244
S1-5x,737,10.934,19.80,19.80,0.0990,2004,244
S1-5x,738,10.951,17.92,17.90,0.0896,1182,244
S1-5x,739,10.968,16.58,16.59,0.0829,2004,240
S1-5x,740,10.985,16.92,16.90,0.0846,1788,240
S1-5x,741,11.002,17.00,16.99,0.0850,1298,237
S1-5x,742,11.019,16.90,16.90,0.0845,1836,235
S1-5x,743,11.037,18.05,18.08,0.0903,1748,222
S1-5x,744,11.054,17.43,17.40,0.0872,1178,207
S1-5x,745,11.071,16.49,16.50,0.0824,1748,201
S1-5x,746,11.087,16.56,16.52,0.0828,1876,188
S1-5x,747,11.103,15.98,15.99,0.0799,1708,186
S1-5x,748,11.118,14.78,14.78,0.0739,1708,184
S1-5x,749,11.132,14.17,14.20,0.0709,1748,184
S1-5x,750,11.145,12.51,12.50,0.0626,944,184
S1-5x,751,11.158,12.98,12.99,0.0649,1800,179
S1-5x,752,11.172,14.01,13.99,0.0701,1788,176
S1-5x,753,11.186,13.79,13.80,0.0690,1050,175
S1-5x,754,11.199,13.12,13.11,0.0656,1748,175
S1-5x,755,11.212,13.42,13.39,0.0671,1708,174
S1-5x,756,11.227,14.69,14.69,0.0734,1748,174
S1-5x,757,11.242,14.78,14.79,0.0739,1748,172
S1-5x,758,11.255,13.83,13.81,0.0691,1788,172
S1-5x,759,11.270,14.22,14.19,0.0711,984,172
S1-5x,760,11.283,13.87,13.69,0.0694,1788,172
S1-5x,761,11.296,12.09,12.29,0.0604,944,172
S1-5x,762,11.308,12.82,12.80,0.0641,1748,172
S1-5x,763,11.321,12.33,12.31,0.0616,944,172
S1-5x,764,11.333,12.75,12.77,0.0637,1788,172
S1-5x,765,11.346,12.75,12.71,0.0637,1828,171
S1-5x,766,11.359,13.26,13.29,0.0663,1880,169
S1-5x,767,11.374,14.04,14.01,0.0702,1956,167
S1-5x,768,11.387,13.59,13.59,0.0679,1170,167
S1-5x,769,11.400,13.26,13.28,0.0663,1788,166
S1-5x,770,11.414,13.81,13.80,0.0691,1956,166
S1-5x,771,11.427,12.99,13.00,0.0649,1788,166
S1-5x,772,11.441,13.34,13.30,0.0667,1788,166
S1-5x,773,11.454,13.68,13.69,0.0684,1956,166
S1-5x,774,11.469,14.30,14.30,0.0715,1828,161
S1-5x,775,11.482,13.18,13.19,0.0659,1828,161
S1-5x,776,11.494,12.78,12.72,0.0639,1828,152
S1-5x,777,11.507,12.33,12.38,0.0617,1170,152
S1-5x,778,11.519,11.97,11.99,0.0598,1828,148
S1-5x,779,11.532,13.12,13.10,0.0656,1748,145
S1-5x,780,11.545,12.92,12.90,0.0646,1828,145
S1-5x,781,11.557,11.99,12.00,0.0599,1828,145
S1-5x,782,11.568,11.30,11.30,0.0565,1880,142
S1-5x,783,11.580,11.69,11.70,0.0585,1828,142
S1-5x,784,11.591,11.32,11.30,0.0566,1828,142
S1-5x,785,11.603,11.51,11.50,0.0576,1876,141
S1-5x,786,11.614,11.18,11.20,0.0559,1828,140
S1-5x,787,11.625,10.74,10.69,0.0537,1916,140
S1-5x,788,11.635,10.94,10.98,0.0547,1828,140
S1-5x,789,11.646,10.85,10.81,0.0542,1828,140
S1-5x,790,11.658,11.43,11.40,0.0572,1828,140
S1-5x,791,11.669,11.37,11.39,0.0568,1956,140
S1-5x,792,11.681,12.22,12.20,0.0611,1210,140
S1-5x,793,11.693,12.05,12.08,0.0602,1828,140
S1-5x,794,11.706,12.65,12.60,0.0632,1788,139
S1-5x,795,11.719,12.70,12.70,0.0635,1828,137
S1-5x,796,11.732,12.74,12.78,0.0637,1828,137
S1-5x,797,11.746,14.02,14.01,0.0701,1956,136
S1-5x,798,11.758,12.46,12.40,0.0623,1828,135
S1-5x,799,11.772,14.50,14.49,0.0725,1880,122
S1-5x,800,11.786,13.48,13.50,0.0674,1956,121
S1-5x,801,11.799,12.84,12.79,0.0642,1916,120
S1-5x,802,11.811,12.35,12.40,0.0618,1828,119
S1-5x,803,11.824,12.92,12.91,0.0646,1828,119
S1-5x,804,11.838,13.47,13.49,0.0674,1956,119
S1-5x,805,11.850,12.91,12.90,0.0645,1828,119
S1-5x,806,11.863,12.91,12.88,0.0646,1828,118
S1-5x,807,11.875,11.70,11.70,0.0585,1024,118
S1-5x,808,11.886,11.11,11.17,0.0555,1828,118
S1-5x,809,11.897,11.05,11.02,0.0552,1152,118
S1-5x,810,11.909,11.81,11.80,0.0591,1828,118
S1-5x,811,11.921,12.08,12.09,0.0604,1828,118
S1-5x,812,11.933,12.19,12.20,0.0609,1828,118
S1-5x,813,11.946,12.23,12.21,0.0612,1956,118
S1-5x,814,11.961,15.75,15.70,0.0788,1210,118
S1-5x,815,11.973,11.58,11.60,0.0579,1880,118
S1-5x,816,11.984,11.21,11.27,0.0561,1956,118
S1-5x,817,11.994,10.28,10.22,0.0514,1956,118
S1-5x,818,12.006,11.18,11.18,0.0559,1828,118
S1-5x,819,12.015,9.75,9.78,0.0488,1024,118
S1-5x,820,12.025,9.80,9.81,0.0490,1338,118
S1-5x,821,12.035,10.01,10.00,0.0501,1828,118
S1-5x,822,12.046,11.28,11.29,0.0564,1828,118
S1-5x,823,12.059,12.13,12.11,0.0607,1828,116
S1-5x,824,12.070,11.87,11.88,0.0594,1956,114
S1-5x,825,12.081,10.98,11.00,0.0549,1828,114
S1-5x,826,12.092,10.24,10.20,0.0512,1152,114
S1-5x,827,12.102,10.49,10.51,0.0524,1748,113
S1-5x,828,12.112,9.98,9.99,0.0499,1024,113
S1-5x,829,12.122,9.44,9.40,0.0472,1024,113
S1-5x,830,12.132,10.09,10.10,0.0504,1956,113
S1-5x,831,12.142,10.69,10.69,0.0534,1828,113
S1-5x,832,12.152,10.00,10.00,0.0500,1024,113
S1-5x,833,12.162,9.91,9.90,0.0496,1024,113
S1-5x,834,12.173,10.69,10.70,0.0535,2008,111
S1-5x,835,12.184,10.79,10.79,0.0539,1828,111
S1-5x,836,12.195,11.43,11.40,0.0571,1956,110
S1-5x,837,12.206,11.15,11.12,0.0557,1828,108
S1-5x,838,12.218,11.64,11.67,0.0582,1828,108
S1-5x,839,12.230,12.40,12.40,0.0620,1828,107
S1-5x,840,12.243,12.66,12.61,0.0633,2084,107
S1-5x,841,12.256,12.76,12.78,0.0638,1828,105
S1-5x,842,12.267,11.78,11.79,0.0589,1828,105
S1-5x,843,12.279,11.39,11.39,0.0569,1210,105
S1-5x,844,12.290,11.50,11.51,0.0575,2084,105
S1-5x,845,12.302,12.02,11.99,0.0601,1828,103
S1-5x,846,12.315,12.49,12.49,0.0624,1828,102
S1-5x,847,12.327,12.57,12.60,0.0629,1788,97
S1-5x,848,12.341,13.62,13.60,0.0681,1956,91
S1-5x,849,12.354,13.20,13.21,0.0660,1828,89
S1-5x,850,12.368,13.42,13.40,0.0671,1828,89
S1-5x,851,12.381,13.30,13.30,0.0665,1968,85
S1-5x,852,12.394,12.70,12.70,0.0635,1828,84
S1-5x,853,12.407,13.70,13.68,0.0685,1828,83
S1-5x,854,12.421,13.84,13.82,0.0692,1828,83
S1-5x,855,12.435,13.35,13.39,0.0667,1956,83
S1-5x,856,12.449,14.21,14.19,0.0710,1828,83
S1-5x,857,12.464,14.91,14.91,0.0745,1868,81
S1-5x,858,12.479,14.89,14.89,0.0744,1210,77
S1-5x,859,12.493,14.50,14.49,0.0725,1788,76
S1-5x,860,12.509,16.12,16.11,0.0806,1828,75
S1-5x,861,12.524,15.08,15.08,0.0754,1210,66
S1-5x,862,12.539,14.99,14.99,0.0749,1828,63
S1-5x,863,12.553,13.54,13.52,0.0677,1130,58
S1-5x,864,12.567,14.18,14.19,0.0709,1828,57
S1-5x,865,12.583,15.74,15.72,0.0787,1788,53
S1-5x,866,12.598,15.40,15.39,0.0770,1928,44
S1-5x,867,12.613,15.22,15.21,0.0761,1828,35
S1-5x,868,12.627,14.11,14.15,0.0706,1828,35
S1-5x,869,12.642,14.53,14.51,0.0726,1956,35
S1-5x,870,12.657,14.75,14.71,0.0738,1828,35
S1-5x,871,12.671,13.75,13.79,0.0688,1828,35
S1-5x,872,12.683,12.56,12.50,0.0628,1956,35
S1-5x,873,12.695,12.28,12.30,0.0614,1828,35
S1-5x,874,12.710,14.63,14.59,0.0731,1828,30
S1-5x,875,12.724,14.23,14.29,0.0712,1956,28
S1-5x,876,12.737,12.98,12.98,0.0649,1828,28
S1-5x,877,12.751,13.62,13.60,0.0681,1828,23
S1-5x,878,12.763,12.53,12.51,0.0626,1956,21
S1-5x,879,12.776,12.28,12.30,0.0614,1828,20
S1-5x,880,12.788,11.98,11.98,0.0599,1828,16
S1-5x,881,12.799,10.94,10.91,0.0547,1720,15
S1-5x,882,12.809,10.51,10.49,0.0526,984,15
S1-5x,883,12.820,10.71,10.69,0.0535,1828,14
S1-5x,884,12.831,10.89,10.90,0.0544,1916,14
S1-5x,885,12.842,10.97,10.99,0.0549,1828,14
S1-5x,886,12.853,11.10,11.10,0.0555,1956,12
S1-5x,887,12.863,10.19,10.19,0.0509,1828,11
S1-5x,888,12.874,10.70,10.70,0.0535,1956,11
S1-5x,889,12.884,10.01,10.00,0.0501,1828,11
S1-5x,890,12.894,10.48,10.49,0.0524,1956,10
S1-5x,891,12.904,9.50,9.50,0.0475,1024,10
S1-5x,892,12.915,10.90,10.89,0.0545,1956,10
S1-5x,893,12.925,10.43,10.41,0.0521,1828,10
S1-5x,894,12.935,9.96,9.98,0.0498,1956,10
S1-5x,895,12.945,10.04,10.02,0.0502,1828,10
S1-5x,896,12.955,10.50,10.50,0.0525,1828,10
S1-5x,897,12.966,10.50,10.50,0.0525,1956,10
S1-5x,898,12.976,10.15,10.18,0.0508,1828,10
S1-5x,899,12.986,9.84,9.81,0.0492,1828,10
S1-5x,900,12.995,9.41,9.40,0.0471,1876,9
S1-5x,901,13.006,10.17,10.19,0.0509,1880,9
S1-5x,902,13.016,10.30,10.30,0.0515,1956,9
S1-5x,903,13.026,10.08,10.10,0.0504,1828,8
S1-5x,904,13.036,10.24,10.20,0.0512,1788,7
S1-5x,905,13.046,9.89,9.90,0.0494,1828,6
S1-5x,906,13.055,9.46,9.49,0.0473,1956,5
S1-5x,907,13.066,10.04,10.01,0.0502,1828,4
S1-5x,908,13.077,11.29,11.30,0.0564,1828,4
S1-5x,909,13.087,9.91,9.89,0.0495,1170,2
S1-5x,910,13.095,8.18,8.20,0.0409,1024,2
S1-5x,911,13.104,9.03,9.01,0.0451,1828,1
S1-5x,912,13.112,8.29,8.29,0.0415,984,0
S2,0,0.000,75.15,75.11,0.0752,540144,2
S2,1,0.021,21.48,21.49,0.0215,254168,9
S2,2,0.039,17.47,17.49,0.0175,208384,12
S2,3,0.070,31.35,31.31,0.0313,267252,13
S2,4,0.088,17.45,17.48,0.0174,204782,16
S2,5,0.107,18.83,18.81,0.0188,219504,18
S2,6,0.123,16.51,16.50,0.0165,198768,20
S2,7,0.140,17.30,17.29,0.0173,197600,22
S2,8,0.158,17.29,17.30,0.0173,197440,24
S2,9,0.174,16.58,16.59,0.0166,192160,25
S2,10,0.190,15.41,15.41,0.0154,197440,27
S2,11,0.206,16.20,16.19,0.0162,196670,28
S2,12,0.222,16.19,16.19,0.0162,198662,30
S2,13,0.311,89.11,89.11,0.0891,534388,32
S2,14,0.342,30.98,30.99,0.0310,305740,41
S2,15,0.374,31.83,31.80,0.0318,248772,44
S2,16,0.398,23.82,23.81,0.0238,211428,47
S2,17,0.419,21.18,21.19,0.0212,202552,49
S2,18,0.440,20.79,20.79,0.0208,197440,51
S2,19,0.462,22.71,22.71,0.0227,202328,53
S2,20,0.482,19.47,19.48,0.0195,203008,56
S2,21,0.502,19.96,19.91,0.0200,199884,58
S2,22,0.521,19.16,19.19,0.0192,197440,60
S2,23,0.579,57.63,57.60,0.0576,369914,62
S2,24,0.614,35.78,35.79,0.0358,273492,67
S2,25,0.643,28.92,28.91,0.0289,208000,71
S2,26,0.676,33.10,33.10,0.0331,237683,74
S2,27,0.711,34.99,35.00,0.0350,247282,77
S2,28,0.737,25.89,25.90,0.0259,208288,81
S2,29,0.763,25.43,25.41,0.0254,197780,83
S2,30,0.788,25.26,25.30,0.0253,206008,86
S2,31,0.813,24.50,24.49,0.0245,197440,88
S2,32,0.886,72.99,72.98,0.0730,429543,91
S2,33,0.938,52.32,52.31,0.0523,755502,98
S2,34,0.992,54.50,54.51,0.0545,578161,103
S2,35,1.033,40.67,40.68,0.0407,632308,109
S2,36,1.062,29.04,29.01,0.0290,394416,113
S2,37,1.089,27.06,27.10,0.0271,295928,116
S2,38,1.113,24.22,24.19,0.0242,197440,118
S2,39,1.181,67.96,67.91,0.0680,427918,121
S2,40,1.235,53.88,53.89,0.0539,735690,128
S2,41,1.286,50.39,50.39,0.0504,586364,133
S2,42,1.323,37.86,37.90,0.0379,496552,138
S2,43,1.358,34.56,34.51,0.0346,402960,142
S2,44,1.391,32.75,32.77,0.0328,299216,145
S2,45,1.422,31.62,31.60,0.0316,395344,149
S2,46,1.469,46.72,46.73,0.0467,308733,152
S2,47,1.522,52.48,52.47,0.0525,435964,156
S2,48,1.593,71.12,71.10,0.0711,675944,162
S2,49,1.635,42.69,42.71,0.0427,695044,169
S2,50,1.674,38.27,38.06,0.0383,394416,173
S2,51,1.708,34.19,34.42,0.0342,394416,177
S2,52,1.755,47.22,47.20,0.0472,309718,180
S2,53,1.804,48.50,48.49,0.0485,512456,185
S2,54,1.844,40.60,40.60,0.0406,497992,190
S2,55,1.917,72.61,72.61,0.0726,497416,194
S2,56,1.960,43.58,43.59,0.0436,799472,201
S2,57,2.000,39.65,39.61,0.0397,496192,206
S2,58,2.048,47.64,47.69,0.0476,320192,209
S2,59,2.105,57.54,57.51,0.0575,535656,214
S2,60,2.168,63.24,63.20,0.0632,634904,220
S2,61,2.217,48.73,48.78,0.0487,597652,226
S2,62,2.258,40.81,40.79,0.0408,492904,231
S2,63,2.297,39.21,39.21,0.0392,396912,235
S2,64,2.343,45.98,45.97,0.0460,394416,239
S2,65,2.400,56.61,56.61,0.0566,534868,244
S2,66,2.450,50.69,50.69,0.0507,517672,249
S2,67,2.544,93.30,93.29,0.0933,731104,255
S2,68,2.593,49.10,49.11,0.0491,958120,264
S2,69,2.658,65.23,65.20,0.0652,618457,269
S2,70,2.726,67.67,67.68,0.0677,662156,275
S2,71,2.805,79.21,79.20,0.0792,778064,282
S2,72,2.861,56.24,56.22,0.0562,795524,290
S2,73,2.910,49.23,49.26,0.0492,596188,296
S2,74,2.965,54.79,54.79,0.0548,504360,301
S2,75,3.022,56.85,56.82,0.0568,527232,306
S2,76,3.134,112.12,112.11,0.1000,731281,312
S2,77,3.277,142.26,142.21,0.1000,1193051,322
S2,78,3.416,139.77,139.79,0.1000,1204826,332
S2,79,3.516,99.99,99.98,0.1000,1061308,342
S2,80,3.608,92.01,92.01,0.0920,1034569,352
S2,81,3.721,112.28,112.09,0.1000,999836,361
S2,82,3.842,121.43,121.59,0.1000,1126578,371
S2,83,3.935,93.34,93.38,0.0933,1052134,381
S2,84,4.154,218.32,218.31,0.1000,1193576,390
S2,85,4.240,86.66,86.67,0.0867,1046930,400
S2,86,4.317,76.63,76.61,0.0766,922944,409
S2,87,4.387,70.01,69.99,0.0700,796620,417
S2,88,4.560,172.96,172.99,0.1000,901279,424
S2,89,4.904,343.61,343.59,0.1000,1574188,434
S2,90,4.984,80.10,80.11,0.0801,1096996,444
S2,91,5.081,97.51,97.48,0.0975,821212,452
S2,92,5.239,157.51,157.51,0.1000,1027372,461
S2,93,5.337,98.47,98.49,0.0985,1154660,471
S2,94,5.532,195.31,195.29,0.1000,1164393,481
S2,95,5.872,340.04,339.81,0.1000,1442280,491
S2,96,6.312,178.76,178.80,0.1000,1167796,511
S2,97,6.606,293.98,293.98,0.1000,1423612,521
S2,98,6.739,133.41,133.41,0.1000,1072012,531
S2,99,6.862,122.91,122.90,0.1000,1007536,541
S2,100,7.171,308.90,308.90,0.1000,1276851,551
S2,101,7.300,129.18,129.20,0.1000,1104820,561
S2,102,7.508,208.21,208.19,0.1000,1136096,571
S2,103,7.780,271.51,271.50,0.1000,1244845,580
S2,104,7.906,125.90,125.72,0.1000,1032702,590
S2,105,8.046,140.52,140.70,0.1000,1000856,600
S2,106,8.271,224.38,224.40,0.1000,1114837,610
S2,107,8.396,125.80,125.79,0.1000,1096748,620
S2,108,8.534,137.91,137.89,0.1000,1032488,630
S2,109,8.776,241.39,241.39,0.1000,1165213,640
S2,110,8.910,134.54,134.52,0.1000,1006656,650
S2,111,9.077,166.92,166.89,0.1000,1043350,660
S2,112,9.397,320.03,320.08,0.1000,1212074,670
S2,113,9.535,137.58,137.59,0.1000,820828,677
S2,114,9.705,169.74,169.72,0.1000,76424,677
S2,115,10.059,354.09,353.89,0.1000,315953,677
S2,116,10.181,122.50,122.70,0.1000,78852,677
S2,117,10.385,203.69,203.67,0.1000,105350,677
S2,118,10.665,279.70,279.70,0.1000,215364,677
S2,119,10.801,136.40,136.42,0.1000,36514,677
S2,120,11.019,218.41,218.40,0.1000,109100,677
S2,121,11.423,403.23,403.20,0.1000,360969,677
S2,122,11.570,147.45,147.47,0.1000,104816,677
S2,123,11.774,203.95,203.91,0.1000,58628,677
S2,124,12.159,384.95,384.80,0.1000,382485,676
S2,125,12.313,154.52,154.70,0.1000,78248,676
S2,126,12.497,183.93,183.90,0.1000,122124,675
S2,127,12.820,322.48,322.49,0.1000,246479,675
S2,128,12.988,168.44,168.44,0.1000,113944,675
S2,129,13.170,182.17,182.16,0.1000,112676,675
S2,130,13.440,269.37,269.40,0.1000,149302,675
S2,131,13.607,166.89,166.89,0.1000,106652,674
S2,132,13.776,168.82,168.80,0.1000,69020,674
S2,133,14.044,268.02,268.01,0.1000,128063,673
S2,134,14.208,164.75,164.58,0.1000,31760,673
S2,135,14.368,159.73,159.90,0.1000,69672,673
S2,136,14.544,176.22,176.22,0.1000,72600,673
S2,137,14.699,154.46,154.47,0.1000,4160,673
S2,138,14.866,167.31,167.31,0.1000,35392,673
S2,139,15.042,176.12,176.09,0.1000,27652,673
S2,140,15.199,156.47,156.50,0.1000,60240,673
S2,141,15.368,169.21,169.19,0.1000,70938,673
S2,142,15.543,174.99,175.00,0.1000,43784,672
S2,143,15.702,159.41,159.40,0.1000,66024,671
S2,144,15.878,175.38,175.39,0.1000,24122,669
S2,145,16.045,167.42,167.41,0.1000,77212,669
S2,146,16.209,163.82,163.61,0.1000,36488,669
S2,147,16.379,170.38,170.59,0.1000,88866,667
S2,148,16.547,167.40,167.40,0.1000,71800,667
S2,149,16.708,161.51,161.50,0.1000,19036,667
S2,150,16.886,177.50,177.49,0.1000,69056,667
S2,151,17.055,169.12,169.11,0.1000,15644,667
S2,152,17.227,172.18,172.18,0.1000,57684,667
S2,153,17.410,183.12,183.11,0.1000,36928,667
S2,154,17.579,169.37,169.39,0.1000,60708,667
S2,155,17.759,179.63,179.59,0.1000,28504,667
S2,156,17.931,171.45,171.48,0.1000,95560,667
S2,157,18.085,154.13,154.11,0.1000,20664,667
S2,158,18.247,162.34,162.10,0.1000,17376,667
S2,159,18.408,161.27,161.49,0.1000,101528,667
S2,160,18.559,150.97,150.99,0.1000,29344,667
S2,161,18.719,160.11,160.11,0.1000,10052,667
S2,162,18.872,153.00,153.01,0.1000,74468,666
S2,163,19.016,143.83,143.79,0.1000,59264,666
S2,164,19.174,157.80,157.80,0.1000,10044,666
S2,165,19.335,161.28,161.28,0.1000,34264,666
S2,166,19.468,133.18,133.20,0.1000,40424,666
S2,167,19.615,146.12,146.10,0.1000,5988,666
S2,168,19.756,141.01,141.00,0.1000,16680,666
S2,169,19.877,121.89,121.90,0.1000,58964,666
S2,170,20.012,134.38,134.39,0.1000,34980,665
S2,171,20.150,138.03,138.00,0.1000,12740,665
S2,172,20.266,115.88,115.70,0.1000,36528,665
S2,173,20.401,135.71,135.90,0.1000,18712,665
S2,174,20.529,127.29,127.30,0.1000,5340,665
S2,175,20.643,113.80,113.79,0.1000,80528,664
S2,176,20.773,130.01,130.00,0.1000,35866,664
S2,177,20.900,127.92,127.91,0.1000,36384,664
S2,178,21.017,116.78,116.79,0.1000,10184,664
S2,179,21.148,130.71,130.70,0.1000,27328,664
S2,180,21.280,131.59,131.60,0.1000,23812,664
S2,181,21.415,135.31,135.30,0.1000,31870,664
S2,182,21.552,137.19,137.21,0.1000,55244,664
S2,183,21.715,163.01,162.99,0.1000,89780,664
S2,184,21.839,124.42,124.41,0.1000,21208,664
S2,185,21.969,129.77,129.79,0.1000,60166,663
S2,186,22.113,143.40,143.39,0.1000,42876,663
S2,187,22.224,111.13,111.11,0.1000,12384,663
S2,188,22.350,126.16,126.00,0.1000,14456,663
S2,189,22.477,127.14,127.30,0.1000,40886,662
S2,190,22.587,109.48,109.50,0.1000,45908,662
S2,191,22.709,122.11,122.10,0.1000,17048,662
S2,192,22.841,132.39,132.39,0.1000,22604,662
S2,193,22.954,113.12,113.11,0.1000,55400,662
S2,194,23.102,148.00,148.00,0.1000,53290,662
S2,195,23.247,144.60,144.60,0.1000,26458,662
S2,196,23.365,118.70,118.70,0.1000,59384,662
S2,197,23.532,166.58,166.57,0.1000,55368,662
S2,198,23.705,172.77,172.73,0.1000,68424,662
S2,199,23.835,129.68,129.69,0.1000,18484,661
S2,200,24.006,171.07,171.10,0.1000,77826,661
S2,201,24.185,179.81,179.78,0.1000,61082,661
S2,202,24.309,123.99,124.00,0.1000,16858,660
S2,203,24.458,148.91,148.71,0.1000,47348,660
S2,204,24.641,183.19,183.39,0.1000,75086,660
S2,205,24.757,115.90,115.89,0.1000,4212,660
S2,206,24.884,126.68,126.68,0.1000,46388,660
S2,207,25.029,144.54,144.51,0.1000,41670,660
S2,208,25.144,115.22,115.21,0.1000,7260,660
S2,209,25.270,126.67,126.69,0.1000,25274,660
S2,210,25.407,136.10,136.10,0.1000,33544,660
S2,211,25.520,113.19,113.20,0.1000,18392,660
S2,212,25.645,124.88,124.90,0.1000,2656,660
S2,213,25.803,158.53,158.50,0.1000,62754,659
S2,214,25.915,112.08,112.10,0.1000,1680,659
S2,215,26.051,135.63,135.60,0.1000,1900,659
S2,216,26.215,163.89,163.90,0.1000,79860,659
S2,217,26.335,120.43,120.41,0.1000,39442,659
S2,218,26.464,128.44,128.28,0.1000,14244,659
S2,219,26.658,194.04,194.21,0.1000,99792,657
S2,220,26.778,120.47,120.48,0.1000,9904,657
S2,221,26.917,138.61,138.60,0.1000,1628,657
S2,222,27.129,212.42,212.42,0.1000,92860,657
S2,223,27.259,129.38,129.39,0.1000,6096,657
S2,224,27.400,141.01,141.00,0.1000,6812,657
S2,225,27.577,177.57,177.58,0.1000,54196,656
S2,226,27.705,128.01,128.01,0.1000,22588,656
S2,227,27.862,156.82,156.81,0.1000,14936,656
S2,228,28.011,148.97,148.98,0.1000,17148,656
S2,229,28.149,137.93,137.92,0.1000,27440,655
S2,230,28.321,171.77,171.79,0.1000,5620,655
S2,231,28.485,164.36,164.11,0.1000,18792,655
S2,232,28.633,148.34,148.59,0.1000,27772,654
S2,233,28.821,188.02,187.99,0.1000,1334,653
S2,234,29.040,218.90,218.89,0.1000,84806,652
S2,235,29.198,157.99,158.01,0.1000,11520,652
S2,236,29.397,198.68,198.68,0.1000,2820,652
S2,237,29.741,343.49,343.43,0.1000,185826,651
S2,238,29.912,171.86,171.87,0.1000,6324,649
S2,239,30.133,220.46,220.42,0.1000,4424,649
S2,240,30.460,327.43,327.48,0.1000,68102,645
S2,241,30.639,179.19,179.01,0.1000,22560,643
S2,242,30.861,221.77,221.92,0.1000,10170,643
S2,243,31.183,321.49,321.49,0.1000,66415,642
S2,244,31.366,183.24,183.29,0.1000,15304,640
S2,245,31.579,213.03,213.01,0.1000,17064,640
S2,246,31.863,284.39,284.39,0.1000,103843,638
S2,247,32.044,180.58,180.59,0.1000,4380,637
S2,248,32.281,236.86,236.82,0.1000,27112,637
S2,249,32.809,527.83,527.60,0.1000,169333,636
S2,250,33.004,195.43,195.68,0.1000,8904,636
S2,251,33.249,245.25,245.21,0.1000,7072,636
S2,252,33.571,321.58,321.59,0.1000,102314,636
S2,253,33.767,196.21,196.20,0.1000,13220,635
S2,254,34.008,241.18,241.18,0.1000,12224,634
S2,255,34.402,394.19,394.19,0.1000,159088,633
S2,256,34.590,187.96,187.99,0.1000,13380,633
S2,257,34.816,225.35,225.11,0.1000,7132,633
S2,258,35.198,381.78,381.99,0.1000,185875,633
S2,259,35.403,205.52,205.51,0.1000,12060,633
S2,260,35.671,267.50,267.50,0.1000,15904,633
S2,261,35.999,328.50,328.50,0.1000,65294,631
S2,262,36.192,192.75,192.78,0.1000,15546,630
S2,263,36.417,225.53,225.51,0.1000,14628,630
S2,264,36.750,333.08,333.09,0.1000,90351,629
S2,265,36.941,190.89,190.71,0.1000,39992,629
S2,266,37.189,247.64,247.79,0.1000,11984,629
S2,267,37.597,408.49,408.51,0.1000,190240,629
S2,268,37.785,187.89,187.90,0.1000,25036,626
S2,269,38.037,252.12,252.10,0.1000,64656,625
S2,270,38.645,607.50,607.48,0.1000,462474,624
S2,271,38.850,204.60,204.63,0.1000,21624,623
S2,272,39.116,266.96,266.69,0.1000,20104,623
S2,273,39.481,364.05,364.28,0.1000,121926,623
S2,274,39.680,199.67,199.70,0.1000,30104,622
S2,275,39.957,276.93,276.91,0.1000,24056,622
S2,276,40.304,347.11,347.09,0.1000,144510,621
S2,277,40.517,212.32,212.33,0.1000,8968,620
S2,278,40.809,292.66,292.64,0.1000,14687,619
S2,279,41.607,797.71,797.52,0.1000,261478,618
S2,280,41.810,202.76,202.97,0.1000,3008,618
S2,281,42.100,290.63,290.53,0.1000,45893,618
S2,282,42.987,887.02,887.07,0.1000,330788,616
S2,283,43.231,243.90,243.93,0.1000,4264,616
S2,284,43.537,306.20,306.18,0.1000,2112,616
S2,285,44.301,763.91,763.70,0.1000,307787,610
S2,286,44.552,250.42,250.63,0.1000,10448,609
S2,287,44.884,331.99,331.98,0.1000,13812,606
S2,288,45.810,925.98,925.99,0.1000,276873,599
S2,289,46.071,261.18,261.19,0.1000,13110,593
S2,290,46.392,320.74,320.51,0.1000,15308,589
S2,291,47.636,1244.77,1244.99,0.1000,538470,585
S2,292,47.905,268.58,268.60,0.1000,12208,582
S2,293,48.222,316.82,316.80,0.1000,43190,580
S2,294,49.052,830.61,830.41,0.1000,477522,577
S2,295,49.321,268.59,268.79,0.1000,9240,576
S2,296,49.629,308.09,308.09,0.1000,33722,573
S2,297,50.346,716.85,713.80,0.1000,366148,572
S2,298,50.617,271.38,271.40,0.1000,25076,570
S2,299,50.933,316.08,316.09,0.1000,12840,568
S2,300,51.556,622.91,622.70,0.1000,267970,568
S2,301,51.827,270.98,271.18,0.1000,18528,567
S2,302,52.162,334.63,334.61,0.1000,14032,566
S2,303,52.672,509.57,500.89,0.1000,120897,560
S2,304,52.958,286.21,297.90,0.1000,17536,560
S2,305,53.279,321.80,321.79,0.1000,14868,558
S2,306,53.639,359.23,359.01,0.1000,49236,554
S2,307,53.948,309.07,309.28,0.1000,26020,553
S2,308,54.312,363.83,363.82,0.1000,19136,550
S2,309,54.681,369.69,369.71,0.1000,9224,549
S2,310,54.958,276.98,276.98,0.1000,3552,546
S2,311,55.301,342.75,342.71,0.1000,10996,544
S2,312,55.687,386.47,386.27,0.1000,29476,541
S2,313,56.000,312.07,312.30,0.1000,4656,539
S2,314,56.389,389.61,389.61,0.1000,11152,536
S2,315,56.777,387.41,387.40,0.1000,14580,535
S2,316,57.099,322.62,322.61,0.1000,1680,534
S2,317,57.466,366.40,366.38,0.1000,2224,530
S2,318,57.810,344.02,343.81,0.1000,2400,527
S2,319,58.122,312.45,312.69,0.1000,5784,527
S2,320,58.533,411.01,410.98,0.1000,18406,519
S2,321,58.889,356.33,356.32,0.1000,13176,514
S2,322,59.233,343.56,343.59,0.1000,2688,511
S2,323,59.711,478.27,478.18,0.1000,5096,508
S2,324,60.091,379.77,379.63,0.1000,39138,503
S2,325,60.481,389.86,390.04,0.1000,13576,502
S2,326,60.872,390.63,390.64,0.1000,5368,497
S2,327,61.227,355.39,355.39,0.1000,7872,490
S2,328,61.586,359.58,359.60,0.1000,7456,482
S2,329,61.936,349.69,349.70,0.1000,11202,475
S2,330,62.268,331.94,331.71,0.1000,6156,465
S2,331,62.616,347.86,348.09,0.1000,32104,459
S2,332,62.925,309.32,309.31,0.1000,2112,455
S2,333,63.261,335.71,335.69,0.1000,7960,446
S2,334,63.600,338.60,338.61,0.1000,4508,438
S2,335,63.911,311.17,311.18,0.1000,14084,427
S2,336,64.222,311.31,311.31,0.1000,28880,422
S2,337,64.540,317.61,317.41,0.1000,12488,416
S2,338,64.821,280.90,281.08,0.1000,2384,407
S2,339,65.097,276.14,276.11,0.1000,14448,398
S2,340,65.424,326.79,326.80,0.1000,4628,394
S2,341,65.705,281.48,281.50,0.1000,2516,380
S2,342,65.988,282.68,282.69,0.1000,3890,365
S2,343,66.289,301.00,301.00,0.1000,16732,354
S2,344,66.542,253.81,253.61,0.1000,4200,339
S2,345,66.764,221.27,221.48,0.1000,4016,331
S2,346,67.011,247.42,247.42,0.1000,3170,320
S2,347,67.256,244.39,244.38,0.1000,2734,309
S2,348,67.479,223.11,223.12,0.1000,3890,299
S2,349,67.721,242.10,242.10,0.1000,3728,287
S2,350,67.944,223.01,223.00,0.1000,4908,273
S2,351,68.149,205.41,205.42,0.1000,6412,257
S2,352,68.380,230.60,230.58,0.1000,3388,246
S2,353,68.589,209.47,209.29,0.1000,3330,234
S2,354,68.786,196.60,196.79,0.1000,3726,225
S2,355,69.007,221.01,221.00,0.1000,3240,219
S2,356,69.207,200.21,200.21,0.1000,19636,210
S2,357,69.393,185.67,185.69,0.1000,3798,199
S2,358,69.606,213.02,213.01,0.1000,2772,188
S2,359,69.799,193.58,193.59,0.1000,3388,177
S2,360,69.980,180.33,180.30,0.1000,25144,164
S2,361,70.192,212.29,212.29,0.1000,2274,156
S2,362,70.381,189.10,189.10,0.1000,2948,146
S2,363,70.559,177.58,177.60,0.1000,4454,141
S2,364,70.758,199.08,198.89,0.1000,3660,132
S2,365,70.938,179.92,180.10,0.1000,2682,125
S2,366,71.105,166.90,166.91,0.1000,3236,118
S2,367,71.297,192.10,192.09,0.1000,3404,112
S2,368,71.468,171.78,171.79,0.1000,2948,110
S2,369,71.626,157.62,157.61,0.1000,3256,105
S2,370,71.809,183.40,183.40,0.1000,2516,98
S2,371,71.973,163.08,163.08,0.1000,2464,94
S2,372,72.126,153.50,153.50,0.1000,2400,92
S2,373,72.298,171.63,171.62,0.1000,2968,88
S2,374,72.442,144.28,144.29,0.1000,2656,86
S2,375,72.577,135.42,135.41,0.1000,4006,80
S2,376,72.736,158.20,158.20,0.1000,2944,76
S2,377,72.869,133.10,132.90,0.1000,35536,75
S2,378,72.991,122.80,122.99,0.1000,4052,73
S2,379,73.140,148.99,148.99,0.1000,2404,67
S2,380,73.264,123.21,123.20,0.1000,4418,62
S2,381,73.376,112.40,112.39,0.1000,3844,55
S2,382,73.519,143.33,143.34,0.1000,4216,49
S2,383,73.637,117.18,117.16,0.1000,3444,44
S2,384,73.740,103.26,103.28,0.1000,69150,39
S2,385,73.874,134.33,134.30,0.1000,2494,31
S2,386,73.982,108.01,108.01,0.1000,2948,29
S2,387,74.078,95.39,95.38,0.0954,2536,27
S2,388,74.196,118.30,118.30,0.1000,3508,21
S2,389,74.301,104.82,104.81,0.1000,2118,20
S2,390,74.394,92.98,92.99,0.0930,2374,18
S2,391,74.518,124.49,124.34,0.1000,3040,13
S2,392,74.661,142.48,142.55,0.1000,36020,10
S2,393,74.777,116.85,116.88,0.1000,1972,9
S2,394,74.896,118.61,118.40,0.1000,1896,9
S2,395,75.014,117.90,118.10,0.1000,1828,8
S2,396,75.105,90.67,90.70,0.0907,516,8
S2,397,75.216,110.94,110.91,0.1000,1412,8
S2,398,75.315,99.87,99.88,0.0999,2644,7
S2,399,75.419,103.71,103.71,0.1000,1572,7
S2,400,75.532,113.10,113.10,0.1000,860,7
S2,401,75.630,97.67,97.67,0.0977,2808,6
S2,402,75.724,94.32,94.32,0.0943,2444,5
S2,403,75.839,114.90,114.81,0.1000,536,5
S2,404,75.943,103.41,103.48,0.1000,1608,5
S2,405,76.035,92.58,92.59,0.0926,2610,3
S2,406,76.129,93.41,93.41,0.0934,536,3
S2,407,76.223,94.78,94.77,0.0948,1608,3
S2,408,76.318,94.33,94.31,0.0943,1628,3
S2,409,76.408,90.47,90.49,0.0905,1628,3
S2,410,76.491,82.82,82.80,0.0828,1968,2
S2,411,76.569,78.47,78.48,0.0785,464,2
S2,412,76.629,59.19,59.20,0.0592,1340,2
S2,413,76.705,76.34,76.32,0.0763,588,2
S2,414,76.771,66.47,66.49,0.0665,1412,2
S2,415,76.840,68.34,68.30,0.0683,1772,2
S2,416,76.903,63.70,63.50,0.0637,1464,2
S2,417,76.981,77.08,77.30,0.0771,1556,1
S2,418,77.039,58.39,58.39,0.0584,464,1
S2,419,77.096,56.62,56.61,0.0566,536,1
S2,420,77.153,57.07,57.08,0.0571,516,1
S2,421,77.202,49.50,49.50,0.0495,464,1
S2,422,77.267,65.02,64.99,0.0650,1340,1
S2,423,77.318,51.10,51.09,0.0511,464,1
S2,424,77.373,54.82,54.80,0.0548,588,1
S2,425,77.425,51.68,51.70,0.0517,464,1
S2,426,77.472,47.30,47.30,0.0473,464,1
S2,427,77.517,45.32,45.29,0.0453,1412,1
S2,428,77.576,58.37,58.39,0.0584,464,1
S2,429,77.622,46.13,46.11,0.0461,588,1
S2,430,77.669,47.46,47.48,0.0475,536,1
S2,431,77.710,40.57,40.59,0.0406,1340,1
S2,432,77.747,37.54,37.51,0.0375,464,1
S2,433,77.784,36.89,36.90,0.0369,464,1
S2,434,77.818,33.80,33.79,0.0338,516,1
S2,435,77.865,47.06,47.09,0.0471,464,1
S2,436,77.905,39.44,39.40,0.0394,536,1
S2,437,77.945,40.86,40.89,0.0409,536,1
S2,438,77.980,34.65,34.61,0.0347,464,1
S2,439,78.012,31.98,32.01,0.0320,1340,1
S2,440,78.043,30.91,30.90,0.0309,516,1
S2,441,78.072,29.48,29.48,0.0295,464,1
S2,442,78.099,26.91,26.90,0.0269,464,1
S2,443,78.137,37.29,37.30,0.0373,464,1
S2,444,78.170,33.20,33.19,0.0332,464,1
S2,445,78.204,33.70,33.70,0.0337,536,1
S2,446,78.239,35.22,35.20,0.0352,1340,1
S2,447,78.265,26.68,26.70,0.0267,516,1
S2,448,78.291,25.69,25.69,0.0257,464,1
S2,449,78.316,25.02,25.01,0.0250,464,1
S2,450,78.340,24.29,24.30,0.0243,464,1
S2,451,78.363,22.92,22.89,0.0229,464,1
S2,452,78.386,22.37,22.40,0.0224,464,1
S2,453,78.412,26.01,26.00,0.0260,536,1
S2,454,78.440,28.21,28.20,0.0282,464,1
S2,455,78.467,27.01,27.00,0.0270,516,1
S2,456,78.498,30.93,30.91,0.0309,608,1
S2,457,78.530,32.25,32.28,0.0322,1340,1
S2,458,78.558,27.63,27.60,0.0276,1484,1
S2,459,78.582,24.06,24.09,0.0241,536,1
S2,460,78.605,23.01,23.01,0.0230,536,1
S2,461,78.626,21.42,21.40,0.0214,464,1
S2,462,78.647,20.73,20.72,0.0207,464,1
S2,463,78.667,19.98,20.00,0.0200,516,1
S2,464,78.687,19.78,19.78,0.0198,1340,1
S2,465,78.713,26.20,26.20,0.0262,464,1
S2,466,78.737,24.32,24.30,0.0243,464,1
S2,467,78.763,25.38,25.39,0.0254,536,1
S2,468,78.789,26.29,26.29,0.0263,1412,0
S2,469,78.817,27.71,27.71,0.0277,3108,1
S2,470,78.850,33.74,33.72,0.0337,186880,3
S2,471,78.878,27.76,27.78,0.0278,186932,7
S2,472,78.905,27.03,26.80,0.0270,186880,9
S2,473,78.932,27.20,27.41,0.0272,186880,12
S2,474,78.961,28.70,28.69,0.0287,186880,15
S2,475,78.988,27.40,27.39,0.0274,93744,18
S2,476,79.014,25.10,25.09,0.0251,464,20
S2,477,79.038,24.88,24.90,0.0249,464,23
S2,478,79.063,24.83,24.80,0.0248,464,25
S2,479,79.089,25.33,25.31,0.0253,516,28
S2,480,79.122,33.76,33.80,0.0338,464,30
S2,481,79.149,27.11,27.09,0.0271,464,34
S2,482,79.176,26.28,26.30,0.0263,464,37
S2,483,79.202,26.32,26.30,0.0263,1412,39
S2,484,79.228,26.27,26.30,0.0263,464,42
S2,485,79.253,24.63,24.61,0.0246,464,44
S2,486,79.277,24.38,24.39,0.0244,464,47
S2,487,79.301,24.02,24.01,0.0240,516,49
S2,488,79.326,24.38,24.38,0.0244,464,52
S2,489,79.350,24.00,24.01,0.0240,464,54
S2,490,79.373,23.58,23.58,0.0236,464,57
S2,491,79.396,22.84,22.81,0.0228,464,59
S2,492,79.428,31.31,31.30,0.0313,464,61
S2,493,79.458,30.58,30.59,0.0306,464,64
S2,494,79.486,27.98,28.00,0.0280,536,67
S2,495,79.515,28.73,28.70,0.0287,516,70
S2,496,79.545,30.38,30.41,0.0304,1340,73
S2,497,79.574,29.20,29.18,0.0292,464,76
S2,498,79.602,27.39,27.40,0.0274,464,79
S2,499,79.630,28.03,28.01,0.0280,464,82
S2,500,79.656,26.46,26.49,0.0265,464,85
S2,501,79.682,25.82,25.81,0.0258,464,87
S2,502,79.715,32.71,32.70,0.0327,464,90
S2,503,79.745,30.09,30.09,0.0301,516,93
S2,504,79.775,29.79,29.81,0.0298,464,96
S2,505,79.804,29.51,29.49,0.0295,536,99
S2,506,79.835,31.20,31.21,0.0312,464,102
S2,507,79.865,30.00,29.99,0.0300,536,105
S2,508,79.893,27.78,27.79,0.0278,464,108
S2,509,79.921,27.73,27.71,0.0277,464,111
S2,510,79.948,27.06,27.08,0.0271,516,114
S2,511,79.974,25.64,25.63,0.0256,464,116
S2,512,79.998,24.47,24.47,0.0245,464,119
S2,513,80.029,30.54,30.50,0.0305,464,121
S2,514,80.060,31.17,31.19,0.0312,464,124
S2,515,80.090,30.10,30.10,0.0301,464,128
S2,516,80.124,33.73,33.72,0.0337,464,131
S2,517,80.160,36.38,36.37,0.0364,1464,134
S2,518,80.194,33.76,33.78,0.0338,464,138
S2,519,80.225,31.33,31.32,0.0313,464,141
S2,520,80.257,32.12,32.10,0.0321,464,144
S2,521,80.286,29.06,29.08,0.0291,464,147
S2,522,80.322,35.78,35.80,0.0358,464,150
S2,523,80.356,33.74,33.71,0.0337,464,154
S2,524,80.391,35.18,35.20,0.0352,1392,157
S2,525,80.426,35.50,35.50,0.0355,464,161
S2,526,80.464,37.82,37.80,0.0378,464,164
S2,527,80.498,33.31,33.30,0.0333,464,168
S2,528,80.530,32.26,32.29,0.0323,464,171
S2,529,80.562,32.24,32.21,0.0322,464,175
S2,530,80.591,28.60,28.61,0.0286,516,178
S2,531,80.627,36.50,36.49,0.0365,464,181
S2,532,80.663,35.90,35.90,0.0359,536,184
S2,533,80.700,36.61,36.60,0.0366,536,188
S2,534,80.741,41.37,41.39,0.0414,1340,192
S2,535,80.778,36.92,36.90,0.0369,464,196
S2,536,80.816,37.63,37.61,0.0376,516,199
S2,537,80.852,35.95,35.97,0.0359,464,203
S2,538,80.885,33.20,33.20,0.0332,464,207
S2,539,80.928,43.32,43.11,0.0433,464,210
S2,540,80.967,38.60,38.80,0.0386,536,214
S2,541,81.005,38.10,38.09,0.0381,536,218
S2,542,81.048,43.61,43.61,0.0436,516,222
S2,543,81.090,41.60,41.59,0.0416,1340,226
S2,544,81.129,39.09,39.10,0.0391,464,231
S2,545,81.166,36.82,36.80,0.0368,464,235
S2,546,81.201,34.60,34.60,0.0346,464,238
S2,547,81.245,44.02,44.00,0.0440,464,242
S2,548,81.284,39.74,39.78,0.0397,588,246
S2,549,81.325,41.12,41.10,0.0411,1412,250
S2,550,81.370,44.42,44.42,0.0444,464,254
S2,551,81.413,43.09,43.09,0.0431,536,259
S2,552,81.451,37.78,37.79,0.0378,464,263
S2,553,81.487,36.42,36.41,0.0364,516,267
S2,554,81.530,42.86,42.89,0.0429,464,270
S2,555,81.569,38.62,38.61,0.0386,464,275
S2,556,81.607,37.99,37.99,0.0380,464,278
S2,557,81.651,44.09,44.09,0.0441,1412,282
S2,558,81.696,45.13,45.11,0.0451,536,287
S2,559,81.738,42.21,42.21,0.0422,516,291
S2,560,81.780,42.07,42.08,0.0421,464,295
S2,561,81.827,47.39,47.39,0.0474,464,300
S2,562,81.870,42.51,42.51,0.0425,464,304
S2,563,81.915,45.32,45.30,0.0453,1340,309
S2,564,81.966,50.61,50.60,0.0506,660,313
S2,565,82.015,48.76,48.78,0.0488,1340,318
S2,566,82.066,51.15,51.10,0.0512,536,323
S2,567,82.128,61.81,61.81,0.0618,1340,328
S2,568,82.180,52.35,52.38,0.0524,588,334
S2,569,82.237,56.52,56.51,0.0565,1412,340
S2,570,82.294,57.35,57.37,0.0574,608,345
S2,571,82.348,54.56,54.53,0.0546,1700,351
S2,572,82.403,54.66,54.69,0.0547,588,356
S2,573,82.462,59.42,59.41,0.0594,464,362
S2,574,82.518,55.71,55.69,0.0557,1412,368
S2,575,82.583,64.88,64.89,0.0649,464,373
S2,576,82.638,54.69,54.70,0.0547,1608,380
S2,577,82.695,57.41,57.41,0.0574,1412,385
S2,578,82.758,63.00,63.00,0.0630,536,391
S2,579,82.815,56.39,56.38,0.0564,1340,397
S2,580,82.886,71.62,71.62,0.0716,588,403
S2,581,82.955,68.96,68.79,0.0690,1556,410
S2,582,83.021,66.05,66.21,0.0660,1484,417
S2,583,83.100,79.00,79.00,0.0790,588,424
S2,584,83.178,78.29,78.30,0.0783,464,432
S2,585,83.254,75.58,75.58,0.0756,1772,439
S2,586,83.346,91.65,91.62,0.0917,1536,447
S2,587,83.424,78.56,78.59,0.0786,1556,456
S2,588,83.525,100.90,100.89,0.1000,1484,464
S2,589,83.614,89.31,89.31,0.0893,1896,474
S2,590,83.711,96.40,96.40,0.0964,1484,483
S2,591,83.824,112.81,112.80,0.1000,1412,493
S2,592,83.923,99.18,99.18,0.0992,2256,503
S2,593,84.031,107.93,107.91,0.1000,1556,513
S2,594,84.151,119.80,119.81,0.1000,1464,523
S2,595,84.262,111.48,111.49,0.1000,1700,533
S2,596,84.370,107.63,107.60,0.1000,1508,543
S2,597,84.505,135.59,135.60,0.1000,536,553
S2,598,84.618,112.28,112.27,0.1000,2328,563
S2,599,84.735,117.46,117.45,0.1000,1988,573
S2,600,84.861,125.66,125.66,0.1000,1824,583
S2,601,84.979,118.31,118.10,0.1000,2132,593
S2,602,85.096,117.20,117.40,0.1000,2040,603
S2,603,85.230,133.40,133.40,0.1000,1628,613
S2,604,85.351,121.23,121.23,0.1000,2400,623
S2,605,85.474,123.05,123.05,0.1000,2348,633
S2,606,85.616,141.82,141.80,0.1000,1608,643
S2,607,85.746,129.91,129.92,0.1000,2348,653
S2,608,85.878,132.32,132.30,0.1000,2040,663
S2,609,86.029,151.38,151.39,0.1000,1628,673
S2,610,86.167,138.09,138.10,0.1000,28800,683
S2,611,86.301,133.61,133.60,0.1000,34072,688
S2,612,86.457,156.41,156.40,0.1000,1608,688
S2,613,86.598,140.67,140.69,0.1000,2276,688
S2,614,86.738,139.71,139.70,0.1000,2112,688
S2,615,86.897,159.20,159.19,0.1000,1628,688
S2,616,87.053,155.88,155.69,0.1000,2400,687
S2,617,87.195,141.71,141.91,0.1000,2348,687
S2,618,87.365,170.02,170.00,0.1000,1608,687
S2,619,87.519,154.29,154.29,0.1000,2276,687
S2,620,87.662,143.29,143.30,0.1000,2112,687
S2,621,87.840,177.54,177.51,0.1000,1628,687
S2,622,88.002,162.17,162.19,0.1000,2400,686
S2,623,88.156,154.21,154.18,0.1000,2348,686
S2,624,88.341,184.72,184.71,0.1000,1608,686
S2,625,88.512,170.99,171.00,0.1000,2276,686
S2,626,88.664,152.58,152.59,0.1000,2112,686
S2,627,88.870,205.72,205.67,0.1000,1628,686
S2,628,89.054,183.83,183.63,0.1000,2400,684
S2,629,89.212,158.36,158.59,0.1000,2348,684
S2,630,89.413,201.03,201.01,0.1000,1608,684
S2,631,89.586,172.31,172.30,0.1000,2328,682
S2,632,89.738,152.47,152.49,0.1000,2060,682
S2,633,89.927,188.70,188.70,0.1000,1680,682
S2,634,90.103,176.61,176.60,0.1000,2348,682
S2,635,90.257,153.48,153.49,0.1000,2400,682
S2,636,90.446,188.71,188.69,0.1000,1556,682
S2,637,90.629,183.10,183.10,0.1000,2328,682
S2,638,90.787,158.10,158.11,0.1000,2060,682
S2,639,90.983,196.00,196.00,0.1000,1680,682
S2,640,91.168,185.51,185.29,0.1000,2348,682
S2,641,91.336,167.80,168.01,0.1000,2400,681
S2,642,91.526,190.30,190.30,0.1000,1556,679
S2,643,91.715,188.39,188.40,0.1000,2328,678
S2,644,91.872,156.79,156.79,0.1000,2060,677
S2,645,92.049,177.41,177.41,0.1000,1680,676
S2,646,92.251,202.02,202.00,0.1000,2348,676
S2,647,92.406,154.67,154.69,0.1000,2328,676
S2,648,92.581,175.00,174.99,0.1000,1628,676
S2,649,92.763,181.93,181.82,0.1000,2328,675
S2,650,92.915,152.19,152.29,0.1000,2060,675
S2,651,93.086,171.18,171.18,0.1000,1680,675
S2,652,93.264,178.10,177.91,0.1000,2348,675
S2,653,93.414,149.91,150.11,0.1000,2328,675
S2,654,93.578,164.40,164.39,0.1000,1628,675
S2,655,93.755,176.60,176.60,0.1000,1710,675
S2,656,93.917,161.71,161.69,0.1000,2060,675
S2,657,94.088,171.51,171.51,0.1000,1680,674
S2,658,94.275,186.27,186.27,0.1000,2348,674
S2,659,94.427,152.64,152.60,0.1000,2328,674
S2,660,94.594,166.48,166.49,0.1000,1628,673
S2,661,94.765,171.60,171.61,0.1000,2328,673
S2,662,94.902,136.82,136.81,0.1000,2060,673
S2,663,95.059,156.48,156.50,0.1000,1680,673
S2,664,95.235,175.92,175.89,0.1000,2348,673
S2,665,95.382,147.44,147.21,0.1000,2328,673
S2,666,95.541,159.40,159.60,0.1000,1900,672
S2,667,95.712,170.55,170.59,0.1000,2526,672
S2,668,95.855,143.20,143.19,0.1000,2060,672
S2,669,96.003,147.76,147.72,0.1000,1680,672
S2,670,96.173,170.57,170.59,0.1000,2348,672
S2,671,96.302,128.75,128.79,0.1000,2328,672
S2,672,96.437,134.74,134.71,0.1000,1628,671
S2,673,96.587,149.96,149.98,0.1000,2328,671
S2,674,96.709,121.91,121.90,0.1000,2060,671
S2,675,96.852,142.83,142.82,0.1000,1680,670
S2,676,96.987,135.89,135.88,0.1000,1730,670
S2,677,97.107,119.98,120.00,0.1000,2328,670
S2,678,97.242,134.61,134.60,0.1000,1628,670
S2,679,97.371,128.69,128.69,0.1000,2328,670
S2,680,97.483,111.91,111.71,0.1000,2060,670
S2,681,97.612,129.00,129.19,0.1000,1680,670
S2,682,97.741,129.51,129.49,0.1000,1730,670
S2,683,97.853,112.10,112.09,0.1000,2328,669
S2,684,97.989,135.32,135.32,0.1000,1628,669
S2,685,98.120,131.68,131.68,0.1000,2328,669
S2,686,98.235,114.80,114.79,0.1000,2332,669
S2,687,98.355,120.11,120.13,0.1000,1680,669
S2,688,98.484,128.50,128.49,0.1000,2348,669
S2,689,98.593,109.18,109.19,0.1000,2328,669
S2,690,98.722,129.52,129.50,0.1000,1628,669
S2,691,98.859,136.58,136.59,0.1000,2328,669
S2,692,98.980,121.43,121.39,0.1000,2060,669
S2,693,99.120,139.87,139.90,0.1000,1680,669
S2,694,99.256,135.32,135.30,0.1000,2348,669
S2,695,99.371,115.88,115.90,0.1000,1710,668
S2,696,99.508,136.37,136.18,0.1000,1010,668
S2,697,99.636,128.31,128.51,0.1000,1710,668
S2,698,99.754,118.20,118.19,0.1000,27856,668
S2,699,99.898,143.78,143.79,0.1000,1680,668
S2,700,100.022,123.50,123.50,0.1000,2348,668
S2,701,100.139,117.01,117.00,0.1000,2328,668
S2,702,100.282,143.65,143.63,0.1000,1628,668
S2,703,100.402,119.19,119.19,0.1000,2328,668
S2,704,100.525,123.03,123.01,0.1000,2060,667
S2,705,100.669,144.47,144.48,0.1000,27476,667
S2,706,100.793,123.79,123.79,0.1000,2348,667
S2,707,100.912,118.68,118.71,0.1000,28124,666
S2,708,101.052,140.81,140.79,0.1000,1628,666
S2,709,101.168,116.08,116.09,0.1000,2328,666
S2,710,101.283,114.61,114.59,0.1000,2060,666
S2,711,101.416,133.22,133.22,0.1000,27476,666
S2,712,101.539,123.20,122.99,0.1000,2348,666
S2,713,101.655,115.39,115.59,0.1000,2328,666
S2,714,101.791,136.31,136.30,0.1000,1628,665
S2,715,101.912,120.50,120.49,0.1000,2328,665
S2,716,102.026,114.80,114.80,0.1000,2060,664
S2,717,102.165,138.99,138.99,0.1000,1680,664
S2,718,102.294,128.87,128.82,0.1000,2348,663
S2,719,102.424,129.44,129.47,0.1000,2328,663
S2,720,102.575,150.75,150.72,0.1000,1628,663
S2,721,102.710,135.08,135.10,0.1000,2328,663
S2,722,102.832,122.77,122.79,0.1000,27856,663
S2,723,102.997,164.62,164.61,0.1000,1680,663
S2,724,103.130,133.38,133.39,0.1000,2348,663
S2,725,103.271,140.70,140.70,0.1000,2328,663
S2,726,103.438,167.20,167.20,0.1000,1628,661
S2,727,103.576,138.10,137.90,0.1000,2328,661
S2,728,103.740,163.45,163.60,0.1000,1442,661
S2,729,103.934,194.47,194.49,0.1000,1680,660
S2,730,104.096,161.68,161.69,0.1000,2348,660
S2,731,104.273,177.18,177.20,0.1000,2328,659
S2,732,104.475,201.93,201.90,0.1000,1628,658
S2,733,104.640,164.88,164.81,0.1000,2328,656
S2,734,104.837,197.30,197.39,0.1000,1442,656
S2,735,105.042,204.50,204.50,0.1000,1680,655
S2,736,105.213,171.50,171.50,0.1000,2400,652
S2,737,105.420,206.62,206.61,0.1000,2276,652
S2,738,105.655,234.82,234.61,0.1000,1680,651
S2,739,105.826,171.67,171.89,0.1000,2328,651
S2,740,106.044,217.60,217.58,0.1000,2060,651
S2,741,106.308,263.92,263.91,0.1000,1680,649
S2,742,106.483,174.72,174.72,0.1000,2400,648
S2,743,106.702,219.40,219.40,0.1000,2276,648
S2,744,106.958,255.96,255.97,0.1000,1680,647
S2,745,107.148,190.05,190.02,0.1000,1710,646
S2,746,107.373,224.88,224.88,0.1000,2060,646
S2,747,107.608,234.79,234.80,0.1000,1680,645
S2,748,107.789,181.49,181.29,0.1000,2400,645
S2,749,108.007,217.60,217.79,0.1000,2276,645
S2,750,108.239,231.73,231.70,0.1000,1952,643
S2,751,108.422,183.56,183.60,0.1000,2328,642
S2,752,108.640,217.51,217.49,0.1000,1442,642
S2,753,108.856,216.42,216.41,0.1000,1680,641
S2,754,109.044,188.32,188.30,0.1000,2400,641
S2,755,109.275,231.05,231.07,0.1000,2276,641
S2,756,109.506,230.53,230.51,0.1000,1952,641
S2,757,109.698,191.69,191.70,0.1000,2328,640
S2,758,109.911,213.89,213.70,0.1000,2060,639
S2,759,110.133,221.42,221.59,0.1000,1952,638
S2,760,110.321,188.59,188.59,0.1000,2400,638
S2,761,110.542,220.25,220.21,0.1000,2276,638
S2,762,110.776,233.97,233.98,0.1000,1680,637
S2,763,110.959,183.11,183.12,0.1000,2328,634
S2,764,111.182,222.89,222.88,0.1000,2060,634
S2,765,111.405,223.19,223.20,0.1000,1680,633
S2,766,111.590,185.19,185.20,0.1000,2400,633
S2,767,111.820,230.00,229.99,0.1000,2276,632
S2,768,112.053,232.52,232.31,0.1000,1680,630
S2,769,112.237,184.29,184.50,0.1000,1982,630
S2,770,112.491,254.62,254.60,0.1000,2060,629
S2,771,112.746,254.81,254.81,0.1000,1062,629
S2,772,112.949,203.02,202.98,0.1000,1782,625
S2,773,113.237,287.26,287.28,0.1000,2328,625
S2,774,113.523,286.86,286.82,0.1000,1680,625
S2,775,113.744,220.88,220.89,0.1000,2328,621
S2,776,114.030,285.84,285.81,0.1000,2112,621
S2,777,114.312,282.16,282.08,0.1000,1680,618
S2,778,114.535,222.25,222.32,0.1000,2400,617
S2,779,114.857,322.10,322.10,0.1000,2328,616
S2,780,115.161,304.40,304.38,0.1000,1680,612
S2,781,115.409,247.69,247.69,0.1000,2328,611
S2,782,115.719,310.14,310.18,0.1000,2112,607
S2,783,116.024,305.32,305.31,0.1000,13900,602
S2,784,116.268,244.19,244.19,0.1000,2400,602
S2,785,116.597,328.13,327.91,0.1000,2328,601
S2,786,116.977,380.37,380.58,0.1000,24280,598
S2,787,117.273,296.28,296.22,0.1000,2328,596
S2,788,117.646,372.41,372.47,0.1000,2384,593
S2,789,117.976,330.00,330.01,0.1000,1680,590
S2,790,118.252,276.90,276.89,0.1000,2400,590
S2,791,118.613,360.26,360.10,0.1000,2328,585
S2,792,118.980,366.93,367.11,0.1000,1680,584
S2,793,119.272,292.61,292.61,0.1000,2328,580
S2,794,119.626,353.23,353.20,0.1000,2112,578
S2,795,120.264,637.99,637.99,0.1000,37428,574
S2,796,120.571,307.30,307.30,0.1000,1782,574
S2,797,120.937,365.90,365.69,0.1000,2328,570
S2,798,121.336,399.58,399.79,0.1000,1680,563
S2,799,121.643,306.50,306.50,0.1000,2328,562
S2,800,122.052,409.12,409.11,0.1000,2112,558
S2,801,122.403,350.90,350.90,0.1000,5002,552
S2,802,122.668,265.38,265.38,0.1000,2400,551
S2,803,122.986,317.79,317.61,0.1000,2328,550
S2,804,123.306,320.01,320.20,0.1000,1680,545
S2,805,123.569,262.78,262.76,0.1000,2328,542
S2,806,123.948,378.92,378.95,0.1000,2112,540
S2,807,124.318,370.81,370.80,0.1000,1680,537
S2,808,124.601,282.57,282.57,0.1000,2400,536
S2,809,124.995,393.89,393.71,0.1000,1710,534
S2,810,125.354,359.41,359.60,0.1000,1680,533
S2,811,125.667,312.22,312.20,0.1000,1982,532
S2,812,126.098,431.46,431.41,0.1000,6240,532
S2,813,126.457,359.22,359.28,0.1000,1680,528
S2,814,126.753,296.21,296.20,0.1000,2400,524
S2,815,127.157,403.19,403.00,0.1000,2328,517
S2,816,127.528,371.15,371.33,0.1000,1680,516
S2,817,127.851,323.60,323.57,0.1000,2328,516
S2,818,128.264,412.95,412.98,0.1000,2112,509
S2,819,128.603,338.64,338.62,0.1000,1680,506
S2,820,128.969,365.61,365.58,0.1000,2400,505
S2,821,129.388,419.68,419.42,0.1000,2328,500
S2,822,129.900,512.03,512.26,0.1000,1680,495
S2,823,130.274,374.20,374.22,0.1000,1710,492
S2,824,130.680,405.61,405.61,0.1000,2112,486
S2,825,131.081,400.38,400.39,0.1000,1062,481
S2,826,131.443,362.37,362.09,0.1000,2400,476
S2,827,131.783,340.50,340.79,0.1000,2328,470
S2,828,132.170,386.35,386.33,0.1000,1680,462
S2,829,132.520,350.45,350.47,0.1000,2328,456
S2,830,132.834,313.81,313.80,0.1000,2112,453
S2,831,133.202,368.15,368.11,0.1000,1680,445
S2,832,133.622,419.82,419.58,0.1000,2400,439
S2,833,133.967,344.67,344.92,0.1000,2328,424
S2,834,134.314,347.59,347.58,0.1000,1680,419
S2,835,134.646,332.01,332.00,0.1000,2328,416
S2,836,134.960,313.39,313.40,0.1000,2112,399
S2,837,135.288,328.37,328.39,0.1000,1680,387
S2,838,135.584,296.25,296.21,0.1000,2400,383
S2,839,135.880,295.88,295.68,0.1000,14760,364
S2,840,136.157,276.80,277.01,0.1000,3660,349
S2,841,136.418,261.26,261.22,0.1000,2982,341
S2,842,136.700,282.10,282.07,0.1000,3820,329
S2,843,136.971,271.08,271.10,0.1000,2952,321
S2,844,137.224,252.82,252.87,0.1000,3890,309
S2,845,137.468,243.79,243.79,0.1000,3818,296
S2,846,137.727,258.96,258.92,0.1000,3824,280
S2,847,137.994,266.81,266.59,0.1000,4036,270
S2,848,138.255,261.70,261.91,0.1000,3820,256
S2,849,138.507,251.69,251.67,0.1000,3170,247
S2,850,138.762,255.02,255.01,0.1000,3672,232
S2,851,139.031,268.94,268.98,0.1000,3382,218
S2,852,139.280,248.83,248.81,0.1000,2516,209
S2,853,139.519,239.51,239.50,0.1000,5344,189
S2,854,139.745,226.10,226.10,0.1000,4310,171
S2,855,139.975,229.22,229.18,0.1000,2516,167
S2,856,140.245,270.41,270.14,0.1000,4108,156
S2,857,140.474,228.98,229.27,0.1000,2764,139
S2,858,140.695,221.14,221.17,0.1000,3170,128
S2,859,140.917,221.30,221.31,0.1000,3872,121
S2,860,141.125,208.74,208.71,0.1000,3220,113
S2,861,141.323,197.55,197.58,0.1000,2516,107
S2,862,141.514,190.96,190.90,0.1000,3184,106
S2,863,141.677,162.93,163.00,0.1000,3712,102
S2,864,141.842,165.73,165.70,0.1000,3604,96
S2,865,142.038,195.11,195.10,0.1000,3382,91
S2,866,142.197,158.98,158.99,0.1000,4148,88
S2,867,142.383,186.23,185.97,0.1000,3332,84
S2,868,142.574,191.52,191.74,0.1000,2348,81
S2,869,142.731,156.79,156.79,0.1000,3766,79
S2,870,142.894,163.01,162.73,0.1000,3168,77
S2,871,143.062,168.19,168.46,0.1000,1710,73
S2,872,143.197,134.39,134.40,0.1000,3168,71
S2,873,143.365,167.87,167.85,0.1000,1062,65
S2,874,143.528,163.28,163.24,0.1000,3184,63
S2,875,143.648,120.37,120.39,0.1000,3168,60
S2,876,143.785,136.80,136.80,0.1000,1714,57
S2,877,143.913,128.13,128.17,0.1000,3600,52
S2,878,144.021,108.17,108.03,0.1000,3332,47
S2,879,144.130,108.38,108.39,0.1000,2952,43
S2,880,144.238,108.16,108.18,0.1000,2348,41
S2,881,144.326,87.89,87.98,0.0879,1896,40
S2,882,144.409,83.34,83.11,0.0833,3768,34
S2,883,144.503,94.38,94.58,0.0944,2276,33
S2,884,144.583,80.01,80.01,0.0800,1538,29
S2,885,144.660,76.86,76.88,0.0769,3914,23
S2,886,144.732,71.34,71.31,0.0713,2754,18
S2,887,144.806,74.00,74.00,0.0740,3236,15
S2,888,144.873,67.61,67.59,0.0676,1844,15
S2,889,144.936,62.83,62.88,0.0628,2104,14
S2,890,144.994,57.53,57.51,0.0575,2300,11
S2,891,145.061,67.24,67.22,0.0672,1628,10
S2,892,145.116,55.21,55.20,0.0552,3112,8
S2,893,145.174,58.21,58.19,0.0582,754,7
S2,894,145.233,59.19,59.20,0.0592,2372,6
S2,895,145.284,50.46,50.49,0.0505,1844,5
S2,896,145.340,56.24,56.20,0.0562,536,5
S2,897,145.389,49.37,49.38,0.0494,2636,5
S2,898,145.441,51.54,51.50,0.0515,1536,3
S2,899,145.488,46.44,46.48,0.0464,464,3
S2,900,145.538,50.62,50.61,0.0506,608,3
S2,901,145.584,45.64,45.67,0.0456,1300,2
S2,902,145.637,53.50,53.42,0.0535,2176,1
S2,903,145.682,45.06,45.09,0.0451,588,0
S2,904,145.727,44.32,44.31,0.0443,3108,1
S2,905,145.784,57.73,57.71,0.0577,186880,5
S2,906,145.830,45.13,45.16,0.0451,186880,11
S2,907,145.873,43.85,43.81,0.0439,186880,15
S2,908,145.918,44.53,44.58,0.0445,186932,20
S2,909,145.961,43.64,43.60,0.0436,186880,24
S2,910,146.002,40.77,40.80,0.0408,186880,28
S2,911,146.050,47.43,47.40,0.0474,464,32
S2,912,146.093,43.14,43.18,0.0431,1412,37
S2,913,146.131,38.25,38.21,0.0383,516,42
S2,914,146.168,37.27,37.29,0.0373,464,45
S2,915,146.206,37.30,37.30,0.0373,464,49
S2,916,146.242,36.65,36.61,0.0366,464,53
S2,917,146.275,33.04,33.07,0.0330,464,57
S2,918,146.309,33.26,33.13,0.0333,464,60
S2,919,146.351,41.91,42.00,0.0419,516,63
S2,920,146.387,36.63,36.67,0.0366,536,67
S2,921,146.427,39.76,39.52,0.0398,464,71
S2,922,146.466,38.91,39.11,0.0389,1340,75
S2,923,146.503,36.87,36.86,0.0369,536,79
S2,924,146.538,35.29,35.31,0.0353,464,83
S2,925,146.570,32.15,32.11,0.0321,516,86
S2,926,146.601,30.95,30.99,0.0309,464,89
S2,927,146.643,42.22,42.19,0.0422,464,92
S2,928,146.681,37.94,37.90,0.0379,464,97
S2,929,146.719,38.26,38.29,0.0383,536,100
S2,930,146.757,38.01,38.00,0.0380,464,104
S2,931,146.796,38.88,38.81,0.0389,1392,108
S2,932,146.832,35.85,35.92,0.0359,464,112
S2,933,146.864,32.03,31.99,0.0320,464,115
S2,934,146.895,31.19,31.25,0.0312,464,119
S2,935,146.937,41.62,41.53,0.0416,464,122
S2,936,146.975,38.30,38.36,0.0383,464,126
S2,937,147.014,38.41,38.40,0.0384,516,130
S2,938,147.051,36.94,36.92,0.0369,536,134
S2,939,147.089,38.46,38.47,0.0385,464,137
S2,940,147.126,36.77,36.80,0.0368,464,141
S2,941,147.161,34.62,34.60,0.0346,464,145
S2,942,147.193,32.18,32.20,0.0322,464,148
S2,943,147.237,43.93,43.90,0.0439,588,152
S2,944,147.278,41.00,41.00,0.0410,464,156
S2,945,147.320,42.53,42.50,0.0425,1340,160
S2,946,147.366,45.79,45.80,0.0458,464,164
S2,947,147.406,40.11,40.09,0.0401,536,169
S2,948,147.445,38.55,38.58,0.0386,516,173
S2,949,147.481,35.85,35.81,0.0358,464,177
S2,950,147.527,46.07,46.11,0.0461,464,180
S2,951,147.567,40.70,40.68,0.0407,464,185
S2,952,147.609,41.88,41.80,0.0419,536,189
S2,953,147.655,45.81,45.90,0.0458,1464,193
S2,954,147.699,43.91,43.90,0.0439,464,198
S2,955,147.740,41.50,41.49,0.0415,464,202
S2,956,147.782,42.08,42.10,0.0421,1340,206
S2,957,147.831,49.01,48.98,0.0490,464,211
S2,958,147.875,43.98,44.01,0.0440,516,215
S2,959,147.922,46.12,46.09,0.0461,536,220
S2,960,147.971,49.82,49.81,0.0498,536,224
S2,961,148.016,44.81,44.80,0.0448,1412,229
S2,962,148.061,44.66,44.67,0.0447,464,234
S2,963,148.101,40.10,40.11,0.0401,516,238
S2,964,148.152,50.91,50.91,0.0509,464,242
S2,965,148.197,45.37,45.39,0.0454,536,247
S2,966,148.247,50.02,50.00,0.0500,1340,252
S2,967,148.299,51.33,51.30,0.0513,464,257
S2,968,148.347,48.80,48.81,0.0488,516,262
S2,969,148.391,43.99,43.98,0.0440,536,267
S2,970,148.445,54.02,53.80,0.0540,1340,271
S2,971,148.492,46.84,47.09,0.0468,464,277
S2,972,148.542,49.63,49.60,0.0496,464,281
S2,973,148.596,54.10,54.08,0.0541,588,286
S2,974,148.650,53.68,53.71,0.0537,1412,292
S2,975,148.701,51.42,51.40,0.0514,464,297
S2,976,148.759,58.20,58.20,0.0582,464,302
S2,977,148.813,53.23,53.21,0.0532,660,308
S2,978,148.879,66.60,66.59,0.0666,464,314
S2,979,148.936,56.58,56.59,0.0566,1340,320
S2,980,148.994,57.92,57.90,0.0579,464,326
S2,981,149.058,63.95,63.97,0.0640,588,332
S2,982,149.119,61.87,61.83,0.0619,536,338
S2,983,149.191,71.70,71.69,0.0717,1340,344
S2,984,149.255,63.49,63.50,0.0635,536,351
S2,985,149.335,80.19,80.19,0.0802,1536,358
S2,986,149.400,65.67,65.68,0.0657,464,366
S2,987,149.475,74.45,74.42,0.0745,1340,372
S2,988,149.547,71.88,71.88,0.0719,1824,380
S2,989,149.618,71.67,71.69,0.0717,1340,387
S2,990,149.699,80.74,80.71,0.0807,464,394
S2,991,149.782,83.11,83.11,0.0831,1536,402
S2,992,149.868,85.52,85.57,0.0855,1556,411
S2,993,149.961,92.68,92.62,0.0927,1412,419
S2,994,150.051,90.28,90.29,0.0903,1464,428
S2,995,150.148,97.10,97.10,0.0971,1700,437
S2,996,150.259,111.10,111.08,0.1000,1484,447
S2,997,150.358,98.74,98.78,0.0987,1464,457
S2,998,150.479,120.94,120.63,0.1000,1484,467
S2,999,150.603,124.50,124.78,0.1000,2112,477
S2,1000,150.713,109.90,109.89,0.1000,536,487
S2,1001,150.836,123.09,123.09,0.1000,1752,497
S2,1002,150.971,134.35,134.31,0.1000,1916,507
S2,1003,151.085,114.43,114.41,0.1000,1608,517
S2,1004,151.220,134.84,134.77,0.1000,2132,527
S2,1005,151.362,142.09,142.20,0.1000,1968,537
S2,1006,151.483,121.19,121.19,0.1000,1700,547
S2,1007,151.628,145.10,145.11,0.1000,1724,557
S2,1008,151.771,142.34,142.31,0.1000,1844,567
S2,1009,151.901,130.17,130.19,0.1000,1680,577
S2,1010,152.047,146.60,146.59,0.1000,2276,587
S2,1011,152.197,149.97,149.98,0.1000,2112,597
S2,1012,152.327,129.84,129.82,0.1000,1988,607
S2,1013,152.477,149.61,149.59,0.1000,1608,617
S2,1014,152.630,153.04,152.80,0.1000,2132,627
S2,1015,152.773,142.97,143.19,0.1000,2112,637
S2,1016,152.926,153.40,153.39,0.1000,2060,647
S2,1017,153.092,165.94,165.98,0.1000,2256,657
S2,1018,153.246,153.63,153.62,0.1000,1700,667
S2,1019,153.418,172.31,172.30,0.1000,2112,677
S2,1020,153.605,186.63,186.60,0.1000,2132,686
S2,1021,153.760,155.73,155.70,0.1000,43848,696
S2,1022,153.931,170.68,170.70,0.1000,23584,700
S2,1023,154.121,190.28,190.30,0.1000,2184,700
S2,1024,154.278,156.36,156.33,0.1000,1916,700
S2,1025,154.456,177.85,177.86,0.1000,2040,700
S2,1026,154.641,185.03,184.80,0.1000,2204,700
S2,1027,154.805,164.69,164.90,0.1000,1608,700
S2,1028,154.993,188.23,188.20,0.1000,1628,700
S2,1029,155.199,205.75,205.78,0.1000,2904,700
S2,1030,155.366,167.15,167.19,0.1000,2040,700
S2,1031,155.562,195.86,195.81,0.1000,1988,700
S2,1032,155.777,214.47,214.48,0.1000,2256,699
S2,1033,155.950,173.61,173.60,0.1000,1608,699
S2,1034,156.153,203.01,203.00,0.1000,1628,699
S2,1035,156.378,224.19,224.20,0.1000,2760,699
S2,1036,156.566,188.19,188.20,0.1000,2184,699
S2,1037,156.776,210.72,210.49,0.1000,1916,699
S2,1038,156.994,217.99,218.21,0.1000,2328,699
S2,1039,157.187,192.88,192.89,0.1000,1608,699
S2,1040,157.400,213.04,213.01,0.1000,1628,699
S2,1041,157.607,206.39,206.40,0.1000,2760,699
S2,1042,157.795,188.01,188.01,0.1000,2184,698
S2,1043,158.022,227.41,227.40,0.1000,1916,698
S2,1044,158.221,198.38,198.39,0.1000,2328,698
S2,1045,158.403,182.21,182.18,0.1000,1556,698
S2,1046,158.626,223.58,223.59,0.1000,18096,698
S2,1047,158.831,204.83,204.62,0.1000,19176,698
S2,1048,159.035,203.41,203.58,0.1000,2184,696
S2,1049,159.269,234.85,234.89,0.1000,1968,696
S2,1050,159.472,202.06,202.08,0.1000,2328,696
S2,1051,159.670,198.71,198.71,0.1000,1608,696
S2,1052,159.887,216.42,216.40,0.1000,1628,696
S2,1053,160.085,198.40,198.41,0.1000,2760,696
S2,1054,160.281,195.70,195.68,0.1000,2132,695
S2,1055,160.495,214.22,214.20,0.1000,1968,695
S2,1056,160.699,203.55,203.60,0.1000,2328,695
S2,1057,160.897,198.17,197.99,0.1000,1608,695
S2,1058,161.120,223.67,223.81,0.1000,1628,695
S2,1059,161.325,204.30,204.28,0.1000,2760,693
S2,1060,161.529,204.62,204.60,0.1000,2184,693
S2,1061,161.740,211.00,211.00,0.1000,1968,693
S2,1062,161.936,195.71,195.77,0.1000,2328,692
S2,1063,162.144,208.46,208.44,0.1000,1556,692
S2,1064,162.353,208.39,208.39,0.1000,1062,691
S2,1065,162.549,195.91,195.89,0.1000,2760,691
S2,1066,162.744,194.96,194.97,0.1000,2132,691
S2,1067,162.951,207.44,207.21,0.1000,1350,690
S2,1068,163.140,188.83,189.09,0.1000,2328,689
S2,1069,163.327,187.11,187.02,0.1000,1556,689
S2,1070,163.533,205.55,205.58,0.1000,1680,689
S2,1071,163.710,177.09,177.10,0.1000,2760,688
S2,1072,163.887,177.53,177.50,0.1000,2132,686
S2,1073,164.081,193.67,193.69,0.1000,1968,686
S2,1074,164.254,172.58,172.58,0.1000,2276,686
S2,1075,164.425,171.29,171.30,0.1000,1608,686
S2,1076,164.600,174.73,174.70,0.1000,1628,686
S2,1077,164.770,170.10,170.11,0.1000,2142,686
S2,1078,164.933,163.79,163.80,0.1000,2132,686
S2,1079,165.105,171.95,171.70,0.1000,1968,686
S2,1080,165.274,168.88,169.09,0.1000,2276,686
S2,1081,165.432,157.74,157.78,0.1000,1608,686
S2,1082,165.603,170.95,170.91,0.1000,1628,686
S2,1083,165.769,165.71,165.70,0.1000,2760,686
S2,1084,165.926,157.00,157.01,0.1000,1514,686
S2,1085,166.091,164.77,164.78,0.1000,1968,685
S2,1086,166.250,159.04,159.00,0.1000,1658,685
S2,1087,166.405,155.74,155.77,0.1000,1608,685
S2,1088,166.573,168.04,168.03,0.1000,1010,685
S2,1089,166.725,151.72,151.70,0.1000,2760,685
S2,1090,166.875,150.23,150.27,0.1000,2132,684
S2,1091,167.033,158.18,158.12,0.1000,1968,684
S2,1092,167.177,143.76,143.59,0.1000,2276,684
S2,1093,167.322,145.29,145.49,0.1000,990,684
S2,1094,167.475,152.82,152.80,0.1000,1554,684
S2,1095,167.621,145.46,145.49,0.1000,3032,684
S2,1096,167.764,142.85,142.70,0.1000,2132,684
S2,1097,167.915,151.69,151.81,0.1000,1968,684
S2,1098,168.063,147.28,147.28,0.1000,2276,684
S2,1099,168.207,144.81,144.81,0.1000,1608,684
S2,1100,168.368,160.27,160.28,0.1000,1628,684
S2,1101,168.512,144.42,144.41,0.1000,2760,683
S2,1102,168.666,153.60,153.59,0.1000,2132,683
S2,1103,168.828,162.10,162.10,0.1000,1350,683
S2,1104,168.979,150.80,150.79,0.1000,2276,683
S2,1105,169.134,155.39,155.39,0.1000,1608,683
S2,1106,169.299,165.22,164.92,0.1000,1628,683
S2,1107,169.455,156.21,156.49,0.1000,2760,683
S2,1108,169.617,161.80,161.78,0.1000,2132,683
S2,1109,169.776,158.31,158.31,0.1000,1968,683
S2,1110,169.930,154.30,154.30,0.1000,2276,683
S2,1111,170.091,160.89,160.89,0.1000,1608,683
S2,1112,170.246,155.71,155.70,0.1000,1628,683
S2,1113,170.400,153.28,153.30,0.1000,3304,683
S2,1114,170.553,153.01,153.00,0.1000,2404,682
S2,1115,170.707,154.71,154.72,0.1000,1968,681
S2,1116,170.855,147.55,147.57,0.1000,2276,681
S2,1117,171.006,150.63,150.60,0.1000,1608,681
S2,1118,171.156,150.52,150.49,0.1000,1628,681
S2,1119,171.303,147.25,147.10,0.1000,2760,681
S2,1120,171.451,147.34,147.51,0.1000,2132,681
S2,1121,171.599,148.31,148.30,0.1000,1968,681
S2,1122,171.748,149.40,149.39,0.1000,2276,681
S2,1123,171.895,147.05,147.07,0.1000,990,679
S2,1124,172.045,149.63,149.61,0.1000,1628,679
S2,1125,172.192,146.79,146.79,0.1000,2760,678
S2,1126,172.339,147.28,147.28,0.1000,2132,677
S2,1127,172.490,150.58,150.54,0.1000,1968,677
S2,1128,172.652,162.46,162.50,0.1000,2276,675
S2,1129,172.804,151.99,151.98,0.1000,1608,675
S2,1130,172.963,159.02,159.00,0.1000,1628,675
S2,1131,173.119,155.29,155.29,0.1000,2760,673
S2,1132,173.274,155.00,155.01,0.1000,2132,672
S2,1133,173.441,167.43,167.18,0.1000,1968,672
S2,1134,173.619,177.94,178.20,0.1000,2276,672
S2,1135,173.782,162.69,162.69,0.1000,1608,672
S2,1136,173.973,191.72,191.71,0.1000,1628,672
S2,1137,174.150,177.10,177.10,0.1000,2760,671
S2,1138,174.330,179.19,179.18,0.1000,2132,671
S2,1139,174.536,206.44,206.41,0.1000,1968,671
S2,1140,174.737,200.53,200.51,0.1000,1710,670
S2,1141,174.923,186.64,186.67,0.1000,990,669
S2,1142,175.157,233.72,233.70,0.1000,1010,669
S2,1143,175.349,192.47,192.46,0.1000,2760,669
S2,1144,175.532,183.01,182.81,0.1000,2132,666
S2,1145,175.755,222.69,222.89,0.1000,1968,666
S2,1146,175.965,210.28,210.22,0.1000,2328,666
S2,1147,176.171,205.97,205.99,0.1000,990,662
S2,1148,176.427,255.58,255.60,0.1000,1062,661
S2,1149,176.648,220.69,220.68,0.1000,2760,660
S2,1150,176.859,210.90,210.89,0.1000,2184,659
S2,1151,177.130,271.42,271.40,0.1000,1968,659
S2,1152,177.357,227.01,227.01,0.1000,1710,659
S2,1153,177.568,211.03,210.79,0.1000,990,659
S2,1154,177.844,275.56,275.80,0.1000,1680,659
S2,1155,178.088,244.79,244.79,0.1000,2760,658
S2,1156,178.305,216.79,216.80,0.1000,2184,658
S2,1157,178.583,277.82,277.78,0.1000,1968,657
S2,1158,178.847,264.10,264.12,0.1000,2328,655
S2,1159,179.060,212.51,212.50,0.1000,1608,654
S2,1160,179.335,275.12,275.09,0.1000,1680,653
S2,1161,179.601,266.31,266.10,0.1000,2760,652
S2,1162,179.815,213.74,213.99,0.1000,2184,652
S2,1163,180.079,264.29,264.28,0.1000,2240,652
S2,1164,180.329,249.84,249.81,0.1000,2328,651
S2,1165,180.542,212.84,212.81,0.1000,1608,650
S2,1166,180.806,264.78,264.80,0.1000,1680,650
S2,1167,181.072,265.98,265.97,0.1000,2142,649
S2,1168,181.290,217.26,217.21,0.1000,1566,648
S2,1169,181.568,278.59,278.66,0.1000,27764,648
S2,1170,181.827,259.07,258.83,0.1000,1710,643
S2,1171,182.049,221.88,222.09,0.1000,1608,643
S2,1172,182.324,274.58,274.59,0.1000,1680,643
S2,1173,182.596,271.73,271.70,0.1000,2760,643
S2,1174,182.822,226.31,226.29,0.1000,2184,643
S2,1175,183.131,309.44,309.47,0.1000,1968,642
S2,1176,183.409,277.37,277.33,0.1000,2328,640
S2,1177,183.641,232.39,232.40,0.1000,1608,639
S2,1178,183.947,305.62,305.37,0.1000,1680,638
S2,1179,184.218,271.66,271.91,0.1000,2760,636
S2,1180,184.456,237.21,237.20,0.1000,2184,635
S2,1181,184.750,294.63,294.59,0.1000,1968,635
S2,1182,185.016,266.15,266.19,0.1000,2328,633
S2,1183,185.246,229.30,229.30,0.1000,1608,632
S2,1184,185.595,349.43,349.41,0.1000,1680,631
S2,1185,185.888,293.01,292.99,0.1000,2142,629
S2,1186,186.160,272.35,272.18,0.1000,2184,629
S2,1187,186.510,350.02,350.20,0.1000,34864,628
S2,1188,186.796,286.02,286.00,0.1000,2328,625
S2,1189,187.070,274.07,274.10,0.1000,1608,625
S2,1190,187.409,338.74,338.71,0.1000,1680,623
S2,1191,187.722,312.28,312.30,0.1000,2760,623
S2,1192,188.011,289.22,289.22,0.1000,2184,623
S2,1193,188.350,339.66,339.37,0.1000,1968,620
S2,1194,188.685,334.62,334.82,0.1000,2328,618
S2,1195,188.983,298.28,298.38,0.1000,1608,617
S2,1196,189.344,360.32,360.30,0.1000,1680,616
S2,1197,189.699,354.93,354.90,0.1000,3032,614
S2,1198,190.025,326.51,326.51,0.1000,2184,612
S2,1199,190.439,414.21,413.99,0.1000,1968,611
S2,1200,190.852,413.09,413.33,0.1000,2328,605
S2,1201,191.202,349.85,349.86,0.1000,1608,601
S2,1202,191.616,414.13,414.10,0.1000,1680,597
S2,1203,192.078,461.71,461.69,0.1000,2760,592
S2,1204,192.425,347.33,347.30,0.1000,2184,588
S2,1205,192.888,462.36,462.10,0.1000,1968,582
S2,1206,193.336,448.10,448.38,0.1000,2328,580
S2,1207,193.709,373.39,373.40,0.1000,1608,580
S2,1208,194.191,481.64,481.62,0.1000,1680,578
S2,1209,194.673,482.25,482.18,0.1000,2760,578
S2,1210,195.067,393.46,393.29,0.1000,2184,576
S2,1211,195.540,473.65,473.88,0.1000,1968,574
S2,1212,196.006,466.15,466.12,0.1000,1710,571
S2,1213,196.363,356.61,356.59,0.1000,1608,569
S2,1214,196.837,474.25,474.31,0.1000,1680,566
S2,1215,197.296,458.59,458.41,0.1000,2760,565
S2,1216,197.620,323.83,323.96,0.1000,2184,564
S2,1217,198.014,394.76,394.78,0.1000,1968,563
S2,1218,198.411,396.45,396.42,0.1000,2328,557
S2,1219,198.743,332.04,332.08,0.1000,990,556
S2,1220,199.123,380.11,380.10,0.1000,1680,552
S2,1221,199.509,385.96,385.69,0.1000,2760,545
S2,1222,199.807,297.98,298.22,0.1000,1566,544
S2,1223,200.187,379.96,379.98,0.1000,1968,543
S2,1224,200.552,364.70,364.71,0.1000,2328,542
S2,1225,200.853,301.50,301.49,0.1000,1608,540
S2,1226,201.214,361.33,361.30,0.1000,1680,539
S2,1227,201.569,355.09,354.81,0.1000,2760,536
S2,1228,201.901,332.00,332.27,0.1000,2184,529
S2,1229,202.262,360.42,360.42,0.1000,1968,528
S2,1230,202.676,414.60,414.58,0.1000,2328,524
S2,1231,202.960,283.87,283.89,0.1000,1608,522
S2,1232,203.304,344.10,344.11,0.1000,1680,518
S2,1233,203.695,390.54,390.30,0.1000,3032,516
S2,1234,203.990,295.29,295.51,0.1000,2456,514
S2,1235,204.331,340.89,340.88,0.1000,18416,509
S2,1236,204.719,387.55,387.52,0.1000,2600,506
S2,1237,205.028,309.33,309.37,0.1000,1608,496
S2,1238,205.387,359.00,359.00,0.1000,1680,493
S2,1239,205.826,438.61,438.40,0.1000,2760,486
S2,1240,206.119,293.10,293.28,0.1000,2184,475
S2,1241,206.435,315.80,315.81,0.1000,1968,468
S2,1242,206.806,371.61,371.59,0.1000,2328,463
S2,1243,207.088,281.81,281.82,0.1000,1608,457
S2,1244,207.387,299.07,299.09,0.1000,1680,449
S2,1245,207.743,356.26,356.28,0.1000,2142,442
S2,1246,208.005,261.79,261.52,0.1000,14316,440
S2,1247,208.309,304.27,304.49,0.1000,30548,433
S2,1248,208.636,326.58,326.60,0.1000,2328,430
S2,1249,208.875,239.39,239.38,0.1000,1608,424
S2,1250,209.146,270.39,270.39,0.1000,14466,415
S2,1251,209.456,310.26,310.21,0.1000,4250,408
S2,1252,209.703,246.57,246.59,0.1000,4110,398
S2,1253,209.956,253.39,253.38,0.1000,3294,383
S2,1254,210.249,292.82,292.51,0.1000,5126,363
S2,1255,210.480,230.78,231.10,0.1000,3316,352
S2,1256,210.727,247.71,247.68,0.1000,3170,341
S2,1257,211.010,282.75,282.70,0.1000,4250,334
S2,1258,211.233,222.96,222.99,0.1000,3674,324
S2,1259,211.466,233.06,233.08,0.1000,3276,309
S2,1260,211.739,272.68,272.68,0.1000,3418,299
S2,1261,211.970,231.75,231.72,0.1000,3534,288
S2,1262,212.204,233.63,233.61,0.1000,3170,275
S2,1263,212.476,271.58,271.39,0.1000,4250,266
S2,1264,212.693,216.93,217.09,0.1000,3892,250
S2,1265,212.903,210.38,210.39,0.1000,3240,239
S2,1266,213.154,251.35,251.38,0.1000,3818,234
S2,1267,213.359,204.25,204.22,0.1000,2698,220
S2,1268,213.561,202.74,202.77,0.1000,2552,213
S2,1269,213.803,241.45,241.42,0.1000,3596,211
S2,1270,214.006,202.82,202.79,0.1000,2438,201
S2,1271,214.206,200.28,200.30,0.1000,1968,198
S2,1272,214.428,222.22,222.19,0.1000,3600,191
S2,1273,214.623,194.63,194.39,0.1000,2444,185
S2,1274,214.814,191.40,191.68,0.1000,2500,177
S2,1275,215.029,215.03,215.00,0.1000,3814,171
S2,1276,215.226,197.23,197.20,0.1000,3238,164
S2,1277,215.422,195.50,195.49,0.1000,3188,158
S2,1278,215.635,212.68,212.69,0.1000,2328,153
S2,1279,215.825,190.13,190.11,0.1000,2444,142
S2,1280,216.013,187.96,187.98,0.1000,2464,137
S2,1281,216.221,208.45,208.41,0.1000,3686,130
S2,1282,216.400,178.55,178.59,0.1000,3238,120
S2,1283,216.568,168.22,168.20,0.1000,1916,119
S2,1284,216.764,195.69,195.50,0.1000,2328,116
S2,1285,216.935,171.56,171.78,0.1000,1556,111
S2,1286,217.095,160.35,160.32,0.1000,2516,106
S2,1287,217.277,181.42,181.39,0.1000,3544,102
S2,1288,217.417,140.46,140.48,0.1000,2402,97
S2,1289,217.542,124.36,124.38,0.1000,2970,93
S2,1290,217.690,148.38,148.24,0.1000,3600,87
S2,1291,217.811,120.98,121.08,0.1000,2610,81
S2,1292,217.913,102.37,102.39,0.1000,3170,77
S2,1293,218.045,131.70,131.68,0.1000,4198,69
S2,1294,218.145,100.33,100.33,0.1000,3238,64
S2,1295,218.233,87.40,87.39,0.0874,2970,62
S2,1296,218.337,103.94,103.96,0.1000,2494,60
S2,1297,218.429,92.18,92.19,0.0922,2316,54
S2,1298,218.505,75.85,75.82,0.0758,2104,51
S2,1299,218.596,90.70,90.70,0.0907,1628,48
S2,1300,218.677,81.40,81.40,0.0814,2760,46
S2,1301,218.750,72.91,72.89,0.0729,2132,45
S2,1302,218.816,65.67,65.41,0.0657,2188,44
S2,1303,218.898,82.35,82.58,0.0824,2328,42
S2,1304,218.975,77.10,77.10,0.0771,1556,39
S2,1305,219.047,71.81,71.79,0.0718,1268,38
S2,1306,219.108,60.94,60.98,0.0609,2156,37
S2,1307,219.177,69.04,69.00,0.0690,1556,36
S2,1308,219.244,67.56,67.59,0.0676,2780,30
S2,1309,219.304,60.01,60.01,0.0600,2948,27
S2,1310,219.364,59.24,59.20,0.0592,1320,27
S2,1311,219.423,59.59,59.60,0.0596,1700,26
S2,1312,219.482,59.23,59.20,0.0592,2420,25
S2,1313,219.538,55.49,55.51,0.0555,1628,25
S2,1314,219.591,53.58,53.58,0.0536,1320,22
S2,1315,219.649,57.29,57.29,0.0573,1268,21
S2,1316,219.724,75.80,75.81,0.0758,1268,21
S2,1317,219.800,75.67,75.68,0.0757,1556,20
S2,1318,219.868,68.17,68.13,0.0682,2040,18
S2,1319,219.940,71.98,71.97,0.0720,2276,17
S2,1320,220.032,91.82,91.81,0.0918,1916,15
S2,1321,220.117,84.50,84.51,0.0845,2472,13
S2,1322,220.190,73.47,73.48,0.0735,2060,13
S2,1323,220.295,104.90,104.90,0.1000,1268,13
S2,1324,220.388,93.37,93.39,0.0934,1320,11
S2,1325,220.467,78.75,78.72,0.0788,1556,7
S2,1326,220.557,90.32,90.29,0.0903,1772,5
S2,1327,220.670,112.25,112.29,0.1000,2112,1
S2,1328,220.756,86.44,86.41,0.0864,536,1
S2,1329,220.825,68.58,68.38,0.0686,464,1
S2,1330,220.913,87.90,88.11,0.0879,516,1
S2,1331,220.983,70.46,70.47,0.0705,1340,1
S2,1332,221.047,63.93,63.91,0.0639,464,1
S2,1333,221.097,49.79,49.80,0.0498,588,1
S2,1334,221.164,67.14,67.11,0.0671,464,1
S2,1335,221.221,57.32,57.37,0.0573,608,1
S2,1336,221.277,55.26,55.22,0.0553,464,1
S2,1337,221.326,49.78,49.79,0.0498,1464,1
S2,1338,221.370,43.43,43.39,0.0434,464,1
S2,1339,221.408,38.23,38.30,0.0382,464,1
S2,1340,221.462,53.72,53.68,0.0537,464,1
S2,1341,221.506,44.72,44.69,0.0447,536,1
S2,1342,221.553,46.27,46.30,0.0463,1392,1
S2,1343,221.592,39.66,39.62,0.0397,464,1
S2,1344,221.627,35.10,35.10,0.0351,536,1
S2,1345,221.659,31.10,31.09,0.0311,464,1
S2,1346,221.689,30.76,30.78,0.0308,464,1
S2,1347,221.720,30.90,30.90,0.0309,464,1
S2,1348,221.757,36.42,36.40,0.0364,516,1
S2,1349,221.790,33.48,33.49,0.0335,1340,1
S2,1350,221.827,36.45,36.40,0.0364,464,1
S2,1351,221.861,34.47,34.49,0.0345,536,1
S2,1352,221.887,26.31,26.29,0.0263,464,1
S2,1353,221.913,25.87,25.90,0.0259,464,1
S2,1354,221.938,24.36,24.36,0.0244,464,1
S2,1355,221.961,23.74,23.72,0.0237,516,1
S2,1356,221.985,23.81,23.80,0.0238,464,1
S2,1357,222.011,25.62,25.60,0.0256,464,1
S2,1358,222.040,28.80,28.79,0.0288,464,1
S2,1359,222.069,29.85,29.80,0.0298,464,1
S2,1360,222.099,29.72,29.77,0.0297,536,1
S2,1361,222.130,31.22,31.19,0.0312,464,1
S2,1362,222.158,27.73,27.70,0.0277,1340,1
S2,1363,222.181,23.09,23.09,0.0231,516,1
S2,1364,222.205,23.67,23.69,0.0237,464,1
S2,1365,222.227,22.00,22.00,0.0220,464,1
S2,1366,222.248,21.40,21.37,0.0214,464,1
S2,1367,222.268,19.99,20.01,0.0200,464,1
S2,1368,222.290,22.30,22.29,0.0223,464,1
S2,1369,222.314,23.41,23.40,0.0234,464,1
S2,1370,222.339,25.49,25.49,0.0255,464,1
S2,1371,222.365,25.29,25.30,0.0253,464,1
S2,1372,222.390,25.72,25.71,0.0257,516,1
S2,1373,222.417,26.82,26.80,0.0268,608,1
S2,1374,222.442,24.73,24.78,0.0247,1412,1
S2,1375,222.464,21.90,21.90,0.0219,1484,1
S2,1376,222.485,21.63,21.61,0.0216,536,1
S2,1377,222.506,20.28,20.29,0.0203,464,1
S2,1378,222.525,19.67,19.68,0.0197,464,1
S2,1379,222.544,18.95,18.92,0.0189,464,1
S2,1380,222.564,19.57,19.59,0.0196,1340,1
S2,1381,222.583,19.20,19.20,0.0192,464,1
S2,1382,222.604,20.41,20.39,0.0204,516,1
S2,1383,222.626,22.17,22.18,0.0222,464,1
S2,1384,222.648,21.97,21.91,0.0220,464,1
S2,1385,222.670,22.28,22.30,0.0223,464,1
S2,1386,222.694,24.34,24.39,0.0243,1300,0
S3,0,0.000,83.64,83.61,0.4182,603998,10
S3,1,0.132,132.20,132.18,0.5000,3009686,52
S3,2,0.397,264.52,264.50,0.5000,5802246,102
S3,3,0.696,298.81,298.81,0.5000,5749938,152
S3,4,1.015,319.09,319.09,0.5000,5733114,202
S3,5,1.394,379.61,379.60,0.5000,5673437,252
S3,6,1.770,375.63,375.40,0.5000,5650378,302
S3,7,2.355,585.25,585.49,0.5000,6066113,351
S3,8,5.024,1150.67,1150.88,0.5000,6269100,449
S3,9,6.405,1380.88,1380.63,0.5000,6481706,498
S3,10,7.743,1337.48,1337.67,0.5000,6179338,547
S3,11,9.055,1312.48,1312.30,0.5000,5879246,596
S3,12,9.989,934.38,934.59,0.5000,5462113,645
S3,13,11.317,1327.52,1327.30,0.5000,3388373,671
S3,14,13.343,2026.17,2026.11,0.5000,1255732,670
S3,15,15.481,2137.96,2138.00,0.5000,1107618,669
S3,16,17.751,2269.59,2269.58,0.5000,1190098,667
S3,17,19.363,1611.81,1612.01,0.5000,635757,665
S3,18,20.581,1218.38,1218.17,0.5000,437235,663
S3,19,21.150,568.95,569.11,0.5000,310068,663
S3,20,21.781,631.11,631.17,0.5000,311788,662
S3,21,22.463,681.80,681.80,0.5000,224336,661
S3,22,23.127,663.99,663.73,0.5000,287692,656
S3,23,23.697,569.76,569.99,0.5000,201296,655
S3,24,24.225,528.35,525.37,0.5000,123306,654
S3,25,24.649,424.19,424.13,0.5000,111896,654
S3,26,25.166,516.49,516.29,0.5000,190438,652
S3,27,25.740,573.98,574.20,0.5000,290596,651
S3,28,26.246,506.54,506.49,0.5000,207532,650
S3,29,26.769,522.78,522.81,0.5000,203950,648
S3,30,27.343,573.99,573.79,0.5000,218256,646
S3,31,27.942,598.79,599.00,0.5000,227862,644
S3,32,28.607,665.12,668.11,0.5000,302920,642
S3,33,29.224,617.49,617.49,0.5000,206352,639
S3,34,29.792,567.87,567.68,0.5000,186450,639
S3,35,30.440,648.12,648.29,0.5000,213318,633
S3,36,31.046,605.13,605.12,0.5000,153474,629
S3,37,31.745,699.33,699.30,0.5000,202652,623
S3,38,32.525,780.01,779.78,0.5000,124858,612
S3,39,34.138,1613.41,1613.69,0.5000,301924,598
S3,40,35.422,1283.24,1283.02,0.5000,242558,587
S3,41,38.149,2727.72,2727.76,0.5000,727994,578
S3,42,40.716,2566.34,2566.31,0.5000,625417,569
S3,43,42.736,2020.59,2020.52,0.5000,423803,560
S3,44,44.458,1722.14,1722.37,0.5000,274391,548
S3,45,46.964,2506.03,2505.80,0.5000,473167,540
S3,46,49.308,2343.82,2343.89,0.5000,384822,528
S3,47,52.554,3245.89,3245.80,0.5000,534328,520
S3,48,57.548,4994.18,4994.21,0.5000,1101757,510
S3,49,63.381,5832.49,5832.47,0.5000,848221,498
S3,50,70.926,7545.53,7545.23,0.5000,1293912,474
S3,51,79.648,8721.91,8722.19,0.5000,1131456,451
S3,52,85.047,5398.50,5398.21,0.5000,523751,433
S3,53,88.399,3352.29,3352.39,0.5000,288002,414
S3,54,90.778,2378.69,2378.79,0.5000,112067,396
S3,55,92.603,1825.49,1825.80,0.5000,44832,369
S3,56,94.540,1936.51,1936.29,0.5000,67472,340
S3,57,96.389,1849.44,1849.68,0.5000,34438,303
S3,58,98.166,1777.40,1777.21,0.5000,43292,265
S3,59,99.376,1209.96,1210.10,0.5000,16704,238
S3,60,100.447,1070.27,1070.11,0.5000,12314,190
S3,61,101.399,952.24,952.40,0.5000,4118,169
S3,62,102.089,690.47,690.49,0.5000,26406,139
S3,63,102.790,701.07,700.87,0.5000,4336,115
S3,64,103.514,723.70,723.90,0.5000,3682,92
S3,65,104.067,553.09,553.08,0.5000,69250,74
S3,66,104.709,642.20,642.22,0.5000,3028,63
S3,67,105.255,545.32,545.11,0.5000,1974,53
S3,68,105.689,434.56,434.78,0.5000,3028,47
S3,69,106.016,327.11,327.09,0.5000,2374,42
S3,70,106.231,214.98,215.00,0.5000,133260,41
S3,71,106.407,175.39,175.40,0.5000,1320,41
S3,72,106.545,138.56,138.52,0.5000,1268,41
S3,73,106.695,149.80,149.79,0.5000,1320,41
S3,74,106.879,183.65,183.68,0.5000,1268,41
S3,75,107.127,248.28,248.21,0.5000,1320,41
S3,76,107.423,295.75,295.58,0.5000,1320,41
S3,77,107.755,332.73,332.90,0.5000,1320,41
S3,78,108.143,387.07,387.09,0.5000,1320,41
S3,79,108.603,460.79,460.78,0.5000,1320,41
S3,80,109.121,518.03,518.03,0.5000,1320,40
S3,81,109.703,581.52,581.29,0.5000,1320,40
S3,82,110.352,649.19,649.40,0.5000,1320,39
S3,83,111.027,675.38,675.37,0.5000,1320,38
S3,84,111.702,674.44,674.43,0.5000,1320,34
S3,85,112.308,605.65,605.48,0.5000,1320,33
S3,86,112.901,593.46,593.60,0.5000,1320,27
S3,87,113.379,477.90,477.90,0.5000,1320,25
S3,88,113.754,374.66,374.66,0.5000,1320,21
S3,89,114.032,278.51,278.52,0.5000,1320,18
S3,90,114.281,248.32,248.30,0.5000,1320,16
S3,91,114.480,199.87,199.69,0.5000,1320,15
S3,92,114.625,145.07,145.27,0.5000,1268,12
S3,93,114.756,130.22,130.22,0.5000,1320,10
S3,94,114.866,110.49,110.49,0.5000,66836,8
S3,95,114.968,101.46,101.47,0.5000,1320,3
S3,96,115.049,81.64,81.62,0.4082,650,2
S3,97,115.123,74.14,74.10,0.3707,1268,0
S3,98,115.160,36.43,36.48,0.1822,3160,1
S3,99,115.199,39.34,39.29,0.1967,189764,19
S3,100,115.239,39.97,40.00,0.1999,186880,38
S3,101,115.272,32.66,32.67,0.1633,186880,58
S3,102,115.310,38.85,38.82,0.1943,187684,75
S3,103,115.353,42.13,42.11,0.2107,186880,94
S3,104,115.391,37.96,37.97,0.1898,93724,115
S3,105,115.435,44.22,44.19,0.2211,1268,134
S3,106,115.484,49.16,49.19,0.2458,464,156
S3,107,115.539,54.73,54.71,0.2737,464,181
S3,108,115.588,49.16,49.18,0.2458,1268,208
S3,109,115.645,57.26,57.21,0.2863,1320,233
S3,110,115.711,66.07,66.09,0.3304,1268,261
S3,111,115.787,75.53,75.51,0.3777,1268,294
S3,112,115.891,104.30,104.29,0.5000,1268,332
S3,113,116.015,123.99,123.99,0.5000,1320,382
S3,114,116.177,161.83,161.80,0.5000,650,432
S3,115,116.422,245.13,245.18,0.5000,1320,481
S3,116,116.698,275.64,275.39,0.5000,1320,530
S3,117,117.047,349.83,350.02,0.5000,1364,579
S3,118,117.421,373.41,373.39,0.5000,1320,628
S3,119,117.831,410.16,410.18,0.5000,33000,678
S3,120,118.319,488.34,488.32,0.5000,38324,684
S3,121,118.858,539.13,538.98,0.5000,702,683
S3,122,119.469,610.33,610.49,0.5000,1320,683
S3,123,120.132,663.48,663.51,0.5000,1320,678
S3,124,120.739,606.86,606.81,0.5000,702,677
S3,125,121.390,650.75,650.49,0.5000,17736,674
S3,126,122.044,653.91,654.19,0.5000,1320,673
S3,127,122.708,663.73,663.69,0.5000,1320,673
S3,128,123.346,638.37,638.34,0.5000,1320,671
S3,129,123.938,591.91,591.67,0.5000,1320,670
S3,130,124.529,591.21,591.48,0.5000,702,667
S3,131,125.058,528.32,528.31,0.5000,1320,663
S3,132,125.553,495.45,495.46,0.5000,1320,658
S3,133,125.973,419.97,419.72,0.5000,1320,658
S3,134,126.353,379.70,379.89,0.5000,1320,657
S3,135,126.730,377.31,377.31,0.5000,1320,657
S3,136,127.129,398.91,398.89,0.5000,1320,654
S3,137,127.522,393.04,393.07,0.5000,1320,652
S3,138,127.944,422.23,422.22,0.5000,1320,650
S3,139,128.353,408.60,408.40,0.5000,1320,649
S3,140,128.724,371.03,371.27,0.5000,1320,646
S3,141,129.140,416.18,416.12,0.5000,1320,643
S3,142,129.593,452.98,452.99,0.5000,1320,642
S3,143,130.114,520.40,520.39,0.5000,1320,633
S3,144,130.790,676.23,676.00,0.5000,1320,629
S3,145,131.638,848.32,848.56,0.5000,1320,619
S3,146,132.442,804.10,804.10,0.5000,1320,609
S3,147,133.396,953.48,953.22,0.5000,1320,601
S3,148,134.392,995.96,996.20,0.5000,9544,590
S3,149,135.390,998.94,998.95,0.5000,1320,581
S3,150,136.398,1007.90,1007.71,0.5000,1320,574
S3,151,137.423,1024.66,1024.82,0.5000,1320,563
S3,152,138.439,1016.40,1016.19,0.5000,1320,552
S3,153,139.470,1030.37,1030.58,0.5000,1320,533
S3,154,140.753,1283.20,1283.01,0.5000,1320,514
S3,155,142.170,1417.10,1417.29,0.5000,30648,495
S3,156,143.811,1640.73,1640.51,0.5000,1320,471
S3,157,145.769,1957.92,1958.17,0.5000,1320,458
S3,158,147.798,2029.36,2029.11,0.5000,1320,434
S3,159,149.688,1889.86,1890.00,0.5000,1320,421
S3,160,151.572,1883.82,1883.60,0.5000,1320,404
S3,161,153.520,1948.73,1948.98,0.5000,6245,382
S3,162,156.769,3248.25,3248.10,0.5000,183545,366
S3,163,158.549,1780.36,1780.51,0.5000,1320,344
S3,164,160.489,1940.27,1940.09,0.5000,1320,318
S3,165,161.922,1432.95,1433.11,0.5000,2374,294
S3,166,163.095,1172.42,1172.20,0.5000,5644,237
S3,167,164.451,1356.04,1356.29,0.5000,5026,194
S3,168,165.576,1125.28,1125.00,0.5000,5244,150
S3,169,166.481,905.17,905.39,0.5000,3282,112
S3,170,167.385,903.83,903.79,0.5000,3900,87
S3,171,168.156,771.63,771.48,0.5000,3028,71
S3,172,168.722,565.63,565.81,0.5000,3464,61
S3,173,169.265,542.98,542.99,0.5000,3464,53
S3,174,169.617,351.92,351.90,0.5000,2810,49
S3,175,169.887,269.61,269.60,0.5000,3282,40
S3,176,170.095,208.62,208.60,0.5000,2810,36
S3,177,170.251,156.14,155.97,0.5000,2810,32
S3,178,170.400,148.23,148.42,0.5000,1268,31
S3,179,170.545,145.42,145.40,0.5000,1320,31
S3,180,170.675,129.69,129.69,0.5000,1268,31
S3,181,170.823,147.92,147.97,0.5000,702,31
S3,182,170.988,165.23,165.13,0.5000,650,31
S3,183,171.183,194.96,194.99,0.5000,1320,31
S3,184,171.433,249.80,249.79,0.5000,1268,31
S3,185,171.751,318.55,318.57,0.5000,1320,31
S3,186,172.139,388.03,388.02,0.5000,702,30
S3,187,172.588,448.92,448.69,0.5000,702,29
S3,188,173.165,577.10,577.29,0.5000,702,29
S3,189,173.786,620.40,620.40,0.5000,1320,28
S3,190,174.451,665.21,665.20,0.5000,1320,26
S3,191,175.076,625.00,624.79,0.5000,1320,25
S3,192,175.567,491.30,491.51,0.5000,1320,24
S3,193,175.985,418.15,418.16,0.5000,1320,22
S3,194,176.300,314.72,314.72,0.5000,1320,19
S3,195,176.504,203.50,203.49,0.5000,1320,16
S3,196,176.668,164.66,164.68,0.5000,1320,16
S3,197,176.794,125.96,125.93,0.5000,1268,16
S3,198,176.911,116.99,116.99,0.5000,1320,12
S3,199,177.046,135.00,134.99,0.5000,1268,12
S3,200,177.166,119.87,119.69,0.5000,702,9
S3,201,177.287,120.55,120.70,0.5000,1268,5
S3,202,177.395,108.26,108.27,0.5000,1320,3
S3,203,177.495,99.73,99.71,0.4986,650,2
S3,204,177.583,88.75,88.80,0.4438,702,1
S3,205,177.667,83.63,83.60,0.4181,1268,0
S3,206,177.710,42.59,42.59,0.2130,3108,1
S3,207,177.747,37.78,37.79,0.1889,186932,22
S3,208,177.790,42.60,42.61,0.2130,186880,41
S3,209,177.829,39.13,39.09,0.1956,186880,62
S3,210,177.867,37.67,37.69,0.1884,187684,82
S3,211,177.911,44.27,44.27,0.2214,186880,100
S3,212,177.957,46.38,46.40,0.2319,186932,123
S3,213,177.998,40.77,40.72,0.2038,1268,146
S3,214,178.045,46.88,46.89,0.2344,1268,166
S3,215,178.101,55.80,55.79,0.2790,464,190
S3,216,178.160,59.72,59.71,0.2986,1268,217
S3,217,178.230,69.60,69.60,0.3480,1320,247
S3,218,178.303,73.10,73.09,0.3655,1268,282
S3,219,178.384,81.39,81.40,0.4069,1268,319
S3,220,178.504,119.71,119.69,0.5000,1320,359
S3,221,178.647,142.46,142.47,0.5000,1268,409
S3,222,178.887,239.91,239.90,0.5000,1320,458
S3,223,179.182,295.27,295.03,0.5000,1320,507
S3,224,179.509,327.38,327.58,0.5000,1364,557
S3,225,179.831,321.93,321.90,0.5000,1320,607
S3,226,180.247,415.64,415.67,0.5000,1320,657
S3,227,180.718,470.96,470.91,0.5000,64724,698
S3,228,181.238,519.87,519.69,0.5000,702,697
S3,229,181.895,657.49,657.69,0.5000,1320,695
S3,230,182.582,686.81,686.81,0.5000,34152,692
S3,231,183.193,610.61,610.60,0.5000,1320,690
S3,232,183.860,667.60,667.39,0.5000,1320,689
S3,233,184.559,698.74,698.97,0.5000,1320,687
S3,234,185.168,608.67,608.62,0.5000,1320,686
S3,235,185.830,661.91,661.91,0.5000,1320,684
S3,236,186.499,669.52,669.36,0.5000,1320,683
S3,237,187.128,628.77,628.92,0.5000,1320,681
S3,238,187.733,604.64,604.67,0.5000,1320,678
S3,239,188.259,526.85,526.81,0.5000,1320,677
S3,240,188.706,446.26,446.09,0.5000,1320,676
S3,241,189.139,432.86,433.01,0.5000,1320,674
S3,242,189.528,389.13,389.18,0.5000,1320,674
S3,243,189.939,410.86,410.82,0.5000,27116,671
S3,244,190.348,409.15,409.17,0.5000,1320,671
S3,245,190.777,429.02,428.80,0.5000,702,671
S3,246,191.179,402.34,402.52,0.5000,1320,670
S3,247,191.594,414.51,414.51,0.5000,1320,668
S3,248,191.988,394.23,394.27,0.5000,702,663
S3,249,192.400,412.57,412.52,0.5000,1320,655
S3,250,192.856,455.50,455.29,0.5000,1320,652
S3,251,193.418,562.36,562.57,0.5000,1320,645
S3,252,194.097,679.19,679.22,0.5000,1320,641
S3,253,194.855,757.64,757.60,0.5000,1320,626
S3,254,195.669,813.40,813.19,0.5000,1320,619
S3,255,196.483,814.63,814.80,0.5000,1320,609
S3,256,197.383,899.77,899.79,0.5000,1320,595
S3,257,198.277,894.40,894.11,0.5000,9544,587
S3,258,199.239,962.00,962.28,0.5000,1320,578
S3,259,200.354,1114.49,1114.29,0.5000,1320,558
S3,260,201.609,1255.36,1255.59,0.5000,29426,552
S3,261,203.091,1481.54,1481.31,0.5000,91748,542
S3,262,204.860,1769.09,1769.28,0.5000,114966,521
S3,263,206.645,1785.52,1785.24,0.5000,86860,504
S3,264,208.488,1843.02,1843.27,0.5000,1320,487
S3,265,210.581,2092.28,2092.09,0.5000,1320,473
S3,266,212.987,2406.21,2406.19,0.5000,27418,449
S3,267,215.017,2030.19,2030.20,0.5000,1320,428
S3,268,217.068,2051.04,2051.00,0.5000,1320,413
S3,269,219.252,2184.01,2184.00,0.5000,34137,401
S3,270,223.176,3924.22,3924.19,0.5000,292086,369
S3,271,227.997,4820.85,4820.89,0.5000,340183,342
S3,272,230.166,2168.81,2168.79,0.5000,1320,309
S3,273,231.604,1438.28,1438.49,0.5000,3464,271
S3,274,232.939,1335.05,1334.80,0.5000,6734,217
S3,275,234.268,1328.80,1329.08,0.5000,5426,172
S3,276,235.186,918.36,918.12,0.5000,5862,132
S3,277,235.973,786.36,786.58,0.5000,5426,103
S3,278,236.711,737.97,737.92,0.5000,2374,86
S3,279,237.324,613.15,612.99,0.5000,4118,66
S3,280,237.863,539.10,539.28,0.5000,3900,53
S3,281,238.518,655.11,655.12,0.5000,3246,41
S3,282,238.985,466.62,466.60,0.5000,1756,37
S3,283,239.254,269.81,269.80,0.5000,2374,34
S3,284,239.451,196.50,196.29,0.5000,2810,30
S3,285,239.594,143.59,143.79,0.5000,1268,30
S3,286,239.723,128.97,128.99,0.5000,1320,30
S3,287,239.854,130.69,130.69,0.5000,1268,30
S3,288,239.993,138.38,138.38,0.5000,1320,30
S3,289,240.161,168.67,168.62,0.5000,1268,30
S3,290,240.366,205.08,205.09,0.5000,1320,30
S3,291,240.623,257.20,257.20,0.5000,1320,30
S3,292,240.937,313.48,313.49,0.5000,1320,30
S3,293,241.283,346.33,346.31,0.5000,1320,30
S3,294,241.686,402.72,402.48,0.5000,1320,30
S3,295,242.161,475.59,475.82,0.5000,1320,26
S3,296,242.663,501.66,501.67,0.5000,702,24
S3,297,243.104,441.22,441.22,0.5000,1320,24
S3,298,243.523,419.09,419.09,0.5000,1320,24
S3,299,243.912,388.44,388.27,0.5000,1320,24
S3,300,244.240,328.54,328.72,0.5000,702,23
S3,301,244.520,279.88,279.89,0.5000,1320,20
S3,302,244.761,240.65,240.62,0.5000,1320,17
S3,303,244.971,209.74,209.77,0.5000,1320,15
S3,304,245.119,148.23,148.22,0.5000,1320,15
S3,305,245.247,127.78,127.72,0.5000,1268,15
S3,306,245.372,125.45,125.50,0.5000,1320,13
S3,307,245.487,114.45,114.46,0.5000,1268,10
S3,308,245.606,118.72,118.72,0.5000,1320,4
S3,309,245.727,121.87,121.89,0.5000,1268,2
S3,310,245.834,106.61,106.60,0.5000,1320,0
